variant_id,session_family,direction_mode,horizon_hours,entry_ts,exit_ts,direction,net_x4
stage36b_london_open_continuation_h4_atr075,london_open,continuation,4,2022-05-02 08:00:00+00:00,2022-05-02 12:00:00+00:00,1,-6.044046285927477
stage36b_london_open_reversal_h4_atr075,london_open,reversal,4,2022-05-02 08:00:00+00:00,2022-05-02 12:00:00+00:00,-1,6.044046285927477
stage36b_ny_open_continuation_h4_atr075,ny_open,continuation,4,2022-05-02 13:00:00+00:00,2022-05-02 17:00:00+00:00,1,-22.00521072796937
stage36b_ny_open_reversal_h4_atr075,ny_open,reversal,4,2022-05-02 13:00:00+00:00,2022-05-02 17:00:00+00:00,-1,22.00521072796937
stage36b_ny_late_reversal_h8_atr075,ny_late,reversal,8,2022-05-02 18:00:00+00:00,2022-05-03 02:00:00+00:00,-1,5.518976724680237
stage36b_ny_late_continuation_h8_atr075,ny_late,continuation,8,2022-05-02 18:00:00+00:00,2022-05-03 02:00:00+00:00,1,-5.518976724680237
stage36b_london_open_continuation_h4_atr075,london_open,continuation,4,2022-05-03 08:00:00+00:00,2022-05-03 12:00:00+00:00,1,-2.439154358528949
stage36b_london_open_reversal_h4_atr075,london_open,reversal,4,2022-05-03 08:00:00+00:00,2022-05-03 12:00:00+00:00,-1,2.439154358528949
stage36b_ny_open_continuation_h4_atr075,ny_open,continuation,4,2022-05-03 13:00:00+00:00,2022-05-03 17:00:00+00:00,1,18.225721784777047
stage36b_ny_open_reversal_h4_atr075,ny_open,reversal,4,2022-05-03 13:00:00+00:00,2022-05-03 17:00:00+00:00,-1,-18.225721784777047
stage36b_ny_late_reversal_h8_atr075,ny_late,reversal,8,2022-05-03 18:00:00+00:00,2022-05-04 02:00:00+00:00,1,-2.5819921705089546
stage36b_ny_late_continuation_h8_atr075,ny_late,continuation,8,2022-05-03 18:00:00+00:00,2022-05-04 02:00:00+00:00,-1,2.5819921705089546
stage36b_london_open_continuation_h4_atr075,london_open,continuation,4,2022-05-04 08:00:00+00:00,2022-05-04 12:00:00+00:00,-1,-9.684392563769997
stage36b_london_open_reversal_h4_atr075,london_open,reversal,4,2022-05-04 08:00:00+00:00,2022-05-04 12:00:00+00:00,1,9.684392563769997
stage36b_ny_open_continuation_h4_atr075,ny_open,continuation,4,2022-05-04 13:00:00+00:00,2022-05-04 17:00:00+00:00,-1,0.6108952069272586
stage36b_ny_open_reversal_h4_atr075,ny_open,reversal,4,2022-05-04 13:00:00+00:00,2022-05-04 17:00:00+00:00,1,-0.6108952069272586
stage36b_ny_late_reversal_h8_atr075,ny_late,reversal,8,2022-05-04 18:00:00+00:00,2022-05-05 02:00:00+00:00,-1,-30.116458892220287
stage36b_ny_late_continuation_h8_atr075,ny_late,continuation,8,2022-05-04 18:00:00+00:00,2022-05-05 02:00:00+00:00,1,30.116458892220287
stage36b_london_open_continuation_h4_atr075,london_open,continuation,4,2022-05-05 08:00:00+00:00,2022-05-05 12:00:00+00:00,-1,0.7888628896925054
stage36b_london_open_reversal_h4_atr075,london_open,reversal,4,2022-05-05 08:00:00+00:00,2022-05-05 12:00:00+00:00,1,-0.7888628896925054
stage36b_ny_open_continuation_h4_atr075,ny_open,continuation,4,2022-05-05 13:00:00+00:00,2022-05-05 17:00:00+00:00,-1,9.178413920295073
stage36b_ny_open_reversal_h4_atr075,ny_open,reversal,4,2022-05-05 13:00:00+00:00,2022-05-05 17:00:00+00:00,1,-9.178413920295073
stage36b_ny_late_reversal_h8_atr075,ny_late,reversal,8,2022-05-05 18:00:00+00:00,2022-05-06 02:00:00+00:00,1,-0.6061500615007788
stage36b_ny_late_continuation_h8_atr075,ny_late,continuation,8,2022-05-05 18:00:00+00:00,2022-05-06 02:00:00+00:00,-1,0.6061500615007788
stage36b_london_open_continuation_h4_atr075,london_open,continuation,4,2022-05-06 08:00:00+00:00,2022-05-06 12:00:00+00:00,-1,-11.051348999129605
stage36b_london_open_reversal_h4_atr075,london_open,reversal,4,2022-05-06 08:00:00+00:00,2022-05-06 12:00:00+00:00,1,11.051348999129605
stage36b_ny_open_continuation_h4_atr075,ny_open,continuation,4,2022-05-06 13:00:00+00:00,2022-05-06 17:00:00+00:00,1,1.0563772775992766
stage36b_ny_open_reversal_h4_atr075,ny_open,reversal,4,2022-05-06 13:00:00+00:00,2022-05-06 17:00:00+00:00,-1,-1.0563772775992766
stage36b_ny_late_reversal_h8_atr075,ny_late,reversal,8,2022-05-06 18:00:00+00:00,2022-05-09 02:00:00+00:00,-1,4.5838656257393575
stage36b_ny_late_continuation_h8_atr075,ny_late,continuation,8,2022-05-06 18:00:00+00:00,2022-05-09 02:00:00+00:00,1,-4.5838656257393575
stage36b_london_open_continuation_h4_atr075,london_open,continuation,4,2022-05-09 08:00:00+00:00,2022-05-09 12:00:00+00:00,-1,10.6875816993463
stage36b_london_open_reversal_h4_atr075,london_open,reversal,4,2022-05-09 08:00:00+00:00,2022-05-09 12:00:00+00:00,1,-10.6875816993463
stage36b_ny_open_continuation_h4_atr075,ny_open,continuation,4,2022-05-09 13:00:00+00:00,2022-05-09 17:00:00+00:00,-1,-1.0236277717192366
stage36b_ny_open_reversal_h4_atr075,ny_open,reversal,4,2022-05-09 13:00:00+00:00,2022-05-09 17:00:00+00:00,1,1.0236277717192366
stage36b_ny_late_reversal_h8_atr075,ny_late,reversal,8,2022-05-09 18:00:00+00:00,2022-05-10 02:00:00+00:00,-1,5.931881630373985
stage36b_ny_late_continuation_h8_atr075,ny_late,continuation,8,2022-05-09 18:00:00+00:00,2022-05-10 02:00:00+00:00,1,-5.931881630373985
stage36b_london_open_continuation_h4_atr075,london_open,continuation,4,2022-05-10 08:00:00+00:00,2022-05-10 12:00:00+00:00,1,-7.625917577018464
stage36b_london_open_reversal_h4_atr075,london_open,reversal,4,2022-05-10 08:00:00+00:00,2022-05-10 12:00:00+00:00,-1,7.625917577018464
stage36b_ny_open_continuation_h4_atr075,ny_open,continuation,4,2022-05-10 13:00:00+00:00,2022-05-10 17:00:00+00:00,1,-11.059327429530441
stage36b_ny_open_reversal_h4_atr075,ny_open,reversal,4,2022-05-10 13:00:00+00:00,2022-05-10 17:00:00+00:00,-1,11.059327429530441
stage36b_ny_late_reversal_h8_atr075,ny_late,reversal,8,2022-05-10 18:00:00+00:00,2022-05-11 02:00:00+00:00,1,-8.847308031774048
stage36b_ny_late_continuation_h8_atr075,ny_late,continuation,8,2022-05-10 18:00:00+00:00,2022-05-11 02:00:00+00:00,-1,8.847308031774048
stage36b_london_open_continuation_h4_atr075,london_open,continuation,4,2022-05-11 08:00:00+00:00,2022-05-11 12:00:00+00:00,-1,-15.48720874940559
stage36b_london_open_reversal_h4_atr075,london_open,reversal,4,2022-05-11 08:00:00+00:00,2022-05-11 12:00:00+00:00,1,15.48720874940559
stage36b_ny_open_continuation_h4_atr075,ny_open,continuation,4,2022-05-11 13:00:00+00:00,2022-05-11 17:00:00+00:00,1,-1.5152941176471837
stage36b_ny_open_reversal_h4_atr075,ny_open,reversal,4,2022-05-11 13:00:00+00:00,2022-05-11 17:00:00+00:00,-1,1.5152941176471837
stage36b_ny_late_reversal_h8_atr075,ny_late,reversal,8,2022-05-11 18:00:00+00:00,2022-05-12 02:00:00+00:00,-1,-1.374138406396625
stage36b_ny_late_continuation_h8_atr075,ny_late,continuation,8,2022-05-11 18:00:00+00:00,2022-05-12 02:00:00+00:00,1,1.374138406396625
stage36b_london_open_continuation_h4_atr075,london_open,continuation,4,2022-05-12 08:00:00+00:00,2022-05-12 12:00:00+00:00,-1,2.3763260748183828
stage36b_london_open_reversal_h4_atr075,london_open,reversal,4,2022-05-12 08:00:00+00:00,2022-05-12 12:00:00+00:00,1,-2.3763260748183828
stage36b_ny_open_continuation_h4_atr075,ny_open,continuation,4,2022-05-12 13:00:00+00:00,2022-05-12 17:00:00+00:00,-1,5.181367870938362
stage36b_ny_open_reversal_h4_atr075,ny_open,reversal,4,2022-05-12 13:00:00+00:00,2022-05-12 17:00:00+00:00,1,-5.181367870938362
stage36b_ny_late_reversal_h8_atr075,ny_late,reversal,8,2022-05-12 18:00:00+00:00,2022-05-13 02:00:00+00:00,1,-11.264299383372364
stage36b_ny_late_continuation_h8_atr075,ny_late,continuation,8,2022-05-12 18:00:00+00:00,2022-05-13 02:00:00+00:00,-1,11.264299383372364
stage36b_london_open_continuation_h4_atr075,london_open,continuation,4,2022-05-13 08:00:00+00:00,2022-05-13 12:00:00+00:00,-1,3.082009403612962
stage36b_london_open_reversal_h4_atr075,london_open,reversal,4,2022-05-13 08:00:00+00:00,2022-05-13 12:00:00+00:00,1,-3.082009403612962
stage36b_ny_open_continuation_h4_atr075,ny_open,continuation,4,2022-05-13 13:00:00+00:00,2022-05-13 17:00:00+00:00,-1,5.6632956573470254
stage36b_ny_open_reversal_h4_atr075,ny_open,reversal,4,2022-05-13 13:00:00+00:00,2022-05-13 17:00:00+00:00,1,-5.6632956573470254
stage36b_ny_late_reversal_h8_atr075,ny_late,reversal,8,2022-05-13 18:00:00+00:00,2022-05-16 02:00:00+00:00,1,3.408786689100736
stage36b_ny_late_continuation_h8_atr075,ny_late,continuation,8,2022-05-13 18:00:00+00:00,2022-05-16 02:00:00+00:00,-1,-3.408786689100736
stage36b_london_open_continuation_h4_atr075,london_open,continuation,4,2022-05-16 08:00:00+00:00,2022-05-16 12:00:00+00:00,1,-11.592023615880285
stage36b_london_open_reversal_h4_atr075,london_open,reversal,4,2022-05-16 08:00:00+00:00,2022-05-16 12:00:00+00:00,-1,11.592023615880285
stage36b_ny_open_continuation_h4_atr075,ny_open,continuation,4,2022-05-16 13:00:00+00:00,2022-05-16 17:00:00+00:00,1,5.055332798716966
stage36b_ny_open_reversal_h4_atr075,ny_open,reversal,4,2022-05-16 13:00:00+00:00,2022-05-16 17:00:00+00:00,-1,-5.055332798716966
stage36b_ny_late_reversal_h8_atr075,ny_late,reversal,8,2022-05-16 18:00:00+00:00,2022-05-17 02:00:00+00:00,-1,-8.950354609929144
stage36b_ny_late_continuation_h8_atr075,ny_late,continuation,8,2022-05-16 18:00:00+00:00,2022-05-17 02:00:00+00:00,1,8.950354609929144
stage36b_london_open_continuation_h4_atr075,london_open,continuation,4,2022-05-17 08:00:00+00:00,2022-05-17 12:00:00+00:00,1,-0.11570845601518404
stage36b_london_open_reversal_h4_atr075,london_open,reversal,4,2022-05-17 08:00:00+00:00,2022-05-17 12:00:00+00:00,-1,0.11570845601518404
stage36b_ny_open_continuation_h4_atr075,ny_open,continuation,4,2022-05-17 13:00:00+00:00,2022-05-17 17:00:00+00:00,-1,6.777940458760254
stage36b_ny_open_reversal_h4_atr075,ny_open,reversal,4,2022-05-17 13:00:00+00:00,2022-05-17 17:00:00+00:00,1,-6.777940458760254
stage36b_ny_late_reversal_h8_atr075,ny_late,reversal,8,2022-05-17 18:00:00+00:00,2022-05-18 02:00:00+00:00,1,-3.964266056988066
stage36b_ny_late_continuation_h8_atr075,ny_late,continuation,8,2022-05-17 18:00:00+00:00,2022-05-18 02:00:00+00:00,-1,3.964266056988066
stage36b_london_open_continuation_h4_atr075,london_open,continuation,4,2022-05-18 08:00:00+00:00,2022-05-18 12:00:00+00:00,1,11.996222851746996
stage36b_london_open_reversal_h4_atr075,london_open,reversal,4,2022-05-18 08:00:00+00:00,2022-05-18 12:00:00+00:00,-1,-11.996222851746996
stage36b_ny_open_continuation_h4_atr075,ny_open,continuation,4,2022-05-18 13:00:00+00:00,2022-05-18 17:00:00+00:00,-1,4.452156790351345
stage36b_ny_open_reversal_h4_atr075,ny_open,reversal,4,2022-05-18 13:00:00+00:00,2022-05-18 17:00:00+00:00,1,-4.452156790351345
stage36b_ny_late_reversal_h8_atr075,ny_late,reversal,8,2022-05-18 18:00:00+00:00,2022-05-19 02:00:00+00:00,-1,6.893764531811419
stage36b_ny_late_continuation_h8_atr075,ny_late,continuation,8,2022-05-18 18:00:00+00:00,2022-05-19 02:00:00+00:00,1,-6.893764531811419
stage36b_london_open_continuation_h4_atr075,london_open,continuation,4,2022-05-19 08:00:00+00:00,2022-05-19 12:00:00+00:00,-1,-27.75392341494084
stage36b_london_open_reversal_h4_atr075,london_open,reversal,4,2022-05-19 08:00:00+00:00,2022-05-19 12:00:00+00:00,1,27.75392341494084
stage36b_ny_open_continuation_h4_atr075,ny_open,continuation,4,2022-05-19 13:00:00+00:00,2022-05-19 17:00:00+00:00,-1,-23.957143757483962
stage36b_ny_open_reversal_h4_atr075,ny_open,reversal,4,2022-05-19 13:00:00+00:00,2022-05-19 17:00:00+00:00,1,23.957143757483962
stage36b_ny_late_reversal_h8_atr075,ny_late,reversal,8,2022-05-19 18:00:00+00:00,2022-05-20 02:00:00+00:00,1,-0.21809401409822096
stage36b_ny_late_continuation_h8_atr075,ny_late,continuation,8,2022-05-19 18:00:00+00:00,2022-05-20 02:00:00+00:00,-1,0.21809401409822096
stage36b_london_open_continuation_h4_atr075,london_open,continuation,4,2022-05-20 08:00:00+00:00,2022-05-20 12:00:00+00:00,1,2.3543543543541965
stage36b_london_open_reversal_h4_atr075,london_open,reversal,4,2022-05-20 08:00:00+00:00,2022-05-20 12:00:00+00:00,-1,-2.3543543543541965
stage36b_ny_open_continuation_h4_atr075,ny_open,continuation,4,2022-05-20 13:00:00+00:00,2022-05-20 17:00:00+00:00,-1,7.118056912157078
stage36b_ny_open_reversal_h4_atr075,ny_open,reversal,4,2022-05-20 13:00:00+00:00,2022-05-20 17:00:00+00:00,1,-7.118056912157078
stage36b_ny_late_reversal_h8_atr075,ny_late,reversal,8,2022-05-20 18:00:00+00:00,2022-05-23 02:00:00+00:00,-1,-4.104545454545561
stage36b_ny_late_continuation_h8_atr075,ny_late,continuation,8,2022-05-20 18:00:00+00:00,2022-05-23 02:00:00+00:00,1,4.104545454545561
stage36b_london_open_continuation_h4_atr075,london_open,continuation,4,2022-05-23 08:00:00+00:00,2022-05-23 12:00:00+00:00,1,10.527615780445847
stage36b_london_open_reversal_h4_atr075,london_open,reversal,4,2022-05-23 08:00:00+00:00,2022-05-23 12:00:00+00:00,-1,-10.527615780445847
stage36b_ny_open_continuation_h4_atr075,ny_open,continuation,4,2022-05-23 13:00:00+00:00,2022-05-23 17:00:00+00:00,-1,7.423135931267221
stage36b_ny_open_reversal_h4_atr075,ny_open,reversal,4,2022-05-23 13:00:00+00:00,2022-05-23 17:00:00+00:00,1,-7.423135931267221
stage36b_ny_late_reversal_h8_atr075,ny_late,reversal,8,2022-05-23 18:00:00+00:00,2022-05-24 02:00:00+00:00,1,2.1622926093515087
stage36b_ny_late_continuation_h8_atr075,ny_late,continuation,8,2022-05-23 18:00:00+00:00,2022-05-24 02:00:00+00:00,-1,-2.1622926093515087
stage36b_london_open_continuation_h4_atr075,london_open,continuation,4,2022-05-24 08:00:00+00:00,2022-05-24 12:00:00+00:00,-1,-2.9161041465768753
stage36b_london_open_reversal_h4_atr075,london_open,reversal,4,2022-05-24 08:00:00+00:00,2022-05-24 12:00:00+00:00,1,2.9161041465768753
stage36b_ny_open_continuation_h4_atr075,ny_open,continuation,4,2022-05-24 13:00:00+00:00,2022-05-24 17:00:00+00:00,1,12.515524311658126
stage36b_ny_open_reversal_h4_atr075,ny_open,reversal,4,2022-05-24 13:00:00+00:00,2022-05-24 17:00:00+00:00,-1,-12.515524311658126
stage36b_ny_late_reversal_h8_atr075,ny_late,reversal,8,2022-05-24 18:00:00+00:00,2022-05-25 02:00:00+00:00,-1,2.054741825713748
stage36b_ny_late_continuation_h8_atr075,ny_late,continuation,8,2022-05-24 18:00:00+00:00,2022-05-25 02:00:00+00:00,1,-2.054741825713748
stage36b_london_open_continuation_h4_atr075,london_open,continuation,4,2022-05-25 08:00:00+00:00,2022-05-25 12:00:00+00:00,-1,5.284470911589461
stage36b_london_open_reversal_h4_atr075,london_open,reversal,4,2022-05-25 08:00:00+00:00,2022-05-25 12:00:00+00:00,1,-5.284470911589461
stage36b_ny_open_continuation_h4_atr075,ny_open,continuation,4,2022-05-25 13:00:00+00:00,2022-05-25 17:00:00+00:00,-1,2.427081230231052
stage36b_ny_open_reversal_h4_atr075,ny_open,reversal,4,2022-05-25 13:00:00+00:00,2022-05-25 17:00:00+00:00,1,-2.427081230231052
stage36b_ny_late_reversal_h8_atr075,ny_late,reversal,8,2022-05-25 18:00:00+00:00,2022-05-26 02:00:00+00:00,1,9.44696152463126
stage36b_ny_late_continuation_h8_atr075,ny_late,continuation,8,2022-05-25 18:00:00+00:00,2022-05-26 02:00:00+00:00,-1,-9.44696152463126
stage36b_london_open_continuation_h4_atr075,london_open,continuation,4,2022-05-26 08:00:00+00:00,2022-05-26 12:00:00+00:00,-1,-3.3043713628364015
stage36b_london_open_reversal_h4_atr075,london_open,reversal,4,2022-05-26 08:00:00+00:00,2022-05-26 12:00:00+00:00,1,3.3043713628364015
stage36b_ny_open_continuation_h4_atr075,ny_open,continuation,4,2022-05-26 13:00:00+00:00,2022-05-26 17:00:00+00:00,-1,-3.3243058405140715
stage36b_ny_open_reversal_h4_atr075,ny_open,reversal,4,2022-05-26 13:00:00+00:00,2022-05-26 17:00:00+00:00,1,3.3243058405140715
stage36b_ny_late_reversal_h8_atr075,ny_late,reversal,8,2022-05-26 18:00:00+00:00,2022-05-27 02:00:00+00:00,1,6.8896072093250815
stage36b_ny_late_continuation_h8_atr075,ny_late,continuation,8,2022-05-26 18:00:00+00:00,2022-05-27 02:00:00+00:00,-1,-6.8896072093250815
stage36b_london_open_continuation_h4_atr075,london_open,continuation,4,2022-05-27 08:00:00+00:00,2022-05-27 12:00:00+00:00,1,8.54294294294323
stage36b_london_open_reversal_h4_atr075,london_open,reversal,4,2022-05-27 08:00:00+00:00,2022-05-27 12:00:00+00:00,-1,-8.54294294294323
stage36b_ny_open_continuation_h4_atr075,ny_open,continuation,4,2022-05-27 13:00:00+00:00,2022-05-27 17:00:00+00:00,-1,4.315569487982999
stage36b_ny_open_reversal_h4_atr075,ny_open,reversal,4,2022-05-27 13:00:00+00:00,2022-05-27 17:00:00+00:00,1,-4.315569487982999
stage36b_ny_late_reversal_h8_atr075,ny_late,reversal,8,2022-05-27 18:00:00+00:00,2022-05-30 02:00:00+00:00,1,-5.918394648829424
stage36b_ny_late_continuation_h8_atr075,ny_late,continuation,8,2022-05-27 18:00:00+00:00,2022-05-30 02:00:00+00:00,-1,5.918394648829424
stage36b_london_open_continuation_h4_atr075,london_open,continuation,4,2022-05-30 08:00:00+00:00,2022-05-30 12:00:00+00:00,1,-6.618559762435025
stage36b_london_open_reversal_h4_atr075,london_open,reversal,4,2022-05-30 08:00:00+00:00,2022-05-30 12:00:00+00:00,-1,6.618559762435025
stage36b_ny_open_continuation_h4_atr075,ny_open,continuation,4,2022-05-30 13:00:00+00:00,2022-05-30 17:00:00+00:00,-1,-4.926372155287887
stage36b_ny_open_reversal_h4_atr075,ny_open,reversal,4,2022-05-30 13:00:00+00:00,2022-05-30 17:00:00+00:00,1,4.926372155287887
stage36b_ny_late_reversal_h8_atr075,ny_late,reversal,8,2022-05-30 18:00:00+00:00,2022-05-31 03:00:00+00:00,1,-13.734024179620045
stage36b_ny_late_continuation_h8_atr075,ny_late,continuation,8,2022-05-30 18:00:00+00:00,2022-05-31 03:00:00+00:00,-1,13.734024179620045
stage36b_london_open_continuation_h4_atr075,london_open,continuation,4,2022-05-31 08:00:00+00:00,2022-05-31 12:00:00+00:00,1,-4.844070111540926
stage36b_london_open_reversal_h4_atr075,london_open,reversal,4,2022-05-31 08:00:00+00:00,2022-05-31 12:00:00+00:00,-1,4.844070111540926
stage36b_ny_open_continuation_h4_atr075,ny_open,continuation,4,2022-05-31 13:00:00+00:00,2022-05-31 17:00:00+00:00,-1,5.677013752455984
stage36b_ny_open_reversal_h4_atr075,ny_open,reversal,4,2022-05-31 13:00:00+00:00,2022-05-31 17:00:00+00:00,1,-5.677013752455984
stage36b_ny_late_reversal_h8_atr075,ny_late,reversal,8,2022-05-31 18:00:00+00:00,2022-06-01 02:00:00+00:00,1,-7.961029923451717
stage36b_ny_late_continuation_h8_atr075,ny_late,continuation,8,2022-05-31 18:00:00+00:00,2022-06-01 02:00:00+00:00,-1,7.961029923451717
stage36b_london_open_continuation_h4_atr075,london_open,continuation,4,2022-06-01 08:00:00+00:00,2022-06-01 12:00:00+00:00,-1,1.4314676068754664
stage36b_london_open_reversal_h4_atr075,london_open,reversal,4,2022-06-01 08:00:00+00:00,2022-06-01 12:00:00+00:00,1,-1.4314676068754664
stage36b_ny_open_continuation_h4_atr075,ny_open,continuation,4,2022-06-01 13:00:00+00:00,2022-06-01 17:00:00+00:00,1,17.400871459694937
stage36b_ny_open_reversal_h4_atr075,ny_open,reversal,4,2022-06-01 13:00:00+00:00,2022-06-01 17:00:00+00:00,-1,-17.400871459694937
stage36b_ny_late_reversal_h8_atr075,ny_late,reversal,8,2022-06-01 18:00:00+00:00,2022-06-02 02:00:00+00:00,-1,-0.38857752868949
stage36b_ny_late_continuation_h8_atr075,ny_late,continuation,8,2022-06-01 18:00:00+00:00,2022-06-02 02:00:00+00:00,1,0.38857752868949
stage36b_london_open_continuation_h4_atr075,london_open,continuation,4,2022-06-02 08:00:00+00:00,2022-06-02 12:00:00+00:00,1,11.157966564312886
stage36b_london_open_reversal_h4_atr075,london_open,reversal,4,2022-06-02 08:00:00+00:00,2022-06-02 12:00:00+00:00,-1,-11.157966564312886
stage36b_ny_open_continuation_h4_atr075,ny_open,continuation,4,2022-06-02 13:00:00+00:00,2022-06-02 17:00:00+00:00,1,20.04956242959914
stage36b_ny_open_reversal_h4_atr075,ny_open,reversal,4,2022-06-02 13:00:00+00:00,2022-06-02 17:00:00+00:00,-1,-20.04956242959914
stage36b_ny_late_reversal_h8_atr075,ny_late,reversal,8,2022-06-02 18:00:00+00:00,2022-06-03 02:00:00+00:00,-1,-2.493577667408905
stage36b_ny_late_continuation_h8_atr075,ny_late,continuation,8,2022-06-02 18:00:00+00:00,2022-06-03 02:00:00+00:00,1,2.493577667408905
stage36b_london_open_continuation_h4_atr075,london_open,continuation,4,2022-06-03 08:00:00+00:00,2022-06-03 12:00:00+00:00,1,-7.839999999999754
stage36b_london_open_reversal_h4_atr075,london_open,reversal,4,2022-06-03 08:00:00+00:00,2022-06-03 12:00:00+00:00,-1,7.839999999999754
stage36b_ny_open_continuation_h4_atr075,ny_open,continuation,4,2022-06-03 13:00:00+00:00,2022-06-03 17:00:00+00:00,1,-18.06659012629168
stage36b_ny_open_reversal_h4_atr075,ny_open,reversal,4,2022-06-03 13:00:00+00:00,2022-06-03 17:00:00+00:00,-1,18.06659012629168
stage36b_ny_late_reversal_h8_atr075,ny_late,reversal,8,2022-06-03 18:00:00+00:00,2022-06-06 02:00:00+00:00,1,-0.47846668975883927
stage36b_ny_late_continuation_h8_atr075,ny_late,continuation,8,2022-06-03 18:00:00+00:00,2022-06-06 02:00:00+00:00,-1,0.47846668975883927
stage36b_london_open_continuation_h4_atr075,london_open,continuation,4,2022-06-06 08:00:00+00:00,2022-06-06 12:00:00+00:00,-1,2.5209003215433947
stage36b_london_open_reversal_h4_atr075,london_open,reversal,4,2022-06-06 08:00:00+00:00,2022-06-06 12:00:00+00:00,1,-2.5209003215433947
stage36b_ny_open_continuation_h4_atr075,ny_open,continuation,4,2022-06-06 13:00:00+00:00,2022-06-06 17:00:00+00:00,-1,9.70046168051722
stage36b_ny_open_reversal_h4_atr075,ny_open,reversal,4,2022-06-06 13:00:00+00:00,2022-06-06 17:00:00+00:00,1,-9.70046168051722
stage36b_ny_late_reversal_h8_atr075,ny_late,reversal,8,2022-06-06 18:00:00+00:00,2022-06-07 02:00:00+00:00,1,-6.155908572960543
stage36b_ny_late_continuation_h8_atr075,ny_late,continuation,8,2022-06-06 18:00:00+00:00,2022-06-07 02:00:00+00:00,-1,6.155908572960543
stage36b_london_open_continuation_h4_atr075,london_open,continuation,4,2022-06-07 08:00:00+00:00,2022-06-07 12:00:00+00:00,-1,-15.876216620913818
stage36b_london_open_reversal_h4_atr075,london_open,reversal,4,2022-06-07 08:00:00+00:00,2022-06-07 12:00:00+00:00,1,15.876216620913818
stage36b_ny_open_continuation_h4_atr075,ny_open,continuation,4,2022-06-07 13:00:00+00:00,2022-06-07 17:00:00+00:00,1,0.7803447011370017
stage36b_ny_open_reversal_h4_atr075,ny_open,reversal,4,2022-06-07 13:00:00+00:00,2022-06-07 17:00:00+00:00,-1,-0.7803447011370017
stage36b_ny_late_reversal_h8_atr075,ny_late,reversal,8,2022-06-07 18:00:00+00:00,2022-06-08 02:00:00+00:00,-1,-2.3897738446411827
stage36b_ny_late_continuation_h8_atr075,ny_late,continuation,8,2022-06-07 18:00:00+00:00,2022-06-08 02:00:00+00:00,1,2.3897738446411827
stage36b_london_open_continuation_h4_atr075,london_open,continuation,4,2022-06-08 08:00:00+00:00,2022-06-08 12:00:00+00:00,1,-0.03816338700056083
stage36b_london_open_reversal_h4_atr075,london_open,reversal,4,2022-06-08 08:00:00+00:00,2022-06-08 12:00:00+00:00,-1,0.03816338700056083
stage36b_ny_open_continuation_h4_atr075,ny_open,continuation,4,2022-06-08 13:00:00+00:00,2022-06-08 17:00:00+00:00,-1,-15.895116355293204
stage36b_ny_open_reversal_h4_atr075,ny_open,reversal,4,2022-06-08 13:00:00+00:00,2022-06-08 17:00:00+00:00,1,15.895116355293204
stage36b_ny_late_reversal_h8_atr075,ny_late,reversal,8,2022-06-08 18:00:00+00:00,2022-06-09 02:00:00+00:00,-1,7.788171244741482
stage36b_ny_late_continuation_h8_atr075,ny_late,continuation,8,2022-06-08 18:00:00+00:00,2022-06-09 02:00:00+00:00,1,-7.788171244741482
stage36b_london_open_continuation_h4_atr075,london_open,continuation,4,2022-06-09 08:00:00+00:00,2022-06-09 12:00:00+00:00,-1,4.173421633553911
stage36b_london_open_reversal_h4_atr075,london_open,reversal,4,2022-06-09 08:00:00+00:00,2022-06-09 12:00:00+00:00,1,-4.173421633553911
stage36b_ny_open_continuation_h4_atr075,ny_open,continuation,4,2022-06-09 13:00:00+00:00,2022-06-09 17:00:00+00:00,1,-13.964616680707401
stage36b_ny_open_reversal_h4_atr075,ny_open,reversal,4,2022-06-09 13:00:00+00:00,2022-06-09 17:00:00+00:00,-1,13.964616680707401
stage36b_ny_late_reversal_h8_atr075,ny_late,reversal,8,2022-06-09 18:00:00+00:00,2022-06-10 02:00:00+00:00,-1,-1.6824762250893583
stage36b_ny_late_continuation_h8_atr075,ny_late,continuation,8,2022-06-09 18:00:00+00:00,2022-06-10 02:00:00+00:00,1,1.6824762250893583
stage36b_london_open_continuation_h4_atr075,london_open,continuation,4,2022-06-10 08:00:00+00:00,2022-06-10 12:00:00+00:00,1,-4.361423790690263
stage36b_london_open_reversal_h4_atr075,london_open,reversal,4,2022-06-10 08:00:00+00:00,2022-06-10 12:00:00+00:00,-1,4.361423790690263
stage36b_ny_open_continuation_h4_atr075,ny_open,continuation,4,2022-06-10 13:00:00+00:00,2022-06-10 17:00:00+00:00,-1,-30.811457349701737
stage36b_ny_open_reversal_h4_atr075,ny_open,reversal,4,2022-06-10 13:00:00+00:00,2022-06-10 17:00:00+00:00,1,30.811457349701737
stage36b_ny_late_reversal_h8_atr075,ny_late,reversal,8,2022-06-10 18:00:00+00:00,2022-06-13 02:00:00+00:00,-1,-6.5374486337323106
stage36b_ny_late_continuation_h8_atr075,ny_late,continuation,8,2022-06-10 18:00:00+00:00,2022-06-13 02:00:00+00:00,1,6.5374486337323106
stage36b_london_open_continuation_h4_atr075,london_open,continuation,4,2022-06-13 08:00:00+00:00,2022-06-13 12:00:00+00:00,1,-12.010422930446955
stage36b_london_open_reversal_h4_atr075,london_open,reversal,4,2022-06-13 08:00:00+00:00,2022-06-13 12:00:00+00:00,-1,12.010422930446955
stage36b_ny_open_continuation_h4_atr075,ny_open,continuation,4,2022-06-13 13:00:00+00:00,2022-06-13 17:00:00+00:00,1,-34.8012976480126
stage36b_ny_open_reversal_h4_atr075,ny_open,reversal,4,2022-06-13 13:00:00+00:00,2022-06-13 17:00:00+00:00,-1,34.8012976480126
stage36b_ny_late_reversal_h8_atr075,ny_late,reversal,8,2022-06-13 18:00:00+00:00,2022-06-14 02:00:00+00:00,-1,6.443069575599678
stage36b_ny_late_continuation_h8_atr075,ny_late,continuation,8,2022-06-13 18:00:00+00:00,2022-06-14 02:00:00+00:00,1,-6.443069575599678
stage36b_london_open_continuation_h4_atr075,london_open,continuation,4,2022-06-14 08:00:00+00:00,2022-06-14 12:00:00+00:00,1,-4.207782250335524
stage36b_london_open_reversal_h4_atr075,london_open,reversal,4,2022-06-14 08:00:00+00:00,2022-06-14 12:00:00+00:00,-1,4.207782250335524
stage36b_ny_open_continuation_h4_atr075,ny_open,continuation,4,2022-06-14 13:00:00+00:00,2022-06-14 17:00:00+00:00,1,-11.857651245551553
stage36b_ny_open_reversal_h4_atr075,ny_open,reversal,4,2022-06-14 13:00:00+00:00,2022-06-14 17:00:00+00:00,-1,11.857651245551553
stage36b_ny_late_reversal_h8_atr075,ny_late,reversal,8,2022-06-14 18:00:00+00:00,2022-06-15 02:00:00+00:00,1,0.5709254367671815
stage36b_ny_late_continuation_h8_atr075,ny_late,continuation,8,2022-06-14 18:00:00+00:00,2022-06-15 02:00:00+00:00,-1,-0.5709254367671815
stage36b_london_open_continuation_h4_atr075,london_open,continuation,4,2022-06-15 08:00:00+00:00,2022-06-15 12:00:00+00:00,1,9.805234397469022
stage36b_london_open_reversal_h4_atr075,london_open,reversal,4,2022-06-15 08:00:00+00:00,2022-06-15 12:00:00+00:00,-1,-9.805234397469022
stage36b_ny_open_continuation_h4_atr075,ny_open,continuation,4,2022-06-15 13:00:00+00:00,2022-06-15 17:00:00+00:00,-1,6.484461472967321
stage36b_ny_open_reversal_h4_atr075,ny_open,reversal,4,2022-06-15 13:00:00+00:00,2022-06-15 17:00:00+00:00,1,-6.484461472967321
stage36b_ny_late_reversal_h8_atr075,ny_late,reversal,8,2022-06-15 18:00:00+00:00,2022-06-16 02:00:00+00:00,-1,-11.434043416514665
stage36b_ny_late_continuation_h8_atr075,ny_late,continuation,8,2022-06-15 18:00:00+00:00,2022-06-16 02:00:00+00:00,1,11.434043416514665
stage36b_london_open_continuation_h4_atr075,london_open,continuation,4,2022-06-16 08:00:00+00:00,2022-06-16 12:00:00+00:00,1,-1.2065124250213637
stage36b_london_open_reversal_h4_atr075,london_open,reversal,4,2022-06-16 08:00:00+00:00,2022-06-16 12:00:00+00:00,-1,1.2065124250213637
stage36b_ny_open_continuation_h4_atr075,ny_open,continuation,4,2022-06-16 13:00:00+00:00,2022-06-16 17:00:00+00:00,-1,-14.992592592592647
stage36b_ny_open_reversal_h4_atr075,ny_open,reversal,4,2022-06-16 13:00:00+00:00,2022-06-16 17:00:00+00:00,1,14.992592592592647
stage36b_ny_late_reversal_h8_atr075,ny_late,reversal,8,2022-06-16 18:00:00+00:00,2022-06-17 02:00:00+00:00,-1,-4.312932262885478
stage36b_ny_late_continuation_h8_atr075,ny_late,continuation,8,2022-06-16 18:00:00+00:00,2022-06-17 02:00:00+00:00,1,4.312932262885478
stage36b_london_open_continuation_h4_atr075,london_open,continuation,4,2022-06-17 08:00:00+00:00,2022-06-17 12:00:00+00:00,-1,-3.3089029032440136
stage36b_london_open_reversal_h4_atr075,london_open,reversal,4,2022-06-17 08:00:00+00:00,2022-06-17 12:00:00+00:00,1,3.3089029032440136
stage36b_ny_open_continuation_h4_atr075,ny_open,continuation,4,2022-06-17 13:00:00+00:00,2022-06-17 17:00:00+00:00,-1,6.689265536723081
stage36b_ny_open_reversal_h4_atr075,ny_open,reversal,4,2022-06-17 13:00:00+00:00,2022-06-17 17:00:00+00:00,1,-6.689265536723081
stage36b_ny_late_reversal_h8_atr075,ny_late,reversal,8,2022-06-17 18:00:00+00:00,2022-06-20 02:00:00+00:00,-1,2.814463213737313
stage36b_ny_late_continuation_h8_atr075,ny_late,continuation,8,2022-06-17 18:00:00+00:00,2022-06-20 02:00:00+00:00,1,-2.814463213737313
stage36b_london_open_continuation_h4_atr075,london_open,continuation,4,2022-06-20 08:00:00+00:00,2022-06-20 12:00:00+00:00,-1,2.04894274174414
stage36b_london_open_reversal_h4_atr075,london_open,reversal,4,2022-06-20 08:00:00+00:00,2022-06-20 12:00:00+00:00,1,-2.04894274174414
stage36b_ny_open_continuation_h4_atr075,ny_open,continuation,4,2022-06-20 13:00:00+00:00,2022-06-20 17:00:00+00:00,-1,0.9479300827964524
stage36b_ny_open_reversal_h4_atr075,ny_open,reversal,4,2022-06-20 13:00:00+00:00,2022-06-20 17:00:00+00:00,1,-0.9479300827964524
stage36b_ny_late_reversal_h8_atr075,ny_late,reversal,8,2022-06-20 18:00:00+00:00,2022-06-21 03:00:00+00:00,1,4.0473251028808965
stage36b_ny_late_continuation_h8_atr075,ny_late,continuation,8,2022-06-20 18:00:00+00:00,2022-06-21 03:00:00+00:00,-1,-4.0473251028808965
stage36b_london_open_continuation_h4_atr075,london_open,continuation,4,2022-06-21 08:00:00+00:00,2022-06-21 12:00:00+00:00,-1,-4.32973280272871
stage36b_london_open_reversal_h4_atr075,london_open,reversal,4,2022-06-21 08:00:00+00:00,2022-06-21 12:00:00+00:00,1,4.32973280272871
stage36b_ny_open_continuation_h4_atr075,ny_open,continuation,4,2022-06-21 13:00:00+00:00,2022-06-21 17:00:00+00:00,-1,-9.897897897897927
stage36b_ny_open_reversal_h4_atr075,ny_open,reversal,4,2022-06-21 13:00:00+00:00,2022-06-21 17:00:00+00:00,1,9.897897897897927
stage36b_ny_late_reversal_h8_atr075,ny_late,reversal,8,2022-06-21 18:00:00+00:00,2022-06-22 02:00:00+00:00,1,-4.451456310679694
stage36b_ny_late_continuation_h8_atr075,ny_late,continuation,8,2022-06-21 18:00:00+00:00,2022-06-22 02:00:00+00:00,-1,4.451456310679694
stage36b_london_open_continuation_h4_atr075,london_open,continuation,4,2022-06-22 08:00:00+00:00,2022-06-22 12:00:00+00:00,-1,-6.0238559965301235
stage36b_london_open_reversal_h4_atr075,london_open,reversal,4,2022-06-22 08:00:00+00:00,2022-06-22 12:00:00+00:00,1,6.0238559965301235
stage36b_ny_open_continuation_h4_atr075,ny_open,continuation,4,2022-06-22 13:00:00+00:00,2022-06-22 17:00:00+00:00,1,11.981191222570622
stage36b_ny_open_reversal_h4_atr075,ny_open,reversal,4,2022-06-22 13:00:00+00:00,2022-06-22 17:00:00+00:00,-1,-11.981191222570622
stage36b_ny_late_reversal_h8_atr075,ny_late,reversal,8,2022-06-22 18:00:00+00:00,2022-06-23 02:00:00+00:00,1,-1.3607519599392683
stage36b_ny_late_continuation_h8_atr075,ny_late,continuation,8,2022-06-22 18:00:00+00:00,2022-06-23 02:00:00+00:00,-1,1.3607519599392683
stage36b_london_open_continuation_h4_atr075,london_open,continuation,4,2022-06-23 08:00:00+00:00,2022-06-23 12:00:00+00:00,1,-5.233113255459623
stage36b_london_open_reversal_h4_atr075,london_open,reversal,4,2022-06-23 08:00:00+00:00,2022-06-23 12:00:00+00:00,-1,5.233113255459623
stage36b_ny_open_continuation_h4_atr075,ny_open,continuation,4,2022-06-23 13:00:00+00:00,2022-06-23 17:00:00+00:00,-1,-18.573313039066548
stage36b_ny_open_reversal_h4_atr075,ny_open,reversal,4,2022-06-23 13:00:00+00:00,2022-06-23 17:00:00+00:00,1,18.573313039066548
stage36b_ny_late_reversal_h8_atr075,ny_late,reversal,8,2022-06-23 18:00:00+00:00,2022-06-24 02:00:00+00:00,1,-9.112944523470855
stage36b_ny_late_continuation_h8_atr075,ny_late,continuation,8,2022-06-23 18:00:00+00:00,2022-06-24 02:00:00+00:00,-1,9.112944523470855
stage36b_london_open_continuation_h4_atr075,london_open,continuation,4,2022-06-24 08:00:00+00:00,2022-06-24 12:00:00+00:00,-1,-6.752493200362574
stage36b_london_open_reversal_h4_atr075,london_open,reversal,4,2022-06-24 08:00:00+00:00,2022-06-24 12:00:00+00:00,1,6.752493200362574
stage36b_ny_open_continuation_h4_atr075,ny_open,continuation,4,2022-06-24 13:00:00+00:00,2022-06-24 17:00:00+00:00,-1,-2.0006665333598637
stage36b_ny_open_reversal_h4_atr075,ny_open,reversal,4,2022-06-24 13:00:00+00:00,2022-06-24 17:00:00+00:00,1,2.0006665333598637
stage36b_ny_late_reversal_h8_atr075,ny_late,reversal,8,2022-06-24 18:00:00+00:00,2022-06-27 02:00:00+00:00,-1,-4.219414075441152
stage36b_ny_late_continuation_h8_atr075,ny_late,continuation,8,2022-06-24 18:00:00+00:00,2022-06-27 02:00:00+00:00,1,4.219414075441152
stage36b_london_open_continuation_h4_atr075,london_open,continuation,4,2022-06-27 08:00:00+00:00,2022-06-27 12:00:00+00:00,-1,-2.4948289578361793
stage36b_london_open_reversal_h4_atr075,london_open,reversal,4,2022-06-27 08:00:00+00:00,2022-06-27 12:00:00+00:00,1,2.4948289578361793
stage36b_ny_open_continuation_h4_atr075,ny_open,continuation,4,2022-06-27 13:00:00+00:00,2022-06-27 17:00:00+00:00,1,-16.082658212985827
stage36b_ny_open_reversal_h4_atr075,ny_open,reversal,4,2022-06-27 13:00:00+00:00,2022-06-27 17:00:00+00:00,-1,16.082658212985827
stage36b_london_open_continuation_h4_atr075,london_open,continuation,4,2022-06-28 08:00:00+00:00,2022-06-28 12:00:00+00:00,-1,1.187824795842602
stage36b_london_open_reversal_h4_atr075,london_open,reversal,4,2022-06-28 08:00:00+00:00,2022-06-28 12:00:00+00:00,1,-1.187824795842602
stage36b_ny_open_continuation_h4_atr075,ny_open,continuation,4,2022-06-28 13:00:00+00:00,2022-06-28 17:00:00+00:00,-1,4.374497415278506
stage36b_ny_open_reversal_h4_atr075,ny_open,reversal,4,2022-06-28 13:00:00+00:00,2022-06-28 17:00:00+00:00,1,-4.374497415278506
stage36b_ny_late_reversal_h8_atr075,ny_late,reversal,8,2022-06-28 18:00:00+00:00,2022-06-29 02:00:00+00:00,1,-3.199398609283956
stage36b_ny_late_continuation_h8_atr075,ny_late,continuation,8,2022-06-28 18:00:00+00:00,2022-06-29 02:00:00+00:00,-1,3.199398609283956
stage36b_london_open_continuation_h4_atr075,london_open,continuation,4,2022-06-29 08:00:00+00:00,2022-06-29 12:00:00+00:00,1,-14.078337330135756
stage36b_london_open_reversal_h4_atr075,london_open,reversal,4,2022-06-29 08:00:00+00:00,2022-06-29 12:00:00+00:00,-1,14.078337330135756
stage36b_ny_open_continuation_h4_atr075,ny_open,continuation,4,2022-06-29 13:00:00+00:00,2022-06-29 17:00:00+00:00,1,-13.90805970149239
stage36b_ny_open_reversal_h4_atr075,ny_open,reversal,4,2022-06-29 13:00:00+00:00,2022-06-29 17:00:00+00:00,-1,13.90805970149239
stage36b_ny_late_reversal_h8_atr075,ny_late,reversal,8,2022-06-29 18:00:00+00:00,2022-06-30 02:00:00+00:00,-1,-0.40084105041838075
stage36b_ny_late_continuation_h8_atr075,ny_late,continuation,8,2022-06-29 18:00:00+00:00,2022-06-30 02:00:00+00:00,1,0.40084105041838075
stage36b_london_open_continuation_h4_atr075,london_open,continuation,4,2022-06-30 08:00:00+00:00,2022-06-30 12:00:00+00:00,-1,5.9362629989938425
stage36b_london_open_reversal_h4_atr075,london_open,reversal,4,2022-06-30 08:00:00+00:00,2022-06-30 12:00:00+00:00,1,-5.9362629989938425
stage36b_ny_open_continuation_h4_atr075,ny_open,continuation,4,2022-06-30 13:00:00+00:00,2022-06-30 17:00:00+00:00,-1,2.3044101526267236
stage36b_ny_open_reversal_h4_atr075,ny_open,reversal,4,2022-06-30 13:00:00+00:00,2022-06-30 17:00:00+00:00,1,-2.3044101526267236
stage36b_ny_late_reversal_h8_atr075,ny_late,reversal,8,2022-06-30 18:00:00+00:00,2022-07-01 02:00:00+00:00,-1,6.063418406805725
stage36b_ny_late_continuation_h8_atr075,ny_late,continuation,8,2022-06-30 18:00:00+00:00,2022-07-01 02:00:00+00:00,1,-6.063418406805725
stage36b_london_open_continuation_h4_atr075,london_open,continuation,4,2022-07-01 08:00:00+00:00,2022-07-01 12:00:00+00:00,-1,2.9030100334446374
stage36b_london_open_reversal_h4_atr075,london_open,reversal,4,2022-07-01 08:00:00+00:00,2022-07-01 12:00:00+00:00,1,-2.9030100334446374
stage36b_ny_open_continuation_h4_atr075,ny_open,continuation,4,2022-07-01 13:00:00+00:00,2022-07-01 17:00:00+00:00,-1,-15.71854134565999
stage36b_ny_open_reversal_h4_atr075,ny_open,reversal,4,2022-07-01 13:00:00+00:00,2022-07-01 17:00:00+00:00,1,15.71854134565999
stage36b_ny_late_reversal_h8_atr075,ny_late,reversal,8,2022-07-01 18:00:00+00:00,2022-07-04 02:00:00+00:00,-1,-1.6364536899457067
stage36b_ny_late_continuation_h8_atr075,ny_late,continuation,8,2022-07-01 18:00:00+00:00,2022-07-04 02:00:00+00:00,1,1.6364536899457067
stage36b_london_open_continuation_h4_atr075,london_open,continuation,4,2022-07-04 08:00:00+00:00,2022-07-04 12:00:00+00:00,1,-8.567070435172855
stage36b_london_open_reversal_h4_atr075,london_open,reversal,4,2022-07-04 08:00:00+00:00,2022-07-04 12:00:00+00:00,-1,8.567070435172855
stage36b_ny_open_continuation_h4_atr075,ny_open,continuation,4,2022-07-04 13:00:00+00:00,2022-07-04 17:00:00+00:00,-1,-9.455324619670138
stage36b_ny_open_reversal_h4_atr075,ny_open,reversal,4,2022-07-04 13:00:00+00:00,2022-07-04 17:00:00+00:00,1,9.455324619670138
stage36b_ny_late_reversal_h8_atr075,ny_late,reversal,8,2022-07-04 18:00:00+00:00,2022-07-05 03:00:00+00:00,1,1.6609523809522642
stage36b_ny_late_continuation_h8_atr075,ny_late,continuation,8,2022-07-04 18:00:00+00:00,2022-07-05 03:00:00+00:00,-1,-1.6609523809522642
stage36b_london_open_continuation_h4_atr075,london_open,continuation,4,2022-07-05 08:00:00+00:00,2022-07-05 12:00:00+00:00,1,-18.878332822556
stage36b_london_open_reversal_h4_atr075,london_open,reversal,4,2022-07-05 08:00:00+00:00,2022-07-05 12:00:00+00:00,-1,18.878332822556
stage36b_ny_open_continuation_h4_atr075,ny_open,continuation,4,2022-07-05 13:00:00+00:00,2022-07-05 17:00:00+00:00,-1,58.92147171883574
stage36b_ny_open_reversal_h4_atr075,ny_open,reversal,4,2022-07-05 13:00:00+00:00,2022-07-05 17:00:00+00:00,1,-58.92147171883574
stage36b_ny_late_reversal_h8_atr075,ny_late,reversal,8,2022-07-05 18:00:00+00:00,2022-07-06 02:00:00+00:00,-1,-0.3321311212632309
stage36b_ny_late_continuation_h8_atr075,ny_late,continuation,8,2022-07-05 18:00:00+00:00,2022-07-06 02:00:00+00:00,1,0.3321311212632309
stage36b_london_open_continuation_h4_atr075,london_open,continuation,4,2022-07-06 08:00:00+00:00,2022-07-06 12:00:00+00:00,-1,-0.9462706270625181
stage36b_london_open_reversal_h4_atr075,london_open,reversal,4,2022-07-06 08:00:00+00:00,2022-07-06 12:00:00+00:00,1,0.9462706270625181
stage36b_ny_open_continuation_h4_atr075,ny_open,continuation,4,2022-07-06 13:00:00+00:00,2022-07-06 17:00:00+00:00,-1,23.61631383805798
stage36b_ny_open_reversal_h4_atr075,ny_open,reversal,4,2022-07-06 13:00:00+00:00,2022-07-06 17:00:00+00:00,1,-23.61631383805798
stage36b_ny_late_reversal_h8_atr075,ny_late,reversal,8,2022-07-06 18:00:00+00:00,2022-07-07 02:00:00+00:00,1,5.0466688123591625
stage36b_ny_late_continuation_h8_atr075,ny_late,continuation,8,2022-07-06 18:00:00+00:00,2022-07-07 02:00:00+00:00,-1,-5.0466688123591625
stage36b_london_open_continuation_h4_atr075,london_open,continuation,4,2022-07-07 08:00:00+00:00,2022-07-07 12:00:00+00:00,1,-3.9848352289296676
stage36b_london_open_reversal_h4_atr075,london_open,reversal,4,2022-07-07 08:00:00+00:00,2022-07-07 12:00:00+00:00,-1,3.9848352289296676
stage36b_ny_open_continuation_h4_atr075,ny_open,continuation,4,2022-07-07 13:00:00+00:00,2022-07-07 17:00:00+00:00,-1,1.2605514912772495
stage36b_ny_open_reversal_h4_atr075,ny_open,reversal,4,2022-07-07 13:00:00+00:00,2022-07-07 17:00:00+00:00,1,-1.2605514912772495
stage36b_ny_late_reversal_h8_atr075,ny_late,reversal,8,2022-07-07 18:00:00+00:00,2022-07-08 02:00:00+00:00,1,2.200182070815925
stage36b_ny_late_continuation_h8_atr075,ny_late,continuation,8,2022-07-07 18:00:00+00:00,2022-07-08 02:00:00+00:00,-1,-2.200182070815925
stage36b_london_open_continuation_h4_atr075,london_open,continuation,4,2022-07-08 08:00:00+00:00,2022-07-08 12:00:00+00:00,1,-8.511704582921567
stage36b_london_open_reversal_h4_atr075,london_open,reversal,4,2022-07-08 08:00:00+00:00,2022-07-08 12:00:00+00:00,-1,8.511704582921567
stage36b_ny_open_continuation_h4_atr075,ny_open,continuation,4,2022-07-08 13:00:00+00:00,2022-07-08 17:00:00+00:00,1,8.74109263657946
stage36b_ny_open_reversal_h4_atr075,ny_open,reversal,4,2022-07-08 13:00:00+00:00,2022-07-08 17:00:00+00:00,-1,-8.74109263657946
stage36b_ny_late_reversal_h8_atr075,ny_late,reversal,8,2022-07-08 18:00:00+00:00,2022-07-11 02:00:00+00:00,1,-0.3184630163303575
stage36b_ny_late_continuation_h8_atr075,ny_late,continuation,8,2022-07-08 18:00:00+00:00,2022-07-11 02:00:00+00:00,-1,0.3184630163303575
stage36b_london_open_continuation_h4_atr075,london_open,continuation,4,2022-07-11 08:00:00+00:00,2022-07-11 12:00:00+00:00,-1,9.545762711864368
stage36b_london_open_reversal_h4_atr075,london_open,reversal,4,2022-07-11 08:00:00+00:00,2022-07-11 12:00:00+00:00,1,-9.545762711864368
stage36b_ny_open_continuation_h4_atr075,ny_open,continuation,4,2022-07-11 13:00:00+00:00,2022-07-11 17:00:00+00:00,1,7.390156807949106
stage36b_ny_open_reversal_h4_atr075,ny_open,reversal,4,2022-07-11 13:00:00+00:00,2022-07-11 17:00:00+00:00,-1,-7.390156807949106
stage36b_ny_late_reversal_h8_atr075,ny_late,reversal,8,2022-07-11 18:00:00+00:00,2022-07-12 02:00:00+00:00,1,-6.882047383757908
stage36b_ny_late_continuation_h8_atr075,ny_late,continuation,8,2022-07-11 18:00:00+00:00,2022-07-12 02:00:00+00:00,-1,6.882047383757908
stage36b_london_open_continuation_h4_atr075,london_open,continuation,4,2022-07-12 08:00:00+00:00,2022-07-12 12:00:00+00:00,1,6.786765108011981
stage36b_london_open_reversal_h4_atr075,london_open,reversal,4,2022-07-12 08:00:00+00:00,2022-07-12 12:00:00+00:00,-1,-6.786765108011981
stage36b_ny_open_continuation_h4_atr075,ny_open,continuation,4,2022-07-12 13:00:00+00:00,2022-07-12 17:00:00+00:00,-1,4.237668161434936
stage36b_ny_open_reversal_h4_atr075,ny_open,reversal,4,2022-07-12 13:00:00+00:00,2022-07-12 17:00:00+00:00,1,-4.237668161434936
stage36b_ny_late_reversal_h8_atr075,ny_late,reversal,8,2022-07-12 18:00:00+00:00,2022-07-13 02:00:00+00:00,-1,6.841348811497974
stage36b_ny_late_continuation_h8_atr075,ny_late,continuation,8,2022-07-12 18:00:00+00:00,2022-07-13 02:00:00+00:00,1,-6.841348811497974
stage36b_london_open_continuation_h4_atr075,london_open,continuation,4,2022-07-13 08:00:00+00:00,2022-07-13 12:00:00+00:00,-1,-4.5462290152844735
stage36b_london_open_reversal_h4_atr075,london_open,reversal,4,2022-07-13 08:00:00+00:00,2022-07-13 12:00:00+00:00,1,4.5462290152844735
stage36b_ny_open_continuation_h4_atr075,ny_open,continuation,4,2022-07-13 13:00:00+00:00,2022-07-13 17:00:00+00:00,1,22.96013864818045
stage36b_ny_open_reversal_h4_atr075,ny_open,reversal,4,2022-07-13 13:00:00+00:00,2022-07-13 17:00:00+00:00,-1,-22.96013864818045
stage36b_ny_late_reversal_h8_atr075,ny_late,reversal,8,2022-07-13 18:00:00+00:00,2022-07-14 02:00:00+00:00,1,-3.7839992407705556
stage36b_ny_late_continuation_h8_atr075,ny_late,continuation,8,2022-07-13 18:00:00+00:00,2022-07-14 02:00:00+00:00,-1,3.7839992407705556
stage36b_london_open_continuation_h4_atr075,london_open,continuation,4,2022-07-14 08:00:00+00:00,2022-07-14 12:00:00+00:00,-1,14.110538963268157
stage36b_london_open_reversal_h4_atr075,london_open,reversal,4,2022-07-14 08:00:00+00:00,2022-07-14 12:00:00+00:00,1,-14.110538963268157
stage36b_ny_open_continuation_h4_atr075,ny_open,continuation,4,2022-07-14 13:00:00+00:00,2022-07-14 17:00:00+00:00,-1,3.9696480148821482
stage36b_ny_open_reversal_h4_atr075,ny_open,reversal,4,2022-07-14 13:00:00+00:00,2022-07-14 17:00:00+00:00,1,-3.9696480148821482
stage36b_ny_late_reversal_h8_atr075,ny_late,reversal,8,2022-07-14 18:00:00+00:00,2022-07-15 02:00:00+00:00,-1,-0.15169660678647076
stage36b_ny_late_continuation_h8_atr075,ny_late,continuation,8,2022-07-14 18:00:00+00:00,2022-07-15 02:00:00+00:00,1,0.15169660678647076
stage36b_london_open_continuation_h4_atr075,london_open,continuation,4,2022-07-15 08:00:00+00:00,2022-07-15 12:00:00+00:00,1,-10.631701154134667
stage36b_london_open_reversal_h4_atr075,london_open,reversal,4,2022-07-15 08:00:00+00:00,2022-07-15 12:00:00+00:00,-1,10.631701154134667
stage36b_ny_open_continuation_h4_atr075,ny_open,continuation,4,2022-07-15 13:00:00+00:00,2022-07-15 17:00:00+00:00,1,-3.16267648864324
stage36b_ny_open_reversal_h4_atr075,ny_open,reversal,4,2022-07-15 13:00:00+00:00,2022-07-15 17:00:00+00:00,-1,3.16267648864324
stage36b_ny_late_reversal_h8_atr075,ny_late,reversal,8,2022-07-15 18:00:00+00:00,2022-07-18 02:00:00+00:00,-1,-5.0983050847456255
stage36b_ny_late_continuation_h8_atr075,ny_late,continuation,8,2022-07-15 18:00:00+00:00,2022-07-18 02:00:00+00:00,1,5.0983050847456255
stage36b_london_open_continuation_h4_atr075,london_open,continuation,4,2022-07-18 08:00:00+00:00,2022-07-18 12:00:00+00:00,1,13.068804887361598
stage36b_london_open_reversal_h4_atr075,london_open,reversal,4,2022-07-18 08:00:00+00:00,2022-07-18 12:00:00+00:00,-1,-13.068804887361598
stage36b_ny_open_continuation_h4_atr075,ny_open,continuation,4,2022-07-18 13:00:00+00:00,2022-07-18 17:00:00+00:00,-1,1.3162592161427265
stage36b_ny_open_reversal_h4_atr075,ny_open,reversal,4,2022-07-18 13:00:00+00:00,2022-07-18 17:00:00+00:00,1,-1.3162592161427265
stage36b_ny_late_reversal_h8_atr075,ny_late,reversal,8,2022-07-18 18:00:00+00:00,2022-07-19 02:00:00+00:00,1,-2.301298216120101
stage36b_ny_late_continuation_h8_atr075,ny_late,continuation,8,2022-07-18 18:00:00+00:00,2022-07-19 02:00:00+00:00,-1,2.301298216120101
stage36b_london_open_continuation_h4_atr075,london_open,continuation,4,2022-07-19 08:00:00+00:00,2022-07-19 12:00:00+00:00,1,6.550434943550012
stage36b_london_open_reversal_h4_atr075,london_open,reversal,4,2022-07-19 08:00:00+00:00,2022-07-19 12:00:00+00:00,-1,-6.550434943550012
stage36b_ny_open_continuation_h4_atr075,ny_open,continuation,4,2022-07-19 13:00:00+00:00,2022-07-19 17:00:00+00:00,1,-7.446035334505629
stage36b_ny_open_reversal_h4_atr075,ny_open,reversal,4,2022-07-19 13:00:00+00:00,2022-07-19 17:00:00+00:00,-1,7.446035334505629
stage36b_ny_late_reversal_h8_atr075,ny_late,reversal,8,2022-07-19 18:00:00+00:00,2022-07-20 02:00:00+00:00,-1,6.2069399836262935
stage36b_ny_late_continuation_h8_atr075,ny_late,continuation,8,2022-07-19 18:00:00+00:00,2022-07-20 02:00:00+00:00,1,-6.2069399836262935
stage36b_london_open_continuation_h4_atr075,london_open,continuation,4,2022-07-20 08:00:00+00:00,2022-07-20 12:00:00+00:00,-1,-9.399190892840222
stage36b_london_open_reversal_h4_atr075,london_open,reversal,4,2022-07-20 08:00:00+00:00,2022-07-20 12:00:00+00:00,1,9.399190892840222
stage36b_ny_open_continuation_h4_atr075,ny_open,continuation,4,2022-07-20 13:00:00+00:00,2022-07-20 17:00:00+00:00,-1,-1.741835147744844
stage36b_ny_open_reversal_h4_atr075,ny_open,reversal,4,2022-07-20 13:00:00+00:00,2022-07-20 17:00:00+00:00,1,1.741835147744844
stage36b_ny_late_reversal_h8_atr075,ny_late,reversal,8,2022-07-20 18:00:00+00:00,2022-07-21 02:00:00+00:00,1,-17.18705525648174
stage36b_ny_late_continuation_h8_atr075,ny_late,continuation,8,2022-07-20 18:00:00+00:00,2022-07-21 02:00:00+00:00,-1,17.18705525648174
stage36b_london_open_continuation_h4_atr075,london_open,continuation,4,2022-07-21 08:00:00+00:00,2022-07-21 12:00:00+00:00,1,-13.558716875871866
stage36b_london_open_reversal_h4_atr075,london_open,reversal,4,2022-07-21 08:00:00+00:00,2022-07-21 12:00:00+00:00,-1,13.558716875871866
stage36b_ny_open_continuation_h4_atr075,ny_open,continuation,4,2022-07-21 13:00:00+00:00,2022-07-21 17:00:00+00:00,-1,-43.159922928708795
stage36b_ny_open_reversal_h4_atr075,ny_open,reversal,4,2022-07-21 13:00:00+00:00,2022-07-21 17:00:00+00:00,1,43.159922928708795
stage36b_ny_late_reversal_h8_atr075,ny_late,reversal,8,2022-07-21 18:00:00+00:00,2022-07-22 02:00:00+00:00,-1,-3.630202578268971
stage36b_ny_late_continuation_h8_atr075,ny_late,continuation,8,2022-07-21 18:00:00+00:00,2022-07-22 02:00:00+00:00,1,3.630202578268971
stage36b_london_open_continuation_h4_atr075,london_open,continuation,4,2022-07-22 08:00:00+00:00,2022-07-22 12:00:00+00:00,1,16.475468409586068
stage36b_london_open_reversal_h4_atr075,london_open,reversal,4,2022-07-22 08:00:00+00:00,2022-07-22 12:00:00+00:00,-1,-16.475468409586068
stage36b_ny_open_continuation_h4_atr075,ny_open,continuation,4,2022-07-22 13:00:00+00:00,2022-07-22 17:00:00+00:00,1,13.86810228802144
stage36b_ny_open_reversal_h4_atr075,ny_open,reversal,4,2022-07-22 13:00:00+00:00,2022-07-22 17:00:00+00:00,-1,-13.86810228802144
stage36b_ny_late_reversal_h8_atr075,ny_late,reversal,8,2022-07-22 18:00:00+00:00,2022-07-25 02:00:00+00:00,1,-6.107098804814872
stage36b_ny_late_continuation_h8_atr075,ny_late,continuation,8,2022-07-22 18:00:00+00:00,2022-07-25 02:00:00+00:00,-1,6.107098804814872
stage36b_london_open_continuation_h4_atr075,london_open,continuation,4,2022-07-25 08:00:00+00:00,2022-07-25 12:00:00+00:00,-1,-15.086865295845435
stage36b_london_open_reversal_h4_atr075,london_open,reversal,4,2022-07-25 08:00:00+00:00,2022-07-25 12:00:00+00:00,1,15.086865295845435
stage36b_ny_open_continuation_h4_atr075,ny_open,continuation,4,2022-07-25 13:00:00+00:00,2022-07-25 17:00:00+00:00,-1,21.585762968572418
stage36b_ny_open_reversal_h4_atr075,ny_open,reversal,4,2022-07-25 13:00:00+00:00,2022-07-25 17:00:00+00:00,1,-21.585762968572418
stage36b_ny_late_reversal_h8_atr075,ny_late,reversal,8,2022-07-25 18:00:00+00:00,2022-07-26 02:00:00+00:00,1,3.1307538718904997
stage36b_ny_late_continuation_h8_atr075,ny_late,continuation,8,2022-07-25 18:00:00+00:00,2022-07-26 02:00:00+00:00,-1,-3.1307538718904997
stage36b_london_open_continuation_h4_atr075,london_open,continuation,4,2022-07-26 08:00:00+00:00,2022-07-26 12:00:00+00:00,-1,2.4480874316938976
stage36b_london_open_reversal_h4_atr075,london_open,reversal,4,2022-07-26 08:00:00+00:00,2022-07-26 12:00:00+00:00,1,-2.4480874316938976
stage36b_ny_open_continuation_h4_atr075,ny_open,continuation,4,2022-07-26 13:00:00+00:00,2022-07-26 17:00:00+00:00,-1,-1.2682236376503258
stage36b_ny_open_reversal_h4_atr075,ny_open,reversal,4,2022-07-26 13:00:00+00:00,2022-07-26 17:00:00+00:00,1,1.2682236376503258
stage36b_ny_late_reversal_h8_atr075,ny_late,reversal,8,2022-07-26 18:00:00+00:00,2022-07-27 02:00:00+00:00,1,1.1326047953026435
stage36b_ny_late_continuation_h8_atr075,ny_late,continuation,8,2022-07-26 18:00:00+00:00,2022-07-27 02:00:00+00:00,-1,-1.1326047953026435
stage36b_london_open_continuation_h4_atr075,london_open,continuation,4,2022-07-27 08:00:00+00:00,2022-07-27 12:00:00+00:00,1,7.1265835025626245
stage36b_london_open_reversal_h4_atr075,london_open,reversal,4,2022-07-27 08:00:00+00:00,2022-07-27 12:00:00+00:00,-1,-7.1265835025626245
stage36b_ny_open_continuation_h4_atr075,ny_open,continuation,4,2022-07-27 13:00:00+00:00,2022-07-27 17:00:00+00:00,-1,5.52353413654607
stage36b_ny_open_reversal_h4_atr075,ny_open,reversal,4,2022-07-27 13:00:00+00:00,2022-07-27 17:00:00+00:00,1,-5.52353413654607
stage36b_ny_late_reversal_h8_atr075,ny_late,reversal,8,2022-07-27 18:00:00+00:00,2022-07-28 02:00:00+00:00,-1,-26.721392139213787
stage36b_ny_late_continuation_h8_atr075,ny_late,continuation,8,2022-07-27 18:00:00+00:00,2022-07-28 02:00:00+00:00,1,26.721392139213787
stage36b_london_open_continuation_h4_atr075,london_open,continuation,4,2022-07-28 08:00:00+00:00,2022-07-28 12:00:00+00:00,1,2.691361542479896
stage36b_london_open_reversal_h4_atr075,london_open,reversal,4,2022-07-28 08:00:00+00:00,2022-07-28 12:00:00+00:00,-1,-2.691361542479896
stage36b_ny_open_continuation_h4_atr075,ny_open,continuation,4,2022-07-28 13:00:00+00:00,2022-07-28 17:00:00+00:00,-1,-18.16546605544631
stage36b_ny_open_reversal_h4_atr075,ny_open,reversal,4,2022-07-28 13:00:00+00:00,2022-07-28 17:00:00+00:00,1,18.16546605544631
stage36b_ny_late_reversal_h8_atr075,ny_late,reversal,8,2022-07-28 18:00:00+00:00,2022-07-29 02:00:00+00:00,1,1.7137216189535214
stage36b_ny_late_continuation_h8_atr075,ny_late,continuation,8,2022-07-28 18:00:00+00:00,2022-07-29 02:00:00+00:00,-1,-1.7137216189535214
stage36b_london_open_continuation_h4_atr075,london_open,continuation,4,2022-07-29 08:00:00+00:00,2022-07-29 12:00:00+00:00,1,-5.550679205851912
stage36b_london_open_reversal_h4_atr075,london_open,reversal,4,2022-07-29 08:00:00+00:00,2022-07-29 12:00:00+00:00,-1,5.550679205851912
stage36b_ny_open_continuation_h4_atr075,ny_open,continuation,4,2022-07-29 13:00:00+00:00,2022-07-29 17:00:00+00:00,1,0.4435076962380297
stage36b_ny_open_reversal_h4_atr075,ny_open,reversal,4,2022-07-29 13:00:00+00:00,2022-07-29 17:00:00+00:00,-1,-0.4435076962380297
stage36b_ny_late_reversal_h8_atr075,ny_late,reversal,8,2022-07-29 18:00:00+00:00,2022-08-01 02:00:00+00:00,-1,3.6910504108372577
stage36b_ny_late_continuation_h8_atr075,ny_late,continuation,8,2022-07-29 18:00:00+00:00,2022-08-01 02:00:00+00:00,1,-3.6910504108372577
stage36b_london_open_continuation_h4_atr075,london_open,continuation,4,2022-08-01 08:00:00+00:00,2022-08-01 12:00:00+00:00,-1,-22.77939419495398
stage36b_london_open_reversal_h4_atr075,london_open,reversal,4,2022-08-01 08:00:00+00:00,2022-08-01 12:00:00+00:00,1,22.77939419495398
stage36b_ny_open_continuation_h4_atr075,ny_open,continuation,4,2022-08-01 13:00:00+00:00,2022-08-01 17:00:00+00:00,-1,4.092957246762614
stage36b_ny_open_reversal_h4_atr075,ny_open,reversal,4,2022-08-01 13:00:00+00:00,2022-08-01 17:00:00+00:00,1,-4.092957246762614
stage36b_ny_late_reversal_h8_atr075,ny_late,reversal,8,2022-08-01 18:00:00+00:00,2022-08-02 02:00:00+00:00,-1,-3.69090909090907
stage36b_ny_late_continuation_h8_atr075,ny_late,continuation,8,2022-08-01 18:00:00+00:00,2022-08-02 02:00:00+00:00,1,3.69090909090907
stage36b_london_open_continuation_h4_atr075,london_open,continuation,4,2022-08-02 08:00:00+00:00,2022-08-02 12:00:00+00:00,-1,-3.1851123779569828
stage36b_london_open_reversal_h4_atr075,london_open,reversal,4,2022-08-02 08:00:00+00:00,2022-08-02 12:00:00+00:00,1,3.1851123779569828
stage36b_ny_open_continuation_h4_atr075,ny_open,continuation,4,2022-08-02 13:00:00+00:00,2022-08-02 17:00:00+00:00,-1,-4.635843240863023
stage36b_ny_open_reversal_h4_atr075,ny_open,reversal,4,2022-08-02 13:00:00+00:00,2022-08-02 17:00:00+00:00,1,4.635843240863023
stage36b_ny_late_reversal_h8_atr075,ny_late,reversal,8,2022-08-02 18:00:00+00:00,2022-08-03 02:00:00+00:00,-1,20.740740740740904
stage36b_ny_late_continuation_h8_atr075,ny_late,continuation,8,2022-08-02 18:00:00+00:00,2022-08-03 02:00:00+00:00,1,-20.740740740740904
stage36b_london_open_continuation_h4_atr075,london_open,continuation,4,2022-08-03 08:00:00+00:00,2022-08-03 12:00:00+00:00,1,-3.9197337137420782
stage36b_london_open_reversal_h4_atr075,london_open,reversal,4,2022-08-03 08:00:00+00:00,2022-08-03 12:00:00+00:00,-1,3.9197337137420782
stage36b_ny_open_continuation_h4_atr075,ny_open,continuation,4,2022-08-03 13:00:00+00:00,2022-08-03 17:00:00+00:00,-1,7.0053394355453635
stage36b_ny_open_reversal_h4_atr075,ny_open,reversal,4,2022-08-03 13:00:00+00:00,2022-08-03 17:00:00+00:00,1,-7.0053394355453635
stage36b_ny_late_reversal_h8_atr075,ny_late,reversal,8,2022-08-03 18:00:00+00:00,2022-08-04 02:00:00+00:00,-1,-5.485496909177434
stage36b_ny_late_continuation_h8_atr075,ny_late,continuation,8,2022-08-03 18:00:00+00:00,2022-08-04 02:00:00+00:00,1,5.485496909177434
stage36b_london_open_continuation_h4_atr075,london_open,continuation,4,2022-08-04 08:00:00+00:00,2022-08-04 12:00:00+00:00,-1,-17.396855494982677
stage36b_london_open_reversal_h4_atr075,london_open,reversal,4,2022-08-04 08:00:00+00:00,2022-08-04 12:00:00+00:00,1,17.396855494982677
stage36b_ny_open_continuation_h4_atr075,ny_open,continuation,4,2022-08-04 13:00:00+00:00,2022-08-04 17:00:00+00:00,1,7.03333333333335
stage36b_ny_open_reversal_h4_atr075,ny_open,reversal,4,2022-08-04 13:00:00+00:00,2022-08-04 17:00:00+00:00,-1,-7.03333333333335
stage36b_ny_late_reversal_h8_atr075,ny_late,reversal,8,2022-08-04 18:00:00+00:00,2022-08-05 02:00:00+00:00,-1,-6.39183256763672
stage36b_ny_late_continuation_h8_atr075,ny_late,continuation,8,2022-08-04 18:00:00+00:00,2022-08-05 02:00:00+00:00,1,6.39183256763672
stage36b_london_open_continuation_h4_atr075,london_open,continuation,4,2022-08-05 08:00:00+00:00,2022-08-05 12:00:00+00:00,-1,8.00474495848138
stage36b_london_open_reversal_h4_atr075,london_open,reversal,4,2022-08-05 08:00:00+00:00,2022-08-05 12:00:00+00:00,1,-8.00474495848138
stage36b_ny_open_continuation_h4_atr075,ny_open,continuation,4,2022-08-05 13:00:00+00:00,2022-08-05 17:00:00+00:00,-1,11.873995220508151
stage36b_ny_open_reversal_h4_atr075,ny_open,reversal,4,2022-08-05 13:00:00+00:00,2022-08-05 17:00:00+00:00,1,-11.873995220508151
stage36b_ny_late_reversal_h8_atr075,ny_late,reversal,8,2022-08-05 18:00:00+00:00,2022-08-08 02:00:00+00:00,1,0.8722509845569452
stage36b_ny_late_continuation_h8_atr075,ny_late,continuation,8,2022-08-05 18:00:00+00:00,2022-08-08 02:00:00+00:00,-1,-0.8722509845569452
stage36b_london_open_continuation_h4_atr075,london_open,continuation,4,2022-08-08 08:00:00+00:00,2022-08-08 12:00:00+00:00,1,4.732650739476541
stage36b_london_open_reversal_h4_atr075,london_open,reversal,4,2022-08-08 08:00:00+00:00,2022-08-08 12:00:00+00:00,-1,-4.732650739476541
stage36b_ny_open_continuation_h4_atr075,ny_open,continuation,4,2022-08-08 13:00:00+00:00,2022-08-08 17:00:00+00:00,1,12.941303177167617
stage36b_ny_open_reversal_h4_atr075,ny_open,reversal,4,2022-08-08 13:00:00+00:00,2022-08-08 17:00:00+00:00,-1,-12.941303177167617
stage36b_ny_late_reversal_h8_atr075,ny_late,reversal,8,2022-08-08 18:00:00+00:00,2022-08-09 02:00:00+00:00,1,2.640633634186899
stage36b_ny_late_continuation_h8_atr075,ny_late,continuation,8,2022-08-08 18:00:00+00:00,2022-08-09 02:00:00+00:00,-1,-2.640633634186899
stage36b_london_open_continuation_h4_atr075,london_open,continuation,4,2022-08-09 08:00:00+00:00,2022-08-09 12:00:00+00:00,1,4.691837468536332
stage36b_london_open_reversal_h4_atr075,london_open,reversal,4,2022-08-09 08:00:00+00:00,2022-08-09 12:00:00+00:00,-1,-4.691837468536332
stage36b_ny_open_continuation_h4_atr075,ny_open,continuation,4,2022-08-09 13:00:00+00:00,2022-08-09 17:00:00+00:00,1,-0.029570957095682675
stage36b_ny_open_reversal_h4_atr075,ny_open,reversal,4,2022-08-09 13:00:00+00:00,2022-08-09 17:00:00+00:00,-1,0.029570957095682675
stage36b_ny_late_reversal_h8_atr075,ny_late,reversal,8,2022-08-09 18:00:00+00:00,2022-08-10 02:00:00+00:00,-1,2.3210030048699646
stage36b_ny_late_continuation_h8_atr075,ny_late,continuation,8,2022-08-09 18:00:00+00:00,2022-08-10 02:00:00+00:00,1,-2.3210030048699646
stage36b_london_open_continuation_h4_atr075,london_open,continuation,4,2022-08-10 08:00:00+00:00,2022-08-10 12:00:00+00:00,-1,-14.887525562372229
stage36b_london_open_reversal_h4_atr075,london_open,reversal,4,2022-08-10 08:00:00+00:00,2022-08-10 12:00:00+00:00,1,14.887525562372229
stage36b_ny_open_continuation_h4_atr075,ny_open,continuation,4,2022-08-10 13:00:00+00:00,2022-08-10 17:00:00+00:00,-1,-23.36637402057987
stage36b_ny_open_reversal_h4_atr075,ny_open,reversal,4,2022-08-10 13:00:00+00:00,2022-08-10 17:00:00+00:00,1,23.36637402057987
stage36b_ny_late_reversal_h8_atr075,ny_late,reversal,8,2022-08-10 18:00:00+00:00,2022-08-11 02:00:00+00:00,1,-6.595555555555687
stage36b_ny_late_continuation_h8_atr075,ny_late,continuation,8,2022-08-10 18:00:00+00:00,2022-08-11 02:00:00+00:00,-1,6.595555555555687
stage36b_london_open_continuation_h4_atr075,london_open,continuation,4,2022-08-11 08:00:00+00:00,2022-08-11 12:00:00+00:00,1,6.7268857886024165
stage36b_london_open_reversal_h4_atr075,london_open,reversal,4,2022-08-11 08:00:00+00:00,2022-08-11 12:00:00+00:00,-1,-6.7268857886024165
stage36b_ny_open_continuation_h4_atr075,ny_open,continuation,4,2022-08-11 13:00:00+00:00,2022-08-11 17:00:00+00:00,1,3.091710318449889
stage36b_ny_open_reversal_h4_atr075,ny_open,reversal,4,2022-08-11 13:00:00+00:00,2022-08-11 17:00:00+00:00,-1,-3.091710318449889
stage36b_ny_late_reversal_h8_atr075,ny_late,reversal,8,2022-08-11 18:00:00+00:00,2022-08-12 02:00:00+00:00,1,-1.8122977346278195
stage36b_ny_late_continuation_h8_atr075,ny_late,continuation,8,2022-08-11 18:00:00+00:00,2022-08-12 02:00:00+00:00,-1,1.8122977346278195
stage36b_ny_open_continuation_h4_atr075,ny_open,continuation,4,2022-08-12 13:00:00+00:00,2022-08-12 17:00:00+00:00,1,9.000565930956519
stage36b_ny_open_reversal_h4_atr075,ny_open,reversal,4,2022-08-12 13:00:00+00:00,2022-08-12 17:00:00+00:00,-1,-9.000565930956519
stage36b_ny_late_reversal_h8_atr075,ny_late,reversal,8,2022-08-12 18:00:00+00:00,2022-08-15 02:00:00+00:00,-1,-5.124419984892681
stage36b_ny_late_continuation_h8_atr075,ny_late,continuation,8,2022-08-12 18:00:00+00:00,2022-08-15 02:00:00+00:00,1,5.124419984892681
stage36b_london_open_continuation_h4_atr075,london_open,continuation,4,2022-08-15 08:00:00+00:00,2022-08-15 12:00:00+00:00,-1,22.868123949075002
stage36b_london_open_reversal_h4_atr075,london_open,reversal,4,2022-08-15 08:00:00+00:00,2022-08-15 12:00:00+00:00,1,-22.868123949075002
stage36b_ny_open_continuation_h4_atr075,ny_open,continuation,4,2022-08-15 13:00:00+00:00,2022-08-15 17:00:00+00:00,-1,-0.9748763600393506
stage36b_ny_open_reversal_h4_atr075,ny_open,reversal,4,2022-08-15 13:00:00+00:00,2022-08-15 17:00:00+00:00,1,0.9748763600393506
stage36b_ny_late_reversal_h8_atr075,ny_late,reversal,8,2022-08-15 18:00:00+00:00,2022-08-16 02:00:00+00:00,-1,2.4334836801006565
stage36b_ny_late_continuation_h8_atr075,ny_late,continuation,8,2022-08-15 18:00:00+00:00,2022-08-16 02:00:00+00:00,1,-2.4334836801006565
stage36b_london_open_continuation_h4_atr075,london_open,continuation,4,2022-08-16 08:00:00+00:00,2022-08-16 12:00:00+00:00,-1,12.970162481536379
stage36b_london_open_reversal_h4_atr075,london_open,reversal,4,2022-08-16 08:00:00+00:00,2022-08-16 12:00:00+00:00,1,-12.970162481536379
stage36b_ny_open_continuation_h4_atr075,ny_open,continuation,4,2022-08-16 13:00:00+00:00,2022-08-16 17:00:00+00:00,1,-3.6204601635292675
stage36b_ny_open_reversal_h4_atr075,ny_open,reversal,4,2022-08-16 13:00:00+00:00,2022-08-16 17:00:00+00:00,-1,3.6204601635292675
stage36b_ny_late_reversal_h8_atr075,ny_late,reversal,8,2022-08-16 18:00:00+00:00,2022-08-17 02:00:00+00:00,1,1.9979257415473293
stage36b_ny_late_continuation_h8_atr075,ny_late,continuation,8,2022-08-16 18:00:00+00:00,2022-08-17 02:00:00+00:00,-1,-1.9979257415473293
stage36b_london_open_continuation_h4_atr075,london_open,continuation,4,2022-08-17 08:00:00+00:00,2022-08-17 12:00:00+00:00,1,-19.761109291407198
stage36b_london_open_reversal_h4_atr075,london_open,reversal,4,2022-08-17 08:00:00+00:00,2022-08-17 12:00:00+00:00,-1,19.761109291407198
stage36b_ny_open_continuation_h4_atr075,ny_open,continuation,4,2022-08-17 13:00:00+00:00,2022-08-17 17:00:00+00:00,-1,11.39759652262863
stage36b_ny_open_reversal_h4_atr075,ny_open,reversal,4,2022-08-17 13:00:00+00:00,2022-08-17 17:00:00+00:00,1,-11.39759652262863
stage36b_ny_late_reversal_h8_atr075,ny_late,reversal,8,2022-08-17 18:00:00+00:00,2022-08-18 02:00:00+00:00,1,3.2655771725032023
stage36b_ny_late_continuation_h8_atr075,ny_late,continuation,8,2022-08-17 18:00:00+00:00,2022-08-18 02:00:00+00:00,-1,-3.2655771725032023
stage36b_london_open_continuation_h4_atr075,london_open,continuation,4,2022-08-18 08:00:00+00:00,2022-08-18 12:00:00+00:00,-1,-9.532629055218457
stage36b_london_open_reversal_h4_atr075,london_open,reversal,4,2022-08-18 08:00:00+00:00,2022-08-18 12:00:00+00:00,1,9.532629055218457
stage36b_ny_open_continuation_h4_atr075,ny_open,continuation,4,2022-08-18 13:00:00+00:00,2022-08-18 17:00:00+00:00,1,-15.54714259960357
stage36b_ny_open_reversal_h4_atr075,ny_open,reversal,4,2022-08-18 13:00:00+00:00,2022-08-18 17:00:00+00:00,-1,15.54714259960357
stage36b_ny_late_reversal_h8_atr075,ny_late,reversal,8,2022-08-18 18:00:00+00:00,2022-08-19 02:00:00+00:00,1,-2.078197481776138
stage36b_ny_late_continuation_h8_atr075,ny_late,continuation,8,2022-08-18 18:00:00+00:00,2022-08-19 02:00:00+00:00,-1,2.078197481776138
stage36b_london_open_continuation_h4_atr075,london_open,continuation,4,2022-08-19 08:00:00+00:00,2022-08-19 12:00:00+00:00,1,-4.090836906463335
stage36b_london_open_reversal_h4_atr075,london_open,reversal,4,2022-08-19 08:00:00+00:00,2022-08-19 12:00:00+00:00,-1,4.090836906463335
stage36b_ny_open_continuation_h4_atr075,ny_open,continuation,4,2022-08-19 13:00:00+00:00,2022-08-19 17:00:00+00:00,-1,5.692797960484118
stage36b_ny_open_reversal_h4_atr075,ny_open,reversal,4,2022-08-19 13:00:00+00:00,2022-08-19 17:00:00+00:00,1,-5.692797960484118
stage36b_ny_late_reversal_h8_atr075,ny_late,reversal,8,2022-08-19 18:00:00+00:00,2022-08-22 02:00:00+00:00,-1,4.46298568507172
stage36b_ny_late_continuation_h8_atr075,ny_late,continuation,8,2022-08-19 18:00:00+00:00,2022-08-22 02:00:00+00:00,1,-4.46298568507172
stage36b_london_open_continuation_h4_atr075,london_open,continuation,4,2022-08-22 08:00:00+00:00,2022-08-22 12:00:00+00:00,-1,13.085910652921273
stage36b_london_open_reversal_h4_atr075,london_open,reversal,4,2022-08-22 08:00:00+00:00,2022-08-22 12:00:00+00:00,1,-13.085910652921273
stage36b_ny_open_continuation_h4_atr075,ny_open,continuation,4,2022-08-22 13:00:00+00:00,2022-08-22 17:00:00+00:00,-1,-4.637986537898605
stage36b_ny_open_reversal_h4_atr075,ny_open,reversal,4,2022-08-22 13:00:00+00:00,2022-08-22 17:00:00+00:00,1,4.637986537898605
stage36b_ny_late_reversal_h8_atr075,ny_late,reversal,8,2022-08-22 18:00:00+00:00,2022-08-23 02:00:00+00:00,1,-1.821987358823106
stage36b_ny_late_continuation_h8_atr075,ny_late,continuation,8,2022-08-22 18:00:00+00:00,2022-08-23 02:00:00+00:00,-1,1.821987358823106
stage36b_london_open_continuation_h4_atr075,london_open,continuation,4,2022-08-23 08:00:00+00:00,2022-08-23 12:00:00+00:00,1,5.222389709576772
stage36b_london_open_reversal_h4_atr075,london_open,reversal,4,2022-08-23 08:00:00+00:00,2022-08-23 12:00:00+00:00,-1,-5.222389709576772
stage36b_ny_open_continuation_h4_atr075,ny_open,continuation,4,2022-08-23 13:00:00+00:00,2022-08-23 17:00:00+00:00,-1,-22.38576421989197
stage36b_ny_open_reversal_h4_atr075,ny_open,reversal,4,2022-08-23 13:00:00+00:00,2022-08-23 17:00:00+00:00,1,22.38576421989197
stage36b_ny_late_reversal_h8_atr075,ny_late,reversal,8,2022-08-23 18:00:00+00:00,2022-08-24 02:00:00+00:00,1,-4.143198090692143
stage36b_ny_late_continuation_h8_atr075,ny_late,continuation,8,2022-08-23 18:00:00+00:00,2022-08-24 02:00:00+00:00,-1,4.143198090692143
stage36b_london_open_continuation_h4_atr075,london_open,continuation,4,2022-08-24 08:00:00+00:00,2022-08-24 12:00:00+00:00,-1,-7.751761859682406
stage36b_london_open_reversal_h4_atr075,london_open,reversal,4,2022-08-24 08:00:00+00:00,2022-08-24 12:00:00+00:00,1,7.751761859682406
stage36b_ny_open_continuation_h4_atr075,ny_open,continuation,4,2022-08-24 13:00:00+00:00,2022-08-24 17:00:00+00:00,-1,-14.249228578210756
stage36b_ny_open_reversal_h4_atr075,ny_open,reversal,4,2022-08-24 13:00:00+00:00,2022-08-24 17:00:00+00:00,1,14.249228578210756
stage36b_ny_late_reversal_h8_atr075,ny_late,reversal,8,2022-08-24 18:00:00+00:00,2022-08-25 02:00:00+00:00,1,-0.21753784632971357
stage36b_ny_late_continuation_h8_atr075,ny_late,continuation,8,2022-08-24 18:00:00+00:00,2022-08-25 02:00:00+00:00,-1,0.21753784632971357
stage36b_london_open_continuation_h4_atr075,london_open,continuation,4,2022-08-25 08:00:00+00:00,2022-08-25 12:00:00+00:00,-1,-13.072391041724646
stage36b_london_open_reversal_h4_atr075,london_open,reversal,4,2022-08-25 08:00:00+00:00,2022-08-25 12:00:00+00:00,1,13.072391041724646
stage36b_ny_open_continuation_h4_atr075,ny_open,continuation,4,2022-08-25 13:00:00+00:00,2022-08-25 17:00:00+00:00,-1,12.72771167442659
stage36b_ny_open_reversal_h4_atr075,ny_open,reversal,4,2022-08-25 13:00:00+00:00,2022-08-25 17:00:00+00:00,1,-12.72771167442659
stage36b_ny_late_reversal_h8_atr075,ny_late,reversal,8,2022-08-25 18:00:00+00:00,2022-08-26 02:00:00+00:00,1,1.5165780814982759
stage36b_ny_late_continuation_h8_atr075,ny_late,continuation,8,2022-08-25 18:00:00+00:00,2022-08-26 02:00:00+00:00,-1,-1.5165780814982759
stage36b_london_open_continuation_h4_atr075,london_open,continuation,4,2022-08-26 08:00:00+00:00,2022-08-26 12:00:00+00:00,1,-13.270293363714357
stage36b_london_open_reversal_h4_atr075,london_open,reversal,4,2022-08-26 08:00:00+00:00,2022-08-26 12:00:00+00:00,-1,13.270293363714357
stage36b_ny_open_continuation_h4_atr075,ny_open,continuation,4,2022-08-26 13:00:00+00:00,2022-08-26 17:00:00+00:00,-1,10.073620674998088
stage36b_ny_open_reversal_h4_atr075,ny_open,reversal,4,2022-08-26 13:00:00+00:00,2022-08-26 17:00:00+00:00,1,-10.073620674998088
stage36b_ny_late_reversal_h8_atr075,ny_late,reversal,8,2022-08-26 18:00:00+00:00,2022-08-29 02:00:00+00:00,1,-2.404572703192493
stage36b_ny_late_continuation_h8_atr075,ny_late,continuation,8,2022-08-26 18:00:00+00:00,2022-08-29 02:00:00+00:00,-1,2.404572703192493
stage36b_london_open_continuation_h4_atr075,london_open,continuation,4,2022-08-29 08:00:00+00:00,2022-08-29 12:00:00+00:00,1,-0.466000951022535
stage36b_london_open_reversal_h4_atr075,london_open,reversal,4,2022-08-29 08:00:00+00:00,2022-08-29 12:00:00+00:00,-1,0.466000951022535
stage36b_ny_open_continuation_h4_atr075,ny_open,continuation,4,2022-08-29 13:00:00+00:00,2022-08-29 17:00:00+00:00,1,11.408771929824889
stage36b_ny_open_reversal_h4_atr075,ny_open,reversal,4,2022-08-29 13:00:00+00:00,2022-08-29 17:00:00+00:00,-1,-11.408771929824889
stage36b_ny_late_reversal_h8_atr075,ny_late,reversal,8,2022-08-29 18:00:00+00:00,2022-08-30 02:00:00+00:00,-1,1.0033232191878083
stage36b_ny_late_continuation_h8_atr075,ny_late,continuation,8,2022-08-29 18:00:00+00:00,2022-08-30 02:00:00+00:00,1,-1.0033232191878083
stage36b_london_open_continuation_h4_atr075,london_open,continuation,4,2022-08-30 08:00:00+00:00,2022-08-30 12:00:00+00:00,-1,0.4698479286838159
stage36b_london_open_reversal_h4_atr075,london_open,reversal,4,2022-08-30 08:00:00+00:00,2022-08-30 12:00:00+00:00,1,-0.4698479286838159
stage36b_ny_open_continuation_h4_atr075,ny_open,continuation,4,2022-08-30 13:00:00+00:00,2022-08-30 17:00:00+00:00,-1,16.185153824442498
stage36b_ny_open_reversal_h4_atr075,ny_open,reversal,4,2022-08-30 13:00:00+00:00,2022-08-30 17:00:00+00:00,1,-16.185153824442498
stage36b_ny_late_reversal_h8_atr075,ny_late,reversal,8,2022-08-30 18:00:00+00:00,2022-08-31 02:00:00+00:00,-1,3.459852356615592
stage36b_ny_late_continuation_h8_atr075,ny_late,continuation,8,2022-08-30 18:00:00+00:00,2022-08-31 02:00:00+00:00,1,-3.459852356615592
stage36b_london_open_continuation_h4_atr075,london_open,continuation,4,2022-08-31 08:00:00+00:00,2022-08-31 12:00:00+00:00,-1,33.58011540168691
stage36b_london_open_reversal_h4_atr075,london_open,reversal,4,2022-08-31 08:00:00+00:00,2022-08-31 12:00:00+00:00,1,-33.58011540168691
stage36b_ny_open_continuation_h4_atr075,ny_open,continuation,4,2022-08-31 13:00:00+00:00,2022-08-31 17:00:00+00:00,1,17.149776927979648
stage36b_ny_open_reversal_h4_atr075,ny_open,reversal,4,2022-08-31 13:00:00+00:00,2022-08-31 17:00:00+00:00,-1,-17.149776927979648
stage36b_ny_late_reversal_h8_atr075,ny_late,reversal,8,2022-08-31 18:00:00+00:00,2022-09-01 02:00:00+00:00,1,-10.985388543404776
stage36b_ny_late_continuation_h8_atr075,ny_late,continuation,8,2022-08-31 18:00:00+00:00,2022-09-01 02:00:00+00:00,-1,10.985388543404776
stage36b_london_open_continuation_h4_atr075,london_open,continuation,4,2022-09-01 08:00:00+00:00,2022-09-01 12:00:00+00:00,1,-2.468695064232413
stage36b_london_open_reversal_h4_atr075,london_open,reversal,4,2022-09-01 08:00:00+00:00,2022-09-01 12:00:00+00:00,-1,2.468695064232413
stage36b_ny_open_continuation_h4_atr075,ny_open,continuation,4,2022-09-01 13:00:00+00:00,2022-09-01 17:00:00+00:00,-1,12.480527602479128
stage36b_ny_open_reversal_h4_atr075,ny_open,reversal,4,2022-09-01 13:00:00+00:00,2022-09-01 17:00:00+00:00,1,-12.480527602479128
stage36b_ny_late_reversal_h8_atr075,ny_late,reversal,8,2022-09-01 18:00:00+00:00,2022-09-02 02:00:00+00:00,-1,-1.6670701636402954
stage36b_ny_late_continuation_h8_atr075,ny_late,continuation,8,2022-09-01 18:00:00+00:00,2022-09-02 02:00:00+00:00,1,1.6670701636402954
stage36b_london_open_continuation_h4_atr075,london_open,continuation,4,2022-09-02 08:00:00+00:00,2022-09-02 12:00:00+00:00,1,10.024605730327485
stage36b_london_open_reversal_h4_atr075,london_open,reversal,4,2022-09-02 08:00:00+00:00,2022-09-02 12:00:00+00:00,-1,-10.024605730327485
stage36b_ny_open_continuation_h4_atr075,ny_open,continuation,4,2022-09-02 13:00:00+00:00,2022-09-02 17:00:00+00:00,-1,-24.64398837972049
stage36b_ny_open_reversal_h4_atr075,ny_open,reversal,4,2022-09-02 13:00:00+00:00,2022-09-02 17:00:00+00:00,1,24.64398837972049
stage36b_ny_late_reversal_h8_atr075,ny_late,reversal,8,2022-09-02 18:00:00+00:00,2022-09-05 02:00:00+00:00,1,-11.254146013095939
stage36b_ny_late_continuation_h8_atr075,ny_late,continuation,8,2022-09-02 18:00:00+00:00,2022-09-05 02:00:00+00:00,-1,11.254146013095939
stage36b_london_open_continuation_h4_atr075,london_open,continuation,4,2022-09-05 08:00:00+00:00,2022-09-05 12:00:00+00:00,1,1.4557137641476598
stage36b_london_open_reversal_h4_atr075,london_open,reversal,4,2022-09-05 08:00:00+00:00,2022-09-05 12:00:00+00:00,-1,-1.4557137641476598
stage36b_ny_open_continuation_h4_atr075,ny_open,continuation,4,2022-09-05 13:00:00+00:00,2022-09-05 17:00:00+00:00,1,-5.058064516128698
stage36b_ny_open_reversal_h4_atr075,ny_open,reversal,4,2022-09-05 13:00:00+00:00,2022-09-05 17:00:00+00:00,-1,5.058064516128698
stage36b_ny_late_reversal_h8_atr075,ny_late,reversal,8,2022-09-05 18:00:00+00:00,2022-09-06 02:00:00+00:00,1,6.295210166177875
stage36b_ny_late_continuation_h8_atr075,ny_late,continuation,8,2022-09-05 18:00:00+00:00,2022-09-06 02:00:00+00:00,-1,-6.295210166177875
stage36b_london_open_continuation_h4_atr075,london_open,continuation,4,2022-09-06 08:00:00+00:00,2022-09-06 12:00:00+00:00,1,-9.31326164874533
stage36b_london_open_reversal_h4_atr075,london_open,reversal,4,2022-09-06 08:00:00+00:00,2022-09-06 12:00:00+00:00,-1,9.31326164874533
stage36b_ny_open_continuation_h4_atr075,ny_open,continuation,4,2022-09-06 13:00:00+00:00,2022-09-06 17:00:00+00:00,1,-11.182318035821112
stage36b_ny_open_reversal_h4_atr075,ny_open,reversal,4,2022-09-06 13:00:00+00:00,2022-09-06 17:00:00+00:00,-1,11.182318035821112
stage36b_ny_late_reversal_h8_atr075,ny_late,reversal,8,2022-09-06 18:00:00+00:00,2022-09-07 02:00:00+00:00,1,0.5668195476830873
stage36b_ny_late_continuation_h8_atr075,ny_late,continuation,8,2022-09-06 18:00:00+00:00,2022-09-07 02:00:00+00:00,-1,-0.5668195476830873
stage36b_london_open_continuation_h4_atr075,london_open,continuation,4,2022-09-07 08:00:00+00:00,2022-09-07 12:00:00+00:00,1,15.337013769909149
stage36b_london_open_reversal_h4_atr075,london_open,reversal,4,2022-09-07 08:00:00+00:00,2022-09-07 12:00:00+00:00,-1,-15.337013769909149
stage36b_ny_open_continuation_h4_atr075,ny_open,continuation,4,2022-09-07 13:00:00+00:00,2022-09-07 17:00:00+00:00,-1,-10.35695123875641
stage36b_ny_open_reversal_h4_atr075,ny_open,reversal,4,2022-09-07 13:00:00+00:00,2022-09-07 17:00:00+00:00,1,10.35695123875641
stage36b_ny_late_reversal_h8_atr075,ny_late,reversal,8,2022-09-07 18:00:00+00:00,2022-09-08 02:00:00+00:00,1,6.639217404000428
stage36b_ny_late_continuation_h8_atr075,ny_late,continuation,8,2022-09-07 18:00:00+00:00,2022-09-08 02:00:00+00:00,-1,-6.639217404000428
stage36b_london_open_continuation_h4_atr075,london_open,continuation,4,2022-09-08 08:00:00+00:00,2022-09-08 12:00:00+00:00,1,7.842914596640744
stage36b_london_open_reversal_h4_atr075,london_open,reversal,4,2022-09-08 08:00:00+00:00,2022-09-08 12:00:00+00:00,-1,-7.842914596640744
stage36b_ny_open_continuation_h4_atr075,ny_open,continuation,4,2022-09-08 13:00:00+00:00,2022-09-08 17:00:00+00:00,1,-26.410771405192282
stage36b_ny_open_reversal_h4_atr075,ny_open,reversal,4,2022-09-08 13:00:00+00:00,2022-09-08 17:00:00+00:00,-1,26.410771405192282
stage36b_ny_late_reversal_h8_atr075,ny_late,reversal,8,2022-09-08 18:00:00+00:00,2022-09-09 02:00:00+00:00,1,3.7686303030303208
stage36b_ny_late_continuation_h8_atr075,ny_late,continuation,8,2022-09-08 18:00:00+00:00,2022-09-09 02:00:00+00:00,-1,-3.7686303030303208
stage36b_london_open_continuation_h4_atr075,london_open,continuation,4,2022-09-09 08:00:00+00:00,2022-09-09 12:00:00+00:00,-1,-13.94813588712873
stage36b_london_open_reversal_h4_atr075,london_open,reversal,4,2022-09-09 08:00:00+00:00,2022-09-09 12:00:00+00:00,1,13.94813588712873
stage36b_ny_open_continuation_h4_atr075,ny_open,continuation,4,2022-09-09 13:00:00+00:00,2022-09-09 17:00:00+00:00,-1,19.625854655670704
stage36b_ny_open_reversal_h4_atr075,ny_open,reversal,4,2022-09-09 13:00:00+00:00,2022-09-09 17:00:00+00:00,1,-19.625854655670704
stage36b_ny_late_reversal_h8_atr075,ny_late,reversal,8,2022-09-09 18:00:00+00:00,2022-09-12 02:00:00+00:00,-1,-1.9441376045445729
stage36b_ny_late_continuation_h8_atr075,ny_late,continuation,8,2022-09-09 18:00:00+00:00,2022-09-12 02:00:00+00:00,1,1.9441376045445729
stage36b_london_open_continuation_h4_atr075,london_open,continuation,4,2022-09-12 08:00:00+00:00,2022-09-12 12:00:00+00:00,1,22.11737891737892
stage36b_london_open_reversal_h4_atr075,london_open,reversal,4,2022-09-12 08:00:00+00:00,2022-09-12 12:00:00+00:00,-1,-22.11737891737892
stage36b_ny_open_continuation_h4_atr075,ny_open,continuation,4,2022-09-12 13:00:00+00:00,2022-09-12 17:00:00+00:00,1,4.30009794319307
stage36b_ny_open_reversal_h4_atr075,ny_open,reversal,4,2022-09-12 13:00:00+00:00,2022-09-12 17:00:00+00:00,-1,-4.30009794319307
stage36b_ny_late_reversal_h8_atr075,ny_late,reversal,8,2022-09-12 18:00:00+00:00,2022-09-13 02:00:00+00:00,-1,9.554655870445266
stage36b_ny_late_continuation_h8_atr075,ny_late,continuation,8,2022-09-12 18:00:00+00:00,2022-09-13 02:00:00+00:00,1,-9.554655870445266
stage36b_london_open_continuation_h4_atr075,london_open,continuation,4,2022-09-13 08:00:00+00:00,2022-09-13 12:00:00+00:00,-1,-9.506004543979277
stage36b_london_open_reversal_h4_atr075,london_open,reversal,4,2022-09-13 08:00:00+00:00,2022-09-13 12:00:00+00:00,1,9.506004543979277
stage36b_ny_open_continuation_h4_atr075,ny_open,continuation,4,2022-09-13 13:00:00+00:00,2022-09-13 17:00:00+00:00,1,-40.363783216217875
stage36b_ny_open_reversal_h4_atr075,ny_open,reversal,4,2022-09-13 13:00:00+00:00,2022-09-13 17:00:00+00:00,-1,40.363783216217875
stage36b_ny_late_reversal_h8_atr075,ny_late,reversal,8,2022-09-13 18:00:00+00:00,2022-09-14 02:00:00+00:00,1,1.0309883743999377
stage36b_ny_late_continuation_h8_atr075,ny_late,continuation,8,2022-09-13 18:00:00+00:00,2022-09-14 02:00:00+00:00,-1,-1.0309883743999377
stage36b_london_open_continuation_h4_atr075,london_open,continuation,4,2022-09-14 08:00:00+00:00,2022-09-14 12:00:00+00:00,-1,-5.385953372798235
stage36b_london_open_reversal_h4_atr075,london_open,reversal,4,2022-09-14 08:00:00+00:00,2022-09-14 12:00:00+00:00,1,5.385953372798235
stage36b_ny_open_continuation_h4_atr075,ny_open,continuation,4,2022-09-14 13:00:00+00:00,2022-09-14 17:00:00+00:00,-1,-4.585928489042843
stage36b_ny_open_reversal_h4_atr075,ny_open,reversal,4,2022-09-14 13:00:00+00:00,2022-09-14 17:00:00+00:00,1,4.585928489042843
stage36b_ny_late_reversal_h8_atr075,ny_late,reversal,8,2022-09-14 18:00:00+00:00,2022-09-15 02:00:00+00:00,1,-7.967599929565202
stage36b_ny_late_continuation_h8_atr075,ny_late,continuation,8,2022-09-14 18:00:00+00:00,2022-09-15 02:00:00+00:00,-1,7.967599929565202
stage36b_london_open_continuation_h4_atr075,london_open,continuation,4,2022-09-15 08:00:00+00:00,2022-09-15 12:00:00+00:00,1,1.192093258996241
stage36b_london_open_reversal_h4_atr075,london_open,reversal,4,2022-09-15 08:00:00+00:00,2022-09-15 12:00:00+00:00,-1,-1.192093258996241
stage36b_ny_open_continuation_h4_atr075,ny_open,continuation,4,2022-09-15 13:00:00+00:00,2022-09-15 17:00:00+00:00,-1,29.692488262910803
stage36b_ny_open_reversal_h4_atr075,ny_open,reversal,4,2022-09-15 13:00:00+00:00,2022-09-15 17:00:00+00:00,1,-29.692488262910803
stage36b_ny_late_reversal_h8_atr075,ny_late,reversal,8,2022-09-15 18:00:00+00:00,2022-09-16 02:00:00+00:00,1,-1.5935442769165347
stage36b_ny_late_continuation_h8_atr075,ny_late,continuation,8,2022-09-15 18:00:00+00:00,2022-09-16 02:00:00+00:00,-1,1.5935442769165347
stage36b_london_open_continuation_h4_atr075,london_open,continuation,4,2022-09-16 08:00:00+00:00,2022-09-16 12:00:00+00:00,-1,5.240620020281068
stage36b_london_open_reversal_h4_atr075,london_open,reversal,4,2022-09-16 08:00:00+00:00,2022-09-16 12:00:00+00:00,1,-5.240620020281068
stage36b_ny_open_continuation_h4_atr075,ny_open,continuation,4,2022-09-16 13:00:00+00:00,2022-09-16 17:00:00+00:00,1,13.788018433179863
stage36b_ny_open_reversal_h4_atr075,ny_open,reversal,4,2022-09-16 13:00:00+00:00,2022-09-16 17:00:00+00:00,-1,-13.788018433179863
stage36b_ny_late_reversal_h8_atr075,ny_late,reversal,8,2022-09-16 18:00:00+00:00,2022-09-19 02:00:00+00:00,1,3.6017482657685016
stage36b_ny_late_continuation_h8_atr075,ny_late,continuation,8,2022-09-16 18:00:00+00:00,2022-09-19 02:00:00+00:00,-1,-3.6017482657685016
stage36b_london_open_continuation_h4_atr075,london_open,continuation,4,2022-09-19 08:00:00+00:00,2022-09-19 12:00:00+00:00,-1,5.55889040472936
stage36b_london_open_reversal_h4_atr075,london_open,reversal,4,2022-09-19 08:00:00+00:00,2022-09-19 12:00:00+00:00,1,-5.55889040472936
stage36b_ny_open_continuation_h4_atr075,ny_open,continuation,4,2022-09-19 13:00:00+00:00,2022-09-19 17:00:00+00:00,1,9.998308282906956
stage36b_ny_open_reversal_h4_atr075,ny_open,reversal,4,2022-09-19 13:00:00+00:00,2022-09-19 17:00:00+00:00,-1,-9.998308282906956
stage36b_ny_late_reversal_h8_atr075,ny_late,reversal,8,2022-09-19 18:00:00+00:00,2022-09-20 02:00:00+00:00,1,5.94792472286649
stage36b_ny_late_continuation_h8_atr075,ny_late,continuation,8,2022-09-19 18:00:00+00:00,2022-09-20 02:00:00+00:00,-1,-5.94792472286649
stage36b_london_open_continuation_h4_atr075,london_open,continuation,4,2022-09-20 08:00:00+00:00,2022-09-20 12:00:00+00:00,-1,5.932972972973118
stage36b_london_open_reversal_h4_atr075,london_open,reversal,4,2022-09-20 08:00:00+00:00,2022-09-20 12:00:00+00:00,1,-5.932972972973118
stage36b_ny_open_continuation_h4_atr075,ny_open,continuation,4,2022-09-20 13:00:00+00:00,2022-09-20 17:00:00+00:00,1,-5.534613935969822
stage36b_ny_open_reversal_h4_atr075,ny_open,reversal,4,2022-09-20 13:00:00+00:00,2022-09-20 17:00:00+00:00,-1,5.534613935969822
stage36b_ny_late_reversal_h8_atr075,ny_late,reversal,8,2022-09-20 18:00:00+00:00,2022-09-21 02:00:00+00:00,-1,-1.0640713706406317
stage36b_ny_late_continuation_h8_atr075,ny_late,continuation,8,2022-09-20 18:00:00+00:00,2022-09-21 02:00:00+00:00,1,1.0640713706406317
stage36b_london_open_continuation_h4_atr075,london_open,continuation,4,2022-09-21 08:00:00+00:00,2022-09-21 12:00:00+00:00,1,15.25184577522539
stage36b_london_open_reversal_h4_atr075,london_open,reversal,4,2022-09-21 08:00:00+00:00,2022-09-21 12:00:00+00:00,-1,-15.25184577522539
stage36b_ny_open_continuation_h4_atr075,ny_open,continuation,4,2022-09-21 13:00:00+00:00,2022-09-21 17:00:00+00:00,1,-10.251201492001762
stage36b_ny_open_reversal_h4_atr075,ny_open,reversal,4,2022-09-21 13:00:00+00:00,2022-09-21 17:00:00+00:00,-1,10.251201492001762
stage36b_ny_late_reversal_h8_atr075,ny_late,reversal,8,2022-09-21 18:00:00+00:00,2022-09-22 02:00:00+00:00,1,-0.562288382953964
stage36b_ny_late_continuation_h8_atr075,ny_late,continuation,8,2022-09-21 18:00:00+00:00,2022-09-22 02:00:00+00:00,-1,0.562288382953964
stage36b_london_open_continuation_h4_atr075,london_open,continuation,4,2022-09-22 08:00:00+00:00,2022-09-22 12:00:00+00:00,1,3.8015843997563707
stage36b_london_open_reversal_h4_atr075,london_open,reversal,4,2022-09-22 08:00:00+00:00,2022-09-22 12:00:00+00:00,-1,-3.8015843997563707
stage36b_ny_open_continuation_h4_atr075,ny_open,continuation,4,2022-09-22 13:00:00+00:00,2022-09-22 17:00:00+00:00,1,2.278317152103462
stage36b_ny_open_reversal_h4_atr075,ny_open,reversal,4,2022-09-22 13:00:00+00:00,2022-09-22 17:00:00+00:00,-1,-2.278317152103462
stage36b_ny_late_reversal_h8_atr075,ny_late,reversal,8,2022-09-22 18:00:00+00:00,2022-09-23 02:00:00+00:00,-1,-0.9404972774388074
stage36b_ny_late_continuation_h8_atr075,ny_late,continuation,8,2022-09-22 18:00:00+00:00,2022-09-23 02:00:00+00:00,1,0.9404972774388074
stage36b_london_open_continuation_h4_atr075,london_open,continuation,4,2022-09-23 08:00:00+00:00,2022-09-23 12:00:00+00:00,1,-26.457815982171066
stage36b_london_open_reversal_h4_atr075,london_open,reversal,4,2022-09-23 08:00:00+00:00,2022-09-23 12:00:00+00:00,-1,26.457815982171066
stage36b_ny_open_continuation_h4_atr075,ny_open,continuation,4,2022-09-23 13:00:00+00:00,2022-09-23 17:00:00+00:00,-1,-0.0
stage36b_ny_open_reversal_h4_atr075,ny_open,reversal,4,2022-09-23 13:00:00+00:00,2022-09-23 17:00:00+00:00,1,0.0
stage36b_ny_late_reversal_h8_atr075,ny_late,reversal,8,2022-09-23 18:00:00+00:00,2022-09-26 02:00:00+00:00,-1,1.6044077134985595
stage36b_ny_late_continuation_h8_atr075,ny_late,continuation,8,2022-09-23 18:00:00+00:00,2022-09-26 02:00:00+00:00,1,-1.6044077134985595
stage36b_london_open_continuation_h4_atr075,london_open,continuation,4,2022-09-26 08:00:00+00:00,2022-09-26 12:00:00+00:00,1,4.187789154342127
stage36b_london_open_reversal_h4_atr075,london_open,reversal,4,2022-09-26 08:00:00+00:00,2022-09-26 12:00:00+00:00,-1,-4.187789154342127
stage36b_ny_open_continuation_h4_atr075,ny_open,continuation,4,2022-09-26 13:00:00+00:00,2022-09-26 17:00:00+00:00,-1,-3.5486950340205694
stage36b_ny_open_reversal_h4_atr075,ny_open,reversal,4,2022-09-26 13:00:00+00:00,2022-09-26 17:00:00+00:00,1,3.5486950340205694
stage36b_ny_late_reversal_h8_atr075,ny_late,reversal,8,2022-09-26 18:00:00+00:00,2022-09-27 02:00:00+00:00,1,-5.971558724499943
stage36b_ny_late_continuation_h8_atr075,ny_late,continuation,8,2022-09-26 18:00:00+00:00,2022-09-27 02:00:00+00:00,-1,5.971558724499943
stage36b_london_open_continuation_h4_atr075,london_open,continuation,4,2022-09-27 08:00:00+00:00,2022-09-27 12:00:00+00:00,1,-3.373149566104974
stage36b_london_open_reversal_h4_atr075,london_open,reversal,4,2022-09-27 08:00:00+00:00,2022-09-27 12:00:00+00:00,-1,3.373149566104974
stage36b_ny_open_continuation_h4_atr075,ny_open,continuation,4,2022-09-27 13:00:00+00:00,2022-09-27 17:00:00+00:00,1,-1.193302891933242
stage36b_ny_open_reversal_h4_atr075,ny_open,reversal,4,2022-09-27 13:00:00+00:00,2022-09-27 17:00:00+00:00,-1,1.193302891933242
stage36b_ny_late_reversal_h8_atr075,ny_late,reversal,8,2022-09-27 18:00:00+00:00,2022-09-28 02:00:00+00:00,1,-6.0237648530329935
stage36b_ny_late_continuation_h8_atr075,ny_late,continuation,8,2022-09-27 18:00:00+00:00,2022-09-28 02:00:00+00:00,-1,6.0237648530329935
stage36b_london_open_continuation_h4_atr075,london_open,continuation,4,2022-09-28 08:00:00+00:00,2022-09-28 12:00:00+00:00,-1,10.25641025641022
stage36b_london_open_reversal_h4_atr075,london_open,reversal,4,2022-09-28 08:00:00+00:00,2022-09-28 12:00:00+00:00,1,-10.25641025641022
stage36b_ny_open_continuation_h4_atr075,ny_open,continuation,4,2022-09-28 13:00:00+00:00,2022-09-28 17:00:00+00:00,1,25.20733775242799
stage36b_ny_open_reversal_h4_atr075,ny_open,reversal,4,2022-09-28 13:00:00+00:00,2022-09-28 17:00:00+00:00,-1,-25.20733775242799
stage36b_ny_late_reversal_h8_atr075,ny_late,reversal,8,2022-09-28 18:00:00+00:00,2022-09-29 02:00:00+00:00,-1,1.7464666231789463
stage36b_ny_late_continuation_h8_atr075,ny_late,continuation,8,2022-09-28 18:00:00+00:00,2022-09-29 02:00:00+00:00,1,-1.7464666231789463
stage36b_london_open_continuation_h4_atr075,london_open,continuation,4,2022-09-29 08:00:00+00:00,2022-09-29 12:00:00+00:00,-1,-5.081184336198872
stage36b_london_open_reversal_h4_atr075,london_open,reversal,4,2022-09-29 08:00:00+00:00,2022-09-29 12:00:00+00:00,1,5.081184336198872
stage36b_ny_open_continuation_h4_atr075,ny_open,continuation,4,2022-09-29 13:00:00+00:00,2022-09-29 17:00:00+00:00,1,3.8472395184723043
stage36b_ny_open_reversal_h4_atr075,ny_open,reversal,4,2022-09-29 13:00:00+00:00,2022-09-29 17:00:00+00:00,-1,-3.8472395184723043
stage36b_ny_late_reversal_h8_atr075,ny_late,reversal,8,2022-09-29 18:00:00+00:00,2022-09-30 02:00:00+00:00,-1,-3.8671978751659677
stage36b_ny_late_continuation_h8_atr075,ny_late,continuation,8,2022-09-29 18:00:00+00:00,2022-09-30 02:00:00+00:00,1,3.8671978751659677
stage36b_london_open_continuation_h4_atr075,london_open,continuation,4,2022-09-30 08:00:00+00:00,2022-09-30 12:00:00+00:00,1,0.029064486830128165
stage36b_london_open_reversal_h4_atr075,london_open,reversal,4,2022-09-30 08:00:00+00:00,2022-09-30 12:00:00+00:00,-1,-0.029064486830128165
stage36b_ny_open_continuation_h4_atr075,ny_open,continuation,4,2022-09-30 13:00:00+00:00,2022-09-30 17:00:00+00:00,-1,-9.60037678087869
stage36b_ny_open_reversal_h4_atr075,ny_open,reversal,4,2022-09-30 13:00:00+00:00,2022-09-30 17:00:00+00:00,1,9.60037678087869
stage36b_ny_late_reversal_h8_atr075,ny_late,reversal,8,2022-09-30 18:00:00+00:00,2022-10-03 02:00:00+00:00,1,-7.649353746363409
stage36b_ny_late_continuation_h8_atr075,ny_late,continuation,8,2022-09-30 18:00:00+00:00,2022-10-03 02:00:00+00:00,-1,7.649353746363409
stage36b_london_open_continuation_h4_atr075,london_open,continuation,4,2022-10-03 08:00:00+00:00,2022-10-03 12:00:00+00:00,1,-7.369733995163541
stage36b_london_open_reversal_h4_atr075,london_open,reversal,4,2022-10-03 08:00:00+00:00,2022-10-03 12:00:00+00:00,-1,7.369733995163541
stage36b_ny_open_continuation_h4_atr075,ny_open,continuation,4,2022-10-03 13:00:00+00:00,2022-10-03 17:00:00+00:00,1,29.182244677011795
stage36b_ny_open_reversal_h4_atr075,ny_open,reversal,4,2022-10-03 13:00:00+00:00,2022-10-03 17:00:00+00:00,-1,-29.182244677011795
stage36b_ny_late_reversal_h8_atr075,ny_late,reversal,8,2022-10-03 18:00:00+00:00,2022-10-04 02:00:00+00:00,-1,-8.951680594243305
stage36b_ny_late_continuation_h8_atr075,ny_late,continuation,8,2022-10-03 18:00:00+00:00,2022-10-04 02:00:00+00:00,1,8.951680594243305
stage36b_london_open_continuation_h4_atr075,london_open,continuation,4,2022-10-04 08:00:00+00:00,2022-10-04 12:00:00+00:00,1,6.432596445600293
stage36b_london_open_reversal_h4_atr075,london_open,reversal,4,2022-10-04 08:00:00+00:00,2022-10-04 12:00:00+00:00,-1,-6.432596445600293
stage36b_ny_open_continuation_h4_atr075,ny_open,continuation,4,2022-10-04 13:00:00+00:00,2022-10-04 17:00:00+00:00,-1,-18.32909131502555
stage36b_ny_open_reversal_h4_atr075,ny_open,reversal,4,2022-10-04 13:00:00+00:00,2022-10-04 17:00:00+00:00,1,18.32909131502555
stage36b_ny_late_reversal_h8_atr075,ny_late,reversal,8,2022-10-04 18:00:00+00:00,2022-10-05 02:00:00+00:00,-1,0.10215482841171843
stage36b_ny_late_continuation_h8_atr075,ny_late,continuation,8,2022-10-04 18:00:00+00:00,2022-10-05 02:00:00+00:00,1,-0.10215482841171843
stage36b_london_open_continuation_h4_atr075,london_open,continuation,4,2022-10-05 08:00:00+00:00,2022-10-05 12:00:00+00:00,-1,18.841269841270137
stage36b_london_open_reversal_h4_atr075,london_open,reversal,4,2022-10-05 08:00:00+00:00,2022-10-05 12:00:00+00:00,1,-18.841269841270137
stage36b_ny_open_continuation_h4_atr075,ny_open,continuation,4,2022-10-05 13:00:00+00:00,2022-10-05 17:00:00+00:00,1,-5.575790671217371
stage36b_ny_open_reversal_h4_atr075,ny_open,reversal,4,2022-10-05 13:00:00+00:00,2022-10-05 17:00:00+00:00,-1,5.575790671217371
stage36b_ny_late_reversal_h8_atr075,ny_late,reversal,8,2022-10-05 18:00:00+00:00,2022-10-06 02:00:00+00:00,-1,-7.073684210526325
stage36b_ny_late_continuation_h8_atr075,ny_late,continuation,8,2022-10-05 18:00:00+00:00,2022-10-06 02:00:00+00:00,1,7.073684210526325
stage36b_london_open_continuation_h4_atr075,london_open,continuation,4,2022-10-06 08:00:00+00:00,2022-10-06 12:00:00+00:00,-1,12.478943894389408
stage36b_london_open_reversal_h4_atr075,london_open,reversal,4,2022-10-06 08:00:00+00:00,2022-10-06 12:00:00+00:00,1,-12.478943894389408
stage36b_ny_open_continuation_h4_atr075,ny_open,continuation,4,2022-10-06 13:00:00+00:00,2022-10-06 17:00:00+00:00,-1,1.384393230520629
stage36b_ny_open_reversal_h4_atr075,ny_open,reversal,4,2022-10-06 13:00:00+00:00,2022-10-06 17:00:00+00:00,1,-1.384393230520629
stage36b_ny_late_reversal_h8_atr075,ny_late,reversal,8,2022-10-06 18:00:00+00:00,2022-10-07 02:00:00+00:00,1,3.940532530235738
stage36b_ny_late_continuation_h8_atr075,ny_late,continuation,8,2022-10-06 18:00:00+00:00,2022-10-07 02:00:00+00:00,-1,-3.940532530235738
stage36b_london_open_continuation_h4_atr075,london_open,continuation,4,2022-10-07 08:00:00+00:00,2022-10-07 12:00:00+00:00,1,-0.21157024793409207
stage36b_london_open_reversal_h4_atr075,london_open,reversal,4,2022-10-07 08:00:00+00:00,2022-10-07 12:00:00+00:00,-1,0.21157024793409207
stage36b_ny_open_continuation_h4_atr075,ny_open,continuation,4,2022-10-07 13:00:00+00:00,2022-10-07 17:00:00+00:00,-1,10.673191952147851
stage36b_ny_open_reversal_h4_atr075,ny_open,reversal,4,2022-10-07 13:00:00+00:00,2022-10-07 17:00:00+00:00,1,-10.673191952147851
stage36b_ny_late_reversal_h8_atr075,ny_late,reversal,8,2022-10-07 18:00:00+00:00,2022-10-10 02:00:00+00:00,-1,5.414177978883925
stage36b_ny_late_continuation_h8_atr075,ny_late,continuation,8,2022-10-07 18:00:00+00:00,2022-10-10 02:00:00+00:00,1,-5.414177978883925
stage36b_london_open_continuation_h4_atr075,london_open,continuation,4,2022-10-10 08:00:00+00:00,2022-10-10 12:00:00+00:00,-1,7.03475349266838
stage36b_london_open_reversal_h4_atr075,london_open,reversal,4,2022-10-10 08:00:00+00:00,2022-10-10 12:00:00+00:00,1,-7.03475349266838
stage36b_ny_open_continuation_h4_atr075,ny_open,continuation,4,2022-10-10 13:00:00+00:00,2022-10-10 17:00:00+00:00,-1,14.559241706161188
stage36b_ny_open_reversal_h4_atr075,ny_open,reversal,4,2022-10-10 13:00:00+00:00,2022-10-10 17:00:00+00:00,1,-14.559241706161188
stage36b_ny_late_reversal_h8_atr075,ny_late,reversal,8,2022-10-10 18:00:00+00:00,2022-10-11 02:00:00+00:00,1,3.0978723404256385
stage36b_ny_late_continuation_h8_atr075,ny_late,continuation,8,2022-10-10 18:00:00+00:00,2022-10-11 02:00:00+00:00,-1,-3.0978723404256385
stage36b_london_open_continuation_h4_atr075,london_open,continuation,4,2022-10-11 08:00:00+00:00,2022-10-11 12:00:00+00:00,1,-6.168996453160937
stage36b_london_open_reversal_h4_atr075,london_open,reversal,4,2022-10-11 08:00:00+00:00,2022-10-11 12:00:00+00:00,-1,6.168996453160937
stage36b_ny_open_continuation_h4_atr075,ny_open,continuation,4,2022-10-11 13:00:00+00:00,2022-10-11 17:00:00+00:00,1,2.989168062535031
stage36b_ny_open_reversal_h4_atr075,ny_open,reversal,4,2022-10-11 13:00:00+00:00,2022-10-11 17:00:00+00:00,-1,-2.989168062535031
stage36b_ny_late_reversal_h8_atr075,ny_late,reversal,8,2022-10-11 18:00:00+00:00,2022-10-12 02:00:00+00:00,-1,16.831426980251138
stage36b_ny_late_continuation_h8_atr075,ny_late,continuation,8,2022-10-11 18:00:00+00:00,2022-10-12 02:00:00+00:00,1,-16.831426980251138
stage36b_london_open_continuation_h4_atr075,london_open,continuation,4,2022-10-12 08:00:00+00:00,2022-10-12 12:00:00+00:00,1,0.6893424036280357
stage36b_london_open_reversal_h4_atr075,london_open,reversal,4,2022-10-12 08:00:00+00:00,2022-10-12 12:00:00+00:00,-1,-0.6893424036280357
stage36b_ny_open_continuation_h4_atr075,ny_open,continuation,4,2022-10-12 13:00:00+00:00,2022-10-12 17:00:00+00:00,-1,-0.7145735392880338
stage36b_ny_open_reversal_h4_atr075,ny_open,reversal,4,2022-10-12 13:00:00+00:00,2022-10-12 17:00:00+00:00,1,0.7145735392880338
stage36b_ny_late_reversal_h8_atr075,ny_late,reversal,8,2022-10-12 18:00:00+00:00,2022-10-13 02:00:00+00:00,1,5.470887065259885
stage36b_ny_late_continuation_h8_atr075,ny_late,continuation,8,2022-10-12 18:00:00+00:00,2022-10-13 02:00:00+00:00,-1,-5.470887065259885
stage36b_london_open_continuation_h4_atr075,london_open,continuation,4,2022-10-13 08:00:00+00:00,2022-10-13 12:00:00+00:00,-1,-11.611705924339397
stage36b_london_open_reversal_h4_atr075,london_open,reversal,4,2022-10-13 08:00:00+00:00,2022-10-13 12:00:00+00:00,1,11.611705924339397
stage36b_ny_open_continuation_h4_atr075,ny_open,continuation,4,2022-10-13 13:00:00+00:00,2022-10-13 17:00:00+00:00,-1,51.19238513637081
stage36b_ny_open_reversal_h4_atr075,ny_open,reversal,4,2022-10-13 13:00:00+00:00,2022-10-13 17:00:00+00:00,1,-51.19238513637081
stage36b_ny_late_reversal_h8_atr075,ny_late,reversal,8,2022-10-13 18:00:00+00:00,2022-10-14 02:00:00+00:00,-1,1.4803548795944597
stage36b_ny_late_continuation_h8_atr075,ny_late,continuation,8,2022-10-13 18:00:00+00:00,2022-10-14 02:00:00+00:00,1,-1.4803548795944597
stage36b_london_open_continuation_h4_atr075,london_open,continuation,4,2022-10-14 08:00:00+00:00,2022-10-14 12:00:00+00:00,1,-17.905525846702442
stage36b_london_open_reversal_h4_atr075,london_open,reversal,4,2022-10-14 08:00:00+00:00,2022-10-14 12:00:00+00:00,-1,17.905525846702442
stage36b_ny_open_continuation_h4_atr075,ny_open,continuation,4,2022-10-14 13:00:00+00:00,2022-10-14 17:00:00+00:00,1,-7.359952851038822
stage36b_ny_open_reversal_h4_atr075,ny_open,reversal,4,2022-10-14 13:00:00+00:00,2022-10-14 17:00:00+00:00,-1,7.359952851038822
stage36b_ny_late_reversal_h8_atr075,ny_late,reversal,8,2022-10-14 18:00:00+00:00,2022-10-17 02:00:00+00:00,1,2.168574102065646
stage36b_ny_late_continuation_h8_atr075,ny_late,continuation,8,2022-10-14 18:00:00+00:00,2022-10-17 02:00:00+00:00,-1,-2.168574102065646
stage36b_london_open_continuation_h4_atr075,london_open,continuation,4,2022-10-17 08:00:00+00:00,2022-10-17 12:00:00+00:00,1,4.450423517688188
stage36b_london_open_reversal_h4_atr075,london_open,reversal,4,2022-10-17 08:00:00+00:00,2022-10-17 12:00:00+00:00,-1,-4.450423517688188
stage36b_ny_open_continuation_h4_atr075,ny_open,continuation,4,2022-10-17 13:00:00+00:00,2022-10-17 17:00:00+00:00,1,6.280373831775826
stage36b_ny_open_reversal_h4_atr075,ny_open,reversal,4,2022-10-17 13:00:00+00:00,2022-10-17 17:00:00+00:00,-1,-6.280373831775826
stage36b_ny_late_reversal_h8_atr075,ny_late,reversal,8,2022-10-17 18:00:00+00:00,2022-10-18 02:00:00+00:00,-1,14.671672924488918
stage36b_ny_late_continuation_h8_atr075,ny_late,continuation,8,2022-10-17 18:00:00+00:00,2022-10-18 02:00:00+00:00,1,-14.671672924488918
stage36b_london_open_continuation_h4_atr075,london_open,continuation,4,2022-10-18 08:00:00+00:00,2022-10-18 12:00:00+00:00,-1,6.258742968941314
stage36b_london_open_reversal_h4_atr075,london_open,reversal,4,2022-10-18 08:00:00+00:00,2022-10-18 12:00:00+00:00,1,-6.258742968941314
stage36b_ny_open_continuation_h4_atr075,ny_open,continuation,4,2022-10-18 13:00:00+00:00,2022-10-18 17:00:00+00:00,-1,-1.8920308483292052
stage36b_ny_open_reversal_h4_atr075,ny_open,reversal,4,2022-10-18 13:00:00+00:00,2022-10-18 17:00:00+00:00,1,1.8920308483292052
stage36b_ny_late_reversal_h8_atr075,ny_late,reversal,8,2022-10-18 18:00:00+00:00,2022-10-19 02:00:00+00:00,1,2.7787878787880187
stage36b_ny_late_continuation_h8_atr075,ny_late,continuation,8,2022-10-18 18:00:00+00:00,2022-10-19 02:00:00+00:00,-1,-2.7787878787880187
stage36b_london_open_continuation_h4_atr075,london_open,continuation,4,2022-10-19 08:00:00+00:00,2022-10-19 12:00:00+00:00,1,-9.073041168659037
stage36b_london_open_reversal_h4_atr075,london_open,reversal,4,2022-10-19 08:00:00+00:00,2022-10-19 12:00:00+00:00,-1,9.073041168659037
stage36b_ny_open_continuation_h4_atr075,ny_open,continuation,4,2022-10-19 13:00:00+00:00,2022-10-19 17:00:00+00:00,-1,-1.0407847186370032
stage36b_ny_open_reversal_h4_atr075,ny_open,reversal,4,2022-10-19 13:00:00+00:00,2022-10-19 17:00:00+00:00,1,1.0407847186370032
stage36b_ny_late_reversal_h8_atr075,ny_late,reversal,8,2022-10-19 18:00:00+00:00,2022-10-20 02:00:00+00:00,1,-3.5064735868634
stage36b_ny_late_continuation_h8_atr075,ny_late,continuation,8,2022-10-19 18:00:00+00:00,2022-10-20 02:00:00+00:00,-1,3.5064735868634
stage36b_london_open_continuation_h4_atr075,london_open,continuation,4,2022-10-20 08:00:00+00:00,2022-10-20 12:00:00+00:00,-1,-4.423007882619141
stage36b_london_open_reversal_h4_atr075,london_open,reversal,4,2022-10-20 08:00:00+00:00,2022-10-20 12:00:00+00:00,1,4.423007882619141
stage36b_ny_open_continuation_h4_atr075,ny_open,continuation,4,2022-10-20 13:00:00+00:00,2022-10-20 17:00:00+00:00,1,8.322402561554574
stage36b_ny_open_reversal_h4_atr075,ny_open,reversal,4,2022-10-20 13:00:00+00:00,2022-10-20 17:00:00+00:00,-1,-8.322402561554574
stage36b_ny_late_reversal_h8_atr075,ny_late,reversal,8,2022-10-20 18:00:00+00:00,2022-10-21 02:00:00+00:00,1,-13.504845814978001
stage36b_ny_late_continuation_h8_atr075,ny_late,continuation,8,2022-10-20 18:00:00+00:00,2022-10-21 02:00:00+00:00,-1,13.504845814978001
stage36b_london_open_continuation_h4_atr075,london_open,continuation,4,2022-10-21 08:00:00+00:00,2022-10-21 12:00:00+00:00,-1,-6.476761619190388
stage36b_london_open_reversal_h4_atr075,london_open,reversal,4,2022-10-21 08:00:00+00:00,2022-10-21 12:00:00+00:00,1,6.476761619190388
stage36b_ny_open_continuation_h4_atr075,ny_open,continuation,4,2022-10-21 13:00:00+00:00,2022-10-21 17:00:00+00:00,-1,-21.103714038934548
stage36b_ny_open_reversal_h4_atr075,ny_open,reversal,4,2022-10-21 13:00:00+00:00,2022-10-21 17:00:00+00:00,1,21.103714038934548
stage36b_ny_late_reversal_h8_atr075,ny_late,reversal,8,2022-10-21 18:00:00+00:00,2022-10-24 02:00:00+00:00,-1,-7.85561936013125
stage36b_ny_late_continuation_h8_atr075,ny_late,continuation,8,2022-10-21 18:00:00+00:00,2022-10-24 02:00:00+00:00,1,7.85561936013125
stage36b_london_open_continuation_h4_atr075,london_open,continuation,4,2022-10-24 08:00:00+00:00,2022-10-24 12:00:00+00:00,-1,4.604415321007873
stage36b_london_open_reversal_h4_atr075,london_open,reversal,4,2022-10-24 08:00:00+00:00,2022-10-24 12:00:00+00:00,1,-4.604415321007873
stage36b_ny_open_continuation_h4_atr075,ny_open,continuation,4,2022-10-24 13:00:00+00:00,2022-10-24 17:00:00+00:00,-1,0.7491638795985659
stage36b_ny_open_reversal_h4_atr075,ny_open,reversal,4,2022-10-24 13:00:00+00:00,2022-10-24 17:00:00+00:00,1,-0.7491638795985659
stage36b_ny_late_reversal_h8_atr075,ny_late,reversal,8,2022-10-24 18:00:00+00:00,2022-10-25 02:00:00+00:00,-1,-0.06853745956830376
stage36b_ny_late_continuation_h8_atr075,ny_late,continuation,8,2022-10-24 18:00:00+00:00,2022-10-25 02:00:00+00:00,1,0.06853745956830376
stage36b_london_open_continuation_h4_atr075,london_open,continuation,4,2022-10-25 08:00:00+00:00,2022-10-25 12:00:00+00:00,-1,15.273577032215016
stage36b_london_open_reversal_h4_atr075,london_open,reversal,4,2022-10-25 08:00:00+00:00,2022-10-25 12:00:00+00:00,1,-15.273577032215016
stage36b_ny_open_continuation_h4_atr075,ny_open,continuation,4,2022-10-25 13:00:00+00:00,2022-10-25 17:00:00+00:00,1,20.37974683544281
stage36b_ny_open_reversal_h4_atr075,ny_open,reversal,4,2022-10-25 13:00:00+00:00,2022-10-25 17:00:00+00:00,-1,-20.37974683544281
stage36b_ny_late_reversal_h8_atr075,ny_late,reversal,8,2022-10-25 18:00:00+00:00,2022-10-26 02:00:00+00:00,-1,3.088947214931611
stage36b_ny_late_continuation_h8_atr075,ny_late,continuation,8,2022-10-25 18:00:00+00:00,2022-10-26 02:00:00+00:00,1,-3.088947214931611
stage36b_london_open_continuation_h4_atr075,london_open,continuation,4,2022-10-26 08:00:00+00:00,2022-10-26 12:00:00+00:00,1,19.361260628754057
stage36b_london_open_reversal_h4_atr075,london_open,reversal,4,2022-10-26 08:00:00+00:00,2022-10-26 12:00:00+00:00,-1,-19.361260628754057
stage36b_ny_open_continuation_h4_atr075,ny_open,continuation,4,2022-10-26 13:00:00+00:00,2022-10-26 17:00:00+00:00,-1,2.836454431960187
stage36b_ny_open_reversal_h4_atr075,ny_open,reversal,4,2022-10-26 13:00:00+00:00,2022-10-26 17:00:00+00:00,1,-2.836454431960187
stage36b_ny_late_reversal_h8_atr075,ny_late,reversal,8,2022-10-26 18:00:00+00:00,2022-10-27 02:00:00+00:00,-1,-0.3636363636364918
stage36b_ny_late_continuation_h8_atr075,ny_late,continuation,8,2022-10-26 18:00:00+00:00,2022-10-27 02:00:00+00:00,1,0.3636363636364918
stage36b_london_open_continuation_h4_atr075,london_open,continuation,4,2022-10-27 08:00:00+00:00,2022-10-27 12:00:00+00:00,1,-10.67615447335276
stage36b_london_open_reversal_h4_atr075,london_open,reversal,4,2022-10-27 08:00:00+00:00,2022-10-27 12:00:00+00:00,-1,10.67615447335276
stage36b_ny_open_continuation_h4_atr075,ny_open,continuation,4,2022-10-27 13:00:00+00:00,2022-10-27 17:00:00+00:00,-1,-1.810513521725838
stage36b_ny_open_reversal_h4_atr075,ny_open,reversal,4,2022-10-27 13:00:00+00:00,2022-10-27 17:00:00+00:00,1,1.810513521725838
stage36b_ny_late_reversal_h8_atr075,ny_late,reversal,8,2022-10-27 18:00:00+00:00,2022-10-28 02:00:00+00:00,1,0.7679752764499025
stage36b_ny_late_continuation_h8_atr075,ny_late,continuation,8,2022-10-27 18:00:00+00:00,2022-10-28 02:00:00+00:00,-1,-0.7679752764499025
stage36b_london_open_continuation_h4_atr075,london_open,continuation,4,2022-10-28 08:00:00+00:00,2022-10-28 12:00:00+00:00,-1,15.8958639512914
stage36b_london_open_reversal_h4_atr075,london_open,reversal,4,2022-10-28 08:00:00+00:00,2022-10-28 12:00:00+00:00,1,-15.8958639512914
stage36b_ny_open_continuation_h4_atr075,ny_open,continuation,4,2022-10-28 13:00:00+00:00,2022-10-28 17:00:00+00:00,-1,8.56830601092893
stage36b_ny_open_reversal_h4_atr075,ny_open,reversal,4,2022-10-28 13:00:00+00:00,2022-10-28 17:00:00+00:00,1,-8.56830601092893
stage36b_ny_late_reversal_h8_atr075,ny_late,reversal,8,2022-10-28 18:00:00+00:00,2022-10-31 01:00:00+00:00,1,3.5879514062239073
stage36b_ny_late_continuation_h8_atr075,ny_late,continuation,8,2022-10-28 18:00:00+00:00,2022-10-31 01:00:00+00:00,-1,-3.5879514062239073
stage36b_london_open_continuation_h4_atr075,london_open,continuation,4,2022-10-31 08:00:00+00:00,2022-10-31 12:00:00+00:00,1,-7.082053822024331
stage36b_london_open_reversal_h4_atr075,london_open,reversal,4,2022-10-31 08:00:00+00:00,2022-10-31 12:00:00+00:00,-1,7.082053822024331
stage36b_ny_open_continuation_h4_atr075,ny_open,continuation,4,2022-10-31 13:00:00+00:00,2022-10-31 17:00:00+00:00,1,-1.2053109713486834
stage36b_ny_open_reversal_h4_atr075,ny_open,reversal,4,2022-10-31 13:00:00+00:00,2022-10-31 17:00:00+00:00,-1,1.2053109713486834
stage36b_ny_late_reversal_h8_atr075,ny_late,reversal,8,2022-10-31 18:00:00+00:00,2022-11-01 02:00:00+00:00,1,-3.410715300267094
stage36b_ny_late_continuation_h8_atr075,ny_late,continuation,8,2022-10-31 18:00:00+00:00,2022-11-01 02:00:00+00:00,-1,3.410715300267094
stage36b_london_open_continuation_h4_atr075,london_open,continuation,4,2022-11-01 08:00:00+00:00,2022-11-01 12:00:00+00:00,1,6.54076602199453
stage36b_london_open_reversal_h4_atr075,london_open,reversal,4,2022-11-01 08:00:00+00:00,2022-11-01 12:00:00+00:00,-1,-6.54076602199453
stage36b_ny_open_continuation_h4_atr075,ny_open,continuation,4,2022-11-01 13:00:00+00:00,2022-11-01 17:00:00+00:00,1,-10.383751493428825
stage36b_ny_open_reversal_h4_atr075,ny_open,reversal,4,2022-11-01 13:00:00+00:00,2022-11-01 17:00:00+00:00,-1,10.383751493428825
stage36b_ny_late_reversal_h8_atr075,ny_late,reversal,8,2022-11-01 18:00:00+00:00,2022-11-02 02:00:00+00:00,-1,-5.640738668159001
stage36b_ny_late_continuation_h8_atr075,ny_late,continuation,8,2022-11-01 18:00:00+00:00,2022-11-02 02:00:00+00:00,1,5.640738668159001
stage36b_london_open_continuation_h4_atr075,london_open,continuation,4,2022-11-02 08:00:00+00:00,2022-11-02 12:00:00+00:00,1,7.557655641217327
stage36b_london_open_reversal_h4_atr075,london_open,reversal,4,2022-11-02 08:00:00+00:00,2022-11-02 12:00:00+00:00,-1,-7.557655641217327
stage36b_ny_open_continuation_h4_atr075,ny_open,continuation,4,2022-11-02 13:00:00+00:00,2022-11-02 17:00:00+00:00,-1,15.705063189245875
stage36b_ny_open_reversal_h4_atr075,ny_open,reversal,4,2022-11-02 13:00:00+00:00,2022-11-02 17:00:00+00:00,1,-15.705063189245875
stage36b_ny_late_reversal_h8_atr075,ny_late,reversal,8,2022-11-02 18:00:00+00:00,2022-11-03 02:00:00+00:00,-1,15.436350877192883
stage36b_ny_late_continuation_h8_atr075,ny_late,continuation,8,2022-11-02 18:00:00+00:00,2022-11-03 02:00:00+00:00,1,-15.436350877192883
stage36b_london_open_continuation_h4_atr075,london_open,continuation,4,2022-11-03 08:00:00+00:00,2022-11-03 12:00:00+00:00,-1,12.321325892102221
stage36b_london_open_reversal_h4_atr075,london_open,reversal,4,2022-11-03 08:00:00+00:00,2022-11-03 12:00:00+00:00,1,-12.321325892102221
stage36b_ny_open_continuation_h4_atr075,ny_open,continuation,4,2022-11-03 13:00:00+00:00,2022-11-03 17:00:00+00:00,-1,-8.128872366790533
stage36b_ny_open_reversal_h4_atr075,ny_open,reversal,4,2022-11-03 13:00:00+00:00,2022-11-03 17:00:00+00:00,1,8.128872366790533
stage36b_ny_late_reversal_h8_atr075,ny_late,reversal,8,2022-11-03 18:00:00+00:00,2022-11-04 02:00:00+00:00,-1,-3.6732891832228627
stage36b_ny_late_continuation_h8_atr075,ny_late,continuation,8,2022-11-03 18:00:00+00:00,2022-11-04 02:00:00+00:00,1,3.6732891832228627
stage36b_london_open_continuation_h4_atr075,london_open,continuation,4,2022-11-04 08:00:00+00:00,2022-11-04 12:00:00+00:00,1,4.125965537730285
stage36b_london_open_reversal_h4_atr075,london_open,reversal,4,2022-11-04 08:00:00+00:00,2022-11-04 12:00:00+00:00,-1,-4.125965537730285
stage36b_ny_open_continuation_h4_atr075,ny_open,continuation,4,2022-11-04 13:00:00+00:00,2022-11-04 17:00:00+00:00,1,23.30820399113091
stage36b_ny_open_reversal_h4_atr075,ny_open,reversal,4,2022-11-04 13:00:00+00:00,2022-11-04 17:00:00+00:00,-1,-23.30820399113091
stage36b_ny_late_reversal_h8_atr075,ny_late,reversal,8,2022-11-04 18:00:00+00:00,2022-11-07 02:00:00+00:00,-1,-0.3057217847769798
stage36b_ny_late_continuation_h8_atr075,ny_late,continuation,8,2022-11-04 18:00:00+00:00,2022-11-07 02:00:00+00:00,1,0.3057217847769798
stage36b_london_open_continuation_h4_atr075,london_open,continuation,4,2022-11-07 08:00:00+00:00,2022-11-07 12:00:00+00:00,-1,-9.243483645780744
stage36b_london_open_reversal_h4_atr075,london_open,reversal,4,2022-11-07 08:00:00+00:00,2022-11-07 12:00:00+00:00,1,9.243483645780744
stage36b_ny_open_continuation_h4_atr075,ny_open,continuation,4,2022-11-07 13:00:00+00:00,2022-11-07 17:00:00+00:00,-1,-2.381370232871929
stage36b_ny_open_reversal_h4_atr075,ny_open,reversal,4,2022-11-07 13:00:00+00:00,2022-11-07 17:00:00+00:00,1,2.381370232871929
stage36b_ny_late_reversal_h8_atr075,ny_late,reversal,8,2022-11-07 18:00:00+00:00,2022-11-08 02:00:00+00:00,1,-3.8596845709156327
stage36b_ny_late_continuation_h8_atr075,ny_late,continuation,8,2022-11-07 18:00:00+00:00,2022-11-08 02:00:00+00:00,-1,3.8596845709156327
stage36b_london_open_continuation_h4_atr075,london_open,continuation,4,2022-11-08 08:00:00+00:00,2022-11-08 12:00:00+00:00,1,0.06115206115200611
stage36b_london_open_reversal_h4_atr075,london_open,reversal,4,2022-11-08 08:00:00+00:00,2022-11-08 12:00:00+00:00,-1,-0.06115206115200611
stage36b_ny_open_continuation_h4_atr075,ny_open,continuation,4,2022-11-08 13:00:00+00:00,2022-11-08 17:00:00+00:00,1,65.57046688382172
stage36b_ny_open_reversal_h4_atr075,ny_open,reversal,4,2022-11-08 13:00:00+00:00,2022-11-08 17:00:00+00:00,-1,-65.57046688382172
stage36b_ny_late_reversal_h8_atr075,ny_late,reversal,8,2022-11-08 18:00:00+00:00,2022-11-09 02:00:00+00:00,-1,5.153905645785047
stage36b_ny_late_continuation_h8_atr075,ny_late,continuation,8,2022-11-08 18:00:00+00:00,2022-11-09 02:00:00+00:00,1,-5.153905645785047
stage36b_london_open_continuation_h4_atr075,london_open,continuation,4,2022-11-09 08:00:00+00:00,2022-11-09 12:00:00+00:00,1,-1.9812301667681902
stage36b_london_open_reversal_h4_atr075,london_open,reversal,4,2022-11-09 08:00:00+00:00,2022-11-09 12:00:00+00:00,-1,1.9812301667681902
stage36b_ny_open_continuation_h4_atr075,ny_open,continuation,4,2022-11-09 13:00:00+00:00,2022-11-09 17:00:00+00:00,-1,-4.2315661182205595
stage36b_ny_open_reversal_h4_atr075,ny_open,reversal,4,2022-11-09 13:00:00+00:00,2022-11-09 17:00:00+00:00,1,4.2315661182205595
stage36b_ny_late_reversal_h8_atr075,ny_late,reversal,8,2022-11-09 18:00:00+00:00,2022-11-10 02:00:00+00:00,-1,6.512014239098348
stage36b_ny_late_continuation_h8_atr075,ny_late,continuation,8,2022-11-09 18:00:00+00:00,2022-11-10 02:00:00+00:00,1,-6.512014239098348
stage36b_london_open_continuation_h4_atr075,london_open,continuation,4,2022-11-10 08:00:00+00:00,2022-11-10 12:00:00+00:00,-1,2.708369533738911
stage36b_london_open_reversal_h4_atr075,london_open,reversal,4,2022-11-10 08:00:00+00:00,2022-11-10 12:00:00+00:00,1,-2.708369533738911
stage36b_ny_open_continuation_h4_atr075,ny_open,continuation,4,2022-11-10 13:00:00+00:00,2022-11-10 17:00:00+00:00,-1,-71.8633686690223
stage36b_ny_open_reversal_h4_atr075,ny_open,reversal,4,2022-11-10 13:00:00+00:00,2022-11-10 17:00:00+00:00,1,71.8633686690223
stage36b_ny_late_reversal_h8_atr075,ny_late,reversal,8,2022-11-10 18:00:00+00:00,2022-11-11 02:00:00+00:00,1,1.4028722600151295
stage36b_ny_late_continuation_h8_atr075,ny_late,continuation,8,2022-11-10 18:00:00+00:00,2022-11-11 02:00:00+00:00,-1,-1.4028722600151295
stage36b_london_open_continuation_h4_atr075,london_open,continuation,4,2022-11-11 08:00:00+00:00,2022-11-11 12:00:00+00:00,-1,-0.3226062773142198
stage36b_london_open_reversal_h4_atr075,london_open,reversal,4,2022-11-11 08:00:00+00:00,2022-11-11 12:00:00+00:00,1,0.3226062773142198
stage36b_ny_open_continuation_h4_atr075,ny_open,continuation,4,2022-11-11 13:00:00+00:00,2022-11-11 17:00:00+00:00,1,3.944351697273262
stage36b_ny_open_reversal_h4_atr075,ny_open,reversal,4,2022-11-11 13:00:00+00:00,2022-11-11 17:00:00+00:00,-1,-3.944351697273262
stage36b_ny_late_reversal_h8_atr075,ny_late,reversal,8,2022-11-11 18:00:00+00:00,2022-11-14 02:00:00+00:00,1,0.5260395082194141
stage36b_ny_late_continuation_h8_atr075,ny_late,continuation,8,2022-11-11 18:00:00+00:00,2022-11-14 02:00:00+00:00,-1,-0.5260395082194141
stage36b_london_open_continuation_h4_atr075,london_open,continuation,4,2022-11-14 08:00:00+00:00,2022-11-14 12:00:00+00:00,1,-5.195361284567193
stage36b_london_open_reversal_h4_atr075,london_open,reversal,4,2022-11-14 08:00:00+00:00,2022-11-14 12:00:00+00:00,-1,5.195361284567193
stage36b_ny_open_continuation_h4_atr075,ny_open,continuation,4,2022-11-14 13:00:00+00:00,2022-11-14 17:00:00+00:00,-1,-19.563824289405456
stage36b_ny_open_reversal_h4_atr075,ny_open,reversal,4,2022-11-14 13:00:00+00:00,2022-11-14 17:00:00+00:00,1,19.563824289405456
stage36b_ny_late_reversal_h8_atr075,ny_late,reversal,8,2022-11-14 18:00:00+00:00,2022-11-15 02:00:00+00:00,1,-1.9048155978387888
stage36b_ny_late_continuation_h8_atr075,ny_late,continuation,8,2022-11-14 18:00:00+00:00,2022-11-15 02:00:00+00:00,-1,1.9048155978387888
stage36b_london_open_continuation_h4_atr075,london_open,continuation,4,2022-11-15 08:00:00+00:00,2022-11-15 12:00:00+00:00,-1,-11.48189073050922
stage36b_london_open_reversal_h4_atr075,london_open,reversal,4,2022-11-15 08:00:00+00:00,2022-11-15 12:00:00+00:00,1,11.48189073050922
stage36b_ny_open_continuation_h4_atr075,ny_open,continuation,4,2022-11-15 13:00:00+00:00,2022-11-15 17:00:00+00:00,1,-6.491745588159361
stage36b_ny_open_reversal_h4_atr075,ny_open,reversal,4,2022-11-15 13:00:00+00:00,2022-11-15 17:00:00+00:00,-1,6.491745588159361
stage36b_ny_late_reversal_h8_atr075,ny_late,reversal,8,2022-11-15 18:00:00+00:00,2022-11-16 02:00:00+00:00,1,6.056402498157236
stage36b_ny_late_continuation_h8_atr075,ny_late,continuation,8,2022-11-15 18:00:00+00:00,2022-11-16 02:00:00+00:00,-1,-6.056402498157236
stage36b_london_open_continuation_h4_atr075,london_open,continuation,4,2022-11-16 08:00:00+00:00,2022-11-16 12:00:00+00:00,-1,-9.277367173336867
stage36b_london_open_reversal_h4_atr075,london_open,reversal,4,2022-11-16 08:00:00+00:00,2022-11-16 12:00:00+00:00,1,9.277367173336867
stage36b_ny_open_continuation_h4_atr075,ny_open,continuation,4,2022-11-16 13:00:00+00:00,2022-11-16 17:00:00+00:00,1,-4.9614120089979945
stage36b_ny_open_reversal_h4_atr075,ny_open,reversal,4,2022-11-16 13:00:00+00:00,2022-11-16 17:00:00+00:00,-1,4.9614120089979945
stage36b_ny_late_reversal_h8_atr075,ny_late,reversal,8,2022-11-16 18:00:00+00:00,2022-11-17 02:00:00+00:00,1,-1.1246593028259442
stage36b_ny_late_continuation_h8_atr075,ny_late,continuation,8,2022-11-16 18:00:00+00:00,2022-11-17 02:00:00+00:00,-1,1.1246593028259442
stage36b_london_open_continuation_h4_atr075,london_open,continuation,4,2022-11-17 08:00:00+00:00,2022-11-17 12:00:00+00:00,1,-9.198906861658752
stage36b_london_open_reversal_h4_atr075,london_open,reversal,4,2022-11-17 08:00:00+00:00,2022-11-17 12:00:00+00:00,-1,9.198906861658752
stage36b_ny_open_continuation_h4_atr075,ny_open,continuation,4,2022-11-17 13:00:00+00:00,2022-11-17 17:00:00+00:00,1,-7.738766980146243
stage36b_ny_open_reversal_h4_atr075,ny_open,reversal,4,2022-11-17 13:00:00+00:00,2022-11-17 17:00:00+00:00,-1,7.738766980146243
stage36b_ny_late_reversal_h8_atr075,ny_late,reversal,8,2022-11-17 18:00:00+00:00,2022-11-18 02:00:00+00:00,1,5.369900316070802
stage36b_ny_late_continuation_h8_atr075,ny_late,continuation,8,2022-11-17 18:00:00+00:00,2022-11-18 02:00:00+00:00,-1,-5.369900316070802
stage36b_london_open_continuation_h4_atr075,london_open,continuation,4,2022-11-18 08:00:00+00:00,2022-11-18 12:00:00+00:00,-1,-2.3882633913340063
stage36b_london_open_reversal_h4_atr075,london_open,reversal,4,2022-11-18 08:00:00+00:00,2022-11-18 12:00:00+00:00,1,2.3882633913340063
stage36b_ny_open_continuation_h4_atr075,ny_open,continuation,4,2022-11-18 13:00:00+00:00,2022-11-18 17:00:00+00:00,-1,4.4454889672283615
stage36b_ny_open_reversal_h4_atr075,ny_open,reversal,4,2022-11-18 13:00:00+00:00,2022-11-18 17:00:00+00:00,1,-4.4454889672283615
stage36b_ny_late_reversal_h8_atr075,ny_late,reversal,8,2022-11-18 18:00:00+00:00,2022-11-21 02:00:00+00:00,1,-4.166836215666215
stage36b_ny_late_continuation_h8_atr075,ny_late,continuation,8,2022-11-18 18:00:00+00:00,2022-11-21 02:00:00+00:00,-1,4.166836215666215
stage36b_london_open_continuation_h4_atr075,london_open,continuation,4,2022-11-21 08:00:00+00:00,2022-11-21 12:00:00+00:00,-1,5.925150788460289
stage36b_london_open_reversal_h4_atr075,london_open,reversal,4,2022-11-21 08:00:00+00:00,2022-11-21 12:00:00+00:00,1,-5.925150788460289
stage36b_ny_open_continuation_h4_atr075,ny_open,continuation,4,2022-11-21 13:00:00+00:00,2022-11-21 17:00:00+00:00,-1,5.021265068400294
stage36b_ny_open_reversal_h4_atr075,ny_open,reversal,4,2022-11-21 13:00:00+00:00,2022-11-21 17:00:00+00:00,1,-5.021265068400294
stage36b_ny_late_reversal_h8_atr075,ny_late,reversal,8,2022-11-21 18:00:00+00:00,2022-11-22 02:00:00+00:00,1,10.413724456935478
stage36b_ny_late_continuation_h8_atr075,ny_late,continuation,8,2022-11-21 18:00:00+00:00,2022-11-22 02:00:00+00:00,-1,-10.413724456935478
stage36b_london_open_continuation_h4_atr075,london_open,continuation,4,2022-11-22 08:00:00+00:00,2022-11-22 12:00:00+00:00,-1,-8.585194918966257
stage36b_london_open_reversal_h4_atr075,london_open,reversal,4,2022-11-22 08:00:00+00:00,2022-11-22 12:00:00+00:00,1,8.585194918966257
stage36b_ny_open_continuation_h4_atr075,ny_open,continuation,4,2022-11-22 13:00:00+00:00,2022-11-22 17:00:00+00:00,1,-10.447124047124143
stage36b_ny_open_reversal_h4_atr075,ny_open,reversal,4,2022-11-22 13:00:00+00:00,2022-11-22 17:00:00+00:00,-1,10.447124047124143
stage36b_ny_late_reversal_h8_atr075,ny_late,reversal,8,2022-11-22 18:00:00+00:00,2022-11-23 02:00:00+00:00,-1,1.0437601296597232
stage36b_ny_late_continuation_h8_atr075,ny_late,continuation,8,2022-11-22 18:00:00+00:00,2022-11-23 02:00:00+00:00,1,-1.0437601296597232
stage36b_london_open_continuation_h4_atr075,london_open,continuation,4,2022-11-23 08:00:00+00:00,2022-11-23 12:00:00+00:00,1,-3.247963506027985
stage36b_london_open_reversal_h4_atr075,london_open,reversal,4,2022-11-23 08:00:00+00:00,2022-11-23 12:00:00+00:00,-1,3.247963506027985
stage36b_ny_open_continuation_h4_atr075,ny_open,continuation,4,2022-11-23 13:00:00+00:00,2022-11-23 17:00:00+00:00,1,5.561762880198629
stage36b_ny_open_reversal_h4_atr075,ny_open,reversal,4,2022-11-23 13:00:00+00:00,2022-11-23 17:00:00+00:00,-1,-5.561762880198629
stage36b_ny_late_reversal_h8_atr075,ny_late,reversal,8,2022-11-23 18:00:00+00:00,2022-11-24 02:00:00+00:00,1,10.476887486855869
stage36b_ny_late_continuation_h8_atr075,ny_late,continuation,8,2022-11-23 18:00:00+00:00,2022-11-24 02:00:00+00:00,-1,-10.476887486855869
stage36b_london_open_continuation_h4_atr075,london_open,continuation,4,2022-11-24 08:00:00+00:00,2022-11-24 12:00:00+00:00,1,1.4760602874168414
stage36b_london_open_reversal_h4_atr075,london_open,reversal,4,2022-11-24 08:00:00+00:00,2022-11-24 12:00:00+00:00,-1,-1.4760602874168414
stage36b_ny_open_continuation_h4_atr075,ny_open,continuation,4,2022-11-24 13:00:00+00:00,2022-11-24 17:00:00+00:00,1,-2.589797672056514
stage36b_ny_open_reversal_h4_atr075,ny_open,reversal,4,2022-11-24 13:00:00+00:00,2022-11-24 17:00:00+00:00,-1,2.589797672056514
stage36b_ny_late_reversal_h8_atr075,ny_late,reversal,8,2022-11-24 18:00:00+00:00,2022-11-25 03:00:00+00:00,-1,0.3965303593557299
stage36b_ny_late_continuation_h8_atr075,ny_late,continuation,8,2022-11-24 18:00:00+00:00,2022-11-25 03:00:00+00:00,1,-0.3965303593557299
stage36b_london_open_continuation_h4_atr075,london_open,continuation,4,2022-11-25 08:00:00+00:00,2022-11-25 12:00:00+00:00,1,-9.744934445768964
stage36b_london_open_reversal_h4_atr075,london_open,reversal,4,2022-11-25 08:00:00+00:00,2022-11-25 12:00:00+00:00,-1,9.744934445768964
stage36b_ny_open_continuation_h4_atr075,ny_open,continuation,4,2022-11-25 13:00:00+00:00,2022-11-25 17:00:00+00:00,-1,1.0247452692865298
stage36b_ny_open_reversal_h4_atr075,ny_open,reversal,4,2022-11-25 13:00:00+00:00,2022-11-25 17:00:00+00:00,1,-1.0247452692865298
stage36b_ny_late_reversal_h8_atr075,ny_late,reversal,8,2022-11-25 18:00:00+00:00,2022-11-28 04:00:00+00:00,-1,1.520463166300641
stage36b_ny_late_continuation_h8_atr075,ny_late,continuation,8,2022-11-25 18:00:00+00:00,2022-11-28 04:00:00+00:00,1,-1.520463166300641
stage36b_london_open_continuation_h4_atr075,london_open,continuation,4,2022-11-28 08:00:00+00:00,2022-11-28 12:00:00+00:00,1,12.414457831325434
stage36b_london_open_reversal_h4_atr075,london_open,reversal,4,2022-11-28 08:00:00+00:00,2022-11-28 12:00:00+00:00,-1,-12.414457831325434
stage36b_ny_open_continuation_h4_atr075,ny_open,continuation,4,2022-11-28 13:00:00+00:00,2022-11-28 17:00:00+00:00,-1,16.236704614200246
stage36b_ny_open_reversal_h4_atr075,ny_open,reversal,4,2022-11-28 13:00:00+00:00,2022-11-28 17:00:00+00:00,1,-16.236704614200246
stage36b_ny_late_reversal_h8_atr075,ny_late,reversal,8,2022-11-28 18:00:00+00:00,2022-11-29 02:00:00+00:00,1,-4.449410304158999
stage36b_ny_late_continuation_h8_atr075,ny_late,continuation,8,2022-11-28 18:00:00+00:00,2022-11-29 02:00:00+00:00,-1,4.449410304158999
stage36b_london_open_continuation_h4_atr075,london_open,continuation,4,2022-11-29 08:00:00+00:00,2022-11-29 12:00:00+00:00,-1,-5.717876217405079
stage36b_london_open_reversal_h4_atr075,london_open,reversal,4,2022-11-29 08:00:00+00:00,2022-11-29 12:00:00+00:00,1,5.717876217405079
stage36b_ny_open_continuation_h4_atr075,ny_open,continuation,4,2022-11-29 13:00:00+00:00,2022-11-29 17:00:00+00:00,1,-3.206106870229044
stage36b_ny_open_reversal_h4_atr075,ny_open,reversal,4,2022-11-29 13:00:00+00:00,2022-11-29 17:00:00+00:00,-1,3.206106870229044
stage36b_ny_late_reversal_h8_atr075,ny_late,reversal,8,2022-11-29 18:00:00+00:00,2022-11-30 02:00:00+00:00,1,-0.5077863197319534
stage36b_ny_late_continuation_h8_atr075,ny_late,continuation,8,2022-11-29 18:00:00+00:00,2022-11-30 02:00:00+00:00,-1,0.5077863197319534
stage36b_london_open_continuation_h4_atr075,london_open,continuation,4,2022-11-30 08:00:00+00:00,2022-11-30 12:00:00+00:00,-1,-11.222317107885052
stage36b_london_open_reversal_h4_atr075,london_open,reversal,4,2022-11-30 08:00:00+00:00,2022-11-30 12:00:00+00:00,1,11.222317107885052
stage36b_ny_open_continuation_h4_atr075,ny_open,continuation,4,2022-11-30 13:00:00+00:00,2022-11-30 17:00:00+00:00,1,-16.762959544685586
stage36b_ny_open_reversal_h4_atr075,ny_open,reversal,4,2022-11-30 13:00:00+00:00,2022-11-30 17:00:00+00:00,-1,16.762959544685586
stage36b_ny_late_reversal_h8_atr075,ny_late,reversal,8,2022-11-30 18:00:00+00:00,2022-12-01 02:00:00+00:00,1,31.909766281654974
stage36b_ny_late_continuation_h8_atr075,ny_late,continuation,8,2022-11-30 18:00:00+00:00,2022-12-01 02:00:00+00:00,-1,-31.909766281654974
stage36b_london_open_continuation_h4_atr075,london_open,continuation,4,2022-12-01 08:00:00+00:00,2022-12-01 12:00:00+00:00,1,-5.332697428560118
stage36b_london_open_reversal_h4_atr075,london_open,reversal,4,2022-12-01 08:00:00+00:00,2022-12-01 12:00:00+00:00,-1,5.332697428560118
stage36b_ny_open_continuation_h4_atr075,ny_open,continuation,4,2022-12-01 13:00:00+00:00,2022-12-01 17:00:00+00:00,1,17.305046982466347
stage36b_ny_open_reversal_h4_atr075,ny_open,reversal,4,2022-12-01 13:00:00+00:00,2022-12-01 17:00:00+00:00,-1,-17.305046982466347
stage36b_ny_late_reversal_h8_atr075,ny_late,reversal,8,2022-12-01 18:00:00+00:00,2022-12-02 02:00:00+00:00,-1,2.328520001617854
stage36b_ny_late_continuation_h8_atr075,ny_late,continuation,8,2022-12-01 18:00:00+00:00,2022-12-02 02:00:00+00:00,1,-2.328520001617854
stage36b_london_open_continuation_h4_atr075,london_open,continuation,4,2022-12-02 08:00:00+00:00,2022-12-02 12:00:00+00:00,1,2.3182867606081317
stage36b_london_open_reversal_h4_atr075,london_open,reversal,4,2022-12-02 08:00:00+00:00,2022-12-02 12:00:00+00:00,-1,-2.3182867606081317
stage36b_ny_open_continuation_h4_atr075,ny_open,continuation,4,2022-12-02 13:00:00+00:00,2022-12-02 17:00:00+00:00,-1,21.929469487886994
stage36b_ny_open_reversal_h4_atr075,ny_open,reversal,4,2022-12-02 13:00:00+00:00,2022-12-02 17:00:00+00:00,1,-21.929469487886994
stage36b_ny_late_reversal_h8_atr075,ny_late,reversal,8,2022-12-02 18:00:00+00:00,2022-12-05 02:00:00+00:00,-1,-4.491002455905126
stage36b_ny_late_continuation_h8_atr075,ny_late,continuation,8,2022-12-02 18:00:00+00:00,2022-12-05 02:00:00+00:00,1,4.491002455905126
stage36b_london_open_continuation_h4_atr075,london_open,continuation,4,2022-12-05 08:00:00+00:00,2022-12-05 12:00:00+00:00,-1,11.603022153924904
stage36b_london_open_reversal_h4_atr075,london_open,reversal,4,2022-12-05 08:00:00+00:00,2022-12-05 12:00:00+00:00,1,-11.603022153924904
stage36b_ny_open_continuation_h4_atr075,ny_open,continuation,4,2022-12-05 13:00:00+00:00,2022-12-05 17:00:00+00:00,-1,21.823956997129066
stage36b_ny_open_reversal_h4_atr075,ny_open,reversal,4,2022-12-05 13:00:00+00:00,2022-12-05 17:00:00+00:00,1,-21.823956997129066
stage36b_ny_late_reversal_h8_atr075,ny_late,reversal,8,2022-12-05 18:00:00+00:00,2022-12-06 02:00:00+00:00,1,-2.954180829367862
stage36b_ny_late_continuation_h8_atr075,ny_late,continuation,8,2022-12-05 18:00:00+00:00,2022-12-06 02:00:00+00:00,-1,2.954180829367862
stage36b_london_open_continuation_h4_atr075,london_open,continuation,4,2022-12-06 08:00:00+00:00,2022-12-06 12:00:00+00:00,-1,-7.123049575350763
stage36b_london_open_reversal_h4_atr075,london_open,reversal,4,2022-12-06 08:00:00+00:00,2022-12-06 12:00:00+00:00,1,7.123049575350763
stage36b_ny_open_continuation_h4_atr075,ny_open,continuation,4,2022-12-06 13:00:00+00:00,2022-12-06 17:00:00+00:00,1,-8.280333508250065
stage36b_ny_open_reversal_h4_atr075,ny_open,reversal,4,2022-12-06 13:00:00+00:00,2022-12-06 17:00:00+00:00,-1,8.280333508250065
stage36b_ny_late_reversal_h8_atr075,ny_late,reversal,8,2022-12-06 18:00:00+00:00,2022-12-07 02:00:00+00:00,1,-2.5675940326017948
stage36b_ny_late_continuation_h8_atr075,ny_late,continuation,8,2022-12-06 18:00:00+00:00,2022-12-07 02:00:00+00:00,-1,2.5675940326017948
stage36b_london_open_continuation_h4_atr075,london_open,continuation,4,2022-12-07 08:00:00+00:00,2022-12-07 12:00:00+00:00,-1,-0.6692506459946388
stage36b_london_open_reversal_h4_atr075,london_open,reversal,4,2022-12-07 08:00:00+00:00,2022-12-07 12:00:00+00:00,1,0.6692506459946388
stage36b_ny_open_continuation_h4_atr075,ny_open,continuation,4,2022-12-07 13:00:00+00:00,2022-12-07 17:00:00+00:00,-1,-14.535323383084725
stage36b_ny_open_reversal_h4_atr075,ny_open,reversal,4,2022-12-07 13:00:00+00:00,2022-12-07 17:00:00+00:00,1,14.535323383084725
stage36b_ny_late_reversal_h8_atr075,ny_late,reversal,8,2022-12-07 18:00:00+00:00,2022-12-08 02:00:00+00:00,-1,-3.332128458223307
stage36b_ny_late_continuation_h8_atr075,ny_late,continuation,8,2022-12-07 18:00:00+00:00,2022-12-08 02:00:00+00:00,1,3.332128458223307
stage36b_london_open_continuation_h4_atr075,london_open,continuation,4,2022-12-08 08:00:00+00:00,2022-12-08 12:00:00+00:00,1,-4.151853506029495
stage36b_london_open_reversal_h4_atr075,london_open,reversal,4,2022-12-08 08:00:00+00:00,2022-12-08 12:00:00+00:00,-1,4.151853506029495
stage36b_ny_open_continuation_h4_atr075,ny_open,continuation,4,2022-12-08 13:00:00+00:00,2022-12-08 17:00:00+00:00,-1,-11.884596577017005
stage36b_ny_open_reversal_h4_atr075,ny_open,reversal,4,2022-12-08 13:00:00+00:00,2022-12-08 17:00:00+00:00,1,11.884596577017005
stage36b_ny_late_reversal_h8_atr075,ny_late,reversal,8,2022-12-08 18:00:00+00:00,2022-12-09 02:00:00+00:00,1,0.8075082354402565
stage36b_ny_late_continuation_h8_atr075,ny_late,continuation,8,2022-12-08 18:00:00+00:00,2022-12-09 02:00:00+00:00,-1,-0.8075082354402565
stage36b_london_open_continuation_h4_atr075,london_open,continuation,4,2022-12-09 08:00:00+00:00,2022-12-09 12:00:00+00:00,1,-2.2461964038724607
stage36b_london_open_reversal_h4_atr075,london_open,reversal,4,2022-12-09 08:00:00+00:00,2022-12-09 12:00:00+00:00,-1,2.2461964038724607
stage36b_ny_open_continuation_h4_atr075,ny_open,continuation,4,2022-12-09 13:00:00+00:00,2022-12-09 17:00:00+00:00,1,-5.861317051896913
stage36b_ny_open_reversal_h4_atr075,ny_open,reversal,4,2022-12-09 13:00:00+00:00,2022-12-09 17:00:00+00:00,-1,5.861317051896913
stage36b_ny_late_reversal_h8_atr075,ny_late,reversal,8,2022-12-09 18:00:00+00:00,2022-12-12 02:00:00+00:00,-1,11.119702332335073
stage36b_ny_late_continuation_h8_atr075,ny_late,continuation,8,2022-12-09 18:00:00+00:00,2022-12-12 02:00:00+00:00,1,-11.119702332335073
stage36b_london_open_continuation_h4_atr075,london_open,continuation,4,2022-12-12 08:00:00+00:00,2022-12-12 12:00:00+00:00,1,6.155136268343909
stage36b_london_open_reversal_h4_atr075,london_open,reversal,4,2022-12-12 08:00:00+00:00,2022-12-12 12:00:00+00:00,-1,-6.155136268343909
stage36b_ny_open_continuation_h4_atr075,ny_open,continuation,4,2022-12-12 13:00:00+00:00,2022-12-12 17:00:00+00:00,1,-16.524446530548534
stage36b_ny_open_reversal_h4_atr075,ny_open,reversal,4,2022-12-12 13:00:00+00:00,2022-12-12 17:00:00+00:00,-1,16.524446530548534
stage36b_ny_late_reversal_h8_atr075,ny_late,reversal,8,2022-12-12 18:00:00+00:00,2022-12-13 02:00:00+00:00,1,-3.540658922110088
stage36b_ny_late_continuation_h8_atr075,ny_late,continuation,8,2022-12-12 18:00:00+00:00,2022-12-13 02:00:00+00:00,-1,3.540658922110088
stage36b_london_open_continuation_h4_atr075,london_open,continuation,4,2022-12-13 08:00:00+00:00,2022-12-13 12:00:00+00:00,1,3.2721681189133913
stage36b_london_open_reversal_h4_atr075,london_open,reversal,4,2022-12-13 08:00:00+00:00,2022-12-13 12:00:00+00:00,-1,-3.2721681189133913
stage36b_ny_open_continuation_h4_atr075,ny_open,continuation,4,2022-12-13 13:00:00+00:00,2022-12-13 17:00:00+00:00,1,42.741027627161586
stage36b_ny_open_reversal_h4_atr075,ny_open,reversal,4,2022-12-13 13:00:00+00:00,2022-12-13 17:00:00+00:00,-1,-42.741027627161586
stage36b_ny_late_reversal_h8_atr075,ny_late,reversal,8,2022-12-13 18:00:00+00:00,2022-12-14 02:00:00+00:00,1,1.7574116503506105
stage36b_ny_late_continuation_h8_atr075,ny_late,continuation,8,2022-12-13 18:00:00+00:00,2022-12-14 02:00:00+00:00,-1,-1.7574116503506105
stage36b_london_open_continuation_h4_atr075,london_open,continuation,4,2022-12-14 08:00:00+00:00,2022-12-14 12:00:00+00:00,1,-4.680752263756292
stage36b_london_open_reversal_h4_atr075,london_open,reversal,4,2022-12-14 08:00:00+00:00,2022-12-14 12:00:00+00:00,-1,4.680752263756292
stage36b_ny_open_continuation_h4_atr075,ny_open,continuation,4,2022-12-14 13:00:00+00:00,2022-12-14 17:00:00+00:00,-1,-9.702970297029573
stage36b_ny_open_reversal_h4_atr075,ny_open,reversal,4,2022-12-14 13:00:00+00:00,2022-12-14 17:00:00+00:00,1,9.702970297029573
stage36b_ny_late_reversal_h8_atr075,ny_late,reversal,8,2022-12-14 18:00:00+00:00,2022-12-15 02:00:00+00:00,1,-6.864819479428818
stage36b_ny_late_continuation_h8_atr075,ny_late,continuation,8,2022-12-14 18:00:00+00:00,2022-12-15 02:00:00+00:00,-1,6.864819479428818
stage36b_london_open_continuation_h4_atr075,london_open,continuation,4,2022-12-15 08:00:00+00:00,2022-12-15 12:00:00+00:00,1,-20.11155853840399
stage36b_london_open_reversal_h4_atr075,london_open,reversal,4,2022-12-15 08:00:00+00:00,2022-12-15 12:00:00+00:00,-1,20.11155853840399
stage36b_ny_open_continuation_h4_atr075,ny_open,continuation,4,2022-12-15 13:00:00+00:00,2022-12-15 17:00:00+00:00,1,0.06135305395776342
stage36b_ny_open_reversal_h4_atr075,ny_open,reversal,4,2022-12-15 13:00:00+00:00,2022-12-15 17:00:00+00:00,-1,-0.06135305395776342
stage36b_ny_late_reversal_h8_atr075,ny_late,reversal,8,2022-12-15 18:00:00+00:00,2022-12-16 02:00:00+00:00,1,-0.5194346289751652
stage36b_ny_late_continuation_h8_atr075,ny_late,continuation,8,2022-12-15 18:00:00+00:00,2022-12-16 02:00:00+00:00,-1,0.5194346289751652
stage36b_london_open_continuation_h4_atr075,london_open,continuation,4,2022-12-16 08:00:00+00:00,2022-12-16 12:00:00+00:00,1,-4.989073793915133
stage36b_london_open_reversal_h4_atr075,london_open,reversal,4,2022-12-16 08:00:00+00:00,2022-12-16 12:00:00+00:00,-1,4.989073793915133
stage36b_ny_open_continuation_h4_atr075,ny_open,continuation,4,2022-12-16 13:00:00+00:00,2022-12-16 17:00:00+00:00,1,7.525195968645154
stage36b_ny_open_reversal_h4_atr075,ny_open,reversal,4,2022-12-16 13:00:00+00:00,2022-12-16 17:00:00+00:00,-1,-7.525195968645154
stage36b_ny_late_reversal_h8_atr075,ny_late,reversal,8,2022-12-16 18:00:00+00:00,2022-12-19 02:00:00+00:00,-1,-5.33808957590188
stage36b_ny_late_continuation_h8_atr075,ny_late,continuation,8,2022-12-16 18:00:00+00:00,2022-12-19 02:00:00+00:00,1,5.33808957590188
stage36b_london_open_continuation_h4_atr075,london_open,continuation,4,2022-12-19 08:00:00+00:00,2022-12-19 12:00:00+00:00,1,5.225479057790106
stage36b_london_open_reversal_h4_atr075,london_open,reversal,4,2022-12-19 08:00:00+00:00,2022-12-19 12:00:00+00:00,-1,-5.225479057790106
stage36b_ny_open_continuation_h4_atr075,ny_open,continuation,4,2022-12-19 13:00:00+00:00,2022-12-19 17:00:00+00:00,-1,14.606885270280165
stage36b_ny_open_reversal_h4_atr075,ny_open,reversal,4,2022-12-19 13:00:00+00:00,2022-12-19 17:00:00+00:00,1,-14.606885270280165
stage36b_ny_late_reversal_h8_atr075,ny_late,reversal,8,2022-12-19 18:00:00+00:00,2022-12-20 02:00:00+00:00,-1,2.5396825396827114
stage36b_ny_late_continuation_h8_atr075,ny_late,continuation,8,2022-12-19 18:00:00+00:00,2022-12-20 02:00:00+00:00,1,-2.5396825396827114
stage36b_london_open_continuation_h4_atr075,london_open,continuation,4,2022-12-20 08:00:00+00:00,2022-12-20 12:00:00+00:00,1,21.476831091180944
stage36b_london_open_reversal_h4_atr075,london_open,reversal,4,2022-12-20 08:00:00+00:00,2022-12-20 12:00:00+00:00,-1,-21.476831091180944
stage36b_ny_open_continuation_h4_atr075,ny_open,continuation,4,2022-12-20 13:00:00+00:00,2022-12-20 17:00:00+00:00,1,8.750000000000108
stage36b_ny_open_reversal_h4_atr075,ny_open,reversal,4,2022-12-20 13:00:00+00:00,2022-12-20 17:00:00+00:00,-1,-8.750000000000108
stage36b_ny_late_reversal_h8_atr075,ny_late,reversal,8,2022-12-20 18:00:00+00:00,2022-12-21 02:00:00+00:00,-1,-0.0874316939891724
stage36b_ny_late_continuation_h8_atr075,ny_late,continuation,8,2022-12-20 18:00:00+00:00,2022-12-21 02:00:00+00:00,1,0.0874316939891724
stage36b_london_open_continuation_h4_atr075,london_open,continuation,4,2022-12-21 08:00:00+00:00,2022-12-21 12:00:00+00:00,1,-2.3214509068169136
stage36b_london_open_reversal_h4_atr075,london_open,reversal,4,2022-12-21 08:00:00+00:00,2022-12-21 12:00:00+00:00,-1,2.3214509068169136
stage36b_ny_open_continuation_h4_atr075,ny_open,continuation,4,2022-12-21 13:00:00+00:00,2022-12-21 17:00:00+00:00,1,8.145101102143629
stage36b_ny_open_reversal_h4_atr075,ny_open,reversal,4,2022-12-21 13:00:00+00:00,2022-12-21 17:00:00+00:00,-1,-8.145101102143629
stage36b_ny_late_reversal_h8_atr075,ny_late,reversal,8,2022-12-21 18:00:00+00:00,2022-12-22 02:00:00+00:00,1,3.4266554903605195
stage36b_ny_late_continuation_h8_atr075,ny_late,continuation,8,2022-12-21 18:00:00+00:00,2022-12-22 02:00:00+00:00,-1,-3.4266554903605195
stage36b_london_open_continuation_h4_atr075,london_open,continuation,4,2022-12-22 08:00:00+00:00,2022-12-22 12:00:00+00:00,-1,0.24782677414234053
stage36b_london_open_reversal_h4_atr075,london_open,reversal,4,2022-12-22 08:00:00+00:00,2022-12-22 12:00:00+00:00,1,-0.24782677414234053
stage36b_ny_open_continuation_h4_atr075,ny_open,continuation,4,2022-12-22 13:00:00+00:00,2022-12-22 17:00:00+00:00,1,-33.27625320161024
stage36b_ny_open_reversal_h4_atr075,ny_open,reversal,4,2022-12-22 13:00:00+00:00,2022-12-22 17:00:00+00:00,-1,33.27625320161024
stage36b_ny_late_reversal_h8_atr075,ny_late,reversal,8,2022-12-22 18:00:00+00:00,2022-12-23 02:00:00+00:00,1,-3.9478927203065655
stage36b_ny_late_continuation_h8_atr075,ny_late,continuation,8,2022-12-22 18:00:00+00:00,2022-12-23 02:00:00+00:00,-1,3.9478927203065655
stage36b_london_open_continuation_h4_atr075,london_open,continuation,4,2022-12-23 08:00:00+00:00,2022-12-23 12:00:00+00:00,1,5.2419820962851595
stage36b_london_open_reversal_h4_atr075,london_open,reversal,4,2022-12-23 08:00:00+00:00,2022-12-23 12:00:00+00:00,-1,-5.2419820962851595
stage36b_ny_open_continuation_h4_atr075,ny_open,continuation,4,2022-12-23 13:00:00+00:00,2022-12-23 17:00:00+00:00,-1,-5.398546872230636
stage36b_ny_open_reversal_h4_atr075,ny_open,reversal,4,2022-12-23 13:00:00+00:00,2022-12-23 17:00:00+00:00,1,5.398546872230636
stage36b_ny_late_reversal_h8_atr075,ny_late,reversal,8,2022-12-23 18:00:00+00:00,2022-12-27 02:00:00+00:00,-1,-2.0150854612136837
stage36b_ny_late_continuation_h8_atr075,ny_late,continuation,8,2022-12-23 18:00:00+00:00,2022-12-27 02:00:00+00:00,1,2.0150854612136837
stage36b_london_open_continuation_h4_atr075,london_open,continuation,4,2022-12-27 08:00:00+00:00,2022-12-27 12:00:00+00:00,1,2.9753003507200906
stage36b_london_open_reversal_h4_atr075,london_open,reversal,4,2022-12-27 08:00:00+00:00,2022-12-27 12:00:00+00:00,-1,-2.9753003507200906
stage36b_ny_open_continuation_h4_atr075,ny_open,continuation,4,2022-12-27 13:00:00+00:00,2022-12-27 17:00:00+00:00,1,28.734354713061766
stage36b_ny_open_reversal_h4_atr075,ny_open,reversal,4,2022-12-27 13:00:00+00:00,2022-12-27 17:00:00+00:00,-1,-28.734354713061766
stage36b_ny_late_reversal_h8_atr075,ny_late,reversal,8,2022-12-27 18:00:00+00:00,2022-12-28 02:00:00+00:00,1,-10.396355353075174
stage36b_ny_late_continuation_h8_atr075,ny_late,continuation,8,2022-12-27 18:00:00+00:00,2022-12-28 02:00:00+00:00,-1,10.396355353075174
stage36b_london_open_continuation_h4_atr075,london_open,continuation,4,2022-12-28 08:00:00+00:00,2022-12-28 12:00:00+00:00,-1,10.617671451355474
stage36b_london_open_reversal_h4_atr075,london_open,reversal,4,2022-12-28 08:00:00+00:00,2022-12-28 12:00:00+00:00,1,-10.617671451355474
stage36b_ny_open_continuation_h4_atr075,ny_open,continuation,4,2022-12-28 13:00:00+00:00,2022-12-28 17:00:00+00:00,1,-7.554056734774734
stage36b_ny_open_reversal_h4_atr075,ny_open,reversal,4,2022-12-28 13:00:00+00:00,2022-12-28 17:00:00+00:00,-1,7.554056734774734
stage36b_ny_late_reversal_h8_atr075,ny_late,reversal,8,2022-12-28 18:00:00+00:00,2022-12-29 02:00:00+00:00,-1,-4.917257683215242
stage36b_ny_late_continuation_h8_atr075,ny_late,continuation,8,2022-12-28 18:00:00+00:00,2022-12-29 02:00:00+00:00,1,4.917257683215242
stage36b_london_open_continuation_h4_atr075,london_open,continuation,4,2022-12-29 08:00:00+00:00,2022-12-29 12:00:00+00:00,-1,5.5677366255144
stage36b_london_open_reversal_h4_atr075,london_open,reversal,4,2022-12-29 08:00:00+00:00,2022-12-29 12:00:00+00:00,1,-5.5677366255144
stage36b_ny_open_continuation_h4_atr075,ny_open,continuation,4,2022-12-29 13:00:00+00:00,2022-12-29 17:00:00+00:00,1,12.486547446431548
stage36b_ny_open_reversal_h4_atr075,ny_open,reversal,4,2022-12-29 13:00:00+00:00,2022-12-29 17:00:00+00:00,-1,-12.486547446431548
stage36b_ny_late_reversal_h8_atr075,ny_late,reversal,8,2022-12-29 18:00:00+00:00,2022-12-30 02:00:00+00:00,-1,-0.8490974729240235
stage36b_ny_late_continuation_h8_atr075,ny_late,continuation,8,2022-12-29 18:00:00+00:00,2022-12-30 02:00:00+00:00,1,0.8490974729240235
stage36b_london_open_continuation_h4_atr075,london_open,continuation,4,2022-12-30 08:00:00+00:00,2022-12-30 12:00:00+00:00,1,-8.160991893181126
stage36b_london_open_reversal_h4_atr075,london_open,reversal,4,2022-12-30 08:00:00+00:00,2022-12-30 12:00:00+00:00,-1,8.160991893181126
stage36b_ny_open_continuation_h4_atr075,ny_open,continuation,4,2022-12-30 13:00:00+00:00,2022-12-30 17:00:00+00:00,1,-0.9058681810360241
stage36b_ny_open_reversal_h4_atr075,ny_open,reversal,4,2022-12-30 13:00:00+00:00,2022-12-30 17:00:00+00:00,-1,0.9058681810360241
stage36b_ny_late_reversal_h8_atr075,ny_late,reversal,8,2022-12-30 18:00:00+00:00,2023-01-03 01:00:00+00:00,1,18.118453255017315
stage36b_ny_late_continuation_h8_atr075,ny_late,continuation,8,2022-12-30 18:00:00+00:00,2023-01-03 01:00:00+00:00,-1,-18.118453255017315
stage36b_london_open_continuation_h4_atr075,london_open,continuation,4,2023-01-03 08:00:00+00:00,2023-01-03 12:00:00+00:00,1,-8.409479056136668
stage36b_london_open_reversal_h4_atr075,london_open,reversal,4,2023-01-03 08:00:00+00:00,2023-01-03 12:00:00+00:00,-1,8.409479056136668
stage36b_ny_open_continuation_h4_atr075,ny_open,continuation,4,2023-01-03 13:00:00+00:00,2023-01-03 17:00:00+00:00,-1,-0.07093377666937296
stage36b_ny_open_reversal_h4_atr075,ny_open,reversal,4,2023-01-03 13:00:00+00:00,2023-01-03 17:00:00+00:00,1,0.07093377666937296
stage36b_ny_late_reversal_h8_atr075,ny_late,reversal,8,2023-01-03 18:00:00+00:00,2023-01-04 02:00:00+00:00,-1,-3.228828828828888
stage36b_ny_late_continuation_h8_atr075,ny_late,continuation,8,2023-01-03 18:00:00+00:00,2023-01-04 02:00:00+00:00,1,3.228828828828888
stage36b_london_open_continuation_h4_atr075,london_open,continuation,4,2023-01-04 08:00:00+00:00,2023-01-04 12:00:00+00:00,1,17.950301426261024
stage36b_london_open_reversal_h4_atr075,london_open,reversal,4,2023-01-04 08:00:00+00:00,2023-01-04 12:00:00+00:00,-1,-17.950301426261024
stage36b_ny_open_continuation_h4_atr075,ny_open,continuation,4,2023-01-04 13:00:00+00:00,2023-01-04 17:00:00+00:00,1,-3.0086384662540473
stage36b_ny_open_reversal_h4_atr075,ny_open,reversal,4,2023-01-04 13:00:00+00:00,2023-01-04 17:00:00+00:00,-1,3.0086384662540473
stage36b_ny_late_reversal_h8_atr075,ny_late,reversal,8,2023-01-04 18:00:00+00:00,2023-01-05 02:00:00+00:00,-1,3.281627025163819
stage36b_ny_late_continuation_h8_atr075,ny_late,continuation,8,2023-01-04 18:00:00+00:00,2023-01-05 02:00:00+00:00,1,-3.281627025163819
stage36b_london_open_continuation_h4_atr075,london_open,continuation,4,2023-01-05 08:00:00+00:00,2023-01-05 12:00:00+00:00,-1,2.1682705836006866
stage36b_london_open_reversal_h4_atr075,london_open,reversal,4,2023-01-05 08:00:00+00:00,2023-01-05 12:00:00+00:00,1,-2.1682705836006866
stage36b_ny_open_continuation_h4_atr075,ny_open,continuation,4,2023-01-05 13:00:00+00:00,2023-01-05 17:00:00+00:00,-1,24.299876916190613
stage36b_ny_open_reversal_h4_atr075,ny_open,reversal,4,2023-01-05 13:00:00+00:00,2023-01-05 17:00:00+00:00,1,-24.299876916190613
stage36b_ny_late_reversal_h8_atr075,ny_late,reversal,8,2023-01-05 18:00:00+00:00,2023-01-06 02:00:00+00:00,-1,-3.2120296089602216
stage36b_ny_late_continuation_h8_atr075,ny_late,continuation,8,2023-01-05 18:00:00+00:00,2023-01-06 02:00:00+00:00,1,3.2120296089602216
stage36b_london_open_continuation_h4_atr075,london_open,continuation,4,2023-01-06 08:00:00+00:00,2023-01-06 12:00:00+00:00,1,-3.3570333193922957
stage36b_london_open_reversal_h4_atr075,london_open,reversal,4,2023-01-06 08:00:00+00:00,2023-01-06 12:00:00+00:00,-1,3.3570333193922957
stage36b_ny_open_continuation_h4_atr075,ny_open,continuation,4,2023-01-06 13:00:00+00:00,2023-01-06 17:00:00+00:00,1,38.03129143463276
stage36b_ny_open_reversal_h4_atr075,ny_open,reversal,4,2023-01-06 13:00:00+00:00,2023-01-06 17:00:00+00:00,-1,-38.03129143463276
stage36b_ny_late_reversal_h8_atr075,ny_late,reversal,8,2023-01-06 18:00:00+00:00,2023-01-09 02:00:00+00:00,-1,-4.424374403056437
stage36b_ny_late_continuation_h8_atr075,ny_late,continuation,8,2023-01-06 18:00:00+00:00,2023-01-09 02:00:00+00:00,1,4.424374403056437
stage36b_london_open_continuation_h4_atr075,london_open,continuation,4,2023-01-09 08:00:00+00:00,2023-01-09 12:00:00+00:00,1,-9.000799950772286
stage36b_london_open_reversal_h4_atr075,london_open,reversal,4,2023-01-09 08:00:00+00:00,2023-01-09 12:00:00+00:00,-1,9.000799950772286
stage36b_ny_open_continuation_h4_atr075,ny_open,continuation,4,2023-01-09 13:00:00+00:00,2023-01-09 17:00:00+00:00,1,2.356727317737096
stage36b_ny_open_reversal_h4_atr075,ny_open,reversal,4,2023-01-09 13:00:00+00:00,2023-01-09 17:00:00+00:00,-1,-2.356727317737096
stage36b_ny_late_reversal_h8_atr075,ny_late,reversal,8,2023-01-09 18:00:00+00:00,2023-01-10 02:00:00+00:00,-1,6.832000000000037
stage36b_ny_late_continuation_h8_atr075,ny_late,continuation,8,2023-01-09 18:00:00+00:00,2023-01-10 02:00:00+00:00,1,-6.832000000000037
stage36b_london_open_continuation_h4_atr075,london_open,continuation,4,2023-01-10 08:00:00+00:00,2023-01-10 12:00:00+00:00,-1,-2.577088716623782
stage36b_london_open_reversal_h4_atr075,london_open,reversal,4,2023-01-10 08:00:00+00:00,2023-01-10 12:00:00+00:00,1,2.577088716623782
stage36b_ny_open_continuation_h4_atr075,ny_open,continuation,4,2023-01-10 13:00:00+00:00,2023-01-10 17:00:00+00:00,1,0.8551431601272066
stage36b_ny_open_reversal_h4_atr075,ny_open,reversal,4,2023-01-10 13:00:00+00:00,2023-01-10 17:00:00+00:00,-1,-0.8551431601272066
stage36b_ny_late_reversal_h8_atr075,ny_late,reversal,8,2023-01-10 18:00:00+00:00,2023-01-11 02:00:00+00:00,1,8.40358848887326
stage36b_ny_late_continuation_h8_atr075,ny_late,continuation,8,2023-01-10 18:00:00+00:00,2023-01-11 02:00:00+00:00,-1,-8.40358848887326
stage36b_london_open_continuation_h4_atr075,london_open,continuation,4,2023-01-11 08:00:00+00:00,2023-01-11 12:00:00+00:00,-1,-6.474725900612227
stage36b_london_open_reversal_h4_atr075,london_open,reversal,4,2023-01-11 08:00:00+00:00,2023-01-11 12:00:00+00:00,1,6.474725900612227
stage36b_ny_open_continuation_h4_atr075,ny_open,continuation,4,2023-01-11 13:00:00+00:00,2023-01-11 17:00:00+00:00,-1,16.19009900990072
stage36b_ny_open_reversal_h4_atr075,ny_open,reversal,4,2023-01-11 13:00:00+00:00,2023-01-11 17:00:00+00:00,1,-16.19009900990072
stage36b_ny_late_reversal_h8_atr075,ny_late,reversal,8,2023-01-11 18:00:00+00:00,2023-01-12 02:00:00+00:00,-1,-5.240960194469648
stage36b_ny_late_continuation_h8_atr075,ny_late,continuation,8,2023-01-11 18:00:00+00:00,2023-01-12 02:00:00+00:00,1,5.240960194469648
stage36b_london_open_continuation_h4_atr075,london_open,continuation,4,2023-01-12 08:00:00+00:00,2023-01-12 12:00:00+00:00,-1,-2.0268032437045624
stage36b_london_open_reversal_h4_atr075,london_open,reversal,4,2023-01-12 08:00:00+00:00,2023-01-12 12:00:00+00:00,1,2.0268032437045624
stage36b_ny_open_continuation_h4_atr075,ny_open,continuation,4,2023-01-12 13:00:00+00:00,2023-01-12 17:00:00+00:00,1,7.042253521126802
stage36b_ny_open_reversal_h4_atr075,ny_open,reversal,4,2023-01-12 13:00:00+00:00,2023-01-12 17:00:00+00:00,-1,-7.042253521126802
stage36b_ny_late_reversal_h8_atr075,ny_late,reversal,8,2023-01-12 18:00:00+00:00,2023-01-13 02:00:00+00:00,-1,-4.214072262971988
stage36b_ny_late_continuation_h8_atr075,ny_late,continuation,8,2023-01-12 18:00:00+00:00,2023-01-13 02:00:00+00:00,1,4.214072262971988
stage36b_london_open_continuation_h4_atr075,london_open,continuation,4,2023-01-13 08:00:00+00:00,2023-01-13 12:00:00+00:00,1,13.943185365548917
stage36b_london_open_reversal_h4_atr075,london_open,reversal,4,2023-01-13 08:00:00+00:00,2023-01-13 12:00:00+00:00,-1,-13.943185365548917
stage36b_ny_open_continuation_h4_atr075,ny_open,continuation,4,2023-01-13 13:00:00+00:00,2023-01-13 17:00:00+00:00,-1,-16.5334178686533
stage36b_ny_open_reversal_h4_atr075,ny_open,reversal,4,2023-01-13 13:00:00+00:00,2023-01-13 17:00:00+00:00,1,16.5334178686533
stage36b_ny_late_reversal_h8_atr075,ny_late,reversal,8,2023-01-13 18:00:00+00:00,2023-01-16 02:00:00+00:00,1,5.854525944661568
stage36b_ny_late_continuation_h8_atr075,ny_late,continuation,8,2023-01-13 18:00:00+00:00,2023-01-16 02:00:00+00:00,-1,-5.854525944661568
stage36b_london_open_continuation_h4_atr075,london_open,continuation,4,2023-01-16 08:00:00+00:00,2023-01-16 12:00:00+00:00,-1,0.10308329498379903
stage36b_london_open_reversal_h4_atr075,london_open,reversal,4,2023-01-16 08:00:00+00:00,2023-01-16 12:00:00+00:00,1,-0.10308329498379903
stage36b_ny_open_continuation_h4_atr075,ny_open,continuation,4,2023-01-16 13:00:00+00:00,2023-01-16 17:00:00+00:00,1,-0.7389463318563031
stage36b_ny_open_reversal_h4_atr075,ny_open,reversal,4,2023-01-16 13:00:00+00:00,2023-01-16 17:00:00+00:00,-1,0.7389463318563031
stage36b_ny_late_reversal_h8_atr075,ny_late,reversal,8,2023-01-16 18:00:00+00:00,2023-01-17 03:00:00+00:00,1,-0.718544328300336
stage36b_ny_late_continuation_h8_atr075,ny_late,continuation,8,2023-01-16 18:00:00+00:00,2023-01-17 03:00:00+00:00,-1,0.718544328300336
stage36b_london_open_continuation_h4_atr075,london_open,continuation,4,2023-01-17 08:00:00+00:00,2023-01-17 12:00:00+00:00,-1,1.4471544715445062
stage36b_london_open_reversal_h4_atr075,london_open,reversal,4,2023-01-17 08:00:00+00:00,2023-01-17 12:00:00+00:00,1,-1.4471544715445062
stage36b_ny_open_continuation_h4_atr075,ny_open,continuation,4,2023-01-17 13:00:00+00:00,2023-01-17 17:00:00+00:00,1,-2.0103555402139186
stage36b_ny_open_reversal_h4_atr075,ny_open,reversal,4,2023-01-17 13:00:00+00:00,2023-01-17 17:00:00+00:00,-1,2.0103555402139186
stage36b_ny_late_reversal_h8_atr075,ny_late,reversal,8,2023-01-17 18:00:00+00:00,2023-01-18 02:00:00+00:00,-1,5.448956743002494
stage36b_ny_late_continuation_h8_atr075,ny_late,continuation,8,2023-01-17 18:00:00+00:00,2023-01-18 02:00:00+00:00,1,-5.448956743002494
stage36b_london_open_continuation_h4_atr075,london_open,continuation,4,2023-01-18 08:00:00+00:00,2023-01-18 12:00:00+00:00,1,14.622805522413664
stage36b_london_open_reversal_h4_atr075,london_open,reversal,4,2023-01-18 08:00:00+00:00,2023-01-18 12:00:00+00:00,-1,-14.622805522413664
stage36b_ny_open_continuation_h4_atr075,ny_open,continuation,4,2023-01-18 13:00:00+00:00,2023-01-18 17:00:00+00:00,1,-3.9576386704416247
stage36b_ny_open_reversal_h4_atr075,ny_open,reversal,4,2023-01-18 13:00:00+00:00,2023-01-18 17:00:00+00:00,-1,3.9576386704416247
stage36b_ny_late_reversal_h8_atr075,ny_late,reversal,8,2023-01-18 18:00:00+00:00,2023-01-19 02:00:00+00:00,1,-3.0483777279893647
stage36b_ny_late_continuation_h8_atr075,ny_late,continuation,8,2023-01-18 18:00:00+00:00,2023-01-19 02:00:00+00:00,-1,3.0483777279893647
stage36b_london_open_continuation_h4_atr075,london_open,continuation,4,2023-01-19 08:00:00+00:00,2023-01-19 12:00:00+00:00,-1,-1.2875851851852267
stage36b_london_open_reversal_h4_atr075,london_open,reversal,4,2023-01-19 08:00:00+00:00,2023-01-19 12:00:00+00:00,1,1.2875851851852267
stage36b_ny_open_continuation_h4_atr075,ny_open,continuation,4,2023-01-19 13:00:00+00:00,2023-01-19 17:00:00+00:00,-1,-12.214827018121701
stage36b_ny_open_reversal_h4_atr075,ny_open,reversal,4,2023-01-19 13:00:00+00:00,2023-01-19 17:00:00+00:00,1,12.214827018121701
stage36b_ny_late_reversal_h8_atr075,ny_late,reversal,8,2023-01-19 18:00:00+00:00,2023-01-20 02:00:00+00:00,-1,-11.610589421189445
stage36b_ny_late_continuation_h8_atr075,ny_late,continuation,8,2023-01-19 18:00:00+00:00,2023-01-20 02:00:00+00:00,1,11.610589421189445
stage36b_london_open_continuation_h4_atr075,london_open,continuation,4,2023-01-20 08:00:00+00:00,2023-01-20 12:00:00+00:00,-1,-4.559094375036665
stage36b_london_open_reversal_h4_atr075,london_open,reversal,4,2023-01-20 08:00:00+00:00,2023-01-20 12:00:00+00:00,1,4.559094375036665
stage36b_ny_open_continuation_h4_atr075,ny_open,continuation,4,2023-01-20 13:00:00+00:00,2023-01-20 17:00:00+00:00,-1,0.9185924078692154
stage36b_ny_open_reversal_h4_atr075,ny_open,reversal,4,2023-01-20 13:00:00+00:00,2023-01-20 17:00:00+00:00,1,-0.9185924078692154
stage36b_ny_late_reversal_h8_atr075,ny_late,reversal,8,2023-01-20 18:00:00+00:00,2023-01-23 02:00:00+00:00,1,7.899378233423338
stage36b_ny_late_continuation_h8_atr075,ny_late,continuation,8,2023-01-20 18:00:00+00:00,2023-01-23 02:00:00+00:00,-1,-7.899378233423338
stage36b_london_open_continuation_h4_atr075,london_open,continuation,4,2023-01-23 08:00:00+00:00,2023-01-23 12:00:00+00:00,-1,-4.764055194434962
stage36b_london_open_reversal_h4_atr075,london_open,reversal,4,2023-01-23 08:00:00+00:00,2023-01-23 12:00:00+00:00,1,4.764055194434962
stage36b_ny_open_continuation_h4_atr075,ny_open,continuation,4,2023-01-23 13:00:00+00:00,2023-01-23 17:00:00+00:00,-1,3.0931278098910133
stage36b_ny_open_reversal_h4_atr075,ny_open,reversal,4,2023-01-23 13:00:00+00:00,2023-01-23 17:00:00+00:00,1,-3.0931278098910133
stage36b_ny_late_reversal_h8_atr075,ny_late,reversal,8,2023-01-23 18:00:00+00:00,2023-01-24 02:00:00+00:00,1,8.150636132315702
stage36b_ny_late_continuation_h8_atr075,ny_late,continuation,8,2023-01-23 18:00:00+00:00,2023-01-24 02:00:00+00:00,-1,-8.150636132315702
stage36b_london_open_continuation_h4_atr075,london_open,continuation,4,2023-01-24 08:00:00+00:00,2023-01-24 12:00:00+00:00,1,-1.9561332250202623
stage36b_london_open_reversal_h4_atr075,london_open,reversal,4,2023-01-24 08:00:00+00:00,2023-01-24 12:00:00+00:00,-1,1.9561332250202623
stage36b_ny_open_continuation_h4_atr075,ny_open,continuation,4,2023-01-24 13:00:00+00:00,2023-01-24 17:00:00+00:00,-1,3.4939071095328016
stage36b_ny_open_reversal_h4_atr075,ny_open,reversal,4,2023-01-24 13:00:00+00:00,2023-01-24 17:00:00+00:00,1,-3.4939071095328016
stage36b_ny_late_reversal_h8_atr075,ny_late,reversal,8,2023-01-24 18:00:00+00:00,2023-01-25 02:00:00+00:00,1,4.078275947485844
stage36b_ny_late_continuation_h8_atr075,ny_late,continuation,8,2023-01-24 18:00:00+00:00,2023-01-25 02:00:00+00:00,-1,-4.078275947485844
stage36b_london_open_continuation_h4_atr075,london_open,continuation,4,2023-01-25 08:00:00+00:00,2023-01-25 12:00:00+00:00,1,-11.98241698789467
stage36b_london_open_reversal_h4_atr075,london_open,reversal,4,2023-01-25 08:00:00+00:00,2023-01-25 12:00:00+00:00,-1,11.98241698789467
stage36b_ny_open_continuation_h4_atr075,ny_open,continuation,4,2023-01-25 13:00:00+00:00,2023-01-25 17:00:00+00:00,1,8.541653125338462
stage36b_ny_open_reversal_h4_atr075,ny_open,reversal,4,2023-01-25 13:00:00+00:00,2023-01-25 17:00:00+00:00,-1,-8.541653125338462
stage36b_ny_late_reversal_h8_atr075,ny_late,reversal,8,2023-01-25 18:00:00+00:00,2023-01-26 02:00:00+00:00,-1,-7.246810117025397
stage36b_ny_late_continuation_h8_atr075,ny_late,continuation,8,2023-01-25 18:00:00+00:00,2023-01-26 02:00:00+00:00,1,7.246810117025397
stage36b_london_open_continuation_h4_atr075,london_open,continuation,4,2023-01-26 08:00:00+00:00,2023-01-26 12:00:00+00:00,-1,12.864239883107748
stage36b_london_open_reversal_h4_atr075,london_open,reversal,4,2023-01-26 08:00:00+00:00,2023-01-26 12:00:00+00:00,1,-12.864239883107748
stage36b_ny_open_continuation_h4_atr075,ny_open,continuation,4,2023-01-26 13:00:00+00:00,2023-01-26 17:00:00+00:00,1,-15.3011617515639
stage36b_ny_open_reversal_h4_atr075,ny_open,reversal,4,2023-01-26 13:00:00+00:00,2023-01-26 17:00:00+00:00,-1,15.3011617515639
stage36b_ny_late_reversal_h8_atr075,ny_late,reversal,8,2023-01-26 18:00:00+00:00,2023-01-27 02:00:00+00:00,-1,-6.692786636294696
stage36b_ny_late_continuation_h8_atr075,ny_late,continuation,8,2023-01-26 18:00:00+00:00,2023-01-27 02:00:00+00:00,1,6.692786636294696
stage36b_london_open_continuation_h4_atr075,london_open,continuation,4,2023-01-27 08:00:00+00:00,2023-01-27 12:00:00+00:00,-1,-6.515957446808551
stage36b_london_open_reversal_h4_atr075,london_open,reversal,4,2023-01-27 08:00:00+00:00,2023-01-27 12:00:00+00:00,1,6.515957446808551
stage36b_ny_open_continuation_h4_atr075,ny_open,continuation,4,2023-01-27 13:00:00+00:00,2023-01-27 17:00:00+00:00,1,-7.681598819054086
stage36b_ny_open_reversal_h4_atr075,ny_open,reversal,4,2023-01-27 13:00:00+00:00,2023-01-27 17:00:00+00:00,-1,7.681598819054086
stage36b_ny_late_reversal_h8_atr075,ny_late,reversal,8,2023-01-27 18:00:00+00:00,2023-01-30 02:00:00+00:00,-1,0.992116219328553
stage36b_ny_late_continuation_h8_atr075,ny_late,continuation,8,2023-01-27 18:00:00+00:00,2023-01-30 02:00:00+00:00,1,-0.992116219328553
stage36b_london_open_continuation_h4_atr075,london_open,continuation,4,2023-01-30 08:00:00+00:00,2023-01-30 12:00:00+00:00,-1,0.5374837872890776
stage36b_london_open_reversal_h4_atr075,london_open,reversal,4,2023-01-30 08:00:00+00:00,2023-01-30 12:00:00+00:00,1,-0.5374837872890776
stage36b_ny_open_continuation_h4_atr075,ny_open,continuation,4,2023-01-30 13:00:00+00:00,2023-01-30 17:00:00+00:00,-1,-2.798409994321515
stage36b_ny_open_reversal_h4_atr075,ny_open,reversal,4,2023-01-30 13:00:00+00:00,2023-01-30 17:00:00+00:00,1,2.798409994321515
stage36b_ny_late_reversal_h8_atr075,ny_late,reversal,8,2023-01-30 18:00:00+00:00,2023-01-31 02:00:00+00:00,1,-1.46241372878181
stage36b_ny_late_continuation_h8_atr075,ny_late,continuation,8,2023-01-30 18:00:00+00:00,2023-01-31 02:00:00+00:00,-1,1.46241372878181
stage36b_london_open_continuation_h4_atr075,london_open,continuation,4,2023-01-31 08:00:00+00:00,2023-01-31 12:00:00+00:00,-1,18.558566906030325
stage36b_london_open_reversal_h4_atr075,london_open,reversal,4,2023-01-31 08:00:00+00:00,2023-01-31 12:00:00+00:00,1,-18.558566906030325
stage36b_ny_open_continuation_h4_atr075,ny_open,continuation,4,2023-01-31 13:00:00+00:00,2023-01-31 17:00:00+00:00,-1,-32.30118984194644
stage36b_ny_open_reversal_h4_atr075,ny_open,reversal,4,2023-01-31 13:00:00+00:00,2023-01-31 17:00:00+00:00,1,32.30118984194644
stage36b_ny_late_reversal_h8_atr075,ny_late,reversal,8,2023-01-31 18:00:00+00:00,2023-02-01 02:00:00+00:00,1,0.18314936633592033
stage36b_ny_late_continuation_h8_atr075,ny_late,continuation,8,2023-01-31 18:00:00+00:00,2023-02-01 02:00:00+00:00,-1,-0.18314936633592033
stage36b_london_open_continuation_h4_atr075,london_open,continuation,4,2023-02-01 08:00:00+00:00,2023-02-01 12:00:00+00:00,1,-0.7758761206197444
stage36b_london_open_reversal_h4_atr075,london_open,reversal,4,2023-02-01 08:00:00+00:00,2023-02-01 12:00:00+00:00,-1,0.7758761206197444
stage36b_ny_open_continuation_h4_atr075,ny_open,continuation,4,2023-02-01 13:00:00+00:00,2023-02-01 17:00:00+00:00,1,5.8240000000003525
stage36b_ny_open_reversal_h4_atr075,ny_open,reversal,4,2023-02-01 13:00:00+00:00,2023-02-01 17:00:00+00:00,-1,-5.8240000000003525
stage36b_ny_late_reversal_h8_atr075,ny_late,reversal,8,2023-02-01 18:00:00+00:00,2023-02-02 02:00:00+00:00,1,32.36857399482214
stage36b_ny_late_continuation_h8_atr075,ny_late,continuation,8,2023-02-01 18:00:00+00:00,2023-02-02 02:00:00+00:00,-1,-32.36857399482214
stage36b_london_open_continuation_h4_atr075,london_open,continuation,4,2023-02-02 08:00:00+00:00,2023-02-02 12:00:00+00:00,-1,-0.5468793069500872
stage36b_london_open_reversal_h4_atr075,london_open,reversal,4,2023-02-02 08:00:00+00:00,2023-02-02 12:00:00+00:00,1,0.5468793069500872
stage36b_ny_open_continuation_h4_atr075,ny_open,continuation,4,2023-02-02 13:00:00+00:00,2023-02-02 17:00:00+00:00,1,-35.27228650137732
stage36b_ny_open_reversal_h4_atr075,ny_open,reversal,4,2023-02-02 13:00:00+00:00,2023-02-02 17:00:00+00:00,-1,35.27228650137732
stage36b_ny_late_reversal_h8_atr075,ny_late,reversal,8,2023-02-02 18:00:00+00:00,2023-02-03 02:00:00+00:00,1,-1.6787600068131896
stage36b_ny_late_continuation_h8_atr075,ny_late,continuation,8,2023-02-02 18:00:00+00:00,2023-02-03 02:00:00+00:00,-1,1.6787600068131896
stage36b_london_open_continuation_h4_atr075,london_open,continuation,4,2023-02-03 08:00:00+00:00,2023-02-03 12:00:00+00:00,1,-5.668927405174573
stage36b_london_open_reversal_h4_atr075,london_open,reversal,4,2023-02-03 08:00:00+00:00,2023-02-03 12:00:00+00:00,-1,5.668927405174573
stage36b_ny_open_continuation_h4_atr075,ny_open,continuation,4,2023-02-03 13:00:00+00:00,2023-02-03 17:00:00+00:00,1,-58.44953607271395
stage36b_ny_open_reversal_h4_atr075,ny_open,reversal,4,2023-02-03 13:00:00+00:00,2023-02-03 17:00:00+00:00,-1,58.44953607271395
stage36b_ny_late_reversal_h8_atr075,ny_late,reversal,8,2023-02-03 18:00:00+00:00,2023-02-06 02:00:00+00:00,1,1.048221147886454
stage36b_ny_late_continuation_h8_atr075,ny_late,continuation,8,2023-02-03 18:00:00+00:00,2023-02-06 02:00:00+00:00,-1,-1.048221147886454
stage36b_london_open_continuation_h4_atr075,london_open,continuation,4,2023-02-06 08:00:00+00:00,2023-02-06 12:00:00+00:00,-1,4.129947258786588
stage36b_london_open_reversal_h4_atr075,london_open,reversal,4,2023-02-06 08:00:00+00:00,2023-02-06 12:00:00+00:00,1,-4.129947258786588
stage36b_ny_open_continuation_h4_atr075,ny_open,continuation,4,2023-02-06 13:00:00+00:00,2023-02-06 17:00:00+00:00,-1,5.744370440850036
stage36b_ny_open_reversal_h4_atr075,ny_open,reversal,4,2023-02-06 13:00:00+00:00,2023-02-06 17:00:00+00:00,1,-5.744370440850036
stage36b_ny_late_reversal_h8_atr075,ny_late,reversal,8,2023-02-06 18:00:00+00:00,2023-02-07 02:00:00+00:00,-1,-3.9674699396297206
stage36b_ny_late_continuation_h8_atr075,ny_late,continuation,8,2023-02-06 18:00:00+00:00,2023-02-07 02:00:00+00:00,1,3.9674699396297206
stage36b_london_open_continuation_h4_atr075,london_open,continuation,4,2023-02-07 08:00:00+00:00,2023-02-07 12:00:00+00:00,-1,3.918321834274176
stage36b_london_open_reversal_h4_atr075,london_open,reversal,4,2023-02-07 08:00:00+00:00,2023-02-07 12:00:00+00:00,1,-3.918321834274176
stage36b_ny_open_continuation_h4_atr075,ny_open,continuation,4,2023-02-07 13:00:00+00:00,2023-02-07 17:00:00+00:00,-1,-16.830429080007562
stage36b_ny_open_reversal_h4_atr075,ny_open,reversal,4,2023-02-07 13:00:00+00:00,2023-02-07 17:00:00+00:00,1,16.830429080007562
stage36b_ny_late_reversal_h8_atr075,ny_late,reversal,8,2023-02-07 18:00:00+00:00,2023-02-08 02:00:00+00:00,1,2.1359867330015887
stage36b_ny_late_continuation_h8_atr075,ny_late,continuation,8,2023-02-07 18:00:00+00:00,2023-02-08 02:00:00+00:00,-1,-2.1359867330015887
stage36b_london_open_continuation_h4_atr075,london_open,continuation,4,2023-02-08 08:00:00+00:00,2023-02-08 12:00:00+00:00,-1,-4.168083795440547
stage36b_london_open_reversal_h4_atr075,london_open,reversal,4,2023-02-08 08:00:00+00:00,2023-02-08 12:00:00+00:00,1,4.168083795440547
stage36b_ny_open_continuation_h4_atr075,ny_open,continuation,4,2023-02-08 13:00:00+00:00,2023-02-08 17:00:00+00:00,-1,7.471417965850329
stage36b_ny_open_reversal_h4_atr075,ny_open,reversal,4,2023-02-08 13:00:00+00:00,2023-02-08 17:00:00+00:00,1,-7.471417965850329
stage36b_ny_late_reversal_h8_atr075,ny_late,reversal,8,2023-02-08 18:00:00+00:00,2023-02-09 02:00:00+00:00,-1,1.0434495836426176
stage36b_ny_late_continuation_h8_atr075,ny_late,continuation,8,2023-02-08 18:00:00+00:00,2023-02-09 02:00:00+00:00,1,-1.0434495836426176
stage36b_london_open_continuation_h4_atr075,london_open,continuation,4,2023-02-09 08:00:00+00:00,2023-02-09 12:00:00+00:00,1,9.552912150850153
stage36b_london_open_reversal_h4_atr075,london_open,reversal,4,2023-02-09 08:00:00+00:00,2023-02-09 12:00:00+00:00,-1,-9.552912150850153
stage36b_ny_open_continuation_h4_atr075,ny_open,continuation,4,2023-02-09 13:00:00+00:00,2023-02-09 17:00:00+00:00,-1,11.82765001321708
stage36b_ny_open_reversal_h4_atr075,ny_open,reversal,4,2023-02-09 13:00:00+00:00,2023-02-09 17:00:00+00:00,1,-11.82765001321708
stage36b_ny_late_reversal_h8_atr075,ny_late,reversal,8,2023-02-09 18:00:00+00:00,2023-02-10 02:00:00+00:00,1,-10.43130449154994
stage36b_ny_late_continuation_h8_atr075,ny_late,continuation,8,2023-02-09 18:00:00+00:00,2023-02-10 02:00:00+00:00,-1,10.43130449154994
stage36b_london_open_continuation_h4_atr075,london_open,continuation,4,2023-02-10 08:00:00+00:00,2023-02-10 12:00:00+00:00,-1,-3.8984771573605514
stage36b_london_open_reversal_h4_atr075,london_open,reversal,4,2023-02-10 08:00:00+00:00,2023-02-10 12:00:00+00:00,1,3.8984771573605514
stage36b_ny_open_continuation_h4_atr075,ny_open,continuation,4,2023-02-10 13:00:00+00:00,2023-02-10 17:00:00+00:00,1,-5.182081611324998
stage36b_ny_open_reversal_h4_atr075,ny_open,reversal,4,2023-02-10 13:00:00+00:00,2023-02-10 17:00:00+00:00,-1,5.182081611324998
stage36b_ny_late_reversal_h8_atr075,ny_late,reversal,8,2023-02-10 18:00:00+00:00,2023-02-13 02:00:00+00:00,1,4.4447670901392025
stage36b_ny_late_continuation_h8_atr075,ny_late,continuation,8,2023-02-10 18:00:00+00:00,2023-02-13 02:00:00+00:00,-1,-4.4447670901392025
stage36b_london_open_continuation_h4_atr075,london_open,continuation,4,2023-02-13 08:00:00+00:00,2023-02-13 12:00:00+00:00,1,-6.274012419077855
stage36b_london_open_reversal_h4_atr075,london_open,reversal,4,2023-02-13 08:00:00+00:00,2023-02-13 12:00:00+00:00,-1,6.274012419077855
stage36b_ny_open_continuation_h4_atr075,ny_open,continuation,4,2023-02-13 13:00:00+00:00,2023-02-13 17:00:00+00:00,1,-9.046178805260803
stage36b_ny_open_reversal_h4_atr075,ny_open,reversal,4,2023-02-13 13:00:00+00:00,2023-02-13 17:00:00+00:00,-1,9.046178805260803
stage36b_ny_late_reversal_h8_atr075,ny_late,reversal,8,2023-02-13 18:00:00+00:00,2023-02-14 02:00:00+00:00,1,5.663901875031392
stage36b_ny_late_continuation_h8_atr075,ny_late,continuation,8,2023-02-13 18:00:00+00:00,2023-02-14 02:00:00+00:00,-1,-5.663901875031392
stage36b_london_open_continuation_h4_atr075,london_open,continuation,4,2023-02-14 08:00:00+00:00,2023-02-14 12:00:00+00:00,1,-5.210096850453639
stage36b_london_open_reversal_h4_atr075,london_open,reversal,4,2023-02-14 08:00:00+00:00,2023-02-14 12:00:00+00:00,-1,5.210096850453639
stage36b_ny_open_continuation_h4_atr075,ny_open,continuation,4,2023-02-14 13:00:00+00:00,2023-02-14 17:00:00+00:00,-1,7.31939513477985
stage36b_ny_open_reversal_h4_atr075,ny_open,reversal,4,2023-02-14 13:00:00+00:00,2023-02-14 17:00:00+00:00,1,-7.31939513477985
stage36b_ny_late_reversal_h8_atr075,ny_late,reversal,8,2023-02-14 18:00:00+00:00,2023-02-15 02:00:00+00:00,1,4.2521489971346185
stage36b_ny_late_continuation_h8_atr075,ny_late,continuation,8,2023-02-14 18:00:00+00:00,2023-02-15 02:00:00+00:00,-1,-4.2521489971346185
stage36b_london_open_continuation_h4_atr075,london_open,continuation,4,2023-02-15 08:00:00+00:00,2023-02-15 12:00:00+00:00,-1,10.560761772049185
stage36b_london_open_reversal_h4_atr075,london_open,reversal,4,2023-02-15 08:00:00+00:00,2023-02-15 12:00:00+00:00,1,-10.560761772049185
stage36b_ny_open_continuation_h4_atr075,ny_open,continuation,4,2023-02-15 13:00:00+00:00,2023-02-15 17:00:00+00:00,-1,1.0090090090089547
stage36b_ny_open_reversal_h4_atr075,ny_open,reversal,4,2023-02-15 13:00:00+00:00,2023-02-15 17:00:00+00:00,1,-1.0090090090089547
stage36b_ny_late_reversal_h8_atr075,ny_late,reversal,8,2023-02-15 18:00:00+00:00,2023-02-16 02:00:00+00:00,-1,1.4659974411969179
stage36b_ny_late_continuation_h8_atr075,ny_late,continuation,8,2023-02-15 18:00:00+00:00,2023-02-16 02:00:00+00:00,1,-1.4659974411969179
stage36b_london_open_continuation_h4_atr075,london_open,continuation,4,2023-02-16 08:00:00+00:00,2023-02-16 12:00:00+00:00,-1,-2.6230936819172634
stage36b_london_open_reversal_h4_atr075,london_open,reversal,4,2023-02-16 08:00:00+00:00,2023-02-16 12:00:00+00:00,1,2.6230936819172634
stage36b_ny_open_continuation_h4_atr075,ny_open,continuation,4,2023-02-16 13:00:00+00:00,2023-02-16 17:00:00+00:00,-1,3.6857956857955965
stage36b_ny_open_reversal_h4_atr075,ny_open,reversal,4,2023-02-16 13:00:00+00:00,2023-02-16 17:00:00+00:00,1,-3.6857956857955965
stage36b_ny_late_reversal_h8_atr075,ny_late,reversal,8,2023-02-16 18:00:00+00:00,2023-02-17 02:00:00+00:00,-1,7.317194289261168
stage36b_ny_late_continuation_h8_atr075,ny_late,continuation,8,2023-02-16 18:00:00+00:00,2023-02-17 02:00:00+00:00,1,-7.317194289261168
stage36b_london_open_continuation_h4_atr075,london_open,continuation,4,2023-02-17 08:00:00+00:00,2023-02-17 12:00:00+00:00,-1,1.0343434343433755
stage36b_london_open_reversal_h4_atr075,london_open,reversal,4,2023-02-17 08:00:00+00:00,2023-02-17 12:00:00+00:00,1,-1.0343434343433755
stage36b_ny_open_continuation_h4_atr075,ny_open,continuation,4,2023-02-17 13:00:00+00:00,2023-02-17 17:00:00+00:00,1,12.20995962314951
stage36b_ny_open_reversal_h4_atr075,ny_open,reversal,4,2023-02-17 13:00:00+00:00,2023-02-17 17:00:00+00:00,-1,-12.20995962314951
stage36b_ny_late_reversal_h8_atr075,ny_late,reversal,8,2023-02-17 18:00:00+00:00,2023-02-20 02:00:00+00:00,-1,0.7485630263333807
stage36b_ny_late_continuation_h8_atr075,ny_late,continuation,8,2023-02-17 18:00:00+00:00,2023-02-20 02:00:00+00:00,1,-0.7485630263333807
stage36b_london_open_continuation_h4_atr075,london_open,continuation,4,2023-02-20 08:00:00+00:00,2023-02-20 12:00:00+00:00,-1,1.0404526644712495
stage36b_london_open_reversal_h4_atr075,london_open,reversal,4,2023-02-20 08:00:00+00:00,2023-02-20 12:00:00+00:00,1,-1.0404526644712495
stage36b_ny_open_continuation_h4_atr075,ny_open,continuation,4,2023-02-20 13:00:00+00:00,2023-02-20 17:00:00+00:00,1,-2.731492408150348
stage36b_ny_open_reversal_h4_atr075,ny_open,reversal,4,2023-02-20 13:00:00+00:00,2023-02-20 17:00:00+00:00,-1,2.731492408150348
stage36b_ny_late_reversal_h8_atr075,ny_late,reversal,8,2023-02-20 18:00:00+00:00,2023-02-21 03:00:00+00:00,1,-0.7450700879069928
stage36b_ny_late_continuation_h8_atr075,ny_late,continuation,8,2023-02-20 18:00:00+00:00,2023-02-21 03:00:00+00:00,-1,0.7450700879069928
stage36b_london_open_continuation_h4_atr075,london_open,continuation,4,2023-02-21 08:00:00+00:00,2023-02-21 12:00:00+00:00,-1,12.88000000000014
stage36b_london_open_reversal_h4_atr075,london_open,reversal,4,2023-02-21 08:00:00+00:00,2023-02-21 12:00:00+00:00,1,-12.88000000000014
stage36b_ny_open_continuation_h4_atr075,ny_open,continuation,4,2023-02-21 13:00:00+00:00,2023-02-21 17:00:00+00:00,1,7.799086757991
stage36b_ny_open_reversal_h4_atr075,ny_open,reversal,4,2023-02-21 13:00:00+00:00,2023-02-21 17:00:00+00:00,-1,-7.799086757991
stage36b_ny_late_reversal_h8_atr075,ny_late,reversal,8,2023-02-21 18:00:00+00:00,2023-02-22 02:00:00+00:00,1,4.334391534391421
stage36b_ny_late_continuation_h8_atr075,ny_late,continuation,8,2023-02-21 18:00:00+00:00,2023-02-22 02:00:00+00:00,-1,-4.334391534391421
stage36b_london_open_continuation_h4_atr075,london_open,continuation,4,2023-02-22 08:00:00+00:00,2023-02-22 12:00:00+00:00,-1,3.7076950167284775
stage36b_london_open_reversal_h4_atr075,london_open,reversal,4,2023-02-22 08:00:00+00:00,2023-02-22 12:00:00+00:00,1,-3.7076950167284775
stage36b_ny_open_continuation_h4_atr075,ny_open,continuation,4,2023-02-22 13:00:00+00:00,2023-02-22 17:00:00+00:00,1,-4.598569384835268
stage36b_ny_open_reversal_h4_atr075,ny_open,reversal,4,2023-02-22 13:00:00+00:00,2023-02-22 17:00:00+00:00,-1,4.598569384835268
stage36b_ny_late_reversal_h8_atr075,ny_late,reversal,8,2023-02-22 18:00:00+00:00,2023-02-23 02:00:00+00:00,1,-9.852897089988032
stage36b_ny_late_continuation_h8_atr075,ny_late,continuation,8,2023-02-22 18:00:00+00:00,2023-02-23 02:00:00+00:00,-1,9.852897089988032
stage36b_london_open_continuation_h4_atr075,london_open,continuation,4,2023-02-23 08:00:00+00:00,2023-02-23 12:00:00+00:00,1,-8.075598705501562
stage36b_london_open_reversal_h4_atr075,london_open,reversal,4,2023-02-23 08:00:00+00:00,2023-02-23 12:00:00+00:00,-1,8.075598705501562
stage36b_ny_open_continuation_h4_atr075,ny_open,continuation,4,2023-02-23 13:00:00+00:00,2023-02-23 17:00:00+00:00,-1,4.7030195118331415
stage36b_ny_open_reversal_h4_atr075,ny_open,reversal,4,2023-02-23 13:00:00+00:00,2023-02-23 17:00:00+00:00,1,-4.7030195118331415
stage36b_ny_late_reversal_h8_atr075,ny_late,reversal,8,2023-02-23 18:00:00+00:00,2023-02-24 02:00:00+00:00,1,7.167907361455835
stage36b_ny_late_continuation_h8_atr075,ny_late,continuation,8,2023-02-23 18:00:00+00:00,2023-02-24 02:00:00+00:00,-1,-7.167907361455835
stage36b_london_open_continuation_h4_atr075,london_open,continuation,4,2023-02-24 08:00:00+00:00,2023-02-24 12:00:00+00:00,-1,3.3862433862432773
stage36b_london_open_reversal_h4_atr075,london_open,reversal,4,2023-02-24 08:00:00+00:00,2023-02-24 12:00:00+00:00,1,-3.3862433862432773
stage36b_ny_open_continuation_h4_atr075,ny_open,continuation,4,2023-02-24 13:00:00+00:00,2023-02-24 17:00:00+00:00,-1,12.368007397133512
stage36b_ny_open_reversal_h4_atr075,ny_open,reversal,4,2023-02-24 13:00:00+00:00,2023-02-24 17:00:00+00:00,1,-12.368007397133512
stage36b_ny_late_reversal_h8_atr075,ny_late,reversal,8,2023-02-24 18:00:00+00:00,2023-02-27 02:00:00+00:00,-1,-1.5376997524195823
stage36b_ny_late_continuation_h8_atr075,ny_late,continuation,8,2023-02-24 18:00:00+00:00,2023-02-27 02:00:00+00:00,1,1.5376997524195823
stage36b_london_open_continuation_h4_atr075,london_open,continuation,4,2023-02-27 08:00:00+00:00,2023-02-27 12:00:00+00:00,-1,-4.431561996779283
stage36b_london_open_reversal_h4_atr075,london_open,reversal,4,2023-02-27 08:00:00+00:00,2023-02-27 12:00:00+00:00,1,4.431561996779283
stage36b_ny_open_continuation_h4_atr075,ny_open,continuation,4,2023-02-27 13:00:00+00:00,2023-02-27 17:00:00+00:00,1,6.325528593727853
stage36b_ny_open_reversal_h4_atr075,ny_open,reversal,4,2023-02-27 13:00:00+00:00,2023-02-27 17:00:00+00:00,-1,-6.325528593727853
stage36b_ny_late_reversal_h8_atr075,ny_late,reversal,8,2023-02-27 18:00:00+00:00,2023-02-28 02:00:00+00:00,-1,0.6123492006894152
stage36b_ny_late_continuation_h8_atr075,ny_late,continuation,8,2023-02-27 18:00:00+00:00,2023-02-28 02:00:00+00:00,1,-0.6123492006894152
stage36b_london_open_continuation_h4_atr075,london_open,continuation,4,2023-02-28 08:00:00+00:00,2023-02-28 12:00:00+00:00,1,-14.493356441363384
stage36b_london_open_reversal_h4_atr075,london_open,reversal,4,2023-02-28 08:00:00+00:00,2023-02-28 12:00:00+00:00,-1,14.493356441363384
stage36b_ny_open_continuation_h4_atr075,ny_open,continuation,4,2023-02-28 13:00:00+00:00,2023-02-28 17:00:00+00:00,1,24.39971202303799
stage36b_ny_open_reversal_h4_atr075,ny_open,reversal,4,2023-02-28 13:00:00+00:00,2023-02-28 17:00:00+00:00,-1,-24.39971202303799
stage36b_ny_late_reversal_h8_atr075,ny_late,reversal,8,2023-02-28 18:00:00+00:00,2023-03-01 02:00:00+00:00,-1,3.7446627269337975
stage36b_ny_late_continuation_h8_atr075,ny_late,continuation,8,2023-02-28 18:00:00+00:00,2023-03-01 02:00:00+00:00,1,-3.7446627269337975
stage36b_london_open_continuation_h4_atr075,london_open,continuation,4,2023-03-01 08:00:00+00:00,2023-03-01 12:00:00+00:00,1,0.23911187019619973
stage36b_london_open_reversal_h4_atr075,london_open,reversal,4,2023-03-01 08:00:00+00:00,2023-03-01 12:00:00+00:00,-1,-0.23911187019619973
stage36b_ny_open_continuation_h4_atr075,ny_open,continuation,4,2023-03-01 13:00:00+00:00,2023-03-01 17:00:00+00:00,1,9.0253467240556
stage36b_ny_open_reversal_h4_atr075,ny_open,reversal,4,2023-03-01 13:00:00+00:00,2023-03-01 17:00:00+00:00,-1,-9.0253467240556
stage36b_ny_late_reversal_h8_atr075,ny_late,reversal,8,2023-03-01 18:00:00+00:00,2023-03-02 02:00:00+00:00,1,-5.61373992288822
stage36b_ny_late_continuation_h8_atr075,ny_late,continuation,8,2023-03-01 18:00:00+00:00,2023-03-02 02:00:00+00:00,-1,5.61373992288822
stage36b_london_open_continuation_h4_atr075,london_open,continuation,4,2023-03-02 08:00:00+00:00,2023-03-02 12:00:00+00:00,-1,1.126039667306375
stage36b_london_open_reversal_h4_atr075,london_open,reversal,4,2023-03-02 08:00:00+00:00,2023-03-02 12:00:00+00:00,1,-1.126039667306375
stage36b_ny_open_continuation_h4_atr075,ny_open,continuation,4,2023-03-02 13:00:00+00:00,2023-03-02 17:00:00+00:00,1,-0.2658950960755122
stage36b_ny_open_reversal_h4_atr075,ny_open,reversal,4,2023-03-02 13:00:00+00:00,2023-03-02 17:00:00+00:00,-1,0.2658950960755122
stage36b_ny_late_reversal_h8_atr075,ny_late,reversal,8,2023-03-02 18:00:00+00:00,2023-03-03 02:00:00+00:00,1,4.703958372049673
stage36b_ny_late_continuation_h8_atr075,ny_late,continuation,8,2023-03-02 18:00:00+00:00,2023-03-03 02:00:00+00:00,-1,-4.703958372049673
stage36b_london_open_continuation_h4_atr075,london_open,continuation,4,2023-03-03 08:00:00+00:00,2023-03-03 12:00:00+00:00,1,6.3474623095744045
stage36b_london_open_reversal_h4_atr075,london_open,reversal,4,2023-03-03 08:00:00+00:00,2023-03-03 12:00:00+00:00,-1,-6.3474623095744045
stage36b_ny_open_continuation_h4_atr075,ny_open,continuation,4,2023-03-03 13:00:00+00:00,2023-03-03 17:00:00+00:00,1,-6.908854166666632
stage36b_ny_open_reversal_h4_atr075,ny_open,reversal,4,2023-03-03 13:00:00+00:00,2023-03-03 17:00:00+00:00,-1,6.908854166666632
stage36b_ny_late_reversal_h8_atr075,ny_late,reversal,8,2023-03-03 18:00:00+00:00,2023-03-06 02:00:00+00:00,-1,-6.730516431924935
stage36b_ny_late_continuation_h8_atr075,ny_late,continuation,8,2023-03-03 18:00:00+00:00,2023-03-06 02:00:00+00:00,1,6.730516431924935
stage36b_london_open_continuation_h4_atr075,london_open,continuation,4,2023-03-06 08:00:00+00:00,2023-03-06 12:00:00+00:00,-1,5.906232935486481
stage36b_london_open_reversal_h4_atr075,london_open,reversal,4,2023-03-06 08:00:00+00:00,2023-03-06 12:00:00+00:00,1,-5.906232935486481
stage36b_ny_open_continuation_h4_atr075,ny_open,continuation,4,2023-03-06 13:00:00+00:00,2023-03-06 17:00:00+00:00,-1,-4.08295658414053
stage36b_ny_open_reversal_h4_atr075,ny_open,reversal,4,2023-03-06 13:00:00+00:00,2023-03-06 17:00:00+00:00,1,4.08295658414053
stage36b_ny_late_reversal_h8_atr075,ny_late,reversal,8,2023-03-06 18:00:00+00:00,2023-03-07 02:00:00+00:00,-1,8.713128038897777
stage36b_ny_late_continuation_h8_atr075,ny_late,continuation,8,2023-03-06 18:00:00+00:00,2023-03-07 02:00:00+00:00,1,-8.713128038897777
stage36b_london_open_continuation_h4_atr075,london_open,continuation,4,2023-03-07 08:00:00+00:00,2023-03-07 12:00:00+00:00,-1,8.17549990293136
stage36b_london_open_reversal_h4_atr075,london_open,reversal,4,2023-03-07 08:00:00+00:00,2023-03-07 12:00:00+00:00,1,-8.17549990293136
stage36b_ny_open_continuation_h4_atr075,ny_open,continuation,4,2023-03-07 13:00:00+00:00,2023-03-07 17:00:00+00:00,-1,45.35224586288296
stage36b_ny_open_reversal_h4_atr075,ny_open,reversal,4,2023-03-07 13:00:00+00:00,2023-03-07 17:00:00+00:00,1,-45.35224586288296
stage36b_ny_late_reversal_h8_atr075,ny_late,reversal,8,2023-03-07 18:00:00+00:00,2023-03-08 02:00:00+00:00,-1,7.965080379005617
stage36b_ny_late_continuation_h8_atr075,ny_late,continuation,8,2023-03-07 18:00:00+00:00,2023-03-08 02:00:00+00:00,1,-7.965080379005617
stage36b_london_open_continuation_h4_atr075,london_open,continuation,4,2023-03-08 08:00:00+00:00,2023-03-08 12:00:00+00:00,1,0.5024674742036714
stage36b_london_open_reversal_h4_atr075,london_open,reversal,4,2023-03-08 08:00:00+00:00,2023-03-08 12:00:00+00:00,-1,-0.5024674742036714
stage36b_ny_open_continuation_h4_atr075,ny_open,continuation,4,2023-03-08 13:00:00+00:00,2023-03-08 17:00:00+00:00,1,13.667546174142089
stage36b_ny_open_reversal_h4_atr075,ny_open,reversal,4,2023-03-08 13:00:00+00:00,2023-03-08 17:00:00+00:00,-1,-13.667546174142089
stage36b_ny_late_reversal_h8_atr075,ny_late,reversal,8,2023-03-08 18:00:00+00:00,2023-03-09 02:00:00+00:00,1,-3.041508372027657
stage36b_ny_late_continuation_h8_atr075,ny_late,continuation,8,2023-03-08 18:00:00+00:00,2023-03-09 02:00:00+00:00,-1,3.041508372027657
stage36b_london_open_continuation_h4_atr075,london_open,continuation,4,2023-03-09 08:00:00+00:00,2023-03-09 12:00:00+00:00,-1,-10.876912021353077
stage36b_london_open_reversal_h4_atr075,london_open,reversal,4,2023-03-09 08:00:00+00:00,2023-03-09 12:00:00+00:00,1,10.876912021353077
stage36b_ny_open_continuation_h4_atr075,ny_open,continuation,4,2023-03-09 13:00:00+00:00,2023-03-09 17:00:00+00:00,1,21.38584805483129
stage36b_ny_open_reversal_h4_atr075,ny_open,reversal,4,2023-03-09 13:00:00+00:00,2023-03-09 17:00:00+00:00,-1,-21.38584805483129
stage36b_ny_late_reversal_h8_atr075,ny_late,reversal,8,2023-03-09 18:00:00+00:00,2023-03-10 02:00:00+00:00,1,10.92353189691587
stage36b_ny_late_continuation_h8_atr075,ny_late,continuation,8,2023-03-09 18:00:00+00:00,2023-03-10 02:00:00+00:00,-1,-10.92353189691587
stage36b_london_open_continuation_h4_atr075,london_open,continuation,4,2023-03-10 08:00:00+00:00,2023-03-10 12:00:00+00:00,-1,-3.1769815418025877
stage36b_london_open_reversal_h4_atr075,london_open,reversal,4,2023-03-10 08:00:00+00:00,2023-03-10 12:00:00+00:00,1,3.1769815418025877
stage36b_ny_open_continuation_h4_atr075,ny_open,continuation,4,2023-03-10 13:00:00+00:00,2023-03-10 17:00:00+00:00,1,39.95221756258673
stage36b_ny_open_reversal_h4_atr075,ny_open,reversal,4,2023-03-10 13:00:00+00:00,2023-03-10 17:00:00+00:00,-1,-39.95221756258673
stage36b_ny_late_reversal_h8_atr075,ny_late,reversal,8,2023-03-10 18:00:00+00:00,2023-03-13 01:00:00+00:00,1,18.76689038031311
stage36b_ny_late_continuation_h8_atr075,ny_late,continuation,8,2023-03-10 18:00:00+00:00,2023-03-13 01:00:00+00:00,-1,-18.76689038031311
stage36b_london_open_continuation_h4_atr075,london_open,continuation,4,2023-03-13 08:00:00+00:00,2023-03-13 12:00:00+00:00,-1,-5.637029637029743
stage36b_london_open_reversal_h4_atr075,london_open,reversal,4,2023-03-13 08:00:00+00:00,2023-03-13 12:00:00+00:00,1,5.637029637029743
stage36b_ny_open_continuation_h4_atr075,ny_open,continuation,4,2023-03-13 13:00:00+00:00,2023-03-13 17:00:00+00:00,1,8.623011356450823
stage36b_ny_open_reversal_h4_atr075,ny_open,reversal,4,2023-03-13 13:00:00+00:00,2023-03-13 17:00:00+00:00,-1,-8.623011356450823
stage36b_ny_late_reversal_h8_atr075,ny_late,reversal,8,2023-03-13 18:00:00+00:00,2023-03-14 02:00:00+00:00,-1,-1.9466277012997542
stage36b_ny_late_continuation_h8_atr075,ny_late,continuation,8,2023-03-13 18:00:00+00:00,2023-03-14 02:00:00+00:00,1,1.9466277012997542
stage36b_london_open_continuation_h4_atr075,london_open,continuation,4,2023-03-14 08:00:00+00:00,2023-03-14 12:00:00+00:00,1,-6.806886538062505
stage36b_london_open_reversal_h4_atr075,london_open,reversal,4,2023-03-14 08:00:00+00:00,2023-03-14 12:00:00+00:00,-1,6.806886538062505
stage36b_ny_open_continuation_h4_atr075,ny_open,continuation,4,2023-03-14 13:00:00+00:00,2023-03-14 17:00:00+00:00,1,0.05444557872753271
stage36b_ny_open_reversal_h4_atr075,ny_open,reversal,4,2023-03-14 13:00:00+00:00,2023-03-14 17:00:00+00:00,-1,-0.05444557872753271
stage36b_ny_late_reversal_h8_atr075,ny_late,reversal,8,2023-03-14 18:00:00+00:00,2023-03-15 02:00:00+00:00,-1,5.417579331648324
stage36b_ny_late_continuation_h8_atr075,ny_late,continuation,8,2023-03-14 18:00:00+00:00,2023-03-15 02:00:00+00:00,1,-5.417579331648324
stage36b_london_open_continuation_h4_atr075,london_open,continuation,4,2023-03-15 08:00:00+00:00,2023-03-15 12:00:00+00:00,1,14.624881291547917
stage36b_london_open_reversal_h4_atr075,london_open,reversal,4,2023-03-15 08:00:00+00:00,2023-03-15 12:00:00+00:00,-1,-14.624881291547917
stage36b_ny_open_continuation_h4_atr075,ny_open,continuation,4,2023-03-15 13:00:00+00:00,2023-03-15 17:00:00+00:00,1,8.39907499174095
stage36b_ny_open_reversal_h4_atr075,ny_open,reversal,4,2023-03-15 13:00:00+00:00,2023-03-15 17:00:00+00:00,-1,-8.39907499174095
stage36b_ny_late_reversal_h8_atr075,ny_late,reversal,8,2023-03-15 18:00:00+00:00,2023-03-16 02:00:00+00:00,-1,12.29507837334212
stage36b_ny_late_continuation_h8_atr075,ny_late,continuation,8,2023-03-15 18:00:00+00:00,2023-03-16 02:00:00+00:00,1,-12.29507837334212
stage36b_london_open_continuation_h4_atr075,london_open,continuation,4,2023-03-16 08:00:00+00:00,2023-03-16 12:00:00+00:00,-1,-4.681419037583475
stage36b_london_open_reversal_h4_atr075,london_open,reversal,4,2023-03-16 08:00:00+00:00,2023-03-16 12:00:00+00:00,1,4.681419037583475
stage36b_ny_open_continuation_h4_atr075,ny_open,continuation,4,2023-03-16 13:00:00+00:00,2023-03-16 17:00:00+00:00,1,-7.96405736996698
stage36b_ny_open_reversal_h4_atr075,ny_open,reversal,4,2023-03-16 13:00:00+00:00,2023-03-16 17:00:00+00:00,-1,7.96405736996698
stage36b_ny_late_reversal_h8_atr075,ny_late,reversal,8,2023-03-16 18:00:00+00:00,2023-03-17 02:00:00+00:00,1,3.578896182835028
stage36b_ny_late_continuation_h8_atr075,ny_late,continuation,8,2023-03-16 18:00:00+00:00,2023-03-17 02:00:00+00:00,-1,-3.578896182835028
stage36b_london_open_continuation_h4_atr075,london_open,continuation,4,2023-03-17 08:00:00+00:00,2023-03-17 12:00:00+00:00,1,-2.290642518326678
stage36b_london_open_reversal_h4_atr075,london_open,reversal,4,2023-03-17 08:00:00+00:00,2023-03-17 12:00:00+00:00,-1,2.290642518326678
stage36b_ny_open_continuation_h4_atr075,ny_open,continuation,4,2023-03-17 13:00:00+00:00,2023-03-17 17:00:00+00:00,1,29.248369184322886
stage36b_ny_open_reversal_h4_atr075,ny_open,reversal,4,2023-03-17 13:00:00+00:00,2023-03-17 17:00:00+00:00,-1,-29.248369184322886
stage36b_ny_late_reversal_h8_atr075,ny_late,reversal,8,2023-03-17 18:00:00+00:00,2023-03-20 01:00:00+00:00,-1,-12.327887896609475
stage36b_ny_late_continuation_h8_atr075,ny_late,continuation,8,2023-03-17 18:00:00+00:00,2023-03-20 01:00:00+00:00,1,12.327887896609475
stage36b_london_open_continuation_h4_atr075,london_open,continuation,4,2023-03-20 08:00:00+00:00,2023-03-20 12:00:00+00:00,1,-4.577908355239461
stage36b_london_open_reversal_h4_atr075,london_open,reversal,4,2023-03-20 08:00:00+00:00,2023-03-20 12:00:00+00:00,-1,4.577908355239461
stage36b_ny_open_continuation_h4_atr075,ny_open,continuation,4,2023-03-20 13:00:00+00:00,2023-03-20 17:00:00+00:00,1,-5.457818101997524
stage36b_ny_open_reversal_h4_atr075,ny_open,reversal,4,2023-03-20 13:00:00+00:00,2023-03-20 17:00:00+00:00,-1,5.457818101997524
stage36b_ny_late_reversal_h8_atr075,ny_late,reversal,8,2023-03-20 18:00:00+00:00,2023-03-21 02:00:00+00:00,-1,-2.755008926800206
stage36b_ny_late_continuation_h8_atr075,ny_late,continuation,8,2023-03-20 18:00:00+00:00,2023-03-21 02:00:00+00:00,1,2.755008926800206
stage36b_london_open_continuation_h4_atr075,london_open,continuation,4,2023-03-21 08:00:00+00:00,2023-03-21 12:00:00+00:00,-1,5.021088335053788
stage36b_london_open_reversal_h4_atr075,london_open,reversal,4,2023-03-21 08:00:00+00:00,2023-03-21 12:00:00+00:00,1,-5.021088335053788
stage36b_ny_open_continuation_h4_atr075,ny_open,continuation,4,2023-03-21 13:00:00+00:00,2023-03-21 17:00:00+00:00,-1,18.783349539288114
stage36b_ny_open_reversal_h4_atr075,ny_open,reversal,4,2023-03-21 13:00:00+00:00,2023-03-21 17:00:00+00:00,1,-18.783349539288114
stage36b_ny_late_reversal_h8_atr075,ny_late,reversal,8,2023-03-21 18:00:00+00:00,2023-03-22 02:00:00+00:00,1,-0.6817490108552976
stage36b_ny_late_continuation_h8_atr075,ny_late,continuation,8,2023-03-21 18:00:00+00:00,2023-03-22 02:00:00+00:00,-1,0.6817490108552976
stage36b_london_open_continuation_h4_atr075,london_open,continuation,4,2023-03-22 08:00:00+00:00,2023-03-22 12:00:00+00:00,1,0.33785822021115863
stage36b_london_open_reversal_h4_atr075,london_open,reversal,4,2023-03-22 08:00:00+00:00,2023-03-22 12:00:00+00:00,-1,-0.33785822021115863
stage36b_ny_open_continuation_h4_atr075,ny_open,continuation,4,2023-03-22 13:00:00+00:00,2023-03-22 17:00:00+00:00,-1,-6.211460855528858
stage36b_ny_open_reversal_h4_atr075,ny_open,reversal,4,2023-03-22 13:00:00+00:00,2023-03-22 17:00:00+00:00,1,6.211460855528858
stage36b_ny_late_reversal_h8_atr075,ny_late,reversal,8,2023-03-22 18:00:00+00:00,2023-03-23 02:00:00+00:00,-1,-24.709235609846232
stage36b_ny_late_continuation_h8_atr075,ny_late,continuation,8,2023-03-22 18:00:00+00:00,2023-03-23 02:00:00+00:00,1,24.709235609846232
stage36b_london_open_continuation_h4_atr075,london_open,continuation,4,2023-03-23 08:00:00+00:00,2023-03-23 12:00:00+00:00,1,-0.33567652988949
stage36b_london_open_reversal_h4_atr075,london_open,reversal,4,2023-03-23 08:00:00+00:00,2023-03-23 12:00:00+00:00,-1,0.33567652988949
stage36b_ny_open_continuation_h4_atr075,ny_open,continuation,4,2023-03-23 13:00:00+00:00,2023-03-23 17:00:00+00:00,1,5.811152145169461
stage36b_ny_open_reversal_h4_atr075,ny_open,reversal,4,2023-03-23 13:00:00+00:00,2023-03-23 17:00:00+00:00,-1,-5.811152145169461
stage36b_ny_late_reversal_h8_atr075,ny_late,reversal,8,2023-03-23 18:00:00+00:00,2023-03-24 02:00:00+00:00,-1,0.32509788038346926
stage36b_ny_late_continuation_h8_atr075,ny_late,continuation,8,2023-03-23 18:00:00+00:00,2023-03-24 02:00:00+00:00,1,-0.32509788038346926
stage36b_london_open_continuation_h4_atr075,london_open,continuation,4,2023-03-24 08:00:00+00:00,2023-03-24 12:00:00+00:00,-1,-7.7802907915993895
stage36b_london_open_reversal_h4_atr075,london_open,reversal,4,2023-03-24 08:00:00+00:00,2023-03-24 12:00:00+00:00,1,7.7802907915993895
stage36b_ny_open_continuation_h4_atr075,ny_open,continuation,4,2023-03-24 13:00:00+00:00,2023-03-24 17:00:00+00:00,1,-8.753383043358243
stage36b_ny_open_reversal_h4_atr075,ny_open,reversal,4,2023-03-24 13:00:00+00:00,2023-03-24 17:00:00+00:00,-1,8.753383043358243
stage36b_ny_late_reversal_h8_atr075,ny_late,reversal,8,2023-03-24 18:00:00+00:00,2023-03-27 02:00:00+00:00,1,-7.961966752815691
stage36b_ny_late_continuation_h8_atr075,ny_late,continuation,8,2023-03-24 18:00:00+00:00,2023-03-27 02:00:00+00:00,-1,7.961966752815691
stage36b_london_open_continuation_h4_atr075,london_open,continuation,4,2023-03-27 08:00:00+00:00,2023-03-27 12:00:00+00:00,-1,13.737882764654351
stage36b_london_open_reversal_h4_atr075,london_open,reversal,4,2023-03-27 08:00:00+00:00,2023-03-27 12:00:00+00:00,1,-13.737882764654351
stage36b_ny_open_continuation_h4_atr075,ny_open,continuation,4,2023-03-27 13:00:00+00:00,2023-03-27 17:00:00+00:00,-1,-4.192238756200237
stage36b_ny_open_reversal_h4_atr075,ny_open,reversal,4,2023-03-27 13:00:00+00:00,2023-03-27 17:00:00+00:00,1,4.192238756200237
stage36b_ny_late_reversal_h8_atr075,ny_late,reversal,8,2023-03-27 18:00:00+00:00,2023-03-28 02:00:00+00:00,-1,-0.9744297082228284
stage36b_ny_late_continuation_h8_atr075,ny_late,continuation,8,2023-03-27 18:00:00+00:00,2023-03-28 02:00:00+00:00,1,0.9744297082228284
stage36b_london_open_continuation_h4_atr075,london_open,continuation,4,2023-03-28 08:00:00+00:00,2023-03-28 12:00:00+00:00,1,-9.642048028998696
stage36b_london_open_reversal_h4_atr075,london_open,reversal,4,2023-03-28 08:00:00+00:00,2023-03-28 12:00:00+00:00,-1,9.642048028998696
stage36b_ny_open_continuation_h4_atr075,ny_open,continuation,4,2023-03-28 13:00:00+00:00,2023-03-28 17:00:00+00:00,1,18.07366984993158
stage36b_ny_open_reversal_h4_atr075,ny_open,reversal,4,2023-03-28 13:00:00+00:00,2023-03-28 17:00:00+00:00,-1,-18.07366984993158
stage36b_ny_late_reversal_h8_atr075,ny_late,reversal,8,2023-03-28 18:00:00+00:00,2023-03-29 02:00:00+00:00,1,5.529711453846685
stage36b_ny_late_continuation_h8_atr075,ny_late,continuation,8,2023-03-28 18:00:00+00:00,2023-03-29 02:00:00+00:00,-1,-5.529711453846685
stage36b_london_open_continuation_h4_atr075,london_open,continuation,4,2023-03-29 08:00:00+00:00,2023-03-29 12:00:00+00:00,-1,-6.756598240469172
stage36b_london_open_reversal_h4_atr075,london_open,reversal,4,2023-03-29 08:00:00+00:00,2023-03-29 12:00:00+00:00,1,6.756598240469172
stage36b_ny_open_continuation_h4_atr075,ny_open,continuation,4,2023-03-29 13:00:00+00:00,2023-03-29 17:00:00+00:00,1,2.0561720783667803
stage36b_ny_open_reversal_h4_atr075,ny_open,reversal,4,2023-03-29 13:00:00+00:00,2023-03-29 17:00:00+00:00,-1,-2.0561720783667803
stage36b_ny_late_reversal_h8_atr075,ny_late,reversal,8,2023-03-29 18:00:00+00:00,2023-03-30 02:00:00+00:00,1,1.5100401606426572
stage36b_ny_late_continuation_h8_atr075,ny_late,continuation,8,2023-03-29 18:00:00+00:00,2023-03-30 02:00:00+00:00,-1,-1.5100401606426572
stage36b_london_open_continuation_h4_atr075,london_open,continuation,4,2023-03-30 08:00:00+00:00,2023-03-30 12:00:00+00:00,1,4.477784841421128
stage36b_london_open_reversal_h4_atr075,london_open,reversal,4,2023-03-30 08:00:00+00:00,2023-03-30 12:00:00+00:00,-1,-4.477784841421128
stage36b_ny_open_continuation_h4_atr075,ny_open,continuation,4,2023-03-30 13:00:00+00:00,2023-03-30 17:00:00+00:00,1,5.158561191122198
stage36b_ny_open_reversal_h4_atr075,ny_open,reversal,4,2023-03-30 13:00:00+00:00,2023-03-30 17:00:00+00:00,-1,-5.158561191122198
stage36b_ny_late_reversal_h8_atr075,ny_late,reversal,8,2023-03-30 18:00:00+00:00,2023-03-31 02:00:00+00:00,-1,-4.514395393474123
stage36b_ny_late_continuation_h8_atr075,ny_late,continuation,8,2023-03-30 18:00:00+00:00,2023-03-31 02:00:00+00:00,1,4.514395393474123
stage36b_london_open_continuation_h4_atr075,london_open,continuation,4,2023-03-31 08:00:00+00:00,2023-03-31 12:00:00+00:00,-1,0.9339701311499632
stage36b_london_open_reversal_h4_atr075,london_open,reversal,4,2023-03-31 08:00:00+00:00,2023-03-31 12:00:00+00:00,1,-0.9339701311499632
stage36b_ny_open_continuation_h4_atr075,ny_open,continuation,4,2023-03-31 13:00:00+00:00,2023-03-31 17:00:00+00:00,1,-2.1196448246808646
stage36b_ny_open_reversal_h4_atr075,ny_open,reversal,4,2023-03-31 13:00:00+00:00,2023-03-31 17:00:00+00:00,-1,2.1196448246808646
stage36b_ny_late_reversal_h8_atr075,ny_late,reversal,8,2023-03-31 18:00:00+00:00,2023-04-03 02:00:00+00:00,-1,22.993075356415353
stage36b_ny_late_continuation_h8_atr075,ny_late,continuation,8,2023-03-31 18:00:00+00:00,2023-04-03 02:00:00+00:00,1,-22.993075356415353
stage36b_london_open_continuation_h4_atr075,london_open,continuation,4,2023-04-03 08:00:00+00:00,2023-04-03 12:00:00+00:00,1,10.092503987240718
stage36b_london_open_reversal_h4_atr075,london_open,reversal,4,2023-04-03 08:00:00+00:00,2023-04-03 12:00:00+00:00,-1,-10.092503987240718
stage36b_ny_open_continuation_h4_atr075,ny_open,continuation,4,2023-04-03 13:00:00+00:00,2023-04-03 17:00:00+00:00,1,11.570353477765064
stage36b_ny_open_reversal_h4_atr075,ny_open,reversal,4,2023-04-03 13:00:00+00:00,2023-04-03 17:00:00+00:00,-1,-11.570353477765064
stage36b_ny_late_reversal_h8_atr075,ny_late,reversal,8,2023-04-03 18:00:00+00:00,2023-04-04 02:00:00+00:00,-1,2.5589347858981983
stage36b_ny_late_continuation_h8_atr075,ny_late,continuation,8,2023-04-03 18:00:00+00:00,2023-04-04 02:00:00+00:00,1,-2.5589347858981983
stage36b_london_open_continuation_h4_atr075,london_open,continuation,4,2023-04-04 08:00:00+00:00,2023-04-04 12:00:00+00:00,-1,-6.936795761510404
stage36b_london_open_reversal_h4_atr075,london_open,reversal,4,2023-04-04 08:00:00+00:00,2023-04-04 12:00:00+00:00,1,6.936795761510404
stage36b_ny_open_continuation_h4_atr075,ny_open,continuation,4,2023-04-04 13:00:00+00:00,2023-04-04 17:00:00+00:00,-1,-53.07197207678866
stage36b_ny_open_reversal_h4_atr075,ny_open,reversal,4,2023-04-04 13:00:00+00:00,2023-04-04 17:00:00+00:00,1,53.07197207678866
stage36b_ny_late_reversal_h8_atr075,ny_late,reversal,8,2023-04-04 18:00:00+00:00,2023-04-05 02:00:00+00:00,-1,-1.1860940695296898
stage36b_ny_late_continuation_h8_atr075,ny_late,continuation,8,2023-04-04 18:00:00+00:00,2023-04-05 02:00:00+00:00,1,1.1860940695296898
stage36b_london_open_continuation_h4_atr075,london_open,continuation,4,2023-04-05 08:00:00+00:00,2023-04-05 12:00:00+00:00,1,0.38290598290604455
stage36b_london_open_reversal_h4_atr075,london_open,reversal,4,2023-04-05 08:00:00+00:00,2023-04-05 12:00:00+00:00,-1,-0.38290598290604455
stage36b_ny_open_continuation_h4_atr075,ny_open,continuation,4,2023-04-05 13:00:00+00:00,2023-04-05 17:00:00+00:00,-1,5.862740724217363
stage36b_ny_open_reversal_h4_atr075,ny_open,reversal,4,2023-04-05 13:00:00+00:00,2023-04-05 17:00:00+00:00,1,-5.862740724217363
stage36b_ny_late_reversal_h8_atr075,ny_late,reversal,8,2023-04-05 18:00:00+00:00,2023-04-06 02:00:00+00:00,-1,1.2730813560669805
stage36b_ny_late_continuation_h8_atr075,ny_late,continuation,8,2023-04-05 18:00:00+00:00,2023-04-06 02:00:00+00:00,1,-1.2730813560669805
stage36b_london_open_continuation_h4_atr075,london_open,continuation,4,2023-04-06 08:00:00+00:00,2023-04-06 12:00:00+00:00,1,7.098275170477387
stage36b_london_open_reversal_h4_atr075,london_open,reversal,4,2023-04-06 08:00:00+00:00,2023-04-06 12:00:00+00:00,-1,-7.098275170477387
stage36b_ny_open_continuation_h4_atr075,ny_open,continuation,4,2023-04-06 13:00:00+00:00,2023-04-06 17:00:00+00:00,1,-12.832860424267041
stage36b_ny_open_reversal_h4_atr075,ny_open,reversal,4,2023-04-06 13:00:00+00:00,2023-04-06 17:00:00+00:00,-1,12.832860424267041
stage36b_ny_late_reversal_h8_atr075,ny_late,reversal,8,2023-04-06 18:00:00+00:00,2023-04-10 01:00:00+00:00,1,-5.438659485337963
stage36b_ny_late_continuation_h8_atr075,ny_late,continuation,8,2023-04-06 18:00:00+00:00,2023-04-10 01:00:00+00:00,-1,5.438659485337963
stage36b_london_open_continuation_h4_atr075,london_open,continuation,4,2023-04-10 08:00:00+00:00,2023-04-10 12:00:00+00:00,1,5.545992381878491
stage36b_london_open_reversal_h4_atr075,london_open,reversal,4,2023-04-10 08:00:00+00:00,2023-04-10 12:00:00+00:00,-1,-5.545992381878491
stage36b_ny_open_continuation_h4_atr075,ny_open,continuation,4,2023-04-10 13:00:00+00:00,2023-04-10 17:00:00+00:00,1,-15.19905100830358
stage36b_ny_open_reversal_h4_atr075,ny_open,reversal,4,2023-04-10 13:00:00+00:00,2023-04-10 17:00:00+00:00,-1,15.19905100830358
stage36b_ny_late_reversal_h8_atr075,ny_late,reversal,8,2023-04-10 18:00:00+00:00,2023-04-11 02:00:00+00:00,-1,-3.8205748052644912
stage36b_ny_late_continuation_h8_atr075,ny_late,continuation,8,2023-04-10 18:00:00+00:00,2023-04-11 02:00:00+00:00,1,3.8205748052644912
stage36b_london_open_continuation_h4_atr075,london_open,continuation,4,2023-04-11 08:00:00+00:00,2023-04-11 12:00:00+00:00,-1,-10.083601286173797
stage36b_london_open_reversal_h4_atr075,london_open,reversal,4,2023-04-11 08:00:00+00:00,2023-04-11 12:00:00+00:00,1,10.083601286173797
stage36b_ny_open_continuation_h4_atr075,ny_open,continuation,4,2023-04-11 13:00:00+00:00,2023-04-11 17:00:00+00:00,-1,2.9768963402164834
stage36b_ny_open_reversal_h4_atr075,ny_open,reversal,4,2023-04-11 13:00:00+00:00,2023-04-11 17:00:00+00:00,1,-2.9768963402164834
stage36b_ny_late_reversal_h8_atr075,ny_late,reversal,8,2023-04-11 18:00:00+00:00,2023-04-12 02:00:00+00:00,-1,-0.689789303079344
stage36b_ny_late_continuation_h8_atr075,ny_late,continuation,8,2023-04-11 18:00:00+00:00,2023-04-12 02:00:00+00:00,1,0.689789303079344
stage36b_london_open_continuation_h4_atr075,london_open,continuation,4,2023-04-12 08:00:00+00:00,2023-04-12 12:00:00+00:00,-1,10.853499765116608
stage36b_london_open_reversal_h4_atr075,london_open,reversal,4,2023-04-12 08:00:00+00:00,2023-04-12 12:00:00+00:00,1,-10.853499765116608
stage36b_ny_open_continuation_h4_atr075,ny_open,continuation,4,2023-04-12 13:00:00+00:00,2023-04-12 17:00:00+00:00,-1,2.313615023474187
stage36b_ny_open_reversal_h4_atr075,ny_open,reversal,4,2023-04-12 13:00:00+00:00,2023-04-12 17:00:00+00:00,1,-2.313615023474187
stage36b_ny_late_reversal_h8_atr075,ny_late,reversal,8,2023-04-12 18:00:00+00:00,2023-04-13 02:00:00+00:00,1,9.18324399444121
stage36b_ny_late_continuation_h8_atr075,ny_late,continuation,8,2023-04-12 18:00:00+00:00,2023-04-13 02:00:00+00:00,-1,-9.18324399444121
stage36b_london_open_continuation_h4_atr075,london_open,continuation,4,2023-04-13 08:00:00+00:00,2023-04-13 12:00:00+00:00,-1,-16.24758220502907
stage36b_london_open_reversal_h4_atr075,london_open,reversal,4,2023-04-13 08:00:00+00:00,2023-04-13 12:00:00+00:00,1,16.24758220502907
stage36b_ny_open_continuation_h4_atr075,ny_open,continuation,4,2023-04-13 13:00:00+00:00,2023-04-13 17:00:00+00:00,1,10.5297338115915
stage36b_ny_open_reversal_h4_atr075,ny_open,reversal,4,2023-04-13 13:00:00+00:00,2023-04-13 17:00:00+00:00,-1,-10.5297338115915
stage36b_ny_late_reversal_h8_atr075,ny_late,reversal,8,2023-04-13 18:00:00+00:00,2023-04-14 02:00:00+00:00,-1,-0.6449217714136067
stage36b_ny_late_continuation_h8_atr075,ny_late,continuation,8,2023-04-13 18:00:00+00:00,2023-04-14 02:00:00+00:00,1,0.6449217714136067
stage36b_london_open_continuation_h4_atr075,london_open,continuation,4,2023-04-14 08:00:00+00:00,2023-04-14 12:00:00+00:00,-1,6.437856645789966
stage36b_london_open_reversal_h4_atr075,london_open,reversal,4,2023-04-14 08:00:00+00:00,2023-04-14 12:00:00+00:00,1,-6.437856645789966
stage36b_ny_open_continuation_h4_atr075,ny_open,continuation,4,2023-04-14 13:00:00+00:00,2023-04-14 17:00:00+00:00,-1,56.68740062329009
stage36b_ny_open_reversal_h4_atr075,ny_open,reversal,4,2023-04-14 13:00:00+00:00,2023-04-14 17:00:00+00:00,1,-56.68740062329009
stage36b_ny_late_reversal_h8_atr075,ny_late,reversal,8,2023-04-14 18:00:00+00:00,2023-04-17 02:00:00+00:00,1,5.003080714725793
stage36b_ny_late_continuation_h8_atr075,ny_late,continuation,8,2023-04-14 18:00:00+00:00,2023-04-17 02:00:00+00:00,-1,-5.003080714725793
stage36b_london_open_continuation_h4_atr075,london_open,continuation,4,2023-04-17 08:00:00+00:00,2023-04-17 12:00:00+00:00,1,-1.15219690414401
stage36b_london_open_reversal_h4_atr075,london_open,reversal,4,2023-04-17 08:00:00+00:00,2023-04-17 12:00:00+00:00,-1,1.15219690414401
stage36b_ny_open_continuation_h4_atr075,ny_open,continuation,4,2023-04-17 13:00:00+00:00,2023-04-17 17:00:00+00:00,-1,27.002210361744478
stage36b_ny_open_reversal_h4_atr075,ny_open,reversal,4,2023-04-17 13:00:00+00:00,2023-04-17 17:00:00+00:00,1,-27.002210361744478
stage36b_ny_late_reversal_h8_atr075,ny_late,reversal,8,2023-04-17 18:00:00+00:00,2023-04-18 02:00:00+00:00,-1,-3.5106931714476817
stage36b_ny_late_continuation_h8_atr075,ny_late,continuation,8,2023-04-17 18:00:00+00:00,2023-04-18 02:00:00+00:00,1,3.5106931714476817
stage36b_london_open_continuation_h4_atr075,london_open,continuation,4,2023-04-18 08:00:00+00:00,2023-04-18 12:00:00+00:00,1,1.2265926268703573
stage36b_london_open_reversal_h4_atr075,london_open,reversal,4,2023-04-18 08:00:00+00:00,2023-04-18 12:00:00+00:00,-1,-1.2265926268703573
stage36b_ny_open_continuation_h4_atr075,ny_open,continuation,4,2023-04-18 13:00:00+00:00,2023-04-18 17:00:00+00:00,1,8.722884958178845
stage36b_ny_open_reversal_h4_atr075,ny_open,reversal,4,2023-04-18 13:00:00+00:00,2023-04-18 17:00:00+00:00,-1,-8.722884958178845
stage36b_ny_late_reversal_h8_atr075,ny_late,reversal,8,2023-04-18 18:00:00+00:00,2023-04-19 02:00:00+00:00,1,-2.8485793977214313
stage36b_ny_late_continuation_h8_atr075,ny_late,continuation,8,2023-04-18 18:00:00+00:00,2023-04-19 02:00:00+00:00,-1,2.8485793977214313
stage36b_london_open_continuation_h4_atr075,london_open,continuation,4,2023-04-19 08:00:00+00:00,2023-04-19 12:00:00+00:00,-1,49.08900523560173
stage36b_london_open_reversal_h4_atr075,london_open,reversal,4,2023-04-19 08:00:00+00:00,2023-04-19 12:00:00+00:00,1,-49.08900523560173
stage36b_ny_open_continuation_h4_atr075,ny_open,continuation,4,2023-04-19 13:00:00+00:00,2023-04-19 17:00:00+00:00,-1,-20.16478175954947
stage36b_ny_open_reversal_h4_atr075,ny_open,reversal,4,2023-04-19 13:00:00+00:00,2023-04-19 17:00:00+00:00,1,20.16478175954947
stage36b_ny_late_reversal_h8_atr075,ny_late,reversal,8,2023-04-19 18:00:00+00:00,2023-04-20 02:00:00+00:00,1,2.110097144539216
stage36b_ny_late_continuation_h8_atr075,ny_late,continuation,8,2023-04-19 18:00:00+00:00,2023-04-20 02:00:00+00:00,-1,-2.110097144539216
stage36b_london_open_continuation_h4_atr075,london_open,continuation,4,2023-04-20 08:00:00+00:00,2023-04-20 12:00:00+00:00,1,8.780444835938983
stage36b_london_open_reversal_h4_atr075,london_open,reversal,4,2023-04-20 08:00:00+00:00,2023-04-20 12:00:00+00:00,-1,-8.780444835938983
stage36b_ny_open_continuation_h4_atr075,ny_open,continuation,4,2023-04-20 13:00:00+00:00,2023-04-20 17:00:00+00:00,1,0.05149425287351659
stage36b_ny_open_reversal_h4_atr075,ny_open,reversal,4,2023-04-20 13:00:00+00:00,2023-04-20 17:00:00+00:00,-1,-0.05149425287351659
stage36b_ny_late_reversal_h8_atr075,ny_late,reversal,8,2023-04-20 18:00:00+00:00,2023-04-21 02:00:00+00:00,1,2.4635512490290523
stage36b_ny_late_continuation_h8_atr075,ny_late,continuation,8,2023-04-20 18:00:00+00:00,2023-04-21 02:00:00+00:00,-1,-2.4635512490290523
stage36b_london_open_continuation_h4_atr075,london_open,continuation,4,2023-04-21 08:00:00+00:00,2023-04-21 12:00:00+00:00,-1,13.622038567493199
stage36b_london_open_reversal_h4_atr075,london_open,reversal,4,2023-04-21 08:00:00+00:00,2023-04-21 12:00:00+00:00,1,-13.622038567493199
stage36b_ny_open_continuation_h4_atr075,ny_open,continuation,4,2023-04-21 13:00:00+00:00,2023-04-21 17:00:00+00:00,1,-9.926412489885104
stage36b_ny_open_reversal_h4_atr075,ny_open,reversal,4,2023-04-21 13:00:00+00:00,2023-04-21 17:00:00+00:00,-1,9.926412489885104
stage36b_ny_late_reversal_h8_atr075,ny_late,reversal,8,2023-04-21 18:00:00+00:00,2023-04-24 02:00:00+00:00,1,5.94481971839435
stage36b_ny_late_continuation_h8_atr075,ny_late,continuation,8,2023-04-21 18:00:00+00:00,2023-04-24 02:00:00+00:00,-1,-5.94481971839435
stage36b_london_open_continuation_h4_atr075,london_open,continuation,4,2023-04-24 08:00:00+00:00,2023-04-24 12:00:00+00:00,-1,-7.049005337214866
stage36b_london_open_reversal_h4_atr075,london_open,reversal,4,2023-04-24 08:00:00+00:00,2023-04-24 12:00:00+00:00,1,7.049005337214866
stage36b_ny_open_continuation_h4_atr075,ny_open,continuation,4,2023-04-24 13:00:00+00:00,2023-04-24 17:00:00+00:00,1,-1.9085619285121038
stage36b_ny_open_reversal_h4_atr075,ny_open,reversal,4,2023-04-24 13:00:00+00:00,2023-04-24 17:00:00+00:00,-1,1.9085619285121038
stage36b_ny_late_reversal_h8_atr075,ny_late,reversal,8,2023-04-24 18:00:00+00:00,2023-04-25 02:00:00+00:00,-1,-11.99478596381464
stage36b_ny_late_continuation_h8_atr075,ny_late,continuation,8,2023-04-24 18:00:00+00:00,2023-04-25 02:00:00+00:00,1,11.99478596381464
stage36b_london_open_continuation_h4_atr075,london_open,continuation,4,2023-04-25 08:00:00+00:00,2023-04-25 12:00:00+00:00,1,-8.974652493867692
stage36b_london_open_reversal_h4_atr075,london_open,reversal,4,2023-04-25 08:00:00+00:00,2023-04-25 12:00:00+00:00,-1,8.974652493867692
stage36b_ny_open_continuation_h4_atr075,ny_open,continuation,4,2023-04-25 13:00:00+00:00,2023-04-25 17:00:00+00:00,-1,-3.7589391860997616
stage36b_ny_open_reversal_h4_atr075,ny_open,reversal,4,2023-04-25 13:00:00+00:00,2023-04-25 17:00:00+00:00,1,3.7589391860997616
stage36b_ny_late_reversal_h8_atr075,ny_late,reversal,8,2023-04-25 18:00:00+00:00,2023-04-26 02:00:00+00:00,-1,-8.675731355583167
stage36b_ny_late_continuation_h8_atr075,ny_late,continuation,8,2023-04-25 18:00:00+00:00,2023-04-26 02:00:00+00:00,1,8.675731355583167
stage36b_london_open_continuation_h4_atr075,london_open,continuation,4,2023-04-26 08:00:00+00:00,2023-04-26 12:00:00+00:00,1,2.9839743589744634
stage36b_london_open_reversal_h4_atr075,london_open,reversal,4,2023-04-26 08:00:00+00:00,2023-04-26 12:00:00+00:00,-1,-2.9839743589744634
stage36b_ny_open_continuation_h4_atr075,ny_open,continuation,4,2023-04-26 13:00:00+00:00,2023-04-26 17:00:00+00:00,1,-1.0524444444444483
stage36b_ny_open_reversal_h4_atr075,ny_open,reversal,4,2023-04-26 13:00:00+00:00,2023-04-26 17:00:00+00:00,-1,1.0524444444444483
stage36b_ny_late_reversal_h8_atr075,ny_late,reversal,8,2023-04-26 18:00:00+00:00,2023-04-27 02:00:00+00:00,1,0.1710922406432363
stage36b_ny_late_continuation_h8_atr075,ny_late,continuation,8,2023-04-26 18:00:00+00:00,2023-04-27 02:00:00+00:00,-1,-0.1710922406432363
stage36b_london_open_continuation_h4_atr075,london_open,continuation,4,2023-04-27 08:00:00+00:00,2023-04-27 12:00:00+00:00,-1,2.5949894424470106
stage36b_london_open_reversal_h4_atr075,london_open,reversal,4,2023-04-27 08:00:00+00:00,2023-04-27 12:00:00+00:00,1,-2.5949894424470106
stage36b_ny_open_continuation_h4_atr075,ny_open,continuation,4,2023-04-27 13:00:00+00:00,2023-04-27 17:00:00+00:00,1,-24.100468603561158
stage36b_ny_open_reversal_h4_atr075,ny_open,reversal,4,2023-04-27 13:00:00+00:00,2023-04-27 17:00:00+00:00,-1,24.100468603561158
stage36b_ny_late_reversal_h8_atr075,ny_late,reversal,8,2023-04-27 18:00:00+00:00,2023-04-28 02:00:00+00:00,1,3.8525999926810854
stage36b_ny_late_continuation_h8_atr075,ny_late,continuation,8,2023-04-27 18:00:00+00:00,2023-04-28 02:00:00+00:00,-1,-3.8525999926810854
stage36b_london_open_continuation_h4_atr075,london_open,continuation,4,2023-04-28 08:00:00+00:00,2023-04-28 12:00:00+00:00,-1,2.8193832599118185
stage36b_london_open_reversal_h4_atr075,london_open,reversal,4,2023-04-28 08:00:00+00:00,2023-04-28 12:00:00+00:00,1,-2.8193832599118185
stage36b_ny_open_continuation_h4_atr075,ny_open,continuation,4,2023-04-28 13:00:00+00:00,2023-04-28 17:00:00+00:00,1,14.838132922986675
stage36b_ny_open_reversal_h4_atr075,ny_open,reversal,4,2023-04-28 13:00:00+00:00,2023-04-28 17:00:00+00:00,-1,-14.838132922986675
stage36b_ny_late_reversal_h8_atr075,ny_late,reversal,8,2023-04-28 18:00:00+00:00,2023-05-01 02:00:00+00:00,1,-4.989317696259018
stage36b_ny_late_continuation_h8_atr075,ny_late,continuation,8,2023-04-28 18:00:00+00:00,2023-05-01 02:00:00+00:00,-1,4.989317696259018
stage36b_london_open_continuation_h4_atr075,london_open,continuation,4,2023-05-01 08:00:00+00:00,2023-05-01 12:00:00+00:00,-1,-4.104101603164474
stage36b_london_open_reversal_h4_atr075,london_open,reversal,4,2023-05-01 08:00:00+00:00,2023-05-01 12:00:00+00:00,1,4.104101603164474
stage36b_ny_open_continuation_h4_atr075,ny_open,continuation,4,2023-05-01 13:00:00+00:00,2023-05-01 17:00:00+00:00,1,-5.91698113207551
stage36b_ny_open_reversal_h4_atr075,ny_open,reversal,4,2023-05-01 13:00:00+00:00,2023-05-01 17:00:00+00:00,-1,5.91698113207551
stage36b_ny_late_reversal_h8_atr075,ny_late,reversal,8,2023-05-01 18:00:00+00:00,2023-05-02 02:00:00+00:00,1,-1.4237669965402815
stage36b_ny_late_continuation_h8_atr075,ny_late,continuation,8,2023-05-01 18:00:00+00:00,2023-05-02 02:00:00+00:00,-1,1.4237669965402815
stage36b_london_open_continuation_h4_atr075,london_open,continuation,4,2023-05-02 08:00:00+00:00,2023-05-02 12:00:00+00:00,1,2.8240343347636934
stage36b_london_open_reversal_h4_atr075,london_open,reversal,4,2023-05-02 08:00:00+00:00,2023-05-02 12:00:00+00:00,-1,-2.8240343347636934
stage36b_ny_open_continuation_h4_atr075,ny_open,continuation,4,2023-05-02 13:00:00+00:00,2023-05-02 17:00:00+00:00,1,33.6025039123632
stage36b_ny_open_reversal_h4_atr075,ny_open,reversal,4,2023-05-02 13:00:00+00:00,2023-05-02 17:00:00+00:00,-1,-33.6025039123632
stage36b_ny_late_reversal_h8_atr075,ny_late,reversal,8,2023-05-02 18:00:00+00:00,2023-05-03 02:00:00+00:00,-1,-1.4338753040583894
stage36b_ny_late_continuation_h8_atr075,ny_late,continuation,8,2023-05-02 18:00:00+00:00,2023-05-03 02:00:00+00:00,1,1.4338753040583894
stage36b_london_open_continuation_h4_atr075,london_open,continuation,4,2023-05-03 08:00:00+00:00,2023-05-03 12:00:00+00:00,-1,-3.9807340973262466
stage36b_london_open_reversal_h4_atr075,london_open,reversal,4,2023-05-03 08:00:00+00:00,2023-05-03 12:00:00+00:00,1,3.9807340973262466
stage36b_ny_open_continuation_h4_atr075,ny_open,continuation,4,2023-05-03 13:00:00+00:00,2023-05-03 17:00:00+00:00,-1,-10.196578718469196
stage36b_ny_open_reversal_h4_atr075,ny_open,reversal,4,2023-05-03 13:00:00+00:00,2023-05-03 17:00:00+00:00,1,10.196578718469196
stage36b_ny_late_reversal_h8_atr075,ny_late,reversal,8,2023-05-03 18:00:00+00:00,2023-05-04 02:00:00+00:00,-1,-33.584007615421164
stage36b_ny_late_continuation_h8_atr075,ny_late,continuation,8,2023-05-03 18:00:00+00:00,2023-05-04 02:00:00+00:00,1,33.584007615421164
stage36b_london_open_continuation_h4_atr075,london_open,continuation,4,2023-05-04 08:00:00+00:00,2023-05-04 12:00:00+00:00,-1,2.367605959360342
stage36b_london_open_reversal_h4_atr075,london_open,reversal,4,2023-05-04 08:00:00+00:00,2023-05-04 12:00:00+00:00,1,-2.367605959360342
stage36b_ny_open_continuation_h4_atr075,ny_open,continuation,4,2023-05-04 13:00:00+00:00,2023-05-04 17:00:00+00:00,1,9.955555555555447
stage36b_ny_open_reversal_h4_atr075,ny_open,reversal,4,2023-05-04 13:00:00+00:00,2023-05-04 17:00:00+00:00,-1,-9.955555555555447
stage36b_ny_late_reversal_h8_atr075,ny_late,reversal,8,2023-05-04 18:00:00+00:00,2023-05-05 02:00:00+00:00,1,-0.7186195726656851
stage36b_ny_late_continuation_h8_atr075,ny_late,continuation,8,2023-05-04 18:00:00+00:00,2023-05-05 02:00:00+00:00,-1,0.7186195726656851
stage36b_london_open_continuation_h4_atr075,london_open,continuation,4,2023-05-05 08:00:00+00:00,2023-05-05 12:00:00+00:00,-1,11.244053193481996
stage36b_london_open_reversal_h4_atr075,london_open,reversal,4,2023-05-05 08:00:00+00:00,2023-05-05 12:00:00+00:00,1,-11.244053193481996
stage36b_ny_open_continuation_h4_atr075,ny_open,continuation,4,2023-05-05 13:00:00+00:00,2023-05-05 17:00:00+00:00,1,-42.76077802285979
stage36b_ny_open_reversal_h4_atr075,ny_open,reversal,4,2023-05-05 13:00:00+00:00,2023-05-05 17:00:00+00:00,-1,42.76077802285979
stage36b_ny_late_reversal_h8_atr075,ny_late,reversal,8,2023-05-05 18:00:00+00:00,2023-05-08 02:00:00+00:00,-1,-0.6047632822293951
stage36b_ny_late_continuation_h8_atr075,ny_late,continuation,8,2023-05-05 18:00:00+00:00,2023-05-08 02:00:00+00:00,1,0.6047632822293951
stage36b_london_open_continuation_h4_atr075,london_open,continuation,4,2023-05-08 08:00:00+00:00,2023-05-08 12:00:00+00:00,-1,-2.639067890385934
stage36b_london_open_reversal_h4_atr075,london_open,reversal,4,2023-05-08 08:00:00+00:00,2023-05-08 12:00:00+00:00,1,2.639067890385934
stage36b_ny_open_continuation_h4_atr075,ny_open,continuation,4,2023-05-08 13:00:00+00:00,2023-05-08 17:00:00+00:00,1,1.4583333333335833
stage36b_ny_open_reversal_h4_atr075,ny_open,reversal,4,2023-05-08 13:00:00+00:00,2023-05-08 17:00:00+00:00,-1,-1.4583333333335833
stage36b_ny_late_reversal_h8_atr075,ny_late,reversal,8,2023-05-08 18:00:00+00:00,2023-05-09 02:00:00+00:00,-1,7.7052907218948965
stage36b_ny_late_continuation_h8_atr075,ny_late,continuation,8,2023-05-08 18:00:00+00:00,2023-05-09 02:00:00+00:00,1,-7.7052907218948965
stage36b_london_open_continuation_h4_atr075,london_open,continuation,4,2023-05-09 08:00:00+00:00,2023-05-09 12:00:00+00:00,1,4.448553329909108
stage36b_london_open_reversal_h4_atr075,london_open,reversal,4,2023-05-09 08:00:00+00:00,2023-05-09 12:00:00+00:00,-1,-4.448553329909108
stage36b_ny_open_continuation_h4_atr075,ny_open,continuation,4,2023-05-09 13:00:00+00:00,2023-05-09 17:00:00+00:00,1,-8.494800218937879
stage36b_ny_open_reversal_h4_atr075,ny_open,reversal,4,2023-05-09 13:00:00+00:00,2023-05-09 17:00:00+00:00,-1,8.494800218937879
stage36b_ny_late_reversal_h8_atr075,ny_late,reversal,8,2023-05-09 18:00:00+00:00,2023-05-10 02:00:00+00:00,-1,-13.138528951486695
stage36b_ny_late_continuation_h8_atr075,ny_late,continuation,8,2023-05-09 18:00:00+00:00,2023-05-10 02:00:00+00:00,1,13.138528951486695
stage36b_london_open_continuation_h4_atr075,london_open,continuation,4,2023-05-10 08:00:00+00:00,2023-05-10 12:00:00+00:00,-1,-0.1810979060557082
stage36b_london_open_reversal_h4_atr075,london_open,reversal,4,2023-05-10 08:00:00+00:00,2023-05-10 12:00:00+00:00,1,0.1810979060557082
stage36b_ny_open_continuation_h4_atr075,ny_open,continuation,4,2023-05-10 13:00:00+00:00,2023-05-10 17:00:00+00:00,1,-3.894297635604998
stage36b_ny_open_reversal_h4_atr075,ny_open,reversal,4,2023-05-10 13:00:00+00:00,2023-05-10 17:00:00+00:00,-1,3.894297635604998
stage36b_ny_late_reversal_h8_atr075,ny_late,reversal,8,2023-05-10 18:00:00+00:00,2023-05-11 02:00:00+00:00,1,5.3084886128363395
stage36b_ny_late_continuation_h8_atr075,ny_late,continuation,8,2023-05-10 18:00:00+00:00,2023-05-11 02:00:00+00:00,-1,-5.3084886128363395
stage36b_london_open_continuation_h4_atr075,london_open,continuation,4,2023-05-11 08:00:00+00:00,2023-05-11 12:00:00+00:00,1,-9.215078992648268
stage36b_london_open_reversal_h4_atr075,london_open,reversal,4,2023-05-11 08:00:00+00:00,2023-05-11 12:00:00+00:00,-1,9.215078992648268
stage36b_ny_open_continuation_h4_atr075,ny_open,continuation,4,2023-05-11 13:00:00+00:00,2023-05-11 17:00:00+00:00,1,-12.045005867329339
stage36b_ny_open_reversal_h4_atr075,ny_open,reversal,4,2023-05-11 13:00:00+00:00,2023-05-11 17:00:00+00:00,-1,12.045005867329339
stage36b_ny_late_reversal_h8_atr075,ny_late,reversal,8,2023-05-11 18:00:00+00:00,2023-05-12 02:00:00+00:00,1,1.9235140139181843
stage36b_ny_late_continuation_h8_atr075,ny_late,continuation,8,2023-05-11 18:00:00+00:00,2023-05-12 02:00:00+00:00,-1,-1.9235140139181843
stage36b_london_open_continuation_h4_atr075,london_open,continuation,4,2023-05-12 08:00:00+00:00,2023-05-12 12:00:00+00:00,-1,12.1285956006769
stage36b_london_open_reversal_h4_atr075,london_open,reversal,4,2023-05-12 08:00:00+00:00,2023-05-12 12:00:00+00:00,1,-12.1285956006769
stage36b_ny_open_continuation_h4_atr075,ny_open,continuation,4,2023-05-12 13:00:00+00:00,2023-05-12 17:00:00+00:00,1,7.582988233747547
stage36b_ny_open_reversal_h4_atr075,ny_open,reversal,4,2023-05-12 13:00:00+00:00,2023-05-12 17:00:00+00:00,-1,-7.582988233747547
stage36b_ny_late_reversal_h8_atr075,ny_late,reversal,8,2023-05-12 18:00:00+00:00,2023-05-15 02:00:00+00:00,1,0.03831024456982991
stage36b_ny_late_continuation_h8_atr075,ny_late,continuation,8,2023-05-12 18:00:00+00:00,2023-05-15 02:00:00+00:00,-1,-0.03831024456982991
stage36b_london_open_continuation_h4_atr075,london_open,continuation,4,2023-05-15 08:00:00+00:00,2023-05-15 12:00:00+00:00,1,-0.6779839452560102
stage36b_london_open_reversal_h4_atr075,london_open,reversal,4,2023-05-15 08:00:00+00:00,2023-05-15 12:00:00+00:00,-1,0.6779839452560102
stage36b_ny_open_continuation_h4_atr075,ny_open,continuation,4,2023-05-15 13:00:00+00:00,2023-05-15 17:00:00+00:00,-1,-1.02709462275961
stage36b_ny_open_reversal_h4_atr075,ny_open,reversal,4,2023-05-15 13:00:00+00:00,2023-05-15 17:00:00+00:00,1,1.02709462275961
stage36b_ny_late_reversal_h8_atr075,ny_late,reversal,8,2023-05-15 18:00:00+00:00,2023-05-16 02:00:00+00:00,-1,3.980594167348019
stage36b_ny_late_continuation_h8_atr075,ny_late,continuation,8,2023-05-15 18:00:00+00:00,2023-05-16 02:00:00+00:00,1,-3.980594167348019
stage36b_london_open_continuation_h4_atr075,london_open,continuation,4,2023-05-16 08:00:00+00:00,2023-05-16 12:00:00+00:00,-1,6.357227867801685
stage36b_london_open_reversal_h4_atr075,london_open,reversal,4,2023-05-16 08:00:00+00:00,2023-05-16 12:00:00+00:00,1,-6.357227867801685
stage36b_ny_open_continuation_h4_atr075,ny_open,continuation,4,2023-05-16 13:00:00+00:00,2023-05-16 17:00:00+00:00,-1,8.745858968291564
stage36b_ny_open_reversal_h4_atr075,ny_open,reversal,4,2023-05-16 13:00:00+00:00,2023-05-16 17:00:00+00:00,1,-8.745858968291564
stage36b_ny_late_reversal_h8_atr075,ny_late,reversal,8,2023-05-16 18:00:00+00:00,2023-05-17 02:00:00+00:00,1,-6.801468134801588
stage36b_ny_late_continuation_h8_atr075,ny_late,continuation,8,2023-05-16 18:00:00+00:00,2023-05-17 02:00:00+00:00,-1,6.801468134801588
stage36b_london_open_continuation_h4_atr075,london_open,continuation,4,2023-05-17 08:00:00+00:00,2023-05-17 12:00:00+00:00,-1,6.607669616519087
stage36b_london_open_reversal_h4_atr075,london_open,reversal,4,2023-05-17 08:00:00+00:00,2023-05-17 12:00:00+00:00,1,-6.607669616519087
stage36b_ny_open_continuation_h4_atr075,ny_open,continuation,4,2023-05-17 13:00:00+00:00,2023-05-17 17:00:00+00:00,1,-10.611171960569536
stage36b_ny_open_reversal_h4_atr075,ny_open,reversal,4,2023-05-17 13:00:00+00:00,2023-05-17 17:00:00+00:00,-1,10.611171960569536
stage36b_ny_late_reversal_h8_atr075,ny_late,reversal,8,2023-05-17 18:00:00+00:00,2023-05-18 02:00:00+00:00,1,2.8631012445341044
stage36b_ny_late_continuation_h8_atr075,ny_late,continuation,8,2023-05-17 18:00:00+00:00,2023-05-18 02:00:00+00:00,-1,-2.8631012445341044
stage36b_london_open_continuation_h4_atr075,london_open,continuation,4,2023-05-18 08:00:00+00:00,2023-05-18 12:00:00+00:00,-1,1.567430025445243
stage36b_london_open_reversal_h4_atr075,london_open,reversal,4,2023-05-18 08:00:00+00:00,2023-05-18 12:00:00+00:00,1,-1.567430025445243
stage36b_ny_open_continuation_h4_atr075,ny_open,continuation,4,2023-05-18 13:00:00+00:00,2023-05-18 17:00:00+00:00,-1,40.565899232565926
stage36b_ny_open_reversal_h4_atr075,ny_open,reversal,4,2023-05-18 13:00:00+00:00,2023-05-18 17:00:00+00:00,1,-40.565899232565926
stage36b_ny_late_reversal_h8_atr075,ny_late,reversal,8,2023-05-18 18:00:00+00:00,2023-05-19 02:00:00+00:00,-1,-2.6770242007766787
stage36b_ny_late_continuation_h8_atr075,ny_late,continuation,8,2023-05-18 18:00:00+00:00,2023-05-19 02:00:00+00:00,1,2.6770242007766787
stage36b_london_open_continuation_h4_atr075,london_open,continuation,4,2023-05-19 08:00:00+00:00,2023-05-19 12:00:00+00:00,1,8.586495960981987
stage36b_london_open_reversal_h4_atr075,london_open,reversal,4,2023-05-19 08:00:00+00:00,2023-05-19 12:00:00+00:00,-1,-8.586495960981987
stage36b_ny_open_continuation_h4_atr075,ny_open,continuation,4,2023-05-19 13:00:00+00:00,2023-05-19 17:00:00+00:00,-1,10.714093236324398
stage36b_ny_open_reversal_h4_atr075,ny_open,reversal,4,2023-05-19 13:00:00+00:00,2023-05-19 17:00:00+00:00,1,-10.714093236324398
stage36b_ny_late_reversal_h8_atr075,ny_late,reversal,8,2023-05-19 18:00:00+00:00,2023-05-22 02:00:00+00:00,-1,-5.532906614147381
stage36b_ny_late_continuation_h8_atr075,ny_late,continuation,8,2023-05-19 18:00:00+00:00,2023-05-22 02:00:00+00:00,1,5.532906614147381
stage36b_london_open_continuation_h4_atr075,london_open,continuation,4,2023-05-22 08:00:00+00:00,2023-05-22 12:00:00+00:00,-1,-8.936313386205029
stage36b_london_open_reversal_h4_atr075,london_open,reversal,4,2023-05-22 08:00:00+00:00,2023-05-22 12:00:00+00:00,1,8.936313386205029
stage36b_ny_open_continuation_h4_atr075,ny_open,continuation,4,2023-05-22 13:00:00+00:00,2023-05-22 17:00:00+00:00,-1,6.976430976430895
stage36b_ny_open_reversal_h4_atr075,ny_open,reversal,4,2023-05-22 13:00:00+00:00,2023-05-22 17:00:00+00:00,1,-6.976430976430895
stage36b_ny_late_reversal_h8_atr075,ny_late,reversal,8,2023-05-22 18:00:00+00:00,2023-05-23 02:00:00+00:00,1,-2.9208924949290562
stage36b_ny_late_continuation_h8_atr075,ny_late,continuation,8,2023-05-22 18:00:00+00:00,2023-05-23 02:00:00+00:00,-1,2.9208924949290562
stage36b_london_open_continuation_h4_atr075,london_open,continuation,4,2023-05-23 08:00:00+00:00,2023-05-23 12:00:00+00:00,-1,5.989878265627233
stage36b_london_open_reversal_h4_atr075,london_open,reversal,4,2023-05-23 08:00:00+00:00,2023-05-23 12:00:00+00:00,1,-5.989878265627233
stage36b_ny_open_continuation_h4_atr075,ny_open,continuation,4,2023-05-23 13:00:00+00:00,2023-05-23 17:00:00+00:00,1,12.77803203661334
stage36b_ny_open_reversal_h4_atr075,ny_open,reversal,4,2023-05-23 13:00:00+00:00,2023-05-23 17:00:00+00:00,-1,-12.77803203661334
stage36b_ny_late_reversal_h8_atr075,ny_late,reversal,8,2023-05-23 18:00:00+00:00,2023-05-24 02:00:00+00:00,1,7.5743014771313595
stage36b_ny_late_continuation_h8_atr075,ny_late,continuation,8,2023-05-23 18:00:00+00:00,2023-05-24 02:00:00+00:00,-1,-7.5743014771313595
stage36b_london_open_continuation_h4_atr075,london_open,continuation,4,2023-05-24 08:00:00+00:00,2023-05-24 12:00:00+00:00,1,-5.421718273004664
stage36b_london_open_reversal_h4_atr075,london_open,reversal,4,2023-05-24 08:00:00+00:00,2023-05-24 12:00:00+00:00,-1,5.421718273004664
stage36b_ny_open_continuation_h4_atr075,ny_open,continuation,4,2023-05-24 13:00:00+00:00,2023-05-24 17:00:00+00:00,1,-10.740947075208606
stage36b_ny_open_reversal_h4_atr075,ny_open,reversal,4,2023-05-24 13:00:00+00:00,2023-05-24 17:00:00+00:00,-1,10.740947075208606
stage36b_ny_late_reversal_h8_atr075,ny_late,reversal,8,2023-05-24 18:00:00+00:00,2023-05-25 02:00:00+00:00,1,-3.229527104959656
stage36b_ny_late_continuation_h8_atr075,ny_late,continuation,8,2023-05-24 18:00:00+00:00,2023-05-25 02:00:00+00:00,-1,3.229527104959656
stage36b_london_open_continuation_h4_atr075,london_open,continuation,4,2023-05-25 08:00:00+00:00,2023-05-25 12:00:00+00:00,-1,-7.008472524812473
stage36b_london_open_reversal_h4_atr075,london_open,reversal,4,2023-05-25 08:00:00+00:00,2023-05-25 12:00:00+00:00,1,7.008472524812473
stage36b_ny_open_continuation_h4_atr075,ny_open,continuation,4,2023-05-25 13:00:00+00:00,2023-05-25 17:00:00+00:00,1,-24.893872647176384
stage36b_ny_open_reversal_h4_atr075,ny_open,reversal,4,2023-05-25 13:00:00+00:00,2023-05-25 17:00:00+00:00,-1,24.893872647176384
stage36b_ny_late_reversal_h8_atr075,ny_late,reversal,8,2023-05-25 18:00:00+00:00,2023-05-26 02:00:00+00:00,-1,4.699696663296256
stage36b_ny_late_continuation_h8_atr075,ny_late,continuation,8,2023-05-25 18:00:00+00:00,2023-05-26 02:00:00+00:00,1,-4.699696663296256
stage36b_london_open_continuation_h4_atr075,london_open,continuation,4,2023-05-26 08:00:00+00:00,2023-05-26 12:00:00+00:00,1,7.744017807456903
stage36b_london_open_reversal_h4_atr075,london_open,reversal,4,2023-05-26 08:00:00+00:00,2023-05-26 12:00:00+00:00,-1,-7.744017807456903
stage36b_ny_open_continuation_h4_atr075,ny_open,continuation,4,2023-05-26 13:00:00+00:00,2023-05-26 17:00:00+00:00,-1,15.26380071346515
stage36b_ny_open_reversal_h4_atr075,ny_open,reversal,4,2023-05-26 13:00:00+00:00,2023-05-26 17:00:00+00:00,1,-15.26380071346515
stage36b_ny_late_reversal_h8_atr075,ny_late,reversal,8,2023-05-26 18:00:00+00:00,2023-05-29 02:00:00+00:00,-1,-0.1286986498131548
stage36b_ny_late_continuation_h8_atr075,ny_late,continuation,8,2023-05-26 18:00:00+00:00,2023-05-29 02:00:00+00:00,1,0.1286986498131548
stage36b_london_open_continuation_h4_atr075,london_open,continuation,4,2023-05-29 08:00:00+00:00,2023-05-29 12:00:00+00:00,1,-1.789079054604786
stage36b_london_open_reversal_h4_atr075,london_open,reversal,4,2023-05-29 08:00:00+00:00,2023-05-29 12:00:00+00:00,-1,1.789079054604786
stage36b_ny_open_continuation_h4_atr075,ny_open,continuation,4,2023-05-29 13:00:00+00:00,2023-05-29 17:00:00+00:00,-1,-2.8983364140481562
stage36b_ny_open_reversal_h4_atr075,ny_open,reversal,4,2023-05-29 13:00:00+00:00,2023-05-29 17:00:00+00:00,1,2.8983364140481562
stage36b_ny_late_reversal_h8_atr075,ny_late,reversal,8,2023-05-29 18:00:00+00:00,2023-05-30 03:00:00+00:00,1,-7.045212019096047
stage36b_ny_late_continuation_h8_atr075,ny_late,continuation,8,2023-05-29 18:00:00+00:00,2023-05-30 03:00:00+00:00,-1,7.045212019096047
stage36b_london_open_continuation_h4_atr075,london_open,continuation,4,2023-05-30 08:00:00+00:00,2023-05-30 12:00:00+00:00,-1,-39.32149901380673
stage36b_london_open_reversal_h4_atr075,london_open,reversal,4,2023-05-30 08:00:00+00:00,2023-05-30 12:00:00+00:00,1,39.32149901380673
stage36b_ny_open_continuation_h4_atr075,ny_open,continuation,4,2023-05-30 13:00:00+00:00,2023-05-30 17:00:00+00:00,1,3.652897024677638
stage36b_ny_open_reversal_h4_atr075,ny_open,reversal,4,2023-05-30 13:00:00+00:00,2023-05-30 17:00:00+00:00,-1,-3.652897024677638
stage36b_ny_late_reversal_h8_atr075,ny_late,reversal,8,2023-05-30 18:00:00+00:00,2023-05-31 02:00:00+00:00,-1,3.2063223257126374
stage36b_ny_late_continuation_h8_atr075,ny_late,continuation,8,2023-05-30 18:00:00+00:00,2023-05-31 02:00:00+00:00,1,-3.2063223257126374
stage36b_london_open_continuation_h4_atr075,london_open,continuation,4,2023-05-31 08:00:00+00:00,2023-05-31 12:00:00+00:00,1,-10.455915040750575
stage36b_london_open_reversal_h4_atr075,london_open,reversal,4,2023-05-31 08:00:00+00:00,2023-05-31 12:00:00+00:00,-1,10.455915040750575
stage36b_ny_open_continuation_h4_atr075,ny_open,continuation,4,2023-05-31 13:00:00+00:00,2023-05-31 17:00:00+00:00,-1,-18.322129395764343
stage36b_ny_open_reversal_h4_atr075,ny_open,reversal,4,2023-05-31 13:00:00+00:00,2023-05-31 17:00:00+00:00,1,18.322129395764343
stage36b_ny_late_reversal_h8_atr075,ny_late,reversal,8,2023-05-31 18:00:00+00:00,2023-06-01 02:00:00+00:00,1,-2.310951954640243
stage36b_ny_late_continuation_h8_atr075,ny_late,continuation,8,2023-05-31 18:00:00+00:00,2023-06-01 02:00:00+00:00,-1,2.310951954640243
stage36b_london_open_continuation_h4_atr075,london_open,continuation,4,2023-06-01 08:00:00+00:00,2023-06-01 12:00:00+00:00,-1,4.026304252520873
stage36b_london_open_reversal_h4_atr075,london_open,reversal,4,2023-06-01 08:00:00+00:00,2023-06-01 12:00:00+00:00,1,-4.026304252520873
stage36b_ny_open_continuation_h4_atr075,ny_open,continuation,4,2023-06-01 13:00:00+00:00,2023-06-01 17:00:00+00:00,1,14.486227544910115
stage36b_ny_open_reversal_h4_atr075,ny_open,reversal,4,2023-06-01 13:00:00+00:00,2023-06-01 17:00:00+00:00,-1,-14.486227544910115
stage36b_ny_late_reversal_h8_atr075,ny_late,reversal,8,2023-06-01 18:00:00+00:00,2023-06-02 02:00:00+00:00,-1,5.37974984543676
stage36b_ny_late_continuation_h8_atr075,ny_late,continuation,8,2023-06-01 18:00:00+00:00,2023-06-02 02:00:00+00:00,1,-5.37974984543676
stage36b_london_open_continuation_h4_atr075,london_open,continuation,4,2023-06-02 08:00:00+00:00,2023-06-02 12:00:00+00:00,1,0.058394160583889
stage36b_london_open_reversal_h4_atr075,london_open,reversal,4,2023-06-02 08:00:00+00:00,2023-06-02 12:00:00+00:00,-1,-0.058394160583889
stage36b_ny_open_continuation_h4_atr075,ny_open,continuation,4,2023-06-02 13:00:00+00:00,2023-06-02 17:00:00+00:00,-1,23.616391664730376
stage36b_ny_open_reversal_h4_atr075,ny_open,reversal,4,2023-06-02 13:00:00+00:00,2023-06-02 17:00:00+00:00,1,-23.616391664730376
stage36b_ny_late_reversal_h8_atr075,ny_late,reversal,8,2023-06-02 18:00:00+00:00,2023-06-05 02:00:00+00:00,1,-13.275232774674151
stage36b_ny_late_continuation_h8_atr075,ny_late,continuation,8,2023-06-02 18:00:00+00:00,2023-06-05 02:00:00+00:00,-1,13.275232774674151
stage36b_london_open_continuation_h4_atr075,london_open,continuation,4,2023-06-05 08:00:00+00:00,2023-06-05 12:00:00+00:00,-1,0.09012271172794051
stage36b_london_open_reversal_h4_atr075,london_open,reversal,4,2023-06-05 08:00:00+00:00,2023-06-05 12:00:00+00:00,1,-0.09012271172794051
stage36b_ny_open_continuation_h4_atr075,ny_open,continuation,4,2023-06-05 13:00:00+00:00,2023-06-05 17:00:00+00:00,-1,-20.199539524174714
stage36b_ny_open_reversal_h4_atr075,ny_open,reversal,4,2023-06-05 13:00:00+00:00,2023-06-05 17:00:00+00:00,1,20.199539524174714
stage36b_ny_late_reversal_h8_atr075,ny_late,reversal,8,2023-06-05 18:00:00+00:00,2023-06-06 02:00:00+00:00,-1,-3.1203980099504136
stage36b_ny_late_continuation_h8_atr075,ny_late,continuation,8,2023-06-05 18:00:00+00:00,2023-06-06 02:00:00+00:00,1,3.1203980099504136
stage36b_london_open_continuation_h4_atr075,london_open,continuation,4,2023-06-06 08:00:00+00:00,2023-06-06 12:00:00+00:00,-1,-8.756962463241678
stage36b_london_open_reversal_h4_atr075,london_open,reversal,4,2023-06-06 08:00:00+00:00,2023-06-06 12:00:00+00:00,1,8.756962463241678
stage36b_ny_open_continuation_h4_atr075,ny_open,continuation,4,2023-06-06 13:00:00+00:00,2023-06-06 17:00:00+00:00,1,-6.145038167939101
stage36b_ny_open_reversal_h4_atr075,ny_open,reversal,4,2023-06-06 13:00:00+00:00,2023-06-06 17:00:00+00:00,-1,6.145038167939101
stage36b_ny_late_reversal_h8_atr075,ny_late,reversal,8,2023-06-06 18:00:00+00:00,2023-06-07 02:00:00+00:00,-1,0.17814537935433197
stage36b_ny_late_continuation_h8_atr075,ny_late,continuation,8,2023-06-06 18:00:00+00:00,2023-06-07 02:00:00+00:00,1,-0.17814537935433197
stage36b_london_open_continuation_h4_atr075,london_open,continuation,4,2023-06-07 08:00:00+00:00,2023-06-07 12:00:00+00:00,-1,-3.572446555819682
stage36b_london_open_reversal_h4_atr075,london_open,reversal,4,2023-06-07 08:00:00+00:00,2023-06-07 12:00:00+00:00,1,3.572446555819682
stage36b_ny_open_continuation_h4_atr075,ny_open,continuation,4,2023-06-07 13:00:00+00:00,2023-06-07 17:00:00+00:00,-1,9.371043771043416
stage36b_ny_open_reversal_h4_atr075,ny_open,reversal,4,2023-06-07 13:00:00+00:00,2023-06-07 17:00:00+00:00,1,-9.371043771043416
stage36b_ny_late_reversal_h8_atr075,ny_late,reversal,8,2023-06-07 18:00:00+00:00,2023-06-08 02:00:00+00:00,1,-2.7052434945044967
stage36b_ny_late_continuation_h8_atr075,ny_late,continuation,8,2023-06-07 18:00:00+00:00,2023-06-08 02:00:00+00:00,-1,2.7052434945044967
stage36b_london_open_continuation_h4_atr075,london_open,continuation,4,2023-06-08 08:00:00+00:00,2023-06-08 12:00:00+00:00,-1,-0.8490523968784705
stage36b_london_open_reversal_h4_atr075,london_open,reversal,4,2023-06-08 08:00:00+00:00,2023-06-08 12:00:00+00:00,1,0.8490523968784705
stage36b_ny_open_continuation_h4_atr075,ny_open,continuation,4,2023-06-08 13:00:00+00:00,2023-06-08 17:00:00+00:00,1,38.797941449422474
stage36b_ny_open_reversal_h4_atr075,ny_open,reversal,4,2023-06-08 13:00:00+00:00,2023-06-08 17:00:00+00:00,-1,-38.797941449422474
stage36b_ny_late_reversal_h8_atr075,ny_late,reversal,8,2023-06-08 18:00:00+00:00,2023-06-09 02:00:00+00:00,1,-1.9428123775949162
stage36b_ny_late_continuation_h8_atr075,ny_late,continuation,8,2023-06-08 18:00:00+00:00,2023-06-09 02:00:00+00:00,-1,1.9428123775949162
stage36b_london_open_continuation_h4_atr075,london_open,continuation,4,2023-06-09 08:00:00+00:00,2023-06-09 12:00:00+00:00,1,-6.894222222222124
stage36b_london_open_reversal_h4_atr075,london_open,reversal,4,2023-06-09 08:00:00+00:00,2023-06-09 12:00:00+00:00,-1,6.894222222222124
stage36b_ny_open_continuation_h4_atr075,ny_open,continuation,4,2023-06-09 13:00:00+00:00,2023-06-09 17:00:00+00:00,1,-0.5759700794764581
stage36b_ny_open_reversal_h4_atr075,ny_open,reversal,4,2023-06-09 13:00:00+00:00,2023-06-09 17:00:00+00:00,-1,0.5759700794764581
stage36b_ny_late_reversal_h8_atr075,ny_late,reversal,8,2023-06-09 18:00:00+00:00,2023-06-12 02:00:00+00:00,1,-3.0000000000000244
stage36b_ny_late_continuation_h8_atr075,ny_late,continuation,8,2023-06-09 18:00:00+00:00,2023-06-12 02:00:00+00:00,-1,3.0000000000000244
stage36b_london_open_continuation_h4_atr075,london_open,continuation,4,2023-06-12 08:00:00+00:00,2023-06-12 12:00:00+00:00,1,12.786823881714405
stage36b_london_open_reversal_h4_atr075,london_open,reversal,4,2023-06-12 08:00:00+00:00,2023-06-12 12:00:00+00:00,-1,-12.786823881714405
stage36b_ny_open_continuation_h4_atr075,ny_open,continuation,4,2023-06-12 13:00:00+00:00,2023-06-12 17:00:00+00:00,-1,17.441032908203525
stage36b_ny_open_reversal_h4_atr075,ny_open,reversal,4,2023-06-12 13:00:00+00:00,2023-06-12 17:00:00+00:00,1,-17.441032908203525
stage36b_ny_late_reversal_h8_atr075,ny_late,reversal,8,2023-06-12 18:00:00+00:00,2023-06-13 02:00:00+00:00,-1,-5.38105891126025
stage36b_ny_late_continuation_h8_atr075,ny_late,continuation,8,2023-06-12 18:00:00+00:00,2023-06-13 02:00:00+00:00,1,5.38105891126025
stage36b_london_open_continuation_h4_atr075,london_open,continuation,4,2023-06-13 08:00:00+00:00,2023-06-13 12:00:00+00:00,-1,-8.95851925301642
stage36b_london_open_reversal_h4_atr075,london_open,reversal,4,2023-06-13 08:00:00+00:00,2023-06-13 12:00:00+00:00,1,8.95851925301642
stage36b_ny_open_continuation_h4_atr075,ny_open,continuation,4,2023-06-13 13:00:00+00:00,2023-06-13 17:00:00+00:00,1,-22.46607669616556
stage36b_ny_open_reversal_h4_atr075,ny_open,reversal,4,2023-06-13 13:00:00+00:00,2023-06-13 17:00:00+00:00,-1,22.46607669616556
stage36b_ny_late_reversal_h8_atr075,ny_late,reversal,8,2023-06-13 18:00:00+00:00,2023-06-14 02:00:00+00:00,1,0.6724237190558625
stage36b_ny_late_continuation_h8_atr075,ny_late,continuation,8,2023-06-13 18:00:00+00:00,2023-06-14 02:00:00+00:00,-1,-0.6724237190558625
stage36b_london_open_continuation_h4_atr075,london_open,continuation,4,2023-06-14 08:00:00+00:00,2023-06-14 12:00:00+00:00,-1,-9.05159784271105
stage36b_london_open_reversal_h4_atr075,london_open,reversal,4,2023-06-14 08:00:00+00:00,2023-06-14 12:00:00+00:00,1,9.05159784271105
stage36b_ny_open_continuation_h4_atr075,ny_open,continuation,4,2023-06-14 13:00:00+00:00,2023-06-14 17:00:00+00:00,-1,-19.019400352733363
stage36b_ny_open_reversal_h4_atr075,ny_open,reversal,4,2023-06-14 13:00:00+00:00,2023-06-14 17:00:00+00:00,1,19.019400352733363
stage36b_ny_late_reversal_h8_atr075,ny_late,reversal,8,2023-06-14 18:00:00+00:00,2023-06-15 02:00:00+00:00,1,-14.64746277727136
stage36b_ny_late_continuation_h8_atr075,ny_late,continuation,8,2023-06-14 18:00:00+00:00,2023-06-15 02:00:00+00:00,-1,14.64746277727136
stage36b_london_open_continuation_h4_atr075,london_open,continuation,4,2023-06-15 08:00:00+00:00,2023-06-15 12:00:00+00:00,1,-1.9408157824580567
stage36b_london_open_reversal_h4_atr075,london_open,reversal,4,2023-06-15 08:00:00+00:00,2023-06-15 12:00:00+00:00,-1,1.9408157824580567
stage36b_ny_open_continuation_h4_atr075,ny_open,continuation,4,2023-06-15 13:00:00+00:00,2023-06-15 17:00:00+00:00,-1,-22.055945478588036
stage36b_ny_open_reversal_h4_atr075,ny_open,reversal,4,2023-06-15 13:00:00+00:00,2023-06-15 17:00:00+00:00,1,22.055945478588036
stage36b_ny_late_reversal_h8_atr075,ny_late,reversal,8,2023-06-15 18:00:00+00:00,2023-06-16 02:00:00+00:00,-1,-1.395561453955655
stage36b_ny_late_continuation_h8_atr075,ny_late,continuation,8,2023-06-15 18:00:00+00:00,2023-06-16 02:00:00+00:00,1,1.395561453955655
stage36b_london_open_continuation_h4_atr075,london_open,continuation,4,2023-06-16 08:00:00+00:00,2023-06-16 12:00:00+00:00,1,12.746477592945894
stage36b_london_open_reversal_h4_atr075,london_open,reversal,4,2023-06-16 08:00:00+00:00,2023-06-16 12:00:00+00:00,-1,-12.746477592945894
stage36b_ny_open_continuation_h4_atr075,ny_open,continuation,4,2023-06-16 13:00:00+00:00,2023-06-16 17:00:00+00:00,1,-8.232935560858932
stage36b_ny_open_reversal_h4_atr075,ny_open,reversal,4,2023-06-16 13:00:00+00:00,2023-06-16 17:00:00+00:00,-1,8.232935560858932
stage36b_ny_late_reversal_h8_atr075,ny_late,reversal,8,2023-06-16 18:00:00+00:00,2023-06-19 02:00:00+00:00,1,0.9486623282717995
stage36b_ny_late_continuation_h8_atr075,ny_late,continuation,8,2023-06-16 18:00:00+00:00,2023-06-19 02:00:00+00:00,-1,-0.9486623282717995
stage36b_london_open_continuation_h4_atr075,london_open,continuation,4,2023-06-19 08:00:00+00:00,2023-06-19 12:00:00+00:00,-1,8.351399220687314
stage36b_london_open_reversal_h4_atr075,london_open,reversal,4,2023-06-19 08:00:00+00:00,2023-06-19 12:00:00+00:00,1,-8.351399220687314
stage36b_ny_open_continuation_h4_atr075,ny_open,continuation,4,2023-06-19 13:00:00+00:00,2023-06-19 17:00:00+00:00,-1,-5.56932153392346
stage36b_ny_open_reversal_h4_atr075,ny_open,reversal,4,2023-06-19 13:00:00+00:00,2023-06-19 17:00:00+00:00,1,5.56932153392346
stage36b_ny_late_reversal_h8_atr075,ny_late,reversal,8,2023-06-19 18:00:00+00:00,2023-06-20 03:00:00+00:00,1,0.645998558039163
stage36b_ny_late_continuation_h8_atr075,ny_late,continuation,8,2023-06-19 18:00:00+00:00,2023-06-20 03:00:00+00:00,-1,-0.645998558039163
stage36b_london_open_continuation_h4_atr075,london_open,continuation,4,2023-06-20 08:00:00+00:00,2023-06-20 12:00:00+00:00,-1,-7.6586218957673955
stage36b_london_open_reversal_h4_atr075,london_open,reversal,4,2023-06-20 08:00:00+00:00,2023-06-20 12:00:00+00:00,1,7.6586218957673955
stage36b_ny_open_continuation_h4_atr075,ny_open,continuation,4,2023-06-20 13:00:00+00:00,2023-06-20 17:00:00+00:00,-1,26.76943061268645
stage36b_ny_open_reversal_h4_atr075,ny_open,reversal,4,2023-06-20 13:00:00+00:00,2023-06-20 17:00:00+00:00,1,-26.76943061268645
stage36b_ny_late_reversal_h8_atr075,ny_late,reversal,8,2023-06-20 18:00:00+00:00,2023-06-21 02:00:00+00:00,-1,-2.2382358732033483
stage36b_ny_late_continuation_h8_atr075,ny_late,continuation,8,2023-06-20 18:00:00+00:00,2023-06-21 02:00:00+00:00,1,2.2382358732033483
stage36b_london_open_continuation_h4_atr075,london_open,continuation,4,2023-06-21 08:00:00+00:00,2023-06-21 12:00:00+00:00,-1,4.8307237813886115
stage36b_london_open_reversal_h4_atr075,london_open,reversal,4,2023-06-21 08:00:00+00:00,2023-06-21 12:00:00+00:00,1,-4.8307237813886115
stage36b_ny_open_continuation_h4_atr075,ny_open,continuation,4,2023-06-21 13:00:00+00:00,2023-06-21 17:00:00+00:00,1,-4.409970426700423
stage36b_ny_open_reversal_h4_atr075,ny_open,reversal,4,2023-06-21 13:00:00+00:00,2023-06-21 17:00:00+00:00,-1,4.409970426700423
stage36b_ny_late_reversal_h8_atr075,ny_late,reversal,8,2023-06-21 18:00:00+00:00,2023-06-22 02:00:00+00:00,-1,-1.726999896512491
stage36b_ny_late_continuation_h8_atr075,ny_late,continuation,8,2023-06-21 18:00:00+00:00,2023-06-22 02:00:00+00:00,1,1.726999896512491
stage36b_london_open_continuation_h4_atr075,london_open,continuation,4,2023-06-22 08:00:00+00:00,2023-06-22 12:00:00+00:00,1,-3.345099103991062
stage36b_london_open_reversal_h4_atr075,london_open,reversal,4,2023-06-22 08:00:00+00:00,2023-06-22 12:00:00+00:00,-1,3.345099103991062
stage36b_ny_open_continuation_h4_atr075,ny_open,continuation,4,2023-06-22 13:00:00+00:00,2023-06-22 17:00:00+00:00,-1,24.27622065155591
stage36b_ny_open_reversal_h4_atr075,ny_open,reversal,4,2023-06-22 13:00:00+00:00,2023-06-22 17:00:00+00:00,1,-24.27622065155591
stage36b_ny_late_reversal_h8_atr075,ny_late,reversal,8,2023-06-22 18:00:00+00:00,2023-06-23 02:00:00+00:00,1,1.0939318370737792
stage36b_ny_late_continuation_h8_atr075,ny_late,continuation,8,2023-06-22 18:00:00+00:00,2023-06-23 02:00:00+00:00,-1,-1.0939318370737792
stage36b_london_open_continuation_h4_atr075,london_open,continuation,4,2023-06-23 08:00:00+00:00,2023-06-23 12:00:00+00:00,-1,-5.1449093794370855
stage36b_london_open_reversal_h4_atr075,london_open,reversal,4,2023-06-23 08:00:00+00:00,2023-06-23 12:00:00+00:00,1,5.1449093794370855
stage36b_ny_open_continuation_h4_atr075,ny_open,continuation,4,2023-06-23 13:00:00+00:00,2023-06-23 17:00:00+00:00,-1,-16.778018104622756
stage36b_ny_open_reversal_h4_atr075,ny_open,reversal,4,2023-06-23 13:00:00+00:00,2023-06-23 17:00:00+00:00,1,16.778018104622756
stage36b_ny_late_reversal_h8_atr075,ny_late,reversal,8,2023-06-23 18:00:00+00:00,2023-06-26 02:00:00+00:00,1,4.521281263712285
stage36b_ny_late_continuation_h8_atr075,ny_late,continuation,8,2023-06-23 18:00:00+00:00,2023-06-26 02:00:00+00:00,-1,-4.521281263712285
stage36b_london_open_continuation_h4_atr075,london_open,continuation,4,2023-06-26 08:00:00+00:00,2023-06-26 12:00:00+00:00,1,5.921774664331781
stage36b_london_open_reversal_h4_atr075,london_open,reversal,4,2023-06-26 08:00:00+00:00,2023-06-26 12:00:00+00:00,-1,-5.921774664331781
stage36b_ny_open_continuation_h4_atr075,ny_open,continuation,4,2023-06-26 13:00:00+00:00,2023-06-26 17:00:00+00:00,1,-14.219101945297469
stage36b_ny_open_reversal_h4_atr075,ny_open,reversal,4,2023-06-26 13:00:00+00:00,2023-06-26 17:00:00+00:00,-1,14.219101945297469
stage36b_ny_late_reversal_h8_atr075,ny_late,reversal,8,2023-06-26 18:00:00+00:00,2023-06-27 02:00:00+00:00,-1,4.184935556343991
stage36b_ny_late_continuation_h8_atr075,ny_late,continuation,8,2023-06-26 18:00:00+00:00,2023-06-27 02:00:00+00:00,1,-4.184935556343991
stage36b_london_open_continuation_h4_atr075,london_open,continuation,4,2023-06-27 08:00:00+00:00,2023-06-27 12:00:00+00:00,-1,1.657622101628191
stage36b_london_open_reversal_h4_atr075,london_open,reversal,4,2023-06-27 08:00:00+00:00,2023-06-27 12:00:00+00:00,1,-1.657622101628191
stage36b_ny_open_continuation_h4_atr075,ny_open,continuation,4,2023-06-27 13:00:00+00:00,2023-06-27 17:00:00+00:00,-1,10.570331903364169
stage36b_ny_open_reversal_h4_atr075,ny_open,reversal,4,2023-06-27 13:00:00+00:00,2023-06-27 17:00:00+00:00,1,-10.570331903364169
stage36b_ny_late_reversal_h8_atr075,ny_late,reversal,8,2023-06-27 18:00:00+00:00,2023-06-28 02:00:00+00:00,1,2.3496503496501933
stage36b_ny_late_continuation_h8_atr075,ny_late,continuation,8,2023-06-27 18:00:00+00:00,2023-06-28 02:00:00+00:00,-1,-2.3496503496501933
stage36b_london_open_continuation_h4_atr075,london_open,continuation,4,2023-06-28 08:00:00+00:00,2023-06-28 12:00:00+00:00,1,-17.73956820602175
stage36b_london_open_reversal_h4_atr075,london_open,reversal,4,2023-06-28 08:00:00+00:00,2023-06-28 12:00:00+00:00,-1,17.73956820602175
stage36b_ny_open_continuation_h4_atr075,ny_open,continuation,4,2023-06-28 13:00:00+00:00,2023-06-28 17:00:00+00:00,-1,-0.11761617222357122
stage36b_ny_open_reversal_h4_atr075,ny_open,reversal,4,2023-06-28 13:00:00+00:00,2023-06-28 17:00:00+00:00,1,0.11761617222357122
stage36b_ny_late_reversal_h8_atr075,ny_late,reversal,8,2023-06-28 18:00:00+00:00,2023-06-29 02:00:00+00:00,-1,1.640578657466286
stage36b_ny_late_continuation_h8_atr075,ny_late,continuation,8,2023-06-28 18:00:00+00:00,2023-06-29 02:00:00+00:00,1,-1.640578657466286
stage36b_london_open_continuation_h4_atr075,london_open,continuation,4,2023-06-29 08:00:00+00:00,2023-06-29 12:00:00+00:00,-1,-1.5516763646439493
stage36b_london_open_reversal_h4_atr075,london_open,reversal,4,2023-06-29 08:00:00+00:00,2023-06-29 12:00:00+00:00,1,1.5516763646439493
stage36b_ny_open_continuation_h4_atr075,ny_open,continuation,4,2023-06-29 13:00:00+00:00,2023-06-29 17:00:00+00:00,1,1.8044736430470298
stage36b_ny_open_reversal_h4_atr075,ny_open,reversal,4,2023-06-29 13:00:00+00:00,2023-06-29 17:00:00+00:00,-1,-1.8044736430470298
stage36b_ny_late_reversal_h8_atr075,ny_late,reversal,8,2023-06-29 18:00:00+00:00,2023-06-30 02:00:00+00:00,1,-0.20976588628743525
stage36b_ny_late_continuation_h8_atr075,ny_late,continuation,8,2023-06-29 18:00:00+00:00,2023-06-30 02:00:00+00:00,-1,0.20976588628743525
stage36b_london_open_continuation_h4_atr075,london_open,continuation,4,2023-06-30 08:00:00+00:00,2023-06-30 12:00:00+00:00,-1,4.8328767123290906
stage36b_london_open_reversal_h4_atr075,london_open,reversal,4,2023-06-30 08:00:00+00:00,2023-06-30 12:00:00+00:00,1,-4.8328767123290906
stage36b_ny_open_continuation_h4_atr075,ny_open,continuation,4,2023-06-30 13:00:00+00:00,2023-06-30 17:00:00+00:00,1,18.977432482426767
stage36b_ny_open_reversal_h4_atr075,ny_open,reversal,4,2023-06-30 13:00:00+00:00,2023-06-30 17:00:00+00:00,-1,-18.977432482426767
stage36b_ny_late_reversal_h8_atr075,ny_late,reversal,8,2023-06-30 18:00:00+00:00,2023-07-03 02:00:00+00:00,-1,1.1856178134697781
stage36b_ny_late_continuation_h8_atr075,ny_late,continuation,8,2023-06-30 18:00:00+00:00,2023-07-03 02:00:00+00:00,1,-1.1856178134697781
stage36b_london_open_continuation_h4_atr075,london_open,continuation,4,2023-07-03 08:00:00+00:00,2023-07-03 12:00:00+00:00,-1,7.594233849439286
stage36b_london_open_reversal_h4_atr075,london_open,reversal,4,2023-07-03 08:00:00+00:00,2023-07-03 12:00:00+00:00,1,-7.594233849439286
stage36b_ny_open_continuation_h4_atr075,ny_open,continuation,4,2023-07-03 13:00:00+00:00,2023-07-03 17:00:00+00:00,1,30.117337282975086
stage36b_ny_open_reversal_h4_atr075,ny_open,reversal,4,2023-07-03 13:00:00+00:00,2023-07-03 17:00:00+00:00,-1,-30.117337282975086
stage36b_ny_late_reversal_h8_atr075,ny_late,reversal,8,2023-07-03 18:00:00+00:00,2023-07-04 02:00:00+00:00,1,-6.4744744744744915
stage36b_ny_late_continuation_h8_atr075,ny_late,continuation,8,2023-07-03 18:00:00+00:00,2023-07-04 02:00:00+00:00,-1,6.4744744744744915
stage36b_london_open_continuation_h4_atr075,london_open,continuation,4,2023-07-04 08:00:00+00:00,2023-07-04 12:00:00+00:00,-1,-18.4097165991912
stage36b_london_open_reversal_h4_atr075,london_open,reversal,4,2023-07-04 08:00:00+00:00,2023-07-04 12:00:00+00:00,1,18.4097165991912
stage36b_ny_open_continuation_h4_atr075,ny_open,continuation,4,2023-07-04 13:00:00+00:00,2023-07-04 17:00:00+00:00,-1,1.748811948404766
stage36b_ny_open_reversal_h4_atr075,ny_open,reversal,4,2023-07-04 13:00:00+00:00,2023-07-04 17:00:00+00:00,1,-1.748811948404766
stage36b_ny_late_reversal_h8_atr075,ny_late,reversal,8,2023-07-04 18:00:00+00:00,2023-07-05 03:00:00+00:00,1,-0.845369237046378
stage36b_ny_late_continuation_h8_atr075,ny_late,continuation,8,2023-07-04 18:00:00+00:00,2023-07-05 03:00:00+00:00,-1,0.845369237046378
stage36b_london_open_continuation_h4_atr075,london_open,continuation,4,2023-07-05 08:00:00+00:00,2023-07-05 12:00:00+00:00,-1,-10.162078324932043
stage36b_london_open_reversal_h4_atr075,london_open,reversal,4,2023-07-05 08:00:00+00:00,2023-07-05 12:00:00+00:00,1,10.162078324932043
stage36b_ny_open_continuation_h4_atr075,ny_open,continuation,4,2023-07-05 13:00:00+00:00,2023-07-05 17:00:00+00:00,-1,9.95555555555559
stage36b_ny_open_reversal_h4_atr075,ny_open,reversal,4,2023-07-05 13:00:00+00:00,2023-07-05 17:00:00+00:00,1,-9.95555555555559
stage36b_ny_late_reversal_h8_atr075,ny_late,reversal,8,2023-07-05 18:00:00+00:00,2023-07-06 02:00:00+00:00,-1,8.802056555269594
stage36b_ny_late_continuation_h8_atr075,ny_late,continuation,8,2023-07-05 18:00:00+00:00,2023-07-06 02:00:00+00:00,1,-8.802056555269594
stage36b_london_open_continuation_h4_atr075,london_open,continuation,4,2023-07-06 08:00:00+00:00,2023-07-06 12:00:00+00:00,1,-5.779548472775718
stage36b_london_open_reversal_h4_atr075,london_open,reversal,4,2023-07-06 08:00:00+00:00,2023-07-06 12:00:00+00:00,-1,5.779548472775718
stage36b_ny_open_continuation_h4_atr075,ny_open,continuation,4,2023-07-06 13:00:00+00:00,2023-07-06 17:00:00+00:00,1,-33.4446505875083
stage36b_ny_open_reversal_h4_atr075,ny_open,reversal,4,2023-07-06 13:00:00+00:00,2023-07-06 17:00:00+00:00,-1,33.4446505875083
stage36b_ny_late_reversal_h8_atr075,ny_late,reversal,8,2023-07-06 18:00:00+00:00,2023-07-07 02:00:00+00:00,-1,0.009681881051166892
stage36b_ny_late_continuation_h8_atr075,ny_late,continuation,8,2023-07-06 18:00:00+00:00,2023-07-07 02:00:00+00:00,1,-0.009681881051166892
stage36b_london_open_continuation_h4_atr075,london_open,continuation,4,2023-07-07 08:00:00+00:00,2023-07-07 12:00:00+00:00,1,5.220107369448082
stage36b_london_open_reversal_h4_atr075,london_open,reversal,4,2023-07-07 08:00:00+00:00,2023-07-07 12:00:00+00:00,-1,-5.220107369448082
stage36b_ny_open_continuation_h4_atr075,ny_open,continuation,4,2023-07-07 13:00:00+00:00,2023-07-07 17:00:00+00:00,1,41.1970370370373
stage36b_ny_open_reversal_h4_atr075,ny_open,reversal,4,2023-07-07 13:00:00+00:00,2023-07-07 17:00:00+00:00,-1,-41.1970370370373
stage36b_ny_late_reversal_h8_atr075,ny_late,reversal,8,2023-07-07 18:00:00+00:00,2023-07-10 02:00:00+00:00,1,-2.840804279653202
stage36b_ny_late_continuation_h8_atr075,ny_late,continuation,8,2023-07-07 18:00:00+00:00,2023-07-10 02:00:00+00:00,-1,2.840804279653202
stage36b_london_open_continuation_h4_atr075,london_open,continuation,4,2023-07-10 08:00:00+00:00,2023-07-10 12:00:00+00:00,-1,-6.533075719937624
stage36b_london_open_reversal_h4_atr075,london_open,reversal,4,2023-07-10 08:00:00+00:00,2023-07-10 12:00:00+00:00,1,6.533075719937624
stage36b_ny_open_continuation_h4_atr075,ny_open,continuation,4,2023-07-10 13:00:00+00:00,2023-07-10 17:00:00+00:00,1,-3.0571883111443685
stage36b_ny_open_reversal_h4_atr075,ny_open,reversal,4,2023-07-10 13:00:00+00:00,2023-07-10 17:00:00+00:00,-1,3.0571883111443685
stage36b_ny_late_reversal_h8_atr075,ny_late,reversal,8,2023-07-10 18:00:00+00:00,2023-07-11 02:00:00+00:00,-1,-1.5750300120048206
stage36b_ny_late_continuation_h8_atr075,ny_late,continuation,8,2023-07-10 18:00:00+00:00,2023-07-11 02:00:00+00:00,1,1.5750300120048206
stage36b_london_open_continuation_h4_atr075,london_open,continuation,4,2023-07-11 08:00:00+00:00,2023-07-11 12:00:00+00:00,-1,-23.680440771349616
stage36b_london_open_reversal_h4_atr075,london_open,reversal,4,2023-07-11 08:00:00+00:00,2023-07-11 12:00:00+00:00,1,23.680440771349616
stage36b_ny_open_continuation_h4_atr075,ny_open,continuation,4,2023-07-11 13:00:00+00:00,2023-07-11 17:00:00+00:00,-1,5.244352900789695
stage36b_ny_open_reversal_h4_atr075,ny_open,reversal,4,2023-07-11 13:00:00+00:00,2023-07-11 17:00:00+00:00,1,-5.244352900789695
stage36b_ny_late_reversal_h8_atr075,ny_late,reversal,8,2023-07-11 18:00:00+00:00,2023-07-12 02:00:00+00:00,1,2.6962962962963584
stage36b_ny_late_continuation_h8_atr075,ny_late,continuation,8,2023-07-11 18:00:00+00:00,2023-07-12 02:00:00+00:00,-1,-2.6962962962963584
stage36b_london_open_continuation_h4_atr075,london_open,continuation,4,2023-07-12 08:00:00+00:00,2023-07-12 12:00:00+00:00,-1,7.7710750193344875
stage36b_london_open_reversal_h4_atr075,london_open,reversal,4,2023-07-12 08:00:00+00:00,2023-07-12 12:00:00+00:00,1,-7.7710750193344875
stage36b_ny_open_continuation_h4_atr075,ny_open,continuation,4,2023-07-12 13:00:00+00:00,2023-07-12 17:00:00+00:00,-1,-50.40215301806857
stage36b_ny_open_reversal_h4_atr075,ny_open,reversal,4,2023-07-12 13:00:00+00:00,2023-07-12 17:00:00+00:00,1,50.40215301806857
stage36b_ny_late_reversal_h8_atr075,ny_late,reversal,8,2023-07-12 18:00:00+00:00,2023-07-13 02:00:00+00:00,1,2.1689587426325327
stage36b_ny_late_continuation_h8_atr075,ny_late,continuation,8,2023-07-12 18:00:00+00:00,2023-07-13 02:00:00+00:00,-1,-2.1689587426325327
stage36b_london_open_continuation_h4_atr075,london_open,continuation,4,2023-07-13 08:00:00+00:00,2023-07-13 12:00:00+00:00,-1,-9.556348988373303
stage36b_london_open_reversal_h4_atr075,london_open,reversal,4,2023-07-13 08:00:00+00:00,2023-07-13 12:00:00+00:00,1,9.556348988373303
stage36b_ny_open_continuation_h4_atr075,ny_open,continuation,4,2023-07-13 13:00:00+00:00,2023-07-13 17:00:00+00:00,1,0.548629217033958
stage36b_ny_open_reversal_h4_atr075,ny_open,reversal,4,2023-07-13 13:00:00+00:00,2023-07-13 17:00:00+00:00,-1,-0.548629217033958
stage36b_ny_late_reversal_h8_atr075,ny_late,reversal,8,2023-07-13 18:00:00+00:00,2023-07-14 02:00:00+00:00,1,6.280599590207918
stage36b_ny_late_continuation_h8_atr075,ny_late,continuation,8,2023-07-13 18:00:00+00:00,2023-07-14 02:00:00+00:00,-1,-6.280599590207918
stage36b_london_open_continuation_h4_atr075,london_open,continuation,4,2023-07-14 08:00:00+00:00,2023-07-14 12:00:00+00:00,-1,6.338993148644347
stage36b_london_open_reversal_h4_atr075,london_open,reversal,4,2023-07-14 08:00:00+00:00,2023-07-14 12:00:00+00:00,1,-6.338993148644347
stage36b_ny_open_continuation_h4_atr075,ny_open,continuation,4,2023-07-14 13:00:00+00:00,2023-07-14 17:00:00+00:00,1,8.433765994661066
stage36b_ny_open_reversal_h4_atr075,ny_open,reversal,4,2023-07-14 13:00:00+00:00,2023-07-14 17:00:00+00:00,-1,-8.433765994661066
stage36b_ny_late_reversal_h8_atr075,ny_late,reversal,8,2023-07-14 18:00:00+00:00,2023-07-17 02:00:00+00:00,1,-6.670076726342564
stage36b_ny_late_continuation_h8_atr075,ny_late,continuation,8,2023-07-14 18:00:00+00:00,2023-07-17 02:00:00+00:00,-1,6.670076726342564
stage36b_london_open_continuation_h4_atr075,london_open,continuation,4,2023-07-17 08:00:00+00:00,2023-07-17 12:00:00+00:00,1,9.213266824188436
stage36b_london_open_reversal_h4_atr075,london_open,reversal,4,2023-07-17 08:00:00+00:00,2023-07-17 12:00:00+00:00,-1,-9.213266824188436
stage36b_ny_open_continuation_h4_atr075,ny_open,continuation,4,2023-07-17 13:00:00+00:00,2023-07-17 17:00:00+00:00,-1,5.422163002442816
stage36b_ny_open_reversal_h4_atr075,ny_open,reversal,4,2023-07-17 13:00:00+00:00,2023-07-17 17:00:00+00:00,1,-5.422163002442816
stage36b_ny_late_reversal_h8_atr075,ny_late,reversal,8,2023-07-17 18:00:00+00:00,2023-07-18 02:00:00+00:00,-1,-1.0342342342344397
stage36b_ny_late_continuation_h8_atr075,ny_late,continuation,8,2023-07-17 18:00:00+00:00,2023-07-18 02:00:00+00:00,1,1.0342342342344397
stage36b_london_open_continuation_h4_atr075,london_open,continuation,4,2023-07-18 08:00:00+00:00,2023-07-18 12:00:00+00:00,-1,-9.957288765088009
stage36b_london_open_reversal_h4_atr075,london_open,reversal,4,2023-07-18 08:00:00+00:00,2023-07-18 12:00:00+00:00,1,9.957288765088009
stage36b_ny_open_continuation_h4_atr075,ny_open,continuation,4,2023-07-18 13:00:00+00:00,2023-07-18 17:00:00+00:00,1,42.40515335063911
stage36b_ny_open_reversal_h4_atr075,ny_open,reversal,4,2023-07-18 13:00:00+00:00,2023-07-18 17:00:00+00:00,-1,-42.40515335063911
stage36b_ny_late_reversal_h8_atr075,ny_late,reversal,8,2023-07-18 18:00:00+00:00,2023-07-19 02:00:00+00:00,1,-0.6634768740030497
stage36b_ny_late_continuation_h8_atr075,ny_late,continuation,8,2023-07-18 18:00:00+00:00,2023-07-19 02:00:00+00:00,-1,0.6634768740030497
stage36b_london_open_continuation_h4_atr075,london_open,continuation,4,2023-07-19 08:00:00+00:00,2023-07-19 12:00:00+00:00,1,-1.9385453131074644
stage36b_london_open_reversal_h4_atr075,london_open,reversal,4,2023-07-19 08:00:00+00:00,2023-07-19 12:00:00+00:00,-1,1.9385453131074644
stage36b_ny_open_continuation_h4_atr075,ny_open,continuation,4,2023-07-19 13:00:00+00:00,2023-07-19 17:00:00+00:00,-1,0.5347822507614407
stage36b_ny_open_reversal_h4_atr075,ny_open,reversal,4,2023-07-19 13:00:00+00:00,2023-07-19 17:00:00+00:00,1,-0.5347822507614407
stage36b_ny_late_reversal_h8_atr075,ny_late,reversal,8,2023-07-19 18:00:00+00:00,2023-07-20 02:00:00+00:00,1,5.0771223360416355
stage36b_ny_late_continuation_h8_atr075,ny_late,continuation,8,2023-07-19 18:00:00+00:00,2023-07-20 02:00:00+00:00,-1,-5.0771223360416355
stage36b_london_open_continuation_h4_atr075,london_open,continuation,4,2023-07-20 08:00:00+00:00,2023-07-20 12:00:00+00:00,-1,-0.4963219002038388
stage36b_london_open_reversal_h4_atr075,london_open,reversal,4,2023-07-20 08:00:00+00:00,2023-07-20 12:00:00+00:00,1,0.4963219002038388
stage36b_ny_open_continuation_h4_atr075,ny_open,continuation,4,2023-07-20 13:00:00+00:00,2023-07-20 17:00:00+00:00,-1,17.294117647058435
stage36b_ny_open_reversal_h4_atr075,ny_open,reversal,4,2023-07-20 13:00:00+00:00,2023-07-20 17:00:00+00:00,1,-17.294117647058435
stage36b_ny_late_reversal_h8_atr075,ny_late,reversal,8,2023-07-20 18:00:00+00:00,2023-07-21 02:00:00+00:00,1,4.121994976677571
stage36b_ny_late_continuation_h8_atr075,ny_late,continuation,8,2023-07-20 18:00:00+00:00,2023-07-21 02:00:00+00:00,-1,-4.121994976677571
stage36b_london_open_continuation_h4_atr075,london_open,continuation,4,2023-07-21 08:00:00+00:00,2023-07-21 12:00:00+00:00,-1,12.230280680188333
stage36b_london_open_reversal_h4_atr075,london_open,reversal,4,2023-07-21 08:00:00+00:00,2023-07-21 12:00:00+00:00,1,-12.230280680188333
stage36b_ny_open_continuation_h4_atr075,ny_open,continuation,4,2023-07-21 13:00:00+00:00,2023-07-21 17:00:00+00:00,-1,7.9259451509644165
stage36b_ny_open_reversal_h4_atr075,ny_open,reversal,4,2023-07-21 13:00:00+00:00,2023-07-21 17:00:00+00:00,1,-7.9259451509644165
stage36b_ny_late_reversal_h8_atr075,ny_late,reversal,8,2023-07-21 18:00:00+00:00,2023-07-24 02:00:00+00:00,-1,-1.1334845576689783
stage36b_ny_late_continuation_h8_atr075,ny_late,continuation,8,2023-07-21 18:00:00+00:00,2023-07-24 02:00:00+00:00,1,1.1334845576689783
stage36b_london_open_continuation_h4_atr075,london_open,continuation,4,2023-07-24 08:00:00+00:00,2023-07-24 12:00:00+00:00,-1,-13.321266968325919
stage36b_london_open_reversal_h4_atr075,london_open,reversal,4,2023-07-24 08:00:00+00:00,2023-07-24 12:00:00+00:00,1,13.321266968325919
stage36b_ny_open_continuation_h4_atr075,ny_open,continuation,4,2023-07-24 13:00:00+00:00,2023-07-24 17:00:00+00:00,1,-7.343970786695437
stage36b_ny_open_reversal_h4_atr075,ny_open,reversal,4,2023-07-24 13:00:00+00:00,2023-07-24 17:00:00+00:00,-1,7.343970786695437
stage36b_ny_late_reversal_h8_atr075,ny_late,reversal,8,2023-07-24 18:00:00+00:00,2023-07-25 02:00:00+00:00,1,-7.200048335448222
stage36b_ny_late_continuation_h8_atr075,ny_late,continuation,8,2023-07-24 18:00:00+00:00,2023-07-25 02:00:00+00:00,-1,7.200048335448222
stage36b_london_open_continuation_h4_atr075,london_open,continuation,4,2023-07-25 08:00:00+00:00,2023-07-25 12:00:00+00:00,1,-0.8625904010521005
stage36b_london_open_reversal_h4_atr075,london_open,reversal,4,2023-07-25 08:00:00+00:00,2023-07-25 12:00:00+00:00,-1,0.8625904010521005
stage36b_ny_open_continuation_h4_atr075,ny_open,continuation,4,2023-07-25 13:00:00+00:00,2023-07-25 17:00:00+00:00,-1,-4.904276985743246
stage36b_ny_open_reversal_h4_atr075,ny_open,reversal,4,2023-07-25 13:00:00+00:00,2023-07-25 17:00:00+00:00,1,4.904276985743246
stage36b_ny_late_reversal_h8_atr075,ny_late,reversal,8,2023-07-25 18:00:00+00:00,2023-07-26 02:00:00+00:00,-1,-1.2725146198830106
stage36b_ny_late_continuation_h8_atr075,ny_late,continuation,8,2023-07-25 18:00:00+00:00,2023-07-26 02:00:00+00:00,1,1.2725146198830106
stage36b_london_open_continuation_h4_atr075,london_open,continuation,4,2023-07-26 08:00:00+00:00,2023-07-26 12:00:00+00:00,1,17.129720853858966
stage36b_london_open_reversal_h4_atr075,london_open,reversal,4,2023-07-26 08:00:00+00:00,2023-07-26 12:00:00+00:00,-1,-17.129720853858966
stage36b_ny_open_continuation_h4_atr075,ny_open,continuation,4,2023-07-26 13:00:00+00:00,2023-07-26 17:00:00+00:00,1,-6.257480862908764
stage36b_ny_open_reversal_h4_atr075,ny_open,reversal,4,2023-07-26 13:00:00+00:00,2023-07-26 17:00:00+00:00,-1,6.257480862908764
stage36b_ny_late_reversal_h8_atr075,ny_late,reversal,8,2023-07-26 18:00:00+00:00,2023-07-27 02:00:00+00:00,-1,0.5735462569905927
stage36b_ny_late_continuation_h8_atr075,ny_late,continuation,8,2023-07-26 18:00:00+00:00,2023-07-27 02:00:00+00:00,1,-0.5735462569905927
stage36b_london_open_continuation_h4_atr075,london_open,continuation,4,2023-07-27 08:00:00+00:00,2023-07-27 12:00:00+00:00,-1,0.36694575900980686
stage36b_london_open_reversal_h4_atr075,london_open,reversal,4,2023-07-27 08:00:00+00:00,2023-07-27 12:00:00+00:00,1,-0.36694575900980686
stage36b_ny_open_continuation_h4_atr075,ny_open,continuation,4,2023-07-27 13:00:00+00:00,2023-07-27 17:00:00+00:00,1,-47.308345025723995
stage36b_ny_open_reversal_h4_atr075,ny_open,reversal,4,2023-07-27 13:00:00+00:00,2023-07-27 17:00:00+00:00,-1,47.308345025723995
stage36b_ny_late_reversal_h8_atr075,ny_late,reversal,8,2023-07-27 18:00:00+00:00,2023-07-28 02:00:00+00:00,-1,-0.3969285292378813
stage36b_ny_late_continuation_h8_atr075,ny_late,continuation,8,2023-07-27 18:00:00+00:00,2023-07-28 02:00:00+00:00,1,0.3969285292378813
stage36b_london_open_continuation_h4_atr075,london_open,continuation,4,2023-07-28 08:00:00+00:00,2023-07-28 12:00:00+00:00,1,-1.0141948115516561
stage36b_london_open_reversal_h4_atr075,london_open,reversal,4,2023-07-28 08:00:00+00:00,2023-07-28 12:00:00+00:00,-1,1.0141948115516561
stage36b_ny_open_continuation_h4_atr075,ny_open,continuation,4,2023-07-28 13:00:00+00:00,2023-07-28 17:00:00+00:00,1,10.41792409693653
stage36b_ny_open_reversal_h4_atr075,ny_open,reversal,4,2023-07-28 13:00:00+00:00,2023-07-28 17:00:00+00:00,-1,-10.41792409693653
stage36b_ny_late_reversal_h8_atr075,ny_late,reversal,8,2023-07-28 18:00:00+00:00,2023-07-31 02:00:00+00:00,-1,3.3760710230205833
stage36b_ny_late_continuation_h8_atr075,ny_late,continuation,8,2023-07-28 18:00:00+00:00,2023-07-31 02:00:00+00:00,1,-3.3760710230205833
stage36b_london_open_continuation_h4_atr075,london_open,continuation,4,2023-07-31 08:00:00+00:00,2023-07-31 12:00:00+00:00,1,3.59815406460757
stage36b_london_open_reversal_h4_atr075,london_open,reversal,4,2023-07-31 08:00:00+00:00,2023-07-31 12:00:00+00:00,-1,-3.59815406460757
stage36b_ny_open_continuation_h4_atr075,ny_open,continuation,4,2023-07-31 13:00:00+00:00,2023-07-31 17:00:00+00:00,1,15.98467432950135
stage36b_ny_open_reversal_h4_atr075,ny_open,reversal,4,2023-07-31 13:00:00+00:00,2023-07-31 17:00:00+00:00,-1,-15.98467432950135
stage36b_ny_late_reversal_h8_atr075,ny_late,reversal,8,2023-07-31 18:00:00+00:00,2023-08-01 02:00:00+00:00,-1,8.28416720814398
stage36b_ny_late_continuation_h8_atr075,ny_late,continuation,8,2023-07-31 18:00:00+00:00,2023-08-01 02:00:00+00:00,1,-8.28416720814398
stage36b_london_open_continuation_h4_atr075,london_open,continuation,4,2023-08-01 08:00:00+00:00,2023-08-01 12:00:00+00:00,-1,4.626352894449225
stage36b_london_open_reversal_h4_atr075,london_open,reversal,4,2023-08-01 08:00:00+00:00,2023-08-01 12:00:00+00:00,1,-4.626352894449225
stage36b_ny_open_continuation_h4_atr075,ny_open,continuation,4,2023-08-01 13:00:00+00:00,2023-08-01 17:00:00+00:00,-1,20.388683886838496
stage36b_ny_open_reversal_h4_atr075,ny_open,reversal,4,2023-08-01 13:00:00+00:00,2023-08-01 17:00:00+00:00,1,-20.388683886838496
stage36b_ny_late_reversal_h8_atr075,ny_late,reversal,8,2023-08-01 18:00:00+00:00,2023-08-02 02:00:00+00:00,1,10.035980291051
stage36b_ny_late_continuation_h8_atr075,ny_late,continuation,8,2023-08-01 18:00:00+00:00,2023-08-02 02:00:00+00:00,-1,-10.035980291051
stage36b_london_open_continuation_h4_atr075,london_open,continuation,4,2023-08-02 08:00:00+00:00,2023-08-02 12:00:00+00:00,1,1.1780499619403175
stage36b_london_open_reversal_h4_atr075,london_open,reversal,4,2023-08-02 08:00:00+00:00,2023-08-02 12:00:00+00:00,-1,-1.1780499619403175
stage36b_ny_open_continuation_h4_atr075,ny_open,continuation,4,2023-08-02 13:00:00+00:00,2023-08-02 17:00:00+00:00,1,-25.79506274996527
stage36b_ny_open_reversal_h4_atr075,ny_open,reversal,4,2023-08-02 13:00:00+00:00,2023-08-02 17:00:00+00:00,-1,25.79506274996527
stage36b_ny_late_reversal_h8_atr075,ny_late,reversal,8,2023-08-02 18:00:00+00:00,2023-08-03 02:00:00+00:00,1,0.5614952863604559
stage36b_ny_late_continuation_h8_atr075,ny_late,continuation,8,2023-08-02 18:00:00+00:00,2023-08-03 02:00:00+00:00,-1,-0.5614952863604559
stage36b_london_open_continuation_h4_atr075,london_open,continuation,4,2023-08-03 08:00:00+00:00,2023-08-03 12:00:00+00:00,1,2.2505164319247775
stage36b_london_open_reversal_h4_atr075,london_open,reversal,4,2023-08-03 08:00:00+00:00,2023-08-03 12:00:00+00:00,-1,-2.2505164319247775
stage36b_ny_open_continuation_h4_atr075,ny_open,continuation,4,2023-08-03 13:00:00+00:00,2023-08-03 17:00:00+00:00,-1,-1.103448275861835
stage36b_ny_open_reversal_h4_atr075,ny_open,reversal,4,2023-08-03 13:00:00+00:00,2023-08-03 17:00:00+00:00,1,1.103448275861835
stage36b_ny_late_reversal_h8_atr075,ny_late,reversal,8,2023-08-03 18:00:00+00:00,2023-08-04 02:00:00+00:00,1,2.9367088607593854
stage36b_ny_late_continuation_h8_atr075,ny_late,continuation,8,2023-08-03 18:00:00+00:00,2023-08-04 02:00:00+00:00,-1,-2.9367088607593854
stage36b_london_open_continuation_h4_atr075,london_open,continuation,4,2023-08-04 08:00:00+00:00,2023-08-04 12:00:00+00:00,1,-6.319533885311121
stage36b_london_open_reversal_h4_atr075,london_open,reversal,4,2023-08-04 08:00:00+00:00,2023-08-04 12:00:00+00:00,-1,6.319533885311121
stage36b_ny_open_continuation_h4_atr075,ny_open,continuation,4,2023-08-04 13:00:00+00:00,2023-08-04 17:00:00+00:00,-1,-14.39087361152806
stage36b_ny_open_reversal_h4_atr075,ny_open,reversal,4,2023-08-04 13:00:00+00:00,2023-08-04 17:00:00+00:00,1,14.39087361152806
stage36b_ny_late_reversal_h8_atr075,ny_late,reversal,8,2023-08-04 18:00:00+00:00,2023-08-07 02:00:00+00:00,-1,-1.3073260635848238
stage36b_ny_late_continuation_h8_atr075,ny_late,continuation,8,2023-08-04 18:00:00+00:00,2023-08-07 02:00:00+00:00,1,1.3073260635848238
stage36b_london_open_continuation_h4_atr075,london_open,continuation,4,2023-08-07 08:00:00+00:00,2023-08-07 12:00:00+00:00,-1,4.579081857432732
stage36b_london_open_reversal_h4_atr075,london_open,reversal,4,2023-08-07 08:00:00+00:00,2023-08-07 12:00:00+00:00,1,-4.579081857432732
stage36b_ny_open_continuation_h4_atr075,ny_open,continuation,4,2023-08-07 13:00:00+00:00,2023-08-07 17:00:00+00:00,1,-2.168908015061698
stage36b_ny_open_reversal_h4_atr075,ny_open,reversal,4,2023-08-07 13:00:00+00:00,2023-08-07 17:00:00+00:00,-1,2.168908015061698
stage36b_ny_late_reversal_h8_atr075,ny_late,reversal,8,2023-08-07 18:00:00+00:00,2023-08-08 02:00:00+00:00,1,6.382028628175889
stage36b_ny_late_continuation_h8_atr075,ny_late,continuation,8,2023-08-07 18:00:00+00:00,2023-08-08 02:00:00+00:00,-1,-6.382028628175889
stage36b_london_open_continuation_h4_atr075,london_open,continuation,4,2023-08-08 08:00:00+00:00,2023-08-08 12:00:00+00:00,-1,-2.39416641694123
stage36b_london_open_reversal_h4_atr075,london_open,reversal,4,2023-08-08 08:00:00+00:00,2023-08-08 12:00:00+00:00,1,2.39416641694123
stage36b_ny_open_continuation_h4_atr075,ny_open,continuation,4,2023-08-08 13:00:00+00:00,2023-08-08 17:00:00+00:00,-1,6.350877192982205
stage36b_ny_open_reversal_h4_atr075,ny_open,reversal,4,2023-08-08 13:00:00+00:00,2023-08-08 17:00:00+00:00,1,-6.350877192982205
stage36b_ny_late_reversal_h8_atr075,ny_late,reversal,8,2023-08-08 18:00:00+00:00,2023-08-09 02:00:00+00:00,1,-0.31433081915454625
stage36b_ny_late_continuation_h8_atr075,ny_late,continuation,8,2023-08-08 18:00:00+00:00,2023-08-09 02:00:00+00:00,-1,0.31433081915454625
stage36b_london_open_continuation_h4_atr075,london_open,continuation,4,2023-08-09 08:00:00+00:00,2023-08-09 12:00:00+00:00,1,-12.302460850111894
stage36b_london_open_reversal_h4_atr075,london_open,reversal,4,2023-08-09 08:00:00+00:00,2023-08-09 12:00:00+00:00,-1,12.302460850111894
stage36b_ny_open_continuation_h4_atr075,ny_open,continuation,4,2023-08-09 13:00:00+00:00,2023-08-09 17:00:00+00:00,-1,18.281425891181417
stage36b_ny_open_reversal_h4_atr075,ny_open,reversal,4,2023-08-09 13:00:00+00:00,2023-08-09 17:00:00+00:00,1,-18.281425891181417
stage36b_ny_late_reversal_h8_atr075,ny_late,reversal,8,2023-08-09 18:00:00+00:00,2023-08-10 02:00:00+00:00,1,-0.10734579311279281
stage36b_ny_late_continuation_h8_atr075,ny_late,continuation,8,2023-08-09 18:00:00+00:00,2023-08-10 02:00:00+00:00,-1,0.10734579311279281
stage36b_london_open_continuation_h4_atr075,london_open,continuation,4,2023-08-10 08:00:00+00:00,2023-08-10 12:00:00+00:00,1,6.606039243332054
stage36b_london_open_reversal_h4_atr075,london_open,reversal,4,2023-08-10 08:00:00+00:00,2023-08-10 12:00:00+00:00,-1,-6.606039243332054
stage36b_ny_open_continuation_h4_atr075,ny_open,continuation,4,2023-08-10 13:00:00+00:00,2023-08-10 17:00:00+00:00,1,-15.017878426698475
stage36b_ny_open_reversal_h4_atr075,ny_open,reversal,4,2023-08-10 13:00:00+00:00,2023-08-10 17:00:00+00:00,-1,15.017878426698475
stage36b_ny_late_reversal_h8_atr075,ny_late,reversal,8,2023-08-10 18:00:00+00:00,2023-08-11 02:00:00+00:00,-1,9.447267128560258
stage36b_ny_late_continuation_h8_atr075,ny_late,continuation,8,2023-08-10 18:00:00+00:00,2023-08-11 02:00:00+00:00,1,-9.447267128560258
stage36b_london_open_continuation_h4_atr075,london_open,continuation,4,2023-08-11 08:00:00+00:00,2023-08-11 12:00:00+00:00,1,4.966506274176659
stage36b_london_open_reversal_h4_atr075,london_open,reversal,4,2023-08-11 08:00:00+00:00,2023-08-11 12:00:00+00:00,-1,-4.966506274176659
stage36b_ny_open_continuation_h4_atr075,ny_open,continuation,4,2023-08-11 13:00:00+00:00,2023-08-11 17:00:00+00:00,-1,-1.593713496867547
stage36b_ny_open_reversal_h4_atr075,ny_open,reversal,4,2023-08-11 13:00:00+00:00,2023-08-11 17:00:00+00:00,1,1.593713496867547
stage36b_ny_late_reversal_h8_atr075,ny_late,reversal,8,2023-08-11 18:00:00+00:00,2023-08-14 02:00:00+00:00,1,-0.6593776282591562
stage36b_ny_late_continuation_h8_atr075,ny_late,continuation,8,2023-08-11 18:00:00+00:00,2023-08-14 02:00:00+00:00,-1,0.6593776282591562
stage36b_london_open_continuation_h4_atr075,london_open,continuation,4,2023-08-14 08:00:00+00:00,2023-08-14 12:00:00+00:00,1,2.7396202124232794
stage36b_london_open_reversal_h4_atr075,london_open,reversal,4,2023-08-14 08:00:00+00:00,2023-08-14 12:00:00+00:00,-1,-2.7396202124232794
stage36b_ny_open_continuation_h4_atr075,ny_open,continuation,4,2023-08-14 13:00:00+00:00,2023-08-14 17:00:00+00:00,1,-12.614624881291634
stage36b_ny_open_reversal_h4_atr075,ny_open,reversal,4,2023-08-14 13:00:00+00:00,2023-08-14 17:00:00+00:00,-1,12.614624881291634
stage36b_ny_late_reversal_h8_atr075,ny_late,reversal,8,2023-08-14 18:00:00+00:00,2023-08-15 02:00:00+00:00,-1,4.497297297297124
stage36b_ny_late_continuation_h8_atr075,ny_late,continuation,8,2023-08-14 18:00:00+00:00,2023-08-15 02:00:00+00:00,1,-4.497297297297124
stage36b_london_open_continuation_h4_atr075,london_open,continuation,4,2023-08-15 08:00:00+00:00,2023-08-15 12:00:00+00:00,-1,1.3485851896450975
stage36b_london_open_reversal_h4_atr075,london_open,reversal,4,2023-08-15 08:00:00+00:00,2023-08-15 12:00:00+00:00,1,-1.3485851896450975
stage36b_ny_open_continuation_h4_atr075,ny_open,continuation,4,2023-08-15 13:00:00+00:00,2023-08-15 17:00:00+00:00,-1,-12.956353804557772
stage36b_ny_open_reversal_h4_atr075,ny_open,reversal,4,2023-08-15 13:00:00+00:00,2023-08-15 17:00:00+00:00,1,12.956353804557772
stage36b_ny_late_reversal_h8_atr075,ny_late,reversal,8,2023-08-15 18:00:00+00:00,2023-08-16 02:00:00+00:00,1,-7.616452182690002
stage36b_ny_late_continuation_h8_atr075,ny_late,continuation,8,2023-08-15 18:00:00+00:00,2023-08-16 02:00:00+00:00,-1,7.616452182690002
stage36b_london_open_continuation_h4_atr075,london_open,continuation,4,2023-08-16 08:00:00+00:00,2023-08-16 12:00:00+00:00,1,2.3806763285024055
stage36b_london_open_reversal_h4_atr075,london_open,reversal,4,2023-08-16 08:00:00+00:00,2023-08-16 12:00:00+00:00,-1,-2.3806763285024055
stage36b_ny_open_continuation_h4_atr075,ny_open,continuation,4,2023-08-16 13:00:00+00:00,2023-08-16 17:00:00+00:00,1,-3.8304052471305656
stage36b_ny_open_reversal_h4_atr075,ny_open,reversal,4,2023-08-16 13:00:00+00:00,2023-08-16 17:00:00+00:00,-1,3.8304052471305656
stage36b_ny_late_reversal_h8_atr075,ny_late,reversal,8,2023-08-16 18:00:00+00:00,2023-08-17 02:00:00+00:00,1,-16.639452289259935
stage36b_ny_late_continuation_h8_atr075,ny_late,continuation,8,2023-08-16 18:00:00+00:00,2023-08-17 02:00:00+00:00,-1,16.639452289259935
stage36b_london_open_continuation_h4_atr075,london_open,continuation,4,2023-08-17 08:00:00+00:00,2023-08-17 12:00:00+00:00,-1,-3.77023777718377
stage36b_london_open_reversal_h4_atr075,london_open,reversal,4,2023-08-17 08:00:00+00:00,2023-08-17 12:00:00+00:00,1,3.77023777718377
stage36b_ny_open_continuation_h4_atr075,ny_open,continuation,4,2023-08-17 13:00:00+00:00,2023-08-17 17:00:00+00:00,1,-5.453064317514302
stage36b_ny_open_reversal_h4_atr075,ny_open,reversal,4,2023-08-17 13:00:00+00:00,2023-08-17 17:00:00+00:00,-1,5.453064317514302
stage36b_ny_late_reversal_h8_atr075,ny_late,reversal,8,2023-08-17 18:00:00+00:00,2023-08-18 02:00:00+00:00,1,2.5867098865478724
stage36b_ny_late_continuation_h8_atr075,ny_late,continuation,8,2023-08-17 18:00:00+00:00,2023-08-18 02:00:00+00:00,-1,-2.5867098865478724
stage36b_london_open_continuation_h4_atr075,london_open,continuation,4,2023-08-18 08:00:00+00:00,2023-08-18 12:00:00+00:00,1,-1.579244218838136
stage36b_london_open_reversal_h4_atr075,london_open,reversal,4,2023-08-18 08:00:00+00:00,2023-08-18 12:00:00+00:00,-1,1.579244218838136
stage36b_ny_open_continuation_h4_atr075,ny_open,continuation,4,2023-08-18 13:00:00+00:00,2023-08-18 17:00:00+00:00,1,-1.3172392448156833
stage36b_ny_open_reversal_h4_atr075,ny_open,reversal,4,2023-08-18 13:00:00+00:00,2023-08-18 17:00:00+00:00,-1,1.3172392448156833
stage36b_ny_late_reversal_h8_atr075,ny_late,reversal,8,2023-08-18 18:00:00+00:00,2023-08-21 02:00:00+00:00,1,-2.615136876006503
stage36b_ny_late_continuation_h8_atr075,ny_late,continuation,8,2023-08-18 18:00:00+00:00,2023-08-21 02:00:00+00:00,-1,2.615136876006503
stage36b_london_open_continuation_h4_atr075,london_open,continuation,4,2023-08-21 08:00:00+00:00,2023-08-21 12:00:00+00:00,-1,-2.7228388070968292
stage36b_london_open_reversal_h4_atr075,london_open,reversal,4,2023-08-21 08:00:00+00:00,2023-08-21 12:00:00+00:00,1,2.7228388070968292
stage36b_ny_open_continuation_h4_atr075,ny_open,continuation,4,2023-08-21 13:00:00+00:00,2023-08-21 17:00:00+00:00,-1,3.204206293976482
stage36b_ny_open_reversal_h4_atr075,ny_open,reversal,4,2023-08-21 13:00:00+00:00,2023-08-21 17:00:00+00:00,1,-3.204206293976482
stage36b_ny_late_reversal_h8_atr075,ny_late,reversal,8,2023-08-21 18:00:00+00:00,2023-08-22 02:00:00+00:00,-1,-6.625013419216268
stage36b_ny_late_continuation_h8_atr075,ny_late,continuation,8,2023-08-21 18:00:00+00:00,2023-08-22 02:00:00+00:00,1,6.625013419216268
stage36b_london_open_continuation_h4_atr075,london_open,continuation,4,2023-08-22 08:00:00+00:00,2023-08-22 12:00:00+00:00,1,19.117920780841708
stage36b_london_open_reversal_h4_atr075,london_open,reversal,4,2023-08-22 08:00:00+00:00,2023-08-22 12:00:00+00:00,-1,-19.117920780841708
stage36b_ny_open_continuation_h4_atr075,ny_open,continuation,4,2023-08-22 13:00:00+00:00,2023-08-22 17:00:00+00:00,-1,13.18428184281832
stage36b_ny_open_reversal_h4_atr075,ny_open,reversal,4,2023-08-22 13:00:00+00:00,2023-08-22 17:00:00+00:00,1,-13.18428184281832
stage36b_ny_late_reversal_h8_atr075,ny_late,reversal,8,2023-08-22 18:00:00+00:00,2023-08-23 02:00:00+00:00,-1,-0.9280165717245257
stage36b_ny_late_continuation_h8_atr075,ny_late,continuation,8,2023-08-22 18:00:00+00:00,2023-08-23 02:00:00+00:00,1,0.9280165717245257
stage36b_london_open_continuation_h4_atr075,london_open,continuation,4,2023-08-23 08:00:00+00:00,2023-08-23 12:00:00+00:00,-1,-0.34863813229605656
stage36b_london_open_reversal_h4_atr075,london_open,reversal,4,2023-08-23 08:00:00+00:00,2023-08-23 12:00:00+00:00,1,0.34863813229605656
stage36b_ny_open_continuation_h4_atr075,ny_open,continuation,4,2023-08-23 13:00:00+00:00,2023-08-23 17:00:00+00:00,1,28.661099082379476
stage36b_ny_open_reversal_h4_atr075,ny_open,reversal,4,2023-08-23 13:00:00+00:00,2023-08-23 17:00:00+00:00,-1,-28.661099082379476
stage36b_ny_late_reversal_h8_atr075,ny_late,reversal,8,2023-08-23 18:00:00+00:00,2023-08-24 02:00:00+00:00,-1,0.6466512702079171
stage36b_ny_late_continuation_h8_atr075,ny_late,continuation,8,2023-08-23 18:00:00+00:00,2023-08-24 02:00:00+00:00,1,-0.6466512702079171
stage36b_london_open_continuation_h4_atr075,london_open,continuation,4,2023-08-24 08:00:00+00:00,2023-08-24 12:00:00+00:00,1,-4.767042221463943
stage36b_london_open_reversal_h4_atr075,london_open,reversal,4,2023-08-24 08:00:00+00:00,2023-08-24 12:00:00+00:00,-1,4.767042221463943
stage36b_ny_open_continuation_h4_atr075,ny_open,continuation,4,2023-08-24 13:00:00+00:00,2023-08-24 17:00:00+00:00,-1,-5.2144995011637745
stage36b_ny_open_reversal_h4_atr075,ny_open,reversal,4,2023-08-24 13:00:00+00:00,2023-08-24 17:00:00+00:00,1,5.2144995011637745
stage36b_ny_late_reversal_h8_atr075,ny_late,reversal,8,2023-08-24 18:00:00+00:00,2023-08-25 02:00:00+00:00,1,-9.25894671042352
stage36b_ny_late_continuation_h8_atr075,ny_late,continuation,8,2023-08-24 18:00:00+00:00,2023-08-25 02:00:00+00:00,-1,9.25894671042352
stage36b_london_open_continuation_h4_atr075,london_open,continuation,4,2023-08-25 08:00:00+00:00,2023-08-25 12:00:00+00:00,1,5.131253095591524
stage36b_london_open_reversal_h4_atr075,london_open,reversal,4,2023-08-25 08:00:00+00:00,2023-08-25 12:00:00+00:00,-1,-5.131253095591524
stage36b_ny_open_continuation_h4_atr075,ny_open,continuation,4,2023-08-25 13:00:00+00:00,2023-08-25 17:00:00+00:00,1,-34.5523541813067
stage36b_ny_open_reversal_h4_atr075,ny_open,reversal,4,2023-08-25 13:00:00+00:00,2023-08-25 17:00:00+00:00,-1,34.5523541813067
stage36b_ny_late_reversal_h8_atr075,ny_late,reversal,8,2023-08-25 18:00:00+00:00,2023-08-28 02:00:00+00:00,-1,-9.558293161935087
stage36b_ny_late_continuation_h8_atr075,ny_late,continuation,8,2023-08-25 18:00:00+00:00,2023-08-28 02:00:00+00:00,1,9.558293161935087
stage36b_london_open_continuation_h4_atr075,london_open,continuation,4,2023-08-28 08:00:00+00:00,2023-08-28 12:00:00+00:00,-1,3.7358575614153966
stage36b_london_open_reversal_h4_atr075,london_open,reversal,4,2023-08-28 08:00:00+00:00,2023-08-28 12:00:00+00:00,1,-3.7358575614153966
stage36b_ny_open_continuation_h4_atr075,ny_open,continuation,4,2023-08-28 13:00:00+00:00,2023-08-28 17:00:00+00:00,1,10.617207624935647
stage36b_ny_open_reversal_h4_atr075,ny_open,reversal,4,2023-08-28 13:00:00+00:00,2023-08-28 17:00:00+00:00,-1,-10.617207624935647
stage36b_ny_late_reversal_h8_atr075,ny_late,reversal,8,2023-08-28 18:00:00+00:00,2023-08-29 02:00:00+00:00,-1,7.031127386868728
stage36b_ny_late_continuation_h8_atr075,ny_late,continuation,8,2023-08-28 18:00:00+00:00,2023-08-29 02:00:00+00:00,1,-7.031127386868728
stage36b_london_open_continuation_h4_atr075,london_open,continuation,4,2023-08-29 08:00:00+00:00,2023-08-29 12:00:00+00:00,1,-0.027390560039104013
stage36b_london_open_reversal_h4_atr075,london_open,reversal,4,2023-08-29 08:00:00+00:00,2023-08-29 12:00:00+00:00,-1,0.027390560039104013
stage36b_ny_open_continuation_h4_atr075,ny_open,continuation,4,2023-08-29 13:00:00+00:00,2023-08-29 17:00:00+00:00,-1,-36.01750748675339
stage36b_ny_open_reversal_h4_atr075,ny_open,reversal,4,2023-08-29 13:00:00+00:00,2023-08-29 17:00:00+00:00,1,36.01750748675339
stage36b_ny_late_reversal_h8_atr075,ny_late,reversal,8,2023-08-29 18:00:00+00:00,2023-08-30 02:00:00+00:00,-1,0.7074122236670795
stage36b_ny_late_continuation_h8_atr075,ny_late,continuation,8,2023-08-29 18:00:00+00:00,2023-08-30 02:00:00+00:00,1,-0.7074122236670795
stage36b_london_open_continuation_h4_atr075,london_open,continuation,4,2023-08-30 08:00:00+00:00,2023-08-30 12:00:00+00:00,-1,-8.709521782318827
stage36b_london_open_reversal_h4_atr075,london_open,reversal,4,2023-08-30 08:00:00+00:00,2023-08-30 12:00:00+00:00,1,8.709521782318827
stage36b_ny_open_continuation_h4_atr075,ny_open,continuation,4,2023-08-30 13:00:00+00:00,2023-08-30 17:00:00+00:00,-1,-28.710280373832365
stage36b_ny_open_reversal_h4_atr075,ny_open,reversal,4,2023-08-30 13:00:00+00:00,2023-08-30 17:00:00+00:00,1,28.710280373832365
stage36b_ny_late_reversal_h8_atr075,ny_late,reversal,8,2023-08-30 18:00:00+00:00,2023-08-31 02:00:00+00:00,1,-1.460076045626964
stage36b_ny_late_continuation_h8_atr075,ny_late,continuation,8,2023-08-30 18:00:00+00:00,2023-08-31 02:00:00+00:00,-1,1.460076045626964
stage36b_london_open_continuation_h4_atr075,london_open,continuation,4,2023-08-31 08:00:00+00:00,2023-08-31 12:00:00+00:00,-1,1.8042690293996348
stage36b_london_open_reversal_h4_atr075,london_open,reversal,4,2023-08-31 08:00:00+00:00,2023-08-31 12:00:00+00:00,1,-1.8042690293996348
stage36b_ny_open_continuation_h4_atr075,ny_open,continuation,4,2023-08-31 13:00:00+00:00,2023-08-31 17:00:00+00:00,-1,4.061866666666973
stage36b_ny_open_reversal_h4_atr075,ny_open,reversal,4,2023-08-31 13:00:00+00:00,2023-08-31 17:00:00+00:00,1,-4.061866666666973
stage36b_ny_late_reversal_h8_atr075,ny_late,reversal,8,2023-08-31 18:00:00+00:00,2023-09-01 02:00:00+00:00,1,-1.6960519199565465
stage36b_ny_late_continuation_h8_atr075,ny_late,continuation,8,2023-08-31 18:00:00+00:00,2023-09-01 02:00:00+00:00,-1,1.6960519199565465
stage36b_london_open_continuation_h4_atr075,london_open,continuation,4,2023-09-01 08:00:00+00:00,2023-09-01 12:00:00+00:00,-1,-12.62010896483381
stage36b_london_open_reversal_h4_atr075,london_open,reversal,4,2023-09-01 08:00:00+00:00,2023-09-01 12:00:00+00:00,1,12.62010896483381
stage36b_ny_open_continuation_h4_atr075,ny_open,continuation,4,2023-09-01 13:00:00+00:00,2023-09-01 17:00:00+00:00,1,-11.633851468048272
stage36b_ny_open_reversal_h4_atr075,ny_open,reversal,4,2023-09-01 13:00:00+00:00,2023-09-01 17:00:00+00:00,-1,11.633851468048272
stage36b_ny_late_reversal_h8_atr075,ny_late,reversal,8,2023-09-01 18:00:00+00:00,2023-09-04 02:00:00+00:00,1,2.4761543806455806
stage36b_ny_late_continuation_h8_atr075,ny_late,continuation,8,2023-09-01 18:00:00+00:00,2023-09-04 02:00:00+00:00,-1,-2.4761543806455806
stage36b_london_open_continuation_h4_atr075,london_open,continuation,4,2023-09-04 08:00:00+00:00,2023-09-04 12:00:00+00:00,-1,10.027247956402807
stage36b_london_open_reversal_h4_atr075,london_open,reversal,4,2023-09-04 08:00:00+00:00,2023-09-04 12:00:00+00:00,1,-10.027247956402807
stage36b_ny_open_continuation_h4_atr075,ny_open,continuation,4,2023-09-04 13:00:00+00:00,2023-09-04 17:00:00+00:00,-1,5.797018485390669
stage36b_ny_open_reversal_h4_atr075,ny_open,reversal,4,2023-09-04 13:00:00+00:00,2023-09-04 17:00:00+00:00,1,-5.797018485390669
stage36b_ny_late_reversal_h8_atr075,ny_late,reversal,8,2023-09-04 18:00:00+00:00,2023-09-05 03:00:00+00:00,-1,2.385259631490377
stage36b_ny_late_continuation_h8_atr075,ny_late,continuation,8,2023-09-04 18:00:00+00:00,2023-09-05 03:00:00+00:00,1,-2.385259631490377
stage36b_london_open_continuation_h4_atr075,london_open,continuation,4,2023-09-05 08:00:00+00:00,2023-09-05 12:00:00+00:00,-1,22.78337408312982
stage36b_london_open_reversal_h4_atr075,london_open,reversal,4,2023-09-05 08:00:00+00:00,2023-09-05 12:00:00+00:00,1,-22.78337408312982
stage36b_ny_open_continuation_h4_atr075,ny_open,continuation,4,2023-09-05 13:00:00+00:00,2023-09-05 17:00:00+00:00,1,-9.33018124507501
stage36b_ny_open_reversal_h4_atr075,ny_open,reversal,4,2023-09-05 13:00:00+00:00,2023-09-05 17:00:00+00:00,-1,9.33018124507501
stage36b_ny_late_reversal_h8_atr075,ny_late,reversal,8,2023-09-05 18:00:00+00:00,2023-09-06 02:00:00+00:00,1,0.7504187604691014
stage36b_ny_late_continuation_h8_atr075,ny_late,continuation,8,2023-09-05 18:00:00+00:00,2023-09-06 02:00:00+00:00,-1,-0.7504187604691014
stage36b_london_open_continuation_h4_atr075,london_open,continuation,4,2023-09-06 08:00:00+00:00,2023-09-06 12:00:00+00:00,1,-10.370370370370159
stage36b_london_open_reversal_h4_atr075,london_open,reversal,4,2023-09-06 08:00:00+00:00,2023-09-06 12:00:00+00:00,-1,10.370370370370159
stage36b_ny_open_continuation_h4_atr075,ny_open,continuation,4,2023-09-06 13:00:00+00:00,2023-09-06 17:00:00+00:00,1,-23.713997985901525
stage36b_ny_open_reversal_h4_atr075,ny_open,reversal,4,2023-09-06 13:00:00+00:00,2023-09-06 17:00:00+00:00,-1,23.713997985901525
stage36b_ny_late_reversal_h8_atr075,ny_late,reversal,8,2023-09-06 18:00:00+00:00,2023-09-07 02:00:00+00:00,1,0.4115125535823341
stage36b_ny_late_continuation_h8_atr075,ny_late,continuation,8,2023-09-06 18:00:00+00:00,2023-09-07 02:00:00+00:00,-1,-0.4115125535823341
stage36b_london_open_continuation_h4_atr075,london_open,continuation,4,2023-09-07 08:00:00+00:00,2023-09-07 12:00:00+00:00,-1,-7.491183266447808
stage36b_london_open_reversal_h4_atr075,london_open,reversal,4,2023-09-07 08:00:00+00:00,2023-09-07 12:00:00+00:00,1,7.491183266447808
stage36b_ny_open_continuation_h4_atr075,ny_open,continuation,4,2023-09-07 13:00:00+00:00,2023-09-07 17:00:00+00:00,-1,5.947971424720391
stage36b_ny_open_reversal_h4_atr075,ny_open,reversal,4,2023-09-07 13:00:00+00:00,2023-09-07 17:00:00+00:00,1,-5.947971424720391
stage36b_ny_late_reversal_h8_atr075,ny_late,reversal,8,2023-09-07 18:00:00+00:00,2023-09-08 02:00:00+00:00,-1,1.3260976813020424
stage36b_ny_late_continuation_h8_atr075,ny_late,continuation,8,2023-09-07 18:00:00+00:00,2023-09-08 02:00:00+00:00,1,-1.3260976813020424
stage36b_london_open_continuation_h4_atr075,london_open,continuation,4,2023-09-08 08:00:00+00:00,2023-09-08 12:00:00+00:00,1,-1.1777940816827475
stage36b_london_open_reversal_h4_atr075,london_open,reversal,4,2023-09-08 08:00:00+00:00,2023-09-08 12:00:00+00:00,-1,1.1777940816827475
stage36b_ny_open_continuation_h4_atr075,ny_open,continuation,4,2023-09-08 13:00:00+00:00,2023-09-08 17:00:00+00:00,-1,-0.9587109768376254
stage36b_ny_open_reversal_h4_atr075,ny_open,reversal,4,2023-09-08 13:00:00+00:00,2023-09-08 17:00:00+00:00,1,0.9587109768376254
stage36b_ny_late_reversal_h8_atr075,ny_late,reversal,8,2023-09-08 18:00:00+00:00,2023-09-11 02:00:00+00:00,1,-1.3711452037811174
stage36b_ny_late_continuation_h8_atr075,ny_late,continuation,8,2023-09-08 18:00:00+00:00,2023-09-11 02:00:00+00:00,-1,1.3711452037811174
stage36b_london_open_continuation_h4_atr075,london_open,continuation,4,2023-09-11 08:00:00+00:00,2023-09-11 12:00:00+00:00,1,-5.054631828978552
stage36b_london_open_reversal_h4_atr075,london_open,reversal,4,2023-09-11 08:00:00+00:00,2023-09-11 12:00:00+00:00,-1,5.054631828978552
stage36b_ny_open_continuation_h4_atr075,ny_open,continuation,4,2023-09-11 13:00:00+00:00,2023-09-11 17:00:00+00:00,1,-6.520929391555992
stage36b_ny_open_reversal_h4_atr075,ny_open,reversal,4,2023-09-11 13:00:00+00:00,2023-09-11 17:00:00+00:00,-1,6.520929391555992
stage36b_ny_late_reversal_h8_atr075,ny_late,reversal,8,2023-09-11 18:00:00+00:00,2023-09-12 02:00:00+00:00,-1,2.551623848764085
stage36b_ny_late_continuation_h8_atr075,ny_late,continuation,8,2023-09-11 18:00:00+00:00,2023-09-12 02:00:00+00:00,1,-2.551623848764085
stage36b_london_open_continuation_h4_atr075,london_open,continuation,4,2023-09-12 08:00:00+00:00,2023-09-12 12:00:00+00:00,-1,3.4376381844187476
stage36b_london_open_reversal_h4_atr075,london_open,reversal,4,2023-09-12 08:00:00+00:00,2023-09-12 12:00:00+00:00,1,-3.4376381844187476
stage36b_ny_open_continuation_h4_atr075,ny_open,continuation,4,2023-09-12 13:00:00+00:00,2023-09-12 17:00:00+00:00,-1,9.133154602323618
stage36b_ny_open_reversal_h4_atr075,ny_open,reversal,4,2023-09-12 13:00:00+00:00,2023-09-12 17:00:00+00:00,1,-9.133154602323618
stage36b_ny_late_reversal_h8_atr075,ny_late,reversal,8,2023-09-12 18:00:00+00:00,2023-09-13 02:00:00+00:00,-1,-0.6994535519127155
stage36b_ny_late_continuation_h8_atr075,ny_late,continuation,8,2023-09-12 18:00:00+00:00,2023-09-13 02:00:00+00:00,1,0.6994535519127155
stage36b_london_open_continuation_h4_atr075,london_open,continuation,4,2023-09-13 08:00:00+00:00,2023-09-13 12:00:00+00:00,-1,-2.8217054263570396
stage36b_london_open_reversal_h4_atr075,london_open,reversal,4,2023-09-13 08:00:00+00:00,2023-09-13 12:00:00+00:00,1,2.8217054263570396
stage36b_ny_open_continuation_h4_atr075,ny_open,continuation,4,2023-09-13 13:00:00+00:00,2023-09-13 17:00:00+00:00,1,0.4085727314183544
stage36b_ny_open_reversal_h4_atr075,ny_open,reversal,4,2023-09-13 13:00:00+00:00,2023-09-13 17:00:00+00:00,-1,-0.4085727314183544
stage36b_ny_late_reversal_h8_atr075,ny_late,reversal,8,2023-09-13 18:00:00+00:00,2023-09-14 02:00:00+00:00,1,-2.0447867636570662
stage36b_ny_late_continuation_h8_atr075,ny_late,continuation,8,2023-09-13 18:00:00+00:00,2023-09-14 02:00:00+00:00,-1,2.0447867636570662
stage36b_london_open_continuation_h4_atr075,london_open,continuation,4,2023-09-14 08:00:00+00:00,2023-09-14 12:00:00+00:00,-1,4.1635687732344095
stage36b_london_open_reversal_h4_atr075,london_open,reversal,4,2023-09-14 08:00:00+00:00,2023-09-14 12:00:00+00:00,1,-4.1635687732344095
stage36b_ny_open_continuation_h4_atr075,ny_open,continuation,4,2023-09-14 13:00:00+00:00,2023-09-14 17:00:00+00:00,1,-1.3611111111109773
stage36b_ny_open_reversal_h4_atr075,ny_open,reversal,4,2023-09-14 13:00:00+00:00,2023-09-14 17:00:00+00:00,-1,1.3611111111109773
stage36b_ny_late_reversal_h8_atr075,ny_late,reversal,8,2023-09-14 18:00:00+00:00,2023-09-15 02:00:00+00:00,1,2.6180868429646957
stage36b_ny_late_continuation_h8_atr075,ny_late,continuation,8,2023-09-14 18:00:00+00:00,2023-09-15 02:00:00+00:00,-1,-2.6180868429646957
stage36b_london_open_continuation_h4_atr075,london_open,continuation,4,2023-09-15 08:00:00+00:00,2023-09-15 12:00:00+00:00,1,5.023278488726716
stage36b_london_open_reversal_h4_atr075,london_open,reversal,4,2023-09-15 08:00:00+00:00,2023-09-15 12:00:00+00:00,-1,-5.023278488726716
stage36b_ny_open_continuation_h4_atr075,ny_open,continuation,4,2023-09-15 13:00:00+00:00,2023-09-15 17:00:00+00:00,-1,-30.882502728264626
stage36b_ny_open_reversal_h4_atr075,ny_open,reversal,4,2023-09-15 13:00:00+00:00,2023-09-15 17:00:00+00:00,1,30.882502728264626
stage36b_ny_late_reversal_h8_atr075,ny_late,reversal,8,2023-09-15 18:00:00+00:00,2023-09-18 02:00:00+00:00,1,-5.3356859285399185
stage36b_ny_late_continuation_h8_atr075,ny_late,continuation,8,2023-09-15 18:00:00+00:00,2023-09-18 02:00:00+00:00,-1,5.3356859285399185
stage36b_london_open_continuation_h4_atr075,london_open,continuation,4,2023-09-18 08:00:00+00:00,2023-09-18 12:00:00+00:00,1,-7.597286683327565
stage36b_london_open_reversal_h4_atr075,london_open,reversal,4,2023-09-18 08:00:00+00:00,2023-09-18 12:00:00+00:00,-1,7.597286683327565
stage36b_ny_open_continuation_h4_atr075,ny_open,continuation,4,2023-09-18 13:00:00+00:00,2023-09-18 17:00:00+00:00,-1,-0.1663572224283653
stage36b_ny_open_reversal_h4_atr075,ny_open,reversal,4,2023-09-18 13:00:00+00:00,2023-09-18 17:00:00+00:00,1,0.1663572224283653
stage36b_ny_late_reversal_h8_atr075,ny_late,reversal,8,2023-09-18 18:00:00+00:00,2023-09-19 02:00:00+00:00,-1,-9.968689533860967
stage36b_ny_late_continuation_h8_atr075,ny_late,continuation,8,2023-09-18 18:00:00+00:00,2023-09-19 02:00:00+00:00,1,9.968689533860967
stage36b_london_open_continuation_h4_atr075,london_open,continuation,4,2023-09-19 08:00:00+00:00,2023-09-19 12:00:00+00:00,-1,-15.09766162310805
stage36b_london_open_reversal_h4_atr075,london_open,reversal,4,2023-09-19 08:00:00+00:00,2023-09-19 12:00:00+00:00,1,15.09766162310805
stage36b_ny_open_continuation_h4_atr075,ny_open,continuation,4,2023-09-19 13:00:00+00:00,2023-09-19 17:00:00+00:00,1,-1.4371536891223347
stage36b_ny_open_reversal_h4_atr075,ny_open,reversal,4,2023-09-19 13:00:00+00:00,2023-09-19 17:00:00+00:00,-1,1.4371536891223347
stage36b_ny_late_reversal_h8_atr075,ny_late,reversal,8,2023-09-19 18:00:00+00:00,2023-09-20 02:00:00+00:00,1,-4.1077229382793154
stage36b_ny_late_continuation_h8_atr075,ny_late,continuation,8,2023-09-19 18:00:00+00:00,2023-09-20 02:00:00+00:00,-1,4.1077229382793154
stage36b_london_open_continuation_h4_atr075,london_open,continuation,4,2023-09-20 08:00:00+00:00,2023-09-20 12:00:00+00:00,1,2.3322770484383764
stage36b_london_open_reversal_h4_atr075,london_open,reversal,4,2023-09-20 08:00:00+00:00,2023-09-20 12:00:00+00:00,-1,-2.3322770484383764
stage36b_ny_open_continuation_h4_atr075,ny_open,continuation,4,2023-09-20 13:00:00+00:00,2023-09-20 17:00:00+00:00,1,36.64405324173383
stage36b_ny_open_reversal_h4_atr075,ny_open,reversal,4,2023-09-20 13:00:00+00:00,2023-09-20 17:00:00+00:00,-1,-36.64405324173383
stage36b_ny_late_reversal_h8_atr075,ny_late,reversal,8,2023-09-20 18:00:00+00:00,2023-09-21 02:00:00+00:00,1,-22.744558991981563
stage36b_ny_late_continuation_h8_atr075,ny_late,continuation,8,2023-09-20 18:00:00+00:00,2023-09-21 02:00:00+00:00,-1,22.744558991981563
stage36b_london_open_continuation_h4_atr075,london_open,continuation,4,2023-09-21 08:00:00+00:00,2023-09-21 12:00:00+00:00,1,-6.152657004830951
stage36b_london_open_reversal_h4_atr075,london_open,reversal,4,2023-09-21 08:00:00+00:00,2023-09-21 12:00:00+00:00,-1,6.152657004830951
stage36b_ny_open_continuation_h4_atr075,ny_open,continuation,4,2023-09-21 13:00:00+00:00,2023-09-21 17:00:00+00:00,1,-10.700228832951916
stage36b_ny_open_reversal_h4_atr075,ny_open,reversal,4,2023-09-21 13:00:00+00:00,2023-09-21 17:00:00+00:00,-1,10.700228832951916
stage36b_ny_late_reversal_h8_atr075,ny_late,reversal,8,2023-09-21 18:00:00+00:00,2023-09-22 02:00:00+00:00,1,5.745868041782127
stage36b_ny_late_continuation_h8_atr075,ny_late,continuation,8,2023-09-21 18:00:00+00:00,2023-09-22 02:00:00+00:00,-1,-5.745868041782127
stage36b_london_open_continuation_h4_atr075,london_open,continuation,4,2023-09-22 08:00:00+00:00,2023-09-22 12:00:00+00:00,1,2.2026387851629203
stage36b_london_open_reversal_h4_atr075,london_open,reversal,4,2023-09-22 08:00:00+00:00,2023-09-22 12:00:00+00:00,-1,-2.2026387851629203
stage36b_ny_open_continuation_h4_atr075,ny_open,continuation,4,2023-09-22 13:00:00+00:00,2023-09-22 17:00:00+00:00,-1,-9.336602451839246
stage36b_ny_open_reversal_h4_atr075,ny_open,reversal,4,2023-09-22 13:00:00+00:00,2023-09-22 17:00:00+00:00,1,9.336602451839246
stage36b_ny_late_reversal_h8_atr075,ny_late,reversal,8,2023-09-22 18:00:00+00:00,2023-09-25 02:00:00+00:00,1,-6.763037511436391
stage36b_ny_late_continuation_h8_atr075,ny_late,continuation,8,2023-09-22 18:00:00+00:00,2023-09-25 02:00:00+00:00,-1,6.763037511436391
stage36b_london_open_continuation_h4_atr075,london_open,continuation,4,2023-09-25 08:00:00+00:00,2023-09-25 12:00:00+00:00,-1,-3.4956878850105215
stage36b_london_open_reversal_h4_atr075,london_open,reversal,4,2023-09-25 08:00:00+00:00,2023-09-25 12:00:00+00:00,1,3.4956878850105215
stage36b_ny_open_continuation_h4_atr075,ny_open,continuation,4,2023-09-25 13:00:00+00:00,2023-09-25 17:00:00+00:00,1,-19.89121989121976
stage36b_ny_open_reversal_h4_atr075,ny_open,reversal,4,2023-09-25 13:00:00+00:00,2023-09-25 17:00:00+00:00,-1,19.89121989121976
stage36b_ny_late_reversal_h8_atr075,ny_late,reversal,8,2023-09-25 18:00:00+00:00,2023-09-26 02:00:00+00:00,-1,2.1132075471694503
stage36b_ny_late_continuation_h8_atr075,ny_late,continuation,8,2023-09-25 18:00:00+00:00,2023-09-26 02:00:00+00:00,1,-2.1132075471694503
stage36b_london_open_continuation_h4_atr075,london_open,continuation,4,2023-09-26 08:00:00+00:00,2023-09-26 12:00:00+00:00,-1,1.8808618504442924
stage36b_london_open_reversal_h4_atr075,london_open,reversal,4,2023-09-26 08:00:00+00:00,2023-09-26 12:00:00+00:00,1,-1.8808618504442924
stage36b_ny_open_continuation_h4_atr075,ny_open,continuation,4,2023-09-26 13:00:00+00:00,2023-09-26 17:00:00+00:00,-1,15.161323155215946
stage36b_ny_open_reversal_h4_atr075,ny_open,reversal,4,2023-09-26 13:00:00+00:00,2023-09-26 17:00:00+00:00,1,-15.161323155215946
stage36b_ny_late_reversal_h8_atr075,ny_late,reversal,8,2023-09-26 18:00:00+00:00,2023-09-27 02:00:00+00:00,1,-1.3512837489883534
stage36b_ny_late_continuation_h8_atr075,ny_late,continuation,8,2023-09-26 18:00:00+00:00,2023-09-27 02:00:00+00:00,-1,1.3512837489883534
stage36b_london_open_continuation_h4_atr075,london_open,continuation,4,2023-09-27 08:00:00+00:00,2023-09-27 12:00:00+00:00,-1,1.7114167212394613
stage36b_london_open_reversal_h4_atr075,london_open,reversal,4,2023-09-27 08:00:00+00:00,2023-09-27 12:00:00+00:00,1,-1.7114167212394613
stage36b_ny_open_continuation_h4_atr075,ny_open,continuation,4,2023-09-27 13:00:00+00:00,2023-09-27 17:00:00+00:00,-1,22.59156590976136
stage36b_ny_open_reversal_h4_atr075,ny_open,reversal,4,2023-09-27 13:00:00+00:00,2023-09-27 17:00:00+00:00,1,-22.59156590976136
stage36b_ny_late_reversal_h8_atr075,ny_late,reversal,8,2023-09-27 18:00:00+00:00,2023-09-28 02:00:00+00:00,1,-6.216922203293317
stage36b_ny_late_continuation_h8_atr075,ny_late,continuation,8,2023-09-27 18:00:00+00:00,2023-09-28 02:00:00+00:00,-1,6.216922203293317
stage36b_london_open_continuation_h4_atr075,london_open,continuation,4,2023-09-28 08:00:00+00:00,2023-09-28 12:00:00+00:00,1,-2.165069759623205
stage36b_london_open_reversal_h4_atr075,london_open,reversal,4,2023-09-28 08:00:00+00:00,2023-09-28 12:00:00+00:00,-1,2.165069759623205
stage36b_ny_open_continuation_h4_atr075,ny_open,continuation,4,2023-09-28 13:00:00+00:00,2023-09-28 17:00:00+00:00,-1,21.222222222222033
stage36b_ny_open_reversal_h4_atr075,ny_open,reversal,4,2023-09-28 13:00:00+00:00,2023-09-28 17:00:00+00:00,1,-21.222222222222033
stage36b_ny_late_reversal_h8_atr075,ny_late,reversal,8,2023-09-28 18:00:00+00:00,2023-09-29 02:00:00+00:00,1,2.384357283350587
stage36b_ny_late_continuation_h8_atr075,ny_late,continuation,8,2023-09-28 18:00:00+00:00,2023-09-29 02:00:00+00:00,-1,-2.384357283350587
stage36b_london_open_continuation_h4_atr075,london_open,continuation,4,2023-09-29 08:00:00+00:00,2023-09-29 12:00:00+00:00,1,11.61154855643072
stage36b_london_open_reversal_h4_atr075,london_open,reversal,4,2023-09-29 08:00:00+00:00,2023-09-29 12:00:00+00:00,-1,-11.61154855643072
stage36b_ny_open_continuation_h4_atr075,ny_open,continuation,4,2023-09-29 13:00:00+00:00,2023-09-29 17:00:00+00:00,-1,21.98902606310029
stage36b_ny_open_reversal_h4_atr075,ny_open,reversal,4,2023-09-29 13:00:00+00:00,2023-09-29 17:00:00+00:00,1,-21.98902606310029
stage36b_ny_late_reversal_h8_atr075,ny_late,reversal,8,2023-09-29 18:00:00+00:00,2023-10-02 02:00:00+00:00,1,-7.105340808497861
stage36b_ny_late_continuation_h8_atr075,ny_late,continuation,8,2023-09-29 18:00:00+00:00,2023-10-02 02:00:00+00:00,-1,7.105340808497861
stage36b_london_open_continuation_h4_atr075,london_open,continuation,4,2023-10-02 08:00:00+00:00,2023-10-02 12:00:00+00:00,-1,8.623474178403988
stage36b_london_open_reversal_h4_atr075,london_open,reversal,4,2023-10-02 08:00:00+00:00,2023-10-02 12:00:00+00:00,1,-8.623474178403988
stage36b_ny_open_continuation_h4_atr075,ny_open,continuation,4,2023-10-02 13:00:00+00:00,2023-10-02 17:00:00+00:00,-1,6.1787569407127405
stage36b_ny_open_reversal_h4_atr075,ny_open,reversal,4,2023-10-02 13:00:00+00:00,2023-10-02 17:00:00+00:00,1,-6.1787569407127405
stage36b_ny_late_reversal_h8_atr075,ny_late,reversal,8,2023-10-02 18:00:00+00:00,2023-10-03 02:00:00+00:00,-1,7.83438212494306
stage36b_ny_late_continuation_h8_atr075,ny_late,continuation,8,2023-10-02 18:00:00+00:00,2023-10-03 02:00:00+00:00,1,-7.83438212494306
stage36b_london_open_continuation_h4_atr075,london_open,continuation,4,2023-10-03 08:00:00+00:00,2023-10-03 12:00:00+00:00,-1,-9.72595325953247
stage36b_london_open_reversal_h4_atr075,london_open,reversal,4,2023-10-03 08:00:00+00:00,2023-10-03 12:00:00+00:00,1,9.72595325953247
stage36b_ny_open_continuation_h4_atr075,ny_open,continuation,4,2023-10-03 13:00:00+00:00,2023-10-03 17:00:00+00:00,-1,-0.7201054018444116
stage36b_ny_open_reversal_h4_atr075,ny_open,reversal,4,2023-10-03 13:00:00+00:00,2023-10-03 17:00:00+00:00,1,0.7201054018444116
stage36b_ny_late_reversal_h8_atr075,ny_late,reversal,8,2023-10-03 18:00:00+00:00,2023-10-04 02:00:00+00:00,1,-1.564633068081481
stage36b_ny_late_continuation_h8_atr075,ny_late,continuation,8,2023-10-03 18:00:00+00:00,2023-10-04 02:00:00+00:00,-1,1.564633068081481
stage36b_london_open_continuation_h4_atr075,london_open,continuation,4,2023-10-04 08:00:00+00:00,2023-10-04 12:00:00+00:00,-1,-1.6851540616247442
stage36b_london_open_reversal_h4_atr075,london_open,reversal,4,2023-10-04 08:00:00+00:00,2023-10-04 12:00:00+00:00,1,1.6851540616247442
stage36b_ny_open_continuation_h4_atr075,ny_open,continuation,4,2023-10-04 13:00:00+00:00,2023-10-04 17:00:00+00:00,1,-7.852584269663029
stage36b_ny_open_reversal_h4_atr075,ny_open,reversal,4,2023-10-04 13:00:00+00:00,2023-10-04 17:00:00+00:00,-1,7.852584269663029
stage36b_ny_late_reversal_h8_atr075,ny_late,reversal,8,2023-10-04 18:00:00+00:00,2023-10-05 02:00:00+00:00,-1,1.588407584399691
stage36b_ny_late_continuation_h8_atr075,ny_late,continuation,8,2023-10-04 18:00:00+00:00,2023-10-05 02:00:00+00:00,1,-1.588407584399691
stage36b_london_open_continuation_h4_atr075,london_open,continuation,4,2023-10-05 08:00:00+00:00,2023-10-05 12:00:00+00:00,-1,8.324655973354345
stage36b_london_open_reversal_h4_atr075,london_open,reversal,4,2023-10-05 08:00:00+00:00,2023-10-05 12:00:00+00:00,1,-8.324655973354345
stage36b_ny_open_continuation_h4_atr075,ny_open,continuation,4,2023-10-05 13:00:00+00:00,2023-10-05 17:00:00+00:00,1,-6.68508678710564
stage36b_ny_open_reversal_h4_atr075,ny_open,reversal,4,2023-10-05 13:00:00+00:00,2023-10-05 17:00:00+00:00,-1,6.68508678710564
stage36b_ny_late_reversal_h8_atr075,ny_late,reversal,8,2023-10-05 18:00:00+00:00,2023-10-06 02:00:00+00:00,1,7.393249381864134
stage36b_ny_late_continuation_h8_atr075,ny_late,continuation,8,2023-10-05 18:00:00+00:00,2023-10-06 02:00:00+00:00,-1,-7.393249381864134
stage36b_london_open_continuation_h4_atr075,london_open,continuation,4,2023-10-06 08:00:00+00:00,2023-10-06 12:00:00+00:00,-1,2.114146124806026
stage36b_london_open_reversal_h4_atr075,london_open,reversal,4,2023-10-06 08:00:00+00:00,2023-10-06 12:00:00+00:00,1,-2.114146124806026
stage36b_ny_open_continuation_h4_atr075,ny_open,continuation,4,2023-10-06 13:00:00+00:00,2023-10-06 17:00:00+00:00,1,2.121965660154005
stage36b_ny_open_reversal_h4_atr075,ny_open,reversal,4,2023-10-06 13:00:00+00:00,2023-10-06 17:00:00+00:00,-1,-2.121965660154005
stage36b_ny_late_reversal_h8_atr075,ny_late,reversal,8,2023-10-06 18:00:00+00:00,2023-10-09 02:00:00+00:00,-1,-16.345312797109592
stage36b_ny_late_continuation_h8_atr075,ny_late,continuation,8,2023-10-06 18:00:00+00:00,2023-10-09 02:00:00+00:00,1,16.345312797109592
stage36b_london_open_continuation_h4_atr075,london_open,continuation,4,2023-10-09 08:00:00+00:00,2023-10-09 12:00:00+00:00,1,-0.41430332922322133
stage36b_london_open_reversal_h4_atr075,london_open,reversal,4,2023-10-09 08:00:00+00:00,2023-10-09 12:00:00+00:00,-1,0.41430332922322133
stage36b_ny_open_continuation_h4_atr075,ny_open,continuation,4,2023-10-09 13:00:00+00:00,2023-10-09 17:00:00+00:00,-1,-2.60225442834136
stage36b_ny_open_reversal_h4_atr075,ny_open,reversal,4,2023-10-09 13:00:00+00:00,2023-10-09 17:00:00+00:00,1,2.60225442834136
stage36b_ny_late_reversal_h8_atr075,ny_late,reversal,8,2023-10-09 18:00:00+00:00,2023-10-10 02:00:00+00:00,1,15.811594202898414
stage36b_ny_late_continuation_h8_atr075,ny_late,continuation,8,2023-10-09 18:00:00+00:00,2023-10-10 02:00:00+00:00,-1,-15.811594202898414
stage36b_london_open_continuation_h4_atr075,london_open,continuation,4,2023-10-10 08:00:00+00:00,2023-10-10 12:00:00+00:00,-1,4.32432432432446
stage36b_london_open_reversal_h4_atr075,london_open,reversal,4,2023-10-10 08:00:00+00:00,2023-10-10 12:00:00+00:00,1,-4.32432432432446
stage36b_ny_open_continuation_h4_atr075,ny_open,continuation,4,2023-10-10 13:00:00+00:00,2023-10-10 17:00:00+00:00,-1,0.3471074380166494
stage36b_ny_open_reversal_h4_atr075,ny_open,reversal,4,2023-10-10 13:00:00+00:00,2023-10-10 17:00:00+00:00,1,-0.3471074380166494
stage36b_ny_late_reversal_h8_atr075,ny_late,reversal,8,2023-10-10 18:00:00+00:00,2023-10-11 02:00:00+00:00,-1,2.5025391021732752
stage36b_ny_late_continuation_h8_atr075,ny_late,continuation,8,2023-10-10 18:00:00+00:00,2023-10-11 02:00:00+00:00,1,-2.5025391021732752
stage36b_london_open_continuation_h4_atr075,london_open,continuation,4,2023-10-11 08:00:00+00:00,2023-10-11 12:00:00+00:00,-1,-29.10422535211265
stage36b_london_open_reversal_h4_atr075,london_open,reversal,4,2023-10-11 08:00:00+00:00,2023-10-11 12:00:00+00:00,1,29.10422535211265
stage36b_ny_open_continuation_h4_atr075,ny_open,continuation,4,2023-10-11 13:00:00+00:00,2023-10-11 17:00:00+00:00,1,-5.861205915813354
stage36b_ny_open_reversal_h4_atr075,ny_open,reversal,4,2023-10-11 13:00:00+00:00,2023-10-11 17:00:00+00:00,-1,5.861205915813354
stage36b_ny_late_reversal_h8_atr075,ny_late,reversal,8,2023-10-11 18:00:00+00:00,2023-10-12 02:00:00+00:00,-1,-3.1742627345844596
stage36b_ny_late_continuation_h8_atr075,ny_late,continuation,8,2023-10-11 18:00:00+00:00,2023-10-12 02:00:00+00:00,1,3.1742627345844596
stage36b_london_open_continuation_h4_atr075,london_open,continuation,4,2023-10-12 08:00:00+00:00,2023-10-12 12:00:00+00:00,1,2.2525669524718075
stage36b_london_open_reversal_h4_atr075,london_open,reversal,4,2023-10-12 08:00:00+00:00,2023-10-12 12:00:00+00:00,-1,-2.2525669524718075
stage36b_ny_open_continuation_h4_atr075,ny_open,continuation,4,2023-10-12 13:00:00+00:00,2023-10-12 17:00:00+00:00,1,-20.717022770588873
stage36b_ny_open_reversal_h4_atr075,ny_open,reversal,4,2023-10-12 13:00:00+00:00,2023-10-12 17:00:00+00:00,-1,20.717022770588873
stage36b_ny_late_reversal_h8_atr075,ny_late,reversal,8,2023-10-12 18:00:00+00:00,2023-10-13 02:00:00+00:00,-1,2.586171310629822
stage36b_ny_late_continuation_h8_atr075,ny_late,continuation,8,2023-10-12 18:00:00+00:00,2023-10-13 02:00:00+00:00,1,-2.586171310629822
stage36b_london_open_continuation_h4_atr075,london_open,continuation,4,2023-10-13 08:00:00+00:00,2023-10-13 12:00:00+00:00,1,25.085919358243974
stage36b_london_open_reversal_h4_atr075,london_open,reversal,4,2023-10-13 08:00:00+00:00,2023-10-13 12:00:00+00:00,-1,-25.085919358243974
stage36b_ny_open_continuation_h4_atr075,ny_open,continuation,4,2023-10-13 13:00:00+00:00,2023-10-13 17:00:00+00:00,-1,-63.10794780545646
stage36b_ny_open_reversal_h4_atr075,ny_open,reversal,4,2023-10-13 13:00:00+00:00,2023-10-13 17:00:00+00:00,1,63.10794780545646
stage36b_ny_late_reversal_h8_atr075,ny_late,reversal,8,2023-10-13 18:00:00+00:00,2023-10-16 02:00:00+00:00,-1,-2.3200117113161873
stage36b_ny_late_continuation_h8_atr075,ny_late,continuation,8,2023-10-13 18:00:00+00:00,2023-10-16 02:00:00+00:00,1,2.3200117113161873
stage36b_london_open_continuation_h4_atr075,london_open,continuation,4,2023-10-16 08:00:00+00:00,2023-10-16 12:00:00+00:00,-1,-1.5737416982270978
stage36b_london_open_reversal_h4_atr075,london_open,reversal,4,2023-10-16 08:00:00+00:00,2023-10-16 12:00:00+00:00,1,1.5737416982270978
stage36b_ny_open_continuation_h4_atr075,ny_open,continuation,4,2023-10-16 13:00:00+00:00,2023-10-16 17:00:00+00:00,1,0.2139105522840167
stage36b_ny_open_reversal_h4_atr075,ny_open,reversal,4,2023-10-16 13:00:00+00:00,2023-10-16 17:00:00+00:00,-1,-0.2139105522840167
stage36b_ny_late_reversal_h8_atr075,ny_late,reversal,8,2023-10-16 18:00:00+00:00,2023-10-17 02:00:00+00:00,-1,2.419328419328317
stage36b_ny_late_continuation_h8_atr075,ny_late,continuation,8,2023-10-16 18:00:00+00:00,2023-10-17 02:00:00+00:00,1,-2.419328419328317
stage36b_london_open_continuation_h4_atr075,london_open,continuation,4,2023-10-17 08:00:00+00:00,2023-10-17 12:00:00+00:00,1,12.603336738168128
stage36b_london_open_reversal_h4_atr075,london_open,reversal,4,2023-10-17 08:00:00+00:00,2023-10-17 12:00:00+00:00,-1,-12.603336738168128
stage36b_ny_open_continuation_h4_atr075,ny_open,continuation,4,2023-10-17 13:00:00+00:00,2023-10-17 17:00:00+00:00,1,0.9977364001458879
stage36b_ny_open_reversal_h4_atr075,ny_open,reversal,4,2023-10-17 13:00:00+00:00,2023-10-17 17:00:00+00:00,-1,-0.9977364001458879
stage36b_ny_late_reversal_h8_atr075,ny_late,reversal,8,2023-10-17 18:00:00+00:00,2023-10-18 02:00:00+00:00,-1,2.31252932895357
stage36b_ny_late_continuation_h8_atr075,ny_late,continuation,8,2023-10-17 18:00:00+00:00,2023-10-18 02:00:00+00:00,1,-2.31252932895357
stage36b_london_open_continuation_h4_atr075,london_open,continuation,4,2023-10-18 08:00:00+00:00,2023-10-18 12:00:00+00:00,-1,-9.797348484848326
stage36b_london_open_reversal_h4_atr075,london_open,reversal,4,2023-10-18 08:00:00+00:00,2023-10-18 12:00:00+00:00,1,9.797348484848326
stage36b_ny_open_continuation_h4_atr075,ny_open,continuation,4,2023-10-18 13:00:00+00:00,2023-10-18 17:00:00+00:00,1,2.180876807923943
stage36b_ny_open_reversal_h4_atr075,ny_open,reversal,4,2023-10-18 13:00:00+00:00,2023-10-18 17:00:00+00:00,-1,-2.180876807923943
stage36b_ny_late_reversal_h8_atr075,ny_late,reversal,8,2023-10-18 18:00:00+00:00,2023-10-19 02:00:00+00:00,1,4.9194858449648935
stage36b_ny_late_continuation_h8_atr075,ny_late,continuation,8,2023-10-18 18:00:00+00:00,2023-10-19 02:00:00+00:00,-1,-4.9194858449648935
stage36b_london_open_continuation_h4_atr075,london_open,continuation,4,2023-10-19 08:00:00+00:00,2023-10-19 12:00:00+00:00,-1,-5.084077250714845
stage36b_london_open_reversal_h4_atr075,london_open,reversal,4,2023-10-19 08:00:00+00:00,2023-10-19 12:00:00+00:00,1,5.084077250714845
stage36b_ny_open_continuation_h4_atr075,ny_open,continuation,4,2023-10-19 13:00:00+00:00,2023-10-19 17:00:00+00:00,1,-0.9552542804405489
stage36b_ny_open_reversal_h4_atr075,ny_open,reversal,4,2023-10-19 13:00:00+00:00,2023-10-19 17:00:00+00:00,-1,0.9552542804405489
stage36b_ny_late_reversal_h8_atr075,ny_late,reversal,8,2023-10-19 18:00:00+00:00,2023-10-20 02:00:00+00:00,-1,-23.86782573331272
stage36b_ny_late_continuation_h8_atr075,ny_late,continuation,8,2023-10-19 18:00:00+00:00,2023-10-20 02:00:00+00:00,1,23.86782573331272
stage36b_london_open_continuation_h4_atr075,london_open,continuation,4,2023-10-20 08:00:00+00:00,2023-10-20 12:00:00+00:00,1,4.711263579187989
stage36b_london_open_reversal_h4_atr075,london_open,reversal,4,2023-10-20 08:00:00+00:00,2023-10-20 12:00:00+00:00,-1,-4.711263579187989
stage36b_ny_open_continuation_h4_atr075,ny_open,continuation,4,2023-10-20 13:00:00+00:00,2023-10-20 17:00:00+00:00,1,8.157669237360853
stage36b_ny_open_reversal_h4_atr075,ny_open,reversal,4,2023-10-20 13:00:00+00:00,2023-10-20 17:00:00+00:00,-1,-8.157669237360853
stage36b_ny_late_reversal_h8_atr075,ny_late,reversal,8,2023-10-20 18:00:00+00:00,2023-10-23 01:00:00+00:00,-1,14.530343342201803
stage36b_ny_late_continuation_h8_atr075,ny_late,continuation,8,2023-10-20 18:00:00+00:00,2023-10-23 01:00:00+00:00,1,-14.530343342201803
stage36b_london_open_continuation_h4_atr075,london_open,continuation,4,2023-10-23 08:00:00+00:00,2023-10-23 12:00:00+00:00,1,1.4439283344394183
stage36b_london_open_reversal_h4_atr075,london_open,reversal,4,2023-10-23 08:00:00+00:00,2023-10-23 12:00:00+00:00,-1,-1.4439283344394183
stage36b_ny_open_continuation_h4_atr075,ny_open,continuation,4,2023-10-23 13:00:00+00:00,2023-10-23 17:00:00+00:00,-1,1.1445255474452498
stage36b_ny_open_reversal_h4_atr075,ny_open,reversal,4,2023-10-23 13:00:00+00:00,2023-10-23 17:00:00+00:00,1,-1.1445255474452498
stage36b_ny_late_reversal_h8_atr075,ny_late,reversal,8,2023-10-23 18:00:00+00:00,2023-10-24 02:00:00+00:00,1,-2.016528925619755
stage36b_ny_late_continuation_h8_atr075,ny_late,continuation,8,2023-10-23 18:00:00+00:00,2023-10-24 02:00:00+00:00,-1,2.016528925619755
stage36b_london_open_continuation_h4_atr075,london_open,continuation,4,2023-10-24 08:00:00+00:00,2023-10-24 12:00:00+00:00,1,-15.033761293390441
stage36b_london_open_reversal_h4_atr075,london_open,reversal,4,2023-10-24 08:00:00+00:00,2023-10-24 12:00:00+00:00,-1,15.033761293390441
stage36b_ny_open_continuation_h4_atr075,ny_open,continuation,4,2023-10-24 13:00:00+00:00,2023-10-24 17:00:00+00:00,-1,-2.741331355460793
stage36b_ny_open_reversal_h4_atr075,ny_open,reversal,4,2023-10-24 13:00:00+00:00,2023-10-24 17:00:00+00:00,1,2.741331355460793
stage36b_ny_late_reversal_h8_atr075,ny_late,reversal,8,2023-10-24 18:00:00+00:00,2023-10-25 02:00:00+00:00,-1,-2.9582673005810958
stage36b_ny_late_continuation_h8_atr075,ny_late,continuation,8,2023-10-24 18:00:00+00:00,2023-10-25 02:00:00+00:00,1,2.9582673005810958
stage36b_london_open_continuation_h4_atr075,london_open,continuation,4,2023-10-25 08:00:00+00:00,2023-10-25 12:00:00+00:00,1,-4.6402216345547656
stage36b_london_open_reversal_h4_atr075,london_open,reversal,4,2023-10-25 08:00:00+00:00,2023-10-25 12:00:00+00:00,-1,4.6402216345547656
stage36b_ny_open_continuation_h4_atr075,ny_open,continuation,4,2023-10-25 13:00:00+00:00,2023-10-25 17:00:00+00:00,1,5.85069379041886
stage36b_ny_open_reversal_h4_atr075,ny_open,reversal,4,2023-10-25 13:00:00+00:00,2023-10-25 17:00:00+00:00,-1,-5.85069379041886
stage36b_ny_late_reversal_h8_atr075,ny_late,reversal,8,2023-10-25 18:00:00+00:00,2023-10-26 02:00:00+00:00,-1,-1.4193891102258158
stage36b_ny_late_continuation_h8_atr075,ny_late,continuation,8,2023-10-25 18:00:00+00:00,2023-10-26 02:00:00+00:00,1,1.4193891102258158
stage36b_london_open_continuation_h4_atr075,london_open,continuation,4,2023-10-26 08:00:00+00:00,2023-10-26 12:00:00+00:00,-1,-6.8657415972861635
stage36b_london_open_reversal_h4_atr075,london_open,reversal,4,2023-10-26 08:00:00+00:00,2023-10-26 12:00:00+00:00,1,6.8657415972861635
stage36b_ny_open_continuation_h4_atr075,ny_open,continuation,4,2023-10-26 13:00:00+00:00,2023-10-26 17:00:00+00:00,-1,10.34362381138481
stage36b_ny_open_reversal_h4_atr075,ny_open,reversal,4,2023-10-26 13:00:00+00:00,2023-10-26 17:00:00+00:00,1,-10.34362381138481
stage36b_ny_late_reversal_h8_atr075,ny_late,reversal,8,2023-10-26 18:00:00+00:00,2023-10-27 02:00:00+00:00,-1,-4.095045591339826
stage36b_ny_late_continuation_h8_atr075,ny_late,continuation,8,2023-10-26 18:00:00+00:00,2023-10-27 02:00:00+00:00,1,4.095045591339826
stage36b_london_open_continuation_h4_atr075,london_open,continuation,4,2023-10-27 08:00:00+00:00,2023-10-27 12:00:00+00:00,-1,4.9867629362214885
stage36b_london_open_reversal_h4_atr075,london_open,reversal,4,2023-10-27 08:00:00+00:00,2023-10-27 12:00:00+00:00,1,-4.9867629362214885
stage36b_ny_open_continuation_h4_atr075,ny_open,continuation,4,2023-10-27 13:00:00+00:00,2023-10-27 17:00:00+00:00,-1,-2.507529999194403
stage36b_ny_open_reversal_h4_atr075,ny_open,reversal,4,2023-10-27 13:00:00+00:00,2023-10-27 17:00:00+00:00,1,2.507529999194403
stage36b_ny_late_reversal_h8_atr075,ny_late,reversal,8,2023-10-27 18:00:00+00:00,2023-10-30 00:00:00+00:00,1,27.75635224503955
stage36b_ny_late_continuation_h8_atr075,ny_late,continuation,8,2023-10-27 18:00:00+00:00,2023-10-30 00:00:00+00:00,-1,-27.75635224503955
stage36b_london_open_continuation_h4_atr075,london_open,continuation,4,2023-10-30 08:00:00+00:00,2023-10-30 12:00:00+00:00,-1,1.1824551300507817
stage36b_london_open_reversal_h4_atr075,london_open,reversal,4,2023-10-30 08:00:00+00:00,2023-10-30 12:00:00+00:00,1,-1.1824551300507817
stage36b_ny_open_continuation_h4_atr075,ny_open,continuation,4,2023-10-30 13:00:00+00:00,2023-10-30 17:00:00+00:00,1,4.4747510251905105
stage36b_ny_open_reversal_h4_atr075,ny_open,reversal,4,2023-10-30 13:00:00+00:00,2023-10-30 17:00:00+00:00,-1,-4.4747510251905105
stage36b_ny_late_reversal_h8_atr075,ny_late,reversal,8,2023-10-30 18:00:00+00:00,2023-10-31 02:00:00+00:00,1,-3.9495044340115975
stage36b_ny_late_continuation_h8_atr075,ny_late,continuation,8,2023-10-30 18:00:00+00:00,2023-10-31 02:00:00+00:00,-1,3.9495044340115975
stage36b_london_open_continuation_h4_atr075,london_open,continuation,4,2023-10-31 08:00:00+00:00,2023-10-31 12:00:00+00:00,1,10.320751373383011
stage36b_london_open_reversal_h4_atr075,london_open,reversal,4,2023-10-31 08:00:00+00:00,2023-10-31 12:00:00+00:00,-1,-10.320751373383011
stage36b_ny_open_continuation_h4_atr075,ny_open,continuation,4,2023-10-31 13:00:00+00:00,2023-10-31 17:00:00+00:00,-1,11.207851384507485
stage36b_ny_open_reversal_h4_atr075,ny_open,reversal,4,2023-10-31 13:00:00+00:00,2023-10-31 17:00:00+00:00,1,-11.207851384507485
stage36b_ny_late_reversal_h8_atr075,ny_late,reversal,8,2023-10-31 18:00:00+00:00,2023-11-01 02:00:00+00:00,1,-12.049823830082689
stage36b_ny_late_continuation_h8_atr075,ny_late,continuation,8,2023-10-31 18:00:00+00:00,2023-11-01 02:00:00+00:00,-1,12.049823830082689
stage36b_london_open_continuation_h4_atr075,london_open,continuation,4,2023-11-01 08:00:00+00:00,2023-11-01 12:00:00+00:00,1,4.815173867228502
stage36b_london_open_reversal_h4_atr075,london_open,reversal,4,2023-11-01 08:00:00+00:00,2023-11-01 12:00:00+00:00,-1,-4.815173867228502
stage36b_ny_open_continuation_h4_atr075,ny_open,continuation,4,2023-11-01 13:00:00+00:00,2023-11-01 17:00:00+00:00,1,-7.007281914103141
stage36b_ny_open_reversal_h4_atr075,ny_open,reversal,4,2023-11-01 13:00:00+00:00,2023-11-01 17:00:00+00:00,-1,7.007281914103141
stage36b_ny_late_reversal_h8_atr075,ny_late,reversal,8,2023-11-01 18:00:00+00:00,2023-11-02 02:00:00+00:00,1,8.352168199737076
stage36b_ny_late_continuation_h8_atr075,ny_late,continuation,8,2023-11-01 18:00:00+00:00,2023-11-02 02:00:00+00:00,-1,-8.352168199737076
stage36b_london_open_continuation_h4_atr075,london_open,continuation,4,2023-11-02 08:00:00+00:00,2023-11-02 12:00:00+00:00,1,4.268200611180824
stage36b_london_open_reversal_h4_atr075,london_open,reversal,4,2023-11-02 08:00:00+00:00,2023-11-02 12:00:00+00:00,-1,-4.268200611180824
stage36b_ny_open_continuation_h4_atr075,ny_open,continuation,4,2023-11-02 13:00:00+00:00,2023-11-02 17:00:00+00:00,-1,13.611111111111043
stage36b_ny_open_reversal_h4_atr075,ny_open,reversal,4,2023-11-02 13:00:00+00:00,2023-11-02 17:00:00+00:00,1,-13.611111111111043
stage36b_ny_late_reversal_h8_atr075,ny_late,reversal,8,2023-11-02 18:00:00+00:00,2023-11-03 02:00:00+00:00,-1,-5.18945922317978
stage36b_ny_late_continuation_h8_atr075,ny_late,continuation,8,2023-11-02 18:00:00+00:00,2023-11-03 02:00:00+00:00,1,5.18945922317978
stage36b_london_open_continuation_h4_atr075,london_open,continuation,4,2023-11-03 08:00:00+00:00,2023-11-03 12:00:00+00:00,1,1.5371179039303133
stage36b_london_open_reversal_h4_atr075,london_open,reversal,4,2023-11-03 08:00:00+00:00,2023-11-03 12:00:00+00:00,-1,-1.5371179039303133
stage36b_ny_open_continuation_h4_atr075,ny_open,continuation,4,2023-11-03 13:00:00+00:00,2023-11-03 17:00:00+00:00,-1,-9.148348348348707
stage36b_ny_open_reversal_h4_atr075,ny_open,reversal,4,2023-11-03 13:00:00+00:00,2023-11-03 17:00:00+00:00,1,9.148348348348707
stage36b_ny_late_reversal_h8_atr075,ny_late,reversal,8,2023-11-03 18:00:00+00:00,2023-11-06 02:00:00+00:00,1,0.7379902942878892
stage36b_ny_late_continuation_h8_atr075,ny_late,continuation,8,2023-11-03 18:00:00+00:00,2023-11-06 02:00:00+00:00,-1,-0.7379902942878892
stage36b_london_open_continuation_h4_atr075,london_open,continuation,4,2023-11-06 08:00:00+00:00,2023-11-06 12:00:00+00:00,1,4.230289695636156
stage36b_london_open_reversal_h4_atr075,london_open,reversal,4,2023-11-06 08:00:00+00:00,2023-11-06 12:00:00+00:00,-1,-4.230289695636156
stage36b_ny_open_continuation_h4_atr075,ny_open,continuation,4,2023-11-06 13:00:00+00:00,2023-11-06 17:00:00+00:00,1,-9.553261927945728
stage36b_ny_open_reversal_h4_atr075,ny_open,reversal,4,2023-11-06 13:00:00+00:00,2023-11-06 17:00:00+00:00,-1,9.553261927945728
stage36b_ny_late_reversal_h8_atr075,ny_late,reversal,8,2023-11-06 18:00:00+00:00,2023-11-07 02:00:00+00:00,-1,11.383212657548878
stage36b_ny_late_continuation_h8_atr075,ny_late,continuation,8,2023-11-06 18:00:00+00:00,2023-11-07 02:00:00+00:00,1,-11.383212657548878
stage36b_london_open_continuation_h4_atr075,london_open,continuation,4,2023-11-07 08:00:00+00:00,2023-11-07 12:00:00+00:00,-1,11.028746177370003
stage36b_london_open_reversal_h4_atr075,london_open,reversal,4,2023-11-07 08:00:00+00:00,2023-11-07 12:00:00+00:00,1,-11.028746177370003
stage36b_ny_open_continuation_h4_atr075,ny_open,continuation,4,2023-11-07 13:00:00+00:00,2023-11-07 17:00:00+00:00,-1,1.0558922558925963
stage36b_ny_open_reversal_h4_atr075,ny_open,reversal,4,2023-11-07 13:00:00+00:00,2023-11-07 17:00:00+00:00,1,-1.0558922558925963
stage36b_ny_late_reversal_h8_atr075,ny_late,reversal,8,2023-11-07 18:00:00+00:00,2023-11-08 02:00:00+00:00,-1,-4.191217823923682
stage36b_ny_late_continuation_h8_atr075,ny_late,continuation,8,2023-11-07 18:00:00+00:00,2023-11-08 02:00:00+00:00,1,4.191217823923682
stage36b_london_open_continuation_h4_atr075,london_open,continuation,4,2023-11-08 08:00:00+00:00,2023-11-08 12:00:00+00:00,1,-11.004620462046308
stage36b_london_open_reversal_h4_atr075,london_open,reversal,4,2023-11-08 08:00:00+00:00,2023-11-08 12:00:00+00:00,-1,11.004620462046308
stage36b_ny_open_continuation_h4_atr075,ny_open,continuation,4,2023-11-08 13:00:00+00:00,2023-11-08 17:00:00+00:00,1,-18.102221032914045
stage36b_ny_open_reversal_h4_atr075,ny_open,reversal,4,2023-11-08 13:00:00+00:00,2023-11-08 17:00:00+00:00,-1,18.102221032914045
stage36b_ny_late_reversal_h8_atr075,ny_late,reversal,8,2023-11-08 18:00:00+00:00,2023-11-09 02:00:00+00:00,1,-3.895771878072695
stage36b_ny_late_continuation_h8_atr075,ny_late,continuation,8,2023-11-08 18:00:00+00:00,2023-11-09 02:00:00+00:00,-1,3.895771878072695
stage36b_london_open_continuation_h4_atr075,london_open,continuation,4,2023-11-09 08:00:00+00:00,2023-11-09 12:00:00+00:00,-1,3.891717171717315
stage36b_london_open_reversal_h4_atr075,london_open,reversal,4,2023-11-09 08:00:00+00:00,2023-11-09 12:00:00+00:00,1,-3.891717171717315
stage36b_ny_open_continuation_h4_atr075,ny_open,continuation,4,2023-11-09 13:00:00+00:00,2023-11-09 17:00:00+00:00,1,26.02048005242887
stage36b_ny_open_reversal_h4_atr075,ny_open,reversal,4,2023-11-09 13:00:00+00:00,2023-11-09 17:00:00+00:00,-1,-26.02048005242887
stage36b_ny_late_reversal_h8_atr075,ny_late,reversal,8,2023-11-09 18:00:00+00:00,2023-11-10 02:00:00+00:00,1,-0.19227467811141238
stage36b_ny_late_continuation_h8_atr075,ny_late,continuation,8,2023-11-09 18:00:00+00:00,2023-11-10 02:00:00+00:00,-1,0.19227467811141238
stage36b_london_open_continuation_h4_atr075,london_open,continuation,4,2023-11-10 08:00:00+00:00,2023-11-10 12:00:00+00:00,-1,4.696962913215381
stage36b_london_open_reversal_h4_atr075,london_open,reversal,4,2023-11-10 08:00:00+00:00,2023-11-10 12:00:00+00:00,1,-4.696962913215381
stage36b_ny_open_continuation_h4_atr075,ny_open,continuation,4,2023-11-10 13:00:00+00:00,2023-11-10 17:00:00+00:00,-1,11.813738101363727
stage36b_ny_open_reversal_h4_atr075,ny_open,reversal,4,2023-11-10 13:00:00+00:00,2023-11-10 17:00:00+00:00,1,-11.813738101363727
stage36b_ny_late_reversal_h8_atr075,ny_late,reversal,8,2023-11-10 18:00:00+00:00,2023-11-13 01:00:00+00:00,1,1.1340782122906572
stage36b_ny_late_continuation_h8_atr075,ny_late,continuation,8,2023-11-10 18:00:00+00:00,2023-11-13 01:00:00+00:00,-1,-1.1340782122906572
stage36b_london_open_continuation_h4_atr075,london_open,continuation,4,2023-11-13 08:00:00+00:00,2023-11-13 12:00:00+00:00,-1,-0.7794209021995034
stage36b_london_open_reversal_h4_atr075,london_open,reversal,4,2023-11-13 08:00:00+00:00,2023-11-13 12:00:00+00:00,1,0.7794209021995034
stage36b_ny_open_continuation_h4_atr075,ny_open,continuation,4,2023-11-13 13:00:00+00:00,2023-11-13 17:00:00+00:00,-1,-0.5514694568395346
stage36b_ny_open_reversal_h4_atr075,ny_open,reversal,4,2023-11-13 13:00:00+00:00,2023-11-13 17:00:00+00:00,1,0.5514694568395346
stage36b_ny_late_reversal_h8_atr075,ny_late,reversal,8,2023-11-13 18:00:00+00:00,2023-11-14 02:00:00+00:00,-1,-1.2288702211555427
stage36b_ny_late_continuation_h8_atr075,ny_late,continuation,8,2023-11-13 18:00:00+00:00,2023-11-14 02:00:00+00:00,1,1.2288702211555427
stage36b_london_open_continuation_h4_atr075,london_open,continuation,4,2023-11-14 08:00:00+00:00,2023-11-14 12:00:00+00:00,1,6.175033104610408
stage36b_london_open_reversal_h4_atr075,london_open,reversal,4,2023-11-14 08:00:00+00:00,2023-11-14 12:00:00+00:00,-1,-6.175033104610408
stage36b_ny_open_continuation_h4_atr075,ny_open,continuation,4,2023-11-14 13:00:00+00:00,2023-11-14 17:00:00+00:00,-1,-52.44850329781697
stage36b_ny_open_reversal_h4_atr075,ny_open,reversal,4,2023-11-14 13:00:00+00:00,2023-11-14 17:00:00+00:00,1,52.44850329781697
stage36b_ny_late_reversal_h8_atr075,ny_late,reversal,8,2023-11-14 18:00:00+00:00,2023-11-15 02:00:00+00:00,1,-0.6679376252628807
stage36b_ny_late_continuation_h8_atr075,ny_late,continuation,8,2023-11-14 18:00:00+00:00,2023-11-15 02:00:00+00:00,-1,0.6679376252628807
stage36b_london_open_continuation_h4_atr075,london_open,continuation,4,2023-11-15 08:00:00+00:00,2023-11-15 12:00:00+00:00,1,8.958031201933217
stage36b_london_open_reversal_h4_atr075,london_open,reversal,4,2023-11-15 08:00:00+00:00,2023-11-15 12:00:00+00:00,-1,-8.958031201933217
stage36b_ny_open_continuation_h4_atr075,ny_open,continuation,4,2023-11-15 13:00:00+00:00,2023-11-15 17:00:00+00:00,-1,22.130120481927857
stage36b_ny_open_reversal_h4_atr075,ny_open,reversal,4,2023-11-15 13:00:00+00:00,2023-11-15 17:00:00+00:00,1,-22.130120481927857
stage36b_ny_late_reversal_h8_atr075,ny_late,reversal,8,2023-11-15 18:00:00+00:00,2023-11-16 02:00:00+00:00,1,-3.4079200307573627
stage36b_ny_late_continuation_h8_atr075,ny_late,continuation,8,2023-11-15 18:00:00+00:00,2023-11-16 02:00:00+00:00,-1,3.4079200307573627
stage36b_london_open_continuation_h4_atr075,london_open,continuation,4,2023-11-16 08:00:00+00:00,2023-11-16 12:00:00+00:00,1,-3.8971417646500135
stage36b_london_open_reversal_h4_atr075,london_open,reversal,4,2023-11-16 08:00:00+00:00,2023-11-16 12:00:00+00:00,-1,3.8971417646500135
stage36b_ny_open_continuation_h4_atr075,ny_open,continuation,4,2023-11-16 13:00:00+00:00,2023-11-16 17:00:00+00:00,1,42.322782336850786
stage36b_ny_open_reversal_h4_atr075,ny_open,reversal,4,2023-11-16 13:00:00+00:00,2023-11-16 17:00:00+00:00,-1,-42.322782336850786
stage36b_ny_late_reversal_h8_atr075,ny_late,reversal,8,2023-11-16 18:00:00+00:00,2023-11-17 02:00:00+00:00,1,3.564489112227689
stage36b_ny_late_continuation_h8_atr075,ny_late,continuation,8,2023-11-16 18:00:00+00:00,2023-11-17 02:00:00+00:00,-1,-3.564489112227689
stage36b_london_open_continuation_h4_atr075,london_open,continuation,4,2023-11-17 08:00:00+00:00,2023-11-17 12:00:00+00:00,-1,-16.891332233828415
stage36b_london_open_reversal_h4_atr075,london_open,reversal,4,2023-11-17 08:00:00+00:00,2023-11-17 12:00:00+00:00,1,16.891332233828415
stage36b_ny_open_continuation_h4_atr075,ny_open,continuation,4,2023-11-17 13:00:00+00:00,2023-11-17 17:00:00+00:00,-1,8.873573374567263
stage36b_ny_open_reversal_h4_atr075,ny_open,reversal,4,2023-11-17 13:00:00+00:00,2023-11-17 17:00:00+00:00,1,-8.873573374567263
stage36b_ny_late_reversal_h8_atr075,ny_late,reversal,8,2023-11-17 18:00:00+00:00,2023-11-20 01:00:00+00:00,1,-8.659488084730706
stage36b_ny_late_continuation_h8_atr075,ny_late,continuation,8,2023-11-17 18:00:00+00:00,2023-11-20 01:00:00+00:00,-1,8.659488084730706
stage36b_london_open_continuation_h4_atr075,london_open,continuation,4,2023-11-20 08:00:00+00:00,2023-11-20 12:00:00+00:00,-1,6.399999999999951
stage36b_london_open_reversal_h4_atr075,london_open,reversal,4,2023-11-20 08:00:00+00:00,2023-11-20 12:00:00+00:00,1,-6.399999999999951
stage36b_ny_open_continuation_h4_atr075,ny_open,continuation,4,2023-11-20 13:00:00+00:00,2023-11-20 17:00:00+00:00,-1,1.887603109607523
stage36b_ny_open_reversal_h4_atr075,ny_open,reversal,4,2023-11-20 13:00:00+00:00,2023-11-20 17:00:00+00:00,1,-1.887603109607523
stage36b_ny_late_reversal_h8_atr075,ny_late,reversal,8,2023-11-20 18:00:00+00:00,2023-11-21 02:00:00+00:00,-1,-15.108504398827174
stage36b_ny_late_continuation_h8_atr075,ny_late,continuation,8,2023-11-20 18:00:00+00:00,2023-11-21 02:00:00+00:00,1,15.108504398827174
stage36b_london_open_continuation_h4_atr075,london_open,continuation,4,2023-11-21 08:00:00+00:00,2023-11-21 12:00:00+00:00,-1,2.425477707006616
stage36b_london_open_reversal_h4_atr075,london_open,reversal,4,2023-11-21 08:00:00+00:00,2023-11-21 12:00:00+00:00,1,-2.425477707006616
stage36b_ny_open_continuation_h4_atr075,ny_open,continuation,4,2023-11-21 13:00:00+00:00,2023-11-21 17:00:00+00:00,-1,-18.912133891213486
stage36b_ny_open_reversal_h4_atr075,ny_open,reversal,4,2023-11-21 13:00:00+00:00,2023-11-21 17:00:00+00:00,1,18.912133891213486
stage36b_ny_late_reversal_h8_atr075,ny_late,reversal,8,2023-11-21 18:00:00+00:00,2023-11-22 02:00:00+00:00,1,-3.9645077105575512
stage36b_ny_late_continuation_h8_atr075,ny_late,continuation,8,2023-11-21 18:00:00+00:00,2023-11-22 02:00:00+00:00,-1,3.9645077105575512
stage36b_london_open_continuation_h4_atr075,london_open,continuation,4,2023-11-22 08:00:00+00:00,2023-11-22 12:00:00+00:00,1,0.6744086021503585
stage36b_london_open_reversal_h4_atr075,london_open,reversal,4,2023-11-22 08:00:00+00:00,2023-11-22 12:00:00+00:00,-1,-0.6744086021503585
stage36b_ny_open_continuation_h4_atr075,ny_open,continuation,4,2023-11-22 13:00:00+00:00,2023-11-22 17:00:00+00:00,-1,9.186018018018107
stage36b_ny_open_reversal_h4_atr075,ny_open,reversal,4,2023-11-22 13:00:00+00:00,2023-11-22 17:00:00+00:00,1,-9.186018018018107
stage36b_ny_late_reversal_h8_atr075,ny_late,reversal,8,2023-11-22 18:00:00+00:00,2023-11-23 02:00:00+00:00,1,1.0085390467320097
stage36b_ny_late_continuation_h8_atr075,ny_late,continuation,8,2023-11-22 18:00:00+00:00,2023-11-23 02:00:00+00:00,-1,-1.0085390467320097
stage36b_london_open_continuation_h4_atr075,london_open,continuation,4,2023-11-23 08:00:00+00:00,2023-11-23 12:00:00+00:00,-1,4.6711581649024
stage36b_london_open_reversal_h4_atr075,london_open,reversal,4,2023-11-23 08:00:00+00:00,2023-11-23 12:00:00+00:00,1,-4.6711581649024
stage36b_ny_open_continuation_h4_atr075,ny_open,continuation,4,2023-11-23 13:00:00+00:00,2023-11-23 17:00:00+00:00,1,-3.224621494167289
stage36b_ny_open_reversal_h4_atr075,ny_open,reversal,4,2023-11-23 13:00:00+00:00,2023-11-23 17:00:00+00:00,-1,3.224621494167289
stage36b_ny_late_reversal_h8_atr075,ny_late,reversal,8,2023-11-23 18:00:00+00:00,2023-11-24 03:00:00+00:00,1,4.371854134565915
stage36b_ny_late_continuation_h8_atr075,ny_late,continuation,8,2023-11-23 18:00:00+00:00,2023-11-24 03:00:00+00:00,-1,-4.371854134565915
stage36b_london_open_continuation_h4_atr075,london_open,continuation,4,2023-11-24 08:00:00+00:00,2023-11-24 12:00:00+00:00,-1,-5.685411572942235
stage36b_london_open_reversal_h4_atr075,london_open,reversal,4,2023-11-24 08:00:00+00:00,2023-11-24 12:00:00+00:00,1,5.685411572942235
stage36b_ny_open_continuation_h4_atr075,ny_open,continuation,4,2023-11-24 13:00:00+00:00,2023-11-24 17:00:00+00:00,-1,-8.043775649794387
stage36b_ny_open_reversal_h4_atr075,ny_open,reversal,4,2023-11-24 13:00:00+00:00,2023-11-24 17:00:00+00:00,1,8.043775649794387
stage36b_ny_late_reversal_h8_atr075,ny_late,reversal,8,2023-11-24 18:00:00+00:00,2023-11-27 02:00:00+00:00,-1,-3.8304696449025046
stage36b_ny_late_continuation_h8_atr075,ny_late,continuation,8,2023-11-24 18:00:00+00:00,2023-11-27 02:00:00+00:00,1,3.8304696449025046
stage36b_london_open_continuation_h4_atr075,london_open,continuation,4,2023-11-27 08:00:00+00:00,2023-11-27 12:00:00+00:00,-1,-6.673107890499443
stage36b_london_open_reversal_h4_atr075,london_open,reversal,4,2023-11-27 08:00:00+00:00,2023-11-27 12:00:00+00:00,1,6.673107890499443
stage36b_ny_open_continuation_h4_atr075,ny_open,continuation,4,2023-11-27 13:00:00+00:00,2023-11-27 17:00:00+00:00,-1,2.7957497048406394
stage36b_ny_open_reversal_h4_atr075,ny_open,reversal,4,2023-11-27 13:00:00+00:00,2023-11-27 17:00:00+00:00,1,-2.7957497048406394
stage36b_ny_late_reversal_h8_atr075,ny_late,reversal,8,2023-11-27 18:00:00+00:00,2023-11-28 02:00:00+00:00,-1,-8.488010933034984
stage36b_ny_late_continuation_h8_atr075,ny_late,continuation,8,2023-11-27 18:00:00+00:00,2023-11-28 02:00:00+00:00,1,8.488010933034984
stage36b_london_open_continuation_h4_atr075,london_open,continuation,4,2023-11-28 08:00:00+00:00,2023-11-28 12:00:00+00:00,1,-1.9150259067357736
stage36b_london_open_reversal_h4_atr075,london_open,reversal,4,2023-11-28 08:00:00+00:00,2023-11-28 12:00:00+00:00,-1,1.9150259067357736
stage36b_ny_open_continuation_h4_atr075,ny_open,continuation,4,2023-11-28 13:00:00+00:00,2023-11-28 17:00:00+00:00,1,28.96742349457081
stage36b_ny_open_reversal_h4_atr075,ny_open,reversal,4,2023-11-28 13:00:00+00:00,2023-11-28 17:00:00+00:00,-1,-28.96742349457081
stage36b_ny_late_reversal_h8_atr075,ny_late,reversal,8,2023-11-28 18:00:00+00:00,2023-11-29 02:00:00+00:00,-1,-12.234775905737116
stage36b_ny_late_continuation_h8_atr075,ny_late,continuation,8,2023-11-28 18:00:00+00:00,2023-11-29 02:00:00+00:00,1,12.234775905737116
stage36b_london_open_continuation_h4_atr075,london_open,continuation,4,2023-11-29 08:00:00+00:00,2023-11-29 12:00:00+00:00,-1,8.133980278604025
stage36b_london_open_reversal_h4_atr075,london_open,reversal,4,2023-11-29 08:00:00+00:00,2023-11-29 12:00:00+00:00,1,-8.133980278604025
stage36b_ny_open_continuation_h4_atr075,ny_open,continuation,4,2023-11-29 13:00:00+00:00,2023-11-29 17:00:00+00:00,1,3.3412686454724336
stage36b_ny_open_reversal_h4_atr075,ny_open,reversal,4,2023-11-29 13:00:00+00:00,2023-11-29 17:00:00+00:00,-1,-3.3412686454724336
stage36b_ny_late_reversal_h8_atr075,ny_late,reversal,8,2023-11-29 18:00:00+00:00,2023-11-30 02:00:00+00:00,1,5.093018437953023
stage36b_ny_late_continuation_h8_atr075,ny_late,continuation,8,2023-11-29 18:00:00+00:00,2023-11-30 02:00:00+00:00,-1,-5.093018437953023
stage36b_london_open_continuation_h4_atr075,london_open,continuation,4,2023-11-30 08:00:00+00:00,2023-11-30 12:00:00+00:00,1,-11.777682526075164
stage36b_london_open_reversal_h4_atr075,london_open,reversal,4,2023-11-30 08:00:00+00:00,2023-11-30 12:00:00+00:00,-1,11.777682526075164
stage36b_ny_open_continuation_h4_atr075,ny_open,continuation,4,2023-11-30 13:00:00+00:00,2023-11-30 17:00:00+00:00,-1,-1.1130808487778634
stage36b_ny_open_reversal_h4_atr075,ny_open,reversal,4,2023-11-30 13:00:00+00:00,2023-11-30 17:00:00+00:00,1,1.1130808487778634
stage36b_ny_late_reversal_h8_atr075,ny_late,reversal,8,2023-11-30 18:00:00+00:00,2023-12-01 02:00:00+00:00,-1,-2.600904233456614
stage36b_ny_late_continuation_h8_atr075,ny_late,continuation,8,2023-11-30 18:00:00+00:00,2023-12-01 02:00:00+00:00,1,2.600904233456614
stage36b_london_open_continuation_h4_atr075,london_open,continuation,4,2023-12-01 08:00:00+00:00,2023-12-01 12:00:00+00:00,-1,-5.706583722135914
stage36b_london_open_reversal_h4_atr075,london_open,reversal,4,2023-12-01 08:00:00+00:00,2023-12-01 12:00:00+00:00,1,5.706583722135914
stage36b_ny_open_continuation_h4_atr075,ny_open,continuation,4,2023-12-01 13:00:00+00:00,2023-12-01 17:00:00+00:00,-1,-17.660165710643906
stage36b_ny_open_reversal_h4_atr075,ny_open,reversal,4,2023-12-01 13:00:00+00:00,2023-12-01 17:00:00+00:00,1,17.660165710643906
stage36b_ny_late_reversal_h8_atr075,ny_late,reversal,8,2023-12-01 18:00:00+00:00,2023-12-04 01:00:00+00:00,-1,-54.43482562453583
stage36b_ny_late_continuation_h8_atr075,ny_late,continuation,8,2023-12-01 18:00:00+00:00,2023-12-04 01:00:00+00:00,1,54.43482562453583
stage36b_london_open_continuation_h4_atr075,london_open,continuation,4,2023-12-04 08:00:00+00:00,2023-12-04 12:00:00+00:00,-1,2.0985690088195743
stage36b_london_open_reversal_h4_atr075,london_open,reversal,4,2023-12-04 08:00:00+00:00,2023-12-04 12:00:00+00:00,1,-2.0985690088195743
stage36b_ny_open_continuation_h4_atr075,ny_open,continuation,4,2023-12-04 13:00:00+00:00,2023-12-04 17:00:00+00:00,1,-15.33355985955371
stage36b_ny_open_reversal_h4_atr075,ny_open,reversal,4,2023-12-04 13:00:00+00:00,2023-12-04 17:00:00+00:00,-1,15.33355985955371
stage36b_ny_late_reversal_h8_atr075,ny_late,reversal,8,2023-12-04 18:00:00+00:00,2023-12-05 02:00:00+00:00,-1,-5.175768427335059
stage36b_ny_late_continuation_h8_atr075,ny_late,continuation,8,2023-12-04 18:00:00+00:00,2023-12-05 02:00:00+00:00,1,5.175768427335059
stage36b_london_open_continuation_h4_atr075,london_open,continuation,4,2023-12-05 08:00:00+00:00,2023-12-05 12:00:00+00:00,1,-7.273022444092728
stage36b_london_open_reversal_h4_atr075,london_open,reversal,4,2023-12-05 08:00:00+00:00,2023-12-05 12:00:00+00:00,-1,7.273022444092728
stage36b_ny_open_continuation_h4_atr075,ny_open,continuation,4,2023-12-05 13:00:00+00:00,2023-12-05 17:00:00+00:00,-1,8.12929906739241
stage36b_ny_open_reversal_h4_atr075,ny_open,reversal,4,2023-12-05 13:00:00+00:00,2023-12-05 17:00:00+00:00,1,-8.12929906739241
stage36b_ny_late_reversal_h8_atr075,ny_late,reversal,8,2023-12-05 18:00:00+00:00,2023-12-06 02:00:00+00:00,1,5.458639255996123
stage36b_ny_late_continuation_h8_atr075,ny_late,continuation,8,2023-12-05 18:00:00+00:00,2023-12-06 02:00:00+00:00,-1,-5.458639255996123
stage36b_london_open_continuation_h4_atr075,london_open,continuation,4,2023-12-06 08:00:00+00:00,2023-12-06 12:00:00+00:00,1,-5.061100778397711
stage36b_london_open_reversal_h4_atr075,london_open,reversal,4,2023-12-06 08:00:00+00:00,2023-12-06 12:00:00+00:00,-1,5.061100778397711
stage36b_ny_open_continuation_h4_atr075,ny_open,continuation,4,2023-12-06 13:00:00+00:00,2023-12-06 17:00:00+00:00,-1,-10.050413389796448
stage36b_ny_open_reversal_h4_atr075,ny_open,reversal,4,2023-12-06 13:00:00+00:00,2023-12-06 17:00:00+00:00,1,10.050413389796448
stage36b_ny_late_reversal_h8_atr075,ny_late,reversal,8,2023-12-06 18:00:00+00:00,2023-12-07 02:00:00+00:00,1,-1.1778161581269526
stage36b_ny_late_continuation_h8_atr075,ny_late,continuation,8,2023-12-06 18:00:00+00:00,2023-12-07 02:00:00+00:00,-1,1.1778161581269526
stage36b_london_open_continuation_h4_atr075,london_open,continuation,4,2023-12-07 08:00:00+00:00,2023-12-07 12:00:00+00:00,1,6.918918918918836
stage36b_london_open_reversal_h4_atr075,london_open,reversal,4,2023-12-07 08:00:00+00:00,2023-12-07 12:00:00+00:00,-1,-6.918918918918836
stage36b_ny_open_continuation_h4_atr075,ny_open,continuation,4,2023-12-07 13:00:00+00:00,2023-12-07 17:00:00+00:00,-1,5.247275300778769
stage36b_ny_open_reversal_h4_atr075,ny_open,reversal,4,2023-12-07 13:00:00+00:00,2023-12-07 17:00:00+00:00,1,-5.247275300778769
stage36b_ny_late_reversal_h8_atr075,ny_late,reversal,8,2023-12-07 18:00:00+00:00,2023-12-08 02:00:00+00:00,1,5.006900690068997
stage36b_ny_late_continuation_h8_atr075,ny_late,continuation,8,2023-12-07 18:00:00+00:00,2023-12-08 02:00:00+00:00,-1,-5.006900690068997
stage36b_london_open_continuation_h4_atr075,london_open,continuation,4,2023-12-08 08:00:00+00:00,2023-12-08 12:00:00+00:00,1,-0.622340089663524
stage36b_london_open_reversal_h4_atr075,london_open,reversal,4,2023-12-08 08:00:00+00:00,2023-12-08 12:00:00+00:00,-1,0.622340089663524
stage36b_ny_open_continuation_h4_atr075,ny_open,continuation,4,2023-12-08 13:00:00+00:00,2023-12-08 17:00:00+00:00,1,-32.405425876196155
stage36b_ny_open_reversal_h4_atr075,ny_open,reversal,4,2023-12-08 13:00:00+00:00,2023-12-08 17:00:00+00:00,-1,32.405425876196155
stage36b_ny_late_reversal_h8_atr075,ny_late,reversal,8,2023-12-08 18:00:00+00:00,2023-12-11 01:00:00+00:00,1,4.603982772589563
stage36b_ny_late_continuation_h8_atr075,ny_late,continuation,8,2023-12-08 18:00:00+00:00,2023-12-11 01:00:00+00:00,-1,-4.603982772589563
stage36b_london_open_continuation_h4_atr075,london_open,continuation,4,2023-12-11 08:00:00+00:00,2023-12-11 12:00:00+00:00,-1,9.095729013254733
stage36b_london_open_reversal_h4_atr075,london_open,reversal,4,2023-12-11 08:00:00+00:00,2023-12-11 12:00:00+00:00,1,-9.095729013254733
stage36b_ny_open_continuation_h4_atr075,ny_open,continuation,4,2023-12-11 13:00:00+00:00,2023-12-11 17:00:00+00:00,1,-17.486190959305947
stage36b_ny_open_reversal_h4_atr075,ny_open,reversal,4,2023-12-11 13:00:00+00:00,2023-12-11 17:00:00+00:00,-1,17.486190959305947
stage36b_ny_late_reversal_h8_atr075,ny_late,reversal,8,2023-12-11 18:00:00+00:00,2023-12-12 02:00:00+00:00,1,4.331522005189294
stage36b_ny_late_continuation_h8_atr075,ny_late,continuation,8,2023-12-11 18:00:00+00:00,2023-12-12 02:00:00+00:00,-1,-4.331522005189294
stage36b_london_open_continuation_h4_atr075,london_open,continuation,4,2023-12-12 08:00:00+00:00,2023-12-12 12:00:00+00:00,1,-1.879449688444562
stage36b_london_open_reversal_h4_atr075,london_open,reversal,4,2023-12-12 08:00:00+00:00,2023-12-12 12:00:00+00:00,-1,1.879449688444562
stage36b_ny_open_continuation_h4_atr075,ny_open,continuation,4,2023-12-12 13:00:00+00:00,2023-12-12 17:00:00+00:00,1,-9.678201368523801
stage36b_ny_open_reversal_h4_atr075,ny_open,reversal,4,2023-12-12 13:00:00+00:00,2023-12-12 17:00:00+00:00,-1,9.678201368523801
stage36b_ny_late_reversal_h8_atr075,ny_late,reversal,8,2023-12-12 18:00:00+00:00,2023-12-13 02:00:00+00:00,1,-0.4074906367040235
stage36b_ny_late_continuation_h8_atr075,ny_late,continuation,8,2023-12-12 18:00:00+00:00,2023-12-13 02:00:00+00:00,-1,0.4074906367040235
stage36b_london_open_continuation_h4_atr075,london_open,continuation,4,2023-12-13 08:00:00+00:00,2023-12-13 12:00:00+00:00,-1,-17.198067632850577
stage36b_london_open_reversal_h4_atr075,london_open,reversal,4,2023-12-13 08:00:00+00:00,2023-12-13 12:00:00+00:00,1,17.198067632850577
stage36b_ny_open_continuation_h4_atr075,ny_open,continuation,4,2023-12-13 13:00:00+00:00,2023-12-13 17:00:00+00:00,-1,1.672704162694357
stage36b_ny_open_reversal_h4_atr075,ny_open,reversal,4,2023-12-13 13:00:00+00:00,2023-12-13 17:00:00+00:00,1,-1.672704162694357
stage36b_ny_late_reversal_h8_atr075,ny_late,reversal,8,2023-12-13 18:00:00+00:00,2023-12-14 02:00:00+00:00,1,82.36321122369584
stage36b_ny_late_continuation_h8_atr075,ny_late,continuation,8,2023-12-13 18:00:00+00:00,2023-12-14 02:00:00+00:00,-1,-82.36321122369584
stage36b_london_open_continuation_h4_atr075,london_open,continuation,4,2023-12-14 08:00:00+00:00,2023-12-14 12:00:00+00:00,1,-0.7923315782367697
stage36b_london_open_reversal_h4_atr075,london_open,reversal,4,2023-12-14 08:00:00+00:00,2023-12-14 12:00:00+00:00,-1,0.7923315782367697
stage36b_ny_open_continuation_h4_atr075,ny_open,continuation,4,2023-12-14 13:00:00+00:00,2023-12-14 17:00:00+00:00,1,4.57770455793522
stage36b_ny_open_reversal_h4_atr075,ny_open,reversal,4,2023-12-14 13:00:00+00:00,2023-12-14 17:00:00+00:00,-1,-4.57770455793522
stage36b_ny_late_reversal_h8_atr075,ny_late,reversal,8,2023-12-14 18:00:00+00:00,2023-12-15 02:00:00+00:00,1,-5.913327882256713
stage36b_ny_late_continuation_h8_atr075,ny_late,continuation,8,2023-12-14 18:00:00+00:00,2023-12-15 02:00:00+00:00,-1,5.913327882256713
stage36b_london_open_continuation_h4_atr075,london_open,continuation,4,2023-12-15 08:00:00+00:00,2023-12-15 12:00:00+00:00,1,9.206242616427083
stage36b_london_open_reversal_h4_atr075,london_open,reversal,4,2023-12-15 08:00:00+00:00,2023-12-15 12:00:00+00:00,-1,-9.206242616427083
stage36b_ny_open_continuation_h4_atr075,ny_open,continuation,4,2023-12-15 13:00:00+00:00,2023-12-15 17:00:00+00:00,-1,9.838641188959746
stage36b_ny_open_reversal_h4_atr075,ny_open,reversal,4,2023-12-15 13:00:00+00:00,2023-12-15 17:00:00+00:00,1,-9.838641188959746
stage36b_ny_late_reversal_h8_atr075,ny_late,reversal,8,2023-12-15 18:00:00+00:00,2023-12-18 01:00:00+00:00,1,-19.73119143239623
stage36b_ny_late_continuation_h8_atr075,ny_late,continuation,8,2023-12-15 18:00:00+00:00,2023-12-18 01:00:00+00:00,-1,19.73119143239623
stage36b_london_open_continuation_h4_atr075,london_open,continuation,4,2023-12-18 08:00:00+00:00,2023-12-18 12:00:00+00:00,1,-4.513612004287247
stage36b_london_open_reversal_h4_atr075,london_open,reversal,4,2023-12-18 08:00:00+00:00,2023-12-18 12:00:00+00:00,-1,4.513612004287247
stage36b_ny_open_continuation_h4_atr075,ny_open,continuation,4,2023-12-18 13:00:00+00:00,2023-12-18 17:00:00+00:00,1,0.4286419753085665
stage36b_ny_open_reversal_h4_atr075,ny_open,reversal,4,2023-12-18 13:00:00+00:00,2023-12-18 17:00:00+00:00,-1,-0.4286419753085665
stage36b_ny_late_reversal_h8_atr075,ny_late,reversal,8,2023-12-18 18:00:00+00:00,2023-12-19 02:00:00+00:00,1,7.19538889968268
stage36b_ny_late_continuation_h8_atr075,ny_late,continuation,8,2023-12-18 18:00:00+00:00,2023-12-19 02:00:00+00:00,-1,-7.19538889968268
stage36b_london_open_continuation_h4_atr075,london_open,continuation,4,2023-12-19 08:00:00+00:00,2023-12-19 12:00:00+00:00,1,1.4328046472162674
stage36b_london_open_reversal_h4_atr075,london_open,reversal,4,2023-12-19 08:00:00+00:00,2023-12-19 12:00:00+00:00,-1,-1.4328046472162674
stage36b_ny_open_continuation_h4_atr075,ny_open,continuation,4,2023-12-19 13:00:00+00:00,2023-12-19 17:00:00+00:00,1,29.16696375519891
stage36b_ny_open_reversal_h4_atr075,ny_open,reversal,4,2023-12-19 13:00:00+00:00,2023-12-19 17:00:00+00:00,-1,-29.16696375519891
stage36b_ny_late_reversal_h8_atr075,ny_late,reversal,8,2023-12-19 18:00:00+00:00,2023-12-20 02:00:00+00:00,-1,6.4520501524905685
stage36b_ny_late_continuation_h8_atr075,ny_late,continuation,8,2023-12-19 18:00:00+00:00,2023-12-20 02:00:00+00:00,1,-6.4520501524905685
stage36b_london_open_continuation_h4_atr075,london_open,continuation,4,2023-12-20 08:00:00+00:00,2023-12-20 12:00:00+00:00,-1,11.010956470239902
stage36b_london_open_reversal_h4_atr075,london_open,reversal,4,2023-12-20 08:00:00+00:00,2023-12-20 12:00:00+00:00,1,-11.010956470239902
stage36b_ny_open_continuation_h4_atr075,ny_open,continuation,4,2023-12-20 13:00:00+00:00,2023-12-20 17:00:00+00:00,-1,2.0207487595850098
stage36b_ny_open_reversal_h4_atr075,ny_open,reversal,4,2023-12-20 13:00:00+00:00,2023-12-20 17:00:00+00:00,1,-2.0207487595850098
stage36b_ny_late_reversal_h8_atr075,ny_late,reversal,8,2023-12-20 18:00:00+00:00,2023-12-21 02:00:00+00:00,-1,1.6848772763260198
stage36b_ny_late_continuation_h8_atr075,ny_late,continuation,8,2023-12-20 18:00:00+00:00,2023-12-21 02:00:00+00:00,1,-1.6848772763260198
stage36b_london_open_continuation_h4_atr075,london_open,continuation,4,2023-12-21 08:00:00+00:00,2023-12-21 12:00:00+00:00,1,-4.6946107784431375
stage36b_london_open_reversal_h4_atr075,london_open,reversal,4,2023-12-21 08:00:00+00:00,2023-12-21 12:00:00+00:00,-1,4.6946107784431375
stage36b_ny_open_continuation_h4_atr075,ny_open,continuation,4,2023-12-21 13:00:00+00:00,2023-12-21 17:00:00+00:00,1,16.25277940316005
stage36b_ny_open_reversal_h4_atr075,ny_open,reversal,4,2023-12-21 13:00:00+00:00,2023-12-21 17:00:00+00:00,-1,-16.25277940316005
stage36b_ny_late_reversal_h8_atr075,ny_late,reversal,8,2023-12-21 18:00:00+00:00,2023-12-22 02:00:00+00:00,-1,-7.8628472222225545
stage36b_ny_late_continuation_h8_atr075,ny_late,continuation,8,2023-12-21 18:00:00+00:00,2023-12-22 02:00:00+00:00,1,7.8628472222225545
stage36b_london_open_continuation_h4_atr075,london_open,continuation,4,2023-12-22 08:00:00+00:00,2023-12-22 12:00:00+00:00,-1,-9.243466299862693
stage36b_london_open_reversal_h4_atr075,london_open,reversal,4,2023-12-22 08:00:00+00:00,2023-12-22 12:00:00+00:00,1,9.243466299862693
stage36b_ny_open_continuation_h4_atr075,ny_open,continuation,4,2023-12-22 13:00:00+00:00,2023-12-22 17:00:00+00:00,1,0.08541700713644294
stage36b_ny_open_reversal_h4_atr075,ny_open,reversal,4,2023-12-22 13:00:00+00:00,2023-12-22 17:00:00+00:00,-1,-0.08541700713644294
stage36b_ny_late_reversal_h8_atr075,ny_late,reversal,8,2023-12-22 18:00:00+00:00,2023-12-26 01:00:00+00:00,1,1.5675768504208345
stage36b_ny_late_continuation_h8_atr075,ny_late,continuation,8,2023-12-22 18:00:00+00:00,2023-12-26 01:00:00+00:00,-1,-1.5675768504208345
stage36b_london_open_continuation_h4_atr075,london_open,continuation,4,2023-12-26 08:00:00+00:00,2023-12-26 12:00:00+00:00,1,-0.131861662987373
stage36b_london_open_reversal_h4_atr075,london_open,reversal,4,2023-12-26 08:00:00+00:00,2023-12-26 12:00:00+00:00,-1,0.131861662987373
stage36b_ny_open_continuation_h4_atr075,ny_open,continuation,4,2023-12-26 13:00:00+00:00,2023-12-26 17:00:00+00:00,-1,12.758650004251125
stage36b_ny_open_reversal_h4_atr075,ny_open,reversal,4,2023-12-26 13:00:00+00:00,2023-12-26 17:00:00+00:00,1,-12.758650004251125
stage36b_ny_late_reversal_h8_atr075,ny_late,reversal,8,2023-12-26 18:00:00+00:00,2023-12-27 02:00:00+00:00,-1,-10.939239068710767
stage36b_ny_late_continuation_h8_atr075,ny_late,continuation,8,2023-12-26 18:00:00+00:00,2023-12-27 02:00:00+00:00,1,10.939239068710767
stage36b_london_open_continuation_h4_atr075,london_open,continuation,4,2023-12-27 08:00:00+00:00,2023-12-27 12:00:00+00:00,1,-0.6335353535351889
stage36b_london_open_reversal_h4_atr075,london_open,reversal,4,2023-12-27 08:00:00+00:00,2023-12-27 12:00:00+00:00,-1,0.6335353535351889
stage36b_ny_open_continuation_h4_atr075,ny_open,continuation,4,2023-12-27 13:00:00+00:00,2023-12-27 17:00:00+00:00,1,20.248906828119807
stage36b_ny_open_reversal_h4_atr075,ny_open,reversal,4,2023-12-27 13:00:00+00:00,2023-12-27 17:00:00+00:00,-1,-20.248906828119807
stage36b_ny_late_reversal_h8_atr075,ny_late,reversal,8,2023-12-27 18:00:00+00:00,2023-12-28 02:00:00+00:00,-1,2.3540723349545916
stage36b_ny_late_continuation_h8_atr075,ny_late,continuation,8,2023-12-27 18:00:00+00:00,2023-12-28 02:00:00+00:00,1,-2.3540723349545916
stage36b_london_open_continuation_h4_atr075,london_open,continuation,4,2023-12-28 08:00:00+00:00,2023-12-28 12:00:00+00:00,-1,14.333481284213807
stage36b_london_open_reversal_h4_atr075,london_open,reversal,4,2023-12-28 08:00:00+00:00,2023-12-28 12:00:00+00:00,1,-14.333481284213807
stage36b_ny_open_continuation_h4_atr075,ny_open,continuation,4,2023-12-28 13:00:00+00:00,2023-12-28 17:00:00+00:00,-1,-2.509566968781088
stage36b_ny_open_reversal_h4_atr075,ny_open,reversal,4,2023-12-28 13:00:00+00:00,2023-12-28 17:00:00+00:00,1,2.509566968781088
stage36b_ny_late_reversal_h8_atr075,ny_late,reversal,8,2023-12-28 18:00:00+00:00,2023-12-29 02:00:00+00:00,1,-8.263369460133228
stage36b_ny_late_continuation_h8_atr075,ny_late,continuation,8,2023-12-28 18:00:00+00:00,2023-12-29 02:00:00+00:00,-1,8.263369460133228
stage36b_london_open_continuation_h4_atr075,london_open,continuation,4,2023-12-29 08:00:00+00:00,2023-12-29 12:00:00+00:00,1,-14.129505582137147
stage36b_london_open_reversal_h4_atr075,london_open,reversal,4,2023-12-29 08:00:00+00:00,2023-12-29 12:00:00+00:00,-1,14.129505582137147
stage36b_ny_open_continuation_h4_atr075,ny_open,continuation,4,2023-12-29 13:00:00+00:00,2023-12-29 17:00:00+00:00,1,-5.428969131253704
stage36b_ny_open_reversal_h4_atr075,ny_open,reversal,4,2023-12-29 13:00:00+00:00,2023-12-29 17:00:00+00:00,-1,5.428969131253704
stage36b_ny_late_reversal_h8_atr075,ny_late,reversal,8,2023-12-29 18:00:00+00:00,2024-01-02 01:00:00+00:00,-1,3.145396373977828
stage36b_ny_late_continuation_h8_atr075,ny_late,continuation,8,2023-12-29 18:00:00+00:00,2024-01-02 01:00:00+00:00,1,-3.145396373977828
stage36b_london_open_continuation_h4_atr075,london_open,continuation,4,2024-01-02 08:00:00+00:00,2024-01-02 12:00:00+00:00,-1,-2.3991952186519026
stage36b_london_open_reversal_h4_atr075,london_open,reversal,4,2024-01-02 08:00:00+00:00,2024-01-02 12:00:00+00:00,1,2.3991952186519026
stage36b_ny_open_continuation_h4_atr075,ny_open,continuation,4,2024-01-02 13:00:00+00:00,2024-01-02 17:00:00+00:00,-1,12.087032201914758
stage36b_ny_open_reversal_h4_atr075,ny_open,reversal,4,2024-01-02 13:00:00+00:00,2024-01-02 17:00:00+00:00,1,-12.087032201914758
stage36b_ny_late_reversal_h8_atr075,ny_late,reversal,8,2024-01-02 18:00:00+00:00,2024-01-03 02:00:00+00:00,-1,5.5102497204621725
stage36b_ny_late_continuation_h8_atr075,ny_late,continuation,8,2024-01-02 18:00:00+00:00,2024-01-03 02:00:00+00:00,1,-5.5102497204621725
stage36b_london_open_continuation_h4_atr075,london_open,continuation,4,2024-01-03 08:00:00+00:00,2024-01-03 12:00:00+00:00,1,-18.290893246188258
stage36b_london_open_reversal_h4_atr075,london_open,reversal,4,2024-01-03 08:00:00+00:00,2024-01-03 12:00:00+00:00,-1,18.290893246188258
stage36b_ny_open_continuation_h4_atr075,ny_open,continuation,4,2024-01-03 13:00:00+00:00,2024-01-03 17:00:00+00:00,-1,21.92170818505308
stage36b_ny_open_reversal_h4_atr075,ny_open,reversal,4,2024-01-03 13:00:00+00:00,2024-01-03 17:00:00+00:00,1,-21.92170818505308
stage36b_ny_late_reversal_h8_atr075,ny_late,reversal,8,2024-01-03 18:00:00+00:00,2024-01-04 02:00:00+00:00,1,8.619477434679379
stage36b_ny_late_continuation_h8_atr075,ny_late,continuation,8,2024-01-03 18:00:00+00:00,2024-01-04 02:00:00+00:00,-1,-8.619477434679379
stage36b_london_open_continuation_h4_atr075,london_open,continuation,4,2024-01-04 08:00:00+00:00,2024-01-04 12:00:00+00:00,1,1.3909367155503505
stage36b_london_open_reversal_h4_atr075,london_open,reversal,4,2024-01-04 08:00:00+00:00,2024-01-04 12:00:00+00:00,-1,-1.3909367155503505
stage36b_ny_open_continuation_h4_atr075,ny_open,continuation,4,2024-01-04 13:00:00+00:00,2024-01-04 17:00:00+00:00,-1,0.035462677115458814
stage36b_ny_open_reversal_h4_atr075,ny_open,reversal,4,2024-01-04 13:00:00+00:00,2024-01-04 17:00:00+00:00,1,-0.035462677115458814
stage36b_ny_late_reversal_h8_atr075,ny_late,reversal,8,2024-01-04 18:00:00+00:00,2024-01-05 02:00:00+00:00,1,-0.5280350227311901
stage36b_ny_late_continuation_h8_atr075,ny_late,continuation,8,2024-01-04 18:00:00+00:00,2024-01-05 02:00:00+00:00,-1,0.5280350227311901
stage36b_london_open_continuation_h4_atr075,london_open,continuation,4,2024-01-05 08:00:00+00:00,2024-01-05 12:00:00+00:00,-1,5.175355450237325
stage36b_london_open_reversal_h4_atr075,london_open,reversal,4,2024-01-05 08:00:00+00:00,2024-01-05 12:00:00+00:00,1,-5.175355450237325
stage36b_ny_open_continuation_h4_atr075,ny_open,continuation,4,2024-01-05 13:00:00+00:00,2024-01-05 17:00:00+00:00,-1,-28.49340218014982
stage36b_ny_open_reversal_h4_atr075,ny_open,reversal,4,2024-01-05 13:00:00+00:00,2024-01-05 17:00:00+00:00,1,28.49340218014982
stage36b_ny_late_reversal_h8_atr075,ny_late,reversal,8,2024-01-05 18:00:00+00:00,2024-01-08 01:00:00+00:00,1,-0.6719916001049615
stage36b_ny_late_continuation_h8_atr075,ny_late,continuation,8,2024-01-05 18:00:00+00:00,2024-01-08 01:00:00+00:00,-1,0.6719916001049615
stage36b_london_open_continuation_h4_atr075,london_open,continuation,4,2024-01-08 08:00:00+00:00,2024-01-08 12:00:00+00:00,1,-7.313742950430411
stage36b_london_open_reversal_h4_atr075,london_open,reversal,4,2024-01-08 08:00:00+00:00,2024-01-08 12:00:00+00:00,-1,7.313742950430411
stage36b_ny_open_continuation_h4_atr075,ny_open,continuation,4,2024-01-08 13:00:00+00:00,2024-01-08 17:00:00+00:00,-1,-16.962618321835237
stage36b_ny_open_reversal_h4_atr075,ny_open,reversal,4,2024-01-08 13:00:00+00:00,2024-01-08 17:00:00+00:00,1,16.962618321835237
stage36b_ny_late_reversal_h8_atr075,ny_late,reversal,8,2024-01-08 18:00:00+00:00,2024-01-09 02:00:00+00:00,1,1.9695607601922247
stage36b_ny_late_continuation_h8_atr075,ny_late,continuation,8,2024-01-08 18:00:00+00:00,2024-01-09 02:00:00+00:00,-1,-1.9695607601922247
stage36b_london_open_continuation_h4_atr075,london_open,continuation,4,2024-01-09 08:00:00+00:00,2024-01-09 12:00:00+00:00,1,3.385038091669941
stage36b_london_open_reversal_h4_atr075,london_open,reversal,4,2024-01-09 08:00:00+00:00,2024-01-09 12:00:00+00:00,-1,-3.385038091669941
stage36b_ny_open_continuation_h4_atr075,ny_open,continuation,4,2024-01-09 13:00:00+00:00,2024-01-09 17:00:00+00:00,-1,8.277258017063893
stage36b_ny_open_reversal_h4_atr075,ny_open,reversal,4,2024-01-09 13:00:00+00:00,2024-01-09 17:00:00+00:00,1,-8.277258017063893
stage36b_ny_late_reversal_h8_atr075,ny_late,reversal,8,2024-01-09 18:00:00+00:00,2024-01-10 02:00:00+00:00,-1,1.1789473684210374
stage36b_ny_late_continuation_h8_atr075,ny_late,continuation,8,2024-01-09 18:00:00+00:00,2024-01-10 02:00:00+00:00,1,-1.1789473684210374
stage36b_london_open_continuation_h4_atr075,london_open,continuation,4,2024-01-10 08:00:00+00:00,2024-01-10 12:00:00+00:00,-1,-17.71402298850564
stage36b_london_open_reversal_h4_atr075,london_open,reversal,4,2024-01-10 08:00:00+00:00,2024-01-10 12:00:00+00:00,1,17.71402298850564
stage36b_ny_open_continuation_h4_atr075,ny_open,continuation,4,2024-01-10 13:00:00+00:00,2024-01-10 17:00:00+00:00,-1,9.06519742883383
stage36b_ny_open_reversal_h4_atr075,ny_open,reversal,4,2024-01-10 13:00:00+00:00,2024-01-10 17:00:00+00:00,1,-9.06519742883383
stage36b_ny_late_reversal_h8_atr075,ny_late,reversal,8,2024-01-10 18:00:00+00:00,2024-01-11 02:00:00+00:00,1,0.771273979341009
stage36b_ny_late_continuation_h8_atr075,ny_late,continuation,8,2024-01-10 18:00:00+00:00,2024-01-11 02:00:00+00:00,-1,-0.771273979341009
stage36b_london_open_continuation_h4_atr075,london_open,continuation,4,2024-01-11 08:00:00+00:00,2024-01-11 12:00:00+00:00,1,-3.153963881236878
stage36b_london_open_reversal_h4_atr075,london_open,reversal,4,2024-01-11 08:00:00+00:00,2024-01-11 12:00:00+00:00,-1,3.153963881236878
stage36b_ny_open_continuation_h4_atr075,ny_open,continuation,4,2024-01-11 13:00:00+00:00,2024-01-11 17:00:00+00:00,1,-10.692556634304118
stage36b_ny_open_reversal_h4_atr075,ny_open,reversal,4,2024-01-11 13:00:00+00:00,2024-01-11 17:00:00+00:00,-1,10.692556634304118
stage36b_ny_late_reversal_h8_atr075,ny_late,reversal,8,2024-01-11 18:00:00+00:00,2024-01-12 02:00:00+00:00,1,14.326853084775998
stage36b_ny_late_continuation_h8_atr075,ny_late,continuation,8,2024-01-11 18:00:00+00:00,2024-01-12 02:00:00+00:00,-1,-14.326853084775998
stage36b_london_open_continuation_h4_atr075,london_open,continuation,4,2024-01-12 08:00:00+00:00,2024-01-12 12:00:00+00:00,-1,-12.373595937836525
stage36b_london_open_reversal_h4_atr075,london_open,reversal,4,2024-01-12 08:00:00+00:00,2024-01-12 12:00:00+00:00,1,12.373595937836525
stage36b_ny_open_continuation_h4_atr075,ny_open,continuation,4,2024-01-12 13:00:00+00:00,2024-01-12 17:00:00+00:00,-1,-11.249832388614353
stage36b_ny_open_reversal_h4_atr075,ny_open,reversal,4,2024-01-12 13:00:00+00:00,2024-01-12 17:00:00+00:00,1,11.249832388614353
stage36b_ny_late_reversal_h8_atr075,ny_late,reversal,8,2024-01-12 18:00:00+00:00,2024-01-15 01:00:00+00:00,1,-0.6527487821851741
stage36b_ny_late_continuation_h8_atr075,ny_late,continuation,8,2024-01-12 18:00:00+00:00,2024-01-15 01:00:00+00:00,-1,0.6527487821851741
stage36b_london_open_continuation_h4_atr075,london_open,continuation,4,2024-01-15 08:00:00+00:00,2024-01-15 12:00:00+00:00,1,-3.7013965050811617
stage36b_london_open_reversal_h4_atr075,london_open,reversal,4,2024-01-15 08:00:00+00:00,2024-01-15 12:00:00+00:00,-1,3.7013965050811617
stage36b_ny_open_continuation_h4_atr075,ny_open,continuation,4,2024-01-15 13:00:00+00:00,2024-01-15 17:00:00+00:00,1,0.047128129602671216
stage36b_ny_open_reversal_h4_atr075,ny_open,reversal,4,2024-01-15 13:00:00+00:00,2024-01-15 17:00:00+00:00,-1,-0.047128129602671216
stage36b_ny_late_reversal_h8_atr075,ny_late,reversal,8,2024-01-15 18:00:00+00:00,2024-01-16 03:00:00+00:00,-1,5.655247417074576
stage36b_ny_late_continuation_h8_atr075,ny_late,continuation,8,2024-01-15 18:00:00+00:00,2024-01-16 03:00:00+00:00,1,-5.655247417074576
stage36b_london_open_continuation_h4_atr075,london_open,continuation,4,2024-01-16 08:00:00+00:00,2024-01-16 12:00:00+00:00,1,-20.038746438746383
stage36b_london_open_reversal_h4_atr075,london_open,reversal,4,2024-01-16 08:00:00+00:00,2024-01-16 12:00:00+00:00,-1,20.038746438746383
stage36b_ny_open_continuation_h4_atr075,ny_open,continuation,4,2024-01-16 13:00:00+00:00,2024-01-16 17:00:00+00:00,-1,-1.9636915855594312
stage36b_ny_open_reversal_h4_atr075,ny_open,reversal,4,2024-01-16 13:00:00+00:00,2024-01-16 17:00:00+00:00,1,1.9636915855594312
stage36b_ny_late_reversal_h8_atr075,ny_late,reversal,8,2024-01-16 18:00:00+00:00,2024-01-17 02:00:00+00:00,1,-5.411412281973232
stage36b_ny_late_continuation_h8_atr075,ny_late,continuation,8,2024-01-16 18:00:00+00:00,2024-01-17 02:00:00+00:00,-1,5.411412281973232
stage36b_london_open_continuation_h4_atr075,london_open,continuation,4,2024-01-17 08:00:00+00:00,2024-01-17 12:00:00+00:00,-1,-8.939057066301837
stage36b_london_open_reversal_h4_atr075,london_open,reversal,4,2024-01-17 08:00:00+00:00,2024-01-17 12:00:00+00:00,1,8.939057066301837
stage36b_ny_open_continuation_h4_atr075,ny_open,continuation,4,2024-01-17 13:00:00+00:00,2024-01-17 17:00:00+00:00,-1,17.529417906551725
stage36b_ny_open_reversal_h4_atr075,ny_open,reversal,4,2024-01-17 13:00:00+00:00,2024-01-17 17:00:00+00:00,1,-17.529417906551725
stage36b_ny_late_reversal_h8_atr075,ny_late,reversal,8,2024-01-17 18:00:00+00:00,2024-01-18 02:00:00+00:00,1,4.632415902140728
stage36b_ny_late_continuation_h8_atr075,ny_late,continuation,8,2024-01-17 18:00:00+00:00,2024-01-18 02:00:00+00:00,-1,-4.632415902140728
stage36b_london_open_continuation_h4_atr075,london_open,continuation,4,2024-01-18 08:00:00+00:00,2024-01-18 12:00:00+00:00,1,-1.6630944876377167
stage36b_london_open_reversal_h4_atr075,london_open,reversal,4,2024-01-18 08:00:00+00:00,2024-01-18 12:00:00+00:00,-1,1.6630944876377167
stage36b_ny_open_continuation_h4_atr075,ny_open,continuation,4,2024-01-18 13:00:00+00:00,2024-01-18 17:00:00+00:00,1,2.03879438973444
stage36b_ny_open_reversal_h4_atr075,ny_open,reversal,4,2024-01-18 13:00:00+00:00,2024-01-18 17:00:00+00:00,-1,-2.03879438973444
stage36b_ny_late_reversal_h8_atr075,ny_late,reversal,8,2024-01-18 18:00:00+00:00,2024-01-19 02:00:00+00:00,-1,-11.364117719492304
stage36b_ny_late_continuation_h8_atr075,ny_late,continuation,8,2024-01-18 18:00:00+00:00,2024-01-19 02:00:00+00:00,1,11.364117719492304
stage36b_london_open_continuation_h4_atr075,london_open,continuation,4,2024-01-19 08:00:00+00:00,2024-01-19 12:00:00+00:00,1,12.931756460796974
stage36b_london_open_reversal_h4_atr075,london_open,reversal,4,2024-01-19 08:00:00+00:00,2024-01-19 12:00:00+00:00,-1,-12.931756460796974
stage36b_ny_open_continuation_h4_atr075,ny_open,continuation,4,2024-01-19 13:00:00+00:00,2024-01-19 17:00:00+00:00,1,-7.370370370370373
stage36b_ny_open_reversal_h4_atr075,ny_open,reversal,4,2024-01-19 13:00:00+00:00,2024-01-19 17:00:00+00:00,-1,7.370370370370373
stage36b_ny_late_reversal_h8_atr075,ny_late,reversal,8,2024-01-19 18:00:00+00:00,2024-01-22 01:00:00+00:00,1,3.188526783325133
stage36b_ny_late_continuation_h8_atr075,ny_late,continuation,8,2024-01-19 18:00:00+00:00,2024-01-22 01:00:00+00:00,-1,-3.188526783325133
stage36b_london_open_continuation_h4_atr075,london_open,continuation,4,2024-01-22 08:00:00+00:00,2024-01-22 12:00:00+00:00,-1,-3.7708588706381527
stage36b_london_open_reversal_h4_atr075,london_open,reversal,4,2024-01-22 08:00:00+00:00,2024-01-22 12:00:00+00:00,1,3.7708588706381527
stage36b_ny_open_continuation_h4_atr075,ny_open,continuation,4,2024-01-22 13:00:00+00:00,2024-01-22 17:00:00+00:00,1,-2.972812781858283
stage36b_ny_open_reversal_h4_atr075,ny_open,reversal,4,2024-01-22 13:00:00+00:00,2024-01-22 17:00:00+00:00,-1,2.972812781858283
stage36b_ny_late_reversal_h8_atr075,ny_late,reversal,8,2024-01-22 18:00:00+00:00,2024-01-23 02:00:00+00:00,1,-1.1045701794520213
stage36b_ny_late_continuation_h8_atr075,ny_late,continuation,8,2024-01-22 18:00:00+00:00,2024-01-23 02:00:00+00:00,-1,1.1045701794520213
stage36b_london_open_continuation_h4_atr075,london_open,continuation,4,2024-01-23 08:00:00+00:00,2024-01-23 12:00:00+00:00,1,-17.150374789659146
stage36b_london_open_reversal_h4_atr075,london_open,reversal,4,2024-01-23 08:00:00+00:00,2024-01-23 12:00:00+00:00,-1,17.150374789659146
stage36b_ny_open_continuation_h4_atr075,ny_open,continuation,4,2024-01-23 13:00:00+00:00,2024-01-23 17:00:00+00:00,-1,-1.5826296743061372
stage36b_ny_open_reversal_h4_atr075,ny_open,reversal,4,2024-01-23 13:00:00+00:00,2024-01-23 17:00:00+00:00,1,1.5826296743061372
stage36b_ny_late_reversal_h8_atr075,ny_late,reversal,8,2024-01-23 18:00:00+00:00,2024-01-24 02:00:00+00:00,-1,-1.8208690511381536
stage36b_ny_late_continuation_h8_atr075,ny_late,continuation,8,2024-01-23 18:00:00+00:00,2024-01-24 02:00:00+00:00,1,1.8208690511381536
stage36b_london_open_continuation_h4_atr075,london_open,continuation,4,2024-01-24 08:00:00+00:00,2024-01-24 12:00:00+00:00,1,12.76995305164311
stage36b_london_open_reversal_h4_atr075,london_open,reversal,4,2024-01-24 08:00:00+00:00,2024-01-24 12:00:00+00:00,-1,-12.76995305164311
stage36b_ny_open_continuation_h4_atr075,ny_open,continuation,4,2024-01-24 13:00:00+00:00,2024-01-24 17:00:00+00:00,1,-30.13564598621294
stage36b_ny_open_reversal_h4_atr075,ny_open,reversal,4,2024-01-24 13:00:00+00:00,2024-01-24 17:00:00+00:00,-1,30.13564598621294
stage36b_ny_late_reversal_h8_atr075,ny_late,reversal,8,2024-01-24 18:00:00+00:00,2024-01-25 02:00:00+00:00,-1,0.06759203379595498
stage36b_ny_late_continuation_h8_atr075,ny_late,continuation,8,2024-01-24 18:00:00+00:00,2024-01-25 02:00:00+00:00,1,-0.06759203379595498
stage36b_london_open_continuation_h4_atr075,london_open,continuation,4,2024-01-25 08:00:00+00:00,2024-01-25 12:00:00+00:00,1,6.6917378917380175
stage36b_london_open_reversal_h4_atr075,london_open,reversal,4,2024-01-25 08:00:00+00:00,2024-01-25 12:00:00+00:00,-1,-6.6917378917380175
stage36b_ny_open_continuation_h4_atr075,ny_open,continuation,4,2024-01-25 13:00:00+00:00,2024-01-25 17:00:00+00:00,-1,-5.399246209133144
stage36b_ny_open_reversal_h4_atr075,ny_open,reversal,4,2024-01-25 13:00:00+00:00,2024-01-25 17:00:00+00:00,1,5.399246209133144
stage36b_ny_late_reversal_h8_atr075,ny_late,reversal,8,2024-01-25 18:00:00+00:00,2024-01-26 02:00:00+00:00,1,7.5393349553934375
stage36b_ny_late_continuation_h8_atr075,ny_late,continuation,8,2024-01-25 18:00:00+00:00,2024-01-26 02:00:00+00:00,-1,-7.5393349553934375
stage36b_london_open_continuation_h4_atr075,london_open,continuation,4,2024-01-26 08:00:00+00:00,2024-01-26 12:00:00+00:00,-1,-3.8999125109362303
stage36b_london_open_reversal_h4_atr075,london_open,reversal,4,2024-01-26 08:00:00+00:00,2024-01-26 12:00:00+00:00,1,3.8999125109362303
stage36b_ny_open_continuation_h4_atr075,ny_open,continuation,4,2024-01-26 13:00:00+00:00,2024-01-26 17:00:00+00:00,-1,14.063473289966778
stage36b_ny_open_reversal_h4_atr075,ny_open,reversal,4,2024-01-26 13:00:00+00:00,2024-01-26 17:00:00+00:00,1,-14.063473289966778
stage36b_ny_late_reversal_h8_atr075,ny_late,reversal,8,2024-01-26 18:00:00+00:00,2024-01-29 01:00:00+00:00,-1,-5.341007194244572
stage36b_ny_late_continuation_h8_atr075,ny_late,continuation,8,2024-01-26 18:00:00+00:00,2024-01-29 01:00:00+00:00,1,5.341007194244572
stage36b_london_open_continuation_h4_atr075,london_open,continuation,4,2024-01-29 08:00:00+00:00,2024-01-29 12:00:00+00:00,1,-1.9114425855002117
stage36b_london_open_reversal_h4_atr075,london_open,reversal,4,2024-01-29 08:00:00+00:00,2024-01-29 12:00:00+00:00,-1,1.9114425855002117
stage36b_ny_open_continuation_h4_atr075,ny_open,continuation,4,2024-01-29 13:00:00+00:00,2024-01-29 17:00:00+00:00,1,-4.025035332121734
stage36b_ny_open_reversal_h4_atr075,ny_open,reversal,4,2024-01-29 13:00:00+00:00,2024-01-29 17:00:00+00:00,-1,4.025035332121734
stage36b_ny_late_reversal_h8_atr075,ny_late,reversal,8,2024-01-29 18:00:00+00:00,2024-01-30 02:00:00+00:00,-1,-7.431333638630215
stage36b_ny_late_continuation_h8_atr075,ny_late,continuation,8,2024-01-29 18:00:00+00:00,2024-01-30 02:00:00+00:00,1,7.431333638630215
stage36b_london_open_continuation_h4_atr075,london_open,continuation,4,2024-01-30 08:00:00+00:00,2024-01-30 12:00:00+00:00,1,1.7931325047396256
stage36b_london_open_reversal_h4_atr075,london_open,reversal,4,2024-01-30 08:00:00+00:00,2024-01-30 12:00:00+00:00,-1,-1.7931325047396256
stage36b_ny_open_continuation_h4_atr075,ny_open,continuation,4,2024-01-30 13:00:00+00:00,2024-01-30 17:00:00+00:00,-1,2.8242315726649347
stage36b_ny_open_reversal_h4_atr075,ny_open,reversal,4,2024-01-30 13:00:00+00:00,2024-01-30 17:00:00+00:00,1,-2.8242315726649347
stage36b_ny_late_reversal_h8_atr075,ny_late,reversal,8,2024-01-30 18:00:00+00:00,2024-01-31 02:00:00+00:00,-1,-0.14948281614934625
stage36b_ny_late_continuation_h8_atr075,ny_late,continuation,8,2024-01-30 18:00:00+00:00,2024-01-31 02:00:00+00:00,1,0.14948281614934625
stage36b_london_open_continuation_h4_atr075,london_open,continuation,4,2024-01-31 08:00:00+00:00,2024-01-31 12:00:00+00:00,-1,-6.43883743213029
stage36b_london_open_reversal_h4_atr075,london_open,reversal,4,2024-01-31 08:00:00+00:00,2024-01-31 12:00:00+00:00,1,6.43883743213029
stage36b_ny_open_continuation_h4_atr075,ny_open,continuation,4,2024-01-31 13:00:00+00:00,2024-01-31 17:00:00+00:00,1,32.94899169632243
stage36b_ny_open_reversal_h4_atr075,ny_open,reversal,4,2024-01-31 13:00:00+00:00,2024-01-31 17:00:00+00:00,-1,-32.94899169632243
stage36b_ny_late_reversal_h8_atr075,ny_late,reversal,8,2024-01-31 18:00:00+00:00,2024-02-01 02:00:00+00:00,1,-12.06812652068087
stage36b_ny_late_continuation_h8_atr075,ny_late,continuation,8,2024-01-31 18:00:00+00:00,2024-02-01 02:00:00+00:00,-1,12.06812652068087
stage36b_london_open_continuation_h4_atr075,london_open,continuation,4,2024-02-01 08:00:00+00:00,2024-02-01 12:00:00+00:00,-1,12.980169407075518
stage36b_london_open_reversal_h4_atr075,london_open,reversal,4,2024-02-01 08:00:00+00:00,2024-02-01 12:00:00+00:00,1,-12.980169407075518
stage36b_ny_open_continuation_h4_atr075,ny_open,continuation,4,2024-02-01 13:00:00+00:00,2024-02-01 17:00:00+00:00,1,26.833557304665554
stage36b_ny_open_reversal_h4_atr075,ny_open,reversal,4,2024-02-01 13:00:00+00:00,2024-02-01 17:00:00+00:00,-1,-26.833557304665554
stage36b_ny_late_reversal_h8_atr075,ny_late,reversal,8,2024-02-01 18:00:00+00:00,2024-02-02 02:00:00+00:00,-1,3.7974979539342137
stage36b_ny_late_continuation_h8_atr075,ny_late,continuation,8,2024-02-01 18:00:00+00:00,2024-02-02 02:00:00+00:00,1,-3.7974979539342137
stage36b_london_open_continuation_h4_atr075,london_open,continuation,4,2024-02-02 08:00:00+00:00,2024-02-02 12:00:00+00:00,-1,1.1598705501615036
stage36b_london_open_reversal_h4_atr075,london_open,reversal,4,2024-02-02 08:00:00+00:00,2024-02-02 12:00:00+00:00,1,-1.1598705501615036
stage36b_ny_open_continuation_h4_atr075,ny_open,continuation,4,2024-02-02 13:00:00+00:00,2024-02-02 17:00:00+00:00,1,-47.03534303534365
stage36b_ny_open_reversal_h4_atr075,ny_open,reversal,4,2024-02-02 13:00:00+00:00,2024-02-02 17:00:00+00:00,-1,47.03534303534365
stage36b_ny_late_reversal_h8_atr075,ny_late,reversal,8,2024-02-02 18:00:00+00:00,2024-02-05 01:00:00+00:00,-1,-3.1454151352370676
stage36b_ny_late_continuation_h8_atr075,ny_late,continuation,8,2024-02-02 18:00:00+00:00,2024-02-05 01:00:00+00:00,1,3.1454151352370676
stage36b_london_open_continuation_h4_atr075,london_open,continuation,4,2024-02-05 08:00:00+00:00,2024-02-05 12:00:00+00:00,1,-8.333855708398465
stage36b_london_open_reversal_h4_atr075,london_open,reversal,4,2024-02-05 08:00:00+00:00,2024-02-05 12:00:00+00:00,-1,8.333855708398465
stage36b_ny_open_continuation_h4_atr075,ny_open,continuation,4,2024-02-05 13:00:00+00:00,2024-02-05 17:00:00+00:00,1,-11.635289774824896
stage36b_ny_open_reversal_h4_atr075,ny_open,reversal,4,2024-02-05 13:00:00+00:00,2024-02-05 17:00:00+00:00,-1,11.635289774824896
stage36b_ny_late_reversal_h8_atr075,ny_late,reversal,8,2024-02-05 18:00:00+00:00,2024-02-06 02:00:00+00:00,-1,-5.047371961180042
stage36b_ny_late_continuation_h8_atr075,ny_late,continuation,8,2024-02-05 18:00:00+00:00,2024-02-06 02:00:00+00:00,1,5.047371961180042
stage36b_london_open_continuation_h4_atr075,london_open,continuation,4,2024-02-06 08:00:00+00:00,2024-02-06 12:00:00+00:00,-1,5.521536066424225
stage36b_london_open_reversal_h4_atr075,london_open,reversal,4,2024-02-06 08:00:00+00:00,2024-02-06 12:00:00+00:00,1,-5.521536066424225
stage36b_ny_open_continuation_h4_atr075,ny_open,continuation,4,2024-02-06 13:00:00+00:00,2024-02-06 17:00:00+00:00,1,17.304265402843345
stage36b_ny_open_reversal_h4_atr075,ny_open,reversal,4,2024-02-06 13:00:00+00:00,2024-02-06 17:00:00+00:00,-1,-17.304265402843345
stage36b_ny_late_reversal_h8_atr075,ny_late,reversal,8,2024-02-06 18:00:00+00:00,2024-02-07 02:00:00+00:00,-1,2.1636669066476326
stage36b_ny_late_continuation_h8_atr075,ny_late,continuation,8,2024-02-06 18:00:00+00:00,2024-02-07 02:00:00+00:00,1,-2.1636669066476326
stage36b_london_open_continuation_h4_atr075,london_open,continuation,4,2024-02-07 08:00:00+00:00,2024-02-07 12:00:00+00:00,1,-0.5671510347864873
stage36b_london_open_reversal_h4_atr075,london_open,reversal,4,2024-02-07 08:00:00+00:00,2024-02-07 12:00:00+00:00,-1,0.5671510347864873
stage36b_ny_open_continuation_h4_atr075,ny_open,continuation,4,2024-02-07 13:00:00+00:00,2024-02-07 17:00:00+00:00,1,10.99781533862255
stage36b_ny_open_reversal_h4_atr075,ny_open,reversal,4,2024-02-07 13:00:00+00:00,2024-02-07 17:00:00+00:00,-1,-10.99781533862255
stage36b_ny_late_reversal_h8_atr075,ny_late,reversal,8,2024-02-07 18:00:00+00:00,2024-02-08 02:00:00+00:00,-1,1.6272581163614372
stage36b_ny_late_continuation_h8_atr075,ny_late,continuation,8,2024-02-07 18:00:00+00:00,2024-02-08 02:00:00+00:00,1,-1.6272581163614372
stage36b_london_open_continuation_h4_atr075,london_open,continuation,4,2024-02-08 08:00:00+00:00,2024-02-08 12:00:00+00:00,-1,-6.213233169603924
stage36b_london_open_reversal_h4_atr075,london_open,reversal,4,2024-02-08 08:00:00+00:00,2024-02-08 12:00:00+00:00,1,6.213233169603924
stage36b_ny_open_continuation_h4_atr075,ny_open,continuation,4,2024-02-08 13:00:00+00:00,2024-02-08 17:00:00+00:00,-1,-4.338526315789459
stage36b_ny_open_reversal_h4_atr075,ny_open,reversal,4,2024-02-08 13:00:00+00:00,2024-02-08 17:00:00+00:00,1,4.338526315789459
stage36b_ny_late_reversal_h8_atr075,ny_late,reversal,8,2024-02-08 18:00:00+00:00,2024-02-09 02:00:00+00:00,-1,-0.1338665931134722
stage36b_ny_late_continuation_h8_atr075,ny_late,continuation,8,2024-02-08 18:00:00+00:00,2024-02-09 02:00:00+00:00,1,0.1338665931134722
stage36b_london_open_continuation_h4_atr075,london_open,continuation,4,2024-02-09 08:00:00+00:00,2024-02-09 12:00:00+00:00,1,-2.493731085170733
stage36b_london_open_reversal_h4_atr075,london_open,reversal,4,2024-02-09 08:00:00+00:00,2024-02-09 12:00:00+00:00,-1,2.493731085170733
stage36b_ny_open_continuation_h4_atr075,ny_open,continuation,4,2024-02-09 13:00:00+00:00,2024-02-09 17:00:00+00:00,-1,22.16853094705454
stage36b_ny_open_reversal_h4_atr075,ny_open,reversal,4,2024-02-09 13:00:00+00:00,2024-02-09 17:00:00+00:00,1,-22.16853094705454
stage36b_ny_late_reversal_h8_atr075,ny_late,reversal,8,2024-02-09 18:00:00+00:00,2024-02-12 01:00:00+00:00,1,5.637436099095781
stage36b_ny_late_continuation_h8_atr075,ny_late,continuation,8,2024-02-09 18:00:00+00:00,2024-02-12 01:00:00+00:00,-1,-5.637436099095781
stage36b_london_open_continuation_h4_atr075,london_open,continuation,4,2024-02-12 08:00:00+00:00,2024-02-12 12:00:00+00:00,1,-9.155163974547007
stage36b_london_open_reversal_h4_atr075,london_open,reversal,4,2024-02-12 08:00:00+00:00,2024-02-12 12:00:00+00:00,-1,9.155163974547007
stage36b_ny_open_continuation_h4_atr075,ny_open,continuation,4,2024-02-12 13:00:00+00:00,2024-02-12 17:00:00+00:00,1,-22.347602339181215
stage36b_ny_open_reversal_h4_atr075,ny_open,reversal,4,2024-02-12 13:00:00+00:00,2024-02-12 17:00:00+00:00,-1,22.347602339181215
stage36b_ny_late_reversal_h8_atr075,ny_late,reversal,8,2024-02-12 18:00:00+00:00,2024-02-13 02:00:00+00:00,-1,-5.779402279079594
stage36b_ny_late_continuation_h8_atr075,ny_late,continuation,8,2024-02-12 18:00:00+00:00,2024-02-13 02:00:00+00:00,1,5.779402279079594
stage36b_london_open_continuation_h4_atr075,london_open,continuation,4,2024-02-13 08:00:00+00:00,2024-02-13 12:00:00+00:00,1,7.368578447078798
stage36b_london_open_reversal_h4_atr075,london_open,reversal,4,2024-02-13 08:00:00+00:00,2024-02-13 12:00:00+00:00,-1,-7.368578447078798
stage36b_ny_open_continuation_h4_atr075,ny_open,continuation,4,2024-02-13 13:00:00+00:00,2024-02-13 17:00:00+00:00,1,-96.91706132361884
stage36b_ny_open_reversal_h4_atr075,ny_open,reversal,4,2024-02-13 13:00:00+00:00,2024-02-13 17:00:00+00:00,-1,96.91706132361884
stage36b_ny_late_reversal_h8_atr075,ny_late,reversal,8,2024-02-13 18:00:00+00:00,2024-02-14 02:00:00+00:00,-1,2.2653721682847943
stage36b_ny_late_continuation_h8_atr075,ny_late,continuation,8,2024-02-13 18:00:00+00:00,2024-02-14 02:00:00+00:00,1,-2.2653721682847943
stage36b_london_open_continuation_h4_atr075,london_open,continuation,4,2024-02-14 08:00:00+00:00,2024-02-14 12:00:00+00:00,-1,-1.1797832472399112
stage36b_london_open_reversal_h4_atr075,london_open,reversal,4,2024-02-14 08:00:00+00:00,2024-02-14 12:00:00+00:00,1,1.1797832472399112
stage36b_ny_open_continuation_h4_atr075,ny_open,continuation,4,2024-02-14 13:00:00+00:00,2024-02-14 17:00:00+00:00,-1,8.880700803756664
stage36b_ny_open_reversal_h4_atr075,ny_open,reversal,4,2024-02-14 13:00:00+00:00,2024-02-14 17:00:00+00:00,1,-8.880700803756664
stage36b_ny_late_reversal_h8_atr075,ny_late,reversal,8,2024-02-14 18:00:00+00:00,2024-02-15 02:00:00+00:00,-1,-0.7130302401218496
stage36b_ny_late_continuation_h8_atr075,ny_late,continuation,8,2024-02-14 18:00:00+00:00,2024-02-15 02:00:00+00:00,1,0.7130302401218496
stage36b_london_open_continuation_h4_atr075,london_open,continuation,4,2024-02-15 08:00:00+00:00,2024-02-15 12:00:00+00:00,1,6.285147729526019
stage36b_london_open_reversal_h4_atr075,london_open,reversal,4,2024-02-15 08:00:00+00:00,2024-02-15 12:00:00+00:00,-1,-6.285147729526019
stage36b_ny_open_continuation_h4_atr075,ny_open,continuation,4,2024-02-15 13:00:00+00:00,2024-02-15 17:00:00+00:00,1,9.16043341488998
stage36b_ny_open_reversal_h4_atr075,ny_open,reversal,4,2024-02-15 13:00:00+00:00,2024-02-15 17:00:00+00:00,-1,-9.16043341488998
stage36b_ny_late_reversal_h8_atr075,ny_late,reversal,8,2024-02-15 18:00:00+00:00,2024-02-16 02:00:00+00:00,1,3.5367622145421533
stage36b_ny_late_continuation_h8_atr075,ny_late,continuation,8,2024-02-15 18:00:00+00:00,2024-02-16 02:00:00+00:00,-1,-3.5367622145421533
stage36b_london_open_continuation_h4_atr075,london_open,continuation,4,2024-02-16 08:00:00+00:00,2024-02-16 12:00:00+00:00,-1,-9.343430700804763
stage36b_london_open_reversal_h4_atr075,london_open,reversal,4,2024-02-16 08:00:00+00:00,2024-02-16 12:00:00+00:00,1,9.343430700804763
stage36b_ny_open_continuation_h4_atr075,ny_open,continuation,4,2024-02-16 13:00:00+00:00,2024-02-16 17:00:00+00:00,1,1.5648702594808839
stage36b_ny_open_reversal_h4_atr075,ny_open,reversal,4,2024-02-16 13:00:00+00:00,2024-02-16 17:00:00+00:00,-1,-1.5648702594808839
stage36b_ny_late_reversal_h8_atr075,ny_late,reversal,8,2024-02-16 18:00:00+00:00,2024-02-19 01:00:00+00:00,-1,-6.0828777993298
stage36b_ny_late_continuation_h8_atr075,ny_late,continuation,8,2024-02-16 18:00:00+00:00,2024-02-19 01:00:00+00:00,1,6.0828777993298
stage36b_london_open_continuation_h4_atr075,london_open,continuation,4,2024-02-19 08:00:00+00:00,2024-02-19 12:00:00+00:00,1,-3.2521957340022927
stage36b_london_open_reversal_h4_atr075,london_open,reversal,4,2024-02-19 08:00:00+00:00,2024-02-19 12:00:00+00:00,-1,3.2521957340022927
stage36b_ny_open_continuation_h4_atr075,ny_open,continuation,4,2024-02-19 13:00:00+00:00,2024-02-19 17:00:00+00:00,-1,5.117570044514253
stage36b_ny_open_reversal_h4_atr075,ny_open,reversal,4,2024-02-19 13:00:00+00:00,2024-02-19 17:00:00+00:00,1,-5.117570044514253
stage36b_ny_late_reversal_h8_atr075,ny_late,reversal,8,2024-02-19 18:00:00+00:00,2024-02-20 03:00:00+00:00,-1,-1.5260026866245062
stage36b_ny_late_continuation_h8_atr075,ny_late,continuation,8,2024-02-19 18:00:00+00:00,2024-02-20 03:00:00+00:00,1,1.5260026866245062
stage36b_london_open_continuation_h4_atr075,london_open,continuation,4,2024-02-20 08:00:00+00:00,2024-02-20 12:00:00+00:00,1,17.224880382774995
stage36b_london_open_reversal_h4_atr075,london_open,reversal,4,2024-02-20 08:00:00+00:00,2024-02-20 12:00:00+00:00,-1,-17.224880382774995
stage36b_ny_open_continuation_h4_atr075,ny_open,continuation,4,2024-02-20 13:00:00+00:00,2024-02-20 17:00:00+00:00,1,1.1911373707532384
stage36b_ny_open_reversal_h4_atr075,ny_open,reversal,4,2024-02-20 13:00:00+00:00,2024-02-20 17:00:00+00:00,-1,-1.1911373707532384
stage36b_ny_late_reversal_h8_atr075,ny_late,reversal,8,2024-02-20 18:00:00+00:00,2024-02-21 02:00:00+00:00,1,-5.960249858035136
stage36b_ny_late_continuation_h8_atr075,ny_late,continuation,8,2024-02-20 18:00:00+00:00,2024-02-21 02:00:00+00:00,-1,5.960249858035136
stage36b_london_open_continuation_h4_atr075,london_open,continuation,4,2024-02-21 08:00:00+00:00,2024-02-21 12:00:00+00:00,-1,-0.02482269503543772
stage36b_london_open_reversal_h4_atr075,london_open,reversal,4,2024-02-21 08:00:00+00:00,2024-02-21 12:00:00+00:00,1,0.02482269503543772
stage36b_ny_open_continuation_h4_atr075,ny_open,continuation,4,2024-02-21 13:00:00+00:00,2024-02-21 17:00:00+00:00,-1,9.64261381232545
stage36b_ny_open_reversal_h4_atr075,ny_open,reversal,4,2024-02-21 13:00:00+00:00,2024-02-21 17:00:00+00:00,1,-9.64261381232545
stage36b_ny_late_reversal_h8_atr075,ny_late,reversal,8,2024-02-21 18:00:00+00:00,2024-02-22 02:00:00+00:00,1,4.431924882628997
stage36b_ny_late_continuation_h8_atr075,ny_late,continuation,8,2024-02-21 18:00:00+00:00,2024-02-22 02:00:00+00:00,-1,-4.431924882628997
stage36b_london_open_continuation_h4_atr075,london_open,continuation,4,2024-02-22 08:00:00+00:00,2024-02-22 12:00:00+00:00,1,0.4507866813026475
stage36b_london_open_reversal_h4_atr075,london_open,reversal,4,2024-02-22 08:00:00+00:00,2024-02-22 12:00:00+00:00,-1,-0.4507866813026475
stage36b_ny_open_continuation_h4_atr075,ny_open,continuation,4,2024-02-22 13:00:00+00:00,2024-02-22 17:00:00+00:00,-1,12.641520299452985
stage36b_ny_open_reversal_h4_atr075,ny_open,reversal,4,2024-02-22 13:00:00+00:00,2024-02-22 17:00:00+00:00,1,-12.641520299452985
stage36b_ny_late_reversal_h8_atr075,ny_late,reversal,8,2024-02-22 18:00:00+00:00,2024-02-23 02:00:00+00:00,1,5.609793634137712
stage36b_ny_late_continuation_h8_atr075,ny_late,continuation,8,2024-02-22 18:00:00+00:00,2024-02-23 02:00:00+00:00,-1,-5.609793634137712
stage36b_london_open_continuation_h4_atr075,london_open,continuation,4,2024-02-23 08:00:00+00:00,2024-02-23 12:00:00+00:00,-1,-4.370543037209671
stage36b_london_open_reversal_h4_atr075,london_open,reversal,4,2024-02-23 08:00:00+00:00,2024-02-23 12:00:00+00:00,1,4.370543037209671
stage36b_ny_open_continuation_h4_atr075,ny_open,continuation,4,2024-02-23 13:00:00+00:00,2024-02-23 17:00:00+00:00,1,10.319650655021993
stage36b_ny_open_reversal_h4_atr075,ny_open,reversal,4,2024-02-23 13:00:00+00:00,2024-02-23 17:00:00+00:00,-1,-10.319650655021993
stage36b_ny_late_reversal_h8_atr075,ny_late,reversal,8,2024-02-23 18:00:00+00:00,2024-02-26 01:00:00+00:00,-1,5.386898783617789
stage36b_ny_late_continuation_h8_atr075,ny_late,continuation,8,2024-02-23 18:00:00+00:00,2024-02-26 01:00:00+00:00,1,-5.386898783617789
stage36b_london_open_continuation_h4_atr075,london_open,continuation,4,2024-02-26 08:00:00+00:00,2024-02-26 12:00:00+00:00,-1,0.9295392953929896
stage36b_london_open_reversal_h4_atr075,london_open,reversal,4,2024-02-26 08:00:00+00:00,2024-02-26 12:00:00+00:00,1,-0.9295392953929896
stage36b_ny_open_continuation_h4_atr075,ny_open,continuation,4,2024-02-26 13:00:00+00:00,2024-02-26 17:00:00+00:00,-1,3.2430784861570876
stage36b_ny_open_reversal_h4_atr075,ny_open,reversal,4,2024-02-26 13:00:00+00:00,2024-02-26 17:00:00+00:00,1,-3.2430784861570876
stage36b_ny_late_reversal_h8_atr075,ny_late,reversal,8,2024-02-26 18:00:00+00:00,2024-02-27 02:00:00+00:00,1,6.312100402557377
stage36b_ny_late_continuation_h8_atr075,ny_late,continuation,8,2024-02-26 18:00:00+00:00,2024-02-27 02:00:00+00:00,-1,-6.312100402557377
stage36b_london_open_continuation_h4_atr075,london_open,continuation,4,2024-02-27 08:00:00+00:00,2024-02-27 12:00:00+00:00,-1,-9.02597054886222
stage36b_london_open_reversal_h4_atr075,london_open,reversal,4,2024-02-27 08:00:00+00:00,2024-02-27 12:00:00+00:00,1,9.02597054886222
stage36b_ny_open_continuation_h4_atr075,ny_open,continuation,4,2024-02-27 13:00:00+00:00,2024-02-27 17:00:00+00:00,1,-11.263276836158223
stage36b_ny_open_reversal_h4_atr075,ny_open,reversal,4,2024-02-27 13:00:00+00:00,2024-02-27 17:00:00+00:00,-1,11.263276836158223
stage36b_ny_late_reversal_h8_atr075,ny_late,reversal,8,2024-02-27 18:00:00+00:00,2024-02-28 02:00:00+00:00,1,-5.012734082396654
stage36b_ny_late_continuation_h8_atr075,ny_late,continuation,8,2024-02-27 18:00:00+00:00,2024-02-28 02:00:00+00:00,-1,5.012734082396654
stage36b_london_open_continuation_h4_atr075,london_open,continuation,4,2024-02-28 08:00:00+00:00,2024-02-28 12:00:00+00:00,-1,4.779388083735679
stage36b_london_open_reversal_h4_atr075,london_open,reversal,4,2024-02-28 08:00:00+00:00,2024-02-28 12:00:00+00:00,1,-4.779388083735679
stage36b_ny_open_continuation_h4_atr075,ny_open,continuation,4,2024-02-28 13:00:00+00:00,2024-02-28 17:00:00+00:00,-1,-11.305918605886767
stage36b_ny_open_reversal_h4_atr075,ny_open,reversal,4,2024-02-28 13:00:00+00:00,2024-02-28 17:00:00+00:00,1,11.305918605886767
stage36b_ny_late_reversal_h8_atr075,ny_late,reversal,8,2024-02-28 18:00:00+00:00,2024-02-29 02:00:00+00:00,-1,-0.9611442193090552
stage36b_ny_late_continuation_h8_atr075,ny_late,continuation,8,2024-02-28 18:00:00+00:00,2024-02-29 02:00:00+00:00,1,0.9611442193090552
stage36b_london_open_continuation_h4_atr075,london_open,continuation,4,2024-02-29 08:00:00+00:00,2024-02-29 12:00:00+00:00,1,-16.460417438558025
stage36b_london_open_reversal_h4_atr075,london_open,reversal,4,2024-02-29 08:00:00+00:00,2024-02-29 12:00:00+00:00,-1,16.460417438558025
stage36b_ny_open_continuation_h4_atr075,ny_open,continuation,4,2024-02-29 13:00:00+00:00,2024-02-29 17:00:00+00:00,-1,-45.702254262502144
stage36b_ny_open_reversal_h4_atr075,ny_open,reversal,4,2024-02-29 13:00:00+00:00,2024-02-29 17:00:00+00:00,1,45.702254262502144
stage36b_ny_late_reversal_h8_atr075,ny_late,reversal,8,2024-02-29 18:00:00+00:00,2024-03-01 02:00:00+00:00,1,-1.7392781316347738
stage36b_ny_late_continuation_h8_atr075,ny_late,continuation,8,2024-02-29 18:00:00+00:00,2024-03-01 02:00:00+00:00,-1,1.7392781316347738
stage36b_london_open_continuation_h4_atr075,london_open,continuation,4,2024-03-01 08:00:00+00:00,2024-03-01 12:00:00+00:00,1,23.083969465648355
stage36b_london_open_reversal_h4_atr075,london_open,reversal,4,2024-03-01 08:00:00+00:00,2024-03-01 12:00:00+00:00,-1,-23.083969465648355
stage36b_ny_open_continuation_h4_atr075,ny_open,continuation,4,2024-03-01 13:00:00+00:00,2024-03-01 17:00:00+00:00,1,22.076884814893663
stage36b_ny_open_reversal_h4_atr075,ny_open,reversal,4,2024-03-01 13:00:00+00:00,2024-03-01 17:00:00+00:00,-1,-22.076884814893663
stage36b_ny_late_reversal_h8_atr075,ny_late,reversal,8,2024-03-01 18:00:00+00:00,2024-03-04 01:00:00+00:00,-1,-1.8950930626056173
stage36b_ny_late_continuation_h8_atr075,ny_late,continuation,8,2024-03-01 18:00:00+00:00,2024-03-04 01:00:00+00:00,1,1.8950930626056173
stage36b_london_open_continuation_h4_atr075,london_open,continuation,4,2024-03-04 08:00:00+00:00,2024-03-04 12:00:00+00:00,1,0.8551101856672816
stage36b_london_open_reversal_h4_atr075,london_open,reversal,4,2024-03-04 08:00:00+00:00,2024-03-04 12:00:00+00:00,-1,-0.8551101856672816
stage36b_ny_open_continuation_h4_atr075,ny_open,continuation,4,2024-03-04 13:00:00+00:00,2024-03-04 17:00:00+00:00,-1,-49.88250825082401
stage36b_ny_open_reversal_h4_atr075,ny_open,reversal,4,2024-03-04 13:00:00+00:00,2024-03-04 17:00:00+00:00,1,49.88250825082401
stage36b_ny_late_reversal_h8_atr075,ny_late,reversal,8,2024-03-04 18:00:00+00:00,2024-03-05 02:00:00+00:00,-1,3.889415054345267
stage36b_ny_late_continuation_h8_atr075,ny_late,continuation,8,2024-03-04 18:00:00+00:00,2024-03-05 02:00:00+00:00,1,-3.889415054345267
stage36b_london_open_continuation_h4_atr075,london_open,continuation,4,2024-03-05 08:00:00+00:00,2024-03-05 12:00:00+00:00,-1,-9.80732884628463
stage36b_london_open_reversal_h4_atr075,london_open,reversal,4,2024-03-05 08:00:00+00:00,2024-03-05 12:00:00+00:00,1,9.80732884628463
stage36b_ny_open_continuation_h4_atr075,ny_open,continuation,4,2024-03-05 13:00:00+00:00,2024-03-05 17:00:00+00:00,1,2.8959189752756735
stage36b_ny_open_reversal_h4_atr075,ny_open,reversal,4,2024-03-05 13:00:00+00:00,2024-03-05 17:00:00+00:00,-1,-2.8959189752756735
stage36b_ny_late_reversal_h8_atr075,ny_late,reversal,8,2024-03-05 18:00:00+00:00,2024-03-06 02:00:00+00:00,-1,1.140489483478919
stage36b_ny_late_continuation_h8_atr075,ny_late,continuation,8,2024-03-05 18:00:00+00:00,2024-03-06 02:00:00+00:00,1,-1.140489483478919
stage36b_london_open_continuation_h4_atr075,london_open,continuation,4,2024-03-06 08:00:00+00:00,2024-03-06 12:00:00+00:00,1,-2.97303237805436
stage36b_london_open_reversal_h4_atr075,london_open,reversal,4,2024-03-06 08:00:00+00:00,2024-03-06 12:00:00+00:00,-1,2.97303237805436
stage36b_ny_open_continuation_h4_atr075,ny_open,continuation,4,2024-03-06 13:00:00+00:00,2024-03-06 17:00:00+00:00,1,13.460046878329793
stage36b_ny_open_reversal_h4_atr075,ny_open,reversal,4,2024-03-06 13:00:00+00:00,2024-03-06 17:00:00+00:00,-1,-13.460046878329793
stage36b_ny_late_reversal_h8_atr075,ny_late,reversal,8,2024-03-06 18:00:00+00:00,2024-03-07 02:00:00+00:00,-1,-0.56706617618003
stage36b_ny_late_continuation_h8_atr075,ny_late,continuation,8,2024-03-06 18:00:00+00:00,2024-03-07 02:00:00+00:00,1,0.56706617618003
stage36b_london_open_continuation_h4_atr075,london_open,continuation,4,2024-03-07 08:00:00+00:00,2024-03-07 12:00:00+00:00,1,2.239901325932758
stage36b_london_open_reversal_h4_atr075,london_open,reversal,4,2024-03-07 08:00:00+00:00,2024-03-07 12:00:00+00:00,-1,-2.239901325932758
stage36b_ny_open_continuation_h4_atr075,ny_open,continuation,4,2024-03-07 13:00:00+00:00,2024-03-07 17:00:00+00:00,-1,2.6835312869555463
stage36b_ny_open_reversal_h4_atr075,ny_open,reversal,4,2024-03-07 13:00:00+00:00,2024-03-07 17:00:00+00:00,1,-2.6835312869555463
stage36b_ny_late_reversal_h8_atr075,ny_late,reversal,8,2024-03-07 18:00:00+00:00,2024-03-08 02:00:00+00:00,-1,-4.121270298376493
stage36b_ny_late_continuation_h8_atr075,ny_late,continuation,8,2024-03-07 18:00:00+00:00,2024-03-08 02:00:00+00:00,1,4.121270298376493
stage36b_london_open_continuation_h4_atr075,london_open,continuation,4,2024-03-08 08:00:00+00:00,2024-03-08 12:00:00+00:00,1,10.337809721959509
stage36b_london_open_reversal_h4_atr075,london_open,reversal,4,2024-03-08 08:00:00+00:00,2024-03-08 12:00:00+00:00,-1,-10.337809721959509
stage36b_ny_open_continuation_h4_atr075,ny_open,continuation,4,2024-03-08 13:00:00+00:00,2024-03-08 17:00:00+00:00,-1,-11.332766150530324
stage36b_ny_open_reversal_h4_atr075,ny_open,reversal,4,2024-03-08 13:00:00+00:00,2024-03-08 17:00:00+00:00,1,11.332766150530324
stage36b_ny_late_reversal_h8_atr075,ny_late,reversal,8,2024-03-08 18:00:00+00:00,2024-03-11 00:00:00+00:00,-1,2.6105151635544868
stage36b_ny_late_continuation_h8_atr075,ny_late,continuation,8,2024-03-08 18:00:00+00:00,2024-03-11 00:00:00+00:00,1,-2.6105151635544868
stage36b_london_open_continuation_h4_atr075,london_open,continuation,4,2024-03-11 08:00:00+00:00,2024-03-11 12:00:00+00:00,1,-1.8599082790251198
stage36b_london_open_reversal_h4_atr075,london_open,reversal,4,2024-03-11 08:00:00+00:00,2024-03-11 12:00:00+00:00,-1,1.8599082790251198
stage36b_ny_open_continuation_h4_atr075,ny_open,continuation,4,2024-03-11 13:00:00+00:00,2024-03-11 17:00:00+00:00,1,5.866510309782155
stage36b_ny_open_reversal_h4_atr075,ny_open,reversal,4,2024-03-11 13:00:00+00:00,2024-03-11 17:00:00+00:00,-1,-5.866510309782155
stage36b_ny_late_reversal_h8_atr075,ny_late,reversal,8,2024-03-11 18:00:00+00:00,2024-03-12 02:00:00+00:00,1,-0.4460881934566935
stage36b_ny_late_continuation_h8_atr075,ny_late,continuation,8,2024-03-11 18:00:00+00:00,2024-03-12 02:00:00+00:00,-1,0.4460881934566935
stage36b_london_open_continuation_h4_atr075,london_open,continuation,4,2024-03-12 08:00:00+00:00,2024-03-12 12:00:00+00:00,-1,-1.929171834091272
stage36b_london_open_reversal_h4_atr075,london_open,reversal,4,2024-03-12 08:00:00+00:00,2024-03-12 12:00:00+00:00,1,1.929171834091272
stage36b_ny_open_continuation_h4_atr075,ny_open,continuation,4,2024-03-12 13:00:00+00:00,2024-03-12 17:00:00+00:00,-1,14.22146556004829
stage36b_ny_open_reversal_h4_atr075,ny_open,reversal,4,2024-03-12 13:00:00+00:00,2024-03-12 17:00:00+00:00,1,-14.22146556004829
stage36b_ny_late_reversal_h8_atr075,ny_late,reversal,8,2024-03-12 18:00:00+00:00,2024-03-13 02:00:00+00:00,-1,5.556277784003806
stage36b_ny_late_continuation_h8_atr075,ny_late,continuation,8,2024-03-12 18:00:00+00:00,2024-03-13 02:00:00+00:00,1,-5.556277784003806
stage36b_london_open_continuation_h4_atr075,london_open,continuation,4,2024-03-13 08:00:00+00:00,2024-03-13 12:00:00+00:00,-1,-5.057566356429233
stage36b_london_open_reversal_h4_atr075,london_open,reversal,4,2024-03-13 08:00:00+00:00,2024-03-13 12:00:00+00:00,1,5.057566356429233
stage36b_ny_open_continuation_h4_atr075,ny_open,continuation,4,2024-03-13 13:00:00+00:00,2024-03-13 17:00:00+00:00,1,12.436420947059556
stage36b_ny_open_reversal_h4_atr075,ny_open,reversal,4,2024-03-13 13:00:00+00:00,2024-03-13 17:00:00+00:00,-1,-12.436420947059556
stage36b_ny_late_reversal_h8_atr075,ny_late,reversal,8,2024-03-13 18:00:00+00:00,2024-03-14 02:00:00+00:00,-1,-3.2765119549929285
stage36b_ny_late_continuation_h8_atr075,ny_late,continuation,8,2024-03-13 18:00:00+00:00,2024-03-14 02:00:00+00:00,1,3.2765119549929285
stage36b_london_open_continuation_h4_atr075,london_open,continuation,4,2024-03-14 08:00:00+00:00,2024-03-14 12:00:00+00:00,-1,-3.4974383996097345
stage36b_london_open_reversal_h4_atr075,london_open,reversal,4,2024-03-14 08:00:00+00:00,2024-03-14 12:00:00+00:00,1,3.4974383996097345
stage36b_ny_open_continuation_h4_atr075,ny_open,continuation,4,2024-03-14 13:00:00+00:00,2024-03-14 17:00:00+00:00,-1,22.513463076513595
stage36b_ny_open_reversal_h4_atr075,ny_open,reversal,4,2024-03-14 13:00:00+00:00,2024-03-14 17:00:00+00:00,1,-22.513463076513595
stage36b_ny_late_reversal_h8_atr075,ny_late,reversal,8,2024-03-14 18:00:00+00:00,2024-03-15 02:00:00+00:00,-1,-4.875308244880365
stage36b_ny_late_continuation_h8_atr075,ny_late,continuation,8,2024-03-14 18:00:00+00:00,2024-03-15 02:00:00+00:00,1,4.875308244880365
stage36b_london_open_continuation_h4_atr075,london_open,continuation,4,2024-03-15 08:00:00+00:00,2024-03-15 12:00:00+00:00,-1,-0.7151609284664365
stage36b_london_open_reversal_h4_atr075,london_open,reversal,4,2024-03-15 08:00:00+00:00,2024-03-15 12:00:00+00:00,1,0.7151609284664365
stage36b_ny_open_continuation_h4_atr075,ny_open,continuation,4,2024-03-15 13:00:00+00:00,2024-03-15 17:00:00+00:00,-1,11.99255121042779
stage36b_ny_open_reversal_h4_atr075,ny_open,reversal,4,2024-03-15 13:00:00+00:00,2024-03-15 17:00:00+00:00,1,-11.99255121042779
stage36b_ny_late_reversal_h8_atr075,ny_late,reversal,8,2024-03-15 18:00:00+00:00,2024-03-18 01:00:00+00:00,1,-2.497212931995739
stage36b_ny_late_continuation_h8_atr075,ny_late,continuation,8,2024-03-15 18:00:00+00:00,2024-03-18 01:00:00+00:00,-1,2.497212931995739
stage36b_london_open_continuation_h4_atr075,london_open,continuation,4,2024-03-18 08:00:00+00:00,2024-03-18 12:00:00+00:00,1,15.2727272727269
stage36b_london_open_reversal_h4_atr075,london_open,reversal,4,2024-03-18 08:00:00+00:00,2024-03-18 12:00:00+00:00,-1,-15.2727272727269
stage36b_ny_open_continuation_h4_atr075,ny_open,continuation,4,2024-03-18 13:00:00+00:00,2024-03-18 17:00:00+00:00,1,-3.9305936073060583
stage36b_ny_open_reversal_h4_atr075,ny_open,reversal,4,2024-03-18 13:00:00+00:00,2024-03-18 17:00:00+00:00,-1,3.9305936073060583
stage36b_ny_late_reversal_h8_atr075,ny_late,reversal,8,2024-03-18 18:00:00+00:00,2024-03-19 02:00:00+00:00,-1,-1.1458885941643846
stage36b_ny_late_continuation_h8_atr075,ny_late,continuation,8,2024-03-18 18:00:00+00:00,2024-03-19 02:00:00+00:00,1,1.1458885941643846
stage36b_london_open_continuation_h4_atr075,london_open,continuation,4,2024-03-19 08:00:00+00:00,2024-03-19 12:00:00+00:00,-1,5.6316384180795245
stage36b_london_open_reversal_h4_atr075,london_open,reversal,4,2024-03-19 08:00:00+00:00,2024-03-19 12:00:00+00:00,1,-5.6316384180795245
stage36b_ny_open_continuation_h4_atr075,ny_open,continuation,4,2024-03-19 13:00:00+00:00,2024-03-19 17:00:00+00:00,1,-2.2198626743117824
stage36b_ny_open_reversal_h4_atr075,ny_open,reversal,4,2024-03-19 13:00:00+00:00,2024-03-19 17:00:00+00:00,-1,2.2198626743117824
stage36b_ny_late_reversal_h8_atr075,ny_late,reversal,8,2024-03-19 18:00:00+00:00,2024-03-20 02:00:00+00:00,-1,-3.026870906183808
stage36b_ny_late_continuation_h8_atr075,ny_late,continuation,8,2024-03-19 18:00:00+00:00,2024-03-20 02:00:00+00:00,1,3.026870906183808
stage36b_london_open_continuation_h4_atr075,london_open,continuation,4,2024-03-20 08:00:00+00:00,2024-03-20 12:00:00+00:00,-1,5.872911037726094
stage36b_london_open_reversal_h4_atr075,london_open,reversal,4,2024-03-20 08:00:00+00:00,2024-03-20 12:00:00+00:00,1,-5.872911037726094
stage36b_ny_open_continuation_h4_atr075,ny_open,continuation,4,2024-03-20 13:00:00+00:00,2024-03-20 17:00:00+00:00,-1,-3.761892200827188
stage36b_ny_open_reversal_h4_atr075,ny_open,reversal,4,2024-03-20 13:00:00+00:00,2024-03-20 17:00:00+00:00,1,3.761892200827188
stage36b_ny_late_reversal_h8_atr075,ny_late,reversal,8,2024-03-20 18:00:00+00:00,2024-03-21 02:00:00+00:00,-1,-58.10378188214651
stage36b_ny_late_continuation_h8_atr075,ny_late,continuation,8,2024-03-20 18:00:00+00:00,2024-03-21 02:00:00+00:00,1,58.10378188214651
stage36b_london_open_continuation_h4_atr075,london_open,continuation,4,2024-03-21 08:00:00+00:00,2024-03-21 12:00:00+00:00,1,0.2799396681749275
stage36b_london_open_reversal_h4_atr075,london_open,reversal,4,2024-03-21 08:00:00+00:00,2024-03-21 12:00:00+00:00,-1,-0.2799396681749275
stage36b_ny_open_continuation_h4_atr075,ny_open,continuation,4,2024-03-21 13:00:00+00:00,2024-03-21 17:00:00+00:00,-1,20.559932942162686
stage36b_ny_open_reversal_h4_atr075,ny_open,reversal,4,2024-03-21 13:00:00+00:00,2024-03-21 17:00:00+00:00,1,-20.559932942162686
stage36b_ny_late_reversal_h8_atr075,ny_late,reversal,8,2024-03-21 18:00:00+00:00,2024-03-22 02:00:00+00:00,-1,-3.742708856520909
stage36b_ny_late_continuation_h8_atr075,ny_late,continuation,8,2024-03-21 18:00:00+00:00,2024-03-22 02:00:00+00:00,1,3.742708856520909
stage36b_london_open_continuation_h4_atr075,london_open,continuation,4,2024-03-22 08:00:00+00:00,2024-03-22 12:00:00+00:00,-1,3.65802113352528
stage36b_london_open_reversal_h4_atr075,london_open,reversal,4,2024-03-22 08:00:00+00:00,2024-03-22 12:00:00+00:00,1,-3.65802113352528
stage36b_ny_open_continuation_h4_atr075,ny_open,continuation,4,2024-03-22 13:00:00+00:00,2024-03-22 17:00:00+00:00,-1,-0.03374510394668547
stage36b_ny_open_reversal_h4_atr075,ny_open,reversal,4,2024-03-22 13:00:00+00:00,2024-03-22 17:00:00+00:00,1,0.03374510394668547
stage36b_ny_late_reversal_h8_atr075,ny_late,reversal,8,2024-03-22 18:00:00+00:00,2024-03-25 01:00:00+00:00,1,5.440679405520348
stage36b_ny_late_continuation_h8_atr075,ny_late,continuation,8,2024-03-22 18:00:00+00:00,2024-03-25 01:00:00+00:00,-1,-5.440679405520348
stage36b_london_open_continuation_h4_atr075,london_open,continuation,4,2024-03-25 08:00:00+00:00,2024-03-25 12:00:00+00:00,-1,-3.440489032721798
stage36b_london_open_reversal_h4_atr075,london_open,reversal,4,2024-03-25 08:00:00+00:00,2024-03-25 12:00:00+00:00,1,3.440489032721798
stage36b_ny_open_continuation_h4_atr075,ny_open,continuation,4,2024-03-25 13:00:00+00:00,2024-03-25 17:00:00+00:00,1,5.456494202474832
stage36b_ny_open_reversal_h4_atr075,ny_open,reversal,4,2024-03-25 13:00:00+00:00,2024-03-25 17:00:00+00:00,-1,-5.456494202474832
stage36b_ny_late_reversal_h8_atr075,ny_late,reversal,8,2024-03-25 18:00:00+00:00,2024-03-26 02:00:00+00:00,-1,2.233471391317982
stage36b_ny_late_continuation_h8_atr075,ny_late,continuation,8,2024-03-25 18:00:00+00:00,2024-03-26 02:00:00+00:00,1,-2.233471391317982
stage36b_london_open_continuation_h4_atr075,london_open,continuation,4,2024-03-26 08:00:00+00:00,2024-03-26 12:00:00+00:00,-1,-52.61423220973925
stage36b_london_open_reversal_h4_atr075,london_open,reversal,4,2024-03-26 08:00:00+00:00,2024-03-26 12:00:00+00:00,1,52.61423220973925
stage36b_ny_open_continuation_h4_atr075,ny_open,continuation,4,2024-03-26 13:00:00+00:00,2024-03-26 17:00:00+00:00,-1,23.897658701424085
stage36b_ny_open_reversal_h4_atr075,ny_open,reversal,4,2024-03-26 13:00:00+00:00,2024-03-26 17:00:00+00:00,1,-23.897658701424085
stage36b_ny_late_reversal_h8_atr075,ny_late,reversal,8,2024-03-26 18:00:00+00:00,2024-03-27 02:00:00+00:00,-1,-0.5235042735044791
stage36b_ny_late_continuation_h8_atr075,ny_late,continuation,8,2024-03-26 18:00:00+00:00,2024-03-27 02:00:00+00:00,1,0.5235042735044791
stage36b_london_open_continuation_h4_atr075,london_open,continuation,4,2024-03-27 08:00:00+00:00,2024-03-27 12:00:00+00:00,1,26.13576230752568
stage36b_london_open_reversal_h4_atr075,london_open,reversal,4,2024-03-27 08:00:00+00:00,2024-03-27 12:00:00+00:00,-1,-26.13576230752568
stage36b_ny_open_continuation_h4_atr075,ny_open,continuation,4,2024-03-27 13:00:00+00:00,2024-03-27 17:00:00+00:00,-1,-2.0230366492148173
stage36b_ny_open_reversal_h4_atr075,ny_open,reversal,4,2024-03-27 13:00:00+00:00,2024-03-27 17:00:00+00:00,1,2.0230366492148173
stage36b_ny_late_reversal_h8_atr075,ny_late,reversal,8,2024-03-27 18:00:00+00:00,2024-03-28 02:00:00+00:00,-1,2.8398823843889676
stage36b_ny_late_continuation_h8_atr075,ny_late,continuation,8,2024-03-27 18:00:00+00:00,2024-03-28 02:00:00+00:00,1,-2.8398823843889676
stage36b_london_open_continuation_h4_atr075,london_open,continuation,4,2024-03-28 08:00:00+00:00,2024-03-28 12:00:00+00:00,1,18.068801897983334
stage36b_london_open_reversal_h4_atr075,london_open,reversal,4,2024-03-28 08:00:00+00:00,2024-03-28 12:00:00+00:00,-1,-18.068801897983334
stage36b_ny_open_continuation_h4_atr075,ny_open,continuation,4,2024-03-28 13:00:00+00:00,2024-03-28 17:00:00+00:00,-1,-5.216594553321222
stage36b_ny_open_reversal_h4_atr075,ny_open,reversal,4,2024-03-28 13:00:00+00:00,2024-03-28 17:00:00+00:00,1,5.216594553321222
stage36b_ny_late_reversal_h8_atr075,ny_late,reversal,8,2024-03-28 18:00:00+00:00,2024-04-01 02:00:00+00:00,-1,-17.64561918746933
stage36b_ny_late_continuation_h8_atr075,ny_late,continuation,8,2024-03-28 18:00:00+00:00,2024-04-01 02:00:00+00:00,1,17.64561918746933
stage36b_london_open_continuation_h4_atr075,london_open,continuation,4,2024-04-01 08:00:00+00:00,2024-04-01 12:00:00+00:00,1,-5.904043242086111
stage36b_london_open_reversal_h4_atr075,london_open,reversal,4,2024-04-01 08:00:00+00:00,2024-04-01 12:00:00+00:00,-1,5.904043242086111
stage36b_ny_open_continuation_h4_atr075,ny_open,continuation,4,2024-04-01 13:00:00+00:00,2024-04-01 17:00:00+00:00,-1,7.915569785367119
stage36b_ny_open_reversal_h4_atr075,ny_open,reversal,4,2024-04-01 13:00:00+00:00,2024-04-01 17:00:00+00:00,1,-7.915569785367119
stage36b_ny_late_reversal_h8_atr075,ny_late,reversal,8,2024-04-01 18:00:00+00:00,2024-04-02 02:00:00+00:00,-1,-6.123912657553865
stage36b_ny_late_continuation_h8_atr075,ny_late,continuation,8,2024-04-01 18:00:00+00:00,2024-04-02 02:00:00+00:00,1,6.123912657553865
stage36b_london_open_continuation_h4_atr075,london_open,continuation,4,2024-04-02 08:00:00+00:00,2024-04-02 12:00:00+00:00,-1,-6.563506477781516
stage36b_london_open_reversal_h4_atr075,london_open,reversal,4,2024-04-02 08:00:00+00:00,2024-04-02 12:00:00+00:00,1,6.563506477781516
stage36b_ny_open_continuation_h4_atr075,ny_open,continuation,4,2024-04-02 13:00:00+00:00,2024-04-02 17:00:00+00:00,1,-1.2223013048636633
stage36b_ny_open_reversal_h4_atr075,ny_open,reversal,4,2024-04-02 13:00:00+00:00,2024-04-02 17:00:00+00:00,-1,1.2223013048636633
stage36b_ny_late_reversal_h8_atr075,ny_late,reversal,8,2024-04-02 18:00:00+00:00,2024-04-03 02:00:00+00:00,1,13.943024447371961
stage36b_ny_late_continuation_h8_atr075,ny_late,continuation,8,2024-04-02 18:00:00+00:00,2024-04-03 02:00:00+00:00,-1,-13.943024447371961
stage36b_london_open_continuation_h4_atr075,london_open,continuation,4,2024-04-03 08:00:00+00:00,2024-04-03 12:00:00+00:00,1,-12.12036280119856
stage36b_london_open_reversal_h4_atr075,london_open,reversal,4,2024-04-03 08:00:00+00:00,2024-04-03 12:00:00+00:00,-1,12.12036280119856
stage36b_ny_open_continuation_h4_atr075,ny_open,continuation,4,2024-04-03 13:00:00+00:00,2024-04-03 17:00:00+00:00,1,9.020013636545848
stage36b_ny_open_reversal_h4_atr075,ny_open,reversal,4,2024-04-03 13:00:00+00:00,2024-04-03 17:00:00+00:00,-1,-9.020013636545848
stage36b_ny_late_reversal_h8_atr075,ny_late,reversal,8,2024-04-03 18:00:00+00:00,2024-04-04 02:00:00+00:00,-1,-9.205929840011533
stage36b_ny_late_continuation_h8_atr075,ny_late,continuation,8,2024-04-03 18:00:00+00:00,2024-04-04 02:00:00+00:00,1,9.205929840011533
stage36b_london_open_continuation_h4_atr075,london_open,continuation,4,2024-04-04 08:00:00+00:00,2024-04-04 12:00:00+00:00,-1,1.9718138849141444
stage36b_london_open_reversal_h4_atr075,london_open,reversal,4,2024-04-04 08:00:00+00:00,2024-04-04 12:00:00+00:00,1,-1.9718138849141444
stage36b_ny_open_continuation_h4_atr075,ny_open,continuation,4,2024-04-04 13:00:00+00:00,2024-04-04 17:00:00+00:00,1,0.8632687401618134
stage36b_ny_open_reversal_h4_atr075,ny_open,reversal,4,2024-04-04 13:00:00+00:00,2024-04-04 17:00:00+00:00,-1,-0.8632687401618134
stage36b_ny_late_reversal_h8_atr075,ny_late,reversal,8,2024-04-04 18:00:00+00:00,2024-04-05 02:00:00+00:00,1,-3.5306666666671394
stage36b_ny_late_continuation_h8_atr075,ny_late,continuation,8,2024-04-04 18:00:00+00:00,2024-04-05 02:00:00+00:00,-1,3.5306666666671394
stage36b_london_open_continuation_h4_atr075,london_open,continuation,4,2024-04-05 08:00:00+00:00,2024-04-05 12:00:00+00:00,1,7.749644036474904
stage36b_london_open_reversal_h4_atr075,london_open,reversal,4,2024-04-05 08:00:00+00:00,2024-04-05 12:00:00+00:00,-1,-7.749644036474904
stage36b_ny_open_continuation_h4_atr075,ny_open,continuation,4,2024-04-05 13:00:00+00:00,2024-04-05 17:00:00+00:00,1,19.81192540057804
stage36b_ny_open_reversal_h4_atr075,ny_open,reversal,4,2024-04-05 13:00:00+00:00,2024-04-05 17:00:00+00:00,-1,-19.81192540057804
stage36b_ny_late_reversal_h8_atr075,ny_late,reversal,8,2024-04-05 18:00:00+00:00,2024-04-08 01:00:00+00:00,-1,10.473453093812225
stage36b_ny_late_continuation_h8_atr075,ny_late,continuation,8,2024-04-05 18:00:00+00:00,2024-04-08 01:00:00+00:00,1,-10.473453093812225
stage36b_london_open_continuation_h4_atr075,london_open,continuation,4,2024-04-08 08:00:00+00:00,2024-04-08 12:00:00+00:00,-1,-1.2705004710541228
stage36b_london_open_reversal_h4_atr075,london_open,reversal,4,2024-04-08 08:00:00+00:00,2024-04-08 12:00:00+00:00,1,1.2705004710541228
stage36b_ny_open_continuation_h4_atr075,ny_open,continuation,4,2024-04-08 13:00:00+00:00,2024-04-08 17:00:00+00:00,1,-5.110936270653004
stage36b_ny_open_reversal_h4_atr075,ny_open,reversal,4,2024-04-08 13:00:00+00:00,2024-04-08 17:00:00+00:00,-1,5.110936270653004
stage36b_ny_late_reversal_h8_atr075,ny_late,reversal,8,2024-04-08 18:00:00+00:00,2024-04-09 02:00:00+00:00,1,5.645843422114499
stage36b_ny_late_continuation_h8_atr075,ny_late,continuation,8,2024-04-08 18:00:00+00:00,2024-04-09 02:00:00+00:00,-1,-5.645843422114499
stage36b_london_open_continuation_h4_atr075,london_open,continuation,4,2024-04-09 08:00:00+00:00,2024-04-09 12:00:00+00:00,1,20.883692307692115
stage36b_london_open_reversal_h4_atr075,london_open,reversal,4,2024-04-09 08:00:00+00:00,2024-04-09 12:00:00+00:00,-1,-20.883692307692115
stage36b_ny_open_continuation_h4_atr075,ny_open,continuation,4,2024-04-09 13:00:00+00:00,2024-04-09 17:00:00+00:00,-1,3.425761553527138
stage36b_ny_open_reversal_h4_atr075,ny_open,reversal,4,2024-04-09 13:00:00+00:00,2024-04-09 17:00:00+00:00,1,-3.425761553527138
stage36b_ny_late_reversal_h8_atr075,ny_late,reversal,8,2024-04-09 18:00:00+00:00,2024-04-10 02:00:00+00:00,1,8.701189229819144
stage36b_ny_late_continuation_h8_atr075,ny_late,continuation,8,2024-04-09 18:00:00+00:00,2024-04-10 02:00:00+00:00,-1,-8.701189229819144
stage36b_london_open_continuation_h4_atr075,london_open,continuation,4,2024-04-10 08:00:00+00:00,2024-04-10 12:00:00+00:00,1,-10.184693589381766
stage36b_london_open_reversal_h4_atr075,london_open,reversal,4,2024-04-10 08:00:00+00:00,2024-04-10 12:00:00+00:00,-1,10.184693589381766
stage36b_ny_open_continuation_h4_atr075,ny_open,continuation,4,2024-04-10 13:00:00+00:00,2024-04-10 17:00:00+00:00,-1,1.5731523378584542
stage36b_ny_open_reversal_h4_atr075,ny_open,reversal,4,2024-04-10 13:00:00+00:00,2024-04-10 17:00:00+00:00,1,-1.5731523378584542
stage36b_ny_late_reversal_h8_atr075,ny_late,reversal,8,2024-04-10 18:00:00+00:00,2024-04-11 02:00:00+00:00,1,-0.8247670574089683
stage36b_ny_late_continuation_h8_atr075,ny_late,continuation,8,2024-04-10 18:00:00+00:00,2024-04-11 02:00:00+00:00,-1,0.8247670574089683
stage36b_london_open_continuation_h4_atr075,london_open,continuation,4,2024-04-11 08:00:00+00:00,2024-04-11 12:00:00+00:00,-1,9.261626396466513
stage36b_london_open_reversal_h4_atr075,london_open,reversal,4,2024-04-11 08:00:00+00:00,2024-04-11 12:00:00+00:00,1,-9.261626396466513
stage36b_ny_open_continuation_h4_atr075,ny_open,continuation,4,2024-04-11 13:00:00+00:00,2024-04-11 17:00:00+00:00,1,0.5448795913402221
stage36b_ny_open_reversal_h4_atr075,ny_open,reversal,4,2024-04-11 13:00:00+00:00,2024-04-11 17:00:00+00:00,-1,-0.5448795913402221
stage36b_ny_late_reversal_h8_atr075,ny_late,reversal,8,2024-04-11 18:00:00+00:00,2024-04-12 02:00:00+00:00,-1,-21.58228605625373
stage36b_ny_late_continuation_h8_atr075,ny_late,continuation,8,2024-04-11 18:00:00+00:00,2024-04-12 02:00:00+00:00,1,21.58228605625373
stage36b_london_open_continuation_h4_atr075,london_open,continuation,4,2024-04-12 08:00:00+00:00,2024-04-12 12:00:00+00:00,1,7.712789063498314
stage36b_london_open_reversal_h4_atr075,london_open,reversal,4,2024-04-12 08:00:00+00:00,2024-04-12 12:00:00+00:00,-1,-7.712789063498314
stage36b_ny_open_continuation_h4_atr075,ny_open,continuation,4,2024-04-12 13:00:00+00:00,2024-04-12 17:00:00+00:00,-1,-22.79843472073984
stage36b_ny_open_reversal_h4_atr075,ny_open,reversal,4,2024-04-12 13:00:00+00:00,2024-04-12 17:00:00+00:00,1,22.79843472073984
stage36b_ny_late_reversal_h8_atr075,ny_late,reversal,8,2024-04-12 18:00:00+00:00,2024-04-15 01:00:00+00:00,1,-17.44176105151717
stage36b_ny_late_continuation_h8_atr075,ny_late,continuation,8,2024-04-12 18:00:00+00:00,2024-04-15 01:00:00+00:00,-1,17.44176105151717
stage36b_london_open_continuation_h4_atr075,london_open,continuation,4,2024-04-15 08:00:00+00:00,2024-04-15 12:00:00+00:00,1,-4.389903550174473
stage36b_london_open_reversal_h4_atr075,london_open,reversal,4,2024-04-15 08:00:00+00:00,2024-04-15 12:00:00+00:00,-1,4.389903550174473
stage36b_ny_open_continuation_h4_atr075,ny_open,continuation,4,2024-04-15 13:00:00+00:00,2024-04-15 17:00:00+00:00,1,-3.746972725810428
stage36b_ny_open_reversal_h4_atr075,ny_open,reversal,4,2024-04-15 13:00:00+00:00,2024-04-15 17:00:00+00:00,-1,3.746972725810428
stage36b_ny_late_reversal_h8_atr075,ny_late,reversal,8,2024-04-15 18:00:00+00:00,2024-04-16 02:00:00+00:00,-1,-16.125245358874352
stage36b_ny_late_continuation_h8_atr075,ny_late,continuation,8,2024-04-15 18:00:00+00:00,2024-04-16 02:00:00+00:00,1,16.125245358874352
stage36b_london_open_continuation_h4_atr075,london_open,continuation,4,2024-04-16 08:00:00+00:00,2024-04-16 12:00:00+00:00,1,-8.3686400000001
stage36b_london_open_reversal_h4_atr075,london_open,reversal,4,2024-04-16 08:00:00+00:00,2024-04-16 12:00:00+00:00,-1,8.3686400000001
stage36b_ny_open_continuation_h4_atr075,ny_open,continuation,4,2024-04-16 13:00:00+00:00,2024-04-16 17:00:00+00:00,-1,-8.503180890649414
stage36b_ny_open_reversal_h4_atr075,ny_open,reversal,4,2024-04-16 13:00:00+00:00,2024-04-16 17:00:00+00:00,1,8.503180890649414
stage36b_ny_late_reversal_h8_atr075,ny_late,reversal,8,2024-04-16 18:00:00+00:00,2024-04-17 02:00:00+00:00,-1,1.9052381302548123
stage36b_ny_late_continuation_h8_atr075,ny_late,continuation,8,2024-04-16 18:00:00+00:00,2024-04-17 02:00:00+00:00,1,-1.9052381302548123
stage36b_london_open_continuation_h4_atr075,london_open,continuation,4,2024-04-17 08:00:00+00:00,2024-04-17 12:00:00+00:00,-1,-10.720310291555657
stage36b_london_open_reversal_h4_atr075,london_open,reversal,4,2024-04-17 08:00:00+00:00,2024-04-17 12:00:00+00:00,1,10.720310291555657
stage36b_ny_open_continuation_h4_atr075,ny_open,continuation,4,2024-04-17 13:00:00+00:00,2024-04-17 17:00:00+00:00,-1,-3.447770103180803
stage36b_ny_open_reversal_h4_atr075,ny_open,reversal,4,2024-04-17 13:00:00+00:00,2024-04-17 17:00:00+00:00,1,3.447770103180803
stage36b_ny_late_reversal_h8_atr075,ny_late,reversal,8,2024-04-17 18:00:00+00:00,2024-04-18 02:00:00+00:00,1,-10.41119622482957
stage36b_ny_late_continuation_h8_atr075,ny_late,continuation,8,2024-04-17 18:00:00+00:00,2024-04-18 02:00:00+00:00,-1,10.41119622482957
stage36b_london_open_continuation_h4_atr075,london_open,continuation,4,2024-04-18 08:00:00+00:00,2024-04-18 12:00:00+00:00,1,2.123951217990664
stage36b_london_open_reversal_h4_atr075,london_open,reversal,4,2024-04-18 08:00:00+00:00,2024-04-18 12:00:00+00:00,-1,-2.123951217990664
stage36b_ny_open_continuation_h4_atr075,ny_open,continuation,4,2024-04-18 13:00:00+00:00,2024-04-18 17:00:00+00:00,1,-3.4715618417094602
stage36b_ny_open_reversal_h4_atr075,ny_open,reversal,4,2024-04-18 13:00:00+00:00,2024-04-18 17:00:00+00:00,-1,3.4715618417094602
stage36b_ny_late_reversal_h8_atr075,ny_late,reversal,8,2024-04-18 18:00:00+00:00,2024-04-19 02:00:00+00:00,-1,3.411973078285676
stage36b_ny_late_continuation_h8_atr075,ny_late,continuation,8,2024-04-18 18:00:00+00:00,2024-04-19 02:00:00+00:00,1,-3.411973078285676
stage36b_london_open_continuation_h4_atr075,london_open,continuation,4,2024-04-19 08:00:00+00:00,2024-04-19 12:00:00+00:00,-1,0.11879278758064661
stage36b_london_open_reversal_h4_atr075,london_open,reversal,4,2024-04-19 08:00:00+00:00,2024-04-19 12:00:00+00:00,1,-0.11879278758064661
stage36b_ny_open_continuation_h4_atr075,ny_open,continuation,4,2024-04-19 13:00:00+00:00,2024-04-19 17:00:00+00:00,1,5.061209836653989
stage36b_ny_open_reversal_h4_atr075,ny_open,reversal,4,2024-04-19 13:00:00+00:00,2024-04-19 17:00:00+00:00,-1,-5.061209836653989
stage36b_ny_late_reversal_h8_atr075,ny_late,reversal,8,2024-04-19 18:00:00+00:00,2024-04-22 01:00:00+00:00,-1,5.66569471756971
stage36b_ny_late_continuation_h8_atr075,ny_late,continuation,8,2024-04-19 18:00:00+00:00,2024-04-22 01:00:00+00:00,1,-5.66569471756971
stage36b_london_open_continuation_h4_atr075,london_open,continuation,4,2024-04-22 08:00:00+00:00,2024-04-22 12:00:00+00:00,-1,3.3597392663542447
stage36b_london_open_reversal_h4_atr075,london_open,reversal,4,2024-04-22 08:00:00+00:00,2024-04-22 12:00:00+00:00,1,-3.3597392663542447
stage36b_ny_open_continuation_h4_atr075,ny_open,continuation,4,2024-04-22 13:00:00+00:00,2024-04-22 17:00:00+00:00,-1,12.688402806438136
stage36b_ny_open_reversal_h4_atr075,ny_open,reversal,4,2024-04-22 13:00:00+00:00,2024-04-22 17:00:00+00:00,1,-12.688402806438136
stage36b_ny_late_reversal_h8_atr075,ny_late,reversal,8,2024-04-22 18:00:00+00:00,2024-04-23 02:00:00+00:00,1,-0.5772194553878726
stage36b_ny_late_continuation_h8_atr075,ny_late,continuation,8,2024-04-22 18:00:00+00:00,2024-04-23 02:00:00+00:00,-1,0.5772194553878726
stage36b_london_open_continuation_h4_atr075,london_open,continuation,4,2024-04-23 08:00:00+00:00,2024-04-23 12:00:00+00:00,1,-7.293454366772767
stage36b_london_open_reversal_h4_atr075,london_open,reversal,4,2024-04-23 08:00:00+00:00,2024-04-23 12:00:00+00:00,-1,7.293454366772767
stage36b_ny_open_continuation_h4_atr075,ny_open,continuation,4,2024-04-23 13:00:00+00:00,2024-04-23 17:00:00+00:00,1,8.454409566517233
stage36b_ny_open_reversal_h4_atr075,ny_open,reversal,4,2024-04-23 13:00:00+00:00,2024-04-23 17:00:00+00:00,-1,-8.454409566517233
stage36b_ny_late_reversal_h8_atr075,ny_late,reversal,8,2024-04-23 18:00:00+00:00,2024-04-24 02:00:00+00:00,-1,-0.058223406329143274
stage36b_ny_late_continuation_h8_atr075,ny_late,continuation,8,2024-04-23 18:00:00+00:00,2024-04-24 02:00:00+00:00,1,0.058223406329143274
stage36b_london_open_continuation_h4_atr075,london_open,continuation,4,2024-04-24 08:00:00+00:00,2024-04-24 12:00:00+00:00,1,-15.033411033410744
stage36b_london_open_reversal_h4_atr075,london_open,reversal,4,2024-04-24 08:00:00+00:00,2024-04-24 12:00:00+00:00,-1,15.033411033410744
stage36b_ny_open_continuation_h4_atr075,ny_open,continuation,4,2024-04-24 13:00:00+00:00,2024-04-24 17:00:00+00:00,1,13.493094438223272
stage36b_ny_open_reversal_h4_atr075,ny_open,reversal,4,2024-04-24 13:00:00+00:00,2024-04-24 17:00:00+00:00,-1,-13.493094438223272
stage36b_ny_late_reversal_h8_atr075,ny_late,reversal,8,2024-04-24 18:00:00+00:00,2024-04-25 02:00:00+00:00,1,-4.632705106674162
stage36b_ny_late_continuation_h8_atr075,ny_late,continuation,8,2024-04-24 18:00:00+00:00,2024-04-25 02:00:00+00:00,-1,4.632705106674162
stage36b_london_open_continuation_h4_atr075,london_open,continuation,4,2024-04-25 08:00:00+00:00,2024-04-25 12:00:00+00:00,1,5.184644780267506
stage36b_london_open_reversal_h4_atr075,london_open,reversal,4,2024-04-25 08:00:00+00:00,2024-04-25 12:00:00+00:00,-1,-5.184644780267506
stage36b_ny_open_continuation_h4_atr075,ny_open,continuation,4,2024-04-25 13:00:00+00:00,2024-04-25 17:00:00+00:00,1,5.9194810150734485
stage36b_ny_open_reversal_h4_atr075,ny_open,reversal,4,2024-04-25 13:00:00+00:00,2024-04-25 17:00:00+00:00,-1,-5.9194810150734485
stage36b_ny_late_reversal_h8_atr075,ny_late,reversal,8,2024-04-25 18:00:00+00:00,2024-04-26 02:00:00+00:00,1,0.04241047279031889
stage36b_ny_late_continuation_h8_atr075,ny_late,continuation,8,2024-04-25 18:00:00+00:00,2024-04-26 02:00:00+00:00,-1,-0.04241047279031889
stage36b_london_open_continuation_h4_atr075,london_open,continuation,4,2024-04-26 08:00:00+00:00,2024-04-26 12:00:00+00:00,1,14.006006006006102
stage36b_london_open_reversal_h4_atr075,london_open,reversal,4,2024-04-26 08:00:00+00:00,2024-04-26 12:00:00+00:00,-1,-14.006006006006102
stage36b_ny_open_continuation_h4_atr075,ny_open,continuation,4,2024-04-26 13:00:00+00:00,2024-04-26 17:00:00+00:00,-1,16.560932173204936
stage36b_ny_open_reversal_h4_atr075,ny_open,reversal,4,2024-04-26 13:00:00+00:00,2024-04-26 17:00:00+00:00,1,-16.560932173204936
stage36b_ny_late_reversal_h8_atr075,ny_late,reversal,8,2024-04-26 18:00:00+00:00,2024-04-29 01:00:00+00:00,-1,1.5406698564594425
stage36b_ny_late_continuation_h8_atr075,ny_late,continuation,8,2024-04-26 18:00:00+00:00,2024-04-29 01:00:00+00:00,1,-1.5406698564594425
stage36b_london_open_continuation_h4_atr075,london_open,continuation,4,2024-04-29 08:00:00+00:00,2024-04-29 12:00:00+00:00,-1,-12.097527706734391
stage36b_london_open_reversal_h4_atr075,london_open,reversal,4,2024-04-29 08:00:00+00:00,2024-04-29 12:00:00+00:00,1,12.097527706734391
stage36b_ny_open_continuation_h4_atr075,ny_open,continuation,4,2024-04-29 13:00:00+00:00,2024-04-29 17:00:00+00:00,-1,3.184004998437855
stage36b_ny_open_reversal_h4_atr075,ny_open,reversal,4,2024-04-29 13:00:00+00:00,2024-04-29 17:00:00+00:00,1,-3.184004998437855
stage36b_ny_late_reversal_h8_atr075,ny_late,reversal,8,2024-04-29 18:00:00+00:00,2024-04-30 02:00:00+00:00,-1,3.42888522789676
stage36b_ny_late_continuation_h8_atr075,ny_late,continuation,8,2024-04-29 18:00:00+00:00,2024-04-30 02:00:00+00:00,1,-3.42888522789676
stage36b_london_open_continuation_h4_atr075,london_open,continuation,4,2024-04-30 08:00:00+00:00,2024-04-30 12:00:00+00:00,-1,9.329183340743882
stage36b_london_open_reversal_h4_atr075,london_open,reversal,4,2024-04-30 08:00:00+00:00,2024-04-30 12:00:00+00:00,1,-9.329183340743882
stage36b_ny_open_continuation_h4_atr075,ny_open,continuation,4,2024-04-30 13:00:00+00:00,2024-04-30 17:00:00+00:00,1,-26.07125890736306
stage36b_ny_open_reversal_h4_atr075,ny_open,reversal,4,2024-04-30 13:00:00+00:00,2024-04-30 17:00:00+00:00,-1,26.07125890736306
stage36b_ny_late_reversal_h8_atr075,ny_late,reversal,8,2024-04-30 18:00:00+00:00,2024-05-01 02:00:00+00:00,-1,3.4742795218259364
stage36b_ny_late_continuation_h8_atr075,ny_late,continuation,8,2024-04-30 18:00:00+00:00,2024-05-01 02:00:00+00:00,1,-3.4742795218259364
stage36b_london_open_continuation_h4_atr075,london_open,continuation,4,2024-05-01 08:00:00+00:00,2024-05-01 12:00:00+00:00,1,4.598087240494538
stage36b_london_open_reversal_h4_atr075,london_open,reversal,4,2024-05-01 08:00:00+00:00,2024-05-01 12:00:00+00:00,-1,-4.598087240494538
stage36b_ny_open_continuation_h4_atr075,ny_open,continuation,4,2024-05-01 13:00:00+00:00,2024-05-01 17:00:00+00:00,1,13.430966783402399
stage36b_ny_open_reversal_h4_atr075,ny_open,reversal,4,2024-05-01 13:00:00+00:00,2024-05-01 17:00:00+00:00,-1,-13.430966783402399
stage36b_ny_late_reversal_h8_atr075,ny_late,reversal,8,2024-05-01 18:00:00+00:00,2024-05-02 02:00:00+00:00,-1,-15.338429921907078
stage36b_ny_late_continuation_h8_atr075,ny_late,continuation,8,2024-05-01 18:00:00+00:00,2024-05-02 02:00:00+00:00,1,15.338429921907078
stage36b_london_open_continuation_h4_atr075,london_open,continuation,4,2024-05-02 08:00:00+00:00,2024-05-02 12:00:00+00:00,-1,8.446484220069003
stage36b_london_open_reversal_h4_atr075,london_open,reversal,4,2024-05-02 08:00:00+00:00,2024-05-02 12:00:00+00:00,1,-8.446484220069003
stage36b_ny_open_continuation_h4_atr075,ny_open,continuation,4,2024-05-02 13:00:00+00:00,2024-05-02 17:00:00+00:00,-1,-4.686738351254519
stage36b_ny_open_reversal_h4_atr075,ny_open,reversal,4,2024-05-02 13:00:00+00:00,2024-05-02 17:00:00+00:00,1,4.686738351254519
stage36b_ny_late_reversal_h8_atr075,ny_late,reversal,8,2024-05-02 18:00:00+00:00,2024-05-03 02:00:00+00:00,1,2.96698053986208
stage36b_ny_late_continuation_h8_atr075,ny_late,continuation,8,2024-05-02 18:00:00+00:00,2024-05-03 02:00:00+00:00,-1,-2.96698053986208
stage36b_london_open_continuation_h4_atr075,london_open,continuation,4,2024-05-03 08:00:00+00:00,2024-05-03 12:00:00+00:00,-1,5.704411095952741
stage36b_london_open_reversal_h4_atr075,london_open,reversal,4,2024-05-03 08:00:00+00:00,2024-05-03 12:00:00+00:00,1,-5.704411095952741
stage36b_ny_open_continuation_h4_atr075,ny_open,continuation,4,2024-05-03 13:00:00+00:00,2024-05-03 17:00:00+00:00,-1,11.214868196472695
stage36b_ny_open_reversal_h4_atr075,ny_open,reversal,4,2024-05-03 13:00:00+00:00,2024-05-03 17:00:00+00:00,1,-11.214868196472695
stage36b_ny_late_reversal_h8_atr075,ny_late,reversal,8,2024-05-03 18:00:00+00:00,2024-05-06 01:00:00+00:00,-1,-4.737941531517281
stage36b_ny_late_continuation_h8_atr075,ny_late,continuation,8,2024-05-03 18:00:00+00:00,2024-05-06 01:00:00+00:00,1,4.737941531517281
stage36b_london_open_continuation_h4_atr075,london_open,continuation,4,2024-05-06 08:00:00+00:00,2024-05-06 12:00:00+00:00,1,6.222222222222104
stage36b_london_open_reversal_h4_atr075,london_open,reversal,4,2024-05-06 08:00:00+00:00,2024-05-06 12:00:00+00:00,-1,-6.222222222222104
stage36b_ny_open_continuation_h4_atr075,ny_open,continuation,4,2024-05-06 13:00:00+00:00,2024-05-06 17:00:00+00:00,-1,-1.2995780590718984
stage36b_ny_open_reversal_h4_atr075,ny_open,reversal,4,2024-05-06 13:00:00+00:00,2024-05-06 17:00:00+00:00,1,1.2995780590718984
stage36b_ny_late_reversal_h8_atr075,ny_late,reversal,8,2024-05-06 18:00:00+00:00,2024-05-07 02:00:00+00:00,-1,-0.8462915092462733
stage36b_ny_late_continuation_h8_atr075,ny_late,continuation,8,2024-05-06 18:00:00+00:00,2024-05-07 02:00:00+00:00,1,0.8462915092462733
stage36b_london_open_continuation_h4_atr075,london_open,continuation,4,2024-05-07 08:00:00+00:00,2024-05-07 12:00:00+00:00,-1,8.83386695126273
stage36b_london_open_reversal_h4_atr075,london_open,reversal,4,2024-05-07 08:00:00+00:00,2024-05-07 12:00:00+00:00,1,-8.83386695126273
stage36b_ny_open_continuation_h4_atr075,ny_open,continuation,4,2024-05-07 13:00:00+00:00,2024-05-07 17:00:00+00:00,1,-1.3442830069492238
stage36b_ny_open_reversal_h4_atr075,ny_open,reversal,4,2024-05-07 13:00:00+00:00,2024-05-07 17:00:00+00:00,-1,1.3442830069492238
stage36b_ny_late_reversal_h8_atr075,ny_late,reversal,8,2024-05-07 18:00:00+00:00,2024-05-08 02:00:00+00:00,-1,-0.4046706322977213
stage36b_ny_late_continuation_h8_atr075,ny_late,continuation,8,2024-05-07 18:00:00+00:00,2024-05-08 02:00:00+00:00,1,0.4046706322977213
stage36b_london_open_continuation_h4_atr075,london_open,continuation,4,2024-05-08 08:00:00+00:00,2024-05-08 12:00:00+00:00,-1,9.526528669997516
stage36b_london_open_reversal_h4_atr075,london_open,reversal,4,2024-05-08 08:00:00+00:00,2024-05-08 12:00:00+00:00,1,-9.526528669997516
stage36b_ny_open_continuation_h4_atr075,ny_open,continuation,4,2024-05-08 13:00:00+00:00,2024-05-08 17:00:00+00:00,1,-0.07637975546805353
stage36b_ny_open_reversal_h4_atr075,ny_open,reversal,4,2024-05-08 13:00:00+00:00,2024-05-08 17:00:00+00:00,-1,0.07637975546805353
stage36b_ny_late_reversal_h8_atr075,ny_late,reversal,8,2024-05-08 18:00:00+00:00,2024-05-09 02:00:00+00:00,-1,9.851911499674019
stage36b_ny_late_continuation_h8_atr075,ny_late,continuation,8,2024-05-08 18:00:00+00:00,2024-05-09 02:00:00+00:00,1,-9.851911499674019
stage36b_london_open_continuation_h4_atr075,london_open,continuation,4,2024-05-09 08:00:00+00:00,2024-05-09 12:00:00+00:00,1,-14.167765723605095
stage36b_london_open_reversal_h4_atr075,london_open,reversal,4,2024-05-09 08:00:00+00:00,2024-05-09 12:00:00+00:00,-1,14.167765723605095
stage36b_ny_open_continuation_h4_atr075,ny_open,continuation,4,2024-05-09 13:00:00+00:00,2024-05-09 17:00:00+00:00,1,29.50548584591176
stage36b_ny_open_reversal_h4_atr075,ny_open,reversal,4,2024-05-09 13:00:00+00:00,2024-05-09 17:00:00+00:00,-1,-29.50548584591176
stage36b_ny_late_reversal_h8_atr075,ny_late,reversal,8,2024-05-09 18:00:00+00:00,2024-05-10 02:00:00+00:00,1,11.865121456164667
stage36b_ny_late_continuation_h8_atr075,ny_late,continuation,8,2024-05-09 18:00:00+00:00,2024-05-10 02:00:00+00:00,-1,-11.865121456164667
stage36b_london_open_continuation_h4_atr075,london_open,continuation,4,2024-05-10 08:00:00+00:00,2024-05-10 12:00:00+00:00,1,18.078064754661504
stage36b_london_open_reversal_h4_atr075,london_open,reversal,4,2024-05-10 08:00:00+00:00,2024-05-10 12:00:00+00:00,-1,-18.078064754661504
stage36b_ny_open_continuation_h4_atr075,ny_open,continuation,4,2024-05-10 13:00:00+00:00,2024-05-10 17:00:00+00:00,1,-14.16282724864162
stage36b_ny_open_reversal_h4_atr075,ny_open,reversal,4,2024-05-10 13:00:00+00:00,2024-05-10 17:00:00+00:00,-1,14.16282724864162
stage36b_ny_late_reversal_h8_atr075,ny_late,reversal,8,2024-05-10 18:00:00+00:00,2024-05-13 01:00:00+00:00,-1,2.2836521111511296
stage36b_ny_late_continuation_h8_atr075,ny_late,continuation,8,2024-05-10 18:00:00+00:00,2024-05-13 01:00:00+00:00,1,-2.2836521111511296
stage36b_london_open_continuation_h4_atr075,london_open,continuation,4,2024-05-13 08:00:00+00:00,2024-05-13 12:00:00+00:00,-1,16.824605153782098
stage36b_london_open_reversal_h4_atr075,london_open,reversal,4,2024-05-13 08:00:00+00:00,2024-05-13 12:00:00+00:00,1,-16.824605153782098
stage36b_ny_open_continuation_h4_atr075,ny_open,continuation,4,2024-05-13 13:00:00+00:00,2024-05-13 17:00:00+00:00,1,0.41144956375339586
stage36b_ny_open_reversal_h4_atr075,ny_open,reversal,4,2024-05-13 13:00:00+00:00,2024-05-13 17:00:00+00:00,-1,-0.41144956375339586
stage36b_ny_late_reversal_h8_atr075,ny_late,reversal,8,2024-05-13 18:00:00+00:00,2024-05-14 02:00:00+00:00,1,2.186024096385371
stage36b_ny_late_continuation_h8_atr075,ny_late,continuation,8,2024-05-13 18:00:00+00:00,2024-05-14 02:00:00+00:00,-1,-2.186024096385371
stage36b_london_open_continuation_h4_atr075,london_open,continuation,4,2024-05-14 08:00:00+00:00,2024-05-14 12:00:00+00:00,1,2.1705426356584914
stage36b_london_open_reversal_h4_atr075,london_open,reversal,4,2024-05-14 08:00:00+00:00,2024-05-14 12:00:00+00:00,-1,-2.1705426356584914
stage36b_ny_open_continuation_h4_atr075,ny_open,continuation,4,2024-05-14 13:00:00+00:00,2024-05-14 17:00:00+00:00,-1,-9.463891732059329
stage36b_ny_open_reversal_h4_atr075,ny_open,reversal,4,2024-05-14 13:00:00+00:00,2024-05-14 17:00:00+00:00,1,9.463891732059329
stage36b_ny_late_reversal_h8_atr075,ny_late,reversal,8,2024-05-14 18:00:00+00:00,2024-05-15 02:00:00+00:00,1,6.970660340055574
stage36b_ny_late_continuation_h8_atr075,ny_late,continuation,8,2024-05-14 18:00:00+00:00,2024-05-15 02:00:00+00:00,-1,-6.970660340055574
stage36b_london_open_continuation_h4_atr075,london_open,continuation,4,2024-05-15 08:00:00+00:00,2024-05-15 12:00:00+00:00,1,14.8609090343842
stage36b_london_open_reversal_h4_atr075,london_open,reversal,4,2024-05-15 08:00:00+00:00,2024-05-15 12:00:00+00:00,-1,-14.8609090343842
stage36b_ny_open_continuation_h4_atr075,ny_open,continuation,4,2024-05-15 13:00:00+00:00,2024-05-15 17:00:00+00:00,-1,-9.296605278345856
stage36b_ny_open_reversal_h4_atr075,ny_open,reversal,4,2024-05-15 13:00:00+00:00,2024-05-15 17:00:00+00:00,1,9.296605278345856
stage36b_ny_late_reversal_h8_atr075,ny_late,reversal,8,2024-05-15 18:00:00+00:00,2024-05-16 02:00:00+00:00,-1,-8.110629012204628
stage36b_ny_late_continuation_h8_atr075,ny_late,continuation,8,2024-05-15 18:00:00+00:00,2024-05-16 02:00:00+00:00,1,8.110629012204628
stage36b_london_open_continuation_h4_atr075,london_open,continuation,4,2024-05-16 08:00:00+00:00,2024-05-16 12:00:00+00:00,-1,4.899466630810001
stage36b_london_open_reversal_h4_atr075,london_open,reversal,4,2024-05-16 08:00:00+00:00,2024-05-16 12:00:00+00:00,1,-4.899466630810001
stage36b_ny_open_continuation_h4_atr075,ny_open,continuation,4,2024-05-16 13:00:00+00:00,2024-05-16 17:00:00+00:00,-1,12.54237611484685
stage36b_ny_open_reversal_h4_atr075,ny_open,reversal,4,2024-05-16 13:00:00+00:00,2024-05-16 17:00:00+00:00,1,-12.54237611484685
stage36b_ny_late_reversal_h8_atr075,ny_late,reversal,8,2024-05-16 18:00:00+00:00,2024-05-17 02:00:00+00:00,-1,3.248667293822339
stage36b_ny_late_continuation_h8_atr075,ny_late,continuation,8,2024-05-16 18:00:00+00:00,2024-05-17 02:00:00+00:00,1,-3.248667293822339
stage36b_london_open_continuation_h4_atr075,london_open,continuation,4,2024-05-17 08:00:00+00:00,2024-05-17 12:00:00+00:00,1,2.2916848062695916
stage36b_london_open_reversal_h4_atr075,london_open,reversal,4,2024-05-17 08:00:00+00:00,2024-05-17 12:00:00+00:00,-1,-2.2916848062695916
stage36b_ny_open_continuation_h4_atr075,ny_open,continuation,4,2024-05-17 13:00:00+00:00,2024-05-17 17:00:00+00:00,1,36.10837683320982
stage36b_ny_open_reversal_h4_atr075,ny_open,reversal,4,2024-05-17 13:00:00+00:00,2024-05-17 17:00:00+00:00,-1,-36.10837683320982
stage36b_ny_late_reversal_h8_atr075,ny_late,reversal,8,2024-05-17 18:00:00+00:00,2024-05-20 01:00:00+00:00,1,7.621683967704934
stage36b_ny_late_continuation_h8_atr075,ny_late,continuation,8,2024-05-17 18:00:00+00:00,2024-05-20 01:00:00+00:00,-1,-7.621683967704934
stage36b_london_open_continuation_h4_atr075,london_open,continuation,4,2024-05-20 08:00:00+00:00,2024-05-20 12:00:00+00:00,1,-5.106026200873376
stage36b_london_open_reversal_h4_atr075,london_open,reversal,4,2024-05-20 08:00:00+00:00,2024-05-20 12:00:00+00:00,-1,5.106026200873376
stage36b_ny_open_continuation_h4_atr075,ny_open,continuation,4,2024-05-20 13:00:00+00:00,2024-05-20 17:00:00+00:00,-1,8.197698547443922
stage36b_ny_open_reversal_h4_atr075,ny_open,reversal,4,2024-05-20 13:00:00+00:00,2024-05-20 17:00:00+00:00,1,-8.197698547443922
stage36b_ny_late_reversal_h8_atr075,ny_late,reversal,8,2024-05-20 18:00:00+00:00,2024-05-21 02:00:00+00:00,-1,-0.7985464247108796
stage36b_ny_late_continuation_h8_atr075,ny_late,continuation,8,2024-05-20 18:00:00+00:00,2024-05-21 02:00:00+00:00,1,0.7985464247108796
stage36b_london_open_continuation_h4_atr075,london_open,continuation,4,2024-05-21 08:00:00+00:00,2024-05-21 12:00:00+00:00,1,-0.12030882846581908
stage36b_london_open_reversal_h4_atr075,london_open,reversal,4,2024-05-21 08:00:00+00:00,2024-05-21 12:00:00+00:00,-1,0.12030882846581908
stage36b_ny_open_continuation_h4_atr075,ny_open,continuation,4,2024-05-21 13:00:00+00:00,2024-05-21 17:00:00+00:00,1,7.028303412583137
stage36b_ny_open_reversal_h4_atr075,ny_open,reversal,4,2024-05-21 13:00:00+00:00,2024-05-21 17:00:00+00:00,-1,-7.028303412583137
stage36b_ny_late_reversal_h8_atr075,ny_late,reversal,8,2024-05-21 18:00:00+00:00,2024-05-22 02:00:00+00:00,1,-1.0329881740505957
stage36b_ny_late_continuation_h8_atr075,ny_late,continuation,8,2024-05-21 18:00:00+00:00,2024-05-22 02:00:00+00:00,-1,1.0329881740505957
stage36b_london_open_continuation_h4_atr075,london_open,continuation,4,2024-05-22 08:00:00+00:00,2024-05-22 12:00:00+00:00,1,0.30915314121674486
stage36b_london_open_reversal_h4_atr075,london_open,reversal,4,2024-05-22 08:00:00+00:00,2024-05-22 12:00:00+00:00,-1,-0.30915314121674486
stage36b_ny_open_continuation_h4_atr075,ny_open,continuation,4,2024-05-22 13:00:00+00:00,2024-05-22 17:00:00+00:00,-1,30.634866199013004
stage36b_ny_open_reversal_h4_atr075,ny_open,reversal,4,2024-05-22 13:00:00+00:00,2024-05-22 17:00:00+00:00,1,-30.634866199013004
stage36b_ny_late_reversal_h8_atr075,ny_late,reversal,8,2024-05-22 18:00:00+00:00,2024-05-23 02:00:00+00:00,-1,6.2922429344558
stage36b_ny_late_continuation_h8_atr075,ny_late,continuation,8,2024-05-22 18:00:00+00:00,2024-05-23 02:00:00+00:00,1,-6.2922429344558
stage36b_london_open_continuation_h4_atr075,london_open,continuation,4,2024-05-23 08:00:00+00:00,2024-05-23 12:00:00+00:00,-1,-3.319402985074679
stage36b_london_open_reversal_h4_atr075,london_open,reversal,4,2024-05-23 08:00:00+00:00,2024-05-23 12:00:00+00:00,1,3.319402985074679
stage36b_ny_open_continuation_h4_atr075,ny_open,continuation,4,2024-05-23 13:00:00+00:00,2024-05-23 17:00:00+00:00,1,-15.816512490039154
stage36b_ny_open_reversal_h4_atr075,ny_open,reversal,4,2024-05-23 13:00:00+00:00,2024-05-23 17:00:00+00:00,-1,15.816512490039154
stage36b_ny_late_reversal_h8_atr075,ny_late,reversal,8,2024-05-23 18:00:00+00:00,2024-05-24 02:00:00+00:00,-1,8.014647543484761
stage36b_ny_late_continuation_h8_atr075,ny_late,continuation,8,2024-05-23 18:00:00+00:00,2024-05-24 02:00:00+00:00,1,-8.014647543484761
stage36b_london_open_continuation_h4_atr075,london_open,continuation,4,2024-05-24 08:00:00+00:00,2024-05-24 12:00:00+00:00,1,-0.8416237850200837
stage36b_london_open_reversal_h4_atr075,london_open,reversal,4,2024-05-24 08:00:00+00:00,2024-05-24 12:00:00+00:00,-1,0.8416237850200837
stage36b_ny_open_continuation_h4_atr075,ny_open,continuation,4,2024-05-24 13:00:00+00:00,2024-05-24 17:00:00+00:00,1,-1.8947759806657631
stage36b_ny_open_reversal_h4_atr075,ny_open,reversal,4,2024-05-24 13:00:00+00:00,2024-05-24 17:00:00+00:00,-1,1.8947759806657631
stage36b_ny_late_reversal_h8_atr075,ny_late,reversal,8,2024-05-24 18:00:00+00:00,2024-05-27 01:00:00+00:00,1,4.975404299281022
stage36b_ny_late_continuation_h8_atr075,ny_late,continuation,8,2024-05-24 18:00:00+00:00,2024-05-27 01:00:00+00:00,-1,-4.975404299281022
stage36b_london_open_continuation_h4_atr075,london_open,continuation,4,2024-05-27 08:00:00+00:00,2024-05-27 12:00:00+00:00,1,-0.5958665848168374
stage36b_london_open_reversal_h4_atr075,london_open,reversal,4,2024-05-27 08:00:00+00:00,2024-05-27 12:00:00+00:00,-1,0.5958665848168374
stage36b_ny_open_continuation_h4_atr075,ny_open,continuation,4,2024-05-27 13:00:00+00:00,2024-05-27 17:00:00+00:00,1,10.732283070768034
stage36b_ny_open_reversal_h4_atr075,ny_open,reversal,4,2024-05-27 13:00:00+00:00,2024-05-27 17:00:00+00:00,-1,-10.732283070768034
stage36b_ny_late_reversal_h8_atr075,ny_late,reversal,8,2024-05-27 18:00:00+00:00,2024-05-28 03:00:00+00:00,1,-0.7064607392976283
stage36b_ny_late_continuation_h8_atr075,ny_late,continuation,8,2024-05-27 18:00:00+00:00,2024-05-28 03:00:00+00:00,-1,0.7064607392976283
stage36b_london_open_continuation_h4_atr075,london_open,continuation,4,2024-05-28 08:00:00+00:00,2024-05-28 12:00:00+00:00,-1,10.596864349011554
stage36b_london_open_reversal_h4_atr075,london_open,reversal,4,2024-05-28 08:00:00+00:00,2024-05-28 12:00:00+00:00,1,-10.596864349011554
stage36b_ny_open_continuation_h4_atr075,ny_open,continuation,4,2024-05-28 13:00:00+00:00,2024-05-28 17:00:00+00:00,1,13.932879131970871
stage36b_ny_open_reversal_h4_atr075,ny_open,reversal,4,2024-05-28 13:00:00+00:00,2024-05-28 17:00:00+00:00,-1,-13.932879131970871
stage36b_ny_late_reversal_h8_atr075,ny_late,reversal,8,2024-05-28 18:00:00+00:00,2024-05-29 02:00:00+00:00,-1,0.41040347313501674
stage36b_ny_late_continuation_h8_atr075,ny_late,continuation,8,2024-05-28 18:00:00+00:00,2024-05-29 02:00:00+00:00,1,-0.41040347313501674
stage36b_london_open_continuation_h4_atr075,london_open,continuation,4,2024-05-29 08:00:00+00:00,2024-05-29 12:00:00+00:00,-1,13.737982212036277
stage36b_london_open_reversal_h4_atr075,london_open,reversal,4,2024-05-29 08:00:00+00:00,2024-05-29 12:00:00+00:00,1,-13.737982212036277
stage36b_ny_open_continuation_h4_atr075,ny_open,continuation,4,2024-05-29 13:00:00+00:00,2024-05-29 17:00:00+00:00,1,-3.5312913294185693
stage36b_ny_open_reversal_h4_atr075,ny_open,reversal,4,2024-05-29 13:00:00+00:00,2024-05-29 17:00:00+00:00,-1,3.5312913294185693
stage36b_ny_late_reversal_h8_atr075,ny_late,reversal,8,2024-05-29 18:00:00+00:00,2024-05-30 02:00:00+00:00,1,-0.7097921013990077
stage36b_ny_late_continuation_h8_atr075,ny_late,continuation,8,2024-05-29 18:00:00+00:00,2024-05-30 02:00:00+00:00,-1,0.7097921013990077
stage36b_london_open_continuation_h4_atr075,london_open,continuation,4,2024-05-30 08:00:00+00:00,2024-05-30 12:00:00+00:00,-1,-8.906773977195996
stage36b_london_open_reversal_h4_atr075,london_open,reversal,4,2024-05-30 08:00:00+00:00,2024-05-30 12:00:00+00:00,1,8.906773977195996
stage36b_ny_open_continuation_h4_atr075,ny_open,continuation,4,2024-05-30 13:00:00+00:00,2024-05-30 17:00:00+00:00,1,3.05690264408436
stage36b_ny_open_reversal_h4_atr075,ny_open,reversal,4,2024-05-30 13:00:00+00:00,2024-05-30 17:00:00+00:00,-1,-3.05690264408436
stage36b_ny_late_reversal_h8_atr075,ny_late,reversal,8,2024-05-30 18:00:00+00:00,2024-05-31 02:00:00+00:00,1,0.16143385348124273
stage36b_ny_late_continuation_h8_atr075,ny_late,continuation,8,2024-05-30 18:00:00+00:00,2024-05-31 02:00:00+00:00,-1,-0.16143385348124273
stage36b_london_open_continuation_h4_atr075,london_open,continuation,4,2024-05-31 08:00:00+00:00,2024-05-31 12:00:00+00:00,-1,0.40923434645398066
stage36b_london_open_reversal_h4_atr075,london_open,reversal,4,2024-05-31 08:00:00+00:00,2024-05-31 12:00:00+00:00,1,-0.40923434645398066
stage36b_ny_open_continuation_h4_atr075,ny_open,continuation,4,2024-05-31 13:00:00+00:00,2024-05-31 17:00:00+00:00,1,-11.180102154119606
stage36b_ny_open_reversal_h4_atr075,ny_open,reversal,4,2024-05-31 13:00:00+00:00,2024-05-31 17:00:00+00:00,-1,11.180102154119606
stage36b_ny_late_reversal_h8_atr075,ny_late,reversal,8,2024-05-31 18:00:00+00:00,2024-06-03 01:00:00+00:00,1,-2.7657135103964303
stage36b_ny_late_continuation_h8_atr075,ny_late,continuation,8,2024-05-31 18:00:00+00:00,2024-06-03 01:00:00+00:00,-1,2.7657135103964303
stage36b_london_open_continuation_h4_atr075,london_open,continuation,4,2024-06-03 08:00:00+00:00,2024-06-03 12:00:00+00:00,-1,-7.492502883506184
stage36b_london_open_reversal_h4_atr075,london_open,reversal,4,2024-06-03 08:00:00+00:00,2024-06-03 12:00:00+00:00,1,7.492502883506184
stage36b_ny_open_continuation_h4_atr075,ny_open,continuation,4,2024-06-03 13:00:00+00:00,2024-06-03 17:00:00+00:00,1,11.322696486203746
stage36b_ny_open_reversal_h4_atr075,ny_open,reversal,4,2024-06-03 13:00:00+00:00,2024-06-03 17:00:00+00:00,-1,-11.322696486203746
stage36b_ny_late_reversal_h8_atr075,ny_late,reversal,8,2024-06-03 18:00:00+00:00,2024-06-04 02:00:00+00:00,-1,-6.196403872752218
stage36b_ny_late_continuation_h8_atr075,ny_late,continuation,8,2024-06-03 18:00:00+00:00,2024-06-04 02:00:00+00:00,1,6.196403872752218
stage36b_london_open_continuation_h4_atr075,london_open,continuation,4,2024-06-04 08:00:00+00:00,2024-06-04 12:00:00+00:00,-1,22.97728688756746
stage36b_london_open_reversal_h4_atr075,london_open,reversal,4,2024-06-04 08:00:00+00:00,2024-06-04 12:00:00+00:00,1,-22.97728688756746
stage36b_ny_open_continuation_h4_atr075,ny_open,continuation,4,2024-06-04 13:00:00+00:00,2024-06-04 17:00:00+00:00,-1,13.436071999587591
stage36b_ny_open_reversal_h4_atr075,ny_open,reversal,4,2024-06-04 13:00:00+00:00,2024-06-04 17:00:00+00:00,1,-13.436071999587591
stage36b_ny_late_reversal_h8_atr075,ny_late,reversal,8,2024-06-04 18:00:00+00:00,2024-06-05 02:00:00+00:00,-1,-1.9251983377408413
stage36b_ny_late_continuation_h8_atr075,ny_late,continuation,8,2024-06-04 18:00:00+00:00,2024-06-05 02:00:00+00:00,1,1.9251983377408413
stage36b_london_open_continuation_h4_atr075,london_open,continuation,4,2024-06-05 08:00:00+00:00,2024-06-05 12:00:00+00:00,-1,7.890592623290482
stage36b_london_open_reversal_h4_atr075,london_open,reversal,4,2024-06-05 08:00:00+00:00,2024-06-05 12:00:00+00:00,1,-7.890592623290482
stage36b_ny_open_continuation_h4_atr075,ny_open,continuation,4,2024-06-05 13:00:00+00:00,2024-06-05 17:00:00+00:00,1,20.902813613466094
stage36b_ny_open_reversal_h4_atr075,ny_open,reversal,4,2024-06-05 13:00:00+00:00,2024-06-05 17:00:00+00:00,-1,-20.902813613466094
stage36b_ny_late_reversal_h8_atr075,ny_late,reversal,8,2024-06-05 18:00:00+00:00,2024-06-06 02:00:00+00:00,-1,-1.1308165057068624
stage36b_ny_late_continuation_h8_atr075,ny_late,continuation,8,2024-06-05 18:00:00+00:00,2024-06-06 02:00:00+00:00,1,1.1308165057068624
stage36b_london_open_continuation_h4_atr075,london_open,continuation,4,2024-06-06 08:00:00+00:00,2024-06-06 12:00:00+00:00,-1,6.476779605416983
stage36b_london_open_reversal_h4_atr075,london_open,reversal,4,2024-06-06 08:00:00+00:00,2024-06-06 12:00:00+00:00,1,-6.476779605416983
stage36b_ny_open_continuation_h4_atr075,ny_open,continuation,4,2024-06-06 13:00:00+00:00,2024-06-06 17:00:00+00:00,-1,-3.0502723457448893
stage36b_ny_open_reversal_h4_atr075,ny_open,reversal,4,2024-06-06 13:00:00+00:00,2024-06-06 17:00:00+00:00,1,3.0502723457448893
stage36b_ny_late_reversal_h8_atr075,ny_late,reversal,8,2024-06-06 18:00:00+00:00,2024-06-07 02:00:00+00:00,-1,-1.9832607041574635
stage36b_ny_late_continuation_h8_atr075,ny_late,continuation,8,2024-06-06 18:00:00+00:00,2024-06-07 02:00:00+00:00,1,1.9832607041574635
stage36b_london_open_continuation_h4_atr075,london_open,continuation,4,2024-06-07 08:00:00+00:00,2024-06-07 12:00:00+00:00,-1,34.313108614232
stage36b_london_open_reversal_h4_atr075,london_open,reversal,4,2024-06-07 08:00:00+00:00,2024-06-07 12:00:00+00:00,1,-34.313108614232
stage36b_ny_open_continuation_h4_atr075,ny_open,continuation,4,2024-06-07 13:00:00+00:00,2024-06-07 17:00:00+00:00,-1,12.967749287749392
stage36b_ny_open_reversal_h4_atr075,ny_open,reversal,4,2024-06-07 13:00:00+00:00,2024-06-07 17:00:00+00:00,1,-12.967749287749392
stage36b_ny_late_reversal_h8_atr075,ny_late,reversal,8,2024-06-07 18:00:00+00:00,2024-06-10 01:00:00+00:00,1,-3.1384122370651704
stage36b_ny_late_continuation_h8_atr075,ny_late,continuation,8,2024-06-07 18:00:00+00:00,2024-06-10 01:00:00+00:00,-1,3.1384122370651704
stage36b_london_open_continuation_h4_atr075,london_open,continuation,4,2024-06-10 08:00:00+00:00,2024-06-10 12:00:00+00:00,1,-0.33827915581197776
stage36b_london_open_reversal_h4_atr075,london_open,reversal,4,2024-06-10 08:00:00+00:00,2024-06-10 12:00:00+00:00,-1,0.33827915581197776
stage36b_ny_open_continuation_h4_atr075,ny_open,continuation,4,2024-06-10 13:00:00+00:00,2024-06-10 17:00:00+00:00,1,4.329697639099588
stage36b_ny_open_reversal_h4_atr075,ny_open,reversal,4,2024-06-10 13:00:00+00:00,2024-06-10 17:00:00+00:00,-1,-4.329697639099588
stage36b_ny_late_reversal_h8_atr075,ny_late,reversal,8,2024-06-10 18:00:00+00:00,2024-06-11 02:00:00+00:00,-1,-2.46886262677026
stage36b_ny_late_continuation_h8_atr075,ny_late,continuation,8,2024-06-10 18:00:00+00:00,2024-06-11 02:00:00+00:00,1,2.46886262677026
stage36b_london_open_continuation_h4_atr075,london_open,continuation,4,2024-06-11 08:00:00+00:00,2024-06-11 12:00:00+00:00,-1,-9.159399312465961
stage36b_london_open_reversal_h4_atr075,london_open,reversal,4,2024-06-11 08:00:00+00:00,2024-06-11 12:00:00+00:00,1,9.159399312465961
stage36b_ny_open_continuation_h4_atr075,ny_open,continuation,4,2024-06-11 13:00:00+00:00,2024-06-11 17:00:00+00:00,1,8.82641107561277
stage36b_ny_open_reversal_h4_atr075,ny_open,reversal,4,2024-06-11 13:00:00+00:00,2024-06-11 17:00:00+00:00,-1,-8.82641107561277
stage36b_ny_late_reversal_h8_atr075,ny_late,reversal,8,2024-06-11 18:00:00+00:00,2024-06-12 02:00:00+00:00,1,4.884289425492906
stage36b_ny_late_continuation_h8_atr075,ny_late,continuation,8,2024-06-11 18:00:00+00:00,2024-06-12 02:00:00+00:00,-1,-4.884289425492906
stage36b_london_open_continuation_h4_atr075,london_open,continuation,4,2024-06-12 08:00:00+00:00,2024-06-12 12:00:00+00:00,1,-1.454449082356101
stage36b_london_open_reversal_h4_atr075,london_open,reversal,4,2024-06-12 08:00:00+00:00,2024-06-12 12:00:00+00:00,-1,1.454449082356101
stage36b_ny_open_continuation_h4_atr075,ny_open,continuation,4,2024-06-12 13:00:00+00:00,2024-06-12 17:00:00+00:00,-1,-18.89549137751963
stage36b_ny_open_reversal_h4_atr075,ny_open,reversal,4,2024-06-12 13:00:00+00:00,2024-06-12 17:00:00+00:00,1,18.89549137751963
stage36b_ny_late_reversal_h8_atr075,ny_late,reversal,8,2024-06-12 18:00:00+00:00,2024-06-13 02:00:00+00:00,-1,11.291532690246314
stage36b_ny_late_continuation_h8_atr075,ny_late,continuation,8,2024-06-12 18:00:00+00:00,2024-06-13 02:00:00+00:00,1,-11.291532690246314
stage36b_london_open_continuation_h4_atr075,london_open,continuation,4,2024-06-13 08:00:00+00:00,2024-06-13 12:00:00+00:00,-1,-3.3370577281189617
stage36b_london_open_reversal_h4_atr075,london_open,reversal,4,2024-06-13 08:00:00+00:00,2024-06-13 12:00:00+00:00,1,3.3370577281189617
stage36b_ny_open_continuation_h4_atr075,ny_open,continuation,4,2024-06-13 13:00:00+00:00,2024-06-13 17:00:00+00:00,1,-3.1129315389120564
stage36b_ny_open_reversal_h4_atr075,ny_open,reversal,4,2024-06-13 13:00:00+00:00,2024-06-13 17:00:00+00:00,-1,3.1129315389120564
stage36b_ny_late_reversal_h8_atr075,ny_late,reversal,8,2024-06-13 18:00:00+00:00,2024-06-14 02:00:00+00:00,1,2.0277986685607554
stage36b_ny_late_continuation_h8_atr075,ny_late,continuation,8,2024-06-13 18:00:00+00:00,2024-06-14 02:00:00+00:00,-1,-2.0277986685607554
stage36b_london_open_continuation_h4_atr075,london_open,continuation,4,2024-06-14 08:00:00+00:00,2024-06-14 12:00:00+00:00,1,19.968809272919216
stage36b_london_open_reversal_h4_atr075,london_open,reversal,4,2024-06-14 08:00:00+00:00,2024-06-14 12:00:00+00:00,-1,-19.968809272919216
stage36b_ny_open_continuation_h4_atr075,ny_open,continuation,4,2024-06-14 13:00:00+00:00,2024-06-14 17:00:00+00:00,1,-0.402779802692204
stage36b_ny_open_reversal_h4_atr075,ny_open,reversal,4,2024-06-14 13:00:00+00:00,2024-06-14 17:00:00+00:00,-1,0.402779802692204
stage36b_ny_late_reversal_h8_atr075,ny_late,reversal,8,2024-06-14 18:00:00+00:00,2024-06-17 01:00:00+00:00,1,2.3564844134826717
stage36b_ny_late_continuation_h8_atr075,ny_late,continuation,8,2024-06-14 18:00:00+00:00,2024-06-17 01:00:00+00:00,-1,-2.3564844134826717
stage36b_london_open_continuation_h4_atr075,london_open,continuation,4,2024-06-17 08:00:00+00:00,2024-06-17 12:00:00+00:00,-1,-1.8853914447135645
stage36b_london_open_reversal_h4_atr075,london_open,reversal,4,2024-06-17 08:00:00+00:00,2024-06-17 12:00:00+00:00,1,1.8853914447135645
stage36b_ny_open_continuation_h4_atr075,ny_open,continuation,4,2024-06-17 13:00:00+00:00,2024-06-17 17:00:00+00:00,1,5.1284890426762875
stage36b_ny_open_reversal_h4_atr075,ny_open,reversal,4,2024-06-17 13:00:00+00:00,2024-06-17 17:00:00+00:00,-1,-5.1284890426762875
stage36b_ny_late_reversal_h8_atr075,ny_late,reversal,8,2024-06-17 18:00:00+00:00,2024-06-18 02:00:00+00:00,1,6.969001930282933
stage36b_ny_late_continuation_h8_atr075,ny_late,continuation,8,2024-06-17 18:00:00+00:00,2024-06-18 02:00:00+00:00,-1,-6.969001930282933
stage36b_london_open_continuation_h4_atr075,london_open,continuation,4,2024-06-18 08:00:00+00:00,2024-06-18 12:00:00+00:00,-1,17.261815661816232
stage36b_london_open_reversal_h4_atr075,london_open,reversal,4,2024-06-18 08:00:00+00:00,2024-06-18 12:00:00+00:00,1,-17.261815661816232
stage36b_ny_open_continuation_h4_atr075,ny_open,continuation,4,2024-06-18 13:00:00+00:00,2024-06-18 17:00:00+00:00,-1,-21.936765352945066
stage36b_ny_open_reversal_h4_atr075,ny_open,reversal,4,2024-06-18 13:00:00+00:00,2024-06-18 17:00:00+00:00,1,21.936765352945066
stage36b_ny_late_reversal_h8_atr075,ny_late,reversal,8,2024-06-18 18:00:00+00:00,2024-06-19 02:00:00+00:00,-1,-1.2671438466865133
stage36b_ny_late_continuation_h8_atr075,ny_late,continuation,8,2024-06-18 18:00:00+00:00,2024-06-19 02:00:00+00:00,1,1.2671438466865133
stage36b_london_open_continuation_h4_atr075,london_open,continuation,4,2024-06-19 08:00:00+00:00,2024-06-19 12:00:00+00:00,1,-2.2443792766374204
stage36b_london_open_reversal_h4_atr075,london_open,reversal,4,2024-06-19 08:00:00+00:00,2024-06-19 12:00:00+00:00,-1,2.2443792766374204
stage36b_ny_open_continuation_h4_atr075,ny_open,continuation,4,2024-06-19 13:00:00+00:00,2024-06-19 17:00:00+00:00,-1,3.5767305368555387
stage36b_ny_open_reversal_h4_atr075,ny_open,reversal,4,2024-06-19 13:00:00+00:00,2024-06-19 17:00:00+00:00,1,-3.5767305368555387
stage36b_ny_late_reversal_h8_atr075,ny_late,reversal,8,2024-06-19 18:00:00+00:00,2024-06-20 03:00:00+00:00,-1,0.055982505466990254
stage36b_ny_late_continuation_h8_atr075,ny_late,continuation,8,2024-06-19 18:00:00+00:00,2024-06-20 03:00:00+00:00,1,-0.055982505466990254
stage36b_london_open_continuation_h4_atr075,london_open,continuation,4,2024-06-20 08:00:00+00:00,2024-06-20 12:00:00+00:00,-1,8.922720141873157
stage36b_london_open_reversal_h4_atr075,london_open,reversal,4,2024-06-20 08:00:00+00:00,2024-06-20 12:00:00+00:00,1,-8.922720141873157
stage36b_ny_open_continuation_h4_atr075,ny_open,continuation,4,2024-06-20 13:00:00+00:00,2024-06-20 17:00:00+00:00,1,28.26805918189715
stage36b_ny_open_reversal_h4_atr075,ny_open,reversal,4,2024-06-20 13:00:00+00:00,2024-06-20 17:00:00+00:00,-1,-28.26805918189715
stage36b_ny_late_reversal_h8_atr075,ny_late,reversal,8,2024-06-20 18:00:00+00:00,2024-06-21 02:00:00+00:00,1,5.170120730841274
stage36b_ny_late_continuation_h8_atr075,ny_late,continuation,8,2024-06-20 18:00:00+00:00,2024-06-21 02:00:00+00:00,-1,-5.170120730841274
stage36b_london_open_continuation_h4_atr075,london_open,continuation,4,2024-06-21 08:00:00+00:00,2024-06-21 12:00:00+00:00,1,-1.0754117733955133
stage36b_london_open_reversal_h4_atr075,london_open,reversal,4,2024-06-21 08:00:00+00:00,2024-06-21 12:00:00+00:00,-1,1.0754117733955133
stage36b_ny_open_continuation_h4_atr075,ny_open,continuation,4,2024-06-21 13:00:00+00:00,2024-06-21 17:00:00+00:00,-1,42.95612844866516
stage36b_ny_open_reversal_h4_atr075,ny_open,reversal,4,2024-06-21 13:00:00+00:00,2024-06-21 17:00:00+00:00,1,-42.95612844866516
stage36b_ny_late_reversal_h8_atr075,ny_late,reversal,8,2024-06-21 18:00:00+00:00,2024-06-24 01:00:00+00:00,1,-4.484928492849181
stage36b_ny_late_continuation_h8_atr075,ny_late,continuation,8,2024-06-21 18:00:00+00:00,2024-06-24 01:00:00+00:00,-1,4.484928492849181
stage36b_london_open_continuation_h4_atr075,london_open,continuation,4,2024-06-24 08:00:00+00:00,2024-06-24 12:00:00+00:00,1,-0.07264472190685833
stage36b_london_open_reversal_h4_atr075,london_open,reversal,4,2024-06-24 08:00:00+00:00,2024-06-24 12:00:00+00:00,-1,0.07264472190685833
stage36b_ny_open_continuation_h4_atr075,ny_open,continuation,4,2024-06-24 13:00:00+00:00,2024-06-24 17:00:00+00:00,1,6.137741046832076
stage36b_ny_open_reversal_h4_atr075,ny_open,reversal,4,2024-06-24 13:00:00+00:00,2024-06-24 17:00:00+00:00,-1,-6.137741046832076
stage36b_ny_late_reversal_h8_atr075,ny_late,reversal,8,2024-06-24 18:00:00+00:00,2024-06-25 02:00:00+00:00,1,3.531185743659842
stage36b_ny_late_continuation_h8_atr075,ny_late,continuation,8,2024-06-24 18:00:00+00:00,2024-06-25 02:00:00+00:00,-1,-3.531185743659842
stage36b_london_open_continuation_h4_atr075,london_open,continuation,4,2024-06-25 08:00:00+00:00,2024-06-25 12:00:00+00:00,-1,-11.794071762871313
stage36b_london_open_reversal_h4_atr075,london_open,reversal,4,2024-06-25 08:00:00+00:00,2024-06-25 12:00:00+00:00,1,11.794071762871313
stage36b_ny_open_continuation_h4_atr075,ny_open,continuation,4,2024-06-25 13:00:00+00:00,2024-06-25 17:00:00+00:00,1,-10.336369156041465
stage36b_ny_open_reversal_h4_atr075,ny_open,reversal,4,2024-06-25 13:00:00+00:00,2024-06-25 17:00:00+00:00,-1,10.336369156041465
stage36b_ny_late_reversal_h8_atr075,ny_late,reversal,8,2024-06-25 18:00:00+00:00,2024-06-26 02:00:00+00:00,1,-4.094062863795138
stage36b_ny_late_continuation_h8_atr075,ny_late,continuation,8,2024-06-25 18:00:00+00:00,2024-06-26 02:00:00+00:00,-1,4.094062863795138
stage36b_london_open_continuation_h4_atr075,london_open,continuation,4,2024-06-26 08:00:00+00:00,2024-06-26 12:00:00+00:00,-1,-4.681921743437584
stage36b_london_open_reversal_h4_atr075,london_open,reversal,4,2024-06-26 08:00:00+00:00,2024-06-26 12:00:00+00:00,1,4.681921743437584
stage36b_ny_open_continuation_h4_atr075,ny_open,continuation,4,2024-06-26 13:00:00+00:00,2024-06-26 17:00:00+00:00,-1,10.774082416854537
stage36b_ny_open_reversal_h4_atr075,ny_open,reversal,4,2024-06-26 13:00:00+00:00,2024-06-26 17:00:00+00:00,1,-10.774082416854537
stage36b_ny_late_reversal_h8_atr075,ny_late,reversal,8,2024-06-26 18:00:00+00:00,2024-06-27 02:00:00+00:00,-1,1.197701836538222
stage36b_ny_late_continuation_h8_atr075,ny_late,continuation,8,2024-06-26 18:00:00+00:00,2024-06-27 02:00:00+00:00,1,-1.197701836538222
stage36b_london_open_continuation_h4_atr075,london_open,continuation,4,2024-06-27 08:00:00+00:00,2024-06-27 12:00:00+00:00,-1,-32.27226318774929
stage36b_london_open_reversal_h4_atr075,london_open,reversal,4,2024-06-27 08:00:00+00:00,2024-06-27 12:00:00+00:00,1,32.27226318774929
stage36b_ny_open_continuation_h4_atr075,ny_open,continuation,4,2024-06-27 13:00:00+00:00,2024-06-27 17:00:00+00:00,1,22.671932133977393
stage36b_ny_open_reversal_h4_atr075,ny_open,reversal,4,2024-06-27 13:00:00+00:00,2024-06-27 17:00:00+00:00,-1,-22.671932133977393
stage36b_ny_late_reversal_h8_atr075,ny_late,reversal,8,2024-06-27 18:00:00+00:00,2024-06-28 02:00:00+00:00,1,0.22649140546010282
stage36b_ny_late_continuation_h8_atr075,ny_late,continuation,8,2024-06-27 18:00:00+00:00,2024-06-28 02:00:00+00:00,-1,-0.22649140546010282
stage36b_london_open_continuation_h4_atr075,london_open,continuation,4,2024-06-28 08:00:00+00:00,2024-06-28 12:00:00+00:00,1,6.348064918851266
stage36b_london_open_reversal_h4_atr075,london_open,reversal,4,2024-06-28 08:00:00+00:00,2024-06-28 12:00:00+00:00,-1,-6.348064918851266
stage36b_ny_open_continuation_h4_atr075,ny_open,continuation,4,2024-06-28 13:00:00+00:00,2024-06-28 17:00:00+00:00,1,-11.88943530608802
stage36b_ny_open_reversal_h4_atr075,ny_open,reversal,4,2024-06-28 13:00:00+00:00,2024-06-28 17:00:00+00:00,-1,11.88943530608802
stage36b_ny_late_reversal_h8_atr075,ny_late,reversal,8,2024-06-28 18:00:00+00:00,2024-07-01 01:00:00+00:00,-1,3.774603568914512
stage36b_ny_late_continuation_h8_atr075,ny_late,continuation,8,2024-06-28 18:00:00+00:00,2024-07-01 01:00:00+00:00,1,-3.774603568914512
stage36b_london_open_continuation_h4_atr075,london_open,continuation,4,2024-07-01 08:00:00+00:00,2024-07-01 12:00:00+00:00,-1,-7.50316856780698
stage36b_london_open_reversal_h4_atr075,london_open,reversal,4,2024-07-01 08:00:00+00:00,2024-07-01 12:00:00+00:00,1,7.50316856780698
stage36b_ny_open_continuation_h4_atr075,ny_open,continuation,4,2024-07-01 13:00:00+00:00,2024-07-01 17:00:00+00:00,1,-10.625496447949226
stage36b_ny_open_reversal_h4_atr075,ny_open,reversal,4,2024-07-01 13:00:00+00:00,2024-07-01 17:00:00+00:00,-1,10.625496447949226
stage36b_ny_late_reversal_h8_atr075,ny_late,reversal,8,2024-07-01 18:00:00+00:00,2024-07-02 02:00:00+00:00,-1,-3.8095238095237978
stage36b_ny_late_continuation_h8_atr075,ny_late,continuation,8,2024-07-01 18:00:00+00:00,2024-07-02 02:00:00+00:00,1,3.8095238095237978
stage36b_london_open_continuation_h4_atr075,london_open,continuation,4,2024-07-02 08:00:00+00:00,2024-07-02 12:00:00+00:00,1,-9.140662506000629
stage36b_london_open_reversal_h4_atr075,london_open,reversal,4,2024-07-02 08:00:00+00:00,2024-07-02 12:00:00+00:00,-1,9.140662506000629
stage36b_ny_open_continuation_h4_atr075,ny_open,continuation,4,2024-07-02 13:00:00+00:00,2024-07-02 17:00:00+00:00,-1,-3.2420491334979493
stage36b_ny_open_reversal_h4_atr075,ny_open,reversal,4,2024-07-02 13:00:00+00:00,2024-07-02 17:00:00+00:00,1,3.2420491334979493
stage36b_ny_late_reversal_h8_atr075,ny_late,reversal,8,2024-07-02 18:00:00+00:00,2024-07-03 02:00:00+00:00,1,4.686578336701974
stage36b_ny_late_continuation_h8_atr075,ny_late,continuation,8,2024-07-02 18:00:00+00:00,2024-07-03 02:00:00+00:00,-1,-4.686578336701974
stage36b_london_open_continuation_h4_atr075,london_open,continuation,4,2024-07-03 08:00:00+00:00,2024-07-03 12:00:00+00:00,-1,-21.808917197451237
stage36b_london_open_reversal_h4_atr075,london_open,reversal,4,2024-07-03 08:00:00+00:00,2024-07-03 12:00:00+00:00,1,21.808917197451237
stage36b_ny_open_continuation_h4_atr075,ny_open,continuation,4,2024-07-03 13:00:00+00:00,2024-07-03 17:00:00+00:00,1,20.324248285563304
stage36b_ny_open_reversal_h4_atr075,ny_open,reversal,4,2024-07-03 13:00:00+00:00,2024-07-03 17:00:00+00:00,-1,-20.324248285563304
stage36b_ny_late_reversal_h8_atr075,ny_late,reversal,8,2024-07-03 18:00:00+00:00,2024-07-04 02:00:00+00:00,-1,3.6456318132963093
stage36b_ny_late_continuation_h8_atr075,ny_late,continuation,8,2024-07-03 18:00:00+00:00,2024-07-04 02:00:00+00:00,1,-3.6456318132963093
stage36b_london_open_continuation_h4_atr075,london_open,continuation,4,2024-07-04 08:00:00+00:00,2024-07-04 12:00:00+00:00,-1,-1.1836195508582217
stage36b_london_open_reversal_h4_atr075,london_open,reversal,4,2024-07-04 08:00:00+00:00,2024-07-04 12:00:00+00:00,1,1.1836195508582217
stage36b_ny_open_continuation_h4_atr075,ny_open,continuation,4,2024-07-04 13:00:00+00:00,2024-07-04 17:00:00+00:00,1,1.3940637395703066
stage36b_ny_open_reversal_h4_atr075,ny_open,reversal,4,2024-07-04 13:00:00+00:00,2024-07-04 17:00:00+00:00,-1,-1.3940637395703066
stage36b_ny_late_reversal_h8_atr075,ny_late,reversal,8,2024-07-04 18:00:00+00:00,2024-07-05 03:00:00+00:00,1,2.0222819823279115
stage36b_ny_late_continuation_h8_atr075,ny_late,continuation,8,2024-07-04 18:00:00+00:00,2024-07-05 03:00:00+00:00,-1,-2.0222819823279115
stage36b_london_open_continuation_h4_atr075,london_open,continuation,4,2024-07-05 08:00:00+00:00,2024-07-05 12:00:00+00:00,1,-4.54426619132564
stage36b_london_open_reversal_h4_atr075,london_open,reversal,4,2024-07-05 08:00:00+00:00,2024-07-05 12:00:00+00:00,-1,4.54426619132564
stage36b_ny_open_continuation_h4_atr075,ny_open,continuation,4,2024-07-05 13:00:00+00:00,2024-07-05 17:00:00+00:00,1,25.664107625940655
stage36b_ny_open_reversal_h4_atr075,ny_open,reversal,4,2024-07-05 13:00:00+00:00,2024-07-05 17:00:00+00:00,-1,-25.664107625940655
stage36b_ny_late_reversal_h8_atr075,ny_late,reversal,8,2024-07-05 18:00:00+00:00,2024-07-08 01:00:00+00:00,-1,-0.5171581488087853
stage36b_ny_late_continuation_h8_atr075,ny_late,continuation,8,2024-07-05 18:00:00+00:00,2024-07-08 01:00:00+00:00,1,0.5171581488087853
stage36b_london_open_continuation_h4_atr075,london_open,continuation,4,2024-07-08 08:00:00+00:00,2024-07-08 12:00:00+00:00,-1,14.837830811626308
stage36b_london_open_reversal_h4_atr075,london_open,reversal,4,2024-07-08 08:00:00+00:00,2024-07-08 12:00:00+00:00,1,-14.837830811626308
stage36b_ny_open_continuation_h4_atr075,ny_open,continuation,4,2024-07-08 13:00:00+00:00,2024-07-08 17:00:00+00:00,1,-1.0487841715751056
stage36b_ny_open_reversal_h4_atr075,ny_open,reversal,4,2024-07-08 13:00:00+00:00,2024-07-08 17:00:00+00:00,-1,1.0487841715751056
stage36b_ny_late_reversal_h8_atr075,ny_late,reversal,8,2024-07-08 18:00:00+00:00,2024-07-09 02:00:00+00:00,1,5.005232640361801
stage36b_ny_late_continuation_h8_atr075,ny_late,continuation,8,2024-07-08 18:00:00+00:00,2024-07-09 02:00:00+00:00,-1,-5.005232640361801
stage36b_london_open_continuation_h4_atr075,london_open,continuation,4,2024-07-09 08:00:00+00:00,2024-07-09 12:00:00+00:00,-1,0.38174588146182564
stage36b_london_open_reversal_h4_atr075,london_open,reversal,4,2024-07-09 08:00:00+00:00,2024-07-09 12:00:00+00:00,1,-0.38174588146182564
stage36b_ny_open_continuation_h4_atr075,ny_open,continuation,4,2024-07-09 13:00:00+00:00,2024-07-09 17:00:00+00:00,-1,11.777349273685608
stage36b_ny_open_reversal_h4_atr075,ny_open,reversal,4,2024-07-09 13:00:00+00:00,2024-07-09 17:00:00+00:00,1,-11.777349273685608
stage36b_ny_late_reversal_h8_atr075,ny_late,reversal,8,2024-07-09 18:00:00+00:00,2024-07-10 02:00:00+00:00,-1,-2.504846958247357
stage36b_ny_late_continuation_h8_atr075,ny_late,continuation,8,2024-07-09 18:00:00+00:00,2024-07-10 02:00:00+00:00,1,2.504846958247357
stage36b_london_open_continuation_h4_atr075,london_open,continuation,4,2024-07-10 08:00:00+00:00,2024-07-10 12:00:00+00:00,1,5.705266178791237
stage36b_london_open_reversal_h4_atr075,london_open,reversal,4,2024-07-10 08:00:00+00:00,2024-07-10 12:00:00+00:00,-1,-5.705266178791237
stage36b_ny_open_continuation_h4_atr075,ny_open,continuation,4,2024-07-10 13:00:00+00:00,2024-07-10 17:00:00+00:00,1,4.073034555606393
stage36b_ny_open_reversal_h4_atr075,ny_open,reversal,4,2024-07-10 13:00:00+00:00,2024-07-10 17:00:00+00:00,-1,-4.073034555606393
stage36b_ny_late_reversal_h8_atr075,ny_late,reversal,8,2024-07-10 18:00:00+00:00,2024-07-11 02:00:00+00:00,-1,6.447842337750367
stage36b_ny_late_continuation_h8_atr075,ny_late,continuation,8,2024-07-10 18:00:00+00:00,2024-07-11 02:00:00+00:00,1,-6.447842337750367
stage36b_london_open_continuation_h4_atr075,london_open,continuation,4,2024-07-11 08:00:00+00:00,2024-07-11 12:00:00+00:00,1,2.5400425230333834
stage36b_london_open_reversal_h4_atr075,london_open,reversal,4,2024-07-11 08:00:00+00:00,2024-07-11 12:00:00+00:00,-1,-2.5400425230333834
stage36b_ny_open_continuation_h4_atr075,ny_open,continuation,4,2024-07-11 13:00:00+00:00,2024-07-11 17:00:00+00:00,-1,-65.0761154855638
stage36b_ny_open_reversal_h4_atr075,ny_open,reversal,4,2024-07-11 13:00:00+00:00,2024-07-11 17:00:00+00:00,1,65.0761154855638
stage36b_ny_late_reversal_h8_atr075,ny_late,reversal,8,2024-07-11 18:00:00+00:00,2024-07-12 02:00:00+00:00,1,-0.922745857542289
stage36b_ny_late_continuation_h8_atr075,ny_late,continuation,8,2024-07-11 18:00:00+00:00,2024-07-12 02:00:00+00:00,-1,0.922745857542289
stage36b_london_open_continuation_h4_atr075,london_open,continuation,4,2024-07-12 08:00:00+00:00,2024-07-12 12:00:00+00:00,-1,3.7937703691831905
stage36b_london_open_reversal_h4_atr075,london_open,reversal,4,2024-07-12 08:00:00+00:00,2024-07-12 12:00:00+00:00,1,-3.7937703691831905
stage36b_ny_open_continuation_h4_atr075,ny_open,continuation,4,2024-07-12 13:00:00+00:00,2024-07-12 17:00:00+00:00,-1,-10.220974950628413
stage36b_ny_open_reversal_h4_atr075,ny_open,reversal,4,2024-07-12 13:00:00+00:00,2024-07-12 17:00:00+00:00,1,10.220974950628413
stage36b_ny_late_reversal_h8_atr075,ny_late,reversal,8,2024-07-12 18:00:00+00:00,2024-07-15 01:00:00+00:00,-1,4.100774199067668
stage36b_ny_late_continuation_h8_atr075,ny_late,continuation,8,2024-07-12 18:00:00+00:00,2024-07-15 01:00:00+00:00,1,-4.100774199067668
stage36b_london_open_continuation_h4_atr075,london_open,continuation,4,2024-07-15 08:00:00+00:00,2024-07-15 12:00:00+00:00,-1,-3.4731730150366618
stage36b_london_open_reversal_h4_atr075,london_open,reversal,4,2024-07-15 08:00:00+00:00,2024-07-15 12:00:00+00:00,1,3.4731730150366618
stage36b_ny_open_continuation_h4_atr075,ny_open,continuation,4,2024-07-15 13:00:00+00:00,2024-07-15 17:00:00+00:00,1,19.392144766604964
stage36b_ny_open_reversal_h4_atr075,ny_open,reversal,4,2024-07-15 13:00:00+00:00,2024-07-15 17:00:00+00:00,-1,-19.392144766604964
stage36b_ny_late_reversal_h8_atr075,ny_late,reversal,8,2024-07-15 18:00:00+00:00,2024-07-16 02:00:00+00:00,-1,9.490542746784667
stage36b_ny_late_continuation_h8_atr075,ny_late,continuation,8,2024-07-15 18:00:00+00:00,2024-07-16 02:00:00+00:00,1,-9.490542746784667
stage36b_london_open_continuation_h4_atr075,london_open,continuation,4,2024-07-16 08:00:00+00:00,2024-07-16 12:00:00+00:00,1,12.579193205944767
stage36b_london_open_reversal_h4_atr075,london_open,reversal,4,2024-07-16 08:00:00+00:00,2024-07-16 12:00:00+00:00,-1,-12.579193205944767
stage36b_ny_open_continuation_h4_atr075,ny_open,continuation,4,2024-07-16 13:00:00+00:00,2024-07-16 17:00:00+00:00,-1,-14.273627844712188
stage36b_ny_open_reversal_h4_atr075,ny_open,reversal,4,2024-07-16 13:00:00+00:00,2024-07-16 17:00:00+00:00,1,14.273627844712188
stage36b_ny_late_reversal_h8_atr075,ny_late,reversal,8,2024-07-16 18:00:00+00:00,2024-07-17 02:00:00+00:00,-1,-3.459171955273577
stage36b_ny_late_continuation_h8_atr075,ny_late,continuation,8,2024-07-16 18:00:00+00:00,2024-07-17 02:00:00+00:00,1,3.459171955273577
stage36b_london_open_continuation_h4_atr075,london_open,continuation,4,2024-07-17 08:00:00+00:00,2024-07-17 12:00:00+00:00,-1,-8.115942028985609
stage36b_london_open_reversal_h4_atr075,london_open,reversal,4,2024-07-17 08:00:00+00:00,2024-07-17 12:00:00+00:00,1,8.115942028985609
stage36b_ny_open_continuation_h4_atr075,ny_open,continuation,4,2024-07-17 13:00:00+00:00,2024-07-17 17:00:00+00:00,-1,3.041396939215967
stage36b_ny_open_reversal_h4_atr075,ny_open,reversal,4,2024-07-17 13:00:00+00:00,2024-07-17 17:00:00+00:00,1,-3.041396939215967
stage36b_ny_late_reversal_h8_atr075,ny_late,reversal,8,2024-07-17 18:00:00+00:00,2024-07-18 02:00:00+00:00,1,-1.2352725942188862
stage36b_ny_late_continuation_h8_atr075,ny_late,continuation,8,2024-07-17 18:00:00+00:00,2024-07-18 02:00:00+00:00,-1,1.2352725942188862
stage36b_london_open_continuation_h4_atr075,london_open,continuation,4,2024-07-18 08:00:00+00:00,2024-07-18 12:00:00+00:00,1,-1.5406374116052082
stage36b_london_open_reversal_h4_atr075,london_open,reversal,4,2024-07-18 08:00:00+00:00,2024-07-18 12:00:00+00:00,-1,1.5406374116052082
stage36b_ny_open_continuation_h4_atr075,ny_open,continuation,4,2024-07-18 13:00:00+00:00,2024-07-18 17:00:00+00:00,-1,-4.929066998032506
stage36b_ny_open_reversal_h4_atr075,ny_open,reversal,4,2024-07-18 13:00:00+00:00,2024-07-18 17:00:00+00:00,1,4.929066998032506
stage36b_ny_late_reversal_h8_atr075,ny_late,reversal,8,2024-07-18 18:00:00+00:00,2024-07-19 02:00:00+00:00,1,-18.51285204771859
stage36b_ny_late_continuation_h8_atr075,ny_late,continuation,8,2024-07-18 18:00:00+00:00,2024-07-19 02:00:00+00:00,-1,18.51285204771859
stage36b_london_open_continuation_h4_atr075,london_open,continuation,4,2024-07-19 08:00:00+00:00,2024-07-19 12:00:00+00:00,-1,5.572606568832973
stage36b_london_open_reversal_h4_atr075,london_open,reversal,4,2024-07-19 08:00:00+00:00,2024-07-19 12:00:00+00:00,1,-5.572606568832973
stage36b_ny_open_continuation_h4_atr075,ny_open,continuation,4,2024-07-19 13:00:00+00:00,2024-07-19 17:00:00+00:00,-1,10.95425102587597
stage36b_ny_open_reversal_h4_atr075,ny_open,reversal,4,2024-07-19 13:00:00+00:00,2024-07-19 17:00:00+00:00,1,-10.95425102587597
stage36b_ny_late_reversal_h8_atr075,ny_late,reversal,8,2024-07-19 18:00:00+00:00,2024-07-22 01:00:00+00:00,-1,-4.244301240742752
stage36b_ny_late_continuation_h8_atr075,ny_late,continuation,8,2024-07-19 18:00:00+00:00,2024-07-22 01:00:00+00:00,1,4.244301240742752
stage36b_london_open_continuation_h4_atr075,london_open,continuation,4,2024-07-22 08:00:00+00:00,2024-07-22 12:00:00+00:00,-1,-1.5646471846047083
stage36b_london_open_reversal_h4_atr075,london_open,reversal,4,2024-07-22 08:00:00+00:00,2024-07-22 12:00:00+00:00,1,1.5646471846047083
stage36b_ny_open_continuation_h4_atr075,ny_open,continuation,4,2024-07-22 13:00:00+00:00,2024-07-22 17:00:00+00:00,1,-20.564483709624266
stage36b_ny_open_reversal_h4_atr075,ny_open,reversal,4,2024-07-22 13:00:00+00:00,2024-07-22 17:00:00+00:00,-1,20.564483709624266
stage36b_ny_late_reversal_h8_atr075,ny_late,reversal,8,2024-07-22 18:00:00+00:00,2024-07-23 02:00:00+00:00,1,7.901367005624198
stage36b_ny_late_continuation_h8_atr075,ny_late,continuation,8,2024-07-22 18:00:00+00:00,2024-07-23 02:00:00+00:00,-1,-7.901367005624198
stage36b_london_open_continuation_h4_atr075,london_open,continuation,4,2024-07-23 08:00:00+00:00,2024-07-23 12:00:00+00:00,-1,-17.852132389263662
stage36b_london_open_reversal_h4_atr075,london_open,reversal,4,2024-07-23 08:00:00+00:00,2024-07-23 12:00:00+00:00,1,17.852132389263662
stage36b_ny_open_continuation_h4_atr075,ny_open,continuation,4,2024-07-23 13:00:00+00:00,2024-07-23 17:00:00+00:00,1,-5.1714825032669784
stage36b_ny_open_reversal_h4_atr075,ny_open,reversal,4,2024-07-23 13:00:00+00:00,2024-07-23 17:00:00+00:00,-1,5.1714825032669784
stage36b_ny_late_reversal_h8_atr075,ny_late,reversal,8,2024-07-23 18:00:00+00:00,2024-07-24 02:00:00+00:00,-1,-2.6992175273868964
stage36b_ny_late_continuation_h8_atr075,ny_late,continuation,8,2024-07-23 18:00:00+00:00,2024-07-24 02:00:00+00:00,1,2.6992175273868964
stage36b_london_open_continuation_h4_atr075,london_open,continuation,4,2024-07-24 08:00:00+00:00,2024-07-24 12:00:00+00:00,-1,3.590513645572736
stage36b_london_open_reversal_h4_atr075,london_open,reversal,4,2024-07-24 08:00:00+00:00,2024-07-24 12:00:00+00:00,1,-3.590513645572736
stage36b_ny_open_continuation_h4_atr075,ny_open,continuation,4,2024-07-24 13:00:00+00:00,2024-07-24 17:00:00+00:00,1,20.62011938009979
stage36b_ny_open_reversal_h4_atr075,ny_open,reversal,4,2024-07-24 13:00:00+00:00,2024-07-24 17:00:00+00:00,-1,-20.62011938009979
stage36b_ny_late_reversal_h8_atr075,ny_late,reversal,8,2024-07-24 18:00:00+00:00,2024-07-25 02:00:00+00:00,1,-20.711383401992787
stage36b_ny_late_continuation_h8_atr075,ny_late,continuation,8,2024-07-24 18:00:00+00:00,2024-07-25 02:00:00+00:00,-1,20.711383401992787
stage36b_london_open_continuation_h4_atr075,london_open,continuation,4,2024-07-25 08:00:00+00:00,2024-07-25 12:00:00+00:00,-1,1.6621225194135578
stage36b_london_open_reversal_h4_atr075,london_open,reversal,4,2024-07-25 08:00:00+00:00,2024-07-25 12:00:00+00:00,1,-1.6621225194135578
stage36b_ny_open_continuation_h4_atr075,ny_open,continuation,4,2024-07-25 13:00:00+00:00,2024-07-25 17:00:00+00:00,1,-8.783238095238104
stage36b_ny_open_reversal_h4_atr075,ny_open,reversal,4,2024-07-25 13:00:00+00:00,2024-07-25 17:00:00+00:00,-1,8.783238095238104
stage36b_ny_late_reversal_h8_atr075,ny_late,reversal,8,2024-07-25 18:00:00+00:00,2024-07-26 02:00:00+00:00,1,0.3197836050793633
stage36b_ny_late_continuation_h8_atr075,ny_late,continuation,8,2024-07-25 18:00:00+00:00,2024-07-26 02:00:00+00:00,-1,-0.3197836050793633
stage36b_london_open_continuation_h4_atr075,london_open,continuation,4,2024-07-26 08:00:00+00:00,2024-07-26 12:00:00+00:00,1,-0.3496151253946702
stage36b_london_open_reversal_h4_atr075,london_open,reversal,4,2024-07-26 08:00:00+00:00,2024-07-26 12:00:00+00:00,-1,0.3496151253946702
stage36b_ny_open_continuation_h4_atr075,ny_open,continuation,4,2024-07-26 13:00:00+00:00,2024-07-26 17:00:00+00:00,-1,-8.6987522281636
stage36b_ny_open_reversal_h4_atr075,ny_open,reversal,4,2024-07-26 13:00:00+00:00,2024-07-26 17:00:00+00:00,1,8.6987522281636
stage36b_ny_late_reversal_h8_atr075,ny_late,reversal,8,2024-07-26 18:00:00+00:00,2024-07-29 01:00:00+00:00,-1,-8.881720430107416
stage36b_ny_late_continuation_h8_atr075,ny_late,continuation,8,2024-07-26 18:00:00+00:00,2024-07-29 01:00:00+00:00,1,8.881720430107416
stage36b_london_open_continuation_h4_atr075,london_open,continuation,4,2024-07-29 08:00:00+00:00,2024-07-29 12:00:00+00:00,-1,-0.13337536338487777
stage36b_london_open_reversal_h4_atr075,london_open,reversal,4,2024-07-29 08:00:00+00:00,2024-07-29 12:00:00+00:00,1,0.13337536338487777
stage36b_ny_open_continuation_h4_atr075,ny_open,continuation,4,2024-07-29 13:00:00+00:00,2024-07-29 17:00:00+00:00,-1,10.444553323534297
stage36b_ny_open_reversal_h4_atr075,ny_open,reversal,4,2024-07-29 13:00:00+00:00,2024-07-29 17:00:00+00:00,1,-10.444553323534297
stage36b_ny_late_reversal_h8_atr075,ny_late,reversal,8,2024-07-29 18:00:00+00:00,2024-07-30 02:00:00+00:00,1,3.6915984787368408
stage36b_ny_late_continuation_h8_atr075,ny_late,continuation,8,2024-07-29 18:00:00+00:00,2024-07-30 02:00:00+00:00,-1,-3.6915984787368408
stage36b_london_open_continuation_h4_atr075,london_open,continuation,4,2024-07-30 08:00:00+00:00,2024-07-30 12:00:00+00:00,1,0.642612821361552
stage36b_london_open_reversal_h4_atr075,london_open,reversal,4,2024-07-30 08:00:00+00:00,2024-07-30 12:00:00+00:00,-1,-0.642612821361552
stage36b_ny_open_continuation_h4_atr075,ny_open,continuation,4,2024-07-30 13:00:00+00:00,2024-07-30 17:00:00+00:00,1,0.02877882700581909
stage36b_ny_open_reversal_h4_atr075,ny_open,reversal,4,2024-07-30 13:00:00+00:00,2024-07-30 17:00:00+00:00,-1,-0.02877882700581909
stage36b_ny_late_reversal_h8_atr075,ny_late,reversal,8,2024-07-30 18:00:00+00:00,2024-07-31 02:00:00+00:00,1,26.572612508431877
stage36b_ny_late_continuation_h8_atr075,ny_late,continuation,8,2024-07-30 18:00:00+00:00,2024-07-31 02:00:00+00:00,-1,-26.572612508431877
stage36b_london_open_continuation_h4_atr075,london_open,continuation,4,2024-07-31 08:00:00+00:00,2024-07-31 12:00:00+00:00,-1,-2.655509065550832
stage36b_london_open_reversal_h4_atr075,london_open,reversal,4,2024-07-31 08:00:00+00:00,2024-07-31 12:00:00+00:00,1,2.655509065550832
stage36b_ny_open_continuation_h4_atr075,ny_open,continuation,4,2024-07-31 13:00:00+00:00,2024-07-31 17:00:00+00:00,-1,-3.867470932774031
stage36b_ny_open_reversal_h4_atr075,ny_open,reversal,4,2024-07-31 13:00:00+00:00,2024-07-31 17:00:00+00:00,1,3.867470932774031
stage36b_ny_late_reversal_h8_atr075,ny_late,reversal,8,2024-07-31 18:00:00+00:00,2024-08-01 02:00:00+00:00,-1,-18.050756362341847
stage36b_ny_late_continuation_h8_atr075,ny_late,continuation,8,2024-07-31 18:00:00+00:00,2024-08-01 02:00:00+00:00,1,18.050756362341847
stage36b_london_open_continuation_h4_atr075,london_open,continuation,4,2024-08-01 08:00:00+00:00,2024-08-01 12:00:00+00:00,1,-10.419114766940817
stage36b_london_open_reversal_h4_atr075,london_open,reversal,4,2024-08-01 08:00:00+00:00,2024-08-01 12:00:00+00:00,-1,10.419114766940817
stage36b_ny_open_continuation_h4_atr075,ny_open,continuation,4,2024-08-01 13:00:00+00:00,2024-08-01 17:00:00+00:00,1,12.248809952398107
stage36b_ny_open_reversal_h4_atr075,ny_open,reversal,4,2024-08-01 13:00:00+00:00,2024-08-01 17:00:00+00:00,-1,-12.248809952398107
stage36b_ny_late_reversal_h8_atr075,ny_late,reversal,8,2024-08-01 18:00:00+00:00,2024-08-02 02:00:00+00:00,1,0.4538035724476628
stage36b_ny_late_continuation_h8_atr075,ny_late,continuation,8,2024-08-01 18:00:00+00:00,2024-08-02 02:00:00+00:00,-1,-0.4538035724476628
stage36b_london_open_continuation_h4_atr075,london_open,continuation,4,2024-08-02 08:00:00+00:00,2024-08-02 12:00:00+00:00,1,-2.227470478558186
stage36b_london_open_reversal_h4_atr075,london_open,reversal,4,2024-08-02 08:00:00+00:00,2024-08-02 12:00:00+00:00,-1,2.227470478558186
stage36b_ny_open_continuation_h4_atr075,ny_open,continuation,4,2024-08-02 13:00:00+00:00,2024-08-02 17:00:00+00:00,-1,26.67203159345721
stage36b_ny_open_reversal_h4_atr075,ny_open,reversal,4,2024-08-02 13:00:00+00:00,2024-08-02 17:00:00+00:00,1,-26.67203159345721
stage36b_ny_late_reversal_h8_atr075,ny_late,reversal,8,2024-08-02 18:00:00+00:00,2024-08-05 01:00:00+00:00,-1,-3.4570670939926895
stage36b_ny_late_continuation_h8_atr075,ny_late,continuation,8,2024-08-02 18:00:00+00:00,2024-08-05 01:00:00+00:00,1,3.4570670939926895
stage36b_london_open_continuation_h4_atr075,london_open,continuation,4,2024-08-05 08:00:00+00:00,2024-08-05 12:00:00+00:00,-1,6.191847968018508
stage36b_london_open_reversal_h4_atr075,london_open,reversal,4,2024-08-05 08:00:00+00:00,2024-08-05 12:00:00+00:00,1,-6.191847968018508
stage36b_ny_open_continuation_h4_atr075,ny_open,continuation,4,2024-08-05 13:00:00+00:00,2024-08-05 17:00:00+00:00,-1,4.54276032974245
stage36b_ny_open_reversal_h4_atr075,ny_open,reversal,4,2024-08-05 13:00:00+00:00,2024-08-05 17:00:00+00:00,1,-4.54276032974245
stage36b_ny_late_reversal_h8_atr075,ny_late,reversal,8,2024-08-05 18:00:00+00:00,2024-08-06 02:00:00+00:00,-1,-0.6757903021293848
stage36b_ny_late_continuation_h8_atr075,ny_late,continuation,8,2024-08-05 18:00:00+00:00,2024-08-06 02:00:00+00:00,1,0.6757903021293848
stage36b_london_open_continuation_h4_atr075,london_open,continuation,4,2024-08-06 08:00:00+00:00,2024-08-06 12:00:00+00:00,-1,-10.178649237472538
stage36b_london_open_reversal_h4_atr075,london_open,reversal,4,2024-08-06 08:00:00+00:00,2024-08-06 12:00:00+00:00,1,10.178649237472538
stage36b_ny_open_continuation_h4_atr075,ny_open,continuation,4,2024-08-06 13:00:00+00:00,2024-08-06 17:00:00+00:00,-1,16.080503144654166
stage36b_ny_open_reversal_h4_atr075,ny_open,reversal,4,2024-08-06 13:00:00+00:00,2024-08-06 17:00:00+00:00,1,-16.080503144654166
stage36b_ny_late_reversal_h8_atr075,ny_late,reversal,8,2024-08-06 18:00:00+00:00,2024-08-07 02:00:00+00:00,1,-2.0912689521248735
stage36b_ny_late_continuation_h8_atr075,ny_late,continuation,8,2024-08-06 18:00:00+00:00,2024-08-07 02:00:00+00:00,-1,2.0912689521248735
stage36b_london_open_continuation_h4_atr075,london_open,continuation,4,2024-08-07 08:00:00+00:00,2024-08-07 12:00:00+00:00,-1,-2.3643342190730268
stage36b_london_open_reversal_h4_atr075,london_open,reversal,4,2024-08-07 08:00:00+00:00,2024-08-07 12:00:00+00:00,1,2.3643342190730268
stage36b_ny_open_continuation_h4_atr075,ny_open,continuation,4,2024-08-07 13:00:00+00:00,2024-08-07 17:00:00+00:00,1,1.2301066006246972
stage36b_ny_open_reversal_h4_atr075,ny_open,reversal,4,2024-08-07 13:00:00+00:00,2024-08-07 17:00:00+00:00,-1,-1.2301066006246972
stage36b_ny_late_reversal_h8_atr075,ny_late,reversal,8,2024-08-07 18:00:00+00:00,2024-08-08 02:00:00+00:00,1,-7.458953168044119
stage36b_ny_late_continuation_h8_atr075,ny_late,continuation,8,2024-08-07 18:00:00+00:00,2024-08-08 02:00:00+00:00,-1,7.458953168044119
stage36b_london_open_continuation_h4_atr075,london_open,continuation,4,2024-08-08 08:00:00+00:00,2024-08-08 12:00:00+00:00,1,0.9031857858126989
stage36b_london_open_reversal_h4_atr075,london_open,reversal,4,2024-08-08 08:00:00+00:00,2024-08-08 12:00:00+00:00,-1,-0.9031857858126989
stage36b_ny_open_continuation_h4_atr075,ny_open,continuation,4,2024-08-08 13:00:00+00:00,2024-08-08 17:00:00+00:00,1,8.051394649101123
stage36b_ny_open_reversal_h4_atr075,ny_open,reversal,4,2024-08-08 13:00:00+00:00,2024-08-08 17:00:00+00:00,-1,-8.051394649101123
stage36b_ny_late_reversal_h8_atr075,ny_late,reversal,8,2024-08-08 18:00:00+00:00,2024-08-09 02:00:00+00:00,-1,-3.8927931894907366
stage36b_ny_late_continuation_h8_atr075,ny_late,continuation,8,2024-08-08 18:00:00+00:00,2024-08-09 02:00:00+00:00,1,3.8927931894907366
stage36b_london_open_continuation_h4_atr075,london_open,continuation,4,2024-08-09 08:00:00+00:00,2024-08-09 12:00:00+00:00,-1,-6.753290870488704
stage36b_london_open_reversal_h4_atr075,london_open,reversal,4,2024-08-09 08:00:00+00:00,2024-08-09 12:00:00+00:00,1,6.753290870488704
stage36b_ny_open_continuation_h4_atr075,ny_open,continuation,4,2024-08-09 13:00:00+00:00,2024-08-09 17:00:00+00:00,1,-1.8653342850345063
stage36b_ny_open_reversal_h4_atr075,ny_open,reversal,4,2024-08-09 13:00:00+00:00,2024-08-09 17:00:00+00:00,-1,1.8653342850345063
stage36b_ny_late_reversal_h8_atr075,ny_late,reversal,8,2024-08-09 18:00:00+00:00,2024-08-12 01:00:00+00:00,-1,0.9538159187681163
stage36b_ny_late_continuation_h8_atr075,ny_late,continuation,8,2024-08-09 18:00:00+00:00,2024-08-12 01:00:00+00:00,1,-0.9538159187681163
stage36b_london_open_continuation_h4_atr075,london_open,continuation,4,2024-08-12 08:00:00+00:00,2024-08-12 12:00:00+00:00,1,9.95310103002424
stage36b_london_open_reversal_h4_atr075,london_open,reversal,4,2024-08-12 08:00:00+00:00,2024-08-12 12:00:00+00:00,-1,-9.95310103002424
stage36b_ny_open_continuation_h4_atr075,ny_open,continuation,4,2024-08-12 13:00:00+00:00,2024-08-12 17:00:00+00:00,1,11.285569268579112
stage36b_ny_open_reversal_h4_atr075,ny_open,reversal,4,2024-08-12 13:00:00+00:00,2024-08-12 17:00:00+00:00,-1,-11.285569268579112
stage36b_ny_late_reversal_h8_atr075,ny_late,reversal,8,2024-08-12 18:00:00+00:00,2024-08-13 02:00:00+00:00,-1,-14.11843202668876
stage36b_ny_late_continuation_h8_atr075,ny_late,continuation,8,2024-08-12 18:00:00+00:00,2024-08-13 02:00:00+00:00,1,14.11843202668876
stage36b_london_open_continuation_h4_atr075,london_open,continuation,4,2024-08-13 08:00:00+00:00,2024-08-13 12:00:00+00:00,1,-1.9427497222931744
stage36b_london_open_reversal_h4_atr075,london_open,reversal,4,2024-08-13 08:00:00+00:00,2024-08-13 12:00:00+00:00,-1,1.9427497222931744
stage36b_ny_open_continuation_h4_atr075,ny_open,continuation,4,2024-08-13 13:00:00+00:00,2024-08-13 17:00:00+00:00,1,8.964387464387125
stage36b_ny_open_reversal_h4_atr075,ny_open,reversal,4,2024-08-13 13:00:00+00:00,2024-08-13 17:00:00+00:00,-1,-8.964387464387125
stage36b_ny_late_reversal_h8_atr075,ny_late,reversal,8,2024-08-13 18:00:00+00:00,2024-08-14 02:00:00+00:00,1,-3.842445081184109
stage36b_ny_late_continuation_h8_atr075,ny_late,continuation,8,2024-08-13 18:00:00+00:00,2024-08-14 02:00:00+00:00,-1,3.842445081184109
stage36b_london_open_continuation_h4_atr075,london_open,continuation,4,2024-08-14 08:00:00+00:00,2024-08-14 12:00:00+00:00,1,13.32577903682709
stage36b_london_open_reversal_h4_atr075,london_open,reversal,4,2024-08-14 08:00:00+00:00,2024-08-14 12:00:00+00:00,-1,-13.32577903682709
stage36b_ny_open_continuation_h4_atr075,ny_open,continuation,4,2024-08-14 13:00:00+00:00,2024-08-14 17:00:00+00:00,1,-25.913972448692657
stage36b_ny_open_reversal_h4_atr075,ny_open,reversal,4,2024-08-14 13:00:00+00:00,2024-08-14 17:00:00+00:00,-1,25.913972448692657
stage36b_ny_late_reversal_h8_atr075,ny_late,reversal,8,2024-08-14 18:00:00+00:00,2024-08-15 02:00:00+00:00,1,3.4793961648306166
stage36b_ny_late_continuation_h8_atr075,ny_late,continuation,8,2024-08-14 18:00:00+00:00,2024-08-15 02:00:00+00:00,-1,-3.4793961648306166
stage36b_london_open_continuation_h4_atr075,london_open,continuation,4,2024-08-15 08:00:00+00:00,2024-08-15 12:00:00+00:00,1,3.7103892303189387
stage36b_london_open_reversal_h4_atr075,london_open,reversal,4,2024-08-15 08:00:00+00:00,2024-08-15 12:00:00+00:00,-1,-3.7103892303189387
stage36b_ny_open_continuation_h4_atr075,ny_open,continuation,4,2024-08-15 13:00:00+00:00,2024-08-15 17:00:00+00:00,1,-9.024635905812172
stage36b_ny_open_reversal_h4_atr075,ny_open,reversal,4,2024-08-15 13:00:00+00:00,2024-08-15 17:00:00+00:00,-1,9.024635905812172
stage36b_ny_late_reversal_h8_atr075,ny_late,reversal,8,2024-08-15 18:00:00+00:00,2024-08-16 02:00:00+00:00,-1,0.7253886010364017
stage36b_ny_late_continuation_h8_atr075,ny_late,continuation,8,2024-08-15 18:00:00+00:00,2024-08-16 02:00:00+00:00,1,-0.7253886010364017
stage36b_london_open_continuation_h4_atr075,london_open,continuation,4,2024-08-16 08:00:00+00:00,2024-08-16 12:00:00+00:00,1,10.624671916010673
stage36b_london_open_reversal_h4_atr075,london_open,reversal,4,2024-08-16 08:00:00+00:00,2024-08-16 12:00:00+00:00,-1,-10.624671916010673
stage36b_ny_open_continuation_h4_atr075,ny_open,continuation,4,2024-08-16 13:00:00+00:00,2024-08-16 17:00:00+00:00,1,27.27229591286474
stage36b_ny_open_reversal_h4_atr075,ny_open,reversal,4,2024-08-16 13:00:00+00:00,2024-08-16 17:00:00+00:00,-1,-27.27229591286474
stage36b_ny_late_reversal_h8_atr075,ny_late,reversal,8,2024-08-16 18:00:00+00:00,2024-08-19 01:00:00+00:00,-1,-8.624193030116883
stage36b_ny_late_continuation_h8_atr075,ny_late,continuation,8,2024-08-16 18:00:00+00:00,2024-08-19 01:00:00+00:00,1,8.624193030116883
stage36b_london_open_continuation_h4_atr075,london_open,continuation,4,2024-08-19 08:00:00+00:00,2024-08-19 12:00:00+00:00,1,-1.0087779558810837
stage36b_london_open_reversal_h4_atr075,london_open,reversal,4,2024-08-19 08:00:00+00:00,2024-08-19 12:00:00+00:00,-1,1.0087779558810837
stage36b_ny_open_continuation_h4_atr075,ny_open,continuation,4,2024-08-19 13:00:00+00:00,2024-08-19 17:00:00+00:00,-1,-10.109726672204296
stage36b_ny_open_reversal_h4_atr075,ny_open,reversal,4,2024-08-19 13:00:00+00:00,2024-08-19 17:00:00+00:00,1,10.109726672204296
stage36b_ny_late_reversal_h8_atr075,ny_late,reversal,8,2024-08-19 18:00:00+00:00,2024-08-20 02:00:00+00:00,-1,0.25182686902767454
stage36b_ny_late_continuation_h8_atr075,ny_late,continuation,8,2024-08-19 18:00:00+00:00,2024-08-20 02:00:00+00:00,1,-0.25182686902767454
stage36b_london_open_continuation_h4_atr075,london_open,continuation,4,2024-08-20 08:00:00+00:00,2024-08-20 12:00:00+00:00,-1,-33.5213398163155
stage36b_london_open_reversal_h4_atr075,london_open,reversal,4,2024-08-20 08:00:00+00:00,2024-08-20 12:00:00+00:00,1,33.5213398163155
stage36b_ny_open_continuation_h4_atr075,ny_open,continuation,4,2024-08-20 13:00:00+00:00,2024-08-20 17:00:00+00:00,1,1.0158730158730382
stage36b_ny_open_reversal_h4_atr075,ny_open,reversal,4,2024-08-20 13:00:00+00:00,2024-08-20 17:00:00+00:00,-1,-1.0158730158730382
stage36b_ny_late_reversal_h8_atr075,ny_late,reversal,8,2024-08-20 18:00:00+00:00,2024-08-21 02:00:00+00:00,1,3.1441525371095063
stage36b_ny_late_continuation_h8_atr075,ny_late,continuation,8,2024-08-20 18:00:00+00:00,2024-08-21 02:00:00+00:00,-1,-3.1441525371095063
stage36b_london_open_continuation_h4_atr075,london_open,continuation,4,2024-08-21 08:00:00+00:00,2024-08-21 12:00:00+00:00,-1,10.55456877836934
stage36b_london_open_reversal_h4_atr075,london_open,reversal,4,2024-08-21 08:00:00+00:00,2024-08-21 12:00:00+00:00,1,-10.55456877836934
stage36b_ny_open_continuation_h4_atr075,ny_open,continuation,4,2024-08-21 13:00:00+00:00,2024-08-21 17:00:00+00:00,1,-8.532095901005414
stage36b_ny_open_reversal_h4_atr075,ny_open,reversal,4,2024-08-21 13:00:00+00:00,2024-08-21 17:00:00+00:00,-1,8.532095901005414
stage36b_ny_late_reversal_h8_atr075,ny_late,reversal,8,2024-08-21 18:00:00+00:00,2024-08-22 02:00:00+00:00,-1,-3.137129961502557
stage36b_ny_late_continuation_h8_atr075,ny_late,continuation,8,2024-08-21 18:00:00+00:00,2024-08-22 02:00:00+00:00,1,3.137129961502557
stage36b_london_open_continuation_h4_atr075,london_open,continuation,4,2024-08-22 08:00:00+00:00,2024-08-22 12:00:00+00:00,1,1.8311213694944228
stage36b_london_open_reversal_h4_atr075,london_open,reversal,4,2024-08-22 08:00:00+00:00,2024-08-22 12:00:00+00:00,-1,-1.8311213694944228
stage36b_ny_open_continuation_h4_atr075,ny_open,continuation,4,2024-08-22 13:00:00+00:00,2024-08-22 17:00:00+00:00,-1,28.334473358116963
stage36b_ny_open_reversal_h4_atr075,ny_open,reversal,4,2024-08-22 13:00:00+00:00,2024-08-22 17:00:00+00:00,1,-28.334473358116963
stage36b_ny_late_reversal_h8_atr075,ny_late,reversal,8,2024-08-22 18:00:00+00:00,2024-08-23 02:00:00+00:00,-1,-3.903566591422065
stage36b_ny_late_continuation_h8_atr075,ny_late,continuation,8,2024-08-22 18:00:00+00:00,2024-08-23 02:00:00+00:00,1,3.903566591422065
stage36b_london_open_continuation_h4_atr075,london_open,continuation,4,2024-08-23 08:00:00+00:00,2024-08-23 12:00:00+00:00,-1,-9.846007037633324
stage36b_london_open_reversal_h4_atr075,london_open,reversal,4,2024-08-23 08:00:00+00:00,2024-08-23 12:00:00+00:00,1,9.846007037633324
stage36b_ny_open_continuation_h4_atr075,ny_open,continuation,4,2024-08-23 13:00:00+00:00,2024-08-23 17:00:00+00:00,1,13.334277286135885
stage36b_ny_open_reversal_h4_atr075,ny_open,reversal,4,2024-08-23 13:00:00+00:00,2024-08-23 17:00:00+00:00,-1,-13.334277286135885
stage36b_ny_late_reversal_h8_atr075,ny_late,reversal,8,2024-08-23 18:00:00+00:00,2024-08-26 01:00:00+00:00,-1,-2.580901148372808
stage36b_ny_late_continuation_h8_atr075,ny_late,continuation,8,2024-08-23 18:00:00+00:00,2024-08-26 01:00:00+00:00,1,2.580901148372808
stage36b_london_open_continuation_h4_atr075,london_open,continuation,4,2024-08-26 08:00:00+00:00,2024-08-26 12:00:00+00:00,1,20.718421726877217
stage36b_london_open_reversal_h4_atr075,london_open,reversal,4,2024-08-26 08:00:00+00:00,2024-08-26 12:00:00+00:00,-1,-20.718421726877217
stage36b_ny_open_continuation_h4_atr075,ny_open,continuation,4,2024-08-26 13:00:00+00:00,2024-08-26 17:00:00+00:00,-1,10.1522148110145
stage36b_ny_open_reversal_h4_atr075,ny_open,reversal,4,2024-08-26 13:00:00+00:00,2024-08-26 17:00:00+00:00,1,-10.1522148110145
stage36b_ny_late_reversal_h8_atr075,ny_late,reversal,8,2024-08-26 18:00:00+00:00,2024-08-27 02:00:00+00:00,1,-0.3029285581052643
stage36b_ny_late_continuation_h8_atr075,ny_late,continuation,8,2024-08-26 18:00:00+00:00,2024-08-27 02:00:00+00:00,-1,0.3029285581052643
stage36b_london_open_continuation_h4_atr075,london_open,continuation,4,2024-08-27 08:00:00+00:00,2024-08-27 12:00:00+00:00,1,-5.972303625812041
stage36b_london_open_reversal_h4_atr075,london_open,reversal,4,2024-08-27 08:00:00+00:00,2024-08-27 12:00:00+00:00,-1,5.972303625812041
stage36b_ny_open_continuation_h4_atr075,ny_open,continuation,4,2024-08-27 13:00:00+00:00,2024-08-27 17:00:00+00:00,1,6.068390641280446
stage36b_ny_open_reversal_h4_atr075,ny_open,reversal,4,2024-08-27 13:00:00+00:00,2024-08-27 17:00:00+00:00,-1,-6.068390641280446
stage36b_ny_late_reversal_h8_atr075,ny_late,reversal,8,2024-08-27 18:00:00+00:00,2024-08-28 02:00:00+00:00,1,10.294017450550836
stage36b_ny_late_continuation_h8_atr075,ny_late,continuation,8,2024-08-27 18:00:00+00:00,2024-08-28 02:00:00+00:00,-1,-10.294017450550836
stage36b_london_open_continuation_h4_atr075,london_open,continuation,4,2024-08-28 08:00:00+00:00,2024-08-28 12:00:00+00:00,-1,-4.938059434299967
stage36b_london_open_reversal_h4_atr075,london_open,reversal,4,2024-08-28 08:00:00+00:00,2024-08-28 12:00:00+00:00,1,4.938059434299967
stage36b_ny_open_continuation_h4_atr075,ny_open,continuation,4,2024-08-28 13:00:00+00:00,2024-08-28 17:00:00+00:00,-1,-2.461783281117957
stage36b_ny_open_reversal_h4_atr075,ny_open,reversal,4,2024-08-28 13:00:00+00:00,2024-08-28 17:00:00+00:00,1,2.461783281117957
stage36b_ny_late_reversal_h8_atr075,ny_late,reversal,8,2024-08-28 18:00:00+00:00,2024-08-29 02:00:00+00:00,1,1.6536536536536446
stage36b_ny_late_continuation_h8_atr075,ny_late,continuation,8,2024-08-28 18:00:00+00:00,2024-08-29 02:00:00+00:00,-1,-1.6536536536536446
stage36b_london_open_continuation_h4_atr075,london_open,continuation,4,2024-08-29 08:00:00+00:00,2024-08-29 12:00:00+00:00,1,4.673221996774107
stage36b_london_open_reversal_h4_atr075,london_open,reversal,4,2024-08-29 08:00:00+00:00,2024-08-29 12:00:00+00:00,-1,-4.673221996774107
stage36b_ny_open_continuation_h4_atr075,ny_open,continuation,4,2024-08-29 13:00:00+00:00,2024-08-29 17:00:00+00:00,1,-1.3856681447420212
stage36b_ny_open_reversal_h4_atr075,ny_open,reversal,4,2024-08-29 13:00:00+00:00,2024-08-29 17:00:00+00:00,-1,1.3856681447420212
stage36b_ny_late_reversal_h8_atr075,ny_late,reversal,8,2024-08-29 18:00:00+00:00,2024-08-30 02:00:00+00:00,-1,2.5931137167315548
stage36b_ny_late_continuation_h8_atr075,ny_late,continuation,8,2024-08-29 18:00:00+00:00,2024-08-30 02:00:00+00:00,1,-2.5931137167315548
stage36b_london_open_continuation_h4_atr075,london_open,continuation,4,2024-08-30 08:00:00+00:00,2024-08-30 12:00:00+00:00,1,14.079067225359719
stage36b_london_open_reversal_h4_atr075,london_open,reversal,4,2024-08-30 08:00:00+00:00,2024-08-30 12:00:00+00:00,-1,-14.079067225359719
stage36b_ny_open_continuation_h4_atr075,ny_open,continuation,4,2024-08-30 13:00:00+00:00,2024-08-30 17:00:00+00:00,-1,7.240746343923193
stage36b_ny_open_reversal_h4_atr075,ny_open,reversal,4,2024-08-30 13:00:00+00:00,2024-08-30 17:00:00+00:00,1,-7.240746343923193
stage36b_ny_late_reversal_h8_atr075,ny_late,reversal,8,2024-08-30 18:00:00+00:00,2024-09-02 01:00:00+00:00,1,0.7279920870425851
stage36b_ny_late_continuation_h8_atr075,ny_late,continuation,8,2024-08-30 18:00:00+00:00,2024-09-02 01:00:00+00:00,-1,-0.7279920870425851
stage36b_london_open_continuation_h4_atr075,london_open,continuation,4,2024-09-02 08:00:00+00:00,2024-09-02 12:00:00+00:00,-1,-2.998463901689787
stage36b_london_open_reversal_h4_atr075,london_open,reversal,4,2024-09-02 08:00:00+00:00,2024-09-02 12:00:00+00:00,1,2.998463901689787
stage36b_ny_open_continuation_h4_atr075,ny_open,continuation,4,2024-09-02 13:00:00+00:00,2024-09-02 17:00:00+00:00,1,3.0231155778896186
stage36b_ny_open_reversal_h4_atr075,ny_open,reversal,4,2024-09-02 13:00:00+00:00,2024-09-02 17:00:00+00:00,-1,-3.0231155778896186
stage36b_ny_late_reversal_h8_atr075,ny_late,reversal,8,2024-09-02 18:00:00+00:00,2024-09-03 03:00:00+00:00,1,-6.108011755070336
stage36b_ny_late_continuation_h8_atr075,ny_late,continuation,8,2024-09-02 18:00:00+00:00,2024-09-03 03:00:00+00:00,-1,6.108011755070336
stage36b_london_open_continuation_h4_atr075,london_open,continuation,4,2024-09-03 08:00:00+00:00,2024-09-03 12:00:00+00:00,-1,-10.904738799935567
stage36b_london_open_reversal_h4_atr075,london_open,reversal,4,2024-09-03 08:00:00+00:00,2024-09-03 12:00:00+00:00,1,10.904738799935567
stage36b_ny_open_continuation_h4_atr075,ny_open,continuation,4,2024-09-03 13:00:00+00:00,2024-09-03 17:00:00+00:00,-1,24.400204883046268
stage36b_ny_open_reversal_h4_atr075,ny_open,reversal,4,2024-09-03 13:00:00+00:00,2024-09-03 17:00:00+00:00,1,-24.400204883046268
stage36b_ny_late_reversal_h8_atr075,ny_late,reversal,8,2024-09-03 18:00:00+00:00,2024-09-04 02:00:00+00:00,-1,-3.005558750239679
stage36b_ny_late_continuation_h8_atr075,ny_late,continuation,8,2024-09-03 18:00:00+00:00,2024-09-04 02:00:00+00:00,1,3.005558750239679
stage36b_london_open_continuation_h4_atr075,london_open,continuation,4,2024-09-04 08:00:00+00:00,2024-09-04 12:00:00+00:00,-1,17.3615176151763
stage36b_london_open_reversal_h4_atr075,london_open,reversal,4,2024-09-04 08:00:00+00:00,2024-09-04 12:00:00+00:00,1,-17.3615176151763
stage36b_ny_open_continuation_h4_atr075,ny_open,continuation,4,2024-09-04 13:00:00+00:00,2024-09-04 17:00:00+00:00,1,7.386271870793879
stage36b_ny_open_reversal_h4_atr075,ny_open,reversal,4,2024-09-04 13:00:00+00:00,2024-09-04 17:00:00+00:00,-1,-7.386271870793879
stage36b_ny_late_reversal_h8_atr075,ny_late,reversal,8,2024-09-04 18:00:00+00:00,2024-09-05 02:00:00+00:00,1,1.3121778134832913
stage36b_ny_late_continuation_h8_atr075,ny_late,continuation,8,2024-09-04 18:00:00+00:00,2024-09-05 02:00:00+00:00,-1,-1.3121778134832913
stage36b_london_open_continuation_h4_atr075,london_open,continuation,4,2024-09-05 08:00:00+00:00,2024-09-05 12:00:00+00:00,1,21.380811078139743
stage36b_london_open_reversal_h4_atr075,london_open,reversal,4,2024-09-05 08:00:00+00:00,2024-09-05 12:00:00+00:00,-1,-21.380811078139743
stage36b_ny_open_continuation_h4_atr075,ny_open,continuation,4,2024-09-05 13:00:00+00:00,2024-09-05 17:00:00+00:00,1,-10.286396751462995
stage36b_ny_open_reversal_h4_atr075,ny_open,reversal,4,2024-09-05 13:00:00+00:00,2024-09-05 17:00:00+00:00,-1,10.286396751462995
stage36b_ny_late_reversal_h8_atr075,ny_late,reversal,8,2024-09-05 18:00:00+00:00,2024-09-06 02:00:00+00:00,1,8.995772663221882
stage36b_ny_late_continuation_h8_atr075,ny_late,continuation,8,2024-09-05 18:00:00+00:00,2024-09-06 02:00:00+00:00,-1,-8.995772663221882
stage36b_london_open_continuation_h4_atr075,london_open,continuation,4,2024-09-06 08:00:00+00:00,2024-09-06 12:00:00+00:00,1,-1.7162629757782815
stage36b_london_open_reversal_h4_atr075,london_open,reversal,4,2024-09-06 08:00:00+00:00,2024-09-06 12:00:00+00:00,-1,1.7162629757782815
stage36b_ny_open_continuation_h4_atr075,ny_open,continuation,4,2024-09-06 13:00:00+00:00,2024-09-06 17:00:00+00:00,-1,23.24653927813239
stage36b_ny_open_reversal_h4_atr075,ny_open,reversal,4,2024-09-06 13:00:00+00:00,2024-09-06 17:00:00+00:00,1,-23.24653927813239
stage36b_ny_late_reversal_h8_atr075,ny_late,reversal,8,2024-09-06 18:00:00+00:00,2024-09-09 01:00:00+00:00,1,-5.434510393188102
stage36b_ny_late_continuation_h8_atr075,ny_late,continuation,8,2024-09-06 18:00:00+00:00,2024-09-09 01:00:00+00:00,-1,5.434510393188102
stage36b_london_open_continuation_h4_atr075,london_open,continuation,4,2024-09-09 08:00:00+00:00,2024-09-09 12:00:00+00:00,-1,-10.671991125901634
stage36b_london_open_reversal_h4_atr075,london_open,reversal,4,2024-09-09 08:00:00+00:00,2024-09-09 12:00:00+00:00,1,10.671991125901634
stage36b_ny_open_continuation_h4_atr075,ny_open,continuation,4,2024-09-09 13:00:00+00:00,2024-09-09 17:00:00+00:00,-1,-2.8041153514771833
stage36b_ny_open_reversal_h4_atr075,ny_open,reversal,4,2024-09-09 13:00:00+00:00,2024-09-09 17:00:00+00:00,1,2.8041153514771833
stage36b_ny_late_reversal_h8_atr075,ny_late,reversal,8,2024-09-09 18:00:00+00:00,2024-09-10 02:00:00+00:00,-1,-6.697909270217007
stage36b_ny_late_continuation_h8_atr075,ny_late,continuation,8,2024-09-09 18:00:00+00:00,2024-09-10 02:00:00+00:00,1,6.697909270217007
stage36b_london_open_continuation_h4_atr075,london_open,continuation,4,2024-09-10 08:00:00+00:00,2024-09-10 12:00:00+00:00,1,3.1888888888884646
stage36b_london_open_reversal_h4_atr075,london_open,reversal,4,2024-09-10 08:00:00+00:00,2024-09-10 12:00:00+00:00,-1,-3.1888888888884646
stage36b_ny_open_continuation_h4_atr075,ny_open,continuation,4,2024-09-10 13:00:00+00:00,2024-09-10 17:00:00+00:00,-1,-5.496432212028285
stage36b_ny_open_reversal_h4_atr075,ny_open,reversal,4,2024-09-10 13:00:00+00:00,2024-09-10 17:00:00+00:00,1,5.496432212028285
stage36b_ny_late_reversal_h8_atr075,ny_late,reversal,8,2024-09-10 18:00:00+00:00,2024-09-11 02:00:00+00:00,-1,-6.30184227243875
stage36b_ny_late_continuation_h8_atr075,ny_late,continuation,8,2024-09-10 18:00:00+00:00,2024-09-11 02:00:00+00:00,1,6.30184227243875
stage36b_london_open_continuation_h4_atr075,london_open,continuation,4,2024-09-11 08:00:00+00:00,2024-09-11 12:00:00+00:00,1,3.0892158953579654
stage36b_london_open_reversal_h4_atr075,london_open,reversal,4,2024-09-11 08:00:00+00:00,2024-09-11 12:00:00+00:00,-1,-3.0892158953579654
stage36b_ny_open_continuation_h4_atr075,ny_open,continuation,4,2024-09-11 13:00:00+00:00,2024-09-11 17:00:00+00:00,-1,15.983292725374062
stage36b_ny_open_reversal_h4_atr075,ny_open,reversal,4,2024-09-11 13:00:00+00:00,2024-09-11 17:00:00+00:00,1,-15.983292725374062
stage36b_ny_late_reversal_h8_atr075,ny_late,reversal,8,2024-09-11 18:00:00+00:00,2024-09-12 02:00:00+00:00,-1,2.4757408864413697
stage36b_ny_late_continuation_h8_atr075,ny_late,continuation,8,2024-09-11 18:00:00+00:00,2024-09-12 02:00:00+00:00,1,-2.4757408864413697
stage36b_london_open_continuation_h4_atr075,london_open,continuation,4,2024-09-12 08:00:00+00:00,2024-09-12 12:00:00+00:00,1,-1.075307530752893
stage36b_london_open_reversal_h4_atr075,london_open,reversal,4,2024-09-12 08:00:00+00:00,2024-09-12 12:00:00+00:00,-1,1.075307530752893
stage36b_ny_open_continuation_h4_atr075,ny_open,continuation,4,2024-09-12 13:00:00+00:00,2024-09-12 17:00:00+00:00,-1,-65.91230385687129
stage36b_ny_open_reversal_h4_atr075,ny_open,reversal,4,2024-09-12 13:00:00+00:00,2024-09-12 17:00:00+00:00,1,65.91230385687129
stage36b_london_open_continuation_h4_atr075,london_open,continuation,4,2024-09-13 08:00:00+00:00,2024-09-13 12:00:00+00:00,-1,-2.3096285064447404
stage36b_london_open_reversal_h4_atr075,london_open,reversal,4,2024-09-13 08:00:00+00:00,2024-09-13 12:00:00+00:00,1,2.3096285064447404
stage36b_ny_open_continuation_h4_atr075,ny_open,continuation,4,2024-09-13 13:00:00+00:00,2024-09-13 17:00:00+00:00,-1,-12.861026577399203
stage36b_ny_open_reversal_h4_atr075,ny_open,reversal,4,2024-09-13 13:00:00+00:00,2024-09-13 17:00:00+00:00,1,12.861026577399203
stage36b_ny_late_reversal_h8_atr075,ny_late,reversal,8,2024-09-13 18:00:00+00:00,2024-09-16 01:00:00+00:00,-1,1.8275364016080393
stage36b_ny_late_continuation_h8_atr075,ny_late,continuation,8,2024-09-13 18:00:00+00:00,2024-09-16 01:00:00+00:00,1,-1.8275364016080393
stage36b_london_open_continuation_h4_atr075,london_open,continuation,4,2024-09-16 08:00:00+00:00,2024-09-16 12:00:00+00:00,1,-5.113077679449407
stage36b_london_open_reversal_h4_atr075,london_open,reversal,4,2024-09-16 08:00:00+00:00,2024-09-16 12:00:00+00:00,-1,5.113077679449407
stage36b_ny_open_continuation_h4_atr075,ny_open,continuation,4,2024-09-16 13:00:00+00:00,2024-09-16 17:00:00+00:00,-1,-0.5317794323940289
stage36b_ny_open_reversal_h4_atr075,ny_open,reversal,4,2024-09-16 13:00:00+00:00,2024-09-16 17:00:00+00:00,1,0.5317794323940289
stage36b_ny_late_reversal_h8_atr075,ny_late,reversal,8,2024-09-16 18:00:00+00:00,2024-09-17 02:00:00+00:00,1,3.46232904426612
stage36b_ny_late_continuation_h8_atr075,ny_late,continuation,8,2024-09-16 18:00:00+00:00,2024-09-17 02:00:00+00:00,-1,-3.46232904426612
stage36b_london_open_continuation_h4_atr075,london_open,continuation,4,2024-09-17 08:00:00+00:00,2024-09-17 12:00:00+00:00,1,-8.792270531400616
stage36b_london_open_reversal_h4_atr075,london_open,reversal,4,2024-09-17 08:00:00+00:00,2024-09-17 12:00:00+00:00,-1,8.792270531400616
stage36b_ny_open_continuation_h4_atr075,ny_open,continuation,4,2024-09-17 13:00:00+00:00,2024-09-17 17:00:00+00:00,-1,-4.090225563909351
stage36b_ny_open_reversal_h4_atr075,ny_open,reversal,4,2024-09-17 13:00:00+00:00,2024-09-17 17:00:00+00:00,1,4.090225563909351
stage36b_ny_late_reversal_h8_atr075,ny_late,reversal,8,2024-09-17 18:00:00+00:00,2024-09-18 02:00:00+00:00,1,5.949199787027489
stage36b_ny_late_continuation_h8_atr075,ny_late,continuation,8,2024-09-17 18:00:00+00:00,2024-09-18 02:00:00+00:00,-1,-5.949199787027489
stage36b_london_open_continuation_h4_atr075,london_open,continuation,4,2024-09-18 08:00:00+00:00,2024-09-18 12:00:00+00:00,-1,-4.767652138575807
stage36b_london_open_reversal_h4_atr075,london_open,reversal,4,2024-09-18 08:00:00+00:00,2024-09-18 12:00:00+00:00,1,4.767652138575807
stage36b_ny_open_continuation_h4_atr075,ny_open,continuation,4,2024-09-18 13:00:00+00:00,2024-09-18 17:00:00+00:00,1,-5.495104299701701
stage36b_ny_open_reversal_h4_atr075,ny_open,reversal,4,2024-09-18 13:00:00+00:00,2024-09-18 17:00:00+00:00,-1,5.495104299701701
stage36b_ny_late_reversal_h8_atr075,ny_late,reversal,8,2024-09-18 18:00:00+00:00,2024-09-19 02:00:00+00:00,1,-10.468952734013154
stage36b_ny_late_continuation_h8_atr075,ny_late,continuation,8,2024-09-18 18:00:00+00:00,2024-09-19 02:00:00+00:00,-1,10.468952734013154
stage36b_london_open_continuation_h4_atr075,london_open,continuation,4,2024-09-19 08:00:00+00:00,2024-09-19 12:00:00+00:00,1,8.810452151309963
stage36b_london_open_reversal_h4_atr075,london_open,reversal,4,2024-09-19 08:00:00+00:00,2024-09-19 12:00:00+00:00,-1,-8.810452151309963
stage36b_ny_open_continuation_h4_atr075,ny_open,continuation,4,2024-09-19 13:00:00+00:00,2024-09-19 17:00:00+00:00,-1,6.053386278402758
stage36b_ny_open_reversal_h4_atr075,ny_open,reversal,4,2024-09-19 13:00:00+00:00,2024-09-19 17:00:00+00:00,1,-6.053386278402758
stage36b_ny_late_reversal_h8_atr075,ny_late,reversal,8,2024-09-19 18:00:00+00:00,2024-09-20 02:00:00+00:00,-1,1.0955874534820051
stage36b_ny_late_continuation_h8_atr075,ny_late,continuation,8,2024-09-19 18:00:00+00:00,2024-09-20 02:00:00+00:00,1,-1.0955874534820051
stage36b_london_open_continuation_h4_atr075,london_open,continuation,4,2024-09-20 08:00:00+00:00,2024-09-20 12:00:00+00:00,1,19.315377932232977
stage36b_london_open_reversal_h4_atr075,london_open,reversal,4,2024-09-20 08:00:00+00:00,2024-09-20 12:00:00+00:00,-1,-19.315377932232977
stage36b_ny_open_continuation_h4_atr075,ny_open,continuation,4,2024-09-20 13:00:00+00:00,2024-09-20 17:00:00+00:00,1,0.8620982656075139
stage36b_ny_open_reversal_h4_atr075,ny_open,reversal,4,2024-09-20 13:00:00+00:00,2024-09-20 17:00:00+00:00,-1,-0.8620982656075139
stage36b_ny_late_reversal_h8_atr075,ny_late,reversal,8,2024-09-20 18:00:00+00:00,2024-09-23 01:00:00+00:00,-1,1.5657304091319326
stage36b_ny_late_continuation_h8_atr075,ny_late,continuation,8,2024-09-20 18:00:00+00:00,2024-09-23 01:00:00+00:00,1,-1.5657304091319326
stage36b_london_open_continuation_h4_atr075,london_open,continuation,4,2024-09-23 08:00:00+00:00,2024-09-23 12:00:00+00:00,1,-11.390510295434192
stage36b_london_open_reversal_h4_atr075,london_open,reversal,4,2024-09-23 08:00:00+00:00,2024-09-23 12:00:00+00:00,-1,11.390510295434192
stage36b_ny_open_continuation_h4_atr075,ny_open,continuation,4,2024-09-23 13:00:00+00:00,2024-09-23 17:00:00+00:00,-1,-9.775270892088663
stage36b_ny_open_reversal_h4_atr075,ny_open,reversal,4,2024-09-23 13:00:00+00:00,2024-09-23 17:00:00+00:00,1,9.775270892088663
stage36b_ny_late_reversal_h8_atr075,ny_late,reversal,8,2024-09-23 18:00:00+00:00,2024-09-24 02:00:00+00:00,1,-2.5226384739141037
stage36b_ny_late_continuation_h8_atr075,ny_late,continuation,8,2024-09-23 18:00:00+00:00,2024-09-24 02:00:00+00:00,-1,2.5226384739141037
stage36b_london_open_continuation_h4_atr075,london_open,continuation,4,2024-09-24 08:00:00+00:00,2024-09-24 12:00:00+00:00,-1,-6.857402981676941
stage36b_london_open_reversal_h4_atr075,london_open,reversal,4,2024-09-24 08:00:00+00:00,2024-09-24 12:00:00+00:00,1,6.857402981676941
stage36b_ny_open_continuation_h4_atr075,ny_open,continuation,4,2024-09-24 13:00:00+00:00,2024-09-24 17:00:00+00:00,1,10.807575757575803
stage36b_ny_open_reversal_h4_atr075,ny_open,reversal,4,2024-09-24 13:00:00+00:00,2024-09-24 17:00:00+00:00,-1,-10.807575757575803
stage36b_ny_late_reversal_h8_atr075,ny_late,reversal,8,2024-09-24 18:00:00+00:00,2024-09-25 02:00:00+00:00,1,10.838248436103695
stage36b_ny_late_continuation_h8_atr075,ny_late,continuation,8,2024-09-24 18:00:00+00:00,2024-09-25 02:00:00+00:00,-1,-10.838248436103695
stage36b_london_open_continuation_h4_atr075,london_open,continuation,4,2024-09-25 08:00:00+00:00,2024-09-25 12:00:00+00:00,-1,0.2710531291360823
stage36b_london_open_reversal_h4_atr075,london_open,reversal,4,2024-09-25 08:00:00+00:00,2024-09-25 12:00:00+00:00,1,-0.2710531291360823
stage36b_ny_open_continuation_h4_atr075,ny_open,continuation,4,2024-09-25 13:00:00+00:00,2024-09-25 17:00:00+00:00,-1,-3.2981715893107935
stage36b_ny_open_reversal_h4_atr075,ny_open,reversal,4,2024-09-25 13:00:00+00:00,2024-09-25 17:00:00+00:00,1,3.2981715893107935
stage36b_ny_late_reversal_h8_atr075,ny_late,reversal,8,2024-09-25 18:00:00+00:00,2024-09-26 02:00:00+00:00,1,-1.2162300975860674
stage36b_ny_late_continuation_h8_atr075,ny_late,continuation,8,2024-09-25 18:00:00+00:00,2024-09-26 02:00:00+00:00,-1,1.2162300975860674
stage36b_london_open_continuation_h4_atr075,london_open,continuation,4,2024-09-26 08:00:00+00:00,2024-09-26 12:00:00+00:00,1,8.92517006802757
stage36b_london_open_reversal_h4_atr075,london_open,reversal,4,2024-09-26 08:00:00+00:00,2024-09-26 12:00:00+00:00,-1,-8.92517006802757
stage36b_ny_open_continuation_h4_atr075,ny_open,continuation,4,2024-09-26 13:00:00+00:00,2024-09-26 17:00:00+00:00,1,-8.07655300026409
stage36b_ny_open_reversal_h4_atr075,ny_open,reversal,4,2024-09-26 13:00:00+00:00,2024-09-26 17:00:00+00:00,-1,8.07655300026409
stage36b_ny_late_reversal_h8_atr075,ny_late,reversal,8,2024-09-26 18:00:00+00:00,2024-09-27 02:00:00+00:00,-1,-0.7955924714041887
stage36b_ny_late_continuation_h8_atr075,ny_late,continuation,8,2024-09-26 18:00:00+00:00,2024-09-27 02:00:00+00:00,1,0.7955924714041887
stage36b_london_open_continuation_h4_atr075,london_open,continuation,4,2024-09-27 08:00:00+00:00,2024-09-27 12:00:00+00:00,-1,1.1600438203370698
stage36b_london_open_reversal_h4_atr075,london_open,reversal,4,2024-09-27 08:00:00+00:00,2024-09-27 12:00:00+00:00,1,-1.1600438203370698
stage36b_ny_open_continuation_h4_atr075,ny_open,continuation,4,2024-09-27 13:00:00+00:00,2024-09-27 17:00:00+00:00,1,-17.641414141414277
stage36b_ny_open_reversal_h4_atr075,ny_open,reversal,4,2024-09-27 13:00:00+00:00,2024-09-27 17:00:00+00:00,-1,17.641414141414277
stage36b_ny_late_reversal_h8_atr075,ny_late,reversal,8,2024-09-27 18:00:00+00:00,2024-09-30 01:00:00+00:00,-1,-9.67596121698427
stage36b_ny_late_continuation_h8_atr075,ny_late,continuation,8,2024-09-27 18:00:00+00:00,2024-09-30 01:00:00+00:00,1,9.67596121698427
stage36b_london_open_continuation_h4_atr075,london_open,continuation,4,2024-09-30 08:00:00+00:00,2024-09-30 12:00:00+00:00,1,-6.805359608852991
stage36b_london_open_reversal_h4_atr075,london_open,reversal,4,2024-09-30 08:00:00+00:00,2024-09-30 12:00:00+00:00,-1,6.805359608852991
stage36b_ny_open_continuation_h4_atr075,ny_open,continuation,4,2024-09-30 13:00:00+00:00,2024-09-30 17:00:00+00:00,-1,2.8788690157437458
stage36b_ny_open_reversal_h4_atr075,ny_open,reversal,4,2024-09-30 13:00:00+00:00,2024-09-30 17:00:00+00:00,1,-2.8788690157437458
stage36b_ny_late_reversal_h8_atr075,ny_late,reversal,8,2024-09-30 18:00:00+00:00,2024-10-01 02:00:00+00:00,-1,-1.315126327594317
stage36b_ny_late_continuation_h8_atr075,ny_late,continuation,8,2024-09-30 18:00:00+00:00,2024-10-01 02:00:00+00:00,1,1.315126327594317
stage36b_london_open_continuation_h4_atr075,london_open,continuation,4,2024-10-01 08:00:00+00:00,2024-10-01 12:00:00+00:00,1,6.3292243697054085
stage36b_london_open_reversal_h4_atr075,london_open,reversal,4,2024-10-01 08:00:00+00:00,2024-10-01 12:00:00+00:00,-1,-6.3292243697054085
stage36b_ny_open_continuation_h4_atr075,ny_open,continuation,4,2024-10-01 13:00:00+00:00,2024-10-01 17:00:00+00:00,1,13.172102890479525
stage36b_ny_open_reversal_h4_atr075,ny_open,reversal,4,2024-10-01 13:00:00+00:00,2024-10-01 17:00:00+00:00,-1,-13.172102890479525
stage36b_ny_late_reversal_h8_atr075,ny_late,reversal,8,2024-10-01 18:00:00+00:00,2024-10-02 02:00:00+00:00,-1,2.4656672607192274
stage36b_ny_late_continuation_h8_atr075,ny_late,continuation,8,2024-10-01 18:00:00+00:00,2024-10-02 02:00:00+00:00,1,-2.4656672607192274
stage36b_london_open_continuation_h4_atr075,london_open,continuation,4,2024-10-02 08:00:00+00:00,2024-10-02 12:00:00+00:00,-1,-4.475633528264714
stage36b_london_open_reversal_h4_atr075,london_open,reversal,4,2024-10-02 08:00:00+00:00,2024-10-02 12:00:00+00:00,1,4.475633528264714
stage36b_ny_open_continuation_h4_atr075,ny_open,continuation,4,2024-10-02 13:00:00+00:00,2024-10-02 17:00:00+00:00,-1,0.9945126209716066
stage36b_ny_open_reversal_h4_atr075,ny_open,reversal,4,2024-10-02 13:00:00+00:00,2024-10-02 17:00:00+00:00,1,-0.9945126209716066
stage36b_ny_late_reversal_h8_atr075,ny_late,reversal,8,2024-10-02 18:00:00+00:00,2024-10-03 02:00:00+00:00,-1,-7.77289377289386
stage36b_ny_late_continuation_h8_atr075,ny_late,continuation,8,2024-10-02 18:00:00+00:00,2024-10-03 02:00:00+00:00,1,7.77289377289386
stage36b_london_open_continuation_h4_atr075,london_open,continuation,4,2024-10-03 08:00:00+00:00,2024-10-03 12:00:00+00:00,-1,12.425357873210977
stage36b_london_open_reversal_h4_atr075,london_open,reversal,4,2024-10-03 08:00:00+00:00,2024-10-03 12:00:00+00:00,1,-12.425357873210977
stage36b_ny_open_continuation_h4_atr075,ny_open,continuation,4,2024-10-03 13:00:00+00:00,2024-10-03 17:00:00+00:00,1,3.908892608938378
stage36b_ny_open_reversal_h4_atr075,ny_open,reversal,4,2024-10-03 13:00:00+00:00,2024-10-03 17:00:00+00:00,-1,-3.908892608938378
stage36b_ny_late_reversal_h8_atr075,ny_late,reversal,8,2024-10-03 18:00:00+00:00,2024-10-04 02:00:00+00:00,1,5.355084717663166
stage36b_ny_late_continuation_h8_atr075,ny_late,continuation,8,2024-10-03 18:00:00+00:00,2024-10-04 02:00:00+00:00,-1,-5.355084717663166
stage36b_london_open_continuation_h4_atr075,london_open,continuation,4,2024-10-04 08:00:00+00:00,2024-10-04 12:00:00+00:00,1,-12.947752126366742
stage36b_london_open_reversal_h4_atr075,london_open,reversal,4,2024-10-04 08:00:00+00:00,2024-10-04 12:00:00+00:00,-1,12.947752126366742
stage36b_ny_open_continuation_h4_atr075,ny_open,continuation,4,2024-10-04 13:00:00+00:00,2024-10-04 17:00:00+00:00,1,0.20589587026440107
stage36b_ny_open_reversal_h4_atr075,ny_open,reversal,4,2024-10-04 13:00:00+00:00,2024-10-04 17:00:00+00:00,-1,-0.20589587026440107
stage36b_ny_late_reversal_h8_atr075,ny_late,reversal,8,2024-10-04 18:00:00+00:00,2024-10-07 01:00:00+00:00,1,-1.4021365200070124
stage36b_ny_late_continuation_h8_atr075,ny_late,continuation,8,2024-10-04 18:00:00+00:00,2024-10-07 01:00:00+00:00,-1,1.4021365200070124
stage36b_london_open_continuation_h4_atr075,london_open,continuation,4,2024-10-07 08:00:00+00:00,2024-10-07 12:00:00+00:00,-1,-18.66666666666693
stage36b_london_open_reversal_h4_atr075,london_open,reversal,4,2024-10-07 08:00:00+00:00,2024-10-07 12:00:00+00:00,1,18.66666666666693
stage36b_ny_open_continuation_h4_atr075,ny_open,continuation,4,2024-10-07 13:00:00+00:00,2024-10-07 17:00:00+00:00,-1,16.555052790346544
stage36b_ny_open_reversal_h4_atr075,ny_open,reversal,4,2024-10-07 13:00:00+00:00,2024-10-07 17:00:00+00:00,1,-16.555052790346544
stage36b_ny_late_reversal_h8_atr075,ny_late,reversal,8,2024-10-07 18:00:00+00:00,2024-10-08 02:00:00+00:00,-1,1.9143481150886574
stage36b_ny_late_continuation_h8_atr075,ny_late,continuation,8,2024-10-07 18:00:00+00:00,2024-10-08 02:00:00+00:00,1,-1.9143481150886574
stage36b_london_open_continuation_h4_atr075,london_open,continuation,4,2024-10-08 08:00:00+00:00,2024-10-08 12:00:00+00:00,1,-3.3058385896815197
stage36b_london_open_reversal_h4_atr075,london_open,reversal,4,2024-10-08 08:00:00+00:00,2024-10-08 12:00:00+00:00,-1,3.3058385896815197
stage36b_ny_open_continuation_h4_atr075,ny_open,continuation,4,2024-10-08 13:00:00+00:00,2024-10-08 17:00:00+00:00,1,-18.58223533267822
stage36b_ny_open_reversal_h4_atr075,ny_open,reversal,4,2024-10-08 13:00:00+00:00,2024-10-08 17:00:00+00:00,-1,18.58223533267822
stage36b_ny_late_reversal_h8_atr075,ny_late,reversal,8,2024-10-08 18:00:00+00:00,2024-10-09 02:00:00+00:00,1,4.644611250115754
stage36b_ny_late_continuation_h8_atr075,ny_late,continuation,8,2024-10-08 18:00:00+00:00,2024-10-09 02:00:00+00:00,-1,-4.644611250115754
stage36b_london_open_continuation_h4_atr075,london_open,continuation,4,2024-10-09 08:00:00+00:00,2024-10-09 12:00:00+00:00,1,-1.7057911536708363
stage36b_london_open_reversal_h4_atr075,london_open,reversal,4,2024-10-09 08:00:00+00:00,2024-10-09 12:00:00+00:00,-1,1.7057911536708363
stage36b_ny_open_continuation_h4_atr075,ny_open,continuation,4,2024-10-09 13:00:00+00:00,2024-10-09 17:00:00+00:00,1,-12.740830067329899
stage36b_ny_open_reversal_h4_atr075,ny_open,reversal,4,2024-10-09 13:00:00+00:00,2024-10-09 17:00:00+00:00,-1,12.740830067329899
stage36b_ny_late_reversal_h8_atr075,ny_late,reversal,8,2024-10-09 18:00:00+00:00,2024-10-10 02:00:00+00:00,-1,5.2454466608845465
stage36b_ny_late_continuation_h8_atr075,ny_late,continuation,8,2024-10-09 18:00:00+00:00,2024-10-10 02:00:00+00:00,1,-5.2454466608845465
stage36b_london_open_continuation_h4_atr075,london_open,continuation,4,2024-10-10 08:00:00+00:00,2024-10-10 12:00:00+00:00,-1,-4.820460819108447
stage36b_london_open_reversal_h4_atr075,london_open,reversal,4,2024-10-10 08:00:00+00:00,2024-10-10 12:00:00+00:00,1,4.820460819108447
stage36b_ny_open_continuation_h4_atr075,ny_open,continuation,4,2024-10-10 13:00:00+00:00,2024-10-10 17:00:00+00:00,1,9.770659396830665
stage36b_ny_open_reversal_h4_atr075,ny_open,reversal,4,2024-10-10 13:00:00+00:00,2024-10-10 17:00:00+00:00,-1,-9.770659396830665
stage36b_ny_late_reversal_h8_atr075,ny_late,reversal,8,2024-10-10 18:00:00+00:00,2024-10-11 02:00:00+00:00,1,7.744530035080132
stage36b_ny_late_continuation_h8_atr075,ny_late,continuation,8,2024-10-10 18:00:00+00:00,2024-10-11 02:00:00+00:00,-1,-7.744530035080132
stage36b_london_open_continuation_h4_atr075,london_open,continuation,4,2024-10-11 08:00:00+00:00,2024-10-11 12:00:00+00:00,-1,6.219948849104533
stage36b_london_open_reversal_h4_atr075,london_open,reversal,4,2024-10-11 08:00:00+00:00,2024-10-11 12:00:00+00:00,1,-6.219948849104533
stage36b_ny_open_continuation_h4_atr075,ny_open,continuation,4,2024-10-11 13:00:00+00:00,2024-10-11 17:00:00+00:00,1,10.415624744627118
stage36b_ny_open_reversal_h4_atr075,ny_open,reversal,4,2024-10-11 13:00:00+00:00,2024-10-11 17:00:00+00:00,-1,-10.415624744627118
stage36b_ny_late_reversal_h8_atr075,ny_late,reversal,8,2024-10-11 18:00:00+00:00,2024-10-14 01:00:00+00:00,-1,6.685271317829761
stage36b_ny_late_continuation_h8_atr075,ny_late,continuation,8,2024-10-11 18:00:00+00:00,2024-10-14 01:00:00+00:00,1,-6.685271317829761
stage36b_london_open_continuation_h4_atr075,london_open,continuation,4,2024-10-14 08:00:00+00:00,2024-10-14 12:00:00+00:00,-1,0.4758312741143276
stage36b_london_open_reversal_h4_atr075,london_open,reversal,4,2024-10-14 08:00:00+00:00,2024-10-14 12:00:00+00:00,1,-0.4758312741143276
stage36b_ny_open_continuation_h4_atr075,ny_open,continuation,4,2024-10-14 13:00:00+00:00,2024-10-14 17:00:00+00:00,-1,9.571221351900702
stage36b_ny_open_reversal_h4_atr075,ny_open,reversal,4,2024-10-14 13:00:00+00:00,2024-10-14 17:00:00+00:00,1,-9.571221351900702
stage36b_ny_late_reversal_h8_atr075,ny_late,reversal,8,2024-10-14 18:00:00+00:00,2024-10-15 02:00:00+00:00,-1,-2.106873385012613
stage36b_ny_late_continuation_h8_atr075,ny_late,continuation,8,2024-10-14 18:00:00+00:00,2024-10-15 02:00:00+00:00,1,2.106873385012613
stage36b_london_open_continuation_h4_atr075,london_open,continuation,4,2024-10-15 08:00:00+00:00,2024-10-15 12:00:00+00:00,-1,-15.448724652837944
stage36b_london_open_reversal_h4_atr075,london_open,reversal,4,2024-10-15 08:00:00+00:00,2024-10-15 12:00:00+00:00,1,15.448724652837944
stage36b_ny_open_continuation_h4_atr075,ny_open,continuation,4,2024-10-15 13:00:00+00:00,2024-10-15 17:00:00+00:00,-1,-7.9160170460452814
stage36b_ny_open_reversal_h4_atr075,ny_open,reversal,4,2024-10-15 13:00:00+00:00,2024-10-15 17:00:00+00:00,1,7.9160170460452814
stage36b_ny_late_reversal_h8_atr075,ny_late,reversal,8,2024-10-15 18:00:00+00:00,2024-10-16 02:00:00+00:00,-1,3.1275950548169225
stage36b_ny_late_continuation_h8_atr075,ny_late,continuation,8,2024-10-15 18:00:00+00:00,2024-10-16 02:00:00+00:00,1,-3.1275950548169225
stage36b_london_open_continuation_h4_atr075,london_open,continuation,4,2024-10-16 08:00:00+00:00,2024-10-16 12:00:00+00:00,1,13.90326888463101
stage36b_london_open_reversal_h4_atr075,london_open,reversal,4,2024-10-16 08:00:00+00:00,2024-10-16 12:00:00+00:00,-1,-13.90326888463101
stage36b_ny_open_continuation_h4_atr075,ny_open,continuation,4,2024-10-16 13:00:00+00:00,2024-10-16 17:00:00+00:00,-1,2.4617901139907996
stage36b_ny_open_reversal_h4_atr075,ny_open,reversal,4,2024-10-16 13:00:00+00:00,2024-10-16 17:00:00+00:00,1,-2.4617901139907996
stage36b_ny_late_reversal_h8_atr075,ny_late,reversal,8,2024-10-16 18:00:00+00:00,2024-10-17 02:00:00+00:00,1,3.2598257913746695
stage36b_ny_late_continuation_h8_atr075,ny_late,continuation,8,2024-10-16 18:00:00+00:00,2024-10-17 02:00:00+00:00,-1,-3.2598257913746695
stage36b_london_open_continuation_h4_atr075,london_open,continuation,4,2024-10-17 08:00:00+00:00,2024-10-17 12:00:00+00:00,1,-5.259474554055326
stage36b_london_open_reversal_h4_atr075,london_open,reversal,4,2024-10-17 08:00:00+00:00,2024-10-17 12:00:00+00:00,-1,5.259474554055326
stage36b_ny_open_continuation_h4_atr075,ny_open,continuation,4,2024-10-17 13:00:00+00:00,2024-10-17 17:00:00+00:00,1,8.798131464798033
stage36b_ny_open_reversal_h4_atr075,ny_open,reversal,4,2024-10-17 13:00:00+00:00,2024-10-17 17:00:00+00:00,-1,-8.798131464798033
stage36b_ny_late_reversal_h8_atr075,ny_late,reversal,8,2024-10-17 18:00:00+00:00,2024-10-18 02:00:00+00:00,1,0.25481019240763025
stage36b_ny_late_continuation_h8_atr075,ny_late,continuation,8,2024-10-17 18:00:00+00:00,2024-10-18 02:00:00+00:00,-1,-0.25481019240763025
stage36b_london_open_continuation_h4_atr075,london_open,continuation,4,2024-10-18 08:00:00+00:00,2024-10-18 12:00:00+00:00,1,0.011719771883267376
stage36b_london_open_reversal_h4_atr075,london_open,reversal,4,2024-10-18 08:00:00+00:00,2024-10-18 12:00:00+00:00,-1,-0.011719771883267376
stage36b_ny_open_continuation_h4_atr075,ny_open,continuation,4,2024-10-18 13:00:00+00:00,2024-10-18 17:00:00+00:00,1,4.8769670958510805
stage36b_ny_open_reversal_h4_atr075,ny_open,reversal,4,2024-10-18 13:00:00+00:00,2024-10-18 17:00:00+00:00,-1,-4.8769670958510805
stage36b_ny_late_reversal_h8_atr075,ny_late,reversal,8,2024-10-18 18:00:00+00:00,2024-10-21 01:00:00+00:00,1,7.399247554551974
stage36b_ny_late_continuation_h8_atr075,ny_late,continuation,8,2024-10-18 18:00:00+00:00,2024-10-21 01:00:00+00:00,-1,-7.399247554551974
stage36b_london_open_continuation_h4_atr075,london_open,continuation,4,2024-10-21 08:00:00+00:00,2024-10-21 12:00:00+00:00,-1,-11.382041975697883
stage36b_london_open_reversal_h4_atr075,london_open,reversal,4,2024-10-21 08:00:00+00:00,2024-10-21 12:00:00+00:00,1,11.382041975697883
stage36b_ny_open_continuation_h4_atr075,ny_open,continuation,4,2024-10-21 13:00:00+00:00,2024-10-21 17:00:00+00:00,-1,8.64474532559638
stage36b_ny_open_reversal_h4_atr075,ny_open,reversal,4,2024-10-21 13:00:00+00:00,2024-10-21 17:00:00+00:00,1,-8.64474532559638
stage36b_ny_late_reversal_h8_atr075,ny_late,reversal,8,2024-10-21 18:00:00+00:00,2024-10-22 02:00:00+00:00,1,0.874063330916193
stage36b_ny_late_continuation_h8_atr075,ny_late,continuation,8,2024-10-21 18:00:00+00:00,2024-10-22 02:00:00+00:00,-1,-0.874063330916193
stage36b_london_open_continuation_h4_atr075,london_open,continuation,4,2024-10-22 08:00:00+00:00,2024-10-22 12:00:00+00:00,-1,-1.466562743569481
stage36b_london_open_reversal_h4_atr075,london_open,reversal,4,2024-10-22 08:00:00+00:00,2024-10-22 12:00:00+00:00,1,1.466562743569481
stage36b_ny_open_continuation_h4_atr075,ny_open,continuation,4,2024-10-22 13:00:00+00:00,2024-10-22 17:00:00+00:00,1,3.14043231584357
stage36b_ny_open_reversal_h4_atr075,ny_open,reversal,4,2024-10-22 13:00:00+00:00,2024-10-22 17:00:00+00:00,-1,-3.14043231584357
stage36b_ny_late_reversal_h8_atr075,ny_late,reversal,8,2024-10-22 18:00:00+00:00,2024-10-23 02:00:00+00:00,1,7.326306639139665
stage36b_ny_late_continuation_h8_atr075,ny_late,continuation,8,2024-10-22 18:00:00+00:00,2024-10-23 02:00:00+00:00,-1,-7.326306639139665
stage36b_london_open_continuation_h4_atr075,london_open,continuation,4,2024-10-23 08:00:00+00:00,2024-10-23 12:00:00+00:00,1,-1.0533290584590445
stage36b_london_open_reversal_h4_atr075,london_open,reversal,4,2024-10-23 08:00:00+00:00,2024-10-23 12:00:00+00:00,-1,1.0533290584590445
stage36b_ny_open_continuation_h4_atr075,ny_open,continuation,4,2024-10-23 13:00:00+00:00,2024-10-23 17:00:00+00:00,1,-38.32550473836
stage36b_ny_open_reversal_h4_atr075,ny_open,reversal,4,2024-10-23 13:00:00+00:00,2024-10-23 17:00:00+00:00,-1,38.32550473836
stage36b_ny_late_reversal_h8_atr075,ny_late,reversal,8,2024-10-23 18:00:00+00:00,2024-10-24 02:00:00+00:00,-1,0.27944621938253195
stage36b_ny_late_continuation_h8_atr075,ny_late,continuation,8,2024-10-23 18:00:00+00:00,2024-10-24 02:00:00+00:00,1,-0.27944621938253195
stage36b_london_open_continuation_h4_atr075,london_open,continuation,4,2024-10-24 08:00:00+00:00,2024-10-24 12:00:00+00:00,1,8.766809728182983
stage36b_london_open_reversal_h4_atr075,london_open,reversal,4,2024-10-24 08:00:00+00:00,2024-10-24 12:00:00+00:00,-1,-8.766809728182983
stage36b_ny_open_continuation_h4_atr075,ny_open,continuation,4,2024-10-24 13:00:00+00:00,2024-10-24 17:00:00+00:00,1,-5.300268650548039
stage36b_ny_open_reversal_h4_atr075,ny_open,reversal,4,2024-10-24 13:00:00+00:00,2024-10-24 17:00:00+00:00,-1,5.300268650548039
stage36b_ny_late_reversal_h8_atr075,ny_late,reversal,8,2024-10-24 18:00:00+00:00,2024-10-25 02:00:00+00:00,1,2.640166397041743
stage36b_ny_late_continuation_h8_atr075,ny_late,continuation,8,2024-10-24 18:00:00+00:00,2024-10-25 02:00:00+00:00,-1,-2.640166397041743
stage36b_london_open_continuation_h4_atr075,london_open,continuation,4,2024-10-25 08:00:00+00:00,2024-10-25 12:00:00+00:00,1,-10.286850608998106
stage36b_london_open_reversal_h4_atr075,london_open,reversal,4,2024-10-25 08:00:00+00:00,2024-10-25 12:00:00+00:00,-1,10.286850608998106
stage36b_ny_open_continuation_h4_atr075,ny_open,continuation,4,2024-10-25 13:00:00+00:00,2024-10-25 17:00:00+00:00,1,19.535714285714178
stage36b_ny_open_reversal_h4_atr075,ny_open,reversal,4,2024-10-25 13:00:00+00:00,2024-10-25 17:00:00+00:00,-1,-19.535714285714178
stage36b_ny_late_reversal_h8_atr075,ny_late,reversal,8,2024-10-25 18:00:00+00:00,2024-10-28 00:00:00+00:00,1,-2.100974573166208
stage36b_ny_late_continuation_h8_atr075,ny_late,continuation,8,2024-10-25 18:00:00+00:00,2024-10-28 00:00:00+00:00,-1,2.100974573166208
stage36b_london_open_continuation_h4_atr075,london_open,continuation,4,2024-10-28 08:00:00+00:00,2024-10-28 12:00:00+00:00,1,-7.359587222095973
stage36b_london_open_reversal_h4_atr075,london_open,reversal,4,2024-10-28 08:00:00+00:00,2024-10-28 12:00:00+00:00,-1,7.359587222095973
stage36b_ny_open_continuation_h4_atr075,ny_open,continuation,4,2024-10-28 13:00:00+00:00,2024-10-28 17:00:00+00:00,1,7.742561094819287
stage36b_ny_open_reversal_h4_atr075,ny_open,reversal,4,2024-10-28 13:00:00+00:00,2024-10-28 17:00:00+00:00,-1,-7.742561094819287
stage36b_ny_late_reversal_h8_atr075,ny_late,reversal,8,2024-10-28 18:00:00+00:00,2024-10-29 02:00:00+00:00,-1,-2.635394132604605
stage36b_ny_late_continuation_h8_atr075,ny_late,continuation,8,2024-10-28 18:00:00+00:00,2024-10-29 02:00:00+00:00,1,2.635394132604605
stage36b_london_open_continuation_h4_atr075,london_open,continuation,4,2024-10-29 08:00:00+00:00,2024-10-29 12:00:00+00:00,1,-6.900992645168157
stage36b_london_open_reversal_h4_atr075,london_open,reversal,4,2024-10-29 08:00:00+00:00,2024-10-29 12:00:00+00:00,-1,6.900992645168157
stage36b_ny_open_continuation_h4_atr075,ny_open,continuation,4,2024-10-29 13:00:00+00:00,2024-10-29 17:00:00+00:00,1,11.441304169738828
stage36b_ny_open_reversal_h4_atr075,ny_open,reversal,4,2024-10-29 13:00:00+00:00,2024-10-29 17:00:00+00:00,-1,-11.441304169738828
stage36b_ny_late_reversal_h8_atr075,ny_late,reversal,8,2024-10-29 18:00:00+00:00,2024-10-30 02:00:00+00:00,-1,-6.285677634532767
stage36b_ny_late_continuation_h8_atr075,ny_late,continuation,8,2024-10-29 18:00:00+00:00,2024-10-30 02:00:00+00:00,1,6.285677634532767
stage36b_london_open_continuation_h4_atr075,london_open,continuation,4,2024-10-30 08:00:00+00:00,2024-10-30 12:00:00+00:00,1,-8.074003189792325
stage36b_london_open_reversal_h4_atr075,london_open,reversal,4,2024-10-30 08:00:00+00:00,2024-10-30 12:00:00+00:00,-1,8.074003189792325
stage36b_ny_open_continuation_h4_atr075,ny_open,continuation,4,2024-10-30 13:00:00+00:00,2024-10-30 17:00:00+00:00,-1,-6.454000671172801
stage36b_ny_open_reversal_h4_atr075,ny_open,reversal,4,2024-10-30 13:00:00+00:00,2024-10-30 17:00:00+00:00,1,6.454000671172801
stage36b_ny_late_reversal_h8_atr075,ny_late,reversal,8,2024-10-30 18:00:00+00:00,2024-10-31 02:00:00+00:00,-1,-1.5744079876505743
stage36b_ny_late_continuation_h8_atr075,ny_late,continuation,8,2024-10-30 18:00:00+00:00,2024-10-31 02:00:00+00:00,1,1.5744079876505743
stage36b_london_open_continuation_h4_atr075,london_open,continuation,4,2024-10-31 08:00:00+00:00,2024-10-31 12:00:00+00:00,-1,-1.39933993399334
stage36b_london_open_reversal_h4_atr075,london_open,reversal,4,2024-10-31 08:00:00+00:00,2024-10-31 12:00:00+00:00,1,1.39933993399334
stage36b_ny_open_continuation_h4_atr075,ny_open,continuation,4,2024-10-31 13:00:00+00:00,2024-10-31 17:00:00+00:00,-1,42.84892227623157
stage36b_ny_open_reversal_h4_atr075,ny_open,reversal,4,2024-10-31 13:00:00+00:00,2024-10-31 17:00:00+00:00,1,-42.84892227623157
stage36b_ny_late_reversal_h8_atr075,ny_late,reversal,8,2024-10-31 18:00:00+00:00,2024-11-01 02:00:00+00:00,-1,-2.8528765920069925
stage36b_ny_late_continuation_h8_atr075,ny_late,continuation,8,2024-10-31 18:00:00+00:00,2024-11-01 02:00:00+00:00,1,2.8528765920069925
stage36b_london_open_continuation_h4_atr075,london_open,continuation,4,2024-11-01 08:00:00+00:00,2024-11-01 12:00:00+00:00,-1,2.9326379834852796
stage36b_london_open_reversal_h4_atr075,london_open,reversal,4,2024-11-01 08:00:00+00:00,2024-11-01 12:00:00+00:00,1,-2.9326379834852796
stage36b_ny_open_continuation_h4_atr075,ny_open,continuation,4,2024-11-01 13:00:00+00:00,2024-11-01 17:00:00+00:00,1,-9.029765424798288
stage36b_ny_open_reversal_h4_atr075,ny_open,reversal,4,2024-11-01 13:00:00+00:00,2024-11-01 17:00:00+00:00,-1,9.029765424798288
stage36b_ny_late_reversal_h8_atr075,ny_late,reversal,8,2024-11-01 18:00:00+00:00,2024-11-04 02:00:00+00:00,1,-2.083857442347777
stage36b_ny_late_continuation_h8_atr075,ny_late,continuation,8,2024-11-01 18:00:00+00:00,2024-11-04 02:00:00+00:00,-1,2.083857442347777
stage36b_london_open_continuation_h4_atr075,london_open,continuation,4,2024-11-04 08:00:00+00:00,2024-11-04 12:00:00+00:00,-1,2.5455637034179306
stage36b_london_open_reversal_h4_atr075,london_open,reversal,4,2024-11-04 08:00:00+00:00,2024-11-04 12:00:00+00:00,1,-2.5455637034179306
stage36b_ny_open_continuation_h4_atr075,ny_open,continuation,4,2024-11-04 13:00:00+00:00,2024-11-04 17:00:00+00:00,1,-1.5669178743960879
stage36b_ny_open_reversal_h4_atr075,ny_open,reversal,4,2024-11-04 13:00:00+00:00,2024-11-04 17:00:00+00:00,-1,1.5669178743960879
stage36b_ny_late_reversal_h8_atr075,ny_late,reversal,8,2024-11-04 18:00:00+00:00,2024-11-05 02:00:00+00:00,1,0.7398194019887229
stage36b_ny_late_continuation_h8_atr075,ny_late,continuation,8,2024-11-04 18:00:00+00:00,2024-11-05 02:00:00+00:00,-1,-0.7398194019887229
stage36b_london_open_continuation_h4_atr075,london_open,continuation,4,2024-11-05 08:00:00+00:00,2024-11-05 12:00:00+00:00,1,-0.15458937198080508
stage36b_london_open_reversal_h4_atr075,london_open,reversal,4,2024-11-05 08:00:00+00:00,2024-11-05 12:00:00+00:00,-1,0.15458937198080508
stage36b_ny_open_continuation_h4_atr075,ny_open,continuation,4,2024-11-05 13:00:00+00:00,2024-11-05 17:00:00+00:00,1,0.3390942348935223
stage36b_ny_open_reversal_h4_atr075,ny_open,reversal,4,2024-11-05 13:00:00+00:00,2024-11-05 17:00:00+00:00,-1,-0.3390942348935223
stage36b_ny_late_reversal_h8_atr075,ny_late,reversal,8,2024-11-05 18:00:00+00:00,2024-11-06 02:00:00+00:00,1,-0.5127014829142748
stage36b_ny_late_continuation_h8_atr075,ny_late,continuation,8,2024-11-05 18:00:00+00:00,2024-11-06 02:00:00+00:00,-1,0.5127014829142748
stage36b_london_open_continuation_h4_atr075,london_open,continuation,4,2024-11-06 08:00:00+00:00,2024-11-06 12:00:00+00:00,-1,-6.785083504918765
stage36b_london_open_reversal_h4_atr075,london_open,reversal,4,2024-11-06 08:00:00+00:00,2024-11-06 12:00:00+00:00,1,6.785083504918765
stage36b_ny_open_continuation_h4_atr075,ny_open,continuation,4,2024-11-06 13:00:00+00:00,2024-11-06 17:00:00+00:00,-1,8.204742897393846
stage36b_ny_open_reversal_h4_atr075,ny_open,reversal,4,2024-11-06 13:00:00+00:00,2024-11-06 17:00:00+00:00,1,-8.204742897393846
stage36b_ny_late_reversal_h8_atr075,ny_late,reversal,8,2024-11-06 18:00:00+00:00,2024-11-07 02:00:00+00:00,1,-1.3603708595550923
stage36b_ny_late_continuation_h8_atr075,ny_late,continuation,8,2024-11-06 18:00:00+00:00,2024-11-07 02:00:00+00:00,-1,1.3603708595550923
stage36b_london_open_continuation_h4_atr075,london_open,continuation,4,2024-11-07 08:00:00+00:00,2024-11-07 12:00:00+00:00,-1,-7.332368547997984
stage36b_london_open_reversal_h4_atr075,london_open,reversal,4,2024-11-07 08:00:00+00:00,2024-11-07 12:00:00+00:00,1,7.332368547997984
stage36b_ny_open_continuation_h4_atr075,ny_open,continuation,4,2024-11-07 13:00:00+00:00,2024-11-07 17:00:00+00:00,-1,-22.942662052193523
stage36b_ny_open_reversal_h4_atr075,ny_open,reversal,4,2024-11-07 13:00:00+00:00,2024-11-07 17:00:00+00:00,1,22.942662052193523
stage36b_ny_late_reversal_h8_atr075,ny_late,reversal,8,2024-11-07 18:00:00+00:00,2024-11-08 02:00:00+00:00,1,6.530068299183744
stage36b_ny_late_continuation_h8_atr075,ny_late,continuation,8,2024-11-07 18:00:00+00:00,2024-11-08 02:00:00+00:00,-1,-6.530068299183744
stage36b_london_open_continuation_h4_atr075,london_open,continuation,4,2024-11-08 08:00:00+00:00,2024-11-08 12:00:00+00:00,-1,-1.6933560477002723
stage36b_london_open_reversal_h4_atr075,london_open,reversal,4,2024-11-08 08:00:00+00:00,2024-11-08 12:00:00+00:00,1,1.6933560477002723
stage36b_ny_open_continuation_h4_atr075,ny_open,continuation,4,2024-11-08 13:00:00+00:00,2024-11-08 17:00:00+00:00,1,-3.8195535026942435
stage36b_ny_open_reversal_h4_atr075,ny_open,reversal,4,2024-11-08 13:00:00+00:00,2024-11-08 17:00:00+00:00,-1,3.8195535026942435
stage36b_ny_late_reversal_h8_atr075,ny_late,reversal,8,2024-11-08 18:00:00+00:00,2024-11-11 01:00:00+00:00,1,1.6427342689001405
stage36b_ny_late_continuation_h8_atr075,ny_late,continuation,8,2024-11-08 18:00:00+00:00,2024-11-11 01:00:00+00:00,-1,-1.6427342689001405
stage36b_london_open_continuation_h4_atr075,london_open,continuation,4,2024-11-11 08:00:00+00:00,2024-11-11 12:00:00+00:00,1,-11.498869289914534
stage36b_london_open_reversal_h4_atr075,london_open,reversal,4,2024-11-11 08:00:00+00:00,2024-11-11 12:00:00+00:00,-1,11.498869289914534
stage36b_ny_open_continuation_h4_atr075,ny_open,continuation,4,2024-11-11 13:00:00+00:00,2024-11-11 17:00:00+00:00,1,-38.873894364417474
stage36b_ny_open_reversal_h4_atr075,ny_open,reversal,4,2024-11-11 13:00:00+00:00,2024-11-11 17:00:00+00:00,-1,38.873894364417474
stage36b_ny_late_reversal_h8_atr075,ny_late,reversal,8,2024-11-11 18:00:00+00:00,2024-11-12 02:00:00+00:00,-1,-5.322240000000185
stage36b_ny_late_continuation_h8_atr075,ny_late,continuation,8,2024-11-11 18:00:00+00:00,2024-11-12 02:00:00+00:00,1,5.322240000000185
stage36b_london_open_continuation_h4_atr075,london_open,continuation,4,2024-11-12 08:00:00+00:00,2024-11-12 12:00:00+00:00,1,-10.185572078162004
stage36b_london_open_reversal_h4_atr075,london_open,reversal,4,2024-11-12 08:00:00+00:00,2024-11-12 12:00:00+00:00,-1,10.185572078162004
stage36b_ny_open_continuation_h4_atr075,ny_open,continuation,4,2024-11-12 13:00:00+00:00,2024-11-12 17:00:00+00:00,1,0.2688806641993579
stage36b_ny_open_reversal_h4_atr075,ny_open,reversal,4,2024-11-12 13:00:00+00:00,2024-11-12 17:00:00+00:00,-1,-0.2688806641993579
stage36b_ny_late_reversal_h8_atr075,ny_late,reversal,8,2024-11-12 18:00:00+00:00,2024-11-13 02:00:00+00:00,-1,0.7850258861012511
stage36b_ny_late_continuation_h8_atr075,ny_late,continuation,8,2024-11-12 18:00:00+00:00,2024-11-13 02:00:00+00:00,1,-0.7850258861012511
stage36b_london_open_continuation_h4_atr075,london_open,continuation,4,2024-11-13 08:00:00+00:00,2024-11-13 12:00:00+00:00,-1,-3.6993801185467374
stage36b_london_open_reversal_h4_atr075,london_open,reversal,4,2024-11-13 08:00:00+00:00,2024-11-13 12:00:00+00:00,1,3.6993801185467374
stage36b_ny_open_continuation_h4_atr075,ny_open,continuation,4,2024-11-13 13:00:00+00:00,2024-11-13 17:00:00+00:00,1,-5.622179239200356
stage36b_ny_open_reversal_h4_atr075,ny_open,reversal,4,2024-11-13 13:00:00+00:00,2024-11-13 17:00:00+00:00,-1,5.622179239200356
stage36b_ny_late_reversal_h8_atr075,ny_late,reversal,8,2024-11-13 18:00:00+00:00,2024-11-14 02:00:00+00:00,1,-8.864171122994511
stage36b_ny_late_continuation_h8_atr075,ny_late,continuation,8,2024-11-13 18:00:00+00:00,2024-11-14 02:00:00+00:00,-1,8.864171122994511
stage36b_london_open_continuation_h4_atr075,london_open,continuation,4,2024-11-14 08:00:00+00:00,2024-11-14 12:00:00+00:00,-1,5.867287543655351
stage36b_london_open_reversal_h4_atr075,london_open,reversal,4,2024-11-14 08:00:00+00:00,2024-11-14 12:00:00+00:00,1,-5.867287543655351
stage36b_ny_open_continuation_h4_atr075,ny_open,continuation,4,2024-11-14 13:00:00+00:00,2024-11-14 17:00:00+00:00,1,10.024803192063246
stage36b_ny_open_reversal_h4_atr075,ny_open,reversal,4,2024-11-14 13:00:00+00:00,2024-11-14 17:00:00+00:00,-1,-10.024803192063246
stage36b_ny_late_reversal_h8_atr075,ny_late,reversal,8,2024-11-14 18:00:00+00:00,2024-11-15 02:00:00+00:00,-1,3.93803307223684
stage36b_ny_late_continuation_h8_atr075,ny_late,continuation,8,2024-11-14 18:00:00+00:00,2024-11-15 02:00:00+00:00,1,-3.93803307223684
stage36b_london_open_continuation_h4_atr075,london_open,continuation,4,2024-11-15 08:00:00+00:00,2024-11-15 12:00:00+00:00,1,5.650304780237445
stage36b_london_open_reversal_h4_atr075,london_open,reversal,4,2024-11-15 08:00:00+00:00,2024-11-15 12:00:00+00:00,-1,-5.650304780237445
stage36b_ny_open_continuation_h4_atr075,ny_open,continuation,4,2024-11-15 13:00:00+00:00,2024-11-15 17:00:00+00:00,1,-0.039102731954228385
stage36b_ny_open_reversal_h4_atr075,ny_open,reversal,4,2024-11-15 13:00:00+00:00,2024-11-15 17:00:00+00:00,-1,0.039102731954228385
stage36b_ny_late_reversal_h8_atr075,ny_late,reversal,8,2024-11-15 18:00:00+00:00,2024-11-18 01:00:00+00:00,1,6.379768590983212
stage36b_ny_late_continuation_h8_atr075,ny_late,continuation,8,2024-11-15 18:00:00+00:00,2024-11-18 01:00:00+00:00,-1,-6.379768590983212
stage36b_london_open_continuation_h4_atr075,london_open,continuation,4,2024-11-18 08:00:00+00:00,2024-11-18 12:00:00+00:00,1,5.318325712275671
stage36b_london_open_reversal_h4_atr075,london_open,reversal,4,2024-11-18 08:00:00+00:00,2024-11-18 12:00:00+00:00,-1,-5.318325712275671
stage36b_ny_open_continuation_h4_atr075,ny_open,continuation,4,2024-11-18 13:00:00+00:00,2024-11-18 17:00:00+00:00,1,11.710338680926833
stage36b_ny_open_reversal_h4_atr075,ny_open,reversal,4,2024-11-18 13:00:00+00:00,2024-11-18 17:00:00+00:00,-1,-11.710338680926833
stage36b_ny_late_reversal_h8_atr075,ny_late,reversal,8,2024-11-18 18:00:00+00:00,2024-11-19 02:00:00+00:00,1,1.3107166337933622
stage36b_ny_late_continuation_h8_atr075,ny_late,continuation,8,2024-11-18 18:00:00+00:00,2024-11-19 02:00:00+00:00,-1,-1.3107166337933622
stage36b_london_open_continuation_h4_atr075,london_open,continuation,4,2024-11-19 08:00:00+00:00,2024-11-19 12:00:00+00:00,1,12.722031571722365
stage36b_london_open_reversal_h4_atr075,london_open,reversal,4,2024-11-19 08:00:00+00:00,2024-11-19 12:00:00+00:00,-1,-12.722031571722365
stage36b_ny_open_continuation_h4_atr075,ny_open,continuation,4,2024-11-19 13:00:00+00:00,2024-11-19 17:00:00+00:00,-1,4.898225716372515
stage36b_ny_open_reversal_h4_atr075,ny_open,reversal,4,2024-11-19 13:00:00+00:00,2024-11-19 17:00:00+00:00,1,-4.898225716372515
stage36b_ny_late_reversal_h8_atr075,ny_late,reversal,8,2024-11-19 18:00:00+00:00,2024-11-20 02:00:00+00:00,-1,-8.259877085162476
stage36b_ny_late_continuation_h8_atr075,ny_late,continuation,8,2024-11-19 18:00:00+00:00,2024-11-20 02:00:00+00:00,1,8.259877085162476
stage36b_london_open_continuation_h4_atr075,london_open,continuation,4,2024-11-20 08:00:00+00:00,2024-11-20 12:00:00+00:00,-1,5.370961145194313
stage36b_london_open_reversal_h4_atr075,london_open,reversal,4,2024-11-20 08:00:00+00:00,2024-11-20 12:00:00+00:00,1,-5.370961145194313
stage36b_ny_open_continuation_h4_atr075,ny_open,continuation,4,2024-11-20 13:00:00+00:00,2024-11-20 17:00:00+00:00,1,21.340602426059856
stage36b_ny_open_reversal_h4_atr075,ny_open,reversal,4,2024-11-20 13:00:00+00:00,2024-11-20 17:00:00+00:00,-1,-21.340602426059856
stage36b_ny_late_reversal_h8_atr075,ny_late,reversal,8,2024-11-20 18:00:00+00:00,2024-11-21 02:00:00+00:00,-1,-6.5186516853932766
stage36b_ny_late_continuation_h8_atr075,ny_late,continuation,8,2024-11-20 18:00:00+00:00,2024-11-21 02:00:00+00:00,1,6.5186516853932766
stage36b_london_open_continuation_h4_atr075,london_open,continuation,4,2024-11-21 08:00:00+00:00,2024-11-21 12:00:00+00:00,1,7.789001671354382
stage36b_london_open_reversal_h4_atr075,london_open,reversal,4,2024-11-21 08:00:00+00:00,2024-11-21 12:00:00+00:00,-1,-7.789001671354382
stage36b_ny_open_continuation_h4_atr075,ny_open,continuation,4,2024-11-21 13:00:00+00:00,2024-11-21 17:00:00+00:00,1,-3.255268964467938
stage36b_ny_open_reversal_h4_atr075,ny_open,reversal,4,2024-11-21 13:00:00+00:00,2024-11-21 17:00:00+00:00,-1,3.255268964467938
stage36b_ny_late_reversal_h8_atr075,ny_late,reversal,8,2024-11-21 18:00:00+00:00,2024-11-22 02:00:00+00:00,1,6.98136645962724
stage36b_ny_late_continuation_h8_atr075,ny_late,continuation,8,2024-11-21 18:00:00+00:00,2024-11-22 02:00:00+00:00,-1,-6.98136645962724
stage36b_london_open_continuation_h4_atr075,london_open,continuation,4,2024-11-22 08:00:00+00:00,2024-11-22 12:00:00+00:00,1,12.46405523037669
stage36b_london_open_reversal_h4_atr075,london_open,reversal,4,2024-11-22 08:00:00+00:00,2024-11-22 12:00:00+00:00,-1,-12.46405523037669
stage36b_ny_open_continuation_h4_atr075,ny_open,continuation,4,2024-11-22 13:00:00+00:00,2024-11-22 17:00:00+00:00,-1,-3.3616221379925744
stage36b_ny_open_reversal_h4_atr075,ny_open,reversal,4,2024-11-22 13:00:00+00:00,2024-11-22 17:00:00+00:00,1,3.3616221379925744
stage36b_ny_late_reversal_h8_atr075,ny_late,reversal,8,2024-11-22 18:00:00+00:00,2024-11-25 01:00:00+00:00,-1,-8.488384656942165
stage36b_ny_late_continuation_h8_atr075,ny_late,continuation,8,2024-11-22 18:00:00+00:00,2024-11-25 01:00:00+00:00,1,8.488384656942165
stage36b_london_open_continuation_h4_atr075,london_open,continuation,4,2024-11-25 08:00:00+00:00,2024-11-25 12:00:00+00:00,1,4.505783092138227
stage36b_london_open_reversal_h4_atr075,london_open,reversal,4,2024-11-25 08:00:00+00:00,2024-11-25 12:00:00+00:00,-1,-4.505783092138227
stage36b_ny_open_continuation_h4_atr075,ny_open,continuation,4,2024-11-25 13:00:00+00:00,2024-11-25 17:00:00+00:00,1,-24.19982316534038
stage36b_ny_open_reversal_h4_atr075,ny_open,reversal,4,2024-11-25 13:00:00+00:00,2024-11-25 17:00:00+00:00,-1,24.19982316534038
stage36b_ny_late_reversal_h8_atr075,ny_late,reversal,8,2024-11-25 18:00:00+00:00,2024-11-26 02:00:00+00:00,-1,4.412071571352071
stage36b_ny_late_continuation_h8_atr075,ny_late,continuation,8,2024-11-25 18:00:00+00:00,2024-11-26 02:00:00+00:00,1,-4.412071571352071
stage36b_london_open_continuation_h4_atr075,london_open,continuation,4,2024-11-26 08:00:00+00:00,2024-11-26 12:00:00+00:00,-1,-4.421426758060362
stage36b_london_open_reversal_h4_atr075,london_open,reversal,4,2024-11-26 08:00:00+00:00,2024-11-26 12:00:00+00:00,1,4.421426758060362
stage36b_ny_open_continuation_h4_atr075,ny_open,continuation,4,2024-11-26 13:00:00+00:00,2024-11-26 17:00:00+00:00,1,-1.9176272328951478
stage36b_ny_open_reversal_h4_atr075,ny_open,reversal,4,2024-11-26 13:00:00+00:00,2024-11-26 17:00:00+00:00,-1,1.9176272328951478
stage36b_ny_late_reversal_h8_atr075,ny_late,reversal,8,2024-11-26 18:00:00+00:00,2024-11-27 02:00:00+00:00,1,-0.5455098934551194
stage36b_ny_late_continuation_h8_atr075,ny_late,continuation,8,2024-11-26 18:00:00+00:00,2024-11-27 02:00:00+00:00,-1,0.5455098934551194
stage36b_london_open_continuation_h4_atr075,london_open,continuation,4,2024-11-27 08:00:00+00:00,2024-11-27 12:00:00+00:00,1,0.9981195323359959
stage36b_london_open_reversal_h4_atr075,london_open,reversal,4,2024-11-27 08:00:00+00:00,2024-11-27 12:00:00+00:00,-1,-0.9981195323359959
stage36b_ny_open_continuation_h4_atr075,ny_open,continuation,4,2024-11-27 13:00:00+00:00,2024-11-27 17:00:00+00:00,1,-7.436119228521261
stage36b_ny_open_reversal_h4_atr075,ny_open,reversal,4,2024-11-27 13:00:00+00:00,2024-11-27 17:00:00+00:00,-1,7.436119228521261
stage36b_ny_late_reversal_h8_atr075,ny_late,reversal,8,2024-11-27 18:00:00+00:00,2024-11-28 02:00:00+00:00,1,-2.4006410256410713
stage36b_ny_late_continuation_h8_atr075,ny_late,continuation,8,2024-11-27 18:00:00+00:00,2024-11-28 02:00:00+00:00,-1,2.4006410256410713
stage36b_london_open_continuation_h4_atr075,london_open,continuation,4,2024-11-28 08:00:00+00:00,2024-11-28 12:00:00+00:00,1,10.3005181347152
stage36b_london_open_reversal_h4_atr075,london_open,reversal,4,2024-11-28 08:00:00+00:00,2024-11-28 12:00:00+00:00,-1,-10.3005181347152
stage36b_ny_open_continuation_h4_atr075,ny_open,continuation,4,2024-11-28 13:00:00+00:00,2024-11-28 17:00:00+00:00,-1,7.950575408843118
stage36b_ny_open_reversal_h4_atr075,ny_open,reversal,4,2024-11-28 13:00:00+00:00,2024-11-28 17:00:00+00:00,1,-7.950575408843118
stage36b_ny_late_reversal_h8_atr075,ny_late,reversal,8,2024-11-28 18:00:00+00:00,2024-11-29 03:00:00+00:00,-1,-2.7183785812584556
stage36b_ny_late_continuation_h8_atr075,ny_late,continuation,8,2024-11-28 18:00:00+00:00,2024-11-29 03:00:00+00:00,1,2.7183785812584556
stage36b_london_open_continuation_h4_atr075,london_open,continuation,4,2024-11-29 08:00:00+00:00,2024-11-29 12:00:00+00:00,1,-2.3372569309706095
stage36b_london_open_reversal_h4_atr075,london_open,reversal,4,2024-11-29 08:00:00+00:00,2024-11-29 12:00:00+00:00,-1,2.3372569309706095
stage36b_ny_open_continuation_h4_atr075,ny_open,continuation,4,2024-11-29 13:00:00+00:00,2024-11-29 17:00:00+00:00,-1,0.5268183094636908
stage36b_ny_open_reversal_h4_atr075,ny_open,reversal,4,2024-11-29 13:00:00+00:00,2024-11-29 17:00:00+00:00,1,-0.5268183094636908
stage36b_ny_late_reversal_h8_atr075,ny_late,reversal,8,2024-11-29 18:00:00+00:00,2024-12-02 03:00:00+00:00,-1,21.779503679869652
stage36b_ny_late_continuation_h8_atr075,ny_late,continuation,8,2024-11-29 18:00:00+00:00,2024-12-02 03:00:00+00:00,1,-21.779503679869652
stage36b_london_open_continuation_h4_atr075,london_open,continuation,4,2024-12-02 08:00:00+00:00,2024-12-02 12:00:00+00:00,1,5.541579731743657
stage36b_london_open_reversal_h4_atr075,london_open,reversal,4,2024-12-02 08:00:00+00:00,2024-12-02 12:00:00+00:00,-1,-5.541579731743657
stage36b_ny_open_continuation_h4_atr075,ny_open,continuation,4,2024-12-02 13:00:00+00:00,2024-12-02 17:00:00+00:00,1,0.2775117337335803
stage36b_ny_open_reversal_h4_atr075,ny_open,reversal,4,2024-12-02 13:00:00+00:00,2024-12-02 17:00:00+00:00,-1,-0.2775117337335803
stage36b_ny_late_reversal_h8_atr075,ny_late,reversal,8,2024-12-02 18:00:00+00:00,2024-12-03 02:00:00+00:00,1,-0.1738792936155411
stage36b_ny_late_continuation_h8_atr075,ny_late,continuation,8,2024-12-02 18:00:00+00:00,2024-12-03 02:00:00+00:00,-1,0.1738792936155411
stage36b_london_open_continuation_h4_atr075,london_open,continuation,4,2024-12-03 08:00:00+00:00,2024-12-03 12:00:00+00:00,1,-3.9630189947891346
stage36b_london_open_reversal_h4_atr075,london_open,reversal,4,2024-12-03 08:00:00+00:00,2024-12-03 12:00:00+00:00,-1,3.9630189947891346
stage36b_ny_open_continuation_h4_atr075,ny_open,continuation,4,2024-12-03 13:00:00+00:00,2024-12-03 17:00:00+00:00,1,-3.2840239475794477
stage36b_ny_open_reversal_h4_atr075,ny_open,reversal,4,2024-12-03 13:00:00+00:00,2024-12-03 17:00:00+00:00,-1,3.2840239475794477
stage36b_ny_late_reversal_h8_atr075,ny_late,reversal,8,2024-12-03 18:00:00+00:00,2024-12-04 02:00:00+00:00,-1,6.055754511621586
stage36b_ny_late_continuation_h8_atr075,ny_late,continuation,8,2024-12-03 18:00:00+00:00,2024-12-04 02:00:00+00:00,1,-6.055754511621586
stage36b_london_open_continuation_h4_atr075,london_open,continuation,4,2024-12-04 08:00:00+00:00,2024-12-04 12:00:00+00:00,-1,6.040449438202142
stage36b_london_open_reversal_h4_atr075,london_open,reversal,4,2024-12-04 08:00:00+00:00,2024-12-04 12:00:00+00:00,1,-6.040449438202142
stage36b_ny_open_continuation_h4_atr075,ny_open,continuation,4,2024-12-04 13:00:00+00:00,2024-12-04 17:00:00+00:00,1,10.091299570472355
stage36b_ny_open_reversal_h4_atr075,ny_open,reversal,4,2024-12-04 13:00:00+00:00,2024-12-04 17:00:00+00:00,-1,-10.091299570472355
stage36b_ny_late_reversal_h8_atr075,ny_late,reversal,8,2024-12-04 18:00:00+00:00,2024-12-05 02:00:00+00:00,1,-1.0604543441979801
stage36b_ny_late_continuation_h8_atr075,ny_late,continuation,8,2024-12-04 18:00:00+00:00,2024-12-05 02:00:00+00:00,-1,1.0604543441979801
stage36b_london_open_continuation_h4_atr075,london_open,continuation,4,2024-12-05 08:00:00+00:00,2024-12-05 12:00:00+00:00,-1,-2.0777777777776905
stage36b_london_open_reversal_h4_atr075,london_open,reversal,4,2024-12-05 08:00:00+00:00,2024-12-05 12:00:00+00:00,1,2.0777777777776905
stage36b_ny_open_continuation_h4_atr075,ny_open,continuation,4,2024-12-05 13:00:00+00:00,2024-12-05 17:00:00+00:00,1,-11.679296784640322
stage36b_ny_open_reversal_h4_atr075,ny_open,reversal,4,2024-12-05 13:00:00+00:00,2024-12-05 17:00:00+00:00,-1,11.679296784640322
stage36b_ny_late_reversal_h8_atr075,ny_late,reversal,8,2024-12-05 18:00:00+00:00,2024-12-06 02:00:00+00:00,1,-4.933726647000846
stage36b_ny_late_continuation_h8_atr075,ny_late,continuation,8,2024-12-05 18:00:00+00:00,2024-12-06 02:00:00+00:00,-1,4.933726647000846
stage36b_london_open_continuation_h4_atr075,london_open,continuation,4,2024-12-06 08:00:00+00:00,2024-12-06 12:00:00+00:00,1,-3.6181156693012895
stage36b_london_open_reversal_h4_atr075,london_open,reversal,4,2024-12-06 08:00:00+00:00,2024-12-06 12:00:00+00:00,-1,3.6181156693012895
stage36b_ny_open_continuation_h4_atr075,ny_open,continuation,4,2024-12-06 13:00:00+00:00,2024-12-06 17:00:00+00:00,1,-0.6365560191063904
stage36b_ny_open_reversal_h4_atr075,ny_open,reversal,4,2024-12-06 13:00:00+00:00,2024-12-06 17:00:00+00:00,-1,0.6365560191063904
stage36b_ny_late_reversal_h8_atr075,ny_late,reversal,8,2024-12-06 18:00:00+00:00,2024-12-09 01:00:00+00:00,-1,0.2292799906415734
stage36b_ny_late_continuation_h8_atr075,ny_late,continuation,8,2024-12-06 18:00:00+00:00,2024-12-09 01:00:00+00:00,1,-0.2292799906415734
stage36b_london_open_continuation_h4_atr075,london_open,continuation,4,2024-12-09 08:00:00+00:00,2024-12-09 12:00:00+00:00,1,8.079624173899033
stage36b_london_open_reversal_h4_atr075,london_open,reversal,4,2024-12-09 08:00:00+00:00,2024-12-09 12:00:00+00:00,-1,-8.079624173899033
stage36b_ny_open_continuation_h4_atr075,ny_open,continuation,4,2024-12-09 13:00:00+00:00,2024-12-09 17:00:00+00:00,-1,-7.086746481831385
stage36b_ny_open_reversal_h4_atr075,ny_open,reversal,4,2024-12-09 13:00:00+00:00,2024-12-09 17:00:00+00:00,1,7.086746481831385
stage36b_ny_late_reversal_h8_atr075,ny_late,reversal,8,2024-12-09 18:00:00+00:00,2024-12-10 02:00:00+00:00,1,-1.9820390913895525
stage36b_ny_late_continuation_h8_atr075,ny_late,continuation,8,2024-12-09 18:00:00+00:00,2024-12-10 02:00:00+00:00,-1,1.9820390913895525
stage36b_london_open_continuation_h4_atr075,london_open,continuation,4,2024-12-10 08:00:00+00:00,2024-12-10 12:00:00+00:00,1,5.561379310344921
stage36b_london_open_reversal_h4_atr075,london_open,reversal,4,2024-12-10 08:00:00+00:00,2024-12-10 12:00:00+00:00,-1,-5.561379310344921
stage36b_ny_open_continuation_h4_atr075,ny_open,continuation,4,2024-12-10 13:00:00+00:00,2024-12-10 17:00:00+00:00,-1,-10.874862078149155
stage36b_ny_open_reversal_h4_atr075,ny_open,reversal,4,2024-12-10 13:00:00+00:00,2024-12-10 17:00:00+00:00,1,10.874862078149155
stage36b_ny_late_reversal_h8_atr075,ny_late,reversal,8,2024-12-10 18:00:00+00:00,2024-12-11 02:00:00+00:00,-1,-6.699356633628837
stage36b_ny_late_continuation_h8_atr075,ny_late,continuation,8,2024-12-10 18:00:00+00:00,2024-12-11 02:00:00+00:00,1,6.699356633628837
stage36b_london_open_continuation_h4_atr075,london_open,continuation,4,2024-12-11 08:00:00+00:00,2024-12-11 12:00:00+00:00,1,-1.292281532762549
stage36b_london_open_reversal_h4_atr075,london_open,reversal,4,2024-12-11 08:00:00+00:00,2024-12-11 12:00:00+00:00,-1,1.292281532762549
stage36b_ny_open_continuation_h4_atr075,ny_open,continuation,4,2024-12-11 13:00:00+00:00,2024-12-11 17:00:00+00:00,1,9.618254702435985
stage36b_ny_open_reversal_h4_atr075,ny_open,reversal,4,2024-12-11 13:00:00+00:00,2024-12-11 17:00:00+00:00,-1,-9.618254702435985
stage36b_ny_late_reversal_h8_atr075,ny_late,reversal,8,2024-12-11 18:00:00+00:00,2024-12-12 02:00:00+00:00,-1,-4.93910469848296
stage36b_ny_late_continuation_h8_atr075,ny_late,continuation,8,2024-12-11 18:00:00+00:00,2024-12-12 02:00:00+00:00,1,4.93910469848296
stage36b_london_open_continuation_h4_atr075,london_open,continuation,4,2024-12-12 08:00:00+00:00,2024-12-12 12:00:00+00:00,1,-4.885264555281686
stage36b_london_open_reversal_h4_atr075,london_open,reversal,4,2024-12-12 08:00:00+00:00,2024-12-12 12:00:00+00:00,-1,4.885264555281686
stage36b_ny_open_continuation_h4_atr075,ny_open,continuation,4,2024-12-12 13:00:00+00:00,2024-12-12 17:00:00+00:00,-1,22.438687392055428
stage36b_ny_open_reversal_h4_atr075,ny_open,reversal,4,2024-12-12 13:00:00+00:00,2024-12-12 17:00:00+00:00,1,-22.438687392055428
stage36b_ny_late_reversal_h8_atr075,ny_late,reversal,8,2024-12-12 18:00:00+00:00,2024-12-13 02:00:00+00:00,-1,-1.2744513681928156
stage36b_ny_late_continuation_h8_atr075,ny_late,continuation,8,2024-12-12 18:00:00+00:00,2024-12-13 02:00:00+00:00,1,1.2744513681928156
stage36b_london_open_continuation_h4_atr075,london_open,continuation,4,2024-12-13 08:00:00+00:00,2024-12-13 12:00:00+00:00,1,-23.061628792972083
stage36b_london_open_reversal_h4_atr075,london_open,reversal,4,2024-12-13 08:00:00+00:00,2024-12-13 12:00:00+00:00,-1,23.061628792972083
stage36b_ny_open_continuation_h4_atr075,ny_open,continuation,4,2024-12-13 13:00:00+00:00,2024-12-13 17:00:00+00:00,-1,4.033632853379332
stage36b_ny_open_reversal_h4_atr075,ny_open,reversal,4,2024-12-13 13:00:00+00:00,2024-12-13 17:00:00+00:00,1,-4.033632853379332
stage36b_ny_late_reversal_h8_atr075,ny_late,reversal,8,2024-12-13 18:00:00+00:00,2024-12-16 01:00:00+00:00,-1,7.797837697016694
stage36b_ny_late_continuation_h8_atr075,ny_late,continuation,8,2024-12-13 18:00:00+00:00,2024-12-16 01:00:00+00:00,1,-7.797837697016694
stage36b_london_open_continuation_h4_atr075,london_open,continuation,4,2024-12-16 08:00:00+00:00,2024-12-16 12:00:00+00:00,1,5.393057110862141
stage36b_london_open_reversal_h4_atr075,london_open,reversal,4,2024-12-16 08:00:00+00:00,2024-12-16 12:00:00+00:00,-1,-5.393057110862141
stage36b_ny_open_continuation_h4_atr075,ny_open,continuation,4,2024-12-16 13:00:00+00:00,2024-12-16 17:00:00+00:00,1,-8.931794333683472
stage36b_ny_open_reversal_h4_atr075,ny_open,reversal,4,2024-12-16 13:00:00+00:00,2024-12-16 17:00:00+00:00,-1,8.931794333683472
stage36b_ny_late_reversal_h8_atr075,ny_late,reversal,8,2024-12-16 18:00:00+00:00,2024-12-17 02:00:00+00:00,1,3.251963639573249
stage36b_ny_late_continuation_h8_atr075,ny_late,continuation,8,2024-12-16 18:00:00+00:00,2024-12-17 02:00:00+00:00,-1,-3.251963639573249
stage36b_london_open_continuation_h4_atr075,london_open,continuation,4,2024-12-17 08:00:00+00:00,2024-12-17 12:00:00+00:00,-1,13.611440845627664
stage36b_london_open_reversal_h4_atr075,london_open,reversal,4,2024-12-17 08:00:00+00:00,2024-12-17 12:00:00+00:00,1,-13.611440845627664
stage36b_ny_open_continuation_h4_atr075,ny_open,continuation,4,2024-12-17 13:00:00+00:00,2024-12-17 17:00:00+00:00,1,-1.6686269897279693
stage36b_ny_open_reversal_h4_atr075,ny_open,reversal,4,2024-12-17 13:00:00+00:00,2024-12-17 17:00:00+00:00,-1,1.6686269897279693
stage36b_ny_late_reversal_h8_atr075,ny_late,reversal,8,2024-12-17 18:00:00+00:00,2024-12-18 02:00:00+00:00,1,8.231086657496435
stage36b_ny_late_continuation_h8_atr075,ny_late,continuation,8,2024-12-17 18:00:00+00:00,2024-12-18 02:00:00+00:00,-1,-8.231086657496435
stage36b_london_open_continuation_h4_atr075,london_open,continuation,4,2024-12-18 08:00:00+00:00,2024-12-18 12:00:00+00:00,-1,-2.0365867017201382
stage36b_london_open_reversal_h4_atr075,london_open,reversal,4,2024-12-18 08:00:00+00:00,2024-12-18 12:00:00+00:00,1,2.0365867017201382
stage36b_ny_open_continuation_h4_atr075,ny_open,continuation,4,2024-12-18 13:00:00+00:00,2024-12-18 17:00:00+00:00,-1,10.382756071204993
stage36b_ny_open_reversal_h4_atr075,ny_open,reversal,4,2024-12-18 13:00:00+00:00,2024-12-18 17:00:00+00:00,1,-10.382756071204993
stage36b_ny_late_reversal_h8_atr075,ny_late,reversal,8,2024-12-18 18:00:00+00:00,2024-12-19 02:00:00+00:00,1,-43.493223335296605
stage36b_ny_late_continuation_h8_atr075,ny_late,continuation,8,2024-12-18 18:00:00+00:00,2024-12-19 02:00:00+00:00,-1,43.493223335296605
stage36b_london_open_continuation_h4_atr075,london_open,continuation,4,2024-12-19 08:00:00+00:00,2024-12-19 12:00:00+00:00,1,2.7491168651444946
stage36b_london_open_reversal_h4_atr075,london_open,reversal,4,2024-12-19 08:00:00+00:00,2024-12-19 12:00:00+00:00,-1,-2.7491168651444946
stage36b_ny_open_continuation_h4_atr075,ny_open,continuation,4,2024-12-19 13:00:00+00:00,2024-12-19 17:00:00+00:00,-1,17.049538338017054
stage36b_ny_open_reversal_h4_atr075,ny_open,reversal,4,2024-12-19 13:00:00+00:00,2024-12-19 17:00:00+00:00,1,-17.049538338017054
stage36b_ny_late_reversal_h8_atr075,ny_late,reversal,8,2024-12-19 18:00:00+00:00,2024-12-20 02:00:00+00:00,-1,0.6477076253504424
stage36b_ny_late_continuation_h8_atr075,ny_late,continuation,8,2024-12-19 18:00:00+00:00,2024-12-20 02:00:00+00:00,1,-0.6477076253504424
stage36b_london_open_continuation_h4_atr075,london_open,continuation,4,2024-12-20 08:00:00+00:00,2024-12-20 12:00:00+00:00,1,-0.40900212314209
stage36b_london_open_reversal_h4_atr075,london_open,reversal,4,2024-12-20 08:00:00+00:00,2024-12-20 12:00:00+00:00,-1,0.40900212314209
stage36b_ny_open_continuation_h4_atr075,ny_open,continuation,4,2024-12-20 13:00:00+00:00,2024-12-20 17:00:00+00:00,-1,-26.84801427933945
stage36b_ny_open_reversal_h4_atr075,ny_open,reversal,4,2024-12-20 13:00:00+00:00,2024-12-20 17:00:00+00:00,1,26.84801427933945
stage36b_ny_late_reversal_h8_atr075,ny_late,reversal,8,2024-12-20 18:00:00+00:00,2024-12-23 01:00:00+00:00,1,-0.7944152014035062
stage36b_ny_late_continuation_h8_atr075,ny_late,continuation,8,2024-12-20 18:00:00+00:00,2024-12-23 01:00:00+00:00,-1,0.7944152014035062
stage36b_london_open_continuation_h4_atr075,london_open,continuation,4,2024-12-23 08:00:00+00:00,2024-12-23 12:00:00+00:00,1,-12.488694383661521
stage36b_london_open_reversal_h4_atr075,london_open,reversal,4,2024-12-23 08:00:00+00:00,2024-12-23 12:00:00+00:00,-1,12.488694383661521
stage36b_ny_open_continuation_h4_atr075,ny_open,continuation,4,2024-12-23 13:00:00+00:00,2024-12-23 17:00:00+00:00,-1,6.0235915202507675
stage36b_ny_open_reversal_h4_atr075,ny_open,reversal,4,2024-12-23 13:00:00+00:00,2024-12-23 17:00:00+00:00,1,-6.0235915202507675
stage36b_ny_late_reversal_h8_atr075,ny_late,reversal,8,2024-12-23 18:00:00+00:00,2024-12-24 02:00:00+00:00,-1,-0.7904152305926112
stage36b_ny_late_continuation_h8_atr075,ny_late,continuation,8,2024-12-23 18:00:00+00:00,2024-12-24 02:00:00+00:00,1,0.7904152305926112
stage36b_london_open_continuation_h4_atr075,london_open,continuation,4,2024-12-24 08:00:00+00:00,2024-12-24 12:00:00+00:00,-1,4.70221066319875
stage36b_london_open_reversal_h4_atr075,london_open,reversal,4,2024-12-24 08:00:00+00:00,2024-12-24 12:00:00+00:00,1,-4.70221066319875
stage36b_ny_open_continuation_h4_atr075,ny_open,continuation,4,2024-12-24 13:00:00+00:00,2024-12-24 17:00:00+00:00,-1,4.8008288008287625
stage36b_ny_open_reversal_h4_atr075,ny_open,reversal,4,2024-12-24 13:00:00+00:00,2024-12-24 17:00:00+00:00,1,-4.8008288008287625
stage36b_ny_late_reversal_h8_atr075,ny_late,reversal,8,2024-12-24 18:00:00+00:00,2024-12-26 05:00:00+00:00,-1,-14.556390977443524
stage36b_ny_late_continuation_h8_atr075,ny_late,continuation,8,2024-12-24 18:00:00+00:00,2024-12-26 05:00:00+00:00,1,14.556390977443524
stage36b_london_open_continuation_h4_atr075,london_open,continuation,4,2024-12-26 08:00:00+00:00,2024-12-26 12:00:00+00:00,-1,-2.8752238805969528
stage36b_london_open_reversal_h4_atr075,london_open,reversal,4,2024-12-26 08:00:00+00:00,2024-12-26 12:00:00+00:00,1,2.8752238805969528
stage36b_ny_open_continuation_h4_atr075,ny_open,continuation,4,2024-12-26 13:00:00+00:00,2024-12-26 17:00:00+00:00,-1,-11.322074499940308
stage36b_ny_open_reversal_h4_atr075,ny_open,reversal,4,2024-12-26 13:00:00+00:00,2024-12-26 17:00:00+00:00,1,11.322074499940308
stage36b_ny_late_reversal_h8_atr075,ny_late,reversal,8,2024-12-26 18:00:00+00:00,2024-12-27 02:00:00+00:00,1,-0.4923580227984792
stage36b_ny_late_continuation_h8_atr075,ny_late,continuation,8,2024-12-26 18:00:00+00:00,2024-12-27 02:00:00+00:00,-1,0.4923580227984792
stage36b_london_open_continuation_h4_atr075,london_open,continuation,4,2024-12-27 08:00:00+00:00,2024-12-27 12:00:00+00:00,1,-12.160645812310092
stage36b_london_open_reversal_h4_atr075,london_open,reversal,4,2024-12-27 08:00:00+00:00,2024-12-27 12:00:00+00:00,-1,12.160645812310092
stage36b_ny_open_continuation_h4_atr075,ny_open,continuation,4,2024-12-27 13:00:00+00:00,2024-12-27 17:00:00+00:00,1,-14.090064331665278
stage36b_ny_open_reversal_h4_atr075,ny_open,reversal,4,2024-12-27 13:00:00+00:00,2024-12-27 17:00:00+00:00,-1,14.090064331665278
stage36b_ny_late_reversal_h8_atr075,ny_late,reversal,8,2024-12-27 18:00:00+00:00,2024-12-30 01:00:00+00:00,1,6.249275362319124
stage36b_ny_late_continuation_h8_atr075,ny_late,continuation,8,2024-12-27 18:00:00+00:00,2024-12-30 01:00:00+00:00,-1,-6.249275362319124
stage36b_london_open_continuation_h4_atr075,london_open,continuation,4,2024-12-30 08:00:00+00:00,2024-12-30 12:00:00+00:00,-1,8.661174594738235
stage36b_london_open_reversal_h4_atr075,london_open,reversal,4,2024-12-30 08:00:00+00:00,2024-12-30 12:00:00+00:00,1,-8.661174594738235
stage36b_ny_open_continuation_h4_atr075,ny_open,continuation,4,2024-12-30 13:00:00+00:00,2024-12-30 17:00:00+00:00,1,-13.97838394235687
stage36b_ny_open_reversal_h4_atr075,ny_open,reversal,4,2024-12-30 13:00:00+00:00,2024-12-30 17:00:00+00:00,-1,13.97838394235687
stage36b_ny_late_reversal_h8_atr075,ny_late,reversal,8,2024-12-30 18:00:00+00:00,2024-12-31 02:00:00+00:00,1,5.692658634537998
stage36b_ny_late_continuation_h8_atr075,ny_late,continuation,8,2024-12-30 18:00:00+00:00,2024-12-31 02:00:00+00:00,-1,-5.692658634537998
stage36b_london_open_continuation_h4_atr075,london_open,continuation,4,2024-12-31 08:00:00+00:00,2024-12-31 12:00:00+00:00,1,5.173583543847175
stage36b_london_open_reversal_h4_atr075,london_open,reversal,4,2024-12-31 08:00:00+00:00,2024-12-31 12:00:00+00:00,-1,-5.173583543847175
stage36b_ny_open_continuation_h4_atr075,ny_open,continuation,4,2024-12-31 13:00:00+00:00,2024-12-31 17:00:00+00:00,-1,-17.906319864768726
stage36b_ny_open_reversal_h4_atr075,ny_open,reversal,4,2024-12-31 13:00:00+00:00,2024-12-31 17:00:00+00:00,1,17.906319864768726
stage36b_ny_late_reversal_h8_atr075,ny_late,reversal,8,2024-12-31 18:00:00+00:00,2025-01-02 02:00:00+00:00,1,0.11822980105572196
stage36b_ny_late_continuation_h8_atr075,ny_late,continuation,8,2024-12-31 18:00:00+00:00,2025-01-02 02:00:00+00:00,-1,-0.11822980105572196
stage36b_london_open_continuation_h4_atr075,london_open,continuation,4,2025-01-02 08:00:00+00:00,2025-01-02 12:00:00+00:00,1,10.05853863971308
stage36b_london_open_reversal_h4_atr075,london_open,reversal,4,2025-01-02 08:00:00+00:00,2025-01-02 12:00:00+00:00,-1,-10.05853863971308
stage36b_ny_open_continuation_h4_atr075,ny_open,continuation,4,2025-01-02 13:00:00+00:00,2025-01-02 17:00:00+00:00,-1,-12.102426598739225
stage36b_ny_open_reversal_h4_atr075,ny_open,reversal,4,2025-01-02 13:00:00+00:00,2025-01-02 17:00:00+00:00,1,12.102426598739225
stage36b_ny_late_reversal_h8_atr075,ny_late,reversal,8,2025-01-02 18:00:00+00:00,2025-01-03 02:00:00+00:00,-1,-1.1459215354221575
stage36b_ny_late_continuation_h8_atr075,ny_late,continuation,8,2025-01-02 18:00:00+00:00,2025-01-03 02:00:00+00:00,1,1.1459215354221575
stage36b_london_open_continuation_h4_atr075,london_open,continuation,4,2025-01-03 08:00:00+00:00,2025-01-03 12:00:00+00:00,1,-2.200370871548172
stage36b_london_open_reversal_h4_atr075,london_open,reversal,4,2025-01-03 08:00:00+00:00,2025-01-03 12:00:00+00:00,-1,2.200370871548172
stage36b_ny_open_continuation_h4_atr075,ny_open,continuation,4,2025-01-03 13:00:00+00:00,2025-01-03 17:00:00+00:00,-1,15.908401671050658
stage36b_ny_open_reversal_h4_atr075,ny_open,reversal,4,2025-01-03 13:00:00+00:00,2025-01-03 17:00:00+00:00,1,-15.908401671050658
stage36b_ny_late_reversal_h8_atr075,ny_late,reversal,8,2025-01-03 18:00:00+00:00,2025-01-06 01:00:00+00:00,1,0.9606994102853529
stage36b_ny_late_continuation_h8_atr075,ny_late,continuation,8,2025-01-03 18:00:00+00:00,2025-01-06 01:00:00+00:00,-1,-0.9606994102853529
stage36b_london_open_continuation_h4_atr075,london_open,continuation,4,2025-01-06 08:00:00+00:00,2025-01-06 12:00:00+00:00,-1,-2.6132762748993303
stage36b_london_open_reversal_h4_atr075,london_open,reversal,4,2025-01-06 08:00:00+00:00,2025-01-06 12:00:00+00:00,1,2.6132762748993303
stage36b_ny_open_continuation_h4_atr075,ny_open,continuation,4,2025-01-06 13:00:00+00:00,2025-01-06 17:00:00+00:00,1,-9.459006582884433
stage36b_ny_open_reversal_h4_atr075,ny_open,reversal,4,2025-01-06 13:00:00+00:00,2025-01-06 17:00:00+00:00,-1,9.459006582884433
stage36b_ny_late_reversal_h8_atr075,ny_late,reversal,8,2025-01-06 18:00:00+00:00,2025-01-07 02:00:00+00:00,-1,3.2014218009478483
stage36b_ny_late_continuation_h8_atr075,ny_late,continuation,8,2025-01-06 18:00:00+00:00,2025-01-07 02:00:00+00:00,1,-3.2014218009478483
stage36b_london_open_continuation_h4_atr075,london_open,continuation,4,2025-01-07 08:00:00+00:00,2025-01-07 12:00:00+00:00,-1,-4.70094438614886
stage36b_london_open_reversal_h4_atr075,london_open,reversal,4,2025-01-07 08:00:00+00:00,2025-01-07 12:00:00+00:00,1,4.70094438614886
stage36b_ny_open_continuation_h4_atr075,ny_open,continuation,4,2025-01-07 13:00:00+00:00,2025-01-07 17:00:00+00:00,1,-0.9560078791860616
stage36b_ny_open_reversal_h4_atr075,ny_open,reversal,4,2025-01-07 13:00:00+00:00,2025-01-07 17:00:00+00:00,-1,0.9560078791860616
stage36b_ny_late_reversal_h8_atr075,ny_late,reversal,8,2025-01-07 18:00:00+00:00,2025-01-08 02:00:00+00:00,-1,0.9279721496954255
stage36b_ny_late_continuation_h8_atr075,ny_late,continuation,8,2025-01-07 18:00:00+00:00,2025-01-08 02:00:00+00:00,1,-0.9279721496954255
stage36b_london_open_continuation_h4_atr075,london_open,continuation,4,2025-01-08 08:00:00+00:00,2025-01-08 12:00:00+00:00,1,1.5745936107448375
stage36b_london_open_reversal_h4_atr075,london_open,reversal,4,2025-01-08 08:00:00+00:00,2025-01-08 12:00:00+00:00,-1,-1.5745936107448375
stage36b_ny_open_continuation_h4_atr075,ny_open,continuation,4,2025-01-08 13:00:00+00:00,2025-01-08 17:00:00+00:00,-1,-22.65488621151173
stage36b_ny_open_reversal_h4_atr075,ny_open,reversal,4,2025-01-08 13:00:00+00:00,2025-01-08 17:00:00+00:00,1,22.65488621151173
stage36b_ny_late_reversal_h8_atr075,ny_late,reversal,8,2025-01-08 18:00:00+00:00,2025-01-09 02:00:00+00:00,-1,9.951417751916164
stage36b_ny_late_continuation_h8_atr075,ny_late,continuation,8,2025-01-08 18:00:00+00:00,2025-01-09 02:00:00+00:00,1,-9.951417751916164
stage36b_london_open_continuation_h4_atr075,london_open,continuation,4,2025-01-09 08:00:00+00:00,2025-01-09 12:00:00+00:00,1,0.7328051712584618
stage36b_london_open_reversal_h4_atr075,london_open,reversal,4,2025-01-09 08:00:00+00:00,2025-01-09 12:00:00+00:00,-1,-0.7328051712584618
stage36b_ny_open_continuation_h4_atr075,ny_open,continuation,4,2025-01-09 13:00:00+00:00,2025-01-09 17:00:00+00:00,1,-2.2581783356016047
stage36b_ny_open_reversal_h4_atr075,ny_open,reversal,4,2025-01-09 13:00:00+00:00,2025-01-09 17:00:00+00:00,-1,2.2581783356016047
stage36b_ny_late_reversal_h8_atr075,ny_late,reversal,8,2025-01-09 18:00:00+00:00,2025-01-10 02:00:00+00:00,1,2.763336280577948
stage36b_ny_late_continuation_h8_atr075,ny_late,continuation,8,2025-01-09 18:00:00+00:00,2025-01-10 02:00:00+00:00,-1,-2.763336280577948
stage36b_london_open_continuation_h4_atr075,london_open,continuation,4,2025-01-10 08:00:00+00:00,2025-01-10 12:00:00+00:00,1,4.43627555745498
stage36b_london_open_reversal_h4_atr075,london_open,reversal,4,2025-01-10 08:00:00+00:00,2025-01-10 12:00:00+00:00,-1,-4.43627555745498
stage36b_ny_open_continuation_h4_atr075,ny_open,continuation,4,2025-01-10 13:00:00+00:00,2025-01-10 17:00:00+00:00,1,17.249775939331034
stage36b_ny_open_reversal_h4_atr075,ny_open,reversal,4,2025-01-10 13:00:00+00:00,2025-01-10 17:00:00+00:00,-1,-17.249775939331034
stage36b_ny_late_reversal_h8_atr075,ny_late,reversal,8,2025-01-10 18:00:00+00:00,2025-01-13 01:00:00+00:00,-1,3.805294849799669
stage36b_ny_late_continuation_h8_atr075,ny_late,continuation,8,2025-01-10 18:00:00+00:00,2025-01-13 01:00:00+00:00,1,-3.805294849799669
stage36b_london_open_continuation_h4_atr075,london_open,continuation,4,2025-01-13 08:00:00+00:00,2025-01-13 12:00:00+00:00,1,-9.369059011164039
stage36b_london_open_reversal_h4_atr075,london_open,reversal,4,2025-01-13 08:00:00+00:00,2025-01-13 12:00:00+00:00,-1,9.369059011164039
stage36b_ny_open_continuation_h4_atr075,ny_open,continuation,4,2025-01-13 13:00:00+00:00,2025-01-13 17:00:00+00:00,-1,12.920077014460919
stage36b_ny_open_reversal_h4_atr075,ny_open,reversal,4,2025-01-13 13:00:00+00:00,2025-01-13 17:00:00+00:00,1,-12.920077014460919
stage36b_ny_late_reversal_h8_atr075,ny_late,reversal,8,2025-01-13 18:00:00+00:00,2025-01-14 02:00:00+00:00,1,7.21676808654471
stage36b_ny_late_continuation_h8_atr075,ny_late,continuation,8,2025-01-13 18:00:00+00:00,2025-01-14 02:00:00+00:00,-1,-7.21676808654471
stage36b_london_open_continuation_h4_atr075,london_open,continuation,4,2025-01-14 08:00:00+00:00,2025-01-14 12:00:00+00:00,1,-2.4018938866452593
stage36b_london_open_reversal_h4_atr075,london_open,reversal,4,2025-01-14 08:00:00+00:00,2025-01-14 12:00:00+00:00,-1,2.4018938866452593
stage36b_ny_open_continuation_h4_atr075,ny_open,continuation,4,2025-01-14 13:00:00+00:00,2025-01-14 17:00:00+00:00,1,2.6804986804988005
stage36b_ny_open_reversal_h4_atr075,ny_open,reversal,4,2025-01-14 13:00:00+00:00,2025-01-14 17:00:00+00:00,-1,-2.6804986804988005
stage36b_ny_late_reversal_h8_atr075,ny_late,reversal,8,2025-01-14 18:00:00+00:00,2025-01-15 02:00:00+00:00,1,0.9420812304736146
stage36b_ny_late_continuation_h8_atr075,ny_late,continuation,8,2025-01-14 18:00:00+00:00,2025-01-15 02:00:00+00:00,-1,-0.9420812304736146
stage36b_london_open_continuation_h4_atr075,london_open,continuation,4,2025-01-15 08:00:00+00:00,2025-01-15 12:00:00+00:00,1,8.877900672305222
stage36b_london_open_reversal_h4_atr075,london_open,reversal,4,2025-01-15 08:00:00+00:00,2025-01-15 12:00:00+00:00,-1,-8.877900672305222
stage36b_ny_open_continuation_h4_atr075,ny_open,continuation,4,2025-01-15 13:00:00+00:00,2025-01-15 17:00:00+00:00,-1,10.196877567789672
stage36b_ny_open_reversal_h4_atr075,ny_open,reversal,4,2025-01-15 13:00:00+00:00,2025-01-15 17:00:00+00:00,1,-10.196877567789672
stage36b_ny_late_reversal_h8_atr075,ny_late,reversal,8,2025-01-15 18:00:00+00:00,2025-01-16 02:00:00+00:00,-1,-5.0793650793649485
stage36b_ny_late_continuation_h8_atr075,ny_late,continuation,8,2025-01-15 18:00:00+00:00,2025-01-16 02:00:00+00:00,1,5.0793650793649485
stage36b_london_open_continuation_h4_atr075,london_open,continuation,4,2025-01-16 08:00:00+00:00,2025-01-16 12:00:00+00:00,-1,-18.269922126588337
stage36b_london_open_reversal_h4_atr075,london_open,reversal,4,2025-01-16 08:00:00+00:00,2025-01-16 12:00:00+00:00,1,18.269922126588337
stage36b_ny_open_continuation_h4_atr075,ny_open,continuation,4,2025-01-16 13:00:00+00:00,2025-01-16 17:00:00+00:00,-1,-11.406809001731457
stage36b_ny_open_reversal_h4_atr075,ny_open,reversal,4,2025-01-16 13:00:00+00:00,2025-01-16 17:00:00+00:00,1,11.406809001731457
stage36b_ny_late_reversal_h8_atr075,ny_late,reversal,8,2025-01-16 18:00:00+00:00,2025-01-17 02:00:00+00:00,-1,4.761203192142456
stage36b_ny_late_continuation_h8_atr075,ny_late,continuation,8,2025-01-16 18:00:00+00:00,2025-01-17 02:00:00+00:00,1,-4.761203192142456
stage36b_london_open_continuation_h4_atr075,london_open,continuation,4,2025-01-17 08:00:00+00:00,2025-01-17 12:00:00+00:00,1,-12.847655463875606
stage36b_london_open_reversal_h4_atr075,london_open,reversal,4,2025-01-17 08:00:00+00:00,2025-01-17 12:00:00+00:00,-1,12.847655463875606
stage36b_ny_open_continuation_h4_atr075,ny_open,continuation,4,2025-01-17 13:00:00+00:00,2025-01-17 17:00:00+00:00,1,8.911693623350248
stage36b_ny_open_reversal_h4_atr075,ny_open,reversal,4,2025-01-17 13:00:00+00:00,2025-01-17 17:00:00+00:00,-1,-8.911693623350248
stage36b_ny_late_reversal_h8_atr075,ny_late,reversal,8,2025-01-17 18:00:00+00:00,2025-01-20 01:00:00+00:00,-1,21.006708836496262
stage36b_ny_late_continuation_h8_atr075,ny_late,continuation,8,2025-01-17 18:00:00+00:00,2025-01-20 01:00:00+00:00,1,-21.006708836496262
stage36b_london_open_continuation_h4_atr075,london_open,continuation,4,2025-01-20 08:00:00+00:00,2025-01-20 12:00:00+00:00,1,-2.5047641546579795
stage36b_london_open_reversal_h4_atr075,london_open,reversal,4,2025-01-20 08:00:00+00:00,2025-01-20 12:00:00+00:00,-1,2.5047641546579795
stage36b_ny_open_continuation_h4_atr075,ny_open,continuation,4,2025-01-20 13:00:00+00:00,2025-01-20 17:00:00+00:00,-1,1.0521371535930897
stage36b_ny_open_reversal_h4_atr075,ny_open,reversal,4,2025-01-20 13:00:00+00:00,2025-01-20 17:00:00+00:00,1,-1.0521371535930897
stage36b_ny_late_reversal_h8_atr075,ny_late,reversal,8,2025-01-20 18:00:00+00:00,2025-01-21 03:00:00+00:00,-1,-9.092571074444304
stage36b_ny_late_continuation_h8_atr075,ny_late,continuation,8,2025-01-20 18:00:00+00:00,2025-01-21 03:00:00+00:00,1,9.092571074444304
stage36b_london_open_continuation_h4_atr075,london_open,continuation,4,2025-01-21 08:00:00+00:00,2025-01-21 12:00:00+00:00,-1,3.560475430193369
stage36b_london_open_reversal_h4_atr075,london_open,reversal,4,2025-01-21 08:00:00+00:00,2025-01-21 12:00:00+00:00,1,-3.560475430193369
stage36b_ny_open_continuation_h4_atr075,ny_open,continuation,4,2025-01-21 13:00:00+00:00,2025-01-21 17:00:00+00:00,1,10.470353761833694
stage36b_ny_open_reversal_h4_atr075,ny_open,reversal,4,2025-01-21 13:00:00+00:00,2025-01-21 17:00:00+00:00,-1,-10.470353761833694
stage36b_ny_late_reversal_h8_atr075,ny_late,reversal,8,2025-01-21 18:00:00+00:00,2025-01-22 02:00:00+00:00,-1,-3.972693904154303
stage36b_ny_late_continuation_h8_atr075,ny_late,continuation,8,2025-01-21 18:00:00+00:00,2025-01-22 02:00:00+00:00,1,3.972693904154303
stage36b_london_open_continuation_h4_atr075,london_open,continuation,4,2025-01-22 08:00:00+00:00,2025-01-22 12:00:00+00:00,-1,-12.973309147447411
stage36b_london_open_reversal_h4_atr075,london_open,reversal,4,2025-01-22 08:00:00+00:00,2025-01-22 12:00:00+00:00,1,12.973309147447411
stage36b_ny_open_continuation_h4_atr075,ny_open,continuation,4,2025-01-22 13:00:00+00:00,2025-01-22 17:00:00+00:00,-1,-2.560340244550964
stage36b_ny_open_reversal_h4_atr075,ny_open,reversal,4,2025-01-22 13:00:00+00:00,2025-01-22 17:00:00+00:00,1,2.560340244550964
stage36b_ny_late_reversal_h8_atr075,ny_late,reversal,8,2025-01-22 18:00:00+00:00,2025-01-23 02:00:00+00:00,1,-2.2226151881325773
stage36b_ny_late_continuation_h8_atr075,ny_late,continuation,8,2025-01-22 18:00:00+00:00,2025-01-23 02:00:00+00:00,-1,2.2226151881325773
stage36b_london_open_continuation_h4_atr075,london_open,continuation,4,2025-01-23 08:00:00+00:00,2025-01-23 12:00:00+00:00,1,-3.3427895981085904
stage36b_london_open_reversal_h4_atr075,london_open,reversal,4,2025-01-23 08:00:00+00:00,2025-01-23 12:00:00+00:00,-1,3.3427895981085904
stage36b_ny_open_continuation_h4_atr075,ny_open,continuation,4,2025-01-23 13:00:00+00:00,2025-01-23 17:00:00+00:00,1,-7.052195526097336
stage36b_ny_open_reversal_h4_atr075,ny_open,reversal,4,2025-01-23 13:00:00+00:00,2025-01-23 17:00:00+00:00,-1,7.052195526097336
stage36b_ny_late_reversal_h8_atr075,ny_late,reversal,8,2025-01-23 18:00:00+00:00,2025-01-24 02:00:00+00:00,-1,-4.584304916747022
stage36b_ny_late_continuation_h8_atr075,ny_late,continuation,8,2025-01-23 18:00:00+00:00,2025-01-24 02:00:00+00:00,1,4.584304916747022
stage36b_london_open_continuation_h4_atr075,london_open,continuation,4,2025-01-24 08:00:00+00:00,2025-01-24 12:00:00+00:00,-1,-1.8024310905667964
stage36b_london_open_reversal_h4_atr075,london_open,reversal,4,2025-01-24 08:00:00+00:00,2025-01-24 12:00:00+00:00,1,1.8024310905667964
stage36b_ny_open_continuation_h4_atr075,ny_open,continuation,4,2025-01-24 13:00:00+00:00,2025-01-24 17:00:00+00:00,1,-0.769574944071706
stage36b_ny_open_reversal_h4_atr075,ny_open,reversal,4,2025-01-24 13:00:00+00:00,2025-01-24 17:00:00+00:00,-1,0.769574944071706
stage36b_ny_late_reversal_h8_atr075,ny_late,reversal,8,2025-01-24 18:00:00+00:00,2025-01-27 01:00:00+00:00,1,-4.162236015146013
stage36b_ny_late_continuation_h8_atr075,ny_late,continuation,8,2025-01-24 18:00:00+00:00,2025-01-27 01:00:00+00:00,-1,4.162236015146013
stage36b_london_open_continuation_h4_atr075,london_open,continuation,4,2025-01-27 08:00:00+00:00,2025-01-27 12:00:00+00:00,1,12.988047116095313
stage36b_london_open_reversal_h4_atr075,london_open,reversal,4,2025-01-27 08:00:00+00:00,2025-01-27 12:00:00+00:00,-1,-12.988047116095313
stage36b_ny_open_continuation_h4_atr075,ny_open,continuation,4,2025-01-27 13:00:00+00:00,2025-01-27 17:00:00+00:00,1,-21.82724939160589
stage36b_ny_open_reversal_h4_atr075,ny_open,reversal,4,2025-01-27 13:00:00+00:00,2025-01-27 17:00:00+00:00,-1,21.82724939160589
stage36b_ny_late_reversal_h8_atr075,ny_late,reversal,8,2025-01-27 18:00:00+00:00,2025-01-28 02:00:00+00:00,1,3.827793396174607
stage36b_ny_late_continuation_h8_atr075,ny_late,continuation,8,2025-01-27 18:00:00+00:00,2025-01-28 02:00:00+00:00,-1,-3.827793396174607
stage36b_london_open_continuation_h4_atr075,london_open,continuation,4,2025-01-28 08:00:00+00:00,2025-01-28 12:00:00+00:00,-1,-3.897693920335683
stage36b_london_open_reversal_h4_atr075,london_open,reversal,4,2025-01-28 08:00:00+00:00,2025-01-28 12:00:00+00:00,1,3.897693920335683
stage36b_ny_open_continuation_h4_atr075,ny_open,continuation,4,2025-01-28 13:00:00+00:00,2025-01-28 17:00:00+00:00,-1,-14.79049676025931
stage36b_ny_open_reversal_h4_atr075,ny_open,reversal,4,2025-01-28 13:00:00+00:00,2025-01-28 17:00:00+00:00,1,14.79049676025931
stage36b_ny_late_reversal_h8_atr075,ny_late,reversal,8,2025-01-28 18:00:00+00:00,2025-01-29 02:00:00+00:00,-1,-5.799891083717043
stage36b_ny_late_continuation_h8_atr075,ny_late,continuation,8,2025-01-28 18:00:00+00:00,2025-01-29 02:00:00+00:00,1,5.799891083717043
stage36b_london_open_continuation_h4_atr075,london_open,continuation,4,2025-01-29 08:00:00+00:00,2025-01-29 12:00:00+00:00,-1,1.8997686969925827
stage36b_london_open_reversal_h4_atr075,london_open,reversal,4,2025-01-29 08:00:00+00:00,2025-01-29 12:00:00+00:00,1,-1.8997686969925827
stage36b_ny_open_continuation_h4_atr075,ny_open,continuation,4,2025-01-29 13:00:00+00:00,2025-01-29 17:00:00+00:00,1,-7.70090244950522
stage36b_ny_open_reversal_h4_atr075,ny_open,reversal,4,2025-01-29 13:00:00+00:00,2025-01-29 17:00:00+00:00,-1,7.70090244950522
stage36b_ny_late_reversal_h8_atr075,ny_late,reversal,8,2025-01-29 18:00:00+00:00,2025-01-30 02:00:00+00:00,1,11.652047209675091
stage36b_ny_late_continuation_h8_atr075,ny_late,continuation,8,2025-01-29 18:00:00+00:00,2025-01-30 02:00:00+00:00,-1,-11.652047209675091
stage36b_london_open_continuation_h4_atr075,london_open,continuation,4,2025-01-30 08:00:00+00:00,2025-01-30 12:00:00+00:00,1,14.264309259814057
stage36b_london_open_reversal_h4_atr075,london_open,reversal,4,2025-01-30 08:00:00+00:00,2025-01-30 12:00:00+00:00,-1,-14.264309259814057
stage36b_ny_open_continuation_h4_atr075,ny_open,continuation,4,2025-01-30 13:00:00+00:00,2025-01-30 17:00:00+00:00,-1,-22.74085558426633
stage36b_ny_open_reversal_h4_atr075,ny_open,reversal,4,2025-01-30 13:00:00+00:00,2025-01-30 17:00:00+00:00,1,22.74085558426633
stage36b_ny_late_reversal_h8_atr075,ny_late,reversal,8,2025-01-30 18:00:00+00:00,2025-01-31 02:00:00+00:00,1,4.709122203098224
stage36b_ny_late_continuation_h8_atr075,ny_late,continuation,8,2025-01-30 18:00:00+00:00,2025-01-31 02:00:00+00:00,-1,-4.709122203098224
stage36b_london_open_continuation_h4_atr075,london_open,continuation,4,2025-01-31 08:00:00+00:00,2025-01-31 12:00:00+00:00,-1,-1.5929847075178332
stage36b_london_open_reversal_h4_atr075,london_open,reversal,4,2025-01-31 08:00:00+00:00,2025-01-31 12:00:00+00:00,1,1.5929847075178332
stage36b_ny_open_continuation_h4_atr075,ny_open,continuation,4,2025-01-31 13:00:00+00:00,2025-01-31 17:00:00+00:00,1,10.50674163152658
stage36b_ny_open_reversal_h4_atr075,ny_open,reversal,4,2025-01-31 13:00:00+00:00,2025-01-31 17:00:00+00:00,-1,-10.50674163152658
stage36b_ny_late_reversal_h8_atr075,ny_late,reversal,8,2025-01-31 18:00:00+00:00,2025-02-03 01:00:00+00:00,1,-13.46525923099768
stage36b_ny_late_continuation_h8_atr075,ny_late,continuation,8,2025-01-31 18:00:00+00:00,2025-02-03 01:00:00+00:00,-1,13.46525923099768
stage36b_london_open_continuation_h4_atr075,london_open,continuation,4,2025-02-03 08:00:00+00:00,2025-02-03 12:00:00+00:00,1,6.1053043648462895
stage36b_london_open_reversal_h4_atr075,london_open,reversal,4,2025-02-03 08:00:00+00:00,2025-02-03 12:00:00+00:00,-1,-6.1053043648462895
stage36b_ny_open_continuation_h4_atr075,ny_open,continuation,4,2025-02-03 13:00:00+00:00,2025-02-03 17:00:00+00:00,1,10.165709051544642
stage36b_ny_open_reversal_h4_atr075,ny_open,reversal,4,2025-02-03 13:00:00+00:00,2025-02-03 17:00:00+00:00,-1,-10.165709051544642
stage36b_ny_late_reversal_h8_atr075,ny_late,reversal,8,2025-02-03 18:00:00+00:00,2025-02-04 02:00:00+00:00,1,1.8618212328588082
stage36b_ny_late_continuation_h8_atr075,ny_late,continuation,8,2025-02-03 18:00:00+00:00,2025-02-04 02:00:00+00:00,-1,-1.8618212328588082
stage36b_london_open_continuation_h4_atr075,london_open,continuation,4,2025-02-04 08:00:00+00:00,2025-02-04 12:00:00+00:00,-1,-1.192845528455215
stage36b_london_open_reversal_h4_atr075,london_open,reversal,4,2025-02-04 08:00:00+00:00,2025-02-04 12:00:00+00:00,1,1.192845528455215
stage36b_ny_open_continuation_h4_atr075,ny_open,continuation,4,2025-02-04 13:00:00+00:00,2025-02-04 17:00:00+00:00,1,17.125613089220707
stage36b_ny_open_reversal_h4_atr075,ny_open,reversal,4,2025-02-04 13:00:00+00:00,2025-02-04 17:00:00+00:00,-1,-17.125613089220707
stage36b_ny_late_reversal_h8_atr075,ny_late,reversal,8,2025-02-04 18:00:00+00:00,2025-02-05 02:00:00+00:00,-1,-3.177166724677952
stage36b_ny_late_continuation_h8_atr075,ny_late,continuation,8,2025-02-04 18:00:00+00:00,2025-02-05 02:00:00+00:00,1,3.177166724677952
stage36b_london_open_continuation_h4_atr075,london_open,continuation,4,2025-02-05 08:00:00+00:00,2025-02-05 12:00:00+00:00,-1,-8.128506034123742
stage36b_london_open_reversal_h4_atr075,london_open,reversal,4,2025-02-05 08:00:00+00:00,2025-02-05 12:00:00+00:00,1,8.128506034123742
stage36b_ny_open_continuation_h4_atr075,ny_open,continuation,4,2025-02-05 13:00:00+00:00,2025-02-05 17:00:00+00:00,1,8.62189790618932
stage36b_ny_open_reversal_h4_atr075,ny_open,reversal,4,2025-02-05 13:00:00+00:00,2025-02-05 17:00:00+00:00,-1,-8.62189790618932
stage36b_ny_late_reversal_h8_atr075,ny_late,reversal,8,2025-02-05 18:00:00+00:00,2025-02-06 02:00:00+00:00,1,-3.1259296398427514
stage36b_ny_late_continuation_h8_atr075,ny_late,continuation,8,2025-02-05 18:00:00+00:00,2025-02-06 02:00:00+00:00,-1,3.1259296398427514
stage36b_london_open_continuation_h4_atr075,london_open,continuation,4,2025-02-06 08:00:00+00:00,2025-02-06 12:00:00+00:00,-1,-0.025168539326010302
stage36b_london_open_reversal_h4_atr075,london_open,reversal,4,2025-02-06 08:00:00+00:00,2025-02-06 12:00:00+00:00,1,0.025168539326010302
stage36b_ny_open_continuation_h4_atr075,ny_open,continuation,4,2025-02-06 13:00:00+00:00,2025-02-06 17:00:00+00:00,1,-13.044379364721804
stage36b_ny_open_reversal_h4_atr075,ny_open,reversal,4,2025-02-06 13:00:00+00:00,2025-02-06 17:00:00+00:00,-1,13.044379364721804
stage36b_ny_late_reversal_h8_atr075,ny_late,reversal,8,2025-02-06 18:00:00+00:00,2025-02-07 02:00:00+00:00,1,5.753743136467197
stage36b_ny_late_continuation_h8_atr075,ny_late,continuation,8,2025-02-06 18:00:00+00:00,2025-02-07 02:00:00+00:00,-1,-5.753743136467197
stage36b_london_open_continuation_h4_atr075,london_open,continuation,4,2025-02-07 08:00:00+00:00,2025-02-07 12:00:00+00:00,-1,-8.211178796622503
stage36b_london_open_reversal_h4_atr075,london_open,reversal,4,2025-02-07 08:00:00+00:00,2025-02-07 12:00:00+00:00,1,8.211178796622503
stage36b_ny_open_continuation_h4_atr075,ny_open,continuation,4,2025-02-07 13:00:00+00:00,2025-02-07 17:00:00+00:00,1,14.045538707902107
stage36b_ny_open_reversal_h4_atr075,ny_open,reversal,4,2025-02-07 13:00:00+00:00,2025-02-07 17:00:00+00:00,-1,-14.045538707902107
stage36b_ny_late_reversal_h8_atr075,ny_late,reversal,8,2025-02-07 18:00:00+00:00,2025-02-10 01:00:00+00:00,1,4.195434823618104
stage36b_ny_late_continuation_h8_atr075,ny_late,continuation,8,2025-02-07 18:00:00+00:00,2025-02-10 01:00:00+00:00,-1,-4.195434823618104
stage36b_london_open_continuation_h4_atr075,london_open,continuation,4,2025-02-10 08:00:00+00:00,2025-02-10 12:00:00+00:00,1,11.314347125201465
stage36b_london_open_reversal_h4_atr075,london_open,reversal,4,2025-02-10 08:00:00+00:00,2025-02-10 12:00:00+00:00,-1,-11.314347125201465
stage36b_ny_open_continuation_h4_atr075,ny_open,continuation,4,2025-02-10 13:00:00+00:00,2025-02-10 17:00:00+00:00,1,3.3165531536867205
stage36b_ny_open_reversal_h4_atr075,ny_open,reversal,4,2025-02-10 13:00:00+00:00,2025-02-10 17:00:00+00:00,-1,-3.3165531536867205
stage36b_ny_late_reversal_h8_atr075,ny_late,reversal,8,2025-02-10 18:00:00+00:00,2025-02-11 02:00:00+00:00,1,14.285781710914382
stage36b_ny_late_continuation_h8_atr075,ny_late,continuation,8,2025-02-10 18:00:00+00:00,2025-02-11 02:00:00+00:00,-1,-14.285781710914382
stage36b_london_open_continuation_h4_atr075,london_open,continuation,4,2025-02-11 08:00:00+00:00,2025-02-11 12:00:00+00:00,-1,6.804531673847129
stage36b_london_open_reversal_h4_atr075,london_open,reversal,4,2025-02-11 08:00:00+00:00,2025-02-11 12:00:00+00:00,1,-6.804531673847129
stage36b_ny_open_continuation_h4_atr075,ny_open,continuation,4,2025-02-11 13:00:00+00:00,2025-02-11 17:00:00+00:00,1,0.3232706640571038
stage36b_ny_open_reversal_h4_atr075,ny_open,reversal,4,2025-02-11 13:00:00+00:00,2025-02-11 17:00:00+00:00,-1,-0.3232706640571038
stage36b_ny_late_reversal_h8_atr075,ny_late,reversal,8,2025-02-11 18:00:00+00:00,2025-02-12 02:00:00+00:00,1,-5.079191449602257
stage36b_ny_late_continuation_h8_atr075,ny_late,continuation,8,2025-02-11 18:00:00+00:00,2025-02-12 02:00:00+00:00,-1,5.079191449602257
stage36b_london_open_continuation_h4_atr075,london_open,continuation,4,2025-02-12 08:00:00+00:00,2025-02-12 12:00:00+00:00,1,-7.12975789959767
stage36b_london_open_reversal_h4_atr075,london_open,reversal,4,2025-02-12 08:00:00+00:00,2025-02-12 12:00:00+00:00,-1,7.12975789959767
stage36b_ny_open_continuation_h4_atr075,ny_open,continuation,4,2025-02-12 13:00:00+00:00,2025-02-12 17:00:00+00:00,-1,-10.216967586227884
stage36b_ny_open_reversal_h4_atr075,ny_open,reversal,4,2025-02-12 13:00:00+00:00,2025-02-12 17:00:00+00:00,1,10.216967586227884
stage36b_ny_late_reversal_h8_atr075,ny_late,reversal,8,2025-02-12 18:00:00+00:00,2025-02-13 02:00:00+00:00,-1,-2.1983079526226756
stage36b_ny_late_continuation_h8_atr075,ny_late,continuation,8,2025-02-12 18:00:00+00:00,2025-02-13 02:00:00+00:00,1,2.1983079526226756
stage36b_london_open_continuation_h4_atr075,london_open,continuation,4,2025-02-13 08:00:00+00:00,2025-02-13 12:00:00+00:00,-1,-2.0202216290544848
stage36b_london_open_reversal_h4_atr075,london_open,reversal,4,2025-02-13 08:00:00+00:00,2025-02-13 12:00:00+00:00,1,2.0202216290544848
stage36b_ny_open_continuation_h4_atr075,ny_open,continuation,4,2025-02-13 13:00:00+00:00,2025-02-13 17:00:00+00:00,-1,-2.12978369384369
stage36b_ny_open_reversal_h4_atr075,ny_open,reversal,4,2025-02-13 13:00:00+00:00,2025-02-13 17:00:00+00:00,1,2.12978369384369
stage36b_ny_late_reversal_h8_atr075,ny_late,reversal,8,2025-02-13 18:00:00+00:00,2025-02-14 02:00:00+00:00,1,10.515403422982999
stage36b_ny_late_continuation_h8_atr075,ny_late,continuation,8,2025-02-13 18:00:00+00:00,2025-02-14 02:00:00+00:00,-1,-10.515403422982999
stage36b_london_open_continuation_h4_atr075,london_open,continuation,4,2025-02-14 08:00:00+00:00,2025-02-14 12:00:00+00:00,1,1.346028521856952
stage36b_london_open_reversal_h4_atr075,london_open,reversal,4,2025-02-14 08:00:00+00:00,2025-02-14 12:00:00+00:00,-1,-1.346028521856952
stage36b_ny_open_continuation_h4_atr075,ny_open,continuation,4,2025-02-14 13:00:00+00:00,2025-02-14 17:00:00+00:00,-1,26.899803536345775
stage36b_ny_open_reversal_h4_atr075,ny_open,reversal,4,2025-02-14 13:00:00+00:00,2025-02-14 17:00:00+00:00,1,-26.899803536345775
stage36b_ny_late_reversal_h8_atr075,ny_late,reversal,8,2025-02-14 18:00:00+00:00,2025-02-17 01:00:00+00:00,1,-9.05249286184935
stage36b_ny_late_continuation_h8_atr075,ny_late,continuation,8,2025-02-14 18:00:00+00:00,2025-02-17 01:00:00+00:00,-1,9.05249286184935
stage36b_london_open_continuation_h4_atr075,london_open,continuation,4,2025-02-17 08:00:00+00:00,2025-02-17 12:00:00+00:00,1,3.8077955937948444
stage36b_london_open_reversal_h4_atr075,london_open,reversal,4,2025-02-17 08:00:00+00:00,2025-02-17 12:00:00+00:00,-1,-3.8077955937948444
stage36b_ny_open_continuation_h4_atr075,ny_open,continuation,4,2025-02-17 13:00:00+00:00,2025-02-17 17:00:00+00:00,-1,1.0372085331568437
stage36b_ny_open_reversal_h4_atr075,ny_open,reversal,4,2025-02-17 13:00:00+00:00,2025-02-17 17:00:00+00:00,1,-1.0372085331568437
stage36b_ny_late_reversal_h8_atr075,ny_late,reversal,8,2025-02-17 18:00:00+00:00,2025-02-18 03:00:00+00:00,1,-2.7424401880308027
stage36b_ny_late_continuation_h8_atr075,ny_late,continuation,8,2025-02-17 18:00:00+00:00,2025-02-18 03:00:00+00:00,-1,2.7424401880308027
stage36b_london_open_continuation_h4_atr075,london_open,continuation,4,2025-02-18 08:00:00+00:00,2025-02-18 12:00:00+00:00,1,-2.7362845251604924
stage36b_london_open_reversal_h4_atr075,london_open,reversal,4,2025-02-18 08:00:00+00:00,2025-02-18 12:00:00+00:00,-1,2.7362845251604924
stage36b_ny_open_continuation_h4_atr075,ny_open,continuation,4,2025-02-18 13:00:00+00:00,2025-02-18 17:00:00+00:00,1,12.923463436518636
stage36b_ny_open_reversal_h4_atr075,ny_open,reversal,4,2025-02-18 13:00:00+00:00,2025-02-18 17:00:00+00:00,-1,-12.923463436518636
stage36b_ny_late_reversal_h8_atr075,ny_late,reversal,8,2025-02-18 18:00:00+00:00,2025-02-19 02:00:00+00:00,-1,3.0444198895028225
stage36b_ny_late_continuation_h8_atr075,ny_late,continuation,8,2025-02-18 18:00:00+00:00,2025-02-19 02:00:00+00:00,1,-3.0444198895028225
stage36b_london_open_continuation_h4_atr075,london_open,continuation,4,2025-02-19 08:00:00+00:00,2025-02-19 12:00:00+00:00,-1,-11.143138592104357
stage36b_london_open_reversal_h4_atr075,london_open,reversal,4,2025-02-19 08:00:00+00:00,2025-02-19 12:00:00+00:00,1,11.143138592104357
stage36b_ny_open_continuation_h4_atr075,ny_open,continuation,4,2025-02-19 13:00:00+00:00,2025-02-19 17:00:00+00:00,-1,6.6520947176682945
stage36b_ny_open_reversal_h4_atr075,ny_open,reversal,4,2025-02-19 13:00:00+00:00,2025-02-19 17:00:00+00:00,1,-6.6520947176682945
stage36b_ny_late_reversal_h8_atr075,ny_late,reversal,8,2025-02-19 18:00:00+00:00,2025-02-20 02:00:00+00:00,-1,-9.020182542743523
stage36b_ny_late_continuation_h8_atr075,ny_late,continuation,8,2025-02-19 18:00:00+00:00,2025-02-20 02:00:00+00:00,1,9.020182542743523
stage36b_london_open_continuation_h4_atr075,london_open,continuation,4,2025-02-20 08:00:00+00:00,2025-02-20 12:00:00+00:00,1,3.7448306203255135
stage36b_london_open_reversal_h4_atr075,london_open,reversal,4,2025-02-20 08:00:00+00:00,2025-02-20 12:00:00+00:00,-1,-3.7448306203255135
stage36b_ny_open_continuation_h4_atr075,ny_open,continuation,4,2025-02-20 13:00:00+00:00,2025-02-20 17:00:00+00:00,-1,8.927536231884034
stage36b_ny_open_reversal_h4_atr075,ny_open,reversal,4,2025-02-20 13:00:00+00:00,2025-02-20 17:00:00+00:00,1,-8.927536231884034
stage36b_ny_late_reversal_h8_atr075,ny_late,reversal,8,2025-02-20 18:00:00+00:00,2025-02-21 02:00:00+00:00,-1,2.0516981712002704
stage36b_ny_late_continuation_h8_atr075,ny_late,continuation,8,2025-02-20 18:00:00+00:00,2025-02-21 02:00:00+00:00,1,-2.0516981712002704
stage36b_london_open_continuation_h4_atr075,london_open,continuation,4,2025-02-21 08:00:00+00:00,2025-02-21 12:00:00+00:00,-1,-0.470168780010933
stage36b_london_open_reversal_h4_atr075,london_open,reversal,4,2025-02-21 08:00:00+00:00,2025-02-21 12:00:00+00:00,1,0.470168780010933
stage36b_ny_open_continuation_h4_atr075,ny_open,continuation,4,2025-02-21 13:00:00+00:00,2025-02-21 17:00:00+00:00,-1,-0.2527401676338277
stage36b_ny_open_reversal_h4_atr075,ny_open,reversal,4,2025-02-21 13:00:00+00:00,2025-02-21 17:00:00+00:00,1,0.2527401676338277
stage36b_ny_late_reversal_h8_atr075,ny_late,reversal,8,2025-02-21 18:00:00+00:00,2025-02-24 01:00:00+00:00,-1,-0.1489485495801156
stage36b_ny_late_continuation_h8_atr075,ny_late,continuation,8,2025-02-21 18:00:00+00:00,2025-02-24 01:00:00+00:00,1,0.1489485495801156
stage36b_london_open_continuation_h4_atr075,london_open,continuation,4,2025-02-24 08:00:00+00:00,2025-02-24 12:00:00+00:00,1,-0.17056530214424873
stage36b_london_open_reversal_h4_atr075,london_open,reversal,4,2025-02-24 08:00:00+00:00,2025-02-24 12:00:00+00:00,-1,0.17056530214424873
stage36b_ny_open_continuation_h4_atr075,ny_open,continuation,4,2025-02-24 13:00:00+00:00,2025-02-24 17:00:00+00:00,1,-6.9373964889035005
stage36b_ny_open_reversal_h4_atr075,ny_open,reversal,4,2025-02-24 13:00:00+00:00,2025-02-24 17:00:00+00:00,-1,6.9373964889035005
stage36b_ny_late_reversal_h8_atr075,ny_late,reversal,8,2025-02-24 18:00:00+00:00,2025-02-25 02:00:00+00:00,-1,-3.9491671533050785
stage36b_ny_late_continuation_h8_atr075,ny_late,continuation,8,2025-02-24 18:00:00+00:00,2025-02-25 02:00:00+00:00,1,3.9491671533050785
stage36b_london_open_continuation_h4_atr075,london_open,continuation,4,2025-02-25 08:00:00+00:00,2025-02-25 12:00:00+00:00,-1,-1.8063688430701093
stage36b_london_open_reversal_h4_atr075,london_open,reversal,4,2025-02-25 08:00:00+00:00,2025-02-25 12:00:00+00:00,1,1.8063688430701093
stage36b_ny_open_continuation_h4_atr075,ny_open,continuation,4,2025-02-25 13:00:00+00:00,2025-02-25 17:00:00+00:00,1,-27.958809550752818
stage36b_ny_open_reversal_h4_atr075,ny_open,reversal,4,2025-02-25 13:00:00+00:00,2025-02-25 17:00:00+00:00,-1,27.958809550752818
stage36b_ny_late_reversal_h8_atr075,ny_late,reversal,8,2025-02-25 18:00:00+00:00,2025-02-26 02:00:00+00:00,1,12.982810403220396
stage36b_ny_late_continuation_h8_atr075,ny_late,continuation,8,2025-02-25 18:00:00+00:00,2025-02-26 02:00:00+00:00,-1,-12.982810403220396
stage36b_london_open_continuation_h4_atr075,london_open,continuation,4,2025-02-26 08:00:00+00:00,2025-02-26 12:00:00+00:00,-1,-3.9164039696437314
stage36b_london_open_reversal_h4_atr075,london_open,reversal,4,2025-02-26 08:00:00+00:00,2025-02-26 12:00:00+00:00,1,3.9164039696437314
stage36b_ny_open_continuation_h4_atr075,ny_open,continuation,4,2025-02-26 13:00:00+00:00,2025-02-26 17:00:00+00:00,1,-0.1466143044152584
stage36b_ny_open_reversal_h4_atr075,ny_open,reversal,4,2025-02-26 13:00:00+00:00,2025-02-26 17:00:00+00:00,-1,0.1466143044152584
stage36b_ny_late_reversal_h8_atr075,ny_late,reversal,8,2025-02-26 18:00:00+00:00,2025-02-27 02:00:00+00:00,1,2.5654471196414153
stage36b_ny_late_continuation_h8_atr075,ny_late,continuation,8,2025-02-26 18:00:00+00:00,2025-02-27 02:00:00+00:00,-1,-2.5654471196414153
stage36b_london_open_continuation_h4_atr075,london_open,continuation,4,2025-02-27 08:00:00+00:00,2025-02-27 12:00:00+00:00,1,-1.972807337960186
stage36b_london_open_reversal_h4_atr075,london_open,reversal,4,2025-02-27 08:00:00+00:00,2025-02-27 12:00:00+00:00,-1,1.972807337960186
stage36b_ny_open_continuation_h4_atr075,ny_open,continuation,4,2025-02-27 13:00:00+00:00,2025-02-27 17:00:00+00:00,-1,7.443723682712889
stage36b_ny_open_reversal_h4_atr075,ny_open,reversal,4,2025-02-27 13:00:00+00:00,2025-02-27 17:00:00+00:00,1,-7.443723682712889
stage36b_ny_late_reversal_h8_atr075,ny_late,reversal,8,2025-02-27 18:00:00+00:00,2025-02-28 02:00:00+00:00,-1,0.11133703854311765
stage36b_ny_late_continuation_h8_atr075,ny_late,continuation,8,2025-02-27 18:00:00+00:00,2025-02-28 02:00:00+00:00,1,-0.11133703854311765
stage36b_london_open_continuation_h4_atr075,london_open,continuation,4,2025-02-28 08:00:00+00:00,2025-02-28 12:00:00+00:00,-1,0.6697229419972823
stage36b_london_open_reversal_h4_atr075,london_open,reversal,4,2025-02-28 08:00:00+00:00,2025-02-28 12:00:00+00:00,1,-0.6697229419972823
stage36b_ny_open_continuation_h4_atr075,ny_open,continuation,4,2025-02-28 13:00:00+00:00,2025-02-28 17:00:00+00:00,-1,9.076089517078874
stage36b_ny_open_reversal_h4_atr075,ny_open,reversal,4,2025-02-28 13:00:00+00:00,2025-02-28 17:00:00+00:00,1,-9.076089517078874
stage36b_ny_late_reversal_h8_atr075,ny_late,reversal,8,2025-02-28 18:00:00+00:00,2025-03-03 01:00:00+00:00,1,12.272068314963871
stage36b_ny_late_continuation_h8_atr075,ny_late,continuation,8,2025-02-28 18:00:00+00:00,2025-03-03 01:00:00+00:00,-1,-12.272068314963871
stage36b_london_open_continuation_h4_atr075,london_open,continuation,4,2025-03-03 08:00:00+00:00,2025-03-03 12:00:00+00:00,1,3.8791883483384137
stage36b_london_open_reversal_h4_atr075,london_open,reversal,4,2025-03-03 08:00:00+00:00,2025-03-03 12:00:00+00:00,-1,-3.8791883483384137
stage36b_ny_open_continuation_h4_atr075,ny_open,continuation,4,2025-03-03 13:00:00+00:00,2025-03-03 17:00:00+00:00,1,9.832321870082938
stage36b_ny_open_reversal_h4_atr075,ny_open,reversal,4,2025-03-03 13:00:00+00:00,2025-03-03 17:00:00+00:00,-1,-9.832321870082938
stage36b_ny_late_reversal_h8_atr075,ny_late,reversal,8,2025-03-03 18:00:00+00:00,2025-03-04 02:00:00+00:00,-1,-0.2623116850233418
stage36b_ny_late_continuation_h8_atr075,ny_late,continuation,8,2025-03-03 18:00:00+00:00,2025-03-04 02:00:00+00:00,1,0.2623116850233418
stage36b_london_open_continuation_h4_atr075,london_open,continuation,4,2025-03-04 08:00:00+00:00,2025-03-04 12:00:00+00:00,-1,-21.938102922718564
stage36b_london_open_reversal_h4_atr075,london_open,reversal,4,2025-03-04 08:00:00+00:00,2025-03-04 12:00:00+00:00,1,21.938102922718564
stage36b_ny_open_continuation_h4_atr075,ny_open,continuation,4,2025-03-04 13:00:00+00:00,2025-03-04 17:00:00+00:00,1,-9.38184859891262
stage36b_ny_open_reversal_h4_atr075,ny_open,reversal,4,2025-03-04 13:00:00+00:00,2025-03-04 17:00:00+00:00,-1,9.38184859891262
stage36b_ny_late_reversal_h8_atr075,ny_late,reversal,8,2025-03-04 18:00:00+00:00,2025-03-05 02:00:00+00:00,-1,0.529109351118512
stage36b_ny_late_continuation_h8_atr075,ny_late,continuation,8,2025-03-04 18:00:00+00:00,2025-03-05 02:00:00+00:00,1,-0.529109351118512
stage36b_london_open_continuation_h4_atr075,london_open,continuation,4,2025-03-05 08:00:00+00:00,2025-03-05 12:00:00+00:00,-1,2.7546628407462705
stage36b_london_open_reversal_h4_atr075,london_open,reversal,4,2025-03-05 08:00:00+00:00,2025-03-05 12:00:00+00:00,1,-2.7546628407462705
stage36b_ny_open_continuation_h4_atr075,ny_open,continuation,4,2025-03-05 13:00:00+00:00,2025-03-05 17:00:00+00:00,-1,-2.817610062893064
stage36b_ny_open_reversal_h4_atr075,ny_open,reversal,4,2025-03-05 13:00:00+00:00,2025-03-05 17:00:00+00:00,1,2.817610062893064
stage36b_ny_late_reversal_h8_atr075,ny_late,reversal,8,2025-03-05 18:00:00+00:00,2025-03-06 02:00:00+00:00,-1,3.534306734578269
stage36b_ny_late_continuation_h8_atr075,ny_late,continuation,8,2025-03-05 18:00:00+00:00,2025-03-06 02:00:00+00:00,1,-3.534306734578269
stage36b_london_open_continuation_h4_atr075,london_open,continuation,4,2025-03-06 08:00:00+00:00,2025-03-06 12:00:00+00:00,1,-21.09614126880285
stage36b_london_open_reversal_h4_atr075,london_open,reversal,4,2025-03-06 08:00:00+00:00,2025-03-06 12:00:00+00:00,-1,21.09614126880285
stage36b_ny_open_continuation_h4_atr075,ny_open,continuation,4,2025-03-06 13:00:00+00:00,2025-03-06 17:00:00+00:00,1,6.477161340913452
stage36b_ny_open_reversal_h4_atr075,ny_open,reversal,4,2025-03-06 13:00:00+00:00,2025-03-06 17:00:00+00:00,-1,-6.477161340913452
stage36b_ny_late_reversal_h8_atr075,ny_late,reversal,8,2025-03-06 18:00:00+00:00,2025-03-07 02:00:00+00:00,-1,7.16846322864164
stage36b_ny_late_continuation_h8_atr075,ny_late,continuation,8,2025-03-06 18:00:00+00:00,2025-03-07 02:00:00+00:00,1,-7.16846322864164
stage36b_london_open_continuation_h4_atr075,london_open,continuation,4,2025-03-07 08:00:00+00:00,2025-03-07 12:00:00+00:00,1,3.11197172276011
stage36b_london_open_reversal_h4_atr075,london_open,reversal,4,2025-03-07 08:00:00+00:00,2025-03-07 12:00:00+00:00,-1,-3.11197172276011
stage36b_ny_open_continuation_h4_atr075,ny_open,continuation,4,2025-03-07 13:00:00+00:00,2025-03-07 17:00:00+00:00,1,-2.169456737861601
stage36b_ny_open_reversal_h4_atr075,ny_open,reversal,4,2025-03-07 13:00:00+00:00,2025-03-07 17:00:00+00:00,-1,2.169456737861601
stage36b_ny_late_reversal_h8_atr075,ny_late,reversal,8,2025-03-07 18:00:00+00:00,2025-03-10 00:00:00+00:00,1,-1.2409304827214964
stage36b_ny_late_continuation_h8_atr075,ny_late,continuation,8,2025-03-07 18:00:00+00:00,2025-03-10 00:00:00+00:00,-1,1.2409304827214964
stage36b_london_open_continuation_h4_atr075,london_open,continuation,4,2025-03-10 08:00:00+00:00,2025-03-10 12:00:00+00:00,1,-11.587426148919677
stage36b_london_open_reversal_h4_atr075,london_open,reversal,4,2025-03-10 08:00:00+00:00,2025-03-10 12:00:00+00:00,-1,11.587426148919677
stage36b_ny_open_continuation_h4_atr075,ny_open,continuation,4,2025-03-10 13:00:00+00:00,2025-03-10 17:00:00+00:00,1,0.4037825059102524
stage36b_ny_open_reversal_h4_atr075,ny_open,reversal,4,2025-03-10 13:00:00+00:00,2025-03-10 17:00:00+00:00,-1,-0.4037825059102524
stage36b_ny_late_reversal_h8_atr075,ny_late,reversal,8,2025-03-10 18:00:00+00:00,2025-03-11 02:00:00+00:00,1,-4.9964311206281495
stage36b_ny_late_continuation_h8_atr075,ny_late,continuation,8,2025-03-10 18:00:00+00:00,2025-03-11 02:00:00+00:00,-1,4.9964311206281495
stage36b_london_open_continuation_h4_atr075,london_open,continuation,4,2025-03-11 08:00:00+00:00,2025-03-11 12:00:00+00:00,1,7.279293633406492
stage36b_london_open_reversal_h4_atr075,london_open,reversal,4,2025-03-11 08:00:00+00:00,2025-03-11 12:00:00+00:00,-1,-7.279293633406492
stage36b_ny_open_continuation_h4_atr075,ny_open,continuation,4,2025-03-11 13:00:00+00:00,2025-03-11 17:00:00+00:00,1,2.8387396814324433
stage36b_ny_open_reversal_h4_atr075,ny_open,reversal,4,2025-03-11 13:00:00+00:00,2025-03-11 17:00:00+00:00,-1,-2.8387396814324433
stage36b_ny_late_reversal_h8_atr075,ny_late,reversal,8,2025-03-11 18:00:00+00:00,2025-03-12 02:00:00+00:00,-1,2.326794455031402
stage36b_ny_late_continuation_h8_atr075,ny_late,continuation,8,2025-03-11 18:00:00+00:00,2025-03-12 02:00:00+00:00,1,-2.326794455031402
stage36b_london_open_continuation_h4_atr075,london_open,continuation,4,2025-03-12 08:00:00+00:00,2025-03-12 12:00:00+00:00,-1,-2.618338981386125
stage36b_london_open_reversal_h4_atr075,london_open,reversal,4,2025-03-12 08:00:00+00:00,2025-03-12 12:00:00+00:00,1,2.618338981386125
stage36b_ny_open_continuation_h4_atr075,ny_open,continuation,4,2025-03-12 13:00:00+00:00,2025-03-12 17:00:00+00:00,1,12.157205240174829
stage36b_ny_open_reversal_h4_atr075,ny_open,reversal,4,2025-03-12 13:00:00+00:00,2025-03-12 17:00:00+00:00,-1,-12.157205240174829
stage36b_ny_late_reversal_h8_atr075,ny_late,reversal,8,2025-03-12 18:00:00+00:00,2025-03-13 02:00:00+00:00,-1,-1.629315900929849
stage36b_ny_late_continuation_h8_atr075,ny_late,continuation,8,2025-03-12 18:00:00+00:00,2025-03-13 02:00:00+00:00,1,1.629315900929849
stage36b_london_open_continuation_h4_atr075,london_open,continuation,4,2025-03-13 08:00:00+00:00,2025-03-13 12:00:00+00:00,-1,-7.7884101040118985
stage36b_london_open_reversal_h4_atr075,london_open,reversal,4,2025-03-13 08:00:00+00:00,2025-03-13 12:00:00+00:00,1,7.7884101040118985
stage36b_ny_open_continuation_h4_atr075,ny_open,continuation,4,2025-03-13 13:00:00+00:00,2025-03-13 17:00:00+00:00,1,29.929515793053685
stage36b_ny_open_reversal_h4_atr075,ny_open,reversal,4,2025-03-13 13:00:00+00:00,2025-03-13 17:00:00+00:00,-1,-29.929515793053685
stage36b_ny_late_reversal_h8_atr075,ny_late,reversal,8,2025-03-13 18:00:00+00:00,2025-03-14 02:00:00+00:00,-1,-4.269058295964178
stage36b_ny_late_continuation_h8_atr075,ny_late,continuation,8,2025-03-13 18:00:00+00:00,2025-03-14 02:00:00+00:00,1,4.269058295964178
stage36b_london_open_continuation_h4_atr075,london_open,continuation,4,2025-03-14 08:00:00+00:00,2025-03-14 12:00:00+00:00,-1,-6.669341199606866
stage36b_london_open_reversal_h4_atr075,london_open,reversal,4,2025-03-14 08:00:00+00:00,2025-03-14 12:00:00+00:00,1,6.669341199606866
stage36b_ny_open_continuation_h4_atr075,ny_open,continuation,4,2025-03-14 13:00:00+00:00,2025-03-14 17:00:00+00:00,1,-6.494345296463278
stage36b_ny_open_reversal_h4_atr075,ny_open,reversal,4,2025-03-14 13:00:00+00:00,2025-03-14 17:00:00+00:00,-1,6.494345296463278
stage36b_ny_late_reversal_h8_atr075,ny_late,reversal,8,2025-03-14 18:00:00+00:00,2025-03-17 01:00:00+00:00,-1,-0.12401040801627375
stage36b_ny_late_continuation_h8_atr075,ny_late,continuation,8,2025-03-14 18:00:00+00:00,2025-03-17 01:00:00+00:00,1,0.12401040801627375
stage36b_london_open_continuation_h4_atr075,london_open,continuation,4,2025-03-17 08:00:00+00:00,2025-03-17 12:00:00+00:00,1,9.313021400072733
stage36b_london_open_reversal_h4_atr075,london_open,reversal,4,2025-03-17 08:00:00+00:00,2025-03-17 12:00:00+00:00,-1,-9.313021400072733
stage36b_ny_open_continuation_h4_atr075,ny_open,continuation,4,2025-03-17 13:00:00+00:00,2025-03-17 17:00:00+00:00,-1,0.2674804298792447
stage36b_ny_open_reversal_h4_atr075,ny_open,reversal,4,2025-03-17 13:00:00+00:00,2025-03-17 17:00:00+00:00,1,-0.2674804298792447
stage36b_ny_late_reversal_h8_atr075,ny_late,reversal,8,2025-03-17 18:00:00+00:00,2025-03-18 02:00:00+00:00,1,5.864560479742496
stage36b_ny_late_continuation_h8_atr075,ny_late,continuation,8,2025-03-17 18:00:00+00:00,2025-03-18 02:00:00+00:00,-1,-5.864560479742496
stage36b_london_open_continuation_h4_atr075,london_open,continuation,4,2025-03-18 08:00:00+00:00,2025-03-18 12:00:00+00:00,1,8.726308813783435
stage36b_london_open_reversal_h4_atr075,london_open,reversal,4,2025-03-18 08:00:00+00:00,2025-03-18 12:00:00+00:00,-1,-8.726308813783435
stage36b_ny_open_continuation_h4_atr075,ny_open,continuation,4,2025-03-18 13:00:00+00:00,2025-03-18 17:00:00+00:00,1,3.917992831541306
stage36b_ny_open_reversal_h4_atr075,ny_open,reversal,4,2025-03-18 13:00:00+00:00,2025-03-18 17:00:00+00:00,-1,-3.917992831541306
stage36b_ny_late_reversal_h8_atr075,ny_late,reversal,8,2025-03-18 18:00:00+00:00,2025-03-19 02:00:00+00:00,-1,3.100865959263347
stage36b_ny_late_continuation_h8_atr075,ny_late,continuation,8,2025-03-18 18:00:00+00:00,2025-03-19 02:00:00+00:00,1,-3.100865959263347
stage36b_london_open_continuation_h4_atr075,london_open,continuation,4,2025-03-19 08:00:00+00:00,2025-03-19 12:00:00+00:00,-1,8.186658921483332
stage36b_london_open_reversal_h4_atr075,london_open,reversal,4,2025-03-19 08:00:00+00:00,2025-03-19 12:00:00+00:00,1,-8.186658921483332
stage36b_ny_open_continuation_h4_atr075,ny_open,continuation,4,2025-03-19 13:00:00+00:00,2025-03-19 17:00:00+00:00,1,-5.871580601385417
stage36b_ny_open_reversal_h4_atr075,ny_open,reversal,4,2025-03-19 13:00:00+00:00,2025-03-19 17:00:00+00:00,-1,5.871580601385417
stage36b_ny_late_reversal_h8_atr075,ny_late,reversal,8,2025-03-19 18:00:00+00:00,2025-03-20 02:00:00+00:00,-1,-13.902831521405348
stage36b_ny_late_continuation_h8_atr075,ny_late,continuation,8,2025-03-19 18:00:00+00:00,2025-03-20 02:00:00+00:00,1,13.902831521405348
stage36b_london_open_continuation_h4_atr075,london_open,continuation,4,2025-03-20 08:00:00+00:00,2025-03-20 12:00:00+00:00,1,-10.991245921762477
stage36b_london_open_reversal_h4_atr075,london_open,reversal,4,2025-03-20 08:00:00+00:00,2025-03-20 12:00:00+00:00,-1,10.991245921762477
stage36b_ny_open_continuation_h4_atr075,ny_open,continuation,4,2025-03-20 13:00:00+00:00,2025-03-20 17:00:00+00:00,1,4.835229162508994
stage36b_ny_open_reversal_h4_atr075,ny_open,reversal,4,2025-03-20 13:00:00+00:00,2025-03-20 17:00:00+00:00,-1,-4.835229162508994
stage36b_ny_late_reversal_h8_atr075,ny_late,reversal,8,2025-03-20 18:00:00+00:00,2025-03-21 02:00:00+00:00,1,3.0427380846456953
stage36b_ny_late_continuation_h8_atr075,ny_late,continuation,8,2025-03-20 18:00:00+00:00,2025-03-21 02:00:00+00:00,-1,-3.0427380846456953
stage36b_london_open_continuation_h4_atr075,london_open,continuation,4,2025-03-21 08:00:00+00:00,2025-03-21 12:00:00+00:00,1,1.1561887065139105
stage36b_london_open_reversal_h4_atr075,london_open,reversal,4,2025-03-21 08:00:00+00:00,2025-03-21 12:00:00+00:00,-1,-1.1561887065139105
stage36b_ny_open_continuation_h4_atr075,ny_open,continuation,4,2025-03-21 13:00:00+00:00,2025-03-21 17:00:00+00:00,1,-22.743573125945236
stage36b_ny_open_reversal_h4_atr075,ny_open,reversal,4,2025-03-21 13:00:00+00:00,2025-03-21 17:00:00+00:00,-1,22.743573125945236
stage36b_ny_late_reversal_h8_atr075,ny_late,reversal,8,2025-03-21 18:00:00+00:00,2025-03-24 01:00:00+00:00,-1,-5.898557770215499
stage36b_ny_late_continuation_h8_atr075,ny_late,continuation,8,2025-03-21 18:00:00+00:00,2025-03-24 01:00:00+00:00,1,5.898557770215499
stage36b_london_open_continuation_h4_atr075,london_open,continuation,4,2025-03-24 08:00:00+00:00,2025-03-24 12:00:00+00:00,1,2.7232117613798907
stage36b_london_open_reversal_h4_atr075,london_open,reversal,4,2025-03-24 08:00:00+00:00,2025-03-24 12:00:00+00:00,-1,-2.7232117613798907
stage36b_ny_open_continuation_h4_atr075,ny_open,continuation,4,2025-03-24 13:00:00+00:00,2025-03-24 17:00:00+00:00,-1,8.432039354079755
stage36b_ny_open_reversal_h4_atr075,ny_open,reversal,4,2025-03-24 13:00:00+00:00,2025-03-24 17:00:00+00:00,1,-8.432039354079755
stage36b_ny_late_reversal_h8_atr075,ny_late,reversal,8,2025-03-24 18:00:00+00:00,2025-03-25 02:00:00+00:00,1,2.9083645443194936
stage36b_ny_late_continuation_h8_atr075,ny_late,continuation,8,2025-03-24 18:00:00+00:00,2025-03-25 02:00:00+00:00,-1,-2.9083645443194936
stage36b_london_open_continuation_h4_atr075,london_open,continuation,4,2025-03-25 08:00:00+00:00,2025-03-25 12:00:00+00:00,-1,-6.791988295242182
stage36b_london_open_reversal_h4_atr075,london_open,reversal,4,2025-03-25 08:00:00+00:00,2025-03-25 12:00:00+00:00,1,6.791988295242182
stage36b_ny_open_continuation_h4_atr075,ny_open,continuation,4,2025-03-25 13:00:00+00:00,2025-03-25 17:00:00+00:00,-1,-0.7300651843914833
stage36b_ny_open_reversal_h4_atr075,ny_open,reversal,4,2025-03-25 13:00:00+00:00,2025-03-25 17:00:00+00:00,1,0.7300651843914833
stage36b_ny_late_reversal_h8_atr075,ny_late,reversal,8,2025-03-25 18:00:00+00:00,2025-03-26 02:00:00+00:00,-1,3.8812832389776992
stage36b_ny_late_continuation_h8_atr075,ny_late,continuation,8,2025-03-25 18:00:00+00:00,2025-03-26 02:00:00+00:00,1,-3.8812832389776992
stage36b_london_open_continuation_h4_atr075,london_open,continuation,4,2025-03-26 08:00:00+00:00,2025-03-26 12:00:00+00:00,1,-3.453744493392113
stage36b_london_open_reversal_h4_atr075,london_open,reversal,4,2025-03-26 08:00:00+00:00,2025-03-26 12:00:00+00:00,-1,3.453744493392113
stage36b_ny_open_continuation_h4_atr075,ny_open,continuation,4,2025-03-26 13:00:00+00:00,2025-03-26 17:00:00+00:00,1,-10.581910183428029
stage36b_ny_open_reversal_h4_atr075,ny_open,reversal,4,2025-03-26 13:00:00+00:00,2025-03-26 17:00:00+00:00,-1,10.581910183428029
stage36b_ny_late_reversal_h8_atr075,ny_late,reversal,8,2025-03-26 18:00:00+00:00,2025-03-27 02:00:00+00:00,1,7.621267297888138
stage36b_ny_late_continuation_h8_atr075,ny_late,continuation,8,2025-03-26 18:00:00+00:00,2025-03-27 02:00:00+00:00,-1,-7.621267297888138
stage36b_london_open_continuation_h4_atr075,london_open,continuation,4,2025-03-27 08:00:00+00:00,2025-03-27 12:00:00+00:00,1,22.779299847793137
stage36b_london_open_reversal_h4_atr075,london_open,reversal,4,2025-03-27 08:00:00+00:00,2025-03-27 12:00:00+00:00,-1,-22.779299847793137
stage36b_ny_open_continuation_h4_atr075,ny_open,continuation,4,2025-03-27 13:00:00+00:00,2025-03-27 17:00:00+00:00,1,-1.9406541043968746
stage36b_ny_open_reversal_h4_atr075,ny_open,reversal,4,2025-03-27 13:00:00+00:00,2025-03-27 17:00:00+00:00,-1,1.9406541043968746
stage36b_ny_late_reversal_h8_atr075,ny_late,reversal,8,2025-03-27 18:00:00+00:00,2025-03-28 02:00:00+00:00,1,8.115425419053604
stage36b_ny_late_continuation_h8_atr075,ny_late,continuation,8,2025-03-27 18:00:00+00:00,2025-03-28 02:00:00+00:00,-1,-8.115425419053604
stage36b_london_open_continuation_h4_atr075,london_open,continuation,4,2025-03-28 08:00:00+00:00,2025-03-28 12:00:00+00:00,1,-9.83377698905633
stage36b_london_open_reversal_h4_atr075,london_open,reversal,4,2025-03-28 08:00:00+00:00,2025-03-28 12:00:00+00:00,-1,9.83377698905633
stage36b_ny_open_continuation_h4_atr075,ny_open,continuation,4,2025-03-28 13:00:00+00:00,2025-03-28 17:00:00+00:00,1,5.362759332752589
stage36b_ny_open_reversal_h4_atr075,ny_open,reversal,4,2025-03-28 13:00:00+00:00,2025-03-28 17:00:00+00:00,-1,-5.362759332752589
stage36b_ny_late_reversal_h8_atr075,ny_late,reversal,8,2025-03-28 18:00:00+00:00,2025-03-31 02:00:00+00:00,-1,-2.924655180876737
stage36b_ny_late_continuation_h8_atr075,ny_late,continuation,8,2025-03-28 18:00:00+00:00,2025-03-31 02:00:00+00:00,1,2.924655180876737
stage36b_london_open_continuation_h4_atr075,london_open,continuation,4,2025-03-31 08:00:00+00:00,2025-03-31 12:00:00+00:00,1,-0.9336957928803296
stage36b_london_open_reversal_h4_atr075,london_open,reversal,4,2025-03-31 08:00:00+00:00,2025-03-31 12:00:00+00:00,-1,0.9336957928803296
stage36b_ny_open_continuation_h4_atr075,ny_open,continuation,4,2025-03-31 13:00:00+00:00,2025-03-31 17:00:00+00:00,1,2.472371269886119
stage36b_ny_open_reversal_h4_atr075,ny_open,reversal,4,2025-03-31 13:00:00+00:00,2025-03-31 17:00:00+00:00,-1,-2.472371269886119
stage36b_ny_late_reversal_h8_atr075,ny_late,reversal,8,2025-03-31 18:00:00+00:00,2025-04-01 02:00:00+00:00,1,3.040744305421884
stage36b_ny_late_continuation_h8_atr075,ny_late,continuation,8,2025-03-31 18:00:00+00:00,2025-04-01 02:00:00+00:00,-1,-3.040744305421884
stage36b_london_open_continuation_h4_atr075,london_open,continuation,4,2025-04-01 08:00:00+00:00,2025-04-01 12:00:00+00:00,-1,0.014392187098419348
stage36b_london_open_reversal_h4_atr075,london_open,reversal,4,2025-04-01 08:00:00+00:00,2025-04-01 12:00:00+00:00,1,-0.014392187098419348
stage36b_ny_open_continuation_h4_atr075,ny_open,continuation,4,2025-04-01 13:00:00+00:00,2025-04-01 17:00:00+00:00,1,-2.2330553773787005
stage36b_ny_open_reversal_h4_atr075,ny_open,reversal,4,2025-04-01 13:00:00+00:00,2025-04-01 17:00:00+00:00,-1,2.2330553773787005
stage36b_ny_late_reversal_h8_atr075,ny_late,reversal,8,2025-04-01 18:00:00+00:00,2025-04-02 02:00:00+00:00,1,0.8252798639650752
stage36b_ny_late_continuation_h8_atr075,ny_late,continuation,8,2025-04-01 18:00:00+00:00,2025-04-02 02:00:00+00:00,-1,-0.8252798639650752
stage36b_london_open_continuation_h4_atr075,london_open,continuation,4,2025-04-02 08:00:00+00:00,2025-04-02 12:00:00+00:00,1,8.049181219737797
stage36b_london_open_reversal_h4_atr075,london_open,reversal,4,2025-04-02 08:00:00+00:00,2025-04-02 12:00:00+00:00,-1,-8.049181219737797
stage36b_ny_open_continuation_h4_atr075,ny_open,continuation,4,2025-04-02 13:00:00+00:00,2025-04-02 17:00:00+00:00,-1,-5.792669215201195
stage36b_ny_open_reversal_h4_atr075,ny_open,reversal,4,2025-04-02 13:00:00+00:00,2025-04-02 17:00:00+00:00,1,5.792669215201195
stage36b_ny_late_reversal_h8_atr075,ny_late,reversal,8,2025-04-02 18:00:00+00:00,2025-04-03 02:00:00+00:00,-1,-19.09256167686894
stage36b_ny_late_continuation_h8_atr075,ny_late,continuation,8,2025-04-02 18:00:00+00:00,2025-04-03 02:00:00+00:00,1,19.09256167686894
stage36b_london_open_continuation_h4_atr075,london_open,continuation,4,2025-04-03 08:00:00+00:00,2025-04-03 12:00:00+00:00,-1,3.1875297024997646
stage36b_london_open_reversal_h4_atr075,london_open,reversal,4,2025-04-03 08:00:00+00:00,2025-04-03 12:00:00+00:00,1,-3.1875297024997646
stage36b_ny_open_continuation_h4_atr075,ny_open,continuation,4,2025-04-03 13:00:00+00:00,2025-04-03 17:00:00+00:00,-1,-10.14833980163858
stage36b_ny_open_reversal_h4_atr075,ny_open,reversal,4,2025-04-03 13:00:00+00:00,2025-04-03 17:00:00+00:00,1,10.14833980163858
stage36b_ny_late_reversal_h8_atr075,ny_late,reversal,8,2025-04-03 18:00:00+00:00,2025-04-04 02:00:00+00:00,1,0.6094704268114467
stage36b_ny_late_continuation_h8_atr075,ny_late,continuation,8,2025-04-03 18:00:00+00:00,2025-04-04 02:00:00+00:00,-1,-0.6094704268114467
stage36b_london_open_continuation_h4_atr075,london_open,continuation,4,2025-04-04 08:00:00+00:00,2025-04-04 12:00:00+00:00,1,-9.707618912663687
stage36b_london_open_reversal_h4_atr075,london_open,reversal,4,2025-04-04 08:00:00+00:00,2025-04-04 12:00:00+00:00,-1,9.707618912663687
stage36b_ny_open_continuation_h4_atr075,ny_open,continuation,4,2025-04-04 13:00:00+00:00,2025-04-04 17:00:00+00:00,1,-33.635363737113664
stage36b_ny_open_reversal_h4_atr075,ny_open,reversal,4,2025-04-04 13:00:00+00:00,2025-04-04 17:00:00+00:00,-1,33.635363737113664
stage36b_ny_late_reversal_h8_atr075,ny_late,reversal,8,2025-04-04 18:00:00+00:00,2025-04-07 01:00:00+00:00,1,-3.030984442410679
stage36b_ny_late_continuation_h8_atr075,ny_late,continuation,8,2025-04-04 18:00:00+00:00,2025-04-07 01:00:00+00:00,-1,3.030984442410679
stage36b_london_open_continuation_h4_atr075,london_open,continuation,4,2025-04-07 08:00:00+00:00,2025-04-07 12:00:00+00:00,-1,1.251591158232375
stage36b_london_open_reversal_h4_atr075,london_open,reversal,4,2025-04-07 08:00:00+00:00,2025-04-07 12:00:00+00:00,1,-1.251591158232375
stage36b_ny_open_continuation_h4_atr075,ny_open,continuation,4,2025-04-07 13:00:00+00:00,2025-04-07 17:00:00+00:00,1,-6.045540285637261
stage36b_ny_open_reversal_h4_atr075,ny_open,reversal,4,2025-04-07 13:00:00+00:00,2025-04-07 17:00:00+00:00,-1,6.045540285637261
stage36b_ny_late_reversal_h8_atr075,ny_late,reversal,8,2025-04-07 18:00:00+00:00,2025-04-08 02:00:00+00:00,1,-1.5897314000475362
stage36b_ny_late_continuation_h8_atr075,ny_late,continuation,8,2025-04-07 18:00:00+00:00,2025-04-08 02:00:00+00:00,-1,1.5897314000475362
stage36b_london_open_continuation_h4_atr075,london_open,continuation,4,2025-04-08 08:00:00+00:00,2025-04-08 12:00:00+00:00,1,0.513722836303587
stage36b_london_open_reversal_h4_atr075,london_open,reversal,4,2025-04-08 08:00:00+00:00,2025-04-08 12:00:00+00:00,-1,-0.513722836303587
stage36b_ny_open_continuation_h4_atr075,ny_open,continuation,4,2025-04-08 13:00:00+00:00,2025-04-08 17:00:00+00:00,1,-1.4538063562453507
stage36b_ny_open_reversal_h4_atr075,ny_open,reversal,4,2025-04-08 13:00:00+00:00,2025-04-08 17:00:00+00:00,-1,1.4538063562453507
stage36b_ny_late_reversal_h8_atr075,ny_late,reversal,8,2025-04-08 18:00:00+00:00,2025-04-09 02:00:00+00:00,1,-10.943994601889164
stage36b_ny_late_continuation_h8_atr075,ny_late,continuation,8,2025-04-08 18:00:00+00:00,2025-04-09 02:00:00+00:00,-1,10.943994601889164
stage36b_london_open_continuation_h4_atr075,london_open,continuation,4,2025-04-09 08:00:00+00:00,2025-04-09 12:00:00+00:00,1,10.478907281082563
stage36b_london_open_reversal_h4_atr075,london_open,reversal,4,2025-04-09 08:00:00+00:00,2025-04-09 12:00:00+00:00,-1,-10.478907281082563
stage36b_ny_open_continuation_h4_atr075,ny_open,continuation,4,2025-04-09 13:00:00+00:00,2025-04-09 17:00:00+00:00,-1,-9.353397826346514
stage36b_ny_open_reversal_h4_atr075,ny_open,reversal,4,2025-04-09 13:00:00+00:00,2025-04-09 17:00:00+00:00,1,9.353397826346514
stage36b_ny_late_reversal_h8_atr075,ny_late,reversal,8,2025-04-09 18:00:00+00:00,2025-04-10 02:00:00+00:00,-1,-0.13980885508094887
stage36b_ny_late_continuation_h8_atr075,ny_late,continuation,8,2025-04-09 18:00:00+00:00,2025-04-10 02:00:00+00:00,1,0.13980885508094887
stage36b_london_open_continuation_h4_atr075,london_open,continuation,4,2025-04-10 08:00:00+00:00,2025-04-10 12:00:00+00:00,-1,1.5394921363421095
stage36b_london_open_reversal_h4_atr075,london_open,reversal,4,2025-04-10 08:00:00+00:00,2025-04-10 12:00:00+00:00,1,-1.5394921363421095
stage36b_ny_open_continuation_h4_atr075,ny_open,continuation,4,2025-04-10 13:00:00+00:00,2025-04-10 17:00:00+00:00,1,12.51202204174471
stage36b_ny_open_reversal_h4_atr075,ny_open,reversal,4,2025-04-10 13:00:00+00:00,2025-04-10 17:00:00+00:00,-1,-12.51202204174471
stage36b_ny_late_reversal_h8_atr075,ny_late,reversal,8,2025-04-10 18:00:00+00:00,2025-04-11 02:00:00+00:00,-1,-9.706037629879285
stage36b_ny_late_continuation_h8_atr075,ny_late,continuation,8,2025-04-10 18:00:00+00:00,2025-04-11 02:00:00+00:00,1,9.706037629879285
stage36b_london_open_continuation_h4_atr075,london_open,continuation,4,2025-04-11 08:00:00+00:00,2025-04-11 12:00:00+00:00,-1,-10.983119451727141
stage36b_london_open_reversal_h4_atr075,london_open,reversal,4,2025-04-11 08:00:00+00:00,2025-04-11 12:00:00+00:00,1,10.983119451727141
stage36b_ny_open_continuation_h4_atr075,ny_open,continuation,4,2025-04-11 13:00:00+00:00,2025-04-11 17:00:00+00:00,-1,-5.368744939271321
stage36b_ny_open_reversal_h4_atr075,ny_open,reversal,4,2025-04-11 13:00:00+00:00,2025-04-11 17:00:00+00:00,1,5.368744939271321
stage36b_ny_late_reversal_h8_atr075,ny_late,reversal,8,2025-04-11 18:00:00+00:00,2025-04-14 01:00:00+00:00,-1,5.792491683827066
stage36b_ny_late_continuation_h8_atr075,ny_late,continuation,8,2025-04-11 18:00:00+00:00,2025-04-14 01:00:00+00:00,1,-5.792491683827066
stage36b_london_open_continuation_h4_atr075,london_open,continuation,4,2025-04-14 08:00:00+00:00,2025-04-14 12:00:00+00:00,1,-4.317211897257483
stage36b_london_open_reversal_h4_atr075,london_open,reversal,4,2025-04-14 08:00:00+00:00,2025-04-14 12:00:00+00:00,-1,4.317211897257483
stage36b_ny_open_continuation_h4_atr075,ny_open,continuation,4,2025-04-14 13:00:00+00:00,2025-04-14 17:00:00+00:00,-1,1.7137154895222546
stage36b_ny_open_reversal_h4_atr075,ny_open,reversal,4,2025-04-14 13:00:00+00:00,2025-04-14 17:00:00+00:00,1,-1.7137154895222546
stage36b_ny_late_reversal_h8_atr075,ny_late,reversal,8,2025-04-14 18:00:00+00:00,2025-04-15 02:00:00+00:00,1,5.497024406553112
stage36b_ny_late_continuation_h8_atr075,ny_late,continuation,8,2025-04-14 18:00:00+00:00,2025-04-15 02:00:00+00:00,-1,-5.497024406553112
stage36b_london_open_continuation_h4_atr075,london_open,continuation,4,2025-04-15 08:00:00+00:00,2025-04-15 12:00:00+00:00,-1,1.473730600938191
stage36b_london_open_reversal_h4_atr075,london_open,reversal,4,2025-04-15 08:00:00+00:00,2025-04-15 12:00:00+00:00,1,-1.473730600938191
stage36b_ny_open_continuation_h4_atr075,ny_open,continuation,4,2025-04-15 13:00:00+00:00,2025-04-15 17:00:00+00:00,-1,-1.635748500988064
stage36b_ny_open_reversal_h4_atr075,ny_open,reversal,4,2025-04-15 13:00:00+00:00,2025-04-15 17:00:00+00:00,1,1.635748500988064
stage36b_ny_late_reversal_h8_atr075,ny_late,reversal,8,2025-04-15 18:00:00+00:00,2025-04-16 02:00:00+00:00,1,18.75374416891743
stage36b_ny_late_continuation_h8_atr075,ny_late,continuation,8,2025-04-15 18:00:00+00:00,2025-04-16 02:00:00+00:00,-1,-18.75374416891743
stage36b_london_open_continuation_h4_atr075,london_open,continuation,4,2025-04-16 08:00:00+00:00,2025-04-16 12:00:00+00:00,1,5.95902821859308
stage36b_london_open_reversal_h4_atr075,london_open,reversal,4,2025-04-16 08:00:00+00:00,2025-04-16 12:00:00+00:00,-1,-5.95902821859308
stage36b_ny_open_continuation_h4_atr075,ny_open,continuation,4,2025-04-16 13:00:00+00:00,2025-04-16 17:00:00+00:00,1,1.6142322097378063
stage36b_ny_open_reversal_h4_atr075,ny_open,reversal,4,2025-04-16 13:00:00+00:00,2025-04-16 17:00:00+00:00,-1,-1.6142322097378063
stage36b_ny_late_reversal_h8_atr075,ny_late,reversal,8,2025-04-16 18:00:00+00:00,2025-04-17 02:00:00+00:00,-1,-9.16635366215271
stage36b_ny_late_continuation_h8_atr075,ny_late,continuation,8,2025-04-16 18:00:00+00:00,2025-04-17 02:00:00+00:00,1,9.16635366215271
stage36b_london_open_continuation_h4_atr075,london_open,continuation,4,2025-04-17 08:00:00+00:00,2025-04-17 12:00:00+00:00,-1,3.264592592592539
stage36b_london_open_reversal_h4_atr075,london_open,reversal,4,2025-04-17 08:00:00+00:00,2025-04-17 12:00:00+00:00,1,-3.264592592592539
stage36b_ny_open_continuation_h4_atr075,ny_open,continuation,4,2025-04-17 13:00:00+00:00,2025-04-17 17:00:00+00:00,1,-15.389891696750869
stage36b_ny_open_reversal_h4_atr075,ny_open,reversal,4,2025-04-17 13:00:00+00:00,2025-04-17 17:00:00+00:00,-1,15.389891696750869
stage36b_ny_late_reversal_h8_atr075,ny_late,reversal,8,2025-04-17 18:00:00+00:00,2025-04-21 01:00:00+00:00,-1,-18.615423009732908
stage36b_ny_late_continuation_h8_atr075,ny_late,continuation,8,2025-04-17 18:00:00+00:00,2025-04-21 01:00:00+00:00,1,18.615423009732908
stage36b_london_open_continuation_h4_atr075,london_open,continuation,4,2025-04-21 08:00:00+00:00,2025-04-21 12:00:00+00:00,1,3.9375656611135703
stage36b_london_open_reversal_h4_atr075,london_open,reversal,4,2025-04-21 08:00:00+00:00,2025-04-21 12:00:00+00:00,-1,-3.9375656611135703
stage36b_ny_open_continuation_h4_atr075,ny_open,continuation,4,2025-04-21 13:00:00+00:00,2025-04-21 17:00:00+00:00,1,10.028749124758152
stage36b_ny_open_reversal_h4_atr075,ny_open,reversal,4,2025-04-21 13:00:00+00:00,2025-04-21 17:00:00+00:00,-1,-10.028749124758152
stage36b_ny_late_reversal_h8_atr075,ny_late,reversal,8,2025-04-21 18:00:00+00:00,2025-04-22 02:00:00+00:00,-1,-4.7207714812006065
stage36b_ny_late_continuation_h8_atr075,ny_late,continuation,8,2025-04-21 18:00:00+00:00,2025-04-22 02:00:00+00:00,1,4.7207714812006065
stage36b_london_open_continuation_h4_atr075,london_open,continuation,4,2025-04-22 08:00:00+00:00,2025-04-22 12:00:00+00:00,1,-11.826281871672611
stage36b_london_open_reversal_h4_atr075,london_open,reversal,4,2025-04-22 08:00:00+00:00,2025-04-22 12:00:00+00:00,-1,11.826281871672611
stage36b_ny_open_continuation_h4_atr075,ny_open,continuation,4,2025-04-22 13:00:00+00:00,2025-04-22 17:00:00+00:00,-1,5.815584326384764
stage36b_ny_open_reversal_h4_atr075,ny_open,reversal,4,2025-04-22 13:00:00+00:00,2025-04-22 17:00:00+00:00,1,-5.815584326384764
stage36b_ny_late_reversal_h8_atr075,ny_late,reversal,8,2025-04-22 18:00:00+00:00,2025-04-23 02:00:00+00:00,1,-18.324190130184633
stage36b_ny_late_continuation_h8_atr075,ny_late,continuation,8,2025-04-22 18:00:00+00:00,2025-04-23 02:00:00+00:00,-1,18.324190130184633
stage36b_london_open_continuation_h4_atr075,london_open,continuation,4,2025-04-23 08:00:00+00:00,2025-04-23 12:00:00+00:00,-1,0.25883129745795236
stage36b_london_open_reversal_h4_atr075,london_open,reversal,4,2025-04-23 08:00:00+00:00,2025-04-23 12:00:00+00:00,1,-0.25883129745795236
stage36b_ny_open_continuation_h4_atr075,ny_open,continuation,4,2025-04-23 13:00:00+00:00,2025-04-23 17:00:00+00:00,1,-8.851621307280826
stage36b_ny_open_reversal_h4_atr075,ny_open,reversal,4,2025-04-23 13:00:00+00:00,2025-04-23 17:00:00+00:00,-1,8.851621307280826
stage36b_ny_late_reversal_h8_atr075,ny_late,reversal,8,2025-04-23 18:00:00+00:00,2025-04-24 02:00:00+00:00,1,7.502771799386906
stage36b_ny_late_continuation_h8_atr075,ny_late,continuation,8,2025-04-23 18:00:00+00:00,2025-04-24 02:00:00+00:00,-1,-7.502771799386906
stage36b_london_open_continuation_h4_atr075,london_open,continuation,4,2025-04-24 08:00:00+00:00,2025-04-24 12:00:00+00:00,-1,-3.215737325522591
stage36b_london_open_reversal_h4_atr075,london_open,reversal,4,2025-04-24 08:00:00+00:00,2025-04-24 12:00:00+00:00,1,3.215737325522591
stage36b_ny_open_continuation_h4_atr075,ny_open,continuation,4,2025-04-24 13:00:00+00:00,2025-04-24 17:00:00+00:00,-1,0.6829086455254569
stage36b_ny_open_reversal_h4_atr075,ny_open,reversal,4,2025-04-24 13:00:00+00:00,2025-04-24 17:00:00+00:00,1,-0.6829086455254569
stage36b_ny_late_reversal_h8_atr075,ny_late,reversal,8,2025-04-24 18:00:00+00:00,2025-04-25 02:00:00+00:00,-1,-6.4428605369446315
stage36b_ny_late_continuation_h8_atr075,ny_late,continuation,8,2025-04-24 18:00:00+00:00,2025-04-25 02:00:00+00:00,1,6.4428605369446315
stage36b_london_open_continuation_h4_atr075,london_open,continuation,4,2025-04-25 08:00:00+00:00,2025-04-25 12:00:00+00:00,-1,0.6420966420967087
stage36b_london_open_reversal_h4_atr075,london_open,reversal,4,2025-04-25 08:00:00+00:00,2025-04-25 12:00:00+00:00,1,-0.6420966420967087
stage36b_ny_open_continuation_h4_atr075,ny_open,continuation,4,2025-04-25 13:00:00+00:00,2025-04-25 17:00:00+00:00,1,-5.557957957958063
stage36b_ny_open_reversal_h4_atr075,ny_open,reversal,4,2025-04-25 13:00:00+00:00,2025-04-25 17:00:00+00:00,-1,5.557957957958063
stage36b_ny_late_reversal_h8_atr075,ny_late,reversal,8,2025-04-25 18:00:00+00:00,2025-04-28 01:00:00+00:00,-1,-8.344779407813434
stage36b_ny_late_continuation_h8_atr075,ny_late,continuation,8,2025-04-25 18:00:00+00:00,2025-04-28 01:00:00+00:00,1,8.344779407813434
stage36b_london_open_continuation_h4_atr075,london_open,continuation,4,2025-04-28 08:00:00+00:00,2025-04-28 12:00:00+00:00,-1,6.075976035288657
stage36b_london_open_reversal_h4_atr075,london_open,reversal,4,2025-04-28 08:00:00+00:00,2025-04-28 12:00:00+00:00,1,-6.075976035288657
stage36b_ny_open_continuation_h4_atr075,ny_open,continuation,4,2025-04-28 13:00:00+00:00,2025-04-28 17:00:00+00:00,1,11.960047679723822
stage36b_ny_open_reversal_h4_atr075,ny_open,reversal,4,2025-04-28 13:00:00+00:00,2025-04-28 17:00:00+00:00,-1,-11.960047679723822
stage36b_ny_late_reversal_h8_atr075,ny_late,reversal,8,2025-04-28 18:00:00+00:00,2025-04-29 02:00:00+00:00,1,4.393361678781986
stage36b_ny_late_continuation_h8_atr075,ny_late,continuation,8,2025-04-28 18:00:00+00:00,2025-04-29 02:00:00+00:00,-1,-4.393361678781986
stage36b_london_open_continuation_h4_atr075,london_open,continuation,4,2025-04-29 08:00:00+00:00,2025-04-29 12:00:00+00:00,1,-0.5467224546721416
stage36b_london_open_reversal_h4_atr075,london_open,reversal,4,2025-04-29 08:00:00+00:00,2025-04-29 12:00:00+00:00,-1,0.5467224546721416
stage36b_ny_open_continuation_h4_atr075,ny_open,continuation,4,2025-04-29 13:00:00+00:00,2025-04-29 17:00:00+00:00,1,0.7536266302520521
stage36b_ny_open_reversal_h4_atr075,ny_open,reversal,4,2025-04-29 13:00:00+00:00,2025-04-29 17:00:00+00:00,-1,-0.7536266302520521
stage36b_ny_late_reversal_h8_atr075,ny_late,reversal,8,2025-04-29 18:00:00+00:00,2025-04-30 02:00:00+00:00,1,1.914529914529885
stage36b_ny_late_continuation_h8_atr075,ny_late,continuation,8,2025-04-29 18:00:00+00:00,2025-04-30 02:00:00+00:00,-1,-1.914529914529885
stage36b_london_open_continuation_h4_atr075,london_open,continuation,4,2025-04-30 08:00:00+00:00,2025-04-30 12:00:00+00:00,1,-17.72073409192645
stage36b_london_open_reversal_h4_atr075,london_open,reversal,4,2025-04-30 08:00:00+00:00,2025-04-30 12:00:00+00:00,-1,17.72073409192645
stage36b_ny_open_continuation_h4_atr075,ny_open,continuation,4,2025-04-30 13:00:00+00:00,2025-04-30 17:00:00+00:00,-1,-18.187410400104365
stage36b_ny_open_reversal_h4_atr075,ny_open,reversal,4,2025-04-30 13:00:00+00:00,2025-04-30 17:00:00+00:00,1,18.187410400104365
stage36b_ny_late_reversal_h8_atr075,ny_late,reversal,8,2025-04-30 18:00:00+00:00,2025-05-01 02:00:00+00:00,1,-12.77054976992007
stage36b_ny_late_continuation_h8_atr075,ny_late,continuation,8,2025-04-30 18:00:00+00:00,2025-05-01 02:00:00+00:00,-1,12.77054976992007
stage36b_london_open_continuation_h4_atr075,london_open,continuation,4,2025-05-01 08:00:00+00:00,2025-05-01 12:00:00+00:00,1,-6.194871794871923
stage36b_london_open_reversal_h4_atr075,london_open,reversal,4,2025-05-01 08:00:00+00:00,2025-05-01 12:00:00+00:00,-1,6.194871794871923
stage36b_ny_open_continuation_h4_atr075,ny_open,continuation,4,2025-05-01 13:00:00+00:00,2025-05-01 17:00:00+00:00,1,-1.2907480163314922
stage36b_ny_open_reversal_h4_atr075,ny_open,reversal,4,2025-05-01 13:00:00+00:00,2025-05-01 17:00:00+00:00,-1,1.2907480163314922
stage36b_ny_late_reversal_h8_atr075,ny_late,reversal,8,2025-05-01 18:00:00+00:00,2025-05-02 02:00:00+00:00,1,7.178892112170255
stage36b_ny_late_continuation_h8_atr075,ny_late,continuation,8,2025-05-01 18:00:00+00:00,2025-05-02 02:00:00+00:00,-1,-7.178892112170255
stage36b_london_open_continuation_h4_atr075,london_open,continuation,4,2025-05-02 08:00:00+00:00,2025-05-02 12:00:00+00:00,1,7.0227369015676455
stage36b_london_open_reversal_h4_atr075,london_open,reversal,4,2025-05-02 08:00:00+00:00,2025-05-02 12:00:00+00:00,-1,-7.0227369015676455
stage36b_ny_open_continuation_h4_atr075,ny_open,continuation,4,2025-05-02 13:00:00+00:00,2025-05-02 17:00:00+00:00,-1,-1.7513559202650482
stage36b_ny_open_reversal_h4_atr075,ny_open,reversal,4,2025-05-02 13:00:00+00:00,2025-05-02 17:00:00+00:00,1,1.7513559202650482
stage36b_ny_late_reversal_h8_atr075,ny_late,reversal,8,2025-05-02 18:00:00+00:00,2025-05-05 01:00:00+00:00,1,3.0377000271223307
stage36b_ny_late_continuation_h8_atr075,ny_late,continuation,8,2025-05-02 18:00:00+00:00,2025-05-05 01:00:00+00:00,-1,-3.0377000271223307
stage36b_london_open_continuation_h4_atr075,london_open,continuation,4,2025-05-05 08:00:00+00:00,2025-05-05 12:00:00+00:00,1,22.655904631814078
stage36b_london_open_reversal_h4_atr075,london_open,reversal,4,2025-05-05 08:00:00+00:00,2025-05-05 12:00:00+00:00,-1,-22.655904631814078
stage36b_ny_open_continuation_h4_atr075,ny_open,continuation,4,2025-05-05 13:00:00+00:00,2025-05-05 17:00:00+00:00,1,-0.19526427211746827
stage36b_ny_open_reversal_h4_atr075,ny_open,reversal,4,2025-05-05 13:00:00+00:00,2025-05-05 17:00:00+00:00,-1,0.19526427211746827
stage36b_ny_late_reversal_h8_atr075,ny_late,reversal,8,2025-05-05 18:00:00+00:00,2025-05-06 02:00:00+00:00,1,9.61013283904857
stage36b_ny_late_continuation_h8_atr075,ny_late,continuation,8,2025-05-05 18:00:00+00:00,2025-05-06 02:00:00+00:00,-1,-9.61013283904857
stage36b_london_open_continuation_h4_atr075,london_open,continuation,4,2025-05-06 08:00:00+00:00,2025-05-06 12:00:00+00:00,-1,-7.628852014900027
stage36b_london_open_reversal_h4_atr075,london_open,reversal,4,2025-05-06 08:00:00+00:00,2025-05-06 12:00:00+00:00,1,7.628852014900027
stage36b_ny_open_continuation_h4_atr075,ny_open,continuation,4,2025-05-06 13:00:00+00:00,2025-05-06 17:00:00+00:00,1,0.9158174636110212
stage36b_ny_open_reversal_h4_atr075,ny_open,reversal,4,2025-05-06 13:00:00+00:00,2025-05-06 17:00:00+00:00,-1,-0.9158174636110212
stage36b_ny_late_reversal_h8_atr075,ny_late,reversal,8,2025-05-06 18:00:00+00:00,2025-05-07 02:00:00+00:00,-1,-2.0620735482408143
stage36b_ny_late_continuation_h8_atr075,ny_late,continuation,8,2025-05-06 18:00:00+00:00,2025-05-07 02:00:00+00:00,1,2.0620735482408143
stage36b_london_open_continuation_h4_atr075,london_open,continuation,4,2025-05-07 08:00:00+00:00,2025-05-07 12:00:00+00:00,1,-3.8823993609915526
stage36b_london_open_reversal_h4_atr075,london_open,reversal,4,2025-05-07 08:00:00+00:00,2025-05-07 12:00:00+00:00,-1,3.8823993609915526
stage36b_ny_open_continuation_h4_atr075,ny_open,continuation,4,2025-05-07 13:00:00+00:00,2025-05-07 17:00:00+00:00,1,-1.2804698972100468
stage36b_ny_open_reversal_h4_atr075,ny_open,reversal,4,2025-05-07 13:00:00+00:00,2025-05-07 17:00:00+00:00,-1,1.2804698972100468
stage36b_ny_late_reversal_h8_atr075,ny_late,reversal,8,2025-05-07 18:00:00+00:00,2025-05-08 02:00:00+00:00,1,-3.281557294802407
stage36b_ny_late_continuation_h8_atr075,ny_late,continuation,8,2025-05-07 18:00:00+00:00,2025-05-08 02:00:00+00:00,-1,3.281557294802407
stage36b_london_open_continuation_h4_atr075,london_open,continuation,4,2025-05-08 08:00:00+00:00,2025-05-08 12:00:00+00:00,-1,8.125357711881428
stage36b_london_open_reversal_h4_atr075,london_open,reversal,4,2025-05-08 08:00:00+00:00,2025-05-08 12:00:00+00:00,1,-8.125357711881428
stage36b_ny_open_continuation_h4_atr075,ny_open,continuation,4,2025-05-08 13:00:00+00:00,2025-05-08 17:00:00+00:00,1,4.3481392887093655
stage36b_ny_open_reversal_h4_atr075,ny_open,reversal,4,2025-05-08 13:00:00+00:00,2025-05-08 17:00:00+00:00,-1,-4.3481392887093655
stage36b_ny_late_reversal_h8_atr075,ny_late,reversal,8,2025-05-08 18:00:00+00:00,2025-05-09 02:00:00+00:00,1,-4.203666416623797
stage36b_ny_late_continuation_h8_atr075,ny_late,continuation,8,2025-05-08 18:00:00+00:00,2025-05-09 02:00:00+00:00,-1,4.203666416623797
stage36b_london_open_continuation_h4_atr075,london_open,continuation,4,2025-05-09 08:00:00+00:00,2025-05-09 12:00:00+00:00,-1,-1.058035431625075
stage36b_london_open_reversal_h4_atr075,london_open,reversal,4,2025-05-09 08:00:00+00:00,2025-05-09 12:00:00+00:00,1,1.058035431625075
stage36b_ny_open_continuation_h4_atr075,ny_open,continuation,4,2025-05-09 13:00:00+00:00,2025-05-09 17:00:00+00:00,-1,-4.68021286889217
stage36b_ny_open_reversal_h4_atr075,ny_open,reversal,4,2025-05-09 13:00:00+00:00,2025-05-09 17:00:00+00:00,1,4.68021286889217
stage36b_ny_late_reversal_h8_atr075,ny_late,reversal,8,2025-05-09 18:00:00+00:00,2025-05-12 01:00:00+00:00,-1,28.32803347280343
stage36b_ny_late_continuation_h8_atr075,ny_late,continuation,8,2025-05-09 18:00:00+00:00,2025-05-12 01:00:00+00:00,1,-28.32803347280343
stage36b_london_open_continuation_h4_atr075,london_open,continuation,4,2025-05-12 08:00:00+00:00,2025-05-12 12:00:00+00:00,-1,17.216794559860194
stage36b_london_open_reversal_h4_atr075,london_open,reversal,4,2025-05-12 08:00:00+00:00,2025-05-12 12:00:00+00:00,1,-17.216794559860194
stage36b_ny_open_continuation_h4_atr075,ny_open,continuation,4,2025-05-12 13:00:00+00:00,2025-05-12 17:00:00+00:00,-1,-7.619573850882245
stage36b_ny_open_reversal_h4_atr075,ny_open,reversal,4,2025-05-12 13:00:00+00:00,2025-05-12 17:00:00+00:00,1,7.619573850882245
stage36b_ny_late_reversal_h8_atr075,ny_late,reversal,8,2025-05-12 18:00:00+00:00,2025-05-13 02:00:00+00:00,-1,0.849135360763287
stage36b_ny_late_continuation_h8_atr075,ny_late,continuation,8,2025-05-12 18:00:00+00:00,2025-05-13 02:00:00+00:00,1,-0.849135360763287
stage36b_london_open_continuation_h4_atr075,london_open,continuation,4,2025-05-13 08:00:00+00:00,2025-05-13 12:00:00+00:00,1,-1.3464775186342934
stage36b_london_open_reversal_h4_atr075,london_open,reversal,4,2025-05-13 08:00:00+00:00,2025-05-13 12:00:00+00:00,-1,1.3464775186342934
stage36b_ny_open_continuation_h4_atr075,ny_open,continuation,4,2025-05-13 13:00:00+00:00,2025-05-13 17:00:00+00:00,-1,4.5373370522027745
stage36b_ny_open_reversal_h4_atr075,ny_open,reversal,4,2025-05-13 13:00:00+00:00,2025-05-13 17:00:00+00:00,1,-4.5373370522027745
stage36b_ny_late_reversal_h8_atr075,ny_late,reversal,8,2025-05-13 18:00:00+00:00,2025-05-14 02:00:00+00:00,-1,-0.41023431187718173
stage36b_ny_late_continuation_h8_atr075,ny_late,continuation,8,2025-05-13 18:00:00+00:00,2025-05-14 02:00:00+00:00,1,0.41023431187718173
stage36b_london_open_continuation_h4_atr075,london_open,continuation,4,2025-05-14 08:00:00+00:00,2025-05-14 12:00:00+00:00,1,-0.8100364405127825
stage36b_london_open_reversal_h4_atr075,london_open,reversal,4,2025-05-14 08:00:00+00:00,2025-05-14 12:00:00+00:00,-1,0.8100364405127825
stage36b_ny_open_continuation_h4_atr075,ny_open,continuation,4,2025-05-14 13:00:00+00:00,2025-05-14 17:00:00+00:00,1,-29.915435809891292
stage36b_ny_open_reversal_h4_atr075,ny_open,reversal,4,2025-05-14 13:00:00+00:00,2025-05-14 17:00:00+00:00,-1,29.915435809891292
stage36b_ny_late_reversal_h8_atr075,ny_late,reversal,8,2025-05-14 18:00:00+00:00,2025-05-15 02:00:00+00:00,-1,-1.322381930184731
stage36b_ny_late_continuation_h8_atr075,ny_late,continuation,8,2025-05-14 18:00:00+00:00,2025-05-15 02:00:00+00:00,1,1.322381930184731
stage36b_london_open_continuation_h4_atr075,london_open,continuation,4,2025-05-15 08:00:00+00:00,2025-05-15 12:00:00+00:00,-1,-15.301476520140191
stage36b_london_open_reversal_h4_atr075,london_open,reversal,4,2025-05-15 08:00:00+00:00,2025-05-15 12:00:00+00:00,1,15.301476520140191
stage36b_ny_open_continuation_h4_atr075,ny_open,continuation,4,2025-05-15 13:00:00+00:00,2025-05-15 17:00:00+00:00,1,8.884579789343762
stage36b_ny_open_reversal_h4_atr075,ny_open,reversal,4,2025-05-15 13:00:00+00:00,2025-05-15 17:00:00+00:00,-1,-8.884579789343762
stage36b_ny_late_reversal_h8_atr075,ny_late,reversal,8,2025-05-15 18:00:00+00:00,2025-05-16 02:00:00+00:00,-1,-5.409073496415337
stage36b_ny_late_continuation_h8_atr075,ny_late,continuation,8,2025-05-15 18:00:00+00:00,2025-05-16 02:00:00+00:00,1,5.409073496415337
stage36b_london_open_continuation_h4_atr075,london_open,continuation,4,2025-05-16 08:00:00+00:00,2025-05-16 12:00:00+00:00,-1,3.766895822316249
stage36b_london_open_reversal_h4_atr075,london_open,reversal,4,2025-05-16 08:00:00+00:00,2025-05-16 12:00:00+00:00,1,-3.766895822316249
stage36b_ny_open_continuation_h4_atr075,ny_open,continuation,4,2025-05-16 13:00:00+00:00,2025-05-16 17:00:00+00:00,-1,0.7653758542140242
stage36b_ny_open_reversal_h4_atr075,ny_open,reversal,4,2025-05-16 13:00:00+00:00,2025-05-16 17:00:00+00:00,1,-0.7653758542140242
stage36b_ny_late_reversal_h8_atr075,ny_late,reversal,8,2025-05-16 18:00:00+00:00,2025-05-19 01:00:00+00:00,-1,-16.964164425245226
stage36b_ny_late_continuation_h8_atr075,ny_late,continuation,8,2025-05-16 18:00:00+00:00,2025-05-19 01:00:00+00:00,1,16.964164425245226
stage36b_london_open_continuation_h4_atr075,london_open,continuation,4,2025-05-19 08:00:00+00:00,2025-05-19 12:00:00+00:00,1,5.395059743878264
stage36b_london_open_reversal_h4_atr075,london_open,reversal,4,2025-05-19 08:00:00+00:00,2025-05-19 12:00:00+00:00,-1,-5.395059743878264
stage36b_ny_open_continuation_h4_atr075,ny_open,continuation,4,2025-05-19 13:00:00+00:00,2025-05-19 17:00:00+00:00,-1,2.49088327499186
stage36b_ny_open_reversal_h4_atr075,ny_open,reversal,4,2025-05-19 13:00:00+00:00,2025-05-19 17:00:00+00:00,1,-2.49088327499186
stage36b_ny_late_reversal_h8_atr075,ny_late,reversal,8,2025-05-19 18:00:00+00:00,2025-05-20 02:00:00+00:00,1,-3.5863485822573837
stage36b_ny_late_continuation_h8_atr075,ny_late,continuation,8,2025-05-19 18:00:00+00:00,2025-05-20 02:00:00+00:00,-1,3.5863485822573837
stage36b_london_open_continuation_h4_atr075,london_open,continuation,4,2025-05-20 08:00:00+00:00,2025-05-20 12:00:00+00:00,-1,-13.50163267491028
stage36b_london_open_reversal_h4_atr075,london_open,reversal,4,2025-05-20 08:00:00+00:00,2025-05-20 12:00:00+00:00,1,13.50163267491028
stage36b_ny_open_continuation_h4_atr075,ny_open,continuation,4,2025-05-20 13:00:00+00:00,2025-05-20 17:00:00+00:00,-1,-23.528114859759025
stage36b_ny_open_reversal_h4_atr075,ny_open,reversal,4,2025-05-20 13:00:00+00:00,2025-05-20 17:00:00+00:00,1,23.528114859759025
stage36b_ny_late_reversal_h8_atr075,ny_late,reversal,8,2025-05-20 18:00:00+00:00,2025-05-21 02:00:00+00:00,1,4.794111950416514
stage36b_ny_late_continuation_h8_atr075,ny_late,continuation,8,2025-05-20 18:00:00+00:00,2025-05-21 02:00:00+00:00,-1,-4.794111950416514
stage36b_london_open_continuation_h4_atr075,london_open,continuation,4,2025-05-21 08:00:00+00:00,2025-05-21 12:00:00+00:00,1,-1.3098633570020426
stage36b_london_open_reversal_h4_atr075,london_open,reversal,4,2025-05-21 08:00:00+00:00,2025-05-21 12:00:00+00:00,-1,1.3098633570020426
stage36b_ny_open_continuation_h4_atr075,ny_open,continuation,4,2025-05-21 13:00:00+00:00,2025-05-21 17:00:00+00:00,-1,3.138680602893329
stage36b_ny_open_reversal_h4_atr075,ny_open,reversal,4,2025-05-21 13:00:00+00:00,2025-05-21 17:00:00+00:00,1,-3.138680602893329
stage36b_ny_late_reversal_h8_atr075,ny_late,reversal,8,2025-05-21 18:00:00+00:00,2025-05-22 02:00:00+00:00,-1,-3.5446790987705925
stage36b_ny_late_continuation_h8_atr075,ny_late,continuation,8,2025-05-21 18:00:00+00:00,2025-05-22 02:00:00+00:00,1,3.5446790987705925
stage36b_london_open_continuation_h4_atr075,london_open,continuation,4,2025-05-22 08:00:00+00:00,2025-05-22 12:00:00+00:00,-1,15.443634998122494
stage36b_london_open_reversal_h4_atr075,london_open,reversal,4,2025-05-22 08:00:00+00:00,2025-05-22 12:00:00+00:00,1,-15.443634998122494
stage36b_ny_open_continuation_h4_atr075,ny_open,continuation,4,2025-05-22 13:00:00+00:00,2025-05-22 17:00:00+00:00,-1,-3.489461971462187
stage36b_ny_open_reversal_h4_atr075,ny_open,reversal,4,2025-05-22 13:00:00+00:00,2025-05-22 17:00:00+00:00,1,3.489461971462187
stage36b_ny_late_reversal_h8_atr075,ny_late,reversal,8,2025-05-22 18:00:00+00:00,2025-05-23 02:00:00+00:00,1,1.7682967248185457
stage36b_ny_late_continuation_h8_atr075,ny_late,continuation,8,2025-05-22 18:00:00+00:00,2025-05-23 02:00:00+00:00,-1,-1.7682967248185457
stage36b_london_open_continuation_h4_atr075,london_open,continuation,4,2025-05-23 08:00:00+00:00,2025-05-23 12:00:00+00:00,1,2.503605797101282
stage36b_london_open_reversal_h4_atr075,london_open,reversal,4,2025-05-23 08:00:00+00:00,2025-05-23 12:00:00+00:00,-1,-2.503605797101282
stage36b_ny_open_continuation_h4_atr075,ny_open,continuation,4,2025-05-23 13:00:00+00:00,2025-05-23 17:00:00+00:00,1,16.706140671887546
stage36b_ny_open_reversal_h4_atr075,ny_open,reversal,4,2025-05-23 13:00:00+00:00,2025-05-23 17:00:00+00:00,-1,-16.706140671887546
stage36b_ny_late_reversal_h8_atr075,ny_late,reversal,8,2025-05-23 18:00:00+00:00,2025-05-26 01:00:00+00:00,-1,6.775800711743831
stage36b_ny_late_continuation_h8_atr075,ny_late,continuation,8,2025-05-23 18:00:00+00:00,2025-05-26 01:00:00+00:00,1,-6.775800711743831
stage36b_london_open_continuation_h4_atr075,london_open,continuation,4,2025-05-26 08:00:00+00:00,2025-05-26 12:00:00+00:00,-1,10.370980392156758
stage36b_london_open_reversal_h4_atr075,london_open,reversal,4,2025-05-26 08:00:00+00:00,2025-05-26 12:00:00+00:00,1,-10.370980392156758
stage36b_ny_open_continuation_h4_atr075,ny_open,continuation,4,2025-05-26 13:00:00+00:00,2025-05-26 17:00:00+00:00,1,3.16760940756167
stage36b_ny_open_reversal_h4_atr075,ny_open,reversal,4,2025-05-26 13:00:00+00:00,2025-05-26 17:00:00+00:00,-1,-3.16760940756167
stage36b_ny_late_reversal_h8_atr075,ny_late,reversal,8,2025-05-26 18:00:00+00:00,2025-05-27 03:00:00+00:00,-1,-5.122853957636747
stage36b_ny_late_continuation_h8_atr075,ny_late,continuation,8,2025-05-26 18:00:00+00:00,2025-05-27 03:00:00+00:00,1,5.122853957636747
stage36b_london_open_continuation_h4_atr075,london_open,continuation,4,2025-05-27 08:00:00+00:00,2025-05-27 12:00:00+00:00,-1,20.188841201716837
stage36b_london_open_reversal_h4_atr075,london_open,reversal,4,2025-05-27 08:00:00+00:00,2025-05-27 12:00:00+00:00,1,-20.188841201716837
stage36b_ny_open_continuation_h4_atr075,ny_open,continuation,4,2025-05-27 13:00:00+00:00,2025-05-27 17:00:00+00:00,-1,-3.0618204411307213
stage36b_ny_open_reversal_h4_atr075,ny_open,reversal,4,2025-05-27 13:00:00+00:00,2025-05-27 17:00:00+00:00,1,3.0618204411307213
stage36b_ny_late_reversal_h8_atr075,ny_late,reversal,8,2025-05-27 18:00:00+00:00,2025-05-28 02:00:00+00:00,1,6.30158730158717
stage36b_ny_late_continuation_h8_atr075,ny_late,continuation,8,2025-05-27 18:00:00+00:00,2025-05-28 02:00:00+00:00,-1,-6.30158730158717
stage36b_london_open_continuation_h4_atr075,london_open,continuation,4,2025-05-28 08:00:00+00:00,2025-05-28 12:00:00+00:00,1,9.923714759535532
stage36b_london_open_reversal_h4_atr075,london_open,reversal,4,2025-05-28 08:00:00+00:00,2025-05-28 12:00:00+00:00,-1,-9.923714759535532
stage36b_ny_open_continuation_h4_atr075,ny_open,continuation,4,2025-05-28 13:00:00+00:00,2025-05-28 17:00:00+00:00,-1,5.340068682840418
stage36b_ny_open_reversal_h4_atr075,ny_open,reversal,4,2025-05-28 13:00:00+00:00,2025-05-28 17:00:00+00:00,1,-5.340068682840418
stage36b_ny_late_reversal_h8_atr075,ny_late,reversal,8,2025-05-28 18:00:00+00:00,2025-05-29 02:00:00+00:00,1,-17.920792955440344
stage36b_ny_late_continuation_h8_atr075,ny_late,continuation,8,2025-05-28 18:00:00+00:00,2025-05-29 02:00:00+00:00,-1,17.920792955440344
stage36b_london_open_continuation_h4_atr075,london_open,continuation,4,2025-05-29 08:00:00+00:00,2025-05-29 12:00:00+00:00,1,2.9855424038367624
stage36b_london_open_reversal_h4_atr075,london_open,reversal,4,2025-05-29 08:00:00+00:00,2025-05-29 12:00:00+00:00,-1,-2.9855424038367624
stage36b_ny_open_continuation_h4_atr075,ny_open,continuation,4,2025-05-29 13:00:00+00:00,2025-05-29 17:00:00+00:00,1,4.211965811965854
stage36b_ny_open_reversal_h4_atr075,ny_open,reversal,4,2025-05-29 13:00:00+00:00,2025-05-29 17:00:00+00:00,-1,-4.211965811965854
stage36b_ny_late_reversal_h8_atr075,ny_late,reversal,8,2025-05-29 18:00:00+00:00,2025-05-30 02:00:00+00:00,-1,2.666985760440465
stage36b_ny_late_continuation_h8_atr075,ny_late,continuation,8,2025-05-29 18:00:00+00:00,2025-05-30 02:00:00+00:00,1,-2.666985760440465
stage36b_london_open_continuation_h4_atr075,london_open,continuation,4,2025-05-30 08:00:00+00:00,2025-05-30 12:00:00+00:00,1,-4.997898140662729
stage36b_london_open_reversal_h4_atr075,london_open,reversal,4,2025-05-30 08:00:00+00:00,2025-05-30 12:00:00+00:00,-1,4.997898140662729
stage36b_ny_open_continuation_h4_atr075,ny_open,continuation,4,2025-05-30 13:00:00+00:00,2025-05-30 17:00:00+00:00,-1,6.781983546838553
stage36b_ny_open_reversal_h4_atr075,ny_open,reversal,4,2025-05-30 13:00:00+00:00,2025-05-30 17:00:00+00:00,1,-6.781983546838553
stage36b_ny_late_reversal_h8_atr075,ny_late,reversal,8,2025-05-30 18:00:00+00:00,2025-06-02 01:00:00+00:00,-1,-9.25859049562188
stage36b_ny_late_continuation_h8_atr075,ny_late,continuation,8,2025-05-30 18:00:00+00:00,2025-06-02 01:00:00+00:00,1,9.25859049562188
stage36b_london_open_continuation_h4_atr075,london_open,continuation,4,2025-06-02 08:00:00+00:00,2025-06-02 12:00:00+00:00,1,13.537127371273804
stage36b_london_open_reversal_h4_atr075,london_open,reversal,4,2025-06-02 08:00:00+00:00,2025-06-02 12:00:00+00:00,-1,-13.537127371273804
stage36b_ny_open_continuation_h4_atr075,ny_open,continuation,4,2025-06-02 13:00:00+00:00,2025-06-02 17:00:00+00:00,1,13.55017850059524
stage36b_ny_open_reversal_h4_atr075,ny_open,reversal,4,2025-06-02 13:00:00+00:00,2025-06-02 17:00:00+00:00,-1,-13.55017850059524
stage36b_ny_late_reversal_h8_atr075,ny_late,reversal,8,2025-06-02 18:00:00+00:00,2025-06-03 02:00:00+00:00,1,6.003350083752067
stage36b_ny_late_continuation_h8_atr075,ny_late,continuation,8,2025-06-02 18:00:00+00:00,2025-06-03 02:00:00+00:00,-1,-6.003350083752067
stage36b_london_open_continuation_h4_atr075,london_open,continuation,4,2025-06-03 08:00:00+00:00,2025-06-03 12:00:00+00:00,1,-4.653196161152661
stage36b_london_open_reversal_h4_atr075,london_open,reversal,4,2025-06-03 08:00:00+00:00,2025-06-03 12:00:00+00:00,-1,4.653196161152661
stage36b_ny_open_continuation_h4_atr075,ny_open,continuation,4,2025-06-03 13:00:00+00:00,2025-06-03 17:00:00+00:00,-1,4.919048316967249
stage36b_ny_open_reversal_h4_atr075,ny_open,reversal,4,2025-06-03 13:00:00+00:00,2025-06-03 17:00:00+00:00,1,-4.919048316967249
stage36b_ny_late_reversal_h8_atr075,ny_late,reversal,8,2025-06-03 18:00:00+00:00,2025-06-04 02:00:00+00:00,-1,-4.8910917615540574
stage36b_ny_late_continuation_h8_atr075,ny_late,continuation,8,2025-06-03 18:00:00+00:00,2025-06-04 02:00:00+00:00,1,4.8910917615540574
stage36b_london_open_continuation_h4_atr075,london_open,continuation,4,2025-06-04 08:00:00+00:00,2025-06-04 12:00:00+00:00,-1,-7.402593795995545
stage36b_london_open_reversal_h4_atr075,london_open,reversal,4,2025-06-04 08:00:00+00:00,2025-06-04 12:00:00+00:00,1,7.402593795995545
stage36b_ny_open_continuation_h4_atr075,ny_open,continuation,4,2025-06-04 13:00:00+00:00,2025-06-04 17:00:00+00:00,-1,-13.473645996415163
stage36b_ny_open_reversal_h4_atr075,ny_open,reversal,4,2025-06-04 13:00:00+00:00,2025-06-04 17:00:00+00:00,1,13.473645996415163
stage36b_ny_late_reversal_h8_atr075,ny_late,reversal,8,2025-06-04 18:00:00+00:00,2025-06-05 02:00:00+00:00,1,2.7997812670885436
stage36b_ny_late_continuation_h8_atr075,ny_late,continuation,8,2025-06-04 18:00:00+00:00,2025-06-05 02:00:00+00:00,-1,-2.7997812670885436
stage36b_london_open_continuation_h4_atr075,london_open,continuation,4,2025-06-05 08:00:00+00:00,2025-06-05 12:00:00+00:00,-1,-18.64115081689785
stage36b_london_open_reversal_h4_atr075,london_open,reversal,4,2025-06-05 08:00:00+00:00,2025-06-05 12:00:00+00:00,1,18.64115081689785
stage36b_ny_open_continuation_h4_atr075,ny_open,continuation,4,2025-06-05 13:00:00+00:00,2025-06-05 17:00:00+00:00,1,-19.31373017770346
stage36b_ny_open_reversal_h4_atr075,ny_open,reversal,4,2025-06-05 13:00:00+00:00,2025-06-05 17:00:00+00:00,-1,19.31373017770346
stage36b_ny_late_reversal_h8_atr075,ny_late,reversal,8,2025-06-05 18:00:00+00:00,2025-06-06 02:00:00+00:00,1,6.794734137741585
stage36b_ny_late_continuation_h8_atr075,ny_late,continuation,8,2025-06-05 18:00:00+00:00,2025-06-06 02:00:00+00:00,-1,-6.794734137741585
stage36b_london_open_continuation_h4_atr075,london_open,continuation,4,2025-06-06 08:00:00+00:00,2025-06-06 12:00:00+00:00,-1,5.860120787064108
stage36b_london_open_reversal_h4_atr075,london_open,reversal,4,2025-06-06 08:00:00+00:00,2025-06-06 12:00:00+00:00,1,-5.860120787064108
stage36b_ny_open_continuation_h4_atr075,ny_open,continuation,4,2025-06-06 13:00:00+00:00,2025-06-06 17:00:00+00:00,1,-20.894275875159234
stage36b_ny_open_reversal_h4_atr075,ny_open,reversal,4,2025-06-06 13:00:00+00:00,2025-06-06 17:00:00+00:00,-1,20.894275875159234
stage36b_ny_late_reversal_h8_atr075,ny_late,reversal,8,2025-06-06 18:00:00+00:00,2025-06-09 01:00:00+00:00,-1,7.615903150364657
stage36b_ny_late_continuation_h8_atr075,ny_late,continuation,8,2025-06-06 18:00:00+00:00,2025-06-09 01:00:00+00:00,1,-7.615903150364657
stage36b_london_open_continuation_h4_atr075,london_open,continuation,4,2025-06-09 08:00:00+00:00,2025-06-09 12:00:00+00:00,1,2.2674846625766905
stage36b_london_open_reversal_h4_atr075,london_open,reversal,4,2025-06-09 08:00:00+00:00,2025-06-09 12:00:00+00:00,-1,-2.2674846625766905
stage36b_ny_open_continuation_h4_atr075,ny_open,continuation,4,2025-06-09 13:00:00+00:00,2025-06-09 17:00:00+00:00,-1,-3.6013234077748786
stage36b_ny_open_reversal_h4_atr075,ny_open,reversal,4,2025-06-09 13:00:00+00:00,2025-06-09 17:00:00+00:00,1,3.6013234077748786
stage36b_ny_late_reversal_h8_atr075,ny_late,reversal,8,2025-06-09 18:00:00+00:00,2025-06-10 02:00:00+00:00,-1,1.1276190476189962
stage36b_ny_late_continuation_h8_atr075,ny_late,continuation,8,2025-06-09 18:00:00+00:00,2025-06-10 02:00:00+00:00,1,-1.1276190476189962
stage36b_london_open_continuation_h4_atr075,london_open,continuation,4,2025-06-10 08:00:00+00:00,2025-06-10 12:00:00+00:00,1,8.163412219922767
stage36b_london_open_reversal_h4_atr075,london_open,reversal,4,2025-06-10 08:00:00+00:00,2025-06-10 12:00:00+00:00,-1,-8.163412219922767
stage36b_ny_open_continuation_h4_atr075,ny_open,continuation,4,2025-06-10 13:00:00+00:00,2025-06-10 17:00:00+00:00,1,-4.238369857746939
stage36b_ny_open_reversal_h4_atr075,ny_open,reversal,4,2025-06-10 13:00:00+00:00,2025-06-10 17:00:00+00:00,-1,4.238369857746939
stage36b_ny_late_reversal_h8_atr075,ny_late,reversal,8,2025-06-10 18:00:00+00:00,2025-06-11 02:00:00+00:00,1,0.6841684241144803
stage36b_ny_late_continuation_h8_atr075,ny_late,continuation,8,2025-06-10 18:00:00+00:00,2025-06-11 02:00:00+00:00,-1,-0.6841684241144803
stage36b_london_open_continuation_h4_atr075,london_open,continuation,4,2025-06-11 08:00:00+00:00,2025-06-11 12:00:00+00:00,-1,3.65946966587296
stage36b_london_open_reversal_h4_atr075,london_open,reversal,4,2025-06-11 08:00:00+00:00,2025-06-11 12:00:00+00:00,1,-3.65946966587296
stage36b_ny_open_continuation_h4_atr075,ny_open,continuation,4,2025-06-11 13:00:00+00:00,2025-06-11 17:00:00+00:00,-1,-4.397567172222691
stage36b_ny_open_reversal_h4_atr075,ny_open,reversal,4,2025-06-11 13:00:00+00:00,2025-06-11 17:00:00+00:00,1,4.397567172222691
stage36b_ny_late_reversal_h8_atr075,ny_late,reversal,8,2025-06-11 18:00:00+00:00,2025-06-12 02:00:00+00:00,1,14.957242851571174
stage36b_ny_late_continuation_h8_atr075,ny_late,continuation,8,2025-06-11 18:00:00+00:00,2025-06-12 02:00:00+00:00,-1,-14.957242851571174
stage36b_london_open_continuation_h4_atr075,london_open,continuation,4,2025-06-12 08:00:00+00:00,2025-06-12 12:00:00+00:00,1,-4.013271400132843
stage36b_london_open_reversal_h4_atr075,london_open,reversal,4,2025-06-12 08:00:00+00:00,2025-06-12 12:00:00+00:00,-1,4.013271400132843
stage36b_ny_open_continuation_h4_atr075,ny_open,continuation,4,2025-06-12 13:00:00+00:00,2025-06-12 17:00:00+00:00,1,0.47898195473037286
stage36b_ny_open_reversal_h4_atr075,ny_open,reversal,4,2025-06-12 13:00:00+00:00,2025-06-12 17:00:00+00:00,-1,-0.47898195473037286
stage36b_ny_late_reversal_h8_atr075,ny_late,reversal,8,2025-06-12 18:00:00+00:00,2025-06-13 02:00:00+00:00,-1,-3.8995532275458604
stage36b_ny_late_continuation_h8_atr075,ny_late,continuation,8,2025-06-12 18:00:00+00:00,2025-06-13 02:00:00+00:00,1,3.8995532275458604
stage36b_london_open_continuation_h4_atr075,london_open,continuation,4,2025-06-13 08:00:00+00:00,2025-06-13 12:00:00+00:00,1,-0.7473686150896569
stage36b_london_open_reversal_h4_atr075,london_open,reversal,4,2025-06-13 08:00:00+00:00,2025-06-13 12:00:00+00:00,-1,0.7473686150896569
stage36b_ny_open_continuation_h4_atr075,ny_open,continuation,4,2025-06-13 13:00:00+00:00,2025-06-13 17:00:00+00:00,-1,-4.194405724375104
stage36b_ny_open_reversal_h4_atr075,ny_open,reversal,4,2025-06-13 13:00:00+00:00,2025-06-13 17:00:00+00:00,1,4.194405724375104
stage36b_ny_late_reversal_h8_atr075,ny_late,reversal,8,2025-06-13 18:00:00+00:00,2025-06-16 01:00:00+00:00,1,8.75222363405329
stage36b_ny_late_continuation_h8_atr075,ny_late,continuation,8,2025-06-13 18:00:00+00:00,2025-06-16 01:00:00+00:00,-1,-8.75222363405329
stage36b_london_open_continuation_h4_atr075,london_open,continuation,4,2025-06-16 08:00:00+00:00,2025-06-16 12:00:00+00:00,-1,4.63385157946796
stage36b_london_open_reversal_h4_atr075,london_open,reversal,4,2025-06-16 08:00:00+00:00,2025-06-16 12:00:00+00:00,1,-4.63385157946796
stage36b_ny_open_continuation_h4_atr075,ny_open,continuation,4,2025-06-16 13:00:00+00:00,2025-06-16 17:00:00+00:00,1,-11.930686747253269
stage36b_ny_open_reversal_h4_atr075,ny_open,reversal,4,2025-06-16 13:00:00+00:00,2025-06-16 17:00:00+00:00,-1,11.930686747253269
stage36b_ny_late_reversal_h8_atr075,ny_late,reversal,8,2025-06-16 18:00:00+00:00,2025-06-17 02:00:00+00:00,-1,0.8014396104583711
stage36b_ny_late_continuation_h8_atr075,ny_late,continuation,8,2025-06-16 18:00:00+00:00,2025-06-17 02:00:00+00:00,1,-0.8014396104583711
stage36b_london_open_continuation_h4_atr075,london_open,continuation,4,2025-06-17 08:00:00+00:00,2025-06-17 12:00:00+00:00,-1,3.575143394772019
stage36b_london_open_reversal_h4_atr075,london_open,reversal,4,2025-06-17 08:00:00+00:00,2025-06-17 12:00:00+00:00,1,-3.575143394772019
stage36b_ny_open_continuation_h4_atr075,ny_open,continuation,4,2025-06-17 13:00:00+00:00,2025-06-17 17:00:00+00:00,1,-6.213499851323214
stage36b_ny_open_reversal_h4_atr075,ny_open,reversal,4,2025-06-17 13:00:00+00:00,2025-06-17 17:00:00+00:00,-1,6.213499851323214
stage36b_ny_late_reversal_h8_atr075,ny_late,reversal,8,2025-06-17 18:00:00+00:00,2025-06-18 02:00:00+00:00,1,3.503191881560798
stage36b_ny_late_continuation_h8_atr075,ny_late,continuation,8,2025-06-17 18:00:00+00:00,2025-06-18 02:00:00+00:00,-1,-3.503191881560798
stage36b_london_open_continuation_h4_atr075,london_open,continuation,4,2025-06-18 08:00:00+00:00,2025-06-18 12:00:00+00:00,-1,5.114414414414451
stage36b_london_open_reversal_h4_atr075,london_open,reversal,4,2025-06-18 08:00:00+00:00,2025-06-18 12:00:00+00:00,1,-5.114414414414451
stage36b_ny_open_continuation_h4_atr075,ny_open,continuation,4,2025-06-18 13:00:00+00:00,2025-06-18 17:00:00+00:00,1,4.221863220247764
stage36b_ny_open_reversal_h4_atr075,ny_open,reversal,4,2025-06-18 13:00:00+00:00,2025-06-18 17:00:00+00:00,-1,-4.221863220247764
stage36b_ny_late_reversal_h8_atr075,ny_late,reversal,8,2025-06-18 18:00:00+00:00,2025-06-19 02:00:00+00:00,-1,9.46170009551105
stage36b_ny_late_continuation_h8_atr075,ny_late,continuation,8,2025-06-18 18:00:00+00:00,2025-06-19 02:00:00+00:00,1,-9.46170009551105
stage36b_london_open_continuation_h4_atr075,london_open,continuation,4,2025-06-19 08:00:00+00:00,2025-06-19 12:00:00+00:00,-1,-3.221133956386305
stage36b_london_open_reversal_h4_atr075,london_open,reversal,4,2025-06-19 08:00:00+00:00,2025-06-19 12:00:00+00:00,1,3.221133956386305
stage36b_ny_open_continuation_h4_atr075,ny_open,continuation,4,2025-06-19 13:00:00+00:00,2025-06-19 17:00:00+00:00,1,-5.497161048155498
stage36b_ny_open_reversal_h4_atr075,ny_open,reversal,4,2025-06-19 13:00:00+00:00,2025-06-19 17:00:00+00:00,-1,5.497161048155498
stage36b_ny_late_reversal_h8_atr075,ny_late,reversal,8,2025-06-19 18:00:00+00:00,2025-06-20 03:00:00+00:00,-1,0.555977184315394
stage36b_ny_late_continuation_h8_atr075,ny_late,continuation,8,2025-06-19 18:00:00+00:00,2025-06-20 03:00:00+00:00,1,-0.555977184315394
stage36b_london_open_continuation_h4_atr075,london_open,continuation,4,2025-06-20 08:00:00+00:00,2025-06-20 12:00:00+00:00,-1,-6.82437275985657
stage36b_london_open_reversal_h4_atr075,london_open,reversal,4,2025-06-20 08:00:00+00:00,2025-06-20 12:00:00+00:00,1,6.82437275985657
stage36b_ny_open_continuation_h4_atr075,ny_open,continuation,4,2025-06-20 13:00:00+00:00,2025-06-20 17:00:00+00:00,1,8.864535768645077
stage36b_ny_open_reversal_h4_atr075,ny_open,reversal,4,2025-06-20 13:00:00+00:00,2025-06-20 17:00:00+00:00,-1,-8.864535768645077
stage36b_ny_late_reversal_h8_atr075,ny_late,reversal,8,2025-06-20 18:00:00+00:00,2025-06-23 01:00:00+00:00,-1,-4.9369472182596095
stage36b_ny_late_continuation_h8_atr075,ny_late,continuation,8,2025-06-20 18:00:00+00:00,2025-06-23 01:00:00+00:00,1,4.9369472182596095
stage36b_london_open_continuation_h4_atr075,london_open,continuation,4,2025-06-23 08:00:00+00:00,2025-06-23 12:00:00+00:00,-1,-4.6450630984843535
stage36b_london_open_reversal_h4_atr075,london_open,reversal,4,2025-06-23 08:00:00+00:00,2025-06-23 12:00:00+00:00,1,4.6450630984843535
stage36b_ny_open_continuation_h4_atr075,ny_open,continuation,4,2025-06-23 13:00:00+00:00,2025-06-23 17:00:00+00:00,1,9.829829264851043
stage36b_ny_open_reversal_h4_atr075,ny_open,reversal,4,2025-06-23 13:00:00+00:00,2025-06-23 17:00:00+00:00,-1,-9.829829264851043
stage36b_ny_late_reversal_h8_atr075,ny_late,reversal,8,2025-06-23 18:00:00+00:00,2025-06-24 02:00:00+00:00,-1,20.25486455551301
stage36b_ny_late_continuation_h8_atr075,ny_late,continuation,8,2025-06-23 18:00:00+00:00,2025-06-24 02:00:00+00:00,1,-20.25486455551301
stage36b_london_open_continuation_h4_atr075,london_open,continuation,4,2025-06-24 08:00:00+00:00,2025-06-24 12:00:00+00:00,-1,5.096196646718488
stage36b_london_open_reversal_h4_atr075,london_open,reversal,4,2025-06-24 08:00:00+00:00,2025-06-24 12:00:00+00:00,1,-5.096196646718488
stage36b_ny_open_continuation_h4_atr075,ny_open,continuation,4,2025-06-24 13:00:00+00:00,2025-06-24 17:00:00+00:00,1,-8.117121794206216
stage36b_ny_open_reversal_h4_atr075,ny_open,reversal,4,2025-06-24 13:00:00+00:00,2025-06-24 17:00:00+00:00,-1,8.117121794206216
stage36b_ny_late_reversal_h8_atr075,ny_late,reversal,8,2025-06-24 18:00:00+00:00,2025-06-25 02:00:00+00:00,-1,-4.538692128344525
stage36b_ny_late_continuation_h8_atr075,ny_late,continuation,8,2025-06-24 18:00:00+00:00,2025-06-25 02:00:00+00:00,1,4.538692128344525
stage36b_london_open_continuation_h4_atr075,london_open,continuation,4,2025-06-25 08:00:00+00:00,2025-06-25 12:00:00+00:00,1,-6.279456855015019
stage36b_london_open_reversal_h4_atr075,london_open,reversal,4,2025-06-25 08:00:00+00:00,2025-06-25 12:00:00+00:00,-1,6.279456855015019
stage36b_ny_open_continuation_h4_atr075,ny_open,continuation,4,2025-06-25 13:00:00+00:00,2025-06-25 17:00:00+00:00,-1,0.9379056232466593
stage36b_ny_open_reversal_h4_atr075,ny_open,reversal,4,2025-06-25 13:00:00+00:00,2025-06-25 17:00:00+00:00,1,-0.9379056232466593
stage36b_ny_late_reversal_h8_atr075,ny_late,reversal,8,2025-06-25 18:00:00+00:00,2025-06-26 02:00:00+00:00,-1,-9.897091722594986
stage36b_ny_late_continuation_h8_atr075,ny_late,continuation,8,2025-06-25 18:00:00+00:00,2025-06-26 02:00:00+00:00,1,9.897091722594986
stage36b_london_open_continuation_h4_atr075,london_open,continuation,4,2025-06-26 08:00:00+00:00,2025-06-26 12:00:00+00:00,1,4.610398029301417
stage36b_london_open_reversal_h4_atr075,london_open,reversal,4,2025-06-26 08:00:00+00:00,2025-06-26 12:00:00+00:00,-1,-4.610398029301417
stage36b_ny_open_continuation_h4_atr075,ny_open,continuation,4,2025-06-26 13:00:00+00:00,2025-06-26 17:00:00+00:00,1,-17.823887287864185
stage36b_ny_open_reversal_h4_atr075,ny_open,reversal,4,2025-06-26 13:00:00+00:00,2025-06-26 17:00:00+00:00,-1,17.823887287864185
stage36b_ny_late_reversal_h8_atr075,ny_late,reversal,8,2025-06-26 18:00:00+00:00,2025-06-27 02:00:00+00:00,-1,3.2387087538472463
stage36b_ny_late_continuation_h8_atr075,ny_late,continuation,8,2025-06-26 18:00:00+00:00,2025-06-27 02:00:00+00:00,1,-3.2387087538472463
stage36b_london_open_continuation_h4_atr075,london_open,continuation,4,2025-06-27 08:00:00+00:00,2025-06-27 12:00:00+00:00,1,-8.852074911310844
stage36b_london_open_reversal_h4_atr075,london_open,reversal,4,2025-06-27 08:00:00+00:00,2025-06-27 12:00:00+00:00,-1,8.852074911310844
stage36b_ny_open_continuation_h4_atr075,ny_open,continuation,4,2025-06-27 13:00:00+00:00,2025-06-27 17:00:00+00:00,1,-7.080599024061967
stage36b_ny_open_reversal_h4_atr075,ny_open,reversal,4,2025-06-27 13:00:00+00:00,2025-06-27 17:00:00+00:00,-1,7.080599024061967
stage36b_ny_late_reversal_h8_atr075,ny_late,reversal,8,2025-06-27 18:00:00+00:00,2025-06-30 01:00:00+00:00,-1,4.891938389297044
stage36b_ny_late_continuation_h8_atr075,ny_late,continuation,8,2025-06-27 18:00:00+00:00,2025-06-30 01:00:00+00:00,1,-4.891938389297044
stage36b_london_open_continuation_h4_atr075,london_open,continuation,4,2025-06-30 08:00:00+00:00,2025-06-30 12:00:00+00:00,1,-0.5078758949882115
stage36b_london_open_reversal_h4_atr075,london_open,reversal,4,2025-06-30 08:00:00+00:00,2025-06-30 12:00:00+00:00,-1,0.5078758949882115
stage36b_ny_open_continuation_h4_atr075,ny_open,continuation,4,2025-06-30 13:00:00+00:00,2025-06-30 17:00:00+00:00,-1,-2.16182949856627
stage36b_ny_open_reversal_h4_atr075,ny_open,reversal,4,2025-06-30 13:00:00+00:00,2025-06-30 17:00:00+00:00,1,2.16182949856627
stage36b_ny_late_reversal_h8_atr075,ny_late,reversal,8,2025-06-30 18:00:00+00:00,2025-07-01 02:00:00+00:00,-1,-14.676478977694368
stage36b_ny_late_continuation_h8_atr075,ny_late,continuation,8,2025-06-30 18:00:00+00:00,2025-07-01 02:00:00+00:00,1,14.676478977694368
stage36b_london_open_continuation_h4_atr075,london_open,continuation,4,2025-07-01 08:00:00+00:00,2025-07-01 12:00:00+00:00,1,12.672063968015868
stage36b_london_open_reversal_h4_atr075,london_open,reversal,4,2025-07-01 08:00:00+00:00,2025-07-01 12:00:00+00:00,-1,-12.672063968015868
stage36b_ny_open_continuation_h4_atr075,ny_open,continuation,4,2025-07-01 13:00:00+00:00,2025-07-01 17:00:00+00:00,1,-2.17415418746547
stage36b_ny_open_reversal_h4_atr075,ny_open,reversal,4,2025-07-01 13:00:00+00:00,2025-07-01 17:00:00+00:00,-1,2.17415418746547
stage36b_ny_late_reversal_h8_atr075,ny_late,reversal,8,2025-07-01 18:00:00+00:00,2025-07-02 02:00:00+00:00,1,-1.4450745641669454
stage36b_ny_late_continuation_h8_atr075,ny_late,continuation,8,2025-07-01 18:00:00+00:00,2025-07-02 02:00:00+00:00,-1,1.4450745641669454
stage36b_london_open_continuation_h4_atr075,london_open,continuation,4,2025-07-02 08:00:00+00:00,2025-07-02 12:00:00+00:00,-1,-2.527021876667472
stage36b_london_open_reversal_h4_atr075,london_open,reversal,4,2025-07-02 08:00:00+00:00,2025-07-02 12:00:00+00:00,1,2.527021876667472
stage36b_ny_open_continuation_h4_atr075,ny_open,continuation,4,2025-07-02 13:00:00+00:00,2025-07-02 17:00:00+00:00,1,-0.9755153392044297
stage36b_ny_open_reversal_h4_atr075,ny_open,reversal,4,2025-07-02 13:00:00+00:00,2025-07-02 17:00:00+00:00,-1,0.9755153392044297
stage36b_ny_late_reversal_h8_atr075,ny_late,reversal,8,2025-07-02 18:00:00+00:00,2025-07-03 02:00:00+00:00,1,5.58073874682248
stage36b_ny_late_continuation_h8_atr075,ny_late,continuation,8,2025-07-02 18:00:00+00:00,2025-07-03 02:00:00+00:00,-1,-5.58073874682248
stage36b_london_open_continuation_h4_atr075,london_open,continuation,4,2025-07-03 08:00:00+00:00,2025-07-03 12:00:00+00:00,1,-9.270445901835904
stage36b_london_open_reversal_h4_atr075,london_open,reversal,4,2025-07-03 08:00:00+00:00,2025-07-03 12:00:00+00:00,-1,9.270445901835904
stage36b_ny_open_continuation_h4_atr075,ny_open,continuation,4,2025-07-03 13:00:00+00:00,2025-07-03 17:00:00+00:00,1,-16.40067053513904
stage36b_ny_open_reversal_h4_atr075,ny_open,reversal,4,2025-07-03 13:00:00+00:00,2025-07-03 17:00:00+00:00,-1,16.40067053513904
stage36b_ny_late_reversal_h8_atr075,ny_late,reversal,8,2025-07-03 18:00:00+00:00,2025-07-04 02:00:00+00:00,-1,-1.3018660356602643
stage36b_ny_late_continuation_h8_atr075,ny_late,continuation,8,2025-07-03 18:00:00+00:00,2025-07-04 02:00:00+00:00,1,1.3018660356602643
stage36b_london_open_continuation_h4_atr075,london_open,continuation,4,2025-07-04 08:00:00+00:00,2025-07-04 12:00:00+00:00,-1,4.857714037374767
stage36b_london_open_reversal_h4_atr075,london_open,reversal,4,2025-07-04 08:00:00+00:00,2025-07-04 12:00:00+00:00,1,-4.857714037374767
stage36b_ny_open_continuation_h4_atr075,ny_open,continuation,4,2025-07-04 13:00:00+00:00,2025-07-04 17:00:00+00:00,1,-3.0630253728450176
stage36b_ny_open_reversal_h4_atr075,ny_open,reversal,4,2025-07-04 13:00:00+00:00,2025-07-04 17:00:00+00:00,-1,3.0630253728450176
stage36b_ny_late_reversal_h8_atr075,ny_late,reversal,8,2025-07-04 18:00:00+00:00,2025-07-07 05:00:00+00:00,1,-21.71145265245434
stage36b_ny_late_continuation_h8_atr075,ny_late,continuation,8,2025-07-04 18:00:00+00:00,2025-07-07 05:00:00+00:00,-1,21.71145265245434
stage36b_london_open_continuation_h4_atr075,london_open,continuation,4,2025-07-07 08:00:00+00:00,2025-07-07 12:00:00+00:00,1,-2.7451893750344363
stage36b_london_open_reversal_h4_atr075,london_open,reversal,4,2025-07-07 08:00:00+00:00,2025-07-07 12:00:00+00:00,-1,2.7451893750344363
stage36b_ny_open_continuation_h4_atr075,ny_open,continuation,4,2025-07-07 13:00:00+00:00,2025-07-07 17:00:00+00:00,-1,-8.192170654897561
stage36b_ny_open_reversal_h4_atr075,ny_open,reversal,4,2025-07-07 13:00:00+00:00,2025-07-07 17:00:00+00:00,1,8.192170654897561
stage36b_ny_late_reversal_h8_atr075,ny_late,reversal,8,2025-07-07 18:00:00+00:00,2025-07-08 02:00:00+00:00,-1,-7.890388548057136
stage36b_ny_late_continuation_h8_atr075,ny_late,continuation,8,2025-07-07 18:00:00+00:00,2025-07-08 02:00:00+00:00,1,7.890388548057136
stage36b_london_open_continuation_h4_atr075,london_open,continuation,4,2025-07-08 08:00:00+00:00,2025-07-08 12:00:00+00:00,1,-9.55435205833431
stage36b_london_open_reversal_h4_atr075,london_open,reversal,4,2025-07-08 08:00:00+00:00,2025-07-08 12:00:00+00:00,-1,9.55435205833431
stage36b_ny_open_continuation_h4_atr075,ny_open,continuation,4,2025-07-08 13:00:00+00:00,2025-07-08 17:00:00+00:00,1,-21.55429592222324
stage36b_ny_open_reversal_h4_atr075,ny_open,reversal,4,2025-07-08 13:00:00+00:00,2025-07-08 17:00:00+00:00,-1,21.55429592222324
stage36b_ny_late_reversal_h8_atr075,ny_late,reversal,8,2025-07-08 18:00:00+00:00,2025-07-09 02:00:00+00:00,-1,-2.5399335584658744
stage36b_ny_late_continuation_h8_atr075,ny_late,continuation,8,2025-07-08 18:00:00+00:00,2025-07-09 02:00:00+00:00,1,2.5399335584658744
stage36b_london_open_continuation_h4_atr075,london_open,continuation,4,2025-07-09 08:00:00+00:00,2025-07-09 12:00:00+00:00,-1,0.17382869337456433
stage36b_london_open_reversal_h4_atr075,london_open,reversal,4,2025-07-09 08:00:00+00:00,2025-07-09 12:00:00+00:00,1,-0.17382869337456433
stage36b_ny_open_continuation_h4_atr075,ny_open,continuation,4,2025-07-09 13:00:00+00:00,2025-07-09 17:00:00+00:00,1,11.438821268417891
stage36b_ny_open_reversal_h4_atr075,ny_open,reversal,4,2025-07-09 13:00:00+00:00,2025-07-09 17:00:00+00:00,-1,-11.438821268417891
stage36b_ny_late_reversal_h8_atr075,ny_late,reversal,8,2025-07-09 18:00:00+00:00,2025-07-10 02:00:00+00:00,1,4.3821680972293855
stage36b_ny_late_continuation_h8_atr075,ny_late,continuation,8,2025-07-09 18:00:00+00:00,2025-07-10 02:00:00+00:00,-1,-4.3821680972293855
stage36b_london_open_continuation_h4_atr075,london_open,continuation,4,2025-07-10 08:00:00+00:00,2025-07-10 12:00:00+00:00,-1,-4.685346519111463
stage36b_london_open_reversal_h4_atr075,london_open,reversal,4,2025-07-10 08:00:00+00:00,2025-07-10 12:00:00+00:00,1,4.685346519111463
stage36b_ny_open_continuation_h4_atr075,ny_open,continuation,4,2025-07-10 13:00:00+00:00,2025-07-10 17:00:00+00:00,-1,8.230971128609063
stage36b_ny_open_reversal_h4_atr075,ny_open,reversal,4,2025-07-10 13:00:00+00:00,2025-07-10 17:00:00+00:00,1,-8.230971128609063
stage36b_ny_late_reversal_h8_atr075,ny_late,reversal,8,2025-07-10 18:00:00+00:00,2025-07-11 02:00:00+00:00,-1,-2.596828070175527
stage36b_ny_late_continuation_h8_atr075,ny_late,continuation,8,2025-07-10 18:00:00+00:00,2025-07-11 02:00:00+00:00,1,2.596828070175527
stage36b_london_open_continuation_h4_atr075,london_open,continuation,4,2025-07-11 08:00:00+00:00,2025-07-11 12:00:00+00:00,1,5.043066110975117
stage36b_london_open_reversal_h4_atr075,london_open,reversal,4,2025-07-11 08:00:00+00:00,2025-07-11 12:00:00+00:00,-1,-5.043066110975117
stage36b_ny_open_continuation_h4_atr075,ny_open,continuation,4,2025-07-11 13:00:00+00:00,2025-07-11 17:00:00+00:00,1,11.251715961562383
stage36b_ny_open_reversal_h4_atr075,ny_open,reversal,4,2025-07-11 13:00:00+00:00,2025-07-11 17:00:00+00:00,-1,-11.251715961562383
stage36b_ny_late_reversal_h8_atr075,ny_late,reversal,8,2025-07-11 18:00:00+00:00,2025-07-14 01:00:00+00:00,1,6.023881805302622
stage36b_ny_late_continuation_h8_atr075,ny_late,continuation,8,2025-07-11 18:00:00+00:00,2025-07-14 01:00:00+00:00,-1,-6.023881805302622
stage36b_london_open_continuation_h4_atr075,london_open,continuation,4,2025-07-14 08:00:00+00:00,2025-07-14 12:00:00+00:00,-1,-8.940805846958364
stage36b_london_open_reversal_h4_atr075,london_open,reversal,4,2025-07-14 08:00:00+00:00,2025-07-14 12:00:00+00:00,1,8.940805846958364
stage36b_ny_open_continuation_h4_atr075,ny_open,continuation,4,2025-07-14 13:00:00+00:00,2025-07-14 17:00:00+00:00,1,-19.51659361302444
stage36b_ny_open_reversal_h4_atr075,ny_open,reversal,4,2025-07-14 13:00:00+00:00,2025-07-14 17:00:00+00:00,-1,19.51659361302444
stage36b_ny_late_reversal_h8_atr075,ny_late,reversal,8,2025-07-14 18:00:00+00:00,2025-07-15 02:00:00+00:00,-1,-0.11402239725663665
stage36b_ny_late_continuation_h8_atr075,ny_late,continuation,8,2025-07-14 18:00:00+00:00,2025-07-15 02:00:00+00:00,1,0.11402239725663665
stage36b_london_open_continuation_h4_atr075,london_open,continuation,4,2025-07-15 08:00:00+00:00,2025-07-15 12:00:00+00:00,1,1.344244408074226
stage36b_london_open_reversal_h4_atr075,london_open,reversal,4,2025-07-15 08:00:00+00:00,2025-07-15 12:00:00+00:00,-1,-1.344244408074226
stage36b_ny_open_continuation_h4_atr075,ny_open,continuation,4,2025-07-15 13:00:00+00:00,2025-07-15 17:00:00+00:00,-1,13.048638301575286
stage36b_ny_open_reversal_h4_atr075,ny_open,reversal,4,2025-07-15 13:00:00+00:00,2025-07-15 17:00:00+00:00,1,-13.048638301575286
stage36b_ny_late_reversal_h8_atr075,ny_late,reversal,8,2025-07-15 18:00:00+00:00,2025-07-16 02:00:00+00:00,1,1.254663422546668
stage36b_ny_late_continuation_h8_atr075,ny_late,continuation,8,2025-07-15 18:00:00+00:00,2025-07-16 02:00:00+00:00,-1,-1.254663422546668
stage36b_london_open_continuation_h4_atr075,london_open,continuation,4,2025-07-16 08:00:00+00:00,2025-07-16 12:00:00+00:00,-1,-1.6278943909699808
stage36b_london_open_reversal_h4_atr075,london_open,reversal,4,2025-07-16 08:00:00+00:00,2025-07-16 12:00:00+00:00,1,1.6278943909699808
stage36b_ny_open_continuation_h4_atr075,ny_open,continuation,4,2025-07-16 13:00:00+00:00,2025-07-16 17:00:00+00:00,-1,-2.8381222351069804
stage36b_ny_open_reversal_h4_atr075,ny_open,reversal,4,2025-07-16 13:00:00+00:00,2025-07-16 17:00:00+00:00,1,2.8381222351069804
stage36b_ny_late_reversal_h8_atr075,ny_late,reversal,8,2025-07-16 18:00:00+00:00,2025-07-17 02:00:00+00:00,-1,-1.3237331884255479
stage36b_ny_late_continuation_h8_atr075,ny_late,continuation,8,2025-07-16 18:00:00+00:00,2025-07-17 02:00:00+00:00,1,1.3237331884255479
stage36b_london_open_continuation_h4_atr075,london_open,continuation,4,2025-07-17 08:00:00+00:00,2025-07-17 12:00:00+00:00,-1,10.502767178852391
stage36b_london_open_reversal_h4_atr075,london_open,reversal,4,2025-07-17 08:00:00+00:00,2025-07-17 12:00:00+00:00,1,-10.502767178852391
stage36b_ny_open_continuation_h4_atr075,ny_open,continuation,4,2025-07-17 13:00:00+00:00,2025-07-17 17:00:00+00:00,1,6.28590541173314
stage36b_ny_open_reversal_h4_atr075,ny_open,reversal,4,2025-07-17 13:00:00+00:00,2025-07-17 17:00:00+00:00,-1,-6.28590541173314
stage36b_ny_late_reversal_h8_atr075,ny_late,reversal,8,2025-07-17 18:00:00+00:00,2025-07-18 02:00:00+00:00,-1,-2.1040211147335413
stage36b_ny_late_continuation_h8_atr075,ny_late,continuation,8,2025-07-17 18:00:00+00:00,2025-07-18 02:00:00+00:00,1,2.1040211147335413
stage36b_london_open_continuation_h4_atr075,london_open,continuation,4,2025-07-18 08:00:00+00:00,2025-07-18 12:00:00+00:00,-1,-20.605989659545507
stage36b_london_open_reversal_h4_atr075,london_open,reversal,4,2025-07-18 08:00:00+00:00,2025-07-18 12:00:00+00:00,1,20.605989659545507
stage36b_ny_open_continuation_h4_atr075,ny_open,continuation,4,2025-07-18 13:00:00+00:00,2025-07-18 17:00:00+00:00,-1,-2.9923834589463425
stage36b_ny_open_reversal_h4_atr075,ny_open,reversal,4,2025-07-18 13:00:00+00:00,2025-07-18 17:00:00+00:00,1,2.9923834589463425
stage36b_ny_late_reversal_h8_atr075,ny_late,reversal,8,2025-07-18 18:00:00+00:00,2025-07-21 01:00:00+00:00,1,-4.863963186655096
stage36b_ny_late_continuation_h8_atr075,ny_late,continuation,8,2025-07-18 18:00:00+00:00,2025-07-21 01:00:00+00:00,-1,4.863963186655096
stage36b_london_open_continuation_h4_atr075,london_open,continuation,4,2025-07-21 08:00:00+00:00,2025-07-21 12:00:00+00:00,1,-0.5953676749775397
stage36b_london_open_reversal_h4_atr075,london_open,reversal,4,2025-07-21 08:00:00+00:00,2025-07-21 12:00:00+00:00,-1,0.5953676749775397
stage36b_ny_open_continuation_h4_atr075,ny_open,continuation,4,2025-07-21 13:00:00+00:00,2025-07-21 17:00:00+00:00,1,31.223583646731196
stage36b_ny_open_reversal_h4_atr075,ny_open,reversal,4,2025-07-21 13:00:00+00:00,2025-07-21 17:00:00+00:00,-1,-31.223583646731196
stage36b_ny_late_reversal_h8_atr075,ny_late,reversal,8,2025-07-21 18:00:00+00:00,2025-07-22 02:00:00+00:00,1,-0.9295156796491281
stage36b_ny_late_continuation_h8_atr075,ny_late,continuation,8,2025-07-21 18:00:00+00:00,2025-07-22 02:00:00+00:00,-1,0.9295156796491281
stage36b_london_open_continuation_h4_atr075,london_open,continuation,4,2025-07-22 08:00:00+00:00,2025-07-22 12:00:00+00:00,-1,-0.4613982966924002
stage36b_london_open_reversal_h4_atr075,london_open,reversal,4,2025-07-22 08:00:00+00:00,2025-07-22 12:00:00+00:00,1,0.4613982966924002
stage36b_ny_open_continuation_h4_atr075,ny_open,continuation,4,2025-07-22 13:00:00+00:00,2025-07-22 17:00:00+00:00,1,34.40479830648043
stage36b_ny_open_reversal_h4_atr075,ny_open,reversal,4,2025-07-22 13:00:00+00:00,2025-07-22 17:00:00+00:00,-1,-34.40479830648043
stage36b_ny_late_reversal_h8_atr075,ny_late,reversal,8,2025-07-22 18:00:00+00:00,2025-07-23 02:00:00+00:00,-1,-0.5893294175233421
stage36b_ny_late_continuation_h8_atr075,ny_late,continuation,8,2025-07-22 18:00:00+00:00,2025-07-23 02:00:00+00:00,1,0.5893294175233421
stage36b_london_open_continuation_h4_atr075,london_open,continuation,4,2025-07-23 08:00:00+00:00,2025-07-23 12:00:00+00:00,-1,-9.002782164072594
stage36b_london_open_reversal_h4_atr075,london_open,reversal,4,2025-07-23 08:00:00+00:00,2025-07-23 12:00:00+00:00,1,9.002782164072594
stage36b_ny_open_continuation_h4_atr075,ny_open,continuation,4,2025-07-23 13:00:00+00:00,2025-07-23 17:00:00+00:00,-1,6.670047461153357
stage36b_ny_open_reversal_h4_atr075,ny_open,reversal,4,2025-07-23 13:00:00+00:00,2025-07-23 17:00:00+00:00,1,-6.670047461153357
stage36b_ny_late_reversal_h8_atr075,ny_late,reversal,8,2025-07-23 18:00:00+00:00,2025-07-24 02:00:00+00:00,1,-5.085787312722621
stage36b_ny_late_continuation_h8_atr075,ny_late,continuation,8,2025-07-23 18:00:00+00:00,2025-07-24 02:00:00+00:00,-1,5.085787312722621
stage36b_london_open_continuation_h4_atr075,london_open,continuation,4,2025-07-24 08:00:00+00:00,2025-07-24 12:00:00+00:00,-1,11.252133436772825
stage36b_london_open_reversal_h4_atr075,london_open,reversal,4,2025-07-24 08:00:00+00:00,2025-07-24 12:00:00+00:00,1,-11.252133436772825
stage36b_ny_open_continuation_h4_atr075,ny_open,continuation,4,2025-07-24 13:00:00+00:00,2025-07-24 17:00:00+00:00,1,6.736146835603724
stage36b_ny_open_reversal_h4_atr075,ny_open,reversal,4,2025-07-24 13:00:00+00:00,2025-07-24 17:00:00+00:00,-1,-6.736146835603724
stage36b_ny_late_reversal_h8_atr075,ny_late,reversal,8,2025-07-24 18:00:00+00:00,2025-07-25 02:00:00+00:00,1,-1.707386944956014
stage36b_ny_late_continuation_h8_atr075,ny_late,continuation,8,2025-07-24 18:00:00+00:00,2025-07-25 02:00:00+00:00,-1,1.707386944956014
stage36b_london_open_continuation_h4_atr075,london_open,continuation,4,2025-07-25 08:00:00+00:00,2025-07-25 12:00:00+00:00,-1,12.426742532005596
stage36b_london_open_reversal_h4_atr075,london_open,reversal,4,2025-07-25 08:00:00+00:00,2025-07-25 12:00:00+00:00,1,-12.426742532005596
stage36b_ny_open_continuation_h4_atr075,ny_open,continuation,4,2025-07-25 13:00:00+00:00,2025-07-25 17:00:00+00:00,-1,9.267620561738461
stage36b_ny_open_reversal_h4_atr075,ny_open,reversal,4,2025-07-25 13:00:00+00:00,2025-07-25 17:00:00+00:00,1,-9.267620561738461
stage36b_ny_late_reversal_h8_atr075,ny_late,reversal,8,2025-07-25 18:00:00+00:00,2025-07-28 01:00:00+00:00,1,1.212034724699534
stage36b_ny_late_continuation_h8_atr075,ny_late,continuation,8,2025-07-25 18:00:00+00:00,2025-07-28 01:00:00+00:00,-1,-1.212034724699534
stage36b_london_open_continuation_h4_atr075,london_open,continuation,4,2025-07-28 08:00:00+00:00,2025-07-28 12:00:00+00:00,1,-3.7171574262385154
stage36b_london_open_reversal_h4_atr075,london_open,reversal,4,2025-07-28 08:00:00+00:00,2025-07-28 12:00:00+00:00,-1,3.7171574262385154
stage36b_ny_open_continuation_h4_atr075,ny_open,continuation,4,2025-07-28 13:00:00+00:00,2025-07-28 17:00:00+00:00,-1,18.876480541455667
stage36b_ny_open_reversal_h4_atr075,ny_open,reversal,4,2025-07-28 13:00:00+00:00,2025-07-28 17:00:00+00:00,1,-18.876480541455667
stage36b_ny_late_reversal_h8_atr075,ny_late,reversal,8,2025-07-28 18:00:00+00:00,2025-07-29 02:00:00+00:00,-1,1.328838364040238
stage36b_ny_late_continuation_h8_atr075,ny_late,continuation,8,2025-07-28 18:00:00+00:00,2025-07-29 02:00:00+00:00,1,-1.328838364040238
stage36b_london_open_continuation_h4_atr075,london_open,continuation,4,2025-07-29 08:00:00+00:00,2025-07-29 12:00:00+00:00,1,4.287438105938049
stage36b_london_open_reversal_h4_atr075,london_open,reversal,4,2025-07-29 08:00:00+00:00,2025-07-29 12:00:00+00:00,-1,-4.287438105938049
stage36b_ny_open_continuation_h4_atr075,ny_open,continuation,4,2025-07-29 13:00:00+00:00,2025-07-29 17:00:00+00:00,-1,-5.296397341727706
stage36b_ny_open_reversal_h4_atr075,ny_open,reversal,4,2025-07-29 13:00:00+00:00,2025-07-29 17:00:00+00:00,1,5.296397341727706
stage36b_ny_late_reversal_h8_atr075,ny_late,reversal,8,2025-07-29 18:00:00+00:00,2025-07-30 02:00:00+00:00,1,4.176394293125586
stage36b_ny_late_continuation_h8_atr075,ny_late,continuation,8,2025-07-29 18:00:00+00:00,2025-07-30 02:00:00+00:00,-1,-4.176394293125586
stage36b_london_open_continuation_h4_atr075,london_open,continuation,4,2025-07-30 08:00:00+00:00,2025-07-30 12:00:00+00:00,-1,-6.325151191746539
stage36b_london_open_reversal_h4_atr075,london_open,reversal,4,2025-07-30 08:00:00+00:00,2025-07-30 12:00:00+00:00,1,6.325151191746539
stage36b_ny_open_continuation_h4_atr075,ny_open,continuation,4,2025-07-30 13:00:00+00:00,2025-07-30 17:00:00+00:00,-1,25.743079207056265
stage36b_ny_open_reversal_h4_atr075,ny_open,reversal,4,2025-07-30 13:00:00+00:00,2025-07-30 17:00:00+00:00,1,-25.743079207056265
stage36b_ny_late_reversal_h8_atr075,ny_late,reversal,8,2025-07-30 18:00:00+00:00,2025-07-31 02:00:00+00:00,1,-3.1793062904172382
stage36b_ny_late_continuation_h8_atr075,ny_late,continuation,8,2025-07-30 18:00:00+00:00,2025-07-31 02:00:00+00:00,-1,3.1793062904172382
stage36b_london_open_continuation_h4_atr075,london_open,continuation,4,2025-07-31 08:00:00+00:00,2025-07-31 12:00:00+00:00,1,4.089320692627202
stage36b_london_open_reversal_h4_atr075,london_open,reversal,4,2025-07-31 08:00:00+00:00,2025-07-31 12:00:00+00:00,-1,-4.089320692627202
stage36b_ny_open_continuation_h4_atr075,ny_open,continuation,4,2025-07-31 13:00:00+00:00,2025-07-31 17:00:00+00:00,-1,0.044561912069902045
stage36b_ny_open_reversal_h4_atr075,ny_open,reversal,4,2025-07-31 13:00:00+00:00,2025-07-31 17:00:00+00:00,1,-0.044561912069902045
stage36b_ny_late_reversal_h8_atr075,ny_late,reversal,8,2025-07-31 18:00:00+00:00,2025-08-01 02:00:00+00:00,1,-4.129501792690001
stage36b_ny_late_continuation_h8_atr075,ny_late,continuation,8,2025-07-31 18:00:00+00:00,2025-08-01 02:00:00+00:00,-1,4.129501792690001
stage36b_london_open_continuation_h4_atr075,london_open,continuation,4,2025-08-01 08:00:00+00:00,2025-08-01 12:00:00+00:00,1,-1.7251504211791535
stage36b_london_open_reversal_h4_atr075,london_open,reversal,4,2025-08-01 08:00:00+00:00,2025-08-01 12:00:00+00:00,-1,1.7251504211791535
stage36b_ny_open_continuation_h4_atr075,ny_open,continuation,4,2025-08-01 13:00:00+00:00,2025-08-01 17:00:00+00:00,1,33.1564943764218
stage36b_ny_open_reversal_h4_atr075,ny_open,reversal,4,2025-08-01 13:00:00+00:00,2025-08-01 17:00:00+00:00,-1,-33.1564943764218
stage36b_ny_late_reversal_h8_atr075,ny_late,reversal,8,2025-08-01 18:00:00+00:00,2025-08-04 01:00:00+00:00,-1,-5.086195286195296
stage36b_ny_late_continuation_h8_atr075,ny_late,continuation,8,2025-08-01 18:00:00+00:00,2025-08-04 01:00:00+00:00,1,5.086195286195296
stage36b_london_open_continuation_h4_atr075,london_open,continuation,4,2025-08-04 08:00:00+00:00,2025-08-04 12:00:00+00:00,-1,-0.2756244616707223
stage36b_london_open_reversal_h4_atr075,london_open,reversal,4,2025-08-04 08:00:00+00:00,2025-08-04 12:00:00+00:00,1,0.2756244616707223
stage36b_ny_open_continuation_h4_atr075,ny_open,continuation,4,2025-08-04 13:00:00+00:00,2025-08-04 17:00:00+00:00,-1,-11.635244324740151
stage36b_ny_open_reversal_h4_atr075,ny_open,reversal,4,2025-08-04 13:00:00+00:00,2025-08-04 17:00:00+00:00,1,11.635244324740151
stage36b_ny_late_reversal_h8_atr075,ny_late,reversal,8,2025-08-04 18:00:00+00:00,2025-08-05 02:00:00+00:00,-1,-2.0516343236589525
stage36b_ny_late_continuation_h8_atr075,ny_late,continuation,8,2025-08-04 18:00:00+00:00,2025-08-05 02:00:00+00:00,1,2.0516343236589525
stage36b_london_open_continuation_h4_atr075,london_open,continuation,4,2025-08-05 08:00:00+00:00,2025-08-05 12:00:00+00:00,1,-16.73000000000005
stage36b_london_open_reversal_h4_atr075,london_open,reversal,4,2025-08-05 08:00:00+00:00,2025-08-05 12:00:00+00:00,-1,16.73000000000005
stage36b_ny_open_continuation_h4_atr075,ny_open,continuation,4,2025-08-05 13:00:00+00:00,2025-08-05 17:00:00+00:00,-1,-27.89724369485427
stage36b_ny_open_reversal_h4_atr075,ny_open,reversal,4,2025-08-05 13:00:00+00:00,2025-08-05 17:00:00+00:00,1,27.89724369485427
stage36b_ny_late_reversal_h8_atr075,ny_late,reversal,8,2025-08-05 18:00:00+00:00,2025-08-06 02:00:00+00:00,-1,3.775350325499357
stage36b_ny_late_continuation_h8_atr075,ny_late,continuation,8,2025-08-05 18:00:00+00:00,2025-08-06 02:00:00+00:00,1,-3.775350325499357
stage36b_london_open_continuation_h4_atr075,london_open,continuation,4,2025-08-06 08:00:00+00:00,2025-08-06 12:00:00+00:00,1,-15.699931553730412
stage36b_london_open_reversal_h4_atr075,london_open,reversal,4,2025-08-06 08:00:00+00:00,2025-08-06 12:00:00+00:00,-1,15.699931553730412
stage36b_ny_open_continuation_h4_atr075,ny_open,continuation,4,2025-08-06 13:00:00+00:00,2025-08-06 17:00:00+00:00,1,13.227006911217174
stage36b_ny_open_reversal_h4_atr075,ny_open,reversal,4,2025-08-06 13:00:00+00:00,2025-08-06 17:00:00+00:00,-1,-13.227006911217174
stage36b_ny_late_reversal_h8_atr075,ny_late,reversal,8,2025-08-06 18:00:00+00:00,2025-08-07 02:00:00+00:00,1,-5.381716678297247
stage36b_ny_late_continuation_h8_atr075,ny_late,continuation,8,2025-08-06 18:00:00+00:00,2025-08-07 02:00:00+00:00,-1,5.381716678297247
stage36b_london_open_continuation_h4_atr075,london_open,continuation,4,2025-08-07 08:00:00+00:00,2025-08-07 12:00:00+00:00,-1,-1.0751449525784342
stage36b_london_open_reversal_h4_atr075,london_open,reversal,4,2025-08-07 08:00:00+00:00,2025-08-07 12:00:00+00:00,1,1.0751449525784342
stage36b_ny_open_continuation_h4_atr075,ny_open,continuation,4,2025-08-07 13:00:00+00:00,2025-08-07 17:00:00+00:00,-1,-9.13272230783788
stage36b_ny_open_reversal_h4_atr075,ny_open,reversal,4,2025-08-07 13:00:00+00:00,2025-08-07 17:00:00+00:00,1,9.13272230783788
stage36b_ny_late_reversal_h8_atr075,ny_late,reversal,8,2025-08-07 18:00:00+00:00,2025-08-08 02:00:00+00:00,-1,-5.308950301376141
stage36b_ny_late_continuation_h8_atr075,ny_late,continuation,8,2025-08-07 18:00:00+00:00,2025-08-08 02:00:00+00:00,1,5.308950301376141
stage36b_london_open_continuation_h4_atr075,london_open,continuation,4,2025-08-08 08:00:00+00:00,2025-08-08 12:00:00+00:00,-1,-4.143612174230182
stage36b_london_open_reversal_h4_atr075,london_open,reversal,4,2025-08-08 08:00:00+00:00,2025-08-08 12:00:00+00:00,1,4.143612174230182
stage36b_ny_open_continuation_h4_atr075,ny_open,continuation,4,2025-08-08 13:00:00+00:00,2025-08-08 17:00:00+00:00,-1,-2.8231780954262025
stage36b_ny_open_reversal_h4_atr075,ny_open,reversal,4,2025-08-08 13:00:00+00:00,2025-08-08 17:00:00+00:00,1,2.8231780954262025
stage36b_ny_late_reversal_h8_atr075,ny_late,reversal,8,2025-08-08 18:00:00+00:00,2025-08-11 01:00:00+00:00,-1,-0.014815794695515262
stage36b_ny_late_continuation_h8_atr075,ny_late,continuation,8,2025-08-08 18:00:00+00:00,2025-08-11 01:00:00+00:00,1,0.014815794695515262
stage36b_london_open_continuation_h4_atr075,london_open,continuation,4,2025-08-11 08:00:00+00:00,2025-08-11 12:00:00+00:00,1,-11.726759649691903
stage36b_london_open_reversal_h4_atr075,london_open,reversal,4,2025-08-11 08:00:00+00:00,2025-08-11 12:00:00+00:00,-1,11.726759649691903
stage36b_ny_open_continuation_h4_atr075,ny_open,continuation,4,2025-08-11 13:00:00+00:00,2025-08-11 17:00:00+00:00,1,-6.888653234358644
stage36b_ny_open_reversal_h4_atr075,ny_open,reversal,4,2025-08-11 13:00:00+00:00,2025-08-11 17:00:00+00:00,-1,6.888653234358644
stage36b_ny_late_reversal_h8_atr075,ny_late,reversal,8,2025-08-11 18:00:00+00:00,2025-08-12 02:00:00+00:00,-1,0.1980548187444145
stage36b_ny_late_continuation_h8_atr075,ny_late,continuation,8,2025-08-11 18:00:00+00:00,2025-08-12 02:00:00+00:00,1,-0.1980548187444145
stage36b_london_open_continuation_h4_atr075,london_open,continuation,4,2025-08-12 08:00:00+00:00,2025-08-12 12:00:00+00:00,1,-6.424011191657162
stage36b_london_open_reversal_h4_atr075,london_open,reversal,4,2025-08-12 08:00:00+00:00,2025-08-12 12:00:00+00:00,-1,6.424011191657162
stage36b_ny_open_continuation_h4_atr075,ny_open,continuation,4,2025-08-12 13:00:00+00:00,2025-08-12 17:00:00+00:00,-1,5.057708871662476
stage36b_ny_open_reversal_h4_atr075,ny_open,reversal,4,2025-08-12 13:00:00+00:00,2025-08-12 17:00:00+00:00,1,-5.057708871662476
stage36b_ny_late_reversal_h8_atr075,ny_late,reversal,8,2025-08-12 18:00:00+00:00,2025-08-13 02:00:00+00:00,-1,-0.3509813623617572
stage36b_ny_late_continuation_h8_atr075,ny_late,continuation,8,2025-08-12 18:00:00+00:00,2025-08-13 02:00:00+00:00,1,0.3509813623617572
stage36b_london_open_continuation_h4_atr075,london_open,continuation,4,2025-08-13 08:00:00+00:00,2025-08-13 12:00:00+00:00,-1,-16.211900764782463
stage36b_london_open_reversal_h4_atr075,london_open,reversal,4,2025-08-13 08:00:00+00:00,2025-08-13 12:00:00+00:00,1,16.211900764782463
stage36b_ny_open_continuation_h4_atr075,ny_open,continuation,4,2025-08-13 13:00:00+00:00,2025-08-13 17:00:00+00:00,1,-2.454702394355682
stage36b_ny_open_reversal_h4_atr075,ny_open,reversal,4,2025-08-13 13:00:00+00:00,2025-08-13 17:00:00+00:00,-1,2.454702394355682
stage36b_ny_late_reversal_h8_atr075,ny_late,reversal,8,2025-08-13 18:00:00+00:00,2025-08-14 02:00:00+00:00,1,3.4738337967253474
stage36b_ny_late_continuation_h8_atr075,ny_late,continuation,8,2025-08-13 18:00:00+00:00,2025-08-14 02:00:00+00:00,-1,-3.4738337967253474
stage36b_london_open_continuation_h4_atr075,london_open,continuation,4,2025-08-14 08:00:00+00:00,2025-08-14 12:00:00+00:00,-1,2.3441964108074798
stage36b_london_open_reversal_h4_atr075,london_open,reversal,4,2025-08-14 08:00:00+00:00,2025-08-14 12:00:00+00:00,1,-2.3441964108074798
stage36b_ny_open_continuation_h4_atr075,ny_open,continuation,4,2025-08-14 13:00:00+00:00,2025-08-14 17:00:00+00:00,-1,9.04955220528365
stage36b_ny_open_reversal_h4_atr075,ny_open,reversal,4,2025-08-14 13:00:00+00:00,2025-08-14 17:00:00+00:00,1,-9.04955220528365
stage36b_ny_late_reversal_h8_atr075,ny_late,reversal,8,2025-08-14 18:00:00+00:00,2025-08-15 02:00:00+00:00,-1,3.3759741214528116
stage36b_ny_late_continuation_h8_atr075,ny_late,continuation,8,2025-08-14 18:00:00+00:00,2025-08-15 02:00:00+00:00,1,-3.3759741214528116
stage36b_london_open_continuation_h4_atr075,london_open,continuation,4,2025-08-15 08:00:00+00:00,2025-08-15 12:00:00+00:00,-1,1.1496172581766062
stage36b_london_open_reversal_h4_atr075,london_open,reversal,4,2025-08-15 08:00:00+00:00,2025-08-15 12:00:00+00:00,1,-1.1496172581766062
stage36b_ny_open_continuation_h4_atr075,ny_open,continuation,4,2025-08-15 13:00:00+00:00,2025-08-15 17:00:00+00:00,-1,-3.8723652420229575
stage36b_ny_open_reversal_h4_atr075,ny_open,reversal,4,2025-08-15 13:00:00+00:00,2025-08-15 17:00:00+00:00,1,3.8723652420229575
stage36b_ny_late_reversal_h8_atr075,ny_late,reversal,8,2025-08-15 18:00:00+00:00,2025-08-18 01:00:00+00:00,-1,6.259481037924132
stage36b_ny_late_continuation_h8_atr075,ny_late,continuation,8,2025-08-15 18:00:00+00:00,2025-08-18 01:00:00+00:00,1,-6.259481037924132
stage36b_london_open_continuation_h4_atr075,london_open,continuation,4,2025-08-18 08:00:00+00:00,2025-08-18 12:00:00+00:00,-1,0.9399321722136197
stage36b_london_open_reversal_h4_atr075,london_open,reversal,4,2025-08-18 08:00:00+00:00,2025-08-18 12:00:00+00:00,1,-0.9399321722136197
stage36b_ny_open_continuation_h4_atr075,ny_open,continuation,4,2025-08-18 13:00:00+00:00,2025-08-18 17:00:00+00:00,-1,7.552010525450034
stage36b_ny_open_reversal_h4_atr075,ny_open,reversal,4,2025-08-18 13:00:00+00:00,2025-08-18 17:00:00+00:00,1,-7.552010525450034
stage36b_ny_late_reversal_h8_atr075,ny_late,reversal,8,2025-08-18 18:00:00+00:00,2025-08-19 02:00:00+00:00,-1,3.7008420009906553
stage36b_ny_late_continuation_h8_atr075,ny_late,continuation,8,2025-08-18 18:00:00+00:00,2025-08-19 02:00:00+00:00,1,-3.7008420009906553
stage36b_london_open_continuation_h4_atr075,london_open,continuation,4,2025-08-19 08:00:00+00:00,2025-08-19 12:00:00+00:00,-1,-3.4289078598762623
stage36b_london_open_reversal_h4_atr075,london_open,reversal,4,2025-08-19 08:00:00+00:00,2025-08-19 12:00:00+00:00,1,3.4289078598762623
stage36b_ny_open_continuation_h4_atr075,ny_open,continuation,4,2025-08-19 13:00:00+00:00,2025-08-19 17:00:00+00:00,1,-17.809948422064974
stage36b_ny_open_reversal_h4_atr075,ny_open,reversal,4,2025-08-19 13:00:00+00:00,2025-08-19 17:00:00+00:00,-1,17.809948422064974
stage36b_ny_late_reversal_h8_atr075,ny_late,reversal,8,2025-08-19 18:00:00+00:00,2025-08-20 02:00:00+00:00,1,-6.815201624600994
stage36b_ny_late_continuation_h8_atr075,ny_late,continuation,8,2025-08-19 18:00:00+00:00,2025-08-20 02:00:00+00:00,-1,6.815201624600994
stage36b_london_open_continuation_h4_atr075,london_open,continuation,4,2025-08-20 08:00:00+00:00,2025-08-20 12:00:00+00:00,1,3.160244261949683
stage36b_london_open_reversal_h4_atr075,london_open,reversal,4,2025-08-20 08:00:00+00:00,2025-08-20 12:00:00+00:00,-1,-3.160244261949683
stage36b_ny_open_continuation_h4_atr075,ny_open,continuation,4,2025-08-20 13:00:00+00:00,2025-08-20 17:00:00+00:00,1,24.02634467618001
stage36b_ny_open_reversal_h4_atr075,ny_open,reversal,4,2025-08-20 13:00:00+00:00,2025-08-20 17:00:00+00:00,-1,-24.02634467618001
stage36b_ny_late_reversal_h8_atr075,ny_late,reversal,8,2025-08-20 18:00:00+00:00,2025-08-21 02:00:00+00:00,1,5.1748345856228
stage36b_ny_late_continuation_h8_atr075,ny_late,continuation,8,2025-08-20 18:00:00+00:00,2025-08-21 02:00:00+00:00,-1,-5.1748345856228
stage36b_london_open_continuation_h4_atr075,london_open,continuation,4,2025-08-21 08:00:00+00:00,2025-08-21 12:00:00+00:00,1,2.306900102986235
stage36b_london_open_reversal_h4_atr075,london_open,reversal,4,2025-08-21 08:00:00+00:00,2025-08-21 12:00:00+00:00,-1,-2.306900102986235
stage36b_ny_open_continuation_h4_atr075,ny_open,continuation,4,2025-08-21 13:00:00+00:00,2025-08-21 17:00:00+00:00,-1,-16.226529209622406
stage36b_ny_open_reversal_h4_atr075,ny_open,reversal,4,2025-08-21 13:00:00+00:00,2025-08-21 17:00:00+00:00,1,16.226529209622406
stage36b_ny_late_reversal_h8_atr075,ny_late,reversal,8,2025-08-21 18:00:00+00:00,2025-08-22 02:00:00+00:00,1,-3.8574557037626955
stage36b_ny_late_continuation_h8_atr075,ny_late,continuation,8,2025-08-21 18:00:00+00:00,2025-08-22 02:00:00+00:00,-1,3.8574557037626955
stage36b_london_open_continuation_h4_atr075,london_open,continuation,4,2025-08-22 08:00:00+00:00,2025-08-22 12:00:00+00:00,1,0.014106681781276416
stage36b_london_open_reversal_h4_atr075,london_open,reversal,4,2025-08-22 08:00:00+00:00,2025-08-22 12:00:00+00:00,-1,-0.014106681781276416
stage36b_ny_open_continuation_h4_atr075,ny_open,continuation,4,2025-08-22 13:00:00+00:00,2025-08-22 17:00:00+00:00,1,54.495031616983894
stage36b_ny_open_reversal_h4_atr075,ny_open,reversal,4,2025-08-22 13:00:00+00:00,2025-08-22 17:00:00+00:00,-1,-54.495031616983894
stage36b_ny_late_reversal_h8_atr075,ny_late,reversal,8,2025-08-22 18:00:00+00:00,2025-08-25 01:00:00+00:00,1,-0.4323847341715208
stage36b_ny_late_continuation_h8_atr075,ny_late,continuation,8,2025-08-22 18:00:00+00:00,2025-08-25 01:00:00+00:00,-1,0.4323847341715208
stage36b_london_open_continuation_h4_atr075,london_open,continuation,4,2025-08-25 08:00:00+00:00,2025-08-25 12:00:00+00:00,-1,-2.6900995899238564
stage36b_london_open_reversal_h4_atr075,london_open,reversal,4,2025-08-25 08:00:00+00:00,2025-08-25 12:00:00+00:00,1,2.6900995899238564
stage36b_ny_open_continuation_h4_atr075,ny_open,continuation,4,2025-08-25 13:00:00+00:00,2025-08-25 17:00:00+00:00,-1,-9.517331326812387
stage36b_ny_open_reversal_h4_atr075,ny_open,reversal,4,2025-08-25 13:00:00+00:00,2025-08-25 17:00:00+00:00,1,9.517331326812387
stage36b_ny_late_reversal_h8_atr075,ny_late,reversal,8,2025-08-25 18:00:00+00:00,2025-08-26 02:00:00+00:00,1,-20.64768478573513
stage36b_ny_late_continuation_h8_atr075,ny_late,continuation,8,2025-08-25 18:00:00+00:00,2025-08-26 02:00:00+00:00,-1,20.64768478573513
stage36b_london_open_continuation_h4_atr075,london_open,continuation,4,2025-08-26 08:00:00+00:00,2025-08-26 12:00:00+00:00,-1,2.8272691858198247
stage36b_london_open_reversal_h4_atr075,london_open,reversal,4,2025-08-26 08:00:00+00:00,2025-08-26 12:00:00+00:00,1,-2.8272691858198247
stage36b_ny_open_continuation_h4_atr075,ny_open,continuation,4,2025-08-26 13:00:00+00:00,2025-08-26 17:00:00+00:00,-1,-3.7854077253218867
stage36b_ny_open_reversal_h4_atr075,ny_open,reversal,4,2025-08-26 13:00:00+00:00,2025-08-26 17:00:00+00:00,1,3.7854077253218867
stage36b_ny_late_reversal_h8_atr075,ny_late,reversal,8,2025-08-26 18:00:00+00:00,2025-08-27 02:00:00+00:00,-1,-2.8757356752966072
stage36b_ny_late_continuation_h8_atr075,ny_late,continuation,8,2025-08-26 18:00:00+00:00,2025-08-27 02:00:00+00:00,1,2.8757356752966072
stage36b_london_open_continuation_h4_atr075,london_open,continuation,4,2025-08-27 08:00:00+00:00,2025-08-27 12:00:00+00:00,1,1.0927362310356468
stage36b_london_open_reversal_h4_atr075,london_open,reversal,4,2025-08-27 08:00:00+00:00,2025-08-27 12:00:00+00:00,-1,-1.0927362310356468
stage36b_ny_open_continuation_h4_atr075,ny_open,continuation,4,2025-08-27 13:00:00+00:00,2025-08-27 17:00:00+00:00,-1,-11.124269005847834
stage36b_ny_open_reversal_h4_atr075,ny_open,reversal,4,2025-08-27 13:00:00+00:00,2025-08-27 17:00:00+00:00,1,11.124269005847834
stage36b_ny_late_reversal_h8_atr075,ny_late,reversal,8,2025-08-27 18:00:00+00:00,2025-08-28 02:00:00+00:00,-1,-6.6362846238145705
stage36b_ny_late_continuation_h8_atr075,ny_late,continuation,8,2025-08-27 18:00:00+00:00,2025-08-28 02:00:00+00:00,1,6.6362846238145705
stage36b_london_open_continuation_h4_atr075,london_open,continuation,4,2025-08-28 08:00:00+00:00,2025-08-28 12:00:00+00:00,-1,-10.932944038929657
stage36b_london_open_reversal_h4_atr075,london_open,reversal,4,2025-08-28 08:00:00+00:00,2025-08-28 12:00:00+00:00,1,10.932944038929657
stage36b_ny_open_continuation_h4_atr075,ny_open,continuation,4,2025-08-28 13:00:00+00:00,2025-08-28 17:00:00+00:00,-1,-16.033173122231652
stage36b_ny_open_reversal_h4_atr075,ny_open,reversal,4,2025-08-28 13:00:00+00:00,2025-08-28 17:00:00+00:00,1,16.033173122231652
stage36b_ny_late_reversal_h8_atr075,ny_late,reversal,8,2025-08-28 18:00:00+00:00,2025-08-29 02:00:00+00:00,1,2.97906700593729
stage36b_ny_late_continuation_h8_atr075,ny_late,continuation,8,2025-08-28 18:00:00+00:00,2025-08-29 02:00:00+00:00,-1,-2.97906700593729
stage36b_london_open_continuation_h4_atr075,london_open,continuation,4,2025-08-29 08:00:00+00:00,2025-08-29 12:00:00+00:00,1,-3.9101623304430406
stage36b_london_open_reversal_h4_atr075,london_open,reversal,4,2025-08-29 08:00:00+00:00,2025-08-29 12:00:00+00:00,-1,3.9101623304430406
stage36b_ny_open_continuation_h4_atr075,ny_open,continuation,4,2025-08-29 13:00:00+00:00,2025-08-29 17:00:00+00:00,-1,-45.8407222126398
stage36b_ny_open_reversal_h4_atr075,ny_open,reversal,4,2025-08-29 13:00:00+00:00,2025-08-29 17:00:00+00:00,1,45.8407222126398
stage36b_ny_late_reversal_h8_atr075,ny_late,reversal,8,2025-08-29 18:00:00+00:00,2025-09-01 01:00:00+00:00,-1,-3.8692362598145116
stage36b_ny_late_continuation_h8_atr075,ny_late,continuation,8,2025-08-29 18:00:00+00:00,2025-09-01 01:00:00+00:00,1,3.8692362598145116
stage36b_london_open_continuation_h4_atr075,london_open,continuation,4,2025-09-01 08:00:00+00:00,2025-09-01 12:00:00+00:00,1,-3.859644565664449
stage36b_london_open_reversal_h4_atr075,london_open,reversal,4,2025-09-01 08:00:00+00:00,2025-09-01 12:00:00+00:00,-1,3.859644565664449
stage36b_ny_open_continuation_h4_atr075,ny_open,continuation,4,2025-09-01 13:00:00+00:00,2025-09-01 17:00:00+00:00,1,2.3531765882941222
stage36b_ny_open_reversal_h4_atr075,ny_open,reversal,4,2025-09-01 13:00:00+00:00,2025-09-01 17:00:00+00:00,-1,-2.3531765882941222
stage36b_ny_late_reversal_h8_atr075,ny_late,reversal,8,2025-09-01 18:00:00+00:00,2025-09-02 03:00:00+00:00,1,2.7072306730567783
stage36b_ny_late_continuation_h8_atr075,ny_late,continuation,8,2025-09-01 18:00:00+00:00,2025-09-02 03:00:00+00:00,-1,-2.7072306730567783
stage36b_london_open_continuation_h4_atr075,london_open,continuation,4,2025-09-02 08:00:00+00:00,2025-09-02 12:00:00+00:00,-1,11.920083325442523
stage36b_london_open_reversal_h4_atr075,london_open,reversal,4,2025-09-02 08:00:00+00:00,2025-09-02 12:00:00+00:00,1,-11.920083325442523
stage36b_ny_open_continuation_h4_atr075,ny_open,continuation,4,2025-09-02 13:00:00+00:00,2025-09-02 17:00:00+00:00,1,13.747738669353847
stage36b_ny_open_reversal_h4_atr075,ny_open,reversal,4,2025-09-02 13:00:00+00:00,2025-09-02 17:00:00+00:00,-1,-13.747738669353847
stage36b_ny_late_reversal_h8_atr075,ny_late,reversal,8,2025-09-02 18:00:00+00:00,2025-09-03 02:00:00+00:00,-1,-4.506221349050585
stage36b_ny_late_continuation_h8_atr075,ny_late,continuation,8,2025-09-02 18:00:00+00:00,2025-09-03 02:00:00+00:00,1,4.506221349050585
stage36b_london_open_continuation_h4_atr075,london_open,continuation,4,2025-09-03 08:00:00+00:00,2025-09-03 12:00:00+00:00,-1,-2.517553164621047
stage36b_london_open_reversal_h4_atr075,london_open,reversal,4,2025-09-03 08:00:00+00:00,2025-09-03 12:00:00+00:00,1,2.517553164621047
stage36b_ny_open_continuation_h4_atr075,ny_open,continuation,4,2025-09-03 13:00:00+00:00,2025-09-03 17:00:00+00:00,1,11.004886339494332
stage36b_ny_open_reversal_h4_atr075,ny_open,reversal,4,2025-09-03 13:00:00+00:00,2025-09-03 17:00:00+00:00,-1,-11.004886339494332
stage36b_ny_late_reversal_h8_atr075,ny_late,reversal,8,2025-09-03 18:00:00+00:00,2025-09-04 02:00:00+00:00,-1,2.0221169036334357
stage36b_ny_late_continuation_h8_atr075,ny_late,continuation,8,2025-09-03 18:00:00+00:00,2025-09-04 02:00:00+00:00,1,-2.0221169036334357
stage36b_london_open_continuation_h4_atr075,london_open,continuation,4,2025-09-04 08:00:00+00:00,2025-09-04 12:00:00+00:00,-1,-5.358805559141322
stage36b_london_open_reversal_h4_atr075,london_open,reversal,4,2025-09-04 08:00:00+00:00,2025-09-04 12:00:00+00:00,1,5.358805559141322
stage36b_ny_open_continuation_h4_atr075,ny_open,continuation,4,2025-09-04 13:00:00+00:00,2025-09-04 17:00:00+00:00,1,2.432890065334795
stage36b_ny_open_reversal_h4_atr075,ny_open,reversal,4,2025-09-04 13:00:00+00:00,2025-09-04 17:00:00+00:00,-1,-2.432890065334795
stage36b_ny_late_reversal_h8_atr075,ny_late,reversal,8,2025-09-04 18:00:00+00:00,2025-09-05 02:00:00+00:00,-1,0.05937707090783195
stage36b_ny_late_continuation_h8_atr075,ny_late,continuation,8,2025-09-04 18:00:00+00:00,2025-09-05 02:00:00+00:00,1,-0.05937707090783195
stage36b_london_open_continuation_h4_atr075,london_open,continuation,4,2025-09-05 08:00:00+00:00,2025-09-05 12:00:00+00:00,-1,3.287480259217114
stage36b_london_open_reversal_h4_atr075,london_open,reversal,4,2025-09-05 08:00:00+00:00,2025-09-05 12:00:00+00:00,1,-3.287480259217114
stage36b_ny_open_continuation_h4_atr075,ny_open,continuation,4,2025-09-05 13:00:00+00:00,2025-09-05 17:00:00+00:00,-1,-24.75949513329292
stage36b_ny_open_reversal_h4_atr075,ny_open,reversal,4,2025-09-05 13:00:00+00:00,2025-09-05 17:00:00+00:00,1,24.75949513329292
stage36b_ny_late_reversal_h8_atr075,ny_late,reversal,8,2025-09-05 18:00:00+00:00,2025-09-08 01:00:00+00:00,-1,-0.07615847683029223
stage36b_ny_late_continuation_h8_atr075,ny_late,continuation,8,2025-09-05 18:00:00+00:00,2025-09-08 01:00:00+00:00,1,0.07615847683029223
stage36b_london_open_continuation_h4_atr075,london_open,continuation,4,2025-09-08 08:00:00+00:00,2025-09-08 12:00:00+00:00,1,13.569750603378987
stage36b_london_open_reversal_h4_atr075,london_open,reversal,4,2025-09-08 08:00:00+00:00,2025-09-08 12:00:00+00:00,-1,-13.569750603378987
stage36b_ny_open_continuation_h4_atr075,ny_open,continuation,4,2025-09-08 13:00:00+00:00,2025-09-08 17:00:00+00:00,1,13.163069901275012
stage36b_ny_open_reversal_h4_atr075,ny_open,reversal,4,2025-09-08 13:00:00+00:00,2025-09-08 17:00:00+00:00,-1,-13.163069901275012
stage36b_ny_late_reversal_h8_atr075,ny_late,reversal,8,2025-09-08 18:00:00+00:00,2025-09-09 02:00:00+00:00,1,-2.227848101265808
stage36b_ny_late_continuation_h8_atr075,ny_late,continuation,8,2025-09-08 18:00:00+00:00,2025-09-09 02:00:00+00:00,-1,2.227848101265808
stage36b_london_open_continuation_h4_atr075,london_open,continuation,4,2025-09-09 08:00:00+00:00,2025-09-09 12:00:00+00:00,1,-1.0804924242424976
stage36b_london_open_reversal_h4_atr075,london_open,reversal,4,2025-09-09 08:00:00+00:00,2025-09-09 12:00:00+00:00,-1,1.0804924242424976
stage36b_ny_open_continuation_h4_atr075,ny_open,continuation,4,2025-09-09 13:00:00+00:00,2025-09-09 17:00:00+00:00,-1,3.896379245987445
stage36b_ny_open_reversal_h4_atr075,ny_open,reversal,4,2025-09-09 13:00:00+00:00,2025-09-09 17:00:00+00:00,1,-3.896379245987445
stage36b_ny_late_reversal_h8_atr075,ny_late,reversal,8,2025-09-09 18:00:00+00:00,2025-09-10 02:00:00+00:00,-1,4.681468950447467
stage36b_ny_late_continuation_h8_atr075,ny_late,continuation,8,2025-09-09 18:00:00+00:00,2025-09-10 02:00:00+00:00,1,-4.681468950447467
stage36b_london_open_continuation_h4_atr075,london_open,continuation,4,2025-09-10 08:00:00+00:00,2025-09-10 12:00:00+00:00,-1,-7.718548207526218
stage36b_london_open_reversal_h4_atr075,london_open,reversal,4,2025-09-10 08:00:00+00:00,2025-09-10 12:00:00+00:00,1,7.718548207526218
stage36b_ny_open_continuation_h4_atr075,ny_open,continuation,4,2025-09-10 13:00:00+00:00,2025-09-10 17:00:00+00:00,1,-4.884853627492546
stage36b_ny_open_reversal_h4_atr075,ny_open,reversal,4,2025-09-10 13:00:00+00:00,2025-09-10 17:00:00+00:00,-1,4.884853627492546
stage36b_ny_late_reversal_h8_atr075,ny_late,reversal,8,2025-09-10 18:00:00+00:00,2025-09-11 02:00:00+00:00,1,0.2581443067149166
stage36b_ny_late_continuation_h8_atr075,ny_late,continuation,8,2025-09-10 18:00:00+00:00,2025-09-11 02:00:00+00:00,-1,-0.2581443067149166
stage36b_london_open_continuation_h4_atr075,london_open,continuation,4,2025-09-11 08:00:00+00:00,2025-09-11 12:00:00+00:00,-1,2.5955449006093634
stage36b_london_open_reversal_h4_atr075,london_open,reversal,4,2025-09-11 08:00:00+00:00,2025-09-11 12:00:00+00:00,1,-2.5955449006093634
stage36b_ny_open_continuation_h4_atr075,ny_open,continuation,4,2025-09-11 13:00:00+00:00,2025-09-11 17:00:00+00:00,-1,-5.072713423566009
stage36b_ny_open_reversal_h4_atr075,ny_open,reversal,4,2025-09-11 13:00:00+00:00,2025-09-11 17:00:00+00:00,1,5.072713423566009
stage36b_ny_late_reversal_h8_atr075,ny_late,reversal,8,2025-09-11 18:00:00+00:00,2025-09-12 02:00:00+00:00,-1,0.6122941961731495
stage36b_ny_late_continuation_h8_atr075,ny_late,continuation,8,2025-09-11 18:00:00+00:00,2025-09-12 02:00:00+00:00,1,-0.6122941961731495
stage36b_london_open_continuation_h4_atr075,london_open,continuation,4,2025-09-12 08:00:00+00:00,2025-09-12 12:00:00+00:00,-1,6.148509485094622
stage36b_london_open_reversal_h4_atr075,london_open,reversal,4,2025-09-12 08:00:00+00:00,2025-09-12 12:00:00+00:00,1,-6.148509485094622
stage36b_ny_open_continuation_h4_atr075,ny_open,continuation,4,2025-09-12 13:00:00+00:00,2025-09-12 17:00:00+00:00,1,-2.3121256957657947
stage36b_ny_open_reversal_h4_atr075,ny_open,reversal,4,2025-09-12 13:00:00+00:00,2025-09-12 17:00:00+00:00,-1,2.3121256957657947
stage36b_ny_late_reversal_h8_atr075,ny_late,reversal,8,2025-09-12 18:00:00+00:00,2025-09-15 01:00:00+00:00,1,-1.8380414312618216
stage36b_ny_late_continuation_h8_atr075,ny_late,continuation,8,2025-09-12 18:00:00+00:00,2025-09-15 01:00:00+00:00,-1,1.8380414312618216
stage36b_london_open_continuation_h4_atr075,london_open,continuation,4,2025-09-15 08:00:00+00:00,2025-09-15 12:00:00+00:00,-1,2.3732241752948804
stage36b_london_open_reversal_h4_atr075,london_open,reversal,4,2025-09-15 08:00:00+00:00,2025-09-15 12:00:00+00:00,1,-2.3732241752948804
stage36b_ny_open_continuation_h4_atr075,ny_open,continuation,4,2025-09-15 13:00:00+00:00,2025-09-15 17:00:00+00:00,-1,-17.129797831819555
stage36b_ny_open_reversal_h4_atr075,ny_open,reversal,4,2025-09-15 13:00:00+00:00,2025-09-15 17:00:00+00:00,1,17.129797831819555
stage36b_ny_late_reversal_h8_atr075,ny_late,reversal,8,2025-09-15 18:00:00+00:00,2025-09-16 02:00:00+00:00,-1,2.00740963252224
stage36b_ny_late_continuation_h8_atr075,ny_late,continuation,8,2025-09-15 18:00:00+00:00,2025-09-16 02:00:00+00:00,1,-2.00740963252224
stage36b_london_open_continuation_h4_atr075,london_open,continuation,4,2025-09-16 08:00:00+00:00,2025-09-16 12:00:00+00:00,-1,-12.82932416953035
stage36b_london_open_reversal_h4_atr075,london_open,reversal,4,2025-09-16 08:00:00+00:00,2025-09-16 12:00:00+00:00,1,12.82932416953035
stage36b_ny_open_continuation_h4_atr075,ny_open,continuation,4,2025-09-16 13:00:00+00:00,2025-09-16 17:00:00+00:00,-1,4.9651770356667315
stage36b_ny_open_reversal_h4_atr075,ny_open,reversal,4,2025-09-16 13:00:00+00:00,2025-09-16 17:00:00+00:00,1,-4.9651770356667315
stage36b_ny_late_reversal_h8_atr075,ny_late,reversal,8,2025-09-16 18:00:00+00:00,2025-09-17 02:00:00+00:00,1,4.656757111023892
stage36b_ny_late_continuation_h8_atr075,ny_late,continuation,8,2025-09-16 18:00:00+00:00,2025-09-17 02:00:00+00:00,-1,-4.656757111023892
stage36b_london_open_continuation_h4_atr075,london_open,continuation,4,2025-09-17 08:00:00+00:00,2025-09-17 12:00:00+00:00,-1,10.439772774391322
stage36b_london_open_reversal_h4_atr075,london_open,reversal,4,2025-09-17 08:00:00+00:00,2025-09-17 12:00:00+00:00,1,-10.439772774391322
stage36b_ny_open_continuation_h4_atr075,ny_open,continuation,4,2025-09-17 13:00:00+00:00,2025-09-17 17:00:00+00:00,-1,-17.31346489461685
stage36b_ny_open_reversal_h4_atr075,ny_open,reversal,4,2025-09-17 13:00:00+00:00,2025-09-17 17:00:00+00:00,1,17.31346489461685
stage36b_ny_late_reversal_h8_atr075,ny_late,reversal,8,2025-09-17 18:00:00+00:00,2025-09-18 02:00:00+00:00,1,-9.756652447694645
stage36b_ny_late_continuation_h8_atr075,ny_late,continuation,8,2025-09-17 18:00:00+00:00,2025-09-18 02:00:00+00:00,-1,9.756652447694645
stage36b_london_open_continuation_h4_atr075,london_open,continuation,4,2025-09-18 08:00:00+00:00,2025-09-18 12:00:00+00:00,-1,-7.5300738656347415
stage36b_london_open_reversal_h4_atr075,london_open,reversal,4,2025-09-18 08:00:00+00:00,2025-09-18 12:00:00+00:00,1,7.5300738656347415
stage36b_ny_open_continuation_h4_atr075,ny_open,continuation,4,2025-09-18 13:00:00+00:00,2025-09-18 17:00:00+00:00,-1,12.994325727393532
stage36b_ny_open_reversal_h4_atr075,ny_open,reversal,4,2025-09-18 13:00:00+00:00,2025-09-18 17:00:00+00:00,1,-12.994325727393532
stage36b_ny_late_reversal_h8_atr075,ny_late,reversal,8,2025-09-18 18:00:00+00:00,2025-09-19 02:00:00+00:00,-1,0.44062488063871563
stage36b_ny_late_continuation_h8_atr075,ny_late,continuation,8,2025-09-18 18:00:00+00:00,2025-09-19 02:00:00+00:00,1,-0.44062488063871563
stage36b_london_open_continuation_h4_atr075,london_open,continuation,4,2025-09-19 08:00:00+00:00,2025-09-19 12:00:00+00:00,-1,-4.5036350768834295
stage36b_london_open_reversal_h4_atr075,london_open,reversal,4,2025-09-19 08:00:00+00:00,2025-09-19 12:00:00+00:00,1,4.5036350768834295
stage36b_ny_open_continuation_h4_atr075,ny_open,continuation,4,2025-09-19 13:00:00+00:00,2025-09-19 17:00:00+00:00,-1,-7.197877004730396
stage36b_ny_open_reversal_h4_atr075,ny_open,reversal,4,2025-09-19 13:00:00+00:00,2025-09-19 17:00:00+00:00,1,7.197877004730396
stage36b_ny_late_reversal_h8_atr075,ny_late,reversal,8,2025-09-19 18:00:00+00:00,2025-09-22 01:00:00+00:00,-1,-9.403943607848706
stage36b_ny_late_continuation_h8_atr075,ny_late,continuation,8,2025-09-19 18:00:00+00:00,2025-09-22 01:00:00+00:00,1,9.403943607848706
stage36b_london_open_continuation_h4_atr075,london_open,continuation,4,2025-09-22 08:00:00+00:00,2025-09-22 12:00:00+00:00,1,19.312125403411965
stage36b_london_open_reversal_h4_atr075,london_open,reversal,4,2025-09-22 08:00:00+00:00,2025-09-22 12:00:00+00:00,-1,-19.312125403411965
stage36b_ny_open_continuation_h4_atr075,ny_open,continuation,4,2025-09-22 13:00:00+00:00,2025-09-22 17:00:00+00:00,1,-0.9734427812650256
stage36b_ny_open_reversal_h4_atr075,ny_open,reversal,4,2025-09-22 13:00:00+00:00,2025-09-22 17:00:00+00:00,-1,0.9734427812650256
stage36b_ny_late_reversal_h8_atr075,ny_late,reversal,8,2025-09-22 18:00:00+00:00,2025-09-23 02:00:00+00:00,-1,-5.994119808893859
stage36b_ny_late_continuation_h8_atr075,ny_late,continuation,8,2025-09-22 18:00:00+00:00,2025-09-23 02:00:00+00:00,1,5.994119808893859
stage36b_london_open_continuation_h4_atr075,london_open,continuation,4,2025-09-23 08:00:00+00:00,2025-09-23 12:00:00+00:00,1,18.23135135135168
stage36b_london_open_reversal_h4_atr075,london_open,reversal,4,2025-09-23 08:00:00+00:00,2025-09-23 12:00:00+00:00,-1,-18.23135135135168
stage36b_ny_open_continuation_h4_atr075,ny_open,continuation,4,2025-09-23 13:00:00+00:00,2025-09-23 17:00:00+00:00,-1,4.3577732518667975
stage36b_ny_open_reversal_h4_atr075,ny_open,reversal,4,2025-09-23 13:00:00+00:00,2025-09-23 17:00:00+00:00,1,-4.3577732518667975
stage36b_ny_late_reversal_h8_atr075,ny_late,reversal,8,2025-09-23 18:00:00+00:00,2025-09-24 02:00:00+00:00,-1,6.94489304434065
stage36b_ny_late_continuation_h8_atr075,ny_late,continuation,8,2025-09-23 18:00:00+00:00,2025-09-24 02:00:00+00:00,1,-6.94489304434065
stage36b_london_open_continuation_h4_atr075,london_open,continuation,4,2025-09-24 08:00:00+00:00,2025-09-24 12:00:00+00:00,1,-3.102744696290495
stage36b_london_open_reversal_h4_atr075,london_open,reversal,4,2025-09-24 08:00:00+00:00,2025-09-24 12:00:00+00:00,-1,3.102744696290495
stage36b_ny_open_continuation_h4_atr075,ny_open,continuation,4,2025-09-24 13:00:00+00:00,2025-09-24 17:00:00+00:00,-1,5.5631675874769995
stage36b_ny_open_reversal_h4_atr075,ny_open,reversal,4,2025-09-24 13:00:00+00:00,2025-09-24 17:00:00+00:00,1,-5.5631675874769995
stage36b_ny_late_reversal_h8_atr075,ny_late,reversal,8,2025-09-24 18:00:00+00:00,2025-09-25 02:00:00+00:00,1,0.9151087107048786
stage36b_ny_late_continuation_h8_atr075,ny_late,continuation,8,2025-09-24 18:00:00+00:00,2025-09-25 02:00:00+00:00,-1,-0.9151087107048786
stage36b_london_open_continuation_h4_atr075,london_open,continuation,4,2025-09-25 08:00:00+00:00,2025-09-25 12:00:00+00:00,1,9.803415124120923
stage36b_london_open_reversal_h4_atr075,london_open,reversal,4,2025-09-25 08:00:00+00:00,2025-09-25 12:00:00+00:00,-1,-9.803415124120923
stage36b_ny_open_continuation_h4_atr075,ny_open,continuation,4,2025-09-25 13:00:00+00:00,2025-09-25 17:00:00+00:00,1,-14.107883817427336
stage36b_ny_open_reversal_h4_atr075,ny_open,reversal,4,2025-09-25 13:00:00+00:00,2025-09-25 17:00:00+00:00,-1,14.107883817427336
stage36b_ny_late_reversal_h8_atr075,ny_late,reversal,8,2025-09-25 18:00:00+00:00,2025-09-26 02:00:00+00:00,-1,-3.7668209259364707
stage36b_ny_late_continuation_h8_atr075,ny_late,continuation,8,2025-09-25 18:00:00+00:00,2025-09-26 02:00:00+00:00,1,3.7668209259364707
stage36b_london_open_continuation_h4_atr075,london_open,continuation,4,2025-09-26 08:00:00+00:00,2025-09-26 12:00:00+00:00,-1,-4.829187396351663
stage36b_london_open_reversal_h4_atr075,london_open,reversal,4,2025-09-26 08:00:00+00:00,2025-09-26 12:00:00+00:00,1,4.829187396351663
stage36b_ny_open_continuation_h4_atr075,ny_open,continuation,4,2025-09-26 13:00:00+00:00,2025-09-26 17:00:00+00:00,-1,-19.21556240756091
stage36b_ny_open_reversal_h4_atr075,ny_open,reversal,4,2025-09-26 13:00:00+00:00,2025-09-26 17:00:00+00:00,1,19.21556240756091
stage36b_ny_late_reversal_h8_atr075,ny_late,reversal,8,2025-09-26 18:00:00+00:00,2025-09-29 01:00:00+00:00,-1,5.190166713760838
stage36b_ny_late_continuation_h8_atr075,ny_late,continuation,8,2025-09-26 18:00:00+00:00,2025-09-29 01:00:00+00:00,1,-5.190166713760838
stage36b_london_open_continuation_h4_atr075,london_open,continuation,4,2025-09-29 08:00:00+00:00,2025-09-29 12:00:00+00:00,1,-2.5720505006529994
stage36b_london_open_reversal_h4_atr075,london_open,reversal,4,2025-09-29 08:00:00+00:00,2025-09-29 12:00:00+00:00,-1,2.5720505006529994
stage36b_ny_open_continuation_h4_atr075,ny_open,continuation,4,2025-09-29 13:00:00+00:00,2025-09-29 17:00:00+00:00,1,4.044017860281972
stage36b_ny_open_reversal_h4_atr075,ny_open,reversal,4,2025-09-29 13:00:00+00:00,2025-09-29 17:00:00+00:00,-1,-4.044017860281972
stage36b_ny_late_reversal_h8_atr075,ny_late,reversal,8,2025-09-29 18:00:00+00:00,2025-09-30 02:00:00+00:00,-1,-0.9249120660650827
stage36b_ny_late_continuation_h8_atr075,ny_late,continuation,8,2025-09-29 18:00:00+00:00,2025-09-30 02:00:00+00:00,1,0.9249120660650827
stage36b_london_open_continuation_h4_atr075,london_open,continuation,4,2025-09-30 08:00:00+00:00,2025-09-30 12:00:00+00:00,1,-44.3582887700536
stage36b_london_open_reversal_h4_atr075,london_open,reversal,4,2025-09-30 08:00:00+00:00,2025-09-30 12:00:00+00:00,-1,44.3582887700536
stage36b_ny_open_continuation_h4_atr075,ny_open,continuation,4,2025-09-30 13:00:00+00:00,2025-09-30 17:00:00+00:00,1,15.302606122681246
stage36b_ny_open_reversal_h4_atr075,ny_open,reversal,4,2025-09-30 13:00:00+00:00,2025-09-30 17:00:00+00:00,-1,-15.302606122681246
stage36b_ny_late_reversal_h8_atr075,ny_late,reversal,8,2025-09-30 18:00:00+00:00,2025-10-01 02:00:00+00:00,1,6.692975532754532
stage36b_ny_late_continuation_h8_atr075,ny_late,continuation,8,2025-09-30 18:00:00+00:00,2025-10-01 02:00:00+00:00,-1,-6.692975532754532
stage36b_london_open_continuation_h4_atr075,london_open,continuation,4,2025-10-01 08:00:00+00:00,2025-10-01 12:00:00+00:00,-1,-15.563605002156184
stage36b_london_open_reversal_h4_atr075,london_open,reversal,4,2025-10-01 08:00:00+00:00,2025-10-01 12:00:00+00:00,1,15.563605002156184
stage36b_ny_open_continuation_h4_atr075,ny_open,continuation,4,2025-10-01 13:00:00+00:00,2025-10-01 17:00:00+00:00,-1,7.8537319853732495
stage36b_ny_open_reversal_h4_atr075,ny_open,reversal,4,2025-10-01 13:00:00+00:00,2025-10-01 17:00:00+00:00,1,-7.8537319853732495
stage36b_ny_late_reversal_h8_atr075,ny_late,reversal,8,2025-10-01 18:00:00+00:00,2025-10-02 02:00:00+00:00,1,-1.8633193863318613
stage36b_ny_late_continuation_h8_atr075,ny_late,continuation,8,2025-10-01 18:00:00+00:00,2025-10-02 02:00:00+00:00,-1,1.8633193863318613
stage36b_london_open_continuation_h4_atr075,london_open,continuation,4,2025-10-02 08:00:00+00:00,2025-10-02 12:00:00+00:00,1,6.562042268256848
stage36b_london_open_reversal_h4_atr075,london_open,reversal,4,2025-10-02 08:00:00+00:00,2025-10-02 12:00:00+00:00,-1,-6.562042268256848
stage36b_ny_open_continuation_h4_atr075,ny_open,continuation,4,2025-10-02 13:00:00+00:00,2025-10-02 17:00:00+00:00,1,-23.967502107764336
stage36b_ny_open_reversal_h4_atr075,ny_open,reversal,4,2025-10-02 13:00:00+00:00,2025-10-02 17:00:00+00:00,-1,23.967502107764336
stage36b_ny_late_reversal_h8_atr075,ny_late,reversal,8,2025-10-02 18:00:00+00:00,2025-10-03 02:00:00+00:00,1,12.791008078679267
stage36b_ny_late_continuation_h8_atr075,ny_late,continuation,8,2025-10-02 18:00:00+00:00,2025-10-03 02:00:00+00:00,-1,-12.791008078679267
stage36b_london_open_continuation_h4_atr075,london_open,continuation,4,2025-10-03 08:00:00+00:00,2025-10-03 12:00:00+00:00,1,4.865483631487023
stage36b_london_open_reversal_h4_atr075,london_open,reversal,4,2025-10-03 08:00:00+00:00,2025-10-03 12:00:00+00:00,-1,-4.865483631487023
stage36b_ny_open_continuation_h4_atr075,ny_open,continuation,4,2025-10-03 13:00:00+00:00,2025-10-03 17:00:00+00:00,1,7.98070789576021
stage36b_ny_open_reversal_h4_atr075,ny_open,reversal,4,2025-10-03 13:00:00+00:00,2025-10-03 17:00:00+00:00,-1,-7.98070789576021
stage36b_ny_late_reversal_h8_atr075,ny_late,reversal,8,2025-10-03 18:00:00+00:00,2025-10-06 01:00:00+00:00,-1,-4.742155633816741
stage36b_ny_late_continuation_h8_atr075,ny_late,continuation,8,2025-10-03 18:00:00+00:00,2025-10-06 01:00:00+00:00,1,4.742155633816741
stage36b_london_open_continuation_h4_atr075,london_open,continuation,4,2025-10-06 08:00:00+00:00,2025-10-06 12:00:00+00:00,-1,-3.740736875065182
stage36b_london_open_reversal_h4_atr075,london_open,reversal,4,2025-10-06 08:00:00+00:00,2025-10-06 12:00:00+00:00,1,3.740736875065182
stage36b_ny_open_continuation_h4_atr075,ny_open,continuation,4,2025-10-06 13:00:00+00:00,2025-10-06 17:00:00+00:00,-1,-4.5257911944894005
stage36b_ny_open_reversal_h4_atr075,ny_open,reversal,4,2025-10-06 13:00:00+00:00,2025-10-06 17:00:00+00:00,1,4.5257911944894005
stage36b_ny_late_reversal_h8_atr075,ny_late,reversal,8,2025-10-06 18:00:00+00:00,2025-10-07 02:00:00+00:00,-1,-2.7867068648855615
stage36b_ny_late_continuation_h8_atr075,ny_late,continuation,8,2025-10-06 18:00:00+00:00,2025-10-07 02:00:00+00:00,1,2.7867068648855615
stage36b_london_open_continuation_h4_atr075,london_open,continuation,4,2025-10-07 08:00:00+00:00,2025-10-07 12:00:00+00:00,-1,4.480470637672026
stage36b_london_open_reversal_h4_atr075,london_open,reversal,4,2025-10-07 08:00:00+00:00,2025-10-07 12:00:00+00:00,1,-4.480470637672026
stage36b_ny_open_continuation_h4_atr075,ny_open,continuation,4,2025-10-07 13:00:00+00:00,2025-10-07 17:00:00+00:00,1,11.291208464602025
stage36b_ny_open_reversal_h4_atr075,ny_open,reversal,4,2025-10-07 13:00:00+00:00,2025-10-07 17:00:00+00:00,-1,-11.291208464602025
stage36b_ny_late_reversal_h8_atr075,ny_late,reversal,8,2025-10-07 18:00:00+00:00,2025-10-08 02:00:00+00:00,1,10.845823274607543
stage36b_ny_late_continuation_h8_atr075,ny_late,continuation,8,2025-10-07 18:00:00+00:00,2025-10-08 02:00:00+00:00,-1,-10.845823274607543
stage36b_london_open_continuation_h4_atr075,london_open,continuation,4,2025-10-08 08:00:00+00:00,2025-10-08 12:00:00+00:00,1,9.877088122605242
stage36b_london_open_reversal_h4_atr075,london_open,reversal,4,2025-10-08 08:00:00+00:00,2025-10-08 12:00:00+00:00,-1,-9.877088122605242
stage36b_ny_open_continuation_h4_atr075,ny_open,continuation,4,2025-10-08 13:00:00+00:00,2025-10-08 17:00:00+00:00,-1,-5.09319303397365
stage36b_ny_open_reversal_h4_atr075,ny_open,reversal,4,2025-10-08 13:00:00+00:00,2025-10-08 17:00:00+00:00,1,5.09319303397365
stage36b_ny_late_reversal_h8_atr075,ny_late,reversal,8,2025-10-08 18:00:00+00:00,2025-10-09 02:00:00+00:00,1,-13.934878951030871
stage36b_ny_late_continuation_h8_atr075,ny_late,continuation,8,2025-10-08 18:00:00+00:00,2025-10-09 02:00:00+00:00,-1,13.934878951030871
stage36b_london_open_continuation_h4_atr075,london_open,continuation,4,2025-10-09 08:00:00+00:00,2025-10-09 12:00:00+00:00,1,-0.6706924315620263
stage36b_london_open_reversal_h4_atr075,london_open,reversal,4,2025-10-09 08:00:00+00:00,2025-10-09 12:00:00+00:00,-1,0.6706924315620263
stage36b_ny_open_continuation_h4_atr075,ny_open,continuation,4,2025-10-09 13:00:00+00:00,2025-10-09 17:00:00+00:00,1,-6.579146455431517
stage36b_ny_open_reversal_h4_atr075,ny_open,reversal,4,2025-10-09 13:00:00+00:00,2025-10-09 17:00:00+00:00,-1,6.579146455431517
stage36b_ny_late_reversal_h8_atr075,ny_late,reversal,8,2025-10-09 18:00:00+00:00,2025-10-10 02:00:00+00:00,1,-8.190985212898513
stage36b_ny_late_continuation_h8_atr075,ny_late,continuation,8,2025-10-09 18:00:00+00:00,2025-10-10 02:00:00+00:00,-1,8.190985212898513
stage36b_london_open_continuation_h4_atr075,london_open,continuation,4,2025-10-10 08:00:00+00:00,2025-10-10 12:00:00+00:00,1,5.245930821178557
stage36b_london_open_reversal_h4_atr075,london_open,reversal,4,2025-10-10 08:00:00+00:00,2025-10-10 12:00:00+00:00,-1,-5.245930821178557
stage36b_ny_open_continuation_h4_atr075,ny_open,continuation,4,2025-10-10 13:00:00+00:00,2025-10-10 17:00:00+00:00,-1,1.3486887299471395
stage36b_ny_open_reversal_h4_atr075,ny_open,reversal,4,2025-10-10 13:00:00+00:00,2025-10-10 17:00:00+00:00,1,-1.3486887299471395
stage36b_ny_late_reversal_h8_atr075,ny_late,reversal,8,2025-10-10 18:00:00+00:00,2025-10-13 01:00:00+00:00,-1,-12.63773868132157
stage36b_ny_late_continuation_h8_atr075,ny_late,continuation,8,2025-10-10 18:00:00+00:00,2025-10-13 01:00:00+00:00,1,12.63773868132157
stage36b_london_open_continuation_h4_atr075,london_open,continuation,4,2025-10-13 08:00:00+00:00,2025-10-13 12:00:00+00:00,1,2.9971489805147846
stage36b_london_open_reversal_h4_atr075,london_open,reversal,4,2025-10-13 08:00:00+00:00,2025-10-13 12:00:00+00:00,-1,-2.9971489805147846
stage36b_ny_open_continuation_h4_atr075,ny_open,continuation,4,2025-10-13 13:00:00+00:00,2025-10-13 17:00:00+00:00,1,4.57436886959323
stage36b_ny_open_reversal_h4_atr075,ny_open,reversal,4,2025-10-13 13:00:00+00:00,2025-10-13 17:00:00+00:00,-1,-4.57436886959323
stage36b_ny_late_reversal_h8_atr075,ny_late,reversal,8,2025-10-13 18:00:00+00:00,2025-10-14 02:00:00+00:00,-1,-9.494544058781813
stage36b_ny_late_continuation_h8_atr075,ny_late,continuation,8,2025-10-13 18:00:00+00:00,2025-10-14 02:00:00+00:00,1,9.494544058781813
stage36b_london_open_continuation_h4_atr075,london_open,continuation,4,2025-10-14 08:00:00+00:00,2025-10-14 12:00:00+00:00,-1,-1.7113502818797979
stage36b_london_open_reversal_h4_atr075,london_open,reversal,4,2025-10-14 08:00:00+00:00,2025-10-14 12:00:00+00:00,1,1.7113502818797979
stage36b_ny_open_continuation_h4_atr075,ny_open,continuation,4,2025-10-14 13:00:00+00:00,2025-10-14 17:00:00+00:00,1,-0.5616154575903952
stage36b_ny_open_reversal_h4_atr075,ny_open,reversal,4,2025-10-14 13:00:00+00:00,2025-10-14 17:00:00+00:00,-1,0.5616154575903952
stage36b_ny_late_reversal_h8_atr075,ny_late,reversal,8,2025-10-14 18:00:00+00:00,2025-10-15 02:00:00+00:00,-1,-4.9666751366967805
stage36b_ny_late_continuation_h8_atr075,ny_late,continuation,8,2025-10-14 18:00:00+00:00,2025-10-15 02:00:00+00:00,1,4.9666751366967805
stage36b_london_open_continuation_h4_atr075,london_open,continuation,4,2025-10-15 08:00:00+00:00,2025-10-15 12:00:00+00:00,1,2.0876725462827648
stage36b_london_open_reversal_h4_atr075,london_open,reversal,4,2025-10-15 08:00:00+00:00,2025-10-15 12:00:00+00:00,-1,-2.0876725462827648
stage36b_ny_open_continuation_h4_atr075,ny_open,continuation,4,2025-10-15 13:00:00+00:00,2025-10-15 17:00:00+00:00,1,-0.8039797843844282
stage36b_ny_open_reversal_h4_atr075,ny_open,reversal,4,2025-10-15 13:00:00+00:00,2025-10-15 17:00:00+00:00,-1,0.8039797843844282
stage36b_ny_late_reversal_h8_atr075,ny_late,reversal,8,2025-10-15 18:00:00+00:00,2025-10-16 02:00:00+00:00,1,5.434545774029114
stage36b_ny_late_continuation_h8_atr075,ny_late,continuation,8,2025-10-15 18:00:00+00:00,2025-10-16 02:00:00+00:00,-1,-5.434545774029114
stage36b_london_open_continuation_h4_atr075,london_open,continuation,4,2025-10-16 08:00:00+00:00,2025-10-16 12:00:00+00:00,-1,-12.368163968968505
stage36b_london_open_reversal_h4_atr075,london_open,reversal,4,2025-10-16 08:00:00+00:00,2025-10-16 12:00:00+00:00,1,12.368163968968505
stage36b_ny_open_continuation_h4_atr075,ny_open,continuation,4,2025-10-16 13:00:00+00:00,2025-10-16 17:00:00+00:00,1,6.886324517683671
stage36b_ny_open_reversal_h4_atr075,ny_open,reversal,4,2025-10-16 13:00:00+00:00,2025-10-16 17:00:00+00:00,-1,-6.886324517683671
stage36b_ny_late_reversal_h8_atr075,ny_late,reversal,8,2025-10-16 18:00:00+00:00,2025-10-17 02:00:00+00:00,-1,-29.203791469194265
stage36b_ny_late_continuation_h8_atr075,ny_late,continuation,8,2025-10-16 18:00:00+00:00,2025-10-17 02:00:00+00:00,1,29.203791469194265
stage36b_london_open_continuation_h4_atr075,london_open,continuation,4,2025-10-17 08:00:00+00:00,2025-10-17 12:00:00+00:00,-1,3.87002621653624
stage36b_london_open_reversal_h4_atr075,london_open,reversal,4,2025-10-17 08:00:00+00:00,2025-10-17 12:00:00+00:00,1,-3.87002621653624
stage36b_ny_open_continuation_h4_atr075,ny_open,continuation,4,2025-10-17 13:00:00+00:00,2025-10-17 17:00:00+00:00,-1,12.077395359013227
stage36b_ny_open_reversal_h4_atr075,ny_open,reversal,4,2025-10-17 13:00:00+00:00,2025-10-17 17:00:00+00:00,1,-12.077395359013227
stage36b_ny_late_reversal_h8_atr075,ny_late,reversal,8,2025-10-17 18:00:00+00:00,2025-10-20 01:00:00+00:00,1,2.7869527524925264
stage36b_ny_late_continuation_h8_atr075,ny_late,continuation,8,2025-10-17 18:00:00+00:00,2025-10-20 01:00:00+00:00,-1,-2.7869527524925264
stage36b_london_open_continuation_h4_atr075,london_open,continuation,4,2025-10-20 08:00:00+00:00,2025-10-20 12:00:00+00:00,-1,-4.070545250140624
stage36b_london_open_reversal_h4_atr075,london_open,reversal,4,2025-10-20 08:00:00+00:00,2025-10-20 12:00:00+00:00,1,4.070545250140624
stage36b_ny_open_continuation_h4_atr075,ny_open,continuation,4,2025-10-20 13:00:00+00:00,2025-10-20 17:00:00+00:00,-1,-18.43983968619408
stage36b_ny_open_reversal_h4_atr075,ny_open,reversal,4,2025-10-20 13:00:00+00:00,2025-10-20 17:00:00+00:00,1,18.43983968619408
stage36b_ny_late_reversal_h8_atr075,ny_late,reversal,8,2025-10-20 18:00:00+00:00,2025-10-21 02:00:00+00:00,-1,-2.563566701497731
stage36b_ny_late_continuation_h8_atr075,ny_late,continuation,8,2025-10-20 18:00:00+00:00,2025-10-21 02:00:00+00:00,1,2.563566701497731
stage36b_london_open_continuation_h4_atr075,london_open,continuation,4,2025-10-21 08:00:00+00:00,2025-10-21 12:00:00+00:00,-1,15.917619134562834
stage36b_london_open_reversal_h4_atr075,london_open,reversal,4,2025-10-21 08:00:00+00:00,2025-10-21 12:00:00+00:00,1,-15.917619134562834
stage36b_ny_open_continuation_h4_atr075,ny_open,continuation,4,2025-10-21 13:00:00+00:00,2025-10-21 17:00:00+00:00,-1,24.605527972759628
stage36b_ny_open_reversal_h4_atr075,ny_open,reversal,4,2025-10-21 13:00:00+00:00,2025-10-21 17:00:00+00:00,1,-24.605527972759628
stage36b_ny_late_reversal_h8_atr075,ny_late,reversal,8,2025-10-21 18:00:00+00:00,2025-10-22 02:00:00+00:00,1,-6.546470243726671
stage36b_ny_late_continuation_h8_atr075,ny_late,continuation,8,2025-10-21 18:00:00+00:00,2025-10-22 02:00:00+00:00,-1,6.546470243726671
stage36b_london_open_continuation_h4_atr075,london_open,continuation,4,2025-10-22 08:00:00+00:00,2025-10-22 12:00:00+00:00,1,-9.63611340489944
stage36b_london_open_reversal_h4_atr075,london_open,reversal,4,2025-10-22 08:00:00+00:00,2025-10-22 12:00:00+00:00,-1,9.63611340489944
stage36b_ny_open_continuation_h4_atr075,ny_open,continuation,4,2025-10-22 13:00:00+00:00,2025-10-22 17:00:00+00:00,-1,2.381574751225636
stage36b_ny_open_reversal_h4_atr075,ny_open,reversal,4,2025-10-22 13:00:00+00:00,2025-10-22 17:00:00+00:00,1,-2.381574751225636
stage36b_ny_late_reversal_h8_atr075,ny_late,reversal,8,2025-10-22 18:00:00+00:00,2025-10-23 02:00:00+00:00,-1,-6.676202219482076
stage36b_ny_late_continuation_h8_atr075,ny_late,continuation,8,2025-10-22 18:00:00+00:00,2025-10-23 02:00:00+00:00,1,6.676202219482076
stage36b_london_open_continuation_h4_atr075,london_open,continuation,4,2025-10-23 08:00:00+00:00,2025-10-23 12:00:00+00:00,1,3.0941333255512715
stage36b_london_open_reversal_h4_atr075,london_open,reversal,4,2025-10-23 08:00:00+00:00,2025-10-23 12:00:00+00:00,-1,-3.0941333255512715
stage36b_ny_open_continuation_h4_atr075,ny_open,continuation,4,2025-10-23 13:00:00+00:00,2025-10-23 17:00:00+00:00,-1,-9.113351891947614
stage36b_ny_open_reversal_h4_atr075,ny_open,reversal,4,2025-10-23 13:00:00+00:00,2025-10-23 17:00:00+00:00,1,9.113351891947614
stage36b_ny_late_reversal_h8_atr075,ny_late,reversal,8,2025-10-23 18:00:00+00:00,2025-10-24 02:00:00+00:00,1,-5.122031951903159
stage36b_ny_late_continuation_h8_atr075,ny_late,continuation,8,2025-10-23 18:00:00+00:00,2025-10-24 02:00:00+00:00,-1,5.122031951903159
stage36b_london_open_continuation_h4_atr075,london_open,continuation,4,2025-10-24 08:00:00+00:00,2025-10-24 12:00:00+00:00,-1,13.000079447048302
stage36b_london_open_reversal_h4_atr075,london_open,reversal,4,2025-10-24 08:00:00+00:00,2025-10-24 12:00:00+00:00,1,-13.000079447048302
stage36b_ny_open_continuation_h4_atr075,ny_open,continuation,4,2025-10-24 13:00:00+00:00,2025-10-24 17:00:00+00:00,-1,-16.751966165324085
stage36b_ny_open_reversal_h4_atr075,ny_open,reversal,4,2025-10-24 13:00:00+00:00,2025-10-24 17:00:00+00:00,1,16.751966165324085
stage36b_ny_late_reversal_h8_atr075,ny_late,reversal,8,2025-10-24 18:00:00+00:00,2025-10-27 00:00:00+00:00,-1,11.143628774858815
stage36b_ny_late_continuation_h8_atr075,ny_late,continuation,8,2025-10-24 18:00:00+00:00,2025-10-27 00:00:00+00:00,1,-11.143628774858815
stage36b_london_open_continuation_h4_atr075,london_open,continuation,4,2025-10-27 08:00:00+00:00,2025-10-27 12:00:00+00:00,-1,9.715983363042247
stage36b_london_open_reversal_h4_atr075,london_open,reversal,4,2025-10-27 08:00:00+00:00,2025-10-27 12:00:00+00:00,1,-9.715983363042247
stage36b_ny_open_continuation_h4_atr075,ny_open,continuation,4,2025-10-27 13:00:00+00:00,2025-10-27 17:00:00+00:00,-1,7.94316325999902
stage36b_ny_open_reversal_h4_atr075,ny_open,reversal,4,2025-10-27 13:00:00+00:00,2025-10-27 17:00:00+00:00,1,-7.94316325999902
stage36b_ny_late_reversal_h8_atr075,ny_late,reversal,8,2025-10-27 18:00:00+00:00,2025-10-28 02:00:00+00:00,-1,-1.8027709861449925
stage36b_ny_late_continuation_h8_atr075,ny_late,continuation,8,2025-10-27 18:00:00+00:00,2025-10-28 02:00:00+00:00,1,1.8027709861449925
stage36b_london_open_continuation_h4_atr075,london_open,continuation,4,2025-10-28 08:00:00+00:00,2025-10-28 12:00:00+00:00,-1,3.904421932786665
stage36b_london_open_reversal_h4_atr075,london_open,reversal,4,2025-10-28 08:00:00+00:00,2025-10-28 12:00:00+00:00,1,-3.904421932786665
stage36b_ny_open_continuation_h4_atr075,ny_open,continuation,4,2025-10-28 13:00:00+00:00,2025-10-28 17:00:00+00:00,-1,-8.685177942901882
stage36b_ny_open_reversal_h4_atr075,ny_open,reversal,4,2025-10-28 13:00:00+00:00,2025-10-28 17:00:00+00:00,1,8.685177942901882
stage36b_ny_late_reversal_h8_atr075,ny_late,reversal,8,2025-10-28 18:00:00+00:00,2025-10-29 02:00:00+00:00,1,3.751180455758498
stage36b_ny_late_continuation_h8_atr075,ny_late,continuation,8,2025-10-28 18:00:00+00:00,2025-10-29 02:00:00+00:00,-1,-3.751180455758498
stage36b_london_open_continuation_h4_atr075,london_open,continuation,4,2025-10-29 08:00:00+00:00,2025-10-29 12:00:00+00:00,1,10.388065830946292
stage36b_london_open_reversal_h4_atr075,london_open,reversal,4,2025-10-29 08:00:00+00:00,2025-10-29 12:00:00+00:00,-1,-10.388065830946292
stage36b_ny_open_continuation_h4_atr075,ny_open,continuation,4,2025-10-29 13:00:00+00:00,2025-10-29 17:00:00+00:00,-1,5.634713642949673
stage36b_ny_open_reversal_h4_atr075,ny_open,reversal,4,2025-10-29 13:00:00+00:00,2025-10-29 17:00:00+00:00,1,-5.634713642949673
stage36b_ny_late_reversal_h8_atr075,ny_late,reversal,8,2025-10-29 18:00:00+00:00,2025-10-30 02:00:00+00:00,1,-13.095913695494096
stage36b_ny_late_continuation_h8_atr075,ny_late,continuation,8,2025-10-29 18:00:00+00:00,2025-10-30 02:00:00+00:00,-1,13.095913695494096
stage36b_london_open_continuation_h4_atr075,london_open,continuation,4,2025-10-30 08:00:00+00:00,2025-10-30 12:00:00+00:00,1,1.3601238459626024
stage36b_london_open_reversal_h4_atr075,london_open,reversal,4,2025-10-30 08:00:00+00:00,2025-10-30 12:00:00+00:00,-1,-1.3601238459626024
stage36b_ny_open_continuation_h4_atr075,ny_open,continuation,4,2025-10-30 13:00:00+00:00,2025-10-30 17:00:00+00:00,-1,-5.5794473229706645
stage36b_ny_open_reversal_h4_atr075,ny_open,reversal,4,2025-10-30 13:00:00+00:00,2025-10-30 17:00:00+00:00,1,5.5794473229706645
stage36b_ny_late_reversal_h8_atr075,ny_late,reversal,8,2025-10-30 18:00:00+00:00,2025-10-31 02:00:00+00:00,1,4.829105816038949
stage36b_ny_late_continuation_h8_atr075,ny_late,continuation,8,2025-10-30 18:00:00+00:00,2025-10-31 02:00:00+00:00,-1,-4.829105816038949
stage36b_london_open_continuation_h4_atr075,london_open,continuation,4,2025-10-31 08:00:00+00:00,2025-10-31 12:00:00+00:00,1,-1.4837219662597647
stage36b_london_open_reversal_h4_atr075,london_open,reversal,4,2025-10-31 08:00:00+00:00,2025-10-31 12:00:00+00:00,-1,1.4837219662597647
stage36b_ny_open_continuation_h4_atr075,ny_open,continuation,4,2025-10-31 13:00:00+00:00,2025-10-31 17:00:00+00:00,1,0.690196078431262
stage36b_ny_open_reversal_h4_atr075,ny_open,reversal,4,2025-10-31 13:00:00+00:00,2025-10-31 17:00:00+00:00,-1,-0.690196078431262
stage36b_ny_late_reversal_h8_atr075,ny_late,reversal,8,2025-10-31 18:00:00+00:00,2025-11-03 02:00:00+00:00,1,-2.723594089052187
stage36b_ny_late_continuation_h8_atr075,ny_late,continuation,8,2025-10-31 18:00:00+00:00,2025-11-03 02:00:00+00:00,-1,2.723594089052187
stage36b_london_open_continuation_h4_atr075,london_open,continuation,4,2025-11-03 08:00:00+00:00,2025-11-03 12:00:00+00:00,1,-5.032662979107925
stage36b_london_open_reversal_h4_atr075,london_open,reversal,4,2025-11-03 08:00:00+00:00,2025-11-03 12:00:00+00:00,-1,5.032662979107925
stage36b_ny_open_continuation_h4_atr075,ny_open,continuation,4,2025-11-03 13:00:00+00:00,2025-11-03 17:00:00+00:00,1,0.2815650093968215
stage36b_ny_open_reversal_h4_atr075,ny_open,reversal,4,2025-11-03 13:00:00+00:00,2025-11-03 17:00:00+00:00,-1,-0.2815650093968215
stage36b_ny_late_reversal_h8_atr075,ny_late,reversal,8,2025-11-03 18:00:00+00:00,2025-11-04 02:00:00+00:00,1,-6.954655708700826
stage36b_ny_late_continuation_h8_atr075,ny_late,continuation,8,2025-11-03 18:00:00+00:00,2025-11-04 02:00:00+00:00,-1,6.954655708700826
stage36b_london_open_continuation_h4_atr075,london_open,continuation,4,2025-11-04 08:00:00+00:00,2025-11-04 12:00:00+00:00,1,2.9919302476578613
stage36b_london_open_reversal_h4_atr075,london_open,reversal,4,2025-11-04 08:00:00+00:00,2025-11-04 12:00:00+00:00,-1,-2.9919302476578613
stage36b_ny_open_continuation_h4_atr075,ny_open,continuation,4,2025-11-04 13:00:00+00:00,2025-11-04 17:00:00+00:00,1,-13.509415139044837
stage36b_ny_open_reversal_h4_atr075,ny_open,reversal,4,2025-11-04 13:00:00+00:00,2025-11-04 17:00:00+00:00,-1,13.509415139044837
stage36b_ny_late_reversal_h8_atr075,ny_late,reversal,8,2025-11-04 18:00:00+00:00,2025-11-05 02:00:00+00:00,-1,8.671505676530776
stage36b_ny_late_continuation_h8_atr075,ny_late,continuation,8,2025-11-04 18:00:00+00:00,2025-11-05 02:00:00+00:00,1,-8.671505676530776
stage36b_london_open_continuation_h4_atr075,london_open,continuation,4,2025-11-05 08:00:00+00:00,2025-11-05 12:00:00+00:00,1,-0.5384615384615593
stage36b_london_open_reversal_h4_atr075,london_open,reversal,4,2025-11-05 08:00:00+00:00,2025-11-05 12:00:00+00:00,-1,0.5384615384615593
stage36b_ny_open_continuation_h4_atr075,ny_open,continuation,4,2025-11-05 13:00:00+00:00,2025-11-05 17:00:00+00:00,1,4.257770632368679
stage36b_ny_open_reversal_h4_atr075,ny_open,reversal,4,2025-11-05 13:00:00+00:00,2025-11-05 17:00:00+00:00,-1,-4.257770632368679
stage36b_ny_late_reversal_h8_atr075,ny_late,reversal,8,2025-11-05 18:00:00+00:00,2025-11-06 02:00:00+00:00,-1,4.000129638632309
stage36b_ny_late_continuation_h8_atr075,ny_late,continuation,8,2025-11-05 18:00:00+00:00,2025-11-06 02:00:00+00:00,1,-4.000129638632309
stage36b_london_open_continuation_h4_atr075,london_open,continuation,4,2025-11-06 08:00:00+00:00,2025-11-06 12:00:00+00:00,1,9.694721384960015
stage36b_london_open_reversal_h4_atr075,london_open,reversal,4,2025-11-06 08:00:00+00:00,2025-11-06 12:00:00+00:00,-1,-9.694721384960015
stage36b_ny_open_continuation_h4_atr075,ny_open,continuation,4,2025-11-06 13:00:00+00:00,2025-11-06 17:00:00+00:00,1,-20.540352907144808
stage36b_ny_open_reversal_h4_atr075,ny_open,reversal,4,2025-11-06 13:00:00+00:00,2025-11-06 17:00:00+00:00,-1,20.540352907144808
stage36b_ny_late_reversal_h8_atr075,ny_late,reversal,8,2025-11-06 18:00:00+00:00,2025-11-07 02:00:00+00:00,-1,-3.3562465902891505
stage36b_ny_late_continuation_h8_atr075,ny_late,continuation,8,2025-11-06 18:00:00+00:00,2025-11-07 02:00:00+00:00,1,3.3562465902891505
stage36b_london_open_continuation_h4_atr075,london_open,continuation,4,2025-11-07 08:00:00+00:00,2025-11-07 12:00:00+00:00,1,0.4501642512077126
stage36b_london_open_reversal_h4_atr075,london_open,reversal,4,2025-11-07 08:00:00+00:00,2025-11-07 12:00:00+00:00,-1,-0.4501642512077126
stage36b_ny_open_continuation_h4_atr075,ny_open,continuation,4,2025-11-07 13:00:00+00:00,2025-11-07 17:00:00+00:00,-1,5.691071466632587
stage36b_ny_open_reversal_h4_atr075,ny_open,reversal,4,2025-11-07 13:00:00+00:00,2025-11-07 17:00:00+00:00,1,-5.691071466632587
stage36b_ny_late_reversal_h8_atr075,ny_late,reversal,8,2025-11-07 18:00:00+00:00,2025-11-10 01:00:00+00:00,-1,-1.5871982641713518
stage36b_ny_late_continuation_h8_atr075,ny_late,continuation,8,2025-11-07 18:00:00+00:00,2025-11-10 01:00:00+00:00,1,1.5871982641713518
stage36b_london_open_continuation_h4_atr075,london_open,continuation,4,2025-11-10 08:00:00+00:00,2025-11-10 12:00:00+00:00,1,2.260478199718621
stage36b_london_open_reversal_h4_atr075,london_open,reversal,4,2025-11-10 08:00:00+00:00,2025-11-10 12:00:00+00:00,-1,-2.260478199718621
stage36b_ny_open_continuation_h4_atr075,ny_open,continuation,4,2025-11-10 13:00:00+00:00,2025-11-10 17:00:00+00:00,1,-0.18237490929044442
stage36b_ny_open_reversal_h4_atr075,ny_open,reversal,4,2025-11-10 13:00:00+00:00,2025-11-10 17:00:00+00:00,-1,0.18237490929044442
stage36b_ny_late_reversal_h8_atr075,ny_late,reversal,8,2025-11-10 18:00:00+00:00,2025-11-11 02:00:00+00:00,-1,-15.280915886081967
stage36b_ny_late_continuation_h8_atr075,ny_late,continuation,8,2025-11-10 18:00:00+00:00,2025-11-11 02:00:00+00:00,1,15.280915886081967
stage36b_london_open_continuation_h4_atr075,london_open,continuation,4,2025-11-11 08:00:00+00:00,2025-11-11 12:00:00+00:00,-1,-5.221749519202761
stage36b_london_open_reversal_h4_atr075,london_open,reversal,4,2025-11-11 08:00:00+00:00,2025-11-11 12:00:00+00:00,1,5.221749519202761
stage36b_ny_open_continuation_h4_atr075,ny_open,continuation,4,2025-11-11 13:00:00+00:00,2025-11-11 17:00:00+00:00,1,-16.44522582600796
stage36b_ny_open_reversal_h4_atr075,ny_open,reversal,4,2025-11-11 13:00:00+00:00,2025-11-11 17:00:00+00:00,-1,16.44522582600796
stage36b_ny_late_reversal_h8_atr075,ny_late,reversal,8,2025-11-11 18:00:00+00:00,2025-11-12 02:00:00+00:00,-1,-8.367671315039894
stage36b_ny_late_continuation_h8_atr075,ny_late,continuation,8,2025-11-11 18:00:00+00:00,2025-11-12 02:00:00+00:00,1,8.367671315039894
stage36b_london_open_continuation_h4_atr075,london_open,continuation,4,2025-11-12 08:00:00+00:00,2025-11-12 12:00:00+00:00,1,3.884559566455245
stage36b_london_open_reversal_h4_atr075,london_open,reversal,4,2025-11-12 08:00:00+00:00,2025-11-12 12:00:00+00:00,-1,-3.884559566455245
stage36b_ny_open_continuation_h4_atr075,ny_open,continuation,4,2025-11-12 13:00:00+00:00,2025-11-12 17:00:00+00:00,-1,-21.778107449401286
stage36b_ny_open_reversal_h4_atr075,ny_open,reversal,4,2025-11-12 13:00:00+00:00,2025-11-12 17:00:00+00:00,1,21.778107449401286
stage36b_ny_late_reversal_h8_atr075,ny_late,reversal,8,2025-11-12 18:00:00+00:00,2025-11-13 02:00:00+00:00,-1,-3.1894304588465254
stage36b_ny_late_continuation_h8_atr075,ny_late,continuation,8,2025-11-12 18:00:00+00:00,2025-11-13 02:00:00+00:00,1,3.1894304588465254
stage36b_london_open_continuation_h4_atr075,london_open,continuation,4,2025-11-13 08:00:00+00:00,2025-11-13 12:00:00+00:00,-1,-4.561240310077528
stage36b_london_open_reversal_h4_atr075,london_open,reversal,4,2025-11-13 08:00:00+00:00,2025-11-13 12:00:00+00:00,1,4.561240310077528
stage36b_ny_open_continuation_h4_atr075,ny_open,continuation,4,2025-11-13 13:00:00+00:00,2025-11-13 17:00:00+00:00,1,-8.538901804043158
stage36b_ny_open_reversal_h4_atr075,ny_open,reversal,4,2025-11-13 13:00:00+00:00,2025-11-13 17:00:00+00:00,-1,8.538901804043158
stage36b_ny_late_reversal_h8_atr075,ny_late,reversal,8,2025-11-13 18:00:00+00:00,2025-11-14 02:00:00+00:00,-1,6.617464074605911
stage36b_ny_late_continuation_h8_atr075,ny_late,continuation,8,2025-11-13 18:00:00+00:00,2025-11-14 02:00:00+00:00,1,-6.617464074605911
stage36b_london_open_continuation_h4_atr075,london_open,continuation,4,2025-11-14 08:00:00+00:00,2025-11-14 12:00:00+00:00,-1,1.8867760827127071
stage36b_london_open_reversal_h4_atr075,london_open,reversal,4,2025-11-14 08:00:00+00:00,2025-11-14 12:00:00+00:00,1,-1.8867760827127071
stage36b_ny_open_continuation_h4_atr075,ny_open,continuation,4,2025-11-14 13:00:00+00:00,2025-11-14 17:00:00+00:00,-1,11.709131724525067
stage36b_ny_open_reversal_h4_atr075,ny_open,reversal,4,2025-11-14 13:00:00+00:00,2025-11-14 17:00:00+00:00,1,-11.709131724525067
stage36b_ny_late_reversal_h8_atr075,ny_late,reversal,8,2025-11-14 18:00:00+00:00,2025-11-17 01:00:00+00:00,-1,1.669536611066995
stage36b_ny_late_continuation_h8_atr075,ny_late,continuation,8,2025-11-14 18:00:00+00:00,2025-11-17 01:00:00+00:00,1,-1.669536611066995
stage36b_london_open_continuation_h4_atr075,london_open,continuation,4,2025-11-17 08:00:00+00:00,2025-11-17 12:00:00+00:00,1,1.1599411045394763
stage36b_london_open_reversal_h4_atr075,london_open,reversal,4,2025-11-17 08:00:00+00:00,2025-11-17 12:00:00+00:00,-1,-1.1599411045394763
stage36b_ny_open_continuation_h4_atr075,ny_open,continuation,4,2025-11-17 13:00:00+00:00,2025-11-17 17:00:00+00:00,1,-3.678057680162935
stage36b_ny_open_reversal_h4_atr075,ny_open,reversal,4,2025-11-17 13:00:00+00:00,2025-11-17 17:00:00+00:00,-1,3.678057680162935
stage36b_ny_late_reversal_h8_atr075,ny_late,reversal,8,2025-11-17 18:00:00+00:00,2025-11-18 02:00:00+00:00,-1,7.810967621186622
stage36b_ny_late_continuation_h8_atr075,ny_late,continuation,8,2025-11-17 18:00:00+00:00,2025-11-18 02:00:00+00:00,1,-7.810967621186622
stage36b_london_open_continuation_h4_atr075,london_open,continuation,4,2025-11-18 08:00:00+00:00,2025-11-18 12:00:00+00:00,-1,-9.216227931442459
stage36b_london_open_reversal_h4_atr075,london_open,reversal,4,2025-11-18 08:00:00+00:00,2025-11-18 12:00:00+00:00,1,9.216227931442459
stage36b_ny_open_continuation_h4_atr075,ny_open,continuation,4,2025-11-18 13:00:00+00:00,2025-11-18 17:00:00+00:00,-1,-4.008333992668114
stage36b_ny_open_reversal_h4_atr075,ny_open,reversal,4,2025-11-18 13:00:00+00:00,2025-11-18 17:00:00+00:00,1,4.008333992668114
stage36b_ny_late_reversal_h8_atr075,ny_late,reversal,8,2025-11-18 18:00:00+00:00,2025-11-19 02:00:00+00:00,-1,-0.6934580962023762
stage36b_ny_late_continuation_h8_atr075,ny_late,continuation,8,2025-11-18 18:00:00+00:00,2025-11-19 02:00:00+00:00,1,0.6934580962023762
stage36b_london_open_continuation_h4_atr075,london_open,continuation,4,2025-11-19 08:00:00+00:00,2025-11-19 12:00:00+00:00,-1,-6.927319844170944
stage36b_london_open_reversal_h4_atr075,london_open,reversal,4,2025-11-19 08:00:00+00:00,2025-11-19 12:00:00+00:00,1,6.927319844170944
stage36b_ny_open_continuation_h4_atr075,ny_open,continuation,4,2025-11-19 13:00:00+00:00,2025-11-19 17:00:00+00:00,1,-5.792705908435802
stage36b_ny_open_reversal_h4_atr075,ny_open,reversal,4,2025-11-19 13:00:00+00:00,2025-11-19 17:00:00+00:00,-1,5.792705908435802
stage36b_ny_late_reversal_h8_atr075,ny_late,reversal,8,2025-11-19 18:00:00+00:00,2025-11-20 02:00:00+00:00,1,8.013821107454152
stage36b_ny_late_continuation_h8_atr075,ny_late,continuation,8,2025-11-19 18:00:00+00:00,2025-11-20 02:00:00+00:00,-1,-8.013821107454152
stage36b_london_open_continuation_h4_atr075,london_open,continuation,4,2025-11-20 08:00:00+00:00,2025-11-20 12:00:00+00:00,1,-2.199799439814653
stage36b_london_open_reversal_h4_atr075,london_open,reversal,4,2025-11-20 08:00:00+00:00,2025-11-20 12:00:00+00:00,-1,2.199799439814653
stage36b_ny_open_continuation_h4_atr075,ny_open,continuation,4,2025-11-20 13:00:00+00:00,2025-11-20 17:00:00+00:00,1,2.696855345911881
stage36b_ny_open_reversal_h4_atr075,ny_open,reversal,4,2025-11-20 13:00:00+00:00,2025-11-20 17:00:00+00:00,-1,-2.696855345911881
stage36b_ny_late_reversal_h8_atr075,ny_late,reversal,8,2025-11-20 18:00:00+00:00,2025-11-21 02:00:00+00:00,1,5.888598448623894
stage36b_ny_late_continuation_h8_atr075,ny_late,continuation,8,2025-11-20 18:00:00+00:00,2025-11-21 02:00:00+00:00,-1,-5.888598448623894
stage36b_london_open_continuation_h4_atr075,london_open,continuation,4,2025-11-21 08:00:00+00:00,2025-11-21 12:00:00+00:00,-1,-1.3590560867863812
stage36b_london_open_reversal_h4_atr075,london_open,reversal,4,2025-11-21 08:00:00+00:00,2025-11-21 12:00:00+00:00,1,1.3590560867863812
stage36b_ny_open_continuation_h4_atr075,ny_open,continuation,4,2025-11-21 13:00:00+00:00,2025-11-21 17:00:00+00:00,-1,-9.821832466965631
stage36b_ny_open_reversal_h4_atr075,ny_open,reversal,4,2025-11-21 13:00:00+00:00,2025-11-21 17:00:00+00:00,1,9.821832466965631
stage36b_ny_late_reversal_h8_atr075,ny_late,reversal,8,2025-11-21 18:00:00+00:00,2025-11-24 01:00:00+00:00,-1,5.760771116373695
stage36b_ny_late_continuation_h8_atr075,ny_late,continuation,8,2025-11-21 18:00:00+00:00,2025-11-24 01:00:00+00:00,1,-5.760771116373695
stage36b_london_open_continuation_h4_atr075,london_open,continuation,4,2025-11-24 08:00:00+00:00,2025-11-24 12:00:00+00:00,1,3.5694958045592946
stage36b_london_open_reversal_h4_atr075,london_open,reversal,4,2025-11-24 08:00:00+00:00,2025-11-24 12:00:00+00:00,-1,-3.5694958045592946
stage36b_ny_open_continuation_h4_atr075,ny_open,continuation,4,2025-11-24 13:00:00+00:00,2025-11-24 17:00:00+00:00,1,8.075368344635429
stage36b_ny_open_reversal_h4_atr075,ny_open,reversal,4,2025-11-24 13:00:00+00:00,2025-11-24 17:00:00+00:00,-1,-8.075368344635429
stage36b_ny_late_reversal_h8_atr075,ny_late,reversal,8,2025-11-24 18:00:00+00:00,2025-11-25 02:00:00+00:00,-1,-13.290935912145539
stage36b_ny_late_continuation_h8_atr075,ny_late,continuation,8,2025-11-24 18:00:00+00:00,2025-11-25 02:00:00+00:00,1,13.290935912145539
stage36b_london_open_continuation_h4_atr075,london_open,continuation,4,2025-11-25 08:00:00+00:00,2025-11-25 12:00:00+00:00,-1,3.3990295544771962
stage36b_london_open_reversal_h4_atr075,london_open,reversal,4,2025-11-25 08:00:00+00:00,2025-11-25 12:00:00+00:00,1,-3.3990295544771962
stage36b_ny_open_continuation_h4_atr075,ny_open,continuation,4,2025-11-25 13:00:00+00:00,2025-11-25 17:00:00+00:00,1,-3.445226671449695
stage36b_ny_open_reversal_h4_atr075,ny_open,reversal,4,2025-11-25 13:00:00+00:00,2025-11-25 17:00:00+00:00,-1,3.445226671449695
stage36b_ny_late_reversal_h8_atr075,ny_late,reversal,8,2025-11-25 18:00:00+00:00,2025-11-26 02:00:00+00:00,-1,-1.8522902310498335
stage36b_ny_late_continuation_h8_atr075,ny_late,continuation,8,2025-11-25 18:00:00+00:00,2025-11-26 02:00:00+00:00,1,1.8522902310498335
stage36b_london_open_continuation_h4_atr075,london_open,continuation,4,2025-11-26 08:00:00+00:00,2025-11-26 12:00:00+00:00,-1,-4.10641904340817
stage36b_london_open_reversal_h4_atr075,london_open,reversal,4,2025-11-26 08:00:00+00:00,2025-11-26 12:00:00+00:00,1,4.10641904340817
stage36b_ny_open_continuation_h4_atr075,ny_open,continuation,4,2025-11-26 13:00:00+00:00,2025-11-26 17:00:00+00:00,1,-2.6771872824318983
stage36b_ny_open_reversal_h4_atr075,ny_open,reversal,4,2025-11-26 13:00:00+00:00,2025-11-26 17:00:00+00:00,-1,2.6771872824318983
stage36b_ny_late_reversal_h8_atr075,ny_late,reversal,8,2025-11-26 18:00:00+00:00,2025-11-27 02:00:00+00:00,-1,0.9963103361133526
stage36b_ny_late_continuation_h8_atr075,ny_late,continuation,8,2025-11-26 18:00:00+00:00,2025-11-27 02:00:00+00:00,1,-0.9963103361133526
stage36b_london_open_continuation_h4_atr075,london_open,continuation,4,2025-11-27 08:00:00+00:00,2025-11-27 12:00:00+00:00,1,-0.5777155870165235
stage36b_london_open_reversal_h4_atr075,london_open,reversal,4,2025-11-27 08:00:00+00:00,2025-11-27 12:00:00+00:00,-1,0.5777155870165235
stage36b_ny_open_continuation_h4_atr075,ny_open,continuation,4,2025-11-27 13:00:00+00:00,2025-11-27 17:00:00+00:00,1,0.2958673067644567
stage36b_ny_open_reversal_h4_atr075,ny_open,reversal,4,2025-11-27 13:00:00+00:00,2025-11-27 17:00:00+00:00,-1,-0.2958673067644567
stage36b_ny_late_reversal_h8_atr075,ny_late,reversal,8,2025-11-27 18:00:00+00:00,2025-11-28 04:00:00+00:00,1,19.74347405736452
stage36b_ny_late_continuation_h8_atr075,ny_late,continuation,8,2025-11-27 18:00:00+00:00,2025-11-28 04:00:00+00:00,-1,-19.74347405736452
stage36b_london_open_continuation_h4_atr075,london_open,continuation,4,2025-11-28 08:00:00+00:00,2025-11-28 12:00:00+00:00,1,-11.753779024466223
stage36b_london_open_reversal_h4_atr075,london_open,reversal,4,2025-11-28 08:00:00+00:00,2025-11-28 12:00:00+00:00,-1,11.753779024466223
stage36b_ny_open_continuation_h4_atr075,ny_open,continuation,4,2025-11-28 13:00:00+00:00,2025-11-28 17:00:00+00:00,1,11.132556640409964
stage36b_ny_open_reversal_h4_atr075,ny_open,reversal,4,2025-11-28 13:00:00+00:00,2025-11-28 17:00:00+00:00,-1,-11.132556640409964
stage36b_ny_late_reversal_h8_atr075,ny_late,reversal,8,2025-11-28 18:00:00+00:00,2025-12-01 03:00:00+00:00,-1,-17.458071625344505
stage36b_ny_late_continuation_h8_atr075,ny_late,continuation,8,2025-11-28 18:00:00+00:00,2025-12-01 03:00:00+00:00,1,17.458071625344505
stage36b_london_open_continuation_h4_atr075,london_open,continuation,4,2025-12-01 08:00:00+00:00,2025-12-01 12:00:00+00:00,1,5.76502534879667
stage36b_london_open_reversal_h4_atr075,london_open,reversal,4,2025-12-01 08:00:00+00:00,2025-12-01 12:00:00+00:00,-1,-5.76502534879667
stage36b_ny_open_continuation_h4_atr075,ny_open,continuation,4,2025-12-01 13:00:00+00:00,2025-12-01 17:00:00+00:00,-1,6.852517187846374
stage36b_ny_open_reversal_h4_atr075,ny_open,reversal,4,2025-12-01 13:00:00+00:00,2025-12-01 17:00:00+00:00,1,-6.852517187846374
stage36b_ny_late_reversal_h8_atr075,ny_late,reversal,8,2025-12-01 18:00:00+00:00,2025-12-02 02:00:00+00:00,1,0.22378594387963627
stage36b_ny_late_continuation_h8_atr075,ny_late,continuation,8,2025-12-01 18:00:00+00:00,2025-12-02 02:00:00+00:00,-1,-0.22378594387963627
stage36b_london_open_continuation_h4_atr075,london_open,continuation,4,2025-12-02 08:00:00+00:00,2025-12-02 12:00:00+00:00,-1,11.28740524999046
stage36b_london_open_reversal_h4_atr075,london_open,reversal,4,2025-12-02 08:00:00+00:00,2025-12-02 12:00:00+00:00,1,-11.28740524999046
stage36b_ny_open_continuation_h4_atr075,ny_open,continuation,4,2025-12-02 13:00:00+00:00,2025-12-02 17:00:00+00:00,1,-13.624945103205983
stage36b_ny_open_reversal_h4_atr075,ny_open,reversal,4,2025-12-02 13:00:00+00:00,2025-12-02 17:00:00+00:00,-1,13.624945103205983
stage36b_ny_late_reversal_h8_atr075,ny_late,reversal,8,2025-12-02 18:00:00+00:00,2025-12-03 02:00:00+00:00,-1,-8.04445328559108
stage36b_ny_late_continuation_h8_atr075,ny_late,continuation,8,2025-12-02 18:00:00+00:00,2025-12-03 02:00:00+00:00,1,8.04445328559108
stage36b_london_open_continuation_h4_atr075,london_open,continuation,4,2025-12-03 08:00:00+00:00,2025-12-03 12:00:00+00:00,1,-3.6355623357910853
stage36b_london_open_reversal_h4_atr075,london_open,reversal,4,2025-12-03 08:00:00+00:00,2025-12-03 12:00:00+00:00,-1,3.6355623357910853
stage36b_ny_open_continuation_h4_atr075,ny_open,continuation,4,2025-12-03 13:00:00+00:00,2025-12-03 17:00:00+00:00,1,3.884660381254066
stage36b_ny_open_reversal_h4_atr075,ny_open,reversal,4,2025-12-03 13:00:00+00:00,2025-12-03 17:00:00+00:00,-1,-3.884660381254066
stage36b_ny_late_reversal_h8_atr075,ny_late,reversal,8,2025-12-03 18:00:00+00:00,2025-12-04 02:00:00+00:00,1,3.6980479367431256
stage36b_ny_late_continuation_h8_atr075,ny_late,continuation,8,2025-12-03 18:00:00+00:00,2025-12-04 02:00:00+00:00,-1,-3.6980479367431256
stage36b_london_open_continuation_h4_atr075,london_open,continuation,4,2025-12-04 08:00:00+00:00,2025-12-04 12:00:00+00:00,1,3.114231215464065
stage36b_london_open_reversal_h4_atr075,london_open,reversal,4,2025-12-04 08:00:00+00:00,2025-12-04 12:00:00+00:00,-1,-3.114231215464065
stage36b_ny_open_continuation_h4_atr075,ny_open,continuation,4,2025-12-04 13:00:00+00:00,2025-12-04 17:00:00+00:00,1,4.1012014597942885
stage36b_ny_open_reversal_h4_atr075,ny_open,reversal,4,2025-12-04 13:00:00+00:00,2025-12-04 17:00:00+00:00,-1,-4.1012014597942885
stage36b_ny_late_reversal_h8_atr075,ny_late,reversal,8,2025-12-04 18:00:00+00:00,2025-12-05 02:00:00+00:00,-1,5.606698445003703
stage36b_ny_late_continuation_h8_atr075,ny_late,continuation,8,2025-12-04 18:00:00+00:00,2025-12-05 02:00:00+00:00,1,-5.606698445003703
stage36b_london_open_continuation_h4_atr075,london_open,continuation,4,2025-12-05 08:00:00+00:00,2025-12-05 12:00:00+00:00,1,-0.9304446978333705
stage36b_london_open_reversal_h4_atr075,london_open,reversal,4,2025-12-05 08:00:00+00:00,2025-12-05 12:00:00+00:00,-1,0.9304446978333705
stage36b_ny_open_continuation_h4_atr075,ny_open,continuation,4,2025-12-05 13:00:00+00:00,2025-12-05 17:00:00+00:00,1,12.602851323828821
stage36b_ny_open_reversal_h4_atr075,ny_open,reversal,4,2025-12-05 13:00:00+00:00,2025-12-05 17:00:00+00:00,-1,-12.602851323828821
stage36b_ny_late_reversal_h8_atr075,ny_late,reversal,8,2025-12-05 18:00:00+00:00,2025-12-08 01:00:00+00:00,1,-5.319979679221951
stage36b_ny_late_continuation_h8_atr075,ny_late,continuation,8,2025-12-05 18:00:00+00:00,2025-12-08 01:00:00+00:00,-1,5.319979679221951
stage36b_london_open_continuation_h4_atr075,london_open,continuation,4,2025-12-08 08:00:00+00:00,2025-12-08 12:00:00+00:00,-1,6.494634732595115
stage36b_london_open_reversal_h4_atr075,london_open,reversal,4,2025-12-08 08:00:00+00:00,2025-12-08 12:00:00+00:00,1,-6.494634732595115
stage36b_ny_open_continuation_h4_atr075,ny_open,continuation,4,2025-12-08 13:00:00+00:00,2025-12-08 17:00:00+00:00,1,-12.19679380873383
stage36b_ny_open_reversal_h4_atr075,ny_open,reversal,4,2025-12-08 13:00:00+00:00,2025-12-08 17:00:00+00:00,-1,12.19679380873383
stage36b_ny_late_reversal_h8_atr075,ny_late,reversal,8,2025-12-08 18:00:00+00:00,2025-12-09 02:00:00+00:00,-1,0.5001086677336317
stage36b_ny_late_continuation_h8_atr075,ny_late,continuation,8,2025-12-08 18:00:00+00:00,2025-12-09 02:00:00+00:00,1,-0.5001086677336317
stage36b_london_open_continuation_h4_atr075,london_open,continuation,4,2025-12-09 08:00:00+00:00,2025-12-09 12:00:00+00:00,1,13.33898397174697
stage36b_london_open_reversal_h4_atr075,london_open,reversal,4,2025-12-09 08:00:00+00:00,2025-12-09 12:00:00+00:00,-1,-13.33898397174697
stage36b_ny_open_continuation_h4_atr075,ny_open,continuation,4,2025-12-09 13:00:00+00:00,2025-12-09 17:00:00+00:00,-1,-5.348952466771846
stage36b_ny_open_reversal_h4_atr075,ny_open,reversal,4,2025-12-09 13:00:00+00:00,2025-12-09 17:00:00+00:00,1,5.348952466771846
stage36b_ny_late_reversal_h8_atr075,ny_late,reversal,8,2025-12-09 18:00:00+00:00,2025-12-10 02:00:00+00:00,1,-1.75192213006102
stage36b_ny_late_continuation_h8_atr075,ny_late,continuation,8,2025-12-09 18:00:00+00:00,2025-12-10 02:00:00+00:00,-1,1.75192213006102
stage36b_london_open_continuation_h4_atr075,london_open,continuation,4,2025-12-10 08:00:00+00:00,2025-12-10 12:00:00+00:00,-1,9.04079003864344
stage36b_london_open_reversal_h4_atr075,london_open,reversal,4,2025-12-10 08:00:00+00:00,2025-12-10 12:00:00+00:00,1,-9.04079003864344
stage36b_ny_open_continuation_h4_atr075,ny_open,continuation,4,2025-12-10 13:00:00+00:00,2025-12-10 17:00:00+00:00,1,-2.4092534174552456
stage36b_ny_open_reversal_h4_atr075,ny_open,reversal,4,2025-12-10 13:00:00+00:00,2025-12-10 17:00:00+00:00,-1,2.4092534174552456
stage36b_ny_late_reversal_h8_atr075,ny_late,reversal,8,2025-12-10 18:00:00+00:00,2025-12-11 02:00:00+00:00,-1,-17.939501867378993
stage36b_ny_late_continuation_h8_atr075,ny_late,continuation,8,2025-12-10 18:00:00+00:00,2025-12-11 02:00:00+00:00,1,17.939501867378993
stage36b_london_open_continuation_h4_atr075,london_open,continuation,4,2025-12-11 08:00:00+00:00,2025-12-11 12:00:00+00:00,1,0.8799802029200549
stage36b_london_open_reversal_h4_atr075,london_open,reversal,4,2025-12-11 08:00:00+00:00,2025-12-11 12:00:00+00:00,-1,-0.8799802029200549
stage36b_ny_open_continuation_h4_atr075,ny_open,continuation,4,2025-12-11 13:00:00+00:00,2025-12-11 17:00:00+00:00,-1,-19.44489859472931
stage36b_ny_open_reversal_h4_atr075,ny_open,reversal,4,2025-12-11 13:00:00+00:00,2025-12-11 17:00:00+00:00,1,19.44489859472931
stage36b_ny_late_reversal_h8_atr075,ny_late,reversal,8,2025-12-11 18:00:00+00:00,2025-12-12 02:00:00+00:00,-1,1.5140519388118034
stage36b_ny_late_continuation_h8_atr075,ny_late,continuation,8,2025-12-11 18:00:00+00:00,2025-12-12 02:00:00+00:00,1,-1.5140519388118034
stage36b_london_open_continuation_h4_atr075,london_open,continuation,4,2025-12-12 08:00:00+00:00,2025-12-12 12:00:00+00:00,1,22.919276270006954
stage36b_london_open_reversal_h4_atr075,london_open,reversal,4,2025-12-12 08:00:00+00:00,2025-12-12 12:00:00+00:00,-1,-22.919276270006954
stage36b_ny_open_continuation_h4_atr075,ny_open,continuation,4,2025-12-12 13:00:00+00:00,2025-12-12 17:00:00+00:00,1,-21.359344713312034
stage36b_ny_open_reversal_h4_atr075,ny_open,reversal,4,2025-12-12 13:00:00+00:00,2025-12-12 17:00:00+00:00,-1,21.359344713312034
stage36b_ny_late_reversal_h8_atr075,ny_late,reversal,8,2025-12-12 18:00:00+00:00,2025-12-15 01:00:00+00:00,1,5.594241222271098
stage36b_ny_late_continuation_h8_atr075,ny_late,continuation,8,2025-12-12 18:00:00+00:00,2025-12-15 01:00:00+00:00,-1,-5.594241222271098
stage36b_london_open_continuation_h4_atr075,london_open,continuation,4,2025-12-15 08:00:00+00:00,2025-12-15 12:00:00+00:00,1,-1.932337804774802
stage36b_london_open_reversal_h4_atr075,london_open,reversal,4,2025-12-15 08:00:00+00:00,2025-12-15 12:00:00+00:00,-1,1.932337804774802
stage36b_ny_open_continuation_h4_atr075,ny_open,continuation,4,2025-12-15 13:00:00+00:00,2025-12-15 17:00:00+00:00,1,-12.290088278019937
stage36b_ny_open_reversal_h4_atr075,ny_open,reversal,4,2025-12-15 13:00:00+00:00,2025-12-15 17:00:00+00:00,-1,12.290088278019937
stage36b_ny_late_reversal_h8_atr075,ny_late,reversal,8,2025-12-15 18:00:00+00:00,2025-12-16 02:00:00+00:00,1,4.162802679031602
stage36b_ny_late_continuation_h8_atr075,ny_late,continuation,8,2025-12-15 18:00:00+00:00,2025-12-16 02:00:00+00:00,-1,-4.162802679031602
stage36b_london_open_continuation_h4_atr075,london_open,continuation,4,2025-12-16 08:00:00+00:00,2025-12-16 12:00:00+00:00,1,-4.974444816426488
stage36b_london_open_reversal_h4_atr075,london_open,reversal,4,2025-12-16 08:00:00+00:00,2025-12-16 12:00:00+00:00,-1,4.974444816426488
stage36b_ny_open_continuation_h4_atr075,ny_open,continuation,4,2025-12-16 13:00:00+00:00,2025-12-16 17:00:00+00:00,1,18.2025201273908
stage36b_ny_open_reversal_h4_atr075,ny_open,reversal,4,2025-12-16 13:00:00+00:00,2025-12-16 17:00:00+00:00,-1,-18.2025201273908
stage36b_ny_late_reversal_h8_atr075,ny_late,reversal,8,2025-12-16 18:00:00+00:00,2025-12-17 02:00:00+00:00,1,4.488773991382636
stage36b_ny_late_continuation_h8_atr075,ny_late,continuation,8,2025-12-16 18:00:00+00:00,2025-12-17 02:00:00+00:00,-1,-4.488773991382636
stage36b_london_open_continuation_h4_atr075,london_open,continuation,4,2025-12-17 08:00:00+00:00,2025-12-17 12:00:00+00:00,-1,4.742184328055461
stage36b_london_open_reversal_h4_atr075,london_open,reversal,4,2025-12-17 08:00:00+00:00,2025-12-17 12:00:00+00:00,1,-4.742184328055461
stage36b_ny_open_continuation_h4_atr075,ny_open,continuation,4,2025-12-17 13:00:00+00:00,2025-12-17 17:00:00+00:00,-1,-6.3219336485130455
stage36b_ny_open_reversal_h4_atr075,ny_open,reversal,4,2025-12-17 13:00:00+00:00,2025-12-17 17:00:00+00:00,1,6.3219336485130455
stage36b_ny_late_reversal_h8_atr075,ny_late,reversal,8,2025-12-17 18:00:00+00:00,2025-12-18 02:00:00+00:00,-1,-0.4464754496841759
stage36b_ny_late_continuation_h8_atr075,ny_late,continuation,8,2025-12-17 18:00:00+00:00,2025-12-18 02:00:00+00:00,1,0.4464754496841759
stage36b_london_open_continuation_h4_atr075,london_open,continuation,4,2025-12-18 08:00:00+00:00,2025-12-18 12:00:00+00:00,1,-4.964901602759038
stage36b_london_open_reversal_h4_atr075,london_open,reversal,4,2025-12-18 08:00:00+00:00,2025-12-18 12:00:00+00:00,-1,4.964901602759038
stage36b_ny_open_continuation_h4_atr075,ny_open,continuation,4,2025-12-18 13:00:00+00:00,2025-12-18 17:00:00+00:00,1,8.846392208941774
stage36b_ny_open_reversal_h4_atr075,ny_open,reversal,4,2025-12-18 13:00:00+00:00,2025-12-18 17:00:00+00:00,-1,-8.846392208941774
stage36b_ny_late_reversal_h8_atr075,ny_late,reversal,8,2025-12-18 18:00:00+00:00,2025-12-19 02:00:00+00:00,-1,14.252812314979048
stage36b_ny_late_continuation_h8_atr075,ny_late,continuation,8,2025-12-18 18:00:00+00:00,2025-12-19 02:00:00+00:00,1,-14.252812314979048
stage36b_london_open_continuation_h4_atr075,london_open,continuation,4,2025-12-19 08:00:00+00:00,2025-12-19 12:00:00+00:00,1,0.5786257638108858
stage36b_london_open_reversal_h4_atr075,london_open,reversal,4,2025-12-19 08:00:00+00:00,2025-12-19 12:00:00+00:00,-1,-0.5786257638108858
stage36b_ny_open_continuation_h4_atr075,ny_open,continuation,4,2025-12-19 13:00:00+00:00,2025-12-19 17:00:00+00:00,-1,-11.120910794062821
stage36b_ny_open_reversal_h4_atr075,ny_open,reversal,4,2025-12-19 13:00:00+00:00,2025-12-19 17:00:00+00:00,1,11.120910794062821
stage36b_ny_late_reversal_h8_atr075,ny_late,reversal,8,2025-12-19 18:00:00+00:00,2025-12-22 01:00:00+00:00,-1,-2.8226533972939696
stage36b_ny_late_continuation_h8_atr075,ny_late,continuation,8,2025-12-19 18:00:00+00:00,2025-12-22 01:00:00+00:00,1,2.8226533972939696
stage36b_london_open_continuation_h4_atr075,london_open,continuation,4,2025-12-22 08:00:00+00:00,2025-12-22 12:00:00+00:00,1,-4.350998132988552
stage36b_london_open_reversal_h4_atr075,london_open,reversal,4,2025-12-22 08:00:00+00:00,2025-12-22 12:00:00+00:00,-1,4.350998132988552
stage36b_ny_open_continuation_h4_atr075,ny_open,continuation,4,2025-12-22 13:00:00+00:00,2025-12-22 17:00:00+00:00,1,9.060626651566826
stage36b_ny_open_reversal_h4_atr075,ny_open,reversal,4,2025-12-22 13:00:00+00:00,2025-12-22 17:00:00+00:00,-1,-9.060626651566826
stage36b_ny_late_reversal_h8_atr075,ny_late,reversal,8,2025-12-22 18:00:00+00:00,2025-12-23 02:00:00+00:00,-1,-13.957948053478432
stage36b_ny_late_continuation_h8_atr075,ny_late,continuation,8,2025-12-22 18:00:00+00:00,2025-12-23 02:00:00+00:00,1,13.957948053478432
stage36b_london_open_continuation_h4_atr075,london_open,continuation,4,2025-12-23 08:00:00+00:00,2025-12-23 12:00:00+00:00,1,1.1058217849709662
stage36b_london_open_reversal_h4_atr075,london_open,reversal,4,2025-12-23 08:00:00+00:00,2025-12-23 12:00:00+00:00,-1,-1.1058217849709662
stage36b_ny_open_continuation_h4_atr075,ny_open,continuation,4,2025-12-23 13:00:00+00:00,2025-12-23 17:00:00+00:00,1,-14.177573297248504
stage36b_ny_open_reversal_h4_atr075,ny_open,reversal,4,2025-12-23 13:00:00+00:00,2025-12-23 17:00:00+00:00,-1,14.177573297248504
stage36b_ny_late_reversal_h8_atr075,ny_late,reversal,8,2025-12-23 18:00:00+00:00,2025-12-24 02:00:00+00:00,-1,-12.938036921952234
stage36b_ny_late_continuation_h8_atr075,ny_late,continuation,8,2025-12-23 18:00:00+00:00,2025-12-24 02:00:00+00:00,1,12.938036921952234
stage36b_london_open_continuation_h4_atr075,london_open,continuation,4,2025-12-24 08:00:00+00:00,2025-12-24 12:00:00+00:00,1,-1.1432410781197002
stage36b_london_open_reversal_h4_atr075,london_open,reversal,4,2025-12-24 08:00:00+00:00,2025-12-24 12:00:00+00:00,-1,1.1432410781197002
stage36b_ny_open_continuation_h4_atr075,ny_open,continuation,4,2025-12-24 13:00:00+00:00,2025-12-24 17:00:00+00:00,1,-9.594608605494907
stage36b_ny_open_reversal_h4_atr075,ny_open,reversal,4,2025-12-24 13:00:00+00:00,2025-12-24 17:00:00+00:00,-1,9.594608605494907
stage36b_ny_late_reversal_h8_atr075,ny_late,reversal,8,2025-12-24 18:00:00+00:00,2025-12-26 05:00:00+00:00,-1,-8.042637636786282
stage36b_ny_late_continuation_h8_atr075,ny_late,continuation,8,2025-12-24 18:00:00+00:00,2025-12-26 05:00:00+00:00,1,8.042637636786282
stage36b_london_open_continuation_h4_atr075,london_open,continuation,4,2025-12-26 08:00:00+00:00,2025-12-26 12:00:00+00:00,1,0.6290229975049462
stage36b_london_open_reversal_h4_atr075,london_open,reversal,4,2025-12-26 08:00:00+00:00,2025-12-26 12:00:00+00:00,-1,-0.6290229975049462
stage36b_ny_open_continuation_h4_atr075,ny_open,continuation,4,2025-12-26 13:00:00+00:00,2025-12-26 17:00:00+00:00,-1,-11.088781535158228
stage36b_ny_open_reversal_h4_atr075,ny_open,reversal,4,2025-12-26 13:00:00+00:00,2025-12-26 17:00:00+00:00,1,11.088781535158228
stage36b_ny_late_reversal_h8_atr075,ny_late,reversal,8,2025-12-26 18:00:00+00:00,2025-12-29 01:00:00+00:00,1,-3.4195279334351163
stage36b_ny_late_continuation_h8_atr075,ny_late,continuation,8,2025-12-26 18:00:00+00:00,2025-12-29 01:00:00+00:00,-1,3.4195279334351163
stage36b_london_open_continuation_h4_atr075,london_open,continuation,4,2025-12-29 08:00:00+00:00,2025-12-29 12:00:00+00:00,-1,2.9490472778053274
stage36b_london_open_reversal_h4_atr075,london_open,reversal,4,2025-12-29 08:00:00+00:00,2025-12-29 12:00:00+00:00,1,-2.9490472778053274
stage36b_ny_open_continuation_h4_atr075,ny_open,continuation,4,2025-12-29 13:00:00+00:00,2025-12-29 17:00:00+00:00,-1,21.62400450997661
stage36b_ny_open_reversal_h4_atr075,ny_open,reversal,4,2025-12-29 13:00:00+00:00,2025-12-29 17:00:00+00:00,1,-21.62400450997661
stage36b_ny_late_reversal_h8_atr075,ny_late,reversal,8,2025-12-29 18:00:00+00:00,2025-12-30 02:00:00+00:00,-1,0.2847009756914434
stage36b_ny_late_continuation_h8_atr075,ny_late,continuation,8,2025-12-29 18:00:00+00:00,2025-12-30 02:00:00+00:00,1,-0.2847009756914434
stage36b_london_open_continuation_h4_atr075,london_open,continuation,4,2025-12-30 08:00:00+00:00,2025-12-30 12:00:00+00:00,-1,-5.792110271048535
stage36b_london_open_reversal_h4_atr075,london_open,reversal,4,2025-12-30 08:00:00+00:00,2025-12-30 12:00:00+00:00,1,5.792110271048535
stage36b_ny_open_continuation_h4_atr075,ny_open,continuation,4,2025-12-30 13:00:00+00:00,2025-12-30 17:00:00+00:00,-1,5.476289491260682
stage36b_ny_open_reversal_h4_atr075,ny_open,reversal,4,2025-12-30 13:00:00+00:00,2025-12-30 17:00:00+00:00,1,-5.476289491260682
stage36b_ny_late_reversal_h8_atr075,ny_late,reversal,8,2025-12-30 18:00:00+00:00,2025-12-31 02:00:00+00:00,-1,9.29026197437784
stage36b_ny_late_continuation_h8_atr075,ny_late,continuation,8,2025-12-30 18:00:00+00:00,2025-12-31 02:00:00+00:00,1,-9.29026197437784
stage36b_london_open_continuation_h4_atr075,london_open,continuation,4,2025-12-31 08:00:00+00:00,2025-12-31 12:00:00+00:00,1,-4.432024058385575
stage36b_london_open_reversal_h4_atr075,london_open,reversal,4,2025-12-31 08:00:00+00:00,2025-12-31 12:00:00+00:00,-1,4.432024058385575
stage36b_ny_open_continuation_h4_atr075,ny_open,continuation,4,2025-12-31 13:00:00+00:00,2025-12-31 17:00:00+00:00,1,5.200781588463653
stage36b_ny_open_reversal_h4_atr075,ny_open,reversal,4,2025-12-31 13:00:00+00:00,2025-12-31 17:00:00+00:00,-1,-5.200781588463653
stage36b_ny_late_reversal_h8_atr075,ny_late,reversal,8,2025-12-31 18:00:00+00:00,2026-01-02 02:00:00+00:00,1,5.974103688418792
stage36b_ny_late_continuation_h8_atr075,ny_late,continuation,8,2025-12-31 18:00:00+00:00,2026-01-02 02:00:00+00:00,-1,-5.974103688418792
stage36b_london_open_continuation_h4_atr075,london_open,continuation,4,2026-01-02 08:00:00+00:00,2026-01-02 12:00:00+00:00,-1,-7.106238764624316
stage36b_london_open_reversal_h4_atr075,london_open,reversal,4,2026-01-02 08:00:00+00:00,2026-01-02 12:00:00+00:00,1,7.106238764624316
stage36b_ny_open_continuation_h4_atr075,ny_open,continuation,4,2026-01-02 13:00:00+00:00,2026-01-02 17:00:00+00:00,-1,23.20606289715715
stage36b_ny_open_reversal_h4_atr075,ny_open,reversal,4,2026-01-02 13:00:00+00:00,2026-01-02 17:00:00+00:00,1,-23.20606289715715
stage36b_ny_late_reversal_h8_atr075,ny_late,reversal,8,2026-01-02 18:00:00+00:00,2026-01-05 01:00:00+00:00,1,15.249762583095933
stage36b_ny_late_continuation_h8_atr075,ny_late,continuation,8,2026-01-02 18:00:00+00:00,2026-01-05 01:00:00+00:00,-1,-15.249762583095933
stage36b_london_open_continuation_h4_atr075,london_open,continuation,4,2026-01-05 08:00:00+00:00,2026-01-05 12:00:00+00:00,1,4.106284805091513
stage36b_london_open_reversal_h4_atr075,london_open,reversal,4,2026-01-05 08:00:00+00:00,2026-01-05 12:00:00+00:00,-1,-4.106284805091513
stage36b_ny_open_continuation_h4_atr075,ny_open,continuation,4,2026-01-05 13:00:00+00:00,2026-01-05 17:00:00+00:00,-1,-7.948404616428926
stage36b_ny_open_reversal_h4_atr075,ny_open,reversal,4,2026-01-05 13:00:00+00:00,2026-01-05 17:00:00+00:00,1,7.948404616428926
stage36b_ny_late_reversal_h8_atr075,ny_late,reversal,8,2026-01-05 18:00:00+00:00,2026-01-06 02:00:00+00:00,1,-1.827330619062616
stage36b_ny_late_continuation_h8_atr075,ny_late,continuation,8,2026-01-05 18:00:00+00:00,2026-01-06 02:00:00+00:00,-1,1.827330619062616
stage36b_london_open_continuation_h4_atr075,london_open,continuation,4,2026-01-06 08:00:00+00:00,2026-01-06 12:00:00+00:00,1,-5.008439227859119
stage36b_london_open_reversal_h4_atr075,london_open,reversal,4,2026-01-06 08:00:00+00:00,2026-01-06 12:00:00+00:00,-1,5.008439227859119
stage36b_ny_open_continuation_h4_atr075,ny_open,continuation,4,2026-01-06 13:00:00+00:00,2026-01-06 17:00:00+00:00,1,4.833540817056554
stage36b_ny_open_reversal_h4_atr075,ny_open,reversal,4,2026-01-06 13:00:00+00:00,2026-01-06 17:00:00+00:00,-1,-4.833540817056554
stage36b_ny_late_reversal_h8_atr075,ny_late,reversal,8,2026-01-06 18:00:00+00:00,2026-01-07 02:00:00+00:00,-1,-1.2466425547425652
stage36b_ny_late_continuation_h8_atr075,ny_late,continuation,8,2026-01-06 18:00:00+00:00,2026-01-07 02:00:00+00:00,1,1.2466425547425652
stage36b_london_open_continuation_h4_atr075,london_open,continuation,4,2026-01-07 08:00:00+00:00,2026-01-07 12:00:00+00:00,-1,-7.245331286774232
stage36b_london_open_reversal_h4_atr075,london_open,reversal,4,2026-01-07 08:00:00+00:00,2026-01-07 12:00:00+00:00,1,7.245331286774232
stage36b_ny_open_continuation_h4_atr075,ny_open,continuation,4,2026-01-07 13:00:00+00:00,2026-01-07 17:00:00+00:00,-1,0.4169671386276426
stage36b_ny_open_reversal_h4_atr075,ny_open,reversal,4,2026-01-07 13:00:00+00:00,2026-01-07 17:00:00+00:00,1,-0.4169671386276426
stage36b_ny_late_reversal_h8_atr075,ny_late,reversal,8,2026-01-07 18:00:00+00:00,2026-01-08 02:00:00+00:00,-1,4.119682389440941
stage36b_ny_late_continuation_h8_atr075,ny_late,continuation,8,2026-01-07 18:00:00+00:00,2026-01-08 02:00:00+00:00,1,-4.119682389440941
stage36b_london_open_continuation_h4_atr075,london_open,continuation,4,2026-01-08 08:00:00+00:00,2026-01-08 12:00:00+00:00,1,0.02140979689381075
stage36b_london_open_reversal_h4_atr075,london_open,reversal,4,2026-01-08 08:00:00+00:00,2026-01-08 12:00:00+00:00,-1,-0.02140979689381075
stage36b_ny_open_continuation_h4_atr075,ny_open,continuation,4,2026-01-08 13:00:00+00:00,2026-01-08 17:00:00+00:00,-1,-11.651674386943547
stage36b_ny_open_reversal_h4_atr075,ny_open,reversal,4,2026-01-08 13:00:00+00:00,2026-01-08 17:00:00+00:00,1,11.651674386943547
stage36b_ny_late_reversal_h8_atr075,ny_late,reversal,8,2026-01-08 18:00:00+00:00,2026-01-09 02:00:00+00:00,-1,0.5917120686809332
stage36b_ny_late_continuation_h8_atr075,ny_late,continuation,8,2026-01-08 18:00:00+00:00,2026-01-09 02:00:00+00:00,1,-0.5917120686809332
stage36b_london_open_continuation_h4_atr075,london_open,continuation,4,2026-01-09 08:00:00+00:00,2026-01-09 12:00:00+00:00,1,-0.5626547795938829
stage36b_london_open_reversal_h4_atr075,london_open,reversal,4,2026-01-09 08:00:00+00:00,2026-01-09 12:00:00+00:00,-1,0.5626547795938829
stage36b_ny_open_continuation_h4_atr075,ny_open,continuation,4,2026-01-09 13:00:00+00:00,2026-01-09 17:00:00+00:00,1,16.46999700867465
stage36b_ny_open_reversal_h4_atr075,ny_open,reversal,4,2026-01-09 13:00:00+00:00,2026-01-09 17:00:00+00:00,-1,-16.46999700867465
stage36b_ny_late_reversal_h8_atr075,ny_late,reversal,8,2026-01-09 18:00:00+00:00,2026-01-12 01:00:00+00:00,1,12.820465466235412
stage36b_ny_late_continuation_h8_atr075,ny_late,continuation,8,2026-01-09 18:00:00+00:00,2026-01-12 01:00:00+00:00,-1,-12.820465466235412
stage36b_london_open_continuation_h4_atr075,london_open,continuation,4,2026-01-12 08:00:00+00:00,2026-01-12 12:00:00+00:00,-1,-3.096470017246883
stage36b_london_open_reversal_h4_atr075,london_open,reversal,4,2026-01-12 08:00:00+00:00,2026-01-12 12:00:00+00:00,1,3.096470017246883
stage36b_ny_open_continuation_h4_atr075,ny_open,continuation,4,2026-01-12 13:00:00+00:00,2026-01-12 17:00:00+00:00,-1,-7.286725039984813
stage36b_ny_open_reversal_h4_atr075,ny_open,reversal,4,2026-01-12 13:00:00+00:00,2026-01-12 17:00:00+00:00,1,7.286725039984813
stage36b_ny_late_reversal_h8_atr075,ny_late,reversal,8,2026-01-12 18:00:00+00:00,2026-01-13 02:00:00+00:00,1,-9.10074841681065
stage36b_ny_late_continuation_h8_atr075,ny_late,continuation,8,2026-01-12 18:00:00+00:00,2026-01-13 02:00:00+00:00,-1,9.10074841681065
stage36b_london_open_continuation_h4_atr075,london_open,continuation,4,2026-01-13 08:00:00+00:00,2026-01-13 12:00:00+00:00,-1,-1.7058676654179445
stage36b_london_open_reversal_h4_atr075,london_open,reversal,4,2026-01-13 08:00:00+00:00,2026-01-13 12:00:00+00:00,1,1.7058676654179445
stage36b_ny_open_continuation_h4_atr075,ny_open,continuation,4,2026-01-13 13:00:00+00:00,2026-01-13 17:00:00+00:00,1,11.50439648281376
stage36b_ny_open_reversal_h4_atr075,ny_open,reversal,4,2026-01-13 13:00:00+00:00,2026-01-13 17:00:00+00:00,-1,-11.50439648281376
stage36b_ny_late_reversal_h8_atr075,ny_late,reversal,8,2026-01-13 18:00:00+00:00,2026-01-14 02:00:00+00:00,1,-1.464620336839755
stage36b_ny_late_continuation_h8_atr075,ny_late,continuation,8,2026-01-13 18:00:00+00:00,2026-01-14 02:00:00+00:00,-1,1.464620336839755
stage36b_london_open_continuation_h4_atr075,london_open,continuation,4,2026-01-14 08:00:00+00:00,2026-01-14 12:00:00+00:00,1,-1.309016382091659
stage36b_london_open_reversal_h4_atr075,london_open,reversal,4,2026-01-14 08:00:00+00:00,2026-01-14 12:00:00+00:00,-1,1.309016382091659
stage36b_ny_open_continuation_h4_atr075,ny_open,continuation,4,2026-01-14 13:00:00+00:00,2026-01-14 17:00:00+00:00,-1,4.880967358635394
stage36b_ny_open_reversal_h4_atr075,ny_open,reversal,4,2026-01-14 13:00:00+00:00,2026-01-14 17:00:00+00:00,1,-4.880967358635394
stage36b_ny_late_reversal_h8_atr075,ny_late,reversal,8,2026-01-14 18:00:00+00:00,2026-01-15 02:00:00+00:00,1,-0.613864054988971
stage36b_ny_late_continuation_h8_atr075,ny_late,continuation,8,2026-01-14 18:00:00+00:00,2026-01-15 02:00:00+00:00,-1,0.613864054988971
stage36b_london_open_continuation_h4_atr075,london_open,continuation,4,2026-01-15 08:00:00+00:00,2026-01-15 12:00:00+00:00,1,2.8240620106070566
stage36b_london_open_reversal_h4_atr075,london_open,reversal,4,2026-01-15 08:00:00+00:00,2026-01-15 12:00:00+00:00,-1,-2.8240620106070566
stage36b_ny_open_continuation_h4_atr075,ny_open,continuation,4,2026-01-15 13:00:00+00:00,2026-01-15 17:00:00+00:00,-1,1.236659315600862
stage36b_ny_open_reversal_h4_atr075,ny_open,reversal,4,2026-01-15 13:00:00+00:00,2026-01-15 17:00:00+00:00,1,-1.236659315600862
stage36b_ny_late_reversal_h8_atr075,ny_late,reversal,8,2026-01-15 18:00:00+00:00,2026-01-16 02:00:00+00:00,1,-1.7697874265038964
stage36b_ny_late_continuation_h8_atr075,ny_late,continuation,8,2026-01-15 18:00:00+00:00,2026-01-16 02:00:00+00:00,-1,1.7697874265038964
stage36b_london_open_continuation_h4_atr075,london_open,continuation,4,2026-01-16 08:00:00+00:00,2026-01-16 12:00:00+00:00,-1,-0.8862141981500418
stage36b_london_open_reversal_h4_atr075,london_open,reversal,4,2026-01-16 08:00:00+00:00,2026-01-16 12:00:00+00:00,1,0.8862141981500418
stage36b_ny_open_continuation_h4_atr075,ny_open,continuation,4,2026-01-16 13:00:00+00:00,2026-01-16 17:00:00+00:00,1,-16.460624177075164
stage36b_ny_open_reversal_h4_atr075,ny_open,reversal,4,2026-01-16 13:00:00+00:00,2026-01-16 17:00:00+00:00,-1,16.460624177075164
stage36b_ny_late_reversal_h8_atr075,ny_late,reversal,8,2026-01-16 18:00:00+00:00,2026-01-19 01:00:00+00:00,-1,-21.318345744929893
stage36b_ny_late_continuation_h8_atr075,ny_late,continuation,8,2026-01-16 18:00:00+00:00,2026-01-19 01:00:00+00:00,1,21.318345744929893
stage36b_london_open_continuation_h4_atr075,london_open,continuation,4,2026-01-19 08:00:00+00:00,2026-01-19 12:00:00+00:00,1,-3.071447326195285
stage36b_london_open_reversal_h4_atr075,london_open,reversal,4,2026-01-19 08:00:00+00:00,2026-01-19 12:00:00+00:00,-1,3.071447326195285
stage36b_ny_open_continuation_h4_atr075,ny_open,continuation,4,2026-01-19 13:00:00+00:00,2026-01-19 17:00:00+00:00,-1,-4.054778223898674
stage36b_ny_open_reversal_h4_atr075,ny_open,reversal,4,2026-01-19 13:00:00+00:00,2026-01-19 17:00:00+00:00,1,4.054778223898674
stage36b_ny_late_reversal_h8_atr075,ny_late,reversal,8,2026-01-19 18:00:00+00:00,2026-01-20 03:00:00+00:00,1,-1.320017993702151
stage36b_ny_late_continuation_h8_atr075,ny_late,continuation,8,2026-01-19 18:00:00+00:00,2026-01-20 03:00:00+00:00,-1,1.320017993702151
stage36b_london_open_continuation_h4_atr075,london_open,continuation,4,2026-01-20 08:00:00+00:00,2026-01-20 12:00:00+00:00,-1,-6.2767543075182815
stage36b_london_open_reversal_h4_atr075,london_open,reversal,4,2026-01-20 08:00:00+00:00,2026-01-20 12:00:00+00:00,1,6.2767543075182815
stage36b_ny_open_continuation_h4_atr075,ny_open,continuation,4,2026-01-20 13:00:00+00:00,2026-01-20 17:00:00+00:00,1,1.6686795698924763
stage36b_ny_open_reversal_h4_atr075,ny_open,reversal,4,2026-01-20 13:00:00+00:00,2026-01-20 17:00:00+00:00,-1,-1.6686795698924763
stage36b_ny_late_reversal_h8_atr075,ny_late,reversal,8,2026-01-20 18:00:00+00:00,2026-01-21 02:00:00+00:00,-1,-9.463324048282532
stage36b_ny_late_continuation_h8_atr075,ny_late,continuation,8,2026-01-20 18:00:00+00:00,2026-01-21 02:00:00+00:00,1,9.463324048282532
stage36b_london_open_continuation_h4_atr075,london_open,continuation,4,2026-01-21 08:00:00+00:00,2026-01-21 12:00:00+00:00,-1,-3.1944982757420064
stage36b_london_open_reversal_h4_atr075,london_open,reversal,4,2026-01-21 08:00:00+00:00,2026-01-21 12:00:00+00:00,1,3.1944982757420064
stage36b_ny_open_continuation_h4_atr075,ny_open,continuation,4,2026-01-21 13:00:00+00:00,2026-01-21 17:00:00+00:00,1,-4.0545667535806205
stage36b_ny_open_reversal_h4_atr075,ny_open,reversal,4,2026-01-21 13:00:00+00:00,2026-01-21 17:00:00+00:00,-1,4.0545667535806205
stage36b_ny_late_reversal_h8_atr075,ny_late,reversal,8,2026-01-21 18:00:00+00:00,2026-01-22 02:00:00+00:00,1,-6.959614672100802
stage36b_ny_late_continuation_h8_atr075,ny_late,continuation,8,2026-01-21 18:00:00+00:00,2026-01-22 02:00:00+00:00,-1,6.959614672100802
stage36b_london_open_continuation_h4_atr075,london_open,continuation,4,2026-01-22 08:00:00+00:00,2026-01-22 12:00:00+00:00,1,0.3565010677303507
stage36b_london_open_reversal_h4_atr075,london_open,reversal,4,2026-01-22 08:00:00+00:00,2026-01-22 12:00:00+00:00,-1,-0.3565010677303507
stage36b_ny_open_continuation_h4_atr075,ny_open,continuation,4,2026-01-22 13:00:00+00:00,2026-01-22 17:00:00+00:00,1,10.37186021321469
stage36b_ny_open_reversal_h4_atr075,ny_open,reversal,4,2026-01-22 13:00:00+00:00,2026-01-22 17:00:00+00:00,-1,-10.37186021321469
stage36b_ny_late_reversal_h8_atr075,ny_late,reversal,8,2026-01-22 18:00:00+00:00,2026-01-23 02:00:00+00:00,-1,-24.776909291951274
stage36b_ny_late_continuation_h8_atr075,ny_late,continuation,8,2026-01-22 18:00:00+00:00,2026-01-23 02:00:00+00:00,1,24.776909291951274
stage36b_london_open_continuation_h4_atr075,london_open,continuation,4,2026-01-23 08:00:00+00:00,2026-01-23 12:00:00+00:00,-1,5.715808934175968
stage36b_london_open_reversal_h4_atr075,london_open,reversal,4,2026-01-23 08:00:00+00:00,2026-01-23 12:00:00+00:00,1,-5.715808934175968
stage36b_ny_open_continuation_h4_atr075,ny_open,continuation,4,2026-01-23 13:00:00+00:00,2026-01-23 17:00:00+00:00,-1,-9.584915090589025
stage36b_ny_open_reversal_h4_atr075,ny_open,reversal,4,2026-01-23 13:00:00+00:00,2026-01-23 17:00:00+00:00,1,9.584915090589025
stage36b_ny_late_reversal_h8_atr075,ny_late,reversal,8,2026-01-23 18:00:00+00:00,2026-01-26 01:00:00+00:00,-1,-14.570665963686873
stage36b_ny_late_continuation_h8_atr075,ny_late,continuation,8,2026-01-23 18:00:00+00:00,2026-01-26 01:00:00+00:00,1,14.570665963686873
stage36b_london_open_continuation_h4_atr075,london_open,continuation,4,2026-01-26 08:00:00+00:00,2026-01-26 12:00:00+00:00,1,2.565302144249532
stage36b_london_open_reversal_h4_atr075,london_open,reversal,4,2026-01-26 08:00:00+00:00,2026-01-26 12:00:00+00:00,-1,-2.565302144249532
stage36b_ny_open_continuation_h4_atr075,ny_open,continuation,4,2026-01-26 13:00:00+00:00,2026-01-26 17:00:00+00:00,-1,0.07584326213874294
stage36b_ny_open_reversal_h4_atr075,ny_open,reversal,4,2026-01-26 13:00:00+00:00,2026-01-26 17:00:00+00:00,1,-0.07584326213874294
stage36b_ny_late_reversal_h8_atr075,ny_late,reversal,8,2026-01-26 18:00:00+00:00,2026-01-27 02:00:00+00:00,1,-12.194541664275949
stage36b_ny_late_continuation_h8_atr075,ny_late,continuation,8,2026-01-26 18:00:00+00:00,2026-01-27 02:00:00+00:00,-1,12.194541664275949
stage36b_london_open_continuation_h4_atr075,london_open,continuation,4,2026-01-27 08:00:00+00:00,2026-01-27 12:00:00+00:00,1,0.12236517414808099
stage36b_london_open_reversal_h4_atr075,london_open,reversal,4,2026-01-27 08:00:00+00:00,2026-01-27 12:00:00+00:00,-1,-0.12236517414808099
stage36b_ny_open_continuation_h4_atr075,ny_open,continuation,4,2026-01-27 13:00:00+00:00,2026-01-27 17:00:00+00:00,-1,-2.571367924127889
stage36b_ny_open_reversal_h4_atr075,ny_open,reversal,4,2026-01-27 13:00:00+00:00,2026-01-27 17:00:00+00:00,1,2.571367924127889
stage36b_ny_late_reversal_h8_atr075,ny_late,reversal,8,2026-01-27 18:00:00+00:00,2026-01-28 02:00:00+00:00,1,19.941457662097044
stage36b_ny_late_continuation_h8_atr075,ny_late,continuation,8,2026-01-27 18:00:00+00:00,2026-01-28 02:00:00+00:00,-1,-19.941457662097044
stage36b_london_open_continuation_h4_atr075,london_open,continuation,4,2026-01-28 08:00:00+00:00,2026-01-28 12:00:00+00:00,1,0.0442808075316505
stage36b_london_open_reversal_h4_atr075,london_open,reversal,4,2026-01-28 08:00:00+00:00,2026-01-28 12:00:00+00:00,-1,-0.0442808075316505
stage36b_ny_open_continuation_h4_atr075,ny_open,continuation,4,2026-01-28 13:00:00+00:00,2026-01-28 17:00:00+00:00,-1,-3.198923757535055
stage36b_ny_open_reversal_h4_atr075,ny_open,reversal,4,2026-01-28 13:00:00+00:00,2026-01-28 17:00:00+00:00,1,3.198923757535055
stage36b_ny_late_reversal_h8_atr075,ny_late,reversal,8,2026-01-28 18:00:00+00:00,2026-01-29 02:00:00+00:00,-1,-39.85683367251337
stage36b_ny_late_continuation_h8_atr075,ny_late,continuation,8,2026-01-28 18:00:00+00:00,2026-01-29 02:00:00+00:00,1,39.85683367251337
stage36b_london_open_continuation_h4_atr075,london_open,continuation,4,2026-01-29 08:00:00+00:00,2026-01-29 12:00:00+00:00,-1,5.856959177113476
stage36b_london_open_reversal_h4_atr075,london_open,reversal,4,2026-01-29 08:00:00+00:00,2026-01-29 12:00:00+00:00,1,-5.856959177113476
stage36b_ny_open_continuation_h4_atr075,ny_open,continuation,4,2026-01-29 13:00:00+00:00,2026-01-29 17:00:00+00:00,1,-28.704372641491627
stage36b_ny_open_reversal_h4_atr075,ny_open,reversal,4,2026-01-29 13:00:00+00:00,2026-01-29 17:00:00+00:00,-1,28.704372641491627
stage36b_ny_late_reversal_h8_atr075,ny_late,reversal,8,2026-01-29 18:00:00+00:00,2026-01-30 02:00:00+00:00,-1,-10.004858512244757
stage36b_ny_late_continuation_h8_atr075,ny_late,continuation,8,2026-01-29 18:00:00+00:00,2026-01-30 02:00:00+00:00,1,10.004858512244757
stage36b_london_open_continuation_h4_atr075,london_open,continuation,4,2026-01-30 08:00:00+00:00,2026-01-30 12:00:00+00:00,-1,2.406149078595768
stage36b_london_open_reversal_h4_atr075,london_open,reversal,4,2026-01-30 08:00:00+00:00,2026-01-30 12:00:00+00:00,1,-2.406149078595768
stage36b_ny_open_continuation_h4_atr075,ny_open,continuation,4,2026-01-30 13:00:00+00:00,2026-01-30 17:00:00+00:00,1,-4.948672474991929
stage36b_ny_open_reversal_h4_atr075,ny_open,reversal,4,2026-01-30 13:00:00+00:00,2026-01-30 17:00:00+00:00,-1,4.948672474991929
stage36b_ny_late_reversal_h8_atr075,ny_late,reversal,8,2026-01-30 18:00:00+00:00,2026-02-02 01:00:00+00:00,1,-14.198395750992018
stage36b_ny_late_continuation_h8_atr075,ny_late,continuation,8,2026-01-30 18:00:00+00:00,2026-02-02 01:00:00+00:00,-1,14.198395750992018
stage36b_london_open_continuation_h4_atr075,london_open,continuation,4,2026-02-02 08:00:00+00:00,2026-02-02 12:00:00+00:00,-1,-7.6368529140995625
stage36b_london_open_reversal_h4_atr075,london_open,reversal,4,2026-02-02 08:00:00+00:00,2026-02-02 12:00:00+00:00,1,7.6368529140995625
stage36b_ny_open_continuation_h4_atr075,ny_open,continuation,4,2026-02-02 13:00:00+00:00,2026-02-02 17:00:00+00:00,1,-6.089558669229435
stage36b_ny_open_reversal_h4_atr075,ny_open,reversal,4,2026-02-02 13:00:00+00:00,2026-02-02 17:00:00+00:00,-1,6.089558669229435
stage36b_ny_late_reversal_h8_atr075,ny_late,reversal,8,2026-02-02 18:00:00+00:00,2026-02-03 02:00:00+00:00,-1,-5.252623461550323
stage36b_ny_late_continuation_h8_atr075,ny_late,continuation,8,2026-02-02 18:00:00+00:00,2026-02-03 02:00:00+00:00,1,5.252623461550323
stage36b_london_open_continuation_h4_atr075,london_open,continuation,4,2026-02-03 08:00:00+00:00,2026-02-03 12:00:00+00:00,1,1.5479820150583752
stage36b_london_open_reversal_h4_atr075,london_open,reversal,4,2026-02-03 08:00:00+00:00,2026-02-03 12:00:00+00:00,-1,-1.5479820150583752
stage36b_ny_open_continuation_h4_atr075,ny_open,continuation,4,2026-02-03 13:00:00+00:00,2026-02-03 17:00:00+00:00,1,1.6315875036181378
stage36b_ny_open_reversal_h4_atr075,ny_open,reversal,4,2026-02-03 13:00:00+00:00,2026-02-03 17:00:00+00:00,-1,-1.6315875036181378
stage36b_ny_late_reversal_h8_atr075,ny_late,reversal,8,2026-02-03 18:00:00+00:00,2026-02-04 02:00:00+00:00,-1,-6.88923225987411
stage36b_ny_late_continuation_h8_atr075,ny_late,continuation,8,2026-02-03 18:00:00+00:00,2026-02-04 02:00:00+00:00,1,6.88923225987411
stage36b_london_open_continuation_h4_atr075,london_open,continuation,4,2026-02-04 08:00:00+00:00,2026-02-04 12:00:00+00:00,-1,2.849611063094233
stage36b_london_open_reversal_h4_atr075,london_open,reversal,4,2026-02-04 08:00:00+00:00,2026-02-04 12:00:00+00:00,1,-2.849611063094233
stage36b_ny_open_continuation_h4_atr075,ny_open,continuation,4,2026-02-04 13:00:00+00:00,2026-02-04 17:00:00+00:00,-1,15.348100957241135
stage36b_ny_open_reversal_h4_atr075,ny_open,reversal,4,2026-02-04 13:00:00+00:00,2026-02-04 17:00:00+00:00,1,-15.348100957241135
stage36b_ny_late_reversal_h8_atr075,ny_late,reversal,8,2026-02-04 18:00:00+00:00,2026-02-05 02:00:00+00:00,1,11.97879747828002
stage36b_ny_late_continuation_h8_atr075,ny_late,continuation,8,2026-02-04 18:00:00+00:00,2026-02-05 02:00:00+00:00,-1,-11.97879747828002
stage36b_london_open_continuation_h4_atr075,london_open,continuation,4,2026-02-05 08:00:00+00:00,2026-02-05 12:00:00+00:00,1,-3.80454824350563
stage36b_london_open_reversal_h4_atr075,london_open,reversal,4,2026-02-05 08:00:00+00:00,2026-02-05 12:00:00+00:00,-1,3.80454824350563
stage36b_ny_open_continuation_h4_atr075,ny_open,continuation,4,2026-02-05 13:00:00+00:00,2026-02-05 17:00:00+00:00,-1,4.613867130838386
stage36b_ny_open_reversal_h4_atr075,ny_open,reversal,4,2026-02-05 13:00:00+00:00,2026-02-05 17:00:00+00:00,1,-4.613867130838386
stage36b_ny_late_reversal_h8_atr075,ny_late,reversal,8,2026-02-05 18:00:00+00:00,2026-02-06 02:00:00+00:00,-1,11.242074031536326
stage36b_ny_late_continuation_h8_atr075,ny_late,continuation,8,2026-02-05 18:00:00+00:00,2026-02-06 02:00:00+00:00,1,-11.242074031536326
stage36b_london_open_continuation_h4_atr075,london_open,continuation,4,2026-02-06 08:00:00+00:00,2026-02-06 12:00:00+00:00,-1,-2.4437189496096345
stage36b_london_open_reversal_h4_atr075,london_open,reversal,4,2026-02-06 08:00:00+00:00,2026-02-06 12:00:00+00:00,1,2.4437189496096345
stage36b_ny_open_continuation_h4_atr075,ny_open,continuation,4,2026-02-06 13:00:00+00:00,2026-02-06 17:00:00+00:00,1,4.778781148652939
stage36b_ny_open_reversal_h4_atr075,ny_open,reversal,4,2026-02-06 13:00:00+00:00,2026-02-06 17:00:00+00:00,-1,-4.778781148652939
stage36b_ny_late_reversal_h8_atr075,ny_late,reversal,8,2026-02-06 18:00:00+00:00,2026-02-09 01:00:00+00:00,-1,-10.621583848316936
stage36b_ny_late_continuation_h8_atr075,ny_late,continuation,8,2026-02-06 18:00:00+00:00,2026-02-09 01:00:00+00:00,1,10.621583848316936
stage36b_london_open_continuation_h4_atr075,london_open,continuation,4,2026-02-09 08:00:00+00:00,2026-02-09 12:00:00+00:00,-1,5.628388492647628
stage36b_london_open_reversal_h4_atr075,london_open,reversal,4,2026-02-09 08:00:00+00:00,2026-02-09 12:00:00+00:00,1,-5.628388492647628
stage36b_ny_open_continuation_h4_atr075,ny_open,continuation,4,2026-02-09 13:00:00+00:00,2026-02-09 17:00:00+00:00,1,6.753118959761034
stage36b_ny_open_reversal_h4_atr075,ny_open,reversal,4,2026-02-09 13:00:00+00:00,2026-02-09 17:00:00+00:00,-1,-6.753118959761034
stage36b_ny_late_reversal_h8_atr075,ny_late,reversal,8,2026-02-09 18:00:00+00:00,2026-02-10 02:00:00+00:00,-1,9.85989177646749
stage36b_ny_late_continuation_h8_atr075,ny_late,continuation,8,2026-02-09 18:00:00+00:00,2026-02-10 02:00:00+00:00,1,-9.85989177646749
stage36b_london_open_continuation_h4_atr075,london_open,continuation,4,2026-02-10 08:00:00+00:00,2026-02-10 12:00:00+00:00,-1,-3.8171972752329433
stage36b_london_open_reversal_h4_atr075,london_open,reversal,4,2026-02-10 08:00:00+00:00,2026-02-10 12:00:00+00:00,1,3.8171972752329433
stage36b_ny_open_continuation_h4_atr075,ny_open,continuation,4,2026-02-10 13:00:00+00:00,2026-02-10 17:00:00+00:00,1,-6.684479500451842
stage36b_ny_open_reversal_h4_atr075,ny_open,reversal,4,2026-02-10 13:00:00+00:00,2026-02-10 17:00:00+00:00,-1,6.684479500451842
stage36b_ny_late_reversal_h8_atr075,ny_late,reversal,8,2026-02-10 18:00:00+00:00,2026-02-11 02:00:00+00:00,-1,-2.671735593800726
stage36b_ny_late_continuation_h8_atr075,ny_late,continuation,8,2026-02-10 18:00:00+00:00,2026-02-11 02:00:00+00:00,1,2.671735593800726
stage36b_london_open_continuation_h4_atr075,london_open,continuation,4,2026-02-11 08:00:00+00:00,2026-02-11 12:00:00+00:00,1,7.364112327462952
stage36b_london_open_reversal_h4_atr075,london_open,reversal,4,2026-02-11 08:00:00+00:00,2026-02-11 12:00:00+00:00,-1,-7.364112327462952
stage36b_ny_open_continuation_h4_atr075,ny_open,continuation,4,2026-02-11 13:00:00+00:00,2026-02-11 17:00:00+00:00,1,-12.183091007000572
stage36b_ny_open_reversal_h4_atr075,ny_open,reversal,4,2026-02-11 13:00:00+00:00,2026-02-11 17:00:00+00:00,-1,12.183091007000572
stage36b_ny_late_reversal_h8_atr075,ny_late,reversal,8,2026-02-11 18:00:00+00:00,2026-02-12 02:00:00+00:00,-1,2.0088516189144605
stage36b_ny_late_continuation_h8_atr075,ny_late,continuation,8,2026-02-11 18:00:00+00:00,2026-02-12 02:00:00+00:00,1,-2.0088516189144605
stage36b_london_open_continuation_h4_atr075,london_open,continuation,4,2026-02-12 08:00:00+00:00,2026-02-12 12:00:00+00:00,-1,-0.5766590389014594
stage36b_london_open_reversal_h4_atr075,london_open,reversal,4,2026-02-12 08:00:00+00:00,2026-02-12 12:00:00+00:00,1,0.5766590389014594
stage36b_ny_open_continuation_h4_atr075,ny_open,continuation,4,2026-02-12 13:00:00+00:00,2026-02-12 17:00:00+00:00,1,-0.8876080691643186
stage36b_ny_open_reversal_h4_atr075,ny_open,reversal,4,2026-02-12 13:00:00+00:00,2026-02-12 17:00:00+00:00,-1,0.8876080691643186
stage36b_ny_late_reversal_h8_atr075,ny_late,reversal,8,2026-02-12 18:00:00+00:00,2026-02-13 02:00:00+00:00,1,-4.271462285622332
stage36b_ny_late_continuation_h8_atr075,ny_late,continuation,8,2026-02-12 18:00:00+00:00,2026-02-13 02:00:00+00:00,-1,4.271462285622332
stage36b_london_open_continuation_h4_atr075,london_open,continuation,4,2026-02-13 08:00:00+00:00,2026-02-13 12:00:00+00:00,1,-2.7504375017930265
stage36b_london_open_reversal_h4_atr075,london_open,reversal,4,2026-02-13 08:00:00+00:00,2026-02-13 12:00:00+00:00,-1,2.7504375017930265
stage36b_ny_open_continuation_h4_atr075,ny_open,continuation,4,2026-02-13 13:00:00+00:00,2026-02-13 17:00:00+00:00,1,4.12366572645306
stage36b_ny_open_reversal_h4_atr075,ny_open,reversal,4,2026-02-13 13:00:00+00:00,2026-02-13 17:00:00+00:00,-1,-4.12366572645306
stage36b_ny_late_reversal_h8_atr075,ny_late,reversal,8,2026-02-13 18:00:00+00:00,2026-02-16 01:00:00+00:00,-1,-2.047855530474137
stage36b_ny_late_continuation_h8_atr075,ny_late,continuation,8,2026-02-13 18:00:00+00:00,2026-02-16 01:00:00+00:00,1,2.047855530474137
stage36b_london_open_continuation_h4_atr075,london_open,continuation,4,2026-02-16 08:00:00+00:00,2026-02-16 12:00:00+00:00,1,2.5257934125744335
stage36b_london_open_reversal_h4_atr075,london_open,reversal,4,2026-02-16 08:00:00+00:00,2026-02-16 12:00:00+00:00,-1,-2.5257934125744335
stage36b_ny_open_continuation_h4_atr075,ny_open,continuation,4,2026-02-16 13:00:00+00:00,2026-02-16 17:00:00+00:00,-1,6.216570794227499
stage36b_ny_open_reversal_h4_atr075,ny_open,reversal,4,2026-02-16 13:00:00+00:00,2026-02-16 17:00:00+00:00,1,-6.216570794227499
stage36b_ny_late_reversal_h8_atr075,ny_late,reversal,8,2026-02-16 18:00:00+00:00,2026-02-17 03:00:00+00:00,-1,9.357902818909881
stage36b_ny_late_continuation_h8_atr075,ny_late,continuation,8,2026-02-16 18:00:00+00:00,2026-02-17 03:00:00+00:00,1,-9.357902818909881
stage36b_london_open_continuation_h4_atr075,london_open,continuation,4,2026-02-17 08:00:00+00:00,2026-02-17 12:00:00+00:00,1,0.470420017873053
stage36b_london_open_reversal_h4_atr075,london_open,reversal,4,2026-02-17 08:00:00+00:00,2026-02-17 12:00:00+00:00,-1,-0.470420017873053
stage36b_ny_open_continuation_h4_atr075,ny_open,continuation,4,2026-02-17 13:00:00+00:00,2026-02-17 17:00:00+00:00,1,-7.698484848484797
stage36b_ny_open_reversal_h4_atr075,ny_open,reversal,4,2026-02-17 13:00:00+00:00,2026-02-17 17:00:00+00:00,-1,7.698484848484797
stage36b_ny_late_reversal_h8_atr075,ny_late,reversal,8,2026-02-17 18:00:00+00:00,2026-02-18 02:00:00+00:00,1,0.9438549273093079
stage36b_ny_late_continuation_h8_atr075,ny_late,continuation,8,2026-02-17 18:00:00+00:00,2026-02-18 02:00:00+00:00,-1,-0.9438549273093079
stage36b_london_open_continuation_h4_atr075,london_open,continuation,4,2026-02-18 08:00:00+00:00,2026-02-18 12:00:00+00:00,-1,3.9333741948665093
stage36b_london_open_reversal_h4_atr075,london_open,reversal,4,2026-02-18 08:00:00+00:00,2026-02-18 12:00:00+00:00,1,-3.9333741948665093
stage36b_ny_open_continuation_h4_atr075,ny_open,continuation,4,2026-02-18 13:00:00+00:00,2026-02-18 17:00:00+00:00,-1,-26.3471174829425
stage36b_ny_open_reversal_h4_atr075,ny_open,reversal,4,2026-02-18 13:00:00+00:00,2026-02-18 17:00:00+00:00,1,26.3471174829425
stage36b_ny_late_reversal_h8_atr075,ny_late,reversal,8,2026-02-18 18:00:00+00:00,2026-02-19 02:00:00+00:00,-1,11.052111682290034
stage36b_ny_late_continuation_h8_atr075,ny_late,continuation,8,2026-02-18 18:00:00+00:00,2026-02-19 02:00:00+00:00,1,-11.052111682290034
stage36b_london_open_continuation_h4_atr075,london_open,continuation,4,2026-02-19 08:00:00+00:00,2026-02-19 12:00:00+00:00,1,-8.29703410556267
stage36b_london_open_reversal_h4_atr075,london_open,reversal,4,2026-02-19 08:00:00+00:00,2026-02-19 12:00:00+00:00,-1,8.29703410556267
stage36b_ny_open_continuation_h4_atr075,ny_open,continuation,4,2026-02-19 13:00:00+00:00,2026-02-19 17:00:00+00:00,-1,-9.249142421547448
stage36b_ny_open_reversal_h4_atr075,ny_open,reversal,4,2026-02-19 13:00:00+00:00,2026-02-19 17:00:00+00:00,1,9.249142421547448
stage36b_ny_late_reversal_h8_atr075,ny_late,reversal,8,2026-02-19 18:00:00+00:00,2026-02-20 02:00:00+00:00,1,2.914993353389718
stage36b_ny_late_continuation_h8_atr075,ny_late,continuation,8,2026-02-19 18:00:00+00:00,2026-02-20 02:00:00+00:00,-1,-2.914993353389718
stage36b_london_open_continuation_h4_atr075,london_open,continuation,4,2026-02-20 08:00:00+00:00,2026-02-20 12:00:00+00:00,1,4.318488529014854
stage36b_london_open_reversal_h4_atr075,london_open,reversal,4,2026-02-20 08:00:00+00:00,2026-02-20 12:00:00+00:00,-1,-4.318488529014854
stage36b_ny_open_continuation_h4_atr075,ny_open,continuation,4,2026-02-20 13:00:00+00:00,2026-02-20 17:00:00+00:00,-1,-7.0774091627172
stage36b_ny_open_reversal_h4_atr075,ny_open,reversal,4,2026-02-20 13:00:00+00:00,2026-02-20 17:00:00+00:00,1,7.0774091627172
stage36b_ny_late_reversal_h8_atr075,ny_late,reversal,8,2026-02-20 18:00:00+00:00,2026-02-23 01:00:00+00:00,-1,-21.433285801589097
stage36b_ny_late_continuation_h8_atr075,ny_late,continuation,8,2026-02-20 18:00:00+00:00,2026-02-23 01:00:00+00:00,1,21.433285801589097
stage36b_london_open_continuation_h4_atr075,london_open,continuation,4,2026-02-23 08:00:00+00:00,2026-02-23 12:00:00+00:00,-1,-3.2439959874902993
stage36b_london_open_reversal_h4_atr075,london_open,reversal,4,2026-02-23 08:00:00+00:00,2026-02-23 12:00:00+00:00,1,3.2439959874902993
stage36b_ny_open_continuation_h4_atr075,ny_open,continuation,4,2026-02-23 13:00:00+00:00,2026-02-23 17:00:00+00:00,-1,-9.98991750687449
stage36b_ny_open_reversal_h4_atr075,ny_open,reversal,4,2026-02-23 13:00:00+00:00,2026-02-23 17:00:00+00:00,1,9.98991750687449
stage36b_ny_late_reversal_h8_atr075,ny_late,reversal,8,2026-02-23 18:00:00+00:00,2026-02-24 02:00:00+00:00,-1,-3.2435482532570212
stage36b_ny_late_continuation_h8_atr075,ny_late,continuation,8,2026-02-23 18:00:00+00:00,2026-02-24 02:00:00+00:00,1,3.2435482532570212
stage36b_london_open_continuation_h4_atr075,london_open,continuation,4,2026-02-24 08:00:00+00:00,2026-02-24 12:00:00+00:00,-1,0.17715037021663452
stage36b_london_open_reversal_h4_atr075,london_open,reversal,4,2026-02-24 08:00:00+00:00,2026-02-24 12:00:00+00:00,1,-0.17715037021663452
stage36b_ny_open_continuation_h4_atr075,ny_open,continuation,4,2026-02-24 13:00:00+00:00,2026-02-24 17:00:00+00:00,-1,5.077641069155637
stage36b_ny_open_reversal_h4_atr075,ny_open,reversal,4,2026-02-24 13:00:00+00:00,2026-02-24 17:00:00+00:00,1,-5.077641069155637
stage36b_ny_late_reversal_h8_atr075,ny_late,reversal,8,2026-02-24 18:00:00+00:00,2026-02-25 02:00:00+00:00,1,2.2897836209259377
stage36b_ny_late_continuation_h8_atr075,ny_late,continuation,8,2026-02-24 18:00:00+00:00,2026-02-25 02:00:00+00:00,-1,-2.2897836209259377
stage36b_london_open_continuation_h4_atr075,london_open,continuation,4,2026-02-25 08:00:00+00:00,2026-02-25 12:00:00+00:00,-1,4.640475209013825
stage36b_london_open_reversal_h4_atr075,london_open,reversal,4,2026-02-25 08:00:00+00:00,2026-02-25 12:00:00+00:00,1,-4.640475209013825
stage36b_ny_open_continuation_h4_atr075,ny_open,continuation,4,2026-02-25 13:00:00+00:00,2026-02-25 17:00:00+00:00,1,3.111814141674967
stage36b_ny_open_reversal_h4_atr075,ny_open,reversal,4,2026-02-25 13:00:00+00:00,2026-02-25 17:00:00+00:00,-1,-3.111814141674967
stage36b_ny_late_reversal_h8_atr075,ny_late,reversal,8,2026-02-25 18:00:00+00:00,2026-02-26 02:00:00+00:00,-1,6.462082146334419
stage36b_ny_late_continuation_h8_atr075,ny_late,continuation,8,2026-02-25 18:00:00+00:00,2026-02-26 02:00:00+00:00,1,-6.462082146334419
stage36b_london_open_continuation_h4_atr075,london_open,continuation,4,2026-02-26 08:00:00+00:00,2026-02-26 12:00:00+00:00,-1,5.356676649005684
stage36b_london_open_reversal_h4_atr075,london_open,reversal,4,2026-02-26 08:00:00+00:00,2026-02-26 12:00:00+00:00,1,-5.356676649005684
stage36b_ny_open_continuation_h4_atr075,ny_open,continuation,4,2026-02-26 13:00:00+00:00,2026-02-26 17:00:00+00:00,-1,-5.725905771158591
stage36b_ny_open_reversal_h4_atr075,ny_open,reversal,4,2026-02-26 13:00:00+00:00,2026-02-26 17:00:00+00:00,1,5.725905771158591
stage36b_ny_late_reversal_h8_atr075,ny_late,reversal,8,2026-02-26 18:00:00+00:00,2026-02-27 02:00:00+00:00,1,-1.170471943020721
stage36b_ny_late_continuation_h8_atr075,ny_late,continuation,8,2026-02-26 18:00:00+00:00,2026-02-27 02:00:00+00:00,-1,1.170471943020721
stage36b_london_open_continuation_h4_atr075,london_open,continuation,4,2026-02-27 08:00:00+00:00,2026-02-27 12:00:00+00:00,-1,2.2794442969649173
stage36b_london_open_reversal_h4_atr075,london_open,reversal,4,2026-02-27 08:00:00+00:00,2026-02-27 12:00:00+00:00,1,-2.2794442969649173
stage36b_ny_open_continuation_h4_atr075,ny_open,continuation,4,2026-02-27 13:00:00+00:00,2026-02-27 17:00:00+00:00,1,18.124055462917305
stage36b_ny_open_reversal_h4_atr075,ny_open,reversal,4,2026-02-27 13:00:00+00:00,2026-02-27 17:00:00+00:00,-1,-18.124055462917305
stage36b_ny_late_reversal_h8_atr075,ny_late,reversal,8,2026-02-27 18:00:00+00:00,2026-03-02 01:00:00+00:00,1,45.77860696517395
stage36b_ny_late_continuation_h8_atr075,ny_late,continuation,8,2026-02-27 18:00:00+00:00,2026-03-02 01:00:00+00:00,-1,-45.77860696517395
stage36b_london_open_continuation_h4_atr075,london_open,continuation,4,2026-03-02 08:00:00+00:00,2026-03-02 12:00:00+00:00,1,0.2464833935480502
stage36b_london_open_reversal_h4_atr075,london_open,reversal,4,2026-03-02 08:00:00+00:00,2026-03-02 12:00:00+00:00,-1,-0.2464833935480502
stage36b_ny_open_continuation_h4_atr075,ny_open,continuation,4,2026-03-02 13:00:00+00:00,2026-03-02 17:00:00+00:00,-1,10.757564364983319
stage36b_ny_open_reversal_h4_atr075,ny_open,reversal,4,2026-03-02 13:00:00+00:00,2026-03-02 17:00:00+00:00,1,-10.757564364983319
stage36b_ny_late_reversal_h8_atr075,ny_late,reversal,8,2026-03-02 18:00:00+00:00,2026-03-03 02:00:00+00:00,1,9.741971715934117
stage36b_ny_late_continuation_h8_atr075,ny_late,continuation,8,2026-03-02 18:00:00+00:00,2026-03-03 02:00:00+00:00,-1,-9.741971715934117
stage36b_london_open_continuation_h4_atr075,london_open,continuation,4,2026-03-03 08:00:00+00:00,2026-03-03 12:00:00+00:00,-1,11.444209282866682
stage36b_london_open_reversal_h4_atr075,london_open,reversal,4,2026-03-03 08:00:00+00:00,2026-03-03 12:00:00+00:00,1,-11.444209282866682
stage36b_ny_open_continuation_h4_atr075,ny_open,continuation,4,2026-03-03 13:00:00+00:00,2026-03-03 17:00:00+00:00,-1,5.534865911814644
stage36b_ny_open_reversal_h4_atr075,ny_open,reversal,4,2026-03-03 13:00:00+00:00,2026-03-03 17:00:00+00:00,1,-5.534865911814644
stage36b_ny_late_reversal_h8_atr075,ny_late,reversal,8,2026-03-03 18:00:00+00:00,2026-03-04 02:00:00+00:00,-1,-2.347222359780902
stage36b_ny_late_continuation_h8_atr075,ny_late,continuation,8,2026-03-03 18:00:00+00:00,2026-03-04 02:00:00+00:00,1,2.347222359780902
stage36b_london_open_continuation_h4_atr075,london_open,continuation,4,2026-03-04 08:00:00+00:00,2026-03-04 12:00:00+00:00,1,3.8990874932904296
stage36b_london_open_reversal_h4_atr075,london_open,reversal,4,2026-03-04 08:00:00+00:00,2026-03-04 12:00:00+00:00,-1,-3.8990874932904296
stage36b_ny_open_continuation_h4_atr075,ny_open,continuation,4,2026-03-04 13:00:00+00:00,2026-03-04 17:00:00+00:00,1,-6.954473358680703
stage36b_ny_open_reversal_h4_atr075,ny_open,reversal,4,2026-03-04 13:00:00+00:00,2026-03-04 17:00:00+00:00,-1,6.954473358680703
stage36b_ny_late_reversal_h8_atr075,ny_late,reversal,8,2026-03-04 18:00:00+00:00,2026-03-05 02:00:00+00:00,1,4.118184234049219
stage36b_ny_late_continuation_h8_atr075,ny_late,continuation,8,2026-03-04 18:00:00+00:00,2026-03-05 02:00:00+00:00,-1,-4.118184234049219
stage36b_london_open_continuation_h4_atr075,london_open,continuation,4,2026-03-05 08:00:00+00:00,2026-03-05 12:00:00+00:00,1,-0.6991528122811008
stage36b_london_open_reversal_h4_atr075,london_open,reversal,4,2026-03-05 08:00:00+00:00,2026-03-05 12:00:00+00:00,-1,0.6991528122811008
stage36b_ny_open_continuation_h4_atr075,ny_open,continuation,4,2026-03-05 13:00:00+00:00,2026-03-05 17:00:00+00:00,-1,13.895376389816992
stage36b_ny_open_reversal_h4_atr075,ny_open,reversal,4,2026-03-05 13:00:00+00:00,2026-03-05 17:00:00+00:00,1,-13.895376389816992
stage36b_ny_late_reversal_h8_atr075,ny_late,reversal,8,2026-03-05 18:00:00+00:00,2026-03-06 02:00:00+00:00,1,1.1389579802336585
stage36b_ny_late_continuation_h8_atr075,ny_late,continuation,8,2026-03-05 18:00:00+00:00,2026-03-06 02:00:00+00:00,-1,-1.1389579802336585
stage36b_london_open_continuation_h4_atr075,london_open,continuation,4,2026-03-06 08:00:00+00:00,2026-03-06 12:00:00+00:00,-1,5.353182731792598
stage36b_london_open_reversal_h4_atr075,london_open,reversal,4,2026-03-06 08:00:00+00:00,2026-03-06 12:00:00+00:00,1,-5.353182731792598
stage36b_ny_open_continuation_h4_atr075,ny_open,continuation,4,2026-03-06 13:00:00+00:00,2026-03-06 17:00:00+00:00,-1,-14.829572239644214
stage36b_ny_open_reversal_h4_atr075,ny_open,reversal,4,2026-03-06 13:00:00+00:00,2026-03-06 17:00:00+00:00,1,14.829572239644214
stage36b_ny_late_reversal_h8_atr075,ny_late,reversal,8,2026-03-06 18:00:00+00:00,2026-03-09 00:00:00+00:00,1,-1.840897999023969
stage36b_ny_late_continuation_h8_atr075,ny_late,continuation,8,2026-03-06 18:00:00+00:00,2026-03-09 00:00:00+00:00,-1,1.840897999023969
stage36b_london_open_continuation_h4_atr075,london_open,continuation,4,2026-03-09 08:00:00+00:00,2026-03-09 12:00:00+00:00,-1,1.053353389979787
stage36b_london_open_reversal_h4_atr075,london_open,reversal,4,2026-03-09 08:00:00+00:00,2026-03-09 12:00:00+00:00,1,-1.053353389979787
stage36b_ny_open_continuation_h4_atr075,ny_open,continuation,4,2026-03-09 13:00:00+00:00,2026-03-09 17:00:00+00:00,1,1.3411836319175274
stage36b_ny_open_reversal_h4_atr075,ny_open,reversal,4,2026-03-09 13:00:00+00:00,2026-03-09 17:00:00+00:00,-1,-1.3411836319175274
stage36b_ny_late_reversal_h8_atr075,ny_late,reversal,8,2026-03-09 18:00:00+00:00,2026-03-10 02:00:00+00:00,-1,-4.807739903251209
stage36b_ny_late_continuation_h8_atr075,ny_late,continuation,8,2026-03-09 18:00:00+00:00,2026-03-10 02:00:00+00:00,1,4.807739903251209
stage36b_london_open_continuation_h4_atr075,london_open,continuation,4,2026-03-10 08:00:00+00:00,2026-03-10 12:00:00+00:00,-1,-0.43753131870937917
stage36b_london_open_reversal_h4_atr075,london_open,reversal,4,2026-03-10 08:00:00+00:00,2026-03-10 12:00:00+00:00,1,0.43753131870937917
stage36b_ny_open_continuation_h4_atr075,ny_open,continuation,4,2026-03-10 13:00:00+00:00,2026-03-10 17:00:00+00:00,-1,-12.87972241977535
stage36b_ny_open_reversal_h4_atr075,ny_open,reversal,4,2026-03-10 13:00:00+00:00,2026-03-10 17:00:00+00:00,1,12.87972241977535
stage36b_ny_late_reversal_h8_atr075,ny_late,reversal,8,2026-03-10 18:00:00+00:00,2026-03-11 02:00:00+00:00,1,-3.066040563492834
stage36b_ny_late_continuation_h8_atr075,ny_late,continuation,8,2026-03-10 18:00:00+00:00,2026-03-11 02:00:00+00:00,-1,3.066040563492834
stage36b_london_open_continuation_h4_atr075,london_open,continuation,4,2026-03-11 08:00:00+00:00,2026-03-11 12:00:00+00:00,-1,2.888934623036225
stage36b_london_open_reversal_h4_atr075,london_open,reversal,4,2026-03-11 08:00:00+00:00,2026-03-11 12:00:00+00:00,1,-2.888934623036225
stage36b_ny_open_continuation_h4_atr075,ny_open,continuation,4,2026-03-11 13:00:00+00:00,2026-03-11 17:00:00+00:00,-1,4.362677012609233
stage36b_ny_open_reversal_h4_atr075,ny_open,reversal,4,2026-03-11 13:00:00+00:00,2026-03-11 17:00:00+00:00,1,-4.362677012609233
stage36b_ny_late_reversal_h8_atr075,ny_late,reversal,8,2026-03-11 18:00:00+00:00,2026-03-12 02:00:00+00:00,-1,6.074675401742351
stage36b_ny_late_continuation_h8_atr075,ny_late,continuation,8,2026-03-11 18:00:00+00:00,2026-03-12 02:00:00+00:00,1,-6.074675401742351
stage36b_london_open_continuation_h4_atr075,london_open,continuation,4,2026-03-12 08:00:00+00:00,2026-03-12 12:00:00+00:00,1,3.463663887376791
stage36b_london_open_reversal_h4_atr075,london_open,reversal,4,2026-03-12 08:00:00+00:00,2026-03-12 12:00:00+00:00,-1,-3.463663887376791
stage36b_ny_open_continuation_h4_atr075,ny_open,continuation,4,2026-03-12 13:00:00+00:00,2026-03-12 17:00:00+00:00,-1,11.330058875190966
stage36b_ny_open_reversal_h4_atr075,ny_open,reversal,4,2026-03-12 13:00:00+00:00,2026-03-12 17:00:00+00:00,1,-11.330058875190966
stage36b_ny_late_reversal_h8_atr075,ny_late,reversal,8,2026-03-12 18:00:00+00:00,2026-03-13 02:00:00+00:00,1,-2.6815621120979265
stage36b_ny_late_continuation_h8_atr075,ny_late,continuation,8,2026-03-12 18:00:00+00:00,2026-03-13 02:00:00+00:00,-1,2.6815621120979265
stage36b_london_open_continuation_h4_atr075,london_open,continuation,4,2026-03-13 08:00:00+00:00,2026-03-13 12:00:00+00:00,-1,-1.8116066644235203
stage36b_london_open_reversal_h4_atr075,london_open,reversal,4,2026-03-13 08:00:00+00:00,2026-03-13 12:00:00+00:00,1,1.8116066644235203
stage36b_ny_open_continuation_h4_atr075,ny_open,continuation,4,2026-03-13 13:00:00+00:00,2026-03-13 17:00:00+00:00,1,-21.830495860079868
stage36b_ny_open_reversal_h4_atr075,ny_open,reversal,4,2026-03-13 13:00:00+00:00,2026-03-13 17:00:00+00:00,-1,21.830495860079868
stage36b_ny_late_reversal_h8_atr075,ny_late,reversal,8,2026-03-13 18:00:00+00:00,2026-03-16 01:00:00+00:00,-1,10.373935296589105
stage36b_ny_late_continuation_h8_atr075,ny_late,continuation,8,2026-03-13 18:00:00+00:00,2026-03-16 01:00:00+00:00,1,-10.373935296589105
stage36b_london_open_continuation_h4_atr075,london_open,continuation,4,2026-03-16 08:00:00+00:00,2026-03-16 12:00:00+00:00,-1,2.317319250246094
stage36b_london_open_reversal_h4_atr075,london_open,reversal,4,2026-03-16 08:00:00+00:00,2026-03-16 12:00:00+00:00,1,-2.317319250246094
stage36b_ny_open_continuation_h4_atr075,ny_open,continuation,4,2026-03-16 13:00:00+00:00,2026-03-16 17:00:00+00:00,-1,1.8629199590099323
stage36b_ny_open_reversal_h4_atr075,ny_open,reversal,4,2026-03-16 13:00:00+00:00,2026-03-16 17:00:00+00:00,1,-1.8629199590099323
stage36b_ny_late_reversal_h8_atr075,ny_late,reversal,8,2026-03-16 18:00:00+00:00,2026-03-17 02:00:00+00:00,-1,-2.656101245617671
stage36b_ny_late_continuation_h8_atr075,ny_late,continuation,8,2026-03-16 18:00:00+00:00,2026-03-17 02:00:00+00:00,1,2.656101245617671
stage36b_london_open_continuation_h4_atr075,london_open,continuation,4,2026-03-17 08:00:00+00:00,2026-03-17 12:00:00+00:00,-1,2.909858226178529
stage36b_london_open_reversal_h4_atr075,london_open,reversal,4,2026-03-17 08:00:00+00:00,2026-03-17 12:00:00+00:00,1,-2.909858226178529
stage36b_ny_open_continuation_h4_atr075,ny_open,continuation,4,2026-03-17 13:00:00+00:00,2026-03-17 17:00:00+00:00,1,-1.6628660487245477
stage36b_ny_open_reversal_h4_atr075,ny_open,reversal,4,2026-03-17 13:00:00+00:00,2026-03-17 17:00:00+00:00,-1,1.6628660487245477
stage36b_ny_late_reversal_h8_atr075,ny_late,reversal,8,2026-03-17 18:00:00+00:00,2026-03-18 02:00:00+00:00,-1,-0.6530534532821209
stage36b_ny_late_continuation_h8_atr075,ny_late,continuation,8,2026-03-17 18:00:00+00:00,2026-03-18 02:00:00+00:00,1,0.6530534532821209
stage36b_london_open_continuation_h4_atr075,london_open,continuation,4,2026-03-18 08:00:00+00:00,2026-03-18 12:00:00+00:00,1,-17.97948360624045
stage36b_london_open_reversal_h4_atr075,london_open,reversal,4,2026-03-18 08:00:00+00:00,2026-03-18 12:00:00+00:00,-1,17.97948360624045
stage36b_ny_open_continuation_h4_atr075,ny_open,continuation,4,2026-03-18 13:00:00+00:00,2026-03-18 17:00:00+00:00,-1,18.980868478600613
stage36b_ny_open_reversal_h4_atr075,ny_open,reversal,4,2026-03-18 13:00:00+00:00,2026-03-18 17:00:00+00:00,1,-18.980868478600613
stage36b_ny_late_reversal_h8_atr075,ny_late,reversal,8,2026-03-18 18:00:00+00:00,2026-03-19 02:00:00+00:00,-1,8.608125642451432
stage36b_ny_late_continuation_h8_atr075,ny_late,continuation,8,2026-03-18 18:00:00+00:00,2026-03-19 02:00:00+00:00,1,-8.608125642451432
stage36b_london_open_continuation_h4_atr075,london_open,continuation,4,2026-03-19 08:00:00+00:00,2026-03-19 12:00:00+00:00,-1,15.529519871353065
stage36b_london_open_reversal_h4_atr075,london_open,reversal,4,2026-03-19 08:00:00+00:00,2026-03-19 12:00:00+00:00,1,-15.529519871353065
stage36b_ny_open_continuation_h4_atr075,ny_open,continuation,4,2026-03-19 13:00:00+00:00,2026-03-19 17:00:00+00:00,-1,8.22003642987248
stage36b_ny_open_reversal_h4_atr075,ny_open,reversal,4,2026-03-19 13:00:00+00:00,2026-03-19 17:00:00+00:00,1,-8.22003642987248
stage36b_ny_late_reversal_h8_atr075,ny_late,reversal,8,2026-03-19 18:00:00+00:00,2026-03-20 02:00:00+00:00,1,5.763440860215094
stage36b_ny_late_continuation_h8_atr075,ny_late,continuation,8,2026-03-19 18:00:00+00:00,2026-03-20 02:00:00+00:00,-1,-5.763440860215094
stage36b_london_open_continuation_h4_atr075,london_open,continuation,4,2026-03-20 08:00:00+00:00,2026-03-20 12:00:00+00:00,-1,3.8432910319666855
stage36b_london_open_reversal_h4_atr075,london_open,reversal,4,2026-03-20 08:00:00+00:00,2026-03-20 12:00:00+00:00,1,-3.8432910319666855
stage36b_ny_open_continuation_h4_atr075,ny_open,continuation,4,2026-03-20 13:00:00+00:00,2026-03-20 17:00:00+00:00,1,-17.58779761904758
stage36b_ny_open_reversal_h4_atr075,ny_open,reversal,4,2026-03-20 13:00:00+00:00,2026-03-20 17:00:00+00:00,-1,17.58779761904758
stage36b_ny_late_reversal_h8_atr075,ny_late,reversal,8,2026-03-20 18:00:00+00:00,2026-03-23 01:00:00+00:00,-1,14.583266065927605
stage36b_ny_late_continuation_h8_atr075,ny_late,continuation,8,2026-03-20 18:00:00+00:00,2026-03-23 01:00:00+00:00,1,-14.583266065927605
stage36b_london_open_continuation_h4_atr075,london_open,continuation,4,2026-03-23 08:00:00+00:00,2026-03-23 12:00:00+00:00,-1,-3.3350285608992385
stage36b_london_open_reversal_h4_atr075,london_open,reversal,4,2026-03-23 08:00:00+00:00,2026-03-23 12:00:00+00:00,1,3.3350285608992385
stage36b_ny_open_continuation_h4_atr075,ny_open,continuation,4,2026-03-23 13:00:00+00:00,2026-03-23 17:00:00+00:00,1,-0.8641472244774804
stage36b_ny_open_reversal_h4_atr075,ny_open,reversal,4,2026-03-23 13:00:00+00:00,2026-03-23 17:00:00+00:00,-1,0.8641472244774804
stage36b_ny_late_reversal_h8_atr075,ny_late,reversal,8,2026-03-23 18:00:00+00:00,2026-03-24 02:00:00+00:00,-1,0.6287987468691452
stage36b_ny_late_continuation_h8_atr075,ny_late,continuation,8,2026-03-23 18:00:00+00:00,2026-03-24 02:00:00+00:00,1,-0.6287987468691452
stage36b_london_open_continuation_h4_atr075,london_open,continuation,4,2026-03-24 08:00:00+00:00,2026-03-24 12:00:00+00:00,1,3.376809792562767
stage36b_london_open_reversal_h4_atr075,london_open,reversal,4,2026-03-24 08:00:00+00:00,2026-03-24 12:00:00+00:00,-1,-3.376809792562767
stage36b_ny_open_continuation_h4_atr075,ny_open,continuation,4,2026-03-24 13:00:00+00:00,2026-03-24 17:00:00+00:00,-1,-0.3752553730489091
stage36b_ny_open_reversal_h4_atr075,ny_open,reversal,4,2026-03-24 13:00:00+00:00,2026-03-24 17:00:00+00:00,1,0.3752553730489091
stage36b_ny_late_reversal_h8_atr075,ny_late,reversal,8,2026-03-24 18:00:00+00:00,2026-03-25 02:00:00+00:00,-1,-18.13477544081824
stage36b_ny_late_continuation_h8_atr075,ny_late,continuation,8,2026-03-24 18:00:00+00:00,2026-03-25 02:00:00+00:00,1,18.13477544081824
stage36b_london_open_continuation_h4_atr075,london_open,continuation,4,2026-03-25 08:00:00+00:00,2026-03-25 12:00:00+00:00,-1,-1.5729623357233409
stage36b_london_open_reversal_h4_atr075,london_open,reversal,4,2026-03-25 08:00:00+00:00,2026-03-25 12:00:00+00:00,1,1.5729623357233409
stage36b_ny_open_continuation_h4_atr075,ny_open,continuation,4,2026-03-25 13:00:00+00:00,2026-03-25 17:00:00+00:00,1,-3.039568615405627
stage36b_ny_open_reversal_h4_atr075,ny_open,reversal,4,2026-03-25 13:00:00+00:00,2026-03-25 17:00:00+00:00,-1,3.039568615405627
stage36b_ny_late_reversal_h8_atr075,ny_late,reversal,8,2026-03-25 18:00:00+00:00,2026-03-26 02:00:00+00:00,1,-3.503285443813467
stage36b_ny_late_continuation_h8_atr075,ny_late,continuation,8,2026-03-25 18:00:00+00:00,2026-03-26 02:00:00+00:00,-1,3.503285443813467
stage36b_london_open_continuation_h4_atr075,london_open,continuation,4,2026-03-26 08:00:00+00:00,2026-03-26 12:00:00+00:00,1,-2.0037664783428437
stage36b_london_open_reversal_h4_atr075,london_open,reversal,4,2026-03-26 08:00:00+00:00,2026-03-26 12:00:00+00:00,-1,2.0037664783428437
stage36b_ny_open_continuation_h4_atr075,ny_open,continuation,4,2026-03-26 13:00:00+00:00,2026-03-26 17:00:00+00:00,-1,-2.384411082222109
stage36b_ny_open_reversal_h4_atr075,ny_open,reversal,4,2026-03-26 13:00:00+00:00,2026-03-26 17:00:00+00:00,1,2.384411082222109
stage36b_ny_late_reversal_h8_atr075,ny_late,reversal,8,2026-03-26 18:00:00+00:00,2026-03-27 02:00:00+00:00,1,-1.453709369379396
stage36b_ny_late_continuation_h8_atr075,ny_late,continuation,8,2026-03-26 18:00:00+00:00,2026-03-27 02:00:00+00:00,-1,1.453709369379396
stage36b_london_open_continuation_h4_atr075,london_open,continuation,4,2026-03-27 08:00:00+00:00,2026-03-27 12:00:00+00:00,1,-7.4825371965544365
stage36b_london_open_reversal_h4_atr075,london_open,reversal,4,2026-03-27 08:00:00+00:00,2026-03-27 12:00:00+00:00,-1,7.4825371965544365
stage36b_ny_open_continuation_h4_atr075,ny_open,continuation,4,2026-03-27 13:00:00+00:00,2026-03-27 17:00:00+00:00,1,21.142291161210277
stage36b_ny_open_reversal_h4_atr075,ny_open,reversal,4,2026-03-27 13:00:00+00:00,2026-03-27 17:00:00+00:00,-1,-21.142291161210277
stage36b_ny_late_reversal_h8_atr075,ny_late,reversal,8,2026-03-27 18:00:00+00:00,2026-03-30 02:00:00+00:00,1,-11.653159282578862
stage36b_ny_late_continuation_h8_atr075,ny_late,continuation,8,2026-03-27 18:00:00+00:00,2026-03-30 02:00:00+00:00,-1,11.653159282578862
stage36b_london_open_continuation_h4_atr075,london_open,continuation,4,2026-03-30 08:00:00+00:00,2026-03-30 12:00:00+00:00,1,1.3508525063504724
stage36b_london_open_reversal_h4_atr075,london_open,reversal,4,2026-03-30 08:00:00+00:00,2026-03-30 12:00:00+00:00,-1,-1.3508525063504724
stage36b_ny_open_continuation_h4_atr075,ny_open,continuation,4,2026-03-30 13:00:00+00:00,2026-03-30 17:00:00+00:00,1,0.942689168041318
stage36b_ny_open_reversal_h4_atr075,ny_open,reversal,4,2026-03-30 13:00:00+00:00,2026-03-30 17:00:00+00:00,-1,-0.942689168041318
stage36b_ny_late_reversal_h8_atr075,ny_late,reversal,8,2026-03-30 18:00:00+00:00,2026-03-31 02:00:00+00:00,-1,6.010752185498654
stage36b_ny_late_continuation_h8_atr075,ny_late,continuation,8,2026-03-30 18:00:00+00:00,2026-03-31 02:00:00+00:00,1,-6.010752185498654
stage36b_london_open_continuation_h4_atr075,london_open,continuation,4,2026-03-31 08:00:00+00:00,2026-03-31 12:00:00+00:00,1,-2.1560903811543204
stage36b_london_open_reversal_h4_atr075,london_open,reversal,4,2026-03-31 08:00:00+00:00,2026-03-31 12:00:00+00:00,-1,2.1560903811543204
stage36b_ny_open_continuation_h4_atr075,ny_open,continuation,4,2026-03-31 13:00:00+00:00,2026-03-31 17:00:00+00:00,-1,-8.63742145338965
stage36b_ny_open_reversal_h4_atr075,ny_open,reversal,4,2026-03-31 13:00:00+00:00,2026-03-31 17:00:00+00:00,1,8.63742145338965
stage36b_ny_late_reversal_h8_atr075,ny_late,reversal,8,2026-03-31 18:00:00+00:00,2026-04-01 02:00:00+00:00,-1,-15.996696480926438
stage36b_ny_late_continuation_h8_atr075,ny_late,continuation,8,2026-03-31 18:00:00+00:00,2026-04-01 02:00:00+00:00,1,15.996696480926438
stage36b_london_open_continuation_h4_atr075,london_open,continuation,4,2026-04-01 08:00:00+00:00,2026-04-01 12:00:00+00:00,1,7.634492175191797
stage36b_london_open_reversal_h4_atr075,london_open,reversal,4,2026-04-01 08:00:00+00:00,2026-04-01 12:00:00+00:00,-1,-7.634492175191797
stage36b_ny_open_continuation_h4_atr075,ny_open,continuation,4,2026-04-01 13:00:00+00:00,2026-04-01 17:00:00+00:00,1,5.471946043374582
stage36b_ny_open_reversal_h4_atr075,ny_open,reversal,4,2026-04-01 13:00:00+00:00,2026-04-01 17:00:00+00:00,-1,-5.471946043374582
stage36b_ny_late_reversal_h8_atr075,ny_late,reversal,8,2026-04-01 18:00:00+00:00,2026-04-02 02:00:00+00:00,-1,0.4460374352847129
stage36b_ny_late_continuation_h8_atr075,ny_late,continuation,8,2026-04-01 18:00:00+00:00,2026-04-02 02:00:00+00:00,1,-0.4460374352847129
stage36b_london_open_continuation_h4_atr075,london_open,continuation,4,2026-04-02 08:00:00+00:00,2026-04-02 12:00:00+00:00,-1,-3.7013529957470777
stage36b_london_open_reversal_h4_atr075,london_open,reversal,4,2026-04-02 08:00:00+00:00,2026-04-02 12:00:00+00:00,1,3.7013529957470777
stage36b_ny_open_continuation_h4_atr075,ny_open,continuation,4,2026-04-02 13:00:00+00:00,2026-04-02 17:00:00+00:00,-1,-7.277068875457011
stage36b_ny_open_reversal_h4_atr075,ny_open,reversal,4,2026-04-02 13:00:00+00:00,2026-04-02 17:00:00+00:00,1,7.277068875457011
stage36b_ny_late_reversal_h8_atr075,ny_late,reversal,8,2026-04-02 18:00:00+00:00,2026-04-06 01:00:00+00:00,1,-1.823563707162636
stage36b_ny_late_continuation_h8_atr075,ny_late,continuation,8,2026-04-02 18:00:00+00:00,2026-04-06 01:00:00+00:00,-1,1.823563707162636
stage36b_london_open_continuation_h4_atr075,london_open,continuation,4,2026-04-06 08:00:00+00:00,2026-04-06 12:00:00+00:00,-1,-6.703469778758811
stage36b_london_open_reversal_h4_atr075,london_open,reversal,4,2026-04-06 08:00:00+00:00,2026-04-06 12:00:00+00:00,1,6.703469778758811
stage36b_ny_open_continuation_h4_atr075,ny_open,continuation,4,2026-04-06 13:00:00+00:00,2026-04-06 17:00:00+00:00,-1,1.2402693381509142
stage36b_ny_open_reversal_h4_atr075,ny_open,reversal,4,2026-04-06 13:00:00+00:00,2026-04-06 17:00:00+00:00,1,-1.2402693381509142
stage36b_ny_late_reversal_h8_atr075,ny_late,reversal,8,2026-04-06 18:00:00+00:00,2026-04-07 02:00:00+00:00,1,-1.9098635264047055
stage36b_ny_late_continuation_h8_atr075,ny_late,continuation,8,2026-04-06 18:00:00+00:00,2026-04-07 02:00:00+00:00,-1,1.9098635264047055
stage36b_london_open_continuation_h4_atr075,london_open,continuation,4,2026-04-07 08:00:00+00:00,2026-04-07 12:00:00+00:00,-1,-7.913640824337604
stage36b_london_open_reversal_h4_atr075,london_open,reversal,4,2026-04-07 08:00:00+00:00,2026-04-07 12:00:00+00:00,1,7.913640824337604
stage36b_ny_open_continuation_h4_atr075,ny_open,continuation,4,2026-04-07 13:00:00+00:00,2026-04-07 17:00:00+00:00,-1,4.030284710827094
stage36b_ny_open_reversal_h4_atr075,ny_open,reversal,4,2026-04-07 13:00:00+00:00,2026-04-07 17:00:00+00:00,1,-4.030284710827094
stage36b_ny_late_reversal_h8_atr075,ny_late,reversal,8,2026-04-07 18:00:00+00:00,2026-04-08 02:00:00+00:00,-1,-30.834246787428473
stage36b_ny_late_continuation_h8_atr075,ny_late,continuation,8,2026-04-07 18:00:00+00:00,2026-04-08 02:00:00+00:00,1,30.834246787428473
stage36b_london_open_continuation_h4_atr075,london_open,continuation,4,2026-04-08 08:00:00+00:00,2026-04-08 12:00:00+00:00,1,-5.252008525987862
stage36b_london_open_reversal_h4_atr075,london_open,reversal,4,2026-04-08 08:00:00+00:00,2026-04-08 12:00:00+00:00,-1,5.252008525987862
stage36b_ny_open_continuation_h4_atr075,ny_open,continuation,4,2026-04-08 13:00:00+00:00,2026-04-08 17:00:00+00:00,-1,7.094000433181746
stage36b_ny_open_reversal_h4_atr075,ny_open,reversal,4,2026-04-08 13:00:00+00:00,2026-04-08 17:00:00+00:00,1,-7.094000433181746
stage36b_ny_late_reversal_h8_atr075,ny_late,reversal,8,2026-04-08 18:00:00+00:00,2026-04-09 02:00:00+00:00,-1,7.554588033511382
stage36b_ny_late_continuation_h8_atr075,ny_late,continuation,8,2026-04-08 18:00:00+00:00,2026-04-09 02:00:00+00:00,1,-7.554588033511382
stage36b_london_open_continuation_h4_atr075,london_open,continuation,4,2026-04-09 08:00:00+00:00,2026-04-09 12:00:00+00:00,-1,-3.749876907927196
stage36b_london_open_reversal_h4_atr075,london_open,reversal,4,2026-04-09 08:00:00+00:00,2026-04-09 12:00:00+00:00,1,3.749876907927196
stage36b_ny_open_continuation_h4_atr075,ny_open,continuation,4,2026-04-09 13:00:00+00:00,2026-04-09 17:00:00+00:00,1,7.699075646104457
stage36b_ny_open_reversal_h4_atr075,ny_open,reversal,4,2026-04-09 13:00:00+00:00,2026-04-09 17:00:00+00:00,-1,-7.699075646104457
stage36b_ny_late_reversal_h8_atr075,ny_late,reversal,8,2026-04-09 18:00:00+00:00,2026-04-10 02:00:00+00:00,-1,7.086419753086377
stage36b_ny_late_continuation_h8_atr075,ny_late,continuation,8,2026-04-09 18:00:00+00:00,2026-04-10 02:00:00+00:00,1,-7.086419753086377
stage36b_london_open_continuation_h4_atr075,london_open,continuation,4,2026-04-10 08:00:00+00:00,2026-04-10 12:00:00+00:00,1,-4.714006050898901
stage36b_london_open_reversal_h4_atr075,london_open,reversal,4,2026-04-10 08:00:00+00:00,2026-04-10 12:00:00+00:00,-1,4.714006050898901
stage36b_ny_open_continuation_h4_atr075,ny_open,continuation,4,2026-04-10 13:00:00+00:00,2026-04-10 17:00:00+00:00,1,5.53966233986589
stage36b_ny_open_reversal_h4_atr075,ny_open,reversal,4,2026-04-10 13:00:00+00:00,2026-04-10 17:00:00+00:00,-1,-5.53966233986589
stage36b_ny_late_reversal_h8_atr075,ny_late,reversal,8,2026-04-10 18:00:00+00:00,2026-04-13 01:00:00+00:00,1,-27.567589450497138
stage36b_ny_late_continuation_h8_atr075,ny_late,continuation,8,2026-04-10 18:00:00+00:00,2026-04-13 01:00:00+00:00,-1,27.567589450497138
stage36b_london_open_continuation_h4_atr075,london_open,continuation,4,2026-04-13 08:00:00+00:00,2026-04-13 12:00:00+00:00,1,-2.761594806199739
stage36b_london_open_reversal_h4_atr075,london_open,reversal,4,2026-04-13 08:00:00+00:00,2026-04-13 12:00:00+00:00,-1,2.761594806199739
stage36b_ny_open_continuation_h4_atr075,ny_open,continuation,4,2026-04-13 13:00:00+00:00,2026-04-13 17:00:00+00:00,1,-0.7281947921068916
stage36b_ny_open_reversal_h4_atr075,ny_open,reversal,4,2026-04-13 13:00:00+00:00,2026-04-13 17:00:00+00:00,-1,0.7281947921068916
stage36b_ny_late_reversal_h8_atr075,ny_late,reversal,8,2026-04-13 18:00:00+00:00,2026-04-14 02:00:00+00:00,1,12.977246411934258
stage36b_ny_late_continuation_h8_atr075,ny_late,continuation,8,2026-04-13 18:00:00+00:00,2026-04-14 02:00:00+00:00,-1,-12.977246411934258
stage36b_london_open_continuation_h4_atr075,london_open,continuation,4,2026-04-14 08:00:00+00:00,2026-04-14 12:00:00+00:00,-1,-5.725279123366177
stage36b_london_open_reversal_h4_atr075,london_open,reversal,4,2026-04-14 08:00:00+00:00,2026-04-14 12:00:00+00:00,1,5.725279123366177
stage36b_ny_open_continuation_h4_atr075,ny_open,continuation,4,2026-04-14 13:00:00+00:00,2026-04-14 17:00:00+00:00,-1,-10.928189172371196
stage36b_ny_open_reversal_h4_atr075,ny_open,reversal,4,2026-04-14 13:00:00+00:00,2026-04-14 17:00:00+00:00,1,10.928189172371196
stage36b_ny_late_reversal_h8_atr075,ny_late,reversal,8,2026-04-14 18:00:00+00:00,2026-04-15 02:00:00+00:00,-1,-7.8542951383910244
stage36b_ny_late_continuation_h8_atr075,ny_late,continuation,8,2026-04-14 18:00:00+00:00,2026-04-15 02:00:00+00:00,1,7.8542951383910244
stage36b_london_open_continuation_h4_atr075,london_open,continuation,4,2026-04-15 08:00:00+00:00,2026-04-15 12:00:00+00:00,-1,6.656697310180368
stage36b_london_open_reversal_h4_atr075,london_open,reversal,4,2026-04-15 08:00:00+00:00,2026-04-15 12:00:00+00:00,1,-6.656697310180368
stage36b_ny_open_continuation_h4_atr075,ny_open,continuation,4,2026-04-15 13:00:00+00:00,2026-04-15 17:00:00+00:00,1,4.555822533843003
stage36b_ny_open_reversal_h4_atr075,ny_open,reversal,4,2026-04-15 13:00:00+00:00,2026-04-15 17:00:00+00:00,-1,-4.555822533843003
stage36b_ny_late_reversal_h8_atr075,ny_late,reversal,8,2026-04-15 18:00:00+00:00,2026-04-16 02:00:00+00:00,1,6.34574931419587
stage36b_ny_late_continuation_h8_atr075,ny_late,continuation,8,2026-04-15 18:00:00+00:00,2026-04-16 02:00:00+00:00,-1,-6.34574931419587
stage36b_london_open_continuation_h4_atr075,london_open,continuation,4,2026-04-16 08:00:00+00:00,2026-04-16 12:00:00+00:00,-1,2.6082790127582625
stage36b_london_open_reversal_h4_atr075,london_open,reversal,4,2026-04-16 08:00:00+00:00,2026-04-16 12:00:00+00:00,1,-2.6082790127582625
stage36b_ny_open_continuation_h4_atr075,ny_open,continuation,4,2026-04-16 13:00:00+00:00,2026-04-16 17:00:00+00:00,1,-9.047039636956528
stage36b_ny_open_reversal_h4_atr075,ny_open,reversal,4,2026-04-16 13:00:00+00:00,2026-04-16 17:00:00+00:00,-1,9.047039636956528
stage36b_ny_late_reversal_h8_atr075,ny_late,reversal,8,2026-04-16 18:00:00+00:00,2026-04-17 02:00:00+00:00,-1,4.954571860113986
stage36b_ny_late_continuation_h8_atr075,ny_late,continuation,8,2026-04-16 18:00:00+00:00,2026-04-17 02:00:00+00:00,1,-4.954571860113986
stage36b_london_open_continuation_h4_atr075,london_open,continuation,4,2026-04-17 08:00:00+00:00,2026-04-17 12:00:00+00:00,-1,1.66105755518819
stage36b_london_open_reversal_h4_atr075,london_open,reversal,4,2026-04-17 08:00:00+00:00,2026-04-17 12:00:00+00:00,1,-1.66105755518819
stage36b_ny_open_continuation_h4_atr075,ny_open,continuation,4,2026-04-17 13:00:00+00:00,2026-04-17 17:00:00+00:00,-1,-35.760725613488646
stage36b_ny_open_reversal_h4_atr075,ny_open,reversal,4,2026-04-17 13:00:00+00:00,2026-04-17 17:00:00+00:00,1,35.760725613488646
stage36b_ny_late_reversal_h8_atr075,ny_late,reversal,8,2026-04-17 18:00:00+00:00,2026-04-20 01:00:00+00:00,1,-21.962394073678983
stage36b_ny_late_continuation_h8_atr075,ny_late,continuation,8,2026-04-17 18:00:00+00:00,2026-04-20 01:00:00+00:00,-1,21.962394073678983
stage36b_london_open_continuation_h4_atr075,london_open,continuation,4,2026-04-20 08:00:00+00:00,2026-04-20 12:00:00+00:00,1,0.14063726259618842
stage36b_london_open_reversal_h4_atr075,london_open,reversal,4,2026-04-20 08:00:00+00:00,2026-04-20 12:00:00+00:00,-1,-0.14063726259618842
stage36b_ny_open_continuation_h4_atr075,ny_open,continuation,4,2026-04-20 13:00:00+00:00,2026-04-20 17:00:00+00:00,1,2.282272275800179
stage36b_ny_open_reversal_h4_atr075,ny_open,reversal,4,2026-04-20 13:00:00+00:00,2026-04-20 17:00:00+00:00,-1,-2.282272275800179
stage36b_ny_late_reversal_h8_atr075,ny_late,reversal,8,2026-04-20 18:00:00+00:00,2026-04-21 02:00:00+00:00,1,6.838559814169524
stage36b_ny_late_continuation_h8_atr075,ny_late,continuation,8,2026-04-20 18:00:00+00:00,2026-04-21 02:00:00+00:00,-1,-6.838559814169524
stage36b_london_open_continuation_h4_atr075,london_open,continuation,4,2026-04-21 08:00:00+00:00,2026-04-21 12:00:00+00:00,-1,0.12110679874093583
stage36b_london_open_reversal_h4_atr075,london_open,reversal,4,2026-04-21 08:00:00+00:00,2026-04-21 12:00:00+00:00,1,-0.12110679874093583
stage36b_ny_open_continuation_h4_atr075,ny_open,continuation,4,2026-04-21 13:00:00+00:00,2026-04-21 17:00:00+00:00,1,-20.28171431636559
stage36b_ny_open_reversal_h4_atr075,ny_open,reversal,4,2026-04-21 13:00:00+00:00,2026-04-21 17:00:00+00:00,-1,20.28171431636559
stage36b_ny_late_reversal_h8_atr075,ny_late,reversal,8,2026-04-21 18:00:00+00:00,2026-04-22 02:00:00+00:00,-1,0.9261939218524835
stage36b_ny_late_continuation_h8_atr075,ny_late,continuation,8,2026-04-21 18:00:00+00:00,2026-04-22 02:00:00+00:00,1,-0.9261939218524835
stage36b_london_open_continuation_h4_atr075,london_open,continuation,4,2026-04-22 08:00:00+00:00,2026-04-22 12:00:00+00:00,1,-2.777233016564775
stage36b_london_open_reversal_h4_atr075,london_open,reversal,4,2026-04-22 08:00:00+00:00,2026-04-22 12:00:00+00:00,-1,2.777233016564775
stage36b_ny_open_continuation_h4_atr075,ny_open,continuation,4,2026-04-22 13:00:00+00:00,2026-04-22 17:00:00+00:00,1,-8.639968513234548
stage36b_ny_open_reversal_h4_atr075,ny_open,reversal,4,2026-04-22 13:00:00+00:00,2026-04-22 17:00:00+00:00,-1,8.639968513234548
stage36b_ny_late_reversal_h8_atr075,ny_late,reversal,8,2026-04-22 18:00:00+00:00,2026-04-23 02:00:00+00:00,1,0.07501548868900308
stage36b_ny_late_continuation_h8_atr075,ny_late,continuation,8,2026-04-22 18:00:00+00:00,2026-04-23 02:00:00+00:00,-1,-0.07501548868900308
stage36b_london_open_continuation_h4_atr075,london_open,continuation,4,2026-04-23 08:00:00+00:00,2026-04-23 12:00:00+00:00,1,-4.711383245198996
stage36b_london_open_reversal_h4_atr075,london_open,reversal,4,2026-04-23 08:00:00+00:00,2026-04-23 12:00:00+00:00,-1,4.711383245198996
stage36b_ny_open_continuation_h4_atr075,ny_open,continuation,4,2026-04-23 13:00:00+00:00,2026-04-23 17:00:00+00:00,-1,-10.465242250978195
stage36b_ny_open_reversal_h4_atr075,ny_open,reversal,4,2026-04-23 13:00:00+00:00,2026-04-23 17:00:00+00:00,1,10.465242250978195
stage36b_ny_late_reversal_h8_atr075,ny_late,reversal,8,2026-04-23 18:00:00+00:00,2026-04-24 02:00:00+00:00,1,-7.396253864339047
stage36b_ny_late_continuation_h8_atr075,ny_late,continuation,8,2026-04-23 18:00:00+00:00,2026-04-24 02:00:00+00:00,-1,7.396253864339047
stage36b_london_open_continuation_h4_atr075,london_open,continuation,4,2026-04-24 08:00:00+00:00,2026-04-24 12:00:00+00:00,1,-1.100578779614867
stage36b_london_open_reversal_h4_atr075,london_open,reversal,4,2026-04-24 08:00:00+00:00,2026-04-24 12:00:00+00:00,-1,1.100578779614867
stage36b_ny_open_continuation_h4_atr075,ny_open,continuation,4,2026-04-24 13:00:00+00:00,2026-04-24 17:00:00+00:00,-1,-15.55780777583771
stage36b_ny_open_reversal_h4_atr075,ny_open,reversal,4,2026-04-24 13:00:00+00:00,2026-04-24 17:00:00+00:00,1,15.55780777583771
stage36b_ny_late_reversal_h8_atr075,ny_late,reversal,8,2026-04-24 18:00:00+00:00,2026-04-27 01:00:00+00:00,-1,10.62649290626515
stage36b_ny_late_continuation_h8_atr075,ny_late,continuation,8,2026-04-24 18:00:00+00:00,2026-04-27 01:00:00+00:00,1,-10.62649290626515
stage36b_london_open_continuation_h4_atr075,london_open,continuation,4,2026-04-27 08:00:00+00:00,2026-04-27 12:00:00+00:00,-1,2.1306532663315387
stage36b_london_open_reversal_h4_atr075,london_open,reversal,4,2026-04-27 08:00:00+00:00,2026-04-27 12:00:00+00:00,1,-2.1306532663315387
stage36b_ny_open_continuation_h4_atr075,ny_open,continuation,4,2026-04-27 13:00:00+00:00,2026-04-27 17:00:00+00:00,1,-11.667978264942901
stage36b_ny_open_reversal_h4_atr075,ny_open,reversal,4,2026-04-27 13:00:00+00:00,2026-04-27 17:00:00+00:00,-1,11.667978264942901
stage36b_ny_late_reversal_h8_atr075,ny_late,reversal,8,2026-04-27 18:00:00+00:00,2026-04-28 02:00:00+00:00,1,8.914998549463721
stage36b_ny_late_continuation_h8_atr075,ny_late,continuation,8,2026-04-27 18:00:00+00:00,2026-04-28 02:00:00+00:00,-1,-8.914998549463721
stage36b_london_open_continuation_h4_atr075,london_open,continuation,4,2026-04-28 08:00:00+00:00,2026-04-28 12:00:00+00:00,-1,11.379723742507124
stage36b_london_open_reversal_h4_atr075,london_open,reversal,4,2026-04-28 08:00:00+00:00,2026-04-28 12:00:00+00:00,1,-11.379723742507124
stage36b_ny_open_continuation_h4_atr075,ny_open,continuation,4,2026-04-28 13:00:00+00:00,2026-04-28 17:00:00+00:00,-1,9.596185367307413
stage36b_ny_open_reversal_h4_atr075,ny_open,reversal,4,2026-04-28 13:00:00+00:00,2026-04-28 17:00:00+00:00,1,-9.596185367307413
stage36b_ny_late_reversal_h8_atr075,ny_late,reversal,8,2026-04-28 18:00:00+00:00,2026-04-29 02:00:00+00:00,-1,-2.095906432748678
stage36b_ny_late_continuation_h8_atr075,ny_late,continuation,8,2026-04-28 18:00:00+00:00,2026-04-29 02:00:00+00:00,1,2.095906432748678
stage36b_london_open_continuation_h4_atr075,london_open,continuation,4,2026-04-29 08:00:00+00:00,2026-04-29 12:00:00+00:00,-1,14.971082768393693
stage36b_london_open_reversal_h4_atr075,london_open,reversal,4,2026-04-29 08:00:00+00:00,2026-04-29 12:00:00+00:00,1,-14.971082768393693
stage36b_ny_open_continuation_h4_atr075,ny_open,continuation,4,2026-04-29 13:00:00+00:00,2026-04-29 17:00:00+00:00,1,-9.899691156640193
stage36b_ny_open_reversal_h4_atr075,ny_open,reversal,4,2026-04-29 13:00:00+00:00,2026-04-29 17:00:00+00:00,-1,9.899691156640193
stage36b_ny_late_reversal_h8_atr075,ny_late,reversal,8,2026-04-29 18:00:00+00:00,2026-04-30 02:00:00+00:00,-1,-3.5651538158707665
stage36b_ny_late_continuation_h8_atr075,ny_late,continuation,8,2026-04-29 18:00:00+00:00,2026-04-30 02:00:00+00:00,1,3.5651538158707665
stage36b_london_open_continuation_h4_atr075,london_open,continuation,4,2026-04-30 08:00:00+00:00,2026-04-30 12:00:00+00:00,1,17.692949394442103
stage36b_london_open_reversal_h4_atr075,london_open,reversal,4,2026-04-30 08:00:00+00:00,2026-04-30 12:00:00+00:00,-1,-17.692949394442103
stage36b_ny_open_continuation_h4_atr075,ny_open,continuation,4,2026-04-30 13:00:00+00:00,2026-04-30 17:00:00+00:00,1,-5.142726733305986
stage36b_ny_open_reversal_h4_atr075,ny_open,reversal,4,2026-04-30 13:00:00+00:00,2026-04-30 17:00:00+00:00,-1,5.142726733305986
stage36b_ny_late_reversal_h8_atr075,ny_late,reversal,8,2026-04-30 18:00:00+00:00,2026-05-01 02:00:00+00:00,1,2.7506172839507013
stage36b_ny_late_continuation_h8_atr075,ny_late,continuation,8,2026-04-30 18:00:00+00:00,2026-05-01 02:00:00+00:00,-1,-2.7506172839507013
stage36b_london_open_continuation_h4_atr075,london_open,continuation,4,2026-05-01 08:00:00+00:00,2026-05-01 12:00:00+00:00,-1,18.266558529332073
stage36b_london_open_reversal_h4_atr075,london_open,reversal,4,2026-05-01 08:00:00+00:00,2026-05-01 12:00:00+00:00,1,-18.266558529332073
stage36b_ny_open_continuation_h4_atr075,ny_open,continuation,4,2026-05-01 13:00:00+00:00,2026-05-01 17:00:00+00:00,1,25.295001295001242
stage36b_ny_open_reversal_h4_atr075,ny_open,reversal,4,2026-05-01 13:00:00+00:00,2026-05-01 17:00:00+00:00,-1,-25.295001295001242
stage36b_ny_late_reversal_h8_atr075,ny_late,reversal,8,2026-05-01 18:00:00+00:00,2026-05-04 01:00:00+00:00,-1,5.95241679484252
stage36b_ny_late_continuation_h8_atr075,ny_late,continuation,8,2026-05-01 18:00:00+00:00,2026-05-04 01:00:00+00:00,1,-5.95241679484252
stage36b_london_open_continuation_h4_atr075,london_open,continuation,4,2026-05-04 08:00:00+00:00,2026-05-04 12:00:00+00:00,-1,7.699136366935329
stage36b_london_open_reversal_h4_atr075,london_open,reversal,4,2026-05-04 08:00:00+00:00,2026-05-04 12:00:00+00:00,1,-7.699136366935329
stage36b_ny_open_continuation_h4_atr075,ny_open,continuation,4,2026-05-04 13:00:00+00:00,2026-05-04 17:00:00+00:00,-1,0.3883022363370205
stage36b_ny_open_reversal_h4_atr075,ny_open,reversal,4,2026-05-04 13:00:00+00:00,2026-05-04 17:00:00+00:00,1,-0.3883022363370205
stage36b_ny_late_reversal_h8_atr075,ny_late,reversal,8,2026-05-04 18:00:00+00:00,2026-05-05 02:00:00+00:00,1,-0.5439681792012704
stage36b_ny_late_continuation_h8_atr075,ny_late,continuation,8,2026-05-04 18:00:00+00:00,2026-05-05 02:00:00+00:00,-1,0.5439681792012704
stage36b_london_open_continuation_h4_atr075,london_open,continuation,4,2026-05-05 08:00:00+00:00,2026-05-05 12:00:00+00:00,1,4.095704972736893
stage36b_london_open_reversal_h4_atr075,london_open,reversal,4,2026-05-05 08:00:00+00:00,2026-05-05 12:00:00+00:00,-1,-4.095704972736893
stage36b_ny_open_continuation_h4_atr075,ny_open,continuation,4,2026-05-05 13:00:00+00:00,2026-05-05 17:00:00+00:00,-1,-16.341246514432488
stage36b_ny_open_reversal_h4_atr075,ny_open,reversal,4,2026-05-05 13:00:00+00:00,2026-05-05 17:00:00+00:00,1,16.341246514432488
stage36b_ny_late_reversal_h8_atr075,ny_late,reversal,8,2026-05-05 18:00:00+00:00,2026-05-06 02:00:00+00:00,1,8.436798980604971
stage36b_ny_late_continuation_h8_atr075,ny_late,continuation,8,2026-05-05 18:00:00+00:00,2026-05-06 02:00:00+00:00,-1,-8.436798980604971
stage36b_london_open_continuation_h4_atr075,london_open,continuation,4,2026-05-06 08:00:00+00:00,2026-05-06 12:00:00+00:00,1,10.733608978145476
stage36b_london_open_reversal_h4_atr075,london_open,reversal,4,2026-05-06 08:00:00+00:00,2026-05-06 12:00:00+00:00,-1,-10.733608978145476
stage36b_ny_open_continuation_h4_atr075,ny_open,continuation,4,2026-05-06 13:00:00+00:00,2026-05-06 17:00:00+00:00,1,-3.5399209322970586
stage36b_ny_open_reversal_h4_atr075,ny_open,reversal,4,2026-05-06 13:00:00+00:00,2026-05-06 17:00:00+00:00,-1,3.5399209322970586
stage36b_ny_late_reversal_h8_atr075,ny_late,reversal,8,2026-05-06 18:00:00+00:00,2026-05-07 02:00:00+00:00,1,2.6405421899592443
stage36b_ny_late_continuation_h8_atr075,ny_late,continuation,8,2026-05-06 18:00:00+00:00,2026-05-07 02:00:00+00:00,-1,-2.6405421899592443
stage36b_london_open_continuation_h4_atr075,london_open,continuation,4,2026-05-07 08:00:00+00:00,2026-05-07 12:00:00+00:00,1,11.053205809422535
stage36b_london_open_reversal_h4_atr075,london_open,reversal,4,2026-05-07 08:00:00+00:00,2026-05-07 12:00:00+00:00,-1,-11.053205809422535
stage36b_ny_open_continuation_h4_atr075,ny_open,continuation,4,2026-05-07 13:00:00+00:00,2026-05-07 17:00:00+00:00,1,8.058344604450218
stage36b_ny_open_reversal_h4_atr075,ny_open,reversal,4,2026-05-07 13:00:00+00:00,2026-05-07 17:00:00+00:00,-1,-8.058344604450218
stage36b_ny_late_reversal_h8_atr075,ny_late,reversal,8,2026-05-07 18:00:00+00:00,2026-05-08 02:00:00+00:00,1,-6.328845369237161
stage36b_ny_late_continuation_h8_atr075,ny_late,continuation,8,2026-05-07 18:00:00+00:00,2026-05-08 02:00:00+00:00,-1,6.328845369237161
stage36b_london_open_continuation_h4_atr075,london_open,continuation,4,2026-05-08 08:00:00+00:00,2026-05-08 12:00:00+00:00,1,-3.707445342155044
stage36b_london_open_reversal_h4_atr075,london_open,reversal,4,2026-05-08 08:00:00+00:00,2026-05-08 12:00:00+00:00,-1,3.707445342155044
stage36b_ny_open_continuation_h4_atr075,ny_open,continuation,4,2026-05-08 13:00:00+00:00,2026-05-08 17:00:00+00:00,1,-1.0263905805927116
stage36b_ny_open_reversal_h4_atr075,ny_open,reversal,4,2026-05-08 13:00:00+00:00,2026-05-08 17:00:00+00:00,-1,1.0263905805927116
stage36b_ny_late_reversal_h8_atr075,ny_late,reversal,8,2026-05-08 18:00:00+00:00,2026-05-11 01:00:00+00:00,1,-3.6810565485791837
stage36b_ny_late_continuation_h8_atr075,ny_late,continuation,8,2026-05-08 18:00:00+00:00,2026-05-11 01:00:00+00:00,-1,3.6810565485791837
stage36b_london_open_continuation_h4_atr075,london_open,continuation,4,2026-05-11 08:00:00+00:00,2026-05-11 12:00:00+00:00,-1,-1.3203179175335031
stage36b_london_open_reversal_h4_atr075,london_open,reversal,4,2026-05-11 08:00:00+00:00,2026-05-11 12:00:00+00:00,1,1.3203179175335031
stage36b_ny_open_continuation_h4_atr075,ny_open,continuation,4,2026-05-11 13:00:00+00:00,2026-05-11 17:00:00+00:00,1,17.093233805107317
stage36b_ny_open_reversal_h4_atr075,ny_open,reversal,4,2026-05-11 13:00:00+00:00,2026-05-11 17:00:00+00:00,-1,-17.093233805107317
stage36b_ny_late_reversal_h8_atr075,ny_late,reversal,8,2026-05-11 18:00:00+00:00,2026-05-12 02:00:00+00:00,-1,-8.604995693367922
stage36b_ny_late_continuation_h8_atr075,ny_late,continuation,8,2026-05-11 18:00:00+00:00,2026-05-12 02:00:00+00:00,1,8.604995693367922
stage36b_london_open_continuation_h4_atr075,london_open,continuation,4,2026-05-12 08:00:00+00:00,2026-05-12 12:00:00+00:00,1,-4.058448563302875
stage36b_london_open_reversal_h4_atr075,london_open,reversal,4,2026-05-12 08:00:00+00:00,2026-05-12 12:00:00+00:00,-1,4.058448563302875
stage36b_ny_open_continuation_h4_atr075,ny_open,continuation,4,2026-05-12 13:00:00+00:00,2026-05-12 17:00:00+00:00,-1,5.734182590233378
stage36b_ny_open_reversal_h4_atr075,ny_open,reversal,4,2026-05-12 13:00:00+00:00,2026-05-12 17:00:00+00:00,1,-5.734182590233378
stage36b_ny_late_reversal_h8_atr075,ny_late,reversal,8,2026-05-12 18:00:00+00:00,2026-05-13 02:00:00+00:00,1,13.724259299438234
stage36b_ny_late_continuation_h8_atr075,ny_late,continuation,8,2026-05-12 18:00:00+00:00,2026-05-13 02:00:00+00:00,-1,-13.724259299438234
stage36b_london_open_continuation_h4_atr075,london_open,continuation,4,2026-05-13 08:00:00+00:00,2026-05-13 12:00:00+00:00,1,-1.2452583387836784
stage36b_london_open_reversal_h4_atr075,london_open,reversal,4,2026-05-13 08:00:00+00:00,2026-05-13 12:00:00+00:00,-1,1.2452583387836784
stage36b_ny_open_continuation_h4_atr075,ny_open,continuation,4,2026-05-13 13:00:00+00:00,2026-05-13 17:00:00+00:00,-1,5.682610187241629
stage36b_ny_open_reversal_h4_atr075,ny_open,reversal,4,2026-05-13 13:00:00+00:00,2026-05-13 17:00:00+00:00,1,-5.682610187241629
stage36b_ny_late_reversal_h8_atr075,ny_late,reversal,8,2026-05-13 18:00:00+00:00,2026-05-14 02:00:00+00:00,-1,-0.35664185205893434
stage36b_ny_late_continuation_h8_atr075,ny_late,continuation,8,2026-05-13 18:00:00+00:00,2026-05-14 02:00:00+00:00,1,0.35664185205893434
stage36b_london_open_continuation_h4_atr075,london_open,continuation,4,2026-05-14 08:00:00+00:00,2026-05-14 12:00:00+00:00,-1,-3.131519178410664
stage36b_london_open_reversal_h4_atr075,london_open,reversal,4,2026-05-14 08:00:00+00:00,2026-05-14 12:00:00+00:00,1,3.131519178410664
stage36b_ny_open_continuation_h4_atr075,ny_open,continuation,4,2026-05-14 13:00:00+00:00,2026-05-14 17:00:00+00:00,-1,5.2026679271045495
stage36b_ny_open_reversal_h4_atr075,ny_open,reversal,4,2026-05-14 13:00:00+00:00,2026-05-14 17:00:00+00:00,1,-5.2026679271045495
stage36b_ny_late_reversal_h8_atr075,ny_late,reversal,8,2026-05-14 18:00:00+00:00,2026-05-15 02:00:00+00:00,-1,8.608040372352924
stage36b_ny_late_continuation_h8_atr075,ny_late,continuation,8,2026-05-14 18:00:00+00:00,2026-05-15 02:00:00+00:00,1,-8.608040372352924
stage36b_london_open_continuation_h4_atr075,london_open,continuation,4,2026-05-15 08:00:00+00:00,2026-05-15 12:00:00+00:00,-1,3.4265665567328476
stage36b_london_open_reversal_h4_atr075,london_open,reversal,4,2026-05-15 08:00:00+00:00,2026-05-15 12:00:00+00:00,1,-3.4265665567328476
stage36b_ny_open_continuation_h4_atr075,ny_open,continuation,4,2026-05-15 13:00:00+00:00,2026-05-15 17:00:00+00:00,1,-0.76379755467875
stage36b_ny_open_reversal_h4_atr075,ny_open,reversal,4,2026-05-15 13:00:00+00:00,2026-05-15 17:00:00+00:00,-1,0.76379755467875
stage36b_ny_late_reversal_h8_atr075,ny_late,reversal,8,2026-05-15 18:00:00+00:00,2026-05-18 01:00:00+00:00,1,1.294763038882592
stage36b_ny_late_continuation_h8_atr075,ny_late,continuation,8,2026-05-15 18:00:00+00:00,2026-05-18 01:00:00+00:00,-1,-1.294763038882592
stage36b_london_open_continuation_h4_atr075,london_open,continuation,4,2026-05-18 08:00:00+00:00,2026-05-18 12:00:00+00:00,-1,-2.709275783357682
stage36b_london_open_reversal_h4_atr075,london_open,reversal,4,2026-05-18 08:00:00+00:00,2026-05-18 12:00:00+00:00,1,2.709275783357682
stage36b_ny_open_continuation_h4_atr075,ny_open,continuation,4,2026-05-18 13:00:00+00:00,2026-05-18 17:00:00+00:00,-1,-1.4573055028464013
stage36b_ny_open_reversal_h4_atr075,ny_open,reversal,4,2026-05-18 13:00:00+00:00,2026-05-18 17:00:00+00:00,1,1.4573055028464013
stage36b_ny_late_reversal_h8_atr075,ny_late,reversal,8,2026-05-18 18:00:00+00:00,2026-05-19 02:00:00+00:00,1,9.303289438031763
stage36b_ny_late_continuation_h8_atr075,ny_late,continuation,8,2026-05-18 18:00:00+00:00,2026-05-19 02:00:00+00:00,-1,-9.303289438031763
stage36b_london_open_continuation_h4_atr075,london_open,continuation,4,2026-05-19 08:00:00+00:00,2026-05-19 12:00:00+00:00,-1,-0.312063781069608
stage36b_london_open_reversal_h4_atr075,london_open,reversal,4,2026-05-19 08:00:00+00:00,2026-05-19 12:00:00+00:00,1,0.312063781069608
stage36b_ny_open_continuation_h4_atr075,ny_open,continuation,4,2026-05-19 13:00:00+00:00,2026-05-19 17:00:00+00:00,1,-15.650655021833959
stage36b_ny_open_reversal_h4_atr075,ny_open,reversal,4,2026-05-19 13:00:00+00:00,2026-05-19 17:00:00+00:00,-1,15.650655021833959
stage36b_ny_late_reversal_h8_atr075,ny_late,reversal,8,2026-05-19 18:00:00+00:00,2026-05-20 02:00:00+00:00,-1,4.725362006216812
stage36b_ny_late_continuation_h8_atr075,ny_late,continuation,8,2026-05-19 18:00:00+00:00,2026-05-20 02:00:00+00:00,1,-4.725362006216812
stage36b_london_open_continuation_h4_atr075,london_open,continuation,4,2026-05-20 08:00:00+00:00,2026-05-20 12:00:00+00:00,1,3.54695340501787
stage36b_london_open_reversal_h4_atr075,london_open,reversal,4,2026-05-20 08:00:00+00:00,2026-05-20 12:00:00+00:00,-1,-3.54695340501787
stage36b_ny_open_continuation_h4_atr075,ny_open,continuation,4,2026-05-20 13:00:00+00:00,2026-05-20 17:00:00+00:00,1,10.184839044652298
stage36b_ny_open_reversal_h4_atr075,ny_open,reversal,4,2026-05-20 13:00:00+00:00,2026-05-20 17:00:00+00:00,-1,-10.184839044652298
stage36b_ny_late_reversal_h8_atr075,ny_late,reversal,8,2026-05-20 18:00:00+00:00,2026-05-21 02:00:00+00:00,1,4.446086143603063
stage36b_ny_late_continuation_h8_atr075,ny_late,continuation,8,2026-05-20 18:00:00+00:00,2026-05-21 02:00:00+00:00,-1,-4.446086143603063
stage36b_london_open_continuation_h4_atr075,london_open,continuation,4,2026-05-21 08:00:00+00:00,2026-05-21 12:00:00+00:00,-1,-1.0561392337895528
stage36b_london_open_reversal_h4_atr075,london_open,reversal,4,2026-05-21 08:00:00+00:00,2026-05-21 12:00:00+00:00,1,1.0561392337895528
stage36b_ny_open_continuation_h4_atr075,ny_open,continuation,4,2026-05-21 13:00:00+00:00,2026-05-21 17:00:00+00:00,-1,0.7680815806244847
stage36b_ny_open_reversal_h4_atr075,ny_open,reversal,4,2026-05-21 13:00:00+00:00,2026-05-21 17:00:00+00:00,1,-0.7680815806244847
stage36b_ny_late_reversal_h8_atr075,ny_late,reversal,8,2026-05-21 18:00:00+00:00,2026-05-22 02:00:00+00:00,-1,-6.392796194764399
stage36b_ny_late_continuation_h8_atr075,ny_late,continuation,8,2026-05-21 18:00:00+00:00,2026-05-22 02:00:00+00:00,1,6.392796194764399
stage36b_london_open_continuation_h4_atr075,london_open,continuation,4,2026-05-22 08:00:00+00:00,2026-05-22 12:00:00+00:00,-1,-7.024881889763789
stage36b_london_open_reversal_h4_atr075,london_open,reversal,4,2026-05-22 08:00:00+00:00,2026-05-22 12:00:00+00:00,1,7.024881889763789
stage36b_ny_open_continuation_h4_atr075,ny_open,continuation,4,2026-05-22 13:00:00+00:00,2026-05-22 17:00:00+00:00,-1,4.985058664401819
stage36b_ny_open_reversal_h4_atr075,ny_open,reversal,4,2026-05-22 13:00:00+00:00,2026-05-22 17:00:00+00:00,1,-4.985058664401819
stage36b_ny_late_reversal_h8_atr075,ny_late,reversal,8,2026-05-22 18:00:00+00:00,2026-05-25 01:00:00+00:00,-1,-13.456528713506478
stage36b_ny_late_continuation_h8_atr075,ny_late,continuation,8,2026-05-22 18:00:00+00:00,2026-05-25 01:00:00+00:00,1,13.456528713506478
stage36b_london_open_continuation_h4_atr075,london_open,continuation,4,2026-05-25 08:00:00+00:00,2026-05-25 12:00:00+00:00,-1,-4.795014225714466
stage36b_london_open_reversal_h4_atr075,london_open,reversal,4,2026-05-25 08:00:00+00:00,2026-05-25 12:00:00+00:00,1,4.795014225714466
stage36b_ny_open_continuation_h4_atr075,ny_open,continuation,4,2026-05-25 13:00:00+00:00,2026-05-25 17:00:00+00:00,1,-0.7550049076799327
stage36b_ny_open_reversal_h4_atr075,ny_open,reversal,4,2026-05-25 13:00:00+00:00,2026-05-25 17:00:00+00:00,-1,0.7550049076799327
stage36b_ny_late_reversal_h8_atr075,ny_late,reversal,8,2026-05-25 18:00:00+00:00,2026-05-26 03:00:00+00:00,-1,10.54088550292606
stage36b_ny_late_continuation_h8_atr075,ny_late,continuation,8,2026-05-25 18:00:00+00:00,2026-05-26 03:00:00+00:00,1,-10.54088550292606
stage36b_london_open_continuation_h4_atr075,london_open,continuation,4,2026-05-26 08:00:00+00:00,2026-05-26 12:00:00+00:00,1,-1.616755276300796
stage36b_london_open_reversal_h4_atr075,london_open,reversal,4,2026-05-26 08:00:00+00:00,2026-05-26 12:00:00+00:00,-1,1.616755276300796
stage36b_ny_open_continuation_h4_atr075,ny_open,continuation,4,2026-05-26 13:00:00+00:00,2026-05-26 17:00:00+00:00,1,-5.926509617225981
stage36b_ny_open_reversal_h4_atr075,ny_open,reversal,4,2026-05-26 13:00:00+00:00,2026-05-26 17:00:00+00:00,-1,5.926509617225981
stage36b_ny_late_reversal_h8_atr075,ny_late,reversal,8,2026-05-26 18:00:00+00:00,2026-05-27 02:00:00+00:00,1,4.116051138343804
stage36b_ny_late_continuation_h8_atr075,ny_late,continuation,8,2026-05-26 18:00:00+00:00,2026-05-27 02:00:00+00:00,-1,-4.116051138343804
stage36b_london_open_continuation_h4_atr075,london_open,continuation,4,2026-05-27 08:00:00+00:00,2026-05-27 12:00:00+00:00,-1,2.361547398769414
stage36b_london_open_reversal_h4_atr075,london_open,reversal,4,2026-05-27 08:00:00+00:00,2026-05-27 12:00:00+00:00,1,-2.361547398769414
stage36b_ny_open_continuation_h4_atr075,ny_open,continuation,4,2026-05-27 13:00:00+00:00,2026-05-27 17:00:00+00:00,-1,3.1961141469338403
stage36b_ny_open_reversal_h4_atr075,ny_open,reversal,4,2026-05-27 13:00:00+00:00,2026-05-27 17:00:00+00:00,1,-3.1961141469338403
stage36b_ny_late_reversal_h8_atr075,ny_late,reversal,8,2026-05-27 18:00:00+00:00,2026-05-28 02:00:00+00:00,-1,-2.4334300351829063
stage36b_ny_late_continuation_h8_atr075,ny_late,continuation,8,2026-05-27 18:00:00+00:00,2026-05-28 02:00:00+00:00,1,2.4334300351829063
stage36b_london_open_continuation_h4_atr075,london_open,continuation,4,2026-05-28 08:00:00+00:00,2026-05-28 12:00:00+00:00,1,1.6254741516014801
stage36b_london_open_reversal_h4_atr075,london_open,reversal,4,2026-05-28 08:00:00+00:00,2026-05-28 12:00:00+00:00,-1,-1.6254741516014801
stage36b_ny_open_continuation_h4_atr075,ny_open,continuation,4,2026-05-28 13:00:00+00:00,2026-05-28 17:00:00+00:00,-1,-22.591318591318792
stage36b_ny_open_reversal_h4_atr075,ny_open,reversal,4,2026-05-28 13:00:00+00:00,2026-05-28 17:00:00+00:00,1,22.591318591318792
stage36b_ny_late_reversal_h8_atr075,ny_late,reversal,8,2026-05-28 18:00:00+00:00,2026-05-29 02:00:00+00:00,-1,-2.9673506804879
stage36b_ny_late_continuation_h8_atr075,ny_late,continuation,8,2026-05-28 18:00:00+00:00,2026-05-29 02:00:00+00:00,1,2.9673506804879
stage36b_london_open_continuation_h4_atr075,london_open,continuation,4,2026-05-29 08:00:00+00:00,2026-05-29 12:00:00+00:00,1,6.479058756519093
stage36b_london_open_reversal_h4_atr075,london_open,reversal,4,2026-05-29 08:00:00+00:00,2026-05-29 12:00:00+00:00,-1,-6.479058756519093
stage36b_ny_open_continuation_h4_atr075,ny_open,continuation,4,2026-05-29 13:00:00+00:00,2026-05-29 17:00:00+00:00,1,9.795493459352116
stage36b_ny_open_reversal_h4_atr075,ny_open,reversal,4,2026-05-29 13:00:00+00:00,2026-05-29 17:00:00+00:00,-1,-9.795493459352116
stage36b_ny_late_reversal_h8_atr075,ny_late,reversal,8,2026-05-29 18:00:00+00:00,2026-06-01 01:00:00+00:00,-1,9.629587265275003
stage36b_ny_late_continuation_h8_atr075,ny_late,continuation,8,2026-05-29 18:00:00+00:00,2026-06-01 01:00:00+00:00,1,-9.629587265275003
stage36b_london_open_continuation_h4_atr075,london_open,continuation,4,2026-06-01 08:00:00+00:00,2026-06-01 12:00:00+00:00,1,-8.17673166109804
stage36b_london_open_reversal_h4_atr075,london_open,reversal,4,2026-06-01 08:00:00+00:00,2026-06-01 12:00:00+00:00,-1,8.17673166109804
stage36b_ny_open_continuation_h4_atr075,ny_open,continuation,4,2026-06-01 13:00:00+00:00,2026-06-01 17:00:00+00:00,1,-16.478286270691594
stage36b_ny_open_reversal_h4_atr075,ny_open,reversal,4,2026-06-01 13:00:00+00:00,2026-06-01 17:00:00+00:00,-1,16.478286270691594
stage36b_ny_late_reversal_h8_atr075,ny_late,reversal,8,2026-06-01 18:00:00+00:00,2026-06-02 02:00:00+00:00,-1,-3.0087935923065054
stage36b_ny_late_continuation_h8_atr075,ny_late,continuation,8,2026-06-01 18:00:00+00:00,2026-06-02 02:00:00+00:00,1,3.0087935923065054
stage36b_london_open_continuation_h4_atr075,london_open,continuation,4,2026-06-02 08:00:00+00:00,2026-06-02 12:00:00+00:00,-1,-4.885156315480435
stage36b_london_open_reversal_h4_atr075,london_open,reversal,4,2026-06-02 08:00:00+00:00,2026-06-02 12:00:00+00:00,1,4.885156315480435
stage36b_ny_open_continuation_h4_atr075,ny_open,continuation,4,2026-06-02 13:00:00+00:00,2026-06-02 17:00:00+00:00,1,-10.608061457675005
stage36b_ny_open_reversal_h4_atr075,ny_open,reversal,4,2026-06-02 13:00:00+00:00,2026-06-02 17:00:00+00:00,-1,10.608061457675005
stage36b_ny_late_reversal_h8_atr075,ny_late,reversal,8,2026-06-02 18:00:00+00:00,2026-06-03 02:00:00+00:00,1,-9.912965455361025
stage36b_ny_late_continuation_h8_atr075,ny_late,continuation,8,2026-06-02 18:00:00+00:00,2026-06-03 02:00:00+00:00,-1,9.912965455361025
stage36b_london_open_continuation_h4_atr075,london_open,continuation,4,2026-06-03 08:00:00+00:00,2026-06-03 12:00:00+00:00,-1,4.600362944274793
stage36b_london_open_reversal_h4_atr075,london_open,reversal,4,2026-06-03 08:00:00+00:00,2026-06-03 12:00:00+00:00,1,-4.600362944274793
stage36b_ny_open_continuation_h4_atr075,ny_open,continuation,4,2026-06-03 13:00:00+00:00,2026-06-03 17:00:00+00:00,1,-0.48756985460452706
stage36b_ny_open_reversal_h4_atr075,ny_open,reversal,4,2026-06-03 13:00:00+00:00,2026-06-03 17:00:00+00:00,-1,0.48756985460452706
stage36b_ny_late_reversal_h8_atr075,ny_late,reversal,8,2026-06-03 18:00:00+00:00,2026-06-04 02:00:00+00:00,1,4.328460788839239
stage36b_ny_late_continuation_h8_atr075,ny_late,continuation,8,2026-06-03 18:00:00+00:00,2026-06-04 02:00:00+00:00,-1,-4.328460788839239
stage36b_london_open_continuation_h4_atr075,london_open,continuation,4,2026-06-04 08:00:00+00:00,2026-06-04 12:00:00+00:00,-1,-0.40120092259728635
stage36b_london_open_reversal_h4_atr075,london_open,reversal,4,2026-06-04 08:00:00+00:00,2026-06-04 12:00:00+00:00,1,0.40120092259728635
stage36b_ny_open_continuation_h4_atr075,ny_open,continuation,4,2026-06-04 13:00:00+00:00,2026-06-04 17:00:00+00:00,1,-2.246133672721446
stage36b_ny_open_reversal_h4_atr075,ny_open,reversal,4,2026-06-04 13:00:00+00:00,2026-06-04 17:00:00+00:00,-1,2.246133672721446
stage36b_ny_late_reversal_h8_atr075,ny_late,reversal,8,2026-06-04 18:00:00+00:00,2026-06-05 02:00:00+00:00,-1,4.159909271335428
stage36b_ny_late_continuation_h8_atr075,ny_late,continuation,8,2026-06-04 18:00:00+00:00,2026-06-05 02:00:00+00:00,1,-4.159909271335428
stage36b_london_open_continuation_h4_atr075,london_open,continuation,4,2026-06-05 08:00:00+00:00,2026-06-05 12:00:00+00:00,-1,-10.321592874756089
stage36b_london_open_reversal_h4_atr075,london_open,reversal,4,2026-06-05 08:00:00+00:00,2026-06-05 12:00:00+00:00,1,10.321592874756089
stage36b_ny_open_continuation_h4_atr075,ny_open,continuation,4,2026-06-05 13:00:00+00:00,2026-06-05 17:00:00+00:00,1,-35.713335626648174
stage36b_ny_open_reversal_h4_atr075,ny_open,reversal,4,2026-06-05 13:00:00+00:00,2026-06-05 17:00:00+00:00,-1,35.713335626648174
stage36b_ny_late_reversal_h8_atr075,ny_late,reversal,8,2026-06-05 18:00:00+00:00,2026-06-08 01:00:00+00:00,1,-4.106950139205396
stage36b_ny_late_continuation_h8_atr075,ny_late,continuation,8,2026-06-05 18:00:00+00:00,2026-06-08 01:00:00+00:00,-1,4.106950139205396
stage36b_london_open_continuation_h4_atr075,london_open,continuation,4,2026-06-08 08:00:00+00:00,2026-06-08 12:00:00+00:00,-1,-0.5057580059946284
stage36b_london_open_reversal_h4_atr075,london_open,reversal,4,2026-06-08 08:00:00+00:00,2026-06-08 12:00:00+00:00,1,0.5057580059946284
stage36b_ny_open_continuation_h4_atr075,ny_open,continuation,4,2026-06-08 13:00:00+00:00,2026-06-08 17:00:00+00:00,1,6.150918000777297
stage36b_ny_open_reversal_h4_atr075,ny_open,reversal,4,2026-06-08 13:00:00+00:00,2026-06-08 17:00:00+00:00,-1,-6.150918000777297
stage36b_ny_late_reversal_h8_atr075,ny_late,reversal,8,2026-06-08 18:00:00+00:00,2026-06-09 02:00:00+00:00,-1,5.627752336741696
stage36b_ny_late_continuation_h8_atr075,ny_late,continuation,8,2026-06-08 18:00:00+00:00,2026-06-09 02:00:00+00:00,1,-5.627752336741696
stage36b_london_open_continuation_h4_atr075,london_open,continuation,4,2026-06-09 08:00:00+00:00,2026-06-09 12:00:00+00:00,1,-4.493716401438498
stage36b_london_open_reversal_h4_atr075,london_open,reversal,4,2026-06-09 08:00:00+00:00,2026-06-09 12:00:00+00:00,-1,4.493716401438498
stage36b_ny_open_continuation_h4_atr075,ny_open,continuation,4,2026-06-09 13:00:00+00:00,2026-06-09 17:00:00+00:00,1,-13.812149742210059
stage36b_ny_open_reversal_h4_atr075,ny_open,reversal,4,2026-06-09 13:00:00+00:00,2026-06-09 17:00:00+00:00,-1,13.812149742210059
stage36b_ny_late_reversal_h8_atr075,ny_late,reversal,8,2026-06-09 18:00:00+00:00,2026-06-10 03:00:00+00:00,1,-14.535427327804191
stage36b_ny_late_continuation_h8_atr075,ny_late,continuation,8,2026-06-09 18:00:00+00:00,2026-06-10 03:00:00+00:00,-1,14.535427327804191
stage36b_london_open_continuation_h4_atr075,london_open,continuation,4,2026-06-10 08:00:00+00:00,2026-06-10 12:00:00+00:00,1,-7.744545454545482
stage36b_london_open_reversal_h4_atr075,london_open,reversal,4,2026-06-10 08:00:00+00:00,2026-06-10 12:00:00+00:00,-1,7.744545454545482
stage36b_ny_open_continuation_h4_atr075,ny_open,continuation,4,2026-06-10 13:00:00+00:00,2026-06-10 17:00:00+00:00,1,-11.361624067506314
stage36b_ny_open_reversal_h4_atr075,ny_open,reversal,4,2026-06-10 13:00:00+00:00,2026-06-10 17:00:00+00:00,-1,11.361624067506314
stage36b_ny_late_reversal_h8_atr075,ny_late,reversal,8,2026-06-10 18:00:00+00:00,2026-06-11 03:00:00+00:00,-1,9.489712333867582
stage36b_ny_late_continuation_h8_atr075,ny_late,continuation,8,2026-06-10 18:00:00+00:00,2026-06-11 03:00:00+00:00,1,-9.489712333867582
stage36b_london_open_continuation_h4_atr075,london_open,continuation,4,2026-06-11 08:00:00+00:00,2026-06-11 12:00:00+00:00,1,-0.4708599939941366
stage36b_london_open_reversal_h4_atr075,london_open,reversal,4,2026-06-11 08:00:00+00:00,2026-06-11 12:00:00+00:00,-1,0.4708599939941366
stage36b_ny_open_continuation_h4_atr075,ny_open,continuation,4,2026-06-11 13:00:00+00:00,2026-06-11 17:00:00+00:00,-1,3.0426787703459244
stage36b_ny_open_reversal_h4_atr075,ny_open,reversal,4,2026-06-11 13:00:00+00:00,2026-06-11 17:00:00+00:00,1,-3.0426787703459244
stage36b_ny_late_reversal_h8_atr075,ny_late,reversal,8,2026-06-11 18:00:00+00:00,2026-06-12 03:00:00+00:00,-1,-25.900944724398684
stage36b_ny_late_continuation_h8_atr075,ny_late,continuation,8,2026-06-11 18:00:00+00:00,2026-06-12 03:00:00+00:00,1,25.900944724398684
stage36b_london_open_continuation_h4_atr075,london_open,continuation,4,2026-06-12 08:00:00+00:00,2026-06-12 12:00:00+00:00,-1,-7.736784407522778
stage36b_london_open_reversal_h4_atr075,london_open,reversal,4,2026-06-12 08:00:00+00:00,2026-06-12 12:00:00+00:00,1,7.736784407522778
stage36b_ny_open_continuation_h4_atr075,ny_open,continuation,4,2026-06-12 13:00:00+00:00,2026-06-12 17:00:00+00:00,-1,1.629251488928842
stage36b_ny_open_reversal_h4_atr075,ny_open,reversal,4,2026-06-12 13:00:00+00:00,2026-06-12 17:00:00+00:00,1,-1.629251488928842
stage36b_ny_late_reversal_h8_atr075,ny_late,reversal,8,2026-06-12 18:00:00+00:00,2026-06-15 03:00:00+00:00,-1,-19.573711485504976
stage36b_ny_late_continuation_h8_atr075,ny_late,continuation,8,2026-06-12 18:00:00+00:00,2026-06-15 03:00:00+00:00,1,19.573711485504976
stage36b_london_open_continuation_h4_atr075,london_open,continuation,4,2026-06-15 08:00:00+00:00,2026-06-15 12:00:00+00:00,-1,-5.883068923749614
stage36b_london_open_reversal_h4_atr075,london_open,reversal,4,2026-06-15 08:00:00+00:00,2026-06-15 12:00:00+00:00,1,5.883068923749614
