timestamp,direction,entry_price,exit_ts,exit_price,exit_reason,gross,reason,horizon_min,tp_atr,sl_atr,net_x1,net_x4,net_x6,candidate,family
2022-05-13 12:00:00+00:00,-1,1821.92,2022-05-13 12:12:00+00:00,1823.66975,sl,-1.749749999999949,failed_asia_high_break,90,0.8,0.8,-2.099749999999949,-3.149749999999949,-3.8497499999999487,fail_asia_br_b0.15_r0.1_e12_tp0.8_sl0.8,failed_asia_breakout_reversal_v1
2022-05-17 12:00:00+00:00,-1,1827.87,2022-05-17 12:13:00+00:00,1829.47075,sl,-1.6007500000000618,failed_asia_high_break,90,0.8,0.8,-1.950750000000062,-3.0007500000000618,-3.7007500000000615,fail_asia_br_b0.15_r0.1_e12_tp0.8_sl0.8,failed_asia_breakout_reversal_v1
2022-05-30 12:00:00+00:00,-1,1858.51,2022-05-30 12:32:00+00:00,1857.00575,tp,1.5042499999999563,failed_asia_high_break,90,0.8,0.8,1.1542499999999563,0.10424999999995643,-0.5957500000000433,fail_asia_br_b0.15_r0.1_e12_tp0.8_sl0.8,failed_asia_breakout_reversal_v1
2022-06-06 12:00:00+00:00,-1,1851.71,2022-06-06 12:45:00+00:00,1852.7865,sl,-1.0764999999998963,failed_asia_high_break,90,0.8,0.8,-1.4264999999998964,-2.4764999999998962,-3.176499999999896,fail_asia_br_b0.15_r0.1_e12_tp0.8_sl0.8,failed_asia_breakout_reversal_v1
2022-06-08 12:00:00+00:00,1,1847.74,2022-06-08 12:31:00+00:00,1848.88975,tp,1.14975000000004,failed_asia_low_break,90,0.8,0.8,0.79975000000004,-0.2502499999999599,-0.9502499999999596,fail_asia_br_b0.15_r0.1_e12_tp0.8_sl0.8,failed_asia_breakout_reversal_v1
2022-06-10 12:00:00+00:00,1,1844.46,2022-06-10 12:27:00+00:00,1843.29575,sl,-1.1642500000000382,failed_asia_low_break,90,0.8,0.8,-1.5142500000000383,-2.564250000000038,-3.264250000000038,fail_asia_br_b0.15_r0.1_e12_tp0.8_sl0.8,failed_asia_breakout_reversal_v1
2022-06-14 12:00:00+00:00,-1,1824.1,2022-06-14 12:07:00+00:00,1822.4089999999999,tp,1.691000000000031,failed_asia_high_break,90,0.8,0.8,1.3410000000000308,0.291000000000031,-0.4089999999999687,fail_asia_br_b0.15_r0.1_e12_tp0.8_sl0.8,failed_asia_breakout_reversal_v1
2022-06-16 12:00:00+00:00,1,1833.25,2022-06-16 12:13:00+00:00,1835.0145,tp,1.7644999999999982,failed_asia_low_break,90,0.8,0.8,1.414499999999998,0.36449999999999827,-0.33550000000000146,fail_asia_br_b0.15_r0.1_e12_tp0.8_sl0.8,failed_asia_breakout_reversal_v1
2022-06-17 12:00:00+00:00,1,1849.82,2022-06-17 12:07:00+00:00,1851.4412499999999,tp,1.6212499999999181,failed_asia_low_break,90,0.8,0.8,1.271249999999918,0.22124999999991823,-0.4787500000000815,fail_asia_br_b0.15_r0.1_e12_tp0.8_sl0.8,failed_asia_breakout_reversal_v1
2022-06-20 12:00:00+00:00,-1,1840.55,2022-06-20 12:12:00+00:00,1842.3615,sl,-1.8115000000000236,failed_asia_high_break,90,0.8,0.8,-2.1615000000000237,-3.2115000000000236,-3.9115000000000233,fail_asia_br_b0.15_r0.1_e12_tp0.8_sl0.8,failed_asia_breakout_reversal_v1
2022-06-23 12:00:00+00:00,1,1832.89,2022-06-23 12:30:00+00:00,1831.383,sl,-1.5070000000000618,failed_asia_low_break,90,0.8,0.8,-1.857000000000062,-2.9070000000000618,-3.6070000000000615,fail_asia_br_b0.15_r0.1_e12_tp0.8_sl0.8,failed_asia_breakout_reversal_v1
2022-07-06 12:00:00+00:00,1,1765.57,2022-07-06 12:24:00+00:00,1767.387,tp,1.8170000000000073,failed_asia_low_break,90,0.8,0.8,1.4670000000000072,0.41700000000000736,-0.28299999999999237,fail_asia_br_b0.15_r0.1_e12_tp0.8_sl0.8,failed_asia_breakout_reversal_v1
2022-07-07 12:00:00+00:00,-1,1743.0,2022-07-07 12:11:00+00:00,1741.438,tp,1.5619999999998981,failed_asia_high_break,90,0.8,0.8,1.211999999999898,0.16199999999989823,-0.5380000000001015,fail_asia_br_b0.15_r0.1_e12_tp0.8_sl0.8,failed_asia_breakout_reversal_v1
2022-07-13 12:00:00+00:00,1,1727.03,2022-07-13 12:11:00+00:00,1728.456,tp,1.4259999999999309,failed_asia_low_break,90,0.8,0.8,1.0759999999999308,0.025999999999930967,-0.6740000000000688,fail_asia_br_b0.15_r0.1_e12_tp0.8_sl0.8,failed_asia_breakout_reversal_v1
2022-07-22 12:00:00+00:00,1,1718.25,2022-07-22 12:12:00+00:00,1719.5795,tp,1.3295000000000528,failed_asia_low_break,90,0.8,0.8,0.9795000000000528,-0.07049999999994716,-0.7704999999999469,fail_asia_br_b0.15_r0.1_e12_tp0.8_sl0.8,failed_asia_breakout_reversal_v1
2022-07-25 12:00:00+00:00,-1,1728.28,2022-07-25 12:06:00+00:00,1729.67175,sl,-1.3917500000000018,failed_asia_high_break,90,0.8,0.8,-1.741750000000002,-2.7917500000000017,-3.4917500000000015,fail_asia_br_b0.15_r0.1_e12_tp0.8_sl0.8,failed_asia_breakout_reversal_v1
2022-08-02 12:00:00+00:00,1,1773.04,2022-08-02 12:47:00+00:00,1774.59175,tp,1.5517500000000837,failed_asia_low_break,90,0.8,0.8,1.2017500000000836,0.15175000000008376,-0.548249999999916,fail_asia_br_b0.15_r0.1_e12_tp0.8_sl0.8,failed_asia_breakout_reversal_v1
2022-08-03 12:00:00+00:00,-1,1764.88,2022-08-03 12:13:00+00:00,1766.5130000000001,sl,-1.6330000000000382,failed_asia_high_break,90,0.8,0.8,-1.9830000000000383,-3.033000000000038,-3.733000000000038,fail_asia_br_b0.15_r0.1_e12_tp0.8_sl0.8,failed_asia_breakout_reversal_v1
2022-08-08 12:00:00+00:00,-1,1773.62,2022-08-08 12:16:00+00:00,1774.7857499999998,sl,-1.165749999999889,failed_asia_high_break,90,0.8,0.8,-1.5157499999998891,-2.565749999999889,-3.2657499999998887,fail_asia_br_b0.15_r0.1_e12_tp0.8_sl0.8,failed_asia_breakout_reversal_v1
2022-08-10 12:00:00+00:00,1,1792.19,2022-08-10 12:21:00+00:00,1793.22475,tp,1.034750000000031,failed_asia_low_break,90,0.8,0.8,0.684750000000031,-0.365249999999969,-1.0652499999999687,fail_asia_br_b0.15_r0.1_e12_tp0.8_sl0.8,failed_asia_breakout_reversal_v1
2022-08-11 12:00:00+00:00,1,1789.74,2022-08-11 12:40:00+00:00,1788.38925,sl,-1.3507500000000618,failed_asia_low_break,90,0.8,0.8,-1.700750000000062,-2.7507500000000618,-3.4507500000000615,fail_asia_br_b0.15_r0.1_e12_tp0.8_sl0.8,failed_asia_breakout_reversal_v1
2022-08-12 12:00:00+00:00,-1,1786.96,2022-08-12 12:29:00+00:00,1788.1490000000001,sl,-1.1890000000000782,failed_asia_high_break,90,0.8,0.8,-1.5390000000000783,-2.589000000000078,-3.289000000000078,fail_asia_br_b0.15_r0.1_e12_tp0.8_sl0.8,failed_asia_breakout_reversal_v1
2022-08-18 12:00:00+00:00,1,1765.97,2022-08-18 12:44:00+00:00,1767.0307500000001,tp,1.0607500000000982,failed_asia_low_break,90,0.8,0.8,0.7107500000000982,-0.3392499999999017,-1.0392499999999014,fail_asia_br_b0.15_r0.1_e12_tp0.8_sl0.8,failed_asia_breakout_reversal_v1
2022-08-19 12:00:00+00:00,1,1753.66,2022-08-19 13:02:00+00:00,1752.3890000000001,sl,-1.2709999999999582,failed_asia_low_break,90,0.8,0.8,-1.6209999999999583,-2.670999999999958,-3.370999999999958,fail_asia_br_b0.15_r0.1_e12_tp0.8_sl0.8,failed_asia_breakout_reversal_v1
2022-08-23 12:00:00+00:00,-1,1739.8,2022-08-23 12:14:00+00:00,1741.22125,sl,-1.4212500000001,failed_asia_high_break,90,0.8,0.8,-1.7712500000001001,-2.8212500000001,-3.5212500000000997,fail_asia_br_b0.15_r0.1_e12_tp0.8_sl0.8,failed_asia_breakout_reversal_v1
2022-08-30 12:00:00+00:00,1,1734.9,2022-08-30 12:03:00+00:00,1733.526,sl,-1.3740000000000236,failed_asia_low_break,90,0.8,0.8,-1.7240000000000237,-2.7740000000000236,-3.4740000000000233,fail_asia_br_b0.15_r0.1_e12_tp0.8_sl0.8,failed_asia_breakout_reversal_v1
2022-09-01 12:00:00+00:00,1,1702.59,2022-09-01 12:01:00+00:00,1703.96725,tp,1.3772500000000036,failed_asia_low_break,90,0.8,0.8,1.0272500000000035,-0.022749999999996273,-0.722749999999996,fail_asia_br_b0.15_r0.1_e12_tp0.8_sl0.8,failed_asia_breakout_reversal_v1
2022-09-05 12:00:00+00:00,-1,1711.79,2022-09-05 12:24:00+00:00,1710.49175,tp,1.2982500000000528,failed_asia_high_break,90,0.8,0.8,0.9482500000000528,-0.10174999999994716,-0.8017499999999469,fail_asia_br_b0.15_r0.1_e12_tp0.8_sl0.8,failed_asia_breakout_reversal_v1
2022-09-08 12:00:00+00:00,-1,1718.78,2022-09-08 12:10:00+00:00,1720.2515,sl,-1.4715000000001055,failed_asia_high_break,90,0.8,0.8,-1.8215000000001056,-2.8715000000001054,-3.571500000000105,fail_asia_br_b0.15_r0.1_e12_tp0.8_sl0.8,failed_asia_breakout_reversal_v1
2022-09-13 12:00:00+00:00,1,1725.0,2022-09-13 12:22:00+00:00,1726.3015,tp,1.3015000000000327,failed_asia_low_break,90,0.8,0.8,0.9515000000000328,-0.09849999999996717,-0.7984999999999669,fail_asia_br_b0.15_r0.1_e12_tp0.8_sl0.8,failed_asia_breakout_reversal_v1
2022-10-13 12:00:00+00:00,1,1674.88,2022-10-13 12:09:00+00:00,1676.057,tp,1.1769999999999072,failed_asia_low_break,90,0.8,0.8,0.8269999999999073,-0.22300000000009268,-0.9230000000000924,fail_asia_br_b0.15_r0.1_e12_tp0.8_sl0.8,failed_asia_breakout_reversal_v1
2022-10-14 12:00:00+00:00,-1,1659.9,2022-10-14 12:09:00+00:00,1658.0252500000001,tp,1.874749999999949,failed_asia_high_break,90,0.8,0.8,1.524749999999949,0.47474999999994916,-0.22525000000005058,fail_asia_br_b0.15_r0.1_e12_tp0.8_sl0.8,failed_asia_breakout_reversal_v1
2022-10-18 12:00:00+00:00,-1,1649.37,2022-10-18 12:04:00+00:00,1651.1205,sl,-1.7505000000001019,failed_asia_high_break,90,0.8,0.8,-2.100500000000102,-3.1505000000001018,-3.8505000000001015,fail_asia_br_b0.15_r0.1_e12_tp0.8_sl0.8,failed_asia_breakout_reversal_v1
2022-10-20 12:00:00+00:00,-1,1629.52,2022-10-20 12:06:00+00:00,1631.29475,sl,-1.77475000000004,failed_asia_high_break,90,0.8,0.8,-2.12475000000004,-3.17475000000004,-3.8747500000000397,fail_asia_br_b0.15_r0.1_e12_tp0.8_sl0.8,failed_asia_breakout_reversal_v1
2022-10-21 12:00:00+00:00,1,1620.98,2022-10-21 12:26:00+00:00,1622.711,tp,1.7309999999999945,failed_asia_low_break,90,0.8,0.8,1.3809999999999945,0.33099999999999463,-0.3690000000000051,fail_asia_br_b0.15_r0.1_e12_tp0.8_sl0.8,failed_asia_breakout_reversal_v1
2022-10-27 12:00:00+00:00,1,1663.0,2022-10-27 12:46:00+00:00,1661.2555,sl,-1.7445000000000164,failed_asia_low_break,90,0.8,0.8,-2.0945000000000165,-3.1445000000000163,-3.844500000000016,fail_asia_br_b0.15_r0.1_e12_tp0.8_sl0.8,failed_asia_breakout_reversal_v1
2022-11-07 12:00:00+00:00,1,1678.82,2022-11-07 12:55:00+00:00,1677.12025,sl,-1.6997499999999945,failed_asia_low_break,90,0.8,0.8,-2.0497499999999946,-3.0997499999999945,-3.799749999999994,fail_asia_br_b0.15_r0.1_e12_tp0.8_sl0.8,failed_asia_breakout_reversal_v1
2022-11-08 12:00:00+00:00,1,1671.13,2022-11-08 12:24:00+00:00,1669.7852500000001,sl,-1.3447499999999764,failed_asia_low_break,90,0.8,0.8,-1.6947499999999764,-2.7447499999999763,-3.444749999999976,fail_asia_br_b0.15_r0.1_e12_tp0.8_sl0.8,failed_asia_breakout_reversal_v1
2022-11-09 12:00:00+00:00,-1,1708.05,2022-11-09 12:05:00+00:00,1706.5294999999999,tp,1.5205000000000837,failed_asia_high_break,90,0.8,0.8,1.1705000000000836,0.12050000000008376,-0.579499999999916,fail_asia_br_b0.15_r0.1_e12_tp0.8_sl0.8,failed_asia_breakout_reversal_v1
2022-11-10 12:00:00+00:00,-1,1706.95,2022-11-10 12:16:00+00:00,1705.42775,tp,1.5222499999999854,failed_asia_high_break,90,0.8,0.8,1.1722499999999854,0.12224999999998554,-0.5777500000000142,fail_asia_br_b0.15_r0.1_e12_tp0.8_sl0.8,failed_asia_breakout_reversal_v1
2022-11-17 12:00:00+00:00,1,1765.58,2022-11-17 12:10:00+00:00,1764.11375,sl,-1.4662499999999454,failed_asia_low_break,90,0.8,0.8,-1.8162499999999455,-2.8662499999999453,-3.566249999999945,fail_asia_br_b0.15_r0.1_e12_tp0.8_sl0.8,failed_asia_breakout_reversal_v1
2022-11-18 12:00:00+00:00,-1,1763.94,2022-11-18 12:55:00+00:00,1765.425,sl,-1.4849999999999,failed_asia_high_break,90,0.8,0.8,-1.8349999999999,-2.8849999999999,-3.5849999999998996,fail_asia_br_b0.15_r0.1_e12_tp0.8_sl0.8,failed_asia_breakout_reversal_v1
2022-11-23 12:00:00+00:00,-1,1739.4,2022-11-23 12:06:00+00:00,1737.96675,tp,1.4332500000000437,failed_asia_high_break,90,0.8,0.8,1.0832500000000436,0.033250000000043745,-0.666749999999956,fail_asia_br_b0.15_r0.1_e12_tp0.8_sl0.8,failed_asia_breakout_reversal_v1
2022-11-24 12:00:00+00:00,-1,1756.1,2022-11-24 12:06:00+00:00,1757.2302499999998,sl,-1.1302499999999327,failed_asia_high_break,90,0.8,0.8,-1.4802499999999328,-2.5302499999999326,-3.2302499999999323,fail_asia_br_b0.15_r0.1_e12_tp0.8_sl0.8,failed_asia_breakout_reversal_v1
2022-12-01 12:00:00+00:00,-1,1778.13,2022-12-01 12:24:00+00:00,1779.7820000000002,sl,-1.6520000000000437,failed_asia_high_break,90,0.8,0.8,-2.0020000000000437,-3.0520000000000436,-3.7520000000000433,fail_asia_br_b0.15_r0.1_e12_tp0.8_sl0.8,failed_asia_breakout_reversal_v1
2022-12-07 12:00:00+00:00,-1,1772.42,2022-12-07 12:15:00+00:00,1773.86525,sl,-1.4452499999999873,failed_asia_high_break,90,0.8,0.8,-1.7952499999999874,-2.845249999999987,-3.545249999999987,fail_asia_br_b0.15_r0.1_e12_tp0.8_sl0.8,failed_asia_breakout_reversal_v1
2022-12-09 12:00:00+00:00,-1,1794.02,2022-12-09 13:24:00+00:00,1795.42875,sl,-1.4087500000000546,failed_asia_high_break,90,0.8,0.8,-1.7587500000000547,-2.8087500000000545,-3.508750000000054,fail_asia_br_b0.15_r0.1_e12_tp0.8_sl0.8,failed_asia_breakout_reversal_v1
2022-12-12 12:00:00+00:00,1,1792.19,2022-12-12 12:30:00+00:00,1790.8975,sl,-1.2925000000000182,failed_asia_low_break,90,0.8,0.8,-1.6425000000000183,-2.692500000000018,-3.392500000000018,fail_asia_br_b0.15_r0.1_e12_tp0.8_sl0.8,failed_asia_breakout_reversal_v1
2022-12-13 12:00:00+00:00,-1,1784.05,2022-12-13 12:10:00+00:00,1782.8685,tp,1.1814999999999145,failed_asia_high_break,90,0.8,0.8,0.8314999999999145,-0.2185000000000854,-0.9185000000000851,fail_asia_br_b0.15_r0.1_e12_tp0.8_sl0.8,failed_asia_breakout_reversal_v1
2022-12-29 12:00:00+00:00,-1,1808.67,2022-12-29 12:13:00+00:00,1807.5230000000001,tp,1.1469999999999345,failed_asia_high_break,90,0.8,0.8,0.7969999999999345,-0.2530000000000654,-0.9530000000000651,fail_asia_br_b0.15_r0.1_e12_tp0.8_sl0.8,failed_asia_breakout_reversal_v1
2022-12-30 12:00:00+00:00,-1,1814.86,2022-12-30 12:03:00+00:00,1816.06,sl,-1.2000000000000455,failed_asia_high_break,90,0.8,0.8,-1.5500000000000456,-2.6000000000000454,-3.300000000000045,fail_asia_br_b0.15_r0.1_e12_tp0.8_sl0.8,failed_asia_breakout_reversal_v1
2023-01-03 12:00:00+00:00,-1,1838.19,2023-01-03 12:31:00+00:00,1835.9437500000001,tp,2.246249999999918,failed_asia_high_break,90,0.8,0.8,1.896249999999918,0.8462499999999182,0.1462499999999185,fail_asia_br_b0.15_r0.1_e12_tp0.8_sl0.8,failed_asia_breakout_reversal_v1
2023-01-09 12:00:00+00:00,-1,1873.76,2023-01-09 12:46:00+00:00,1872.14425,tp,1.6157499999999345,failed_asia_high_break,90,0.8,0.8,1.2657499999999344,0.2157499999999346,-0.48425000000006513,fail_asia_br_b0.15_r0.1_e12_tp0.8_sl0.8,failed_asia_breakout_reversal_v1
2023-01-12 12:00:00+00:00,-1,1883.68,2023-01-12 12:16:00+00:00,1882.48875,tp,1.1912500000000819,failed_asia_high_break,90,0.8,0.8,0.8412500000000819,-0.20874999999991806,-0.9087499999999178,fail_asia_br_b0.15_r0.1_e12_tp0.8_sl0.8,failed_asia_breakout_reversal_v1
2023-01-16 12:00:00+00:00,1,1917.48,2023-01-16 12:30:00+00:00,1915.75775,sl,-1.722250000000031,failed_asia_low_break,90,0.8,0.8,-2.072250000000031,-3.122250000000031,-3.8222500000000306,fail_asia_br_b0.15_r0.1_e12_tp0.8_sl0.8,failed_asia_breakout_reversal_v1
2023-01-19 12:00:00+00:00,-1,1910.04,2023-01-19 12:17:00+00:00,1908.39125,tp,1.6487500000000637,failed_asia_high_break,90,0.8,0.8,1.2987500000000636,0.24875000000006375,-0.451249999999936,fail_asia_br_b0.15_r0.1_e12_tp0.8_sl0.8,failed_asia_breakout_reversal_v1
2023-01-23 12:00:00+00:00,1,1926.94,2023-01-23 12:10:00+00:00,1928.5887500000001,tp,1.6487500000000637,failed_asia_low_break,90,0.8,0.8,1.2987500000000636,0.24875000000006375,-0.451249999999936,fail_asia_br_b0.15_r0.1_e12_tp0.8_sl0.8,failed_asia_breakout_reversal_v1
2023-01-24 12:00:00+00:00,-1,1935.92,2023-01-24 12:17:00+00:00,1934.5410000000002,tp,1.3789999999999054,failed_asia_high_break,90,0.8,0.8,1.0289999999999053,-0.0210000000000945,-0.7210000000000942,fail_asia_br_b0.15_r0.1_e12_tp0.8_sl0.8,failed_asia_breakout_reversal_v1
2023-02-02 12:00:00+00:00,-1,1956.39,2023-02-02 12:24:00+00:00,1954.81525,tp,1.5747499999999945,failed_asia_high_break,90,0.8,0.8,1.2247499999999945,0.17474999999999463,-0.5252500000000051,fail_asia_br_b0.15_r0.1_e12_tp0.8_sl0.8,failed_asia_breakout_reversal_v1
2023-02-03 12:00:00+00:00,1,1913.23,2023-02-03 12:07:00+00:00,1911.62775,sl,-1.6022499999999127,failed_asia_low_break,90,0.8,0.8,-1.9522499999999128,-3.0022499999999126,-3.7022499999999123,fail_asia_br_b0.15_r0.1_e12_tp0.8_sl0.8,failed_asia_breakout_reversal_v1
2023-02-06 12:00:00+00:00,-1,1872.86,2023-02-06 13:10:00+00:00,1871.0375,tp,1.822499999999991,failed_asia_high_break,90,0.8,0.8,1.4724999999999908,0.422499999999991,-0.27750000000000874,fail_asia_br_b0.15_r0.1_e12_tp0.8_sl0.8,failed_asia_breakout_reversal_v1
2023-02-07 12:00:00+00:00,-1,1873.5,2023-02-07 12:05:00+00:00,1875.25,sl,-1.75,failed_asia_high_break,90,0.8,0.8,-2.1,-3.15,-3.8499999999999996,fail_asia_br_b0.15_r0.1_e12_tp0.8_sl0.8,failed_asia_breakout_reversal_v1
2023-02-16 12:00:00+00:00,-1,1835.7,2023-02-16 12:18:00+00:00,1837.2172500000001,sl,-1.5172500000001037,failed_asia_high_break,90,0.8,0.8,-1.8672500000001038,-2.9172500000001036,-3.6172500000001033,fail_asia_br_b0.15_r0.1_e12_tp0.8_sl0.8,failed_asia_breakout_reversal_v1
2023-02-20 12:00:00+00:00,-1,1843.45,2023-02-20 12:14:00+00:00,1844.778,sl,-1.3279999999999745,failed_asia_high_break,90,0.8,0.8,-1.6779999999999746,-2.7279999999999744,-3.427999999999974,fail_asia_br_b0.15_r0.1_e12_tp0.8_sl0.8,failed_asia_breakout_reversal_v1
2023-02-23 12:00:00+00:00,-1,1825.66,2023-02-23 12:22:00+00:00,1824.3567500000001,tp,1.3032499999999345,failed_asia_high_break,90,0.8,0.8,0.9532499999999345,-0.0967500000000654,-0.7967500000000651,fail_asia_br_b0.15_r0.1_e12_tp0.8_sl0.8,failed_asia_breakout_reversal_v1
2023-02-24 12:00:00+00:00,1,1821.27,2023-02-24 12:25:00+00:00,1822.65775,tp,1.3877500000000964,failed_asia_low_break,90,0.8,0.8,1.0377500000000963,-0.012249999999903505,-0.7122499999999032,fail_asia_br_b0.15_r0.1_e12_tp0.8_sl0.8,failed_asia_breakout_reversal_v1
2023-03-01 12:00:00+00:00,-1,1831.34,2023-03-01 12:11:00+00:00,1832.788,sl,-1.4480000000000928,failed_asia_high_break,90,0.8,0.8,-1.7980000000000929,-2.8480000000000927,-3.5480000000000924,fail_asia_br_b0.15_r0.1_e12_tp0.8_sl0.8,failed_asia_breakout_reversal_v1
2023-03-02 12:00:00+00:00,1,1831.44,2023-03-02 13:07:00+00:00,1832.7707500000001,tp,1.33075000000008,failed_asia_low_break,90,0.8,0.8,0.9807500000000801,-0.06924999999991988,-0.7692499999999196,fail_asia_br_b0.15_r0.1_e12_tp0.8_sl0.8,failed_asia_breakout_reversal_v1
2023-03-08 12:00:00+00:00,-1,1814.25,2023-03-08 12:12:00+00:00,1813.209,tp,1.04099999999994,failed_asia_high_break,90,0.8,0.8,0.69099999999994,-0.35900000000005994,-1.0590000000000597,fail_asia_br_b0.15_r0.1_e12_tp0.8_sl0.8,failed_asia_breakout_reversal_v1
2023-03-10 12:00:00+00:00,-1,1831.72,2023-03-10 12:10:00+00:00,1833.3120000000001,sl,-1.5920000000000982,failed_asia_high_break,90,0.8,0.8,-1.9420000000000983,-2.992000000000098,-3.692000000000098,fail_asia_br_b0.15_r0.1_e12_tp0.8_sl0.8,failed_asia_breakout_reversal_v1
2023-03-13 12:00:00+00:00,1,1887.71,2023-03-13 12:03:00+00:00,1885.01875,sl,-2.691250000000082,failed_asia_low_break,90,0.8,0.8,-3.041250000000082,-4.091250000000082,-4.7912500000000815,fail_asia_br_b0.15_r0.1_e12_tp0.8_sl0.8,failed_asia_breakout_reversal_v1
2023-03-20 12:00:00+00:00,-1,1983.55,2023-03-20 12:03:00+00:00,1987.3725,sl,-3.822499999999991,failed_asia_high_break,90,0.8,0.8,-4.1724999999999905,-5.222499999999991,-5.9224999999999905,fail_asia_br_b0.15_r0.1_e12_tp0.8_sl0.8,failed_asia_breakout_reversal_v1
2023-03-22 12:00:00+00:00,1,1944.13,2023-03-22 12:34:00+00:00,1942.1192500000002,sl,-2.0107499999999163,failed_asia_low_break,90,0.8,0.8,-2.3607499999999164,-3.4107499999999162,-4.110749999999916,fail_asia_br_b0.15_r0.1_e12_tp0.8_sl0.8,failed_asia_breakout_reversal_v1
2023-04-04 12:00:00+00:00,1,1980.28,2023-04-04 12:05:00+00:00,1981.768,tp,1.4880000000000564,failed_asia_low_break,90,0.8,0.8,1.1380000000000563,0.08800000000005648,-0.6119999999999433,fail_asia_br_b0.15_r0.1_e12_tp0.8_sl0.8,failed_asia_breakout_reversal_v1
2023-04-05 12:00:00+00:00,-1,2023.87,2023-04-05 12:15:00+00:00,2022.40475,tp,1.465249999999969,failed_asia_high_break,90,0.8,0.8,1.115249999999969,0.06524999999996917,-0.6347500000000306,fail_asia_br_b0.15_r0.1_e12_tp0.8_sl0.8,failed_asia_breakout_reversal_v1
2023-04-12 12:00:00+00:00,-1,2008.79,2023-04-12 12:17:00+00:00,2010.6825,sl,-1.8924999999999272,failed_asia_high_break,90,0.8,0.8,-2.2424999999999273,-3.292499999999927,-3.992499999999927,fail_asia_br_b0.15_r0.1_e12_tp0.8_sl0.8,failed_asia_breakout_reversal_v1
2023-04-20 12:00:00+00:00,-1,1996.69,2023-04-20 12:10:00+00:00,1994.988,tp,1.7019999999999982,failed_asia_high_break,90,0.8,0.8,1.351999999999998,0.30199999999999827,-0.39800000000000146,fail_asia_br_b0.15_r0.1_e12_tp0.8_sl0.8,failed_asia_breakout_reversal_v1
2023-04-24 12:00:00+00:00,1,1984.7,2023-04-24 12:27:00+00:00,1986.394,tp,1.69399999999996,failed_asia_low_break,90,0.8,0.8,1.34399999999996,0.29399999999996007,-0.40600000000003966,fail_asia_br_b0.15_r0.1_e12_tp0.8_sl0.8,failed_asia_breakout_reversal_v1
2023-04-25 12:00:00+00:00,1,1989.67,2023-04-25 12:46:00+00:00,1987.74775,sl,-1.9222500000000764,failed_asia_low_break,90,0.8,0.8,-2.2722500000000765,-3.3222500000000763,-4.022250000000076,fail_asia_br_b0.15_r0.1_e12_tp0.8_sl0.8,failed_asia_breakout_reversal_v1
2023-04-26 12:00:00+00:00,1,1997.68,2023-04-26 12:24:00+00:00,1999.2730000000001,tp,1.5930000000000746,failed_asia_low_break,90,0.8,0.8,1.2430000000000745,0.19300000000007467,-0.5069999999999251,fail_asia_br_b0.15_r0.1_e12_tp0.8_sl0.8,failed_asia_breakout_reversal_v1
2023-04-27 12:00:00+00:00,-1,1997.63,2023-04-27 12:12:00+00:00,1999.36075,sl,-1.7307499999999436,failed_asia_high_break,90,0.8,0.8,-2.0807499999999437,-3.1307499999999435,-3.8307499999999433,fail_asia_br_b0.15_r0.1_e12_tp0.8_sl0.8,failed_asia_breakout_reversal_v1
2023-05-04 12:00:00+00:00,1,2034.0,2023-05-04 12:32:00+00:00,2036.252,tp,2.2519999999999527,failed_asia_low_break,90,0.8,0.8,1.9019999999999526,0.8519999999999528,0.15199999999995306,fail_asia_br_b0.15_r0.1_e12_tp0.8_sl0.8,failed_asia_breakout_reversal_v1
2023-05-08 12:00:00+00:00,-1,2022.42,2023-05-08 12:30:00+00:00,2023.7275,sl,-1.3074999999998909,failed_asia_high_break,90,0.8,0.8,-1.657499999999891,-2.7074999999998908,-3.4074999999998905,fail_asia_br_b0.15_r0.1_e12_tp0.8_sl0.8,failed_asia_breakout_reversal_v1
2023-05-15 12:00:00+00:00,-1,2017.21,2023-05-15 12:12:00+00:00,2015.71575,tp,1.4942499999999654,failed_asia_high_break,90,0.8,0.8,1.1442499999999654,0.09424999999996553,-0.6057500000000342,fail_asia_br_b0.15_r0.1_e12_tp0.8_sl0.8,failed_asia_breakout_reversal_v1
2023-05-22 12:00:00+00:00,1,1981.02,2023-05-22 12:47:00+00:00,1979.41775,sl,-1.6022499999999127,failed_asia_low_break,90,0.8,0.8,-1.9522499999999128,-3.0022499999999126,-3.7022499999999123,fail_asia_br_b0.15_r0.1_e12_tp0.8_sl0.8,failed_asia_breakout_reversal_v1
2023-05-29 12:00:00+00:00,-1,1944.85,2023-05-29 12:43:00+00:00,1946.0672499999998,sl,-1.2172499999999218,failed_asia_high_break,90,0.8,0.8,-1.5672499999999219,-2.6172499999999217,-3.3172499999999214,fail_asia_br_b0.15_r0.1_e12_tp0.8_sl0.8,failed_asia_breakout_reversal_v1
2023-05-30 12:00:00+00:00,1,1944.29,2023-05-30 12:10:00+00:00,1942.4155,sl,-1.8744999999998981,failed_asia_low_break,90,0.8,0.8,-2.2244999999998982,-3.274499999999898,-3.974499999999898,fail_asia_br_b0.15_r0.1_e12_tp0.8_sl0.8,failed_asia_breakout_reversal_v1
2023-05-31 12:00:00+00:00,-1,1955.29,2023-05-31 12:20:00+00:00,1957.0025,sl,-1.712500000000091,failed_asia_high_break,90,0.8,0.8,-2.062500000000091,-3.112500000000091,-3.8125000000000906,fail_asia_br_b0.15_r0.1_e12_tp0.8_sl0.8,failed_asia_breakout_reversal_v1
2023-06-06 12:00:00+00:00,1,1960.51,2023-06-06 12:18:00+00:00,1961.9775,tp,1.4674999999999727,failed_asia_low_break,90,0.8,0.8,1.1174999999999726,0.0674999999999728,-0.6325000000000269,fail_asia_br_b0.15_r0.1_e12_tp0.8_sl0.8,failed_asia_breakout_reversal_v1
2023-06-19 12:00:00+00:00,1,1956.33,2023-06-19 12:15:00+00:00,1955.1957499999999,sl,-1.1342500000000655,failed_asia_low_break,90,0.8,0.8,-1.4842500000000656,-2.5342500000000654,-3.234250000000065,fail_asia_br_b0.15_r0.1_e12_tp0.8_sl0.8,failed_asia_breakout_reversal_v1
2023-06-20 12:00:00+00:00,-1,1953.79,2023-06-20 12:16:00+00:00,1952.3705,tp,1.419499999999971,failed_asia_high_break,90,0.8,0.8,1.0694999999999708,0.019499999999970985,-0.6805000000000287,fail_asia_br_b0.15_r0.1_e12_tp0.8_sl0.8,failed_asia_breakout_reversal_v1
2023-07-06 12:00:00+00:00,-1,1917.93,2023-07-06 12:27:00+00:00,1918.9350000000002,sl,-1.0050000000001091,failed_asia_high_break,90,0.8,0.8,-1.3550000000001092,-2.405000000000109,-3.105000000000109,fail_asia_br_b0.15_r0.1_e12_tp0.8_sl0.8,failed_asia_breakout_reversal_v1
2023-07-10 12:00:00+00:00,1,1924.6,2023-07-10 12:25:00+00:00,1925.75625,tp,1.15625,failed_asia_low_break,90,0.8,0.8,0.80625,-0.2437499999999999,-0.9437499999999996,fail_asia_br_b0.15_r0.1_e12_tp0.8_sl0.8,failed_asia_breakout_reversal_v1
2023-07-13 12:00:00+00:00,-1,1960.63,2023-07-13 13:10:00+00:00,1959.20925,tp,1.4207499999999982,failed_asia_high_break,90,0.8,0.8,1.070749999999998,0.02074999999999827,-0.6792500000000015,fail_asia_br_b0.15_r0.1_e12_tp0.8_sl0.8,failed_asia_breakout_reversal_v1
2023-07-25 12:00:00+00:00,-1,1962.91,2023-07-25 12:43:00+00:00,1961.6095,tp,1.3005000000000564,failed_asia_high_break,90,0.8,0.8,0.9505000000000564,-0.09949999999994352,-0.7994999999999433,fail_asia_br_b0.15_r0.1_e12_tp0.8_sl0.8,failed_asia_breakout_reversal_v1
2023-07-28 12:00:00+00:00,-1,1949.38,2023-07-28 12:32:00+00:00,1951.1057500000002,sl,-1.7257500000000618,failed_asia_high_break,90,0.8,0.8,-2.075750000000062,-3.1257500000000618,-3.8257500000000615,fail_asia_br_b0.15_r0.1_e12_tp0.8_sl0.8,failed_asia_breakout_reversal_v1
2023-08-03 12:00:00+00:00,1,1936.87,2023-08-03 12:50:00+00:00,1935.389,sl,-1.4809999999999945,failed_asia_low_break,90,0.8,0.8,-1.8309999999999946,-2.8809999999999945,-3.580999999999994,fail_asia_br_b0.15_r0.1_e12_tp0.8_sl0.8,failed_asia_breakout_reversal_v1
2023-08-08 12:00:00+00:00,1,1935.3,2023-08-08 12:03:00+00:00,1934.078,sl,-1.22199999999998,failed_asia_low_break,90,0.8,0.8,-1.57199999999998,-2.62199999999998,-3.3219999999999796,fail_asia_br_b0.15_r0.1_e12_tp0.8_sl0.8,failed_asia_breakout_reversal_v1
2023-08-09 12:00:00+00:00,-1,1928.02,2023-08-09 12:49:00+00:00,1926.91825,tp,1.1017500000000382,failed_asia_high_break,90,0.8,0.8,0.7517500000000382,-0.2982499999999617,-0.9982499999999614,fail_asia_br_b0.15_r0.1_e12_tp0.8_sl0.8,failed_asia_breakout_reversal_v1
2023-08-14 12:00:00+00:00,-1,1914.14,2023-08-14 12:32:00+00:00,1913.0675,tp,1.072499999999991,failed_asia_high_break,90,0.8,0.8,0.7224999999999909,-0.327500000000009,-1.0275000000000087,fail_asia_br_b0.15_r0.1_e12_tp0.8_sl0.8,failed_asia_breakout_reversal_v1
2023-08-15 12:00:00+00:00,1,1904.12,2023-08-15 12:21:00+00:00,1902.9854999999998,sl,-1.1345000000001164,failed_asia_low_break,90,0.8,0.8,-1.4845000000001165,-2.5345000000001163,-3.234500000000116,fail_asia_br_b0.15_r0.1_e12_tp0.8_sl0.8,failed_asia_breakout_reversal_v1
2023-08-17 12:00:00+00:00,-1,1893.66,2023-08-17 12:46:00+00:00,1894.69125,sl,-1.03125,failed_asia_high_break,90,0.8,0.8,-1.38125,-2.43125,-3.1312499999999996,fail_asia_br_b0.15_r0.1_e12_tp0.8_sl0.8,failed_asia_breakout_reversal_v1
2023-08-21 12:00:00+00:00,-1,1888.58,2023-08-21 12:21:00+00:00,1889.9254999999998,sl,-1.3454999999999018,failed_asia_high_break,90,0.8,0.8,-1.6954999999999019,-2.7454999999999017,-3.4454999999999014,fail_asia_br_b0.15_r0.1_e12_tp0.8_sl0.8,failed_asia_breakout_reversal_v1
2023-08-24 12:00:00+00:00,-1,1920.57,2023-08-24 12:56:00+00:00,1919.48775,tp,1.0822499999999309,failed_asia_high_break,90,0.8,0.8,0.7322499999999309,-0.31775000000006903,-1.0177500000000688,fail_asia_br_b0.15_r0.1_e12_tp0.8_sl0.8,failed_asia_breakout_reversal_v1
2023-08-25 12:00:00+00:00,1,1915.08,2023-08-25 12:08:00+00:00,1916.02,tp,0.9400000000000546,failed_asia_low_break,90,0.8,0.8,0.5900000000000546,-0.45999999999994534,-1.159999999999945,fail_asia_br_b0.15_r0.1_e12_tp0.8_sl0.8,failed_asia_breakout_reversal_v1
2023-08-30 12:00:00+00:00,1,1936.38,2023-08-30 12:21:00+00:00,1937.173,tp,0.7929999999998927,failed_asia_low_break,90,0.8,0.8,0.4429999999998927,-0.6070000000001072,-1.307000000000107,fail_asia_br_b0.15_r0.1_e12_tp0.8_sl0.8,failed_asia_breakout_reversal_v1
2023-09-01 12:00:00+00:00,1,1943.17,2023-09-01 12:27:00+00:00,1944.0297500000001,tp,0.8597500000000764,failed_asia_low_break,90,0.8,0.8,0.5097500000000764,-0.5402499999999235,-1.2402499999999232,fail_asia_br_b0.15_r0.1_e12_tp0.8_sl0.8,failed_asia_breakout_reversal_v1
2023-09-04 12:00:00+00:00,-1,1943.65,2023-09-04 12:24:00+00:00,1942.8477500000001,tp,0.8022499999999582,failed_asia_high_break,90,0.8,0.8,0.4522499999999582,-0.5977500000000417,-1.2977500000000415,fail_asia_br_b0.15_r0.1_e12_tp0.8_sl0.8,failed_asia_breakout_reversal_v1
2023-09-18 12:00:00+00:00,-1,1926.03,2023-09-18 13:01:00+00:00,1926.9645,sl,-0.9345000000000709,failed_asia_high_break,90,0.8,0.8,-1.284500000000071,-2.334500000000071,-3.0345000000000706,fail_asia_br_b0.15_r0.1_e12_tp0.8_sl0.8,failed_asia_breakout_reversal_v1
2023-09-20 12:00:00+00:00,1,1929.28,2023-09-20 12:03:00+00:00,1930.06725,tp,0.7872500000000855,failed_asia_low_break,90,0.8,0.8,0.4372500000000855,-0.6127499999999144,-1.3127499999999142,fail_asia_br_b0.15_r0.1_e12_tp0.8_sl0.8,failed_asia_breakout_reversal_v1
2023-09-26 12:00:00+00:00,1,1913.31,2023-09-26 12:16:00+00:00,1912.45175,sl,-0.8582499999999982,failed_asia_low_break,90,0.8,0.8,-1.2082499999999983,-2.258249999999998,-2.958249999999998,fail_asia_br_b0.15_r0.1_e12_tp0.8_sl0.8,failed_asia_breakout_reversal_v1
2023-09-28 12:00:00+00:00,-1,1874.15,2023-09-28 12:42:00+00:00,1875.14,sl,-0.9900000000000091,failed_asia_high_break,90,0.8,0.8,-1.3400000000000092,-2.390000000000009,-3.0900000000000087,fail_asia_br_b0.15_r0.1_e12_tp0.8_sl0.8,failed_asia_breakout_reversal_v1
2023-10-04 12:00:00+00:00,1,1823.01,2023-10-04 12:08:00+00:00,1824.32125,tp,1.3112499999999727,failed_asia_low_break,90,0.8,0.8,0.9612499999999727,-0.0887500000000272,-0.7887500000000269,fail_asia_br_b0.15_r0.1_e12_tp0.8_sl0.8,failed_asia_breakout_reversal_v1
2023-10-06 12:00:00+00:00,1,1821.67,2023-10-06 12:25:00+00:00,1820.82525,sl,-0.8447499999999764,failed_asia_low_break,90,0.8,0.8,-1.1947499999999764,-2.2447499999999763,-2.944749999999976,fail_asia_br_b0.15_r0.1_e12_tp0.8_sl0.8,failed_asia_breakout_reversal_v1
2023-10-24 12:00:00+00:00,1,1972.29,2023-10-24 12:15:00+00:00,1970.7465,sl,-1.5434999999999945,failed_asia_low_break,90,0.8,0.8,-1.8934999999999946,-2.9434999999999945,-3.643499999999994,fail_asia_br_b0.15_r0.1_e12_tp0.8_sl0.8,failed_asia_breakout_reversal_v1
2023-10-25 12:00:00+00:00,1,1970.83,2023-10-25 13:26:00+00:00,1972.395,tp,1.5650000000000546,failed_asia_low_break,90,0.8,0.8,1.2150000000000545,0.16500000000005466,-0.5349999999999451,fail_asia_br_b0.15_r0.1_e12_tp0.8_sl0.8,failed_asia_breakout_reversal_v1
2023-10-27 12:00:00+00:00,-1,1986.68,2023-10-27 12:53:00+00:00,1985.32075,tp,1.3592499999999745,failed_asia_high_break,90,0.8,0.8,1.0092499999999744,-0.04075000000002538,-0.7407500000000251,fail_asia_br_b0.15_r0.1_e12_tp0.8_sl0.8,failed_asia_breakout_reversal_v1
2023-11-28 12:00:00+00:00,1,2016.01,2023-11-28 12:26:00+00:00,2014.79825,sl,-1.2117499999999382,failed_asia_low_break,90,0.8,0.8,-1.5617499999999382,-2.611749999999938,-3.311749999999938,fail_asia_br_b0.15_r0.1_e12_tp0.8_sl0.8,failed_asia_breakout_reversal_v1
2023-12-06 12:00:00+00:00,-1,2021.33,2023-12-06 12:10:00+00:00,2023.08325,sl,-1.75324999999998,failed_asia_high_break,90,0.8,0.8,-2.10324999999998,-3.15324999999998,-3.8532499999999796,fail_asia_br_b0.15_r0.1_e12_tp0.8_sl0.8,failed_asia_breakout_reversal_v1
2023-12-08 12:00:00+00:00,1,2028.49,2023-12-08 12:06:00+00:00,2029.766,tp,1.2760000000000673,failed_asia_low_break,90,0.8,0.8,0.9260000000000673,-0.12399999999993261,-0.8239999999999323,fail_asia_br_b0.15_r0.1_e12_tp0.8_sl0.8,failed_asia_breakout_reversal_v1
2023-12-13 12:00:00+00:00,1,1982.66,2023-12-13 12:19:00+00:00,1981.42875,sl,-1.2312500000000455,failed_asia_low_break,90,0.8,0.8,-1.5812500000000456,-2.6312500000000454,-3.331250000000045,fail_asia_br_b0.15_r0.1_e12_tp0.8_sl0.8,failed_asia_breakout_reversal_v1
2023-12-14 12:00:00+00:00,-1,2036.42,2023-12-14 12:03:00+00:00,2034.37975,tp,2.0402500000000146,failed_asia_high_break,90,0.8,0.8,1.6902500000000145,0.6402500000000146,-0.05974999999998509,fail_asia_br_b0.15_r0.1_e12_tp0.8_sl0.8,failed_asia_breakout_reversal_v1
2023-12-18 12:00:00+00:00,-1,2023.88,2023-12-18 12:10:00+00:00,2022.4832500000002,tp,1.3967499999998836,failed_asia_high_break,90,0.8,0.8,1.0467499999998835,-0.0032500000001163265,-0.7032500000001161,fail_asia_br_b0.15_r0.1_e12_tp0.8_sl0.8,failed_asia_breakout_reversal_v1
2023-12-20 12:00:00+00:00,-1,2039.86,2023-12-20 12:12:00+00:00,2038.8985,tp,0.9614999999998872,failed_asia_high_break,90,0.8,0.8,0.6114999999998872,-0.4385000000001127,-1.1385000000001124,fail_asia_br_b0.15_r0.1_e12_tp0.8_sl0.8,failed_asia_breakout_reversal_v1
2023-12-21 12:00:00+00:00,-1,2035.29,2023-12-21 12:31:00+00:00,2034.26875,tp,1.021250000000009,failed_asia_high_break,90,0.8,0.8,0.6712500000000091,-0.3787499999999908,-1.0787499999999905,fail_asia_br_b0.15_r0.1_e12_tp0.8_sl0.8,failed_asia_breakout_reversal_v1
2023-12-28 12:00:00+00:00,1,2077.69,2023-12-28 12:42:00+00:00,2076.0815000000002,sl,-1.6084999999998217,failed_asia_low_break,90,0.8,0.8,-1.9584999999998218,-3.0084999999998217,-3.7084999999998214,fail_asia_br_b0.15_r0.1_e12_tp0.8_sl0.8,failed_asia_breakout_reversal_v1
2023-12-29 12:00:00+00:00,-1,2065.37,2023-12-29 12:19:00+00:00,2064.1547499999997,tp,1.2152500000001965,failed_asia_high_break,90,0.8,0.8,0.8652500000001965,-0.18474999999980346,-0.8847499999998032,fail_asia_br_b0.15_r0.1_e12_tp0.8_sl0.8,failed_asia_breakout_reversal_v1
2024-01-09 12:00:00+00:00,-1,2035.33,2024-01-09 12:16:00+00:00,2036.924,sl,-1.594000000000051,failed_asia_high_break,90,0.8,0.8,-1.944000000000051,-2.994000000000051,-3.6940000000000506,fail_asia_br_b0.15_r0.1_e12_tp0.8_sl0.8,failed_asia_breakout_reversal_v1
2024-01-11 12:00:00+00:00,-1,2031.03,2024-01-11 12:32:00+00:00,2032.2845,sl,-1.2545000000000073,failed_asia_high_break,90,0.8,0.8,-1.6045000000000074,-2.654500000000007,-3.354500000000007,fail_asia_br_b0.15_r0.1_e12_tp0.8_sl0.8,failed_asia_breakout_reversal_v1
2024-01-15 12:00:00+00:00,-1,2054.67,2024-01-15 12:16:00+00:00,2053.26575,tp,1.4042500000000473,failed_asia_high_break,90,0.8,0.8,1.0542500000000472,0.0042500000000473825,-0.6957499999999524,fail_asia_br_b0.15_r0.1_e12_tp0.8_sl0.8,failed_asia_breakout_reversal_v1
2024-01-17 12:00:00+00:00,1,2023.43,2024-01-17 12:24:00+00:00,2025.1045000000001,tp,1.67450000000008,failed_asia_low_break,90,0.8,0.8,1.32450000000008,0.2745000000000801,-0.4254999999999196,fail_asia_br_b0.15_r0.1_e12_tp0.8_sl0.8,failed_asia_breakout_reversal_v1
2024-01-18 12:00:00+00:00,-1,2009.54,2024-01-18 12:14:00+00:00,2010.9524999999999,sl,-1.412499999999909,failed_asia_high_break,90,0.8,0.8,-1.7624999999999091,-2.812499999999909,-3.5124999999999087,fail_asia_br_b0.15_r0.1_e12_tp0.8_sl0.8,failed_asia_breakout_reversal_v1
2024-01-26 12:00:00+00:00,1,2021.42,2024-01-26 12:18:00+00:00,2022.43975,tp,1.0197499999999309,failed_asia_low_break,90,0.8,0.8,0.6697499999999309,-0.38025000000006903,-1.0802500000000688,fail_asia_br_b0.15_r0.1_e12_tp0.8_sl0.8,failed_asia_breakout_reversal_v1
2024-01-31 12:00:00+00:00,-1,2038.51,2024-01-31 12:07:00+00:00,2037.5905,tp,0.9194999999999709,failed_asia_high_break,90,0.8,0.8,0.5694999999999709,-0.480500000000029,-1.1805000000000287,fail_asia_br_b0.15_r0.1_e12_tp0.8_sl0.8,failed_asia_breakout_reversal_v1
2024-02-08 12:00:00+00:00,1,2035.44,2024-02-08 12:23:00+00:00,2036.58725,tp,1.1472499999999854,failed_asia_low_break,90,0.8,0.8,0.7972499999999855,-0.25275000000001446,-0.9527500000000142,fail_asia_br_b0.15_r0.1_e12_tp0.8_sl0.8,failed_asia_breakout_reversal_v1
2024-02-14 12:00:00+00:00,1,1990.85,2024-02-14 12:38:00+00:00,1991.86925,tp,1.0192500000000564,failed_asia_low_break,90,0.8,0.8,0.6692500000000564,-0.3807499999999435,-1.0807499999999433,fail_asia_br_b0.15_r0.1_e12_tp0.8_sl0.8,failed_asia_breakout_reversal_v1
2024-02-16 12:00:00+00:00,-1,2005.09,2024-02-16 12:22:00+00:00,2005.8819999999998,sl,-0.7919999999999163,failed_asia_high_break,90,0.8,0.8,-1.1419999999999164,-2.1919999999999162,-2.891999999999916,fail_asia_br_b0.15_r0.1_e12_tp0.8_sl0.8,failed_asia_breakout_reversal_v1
2024-02-21 12:00:00+00:00,-1,2028.15,2024-02-21 12:36:00+00:00,2029.1077500000001,sl,-0.9577500000000327,failed_asia_high_break,90,0.8,0.8,-1.3077500000000328,-2.3577500000000327,-3.0577500000000324,fail_asia_br_b0.15_r0.1_e12_tp0.8_sl0.8,failed_asia_breakout_reversal_v1
2024-02-26 12:00:00+00:00,-1,2033.08,2024-02-26 12:05:00+00:00,2034.0085,sl,-0.9284999999999854,failed_asia_high_break,90,0.8,0.8,-1.2784999999999855,-2.3284999999999854,-3.028499999999985,fail_asia_br_b0.15_r0.1_e12_tp0.8_sl0.8,failed_asia_breakout_reversal_v1
2024-02-29 12:00:00+00:00,-1,2034.61,2024-02-29 12:15:00+00:00,2033.82875,tp,0.78125,failed_asia_high_break,90,0.8,0.8,0.43125,-0.6187499999999999,-1.3187499999999996,fail_asia_br_b0.15_r0.1_e12_tp0.8_sl0.8,failed_asia_breakout_reversal_v1
2024-03-04 12:00:00+00:00,-1,2085.33,2024-03-04 12:14:00+00:00,2084.299,tp,1.030999999999949,failed_asia_high_break,90,0.8,0.8,0.6809999999999491,-0.36900000000005084,-1.0690000000000506,fail_asia_br_b0.15_r0.1_e12_tp0.8_sl0.8,failed_asia_breakout_reversal_v1
2024-03-06 12:00:00+00:00,-1,2128.17,2024-03-06 12:10:00+00:00,2126.8645,tp,1.3054999999999382,failed_asia_high_break,90,0.8,0.8,0.9554999999999382,-0.09450000000006176,-0.7945000000000615,fail_asia_br_b0.15_r0.1_e12_tp0.8_sl0.8,failed_asia_breakout_reversal_v1
2024-03-11 12:00:00+00:00,1,2180.55,2024-03-11 12:24:00+00:00,2179.1462500000002,sl,-1.4037499999999454,failed_asia_low_break,90,0.8,0.8,-1.7537499999999455,-2.8037499999999453,-3.503749999999945,fail_asia_br_b0.15_r0.1_e12_tp0.8_sl0.8,failed_asia_breakout_reversal_v1
2024-03-25 12:00:00+00:00,1,2168.44,2024-03-25 12:18:00+00:00,2170.2435,tp,1.8034999999999854,failed_asia_low_break,90,0.8,0.8,1.4534999999999854,0.40349999999998554,-0.2965000000000142,fail_asia_br_b0.15_r0.1_e12_tp0.8_sl0.8,failed_asia_breakout_reversal_v1
2024-04-01 12:00:00+00:00,-1,2257.65,2024-04-01 12:24:00+00:00,2255.3852500000003,tp,2.2647499999998217,failed_asia_high_break,90,0.8,0.8,1.9147499999998217,0.8647499999998218,0.1647499999998221,fail_asia_br_b0.15_r0.1_e12_tp0.8_sl0.8,failed_asia_breakout_reversal_v1
2024-04-10 12:00:00+00:00,-1,2354.4,2024-04-10 12:22:00+00:00,2352.2635,tp,2.136500000000069,failed_asia_high_break,90,0.8,0.8,1.786500000000069,0.7365000000000692,0.03650000000006948,fail_asia_br_b0.15_r0.1_e12_tp0.8_sl0.8,failed_asia_breakout_reversal_v1
2024-04-15 12:00:00+00:00,1,2351.26,2024-04-15 12:16:00+00:00,2347.777,sl,-3.4830000000001746,failed_asia_low_break,90,0.8,0.8,-3.8330000000001747,-4.883000000000175,-5.583000000000174,fail_asia_br_b0.15_r0.1_e12_tp0.8_sl0.8,failed_asia_breakout_reversal_v1
2024-04-24 12:00:00+00:00,-1,2318.9,2024-04-24 12:18:00+00:00,2316.509,tp,2.3910000000000764,failed_asia_high_break,90,0.8,0.8,2.0410000000000763,0.9910000000000765,0.29100000000007675,fail_asia_br_b0.15_r0.1_e12_tp0.8_sl0.8,failed_asia_breakout_reversal_v1
2024-05-01 12:00:00+00:00,1,2285.91,2024-05-01 12:06:00+00:00,2287.60275,tp,1.69275000000016,failed_asia_low_break,90,0.8,0.8,1.34275000000016,0.29275000000016016,-0.4072499999998396,fail_asia_br_b0.15_r0.1_e12_tp0.8_sl0.8,failed_asia_breakout_reversal_v1
2024-05-20 12:00:00+00:00,-1,2439.29,2024-05-20 12:06:00+00:00,2443.213,sl,-3.923000000000229,failed_asia_high_break,90,0.8,0.8,-4.273000000000229,-5.3230000000002295,-6.023000000000229,fail_asia_br_b0.15_r0.1_e12_tp0.8_sl0.8,failed_asia_breakout_reversal_v1
2024-05-22 12:00:00+00:00,1,2417.05,2024-05-22 12:39:00+00:00,2414.59925,sl,-2.450749999999971,failed_asia_low_break,90,0.8,0.8,-2.800749999999971,-3.850749999999971,-4.5507499999999705,fail_asia_br_b0.15_r0.1_e12_tp0.8_sl0.8,failed_asia_breakout_reversal_v1
2024-05-30 12:00:00+00:00,1,2335.31,2024-05-30 12:09:00+00:00,2337.79375,tp,2.4837499999998727,failed_asia_low_break,90,0.8,0.8,2.1337499999998726,1.0837499999998728,0.383749999999873,fail_asia_br_b0.15_r0.1_e12_tp0.8_sl0.8,failed_asia_breakout_reversal_v1
2024-06-03 12:00:00+00:00,1,2325.75,2024-06-03 12:57:00+00:00,2328.06375,tp,2.3137499999998,failed_asia_low_break,90,0.8,0.8,1.9637499999997998,0.9137499999998,0.21374999999980027,fail_asia_br_b0.15_r0.1_e12_tp0.8_sl0.8,failed_asia_breakout_reversal_v1
2024-06-05 12:00:00+00:00,-1,2332.72,2024-06-05 13:08:00+00:00,2330.7102499999996,tp,2.0097500000001673,failed_asia_high_break,90,0.8,0.8,1.6597500000001673,0.6097500000001674,-0.0902499999998323,fail_asia_br_b0.15_r0.1_e12_tp0.8_sl0.8,failed_asia_breakout_reversal_v1
2024-06-10 12:00:00+00:00,1,2291.87,2024-06-10 12:07:00+00:00,2294.0505,tp,2.180499999999938,failed_asia_low_break,90,0.8,0.8,1.830499999999938,0.7804999999999382,0.08049999999993851,fail_asia_br_b0.15_r0.1_e12_tp0.8_sl0.8,failed_asia_breakout_reversal_v1
2024-06-11 12:00:00+00:00,1,2306.19,2024-06-11 12:11:00+00:00,2304.09325,sl,-2.0967500000001564,failed_asia_low_break,90,0.8,0.8,-2.4467500000001565,-3.4967500000001563,-4.196750000000156,fail_asia_br_b0.15_r0.1_e12_tp0.8_sl0.8,failed_asia_breakout_reversal_v1
2024-06-20 12:00:00+00:00,-1,2332.8,2024-06-20 12:39:00+00:00,2334.83525,sl,-2.0352499999999054,failed_asia_high_break,90,0.8,0.8,-2.3852499999999055,-3.4352499999999053,-4.135249999999905,fail_asia_br_b0.15_r0.1_e12_tp0.8_sl0.8,failed_asia_breakout_reversal_v1
2024-06-25 12:00:00+00:00,1,2329.52,2024-06-25 12:17:00+00:00,2331.40875,tp,1.8887500000000728,failed_asia_low_break,90,0.8,0.8,1.5387500000000727,0.48875000000007285,-0.21124999999992689,fail_asia_br_b0.15_r0.1_e12_tp0.8_sl0.8,failed_asia_breakout_reversal_v1
2024-06-26 12:00:00+00:00,1,2316.07,2024-06-26 13:12:00+00:00,2313.7225000000003,sl,-2.3474999999998545,failed_asia_low_break,90,0.8,0.8,-2.6974999999998546,-3.7474999999998544,-4.447499999999854,fail_asia_br_b0.15_r0.1_e12_tp0.8_sl0.8,failed_asia_breakout_reversal_v1
2024-06-28 12:00:00+00:00,-1,2328.01,2024-06-28 12:05:00+00:00,2329.6975,sl,-1.6875,failed_asia_high_break,90,0.8,0.8,-2.0375,-3.0875,-3.7874999999999996,fail_asia_br_b0.15_r0.1_e12_tp0.8_sl0.8,failed_asia_breakout_reversal_v1
2024-07-02 12:00:00+00:00,1,2331.05,2024-07-02 12:24:00+00:00,2329.3322500000004,sl,-1.7177499999997963,failed_asia_low_break,90,0.8,0.8,-2.0677499999997964,-3.117749999999796,-3.817749999999796,fail_asia_br_b0.15_r0.1_e12_tp0.8_sl0.8,failed_asia_breakout_reversal_v1
2024-07-04 12:00:00+00:00,1,2358.11,2024-07-04 12:16:00+00:00,2356.34325,sl,-1.7667500000002292,failed_asia_low_break,90,0.8,0.8,-2.1167500000002293,-3.166750000000229,-3.866750000000229,fail_asia_br_b0.15_r0.1_e12_tp0.8_sl0.8,failed_asia_breakout_reversal_v1
2024-07-09 12:00:00+00:00,-1,2361.87,2024-07-09 12:15:00+00:00,2363.5567499999997,sl,-1.6867499999998472,failed_asia_high_break,90,0.8,0.8,-2.0367499999998473,-3.086749999999847,-3.786749999999847,fail_asia_br_b0.15_r0.1_e12_tp0.8_sl0.8,failed_asia_breakout_reversal_v1
2024-07-12 12:00:00+00:00,1,2407.28,2024-07-12 12:24:00+00:00,2405.4635000000003,sl,-1.8164999999999054,failed_asia_low_break,90,0.8,0.8,-2.1664999999999055,-3.2164999999999053,-3.916499999999905,fail_asia_br_b0.15_r0.1_e12_tp0.8_sl0.8,failed_asia_breakout_reversal_v1
2024-07-15 12:00:00+00:00,1,2412.01,2024-07-15 12:19:00+00:00,2410.2297500000004,sl,-1.7802499999997963,failed_asia_low_break,90,0.8,0.8,-2.1302499999997964,-3.180249999999796,-3.880249999999796,fail_asia_br_b0.15_r0.1_e12_tp0.8_sl0.8,failed_asia_breakout_reversal_v1
2024-07-17 12:00:00+00:00,1,2474.89,2024-07-17 12:06:00+00:00,2471.656,sl,-3.2339999999999236,failed_asia_low_break,90,0.8,0.8,-3.5839999999999237,-4.633999999999924,-5.333999999999923,fail_asia_br_b0.15_r0.1_e12_tp0.8_sl0.8,failed_asia_breakout_reversal_v1
2024-07-18 12:00:00+00:00,-1,2465.97,2024-07-18 13:07:00+00:00,2463.8125,tp,2.1574999999998,failed_asia_high_break,90,0.8,0.8,1.8074999999997998,0.7574999999998,0.057499999999800266,fail_asia_br_b0.15_r0.1_e12_tp0.8_sl0.8,failed_asia_breakout_reversal_v1
2024-07-22 12:00:00+00:00,1,2401.51,2024-07-22 12:43:00+00:00,2403.85125,tp,2.3412499999999454,failed_asia_low_break,90,0.8,0.8,1.9912499999999453,0.9412499999999455,0.24124999999994579,fail_asia_br_b0.15_r0.1_e12_tp0.8_sl0.8,failed_asia_breakout_reversal_v1
2024-07-24 12:00:00+00:00,-1,2411.8,2024-07-24 12:51:00+00:00,2414.1557500000004,sl,-2.355750000000171,failed_asia_high_break,90,0.8,0.8,-2.705750000000171,-3.755750000000171,-4.455750000000171,fail_asia_br_b0.15_r0.1_e12_tp0.8_sl0.8,failed_asia_breakout_reversal_v1
2024-07-25 12:00:00+00:00,1,2374.08,2024-07-25 13:30:00+00:00,2373.91,horizon_close,-0.17000000000007276,failed_asia_low_break,90,0.8,0.8,-0.5200000000000727,-1.5700000000000727,-2.2700000000000724,fail_asia_br_b0.15_r0.1_e12_tp0.8_sl0.8,failed_asia_breakout_reversal_v1
2024-08-05 12:00:00+00:00,-1,2424.87,2024-08-05 12:17:00+00:00,2419.55725,tp,5.312750000000051,failed_asia_high_break,90,0.8,0.8,4.962750000000051,3.912750000000051,3.2127500000000513,fail_asia_br_b0.15_r0.1_e12_tp0.8_sl0.8,failed_asia_breakout_reversal_v1
2024-08-06 12:00:00+00:00,1,2410.17,2024-08-06 12:16:00+00:00,2413.762,tp,3.5920000000000982,failed_asia_low_break,90,0.8,0.8,3.242000000000098,2.1920000000000983,1.4920000000000986,fail_asia_br_b0.15_r0.1_e12_tp0.8_sl0.8,failed_asia_breakout_reversal_v1
2024-08-09 12:00:00+00:00,1,2424.98,2024-08-09 12:48:00+00:00,2422.7595,sl,-2.2204999999999018,failed_asia_low_break,90,0.8,0.8,-2.570499999999902,-3.6204999999999017,-4.320499999999901,fail_asia_br_b0.15_r0.1_e12_tp0.8_sl0.8,failed_asia_breakout_reversal_v1
2024-08-22 12:00:00+00:00,1,2503.52,2024-08-22 12:12:00+00:00,2501.27075,sl,-2.249249999999847,failed_asia_low_break,90,0.8,0.8,-2.5992499999998473,-3.649249999999847,-4.349249999999847,fail_asia_br_b0.15_r0.1_e12_tp0.8_sl0.8,failed_asia_breakout_reversal_v1
2024-08-27 12:00:00+00:00,1,2510.44,2024-08-27 12:09:00+00:00,2512.7365,tp,2.2964999999999236,failed_asia_low_break,90,0.8,0.8,1.9464999999999235,0.8964999999999237,0.19649999999992396,fail_asia_br_b0.15_r0.1_e12_tp0.8_sl0.8,failed_asia_breakout_reversal_v1
2024-09-06 12:00:00+00:00,-1,2517.54,2024-09-06 12:32:00+00:00,2518.95075,sl,-1.4107500000000073,failed_asia_high_break,90,0.8,0.8,-1.7607500000000074,-2.810750000000007,-3.510750000000007,fail_asia_br_b0.15_r0.1_e12_tp0.8_sl0.8,failed_asia_breakout_reversal_v1
2024-09-10 12:00:00+00:00,1,2501.68,2024-09-10 12:33:00+00:00,2503.16225,tp,1.4822500000000218,failed_asia_low_break,90,0.8,0.8,1.1322500000000217,0.08225000000002192,-0.6177499999999778,fail_asia_br_b0.15_r0.1_e12_tp0.8_sl0.8,failed_asia_breakout_reversal_v1
2024-09-13 12:00:00+00:00,-1,2569.78,2024-09-13 12:28:00+00:00,2572.068,sl,-2.288000000000011,failed_asia_high_break,90,0.8,0.8,-2.638000000000011,-3.688000000000011,-4.388000000000011,fail_asia_br_b0.15_r0.1_e12_tp0.8_sl0.8,failed_asia_breakout_reversal_v1
2024-09-16 12:00:00+00:00,-1,2586.63,2024-09-16 12:42:00+00:00,2584.7780000000002,tp,1.8519999999998618,failed_asia_high_break,90,0.8,0.8,1.5019999999998617,0.45199999999986185,-0.2480000000001379,fail_asia_br_b0.15_r0.1_e12_tp0.8_sl0.8,failed_asia_breakout_reversal_v1
2024-09-18 12:00:00+00:00,1,2570.32,2024-09-18 12:04:00+00:00,2568.5085000000004,sl,-1.8114999999997963,failed_asia_low_break,90,0.8,0.8,-2.1614999999997964,-3.211499999999796,-3.911499999999796,fail_asia_br_b0.15_r0.1_e12_tp0.8_sl0.8,failed_asia_breakout_reversal_v1
2024-09-23 12:00:00+00:00,1,2616.9,2024-09-23 12:28:00+00:00,2619.2345,tp,2.3344999999999345,failed_asia_low_break,90,0.8,0.8,1.9844999999999344,0.9344999999999346,0.23449999999993487,fail_asia_br_b0.15_r0.1_e12_tp0.8_sl0.8,failed_asia_breakout_reversal_v1
2024-10-04 12:00:00+00:00,-1,2658.66,2024-10-04 12:55:00+00:00,2657.0297499999997,tp,1.63025000000016,failed_asia_high_break,90,0.8,0.8,1.28025000000016,0.23025000000016016,-0.4697499999998396,fail_asia_br_b0.15_r0.1_e12_tp0.8_sl0.8,failed_asia_breakout_reversal_v1
2024-10-08 12:00:00+00:00,1,2637.64,2024-10-08 12:50:00+00:00,2640.8377499999997,tp,3.1977499999998145,failed_asia_low_break,90,0.8,0.8,2.8477499999998144,1.7977499999998146,1.0977499999998148,fail_asia_br_b0.15_r0.1_e12_tp0.8_sl0.8,failed_asia_breakout_reversal_v1
2024-10-09 12:00:00+00:00,1,2616.48,2024-10-09 13:30:00+00:00,2616.46,horizon_close,-0.01999999999998181,failed_asia_low_break,90,0.8,0.8,-0.3699999999999818,-1.4199999999999817,-2.1199999999999815,fail_asia_br_b0.15_r0.1_e12_tp0.8_sl0.8,failed_asia_breakout_reversal_v1
2024-10-10 12:00:00+00:00,-1,2614.27,2024-10-10 12:25:00+00:00,2616.2435,sl,-1.9735000000000582,failed_asia_high_break,90,0.8,0.8,-2.3235000000000583,-3.373500000000058,-4.073500000000058,fail_asia_br_b0.15_r0.1_e12_tp0.8_sl0.8,failed_asia_breakout_reversal_v1
2024-10-11 12:00:00+00:00,-1,2639.1,2024-10-11 12:05:00+00:00,2641.15325,sl,-2.0532499999999345,failed_asia_high_break,90,0.8,0.8,-2.4032499999999346,-3.4532499999999344,-4.153249999999934,fail_asia_br_b0.15_r0.1_e12_tp0.8_sl0.8,failed_asia_breakout_reversal_v1
2024-10-17 12:00:00+00:00,-1,2681.46,2024-10-17 12:11:00+00:00,2679.147,tp,2.313000000000102,failed_asia_high_break,90,0.8,0.8,1.9630000000001018,0.913000000000102,0.21300000000010222,fail_asia_br_b0.15_r0.1_e12_tp0.8_sl0.8,failed_asia_breakout_reversal_v1
2024-10-18 12:00:00+00:00,-1,2706.71,2024-10-18 12:14:00+00:00,2709.29,sl,-2.5799999999999272,failed_asia_high_break,90,0.8,0.8,-2.9299999999999273,-3.979999999999927,-4.679999999999927,fail_asia_br_b0.15_r0.1_e12_tp0.8_sl0.8,failed_asia_breakout_reversal_v1
2024-10-28 12:00:00+00:00,-1,2729.63,2024-10-28 12:41:00+00:00,2732.2915000000003,sl,-2.66150000000016,failed_asia_high_break,90,0.8,0.8,-3.01150000000016,-4.06150000000016,-4.76150000000016,fail_asia_br_b0.15_r0.1_e12_tp0.8_sl0.8,failed_asia_breakout_reversal_v1
2024-11-01 12:00:00+00:00,-1,2750.46,2024-11-01 12:26:00+00:00,2748.38675,tp,2.0732499999999163,failed_asia_high_break,90,0.8,0.8,1.7232499999999162,0.6732499999999164,-0.026750000000083318,fail_asia_br_b0.15_r0.1_e12_tp0.8_sl0.8,failed_asia_breakout_reversal_v1
2024-11-07 12:00:00+00:00,-1,2661.29,2024-11-07 12:12:00+00:00,2664.24575,sl,-2.95575000000008,failed_asia_high_break,90,0.8,0.8,-3.30575000000008,-4.35575000000008,-5.05575000000008,fail_asia_br_b0.15_r0.1_e12_tp0.8_sl0.8,failed_asia_breakout_reversal_v1
2024-11-11 12:00:00+00:00,1,2667.07,2024-11-11 12:04:00+00:00,2669.4790000000003,tp,2.4090000000001055,failed_asia_low_break,90,0.8,0.8,2.0590000000001054,1.0090000000001056,0.30900000000010586,fail_asia_br_b0.15_r0.1_e12_tp0.8_sl0.8,failed_asia_breakout_reversal_v1
2024-11-15 12:00:00+00:00,1,2564.08,2024-11-15 12:21:00+00:00,2566.431,tp,2.3510000000001128,failed_asia_low_break,90,0.8,0.8,2.0010000000001127,0.9510000000001129,0.25100000000011313,fail_asia_br_b0.15_r0.1_e12_tp0.8_sl0.8,failed_asia_breakout_reversal_v1
2024-11-25 12:00:00+00:00,1,2673.53,2024-11-25 12:29:00+00:00,2668.89975,sl,-4.63025000000016,failed_asia_low_break,90,0.8,0.8,-4.98025000000016,-6.03025000000016,-6.73025000000016,fail_asia_br_b0.15_r0.1_e12_tp0.8_sl0.8,failed_asia_breakout_reversal_v1
2024-12-02 12:00:00+00:00,1,2633.77,2024-12-02 12:11:00+00:00,2636.73875,tp,2.96875,failed_asia_low_break,90,0.8,0.8,2.61875,1.56875,0.8687500000000004,fail_asia_br_b0.15_r0.1_e12_tp0.8_sl0.8,failed_asia_breakout_reversal_v1
2024-12-03 12:00:00+00:00,-1,2643.1,2024-12-03 12:14:00+00:00,2645.36975,sl,-2.269749999999931,failed_asia_high_break,90,0.8,0.8,-2.619749999999931,-3.669749999999931,-4.3697499999999305,fail_asia_br_b0.15_r0.1_e12_tp0.8_sl0.8,failed_asia_breakout_reversal_v1
2024-12-06 12:00:00+00:00,-1,2640.54,2024-12-06 12:25:00+00:00,2637.7442499999997,tp,2.7957500000002256,failed_asia_high_break,90,0.8,0.8,2.4457500000002255,1.3957500000002256,0.6957500000002259,fail_asia_br_b0.15_r0.1_e12_tp0.8_sl0.8,failed_asia_breakout_reversal_v1
2024-12-11 12:00:00+00:00,1,2694.28,2024-12-11 12:12:00+00:00,2698.1355000000003,tp,3.85550000000012,failed_asia_low_break,90,0.8,0.8,3.50550000000012,2.45550000000012,1.7555000000001204,fail_asia_br_b0.15_r0.1_e12_tp0.8_sl0.8,failed_asia_breakout_reversal_v1
2024-12-18 12:00:00+00:00,1,2647.05,2024-12-18 12:12:00+00:00,2648.83925,tp,1.7892499999998108,failed_asia_low_break,90,0.8,0.8,1.4392499999998107,0.3892499999998109,-0.3107500000001888,fail_asia_br_b0.15_r0.1_e12_tp0.8_sl0.8,failed_asia_breakout_reversal_v1
2024-12-23 12:00:00+00:00,-1,2626.37,2024-12-23 12:16:00+00:00,2624.375,tp,1.9949999999998909,failed_asia_high_break,90,0.8,0.8,1.6449999999998908,0.594999999999891,-0.10500000000010878,fail_asia_br_b0.15_r0.1_e12_tp0.8_sl0.8,failed_asia_breakout_reversal_v1
2024-12-24 12:00:00+00:00,-1,2614.23,2024-12-24 12:08:00+00:00,2615.77725,sl,-1.5472500000000764,failed_asia_high_break,90,0.8,0.8,-1.8972500000000765,-2.9472500000000763,-3.647250000000076,fail_asia_br_b0.15_r0.1_e12_tp0.8_sl0.8,failed_asia_breakout_reversal_v1
2024-12-26 12:00:00+00:00,-1,2627.43,2024-12-26 12:38:00+00:00,2628.924,sl,-1.4940000000001419,failed_asia_high_break,90,0.8,0.8,-1.844000000000142,-2.894000000000142,-3.5940000000001415,fail_asia_br_b0.15_r0.1_e12_tp0.8_sl0.8,failed_asia_breakout_reversal_v1
2025-01-02 12:00:00+00:00,-1,2635.81,2025-01-02 12:03:00+00:00,2633.94875,tp,1.8612499999999272,failed_asia_high_break,90,0.8,0.8,1.5112499999999272,0.46124999999992733,-0.2387500000000724,fail_asia_br_b0.15_r0.1_e12_tp0.8_sl0.8,failed_asia_breakout_reversal_v1
2025-01-14 12:00:00+00:00,-1,2666.84,2025-01-14 12:21:00+00:00,2664.84875,tp,1.9912500000000364,failed_asia_high_break,90,0.8,0.8,1.6412500000000363,0.5912500000000365,-0.10874999999996326,fail_asia_br_b0.15_r0.1_e12_tp0.8_sl0.8,failed_asia_breakout_reversal_v1
2025-01-21 12:00:00+00:00,-1,2720.62,2025-01-21 12:25:00+00:00,2723.41275,sl,-2.792750000000069,failed_asia_high_break,90,0.8,0.8,-3.142750000000069,-4.1927500000000695,-4.892750000000069,fail_asia_br_b0.15_r0.1_e12_tp0.8_sl0.8,failed_asia_breakout_reversal_v1
2025-01-24 12:00:00+00:00,-1,2772.63,2025-01-24 12:51:00+00:00,2775.006,sl,-2.375999999999749,failed_asia_high_break,90,0.8,0.8,-2.725999999999749,-3.775999999999749,-4.475999999999749,fail_asia_br_b0.15_r0.1_e12_tp0.8_sl0.8,failed_asia_breakout_reversal_v1
2025-01-27 12:00:00+00:00,1,2765.1,2025-01-27 12:29:00+00:00,2767.8675,tp,2.7674999999999272,failed_asia_low_break,90,0.8,0.8,2.417499999999927,1.3674999999999273,0.6674999999999276,fail_asia_br_b0.15_r0.1_e12_tp0.8_sl0.8,failed_asia_breakout_reversal_v1
2025-01-28 12:00:00+00:00,1,2743.51,2025-01-28 12:50:00+00:00,2741.5552500000003,sl,-1.9547499999998763,failed_asia_low_break,90,0.8,0.8,-2.3047499999998764,-3.354749999999876,-4.054749999999876,fail_asia_br_b0.15_r0.1_e12_tp0.8_sl0.8,failed_asia_breakout_reversal_v1
2025-01-29 12:00:00+00:00,1,2763.03,2025-01-29 12:17:00+00:00,2761.53825,sl,-1.4917500000001382,failed_asia_low_break,90,0.8,0.8,-1.8417500000001383,-2.891750000000138,-3.591750000000138,fail_asia_br_b0.15_r0.1_e12_tp0.8_sl0.8,failed_asia_breakout_reversal_v1
2025-01-31 12:00:00+00:00,-1,2793.55,2025-01-31 12:33:00+00:00,2791.7275,tp,1.8225000000002183,failed_asia_high_break,90,0.8,0.8,1.4725000000002182,0.42250000000021837,-0.27749999999978137,fail_asia_br_b0.15_r0.1_e12_tp0.8_sl0.8,failed_asia_breakout_reversal_v1
2025-02-04 12:00:00+00:00,1,2819.74,2025-02-04 12:13:00+00:00,2816.95975,sl,-2.7802499999997963,failed_asia_low_break,90,0.8,0.8,-3.1302499999997964,-4.180249999999797,-4.880249999999796,fail_asia_br_b0.15_r0.1_e12_tp0.8_sl0.8,failed_asia_breakout_reversal_v1
2025-02-13 12:00:00+00:00,-1,2914.17,2025-02-13 12:09:00+00:00,2916.8717500000002,sl,-2.7017500000001746,failed_asia_high_break,90,0.8,0.8,-3.0517500000001747,-4.101750000000175,-4.801750000000174,fail_asia_br_b0.15_r0.1_e12_tp0.8_sl0.8,failed_asia_breakout_reversal_v1
2025-02-17 12:00:00+00:00,-1,2902.41,2025-02-17 12:26:00+00:00,2899.55525,tp,2.8547499999999673,failed_asia_high_break,90,0.8,0.8,2.504749999999967,1.4547499999999673,0.7547499999999676,fail_asia_br_b0.15_r0.1_e12_tp0.8_sl0.8,failed_asia_breakout_reversal_v1
2025-02-21 12:00:00+00:00,1,2930.03,2025-02-21 13:12:00+00:00,2933.2735000000002,tp,3.24350000000004,failed_asia_low_break,90,0.8,0.8,2.89350000000004,1.84350000000004,1.1435000000000404,fail_asia_br_b0.15_r0.1_e12_tp0.8_sl0.8,failed_asia_breakout_reversal_v1
2025-02-24 12:00:00+00:00,-1,2944.53,2025-02-24 12:30:00+00:00,2941.6575000000003,tp,2.8724999999999454,failed_asia_high_break,90,0.8,0.8,2.5224999999999453,1.4724999999999455,0.7724999999999458,fail_asia_br_b0.15_r0.1_e12_tp0.8_sl0.8,failed_asia_breakout_reversal_v1
2025-02-25 12:00:00+00:00,1,2938.62,2025-02-25 12:31:00+00:00,2941.2617499999997,tp,2.6417499999997744,failed_asia_low_break,90,0.8,0.8,2.2917499999997744,1.2417499999997745,0.5417499999997748,fail_asia_br_b0.15_r0.1_e12_tp0.8_sl0.8,failed_asia_breakout_reversal_v1
2025-02-26 12:00:00+00:00,1,2913.59,2025-02-26 12:08:00+00:00,2916.5575000000003,tp,2.9675000000002,failed_asia_low_break,90,0.8,0.8,2.6175000000002,1.5675000000002002,0.8675000000002004,fail_asia_br_b0.15_r0.1_e12_tp0.8_sl0.8,failed_asia_breakout_reversal_v1
2025-02-28 12:00:00+00:00,1,2862.13,2025-02-28 13:30:00+00:00,2861.87,horizon_close,-0.2600000000002183,failed_asia_low_break,90,0.8,0.8,-0.6100000000002183,-1.6600000000002182,-2.360000000000218,fail_asia_br_b0.15_r0.1_e12_tp0.8_sl0.8,failed_asia_breakout_reversal_v1
2025-03-10 12:00:00+00:00,1,2910.0,2025-03-10 12:04:00+00:00,2907.031,sl,-2.969000000000051,failed_asia_low_break,90,0.8,0.8,-3.319000000000051,-4.369000000000051,-5.069000000000051,fail_asia_br_b0.15_r0.1_e12_tp0.8_sl0.8,failed_asia_breakout_reversal_v1
2025-03-21 12:00:00+00:00,1,3030.34,2025-03-21 12:08:00+00:00,3032.7712500000002,tp,2.431250000000091,failed_asia_low_break,90,0.8,0.8,2.081250000000091,1.031250000000091,0.3312500000000913,fail_asia_br_b0.15_r0.1_e12_tp0.8_sl0.8,failed_asia_breakout_reversal_v1
2025-03-24 12:00:00+00:00,-1,3023.99,2025-03-24 12:11:00+00:00,3026.43475,sl,-2.4447500000001128,failed_asia_high_break,90,0.8,0.8,-2.794750000000113,-3.8447500000001127,-4.544750000000112,fail_asia_br_b0.15_r0.1_e12_tp0.8_sl0.8,failed_asia_breakout_reversal_v1
2025-03-28 12:00:00+00:00,-1,3072.94,2025-03-28 12:19:00+00:00,3070.0685,tp,2.8715000000001965,failed_asia_high_break,90,0.8,0.8,2.5215000000001964,1.4715000000001965,0.7715000000001968,fail_asia_br_b0.15_r0.1_e12_tp0.8_sl0.8,failed_asia_breakout_reversal_v1
2025-04-01 12:00:00+00:00,-1,3131.12,2025-04-01 13:14:00+00:00,3135.051,sl,-3.93100000000004,failed_asia_high_break,90,0.8,0.8,-4.28100000000004,-5.33100000000004,-6.03100000000004,fail_asia_br_b0.15_r0.1_e12_tp0.8_sl0.8,failed_asia_breakout_reversal_v1
2025-04-03 12:00:00+00:00,1,3128.29,2025-04-03 12:59:00+00:00,3123.298,sl,-4.992000000000189,failed_asia_low_break,90,0.8,0.8,-5.342000000000189,-6.3920000000001895,-7.092000000000189,fail_asia_br_b0.15_r0.1_e12_tp0.8_sl0.8,failed_asia_breakout_reversal_v1
2025-04-11 12:00:00+00:00,-1,3218.85,2025-04-11 12:49:00+00:00,3226.302,sl,-7.4520000000002256,failed_asia_high_break,90,0.8,0.8,-7.802000000000225,-8.852000000000226,-9.552000000000225,fail_asia_br_b0.15_r0.1_e12_tp0.8_sl0.8,failed_asia_breakout_reversal_v1
2025-04-17 12:00:00+00:00,1,3324.56,2025-04-17 13:26:00+00:00,3330.653,tp,6.092999999999847,failed_asia_low_break,90,0.8,0.8,5.742999999999848,4.692999999999847,3.9929999999998476,fail_asia_br_b0.15_r0.1_e12_tp0.8_sl0.8,failed_asia_breakout_reversal_v1
2025-04-22 12:00:00+00:00,-1,3448.43,2025-04-22 12:11:00+00:00,3456.48775,sl,-8.057749999999942,failed_asia_high_break,90,0.8,0.8,-8.407749999999941,-9.457749999999942,-10.157749999999941,fail_asia_br_b0.15_r0.1_e12_tp0.8_sl0.8,failed_asia_breakout_reversal_v1
2025-04-23 12:00:00+00:00,1,3321.25,2025-04-23 12:11:00+00:00,3330.6372499999998,tp,9.387249999999767,failed_asia_low_break,90,0.8,0.8,9.037249999999768,7.987249999999767,7.2872499999997675,fail_asia_br_b0.15_r0.1_e12_tp0.8_sl0.8,failed_asia_breakout_reversal_v1
2025-04-29 12:00:00+00:00,1,3313.89,2025-04-29 12:17:00+00:00,3308.7965,sl,-5.093499999999949,failed_asia_low_break,90,0.8,0.8,-5.443499999999949,-6.493499999999949,-7.193499999999949,fail_asia_br_b0.15_r0.1_e12_tp0.8_sl0.8,failed_asia_breakout_reversal_v1
2025-05-01 12:00:00+00:00,1,3234.84,2025-05-01 12:09:00+00:00,3229.3790000000004,sl,-5.460999999999785,failed_asia_low_break,90,0.8,0.8,-5.810999999999785,-6.860999999999786,-7.560999999999785,fail_asia_br_b0.15_r0.1_e12_tp0.8_sl0.8,failed_asia_breakout_reversal_v1
2025-05-14 12:00:00+00:00,1,3232.25,2025-05-14 13:30:00+00:00,3232.41,horizon_close,0.15999999999985448,failed_asia_low_break,90,0.8,0.8,-0.1900000000001455,-1.2400000000001454,-1.9400000000001452,fail_asia_br_b0.15_r0.1_e12_tp0.8_sl0.8,failed_asia_breakout_reversal_v1
2025-05-15 12:00:00+00:00,1,3162.96,2025-05-15 12:20:00+00:00,3169.7400000000002,tp,6.7800000000002,failed_asia_low_break,90,0.8,0.8,6.4300000000002004,5.3800000000002,4.6800000000002004,fail_asia_br_b0.15_r0.1_e12_tp0.8_sl0.8,failed_asia_breakout_reversal_v1
2025-05-21 12:00:00+00:00,-1,3307.83,2025-05-21 12:59:00+00:00,3313.0325,sl,-5.202499999999873,failed_asia_high_break,90,0.8,0.8,-5.552499999999872,-6.602499999999873,-7.302499999999872,fail_asia_br_b0.15_r0.1_e12_tp0.8_sl0.8,failed_asia_breakout_reversal_v1
2025-05-30 12:00:00+00:00,1,3296.05,2025-05-30 13:30:00+00:00,3296.36,horizon_close,0.30999999999994543,failed_asia_low_break,90,0.8,0.8,-0.04000000000005455,-1.0900000000000545,-1.7900000000000542,fail_asia_br_b0.15_r0.1_e12_tp0.8_sl0.8,failed_asia_breakout_reversal_v1
2025-06-03 12:00:00+00:00,1,3361.56,2025-06-03 12:30:00+00:00,3356.96975,sl,-4.590249999999742,failed_asia_low_break,90,0.8,0.8,-4.940249999999741,-5.990249999999742,-6.690249999999741,fail_asia_br_b0.15_r0.1_e12_tp0.8_sl0.8,failed_asia_breakout_reversal_v1
2025-06-05 12:00:00+00:00,1,3377.24,2025-06-05 12:20:00+00:00,3380.5339999999997,tp,3.293999999999869,failed_asia_low_break,90,0.8,0.8,2.943999999999869,1.8939999999998691,1.1939999999998694,fail_asia_br_b0.15_r0.1_e12_tp0.8_sl0.8,failed_asia_breakout_reversal_v1
2025-06-06 12:00:00+00:00,-1,3364.28,2025-06-06 12:08:00+00:00,3360.73,tp,3.550000000000182,failed_asia_high_break,90,0.8,0.8,3.200000000000182,2.150000000000182,1.4500000000001823,fail_asia_br_b0.15_r0.1_e12_tp0.8_sl0.8,failed_asia_breakout_reversal_v1
2025-06-09 12:00:00+00:00,-1,3319.78,2025-06-09 13:23:00+00:00,3316.2270000000003,tp,3.5529999999998836,failed_asia_high_break,90,0.8,0.8,3.2029999999998835,2.1529999999998837,1.452999999999884,fail_asia_br_b0.15_r0.1_e12_tp0.8_sl0.8,failed_asia_breakout_reversal_v1
2025-06-12 12:00:00+00:00,1,3357.57,2025-06-12 12:12:00+00:00,3361.8407500000003,tp,4.270750000000135,failed_asia_low_break,90,0.8,0.8,3.9207500000001345,2.8707500000001347,2.170750000000135,fail_asia_br_b0.15_r0.1_e12_tp0.8_sl0.8,failed_asia_breakout_reversal_v1
2025-06-18 12:00:00+00:00,-1,3383.04,2025-06-18 12:47:00+00:00,3379.431,tp,3.6089999999999236,failed_asia_high_break,90,0.8,0.8,3.2589999999999235,2.2089999999999237,1.508999999999924,fail_asia_br_b0.15_r0.1_e12_tp0.8_sl0.8,failed_asia_breakout_reversal_v1
2025-06-19 12:00:00+00:00,1,3368.34,2025-06-19 12:07:00+00:00,3364.05375,sl,-4.286250000000109,failed_asia_low_break,90,0.8,0.8,-4.636250000000109,-5.6862500000001095,-6.386250000000109,fail_asia_br_b0.15_r0.1_e12_tp0.8_sl0.8,failed_asia_breakout_reversal_v1
2025-06-20 12:00:00+00:00,1,3349.84,2025-06-20 12:10:00+00:00,3353.68175,tp,3.8417500000000473,failed_asia_low_break,90,0.8,0.8,3.491750000000047,2.4417500000000474,1.7417500000000476,fail_asia_br_b0.15_r0.1_e12_tp0.8_sl0.8,failed_asia_breakout_reversal_v1
2025-06-23 12:00:00+00:00,1,3362.2,2025-06-23 12:13:00+00:00,3365.86725,tp,3.6672499999999673,failed_asia_low_break,90,0.8,0.8,3.317249999999967,2.2672499999999673,1.5672499999999676,fail_asia_br_b0.15_r0.1_e12_tp0.8_sl0.8,failed_asia_breakout_reversal_v1
2025-06-25 12:00:00+00:00,-1,3325.78,2025-06-25 12:06:00+00:00,3322.97375,tp,2.806250000000091,failed_asia_high_break,90,0.8,0.8,2.456250000000091,1.406250000000091,0.7062500000000913,fail_asia_br_b0.15_r0.1_e12_tp0.8_sl0.8,failed_asia_breakout_reversal_v1
2025-07-02 12:00:00+00:00,1,3333.61,2025-07-02 12:14:00+00:00,3336.551,tp,2.9409999999998035,failed_asia_low_break,90,0.8,0.8,2.5909999999998035,1.5409999999998036,0.8409999999998039,fail_asia_br_b0.15_r0.1_e12_tp0.8_sl0.8,failed_asia_breakout_reversal_v1
2025-07-07 12:00:00+00:00,1,3309.58,2025-07-07 13:30:00+00:00,3307.8,horizon_close,-1.7799999999997453,failed_asia_low_break,90,0.8,0.8,-2.1299999999997454,-3.1799999999997453,-3.879999999999745,fail_asia_br_b0.15_r0.1_e12_tp0.8_sl0.8,failed_asia_breakout_reversal_v1
2025-07-11 12:00:00+00:00,-1,3332.67,2025-07-11 12:31:00+00:00,3335.81675,sl,-3.1467499999998836,failed_asia_high_break,90,0.8,0.8,-3.4967499999998837,-4.546749999999884,-5.246749999999883,fail_asia_br_b0.15_r0.1_e12_tp0.8_sl0.8,failed_asia_breakout_reversal_v1
2025-07-14 12:00:00+00:00,-1,3366.48,2025-07-14 12:59:00+00:00,3369.74375,sl,-3.2637500000000728,failed_asia_high_break,90,0.8,0.8,-3.613750000000073,-4.663750000000073,-5.363750000000072,fail_asia_br_b0.15_r0.1_e12_tp0.8_sl0.8,failed_asia_breakout_reversal_v1
2025-07-22 12:00:00+00:00,1,3389.63,2025-07-22 12:17:00+00:00,3387.324,sl,-2.30600000000004,failed_asia_low_break,90,0.8,0.8,-2.65600000000004,-3.70600000000004,-4.40600000000004,fail_asia_br_b0.15_r0.1_e12_tp0.8_sl0.8,failed_asia_breakout_reversal_v1
2025-07-23 12:00:00+00:00,1,3429.12,2025-07-23 12:19:00+00:00,3432.15075,tp,3.030749999999898,failed_asia_low_break,90,0.8,0.8,2.680749999999898,1.6307499999998982,0.9307499999998985,fail_asia_br_b0.15_r0.1_e12_tp0.8_sl0.8,failed_asia_breakout_reversal_v1
2025-07-28 12:00:00+00:00,-1,3337.17,2025-07-28 12:21:00+00:00,3340.196,sl,-3.02599999999984,failed_asia_high_break,90,0.8,0.8,-3.37599999999984,-4.42599999999984,-5.12599999999984,fail_asia_br_b0.15_r0.1_e12_tp0.8_sl0.8,failed_asia_breakout_reversal_v1
2025-08-01 12:00:00+00:00,-1,3293.05,2025-08-01 12:27:00+00:00,3296.068,sl,-3.018000000000029,failed_asia_high_break,90,0.8,0.8,-3.368000000000029,-4.4180000000000295,-5.118000000000029,fail_asia_br_b0.15_r0.1_e12_tp0.8_sl0.8,failed_asia_breakout_reversal_v1
2025-08-07 12:00:00+00:00,-1,3377.84,2025-08-07 12:33:00+00:00,3374.3337500000002,tp,3.506249999999909,failed_asia_high_break,90,0.8,0.8,3.156249999999909,2.106249999999909,1.4062499999999094,fail_asia_br_b0.15_r0.1_e12_tp0.8_sl0.8,failed_asia_breakout_reversal_v1
2025-08-12 12:00:00+00:00,-1,3347.37,2025-08-12 12:09:00+00:00,3350.6304999999998,sl,-3.2604999999998654,failed_asia_high_break,90,0.8,0.8,-3.6104999999998655,-4.660499999999866,-5.360499999999865,fail_asia_br_b0.15_r0.1_e12_tp0.8_sl0.8,failed_asia_breakout_reversal_v1
2025-08-15 12:00:00+00:00,-1,3340.79,2025-08-15 12:09:00+00:00,3338.3247499999998,tp,2.4652500000001965,failed_asia_high_break,90,0.8,0.8,2.1152500000001964,1.0652500000001965,0.3652500000001968,fail_asia_br_b0.15_r0.1_e12_tp0.8_sl0.8,failed_asia_breakout_reversal_v1
2025-08-18 12:00:00+00:00,-1,3348.25,2025-08-18 12:39:00+00:00,3350.94075,sl,-2.6907500000002074,failed_asia_high_break,90,0.8,0.8,-3.0407500000002075,-4.090750000000208,-4.790750000000207,fail_asia_br_b0.15_r0.1_e12_tp0.8_sl0.8,failed_asia_breakout_reversal_v1
2025-08-27 12:00:00+00:00,1,3384.3,2025-08-27 12:31:00+00:00,3382.13475,sl,-2.1652500000000146,failed_asia_low_break,90,0.8,0.8,-2.5152500000000146,-3.5652500000000145,-4.265250000000014,fail_asia_br_b0.15_r0.1_e12_tp0.8_sl0.8,failed_asia_breakout_reversal_v1
2025-08-29 12:00:00+00:00,1,3409.96,2025-08-29 12:31:00+00:00,3408.056,sl,-1.9039999999999964,failed_asia_low_break,90,0.8,0.8,-2.2539999999999965,-3.3039999999999963,-4.003999999999996,fail_asia_br_b0.15_r0.1_e12_tp0.8_sl0.8,failed_asia_breakout_reversal_v1
2025-09-01 12:00:00+00:00,-1,3477.03,2025-09-01 12:22:00+00:00,3471.8765000000003,tp,5.1534999999998945,failed_asia_high_break,90,0.8,0.8,4.803499999999895,3.7534999999998946,3.053499999999895,fail_asia_br_b0.15_r0.1_e12_tp0.8_sl0.8,failed_asia_breakout_reversal_v1
2025-09-02 12:00:00+00:00,1,3478.56,2025-09-02 13:11:00+00:00,3483.124,tp,4.563999999999851,failed_asia_low_break,90,0.8,0.8,4.213999999999851,3.163999999999851,2.463999999999851,fail_asia_br_b0.15_r0.1_e12_tp0.8_sl0.8,failed_asia_breakout_reversal_v1
2025-09-05 12:00:00+00:00,-1,3546.81,2025-09-05 12:03:00+00:00,3549.6525,sl,-2.8425000000002,failed_asia_high_break,90,0.8,0.8,-3.1925000000002,-4.2425000000002004,-4.9425000000002,fail_asia_br_b0.15_r0.1_e12_tp0.8_sl0.8,failed_asia_breakout_reversal_v1
2025-09-09 12:00:00+00:00,-1,3648.73,2025-09-09 12:12:00+00:00,3653.1095,sl,-4.379500000000007,failed_asia_high_break,90,0.8,0.8,-4.729500000000007,-5.779500000000008,-6.479500000000007,fail_asia_br_b0.15_r0.1_e12_tp0.8_sl0.8,failed_asia_breakout_reversal_v1
2025-09-12 12:00:00+00:00,-1,3641.6,2025-09-12 12:04:00+00:00,3644.438,sl,-2.838000000000193,failed_asia_high_break,90,0.8,0.8,-3.188000000000193,-4.238000000000193,-4.9380000000001925,fail_asia_br_b0.15_r0.1_e12_tp0.8_sl0.8,failed_asia_breakout_reversal_v1
2025-09-18 12:00:00+00:00,1,3665.29,2025-09-18 12:22:00+00:00,3669.54,tp,4.25,failed_asia_low_break,90,0.8,0.8,3.9,2.85,2.1500000000000004,fail_asia_br_b0.15_r0.1_e12_tp0.8_sl0.8,failed_asia_breakout_reversal_v1
2025-09-24 12:00:00+00:00,-1,3770.69,2025-09-24 12:27:00+00:00,3767.26025,tp,3.42975000000024,failed_asia_high_break,90,0.8,0.8,3.07975000000024,2.02975000000024,1.3297500000002405,fail_asia_br_b0.15_r0.1_e12_tp0.8_sl0.8,failed_asia_breakout_reversal_v1
2025-10-10 12:00:00+00:00,1,3991.8,2025-10-10 12:12:00+00:00,3998.3540000000003,tp,6.554000000000087,failed_asia_low_break,90,0.8,0.8,6.204000000000088,5.154000000000087,4.454000000000088,fail_asia_br_b0.15_r0.1_e12_tp0.8_sl0.8,failed_asia_breakout_reversal_v1
2025-10-22 12:00:00+00:00,-1,4080.0,2025-10-22 12:08:00+00:00,4095.3815,sl,-15.38149999999996,failed_asia_high_break,90,0.8,0.8,-15.73149999999996,-16.78149999999996,-17.48149999999996,fail_asia_br_b0.15_r0.1_e12_tp0.8_sl0.8,failed_asia_breakout_reversal_v1
2025-11-03 12:00:00+00:00,-1,4004.2,2025-11-03 12:04:00+00:00,3997.817,tp,6.382999999999811,failed_asia_high_break,90,0.8,0.8,6.032999999999811,4.9829999999998105,4.282999999999811,fail_asia_br_b0.15_r0.1_e12_tp0.8_sl0.8,failed_asia_breakout_reversal_v1
2025-11-04 12:00:00+00:00,1,3987.56,2025-11-04 12:14:00+00:00,3993.64075,tp,6.08075000000008,failed_asia_low_break,90,0.8,0.8,5.73075000000008,4.68075000000008,3.9807500000000804,fail_asia_br_b0.15_r0.1_e12_tp0.8_sl0.8,failed_asia_breakout_reversal_v1
2025-11-05 12:00:00+00:00,-1,3970.56,2025-11-05 12:02:00+00:00,3965.0589999999997,tp,5.501000000000204,failed_asia_high_break,90,0.8,0.8,5.151000000000204,4.101000000000203,3.401000000000204,fail_asia_br_b0.15_r0.1_e12_tp0.8_sl0.8,failed_asia_breakout_reversal_v1
2025-11-12 12:00:00+00:00,1,4123.43,2025-11-12 13:01:00+00:00,4128.9125,tp,5.482500000000073,failed_asia_low_break,90,0.8,0.8,5.132500000000073,4.082500000000072,3.382500000000073,fail_asia_br_b0.15_r0.1_e12_tp0.8_sl0.8,failed_asia_breakout_reversal_v1
2025-11-17 12:00:00+00:00,1,4082.61,2025-11-17 12:11:00+00:00,4089.13675,tp,6.526749999999993,failed_asia_low_break,90,0.8,0.8,6.176749999999993,5.126749999999992,4.426749999999993,fail_asia_br_b0.15_r0.1_e12_tp0.8_sl0.8,failed_asia_breakout_reversal_v1
2025-11-18 12:00:00+00:00,1,4040.97,2025-11-18 12:46:00+00:00,4048.62,tp,7.650000000000091,failed_asia_low_break,90,0.8,0.8,7.300000000000091,6.250000000000091,5.550000000000091,fail_asia_br_b0.15_r0.1_e12_tp0.8_sl0.8,failed_asia_breakout_reversal_v1
2025-11-20 12:00:00+00:00,1,4064.62,2025-11-20 13:04:00+00:00,4055.64075,sl,-8.979249999999865,failed_asia_low_break,90,0.8,0.8,-9.329249999999865,-10.379249999999866,-11.079249999999865,fail_asia_br_b0.15_r0.1_e12_tp0.8_sl0.8,failed_asia_breakout_reversal_v1
2025-11-21 12:00:00+00:00,1,4051.15,2025-11-21 12:07:00+00:00,4042.95075,sl,-8.19925000000012,failed_asia_low_break,90,0.8,0.8,-8.54925000000012,-9.59925000000012,-10.29925000000012,fail_asia_br_b0.15_r0.1_e12_tp0.8_sl0.8,failed_asia_breakout_reversal_v1
2025-11-24 12:00:00+00:00,1,4072.93,2025-11-24 12:31:00+00:00,4067.53025,sl,-5.39975000000004,failed_asia_low_break,90,0.8,0.8,-5.74975000000004,-6.79975000000004,-7.49975000000004,fail_asia_br_b0.15_r0.1_e12_tp0.8_sl0.8,failed_asia_breakout_reversal_v1
2025-11-25 12:00:00+00:00,1,4129.04,2025-11-25 12:05:00+00:00,4135.1775,tp,6.137499999999818,failed_asia_low_break,90,0.8,0.8,5.7874999999998185,4.737499999999818,4.0374999999998185,fail_asia_br_b0.15_r0.1_e12_tp0.8_sl0.8,failed_asia_breakout_reversal_v1
2025-11-28 12:00:00+00:00,1,4164.98,2025-11-28 12:07:00+00:00,4170.4985,tp,5.518500000000131,failed_asia_low_break,90,0.8,0.8,5.168500000000131,4.118500000000131,3.4185000000001313,fail_asia_br_b0.15_r0.1_e12_tp0.8_sl0.8,failed_asia_breakout_reversal_v1
2025-12-04 12:00:00+00:00,1,4200.04,2025-12-04 13:09:00+00:00,4205.073,tp,5.0330000000003565,failed_asia_low_break,90,0.8,0.8,4.683000000000357,3.6330000000003566,2.933000000000357,fail_asia_br_b0.15_r0.1_e12_tp0.8_sl0.8,failed_asia_breakout_reversal_v1
2025-12-08 12:00:00+00:00,-1,4208.7,2025-12-08 12:30:00+00:00,4204.6275,tp,4.072500000000218,failed_asia_high_break,90,0.8,0.8,3.722500000000218,2.6725000000002184,1.9725000000002186,fail_asia_br_b0.15_r0.1_e12_tp0.8_sl0.8,failed_asia_breakout_reversal_v1
2025-12-11 12:00:00+00:00,1,4219.06,2025-12-11 12:06:00+00:00,4223.596750000001,tp,4.536750000000211,failed_asia_low_break,90,0.8,0.8,4.186750000000211,3.136750000000211,2.4367500000002114,fail_asia_br_b0.15_r0.1_e12_tp0.8_sl0.8,failed_asia_breakout_reversal_v1
2025-12-17 12:00:00+00:00,-1,4316.58,2025-12-17 12:20:00+00:00,4321.46975,sl,-4.8897500000002765,failed_asia_high_break,90,0.8,0.8,-5.239750000000276,-6.289750000000277,-6.989750000000276,fail_asia_br_b0.15_r0.1_e12_tp0.8_sl0.8,failed_asia_breakout_reversal_v1
2026-01-06 12:00:00+00:00,-1,4448.52,2026-01-06 12:03:00+00:00,4442.849,tp,5.6710000000002765,failed_asia_high_break,90,0.8,0.8,5.321000000000277,4.271000000000276,3.571000000000277,fail_asia_br_b0.15_r0.1_e12_tp0.8_sl0.8,failed_asia_breakout_reversal_v1
2026-01-07 12:00:00+00:00,1,4461.64,2026-01-07 12:46:00+00:00,4467.2927500000005,tp,5.6527500000001965,failed_asia_low_break,90,0.8,0.8,5.302750000000197,4.252750000000196,3.552750000000197,fail_asia_br_b0.15_r0.1_e12_tp0.8_sl0.8,failed_asia_breakout_reversal_v1
2026-01-08 12:00:00+00:00,1,4432.03,2026-01-08 12:18:00+00:00,4426.2445,sl,-5.785499999999956,failed_asia_low_break,90,0.8,0.8,-6.135499999999956,-7.185499999999957,-7.885499999999956,fail_asia_br_b0.15_r0.1_e12_tp0.8_sl0.8,failed_asia_breakout_reversal_v1
2026-01-13 12:00:00+00:00,1,4585.9,2026-01-13 12:12:00+00:00,4580.867499999999,sl,-5.032500000000255,failed_asia_low_break,90,0.8,0.8,-5.382500000000254,-6.432500000000255,-7.132500000000254,fail_asia_br_b0.15_r0.1_e12_tp0.8_sl0.8,failed_asia_breakout_reversal_v1
2026-01-14 12:00:00+00:00,-1,4628.52,2026-01-14 12:16:00+00:00,4633.90775,sl,-5.387749999999869,failed_asia_high_break,90,0.8,0.8,-5.737749999999869,-6.787749999999869,-7.487749999999869,fail_asia_br_b0.15_r0.1_e12_tp0.8_sl0.8,failed_asia_breakout_reversal_v1
2026-01-21 12:00:00+00:00,-1,4861.57,2026-01-21 13:30:00+00:00,4864.96,horizon_close,-3.3900000000003274,failed_asia_high_break,90,0.8,0.8,-3.7400000000003275,-4.790000000000328,-5.490000000000327,fail_asia_br_b0.15_r0.1_e12_tp0.8_sl0.8,failed_asia_breakout_reversal_v1
2026-01-26 12:00:00+00:00,-1,5084.32,2026-01-26 12:39:00+00:00,5094.394499999999,sl,-10.074499999999716,failed_asia_high_break,90,0.8,0.8,-10.424499999999716,-11.474499999999717,-12.174499999999716,fail_asia_br_b0.15_r0.1_e12_tp0.8_sl0.8,failed_asia_breakout_reversal_v1
2026-02-02 12:00:00+00:00,1,4721.77,2026-02-02 12:26:00+00:00,4677.025500000001,sl,-44.74449999999979,failed_asia_low_break,90,0.8,0.8,-45.09449999999979,-46.14449999999979,-46.84449999999979,fail_asia_br_b0.15_r0.1_e12_tp0.8_sl0.8,failed_asia_breakout_reversal_v1
2026-02-04 12:00:00+00:00,-1,5062.31,2026-02-04 12:06:00+00:00,5049.1695,tp,13.14050000000043,failed_asia_high_break,90,0.8,0.8,12.79050000000043,11.740500000000429,11.04050000000043,fail_asia_br_b0.15_r0.1_e12_tp0.8_sl0.8,failed_asia_breakout_reversal_v1
2026-02-16 12:00:00+00:00,1,5013.5,2026-02-16 12:22:00+00:00,5005.98925,sl,-7.510750000000371,failed_asia_low_break,90,0.8,0.8,-7.860750000000371,-8.910750000000371,-9.61075000000037,fail_asia_br_b0.15_r0.1_e12_tp0.8_sl0.8,failed_asia_breakout_reversal_v1
2026-02-18 12:00:00+00:00,-1,4917.99,2026-02-18 12:11:00+00:00,4923.835,sl,-5.845000000000255,failed_asia_high_break,90,0.8,0.8,-6.195000000000254,-7.245000000000255,-7.945000000000254,fail_asia_br_b0.15_r0.1_e12_tp0.8_sl0.8,failed_asia_breakout_reversal_v1
2026-02-26 12:00:00+00:00,-1,5186.13,2026-02-26 12:29:00+00:00,5180.0070000000005,tp,6.1229999999995925,failed_asia_high_break,90,0.8,0.8,5.772999999999593,4.722999999999592,4.022999999999593,fail_asia_br_b0.15_r0.1_e12_tp0.8_sl0.8,failed_asia_breakout_reversal_v1
2026-03-02 12:00:00+00:00,-1,5389.1,2026-03-02 12:06:00+00:00,5379.174,tp,9.926000000000386,failed_asia_high_break,90,0.8,0.8,9.576000000000386,8.526000000000385,7.826000000000386,fail_asia_br_b0.15_r0.1_e12_tp0.8_sl0.8,failed_asia_breakout_reversal_v1
2026-03-05 12:00:00+00:00,1,5156.06,2026-03-05 12:55:00+00:00,5166.151250000001,tp,10.0912500000004,failed_asia_low_break,90,0.8,0.8,9.7412500000004,8.6912500000004,7.9912500000004005,fail_asia_br_b0.15_r0.1_e12_tp0.8_sl0.8,failed_asia_breakout_reversal_v1
2026-03-10 12:00:00+00:00,-1,5181.31,2026-03-10 12:29:00+00:00,5173.96125,tp,7.348750000000109,failed_asia_high_break,90,0.8,0.8,6.9987500000001095,5.948750000000109,5.2487500000001095,fail_asia_br_b0.15_r0.1_e12_tp0.8_sl0.8,failed_asia_breakout_reversal_v1
2026-03-11 12:00:00+00:00,1,5187.69,2026-03-11 12:12:00+00:00,5194.554,tp,6.8640000000004875,failed_asia_low_break,90,0.8,0.8,6.514000000000488,5.464000000000487,4.764000000000488,fail_asia_br_b0.15_r0.1_e12_tp0.8_sl0.8,failed_asia_breakout_reversal_v1
2026-03-13 12:00:00+00:00,1,5087.65,2026-03-13 12:16:00+00:00,5094.8345,tp,7.184500000000298,failed_asia_low_break,90,0.8,0.8,6.834500000000299,5.784500000000298,5.084500000000299,fail_asia_br_b0.15_r0.1_e12_tp0.8_sl0.8,failed_asia_breakout_reversal_v1
2026-03-16 12:00:00+00:00,-1,4973.85,2026-03-16 12:23:00+00:00,4982.08075,sl,-8.230749999999716,failed_asia_high_break,90,0.8,0.8,-8.580749999999716,-9.630749999999717,-10.330749999999716,fail_asia_br_b0.15_r0.1_e12_tp0.8_sl0.8,failed_asia_breakout_reversal_v1
2026-03-17 12:00:00+00:00,-1,5010.96,2026-03-17 12:06:00+00:00,5004.6015,tp,6.3585000000002765,failed_asia_high_break,90,0.8,0.8,6.008500000000277,4.958500000000276,4.258500000000277,fail_asia_br_b0.15_r0.1_e12_tp0.8_sl0.8,failed_asia_breakout_reversal_v1
2026-03-18 12:00:00+00:00,1,4990.81,2026-03-18 12:28:00+00:00,4984.9075,sl,-5.9025000000001455,failed_asia_low_break,90,0.8,0.8,-6.252500000000145,-7.302500000000146,-8.002500000000145,fail_asia_br_b0.15_r0.1_e12_tp0.8_sl0.8,failed_asia_breakout_reversal_v1
2026-03-27 12:00:00+00:00,-1,4428.64,2026-03-27 12:41:00+00:00,4419.6715,tp,8.968499999999949,failed_asia_high_break,90,0.8,0.8,8.61849999999995,7.568499999999949,6.868499999999949,fail_asia_br_b0.15_r0.1_e12_tp0.8_sl0.8,failed_asia_breakout_reversal_v1
2026-04-10 12:00:00+00:00,1,4740.84,2026-04-10 12:18:00+00:00,4747.83375,tp,6.993749999999636,failed_asia_low_break,90,0.8,0.8,6.643749999999637,5.593749999999636,4.893749999999637,fail_asia_br_b0.15_r0.1_e12_tp0.8_sl0.8,failed_asia_breakout_reversal_v1
2026-04-13 12:00:00+00:00,-1,4723.62,2026-04-13 12:10:00+00:00,4716.4085,tp,7.211500000000342,failed_asia_high_break,90,0.8,0.8,6.861500000000342,5.811500000000342,5.111500000000342,fail_asia_br_b0.15_r0.1_e12_tp0.8_sl0.8,failed_asia_breakout_reversal_v1
2026-04-17 12:00:00+00:00,-1,4796.62,2026-04-17 12:59:00+00:00,4790.148749999999,tp,6.471250000000509,failed_asia_high_break,90,0.8,0.8,6.12125000000051,5.071250000000509,4.37125000000051,fail_asia_br_b0.15_r0.1_e12_tp0.8_sl0.8,failed_asia_breakout_reversal_v1
2026-04-22 12:00:00+00:00,-1,4758.39,2026-04-22 12:55:00+00:00,4753.34925,tp,5.040750000000116,failed_asia_high_break,90,0.8,0.8,4.690750000000117,3.6407500000001165,2.9407500000001168,fail_asia_br_b0.15_r0.1_e12_tp0.8_sl0.8,failed_asia_breakout_reversal_v1
2026-04-24 12:00:00+00:00,1,4692.03,2026-04-24 12:25:00+00:00,4685.164,sl,-6.8659999999999854,failed_asia_low_break,90,0.8,0.8,-7.215999999999985,-8.265999999999986,-8.965999999999985,fail_asia_br_b0.15_r0.1_e12_tp0.8_sl0.8,failed_asia_breakout_reversal_v1
2026-05-08 12:00:00+00:00,-1,4713.84,2026-05-08 12:18:00+00:00,4721.5740000000005,sl,-7.734000000000378,failed_asia_high_break,90,0.8,0.8,-8.084000000000378,-9.134000000000379,-9.834000000000378,fail_asia_br_b0.15_r0.1_e12_tp0.8_sl0.8,failed_asia_breakout_reversal_v1
2026-05-18 12:00:00+00:00,-1,4551.14,2026-05-18 12:03:00+00:00,4541.61625,tp,9.523750000000291,failed_asia_high_break,90,0.8,0.8,9.173750000000291,8.12375000000029,7.423750000000291,fail_asia_br_b0.15_r0.1_e12_tp0.8_sl0.8,failed_asia_breakout_reversal_v1
2026-05-21 12:00:00+00:00,1,4532.32,2026-05-21 12:13:00+00:00,4539.62075,tp,7.300750000000335,failed_asia_low_break,90,0.8,0.8,6.950750000000335,5.900750000000334,5.200750000000335,fail_asia_br_b0.15_r0.1_e12_tp0.8_sl0.8,failed_asia_breakout_reversal_v1
2026-05-22 12:00:00+00:00,1,4521.81,2026-05-22 12:15:00+00:00,4516.12275,sl,-5.687249999999949,failed_asia_low_break,90,0.8,0.8,-6.037249999999949,-7.087249999999949,-7.787249999999949,fail_asia_br_b0.15_r0.1_e12_tp0.8_sl0.8,failed_asia_breakout_reversal_v1
2026-05-28 12:00:00+00:00,1,4387.81,2026-05-28 12:21:00+00:00,4396.057000000001,tp,8.247000000000298,failed_asia_low_break,90,0.8,0.8,7.897000000000299,6.847000000000298,6.147000000000299,fail_asia_br_b0.15_r0.1_e12_tp0.8_sl0.8,failed_asia_breakout_reversal_v1
2026-05-29 12:00:00+00:00,-1,4517.11,2026-05-29 12:09:00+00:00,4523.76125,sl,-6.651249999999891,failed_asia_high_break,90,0.8,0.8,-7.0012499999998905,-8.051249999999891,-8.75124999999989,fail_asia_br_b0.15_r0.1_e12_tp0.8_sl0.8,failed_asia_breakout_reversal_v1
2026-06-04 12:00:00+00:00,-1,4462.54,2026-06-04 12:48:00+00:00,4469.2395,sl,-6.699499999999716,failed_asia_high_break,90,0.8,0.8,-7.049499999999716,-8.099499999999717,-8.799499999999716,fail_asia_br_b0.15_r0.1_e12_tp0.8_sl0.8,failed_asia_breakout_reversal_v1
2026-06-05 12:00:00+00:00,1,4461.44,2026-06-05 12:13:00+00:00,4467.983249999999,tp,6.543249999999716,failed_asia_low_break,90,0.8,0.8,6.193249999999717,5.143249999999716,4.443249999999717,fail_asia_br_b0.15_r0.1_e12_tp0.8_sl0.8,failed_asia_breakout_reversal_v1
2026-06-09 12:00:00+00:00,-1,4325.89,2026-06-09 12:21:00+00:00,4332.559,sl,-6.668999999999869,failed_asia_high_break,90,0.8,0.8,-7.018999999999869,-8.06899999999987,-8.768999999999869,fail_asia_br_b0.15_r0.1_e12_tp0.8_sl0.8,failed_asia_breakout_reversal_v1
2022-05-10 13:00:00+00:00,-1,1857.49,2022-05-10 14:19:00+00:00,1859.46475,sl,-1.9747500000000855,failed_asia_high_break,90,0.8,0.8,-2.3247500000000856,-3.3747500000000854,-4.074750000000085,fail_asia_br_b0.15_r0.0_e13_tp0.8_sl0.8,failed_asia_breakout_reversal_v1
2022-05-13 13:00:00+00:00,-1,1822.46,2022-05-13 13:10:00+00:00,1820.72325,tp,1.736750000000029,failed_asia_high_break,90,0.8,0.8,1.386750000000029,0.3367500000000292,-0.36324999999997054,fail_asia_br_b0.15_r0.0_e13_tp0.8_sl0.8,failed_asia_breakout_reversal_v1
2022-05-17 13:00:00+00:00,-1,1828.45,2022-05-17 13:16:00+00:00,1826.85725,tp,1.5927500000000236,failed_asia_high_break,90,0.8,0.8,1.2427500000000236,0.19275000000002374,-0.507249999999976,fail_asia_br_b0.15_r0.0_e13_tp0.8_sl0.8,failed_asia_breakout_reversal_v1
2022-05-30 13:00:00+00:00,-1,1857.96,2022-05-30 13:21:00+00:00,1856.59825,tp,1.361750000000029,failed_asia_high_break,90,0.8,0.8,1.011750000000029,-0.03824999999997081,-0.7382499999999705,fail_asia_br_b0.15_r0.0_e13_tp0.8_sl0.8,failed_asia_breakout_reversal_v1
2022-06-06 13:00:00+00:00,-1,1853.78,2022-06-06 13:24:00+00:00,1854.85025,sl,-1.0702499999999873,failed_asia_high_break,90,0.8,0.8,-1.4202499999999874,-2.470249999999987,-3.170249999999987,fail_asia_br_b0.15_r0.0_e13_tp0.8_sl0.8,failed_asia_breakout_reversal_v1
2022-06-08 13:00:00+00:00,1,1849.27,2022-06-08 13:06:00+00:00,1850.39575,tp,1.1257499999999254,failed_asia_low_break,90,0.8,0.8,0.7757499999999254,-0.2742500000000745,-0.9742500000000742,fail_asia_br_b0.15_r0.0_e13_tp0.8_sl0.8,failed_asia_breakout_reversal_v1
2022-06-14 13:00:00+00:00,-1,1822.67,2022-06-14 13:05:00+00:00,1824.4260000000002,sl,-1.7560000000000855,failed_asia_high_break,90,0.8,0.8,-2.1060000000000856,-3.1560000000000854,-3.856000000000085,fail_asia_br_b0.15_r0.0_e13_tp0.8_sl0.8,failed_asia_breakout_reversal_v1
2022-06-16 13:00:00+00:00,1,1830.66,2022-06-16 13:08:00+00:00,1828.7462500000001,sl,-1.9137499999999363,failed_asia_low_break,90,0.8,0.8,-2.2637499999999364,-3.3137499999999362,-4.013749999999936,fail_asia_br_b0.15_r0.0_e13_tp0.8_sl0.8,failed_asia_breakout_reversal_v1
2022-06-17 13:00:00+00:00,1,1847.93,2022-06-17 13:09:00+00:00,1846.25575,sl,-1.674250000000029,failed_asia_low_break,90,0.8,0.8,-2.024250000000029,-3.074250000000029,-3.7742500000000287,fail_asia_br_b0.15_r0.0_e13_tp0.8_sl0.8,failed_asia_breakout_reversal_v1
2022-06-20 13:00:00+00:00,-1,1840.56,2022-06-20 13:04:00+00:00,1838.9035,tp,1.656500000000051,failed_asia_high_break,90,0.8,0.8,1.3065000000000508,0.256500000000051,-0.4434999999999487,fail_asia_br_b0.15_r0.0_e13_tp0.8_sl0.8,failed_asia_breakout_reversal_v1
2022-06-22 13:00:00+00:00,1,1828.83,2022-06-22 13:20:00+00:00,1827.11475,sl,-1.715249999999969,failed_asia_low_break,90,0.8,0.8,-2.065249999999969,-3.115249999999969,-3.8152499999999687,fail_asia_br_b0.15_r0.0_e13_tp0.8_sl0.8,failed_asia_breakout_reversal_v1
2022-06-28 13:00:00+00:00,-1,1825.36,2022-06-28 13:26:00+00:00,1824.1985,tp,1.1614999999999327,failed_asia_high_break,90,0.8,0.8,0.8114999999999327,-0.2385000000000672,-0.938500000000067,fail_asia_br_b0.15_r0.0_e13_tp0.8_sl0.8,failed_asia_breakout_reversal_v1
2022-07-07 13:00:00+00:00,-1,1742.75,2022-07-07 13:11:00+00:00,1744.36225,sl,-1.6122499999999036,failed_asia_high_break,90,0.8,0.8,-1.9622499999999037,-3.0122499999999035,-3.7122499999999032,fail_asia_br_b0.15_r0.0_e13_tp0.8_sl0.8,failed_asia_breakout_reversal_v1
2022-07-28 13:00:00+00:00,-1,1740.55,2022-07-28 13:08:00+00:00,1742.20075,sl,-1.6507500000000164,failed_asia_high_break,90,0.8,0.8,-2.0007500000000165,-3.0507500000000163,-3.750750000000016,fail_asia_br_b0.15_r0.0_e13_tp0.8_sl0.8,failed_asia_breakout_reversal_v1
2022-08-02 13:00:00+00:00,1,1775.75,2022-08-02 13:02:00+00:00,1774.22225,sl,-1.527749999999969,failed_asia_low_break,90,0.8,0.8,-1.8777499999999692,-2.927749999999969,-3.6277499999999687,fail_asia_br_b0.15_r0.0_e13_tp0.8_sl0.8,failed_asia_breakout_reversal_v1
2022-08-03 13:00:00+00:00,-1,1766.08,2022-08-03 13:08:00+00:00,1764.6242499999998,tp,1.45575000000008,failed_asia_high_break,90,0.8,0.8,1.10575000000008,0.055750000000080124,-0.6442499999999196,fail_asia_br_b0.15_r0.0_e13_tp0.8_sl0.8,failed_asia_breakout_reversal_v1
2022-08-10 13:00:00+00:00,1,1793.87,2022-08-10 13:10:00+00:00,1794.9205,tp,1.0505000000000564,failed_asia_low_break,90,0.8,0.8,0.7005000000000564,-0.3494999999999435,-1.0494999999999433,fail_asia_br_b0.15_r0.0_e13_tp0.8_sl0.8,failed_asia_breakout_reversal_v1
2022-08-11 13:00:00+00:00,1,1790.15,2022-08-11 13:35:00+00:00,1791.5335,tp,1.3834999999999127,failed_asia_low_break,90,0.8,0.8,1.0334999999999126,-0.016500000000087223,-0.716500000000087,fail_asia_br_b0.15_r0.0_e13_tp0.8_sl0.8,failed_asia_breakout_reversal_v1
2022-08-12 13:00:00+00:00,-1,1787.31,2022-08-12 13:10:00+00:00,1786.1232499999999,tp,1.1867500000000746,failed_asia_high_break,90,0.8,0.8,0.8367500000000746,-0.21324999999992533,-0.9132499999999251,fail_asia_br_b0.15_r0.0_e13_tp0.8_sl0.8,failed_asia_breakout_reversal_v1
2022-08-23 13:00:00+00:00,-1,1739.33,2022-08-23 13:06:00+00:00,1737.8725,tp,1.4574999999999818,failed_asia_high_break,90,0.8,0.8,1.1074999999999817,0.0574999999999819,-0.6425000000000178,fail_asia_br_b0.15_r0.0_e13_tp0.8_sl0.8,failed_asia_breakout_reversal_v1
2022-09-01 13:00:00+00:00,1,1705.27,2022-09-01 13:07:00+00:00,1703.81675,sl,-1.4532500000000255,failed_asia_low_break,90,0.8,0.8,-1.8032500000000256,-2.8532500000000254,-3.553250000000025,fail_asia_br_b0.15_r0.0_e13_tp0.8_sl0.8,failed_asia_breakout_reversal_v1
2022-09-26 13:00:00+00:00,-1,1641.83,2022-09-26 13:12:00+00:00,1639.52525,tp,2.3047500000000127,failed_asia_high_break,90,0.8,0.8,1.9547500000000126,0.9047500000000128,0.2047500000000131,fail_asia_br_b0.15_r0.0_e13_tp0.8_sl0.8,failed_asia_breakout_reversal_v1
2022-10-03 13:00:00+00:00,1,1660.99,2022-10-03 13:09:00+00:00,1662.6955,tp,1.705500000000029,failed_asia_low_break,90,0.8,0.8,1.355500000000029,0.3055000000000292,-0.39449999999997054,fail_asia_br_b0.15_r0.0_e13_tp0.8_sl0.8,failed_asia_breakout_reversal_v1
2022-10-18 13:00:00+00:00,-1,1652.03,2022-10-18 14:08:00+00:00,1653.88925,sl,-1.8592499999999745,failed_asia_high_break,90,0.8,0.8,-2.2092499999999746,-3.2592499999999744,-3.959249999999974,fail_asia_br_b0.15_r0.0_e13_tp0.8_sl0.8,failed_asia_breakout_reversal_v1
2022-10-21 13:00:00+00:00,1,1625.37,2022-10-21 14:22:00+00:00,1627.15275,tp,1.7827500000000782,failed_asia_low_break,90,0.8,0.8,1.4327500000000781,0.3827500000000783,-0.31724999999992143,fail_asia_br_b0.15_r0.0_e13_tp0.8_sl0.8,failed_asia_breakout_reversal_v1
2022-11-07 13:00:00+00:00,1,1678.08,2022-11-07 13:13:00+00:00,1676.4557499999999,sl,-1.6242500000000746,failed_asia_low_break,90,0.8,0.8,-1.9742500000000747,-3.0242500000000745,-3.7242500000000742,fail_asia_br_b0.15_r0.0_e13_tp0.8_sl0.8,failed_asia_breakout_reversal_v1
2022-11-08 13:00:00+00:00,1,1670.22,2022-11-08 13:13:00+00:00,1671.57825,tp,1.3582499999999982,failed_asia_low_break,90,0.8,0.8,1.008249999999998,-0.04175000000000173,-0.7417500000000015,fail_asia_br_b0.15_r0.0_e13_tp0.8_sl0.8,failed_asia_breakout_reversal_v1
2022-11-10 13:00:00+00:00,-1,1706.65,2022-11-10 13:38:00+00:00,1708.2282500000001,sl,-1.5782500000000255,failed_asia_high_break,90,0.8,0.8,-1.9282500000000256,-2.9782500000000254,-3.678250000000025,fail_asia_br_b0.15_r0.0_e13_tp0.8_sl0.8,failed_asia_breakout_reversal_v1
2022-11-17 13:00:00+00:00,1,1762.3,2022-11-17 13:12:00+00:00,1763.7849999999999,tp,1.4849999999999,failed_asia_low_break,90,0.8,0.8,1.1349999999998999,0.08499999999990004,-0.6150000000000997,fail_asia_br_b0.15_r0.0_e13_tp0.8_sl0.8,failed_asia_breakout_reversal_v1
2022-11-18 13:00:00+00:00,-1,1764.9,2022-11-18 13:20:00+00:00,1763.39325,tp,1.506750000000011,failed_asia_high_break,90,0.8,0.8,1.1567500000000108,0.106750000000011,-0.5932499999999887,fail_asia_br_b0.15_r0.0_e13_tp0.8_sl0.8,failed_asia_breakout_reversal_v1
2022-11-23 13:00:00+00:00,-1,1737.36,2022-11-23 13:50:00+00:00,1738.8839999999998,sl,-1.5239999999998872,failed_asia_high_break,90,0.8,0.8,-1.8739999999998873,-2.923999999999887,-3.623999999999887,fail_asia_br_b0.15_r0.0_e13_tp0.8_sl0.8,failed_asia_breakout_reversal_v1
2022-11-24 13:00:00+00:00,-1,1756.39,2022-11-24 13:38:00+00:00,1757.6495,sl,-1.259499999999889,failed_asia_high_break,90,0.8,0.8,-1.6094999999998891,-2.659499999999889,-3.3594999999998887,fail_asia_br_b0.15_r0.0_e13_tp0.8_sl0.8,failed_asia_breakout_reversal_v1
2022-12-01 13:00:00+00:00,-1,1776.6,2022-12-01 13:09:00+00:00,1778.20775,sl,-1.6077500000001237,failed_asia_high_break,90,0.8,0.8,-1.9577500000001238,-3.0077500000001236,-3.7077500000001233,fail_asia_br_b0.15_r0.0_e13_tp0.8_sl0.8,failed_asia_breakout_reversal_v1
2022-12-05 13:00:00+00:00,1,1795.19,2022-12-05 13:59:00+00:00,1793.67775,sl,-1.5122499999999945,failed_asia_low_break,90,0.8,0.8,-1.8622499999999946,-2.9122499999999945,-3.612249999999994,fail_asia_br_b0.15_r0.0_e13_tp0.8_sl0.8,failed_asia_breakout_reversal_v1
2022-12-07 13:00:00+00:00,-1,1772.14,2022-12-07 13:10:00+00:00,1773.6125000000002,sl,-1.4725000000000819,failed_asia_high_break,90,0.8,0.8,-1.822500000000082,-2.8725000000000818,-3.5725000000000815,fail_asia_br_b0.15_r0.0_e13_tp0.8_sl0.8,failed_asia_breakout_reversal_v1
2022-12-09 13:00:00+00:00,-1,1795.2,2022-12-09 13:11:00+00:00,1793.81825,tp,1.381750000000011,failed_asia_high_break,90,0.8,0.8,1.0317500000000108,-0.018249999999988997,-0.7182499999999887,fail_asia_br_b0.15_r0.0_e13_tp0.8_sl0.8,failed_asia_breakout_reversal_v1
2022-12-12 13:00:00+00:00,1,1791.99,2022-12-12 13:20:00+00:00,1793.25675,tp,1.2667500000000018,failed_asia_low_break,90,0.8,0.8,0.9167500000000018,-0.1332499999999981,-0.8332499999999978,fail_asia_br_b0.15_r0.0_e13_tp0.8_sl0.8,failed_asia_breakout_reversal_v1
2022-12-29 13:00:00+00:00,-1,1805.5,2022-12-29 13:36:00+00:00,1806.6995,sl,-1.1994999999999436,failed_asia_high_break,90,0.8,0.8,-1.5494999999999437,-2.5994999999999435,-3.2994999999999433,fail_asia_br_b0.15_r0.0_e13_tp0.8_sl0.8,failed_asia_breakout_reversal_v1
2023-01-03 13:00:00+00:00,-1,1833.93,2023-01-03 13:15:00+00:00,1831.85475,tp,2.0752500000000964,failed_asia_high_break,90,0.8,0.8,1.7252500000000963,0.6752500000000965,-0.02474999999990324,fail_asia_br_b0.15_r0.0_e13_tp0.8_sl0.8,failed_asia_breakout_reversal_v1
2023-01-09 13:00:00+00:00,-1,1871.58,2023-01-09 13:56:00+00:00,1873.15625,sl,-1.5762500000000728,failed_asia_high_break,90,0.8,0.8,-1.9262500000000728,-2.9762500000000727,-3.6762500000000724,fail_asia_br_b0.15_r0.0_e13_tp0.8_sl0.8,failed_asia_breakout_reversal_v1
2023-01-10 13:00:00+00:00,-1,1874.15,2023-01-10 13:18:00+00:00,1875.53925,sl,-1.3892499999999472,failed_asia_high_break,90,0.8,0.8,-1.7392499999999473,-2.789249999999947,-3.489249999999947,fail_asia_br_b0.15_r0.0_e13_tp0.8_sl0.8,failed_asia_breakout_reversal_v1
2023-01-12 13:00:00+00:00,-1,1884.0,2023-01-12 13:07:00+00:00,1885.146,sl,-1.1459999999999582,failed_asia_high_break,90,0.8,0.8,-1.4959999999999583,-2.545999999999958,-3.245999999999958,fail_asia_br_b0.15_r0.0_e13_tp0.8_sl0.8,failed_asia_breakout_reversal_v1
2023-01-19 13:00:00+00:00,-1,1909.59,2023-01-19 13:31:00+00:00,1907.9824999999998,tp,1.6075000000000728,failed_asia_high_break,90,0.8,0.8,1.2575000000000727,0.20750000000007285,-0.4924999999999269,fail_asia_br_b0.15_r0.0_e13_tp0.8_sl0.8,failed_asia_breakout_reversal_v1
2023-01-23 13:00:00+00:00,1,1925.82,2023-01-23 13:11:00+00:00,1924.13125,sl,-1.6887500000000273,failed_asia_low_break,90,0.8,0.8,-2.0387500000000274,-3.088750000000027,-3.788750000000027,fail_asia_br_b0.15_r0.0_e13_tp0.8_sl0.8,failed_asia_breakout_reversal_v1
2023-02-02 13:00:00+00:00,-1,1952.23,2023-02-02 13:24:00+00:00,1953.86925,sl,-1.6392499999999472,failed_asia_high_break,90,0.8,0.8,-1.9892499999999473,-3.039249999999947,-3.739249999999947,fail_asia_br_b0.15_r0.0_e13_tp0.8_sl0.8,failed_asia_breakout_reversal_v1
2023-02-03 13:00:00+00:00,1,1912.05,2023-02-03 13:05:00+00:00,1910.3525,sl,-1.697499999999991,failed_asia_low_break,90,0.8,0.8,-2.047499999999991,-3.097499999999991,-3.7974999999999905,fail_asia_br_b0.15_r0.0_e13_tp0.8_sl0.8,failed_asia_breakout_reversal_v1
2023-02-06 13:00:00+00:00,-1,1871.81,2023-02-06 13:35:00+00:00,1869.9904999999999,tp,1.8195000000000618,failed_asia_high_break,90,0.8,0.8,1.4695000000000618,0.41950000000006193,-0.2804999999999378,fail_asia_br_b0.15_r0.0_e13_tp0.8_sl0.8,failed_asia_breakout_reversal_v1
2023-02-07 13:00:00+00:00,-1,1871.77,2023-02-07 13:11:00+00:00,1870.01225,tp,1.7577499999999873,failed_asia_high_break,90,0.8,0.8,1.4077499999999872,0.35774999999998736,-0.3422500000000124,fail_asia_br_b0.15_r0.0_e13_tp0.8_sl0.8,failed_asia_breakout_reversal_v1
2023-02-16 13:00:00+00:00,-1,1838.22,2023-02-16 13:21:00+00:00,1836.66875,tp,1.5512499999999818,failed_asia_high_break,90,0.8,0.8,1.2012499999999817,0.1512499999999819,-0.5487500000000178,fail_asia_br_b0.15_r0.0_e13_tp0.8_sl0.8,failed_asia_breakout_reversal_v1
2023-02-20 13:00:00+00:00,-1,1843.34,2023-02-20 13:16:00+00:00,1844.6675,sl,-1.3275000000001,failed_asia_high_break,90,0.8,0.8,-1.6775000000001001,-2.7275000000001,-3.4275000000000997,fail_asia_br_b0.15_r0.0_e13_tp0.8_sl0.8,failed_asia_breakout_reversal_v1
2023-02-23 13:00:00+00:00,-1,1826.38,2023-02-23 13:06:00+00:00,1827.6885000000002,sl,-1.3085000000000946,failed_asia_high_break,90,0.8,0.8,-1.6585000000000947,-2.7085000000000945,-3.4085000000000942,fail_asia_br_b0.15_r0.0_e13_tp0.8_sl0.8,failed_asia_breakout_reversal_v1
2023-02-24 13:00:00+00:00,1,1822.42,2023-02-24 13:07:00+00:00,1821.0285000000001,sl,-1.3914999999999509,failed_asia_low_break,90,0.8,0.8,-1.741499999999951,-2.791499999999951,-3.4914999999999505,fail_asia_br_b0.15_r0.0_e13_tp0.8_sl0.8,failed_asia_breakout_reversal_v1
2023-03-02 13:00:00+00:00,1,1831.93,2023-03-02 13:22:00+00:00,1833.2117500000002,tp,1.2817500000001019,failed_asia_low_break,90,0.8,0.8,0.9317500000001019,-0.11824999999989805,-0.8182499999998978,fail_asia_br_b0.15_r0.0_e13_tp0.8_sl0.8,failed_asia_breakout_reversal_v1
2023-03-08 13:00:00+00:00,-1,1814.03,2023-03-08 13:05:00+00:00,1815.1105,sl,-1.080500000000029,failed_asia_high_break,90,0.8,0.8,-1.4305000000000292,-2.480500000000029,-3.1805000000000287,fail_asia_br_b0.15_r0.0_e13_tp0.8_sl0.8,failed_asia_breakout_reversal_v1
2023-03-10 13:00:00+00:00,-1,1833.02,2023-03-10 13:13:00+00:00,1834.5575,sl,-1.537499999999909,failed_asia_high_break,90,0.8,0.8,-1.8874999999999091,-2.937499999999909,-3.6374999999999087,fail_asia_br_b0.15_r0.0_e13_tp0.8_sl0.8,failed_asia_breakout_reversal_v1
2023-03-13 13:00:00+00:00,1,1882.32,2023-03-13 13:08:00+00:00,1884.836,tp,2.5160000000000764,failed_asia_low_break,90,0.8,0.8,2.1660000000000763,1.1160000000000765,0.41600000000007675,fail_asia_br_b0.15_r0.0_e13_tp0.8_sl0.8,failed_asia_breakout_reversal_v1
2023-03-14 13:00:00+00:00,1,1904.03,2023-03-14 14:04:00+00:00,1906.3305,tp,2.3005000000000564,failed_asia_low_break,90,0.8,0.8,1.9505000000000563,0.9005000000000565,0.20050000000005674,fail_asia_br_b0.15_r0.0_e13_tp0.8_sl0.8,failed_asia_breakout_reversal_v1
2023-03-20 13:00:00+00:00,-1,1979.74,2023-03-20 13:17:00+00:00,1984.005,sl,-4.2650000000001,failed_asia_high_break,90,0.8,0.8,-4.6150000000001,-5.6650000000001,-6.3650000000001,fail_asia_br_b0.15_r0.0_e13_tp0.8_sl0.8,failed_asia_breakout_reversal_v1
2023-03-22 13:00:00+00:00,1,1942.08,2023-03-22 13:43:00+00:00,1940.0835,sl,-1.996499999999969,failed_asia_low_break,90,0.8,0.8,-2.346499999999969,-3.396499999999969,-4.096499999999969,fail_asia_br_b0.15_r0.0_e13_tp0.8_sl0.8,failed_asia_breakout_reversal_v1
2023-03-23 13:00:00+00:00,-1,1977.55,2023-03-23 14:23:00+00:00,1979.89125,sl,-2.3412499999999454,failed_asia_high_break,90,0.8,0.8,-2.6912499999999455,-3.7412499999999453,-4.441249999999945,fail_asia_br_b0.15_r0.0_e13_tp0.8_sl0.8,failed_asia_breakout_reversal_v1
2023-03-29 13:00:00+00:00,1,1967.35,2023-03-29 13:22:00+00:00,1968.94075,tp,1.590750000000071,failed_asia_low_break,90,0.8,0.8,1.2407500000000709,0.19075000000007103,-0.5092499999999287,fail_asia_br_b0.15_r0.0_e13_tp0.8_sl0.8,failed_asia_breakout_reversal_v1
2023-04-04 13:00:00+00:00,1,1982.88,2023-04-04 13:03:00+00:00,1981.4305000000002,sl,-1.4494999999999436,failed_asia_low_break,90,0.8,0.8,-1.7994999999999437,-2.8494999999999435,-3.5494999999999433,fail_asia_br_b0.15_r0.0_e13_tp0.8_sl0.8,failed_asia_breakout_reversal_v1
2023-04-05 13:00:00+00:00,-1,2024.86,2023-04-05 13:21:00+00:00,2023.3639999999998,tp,1.4960000000000946,failed_asia_high_break,90,0.8,0.8,1.1460000000000945,0.09600000000009468,-0.6039999999999051,fail_asia_br_b0.15_r0.0_e13_tp0.8_sl0.8,failed_asia_breakout_reversal_v1
2023-04-12 13:00:00+00:00,-1,2011.25,2023-04-12 13:03:00+00:00,2009.542,tp,1.7080000000000837,failed_asia_high_break,90,0.8,0.8,1.3580000000000836,0.30800000000008376,-0.39199999999991597,fail_asia_br_b0.15_r0.0_e13_tp0.8_sl0.8,failed_asia_breakout_reversal_v1
2023-04-14 13:00:00+00:00,1,2038.72,2023-04-14 13:09:00+00:00,2040.5787500000001,tp,1.8587500000001,failed_asia_low_break,90,0.8,0.8,1.5087500000001,0.45875000000010013,-0.2412499999998996,fail_asia_br_b0.15_r0.0_e13_tp0.8_sl0.8,failed_asia_breakout_reversal_v1
2023-04-18 13:00:00+00:00,-1,2000.86,2023-04-18 13:18:00+00:00,2002.4757499999998,sl,-1.6157499999999345,failed_asia_high_break,90,0.8,0.8,-1.9657499999999346,-3.0157499999999344,-3.715749999999934,fail_asia_br_b0.15_r0.0_e13_tp0.8_sl0.8,failed_asia_breakout_reversal_v1
2023-04-26 13:00:00+00:00,1,1999.58,2023-04-26 14:21:00+00:00,2001.19975,tp,1.6197500000000673,failed_asia_low_break,90,0.8,0.8,1.2697500000000672,0.2197500000000674,-0.48024999999993234,fail_asia_br_b0.15_r0.0_e13_tp0.8_sl0.8,failed_asia_breakout_reversal_v1
2023-04-27 13:00:00+00:00,-1,1996.65,2023-04-27 13:11:00+00:00,1998.35825,sl,-1.7082499999999072,failed_asia_high_break,90,0.8,0.8,-2.0582499999999073,-3.108249999999907,-3.808249999999907,fail_asia_br_b0.15_r0.0_e13_tp0.8_sl0.8,failed_asia_breakout_reversal_v1
2023-05-01 13:00:00+00:00,1,1985.0,2023-05-01 13:04:00+00:00,1986.37125,tp,1.3712499999999181,failed_asia_low_break,90,0.8,0.8,1.021249999999918,-0.028750000000081766,-0.7287500000000815,fail_asia_br_b0.15_r0.0_e13_tp0.8_sl0.8,failed_asia_breakout_reversal_v1
2023-05-04 13:00:00+00:00,1,2037.71,2023-05-04 13:11:00+00:00,2039.74225,tp,2.0322499999999764,failed_asia_low_break,90,0.8,0.8,1.6822499999999763,0.6322499999999764,-0.06775000000002329,fail_asia_br_b0.15_r0.0_e13_tp0.8_sl0.8,failed_asia_breakout_reversal_v1
2023-05-08 13:00:00+00:00,-1,2022.64,2023-05-08 13:11:00+00:00,2023.9175,sl,-1.2774999999999181,failed_asia_high_break,90,0.8,0.8,-1.6274999999999182,-2.677499999999918,-3.377499999999918,fail_asia_br_b0.15_r0.0_e13_tp0.8_sl0.8,failed_asia_breakout_reversal_v1
2023-05-15 13:00:00+00:00,-1,2016.09,2023-05-15 13:56:00+00:00,2014.733,tp,1.356999999999971,failed_asia_high_break,90,0.8,0.8,1.0069999999999708,-0.043000000000029015,-0.7430000000000287,fail_asia_br_b0.15_r0.0_e13_tp0.8_sl0.8,failed_asia_breakout_reversal_v1
2023-05-22 13:00:00+00:00,1,1979.48,2023-05-22 13:05:00+00:00,1981.049,tp,1.56899999999996,failed_asia_low_break,90,0.8,0.8,1.21899999999996,0.16899999999996007,-0.5310000000000397,fail_asia_br_b0.15_r0.0_e13_tp0.8_sl0.8,failed_asia_breakout_reversal_v1
2023-05-25 13:00:00+00:00,-1,1961.12,2023-05-25 13:23:00+00:00,1962.4744999999998,sl,-1.3544999999999163,failed_asia_high_break,90,0.8,0.8,-1.7044999999999164,-2.7544999999999162,-3.454499999999916,fail_asia_br_b0.15_r0.0_e13_tp0.8_sl0.8,failed_asia_breakout_reversal_v1
2023-05-29 13:00:00+00:00,-1,1945.68,2023-05-29 13:23:00+00:00,1944.6557500000001,tp,1.0242499999999382,failed_asia_high_break,90,0.8,0.8,0.6742499999999382,-0.37575000000006176,-1.0757500000000615,fail_asia_br_b0.15_r0.0_e13_tp0.8_sl0.8,failed_asia_breakout_reversal_v1
2023-05-31 13:00:00+00:00,-1,1958.38,2023-05-31 13:17:00+00:00,1956.6770000000001,tp,1.7029999999999745,failed_asia_high_break,90,0.8,0.8,1.3529999999999744,0.3029999999999746,-0.3970000000000251,fail_asia_br_b0.15_r0.0_e13_tp0.8_sl0.8,failed_asia_breakout_reversal_v1
2023-06-05 13:00:00+00:00,1,1944.8,2023-06-05 13:10:00+00:00,1943.2435,sl,-1.5564999999999145,failed_asia_low_break,90,0.8,0.8,-1.9064999999999146,-2.9564999999999144,-3.656499999999914,fail_asia_br_b0.15_r0.0_e13_tp0.8_sl0.8,failed_asia_breakout_reversal_v1
2023-06-06 13:00:00+00:00,1,1962.18,2023-06-06 13:31:00+00:00,1963.65725,tp,1.4772499999999127,failed_asia_low_break,90,0.8,0.8,1.1272499999999126,0.07724999999991278,-0.622750000000087,fail_asia_br_b0.15_r0.0_e13_tp0.8_sl0.8,failed_asia_breakout_reversal_v1
2023-06-07 13:00:00+00:00,1,1964.69,2023-06-07 13:03:00+00:00,1965.96675,tp,1.2767499999999927,failed_asia_low_break,90,0.8,0.8,0.9267499999999927,-0.12325000000000719,-0.8232500000000069,fail_asia_br_b0.15_r0.0_e13_tp0.8_sl0.8,failed_asia_breakout_reversal_v1
2023-06-08 13:00:00+00:00,-1,1946.45,2023-06-08 13:34:00+00:00,1947.69725,sl,-1.2472499999998945,failed_asia_high_break,90,0.8,0.8,-1.5972499999998946,-2.6472499999998944,-3.347249999999894,fail_asia_br_b0.15_r0.0_e13_tp0.8_sl0.8,failed_asia_breakout_reversal_v1
2023-06-15 13:00:00+00:00,1,1936.03,2023-06-15 13:20:00+00:00,1934.32675,sl,-1.7032500000000255,failed_asia_low_break,90,0.8,0.8,-2.0532500000000256,-3.1032500000000254,-3.803250000000025,fail_asia_br_b0.15_r0.0_e13_tp0.8_sl0.8,failed_asia_breakout_reversal_v1
2023-06-20 13:00:00+00:00,-1,1952.27,2023-06-20 13:25:00+00:00,1950.934,tp,1.3360000000000127,failed_asia_high_break,90,0.8,0.8,0.9860000000000128,-0.06399999999998718,-0.7639999999999869,fail_asia_br_b0.15_r0.0_e13_tp0.8_sl0.8,failed_asia_breakout_reversal_v1
2023-07-06 13:00:00+00:00,-1,1917.45,2023-07-06 13:13:00+00:00,1918.4337500000001,sl,-0.9837500000001,failed_asia_high_break,90,0.8,0.8,-1.3337500000001001,-2.3837500000001,-3.0837500000000997,fail_asia_br_b0.15_r0.0_e13_tp0.8_sl0.8,failed_asia_breakout_reversal_v1
2023-07-10 13:00:00+00:00,1,1923.19,2023-07-10 13:21:00+00:00,1924.34575,tp,1.1557499999998981,failed_asia_low_break,90,0.8,0.8,0.8057499999998982,-0.24425000000010177,-0.9442500000001015,fail_asia_br_b0.15_r0.0_e13_tp0.8_sl0.8,failed_asia_breakout_reversal_v1
2023-07-13 13:00:00+00:00,-1,1960.13,2023-07-13 13:26:00+00:00,1958.83425,tp,1.2957499999999982,failed_asia_high_break,90,0.8,0.8,0.9457499999999982,-0.10425000000000173,-0.8042500000000015,fail_asia_br_b0.15_r0.0_e13_tp0.8_sl0.8,failed_asia_breakout_reversal_v1
2023-07-25 13:00:00+00:00,-1,1962.53,2023-07-25 13:21:00+00:00,1961.30025,tp,1.2297499999999673,failed_asia_high_break,90,0.8,0.8,0.8797499999999673,-0.17025000000003265,-0.8702500000000324,fail_asia_br_b0.15_r0.0_e13_tp0.8_sl0.8,failed_asia_breakout_reversal_v1
2023-07-28 13:00:00+00:00,-1,1951.96,2023-07-28 13:21:00+00:00,1953.70175,sl,-1.7417499999999109,failed_asia_high_break,90,0.8,0.8,-2.091749999999911,-3.141749999999911,-3.8417499999999105,fail_asia_br_b0.15_r0.0_e13_tp0.8_sl0.8,failed_asia_breakout_reversal_v1
2023-07-31 13:00:00+00:00,1,1956.73,2023-07-31 13:17:00+00:00,1957.9475,tp,1.2174999999999727,failed_asia_low_break,90,0.8,0.8,0.8674999999999727,-0.1825000000000272,-0.8825000000000269,fail_asia_br_b0.15_r0.0_e13_tp0.8_sl0.8,failed_asia_breakout_reversal_v1
2023-08-03 13:00:00+00:00,1,1935.89,2023-08-03 13:33:00+00:00,1934.4492500000001,sl,-1.44074999999998,failed_asia_low_break,90,0.8,0.8,-1.79074999999998,-2.84074999999998,-3.5407499999999796,fail_asia_br_b0.15_r0.0_e13_tp0.8_sl0.8,failed_asia_breakout_reversal_v1
2023-08-04 13:00:00+00:00,1,1933.57,2023-08-04 13:08:00+00:00,1932.4054999999998,sl,-1.1645000000000891,failed_asia_low_break,90,0.8,0.8,-1.5145000000000892,-2.564500000000089,-3.2645000000000888,fail_asia_br_b0.15_r0.0_e13_tp0.8_sl0.8,failed_asia_breakout_reversal_v1
2023-08-08 13:00:00+00:00,1,1935.16,2023-08-08 13:05:00+00:00,1933.9415000000001,sl,-1.218499999999949,failed_asia_low_break,90,0.8,0.8,-1.5684999999999492,-2.618499999999949,-3.3184999999999487,fail_asia_br_b0.15_r0.0_e13_tp0.8_sl0.8,failed_asia_breakout_reversal_v1
2023-08-09 13:00:00+00:00,-1,1925.71,2023-08-09 13:52:00+00:00,1924.6737500000002,tp,1.0362499999998818,failed_asia_high_break,90,0.8,0.8,0.6862499999998818,-0.36375000000011815,-1.0637500000001179,fail_asia_br_b0.15_r0.0_e13_tp0.8_sl0.8,failed_asia_breakout_reversal_v1
2023-08-14 13:00:00+00:00,-1,1914.02,2023-08-14 14:30:00+00:00,1913.67,horizon_close,0.34999999999990905,failed_asia_high_break,90,0.8,0.8,-9.092726571680032e-14,-1.0500000000000909,-1.7500000000000906,fail_asia_br_b0.15_r0.0_e13_tp0.8_sl0.8,failed_asia_breakout_reversal_v1
2023-08-15 13:00:00+00:00,1,1904.71,2023-08-15 13:17:00+00:00,1903.693,sl,-1.0170000000000528,failed_asia_low_break,90,0.8,0.8,-1.3670000000000528,-2.4170000000000527,-3.1170000000000524,fail_asia_br_b0.15_r0.0_e13_tp0.8_sl0.8,failed_asia_breakout_reversal_v1
2023-08-21 13:00:00+00:00,-1,1889.11,2023-08-21 13:22:00+00:00,1887.8319999999999,tp,1.27800000000002,failed_asia_high_break,90,0.8,0.8,0.92800000000002,-0.1219999999999799,-0.8219999999999796,fail_asia_br_b0.15_r0.0_e13_tp0.8_sl0.8,failed_asia_breakout_reversal_v1
2023-08-23 13:00:00+00:00,-1,1902.72,2023-08-23 13:29:00+00:00,1901.67325,tp,1.0467499999999745,failed_asia_high_break,90,0.8,0.8,0.6967499999999746,-0.3532500000000254,-1.053250000000025,fail_asia_br_b0.15_r0.0_e13_tp0.8_sl0.8,failed_asia_breakout_reversal_v1
2023-08-24 13:00:00+00:00,-1,1919.41,2023-08-24 13:05:00+00:00,1920.4750000000001,sl,-1.0650000000000546,failed_asia_high_break,90,0.8,0.8,-1.4150000000000547,-2.4650000000000545,-3.165000000000054,fail_asia_br_b0.15_r0.0_e13_tp0.8_sl0.8,failed_asia_breakout_reversal_v1
2023-09-04 13:00:00+00:00,-1,1940.91,2023-09-04 13:08:00+00:00,1941.6547500000001,sl,-0.7447500000000673,failed_asia_high_break,90,0.8,0.8,-1.0947500000000674,-2.144750000000067,-2.844750000000067,fail_asia_br_b0.15_r0.0_e13_tp0.8_sl0.8,failed_asia_breakout_reversal_v1
2023-09-18 13:00:00+00:00,-1,1926.83,2023-09-18 14:12:00+00:00,1927.6709999999998,sl,-0.8409999999998945,failed_asia_high_break,90,0.8,0.8,-1.1909999999998946,-2.2409999999998944,-2.940999999999894,fail_asia_br_b0.15_r0.0_e13_tp0.8_sl0.8,failed_asia_breakout_reversal_v1
2023-09-20 13:00:00+00:00,1,1931.8,2023-09-20 13:19:00+00:00,1932.57325,tp,0.7732499999999618,failed_asia_low_break,90,0.8,0.8,0.4232499999999618,-0.6267500000000381,-1.3267500000000378,fail_asia_br_b0.15_r0.0_e13_tp0.8_sl0.8,failed_asia_breakout_reversal_v1
2023-09-21 13:00:00+00:00,1,1924.36,2023-09-21 13:27:00+00:00,1925.253,tp,0.8930000000000291,failed_asia_low_break,90,0.8,0.8,0.5430000000000291,-0.5069999999999708,-1.2069999999999705,fail_asia_br_b0.15_r0.0_e13_tp0.8_sl0.8,failed_asia_breakout_reversal_v1
2023-09-22 13:00:00+00:00,-1,1925.34,2023-09-22 13:30:00+00:00,1926.22,sl,-0.8800000000001091,failed_asia_high_break,90,0.8,0.8,-1.2300000000001092,-2.280000000000109,-2.980000000000109,fail_asia_br_b0.15_r0.0_e13_tp0.8_sl0.8,failed_asia_breakout_reversal_v1
2023-09-28 13:00:00+00:00,-1,1875.97,2023-09-28 13:17:00+00:00,1874.9972500000001,tp,0.9727499999999054,failed_asia_high_break,90,0.8,0.8,0.6227499999999054,-0.4272500000000945,-1.1272500000000942,fail_asia_br_b0.15_r0.0_e13_tp0.8_sl0.8,failed_asia_breakout_reversal_v1
2023-10-04 13:00:00+00:00,1,1821.27,2023-10-04 13:11:00+00:00,1822.583,tp,1.3130000000001019,failed_asia_low_break,90,0.8,0.8,0.9630000000001019,-0.08699999999989805,-0.7869999999998978,fail_asia_br_b0.15_r0.0_e13_tp0.8_sl0.8,failed_asia_breakout_reversal_v1
2023-10-06 13:00:00+00:00,1,1820.47,2023-10-06 13:03:00+00:00,1821.27025,tp,0.8002500000000055,failed_asia_low_break,90,0.8,0.8,0.4502500000000055,-0.5997499999999945,-1.2997499999999942,fail_asia_br_b0.15_r0.0_e13_tp0.8_sl0.8,failed_asia_breakout_reversal_v1
2023-10-23 13:00:00+00:00,-1,1977.73,2023-10-23 13:30:00+00:00,1976.04925,tp,1.680749999999989,failed_asia_high_break,90,0.8,0.8,1.330749999999989,0.2807499999999892,-0.41925000000001056,fail_asia_br_b0.15_r0.0_e13_tp0.8_sl0.8,failed_asia_breakout_reversal_v1
2023-10-27 13:00:00+00:00,-1,1985.71,2023-10-27 13:30:00+00:00,1984.40225,tp,1.3077499999999418,failed_asia_high_break,90,0.8,0.8,0.9577499999999418,-0.09225000000005812,-0.7922500000000579,fail_asia_br_b0.15_r0.0_e13_tp0.8_sl0.8,failed_asia_breakout_reversal_v1
2023-11-28 13:00:00+00:00,1,2014.86,2023-11-28 14:30:00+00:00,2015.26,horizon_close,0.40000000000009095,failed_asia_low_break,90,0.8,0.8,0.05000000000009097,-0.999999999999909,-1.6999999999999087,fail_asia_br_b0.15_r0.0_e13_tp0.8_sl0.8,failed_asia_breakout_reversal_v1
2023-12-06 13:00:00+00:00,-1,2022.79,2023-12-06 13:11:00+00:00,2021.021,tp,1.7690000000000055,failed_asia_high_break,90,0.8,0.8,1.4190000000000054,0.36900000000000555,-0.3309999999999942,fail_asia_br_b0.15_r0.0_e13_tp0.8_sl0.8,failed_asia_breakout_reversal_v1
2023-12-08 13:00:00+00:00,1,2030.19,2023-12-08 14:18:00+00:00,2028.755,sl,-1.4349999999999454,failed_asia_low_break,90,0.8,0.8,-1.7849999999999455,-2.8349999999999453,-3.534999999999945,fail_asia_br_b0.15_r0.0_e13_tp0.8_sl0.8,failed_asia_breakout_reversal_v1
2023-12-14 13:00:00+00:00,-1,2034.09,2023-12-14 14:19:00+00:00,2036.1107499999998,sl,-2.0207499999999072,failed_asia_high_break,90,0.8,0.8,-2.3707499999999073,-3.420749999999907,-4.120749999999907,fail_asia_br_b0.15_r0.0_e13_tp0.8_sl0.8,failed_asia_breakout_reversal_v1
2023-12-18 13:00:00+00:00,-1,2018.89,2023-12-18 13:11:00+00:00,2020.294,sl,-1.4039999999999964,failed_asia_high_break,90,0.8,0.8,-1.7539999999999965,-2.8039999999999963,-3.503999999999996,fail_asia_br_b0.15_r0.0_e13_tp0.8_sl0.8,failed_asia_breakout_reversal_v1
2023-12-21 13:00:00+00:00,-1,2033.96,2023-12-21 13:23:00+00:00,2034.98125,sl,-1.021250000000009,failed_asia_high_break,90,0.8,0.8,-1.3712500000000092,-2.421250000000009,-3.1212500000000087,fail_asia_br_b0.15_r0.0_e13_tp0.8_sl0.8,failed_asia_breakout_reversal_v1
2023-12-28 13:00:00+00:00,1,2077.38,2023-12-28 13:51:00+00:00,2075.71875,sl,-1.6612500000001091,failed_asia_low_break,90,0.8,0.8,-2.0112500000001092,-3.061250000000109,-3.761250000000109,fail_asia_br_b0.15_r0.0_e13_tp0.8_sl0.8,failed_asia_breakout_reversal_v1
2024-01-09 13:00:00+00:00,-1,2034.98,2024-01-09 14:30:00+00:00,2034.89,horizon_close,0.08999999999991815,failed_asia_high_break,90,0.8,0.8,-0.26000000000008183,-1.3100000000000818,-2.0100000000000815,fail_asia_br_b0.15_r0.0_e13_tp0.8_sl0.8,failed_asia_breakout_reversal_v1
2024-01-11 13:00:00+00:00,-1,2031.86,2024-01-11 13:23:00+00:00,2033.061,sl,-1.2010000000000218,failed_asia_high_break,90,0.8,0.8,-1.551000000000022,-2.6010000000000217,-3.3010000000000215,fail_asia_br_b0.15_r0.0_e13_tp0.8_sl0.8,failed_asia_breakout_reversal_v1
2024-01-15 13:00:00+00:00,-1,2053.46,2024-01-15 13:15:00+00:00,2052.17075,tp,1.2892499999998108,failed_asia_high_break,90,0.8,0.8,0.9392499999998108,-0.11075000000018909,-0.8107500000001888,fail_asia_br_b0.15_r0.0_e13_tp0.8_sl0.8,failed_asia_breakout_reversal_v1
2024-01-17 13:00:00+00:00,1,2026.35,2024-01-17 13:11:00+00:00,2024.61675,sl,-1.7332499999999982,failed_asia_low_break,90,0.8,0.8,-2.0832499999999983,-3.133249999999998,-3.833249999999998,fail_asia_br_b0.15_r0.0_e13_tp0.8_sl0.8,failed_asia_breakout_reversal_v1
2024-01-18 13:00:00+00:00,-1,2011.52,2024-01-18 13:45:00+00:00,2012.96075,sl,-1.44074999999998,failed_asia_high_break,90,0.8,0.8,-1.79074999999998,-2.84074999999998,-3.5407499999999796,fail_asia_br_b0.15_r0.0_e13_tp0.8_sl0.8,failed_asia_breakout_reversal_v1
2024-01-23 13:00:00+00:00,-1,2024.17,2024-01-23 13:13:00+00:00,2025.9245,sl,-1.7545000000000073,failed_asia_high_break,90,0.8,0.8,-2.1045000000000074,-3.154500000000007,-3.854500000000007,fail_asia_br_b0.15_r0.0_e13_tp0.8_sl0.8,failed_asia_breakout_reversal_v1
2024-01-26 13:00:00+00:00,1,2023.73,2024-01-26 13:14:00+00:00,2022.678,sl,-1.0519999999999072,failed_asia_low_break,90,0.8,0.8,-1.4019999999999073,-2.451999999999907,-3.151999999999907,fail_asia_br_b0.15_r0.0_e13_tp0.8_sl0.8,failed_asia_breakout_reversal_v1
2024-01-29 13:00:00+00:00,-1,2027.34,2024-01-29 13:11:00+00:00,2026.08,tp,1.259999999999991,failed_asia_high_break,90,0.8,0.8,0.9099999999999909,-0.140000000000009,-0.8400000000000087,fail_asia_br_b0.15_r0.0_e13_tp0.8_sl0.8,failed_asia_breakout_reversal_v1
2024-01-31 13:00:00+00:00,-1,2037.07,2024-01-31 13:04:00+00:00,2037.98625,sl,-0.9162499999999909,failed_asia_high_break,90,0.8,0.8,-1.266249999999991,-2.316249999999991,-3.0162499999999905,fail_asia_br_b0.15_r0.0_e13_tp0.8_sl0.8,failed_asia_breakout_reversal_v1
2024-02-08 13:00:00+00:00,1,2036.07,2024-02-08 13:07:00+00:00,2034.84,sl,-1.2300000000000182,failed_asia_low_break,90,0.8,0.8,-1.5800000000000183,-2.630000000000018,-3.330000000000018,fail_asia_br_b0.15_r0.0_e13_tp0.8_sl0.8,failed_asia_breakout_reversal_v1
2024-02-09 13:00:00+00:00,1,2032.43,2024-02-09 13:27:00+00:00,2033.33075,tp,0.9007500000000164,failed_asia_low_break,90,0.8,0.8,0.5507500000000164,-0.49924999999998354,-1.1992499999999833,fail_asia_br_b0.15_r0.0_e13_tp0.8_sl0.8,failed_asia_breakout_reversal_v1
2024-02-14 13:00:00+00:00,1,1992.7,2024-02-14 13:07:00+00:00,1991.62425,sl,-1.075749999999971,failed_asia_low_break,90,0.8,0.8,-1.425749999999971,-2.475749999999971,-3.1757499999999705,fail_asia_br_b0.15_r0.0_e13_tp0.8_sl0.8,failed_asia_breakout_reversal_v1
2024-02-21 13:00:00+00:00,-1,2029.81,2024-02-21 13:11:00+00:00,2028.9154999999998,tp,0.8945000000001073,failed_asia_high_break,90,0.8,0.8,0.5445000000001073,-0.5054999999998926,-1.2054999999998923,fail_asia_br_b0.15_r0.0_e13_tp0.8_sl0.8,failed_asia_breakout_reversal_v1
2024-02-23 13:00:00+00:00,1,2023.04,2024-02-23 14:01:00+00:00,2024.17025,tp,1.1302499999999327,failed_asia_low_break,90,0.8,0.8,0.7802499999999327,-0.2697500000000672,-0.969750000000067,fail_asia_br_b0.15_r0.0_e13_tp0.8_sl0.8,failed_asia_breakout_reversal_v1
2024-02-26 13:00:00+00:00,-1,2031.68,2024-02-26 13:21:00+00:00,2032.72,sl,-1.0399999999999636,failed_asia_high_break,90,0.8,0.8,-1.3899999999999637,-2.4399999999999635,-3.1399999999999633,fail_asia_br_b0.15_r0.0_e13_tp0.8_sl0.8,failed_asia_breakout_reversal_v1
2024-03-04 13:00:00+00:00,-1,2084.08,2024-03-04 13:31:00+00:00,2083.05525,tp,1.02475000000004,failed_asia_high_break,90,0.8,0.8,0.67475000000004,-0.3752499999999599,-1.0752499999999596,fail_asia_br_b0.15_r0.0_e13_tp0.8_sl0.8,failed_asia_breakout_reversal_v1
2024-03-06 13:00:00+00:00,-1,2125.8,2024-03-06 13:07:00+00:00,2127.1615,sl,-1.3614999999999782,failed_asia_high_break,90,0.8,0.8,-1.7114999999999783,-2.761499999999978,-3.461499999999978,fail_asia_br_b0.15_r0.0_e13_tp0.8_sl0.8,failed_asia_breakout_reversal_v1
2024-03-11 13:00:00+00:00,1,2177.42,2024-03-11 13:39:00+00:00,2178.88725,tp,1.4672500000001492,failed_asia_low_break,90,0.8,0.8,1.117250000000149,0.06725000000014925,-0.6327499999998505,fail_asia_br_b0.15_r0.0_e13_tp0.8_sl0.8,failed_asia_breakout_reversal_v1
2024-03-25 13:00:00+00:00,1,2168.27,2024-03-25 13:11:00+00:00,2170.023,tp,1.7530000000001564,failed_asia_low_break,90,0.8,0.8,1.4030000000001563,0.3530000000001565,-0.3469999999998432,fail_asia_br_b0.15_r0.0_e13_tp0.8_sl0.8,failed_asia_breakout_reversal_v1
2024-04-01 13:00:00+00:00,-1,2252.05,2024-04-01 13:25:00+00:00,2249.84675,tp,2.2032500000000255,failed_asia_high_break,90,0.8,0.8,1.8532500000000254,0.8032500000000256,0.10325000000002582,fail_asia_br_b0.15_r0.0_e13_tp0.8_sl0.8,failed_asia_breakout_reversal_v1
2024-04-10 13:00:00+00:00,-1,2347.82,2024-04-10 13:02:00+00:00,2345.73275,tp,2.08725000000004,failed_asia_high_break,90,0.8,0.8,1.73725000000004,0.6872500000000401,-0.012749999999959627,fail_asia_br_b0.15_r0.0_e13_tp0.8_sl0.8,failed_asia_breakout_reversal_v1
2024-04-15 13:00:00+00:00,1,2349.09,2024-04-15 13:52:00+00:00,2352.3065,tp,3.2164999999999964,failed_asia_low_break,90,0.8,0.8,2.8664999999999963,1.8164999999999965,1.1164999999999967,fail_asia_br_b0.15_r0.0_e13_tp0.8_sl0.8,failed_asia_breakout_reversal_v1
2024-04-23 13:00:00+00:00,1,2295.46,2024-04-23 13:07:00+00:00,2299.38825,tp,3.9282499999999345,failed_asia_low_break,90,0.8,0.8,3.5782499999999344,2.5282499999999346,1.8282499999999349,fail_asia_br_b0.15_r0.0_e13_tp0.8_sl0.8,failed_asia_breakout_reversal_v1
2024-05-01 13:00:00+00:00,1,2290.91,2024-05-01 13:09:00+00:00,2289.1425,sl,-1.7674999999999272,failed_asia_low_break,90,0.8,0.8,-2.1174999999999273,-3.167499999999927,-3.867499999999927,fail_asia_br_b0.15_r0.0_e13_tp0.8_sl0.8,failed_asia_breakout_reversal_v1
2024-05-16 13:00:00+00:00,1,2385.18,2024-05-16 13:29:00+00:00,2383.1895,sl,-1.9904999999998836,failed_asia_low_break,90,0.8,0.8,-2.3404999999998837,-3.3904999999998835,-4.090499999999883,fail_asia_br_b0.15_r0.0_e13_tp0.8_sl0.8,failed_asia_breakout_reversal_v1
2024-05-22 13:00:00+00:00,1,2417.25,2024-05-22 13:32:00+00:00,2414.81525,sl,-2.4347499999998945,failed_asia_low_break,90,0.8,0.8,-2.7847499999998946,-3.8347499999998944,-4.534749999999894,fail_asia_br_b0.15_r0.0_e13_tp0.8_sl0.8,failed_asia_breakout_reversal_v1
2024-05-30 13:00:00+00:00,1,2333.02,2024-05-30 13:45:00+00:00,2335.48775,tp,2.4677499999997963,failed_asia_low_break,90,0.8,0.8,2.117749999999796,1.0677499999997964,0.36774999999979663,fail_asia_br_b0.15_r0.0_e13_tp0.8_sl0.8,failed_asia_breakout_reversal_v1
2024-06-03 13:00:00+00:00,1,2327.03,2024-06-03 13:42:00+00:00,2329.3520000000003,tp,2.3220000000001164,failed_asia_low_break,90,0.8,0.8,1.9720000000001163,0.9220000000001165,0.22200000000011677,fail_asia_br_b0.15_r0.0_e13_tp0.8_sl0.8,failed_asia_breakout_reversal_v1
2024-06-05 13:00:00+00:00,-1,2332.84,2024-06-05 13:08:00+00:00,2330.87025,tp,1.9697500000002037,failed_asia_high_break,90,0.8,0.8,1.6197500000002036,0.5697500000002038,-0.13024999999979592,fail_asia_br_b0.15_r0.0_e13_tp0.8_sl0.8,failed_asia_breakout_reversal_v1
2024-06-10 13:00:00+00:00,1,2295.54,2024-06-10 13:53:00+00:00,2297.761,tp,2.2210000000000036,failed_asia_low_break,90,0.8,0.8,1.8710000000000035,0.8210000000000037,0.121000000000004,fail_asia_br_b0.15_r0.0_e13_tp0.8_sl0.8,failed_asia_breakout_reversal_v1
2024-06-11 13:00:00+00:00,1,2305.73,2024-06-11 13:23:00+00:00,2307.7055,tp,1.975500000000011,failed_asia_low_break,90,0.8,0.8,1.6255000000000108,0.575500000000011,-0.12449999999998873,fail_asia_br_b0.15_r0.0_e13_tp0.8_sl0.8,failed_asia_breakout_reversal_v1
2024-06-19 13:00:00+00:00,-1,2327.66,2024-06-19 13:12:00+00:00,2328.9155,sl,-1.255500000000211,failed_asia_high_break,90,0.8,0.8,-1.605500000000211,-2.655500000000211,-3.3555000000002106,fail_asia_br_b0.15_r0.0_e13_tp0.8_sl0.8,failed_asia_breakout_reversal_v1
2024-06-20 13:00:00+00:00,-1,2334.38,2024-06-20 13:24:00+00:00,2336.232,sl,-1.8519999999998618,failed_asia_high_break,90,0.8,0.8,-2.201999999999862,-3.2519999999998617,-3.9519999999998614,fail_asia_br_b0.15_r0.0_e13_tp0.8_sl0.8,failed_asia_breakout_reversal_v1
2024-06-24 13:00:00+00:00,-1,2325.01,2024-06-24 14:30:00+00:00,2325.36,horizon_close,-0.34999999999990905,failed_asia_high_break,90,0.8,0.8,-0.699999999999909,-1.749999999999909,-2.4499999999999087,fail_asia_br_b0.15_r0.0_e13_tp0.8_sl0.8,failed_asia_breakout_reversal_v1
2024-06-25 13:00:00+00:00,1,2333.41,2024-06-25 13:08:00+00:00,2335.20525,tp,1.7952500000001237,failed_asia_low_break,90,0.8,0.8,1.4452500000001236,0.3952500000001238,-0.30474999999987595,fail_asia_br_b0.15_r0.0_e13_tp0.8_sl0.8,failed_asia_breakout_reversal_v1
2024-06-26 13:00:00+00:00,1,2315.4,2024-06-26 13:14:00+00:00,2313.32375,sl,-2.0762500000000728,failed_asia_low_break,90,0.8,0.8,-2.426250000000073,-3.4762500000000727,-4.176250000000072,fail_asia_br_b0.15_r0.0_e13_tp0.8_sl0.8,failed_asia_breakout_reversal_v1
2024-07-04 13:00:00+00:00,1,2357.33,2024-07-04 13:42:00+00:00,2359.01375,tp,1.6837500000001455,failed_asia_low_break,90,0.8,0.8,1.3337500000001454,0.2837500000001456,-0.4162499999998541,fail_asia_br_b0.15_r0.0_e13_tp0.8_sl0.8,failed_asia_breakout_reversal_v1
2024-07-05 13:00:00+00:00,-1,2362.17,2024-07-05 13:04:00+00:00,2363.73475,sl,-1.5647500000000036,failed_asia_high_break,90,0.8,0.8,-1.9147500000000037,-2.9647500000000035,-3.6647500000000033,fail_asia_br_b0.15_r0.0_e13_tp0.8_sl0.8,failed_asia_breakout_reversal_v1
2024-07-09 13:00:00+00:00,-1,2365.34,2024-07-09 13:16:00+00:00,2363.63025,tp,1.7097499999999854,failed_asia_high_break,90,0.8,0.8,1.3597499999999854,0.30974999999998554,-0.3902500000000142,fail_asia_br_b0.15_r0.0_e13_tp0.8_sl0.8,failed_asia_breakout_reversal_v1
2024-07-15 13:00:00+00:00,1,2411.75,2024-07-15 13:20:00+00:00,2413.47725,tp,1.7272499999999127,failed_asia_low_break,90,0.8,0.8,1.3772499999999126,0.3272499999999128,-0.37275000000008696,fail_asia_br_b0.15_r0.0_e13_tp0.8_sl0.8,failed_asia_breakout_reversal_v1
2024-07-17 13:00:00+00:00,1,2475.02,2024-07-17 13:38:00+00:00,2471.97325,sl,-3.0467499999999745,failed_asia_low_break,90,0.8,0.8,-3.3967499999999746,-4.446749999999975,-5.146749999999974,fail_asia_br_b0.15_r0.0_e13_tp0.8_sl0.8,failed_asia_breakout_reversal_v1
2024-07-18 13:00:00+00:00,-1,2465.0,2024-07-18 13:14:00+00:00,2462.9615,tp,2.0385000000001128,failed_asia_high_break,90,0.8,0.8,1.6885000000001127,0.6385000000001129,-0.06149999999988687,fail_asia_br_b0.15_r0.0_e13_tp0.8_sl0.8,failed_asia_breakout_reversal_v1
2024-07-22 13:00:00+00:00,1,2404.51,2024-07-22 13:36:00+00:00,2406.789,tp,2.2789999999999964,failed_asia_low_break,90,0.8,0.8,1.9289999999999963,0.8789999999999965,0.17899999999999672,fail_asia_br_b0.15_r0.0_e13_tp0.8_sl0.8,failed_asia_breakout_reversal_v1
2024-07-24 13:00:00+00:00,-1,2413.7,2024-07-24 13:25:00+00:00,2415.92375,sl,-2.223750000000109,failed_asia_high_break,90,0.8,0.8,-2.5737500000001092,-3.623750000000109,-4.323750000000109,fail_asia_br_b0.15_r0.0_e13_tp0.8_sl0.8,failed_asia_breakout_reversal_v1
2024-07-25 13:00:00+00:00,1,2373.0,2024-07-25 13:36:00+00:00,2376.19,tp,3.1900000000000546,failed_asia_low_break,90,0.8,0.8,2.8400000000000545,1.7900000000000547,1.090000000000055,fail_asia_br_b0.15_r0.0_e13_tp0.8_sl0.8,failed_asia_breakout_reversal_v1
2024-08-05 13:00:00+00:00,-1,2423.56,2024-08-05 13:24:00+00:00,2418.6475,tp,4.912499999999909,failed_asia_high_break,90,0.8,0.8,4.562499999999909,3.512499999999909,2.8124999999999094,fail_asia_br_b0.15_r0.0_e13_tp0.8_sl0.8,failed_asia_breakout_reversal_v1
2024-08-06 13:00:00+00:00,1,2413.02,2024-08-06 14:30:00+00:00,2413.39,horizon_close,0.36999999999989086,failed_asia_low_break,90,0.8,0.8,0.019999999999890883,-1.030000000000109,-1.7300000000001088,fail_asia_br_b0.15_r0.0_e13_tp0.8_sl0.8,failed_asia_breakout_reversal_v1
2024-08-09 13:00:00+00:00,1,2424.08,2024-08-09 13:31:00+00:00,2426.087,tp,2.007000000000062,failed_asia_low_break,90,0.8,0.8,1.6570000000000618,0.6070000000000619,-0.0929999999999378,fail_asia_br_b0.15_r0.0_e13_tp0.8_sl0.8,failed_asia_breakout_reversal_v1
2024-08-22 13:00:00+00:00,1,2507.23,2024-08-22 14:00:00+00:00,2504.97275,sl,-2.2572500000001128,failed_asia_low_break,90,0.8,0.8,-2.607250000000113,-3.6572500000001127,-4.357250000000112,fail_asia_br_b0.15_r0.0_e13_tp0.8_sl0.8,failed_asia_breakout_reversal_v1
2024-08-27 13:00:00+00:00,1,2508.37,2024-08-27 14:10:00+00:00,2510.6394999999998,tp,2.26949999999988,failed_asia_low_break,90,0.8,0.8,1.9194999999998799,0.86949999999988,0.1694999999998803,fail_asia_br_b0.15_r0.0_e13_tp0.8_sl0.8,failed_asia_breakout_reversal_v1
2024-09-02 13:00:00+00:00,-1,2498.19,2024-09-02 13:10:00+00:00,2500.415,sl,-2.224999999999909,failed_asia_high_break,90,0.8,0.8,-2.574999999999909,-3.624999999999909,-4.324999999999909,fail_asia_br_b0.15_r0.0_e13_tp0.8_sl0.8,failed_asia_breakout_reversal_v1
2024-09-10 13:00:00+00:00,1,2506.69,2024-09-10 13:16:00+00:00,2508.246,tp,1.55600000000004,failed_asia_low_break,90,0.8,0.8,1.20600000000004,0.1560000000000401,-0.5439999999999596,fail_asia_br_b0.15_r0.0_e13_tp0.8_sl0.8,failed_asia_breakout_reversal_v1
2024-09-13 13:00:00+00:00,-1,2568.72,2024-09-13 13:09:00+00:00,2566.4975,tp,2.2224999999998545,failed_asia_high_break,90,0.8,0.8,1.8724999999998544,0.8224999999998546,0.12249999999985484,fail_asia_br_b0.15_r0.0_e13_tp0.8_sl0.8,failed_asia_breakout_reversal_v1
2024-09-16 13:00:00+00:00,-1,2586.09,2024-09-16 13:21:00+00:00,2584.20075,tp,1.8892500000001746,failed_asia_high_break,90,0.8,0.8,1.5392500000001745,0.4892500000001747,-0.21074999999982502,fail_asia_br_b0.15_r0.0_e13_tp0.8_sl0.8,failed_asia_breakout_reversal_v1
2024-09-18 13:00:00+00:00,1,2571.85,2024-09-18 13:24:00+00:00,2573.5899999999997,tp,1.7399999999997817,failed_asia_low_break,90,0.8,0.8,1.3899999999997816,0.3399999999997818,-0.3600000000002179,fail_asia_br_b0.15_r0.0_e13_tp0.8_sl0.8,failed_asia_breakout_reversal_v1
2024-09-23 13:00:00+00:00,1,2621.25,2024-09-23 13:38:00+00:00,2623.52,tp,2.269999999999982,failed_asia_low_break,90,0.8,0.8,1.9199999999999817,0.8699999999999819,0.16999999999998217,fail_asia_br_b0.15_r0.0_e13_tp0.8_sl0.8,failed_asia_breakout_reversal_v1
2024-09-25 13:00:00+00:00,1,2657.06,2024-09-25 13:57:00+00:00,2654.59625,sl,-2.463749999999891,failed_asia_low_break,90,0.8,0.8,-2.813749999999891,-3.8637499999998908,-4.5637499999998905,fail_asia_br_b0.15_r0.0_e13_tp0.8_sl0.8,failed_asia_breakout_reversal_v1
2024-10-04 13:00:00+00:00,-1,2657.42,2024-10-04 13:17:00+00:00,2659.12,sl,-1.699999999999818,failed_asia_high_break,90,0.8,0.8,-2.049999999999818,-3.099999999999818,-3.7999999999998177,fail_asia_br_b0.15_r0.0_e13_tp0.8_sl0.8,failed_asia_breakout_reversal_v1
2024-10-08 13:00:00+00:00,1,2640.17,2024-10-08 13:37:00+00:00,2643.1262500000003,tp,2.956250000000182,failed_asia_low_break,90,0.8,0.8,2.606250000000182,1.556250000000182,0.8562500000001823,fail_asia_br_b0.15_r0.0_e13_tp0.8_sl0.8,failed_asia_breakout_reversal_v1
2024-10-09 13:00:00+00:00,1,2617.52,2024-10-09 13:49:00+00:00,2619.98325,tp,2.4632500000002437,failed_asia_low_break,90,0.8,0.8,2.1132500000002437,1.0632500000002438,0.3632500000002441,fail_asia_br_b0.15_r0.0_e13_tp0.8_sl0.8,failed_asia_breakout_reversal_v1
2024-10-11 13:00:00+00:00,-1,2637.46,2024-10-11 13:30:00+00:00,2639.4605,sl,-2.000500000000102,failed_asia_high_break,90,0.8,0.8,-2.350500000000102,-3.4005000000001018,-4.1005000000001015,fail_asia_br_b0.15_r0.0_e13_tp0.8_sl0.8,failed_asia_breakout_reversal_v1
2024-10-17 13:00:00+00:00,-1,2679.45,2024-10-17 13:08:00+00:00,2681.7295,sl,-2.2795000000000982,failed_asia_high_break,90,0.8,0.8,-2.6295000000000983,-3.679500000000098,-4.379500000000098,fail_asia_br_b0.15_r0.0_e13_tp0.8_sl0.8,failed_asia_breakout_reversal_v1
2024-10-18 13:00:00+00:00,-1,2711.77,2024-10-18 13:34:00+00:00,2709.35025,tp,2.419750000000022,failed_asia_high_break,90,0.8,0.8,2.0697500000000217,1.019750000000022,0.3197500000000222,fail_asia_br_b0.15_r0.0_e13_tp0.8_sl0.8,failed_asia_breakout_reversal_v1
2024-10-22 13:00:00+00:00,-1,2732.09,2024-10-22 13:13:00+00:00,2734.0305000000003,sl,-1.9405000000001564,failed_asia_high_break,90,0.8,0.8,-2.2905000000001565,-3.3405000000001563,-4.040500000000156,fail_asia_br_b0.15_r0.0_e13_tp0.8_sl0.8,failed_asia_breakout_reversal_v1
2024-10-28 13:00:00+00:00,-1,2732.28,2024-10-28 13:39:00+00:00,2729.5732500000004,tp,2.706749999999829,failed_asia_high_break,90,0.8,0.8,2.356749999999829,1.306749999999829,0.6067499999998294,fail_asia_br_b0.15_r0.0_e13_tp0.8_sl0.8,failed_asia_breakout_reversal_v1
2024-10-30 13:00:00+00:00,-1,2780.74,2024-10-30 13:56:00+00:00,2778.792,tp,1.9479999999998654,failed_asia_high_break,90,0.8,0.8,1.5979999999998653,0.5479999999998655,-0.15200000000013425,fail_asia_br_b0.15_r0.0_e13_tp0.8_sl0.8,failed_asia_breakout_reversal_v1
2024-11-01 13:00:00+00:00,-1,2749.6,2024-11-01 13:08:00+00:00,2751.6527499999997,sl,-2.0527499999998327,failed_asia_high_break,90,0.8,0.8,-2.4027499999998327,-3.4527499999998326,-4.152749999999832,fail_asia_br_b0.15_r0.0_e13_tp0.8_sl0.8,failed_asia_breakout_reversal_v1
2024-11-04 13:00:00+00:00,-1,2739.46,2024-11-04 13:07:00+00:00,2737.02075,tp,2.4392499999999018,failed_asia_high_break,90,0.8,0.8,2.0892499999999017,1.0392499999999019,0.33924999999990213,fail_asia_br_b0.15_r0.0_e13_tp0.8_sl0.8,failed_asia_breakout_reversal_v1
2024-11-15 13:00:00+00:00,1,2566.75,2024-11-15 13:28:00+00:00,2569.17225,tp,2.4222500000000764,failed_asia_low_break,90,0.8,0.8,2.0722500000000763,1.0222500000000765,0.32225000000007675,fail_asia_br_b0.15_r0.0_e13_tp0.8_sl0.8,failed_asia_breakout_reversal_v1
2024-11-25 13:00:00+00:00,1,2679.33,2024-11-25 13:16:00+00:00,2683.96775,tp,4.637749999999869,failed_asia_low_break,90,0.8,0.8,4.287749999999869,3.237749999999869,2.5377499999998694,fail_asia_br_b0.15_r0.0_e13_tp0.8_sl0.8,failed_asia_breakout_reversal_v1
2024-11-26 13:00:00+00:00,-1,2631.3,2024-11-26 13:10:00+00:00,2628.23,tp,3.0700000000001637,failed_asia_high_break,90,0.8,0.8,2.7200000000001636,1.6700000000001638,0.9700000000001641,fail_asia_br_b0.15_r0.0_e13_tp0.8_sl0.8,failed_asia_breakout_reversal_v1
2024-11-29 13:00:00+00:00,-1,2662.41,2024-11-29 13:59:00+00:00,2659.7642499999997,tp,2.6457500000001346,failed_asia_high_break,90,0.8,0.8,2.2957500000001345,1.2457500000001347,0.545750000000135,fail_asia_br_b0.15_r0.0_e13_tp0.8_sl0.8,failed_asia_breakout_reversal_v1
2024-12-02 13:00:00+00:00,1,2637.49,2024-12-02 13:15:00+00:00,2640.22225,tp,2.732250000000022,failed_asia_low_break,90,0.8,0.8,2.3822500000000217,1.332250000000022,0.6322500000000222,fail_asia_br_b0.15_r0.0_e13_tp0.8_sl0.8,failed_asia_breakout_reversal_v1
2024-12-03 13:00:00+00:00,-1,2642.7,2024-12-03 13:19:00+00:00,2644.91525,sl,-2.2152500000001965,failed_asia_high_break,90,0.8,0.8,-2.5652500000001965,-3.6152500000001964,-4.315250000000196,fail_asia_br_b0.15_r0.0_e13_tp0.8_sl0.8,failed_asia_breakout_reversal_v1
2024-12-06 13:00:00+00:00,-1,2634.11,2024-12-06 13:15:00+00:00,2636.8612500000004,sl,-2.7512500000002547,failed_asia_high_break,90,0.8,0.8,-3.1012500000002547,-4.151250000000255,-4.851250000000254,fail_asia_br_b0.15_r0.0_e13_tp0.8_sl0.8,failed_asia_breakout_reversal_v1
2024-12-11 13:00:00+00:00,1,2693.8,2024-12-11 14:30:00+00:00,2694.99,horizon_close,1.1899999999995998,failed_asia_low_break,90,0.8,0.8,0.8399999999995998,-0.2100000000004001,-0.9100000000003998,fail_asia_br_b0.15_r0.0_e13_tp0.8_sl0.8,failed_asia_breakout_reversal_v1
2024-12-18 13:00:00+00:00,1,2648.21,2024-12-18 13:51:00+00:00,2646.4285,sl,-1.781500000000051,failed_asia_low_break,90,0.8,0.8,-2.131500000000051,-3.181500000000051,-3.8815000000000506,fail_asia_br_b0.15_r0.0_e13_tp0.8_sl0.8,failed_asia_breakout_reversal_v1
2024-12-23 13:00:00+00:00,-1,2618.9,2024-12-23 13:07:00+00:00,2616.91775,tp,1.9822500000000218,failed_asia_high_break,90,0.8,0.8,1.6322500000000217,0.5822500000000219,-0.11774999999997782,fail_asia_br_b0.15_r0.0_e13_tp0.8_sl0.8,failed_asia_breakout_reversal_v1
2024-12-24 13:00:00+00:00,-1,2615.3,2024-12-24 13:25:00+00:00,2613.71725,tp,1.5827500000000327,failed_asia_high_break,90,0.8,0.8,1.2327500000000327,0.18275000000003283,-0.5172499999999669,fail_asia_br_b0.15_r0.0_e13_tp0.8_sl0.8,failed_asia_breakout_reversal_v1
2024-12-26 13:00:00+00:00,-1,2628.54,2024-12-26 13:10:00+00:00,2630.0095,sl,-1.4695000000001528,failed_asia_high_break,90,0.8,0.8,-1.8195000000001529,-2.8695000000001527,-3.5695000000001524,fail_asia_br_b0.15_r0.0_e13_tp0.8_sl0.8,failed_asia_breakout_reversal_v1
2025-01-03 13:00:00+00:00,1,2657.83,2025-01-03 14:26:00+00:00,2655.8469999999998,sl,-1.9830000000001746,failed_asia_low_break,90,0.8,0.8,-2.3330000000001747,-3.3830000000001745,-4.083000000000174,fail_asia_br_b0.15_r0.0_e13_tp0.8_sl0.8,failed_asia_breakout_reversal_v1
2025-01-13 13:00:00+00:00,1,2679.58,2025-01-13 13:37:00+00:00,2677.2662499999997,sl,-2.3137500000002547,failed_asia_low_break,90,0.8,0.8,-2.6637500000002547,-3.7137500000002546,-4.413750000000254,fail_asia_br_b0.15_r0.0_e13_tp0.8_sl0.8,failed_asia_breakout_reversal_v1
2025-01-14 13:00:00+00:00,-1,2666.21,2025-01-14 13:50:00+00:00,2668.2605,sl,-2.050499999999829,failed_asia_high_break,90,0.8,0.8,-2.400499999999829,-3.450499999999829,-4.150499999999829,fail_asia_br_b0.15_r0.0_e13_tp0.8_sl0.8,failed_asia_breakout_reversal_v1
2025-01-21 13:00:00+00:00,-1,2718.63,2025-01-21 13:35:00+00:00,2721.311,sl,-2.68100000000004,failed_asia_high_break,90,0.8,0.8,-3.03100000000004,-4.08100000000004,-4.78100000000004,fail_asia_br_b0.15_r0.0_e13_tp0.8_sl0.8,failed_asia_breakout_reversal_v1
2025-01-23 13:00:00+00:00,1,2751.98,2025-01-23 13:29:00+00:00,2753.80975,tp,1.8297499999998763,failed_asia_low_break,90,0.8,0.8,1.4797499999998762,0.4297499999998764,-0.27025000000012334,fail_asia_br_b0.15_r0.0_e13_tp0.8_sl0.8,failed_asia_breakout_reversal_v1
2025-01-24 13:00:00+00:00,-1,2776.42,2025-01-24 13:09:00+00:00,2774.23175,tp,2.188250000000153,failed_asia_high_break,90,0.8,0.8,1.8382500000001527,0.7882500000001529,0.08825000000015315,fail_asia_br_b0.15_r0.0_e13_tp0.8_sl0.8,failed_asia_breakout_reversal_v1
2025-01-27 13:00:00+00:00,1,2767.23,2025-01-27 13:22:00+00:00,2769.91675,tp,2.686749999999847,failed_asia_low_break,90,0.8,0.8,2.336749999999847,1.2867499999998473,0.5867499999998476,fail_asia_br_b0.15_r0.0_e13_tp0.8_sl0.8,failed_asia_breakout_reversal_v1
2025-01-28 13:00:00+00:00,1,2742.66,2025-01-28 14:30:00+00:00,2743.31,horizon_close,0.650000000000091,failed_asia_low_break,90,0.8,0.8,0.30000000000009097,-0.749999999999909,-1.4499999999999087,fail_asia_br_b0.15_r0.0_e13_tp0.8_sl0.8,failed_asia_breakout_reversal_v1
2025-01-31 13:00:00+00:00,-1,2793.63,2025-01-31 13:16:00+00:00,2795.4965,sl,-1.8665000000000873,failed_asia_high_break,90,0.8,0.8,-2.2165000000000874,-3.2665000000000872,-3.966500000000087,fail_asia_br_b0.15_r0.0_e13_tp0.8_sl0.8,failed_asia_breakout_reversal_v1
2025-02-04 13:00:00+00:00,1,2815.04,2025-02-04 14:15:00+00:00,2817.706,tp,2.6660000000001673,failed_asia_low_break,90,0.8,0.8,2.3160000000001673,1.2660000000001674,0.5660000000001677,fail_asia_br_b0.15_r0.0_e13_tp0.8_sl0.8,failed_asia_breakout_reversal_v1
2025-02-13 13:00:00+00:00,-1,2917.58,2025-02-13 14:30:00+00:00,2918.08,horizon_close,-0.5,failed_asia_high_break,90,0.8,0.8,-0.85,-1.9,-2.5999999999999996,fail_asia_br_b0.15_r0.0_e13_tp0.8_sl0.8,failed_asia_breakout_reversal_v1
2025-02-17 13:00:00+00:00,-1,2903.0,2025-02-17 13:11:00+00:00,2900.1095,tp,2.8904999999999745,failed_asia_high_break,90,0.8,0.8,2.5404999999999744,1.4904999999999746,0.7904999999999749,fail_asia_br_b0.15_r0.0_e13_tp0.8_sl0.8,failed_asia_breakout_reversal_v1
2025-02-21 13:00:00+00:00,1,2930.41,2025-02-21 13:12:00+00:00,2933.32275,tp,2.91274999999996,failed_asia_low_break,90,0.8,0.8,2.56274999999996,1.51274999999996,0.8127499999999603,fail_asia_br_b0.15_r0.0_e13_tp0.8_sl0.8,failed_asia_breakout_reversal_v1
2025-02-24 13:00:00+00:00,-1,2938.2,2025-02-24 13:22:00+00:00,2940.88575,sl,-2.6857500000000982,failed_asia_high_break,90,0.8,0.8,-3.0357500000000983,-4.085750000000099,-4.785750000000098,fail_asia_br_b0.15_r0.0_e13_tp0.8_sl0.8,failed_asia_breakout_reversal_v1
2025-02-25 13:00:00+00:00,1,2937.48,2025-02-25 13:28:00+00:00,2940.1235,tp,2.643500000000131,failed_asia_low_break,90,0.8,0.8,2.293500000000131,1.243500000000131,0.5435000000001313,fail_asia_br_b0.15_r0.0_e13_tp0.8_sl0.8,failed_asia_breakout_reversal_v1
2025-02-26 13:00:00+00:00,1,2913.39,2025-02-26 14:29:00+00:00,2910.6124999999997,sl,-2.7775000000001455,failed_asia_low_break,90,0.8,0.8,-3.1275000000001456,-4.177500000000146,-4.877500000000145,fail_asia_br_b0.15_r0.0_e13_tp0.8_sl0.8,failed_asia_breakout_reversal_v1
2025-02-28 13:00:00+00:00,1,2862.95,2025-02-28 13:20:00+00:00,2859.937,sl,-3.01299999999992,failed_asia_low_break,90,0.8,0.8,-3.36299999999992,-4.41299999999992,-5.11299999999992,fail_asia_br_b0.15_r0.0_e13_tp0.8_sl0.8,failed_asia_breakout_reversal_v1
2025-03-05 13:00:00+00:00,-1,2914.47,2025-03-05 14:07:00+00:00,2917.36975,sl,-2.89975000000004,failed_asia_high_break,90,0.8,0.8,-3.24975000000004,-4.29975000000004,-4.99975000000004,fail_asia_br_b0.15_r0.0_e13_tp0.8_sl0.8,failed_asia_breakout_reversal_v1
2025-03-13 13:00:00+00:00,-1,2945.25,2025-03-13 13:10:00+00:00,2947.4445,sl,-2.194500000000062,failed_asia_high_break,90,0.8,0.8,-2.544500000000062,-3.5945000000000618,-4.2945000000000615,fail_asia_br_b0.15_r0.0_e13_tp0.8_sl0.8,failed_asia_breakout_reversal_v1
2025-03-21 13:00:00+00:00,1,3030.11,2025-03-21 13:36:00+00:00,3032.62,tp,2.5099999999997635,failed_asia_low_break,90,0.8,0.8,2.1599999999997634,1.1099999999997636,0.4099999999997639,fail_asia_br_b0.15_r0.0_e13_tp0.8_sl0.8,failed_asia_breakout_reversal_v1
2025-03-28 13:00:00+00:00,-1,3074.77,2025-03-28 13:16:00+00:00,3077.64425,sl,-2.874249999999847,failed_asia_high_break,90,0.8,0.8,-3.2242499999998473,-4.274249999999848,-4.974249999999847,fail_asia_br_b0.15_r0.0_e13_tp0.8_sl0.8,failed_asia_breakout_reversal_v1
2025-04-01 13:00:00+00:00,-1,3131.11,2025-04-01 13:13:00+00:00,3134.73675,sl,-3.6267499999999018,failed_asia_high_break,90,0.8,0.8,-3.976749999999902,-5.026749999999902,-5.726749999999901,fail_asia_br_b0.15_r0.0_e13_tp0.8_sl0.8,failed_asia_breakout_reversal_v1
2025-04-04 13:00:00+00:00,1,3090.87,2025-04-04 13:03:00+00:00,3095.93025,tp,5.060249999999996,failed_asia_low_break,90,0.8,0.8,4.710249999999997,3.6602499999999965,2.9602499999999967,fail_asia_br_b0.15_r0.0_e13_tp0.8_sl0.8,failed_asia_breakout_reversal_v1
2025-04-15 13:00:00+00:00,-1,3222.1,2025-04-15 13:07:00+00:00,3225.438,sl,-3.338000000000193,failed_asia_high_break,90,0.8,0.8,-3.688000000000193,-4.738000000000193,-5.4380000000001925,fail_asia_br_b0.15_r0.0_e13_tp0.8_sl0.8,failed_asia_breakout_reversal_v1
2025-04-17 13:00:00+00:00,1,3321.8,2025-04-17 13:26:00+00:00,3326.6455,tp,4.845499999999902,failed_asia_low_break,90,0.8,0.8,4.495499999999902,3.445499999999902,2.745499999999902,fail_asia_br_b0.15_r0.0_e13_tp0.8_sl0.8,failed_asia_breakout_reversal_v1
2025-04-22 13:00:00+00:00,-1,3456.31,2025-04-22 13:05:00+00:00,3463.93975,sl,-7.629750000000058,failed_asia_high_break,90,0.8,0.8,-7.979750000000058,-9.029750000000059,-9.729750000000058,fail_asia_br_b0.15_r0.0_e13_tp0.8_sl0.8,failed_asia_breakout_reversal_v1
2025-04-23 13:00:00+00:00,1,3321.31,2025-04-23 13:13:00+00:00,3330.08425,tp,8.774249999999938,failed_asia_low_break,90,0.8,0.8,8.424249999999939,7.374249999999938,6.6742499999999385,fail_asia_br_b0.15_r0.0_e13_tp0.8_sl0.8,failed_asia_breakout_reversal_v1
2025-04-29 13:00:00+00:00,1,3311.12,2025-04-29 13:18:00+00:00,3306.43925,sl,-4.680749999999989,failed_asia_low_break,90,0.8,0.8,-5.030749999999989,-6.080749999999989,-6.780749999999989,fail_asia_br_b0.15_r0.0_e13_tp0.8_sl0.8,failed_asia_breakout_reversal_v1
2025-05-14 13:00:00+00:00,1,3231.79,2025-05-14 13:59:00+00:00,3236.4497499999998,tp,4.6597499999998035,failed_asia_low_break,90,0.8,0.8,4.309749999999804,3.2597499999998036,2.559749999999804,fail_asia_br_b0.15_r0.0_e13_tp0.8_sl0.8,failed_asia_breakout_reversal_v1
2025-05-15 13:00:00+00:00,1,3164.85,2025-05-15 13:09:00+00:00,3171.33325,tp,6.4832500000002256,failed_asia_low_break,90,0.8,0.8,6.133250000000226,5.083250000000225,4.383250000000226,fail_asia_br_b0.15_r0.0_e13_tp0.8_sl0.8,failed_asia_breakout_reversal_v1
2025-05-16 13:00:00+00:00,1,3208.47,2025-05-16 13:13:00+00:00,3203.1884999999997,sl,-5.281500000000051,failed_asia_low_break,90,0.8,0.8,-5.631500000000051,-6.681500000000051,-7.381500000000051,fail_asia_br_b0.15_r0.0_e13_tp0.8_sl0.8,failed_asia_breakout_reversal_v1
2025-05-21 13:00:00+00:00,-1,3312.95,2025-05-21 13:26:00+00:00,3317.4559999999997,sl,-4.505999999999858,failed_asia_high_break,90,0.8,0.8,-4.855999999999858,-5.9059999999998585,-6.605999999999858,fail_asia_br_b0.15_r0.0_e13_tp0.8_sl0.8,failed_asia_breakout_reversal_v1
2025-05-30 13:00:00+00:00,1,3296.47,2025-05-30 14:19:00+00:00,3292.046,sl,-4.423999999999978,failed_asia_low_break,90,0.8,0.8,-4.773999999999978,-5.8239999999999785,-6.523999999999978,fail_asia_br_b0.15_r0.0_e13_tp0.8_sl0.8,failed_asia_breakout_reversal_v1
2025-06-06 13:00:00+00:00,-1,3357.25,2025-06-06 14:00:00+00:00,3360.72175,sl,-3.4717500000001564,failed_asia_high_break,90,0.8,0.8,-3.8217500000001565,-4.871750000000157,-5.571750000000156,fail_asia_br_b0.15_r0.0_e13_tp0.8_sl0.8,failed_asia_breakout_reversal_v1
2025-06-09 13:00:00+00:00,-1,3318.39,2025-06-09 13:33:00+00:00,3315.19775,tp,3.192250000000058,failed_asia_high_break,90,0.8,0.8,2.842250000000058,1.7922500000000583,1.0922500000000586,fail_asia_br_b0.15_r0.0_e13_tp0.8_sl0.8,failed_asia_breakout_reversal_v1
2025-06-11 13:00:00+00:00,-1,3333.05,2025-06-11 13:03:00+00:00,3336.2885,sl,-3.238499999999931,failed_asia_high_break,90,0.8,0.8,-3.588499999999931,-4.638499999999931,-5.3384999999999305,fail_asia_br_b0.15_r0.0_e13_tp0.8_sl0.8,failed_asia_breakout_reversal_v1
2025-06-12 13:00:00+00:00,1,3365.54,2025-06-12 13:18:00+00:00,3369.7455,tp,4.205500000000029,failed_asia_low_break,90,0.8,0.8,3.855500000000029,2.805500000000029,2.1055000000000295,fail_asia_br_b0.15_r0.0_e13_tp0.8_sl0.8,failed_asia_breakout_reversal_v1
2025-06-18 13:00:00+00:00,-1,3377.96,2025-06-18 13:35:00+00:00,3381.28425,sl,-3.32425000000012,failed_asia_high_break,90,0.8,0.8,-3.67425000000012,-4.72425000000012,-5.42425000000012,fail_asia_br_b0.15_r0.0_e13_tp0.8_sl0.8,failed_asia_breakout_reversal_v1
2025-06-19 13:00:00+00:00,1,3369.05,2025-06-19 13:12:00+00:00,3373.0530000000003,tp,4.003000000000156,failed_asia_low_break,90,0.8,0.8,3.6530000000001563,2.6030000000001565,1.9030000000001568,fail_asia_br_b0.15_r0.0_e13_tp0.8_sl0.8,failed_asia_breakout_reversal_v1
2025-06-20 13:00:00+00:00,1,3355.81,2025-06-20 14:26:00+00:00,3352.1929999999998,sl,-3.617000000000189,failed_asia_low_break,90,0.8,0.8,-3.9670000000001893,-5.0170000000001895,-5.717000000000189,fail_asia_br_b0.15_r0.0_e13_tp0.8_sl0.8,failed_asia_breakout_reversal_v1
2025-06-23 13:00:00+00:00,1,3367.75,2025-06-23 13:08:00+00:00,3364.35625,sl,-3.393750000000182,failed_asia_low_break,90,0.8,0.8,-3.743750000000182,-4.793750000000182,-5.4937500000001815,fail_asia_br_b0.15_r0.0_e13_tp0.8_sl0.8,failed_asia_breakout_reversal_v1
2025-06-25 13:00:00+00:00,-1,3325.31,2025-06-25 13:13:00+00:00,3328.0295,sl,-2.719500000000153,failed_asia_high_break,90,0.8,0.8,-3.069500000000153,-4.119500000000153,-4.819500000000152,fail_asia_br_b0.15_r0.0_e13_tp0.8_sl0.8,failed_asia_breakout_reversal_v1
2025-06-26 13:00:00+00:00,-1,3340.69,2025-06-26 13:22:00+00:00,3337.9915,tp,2.6984999999999673,failed_asia_high_break,90,0.8,0.8,2.348499999999967,1.2984999999999673,0.5984999999999676,fail_asia_br_b0.15_r0.0_e13_tp0.8_sl0.8,failed_asia_breakout_reversal_v1
2025-07-02 13:00:00+00:00,1,3342.84,2025-07-02 13:58:00+00:00,3345.6240000000003,tp,2.7840000000001055,failed_asia_low_break,90,0.8,0.8,2.4340000000001054,1.3840000000001056,0.6840000000001059,fail_asia_br_b0.15_r0.0_e13_tp0.8_sl0.8,failed_asia_breakout_reversal_v1
2025-07-04 13:00:00+00:00,-1,3334.88,2025-07-04 13:41:00+00:00,3332.43725,tp,2.44275000000016,failed_asia_high_break,90,0.8,0.8,2.09275000000016,1.0427500000001602,0.3427500000001604,fail_asia_br_b0.15_r0.0_e13_tp0.8_sl0.8,failed_asia_breakout_reversal_v1
2025-07-07 13:00:00+00:00,1,3309.38,2025-07-07 13:38:00+00:00,3305.9965,sl,-3.3834999999999127,failed_asia_low_break,90,0.8,0.8,-3.7334999999999128,-4.783499999999913,-5.483499999999912,fail_asia_br_b0.15_r0.0_e13_tp0.8_sl0.8,failed_asia_breakout_reversal_v1
2025-07-09 13:00:00+00:00,1,3289.56,2025-07-09 13:34:00+00:00,3293.03275,tp,3.4727499999999054,failed_asia_low_break,90,0.8,0.8,3.1227499999999053,2.0727499999999055,1.3727499999999058,fail_asia_br_b0.15_r0.0_e13_tp0.8_sl0.8,failed_asia_breakout_reversal_v1
2025-07-14 13:00:00+00:00,-1,3371.28,2025-07-14 13:07:00+00:00,3374.378,sl,-3.0979999999999563,failed_asia_high_break,90,0.8,0.8,-3.4479999999999564,-4.497999999999957,-5.197999999999956,fail_asia_br_b0.15_r0.0_e13_tp0.8_sl0.8,failed_asia_breakout_reversal_v1
2025-07-22 13:00:00+00:00,1,3386.41,2025-07-22 13:46:00+00:00,3388.6082499999998,tp,2.1982499999999163,failed_asia_low_break,90,0.8,0.8,1.8482499999999162,0.7982499999999164,0.09824999999991668,fail_asia_br_b0.15_r0.0_e13_tp0.8_sl0.8,failed_asia_breakout_reversal_v1
2025-07-23 13:00:00+00:00,1,3430.51,2025-07-23 13:05:00+00:00,3427.739,sl,-2.7710000000001855,failed_asia_low_break,90,0.8,0.8,-3.1210000000001856,-4.171000000000186,-4.871000000000185,fail_asia_br_b0.15_r0.0_e13_tp0.8_sl0.8,failed_asia_breakout_reversal_v1
2025-07-28 13:00:00+00:00,-1,3338.42,2025-07-28 13:18:00+00:00,3335.661,tp,2.7590000000000146,failed_asia_high_break,90,0.8,0.8,2.4090000000000145,1.3590000000000146,0.6590000000000149,fail_asia_br_b0.15_r0.0_e13_tp0.8_sl0.8,failed_asia_breakout_reversal_v1
2025-08-01 13:00:00+00:00,-1,3294.88,2025-08-01 13:51:00+00:00,3297.6765,sl,-2.7964999999999236,failed_asia_high_break,90,0.8,0.8,-3.1464999999999237,-4.196499999999924,-4.896499999999923,fail_asia_br_b0.15_r0.0_e13_tp0.8_sl0.8,failed_asia_breakout_reversal_v1
2025-08-07 13:00:00+00:00,-1,3375.59,2025-08-07 13:52:00+00:00,3372.0165,tp,3.5734999999999673,failed_asia_high_break,90,0.8,0.8,3.223499999999967,2.1734999999999673,1.4734999999999676,fail_asia_br_b0.15_r0.0_e13_tp0.8_sl0.8,failed_asia_breakout_reversal_v1
2025-08-12 13:00:00+00:00,-1,3345.9,2025-08-12 13:17:00+00:00,3348.99125,sl,-3.0912499999999454,failed_asia_high_break,90,0.8,0.8,-3.4412499999999455,-4.491249999999946,-5.191249999999945,fail_asia_br_b0.15_r0.0_e13_tp0.8_sl0.8,failed_asia_breakout_reversal_v1
2025-08-14 13:00:00+00:00,1,3355.6,2025-08-14 13:48:00+00:00,3352.0395,sl,-3.5605000000000473,failed_asia_low_break,90,0.8,0.8,-3.9105000000000474,-4.960500000000048,-5.660500000000047,fail_asia_br_b0.15_r0.0_e13_tp0.8_sl0.8,failed_asia_breakout_reversal_v1
2025-08-15 13:00:00+00:00,-1,3341.82,2025-08-15 13:08:00+00:00,3339.26075,tp,2.5592500000002474,failed_asia_high_break,90,0.8,0.8,2.2092500000002473,1.1592500000002475,0.45925000000024774,fail_asia_br_b0.15_r0.0_e13_tp0.8_sl0.8,failed_asia_breakout_reversal_v1
2025-08-18 13:00:00+00:00,-1,3348.43,2025-08-18 13:17:00+00:00,3350.99225,sl,-2.562249999999949,failed_asia_high_break,90,0.8,0.8,-2.912249999999949,-3.962249999999949,-4.662249999999949,fail_asia_br_b0.15_r0.0_e13_tp0.8_sl0.8,failed_asia_breakout_reversal_v1
2025-08-21 13:00:00+00:00,1,3340.95,2025-08-21 13:10:00+00:00,3339.1037499999998,sl,-1.8462500000000546,failed_asia_low_break,90,0.8,0.8,-2.1962500000000547,-3.2462500000000545,-3.946250000000054,fail_asia_br_b0.15_r0.0_e13_tp0.8_sl0.8,failed_asia_breakout_reversal_v1
2025-08-28 13:00:00+00:00,-1,3398.74,2025-08-28 13:03:00+00:00,3396.7327499999997,tp,2.0072500000001128,failed_asia_high_break,90,0.8,0.8,1.6572500000001127,0.6072500000001129,-0.09274999999988687,fail_asia_br_b0.15_r0.0_e13_tp0.8_sl0.8,failed_asia_breakout_reversal_v1
2025-09-01 13:00:00+00:00,-1,3467.85,2025-09-01 13:10:00+00:00,3472.5634999999997,sl,-4.71349999999984,failed_asia_high_break,90,0.8,0.8,-5.06349999999984,-6.11349999999984,-6.81349999999984,fail_asia_br_b0.15_r0.0_e13_tp0.8_sl0.8,failed_asia_breakout_reversal_v1
2025-09-02 13:00:00+00:00,1,3476.33,2025-09-02 13:09:00+00:00,3479.96175,tp,3.631750000000011,failed_asia_low_break,90,0.8,0.8,3.281750000000011,2.231750000000011,1.5317500000000113,fail_asia_br_b0.15_r0.0_e13_tp0.8_sl0.8,failed_asia_breakout_reversal_v1
2025-09-05 13:00:00+00:00,-1,3552.53,2025-09-05 13:40:00+00:00,3549.7317500000004,tp,2.7982499999998254,failed_asia_high_break,90,0.8,0.8,2.4482499999998253,1.3982499999998255,0.6982499999998257,fail_asia_br_b0.15_r0.0_e13_tp0.8_sl0.8,failed_asia_breakout_reversal_v1
2025-09-09 13:00:00+00:00,-1,3653.47,2025-09-09 13:49:00+00:00,3649.18925,tp,4.280749999999898,failed_asia_high_break,90,0.8,0.8,3.930749999999898,2.8807499999998982,2.1807499999998985,fail_asia_br_b0.15_r0.0_e13_tp0.8_sl0.8,failed_asia_breakout_reversal_v1
2025-09-12 13:00:00+00:00,-1,3646.56,2025-09-12 13:18:00+00:00,3649.482,sl,-2.9220000000000255,failed_asia_high_break,90,0.8,0.8,-3.2720000000000256,-4.322000000000026,-5.022000000000025,fail_asia_br_b0.15_r0.0_e13_tp0.8_sl0.8,failed_asia_breakout_reversal_v1
2025-09-24 13:00:00+00:00,-1,3768.09,2025-09-24 13:07:00+00:00,3764.9705,tp,3.1195000000002437,failed_asia_high_break,90,0.8,0.8,2.7695000000002437,1.7195000000002438,1.019500000000244,fail_asia_br_b0.15_r0.0_e13_tp0.8_sl0.8,failed_asia_breakout_reversal_v1
2025-09-26 13:00:00+00:00,-1,3752.5,2025-09-26 13:28:00+00:00,3749.199,tp,3.300999999999931,failed_asia_high_break,90,0.8,0.8,2.950999999999931,1.900999999999931,1.2009999999999312,fail_asia_br_b0.15_r0.0_e13_tp0.8_sl0.8,failed_asia_breakout_reversal_v1
2025-10-07 13:00:00+00:00,1,3956.06,2025-10-07 13:37:00+00:00,3960.86375,tp,4.803750000000036,failed_asia_low_break,90,0.8,0.8,4.453750000000037,3.4037500000000365,2.7037500000000367,fail_asia_br_b0.15_r0.0_e13_tp0.8_sl0.8,failed_asia_breakout_reversal_v1
2025-10-22 13:00:00+00:00,-1,4067.97,2025-10-22 13:24:00+00:00,4082.1034999999997,sl,-14.133499999999913,failed_asia_high_break,90,0.8,0.8,-14.483499999999912,-15.533499999999913,-16.233499999999914,fail_asia_br_b0.15_r0.0_e13_tp0.8_sl0.8,failed_asia_breakout_reversal_v1
2025-11-03 13:00:00+00:00,-1,3999.13,2025-11-03 13:26:00+00:00,4005.246,sl,-6.1159999999999854,failed_asia_high_break,90,0.8,0.8,-6.465999999999985,-7.515999999999986,-8.215999999999985,fail_asia_br_b0.15_r0.0_e13_tp0.8_sl0.8,failed_asia_breakout_reversal_v1
2025-11-04 13:00:00+00:00,1,3993.84,2025-11-04 13:50:00+00:00,3999.652,tp,5.811999999999898,failed_asia_low_break,90,0.8,0.8,5.4619999999998985,4.411999999999898,3.7119999999998985,fail_asia_br_b0.15_r0.0_e13_tp0.8_sl0.8,failed_asia_breakout_reversal_v1
2025-11-05 13:00:00+00:00,-1,3965.05,2025-11-05 13:21:00+00:00,3959.42225,tp,5.6277500000001055,failed_asia_high_break,90,0.8,0.8,5.277750000000106,4.227750000000105,3.527750000000106,fail_asia_br_b0.15_r0.0_e13_tp0.8_sl0.8,failed_asia_breakout_reversal_v1
2025-11-12 13:00:00+00:00,1,4128.86,2025-11-12 13:22:00+00:00,4123.358749999999,sl,-5.501250000000255,failed_asia_low_break,90,0.8,0.8,-5.851250000000254,-6.901250000000255,-7.601250000000254,fail_asia_br_b0.15_r0.0_e13_tp0.8_sl0.8,failed_asia_breakout_reversal_v1
2025-11-18 13:00:00+00:00,1,4046.55,2025-11-18 13:56:00+00:00,4039.30375,sl,-7.2462500000001455,failed_asia_low_break,90,0.8,0.8,-7.596250000000145,-8.646250000000146,-9.346250000000145,fail_asia_br_b0.15_r0.0_e13_tp0.8_sl0.8,failed_asia_breakout_reversal_v1
2025-11-20 13:00:00+00:00,1,4060.54,2025-11-20 13:17:00+00:00,4052.51475,sl,-8.025250000000142,failed_asia_low_break,90,0.8,0.8,-8.375250000000142,-9.425250000000142,-10.125250000000142,fail_asia_br_b0.15_r0.0_e13_tp0.8_sl0.8,failed_asia_breakout_reversal_v1
2025-11-25 13:00:00+00:00,1,4132.96,2025-11-25 14:30:00+00:00,4132.77,horizon_close,-0.18999999999959982,failed_asia_low_break,90,0.8,0.8,-0.5399999999995998,-1.5899999999995997,-2.2899999999995995,fail_asia_br_b0.15_r0.0_e13_tp0.8_sl0.8,failed_asia_breakout_reversal_v1
2025-11-28 13:00:00+00:00,1,4162.95,2025-11-28 13:02:00+00:00,4169.031,tp,6.081000000000131,failed_asia_low_break,90,0.8,0.8,5.731000000000131,4.681000000000131,3.9810000000001313,fail_asia_br_b0.15_r0.0_e13_tp0.8_sl0.8,failed_asia_breakout_reversal_v1
2025-12-01 13:00:00+00:00,-1,4254.1,2025-12-01 13:21:00+00:00,4248.829500000001,tp,5.270499999999629,failed_asia_high_break,90,0.8,0.8,4.920499999999629,3.870499999999629,3.1704999999996293,fail_asia_br_b0.15_r0.0_e13_tp0.8_sl0.8,failed_asia_breakout_reversal_v1
2025-12-04 13:00:00+00:00,1,4197.94,2025-12-04 13:09:00+00:00,4202.817499999999,tp,4.8774999999996,failed_asia_low_break,90,0.8,0.8,4.5274999999996,3.4774999999996,2.7774999999996,fail_asia_br_b0.15_r0.0_e13_tp0.8_sl0.8,failed_asia_breakout_reversal_v1
2025-12-08 13:00:00+00:00,-1,4203.48,2025-12-08 13:27:00+00:00,4207.44,sl,-3.9600000000000364,failed_asia_high_break,90,0.8,0.8,-4.310000000000036,-5.360000000000037,-6.060000000000036,fail_asia_br_b0.15_r0.0_e13_tp0.8_sl0.8,failed_asia_breakout_reversal_v1
2025-12-11 13:00:00+00:00,1,4217.14,2025-12-11 13:33:00+00:00,4212.7835000000005,sl,-4.356499999999869,failed_asia_low_break,90,0.8,0.8,-4.706499999999869,-5.756499999999869,-6.456499999999869,fail_asia_br_b0.15_r0.0_e13_tp0.8_sl0.8,failed_asia_breakout_reversal_v1
2025-12-17 13:00:00+00:00,-1,4319.14,2025-12-17 14:30:00+00:00,4322.11,horizon_close,-2.969999999999345,failed_asia_high_break,90,0.8,0.8,-3.3199999999993453,-4.3699999999993455,-5.069999999999345,fail_asia_br_b0.15_r0.0_e13_tp0.8_sl0.8,failed_asia_breakout_reversal_v1
2025-12-18 13:00:00+00:00,1,4325.21,2025-12-18 13:08:00+00:00,4328.4745,tp,3.2645000000002256,failed_asia_low_break,90,0.8,0.8,2.9145000000002255,1.8645000000002256,1.164500000000226,fail_asia_br_b0.15_r0.0_e13_tp0.8_sl0.8,failed_asia_breakout_reversal_v1
2026-01-06 13:00:00+00:00,-1,4451.72,2026-01-06 13:32:00+00:00,4457.186250000001,sl,-5.4662500000004,failed_asia_high_break,90,0.8,0.8,-5.8162500000004,-6.8662500000004005,-7.5662500000004,fail_asia_br_b0.15_r0.0_e13_tp0.8_sl0.8,failed_asia_breakout_reversal_v1
2026-01-07 13:00:00+00:00,1,4463.65,2026-01-07 13:25:00+00:00,4458.171249999999,sl,-5.478750000000218,failed_asia_low_break,90,0.8,0.8,-5.828750000000218,-6.878750000000219,-7.578750000000218,fail_asia_br_b0.15_r0.0_e13_tp0.8_sl0.8,failed_asia_breakout_reversal_v1
2026-01-08 13:00:00+00:00,1,4432.01,2026-01-08 13:23:00+00:00,4426.45275,sl,-5.55724999999984,failed_asia_low_break,90,0.8,0.8,-5.90724999999984,-6.95724999999984,-7.65724999999984,fail_asia_br_b0.15_r0.0_e13_tp0.8_sl0.8,failed_asia_breakout_reversal_v1
2026-01-13 13:00:00+00:00,1,4587.84,2026-01-13 13:16:00+00:00,4582.9265000000005,sl,-4.913499999999658,failed_asia_low_break,90,0.8,0.8,-5.263499999999658,-6.313499999999658,-7.013499999999658,fail_asia_br_b0.15_r0.0_e13_tp0.8_sl0.8,failed_asia_breakout_reversal_v1
2026-01-21 13:00:00+00:00,-1,4862.01,2026-01-21 14:30:00+00:00,4864.29,horizon_close,-2.2799999999997453,failed_asia_high_break,90,0.8,0.8,-2.6299999999997454,-3.6799999999997453,-4.379999999999745,fail_asia_br_b0.15_r0.0_e13_tp0.8_sl0.8,failed_asia_breakout_reversal_v1
2026-01-26 13:00:00+00:00,-1,5090.98,2026-01-26 13:18:00+00:00,5081.62475,tp,9.355249999999614,failed_asia_high_break,90,0.8,0.8,9.005249999999615,7.955249999999614,7.255249999999615,fail_asia_br_b0.15_r0.0_e13_tp0.8_sl0.8,failed_asia_breakout_reversal_v1
2026-02-02 13:00:00+00:00,1,4706.91,2026-02-02 13:15:00+00:00,4752.17275,tp,45.26274999999987,failed_asia_low_break,90,0.8,0.8,44.91274999999987,43.86274999999987,43.16274999999987,fail_asia_br_b0.15_r0.0_e13_tp0.8_sl0.8,failed_asia_breakout_reversal_v1
2026-02-04 13:00:00+00:00,-1,5051.86,2026-02-04 13:15:00+00:00,5039.09775,tp,12.762249999999767,failed_asia_high_break,90,0.8,0.8,12.412249999999768,11.362249999999767,10.662249999999768,fail_asia_br_b0.15_r0.0_e13_tp0.8_sl0.8,failed_asia_breakout_reversal_v1
2026-02-16 13:00:00+00:00,1,5005.68,2026-02-16 14:12:00+00:00,4998.6315,sl,-7.048499999999876,failed_asia_low_break,90,0.8,0.8,-7.398499999999876,-8.448499999999877,-9.148499999999876,fail_asia_br_b0.15_r0.0_e13_tp0.8_sl0.8,failed_asia_breakout_reversal_v1
2026-02-18 13:00:00+00:00,-1,4914.77,2026-02-18 13:45:00+00:00,4908.9035,tp,5.866500000000087,failed_asia_high_break,90,0.8,0.8,5.516500000000088,4.466500000000087,3.7665000000000877,fail_asia_br_b0.15_r0.0_e13_tp0.8_sl0.8,failed_asia_breakout_reversal_v1
2026-02-25 13:00:00+00:00,-1,5174.71,2026-02-25 13:10:00+00:00,5168.222,tp,6.488000000000284,failed_asia_high_break,90,0.8,0.8,6.138000000000284,5.088000000000283,4.388000000000284,fail_asia_br_b0.15_r0.0_e13_tp0.8_sl0.8,failed_asia_breakout_reversal_v1
2026-02-26 13:00:00+00:00,-1,5169.71,2026-02-26 13:06:00+00:00,5175.6465,sl,-5.936499999999796,failed_asia_high_break,90,0.8,0.8,-6.286499999999796,-7.336499999999797,-8.036499999999796,fail_asia_br_b0.15_r0.0_e13_tp0.8_sl0.8,failed_asia_breakout_reversal_v1
2026-03-02 13:00:00+00:00,-1,5392.39,2026-03-02 13:10:00+00:00,5382.56425,tp,9.825749999999971,failed_asia_high_break,90,0.8,0.8,9.475749999999971,8.42574999999997,7.725749999999971,fail_asia_br_b0.15_r0.0_e13_tp0.8_sl0.8,failed_asia_breakout_reversal_v1
2026-03-05 13:00:00+00:00,1,5165.36,2026-03-05 14:30:00+00:00,5162.77,horizon_close,-2.589999999999236,failed_asia_low_break,90,0.8,0.8,-2.939999999999236,-3.989999999999236,-4.689999999999236,fail_asia_br_b0.15_r0.0_e13_tp0.8_sl0.8,failed_asia_breakout_reversal_v1
2026-03-10 13:00:00+00:00,-1,5178.84,2026-03-10 13:05:00+00:00,5186.01325,sl,-7.173249999999825,failed_asia_high_break,90,0.8,0.8,-7.523249999999825,-8.573249999999826,-9.273249999999825,fail_asia_br_b0.15_r0.0_e13_tp0.8_sl0.8,failed_asia_breakout_reversal_v1
2026-03-11 13:00:00+00:00,1,5188.6,2026-03-11 13:19:00+00:00,5181.7390000000005,sl,-6.860999999999876,failed_asia_low_break,90,0.8,0.8,-7.210999999999876,-8.260999999999877,-8.960999999999876,fail_asia_br_b0.15_r0.0_e13_tp0.8_sl0.8,failed_asia_breakout_reversal_v1
2026-03-12 13:00:00+00:00,-1,5182.01,2026-03-12 13:15:00+00:00,5176.184,tp,5.826000000000022,failed_asia_high_break,90,0.8,0.8,5.476000000000022,4.4260000000000215,3.726000000000022,fail_asia_br_b0.15_r0.0_e13_tp0.8_sl0.8,failed_asia_breakout_reversal_v1
2026-03-13 13:00:00+00:00,1,5096.37,2026-03-13 13:08:00+00:00,5088.80625,sl,-7.563750000000255,failed_asia_low_break,90,0.8,0.8,-7.913750000000254,-8.963750000000255,-9.663750000000254,fail_asia_br_b0.15_r0.0_e13_tp0.8_sl0.8,failed_asia_breakout_reversal_v1
2026-03-16 13:00:00+00:00,-1,4999.85,2026-03-16 13:19:00+00:00,5008.27775,sl,-8.427749999999833,failed_asia_high_break,90,0.8,0.8,-8.777749999999832,-9.827749999999833,-10.527749999999832,fail_asia_br_b0.15_r0.0_e13_tp0.8_sl0.8,failed_asia_breakout_reversal_v1
2026-03-27 13:00:00+00:00,-1,4414.01,2026-03-27 13:07:00+00:00,4405.244500000001,tp,8.76549999999952,failed_asia_high_break,90,0.8,0.8,8.41549999999952,7.365499999999519,6.66549999999952,fail_asia_br_b0.15_r0.0_e13_tp0.8_sl0.8,failed_asia_breakout_reversal_v1
2026-04-01 13:00:00+00:00,-1,4723.51,2026-04-01 13:42:00+00:00,4733.64,sl,-10.13000000000011,failed_asia_high_break,90,0.8,0.8,-10.480000000000109,-11.53000000000011,-12.230000000000109,fail_asia_br_b0.15_r0.0_e13_tp0.8_sl0.8,failed_asia_breakout_reversal_v1
2026-04-10 13:00:00+00:00,1,4752.2,2026-04-10 13:06:00+00:00,4745.5419999999995,sl,-6.6580000000003565,failed_asia_low_break,90,0.8,0.8,-7.008000000000356,-8.058000000000357,-8.758000000000356,fail_asia_br_b0.15_r0.0_e13_tp0.8_sl0.8,failed_asia_breakout_reversal_v1
2026-04-13 13:00:00+00:00,-1,4715.87,2026-04-13 13:25:00+00:00,4709.2835,tp,6.586500000000342,failed_asia_high_break,90,0.8,0.8,6.236500000000342,5.186500000000342,4.486500000000342,fail_asia_br_b0.15_r0.0_e13_tp0.8_sl0.8,failed_asia_breakout_reversal_v1
2026-04-17 13:00:00+00:00,-1,4789.4,2026-04-17 13:40:00+00:00,4783.99025,tp,5.4097499999998035,failed_asia_high_break,90,0.8,0.8,5.059749999999804,4.009749999999803,3.309749999999804,fail_asia_br_b0.15_r0.0_e13_tp0.8_sl0.8,failed_asia_breakout_reversal_v1
2026-04-22 13:00:00+00:00,-1,4756.35,2026-04-22 13:02:00+00:00,4751.507500000001,tp,4.842499999999745,failed_asia_high_break,90,0.8,0.8,4.492499999999746,3.4424999999997454,2.7424999999997457,fail_asia_br_b0.15_r0.0_e13_tp0.8_sl0.8,failed_asia_breakout_reversal_v1
2026-04-23 13:00:00+00:00,1,4698.59,2026-04-23 13:09:00+00:00,4691.4490000000005,sl,-7.140999999999622,failed_asia_low_break,90,0.8,0.8,-7.490999999999621,-8.540999999999622,-9.240999999999621,fail_asia_br_b0.15_r0.0_e13_tp0.8_sl0.8,failed_asia_breakout_reversal_v1
2026-04-24 13:00:00+00:00,1,4683.83,2026-04-24 13:32:00+00:00,4677.19925,sl,-6.630750000000262,failed_asia_low_break,90,0.8,0.8,-6.980750000000262,-8.030750000000262,-8.730750000000262,fail_asia_br_b0.15_r0.0_e13_tp0.8_sl0.8,failed_asia_breakout_reversal_v1
2026-05-08 13:00:00+00:00,-1,4713.18,2026-05-08 13:22:00+00:00,4720.59,sl,-7.4099999999998545,failed_asia_high_break,90,0.8,0.8,-7.759999999999854,-8.809999999999855,-9.509999999999854,fail_asia_br_b0.15_r0.0_e13_tp0.8_sl0.8,failed_asia_breakout_reversal_v1
2026-05-13 13:00:00+00:00,1,4699.73,2026-05-13 13:08:00+00:00,4705.572249999999,tp,5.842249999999694,failed_asia_low_break,90,0.8,0.8,5.492249999999695,4.442249999999694,3.7422499999996948,fail_asia_br_b0.15_r0.0_e13_tp0.8_sl0.8,failed_asia_breakout_reversal_v1
2026-05-18 13:00:00+00:00,-1,4543.68,2026-05-18 13:33:00+00:00,4535.212,tp,8.467999999999847,failed_asia_high_break,90,0.8,0.8,8.117999999999848,7.067999999999847,6.367999999999848,fail_asia_br_b0.15_r0.0_e13_tp0.8_sl0.8,failed_asia_breakout_reversal_v1
2026-05-22 13:00:00+00:00,1,4531.83,2026-05-22 13:28:00+00:00,4526.0905,sl,-5.73949999999968,failed_asia_low_break,90,0.8,0.8,-6.0894999999996795,-7.13949999999968,-7.8394999999996795,fail_asia_br_b0.15_r0.0_e13_tp0.8_sl0.8,failed_asia_breakout_reversal_v1
2026-05-28 13:00:00+00:00,1,4393.33,2026-05-28 13:09:00+00:00,4400.73975,tp,7.4097499999998035,failed_asia_low_break,90,0.8,0.8,7.059749999999804,6.009749999999803,5.309749999999804,fail_asia_br_b0.15_r0.0_e13_tp0.8_sl0.8,failed_asia_breakout_reversal_v1
2026-06-04 13:00:00+00:00,-1,4469.43,2026-06-04 14:08:00+00:00,4475.42925,sl,-5.999249999999847,failed_asia_high_break,90,0.8,0.8,-6.349249999999847,-7.399249999999848,-8.099249999999847,fail_asia_br_b0.15_r0.0_e13_tp0.8_sl0.8,failed_asia_breakout_reversal_v1
2026-06-05 13:00:00+00:00,1,4464.42,2026-06-05 14:30:00+00:00,4466.13,horizon_close,1.7100000000000364,failed_asia_low_break,90,0.8,0.8,1.3600000000000363,0.31000000000003647,-0.38999999999996326,fail_asia_br_b0.15_r0.0_e13_tp0.8_sl0.8,failed_asia_breakout_reversal_v1
2026-06-09 13:00:00+00:00,-1,4331.44,2026-06-09 13:59:00+00:00,4337.907499999999,sl,-6.467499999999745,failed_asia_high_break,90,0.8,0.8,-6.817499999999745,-7.867499999999746,-8.567499999999745,fail_asia_br_b0.15_r0.0_e13_tp0.8_sl0.8,failed_asia_breakout_reversal_v1
2022-05-13 12:00:00+00:00,-1,1821.92,2022-05-13 12:12:00+00:00,1823.66975,sl,-1.749749999999949,failed_asia_high_break,90,0.8,0.8,-2.099749999999949,-3.149749999999949,-3.8497499999999487,fail_asia_br_b0.15_r0.0_e12_tp0.8_sl0.8,failed_asia_breakout_reversal_v1
2022-05-17 12:00:00+00:00,-1,1827.87,2022-05-17 12:13:00+00:00,1829.47075,sl,-1.6007500000000618,failed_asia_high_break,90,0.8,0.8,-1.950750000000062,-3.0007500000000618,-3.7007500000000615,fail_asia_br_b0.15_r0.0_e12_tp0.8_sl0.8,failed_asia_breakout_reversal_v1
2022-05-30 12:00:00+00:00,-1,1858.51,2022-05-30 12:32:00+00:00,1857.00575,tp,1.5042499999999563,failed_asia_high_break,90,0.8,0.8,1.1542499999999563,0.10424999999995643,-0.5957500000000433,fail_asia_br_b0.15_r0.0_e12_tp0.8_sl0.8,failed_asia_breakout_reversal_v1
2022-06-06 12:00:00+00:00,-1,1851.71,2022-06-06 12:45:00+00:00,1852.7865,sl,-1.0764999999998963,failed_asia_high_break,90,0.8,0.8,-1.4264999999998964,-2.4764999999998962,-3.176499999999896,fail_asia_br_b0.15_r0.0_e12_tp0.8_sl0.8,failed_asia_breakout_reversal_v1
2022-06-08 12:00:00+00:00,1,1847.74,2022-06-08 12:31:00+00:00,1848.88975,tp,1.14975000000004,failed_asia_low_break,90,0.8,0.8,0.79975000000004,-0.2502499999999599,-0.9502499999999596,fail_asia_br_b0.15_r0.0_e12_tp0.8_sl0.8,failed_asia_breakout_reversal_v1
2022-06-10 12:00:00+00:00,1,1844.46,2022-06-10 12:27:00+00:00,1843.29575,sl,-1.1642500000000382,failed_asia_low_break,90,0.8,0.8,-1.5142500000000383,-2.564250000000038,-3.264250000000038,fail_asia_br_b0.15_r0.0_e12_tp0.8_sl0.8,failed_asia_breakout_reversal_v1
2022-06-14 12:00:00+00:00,-1,1824.1,2022-06-14 12:07:00+00:00,1822.4089999999999,tp,1.691000000000031,failed_asia_high_break,90,0.8,0.8,1.3410000000000308,0.291000000000031,-0.4089999999999687,fail_asia_br_b0.15_r0.0_e12_tp0.8_sl0.8,failed_asia_breakout_reversal_v1
2022-06-16 12:00:00+00:00,1,1833.25,2022-06-16 12:13:00+00:00,1835.0145,tp,1.7644999999999982,failed_asia_low_break,90,0.8,0.8,1.414499999999998,0.36449999999999827,-0.33550000000000146,fail_asia_br_b0.15_r0.0_e12_tp0.8_sl0.8,failed_asia_breakout_reversal_v1
2022-06-17 12:00:00+00:00,1,1849.82,2022-06-17 12:07:00+00:00,1851.4412499999999,tp,1.6212499999999181,failed_asia_low_break,90,0.8,0.8,1.271249999999918,0.22124999999991823,-0.4787500000000815,fail_asia_br_b0.15_r0.0_e12_tp0.8_sl0.8,failed_asia_breakout_reversal_v1
2022-06-20 12:00:00+00:00,-1,1840.55,2022-06-20 12:12:00+00:00,1842.3615,sl,-1.8115000000000236,failed_asia_high_break,90,0.8,0.8,-2.1615000000000237,-3.2115000000000236,-3.9115000000000233,fail_asia_br_b0.15_r0.0_e12_tp0.8_sl0.8,failed_asia_breakout_reversal_v1
2022-06-23 12:00:00+00:00,1,1832.89,2022-06-23 12:30:00+00:00,1831.383,sl,-1.5070000000000618,failed_asia_low_break,90,0.8,0.8,-1.857000000000062,-2.9070000000000618,-3.6070000000000615,fail_asia_br_b0.15_r0.0_e12_tp0.8_sl0.8,failed_asia_breakout_reversal_v1
2022-07-06 12:00:00+00:00,1,1765.57,2022-07-06 12:24:00+00:00,1767.387,tp,1.8170000000000073,failed_asia_low_break,90,0.8,0.8,1.4670000000000072,0.41700000000000736,-0.28299999999999237,fail_asia_br_b0.15_r0.0_e12_tp0.8_sl0.8,failed_asia_breakout_reversal_v1
2022-07-07 12:00:00+00:00,-1,1743.0,2022-07-07 12:11:00+00:00,1741.438,tp,1.5619999999998981,failed_asia_high_break,90,0.8,0.8,1.211999999999898,0.16199999999989823,-0.5380000000001015,fail_asia_br_b0.15_r0.0_e12_tp0.8_sl0.8,failed_asia_breakout_reversal_v1
2022-07-13 12:00:00+00:00,1,1727.03,2022-07-13 12:11:00+00:00,1728.456,tp,1.4259999999999309,failed_asia_low_break,90,0.8,0.8,1.0759999999999308,0.025999999999930967,-0.6740000000000688,fail_asia_br_b0.15_r0.0_e12_tp0.8_sl0.8,failed_asia_breakout_reversal_v1
2022-07-22 12:00:00+00:00,1,1718.25,2022-07-22 12:12:00+00:00,1719.5795,tp,1.3295000000000528,failed_asia_low_break,90,0.8,0.8,0.9795000000000528,-0.07049999999994716,-0.7704999999999469,fail_asia_br_b0.15_r0.0_e12_tp0.8_sl0.8,failed_asia_breakout_reversal_v1
2022-07-25 12:00:00+00:00,-1,1728.28,2022-07-25 12:06:00+00:00,1729.67175,sl,-1.3917500000000018,failed_asia_high_break,90,0.8,0.8,-1.741750000000002,-2.7917500000000017,-3.4917500000000015,fail_asia_br_b0.15_r0.0_e12_tp0.8_sl0.8,failed_asia_breakout_reversal_v1
2022-08-02 12:00:00+00:00,1,1773.04,2022-08-02 12:47:00+00:00,1774.59175,tp,1.5517500000000837,failed_asia_low_break,90,0.8,0.8,1.2017500000000836,0.15175000000008376,-0.548249999999916,fail_asia_br_b0.15_r0.0_e12_tp0.8_sl0.8,failed_asia_breakout_reversal_v1
2022-08-03 12:00:00+00:00,-1,1764.88,2022-08-03 12:13:00+00:00,1766.5130000000001,sl,-1.6330000000000382,failed_asia_high_break,90,0.8,0.8,-1.9830000000000383,-3.033000000000038,-3.733000000000038,fail_asia_br_b0.15_r0.0_e12_tp0.8_sl0.8,failed_asia_breakout_reversal_v1
2022-08-08 12:00:00+00:00,-1,1773.62,2022-08-08 12:16:00+00:00,1774.7857499999998,sl,-1.165749999999889,failed_asia_high_break,90,0.8,0.8,-1.5157499999998891,-2.565749999999889,-3.2657499999998887,fail_asia_br_b0.15_r0.0_e12_tp0.8_sl0.8,failed_asia_breakout_reversal_v1
2022-08-09 12:00:00+00:00,-1,1790.39,2022-08-09 12:04:00+00:00,1791.75275,sl,-1.3627500000000055,failed_asia_high_break,90,0.8,0.8,-1.7127500000000055,-2.7627500000000054,-3.462750000000005,fail_asia_br_b0.15_r0.0_e12_tp0.8_sl0.8,failed_asia_breakout_reversal_v1
2022-08-10 12:00:00+00:00,1,1792.19,2022-08-10 12:21:00+00:00,1793.22475,tp,1.034750000000031,failed_asia_low_break,90,0.8,0.8,0.684750000000031,-0.365249999999969,-1.0652499999999687,fail_asia_br_b0.15_r0.0_e12_tp0.8_sl0.8,failed_asia_breakout_reversal_v1
2022-08-11 12:00:00+00:00,1,1789.74,2022-08-11 12:40:00+00:00,1788.38925,sl,-1.3507500000000618,failed_asia_low_break,90,0.8,0.8,-1.700750000000062,-2.7507500000000618,-3.4507500000000615,fail_asia_br_b0.15_r0.0_e12_tp0.8_sl0.8,failed_asia_breakout_reversal_v1
2022-08-12 12:00:00+00:00,-1,1786.96,2022-08-12 12:29:00+00:00,1788.1490000000001,sl,-1.1890000000000782,failed_asia_high_break,90,0.8,0.8,-1.5390000000000783,-2.589000000000078,-3.289000000000078,fail_asia_br_b0.15_r0.0_e12_tp0.8_sl0.8,failed_asia_breakout_reversal_v1
2022-08-18 12:00:00+00:00,1,1765.97,2022-08-18 12:44:00+00:00,1767.0307500000001,tp,1.0607500000000982,failed_asia_low_break,90,0.8,0.8,0.7107500000000982,-0.3392499999999017,-1.0392499999999014,fail_asia_br_b0.15_r0.0_e12_tp0.8_sl0.8,failed_asia_breakout_reversal_v1
2022-08-19 12:00:00+00:00,1,1753.66,2022-08-19 13:02:00+00:00,1752.3890000000001,sl,-1.2709999999999582,failed_asia_low_break,90,0.8,0.8,-1.6209999999999583,-2.670999999999958,-3.370999999999958,fail_asia_br_b0.15_r0.0_e12_tp0.8_sl0.8,failed_asia_breakout_reversal_v1
2022-08-23 12:00:00+00:00,-1,1739.8,2022-08-23 12:14:00+00:00,1741.22125,sl,-1.4212500000001,failed_asia_high_break,90,0.8,0.8,-1.7712500000001001,-2.8212500000001,-3.5212500000000997,fail_asia_br_b0.15_r0.0_e12_tp0.8_sl0.8,failed_asia_breakout_reversal_v1
2022-08-30 12:00:00+00:00,1,1734.9,2022-08-30 12:03:00+00:00,1733.526,sl,-1.3740000000000236,failed_asia_low_break,90,0.8,0.8,-1.7240000000000237,-2.7740000000000236,-3.4740000000000233,fail_asia_br_b0.15_r0.0_e12_tp0.8_sl0.8,failed_asia_breakout_reversal_v1
2022-09-01 12:00:00+00:00,1,1702.59,2022-09-01 12:01:00+00:00,1703.96725,tp,1.3772500000000036,failed_asia_low_break,90,0.8,0.8,1.0272500000000035,-0.022749999999996273,-0.722749999999996,fail_asia_br_b0.15_r0.0_e12_tp0.8_sl0.8,failed_asia_breakout_reversal_v1
2022-09-05 12:00:00+00:00,-1,1711.79,2022-09-05 12:24:00+00:00,1710.49175,tp,1.2982500000000528,failed_asia_high_break,90,0.8,0.8,0.9482500000000528,-0.10174999999994716,-0.8017499999999469,fail_asia_br_b0.15_r0.0_e12_tp0.8_sl0.8,failed_asia_breakout_reversal_v1
2022-09-08 12:00:00+00:00,-1,1718.78,2022-09-08 12:10:00+00:00,1720.2515,sl,-1.4715000000001055,failed_asia_high_break,90,0.8,0.8,-1.8215000000001056,-2.8715000000001054,-3.571500000000105,fail_asia_br_b0.15_r0.0_e12_tp0.8_sl0.8,failed_asia_breakout_reversal_v1
2022-09-13 12:00:00+00:00,1,1725.0,2022-09-13 12:22:00+00:00,1726.3015,tp,1.3015000000000327,failed_asia_low_break,90,0.8,0.8,0.9515000000000328,-0.09849999999996717,-0.7984999999999669,fail_asia_br_b0.15_r0.0_e12_tp0.8_sl0.8,failed_asia_breakout_reversal_v1
2022-10-13 12:00:00+00:00,1,1674.88,2022-10-13 12:09:00+00:00,1676.057,tp,1.1769999999999072,failed_asia_low_break,90,0.8,0.8,0.8269999999999073,-0.22300000000009268,-0.9230000000000924,fail_asia_br_b0.15_r0.0_e12_tp0.8_sl0.8,failed_asia_breakout_reversal_v1
2022-10-14 12:00:00+00:00,-1,1659.9,2022-10-14 12:09:00+00:00,1658.0252500000001,tp,1.874749999999949,failed_asia_high_break,90,0.8,0.8,1.524749999999949,0.47474999999994916,-0.22525000000005058,fail_asia_br_b0.15_r0.0_e12_tp0.8_sl0.8,failed_asia_breakout_reversal_v1
2022-10-18 12:00:00+00:00,-1,1649.37,2022-10-18 12:04:00+00:00,1651.1205,sl,-1.7505000000001019,failed_asia_high_break,90,0.8,0.8,-2.100500000000102,-3.1505000000001018,-3.8505000000001015,fail_asia_br_b0.15_r0.0_e12_tp0.8_sl0.8,failed_asia_breakout_reversal_v1
2022-10-20 12:00:00+00:00,-1,1629.52,2022-10-20 12:06:00+00:00,1631.29475,sl,-1.77475000000004,failed_asia_high_break,90,0.8,0.8,-2.12475000000004,-3.17475000000004,-3.8747500000000397,fail_asia_br_b0.15_r0.0_e12_tp0.8_sl0.8,failed_asia_breakout_reversal_v1
2022-10-21 12:00:00+00:00,1,1620.98,2022-10-21 12:26:00+00:00,1622.711,tp,1.7309999999999945,failed_asia_low_break,90,0.8,0.8,1.3809999999999945,0.33099999999999463,-0.3690000000000051,fail_asia_br_b0.15_r0.0_e12_tp0.8_sl0.8,failed_asia_breakout_reversal_v1
2022-10-27 12:00:00+00:00,1,1663.0,2022-10-27 12:46:00+00:00,1661.2555,sl,-1.7445000000000164,failed_asia_low_break,90,0.8,0.8,-2.0945000000000165,-3.1445000000000163,-3.844500000000016,fail_asia_br_b0.15_r0.0_e12_tp0.8_sl0.8,failed_asia_breakout_reversal_v1
2022-11-07 12:00:00+00:00,1,1678.82,2022-11-07 12:55:00+00:00,1677.12025,sl,-1.6997499999999945,failed_asia_low_break,90,0.8,0.8,-2.0497499999999946,-3.0997499999999945,-3.799749999999994,fail_asia_br_b0.15_r0.0_e12_tp0.8_sl0.8,failed_asia_breakout_reversal_v1
2022-11-08 12:00:00+00:00,1,1671.13,2022-11-08 12:24:00+00:00,1669.7852500000001,sl,-1.3447499999999764,failed_asia_low_break,90,0.8,0.8,-1.6947499999999764,-2.7447499999999763,-3.444749999999976,fail_asia_br_b0.15_r0.0_e12_tp0.8_sl0.8,failed_asia_breakout_reversal_v1
2022-11-09 12:00:00+00:00,-1,1708.05,2022-11-09 12:05:00+00:00,1706.5294999999999,tp,1.5205000000000837,failed_asia_high_break,90,0.8,0.8,1.1705000000000836,0.12050000000008376,-0.579499999999916,fail_asia_br_b0.15_r0.0_e12_tp0.8_sl0.8,failed_asia_breakout_reversal_v1
2022-11-10 12:00:00+00:00,-1,1706.95,2022-11-10 12:16:00+00:00,1705.42775,tp,1.5222499999999854,failed_asia_high_break,90,0.8,0.8,1.1722499999999854,0.12224999999998554,-0.5777500000000142,fail_asia_br_b0.15_r0.0_e12_tp0.8_sl0.8,failed_asia_breakout_reversal_v1
2022-11-17 12:00:00+00:00,1,1765.58,2022-11-17 12:10:00+00:00,1764.11375,sl,-1.4662499999999454,failed_asia_low_break,90,0.8,0.8,-1.8162499999999455,-2.8662499999999453,-3.566249999999945,fail_asia_br_b0.15_r0.0_e12_tp0.8_sl0.8,failed_asia_breakout_reversal_v1
2022-11-18 12:00:00+00:00,-1,1763.94,2022-11-18 12:55:00+00:00,1765.425,sl,-1.4849999999999,failed_asia_high_break,90,0.8,0.8,-1.8349999999999,-2.8849999999999,-3.5849999999998996,fail_asia_br_b0.15_r0.0_e12_tp0.8_sl0.8,failed_asia_breakout_reversal_v1
2022-11-23 12:00:00+00:00,-1,1739.4,2022-11-23 12:06:00+00:00,1737.96675,tp,1.4332500000000437,failed_asia_high_break,90,0.8,0.8,1.0832500000000436,0.033250000000043745,-0.666749999999956,fail_asia_br_b0.15_r0.0_e12_tp0.8_sl0.8,failed_asia_breakout_reversal_v1
2022-11-24 12:00:00+00:00,-1,1756.1,2022-11-24 12:06:00+00:00,1757.2302499999998,sl,-1.1302499999999327,failed_asia_high_break,90,0.8,0.8,-1.4802499999999328,-2.5302499999999326,-3.2302499999999323,fail_asia_br_b0.15_r0.0_e12_tp0.8_sl0.8,failed_asia_breakout_reversal_v1
2022-12-01 12:00:00+00:00,-1,1778.13,2022-12-01 12:24:00+00:00,1779.7820000000002,sl,-1.6520000000000437,failed_asia_high_break,90,0.8,0.8,-2.0020000000000437,-3.0520000000000436,-3.7520000000000433,fail_asia_br_b0.15_r0.0_e12_tp0.8_sl0.8,failed_asia_breakout_reversal_v1
2022-12-07 12:00:00+00:00,-1,1772.42,2022-12-07 12:15:00+00:00,1773.86525,sl,-1.4452499999999873,failed_asia_high_break,90,0.8,0.8,-1.7952499999999874,-2.845249999999987,-3.545249999999987,fail_asia_br_b0.15_r0.0_e12_tp0.8_sl0.8,failed_asia_breakout_reversal_v1
2022-12-09 12:00:00+00:00,-1,1794.02,2022-12-09 13:24:00+00:00,1795.42875,sl,-1.4087500000000546,failed_asia_high_break,90,0.8,0.8,-1.7587500000000547,-2.8087500000000545,-3.508750000000054,fail_asia_br_b0.15_r0.0_e12_tp0.8_sl0.8,failed_asia_breakout_reversal_v1
2022-12-12 12:00:00+00:00,1,1792.19,2022-12-12 12:30:00+00:00,1790.8975,sl,-1.2925000000000182,failed_asia_low_break,90,0.8,0.8,-1.6425000000000183,-2.692500000000018,-3.392500000000018,fail_asia_br_b0.15_r0.0_e12_tp0.8_sl0.8,failed_asia_breakout_reversal_v1
2022-12-13 12:00:00+00:00,-1,1784.05,2022-12-13 12:10:00+00:00,1782.8685,tp,1.1814999999999145,failed_asia_high_break,90,0.8,0.8,0.8314999999999145,-0.2185000000000854,-0.9185000000000851,fail_asia_br_b0.15_r0.0_e12_tp0.8_sl0.8,failed_asia_breakout_reversal_v1
2022-12-29 12:00:00+00:00,-1,1808.67,2022-12-29 12:13:00+00:00,1807.5230000000001,tp,1.1469999999999345,failed_asia_high_break,90,0.8,0.8,0.7969999999999345,-0.2530000000000654,-0.9530000000000651,fail_asia_br_b0.15_r0.0_e12_tp0.8_sl0.8,failed_asia_breakout_reversal_v1
2022-12-30 12:00:00+00:00,-1,1814.86,2022-12-30 12:03:00+00:00,1816.06,sl,-1.2000000000000455,failed_asia_high_break,90,0.8,0.8,-1.5500000000000456,-2.6000000000000454,-3.300000000000045,fail_asia_br_b0.15_r0.0_e12_tp0.8_sl0.8,failed_asia_breakout_reversal_v1
2023-01-03 12:00:00+00:00,-1,1838.19,2023-01-03 12:31:00+00:00,1835.9437500000001,tp,2.246249999999918,failed_asia_high_break,90,0.8,0.8,1.896249999999918,0.8462499999999182,0.1462499999999185,fail_asia_br_b0.15_r0.0_e12_tp0.8_sl0.8,failed_asia_breakout_reversal_v1
2023-01-09 12:00:00+00:00,-1,1873.76,2023-01-09 12:46:00+00:00,1872.14425,tp,1.6157499999999345,failed_asia_high_break,90,0.8,0.8,1.2657499999999344,0.2157499999999346,-0.48425000000006513,fail_asia_br_b0.15_r0.0_e12_tp0.8_sl0.8,failed_asia_breakout_reversal_v1
2023-01-12 12:00:00+00:00,-1,1883.68,2023-01-12 12:16:00+00:00,1882.48875,tp,1.1912500000000819,failed_asia_high_break,90,0.8,0.8,0.8412500000000819,-0.20874999999991806,-0.9087499999999178,fail_asia_br_b0.15_r0.0_e12_tp0.8_sl0.8,failed_asia_breakout_reversal_v1
2023-01-16 12:00:00+00:00,1,1917.48,2023-01-16 12:30:00+00:00,1915.75775,sl,-1.722250000000031,failed_asia_low_break,90,0.8,0.8,-2.072250000000031,-3.122250000000031,-3.8222500000000306,fail_asia_br_b0.15_r0.0_e12_tp0.8_sl0.8,failed_asia_breakout_reversal_v1
2023-01-19 12:00:00+00:00,-1,1910.04,2023-01-19 12:17:00+00:00,1908.39125,tp,1.6487500000000637,failed_asia_high_break,90,0.8,0.8,1.2987500000000636,0.24875000000006375,-0.451249999999936,fail_asia_br_b0.15_r0.0_e12_tp0.8_sl0.8,failed_asia_breakout_reversal_v1
2023-01-23 12:00:00+00:00,1,1926.94,2023-01-23 12:10:00+00:00,1928.5887500000001,tp,1.6487500000000637,failed_asia_low_break,90,0.8,0.8,1.2987500000000636,0.24875000000006375,-0.451249999999936,fail_asia_br_b0.15_r0.0_e12_tp0.8_sl0.8,failed_asia_breakout_reversal_v1
2023-01-24 12:00:00+00:00,-1,1935.92,2023-01-24 12:17:00+00:00,1934.5410000000002,tp,1.3789999999999054,failed_asia_high_break,90,0.8,0.8,1.0289999999999053,-0.0210000000000945,-0.7210000000000942,fail_asia_br_b0.15_r0.0_e12_tp0.8_sl0.8,failed_asia_breakout_reversal_v1
2023-02-02 12:00:00+00:00,-1,1956.39,2023-02-02 12:24:00+00:00,1954.81525,tp,1.5747499999999945,failed_asia_high_break,90,0.8,0.8,1.2247499999999945,0.17474999999999463,-0.5252500000000051,fail_asia_br_b0.15_r0.0_e12_tp0.8_sl0.8,failed_asia_breakout_reversal_v1
2023-02-03 12:00:00+00:00,1,1913.23,2023-02-03 12:07:00+00:00,1911.62775,sl,-1.6022499999999127,failed_asia_low_break,90,0.8,0.8,-1.9522499999999128,-3.0022499999999126,-3.7022499999999123,fail_asia_br_b0.15_r0.0_e12_tp0.8_sl0.8,failed_asia_breakout_reversal_v1
2023-02-06 12:00:00+00:00,-1,1872.86,2023-02-06 13:10:00+00:00,1871.0375,tp,1.822499999999991,failed_asia_high_break,90,0.8,0.8,1.4724999999999908,0.422499999999991,-0.27750000000000874,fail_asia_br_b0.15_r0.0_e12_tp0.8_sl0.8,failed_asia_breakout_reversal_v1
2023-02-07 12:00:00+00:00,-1,1873.5,2023-02-07 12:05:00+00:00,1875.25,sl,-1.75,failed_asia_high_break,90,0.8,0.8,-2.1,-3.15,-3.8499999999999996,fail_asia_br_b0.15_r0.0_e12_tp0.8_sl0.8,failed_asia_breakout_reversal_v1
2023-02-16 12:00:00+00:00,-1,1835.7,2023-02-16 12:18:00+00:00,1837.2172500000001,sl,-1.5172500000001037,failed_asia_high_break,90,0.8,0.8,-1.8672500000001038,-2.9172500000001036,-3.6172500000001033,fail_asia_br_b0.15_r0.0_e12_tp0.8_sl0.8,failed_asia_breakout_reversal_v1
2023-02-17 12:00:00+00:00,1,1825.5,2023-02-17 12:05:00+00:00,1823.8005,sl,-1.6994999999999436,failed_asia_low_break,90,0.8,0.8,-2.0494999999999437,-3.0994999999999435,-3.7994999999999433,fail_asia_br_b0.15_r0.0_e12_tp0.8_sl0.8,failed_asia_breakout_reversal_v1
2023-02-20 12:00:00+00:00,-1,1843.45,2023-02-20 12:14:00+00:00,1844.778,sl,-1.3279999999999745,failed_asia_high_break,90,0.8,0.8,-1.6779999999999746,-2.7279999999999744,-3.427999999999974,fail_asia_br_b0.15_r0.0_e12_tp0.8_sl0.8,failed_asia_breakout_reversal_v1
2023-02-23 12:00:00+00:00,-1,1825.66,2023-02-23 12:22:00+00:00,1824.3567500000001,tp,1.3032499999999345,failed_asia_high_break,90,0.8,0.8,0.9532499999999345,-0.0967500000000654,-0.7967500000000651,fail_asia_br_b0.15_r0.0_e12_tp0.8_sl0.8,failed_asia_breakout_reversal_v1
2023-02-24 12:00:00+00:00,1,1821.27,2023-02-24 12:25:00+00:00,1822.65775,tp,1.3877500000000964,failed_asia_low_break,90,0.8,0.8,1.0377500000000963,-0.012249999999903505,-0.7122499999999032,fail_asia_br_b0.15_r0.0_e12_tp0.8_sl0.8,failed_asia_breakout_reversal_v1
2023-03-01 12:00:00+00:00,-1,1831.34,2023-03-01 12:11:00+00:00,1832.788,sl,-1.4480000000000928,failed_asia_high_break,90,0.8,0.8,-1.7980000000000929,-2.8480000000000927,-3.5480000000000924,fail_asia_br_b0.15_r0.0_e12_tp0.8_sl0.8,failed_asia_breakout_reversal_v1
2023-03-02 12:00:00+00:00,1,1831.44,2023-03-02 13:07:00+00:00,1832.7707500000001,tp,1.33075000000008,failed_asia_low_break,90,0.8,0.8,0.9807500000000801,-0.06924999999991988,-0.7692499999999196,fail_asia_br_b0.15_r0.0_e12_tp0.8_sl0.8,failed_asia_breakout_reversal_v1
2023-03-08 12:00:00+00:00,-1,1814.25,2023-03-08 12:12:00+00:00,1813.209,tp,1.04099999999994,failed_asia_high_break,90,0.8,0.8,0.69099999999994,-0.35900000000005994,-1.0590000000000597,fail_asia_br_b0.15_r0.0_e12_tp0.8_sl0.8,failed_asia_breakout_reversal_v1
2023-03-10 12:00:00+00:00,-1,1831.72,2023-03-10 12:10:00+00:00,1833.3120000000001,sl,-1.5920000000000982,failed_asia_high_break,90,0.8,0.8,-1.9420000000000983,-2.992000000000098,-3.692000000000098,fail_asia_br_b0.15_r0.0_e12_tp0.8_sl0.8,failed_asia_breakout_reversal_v1
2023-03-13 12:00:00+00:00,1,1887.71,2023-03-13 12:03:00+00:00,1885.01875,sl,-2.691250000000082,failed_asia_low_break,90,0.8,0.8,-3.041250000000082,-4.091250000000082,-4.7912500000000815,fail_asia_br_b0.15_r0.0_e12_tp0.8_sl0.8,failed_asia_breakout_reversal_v1
2023-03-20 12:00:00+00:00,-1,1983.55,2023-03-20 12:03:00+00:00,1987.3725,sl,-3.822499999999991,failed_asia_high_break,90,0.8,0.8,-4.1724999999999905,-5.222499999999991,-5.9224999999999905,fail_asia_br_b0.15_r0.0_e12_tp0.8_sl0.8,failed_asia_breakout_reversal_v1
2023-03-22 12:00:00+00:00,1,1944.13,2023-03-22 12:34:00+00:00,1942.1192500000002,sl,-2.0107499999999163,failed_asia_low_break,90,0.8,0.8,-2.3607499999999164,-3.4107499999999162,-4.110749999999916,fail_asia_br_b0.15_r0.0_e12_tp0.8_sl0.8,failed_asia_breakout_reversal_v1
2023-04-04 12:00:00+00:00,1,1980.28,2023-04-04 12:05:00+00:00,1981.768,tp,1.4880000000000564,failed_asia_low_break,90,0.8,0.8,1.1380000000000563,0.08800000000005648,-0.6119999999999433,fail_asia_br_b0.15_r0.0_e12_tp0.8_sl0.8,failed_asia_breakout_reversal_v1
2023-04-05 12:00:00+00:00,-1,2023.87,2023-04-05 12:15:00+00:00,2022.40475,tp,1.465249999999969,failed_asia_high_break,90,0.8,0.8,1.115249999999969,0.06524999999996917,-0.6347500000000306,fail_asia_br_b0.15_r0.0_e12_tp0.8_sl0.8,failed_asia_breakout_reversal_v1
2023-04-12 12:00:00+00:00,-1,2008.79,2023-04-12 12:17:00+00:00,2010.6825,sl,-1.8924999999999272,failed_asia_high_break,90,0.8,0.8,-2.2424999999999273,-3.292499999999927,-3.992499999999927,fail_asia_br_b0.15_r0.0_e12_tp0.8_sl0.8,failed_asia_breakout_reversal_v1
2023-04-20 12:00:00+00:00,-1,1996.69,2023-04-20 12:10:00+00:00,1994.988,tp,1.7019999999999982,failed_asia_high_break,90,0.8,0.8,1.351999999999998,0.30199999999999827,-0.39800000000000146,fail_asia_br_b0.15_r0.0_e12_tp0.8_sl0.8,failed_asia_breakout_reversal_v1
2023-04-24 12:00:00+00:00,1,1984.7,2023-04-24 12:27:00+00:00,1986.394,tp,1.69399999999996,failed_asia_low_break,90,0.8,0.8,1.34399999999996,0.29399999999996007,-0.40600000000003966,fail_asia_br_b0.15_r0.0_e12_tp0.8_sl0.8,failed_asia_breakout_reversal_v1
2023-04-25 12:00:00+00:00,1,1989.67,2023-04-25 12:46:00+00:00,1987.74775,sl,-1.9222500000000764,failed_asia_low_break,90,0.8,0.8,-2.2722500000000765,-3.3222500000000763,-4.022250000000076,fail_asia_br_b0.15_r0.0_e12_tp0.8_sl0.8,failed_asia_breakout_reversal_v1
2023-04-26 12:00:00+00:00,1,1997.68,2023-04-26 12:24:00+00:00,1999.2730000000001,tp,1.5930000000000746,failed_asia_low_break,90,0.8,0.8,1.2430000000000745,0.19300000000007467,-0.5069999999999251,fail_asia_br_b0.15_r0.0_e12_tp0.8_sl0.8,failed_asia_breakout_reversal_v1
2023-04-27 12:00:00+00:00,-1,1997.63,2023-04-27 12:12:00+00:00,1999.36075,sl,-1.7307499999999436,failed_asia_high_break,90,0.8,0.8,-2.0807499999999437,-3.1307499999999435,-3.8307499999999433,fail_asia_br_b0.15_r0.0_e12_tp0.8_sl0.8,failed_asia_breakout_reversal_v1
2023-05-04 12:00:00+00:00,1,2034.0,2023-05-04 12:32:00+00:00,2036.252,tp,2.2519999999999527,failed_asia_low_break,90,0.8,0.8,1.9019999999999526,0.8519999999999528,0.15199999999995306,fail_asia_br_b0.15_r0.0_e12_tp0.8_sl0.8,failed_asia_breakout_reversal_v1
2023-05-08 12:00:00+00:00,-1,2022.42,2023-05-08 12:30:00+00:00,2023.7275,sl,-1.3074999999998909,failed_asia_high_break,90,0.8,0.8,-1.657499999999891,-2.7074999999998908,-3.4074999999998905,fail_asia_br_b0.15_r0.0_e12_tp0.8_sl0.8,failed_asia_breakout_reversal_v1
2023-05-15 12:00:00+00:00,-1,2017.21,2023-05-15 12:12:00+00:00,2015.71575,tp,1.4942499999999654,failed_asia_high_break,90,0.8,0.8,1.1442499999999654,0.09424999999996553,-0.6057500000000342,fail_asia_br_b0.15_r0.0_e12_tp0.8_sl0.8,failed_asia_breakout_reversal_v1
2023-05-22 12:00:00+00:00,1,1981.02,2023-05-22 12:47:00+00:00,1979.41775,sl,-1.6022499999999127,failed_asia_low_break,90,0.8,0.8,-1.9522499999999128,-3.0022499999999126,-3.7022499999999123,fail_asia_br_b0.15_r0.0_e12_tp0.8_sl0.8,failed_asia_breakout_reversal_v1
2023-05-29 12:00:00+00:00,-1,1944.85,2023-05-29 12:43:00+00:00,1946.0672499999998,sl,-1.2172499999999218,failed_asia_high_break,90,0.8,0.8,-1.5672499999999219,-2.6172499999999217,-3.3172499999999214,fail_asia_br_b0.15_r0.0_e12_tp0.8_sl0.8,failed_asia_breakout_reversal_v1
2023-05-30 12:00:00+00:00,1,1944.29,2023-05-30 12:10:00+00:00,1942.4155,sl,-1.8744999999998981,failed_asia_low_break,90,0.8,0.8,-2.2244999999998982,-3.274499999999898,-3.974499999999898,fail_asia_br_b0.15_r0.0_e12_tp0.8_sl0.8,failed_asia_breakout_reversal_v1
2023-05-31 12:00:00+00:00,-1,1955.29,2023-05-31 12:20:00+00:00,1957.0025,sl,-1.712500000000091,failed_asia_high_break,90,0.8,0.8,-2.062500000000091,-3.112500000000091,-3.8125000000000906,fail_asia_br_b0.15_r0.0_e12_tp0.8_sl0.8,failed_asia_breakout_reversal_v1
2023-06-06 12:00:00+00:00,1,1960.51,2023-06-06 12:18:00+00:00,1961.9775,tp,1.4674999999999727,failed_asia_low_break,90,0.8,0.8,1.1174999999999726,0.0674999999999728,-0.6325000000000269,fail_asia_br_b0.15_r0.0_e12_tp0.8_sl0.8,failed_asia_breakout_reversal_v1
2023-06-19 12:00:00+00:00,1,1956.33,2023-06-19 12:15:00+00:00,1955.1957499999999,sl,-1.1342500000000655,failed_asia_low_break,90,0.8,0.8,-1.4842500000000656,-2.5342500000000654,-3.234250000000065,fail_asia_br_b0.15_r0.0_e12_tp0.8_sl0.8,failed_asia_breakout_reversal_v1
2023-06-20 12:00:00+00:00,-1,1953.79,2023-06-20 12:16:00+00:00,1952.3705,tp,1.419499999999971,failed_asia_high_break,90,0.8,0.8,1.0694999999999708,0.019499999999970985,-0.6805000000000287,fail_asia_br_b0.15_r0.0_e12_tp0.8_sl0.8,failed_asia_breakout_reversal_v1
2023-07-06 12:00:00+00:00,-1,1917.93,2023-07-06 12:27:00+00:00,1918.9350000000002,sl,-1.0050000000001091,failed_asia_high_break,90,0.8,0.8,-1.3550000000001092,-2.405000000000109,-3.105000000000109,fail_asia_br_b0.15_r0.0_e12_tp0.8_sl0.8,failed_asia_breakout_reversal_v1
2023-07-10 12:00:00+00:00,1,1924.6,2023-07-10 12:25:00+00:00,1925.75625,tp,1.15625,failed_asia_low_break,90,0.8,0.8,0.80625,-0.2437499999999999,-0.9437499999999996,fail_asia_br_b0.15_r0.0_e12_tp0.8_sl0.8,failed_asia_breakout_reversal_v1
2023-07-13 12:00:00+00:00,-1,1960.63,2023-07-13 13:10:00+00:00,1959.20925,tp,1.4207499999999982,failed_asia_high_break,90,0.8,0.8,1.070749999999998,0.02074999999999827,-0.6792500000000015,fail_asia_br_b0.15_r0.0_e12_tp0.8_sl0.8,failed_asia_breakout_reversal_v1
2023-07-25 12:00:00+00:00,-1,1962.91,2023-07-25 12:43:00+00:00,1961.6095,tp,1.3005000000000564,failed_asia_high_break,90,0.8,0.8,0.9505000000000564,-0.09949999999994352,-0.7994999999999433,fail_asia_br_b0.15_r0.0_e12_tp0.8_sl0.8,failed_asia_breakout_reversal_v1
2023-07-28 12:00:00+00:00,-1,1949.38,2023-07-28 12:32:00+00:00,1951.1057500000002,sl,-1.7257500000000618,failed_asia_high_break,90,0.8,0.8,-2.075750000000062,-3.1257500000000618,-3.8257500000000615,fail_asia_br_b0.15_r0.0_e12_tp0.8_sl0.8,failed_asia_breakout_reversal_v1
2023-08-03 12:00:00+00:00,1,1936.87,2023-08-03 12:50:00+00:00,1935.389,sl,-1.4809999999999945,failed_asia_low_break,90,0.8,0.8,-1.8309999999999946,-2.8809999999999945,-3.580999999999994,fail_asia_br_b0.15_r0.0_e12_tp0.8_sl0.8,failed_asia_breakout_reversal_v1
2023-08-08 12:00:00+00:00,1,1935.3,2023-08-08 12:03:00+00:00,1934.078,sl,-1.22199999999998,failed_asia_low_break,90,0.8,0.8,-1.57199999999998,-2.62199999999998,-3.3219999999999796,fail_asia_br_b0.15_r0.0_e12_tp0.8_sl0.8,failed_asia_breakout_reversal_v1
2023-08-09 12:00:00+00:00,-1,1928.02,2023-08-09 12:49:00+00:00,1926.91825,tp,1.1017500000000382,failed_asia_high_break,90,0.8,0.8,0.7517500000000382,-0.2982499999999617,-0.9982499999999614,fail_asia_br_b0.15_r0.0_e12_tp0.8_sl0.8,failed_asia_breakout_reversal_v1
2023-08-14 12:00:00+00:00,-1,1914.14,2023-08-14 12:32:00+00:00,1913.0675,tp,1.072499999999991,failed_asia_high_break,90,0.8,0.8,0.7224999999999909,-0.327500000000009,-1.0275000000000087,fail_asia_br_b0.15_r0.0_e12_tp0.8_sl0.8,failed_asia_breakout_reversal_v1
2023-08-15 12:00:00+00:00,1,1904.12,2023-08-15 12:21:00+00:00,1902.9854999999998,sl,-1.1345000000001164,failed_asia_low_break,90,0.8,0.8,-1.4845000000001165,-2.5345000000001163,-3.234500000000116,fail_asia_br_b0.15_r0.0_e12_tp0.8_sl0.8,failed_asia_breakout_reversal_v1
2023-08-17 12:00:00+00:00,-1,1893.66,2023-08-17 12:46:00+00:00,1894.69125,sl,-1.03125,failed_asia_high_break,90,0.8,0.8,-1.38125,-2.43125,-3.1312499999999996,fail_asia_br_b0.15_r0.0_e12_tp0.8_sl0.8,failed_asia_breakout_reversal_v1
2023-08-21 12:00:00+00:00,-1,1888.58,2023-08-21 12:21:00+00:00,1889.9254999999998,sl,-1.3454999999999018,failed_asia_high_break,90,0.8,0.8,-1.6954999999999019,-2.7454999999999017,-3.4454999999999014,fail_asia_br_b0.15_r0.0_e12_tp0.8_sl0.8,failed_asia_breakout_reversal_v1
2023-08-24 12:00:00+00:00,-1,1920.57,2023-08-24 12:56:00+00:00,1919.48775,tp,1.0822499999999309,failed_asia_high_break,90,0.8,0.8,0.7322499999999309,-0.31775000000006903,-1.0177500000000688,fail_asia_br_b0.15_r0.0_e12_tp0.8_sl0.8,failed_asia_breakout_reversal_v1
2023-08-25 12:00:00+00:00,1,1915.08,2023-08-25 12:08:00+00:00,1916.02,tp,0.9400000000000546,failed_asia_low_break,90,0.8,0.8,0.5900000000000546,-0.45999999999994534,-1.159999999999945,fail_asia_br_b0.15_r0.0_e12_tp0.8_sl0.8,failed_asia_breakout_reversal_v1
2023-08-30 12:00:00+00:00,1,1936.38,2023-08-30 12:21:00+00:00,1937.173,tp,0.7929999999998927,failed_asia_low_break,90,0.8,0.8,0.4429999999998927,-0.6070000000001072,-1.307000000000107,fail_asia_br_b0.15_r0.0_e12_tp0.8_sl0.8,failed_asia_breakout_reversal_v1
2023-09-01 12:00:00+00:00,1,1943.17,2023-09-01 12:27:00+00:00,1944.0297500000001,tp,0.8597500000000764,failed_asia_low_break,90,0.8,0.8,0.5097500000000764,-0.5402499999999235,-1.2402499999999232,fail_asia_br_b0.15_r0.0_e12_tp0.8_sl0.8,failed_asia_breakout_reversal_v1
2023-09-04 12:00:00+00:00,-1,1943.65,2023-09-04 12:24:00+00:00,1942.8477500000001,tp,0.8022499999999582,failed_asia_high_break,90,0.8,0.8,0.4522499999999582,-0.5977500000000417,-1.2977500000000415,fail_asia_br_b0.15_r0.0_e12_tp0.8_sl0.8,failed_asia_breakout_reversal_v1
2023-09-18 12:00:00+00:00,-1,1926.03,2023-09-18 13:01:00+00:00,1926.9645,sl,-0.9345000000000709,failed_asia_high_break,90,0.8,0.8,-1.284500000000071,-2.334500000000071,-3.0345000000000706,fail_asia_br_b0.15_r0.0_e12_tp0.8_sl0.8,failed_asia_breakout_reversal_v1
2023-09-20 12:00:00+00:00,1,1929.28,2023-09-20 12:03:00+00:00,1930.06725,tp,0.7872500000000855,failed_asia_low_break,90,0.8,0.8,0.4372500000000855,-0.6127499999999144,-1.3127499999999142,fail_asia_br_b0.15_r0.0_e12_tp0.8_sl0.8,failed_asia_breakout_reversal_v1
2023-09-26 12:00:00+00:00,1,1913.31,2023-09-26 12:16:00+00:00,1912.45175,sl,-0.8582499999999982,failed_asia_low_break,90,0.8,0.8,-1.2082499999999983,-2.258249999999998,-2.958249999999998,fail_asia_br_b0.15_r0.0_e12_tp0.8_sl0.8,failed_asia_breakout_reversal_v1
2023-09-28 12:00:00+00:00,-1,1874.15,2023-09-28 12:42:00+00:00,1875.14,sl,-0.9900000000000091,failed_asia_high_break,90,0.8,0.8,-1.3400000000000092,-2.390000000000009,-3.0900000000000087,fail_asia_br_b0.15_r0.0_e12_tp0.8_sl0.8,failed_asia_breakout_reversal_v1
2023-10-04 12:00:00+00:00,1,1823.01,2023-10-04 12:08:00+00:00,1824.32125,tp,1.3112499999999727,failed_asia_low_break,90,0.8,0.8,0.9612499999999727,-0.0887500000000272,-0.7887500000000269,fail_asia_br_b0.15_r0.0_e12_tp0.8_sl0.8,failed_asia_breakout_reversal_v1
2023-10-06 12:00:00+00:00,1,1821.67,2023-10-06 12:25:00+00:00,1820.82525,sl,-0.8447499999999764,failed_asia_low_break,90,0.8,0.8,-1.1947499999999764,-2.2447499999999763,-2.944749999999976,fail_asia_br_b0.15_r0.0_e12_tp0.8_sl0.8,failed_asia_breakout_reversal_v1
2023-10-24 12:00:00+00:00,1,1972.29,2023-10-24 12:15:00+00:00,1970.7465,sl,-1.5434999999999945,failed_asia_low_break,90,0.8,0.8,-1.8934999999999946,-2.9434999999999945,-3.643499999999994,fail_asia_br_b0.15_r0.0_e12_tp0.8_sl0.8,failed_asia_breakout_reversal_v1
2023-10-25 12:00:00+00:00,1,1970.83,2023-10-25 13:26:00+00:00,1972.395,tp,1.5650000000000546,failed_asia_low_break,90,0.8,0.8,1.2150000000000545,0.16500000000005466,-0.5349999999999451,fail_asia_br_b0.15_r0.0_e12_tp0.8_sl0.8,failed_asia_breakout_reversal_v1
2023-10-27 12:00:00+00:00,-1,1986.68,2023-10-27 12:53:00+00:00,1985.32075,tp,1.3592499999999745,failed_asia_high_break,90,0.8,0.8,1.0092499999999744,-0.04075000000002538,-0.7407500000000251,fail_asia_br_b0.15_r0.0_e12_tp0.8_sl0.8,failed_asia_breakout_reversal_v1
2023-10-31 12:00:00+00:00,-1,1997.11,2023-10-31 12:15:00+00:00,1998.3519999999999,sl,-1.2419999999999618,failed_asia_high_break,90,0.8,0.8,-1.591999999999962,-2.6419999999999617,-3.3419999999999614,fail_asia_br_b0.15_r0.0_e12_tp0.8_sl0.8,failed_asia_breakout_reversal_v1
2023-11-28 12:00:00+00:00,1,2016.01,2023-11-28 12:26:00+00:00,2014.79825,sl,-1.2117499999999382,failed_asia_low_break,90,0.8,0.8,-1.5617499999999382,-2.611749999999938,-3.311749999999938,fail_asia_br_b0.15_r0.0_e12_tp0.8_sl0.8,failed_asia_breakout_reversal_v1
2023-12-06 12:00:00+00:00,-1,2021.33,2023-12-06 12:10:00+00:00,2023.08325,sl,-1.75324999999998,failed_asia_high_break,90,0.8,0.8,-2.10324999999998,-3.15324999999998,-3.8532499999999796,fail_asia_br_b0.15_r0.0_e12_tp0.8_sl0.8,failed_asia_breakout_reversal_v1
2023-12-08 12:00:00+00:00,1,2028.49,2023-12-08 12:06:00+00:00,2029.766,tp,1.2760000000000673,failed_asia_low_break,90,0.8,0.8,0.9260000000000673,-0.12399999999993261,-0.8239999999999323,fail_asia_br_b0.15_r0.0_e12_tp0.8_sl0.8,failed_asia_breakout_reversal_v1
2023-12-13 12:00:00+00:00,1,1982.66,2023-12-13 12:19:00+00:00,1981.42875,sl,-1.2312500000000455,failed_asia_low_break,90,0.8,0.8,-1.5812500000000456,-2.6312500000000454,-3.331250000000045,fail_asia_br_b0.15_r0.0_e12_tp0.8_sl0.8,failed_asia_breakout_reversal_v1
2023-12-14 12:00:00+00:00,-1,2036.42,2023-12-14 12:03:00+00:00,2034.37975,tp,2.0402500000000146,failed_asia_high_break,90,0.8,0.8,1.6902500000000145,0.6402500000000146,-0.05974999999998509,fail_asia_br_b0.15_r0.0_e12_tp0.8_sl0.8,failed_asia_breakout_reversal_v1
2023-12-18 12:00:00+00:00,-1,2023.88,2023-12-18 12:10:00+00:00,2022.4832500000002,tp,1.3967499999998836,failed_asia_high_break,90,0.8,0.8,1.0467499999998835,-0.0032500000001163265,-0.7032500000001161,fail_asia_br_b0.15_r0.0_e12_tp0.8_sl0.8,failed_asia_breakout_reversal_v1
2023-12-20 12:00:00+00:00,-1,2039.86,2023-12-20 12:12:00+00:00,2038.8985,tp,0.9614999999998872,failed_asia_high_break,90,0.8,0.8,0.6114999999998872,-0.4385000000001127,-1.1385000000001124,fail_asia_br_b0.15_r0.0_e12_tp0.8_sl0.8,failed_asia_breakout_reversal_v1
2023-12-21 12:00:00+00:00,-1,2035.29,2023-12-21 12:31:00+00:00,2034.26875,tp,1.021250000000009,failed_asia_high_break,90,0.8,0.8,0.6712500000000091,-0.3787499999999908,-1.0787499999999905,fail_asia_br_b0.15_r0.0_e12_tp0.8_sl0.8,failed_asia_breakout_reversal_v1
2023-12-28 12:00:00+00:00,1,2077.69,2023-12-28 12:42:00+00:00,2076.0815000000002,sl,-1.6084999999998217,failed_asia_low_break,90,0.8,0.8,-1.9584999999998218,-3.0084999999998217,-3.7084999999998214,fail_asia_br_b0.15_r0.0_e12_tp0.8_sl0.8,failed_asia_breakout_reversal_v1
2023-12-29 12:00:00+00:00,-1,2065.37,2023-12-29 12:19:00+00:00,2064.1547499999997,tp,1.2152500000001965,failed_asia_high_break,90,0.8,0.8,0.8652500000001965,-0.18474999999980346,-0.8847499999998032,fail_asia_br_b0.15_r0.0_e12_tp0.8_sl0.8,failed_asia_breakout_reversal_v1
2024-01-09 12:00:00+00:00,-1,2035.33,2024-01-09 12:16:00+00:00,2036.924,sl,-1.594000000000051,failed_asia_high_break,90,0.8,0.8,-1.944000000000051,-2.994000000000051,-3.6940000000000506,fail_asia_br_b0.15_r0.0_e12_tp0.8_sl0.8,failed_asia_breakout_reversal_v1
2024-01-11 12:00:00+00:00,-1,2031.03,2024-01-11 12:32:00+00:00,2032.2845,sl,-1.2545000000000073,failed_asia_high_break,90,0.8,0.8,-1.6045000000000074,-2.654500000000007,-3.354500000000007,fail_asia_br_b0.15_r0.0_e12_tp0.8_sl0.8,failed_asia_breakout_reversal_v1
2024-01-15 12:00:00+00:00,-1,2054.67,2024-01-15 12:16:00+00:00,2053.26575,tp,1.4042500000000473,failed_asia_high_break,90,0.8,0.8,1.0542500000000472,0.0042500000000473825,-0.6957499999999524,fail_asia_br_b0.15_r0.0_e12_tp0.8_sl0.8,failed_asia_breakout_reversal_v1
2024-01-17 12:00:00+00:00,1,2023.43,2024-01-17 12:24:00+00:00,2025.1045000000001,tp,1.67450000000008,failed_asia_low_break,90,0.8,0.8,1.32450000000008,0.2745000000000801,-0.4254999999999196,fail_asia_br_b0.15_r0.0_e12_tp0.8_sl0.8,failed_asia_breakout_reversal_v1
2024-01-18 12:00:00+00:00,-1,2009.54,2024-01-18 12:14:00+00:00,2010.9524999999999,sl,-1.412499999999909,failed_asia_high_break,90,0.8,0.8,-1.7624999999999091,-2.812499999999909,-3.5124999999999087,fail_asia_br_b0.15_r0.0_e12_tp0.8_sl0.8,failed_asia_breakout_reversal_v1
2024-01-26 12:00:00+00:00,1,2021.42,2024-01-26 12:18:00+00:00,2022.43975,tp,1.0197499999999309,failed_asia_low_break,90,0.8,0.8,0.6697499999999309,-0.38025000000006903,-1.0802500000000688,fail_asia_br_b0.15_r0.0_e12_tp0.8_sl0.8,failed_asia_breakout_reversal_v1
2024-01-29 12:00:00+00:00,-1,2028.15,2024-01-29 12:40:00+00:00,2026.88225,tp,1.2677499999999782,failed_asia_high_break,90,0.8,0.8,0.9177499999999782,-0.13225000000002174,-0.8322500000000215,fail_asia_br_b0.15_r0.0_e12_tp0.8_sl0.8,failed_asia_breakout_reversal_v1
2024-01-31 12:00:00+00:00,-1,2038.51,2024-01-31 12:07:00+00:00,2037.5905,tp,0.9194999999999709,failed_asia_high_break,90,0.8,0.8,0.5694999999999709,-0.480500000000029,-1.1805000000000287,fail_asia_br_b0.15_r0.0_e12_tp0.8_sl0.8,failed_asia_breakout_reversal_v1
2024-02-08 12:00:00+00:00,1,2035.44,2024-02-08 12:23:00+00:00,2036.58725,tp,1.1472499999999854,failed_asia_low_break,90,0.8,0.8,0.7972499999999855,-0.25275000000001446,-0.9527500000000142,fail_asia_br_b0.15_r0.0_e12_tp0.8_sl0.8,failed_asia_breakout_reversal_v1
2024-02-14 12:00:00+00:00,1,1990.85,2024-02-14 12:38:00+00:00,1991.86925,tp,1.0192500000000564,failed_asia_low_break,90,0.8,0.8,0.6692500000000564,-0.3807499999999435,-1.0807499999999433,fail_asia_br_b0.15_r0.0_e12_tp0.8_sl0.8,failed_asia_breakout_reversal_v1
2024-02-16 12:00:00+00:00,-1,2005.09,2024-02-16 12:22:00+00:00,2005.8819999999998,sl,-0.7919999999999163,failed_asia_high_break,90,0.8,0.8,-1.1419999999999164,-2.1919999999999162,-2.891999999999916,fail_asia_br_b0.15_r0.0_e12_tp0.8_sl0.8,failed_asia_breakout_reversal_v1
2024-02-21 12:00:00+00:00,-1,2028.15,2024-02-21 12:36:00+00:00,2029.1077500000001,sl,-0.9577500000000327,failed_asia_high_break,90,0.8,0.8,-1.3077500000000328,-2.3577500000000327,-3.0577500000000324,fail_asia_br_b0.15_r0.0_e12_tp0.8_sl0.8,failed_asia_breakout_reversal_v1
2024-02-26 12:00:00+00:00,-1,2033.08,2024-02-26 12:05:00+00:00,2034.0085,sl,-0.9284999999999854,failed_asia_high_break,90,0.8,0.8,-1.2784999999999855,-2.3284999999999854,-3.028499999999985,fail_asia_br_b0.15_r0.0_e12_tp0.8_sl0.8,failed_asia_breakout_reversal_v1
2024-02-29 12:00:00+00:00,-1,2034.61,2024-02-29 12:15:00+00:00,2033.82875,tp,0.78125,failed_asia_high_break,90,0.8,0.8,0.43125,-0.6187499999999999,-1.3187499999999996,fail_asia_br_b0.15_r0.0_e12_tp0.8_sl0.8,failed_asia_breakout_reversal_v1
2024-03-04 12:00:00+00:00,-1,2085.33,2024-03-04 12:14:00+00:00,2084.299,tp,1.030999999999949,failed_asia_high_break,90,0.8,0.8,0.6809999999999491,-0.36900000000005084,-1.0690000000000506,fail_asia_br_b0.15_r0.0_e12_tp0.8_sl0.8,failed_asia_breakout_reversal_v1
2024-03-06 12:00:00+00:00,-1,2128.17,2024-03-06 12:10:00+00:00,2126.8645,tp,1.3054999999999382,failed_asia_high_break,90,0.8,0.8,0.9554999999999382,-0.09450000000006176,-0.7945000000000615,fail_asia_br_b0.15_r0.0_e12_tp0.8_sl0.8,failed_asia_breakout_reversal_v1
2024-03-11 12:00:00+00:00,1,2180.55,2024-03-11 12:24:00+00:00,2179.1462500000002,sl,-1.4037499999999454,failed_asia_low_break,90,0.8,0.8,-1.7537499999999455,-2.8037499999999453,-3.503749999999945,fail_asia_br_b0.15_r0.0_e12_tp0.8_sl0.8,failed_asia_breakout_reversal_v1
2024-03-12 12:00:00+00:00,1,2176.74,2024-03-12 12:52:00+00:00,2175.4782499999997,sl,-1.26175000000012,failed_asia_low_break,90,0.8,0.8,-1.6117500000001201,-2.66175000000012,-3.3617500000001197,fail_asia_br_b0.15_r0.0_e12_tp0.8_sl0.8,failed_asia_breakout_reversal_v1
2024-03-25 12:00:00+00:00,1,2168.44,2024-03-25 12:18:00+00:00,2170.2435,tp,1.8034999999999854,failed_asia_low_break,90,0.8,0.8,1.4534999999999854,0.40349999999998554,-0.2965000000000142,fail_asia_br_b0.15_r0.0_e12_tp0.8_sl0.8,failed_asia_breakout_reversal_v1
2024-04-01 12:00:00+00:00,-1,2257.65,2024-04-01 12:24:00+00:00,2255.3852500000003,tp,2.2647499999998217,failed_asia_high_break,90,0.8,0.8,1.9147499999998217,0.8647499999998218,0.1647499999998221,fail_asia_br_b0.15_r0.0_e12_tp0.8_sl0.8,failed_asia_breakout_reversal_v1
2024-04-10 12:00:00+00:00,-1,2354.4,2024-04-10 12:22:00+00:00,2352.2635,tp,2.136500000000069,failed_asia_high_break,90,0.8,0.8,1.786500000000069,0.7365000000000692,0.03650000000006948,fail_asia_br_b0.15_r0.0_e12_tp0.8_sl0.8,failed_asia_breakout_reversal_v1
2024-04-15 12:00:00+00:00,1,2351.26,2024-04-15 12:16:00+00:00,2347.777,sl,-3.4830000000001746,failed_asia_low_break,90,0.8,0.8,-3.8330000000001747,-4.883000000000175,-5.583000000000174,fail_asia_br_b0.15_r0.0_e12_tp0.8_sl0.8,failed_asia_breakout_reversal_v1
2024-04-24 12:00:00+00:00,-1,2318.9,2024-04-24 12:18:00+00:00,2316.509,tp,2.3910000000000764,failed_asia_high_break,90,0.8,0.8,2.0410000000000763,0.9910000000000765,0.29100000000007675,fail_asia_br_b0.15_r0.0_e12_tp0.8_sl0.8,failed_asia_breakout_reversal_v1
2024-05-01 12:00:00+00:00,1,2285.91,2024-05-01 12:06:00+00:00,2287.60275,tp,1.69275000000016,failed_asia_low_break,90,0.8,0.8,1.34275000000016,0.29275000000016016,-0.4072499999998396,fail_asia_br_b0.15_r0.0_e12_tp0.8_sl0.8,failed_asia_breakout_reversal_v1
2024-05-14 12:00:00+00:00,-1,2344.1,2024-05-14 12:05:00+00:00,2345.995,sl,-1.8949999999999818,failed_asia_high_break,90,0.8,0.8,-2.244999999999982,-3.2949999999999817,-3.9949999999999815,fail_asia_br_b0.15_r0.0_e12_tp0.8_sl0.8,failed_asia_breakout_reversal_v1
2024-05-20 12:00:00+00:00,-1,2439.29,2024-05-20 12:06:00+00:00,2443.213,sl,-3.923000000000229,failed_asia_high_break,90,0.8,0.8,-4.273000000000229,-5.3230000000002295,-6.023000000000229,fail_asia_br_b0.15_r0.0_e12_tp0.8_sl0.8,failed_asia_breakout_reversal_v1
2024-05-22 12:00:00+00:00,1,2417.05,2024-05-22 12:39:00+00:00,2414.59925,sl,-2.450749999999971,failed_asia_low_break,90,0.8,0.8,-2.800749999999971,-3.850749999999971,-4.5507499999999705,fail_asia_br_b0.15_r0.0_e12_tp0.8_sl0.8,failed_asia_breakout_reversal_v1
2024-05-30 12:00:00+00:00,1,2335.31,2024-05-30 12:09:00+00:00,2337.79375,tp,2.4837499999998727,failed_asia_low_break,90,0.8,0.8,2.1337499999998726,1.0837499999998728,0.383749999999873,fail_asia_br_b0.15_r0.0_e12_tp0.8_sl0.8,failed_asia_breakout_reversal_v1
2024-06-03 12:00:00+00:00,1,2325.75,2024-06-03 12:57:00+00:00,2328.06375,tp,2.3137499999998,failed_asia_low_break,90,0.8,0.8,1.9637499999997998,0.9137499999998,0.21374999999980027,fail_asia_br_b0.15_r0.0_e12_tp0.8_sl0.8,failed_asia_breakout_reversal_v1
2024-06-05 12:00:00+00:00,-1,2332.72,2024-06-05 13:08:00+00:00,2330.7102499999996,tp,2.0097500000001673,failed_asia_high_break,90,0.8,0.8,1.6597500000001673,0.6097500000001674,-0.0902499999998323,fail_asia_br_b0.15_r0.0_e12_tp0.8_sl0.8,failed_asia_breakout_reversal_v1
2024-06-10 12:00:00+00:00,1,2291.87,2024-06-10 12:07:00+00:00,2294.0505,tp,2.180499999999938,failed_asia_low_break,90,0.8,0.8,1.830499999999938,0.7804999999999382,0.08049999999993851,fail_asia_br_b0.15_r0.0_e12_tp0.8_sl0.8,failed_asia_breakout_reversal_v1
2024-06-11 12:00:00+00:00,1,2306.19,2024-06-11 12:11:00+00:00,2304.09325,sl,-2.0967500000001564,failed_asia_low_break,90,0.8,0.8,-2.4467500000001565,-3.4967500000001563,-4.196750000000156,fail_asia_br_b0.15_r0.0_e12_tp0.8_sl0.8,failed_asia_breakout_reversal_v1
2024-06-20 12:00:00+00:00,-1,2332.8,2024-06-20 12:39:00+00:00,2334.83525,sl,-2.0352499999999054,failed_asia_high_break,90,0.8,0.8,-2.3852499999999055,-3.4352499999999053,-4.135249999999905,fail_asia_br_b0.15_r0.0_e12_tp0.8_sl0.8,failed_asia_breakout_reversal_v1
2024-06-25 12:00:00+00:00,1,2329.52,2024-06-25 12:17:00+00:00,2331.40875,tp,1.8887500000000728,failed_asia_low_break,90,0.8,0.8,1.5387500000000727,0.48875000000007285,-0.21124999999992689,fail_asia_br_b0.15_r0.0_e12_tp0.8_sl0.8,failed_asia_breakout_reversal_v1
2024-06-26 12:00:00+00:00,1,2316.07,2024-06-26 13:12:00+00:00,2313.7225000000003,sl,-2.3474999999998545,failed_asia_low_break,90,0.8,0.8,-2.6974999999998546,-3.7474999999998544,-4.447499999999854,fail_asia_br_b0.15_r0.0_e12_tp0.8_sl0.8,failed_asia_breakout_reversal_v1
2024-06-28 12:00:00+00:00,-1,2328.01,2024-06-28 12:05:00+00:00,2329.6975,sl,-1.6875,failed_asia_high_break,90,0.8,0.8,-2.0375,-3.0875,-3.7874999999999996,fail_asia_br_b0.15_r0.0_e12_tp0.8_sl0.8,failed_asia_breakout_reversal_v1
2024-07-02 12:00:00+00:00,1,2331.05,2024-07-02 12:24:00+00:00,2329.3322500000004,sl,-1.7177499999997963,failed_asia_low_break,90,0.8,0.8,-2.0677499999997964,-3.117749999999796,-3.817749999999796,fail_asia_br_b0.15_r0.0_e12_tp0.8_sl0.8,failed_asia_breakout_reversal_v1
2024-07-04 12:00:00+00:00,1,2358.11,2024-07-04 12:16:00+00:00,2356.34325,sl,-1.7667500000002292,failed_asia_low_break,90,0.8,0.8,-2.1167500000002293,-3.166750000000229,-3.866750000000229,fail_asia_br_b0.15_r0.0_e12_tp0.8_sl0.8,failed_asia_breakout_reversal_v1
2024-07-09 12:00:00+00:00,-1,2361.87,2024-07-09 12:15:00+00:00,2363.5567499999997,sl,-1.6867499999998472,failed_asia_high_break,90,0.8,0.8,-2.0367499999998473,-3.086749999999847,-3.786749999999847,fail_asia_br_b0.15_r0.0_e12_tp0.8_sl0.8,failed_asia_breakout_reversal_v1
2024-07-12 12:00:00+00:00,1,2407.28,2024-07-12 12:24:00+00:00,2405.4635000000003,sl,-1.8164999999999054,failed_asia_low_break,90,0.8,0.8,-2.1664999999999055,-3.2164999999999053,-3.916499999999905,fail_asia_br_b0.15_r0.0_e12_tp0.8_sl0.8,failed_asia_breakout_reversal_v1
2024-07-15 12:00:00+00:00,1,2412.01,2024-07-15 12:19:00+00:00,2410.2297500000004,sl,-1.7802499999997963,failed_asia_low_break,90,0.8,0.8,-2.1302499999997964,-3.180249999999796,-3.880249999999796,fail_asia_br_b0.15_r0.0_e12_tp0.8_sl0.8,failed_asia_breakout_reversal_v1
2024-07-17 12:00:00+00:00,1,2474.89,2024-07-17 12:06:00+00:00,2471.656,sl,-3.2339999999999236,failed_asia_low_break,90,0.8,0.8,-3.5839999999999237,-4.633999999999924,-5.333999999999923,fail_asia_br_b0.15_r0.0_e12_tp0.8_sl0.8,failed_asia_breakout_reversal_v1
2024-07-18 12:00:00+00:00,-1,2465.97,2024-07-18 13:07:00+00:00,2463.8125,tp,2.1574999999998,failed_asia_high_break,90,0.8,0.8,1.8074999999997998,0.7574999999998,0.057499999999800266,fail_asia_br_b0.15_r0.0_e12_tp0.8_sl0.8,failed_asia_breakout_reversal_v1
2024-07-19 12:00:00+00:00,1,2420.6,2024-07-19 12:21:00+00:00,2417.3714999999997,sl,-3.2285000000001673,failed_asia_low_break,90,0.8,0.8,-3.5785000000001674,-4.628500000000168,-5.328500000000167,fail_asia_br_b0.15_r0.0_e12_tp0.8_sl0.8,failed_asia_breakout_reversal_v1
2024-07-22 12:00:00+00:00,1,2401.51,2024-07-22 12:43:00+00:00,2403.85125,tp,2.3412499999999454,failed_asia_low_break,90,0.8,0.8,1.9912499999999453,0.9412499999999455,0.24124999999994579,fail_asia_br_b0.15_r0.0_e12_tp0.8_sl0.8,failed_asia_breakout_reversal_v1
2024-07-24 12:00:00+00:00,-1,2411.8,2024-07-24 12:51:00+00:00,2414.1557500000004,sl,-2.355750000000171,failed_asia_high_break,90,0.8,0.8,-2.705750000000171,-3.755750000000171,-4.455750000000171,fail_asia_br_b0.15_r0.0_e12_tp0.8_sl0.8,failed_asia_breakout_reversal_v1
2024-07-25 12:00:00+00:00,1,2374.08,2024-07-25 13:30:00+00:00,2373.91,horizon_close,-0.17000000000007276,failed_asia_low_break,90,0.8,0.8,-0.5200000000000727,-1.5700000000000727,-2.2700000000000724,fail_asia_br_b0.15_r0.0_e12_tp0.8_sl0.8,failed_asia_breakout_reversal_v1
2024-08-05 12:00:00+00:00,-1,2424.87,2024-08-05 12:17:00+00:00,2419.55725,tp,5.312750000000051,failed_asia_high_break,90,0.8,0.8,4.962750000000051,3.912750000000051,3.2127500000000513,fail_asia_br_b0.15_r0.0_e12_tp0.8_sl0.8,failed_asia_breakout_reversal_v1
2024-08-06 12:00:00+00:00,1,2410.17,2024-08-06 12:16:00+00:00,2413.762,tp,3.5920000000000982,failed_asia_low_break,90,0.8,0.8,3.242000000000098,2.1920000000000983,1.4920000000000986,fail_asia_br_b0.15_r0.0_e12_tp0.8_sl0.8,failed_asia_breakout_reversal_v1
2024-08-09 12:00:00+00:00,1,2424.98,2024-08-09 12:48:00+00:00,2422.7595,sl,-2.2204999999999018,failed_asia_low_break,90,0.8,0.8,-2.570499999999902,-3.6204999999999017,-4.320499999999901,fail_asia_br_b0.15_r0.0_e12_tp0.8_sl0.8,failed_asia_breakout_reversal_v1
2024-08-22 12:00:00+00:00,1,2503.52,2024-08-22 12:12:00+00:00,2501.27075,sl,-2.249249999999847,failed_asia_low_break,90,0.8,0.8,-2.5992499999998473,-3.649249999999847,-4.349249999999847,fail_asia_br_b0.15_r0.0_e12_tp0.8_sl0.8,failed_asia_breakout_reversal_v1
2024-08-27 12:00:00+00:00,1,2510.44,2024-08-27 12:09:00+00:00,2512.7365,tp,2.2964999999999236,failed_asia_low_break,90,0.8,0.8,1.9464999999999235,0.8964999999999237,0.19649999999992396,fail_asia_br_b0.15_r0.0_e12_tp0.8_sl0.8,failed_asia_breakout_reversal_v1
2024-09-06 12:00:00+00:00,-1,2517.54,2024-09-06 12:32:00+00:00,2518.95075,sl,-1.4107500000000073,failed_asia_high_break,90,0.8,0.8,-1.7607500000000074,-2.810750000000007,-3.510750000000007,fail_asia_br_b0.15_r0.0_e12_tp0.8_sl0.8,failed_asia_breakout_reversal_v1
2024-09-10 12:00:00+00:00,1,2501.68,2024-09-10 12:33:00+00:00,2503.16225,tp,1.4822500000000218,failed_asia_low_break,90,0.8,0.8,1.1322500000000217,0.08225000000002192,-0.6177499999999778,fail_asia_br_b0.15_r0.0_e12_tp0.8_sl0.8,failed_asia_breakout_reversal_v1
2024-09-13 12:00:00+00:00,-1,2569.78,2024-09-13 12:28:00+00:00,2572.068,sl,-2.288000000000011,failed_asia_high_break,90,0.8,0.8,-2.638000000000011,-3.688000000000011,-4.388000000000011,fail_asia_br_b0.15_r0.0_e12_tp0.8_sl0.8,failed_asia_breakout_reversal_v1
2024-09-16 12:00:00+00:00,-1,2586.63,2024-09-16 12:42:00+00:00,2584.7780000000002,tp,1.8519999999998618,failed_asia_high_break,90,0.8,0.8,1.5019999999998617,0.45199999999986185,-0.2480000000001379,fail_asia_br_b0.15_r0.0_e12_tp0.8_sl0.8,failed_asia_breakout_reversal_v1
2024-09-18 12:00:00+00:00,1,2570.32,2024-09-18 12:04:00+00:00,2568.5085000000004,sl,-1.8114999999997963,failed_asia_low_break,90,0.8,0.8,-2.1614999999997964,-3.211499999999796,-3.911499999999796,fail_asia_br_b0.15_r0.0_e12_tp0.8_sl0.8,failed_asia_breakout_reversal_v1
2024-09-23 12:00:00+00:00,1,2616.9,2024-09-23 12:28:00+00:00,2619.2345,tp,2.3344999999999345,failed_asia_low_break,90,0.8,0.8,1.9844999999999344,0.9344999999999346,0.23449999999993487,fail_asia_br_b0.15_r0.0_e12_tp0.8_sl0.8,failed_asia_breakout_reversal_v1
2024-09-25 12:00:00+00:00,1,2655.77,2024-09-25 12:15:00+00:00,2653.23275,sl,-2.537249999999858,failed_asia_low_break,90,0.8,0.8,-2.887249999999858,-3.937249999999858,-4.637249999999858,fail_asia_br_b0.15_r0.0_e12_tp0.8_sl0.8,failed_asia_breakout_reversal_v1
2024-10-04 12:00:00+00:00,-1,2658.66,2024-10-04 12:55:00+00:00,2657.0297499999997,tp,1.63025000000016,failed_asia_high_break,90,0.8,0.8,1.28025000000016,0.23025000000016016,-0.4697499999998396,fail_asia_br_b0.15_r0.0_e12_tp0.8_sl0.8,failed_asia_breakout_reversal_v1
2024-10-08 12:00:00+00:00,1,2637.64,2024-10-08 12:50:00+00:00,2640.8377499999997,tp,3.1977499999998145,failed_asia_low_break,90,0.8,0.8,2.8477499999998144,1.7977499999998146,1.0977499999998148,fail_asia_br_b0.15_r0.0_e12_tp0.8_sl0.8,failed_asia_breakout_reversal_v1
2024-10-09 12:00:00+00:00,1,2616.48,2024-10-09 13:30:00+00:00,2616.46,horizon_close,-0.01999999999998181,failed_asia_low_break,90,0.8,0.8,-0.3699999999999818,-1.4199999999999817,-2.1199999999999815,fail_asia_br_b0.15_r0.0_e12_tp0.8_sl0.8,failed_asia_breakout_reversal_v1
2024-10-10 12:00:00+00:00,-1,2614.27,2024-10-10 12:25:00+00:00,2616.2435,sl,-1.9735000000000582,failed_asia_high_break,90,0.8,0.8,-2.3235000000000583,-3.373500000000058,-4.073500000000058,fail_asia_br_b0.15_r0.0_e12_tp0.8_sl0.8,failed_asia_breakout_reversal_v1
2024-10-11 12:00:00+00:00,-1,2639.1,2024-10-11 12:05:00+00:00,2641.15325,sl,-2.0532499999999345,failed_asia_high_break,90,0.8,0.8,-2.4032499999999346,-3.4532499999999344,-4.153249999999934,fail_asia_br_b0.15_r0.0_e12_tp0.8_sl0.8,failed_asia_breakout_reversal_v1
2024-10-17 12:00:00+00:00,-1,2681.46,2024-10-17 12:11:00+00:00,2679.147,tp,2.313000000000102,failed_asia_high_break,90,0.8,0.8,1.9630000000001018,0.913000000000102,0.21300000000010222,fail_asia_br_b0.15_r0.0_e12_tp0.8_sl0.8,failed_asia_breakout_reversal_v1
2024-10-18 12:00:00+00:00,-1,2706.71,2024-10-18 12:14:00+00:00,2709.29,sl,-2.5799999999999272,failed_asia_high_break,90,0.8,0.8,-2.9299999999999273,-3.979999999999927,-4.679999999999927,fail_asia_br_b0.15_r0.0_e12_tp0.8_sl0.8,failed_asia_breakout_reversal_v1
2024-10-28 12:00:00+00:00,-1,2729.63,2024-10-28 12:41:00+00:00,2732.2915000000003,sl,-2.66150000000016,failed_asia_high_break,90,0.8,0.8,-3.01150000000016,-4.06150000000016,-4.76150000000016,fail_asia_br_b0.15_r0.0_e12_tp0.8_sl0.8,failed_asia_breakout_reversal_v1
2024-11-01 12:00:00+00:00,-1,2750.46,2024-11-01 12:26:00+00:00,2748.38675,tp,2.0732499999999163,failed_asia_high_break,90,0.8,0.8,1.7232499999999162,0.6732499999999164,-0.026750000000083318,fail_asia_br_b0.15_r0.0_e12_tp0.8_sl0.8,failed_asia_breakout_reversal_v1
2024-11-07 12:00:00+00:00,-1,2661.29,2024-11-07 12:12:00+00:00,2664.24575,sl,-2.95575000000008,failed_asia_high_break,90,0.8,0.8,-3.30575000000008,-4.35575000000008,-5.05575000000008,fail_asia_br_b0.15_r0.0_e12_tp0.8_sl0.8,failed_asia_breakout_reversal_v1
2024-11-11 12:00:00+00:00,1,2667.07,2024-11-11 12:04:00+00:00,2669.4790000000003,tp,2.4090000000001055,failed_asia_low_break,90,0.8,0.8,2.0590000000001054,1.0090000000001056,0.30900000000010586,fail_asia_br_b0.15_r0.0_e12_tp0.8_sl0.8,failed_asia_breakout_reversal_v1
2024-11-15 12:00:00+00:00,1,2564.08,2024-11-15 12:21:00+00:00,2566.431,tp,2.3510000000001128,failed_asia_low_break,90,0.8,0.8,2.0010000000001127,0.9510000000001129,0.25100000000011313,fail_asia_br_b0.15_r0.0_e12_tp0.8_sl0.8,failed_asia_breakout_reversal_v1
2024-11-25 12:00:00+00:00,1,2673.53,2024-11-25 12:29:00+00:00,2668.89975,sl,-4.63025000000016,failed_asia_low_break,90,0.8,0.8,-4.98025000000016,-6.03025000000016,-6.73025000000016,fail_asia_br_b0.15_r0.0_e12_tp0.8_sl0.8,failed_asia_breakout_reversal_v1
2024-11-29 12:00:00+00:00,-1,2664.25,2024-11-29 13:09:00+00:00,2661.22625,tp,3.0237499999998363,failed_asia_high_break,90,0.8,0.8,2.673749999999836,1.6237499999998364,0.9237499999998366,fail_asia_br_b0.15_r0.0_e12_tp0.8_sl0.8,failed_asia_breakout_reversal_v1
2024-12-02 12:00:00+00:00,1,2633.77,2024-12-02 12:11:00+00:00,2636.73875,tp,2.96875,failed_asia_low_break,90,0.8,0.8,2.61875,1.56875,0.8687500000000004,fail_asia_br_b0.15_r0.0_e12_tp0.8_sl0.8,failed_asia_breakout_reversal_v1
2024-12-03 12:00:00+00:00,-1,2643.1,2024-12-03 12:14:00+00:00,2645.36975,sl,-2.269749999999931,failed_asia_high_break,90,0.8,0.8,-2.619749999999931,-3.669749999999931,-4.3697499999999305,fail_asia_br_b0.15_r0.0_e12_tp0.8_sl0.8,failed_asia_breakout_reversal_v1
2024-12-06 12:00:00+00:00,-1,2640.54,2024-12-06 12:25:00+00:00,2637.7442499999997,tp,2.7957500000002256,failed_asia_high_break,90,0.8,0.8,2.4457500000002255,1.3957500000002256,0.6957500000002259,fail_asia_br_b0.15_r0.0_e12_tp0.8_sl0.8,failed_asia_breakout_reversal_v1
2024-12-11 12:00:00+00:00,1,2694.28,2024-12-11 12:12:00+00:00,2698.1355000000003,tp,3.85550000000012,failed_asia_low_break,90,0.8,0.8,3.50550000000012,2.45550000000012,1.7555000000001204,fail_asia_br_b0.15_r0.0_e12_tp0.8_sl0.8,failed_asia_breakout_reversal_v1
2024-12-18 12:00:00+00:00,1,2647.05,2024-12-18 12:12:00+00:00,2648.83925,tp,1.7892499999998108,failed_asia_low_break,90,0.8,0.8,1.4392499999998107,0.3892499999998109,-0.3107500000001888,fail_asia_br_b0.15_r0.0_e12_tp0.8_sl0.8,failed_asia_breakout_reversal_v1
2024-12-23 12:00:00+00:00,-1,2626.37,2024-12-23 12:16:00+00:00,2624.375,tp,1.9949999999998909,failed_asia_high_break,90,0.8,0.8,1.6449999999998908,0.594999999999891,-0.10500000000010878,fail_asia_br_b0.15_r0.0_e12_tp0.8_sl0.8,failed_asia_breakout_reversal_v1
2024-12-24 12:00:00+00:00,-1,2614.23,2024-12-24 12:08:00+00:00,2615.77725,sl,-1.5472500000000764,failed_asia_high_break,90,0.8,0.8,-1.8972500000000765,-2.9472500000000763,-3.647250000000076,fail_asia_br_b0.15_r0.0_e12_tp0.8_sl0.8,failed_asia_breakout_reversal_v1
2024-12-26 12:00:00+00:00,-1,2627.43,2024-12-26 12:38:00+00:00,2628.924,sl,-1.4940000000001419,failed_asia_high_break,90,0.8,0.8,-1.844000000000142,-2.894000000000142,-3.5940000000001415,fail_asia_br_b0.15_r0.0_e12_tp0.8_sl0.8,failed_asia_breakout_reversal_v1
2025-01-02 12:00:00+00:00,-1,2635.81,2025-01-02 12:03:00+00:00,2633.94875,tp,1.8612499999999272,failed_asia_high_break,90,0.8,0.8,1.5112499999999272,0.46124999999992733,-0.2387500000000724,fail_asia_br_b0.15_r0.0_e12_tp0.8_sl0.8,failed_asia_breakout_reversal_v1
2025-01-14 12:00:00+00:00,-1,2666.84,2025-01-14 12:21:00+00:00,2664.84875,tp,1.9912500000000364,failed_asia_high_break,90,0.8,0.8,1.6412500000000363,0.5912500000000365,-0.10874999999996326,fail_asia_br_b0.15_r0.0_e12_tp0.8_sl0.8,failed_asia_breakout_reversal_v1
2025-01-21 12:00:00+00:00,-1,2720.62,2025-01-21 12:25:00+00:00,2723.41275,sl,-2.792750000000069,failed_asia_high_break,90,0.8,0.8,-3.142750000000069,-4.1927500000000695,-4.892750000000069,fail_asia_br_b0.15_r0.0_e12_tp0.8_sl0.8,failed_asia_breakout_reversal_v1
2025-01-24 12:00:00+00:00,-1,2772.63,2025-01-24 12:51:00+00:00,2775.006,sl,-2.375999999999749,failed_asia_high_break,90,0.8,0.8,-2.725999999999749,-3.775999999999749,-4.475999999999749,fail_asia_br_b0.15_r0.0_e12_tp0.8_sl0.8,failed_asia_breakout_reversal_v1
2025-01-27 12:00:00+00:00,1,2765.1,2025-01-27 12:29:00+00:00,2767.8675,tp,2.7674999999999272,failed_asia_low_break,90,0.8,0.8,2.417499999999927,1.3674999999999273,0.6674999999999276,fail_asia_br_b0.15_r0.0_e12_tp0.8_sl0.8,failed_asia_breakout_reversal_v1
2025-01-28 12:00:00+00:00,1,2743.51,2025-01-28 12:50:00+00:00,2741.5552500000003,sl,-1.9547499999998763,failed_asia_low_break,90,0.8,0.8,-2.3047499999998764,-3.354749999999876,-4.054749999999876,fail_asia_br_b0.15_r0.0_e12_tp0.8_sl0.8,failed_asia_breakout_reversal_v1
2025-01-29 12:00:00+00:00,1,2763.03,2025-01-29 12:17:00+00:00,2761.53825,sl,-1.4917500000001382,failed_asia_low_break,90,0.8,0.8,-1.8417500000001383,-2.891750000000138,-3.591750000000138,fail_asia_br_b0.15_r0.0_e12_tp0.8_sl0.8,failed_asia_breakout_reversal_v1
2025-01-31 12:00:00+00:00,-1,2793.55,2025-01-31 12:33:00+00:00,2791.7275,tp,1.8225000000002183,failed_asia_high_break,90,0.8,0.8,1.4725000000002182,0.42250000000021837,-0.27749999999978137,fail_asia_br_b0.15_r0.0_e12_tp0.8_sl0.8,failed_asia_breakout_reversal_v1
2025-02-04 12:00:00+00:00,1,2819.74,2025-02-04 12:13:00+00:00,2816.95975,sl,-2.7802499999997963,failed_asia_low_break,90,0.8,0.8,-3.1302499999997964,-4.180249999999797,-4.880249999999796,fail_asia_br_b0.15_r0.0_e12_tp0.8_sl0.8,failed_asia_breakout_reversal_v1
2025-02-13 12:00:00+00:00,-1,2914.17,2025-02-13 12:09:00+00:00,2916.8717500000002,sl,-2.7017500000001746,failed_asia_high_break,90,0.8,0.8,-3.0517500000001747,-4.101750000000175,-4.801750000000174,fail_asia_br_b0.15_r0.0_e12_tp0.8_sl0.8,failed_asia_breakout_reversal_v1
2025-02-17 12:00:00+00:00,-1,2902.41,2025-02-17 12:26:00+00:00,2899.55525,tp,2.8547499999999673,failed_asia_high_break,90,0.8,0.8,2.504749999999967,1.4547499999999673,0.7547499999999676,fail_asia_br_b0.15_r0.0_e12_tp0.8_sl0.8,failed_asia_breakout_reversal_v1
2025-02-21 12:00:00+00:00,1,2930.03,2025-02-21 13:12:00+00:00,2933.2735000000002,tp,3.24350000000004,failed_asia_low_break,90,0.8,0.8,2.89350000000004,1.84350000000004,1.1435000000000404,fail_asia_br_b0.15_r0.0_e12_tp0.8_sl0.8,failed_asia_breakout_reversal_v1
2025-02-24 12:00:00+00:00,-1,2944.53,2025-02-24 12:30:00+00:00,2941.6575000000003,tp,2.8724999999999454,failed_asia_high_break,90,0.8,0.8,2.5224999999999453,1.4724999999999455,0.7724999999999458,fail_asia_br_b0.15_r0.0_e12_tp0.8_sl0.8,failed_asia_breakout_reversal_v1
2025-02-25 12:00:00+00:00,1,2938.62,2025-02-25 12:31:00+00:00,2941.2617499999997,tp,2.6417499999997744,failed_asia_low_break,90,0.8,0.8,2.2917499999997744,1.2417499999997745,0.5417499999997748,fail_asia_br_b0.15_r0.0_e12_tp0.8_sl0.8,failed_asia_breakout_reversal_v1
2025-02-26 12:00:00+00:00,1,2913.59,2025-02-26 12:08:00+00:00,2916.5575000000003,tp,2.9675000000002,failed_asia_low_break,90,0.8,0.8,2.6175000000002,1.5675000000002002,0.8675000000002004,fail_asia_br_b0.15_r0.0_e12_tp0.8_sl0.8,failed_asia_breakout_reversal_v1
2025-02-28 12:00:00+00:00,1,2862.13,2025-02-28 13:30:00+00:00,2861.87,horizon_close,-0.2600000000002183,failed_asia_low_break,90,0.8,0.8,-0.6100000000002183,-1.6600000000002182,-2.360000000000218,fail_asia_br_b0.15_r0.0_e12_tp0.8_sl0.8,failed_asia_breakout_reversal_v1
2025-03-10 12:00:00+00:00,1,2910.0,2025-03-10 12:04:00+00:00,2907.031,sl,-2.969000000000051,failed_asia_low_break,90,0.8,0.8,-3.319000000000051,-4.369000000000051,-5.069000000000051,fail_asia_br_b0.15_r0.0_e12_tp0.8_sl0.8,failed_asia_breakout_reversal_v1
2025-03-21 12:00:00+00:00,1,3030.34,2025-03-21 12:08:00+00:00,3032.7712500000002,tp,2.431250000000091,failed_asia_low_break,90,0.8,0.8,2.081250000000091,1.031250000000091,0.3312500000000913,fail_asia_br_b0.15_r0.0_e12_tp0.8_sl0.8,failed_asia_breakout_reversal_v1
2025-03-24 12:00:00+00:00,-1,3023.99,2025-03-24 12:11:00+00:00,3026.43475,sl,-2.4447500000001128,failed_asia_high_break,90,0.8,0.8,-2.794750000000113,-3.8447500000001127,-4.544750000000112,fail_asia_br_b0.15_r0.0_e12_tp0.8_sl0.8,failed_asia_breakout_reversal_v1
2025-03-28 12:00:00+00:00,-1,3072.94,2025-03-28 12:19:00+00:00,3070.0685,tp,2.8715000000001965,failed_asia_high_break,90,0.8,0.8,2.5215000000001964,1.4715000000001965,0.7715000000001968,fail_asia_br_b0.15_r0.0_e12_tp0.8_sl0.8,failed_asia_breakout_reversal_v1
2025-04-01 12:00:00+00:00,-1,3131.12,2025-04-01 13:14:00+00:00,3135.051,sl,-3.93100000000004,failed_asia_high_break,90,0.8,0.8,-4.28100000000004,-5.33100000000004,-6.03100000000004,fail_asia_br_b0.15_r0.0_e12_tp0.8_sl0.8,failed_asia_breakout_reversal_v1
2025-04-03 12:00:00+00:00,1,3128.29,2025-04-03 12:59:00+00:00,3123.298,sl,-4.992000000000189,failed_asia_low_break,90,0.8,0.8,-5.342000000000189,-6.3920000000001895,-7.092000000000189,fail_asia_br_b0.15_r0.0_e12_tp0.8_sl0.8,failed_asia_breakout_reversal_v1
2025-04-11 12:00:00+00:00,-1,3218.85,2025-04-11 12:49:00+00:00,3226.302,sl,-7.4520000000002256,failed_asia_high_break,90,0.8,0.8,-7.802000000000225,-8.852000000000226,-9.552000000000225,fail_asia_br_b0.15_r0.0_e12_tp0.8_sl0.8,failed_asia_breakout_reversal_v1
2025-04-17 12:00:00+00:00,1,3324.56,2025-04-17 13:26:00+00:00,3330.653,tp,6.092999999999847,failed_asia_low_break,90,0.8,0.8,5.742999999999848,4.692999999999847,3.9929999999998476,fail_asia_br_b0.15_r0.0_e12_tp0.8_sl0.8,failed_asia_breakout_reversal_v1
2025-04-22 12:00:00+00:00,-1,3448.43,2025-04-22 12:11:00+00:00,3456.48775,sl,-8.057749999999942,failed_asia_high_break,90,0.8,0.8,-8.407749999999941,-9.457749999999942,-10.157749999999941,fail_asia_br_b0.15_r0.0_e12_tp0.8_sl0.8,failed_asia_breakout_reversal_v1
2025-04-23 12:00:00+00:00,1,3321.25,2025-04-23 12:11:00+00:00,3330.6372499999998,tp,9.387249999999767,failed_asia_low_break,90,0.8,0.8,9.037249999999768,7.987249999999767,7.2872499999997675,fail_asia_br_b0.15_r0.0_e12_tp0.8_sl0.8,failed_asia_breakout_reversal_v1
2025-04-29 12:00:00+00:00,1,3313.89,2025-04-29 12:17:00+00:00,3308.7965,sl,-5.093499999999949,failed_asia_low_break,90,0.8,0.8,-5.443499999999949,-6.493499999999949,-7.193499999999949,fail_asia_br_b0.15_r0.0_e12_tp0.8_sl0.8,failed_asia_breakout_reversal_v1
2025-05-01 12:00:00+00:00,1,3234.84,2025-05-01 12:09:00+00:00,3229.3790000000004,sl,-5.460999999999785,failed_asia_low_break,90,0.8,0.8,-5.810999999999785,-6.860999999999786,-7.560999999999785,fail_asia_br_b0.15_r0.0_e12_tp0.8_sl0.8,failed_asia_breakout_reversal_v1
2025-05-14 12:00:00+00:00,1,3232.25,2025-05-14 13:30:00+00:00,3232.41,horizon_close,0.15999999999985448,failed_asia_low_break,90,0.8,0.8,-0.1900000000001455,-1.2400000000001454,-1.9400000000001452,fail_asia_br_b0.15_r0.0_e12_tp0.8_sl0.8,failed_asia_breakout_reversal_v1
2025-05-15 12:00:00+00:00,1,3162.96,2025-05-15 12:20:00+00:00,3169.7400000000002,tp,6.7800000000002,failed_asia_low_break,90,0.8,0.8,6.4300000000002004,5.3800000000002,4.6800000000002004,fail_asia_br_b0.15_r0.0_e12_tp0.8_sl0.8,failed_asia_breakout_reversal_v1
2025-05-21 12:00:00+00:00,-1,3307.83,2025-05-21 12:59:00+00:00,3313.0325,sl,-5.202499999999873,failed_asia_high_break,90,0.8,0.8,-5.552499999999872,-6.602499999999873,-7.302499999999872,fail_asia_br_b0.15_r0.0_e12_tp0.8_sl0.8,failed_asia_breakout_reversal_v1
2025-05-30 12:00:00+00:00,1,3296.05,2025-05-30 13:30:00+00:00,3296.36,horizon_close,0.30999999999994543,failed_asia_low_break,90,0.8,0.8,-0.04000000000005455,-1.0900000000000545,-1.7900000000000542,fail_asia_br_b0.15_r0.0_e12_tp0.8_sl0.8,failed_asia_breakout_reversal_v1
2025-06-03 12:00:00+00:00,1,3361.56,2025-06-03 12:30:00+00:00,3356.96975,sl,-4.590249999999742,failed_asia_low_break,90,0.8,0.8,-4.940249999999741,-5.990249999999742,-6.690249999999741,fail_asia_br_b0.15_r0.0_e12_tp0.8_sl0.8,failed_asia_breakout_reversal_v1
2025-06-05 12:00:00+00:00,1,3377.24,2025-06-05 12:20:00+00:00,3380.5339999999997,tp,3.293999999999869,failed_asia_low_break,90,0.8,0.8,2.943999999999869,1.8939999999998691,1.1939999999998694,fail_asia_br_b0.15_r0.0_e12_tp0.8_sl0.8,failed_asia_breakout_reversal_v1
2025-06-06 12:00:00+00:00,-1,3364.28,2025-06-06 12:08:00+00:00,3360.73,tp,3.550000000000182,failed_asia_high_break,90,0.8,0.8,3.200000000000182,2.150000000000182,1.4500000000001823,fail_asia_br_b0.15_r0.0_e12_tp0.8_sl0.8,failed_asia_breakout_reversal_v1
2025-06-09 12:00:00+00:00,-1,3319.78,2025-06-09 13:23:00+00:00,3316.2270000000003,tp,3.5529999999998836,failed_asia_high_break,90,0.8,0.8,3.2029999999998835,2.1529999999998837,1.452999999999884,fail_asia_br_b0.15_r0.0_e12_tp0.8_sl0.8,failed_asia_breakout_reversal_v1
2025-06-12 12:00:00+00:00,1,3357.57,2025-06-12 12:12:00+00:00,3361.8407500000003,tp,4.270750000000135,failed_asia_low_break,90,0.8,0.8,3.9207500000001345,2.8707500000001347,2.170750000000135,fail_asia_br_b0.15_r0.0_e12_tp0.8_sl0.8,failed_asia_breakout_reversal_v1
2025-06-18 12:00:00+00:00,-1,3383.04,2025-06-18 12:47:00+00:00,3379.431,tp,3.6089999999999236,failed_asia_high_break,90,0.8,0.8,3.2589999999999235,2.2089999999999237,1.508999999999924,fail_asia_br_b0.15_r0.0_e12_tp0.8_sl0.8,failed_asia_breakout_reversal_v1
2025-06-19 12:00:00+00:00,1,3368.34,2025-06-19 12:07:00+00:00,3364.05375,sl,-4.286250000000109,failed_asia_low_break,90,0.8,0.8,-4.636250000000109,-5.6862500000001095,-6.386250000000109,fail_asia_br_b0.15_r0.0_e12_tp0.8_sl0.8,failed_asia_breakout_reversal_v1
2025-06-20 12:00:00+00:00,1,3349.84,2025-06-20 12:10:00+00:00,3353.68175,tp,3.8417500000000473,failed_asia_low_break,90,0.8,0.8,3.491750000000047,2.4417500000000474,1.7417500000000476,fail_asia_br_b0.15_r0.0_e12_tp0.8_sl0.8,failed_asia_breakout_reversal_v1
2025-06-23 12:00:00+00:00,1,3362.2,2025-06-23 12:13:00+00:00,3365.86725,tp,3.6672499999999673,failed_asia_low_break,90,0.8,0.8,3.317249999999967,2.2672499999999673,1.5672499999999676,fail_asia_br_b0.15_r0.0_e12_tp0.8_sl0.8,failed_asia_breakout_reversal_v1
2025-06-25 12:00:00+00:00,-1,3325.78,2025-06-25 12:06:00+00:00,3322.97375,tp,2.806250000000091,failed_asia_high_break,90,0.8,0.8,2.456250000000091,1.406250000000091,0.7062500000000913,fail_asia_br_b0.15_r0.0_e12_tp0.8_sl0.8,failed_asia_breakout_reversal_v1
2025-07-02 12:00:00+00:00,1,3333.61,2025-07-02 12:14:00+00:00,3336.551,tp,2.9409999999998035,failed_asia_low_break,90,0.8,0.8,2.5909999999998035,1.5409999999998036,0.8409999999998039,fail_asia_br_b0.15_r0.0_e12_tp0.8_sl0.8,failed_asia_breakout_reversal_v1
2025-07-07 12:00:00+00:00,1,3309.58,2025-07-07 13:30:00+00:00,3307.8,horizon_close,-1.7799999999997453,failed_asia_low_break,90,0.8,0.8,-2.1299999999997454,-3.1799999999997453,-3.879999999999745,fail_asia_br_b0.15_r0.0_e12_tp0.8_sl0.8,failed_asia_breakout_reversal_v1
2025-07-11 12:00:00+00:00,-1,3332.67,2025-07-11 12:31:00+00:00,3335.81675,sl,-3.1467499999998836,failed_asia_high_break,90,0.8,0.8,-3.4967499999998837,-4.546749999999884,-5.246749999999883,fail_asia_br_b0.15_r0.0_e12_tp0.8_sl0.8,failed_asia_breakout_reversal_v1
2025-07-14 12:00:00+00:00,-1,3366.48,2025-07-14 12:59:00+00:00,3369.74375,sl,-3.2637500000000728,failed_asia_high_break,90,0.8,0.8,-3.613750000000073,-4.663750000000073,-5.363750000000072,fail_asia_br_b0.15_r0.0_e12_tp0.8_sl0.8,failed_asia_breakout_reversal_v1
2025-07-22 12:00:00+00:00,1,3389.63,2025-07-22 12:17:00+00:00,3387.324,sl,-2.30600000000004,failed_asia_low_break,90,0.8,0.8,-2.65600000000004,-3.70600000000004,-4.40600000000004,fail_asia_br_b0.15_r0.0_e12_tp0.8_sl0.8,failed_asia_breakout_reversal_v1
2025-07-23 12:00:00+00:00,1,3429.12,2025-07-23 12:19:00+00:00,3432.15075,tp,3.030749999999898,failed_asia_low_break,90,0.8,0.8,2.680749999999898,1.6307499999998982,0.9307499999998985,fail_asia_br_b0.15_r0.0_e12_tp0.8_sl0.8,failed_asia_breakout_reversal_v1
2025-07-28 12:00:00+00:00,-1,3337.17,2025-07-28 12:21:00+00:00,3340.196,sl,-3.02599999999984,failed_asia_high_break,90,0.8,0.8,-3.37599999999984,-4.42599999999984,-5.12599999999984,fail_asia_br_b0.15_r0.0_e12_tp0.8_sl0.8,failed_asia_breakout_reversal_v1
2025-08-01 12:00:00+00:00,-1,3293.05,2025-08-01 12:27:00+00:00,3296.068,sl,-3.018000000000029,failed_asia_high_break,90,0.8,0.8,-3.368000000000029,-4.4180000000000295,-5.118000000000029,fail_asia_br_b0.15_r0.0_e12_tp0.8_sl0.8,failed_asia_breakout_reversal_v1
2025-08-07 12:00:00+00:00,-1,3377.84,2025-08-07 12:33:00+00:00,3374.3337500000002,tp,3.506249999999909,failed_asia_high_break,90,0.8,0.8,3.156249999999909,2.106249999999909,1.4062499999999094,fail_asia_br_b0.15_r0.0_e12_tp0.8_sl0.8,failed_asia_breakout_reversal_v1
2025-08-12 12:00:00+00:00,-1,3347.37,2025-08-12 12:09:00+00:00,3350.6304999999998,sl,-3.2604999999998654,failed_asia_high_break,90,0.8,0.8,-3.6104999999998655,-4.660499999999866,-5.360499999999865,fail_asia_br_b0.15_r0.0_e12_tp0.8_sl0.8,failed_asia_breakout_reversal_v1
2025-08-15 12:00:00+00:00,-1,3340.79,2025-08-15 12:09:00+00:00,3338.3247499999998,tp,2.4652500000001965,failed_asia_high_break,90,0.8,0.8,2.1152500000001964,1.0652500000001965,0.3652500000001968,fail_asia_br_b0.15_r0.0_e12_tp0.8_sl0.8,failed_asia_breakout_reversal_v1
2025-08-18 12:00:00+00:00,-1,3348.25,2025-08-18 12:39:00+00:00,3350.94075,sl,-2.6907500000002074,failed_asia_high_break,90,0.8,0.8,-3.0407500000002075,-4.090750000000208,-4.790750000000207,fail_asia_br_b0.15_r0.0_e12_tp0.8_sl0.8,failed_asia_breakout_reversal_v1
2025-08-27 12:00:00+00:00,1,3384.3,2025-08-27 12:31:00+00:00,3382.13475,sl,-2.1652500000000146,failed_asia_low_break,90,0.8,0.8,-2.5152500000000146,-3.5652500000000145,-4.265250000000014,fail_asia_br_b0.15_r0.0_e12_tp0.8_sl0.8,failed_asia_breakout_reversal_v1
2025-08-29 12:00:00+00:00,1,3409.96,2025-08-29 12:31:00+00:00,3408.056,sl,-1.9039999999999964,failed_asia_low_break,90,0.8,0.8,-2.2539999999999965,-3.3039999999999963,-4.003999999999996,fail_asia_br_b0.15_r0.0_e12_tp0.8_sl0.8,failed_asia_breakout_reversal_v1
2025-09-01 12:00:00+00:00,-1,3477.03,2025-09-01 12:22:00+00:00,3471.8765000000003,tp,5.1534999999998945,failed_asia_high_break,90,0.8,0.8,4.803499999999895,3.7534999999998946,3.053499999999895,fail_asia_br_b0.15_r0.0_e12_tp0.8_sl0.8,failed_asia_breakout_reversal_v1
2025-09-02 12:00:00+00:00,1,3478.56,2025-09-02 13:11:00+00:00,3483.124,tp,4.563999999999851,failed_asia_low_break,90,0.8,0.8,4.213999999999851,3.163999999999851,2.463999999999851,fail_asia_br_b0.15_r0.0_e12_tp0.8_sl0.8,failed_asia_breakout_reversal_v1
2025-09-05 12:00:00+00:00,-1,3546.81,2025-09-05 12:03:00+00:00,3549.6525,sl,-2.8425000000002,failed_asia_high_break,90,0.8,0.8,-3.1925000000002,-4.2425000000002004,-4.9425000000002,fail_asia_br_b0.15_r0.0_e12_tp0.8_sl0.8,failed_asia_breakout_reversal_v1
2025-09-09 12:00:00+00:00,-1,3648.73,2025-09-09 12:12:00+00:00,3653.1095,sl,-4.379500000000007,failed_asia_high_break,90,0.8,0.8,-4.729500000000007,-5.779500000000008,-6.479500000000007,fail_asia_br_b0.15_r0.0_e12_tp0.8_sl0.8,failed_asia_breakout_reversal_v1
2025-09-12 12:00:00+00:00,-1,3641.6,2025-09-12 12:04:00+00:00,3644.438,sl,-2.838000000000193,failed_asia_high_break,90,0.8,0.8,-3.188000000000193,-4.238000000000193,-4.9380000000001925,fail_asia_br_b0.15_r0.0_e12_tp0.8_sl0.8,failed_asia_breakout_reversal_v1
2025-09-18 12:00:00+00:00,1,3665.29,2025-09-18 12:22:00+00:00,3669.54,tp,4.25,failed_asia_low_break,90,0.8,0.8,3.9,2.85,2.1500000000000004,fail_asia_br_b0.15_r0.0_e12_tp0.8_sl0.8,failed_asia_breakout_reversal_v1
2025-09-19 12:00:00+00:00,-1,3655.7,2025-09-19 13:30:00+00:00,3657.82,horizon_close,-2.1200000000003456,failed_asia_high_break,90,0.8,0.8,-2.4700000000003457,-3.5200000000003455,-4.220000000000345,fail_asia_br_b0.15_r0.0_e12_tp0.8_sl0.8,failed_asia_breakout_reversal_v1
2025-09-24 12:00:00+00:00,-1,3770.69,2025-09-24 12:27:00+00:00,3767.26025,tp,3.42975000000024,failed_asia_high_break,90,0.8,0.8,3.07975000000024,2.02975000000024,1.3297500000002405,fail_asia_br_b0.15_r0.0_e12_tp0.8_sl0.8,failed_asia_breakout_reversal_v1
2025-09-26 12:00:00+00:00,-1,3753.01,2025-09-26 12:16:00+00:00,3749.4017500000004,tp,3.608249999999771,failed_asia_high_break,90,0.8,0.8,3.2582499999997707,2.208249999999771,1.5082499999997712,fail_asia_br_b0.15_r0.0_e12_tp0.8_sl0.8,failed_asia_breakout_reversal_v1
2025-10-10 12:00:00+00:00,1,3991.8,2025-10-10 12:12:00+00:00,3998.3540000000003,tp,6.554000000000087,failed_asia_low_break,90,0.8,0.8,6.204000000000088,5.154000000000087,4.454000000000088,fail_asia_br_b0.15_r0.0_e12_tp0.8_sl0.8,failed_asia_breakout_reversal_v1
2025-10-22 12:00:00+00:00,-1,4080.0,2025-10-22 12:08:00+00:00,4095.3815,sl,-15.38149999999996,failed_asia_high_break,90,0.8,0.8,-15.73149999999996,-16.78149999999996,-17.48149999999996,fail_asia_br_b0.15_r0.0_e12_tp0.8_sl0.8,failed_asia_breakout_reversal_v1
2025-11-03 12:00:00+00:00,-1,4004.2,2025-11-03 12:04:00+00:00,3997.817,tp,6.382999999999811,failed_asia_high_break,90,0.8,0.8,6.032999999999811,4.9829999999998105,4.282999999999811,fail_asia_br_b0.15_r0.0_e12_tp0.8_sl0.8,failed_asia_breakout_reversal_v1
2025-11-04 12:00:00+00:00,1,3987.56,2025-11-04 12:14:00+00:00,3993.64075,tp,6.08075000000008,failed_asia_low_break,90,0.8,0.8,5.73075000000008,4.68075000000008,3.9807500000000804,fail_asia_br_b0.15_r0.0_e12_tp0.8_sl0.8,failed_asia_breakout_reversal_v1
2025-11-05 12:00:00+00:00,-1,3970.56,2025-11-05 12:02:00+00:00,3965.0589999999997,tp,5.501000000000204,failed_asia_high_break,90,0.8,0.8,5.151000000000204,4.101000000000203,3.401000000000204,fail_asia_br_b0.15_r0.0_e12_tp0.8_sl0.8,failed_asia_breakout_reversal_v1
2025-11-12 12:00:00+00:00,1,4123.43,2025-11-12 13:01:00+00:00,4128.9125,tp,5.482500000000073,failed_asia_low_break,90,0.8,0.8,5.132500000000073,4.082500000000072,3.382500000000073,fail_asia_br_b0.15_r0.0_e12_tp0.8_sl0.8,failed_asia_breakout_reversal_v1
2025-11-17 12:00:00+00:00,1,4082.61,2025-11-17 12:11:00+00:00,4089.13675,tp,6.526749999999993,failed_asia_low_break,90,0.8,0.8,6.176749999999993,5.126749999999992,4.426749999999993,fail_asia_br_b0.15_r0.0_e12_tp0.8_sl0.8,failed_asia_breakout_reversal_v1
2025-11-18 12:00:00+00:00,1,4040.97,2025-11-18 12:46:00+00:00,4048.62,tp,7.650000000000091,failed_asia_low_break,90,0.8,0.8,7.300000000000091,6.250000000000091,5.550000000000091,fail_asia_br_b0.15_r0.0_e12_tp0.8_sl0.8,failed_asia_breakout_reversal_v1
2025-11-20 12:00:00+00:00,1,4064.62,2025-11-20 13:04:00+00:00,4055.64075,sl,-8.979249999999865,failed_asia_low_break,90,0.8,0.8,-9.329249999999865,-10.379249999999866,-11.079249999999865,fail_asia_br_b0.15_r0.0_e12_tp0.8_sl0.8,failed_asia_breakout_reversal_v1
2025-11-21 12:00:00+00:00,1,4051.15,2025-11-21 12:07:00+00:00,4042.95075,sl,-8.19925000000012,failed_asia_low_break,90,0.8,0.8,-8.54925000000012,-9.59925000000012,-10.29925000000012,fail_asia_br_b0.15_r0.0_e12_tp0.8_sl0.8,failed_asia_breakout_reversal_v1
2025-11-24 12:00:00+00:00,1,4072.93,2025-11-24 12:31:00+00:00,4067.53025,sl,-5.39975000000004,failed_asia_low_break,90,0.8,0.8,-5.74975000000004,-6.79975000000004,-7.49975000000004,fail_asia_br_b0.15_r0.0_e12_tp0.8_sl0.8,failed_asia_breakout_reversal_v1
2025-11-25 12:00:00+00:00,1,4129.04,2025-11-25 12:05:00+00:00,4135.1775,tp,6.137499999999818,failed_asia_low_break,90,0.8,0.8,5.7874999999998185,4.737499999999818,4.0374999999998185,fail_asia_br_b0.15_r0.0_e12_tp0.8_sl0.8,failed_asia_breakout_reversal_v1
2025-11-28 12:00:00+00:00,1,4164.98,2025-11-28 12:07:00+00:00,4170.4985,tp,5.518500000000131,failed_asia_low_break,90,0.8,0.8,5.168500000000131,4.118500000000131,3.4185000000001313,fail_asia_br_b0.15_r0.0_e12_tp0.8_sl0.8,failed_asia_breakout_reversal_v1
2025-12-04 12:00:00+00:00,1,4200.04,2025-12-04 13:09:00+00:00,4205.073,tp,5.0330000000003565,failed_asia_low_break,90,0.8,0.8,4.683000000000357,3.6330000000003566,2.933000000000357,fail_asia_br_b0.15_r0.0_e12_tp0.8_sl0.8,failed_asia_breakout_reversal_v1
2025-12-08 12:00:00+00:00,-1,4208.7,2025-12-08 12:30:00+00:00,4204.6275,tp,4.072500000000218,failed_asia_high_break,90,0.8,0.8,3.722500000000218,2.6725000000002184,1.9725000000002186,fail_asia_br_b0.15_r0.0_e12_tp0.8_sl0.8,failed_asia_breakout_reversal_v1
2025-12-11 12:00:00+00:00,1,4219.06,2025-12-11 12:06:00+00:00,4223.596750000001,tp,4.536750000000211,failed_asia_low_break,90,0.8,0.8,4.186750000000211,3.136750000000211,2.4367500000002114,fail_asia_br_b0.15_r0.0_e12_tp0.8_sl0.8,failed_asia_breakout_reversal_v1
2025-12-16 12:00:00+00:00,1,4281.29,2025-12-16 12:30:00+00:00,4275.823,sl,-5.4669999999996435,failed_asia_low_break,90,0.8,0.8,-5.816999999999643,-6.866999999999644,-7.566999999999643,fail_asia_br_b0.15_r0.0_e12_tp0.8_sl0.8,failed_asia_breakout_reversal_v1
2025-12-17 12:00:00+00:00,-1,4316.58,2025-12-17 12:20:00+00:00,4321.46975,sl,-4.8897500000002765,failed_asia_high_break,90,0.8,0.8,-5.239750000000276,-6.289750000000277,-6.989750000000276,fail_asia_br_b0.15_r0.0_e12_tp0.8_sl0.8,failed_asia_breakout_reversal_v1
2026-01-06 12:00:00+00:00,-1,4448.52,2026-01-06 12:03:00+00:00,4442.849,tp,5.6710000000002765,failed_asia_high_break,90,0.8,0.8,5.321000000000277,4.271000000000276,3.571000000000277,fail_asia_br_b0.15_r0.0_e12_tp0.8_sl0.8,failed_asia_breakout_reversal_v1
2026-01-07 12:00:00+00:00,1,4461.64,2026-01-07 12:46:00+00:00,4467.2927500000005,tp,5.6527500000001965,failed_asia_low_break,90,0.8,0.8,5.302750000000197,4.252750000000196,3.552750000000197,fail_asia_br_b0.15_r0.0_e12_tp0.8_sl0.8,failed_asia_breakout_reversal_v1
2026-01-08 12:00:00+00:00,1,4432.03,2026-01-08 12:18:00+00:00,4426.2445,sl,-5.785499999999956,failed_asia_low_break,90,0.8,0.8,-6.135499999999956,-7.185499999999957,-7.885499999999956,fail_asia_br_b0.15_r0.0_e12_tp0.8_sl0.8,failed_asia_breakout_reversal_v1
2026-01-13 12:00:00+00:00,1,4585.9,2026-01-13 12:12:00+00:00,4580.867499999999,sl,-5.032500000000255,failed_asia_low_break,90,0.8,0.8,-5.382500000000254,-6.432500000000255,-7.132500000000254,fail_asia_br_b0.15_r0.0_e12_tp0.8_sl0.8,failed_asia_breakout_reversal_v1
2026-01-14 12:00:00+00:00,-1,4628.52,2026-01-14 12:16:00+00:00,4633.90775,sl,-5.387749999999869,failed_asia_high_break,90,0.8,0.8,-5.737749999999869,-6.787749999999869,-7.487749999999869,fail_asia_br_b0.15_r0.0_e12_tp0.8_sl0.8,failed_asia_breakout_reversal_v1
2026-01-21 12:00:00+00:00,-1,4861.57,2026-01-21 13:30:00+00:00,4864.96,horizon_close,-3.3900000000003274,failed_asia_high_break,90,0.8,0.8,-3.7400000000003275,-4.790000000000328,-5.490000000000327,fail_asia_br_b0.15_r0.0_e12_tp0.8_sl0.8,failed_asia_breakout_reversal_v1
2026-01-26 12:00:00+00:00,-1,5084.32,2026-01-26 12:39:00+00:00,5094.394499999999,sl,-10.074499999999716,failed_asia_high_break,90,0.8,0.8,-10.424499999999716,-11.474499999999717,-12.174499999999716,fail_asia_br_b0.15_r0.0_e12_tp0.8_sl0.8,failed_asia_breakout_reversal_v1
2026-02-02 12:00:00+00:00,1,4721.77,2026-02-02 12:26:00+00:00,4677.025500000001,sl,-44.74449999999979,failed_asia_low_break,90,0.8,0.8,-45.09449999999979,-46.14449999999979,-46.84449999999979,fail_asia_br_b0.15_r0.0_e12_tp0.8_sl0.8,failed_asia_breakout_reversal_v1
2026-02-04 12:00:00+00:00,-1,5062.31,2026-02-04 12:06:00+00:00,5049.1695,tp,13.14050000000043,failed_asia_high_break,90,0.8,0.8,12.79050000000043,11.740500000000429,11.04050000000043,fail_asia_br_b0.15_r0.0_e12_tp0.8_sl0.8,failed_asia_breakout_reversal_v1
2026-02-16 12:00:00+00:00,1,5013.5,2026-02-16 12:22:00+00:00,5005.98925,sl,-7.510750000000371,failed_asia_low_break,90,0.8,0.8,-7.860750000000371,-8.910750000000371,-9.61075000000037,fail_asia_br_b0.15_r0.0_e12_tp0.8_sl0.8,failed_asia_breakout_reversal_v1
2026-02-17 12:00:00+00:00,1,4923.68,2026-02-17 12:11:00+00:00,4933.94725,tp,10.267249999999876,failed_asia_low_break,90,0.8,0.8,9.917249999999877,8.867249999999876,8.167249999999877,fail_asia_br_b0.15_r0.0_e12_tp0.8_sl0.8,failed_asia_breakout_reversal_v1
2026-02-18 12:00:00+00:00,-1,4917.99,2026-02-18 12:11:00+00:00,4923.835,sl,-5.845000000000255,failed_asia_high_break,90,0.8,0.8,-6.195000000000254,-7.245000000000255,-7.945000000000254,fail_asia_br_b0.15_r0.0_e12_tp0.8_sl0.8,failed_asia_breakout_reversal_v1
2026-02-26 12:00:00+00:00,-1,5186.13,2026-02-26 12:29:00+00:00,5180.0070000000005,tp,6.1229999999995925,failed_asia_high_break,90,0.8,0.8,5.772999999999593,4.722999999999592,4.022999999999593,fail_asia_br_b0.15_r0.0_e12_tp0.8_sl0.8,failed_asia_breakout_reversal_v1
2026-03-02 12:00:00+00:00,-1,5389.1,2026-03-02 12:06:00+00:00,5379.174,tp,9.926000000000386,failed_asia_high_break,90,0.8,0.8,9.576000000000386,8.526000000000385,7.826000000000386,fail_asia_br_b0.15_r0.0_e12_tp0.8_sl0.8,failed_asia_breakout_reversal_v1
2026-03-05 12:00:00+00:00,1,5156.06,2026-03-05 12:55:00+00:00,5166.151250000001,tp,10.0912500000004,failed_asia_low_break,90,0.8,0.8,9.7412500000004,8.6912500000004,7.9912500000004005,fail_asia_br_b0.15_r0.0_e12_tp0.8_sl0.8,failed_asia_breakout_reversal_v1
2026-03-10 12:00:00+00:00,-1,5181.31,2026-03-10 12:29:00+00:00,5173.96125,tp,7.348750000000109,failed_asia_high_break,90,0.8,0.8,6.9987500000001095,5.948750000000109,5.2487500000001095,fail_asia_br_b0.15_r0.0_e12_tp0.8_sl0.8,failed_asia_breakout_reversal_v1
2026-03-11 12:00:00+00:00,1,5187.69,2026-03-11 12:12:00+00:00,5194.554,tp,6.8640000000004875,failed_asia_low_break,90,0.8,0.8,6.514000000000488,5.464000000000487,4.764000000000488,fail_asia_br_b0.15_r0.0_e12_tp0.8_sl0.8,failed_asia_breakout_reversal_v1
2026-03-13 12:00:00+00:00,1,5087.65,2026-03-13 12:16:00+00:00,5094.8345,tp,7.184500000000298,failed_asia_low_break,90,0.8,0.8,6.834500000000299,5.784500000000298,5.084500000000299,fail_asia_br_b0.15_r0.0_e12_tp0.8_sl0.8,failed_asia_breakout_reversal_v1
2026-03-16 12:00:00+00:00,-1,4973.85,2026-03-16 12:23:00+00:00,4982.08075,sl,-8.230749999999716,failed_asia_high_break,90,0.8,0.8,-8.580749999999716,-9.630749999999717,-10.330749999999716,fail_asia_br_b0.15_r0.0_e12_tp0.8_sl0.8,failed_asia_breakout_reversal_v1
2026-03-17 12:00:00+00:00,-1,5010.96,2026-03-17 12:06:00+00:00,5004.6015,tp,6.3585000000002765,failed_asia_high_break,90,0.8,0.8,6.008500000000277,4.958500000000276,4.258500000000277,fail_asia_br_b0.15_r0.0_e12_tp0.8_sl0.8,failed_asia_breakout_reversal_v1
2026-03-18 12:00:00+00:00,1,4990.81,2026-03-18 12:28:00+00:00,4984.9075,sl,-5.9025000000001455,failed_asia_low_break,90,0.8,0.8,-6.252500000000145,-7.302500000000146,-8.002500000000145,fail_asia_br_b0.15_r0.0_e12_tp0.8_sl0.8,failed_asia_breakout_reversal_v1
2026-03-27 12:00:00+00:00,-1,4428.64,2026-03-27 12:41:00+00:00,4419.6715,tp,8.968499999999949,failed_asia_high_break,90,0.8,0.8,8.61849999999995,7.568499999999949,6.868499999999949,fail_asia_br_b0.15_r0.0_e12_tp0.8_sl0.8,failed_asia_breakout_reversal_v1
2026-04-10 12:00:00+00:00,1,4740.84,2026-04-10 12:18:00+00:00,4747.83375,tp,6.993749999999636,failed_asia_low_break,90,0.8,0.8,6.643749999999637,5.593749999999636,4.893749999999637,fail_asia_br_b0.15_r0.0_e12_tp0.8_sl0.8,failed_asia_breakout_reversal_v1
2026-04-13 12:00:00+00:00,-1,4723.62,2026-04-13 12:10:00+00:00,4716.4085,tp,7.211500000000342,failed_asia_high_break,90,0.8,0.8,6.861500000000342,5.811500000000342,5.111500000000342,fail_asia_br_b0.15_r0.0_e12_tp0.8_sl0.8,failed_asia_breakout_reversal_v1
2026-04-17 12:00:00+00:00,-1,4796.62,2026-04-17 12:59:00+00:00,4790.148749999999,tp,6.471250000000509,failed_asia_high_break,90,0.8,0.8,6.12125000000051,5.071250000000509,4.37125000000051,fail_asia_br_b0.15_r0.0_e12_tp0.8_sl0.8,failed_asia_breakout_reversal_v1
2026-04-22 12:00:00+00:00,-1,4758.39,2026-04-22 12:55:00+00:00,4753.34925,tp,5.040750000000116,failed_asia_high_break,90,0.8,0.8,4.690750000000117,3.6407500000001165,2.9407500000001168,fail_asia_br_b0.15_r0.0_e12_tp0.8_sl0.8,failed_asia_breakout_reversal_v1
2026-04-24 12:00:00+00:00,1,4692.03,2026-04-24 12:25:00+00:00,4685.164,sl,-6.8659999999999854,failed_asia_low_break,90,0.8,0.8,-7.215999999999985,-8.265999999999986,-8.965999999999985,fail_asia_br_b0.15_r0.0_e12_tp0.8_sl0.8,failed_asia_breakout_reversal_v1
2026-05-08 12:00:00+00:00,-1,4713.84,2026-05-08 12:18:00+00:00,4721.5740000000005,sl,-7.734000000000378,failed_asia_high_break,90,0.8,0.8,-8.084000000000378,-9.134000000000379,-9.834000000000378,fail_asia_br_b0.15_r0.0_e12_tp0.8_sl0.8,failed_asia_breakout_reversal_v1
2026-05-18 12:00:00+00:00,-1,4551.14,2026-05-18 12:03:00+00:00,4541.61625,tp,9.523750000000291,failed_asia_high_break,90,0.8,0.8,9.173750000000291,8.12375000000029,7.423750000000291,fail_asia_br_b0.15_r0.0_e12_tp0.8_sl0.8,failed_asia_breakout_reversal_v1
2026-05-21 12:00:00+00:00,1,4532.32,2026-05-21 12:13:00+00:00,4539.62075,tp,7.300750000000335,failed_asia_low_break,90,0.8,0.8,6.950750000000335,5.900750000000334,5.200750000000335,fail_asia_br_b0.15_r0.0_e12_tp0.8_sl0.8,failed_asia_breakout_reversal_v1
2026-05-22 12:00:00+00:00,1,4521.81,2026-05-22 12:15:00+00:00,4516.12275,sl,-5.687249999999949,failed_asia_low_break,90,0.8,0.8,-6.037249999999949,-7.087249999999949,-7.787249999999949,fail_asia_br_b0.15_r0.0_e12_tp0.8_sl0.8,failed_asia_breakout_reversal_v1
2026-05-28 12:00:00+00:00,1,4387.81,2026-05-28 12:21:00+00:00,4396.057000000001,tp,8.247000000000298,failed_asia_low_break,90,0.8,0.8,7.897000000000299,6.847000000000298,6.147000000000299,fail_asia_br_b0.15_r0.0_e12_tp0.8_sl0.8,failed_asia_breakout_reversal_v1
2026-05-29 12:00:00+00:00,-1,4517.11,2026-05-29 12:09:00+00:00,4523.76125,sl,-6.651249999999891,failed_asia_high_break,90,0.8,0.8,-7.0012499999998905,-8.051249999999891,-8.75124999999989,fail_asia_br_b0.15_r0.0_e12_tp0.8_sl0.8,failed_asia_breakout_reversal_v1
2026-06-04 12:00:00+00:00,-1,4462.54,2026-06-04 12:48:00+00:00,4469.2395,sl,-6.699499999999716,failed_asia_high_break,90,0.8,0.8,-7.049499999999716,-8.099499999999717,-8.799499999999716,fail_asia_br_b0.15_r0.0_e12_tp0.8_sl0.8,failed_asia_breakout_reversal_v1
2026-06-05 12:00:00+00:00,1,4461.44,2026-06-05 12:13:00+00:00,4467.983249999999,tp,6.543249999999716,failed_asia_low_break,90,0.8,0.8,6.193249999999717,5.143249999999716,4.443249999999717,fail_asia_br_b0.15_r0.0_e12_tp0.8_sl0.8,failed_asia_breakout_reversal_v1
2026-06-09 12:00:00+00:00,-1,4325.89,2026-06-09 12:21:00+00:00,4332.559,sl,-6.668999999999869,failed_asia_high_break,90,0.8,0.8,-7.018999999999869,-8.06899999999987,-8.768999999999869,fail_asia_br_b0.15_r0.0_e12_tp0.8_sl0.8,failed_asia_breakout_reversal_v1
