mechanism,side,event_utc,entry_utc,exit_utc,horizon_bars,entry_price,exit_price,ret_usd,win,mfe_max_h,mae_max_h,ref_level,context,net_x1,event_dt,entry_dt,event_bar_utc,event_hour,event_session,event_open,event_high,event_low,event_close,event_range,body,lower_wick,upper_wick,lower_wick_to_range,lower_wick_to_body,close_position_in_range,sweep_depth,reclaim_above_ref,sweep_depth_atr,atr96,atr_pct_rank_252,pdh,pdl,prior_mid,prior_range,event_close_below_prior_mid,event_close_above_prior_mid,bars_since_first_breach,h4_close,h4_sma20,h4_slope3,h4_up_context,h4_slope_positive,net_x2,net_x4
prev_day_low_sweep_rejection,LONG,2022-05-12T17:15:00+00:00,2022-05-12T17:30:00+0000,2022-05-12T18:30:00+00:00,4,1835.63,1824.84,-10.79,0,1.28,25.38,1835.3,pdh=1865.24;pdl=1835.30,-11.139999999999999,2022-05-12 17:15:00+00:00,2022-05-12 17:30:00+00:00,2022-05-12T17:15:00+00:00,17,new_york,1834.53,1836.17,1833.06,1835.63,3.1100000000001278,1.1000000000001364,1.4700000000000273,0.5399999999999636,0.4726688102893785,1.3363636363634954,0.8263665594855494,2.240000000000009,0.3300000000001546,0.7918692001767599,2.8287499999999994,0.6944444444444444,1865.24,1835.3,1850.27,29.94000000000005,1,0,2,1835.41,1850.131,-4.861499999999751,0,0,-11.489999999999998,-12.19
prev_day_low_sweep_rejection,LONG,2022-05-16T09:15:00+00:00,2022-05-16T09:30:00+0000,2022-05-16T10:30:00+00:00,4,1800.17,1804.83,4.66,1,14.24,4.49,1798.91,pdh=1828.56;pdl=1798.91,4.3100000000000005,2022-05-16 09:15:00+00:00,2022-05-16 09:30:00+00:00,2022-05-16T09:15:00+00:00,9,london,1794.92,1800.25,1792.72,1800.23,7.529999999999973,5.309999999999945,2.200000000000045,0.0199999999999818,0.2921646746348013,0.414312617702461,0.9973439575033224,6.190000000000055,1.3199999999999363,2.04924477550177,3.0206250000000097,0.7698412698412699,1828.56,1798.91,1813.735,29.649999999999864,1,0,2,1792.77,1830.8665,-4.900000000000091,0,0,3.96,3.2600000000000002
prev_day_low_sweep_rejection,LONG,2022-05-25T17:00:00+00:00,2022-05-25T17:15:00+0000,2022-05-25T18:15:00+00:00,4,1845.93,1845.64,-0.29,0,10.21,2.73,1845.43,pdh=1865.08;pdl=1845.43,-0.6399999999999999,2022-05-25 17:00:00+00:00,2022-05-25 17:15:00+00:00,2022-05-25T17:00:00+00:00,17,new_york,1847.63,1848.17,1841.24,1845.92,6.930000000000064,1.7100000000000364,4.680000000000064,0.5399999999999636,0.6753246753246783,2.736842105263137,0.6753246753246783,4.190000000000055,0.4900000000000091,2.066265988596112,2.027812500000001,0.5317460317460317,1865.08,1845.43,1855.255,19.649999999999864,1,0,0,1845.63,1855.205,1.5864999999998872,0,1,-0.99,-1.69
prev_day_low_sweep_rejection,LONG,2022-06-06T16:00:00+00:00,2022-06-06T16:15:00+0000,2022-06-06T17:15:00+00:00,4,1847.66,1842.67,-4.99,0,0.05,7.31,1847.15,pdh=1873.86;pdl=1847.15,-5.34,2022-06-06 16:00:00+00:00,2022-06-06 16:15:00+00:00,2022-06-06T16:00:00+00:00,16,new_york,1846.16,1848.54,1845.45,1847.64,3.089999999999918,1.4800000000000182,0.7100000000000364,0.8999999999998636,0.2297734627831893,0.4797297297297484,0.7087378640777063,1.7000000000000457,0.4900000000000091,0.8999669129811672,1.888958333333328,0.5,1873.86,1847.15,1860.505,26.70999999999981,1,0,3,1843.35,1854.083,2.1340000000000146,0,1,-5.69,-6.390000000000001
prev_day_low_sweep_rejection,LONG,2022-06-07T11:45:00+00:00,2022-06-07T12:00:00+0000,2022-06-07T13:00:00+00:00,4,1850.04,1847.05,-2.99,0,3.31,7.87,1849.46,pdh=1852.39;pdl=1849.46,-3.3400000000000003,2022-06-07 11:45:00+00:00,2022-06-07 12:00:00+00:00,2022-06-07T11:45:00+00:00,11,london,1847.45,1850.11,1847.26,1850.05,2.849999999999909,2.599999999999909,0.1900000000000545,0.0599999999999454,0.0666666666666879,0.0730769230769466,0.9789473684210712,2.200000000000045,0.5899999999999181,1.2085145342183865,1.8204166666666597,0.5357142857142857,1852.39,1849.46,1850.925,2.930000000000064,1,0,47,1841.92,1853.84,-0.8614999999997508,0,0,-3.6900000000000004,-4.390000000000001
prev_day_low_sweep_rejection,LONG,2022-06-22T12:15:00+00:00,2022-06-22T12:30:00+0000,2022-06-22T13:30:00+00:00,4,1839.98,1840.41,0.43,1,7.69,4.76,1835.02,pdh=1845.93;pdl=1835.02,0.08000000000000002,2022-06-22 12:15:00+00:00,2022-06-22 12:30:00+00:00,2022-06-22T12:15:00+00:00,12,london,1832.71,1842.67,1832.23,1840.0,10.440000000000056,7.289999999999964,0.4800000000000182,2.6700000000000728,0.0459770114942543,0.0658436213991797,0.7442528735632128,2.789999999999964,4.980000000000018,1.193423339125767,2.3378125000000054,0.7579365079365079,1845.93,1835.02,1840.475,10.910000000000082,1,0,49,1836.18,1837.3645,-2.7269999999998618,0,0,-0.26999999999999996,-0.97
prev_day_low_sweep_rejection,LONG,2022-06-24T02:15:00+00:00,2022-06-24T02:30:00+0000,2022-06-24T03:30:00+00:00,4,1823.48,1825.09,1.61,1,3.39,2.49,1823.19,pdh=1847.67;pdl=1823.19,1.2600000000000002,2022-06-24 02:15:00+00:00,2022-06-24 02:30:00+00:00,2022-06-24T02:15:00+00:00,2,asia,1823.36,1824.03,1821.5,1823.48,2.5299999999999727,0.1200000000001182,1.8599999999999,0.5499999999999545,0.7351778656126166,15.499999999983894,0.7826086956521895,1.6900000000000546,0.2899999999999636,0.7968957217938211,2.1207291666666825,0.4325396825396825,1847.67,1823.19,1835.43,24.480000000000015,1,0,8,1824.44,1833.486,-1.606999999999971,0,0,0.9100000000000001,0.2100000000000002
prev_day_low_sweep_rejection,LONG,2022-07-13T15:45:00+00:00,2022-07-13T16:00:00+0000,2022-07-13T17:00:00+00:00,4,1733.71,1737.39,3.68,1,11.55,1.86,1731.14,pdh=1744.08;pdl=1731.14,3.33,2022-07-13 15:45:00+00:00,2022-07-13 16:00:00+00:00,2022-07-13T15:45:00+00:00,15,new_york,1726.13,1735.42,1726.13,1733.7,9.289999999999964,7.569999999999936,0.0,1.7200000000000273,0.0,0.0,0.8148546824542482,5.009999999999991,2.559999999999945,1.998171998338182,2.50729166666666,0.984126984126984,1744.08,1731.14,1737.61,12.939999999999827,1,0,63,1729.35,1734.3905,-2.071500000000242,0,0,2.9800000000000004,2.2800000000000002
prev_day_low_sweep_rejection,LONG,2022-07-15T12:00:00+00:00,2022-07-15T12:15:00+0000,2022-07-15T13:15:00+00:00,4,1707.39,1705.68,-1.71,0,6.43,8.48,1707.21,pdh=1745.26;pdl=1707.21,-2.06,2022-07-15 12:00:00+00:00,2022-07-15 12:15:00+00:00,2022-07-15T12:00:00+00:00,12,london,1704.05,1707.4,1703.68,1707.4,3.7200000000000273,3.3500000000001364,0.3699999999998908,0.0,0.0994623655913677,0.1104477611939927,1.0,3.5299999999999727,0.1900000000000545,1.343802046157496,2.6268750000000005,0.3809523809523809,1745.26,1707.21,1726.235,38.04999999999996,1,0,19,1704.34,1722.4295000000002,-4.117999999999938,0,0,-2.41,-3.11
prev_day_low_sweep_rejection,LONG,2022-07-21T14:00:00+00:00,2022-07-21T14:15:00+0000,2022-07-21T15:15:00+00:00,4,1705.82,1703.76,-2.06,0,12.41,12.85,1705.13,pdh=1718.30;pdl=1705.13,-2.41,2022-07-21 14:00:00+00:00,2022-07-21 14:15:00+00:00,2022-07-21T14:00:00+00:00,14,new_york,1699.15,1707.71,1699.15,1705.77,8.559999999999945,6.619999999999891,0.0,1.9400000000000543,0.0,0.0,0.7733644859813006,5.980000000000018,0.6399999999998727,2.630136986301381,2.273645833333331,1.0,1718.3,1705.13,1711.715,13.169999999999844,1,0,56,1684.76,1706.089,-3.2780000000002474,0,0,-2.76,-3.46
prev_day_low_sweep_rejection,LONG,2022-07-26T02:30:00+00:00,2022-07-26T02:45:00+0000,2022-07-26T03:45:00+00:00,4,1725.7,1727.08,1.38,1,2.37,4.8,1725.32,pdh=1726.89;pdl=1725.32,1.0299999999999998,2022-07-26 02:30:00+00:00,2022-07-26 02:45:00+00:00,2022-07-26T02:30:00+00:00,2,asia,1722.96,1727.72,1722.88,1725.72,4.839999999999918,2.759999999999991,0.0799999999999272,2.0,0.0165289256198199,0.0289855072463505,0.5867768595041253,2.439999999999827,0.4000000000000909,1.2928579313389046,1.887291666666672,0.0634920634920634,1726.89,1725.32,1726.105,1.5700000000001637,1,0,10,1718.9,1713.8335,1.5550000000000637,1,1,0.6799999999999999,-0.020000000000000018
prev_day_low_sweep_rejection,LONG,2022-08-03T02:15:00+00:00,2022-08-03T02:30:00+0000,2022-08-03T03:30:00+00:00,4,1760.35,1765.13,4.78,1,10.12,0.28,1758.15,pdh=1774.85;pdl=1758.15,4.430000000000001,2022-08-03 02:15:00+00:00,2022-08-03 02:30:00+00:00,2022-08-03T02:15:00+00:00,2,asia,1756.91,1761.1,1755.4,1760.39,5.699999999999818,3.480000000000018,1.509999999999991,0.709999999999809,0.2649122807017612,0.4339080459770066,0.8754385964912575,2.75,2.240000000000009,1.0415433779145489,2.640312499999993,1.0,1774.85,1758.15,1766.5,16.699999999999818,1,0,8,1756.61,1765.997,2.888500000000249,0,1,4.08,3.3800000000000003
prev_day_low_sweep_rejection,LONG,2022-08-15T13:30:00+00:00,2022-08-15T13:45:00+0000,2022-08-15T14:45:00+00:00,4,1785.31,1776.97,-8.34,0,0.23,10.38,1784.72,pdh=1801.96;pdl=1784.72,-8.69,2022-08-15 13:30:00+00:00,2022-08-15 13:45:00+00:00,2022-08-15T13:30:00+00:00,13,new_york,1774.9,1786.01,1772.92,1785.2,13.089999999999918,10.299999999999956,1.9800000000000184,0.8099999999999454,0.151260504201683,0.1922330097087404,0.938120702826589,11.799999999999956,0.4800000000000182,5.7131329433124725,2.065416666666664,0.8928571428571429,1801.96,1784.72,1793.34,17.24000000000001,1,0,14,1774.91,1790.5824999999998,-1.1040000000004966,0,0,-9.04,-9.74
prev_day_low_sweep_rejection,LONG,2022-08-18T12:30:00+00:00,2022-08-18T12:45:00+0000,2022-08-18T13:45:00+00:00,4,1771.57,1767.68,-3.89,0,0.67,16.42,1771.32,pdh=1782.98;pdl=1771.32,-4.24,2022-08-18 12:30:00+00:00,2022-08-18 12:45:00+00:00,2022-08-18T12:30:00+00:00,12,london,1770.54,1771.6,1769.28,1771.57,2.3199999999999363,1.0299999999999727,1.259999999999991,0.0299999999999727,0.5431034482758731,1.22330097087381,0.9870689655172528,2.039999999999964,0.25,1.074803797815681,1.8980208333333453,0.6587301587301587,1782.98,1771.32,1777.15,11.660000000000082,1,0,50,1770.34,1773.1035,-5.025000000000091,0,0,-4.59,-5.29
prev_day_low_sweep_rejection,LONG,2022-09-06T14:45:00+00:00,2022-09-06T15:00:00+0000,2022-09-06T16:00:00+00:00,4,1709.78,1703.1,-6.68,0,0.64,10.15,1709.52,pdh=1711.46;pdl=1709.52,-7.029999999999999,2022-09-06 14:45:00+00:00,2022-09-06 15:00:00+00:00,2022-09-06T14:45:00+00:00,14,new_york,1709.1,1711.58,1707.22,1709.68,4.3599999999999,0.5800000000001546,1.8799999999998815,1.899999999999864,0.4311926605504415,3.24137931034376,0.5642201834862598,2.2999999999999545,0.1600000000000818,1.3527753951721275,1.7002083333333406,0.3095238095238095,1711.46,1709.52,1710.49,1.9400000000000543,1,0,3,1714.36,1707.6510000000003,1.2150000000001455,1,1,-7.38,-8.08
prev_day_low_sweep_rejection,LONG,2022-09-07T15:30:00+00:00,2022-09-07T15:45:00+0000,2022-09-07T16:45:00+00:00,4,1710.84,1710.47,-0.37,0,8.21,1.49,1707.56,pdh=1715.61;pdl=1707.56,-0.72,2022-09-07 15:30:00+00:00,2022-09-07 15:45:00+00:00,2022-09-07T15:30:00+00:00,15,new_york,1703.29,1710.98,1703.17,1710.8,7.809999999999945,7.509999999999991,0.1199999999998908,0.1800000000000636,0.0153649167733536,0.0159786950732211,0.9769526248399404,4.389999999999873,3.240000000000009,2.0135690396559296,2.180208333333342,1.0,1715.61,1707.56,1711.585,8.049999999999955,1,0,62,1700.94,1708.166,0.3054999999999381,0,1,-1.0699999999999998,-1.77
prev_day_low_sweep_rejection,LONG,2022-09-13T13:30:00+00:00,2022-09-13T13:45:00+0000,2022-09-13T14:45:00+00:00,4,1717.67,1707.82,-9.85,0,0.09,20.77,1716.54,pdh=1720.02;pdl=1716.54,-10.2,2022-09-13 13:30:00+00:00,2022-09-13 13:45:00+00:00,2022-09-13T13:30:00+00:00,13,new_york,1729.36,1731.63,1714.54,1717.85,17.090000000000146,11.509999999999993,3.309999999999945,2.270000000000209,0.1936805149210016,0.287576020851429,0.1936805149210016,2.0,1.3099999999999454,0.9576059850374066,2.0885416666666665,0.7777777777777778,1720.02,1716.54,1718.28,3.480000000000018,1,0,0,1729.58,1720.426,1.3329999999998563,1,1,-10.549999999999999,-11.25
prev_day_low_sweep_rejection,LONG,2022-09-21T19:15:00+00:00,2022-09-21T19:30:00+0000,2022-09-21T20:30:00+00:00,4,1661.83,1677.62,15.79,1,25.98,5.22,1659.54,pdh=1679.77;pdl=1659.54,15.44,2022-09-21 19:15:00+00:00,2022-09-21 19:30:00+00:00,2022-09-21T19:15:00+00:00,19,new_york,1660.9,1664.03,1653.67,1661.65,10.3599999999999,0.75,7.230000000000018,2.3799999999998818,0.6978764478764564,9.640000000000024,0.7702702702702795,5.869999999999891,2.1100000000001278,2.996968568845324,1.958645833333345,0.6547619047619048,1679.77,1659.54,1669.655,20.230000000000015,1,0,0,1667.4,1669.771,1.5614999999997965,0,1,15.09,14.389999999999999
prev_day_low_sweep_rejection,LONG,2022-09-26T02:30:00+00:00,2022-09-26T02:45:00+0000,2022-09-26T03:45:00+00:00,4,1639.65,1641.37,1.72,1,9.94,5.26,1639.56,pdh=1675.72;pdl=1639.56,1.37,2022-09-26 02:30:00+00:00,2022-09-26 02:45:00+00:00,2022-09-26T02:30:00+00:00,2,asia,1638.2,1642.08,1637.28,1639.63,4.7999999999999545,1.4300000000000637,0.9200000000000728,2.449999999999818,0.1916666666666836,0.6433566433566656,0.4895833333333664,2.2799999999999727,0.0700000000001637,0.7664670658682539,2.9746875000000017,0.8134920634920635,1675.72,1639.56,1657.64,36.16000000000008,1,0,3,1643.94,1663.5400000000002,-3.6744999999998527,0,0,1.02,0.32000000000000006
prev_day_low_sweep_rejection,LONG,2022-10-07T14:15:00+00:00,2022-10-07T14:30:00+0000,2022-10-07T15:30:00+00:00,4,1703.92,1697.63,-6.29,0,3.16,10.83,1700.3,pdh=1727.61;pdl=1700.30,-6.64,2022-10-07 14:15:00+00:00,2022-10-07 14:30:00+00:00,2022-10-07T14:15:00+00:00,14,new_york,1700.23,1704.86,1695.87,1704.04,8.990000000000009,3.8099999999999454,4.360000000000127,0.8199999999999363,0.4849833147942294,1.1443569553806272,0.9087875417130216,4.430000000000064,3.740000000000009,1.7926150733434685,2.4712500000000097,0.365079365079365,1727.61,1700.3,1713.955,27.309999999999945,1,0,1,1709.11,1714.958,1.4199999999998454,0,1,-6.99,-7.6899999999999995
prev_day_low_sweep_rejection,LONG,2022-10-12T02:00:00+00:00,2022-10-12T02:15:00+0000,2022-10-12T03:15:00+00:00,4,1666.3,1661.96,-4.34,0,8.91,5.1,1665.49,pdh=1698.05;pdl=1665.49,-4.6899999999999995,2022-10-12 02:00:00+00:00,2022-10-12 02:15:00+00:00,2022-10-12T02:00:00+00:00,2,asia,1665.56,1666.42,1663.85,1666.29,2.570000000000164,0.7300000000000182,1.7100000000000364,0.1300000000001091,0.6653696498054192,2.342465753424649,0.949416342412412,1.6400000000001,0.7999999999999545,0.6189652461079133,2.6495833333333465,0.7698412698412699,1698.05,1665.49,1681.77,32.559999999999945,1,0,8,1663.84,1685.6989999999998,-6.798500000000104,0,0,-5.04,-5.74
prev_day_low_sweep_rejection,LONG,2022-10-13T16:45:00+00:00,2022-10-13T17:00:00+0000,2022-10-13T18:00:00+00:00,4,1663.59,1666.18,2.59,1,8.74,0.81,1660.84,pdh=1683.73;pdl=1660.84,2.2399999999999998,2022-10-13 16:45:00+00:00,2022-10-13 17:00:00+00:00,2022-10-13T16:45:00+00:00,16,new_york,1659.55,1668.44,1657.19,1663.61,11.25,4.059999999999945,2.3599999999999,4.830000000000155,0.2097777777777688,0.5812807881773231,0.5706666666666529,3.649999999999864,2.769999999999982,1.308830121021913,2.7887500000000025,1.0,1683.73,1660.84,1672.285,22.8900000000001,1,0,13,1665.5,1669.9535,-2.5869999999997617,0,0,1.89,1.19
prev_day_low_sweep_rejection,LONG,2022-10-14T02:45:00+00:00,2022-10-14T03:00:00+0000,2022-10-14T04:00:00+00:00,4,1665.47,1668.11,2.64,1,6.07,2.07,1661.2,pdh=1678.15;pdl=1661.20,2.29,2022-10-14 02:45:00+00:00,2022-10-14 03:00:00+00:00,2022-10-14T02:45:00+00:00,2,asia,1659.64,1665.91,1659.03,1665.48,6.880000000000109,5.839999999999918,0.6100000000001273,0.4300000000000636,0.0886627906976915,0.1044520547945438,0.9374999999999918,2.1700000000000728,4.279999999999973,0.7276537776380838,2.9821875,1.0,1678.15,1661.2,1669.6750000000002,16.950000000000045,1,0,2,1663.31,1669.121,-1.690000000000282,0,0,1.9400000000000002,1.2400000000000002
prev_day_low_sweep_rejection,LONG,2022-10-21T02:15:00+00:00,2022-10-21T02:30:00+0000,2022-10-21T03:30:00+00:00,4,1627.54,1626.39,-1.15,0,0.46,10.52,1627.55,pdh=1654.29;pdl=1627.55,-1.5,2022-10-21 02:15:00+00:00,2022-10-21 02:30:00+00:00,2022-10-21T02:15:00+00:00,2,asia,1626.73,1628.11,1625.68,1627.57,2.4299999999998363,0.8399999999999181,1.0499999999999543,0.5399999999999636,0.4320987654321092,1.2500000000000675,0.7777777777777778,1.8699999999998909,0.0199999999999818,0.8382517743742502,2.2308333333333343,0.988095238095238,1654.29,1627.55,1640.92,26.74000000000001,1,0,9,1626.82,1640.9399999999998,-4.095500000000129,0,0,-1.8499999999999999,-2.55
prev_day_low_sweep_rejection,LONG,2022-10-25T14:45:00+00:00,2022-10-25T15:00:00+0000,2022-10-25T16:00:00+00:00,4,1657.82,1655.1,-2.72,0,4.34,5.85,1657.06,pdh=1662.82;pdl=1657.06,-3.0700000000000003,2022-10-25 14:45:00+00:00,2022-10-25 15:00:00+00:00,2022-10-25T14:45:00+00:00,14,new_york,1654.38,1658.67,1653.2,1657.8,5.470000000000027,3.4199999999998454,1.1800000000000637,0.8700000000001182,0.2157221206581458,0.3450292397661161,0.8409506398537269,3.8599999999999,0.7400000000000091,1.8262283771129535,2.1136458333333388,0.0952380952380952,1662.82,1657.06,1659.94,5.759999999999991,1,0,59,1643.62,1642.2985,2.882500000000164,1,1,-3.42,-4.12
prev_day_low_sweep_rejection,LONG,2022-10-28T09:45:00+00:00,2022-10-28T10:00:00+0000,2022-10-28T11:00:00+00:00,4,1651.12,1649.07,-2.05,0,1.73,11.17,1649.59,pdh=1674.77;pdl=1649.59,-2.4,2022-10-28 09:45:00+00:00,2022-10-28 10:00:00+00:00,2022-10-28T09:45:00+00:00,9,london,1650.55,1651.46,1647.8,1651.09,3.660000000000082,0.5399999999999636,2.75,0.3700000000001182,0.7513661202185624,5.092592592592935,0.8989071038251065,1.7899999999999636,1.5,0.8042684639146158,2.225624999999996,0.7936507936507936,1674.77,1649.59,1662.1799999999998,25.180000000000064,1,0,0,1652.49,1659.418,1.268500000000131,0,1,-2.75,-3.4499999999999997
prev_day_low_sweep_rejection,LONG,2022-11-23T13:30:00+00:00,2022-11-23T13:45:00+0000,2022-11-23T14:45:00+00:00,4,1734.78,1739.55,4.77,1,18.47,2.88,1732.37,pdh=1752.84;pdl=1732.37,4.42,2022-11-23 13:30:00+00:00,2022-11-23 13:45:00+00:00,2022-11-23T13:30:00+00:00,13,new_york,1736.86,1736.98,1726.02,1735.41,10.960000000000036,1.449999999999818,9.3900000000001,0.1200000000001182,0.8567518248175245,6.475862068966399,0.8567518248175245,6.349999999999909,3.040000000000191,3.5996457041629317,1.7640624999999968,0.365079365079365,1752.84,1732.37,1742.605,20.470000000000027,1,0,0,1736.5,1744.25,-3.77599999999984,0,0,4.069999999999999,3.3699999999999997
prev_day_low_sweep_rejection,LONG,2022-11-29T14:45:00+00:00,2022-11-29T15:00:00+0000,2022-11-29T16:00:00+00:00,4,1750.65,1754.92,4.27,1,7.27,2.91,1749.99,pdh=1755.53;pdl=1749.99,3.9199999999999995,2022-11-29 14:45:00+00:00,2022-11-29 15:00:00+00:00,2022-11-29T14:45:00+00:00,14,new_york,1747.54,1751.93,1746.74,1750.68,5.190000000000055,3.1400000000001,0.7999999999999545,1.25,0.1541425818882362,0.2547770700636717,0.7591522157996172,3.25,0.6900000000000546,1.6643550624133228,1.952708333333324,0.6666666666666666,1755.53,1749.99,1752.76,5.539999999999964,1,0,59,1755.06,1752.7760000000003,0.2955000000006293,1,1,3.5699999999999994,2.8699999999999997
prev_day_low_sweep_rejection,LONG,2022-12-13T13:30:00+00:00,2022-12-13T13:45:00+0000,2022-12-13T14:45:00+00:00,4,1804.5,1819.99,15.49,1,19.84,4.03,1794.16,pdh=1796.94;pdl=1794.16,15.14,2022-12-13 13:30:00+00:00,2022-12-13 13:45:00+00:00,2022-12-13T13:30:00+00:00,13,new_york,1787.85,1813.09,1787.31,1805.67,25.779999999999973,17.820000000000164,0.5399999999999636,7.419999999999845,0.0209464701318837,0.0303030303030279,0.7121799844841019,6.850000000000136,11.509999999999993,3.531307056170187,1.9397916666666688,0.5793650793650794,1796.94,1794.16,1795.5500000000002,2.7799999999999727,0,1,54,1788.88,1789.3685,0.0600000000001728,0,1,14.790000000000001,14.09
prev_day_low_sweep_rejection,LONG,2022-12-20T03:15:00+00:00,2022-12-20T03:30:00+0000,2022-12-20T04:30:00+00:00,4,1795.06,1789.87,-5.19,0,10.27,8.29,1790.79,pdh=1793.13;pdl=1790.79,-5.54,2022-12-20 03:15:00+00:00,2022-12-20 03:30:00+00:00,2022-12-20T03:15:00+00:00,3,asia,1787.25,1796.05,1786.62,1795.06,9.430000000000064,7.809999999999945,0.6300000000001091,0.9900000000000092,0.0668080593849528,0.0806658130601938,0.8950159066808057,4.170000000000073,4.269999999999982,2.4838369423590456,1.678854166666665,0.0992063492063492,1793.13,1790.79,1791.96,2.340000000000145,0,1,13,1786.1,1787.476,-3.166000000000168,0,0,-5.890000000000001,-6.59
prev_day_low_sweep_rejection,LONG,2023-01-05T15:45:00+00:00,2023-01-05T16:00:00+0000,2023-01-05T17:00:00+00:00,4,1827.45,1830.27,2.82,1,9.85,1.95,1826.73,pdh=1849.79;pdl=1826.73,2.4699999999999998,2023-01-05 15:45:00+00:00,2023-01-05 16:00:00+00:00,2023-01-05T15:45:00+00:00,15,new_york,1829.12,1829.44,1824.91,1827.3,4.529999999999973,1.8199999999999363,2.3899999999998727,0.3200000000001637,0.5275938189845225,1.3131868131867892,0.5275938189845225,1.8199999999999363,0.5699999999999363,0.6614924469011243,2.751354166666665,0.8492063492063492,1849.79,1826.73,1838.26,23.059999999999945,1,0,0,1845.26,1839.9815,4.862999999999829,1,1,2.12,1.42
prev_day_low_sweep_rejection,LONG,2023-01-18T08:15:00+00:00,2023-01-18T08:30:00+0000,2023-01-18T09:30:00+00:00,4,1912.27,1912.89,0.62,1,13.11,2.22,1910.69,pdh=1928.76;pdl=1910.69,0.27,2023-01-18 08:15:00+00:00,2023-01-18 08:30:00+00:00,2023-01-18T08:15:00+00:00,8,london,1908.13,1912.35,1908.07,1912.24,4.279999999999973,4.1099999999999,0.0600000000001728,0.1099999999998999,0.0140186915888255,0.0145985401460278,0.974299065420584,2.6200000000001182,1.5499999999999543,1.1413531787448927,2.2955208333333275,0.6428571428571429,1928.76,1910.69,1919.725,18.069999999999936,1,0,33,1911.97,1910.708,1.4789999999998145,1,1,-0.07999999999999996,-0.7799999999999999
prev_day_low_sweep_rejection,LONG,2023-01-24T15:15:00+00:00,2023-01-24T15:30:00+0000,2023-01-24T16:30:00+00:00,4,1929.25,1935.35,6.1,1,8.84,2.5,1923.55,pdh=1927.63;pdl=1923.55,5.75,2023-01-24 15:15:00+00:00,2023-01-24 15:30:00+00:00,2023-01-24T15:15:00+00:00,15,new_york,1920.83,1929.68,1916.96,1929.27,12.720000000000027,8.440000000000055,3.869999999999891,0.4100000000000818,0.3042452830188586,0.4585308056871879,0.967767295597478,6.589999999999918,5.720000000000027,2.928075534573706,2.25062499999999,0.5753968253968254,1927.63,1923.55,1925.59,4.080000000000155,0,1,1,1936.54,1926.9735,4.459500000000162,1,1,5.3999999999999995,4.699999999999999
prev_day_low_sweep_rejection,LONG,2023-01-27T16:00:00+00:00,2023-01-27T16:15:00+0000,2023-01-27T17:15:00+00:00,4,1923.86,1930.11,6.25,1,8.1,0.0,1919.68,pdh=1948.95;pdl=1919.68,5.9,2023-01-27 16:00:00+00:00,2023-01-27 16:15:00+00:00,2023-01-27T16:00:00+00:00,16,new_york,1921.92,1924.42,1916.51,1923.84,7.910000000000082,1.9199999999998452,5.410000000000082,0.5800000000001546,0.6839443742098642,2.817708333333603,0.926675094816669,3.1700000000000728,4.159999999999855,1.3545802546069978,2.340208333333325,0.4563492063492063,1948.95,1919.68,1934.315,29.269999999999985,1,0,46,1929.46,1933.81,-0.7795000000000982,0,0,5.55,4.85
prev_day_low_sweep_rejection,LONG,2023-02-09T18:00:00+00:00,2023-02-09T18:15:00+0000,2023-02-09T19:15:00+00:00,4,1867.74,1865.29,-2.45,0,1.79,8.91,1864.91,pdh=1884.27;pdl=1864.91,-2.8000000000000003,2023-02-09 18:00:00+00:00,2023-02-09 18:15:00+00:00,2023-02-09T18:00:00+00:00,18,new_york,1863.52,1868.51,1862.88,1867.73,5.629999999999882,4.210000000000036,0.6399999999998727,0.7799999999999727,0.1136767317939407,0.1520190023752653,0.8614564831261121,2.0299999999999727,2.8199999999999363,0.8970723623641933,2.262916666666667,0.4325396825396825,1884.27,1864.91,1874.59,19.3599999999999,1,0,1,1874.0,1874.9015,0.6860000000001492,0,1,-3.1500000000000004,-3.85
prev_day_low_sweep_rejection,LONG,2023-02-16T17:45:00+00:00,2023-02-16T18:00:00+0000,2023-02-16T19:00:00+00:00,4,1843.62,1844.41,0.79,1,1.57,12.98,1843.2,pdh=1870.37;pdl=1843.20,0.44000000000000006,2023-02-16 17:45:00+00:00,2023-02-16 18:00:00+00:00,2023-02-16T17:45:00+00:00,17,new_york,1841.23,1843.8,1840.52,1843.66,3.2799999999999727,2.430000000000064,0.7100000000000364,0.1399999999998726,0.2164634146341592,0.292181069958855,0.9573170731707702,2.680000000000064,0.4600000000000364,1.196539856757547,2.2397916666666524,0.3492063492063492,1870.37,1843.2,1856.785,27.169999999999845,1,0,71,1840.85,1847.2875,-3.241999999999962,0,0,0.09000000000000008,-0.6099999999999999
prev_day_low_sweep_rejection,LONG,2023-02-17T15:15:00+00:00,2023-02-17T15:30:00+0000,2023-02-17T16:30:00+00:00,4,1834.33,1835.64,1.31,1,9.23,1.05,1830.46,pdh=1859.97;pdl=1830.46,0.9600000000000001,2023-02-17 15:15:00+00:00,2023-02-17 15:30:00+00:00,2023-02-17T15:15:00+00:00,15,new_york,1828.51,1835.02,1828.34,1834.31,6.680000000000064,5.7999999999999545,0.1700000000000727,0.7100000000000364,0.0254491017964178,0.0293103448275989,0.893712574850295,2.1200000000001182,3.849999999999909,0.8497348753705989,2.494895833333324,0.6626984126984127,1859.97,1830.46,1845.215,29.50999999999999,1,0,53,1826.67,1840.494,-4.649000000000115,0,0,0.6100000000000001,-0.08999999999999986
prev_day_low_sweep_rejection,LONG,2023-02-22T11:15:00+00:00,2023-02-22T11:30:00+0000,2023-02-22T12:30:00+00:00,4,1837.38,1843.32,5.94,1,8.51,6.15,1837.2,pdh=1847.37;pdl=1837.20,5.590000000000001,2023-02-22 11:15:00+00:00,2023-02-22 11:30:00+00:00,2023-02-22T11:15:00+00:00,11,london,1833.22,1837.82,1833.21,1837.44,4.6099999999999,4.220000000000027,0.0099999999999909,0.3799999999998817,0.0021691973969611,0.0023696682464433,0.9175704989154252,3.990000000000009,0.2400000000000091,2.082078599771714,1.91635416666666,0.4246031746031746,1847.37,1837.2,1842.285,10.169999999999844,1,0,45,1834.68,1836.604,-0.0920000000000982,0,0,5.24,4.540000000000001
prev_day_low_sweep_rejection,LONG,2023-02-24T08:30:00+00:00,2023-02-24T08:45:00+0000,2023-02-24T09:45:00+00:00,4,1823.31,1822.2,-1.11,0,2.17,13.85,1823.13,pdh=1845.89;pdl=1823.13,-1.46,2023-02-24 08:30:00+00:00,2023-02-24 08:45:00+00:00,2023-02-24T08:30:00+00:00,8,london,1820.26,1823.36,1819.74,1823.25,3.619999999999891,2.990000000000009,0.5199999999999818,0.1099999999998999,0.1436464088397783,0.1739130434782542,0.969613259668535,3.3900000000001,0.1199999999998908,1.6580395353577035,2.0445833333333305,0.5436507936507936,1845.89,1823.13,1834.51,22.75999999999999,1,0,34,1822.86,1830.3795,-2.541500000000042,0,0,-1.81,-2.51
prev_day_low_sweep_rejection,LONG,2023-02-27T03:45:00+00:00,2023-02-27T04:00:00+0000,2023-02-27T05:00:00+00:00,4,1809.2,1809.54,0.34,1,4.47,2.18,1808.85,pdh=1827.71;pdl=1808.85,-0.009999999999999953,2023-02-27 03:45:00+00:00,2023-02-27 04:00:00+00:00,2023-02-27T03:45:00+00:00,3,asia,1810.34,1810.72,1806.52,1809.18,4.2000000000000455,1.1599999999998545,2.660000000000082,0.3800000000001091,0.633333333333346,2.2931034482762205,0.633333333333346,2.3299999999999272,0.3300000000001546,1.141049839310278,2.041979166666659,0.376984126984127,1827.71,1808.85,1818.28,18.860000000000127,1,0,0,1813.47,1826.0665,-3.2135000000002947,0,0,-0.35999999999999993,-1.0599999999999998
prev_day_low_sweep_rejection,LONG,2023-03-22T18:45:00+00:00,2023-03-22T19:00:00+0000,2023-03-22T20:00:00+00:00,4,1971.87,1971.61,-0.26,0,6.8,17.76,1965.75,pdh=2009.70;pdl=1965.75,-0.61,2023-03-22 18:45:00+00:00,2023-03-22 19:00:00+00:00,2023-03-22T18:45:00+00:00,18,new_york,1958.56,1975.73,1955.0,1971.74,20.730000000000015,13.180000000000064,3.559999999999945,3.990000000000009,0.1717317896767941,0.2701062215477942,0.8075253256150504,10.75,5.990000000000009,3.798726395995105,2.82989583333336,0.0714285714285714,2009.7,1965.75,1987.725,43.950000000000045,1,0,75,1949.0,1962.659,2.463000000000193,0,1,-0.96,-1.66
prev_day_low_sweep_rejection,LONG,2023-04-03T11:00:00+00:00,2023-04-03T11:15:00+0000,2023-04-03T12:15:00+00:00,4,1966.84,1973.5,6.66,1,23.52,0.95,1966.78,pdh=1987.55;pdl=1966.78,6.3100000000000005,2023-04-03 11:00:00+00:00,2023-04-03 11:15:00+00:00,2023-04-03T11:00:00+00:00,11,london,1963.79,1967.22,1963.63,1966.84,3.589999999999918,3.0499999999999545,0.1599999999998544,0.3800000000001091,0.0445682451253086,0.0524590163933956,0.8941504178272652,3.149999999999864,0.0599999999999454,1.1256281407034636,2.798437500000013,0.9563492063492064,1987.55,1966.78,1977.165,20.769999999999985,1,0,44,1961.78,1968.4245,-2.065499999999929,0,0,5.96,5.26
prev_day_low_sweep_rejection,LONG,2023-04-14T18:15:00+00:00,2023-04-14T18:30:00+0000,2023-04-14T19:30:00+00:00,4,2003.12,2004.06,0.94,1,4.81,7.73,2001.12,pdh=2028.25;pdl=2001.12,0.59,2023-04-14 18:15:00+00:00,2023-04-14 18:30:00+00:00,2023-04-14T18:15:00+00:00,18,new_york,1998.84,2003.28,1998.51,2003.1,4.769999999999982,4.259999999999991,0.3299999999999272,0.1800000000000636,0.0691823899370919,0.0774647887323774,0.9622641509433828,2.6099999999999,1.9800000000000184,0.9059223371176138,2.8810416666666754,1.0,2028.25,2001.12,2014.685,27.13000000000011,1,0,9,1995.59,2019.5415,3.8044999999997344,0,1,0.24,-0.45999999999999996
prev_day_low_sweep_rejection,LONG,2023-04-18T02:45:00+00:00,2023-04-18T03:00:00+0000,2023-04-18T04:00:00+00:00,4,1998.41,1999.94,1.53,1,5.61,2.29,1997.95,pdh=2004.95;pdl=1997.95,1.1800000000000002,2023-04-18 02:45:00+00:00,2023-04-18 03:00:00+00:00,2023-04-18T02:45:00+00:00,2,asia,1996.72,1998.99,1996.05,1998.42,2.9400000000000546,1.7000000000000457,0.6700000000000728,0.5699999999999363,0.2278911564626055,0.3941176470588557,0.806122448979617,1.900000000000091,0.4700000000000273,0.8084748016489037,2.350104166666661,0.1865079365079365,2004.95,1997.95,2001.45,7.0,1,0,11,1993.84,2017.305,-2.3240000000002965,0,0,0.8300000000000001,0.13000000000000012
prev_day_low_sweep_rejection,LONG,2023-04-27T14:45:00+00:00,2023-04-27T15:00:00+0000,2023-04-27T16:00:00+00:00,4,1977.52,1982.62,5.1,1,13.49,0.95,1976.04,pdh=2003.75;pdl=1976.04,4.75,2023-04-27 14:45:00+00:00,2023-04-27 15:00:00+00:00,2023-04-27T14:45:00+00:00,14,new_york,1981.32,1982.87,1974.13,1977.52,8.739999999999782,3.7999999999999545,3.3899999999998727,1.5499999999999543,0.3878718535469059,0.8921052631578719,0.3878718535469059,1.9099999999998545,1.4800000000000182,0.6661096378100998,2.867395833333331,1.0,2003.75,1976.04,1989.895,27.71000000000004,1,0,0,1996.82,1991.906,2.39650000000006,1,1,4.3999999999999995,3.6999999999999997
prev_day_low_sweep_rejection,LONG,2023-05-05T14:30:00+00:00,2023-05-05T14:45:00+0000,2023-05-05T15:45:00+00:00,4,2009.57,2008.02,-1.55,0,9.09,10.17,2006.86,pdh=2078.20;pdl=2006.86,-1.9,2023-05-05 14:30:00+00:00,2023-05-05 14:45:00+00:00,2023-05-05T14:30:00+00:00,14,new_york,2010.11,2011.71,2004.4,2009.6,7.309999999999945,0.5099999999999909,5.199999999999818,1.6000000000001364,0.7113543091655071,10.196078431372374,0.7113543091655071,2.459999999999809,2.740000000000009,0.8105436573310715,3.0350000000000086,0.5873015873015873,2078.2,2006.86,2042.53,71.33999999999992,1,0,0,2035.41,2028.4285,9.131000000000084,1,1,-2.25,-2.95
prev_day_low_sweep_rejection,LONG,2023-05-11T15:45:00+00:00,2023-05-11T16:00:00+0000,2023-05-11T17:00:00+00:00,4,2021.19,2013.66,-7.53,0,0.81,8.41,2019.49,pdh=2037.52;pdl=2019.49,-7.88,2023-05-11 15:45:00+00:00,2023-05-11 16:00:00+00:00,2023-05-11T15:45:00+00:00,15,new_york,2017.11,2022.15,2016.83,2021.24,5.320000000000164,4.130000000000109,0.2799999999999727,0.910000000000082,0.0526315789473616,0.0677966101694831,0.8289473684210426,2.660000000000082,1.75,1.029262394195919,2.584375000000004,0.9761904761904762,2037.52,2019.49,2028.505,18.029999999999973,1,0,3,2036.71,2028.1965,1.8850000000002185,1,1,-8.23,-8.93
prev_day_low_sweep_rejection,LONG,2023-05-19T16:30:00+00:00,2023-05-19T16:45:00+0000,2023-05-19T17:45:00+00:00,4,1975.14,1977.74,2.6,1,8.94,2.04,1974.94,pdh=1992.89;pdl=1974.94,2.25,2023-05-19 16:30:00+00:00,2023-05-19 16:45:00+00:00,2023-05-19T16:30:00+00:00,16,new_york,1969.5,1977.04,1969.5,1975.11,7.539999999999964,5.6099999999999,0.0,1.930000000000064,0.0,0.0,0.7440318302387171,5.440000000000055,0.1699999999998453,2.758358421803243,1.9721874999999895,0.5158730158730159,1992.89,1974.94,1983.915,17.950000000000045,1,0,66,1974.7,1978.1705,-6.7990000000002055,0,0,1.9000000000000001,1.2000000000000002
prev_day_low_sweep_rejection,LONG,2023-05-24T15:15:00+00:00,2023-05-24T15:30:00+0000,2023-05-24T16:30:00+00:00,4,1970.68,1969.15,-1.53,0,1.36,14.06,1968.82,pdh=1982.49;pdl=1968.82,-1.88,2023-05-24 15:15:00+00:00,2023-05-24 15:30:00+00:00,2023-05-24T15:15:00+00:00,15,new_york,1970.79,1971.84,1966.87,1970.67,4.970000000000027,0.1199999999998908,3.800000000000182,1.0499999999999543,0.7645875251509379,31.666666666696983,0.7645875251509379,1.9500000000000453,1.8500000000001364,0.8688387635756295,2.244374999999991,0.7619047619047619,1982.49,1968.82,1975.655,13.670000000000073,1,0,0,1981.85,1971.568,2.668499999999767,1,1,-2.23,-2.9299999999999997
prev_day_low_sweep_rejection,LONG,2023-05-26T08:45:00+00:00,2023-05-26T09:00:00+0000,2023-05-26T10:00:00+00:00,4,1956.33,1952.38,-3.95,0,0.84,12.09,1956.3,pdh=1985.18;pdl=1956.30,-4.3,2023-05-26 08:45:00+00:00,2023-05-26 09:00:00+00:00,2023-05-26T08:45:00+00:00,8,london,1951.75,1956.34,1951.59,1956.34,4.75,4.589999999999918,0.1600000000000818,0.0,0.033684210526333,0.0348583877995827,1.0,4.710000000000036,0.0399999999999636,2.033276373774639,2.3164583333333297,0.6785714285714286,1985.18,1956.3,1970.74,28.88000000000011,1,0,35,1956.19,1960.904,-3.4615000000001146,0,0,-4.65,-5.35
prev_day_low_sweep_rejection,LONG,2023-05-30T09:00:00+00:00,2023-05-30T09:15:00+0000,2023-05-30T10:15:00+00:00,4,1942.91,1943.42,0.51,1,19.32,0.95,1940.91,pdh=1946.09;pdl=1940.91,0.16000000000000003,2023-05-30 09:00:00+00:00,2023-05-30 09:15:00+00:00,2023-05-30T09:00:00+00:00,9,london,1937.03,1943.38,1936.55,1942.86,6.830000000000155,5.829999999999927,0.4800000000000182,0.5200000000002092,0.0702781844802353,0.0823327615780487,0.923865300146384,4.360000000000127,1.949999999999818,2.784089397366049,1.566041666666668,0.1904761904761904,1946.09,1940.91,1943.5,5.179999999999836,1,0,16,1942.26,1947.1,-2.925500000000284,0,0,-0.18999999999999995,-0.8899999999999999
prev_day_low_sweep_rejection,LONG,2023-06-05T15:00:00+00:00,2023-06-05T15:15:00+0000,2023-06-05T16:15:00+00:00,4,1953.87,1957.64,3.77,1,10.06,0.0,1948.0,pdh=1983.32;pdl=1948.00,3.42,2023-06-05 15:00:00+00:00,2023-06-05 15:15:00+00:00,2023-06-05T15:00:00+00:00,15,new_york,1947.41,1954.09,1945.73,1953.69,8.3599999999999,6.279999999999973,1.6800000000000637,0.3999999999998636,0.200956937799053,0.2675159235668903,0.9521531100478626,2.269999999999982,5.690000000000055,0.9490049209597922,2.39197916666668,1.0,1983.32,1948.0,1965.66,35.319999999999936,1,0,57,1942.21,1963.2375,-2.378500000000031,0,0,3.0700000000000003,2.37
prev_day_low_sweep_rejection,LONG,2023-06-08T13:45:00+00:00,2023-06-08T14:00:00+0000,2023-06-08T15:00:00+00:00,4,1957.6,1966.44,8.84,1,12.8,3.44,1954.3,pdh=1966.28;pdl=1954.30,8.49,2023-06-08 13:45:00+00:00,2023-06-08 14:00:00+00:00,2023-06-08T13:45:00+00:00,13,new_york,1951.98,1959.05,1951.77,1957.55,7.279999999999973,5.569999999999936,0.2100000000000363,1.5,0.0288461538461589,0.037701974865357,0.7939560439560431,2.5299999999999727,3.25,1.245857912285189,2.030729166666665,0.9642857142857144,1966.28,1954.3,1960.29,11.980000000000018,1,0,55,1946.57,1954.1505,-0.2479999999998199,0,0,8.14,7.4399999999999995
prev_day_low_sweep_rejection,LONG,2023-06-15T14:30:00+00:00,2023-06-15T14:45:00+0000,2023-06-15T15:45:00+00:00,4,1941.21,1954.93,13.72,1,18.98,0.44,1939.93,pdh=1970.66;pdl=1939.93,13.370000000000001,2023-06-15 14:30:00+00:00,2023-06-15 14:45:00+00:00,2023-06-15T14:30:00+00:00,14,new_york,1937.58,1943.15,1937.06,1941.16,6.0900000000001455,3.5800000000001546,0.5199999999999818,1.990000000000009,0.0853858784893217,0.1452513966480333,0.6732348111658519,2.8700000000001182,1.2300000000000182,1.0964224601058972,2.617604166666671,0.988095238095238,1970.66,1939.93,1955.295,30.730000000000015,1,0,50,1928.45,1950.1995,-4.070999999999913,0,0,13.020000000000001,12.32
prev_day_low_sweep_rejection,LONG,2023-06-20T08:45:00+00:00,2023-06-20T09:00:00+0000,2023-06-20T10:00:00+00:00,4,1955.65,1953.79,-1.86,0,1.04,25.1,1955.44,pdh=1958.51;pdl=1955.44,-2.21,2023-06-20 08:45:00+00:00,2023-06-20 09:00:00+00:00,2023-06-20T08:45:00+00:00,8,london,1953.41,1955.93,1953.11,1955.72,2.820000000000164,2.309999999999945,0.3000000000001819,0.2100000000000363,0.1063829787234625,0.1298701298702116,0.9255319148936084,2.3300000000001546,0.2799999999999727,1.5616840047477196,1.4919791666666598,0.1904761904761904,1958.51,1955.44,1956.975,3.0699999999999363,1,0,35,1954.81,1951.9675,0.5615000000004784,1,1,-2.56,-3.26
prev_day_low_sweep_rejection,LONG,2023-07-21T07:00:00+00:00,2023-07-21T07:15:00+0000,2023-07-21T08:15:00+00:00,4,1970.03,1970.53,0.5,1,2.13,8.97,1969.74,pdh=1980.91;pdl=1969.74,0.15000000000000002,2023-07-21 07:00:00+00:00,2023-07-21 07:15:00+00:00,2023-07-21T07:00:00+00:00,7,london,1968.85,1970.07,1967.99,1970.01,2.0799999999999272,1.160000000000082,0.8599999999999,0.0599999999999454,0.4134615384615048,0.7413793103446891,0.9711538461538712,1.75,0.2699999999999818,0.9440854172520392,1.853645833333329,0.376984126984127,1980.91,1969.74,1975.325,11.170000000000073,1,0,4,1970.2,1972.7705,2.185999999999922,0,1,-0.19999999999999996,-0.8999999999999999
prev_day_low_sweep_rejection,LONG,2023-07-28T16:30:00+00:00,2023-07-28T16:45:00+0000,2023-07-28T17:45:00+00:00,4,1962.94,1961.45,-1.49,0,0.56,5.6,1961.95,pdh=1978.29;pdl=1961.95,-1.8399999999999999,2023-07-28 16:30:00+00:00,2023-07-28 16:45:00+00:00,2023-07-28T16:30:00+00:00,16,new_york,1960.34,1963.38,1959.75,1962.95,3.630000000000109,2.6100000000001278,0.5899999999999181,0.4300000000000636,0.1625344352616805,0.2260536398467009,0.8815426997245039,2.200000000000045,1.0,0.9984871406959338,2.203333333333338,0.5912698412698413,1978.29,1961.95,1970.12,16.339999999999918,1,0,66,1960.92,1963.8565000000003,-0.497499999999718,0,0,-2.19,-2.8899999999999997
prev_day_low_sweep_rejection,LONG,2023-08-16T02:30:00+00:00,2023-08-16T02:45:00+0000,2023-08-16T03:45:00+00:00,4,1902.66,1903.91,1.25,1,3.71,0.5,1902.54,pdh=1916.06;pdl=1902.54,0.9,2023-08-16 02:30:00+00:00,2023-08-16 02:45:00+00:00,2023-08-16T02:30:00+00:00,2,asia,1900.8,1902.79,1900.3,1902.68,2.490000000000009,1.8800000000001087,0.5,0.1099999999998999,0.2008032128514049,0.2659574468084952,0.9558232931727312,2.240000000000009,0.1400000000001,1.3099415204678355,1.710000000000008,0.98015873015873,1916.06,1902.54,1909.3,13.519999999999982,1,0,10,1901.3,1910.4675,-2.516499999999951,0,0,0.55,-0.1499999999999999
prev_day_low_sweep_rejection,LONG,2023-08-21T03:15:00+00:00,2023-08-21T03:30:00+0000,2023-08-21T04:30:00+00:00,4,1886.98,1892.16,5.18,1,6.87,0.5,1886.61,pdh=1896.69;pdl=1886.61,4.83,2023-08-21 03:15:00+00:00,2023-08-21 03:30:00+00:00,2023-08-21T03:15:00+00:00,3,asia,1884.94,1887.22,1884.61,1886.98,2.6100000000001278,2.039999999999964,0.3300000000001546,0.2400000000000091,0.1264367816092484,0.1617647058824316,0.9080459770114953,2.0,0.3700000000001182,1.3605442176870628,1.470000000000013,0.3015873015873015,1896.69,1886.61,1891.65,10.080000000000156,1,0,2,1889.68,1895.3735,-2.270000000000437,0,0,4.4799999999999995,3.78
prev_day_low_sweep_rejection,LONG,2023-09-22T14:45:00+00:00,2023-09-22T15:00:00+0000,2023-09-22T16:00:00+00:00,4,1927.95,1928.07,0.12,1,1.09,3.74,1927.84,pdh=1947.36;pdl=1927.84,-0.22999999999999998,2023-09-22 14:45:00+00:00,2023-09-22 15:00:00+00:00,2023-09-22T14:45:00+00:00,14,new_york,1925.92,1928.3,1925.42,1927.91,2.8799999999998818,1.990000000000009,0.5,0.3899999999998726,0.1736111111111182,0.251256281407034,0.864583333333372,2.4199999999998454,0.0700000000001637,1.789416929831189,1.3523958333333443,0.3412698412698413,1947.36,1927.84,1937.6,19.519999999999985,1,0,59,1925.45,1928.6125,-1.1120000000003074,0,0,-0.58,-1.2799999999999998
prev_day_low_sweep_rejection,LONG,2023-10-04T13:15:00+00:00,2023-10-04T13:30:00+0000,2023-10-04T14:30:00+00:00,4,1829.18,1824.19,-4.99,0,1.22,12.24,1826.98,pdh=1848.70;pdl=1826.98,-5.34,2023-10-04 13:15:00+00:00,2023-10-04 13:30:00+00:00,2023-10-04T13:15:00+00:00,13,new_york,1824.7,1830.32,1823.54,1829.18,6.779999999999973,4.480000000000018,1.160000000000082,1.139999999999873,0.1710914454277413,0.2589285714285886,0.8318584070796641,3.4400000000000546,2.200000000000045,1.534786447924919,2.2413541666666696,0.7301587301587301,1848.7,1826.98,1837.84,21.720000000000027,1,0,53,1824.81,1835.4965,-6.413000000000238,0,0,-5.69,-6.390000000000001
prev_day_low_sweep_rejection,LONG,2023-10-06T14:15:00+00:00,2023-10-06T14:30:00+0000,2023-10-06T15:30:00+00:00,4,1818.12,1830.2,12.08,1,16.56,1.88,1816.47,pdh=1830.40;pdl=1816.47,11.73,2023-10-06 14:15:00+00:00,2023-10-06 14:30:00+00:00,2023-10-06T14:15:00+00:00,14,new_york,1814.45,1820.51,1813.72,1818.19,6.789999999999964,3.740000000000009,0.7300000000000182,2.3199999999999363,0.1075110456553788,0.1951871657754054,0.6583210603829236,2.75,1.7200000000000273,1.5799868334430556,1.7405208333333324,0.365079365079365,1830.4,1816.47,1823.435,13.930000000000064,1,0,3,1821.09,1822.642,-0.4110000000000582,0,0,11.38,10.68
prev_day_low_sweep_rejection,LONG,2023-10-23T03:45:00+00:00,2023-10-23T04:00:00+0000,2023-10-23T05:00:00+00:00,4,1972.0,1973.66,1.66,1,9.98,0.94,1971.92,pdh=1997.14;pdl=1971.92,1.31,2023-10-23 03:45:00+00:00,2023-10-23 04:00:00+00:00,2023-10-23T03:45:00+00:00,3,asia,1970.7,1973.25,1970.3,1971.99,2.950000000000045,1.2899999999999636,0.4000000000000909,1.259999999999991,0.1355932203390117,0.3100775193799242,0.572881355932213,1.6200000000001182,0.0699999999999363,0.5430546825896058,2.983125000000001,0.9404761904761904,1997.14,1971.92,1984.53,25.220000000000027,1,0,11,1971.44,1960.3835,7.9224999999999,1,1,0.96,0.26
prev_day_low_sweep_rejection,LONG,2023-11-01T14:45:00+00:00,2023-11-01T15:00:00+0000,2023-11-01T16:00:00+00:00,4,1991.11,1979.53,-11.58,0,0.0,21.32,1990.95,pdh=2006.70;pdl=1990.95,-11.93,2023-11-01 14:45:00+00:00,2023-11-01 15:00:00+00:00,2023-11-01T14:45:00+00:00,14,new_york,1989.61,1991.99,1988.27,1991.08,3.7200000000000273,1.4700000000000273,1.339999999999918,0.910000000000082,0.3602150537634162,0.9115646258502677,0.7553763440860013,2.680000000000064,0.1299999999998817,1.179317931793202,2.27250000000001,0.6468253968253969,2006.7,1990.95,1998.825,15.75,1,0,59,1986.56,1992.4535,-0.64449999999988,0,0,-12.28,-12.98
prev_day_low_sweep_rejection,LONG,2023-11-09T14:45:00+00:00,2023-11-09T15:00:00+0000,2023-11-09T16:00:00+00:00,4,1957.14,1962.36,5.22,1,8.44,1.76,1956.65,pdh=1976.98;pdl=1956.65,4.87,2023-11-09 14:45:00+00:00,2023-11-09 15:00:00+00:00,2023-11-09T14:45:00+00:00,14,new_york,1951.53,1957.48,1950.8,1957.11,6.680000000000064,5.579999999999927,0.7300000000000182,0.3700000000001182,0.1092814371257501,0.1308243727598615,0.9446107784430966,5.850000000000136,0.459999999999809,3.056160208968291,1.9141666666666663,1.0,1976.98,1956.65,1966.815,20.329999999999927,1,0,59,1945.8,1965.203,-6.177500000000009,0,0,4.52,3.82
prev_day_low_sweep_rejection,LONG,2023-12-08T13:45:00+00:00,2023-12-08T14:00:00+0000,2023-12-08T15:00:00+00:00,4,2022.54,2011.86,-10.68,0,3.53,27.91,2018.8,pdh=2035.92;pdl=2018.80,-11.03,2023-12-08 13:45:00+00:00,2023-12-08 14:00:00+00:00,2023-12-08T13:45:00+00:00,13,new_york,2017.93,2026.15,2014.5,2022.55,11.650000000000093,4.619999999999891,3.430000000000064,3.6000000000001364,0.2944206008583722,0.7424242424242737,0.69098712446351,4.2999999999999545,3.75,1.8265486725663431,2.3541666666666785,0.6865079365079365,2035.92,2018.8,2027.36,17.12000000000012,1,0,1,2027.61,2027.031,-0.4055000000000746,1,0,-11.379999999999999,-12.08
prev_day_low_sweep_rejection,LONG,2023-12-13T07:15:00+00:00,2023-12-13T07:30:00+0000,2023-12-13T08:30:00+00:00,4,1976.41,1980.6,4.19,1,8.87,0.48,1975.97,pdh=2007.76;pdl=1975.97,3.8400000000000003,2023-12-13 07:15:00+00:00,2023-12-13 07:30:00+00:00,2023-12-13T07:15:00+00:00,7,london,1973.58,1976.53,1973.5,1976.4,3.0299999999999727,2.820000000000164,0.0799999999999272,0.1299999999998817,0.0264026402640026,0.0283687943262136,0.9570957095709958,2.4700000000000277,0.4300000000000636,1.272649205667686,1.940833333333328,0.1666666666666666,2007.76,1975.97,1991.865,31.789999999999964,1,0,3,1978.24,1995.732,-7.420500000000175,0,0,3.49,2.7900000000000005
prev_day_low_sweep_rejection,LONG,2023-12-29T14:45:00+00:00,2023-12-29T15:00:00+0000,2023-12-29T16:00:00+00:00,4,2063.95,2064.39,0.44,1,4.05,2.84,2061.51,pdh=2084.41;pdl=2061.51,0.09000000000000002,2023-12-29 14:45:00+00:00,2023-12-29 15:00:00+00:00,2023-12-29T14:45:00+00:00,14,new_york,2060.34,2064.05,2058.44,2063.96,5.610000000000127,3.619999999999891,1.900000000000091,0.0900000000001455,0.3386809269162296,0.5248618784530796,0.9839572192513112,3.070000000000164,2.449999999999818,1.5831542758918071,1.9391666666666465,0.5952380952380952,2084.41,2061.51,2072.96,22.89999999999964,1,0,3,2065.29,2070.4435000000003,1.6020000000003165,0,1,-0.25999999999999995,-0.96
prev_day_low_sweep_rejection,LONG,2024-01-02T15:45:00+00:00,2024-01-02T16:00:00+0000,2024-01-02T17:00:00+00:00,4,2059.35,2066.34,6.99,1,8.28,1.97,2058.17,pdh=2074.81;pdl=2058.17,6.640000000000001,2024-01-02 15:45:00+00:00,2024-01-02 16:00:00+00:00,2024-01-02T15:45:00+00:00,15,new_york,2064.73,2065.21,2055.94,2059.45,9.269999999999982,5.2800000000002,3.5099999999997635,0.4800000000000182,0.3786407766990043,0.6647727272726573,0.3786407766990043,2.230000000000018,1.2799999999997451,0.9529914529914478,2.340000000000032,1.0,2074.81,2058.17,2066.49,16.639999999999873,1,0,0,2067.85,2071.3515,0.5979999999999563,0,1,6.29,5.59
prev_day_low_sweep_rejection,LONG,2024-01-05T13:45:00+00:00,2024-01-05T14:00:00+0000,2024-01-05T15:00:00+00:00,4,2032.16,2052.64,20.48,1,31.76,2.23,2030.43,pdh=2065.90;pdl=2030.43,20.13,2024-01-05 13:45:00+00:00,2024-01-05 14:00:00+00:00,2024-01-05T13:45:00+00:00,13,new_york,2027.76,2034.59,2024.52,2032.27,10.069999999999936,4.509999999999991,3.240000000000009,2.3199999999999363,0.3217477656405193,0.7184035476718438,0.769612711022845,5.910000000000082,1.839999999999918,2.973740762094509,1.987395833333321,0.2619047619047619,2065.9,2030.43,2048.165,35.47000000000003,1,0,1,2040.12,2050.26,-3.5274999999996908,0,0,19.78,19.080000000000002
prev_day_low_sweep_rejection,LONG,2024-01-08T13:00:00+00:00,2024-01-08T13:15:00+0000,2024-01-08T14:15:00+00:00,4,2024.53,2019.91,-4.62,0,12.31,6.34,2024.52,pdh=2063.92;pdl=2024.52,-4.97,2024-01-08 13:00:00+00:00,2024-01-08 13:15:00+00:00,2024-01-08T13:00:00+00:00,13,new_york,2019.81,2025.21,2019.45,2024.53,5.759999999999991,4.720000000000027,0.3599999999998999,0.6800000000000637,0.0624999999999827,0.0762711864406563,0.8819444444444332,5.069999999999936,0.0099999999999909,1.6800828443216973,3.017708333333322,1.0,2063.92,2024.52,2044.22,39.40000000000009,1,0,6,2024.37,2041.1495,-4.823499999999967,0,0,-5.32,-6.02
prev_day_low_sweep_rejection,LONG,2024-02-02T14:15:00+00:00,2024-02-02T14:30:00+0000,2024-02-02T15:30:00+00:00,4,2030.82,2030.72,-0.1,0,7.72,3.15,2030.84,pdh=2055.98;pdl=2030.84,-0.44999999999999996,2024-02-02 14:15:00+00:00,2024-02-02 14:30:00+00:00,2024-02-02T14:15:00+00:00,14,new_york,2030.24,2032.05,2027.65,2030.86,4.399999999999864,0.6199999999998909,2.589999999999918,1.1900000000000546,0.5886363636363633,4.177419354839313,0.7295454545454337,3.189999999999827,0.0199999999999818,1.2469563092959106,2.5582291666666728,0.8055555555555556,2055.98,2030.84,2043.41,25.1400000000001,1,0,1,2055.2,2043.7570000000003,3.3175000000003365,1,1,-0.7999999999999999,-1.5
prev_day_low_sweep_rejection,LONG,2024-03-18T09:15:00+00:00,2024-03-18T09:30:00+0000,2024-03-18T10:30:00+00:00,4,2155.62,2155.76,0.14,1,7.99,1.99,2155.18,pdh=2172.75;pdl=2155.18,-0.20999999999999996,2024-03-18 09:15:00+00:00,2024-03-18 09:30:00+00:00,2024-03-18T09:15:00+00:00,9,london,2153.79,2155.71,2153.4,2155.67,2.309999999999945,1.8800000000001087,0.3899999999998726,0.0399999999999636,0.1688311688311177,0.2074468085105585,0.982683982683998,1.7799999999997451,0.4900000000002364,0.7923216024480695,2.2465625000000053,0.98015873015873,2172.75,2155.18,2163.965,17.570000000000164,1,0,36,2153.5,2162.982,-1.287000000000262,0,0,-0.5599999999999999,-1.2599999999999998
prev_day_low_sweep_rejection,LONG,2024-04-11T02:15:00+00:00,2024-04-11T02:30:00+0000,2024-04-11T03:30:00+00:00,4,2339.71,2341.16,1.45,1,7.02,5.94,2337.68,pdh=2365.32;pdl=2337.68,1.1,2024-04-11 02:15:00+00:00,2024-04-11 02:30:00+00:00,2024-04-11T02:15:00+00:00,2,asia,2334.47,2339.77,2333.95,2339.77,5.820000000000164,5.300000000000182,0.5199999999999818,0.0,0.089347079037795,0.098113207547163,1.0,3.730000000000018,2.090000000000145,0.8862488862488925,4.20874999999999,0.6984126984126984,2365.32,2337.68,2351.5,27.640000000000327,1,0,9,2335.42,2340.8525,3.055000000000291,0,1,0.75,0.050000000000000044
prev_day_low_sweep_rejection,LONG,2024-04-15T15:30:00+00:00,2024-04-15T15:45:00+0000,2024-04-15T16:45:00+00:00,4,2334.79,2349.41,14.62,1,52.55,0.07,2333.88,pdh=2431.50;pdl=2333.88,14.27,2024-04-15 15:30:00+00:00,2024-04-15 15:45:00+00:00,2024-04-15T15:30:00+00:00,15,new_york,2332.61,2335.5,2327.59,2334.86,7.9099999999998545,2.25,5.019999999999982,0.6399999999998727,0.6346396965866086,2.231111111111103,0.919089759797739,6.289999999999964,0.9800000000000182,0.9124206708975492,6.893749999999983,0.996031746031746,2431.5,2333.88,2382.69,97.61999999999988,1,0,1,2357.78,2357.85,0.4884999999999309,0,1,13.92,13.219999999999999
prev_day_low_sweep_rejection,LONG,2024-04-24T04:30:00+00:00,2024-04-24T04:45:00+0000,2024-04-24T05:45:00+00:00,4,2325.23,2327.93,2.7,1,5.99,13.45,2324.77,pdh=2387.73;pdl=2324.77,2.35,2024-04-24 04:30:00+00:00,2024-04-24 04:45:00+00:00,2024-04-24T04:30:00+00:00,4,asia,2322.73,2326.86,2322.56,2325.22,4.300000000000182,2.4899999999997817,0.1700000000000727,1.6400000000003274,0.0395348837209454,0.0682730923695131,0.6186046511627307,2.2100000000000364,0.4499999999998181,0.5828891697346017,3.79145833333339,0.0158730158730158,2387.73,2324.77,2356.25,62.96000000000004,1,0,18,2327.94,2349.617,-8.525500000000193,0,0,2.0,1.3000000000000003
prev_day_low_sweep_rejection,LONG,2024-05-01T19:45:00+00:00,2024-05-01T20:00:00+0000,2024-05-01T21:00:00+00:00,4,2323.86,2308.07,-15.79,0,4.39,16.82,2319.76,pdh=2346.68;pdl=2319.76,-16.14,2024-05-01 19:45:00+00:00,2024-05-01 20:00:00+00:00,2024-05-01T19:45:00+00:00,19,new_york,2311.32,2325.21,2306.94,2323.84,18.269999999999985,12.519999999999982,4.380000000000109,1.3699999999998909,0.239737274220039,0.3498402555910635,0.9250136836343792,12.820000000000164,4.079999999999927,3.93251533742338,3.259999999999986,0.7261904761904762,2346.68,2319.76,2333.2200000000003,26.919999999999614,1,0,79,2307.07,2318.3585,-6.882499999999709,0,0,-16.49,-17.189999999999998
prev_day_low_sweep_rejection,LONG,2024-05-03T14:45:00+00:00,2024-05-03T15:00:00+0000,2024-05-03T16:00:00+00:00,4,2282.73,2292.09,9.36,1,20.22,1.9,2281.42,pdh=2328.25;pdl=2281.42,9.01,2024-05-03 14:45:00+00:00,2024-05-03 15:00:00+00:00,2024-05-03T14:45:00+00:00,14,new_york,2302.73,2302.73,2277.08,2282.53,25.65000000000009,20.199999999999815,5.450000000000273,0.0,0.212475633528275,0.2698019801980357,0.212475633528275,4.3400000000001455,1.110000000000127,1.2017306028266954,3.611458333333322,0.626984126984127,2328.25,2281.42,2304.835,46.82999999999993,1,0,0,2298.12,2302.2775,-4.9284999999999854,0,0,8.66,7.959999999999999
prev_day_low_sweep_rejection,LONG,2024-05-13T13:15:00+00:00,2024-05-13T13:30:00+0000,2024-05-13T14:30:00+00:00,4,2345.94,2346.42,0.48,1,3.69,14.34,2345.85,pdh=2378.45;pdl=2345.85,0.13,2024-05-13 13:15:00+00:00,2024-05-13 13:30:00+00:00,2024-05-13T13:15:00+00:00,13,new_york,2344.4,2347.27,2343.79,2345.95,3.480000000000018,1.5499999999997272,0.6100000000001273,1.3200000000001637,0.1752873563218747,0.3935483870969256,0.6206896551723687,2.059999999999945,0.099999999999909,0.6986011021619069,2.9487500000000324,0.5317460317460317,2378.45,2345.85,2362.15,32.59999999999991,1,0,15,2344.32,2340.0915,5.6150000000002365,1,1,-0.21999999999999997,-0.9199999999999999
prev_day_low_sweep_rejection,LONG,2024-05-22T13:00:00+00:00,2024-05-22T13:15:00+0000,2024-05-22T14:15:00+00:00,4,2410.71,2409.23,-1.48,0,4.14,28.64,2407.17,pdh=2450.04;pdl=2407.17,-1.83,2024-05-22 13:00:00+00:00,2024-05-22 13:15:00+00:00,2024-05-22T13:00:00+00:00,13,new_york,2406.59,2410.69,2404.57,2410.69,6.119999999999891,4.099999999999909,2.019999999999982,0.0,0.3300653594771271,0.4926829268292748,1.0,2.599999999999909,3.519999999999982,0.8708698231045405,2.9855208333333203,0.0714285714285714,2450.04,2407.17,2428.605,42.86999999999989,1,0,1,2408.34,2420.057,5.030999999999494,0,1,-2.1799999999999997,-2.88
prev_day_low_sweep_rejection,LONG,2024-05-30T13:30:00+00:00,2024-05-30T13:45:00+0000,2024-05-30T14:45:00+00:00,4,2341.4,2347.03,5.63,1,10.41,3.44,2340.07,pdh=2364.13;pdl=2340.07,5.28,2024-05-30 13:30:00+00:00,2024-05-30 13:45:00+00:00,2024-05-30T13:30:00+00:00,13,new_york,2334.51,2341.58,2334.47,2341.35,7.110000000000127,6.839999999999691,0.0400000000004183,0.2300000000000182,0.0056258790436593,0.0058479532164356,0.9676511954992948,5.600000000000364,1.2799999999997451,1.8752616157389048,2.986250000000032,1.0,2364.13,2340.07,2352.1000000000004,24.059999999999945,1,0,54,2335.83,2346.3485,-0.6040000000002692,0,0,4.93,4.23
prev_day_low_sweep_rejection,LONG,2024-06-13T17:30:00+00:00,2024-06-13T17:45:00+0000,2024-06-13T18:45:00+00:00,4,2298.6,2301.68,3.08,1,6.12,1.58,2297.52,pdh=2319.89;pdl=2297.52,2.73,2024-06-13 17:30:00+00:00,2024-06-13 17:45:00+00:00,2024-06-13T17:30:00+00:00,17,new_york,2297.23,2299.48,2295.34,2298.54,4.139999999999873,1.3099999999999454,1.889999999999873,0.9400000000000546,0.456521739130418,1.4427480916030164,0.7729468599033614,2.1799999999998363,1.0199999999999818,0.5680165020084268,3.8379166666666578,0.9603174603174603,2319.89,2297.52,2308.705,22.36999999999989,1,0,2,2298.92,2312.0315,1.650499999999738,0,1,2.38,1.6800000000000002
prev_day_low_sweep_rejection,LONG,2024-06-18T16:45:00+00:00,2024-06-18T17:00:00+0000,2024-06-18T18:00:00+00:00,4,2328.24,2330.43,2.19,1,4.84,1.93,2327.55,pdh=2332.96;pdl=2327.55,1.8399999999999999,2024-06-18 16:45:00+00:00,2024-06-18 17:00:00+00:00,2024-06-18T16:45:00+00:00,16,new_york,2324.34,2329.77,2323.72,2328.25,6.050000000000182,3.9099999999998554,0.6200000000003456,1.5199999999999818,0.1024793388430292,0.1585677749361556,0.748760330578523,3.830000000000382,0.6999999999998181,1.4208207744030958,2.695625000000026,0.4285714285714285,2332.96,2327.55,2330.255,5.409999999999855,1,0,67,2326.86,2318.4115,0.8590000000003783,1,1,1.49,0.79
prev_day_low_sweep_rejection,LONG,2024-06-25T16:45:00+00:00,2024-06-25T17:00:00+0000,2024-06-25T18:00:00+00:00,4,2321.02,2317.78,-3.24,0,3.78,5.7,2317.5,pdh=2322.41;pdl=2317.50,-3.5900000000000003,2024-06-25 16:45:00+00:00,2024-06-25 17:00:00+00:00,2024-06-25T16:45:00+00:00,16,new_york,2320.71,2321.1,2315.41,2321.02,5.690000000000055,0.3099999999999454,5.300000000000182,0.0799999999999272,0.9314586994727824,17.096774193551983,0.9859402460457072,2.090000000000145,3.519999999999982,0.8993679680846898,2.3238541666666728,0.2857142857142857,2322.41,2317.5,2319.955,4.909999999999855,0,1,0,2324.51,2336.4945,-1.6215000000001965,0,0,-3.9400000000000004,-4.640000000000001
prev_day_low_sweep_rejection,LONG,2024-07-22T14:00:00+00:00,2024-07-22T14:15:00+0000,2024-07-22T15:15:00+00:00,4,2395.07,2394.05,-1.02,0,4.85,11.36,2393.61,pdh=2444.95;pdl=2393.61,-1.37,2024-07-22 14:00:00+00:00,2024-07-22 14:15:00+00:00,2024-07-22T14:00:00+00:00,14,new_york,2391.86,2397.11,2391.83,2395.02,5.2800000000002,3.1599999999998545,0.0300000000002,2.090000000000145,0.0056818181818558,0.0094936708861397,0.6041666666666541,1.7800000000002,1.4099999999998545,0.5552558895207764,3.2057291666666714,0.3333333333333333,2444.95,2393.61,2419.28,51.33999999999969,1,0,3,2397.84,2434.021,-10.376000000000204,0,0,-1.72,-2.42
prev_day_low_sweep_rejection,LONG,2024-08-05T20:45:00+00:00,2024-08-05T21:00:00+0000,2024-08-05T22:00:00+00:00,4,2411.41,2409.53,-1.88,0,6.72,7.24,2410.83,pdh=2477.57;pdl=2410.83,-2.23,2024-08-05 20:45:00+00:00,2024-08-05 21:00:00+00:00,2024-08-05T20:45:00+00:00,20,new_york,2408.02,2411.66,2408.02,2411.41,3.6399999999998727,3.3899999999998727,0.0,0.25,0.0,0.0,0.9313186813186788,2.809999999999945,0.5799999999999272,0.4348512936245571,6.461979166666684,0.8214285714285714,2477.57,2410.83,2444.2,66.74000000000024,1,0,35,2407.44,2437.9845,-3.1599999999998545,0,0,-2.58,-3.28
prev_day_low_sweep_rejection,LONG,2024-09-02T04:30:00+00:00,2024-09-02T04:45:00+0000,2024-09-02T05:45:00+00:00,4,2494.94,2497.43,2.49,1,12.15,1.23,2493.87,pdh=2526.84;pdl=2493.87,2.14,2024-09-02 04:30:00+00:00,2024-09-02 04:45:00+00:00,2024-09-02T04:30:00+00:00,4,asia,2491.98,2495.21,2491.45,2494.91,3.7600000000002174,2.9299999999998363,0.5300000000002001,0.3000000000001819,0.1409574468085556,0.1808873720137302,0.9202127659574032,2.4200000000000728,1.0399999999999636,0.7693734269439846,3.145416666666686,1.0,2526.84,2493.87,2510.355,32.970000000000255,1,0,5,2496.1,2511.283,-3.018500000000131,0,0,1.7900000000000003,1.0900000000000003
prev_day_low_sweep_rejection,LONG,2024-09-04T12:30:00+00:00,2024-09-04T12:45:00+0000,2024-09-04T13:45:00+00:00,4,2490.43,2487.23,-3.2,0,9.85,8.38,2489.85,pdh=2507.09;pdl=2489.85,-3.5500000000000003,2024-09-04 12:30:00+00:00,2024-09-04 12:45:00+00:00,2024-09-04T12:30:00+00:00,12,london,2488.61,2491.12,2487.59,2490.46,3.5299999999997453,1.849999999999909,1.0199999999999818,0.6599999999998545,0.2889518413597891,0.5513513513513686,0.8130311614731156,2.2599999999997635,0.6100000000001273,0.7023859626403448,3.217604166666684,0.996031746031746,2507.09,2489.85,2498.4700000000003,17.240000000000236,1,0,20,2489.23,2497.202,-4.300999999999476,0,0,-3.9000000000000004,-4.6
prev_day_low_sweep_rejection,LONG,2024-09-18T04:30:00+00:00,2024-09-18T04:45:00+0000,2024-09-18T05:45:00+00:00,4,2575.9,2570.75,-5.15,0,0.59,10.17,2575.31,pdh=2589.61;pdl=2575.31,-5.5,2024-09-18 04:30:00+00:00,2024-09-18 04:45:00+00:00,2024-09-18T04:30:00+00:00,4,asia,2573.73,2575.97,2573.24,2575.86,2.730000000000018,2.130000000000109,0.4900000000002364,0.1099999999996725,0.1794871794872649,0.2300469483569067,0.95970695970708,2.070000000000164,0.5500000000001819,0.6925248301098327,2.9890624999999886,0.8809523809523809,2589.61,2575.31,2582.46,14.300000000000182,1,0,18,2575.95,2577.5415000000003,2.4544999999998254,0,1,-5.8500000000000005,-6.550000000000001
prev_day_low_sweep_rejection,LONG,2024-09-19T03:30:00+00:00,2024-09-19T03:45:00+0000,2024-09-19T04:45:00+00:00,4,2562.28,2564.01,1.73,1,22.72,2.7,2560.76,pdh=2586.98;pdl=2560.76,1.38,2024-09-19 03:30:00+00:00,2024-09-19 03:45:00+00:00,2024-09-19T03:30:00+00:00,3,asia,2559.06,2562.85,2559.04,2562.24,3.8099999999999454,3.1799999999998363,0.0199999999999818,0.6100000000001273,0.0052493438320162,0.0062893081760952,0.8398950131233238,1.7200000000002549,1.4799999999995634,0.4399563027897611,3.9094791666666473,1.0,2586.98,2560.76,2573.87,26.2199999999998,1,0,14,2559.1,2575.384,-2.72400000000016,0,0,1.03,0.33000000000000007
prev_day_low_sweep_rejection,LONG,2024-10-01T14:45:00+00:00,2024-10-01T15:00:00+0000,2024-10-01T16:00:00+00:00,4,2664.34,2658.48,-5.86,0,8.75,10.4,2657.12,pdh=2663.37;pdl=2657.12,-6.21,2024-10-01 14:45:00+00:00,2024-10-01 15:00:00+00:00,2024-10-01T14:45:00+00:00,14,new_york,2653.31,2668.0,2652.88,2664.27,15.11999999999989,10.960000000000036,0.4299999999998363,3.730000000000018,0.0284391534391428,0.0392335766423206,0.7533068783068754,4.239999999999782,7.150000000000091,1.510240427426461,2.807499999999995,0.0634920634920634,2663.37,2657.12,2660.245,6.25,0,1,59,2650.25,2655.3505,-2.5095000000001164,0,0,-6.5600000000000005,-7.26
prev_day_low_sweep_rejection,LONG,2024-10-31T18:45:00+00:00,2024-10-31T19:00:00+0000,2024-10-31T20:00:00+00:00,4,2744.44,2746.86,2.42,1,5.03,1.41,2743.23,pdh=2775.23;pdl=2743.23,2.07,2024-10-31 18:45:00+00:00,2024-10-31 19:00:00+00:00,2024-10-31T18:45:00+00:00,18,new_york,2741.69,2747.66,2740.71,2744.49,6.949999999999818,2.799999999999727,0.9800000000000182,3.1700000000000728,0.1410071942446106,0.3500000000000406,0.5438848920863085,2.519999999999982,1.2599999999997635,0.8327710843373407,3.0260416666666763,1.0,2775.23,2743.23,2759.23,32.0,1,0,16,2740.52,2766.332,4.774499999999989,0,1,1.72,1.02
prev_day_low_sweep_rejection,LONG,2024-11-05T03:30:00+00:00,2024-11-05T03:45:00+0000,2024-11-05T04:45:00+00:00,4,2730.23,2735.09,4.86,1,14.59,0.43,2729.36,pdh=2740.11;pdl=2729.36,4.510000000000001,2024-11-05 03:30:00+00:00,2024-11-05 03:45:00+00:00,2024-11-05T03:30:00+00:00,3,asia,2728.66,2730.38,2727.52,2730.27,2.8600000000001278,1.610000000000127,1.139999999999873,0.1100000000001273,0.3986013986013363,0.7080745341613556,0.9615384615384188,1.8400000000001453,0.9099999999998544,0.6481250458648763,2.8389583333333426,0.0793650793650793,2740.11,2729.36,2734.735,10.75,1,0,3,2734.9,2752.039,-7.183000000000448,0,0,4.16,3.4600000000000004
prev_day_low_sweep_rejection,LONG,2024-11-13T03:00:00+00:00,2024-11-13T03:15:00+0000,2024-11-13T04:15:00+00:00,4,2612.42,2610.07,-2.35,0,0.74,11.61,2610.38,pdh=2685.30;pdl=2610.38,-2.7,2024-11-13 03:00:00+00:00,2024-11-13 03:15:00+00:00,2024-11-13T03:00:00+00:00,3,asia,2608.86,2612.56,2608.61,2612.43,3.949999999999818,3.569999999999709,0.25,0.1300000000001091,0.0632911392405092,0.0700280112044875,0.9670886075949076,1.7699999999999818,2.049999999999727,0.4380510440835226,4.040624999999996,0.8095238095238095,2685.3,2610.38,2647.84,74.92000000000007,1,0,12,2599.25,2649.8785,-13.722999999999956,0,0,-3.05,-3.75
prev_day_low_sweep_rejection,LONG,2024-11-25T03:45:00+00:00,2024-11-25T04:00:00+0000,2024-11-25T05:00:00+00:00,4,2672.48,2671.54,-0.94,0,3.85,14.25,2669.14,pdh=2715.23;pdl=2669.14,-1.29,2024-11-25 03:45:00+00:00,2024-11-25 04:00:00+00:00,2024-11-25T03:45:00+00:00,3,asia,2669.18,2675.65,2665.63,2672.51,10.019999999999982,3.330000000000382,3.549999999999727,3.1399999999998727,0.354291417165642,1.066066066065862,0.6866267465069982,3.5099999999997635,3.3700000000003456,0.7691394658753161,4.563541666666684,1.0,2715.23,2669.14,2692.185,46.09000000000015,1,0,1,2710.59,2670.5775000000003,11.574000000000524,1,1,-1.64,-2.34
prev_day_low_sweep_rejection,LONG,2024-12-05T15:45:00+00:00,2024-12-05T16:00:00+0000,2024-12-05T17:00:00+00:00,4,2634.52,2634.84,0.32,1,8.68,11.24,2634.12,pdh=2655.55;pdl=2634.12,-0.02999999999999997,2024-12-05 15:45:00+00:00,2024-12-05 16:00:00+00:00,2024-12-05T15:45:00+00:00,15,new_york,2633.83,2636.16,2631.63,2634.51,4.529999999999745,0.680000000000291,2.199999999999818,1.6499999999996362,0.4856512141280225,3.2352941176454064,0.6357615894040334,2.4899999999997817,0.3900000000003274,0.8503130335798944,2.9283333333333226,0.1865079365079365,2655.55,2634.12,2644.835,21.43000000000029,1,0,1,2653.18,2643.1005,1.3090000000001965,1,1,-0.37999999999999995,-1.0799999999999998
prev_day_low_sweep_rejection,LONG,2024-12-06T03:30:00+00:00,2024-12-06T03:45:00+0000,2024-12-06T04:45:00+00:00,4,2634.7,2642.28,7.58,1,11.0,0.73,2632.2,pdh=2657.00;pdl=2632.20,7.23,2024-12-06 03:30:00+00:00,2024-12-06 03:45:00+00:00,2024-12-06T03:30:00+00:00,3,asia,2628.25,2637.91,2627.87,2634.69,10.039999999999964,6.440000000000055,0.3800000000001091,3.2199999999998,0.0378486055777002,0.0590062111801406,0.6792828685259151,4.329999999999927,2.4900000000002365,1.2888503038571144,3.3595833333333047,0.988095238095238,2657.0,2632.2,2644.6,24.800000000000185,1,0,13,2628.19,2642.2290000000003,-0.8714999999997417,0,0,6.88,6.18
prev_day_low_sweep_rejection,LONG,2024-12-17T07:00:00+00:00,2024-12-17T07:15:00+0000,2024-12-17T08:15:00+00:00,4,2648.61,2650.59,1.98,1,8.25,12.6,2648.28,pdh=2652.85;pdl=2648.28,1.63,2024-12-17 07:00:00+00:00,2024-12-17 07:15:00+00:00,2024-12-17T07:00:00+00:00,7,london,2647.74,2648.89,2646.36,2648.6,2.5299999999997453,0.8600000000001273,1.3799999999996544,0.2899999999999636,0.5454545454544637,1.604651162790058,0.8853754940711491,1.9200000000000728,0.3199999999997089,0.7542969389425804,2.54541666666664,0.0912698412698412,2652.85,2648.28,2650.565,4.569999999999709,1,0,2,2651.6,2670.2885,-9.862500000000182,0,0,1.28,0.5800000000000001
prev_day_low_sweep_rejection,LONG,2024-12-30T09:00:00+00:00,2024-12-30T09:15:00+0000,2024-12-30T10:15:00+00:00,4,2612.09,2613.91,1.82,1,10.42,11.08,2611.65,pdh=2638.33;pdl=2611.65,1.4700000000000002,2024-12-30 09:00:00+00:00,2024-12-30 09:15:00+00:00,2024-12-30T09:00:00+00:00,9,london,2614.06,2614.21,2609.22,2612.09,4.9900000000002365,1.9699999999998,2.8700000000003456,0.1500000000000909,0.5751503006012444,1.456852791878496,0.5751503006012444,2.430000000000291,0.4400000000000545,0.9112144056873897,2.666770833333326,0.9484126984126984,2638.33,2611.65,2624.99,26.67999999999984,1,0,0,2611.87,2623.0785,0.4659999999998945,0,1,1.12,0.42000000000000015
prev_day_low_sweep_rejection,LONG,2024-12-31T15:15:00+00:00,2024-12-31T15:30:00+0000,2024-12-31T16:30:00+00:00,4,2618.86,2623.77,4.91,1,8.71,1.77,2618.69,pdh=2626.16;pdl=2618.69,4.5600000000000005,2024-12-31 15:15:00+00:00,2024-12-31 15:30:00+00:00,2024-12-31T15:15:00+00:00,15,new_york,2613.3,2618.85,2612.46,2618.83,6.389999999999873,5.529999999999745,0.8400000000001455,0.0199999999999818,0.1314553990610582,0.1518987341772485,0.9968701095461686,6.230000000000018,0.1399999999998726,2.4355758266818506,2.5579166666666944,0.3809523809523809,2626.16,2618.69,2622.425,7.4699999999998,1,0,61,2611.14,2619.634,-2.09900000000016,0,0,4.21,3.5100000000000002
prev_day_low_sweep_rejection,LONG,2025-01-20T03:15:00+00:00,2025-01-20T03:30:00+0000,2025-01-20T04:30:00+00:00,4,2700.94,2702.71,1.77,1,12.96,0.48,2699.35,pdh=2717.47;pdl=2699.35,1.42,2025-01-20 03:15:00+00:00,2025-01-20 03:30:00+00:00,2025-01-20T03:15:00+00:00,3,asia,2698.29,2701.14,2697.72,2700.95,3.4200000000000728,2.6599999999998545,0.5700000000001637,0.1900000000000545,0.1666666666667109,0.2142857142857875,0.9444444444444297,1.6300000000001091,1.599999999999909,0.6006909788867933,2.7135416666666807,0.3373015873015873,2717.47,2699.35,2708.41,18.11999999999989,1,0,13,2694.58,2700.0975,4.083999999999833,0,1,1.07,0.3700000000000001
prev_day_low_sweep_rejection,LONG,2025-02-03T08:15:00+00:00,2025-02-03T08:30:00+0000,2025-02-03T09:30:00+00:00,4,2794.47,2798.12,3.65,1,21.22,1.37,2791.16,pdh=2817.20;pdl=2791.16,3.3,2025-02-03 08:15:00+00:00,2025-02-03 08:30:00+00:00,2025-02-03T08:15:00+00:00,8,london,2788.13,2795.13,2787.15,2794.42,7.980000000000018,6.289999999999964,0.9800000000000182,0.7100000000000364,0.1228070175438616,0.1558028616852184,0.9110275689223014,4.009999999999764,3.2600000000002183,0.9660710700661936,4.150833333333338,1.0,2817.2,2791.16,2804.18,26.039999999999964,1,0,33,2796.8,2783.1690000000003,3.964500000000044,1,1,2.95,2.25
prev_day_low_sweep_rejection,LONG,2025-02-12T13:45:00+00:00,2025-02-12T14:00:00+0000,2025-02-12T15:00:00+00:00,4,2873.53,2893.1,19.57,1,35.58,1.88,2866.01,pdh=2921.69;pdl=2866.01,19.22,2025-02-12 13:45:00+00:00,2025-02-12 14:00:00+00:00,2025-02-12T13:45:00+00:00,13,new_york,2865.26,2873.91,2863.73,2873.54,10.179999999999836,8.279999999999745,1.5300000000002,0.3699999999998908,0.150294695481358,0.184782608695682,0.963654223968576,2.2800000000002,7.529999999999745,0.5601535508637742,4.07031249999999,0.5079365079365079,2921.69,2866.01,2893.8500000000004,55.67999999999984,1,0,1,2884.88,2889.62,3.512500000000273,0,1,18.87,18.17
prev_day_low_sweep_rejection,LONG,2025-02-21T08:30:00+00:00,2025-02-21T08:45:00+0000,2025-02-21T09:45:00+00:00,4,2919.99,2927.02,7.03,1,16.18,0.97,2918.74,pdh=2947.18;pdl=2918.74,6.680000000000001,2025-02-21 08:30:00+00:00,2025-02-21 08:45:00+00:00,2025-02-21T08:30:00+00:00,8,london,2924.04,2924.56,2916.77,2920.01,7.789999999999964,4.029999999999745,3.2400000000002365,0.5199999999999818,0.4159178433889925,0.8039702233251715,0.4159178433889925,1.9699999999998,1.2700000000004366,0.4862946772948867,4.051041666666653,1.0,2947.18,2918.74,2932.96,28.44000000000005,1,0,0,2923.38,2932.883,4.729499999999916,0,1,6.33,5.630000000000001
prev_day_low_sweep_rejection,LONG,2025-02-26T03:00:00+00:00,2025-02-26T03:15:00+0000,2025-02-26T04:15:00+00:00,4,2921.51,2914.57,-6.94,0,0.14,15.75,2921.43,pdh=2956.59;pdl=2921.43,-7.29,2025-02-26 03:00:00+00:00,2025-02-26 03:15:00+00:00,2025-02-26T03:00:00+00:00,3,asia,2917.54,2923.07,2917.04,2921.47,6.0300000000002,3.929999999999836,0.5,1.6000000000003638,0.0829187396351548,0.127226463104331,0.7346600331674443,4.389999999999873,0.0399999999999636,1.022168324035865,4.294791666666673,1.0,2956.59,2921.43,2939.01,35.16000000000031,1,0,12,2923.49,2933.906,-4.703500000000076,0,0,-7.640000000000001,-8.34
prev_day_low_sweep_rejection,LONG,2025-03-11T08:45:00+00:00,2025-03-11T09:00:00+0000,2025-03-11T10:00:00+00:00,4,2909.83,2911.47,1.64,1,12.38,2.79,2909.62,pdh=2917.05;pdl=2909.62,1.29,2025-03-11 08:45:00+00:00,2025-03-11 09:00:00+00:00,2025-03-11T08:45:00+00:00,8,london,2908.08,2909.89,2906.61,2909.88,3.2799999999997453,1.800000000000182,1.4699999999998,0.0099999999997635,0.4481707317072909,0.816666666666473,0.996951219512267,3.0099999999997635,0.2600000000002183,0.7169867500371643,4.19812499999999,0.7817460317460317,2917.05,2909.62,2913.335,7.430000000000291,1,0,35,2910.07,2906.6175000000003,-3.081499999999778,1,0,0.94,0.24
prev_day_low_sweep_rejection,LONG,2025-03-25T08:45:00+00:00,2025-03-25T09:00:00+0000,2025-03-25T10:00:00+00:00,4,3020.72,3023.5,2.78,1,15.3,6.5,3020.51,pdh=3026.38;pdl=3020.51,2.4299999999999997,2025-03-25 08:45:00+00:00,2025-03-25 09:00:00+00:00,2025-03-25T08:45:00+00:00,8,london,3017.92,3020.77,3017.65,3020.67,3.119999999999891,2.75,0.2699999999999818,0.099999999999909,0.0865384615384587,0.0981818181818115,0.967948717948746,2.8600000000001278,0.1599999999998544,0.9203231321020744,3.1076041666666705,0.0952380952380952,3026.38,3020.51,3023.445,5.869999999999891,1,0,35,3021.47,3028.078,-4.146500000000287,0,0,2.08,1.38
prev_day_low_sweep_rejection,LONG,2025-04-03T15:15:00+00:00,2025-04-03T15:30:00+0000,2025-04-03T16:30:00+00:00,4,3116.79,3107.47,-9.32,0,18.48,16.69,3100.62,pdh=3149.00;pdl=3100.62,-9.67,2025-04-03 15:15:00+00:00,2025-04-03 15:30:00+00:00,2025-04-03T15:15:00+00:00,15,new_york,3089.85,3117.65,3089.26,3116.62,28.389999999999876,26.769999999999985,0.5899999999996908,1.0300000000002,0.0207819654807923,0.0220395965633056,0.9637196195843536,11.359999999999673,16.0,1.356148030242699,8.376666666666665,1.0,3149.0,3100.62,3124.81,48.38000000000011,1,0,13,3092.9,3125.373,4.419499999999971,0,1,-10.02,-10.72
prev_day_low_sweep_rejection,LONG,2025-04-04T06:30:00+00:00,2025-04-04T06:45:00+0000,2025-04-04T07:45:00+00:00,4,3104.92,3101.76,-3.16,0,31.53,26.37,3104.75,pdh=3148.17;pdl=3104.75,-3.5100000000000002,2025-04-04 06:30:00+00:00,2025-04-04 06:45:00+00:00,2025-04-04T06:30:00+00:00,6,asia,3103.07,3107.39,3101.64,3104.87,5.75,1.7999999999997272,1.430000000000291,2.519999999999982,0.2486956521739636,0.7944444444447265,0.5617391304347857,3.1100000000001278,0.1199999999998908,0.4076739264013258,7.628645833333365,0.8214285714285714,3148.17,3104.75,3126.46,43.42000000000007,1,0,12,3098.41,3122.7465,-1.936999999999898,0,0,-3.8600000000000003,-4.5600000000000005
prev_day_low_sweep_rejection,LONG,2025-04-07T02:30:00+00:00,2025-04-07T02:45:00+0000,2025-04-07T03:45:00+00:00,4,3019.92,3029.82,9.9,1,35.18,6.79,3015.71,pdh=3136.45;pdl=3015.71,9.55,2025-04-07 02:30:00+00:00,2025-04-07 02:45:00+00:00,2025-04-07T02:30:00+00:00,2,asia,3008.05,3020.93,3004.59,3019.97,16.33999999999969,11.919999999999618,3.4600000000000364,0.9600000000000364,0.2117503059975582,0.2902684563758513,0.9412484700122364,11.11999999999989,4.259999999999764,0.9729670610109477,11.428958333333313,1.0,3136.45,3015.71,3076.08,120.73999999999978,1,0,10,2999.38,3099.8075,-14.487500000000182,0,0,9.200000000000001,8.5
prev_day_low_sweep_rejection,LONG,2025-04-08T03:00:00+00:00,2025-04-08T03:15:00+0000,2025-04-08T04:15:00+00:00,4,3002.17,2996.03,-6.14,0,13.35,11.36,3000.26,pdh=3032.18;pdl=3000.26,-6.489999999999999,2025-04-08 03:00:00+00:00,2025-04-08 03:15:00+00:00,2025-04-08T03:00:00+00:00,3,asia,2999.32,3002.61,2996.06,3002.03,6.550000000000182,2.7100000000000364,3.2600000000002183,0.5799999999999272,0.4977099236641416,1.2029520295203595,0.9114503816794028,4.200000000000273,1.7699999999999818,0.4181705040448308,10.043750000000008,0.5992063492063492,3032.18,3000.26,3016.2200000000003,31.919999999999614,1,0,12,2981.04,3063.592,-21.359500000000025,0,0,-6.84,-7.539999999999999
prev_day_low_sweep_rejection,LONG,2025-04-22T23:15:00+00:00,2025-04-22T23:30:00+0000,2025-04-23T00:30:00+00:00,4,3332.43,3340.73,8.3,1,54.0,16.49,3328.92,pdh=3353.15;pdl=3328.92,7.950000000000001,2025-04-22 23:15:00+00:00,2025-04-22 23:30:00+00:00,2025-04-22T23:15:00+00:00,23,late_us,3319.4,3346.9,3316.74,3332.2,30.16000000000031,12.799999999999727,2.660000000000309,14.700000000000273,0.0881962864721579,0.2078125000000286,0.5125994694960172,12.180000000000293,3.2799999999997453,1.0765760374179636,11.313645833333368,1.0,3353.15,3328.92,3341.035,24.230000000000015,1,0,1,3374.35,3381.5695,15.792499999999563,0,1,7.6000000000000005,6.9
prev_day_low_sweep_rejection,LONG,2025-04-23T04:45:00+00:00,2025-04-23T05:00:00+0000,2025-04-23T06:00:00+00:00,4,3344.38,3345.71,1.33,1,4.78,52.71,3343.47,pdh=3435.89;pdl=3343.47,0.9800000000000001,2025-04-23 04:45:00+00:00,2025-04-23 05:00:00+00:00,2025-04-23T04:45:00+00:00,4,asia,3336.97,3346.54,3336.77,3344.35,9.769999999999982,7.380000000000109,0.1999999999998181,2.1900000000000546,0.0204708290685586,0.0271002710026849,0.7758444216990729,6.699999999999818,0.8800000000001091,0.5422997150228328,12.354791666666694,0.996031746031746,3435.89,3343.47,3389.68,92.42000000000009,1,0,19,3338.73,3380.9924999999994,1.8744999999994436,0,1,0.6300000000000001,-0.06999999999999984
prev_day_low_sweep_rejection,LONG,2025-05-08T08:00:00+00:00,2025-05-08T08:15:00+0000,2025-05-08T09:15:00+00:00,4,3328.09,3338.62,10.53,1,34.97,0.7,3323.52,pdh=3439.00;pdl=3323.52,10.18,2025-05-08 08:00:00+00:00,2025-05-08 08:15:00+00:00,2025-05-08T08:00:00+00:00,8,london,3329.53,3331.49,3320.18,3327.9,11.309999999999944,1.6300000000001091,7.720000000000255,1.9599999999995816,0.6825817860300877,4.736196319018244,0.6825817860300877,3.340000000000145,4.380000000000109,0.449491126251178,7.430624999999968,0.5952380952380952,3439.0,3323.52,3381.26,115.48000000000002,1,0,0,3342.78,3358.043,19.726000000000116,0,1,9.83,9.129999999999999
prev_day_low_sweep_rejection,LONG,2025-05-12T02:00:00+00:00,2025-05-12T02:15:00+0000,2025-05-12T03:15:00+00:00,4,3275.42,3277.58,2.16,1,9.0,30.23,3274.55,pdh=3347.35;pdl=3274.55,1.81,2025-05-12 02:00:00+00:00,2025-05-12 02:15:00+00:00,2025-05-12T02:00:00+00:00,2,asia,3272.33,3281.82,3272.33,3275.42,9.490000000000236,3.090000000000145,0.0,6.400000000000091,0.0,0.0,0.3256059009483739,2.2200000000002547,0.8699999999998909,0.28535468494768,7.779791666666672,0.5317460317460317,3347.35,3274.55,3310.95,72.79999999999973,1,0,8,3287.32,3348.773,-12.82300000000032,0,0,1.4600000000000002,0.7600000000000002
prev_day_low_sweep_rejection,LONG,2025-05-15T17:00:00+00:00,2025-05-15T17:15:00+0000,2025-05-15T18:15:00+00:00,4,3219.04,3224.48,5.44,1,33.12,3.38,3215.8,pdh=3265.43;pdl=3215.80,5.090000000000001,2025-05-15 17:00:00+00:00,2025-05-15 17:15:00+00:00,2025-05-15T17:00:00+00:00,17,new_york,3214.63,3219.87,3214.1,3219.09,5.769999999999982,4.460000000000036,0.5300000000002001,0.7799999999997453,0.0918544194107802,0.1188340807175326,0.8648180242634752,1.7000000000002728,3.289999999999964,0.2550199234315587,6.666145833333341,0.7222222222222222,3265.43,3215.8,3240.615,49.62999999999965,1,0,68,3219.55,3218.134,-12.616500000000087,1,0,4.74,4.040000000000001
prev_day_low_sweep_rejection,LONG,2025-05-16T13:30:00+00:00,2025-05-16T13:45:00+0000,2025-05-16T14:45:00+00:00,4,3172.61,3184.19,11.58,1,19.34,6.6,3167.91,pdh=3256.90;pdl=3167.91,11.23,2025-05-16 13:30:00+00:00,2025-05-16 13:45:00+00:00,2025-05-16T13:30:00+00:00,13,new_york,3166.19,3175.71,3165.57,3172.47,10.139999999999873,6.279999999999745,0.6199999999998909,3.2400000000002365,0.0611439842208973,0.0987261146496681,0.6804733727810378,2.3399999999996908,4.559999999999945,0.3340421418905421,7.005104166666655,1.0,3256.9,3167.91,3212.405,88.99000000000024,1,0,2,3162.94,3212.1005,-6.294499999999516,0,0,10.88,10.18
prev_day_low_sweep_rejection,LONG,2025-05-20T04:15:00+00:00,2025-05-20T04:30:00+0000,2025-05-20T05:30:00+00:00,4,3210.63,3211.58,0.95,1,28.47,3.64,3206.56,pdh=3240.60;pdl=3206.56,0.6,2025-05-20 04:15:00+00:00,2025-05-20 04:30:00+00:00,2025-05-20T04:15:00+00:00,4,asia,3205.15,3212.35,3204.41,3210.54,7.940000000000055,5.389999999999873,0.7400000000002365,1.8099999999999452,0.093198992443354,0.1372912801484701,0.7720403022670109,2.150000000000091,3.980000000000018,0.3874455623967718,5.549166666666679,0.0039682539682539,3240.6,3206.56,3223.58,34.039999999999964,1,0,1,3211.26,3206.965,5.886999999999716,1,1,0.25,-0.44999999999999996
prev_day_low_sweep_rejection,LONG,2025-05-28T09:15:00+00:00,2025-05-28T09:30:00+0000,2025-05-28T10:30:00+00:00,4,3323.44,3322.02,-1.42,0,1.85,25.93,3323.36,pdh=3356.60;pdl=3323.36,-1.77,2025-05-28 09:15:00+00:00,2025-05-28 09:30:00+00:00,2025-05-28T09:15:00+00:00,9,london,3320.04,3323.6,3317.25,3323.46,6.349999999999909,3.4200000000000728,2.789999999999964,0.1399999999998726,0.439370078740158,0.8157894736841825,0.9779527559055315,6.110000000000127,0.099999999999909,1.1894873458793198,5.1366666666666845,0.5119047619047619,3356.6,3323.36,3339.98,33.23999999999978,1,0,37,3319.08,3329.679,1.6984999999999673,0,1,-2.12,-2.82
prev_day_low_sweep_rejection,LONG,2025-05-29T09:00:00+00:00,2025-05-29T09:15:00+0000,2025-05-29T10:15:00+00:00,4,3286.91,3278.49,-8.42,0,34.92,10.86,3285.09,pdh=3349.75;pdl=3285.09,-8.77,2025-05-29 09:00:00+00:00,2025-05-29 09:15:00+00:00,2025-05-29T09:00:00+00:00,9,london,3279.86,3287.36,3279.08,3286.93,8.2800000000002,7.069999999999709,0.7800000000002001,0.430000000000291,0.0942028985507465,0.1103253182461431,0.9480676328502076,6.010000000000218,1.8399999999996908,0.9802076077538968,6.131354166666664,0.9682539682539684,3349.75,3285.09,3317.42,64.65999999999985,1,0,36,3286.47,3310.8335,-12.111499999999978,0,0,-9.12,-9.82
prev_day_low_sweep_rejection,LONG,2025-05-30T15:15:00+00:00,2025-05-30T15:30:00+0000,2025-05-30T16:30:00+00:00,4,3281.41,3288.33,6.92,1,14.32,7.95,3276.57,pdh=3325.29;pdl=3276.57,6.57,2025-05-30 15:15:00+00:00,2025-05-30 15:30:00+00:00,2025-05-30T15:15:00+00:00,15,new_york,3275.04,3286.63,3271.57,3281.36,15.059999999999944,6.320000000000164,3.4699999999998,5.269999999999982,0.2304116865869729,0.5490506329113465,0.650066401062417,5.0,4.789999999999964,0.910867791335368,5.489270833333346,0.6190476190476191,3325.29,3276.57,3300.9300000000003,48.7199999999998,1,0,1,3294.03,3298.471,-7.26949999999988,0,0,6.22,5.52
prev_day_low_sweep_rejection,LONG,2025-06-09T02:30:00+00:00,2025-06-09T02:45:00+0000,2025-06-09T03:45:00+00:00,4,3307.09,3304.8,-2.29,0,21.23,13.73,3306.89,pdh=3375.40;pdl=3306.89,-2.64,2025-06-09 02:30:00+00:00,2025-06-09 02:45:00+00:00,2025-06-09T02:30:00+00:00,2,asia,3303.82,3308.85,3303.82,3307.12,5.029999999999745,3.299999999999727,0.0,1.7300000000000182,0.0,0.0,0.6560636182902374,3.069999999999709,0.2300000000000182,0.5608906651441029,5.47343750000006,0.98015873015873,3375.4,3306.89,3341.145,68.51000000000022,1,0,4,3317.87,3354.9825,-5.981999999999971,0,0,-2.99,-3.69
prev_day_low_sweep_rejection,LONG,2025-06-19T08:45:00+00:00,2025-06-19T09:00:00+0000,2025-06-19T10:00:00+00:00,4,3366.8,3368.34,1.54,1,11.92,5.43,3365.99,pdh=3403.06;pdl=3365.99,1.19,2025-06-19 08:45:00+00:00,2025-06-19 09:00:00+00:00,2025-06-19T08:45:00+00:00,8,london,3354.81,3368.44,3354.35,3366.92,14.090000000000146,12.110000000000127,0.4600000000000364,1.5199999999999818,0.0326472675656516,0.0379851362510348,0.8921220723917697,11.639999999999873,0.930000000000291,2.2691901551457923,5.129583333333305,0.4563492063492063,3403.06,3365.99,3384.525,37.07000000000016,1,0,7,3365.69,3389.825,-9.72149999999965,0,0,0.8400000000000001,0.14000000000000012
prev_day_low_sweep_rejection,LONG,2025-06-20T14:45:00+00:00,2025-06-20T15:00:00+0000,2025-06-20T16:00:00+00:00,4,3365.68,3370.41,4.73,1,8.63,1.27,3362.4,pdh=3399.81;pdl=3362.40,4.380000000000001,2025-06-20 14:45:00+00:00,2025-06-20 15:00:00+00:00,2025-06-20T14:45:00+00:00,14,new_york,3358.72,3366.45,3357.59,3365.58,8.859999999999673,6.860000000000127,1.1299999999996544,0.8699999999998909,0.1275395033859702,0.1647230320699174,0.9018058690745008,4.809999999999945,3.1799999999998363,1.06770255271919,4.504999999999996,0.123015873015873,3399.81,3362.4,3381.105,37.409999999999854,1,0,50,3346.87,3374.4525000000003,-6.223999999999705,0,0,4.03,3.3300000000000005
prev_day_low_sweep_rejection,LONG,2025-07-07T17:45:00+00:00,2025-07-07T18:00:00+0000,2025-07-07T19:00:00+00:00,4,3326.29,3332.08,5.79,1,19.3,0.89,3325.66,pdh=3344.87;pdl=3325.66,5.44,2025-07-07 17:45:00+00:00,2025-07-07 18:00:00+00:00,2025-07-07T17:45:00+00:00,17,new_york,3323.82,3327.44,3323.6,3326.28,3.8400000000001455,2.4600000000000364,0.2200000000002546,1.1599999999998545,0.0572916666667308,0.0894308943090452,0.697916666666716,2.059999999999945,0.6200000000003456,0.4886944918081274,4.215312499999996,0.984126984126984,3344.87,3325.66,3335.265,19.21000000000004,1,0,66,3320.65,3333.5015,-4.4255000000007385,0,0,5.09,4.390000000000001
prev_day_low_sweep_rejection,LONG,2025-07-08T02:15:00+00:00,2025-07-08T02:30:00+0000,2025-07-08T03:30:00+00:00,4,3332.65,3335.86,3.21,1,6.61,5.43,3332.25,pdh=3342.58;pdl=3332.25,2.86,2025-07-08 02:15:00+00:00,2025-07-08 02:30:00+00:00,2025-07-08T02:15:00+00:00,2,asia,3333.51,3335.34,3329.5,3332.67,5.8400000000001455,0.8400000000001455,3.1700000000000728,1.8299999999999272,0.5428082191780811,3.7738095238089566,0.5428082191780811,2.75,0.4200000000000727,0.6480117820324041,4.243749999999977,0.98015873015873,3342.58,3332.25,3337.415,10.329999999999927,1,0,3,3334.43,3332.9075,-1.2940000000003238,1,0,2.51,1.81
prev_day_low_sweep_rejection,LONG,2025-07-09T06:15:00+00:00,2025-07-09T06:30:00+0000,2025-07-09T07:30:00+00:00,4,3296.47,3287.01,-9.46,0,0.4,13.96,3296.26,pdh=3345.59;pdl=3296.26,-9.81,2025-07-09 06:15:00+00:00,2025-07-09 06:30:00+00:00,2025-07-09T06:15:00+00:00,6,asia,3294.29,3297.62,3292.18,3296.45,5.440000000000055,2.1599999999998545,2.1100000000001278,1.1700000000000728,0.387867647058843,0.9768518518519766,0.7849264705882241,4.080000000000382,0.1899999999995998,0.9756389179495768,4.181874999999995,0.8650793650793651,3345.59,3296.26,3320.925,49.32999999999993,1,0,10,3293.12,3321.6835,-5.212499999999636,0,0,-10.16,-10.860000000000001
prev_day_low_sweep_rejection,LONG,2025-07-15T05:15:00+00:00,2025-07-15T05:30:00+0000,2025-07-15T06:30:00+00:00,4,3360.05,3363.04,2.99,1,6.11,3.52,3359.6,pdh=3371.19;pdl=3359.60,2.64,2025-07-15 05:15:00+00:00,2025-07-15 05:30:00+00:00,2025-07-15T05:15:00+00:00,5,asia,3357.83,3360.85,3357.46,3360.05,3.3899999999998727,2.2200000000002547,0.3699999999998908,0.7999999999997272,0.1091445427728332,0.1666666666665983,0.7640117994101011,2.1399999999998727,0.4500000000002728,0.613601744272834,3.487604166666671,0.2023809523809523,3371.19,3359.6,3365.395,11.590000000000146,1,0,21,3357.71,3343.5755,5.2205000000003565,1,1,2.29,1.5900000000000003
prev_day_low_sweep_rejection,LONG,2025-07-17T15:00:00+00:00,2025-07-17T15:15:00+0000,2025-07-17T16:15:00+00:00,4,3320.23,3331.88,11.65,1,20.82,2.11,3320.0,pdh=3366.16;pdl=3320.00,11.3,2025-07-17 15:00:00+00:00,2025-07-17 15:15:00+00:00,2025-07-17T15:00:00+00:00,15,new_york,3315.58,3321.61,3315.06,3320.17,6.550000000000182,4.5900000000001455,0.5199999999999818,1.4400000000000546,0.0793893129770942,0.1132897603485763,0.780152671755723,4.940000000000055,0.1700000000000727,1.0030244707176377,4.925104166666657,1.0,3366.16,3320.0,3343.08,46.159999999999854,1,0,6,3324.08,3343.7665,-4.544000000000324,0,0,10.950000000000001,10.25
prev_day_low_sweep_rejection,LONG,2025-07-24T03:30:00+00:00,2025-07-24T03:45:00+0000,2025-07-24T04:45:00+00:00,4,3386.39,3385.19,-1.2,0,1.95,20.71,3383.26,pdh=3433.53;pdl=3383.26,-1.5499999999999998,2025-07-24 03:30:00+00:00,2025-07-24 03:45:00+00:00,2025-07-24T03:30:00+00:00,3,asia,3382.35,3388.73,3381.37,3386.35,7.360000000000127,4.0,0.9800000000000182,2.380000000000109,0.1331521739130436,0.2450000000000045,0.6766304347825994,1.8900000000003276,3.0899999999996908,0.4542359303025051,4.160833333333305,0.9325396825396826,3433.53,3383.26,3408.3950000000004,50.26999999999998,1,0,1,3389.78,3394.5354999999995,6.077499999999418,0,1,-1.9,-2.5999999999999996
prev_day_low_sweep_rejection,LONG,2025-07-29T02:45:00+00:00,2025-07-29T03:00:00+0000,2025-07-29T04:00:00+00:00,4,3319.85,3318.04,-1.81,0,2.33,11.09,3317.03,pdh=3335.30;pdl=3317.03,-2.16,2025-07-29 02:45:00+00:00,2025-07-29 03:00:00+00:00,2025-07-29T02:45:00+00:00,2,asia,3314.09,3320.62,3313.88,3319.78,6.739999999999782,5.690000000000055,0.2100000000000363,0.8399999999996908,0.03115727002968,0.0369068541300587,0.8753709198813475,3.150000000000091,2.75,0.8668979158902915,3.6336458333333135,0.2817460317460317,3335.3,3317.03,3326.165,18.269999999999985,1,0,11,3312.35,3348.0695,-13.606500000000324,0,0,-2.51,-3.21
prev_day_low_sweep_rejection,LONG,2025-07-31T08:45:00+00:00,2025-07-31T09:00:00+0000,2025-07-31T10:00:00+00:00,4,3308.64,3309.98,1.34,1,5.96,15.02,3307.54,pdh=3333.92;pdl=3307.54,0.9900000000000001,2025-07-31 08:45:00+00:00,2025-07-31 09:00:00+00:00,2025-07-31T08:45:00+00:00,8,london,3302.41,3308.63,3299.26,3308.63,9.36999999999989,6.220000000000255,3.149999999999636,0.0,0.336179295624298,0.5064308681671233,1.0,8.279999999999745,1.0900000000001455,1.7997962187251793,4.600520833333334,1.0,3333.92,3307.54,3320.73,26.38000000000011,1,0,35,3304.47,3315.271,-6.138500000000477,0,0,0.6400000000000001,-0.05999999999999983
prev_day_low_sweep_rejection,LONG,2025-08-05T13:30:00+00:00,2025-08-05T13:45:00+0000,2025-08-05T14:45:00+00:00,4,3362.72,3377.52,14.8,1,27.47,1.39,3357.62,pdh=3369.15;pdl=3357.62,14.450000000000001,2025-08-05 13:30:00+00:00,2025-08-05 13:45:00+00:00,2025-08-05T13:30:00+00:00,13,new_york,3352.68,3362.62,3352.54,3362.58,10.079999999999927,9.900000000000093,0.1399999999998726,0.0399999999999636,0.0138888888888763,0.0141414141414011,0.9960317460317496,5.079999999999927,4.960000000000036,1.5630268260632485,3.2501041666666595,0.1904761904761904,3369.15,3357.62,3363.385,11.5300000000002,1,0,9,3351.38,3340.0235,10.634500000000116,1,1,14.100000000000001,13.4
prev_day_low_sweep_rejection,LONG,2025-08-11T03:00:00+00:00,2025-08-11T03:15:00+0000,2025-08-11T04:15:00+00:00,4,3377.58,3378.33,0.75,1,2.58,20.52,3377.25,pdh=3406.86;pdl=3377.25,0.4,2025-08-11 03:00:00+00:00,2025-08-11 03:15:00+00:00,2025-08-11T03:00:00+00:00,3,asia,3374.65,3379.99,3373.82,3377.42,6.169999999999618,2.769999999999982,0.8299999999999272,2.569999999999709,0.1345218800648263,0.2996389891696508,0.5834683954619339,3.4299999999998363,0.1700000000000727,0.6266151591847323,5.473854166666655,0.9087301587301588,3406.86,3377.25,3392.0550000000003,29.610000000000127,1,0,3,3391.53,3386.2625,3.376499999999851,1,1,0.050000000000000044,-0.6499999999999999
prev_day_low_sweep_rejection,LONG,2025-09-15T02:30:00+00:00,2025-09-15T02:45:00+0000,2025-09-15T03:45:00+00:00,4,3630.96,3643.7,12.74,1,15.89,2.28,3630.57,pdh=3656.64;pdl=3630.57,12.39,2025-09-15 02:30:00+00:00,2025-09-15 02:45:00+00:00,2025-09-15T02:30:00+00:00,2,asia,3628.62,3632.54,3626.76,3630.96,5.779999999999745,2.340000000000145,1.8599999999996728,1.5799999999999272,0.321799307958435,0.7948717948716055,0.7266435986159175,3.8099999999999454,0.3899999999998726,1.0958116124393225,3.4768749999999784,0.1388888888888889,3656.64,3630.57,3643.605,26.06999999999971,1,0,1,3638.23,3639.6565,0.1685000000002219,0,1,12.040000000000001,11.34
prev_day_low_sweep_rejection,LONG,2025-09-19T02:15:00+00:00,2025-09-19T02:30:00+0000,2025-09-19T03:30:00+00:00,4,3648.49,3644.24,-4.25,0,12.56,16.52,3646.12,pdh=3707.45;pdl=3646.12,-4.6,2025-09-19 02:15:00+00:00,2025-09-19 02:30:00+00:00,2025-09-19T02:15:00+00:00,2,asia,3641.09,3650.85,3641.06,3648.51,9.789999999999964,7.420000000000073,0.0300000000002,2.3399999999996908,0.0030643513789785,0.004043126684663,0.7609805924412973,5.059999999999945,2.3900000000003274,1.0940047745596917,4.625208333333338,0.5674603174603174,3707.45,3646.12,3676.785,61.32999999999993,1,0,9,3640.06,3671.678,-1.9604999999996835,0,0,-4.95,-5.65
prev_day_low_sweep_rejection,LONG,2025-09-25T03:30:00+00:00,2025-09-25T03:45:00+0000,2025-09-25T04:45:00+00:00,4,3738.35,3738.71,0.36,1,23.15,6.83,3737.0,pdh=3791.13;pdl=3737.00,0.010000000000000009,2025-09-25 03:30:00+00:00,2025-09-25 03:45:00+00:00,2025-09-25T03:30:00+00:00,3,asia,3732.36,3738.56,3731.59,3738.3,6.9699999999998,5.940000000000055,0.7699999999999818,0.2599999999997635,0.1104734576757537,0.1296296296296253,0.9626972740315968,5.409999999999855,1.300000000000182,1.1527244478969787,4.693229166666687,0.4642857142857143,3791.13,3737.0,3764.065,54.13000000000011,1,0,2,3742.8,3742.5775,10.500500000000557,1,1,-0.33999999999999997,-1.04
prev_day_low_sweep_rejection,LONG,2025-10-03T02:45:00+00:00,2025-10-03T03:00:00+0000,2025-10-03T04:00:00+00:00,4,3856.32,3848.53,-7.79,0,8.73,18.39,3853.16,pdh=3895.23;pdl=3853.16,-8.14,2025-10-03 02:45:00+00:00,2025-10-03 03:00:00+00:00,2025-10-03T02:45:00+00:00,2,asia,3852.31,3857.74,3847.25,3856.38,10.489999999999782,4.070000000000164,5.059999999999945,1.3599999999996726,0.4823641563393757,1.24324324324318,0.8703527168732411,5.909999999999855,3.2200000000002547,1.031207401079599,5.731145833333348,0.2738095238095238,3895.23,3853.16,3874.195,42.07000000000016,1,0,1,3862.27,3856.7405,4.012000000000171,1,1,-8.49,-9.19
prev_day_low_sweep_rejection,LONG,2025-10-10T09:15:00+00:00,2025-10-10T09:30:00+0000,2025-10-10T10:30:00+00:00,4,3987.19,3994.98,7.79,1,19.38,16.75,3984.44,pdh=4059.05;pdl=3984.44,7.44,2025-10-10 09:15:00+00:00,2025-10-10 09:30:00+00:00,2025-10-10T09:15:00+00:00,9,london,3971.38,3988.47,3971.04,3987.02,17.429999999999836,15.639999999999873,0.3400000000001455,1.449999999999818,0.0195065978198593,0.021739130434792,0.9168100975329988,13.400000000000093,2.5799999999999272,1.4715336482915706,9.106145833333338,0.9563492063492064,4059.05,3984.44,4021.745,74.61000000000013,1,0,37,3971.72,4001.335,1.6235000000001492,0,1,7.09,6.390000000000001
prev_day_low_sweep_rejection,LONG,2025-10-23T02:30:00+00:00,2025-10-23T02:45:00+0000,2025-10-23T03:45:00+00:00,4,4088.48,4079.8,-8.68,0,48.93,16.46,4080.37,pdh=4372.28;pdl=4080.37,-9.03,2025-10-23 02:30:00+00:00,2025-10-23 02:45:00+00:00,2025-10-23T02:30:00+00:00,2,asia,4077.29,4092.59,4073.42,4088.5,19.170000000000076,11.210000000000036,3.869999999999891,4.0900000000001455,0.201877934272294,0.345227475468321,0.786645800730301,6.949999999999818,8.13000000000011,0.3862318085512741,17.99437499999996,0.6746031746031746,4372.28,4080.37,4226.325,291.90999999999985,1,0,4,4087.6,4206.2295,-26.170499999999265,0,0,-9.379999999999999,-10.08
prev_day_low_sweep_rejection,LONG,2025-10-27T09:00:00+00:00,2025-10-27T09:15:00+0000,2025-10-27T10:15:00+00:00,4,4048.52,4042.62,-5.9,0,1.27,77.44,4043.96,pdh=4143.97;pdl=4043.96,-6.25,2025-10-27 09:00:00+00:00,2025-10-27 09:15:00+00:00,2025-10-27T09:00:00+00:00,9,london,4058.9,4061.4,4024.36,4048.5,37.03999999999997,10.400000000000093,24.139999999999876,2.5,0.6517278617710556,2.321153846153813,0.6517278617710556,19.59999999999991,4.539999999999964,1.667907669396868,11.75124999999998,0.4722222222222222,4143.97,4043.96,4093.965,100.01000000000022,1,0,0,4043.21,4092.964000000001,-6.875499999999192,0,0,-6.6000000000000005,-7.300000000000001
prev_day_low_sweep_rejection,LONG,2025-10-29T06:30:00+00:00,2025-10-29T06:45:00+0000,2025-10-29T07:45:00+00:00,4,3971.94,3993.8,21.86,1,58.11,0.59,3971.08,pdh=4097.55;pdl=3971.08,21.509999999999998,2025-10-29 06:30:00+00:00,2025-10-29 06:45:00+00:00,2025-10-29T06:30:00+00:00,6,asia,3968.46,3973.65,3965.77,3972.13,7.880000000000109,3.6700000000000728,2.6900000000000546,1.5199999999999818,0.3413705583756367,0.7329700272479568,0.8071065989847765,5.309999999999945,1.050000000000182,0.5020435900213667,10.576770833333327,0.0912698412698412,4097.55,3971.08,4034.315,126.47000000000024,1,0,26,3951.82,4022.5365000000006,-25.073499999999058,0,0,21.16,20.46
prev_day_low_sweep_rejection,LONG,2025-11-04T02:15:00+00:00,2025-11-04T02:30:00+0000,2025-11-04T03:30:00+00:00,4,3979.23,3995.34,16.11,1,21.26,12.56,3977.65,pdh=3998.77;pdl=3977.65,15.76,2025-11-04 02:15:00+00:00,2025-11-04 02:30:00+00:00,2025-11-04T02:15:00+00:00,2,asia,3983.98,3983.98,3975.51,3979.21,8.4699999999998,4.769999999999982,3.699999999999818,0.0,0.4368358913813348,0.7756813417190423,0.4368358913813348,2.1399999999998727,1.5599999999999454,0.2681249265866907,7.981354166666648,0.0039682539682539,3998.77,3977.65,3988.21,21.11999999999989,1,0,0,3986.29,3993.5615,-1.4960000000000946,0,0,15.41,14.709999999999999
prev_day_low_sweep_rejection,LONG,2025-11-05T04:30:00+00:00,2025-11-05T04:45:00+0000,2025-11-05T05:45:00+00:00,4,3964.3,3967.15,2.85,1,22.94,8.31,3962.43,pdh=4030.63;pdl=3962.43,2.5,2025-11-05 04:30:00+00:00,2025-11-05 04:45:00+00:00,2025-11-05T04:30:00+00:00,4,asia,3961.27,3964.47,3959.94,3964.29,4.529999999999745,3.019999999999982,1.3299999999999272,0.1799999999998363,0.2935982339955854,0.440397350993356,0.9602649006622856,2.4899999999997817,1.8600000000001276,0.3081881825096745,8.079479166666673,0.2023809523809523,4030.63,3962.43,3996.53,68.20000000000027,1,0,18,3970.14,3991.9615,-6.906000000000404,0,0,2.1500000000000004,1.4500000000000002
prev_day_low_sweep_rejection,LONG,2025-11-14T16:30:00+00:00,2025-11-14T16:45:00+0000,2025-11-14T17:45:00+00:00,4,4099.7,4100.14,0.44,1,11.48,25.55,4098.8,pdh=4211.71;pdl=4098.80,0.09000000000000002,2025-11-14 16:30:00+00:00,2025-11-14 16:45:00+00:00,2025-11-14T16:30:00+00:00,16,new_york,4083.04,4103.14,4082.52,4099.66,20.620000000000346,16.61999999999989,0.5199999999999818,3.480000000000473,0.025218234723568,0.0312876052948246,0.8312318137730158,16.2800000000002,0.8599999999996726,1.4494060039507262,11.232187499999933,0.988095238095238,4211.71,4098.8,4155.255,112.90999999999984,1,0,13,4104.89,4165.775,-0.6520000000000437,0,0,-0.25999999999999995,-0.96
prev_day_low_sweep_rejection,LONG,2025-11-17T21:00:00+00:00,2025-11-17T21:15:00+0000,2025-11-17T23:00:00+00:00,4,4039.57,4050.01,10.44,1,15.78,31.34,4031.88,pdh=4211.08;pdl=4031.88,10.09,2025-11-17 21:00:00+00:00,2025-11-17 21:15:00+00:00,2025-11-17T21:00:00+00:00,21,late_us,4030.37,4043.7,4029.57,4039.66,14.129999999999654,9.289999999999964,0.7999999999997272,4.039999999999964,0.056617126680803,0.0861141011840398,0.7140835102618498,2.309999999999945,7.779999999999745,0.2384234122845639,9.688645833333288,0.4087301587301587,4211.08,4031.88,4121.48,179.19999999999982,1,0,5,4040.18,4141.776,-13.518000000000027,0,0,9.74,9.04
prev_day_low_sweep_rejection,LONG,2025-11-18T14:15:00+00:00,2025-11-18T14:30:00+0000,2025-11-18T15:30:00+00:00,4,4077.11,4067.79,-9.32,0,4.89,36.78,4074.15,pdh=4106.62;pdl=4074.15,-9.67,2025-11-18 14:15:00+00:00,2025-11-18 14:30:00+00:00,2025-11-18T14:15:00+00:00,14,new_york,4063.72,4077.4,4063.72,4077.06,13.680000000000293,13.340000000000146,0.0,0.3400000000001455,0.0,0.0,0.9751461988303992,10.430000000000293,2.9099999999998545,1.0595891933077544,9.843437499999991,0.496031746031746,4106.62,4074.15,4090.385,32.4699999999998,1,0,57,4032.12,4105.5645,-28.41850000000068,0,0,-10.02,-10.72
prev_day_low_sweep_rejection,LONG,2025-11-21T03:15:00+00:00,2025-11-21T03:30:00+0000,2025-11-21T04:30:00+00:00,4,4057.75,4059.77,2.02,1,6.57,35.76,4055.49,pdh=4132.33;pdl=4055.49,1.67,2025-11-21 03:15:00+00:00,2025-11-21 03:30:00+00:00,2025-11-21T03:15:00+00:00,3,asia,4054.88,4059.06,4052.27,4057.72,6.789999999999964,2.8399999999996908,2.6100000000001278,1.3400000000001455,0.3843888070692403,0.9190140845071872,0.80265095729011,3.2199999999998,2.230000000000018,0.3080940468240575,10.451354166666638,0.7777777777777778,4132.33,4055.49,4093.91,76.84000000000015,1,0,1,4073.64,4065.531,-1.211500000000342,1,0,1.32,0.6200000000000001
prev_day_low_sweep_rejection,LONG,2025-12-02T06:45:00+00:00,2025-12-02T07:00:00+0000,2025-12-02T08:00:00+00:00,4,4209.26,4214.05,4.79,1,9.93,28.1,4205.78,pdh=4230.48;pdl=4205.78,4.44,2025-12-02 06:45:00+00:00,2025-12-02 07:00:00+00:00,2025-12-02T06:45:00+00:00,6,asia,4205.23,4210.34,4203.24,4209.23,7.100000000000364,4.0,1.9899999999997815,1.110000000000582,0.2802816901407999,0.4974999999999454,0.843661971830912,2.539999999999964,3.449999999999818,0.3391848657671361,7.488541666666738,0.6865079365079365,4230.48,4205.78,4218.129999999999,24.699999999999815,1,0,22,4218.61,4198.133,9.82799999999952,1,1,4.09,3.39
prev_day_low_sweep_rejection,LONG,2025-12-03T13:15:00+00:00,2025-12-03T13:30:00+0000,2025-12-03T14:30:00+00:00,4,4219.27,4227.3,8.03,1,22.15,24.13,4215.79,pdh=4264.54;pdl=4215.79,7.68,2025-12-03 13:15:00+00:00,2025-12-03 13:30:00+00:00,2025-12-03T13:15:00+00:00,13,new_york,4212.68,4220.71,4211.3,4219.27,9.409999999999854,6.5900000000001455,1.3800000000001091,1.4399999999995998,0.1466524973432657,0.2094081942336993,0.8469713071201251,4.489999999999782,3.480000000000473,0.6757913550632256,6.644062500000028,0.0793650793650793,4264.54,4215.79,4240.165,48.75,1,0,53,4213.35,4215.6625,5.829000000000633,0,1,7.329999999999999,6.629999999999999
prev_day_low_sweep_rejection,LONG,2025-12-05T21:30:00+00:00,2025-12-05T21:45:00+0000,2025-12-07T23:30:00+00:00,4,4195.32,4197.82,2.5,1,17.75,1.66,4194.53,pdh=4241.42;pdl=4194.53,2.15,2025-12-05 21:30:00+00:00,2025-12-05 21:45:00+00:00,2025-12-05T21:30:00+00:00,21,late_us,4198.86,4198.87,4191.95,4195.4,6.920000000000073,3.4600000000000364,3.449999999999818,0.0100000000002182,0.4985549132947661,0.9971098265895324,0.4985549132947661,2.5799999999999272,0.8699999999998909,0.4291878216569116,6.01135416666681,0.3174603174603174,4241.42,4194.53,4217.975,46.89000000000033,1,0,0,4202.34,4207.452,0.397000000000844,0,1,1.8,1.1
prev_day_low_sweep_rejection,LONG,2025-12-08T16:30:00+00:00,2025-12-08T16:45:00+0000,2025-12-08T17:45:00+00:00,4,4196.54,4187.99,-8.55,0,1.18,12.37,4191.95,pdh=4259.16;pdl=4191.95,-8.9,2025-12-08 16:30:00+00:00,2025-12-08 16:45:00+00:00,2025-12-08T16:30:00+00:00,16,new_york,4185.09,4196.82,4184.69,4196.31,12.13000000000011,11.220000000000256,0.4000000000005457,0.5099999999993088,0.0329760923331032,0.0356506238859658,0.9579554822754076,7.260000000000218,4.360000000000582,1.0373126553453926,6.998854166666717,0.984126984126984,4259.16,4191.95,4225.555,67.21000000000004,1,0,6,4191.43,4206.5505,-1.3504999999995562,0,0,-9.25,-9.950000000000001
prev_day_low_sweep_rejection,LONG,2025-12-16T13:15:00+00:00,2025-12-16T13:30:00+0000,2025-12-16T14:30:00+00:00,4,4295.09,4327.61,32.52,1,39.8,3.88,4294.53,pdh=4308.24;pdl=4294.53,32.17,2025-12-16 13:15:00+00:00,2025-12-16 13:30:00+00:00,2025-12-16T13:15:00+00:00,13,new_york,4294.13,4297.6,4290.84,4295.07,6.760000000000218,0.9399999999995998,3.289999999999964,2.530000000000655,0.4866863905325232,3.5000000000014517,0.6257396449703294,3.6899999999996,0.5399999999999636,0.5238067072809464,7.044583333333397,0.5912698412698413,4308.24,4294.53,4301.385,13.710000000000036,1,0,41,4294.42,4296.204,10.042499999999563,0,1,31.820000000000004,31.120000000000005
prev_day_low_sweep_rejection,LONG,2025-12-31T06:30:00+00:00,2025-12-31T06:45:00+0000,2025-12-31T07:45:00+00:00,4,4306.25,4331.45,25.2,1,30.88,3.18,4303.02,pdh=4526.16;pdl=4303.02,24.849999999999998,2025-12-31 06:30:00+00:00,2025-12-31 06:45:00+00:00,2025-12-31T06:30:00+00:00,6,asia,4296.59,4308.73,4292.51,4306.67,16.219999999999345,10.079999999999927,4.079999999999927,2.0599999999994907,0.2515413070283657,0.4047619047619005,0.8729963008631582,10.510000000000218,3.649999999999636,0.9915191776648952,10.599895833333337,0.5714285714285714,4526.16,4303.02,4414.59,223.13999999999945,1,0,2,4332.77,4430.6835,-22.94650000000001,0,0,24.5,23.8
prev_day_low_sweep_rejection,LONG,2026-01-08T06:00:00+00:00,2026-01-08T06:15:00+0000,2026-01-08T07:15:00+00:00,4,4427.64,4434.3,6.66,1,11.99,17.94,4427.89,pdh=4500.42;pdl=4427.89,6.3100000000000005,2026-01-08 06:00:00+00:00,2026-01-08 06:15:00+00:00,2026-01-08T06:00:00+00:00,6,asia,4419.15,4429.28,4417.86,4427.98,11.420000000000073,8.829999999999927,1.2899999999999636,1.300000000000182,0.1129597197898384,0.1460928652321601,0.8861646234675855,10.030000000000657,0.089999999999236,1.251403618215938,8.01499999999993,0.7777777777777778,4500.42,4427.89,4464.155000000001,72.52999999999975,1,0,3,4431.47,4450.507,17.183499999999185,0,1,5.96,5.26
prev_day_low_sweep_rejection,LONG,2026-01-30T02:30:00+00:00,2026-01-30T02:45:00+0000,2026-01-30T03:45:00+00:00,4,5173.67,5156.98,-16.69,0,72.22,116.07,5157.21,pdh=5596.58;pdl=5157.21,-17.040000000000003,2026-01-30 02:30:00+00:00,2026-01-30 02:45:00+00:00,2026-01-30T02:30:00+00:00,2,asia,5201.38,5209.62,5112.35,5173.87,97.26999999999953,27.51000000000022,61.51999999999953,8.239999999999782,0.6324663308317038,2.2362777171937127,0.6324663308317038,44.85999999999967,16.659999999999854,1.1997793539975306,37.39020833333327,1.0,5596.58,5157.21,5376.895,439.3699999999999,1,0,0,5406.63,5271.786,40.63350000000082,1,1,-17.39,-18.09
prev_day_low_sweep_rejection,LONG,2026-02-02T03:30:00+00:00,2026-02-02T03:45:00+0000,2026-02-02T04:45:00+00:00,4,4696.22,4698.98,2.76,1,16.92,292.97,4692.11,pdh=5450.97;pdl=4692.11,2.4099999999999997,2026-02-02 03:30:00+00:00,2026-02-02 03:45:00+00:00,2026-02-02T03:30:00+00:00,3,asia,4674.51,4729.1,4673.55,4696.28,55.55000000000018,21.769999999999527,0.9600000000000364,32.82000000000062,0.0172817281728178,0.0440973817179631,0.4091809180917999,18.55999999999949,4.170000000000073,0.339806806587257,54.61927083333328,0.9603174603174603,5450.97,4692.11,5071.54,758.8600000000006,1,0,9,4766.4,5235.866,-43.22500000000037,0,0,2.0599999999999996,1.3599999999999999
prev_day_low_sweep_rejection,LONG,2026-02-06T05:45:00+00:00,2026-02-06T06:00:00+0000,2026-02-06T07:00:00+00:00,4,4866.13,4840.11,-26.02,0,36.6,40.27,4851.72,pdh=5091.67;pdl=4851.72,-26.37,2026-02-06 05:45:00+00:00,2026-02-06 06:00:00+00:00,2026-02-06T05:45:00+00:00,5,asia,4844.62,4871.18,4837.12,4865.33,34.0600000000004,20.71000000000004,7.5,5.850000000000364,0.2201996476805611,0.3621438918396903,0.8282442748091516,14.600000000000364,13.609999999999673,0.4912413517548967,29.720624999999973,0.6984126984126984,5091.67,4851.72,4971.695,239.94999999999985,1,0,23,4813.81,4914.500999999999,13.818999999998596,0,1,-26.72,-27.419999999999998
prev_day_low_sweep_rejection,LONG,2026-02-13T16:30:00+00:00,2026-02-13T16:45:00+0000,2026-02-13T17:45:00+00:00,4,5025.57,5023.16,-2.41,0,24.99,19.59,5019.64,pdh=5119.17;pdl=5019.64,-2.7600000000000002,2026-02-13 16:30:00+00:00,2026-02-13 16:45:00+00:00,2026-02-13T16:30:00+00:00,16,new_york,5000.22,5033.83,4998.59,5025.6,35.23999999999978,25.38000000000011,1.6300000000001091,8.229999999999563,0.0462542565266776,0.0642237982663554,0.7664585698070484,21.050000000000185,5.960000000000036,1.0929091784252245,19.26052083333327,1.0,5119.17,5019.64,5069.405000000001,99.52999999999976,1,0,66,5007.87,5022.878500000001,-6.612499999999272,0,0,-3.1100000000000003,-3.81
prev_day_low_sweep_rejection,LONG,2026-02-18T14:45:00+00:00,2026-02-18T15:00:00+0000,2026-02-18T16:00:00+00:00,4,4983.53,4998.63,15.1,1,27.36,10.54,4966.34,pdh=5031.10;pdl=4966.34,14.75,2026-02-18 14:45:00+00:00,2026-02-18 15:00:00+00:00,2026-02-18T14:45:00+00:00,14,new_york,4960.35,4985.91,4960.35,4983.51,25.55999999999949,23.15999999999985,0.0,2.399999999999636,0.0,0.0,0.9061032863849888,5.989999999999782,17.170000000000073,0.507398681737547,11.805312499999994,0.3611111111111111,5031.1,4966.34,4998.72,64.76000000000022,1,0,59,4942.92,4959.556500000001,-4.646499999998923,0,0,14.4,13.7
prev_day_low_sweep_rejection,LONG,2026-02-24T14:15:00+00:00,2026-02-24T14:30:00+0000,2026-02-24T15:30:00+00:00,4,5106.61,5138.83,32.22,1,63.36,6.15,5098.86,pdh=5171.70;pdl=5098.86,31.869999999999997,2026-02-24 14:15:00+00:00,2026-02-24 14:30:00+00:00,2026-02-24T14:15:00+00:00,14,new_york,5116.37,5127.2,5094.16,5106.62,33.039999999999964,9.75,12.460000000000036,10.829999999999927,0.3771186440677981,1.2779487179487217,0.3771186440677981,4.699999999999818,7.760000000000218,0.3890325918261627,12.081249999999974,0.9722222222222222,5171.7,5098.86,5135.28,72.84000000000015,1,0,0,5150.64,5103.9045,26.48449999999957,1,1,31.52,30.82
prev_day_low_sweep_rejection,LONG,2026-03-03T06:30:00+00:00,2026-03-03T06:45:00+0000,2026-03-03T07:45:00+00:00,4,5316.26,5325.83,9.57,1,19.5,241.77,5304.95,pdh=5392.89;pdl=5304.95,9.22,2026-03-03 06:30:00+00:00,2026-03-03 06:45:00+00:00,2026-03-03T06:30:00+00:00,6,asia,5294.24,5319.4,5292.55,5316.31,26.84999999999945,22.07000000000062,1.6899999999995998,3.089999999999236,0.0629422718808057,0.0765745355686249,0.8849162011173446,12.399999999999636,11.360000000000582,0.7223783140864787,17.1655208333333,0.873015873015873,5392.89,5304.95,5348.92,87.94000000000051,1,0,1,5360.59,5262.5245,24.4975000000004,1,1,8.870000000000001,8.17
prev_day_low_sweep_rejection,LONG,2026-03-06T08:45:00+00:00,2026-03-06T09:00:00+0000,2026-03-06T10:00:00+00:00,4,5109.67,5085.46,-24.21,0,27.67,46.95,5105.89,pdh=5206.01;pdl=5105.89,-24.560000000000002,2026-03-06 08:45:00+00:00,2026-03-06 09:00:00+00:00,2026-03-06T08:45:00+00:00,8,london,5099.0,5109.66,5096.23,5109.66,13.430000000000293,10.659999999999854,2.770000000000437,0.0,0.2062546537602663,0.2598499061914141,1.0,9.660000000000764,3.769999999999527,0.6683964711988076,14.452499999999995,0.2817460317460317,5206.01,5105.89,5155.950000000001,100.11999999999988,1,0,35,5108.46,5157.375,-32.55450000000019,0,0,-24.91,-25.61
prev_day_low_sweep_rejection,LONG,2026-03-12T15:30:00+00:00,2026-03-12T15:45:00+0000,2026-03-12T16:45:00+00:00,4,5125.65,5133.85,8.2,1,12.0,70.55,5124.74,pdh=5238.46;pdl=5124.74,7.85,2026-03-12 15:30:00+00:00,2026-03-12 15:45:00+00:00,2026-03-12T15:30:00+00:00,15,new_york,5120.93,5132.35,5118.12,5125.61,14.230000000000471,4.6799999999993815,2.8100000000004,6.740000000000691,0.1974701335207524,0.6004273504275153,0.5263527758256875,6.619999999999891,0.8699999999998909,0.6753451005812604,9.802395833333426,0.0476190476190476,5238.46,5124.74,5181.6,113.72000000000024,1,0,1,5181.25,5164.822,9.52350000000024,1,1,7.499999999999999,6.799999999999999
prev_day_low_sweep_rejection,LONG,2026-03-13T02:00:00+00:00,2026-03-13T02:15:00+0000,2026-03-13T03:15:00+00:00,4,5127.79,5112.2,-15.59,0,0.18,61.24,5127.02,pdh=5222.93;pdl=5127.02,-15.94,2026-03-13 02:00:00+00:00,2026-03-13 02:15:00+00:00,2026-03-13T02:00:00+00:00,2,asia,5111.18,5128.3,5108.8,5127.8,19.5,16.61999999999989,2.380000000000109,0.5,0.1220512820512876,0.143200962695555,0.9743589743589745,18.22000000000025,0.7799999999997453,1.8457057836588853,9.871562500000048,0.1269841269841269,5222.93,5127.02,5174.975,95.90999999999984,1,0,8,5113.36,5165.817000000001,0.9950000000008004,0,1,-16.29,-16.99
prev_day_low_sweep_rejection,LONG,2026-03-16T02:00:00+00:00,2026-03-16T02:15:00+0000,2026-03-16T03:15:00+00:00,4,5016.16,4999.82,-16.34,0,19.63,28.31,5009.43,pdh=5128.30;pdl=5009.43,-16.69,2026-03-16 02:00:00+00:00,2026-03-16 02:15:00+00:00,2026-03-16T02:00:00+00:00,2,asia,5004.32,5018.39,5002.34,5016.15,16.050000000000182,11.829999999999927,1.9799999999995637,2.240000000000691,0.1233644859812798,0.1673710904479776,0.8604361370716096,7.0900000000001455,6.719999999999345,0.5304776824335482,13.365312500000025,1.0,5128.3,5009.43,5068.865,118.86999999999988,1,0,8,5025.51,5134.4945,-25.23300000000017,0,0,-17.04,-17.74
prev_day_low_sweep_rejection,LONG,2026-03-18T10:45:00+00:00,2026-03-18T11:00:00+0000,2026-03-18T12:00:00+00:00,4,4976.14,4928.82,-47.32,0,3.98,142.01,4970.1,pdh=5037.59;pdl=4970.10,-47.67,2026-03-18 10:45:00+00:00,2026-03-18 11:00:00+00:00,2026-03-18T10:45:00+00:00,10,london,4983.66,4983.94,4962.69,4976.06,21.25,7.599999999999454,13.3700000000008,0.2799999999997453,0.629176470588273,1.7592105263160212,0.629176470588273,7.410000000000764,5.960000000000036,0.8721708638827776,8.496041666666693,0.0912698412698412,5037.59,4970.1,5003.845,67.48999999999978,1,0,0,4987.39,5024.2265,-16.85149999999976,0,0,-48.02,-48.72
prev_day_low_sweep_rejection,LONG,2026-03-23T14:15:00+00:00,2026-03-23T14:30:00+0000,2026-03-23T15:30:00+00:00,4,4481.45,4448.21,-33.24,0,31.23,130.23,4477.35,pdh=4735.65;pdl=4477.35,-33.59,2026-03-23 14:15:00+00:00,2026-03-23 14:30:00+00:00,2026-03-23T14:15:00+00:00,14,new_york,4465.55,4482.23,4453.55,4481.3,28.67999999999938,15.75,12.0,0.9299999999993817,0.4184100418410132,0.7619047619047619,0.9675732217573432,23.800000000000185,3.949999999999818,0.6372546285191576,37.34770833333334,1.0,4735.65,4477.35,4606.5,258.2999999999993,1,0,57,4478.45,4652.824,-94.9905000000008,0,0,-33.940000000000005,-34.64
prev_day_low_sweep_rejection,LONG,2026-03-24T20:30:00+00:00,2026-03-24T20:45:00+0000,2026-03-24T22:45:00+00:00,4,4464.29,4470.26,5.97,1,137.84,17.16,4449.75,pdh=4536.11;pdl=4449.75,5.62,2026-03-24 20:30:00+00:00,2026-03-24 20:45:00+00:00,2026-03-24T20:30:00+00:00,20,new_york,4399.65,4483.96,4398.9,4465.44,85.0600000000004,65.78999999999996,0.75,18.52000000000044,0.0088173054314601,0.0113999088007296,0.78227133787914,50.85000000000037,15.6899999999996,2.084096468870484,24.39906250000006,0.369047619047619,4536.11,4449.75,4492.93,86.35999999999967,1,0,82,4473.98,4483.6545,-42.97749999999997,0,0,5.27,4.57
prev_day_low_sweep_rejection,LONG,2026-03-27T15:00:00+00:00,2026-03-27T15:15:00+0000,2026-03-27T16:15:00+00:00,4,4506.78,4528.94,22.16,1,48.2,30.98,4486.85,pdh=4602.13;pdl=4486.85,21.81,2026-03-27 15:00:00+00:00,2026-03-27 15:15:00+00:00,2026-03-27T15:00:00+00:00,15,new_york,4465.94,4514.25,4465.04,4507.26,49.21000000000004,41.32000000000062,0.8999999999996362,6.989999999999782,0.0182889656573793,0.0217812197482967,0.8579557000609678,21.8100000000004,20.40999999999985,1.375473817673012,15.856354166666684,0.1309523809523809,4602.13,4486.85,4544.49,115.27999999999976,1,0,60,4437.71,4467.449,10.16899999999896,0,1,21.46,20.76
prev_day_low_sweep_rejection,LONG,2026-04-07T15:15:00+00:00,2026-04-07T15:30:00+0000,2026-04-07T16:30:00+00:00,4,4619.75,4655.52,35.77,1,98.71,9.26,4614.25,pdh=4665.48;pdl=4614.25,35.42,2026-04-07 15:15:00+00:00,2026-04-07 15:30:00+00:00,2026-04-07T15:15:00+00:00,15,new_york,4637.42,4639.38,4607.48,4619.7,31.900000000000546,17.720000000000255,12.220000000000256,1.9600000000000364,0.383072100313481,0.6896162528216749,0.383072100313481,6.770000000000437,5.449999999999818,0.5082503088978545,13.32020833333332,0.242063492063492,4665.48,4614.25,4639.865,51.22999999999956,1,0,0,4659.57,4678.331,-6.756499999999505,0,0,35.07,34.370000000000005
prev_day_low_sweep_rejection,LONG,2026-04-13T07:30:00+00:00,2026-04-13T07:45:00+0000,2026-04-13T08:45:00+00:00,4,4731.77,4734.26,2.49,1,8.01,28.3,4730.72,pdh=4794.85;pdl=4730.72,2.14,2026-04-13 07:30:00+00:00,2026-04-13 07:45:00+00:00,2026-04-13T07:30:00+00:00,7,london,4730.08,4732.0,4725.17,4731.93,6.829999999999927,1.850000000000364,4.909999999999855,0.0699999999997089,0.7188872620790493,2.6540540540534536,0.989751098096675,5.550000000000182,1.2100000000000364,0.517532782904338,10.723958333333362,0.4444444444444444,4794.85,4730.72,4762.785,64.13000000000011,1,0,30,4717.94,4753.5485,-2.570999999999003,0,0,1.7900000000000003,1.0900000000000003
prev_day_low_sweep_rejection,LONG,2026-04-17T03:00:00+00:00,2026-04-17T03:15:00+0000,2026-04-17T04:15:00+00:00,4,4790.35,4794.16,3.81,1,15.66,11.72,4786.22,pdh=4871.36;pdl=4786.22,3.46,2026-04-17 03:00:00+00:00,2026-04-17 03:15:00+00:00,2026-04-17T03:00:00+00:00,3,asia,4777.9,4791.15,4775.11,4790.61,16.039999999999964,12.710000000000036,2.789999999999964,0.5399999999999636,0.1739401496259333,0.2195121951219477,0.9663341645885308,11.110000000000582,4.389999999999418,1.3701248651149207,8.108749999999977,0.3253968253968254,4871.36,4786.22,4828.79,85.13999999999942,1,0,7,4791.78,4801.783,11.89050000000043,0,1,3.1100000000000003,2.41
prev_day_low_sweep_rejection,LONG,2026-04-20T02:00:00+00:00,2026-04-20T02:15:00+0000,2026-04-20T03:15:00+00:00,4,4777.84,4799.88,22.04,1,36.29,1.77,4767.46,pdh=4889.39;pdl=4767.46,21.689999999999998,2026-04-20 02:00:00+00:00,2026-04-20 02:15:00+00:00,2026-04-20T02:00:00+00:00,2,asia,4764.81,4778.69,4759.35,4777.71,19.33999999999924,12.899999999999636,5.460000000000036,0.9799999999995634,0.2823164426060109,0.4232558139535031,0.9493278179938158,8.109999999999673,10.25,0.7202686575448578,11.259687500000078,1.0,4889.39,4767.46,4828.425,121.93000000000028,1,0,5,4754.9,4812.562,0.7560000000003129,0,1,21.34,20.64
prev_day_low_sweep_rejection,LONG,2026-04-23T19:00:00+00:00,2026-04-23T19:15:00+0000,2026-04-23T20:15:00+00:00,4,4710.2,4696.08,-14.12,0,11.75,23.88,4668.36,pdh=4830.47;pdl=4668.36,-14.469999999999999,2026-04-23 19:00:00+00:00,2026-04-23 19:15:00+00:00,2026-04-23T19:00:00+00:00,19,new_york,4676.04,4713.41,4664.15,4710.04,49.26000000000022,34.0,11.890000000000327,3.369999999999891,0.2413723101908297,0.3497058823529508,0.9315874949248908,4.210000000000036,41.68000000000029,0.4036876854080782,10.42885416666661,0.9404761904761904,4830.47,4668.36,4749.415,162.11000000000058,1,0,0,4720.5,4755.4130000000005,-8.764499999999316,0,0,-14.819999999999999,-15.52
prev_day_low_sweep_rejection,LONG,2026-04-24T15:15:00+00:00,2026-04-24T15:30:00+0000,2026-04-24T16:30:00+00:00,4,4728.33,4723.18,-5.15,0,5.43,23.0,4719.41,pdh=4771.88;pdl=4719.41,-5.5,2026-04-24 15:15:00+00:00,2026-04-24 15:30:00+00:00,2026-04-24T15:15:00+00:00,15,new_york,4710.66,4740.06,4706.69,4728.25,33.3700000000008,17.590000000000146,3.970000000000255,11.8100000000004,0.1189691339526568,0.2256964184195691,0.6460893017680517,12.720000000000256,8.840000000000146,1.208754442057775,10.523229166666653,0.9087301587301588,4771.88,4719.41,4745.645,52.470000000000255,1,0,61,4706.66,4726.4875,-17.98149999999987,0,0,-5.8500000000000005,-6.550000000000001
prev_day_low_sweep_rejection,LONG,2026-04-30T06:30:00+00:00,2026-04-30T06:45:00+0000,2026-04-30T07:45:00+00:00,4,4555.87,4576.45,20.58,1,90.91,0.0,4554.77,pdh=4701.03;pdl=4554.77,20.229999999999997,2026-04-30 06:30:00+00:00,2026-04-30 06:45:00+00:00,2026-04-30T06:30:00+00:00,6,asia,4551.72,4558.67,4551.63,4556.02,7.039999999999964,4.300000000000182,0.0900000000001455,2.649999999999636,0.0127840909091116,0.0209302325581724,0.6235795454545952,3.1400000000003274,1.25,0.3260185375455932,9.631354166666682,0.8849206349206349,4701.03,4554.77,4627.9,146.2599999999993,1,0,26,4555.88,4622.107,-24.39300000000003,0,0,19.88,19.18
prev_day_low_sweep_rejection,LONG,2026-05-04T11:45:00+00:00,2026-05-04T12:00:00+0000,2026-05-04T13:00:00+00:00,4,4560.61,4559.54,-1.07,0,22.39,60.01,4560.18,pdh=4659.96;pdl=4560.18,-1.42,2026-05-04 11:45:00+00:00,2026-05-04 12:00:00+00:00,2026-05-04T11:45:00+00:00,11,london,4545.26,4563.89,4543.78,4560.61,20.110000000000586,15.349999999999454,1.480000000000473,3.280000000000655,0.0735952262556156,0.0964169381107834,0.8368970661362228,16.400000000000546,0.4299999999993815,1.621771958920109,10.112395833333332,0.9166666666666666,4659.96,4560.18,4610.07,99.77999999999976,1,0,2,4578.72,4594.3585,1.0525000000006912,0,1,-1.77,-2.4699999999999998
prev_day_low_sweep_rejection,LONG,2026-05-11T02:15:00+00:00,2026-05-11T02:30:00+0000,2026-05-11T03:30:00+00:00,4,4691.04,4691.83,0.79,1,14.21,43.13,4686.55,pdh=4749.14;pdl=4686.55,0.44000000000000006,2026-05-11 02:15:00+00:00,2026-05-11 02:30:00+00:00,2026-05-11T02:15:00+00:00,2,asia,4677.24,4699.58,4675.03,4691.92,24.550000000000185,14.680000000000293,2.2100000000000364,7.6599999999998545,0.0900203665987788,0.1505449591280649,0.6879837067209859,11.520000000000437,5.369999999999891,1.2005601571914335,9.59552083333341,0.3968253968253968,4749.14,4686.55,4717.845,62.59000000000015,1,0,5,4691.48,4699.699,22.22099999999955,0,1,0.09000000000000008,-0.6099999999999999
prev_day_low_sweep_rejection,LONG,2026-05-12T15:45:00+00:00,2026-05-12T16:00:00+0000,2026-05-12T17:00:00+00:00,4,4682.59,4669.09,-13.5,0,36.37,44.09,4678.79,pdh=4701.72;pdl=4678.79,-13.85,2026-05-12 15:45:00+00:00,2026-05-12 16:00:00+00:00,2026-05-12T15:45:00+00:00,15,new_york,4680.6,4687.65,4671.75,4682.57,15.899999999999636,1.9699999999993447,8.850000000000364,5.079999999999927,0.5566037735849413,4.492385786803708,0.6805031446540853,7.039999999999964,3.779999999999745,0.7514927779569227,9.368020833333295,0.3293650793650793,4701.72,4678.79,4690.255,22.93000000000029,1,0,3,4706.38,4712.0405,-0.7609999999995125,0,0,-14.2,-14.9
prev_day_low_sweep_rejection,LONG,2026-05-19T11:45:00+00:00,2026-05-19T12:00:00+0000,2026-05-19T13:00:00+00:00,4,4531.1,4528.68,-2.42,0,16.61,66.26,4528.3,pdh=4554.72;pdl=4528.30,-2.77,2026-05-19 11:45:00+00:00,2026-05-19 12:00:00+00:00,2026-05-19T11:45:00+00:00,11,london,4539.78,4542.72,4525.37,4530.64,17.350000000000364,9.139999999999418,5.270000000000437,2.9400000000005093,0.3037463976945433,0.5765864332604783,0.3037463976945433,2.930000000000291,2.340000000000145,0.2972387484017156,9.857395833333348,0.242063492063492,4554.72,4528.3,4541.51,26.420000000000076,1,0,0,4557.03,4584.96,-18.79849999999988,0,0,-3.12,-3.82
prev_day_low_sweep_rejection,LONG,2026-05-20T03:00:00+00:00,2026-05-20T03:15:00+0000,2026-05-20T04:15:00+00:00,4,4482.21,4459.17,-23.04,0,4.44,28.75,4480.4,pdh=4583.98;pdl=4480.40,-23.39,2026-05-20 03:00:00+00:00,2026-05-20 03:15:00+00:00,2026-05-20T03:00:00+00:00,3,asia,4463.82,4488.13,4463.0,4482.07,25.13000000000011,18.25,0.819999999999709,6.0600000000004,0.0326303223239039,0.0449315068492991,0.7588539594110476,17.399999999999636,1.6700000000000728,1.6524216524216029,10.530000000000095,0.376984126984127,4583.98,4480.4,4532.19,103.57999999999991,1,0,12,4489.12,4549.168,-27.67599999999948,0,0,-23.74,-24.439999999999998
prev_day_low_sweep_rejection,LONG,2026-05-26T02:00:00+00:00,2026-05-26T02:15:00+0000,2026-05-26T03:15:00+00:00,4,4547.24,4538.83,-8.41,0,1.92,24.33,4542.18,pdh=4567.81;pdl=4542.18,-8.76,2026-05-26 02:00:00+00:00,2026-05-26 02:15:00+00:00,2026-05-26T02:00:00+00:00,2,asia,4547.85,4551.49,4539.57,4546.94,11.920000000000073,0.910000000000764,7.369999999999891,3.639999999999418,0.6182885906040139,8.09890109889418,0.6182885906040139,2.610000000000582,4.759999999999309,0.3871326596830395,6.741874999999975,0.0873015873015873,4567.81,4542.18,4554.995000000001,25.63000000000011,1,0,2,4559.63,4538.3045,6.3604999999997744,1,1,-9.11,-9.81
prev_day_low_sweep_rejection,LONG,2026-05-28T17:15:00+00:00,2026-05-28T17:30:00+0000,2026-05-28T18:30:00+00:00,4,4485.09,4504.18,19.09,1,31.43,0.05,4482.44,pdh=4580.16;pdl=4482.44,18.74,2026-05-28 17:15:00+00:00,2026-05-28 17:30:00+00:00,2026-05-28T17:15:00+00:00,17,new_york,4480.51,4486.4,4477.74,4485.08,8.659999999999854,4.569999999999709,2.770000000000437,1.319999999999709,0.3198614318707255,0.6061269146609657,0.8475750577367516,4.699999999999818,2.6400000000003274,0.4923829062813557,9.545416666666654,0.7896825396825397,4580.16,4482.44,4531.299999999999,97.72000000000024,1,0,69,4482.0,4488.241,-21.72050000000036,0,0,18.39,17.69
prev_day_low_sweep_rejection,LONG,2026-06-01T18:45:00+00:00,2026-06-01T19:00:00+0000,2026-06-01T20:00:00+00:00,4,4494.46,4485.38,-9.08,0,2.53,17.69,4489.09,pdh=4595.24;pdl=4489.09,-9.43,2026-06-01 18:45:00+00:00,2026-06-01 19:00:00+00:00,2026-06-01T18:45:00+00:00,18,new_york,4484.18,4494.59,4480.48,4494.44,14.110000000000582,10.259999999999309,3.700000000000728,0.1500000000005457,0.2622253720765822,0.3606237816765085,0.9893692416725344,8.610000000000582,5.349999999999454,0.984644707844492,8.744270833333303,0.0793650793650793,4595.24,4489.09,4542.165,106.14999999999964,1,0,32,4473.95,4485.8845,3.775500000000648,0,1,-9.78,-10.48
prev_day_low_sweep_rejection,LONG,2026-06-02T06:15:00+00:00,2026-06-02T06:30:00+0000,2026-06-02T07:30:00+00:00,4,4518.57,4535.01,16.44,1,22.89,2.58,4517.86,pdh=4540.03;pdl=4517.86,16.09,2026-06-02 06:15:00+00:00,2026-06-02 06:30:00+00:00,2026-06-02T06:15:00+00:00,6,asia,4516.97,4518.97,4515.0,4518.65,3.970000000000255,1.6799999999993815,1.9700000000002549,0.3200000000006184,0.4962216624685461,1.172619047619631,0.9193954659948116,2.8599999999996726,0.7899999999999636,0.337624967720477,8.470937499999982,0.0753968253968253,4540.03,4517.86,4528.945,22.170000000000076,1,0,25,4499.09,4492.400500000001,6.516000000000531,1,1,15.740000000000002,15.040000000000001
prev_day_low_sweep_rejection,LONG,2026-06-03T10:15:00+00:00,2026-06-03T10:30:00+0000,2026-06-03T11:30:00+00:00,4,4448.98,4460.97,11.99,1,18.88,22.7,4447.54,pdh=4545.69;pdl=4447.54,11.64,2026-06-03 10:15:00+00:00,2026-06-03 10:30:00+00:00,2026-06-03T10:15:00+00:00,10,london,4444.28,4458.72,4443.91,4449.0,14.8100000000004,4.720000000000255,0.3699999999998908,9.720000000000256,0.0249831195138339,0.0783898305084472,0.343686698176908,3.630000000000109,1.4600000000000364,0.4669561022672535,7.773750000000102,0.2539682539682539,4545.69,4447.54,4496.615,98.14999999999964,1,0,1,4453.15,4509.2685,-4.141499999999724,0,0,11.290000000000001,10.59
prev_day_low_sweep_rejection,LONG,2026-06-04T02:30:00+00:00,2026-06-04T02:45:00+0000,2026-06-04T03:45:00+00:00,4,4468.43,4466.14,-2.29,0,15.34,12.94,4462.84,pdh=4541.46;pdl=4462.84,-2.64,2026-06-04 02:30:00+00:00,2026-06-04 02:45:00+00:00,2026-06-04T02:30:00+00:00,2,asia,4460.33,4473.33,4459.47,4468.01,13.859999999999673,7.680000000000291,0.8599999999996726,5.319999999999709,0.0620490620490398,0.1119791666666197,0.6161616161616281,3.369999999999891,5.170000000000073,0.3601349170126671,9.357604166666675,0.9642857142857144,4541.46,4462.84,4502.15,78.61999999999989,1,0,10,4457.11,4490.5615,-15.576000000000022,0,0,-2.99,-3.69
prev_day_low_sweep_rejection,LONG,2026-06-08T02:45:00+00:00,2026-06-08T03:00:00+0000,2026-06-08T04:00:00+00:00,4,4327.52,4312.73,-14.79,0,2.98,58.92,4311.61,pdh=4475.54;pdl=4311.61,-15.139999999999999,2026-06-08 02:45:00+00:00,2026-06-08 03:00:00+00:00,2026-06-08T02:45:00+00:00,2,asia,4302.47,4329.37,4300.89,4327.91,28.479999999999563,25.4399999999996,1.5799999999999272,1.4600000000000364,0.0554775280898859,0.0621069182389918,0.9487359550561776,10.719999999999343,16.300000000000182,0.9649507735583096,11.109375,1.0,4475.54,4311.61,4393.575,163.9300000000003,1,0,1,4343.69,4438.5365,-26.34599999999955,0,0,-15.489999999999998,-16.189999999999998
