signal_time,entry_time,exit_time,direction,entry,exit,tp,sl,gross,net_x1,net_x4,exit_reason,family,candidate,entry_time_dt,year,month,net_x2,net_x6,net_x8,date,day_open,day_high,day_low,day_close,day_range,prior_day_range,prior_day_direction,asia_open,asia_high,asia_low,asia_close,asia_range,asia_eff,asia_direction,london_open,london_high,london_low,london_close,london_range,london_eff,london_direction,early_ny_open,early_ny_high,early_ny_low,early_ny_close,early_ny_range,early_ny_eff,early_ny_direction,entry_hour,london_aligned,prior_day_aligned,timestamp,direction_num,entry_price_norm,day_open_daily,day_high_daily,day_low_daily,day_close_daily,day_atr,prior_high,prior_low,prior_range,prior_range_atr,dow,asia_open_daily,asia_high_daily,asia_low_daily,asia_close_daily,asia_atr,asia_range_daily,asia_range_atr,asia_eff_daily,asia_dir,london_open_daily,london_high_daily,london_low_daily,london_close_daily,london_atr,london_range_daily,london_range_atr,london_eff_daily,london_dir,london_range_atr_q20,london_range_atr_q30,london_range_atr_q40,london_range_atr_q60,london_range_atr_q70,london_range_atr_q80,london_eff_q20,london_eff_q30,london_eff_q40,london_eff_q60,london_eff_q70,london_eff_q80,asia_range_atr_q20,asia_range_atr_q30,asia_range_atr_q40,asia_range_atr_q60,asia_range_atr_q70,asia_range_atr_q80,prior_range_atr_q20,prior_range_atr_q30,prior_range_atr_q40,prior_range_atr_q60,prior_range_atr_q70,prior_range_atr_q80,h1_bias_at_entry,h1_atr_at_entry,h1_atr_q30_at_entry,h1_atr_q70_at_entry,h1_aligned,asia_aligned
2022-05-02 13:00:00,2022-05-02 13:01:00+00:00,2022-05-02 13:26:00,short,1880.02,1877.14277,1877.14277,1883.137,2.87723,2.52723,1.47723,tp,london_oneway_continuation,S23B_B_pb0.1_eff0.60_h180_tp0.6_sl0.65,2022-05-02 13:01:00,2022,2022-05,2.17723,0.7772300000000003,0.0772300000000001,2022-05-02 00:00:00+00:00,1897.89,1899.76,1854.43,1863.51,45.32999999999993,3.710000000000037,long,1897.89,1899.76,1884.19,1888.46,15.569999999999936,0.6056518946692423,short,1888.45,1888.45,1876.63,1880.64,11.819999999999936,0.6607445008460227,short,1880.63,1882.15,1860.41,1861.42,21.74000000000001,0.8836246550138007,short,13,True,False,2022-05-02 13:01:00+00:00,-1,,1897.03,1899.76,1854.43,1862.28,2.451406249999984,1899.53,1895.82,3.7100000000000364,1.5134170437886665,0,1897.03,1899.76,1884.19,1888.97,2.082470760233905,15.569999999999936,7.4766956143245435,0.5176621708413602,-1.0,1889.0,1889.13,1876.63,1879.42,2.3481249999999676,12.5,5.323396326856608,0.7663999999999942,-1.0,,,,,,,,,,,,,,,,,,,,,,,,,0,4.597333333333336,,,False,True
2022-05-09 13:00:00,2022-05-09 13:01:00+00:00,2022-05-09 13:17:00,short,1863.37,1860.56457,1860.56457,1866.40921,2.80543,2.45543,1.40543,tp,london_oneway_continuation,S23B_B_pb0.1_eff0.60_h180_tp0.6_sl0.65,2022-05-09 13:01:00,2022,2022-05,2.10543,0.7054300000000002,0.00543,2022-05-09 00:00:00+00:00,1881.41,1885.49,1851.49,1852.63,34.0,5.370000000000118,short,1881.41,1885.49,1873.64,1874.84,11.849999999999907,0.5544303797468535,short,1874.89,1876.02,1862.13,1863.59,13.889999999999873,0.8135349172066441,short,1863.58,1868.72,1855.98,1864.28,12.740000000000007,0.0549450549450584,long,13,True,True,2022-05-09 13:01:00+00:00,-1,,1881.01,1885.49,1851.49,1853.91,2.4567187499999896,1885.49,1880.87,4.620000000000118,1.8805571455829602,0,1881.01,1885.49,1873.64,1875.28,2.2121875000000415,11.849999999999909,5.356688797852662,0.4835443037974736,-1.0,1875.28,1876.02,1862.13,1864.06,2.0264062500000293,13.889999999999873,6.854499190376891,0.8077753779697718,-1.0,,,,,,,,,,,,,,,,,,,,,,,,,-1,4.748500000000002,,,True,True
2022-05-10 13:00:00,2022-05-10 13:01:00+00:00,2022-05-10 14:25:00,short,1857.5,1860.18729,1855.01943,1860.18729,-2.68729,-3.03729,-4.087289999999999,sl_conservative,london_oneway_continuation,S23B_B_pb0.1_eff0.60_h180_tp0.6_sl0.65,2022-05-10 13:01:00,2022,2022-05,-3.38729,-4.78729,-5.48729,2022-05-10 00:00:00+00:00,1852.59,1865.24,1835.3,1838.45,29.94000000000005,34.0,short,1852.59,1864.27,1852.11,1864.21,12.160000000000082,0.9555921052631612,long,1864.2,1865.24,1857.33,1857.46,7.910000000000082,0.8520859671302072,short,1857.49,1864.32,1856.07,1862.04,8.25,0.551515151515146,long,13,False,True,2022-05-10 13:01:00+00:00,-1,,1853.91,1865.24,1835.3,1839.02,2.364999999999988,1885.49,1851.49,34.0,14.376321353065613,1,1853.91,1861.38,1852.11,1860.33,1.8995312499999812,9.27000000000021,4.880151353130042,0.6925566343041748,1.0,1860.32,1865.24,1858.61,1861.97,2.1115625000000087,6.630000000000109,3.139854965221291,0.2488687782805526,1.0,,,,,,,,,,,,,,,,,,,,,,,,,-1,4.397000000000037,,,True,False
2022-05-25 13:00:00,2022-05-25 13:01:00+00:00,2022-05-25 13:12:00,short,1856.62,1854.58686,1854.58686,1858.82257,2.03314,1.68314,0.63314,tp,london_oneway_continuation,S23B_B_pb0.1_eff0.60_h180_tp0.6_sl0.65,2022-05-25 13:01:00,2022,2022-05,1.33314,-0.0668599999999997,-0.7668599999999999,2022-05-25 00:00:00+00:00,1866.07,1867.86,1841.24,1852.92,26.61999999999989,20.420000000000076,long,1866.07,1867.86,1859.47,1862.41,8.389999999999873,0.4362336114421823,short,1862.47,1863.11,1854.91,1856.74,8.199999999999818,0.6987804878048958,short,1856.76,1856.89,1850.88,1852.39,6.009999999999991,0.7271214642262724,short,13,True,False,2022-05-25 13:01:00+00:00,-1,,1866.17,1867.86,1841.24,1853.37,1.865156249999984,1869.49,1849.07,20.420000000000073,10.94814442489751,2,1866.17,1867.86,1859.47,1862.03,1.3624999999999972,8.389999999999873,6.157798165137534,0.49344457687725424,-1.0,1862.02,1863.11,1854.91,1857.7,1.5553124999999675,8.199999999999818,5.272252360859949,0.5268292682926868,-1.0,,,,,,,,,,,,,,,,,,,,,,,,,1,3.456999999999971,4.81860000000004,5.752400000000011,False,True
2022-06-02 13:00:00,2022-06-02 13:01:00+00:00,2022-06-02 13:20:00,long,1853.68,1855.321,1855.321,1851.90225,1.641,1.291,0.2410000000000001,tp,london_oneway_continuation,S23B_B_pb0.1_eff0.60_h180_tp0.6_sl0.65,2022-06-02 13:01:00,2022,2022-06,0.941,-0.4589999999999996,-1.1589999999999998,2022-06-02 00:00:00+00:00,1846.91,1870.28,1843.92,1869.29,26.3599999999999,21.49000000000001,long,1846.91,1848.77,1843.92,1844.65,4.849999999999909,0.4659793814433058,short,1844.64,1854.78,1843.92,1853.88,10.8599999999999,0.8508287292817767,long,1853.91,1858.57,1850.7,1856.38,7.869999999999891,0.3138500635324093,long,13,True,True,2022-06-02 13:01:00+00:00,1,,1846.8,1870.28,1843.92,1868.22,1.5910937500000024,1849.77,1828.28,21.49000000000001,13.506432289109284,3,1846.8,1848.77,1843.92,1845.06,1.3989062499999925,4.849999999999909,3.466994303585344,0.35876288659794675,-1.0,1845.07,1854.57,1843.92,1853.91,1.3810937500000229,10.649999999999864,7.711279556510691,0.8300469483568318,1.0,,,,,,,,,,,,,,,,,,,,,,,,,1,3.0449999999999706,4.312200000000008,5.564200000000007,True,False
2022-06-30 13:00:00,2022-06-30 13:01:00+00:00,2022-06-30 13:19:00,short,1812.22,1810.53143,1810.53143,1814.04929,1.68857,1.3385699999999998,0.28857,tp,london_oneway_continuation,S23B_B_pb0.1_eff0.60_h180_tp0.6_sl0.65,2022-06-30 13:01:00,2022,2022-06,0.98857,-0.4114299999999997,-1.11143,2022-06-30 00:00:00+00:00,1818.22,1824.81,1802.5,1806.04,22.309999999999945,20.939999999999827,short,1818.22,1821.77,1817.02,1817.19,4.75,0.2168421052631521,short,1817.19,1817.6,1810.83,1812.81,6.769999999999982,0.6469719350074034,short,1812.79,1824.11,1802.5,1822.33,21.6099999999999,0.4414622859787139,long,13,True,True,2022-06-30 13:01:00+00:00,-1,,1817.81,1824.81,1802.5,1807.03,1.6485937499999999,1832.85,1811.91,20.939999999999827,12.701734432755085,3,1817.81,1821.77,1817.03,1817.49,0.992343750000007,4.740000000000009,4.776570618800164,0.06751054852319319,-1.0,1817.47,1817.64,1810.83,1812.17,1.2367187499999766,6.810000000000173,5.506506632975607,0.7782672540381527,-1.0,,,,,,,,,,,,,,,,,,,,,,,,,-1,2.705500000000029,4.015800000000004,5.226999999999996,True,True
2022-07-04 13:00:00,2022-07-04 13:01:00+00:00,2022-07-04 14:19:00,short,1805.07,1807.40071,1802.91857,1807.40071,-2.33071,-2.68071,-3.73071,sl_conservative,london_oneway_continuation,S23B_B_pb0.1_eff0.60_h180_tp0.6_sl0.65,2022-07-04 13:01:00,2022,2022-07,-3.03071,-4.43071,-5.13071,2022-07-04 00:00:00+00:00,1809.76,1814.09,1803.74,1808.97,10.349999999999907,2.3299999999999272,short,1809.76,1814.09,1805.35,1811.23,8.740000000000009,0.1681922196796368,long,1811.24,1813.21,1804.97,1805.6,8.240000000000009,0.6844660194174871,short,1805.59,1809.37,1803.74,1807.42,5.629999999999882,0.3250444049733913,long,13,True,True,2022-07-04 13:01:00+00:00,-1,,1808.99,1814.09,1803.74,1808.08,1.7265625,1811.21,1808.88,2.3299999999999272,1.3495022624433968,0,1808.99,1814.09,1805.35,1811.64,1.9106249999999854,8.740000000000009,4.574419365390946,0.3032036613272412,1.0,1811.64,1813.21,1805.15,1805.57,1.6853124999999949,8.059999999999945,4.78249582792507,0.7531017369727301,-1.0,,,,,,,,,,,,,,,,,,,,,,,,,1,4.21500000000002,4.027999999999995,5.297300000000006,False,False
2022-07-05 13:00:00,2022-07-05 13:01:00+00:00,2022-07-05 13:52:00,short,1802.97,1801.128,1801.128,1804.9655,1.842,1.492,0.4420000000000001,tp,london_oneway_continuation,S23B_B_pb0.1_eff0.60_h180_tp0.6_sl0.65,2022-07-05 13:01:00,2022,2022-07,1.142,-0.2579999999999995,-0.9579999999999996,2022-07-05 00:00:00+00:00,1809.0,1811.98,1763.73,1767.99,48.25,10.349999999999907,short,1809.0,1811.98,1806.32,1810.71,5.660000000000082,0.3021201413427582,long,1810.69,1811.87,1800.12,1803.3,11.75,0.6289361702127745,short,1803.31,1804.47,1796.13,1800.24,8.339999999999918,0.3681055155875259,short,13,True,True,2022-07-05 13:01:00+00:00,-1,,1808.05,1811.98,1763.73,1765.73,1.598749999999992,1814.09,1803.74,10.349999999999909,6.473807662236098,1,1808.05,1811.98,1806.32,1810.25,1.1225000000000236,5.660000000000082,5.04231625835186,0.3886925795053028,1.0,1810.17,1811.87,1800.12,1803.15,1.3582812499999974,11.75,8.650638444725658,0.5974468085106367,-1.0,,,,,,,,,,,,,,,,,,,,,,,,,1,2.8389999999999986,3.9818000000000016,5.264000000000018,False,False
2022-07-06 13:00:00,2022-07-06 13:01:00+00:00,2022-07-06 13:12:00,short,1763.59,1761.13771,1761.13771,1766.24664,2.45229,2.10229,1.0522900000000002,tp,london_oneway_continuation,S23B_B_pb0.1_eff0.60_h180_tp0.6_sl0.65,2022-07-06 13:01:00,2022,2022-07,1.75229,0.3522900000000004,-0.3477099999999997,2022-07-06 00:00:00+00:00,1767.97,1772.74,1732.08,1739.03,40.66000000000008,48.25,short,1767.97,1772.74,1765.68,1769.18,7.059999999999945,0.1713881019830093,long,1769.16,1771.59,1762.87,1763.81,8.720000000000027,0.6135321100917569,short,1763.81,1767.71,1759.34,1765.07,8.370000000000118,0.1505376344085989,long,13,True,True,2022-07-06 13:01:00+00:00,-1,,1765.7,1772.74,1732.08,1738.25,2.304218749999965,1811.98,1763.73,48.25,20.939852173323708,2,1765.7,1772.74,1764.54,1770.6,1.7957812500000188,8.200000000000045,4.566257722091685,0.5975609756097362,1.0,1770.56,1771.59,1762.87,1764.72,1.8806249999999878,8.720000000000027,4.636756397474288,0.6697247706421904,-1.0,,,,,,,,,,,,,,,,,,,,,,,,,-1,4.1564999999999825,3.9930000000000154,5.297150000000005,True,False
2022-07-14 13:00:00,2022-07-14 13:01:00+00:00,2022-07-14 13:11:00,short,1716.51,1713.693,1713.693,1719.56175,2.817,2.467,1.4170000000000005,tp,london_oneway_continuation,S23B_B_pb0.1_eff0.60_h180_tp0.6_sl0.65,2022-07-14 13:01:00,2022,2022-07,2.117,0.7170000000000005,0.0170000000000003,2022-07-14 00:00:00+00:00,1734.15,1736.22,1697.41,1710.25,38.809999999999945,38.04999999999996,long,1734.15,1736.22,1725.3,1731.83,10.920000000000073,0.212454212454226,short,1731.82,1732.09,1712.06,1716.42,20.029999999999973,0.7688467299051365,short,1716.42,1716.51,1707.76,1709.05,8.75,0.8422857142857278,short,13,True,False,2022-07-14 13:01:00+00:00,-1,,1733.81,1736.22,1697.41,1710.68,2.602968750000006,1745.26,1707.21,38.049999999999955,14.61792424515272,3,1733.81,1736.22,1725.3,1732.08,2.0570312500000085,10.920000000000073,5.308621344473997,0.15842490842490903,-1.0,1732.21,1732.68,1712.06,1716.35,2.0625000000000284,20.62000000000012,9.997575757575676,0.7691561590688669,-1.0,,,,,,,,,,,,,,,,,,,,,,,,,1,4.85,4.022049999999994,5.326300000000009,False,True
2022-07-21 13:00:00,2022-07-21 13:01:00+00:00,2022-07-21 13:43:00,short,1683.84,1681.58657,1681.58657,1686.28121,2.25343,1.90343,0.8534299999999999,tp,london_oneway_continuation,S23B_B_pb0.1_eff0.60_h180_tp0.6_sl0.65,2022-07-21 13:01:00,2022,2022-07,1.55343,0.1534300000000001,-0.54657,2022-07-21 00:00:00+00:00,1695.82,1720.09,1680.74,1717.1,39.34999999999991,21.980000000000015,short,1695.82,1697.15,1689.81,1691.45,7.3400000000001455,0.5953678474114175,short,1691.44,1693.66,1682.13,1684.37,11.529999999999973,0.6131830008673184,short,1684.35,1706.85,1680.74,1706.5,26.1099999999999,0.8483339716583752,long,13,True,True,2022-07-21 13:01:00+00:00,-1,,1696.22,1720.0,1680.74,1718.82,1.9576562500000243,1714.22,1692.24,21.980000000000018,11.227711708835372,3,1696.22,1697.15,1689.81,1691.57,1.583281249999974,7.3400000000001455,4.635941971775555,0.6335149863760217,-1.0,1691.55,1693.66,1682.13,1685.96,1.533593750000005,11.529999999999973,7.518288334182332,0.48482220294882317,-1.0,,,,,,,,,,,,,,,,,,,,,,,,,-1,3.901999999999987,3.9793499999999753,5.252399999999998,True,True
2022-08-05 13:00:00,2022-08-05 13:01:00+00:00,2022-08-05 13:42:00,short,1786.5,1784.60571,1784.60571,1788.55214,1.89429,1.5442900000000002,0.4942900000000001,tp,london_oneway_continuation,S23B_B_pb0.1_eff0.60_h180_tp0.6_sl0.65,2022-08-05 13:01:00,2022,2022-08,1.19429,-0.2057099999999996,-0.9057099999999998,2022-08-05 00:00:00+00:00,1790.82,1794.72,1764.78,1773.8,29.94000000000005,31.680000000000064,long,1790.82,1794.72,1788.62,1791.99,6.100000000000136,0.1918032786885322,long,1791.97,1792.75,1785.18,1786.38,7.569999999999936,0.7384412153236414,short,1786.44,1789.03,1767.28,1768.74,21.75,0.8137931034482779,short,13,True,False,2022-08-05 13:01:00+00:00,-1,,1791.12,1794.72,1764.78,1773.8,1.7575000000000074,1794.76,1763.08,31.680000000000064,18.025604551920303,4,1791.12,1794.72,1788.62,1792.29,1.498437500000012,6.100000000000136,4.070907194994844,0.19180327868853222,1.0,1792.31,1792.76,1785.34,1786.46,1.4881250000000215,7.420000000000073,4.986140277194433,0.7884097035040232,-1.0,,,,,,,,,,,,,,,,,,,,,,,,,1,3.409500000000037,4.003300000000022,5.158999999999996,False,False
2022-08-11 13:00:00,2022-08-11 13:01:00+00:00,2022-08-11 14:09:00,long,1790.13,1791.86914,1791.86914,1788.24593,1.73914,1.3891399999999998,0.33914,tp,london_oneway_continuation,S23B_B_pb0.1_eff0.60_h180_tp0.6_sl0.65,2022-08-11 13:01:00,2022,2022-08,1.03914,-0.3608599999999997,-1.06086,2022-08-11 00:00:00+00:00,1791.01,1799.07,1783.39,1787.63,15.679999999999836,20.269999999999985,short,1791.01,1792.71,1784.32,1785.66,8.3900000000001,0.6376638855780506,short,1785.69,1790.18,1783.39,1790.08,6.789999999999964,0.6465390279823117,long,1790.07,1799.03,1788.88,1796.61,10.149999999999864,0.6443349753694632,long,13,True,False,2022-08-11 13:01:00+00:00,1,,1791.16,1799.07,1783.39,1788.99,1.7079687499999991,1807.68,1787.41,20.269999999999982,11.867898636904213,3,1791.16,1792.71,1784.32,1786.4,1.433593750000039,8.3900000000001,5.852425068119802,0.5673420738974891,-1.0,1786.39,1790.18,1783.39,1788.33,1.4410937500000003,6.789999999999964,4.711699013336198,0.2857142857142618,1.0,,,,,,,,,,,,,,,,,,,,,,,,,-1,3.184500000000014,3.9595999999999947,5.083250000000005,False,False
2022-08-15 13:00:00,2022-08-15 13:01:00+00:00,2022-08-15 13:10:00,short,1779.9,1777.72843,1777.72843,1782.25254,2.17157,1.82157,0.7715700000000001,tp,london_oneway_continuation,S23B_B_pb0.1_eff0.60_h180_tp0.6_sl0.65,2022-08-15 13:01:00,2022,2022-08,1.47157,0.0715700000000003,-0.6284299999999998,2022-08-15 00:00:00+00:00,1800.13,1802.09,1772.78,1778.27,29.309999999999945,2.5799999999999272,short,1800.13,1802.09,1793.75,1795.25,8.339999999999918,0.5851318944844313,short,1795.25,1795.29,1777.63,1779.41,17.659999999999854,0.8969422423556086,short,1779.42,1786.01,1772.78,1779.66,13.230000000000018,0.0181405895691616,long,13,True,True,2022-08-15 13:01:00+00:00,-1,,1800.0,1802.09,1772.78,1778.79,1.7399999999999913,1802.09,1800.0,2.089999999999918,1.2011494252873152,0,1800.0,1802.09,1793.75,1794.72,1.3412499999999916,8.339999999999918,6.21808014911461,0.6330935251798591,-1.0,1794.71,1795.42,1779.71,1779.78,1.3354687499999969,15.710000000000036,11.763659763659819,0.9503500954805875,-1.0,,,,,,,,,,,,,,,,,,,,,,,,,1,3.638499999999999,3.9317499999999996,5.048250000000001,False,True
2022-08-18 13:00:00,2022-08-18 13:01:00+00:00,2022-08-18 14:16:00,long,1769.27,1770.84157,1770.84157,1767.56746,1.57157,1.2215699999999998,0.17157,tp,london_oneway_continuation,S23B_B_pb0.1_eff0.60_h180_tp0.6_sl0.65,2022-08-18 13:01:00,2022,2022-08,0.87157,-0.5284299999999997,-1.22843,2022-08-18 00:00:00+00:00,1762.05,1772.24,1755.15,1757.18,17.089999999999918,22.449999999999815,short,1762.05,1767.38,1761.62,1762.24,5.760000000000218,0.0329861111111193,long,1762.27,1768.86,1760.72,1768.75,8.139999999999873,0.7960687960688108,long,1768.75,1772.24,1766.37,1767.1,5.870000000000118,0.281090289608187,short,13,True,False,2022-08-18 13:01:00+00:00,1,,1762.73,1772.24,1755.15,1758.88,1.6776562500000054,1782.12,1759.67,22.449999999999818,13.381763993666608,3,1762.73,1767.38,1761.87,1762.81,1.6857812500000193,5.510000000000218,3.2685142274539802,0.014519056261329233,1.0,1762.81,1767.18,1760.72,1767.01,1.1690625000000203,6.460000000000036,5.525795241913862,0.6501547987616133,1.0,,,,,,,,,,,,,,,,,,,,,,,,,-1,3.2109999999999785,3.8909000000000185,4.999950000000022,False,True
2022-08-22 13:00:00,2022-08-22 13:01:00+00:00,2022-08-22 13:04:00,short,1737.19,1735.258,1735.258,1739.283,1.932,1.582,0.532,tp,london_oneway_continuation,S23B_B_pb0.1_eff0.60_h180_tp0.6_sl0.65,2022-08-22 13:01:00,2022,2022-08,1.232,-0.1679999999999997,-0.8679999999999999,2022-08-22 00:00:00+00:00,1747.08,1748.95,1727.61,1735.63,21.340000000000146,3.1100000000001278,long,1747.08,1748.95,1744.78,1746.36,4.170000000000073,0.1726618705036006,short,1746.36,1746.38,1731.59,1737.32,14.790000000000193,0.6112237998647632,short,1737.31,1737.34,1727.61,1730.31,9.730000000000018,0.7194244604316533,short,13,True,False,2022-08-22 13:01:00+00:00,-1,,1747.62,1748.95,1727.61,1734.59,1.6146875000000165,1747.87,1744.81,3.0599999999999454,1.8951035417069335,0,1747.62,1748.95,1744.78,1746.47,1.3001562499999828,4.170000000000073,3.207306814084944,0.27577937649876344,-1.0,1746.49,1746.7,1731.59,1733.66,1.372968750000016,15.110000000000127,11.005348810743108,0.8491065519523374,-1.0,,,,,,,,,,,,,,,,,,,,,,,,,-1,3.0754999999999995,3.84075000000002,4.966749999999974,True,True
2022-08-26 13:00:00,2022-08-26 13:01:00+00:00,2022-08-26 13:05:00,short,1749.58,1747.918,1747.918,1751.3805,1.662,1.3119999999999998,0.262,tp,london_oneway_continuation,S23B_B_pb0.1_eff0.60_h180_tp0.6_sl0.65,2022-08-26 13:01:00,2022,2022-08,0.962,-0.4379999999999997,-1.138,2022-08-26 00:00:00+00:00,1757.1,1758.71,1733.97,1736.57,24.74000000000001,15.519999999999982,long,1757.1,1758.71,1752.13,1757.34,6.579999999999927,0.0364741641337403,long,1757.32,1758.61,1749.11,1749.68,9.5,0.804210526315776,short,1749.61,1751.66,1743.55,1745.74,8.110000000000127,0.4771886559802503,short,13,True,False,2022-08-26 13:01:00+00:00,-1,,1757.65,1758.71,1733.97,1736.57,1.5371875000000088,1765.31,1749.79,15.519999999999982,10.096361048993629,4,1757.65,1758.71,1752.13,1756.08,1.0367187499999808,6.579999999999927,6.346948003014365,0.2386018237082342,-1.0,1756.08,1758.61,1750.03,1750.64,1.247187499999992,8.579999999999927,6.87947882736155,0.6340326340326192,-1.0,,,,,,,,,,,,,,,,,,,,,,,,,1,2.8704999999999474,3.782450000000008,4.914150000000022,False,True
2022-09-13 13:00:00,2022-09-13 13:01:00+00:00,2022-09-13 13:25:00,long,1726.69,1724.79479,1728.43943,1724.79479,-1.89521,-2.24521,-3.29521,sl_conservative,london_oneway_continuation,S23B_B_pb0.1_eff0.60_h180_tp0.6_sl0.65,2022-09-13 13:01:00,2022,2022-09,-2.59521,-3.99521,-4.695209999999999,2022-09-13 00:00:00+00:00,1725.14,1731.63,1696.9,1701.86,34.73000000000002,23.170000000000076,long,1725.14,1727.4,1720.57,1721.24,6.830000000000155,0.5710102489019038,short,1721.22,1727.96,1719.8,1726.59,8.160000000000082,0.6580882352940977,long,1726.59,1731.63,1702.96,1703.64,28.670000000000076,0.8004883153121646,short,13,True,True,2022-09-13 13:01:00+00:00,1,,1724.83,1731.63,1696.9,1702.46,1.6287500000000037,1734.92,1711.75,23.170000000000073,14.225633154259414,1,1724.83,1727.4,1720.57,1721.53,1.5339062499999763,6.830000000000155,4.4526841193849105,0.48316251830159296,-1.0,1721.61,1727.75,1719.8,1727.62,1.5532812499999977,7.9500000000000455,5.118197364450293,0.7559748427672901,1.0,,,,,,,,,,,,,,,,,,,,,,,,,1,3.283500000000015,3.7818500000000084,4.819650000000004,True,False
2022-09-20 13:00:00,2022-09-20 13:01:00+00:00,2022-09-20 14:18:00,short,1667.52,1669.56564,1665.63171,1669.56564,-2.04564,-2.39564,-3.44564,sl_conservative,london_oneway_continuation,S23B_B_pb0.1_eff0.60_h180_tp0.6_sl0.65,2022-09-20 13:01:00,2022,2022-09,-2.74564,-4.14564,-4.84564,2022-09-20 00:00:00+00:00,1675.4,1679.28,1659.79,1665.07,19.49000000000001,20.230000000000015,short,1675.4,1679.28,1673.25,1676.81,6.029999999999973,0.2338308457711212,long,1676.85,1677.05,1666.42,1667.6,10.629999999999882,0.8701787394167547,short,1667.61,1670.12,1665.03,1667.68,5.089999999999918,0.0137524557957101,long,13,True,True,2022-09-20 13:01:00+00:00,-1,,1675.61,1679.28,1659.79,1664.32,1.723749999999999,1679.77,1659.54,20.230000000000018,11.736040609137072,1,1675.61,1679.28,1673.25,1676.63,1.2489062500000259,6.029999999999973,4.828224696609412,0.16915422885575684,1.0,1676.62,1677.74,1667.01,1667.34,1.4710937499999979,10.730000000000018,7.293892724376018,0.8648648648648608,-1.0,,,,,,,,,,,,,,,,,,,,,,,,,1,3.0495000000000005,3.7818500000000084,4.8394500000000065,False,False
2022-09-21 13:00:00,2022-09-21 13:01:00+00:00,2022-09-21 13:26:00,long,1673.38,1675.31243,1675.31243,1671.28654,1.93243,1.58243,0.5324300000000002,tp,london_oneway_continuation,S23B_B_pb0.1_eff0.60_h180_tp0.6_sl0.65,2022-09-21 13:01:00,2022,2022-09,1.23243,-0.1675699999999995,-0.8675699999999997,2022-09-21 00:00:00+00:00,1665.09,1687.81,1653.67,1671.01,34.13999999999987,19.49000000000001,short,1665.09,1667.29,1662.69,1663.65,4.599999999999909,0.3130434782608381,short,1663.65,1676.01,1661.57,1673.19,14.440000000000056,0.6606648199445934,long,1673.13,1677.32,1672.56,1674.05,4.759999999999991,0.1932773109243376,long,13,True,False,2022-09-21 13:01:00+00:00,1,,1664.43,1687.81,1653.67,1673.38,1.9723437500000216,1679.28,1659.79,19.49000000000001,9.881644616968922,2,1664.43,1667.29,1662.69,1664.09,1.2862500000000097,4.599999999999909,3.576287657920213,0.07391304347829397,-1.0,1664.1,1676.01,1661.57,1674.39,1.8015624999999922,14.440000000000055,8.0152645273201,0.7126038781163541,1.0,,,,,,,,,,,,,,,,,,,,,,,,,-1,3.179000000000019,3.7713000000000148,4.832499999999983,False,False
2022-10-10 13:00:00,2022-10-10 13:01:00+00:00,2022-10-10 14:41:00,short,1679.99,1677.39329,1677.39329,1682.80311,2.59671,2.24671,1.19671,tp,london_oneway_continuation,S23B_B_pb0.1_eff0.60_h180_tp0.6_sl0.65,2022-10-10 13:01:00,2022,2022-10,1.89671,0.4967100000000002,-0.2032899999999999,2022-10-10 00:00:00+00:00,1697.33,1699.72,1665.49,1668.67,34.23000000000002,4.789999999999964,long,1697.33,1699.72,1687.02,1688.71,12.700000000000044,0.6787401574803039,short,1688.69,1689.4,1677.88,1680.3,11.519999999999982,0.7282986111111209,short,1680.27,1681.44,1673.94,1677.0,7.5,0.4359999999999975,short,13,True,False,2022-10-10 13:01:00+00:00,-1,,1698.39,1699.72,1665.49,1667.79,2.3682812500000416,1699.72,1694.93,4.789999999999964,2.022563831892804,0,1698.39,1699.72,1687.02,1688.44,1.98515625000001,12.700000000000045,6.397481306572207,0.7834645669291347,-1.0,1688.43,1689.4,1677.88,1680.31,1.9809375000000173,11.519999999999982,5.815428300993788,0.7048611111111225,-1.0,,,,,,,,,,,,,,,,,,,,,,,,,-1,4.375499999999977,3.843999999999994,4.969000000000011,True,True
2022-10-17 13:00:00,2022-10-17 13:01:00+00:00,2022-10-17 13:08:00,long,1656.65,1659.07743,1659.07743,1654.02029,2.42743,2.07743,1.0274300000000005,tp,london_oneway_continuation,S23B_B_pb0.1_eff0.60_h180_tp0.6_sl0.65,2022-10-17 13:01:00,2022,2022-10,1.7274300000000002,0.3274300000000005,-0.3725699999999996,2022-10-17 00:00:00+00:00,1645.27,1668.25,1642.97,1650.37,25.279999999999973,4.039999999999964,long,1645.27,1652.5,1642.97,1649.99,9.529999999999973,0.4952780692549885,long,1649.98,1657.83,1648.21,1656.79,9.61999999999989,0.7079002079002102,long,1656.81,1668.02,1654.69,1666.4,13.329999999999927,0.7194298574643809,long,13,True,True,2022-10-17 13:01:00+00:00,1,,1645.0,1668.25,1642.97,1650.04,2.109531249999982,1647.01,1642.97,4.039999999999964,1.9151173987112056,0,1645.0,1652.5,1642.97,1650.75,1.8298437499999771,9.529999999999973,5.208094953462607,0.6033578174186796,1.0,1650.74,1657.83,1648.21,1657.3,1.5556249999999814,9.61999999999989,6.184009642426681,0.681912681912684,1.0,,,,,,,,,,,,,,,,,,,,,,,,,-1,4.320999999999981,3.8752500000000225,5.0190000000000055,False,True
2022-10-19 13:00:00,2022-10-19 13:01:00+00:00,2022-10-19 13:20:00,short,1641.4,1638.96871,1638.96871,1644.03389,2.43129,2.08129,1.0312900000000005,tp,london_oneway_continuation,S23B_B_pb0.1_eff0.60_h180_tp0.6_sl0.65,2022-10-19 13:01:00,2022,2022-10,1.7312900000000002,0.3312900000000005,-0.3687099999999996,2022-10-19 00:00:00+00:00,1652.44,1654.29,1627.55,1627.86,26.74000000000001,15.049999999999956,long,1652.44,1654.29,1648.91,1649.11,5.379999999999882,0.6189591078067338,short,1649.12,1649.37,1637.55,1641.86,11.819999999999936,0.6142131979695457,short,1641.82,1641.9,1630.25,1634.69,11.650000000000093,0.6120171673819593,short,13,True,False,2022-10-19 13:01:00+00:00,-1,,1651.64,1654.29,1627.55,1628.67,2.015312500000004,1660.71,1645.66,15.049999999999955,7.467824468909872,2,1651.64,1654.29,1649.31,1649.61,1.366406249999983,4.980000000000018,3.6445969125214996,0.4076305220883921,-1.0,1649.69,1649.91,1637.55,1639.8,1.5032812499999864,12.360000000000127,8.222014343623483,0.8001618122977345,-1.0,,,,,,,,,,,,,,,,,,,,,,,,,-1,4.054499999999973,3.8894500000000196,4.993700000000015,True,True
2022-11-01 13:00:00,2022-11-01 13:01:00+00:00,2022-11-01 13:08:00,long,1650.8,1653.19143,1653.19143,1648.20929,2.39143,2.04143,0.9914300000000004,tp,london_oneway_continuation,S23B_B_pb0.1_eff0.60_h180_tp0.6_sl0.65,2022-11-01 13:01:00,2022,2022-11,1.6914300000000002,0.2914300000000005,-0.4085699999999996,2022-11-01 00:00:00+00:00,1632.18,1656.85,1630.45,1646.62,26.399999999999864,13.779999999999973,short,1632.18,1639.89,1630.45,1637.74,9.440000000000056,0.5889830508474484,long,1637.64,1652.65,1637.5,1650.8,15.150000000000093,0.8686468646864538,long,1650.81,1656.85,1649.65,1650.15,7.199999999999818,0.0916666666666487,short,13,True,False,2022-11-01 13:01:00+00:00,1,,1632.05,1656.85,1630.45,1647.59,2.0350000000000215,1645.43,1631.65,13.779999999999973,6.7714987714986865,1,1632.05,1639.89,1630.45,1637.46,1.295624999999994,9.440000000000055,7.286058851905527,0.5730932203389885,1.0,1637.48,1652.65,1637.34,1650.85,1.917656250000018,15.310000000000173,7.983704065835589,0.8732854343566127,1.0,,,,,,,,,,,,,,,,,,,,,,,,,-1,3.564500000000021,3.905500000000006,4.957999999999993,False,True
2022-11-02 13:00:00,2022-11-02 13:01:00+00:00,2022-11-02 14:03:00,long,1654.84,1656.61471,1656.61471,1652.91739,1.77471,1.42471,0.3747100000000001,tp,london_oneway_continuation,S23B_B_pb0.1_eff0.60_h180_tp0.6_sl0.65,2022-11-02 13:01:00,2022,2022-11,1.07471,-0.3252899999999996,-1.0252899999999998,2022-11-02 00:00:00+00:00,1647.72,1669.32,1631.71,1633.62,37.6099999999999,26.399999999999864,long,1647.72,1653.17,1645.82,1650.02,7.350000000000136,0.3129251700680152,long,1650.02,1656.79,1649.43,1655.16,7.3599999999999,0.6983695652174144,long,1655.12,1658.69,1652.41,1653.19,6.279999999999973,0.3073248407643065,short,13,True,True,2022-11-02 13:01:00+00:00,1,,1647.57,1669.32,1631.71,1633.39,1.6312500000000476,1656.85,1630.45,26.399999999999864,16.183908045976455,2,1647.57,1653.17,1645.82,1650.34,1.3564062499999991,7.350000000000136,5.418730560995381,0.3768707482993103,1.0,1650.33,1656.79,1649.18,1655.68,1.543593750000035,7.6099999999999,4.930053649154596,0.7030223390276225,1.0,,,,,,,,,,,,,,,,,,,,,,,,,1,3.190999999999974,3.9020000000000117,4.951000000000022,True,True
2022-11-28 13:00:00,2022-11-28 13:01:00+00:00,2022-11-28 14:04:00,long,1760.05,1757.20254,1762.67843,1757.20254,-2.84746,-3.19746,-4.24746,sl_conservative,london_oneway_continuation,S23B_B_pb0.1_eff0.60_h180_tp0.6_sl0.65,2022-11-28 13:01:00,2022,2022-11,-3.54746,-4.94746,-5.64746,2022-11-28 00:00:00+00:00,1750.76,1763.51,1739.45,1741.19,24.059999999999945,5.539999999999964,short,1750.76,1755.53,1745.74,1751.37,9.789999999999964,0.0623084780388051,long,1751.36,1763.51,1748.29,1760.5,15.220000000000027,0.6005256241787177,long,1760.53,1761.98,1750.12,1753.35,11.860000000000127,0.605396290050589,short,13,True,False,2022-11-28 13:01:00+00:00,1,,1750.67,1763.51,1739.45,1740.83,2.0334375000000087,1755.53,1749.99,5.539999999999964,2.7244505916704793,0,1750.67,1755.53,1745.74,1750.52,1.9753125000000082,9.789999999999964,4.9561778199651565,0.01532175689479995,-1.0,1750.51,1763.51,1748.29,1762.73,1.7279687499999916,15.220000000000027,8.808029659101242,0.8028909329829176,1.0,,,,,,,,,,,,,,,,,,,,,,,,,-1,4.276999999999975,3.9109000000000105,4.949200000000019,False,False
2022-12-23 13:00:00,2022-12-23 13:01:00+00:00,2022-12-23 13:39:00,long,1798.63,1796.97575,1800.157,1796.97575,-1.65425,-2.00425,-3.05425,sl_conservative,london_oneway_continuation,S23B_B_pb0.1_eff0.60_h180_tp0.6_sl0.65,2022-12-23 13:01:00,2022,2022-12,-2.35425,-3.75425,-4.45425,2022-12-23 00:00:00+00:00,1793.33,1803.1,1791.01,1797.25,12.089999999999918,35.58999999999992,short,1793.33,1795.39,1791.12,1794.75,4.270000000000209,0.3325526932084316,long,1794.72,1799.15,1794.32,1798.49,4.830000000000155,0.780538302277404,long,1798.5,1800.14,1793.06,1794.08,7.080000000000155,0.6242937853107311,short,13,True,False,2022-12-23 13:01:00+00:00,1,,1792.59,1803.1,1791.01,1797.25,1.7849999999999966,1820.27,1784.68,35.58999999999992,19.93837535014005,4,1792.59,1795.39,1791.12,1794.39,1.9685937499999717,4.270000000000209,2.169061036590343,0.42154566744732874,1.0,1794.38,1799.15,1794.32,1797.42,1.3651562499999947,4.830000000000155,3.5380565411469735,0.6293995859212974,1.0,,,,,,,,,,,,,,,,,,,,,,,,,-1,3.1810000000000285,3.8865000000000087,4.897299999999996,False,True
2023-01-26 13:00:00,2023-01-26 13:01:00+00:00,2023-01-26 13:32:00,short,1936.18,1933.73286,1933.73286,1938.83107,2.44714,2.09714,1.0471400000000002,tp,london_oneway_continuation,S23B_B_pb0.1_eff0.60_h180_tp0.6_sl0.65,2023-01-26 13:01:00,2023,2023-01,1.74714,0.3471400000000004,-0.3528599999999997,2023-01-26 00:00:00+00:00,1948.24,1948.95,1918.48,1930.62,30.470000000000027,28.65999999999985,long,1948.24,1948.95,1942.34,1946.5,6.610000000000127,0.2632375189107376,short,1946.48,1948.81,1933.68,1936.57,15.129999999999882,0.6549900859220198,short,1936.57,1939.39,1931.01,1937.37,8.38000000000011,0.0954653937947427,long,13,True,False,2023-01-26 13:01:00+00:00,-1,,1945.72,1948.95,1918.48,1929.31,2.2562499999999943,1947.95,1919.68,28.269999999999982,12.5296398891967,3,1945.72,1948.95,1942.34,1947.77,1.9337499999999892,6.610000000000127,3.418228829993621,0.3101361573373548,1.0,1947.79,1948.81,1933.68,1936.97,1.7696875000000105,15.129999999999882,8.54953205014998,0.7151354923992083,-1.0,,,,,,,,,,,,,,,,,,,,,,,,,1,4.440999999999986,3.9099999999999704,4.927500000000016,False,False
2023-01-27 13:00:00,2023-01-27 13:01:00+00:00,2023-01-27 13:25:00,long,1928.46,1930.72414,1930.72414,1926.00718,2.26414,1.91414,0.8641399999999999,tp,london_oneway_continuation,S23B_B_pb0.1_eff0.60_h180_tp0.6_sl0.65,2023-01-27 13:01:00,2023,2023-01,1.56414,0.1641400000000001,-0.53586,2023-01-27 00:00:00+00:00,1930.66,1934.85,1916.51,1926.59,18.33999999999992,30.470000000000027,short,1930.66,1934.73,1919.66,1921.49,15.069999999999936,0.6084936960849444,short,1921.47,1929.01,1921.18,1928.31,7.829999999999927,0.8735632183908023,long,1928.3,1934.85,1927.65,1928.65,7.199999999999818,0.0486111111111312,long,13,True,False,2023-01-27 13:01:00+00:00,1,,1929.3,1934.85,1916.51,1926.59,1.8090625000000031,1948.95,1918.48,30.470000000000027,16.84297806184141,4,1929.3,1934.73,1919.66,1921.36,1.6879687499999605,15.069999999999936,8.92789040081476,0.5268745852687517,-1.0,1921.29,1929.01,1920.62,1928.64,1.7528124999999832,8.3900000000001,4.786592975575072,0.8760429082240822,1.0,,,,,,,,,,,,,,,,,,,,,,,,,-1,4.385999999999979,3.913149999999996,4.9385000000000066,False,False
2023-02-15 13:00:00,2023-02-15 13:01:00+00:00,2023-02-15 15:30:00,short,1835.6,1833.09457,1833.09457,1838.31421,2.50543,2.15543,1.10543,tp,london_oneway_continuation,S23B_B_pb0.1_eff0.60_h180_tp0.6_sl0.65,2023-02-15 13:01:00,2023,2023-02,1.80543,0.4054300000000004,-0.2945699999999998,2023-02-15 00:00:00+00:00,1854.84,1859.97,1830.46,1836.31,29.50999999999999,27.169999999999845,long,1854.84,1859.97,1846.41,1847.73,13.559999999999944,0.5243362831858355,short,1847.74,1847.77,1831.75,1835.29,16.019999999999982,0.7771535580524381,short,1835.33,1838.83,1831.67,1834.62,7.159999999999855,0.0991620111731914,short,13,True,False,2023-02-15 13:01:00+00:00,-1,,1854.01,1859.97,1830.46,1836.31,2.4679687499999723,1870.37,1843.2,27.169999999999845,11.009053497942448,2,1854.01,1859.97,1846.41,1847.5,1.8368750000000311,13.559999999999945,7.382102756039314,0.4800884955752225,-1.0,1847.54,1847.93,1831.75,1835.08,2.031406250000021,16.180000000000064,7.964925774940338,0.770086526576019,-1.0,,,,,,,,,,,,,,,,,,,,,,,,,-1,4.6834999999999924,3.952999999999995,5.002099999999953,True,True
2023-03-01 13:00:00,2023-03-01 13:01:00+00:00,2023-03-01 13:25:00,long,1835.08,1837.32657,1837.32657,1832.64621,2.24657,1.89657,0.8465700000000003,tp,london_oneway_continuation,S23B_B_pb0.1_eff0.60_h180_tp0.6_sl0.65,2023-03-01 13:01:00,2023,2023-03,1.5465700000000002,0.1465700000000005,-0.5534299999999996,2023-03-01 00:00:00+00:00,1825.54,1844.41,1822.96,1836.5,21.450000000000045,26.559999999999945,long,1825.54,1831.67,1822.96,1829.94,8.710000000000036,0.5051664753157373,long,1829.94,1837.87,1829.69,1834.85,8.179999999999836,0.6002444987775003,long,1834.84,1841.57,1833.83,1837.17,7.740000000000009,0.3010335917312858,long,13,True,True,2023-03-01 13:01:00+00:00,1,,1827.14,1844.41,1822.96,1837.19,1.9400000000000013,1831.07,1804.51,26.559999999999945,13.690721649484498,2,1827.14,1831.67,1822.96,1830.37,1.5043749999999783,8.710000000000036,5.789779808890843,0.37083811710674824,1.0,1830.38,1837.87,1829.69,1832.62,1.5876562500000055,8.179999999999836,5.152248794409878,0.27383863080682475,1.0,,,,,,,,,,,,,,,,,,,5.864607909956004,7.297207494246919,8.662709491916699,10.922934638872336,11.873550912948193,13.53265667234103,1,3.764499999999953,3.9350000000000183,4.961200000000015,True,True
2023-03-03 13:00:00,2023-03-03 13:01:00+00:00,2023-03-03 13:16:00,long,1847.04,1848.672,1848.672,1845.272,1.632,1.282,0.2319999999999999,tp,london_oneway_continuation,S23B_B_pb0.1_eff0.60_h180_tp0.6_sl0.65,2023-03-03 13:01:00,2023,2023-03,0.932,-0.4679999999999997,-1.168,2023-03-03 00:00:00+00:00,1837.79,1856.23,1835.41,1854.68,20.819999999999936,8.949999999999818,long,1837.79,1841.42,1835.41,1838.38,6.009999999999991,0.0981697171381275,long,1838.32,1847.75,1837.76,1846.82,9.990000000000007,0.8508508508508501,long,1846.8,1849.12,1844.47,1846.89,4.649999999999864,0.0193548387097092,long,13,True,True,2023-03-03 13:01:00+00:00,1,,1835.95,1856.23,1835.39,1854.68,1.6640624999999787,1838.87,1829.92,8.949999999999818,5.378403755868504,4,1835.95,1841.42,1835.39,1838.19,1.6651562499999777,6.029999999999973,3.621281786619156,0.371475953565509,1.0,1838.17,1847.75,1837.76,1847.02,1.4342187499999994,9.990000000000009,6.965464647565104,0.885885885885876,1.0,,,,,,,,,,,,,,,,,,,5.864607909956004,7.297207494246919,8.662709491916699,10.955331411305007,12.014900039802502,13.626090546305297,1,3.018999999999994,3.9315000000000055,4.951999999999998,True,True
2023-03-16 13:00:00,2023-03-16 13:01:00+00:00,2023-03-16 13:33:00,long,1923.15,1926.45686,1926.45686,1919.56757,3.30686,2.95686,1.90686,tp,london_oneway_continuation,S23B_B_pb0.1_eff0.60_h180_tp0.6_sl0.65,2023-03-16 13:01:00,2023,2023-03,2.60686,1.2068600000000005,0.5068600000000001,2023-03-16 00:00:00+00:00,1917.42,1933.31,1907.45,1921.28,25.8599999999999,51.57999999999993,long,1917.42,1924.38,1907.45,1913.28,16.930000000000064,0.2445363260484397,short,1913.25,1922.95,1912.23,1922.56,10.720000000000027,0.868470149253724,long,1922.55,1933.31,1922.18,1923.7,11.129999999999882,0.1033243486073767,long,13,True,True,2023-03-16 13:01:00+00:00,1,,1921.75,1933.31,1907.45,1921.89,3.4482812499999973,1937.24,1885.66,51.57999999999993,14.95817662784901,3,1921.75,1924.38,1907.45,1913.05,3.5074999999999967,16.930000000000064,4.826799714896673,0.5138806851742477,-1.0,1913.04,1922.63,1912.23,1919.63,2.6639062499999966,10.400000000000091,3.9040412927444814,0.6336538461538546,1.0,,,,,,,,,,,,,,,,,,,5.681297375342008,7.297207494246919,8.632875872253262,10.842839916529016,11.916939671985318,13.53265667234103,1,6.7974999999999905,3.9099999999999704,4.9658500000000085,True,False
2023-03-21 13:00:00,2023-03-21 13:01:00+00:00,2023-03-21 13:59:00,short,1969.09,1966.06557,1966.06557,1972.36646,3.02443,2.67443,1.6244300000000005,tp,london_oneway_continuation,S23B_B_pb0.1_eff0.60_h180_tp0.6_sl0.65,2023-03-21 13:01:00,2023,2023-03,2.3244300000000004,0.9244300000000004,0.2244300000000003,2023-03-21 00:00:00+00:00,1978.05,1985.11,1935.36,1943.07,49.75,43.950000000000045,short,1978.05,1985.11,1975.33,1981.35,9.779999999999973,0.3374233128834318,long,1981.34,1983.16,1962.85,1968.68,20.310000000000173,0.6233382570162357,short,1968.65,1969.25,1951.94,1952.79,17.309999999999945,0.9162333911034188,short,13,True,True,2023-03-21 13:01:00+00:00,-1,,1977.38,1985.11,1935.36,1942.86,2.7737499999999997,2009.7,1965.75,43.950000000000045,15.844975214060405,1,1977.38,1985.11,1975.33,1981.44,2.125937499999992,9.779999999999973,4.600323386741148,0.4151329243353739,1.0,1981.37,1983.16,1962.85,1966.52,2.4451562499999895,20.310000000000173,8.306217649690183,0.7311669128508017,-1.0,,,,,,,,,,,,,,,,,,,5.681297375342008,7.327783467617392,8.72847850180255,10.938825708747403,12.00243164622829,13.53265667234103,1,5.25949999999998,3.9239999999999897,5.002999999999962,False,False
2023-03-27 13:00:00,2023-03-27 13:01:00+00:00,2023-03-27 13:05:00,short,1956.52,1953.07771,1953.07771,1960.24914,3.44229,3.09229,2.04229,tp,london_oneway_continuation,S23B_B_pb0.1_eff0.60_h180_tp0.6_sl0.65,2023-03-27 13:01:00,2023,2023-03,2.74229,1.3422900000000002,0.64229,2023-03-27 00:00:00+00:00,1973.76,1979.86,1943.96,1957.22,35.899999999999864,10.569999999999936,short,1973.76,1979.86,1969.29,1974.55,10.569999999999936,0.0747398297067141,long,1974.55,1975.43,1955.91,1955.99,19.519999999999985,0.9508196721311456,short,1955.97,1958.13,1944.32,1945.65,13.810000000000173,0.7472845763939034,short,13,True,True,2023-03-27 13:01:00+00:00,-1,,1971.51,1979.86,1943.96,1956.56,2.949375000000007,1979.86,1969.29,10.569999999999936,3.5838101292646445,0,1971.51,1979.86,1969.29,1976.05,2.9473437500000053,10.569999999999936,3.586280019084953,0.42951750236518366,1.0,1976.04,1976.12,1956.91,1958.15,2.374843750000011,19.20999999999981,8.088953220606502,0.9312857886517465,-1.0,,,,,,,,,,,,,,,,,,,5.681297375342008,7.297207494246919,8.662709491916699,11.001665659159748,12.00243164622829,13.626090546305297,-1,6.070000000000016,3.9353999999999725,5.04629999999999,True,False
2023-03-30 13:00:00,2023-03-30 13:01:00+00:00,2023-03-30 13:30:00,long,1967.37,1969.43957,1969.43957,1965.12796,2.06957,1.71957,0.6695700000000002,tp,london_oneway_continuation,S23B_B_pb0.1_eff0.60_h180_tp0.6_sl0.65,2023-03-30 13:01:00,2023,2023-03,1.3695700000000002,-0.0304299999999995,-0.7304299999999997,2023-03-30 00:00:00+00:00,1964.28,1984.2,1955.29,1979.06,28.91000000000008,15.759999999999993,short,1964.28,1964.83,1955.29,1959.56,9.539999999999964,0.4947589098532542,short,1959.56,1971.46,1958.9,1967.3,12.559999999999944,0.6162420382165639,long,1967.32,1975.22,1966.84,1970.25,8.38000000000011,0.3496420047732727,long,13,True,False,2023-03-30 13:01:00+00:00,1,,1963.76,1984.2,1955.29,1980.42,2.0499999999999865,1974.34,1958.58,15.759999999999991,7.687804878048826,3,1963.76,1964.83,1955.29,1960.3,1.5460937500000078,9.539999999999964,6.17038908539661,0.3626834381551415,-1.0,1960.32,1971.46,1958.9,1967.32,1.8062499999999773,12.559999999999945,6.953633217993137,0.5573248407643336,1.0,,,,,,,,,,,,,,,,,,,5.681297375342008,7.297207494246919,8.662709491916699,11.008124937671585,12.049958465059339,13.64465320563661,-1,3.824999999999977,3.9426999999999794,5.043299999999981,False,False
2023-04-03 13:00:00,2023-04-03 13:01:00+00:00,2023-04-03 13:14:00,long,1966.84,1970.356,1970.356,1963.031,3.516,3.166,2.116,tp,london_oneway_continuation,S23B_B_pb0.1_eff0.60_h180_tp0.6_sl0.65,2023-04-03 13:01:00,2023,2023-04,2.816,1.4160000000000004,0.7160000000000002,2023-04-03 00:00:00+00:00,1962.43,1990.41,1949.69,1983.89,40.72000000000003,12.190000000000056,short,1962.43,1972.24,1949.69,1951.75,22.549999999999955,0.4736141906873652,short,1951.74,1966.96,1950.42,1966.06,16.539999999999964,0.8657799274486074,long,1966.07,1979.83,1965.89,1978.94,13.939999999999827,0.9232424677188148,long,13,True,False,2023-04-03 13:01:00+00:00,1,,1963.25,1990.41,1949.69,1983.97,3.2510937500000168,1972.24,1960.05,12.190000000000055,3.749507377324936,0,1963.25,1972.24,1949.69,1951.02,3.7320312500000092,22.549999999999955,6.0422859535272915,0.5423503325942369,-1.0,1951.0,1966.96,1950.42,1963.78,2.586093750000014,16.539999999999964,6.395746480575143,0.7726723095525998,1.0,,,,,,,,,,,,,,,,,,,5.681297375342008,7.199660834330237,8.597492859186481,11.010362057281615,12.084899498932186,13.69851692674092,-1,6.445999999999993,3.944300000000012,5.044000000000003,False,False
2023-04-13 13:00:00,2023-04-13 13:01:00+00:00,2023-04-13 14:57:00,long,2026.41,2028.48643,2028.48643,2024.16054,2.07643,1.72643,0.6764300000000003,tp,london_oneway_continuation,S23B_B_pb0.1_eff0.60_h180_tp0.6_sl0.65,2023-04-13 13:01:00,2023,2023-04,1.3764300000000005,-0.0235699999999994,-0.7235699999999996,2023-04-13 00:00:00+00:00,2015.09,2048.6,2013.59,2040.06,35.00999999999999,27.13000000000011,long,2015.09,2019.73,2013.59,2017.36,6.1400000000001,0.3697068403908705,long,2017.36,2029.13,2015.18,2026.52,13.950000000000044,0.6566308243727635,long,2026.54,2045.7,2024.92,2044.99,20.779999999999973,0.8878729547641997,long,13,True,True,2023-04-13 13:01:00+00:00,1,,2014.72,2048.6,2013.59,2040.52,1.9443749999999973,2028.25,2001.12,27.13000000000011,13.953069752491237,3,2014.72,2019.73,2013.59,2017.12,1.8098437499999775,6.1400000000001,3.3925580592248235,0.390879478827333,1.0,2017.1,2029.13,2015.18,2026.84,1.8399999999999928,13.950000000000045,7.58152173913049,0.6982078853046578,1.0,,,,,,,,,,,,,,,,,,,5.681297375342008,7.297207494246919,8.597492859186481,11.010362057281615,12.109556451523046,13.69851692674092,1,3.983999999999992,3.955999999999989,5.071750000000009,True,True
2023-04-26 13:00:00,2023-04-26 13:01:00+00:00,2023-04-26 14:41:00,long,1999.56,1997.24879,2001.69343,1997.24879,-2.31121,-2.66121,-3.71121,sl_conservative,london_oneway_continuation,S23B_B_pb0.1_eff0.60_h180_tp0.6_sl0.65,2023-04-26 13:01:00,2023,2023-04,-3.01121,-4.41121,-5.11121,2023-04-26 00:00:00+00:00,1997.51,2009.25,1983.33,1990.0,25.920000000000076,27.71000000000004,long,1997.51,2002.38,1993.15,1994.02,9.230000000000018,0.3781148429035755,short,1994.03,2000.1,1994.03,1998.72,6.069999999999936,0.7726523887973812,long,1998.75,2001.65,1991.36,1997.9,10.290000000000193,0.082604470359562,short,13,True,True,2023-04-26 13:01:00+00:00,1,,1996.49,2009.25,1983.33,1988.92,2.274531250000013,2003.75,1976.04,27.710000000000036,12.182729958095706,2,1996.49,2002.38,1993.51,1995.23,2.274531250000013,8.870000000000118,3.8997046094662653,0.14205186020292832,-1.0,1995.24,2000.1,1993.15,1997.75,1.8267187500000013,6.949999999999818,3.8046360448207,0.3611510791366988,1.0,,,,,,,,,,,,,,,,,,,5.864607909956004,7.380938779895075,8.721762706362975,11.050455340458779,12.209650727550265,14.078990771146144,1,4.445999999999993,3.963500000000005,5.075650000000002,True,False
2023-05-30 13:00:00,2023-05-30 13:01:00+00:00,2023-05-30 13:04:00,long,1953.1,1955.65129,1955.65129,1950.33611,2.55129,2.20129,1.15129,tp,london_oneway_continuation,S23B_B_pb0.1_eff0.60_h180_tp0.6_sl0.65,2023-05-30 13:01:00,2023,2023-05,1.85129,0.4512900000000002,-0.24871,2023-05-30 00:00:00+00:00,1942.97,1963.44,1931.91,1958.51,31.529999999999973,9.490000000000007,short,1942.97,1946.56,1939.18,1939.37,7.379999999999882,0.4878048780488068,short,1939.37,1952.95,1931.91,1952.87,21.039999999999964,0.6416349809885943,long,1952.87,1962.23,1952.27,1956.38,9.960000000000036,0.3524096385542375,long,13,True,False,2023-05-30 13:01:00+00:00,1,,1943.29,1963.44,1931.91,1959.49,2.254999999999985,1949.65,1940.16,9.490000000000009,4.208425720620875,1,1943.29,1946.56,1940.91,1941.22,1.1243750000000077,5.649999999999864,5.025013896609072,0.3663716814159268,-1.0,1941.22,1949.73,1931.91,1947.68,1.8449999999999775,17.819999999999936,9.658536585365937,0.3625140291806992,1.0,,,,,,,,,,,,,,,,,,,6.161673835147307,7.446637660910983,8.783404608539279,11.259868000088428,12.379459742656733,14.107482491310176,-1,3.595499999999993,3.9675000000000273,5.075150000000012,False,False
2023-06-12 13:00:00,2023-06-12 13:01:00+00:00,2023-06-12 14:20:00,long,1965.26,1963.30396,1967.06557,1963.30396,-1.95604,-2.30604,-3.35604,sl_conservative,london_oneway_continuation,S23B_B_pb0.1_eff0.60_h180_tp0.6_sl0.65,2023-06-12 13:01:00,2023,2023-06,-2.65604,-4.056039999999999,-4.75604,2023-06-12 00:00:00+00:00,1958.78,1966.9,1949.12,1958.26,17.7800000000002,1.740000000000009,short,1958.78,1960.37,1954.13,1958.35,6.239999999999782,0.068910256410269,short,1958.32,1965.48,1956.43,1965.11,9.049999999999956,0.7502762430939224,long,1965.12,1966.9,1961.0,1962.7,5.900000000000091,0.4101694915253912,short,13,True,False,2023-06-12 13:01:00+00:00,1,,1958.64,1966.9,1949.12,1956.71,1.581718749999979,1960.33,1958.59,1.740000000000009,1.1000691494616424,0,1958.64,1960.37,1954.13,1956.69,1.209218749999966,6.239999999999782,5.160356635224153,0.3125000000000182,-1.0,1956.68,1965.48,1956.43,1964.71,1.421093749999958,9.049999999999955,6.368334249587841,0.8872928176795595,1.0,,,,,,,,,,,,,,,,,,,6.014219024425808,7.446637660910983,8.783404608539279,11.293916871447497,12.624281682699605,14.695428166237889,-1,2.8674999999999615,3.950200000000002,5.020500000000034,False,False
2023-06-27 13:00:00,2023-06-27 13:01:00+00:00,2023-06-27 14:00:00,short,1924.12,1922.34443,1922.34443,1926.04354,1.77557,1.42557,0.3755700000000002,tp,london_oneway_continuation,S23B_B_pb0.1_eff0.60_h180_tp0.6_sl0.65,2023-06-27 13:01:00,2023,2023-06,1.07557,-0.3244299999999995,-1.0244299999999995,2023-06-27 00:00:00+00:00,1924.51,1930.59,1910.93,1914.85,19.65999999999985,11.819999999999936,short,1924.51,1930.29,1920.94,1928.31,9.349999999999907,0.4064171122994643,long,1928.33,1929.66,1923.71,1924.02,5.9500000000000455,0.724369747899145,short,1924.01,1930.3,1919.61,1926.08,10.690000000000056,0.1936389148737068,long,13,True,True,2023-06-27 13:01:00+00:00,-1,,1923.37,1930.59,1910.93,1913.13,1.4949999999999903,1933.26,1921.44,11.819999999999936,7.906354515050176,1,1923.37,1930.29,1920.94,1929.02,1.2323437499999947,9.349999999999909,7.587168758716834,0.6042780748663258,1.0,1929.01,1929.66,1923.71,1924.23,1.4278124999999946,5.9500000000000455,4.167213832348483,0.8033613445378044,-1.0,,,,,,,,,,,,,,,,,,,5.914361761856674,7.349747617294647,8.771391856750894,11.381945876854124,12.66653813129565,14.82207262076631,1,2.9550000000000067,3.933349999999998,4.988649999999991,False,False
2023-07-04 13:00:00,2023-07-04 13:01:00+00:00,2023-07-04 14:38:00,long,1929.63,1928.31793,1930.84114,1928.31793,-1.31207,-1.66207,-2.71207,sl_conservative,london_oneway_continuation,S23B_B_pb0.1_eff0.60_h180_tp0.6_sl0.65,2023-07-04 13:01:00,2023,2023-07,-2.01207,-3.41207,-4.11207,2023-07-04 00:00:00+00:00,1921.09,1930.64,1919.7,1926.03,10.940000000000056,20.950000000000045,long,1921.09,1923.34,1919.7,1922.84,3.6399999999998727,0.4807692307692476,long,1922.84,1930.55,1922.64,1929.65,7.9099999999998545,0.8609355246523765,long,1929.67,1930.64,1926.14,1926.67,4.5,0.6666666666666666,short,13,True,True,2023-07-04 13:01:00+00:00,1,,1921.34,1930.64,1919.7,1926.86,1.1099999999999852,1930.92,1909.97,20.950000000000045,18.873873873874167,1,1921.34,1923.33,1919.7,1922.93,0.8309374999999939,3.6299999999998818,4.368559608875407,0.43801652892567416,1.0,1922.94,1930.55,1922.64,1929.59,0.963906250000008,7.9099999999998545,8.206192251580264,0.8407079646017681,1.0,,,,,,,,,,,,,,,,,,,6.014219024425808,7.380938779895075,8.76784348283975,11.329671622198347,12.615648995623426,14.695428166237889,1,2.136999999999978,3.9023499999999696,4.962999999999987,True,True
2023-07-17 13:00:00,2023-07-17 13:01:00+00:00,2023-07-17 15:18:00,long,1958.59,1956.36746,1960.64157,1956.36746,-2.22254,-2.57254,-3.62254,sl_conservative,london_oneway_continuation,S23B_B_pb0.1_eff0.60_h180_tp0.6_sl0.65,2023-07-17 13:01:00,2023,2023-07,-2.92254,-4.32254,-5.022539999999999,2023-07-17 00:00:00+00:00,1953.03,1959.83,1945.74,1954.91,14.089999999999918,2.8300000000001546,short,1953.03,1955.9,1950.91,1952.07,4.990000000000009,0.1923847695390851,short,1952.02,1959.21,1950.61,1958.64,8.600000000000136,0.7697674418604666,long,1958.65,1959.83,1948.09,1948.6,11.740000000000007,0.8560477001703726,short,13,True,False,2023-07-17 13:01:00+00:00,1,,1953.28,1959.83,1945.74,1954.81,1.6364062499999825,1955.68,1953.06,2.6200000000001182,1.6010694165951433,0,1953.28,1955.9,1950.91,1952.1,1.3870312499999855,4.990000000000009,3.5976118057902884,0.2364729458917959,-1.0,1952.09,1957.46,1950.61,1956.73,1.3792187499999855,6.850000000000136,4.966579811940788,0.6773722627737238,1.0,,,,,,,,,,,,,,,,,,,5.914361761856674,7.327783467617392,8.588261060012988,11.293916871447497,12.615648995623426,14.82207262076631,-1,3.1794999999999844,3.8710000000000013,4.921150000000012,False,False
2023-08-09 13:00:00,2023-08-09 13:01:00+00:00,2023-08-09 14:04:00,short,1925.75,1924.39229,1924.39229,1927.22086,1.35771,1.00771,-0.0422899999999999,tp,london_oneway_continuation,S23B_B_pb0.1_eff0.60_h180_tp0.6_sl0.65,2023-08-09 13:01:00,2023,2023-08,0.65771,-0.7422899999999997,-1.4422899999999998,2023-08-09 00:00:00+00:00,1924.79,1932.17,1913.84,1916.13,18.330000000000155,15.22999999999979,short,1924.79,1930.63,1924.04,1929.93,6.5900000000001455,0.7799696509863409,long,1929.9,1932.17,1925.73,1926.02,6.440000000000055,0.6024844720497012,short,1926.01,1926.38,1921.99,1924.72,4.3900000000001,0.2938496583143358,short,13,True,True,2023-08-09 13:01:00+00:00,-1,,1924.69,1932.17,1913.84,1914.64,1.3042187499999898,1937.87,1922.64,15.22999999999979,11.677488918174125,2,1924.69,1930.56,1924.04,1929.89,0.9896875000000058,6.519999999999982,6.5879381117776505,0.7975460122699478,1.0,1929.89,1932.17,1927.02,1927.1,1.1924999999999812,5.150000000000091,4.318658280922576,0.5417475728155615,-1.0,,,,,,,,,,,,,,,,,,,6.014219024425808,7.30511251989688,8.299671297624924,11.271109053945267,12.55534634184587,14.75530297889004,-1,2.2995000000000347,3.8129999999999735,4.902300000000021,True,False
2023-08-22 13:00:00,2023-08-22 13:01:00+00:00,2023-08-22 13:21:00,long,1902.48,1904.13386,1904.13386,1900.68832,1.65386,1.3038600000000002,0.2538600000000002,tp,london_oneway_continuation,S23B_B_pb0.1_eff0.60_h180_tp0.6_sl0.65,2023-08-22 13:01:00,2023,2023-08,0.9538600000000002,-0.4461399999999995,-1.1461399999999995,2023-08-22 00:00:00+00:00,1894.97,1904.41,1888.96,1897.74,15.450000000000044,14.160000000000082,long,1894.97,1897.14,1893.53,1895.9,3.6100000000001273,0.2576177285318645,long,1895.91,1903.71,1893.73,1902.76,9.980000000000018,0.6863727454909716,long,1902.76,1904.41,1896.26,1897.33,8.150000000000091,0.6662576687116568,short,13,True,True,2023-08-22 13:01:00+00:00,1,,1894.5,1904.41,1888.96,1897.2,1.46875,1898.77,1884.61,14.160000000000082,9.640851063829842,1,1894.5,1897.14,1893.53,1896.0,0.9210937500000362,3.6100000000001273,3.919253604749772,0.41551246537394654,1.0,1896.02,1902.89,1893.73,1902.76,1.32578125000002,9.160000000000082,6.9091337654684315,0.7358078602620032,1.0,,,,,,,,,,,,,,,,,,,5.674868184265177,7.225971705022547,8.299671297624924,11.293916871447497,12.624281682699605,14.75530297889004,1,2.644500000000039,3.7788499999999963,4.896500000000018,True,True
2023-09-27 13:00:00,2023-09-27 13:01:00+00:00,2023-09-27 13:47:00,short,1895.21,1893.78329,1893.78329,1896.75561,1.42671,1.0767099999999998,0.02671,tp,london_oneway_continuation,S23B_B_pb0.1_eff0.60_h180_tp0.6_sl0.65,2023-09-27 13:01:00,2023,2023-09,0.72671,-0.6732899999999997,-1.37329,2023-09-27 00:00:00+00:00,1900.89,1903.84,1872.37,1876.77,31.470000000000027,17.690000000000055,short,1900.89,1903.84,1899.38,1899.82,4.459999999999809,0.2399103139013922,short,1899.81,1899.81,1894.47,1895.42,5.339999999999918,0.8220973782771424,short,1895.41,1896.23,1889.37,1891.61,6.860000000000127,0.5539358600583253,short,13,True,True,2023-09-27 13:01:00+00:00,-1,,1900.24,1903.84,1872.37,1875.89,1.2740624999999888,1916.65,1898.96,17.690000000000055,13.8847191562425,2,1900.24,1903.84,1899.56,1900.22,0.9310937499999916,4.279999999999973,4.596744420204744,0.004672897196257462,-1.0,1900.21,1900.22,1894.47,1894.52,1.1584374999999874,5.75,4.963582411653682,0.9895652173913139,-1.0,,,,,,,,,,,,,,,,,,,5.674868184265177,7.249492623316376,8.332823959702266,11.271109053945267,12.615648995623426,14.478284562744383,-1,2.4585000000000035,3.545199999999975,4.734500000000006,True,True
2023-10-17 13:00:00,2023-10-17 13:01:00+00:00,2023-10-17 13:13:00,long,1922.63,1924.50971,1924.50971,1920.59364,1.87971,1.52971,0.4797100000000001,tp,london_oneway_continuation,S23B_B_pb0.1_eff0.60_h180_tp0.6_sl0.65,2023-10-17 13:01:00,2023,2023-10,1.17971,-0.2202899999999996,-0.9202899999999998,2023-10-17 00:00:00+00:00,1918.64,1931.41,1912.21,1924.8,19.200000000000045,22.09999999999991,short,1918.64,1921.57,1912.21,1916.54,9.3599999999999,0.2243589743589913,short,1916.64,1923.62,1913.98,1922.8,9.639999999999873,0.6390041493775868,long,1922.79,1928.83,1918.81,1925.84,10.019999999999982,0.3043912175648662,long,13,True,False,2023-10-17 13:01:00+00:00,1,,1919.63,1931.41,1912.21,1923.01,1.6517187500000148,1930.11,1908.01,22.09999999999991,13.38000189196842,1,1919.63,1921.57,1912.21,1915.95,1.2892187499999892,9.3599999999999,7.260210883529252,0.39316239316240414,-1.0,1915.92,1923.47,1913.98,1922.42,1.581874999999993,9.490000000000009,5.999209798498649,0.6849315068493144,1.0,,,,,,,,,,,,,,,,,,,5.823423135847124,7.4713898320371745,8.783476588591357,11.448777991086715,12.624281682699605,14.156610218108412,1,3.0399999999999636,3.49850000000001,4.675649999999987,True,False
2023-10-24 13:00:00,2023-10-24 13:01:00+00:00,2023-10-24 13:21:00,short,1967.15,1964.85971,1964.85971,1969.63114,2.29029,1.94029,0.8902900000000002,tp,london_oneway_continuation,S23B_B_pb0.1_eff0.60_h180_tp0.6_sl0.65,2023-10-24 13:01:00,2023,2023-10,1.5902900000000002,0.1902900000000005,-0.5097099999999997,2023-10-24 00:00:00+00:00,1972.96,1980.81,1953.58,1970.47,27.230000000000015,21.069999999999936,short,1972.96,1980.81,1971.35,1976.81,9.460000000000036,0.4069767441860353,long,1976.81,1979.16,1964.9,1966.57,14.259999999999993,0.7180925666199169,short,1966.55,1967.41,1953.58,1964.87,13.830000000000156,0.1214750542299381,short,13,True,True,2023-10-24 13:01:00+00:00,-1,,1972.76,1980.81,1953.58,1971.32,2.0162499999999817,1982.82,1961.75,21.069999999999936,10.450092994420398,1,1972.76,1980.81,1971.35,1976.96,1.6834375000000286,9.460000000000036,5.619454241692891,0.44397463002114473,1.0,1977.0,1979.16,1964.9,1967.33,1.699687499999996,14.259999999999991,8.38977753263469,0.678120617110805,-1.0,,,,,,,,,,,,,,,,,,,5.894181097498352,7.375709767994873,8.773862857040674,11.448777991086715,12.66653813129565,14.156610218108412,-1,4.0580000000000265,3.50305000000002,4.705799999999993,True,False
2023-11-20 13:00:00,2023-11-20 13:01:00+00:00,2023-11-20 13:42:00,short,1975.86,1973.53714,1973.53714,1978.37643,2.32286,1.97286,0.92286,tp,london_oneway_continuation,S23B_B_pb0.1_eff0.60_h180_tp0.6_sl0.65,2023-11-20 13:01:00,2023,2023-11,1.62286,0.2228600000000002,-0.4771399999999999,2023-11-20 00:00:00+00:00,1974.48,1985.14,1965.44,1981.13,19.700000000000045,4.460000000000036,short,1974.48,1985.14,1973.34,1981.33,11.800000000000182,0.5805084745762545,long,1981.33,1983.3,1975.06,1975.86,8.240000000000009,0.6638349514563132,short,1975.85,1976.28,1965.64,1968.26,10.639999999999873,0.713345864661655,short,13,True,True,2023-11-20 13:01:00+00:00,-1,,1978.29,1985.14,1965.44,1977.11,1.982968750000019,1978.66,1976.82,1.8400000000001455,0.9279016625956046,0,1978.29,1985.14,1973.34,1982.13,1.6421875000000021,11.800000000000182,7.1855375832541455,0.3254237288135666,1.0,1982.12,1983.3,1975.1,1975.52,1.9906249999999979,8.200000000000045,4.119309262166432,0.8048780487804722,-1.0,,,,,,,,,,,,,,,,,,,5.823423135847124,7.561040685367772,8.832328847003017,11.338825804042909,12.624281682699605,14.31195868185191,-1,3.6015000000000215,3.4930000000000074,4.686649999999998,True,False
2023-11-30 13:00:00,2023-11-30 13:01:00+00:00,2023-11-30 15:06:00,short,2037.73,2039.90054,2035.72643,2039.90054,-2.17054,-2.52054,-3.57054,sl_conservative,london_oneway_continuation,S23B_B_pb0.1_eff0.60_h180_tp0.6_sl0.65,2023-11-30 13:01:00,2023,2023-11,-2.87054,-4.27054,-4.97054,2023-11-30 00:00:00+00:00,2044.56,2047.13,2031.07,2040.12,16.060000000000173,16.749999999999773,long,2044.56,2047.13,2042.59,2044.56,4.540000000000191,0.0,long,2044.54,2046.94,2036.78,2038.34,10.160000000000082,0.6102362204724405,short,2038.32,2044.1,2034.04,2036.86,10.059999999999944,0.1451292246520918,short,13,True,False,2023-11-30 13:01:00+00:00,-1,,2044.34,2047.13,2031.07,2036.03,1.801093750000014,2052.16,2035.41,16.749999999999773,9.299904571874531,3,2044.34,2047.13,2042.59,2043.35,1.2785937500000344,4.540000000000191,3.5507759990224175,0.2180616740088034,-1.0,2043.28,2046.94,2036.78,2040.0,1.511875000000039,10.160000000000082,6.720132286068504,0.32283464566928605,-1.0,,,,,,,,,,,,,,,,,,,5.823423135847124,7.561040685367772,8.871012619002565,11.497049035414022,12.777553105802843,14.478284562744383,1,3.5360000000000467,3.472500000000041,4.662150000000013,False,True
2023-12-22 13:00:00,2023-12-22 13:01:00+00:00,2023-12-22 13:24:00,long,2055.93,2058.37071,2058.37071,2053.28589,2.44071,2.09071,1.0407100000000002,tp,london_oneway_continuation,S23B_B_pb0.1_eff0.60_h180_tp0.6_sl0.65,2023-12-22 13:01:00,2023,2023-12,1.7407100000000002,0.3407100000000005,-0.3592899999999996,2023-12-22 00:00:00+00:00,2052.79,2070.55,2046.39,2053.05,24.16000000000008,21.38000000000011,long,2052.79,2055.0,2046.39,2049.59,8.6099999999999,0.3716608594657207,short,2049.6,2057.23,2047.0,2055.76,10.230000000000018,0.6021505376344377,long,2055.74,2069.27,2055.22,2067.17,14.050000000000182,0.813523131672608,long,13,True,True,2023-12-22 13:01:00+00:00,1,,2045.53,2070.55,2045.47,2052.94,2.418593749999978,2045.95,2028.3,17.65000000000009,7.297629045804096,4,2045.53,2055.0,2045.47,2049.62,2.431718749999977,9.529999999999973,3.919038745743135,0.42917103882475655,1.0,2049.57,2057.23,2047.0,2055.4,1.7314062499999707,10.230000000000018,5.908492013356306,0.5698924731182714,1.0,,,,,,,,,,,,,,,,,,,5.894181097498352,7.777228528674493,9.253813691340907,11.824128907667438,13.035704775284676,14.623415835722788,1,4.196999999999969,3.506999999999971,4.690649999999999,True,True
2024-01-03 13:00:00,2024-01-03 13:01:00+00:00,2024-01-03 13:13:00,short,2054.78,2052.68471,2052.68471,2057.04989,2.09529,1.7452899999999998,0.69529,tp,london_oneway_continuation,S23B_B_pb0.1_eff0.60_h180_tp0.6_sl0.65,2024-01-03 13:01:00,2024,2024-01,1.39529,-0.0047099999999997,-0.70471,2024-01-03 00:00:00+00:00,2059.56,2065.9,2030.43,2042.78,35.47000000000003,22.88000000000011,short,2059.56,2065.52,2058.47,2064.73,7.050000000000182,0.7333333333333247,long,2064.74,2065.9,2052.7,2054.91,13.200000000000273,0.7446969696969488,short,2054.91,2055.65,2038.5,2040.8,17.15000000000009,0.8227405247813309,short,13,True,True,2024-01-03 13:01:00+00:00,-1,,2058.61,2065.9,2030.43,2040.82,1.8334374999999454,2078.82,2055.94,22.88000000000011,12.479290949378306,2,2058.61,2065.52,2058.47,2065.03,1.4749999999999517,7.050000000000182,4.779661016949432,0.9106382978723272,1.0,2065.01,2065.9,2052.7,2055.12,1.4385937499999457,13.200000000000273,9.175627240143905,0.7492424242424336,-1.0,,,,,,,,,,,,,,,,,,,5.5678042771434075,7.4756022504654505,9.030919091638836,11.483881535302523,12.777553105802843,14.31195868185191,-1,3.776000000000022,3.4917000000000415,4.676649999999986,True,False
2024-01-08 13:00:00,2024-01-08 13:01:00+00:00,2024-01-08 13:18:00,short,2027.1,2024.44757,2024.44757,2029.97346,2.65243,2.30243,1.25243,tp,london_oneway_continuation,S23B_B_pb0.1_eff0.60_h180_tp0.6_sl0.65,2024-01-08 13:01:00,2024,2024-01,1.95243,0.5524300000000002,-0.1475699999999999,2024-01-08 00:00:00+00:00,2044.27,2046.55,2016.53,2030.66,30.019999999999985,2.4299999999998363,long,2044.27,2046.55,2035.02,2035.76,11.529999999999973,0.7380745880312238,short,2035.78,2036.07,2026.61,2027.38,9.460000000000036,0.8879492600422655,short,2027.37,2027.67,2016.53,2018.72,11.1400000000001,0.776481149012548,short,13,True,False,2024-01-08 13:01:00+00:00,-1,,2044.19,2046.55,2016.53,2028.23,2.2718749999999908,2045.35,2042.92,2.4299999999998363,1.069601100412587,0,2044.19,2046.55,2035.02,2035.94,1.6078124999999908,11.529999999999973,7.171234207968926,0.7155247181266279,-1.0,2035.95,2036.38,2026.61,2026.82,2.0287499999999987,9.77000000000021,4.815773259396286,0.9344933469805439,-1.0,,,,,,,,,,,,,,,,,,,5.5678042771434075,7.532162664191623,9.15684650275612,11.483881535302523,12.736639823557628,14.31195868185191,-1,4.426499999999999,3.4908500000000355,4.68165000000002,True,True
2024-01-16 13:00:00,2024-01-16 13:01:00+00:00,2024-01-16 13:46:00,short,2040.37,2038.49371,2038.49371,2042.40264,1.87629,1.52629,0.4762900000000001,tp,london_oneway_continuation,S23B_B_pb0.1_eff0.60_h180_tp0.6_sl0.65,2024-01-16 13:01:00,2024,2024-01,1.17629,-0.2237099999999996,-0.9237099999999998,2024-01-16 00:00:00+00:00,2054.08,2055.46,2024.03,2027.94,31.430000000000064,12.740000000000007,long,2054.08,2055.46,2048.29,2049.37,7.170000000000073,0.656903765690375,short,2049.36,2050.89,2038.48,2040.71,12.409999999999854,0.6970185334407891,short,2040.81,2044.99,2031.11,2037.37,13.88000000000011,0.2478386167146994,short,13,True,False,2024-01-16 13:01:00+00:00,-1,,2054.82,2055.46,2024.03,2027.78,1.76640625000001,2058.56,2045.82,12.740000000000009,7.212383900928757,1,2054.82,2055.46,2048.29,2049.27,1.4450000000000358,7.170000000000073,4.961937716262903,0.7740585774058752,-1.0,2049.3,2050.89,2038.48,2039.93,1.5340625000000188,12.409999999999854,8.08963128946813,0.7550362610797927,-1.0,,,,,,,,,,,,,,,,,,,5.462977818040541,7.532162664191623,9.15684650275612,11.483881535302523,12.624281682699605,14.084375224220453,-1,3.093500000000051,3.4725000000000215,4.659999999999972,True,True
2024-02-13 13:00:00,2024-02-13 13:01:00+00:00,2024-02-13 13:18:00,long,2026.61,2027.77443,2027.77443,2025.34854,1.16443,0.8144300000000001,-0.2355699999999998,tp,london_oneway_continuation,S23B_B_pb0.1_eff0.60_h180_tp0.6_sl0.65,2024-02-13 13:01:00,2024,2024-02,0.4644300000000001,-0.9355699999999996,-1.6355699999999995,2024-02-13 00:00:00+00:00,2018.6,2029.83,1989.96,1991.28,39.86999999999989,15.639999999999873,short,2018.6,2021.05,2016.64,2018.78,4.409999999999855,0.040816326530628,long,2018.77,2027.96,2018.77,2026.56,9.190000000000056,0.8476605005440606,long,2026.56,2029.83,2002.76,2004.15,27.069999999999936,0.8278537125969674,short,13,True,False,2024-02-13 13:01:00+00:00,1,,2019.69,2029.83,1989.96,1992.44,1.1453124999999602,2027.35,2011.71,15.639999999999873,13.65566166439327,1,2019.69,2021.05,2016.64,2018.71,1.1453124999999602,4.4099999999998545,3.850477489768083,0.22222222222223367,-1.0,2018.72,2027.96,2018.47,2027.89,0.9017187499999793,9.490000000000009,10.524345867267623,0.9662802950474251,1.0,,,,,,,,,,,,,,,,,,,3.9323446351347724,7.3465506605901,8.904244568173054,11.092611226011995,12.485056953979154,14.037457863301478,-1,2.313499999999988,3.43035000000001,4.538649999999976,False,False
2024-03-18 13:00:00,2024-03-18 13:01:00+00:00,2024-03-18 13:30:00,long,2158.77,2160.94286,2160.94286,2156.41607,2.17286,1.82286,0.7728600000000001,tp,london_oneway_continuation,S23B_B_pb0.1_eff0.60_h180_tp0.6_sl0.65,2024-03-18 13:01:00,2024,2024-03,1.47286,0.0728600000000003,-0.6271399999999998,2024-03-18 00:00:00+00:00,2154.67,2163.61,2146.05,2162.13,17.559999999999945,5.369999999999891,long,2154.67,2157.47,2146.05,2147.31,11.419999999999618,0.6444833625219242,short,2147.26,2158.47,2146.12,2158.2,12.349999999999907,0.8858299595141441,long,2158.19,2163.61,2155.46,2156.71,8.150000000000091,0.18159509202454,short,13,True,True,2024-03-18 13:01:00+00:00,1,,2155.51,2163.61,2146.05,2161.09,1.8914062500000242,2156.09,2151.52,4.570000000000164,2.416191656340411,0,2155.51,2157.47,2146.05,2147.08,1.8846875000000054,11.419999999999618,6.059359973470183,0.7381786339755317,-1.0,2147.05,2157.81,2146.12,2157.37,1.7601562499999588,11.690000000000055,6.641455836662415,0.8828058169375245,1.0,,,,,,,,,,,,,,,,,,,3.157166265198201,7.4992713168871585,9.11960977781689,10.950147456094042,12.476287284813539,13.994686959387035,-1,3.6874999999999774,3.3584999999999923,4.46445,False,False
2024-04-03 13:00:00,2024-04-03 13:01:00+00:00,2024-04-03 15:22:00,short,2271.76,2268.21186,2268.21186,2275.60382,3.54814,3.19814,2.14814,tp,london_oneway_continuation,S23B_B_pb0.1_eff0.60_h180_tp0.6_sl0.65,2024-04-03 13:01:00,2024,2024-04,2.84814,1.4481400000000004,0.7481400000000002,2024-04-03 00:00:00+00:00,2281.74,2301.75,2265.48,2301.64,36.26999999999998,35.35999999999967,long,2281.74,2288.31,2276.72,2285.0,11.590000000000146,0.2812769628990662,long,2285.01,2287.04,2267.68,2272.01,19.360000000000127,0.6714876033057807,short,2272.02,2275.13,2265.48,2274.87,9.650000000000093,0.2953367875647546,long,13,True,False,2024-04-03 13:01:00+00:00,-1,,2279.71,2300.14,2265.48,2298.94,3.273125000000043,2280.28,2246.55,33.73000000000002,10.305136528546749,2,2279.71,2288.31,2276.72,2285.58,3.273125000000043,11.590000000000146,3.540958564063393,0.5064710957722016,1.0,2285.54,2287.04,2267.68,2271.57,2.939843749999973,19.360000000000127,6.585384002126067,0.721590909090894,-1.0,,,,,,,,,,,,,,,,,,,3.078904927531959,7.4992713168871585,9.11960977781689,10.971359865590422,12.476287284813539,13.98839816222215,1,6.421000000000049,3.34785000000001,4.475499999999973,False,False
2024-04-05 13:00:00,2024-04-05 13:01:00+00:00,2024-04-05 13:13:00,long,2291.09,2295.083,2295.083,2286.76425,3.993,3.643,2.593,tp,london_oneway_continuation,S23B_B_pb0.1_eff0.60_h180_tp0.6_sl0.65,2024-04-05 13:01:00,2024,2024-04,3.293,1.893,1.193,2024-04-05 00:00:00+00:00,2289.88,2330.32,2267.78,2328.32,62.53999999999997,25.519999999999985,short,2289.88,2293.36,2267.78,2276.74,25.579999999999927,0.5136825645035327,short,2276.77,2293.54,2276.57,2291.13,16.9699999999998,0.8461991750147494,long,2291.02,2296.07,2280.32,2290.83,15.75,0.0120634920634955,short,13,True,False,2024-04-05 13:01:00+00:00,1,,2290.84,2330.32,2267.78,2327.06,3.7167187499999983,2305.56,2280.04,25.519999999999982,6.866271492832218,4,2290.84,2293.36,2267.78,2275.62,3.775937500000005,25.579999999999927,6.774476537283759,0.5949960906958678,-1.0,2275.59,2293.54,2275.16,2292.78,3.245000000000033,18.38000000000011,5.664098613251132,0.935255712731227,1.0,,,,,,,,,,,,,,,,,,,3.078904927531959,7.4992713168871585,9.148568618171401,10.971359865590422,12.476287284813539,13.98839816222215,-1,7.618500000000017,3.34785000000001,4.4869500000000135,False,False
2024-05-02 13:00:00,2024-05-02 13:01:00+00:00,2024-05-02 13:03:00,short,2301.5,2297.933,2297.933,2305.36425,3.567,3.217,2.1670000000000003,tp,london_oneway_continuation,S23B_B_pb0.1_eff0.60_h180_tp0.6_sl0.65,2024-05-02 13:01:00,2024,2024-05,2.867,1.4670000000000003,0.7670000000000003,2024-05-02 00:00:00+00:00,2320.85,2326.42,2285.32,2303.51,41.09999999999991,46.82999999999993,long,2320.85,2326.42,2317.35,2319.56,9.070000000000164,0.1422271223814708,short,2319.58,2320.98,2298.64,2301.68,22.340000000000146,0.8012533572068028,short,2301.67,2304.26,2293.41,2294.37,10.850000000000364,0.6728110599078283,short,13,True,False,2024-05-02 13:01:00+00:00,-1,,2318.21,2326.42,2285.32,2301.85,4.43531250000003,2328.25,2281.42,46.82999999999993,10.55844430352982,3,2318.21,2326.42,2316.88,2318.85,5.0548437500000105,9.539999999999964,1.8872986924669914,0.06708595387839361,1.0,2318.84,2320.98,2298.64,2300.69,2.549062500000012,22.340000000000146,8.764006374892745,0.8124440465532664,-1.0,,,,,,,,,,,,,,,,,,,2.820096616741392,7.533719505537115,9.231999405212864,11.009811260647432,12.52953689165443,13.967161305847533,1,8.018500000000063,3.357349999999985,4.608299999999988,False,False
2024-05-10 13:00:00,2024-05-10 13:01:00+00:00,2024-05-10 13:25:00,long,2372.83,2376.079,2376.079,2369.31025,3.249,2.899,1.849,tp,london_oneway_continuation,S23B_B_pb0.1_eff0.60_h180_tp0.6_sl0.65,2024-05-10 13:01:00,2024,2024-05,2.5490000000000004,1.1490000000000005,0.4490000000000003,2024-05-10 00:00:00+00:00,2346.25,2378.45,2345.19,2360.77,33.25999999999976,40.63999999999987,long,2346.25,2355.85,2345.19,2353.41,10.659999999999854,0.6716697936210086,long,2353.4,2375.34,2351.26,2372.51,24.079999999999927,0.7936046511627984,long,2372.51,2378.45,2361.78,2364.88,16.669999999999618,0.4577084583083554,short,13,True,True,2024-05-10 13:01:00+00:00,1,,2344.89,2378.45,2344.04,2360.66,2.805781250000024,2347.19,2306.55,40.63999999999987,14.48437935067088,4,2344.89,2355.85,2344.04,2351.91,2.2765624999999545,11.809999999999945,5.187645847632201,0.5944115156646922,1.0,2351.9,2375.34,2351.26,2372.15,2.4953124999999687,24.079999999999927,9.65009392611155,0.8409468438538231,1.0,,,,,,,,,,,,,,,,,,,2.793607516931656,7.533719505537115,9.084511398070015,10.950147456094042,12.485056953979154,13.98839816222215,1,5.503999999999996,3.3605000000000063,4.688100000000011,True,True
2024-05-29 13:00:00,2024-05-29 13:01:00+00:00,2024-05-29 14:50:00,short,2344.62,2341.89,2341.89,2347.5775,2.73,2.38,1.33,tp,london_oneway_continuation,S23B_B_pb0.1_eff0.60_h180_tp0.6_sl0.65,2024-05-29 13:01:00,2024,2024-05,2.03,0.6300000000000003,-0.0699999999999998,2024-05-29 00:00:00+00:00,2359.19,2362.42,2334.36,2337.46,28.059999999999945,24.059999999999945,long,2359.19,2362.42,2354.49,2358.17,7.930000000000291,0.1286254728877609,short,2358.2,2361.36,2340.66,2345.53,20.700000000000276,0.6120772946859638,short,2345.53,2347.04,2334.36,2337.44,12.679999999999836,0.6380126182965496,short,13,True,False,2024-05-29 13:01:00+00:00,-1,,2359.26,2362.42,2334.36,2337.49,2.6526562499999855,2364.13,2340.07,24.059999999999945,9.070153737409465,2,2359.26,2362.42,2354.49,2357.01,2.0795312500000023,7.930000000000291,3.8133593808702235,0.2837326607818307,-1.0,2356.99,2361.36,2340.66,2343.95,2.174062499999984,20.700000000000273,9.52134540750343,0.629951690821246,-1.0,,,,,,,,,,,,,,,,,,,2.6480364550984796,7.4992713168871585,9.11960977781689,10.969632310904082,12.485056953979154,13.98839816222215,1,4.943000000000052,3.379000000000001,4.887650000000022,False,True
2024-06-07 13:00:00,2024-06-07 13:01:00+00:00,2024-06-07 13:50:00,short,2337.84,2332.81329,2332.81329,2343.28561,5.02671,4.67671,3.62671,tp,london_oneway_continuation,S23B_B_pb0.1_eff0.60_h180_tp0.6_sl0.65,2024-06-07 13:01:00,2024,2024-06,4.326709999999999,2.92671,2.22671,2024-06-07 00:00:00+00:00,2377.0,2387.67,2286.6,2292.65,101.07000000000016,25.20999999999958,long,2377.0,2382.01,2369.41,2380.14,12.600000000000364,0.2492063492063319,long,2380.15,2387.67,2337.25,2339.15,50.42000000000007,0.8131693772312563,short,2339.15,2339.16,2313.06,2319.1,26.09999999999991,0.7681992337164848,short,13,True,False,2024-06-07 13:01:00+00:00,-1,,2373.24,2387.67,2286.6,2291.52,4.36562500000003,2378.47,2353.26,25.20999999999958,5.774659985683472,4,2373.24,2380.22,2369.41,2380.08,2.071562500000013,10.809999999999945,5.218283300648606,0.6327474560592211,1.0,2380.16,2387.67,2337.25,2340.06,3.030625000000036,50.42000000000007,16.636832336564066,0.7953193177310561,-1.0,,,,,,,,,,,,,,,,,,,2.6480364550984796,7.54563949386646,9.184872102501073,11.009811260647432,12.52953689165443,14.030232195563379,1,7.6540000000000195,3.3973500000000243,5.004999999999971,False,False
2024-06-14 13:00:00,2024-06-14 13:01:00+00:00,2024-06-14 13:19:00,long,2322.64,2325.48014,2325.48014,2319.56318,2.84014,2.49014,1.44014,tp,london_oneway_continuation,S23B_B_pb0.1_eff0.60_h180_tp0.6_sl0.65,2024-06-14 13:01:00,2024,2024-06,2.14014,0.7401400000000002,0.04014,2024-06-14 00:00:00+00:00,2302.78,2336.35,2301.39,2332.57,34.96000000000004,31.15999999999985,short,2302.78,2308.44,2301.39,2305.31,7.050000000000182,0.3588652482269049,long,2305.31,2322.5,2303.36,2322.44,19.139999999999876,0.8949843260188204,long,2322.4,2336.35,2320.72,2330.17,15.63000000000011,0.4971209213051777,long,13,True,False,2024-06-14 13:01:00+00:00,1,,2303.51,2336.35,2301.39,2332.3,2.6332812499999747,2326.5,2295.34,31.159999999999854,11.83314543404741,4,2303.51,2308.44,2301.39,2305.03,1.5690625000000153,7.050000000000182,4.493128858793141,0.21560283687942447,1.0,2305.04,2321.44,2303.36,2319.86,2.0645312499999804,18.079999999999927,8.757435858624131,0.8196902654867381,1.0,,,,,,,,,,,,,,,,,,,2.6158219892199592,7.439373193820695,9.115517445730466,10.99710845782338,12.485056953979154,14.030232195563379,-1,5.222500000000037,3.407349999999998,5.101650000000008,False,True
2024-06-25 13:00:00,2024-06-25 13:01:00+00:00,2024-06-25 13:15:00,long,2333.43,2336.01857,2336.01857,2330.62571,2.58857,2.23857,1.18857,tp,london_oneway_continuation,S23B_B_pb0.1_eff0.60_h180_tp0.6_sl0.65,2024-06-25 13:01:00,2024,2024-06,1.88857,0.4885700000000001,-0.21143,2024-06-25 00:00:00+00:00,2331.76,2337.11,2315.32,2320.52,21.789999999999964,17.15000000000009,long,2331.76,2334.33,2323.18,2324.12,11.150000000000093,0.6852017937219969,short,2324.13,2334.1,2322.78,2333.09,11.319999999999707,0.7915194346289989,long,2333.08,2337.11,2323.99,2324.15,13.120000000000346,0.6806402439024086,short,13,True,True,2024-06-25 13:01:00+00:00,1,,2332.53,2337.11,2315.32,2318.82,2.2893749999999855,2334.65,2317.5,17.15000000000009,7.491127491127578,1,2332.53,2334.33,2323.18,2327.2,1.6007812499999972,11.150000000000091,6.965348950707732,0.47802690582962676,-1.0,2327.2,2334.1,2322.78,2333.15,1.9050000000000011,11.319999999999709,5.9422572178476125,0.5256183745583415,1.0,,,,,,,,,,,,,,,,,,,2.2687190450563954,7.321354754886165,9.072143523060062,10.99710845782338,12.40519545792991,14.030232195563379,1,4.2209999999999805,3.4437000000000046,5.182149999999971,True,False
2024-06-27 13:00:00,2024-06-27 13:01:00+00:00,2024-06-27 13:07:00,long,2312.55,2314.50729,2314.50729,2310.42961,1.95729,1.60729,0.5572900000000001,tp,london_oneway_continuation,S23B_B_pb0.1_eff0.60_h180_tp0.6_sl0.65,2024-06-27 13:01:00,2024,2024-06,1.25729,-0.1427099999999996,-0.8427099999999998,2024-06-27 00:00:00+00:00,2298.05,2330.91,2296.32,2326.93,34.58999999999969,30.350000000000364,short,2298.05,2299.98,2296.59,2298.8,3.3899999999998727,0.2212389380531056,long,2298.81,2313.75,2296.32,2312.61,17.429999999999836,0.7917383820998457,long,2312.6,2325.8,2312.31,2322.83,13.490000000000236,0.7583395107486908,long,13,True,False,2024-06-27 13:01:00+00:00,1,,2297.7,2330.91,2296.32,2327.58,1.9981249999999946,2323.76,2293.41,30.350000000000364,15.189239912418115,3,2297.7,2299.98,2296.59,2298.26,1.341406249999892,3.3899999999998727,2.527198602213271,0.1651917404131036,1.0,2298.27,2313.45,2296.32,2310.26,1.59609374999998,17.129999999999654,10.732452276064528,0.6999416228838574,1.0,,,,,,,,,,,,,,,,,,,2.2687190450563954,7.321354754886165,9.04942836011416,10.982877050419917,12.40519545792991,14.030232195563379,-1,3.4514999999999416,3.451850000000013,5.209500000000018,False,True
2024-06-28 13:00:00,2024-06-28 13:01:00+00:00,2024-06-28 13:19:00,long,2330.38,2332.867,2332.867,2327.68575,2.487,2.137,1.0870000000000002,tp,london_oneway_continuation,S23B_B_pb0.1_eff0.60_h180_tp0.6_sl0.65,2024-06-28 13:01:00,2024,2024-06,1.787,0.3870000000000004,-0.3129999999999997,2024-06-28 00:00:00+00:00,2326.94,2339.73,2319.04,2326.17,20.69000000000005,34.58999999999969,long,2326.94,2328.31,2319.04,2321.76,9.269999999999982,0.5587918015102316,short,2321.8,2331.89,2319.79,2330.31,12.099999999999907,0.7033057851239527,long,2330.3,2339.17,2329.42,2335.47,9.75,0.530256410256371,long,13,True,True,2024-06-28 13:01:00+00:00,1,,2327.6,2339.73,2319.04,2325.2,2.0696874999999864,2330.91,2296.32,34.58999999999969,16.712667975237768,4,2327.6,2328.51,2319.04,2321.56,1.7110937500000674,9.470000000000255,5.534471737740777,0.6378035902850899,-1.0,2321.51,2331.89,2319.79,2329.47,1.94453124999999,12.099999999999909,6.2225793491361845,0.6578512396693919,1.0,,,,,,,,,,,,,,,,,,,2.2687190450563954,7.321354754886165,9.04942836011416,10.982877050419917,12.40519545792991,14.055472553268057,1,3.9780000000000655,3.457850000000003,5.209500000000018,True,False
2024-07-19 13:00:00,2024-07-19 13:01:00+00:00,2024-07-19 13:08:00,short,2415.26,2411.13414,2411.13414,2419.72968,4.12586,3.77586,2.7258600000000004,tp,london_oneway_continuation,S23B_B_pb0.1_eff0.60_h180_tp0.6_sl0.65,2024-07-19 13:01:00,2024,2024-07,3.42586,2.0258600000000007,1.3258600000000005,2024-07-19 00:00:00+00:00,2444.14,2445.0,2393.61,2400.03,51.38999999999987,34.84999999999991,short,2444.14,2445.0,2420.32,2428.62,24.67999999999984,0.6288492706645091,short,2428.61,2429.15,2412.65,2415.94,16.5,0.7678787878787923,short,2415.93,2416.09,2401.42,2403.51,14.670000000000073,0.8466257668711354,short,13,True,True,2024-07-19 13:01:00+00:00,-1,,2444.47,2445.13,2393.61,2397.82,3.647031250000019,2474.9,2440.05,34.84999999999991,9.55571740713758,4,2444.47,2445.13,2420.32,2428.8,3.1518749999999542,24.809999999999945,7.871505056514077,0.6316001612252984,-1.0,2428.81,2429.34,2412.65,2415.83,3.749687499999979,16.690000000000055,4.451037586465579,0.777711204313959,-1.0,,,,,,,,,,,,,,,,,,,2.0404940168998964,7.272055502341495,8.7953675928649,10.99710845782338,12.40519545792991,14.125740263005584,-1,6.986499999999933,3.537500000000019,5.366450000000059,True,True
2024-08-07 13:00:00,2024-08-07 13:01:00+00:00,2024-08-07 13:52:00,long,2394.13,2397.78143,2397.78143,2390.17429,3.65143,3.30143,2.25143,tp,london_oneway_continuation,S23B_B_pb0.1_eff0.60_h180_tp0.6_sl0.65,2024-08-07 13:01:00,2024,2024-08,2.95143,1.5514300000000003,0.8514300000000001,2024-08-07 00:00:00+00:00,2388.42,2406.84,2378.83,2383.52,28.01000000000022,36.63000000000011,short,2388.42,2390.54,2378.83,2385.76,11.710000000000036,0.2271562766865795,short,2385.81,2397.33,2385.5,2394.1,11.829999999999927,0.7007607776838558,long,2394.12,2406.84,2392.99,2403.58,13.850000000000364,0.683032490974714,long,13,True,False,2024-08-07 13:01:00+00:00,1,,2387.75,2406.84,2378.83,2383.0,3.345156250000052,2418.13,2381.5,36.63000000000011,10.950161147180955,2,2387.75,2390.54,2378.83,2386.46,3.162656250000083,11.710000000000036,3.70258386443349,0.11016225448334412,-1.0,2386.37,2397.33,2384.13,2395.34,3.349218750000013,13.199999999999818,3.941217634709518,0.6795454545454832,1.0,,,,,,,,,,,,,,,,,,,1.9967100447084343,6.991313667470993,8.475897987291937,10.895958692235236,12.217639646734074,13.976895795975404,-1,6.447000000000026,3.7510000000000105,5.604150000000039,False,False
2024-08-16 13:00:00,2024-08-16 13:01:00+00:00,2024-08-16 13:17:00,long,2463.43,2465.97957,2465.97957,2460.66796,2.54957,2.19957,1.1495700000000002,tp,london_oneway_continuation,S23B_B_pb0.1_eff0.60_h180_tp0.6_sl0.65,2024-08-16 13:01:00,2024,2024-08,1.84957,0.4495700000000004,-0.2504299999999997,2024-08-16 00:00:00+00:00,2454.87,2509.7,2450.78,2507.0,58.91999999999962,37.90000000000009,long,2454.87,2460.0,2450.78,2452.47,9.2199999999998,0.2603036876355903,short,2452.48,2464.51,2451.12,2463.34,13.390000000000327,0.8110530246452473,long,2463.33,2492.34,2462.85,2491.67,29.49000000000024,0.9610037300779898,long,13,True,True,2024-08-16 13:01:00+00:00,1,,2456.85,2509.7,2450.78,2508.36,2.5217187500000335,2470.03,2432.13,37.90000000000009,15.029431811140551,4,2456.85,2460.0,2450.78,2452.91,1.9304687500000028,9.2199999999998,4.776042088223281,0.4273318872017505,-1.0,2452.9,2464.51,2451.12,2462.28,1.9367187499999972,13.390000000000327,6.913755546591546,0.7005227781926722,1.0,,,,,,,,,,,,,,,,,,,2.0404940168998964,6.991313667470993,8.475897987291937,10.951083321408083,12.298734846943484,14.112694532917121,1,4.60900000000006,3.8569999999999935,5.691300000000017,True,False
2024-09-05 13:00:00,2024-09-05 13:01:00+00:00,2024-09-05 14:02:00,long,2515.24,2517.718,2517.718,2512.5555,2.478,2.128,1.0780000000000003,tp,london_oneway_continuation,S23B_B_pb0.1_eff0.60_h180_tp0.6_sl0.65,2024-09-05 13:01:00,2024,2024-09,1.7780000000000002,0.3780000000000005,-0.3219999999999996,2024-09-05 00:00:00+00:00,2495.31,2523.5,2493.81,2516.22,29.69000000000005,28.620000000000346,long,2495.31,2499.28,2494.4,2494.88,4.880000000000109,0.0881147540983251,short,2494.87,2517.22,2493.81,2515.52,23.40999999999985,0.8821016659547296,long,2515.53,2523.5,2513.32,2517.69,10.179999999999836,0.2121807465618751,long,13,True,True,2024-09-05 13:01:00+00:00,1,,2495.95,2523.5,2493.81,2516.7,2.3335937499999773,2500.28,2471.66,28.620000000000346,12.264345497154602,3,2495.95,2499.28,2494.4,2495.88,1.4756249999999724,4.880000000000109,3.307073274036561,0.014344262295022007,-1.0,2495.92,2517.22,2493.81,2516.81,1.834531249999948,23.409999999999854,12.760752917128295,0.8923536950021359,1.0,,,,,,,,,,,,,,,,,,,1.987690119529567,6.360664573195018,8.257453976175299,10.87392432632206,12.09997490559691,13.976319021691108,1,4.010500000000024,4.0802,5.832949999999978,True,False
2024-09-20 13:00:00,2024-09-20 13:01:00+00:00,2024-09-20 13:38:00,long,2606.54,2609.50186,2609.50186,2603.33132,2.96186,2.61186,1.5618600000000002,tp,london_oneway_continuation,S23B_B_pb0.1_eff0.60_h180_tp0.6_sl0.65,2024-09-20 13:01:00,2024,2024-09,2.2618600000000004,0.8618600000000005,0.1618600000000003,2024-09-20 00:00:00+00:00,2587.76,2625.7,2584.91,2621.93,40.78999999999997,43.78999999999997,long,2587.76,2593.66,2584.91,2591.36,8.75,0.411428571428561,long,2591.36,2612.74,2591.32,2606.32,21.419999999999614,0.6984126984127126,long,2606.33,2619.27,2606.16,2615.57,13.110000000000127,0.7048054919908578,long,13,True,True,2024-09-20 13:01:00+00:00,1,,2587.06,2625.7,2584.91,2621.23,2.5948437499999955,2594.93,2551.14,43.789999999999964,16.875775275486255,4,2587.06,2593.66,2584.91,2591.74,1.5696875000000148,8.75,5.574357953414242,0.5348571428571242,1.0,2591.73,2612.74,2591.25,2605.1,1.9025000000000247,21.48999999999978,11.295663600525362,0.6221498371335518,1.0,,,,,,,,,,,,,,,,,,,1.9967100447084343,6.4512658406529075,8.257453976175299,10.895958692235236,12.137589297391116,13.955965587399062,1,4.811500000000047,4.212349999999964,5.938500000000013,True,True
2024-10-01 13:00:00,2024-10-01 13:01:00+00:00,2024-10-01 14:07:00,long,2648.64,2650.88829,2650.88829,2646.20436,2.24829,1.89829,0.84829,tp,london_oneway_continuation,S23B_B_pb0.1_eff0.60_h180_tp0.6_sl0.65,2024-10-01 13:01:00,2024,2024-10,1.54829,0.1482900000000002,-0.5517099999999999,2024-10-01 00:00:00+00:00,2634.85,2673.09,2632.08,2661.91,41.01000000000022,41.48000000000002,short,2634.85,2639.81,2632.08,2637.82,7.730000000000018,0.3842173350582468,long,2637.83,2649.13,2637.29,2648.54,11.840000000000146,0.9045608108108028,long,2648.54,2656.65,2646.88,2651.5,9.769999999999982,0.302968270214948,long,13,True,False,2024-10-01 13:01:00+00:00,1,,2633.95,2673.09,2632.08,2661.58,2.345781250000009,2665.89,2624.41,41.48000000000002,17.68280823286479,1,2633.95,2639.81,2632.08,2636.17,2.3190625000000153,7.730000000000018,3.333243498180824,0.28719275549809176,1.0,2636.18,2648.81,2636.12,2645.92,1.7739062499999676,12.690000000000055,7.153703866819504,0.7675334909377616,1.0,,,,,,,,,,,,,,,,,,,1.9598178552505239,6.301286061365776,8.146574858118198,10.837078883837226,12.042803985777121,13.905313236086252,-1,4.56850000000004,4.306500000000044,6.02699999999995,False,True
2024-10-11 13:00:00,2024-10-11 13:01:00+00:00,2024-10-11 13:46:00,short,2637.46,2640.86182,2634.31986,2640.86182,-3.40182,-3.75182,-4.801819999999999,sl_conservative,london_oneway_continuation,S23B_B_pb0.1_eff0.60_h180_tp0.6_sl0.65,2024-10-11 13:01:00,2024,2024-10,-4.10182,-5.50182,-6.20182,2024-10-11 00:00:00+00:00,2628.25,2661.39,2628.08,2656.92,33.309999999999945,25.800000000000185,long,2628.25,2646.06,2628.08,2645.45,17.980000000000018,0.9566184649610568,long,2645.53,2647.12,2636.13,2637.88,10.989999999999782,0.6960873521383296,short,2637.87,2650.12,2637.03,2642.99,13.08999999999969,0.3911382734912155,long,13,True,False,2024-10-11 13:01:00+00:00,-1,,2629.06,2661.39,2628.08,2656.65,2.663593750000004,2631.5,2605.7,25.800000000000182,9.686161787997943,4,2629.06,2644.14,2628.08,2643.55,2.715781250000063,16.059999999999945,5.913583798400395,0.9022415940224338,1.0,2643.54,2647.12,2636.13,2638.0,2.4668749999999946,10.989999999999782,4.4550291360526195,0.5040946314831732,-1.0,,,,,,,,,,,,,,,,,,,1.987690119529567,6.383915459922026,8.190113137972903,10.891347022921574,12.190122192936526,13.955965587399062,1,6.165999999999985,4.341599999999997,6.108800000000035,False,False
2024-10-24 13:00:00,2024-10-24 13:01:00+00:00,2024-10-24 14:43:00,long,2736.67,2739.24871,2739.24871,2733.87639,2.57871,2.22871,1.17871,tp,london_oneway_continuation,S23B_B_pb0.1_eff0.60_h180_tp0.6_sl0.65,2024-10-24 13:01:00,2024,2024-10,1.87871,0.4787100000000004,-0.2212899999999997,2024-10-24 00:00:00+00:00,2717.87,2743.2,2714.17,2734.64,29.029999999999745,49.92000000000007,short,2717.87,2726.45,2714.17,2722.73,12.279999999999744,0.3957654723127221,long,2722.72,2739.08,2722.66,2736.45,16.420000000000073,0.8361753958587063,long,2736.5,2741.57,2734.38,2739.1,7.190000000000055,0.3616133518775924,long,13,True,False,2024-10-24 13:01:00+00:00,1,,2714.81,2743.2,2714.17,2736.14,2.572499999999984,2758.42,2708.5,49.92000000000007,19.40524781341123,3,2714.81,2726.45,2714.17,2721.65,2.591249999999995,12.279999999999745,4.739025566811295,0.5570032573290137,1.0,2721.66,2739.08,2721.49,2736.87,2.4617187499999957,17.590000000000146,7.145414154236822,0.8646958499147192,1.0,,,,,,,,,,,,,,,,,,,1.987690119529567,6.383915459922026,8.190113137972903,10.820033998165973,11.985403462006852,13.798002490149344,-1,5.239500000000021,4.442050000000006,6.177549999999988,False,True
2024-11-21 13:00:00,2024-11-21 13:01:00+00:00,2024-11-21 13:21:00,long,2669.74,2673.06057,2673.06057,2666.14271,3.32057,2.97057,1.92057,tp,london_oneway_continuation,S23B_B_pb0.1_eff0.60_h180_tp0.6_sl0.65,2024-11-21 13:01:00,2024,2024-11,2.62057,1.2205700000000004,0.5205700000000002,2024-11-21 00:00:00+00:00,2652.1,2673.44,2648.81,2669.24,24.63000000000011,36.64000000000033,long,2652.1,2660.42,2648.81,2656.96,11.610000000000127,0.418604651162797,long,2656.97,2671.67,2654.61,2669.93,17.059999999999945,0.759671746776089,long,2669.89,2673.44,2660.42,2665.43,13.019999999999982,0.3425499231950877,short,13,True,True,2024-11-21 13:01:00+00:00,1,,2650.37,2673.44,2648.81,2670.38,2.8960937500000057,2655.34,2618.7,36.64000000000033,12.651524143512363,3,2650.37,2660.42,2648.81,2658.54,2.8632812500000284,11.610000000000127,4.05478854024557,0.7037037037037023,1.0,2658.55,2671.67,2654.61,2668.26,2.772031249999948,17.059999999999945,6.154331773857263,0.5691676436107894,1.0,,,,,,,,,,,,,,,,,,,1.987690119529567,6.360664573195018,7.863897298604605,10.818501537387942,11.926376232629094,13.798002490149344,1,5.887499999999977,4.74900000000004,6.438649999999984,True,True
2024-11-28 13:00:00,2024-11-28 13:01:00+00:00,2024-11-28 14:25:00,long,2647.69,2643.89075,2651.197,2643.89075,-3.79925,-4.149249999999999,-5.199249999999999,sl_conservative,london_oneway_continuation,S23B_B_pb0.1_eff0.60_h180_tp0.6_sl0.65,2024-11-28 13:01:00,2024,2024-11,-4.49925,-5.899249999999999,-6.59925,2024-11-28 00:00:00+00:00,2637.13,2649.57,2620.92,2638.78,28.65000000000009,31.329999999999927,long,2637.13,2638.41,2620.92,2631.29,17.48999999999978,0.3339050886220822,short,2631.28,2649.57,2630.16,2647.54,19.41000000000031,0.8377125193199126,long,2647.54,2649.47,2642.72,2647.07,6.75,0.0696296296295999,short,13,True,True,2024-11-28 13:01:00+00:00,1,,2635.81,2649.57,2620.92,2638.69,2.793437499999982,2658.2,2626.87,31.329999999999927,11.215572211656832,3,2635.81,2638.41,2620.92,2630.93,2.803437500000001,17.48999999999978,6.238769367963357,0.2790165809033831,-1.0,2630.94,2649.57,2630.16,2648.37,3.094374999999985,19.41000000000031,6.272672187437012,0.8979907264296527,1.0,,,,,,,,,,,,,,,,,,,1.9598178552505239,6.360664573195018,7.881044357758915,10.820033998165973,11.985403462006852,13.780665396369365,-1,5.661999999999966,4.815599999999981,6.533949999999991,False,False
2025-01-10 13:00:00,2025-01-10 13:01:00+00:00,2025-01-10 14:05:00,long,2681.07,2678.81914,2683.14771,2678.81914,-2.25086,-2.60086,-3.65086,sl_conservative,london_oneway_continuation,S23B_B_pb0.1_eff0.60_h180_tp0.6_sl0.65,2025-01-10 13:01:00,2025,2025-01,-2.95086,-4.350859999999999,-5.05086,2025-01-10 00:00:00+00:00,2670.02,2698.08,2663.93,2689.07,34.15000000000009,22.809999999999945,long,2670.02,2674.86,2668.51,2671.87,6.349999999999909,0.2913385826771552,long,2671.81,2682.77,2671.67,2680.99,11.099999999999907,0.827027027027019,long,2681.01,2683.73,2663.93,2682.66,19.800000000000185,0.0833333333333141,long,13,True,True,2025-01-10 13:01:00+00:00,1,,2670.36,2698.08,2663.93,2689.21,2.2726562499999545,2678.39,2655.58,22.809999999999945,10.036713647301655,4,2670.36,2674.86,2668.51,2672.5,1.6603124999999608,6.349999999999909,3.8245812158855994,0.3370078740157328,1.0,2672.51,2682.77,2671.67,2679.5,1.8881249999999312,11.099999999999909,5.87884806355528,0.6297297297297152,1.0,,,,,,,,,,,,,,,,,,,1.8299510371400105,5.48754727526375,7.825668933314001,10.534843731164797,11.841249363282406,13.829101415902946,1,3.657999999999947,5.112000000000005,6.686650000000031,True,True
2025-01-14 13:00:00,2025-01-14 13:01:00+00:00,2025-01-14 13:58:00,short,2666.35,2669.62229,2663.32943,2669.62229,-3.27229,-3.62229,-4.67229,sl_conservative,london_oneway_continuation,S23B_B_pb0.1_eff0.60_h180_tp0.6_sl0.65,2025-01-14 13:01:00,2025,2025-01,-3.97229,-5.37229,-6.07229,2025-01-14 00:00:00+00:00,2668.0,2678.32,2659.75,2675.74,18.570000000000164,36.73000000000002,short,2668.0,2674.0,2661.47,2673.43,12.5300000000002,0.4333599361532123,long,2673.49,2675.24,2664.61,2666.64,10.629999999999654,0.644402634054575,short,2666.6,2674.29,2660.95,2662.89,13.340000000000146,0.2781109445277358,short,13,True,True,2025-01-14 13:01:00+00:00,-1,,2662.6,2678.18,2659.75,2676.86,2.6798437499999963,2693.42,2656.69,36.73000000000002,13.706022972421458,1,2662.6,2672.68,2661.47,2672.28,2.6168750000000145,11.210000000000036,4.2837353713876185,0.8635147190009153,1.0,2672.3,2675.24,2664.61,2665.05,2.491562499999958,10.629999999999654,4.2663990969521475,0.6820319849482818,-1.0,,,,,,,,,,,,,,,,,,,1.843558592944713,5.48754727526375,7.780190880030516,10.451164420503536,11.810658436924438,13.798002490149344,-1,5.209000000000015,5.139850000000006,6.700299999999995,True,False
2025-02-03 13:00:00,2025-02-03 13:01:00+00:00,2025-02-03 13:12:00,long,2798.47,2803.50271,2803.50271,2793.01789,5.03271,4.68271,3.63271,tp,london_oneway_continuation,S23B_B_pb0.1_eff0.60_h180_tp0.6_sl0.65,2025-02-03 13:01:00,2025,2025-02,4.33271,2.93271,2.23271,2025-02-03 00:00:00+00:00,2792.93,2830.5,2772.3,2814.12,58.19999999999982,20.699999999999815,short,2792.93,2804.27,2772.3,2780.92,31.9699999999998,0.375664685642785,short,2780.93,2800.87,2780.06,2798.16,20.809999999999945,0.8279673234022136,long,2798.12,2812.01,2797.98,2811.1,14.0300000000002,0.9251603706343432,long,13,True,False,2025-02-03 13:01:00+00:00,1,,2791.65,2830.5,2772.3,2813.19,4.812031250000047,2804.27,2783.57,20.699999999999818,4.301717699775873,0,2791.65,2804.27,2772.3,2780.21,6.15234375,31.9699999999998,5.196393650793619,0.35783547075383565,-1.0,2780.22,2800.87,2779.64,2796.9,4.135156250000023,21.230000000000018,5.134026072170768,0.7856806406029334,1.0,,,,,,,,,,,,,,,,,,,1.9089112286251881,5.48754727526375,7.603042327681714,10.187116984449972,11.810658436924438,13.798002490149344,-1,9.355499999999983,5.280349999999994,6.728499999999951,False,False
2025-03-04 13:00:00,2025-03-04 13:01:00+00:00,2025-03-04 13:40:00,long,2914.96,2919.79643,2919.79643,2909.72054,4.83643,4.48643,3.43643,tp,london_oneway_continuation,S23B_B_pb0.1_eff0.60_h180_tp0.6_sl0.65,2025-03-04 13:01:00,2025,2025-03,4.13643,2.7364300000000004,2.03643,2025-03-04 00:00:00+00:00,2891.07,2927.94,2882.09,2914.47,45.84999999999991,39.940000000000055,long,2891.07,2893.93,2882.09,2891.47,11.83999999999969,0.0337837837837539,long,2891.46,2921.47,2884.49,2914.8,36.98000000000002,0.6311519740400252,long,2914.83,2927.94,2913.13,2922.71,14.809999999999944,0.5320729237002119,long,13,True,True,2025-03-04 13:01:00+00:00,1,,2894.21,2927.94,2882.09,2916.08,4.04828124999996,2895.41,2855.47,39.940000000000055,9.865915319001232,1,2894.21,2894.83,2882.09,2892.26,3.502968749999958,12.739999999999782,3.6369151166421148,0.15306122448978426,-1.0,2892.29,2921.47,2884.49,2915.06,3.463124999999998,36.98000000000002,10.678216928352294,0.6157382368848018,1.0,,,,,,,,,,,,,,,,,,,1.837327731268534,6.000857465135032,7.631233216000392,10.11851681368466,11.818762366159435,13.829101415902946,1,7.985500000000002,5.502850000000019,7.029999999999996,True,False
2025-03-07 13:00:00,2025-03-07 13:01:00+00:00,2025-03-07 13:14:00,long,2917.77,2921.50929,2921.50929,2913.71911,3.73929,3.38929,2.33929,tp,london_oneway_continuation,S23B_B_pb0.1_eff0.60_h180_tp0.6_sl0.65,2025-03-07 13:01:00,2025,2025-03,3.0392900000000003,1.6392900000000004,0.9392900000000002,2025-03-07 00:00:00+00:00,2910.35,2930.47,2895.38,2912.28,35.08999999999969,35.41000000000031,short,2910.35,2913.69,2895.38,2906.72,18.309999999999945,0.1982523211359978,short,2906.78,2923.15,2906.52,2918.1,16.63000000000011,0.6806975345760454,long,2918.06,2926.55,2910.43,2913.97,16.120000000000346,0.2537220843672492,short,13,True,False,2025-03-07 13:01:00+00:00,1,,2911.19,2930.47,2895.38,2911.36,4.3528124999999775,2926.63,2891.22,35.41000000000031,8.134970206045056,4,2911.19,2913.69,2895.38,2907.29,4.438124999999978,18.309999999999945,4.125616110406993,0.2129983615510706,-1.0,2907.24,2923.15,2906.46,2919.14,3.572343749999959,16.690000000000055,4.672002799282753,0.7130017974835262,1.0,,,,,,,,,,,,,,,,,,,1.837327731268534,6.000857465135032,7.6891578206096725,10.11851681368466,11.77552260666417,13.798002490149344,-1,7.060499999999957,5.536050000000016,7.099449999999997,False,False
2025-03-17 13:00:00,2025-03-17 13:01:00+00:00,2025-03-17 14:03:00,long,2999.56,2996.06068,3002.79014,2996.06068,-3.49932,-3.84932,-4.89932,sl_conservative,london_oneway_continuation,S23B_B_pb0.1_eff0.60_h180_tp0.6_sl0.65,2025-03-17 13:01:00,2025,2025-03,-4.19932,-5.59932,-6.29932,2025-03-17 00:00:00+00:00,2984.29,3002.87,2982.2,3000.01,20.670000000000076,10.909999999999854,long,2984.29,2994.08,2982.42,2982.6,11.659999999999854,0.1449399656946891,short,2982.61,2999.62,2982.2,2999.1,17.420000000000073,0.9466130884041168,long,2999.11,3001.28,2984.82,2988.47,16.460000000000036,0.6464155528554255,short,13,True,True,2025-03-17 13:01:00+00:00,1,,2991.71,3002.87,2982.2,3002.2,3.0734374999999616,2994.08,2983.17,10.909999999999854,3.549771225216062,0,2991.71,2994.08,2983.17,2983.68,3.097499999999968,10.909999999999854,3.5221953188054775,0.7360219981668475,-1.0,2983.69,2998.45,2982.2,2997.38,2.3882812499999986,16.25,6.804056264311421,0.8424615384615418,1.0,,,,,,,,,,,,,,,,,,,1.8936786444936653,6.000857465135032,7.780190880030516,10.187116984449972,11.818762366159435,13.780665396369365,1,5.369999999999959,5.570849999999971,7.160649999999971,True,False
2025-03-20 13:00:00,2025-03-20 13:01:00+00:00,2025-03-20 13:13:00,short,3034.19,3030.09457,3030.09457,3038.62671,4.09543,3.74543,2.6954300000000004,tp,london_oneway_continuation,S23B_B_pb0.1_eff0.60_h180_tp0.6_sl0.65,2025-03-20 13:01:00,2025,2025-03,3.39543,1.9954300000000007,1.2954300000000003,2025-03-20 00:00:00+00:00,3047.07,3057.53,3025.53,3046.41,32.0,29.17999999999984,long,3047.07,3057.53,3045.15,3052.63,12.38000000000011,0.4491114701130773,long,3052.64,3053.68,3025.53,3034.06,28.14999999999964,0.6600355239786916,short,3034.05,3042.19,3029.25,3032.49,12.940000000000056,0.1205564142195049,short,13,True,False,2025-03-20 13:01:00+00:00,-1,,3049.85,3057.53,3025.53,3045.48,3.6203125000000114,3052.1,3022.92,29.179999999999836,8.06007768666372,3,3049.85,3057.53,3045.15,3056.66,3.5634375000000063,12.38000000000011,3.4741734631237637,0.5500807754442557,1.0,3056.61,3057.3,3025.53,3028.28,3.36406250000001,31.769999999999982,9.443938690199689,0.8917217500786888,-1.0,,,,,,,,,,,,,,,,,,,1.9209801981293932,6.011353154396986,7.780190880030516,10.187116984449972,11.77552260666417,13.729700769072691,1,7.288999999999987,5.56885000000004,7.126499999999995,False,False
2025-04-30 13:00:00,2025-04-30 13:01:00+00:00,2025-04-30 14:03:00,short,3275.66,3269.13714,3269.13714,3282.72643,6.52286,6.17286,5.122859999999999,tp,london_oneway_continuation,S23B_B_pb0.1_eff0.60_h180_tp0.6_sl0.65,2025-04-30 13:01:00,2025,2025-04,5.82286,4.42286,3.72286,2025-04-30 00:00:00+00:00,3318.98,3327.85,3266.98,3273.8,60.86999999999989,48.690000000000055,short,3318.98,3327.85,3303.58,3304.57,24.269999999999985,0.5937371240214201,short,3304.62,3314.5,3274.92,3275.84,39.57999999999993,0.7271349166245528,short,3275.74,3304.52,3266.98,3298.45,37.53999999999997,0.6049547149706995,long,13,True,True,2025-04-30 13:01:00+00:00,-1,,3318.47,3327.85,3266.98,3289.9,5.821875000000006,3348.42,3299.73,48.690000000000055,8.36328502415459,2,3318.47,3327.85,3303.58,3306.59,5.150781249999959,24.269999999999982,4.711906567571701,0.48949320148329883,-1.0,3306.57,3314.5,3278.15,3282.01,5.397500000000008,36.34999999999991,6.734599351551617,0.6756533700137554,-1.0,,,,,,,,,,,,,,,,,,,2.0595661893699564,5.808397209920501,7.631233216000392,10.481997568046618,11.414867542464679,13.387495042043016,-1,10.873999999999956,5.616199999999978,7.3806499999999895,True,True
2025-05-05 13:00:00,2025-05-05 13:01:00+00:00,2025-05-05 15:19:00,long,3311.75,3319.42957,3319.42957,3303.43046,7.67957,7.32957,6.27957,tp,london_oneway_continuation,S23B_B_pb0.1_eff0.60_h180_tp0.6_sl0.65,2025-05-05 13:01:00,2025,2025-05,6.97957,5.57957,4.87957,2025-05-05 00:00:00+00:00,3239.38,3337.55,3237.37,3330.53,100.18000000000028,7.070000000000164,long,3239.38,3272.12,3237.37,3254.43,34.75,0.4330935251798483,long,3254.38,3308.83,3253.47,3308.36,55.36000000000013,0.9750722543352582,long,3308.37,3322.3,3308.25,3319.38,14.050000000000182,0.7836298932384396,long,13,True,True,2025-05-05 13:01:00+00:00,1,,3243.26,3337.55,3237.37,3332.13,5.909375000000011,3244.44,3237.37,7.070000000000164,1.1964040190375718,0,3243.26,3272.12,3237.37,3254.15,5.535156250000057,34.75,6.278052223006287,0.3133812949640251,1.0,3254.13,3304.95,3253.47,3300.84,5.880312500000031,51.48000000000002,8.754636764627687,0.9073426573426577,1.0,,,,,,,,,,,,,,,,,,,2.0595661893699564,5.992715556005703,7.63201005555611,10.401893036201523,11.414867542464679,13.641778119090676,1,12.442000000000121,5.638499999999947,7.476599999999992,True,True
2025-06-05 13:00:00,2025-06-05 13:01:00+00:00,2025-06-05 13:26:00,long,3389.39,3394.60571,3394.60571,3383.73964,5.21571,4.86571,3.81571,tp,london_oneway_continuation,S23B_B_pb0.1_eff0.60_h180_tp0.6_sl0.65,2025-06-05 13:01:00,2025,2025-06,4.51571,3.11571,2.41571,2025-06-05 00:00:00+00:00,3373.42,3403.46,3339.24,3358.88,64.22000000000025,40.88999999999987,long,3373.42,3383.89,3368.12,3369.57,15.769999999999982,0.2441344324667034,short,3369.56,3391.29,3361.01,3389.69,30.279999999999745,0.6647952443857423,long,3389.51,3403.46,3377.37,3382.83,26.090000000000146,0.2560367957071772,short,13,True,True,2025-06-05 13:01:00+00:00,1,,3373.32,3403.46,3339.24,3353.9,4.467656249999976,3384.44,3343.55,40.88999999999987,9.152449900325275,3,3373.32,3383.89,3368.12,3374.74,3.720000000000013,15.769999999999982,4.2392473118279375,0.0900443880786062,1.0,3374.71,3389.94,3361.01,3385.74,4.31796874999997,28.929999999999836,6.69990953500996,0.381265122709983,1.0,,,,,,,,,,,,,,,,,,,2.704942701355059,5.743139872587288,7.660870120925264,10.597496845484157,11.799239141667389,13.817143293309416,1,8.21650000000002,5.805000000000011,8.11014999999995,True,True
2025-07-01 13:00:00,2025-07-01 13:01:00+00:00,2025-07-01 14:03:00,long,3345.45,3349.69714,3349.69714,3340.84893,4.24714,3.89714,2.84714,tp,london_oneway_continuation,S23B_B_pb0.1_eff0.60_h180_tp0.6_sl0.65,2025-07-01 13:01:00,2025,2025-07,3.54714,2.1471400000000003,1.44714,2025-07-01 00:00:00+00:00,3311.27,3357.68,3302.19,3341.56,55.48999999999978,63.93000000000029,long,3311.27,3322.47,3302.19,3321.04,20.279999999999745,0.4817554240631215,long,3321.01,3347.87,3318.78,3345.58,29.08999999999969,0.8446201443795108,long,3345.55,3357.68,3344.22,3354.27,13.460000000000036,0.6478454680534752,long,13,True,True,2025-07-01 13:01:00+00:00,1,,3303.86,3357.68,3302.14,3339.79,3.7265624999999574,3309.19,3248.12,61.070000000000164,16.387756813417422,1,3303.86,3321.8,3302.14,3321.03,3.6160937499999832,19.66000000000031,5.436805945642422,0.8733468972532962,1.0,3321.05,3345.87,3318.78,3345.51,3.5915624999999665,27.08999999999969,7.542678151918543,0.9029162052417983,1.0,,,,,,,,,,,,,,,,,,,2.8362335340038314,5.9460797672396986,7.6694111310419375,10.481997568046618,11.767546390499229,13.931465932237238,1,7.4620000000000575,6.076850000000002,8.918649999999952,True,True
2025-07-14 13:00:00,2025-07-14 13:01:00+00:00,2025-07-14 14:57:00,long,3371.24,3366.04557,3376.03486,3366.04557,-5.19443,-5.544429999999999,-6.594429999999999,sl_conservative,london_oneway_continuation,S23B_B_pb0.1_eff0.60_h180_tp0.6_sl0.65,2025-07-14 13:01:00,2025,2025-07,-5.89443,-7.294429999999999,-7.994429999999999,2025-07-14 00:00:00+00:00,3369.37,3374.95,3340.89,3345.48,34.059999999999945,11.590000000000146,long,3369.37,3374.04,3353.9,3356.97,20.139999999999876,0.6156901688182805,short,3356.95,3374.95,3353.73,3370.3,21.2199999999998,0.6291234684260363,long,3370.36,3374.62,3349.17,3349.87,25.449999999999815,0.8051080550098382,short,13,True,True,2025-07-14 13:01:00+00:00,1,,3370.83,3374.95,3340.91,3341.89,4.206875000000004,3371.19,3359.6,11.590000000000146,2.7550141138018445,0,3370.83,3374.04,3353.9,3357.22,4.330468749999994,20.139999999999873,4.650766732816141,0.6757696127110334,-1.0,3357.21,3374.95,3353.73,3365.11,4.1318749999999795,21.2199999999998,5.135682952654643,0.3722902921771991,1.0,,,,,,,,,,,,,,,,,,,2.9456089295142225,5.992715556005703,7.70083636259153,10.637138082727684,12.06123888835647,14.001863424407656,1,7.6215000000000375,6.142850000000033,8.959449999999926,True,False
2025-07-15 13:00:00,2025-07-15 13:01:00+00:00,2025-07-15 13:05:00,long,3362.05,3365.41343,3365.41343,3358.40629,3.36343,3.01343,1.96343,tp,london_oneway_continuation,S23B_B_pb0.1_eff0.60_h180_tp0.6_sl0.65,2025-07-15 13:01:00,2025,2025-07,2.66343,1.2634300000000005,0.5634300000000003,2025-07-15 00:00:00+00:00,3345.49,3366.16,3320.0,3326.4,46.159999999999854,34.059999999999945,short,3345.49,3358.14,3341.07,3357.71,17.06999999999971,0.7158758055067641,long,3357.73,3365.53,3356.53,3363.2,9.0,0.6077777777777555,long,3363.25,3366.16,3346.2,3348.6,19.96000000000004,0.7339679358717467,short,13,True,False,2025-07-15 13:01:00+00:00,1,,3341.94,3366.16,3320.0,3326.38,3.329218749999953,3374.95,3340.91,34.039999999999964,10.22462101656746,1,3341.94,3357.5,3340.89,3356.88,2.509531250000016,16.610000000000127,6.618765954797343,0.8994581577362998,1.0,3356.96,3365.53,3356.53,3361.26,2.828124999999993,9.0,3.182320441988958,0.477777777777798,1.0,,,,,,,,,,,,,,,,,,,2.8362335340038314,5.9460797672396986,7.6694111310419375,10.597496845484157,11.877065590441413,13.985981942517984,-1,5.501000000000022,6.142850000000033,8.969050000000031,False,True
2025-07-21 13:00:00,2025-07-21 13:01:00+00:00,2025-07-21 14:16:00,long,3366.45,3370.00886,3370.00886,3362.59457,3.55886,3.20886,2.15886,tp,london_oneway_continuation,S23B_B_pb0.1_eff0.60_h180_tp0.6_sl0.65,2025-07-21 13:01:00,2025,2025-07,2.85886,1.4588600000000005,0.7588600000000003,2025-07-21 00:00:00+00:00,3347.57,3401.54,3344.82,3399.4,56.7199999999998,5.199999999999818,short,3347.57,3358.39,3344.82,3351.06,13.569999999999707,0.257184966838604,long,3351.05,3370.56,3350.53,3365.86,20.029999999999745,0.7393909136295623,long,3365.85,3388.41,3362.64,3386.96,25.769999999999985,0.8191695770275569,long,13,True,False,2025-07-21 13:01:00+00:00,1,,3347.17,3401.54,3344.82,3397.83,2.956406249999951,3350.02,3344.82,5.199999999999818,1.7588922361397066,0,3347.17,3358.39,3344.82,3352.14,2.4537499999999284,13.569999999999709,5.530310748853838,0.3662490788503984,1.0,3352.17,3370.56,3350.53,3364.06,2.9659374999999173,20.029999999999745,6.753345274470654,0.5936095856215688,1.0,,,,,,,,,,,,,,,,,,,2.767807606144432,5.992715556005703,7.975501552429068,10.6471027260811,12.079494222604383,14.001863424407656,1,5.502999999999906,6.14535000000005,9.00099999999999,True,True
2025-08-05 13:00:00,2025-08-05 13:01:00+00:00,2025-08-05 13:11:00,short,3359.6,3356.01671,3356.01671,3363.48189,3.58329,3.23329,2.18329,tp,london_oneway_continuation,S23B_B_pb0.1_eff0.60_h180_tp0.6_sl0.65,2025-08-05 13:01:00,2025,2025-08,2.88329,1.4832900000000002,0.78329,2025-08-05 00:00:00+00:00,3374.78,3390.19,3349.97,3379.64,40.220000000000255,40.25999999999976,long,3374.78,3382.41,3371.98,3372.12,10.429999999999836,0.2550335570470135,short,3372.08,3375.47,3358.95,3359.72,16.519999999999982,0.7481840193704686,short,3359.74,3366.97,3349.97,3365.99,17.0,0.3676470588235294,long,13,True,False,2025-08-05 13:01:00+00:00,-1,,3373.7,3390.19,3349.97,3379.77,3.1104687500000097,3385.33,3345.07,40.25999999999976,12.94338674837985,1,3373.7,3382.41,3371.98,3372.38,2.42890624999999,10.429999999999836,4.2941138629784,0.1265580057526107,-1.0,3372.55,3375.47,3362.11,3362.82,2.738437499999982,13.359999999999673,4.878694511012123,0.7282934131736719,-1.0,,,,,,,,,,,,,,,,,,,2.767807606144432,5.9460797672396986,7.910740307642512,10.664077848345261,12.079494222604383,13.985981942517984,1,5.669500000000016,6.204350000000025,9.003899999999982,False,True
2025-09-08 13:00:00,2025-09-08 13:01:00+00:00,2025-09-08 13:14:00,long,3614.36,3620.21986,3620.21986,3608.01182,5.85986,5.509860000000001,4.459860000000001,tp,london_oneway_continuation,S23B_B_pb0.1_eff0.60_h180_tp0.6_sl0.65,2025-09-08 13:01:00,2025,2025-09,5.15986,3.7598600000000006,3.0598600000000005,2025-09-08 00:00:00+00:00,3592.23,3646.35,3578.53,3629.51,67.81999999999971,18.25,long,3592.23,3597.09,3578.53,3583.54,18.559999999999945,0.468211206896556,short,3583.55,3617.33,3579.65,3613.76,37.67999999999984,0.8017515923566924,long,3613.8,3626.15,3612.99,3624.15,13.16000000000031,0.7864741641337132,long,13,True,True,2025-09-08 13:01:00+00:00,1,,3592.46,3646.35,3578.53,3636.66,5.025937500000005,3596.78,3578.53,18.25,3.63116334017285,0,3592.46,3597.09,3578.53,3584.78,5.004062500000003,18.559999999999945,3.7089864485105717,0.41379310344826825,-1.0,3584.78,3617.33,3579.65,3613.78,4.900781250000016,37.679999999999836,7.688570062171152,0.7696390658174131,1.0,,,,,,,,,,,,,,,,,,,2.704942701355059,5.9460797672396986,7.772883944013908,10.664077848345261,12.090017713525935,13.985981942517984,1,9.246000000000027,6.438700000000028,9.348750000000027,True,False
2025-10-21 13:00:00,2025-10-21 13:01:00+00:00,2025-10-21 14:56:00,short,4264.4,4248.58614,4248.58614,4281.53168,15.81386,15.46386,14.41386,tp,london_oneway_continuation,S23B_B_pb0.1_eff0.60_h180_tp0.6_sl0.65,2025-10-21 13:01:00,2025,2025-10,15.11386,13.71386,13.01386,2025-10-21 00:00:00+00:00,4367.57,4375.43,4080.37,4123.04,295.0600000000004,162.71999999999937,long,4367.57,4375.43,4333.07,4346.59,42.36000000000058,0.4952785646836467,short,4346.58,4346.93,4244.68,4265.14,102.25,0.796479217603908,short,4265.33,4272.34,4205.95,4211.1,66.39000000000033,0.8168398855249178,short,13,True,False,2025-10-21 13:01:00+00:00,-1,,4356.97,4375.43,4080.37,4129.55,12.204687500000077,4381.57,4218.85,162.71999999999935,13.332582255792975,1,4356.97,4375.43,4333.07,4346.8,9.622968749999941,42.36000000000058,4.401967947781275,0.24008498583569246,-1.0,4346.78,4348.63,4244.68,4270.36,9.493593750000045,103.94999999999982,10.949488964597766,0.7351611351611371,-1.0,,,,,,,,,,,,,,,,,,,2.704942701355059,6.003291921876985,7.7540254775576365,10.637138082727684,11.765174232321067,13.423585229809204,1,23.621999999999936,6.991500000000006,10.59559999999999,False,True
2025-11-14 13:00:00,2025-11-14 13:01:00+00:00,2025-11-14 13:09:00,short,4169.41,4158.35071,4158.35071,4181.39089,11.05929,10.70929,9.65929,tp,london_oneway_continuation,S23B_B_pb0.1_eff0.60_h180_tp0.6_sl0.65,2025-11-14 13:01:00,2025,2025-11,10.35929,8.959290000000001,8.25929,2025-11-14 00:00:00+00:00,4185.8,4211.08,4031.88,4084.89,179.19999999999982,100.11999999999988,short,4185.8,4211.08,4169.88,4203.07,41.19999999999982,0.4191747572815438,long,4203.1,4203.45,4158.6,4167.64,44.849999999999454,0.7906354515050271,short,4167.65,4169.65,4040.7,4055.72,128.94999999999982,0.8680108569212873,short,13,True,True,2025-11-14 13:01:00+00:00,-1,,4172.81,4211.08,4031.88,4079.64,10.379374999999925,4245.24,4145.12,100.11999999999989,9.646052869272053,4,4172.81,4211.08,4169.88,4200.9,10.279062499999895,41.19999999999982,4.008147630194897,0.6817961165048388,1.0,4200.92,4203.45,4158.6,4166.27,8.304999999999893,44.849999999999454,5.400361228175801,0.7725752508361217,-1.0,,,,,,,,,,,,,,,,,,,2.7463543489305775,6.054244318505485,7.7540254775576365,10.684543508467456,11.792535795656727,13.423585229809204,-1,19.981499999999823,7.247249999999961,11.638599999999986,True,False
2025-12-12 13:00:00,2025-12-12 13:01:00+00:00,2025-12-12 13:04:00,long,4326.91,4333.62057,4333.62057,4319.64021,6.71057,6.36057,5.31057,tp,london_oneway_continuation,S23B_B_pb0.1_eff0.60_h180_tp0.6_sl0.65,2025-12-12 13:01:00,2025,2025-12,6.01057,4.61057,3.91057,2025-12-12 00:00:00+00:00,4276.23,4353.35,4257.71,4300.29,95.64000000000031,81.61000000000058,long,4276.23,4283.39,4264.59,4266.3,18.800000000000185,0.5281914893616642,short,4266.36,4330.75,4266.01,4329.81,64.73999999999978,0.9800741427247596,long,4330.13,4346.04,4321.35,4340.87,24.6899999999996,0.4349939246658548,long,13,True,True,2025-12-12 13:01:00+00:00,1,,4281.96,4353.35,4257.71,4302.44,6.41531250000007,4285.84,4204.23,81.61000000000058,12.721126211700474,4,4281.96,4283.67,4264.59,4267.79,6.4262500000000955,19.079999999999927,2.969072164948398,0.742662473794556,-1.0,4267.79,4328.49,4266.01,4328.25,4.899531249999967,62.47999999999956,12.752240329113114,0.9676696542893799,1.0,,,,,,,,,,,,,,,,,,,2.704942701355059,6.026438880937778,7.695193929211894,10.36931092231251,11.784455205433357,13.36005436364,1,12.753999999999996,7.702849999999955,12.643750000000072,True,False
2026-03-03 13:00:00,2026-03-03 13:01:00+00:00,2026-03-03 13:07:00,short,5255.58,5226.94629,5226.94629,5286.59986,28.63371,28.28371,27.23371,tp,london_oneway_continuation,S23B_B_pb0.1_eff0.60_h180_tp0.6_sl0.65,2026-03-03 13:01:00,2026,2026-03,27.93371,26.53371,25.83371,2026-03-03 00:00:00+00:00,5345.63,5379.65,4996.85,5125.11,382.7999999999993,158.2599999999993,short,5345.63,5379.65,5329.19,5360.59,50.46000000000004,0.2964724534284587,long,5360.84,5366.7,5226.6,5248.15,140.09999999999943,0.804354032833697,short,5247.98,5263.87,5074.49,5156.71,189.3800000000001,0.4819410708628127,short,13,True,True,2026-03-03 13:01:00+00:00,-1,,5328.32,5379.65,4996.85,5092.43,18.637968749999956,5418.9,5260.64,158.2599999999993,8.491268663598316,1,5328.32,5379.65,5321.57,5366.48,14.649843749999945,58.07999999999993,3.9645474034492785,0.6570247933884281,1.0,5366.48,5367.46,5226.6,5256.2,16.181406250000038,140.85999999999967,8.705053060515018,0.7829050120687208,-1.0,,,,,,,,,,,,,,,,,,,2.576404838528603,6.199191150470029,7.695193929211894,9.919688603428058,11.097834904320747,13.041523996853018,-1,42.86599999999994,9.833499999999951,16.942900000000005,True,False
2026-03-06 13:00:00,2026-03-06 13:01:00+00:00,2026-03-06 13:55:00,short,5089.28,5075.51471,5075.51471,5104.19239,13.76529,13.41529,12.36529,tp,london_oneway_continuation,S23B_B_pb0.1_eff0.60_h180_tp0.6_sl0.65,2026-03-06 13:01:00,2026,2026-03,13.06529,11.66529,10.96529,2026-03-06 00:00:00+00:00,5085.72,5174.34,5062.72,5171.24,111.61999999999988,143.6899999999996,short,5085.72,5143.3,5066.56,5127.33,76.73999999999978,0.5422204847537111,long,5127.3,5129.88,5075.63,5090.77,54.25,0.6733640552995345,short,5090.97,5130.75,5062.72,5084.98,68.02999999999975,0.0880493899750215,short,13,True,True,2026-03-06 13:01:00+00:00,-1,,5075.11,5174.34,5062.72,5169.49,14.82859375000001,5194.79,5051.1,143.6899999999996,9.690062484852922,4,5075.11,5143.3,5066.56,5133.44,14.947499999999991,76.73999999999978,5.133968891118904,0.760099035704979,1.0,5133.43,5135.67,5075.63,5083.7,11.60750000000003,60.039999999999964,5.172517768684024,0.8282811459027399,-1.0,,,,,,,,,,,,,,,,,,,2.576404838528603,6.283591420685821,7.726579977464157,9.919688603428058,11.097834904320747,13.041523996853018,-1,25.72950000000001,10.00834999999995,17.32095000000007,True,False
2026-05-04 13:00:00,2026-05-04 13:01:00+00:00,2026-05-04 13:03:00,short,4573.89,4563.17743,4563.17743,4585.49529,10.71257,10.36257,9.31257,tp,london_oneway_continuation,S23B_B_pb0.1_eff0.60_h180_tp0.6_sl0.65,2026-05-04 13:01:00,2026,2026-05,10.01257,8.61257,7.91257,2026-05-04 00:00:00+00:00,4618.62,4629.11,4500.6,4517.22,128.5099999999993,16.889999999999418,short,4618.62,4629.11,4590.93,4614.81,38.17999999999938,0.099790466212665,short,4615.02,4615.12,4572.38,4575.13,42.73999999999978,0.933317735142736,short,4575.09,4579.12,4525.87,4568.49,53.25,0.1239436619718378,short,13,True,True,2026-05-04 13:01:00+00:00,-1,,4628.4,4629.11,4500.6,4519.54,9.59218749999998,4629.11,4612.22,16.889999999999418,1.7608079491773334,0,4628.4,4629.11,4590.93,4608.73,8.601874999999964,38.17999999999938,4.438567172854702,0.5151911995809427,-1.0,4608.45,4616.81,4573.55,4581.49,9.434218749999985,43.26000000000022,4.585435333476902,0.62320850670365,-1.0,,,,,,,,,,,,,,,,,,,2.858462727107314,6.6201641767700465,7.766868544727748,9.576835647046748,10.667584854204446,12.281520300685674,-1,17.184999999999853,10.626750000000031,20.464749999999988,True,True
2026-05-20 13:00:00,2026-05-20 13:01:00+00:00,2026-05-20 13:36:00,long,4485.7,4496.71,4496.71,4473.7725,11.01,10.66,9.61,tp,london_oneway_continuation,S23B_B_pb0.1_eff0.60_h180_tp0.6_sl0.65,2026-05-20 13:01:00,2026,2026-05,10.31,8.91,8.21,2026-05-20 00:00:00+00:00,4484.11,4552.31,4453.46,4539.69,98.85000000000036,124.22000000000024,short,4484.11,4508.6,4453.46,4463.48,55.14000000000033,0.3741385564018858,short,4463.53,4491.11,4456.56,4484.98,34.54999999999927,0.6208393632416865,long,4484.88,4505.37,4484.81,4496.1,20.55999999999949,0.5457198443580026,long,13,True,False,2026-05-20 13:01:00+00:00,1,,4483.08,4552.31,4453.46,4543.47,10.212500000000048,4589.06,4464.84,124.22000000000025,12.163525091799233,2,4483.08,4508.6,4453.46,4460.32,8.22703125000011,55.14000000000033,6.702296165460608,0.41276750090678427,-1.0,4460.41,4489.85,4456.56,4483.78,10.850625000000022,33.289999999999964,3.068026035366617,0.7020126164013192,1.0,,,,,,,,,,,,,,,,,,,2.600120135692695,6.471278493711705,7.739541071694225,9.454251609293506,10.501206811169498,12.16090522972582,-1,17.685500000000047,10.869700000000098,20.950299999999892,False,False
