mechanism,side,event_utc,entry_utc,exit_utc,horizon_bars,entry_price,exit_price,ret_usd,win,mfe_max_h,mae_max_h,ref_level,context,net_x1,event_dt,entry_dt,event_bar_utc,event_hour,event_session,event_open,event_high,event_low,event_close,event_range,body,lower_wick,upper_wick,lower_wick_to_range,lower_wick_to_body,close_position_in_range,sweep_depth,reclaim_above_ref,sweep_depth_atr,atr96,atr_pct_rank_252,pdh,pdl,prior_mid,prior_range,event_close_below_prior_mid,event_close_above_prior_mid,bars_since_first_breach,h4_close,h4_sma20,h4_slope3,h4_up_context,h4_slope_positive,year,quarter,net_x1_original,replay_status,exit_dt,time_exit_price,time_exit_ret,mfe,mae,time_exit_net_x1,time_exit_net_x2,time_exit_net_x4,net_ret,macro_daily_regime_real_yield_10y__value,macro_daily_regime_real_yield_10y__chg1,macro_daily_regime_real_yield_10y__chg5,macro_daily_regime_real_yield_10y__chg20,macro_daily_regime_d_real_yield_5d__value,macro_daily_regime_d_real_yield_5d__chg1,macro_daily_regime_d_real_yield_5d__chg5,macro_daily_regime_d_real_yield_5d__chg20,macro_daily_regime_d_real_yield_20d__value,macro_daily_regime_d_real_yield_20d__chg1,macro_daily_regime_d_real_yield_20d__chg5,macro_daily_regime_d_real_yield_20d__chg20,macro_numeric_observations_dfii10__value,macro_numeric_observations_dfii10__chg1,macro_numeric_observations_dfii10__chg5,macro_numeric_observations_dfii10__chg20,macro_daily_regime_nominal_yield_10y__value,macro_daily_regime_nominal_yield_10y__chg1,macro_daily_regime_nominal_yield_10y__chg5,macro_daily_regime_nominal_yield_10y__chg20,macro_daily_regime_yield_curve_10y2y__value,macro_daily_regime_yield_curve_10y2y__chg1,macro_daily_regime_yield_curve_10y2y__chg5,macro_daily_regime_yield_curve_10y2y__chg20,macro_numeric_observations_dgs10__value,macro_numeric_observations_dgs10__chg1,macro_numeric_observations_dgs10__chg5,macro_numeric_observations_dgs10__chg20,macro_daily_regime_nominal_yield_2y__value,macro_daily_regime_nominal_yield_2y__chg1,macro_daily_regime_nominal_yield_2y__chg5,macro_daily_regime_nominal_yield_2y__chg20,macro_numeric_observations_dgs2__value,macro_numeric_observations_dgs2__chg1,macro_numeric_observations_dgs2__chg5,macro_numeric_observations_dgs2__chg20,macro_daily_regime_usd_pressure_score__value,macro_daily_regime_usd_pressure_score__chg1,macro_daily_regime_usd_pressure_score__chg5,macro_daily_regime_usd_pressure_score__chg20,macro_daily_regime_usd_index__value,macro_daily_regime_usd_index__chg1,macro_daily_regime_usd_index__chg5,macro_daily_regime_usd_index__chg20,macro_daily_regime_d_usd_5d_pct__value,macro_daily_regime_d_usd_5d_pct__chg1,macro_daily_regime_d_usd_5d_pct__chg5,macro_daily_regime_d_usd_5d_pct__chg20,macro_daily_regime_d_usd_20d_pct__value,macro_daily_regime_d_usd_20d_pct__chg1,macro_daily_regime_d_usd_20d_pct__chg5,macro_daily_regime_d_usd_20d_pct__chg20,macro_numeric_observations_dtwexbgs__value,macro_numeric_observations_dtwexbgs__chg1,macro_numeric_observations_dtwexbgs__chg5,macro_numeric_observations_dtwexbgs__chg20,macro_daily_regime_fedfunds__value,macro_daily_regime_fedfunds__chg1,macro_daily_regime_fedfunds__chg5,macro_daily_regime_fedfunds__chg20,macro_daily_regime_rate_pressure_score__value,macro_daily_regime_rate_pressure_score__chg1,macro_daily_regime_rate_pressure_score__chg5,macro_daily_regime_rate_pressure_score__chg20,macro_numeric_observations_fedfunds__value,macro_numeric_observations_fedfunds__chg1,macro_numeric_observations_fedfunds__chg5,macro_numeric_observations_fedfunds__chg20,macro_numeric_observations_unrate__value,macro_numeric_observations_unrate__chg1,macro_numeric_observations_unrate__chg5,macro_numeric_observations_unrate__chg20,macro_daily_regime_cpi__value,macro_daily_regime_cpi__chg1,macro_daily_regime_cpi__chg5,macro_daily_regime_cpi__chg20,macro_daily_regime_oil_inflation_pressure_score__value,macro_daily_regime_oil_inflation_pressure_score__chg1,macro_daily_regime_oil_inflation_pressure_score__chg5,macro_daily_regime_oil_inflation_pressure_score__chg20,macro_numeric_observations_cpiaucsl__value,macro_numeric_observations_cpiaucsl__chg1,macro_numeric_observations_cpiaucsl__chg5,macro_numeric_observations_cpiaucsl__chg20,macro_daily_regime_brent__value,macro_daily_regime_brent__chg1,macro_daily_regime_brent__chg5,macro_daily_regime_brent__chg20,macro_daily_regime_wti__value,macro_daily_regime_wti__chg1,macro_daily_regime_wti__chg5,macro_daily_regime_wti__chg20,macro_daily_regime_d_oil_5d_pct__value,macro_daily_regime_d_oil_5d_pct__chg1,macro_daily_regime_d_oil_5d_pct__chg5,macro_daily_regime_d_oil_5d_pct__chg20,macro_daily_regime_d_oil_20d_pct__value,macro_daily_regime_d_oil_20d_pct__chg1,macro_daily_regime_d_oil_20d_pct__chg5,macro_daily_regime_d_oil_20d_pct__chg20,macro_numeric_observations_dcoilbrenteu__value,macro_numeric_observations_dcoilbrenteu__chg1,macro_numeric_observations_dcoilbrenteu__chg5,macro_numeric_observations_dcoilbrenteu__chg20,macro_numeric_observations_dcoilwtico__value,macro_numeric_observations_dcoilwtico__chg1,macro_numeric_observations_dcoilwtico__chg5,macro_numeric_observations_dcoilwtico__chg20,macro_context_h1_date__value,macro_context_h1_date__chg1,macro_context_h1_date__chg5,macro_context_h1_date__chg20,macro_context_h1_active_event_count__value,macro_context_h1_active_event_count__chg1,macro_context_h1_active_event_count__chg5,macro_context_h1_active_event_count__chg20,macro_context_h1_has_block_event__value,macro_context_h1_has_block_event__chg1,macro_context_h1_has_block_event__chg5,macro_context_h1_has_block_event__chg20,macro_context_h1_macro_score__value,macro_context_h1_macro_score__chg1,macro_context_h1_macro_score__chg5,macro_context_h1_macro_score__chg20,macro_daily_regime_date__value,macro_daily_regime_date__chg1,macro_daily_regime_date__chg5,macro_daily_regime_date__chg20,macro_daily_regime_growth_fear_score__value,macro_daily_regime_growth_fear_score__chg1,macro_daily_regime_growth_fear_score__chg5,macro_daily_regime_growth_fear_score__chg20,macro_daily_regime_macro_score_long_gold__value,macro_daily_regime_macro_score_long_gold__chg1,macro_daily_regime_macro_score_long_gold__chg5,macro_daily_regime_macro_score_long_gold__chg20,macro_daily_regime_ppi__value,macro_daily_regime_ppi__chg1,macro_daily_regime_ppi__chg5,macro_daily_regime_ppi__chg20,news_events_date__value,news_events_date__chg1,news_events_date__chg5,news_events_date__chg20,news_events_confidence__value,news_events_confidence__chg1,news_events_confidence__chg5,news_events_confidence__chg20,news_events_expected_gold_direction__value,news_events_expected_gold_direction__chg1,news_events_expected_gold_direction__chg5,news_events_expected_gold_direction__chg20,news_events_initial_importance__value,news_events_initial_importance__chg1,news_events_initial_importance__chg5,news_events_initial_importance__chg20,news_event_reactions_date__value,news_event_reactions_date__chg1,news_event_reactions_date__chg5,news_event_reactions_date__chg20,macro_daily_regime_real_yield_10y__supportive5,macro_daily_regime_d_real_yield_5d__supportive5,macro_daily_regime_d_real_yield_20d__supportive5,macro_numeric_observations_dfii10__supportive5,macro_daily_regime_nominal_yield_10y__supportive5,macro_daily_regime_yield_curve_10y2y__supportive5,macro_numeric_observations_dgs10__supportive5,macro_daily_regime_nominal_yield_2y__supportive5,macro_numeric_observations_dgs2__supportive5,macro_daily_regime_usd_pressure_score__supportive5,macro_daily_regime_usd_index__supportive5,macro_daily_regime_d_usd_5d_pct__supportive5,macro_daily_regime_d_usd_20d_pct__supportive5,macro_numeric_observations_dtwexbgs__supportive5,macro_daily_regime_fedfunds__supportive5,macro_daily_regime_rate_pressure_score__supportive5,macro_numeric_observations_fedfunds__supportive5,macro_numeric_observations_unrate__supportive5,macro_support_score,macro_support_available,macro_supportive,macro_hostile,event_prev_24h,event_next_24h,event_same_day,fomc_cpi_nfp_prev_24h,fomc_cpi_nfp_next_24h
prev_day_low_sweep_rejection,LONG,2022-05-12T17:15:00+00:00,2022-05-12T17:30:00+0000,2022-05-12T18:30:00+00:00,4,1835.63,1824.84,-10.79,0,1.28,25.38,1835.3,pdh=1865.24;pdl=1835.30,-11.14,2022-05-12 17:15:00+00:00,2022-05-12 17:30:00+00:00,2022-05-12T17:15:00+00:00,17,new_york,1834.53,1836.17,1833.06,1835.63,3.110000000000128,1.1000000000001364,1.4700000000000273,0.5399999999999636,0.4726688102893785,1.3363636363634954,0.8263665594855494,2.240000000000009,0.3300000000001546,0.7918692001767599,2.8287499999999994,0.6944444444444444,1865.24,1835.3,1850.27,29.94000000000005,1,0,2,1835.41,1850.131,-4.861499999999751,0,0,2022,2022Q2,-11.14,ok,2022-05-12T18:30:00+00:00,1824.84,-10.79,1.28,13.48,-11.14,-11.489999999999998,-12.19,-11.14,0.25,0.04,-0.01,0.33,-0.01,0.04,-0.09,0.0099999999999999,0.33,5.551115123125783e-17,0.01,5.551115123125783e-17,1.6523136e+18,86400000000000.0,604800000000000.0,2419200000000000.0,2.84,-0.0700000000000002,-0.2800000000000002,-0.06,0.2799999999999998,0.0299999999999998,-0.1200000000000001,0.1,1.6523136e+18,86400000000000.0,604800000000000.0,2419200000000000.0,2.56,-0.1,-0.1600000000000001,-0.1600000000000001,1.6523136e+18,86400000000000.0,604800000000000.0,2419200000000000.0,-2.0,-1.0,-1.0,0.0,121.2796,0.8871000000000038,1.421900000000008,3.260999999999996,1.186323448556086,0.7401276680597106,1.2070103711678093,0.0578908721668784,2.7631237787941862,-0.0106607857388003,0.0587929935528475,0.5660600092174293,1.6523136e+18,86400000000000.0,604800000000000.0,2419200000000000.0,0.77,0.0,0.0,0.44,-1.0,0.0,0.0,0.0,1.6513632e+18,2592000000000000.0,,,1.6513632e+18,2592000000000000.0,,,291.298,0.0,0.0,2.737000000000023,0.0,0.0,0.0,0.0,1.6513632e+18,2592000000000000.0,,,108.06,0.3599999999999994,-5.799999999999997,2.9099999999999966,106.15,0.6500000000000057,-3.569999999999993,3.2900000000000063,-3.2537367845424656,0.5924170616113797,-7.570146748413916,0.4714597710546924,3.198522263270471,1.6488062174527796,0.5029026451499212,-0.3657145470396443,1.6523136e+18,86400000000000.0,604800000000000.0,2419200000000000.0,1.6523136e+18,86400000000000.0,604800000000000.0,2419200000000000.0,1.6523748e+18,3600000000000.0,18000000000000.0,75600000000000.0,0.0,0.0,0.0,0.0,0.0,0.0,0.0,0.0,0.0,0.0,0.0,0.0,1.6523136e+18,86400000000000.0,432000000000000.0,1728000000000000.0,0.0,0.0,0.0,0.0,-3.0,-1.0,-1.0,0.0,273.251,0.0,0.0,7.940999999999974,1.6518438e+18,86400000000000.0,864000000000000.0,3974400000000000.0,0.65,0.0,0.0,0.0,-1.0,0.0,0.0,-1.0,2.0,0.0,0.5,0.1999999999999999,1.6518438e+18,86400000000000.0,864000000000000.0,3974400000000000.0,1.0,1.0,0.0,0.0,1.0,1.0,0.0,1.0,0.0,1.0,0.0,0.0,0.0,0.0,0.0,0.0,,,6.0,16,1,0,0,1,0,0,0
prev_day_low_sweep_rejection,LONG,2022-05-16T09:15:00+00:00,2022-05-16T09:30:00+0000,2022-05-16T10:30:00+00:00,4,1800.17,1804.83,4.66,1,14.24,4.49,1798.91,pdh=1828.56;pdl=1798.91,4.3100000000000005,2022-05-16 09:15:00+00:00,2022-05-16 09:30:00+00:00,2022-05-16T09:15:00+00:00,9,london,1794.92,1800.25,1792.72,1800.23,7.529999999999973,5.309999999999945,2.200000000000045,0.0199999999999818,0.2921646746348013,0.414312617702461,0.9973439575033224,6.190000000000055,1.3199999999999363,2.04924477550177,3.0206250000000097,0.7698412698412699,1828.56,1798.91,1813.735,29.649999999999864,1,0,2,1792.77,1830.8665,-4.900000000000091,0,0,2022,2022Q2,4.3100000000000005,ok,2022-05-16T10:30:00+00:00,1804.83,4.66,6.27,4.49,4.3100000000000005,3.96,3.26,4.3100000000000005,0.2,-0.0399999999999999,-0.0099999999999999,0.28,-0.0099999999999999,0.09,0.04,-0.0499999999999999,0.28,-0.0599999999999999,-0.0499999999999999,0.14,1.6526592e+18,259200000000000.0,604800000000000.0,2419200000000000.0,2.88,-0.0500000000000002,-0.0300000000000002,0.1099999999999998,0.2999999999999998,-0.0200000000000004,0.0499999999999998,0.0699999999999998,1.6526592e+18,259200000000000.0,604800000000000.0,2419200000000000.0,2.58,-0.0299999999999998,-0.08,0.04,1.6526592e+18,259200000000000.0,604800000000000.0,2419200000000000.0,0.0,1.0,1.0,2.0,120.6881,-0.156099999999995,0.2956000000000074,1.7257000000000031,0.2455302448242269,0.1875708462109408,-0.2006655356721484,-1.3074408196507143,1.4506264164139284,-0.4183394438321723,-1.3231581481190582,-1.103608731151367,1.6526592e+18,259200000000000.0,604800000000000.0,2419200000000000.0,0.77,0.0,0.0,0.44,-1.0,0.0,0.0,-1.0,1.6513632e+18,2592000000000000.0,,,1.6513632e+18,2592000000000000.0,,,291.298,0.0,0.0,2.737000000000023,-1.5,0.0,-1.5,-1.5,1.6513632e+18,2592000000000000.0,,,114.86,2.739999999999995,7.159999999999997,11.97,114.07,3.549999999999997,8.569999999999993,11.449999999999989,8.12322274881516,-2.684878313948026,11.969376594969004,9.345669567565755,11.157669070356643,0.1938136486698933,9.607953024538952,4.69434299918743,1.6526592e+18,259200000000000.0,604800000000000.0,2419200000000000.0,1.6526592e+18,259200000000000.0,604800000000000.0,2419200000000000.0,1.6526916e+18,3600000000000.0,18000000000000.0,252000000000000.0,0.0,0.0,0.0,0.0,0.0,0.0,0.0,0.0,0.0,0.0,0.0,0.0,1.6526592e+18,86400000000000.0,432000000000000.0,1728000000000000.0,0.0,0.0,0.0,0.0,-2.5,1.0,-0.5,-0.5,273.251,0.0,0.0,7.940999999999974,1.6524486e+18,604800000000000.0,1382400000000000.0,4492800000000000.0,0.65,0.0,0.0,0.0,0.0,1.0,1.0,0.0,1.8,-0.1999999999999999,0.3,0.0,1.6524486e+18,604800000000000.0,1382400000000000.0,4492800000000000.0,1.0,0.0,1.0,0.0,1.0,0.0,0.0,1.0,0.0,0.0,0.0,1.0,1.0,0.0,0.0,0.0,,,6.0,16,1,0,0,0,0,0,0
prev_day_low_sweep_rejection,LONG,2022-05-25T17:00:00+00:00,2022-05-25T17:15:00+0000,2022-05-25T18:15:00+00:00,4,1845.93,1845.64,-0.29,0,10.21,2.73,1845.43,pdh=1865.08;pdl=1845.43,-0.6399999999999999,2022-05-25 17:00:00+00:00,2022-05-25 17:15:00+00:00,2022-05-25T17:00:00+00:00,17,new_york,1847.63,1848.17,1841.24,1845.92,6.930000000000064,1.7100000000000364,4.680000000000064,0.5399999999999636,0.6753246753246783,2.736842105263137,0.6753246753246783,4.190000000000055,0.4900000000000091,2.066265988596112,2.027812500000001,0.5317460317460317,1865.08,1845.43,1855.255,19.649999999999864,1,0,0,1845.63,1855.205,1.5864999999998872,0,1,2022,2022Q2,-0.6399999999999999,ok,2022-05-25T18:15:00+00:00,1845.64,-0.29,0.5,2.73,-0.6399999999999999,-0.99,-1.69,-0.6399999999999999,0.19,-0.0199999999999999,-0.04,0.01,-0.04,0.0,-0.03,-0.21,0.01,-0.1299999999999999,-0.21,-0.2299999999999999,1.6534368e+18,86400000000000.0,604800000000000.0,2419200000000000.0,2.75,-0.0099999999999997,-0.0299999999999998,-0.2999999999999998,0.27,0.0100000000000002,0.0900000000000003,-0.0699999999999998,1.6534368e+18,86400000000000.0,604800000000000.0,2419200000000000.0,2.48,-0.02,-0.1200000000000001,-0.2299999999999999,1.6534368e+18,86400000000000.0,604800000000000.0,2419200000000000.0,0.0,0.0,-1.0,1.0,118.9598,0.3353000000000037,-0.4078999999999979,-1.046999999999997,-0.341717231713435,0.330906730211684,0.8801039231289169,-0.7714484384003315,-0.8724505611348665,-0.090662124945927,-0.7673400653999545,-3.704542981382384,1.6534368e+18,86400000000000.0,604800000000000.0,2419200000000000.0,0.77,0.0,0.0,0.0,0.0,0.0,0.0,1.0,1.6513632e+18,2592000000000000.0,,,1.6513632e+18,2592000000000000.0,,,291.298,0.0,0.0,0.0,0.0,0.0,0.0,0.0,1.6513632e+18,2592000000000000.0,,,116.41,0.6400000000000006,2.780000000000001,4.299999999999997,112.88,0.3299999999999983,0.25,4.709999999999994,0.2219657284915209,-0.0810375688973066,-1.687190985225453,-3.200923649078035,4.354257187760002,-0.0133244146138791,-3.3329021965023484,3.1094050724473865,1.6534368e+18,86400000000000.0,604800000000000.0,2419200000000000.0,1.6534368e+18,86400000000000.0,604800000000000.0,2419200000000000.0,1.653498e+18,3600000000000.0,18000000000000.0,75600000000000.0,0.0,0.0,0.0,0.0,0.0,0.0,0.0,0.0,0.0,0.0,0.0,0.0,1.6534368e+18,86400000000000.0,432000000000000.0,1728000000000000.0,0.0,0.0,0.0,0.0,0.0,0.0,-1.0,2.0,273.251,0.0,0.0,0.0,1.6533126e+18,345600000000000.0,1555200000000000.0,4752000000000000.0,0.65,0.0,0.0,0.0,1.0,0.0,2.0,1.0,1.5,0.0,-0.5,-0.3,1.6533126e+18,345600000000000.0,1555200000000000.0,4752000000000000.0,1.0,1.0,1.0,0.0,1.0,0.0,0.0,1.0,0.0,1.0,1.0,0.0,1.0,0.0,0.0,0.0,,,8.0,16,1,0,0,0,0,0,0
prev_day_low_sweep_rejection,LONG,2022-06-06T16:00:00+00:00,2022-06-06T16:15:00+0000,2022-06-06T17:15:00+00:00,4,1847.66,1842.67,-4.99,0,0.05,7.31,1847.15,pdh=1873.86;pdl=1847.15,-5.34,2022-06-06 16:00:00+00:00,2022-06-06 16:15:00+00:00,2022-06-06T16:00:00+00:00,16,new_york,1846.16,1848.54,1845.45,1847.64,3.089999999999918,1.4800000000000182,0.7100000000000364,0.8999999999998636,0.2297734627831893,0.4797297297297484,0.7087378640777063,1.7000000000000457,0.4900000000000091,0.8999669129811672,1.888958333333328,0.5,1873.86,1847.15,1860.505,26.70999999999981,1,0,3,1843.35,1854.083,2.1340000000000146,0,1,2022,2022Q2,-5.34,ok,2022-06-06T17:15:00+00:00,1842.67,-4.99,-2.72,6.25,-5.34,-5.69,-6.390000000000001,-5.34,0.28,0.06,-0.0099999999999999,0.01,-0.0099999999999999,-0.0199999999999999,-0.1899999999999999,-0.0299999999999999,0.01,-0.0099999999999999,-0.0299999999999999,-0.32,1.6544736e+18,259200000000000.0,604800000000000.0,2419200000000000.0,3.04,0.08,0.1,0.06,0.31,0.0100000000000002,0.0300000000000002,0.04,1.6544736e+18,259200000000000.0,604800000000000.0,2419200000000000.0,2.73,0.0699999999999998,0.0699999999999998,0.02,1.6544736e+18,259200000000000.0,604800000000000.0,2419200000000000.0,0.0,-1.0,-1.0,-1.0,118.3081,0.0927999999999968,-0.3873000000000104,-1.5790000000000075,-0.3262973965292761,-0.4490207886749728,-0.6746133901513787,0.821875915387978,-1.3170724790240216,0.7318453513171692,0.8137063164205507,-1.6655258249462108,1.6544736e+18,259200000000000.0,604800000000000.0,2419200000000000.0,1.21,0.0,0.0,0.4399999999999999,0.0,0.0,1.0,1.0,1.6540416e+18,2678400000000000.0,1.30464e+16,,1.6540416e+18,2678400000000000.0,1.30464e+16,,294.957,0.0,0.0,3.658999999999992,0.0,0.0,0.0,1.5,1.6540416e+18,2678400000000000.0,1.30464e+16,,124.99,-0.6900000000000119,2.789999999999992,12.099999999999994,118.41,-0.5600000000000023,3.1499999999999915,6.099999999999994,2.7329515877147244,-1.2799877373421071,2.471991253685487,-3.070157220575428,5.4313952453031735,1.1357872852786215,-3.1507997617622987,-4.719644378078554,1.6544736e+18,259200000000000.0,604800000000000.0,2419200000000000.0,1.6544736e+18,259200000000000.0,604800000000000.0,2419200000000000.0,1.6545312e+18,3600000000000.0,18000000000000.0,252000000000000.0,0.0,0.0,0.0,0.0,0.0,0.0,0.0,0.0,0.0,0.0,0.0,0.0,1.6544736e+18,86400000000000.0,432000000000000.0,1728000000000000.0,0.0,0.0,0.0,0.0,0.0,-1.0,0.0,1.5,280.251,0.0,0.0,7.0,1.6533126e+18,345600000000000.0,1555200000000000.0,4752000000000000.0,0.65,0.0,0.0,0.0,1.0,0.0,2.0,1.0,1.5,0.0,-0.5,-0.3,1.6533126e+18,345600000000000.0,1555200000000000.0,4752000000000000.0,1.0,1.0,1.0,0.0,0.0,0.0,0.0,0.0,0.0,1.0,1.0,1.0,0.0,0.0,0.0,0.0,0.0,0.0,6.0,18,1,0,0,0,0,0,0
prev_day_low_sweep_rejection,LONG,2022-06-07T11:45:00+00:00,2022-06-07T12:00:00+0000,2022-06-07T13:00:00+00:00,4,1850.04,1847.05,-2.99,0,3.31,7.87,1849.46,pdh=1852.39;pdl=1849.46,-3.3400000000000003,2022-06-07 11:45:00+00:00,2022-06-07 12:00:00+00:00,2022-06-07T11:45:00+00:00,11,london,1847.45,1850.11,1847.26,1850.05,2.849999999999909,2.599999999999909,0.1900000000000545,0.0599999999999454,0.0666666666666879,0.0730769230769466,0.9789473684210712,2.200000000000045,0.5899999999999181,1.2085145342183865,1.82041666666666,0.5357142857142857,1852.39,1849.46,1850.925,2.930000000000064,1,0,47,1841.92,1853.84,-0.8614999999997508,0,0,2022,2022Q2,-3.3400000000000003,ok,2022-06-07T13:00:00+00:00,1847.05,-2.99,0.87,3.08,-3.3400000000000003,-3.69,-4.390000000000001,-3.3400000000000003,0.25,-0.03,-0.01,0.0799999999999999,-0.01,-5.551115123125783e-17,-0.16,0.0599999999999999,0.0799999999999999,0.0699999999999999,0.0599999999999999,-0.21,1.65456e+18,86400000000000.0,604800000000000.0,2419200000000000.0,2.98,-0.06,0.06,0.0899999999999998,0.2299999999999999,-0.08,-0.04,0.02,1.65456e+18,86400000000000.0,604800000000000.0,2419200000000000.0,2.75,0.02,0.1,0.0699999999999998,1.65456e+18,86400000000000.0,604800000000000.0,2419200000000000.0,0.0,0.0,-1.0,0.0,118.4414,0.1333000000000055,0.3756000000000057,-1.5859999999999983,0.3181276881196805,0.6444250846489565,0.5020926400909668,0.994039316480827,-1.32136495500194,-0.0042924759779183,0.9777937965144796,-1.287967074642979,1.65456e+18,86400000000000.0,604800000000000.0,2419200000000000.0,1.21,0.0,0.0,0.4399999999999999,0.0,0.0,1.0,1.0,1.6540416e+18,2678400000000000.0,1.30464e+16,,1.6540416e+18,2678400000000000.0,1.30464e+16,,294.957,0.0,0.0,3.658999999999992,0.0,0.0,0.0,0.0,1.6540416e+18,2678400000000000.0,1.30464e+16,,126.89,1.9000000000000057,4.689999999999998,16.849999999999994,119.55,1.1400000000000006,2.6700000000000017,9.879999999999995,2.2843942505133485,-0.4485573372013758,0.6142481127262907,3.0534858176505133,9.008844715966076,3.577449470662902,3.2542301665632527,5.026669689892308,1.65456e+18,86400000000000.0,604800000000000.0,2419200000000000.0,1.65456e+18,86400000000000.0,604800000000000.0,2419200000000000.0,1.6546032e+18,3600000000000.0,18000000000000.0,75600000000000.0,0.0,0.0,0.0,0.0,0.0,0.0,0.0,0.0,0.0,0.0,0.0,0.0,1.65456e+18,86400000000000.0,432000000000000.0,1728000000000000.0,0.0,0.0,0.0,0.0,0.0,0.0,0.0,1.0,280.251,0.0,0.0,7.0,1.6533126e+18,345600000000000.0,1555200000000000.0,4752000000000000.0,0.65,0.0,0.0,0.0,1.0,0.0,2.0,1.0,1.5,0.0,-0.5,-0.3,1.6533126e+18,345600000000000.0,1555200000000000.0,4752000000000000.0,1.0,1.0,0.0,0.0,0.0,1.0,0.0,0.0,0.0,1.0,0.0,0.0,0.0,0.0,0.0,0.0,0.0,0.0,4.0,18,1,0,0,0,0,0,0
prev_day_low_sweep_rejection,LONG,2022-06-24T02:15:00+00:00,2022-06-24T02:30:00+0000,2022-06-24T03:30:00+00:00,4,1823.48,1825.09,1.61,1,3.39,2.49,1823.19,pdh=1847.67;pdl=1823.19,1.2600000000000002,2022-06-24 02:15:00+00:00,2022-06-24 02:30:00+00:00,2022-06-24T02:15:00+00:00,2,asia,1823.36,1824.03,1821.5,1823.48,2.5299999999999727,0.1200000000001182,1.8599999999999,0.5499999999999545,0.7351778656126166,15.499999999983894,0.7826086956521895,1.6900000000000546,0.2899999999999636,0.7968957217938211,2.1207291666666825,0.4325396825396825,1847.67,1823.19,1835.43,24.48000000000001,1,0,8,1824.44,1833.486,-1.606999999999971,0,0,2022,2022Q2,1.2600000000000002,ok,2022-06-24T03:30:00+00:00,1825.09,1.61,1.67,0.85,1.2600000000000002,0.91,0.2100000000000002,1.2600000000000002,0.57,-0.02,-0.1,0.35,-0.1,-0.02,0.1199999999999998,-0.21,0.35,-0.02,-0.21,0.37,1.6560288e+18,86400000000000.0,604800000000000.0,2419200000000000.0,3.13,0.04,-0.1200000000000001,0.1699999999999999,0.0899999999999998,0.0099999999999997,0.0099999999999997,-0.2099999999999999,1.6560288e+18,86400000000000.0,604800000000000.0,2419200000000000.0,3.04,0.0300000000000002,-0.1299999999999999,0.3799999999999999,1.6560288e+18,86400000000000.0,604800000000000.0,2419200000000000.0,-1.0,0.0,0.0,-2.0,120.4853,-0.2769000000000119,-0.7516000000000105,2.269999999999996,-0.6199432680974278,-0.2283958101865124,-0.2665192883626005,-0.5623696778895025,1.9202252161945164,-0.2342336398080551,-0.5767439274046744,4.095670955419073,1.6560288e+18,86400000000000.0,604800000000000.0,2419200000000000.0,1.21,0.0,0.0,0.0,-1.0,0.0,-1.0,-1.0,1.6540416e+18,2678400000000000.0,1.30464e+16,,1.6540416e+18,2678400000000000.0,1.30464e+16,,294.957,0.0,0.0,0.0,0.0,-0.5,-0.5,0.0,1.6540416e+18,2678400000000000.0,1.30464e+16,,117.36,2.8599999999999994,-1.8599999999999997,-8.320000000000007,109.07,3.319999999999993,-0.4900000000000091,-9.900000000000006,-0.4472435195326844,3.030303030303024,7.42359401830788,-3.935413317723364,-8.3214255694713,2.7906194839035,-3.6241395569452113,-15.967100560423166,1.6560288e+18,86400000000000.0,604800000000000.0,2419200000000000.0,1.6560288e+18,86400000000000.0,604800000000000.0,2419200000000000.0,1.656036e+18,3600000000000.0,21600000000000.0,75600000000000.0,0.0,0.0,0.0,0.0,0.0,0.0,0.0,0.0,0.0,0.0,0.0,0.0,1.6560288e+18,86400000000000.0,432000000000000.0,1728000000000000.0,0.0,0.0,0.0,0.0,-2.0,-0.5,-1.5,-3.0,280.251,0.0,0.0,0.0,1.6559046e+18,432000000000000.0,777600000000000.0,6048000000000000.0,0.65,0.0,0.0,0.0,1.0,2.0,2.0,1.0,2.0,0.0,0.5,0.1999999999999999,1.6559046e+18,432000000000000.0,777600000000000.0,6048000000000000.0,1.0,0.0,1.0,0.0,1.0,0.0,0.0,1.0,0.0,0.0,1.0,1.0,1.0,0.0,0.0,1.0,0.0,0.0,8.0,18,1,0,0,0,0,0,0
prev_day_low_sweep_rejection,LONG,2022-07-15T12:00:00+00:00,2022-07-15T12:15:00+0000,2022-07-15T13:15:00+00:00,4,1707.39,1705.68,-1.71,0,6.43,8.48,1707.21,pdh=1745.26;pdl=1707.21,-2.06,2022-07-15 12:00:00+00:00,2022-07-15 12:15:00+00:00,2022-07-15T12:00:00+00:00,12,london,1704.05,1707.4,1703.68,1707.4,3.7200000000000273,3.3500000000001364,0.3699999999998908,0.0,0.0994623655913677,0.1104477611939927,1.0,3.5299999999999727,0.1900000000000545,1.343802046157496,2.6268750000000005,0.3809523809523809,1745.26,1707.21,1726.235,38.04999999999996,1,0,19,1704.34,1722.4295000000002,-4.117999999999938,0,0,2022,2022Q3,-2.06,ok,2022-07-15T13:15:00+00:00,1705.68,-1.71,-0.15,3.35,-2.06,-2.41,-3.11,-2.06,0.57,-0.05,-0.15,0.0,-0.15,-0.05,-0.35,-0.0499999999999999,0.0,-0.05,-0.0499999999999999,-0.35,1.6578432e+18,86400000000000.0,604800000000000.0,2419200000000000.0,2.93,-0.0299999999999998,-0.1599999999999997,-0.1999999999999997,-0.1999999999999997,-0.0099999999999997,-0.1699999999999994,-0.2899999999999996,1.6578432e+18,86400000000000.0,604800000000000.0,2419200000000000.0,3.13,-0.02,0.0099999999999997,0.0899999999999998,1.6578432e+18,86400000000000.0,604800000000000.0,2419200000000000.0,-2.0,0.0,-2.0,-1.0,123.4765,-0.5857000000000028,1.0103000000000009,2.9912000000000063,0.8249623161329419,-0.4782544081550687,0.9506348189730096,1.4449055842303695,2.4826265112839545,-0.486117393574156,1.46866129112409,0.5624012950894381,1.6578432e+18,86400000000000.0,604800000000000.0,2419200000000000.0,1.68,0.0,0.0,0.47,1.0,1.0,2.0,2.0,1.6566336e+18,2592000000000000.0,1.296e+16,,1.6566336e+18,2592000000000000.0,1.296e+16,,294.913,0.0,0.0,-0.0439999999999827,0.5,-0.5,1.25,0.5,1.6566336e+18,2592000000000000.0,1.296e+16,,112.26,4.52000000000001,-1.6899999999999975,-5.099999999999994,99.59,1.7999999999999972,-7.189999999999998,-9.47999999999999,-6.733470687394641,1.6857089342573488,-11.883643016296665,-6.286227167861957,-8.691665902631328,1.6503163106262004,-6.154243485690838,-0.3702403331600283,1.6578432e+18,86400000000000.0,604800000000000.0,2419200000000000.0,1.6578432e+18,86400000000000.0,604800000000000.0,2419200000000000.0,1.6578864e+18,3600000000000.0,18000000000000.0,75600000000000.0,0.0,0.0,0.0,0.0,0.0,0.0,0.0,0.0,0.0,0.0,0.0,0.0,1.6578432e+18,86400000000000.0,432000000000000.0,1728000000000000.0,0.0,0.0,0.0,0.0,-0.5,0.5,1.25,1.5,272.274,0.0,0.0,-7.976999999999975,1.6571142e+18,86400000000000.0,1814400000000000.0,6566400000000000.0,0.65,0.0,0.0,0.0,-1.0,0.0,0.0,0.0,1.5,0.0,0.0,0.0,1.6571142e+18,86400000000000.0,1814400000000000.0,6566400000000000.0,1.0,1.0,1.0,0.0,1.0,1.0,0.0,0.0,0.0,1.0,0.0,0.0,0.0,0.0,0.0,0.0,0.0,0.0,6.0,18,1,0,0,0,0,0,0
prev_day_low_sweep_rejection,LONG,2022-07-26T02:30:00+00:00,2022-07-26T02:45:00+0000,2022-07-26T03:45:00+00:00,4,1725.7,1727.08,1.38,1,2.37,4.8,1725.32,pdh=1726.89;pdl=1725.32,1.0299999999999998,2022-07-26 02:30:00+00:00,2022-07-26 02:45:00+00:00,2022-07-26T02:30:00+00:00,2,asia,1722.96,1727.72,1722.88,1725.72,4.839999999999918,2.759999999999991,0.0799999999999272,2.0,0.0165289256198199,0.0289855072463505,0.5867768595041253,2.439999999999827,0.4000000000000909,1.2928579313389046,1.887291666666672,0.0634920634920634,1726.89,1725.32,1726.105,1.5700000000001637,1,0,10,1718.9,1713.8335,1.5550000000000637,1,1,2022,2022Q3,1.0299999999999998,ok,2022-07-26T03:45:00+00:00,1727.08,1.38,2.37,0.66,1.0299999999999998,0.6799999999999999,-0.02,1.0299999999999998,0.45,0.0,-0.1299999999999999,-0.19,-0.1299999999999999,0.08,-0.1399999999999999,-0.2299999999999999,-0.19,-0.12,-0.2299999999999999,-0.1699999999999999,1.6587936e+18,86400000000000.0,604800000000000.0,2419200000000000.0,2.81,0.0,-0.1,-0.1200000000000001,-0.2099999999999999,-0.02,-0.02,-0.1699999999999999,1.6587936e+18,86400000000000.0,604800000000000.0,2419200000000000.0,3.02,0.02,-0.08,0.0499999999999998,1.6587936e+18,86400000000000.0,604800000000000.0,2419200000000000.0,0.0,0.0,0.0,2.0,122.7581,0.2986999999999966,-0.1450999999999993,-0.2492000000000018,-0.1180603922436513,-0.0036229180899655,0.3462384824410078,-1.3538038711557752,-0.2025896024057124,-0.0713715251379206,-1.352658158803847,-2.1383423988429757,1.6587936e+18,86400000000000.0,604800000000000.0,2419200000000000.0,1.68,0.0,0.0,0.0,1.0,0.0,1.0,1.0,1.6566336e+18,2592000000000000.0,1.296e+16,,1.6566336e+18,2592000000000000.0,1.296e+16,,294.913,0.0,0.0,0.0,0.0,0.0,-0.5,-1.0,1.6566336e+18,2592000000000000.0,1.296e+16,,107.32,-0.9100000000000108,-5.490000000000009,-1.220000000000013,97.74,-2.0900000000000034,-0.7000000000000028,-2.5700000000000074,-0.7110930516050415,3.7120759287683462,0.4436413594804145,8.34602390215742,-2.5620576213737487,-0.8683106986755715,8.190435578988899,12.111300663757248,1.6587936e+18,86400000000000.0,604800000000000.0,2419200000000000.0,1.6587936e+18,86400000000000.0,604800000000000.0,2419200000000000.0,1.6588008e+18,3600000000000.0,21600000000000.0,75600000000000.0,0.0,0.0,0.0,0.0,0.0,0.0,0.0,0.0,0.0,0.0,0.0,0.0,1.6587936e+18,86400000000000.0,432000000000000.0,1728000000000000.0,0.0,0.0,0.0,0.0,1.0,0.0,0.5,2.0,272.274,0.0,0.0,0.0,1.6571142e+18,86400000000000.0,1814400000000000.0,6566400000000000.0,0.65,0.0,0.0,0.0,-1.0,0.0,0.0,0.0,1.5,0.0,0.0,0.0,1.6571142e+18,86400000000000.0,1814400000000000.0,6566400000000000.0,1.0,1.0,1.0,0.0,1.0,1.0,0.0,1.0,0.0,0.0,1.0,0.0,1.0,0.0,0.0,0.0,0.0,0.0,8.0,18,1,0,0,0,0,0,0
prev_day_low_sweep_rejection,LONG,2022-08-18T12:30:00+00:00,2022-08-18T12:45:00+0000,2022-08-18T13:45:00+00:00,4,1771.57,1767.68,-3.89,0,0.67,16.42,1771.32,pdh=1782.98;pdl=1771.32,-4.24,2022-08-18 12:30:00+00:00,2022-08-18 12:45:00+00:00,2022-08-18T12:30:00+00:00,12,london,1770.54,1771.6,1769.28,1771.57,2.3199999999999363,1.0299999999999727,1.259999999999991,0.0299999999999727,0.5431034482758731,1.22330097087381,0.9870689655172528,2.039999999999964,0.25,1.074803797815681,1.8980208333333453,0.6587301587301587,1782.98,1771.32,1777.15,11.660000000000082,1,0,50,1770.34,1773.1035,-5.025000000000091,0,0,2022,2022Q3,-4.24,ok,2022-08-18T13:45:00+00:00,1767.68,-3.89,0.33,5.2,-4.24,-4.59,-5.29,-4.24,0.36,-0.07,-0.01,0.2199999999999999,-0.01,-0.07,-0.09,0.2799999999999999,0.2199999999999999,-0.01,0.2799999999999999,0.7999999999999999,1.6607808e+18,86400000000000.0,604800000000000.0,2419200000000000.0,2.88,-0.0100000000000002,0.04,0.2099999999999999,-0.3400000000000003,0.0499999999999993,0.0699999999999998,-0.1200000000000001,1.6607808e+18,86400000000000.0,604800000000000.0,2419200000000000.0,3.22,-0.0599999999999996,-0.0299999999999998,0.33,1.6607808e+18,86400000000000.0,604800000000000.0,2419200000000000.0,-1.0,0.0,-1.0,-1.0,122.3627,0.2916000000000025,1.3447000000000031,0.5949000000000098,1.1111570179642722,0.2409558908592129,1.8170250847161016,1.6690944786628368,0.4885528029577686,0.5254029807803504,1.6588168269347003,1.0588326026086166,1.6607808e+18,86400000000000.0,604800000000000.0,2419200000000000.0,2.33,0.0,0.0,0.6500000000000001,0.0,0.0,0.0,-2.0,1.659312e+18,2678400000000000.0,1.32192e+16,,1.659312e+18,2678400000000000.0,1.32192e+16,,295.097,0.0,0.0,0.183999999999969,0.0,0.0,0.0,0.0,1.659312e+18,2678400000000000.0,1.32192e+16,,96.35,-0.8700000000000045,-7.350000000000008,-15.16000000000001,93.2,2.3500000000000085,-1.6599999999999966,-8.11,-1.749947290744251,2.477335020029526,-3.182795879281466,-5.43431941232854,-8.005132760833087,0.3290413891013344,-5.088338164578871,-2.882450610617692,1.6607808e+18,86400000000000.0,604800000000000.0,2419200000000000.0,1.6607808e+18,86400000000000.0,604800000000000.0,2419200000000000.0,1.660824e+18,3600000000000.0,18000000000000.0,75600000000000.0,0.0,0.0,0.0,0.0,0.0,0.0,0.0,0.0,0.0,0.0,0.0,0.0,1.6607808e+18,86400000000000.0,432000000000000.0,1728000000000000.0,0.0,0.0,0.0,0.0,-1.0,0.0,-1.0,-3.0,269.546,0.0,0.0,-2.7280000000000086,1.6599654e+18,259200000000000.0,950400000000000.0,8121600000000000.0,0.65,0.0,0.0,0.0,-1.0,-1.0,-2.0,0.0,1.5,-0.3,-0.5,-0.5,1.6599654e+18,259200000000000.0,950400000000000.0,8121600000000000.0,1.0,1.0,0.0,0.0,0.0,0.0,0.0,1.0,0.0,1.0,0.0,0.0,0.0,0.0,0.0,0.0,0.0,0.0,4.0,18,1,0,0,1,1,0,0
prev_day_low_sweep_rejection,LONG,2022-10-25T14:45:00+00:00,2022-10-25T15:00:00+0000,2022-10-25T16:00:00+00:00,4,1657.82,1655.1,-2.72,0,4.34,5.85,1657.06,pdh=1662.82;pdl=1657.06,-3.0700000000000003,2022-10-25 14:45:00+00:00,2022-10-25 15:00:00+00:00,2022-10-25T14:45:00+00:00,14,new_york,1654.38,1658.67,1653.2,1657.8,5.470000000000027,3.4199999999998454,1.1800000000000637,0.8700000000001182,0.2157221206581458,0.3450292397661161,0.8409506398537269,3.8599999999999,0.7400000000000091,1.8262283771129533,2.1136458333333388,0.0952380952380952,1662.82,1657.06,1659.94,5.759999999999991,1,0,59,1643.62,1642.2985,2.882500000000164,1,1,2022,2022Q4,-3.0700000000000003,ok,2022-10-25T16:00:00+00:00,1655.1,-2.72,4.34,4.21,-3.0700000000000003,-3.42,-4.12,-3.0700000000000003,1.59,-0.0699999999999998,-0.1399999999999999,0.05,-0.1399999999999999,-0.0799999999999998,-0.2799999999999998,0.0,0.05,-0.2299999999999999,0.0,-0.47,1.666656e+18,86400000000000.0,604800000000000.0,2419200000000000.0,4.1,-0.1500000000000003,-0.1400000000000005,0.3399999999999998,-0.3200000000000003,-0.0700000000000002,0.0599999999999996,0.0700000000000002,1.666656e+18,86400000000000.0,604800000000000.0,2419200000000000.0,4.42,-0.08,-0.2000000000000001,0.2699999999999996,1.666656e+18,86400000000000.0,604800000000000.0,2419200000000000.0,0.0,0.0,0.0,1.0,127.3771,-0.6532999999999873,-0.6281000000000034,0.515500000000003,-0.4906831909953685,-0.205317823634167,-0.2356425738484975,0.0215710728234181,0.4063483355089349,-1.058600282319761,0.0217655262977624,-1.176957172068879,1.666656e+18,86400000000000.0,604800000000000.0,2419200000000000.0,3.08,0.0,0.0,0.0,1.0,2.0,2.0,1.0,1.6645824e+18,2592000000000000.0,1.32192e+16,,1.6645824e+18,2592000000000000.0,1.32192e+16,,298.007,0.0,0.0,0.0,0.0,0.0,0.0,0.75,1.6645824e+18,2592000000000000.0,1.32192e+16,,91.76,0.1900000000000119,0.2400000000000091,-2.589999999999989,86.93,0.8100000000000023,0.9100000000000108,-1.289999999999992,1.0578935131364926,0.918358629415557,1.150808728002925,-9.34130558584987,-1.4622534572659172,-0.5988944150188814,-9.10835532186359,-4.378725692450239,1.666656e+18,86400000000000.0,604800000000000.0,2419200000000000.0,1.666656e+18,86400000000000.0,604800000000000.0,2419200000000000.0,1.66671e+18,3600000000000.0,18000000000000.0,75600000000000.0,0.0,0.0,0.0,0.0,0.0,0.0,0.0,0.0,0.0,0.0,0.0,0.0,1.666656e+18,86400000000000.0,432000000000000.0,1728000000000000.0,0.0,0.0,0.0,0.0,1.0,2.0,2.0,2.75,265.061,0.0,0.0,0.0,1.6656678e+18,86400000000000.0,864000000000000.0,4492800000000000.0,0.65,0.0,0.0,0.0,-1.0,0.0,-2.0,0.0,1.5,0.0,-0.5,0.0,1.6656678e+18,86400000000000.0,864000000000000.0,4492800000000000.0,1.0,1.0,0.0,0.0,1.0,0.0,0.0,1.0,0.0,0.0,1.0,1.0,0.0,0.0,0.0,0.0,0.0,0.0,6.0,18,1,0,0,0,0,0,0
prev_day_low_sweep_rejection,LONG,2022-10-28T09:45:00+00:00,2022-10-28T10:00:00+0000,2022-10-28T11:00:00+00:00,4,1651.12,1649.07,-2.05,0,1.73,11.17,1649.59,pdh=1674.77;pdl=1649.59,-2.4,2022-10-28 09:45:00+00:00,2022-10-28 10:00:00+00:00,2022-10-28T09:45:00+00:00,9,london,1650.55,1651.46,1647.8,1651.09,3.660000000000082,0.5399999999999636,2.75,0.3700000000001182,0.7513661202185624,5.092592592592935,0.8989071038251065,1.7899999999999636,1.5,0.8042684639146158,2.225624999999996,0.7936507936507936,1674.77,1649.59,1662.1799999999998,25.180000000000064,1,0,0,1652.49,1659.418,1.268500000000131,0,1,2022,2022Q4,-2.4,ok,2022-10-28T11:00:00+00:00,1649.07,-2.05,0.06,4.73,-2.4,-2.75,-3.45,-2.4,1.51,0.0,-0.1799999999999999,-0.1100000000000001,-0.1799999999999999,0.0,-0.2699999999999998,-0.3700000000000001,-0.1100000000000001,0.0,-0.3700000000000001,-0.6600000000000001,1.6669152e+18,86400000000000.0,604800000000000.0,2419200000000000.0,4.02,0.0599999999999996,-0.1900000000000004,0.1299999999999994,-0.3900000000000005,-0.0500000000000007,-0.1100000000000003,0.0199999999999991,1.6669152e+18,86400000000000.0,604800000000000.0,2419200000000000.0,4.41,0.1100000000000003,-0.08,0.1100000000000003,1.6669152e+18,86400000000000.0,604800000000000.0,2419200000000000.0,0.0,0.0,0.0,1.0,127.2135,0.5106999999999999,-0.4600000000000079,-0.0975999999999999,-0.3602940312594296,0.4000046994873642,-0.1712626956803411,-0.5411231540335887,-0.0766626005116599,0.4011433409969751,-0.5426634991489931,-2.023901296405452,1.6669152e+18,86400000000000.0,604800000000000.0,2419200000000000.0,3.08,0.0,0.0,0.0,1.0,0.0,2.0,3.0,1.6645824e+18,2592000000000000.0,1.32192e+16,,1.6645824e+18,2592000000000000.0,1.32192e+16,,298.007,0.0,0.0,0.0,0.0,0.0,0.0,0.75,1.6645824e+18,2592000000000000.0,1.32192e+16,,94.64,0.4699999999999988,2.8200000000000074,-4.239999999999995,87.85,-1.210000000000008,2.3799999999999955,-5.219999999999999,2.784602784602779,-1.4157014157014252,0.1672417568683664,-7.947104532470387,-5.608681637477167,-1.3000967014075515,-7.298152190719287,-14.373435640048164,1.6669152e+18,86400000000000.0,604800000000000.0,2419200000000000.0,1.6669152e+18,86400000000000.0,604800000000000.0,2419200000000000.0,1.6669512e+18,3600000000000.0,18000000000000.0,75600000000000.0,0.0,0.0,0.0,0.0,0.0,0.0,0.0,0.0,0.0,0.0,0.0,0.0,1.6669152e+18,86400000000000.0,432000000000000.0,1728000000000000.0,0.0,0.0,0.0,0.0,1.0,0.0,2.0,4.75,265.061,0.0,0.0,0.0,1.6668774e+18,1209600000000000.0,1987200000000000.0,4838400000000000.0,0.65,0.0,0.0,0.0,1.0,2.0,0.0,2.0,1.5,0.0,0.0,-0.5,1.6668774e+18,1209600000000000.0,1987200000000000.0,4838400000000000.0,1.0,1.0,1.0,0.0,1.0,1.0,0.0,1.0,0.0,0.0,1.0,1.0,1.0,0.0,0.0,0.0,0.0,0.0,9.0,18,1,0,1,0,0,0,0
prev_day_low_sweep_rejection,LONG,2023-01-05T15:45:00+00:00,2023-01-05T16:00:00+0000,2023-01-05T17:00:00+00:00,4,1827.45,1830.27,2.82,1,9.85,1.95,1826.73,pdh=1849.79;pdl=1826.73,2.47,2023-01-05 15:45:00+00:00,2023-01-05 16:00:00+00:00,2023-01-05T15:45:00+00:00,15,new_york,1829.12,1829.44,1824.91,1827.3,4.529999999999973,1.8199999999999363,2.3899999999998727,0.3200000000001637,0.5275938189845225,1.3131868131867892,0.5275938189845225,1.8199999999999363,0.5699999999999363,0.6614924469011243,2.751354166666665,0.8492063492063492,1849.79,1826.73,1838.26,23.059999999999945,1,0,0,1845.26,1839.9815,4.862999999999829,1,1,2023,2023Q1,2.47,ok,2023-01-05T17:00:00+00:00,1830.27,2.82,4.42,0.95,2.47,2.12,1.42,2.47,1.49,0.02,-0.09,0.1399999999999999,-0.09,0.02,-0.1200000000000001,-0.1300000000000001,0.1399999999999999,-0.05,-0.1300000000000001,0.1499999999999999,1.6728768e+18,86400000000000.0,604800000000000.0,2419200000000000.0,3.71,0.02,-0.1699999999999999,0.2299999999999999,-0.7400000000000002,-0.0699999999999998,-0.2099999999999999,-0.0500000000000002,1.6728768e+18,86400000000000.0,604800000000000.0,2419200000000000.0,4.45,0.0899999999999998,0.04,0.2800000000000002,1.6728768e+18,86400000000000.0,604800000000000.0,2419200000000000.0,0.0,0.0,0.0,0.0,122.1017,0.6008999999999958,0.676099999999991,-0.5488,0.5568018605631687,0.4948709333122469,1.0066507221676186,0.3685974725582669,-0.4474502753759666,0.4102271657734608,0.3649163212858577,0.1104448199145634,1.6728768e+18,86400000000000.0,604800000000000.0,2419200000000000.0,4.33,0.0,0.2300000000000004,0.2300000000000004,0.0,0.0,1.0,0.0,1.6725312e+18,2678400000000000.0,1.32192e+16,,1.6725312e+18,2678400000000000.0,1.32192e+16,,300.42,0.0,1.5880000000000225,1.5880000000000225,0.5,0.0,1.25,0.5,1.6725312e+18,2678400000000000.0,1.32192e+16,,76.73,1.4200000000000017,-6.089999999999989,-3.469999999999999,73.61,0.7900000000000063,-6.549999999999997,-0.5799999999999983,-8.171157684630735,0.985528942115776,-8.912643169109815,-12.590580626221165,-0.7817765197465943,3.263552245571639,-13.603732888500994,2.174403990390757,1.6728768e+18,86400000000000.0,604800000000000.0,2419200000000000.0,1.6728768e+18,86400000000000.0,604800000000000.0,2419200000000000.0,1.6729344e+18,3600000000000.0,18000000000000.0,75600000000000.0,0.0,0.0,0.0,0.0,0.0,0.0,0.0,0.0,0.0,0.0,0.0,0.0,1.6728768e+18,86400000000000.0,432000000000000.0,1728000000000000.0,0.5,0.0,0.0,0.0,1.0,0.0,2.25,0.5,260.227,0.0,2.329999999999984,2.329999999999984,1.6705926e+18,86400000000000.0,1987200000000000.0,6307200000000000.0,0.65,0.0,0.0,0.0,0.0,0.0,1.0,1.0,1.8,0.0,0.3,0.3,1.6705926e+18,86400000000000.0,1987200000000000.0,6307200000000000.0,1.0,1.0,1.0,0.0,1.0,1.0,0.0,0.0,0.0,0.0,0.0,0.0,0.0,0.0,0.0,0.0,0.0,0.0,5.0,18,1,0,0,0,0,0,0
prev_day_low_sweep_rejection,LONG,2023-04-03T11:00:00+00:00,2023-04-03T11:15:00+0000,2023-04-03T12:15:00+00:00,4,1966.84,1973.5,6.66,1,23.52,0.95,1966.78,pdh=1987.55;pdl=1966.78,6.3100000000000005,2023-04-03 11:00:00+00:00,2023-04-03 11:15:00+00:00,2023-04-03T11:00:00+00:00,11,london,1963.79,1967.22,1963.63,1966.84,3.589999999999918,3.0499999999999545,0.1599999999998544,0.3800000000001091,0.0445682451253086,0.0524590163933956,0.8941504178272652,3.149999999999864,0.0599999999999454,1.1256281407034636,2.798437500000013,0.9563492063492064,1987.55,1966.78,1977.165,20.769999999999985,1,0,44,1961.78,1968.4245,-2.065499999999929,0,0,2023,2023Q2,6.3100000000000005,ok,2023-04-03T12:15:00+00:00,1973.5,6.66,7.19,-1.96,6.3100000000000005,5.96,5.26,6.3100000000000005,1.14,-0.02,-0.1,-0.1900000000000001,-0.1,-0.02,-0.1800000000000001,0.1999999999999997,-0.1900000000000001,-0.04,0.1999999999999997,-2.220446049250313e-16,1.68048e+18,259200000000000.0,604800000000000.0,2419200000000000.0,3.43,-0.0499999999999998,-0.1399999999999996,-0.2099999999999999,-0.54,0.0399999999999995,-0.0299999999999998,0.02,1.68048e+18,259200000000000.0,604800000000000.0,2419200000000000.0,3.97,-0.0899999999999994,-0.1099999999999998,-0.2299999999999999,1.68048e+18,259200000000000.0,604800000000000.0,2419200000000000.0,0.0,0.0,0.0,0.0,119.3204,-0.0397999999999996,-0.4054000000000002,-1.6936999999999929,-0.3386070504435971,-0.0432359236395025,0.2707248594549704,0.0168601620907238,-1.3995889735163032,-0.1343860654108164,0.0166806710494198,-1.5445753975900112,1.68048e+18,259200000000000.0,604800000000000.0,2419200000000000.0,4.83,0.0,0.1799999999999997,0.1799999999999997,0.0,0.0,-1.0,-1.0,1.6803072e+18,2678400000000000.0,1.30464e+16,,1.6803072e+18,2678400000000000.0,1.30464e+16,,302.845,0.0,1.024000000000001,1.024000000000001,-1.5,-1.5,-0.75,-2.0,1.6803072e+18,2678400000000000.0,1.30464e+16,,85.81,6.6200000000000045,8.299999999999997,9.040000000000006,80.4,4.719999999999999,7.450000000000003,9.22,10.21247429746402,6.711380205560297,4.823858290529602,16.05903514402485,12.953076706940148,11.61403010811851,16.458367712231144,16.698850878677803,1.68048e+18,259200000000000.0,604800000000000.0,2419200000000000.0,1.68048e+18,259200000000000.0,604800000000000.0,2419200000000000.0,1.6805196e+18,3600000000000.0,18000000000000.0,252000000000000.0,0.0,0.0,0.0,0.0,0.0,0.0,0.0,0.0,0.0,0.0,0.0,0.0,1.68048e+18,86400000000000.0,432000000000000.0,1728000000000000.0,0.5,0.0,0.0,0.0,-1.0,-1.5,-1.75,-3.0,256.908,0.0,-0.1539999999999963,-0.1539999999999963,1.680183e+18,604800000000000.0,1382400000000000.0,1.1664e+16,0.65,0.0,0.0,0.0,-1.0,-2.0,0.0,-2.0,1.5,0.0,-0.5,0.0,1.680183e+18,604800000000000.0,1382400000000000.0,1.1664e+16,1.0,1.0,0.0,0.0,1.0,1.0,0.0,1.0,0.0,0.0,1.0,0.0,0.0,0.0,0.0,1.0,0.0,0.0,7.0,18,1,0,0,1,1,0,0
prev_day_low_sweep_rejection,LONG,2023-04-27T14:45:00+00:00,2023-04-27T15:00:00+0000,2023-04-27T16:00:00+00:00,4,1977.52,1982.62,5.1,1,13.49,0.95,1976.04,pdh=2003.75;pdl=1976.04,4.75,2023-04-27 14:45:00+00:00,2023-04-27 15:00:00+00:00,2023-04-27T14:45:00+00:00,14,new_york,1981.32,1982.87,1974.13,1977.52,8.739999999999782,3.7999999999999545,3.3899999999998727,1.5499999999999543,0.3878718535469059,0.8921052631578719,0.3878718535469059,1.9099999999998545,1.4800000000000182,0.6661096378100998,2.867395833333331,1.0,2003.75,1976.04,1989.895,27.71000000000004,1,0,0,1996.82,1991.906,2.39650000000006,1,1,2023,2023Q2,4.75,ok,2023-04-27T16:00:00+00:00,1982.62,5.1,8.87,-1.17,4.75,4.4,3.7,4.75,1.26,0.08,-0.03,0.1200000000000001,-0.03,0.08,-0.04,-0.01,0.1200000000000001,2.220446049250313e-16,-0.01,0.2700000000000002,1.6825536e+18,86400000000000.0,604800000000000.0,2419200000000000.0,3.53,0.0999999999999996,-0.04,0.1399999999999996,-0.5400000000000005,-0.0700000000000007,0.0599999999999996,0.0399999999999995,1.6825536e+18,86400000000000.0,604800000000000.0,2419200000000000.0,4.07,0.1700000000000003,-0.0999999999999996,0.1,1.6825536e+18,86400000000000.0,604800000000000.0,2419200000000000.0,0.0,0.0,0.0,-1.0,119.4298,0.1069999999999993,0.1180999999999983,0.0751000000000061,0.0989844248300865,0.0896810622931358,0.071318127326843,0.1035923259562676,0.0629216947468396,0.0498462055894322,0.103555004677624,1.8805605903765672,1.6825536e+18,86400000000000.0,604800000000000.0,2419200000000000.0,4.83,0.0,0.0,0.0,0.0,0.0,0.0,0.0,1.6803072e+18,2678400000000000.0,1.30464e+16,,1.6803072e+18,2678400000000000.0,1.30464e+16,,302.845,0.0,0.0,0.0,0.0,0.0,0.0,1.5,1.6803072e+18,2678400000000000.0,1.30464e+16,,80.11,0.9200000000000016,-3.25,-6.450000000000003,74.77,0.4399999999999977,-3.0900000000000034,-5.930000000000007,-3.96866170048806,0.5651168764448982,-0.1752599953107374,-10.601854089494395,-7.348203221809178,0.5452292441140001,-10.228752904684432,-28.501183254837255,1.6825536e+18,86400000000000.0,604800000000000.0,2419200000000000.0,1.6825536e+18,86400000000000.0,604800000000000.0,2419200000000000.0,1.6826076e+18,3600000000000.0,18000000000000.0,75600000000000.0,0.0,0.0,0.0,0.0,0.0,0.0,0.0,0.0,0.0,0.0,0.0,0.0,1.6825536e+18,86400000000000.0,432000000000000.0,1728000000000000.0,0.5,0.0,0.0,0.0,0.5,0.0,0.0,0.5,256.908,0.0,0.0,0.0,1.6825158e+18,86400000000000.0,1987200000000000.0,1.19232e+16,0.65,0.0,0.0,0.0,-1.0,-2.0,-1.0,-1.0,1.5,0.0,-0.3,-0.3,1.6825158e+18,86400000000000.0,1987200000000000.0,1.19232e+16,1.0,1.0,1.0,0.0,1.0,0.0,0.0,1.0,0.0,0.0,0.0,0.0,0.0,0.0,0.0,0.0,0.0,0.0,5.0,18,1,0,0,0,0,0,0
prev_day_low_sweep_rejection,LONG,2023-06-15T14:30:00+00:00,2023-06-15T14:45:00+0000,2023-06-15T15:45:00+00:00,4,1941.21,1954.93,13.72,1,18.98,0.44,1939.93,pdh=1970.66;pdl=1939.93,13.37,2023-06-15 14:30:00+00:00,2023-06-15 14:45:00+00:00,2023-06-15T14:30:00+00:00,14,new_york,1937.58,1943.15,1937.06,1941.16,6.0900000000001455,3.5800000000001546,0.5199999999999818,1.990000000000009,0.0853858784893217,0.1452513966480333,0.6732348111658519,2.8700000000001182,1.2300000000000182,1.0964224601058972,2.617604166666671,0.988095238095238,1970.66,1939.93,1955.295,30.73000000000001,1,0,50,1928.45,1950.1995,-4.070999999999913,0,0,2023,2023Q2,13.37,ok,2023-06-15T15:45:00+00:00,1954.93,13.72,18.46,-5.12,13.37,13.02,12.32,13.37,1.51,-0.1100000000000001,-0.04,-0.06,-0.04,-0.1100000000000001,-0.09,-0.1500000000000001,-0.06,-0.1,-0.1500000000000001,-0.4000000000000001,1.6867872e+18,86400000000000.0,604800000000000.0,2419200000000000.0,3.72,-0.1099999999999998,-0.0299999999999998,-0.0799999999999996,-0.8999999999999999,0.0100000000000002,-0.06,-0.1599999999999997,1.6867872e+18,86400000000000.0,604800000000000.0,2419200000000000.0,4.62,-0.1200000000000001,0.0300000000000002,0.08,1.6867872e+18,86400000000000.0,604800000000000.0,2419200000000000.0,1.0,0.0,1.0,2.0,118.5521,-0.2239000000000004,-0.8800999999999988,-2.0782999999999987,-0.7369034481488231,-0.1874703806846063,-0.25975586738538,-1.4509917686762113,-1.722865877921319,-0.0137647676221022,-1.4365793292146178,-3.473617429102709,1.6867872e+18,86400000000000.0,604800000000000.0,2419200000000000.0,5.08,0.0,0.0,0.0200000000000004,0.0,0.0,0.0,1.0,1.6855776e+18,2678400000000000.0,1.30464e+16,,1.6855776e+18,2678400000000000.0,1.30464e+16,,304.014,0.0,0.0,0.6800000000000068,0.0,0.0,0.0,0.0,1.6855776e+18,2678400000000000.0,1.30464e+16,,75.75,2.3599999999999994,1.0100000000000051,-0.5799999999999983,70.61,2.390000000000001,0.4500000000000028,-1.7399999999999949,0.6413911060433336,3.406499429874573,3.386054261019774,-0.4484510065736863,-2.404975812024872,2.4220331165465674,-0.4348766084479589,-3.84917098869341,1.6867872e+18,86400000000000.0,604800000000000.0,2419200000000000.0,1.6867872e+18,86400000000000.0,604800000000000.0,2419200000000000.0,1.6868376e+18,3600000000000.0,18000000000000.0,75600000000000.0,0.0,0.0,0.0,0.0,0.0,0.0,0.0,0.0,0.0,0.0,0.0,0.0,1.6867872e+18,86400000000000.0,432000000000000.0,1728000000000000.0,0.5,0.0,0.0,0.0,1.5,0.0,1.0,3.0,253.86,0.0,0.0,0.1900000000000261,1.684503e+18,86400000000000.0,2073600000000000.0,1.08864e+16,0.65,0.0,0.0,0.0,-1.0,0.0,-2.0,-2.0,1.5,0.0,0.0,0.0,1.684503e+18,86400000000000.0,2073600000000000.0,1.08864e+16,1.0,1.0,1.0,0.0,1.0,1.0,0.0,0.0,0.0,0.0,1.0,1.0,1.0,0.0,0.0,0.0,0.0,0.0,8.0,18,1,0,0,0,0,0,0
prev_day_low_sweep_rejection,LONG,2023-07-21T07:00:00+00:00,2023-07-21T07:15:00+0000,2023-07-21T08:15:00+00:00,4,1970.03,1970.53,0.5,1,2.13,8.97,1969.74,pdh=1980.91;pdl=1969.74,0.15,2023-07-21 07:00:00+00:00,2023-07-21 07:15:00+00:00,2023-07-21T07:00:00+00:00,7,london,1968.85,1970.07,1967.99,1970.01,2.0799999999999272,1.160000000000082,0.8599999999999,0.0599999999999454,0.4134615384615048,0.7413793103446891,0.9711538461538712,1.75,0.2699999999999818,0.9440854172520392,1.853645833333329,0.376984126984127,1980.91,1969.74,1975.325,11.170000000000073,1,0,4,1970.2,1972.7705,2.185999999999922,0,1,2023,2023Q3,0.15,ok,2023-07-21T08:15:00+00:00,1970.53,0.5,2.13,0.71,0.15,-0.1999999999999999,-0.8999999999999999,0.15,1.49,-0.01,-0.1,-0.1,-0.1,-0.01,0.0599999999999998,-0.1500000000000001,-0.1,-0.01,-0.1500000000000001,-0.1400000000000001,1.6898976e+18,86400000000000.0,604800000000000.0,2419200000000000.0,3.84,-0.0100000000000002,0.0099999999999997,0.0299999999999998,-0.9800000000000004,-0.0300000000000006,-0.0700000000000002,0.0799999999999996,1.6898976e+18,86400000000000.0,604800000000000.0,2419200000000000.0,4.82,0.0200000000000004,0.08,-0.0499999999999998,1.6898976e+18,86400000000000.0,604800000000000.0,2419200000000000.0,0.0,0.0,-2.0,0.0,117.9418,0.3470999999999975,0.8954999999999984,-1.4188000000000045,0.7650818522242894,0.296549314245728,2.18682651931318,0.5261590121245477,-1.1886669470495326,0.2907994765441841,0.5159572386602735,-1.1287166153969386,1.6898976e+18,86400000000000.0,604800000000000.0,2419200000000000.0,5.12,0.0,0.0,0.0,0.0,0.0,-1.0,0.0,1.6881696e+18,2592000000000000.0,1.296e+16,,1.6881696e+18,2592000000000000.0,1.296e+16,,304.609,0.0,0.0,0.0,0.0,0.0,0.0,0.0,1.6881696e+18,2592000000000000.0,1.296e+16,,81.06,1.4399999999999975,1.1599999999999966,6.549999999999997,77.06,1.4099999999999966,1.6200000000000043,6.400000000000006,2.1474019088017027,1.8690349946977685,1.386082288125874,-0.1249964122288274,9.057458250778383,1.9954712708746056,-0.1334521559374852,8.344801466285794,1.6898976e+18,86400000000000.0,604800000000000.0,2419200000000000.0,1.6898976e+18,86400000000000.0,604800000000000.0,2419200000000000.0,1.6899228e+18,3600000000000.0,18000000000000.0,75600000000000.0,0.0,0.0,0.0,0.0,0.0,0.0,0.0,0.0,0.0,0.0,0.0,0.0,1.6898976e+18,86400000000000.0,432000000000000.0,1728000000000000.0,0.5,0.0,0.0,0.0,0.5,0.0,-3.0,0.0,253.835,0.0,0.0,0.0,1.6896006e+18,259200000000000.0,5184000000000000.0,1.08864e+16,0.65,0.0,0.0,0.0,-1.0,-2.0,0.0,-2.0,1.5,0.0,0.0,0.0,1.6896006e+18,259200000000000.0,5184000000000000.0,1.08864e+16,1.0,0.0,1.0,0.0,0.0,1.0,0.0,0.0,0.0,1.0,0.0,0.0,0.0,0.0,0.0,1.0,0.0,0.0,5.0,18,1,0,0,0,0,0,0
prev_day_low_sweep_rejection,LONG,2023-10-23T03:45:00+00:00,2023-10-23T04:00:00+0000,2023-10-23T05:00:00+00:00,4,1972.0,1973.66,1.66,1,9.98,0.94,1971.92,pdh=1997.14;pdl=1971.92,1.31,2023-10-23 03:45:00+00:00,2023-10-23 04:00:00+00:00,2023-10-23T03:45:00+00:00,3,asia,1970.7,1973.25,1970.3,1971.99,2.950000000000045,1.2899999999999636,0.4000000000000909,1.259999999999991,0.1355932203390117,0.3100775193799242,0.572881355932213,1.6200000000001182,0.0699999999999363,0.5430546825896058,2.983125000000001,0.9404761904761904,1997.14,1971.92,1984.53,25.220000000000027,1,0,11,1971.44,1960.3835,7.9224999999999,1,1,2023,2023Q4,1.31,ok,2023-10-23T05:00:00+00:00,1973.66,1.66,2.66,0.34,1.31,0.96,0.26,1.31,2.45,-0.0099999999999997,-0.02,0.0,-0.02,-0.06,-0.2000000000000001,-0.27,0.0,-0.1200000000000001,-0.27,-0.5500000000000003,1.6980192e+18,259200000000000.0,604800000000000.0,2419200000000000.0,4.86,-0.0699999999999994,-0.0499999999999998,0.0500000000000007,-0.1899999999999995,-0.0499999999999989,0.0900000000000007,0.1500000000000012,1.6980192e+18,259200000000000.0,604800000000000.0,2419200000000000.0,5.05,-0.0200000000000004,-0.1400000000000005,-0.1000000000000005,1.6980192e+18,259200000000000.0,604800000000000.0,2419200000000000.0,0.0,0.0,0.0,2.0,123.2846,-0.3273999999999972,-0.5302000000000078,-0.5002000000000066,-0.4282202127694005,-0.8276672572024,-0.6057349099183296,-1.4488332334607714,-0.4040883856499397,-0.8571396759318801,-1.44918436701678,-2.659180909785684,1.6980192e+18,259200000000000.0,604800000000000.0,2419200000000000.0,5.33,0.0,0.0,0.0,0.0,0.0,2.0,2.0,1.6961184e+18,2592000000000000.0,1.32192e+16,5.24448e+16,1.6961184e+18,2592000000000000.0,1.32192e+16,5.24448e+16,307.696,0.0,0.0,0.0,0.0,0.0,0.0,0.0,1.6961184e+18,2592000000000000.0,1.32192e+16,5.24448e+16,91.88,-1.8400000000000036,-0.1099999999999994,-2.5799999999999983,85.49,-3.6300000000000097,-2.8599999999999994,-3.77000000000001,-3.237125070741369,-6.075804969195106,-4.0127609781213085,-0.6293782076753565,-4.22361640152365,-4.572676192087778,-0.6229617370391858,-4.979909436854953,1.6980192e+18,259200000000000.0,604800000000000.0,2419200000000000.0,1.6980192e+18,259200000000000.0,604800000000000.0,2419200000000000.0,1.6980336e+18,3600000000000.0,18000000000000.0,248400000000000.0,0.0,0.0,0.0,0.0,0.0,0.0,0.0,0.0,0.0,0.0,0.0,0.0,1.6980192e+18,86400000000000.0,432000000000000.0,1728000000000000.0,0.0,0.0,0.0,0.0,0.0,0.0,2.0,4.0,255.192,0.0,0.0,0.0,1.6976358e+18,1814400000000000.0,8294400000000000.0,1.8576e+16,0.65,0.0,0.0,0.0,-1.0,0.0,-2.0,-1.0,1.5,0.0,0.0,-0.3,1.6976358e+18,1814400000000000.0,8294400000000000.0,1.8576e+16,1.0,1.0,1.0,0.0,1.0,0.0,0.0,1.0,0.0,0.0,1.0,1.0,1.0,0.0,0.0,0.0,0.0,0.0,8.0,18,1,0,0,0,0,0,0
prev_day_low_sweep_rejection,LONG,2023-11-01T14:45:00+00:00,2023-11-01T15:00:00+0000,2023-11-01T16:00:00+00:00,4,1991.11,1979.53,-11.58,0,0.0,21.32,1990.95,pdh=2006.70;pdl=1990.95,-11.93,2023-11-01 14:45:00+00:00,2023-11-01 15:00:00+00:00,2023-11-01T14:45:00+00:00,14,new_york,1989.61,1991.99,1988.27,1991.08,3.7200000000000273,1.4700000000000273,1.339999999999918,0.910000000000082,0.3602150537634162,0.9115646258502677,0.7553763440860013,2.680000000000064,0.1299999999998817,1.179317931793202,2.27250000000001,0.6468253968253969,2006.7,1990.95,1998.825,15.75,1,0,59,1986.56,1992.4535,-0.64449999999988,0,0,2023,2023Q4,-11.93,ok,2023-11-01T16:00:00+00:00,1979.53,-11.58,-3.94,12.79,-11.93,-12.28,-12.98,-11.93,2.36,-0.1,-0.06,0.0,-0.06,-0.08,-0.02,0.0500000000000002,0.0,-0.2000000000000001,0.0500000000000002,-0.29,1.6987968e+18,86400000000000.0,604800000000000.0,2419200000000000.0,4.77,-0.1100000000000003,-0.0700000000000002,0.0699999999999994,-0.1800000000000006,0.0099999999999997,-0.0300000000000002,0.1799999999999988,1.6987968e+18,86400000000000.0,604800000000000.0,2419200000000000.0,4.95,-0.1200000000000001,-0.04,-0.1099999999999994,1.6987968e+18,86400000000000.0,604800000000000.0,2419200000000000.0,0.0,0.0,0.0,0.0,123.7922,-0.0442000000000035,0.1721999999999894,0.582099999999997,0.139297848244612,0.2763875468408149,0.1328259846714883,0.2578163187240342,0.472445034944373,-0.3964175590018509,0.2586740317609118,-0.9095114435063136,1.6987968e+18,86400000000000.0,604800000000000.0,2419200000000000.0,5.33,0.0,0.0,0.0,0.0,0.0,0.0,1.0,1.6987968e+18,2678400000000000.0,1.32192e+16,5.2704e+16,1.6987968e+18,2678400000000000.0,1.32192e+16,5.2704e+16,308.148,0.4519999999999982,0.4519999999999982,0.4519999999999982,0.5,0.5,0.5,0.5,1.6987968e+18,2678400000000000.0,1.32192e+16,5.2704e+16,86.92,0.1000000000000085,-3.8100000000000014,-1.480000000000004,81.05,-0.5900000000000034,-4.990000000000009,-1.8200000000000076,-5.799628079962818,-3.222062447504588,-2.3436137173057285,-5.847919761720643,-2.1962109327863004,0.2649599154813247,-6.071618393851142,5.726011289435917,1.6987968e+18,86400000000000.0,604800000000000.0,2419200000000000.0,1.6987968e+18,86400000000000.0,604800000000000.0,2419200000000000.0,1.6988508e+18,3600000000000.0,18000000000000.0,75600000000000.0,0.0,0.0,0.0,0.0,0.0,0.0,0.0,0.0,0.0,0.0,0.0,0.0,1.6987968e+18,86400000000000.0,432000000000000.0,1728000000000000.0,0.0,0.0,0.0,0.0,0.5,0.5,0.5,1.5,252.856,-2.3360000000000127,-2.3360000000000127,-2.3360000000000127,1.6976358e+18,1814400000000000.0,8294400000000000.0,1.8576e+16,0.65,0.0,0.0,0.0,-1.0,0.0,-2.0,-1.0,1.5,0.0,0.0,-0.3,1.6976358e+18,1814400000000000.0,8294400000000000.0,1.8576e+16,1.0,1.0,0.0,0.0,1.0,1.0,0.0,1.0,0.0,0.0,0.0,0.0,0.0,0.0,0.0,0.0,0.0,0.0,5.0,18,1,0,0,0,0,0,0
prev_day_low_sweep_rejection,LONG,2023-12-13T07:15:00+00:00,2023-12-13T07:30:00+0000,2023-12-13T08:30:00+00:00,4,1976.41,1980.6,4.19,1,8.87,0.48,1975.97,pdh=2007.76;pdl=1975.97,3.84,2023-12-13 07:15:00+00:00,2023-12-13 07:30:00+00:00,2023-12-13T07:15:00+00:00,7,london,1973.58,1976.53,1973.5,1976.4,3.0299999999999727,2.820000000000164,0.0799999999999272,0.1299999999998817,0.0264026402640026,0.0283687943262136,0.9570957095709958,2.470000000000028,0.4300000000000636,1.272649205667686,1.940833333333328,0.1666666666666666,2007.76,1975.97,1991.865,31.789999999999964,1,0,3,1978.24,1995.732,-7.420500000000175,0,0,2023,2023Q4,3.84,ok,2023-12-13T08:30:00+00:00,1980.6,4.19,4.68,-1.99,3.84,3.49,2.7900000000000005,3.84,1.88,-0.1600000000000001,-0.1400000000000001,-0.2800000000000002,-0.1400000000000001,-0.2100000000000002,-0.1600000000000001,-0.1400000000000001,-0.2800000000000002,-0.1600000000000001,-0.1400000000000001,-0.2600000000000002,1.7024256e+18,86400000000000.0,604800000000000.0,2419200000000000.0,4.04,-0.1600000000000001,-0.1900000000000004,-0.3799999999999999,-0.4199999999999999,0.1100000000000003,0.0599999999999996,0.0499999999999998,1.7024256e+18,86400000000000.0,604800000000000.0,2419200000000000.0,4.46,-0.2700000000000004,-0.25,-0.4299999999999997,1.7024256e+18,86400000000000.0,604800000000000.0,2419200000000000.0,0.0,0.0,0.0,0.0,121.1571,0.4753999999999934,0.3963999999999998,0.4769000000000005,0.3282524861151019,0.2615865380697561,-0.3539916577406102,0.4668566962076431,0.3951766735553972,0.3939337190359258,0.4671681140213749,1.2790727151597812,1.7024256e+18,86400000000000.0,604800000000000.0,2419200000000000.0,5.33,0.0,0.0,0.0,2.0,2.0,2.0,2.0,1.7013888e+18,2592000000000000.0,1.32192e+16,5.26176e+16,1.7013888e+18,2592000000000000.0,1.32192e+16,5.26176e+16,308.741,0.0,0.0,0.5929999999999609,0.5,0.0,0.5,0.5,1.7013888e+18,2592000000000000.0,1.32192e+16,5.26176e+16,74.14,0.0300000000000011,-1.7999999999999972,-6.709999999999994,69.09,0.8200000000000074,-1.7800000000000011,-7.709999999999994,-2.5116410328771,-1.4536700183843407,1.3282504189546476,-2.943182813967722,-10.039062499999991,1.0677083333333446,-2.715929245128807,-4.631992663813268,1.7024256e+18,86400000000000.0,604800000000000.0,2419200000000000.0,1.7024256e+18,86400000000000.0,604800000000000.0,2419200000000000.0,1.7024508e+18,3600000000000.0,18000000000000.0,75600000000000.0,0.0,0.0,0.0,0.0,0.0,0.0,0.0,0.0,0.0,0.0,0.0,0.0,1.7024256e+18,86400000000000.0,432000000000000.0,1728000000000000.0,0.0,-0.5,-0.5,-0.5,2.5,1.5,2.0,2.0,249.866,0.0,0.0,-2.9899999999999807,1.7018694e+18,432000000000000.0,4233600000000000.0,2.10816e+16,0.65,0.0,0.0,0.0,0.0,-1.0,1.0,0.0,1.8,0.3,0.3,0.0,1.7018694e+18,432000000000000.0,4233600000000000.0,2.10816e+16,1.0,1.0,1.0,0.0,1.0,0.0,0.0,1.0,0.0,0.0,0.0,1.0,0.0,0.0,0.0,0.0,0.0,0.0,6.0,18,1,0,0,0,0,0,0
prev_day_low_sweep_rejection,LONG,2024-02-02T14:15:00+00:00,2024-02-02T14:30:00+0000,2024-02-02T15:30:00+00:00,4,2030.82,2030.72,-0.1,0,7.72,3.15,2030.84,pdh=2055.98;pdl=2030.84,-0.4499999999999999,2024-02-02 14:15:00+00:00,2024-02-02 14:30:00+00:00,2024-02-02T14:15:00+00:00,14,new_york,2030.24,2032.05,2027.65,2030.86,4.399999999999864,0.6199999999998909,2.589999999999918,1.1900000000000546,0.5886363636363633,4.177419354839313,0.7295454545454337,3.189999999999827,0.0199999999999818,1.2469563092959106,2.5582291666666728,0.8055555555555556,2055.98,2030.84,2043.41,25.1400000000001,1,0,1,2055.2,2043.7570000000003,3.3175000000003365,1,1,2024,2024Q1,-0.4499999999999999,ok,2024-02-02T15:30:00+00:00,2030.72,-0.1,5.04,3.15,-0.4499999999999999,-0.7999999999999999,-1.5,-0.4499999999999999,1.82,0.1400000000000001,-0.03,0.1300000000000001,-0.03,0.1400000000000001,-0.03,0.07,0.1300000000000001,0.1400000000000001,0.07,0.1500000000000001,1.706832e+18,86400000000000.0,604800000000000.0,2419200000000000.0,4.03,0.1600000000000001,-0.1200000000000001,0.0700000000000002,-0.33,0.0,-0.1400000000000005,-0.1500000000000003,1.706832e+18,86400000000000.0,604800000000000.0,2419200000000000.0,4.36,0.1600000000000001,0.0200000000000004,0.2200000000000006,1.706832e+18,86400000000000.0,604800000000000.0,2419200000000000.0,0.0,0.0,0.0,0.0,120.902,0.5685000000000002,0.2847000000000008,1.367999999999995,0.2360357925438563,0.4713254234674464,0.6347142411991402,-0.0016150033431247,1.1444442585373156,0.4755969013000486,-0.0016296396233599,0.7484337598496464,1.706832e+18,86400000000000.0,604800000000000.0,2419200000000000.0,5.33,0.0,0.0,0.0,0.0,-1.0,0.0,0.0,1.7067456e+18,2678400000000000.0,1.32192e+16,5.2704e+16,1.7067456e+18,2678400000000000.0,1.32192e+16,5.2704e+16,310.967,0.0,1.2690000000000057,1.2690000000000057,0.5,0.0,1.25,0.5,1.7067456e+18,2678400000000000.0,1.32192e+16,5.2704e+16,79.54,-2.6599999999999966,-3.799999999999997,-0.3499999999999943,72.72,-1.6400000000000006,-5.730000000000004,-0.2199999999999988,-7.304015296367118,-2.0905035054174643,-12.2959853177804,-9.949666858427342,-0.301617768028515,-2.2484233616671245,-10.701280025275912,0.1759371507871603,1.706832e+18,86400000000000.0,604800000000000.0,2419200000000000.0,1.706832e+18,86400000000000.0,604800000000000.0,2419200000000000.0,1.7068824e+18,3600000000000.0,18000000000000.0,75600000000000.0,0.0,0.0,0.0,0.0,0.0,0.0,0.0,0.0,0.0,0.0,0.0,0.0,1.706832e+18,86400000000000.0,432000000000000.0,1728000000000000.0,0.0,0.0,0.0,0.0,0.5,-1.0,1.25,0.5,254.926,0.0,3.619999999999976,3.619999999999976,1.7029926e+18,86400000000000.0,1555200000000000.0,1.9872e+16,0.65,0.0,0.0,0.0,1.0,2.0,0.0,1.0,2.0,0.0,0.5,0.1999999999999999,1.7029926e+18,86400000000000.0,1555200000000000.0,1.9872e+16,1.0,1.0,0.0,0.0,1.0,1.0,0.0,0.0,0.0,0.0,0.0,0.0,1.0,0.0,0.0,0.0,0.0,0.0,5.0,18,1,0,0,0,0,0,0
prev_day_low_sweep_rejection,LONG,2024-05-03T14:45:00+00:00,2024-05-03T15:00:00+0000,2024-05-03T16:00:00+00:00,4,2282.73,2292.09,9.36,1,20.22,1.9,2281.42,pdh=2328.25;pdl=2281.42,9.01,2024-05-03 14:45:00+00:00,2024-05-03 15:00:00+00:00,2024-05-03T14:45:00+00:00,14,new_york,2302.73,2302.73,2277.08,2282.53,25.65000000000009,20.19999999999981,5.450000000000273,0.0,0.212475633528275,0.2698019801980357,0.212475633528275,4.3400000000001455,1.110000000000127,1.2017306028266954,3.611458333333322,0.626984126984127,2328.25,2281.42,2304.835,46.82999999999993,1,0,0,2298.12,2302.2775,-4.9284999999999854,0,0,2024,2024Q2,9.01,ok,2024-05-03T16:00:00+00:00,2292.09,9.36,15.39,0.01,9.01,8.66,7.959999999999999,9.01,2.15,-0.06,-0.0900000000000003,0.04,-0.0900000000000003,-0.06,-0.1300000000000003,-0.1600000000000001,0.04,-0.06,-0.1600000000000001,-0.1999999999999997,1.7146944e+18,86400000000000.0,604800000000000.0,2419200000000000.0,4.5,-0.08,-0.1699999999999999,0.0,-0.3099999999999996,-0.0199999999999995,-0.0199999999999995,0.0700000000000002,1.7146944e+18,86400000000000.0,604800000000000.0,2419200000000000.0,4.81,-0.0600000000000005,-0.1500000000000003,-0.0700000000000002,1.7146944e+18,86400000000000.0,604800000000000.0,2419200000000000.0,0.0,0.0,1.0,1.0,122.1375,-0.3008999999999986,-0.8096000000000032,-0.1509999999999962,-0.6584945883229479,-0.2447394041827733,-0.841345845669798,-1.944441850073594,-0.1234784955249236,-0.2460574788307965,-1.9549138846676768,-1.0347359036688857,1.7146944e+18,86400000000000.0,604800000000000.0,2419200000000000.0,5.33,0.0,0.0,0.0,0.0,0.0,0.0,0.0,1.7145216e+18,2592000000000000.0,1.31328e+16,5.25312e+16,1.7145216e+18,2592000000000000.0,1.31328e+16,5.25312e+16,313.175,0.0,0.1519999999999868,0.1519999999999868,0.5,0.0,0.5,0.5,1.7145216e+18,2592000000000000.0,1.31328e+16,5.25312e+16,83.6,-1.210000000000008,-6.3500000000000085,-9.52000000000001,79.65,-0.9399999999999976,-5.72999999999999,-6.809999999999988,-6.7111735769500935,-1.1009604122745342,-8.14874040598656,-5.817088294969349,-7.876474670367788,-1.0872079574369629,-5.744425151798325,-14.48559920797568,1.7146944e+18,86400000000000.0,604800000000000.0,2419200000000000.0,1.7146944e+18,86400000000000.0,604800000000000.0,2419200000000000.0,1.7147484e+18,3600000000000.0,18000000000000.0,75600000000000.0,0.0,0.0,0.0,0.0,0.0,0.0,0.0,0.0,0.0,0.0,0.0,0.0,1.7146944e+18,86400000000000.0,432000000000000.0,1728000000000000.0,0.0,0.0,0.0,0.0,0.5,0.0,1.5,1.5,255.313,0.0,-1.6650000000000205,-1.6650000000000205,1.7132742e+18,1.02816e+16,1.14048e+16,3.00672e+16,0.65,0.0,0.0,0.0,-1.0,-2.0,-1.0,-2.0,1.5,-0.5,-0.3,0.0,1.7132742e+18,1.02816e+16,1.14048e+16,3.00672e+16,1.0,1.0,1.0,0.0,1.0,1.0,0.0,1.0,0.0,0.0,1.0,1.0,1.0,0.0,0.0,0.0,0.0,0.0,9.0,18,1,0,0,0,0,0,0
prev_day_low_sweep_rejection,LONG,2024-05-13T13:15:00+00:00,2024-05-13T13:30:00+0000,2024-05-13T14:30:00+00:00,4,2345.94,2346.42,0.48,1,3.69,14.34,2345.85,pdh=2378.45;pdl=2345.85,0.13,2024-05-13 13:15:00+00:00,2024-05-13 13:30:00+00:00,2024-05-13T13:15:00+00:00,13,new_york,2344.4,2347.27,2343.79,2345.95,3.480000000000018,1.5499999999997272,0.6100000000001273,1.3200000000001637,0.1752873563218747,0.3935483870969256,0.6206896551723687,2.059999999999945,0.099999999999909,0.6986011021619069,2.9487500000000324,0.5317460317460317,2378.45,2345.85,2362.15,32.59999999999991,1,0,15,2344.32,2340.0915,5.6150000000002365,1,1,2024,2024Q2,0.13,ok,2024-05-13T14:30:00+00:00,2346.42,0.48,3.23,2.48,0.13,-0.2199999999999999,-0.92,0.13,2.15,-0.0100000000000002,-0.02,-0.0500000000000002,-0.02,-0.0300000000000002,-0.04,0.02,-0.0500000000000002,-4.440892098500626e-16,0.02,-0.2500000000000004,1.7155584e+18,259200000000000.0,604800000000000.0,2419200000000000.0,4.48,-0.0199999999999995,0.0,-0.1299999999999999,-0.3699999999999992,8.881784197001252e-16,-0.0099999999999997,-0.1199999999999992,1.7155584e+18,259200000000000.0,604800000000000.0,2419200000000000.0,4.85,-0.0200000000000004,0.0099999999999997,-0.0100000000000006,1.7155584e+18,259200000000000.0,604800000000000.0,2419200000000000.0,0.0,0.0,0.0,0.0,122.0261,0.0121000000000037,-0.1664999999999992,-0.6966000000000037,-0.13626029726841,-0.0715555230389229,-0.1813733870238053,0.0905658360289316,-0.56762114914356,0.283095853576238,0.0901746374187402,-1.974746264207376,1.7155584e+18,259200000000000.0,604800000000000.0,2419200000000000.0,5.33,0.0,0.0,0.0,0.0,0.0,0.0,0.0,1.7145216e+18,2592000000000000.0,1.31328e+16,5.25312e+16,1.7145216e+18,2592000000000000.0,1.31328e+16,5.25312e+16,313.175,0.0,0.0,0.1519999999999868,0.0,0.0,0.0,0.0,1.7145216e+18,2592000000000000.0,1.31328e+16,5.25312e+16,83.18,-0.2099999999999937,0.7400000000000091,-5.109999999999999,80.71,0.8999999999999915,0.1400000000000005,-3.460000000000008,0.1737619461337974,0.373836974269344,-0.981291412309376,-0.6286332634470428,-4.110728287988604,0.6733327952850674,-0.6017462520604515,-1.7330896890556446,1.7155584e+18,259200000000000.0,604800000000000.0,2419200000000000.0,1.7155584e+18,259200000000000.0,604800000000000.0,2419200000000000.0,1.7156052e+18,3600000000000.0,18000000000000.0,248400000000000.0,0.0,0.0,0.0,0.0,0.0,0.0,0.0,0.0,0.0,0.0,0.0,0.0,1.7155584e+18,86400000000000.0,432000000000000.0,1728000000000000.0,0.0,0.0,0.0,0.0,0.0,0.0,0.0,0.0,255.313,0.0,0.0,-1.6650000000000205,1.7132742e+18,1.02816e+16,1.14048e+16,3.00672e+16,0.65,0.0,0.0,0.0,-1.0,-2.0,-1.0,-2.0,1.5,-0.5,-0.3,0.0,1.7132742e+18,1.02816e+16,1.14048e+16,3.00672e+16,1.0,1.0,0.0,0.0,0.0,1.0,0.0,0.0,0.0,0.0,1.0,1.0,0.0,0.0,0.0,0.0,0.0,0.0,5.0,18,1,0,0,0,0,0,0
prev_day_low_sweep_rejection,LONG,2024-06-13T17:30:00+00:00,2024-06-13T17:45:00+0000,2024-06-13T18:45:00+00:00,4,2298.6,2301.68,3.08,1,6.12,1.58,2297.52,pdh=2319.89;pdl=2297.52,2.73,2024-06-13 17:30:00+00:00,2024-06-13 17:45:00+00:00,2024-06-13T17:30:00+00:00,17,new_york,2297.23,2299.48,2295.34,2298.54,4.139999999999873,1.3099999999999454,1.889999999999873,0.9400000000000546,0.456521739130418,1.4427480916030164,0.7729468599033614,2.1799999999998363,1.0199999999999818,0.5680165020084268,3.8379166666666578,0.9603174603174603,2319.89,2297.52,2308.705,22.36999999999989,1,0,2,2298.92,2312.0315,1.650499999999738,0,1,2024,2024Q2,2.73,ok,2024-06-13T18:45:00+00:00,2301.68,3.08,5.65,1.58,2.73,2.38,1.6800000000000002,2.73,2.03,-0.06,-0.1,-0.1100000000000003,-0.1,-0.06,-0.1499999999999999,-0.1400000000000001,-0.1100000000000003,-0.0300000000000002,-0.1400000000000001,-0.1000000000000005,1.7182368e+18,86400000000000.0,604800000000000.0,2419200000000000.0,4.24,-0.0699999999999994,-0.1899999999999995,-0.2199999999999997,-0.4399999999999995,8.881784197001252e-16,8.881784197001252e-16,0.0300000000000002,1.7182368e+18,86400000000000.0,604800000000000.0,2419200000000000.0,4.68,-0.0700000000000002,-0.1900000000000004,-0.25,1.7182368e+18,86400000000000.0,604800000000000.0,2419200000000000.0,-1.0,0.0,1.0,-1.0,124.0235,0.1940000000000026,0.4744999999999919,2.4063000000000017,0.3840581469700215,0.1570227197306353,-0.5951745354213716,0.0691336282238481,1.9785852658998904,0.2686556327322813,0.0702317651896953,2.404580558091073,1.7182368e+18,86400000000000.0,604800000000000.0,2419200000000000.0,5.33,0.0,0.0,0.0,0.0,0.0,0.0,0.0,1.7172e+18,2678400000000000.0,1.31328e+16,5.26176e+16,1.7172e+18,2678400000000000.0,1.31328e+16,5.26176e+16,313.044,0.0,0.0,-0.1310000000000286,0.0,0.0,0.0,0.0,1.7172e+18,2678400000000000.0,1.31328e+16,5.26176e+16,81.44,0.9200000000000016,3.319999999999993,2.519999999999996,79.61,0.0499999999999971,3.0799999999999983,1.1299999999999957,4.02456552985757,0.065333856004178,2.3370821389460685,7.918760974383645,1.4398572884811358,-1.2579612219099876,7.722002769744907,2.908783842153454,1.7182368e+18,86400000000000.0,604800000000000.0,2419200000000000.0,1.7182368e+18,86400000000000.0,604800000000000.0,2419200000000000.0,1.718298e+18,3600000000000.0,18000000000000.0,75600000000000.0,0.0,0.0,0.0,0.0,0.0,0.0,0.0,0.0,0.0,0.0,0.0,0.0,1.7182368e+18,86400000000000.0,432000000000000.0,1728000000000000.0,0.0,0.0,0.0,-0.5,-1.0,0.0,1.0,-1.5,255.914,0.0,0.0,0.6009999999999991,1.7175942e+18,4320000000000000.0,1.50336e+16,3.31776e+16,0.65,0.0,0.0,0.0,1.0,2.0,0.0,2.0,2.0,0.5,0.0,0.5,1.7175942e+18,4320000000000000.0,1.50336e+16,3.31776e+16,1.0,1.0,1.0,0.0,1.0,0.0,0.0,1.0,0.0,0.0,0.0,1.0,0.0,0.0,0.0,0.0,0.0,0.0,6.0,18,1,0,0,0,0,0,0
prev_day_low_sweep_rejection,LONG,2024-06-18T16:45:00+00:00,2024-06-18T17:00:00+0000,2024-06-18T18:00:00+00:00,4,2328.24,2330.43,2.19,1,4.84,1.93,2327.55,pdh=2332.96;pdl=2327.55,1.84,2024-06-18 16:45:00+00:00,2024-06-18 17:00:00+00:00,2024-06-18T16:45:00+00:00,16,new_york,2324.34,2329.77,2323.72,2328.25,6.050000000000182,3.909999999999856,0.6200000000003456,1.5199999999999818,0.1024793388430292,0.1585677749361556,0.748760330578523,3.830000000000382,0.6999999999998181,1.4208207744030958,2.695625000000026,0.4285714285714285,2332.96,2327.55,2330.255,5.409999999999855,1,0,67,2326.86,2318.4115,0.8590000000003783,1,1,2024,2024Q2,1.84,ok,2024-06-18T18:00:00+00:00,2330.43,2.19,2.62,1.76,1.84,1.49,0.79,1.84,2.01,-0.0500000000000002,-0.02,-0.2400000000000002,-0.02,0.0099999999999997,0.08,-0.1299999999999999,-0.2400000000000002,-0.1,-0.1299999999999999,-0.3600000000000003,1.7186688e+18,86400000000000.0,604800000000000.0,2419200000000000.0,4.22,-0.0600000000000005,-0.0200000000000004,-0.3900000000000005,-0.4700000000000006,-8.881784197001252e-16,-0.0300000000000011,-0.120000000000001,1.7186688e+18,86400000000000.0,604800000000000.0,2419200000000000.0,4.69,-0.0599999999999996,0.0100000000000006,-0.2699999999999996,1.7186688e+18,86400000000000.0,604800000000000.0,2419200000000000.0,0.0,1.0,1.0,0.0,123.9776,-0.2614000000000089,-0.0459000000000031,1.8134999999999903,-0.0370091152080074,-0.3677057585765169,-0.421067262178029,-0.4866987972595659,1.4844786643539227,-0.8287882383883955,-0.4941066015459678,1.4839056613104509,1.7186688e+18,86400000000000.0,604800000000000.0,2419200000000000.0,5.33,0.0,0.0,0.0,0.0,0.0,0.0,0.0,1.7172e+18,2678400000000000.0,1.31328e+16,5.26176e+16,1.7172e+18,2678400000000000.0,1.31328e+16,5.26176e+16,313.044,0.0,0.0,-0.1310000000000286,0.0,0.0,0.0,0.0,1.7172e+18,2678400000000000.0,1.31328e+16,5.26176e+16,84.79,2.3400000000000034,3.3500000000000085,3.2900000000000063,82.67,1.3400000000000034,3.0600000000000023,2.430000000000007,3.8437382238412288,1.619002175575774,-0.1808273060163414,1.6011286417821171,3.0284147557328103,2.4968943601827576,1.5885574672516745,3.795172114130046,1.7186688e+18,86400000000000.0,604800000000000.0,2419200000000000.0,1.7186688e+18,86400000000000.0,604800000000000.0,2419200000000000.0,1.71873e+18,3600000000000.0,18000000000000.0,75600000000000.0,0.0,0.0,0.0,0.0,0.0,0.0,0.0,0.0,0.0,0.0,0.0,0.0,1.7186688e+18,86400000000000.0,432000000000000.0,1728000000000000.0,0.5,0.0,0.5,0.5,0.5,1.0,1.5,0.5,255.914,0.0,0.0,0.6009999999999991,1.7187174e+18,1123200000000000.0,1.60704e+16,3.42144e+16,0.65,0.0,0.0,0.0,0.0,-1.0,-1.0,1.0,1.2,-0.8,-0.8,-0.3,1.7187174e+18,1123200000000000.0,1.60704e+16,3.42144e+16,1.0,0.0,1.0,0.0,1.0,1.0,0.0,0.0,0.0,0.0,1.0,1.0,1.0,0.0,0.0,0.0,0.0,0.0,7.0,18,1,0,1,1,1,0,0
prev_day_low_sweep_rejection,LONG,2024-08-05T20:45:00+00:00,2024-08-05T21:00:00+0000,2024-08-05T22:00:00+00:00,4,2411.41,2409.53,-1.88,0,6.72,7.24,2410.83,pdh=2477.57;pdl=2410.83,-2.23,2024-08-05 20:45:00+00:00,2024-08-05 21:00:00+00:00,2024-08-05T20:45:00+00:00,20,new_york,2408.02,2411.66,2408.02,2411.41,3.6399999999998727,3.3899999999998727,0.0,0.25,0.0,0.0,0.9313186813186788,2.809999999999945,0.5799999999999272,0.4348512936245571,6.461979166666684,0.8214285714285714,2477.57,2410.83,2444.2,66.74000000000024,1,0,35,2407.44,2437.9845,-3.1599999999998545,0,0,2024,2024Q3,-2.23,ok,2024-08-05T21:58:00+00:00,2409.53,-1.88,-0.08,6.29,-2.23,-2.58,-3.28,-2.23,1.71,-0.05,-0.1400000000000001,-0.1999999999999999,-0.1400000000000001,-2.220446049250313e-16,-0.0600000000000002,-0.1,-0.1999999999999999,0.0,-0.1,-0.0499999999999998,1.722816e+18,259200000000000.0,604800000000000.0,2419200000000000.0,3.78,-0.02,-0.31,-0.3900000000000001,-0.1100000000000003,-0.0300000000000002,0.0899999999999998,0.1499999999999994,1.722816e+18,259200000000000.0,604800000000000.0,2419200000000000.0,3.89,0.0100000000000002,-0.3999999999999999,-0.5399999999999996,1.722816e+18,259200000000000.0,604800000000000.0,2419200000000000.0,0.0,0.0,0.0,0.0,123.5787,0.1105999999999909,-0.0585999999999984,0.8522999999999996,-0.0473966998632277,0.6102825949861249,-0.0193386107242141,-0.0126973865186478,0.6944716051314139,0.0148923343377382,-0.0127916290726528,1.9286579885210864,1.722816e+18,259200000000000.0,604800000000000.0,2419200000000000.0,5.33,0.0,0.0,0.0,1.0,0.0,1.0,1.0,1.7224704e+18,2678400000000000.0,1.32192e+16,5.26176e+16,1.7224704e+18,2678400000000000.0,1.32192e+16,5.26176e+16,314.062,0.0,0.492999999999995,0.492999999999995,0.5,0.5,0.5,0.5,1.7224704e+18,2678400000000000.0,1.32192e+16,5.26176e+16,77.51,-0.8399999999999892,-3.879999999999996,-9.08999999999999,74.46,-0.5300000000000011,-4.900000000000006,-7.460000000000008,-6.17439516129033,-4.625228822836862,-7.16701414830993,-3.791173044989091,-9.106445312500009,0.783004339026073,-3.6726988873331807,-8.777938194845797,1.722816e+18,259200000000000.0,604800000000000.0,2419200000000000.0,1.722816e+18,259200000000000.0,604800000000000.0,2419200000000000.0,1.7228916e+18,3600000000000.0,18000000000000.0,72000000000000.0,0.0,0.0,0.0,0.0,0.0,0.0,0.0,0.0,0.0,0.0,0.0,0.0,1.722816e+18,86400000000000.0,432000000000000.0,1728000000000000.0,0.0,0.0,0.0,0.0,1.5,0.5,1.5,1.5,255.463,0.0,-1.8580000000000323,-1.8580000000000323,1.7228646e+18,259200000000000.0,1728000000000000.0,2.02176e+16,0.65,0.0,0.0,0.0,1.0,0.0,0.0,0.0,1.2,0.0,0.0,-0.8,1.7228646e+18,259200000000000.0,1728000000000000.0,2.02176e+16,1.0,1.0,1.0,0.0,1.0,0.0,0.0,1.0,0.0,0.0,1.0,1.0,1.0,0.0,0.0,0.0,0.0,0.0,8.0,18,1,0,1,1,1,0,0
prev_day_low_sweep_rejection,LONG,2024-09-04T12:30:00+00:00,2024-09-04T12:45:00+0000,2024-09-04T13:45:00+00:00,4,2490.43,2487.23,-3.2,0,9.85,8.38,2489.85,pdh=2507.09;pdl=2489.85,-3.5500000000000003,2024-09-04 12:30:00+00:00,2024-09-04 12:45:00+00:00,2024-09-04T12:30:00+00:00,12,london,2488.61,2491.12,2487.59,2490.46,3.5299999999997453,1.849999999999909,1.0199999999999818,0.6599999999998545,0.2889518413597891,0.5513513513513686,0.8130311614731156,2.2599999999997635,0.6100000000001273,0.7023859626403448,3.217604166666684,0.996031746031746,2507.09,2489.85,2498.4700000000003,17.240000000000236,1,0,20,2489.23,2497.202,-4.300999999999476,0,0,2024,2024Q3,-3.5500000000000003,ok,2024-09-04T13:45:00+00:00,2487.23,-3.2,0.67,4.58,-3.5500000000000003,-3.9,-4.6,-3.5500000000000003,1.7,-0.03,-0.06,-0.1,-0.06,-0.08,-0.1400000000000001,-0.02,-0.1,-0.06,-0.02,0.0299999999999998,1.725408e+18,86400000000000.0,604800000000000.0,2419200000000000.0,3.77,-0.0699999999999998,-0.1400000000000001,-0.1499999999999999,0.0100000000000002,0.0500000000000002,0.0100000000000002,0.1700000000000003,1.725408e+18,86400000000000.0,604800000000000.0,2419200000000000.0,3.76,-0.1200000000000001,-0.1500000000000003,-0.3200000000000003,1.725408e+18,86400000000000.0,604800000000000.0,2419200000000000.0,0.0,0.0,0.0,0.0,122.5144,-0.2667000000000001,0.1881999999999948,-0.0700000000000073,0.1538509329971787,-0.2943084474662426,-0.5595544187367727,0.433039658718657,-0.0571035139871038,-0.3441253722453518,0.4321275455959337,0.8223194758569957,1.725408e+18,86400000000000.0,604800000000000.0,2419200000000000.0,5.13,0.0,-0.2000000000000001,-0.2000000000000001,0.0,0.0,0.0,0.0,1.7251488e+18,2678400000000000.0,1.32192e+16,5.26176e+16,1.7251488e+18,2678400000000000.0,1.32192e+16,5.26176e+16,314.732,0.0,0.6700000000000159,0.6700000000000159,1.0,0.5,1.0,1.0,1.7251488e+18,2678400000000000.0,1.32192e+16,5.26176e+16,74.67,-1.789999999999992,-5.530000000000001,-8.420000000000002,70.11,-1.1700000000000017,-4.409999999999997,-9.549999999999995,-5.917874396135262,1.3903180616020645,-4.20328721597172,-7.680776797770411,-11.988450916394674,-2.8257135645404645,-7.185180604693084,-13.362846436883348,1.725408e+18,86400000000000.0,604800000000000.0,2419200000000000.0,1.725408e+18,86400000000000.0,604800000000000.0,2419200000000000.0,1.7254512e+18,3600000000000.0,18000000000000.0,75600000000000.0,0.0,0.0,0.0,0.0,0.0,0.0,0.0,0.0,0.0,0.0,0.0,0.0,1.725408e+18,86400000000000.0,432000000000000.0,1728000000000000.0,0.0,0.0,0.0,0.0,1.0,0.5,1.0,1.0,252.682,0.0,-2.781000000000006,-2.781000000000006,1.7253702e+18,691200000000000.0,1209600000000000.0,6134400000000000.0,0.65,0.0,0.0,0.0,0.0,-1.0,0.0,0.0,1.2,0.0,0.0,0.0,1.7253702e+18,691200000000000.0,1209600000000000.0,6134400000000000.0,1.0,1.0,1.0,0.0,1.0,0.0,0.0,1.0,0.0,0.0,0.0,1.0,0.0,0.0,1.0,0.0,0.0,0.0,7.0,18,1,0,1,1,1,0,0
prev_day_low_sweep_rejection,LONG,2024-09-19T03:30:00+00:00,2024-09-19T03:45:00+0000,2024-09-19T04:45:00+00:00,4,2562.28,2564.01,1.73,1,22.72,2.7,2560.76,pdh=2586.98;pdl=2560.76,1.38,2024-09-19 03:30:00+00:00,2024-09-19 03:45:00+00:00,2024-09-19T03:30:00+00:00,3,asia,2559.06,2562.85,2559.04,2562.24,3.8099999999999454,3.1799999999998363,0.0199999999999818,0.6100000000001273,0.0052493438320162,0.0062893081760952,0.8398950131233238,1.7200000000002549,1.4799999999995634,0.4399563027897611,3.9094791666666473,1.0,2586.98,2560.76,2573.87,26.2199999999998,1,0,14,2559.1,2575.384,-2.72400000000016,0,0,2024,2024Q3,1.38,ok,2024-09-19T04:45:00+00:00,2564.01,1.73,4.28,1.09,1.38,1.03,0.33,1.38,1.56,-0.02,-0.02,-0.1999999999999999,-0.02,-0.02,0.0599999999999998,-0.1,-0.1999999999999999,-0.07,-0.1,-0.1199999999999998,1.726704e+18,86400000000000.0,604800000000000.0,2419200000000000.0,3.73,0.0299999999999998,0.0699999999999998,-0.1800000000000001,0.1400000000000001,0.0499999999999998,0.0499999999999998,0.1400000000000001,1.726704e+18,86400000000000.0,604800000000000.0,2419200000000000.0,3.59,-0.02,0.02,-0.3200000000000003,1.726704e+18,86400000000000.0,604800000000000.0,2419200000000000.0,0.0,0.0,-1.0,0.0,121.3059,-0.2559000000000111,-0.3492000000000104,-1.020300000000006,-0.2870409871842696,-0.2103487646633894,0.5771523183123343,-1.000446338918221,-0.8340813333529579,-0.2847220343730606,-0.9949577392719636,-0.3448502737699202,1.726704e+18,86400000000000.0,604800000000000.0,2419200000000000.0,5.13,0.0,0.0,-0.2000000000000001,0.0,0.0,0.0,0.0,1.7251488e+18,2678400000000000.0,1.32192e+16,5.26176e+16,1.7251488e+18,2678400000000000.0,1.32192e+16,5.26176e+16,314.732,0.0,0.0,0.6700000000000159,0.0,0.0,0.0,0.0,1.7251488e+18,2678400000000000.0,1.32192e+16,5.26176e+16,75.93,1.4100000000000108,2.25,-4.269999999999996,72.86,0.9899999999999948,3.269999999999996,-1.6599999999999966,4.698950998706705,1.4226181922689969,4.7850960094748345,6.413538178870247,-2.2275899087493247,4.313372379937282,5.989239423880575,2.575680402952265,1.726704e+18,86400000000000.0,604800000000000.0,2419200000000000.0,1.726704e+18,86400000000000.0,604800000000000.0,2419200000000000.0,1.7267148e+18,3600000000000.0,21600000000000.0,75600000000000.0,0.0,0.0,0.0,0.0,0.0,0.0,0.0,0.0,0.0,0.0,0.0,0.0,1.726704e+18,86400000000000.0,432000000000000.0,1728000000000000.0,0.0,0.0,0.0,0.0,0.0,0.0,-1.0,0.0,252.682,0.0,0.0,-2.781000000000006,1.7266662e+18,86400000000000.0,1036800000000000.0,4233600000000000.0,0.65,0.0,0.0,0.0,0.0,0.0,0.0,-1.0,1.2,0.0,0.0,0.0,1.7266662e+18,86400000000000.0,1036800000000000.0,4233600000000000.0,1.0,0.0,1.0,0.0,0.0,0.0,0.0,0.0,0.0,1.0,1.0,0.0,1.0,0.0,0.0,0.0,0.0,0.0,5.0,18,1,0,1,0,0,0,0
prev_day_low_sweep_rejection,LONG,2024-10-31T18:45:00+00:00,2024-10-31T19:00:00+0000,2024-10-31T20:00:00+00:00,4,2744.44,2746.86,2.42,1,5.03,1.41,2743.23,pdh=2775.23;pdl=2743.23,2.07,2024-10-31 18:45:00+00:00,2024-10-31 19:00:00+00:00,2024-10-31T18:45:00+00:00,18,new_york,2741.69,2747.66,2740.71,2744.49,6.949999999999818,2.799999999999727,0.9800000000000182,3.1700000000000728,0.1410071942446106,0.3500000000000406,0.5438848920863085,2.519999999999982,1.2599999999997635,0.8327710843373407,3.0260416666666763,1.0,2775.23,2743.23,2759.23,32.0,1,0,16,2740.52,2766.332,4.774499999999989,0,1,2024,2024Q4,2.07,ok,2024-10-31T20:00:00+00:00,2746.86,2.42,5.03,-1.1,2.07,1.72,1.02,2.07,1.95,0.0,-0.01,0.1999999999999999,-0.01,0.0,-0.09,-0.01,0.1999999999999999,0.01,-0.01,0.03,1.7303328e+18,86400000000000.0,604800000000000.0,2419200000000000.0,4.28,-0.0099999999999997,0.0300000000000002,0.2000000000000001,0.1200000000000001,-0.0199999999999995,-0.0199999999999995,-0.0099999999999997,1.7303328e+18,86400000000000.0,604800000000000.0,2419200000000000.0,4.16,0.0099999999999997,0.0499999999999998,0.2099999999999999,1.7303328e+18,86400000000000.0,604800000000000.0,2419200000000000.0,0.0,0.0,1.0,0.0,124.7988,-0.0164999999999935,0.1882999999999981,1.8182999999999936,0.1511108614442588,-0.0132412597654238,0.0428166321288193,-0.4713747116671162,1.4785270835620228,0.081070970361748,-0.4776223751586241,0.1809714599149197,1.7303328e+18,86400000000000.0,604800000000000.0,2419200000000000.0,4.83,0.0,0.0,0.0,0.0,0.0,0.0,0.0,1.7277408e+18,2592000000000000.0,1.32192e+16,5.25312e+16,1.7277408e+18,2592000000000000.0,1.32192e+16,5.25312e+16,315.631,0.0,0.0,0.0,0.0,0.0,0.0,0.0,1.7277408e+18,2592000000000000.0,1.32192e+16,5.25312e+16,73.25,0.0400000000000062,-2.3700000000000045,-7.019999999999996,69.58,0.6700000000000017,-2.4399999999999977,-6.530000000000001,-3.3879477922799195,0.9302971396834234,-4.596491918193353,-4.962750941886209,-8.579687294705034,1.2947568591008751,-4.696062578303044,-13.241403466322195,1.7303328e+18,86400000000000.0,604800000000000.0,2419200000000000.0,1.7303328e+18,86400000000000.0,604800000000000.0,2419200000000000.0,1.7304012e+18,3600000000000.0,18000000000000.0,72000000000000.0,0.0,0.0,0.0,0.0,0.0,0.0,0.0,0.0,0.0,0.0,0.0,0.0,1.7303328e+18,86400000000000.0,432000000000000.0,1728000000000000.0,0.0,0.0,0.0,0.0,0.0,0.0,1.0,0.0,253.081,0.0,0.0,0.0,1.7302086e+18,86400000000000.0,691200000000000.0,4147200000000000.0,0.65,0.0,0.0,0.0,0.0,0.0,1.0,0.0,1.2,0.0,0.0,0.0,1.7302086e+18,86400000000000.0,691200000000000.0,4147200000000000.0,1.0,1.0,1.0,0.0,0.0,1.0,0.0,0.0,0.0,0.0,0.0,0.0,1.0,0.0,0.0,0.0,0.0,0.0,5.0,18,1,0,0,0,0,0,0
prev_day_low_sweep_rejection,LONG,2025-02-21T08:30:00+00:00,2025-02-21T08:45:00+0000,2025-02-21T09:45:00+00:00,4,2919.99,2927.02,7.03,1,16.18,0.97,2918.74,pdh=2947.18;pdl=2918.74,6.680000000000001,2025-02-21 08:30:00+00:00,2025-02-21 08:45:00+00:00,2025-02-21T08:30:00+00:00,8,london,2924.04,2924.56,2916.77,2920.01,7.789999999999964,4.029999999999745,3.2400000000002365,0.5199999999999818,0.4159178433889925,0.8039702233251715,0.4159178433889925,1.9699999999998,1.2700000000004366,0.4862946772948867,4.051041666666653,1.0,2947.18,2918.74,2932.96,28.44000000000005,1,0,0,2923.38,2932.883,4.729499999999916,0,1,2025,2025Q1,6.680000000000001,ok,2025-02-21T09:45:00+00:00,2927.02,7.03,9.24,-1.95,6.680000000000001,6.33,5.630000000000001,6.680000000000001,2.0,-0.0499999999999998,-0.04,-0.1600000000000001,-0.04,-0.0499999999999998,0.0,-0.0700000000000002,-0.1600000000000001,-0.0499999999999998,-0.0700000000000002,0.0199999999999995,1.740096e+18,86400000000000.0,604800000000000.0,2419200000000000.0,4.42,-0.08,-0.0499999999999998,-0.1600000000000001,0.2299999999999995,0.0099999999999997,0.0199999999999995,-0.1300000000000007,1.740096e+18,86400000000000.0,604800000000000.0,2419200000000000.0,4.19,-0.0899999999999998,-0.0699999999999994,-0.0299999999999993,1.740096e+18,86400000000000.0,604800000000000.0,2419200000000000.0,0.0,0.0,-1.0,0.0,127.1408,0.0281999999999982,-0.0083000000000055,-1.3419999999999987,-0.0065277693668343,0.0221786862824811,0.99252075584724,-0.3122474440985965,-1.0444977849175132,0.0219484631405901,-0.3090061976734385,0.0209048134451128,1.740096e+18,86400000000000.0,604800000000000.0,2419200000000000.0,4.33,0.0,0.0,0.0,0.0,0.0,0.0,0.0,1.738368e+18,2678400000000000.0,1.32192e+16,5.27904e+16,1.738368e+18,2678400000000000.0,1.32192e+16,5.27904e+16,319.679,0.0,0.0,0.0,0.0,0.0,0.0,0.0,1.738368e+18,2678400000000000.0,1.32192e+16,5.27904e+16,74.88,-2.0700000000000074,-0.3100000000000023,-2.230000000000004,70.72,-2.1599999999999966,-0.3299999999999983,-2.1200000000000045,-0.4644616467276542,-3.0401125967628384,3.091938516160909,0.4469789735961135,-2.9104887424492096,-2.9654036243822026,0.4359947291873132,2.8226547802633477,1.740096e+18,86400000000000.0,604800000000000.0,2419200000000000.0,1.740096e+18,86400000000000.0,604800000000000.0,2419200000000000.0,1.7401248e+18,3600000000000.0,18000000000000.0,75600000000000.0,0.0,0.0,0.0,0.0,0.0,0.0,0.0,0.0,0.0,0.0,0.0,0.0,1.740096e+18,86400000000000.0,432000000000000.0,1728000000000000.0,0.0,0.0,0.0,0.0,0.0,0.0,-1.0,0.0,259.498,0.0,0.0,0.0,1.739367e+18,604800000000000.0,1900800000000000.0,6048000000000000.0,0.65,0.0,0.0,0.0,-1.0,-2.0,-2.0,-2.0,1.2,0.0,0.0,0.0,1.739367e+18,604800000000000.0,1900800000000000.0,6048000000000000.0,1.0,0.0,1.0,0.0,1.0,0.0,0.0,1.0,0.0,1.0,1.0,0.0,1.0,0.0,0.0,0.0,0.0,0.0,7.0,18,1,0,0,0,0,0,0
prev_day_low_sweep_rejection,LONG,2025-02-26T03:00:00+00:00,2025-02-26T03:15:00+0000,2025-02-26T04:15:00+00:00,4,2921.51,2914.57,-6.94,0,0.14,15.75,2921.43,pdh=2956.59;pdl=2921.43,-7.29,2025-02-26 03:00:00+00:00,2025-02-26 03:15:00+00:00,2025-02-26T03:00:00+00:00,3,asia,2917.54,2923.07,2917.04,2921.47,6.0300000000002,3.929999999999836,0.5,1.6000000000003638,0.0829187396351548,0.127226463104331,0.7346600331674443,4.389999999999873,0.0399999999999636,1.022168324035865,4.294791666666673,1.0,2956.59,2921.43,2939.01,35.16000000000031,1,0,12,2923.49,2933.906,-4.703500000000076,0,0,2025,2025Q1,-7.29,ok,2025-02-26T04:15:00+00:00,2914.57,-6.94,-0.66,7.16,-7.29,-7.640000000000001,-8.34,-7.29,1.89,-0.03,-0.1100000000000001,-0.1399999999999999,-0.1100000000000001,0.0199999999999997,-0.07,0.0200000000000002,-0.1399999999999999,-0.05,0.0200000000000002,0.0300000000000004,1.740528e+18,86400000000000.0,604800000000000.0,2419200000000000.0,4.25,-0.0499999999999998,-0.1699999999999999,-0.2000000000000001,0.2000000000000001,-0.0299999999999993,-0.0299999999999993,-0.04,1.740528e+18,86400000000000.0,604800000000000.0,2419200000000000.0,4.05,-0.0200000000000004,-0.1400000000000005,-0.1600000000000001,1.740528e+18,86400000000000.0,604800000000000.0,2419200000000000.0,0.0,0.0,0.0,0.0,127.2822,-0.0930000000000035,0.1414000000000044,-0.9194999999999852,0.1112152825843509,-0.0953732066763566,0.1177430519511852,0.3299994311240848,-0.7172291787082271,-0.2484661146434277,0.3272686062092861,0.2745390369816655,1.740528e+18,86400000000000.0,604800000000000.0,2419200000000000.0,4.33,0.0,0.0,0.0,0.0,-1.0,0.0,-1.0,1.738368e+18,2678400000000000.0,1.32192e+16,5.27904e+16,1.738368e+18,2678400000000000.0,1.32192e+16,5.27904e+16,319.679,0.0,0.0,0.0,0.0,-0.5,0.0,0.0,1.738368e+18,2678400000000000.0,1.32192e+16,5.27904e+16,73.49,0.3799999999999954,-1.3900000000000006,-1.0500000000000114,68.87,-0.2800000000000011,-1.8499999999999943,-2.0999999999999943,-2.615950226244336,2.502051969145332,-2.151488579516682,-0.0486794958764003,-2.958996759194018,0.1786975957576491,-0.0485080167448082,6.702408536121669,1.740528e+18,86400000000000.0,604800000000000.0,2419200000000000.0,1.740528e+18,86400000000000.0,604800000000000.0,2419200000000000.0,1.7405388e+18,3600000000000.0,21600000000000.0,75600000000000.0,0.0,0.0,0.0,0.0,0.0,0.0,0.0,0.0,0.0,0.0,0.0,0.0,1.740528e+18,86400000000000.0,432000000000000.0,1728000000000000.0,0.0,0.0,0.0,0.0,0.0,-1.5,0.0,-1.0,259.498,0.0,0.0,0.0,1.7404902e+18,1123200000000000.0,2937600000000000.0,6393600000000000.0,0.65,0.0,0.0,0.0,1.0,2.0,2.0,2.0,1.2,0.0,0.0,0.0,1.7404902e+18,1123200000000000.0,2937600000000000.0,6393600000000000.0,1.0,1.0,0.0,0.0,1.0,1.0,0.0,1.0,0.0,0.0,0.0,0.0,0.0,0.0,0.0,0.0,0.0,0.0,5.0,18,1,0,1,1,1,0,0
prev_day_low_sweep_rejection,LONG,2025-04-04T06:30:00+00:00,2025-04-04T06:45:00+0000,2025-04-04T07:45:00+00:00,4,3104.92,3101.76,-3.16,0,31.53,26.37,3104.75,pdh=3148.17;pdl=3104.75,-3.51,2025-04-04 06:30:00+00:00,2025-04-04 06:45:00+00:00,2025-04-04T06:30:00+00:00,6,asia,3103.07,3107.39,3101.64,3104.87,5.75,1.7999999999997272,1.430000000000291,2.519999999999982,0.2486956521739636,0.7944444444447265,0.5617391304347857,3.110000000000128,0.1199999999998908,0.4076739264013258,7.628645833333365,0.8214285714285714,3148.17,3104.75,3126.46,43.42000000000007,1,0,12,3098.41,3122.7465,-1.936999999999898,0,0,2025,2025Q2,-3.51,ok,2025-04-04T07:45:00+00:00,3101.76,-3.16,4.96,4.26,-3.51,-3.86,-4.5600000000000005,-3.51,1.83,0.05,-0.0699999999999998,-0.1799999999999997,-0.0699999999999998,0.05,-0.0099999999999997,-0.1699999999999997,-0.1799999999999997,0.05,-0.1699999999999997,-0.1899999999999995,1.7437248e+18,86400000000000.0,604800000000000.0,2419200000000000.0,4.01,-0.0499999999999998,-0.2599999999999998,-0.2999999999999998,0.3299999999999996,-0.02,-0.0499999999999998,0.0399999999999995,1.7437248e+18,86400000000000.0,604800000000000.0,2419200000000000.0,3.68,-0.0299999999999998,-0.2099999999999999,-0.3399999999999994,1.7437248e+18,86400000000000.0,604800000000000.0,2419200000000000.0,0.0,-1.0,0.0,0.0,125.8129,1.0812999999999988,-0.6058000000000021,0.118700000000004,-0.4792012574089135,0.85533232029755,-0.7689195119595619,-0.0247709979607511,0.0944355427696775,0.8602624464772431,-0.0249137777232426,1.2322292329147793,1.7437248e+18,86400000000000.0,604800000000000.0,2419200000000000.0,4.33,0.0,0.0,0.0,0.0,0.0,0.0,0.0,1.7434656e+18,2678400000000000.0,1.30464e+16,5.26176e+16,1.7434656e+18,2678400000000000.0,1.30464e+16,5.26176e+16,320.302,0.0,0.5169999999999959,0.5169999999999959,0.5,0.5,0.5,0.5,1.7434656e+18,2678400000000000.0,1.30464e+16,5.26176e+16,68.36,-4.180000000000007,-6.329999999999998,-3.5799999999999983,62.42,-5.010000000000005,-7.319999999999993,-5.010000000000005,-10.496128477201024,-7.183825638084322,-10.8703368824975,-12.1851648216438,-7.429927332048057,-7.429927332048057,-12.602601136904024,-2.777778010781099,1.7437248e+18,86400000000000.0,604800000000000.0,2419200000000000.0,1.7437248e+18,86400000000000.0,604800000000000.0,2419200000000000.0,1.7437464e+18,3600000000000.0,18000000000000.0,75600000000000.0,0.0,0.0,0.0,0.0,0.0,0.0,0.0,0.0,0.0,0.0,0.0,0.0,1.7437248e+18,86400000000000.0,432000000000000.0,1728000000000000.0,0.0,0.0,0.0,0.0,0.5,-0.5,0.5,0.5,258.392,0.0,-0.1329999999999813,-0.1329999999999813,1.743687e+18,172800000000000.0,2419200000000000.0,6825600000000000.0,0.65,0.0,0.0,0.0,1.0,1.0,1.0,1.0,1.2,0.0,0.0,0.0,1.743687e+18,172800000000000.0,2419200000000000.0,6825600000000000.0,1.0,1.0,1.0,0.0,1.0,1.0,0.0,1.0,0.0,0.0,1.0,1.0,1.0,0.0,0.0,0.0,0.0,0.0,9.0,18,1,0,1,1,1,0,0
prev_day_low_sweep_rejection,LONG,2025-05-28T09:15:00+00:00,2025-05-28T09:30:00+0000,2025-05-28T10:30:00+00:00,4,3323.44,3322.02,-1.42,0,1.85,25.93,3323.36,pdh=3356.60;pdl=3323.36,-1.77,2025-05-28 09:15:00+00:00,2025-05-28 09:30:00+00:00,2025-05-28T09:15:00+00:00,9,london,3320.04,3323.6,3317.25,3323.46,6.349999999999909,3.4200000000000728,2.789999999999964,0.1399999999998726,0.439370078740158,0.8157894736841825,0.9779527559055315,6.110000000000127,0.099999999999909,1.1894873458793198,5.1366666666666845,0.5119047619047619,3356.6,3323.36,3339.98,33.23999999999978,1,0,37,3319.08,3329.679,1.6984999999999673,0,1,2025,2025Q2,-1.77,ok,2025-05-28T10:30:00+00:00,3322.02,-1.42,0.04,8.45,-1.77,-2.12,-2.82,-1.77,2.15,0.04,-0.0300000000000002,0.0699999999999998,-0.0300000000000002,0.06,-0.1200000000000005,-0.0500000000000002,0.0699999999999998,-0.0300000000000002,-0.0500000000000002,0.0999999999999996,1.7483904e+18,86400000000000.0,604800000000000.0,2419200000000000.0,4.47,0.04,-0.04,0.0999999999999996,0.5099999999999998,0.0,0.0,0.0399999999999995,1.7483904e+18,86400000000000.0,604800000000000.0,2419200000000000.0,3.96,0.04,-0.04,0.06,1.7483904e+18,86400000000000.0,604800000000000.0,2419200000000000.0,0.0,0.0,-1.0,0.0,121.9888,0.3789000000000015,0.6050999999999931,-0.7680000000000007,0.4985018581572262,0.8532951316700704,1.8716628178098556,0.2857605649579298,-0.6256272564941419,-0.2103697575382157,0.2825641812810684,-0.4388587900364345,1.7483904e+18,86400000000000.0,604800000000000.0,2419200000000000.0,4.33,0.0,0.0,0.0,0.0,0.0,0.0,0.0,1.7460576e+18,2592000000000000.0,1.30464e+16,5.25312e+16,1.7460576e+18,2592000000000000.0,1.30464e+16,5.25312e+16,320.62,0.0,0.0,0.0,0.0,0.0,0.0,0.0,1.7460576e+18,2592000000000000.0,1.30464e+16,5.25312e+16,65.72,1.4000000000000057,0.3100000000000023,3.5,62.54,0.9299999999999996,-0.3500000000000014,1.2899999999999991,-0.5565272698362242,0.9462704919543397,0.9315679682590184,-3.204424035380046,2.1061224489795904,-1.5795052857898435,-3.290224123837569,7.97672334032736,1.7483904e+18,86400000000000.0,604800000000000.0,2419200000000000.0,1.7483904e+18,86400000000000.0,604800000000000.0,2419200000000000.0,1.7484228e+18,3600000000000.0,18000000000000.0,75600000000000.0,0.0,0.0,0.0,0.0,0.0,0.0,0.0,0.0,0.0,0.0,0.0,0.0,1.7483904e+18,86400000000000.0,432000000000000.0,1728000000000000.0,-0.25,0.0,0.0,-0.25,-0.25,0.0,-1.0,-0.25,258.678,0.0,0.0,0.0,1.7472294e+18,86400000000000.0,1036800000000000.0,3542400000000000.0,0.65,0.0,0.0,0.0,-1.0,0.0,-1.0,-2.0,1.2,0.0,0.0,0.0,1.7472294e+18,86400000000000.0,1036800000000000.0,3542400000000000.0,1.0,1.0,1.0,0.0,1.0,0.0,0.0,1.0,0.0,1.0,0.0,0.0,0.0,0.0,0.0,0.0,0.0,0.0,6.0,18,1,0,0,0,0,0,0
prev_day_low_sweep_rejection,LONG,2025-06-19T08:45:00+00:00,2025-06-19T09:00:00+0000,2025-06-19T10:00:00+00:00,4,3366.8,3368.34,1.54,1,11.92,5.43,3365.99,pdh=3403.06;pdl=3365.99,1.19,2025-06-19 08:45:00+00:00,2025-06-19 09:00:00+00:00,2025-06-19T08:45:00+00:00,8,london,3354.81,3368.44,3354.35,3366.92,14.090000000000146,12.110000000000127,0.4600000000000364,1.5199999999999818,0.0326472675656516,0.0379851362510348,0.8921220723917697,11.639999999999873,0.930000000000291,2.2691901551457923,5.129583333333305,0.4563492063492063,3403.06,3365.99,3384.525,37.07000000000016,1,0,7,3365.69,3389.825,-9.72149999999965,0,0,2025,2025Q2,1.19,ok,2025-06-19T10:00:00+00:00,3368.34,1.54,4.6,4.73,1.19,0.8400000000000001,0.1400000000000001,1.19,2.07,0.0,-0.06,0.0,-0.06,0.0,-0.0099999999999997,0.0500000000000002,0.0,0.04,0.0500000000000002,0.0100000000000002,1.7502912e+18,86400000000000.0,604800000000000.0,2419200000000000.0,4.38,0.0,-0.0300000000000002,-0.0300000000000002,0.4399999999999999,0.0,-0.0100000000000002,-0.08,1.7502912e+18,86400000000000.0,604800000000000.0,2419200000000000.0,3.94,0.0,-0.02,0.0499999999999998,1.7502912e+18,86400000000000.0,604800000000000.0,2419200000000000.0,0.0,0.0,0.0,0.0,120.7305,0.0,0.4060000000000059,-1.0368999999999886,0.3374208910072395,0.0,0.8219122866947914,0.0213158456016451,-0.8515415456025083,-0.1677735495971912,0.021063260479366,-0.2380045542272862,1.7502912e+18,86400000000000.0,604800000000000.0,2419200000000000.0,4.33,0.0,0.0,0.0,0.0,0.0,0.0,0.0,1.748736e+18,2678400000000000.0,1.30464e+16,5.26176e+16,1.748736e+18,2678400000000000.0,1.30464e+16,5.26176e+16,321.435,0.0,0.0,0.8149999999999977,-0.75,0.0,0.75,-0.75,1.748736e+18,2678400000000000.0,1.30464e+16,5.26176e+16,80.37,1.990000000000009,4.3700000000000045,16.05000000000001,75.89,0.0,2.049999999999997,14.43,2.776273022751892,0.0,-9.119468756305556,5.050084439511313,23.47868532378783,0.400514710748574,6.0673321674831655,24.93772011615595,1.7502912e+18,86400000000000.0,604800000000000.0,2419200000000000.0,1.7502912e+18,86400000000000.0,604800000000000.0,2419200000000000.0,1.7503236e+18,3600000000000.0,18000000000000.0,75600000000000.0,0.0,0.0,0.0,0.0,0.0,0.0,0.0,0.0,0.0,0.0,0.0,0.0,1.7502912e+18,86400000000000.0,432000000000000.0,1728000000000000.0,0.0,0.0,0.0,0.25,-0.75,0.0,0.75,-0.5,260.491,0.0,0.0,1.812999999999988,1.7502534e+18,86400000000000.0,604800000000000.0,5443200000000000.0,0.65,0.0,0.0,0.0,0.0,0.0,0.0,-1.0,1.2,-0.6000000000000001,0.0,-0.3,1.7502534e+18,86400000000000.0,604800000000000.0,5443200000000000.0,1.0,1.0,0.0,0.0,1.0,1.0,0.0,1.0,0.0,0.0,0.0,0.0,0.0,0.0,0.0,0.0,0.0,0.0,5.0,18,1,0,1,1,1,0,0
prev_day_low_sweep_rejection,LONG,2025-07-09T06:15:00+00:00,2025-07-09T06:30:00+0000,2025-07-09T07:30:00+00:00,4,3296.47,3287.01,-9.46,0,0.4,13.96,3296.26,pdh=3345.59;pdl=3296.26,-9.81,2025-07-09 06:15:00+00:00,2025-07-09 06:30:00+00:00,2025-07-09T06:15:00+00:00,6,asia,3294.29,3297.62,3292.18,3296.45,5.440000000000055,2.1599999999998545,2.110000000000128,1.1700000000000728,0.387867647058843,0.9768518518519766,0.7849264705882241,4.080000000000382,0.1899999999995998,0.9756389179495768,4.181874999999995,0.8650793650793651,3345.59,3296.26,3320.925,49.32999999999993,1,0,10,3293.12,3321.6835,-5.212499999999636,0,0,2025,2025Q3,-9.81,ok,2025-07-09T07:30:00+00:00,3287.01,-9.46,-2.34,10.84,-9.81,-10.16,-10.86,-9.81,2.01,-0.06,-0.0100000000000002,-0.06,-0.0100000000000002,-0.06,-0.0300000000000002,0.0499999999999998,-0.06,-0.06,0.0499999999999998,-0.06,1.7520192e+18,86400000000000.0,604800000000000.0,2419200000000000.0,4.34,-0.08,-0.0099999999999997,-0.04,0.48,-0.04,0.0100000000000002,0.04,1.7520192e+18,86400000000000.0,604800000000000.0,2419200000000000.0,3.86,-0.04,-0.02,-0.08,1.7520192e+18,86400000000000.0,604800000000000.0,2419200000000000.0,0.0,0.0,0.0,0.0,119.7311,-0.1060000000000087,0.4928999999999917,-0.9994000000000084,0.4133742374507428,-0.0888976854732868,0.7650402216224306,0.0759533464435033,-0.8277941365272309,-0.0877988577865649,0.0750145184017272,0.0237474090752773,1.7520192e+18,86400000000000.0,604800000000000.0,2419200000000000.0,4.33,0.0,0.0,0.0,0.0,0.0,0.0,0.0,1.751328e+18,2592000000000000.0,1.296e+16,5.25312e+16,1.751328e+18,2592000000000000.0,1.296e+16,5.25312e+16,322.169,0.0,0.0,0.7339999999999804,0.0,0.0,0.0,0.75,1.751328e+18,2592000000000000.0,1.296e+16,5.25312e+16,71.98,-0.519999999999996,0.9500000000000028,-8.39,69.61,0.0600000000000022,1.480000000000004,-6.280000000000001,2.1723176280640013,0.0880669308674626,-0.0329028939882021,-0.6039553946878908,-8.275135063908289,0.0790617999736493,-0.542198985901778,-31.75382038769612,1.7520192e+18,86400000000000.0,604800000000000.0,2419200000000000.0,1.7520192e+18,86400000000000.0,604800000000000.0,2419200000000000.0,1.7520408e+18,3600000000000.0,18000000000000.0,75600000000000.0,0.0,0.0,0.0,0.0,0.0,0.0,0.0,0.0,0.0,0.0,0.0,0.0,1.7520192e+18,86400000000000.0,432000000000000.0,1728000000000000.0,0.0,0.25,0.0,0.0,0.0,0.25,0.0,0.75,262.358,0.0,0.0,1.8670000000000184,1.7519814e+18,86400000000000.0,1123200000000000.0,4924800000000000.0,0.65,0.0,0.0,0.0,0.0,0.0,0.0,0.0,1.2,0.0,-0.6000000000000001,0.0,1.7519814e+18,86400000000000.0,1123200000000000.0,4924800000000000.0,1.0,1.0,0.0,0.0,1.0,0.0,0.0,1.0,0.0,0.0,0.0,0.0,0.0,0.0,0.0,0.0,0.0,0.0,4.0,18,1,0,1,0,0,0,0
prev_day_low_sweep_rejection,LONG,2025-07-17T15:00:00+00:00,2025-07-17T15:15:00+0000,2025-07-17T16:15:00+00:00,4,3320.23,3331.88,11.65,1,20.82,2.11,3320.0,pdh=3366.16;pdl=3320.00,11.3,2025-07-17 15:00:00+00:00,2025-07-17 15:15:00+00:00,2025-07-17T15:00:00+00:00,15,new_york,3315.58,3321.61,3315.06,3320.17,6.550000000000182,4.5900000000001455,0.5199999999999818,1.4400000000000546,0.0793893129770942,0.1132897603485763,0.780152671755723,4.940000000000055,0.1700000000000727,1.0030244707176377,4.925104166666657,1.0,3366.16,3320.0,3343.08,46.159999999999854,1,0,6,3324.08,3343.7665,-4.544000000000324,0,0,2025,2025Q3,11.3,ok,2025-07-17T16:15:00+00:00,3331.88,11.65,15.62,-4.35,11.3,10.95,10.25,11.3,2.04,-0.0099999999999997,-0.02,0.04,-0.02,-0.0099999999999997,-0.0300000000000002,0.0299999999999998,0.04,-0.0299999999999998,0.0299999999999998,0.2400000000000002,1.7527104e+18,86400000000000.0,604800000000000.0,2419200000000000.0,4.47,0.0099999999999997,0.04,0.1799999999999997,0.5599999999999996,-0.0200000000000004,0.0299999999999998,-4.440892098500626e-16,1.7527104e+18,86400000000000.0,604800000000000.0,2419200000000000.0,3.91,0.0300000000000002,0.0100000000000002,0.1800000000000001,1.7527104e+18,86400000000000.0,604800000000000.0,2419200000000000.0,0.0,0.0,0.0,-1.0,120.6384,0.2209000000000003,0.7169999999999987,0.9793999999999984,0.5978916190104507,0.1842039869447824,0.3460108732160467,1.739490154380341,0.8184925496619546,0.1729165921007969,1.7433046791257376,2.0581653816788537,1.7527104e+18,86400000000000.0,604800000000000.0,2419200000000000.0,4.33,0.0,0.0,0.0,0.0,0.0,0.0,0.0,1.751328e+18,2592000000000000.0,1.296e+16,5.25312e+16,1.751328e+18,2592000000000000.0,1.296e+16,5.25312e+16,322.169,0.0,0.0,0.7339999999999804,0.0,0.0,0.0,-0.5,1.751328e+18,2592000000000000.0,1.296e+16,5.25312e+16,71.32,1.6499999999999917,-0.7400000000000091,1.9499999999999889,68.76,1.6300000000000097,-0.8699999999999903,2.1000000000000085,-1.249461439034885,2.340944994973445,-1.9290450133553,10.715673267779698,3.150315031503163,2.111784026084744,11.193104254958,1.0676197788232251,1.7527104e+18,86400000000000.0,604800000000000.0,2419200000000000.0,1.7527104e+18,86400000000000.0,604800000000000.0,2419200000000000.0,1.7527644e+18,3600000000000.0,18000000000000.0,75600000000000.0,0.0,0.0,0.0,0.0,0.0,0.0,0.0,0.0,0.0,0.0,0.0,0.0,1.7527104e+18,86400000000000.0,432000000000000.0,1728000000000000.0,-0.25,0.0,0.0,0.0,-0.25,0.0,0.0,-1.5,262.358,0.0,0.0,1.8670000000000184,1.7519814e+18,86400000000000.0,1123200000000000.0,4924800000000000.0,0.65,0.0,0.0,0.0,0.0,0.0,0.0,0.0,1.2,0.0,-0.6000000000000001,0.0,1.7519814e+18,86400000000000.0,1123200000000000.0,4924800000000000.0,1.0,1.0,0.0,0.0,0.0,0.0,0.0,0.0,0.0,0.0,0.0,0.0,0.0,0.0,0.0,0.0,0.0,0.0,2.0,18,1,0,0,0,0,0,0
prev_day_low_sweep_rejection,LONG,2025-08-11T03:00:00+00:00,2025-08-11T03:15:00+0000,2025-08-11T04:15:00+00:00,4,3377.58,3378.33,0.75,1,2.58,20.52,3377.25,pdh=3406.86;pdl=3377.25,0.4,2025-08-11 03:00:00+00:00,2025-08-11 03:15:00+00:00,2025-08-11T03:00:00+00:00,3,asia,3374.65,3379.99,3373.82,3377.42,6.169999999999618,2.769999999999982,0.8299999999999272,2.569999999999709,0.1345218800648263,0.2996389891696508,0.5834683954619339,3.4299999999998363,0.1700000000000727,0.6266151591847323,5.473854166666655,0.9087301587301588,3406.86,3377.25,3392.0550000000003,29.610000000000127,1,0,3,3391.53,3386.2625,3.376499999999851,1,1,2025,2025Q3,0.4,ok,2025-08-11T04:15:00+00:00,3378.33,0.75,2.38,7.86,0.4,0.05,-0.6499999999999999,0.4,1.87,-0.0099999999999997,-0.0099999999999997,-0.0899999999999998,-0.0099999999999997,-0.0299999999999995,0.0100000000000002,0.0700000000000002,-0.0899999999999998,0.0100000000000002,0.0700000000000002,-0.0499999999999998,1.7548704e+18,259200000000000.0,604800000000000.0,2419200000000000.0,4.27,0.0,0.0499999999999998,-0.08,0.5099999999999998,0.0,-0.02,-0.0099999999999997,1.7548704e+18,259200000000000.0,604800000000000.0,2419200000000000.0,3.76,0.0,0.0699999999999998,-0.0700000000000002,1.7548704e+18,259200000000000.0,604800000000000.0,2419200000000000.0,0.0,0.0,0.0,0.0,120.6892,0.3563000000000045,0.1809999999999973,1.0082000000000022,0.1501972479881015,0.6260127840725016,0.7309968704683416,0.9438085690931616,0.8424060627835682,0.5617302741537739,0.95033189734371,0.5261543455275308,1.7548704e+18,259200000000000.0,604800000000000.0,2419200000000000.0,4.33,0.0,0.0,0.0,0.0,0.0,0.0,0.0,1.7540064e+18,2678400000000000.0,1.32192e+16,5.26176e+16,1.7540064e+18,2678400000000000.0,1.32192e+16,5.26176e+16,323.291,0.0,0.0,1.122000000000014,0.0,0.0,0.0,0.0,1.7540064e+18,2678400000000000.0,1.32192e+16,5.26176e+16,67.36,0.1899999999999977,-0.6099999999999994,-2.3299999999999983,65.03,0.0900000000000034,-0.3499999999999943,-2.530000000000001,-0.535331905781576,1.3679913570583109,3.865896343962546,1.2098687922987073,-3.744819419775016,1.2997777435529605,1.1708292131511175,-2.1427221287758984,1.7548704e+18,259200000000000.0,604800000000000.0,2419200000000000.0,1.7548704e+18,259200000000000.0,604800000000000.0,2419200000000000.0,1.7548812e+18,3600000000000.0,194400000000000.0,248400000000000.0,0.0,0.0,0.0,0.0,0.0,0.0,0.0,0.0,0.0,0.0,0.0,0.0,1.7548704e+18,86400000000000.0,432000000000000.0,1728000000000000.0,-0.25,0.0,0.0,0.0,-0.25,0.0,0.0,0.0,262.11,0.0,0.0,-0.2479999999999904,1.7545734e+18,86400000000000.0,691200000000000.0,4752000000000000.0,0.65,0.0,0.0,0.0,0.0,0.0,1.0,0.0,1.2,0.0,-0.3,-0.6000000000000001,1.7545734e+18,86400000000000.0,691200000000000.0,4752000000000000.0,1.0,0.0,0.0,0.0,0.0,1.0,0.0,0.0,0.0,0.0,0.0,0.0,0.0,0.0,0.0,0.0,0.0,0.0,2.0,18,1,0,0,0,0,0,0
prev_day_low_sweep_rejection,LONG,2025-09-15T02:30:00+00:00,2025-09-15T02:45:00+0000,2025-09-15T03:45:00+00:00,4,3630.96,3643.7,12.74,1,15.89,2.28,3630.57,pdh=3656.64;pdl=3630.57,12.39,2025-09-15 02:30:00+00:00,2025-09-15 02:45:00+00:00,2025-09-15T02:30:00+00:00,2,asia,3628.62,3632.54,3626.76,3630.96,5.779999999999745,2.340000000000145,1.8599999999996728,1.5799999999999272,0.321799307958435,0.7948717948716055,0.7266435986159175,3.8099999999999454,0.3899999999998726,1.0958116124393225,3.4768749999999784,0.1388888888888889,3656.64,3630.57,3643.605,26.06999999999971,1,0,1,3638.23,3639.6565,0.1685000000002219,0,1,2025,2025Q3,12.39,ok,2025-09-15T03:45:00+00:00,3643.7,12.74,14.5,0.48,12.39,12.04,11.34,12.39,1.68,-0.02,-0.01,-0.1600000000000001,-0.01,0.01,0.03,0.0899999999999998,-0.1600000000000001,0.01,0.0899999999999998,-0.1200000000000003,1.7578944e+18,259200000000000.0,604800000000000.0,2419200000000000.0,4.05,-0.0099999999999997,0.0099999999999997,-0.2099999999999999,0.5099999999999998,0.0100000000000002,0.0099999999999997,-0.1400000000000001,1.7578944e+18,259200000000000.0,604800000000000.0,2419200000000000.0,3.54,-0.02,0.0,-0.0699999999999998,1.7578944e+18,259200000000000.0,604800000000000.0,2419200000000000.0,0.0,0.0,0.0,0.0,119.5644,-0.4966999999999899,-0.5578999999999894,-0.962999999999994,-0.464443321514814,-0.3847142339634565,-0.4595319018814464,-0.0045158164625497,-0.7989884457807883,-0.4997891340305434,-0.00450063852584,-0.8149209715342207,1.7578944e+18,259200000000000.0,604800000000000.0,2419200000000000.0,4.22,0.0,0.0,-0.1100000000000003,0.0,0.0,-1.0,0.0,1.7566848e+18,2678400000000000.0,1.32192e+16,5.26176e+16,1.7566848e+18,2678400000000000.0,1.32192e+16,5.26176e+16,324.245,0.0,0.0,0.9540000000000076,0.0,0.0,0.0,0.0,1.7566848e+18,2678400000000000.0,1.32192e+16,5.26176e+16,67.88,0.0099999999999909,0.2599999999999909,0.9899999999999948,63.66,0.6399999999999935,-0.3500000000000085,0.0599999999999951,-0.5467895641306179,-0.6261924543958303,-3.4236780244327814,0.9401992834530264,0.0943396226415018,3.408239591957248,0.9462603165696264,2.816884743473552,1.7578944e+18,259200000000000.0,604800000000000.0,2419200000000000.0,1.7578944e+18,259200000000000.0,604800000000000.0,2419200000000000.0,1.7579016e+18,3600000000000.0,194400000000000.0,248400000000000.0,0.0,0.0,0.0,0.0,0.0,0.0,0.0,0.0,0.0,0.0,0.0,0.0,1.7578944e+18,86400000000000.0,432000000000000.0,1728000000000000.0,-0.25,-0.25,-0.25,0.0,-0.25,-0.25,-1.25,0.0,262.054,0.0,0.0,-0.05600000000004,1.7575974e+18,86400000000000.0,1209600000000000.0,6739200000000000.0,0.65,0.0,0.0,0.0,1.0,0.0,0.0,1.0,1.2,0.0,0.0,-0.6000000000000001,1.7575974e+18,86400000000000.0,1209600000000000.0,6739200000000000.0,1.0,0.0,0.0,0.0,0.0,0.0,0.0,0.0,0.0,0.0,1.0,1.0,1.0,0.0,0.0,1.0,0.0,0.0,5.0,18,1,0,0,0,0,0,0
prev_day_low_sweep_rejection,LONG,2026-01-08T06:00:00+00:00,2026-01-08T06:15:00+0000,2026-01-08T07:15:00+00:00,4,4427.64,4434.3,6.66,1,11.99,17.94,4427.89,pdh=4500.42;pdl=4427.89,6.3100000000000005,2026-01-08 06:00:00+00:00,2026-01-08 06:15:00+00:00,2026-01-08T06:00:00+00:00,6,asia,4419.15,4429.28,4417.86,4427.98,11.420000000000073,8.829999999999927,1.2899999999999636,1.300000000000182,0.1129597197898384,0.1460928652321601,0.8861646234675855,10.030000000000657,0.089999999999236,1.251403618215938,8.01499999999993,0.7777777777777778,4500.42,4427.89,4464.155000000001,72.52999999999975,1,0,3,4431.47,4450.507,17.183499999999185,0,1,2026,2026Q1,6.3100000000000005,ok,2026-01-08T07:15:00+00:00,4434.3,6.66,11.99,9.16,6.3100000000000005,5.96,5.26,6.3100000000000005,1.92,0.04,-0.02,0.0,-0.02,0.04,-0.06,-0.01,0.0,0.0,-0.01,-0.1299999999999999,1.7678304e+18,86400000000000.0,604800000000000.0,2419200000000000.0,4.19,0.04,0.0,0.0300000000000002,0.7000000000000002,0.02,-0.02,0.02,1.7678304e+18,86400000000000.0,604800000000000.0,2419200000000000.0,3.49,0.02,0.02,0.0100000000000002,1.7678304e+18,86400000000000.0,604800000000000.0,2419200000000000.0,0.0,0.0,0.0,0.0,120.0904,0.2185000000000059,0.484499999999997,-0.0747999999999962,0.4050803513873454,0.1826832957237108,0.3917012951292456,0.3876013553142926,-0.0622476390835251,0.0884360600888458,0.3857972935890403,0.6709041204393957,1.7678304e+18,86400000000000.0,604800000000000.0,2419200000000000.0,3.64,0.0,0.0,-0.08,0.0,0.0,0.0,0.0,1.7672256e+18,2678400000000000.0,1.32192e+16,5.2704e+16,1.7672256e+18,2678400000000000.0,1.32192e+16,5.2704e+16,326.588,0.0,0.0,0.5570000000000164,0.0,0.0,0.0,0.0,1.7672256e+18,2678400000000000.0,1.32192e+16,5.2704e+16,63.34,2.260000000000005,1.3600000000000063,1.990000000000002,57.74,1.730000000000004,0.5300000000000011,0.9400000000000048,0.9264114665268328,3.023946862436644,2.101053028109144,2.3324173682800047,1.6549295774647974,2.0284621281585022,2.3492534795651245,4.693509297505769,1.7678304e+18,86400000000000.0,604800000000000.0,2419200000000000.0,1.7678304e+18,86400000000000.0,604800000000000.0,2419200000000000.0,1.767852e+18,3600000000000.0,18000000000000.0,75600000000000.0,0.0,0.0,0.0,0.0,0.0,0.0,0.0,0.0,0.0,0.0,0.0,0.0,1.7678304e+18,86400000000000.0,432000000000000.0,1728000000000000.0,-0.25,0.0,0.0,0.0,-0.25,0.0,0.0,0.0,263.537,0.0,0.0,2.203999999999951,1.766583e+18,86400000000000.0,5616000000000000.0,1.01952e+16,0.65,0.0,0.0,0.0,0.0,0.0,0.0,-1.0,1.2,0.0,0.0,0.0,1.766583e+18,86400000000000.0,5616000000000000.0,1.01952e+16,1.0,1.0,1.0,0.0,0.0,1.0,0.0,0.0,0.0,0.0,0.0,0.0,0.0,0.0,0.0,0.0,0.0,0.0,4.0,18,1,0,0,0,0,0,0
prev_day_low_sweep_rejection,LONG,2026-04-13T07:30:00+00:00,2026-04-13T07:45:00+0000,2026-04-13T08:45:00+00:00,4,4731.77,4734.26,2.49,1,8.01,28.3,4730.72,pdh=4794.85;pdl=4730.72,2.14,2026-04-13 07:30:00+00:00,2026-04-13 07:45:00+00:00,2026-04-13T07:30:00+00:00,7,london,4730.08,4732.0,4725.17,4731.93,6.829999999999927,1.850000000000364,4.909999999999855,0.0699999999997089,0.7188872620790493,2.6540540540534536,0.989751098096675,5.550000000000182,1.2100000000000364,0.517532782904338,10.723958333333362,0.4444444444444444,4794.85,4730.72,4762.785,64.13000000000011,1,0,30,4717.94,4753.5485,-2.570999999999003,0,0,2026,2026Q2,2.14,ok,2026-04-13T08:45:00+00:00,4734.26,2.49,6.43,11.13,2.14,1.7900000000000005,1.0900000000000003,2.14,1.92,-0.03,-0.04,-0.1400000000000001,-0.04,-0.03,-0.01,-0.2200000000000002,-0.1400000000000001,-0.0800000000000003,-0.2200000000000002,-0.4000000000000001,1.7760384e+18,259200000000000.0,604800000000000.0,2419200000000000.0,4.3,-0.0099999999999997,0.0099999999999997,-0.0899999999999998,0.52,0.0200000000000004,0.02,0.0300000000000002,1.7760384e+18,259200000000000.0,604800000000000.0,2419200000000000.0,3.78,-0.0300000000000002,-0.0100000000000002,-0.1200000000000001,1.7760384e+18,259200000000000.0,604800000000000.0,2419200000000000.0,0.0,-1.0,-1.0,0.0,118.9916,0.1364000000000089,-0.0679999999999978,-1.1378999999999877,-0.0571142520216747,1.16030596074428,1.266395049176347,-0.0149276023073239,-0.9472277833504574,-0.0451716222460081,-0.0147946537667189,-1.8366168427732343,1.7760384e+18,259200000000000.0,604800000000000.0,2419200000000000.0,3.64,0.0,0.0,0.0,0.0,0.0,0.0,2.0,1.7750016e+18,2678400000000000.0,1.30464e+16,5.25312e+16,1.7750016e+18,2678400000000000.0,1.30464e+16,5.25312e+16,332.407,0.0,0.0,2.113999999999976,0.0,0.25,-0.5,0.75,1.7750016e+18,2678400000000000.0,1.30464e+16,5.25312e+16,123.28,4.210000000000008,1.1700000000000017,14.86,100.72,2.3799999999999955,4.549999999999997,7.539999999999992,4.731205157533531,18.904708386718376,19.797883599642518,7.779795314645167,8.091865207125984,-1.9943320390399235,8.029436739744856,-16.84779690067773,1.7760384e+18,259200000000000.0,604800000000000.0,2419200000000000.0,1.7760384e+18,259200000000000.0,604800000000000.0,2419200000000000.0,1.7760636e+18,3600000000000.0,18000000000000.0,248400000000000.0,0.0,0.0,0.0,0.0,0.0,0.0,0.0,0.0,0.0,0.0,0.0,0.0,1.7760384e+18,86400000000000.0,432000000000000.0,1728000000000000.0,-0.25,-0.25,-0.25,-0.25,-0.25,-1.0,-1.75,2.5,283.764,0.0,0.0,7.343999999999994,1.7758278e+18,86400000000000.0,604800000000000.0,2419200000000000.0,0.65,0.0,0.0,0.0,0.0,0.0,1.0,0.0,1.8,0.0,0.6000000000000001,0.0,1.7758278e+18,86400000000000.0,604800000000000.0,2419200000000000.0,1.0,1.0,1.0,0.0,0.0,0.0,0.0,1.0,0.0,1.0,1.0,0.0,1.0,0.0,0.0,0.0,0.0,0.0,7.0,18,1,0,0,0,0,0,0
prev_day_low_sweep_rejection,LONG,2026-05-04T11:45:00+00:00,2026-05-04T12:00:00+0000,2026-05-04T13:00:00+00:00,4,4560.61,4559.54,-1.07,0,22.39,60.01,4560.18,pdh=4659.96;pdl=4560.18,-1.42,2026-05-04 11:45:00+00:00,2026-05-04 12:00:00+00:00,2026-05-04T11:45:00+00:00,11,london,4545.26,4563.89,4543.78,4560.61,20.110000000000586,15.349999999999454,1.480000000000473,3.280000000000655,0.0735952262556156,0.0964169381107834,0.8368970661362228,16.400000000000546,0.4299999999993815,1.621771958920109,10.112395833333332,0.9166666666666666,4659.96,4560.18,4610.07,99.77999999999976,1,0,2,4578.72,4594.3585,1.0525000000006912,0,1,2026,2026Q2,-1.42,ok,2026-05-04T13:00:00+00:00,4559.54,-1.07,9.88,9.31,-1.42,-1.77,-2.47,-1.42,1.95,0.04,-0.01,0.06,-0.01,0.0,-0.08,0.05,0.06,0.07,0.05,0.1900000000000001,1.7778528e+18,259200000000000.0,604800000000000.0,2419200000000000.0,4.45,0.0600000000000005,0.0300000000000002,0.1900000000000004,0.5,-0.0099999999999997,0.0,0.0,1.7778528e+18,259200000000000.0,604800000000000.0,2419200000000000.0,3.95,0.0700000000000002,0.0300000000000002,0.1900000000000004,1.7778528e+18,259200000000000.0,604800000000000.0,2419200000000000.0,0.0,0.0,0.0,0.0,118.8264,0.433800000000005,-0.2710999999999899,0.4683000000000135,-0.2276286236067003,0.0915551550206949,-0.5376613534949995,0.2279650779806916,0.3956636681393276,0.8990605465744472,0.2293892084682453,1.8691728025474128,1.7778528e+18,259200000000000.0,604800000000000.0,2419200000000000.0,3.63,0.0,-0.0100000000000002,-0.0100000000000002,0.0,0.0,0.0,0.0,1.7775936e+18,2592000000000000.0,1.30464e+16,5.24448e+16,1.7775936e+18,2592000000000000.0,1.30464e+16,5.24448e+16,332.407,0.0,0.0,0.0,-0.75,-0.75,0.75,-1.25,1.7750016e+18,2678400000000000.0,1.30464e+16,5.25312e+16,118.26,0.0,-5.899999999999992,-0.4299999999999926,109.76,4.38000000000001,-0.7099999999999937,16.690000000000012,-0.6427084276274045,-2.508344000367852,-12.886154881600172,5.932276515155181,17.93273879875364,13.306050951255628,7.041351527121442,16.228007075444726,1.7778528e+18,259200000000000.0,604800000000000.0,2419200000000000.0,1.7778528e+18,259200000000000.0,604800000000000.0,2419200000000000.0,1.777896e+18,3600000000000.0,18000000000000.0,248400000000000.0,0.0,0.0,0.0,0.0,0.0,0.0,0.0,0.0,0.0,0.0,0.0,0.0,1.7778528e+18,86400000000000.0,432000000000000.0,1728000000000000.0,0.0,0.25,0.0,0.0,-0.75,-0.5,0.75,-1.25,283.764,0.0,0.0,0.0,1.7776422e+18,86400000000000.0,604800000000000.0,2592000000000000.0,0.65,0.0,0.0,0.0,0.0,0.0,0.0,0.0,1.2,0.0,-0.6000000000000001,0.0,1.7776422e+18,86400000000000.0,604800000000000.0,2592000000000000.0,1.0,1.0,0.0,0.0,0.0,0.0,0.0,0.0,0.0,0.0,1.0,1.0,0.0,0.0,1.0,0.0,0.0,0.0,5.0,18,1,0,0,0,0,0,0
