signal_idx,signal_time_utc,entry_target_time_utc,planned_exit_target_time_utc,direction,direction_label,signal_close,sma,diff,reason,entry_time_utc,exit_time_utc,entry_price,exit_price,raw_usd,cost_usd,net_usd,mfe_usd,mae_usd,path_high,path_low,m1_bars_in_trade
14,2022-05-02T15:00:00+00:00,2022-05-02T16:00:00+00:00,2022-05-03T05:00:00+00:00,-1,short,1861.64,1881.2060000000001,-19.56600000000003,close_sma_diff_-19.5660,2022-05-02T16:00:00+00:00,2022-05-03T05:00:00+00:00,1861.64,1860.2,1.4400000000000546,0.35,1.0900000000000545,7.040000000000191,10.3599999999999,1872.0,1854.6,711
38,2022-05-03T16:00:00+00:00,2022-05-03T17:00:00+00:00,2022-05-04T06:00:00+00:00,1,long,1871.23,1860.1179999999997,11.112000000000307,close_sma_diff_11.1120,2022-05-03T17:00:00+00:00,2022-05-04T06:00:00+00:00,1871.01,1863.54,-7.470000000000027,0.35,-7.820000000000027,7.120000000000118,9.440000000000055,1878.13,1861.57,711
66,2022-05-04T21:00:00+00:00,2022-05-04T22:00:00+00:00,2022-05-05T11:00:00+00:00,1,long,1885.8,1869.307,16.492999999999938,close_sma_diff_16.4930,2022-05-04T22:00:00+00:00,2022-05-05T11:00:00+00:00,1885.95,1894.87,8.919999999999845,0.35,8.569999999999846,17.450000000000045,4.410000000000082,1903.4,1881.54,711
85,2022-05-05T17:00:00+00:00,2022-05-05T18:00:00+00:00,2022-05-06T07:00:00+00:00,-1,short,1886.27,1896.5729999999999,-10.302999999999884,close_sma_diff_-10.3030,2022-05-05T18:00:00+00:00,2022-05-06T07:00:00+00:00,1886.26,1876.5,9.759999999999991,0.35,9.409999999999991,20.200000000000045,0.049999999999954525,1886.31,1866.06,711
127,2022-05-09T13:00:00+00:00,2022-05-09T14:00:00+00:00,2022-05-10T03:00:00+00:00,-1,short,1859.64,1870.384,-10.743999999999915,close_sma_diff_-10.7440,2022-05-09T14:00:00+00:00,2022-05-10T03:00:00+00:00,1859.66,1853.82,5.8400000000001455,0.35,5.490000000000146,8.029999999999973,11.809999999999945,1871.47,1851.63,711
155,2022-05-10T18:00:00+00:00,2022-05-10T19:00:00+00:00,2022-05-11T08:00:00+00:00,-1,short,1844.33,1857.2309999999998,-12.90099999999984,close_sma_diff_-12.9010,2022-05-10T19:00:00+00:00,2022-05-11T08:00:00+00:00,1844.34,1838.95,5.389999999999873,0.35,5.039999999999873,12.36999999999989,3.150000000000091,1847.49,1831.97,711
170,2022-05-11T10:00:00+00:00,2022-05-11T11:00:00+00:00,2022-05-11T23:00:00+00:00,1,long,1848.74,1838.673,10.067000000000007,close_sma_diff_10.0670,2022-05-11T11:00:00+00:00,2022-05-11T23:00:00+00:00,1848.75,1852.65,3.900000000000091,0.35,3.550000000000091,9.400000000000091,13.6400000000001,1858.15,1835.11,713
202,2022-05-12T19:00:00+00:00,2022-05-12T20:00:00+00:00,2022-05-13T09:00:00+00:00,-1,short,1825.54,1842.377,-16.83699999999999,close_sma_diff_-16.8370,2022-05-12T20:00:00+00:00,2022-05-13T09:00:00+00:00,1825.61,1826.23,-0.6200000000001182,0.35,-0.9700000000001182,15.1099999999999,2.8700000000001182,1828.48,1810.5,711
221,2022-05-13T15:00:00+00:00,2022-05-13T16:00:00+00:00,2022-05-16T05:00:00+00:00,-1,short,1810.35,1821.341,-10.990999999999985,close_sma_diff_-10.9910,2022-05-13T16:00:00+00:00,2022-05-16T05:00:00+00:00,1810.36,1814.03,-3.6700000000000728,0.35,-4.020000000000072,11.299999999999955,8.050000000000182,1818.41,1799.06,711
239,2022-05-16T10:00:00+00:00,2022-05-16T11:00:00+00:00,2022-05-16T23:00:00+00:00,-1,short,1792.94,1809.361,-16.42100000000005,close_sma_diff_-16.4210,2022-05-16T11:00:00+00:00,2022-05-16T23:00:00+00:00,1792.97,1826.04,-33.069999999999936,0.35,-33.41999999999994,0.2300000000000182,33.92000000000007,1826.89,1792.74,721
310,2022-05-19T12:00:00+00:00,2022-05-19T13:00:00+00:00,2022-05-20T02:00:00+00:00,1,long,1829.65,1817.123,12.527000000000044,close_sma_diff_12.5270,2022-05-19T13:00:00+00:00,2022-05-20T02:00:00+00:00,1829.76,1841.89,12.13000000000011,0.35,11.78000000000011,19.3900000000001,3.349999999999909,1849.15,1826.41,706
518,2022-06-01T15:00:00+00:00,2022-06-01T16:00:00+00:00,2022-06-02T05:00:00+00:00,1,long,1844.2,1833.7779999999998,10.422000000000253,close_sma_diff_10.4220,2022-06-01T16:00:00+00:00,2022-06-02T05:00:00+00:00,1844.19,1844.89,0.7000000000000455,0.35,0.3500000000000455,5.829999999999927,6.2999999999999545,1850.02,1837.89,708
542,2022-06-02T16:00:00+00:00,2022-06-02T17:00:00+00:00,2022-06-03T06:00:00+00:00,1,long,1864.0,1853.4299999999998,10.570000000000164,close_sma_diff_10.5700,2022-06-02T17:00:00+00:00,2022-06-03T06:00:00+00:00,1864.03,1870.32,6.289999999999964,0.35,5.939999999999964,10.059999999999945,0.599999999999909,1874.09,1863.43,708
567,2022-06-03T18:00:00+00:00,2022-06-03T19:00:00+00:00,2022-06-06T08:00:00+00:00,-1,short,1852.01,1862.166,-10.155999999999949,close_sma_diff_-10.1560,2022-06-03T19:00:00+00:00,2022-06-06T08:00:00+00:00,1852.0,1855.85,-3.849999999999909,0.35,-4.199999999999909,12.160000000000082,4.680000000000064,1856.68,1839.84,708
681,2022-06-10T17:00:00+00:00,2022-06-10T18:00:00+00:00,2022-06-13T07:00:00+00:00,1,long,1855.88,1842.8110000000001,13.06899999999996,close_sma_diff_13.0690,2022-06-10T18:00:00+00:00,2022-06-13T07:00:00+00:00,1855.93,1863.22,7.289999999999964,0.35,6.939999999999964,22.84999999999991,0.7699999999999818,1878.78,1855.16,706
698,2022-06-13T11:00:00+00:00,2022-06-13T12:00:00+00:00,2022-06-14T01:00:00+00:00,-1,short,1853.37,1864.0900000000001,-10.720000000000255,close_sma_diff_-10.7200,2022-06-13T12:00:00+00:00,2022-06-14T01:05:00+00:00,1853.29,1815.63,37.659999999999854,0.35,37.30999999999985,34.23000000000002,5.670000000000073,1858.96,1819.06,715
728,2022-06-14T18:00:00+00:00,2022-06-14T19:00:00+00:00,2022-06-15T08:00:00+00:00,-1,short,1810.43,1821.0549999999998,-10.624999999999773,close_sma_diff_-10.6250,2022-06-14T19:00:00+00:00,2022-06-15T08:00:00+00:00,1810.5,1814.85,-4.349999999999909,0.35,-4.699999999999909,5.329999999999927,8.6400000000001,1819.14,1805.17,711
747,2022-06-15T14:00:00+00:00,2022-06-15T15:00:00+00:00,2022-06-16T04:00:00+00:00,1,long,1831.18,1821.1009999999999,10.079000000000178,close_sma_diff_10.0790,2022-06-15T15:00:00+00:00,2022-06-16T04:00:00+00:00,1831.2,1833.56,2.3599999999999,0.35,2.0099999999999,10.61999999999989,17.65000000000009,1841.82,1813.55,708
769,2022-06-16T13:00:00+00:00,2022-06-16T14:00:00+00:00,2022-06-17T03:00:00+00:00,-1,short,1819.81,1830.23,-10.420000000000073,close_sma_diff_-10.4200,2022-06-16T14:00:00+00:00,2022-06-17T03:00:00+00:00,1819.86,1850.69,-30.830000000000155,0.35,-31.180000000000156,4.539999999999964,37.37000000000012,1857.23,1815.32,711
861,2022-06-22T15:00:00+00:00,2022-06-22T16:00:00+00:00,2022-06-23T05:00:00+00:00,1,long,1844.68,1829.6970000000001,14.982999999999947,close_sma_diff_14.9830,2022-06-22T16:00:00+00:00,2022-06-23T05:00:00+00:00,1844.7,1833.2,-11.5,0.35,-11.85,3.230000000000018,11.660000000000082,1847.93,1833.04,709
976,2022-06-29T15:00:00+00:00,2022-06-29T16:00:00+00:00,2022-06-30T05:00:00+00:00,1,long,1831.35,1820.959,10.390999999999849,close_sma_diff_10.3910,2022-06-29T16:00:00+00:00,2022-06-30T05:00:00+00:00,1831.35,1820.29,-11.059999999999945,0.35,-11.409999999999945,1.3300000000001546,16.439999999999827,1832.68,1814.91,711
1025,2022-07-01T18:00:00+00:00,2022-07-01T19:00:00+00:00,2022-07-04T08:00:00+00:00,1,long,1806.38,1795.4869999999999,10.893000000000256,close_sma_diff_10.8930,2022-07-01T19:00:00+00:00,2022-07-04T08:00:00+00:00,1806.38,1812.22,5.839999999999918,0.35,5.4899999999999185,7.879999999999882,8.450000000000045,1814.26,1797.93,716
1067,2022-07-05T16:00:00+00:00,2022-07-05T17:00:00+00:00,2022-07-06T06:00:00+00:00,-1,short,1786.33,1802.9389999999999,-16.608999999999924,close_sma_diff_-16.6090,2022-07-05T17:00:00+00:00,2022-07-06T06:00:00+00:00,1786.31,1770.61,15.700000000000045,0.35,15.350000000000046,22.3599999999999,0.029999999999972715,1786.34,1763.95,718
1091,2022-07-06T17:00:00+00:00,2022-07-06T18:00:00+00:00,2022-07-07T07:00:00+00:00,-1,short,1743.69,1762.468,-18.77800000000002,close_sma_diff_-18.7780,2022-07-06T18:00:00+00:00,2022-07-07T07:00:00+00:00,1743.72,1746.06,-2.339999999999918,0.35,-2.6899999999999182,11.470000000000027,3.240000000000009,1746.96,1732.25,718
1204,2022-07-13T15:00:00+00:00,2022-07-13T16:00:00+00:00,2022-07-14T05:00:00+00:00,-1,short,1712.73,1725.9119999999998,-13.181999999999789,close_sma_diff_-13.1820,2022-07-13T16:00:00+00:00,2022-07-14T05:00:00+00:00,1712.9,1727.03,-14.129999999999882,0.35,-14.479999999999881,2.2200000000000273,32.51999999999998,1745.42,1710.68,718
1225,2022-07-14T13:00:00+00:00,2022-07-14T14:00:00+00:00,2022-07-15T03:00:00+00:00,-1,short,1711.07,1722.7540000000001,-11.684000000000196,close_sma_diff_-11.6840,2022-07-14T14:00:00+00:00,2022-07-15T03:00:00+00:00,1711.13,1711.42,-0.2899999999999636,0.35,-0.6399999999999636,13.52000000000021,4.979999999999791,1716.11,1697.61,718
1342,2022-07-21T15:00:00+00:00,2022-07-21T16:00:00+00:00,2022-07-22T05:00:00+00:00,1,long,1706.81,1690.0430000000001,16.766999999999825,close_sma_diff_16.7670,2022-07-21T16:00:00+00:00,2022-07-22T05:00:00+00:00,1706.81,1716.86,10.049999999999955,0.35,9.699999999999955,13.509999999999991,13.579999999999927,1720.32,1693.23,718
1366,2022-07-22T16:00:00+00:00,2022-07-22T17:00:00+00:00,2022-07-25T06:00:00+00:00,1,long,1734.71,1721.908,12.802000000000135,close_sma_diff_12.8020,2022-07-22T17:00:00+00:00,2022-07-25T06:00:00+00:00,1734.71,1727.35,-7.360000000000127,0.35,-7.710000000000127,4.599999999999909,14.759999999999991,1739.31,1719.95,716
1440,2022-07-27T21:00:00+00:00,2022-07-27T22:00:00+00:00,2022-07-28T11:00:00+00:00,1,long,1734.88,1720.909,13.971000000000004,close_sma_diff_13.9710,2022-07-27T22:00:00+00:00,2022-07-28T11:00:00+00:00,1734.92,1744.09,9.169999999999845,0.35,8.819999999999846,9.809999999999945,1.7699999999999818,1744.73,1733.15,718
1459,2022-07-28T17:00:00+00:00,2022-07-28T18:00:00+00:00,2022-07-29T07:00:00+00:00,1,long,1755.16,1744.343,10.817000000000007,close_sma_diff_10.8170,2022-07-28T18:00:00+00:00,2022-07-29T07:00:00+00:00,1755.16,1762.91,7.75,0.35,7.4,8.730000000000018,4.769999999999982,1763.89,1750.39,718
1533,2022-08-02T22:00:00+00:00,2022-08-02T23:00:00+00:00,2022-08-03T12:00:00+00:00,-1,short,1760.64,1774.645,-14.004999999999882,close_sma_diff_-14.0050,2022-08-02T23:00:00+00:00,2022-08-03T12:00:00+00:00,1760.6,1765.06,-4.460000000000036,0.35,-4.810000000000036,5.649999999999864,10.040000000000191,1770.64,1754.95,718
1571,2022-08-04T14:00:00+00:00,2022-08-04T15:00:00+00:00,2022-08-05T04:00:00+00:00,1,long,1785.72,1774.938,10.781999999999925,close_sma_diff_10.7820,2022-08-04T15:00:00+00:00,2022-08-05T04:00:00+00:00,1785.72,1794.51,8.789999999999964,0.35,8.439999999999964,9.230000000000018,11.420000000000073,1794.95,1774.3,717
1595,2022-08-05T15:00:00+00:00,2022-08-05T16:00:00+00:00,2022-08-08T05:00:00+00:00,-1,short,1769.03,1787.284,-18.254000000000133,close_sma_diff_-18.2540,2022-08-05T16:00:00+00:00,2022-08-08T05:00:00+00:00,1769.03,1774.53,-5.5,0.35,-5.85,4.0499999999999545,10.079999999999927,1779.11,1764.98,716
1729,2022-08-15T11:00:00+00:00,2022-08-15T12:00:00+00:00,2022-08-16T01:00:00+00:00,-1,short,1783.52,1793.842,-10.322000000000116,close_sma_diff_-10.3220,2022-08-15T12:00:00+00:00,2022-08-16T01:02:00+00:00,1783.52,1779.67,3.849999999999909,0.35,3.499999999999909,10.539999999999964,2.9600000000000364,1786.48,1772.98,720
1873,2022-08-23T17:00:00+00:00,2022-08-23T18:00:00+00:00,2022-08-24T07:00:00+00:00,1,long,1750.17,1740.063,10.106999999999971,close_sma_diff_10.1070,2022-08-23T18:00:00+00:00,2022-08-24T07:00:00+00:00,1750.17,1745.51,-4.660000000000082,0.35,-5.0100000000000815,3.519999999999982,6.070000000000164,1753.69,1744.1,718
1943,2022-08-26T18:00:00+00:00,2022-08-26T19:00:00+00:00,2022-08-29T08:00:00+00:00,-1,short,1737.11,1747.873,-10.763000000000147,close_sma_diff_-10.7630,2022-08-26T19:00:00+00:00,2022-08-29T08:00:00+00:00,1737.11,1723.19,13.919999999999845,0.35,13.569999999999846,15.929999999999836,2.4700000000000273,1739.58,1721.18,713
1963,2022-08-29T15:00:00+00:00,2022-08-29T16:00:00+00:00,2022-08-30T05:00:00+00:00,1,long,1736.22,1725.489,10.730999999999995,close_sma_diff_10.7310,2022-08-29T16:00:00+00:00,2022-08-30T05:00:00+00:00,1736.23,1735.99,-0.2400000000000091,0.35,-0.5900000000000091,9.289999999999964,0.9300000000000637,1745.52,1735.3,715
2006,2022-08-31T12:00:00+00:00,2022-08-31T13:00:00+00:00,2022-09-01T02:00:00+00:00,-1,short,1711.02,1721.0610000000001,-10.041000000000167,close_sma_diff_-10.0410,2022-08-31T13:00:00+00:00,2022-09-01T02:00:00+00:00,1711.03,1709.96,1.0699999999999363,0.35,0.7199999999999364,5.769999999999982,12.5,1723.53,1705.26,716
2034,2022-09-01T17:00:00+00:00,2022-09-01T18:00:00+00:00,2022-09-02T07:00:00+00:00,-1,short,1692.26,1702.384,-10.124000000000024,close_sma_diff_-10.1240,2022-09-01T18:00:00+00:00,2022-09-02T07:00:00+00:00,1692.17,1699.56,-7.389999999999873,0.35,-7.739999999999872,0.08000000000015461,8.159999999999854,1700.33,1692.09,710
2057,2022-09-02T17:00:00+00:00,2022-09-02T18:00:00+00:00,2022-09-05T07:00:00+00:00,1,long,1717.23,1706.9299999999998,10.300000000000182,close_sma_diff_10.3000,2022-09-02T18:00:00+00:00,2022-09-05T07:00:00+00:00,1717.25,1712.31,-4.940000000000055,0.35,-5.290000000000054,0.31999999999993634,9.539999999999964,1717.57,1707.71,714
2087,2022-09-06T03:00:00+00:00,2022-09-06T04:00:00+00:00,2022-09-06T16:00:00+00:00,1,long,1723.96,1712.988,10.97199999999998,close_sma_diff_10.9720,2022-09-06T04:00:00+00:00,2022-09-06T16:00:00+00:00,1723.96,1707.71,-16.25,0.35,-16.6,0.0,17.019999999999982,1723.96,1706.94,719
2214,2022-09-13T15:00:00+00:00,2022-09-13T16:00:00+00:00,2022-09-14T05:00:00+00:00,-1,short,1703.82,1722.568,-18.748000000000047,close_sma_diff_-18.7480,2022-09-13T16:00:00+00:00,2022-09-14T05:00:00+00:00,1703.81,1699.98,3.8299999999999272,0.35,3.479999999999927,6.7000000000000455,5.779999999999973,1709.59,1697.11,718
2262,2022-09-15T17:00:00+00:00,2022-09-15T18:00:00+00:00,2022-09-16T07:00:00+00:00,-1,short,1668.5,1686.259,-17.759000000000015,close_sma_diff_-17.7590,2022-09-15T18:00:00+00:00,2022-09-16T07:00:00+00:00,1668.57,1664.68,3.8899999999998727,0.35,3.5399999999998726,8.220000000000027,2.810000000000173,1671.38,1660.35,717
2285,2022-09-16T17:00:00+00:00,2022-09-16T18:00:00+00:00,2022-09-19T07:00:00+00:00,1,long,1677.06,1663.1330000000003,13.92699999999968,close_sma_diff_13.9270,2022-09-16T18:00:00+00:00,2022-09-19T07:00:00+00:00,1677.06,1669.21,-7.849999999999909,0.35,-8.199999999999909,2.9400000000000546,8.849999999999909,1680.0,1668.21,716
2358,2022-09-21T21:00:00+00:00,2022-09-21T22:00:00+00:00,2022-09-22T11:00:00+00:00,1,long,1685.93,1672.5010000000002,13.42899999999986,close_sma_diff_13.4290,2022-09-21T22:00:00+00:00,2022-09-22T11:00:00+00:00,1686.03,1659.18,-26.84999999999991,0.35,-27.19999999999991,1.7000000000000455,30.3599999999999,1687.73,1655.67,718
2375,2022-09-22T15:00:00+00:00,2022-09-22T16:00:00+00:00,2022-09-23T05:00:00+00:00,1,long,1681.92,1666.0130000000001,15.906999999999925,close_sma_diff_15.9070,2022-09-22T16:00:00+00:00,2022-09-23T05:00:00+00:00,1681.91,1672.59,-9.320000000000164,0.35,-9.670000000000163,0.0,13.980000000000018,1681.91,1667.93,718
2395,2022-09-23T12:00:00+00:00,2022-09-23T13:00:00+00:00,2022-09-26T02:00:00+00:00,-1,short,1657.19,1668.4180000000001,-11.228000000000065,close_sma_diff_-11.2280,2022-09-23T13:00:00+00:00,2022-09-26T02:00:00+00:00,1657.2,1643.6,13.600000000000136,0.35,13.250000000000137,17.450000000000045,1.0899999999999181,1658.29,1639.75,716
2409,2022-09-26T03:00:00+00:00,2022-09-26T04:00:00+00:00,2022-09-26T16:00:00+00:00,-1,short,1628.06,1642.4959999999999,-14.435999999999922,close_sma_diff_-14.4360,2022-09-26T04:00:00+00:00,2022-09-26T16:00:00+00:00,1628.0,1646.49,-18.49000000000001,0.35,-18.84000000000001,0.30999999999994543,21.75999999999999,1649.76,1627.69,721
2425,2022-09-26T19:00:00+00:00,2022-09-26T20:00:00+00:00,2022-09-27T09:00:00+00:00,-1,short,1631.16,1641.3970000000002,-10.23700000000008,close_sma_diff_-10.2370,2022-09-26T20:00:00+00:00,2022-09-27T09:00:00+00:00,1631.16,1635.62,-4.459999999999809,0.35,-4.809999999999809,9.990000000000009,5.230000000000018,1636.39,1621.17,719
2467,2022-09-28T15:00:00+00:00,2022-09-28T16:00:00+00:00,2022-09-29T05:00:00+00:00,1,long,1635.18,1624.023,11.157000000000153,close_sma_diff_11.1570,2022-09-28T16:00:00+00:00,2022-09-29T05:00:00+00:00,1635.18,1655.38,20.200000000000045,0.35,19.850000000000044,27.50999999999999,1.3100000000001728,1662.69,1633.87,718
2483,2022-09-29T08:00:00+00:00,2022-09-29T09:00:00+00:00,2022-09-29T21:00:00+00:00,-1,short,1644.02,1654.8100000000002,-10.790000000000191,close_sma_diff_-10.7900,2022-09-29T09:00:00+00:00,2022-09-29T21:00:00+00:00,1644.04,1658.17,-14.13000000000011,0.35,-14.480000000000109,2.509999999999991,20.829999999999927,1664.87,1641.53,721
2538,2022-10-03T17:00:00+00:00,2022-10-03T18:00:00+00:00,2022-10-04T07:00:00+00:00,1,long,1687.05,1667.2220000000002,19.827999999999747,close_sma_diff_19.8280,2022-10-03T18:00:00+00:00,2022-10-04T07:00:00+00:00,1687.04,1699.5,12.460000000000036,0.35,12.110000000000037,15.549999999999955,0.15999999999985448,1702.59,1686.88,718
2561,2022-10-04T17:00:00+00:00,2022-10-04T18:00:00+00:00,2022-10-05T07:00:00+00:00,1,long,1720.74,1708.938,11.801999999999907,close_sma_diff_11.8020,2022-10-04T18:00:00+00:00,2022-10-05T07:00:00+00:00,1720.74,1719.64,-1.099999999999909,0.35,-1.4499999999999091,8.75,2.8199999999999363,1729.49,1717.92,718
2579,2022-10-05T12:00:00+00:00,2022-10-05T13:00:00+00:00,2022-10-06T02:00:00+00:00,-1,short,1706.56,1718.143,-11.583000000000084,close_sma_diff_-11.5830,2022-10-05T13:00:00+00:00,2022-10-06T02:00:00+00:00,1706.56,1716.31,-9.75,0.35,-10.1,6.019999999999982,12.059999999999945,1718.62,1700.54,718
2628,2022-10-07T15:00:00+00:00,2022-10-07T16:00:00+00:00,2022-10-10T05:00:00+00:00,-1,short,1697.99,1709.3849999999998,-11.394999999999754,close_sma_diff_-11.3950,2022-10-07T16:00:00+00:00,2022-10-10T05:00:00+00:00,1697.88,1693.93,3.9500000000000455,0.35,3.6000000000000454,6.0,9.349999999999909,1707.23,1691.88,716
2653,2022-10-10T17:00:00+00:00,2022-10-10T18:00:00+00:00,2022-10-11T07:00:00+00:00,-1,short,1667.7,1679.3,-11.599999999999909,close_sma_diff_-11.6000,2022-10-10T18:00:00+00:00,2022-10-11T07:00:00+00:00,1667.77,1664.18,3.589999999999918,0.35,3.239999999999918,6.379999999999882,5.880000000000109,1673.65,1661.39,718
2677,2022-10-11T18:00:00+00:00,2022-10-11T19:00:00+00:00,2022-10-12T08:00:00+00:00,1,long,1681.7,1668.455,13.245000000000118,close_sma_diff_13.2450,2022-10-11T19:00:00+00:00,2022-10-12T08:00:00+00:00,1681.65,1668.66,-12.990000000000009,0.35,-13.340000000000009,2.3199999999999363,20.269999999999982,1683.97,1661.38,718
2720,2022-10-13T15:00:00+00:00,2022-10-13T16:00:00+00:00,2022-10-14T05:00:00+00:00,-1,short,1654.73,1670.605,-15.875,close_sma_diff_-15.8750,2022-10-13T16:00:00+00:00,2022-10-14T05:00:00+00:00,1654.58,1668.1,-13.519999999999982,0.35,-13.869999999999981,12.11999999999989,17.930000000000064,1672.51,1642.46,718
2740,2022-10-14T12:00:00+00:00,2022-10-14T13:00:00+00:00,2022-10-17T02:00:00+00:00,-1,short,1654.06,1665.461,-11.401000000000067,close_sma_diff_-11.4010,2022-10-14T13:00:00+00:00,2022-10-17T02:00:00+00:00,1654.07,1645.74,8.329999999999927,0.35,7.979999999999928,13.879999999999882,9.900000000000091,1663.97,1640.19,716
2766,2022-10-17T15:00:00+00:00,2022-10-17T16:00:00+00:00,2022-10-18T05:00:00+00:00,1,long,1666.47,1655.3380000000002,11.131999999999834,close_sma_diff_11.1320,2022-10-17T16:00:00+00:00,2022-10-18T05:00:00+00:00,1666.63,1651.11,-15.52000000000021,0.35,-15.870000000000209,1.8299999999999272,19.820000000000164,1668.46,1646.81,718
2810,2022-10-19T13:00:00+00:00,2022-10-19T14:00:00+00:00,2022-10-20T03:00:00+00:00,-1,short,1633.17,1644.627,-11.45699999999988,close_sma_diff_-11.4570,2022-10-19T14:00:00+00:00,2022-10-20T03:00:00+00:00,1633.16,1627.09,6.070000000000164,0.35,5.720000000000164,6.710000000000036,4.599999999999909,1637.76,1626.45,718
2837,2022-10-20T17:00:00+00:00,2022-10-20T18:00:00+00:00,2022-10-21T07:00:00+00:00,1,long,1644.78,1634.5040000000001,10.27599999999984,close_sma_diff_10.2760,2022-10-20T18:00:00+00:00,2022-10-21T07:00:00+00:00,1644.81,1620.81,-24.0,0.35,-24.35,0.8300000000001546,24.079999999999927,1645.64,1620.73,718
2859,2022-10-21T16:00:00+00:00,2022-10-21T17:00:00+00:00,2022-10-24T06:00:00+00:00,1,long,1642.59,1625.651,16.93899999999985,close_sma_diff_16.9390,2022-10-21T17:00:00+00:00,2022-10-24T06:00:00+00:00,1642.6,1655.76,13.160000000000082,0.35,12.810000000000082,27.930000000000064,8.299999999999955,1670.53,1634.3,716
2905,2022-10-25T16:00:00+00:00,2022-10-25T17:00:00+00:00,2022-10-26T06:00:00+00:00,1,long,1659.26,1646.4900000000002,12.769999999999754,close_sma_diff_12.7700,2022-10-25T17:00:00+00:00,2022-10-26T06:00:00+00:00,1659.32,1656.4,-2.9199999999998454,0.35,-3.2699999999998455,3.1100000000001273,9.639999999999873,1662.43,1649.68,718
2922,2022-10-26T10:00:00+00:00,2022-10-26T11:00:00+00:00,2022-10-26T23:00:00+00:00,1,long,1670.82,1657.203,13.616999999999962,close_sma_diff_13.6170,2022-10-26T11:00:00+00:00,2022-10-26T23:00:00+00:00,1670.81,1664.84,-5.970000000000027,0.35,-6.320000000000027,4.120000000000118,10.139999999999873,1674.93,1660.67,721
2973,2022-10-28T15:00:00+00:00,2022-10-28T16:00:00+00:00,2022-10-31T04:00:00+00:00,-1,short,1643.32,1654.1709999999998,-10.850999999999885,close_sma_diff_-10.8510,2022-10-28T16:00:00+00:00,2022-10-31T04:00:00+00:00,1643.29,1641.64,1.6499999999998636,0.35,1.2999999999998635,5.240000000000009,6.0,1649.29,1638.05,716
3049,2022-11-02T21:00:00+00:00,2022-11-02T22:00:00+00:00,2022-11-03T11:00:00+00:00,-1,short,1637.02,1650.14,-13.120000000000118,close_sma_diff_-13.1200,2022-11-02T22:00:00+00:00,2022-11-03T11:00:00+00:00,1636.99,1626.56,10.430000000000064,0.35,10.080000000000064,12.349999999999909,4.009999999999991,1641.0,1624.64,718
3063,2022-11-03T12:00:00+00:00,2022-11-03T13:00:00+00:00,2022-11-04T02:00:00+00:00,-1,short,1621.48,1632.4299999999998,-10.949999999999818,close_sma_diff_-10.9500,2022-11-03T13:00:00+00:00,2022-11-04T02:00:00+00:00,1621.44,1629.61,-8.169999999999845,0.35,-8.519999999999845,4.720000000000027,10.919999999999845,1632.36,1616.72,719
3080,2022-11-04T06:00:00+00:00,2022-11-04T07:00:00+00:00,2022-11-04T19:00:00+00:00,1,long,1646.92,1633.913,13.007000000000062,close_sma_diff_13.0070,2022-11-04T07:00:00+00:00,2022-11-04T19:00:00+00:00,1646.94,1673.47,26.529999999999973,0.35,26.17999999999997,28.549999999999955,3.2799999999999727,1675.49,1643.66,721
3094,2022-11-04T20:00:00+00:00,2022-11-04T21:00:00+00:00,2022-11-07T11:00:00+00:00,1,long,1680.64,1664.7099999999998,15.930000000000291,close_sma_diff_15.9300,2022-11-04T21:00:00+00:00,2022-11-07T11:00:00+00:00,1680.65,1675.36,-5.290000000000191,0.35,-5.640000000000191,1.009999999999991,13.75,1681.66,1666.9,716
3136,2022-11-08T17:00:00+00:00,2022-11-08T18:00:00+00:00,2022-11-09T07:00:00+00:00,1,long,1713.11,1675.887,37.222999999999956,close_sma_diff_37.2230,2022-11-08T18:00:00+00:00,2022-11-09T07:00:00+00:00,1713.11,1708.55,-4.559999999999945,0.35,-4.909999999999945,3.770000000000209,6.1099999999999,1716.88,1707.0,718
3180,2022-11-10T15:00:00+00:00,2022-11-10T16:00:00+00:00,2022-11-11T05:00:00+00:00,1,long,1733.11,1711.047,22.062999999999874,close_sma_diff_22.0630,2022-11-10T16:00:00+00:00,2022-11-11T05:00:00+00:00,1733.12,1752.23,19.110000000000127,0.35,18.760000000000126,24.070000000000164,0.5199999999999818,1757.19,1732.6,718
3243,2022-11-15T09:00:00+00:00,2022-11-15T10:00:00+00:00,2022-11-15T22:00:00+00:00,1,long,1782.92,1771.486,11.433999999999969,close_sma_diff_11.4340,2022-11-15T10:00:00+00:00,2022-11-15T22:00:00+00:00,1782.91,1779.31,-3.6000000000001364,0.35,-3.9500000000001365,3.6599999999998545,14.830000000000155,1786.57,1768.08,721
3393,2022-11-23T21:00:00+00:00,2022-11-23T22:00:00+00:00,2022-11-24T11:00:00+00:00,1,long,1751.94,1741.7939999999999,10.146000000000186,close_sma_diff_10.1460,2022-11-23T22:00:00+00:00,2022-11-24T11:00:00+00:00,1751.95,1756.46,4.509999999999991,0.35,4.159999999999991,5.710000000000036,3.2799999999999727,1757.66,1748.67,718
3455,2022-11-28T19:00:00+00:00,2022-11-28T20:00:00+00:00,2022-11-29T09:00:00+00:00,-1,short,1742.68,1753.069,-10.388999999999896,close_sma_diff_-10.3890,2022-11-28T20:00:00+00:00,2022-11-29T09:00:00+00:00,1742.68,1752.26,-9.579999999999927,0.35,-9.929999999999927,3.0499999999999545,12.389999999999873,1755.07,1739.63,718
3504,2022-11-30T22:00:00+00:00,2022-11-30T23:00:00+00:00,2022-12-01T12:00:00+00:00,1,long,1769.88,1759.0760000000002,10.80399999999986,close_sma_diff_10.8040,2022-11-30T23:00:00+00:00,2022-12-01T12:00:00+00:00,1769.9,1778.36,8.459999999999809,0.35,8.10999999999981,13.889999999999873,2.1900000000000546,1783.79,1767.71,718
3521,2022-12-01T16:00:00+00:00,2022-12-01T17:00:00+00:00,2022-12-02T06:00:00+00:00,1,long,1801.67,1782.8,18.87000000000012,close_sma_diff_18.8700,2022-12-01T17:00:00+00:00,2022-12-02T06:00:00+00:00,1801.67,1798.23,-3.4400000000000546,0.35,-3.7900000000000547,2.849999999999909,7.4500000000000455,1804.52,1794.22,718
3543,2022-12-02T15:00:00+00:00,2022-12-02T16:00:00+00:00,2022-12-05T05:00:00+00:00,-1,short,1785.7,1798.333,-12.633000000000038,close_sma_diff_-12.6330,2022-12-02T16:00:00+00:00,2022-12-05T05:00:00+00:00,1785.61,1806.99,-21.38000000000011,0.35,-21.73000000000011,4.689999999999827,22.700000000000045,1808.31,1780.92,717
3567,2022-12-05T16:00:00+00:00,2022-12-05T17:00:00+00:00,2022-12-06T06:00:00+00:00,-1,short,1784.04,1796.882,-12.842000000000098,close_sma_diff_-12.8420,2022-12-05T17:00:00+00:00,2022-12-06T06:00:00+00:00,1778.98,1772.22,6.759999999999991,0.35,6.409999999999991,13.13000000000011,3.3299999999999272,1782.31,1765.85,719
3704,2022-12-13T15:00:00+00:00,2022-12-13T16:00:00+00:00,2022-12-14T05:00:00+00:00,1,long,1811.11,1788.702,22.4079999999999,close_sma_diff_22.4080,2022-12-13T16:00:00+00:00,2022-12-14T05:00:00+00:00,1811.1,1810.7,-0.3999999999998636,0.35,-0.7499999999998636,13.420000000000073,5.789999999999964,1824.52,1805.31,719
3739,2022-12-15T04:00:00+00:00,2022-12-15T05:00:00+00:00,2022-12-15T17:00:00+00:00,-1,short,1793.88,1805.432,-11.551999999999907,close_sma_diff_-11.5520,2022-12-15T05:00:00+00:00,2022-12-15T17:00:00+00:00,1793.88,1784.22,9.660000000000082,0.35,9.310000000000082,20.13000000000011,2.5799999999999272,1796.46,1773.75,721
3814,2022-12-20T10:00:00+00:00,2022-12-20T11:00:00+00:00,2022-12-20T23:00:00+00:00,1,long,1803.24,1790.9630000000002,12.276999999999816,close_sma_diff_12.2770,2022-12-20T11:00:00+00:00,2022-12-20T23:00:00+00:00,1803.23,1818.73,15.5,0.35,15.15,17.889999999999873,4.910000000000082,1821.12,1798.32,721
3866,2022-12-22T16:00:00+00:00,2022-12-22T17:00:00+00:00,2022-12-23T06:00:00+00:00,-1,short,1802.53,1814.4189999999999,-11.888999999999896,close_sma_diff_-11.8890,2022-12-22T17:00:00+00:00,2022-12-23T06:00:00+00:00,1802.53,1792.8,9.730000000000018,0.35,9.380000000000019,17.8599999999999,0.05999999999994543,1802.59,1784.67,719
3913,2022-12-27T17:00:00+00:00,2022-12-27T18:00:00+00:00,2022-12-28T07:00:00+00:00,1,long,1824.64,1809.4489999999998,15.191000000000258,close_sma_diff_15.1910,2022-12-27T18:00:00+00:00,2022-12-28T07:00:00+00:00,1824.64,1811.63,-13.009999999999991,0.35,-13.35999999999999,1.7699999999999818,15.210000000000036,1826.41,1809.43,719
3992,2023-01-03T04:00:00+00:00,2023-01-03T05:00:00+00:00,2023-01-03T17:00:00+00:00,1,long,1838.41,1825.512,12.898000000000138,close_sma_diff_12.8980,2023-01-03T05:00:00+00:00,2023-01-03T17:00:00+00:00,1838.42,1843.62,5.199999999999818,0.35,4.8499999999998185,11.569999999999936,7.570000000000164,1849.99,1830.85,721
4020,2023-01-04T09:00:00+00:00,2023-01-04T10:00:00+00:00,2023-01-04T22:00:00+00:00,1,long,1858.29,1844.97,13.319999999999936,close_sma_diff_13.3200,2023-01-04T10:00:00+00:00,2023-01-04T22:00:00+00:00,1858.28,1851.93,-6.349999999999909,0.35,-6.699999999999909,6.839999999999918,11.160000000000082,1865.12,1847.12,721
4049,2023-01-05T15:00:00+00:00,2023-01-05T16:00:00+00:00,2023-01-06T05:00:00+00:00,-1,short,1834.84,1847.532,-12.692000000000007,close_sma_diff_-12.6920,2023-01-05T16:00:00+00:00,2023-01-06T05:00:00+00:00,1834.78,1838.26,-3.480000000000018,0.35,-3.8300000000000183,9.670000000000073,5.509999999999991,1840.29,1825.11,719
4072,2023-01-06T15:00:00+00:00,2023-01-06T16:00:00+00:00,2023-01-09T05:00:00+00:00,1,long,1851.86,1838.673,13.186999999999898,close_sma_diff_13.1870,2023-01-06T16:00:00+00:00,2023-01-09T05:00:00+00:00,1851.81,1879.03,27.220000000000027,0.35,26.870000000000026,27.690000000000055,11.149999999999864,1879.5,1840.66,717
4164,2023-01-12T15:00:00+00:00,2023-01-12T16:00:00+00:00,2023-01-13T05:00:00+00:00,1,long,1899.71,1885.705,14.00500000000011,close_sma_diff_14.0050,2023-01-12T16:00:00+00:00,2023-01-13T05:00:00+00:00,1899.73,1898.3,-1.4300000000000637,0.35,-1.7800000000000638,1.6600000000000819,19.88000000000011,1901.39,1879.85,719
4188,2023-01-13T16:00:00+00:00,2023-01-13T17:00:00+00:00,2023-01-16T06:00:00+00:00,1,long,1911.62,1901.4180000000001,10.20199999999977,close_sma_diff_10.2020,2023-01-13T17:00:00+00:00,2023-01-16T06:00:00+00:00,1911.62,1926.61,14.990000000000009,0.35,14.64000000000001,17.340000000000146,4.879999999999882,1928.96,1906.74,717
4254,2023-01-18T15:00:00+00:00,2023-01-18T16:00:00+00:00,2023-01-19T05:00:00+00:00,1,long,1921.41,1910.425,10.985000000000127,close_sma_diff_10.9850,2023-01-18T16:00:00+00:00,2023-01-19T05:00:00+00:00,1921.37,1907.48,-13.889999999999873,0.35,-14.239999999999872,4.520000000000209,20.389999999999873,1925.89,1900.98,719
4283,2023-01-19T21:00:00+00:00,2023-01-19T22:00:00+00:00,2023-01-20T11:00:00+00:00,1,long,1929.7,1917.0279999999998,12.672000000000253,close_sma_diff_12.6720,2023-01-19T22:00:00+00:00,2023-01-20T11:00:00+00:00,1929.7,1928.15,-1.5499999999999545,0.35,-1.8999999999999546,7.839999999999918,6.509999999999991,1937.54,1923.19,719
4347,2023-01-24T16:00:00+00:00,2023-01-24T17:00:00+00:00,2023-01-25T06:00:00+00:00,-1,short,1921.39,1935.4809999999998,-14.090999999999667,close_sma_diff_-14.0910,2023-01-24T17:00:00+00:00,2023-01-25T06:00:00+00:00,1921.28,1931.99,-10.710000000000036,0.35,-11.060000000000036,4.1099999999999,18.480000000000018,1939.76,1917.17,719
4375,2023-01-25T21:00:00+00:00,2023-01-25T22:00:00+00:00,2023-01-26T11:00:00+00:00,1,long,1942.39,1932.078,10.312000000000126,close_sma_diff_10.3120,2023-01-25T22:00:00+00:00,2023-01-26T11:00:00+00:00,1942.39,1941.84,-0.5500000000001819,0.35,-0.9000000000001819,6.699999999999818,4.330000000000155,1949.09,1938.06,719
4394,2023-01-26T17:00:00+00:00,2023-01-26T18:00:00+00:00,2023-01-27T07:00:00+00:00,-1,short,1924.87,1937.3529999999998,-12.482999999999947,close_sma_diff_-12.4830,2023-01-26T18:00:00+00:00,2023-01-27T07:00:00+00:00,1924.87,1921.62,3.25,0.35,2.9,6.25,9.940000000000055,1934.81,1918.62,719
4456,2023-01-31T10:00:00+00:00,2023-01-31T11:00:00+00:00,2023-01-31T23:00:00+00:00,-1,short,1906.86,1919.086,-12.226000000000113,close_sma_diff_-12.2260,2023-01-31T11:00:00+00:00,2023-01-31T23:00:00+00:00,1906.86,1928.12,-21.25999999999999,0.35,-21.609999999999992,6.039999999999964,24.29000000000019,1931.15,1900.82,721
4490,2023-02-01T21:00:00+00:00,2023-02-01T22:00:00+00:00,2023-02-02T11:00:00+00:00,1,long,1943.02,1929.5589999999997,13.46100000000024,close_sma_diff_13.4610,2023-02-01T22:00:00+00:00,2023-02-02T11:00:00+00:00,1943.09,1957.36,14.269999999999982,0.35,13.919999999999982,16.590000000000146,3.8099999999999454,1959.68,1939.28,719
4508,2023-02-02T16:00:00+00:00,2023-02-02T17:00:00+00:00,2023-02-03T06:00:00+00:00,-1,short,1921.55,1950.0790000000002,-28.529000000000224,close_sma_diff_-28.5290,2023-02-02T17:00:00+00:00,2023-02-03T06:00:00+00:00,1921.55,1916.36,5.190000000000055,0.35,4.840000000000055,10.25,6.039999999999964,1927.59,1911.3,719
4530,2023-02-03T15:00:00+00:00,2023-02-03T16:00:00+00:00,2023-02-06T05:00:00+00:00,-1,short,1886.79,1911.4739999999997,-24.68399999999974,close_sma_diff_-24.6840,2023-02-03T16:00:00+00:00,2023-02-06T05:00:00+00:00,1886.79,1873.65,13.139999999999873,0.35,12.789999999999873,25.34999999999991,0.0,1886.79,1861.44,717
4626,2023-02-09T19:00:00+00:00,2023-02-09T20:00:00+00:00,2023-02-10T09:00:00+00:00,-1,short,1868.47,1880.264,-11.793999999999869,close_sma_diff_-11.7940,2023-02-09T20:00:00+00:00,2023-02-10T09:00:00+00:00,1868.47,1857.85,10.620000000000118,0.35,10.270000000000119,15.670000000000073,1.2100000000000364,1869.68,1852.8,719
4708,2023-02-15T09:00:00+00:00,2023-02-15T10:00:00+00:00,2023-02-15T22:00:00+00:00,-1,short,1835.7,1849.8260000000002,-14.126000000000204,close_sma_diff_-14.1260,2023-02-15T10:00:00+00:00,2023-02-15T22:00:00+00:00,1835.7,1835.89,-0.19000000000005457,0.35,-0.5400000000000545,5.25,3.240000000000009,1838.94,1830.45,721
4763,2023-02-17T18:00:00+00:00,2023-02-17T19:00:00+00:00,2023-02-20T08:00:00+00:00,1,long,1839.61,1827.578,12.031999999999925,close_sma_diff_12.0320,2023-02-17T19:00:00+00:00,2023-02-20T08:00:00+00:00,1839.62,1844.61,4.990000000000009,0.35,4.6400000000000095,5.240000000000009,2.3299999999999272,1844.86,1837.29,717
4921,2023-02-28T17:00:00+00:00,2023-02-28T18:00:00+00:00,2023-03-01T07:00:00+00:00,1,long,1824.19,1813.166,11.024000000000115,close_sma_diff_11.0240,2023-02-28T18:00:00+00:00,2023-03-01T07:00:00+00:00,1824.13,1830.57,6.439999999999827,0.35,6.0899999999998276,7.559999999999945,1.050000000000182,1831.69,1823.08,719
5035,2023-03-07T16:00:00+00:00,2023-03-07T17:00:00+00:00,2023-03-08T06:00:00+00:00,-1,short,1831.77,1842.4789999999998,-10.708999999999833,close_sma_diff_-10.7090,2023-03-07T17:00:00+00:00,2023-03-08T06:00:00+00:00,1831.59,1810.28,21.309999999999945,0.35,20.959999999999944,22.179999999999836,0.25,1831.84,1809.41,719
5081,2023-03-09T16:00:00+00:00,2023-03-09T17:00:00+00:00,2023-03-10T06:00:00+00:00,1,long,1831.39,1818.886,12.504000000000133,close_sma_diff_12.5040,2023-03-09T17:00:00+00:00,2023-03-10T06:00:00+00:00,1831.38,1829.29,-2.0900000000001455,0.35,-2.4400000000001456,4.2999999999999545,5.880000000000109,1835.68,1825.5,719
5104,2023-03-10T16:00:00+00:00,2023-03-10T17:00:00+00:00,2023-03-13T05:00:00+00:00,1,long,1858.49,1836.775,21.714999999999918,close_sma_diff_21.7150,2023-03-10T17:00:00+00:00,2023-03-13T05:00:00+00:00,1858.47,1886.09,27.61999999999989,0.35,27.26999999999989,35.88999999999987,4.319999999999936,1894.36,1854.15,717
5126,2023-03-13T14:00:00+00:00,2023-03-13T15:00:00+00:00,2023-03-14T04:00:00+00:00,1,long,1899.25,1883.6760000000002,15.573999999999842,close_sma_diff_15.5740,2023-03-13T15:00:00+00:00,2023-03-14T04:00:00+00:00,1899.31,1906.97,7.660000000000082,0.35,7.310000000000082,15.309999999999945,5.740000000000009,1914.62,1893.57,718
5168,2023-03-15T10:00:00+00:00,2023-03-15T11:00:00+00:00,2023-03-16T00:00:00+00:00,-1,short,1887.66,1900.2580000000003,-12.598000000000184,close_sma_diff_-12.5980,2023-03-15T11:00:00+00:00,2023-03-16T00:02:00+00:00,1887.51,1919.09,-31.579999999999927,0.35,-31.92999999999993,0.8399999999999181,49.84999999999991,1937.36,1886.67,719
5195,2023-03-16T14:00:00+00:00,2023-03-16T15:00:00+00:00,2023-03-17T04:00:00+00:00,1,long,1930.39,1920.1009999999999,10.289000000000215,close_sma_diff_10.2890,2023-03-16T15:00:00+00:00,2023-03-17T04:00:00+00:00,1930.39,1922.81,-7.580000000000155,0.35,-7.930000000000154,3.119999999999891,17.0300000000002,1933.51,1913.36,719
5218,2023-03-17T14:00:00+00:00,2023-03-17T15:00:00+00:00,2023-03-20T04:00:00+00:00,1,long,1944.96,1932.2740000000001,12.685999999999922,close_sma_diff_12.6860,2023-03-17T15:00:00+00:00,2023-03-20T04:00:00+00:00,1944.99,1970.2,25.210000000000036,0.35,24.860000000000035,43.180000000000064,0.6800000000000637,1988.17,1944.31,717
5234,2023-03-20T07:00:00+00:00,2023-03-20T08:00:00+00:00,2023-03-20T20:00:00+00:00,1,long,1988.05,1977.136,10.913999999999987,close_sma_diff_10.9140,2023-03-20T08:00:00+00:00,2023-03-20T20:00:00+00:00,1988.18,1977.21,-10.970000000000027,0.35,-11.320000000000027,21.61999999999989,22.350000000000136,2009.8,1965.83,721
5260,2023-03-21T10:00:00+00:00,2023-03-21T11:00:00+00:00,2023-03-22T00:00:00+00:00,-1,short,1966.35,1977.8269999999998,-11.476999999999862,close_sma_diff_-11.4770,2023-03-21T11:00:00+00:00,2023-03-22T00:01:00+00:00,1966.35,1939.35,27.0,0.35,26.65,30.909999999999854,3.5300000000002,1969.88,1935.44,719
5293,2023-03-22T20:00:00+00:00,2023-03-22T21:00:00+00:00,2023-03-23T10:00:00+00:00,1,long,1971.03,1947.364,23.66599999999994,close_sma_diff_23.6660,2023-03-22T21:00:00+00:00,2023-03-23T10:00:00+00:00,1971.0,1976.87,5.869999999999891,0.35,5.519999999999891,12.650000000000091,16.779999999999973,1983.65,1954.22,719
5314,2023-03-23T18:00:00+00:00,2023-03-23T19:00:00+00:00,2023-03-24T08:00:00+00:00,1,long,1994.2,1980.0769999999998,14.123000000000275,close_sma_diff_14.1230,2023-03-23T19:00:00+00:00,2023-03-24T08:00:00+00:00,1994.21,1990.7,-3.509999999999991,0.35,-3.859999999999991,9.11999999999989,6.170000000000073,2003.33,1988.04,719
5338,2023-03-24T19:00:00+00:00,2023-03-24T20:00:00+00:00,2023-03-27T10:00:00+00:00,-1,short,1979.79,1990.631,-10.841000000000122,close_sma_diff_-10.8410,2023-03-24T20:00:00+00:00,2023-03-27T10:00:00+00:00,1979.79,1970.28,9.509999999999991,0.35,9.159999999999991,13.139999999999873,0.12000000000011823,1979.91,1966.65,717
5353,2023-03-27T12:00:00+00:00,2023-03-27T13:00:00+00:00,2023-03-28T02:00:00+00:00,-1,short,1956.08,1970.857,-14.777000000000044,close_sma_diff_-14.7770,2023-03-27T13:00:00+00:00,2023-03-28T02:00:00+00:00,1955.89,1957.14,-1.25,0.35,-1.6,11.850000000000136,3.5399999999999636,1959.43,1944.04,719
5381,2023-03-28T17:00:00+00:00,2023-03-28T18:00:00+00:00,2023-03-29T07:00:00+00:00,1,long,1969.13,1958.4009999999998,10.72900000000027,close_sma_diff_10.7290,2023-03-28T18:00:00+00:00,2023-03-29T07:00:00+00:00,1969.15,1967.03,-2.1200000000001182,0.35,-2.4700000000001183,6.169999999999845,3.480000000000018,1975.32,1965.67,719
5429,2023-03-30T19:00:00+00:00,2023-03-30T20:00:00+00:00,2023-03-31T09:00:00+00:00,1,long,1983.16,1970.6380000000001,12.521999999999935,close_sma_diff_12.5220,2023-03-30T20:00:00+00:00,2023-03-31T09:00:00+00:00,1983.33,1979.86,-3.4700000000000273,0.35,-3.8200000000000274,0.2699999999999818,5.730000000000018,1983.6,1977.6,719
5453,2023-03-31T20:00:00+00:00,2023-03-31T21:00:00+00:00,2023-04-03T10:00:00+00:00,-1,short,1967.42,1977.4650000000001,-10.045000000000073,close_sma_diff_-10.0450,2023-03-31T21:00:00+00:00,2023-04-03T10:00:00+00:00,1967.44,1955.2,12.240000000000009,0.35,11.89000000000001,17.680000000000064,4.649999999999864,1972.09,1949.76,714
5469,2023-04-03T13:00:00+00:00,2023-04-03T14:00:00+00:00,2023-04-04T03:00:00+00:00,1,long,1972.51,1959.2,13.309999999999945,close_sma_diff_13.3100,2023-04-03T14:00:00+00:00,2023-04-04T03:00:00+00:00,1972.51,1985.17,12.660000000000082,0.35,12.310000000000082,18.029999999999973,1.3199999999999363,1990.54,1971.19,719
5496,2023-04-04T17:00:00+00:00,2023-04-04T18:00:00+00:00,2023-04-05T07:00:00+00:00,1,long,2016.11,1986.253,29.85699999999997,close_sma_diff_29.8570,2023-04-04T18:00:00+00:00,2023-04-05T07:00:00+00:00,2016.07,2022.93,6.860000000000127,0.35,6.510000000000128,9.269999999999982,0.4600000000000364,2025.34,2015.61,719
5541,2023-04-06T16:00:00+00:00,2023-04-06T17:00:00+00:00,2023-04-10T06:00:00+00:00,-1,short,2003.68,2015.1870000000004,-11.50700000000029,close_sma_diff_-11.5070,2023-04-06T17:00:00+00:00,2023-04-10T06:00:00+00:00,2003.68,1990.72,12.960000000000036,0.35,12.610000000000037,14.850000000000136,11.259999999999991,2014.94,1988.83,716
5601,2023-04-12T07:00:00+00:00,2023-04-12T08:00:00+00:00,2023-04-12T20:00:00+00:00,1,long,2020.4,2009.35,11.050000000000182,close_sma_diff_11.0500,2023-04-12T08:00:00+00:00,2023-04-12T20:00:00+00:00,2020.4,2007.99,-12.410000000000082,0.35,-12.760000000000081,7.949999999999818,19.00999999999999,2028.35,2001.39,721
5632,2023-04-13T15:00:00+00:00,2023-04-13T16:00:00+00:00,2023-04-14T05:00:00+00:00,1,long,2045.04,2024.986,20.05399999999986,close_sma_diff_20.0540,2023-04-13T16:00:00+00:00,2023-04-14T05:00:00+00:00,2045.04,2045.43,0.39000000000010004,0.35,0.04000000000010007,3.630000000000109,11.399999999999864,2048.67,2033.64,718
5655,2023-04-14T15:00:00+00:00,2023-04-14T16:00:00+00:00,2023-04-17T05:00:00+00:00,-1,short,2024.67,2038.247,-13.576999999999998,close_sma_diff_-13.5770,2023-04-14T16:00:00+00:00,2023-04-17T05:00:00+00:00,2024.67,2003.51,21.160000000000082,0.35,20.81000000000008,32.26999999999998,3.439999999999827,2028.11,1992.4,716
5679,2023-04-17T16:00:00+00:00,2023-04-17T17:00:00+00:00,2023-04-18T06:00:00+00:00,-1,short,1995.94,2007.161,-11.221000000000004,close_sma_diff_-11.2210,2023-04-17T17:00:00+00:00,2023-04-18T06:00:00+00:00,1995.95,2000.07,-4.119999999999891,0.35,-4.4699999999998905,14.769999999999982,4.899999999999864,2000.85,1981.18,718
5718,2023-04-19T09:00:00+00:00,2023-04-19T10:00:00+00:00,2023-04-19T22:00:00+00:00,-1,short,1991.05,2003.0330000000001,-11.983000000000175,close_sma_diff_-11.9830,2023-04-19T10:00:00+00:00,2023-04-19T22:00:00+00:00,1991.06,1996.44,-5.380000000000109,0.35,-5.730000000000109,21.87999999999988,5.6400000000001,1996.7,1969.18,721
5764,2023-04-21T09:00:00+00:00,2023-04-21T10:00:00+00:00,2023-04-21T22:00:00+00:00,-1,short,1986.36,2000.825,-14.465000000000146,close_sma_diff_-14.4650,2023-04-21T10:00:00+00:00,2023-04-21T22:00:00+00:00,1986.37,1978.77,7.599999999999909,0.35,7.249999999999909,14.779999999999973,11.650000000000091,1998.02,1971.59,721
5815,2023-04-25T14:00:00+00:00,2023-04-25T15:00:00+00:00,2023-04-26T04:00:00+00:00,-1,short,1977.6,1989.548,-11.948000000000093,close_sma_diff_-11.9480,2023-04-25T15:00:00+00:00,2023-04-26T04:00:00+00:00,1977.6,1998.23,-20.63000000000011,0.35,-20.98000000000011,1.509999999999991,26.25,2003.85,1976.09,717
5843,2023-04-26T19:00:00+00:00,2023-04-26T20:00:00+00:00,2023-04-27T09:00:00+00:00,-1,short,1986.67,1996.714,-10.043999999999869,close_sma_diff_-10.0440,2023-04-26T20:00:00+00:00,2023-04-27T09:00:00+00:00,1986.62,1998.64,-12.02000000000021,0.35,-12.370000000000209,3.25,16.12000000000012,2002.74,1983.37,718
5862,2023-04-27T15:00:00+00:00,2023-04-27T16:00:00+00:00,2023-04-28T05:00:00+00:00,-1,short,1985.65,1997.83,-12.179999999999836,close_sma_diff_-12.1800,2023-04-27T16:00:00+00:00,2023-04-28T05:00:00+00:00,1985.74,1989.82,-4.079999999999927,0.35,-4.429999999999927,11.519999999999982,5.829999999999927,1991.57,1974.22,718
5908,2023-05-01T15:00:00+00:00,2023-05-01T16:00:00+00:00,2023-05-02T05:00:00+00:00,1,long,2004.03,1985.4100000000003,18.619999999999663,close_sma_diff_18.6200,2023-05-01T16:00:00+00:00,2023-05-02T05:00:00+00:00,2004.04,1983.15,-20.889999999999873,0.35,-21.239999999999874,1.9600000000000364,24.549999999999955,2006.0,1979.49,718
5933,2023-05-02T17:00:00+00:00,2023-05-02T18:00:00+00:00,2023-05-03T07:00:00+00:00,1,long,2008.31,1987.0169999999998,21.29300000000012,close_sma_diff_21.2930,2023-05-02T18:00:00+00:00,2023-05-03T07:00:00+00:00,2008.33,2018.23,9.900000000000091,0.35,9.550000000000091,11.080000000000155,1.5699999999999363,2019.41,2006.76,718
5961,2023-05-03T22:00:00+00:00,2023-05-03T23:00:00+00:00,2023-05-04T12:00:00+00:00,1,long,2034.97,2021.069,13.901000000000067,close_sma_diff_13.9010,2023-05-03T23:00:00+00:00,2023-05-04T12:00:00+00:00,2035.05,2034.1,-0.9500000000000455,0.35,-1.3000000000000456,31.75999999999999,6.029999999999973,2066.81,2029.02,718
5979,2023-05-04T17:00:00+00:00,2023-05-04T18:00:00+00:00,2023-05-05T07:00:00+00:00,1,long,2055.32,2040.775,14.545000000000073,close_sma_diff_14.5450,2023-05-04T18:00:00+00:00,2023-05-05T07:00:00+00:00,2055.29,2049.7,-5.5900000000001455,0.35,-5.940000000000145,0.7300000000000182,11.889999999999873,2056.02,2043.4,718
6000,2023-05-05T15:00:00+00:00,2023-05-05T16:00:00+00:00,2023-05-08T05:00:00+00:00,-1,short,2010.32,2039.476,-29.156000000000176,close_sma_diff_-29.1560,2023-05-05T16:00:00+00:00,2023-05-08T05:00:00+00:00,2010.32,2017.04,-6.720000000000027,0.35,-7.070000000000027,10.809999999999945,8.570000000000164,2018.89,1999.51,716
6069,2023-05-10T15:00:00+00:00,2023-05-10T16:00:00+00:00,2023-05-11T05:00:00+00:00,1,long,2045.54,2031.907,13.633000000000038,close_sma_diff_13.6330,2023-05-10T16:00:00+00:00,2023-05-11T05:00:00+00:00,2045.62,2033.76,-11.8599999999999,0.35,-12.2099999999999,1.1000000000001364,24.069999999999936,2046.72,2021.55,719
6093,2023-05-11T16:00:00+00:00,2023-05-11T17:00:00+00:00,2023-05-12T06:00:00+00:00,-1,short,2012.94,2028.1980000000003,-15.258000000000266,close_sma_diff_-15.2580,2023-05-11T17:00:00+00:00,2023-05-12T06:00:00+00:00,2012.87,2010.81,2.0599999999999454,0.35,1.7099999999999453,4.179999999999836,9.25,2022.12,2008.69,718
6116,2023-05-12T16:00:00+00:00,2023-05-12T17:00:00+00:00,2023-05-15T06:00:00+00:00,1,long,2020.02,2009.47,10.549999999999955,close_sma_diff_10.5500,2023-05-12T17:00:00+00:00,2023-05-15T06:00:00+00:00,2020.02,2013.32,-6.7000000000000455,0.35,-7.050000000000045,1.5,12.740000000000009,2021.52,2007.28,716
6164,2023-05-16T18:00:00+00:00,2023-05-16T19:00:00+00:00,2023-05-17T08:00:00+00:00,-1,short,1996.0,2006.9530000000002,-10.953000000000202,close_sma_diff_-10.9530,2023-05-16T19:00:00+00:00,2023-05-17T08:00:00+00:00,1995.99,1991.4,4.589999999999918,0.35,4.2399999999999185,10.799999999999955,1.0699999999999363,1997.06,1985.19,718
6208,2023-05-18T16:00:00+00:00,2023-05-18T17:00:00+00:00,2023-05-19T06:00:00+00:00,-1,short,1959.86,1974.102,-14.24200000000019,close_sma_diff_-14.2420,2023-05-18T17:00:00+00:00,2023-05-19T06:00:00+00:00,1959.91,1962.63,-2.7200000000000273,0.35,-3.0700000000000274,7.930000000000064,3.339999999999918,1963.25,1951.98,717
6234,2023-05-19T19:00:00+00:00,2023-05-19T20:00:00+00:00,2023-05-22T09:00:00+00:00,1,long,1978.36,1966.23,12.129999999999882,close_sma_diff_12.1300,2023-05-19T20:00:00+00:00,2023-05-22T09:00:00+00:00,1978.37,1973.18,-5.189999999999827,0.35,-5.539999999999827,4.900000000000091,6.009999999999991,1983.27,1972.36,716
6265,2023-05-23T04:00:00+00:00,2023-05-23T05:00:00+00:00,2023-05-23T17:00:00+00:00,-1,short,1960.41,1970.7760000000003,-10.366000000000213,close_sma_diff_-10.3660,2023-05-23T05:00:00+00:00,2023-05-23T17:00:00+00:00,1960.4,1969.27,-8.86999999999989,0.35,-9.21999999999989,6.160000000000082,13.019999999999982,1973.42,1954.24,721
6280,2023-05-23T19:00:00+00:00,2023-05-23T20:00:00+00:00,2023-05-24T09:00:00+00:00,1,long,1973.13,1962.925,10.205000000000155,close_sma_diff_10.2050,2023-05-23T20:00:00+00:00,2023-05-24T09:00:00+00:00,1973.13,1979.46,6.329999999999927,0.35,5.979999999999928,7.4699999999998,1.6200000000001182,1980.6,1971.51,718
6302,2023-05-24T18:00:00+00:00,2023-05-24T19:00:00+00:00,2023-05-25T08:00:00+00:00,-1,short,1963.04,1974.1970000000001,-11.157000000000153,close_sma_diff_-11.1570,2023-05-24T19:00:00+00:00,2023-05-25T08:00:00+00:00,1963.03,1957.68,5.349999999999909,0.35,4.999999999999909,8.039999999999964,2.25,1965.28,1954.99,718
6322,2023-05-25T15:00:00+00:00,2023-05-25T16:00:00+00:00,2023-05-26T05:00:00+00:00,-1,short,1943.6,1958.0220000000002,-14.422000000000253,close_sma_diff_-14.4220,2023-05-25T16:00:00+00:00,2023-05-26T05:00:00+00:00,1943.59,1946.86,-3.269999999999982,0.35,-3.619999999999982,6.829999999999927,10.490000000000009,1954.08,1936.76,718
6386,2023-05-30T12:00:00+00:00,2023-05-30T13:00:00+00:00,2023-05-31T02:00:00+00:00,1,long,1952.93,1942.2069999999999,10.723000000000184,close_sma_diff_10.7230,2023-05-30T13:00:00+00:00,2023-05-31T02:00:00+00:00,1952.93,1958.68,5.75,0.35,5.4,10.61999999999989,1.9200000000000728,1963.55,1951.01,718
6437,2023-06-01T17:00:00+00:00,2023-06-01T18:00:00+00:00,2023-06-02T07:00:00+00:00,1,long,1976.32,1964.852,11.467999999999847,close_sma_diff_11.4680,2023-06-01T18:00:00+00:00,2023-06-02T07:00:00+00:00,1976.28,1982.43,6.150000000000091,0.35,5.800000000000091,7.2000000000000455,2.230000000000018,1983.48,1974.05,718
6459,2023-06-02T16:00:00+00:00,2023-06-02T17:00:00+00:00,2023-06-05T06:00:00+00:00,-1,short,1963.5,1976.6449999999998,-13.144999999999754,close_sma_diff_-13.1450,2023-06-02T17:00:00+00:00,2023-06-05T06:00:00+00:00,1963.5,1944.72,18.779999999999973,0.35,18.42999999999997,19.480000000000018,3.769999999999982,1967.27,1944.02,716
6483,2023-06-05T17:00:00+00:00,2023-06-05T18:00:00+00:00,2023-06-06T07:00:00+00:00,1,long,1957.52,1944.819,12.701000000000022,close_sma_diff_12.7010,2023-06-05T18:00:00+00:00,2023-06-06T07:00:00+00:00,1957.52,1959.33,1.8099999999999454,0.35,1.4599999999999453,7.120000000000118,1.8899999999998727,1964.64,1955.63,718
6530,2023-06-07T18:00:00+00:00,2023-06-07T19:00:00+00:00,2023-06-08T08:00:00+00:00,-1,short,1947.18,1959.688,-12.508000000000038,close_sma_diff_-12.5080,2023-06-07T19:00:00+00:00,2023-06-08T08:00:00+00:00,1947.18,1946.53,0.650000000000091,0.35,0.30000000000009097,7.410000000000082,0.5399999999999636,1947.72,1939.77,718
6550,2023-06-08T15:00:00+00:00,2023-06-08T16:00:00+00:00,2023-06-09T05:00:00+00:00,1,long,1959.37,1947.8379999999997,11.532000000000153,close_sma_diff_11.5320,2023-06-08T16:00:00+00:00,2023-06-09T05:00:00+00:00,1959.34,1964.36,5.019999999999982,0.35,4.669999999999982,11.160000000000082,2.199999999999818,1970.5,1957.14,718
6622,2023-06-13T18:00:00+00:00,2023-06-13T19:00:00+00:00,2023-06-14T08:00:00+00:00,-1,short,1943.17,1959.33,-16.159999999999854,close_sma_diff_-16.1600,2023-06-13T19:00:00+00:00,2023-06-14T08:00:00+00:00,1943.2,1948.7,-5.5,0.35,-5.85,3.150000000000091,6.319999999999936,1949.52,1940.05,718
6650,2023-06-14T23:00:00+00:00,2023-06-15T01:00:00+00:00,2023-06-15T13:00:00+00:00,-1,short,1941.74,1951.961,-10.221000000000004,close_sma_diff_-10.2210,2023-06-15T01:02:00+00:00,2023-06-15T13:00:00+00:00,1942.55,1936.17,6.379999999999882,0.35,6.029999999999882,13.589999999999918,2.7200000000000273,1945.27,1928.96,719
6666,2023-06-15T16:00:00+00:00,2023-06-15T17:00:00+00:00,2023-06-16T06:00:00+00:00,1,long,1952.86,1935.4669999999999,17.39300000000003,close_sma_diff_17.3930,2023-06-15T17:00:00+00:00,2023-06-16T06:00:00+00:00,1952.86,1955.84,2.980000000000018,0.35,2.630000000000018,9.110000000000127,1.4399999999998272,1961.97,1951.42,717
6733,2023-06-20T16:00:00+00:00,2023-06-20T17:00:00+00:00,2023-06-21T06:00:00+00:00,-1,short,1931.91,1949.021,-17.110999999999876,close_sma_diff_-17.1110,2023-06-20T17:00:00+00:00,2023-06-21T06:00:00+00:00,1931.91,1937.33,-5.419999999999845,0.35,-5.769999999999845,2.130000000000109,7.539999999999964,1939.45,1929.78,721
6780,2023-06-22T17:00:00+00:00,2023-06-22T18:00:00+00:00,2023-06-23T07:00:00+00:00,-1,short,1915.4,1926.167,-10.766999999999825,close_sma_diff_-10.7670,2023-06-22T18:00:00+00:00,2023-06-23T07:00:00+00:00,1915.39,1912.74,2.650000000000091,0.35,2.300000000000091,5.400000000000091,3.5799999999999272,1918.97,1909.99,721
6801,2023-06-23T15:00:00+00:00,2023-06-23T16:00:00+00:00,2023-06-26T05:00:00+00:00,1,long,1928.9,1917.702,11.198000000000093,close_sma_diff_11.1980,2023-06-23T16:00:00+00:00,2023-06-26T05:00:00+00:00,1928.96,1924.87,-4.0900000000001455,0.35,-4.440000000000145,8.509999999999991,11.039999999999964,1937.47,1917.92,721
6919,2023-06-30T18:00:00+00:00,2023-06-30T19:00:00+00:00,2023-07-03T08:00:00+00:00,1,long,1919.05,1908.791,10.259000000000015,close_sma_diff_10.2590,2023-06-30T19:00:00+00:00,2023-07-03T08:00:00+00:00,1919.05,1919.67,0.6200000000001182,0.35,0.27000000000011826,3.75,4.470000000000027,1922.8,1914.58,716
6941,2023-07-03T17:00:00+00:00,2023-07-03T18:00:00+00:00,2023-07-04T07:00:00+00:00,1,long,1930.16,1917.3970000000002,12.76299999999992,close_sma_diff_12.7630,2023-07-03T18:00:00+00:00,2023-07-04T07:00:00+00:00,1930.16,1923.05,-7.110000000000127,0.35,-7.460000000000127,0.2300000000000182,10.420000000000073,1930.39,1919.74,718
7006,2023-07-06T15:00:00+00:00,2023-07-06T16:00:00+00:00,2023-07-07T05:00:00+00:00,-1,short,1906.28,1918.8620000000003,-12.582000000000335,close_sma_diff_-12.5820,2023-07-06T16:00:00+00:00,2023-07-07T05:00:00+00:00,1906.34,1910.27,-3.9300000000000637,0.35,-4.280000000000063,3.599999999999909,8.690000000000055,1915.03,1902.74,718
7031,2023-07-07T17:00:00+00:00,2023-07-07T18:00:00+00:00,2023-07-10T07:00:00+00:00,1,long,1933.72,1918.357,15.363000000000056,close_sma_diff_15.3630,2023-07-07T18:00:00+00:00,2023-07-10T07:00:00+00:00,1933.69,1923.78,-9.910000000000082,0.35,-10.260000000000081,1.2799999999999727,11.120000000000118,1934.97,1922.57,716
7099,2023-07-12T16:00:00+00:00,2023-07-12T17:00:00+00:00,2023-07-13T06:00:00+00:00,1,long,1955.9,1938.55,17.350000000000136,close_sma_diff_17.3500,2023-07-12T17:00:00+00:00,2023-07-13T06:00:00+00:00,1956.02,1960.08,4.059999999999945,0.35,3.7099999999999453,5.720000000000027,3.369999999999891,1961.74,1952.65,718
7192,2023-07-18T17:00:00+00:00,2023-07-18T18:00:00+00:00,2023-07-19T07:00:00+00:00,1,long,1982.8,1965.6109999999996,17.189000000000306,close_sma_diff_17.1890,2023-07-18T18:00:00+00:00,2023-07-19T07:00:00+00:00,1982.8,1975.49,-7.309999999999945,0.35,-7.659999999999945,1.5599999999999454,8.3599999999999,1984.36,1974.44,717
7351,2023-07-27T15:00:00+00:00,2023-07-27T16:00:00+00:00,2023-07-28T05:00:00+00:00,-1,short,1960.13,1975.166,-15.03599999999983,close_sma_diff_-15.0360,2023-07-27T16:00:00+00:00,2023-07-28T05:00:00+00:00,1960.17,1950.7,9.470000000000027,0.35,9.120000000000028,17.600000000000136,0.2400000000000091,1960.41,1942.57,718
7398,2023-07-31T16:00:00+00:00,2023-07-31T17:00:00+00:00,2023-08-01T06:00:00+00:00,1,long,1971.41,1958.414,12.996000000000095,close_sma_diff_12.9960,2023-07-31T17:00:00+00:00,2023-08-01T06:00:00+00:00,1971.39,1960.67,-10.720000000000027,0.35,-11.070000000000027,0.9299999999998363,12.400000000000091,1972.32,1958.99,717
7445,2023-08-02T17:00:00+00:00,2023-08-02T18:00:00+00:00,2023-08-03T07:00:00+00:00,-1,short,1935.91,1947.5910000000003,-11.681000000000267,close_sma_diff_-11.6810,2023-08-02T18:00:00+00:00,2023-08-03T07:00:00+00:00,1935.5,1937.64,-2.1400000000001,0.35,-2.4900000000001,2.5599999999999454,3.619999999999891,1939.12,1932.94,718
7789,2023-08-23T16:00:00+00:00,2023-08-23T17:00:00+00:00,2023-08-24T06:00:00+00:00,1,long,1917.94,1904.729,13.211000000000013,close_sma_diff_13.2110,2023-08-23T17:00:00+00:00,2023-08-24T06:00:00+00:00,1917.99,1919.98,1.990000000000009,0.35,1.640000000000009,2.900000000000091,3.6900000000000546,1920.89,1914.3,720
7836,2023-08-25T17:00:00+00:00,2023-08-25T18:00:00+00:00,2023-08-28T07:00:00+00:00,-1,short,1904.67,1914.682,-10.011999999999944,close_sma_diff_-10.0120,2023-08-25T18:00:00+00:00,2023-08-28T07:00:00+00:00,1904.58,1916.08,-11.5,0.35,-11.85,0.599999999999909,12.850000000000136,1917.43,1903.98,718
7882,2023-08-29T17:00:00+00:00,2023-08-29T18:00:00+00:00,2023-08-30T07:00:00+00:00,1,long,1934.14,1922.766,11.374000000000024,close_sma_diff_11.3740,2023-08-29T18:00:00+00:00,2023-08-30T07:00:00+00:00,1934.16,1936.84,2.6799999999998363,0.35,2.329999999999836,4.039999999999964,1.4800000000000182,1938.2,1932.68,720
8248,2023-09-20T17:00:00+00:00,2023-09-20T18:00:00+00:00,2023-09-21T07:00:00+00:00,1,long,1944.01,1933.2780000000002,10.731999999999744,close_sma_diff_10.7320,2023-09-20T18:00:00+00:00,2023-09-21T07:00:00+00:00,1944.01,1928.03,-15.980000000000018,0.35,-16.33000000000002,3.410000000000082,19.809999999999945,1947.42,1924.2,720
8364,2023-09-27T18:00:00+00:00,2023-09-27T19:00:00+00:00,2023-09-28T08:00:00+00:00,-1,short,1881.49,1891.8539999999998,-10.363999999999805,close_sma_diff_-10.3640,2023-09-27T19:00:00+00:00,2023-09-28T08:00:00+00:00,1881.5,1874.81,6.690000000000055,0.35,6.340000000000055,8.950000000000045,0.10999999999989996,1881.61,1872.55,720
8410,2023-09-29T18:00:00+00:00,2023-09-29T19:00:00+00:00,2023-10-02T08:00:00+00:00,-1,short,1854.79,1869.0859999999998,-14.295999999999822,close_sma_diff_-14.2960,2023-09-29T19:00:00+00:00,2023-10-02T08:00:00+00:00,1854.78,1842.52,12.259999999999991,0.35,11.909999999999991,12.420000000000073,1.7100000000000364,1856.49,1842.36,718
8525,2023-10-06T18:00:00+00:00,2023-10-06T19:00:00+00:00,2023-10-09T08:00:00+00:00,1,long,1832.63,1821.9699999999998,10.66000000000031,close_sma_diff_10.6600,2023-10-06T19:00:00+00:00,2023-10-09T08:00:00+00:00,1832.63,1850.72,18.089999999999918,0.35,17.739999999999917,22.9699999999998,3.8200000000001637,1855.6,1828.81,718
8552,2023-10-09T22:00:00+00:00,2023-10-09T23:00:00+00:00,2023-10-10T12:00:00+00:00,1,long,1863.3,1852.216,11.08400000000006,close_sma_diff_11.0840,2023-10-09T23:00:00+00:00,2023-10-10T12:00:00+00:00,1863.28,1858.37,-4.910000000000082,0.35,-5.2600000000000815,2.089999999999918,8.099999999999909,1865.37,1855.18,720
8634,2023-10-13T12:00:00+00:00,2023-10-13T13:00:00+00:00,2023-10-16T02:00:00+00:00,1,long,1887.6,1877.5699999999997,10.0300000000002,close_sma_diff_10.0300,2023-10-13T13:00:00+00:00,2023-10-16T02:00:00+00:00,1887.61,1924.17,36.56000000000017,0.35,36.21000000000017,44.80000000000018,0.9499999999998181,1932.41,1886.66,718
8654,2023-10-16T09:00:00+00:00,2023-10-16T10:00:00+00:00,2023-10-16T22:00:00+00:00,-1,short,1909.97,1921.0420000000001,-11.072000000000116,close_sma_diff_-11.0720,2023-10-16T10:00:00+00:00,2023-10-16T22:00:00+00:00,1909.95,1919.1,-9.149999999999864,0.35,-9.499999999999863,1.75,14.680000000000064,1924.63,1908.2,721
8695,2023-10-18T04:00:00+00:00,2023-10-18T05:00:00+00:00,2023-10-18T17:00:00+00:00,1,long,1939.06,1925.461,13.598999999999933,close_sma_diff_13.5990,2023-10-18T05:00:00+00:00,2023-10-18T17:00:00+00:00,1939.1,1957.0,17.90000000000009,0.35,17.55000000000009,23.570000000000164,3.980000000000018,1962.67,1935.12,721
8734,2023-10-19T20:00:00+00:00,2023-10-19T21:00:00+00:00,2023-10-20T10:00:00+00:00,1,long,1972.73,1955.409,17.320999999999913,close_sma_diff_17.3210,2023-10-19T21:00:00+00:00,2023-10-20T10:00:00+00:00,1972.74,1979.42,6.680000000000064,0.35,6.330000000000064,9.379999999999882,2.0799999999999272,1982.12,1970.66,720
8762,2023-10-23T02:00:00+00:00,2023-10-23T03:00:00+00:00,2023-10-23T15:00:00+00:00,-1,short,1971.59,1982.3619999999999,-10.771999999999935,close_sma_diff_-10.7720,2023-10-23T03:00:00+00:00,2023-10-23T15:00:00+00:00,1971.59,1978.67,-7.080000000000155,0.35,-7.430000000000154,7.209999999999809,11.220000000000027,1982.81,1964.38,721
8796,2023-10-24T13:00:00+00:00,2023-10-24T14:00:00+00:00,2023-10-25T03:00:00+00:00,-1,short,1961.85,1973.741,-11.891000000000076,close_sma_diff_-11.8910,2023-10-24T14:00:00+00:00,2023-10-25T03:00:00+00:00,1961.86,1972.71,-10.850000000000136,0.35,-11.200000000000136,8.36999999999989,15.730000000000018,1977.59,1953.49,720
8822,2023-10-25T16:00:00+00:00,2023-10-25T17:00:00+00:00,2023-10-26T06:00:00+00:00,1,long,1985.16,1973.687,11.473000000000184,close_sma_diff_11.4730,2023-10-25T17:00:00+00:00,2023-10-26T06:00:00+00:00,1985.12,1984.66,-0.459999999999809,0.35,-0.809999999999809,1.7800000000002,22.159999999999854,1986.9,1962.96,720
8872,2023-10-27T20:00:00+00:00,2023-10-27T21:00:00+00:00,2023-10-30T09:00:00+00:00,1,long,1996.74,1984.1190000000001,12.620999999999867,close_sma_diff_12.6210,2023-10-27T21:00:00+00:00,2023-10-30T09:00:00+00:00,1996.76,1995.54,-1.2200000000000273,0.35,-1.5700000000000274,12.710000000000036,1.8299999999999272,2009.47,1994.93,718
8918,2023-10-31T19:00:00+00:00,2023-10-31T20:00:00+00:00,2023-11-01T09:00:00+00:00,-1,short,1984.15,1996.083,-11.932999999999993,close_sma_diff_-11.9330,2023-10-31T20:00:00+00:00,2023-11-01T09:00:00+00:00,1984.16,1980.09,4.070000000000164,0.35,3.7200000000001636,9.050000000000182,2.6099999999999,1986.77,1975.11,720
8982,2023-11-03T14:00:00+00:00,2023-11-03T15:00:00+00:00,2023-11-06T05:00:00+00:00,1,long,2000.18,1988.6779999999999,11.50200000000018,close_sma_diff_11.5020,2023-11-03T15:00:00+00:00,2023-11-06T05:00:00+00:00,2000.21,1987.02,-13.190000000000055,0.35,-13.540000000000054,1.5599999999999454,13.789999999999964,2001.77,1986.42,718
9076,2023-11-09T17:00:00+00:00,2023-11-09T18:00:00+00:00,2023-11-10T07:00:00+00:00,1,long,1963.0,1950.7329999999997,12.26700000000028,close_sma_diff_12.2670,2023-11-09T18:00:00+00:00,2023-11-10T07:00:00+00:00,1962.99,1957.38,-5.6099999999999,0.35,-5.9599999999999,2.650000000000091,6.819999999999936,1965.64,1956.17,720
9144,2023-11-14T16:00:00+00:00,2023-11-14T17:00:00+00:00,2023-11-15T06:00:00+00:00,1,long,1967.76,1948.725,19.035000000000082,close_sma_diff_19.0350,2023-11-14T17:00:00+00:00,2023-11-15T06:00:00+00:00,1967.76,1966.77,-0.9900000000000091,0.35,-1.3400000000000092,1.3900000000001,6.240000000000009,1969.15,1961.52,720
9167,2023-11-15T16:00:00+00:00,2023-11-15T17:00:00+00:00,2023-11-16T06:00:00+00:00,-1,short,1957.46,1969.027,-11.567000000000007,close_sma_diff_-11.5670,2023-11-15T17:00:00+00:00,2023-11-16T06:00:00+00:00,1957.48,1961.21,-3.730000000000018,0.35,-4.080000000000018,1.0699999999999363,6.930000000000064,1964.41,1956.41,720
9190,2023-11-16T16:00:00+00:00,2023-11-16T17:00:00+00:00,2023-11-17T06:00:00+00:00,1,long,1979.71,1967.67,12.039999999999964,close_sma_diff_12.0400,2023-11-16T17:00:00+00:00,2023-11-17T06:00:00+00:00,1979.71,1986.85,7.139999999999873,0.35,6.789999999999873,8.200000000000045,0.5599999999999454,1987.91,1979.15,720
9246,2023-11-21T03:00:00+00:00,2023-11-21T04:00:00+00:00,2023-11-21T16:00:00+00:00,1,long,1990.05,1978.914,11.135999999999967,close_sma_diff_11.1360,2023-11-21T04:00:00+00:00,2023-11-21T16:00:00+00:00,1990.05,1998.1,8.049999999999955,0.35,7.699999999999955,10.299999999999955,5.769999999999982,2000.35,1984.28,721
9260,2023-11-21T17:00:00+00:00,2023-11-21T18:00:00+00:00,2023-11-22T07:00:00+00:00,1,long,2004.24,1992.839,11.401000000000067,close_sma_diff_11.4010,2023-11-21T18:00:00+00:00,2023-11-22T07:00:00+00:00,2004.26,1999.05,-5.210000000000036,0.35,-5.560000000000036,1.0599999999999454,8.789999999999964,2005.32,1995.47,720
9333,2023-11-27T03:00:00+00:00,2023-11-27T04:00:00+00:00,2023-11-27T16:00:00+00:00,1,long,2011.97,2001.3940000000002,10.575999999999794,close_sma_diff_10.5760,2023-11-27T04:00:00+00:00,2023-11-27T16:00:00+00:00,2011.98,2011.32,-0.6600000000000819,0.35,-1.010000000000082,4.400000000000091,4.569999999999936,2016.38,2007.41,721
9370,2023-11-28T17:00:00+00:00,2023-11-28T18:00:00+00:00,2023-11-29T07:00:00+00:00,1,long,2030.85,2018.2930000000001,12.556999999999789,close_sma_diff_12.5570,2023-11-28T18:00:00+00:00,2023-11-29T07:00:00+00:00,2030.8,2046.21,15.410000000000082,0.35,15.060000000000082,21.189999999999827,0.38999999999987267,2051.99,2030.41,720
9440,2023-12-01T18:00:00+00:00,2023-12-01T19:00:00+00:00,2023-12-04T08:00:00+00:00,1,long,2058.81,2043.6240000000003,15.185999999999694,close_sma_diff_15.1860,2023-12-01T19:00:00+00:00,2023-12-04T08:00:00+00:00,2058.73,2086.71,27.980000000000018,0.35,27.630000000000017,86.03999999999996,1.3600000000001273,2144.77,2057.37,718
9454,2023-12-04T09:00:00+00:00,2023-12-04T10:00:00+00:00,2023-12-04T22:00:00+00:00,-1,short,2063.22,2085.7529999999997,-22.5329999999999,close_sma_diff_-22.5330,2023-12-04T10:00:00+00:00,2023-12-04T22:00:00+00:00,2063.46,2031.02,32.440000000000055,0.35,32.09000000000005,43.32999999999993,12.590000000000146,2076.05,2020.13,721
9484,2023-12-05T16:00:00+00:00,2023-12-05T17:00:00+00:00,2023-12-06T06:00:00+00:00,-1,short,2016.51,2028.253,-11.742999999999938,close_sma_diff_-11.7430,2023-12-05T17:00:00+00:00,2023-12-06T06:00:00+00:00,2021.03,2023.16,-2.130000000000109,0.35,-2.4800000000001092,11.230000000000018,5.75,2026.78,2009.8,720
9500,2023-12-06T09:00:00+00:00,2023-12-06T10:00:00+00:00,2023-12-06T22:00:00+00:00,1,long,2034.16,2023.2369999999999,10.92300000000023,close_sma_diff_10.9230,2023-12-06T10:00:00+00:00,2023-12-06T22:00:00+00:00,2034.05,2029.65,-4.399999999999864,0.35,-4.749999999999863,0.7999999999999545,13.86999999999989,2034.85,2020.18,721
9553,2023-12-08T16:00:00+00:00,2023-12-08T17:00:00+00:00,2023-12-11T06:00:00+00:00,-1,short,2008.48,2026.232,-17.751999999999953,close_sma_diff_-17.7520,2023-12-08T17:00:00+00:00,2023-12-11T06:00:00+00:00,2008.65,1996.7,11.950000000000045,0.35,11.600000000000046,14.070000000000164,6.209999999999809,2014.86,1994.58,718
9577,2023-12-11T17:00:00+00:00,2023-12-11T18:00:00+00:00,2023-12-12T07:00:00+00:00,-1,short,1982.35,1992.8229999999999,-10.472999999999956,close_sma_diff_-10.4730,2023-12-11T18:00:00+00:00,2023-12-12T07:00:00+00:00,1982.36,1986.04,-3.6800000000000637,0.35,-4.030000000000063,6.579999999999927,7.009999999999991,1989.37,1975.78,720
9627,2023-12-13T21:00:00+00:00,2023-12-13T22:00:00+00:00,2023-12-14T11:00:00+00:00,1,long,2013.57,1985.441,28.128999999999905,close_sma_diff_28.1290,2023-12-13T22:00:00+00:00,2023-12-14T11:00:00+00:00,2013.57,2036.73,23.160000000000082,0.35,22.81000000000008,26.779999999999973,1.0399999999999636,2040.35,2012.53,720
9672,2023-12-15T20:00:00+00:00,2023-12-15T21:00:00+00:00,2023-12-18T10:00:00+00:00,-1,short,2019.53,2035.361,-15.831000000000131,close_sma_diff_-15.8310,2023-12-15T21:00:00+00:00,2023-12-18T10:00:00+00:00,2019.63,2022.07,-2.439999999999827,0.35,-2.7899999999998273,4.150000000000091,5.229999999999791,2024.86,2015.48,718
9714,2023-12-19T16:00:00+00:00,2023-12-19T17:00:00+00:00,2023-12-20T06:00:00+00:00,1,long,2041.29,2027.986,13.30399999999986,close_sma_diff_13.3040,2023-12-19T17:00:00+00:00,2023-12-20T06:00:00+00:00,2041.3,2040.5,-0.7999999999999545,0.35,-1.1499999999999546,5.730000000000018,4.730000000000018,2047.03,2036.57,720
9782,2023-12-22T15:00:00+00:00,2023-12-22T16:00:00+00:00,2023-12-26T05:00:00+00:00,1,long,2067.13,2054.393,12.73700000000008,close_sma_diff_12.7370,2023-12-22T16:00:00+00:00,2023-12-26T05:00:00+00:00,2067.14,2064.62,-2.519999999999982,0.35,-2.869999999999982,3.5599999999999454,16.129999999999654,2070.7,2051.01,718
9830,2023-12-27T17:00:00+00:00,2023-12-27T18:00:00+00:00,2023-12-28T07:00:00+00:00,1,long,2078.78,2068.4139999999998,10.36600000000044,close_sma_diff_10.3660,2023-12-27T18:00:00+00:00,2023-12-28T07:00:00+00:00,2078.79,2086.57,7.7800000000002,0.35,7.4300000000002004,9.720000000000255,3.0099999999997635,2088.51,2075.78,719
9899,2024-01-02T17:00:00+00:00,2024-01-02T18:00:00+00:00,2024-01-03T07:00:00+00:00,-1,short,2059.31,2070.6949999999997,-11.384999999999764,close_sma_diff_-11.3850,2024-01-02T18:00:00+00:00,2024-01-03T07:00:00+00:00,2059.32,2064.62,-5.299999999999727,0.35,-5.649999999999727,1.4900000000002365,8.379999999999654,2067.7,2057.83,720
9918,2024-01-03T13:00:00+00:00,2024-01-03T14:00:00+00:00,2024-01-04T03:00:00+00:00,-1,short,2047.7,2060.52,-12.819999999999936,close_sma_diff_-12.8200,2024-01-03T14:00:00+00:00,2024-01-04T03:00:00+00:00,2047.69,2041.57,6.120000000000118,0.35,5.770000000000119,17.200000000000045,1.1100000000001273,2048.8,2030.49,720
9968,2024-01-05T17:00:00+00:00,2024-01-05T18:00:00+00:00,2024-01-08T07:00:00+00:00,1,long,2054.88,2042.8310000000001,12.048999999999978,close_sma_diff_12.0490,2024-01-05T18:00:00+00:00,2024-01-08T07:00:00+00:00,2054.89,2035.57,-19.319999999999936,0.35,-19.669999999999938,1.4500000000002728,19.929999999999836,2056.34,2034.96,718
9987,2024-01-08T13:00:00+00:00,2024-01-08T14:00:00+00:00,2024-01-09T03:00:00+00:00,-1,short,2019.98,2031.298,-11.317999999999984,close_sma_diff_-11.3180,2024-01-08T14:00:00+00:00,2024-01-09T03:00:00+00:00,2019.98,2034.82,-14.839999999999918,0.35,-15.189999999999918,1.6700000000000728,16.970000000000027,2036.95,2018.31,720
10061,2024-01-11T18:00:00+00:00,2024-01-11T19:00:00+00:00,2024-01-12T08:00:00+00:00,-1,short,2016.53,2029.9640000000004,-13.434000000000424,close_sma_diff_-13.4340,2024-01-11T19:00:00+00:00,2024-01-12T08:00:00+00:00,2016.52,2035.98,-19.460000000000036,0.35,-19.810000000000038,3.3599999999999,20.690000000000055,2037.21,2013.16,720
10081,2024-01-12T15:00:00+00:00,2024-01-12T16:00:00+00:00,2024-01-15T05:00:00+00:00,1,long,2056.02,2041.502,14.518000000000029,close_sma_diff_14.5180,2024-01-12T16:00:00+00:00,2024-01-15T05:00:00+00:00,2056.03,2055.83,-0.20000000000027285,0.35,-0.5500000000002728,6.299999999999727,14.740000000000236,2062.33,2041.29,718
10129,2024-01-16T19:00:00+00:00,2024-01-16T20:00:00+00:00,2024-01-17T09:00:00+00:00,-1,short,2025.25,2037.925,-12.674999999999955,close_sma_diff_-12.6750,2024-01-16T20:00:00+00:00,2024-01-17T09:00:00+00:00,2025.25,2018.97,6.279999999999973,0.35,5.929999999999973,7.759999999999991,7.75,2033.0,2017.49,721
10149,2024-01-17T16:00:00+00:00,2024-01-17T17:00:00+00:00,2024-01-18T06:00:00+00:00,-1,short,2012.3,2022.3719999999998,-10.071999999999889,close_sma_diff_-10.0720,2024-01-17T17:00:00+00:00,2024-01-18T06:00:00+00:00,2012.29,2008.02,4.269999999999982,0.35,3.9199999999999817,10.6099999999999,1.8299999999999272,2014.12,2001.68,720
10265,2024-01-24T17:00:00+00:00,2024-01-24T18:00:00+00:00,2024-01-25T07:00:00+00:00,-1,short,2015.14,2028.9360000000001,-13.79600000000005,close_sma_diff_-13.7960,2024-01-24T18:00:00+00:00,2024-01-25T07:00:00+00:00,2015.14,2015.9,-0.7599999999999909,0.35,-1.109999999999991,4.080000000000155,4.729999999999791,2019.87,2011.06,720
10379,2024-01-31T16:00:00+00:00,2024-01-31T17:00:00+00:00,2024-02-01T06:00:00+00:00,1,long,2051.68,2038.941,12.738999999999805,close_sma_diff_12.7390,2024-01-31T17:00:00+00:00,2024-02-01T06:00:00+00:00,2051.68,2046.22,-5.459999999999809,0.35,-5.809999999999809,4.390000000000327,20.889999999999873,2056.07,2030.79,720
10398,2024-02-01T12:00:00+00:00,2024-02-01T13:00:00+00:00,2024-02-02T02:00:00+00:00,-1,short,2031.96,2042.613,-10.65300000000002,close_sma_diff_-10.6530,2024-02-01T13:00:00+00:00,2024-02-02T02:00:00+00:00,2031.97,2054.96,-22.99000000000001,0.35,-23.34000000000001,2.0399999999999636,33.569999999999936,2065.54,2029.93,720
10424,2024-02-02T15:00:00+00:00,2024-02-02T16:00:00+00:00,2024-02-05T05:00:00+00:00,-1,short,2031.77,2052.57,-20.800000000000182,close_sma_diff_-20.8000,2024-02-02T16:00:00+00:00,2024-02-05T05:00:00+00:00,2031.78,2033.03,-1.25,0.35,-1.6,4.0499999999999545,10.509999999999991,2042.29,2027.73,718
10585,2024-02-13T15:00:00+00:00,2024-02-13T16:00:00+00:00,2024-02-14T05:00:00+00:00,-1,short,2004.46,2022.797,-18.33699999999999,close_sma_diff_-18.3370,2024-02-13T16:00:00+00:00,2024-02-14T05:00:00+00:00,2004.45,1992.01,12.440000000000055,0.35,12.090000000000055,15.700000000000045,1.5299999999999727,2005.98,1988.75,720
10770,2024-02-23T18:00:00+00:00,2024-02-23T19:00:00+00:00,2024-02-26T08:00:00+00:00,1,long,2038.32,2025.4149999999997,12.9050000000002,close_sma_diff_12.9050,2024-02-23T19:00:00+00:00,2024-02-26T08:00:00+00:00,2038.32,2032.57,-5.75,0.35,-6.1,3.0700000000001637,8.509999999999991,2041.39,2029.81,718
10859,2024-02-29T15:00:00+00:00,2024-02-29T16:00:00+00:00,2024-03-01T05:00:00+00:00,1,long,2047.52,2035.5600000000002,11.959999999999809,close_sma_diff_11.9600,2024-02-29T16:00:00+00:00,2024-03-01T05:00:00+00:00,2047.51,2045.4,-2.1099999999999,0.35,-2.4599999999999,3.270000000000209,4.829999999999927,2050.78,2042.68,720
10884,2024-03-01T17:00:00+00:00,2024-03-01T18:00:00+00:00,2024-03-04T07:00:00+00:00,1,long,2069.05,2050.814,18.23600000000033,close_sma_diff_18.2360,2024-03-01T18:00:00+00:00,2024-03-04T07:00:00+00:00,2069.05,2080.78,11.730000000000018,0.35,11.380000000000019,19.329999999999927,0.0,2088.38,2069.05,718
10906,2024-03-04T16:00:00+00:00,2024-03-04T17:00:00+00:00,2024-03-05T06:00:00+00:00,1,long,2100.84,2086.212,14.628000000000156,close_sma_diff_14.6280,2024-03-04T17:00:00+00:00,2024-03-05T06:00:00+00:00,2100.85,2112.94,12.090000000000146,0.35,11.740000000000146,19.090000000000146,3.349999999999909,2119.94,2097.5,720
10951,2024-03-06T15:00:00+00:00,2024-03-06T16:00:00+00:00,2024-03-07T05:00:00+00:00,1,long,2139.34,2129.264,10.076000000000022,close_sma_diff_10.0760,2024-03-06T16:00:00+00:00,2024-03-07T05:00:00+00:00,2139.36,2150.89,11.529999999999745,0.35,11.179999999999746,12.909999999999854,7.230000000000018,2152.27,2132.13,720
11000,2024-03-08T18:00:00+00:00,2024-03-08T19:00:00+00:00,2024-03-11T07:00:00+00:00,1,long,2180.61,2169.799,10.81100000000015,close_sma_diff_10.8110,2024-03-08T19:00:00+00:00,2024-03-11T07:00:00+00:00,2180.67,2180.2,-0.47000000000025466,0.35,-0.8200000000002546,14.549999999999727,12.430000000000291,2195.22,2168.24,718
11044,2024-03-12T15:00:00+00:00,2024-03-12T16:00:00+00:00,2024-03-13T05:00:00+00:00,-1,short,2160.36,2174.0119999999997,-13.651999999999589,close_sma_diff_-13.6520,2024-03-12T16:00:00+00:00,2024-03-13T05:00:00+00:00,2160.49,2160.11,0.3799999999996544,0.35,0.029999999999654414,9.989999999999782,5.960000000000036,2166.45,2150.5,720
11187,2024-03-20T20:00:00+00:00,2024-03-20T21:00:00+00:00,2024-03-21T10:00:00+00:00,1,long,2181.83,2158.354,23.476000000000113,close_sma_diff_23.4760,2024-03-20T21:00:00+00:00,2024-03-21T10:00:00+00:00,2182.07,2206.22,24.149999999999636,0.35,23.799999999999635,40.57999999999993,3.5700000000001637,2222.65,2178.5,719
11205,2024-03-21T15:00:00+00:00,2024-03-21T16:00:00+00:00,2024-03-22T05:00:00+00:00,-1,short,2191.81,2204.346,-12.536000000000058,close_sma_diff_-12.5360,2024-03-21T16:00:00+00:00,2024-03-22T05:00:00+00:00,2191.22,2172.97,18.25,0.35,17.9,24.789999999999964,0.7000000000002728,2191.92,2166.43,720
11270,2024-03-26T11:00:00+00:00,2024-03-26T12:00:00+00:00,2024-03-27T01:00:00+00:00,1,long,2190.89,2174.315,16.574999999999818,close_sma_diff_16.5750,2024-03-26T12:00:00+00:00,2024-03-27T01:00:00+00:00,2190.81,2178.21,-12.599999999999909,0.35,-12.949999999999909,9.220000000000255,19.139999999999873,2200.03,2171.67,720
11293,2024-03-27T11:00:00+00:00,2024-03-27T12:00:00+00:00,2024-03-28T01:00:00+00:00,1,long,2189.17,2178.631,10.539000000000215,close_sma_diff_10.5390,2024-03-27T12:00:00+00:00,2024-03-28T01:00:00+00:00,2188.97,2191.54,2.5700000000001637,0.35,2.2200000000001636,8.580000000000382,5.4699999999998,2197.55,2183.5,720
11317,2024-03-28T12:00:00+00:00,2024-03-28T13:00:00+00:00,2024-04-01T03:00:00+00:00,1,long,2212.2,2196.8810000000003,15.318999999999505,close_sma_diff_15.3190,2024-03-28T13:00:00+00:00,2024-04-01T03:00:00+00:00,2212.34,2244.37,32.029999999999745,0.35,31.679999999999744,34.98000000000002,10.100000000000364,2247.32,2202.24,720
11331,2024-04-01T04:00:00+00:00,2024-04-01T05:00:00+00:00,2024-04-01T17:00:00+00:00,1,long,2255.79,2232.183,23.60699999999997,close_sma_diff_23.6070,2024-04-01T05:00:00+00:00,2024-04-01T17:00:00+00:00,2255.79,2239.8,-15.989999999999782,0.35,-16.339999999999783,9.820000000000164,17.2199999999998,2265.61,2238.57,721
11372,2024-04-02T22:00:00+00:00,2024-04-02T23:00:00+00:00,2024-04-03T12:00:00+00:00,1,long,2277.45,2263.969,13.480999999999767,close_sma_diff_13.4810,2024-04-02T23:00:00+00:00,2024-04-03T12:00:00+00:00,2277.42,2273.34,-4.079999999999927,0.35,-4.429999999999927,10.819999999999709,9.75,2288.24,2267.67,720
11392,2024-04-03T19:00:00+00:00,2024-04-03T20:00:00+00:00,2024-04-04T09:00:00+00:00,1,long,2293.96,2277.56,16.40000000000009,close_sma_diff_16.4000,2024-04-03T20:00:00+00:00,2024-04-04T09:00:00+00:00,2293.8,2295.72,1.919999999999618,0.35,1.569999999999618,10.909999999999854,4.910000000000309,2304.71,2288.89,720
11417,2024-04-04T21:00:00+00:00,2024-04-04T22:00:00+00:00,2024-04-05T11:00:00+00:00,1,long,2304.06,2292.475,11.585000000000036,close_sma_diff_11.5850,2024-04-04T22:00:00+00:00,2024-04-05T11:00:00+00:00,2304.04,2288.97,-15.070000000000164,0.35,-15.420000000000163,0.6300000000001091,36.289999999999964,2304.67,2267.75,720
11432,2024-04-05T13:00:00+00:00,2024-04-05T14:00:00+00:00,2024-04-08T03:00:00+00:00,1,long,2293.94,2282.122,11.818000000000211,close_sma_diff_11.8180,2024-04-05T14:00:00+00:00,2024-04-08T03:00:00+00:00,2293.94,2309.53,15.590000000000146,0.35,15.240000000000146,36.5,13.679999999999836,2330.44,2280.26,718
11447,2024-04-08T05:00:00+00:00,2024-04-08T06:00:00+00:00,2024-04-08T18:00:00+00:00,1,long,2347.96,2322.781,25.179000000000087,close_sma_diff_25.1790,2024-04-08T06:00:00+00:00,2024-04-08T18:00:00+00:00,2348.02,2327.66,-20.360000000000127,0.35,-20.71000000000013,1.9400000000000546,29.40000000000009,2349.96,2318.62,721
11475,2024-04-09T10:00:00+00:00,2024-04-09T11:00:00+00:00,2024-04-09T23:00:00+00:00,1,long,2353.94,2343.486,10.454000000000178,close_sma_diff_10.4540,2024-04-09T11:00:00+00:00,2024-04-09T23:00:00+00:00,2353.94,2350.9,-3.0399999999999636,0.35,-3.3899999999999637,11.340000000000146,15.710000000000036,2365.28,2338.23,721
11503,2024-04-10T15:00:00+00:00,2024-04-10T16:00:00+00:00,2024-04-11T05:00:00+00:00,-1,short,2338.37,2350.9010000000003,-12.531000000000404,close_sma_diff_-12.5310,2024-04-10T16:00:00+00:00,2024-04-11T05:00:00+00:00,2338.41,2340.14,-1.7300000000000182,0.35,-2.0800000000000183,18.980000000000018,13.860000000000127,2352.27,2319.43,720
11522,2024-04-11T11:00:00+00:00,2024-04-11T12:00:00+00:00,2024-04-12T01:00:00+00:00,-1,short,2328.0,2338.419,-10.418999999999869,close_sma_diff_-10.4190,2024-04-11T12:00:00+00:00,2024-04-12T01:00:00+00:00,2327.98,2371.49,-43.50999999999976,0.35,-43.859999999999765,0.07000000000016371,49.659999999999854,2377.64,2327.91,720
11536,2024-04-12T02:00:00+00:00,2024-04-12T03:00:00+00:00,2024-04-12T15:00:00+00:00,1,long,2376.78,2359.023,17.757000000000062,close_sma_diff_17.7570,2024-04-12T03:00:00+00:00,2024-04-12T15:00:00+00:00,2376.77,2394.96,18.190000000000055,0.35,17.840000000000053,23.769999999999982,2.1900000000000546,2400.54,2374.58,721
11551,2024-04-12T17:00:00+00:00,2024-04-12T18:00:00+00:00,2024-04-15T07:00:00+00:00,1,long,2426.68,2399.6629999999996,27.01700000000028,close_sma_diff_27.0170,2024-04-12T18:00:00+00:00,2024-04-15T07:00:00+00:00,2426.59,2357.86,-68.73000000000002,0.35,-69.08000000000001,4.849999999999909,92.73000000000002,2431.44,2333.86,718
11577,2024-04-15T20:00:00+00:00,2024-04-15T21:00:00+00:00,2024-04-16T10:00:00+00:00,1,long,2365.56,2354.517,11.04300000000012,close_sma_diff_11.0430,2024-04-15T21:00:00+00:00,2024-04-16T10:00:00+00:00,2365.46,2373.32,7.860000000000127,0.35,7.510000000000128,26.61999999999989,1.7800000000002,2392.08,2363.68,720
11591,2024-04-16T11:00:00+00:00,2024-04-16T12:00:00+00:00,2024-04-17T01:00:00+00:00,-1,short,2369.38,2380.3329999999996,-10.95299999999952,close_sma_diff_-10.9530,2024-04-16T12:00:00+00:00,2024-04-17T01:00:00+00:00,2369.39,2383.45,-14.059999999999945,0.35,-14.409999999999945,5.839999999999691,28.789999999999964,2398.18,2363.55,720
11622,2024-04-17T19:00:00+00:00,2024-04-17T20:00:00+00:00,2024-04-18T09:00:00+00:00,-1,short,2372.34,2386.33,-13.989999999999782,close_sma_diff_-13.9900,2024-04-17T20:00:00+00:00,2024-04-18T09:00:00+00:00,2372.3,2376.63,-4.329999999999927,0.35,-4.679999999999927,17.76000000000022,6.7599999999997635,2379.06,2354.54,720
11653,2024-04-19T04:00:00+00:00,2024-04-19T05:00:00+00:00,2024-04-19T17:00:00+00:00,1,long,2409.25,2384.501,24.748999999999796,close_sma_diff_24.7490,2024-04-19T05:00:00+00:00,2024-04-19T17:00:00+00:00,2409.47,2380.34,-29.129999999999654,0.35,-29.479999999999656,5.2800000000002,36.559999999999945,2414.75,2372.91,721
11667,2024-04-19T18:00:00+00:00,2024-04-19T19:00:00+00:00,2024-04-22T08:00:00+00:00,1,long,2394.77,2384.439,10.331000000000131,close_sma_diff_10.3310,2024-04-19T19:00:00+00:00,2024-04-22T08:00:00+00:00,2394.79,2368.97,-25.820000000000164,0.35,-26.170000000000165,7.170000000000073,33.00999999999976,2401.96,2361.78,718
11681,2024-04-22T09:00:00+00:00,2024-04-22T10:00:00+00:00,2024-04-22T22:00:00+00:00,-1,short,2355.81,2375.357,-19.547000000000025,close_sma_diff_-19.5470,2024-04-22T10:00:00+00:00,2024-04-22T22:00:00+00:00,2355.65,2327.91,27.740000000000236,0.35,27.390000000000235,31.18000000000029,7.980000000000018,2363.63,2324.47,721
11699,2024-04-23T04:00:00+00:00,2024-04-23T05:00:00+00:00,2024-04-23T17:00:00+00:00,-1,short,2298.5,2327.377,-28.876999999999953,close_sma_diff_-28.8770,2024-04-23T05:00:00+00:00,2024-04-23T17:00:00+00:00,2298.81,2328.2,-29.389999999999873,0.35,-29.739999999999874,7.420000000000073,33.05000000000018,2331.86,2291.39,721
11713,2024-04-23T18:00:00+00:00,2024-04-23T19:00:00+00:00,2024-04-24T08:00:00+00:00,1,long,2323.21,2309.9300000000003,13.279999999999745,close_sma_diff_13.2800,2024-04-23T19:00:00+00:00,2024-04-24T08:00:00+00:00,2323.21,2326.57,3.3600000000001273,0.35,3.0100000000001272,8.099999999999909,7.570000000000164,2331.31,2315.64,720
11774,2024-04-26T10:00:00+00:00,2024-04-26T11:00:00+00:00,2024-04-26T23:00:00+00:00,1,long,2345.54,2335.343,10.197000000000116,close_sma_diff_10.1970,2024-04-26T11:00:00+00:00,2024-04-26T23:00:00+00:00,2345.52,2339.73,-5.789999999999964,0.35,-6.139999999999963,6.980000000000018,16.800000000000182,2352.5,2328.72,721
11792,2024-04-29T05:00:00+00:00,2024-04-29T06:00:00+00:00,2024-04-29T18:00:00+00:00,-1,short,2324.29,2334.871,-10.581000000000131,close_sma_diff_-10.5810,2024-04-29T06:00:00+00:00,2024-04-29T18:00:00+00:00,2324.26,2336.37,-12.109999999999673,0.35,-12.459999999999672,0.6100000000001273,20.039999999999964,2344.3,2323.65,721
11820,2024-04-30T10:00:00+00:00,2024-04-30T11:00:00+00:00,2024-04-30T23:00:00+00:00,-1,short,2317.46,2328.531,-11.070999999999913,close_sma_diff_-11.0710,2024-04-30T11:00:00+00:00,2024-04-30T23:00:00+00:00,2317.45,2292.27,25.179999999999836,0.35,24.829999999999835,28.129999999999654,0.9700000000002547,2318.42,2289.32,721
11849,2024-05-01T16:00:00+00:00,2024-05-01T17:00:00+00:00,2024-05-02T06:00:00+00:00,1,long,2302.47,2290.98,11.489999999999782,close_sma_diff_11.4900,2024-05-01T17:00:00+00:00,2024-05-02T06:00:00+00:00,2302.47,2320.04,17.570000000000164,0.35,17.220000000000162,25.730000000000018,7.1599999999998545,2328.2,2295.31,720
11867,2024-05-02T11:00:00+00:00,2024-05-02T12:00:00+00:00,2024-05-03T01:00:00+00:00,-1,short,2304.04,2317.201,-13.161000000000058,close_sma_diff_-13.1610,2024-05-02T12:00:00+00:00,2024-05-03T01:00:00+00:00,2304.04,2304.12,-0.07999999999992724,0.35,-0.4299999999999272,18.539999999999964,5.389999999999873,2309.43,2285.5,720
11895,2024-05-03T16:00:00+00:00,2024-05-03T17:00:00+00:00,2024-05-06T06:00:00+00:00,-1,short,2288.95,2300.497,-11.547000000000025,close_sma_diff_-11.5470,2024-05-03T17:00:00+00:00,2024-05-06T06:00:00+00:00,2291.07,2311.41,-20.33999999999969,0.35,-20.689999999999692,8.010000000000218,24.23999999999978,2315.31,2283.06,718
11912,2024-05-06T10:00:00+00:00,2024-05-06T11:00:00+00:00,2024-05-06T23:00:00+00:00,1,long,2323.01,2307.9849999999997,15.025000000000546,close_sma_diff_15.0250,2024-05-06T11:00:00+00:00,2024-05-06T23:00:00+00:00,2322.74,2325.2,2.4600000000000364,0.35,2.1100000000000363,9.25,8.199999999999818,2331.99,2314.54,721
11986,2024-05-09T15:00:00+00:00,2024-05-09T16:00:00+00:00,2024-05-10T05:00:00+00:00,1,long,2326.68,2313.923,12.757000000000062,close_sma_diff_12.7570,2024-05-09T16:00:00+00:00,2024-05-10T05:00:00+00:00,2326.71,2349.94,23.230000000000018,0.35,22.880000000000017,29.079999999999927,14.420000000000073,2355.79,2312.29,720
12003,2024-05-10T09:00:00+00:00,2024-05-10T10:00:00+00:00,2024-05-10T22:00:00+00:00,1,long,2368.47,2351.892,16.577999999999975,close_sma_diff_16.5780,2024-05-10T10:00:00+00:00,2024-05-10T22:00:00+00:00,2368.33,2365.96,-2.369999999999891,0.35,-2.719999999999891,9.990000000000236,11.710000000000036,2378.32,2356.62,721
12028,2024-05-13T11:00:00+00:00,2024-05-13T12:00:00+00:00,2024-05-14T01:00:00+00:00,-1,short,2343.27,2354.768,-11.498000000000047,close_sma_diff_-11.4980,2024-05-13T12:00:00+00:00,2024-05-14T01:00:00+00:00,2343.29,2336.59,6.699999999999818,0.35,6.3499999999998185,11.179999999999836,6.4900000000002365,2349.78,2332.11,720
12074,2024-05-15T11:00:00+00:00,2024-05-15T12:00:00+00:00,2024-05-16T01:00:00+00:00,1,long,2373.09,2359.775,13.315000000000055,close_sma_diff_13.3150,2024-05-15T12:00:00+00:00,2024-05-16T01:00:00+00:00,2373.25,2385.92,12.670000000000073,0.35,12.320000000000073,16.980000000000018,21.409999999999854,2390.23,2351.84,720
12102,2024-05-16T16:00:00+00:00,2024-05-16T17:00:00+00:00,2024-05-17T06:00:00+00:00,-1,short,2375.18,2385.3599999999997,-10.179999999999836,close_sma_diff_-10.1800,2024-05-16T17:00:00+00:00,2024-05-17T06:00:00+00:00,2374.96,2375.36,-0.40000000000009095,0.35,-0.7500000000000909,3.9400000000000546,8.849999999999909,2383.81,2371.02,720
12125,2024-05-17T16:00:00+00:00,2024-05-17T17:00:00+00:00,2024-05-20T06:00:00+00:00,1,long,2401.69,2386.943,14.746999999999844,close_sma_diff_14.7470,2024-05-17T17:00:00+00:00,2024-05-20T06:00:00+00:00,2401.81,2432.92,31.110000000000127,0.35,30.760000000000126,38.70000000000027,2.9600000000000364,2440.51,2398.85,718
12139,2024-05-20T07:00:00+00:00,2024-05-20T08:00:00+00:00,2024-05-20T20:00:00+00:00,1,long,2437.38,2425.505,11.875,close_sma_diff_11.8750,2024-05-20T08:00:00+00:00,2024-05-20T20:00:00+00:00,2437.36,2426.32,-11.039999999999964,0.35,-11.389999999999963,12.710000000000036,29.960000000000036,2450.07,2407.4,721
12160,2024-05-21T05:00:00+00:00,2024-05-21T06:00:00+00:00,2024-05-21T18:00:00+00:00,-1,short,2413.79,2426.683,-12.893000000000029,close_sma_diff_-12.8930,2024-05-21T06:00:00+00:00,2024-05-21T18:00:00+00:00,2413.87,2430.27,-16.40000000000009,0.35,-16.750000000000092,7.440000000000055,17.820000000000164,2431.69,2406.43,721
12195,2024-05-22T17:00:00+00:00,2024-05-22T18:00:00+00:00,2024-05-23T07:00:00+00:00,-1,short,2388.62,2412.209,-23.588999999999942,close_sma_diff_-23.5890,2024-05-22T18:00:00+00:00,2024-05-23T07:00:00+00:00,2388.48,2372.68,15.800000000000182,0.35,15.450000000000182,21.639999999999873,6.610000000000127,2395.09,2366.84,720
12209,2024-05-23T08:00:00+00:00,2024-05-23T09:00:00+00:00,2024-05-23T21:00:00+00:00,-1,short,2359.94,2374.907,-14.967000000000098,close_sma_diff_-14.9670,2024-05-23T09:00:00+00:00,2024-05-23T21:00:00+00:00,2360.15,2332.54,27.610000000000127,0.35,27.260000000000126,28.269999999999982,9.699999999999818,2369.85,2331.88,721
12223,2024-05-23T22:00:00+00:00,2024-05-23T23:00:00+00:00,2024-05-24T12:00:00+00:00,-1,short,2331.62,2348.776,-17.15599999999995,close_sma_diff_-17.1560,2024-05-23T23:00:00+00:00,2024-05-24T12:00:00+00:00,2331.6,2341.01,-9.41000000000031,0.35,-9.760000000000309,6.139999999999873,9.450000000000273,2341.05,2325.46,721
12263,2024-05-27T16:00:00+00:00,2024-05-27T17:00:00+00:00,2024-05-28T08:00:00+00:00,1,long,2355.02,2344.672,10.347999999999956,close_sma_diff_10.3480,2024-05-27T17:00:00+00:00,2024-05-28T08:00:00+00:00,2355.05,2351.02,-4.0300000000002,0.35,-4.3800000000002,3.4699999999998,5.820000000000164,2358.52,2349.23,691
12286,2024-05-28T18:00:00+00:00,2024-05-28T19:00:00+00:00,2024-05-29T08:00:00+00:00,1,long,2360.41,2349.196,11.213999999999942,close_sma_diff_11.2140,2024-05-28T19:00:00+00:00,2024-05-29T08:00:00+00:00,2360.32,2358.42,-1.900000000000091,0.35,-2.250000000000091,2.3399999999996908,7.470000000000255,2362.66,2352.85,720
12306,2024-05-29T15:00:00+00:00,2024-05-29T16:00:00+00:00,2024-05-30T05:00:00+00:00,-1,short,2337.67,2349.696,-12.02599999999984,close_sma_diff_-12.0260,2024-05-29T16:00:00+00:00,2024-05-30T05:00:00+00:00,2337.79,2333.39,4.400000000000091,0.35,4.050000000000091,4.869999999999891,9.449999999999818,2347.24,2332.92,720
12330,2024-05-30T16:00:00+00:00,2024-05-30T17:00:00+00:00,2024-05-31T06:00:00+00:00,1,long,2348.65,2336.272,12.378000000000156,close_sma_diff_12.3780,2024-05-30T17:00:00+00:00,2024-05-31T06:00:00+00:00,2348.71,2341.49,-7.220000000000255,0.35,-7.570000000000254,3.0599999999999454,8.730000000000018,2351.77,2339.98,720
12352,2024-05-31T15:00:00+00:00,2024-05-31T16:00:00+00:00,2024-06-03T05:00:00+00:00,1,long,2354.85,2344.4919999999997,10.358000000000175,close_sma_diff_10.3580,2024-05-31T16:00:00+00:00,2024-06-03T05:00:00+00:00,2354.85,2330.95,-23.90000000000009,0.35,-24.250000000000092,4.950000000000273,34.25,2359.8,2320.6,718
12377,2024-06-03T17:00:00+00:00,2024-06-03T18:00:00+00:00,2024-06-04T07:00:00+00:00,1,long,2341.73,2329.1279999999997,12.602000000000317,close_sma_diff_12.6020,2024-06-03T18:00:00+00:00,2024-06-04T07:00:00+00:00,2341.6,2345.57,3.9700000000002547,0.35,3.6200000000002546,13.16000000000031,6.079999999999927,2354.76,2335.52,720
12394,2024-06-04T11:00:00+00:00,2024-06-04T12:00:00+00:00,2024-06-05T01:00:00+00:00,-1,short,2333.32,2345.5950000000003,-12.275000000000091,close_sma_diff_-12.2750,2024-06-04T12:00:00+00:00,2024-06-05T01:00:00+00:00,2333.4,2327.63,5.769999999999982,0.35,5.419999999999982,17.7800000000002,4.559999999999945,2337.96,2315.62,720
12423,2024-06-05T17:00:00+00:00,2024-06-05T18:00:00+00:00,2024-06-06T07:00:00+00:00,1,long,2349.0,2336.768,12.231999999999971,close_sma_diff_12.2320,2024-06-05T18:00:00+00:00,2024-06-06T07:00:00+00:00,2349.05,2368.3,19.25,0.35,18.9,25.929999999999836,0.0,2374.98,2349.05,720
12447,2024-06-06T18:00:00+00:00,2024-06-06T19:00:00+00:00,2024-06-07T08:00:00+00:00,1,long,2374.24,2363.2320000000004,11.007999999999356,close_sma_diff_11.0080,2024-06-06T19:00:00+00:00,2024-06-07T08:00:00+00:00,2374.4,2386.42,12.019999999999982,0.35,11.669999999999982,13.08999999999969,5.519999999999982,2387.49,2368.88,720
12463,2024-06-07T11:00:00+00:00,2024-06-07T12:00:00+00:00,2024-06-10T01:00:00+00:00,-1,short,2347.37,2374.2110000000002,-26.84100000000035,close_sma_diff_-26.8410,2024-06-07T12:00:00+00:00,2024-06-10T01:00:00+00:00,2347.36,2294.93,52.43000000000029,0.35,52.08000000000029,60.65000000000009,0.6299999999996544,2347.99,2286.71,718
12494,2024-06-10T19:00:00+00:00,2024-06-10T20:00:00+00:00,2024-06-11T09:00:00+00:00,1,long,2312.95,2302.298,10.652000000000044,close_sma_diff_10.6520,2024-06-10T20:00:00+00:00,2024-06-11T09:00:00+00:00,2312.95,2299.62,-13.329999999999927,0.35,-13.679999999999927,0.43000000000029104,15.199999999999818,2313.38,2297.75,720
12513,2024-06-11T15:00:00+00:00,2024-06-11T16:00:00+00:00,2024-06-12T05:00:00+00:00,1,long,2318.01,2305.977,12.033000000000357,close_sma_diff_12.0330,2024-06-11T16:00:00+00:00,2024-06-12T05:00:00+00:00,2317.59,2313.84,-3.75,0.35,-4.1,2.019999999999982,11.640000000000327,2319.61,2305.95,720
12536,2024-06-12T15:00:00+00:00,2024-06-12T16:00:00+00:00,2024-06-13T05:00:00+00:00,1,long,2335.89,2316.0440000000003,19.84599999999955,close_sma_diff_19.8460,2024-06-12T16:00:00+00:00,2024-06-13T05:00:00+00:00,2335.86,2313.2,-22.66000000000031,0.35,-23.01000000000031,5.799999999999727,27.670000000000073,2341.66,2308.19,720
12562,2024-06-13T18:00:00+00:00,2024-06-13T19:00:00+00:00,2024-06-14T08:00:00+00:00,-1,short,2298.99,2313.418,-14.428000000000338,close_sma_diff_-14.4280,2024-06-13T19:00:00+00:00,2024-06-14T08:00:00+00:00,2298.98,2306.16,-7.179999999999836,0.35,-7.529999999999836,3.3099999999999454,9.650000000000091,2308.63,2295.67,720
12579,2024-06-14T12:00:00+00:00,2024-06-14T13:00:00+00:00,2024-06-17T02:00:00+00:00,1,long,2322.71,2310.74,11.970000000000255,close_sma_diff_11.9700,2024-06-14T13:00:00+00:00,2024-06-17T02:00:00+00:00,2322.64,2329.16,6.519999999999982,0.35,6.169999999999982,13.950000000000273,1.6700000000000728,2336.59,2320.97,718
12629,2024-06-18T16:00:00+00:00,2024-06-18T17:00:00+00:00,2024-06-19T06:00:00+00:00,1,long,2326.78,2316.536,10.244000000000142,close_sma_diff_10.2440,2024-06-18T17:00:00+00:00,2024-06-19T06:00:00+00:00,2326.71,2330.73,4.019999999999982,0.35,3.6699999999999817,6.400000000000091,7.940000000000055,2333.11,2318.77,720
12674,2024-06-20T17:00:00+00:00,2024-06-20T18:00:00+00:00,2024-06-21T07:00:00+00:00,1,long,2364.06,2342.166,21.893999999999778,close_sma_diff_21.8940,2024-06-20T18:00:00+00:00,2024-06-21T07:00:00+00:00,2364.03,2361.73,-2.300000000000182,0.35,-2.650000000000182,1.4299999999998363,12.680000000000291,2365.46,2351.35,720
12696,2024-06-21T16:00:00+00:00,2024-06-21T17:00:00+00:00,2024-06-24T06:00:00+00:00,-1,short,2340.41,2360.9260000000004,-20.51600000000053,close_sma_diff_-20.5160,2024-06-21T17:00:00+00:00,2024-06-24T06:00:00+00:00,2340.0,2325.22,14.7800000000002,0.35,14.4300000000002,23.300000000000182,0.4499999999998181,2340.45,2316.7,718
12765,2024-06-26T16:00:00+00:00,2024-06-26T17:00:00+00:00,2024-06-27T06:00:00+00:00,-1,short,2296.26,2312.197,-15.936999999999898,close_sma_diff_-15.9370,2024-06-26T17:00:00+00:00,2024-06-27T06:00:00+00:00,2295.4,2298.94,-3.5399999999999636,0.35,-3.8899999999999637,0.0,8.63000000000011,2304.03,2295.4,720
12784,2024-06-27T12:00:00+00:00,2024-06-27T13:00:00+00:00,2024-06-28T02:00:00+00:00,1,long,2312.62,2301.7110000000002,10.90899999999965,close_sma_diff_10.9090,2024-06-27T13:00:00+00:00,2024-06-28T02:00:00+00:00,2312.62,2326.8,14.180000000000291,0.35,13.830000000000291,18.289999999999964,0.27999999999974534,2330.91,2312.34,720
12832,2024-07-01T14:00:00+00:00,2024-07-01T15:00:00+00:00,2024-07-02T04:00:00+00:00,1,long,2338.2,2327.1259999999997,11.07400000000007,close_sma_diff_11.0740,2024-07-01T15:00:00+00:00,2024-07-02T04:00:00+00:00,2338.2,2333.02,-5.179999999999836,0.35,-5.529999999999836,0.330000000000382,18.889999999999873,2338.53,2319.31,720
12874,2024-07-03T10:00:00+00:00,2024-07-03T11:00:00+00:00,2024-07-03T23:00:00+00:00,1,long,2345.41,2333.378,12.031999999999698,close_sma_diff_12.0320,2024-07-03T11:00:00+00:00,2024-07-03T23:00:00+00:00,2345.3,2354.43,9.129999999999654,0.35,8.779999999999655,19.61999999999989,3.150000000000091,2364.92,2342.15,721
12924,2024-07-05T16:00:00+00:00,2024-07-05T17:00:00+00:00,2024-07-08T06:00:00+00:00,1,long,2383.21,2367.306,15.903999999999996,close_sma_diff_15.9040,2024-07-05T17:00:00+00:00,2024-07-08T06:00:00+00:00,2383.15,2383.35,0.1999999999998181,0.35,-0.15000000000018188,9.759999999999764,8.61999999999989,2392.91,2374.53,718
12943,2024-07-08T12:00:00+00:00,2024-07-08T13:00:00+00:00,2024-07-09T02:00:00+00:00,-1,short,2370.19,2380.464,-10.273999999999887,close_sma_diff_-10.2740,2024-07-08T13:00:00+00:00,2024-07-09T02:00:00+00:00,2369.72,2359.93,9.789999999999964,0.35,9.439999999999964,18.579999999999927,9.840000000000146,2379.56,2351.14,720
13015,2024-07-11T15:00:00+00:00,2024-07-11T16:00:00+00:00,2024-07-12T05:00:00+00:00,1,long,2406.38,2384.011,22.369000000000142,close_sma_diff_22.3690,2024-07-11T16:00:00+00:00,2024-07-12T05:00:00+00:00,2407.07,2407.67,0.599999999999909,0.35,0.24999999999990907,17.4699999999998,11.260000000000218,2424.54,2395.81,720
13042,2024-07-12T19:00:00+00:00,2024-07-12T20:00:00+00:00,2024-07-15T09:00:00+00:00,1,long,2415.94,2405.643,10.297000000000025,close_sma_diff_10.2970,2024-07-12T20:00:00+00:00,2024-07-15T09:00:00+00:00,2415.94,2407.79,-8.150000000000091,0.35,-8.50000000000009,2.230000000000018,10.960000000000036,2418.17,2404.98,718
13063,2024-07-15T17:00:00+00:00,2024-07-15T18:00:00+00:00,2024-07-16T07:00:00+00:00,1,long,2431.57,2414.047,17.52300000000014,close_sma_diff_17.5230,2024-07-15T18:00:00+00:00,2024-07-16T07:00:00+00:00,2431.53,2428.55,-2.980000000000018,0.35,-3.3300000000000183,8.139999999999873,11.850000000000364,2439.67,2419.68,720
13081,2024-07-16T12:00:00+00:00,2024-07-16T13:00:00+00:00,2024-07-17T02:00:00+00:00,1,long,2442.49,2431.84,10.649999999999636,close_sma_diff_10.6500,2024-07-16T13:00:00+00:00,2024-07-17T02:00:00+00:00,2442.49,2469.21,26.720000000000255,0.35,26.370000000000253,27.43000000000029,13.079999999999927,2469.92,2429.41,720
13096,2024-07-17T04:00:00+00:00,2024-07-17T05:00:00+00:00,2024-07-17T17:00:00+00:00,1,long,2479.47,2467.5260000000003,11.943999999999505,close_sma_diff_11.9440,2024-07-17T05:00:00+00:00,2024-07-17T17:00:00+00:00,2479.51,2481.52,2.0099999999997635,0.35,1.6599999999997634,4.029999999999745,17.600000000000364,2483.54,2461.91,721
13111,2024-07-17T19:00:00+00:00,2024-07-17T20:00:00+00:00,2024-07-18T09:00:00+00:00,-1,short,2455.5,2470.042,-14.541999999999916,close_sma_diff_-14.5420,2024-07-17T20:00:00+00:00,2024-07-18T09:00:00+00:00,2455.51,2466.98,-11.4699999999998,0.35,-11.8199999999998,4.150000000000091,14.319999999999709,2469.83,2451.36,720
13136,2024-07-18T21:00:00+00:00,2024-07-18T22:00:00+00:00,2024-07-19T11:00:00+00:00,-1,short,2451.38,2461.609,-10.228999999999814,close_sma_diff_-10.2290,2024-07-18T22:00:00+00:00,2024-07-19T11:00:00+00:00,2451.39,2416.72,34.67000000000007,0.35,34.32000000000007,38.56999999999971,0.2899999999999636,2451.68,2412.82,720
13152,2024-07-19T14:00:00+00:00,2024-07-19T15:00:00+00:00,2024-07-22T04:00:00+00:00,-1,short,2409.9,2420.221,-10.320999999999913,close_sma_diff_-10.3210,2024-07-19T15:00:00+00:00,2024-07-22T04:00:00+00:00,2409.89,2408.36,1.5299999999997453,0.35,1.1799999999997453,16.179999999999836,1.9700000000002547,2411.86,2393.71,718
13178,2024-07-22T17:00:00+00:00,2024-07-22T18:00:00+00:00,2024-07-23T07:00:00+00:00,-1,short,2387.12,2399.1369999999997,-12.016999999999825,close_sma_diff_-12.0170,2024-07-22T18:00:00+00:00,2024-07-23T07:00:00+00:00,2387.11,2398.55,-11.440000000000055,0.35,-11.790000000000054,2.9400000000000546,16.769999999999982,2403.88,2384.17,720
13224,2024-07-24T17:00:00+00:00,2024-07-24T18:00:00+00:00,2024-07-25T07:00:00+00:00,1,long,2430.15,2417.718,12.432000000000244,close_sma_diff_12.4320,2024-07-24T18:00:00+00:00,2024-07-25T07:00:00+00:00,2430.25,2374.44,-55.809999999999945,0.35,-56.15999999999995,1.0100000000002183,63.590000000000146,2431.26,2366.66,720
13238,2024-07-25T08:00:00+00:00,2024-07-25T09:00:00+00:00,2024-07-25T21:00:00+00:00,-1,short,2376.22,2386.629,-10.409000000000106,close_sma_diff_-10.4090,2024-07-25T09:00:00+00:00,2024-07-25T21:00:00+00:00,2376.22,2357.21,19.009999999999764,0.35,18.659999999999762,23.25,6.180000000000291,2382.4,2352.97,721
13257,2024-07-26T04:00:00+00:00,2024-07-26T05:00:00+00:00,2024-07-26T17:00:00+00:00,1,long,2373.46,2362.814,10.646000000000186,close_sma_diff_10.6460,2024-07-26T05:00:00+00:00,2024-07-26T17:00:00+00:00,2373.49,2383.16,9.670000000000073,0.35,9.320000000000073,9.900000000000091,8.36999999999989,2383.39,2365.12,721
13272,2024-07-26T19:00:00+00:00,2024-07-26T20:00:00+00:00,2024-07-29T09:00:00+00:00,1,long,2389.06,2377.841,11.219000000000051,close_sma_diff_11.2190,2024-07-26T20:00:00+00:00,2024-07-29T09:00:00+00:00,2389.06,2393.17,4.110000000000127,0.35,3.7600000000001272,13.990000000000236,8.019999999999982,2403.05,2381.04,718
13294,2024-07-29T18:00:00+00:00,2024-07-29T19:00:00+00:00,2024-07-30T08:00:00+00:00,-1,short,2376.7,2388.962,-12.262000000000171,close_sma_diff_-12.2620,2024-07-29T19:00:00+00:00,2024-07-30T08:00:00+00:00,2376.7,2386.18,-9.480000000000018,0.35,-9.830000000000018,2.230000000000018,11.519999999999982,2388.22,2374.47,720
13319,2024-07-30T20:00:00+00:00,2024-07-30T21:00:00+00:00,2024-07-31T10:00:00+00:00,1,long,2405.64,2391.8959999999997,13.744000000000142,close_sma_diff_13.7440,2024-07-30T21:00:00+00:00,2024-07-31T10:00:00+00:00,2405.69,2420.59,14.900000000000091,0.35,14.550000000000091,19.710000000000036,2.130000000000109,2425.4,2403.56,721
13343,2024-07-31T21:00:00+00:00,2024-07-31T22:00:00+00:00,2024-08-01T11:00:00+00:00,1,long,2433.69,2423.6369999999997,10.053000000000338,close_sma_diff_10.0530,2024-07-31T22:00:00+00:00,2024-08-01T11:00:00+00:00,2433.68,2440.14,6.460000000000036,0.35,6.110000000000037,24.580000000000382,2.6399999999998727,2458.26,2431.04,720
13361,2024-08-01T16:00:00+00:00,2024-08-01T17:00:00+00:00,2024-08-02T06:00:00+00:00,1,long,2453.5,2442.234,11.266000000000076,close_sma_diff_11.2660,2024-08-01T17:00:00+00:00,2024-08-02T06:00:00+00:00,2453.52,2455.96,2.4400000000000546,0.35,2.0900000000000545,8.650000000000091,18.759999999999764,2462.17,2434.76,720
13376,2024-08-02T08:00:00+00:00,2024-08-02T09:00:00+00:00,2024-08-02T21:00:00+00:00,1,long,2466.6,2451.039,15.560999999999694,close_sma_diff_15.5610,2024-08-02T09:00:00+00:00,2024-08-02T21:00:00+00:00,2466.65,2427.18,-39.470000000000255,0.35,-39.820000000000256,10.960000000000036,55.93000000000029,2477.61,2410.72,721
13394,2024-08-05T03:00:00+00:00,2024-08-05T04:00:00+00:00,2024-08-05T16:00:00+00:00,-1,short,2422.07,2433.465,-11.394999999999982,close_sma_diff_-11.3950,2024-08-05T04:00:00+00:00,2024-08-05T16:00:00+00:00,2422.04,2378.86,43.179999999999836,0.35,42.829999999999835,57.98000000000002,36.61000000000013,2458.65,2364.06,721
13408,2024-08-05T17:00:00+00:00,2024-08-05T18:00:00+00:00,2024-08-06T07:00:00+00:00,-1,short,2396.66,2410.6339999999996,-13.973999999999705,close_sma_diff_-13.9740,2024-08-05T18:00:00+00:00,2024-08-06T07:00:00+00:00,2396.53,2408.74,-12.209999999999582,0.35,-12.559999999999581,0.14000000000032742,21.699999999999818,2418.23,2396.39,720
13429,2024-08-06T15:00:00+00:00,2024-08-06T16:00:00+00:00,2024-08-07T05:00:00+00:00,-1,short,2392.86,2406.698,-13.837999999999738,close_sma_diff_-13.8380,2024-08-06T16:00:00+00:00,2024-08-07T05:00:00+00:00,2392.91,2385.16,7.75,0.35,7.4,13.9699999999998,10.120000000000346,2403.03,2378.94,720
13458,2024-08-07T21:00:00+00:00,2024-08-07T22:00:00+00:00,2024-08-08T11:00:00+00:00,-1,short,2386.13,2396.5099999999998,-10.379999999999654,close_sma_diff_-10.3800,2024-08-07T22:00:00+00:00,2024-08-08T11:00:00+00:00,2386.15,2397.36,-11.210000000000036,0.35,-11.560000000000036,5.200000000000273,14.4699999999998,2400.62,2380.95,720
13473,2024-08-08T13:00:00+00:00,2024-08-08T14:00:00+00:00,2024-08-09T03:00:00+00:00,1,long,2405.23,2395.111,10.119000000000142,close_sma_diff_10.1190,2024-08-08T14:00:00+00:00,2024-08-09T03:00:00+00:00,2405.22,2424.54,19.320000000000164,0.35,18.970000000000162,22.800000000000182,2.980000000000018,2428.02,2402.24,721
13516,2024-08-12T10:00:00+00:00,2024-08-12T11:00:00+00:00,2024-08-12T23:00:00+00:00,1,long,2441.55,2431.326,10.22400000000016,close_sma_diff_10.2240,2024-08-12T11:00:00+00:00,2024-08-12T23:00:00+00:00,2441.56,2470.94,29.38000000000011,0.35,29.030000000000108,30.450000000000273,2.0,2472.01,2439.56,721
13530,2024-08-13T01:00:00+00:00,2024-08-13T02:00:00+00:00,2024-08-13T14:00:00+00:00,1,long,2473.62,2462.769,10.851000000000113,close_sma_diff_10.8510,2024-08-13T02:00:00+00:00,2024-08-13T14:00:00+00:00,2473.62,2461.77,-11.849999999999909,0.35,-12.199999999999909,3.200000000000273,15.2199999999998,2476.82,2458.4,721
13568,2024-08-14T16:00:00+00:00,2024-08-14T17:00:00+00:00,2024-08-15T06:00:00+00:00,-1,short,2457.4,2468.46,-11.059999999999945,close_sma_diff_-11.0600,2024-08-14T17:00:00+00:00,2024-08-15T06:00:00+00:00,2457.36,2451.45,5.910000000000309,0.35,5.56000000000031,19.38000000000011,0.849999999999909,2458.21,2437.98,720
13590,2024-08-15T15:00:00+00:00,2024-08-15T16:00:00+00:00,2024-08-16T05:00:00+00:00,-1,short,2440.94,2454.679,-13.739000000000033,close_sma_diff_-13.7390,2024-08-15T16:00:00+00:00,2024-08-16T05:00:00+00:00,2440.99,2456.34,-15.350000000000364,0.35,-15.700000000000363,8.899999999999636,20.5300000000002,2461.52,2432.09,721
13612,2024-08-16T14:00:00+00:00,2024-08-16T15:00:00+00:00,2024-08-19T04:00:00+00:00,1,long,2472.06,2459.428,12.632000000000062,close_sma_diff_12.6320,2024-08-16T15:00:00+00:00,2024-08-19T04:00:00+00:00,2472.05,2501.82,29.769999999999982,0.35,29.41999999999998,38.00999999999976,0.8400000000001455,2510.06,2471.21,718
13634,2024-08-19T13:00:00+00:00,2024-08-19T14:00:00+00:00,2024-08-20T03:00:00+00:00,-1,short,2489.69,2500.3720000000003,-10.682000000000244,close_sma_diff_-10.6820,2024-08-19T14:00:00+00:00,2024-08-20T03:00:00+00:00,2489.69,2504.5,-14.809999999999945,0.35,-15.159999999999945,4.150000000000091,17.679999999999836,2507.37,2485.54,720
13654,2024-08-20T10:00:00+00:00,2024-08-20T11:00:00+00:00,2024-08-20T23:00:00+00:00,1,long,2514.85,2503.305,11.545000000000073,close_sma_diff_11.5450,2024-08-20T11:00:00+00:00,2024-08-20T23:00:00+00:00,2514.86,2515.15,0.2899999999999636,0.35,-0.06000000000003636,16.670000000000073,14.120000000000346,2531.53,2500.74,721
13706,2024-08-22T16:00:00+00:00,2024-08-22T17:00:00+00:00,2024-08-23T06:00:00+00:00,-1,short,2487.9,2502.546,-14.64599999999973,close_sma_diff_-14.6460,2024-08-22T17:00:00+00:00,2024-08-23T06:00:00+00:00,2487.89,2489.71,-1.8200000000001637,0.35,-2.170000000000164,17.159999999999854,4.260000000000218,2492.15,2470.73,720
13730,2024-08-23T17:00:00+00:00,2024-08-23T18:00:00+00:00,2024-08-26T07:00:00+00:00,1,long,2509.06,2498.471,10.588999999999942,close_sma_diff_10.5890,2024-08-23T18:00:00+00:00,2024-08-26T07:00:00+00:00,2509.07,2509.97,0.8999999999996362,0.35,0.5499999999996362,9.159999999999854,7.390000000000327,2518.23,2501.68,718
13780,2024-08-27T21:00:00+00:00,2024-08-27T22:00:00+00:00,2024-08-28T11:00:00+00:00,1,long,2524.33,2513.53,10.799999999999727,close_sma_diff_10.8000,2024-08-27T22:00:00+00:00,2024-08-28T11:00:00+00:00,2524.37,2508.14,-16.230000000000018,0.35,-16.58000000000002,4.5300000000002,21.170000000000073,2528.9,2503.2,720
13846,2024-08-30T18:00:00+00:00,2024-08-30T19:00:00+00:00,2024-09-02T08:00:00+00:00,-1,short,2502.37,2516.4399999999996,-14.069999999999709,close_sma_diff_-14.0700,2024-08-30T19:00:00+00:00,2024-09-02T08:00:00+00:00,2502.36,2496.94,5.420000000000073,0.35,5.070000000000073,12.420000000000073,3.5799999999999272,2505.94,2489.94,718
13888,2024-09-03T16:00:00+00:00,2024-09-03T17:00:00+00:00,2024-09-04T06:00:00+00:00,-1,short,2479.9,2495.388,-15.487999999999829,close_sma_diff_-15.4880,2024-09-03T17:00:00+00:00,2024-09-04T06:00:00+00:00,2479.71,2495.38,-15.670000000000073,0.35,-16.020000000000074,6.320000000000164,17.039999999999964,2496.75,2473.39,721
13906,2024-09-04T11:00:00+00:00,2024-09-04T12:00:00+00:00,2024-09-05T01:00:00+00:00,-1,short,2473.2,2489.7140000000004,-16.51400000000058,close_sma_diff_-16.5140,2024-09-04T12:00:00+00:00,2024-09-05T01:00:00+00:00,2473.19,2495.02,-21.829999999999927,0.35,-22.17999999999993,1.4200000000000728,26.960000000000036,2500.15,2471.77,720
13929,2024-09-05T11:00:00+00:00,2024-09-05T12:00:00+00:00,2024-09-06T01:00:00+00:00,1,long,2514.59,2500.118,14.472000000000207,close_sma_diff_14.4720,2024-09-05T12:00:00+00:00,2024-09-06T01:00:00+00:00,2514.6,2516.74,2.1399999999998727,0.35,1.7899999999998726,8.710000000000036,10.759999999999764,2523.31,2503.84,720
13960,2024-09-06T19:00:00+00:00,2024-09-06T20:00:00+00:00,2024-09-09T09:00:00+00:00,-1,short,2488.91,2512.0870000000004,-23.17700000000059,close_sma_diff_-23.1770,2024-09-06T20:00:00+00:00,2024-09-09T09:00:00+00:00,2488.91,2489.1,-0.19000000000005457,0.35,-0.5400000000000545,3.0599999999999454,11.400000000000091,2500.31,2485.85,718
14025,2024-09-11T15:00:00+00:00,2024-09-11T16:00:00+00:00,2024-09-12T05:00:00+00:00,-1,short,2508.06,2520.709,-12.648999999999887,close_sma_diff_-12.6490,2024-09-11T16:00:00+00:00,2024-09-12T05:00:00+00:00,2508.07,2513.16,-5.089999999999691,0.35,-5.43999999999969,7.220000000000255,11.859999999999673,2519.93,2500.85,720
14048,2024-09-12T15:00:00+00:00,2024-09-12T16:00:00+00:00,2024-09-13T05:00:00+00:00,1,long,2528.99,2518.216,10.773999999999887,close_sma_diff_10.7740,2024-09-12T16:00:00+00:00,2024-09-13T05:00:00+00:00,2528.43,2562.02,33.590000000000146,0.35,33.240000000000144,39.48000000000002,6.379999999999654,2567.91,2522.05,720
14075,2024-09-13T19:00:00+00:00,2024-09-13T20:00:00+00:00,2024-09-16T09:00:00+00:00,1,long,2584.21,2573.969,10.240999999999985,close_sma_diff_10.2410,2024-09-13T20:00:00+00:00,2024-09-16T09:00:00+00:00,2584.2,2588.41,4.210000000000036,0.35,3.8600000000000363,5.190000000000055,6.599999999999909,2589.39,2577.6,718
14120,2024-09-17T18:00:00+00:00,2024-09-17T19:00:00+00:00,2024-09-18T08:00:00+00:00,-1,short,2565.52,2576.721,-11.201000000000022,close_sma_diff_-11.2010,2024-09-17T19:00:00+00:00,2024-09-18T08:00:00+00:00,2565.53,2569.12,-3.5899999999996908,0.35,-3.939999999999691,4.8400000000001455,10.829999999999927,2576.36,2560.69,720
14147,2024-09-18T22:00:00+00:00,2024-09-18T23:00:00+00:00,2024-09-19T12:00:00+00:00,-1,short,2548.92,2570.8660000000004,-21.946000000000367,close_sma_diff_-21.9460,2024-09-18T23:00:00+00:00,2024-09-19T12:00:00+00:00,2548.94,2584.25,-35.309999999999945,0.35,-35.65999999999995,0.6599999999998545,37.57999999999993,2586.52,2548.28,720
14161,2024-09-19T13:00:00+00:00,2024-09-19T14:00:00+00:00,2024-09-20T03:00:00+00:00,1,long,2588.55,2574.675,13.875,close_sma_diff_13.8750,2024-09-19T14:00:00+00:00,2024-09-20T03:00:00+00:00,2588.55,2586.68,-1.8700000000003456,0.35,-2.2200000000003457,4.019999999999982,18.90000000000009,2592.57,2569.65,720
14180,2024-09-20T09:00:00+00:00,2024-09-20T10:00:00+00:00,2024-09-20T22:00:00+00:00,1,long,2605.35,2591.371,13.978999999999814,close_sma_diff_13.9790,2024-09-20T10:00:00+00:00,2024-09-20T22:00:00+00:00,2605.35,2620.79,15.440000000000055,0.35,15.090000000000055,20.300000000000182,2.9699999999998,2625.65,2602.38,721
14234,2024-09-24T17:00:00+00:00,2024-09-24T18:00:00+00:00,2024-09-25T07:00:00+00:00,1,long,2643.44,2631.37,12.070000000000164,close_sma_diff_12.0700,2024-09-24T18:00:00+00:00,2024-09-25T07:00:00+00:00,2643.43,2661.43,18.0,0.35,17.65,26.960000000000036,3.7599999999997635,2670.39,2639.67,720
14277,2024-09-26T14:00:00+00:00,2024-09-26T15:00:00+00:00,2024-09-27T04:00:00+00:00,1,long,2682.67,2666.1670000000004,16.5029999999997,close_sma_diff_16.5030,2024-09-26T15:00:00+00:00,2024-09-27T04:00:00+00:00,2682.68,2669.35,-13.329999999999927,0.35,-13.679999999999927,1.430000000000291,27.980000000000018,2684.11,2654.7,720
14303,2024-09-27T17:00:00+00:00,2024-09-27T18:00:00+00:00,2024-09-30T07:00:00+00:00,-1,short,2649.39,2663.656,-14.266000000000076,close_sma_diff_-14.2660,2024-09-27T18:00:00+00:00,2024-09-30T07:00:00+00:00,2649.41,2653.2,-3.7899999999999636,0.35,-4.139999999999963,6.369999999999891,16.490000000000236,2665.9,2643.04,718
14322,2024-09-30T13:00:00+00:00,2024-09-30T14:00:00+00:00,2024-10-01T03:00:00+00:00,-1,short,2636.83,2652.053,-15.222999999999956,close_sma_diff_-15.2230,2024-09-30T14:00:00+00:00,2024-10-01T03:00:00+00:00,2636.84,2635.41,1.430000000000291,0.35,1.080000000000291,12.25,7.329999999999927,2644.17,2624.59,720
14348,2024-10-01T16:00:00+00:00,2024-10-01T17:00:00+00:00,2024-10-02T06:00:00+00:00,1,long,2667.41,2648.737,18.672999999999774,close_sma_diff_18.6730,2024-10-01T17:00:00+00:00,2024-10-02T06:00:00+00:00,2667.27,2660.1,-7.170000000000073,0.35,-7.520000000000072,5.769999999999982,13.519999999999982,2673.04,2653.75,720
14363,2024-10-02T08:00:00+00:00,2024-10-02T09:00:00+00:00,2024-10-02T21:00:00+00:00,-1,short,2647.93,2657.933,-10.003000000000156,close_sma_diff_-10.0030,2024-10-02T09:00:00+00:00,2024-10-02T21:00:00+00:00,2647.92,2652.11,-4.190000000000055,0.35,-4.540000000000054,6.900000000000091,15.340000000000146,2663.26,2641.02,721
14388,2024-10-03T10:00:00+00:00,2024-10-03T11:00:00+00:00,2024-10-03T23:00:00+00:00,-1,short,2645.16,2655.609,-10.44900000000007,close_sma_diff_-10.4490,2024-10-03T11:00:00+00:00,2024-10-03T23:00:00+00:00,2645.17,2657.32,-12.150000000000091,0.35,-12.50000000000009,8.269999999999982,16.84999999999991,2662.02,2636.9,721
14416,2024-10-04T15:00:00+00:00,2024-10-04T16:00:00+00:00,2024-10-07T05:00:00+00:00,-1,short,2638.72,2658.781,-20.06100000000015,close_sma_diff_-20.0610,2024-10-04T16:00:00+00:00,2024-10-07T05:00:00+00:00,2638.7,2646.99,-8.289999999999964,0.35,-8.639999999999963,1.199999999999818,31.450000000000273,2670.15,2637.5,718
14464,2024-10-08T17:00:00+00:00,2024-10-08T18:00:00+00:00,2024-10-09T07:00:00+00:00,-1,short,2620.84,2639.813,-18.972999999999956,close_sma_diff_-18.9730,2024-10-08T18:00:00+00:00,2024-10-09T07:00:00+00:00,2621.03,2616.75,4.2800000000002,0.35,3.9300000000002,16.26000000000022,3.2599999999997635,2624.29,2604.77,720
14521,2024-10-11T05:00:00+00:00,2024-10-11T06:00:00+00:00,2024-10-11T18:00:00+00:00,1,long,2642.32,2630.4100000000003,11.909999999999854,close_sma_diff_11.9100,2024-10-11T06:00:00+00:00,2024-10-11T18:00:00+00:00,2642.3,2653.73,11.429999999999836,0.35,11.079999999999837,13.039999999999964,6.130000000000109,2655.34,2636.17,721
14535,2024-10-11T19:00:00+00:00,2024-10-11T20:00:00+00:00,2024-10-14T09:00:00+00:00,1,long,2660.52,2647.3239999999996,13.196000000000367,close_sma_diff_13.1960,2024-10-11T20:00:00+00:00,2024-10-14T09:00:00+00:00,2660.5,2658.2,-2.300000000000182,0.35,-2.650000000000182,0.7399999999997817,17.329999999999927,2661.24,2643.17,718
14556,2024-10-14T17:00:00+00:00,2024-10-14T18:00:00+00:00,2024-10-15T07:00:00+00:00,-1,short,2645.66,2656.1969999999997,-10.536999999999807,close_sma_diff_-10.5370,2024-10-14T18:00:00+00:00,2024-10-15T07:00:00+00:00,2645.7,2645.12,0.5799999999999272,0.35,0.22999999999992726,1.7699999999999818,7.620000000000346,2653.32,2643.93,720
14580,2024-10-15T18:00:00+00:00,2024-10-15T19:00:00+00:00,2024-10-16T08:00:00+00:00,1,long,2664.69,2652.8630000000003,11.82699999999977,close_sma_diff_11.8270,2024-10-15T19:00:00+00:00,2024-10-16T08:00:00+00:00,2664.69,2666.65,1.9600000000000364,0.35,1.6100000000000363,5.369999999999891,5.960000000000036,2670.06,2658.73,720
14594,2024-10-16T09:00:00+00:00,2024-10-16T10:00:00+00:00,2024-10-16T22:00:00+00:00,1,long,2677.22,2666.219,11.000999999999749,close_sma_diff_11.0010,2024-10-16T10:00:00+00:00,2024-10-16T22:00:00+00:00,2677.17,2673.7,-3.4700000000002547,0.35,-3.8200000000002547,8.069999999999709,11.039999999999964,2685.24,2666.13,721
14625,2024-10-17T17:00:00+00:00,2024-10-17T18:00:00+00:00,2024-10-18T07:00:00+00:00,1,long,2695.68,2684.18,11.5,close_sma_diff_11.5000,2024-10-17T18:00:00+00:00,2024-10-18T07:00:00+00:00,2695.69,2710.2,14.509999999999764,0.35,14.159999999999764,16.259999999999764,11.720000000000255,2711.95,2683.97,720
14639,2024-10-18T08:00:00+00:00,2024-10-18T09:00:00+00:00,2024-10-18T21:00:00+00:00,1,long,2711.4,2700.868,10.532000000000153,close_sma_diff_10.5320,2024-10-18T09:00:00+00:00,2024-10-18T21:00:00+00:00,2711.3,2715.99,4.6899999999996,0.35,4.3399999999996,8.809999999999945,9.519999999999982,2720.11,2701.78,721
14672,2024-10-21T18:00:00+00:00,2024-10-21T19:00:00+00:00,2024-10-22T08:00:00+00:00,-1,short,2720.3,2731.7410000000004,-11.441000000000258,close_sma_diff_-11.4410,2024-10-21T19:00:00+00:00,2024-10-22T08:00:00+00:00,2719.98,2734.47,-14.489999999999782,0.35,-14.839999999999781,5.710000000000036,16.039999999999964,2736.02,2714.27,720
14716,2024-10-23T16:00:00+00:00,2024-10-23T17:00:00+00:00,2024-10-24T06:00:00+00:00,-1,short,2737.29,2749.5629999999996,-12.272999999999683,close_sma_diff_-12.2730,2024-10-23T17:00:00+00:00,2024-10-24T06:00:00+00:00,2737.35,2723.83,13.519999999999982,0.35,13.169999999999982,28.56999999999971,1.2400000000002365,2738.59,2708.78,720
14732,2024-10-24T09:00:00+00:00,2024-10-24T10:00:00+00:00,2024-10-24T22:00:00+00:00,1,long,2735.22,2723.701,11.518999999999778,close_sma_diff_11.5190,2024-10-24T10:00:00+00:00,2024-10-24T22:00:00+00:00,2735.25,2734.63,-0.6199999999998909,0.35,-0.9699999999998908,7.940000000000055,12.760000000000218,2743.19,2722.49,721
14763,2024-10-25T17:00:00+00:00,2024-10-25T18:00:00+00:00,2024-10-28T06:00:00+00:00,1,long,2738.5,2727.187,11.313000000000102,close_sma_diff_11.3130,2024-10-25T18:00:00+00:00,2024-10-28T06:00:00+00:00,2738.5,2729.64,-8.860000000000127,0.35,-9.210000000000127,9.050000000000182,13.7800000000002,2747.55,2724.72,717
14809,2024-10-29T16:00:00+00:00,2024-10-29T17:00:00+00:00,2024-10-30T06:00:00+00:00,1,long,2769.53,2754.558,14.972000000000207,close_sma_diff_14.9720,2024-10-29T17:00:00+00:00,2024-10-30T06:00:00+00:00,2769.57,2778.68,9.109999999999673,0.35,8.759999999999673,12.639999999999873,8.760000000000218,2782.21,2760.81,720
14854,2024-10-31T15:00:00+00:00,2024-10-31T16:00:00+00:00,2024-11-01T05:00:00+00:00,-1,short,2755.33,2777.777,-22.447000000000116,close_sma_diff_-22.4470,2024-10-31T16:00:00+00:00,2024-11-01T05:00:00+00:00,2755.34,2748.88,6.460000000000036,0.35,6.110000000000037,23.700000000000273,1.5,2756.84,2731.64,720
14881,2024-11-01T19:00:00+00:00,2024-11-01T20:00:00+00:00,2024-11-04T10:00:00+00:00,-1,short,2736.32,2748.804,-12.483999999999924,close_sma_diff_-12.4840,2024-11-01T20:00:00+00:00,2024-11-04T10:00:00+00:00,2736.31,2735.32,0.9899999999997817,0.35,0.6399999999997817,5.7599999999997635,8.440000000000055,2744.75,2730.55,718
14938,2024-11-06T08:00:00+00:00,2024-11-06T09:00:00+00:00,2024-11-06T21:00:00+00:00,-1,short,2706.84,2737.686,-30.846000000000004,close_sma_diff_-30.8460,2024-11-06T09:00:00+00:00,2024-11-06T21:00:00+00:00,2707.01,2666.14,40.870000000000346,0.35,40.520000000000344,54.570000000000164,26.659999999999854,2733.67,2652.44,721
14952,2024-11-06T22:00:00+00:00,2024-11-06T23:00:00+00:00,2024-11-07T12:00:00+00:00,-1,short,2660.68,2671.693,-11.013000000000375,close_sma_diff_-11.0130,2024-11-06T23:00:00+00:00,2024-11-07T12:00:00+00:00,2660.68,2661.5,-0.8200000000001637,0.35,-1.1700000000001638,17.34999999999991,6.890000000000327,2667.57,2643.33,720
14967,2024-11-07T14:00:00+00:00,2024-11-07T15:00:00+00:00,2024-11-08T04:00:00+00:00,1,long,2673.65,2661.923,11.727000000000317,close_sma_diff_11.7270,2024-11-07T15:00:00+00:00,2024-11-08T04:00:00+00:00,2673.81,2698.07,24.26000000000022,0.35,23.910000000000217,36.539999999999964,1.4299999999998363,2710.35,2672.38,720
14984,2024-11-08T08:00:00+00:00,2024-11-08T09:00:00+00:00,2024-11-08T21:00:00+00:00,-1,short,2686.39,2699.159,-12.769000000000233,close_sma_diff_-12.7690,2024-11-08T09:00:00+00:00,2024-11-08T21:00:00+00:00,2686.14,2685.35,0.7899999999999636,0.35,0.43999999999996364,5.789999999999964,17.960000000000036,2704.1,2680.35,721
15002,2024-11-11T03:00:00+00:00,2024-11-11T04:00:00+00:00,2024-11-11T16:00:00+00:00,-1,short,2672.99,2684.252,-11.262000000000171,close_sma_diff_-11.2620,2024-11-11T04:00:00+00:00,2024-11-11T16:00:00+00:00,2673.02,2632.94,40.07999999999993,0.35,39.729999999999926,40.82999999999993,2.3099999999999454,2675.33,2632.19,721
15016,2024-11-11T17:00:00+00:00,2024-11-11T18:00:00+00:00,2024-11-12T07:00:00+00:00,-1,short,2614.55,2653.3419999999996,-38.79199999999946,close_sma_diff_-38.7920,2024-11-11T18:00:00+00:00,2024-11-12T07:00:00+00:00,2614.54,2618.06,-3.519999999999982,0.35,-3.869999999999982,3.949999999999818,12.590000000000146,2627.13,2610.59,720
15030,2024-11-12T08:00:00+00:00,2024-11-12T09:00:00+00:00,2024-11-12T21:00:00+00:00,-1,short,2607.94,2618.69,-10.75,close_sma_diff_-10.7500,2024-11-12T09:00:00+00:00,2024-11-12T21:00:00+00:00,2607.91,2599.79,8.11999999999989,0.35,7.769999999999891,18.09999999999991,9.050000000000182,2616.96,2589.81,721
15049,2024-11-13T04:00:00+00:00,2024-11-13T05:00:00+00:00,2024-11-13T17:00:00+00:00,1,long,2612.13,2601.1670000000004,10.962999999999738,close_sma_diff_10.9630,2024-11-13T05:00:00+00:00,2024-11-13T17:00:00+00:00,2612.14,2599.82,-12.319999999999709,0.35,-12.669999999999709,6.670000000000073,12.319999999999709,2618.81,2599.82,721
15063,2024-11-13T18:00:00+00:00,2024-11-13T19:00:00+00:00,2024-11-14T08:00:00+00:00,-1,short,2585.82,2605.7830000000004,-19.963000000000193,close_sma_diff_-19.9630,2024-11-13T19:00:00+00:00,2024-11-14T08:00:00+00:00,2585.73,2558.67,27.059999999999945,0.35,26.709999999999944,30.40000000000009,1.0199999999999818,2586.75,2555.33,720
15079,2024-11-14T11:00:00+00:00,2024-11-14T12:00:00+00:00,2024-11-15T01:00:00+00:00,-1,short,2543.51,2559.171,-15.660999999999603,close_sma_diff_-15.6610,2024-11-14T12:00:00+00:00,2024-11-15T01:00:00+00:00,2543.53,2564.88,-21.34999999999991,0.35,-21.69999999999991,4.510000000000218,33.88999999999987,2577.42,2539.02,720
15117,2024-11-18T03:00:00+00:00,2024-11-18T04:00:00+00:00,2024-11-18T16:00:00+00:00,1,long,2587.01,2568.611,18.399000000000342,close_sma_diff_18.3990,2024-11-18T04:00:00+00:00,2024-11-18T16:00:00+00:00,2586.92,2603.26,16.340000000000146,0.35,15.990000000000146,18.059999999999945,6.510000000000218,2604.98,2580.41,721
15131,2024-11-18T17:00:00+00:00,2024-11-18T18:00:00+00:00,2024-11-19T07:00:00+00:00,1,long,2612.95,2595.8810000000003,17.068999999999505,close_sma_diff_17.0690,2024-11-18T18:00:00+00:00,2024-11-19T07:00:00+00:00,2613.06,2622.29,9.230000000000018,0.35,8.880000000000019,12.539999999999964,5.690000000000055,2625.6,2607.37,720
15149,2024-11-19T12:00:00+00:00,2024-11-19T13:00:00+00:00,2024-11-20T02:00:00+00:00,1,long,2635.05,2624.398,10.652000000000044,close_sma_diff_10.6520,2024-11-19T13:00:00+00:00,2024-11-20T02:00:00+00:00,2635.05,2635.01,-0.03999999999996362,0.35,-0.3899999999999636,4.349999999999909,14.050000000000182,2639.4,2621.0,720
15169,2024-11-20T09:00:00+00:00,2024-11-20T10:00:00+00:00,2024-11-20T22:00:00+00:00,-1,short,2621.59,2634.739,-13.148999999999887,close_sma_diff_-13.1490,2024-11-20T10:00:00+00:00,2024-11-20T22:00:00+00:00,2621.45,2650.18,-28.730000000000018,0.35,-29.08000000000002,2.5399999999999636,33.90000000000009,2655.35,2618.91,721
15193,2024-11-21T10:00:00+00:00,2024-11-21T11:00:00+00:00,2024-11-21T23:00:00+00:00,1,long,2668.85,2658.169,10.68100000000004,close_sma_diff_10.6810,2024-11-21T11:00:00+00:00,2024-11-21T23:00:00+00:00,2668.81,2671.4,2.5900000000001455,0.35,2.2400000000001454,4.6599999999998545,8.349999999999909,2673.47,2660.46,721
15210,2024-11-22T04:00:00+00:00,2024-11-22T05:00:00+00:00,2024-11-22T17:00:00+00:00,1,long,2686.01,2672.567,13.443000000000211,close_sma_diff_13.4430,2024-11-22T05:00:00+00:00,2024-11-22T17:00:00+00:00,2686.01,2695.35,9.33999999999969,0.35,8.989999999999691,23.979999999999563,4.540000000000418,2709.99,2681.47,721
15229,2024-11-22T23:00:00+00:00,2024-11-25T01:00:00+00:00,2024-11-25T13:00:00+00:00,1,long,2715.34,2704.598,10.74200000000019,close_sma_diff_10.7420,2024-11-25T01:00:00+00:00,2024-11-25T13:00:00+00:00,2692.25,2679.36,-12.889999999999873,0.35,-13.239999999999872,29.059999999999945,34.5300000000002,2721.31,2657.72,721
15245,2024-11-25T16:00:00+00:00,2024-11-25T17:00:00+00:00,2024-11-26T06:00:00+00:00,-1,short,2641.34,2671.049,-29.708999999999833,close_sma_diff_-29.7090,2024-11-25T17:00:00+00:00,2024-11-26T06:00:00+00:00,2641.36,2630.58,10.7800000000002,0.35,10.4300000000002,36.5,0.33999999999969077,2641.7,2604.86,720
15283,2024-11-27T08:00:00+00:00,2024-11-27T09:00:00+00:00,2024-11-27T21:00:00+00:00,1,long,2647.68,2636.0190000000002,11.660999999999603,close_sma_diff_11.6610,2024-11-27T09:00:00+00:00,2024-11-27T21:00:00+00:00,2647.71,2639.32,-8.389999999999873,0.35,-8.739999999999872,10.489999999999782,12.340000000000146,2658.2,2635.37,721
15309,2024-11-28T11:00:00+00:00,2024-11-28T12:00:00+00:00,2024-11-29T03:00:00+00:00,1,long,2646.14,2635.199,10.940999999999804,close_sma_diff_10.9410,2024-11-28T12:00:00+00:00,2024-11-29T03:00:00+00:00,2646.14,2634.47,-11.670000000000073,0.35,-12.020000000000072,3.430000000000291,11.759999999999764,2649.57,2634.38,691
15323,2024-11-29T04:00:00+00:00,2024-11-29T05:00:00+00:00,2024-11-29T17:00:00+00:00,1,long,2657.41,2641.647,15.76299999999992,close_sma_diff_15.7630,2024-11-29T05:00:00+00:00,2024-11-29T17:00:00+00:00,2657.42,2651.46,-5.960000000000036,0.35,-6.310000000000036,8.949999999999818,6.2400000000002365,2666.37,2651.18,721
15341,2024-12-02T01:00:00+00:00,2024-12-02T02:00:00+00:00,2024-12-02T14:00:00+00:00,-1,short,2645.74,2656.1420000000003,-10.402000000000498,close_sma_diff_-10.4020,2024-12-02T02:00:00+00:00,2024-12-02T14:00:00+00:00,2645.91,2640.59,5.319999999999709,0.35,4.969999999999709,24.049999999999727,1.7300000000000182,2647.64,2621.86,721
15355,2024-12-02T15:00:00+00:00,2024-12-02T16:00:00+00:00,2024-12-03T05:00:00+00:00,1,long,2646.97,2633.62,13.349999999999909,close_sma_diff_13.3500,2024-12-02T16:00:00+00:00,2024-12-03T05:00:00+00:00,2646.96,2636.8,-10.159999999999854,0.35,-10.509999999999854,4.539999999999964,13.36999999999989,2651.5,2633.59,720
15427,2024-12-05T18:00:00+00:00,2024-12-05T19:00:00+00:00,2024-12-06T08:00:00+00:00,-1,short,2635.15,2645.4669999999996,-10.316999999999553,close_sma_diff_-10.3170,2024-12-05T19:00:00+00:00,2024-12-06T08:00:00+00:00,2635.15,2637.76,-2.6100000000001273,0.35,-2.9600000000001274,22.829999999999927,9.199999999999818,2644.35,2612.32,720
15464,2024-12-09T09:00:00+00:00,2024-12-09T10:00:00+00:00,2024-12-09T22:00:00+00:00,1,long,2650.55,2640.4100000000003,10.139999999999873,close_sma_diff_10.1400,2024-12-09T10:00:00+00:00,2024-12-09T22:00:00+00:00,2650.76,2659.71,8.949999999999818,0.35,8.599999999999818,25.559999999999945,4.660000000000309,2676.32,2646.1,721
15494,2024-12-10T16:00:00+00:00,2024-12-10T17:00:00+00:00,2024-12-11T06:00:00+00:00,1,long,2688.88,2672.886,15.994000000000142,close_sma_diff_15.9940,2024-12-10T17:00:00+00:00,2024-12-11T06:00:00+00:00,2689.06,2694.5,5.440000000000055,0.35,5.090000000000055,15.0,4.7599999999997635,2704.06,2684.3,720
15517,2024-12-11T16:00:00+00:00,2024-12-11T17:00:00+00:00,2024-12-12T06:00:00+00:00,1,long,2706.39,2695.206,11.183999999999742,close_sma_diff_11.1840,2024-12-11T17:00:00+00:00,2024-12-12T06:00:00+00:00,2706.44,2710.32,3.880000000000109,0.35,3.530000000000109,19.710000000000036,6.119999999999891,2726.15,2700.32,720
15539,2024-12-12T15:00:00+00:00,2024-12-12T16:00:00+00:00,2024-12-13T05:00:00+00:00,-1,short,2697.45,2711.9049999999997,-14.454999999999927,close_sma_diff_-14.4550,2024-12-12T16:00:00+00:00,2024-12-13T05:00:00+00:00,2697.23,2686.85,10.38000000000011,0.35,10.03000000000011,22.199999999999818,2.3099999999999454,2699.54,2675.03,720
15557,2024-12-13T10:00:00+00:00,2024-12-13T11:00:00+00:00,2024-12-13T23:00:00+00:00,-1,short,2674.98,2685.349,-10.369000000000142,close_sma_diff_-10.3690,2024-12-13T11:00:00+00:00,2024-12-13T23:00:00+00:00,2674.65,2646.48,28.170000000000073,0.35,27.82000000000007,28.559999999999945,2.2899999999999636,2676.94,2646.09,721
15604,2024-12-17T11:00:00+00:00,2024-12-17T12:00:00+00:00,2024-12-18T01:00:00+00:00,-1,short,2639.65,2651.375,-11.724999999999909,close_sma_diff_-11.7250,2024-12-17T12:00:00+00:00,2024-12-18T01:00:00+00:00,2639.56,2646.4,-6.8400000000001455,0.35,-7.190000000000145,6.529999999999745,9.420000000000073,2648.98,2633.03,720
15637,2024-12-18T21:00:00+00:00,2024-12-18T22:00:00+00:00,2024-12-19T11:00:00+00:00,-1,short,2604.41,2636.98,-32.570000000000164,close_sma_diff_-32.5700,2024-12-18T22:00:00+00:00,2024-12-19T11:00:00+00:00,2604.46,2619.73,-15.269999999999982,0.35,-15.619999999999981,21.539999999999964,18.170000000000073,2622.63,2582.92,720
15654,2024-12-19T15:00:00+00:00,2024-12-19T16:00:00+00:00,2024-12-20T05:00:00+00:00,-1,short,2596.37,2612.348,-15.978000000000065,close_sma_diff_-15.9780,2024-12-19T16:00:00+00:00,2024-12-20T05:00:00+00:00,2596.19,2597.48,-1.2899999999999636,0.35,-1.6399999999999637,9.210000000000036,7.799999999999727,2603.99,2586.98,720
15678,2024-12-20T16:00:00+00:00,2024-12-20T17:00:00+00:00,2024-12-23T06:00:00+00:00,1,long,2616.69,2605.9399999999996,10.750000000000455,close_sma_diff_10.7500,2024-12-20T17:00:00+00:00,2024-12-23T06:00:00+00:00,2616.47,2624.38,7.910000000000309,0.35,7.56000000000031,15.350000000000364,0.1499999999996362,2631.82,2616.32,718
15702,2024-12-23T17:00:00+00:00,2024-12-23T18:00:00+00:00,2024-12-24T07:00:00+00:00,-1,short,2609.71,2621.0950000000003,-11.385000000000218,close_sma_diff_-11.3850,2024-12-23T18:00:00+00:00,2024-12-24T07:00:00+00:00,2609.7,2620.51,-10.8100000000004,0.35,-11.1600000000004,1.569999999999709,10.990000000000236,2620.69,2608.13,720
15767,2024-12-27T16:00:00+00:00,2024-12-27T17:00:00+00:00,2024-12-30T06:00:00+00:00,-1,short,2615.49,2626.5799999999995,-11.08999999999969,close_sma_diff_-11.0900,2024-12-27T17:00:00+00:00,2024-12-30T06:00:00+00:00,2615.65,2625.84,-10.190000000000055,0.35,-10.540000000000054,3.0399999999999636,12.480000000000018,2628.13,2612.61,718
15791,2024-12-30T17:00:00+00:00,2024-12-30T18:00:00+00:00,2024-12-31T07:00:00+00:00,-1,short,2601.61,2612.877,-11.266999999999825,close_sma_diff_-11.2670,2024-12-30T18:00:00+00:00,2024-12-31T07:00:00+00:00,2601.56,2607.07,-5.510000000000218,0.35,-5.860000000000218,5.4699999999998,10.0300000000002,2611.59,2596.09,720
15814,2024-12-31T17:00:00+00:00,2024-12-31T18:00:00+00:00,2025-01-02T07:00:00+00:00,1,long,2625.84,2614.038,11.802000000000135,close_sma_diff_11.8020,2024-12-31T18:00:00+00:00,2025-01-02T07:00:00+00:00,2625.65,2634.16,8.509999999999764,0.35,8.159999999999764,10.7199999999998,4.170000000000073,2636.37,2621.48,720
15837,2025-01-02T17:00:00+00:00,2025-01-02T18:00:00+00:00,2025-01-03T07:00:00+00:00,1,long,2654.1,2641.545,12.554999999999836,close_sma_diff_12.5550,2025-01-02T18:00:00+00:00,2025-01-03T07:00:00+00:00,2653.91,2662.58,8.670000000000073,0.35,8.320000000000073,11.240000000000236,3.8399999999996908,2665.15,2650.07,720
15861,2025-01-03T18:00:00+00:00,2025-01-03T19:00:00+00:00,2025-01-06T08:00:00+00:00,-1,short,2639.95,2651.203,-11.253000000000156,close_sma_diff_-11.2530,2025-01-03T19:00:00+00:00,2025-01-06T08:00:00+00:00,2639.93,2634.74,5.190000000000055,0.35,4.840000000000055,8.230000000000018,7.480000000000018,2647.41,2631.7,718
15875,2025-01-06T09:00:00+00:00,2025-01-06T10:00:00+00:00,2025-01-06T22:00:00+00:00,-1,short,2626.9,2637.808,-10.907999999999902,close_sma_diff_-10.9080,2025-01-06T10:00:00+00:00,2025-01-06T22:00:00+00:00,2626.65,2634.12,-7.4699999999998,0.35,-7.8199999999997996,12.200000000000273,22.799999999999727,2649.45,2614.45,721
15902,2025-01-07T15:00:00+00:00,2025-01-07T16:00:00+00:00,2025-01-08T05:00:00+00:00,1,long,2662.45,2645.46,16.98999999999978,close_sma_diff_16.9900,2025-01-07T16:00:00+00:00,2025-01-08T05:00:00+00:00,2662.53,2648.35,-14.180000000000291,0.35,-14.53000000000029,0.4899999999997817,20.3100000000004,2663.02,2642.22,720
15927,2025-01-08T17:00:00+00:00,2025-01-08T18:00:00+00:00,2025-01-09T07:00:00+00:00,1,long,2665.9,2655.327,10.572999999999865,close_sma_diff_10.5730,2025-01-08T18:00:00+00:00,2025-01-09T07:00:00+00:00,2665.89,2659.0,-6.889999999999873,0.35,-7.239999999999872,4.110000000000127,16.36999999999989,2670.0,2649.52,720
15973,2025-01-10T17:00:00+00:00,2025-01-10T18:00:00+00:00,2025-01-13T07:00:00+00:00,1,long,2692.59,2681.67,10.920000000000073,close_sma_diff_10.9200,2025-01-10T18:00:00+00:00,2025-01-13T07:00:00+00:00,2693.04,2685.98,-7.059999999999945,0.35,-7.409999999999945,4.970000000000255,13.579999999999927,2698.01,2679.46,718
15993,2025-01-13T14:00:00+00:00,2025-01-13T15:00:00+00:00,2025-01-14T04:00:00+00:00,-1,short,2671.31,2683.522,-12.211999999999989,close_sma_diff_-12.2120,2025-01-13T15:00:00+00:00,2025-01-14T04:00:00+00:00,2671.09,2670.28,0.8099999999999454,0.35,0.45999999999994545,14.25,3.099999999999909,2674.19,2656.84,720
16063,2025-01-16T15:00:00+00:00,2025-01-16T16:00:00+00:00,2025-01-17T05:00:00+00:00,1,long,2715.24,2702.148,13.091999999999643,close_sma_diff_13.0920,2025-01-16T16:00:00+00:00,2025-01-17T05:00:00+00:00,2715.27,2716.35,1.0799999999999272,0.35,0.7299999999999273,9.490000000000236,5.389999999999873,2724.76,2709.88,720
16095,2025-01-20T01:00:00+00:00,2025-01-20T02:00:00+00:00,2025-01-20T14:00:00+00:00,-1,short,2696.48,2706.853,-10.373000000000047,close_sma_diff_-10.3730,2025-01-20T02:00:00+00:00,2025-01-20T14:00:00+00:00,2696.48,2708.45,-11.9699999999998,0.35,-12.3199999999998,7.2199999999998,17.2800000000002,2713.76,2689.26,721
16119,2025-01-21T04:00:00+00:00,2025-01-21T05:00:00+00:00,2025-01-21T17:00:00+00:00,1,long,2724.85,2710.745,14.105000000000018,close_sma_diff_14.1050,2025-01-21T05:00:00+00:00,2025-01-21T17:00:00+00:00,2724.84,2738.39,13.549999999999727,0.35,13.199999999999728,14.059999999999945,8.41000000000031,2738.9,2716.43,721
16133,2025-01-21T18:00:00+00:00,2025-01-21T19:00:00+00:00,2025-01-22T08:00:00+00:00,1,long,2743.14,2729.077,14.062999999999647,close_sma_diff_14.0630,2025-01-21T19:00:00+00:00,2025-01-22T08:00:00+00:00,2743.14,2756.99,13.849999999999909,0.35,13.49999999999991,15.539999999999964,3.3099999999999454,2758.68,2739.83,721
16188,2025-01-24T04:00:00+00:00,2025-01-24T05:00:00+00:00,2025-01-24T17:00:00+00:00,1,long,2774.25,2758.0699999999997,16.18000000000029,close_sma_diff_16.1800,2025-01-24T05:00:00+00:00,2025-01-24T17:00:00+00:00,2774.28,2776.94,2.6599999999998545,0.35,2.3099999999998544,10.299999999999727,4.2400000000002365,2784.58,2770.04,721
16211,2025-01-27T04:00:00+00:00,2025-01-27T05:00:00+00:00,2025-01-27T17:00:00+00:00,-1,short,2756.14,2769.1969999999997,-13.056999999999789,close_sma_diff_-13.0570,2025-01-27T05:00:00+00:00,2025-01-27T17:00:00+00:00,2756.17,2748.37,7.800000000000182,0.35,7.450000000000182,11.220000000000255,15.710000000000036,2771.88,2744.95,721
16225,2025-01-27T18:00:00+00:00,2025-01-27T19:00:00+00:00,2025-01-28T08:00:00+00:00,-1,short,2734.42,2755.5099999999998,-21.08999999999969,close_sma_diff_-21.0900,2025-01-27T19:00:00+00:00,2025-01-28T08:00:00+00:00,2734.73,2741.05,-6.320000000000164,0.35,-6.670000000000163,4.25,10.590000000000146,2745.32,2730.48,720
16247,2025-01-28T17:00:00+00:00,2025-01-28T18:00:00+00:00,2025-01-29T07:00:00+00:00,1,long,2755.44,2745.133,10.307000000000244,close_sma_diff_10.3070,2025-01-28T18:00:00+00:00,2025-01-29T07:00:00+00:00,2755.44,2762.2,6.7599999999997635,0.35,6.409999999999764,10.759999999999764,0.25,2766.2,2755.19,720
16286,2025-01-30T10:00:00+00:00,2025-01-30T11:00:00+00:00,2025-01-30T23:00:00+00:00,1,long,2776.21,2763.665,12.545000000000073,close_sma_diff_12.5450,2025-01-30T11:00:00+00:00,2025-01-30T23:00:00+00:00,2776.5,2796.05,19.550000000000182,0.35,19.20000000000018,21.820000000000164,4.940000000000055,2798.32,2771.56,721
16315,2025-01-31T16:00:00+00:00,2025-01-31T17:00:00+00:00,2025-02-03T06:00:00+00:00,1,long,2812.38,2799.2560000000003,13.123999999999796,close_sma_diff_13.1240,2025-01-31T17:00:00+00:00,2025-02-03T06:00:00+00:00,2812.34,2774.54,-37.80000000000018,0.35,-38.15000000000018,4.889999999999873,40.17000000000007,2817.23,2772.17,718
16332,2025-02-03T10:00:00+00:00,2025-02-03T11:00:00+00:00,2025-02-03T23:00:00+00:00,1,long,2796.71,2785.712,10.998000000000047,close_sma_diff_10.9980,2025-02-03T11:00:00+00:00,2025-02-03T23:00:00+00:00,2796.69,2817.09,20.40000000000009,0.35,20.05000000000009,33.710000000000036,3.6799999999998363,2830.4,2793.01,721
16360,2025-02-04T15:00:00+00:00,2025-02-04T16:00:00+00:00,2025-02-05T05:00:00+00:00,1,long,2831.69,2818.066,13.624000000000251,close_sma_diff_13.6240,2025-02-04T16:00:00+00:00,2025-02-05T05:00:00+00:00,2831.86,2851.83,19.9699999999998,0.35,19.6199999999998,21.940000000000055,2.7899999999999636,2853.8,2829.07,720
16375,2025-02-05T07:00:00+00:00,2025-02-05T08:00:00+00:00,2025-02-05T20:00:00+00:00,1,long,2859.33,2847.782,11.547999999999774,close_sma_diff_11.5480,2025-02-05T08:00:00+00:00,2025-02-05T20:00:00+00:00,2859.35,2873.26,13.91000000000031,0.35,13.56000000000031,23.139999999999873,4.489999999999782,2882.49,2854.86,721
16400,2025-02-06T09:00:00+00:00,2025-02-06T10:00:00+00:00,2025-02-06T22:00:00+00:00,-1,short,2855.88,2866.936,-11.05600000000004,close_sma_diff_-11.0560,2025-02-06T10:00:00+00:00,2025-02-06T22:00:00+00:00,2855.77,2853.99,1.7800000000002,0.35,1.4300000000002,21.670000000000073,14.5300000000002,2870.3,2834.1,721
16417,2025-02-07T03:00:00+00:00,2025-02-07T04:00:00+00:00,2025-02-07T16:00:00+00:00,1,long,2866.27,2855.271,10.998999999999796,close_sma_diff_10.9990,2025-02-07T04:00:00+00:00,2025-02-07T16:00:00+00:00,2866.17,2860.23,-5.940000000000055,0.35,-6.290000000000054,4.519999999999982,13.7800000000002,2870.69,2852.39,721
16431,2025-02-07T17:00:00+00:00,2025-02-07T18:00:00+00:00,2025-02-10T07:00:00+00:00,1,long,2880.37,2867.7760000000003,12.593999999999596,close_sma_diff_12.5940,2025-02-07T18:00:00+00:00,2025-02-10T07:00:00+00:00,2880.48,2879.16,-1.3200000000001637,0.35,-1.6700000000001638,0.9499999999998181,27.230000000000018,2881.43,2853.25,718
16445,2025-02-10T08:00:00+00:00,2025-02-10T09:00:00+00:00,2025-02-10T21:00:00+00:00,1,long,2888.23,2872.5359999999996,15.694000000000415,close_sma_diff_15.6940,2025-02-10T09:00:00+00:00,2025-02-10T21:00:00+00:00,2888.18,2905.23,17.050000000000182,0.35,16.70000000000018,23.590000000000146,1.5599999999999454,2911.77,2886.62,721
16461,2025-02-11T01:00:00+00:00,2025-02-11T02:00:00+00:00,2025-02-11T14:00:00+00:00,1,long,2917.83,2906.56,11.269999999999982,close_sma_diff_11.2700,2025-02-11T02:00:00+00:00,2025-02-11T14:00:00+00:00,2917.96,2903.3,-14.659999999999854,0.35,-15.009999999999854,24.61999999999989,16.139999999999873,2942.58,2901.82,721
16475,2025-02-11T15:00:00+00:00,2025-02-11T16:00:00+00:00,2025-02-12T05:00:00+00:00,-1,short,2896.36,2907.339,-10.978999999999814,close_sma_diff_-10.9790,2025-02-11T16:00:00+00:00,2025-02-12T05:00:00+00:00,2896.47,2891.84,4.629999999999654,0.35,4.279999999999655,12.699999999999818,12.140000000000327,2908.61,2883.77,720
16489,2025-02-12T06:00:00+00:00,2025-02-12T07:00:00+00:00,2025-02-12T19:00:00+00:00,-1,short,2885.17,2895.173,-10.002999999999702,close_sma_diff_-10.0030,2025-02-12T07:00:00+00:00,2025-02-12T19:00:00+00:00,2885.36,2904.57,-19.210000000000036,0.35,-19.560000000000038,21.820000000000164,19.289999999999964,2904.65,2863.54,721
16511,2025-02-13T05:00:00+00:00,2025-02-13T06:00:00+00:00,2025-02-13T18:00:00+00:00,1,long,2916.48,2905.0379999999996,11.442000000000462,close_sma_diff_11.4420,2025-02-13T06:00:00+00:00,2025-02-13T18:00:00+00:00,2916.44,2919.08,2.6399999999998727,0.35,2.2899999999998726,6.269999999999982,10.550000000000182,2922.71,2905.89,721
16544,2025-02-14T15:00:00+00:00,2025-02-14T16:00:00+00:00,2025-02-17T05:00:00+00:00,-1,short,2920.53,2931.441,-10.910999999999603,close_sma_diff_-10.9110,2025-02-14T16:00:00+00:00,2025-02-17T05:00:00+00:00,2920.39,2898.71,21.679999999999836,0.35,21.329999999999835,43.35999999999967,8.13000000000011,2928.52,2877.03,718
16589,2025-02-18T16:00:00+00:00,2025-02-18T17:00:00+00:00,2025-02-19T06:00:00+00:00,1,long,2927.95,2915.127,12.822999999999865,close_sma_diff_12.8230,2025-02-18T17:00:00+00:00,2025-02-19T06:00:00+00:00,2927.91,2928.67,0.7600000000002183,0.35,0.4100000000002183,11.620000000000346,4.230000000000018,2939.53,2923.68,720
16607,2025-02-19T11:00:00+00:00,2025-02-19T12:00:00+00:00,2025-02-20T01:00:00+00:00,1,long,2945.55,2933.743,11.807000000000244,close_sma_diff_11.8070,2025-02-19T12:00:00+00:00,2025-02-20T01:00:00+00:00,2945.55,2933.38,-12.170000000000073,0.35,-12.520000000000072,1.5,26.940000000000055,2947.05,2918.61,719
16629,2025-02-20T10:00:00+00:00,2025-02-20T11:00:00+00:00,2025-02-20T23:00:00+00:00,1,long,2954.62,2943.396,11.223999999999705,close_sma_diff_11.2240,2025-02-20T11:00:00+00:00,2025-02-20T23:00:00+00:00,2954.62,2938.44,-16.179999999999836,0.35,-16.529999999999838,0.2899999999999636,30.359999999999673,2954.91,2924.26,721
16645,2025-02-21T03:00:00+00:00,2025-02-21T04:00:00+00:00,2025-02-21T16:00:00+00:00,-1,short,2928.69,2938.8689999999997,-10.178999999999633,close_sma_diff_-10.1790,2025-02-21T04:00:00+00:00,2025-02-21T16:00:00+00:00,2928.65,2930.3,-1.650000000000091,0.35,-2.000000000000091,11.91000000000031,12.349999999999909,2941.0,2916.74,721
16680,2025-02-24T15:00:00+00:00,2025-02-24T16:00:00+00:00,2025-02-25T05:00:00+00:00,1,long,2954.4,2943.6910000000003,10.708999999999833,close_sma_diff_10.7090,2025-02-24T16:00:00+00:00,2025-02-25T05:00:00+00:00,2954.39,2948.26,-6.129999999999654,0.35,-6.479999999999654,1.7899999999999636,23.609999999999673,2956.18,2930.78,720
16694,2025-02-25T06:00:00+00:00,2025-02-25T07:00:00+00:00,2025-02-25T19:00:00+00:00,-1,short,2936.82,2947.405,-10.585000000000036,close_sma_diff_-10.5850,2025-02-25T07:00:00+00:00,2025-02-25T19:00:00+00:00,2936.82,2895.49,41.33000000000038,0.35,40.98000000000038,48.55000000000018,8.019999999999982,2944.84,2888.27,721
16708,2025-02-25T20:00:00+00:00,2025-02-25T21:00:00+00:00,2025-02-26T10:00:00+00:00,-1,short,2909.58,2923.3,-13.720000000000255,close_sma_diff_-13.7200,2025-02-25T21:00:00+00:00,2025-02-26T10:00:00+00:00,2909.51,2914.33,-4.819999999999709,0.35,-5.169999999999709,3.7100000000000364,20.56999999999971,2930.08,2905.8,720
16727,2025-02-26T16:00:00+00:00,2025-02-26T17:00:00+00:00,2025-02-27T06:00:00+00:00,-1,short,2901.09,2911.591,-10.500999999999749,close_sma_diff_-10.5010,2025-02-26T17:00:00+00:00,2025-02-27T06:00:00+00:00,2901.13,2905.64,-4.5099999999997635,0.35,-4.859999999999763,2.630000000000109,19.63000000000011,2920.76,2898.5,720
16741,2025-02-27T07:00:00+00:00,2025-02-27T08:00:00+00:00,2025-02-27T20:00:00+00:00,-1,short,2890.99,2909.6,-18.610000000000127,close_sma_diff_-18.6100,2025-02-27T08:00:00+00:00,2025-02-27T20:00:00+00:00,2891.0,2884.06,6.940000000000055,0.35,6.590000000000055,23.210000000000036,7.449999999999818,2898.45,2867.79,721
16762,2025-02-28T05:00:00+00:00,2025-02-28T06:00:00+00:00,2025-02-28T18:00:00+00:00,-1,short,2865.75,2876.795,-11.045000000000073,close_sma_diff_-11.0450,2025-02-28T06:00:00+00:00,2025-02-28T18:00:00+00:00,2865.71,2849.46,16.25,0.35,15.9,33.13999999999987,1.2899999999999636,2867.0,2832.57,721
16781,2025-03-03T01:00:00+00:00,2025-03-03T02:00:00+00:00,2025-03-03T14:00:00+00:00,1,long,2870.81,2850.596,20.213999999999942,close_sma_diff_20.2140,2025-03-03T02:00:00+00:00,2025-03-03T14:00:00+00:00,2871.17,2874.99,3.819999999999709,0.35,3.469999999999709,4.2599999999997635,12.340000000000146,2875.43,2858.83,721
16797,2025-03-03T17:00:00+00:00,2025-03-03T18:00:00+00:00,2025-03-04T07:00:00+00:00,1,long,2887.85,2872.4010000000003,15.448999999999614,close_sma_diff_15.4490,2025-03-03T18:00:00+00:00,2025-03-04T07:00:00+00:00,2887.92,2891.13,3.2100000000000364,0.35,2.8600000000000363,7.369999999999891,9.510000000000218,2895.29,2878.41,720
16813,2025-03-04T10:00:00+00:00,2025-03-04T11:00:00+00:00,2025-03-04T23:00:00+00:00,1,long,2913.96,2892.751,21.208999999999833,close_sma_diff_21.2090,2025-03-04T11:00:00+00:00,2025-03-04T23:00:00+00:00,2914.39,2917.92,3.5300000000002,0.35,3.1800000000002,13.370000000000346,14.049999999999727,2927.76,2900.34,721
16841,2025-03-05T15:00:00+00:00,2025-03-05T16:00:00+00:00,2025-03-06T05:00:00+00:00,-1,short,2899.92,2914.5530000000003,-14.633000000000266,close_sma_diff_-14.6330,2025-03-05T16:00:00+00:00,2025-03-06T05:00:00+00:00,2899.64,2925.52,-25.88000000000011,0.35,-26.23000000000011,1.9699999999998,30.420000000000073,2930.06,2897.67,720
16859,2025-03-06T10:00:00+00:00,2025-03-06T11:00:00+00:00,2025-03-06T23:00:00+00:00,-1,short,2904.78,2917.9300000000003,-13.150000000000091,close_sma_diff_-13.1500,2025-03-06T11:00:00+00:00,2025-03-06T23:00:00+00:00,2904.45,2910.54,-6.0900000000001455,0.35,-6.440000000000145,13.329999999999927,18.220000000000255,2922.67,2891.12,721
16882,2025-03-07T10:00:00+00:00,2025-03-07T11:00:00+00:00,2025-03-07T23:00:00+00:00,1,long,2922.44,2910.444,11.996000000000095,close_sma_diff_11.9960,2025-03-07T11:00:00+00:00,2025-03-07T23:00:00+00:00,2922.37,2908.46,-13.909999999999854,0.35,-14.259999999999854,7.960000000000036,20.36999999999989,2930.33,2902.0,721
16906,2025-03-10T10:00:00+00:00,2025-03-10T11:00:00+00:00,2025-03-11T00:00:00+00:00,-1,short,2897.8,2910.624,-12.823999999999614,close_sma_diff_-12.8240,2025-03-10T11:00:00+00:00,2025-03-11T00:00:00+00:00,2897.67,2888.53,9.139999999999873,0.35,8.789999999999873,17.389999999999873,17.65000000000009,2915.32,2880.28,720
16923,2025-03-11T04:00:00+00:00,2025-03-11T05:00:00+00:00,2025-03-11T17:00:00+00:00,1,long,2899.02,2888.825,10.195000000000164,close_sma_diff_10.1950,2025-03-11T05:00:00+00:00,2025-03-11T17:00:00+00:00,2899.05,2915.42,16.36999999999989,0.35,16.01999999999989,22.980000000000018,6.2400000000002365,2922.03,2892.81,721
16959,2025-03-12T17:00:00+00:00,2025-03-12T18:00:00+00:00,2025-03-13T07:00:00+00:00,1,long,2928.26,2917.607,10.653000000000247,close_sma_diff_10.6530,2025-03-12T18:00:00+00:00,2025-03-13T07:00:00+00:00,2928.35,2944.98,16.63000000000011,0.35,16.280000000000108,18.7800000000002,0.4299999999998363,2947.13,2927.92,720
16981,2025-03-13T16:00:00+00:00,2025-03-13T17:00:00+00:00,2025-03-14T06:00:00+00:00,1,long,2969.85,2945.447,24.402999999999793,close_sma_diff_24.4030,2025-03-13T17:00:00+00:00,2025-03-14T06:00:00+00:00,2970.15,2993.46,23.309999999999945,0.35,22.959999999999944,23.690000000000055,3.6900000000000546,2993.84,2966.46,720
16999,2025-03-14T11:00:00+00:00,2025-03-14T12:00:00+00:00,2025-03-17T01:00:00+00:00,1,long,2998.81,2988.747,10.063000000000102,close_sma_diff_10.0630,2025-03-14T12:00:00+00:00,2025-03-17T01:00:00+00:00,2998.81,2989.09,-9.7199999999998,0.35,-10.0699999999998,6.039999999999964,20.360000000000127,3004.85,2978.45,718
17040,2025-03-18T06:00:00+00:00,2025-03-18T07:00:00+00:00,2025-03-18T19:00:00+00:00,1,long,3014.53,3004.455,10.075000000000273,close_sma_diff_10.0750,2025-03-18T07:00:00+00:00,2025-03-18T19:00:00+00:00,3014.45,3036.15,21.700000000000273,0.35,21.35000000000027,23.8100000000004,8.329999999999927,3038.26,3006.12,721
17077,2025-03-19T20:00:00+00:00,2025-03-19T21:00:00+00:00,2025-03-20T10:00:00+00:00,1,long,3046.75,3034.3540000000003,12.39599999999973,close_sma_diff_12.3960,2025-03-19T21:00:00+00:00,2025-03-20T10:00:00+00:00,3047.16,3043.42,-3.7399999999997817,0.35,-4.089999999999781,10.100000000000364,6.089999999999691,3057.26,3041.07,720
17092,2025-03-20T12:00:00+00:00,2025-03-20T13:00:00+00:00,2025-03-21T02:00:00+00:00,-1,short,3034.18,3045.339,-11.159000000000106,close_sma_diff_-11.1590,2025-03-20T13:00:00+00:00,2025-03-21T02:00:00+00:00,3034.15,3046.95,-12.799999999999727,0.35,-13.149999999999727,4.789999999999964,12.9699999999998,3047.12,3029.36,720
17108,2025-03-21T05:00:00+00:00,2025-03-21T06:00:00+00:00,2025-03-21T18:00:00+00:00,-1,short,3030.53,3041.0070000000005,-10.477000000000317,close_sma_diff_-10.4770,2025-03-21T06:00:00+00:00,2025-03-21T18:00:00+00:00,3030.49,3011.33,19.159999999999854,0.35,18.809999999999853,30.9399999999996,7.5900000000001455,3038.08,2999.55,721
17142,2025-03-24T16:00:00+00:00,2025-03-24T17:00:00+00:00,2025-03-25T06:00:00+00:00,-1,short,3012.12,3023.389,-11.269000000000233,close_sma_diff_-11.2690,2025-03-24T17:00:00+00:00,2025-03-25T06:00:00+00:00,3012.27,3015.05,-2.7800000000002,0.35,-3.1300000000002,9.809999999999945,3.9900000000002365,3016.26,3002.46,720
17199,2025-03-27T04:00:00+00:00,2025-03-27T05:00:00+00:00,2025-03-27T17:00:00+00:00,1,long,3031.73,3021.057,10.67300000000023,close_sma_diff_10.6730,2025-03-27T05:00:00+00:00,2025-03-27T17:00:00+00:00,3031.7,3057.24,25.539999999999964,0.35,25.189999999999962,27.860000000000127,4.889999999999873,3059.56,3026.81,721
17221,2025-03-28T03:00:00+00:00,2025-03-28T04:00:00+00:00,2025-03-28T16:00:00+00:00,1,long,3073.86,3056.963,16.896999999999935,close_sma_diff_16.8970,2025-03-28T04:00:00+00:00,2025-03-28T16:00:00+00:00,3073.87,3083.76,9.890000000000327,0.35,9.540000000000328,12.090000000000146,7.6599999999998545,3085.96,3066.21,721
17244,2025-03-31T04:00:00+00:00,2025-03-31T05:00:00+00:00,2025-03-31T17:00:00+00:00,1,long,3094.76,3084.2879999999996,10.472000000000662,close_sma_diff_10.4720,2025-03-31T05:00:00+00:00,2025-03-31T17:00:00+00:00,3094.43,3112.12,17.690000000000055,0.35,17.340000000000053,33.51000000000022,0.569999999999709,3127.94,3093.86,721
17267,2025-04-01T04:00:00+00:00,2025-04-01T05:00:00+00:00,2025-04-01T17:00:00+00:00,1,long,3135.44,3122.522,12.91800000000012,close_sma_diff_12.9180,2025-04-01T05:00:00+00:00,2025-04-01T17:00:00+00:00,3135.38,3134.98,-0.40000000000009095,0.35,-0.7500000000000909,13.659999999999854,11.190000000000055,3149.04,3124.19,721
17281,2025-04-01T18:00:00+00:00,2025-04-01T19:00:00+00:00,2025-04-02T08:00:00+00:00,-1,short,3113.68,3129.6620000000003,-15.982000000000426,close_sma_diff_-15.9820,2025-04-01T19:00:00+00:00,2025-04-02T08:00:00+00:00,3113.59,3115.52,-1.9299999999998363,0.35,-2.2799999999998364,12.720000000000255,22.049999999999727,3135.64,3100.87,720
17310,2025-04-03T01:00:00+00:00,2025-04-03T02:00:00+00:00,2025-04-03T14:00:00+00:00,1,long,3145.74,3127.411,18.328999999999724,close_sma_diff_18.3290,2025-04-03T02:00:00+00:00,2025-04-03T14:00:00+00:00,3145.77,3093.1,-52.67000000000007,0.35,-53.020000000000074,21.960000000000036,56.7800000000002,3167.73,3088.99,721
17324,2025-04-03T15:00:00+00:00,2025-04-03T16:00:00+00:00,2025-04-04T05:00:00+00:00,-1,short,3076.35,3119.249,-42.89899999999989,close_sma_diff_-42.8990,2025-04-03T16:00:00+00:00,2025-04-04T05:00:00+00:00,3076.24,3108.95,-32.710000000000036,0.35,-33.06000000000004,22.159999999999854,59.2800000000002,3135.52,3054.08,720
17338,2025-04-04T06:00:00+00:00,2025-04-04T07:00:00+00:00,2025-04-04T19:00:00+00:00,-1,short,3098.34,3108.665,-10.324999999999818,close_sma_diff_-10.3250,2025-04-04T07:00:00+00:00,2025-04-04T19:00:00+00:00,3098.5,3024.1,74.40000000000009,0.35,74.0500000000001,81.4699999999998,38.07999999999993,3136.58,3017.03,718
17352,2025-04-04T20:00:00+00:00,2025-04-04T21:00:00+00:00,2025-04-07T10:00:00+00:00,-1,short,3025.82,3064.531,-38.710999999999785,close_sma_diff_-38.7110,2025-04-04T21:00:00+00:00,2025-04-07T10:00:00+00:00,3025.8,3029.02,-3.2199999999998,0.35,-3.5699999999998,55.43000000000029,29.509999999999764,3055.31,2970.37,718
17366,2025-04-07T11:00:00+00:00,2025-04-07T12:00:00+00:00,2025-04-08T01:00:00+00:00,1,long,3031.16,3020.6960000000004,10.463999999999487,close_sma_diff_10.4640,2025-04-07T12:00:00+00:00,2025-04-08T01:00:00+00:00,3031.73,2982.03,-49.69999999999982,0.35,-50.04999999999982,14.25,75.4699999999998,3045.98,2956.26,720
17382,2025-04-08T04:00:00+00:00,2025-04-08T05:00:00+00:00,2025-04-08T17:00:00+00:00,1,long,2999.71,2980.526,19.184000000000196,close_sma_diff_19.1840,2025-04-08T05:00:00+00:00,2025-04-08T17:00:00+00:00,2999.79,3013.47,13.679999999999836,0.35,13.329999999999837,22.940000000000055,8.809999999999945,3022.73,2990.98,721
17397,2025-04-08T19:00:00+00:00,2025-04-08T20:00:00+00:00,2025-04-09T09:00:00+00:00,-1,short,2985.99,3005.077,-19.087000000000444,close_sma_diff_-19.0870,2025-04-08T20:00:00+00:00,2025-04-09T09:00:00+00:00,2986.15,3017.51,-31.360000000000127,0.35,-31.71000000000013,16.079999999999927,34.38000000000011,3020.53,2970.07,720
17411,2025-04-09T10:00:00+00:00,2025-04-09T11:00:00+00:00,2025-04-09T23:00:00+00:00,1,long,3041.05,3006.5060000000003,34.54399999999987,close_sma_diff_34.5440,2025-04-09T11:00:00+00:00,2025-04-09T23:00:00+00:00,3041.06,3091.96,50.90000000000009,0.35,50.55000000000009,58.539999999999964,4.769999999999982,3099.6,3036.29,719
17427,2025-04-10T03:00:00+00:00,2025-04-10T04:00:00+00:00,2025-04-10T16:00:00+00:00,1,long,3097.1,3081.7059999999997,15.394000000000233,close_sma_diff_15.3940,2025-04-10T04:00:00+00:00,2025-04-10T16:00:00+00:00,3097.55,3123.7,26.149999999999636,0.35,25.799999999999635,36.409999999999854,19.13000000000011,3133.96,3078.42,721
17441,2025-04-10T17:00:00+00:00,2025-04-10T18:00:00+00:00,2025-04-11T07:00:00+00:00,1,long,3154.52,3121.3419999999996,33.17800000000034,close_sma_diff_33.1780,2025-04-10T18:00:00+00:00,2025-04-11T07:00:00+00:00,3154.59,3216.73,62.13999999999987,0.35,61.78999999999987,65.58999999999969,3.0100000000002183,3220.18,3151.58,720
17459,2025-04-11T12:00:00+00:00,2025-04-11T13:00:00+00:00,2025-04-14T02:00:00+00:00,1,long,3227.73,3210.5209999999997,17.209000000000287,close_sma_diff_17.2090,2025-04-11T13:00:00+00:00,2025-04-14T02:00:00+00:00,3227.68,3221.43,-6.25,0.35,-6.6,17.68000000000029,17.56999999999971,3245.36,3210.11,718
17483,2025-04-14T13:00:00+00:00,2025-04-14T14:00:00+00:00,2025-04-15T03:00:00+00:00,-1,short,3215.28,3229.061,-13.780999999999949,close_sma_diff_-13.7810,2025-04-14T14:00:00+00:00,2025-04-15T03:00:00+00:00,3215.25,3212.04,3.2100000000000364,0.35,2.8600000000000363,21.679999999999836,12.420000000000073,3227.67,3193.57,720
17497,2025-04-15T04:00:00+00:00,2025-04-15T05:00:00+00:00,2025-04-15T17:00:00+00:00,1,long,3223.66,3211.1279999999997,12.532000000000153,close_sma_diff_12.5320,2025-04-15T05:00:00+00:00,2025-04-15T17:00:00+00:00,3223.72,3217.24,-6.480000000000018,0.35,-6.830000000000018,8.960000000000036,12.099999999999909,3232.68,3211.62,721
17517,2025-04-16T01:00:00+00:00,2025-04-16T02:00:00+00:00,2025-04-16T14:00:00+00:00,1,long,3241.47,3225.7780000000002,15.691999999999553,close_sma_diff_15.6920,2025-04-16T02:00:00+00:00,2025-04-16T14:00:00+00:00,3241.52,3304.06,62.539999999999964,0.35,62.18999999999996,76.24000000000024,3.1599999999998545,3317.76,3238.36,721
17532,2025-04-16T16:00:00+00:00,2025-04-16T17:00:00+00:00,2025-04-17T06:00:00+00:00,1,long,3311.59,3300.5919999999996,10.998000000000502,close_sma_diff_10.9980,2025-04-16T17:00:00+00:00,2025-04-17T06:00:00+00:00,3311.74,3340.18,28.440000000000055,0.35,28.090000000000053,45.91000000000031,6.5,3357.65,3305.24,720
17547,2025-04-17T08:00:00+00:00,2025-04-17T09:00:00+00:00,2025-04-17T21:00:00+00:00,-1,short,3329.4,3340.5370000000003,-11.137000000000171,close_sma_diff_-11.1370,2025-04-17T09:00:00+00:00,2025-04-17T21:00:00+00:00,3329.5,3318.65,10.849999999999909,0.35,10.49999999999991,45.659999999999854,12.670000000000073,3342.17,3283.84,721
17562,2025-04-17T23:00:00+00:00,2025-04-21T01:00:00+00:00,2025-04-21T13:00:00+00:00,1,long,3327.24,3315.7339999999995,11.506000000000313,close_sma_diff_11.5060,2025-04-21T01:00:00+00:00,2025-04-21T13:00:00+00:00,3332.92,3394.03,61.11000000000013,0.35,60.760000000000126,64.09000000000015,3.8899999999998727,3397.01,3329.03,721
17576,2025-04-21T14:00:00+00:00,2025-04-21T15:00:00+00:00,2025-04-22T04:00:00+00:00,1,long,3404.45,3389.3540000000003,15.095999999999549,close_sma_diff_15.0960,2025-04-21T15:00:00+00:00,2025-04-22T04:00:00+00:00,3404.45,3424.17,19.720000000000255,0.35,19.370000000000253,39.76000000000022,6.359999999999673,3444.21,3398.09,720
17590,2025-04-22T05:00:00+00:00,2025-04-22T06:00:00+00:00,2025-04-22T18:00:00+00:00,1,long,3473.23,3432.8480000000004,40.38199999999961,close_sma_diff_40.3820,2025-04-22T06:00:00+00:00,2025-04-22T18:00:00+00:00,3472.94,3429.43,-43.51000000000022,0.35,-43.86000000000022,27.039999999999964,64.30999999999995,3499.98,3408.63,721
17604,2025-04-22T19:00:00+00:00,2025-04-22T20:00:00+00:00,2025-04-23T09:00:00+00:00,-1,short,3392.84,3436.689,-43.848999999999705,close_sma_diff_-43.8490,2025-04-22T20:00:00+00:00,2025-04-23T09:00:00+00:00,3392.93,3320.94,71.98999999999978,0.35,71.63999999999979,80.03999999999996,17.360000000000127,3410.29,3312.89,719
17618,2025-04-23T10:00:00+00:00,2025-04-23T11:00:00+00:00,2025-04-23T23:00:00+00:00,-1,short,3319.0,3338.9900000000002,-19.990000000000236,close_sma_diff_-19.9900,2025-04-23T11:00:00+00:00,2025-04-23T23:00:00+00:00,3319.45,3292.83,26.61999999999989,0.35,26.26999999999989,59.4699999999998,21.0600000000004,3340.51,3259.98,721
17632,2025-04-24T01:00:00+00:00,2025-04-24T02:00:00+00:00,2025-04-24T14:00:00+00:00,1,long,3309.03,3290.618,18.412000000000262,close_sma_diff_18.4120,2025-04-24T02:00:00+00:00,2025-04-24T14:00:00+00:00,3309.03,3330.83,21.799999999999727,0.35,21.449999999999726,58.13999999999987,0.7699999999999818,3367.17,3308.26,721
17647,2025-04-24T16:00:00+00:00,2025-04-24T17:00:00+00:00,2025-04-25T06:00:00+00:00,-1,short,3315.21,3329.8450000000003,-14.635000000000218,close_sma_diff_-14.6350,2025-04-24T17:00:00+00:00,2025-04-25T06:00:00+00:00,3315.14,3347.61,-32.470000000000255,0.35,-32.820000000000256,8.170000000000073,55.620000000000346,3370.76,3306.97,720
17661,2025-04-25T07:00:00+00:00,2025-04-25T08:00:00+00:00,2025-04-25T20:00:00+00:00,-1,short,3324.78,3344.2230000000004,-19.44300000000021,close_sma_diff_-19.4430,2025-04-25T08:00:00+00:00,2025-04-25T20:00:00+00:00,3324.79,3284.69,40.09999999999991,0.35,39.74999999999991,59.59999999999991,2.3099999999999454,3327.1,3265.19,721
17676,2025-04-25T22:00:00+00:00,2025-04-25T23:00:00+00:00,2025-04-28T12:00:00+00:00,1,long,3304.79,3289.7690000000002,15.02099999999973,close_sma_diff_15.0210,2025-04-25T23:00:00+00:00,2025-04-28T12:00:00+00:00,3305.0,3283.3,-21.699999999999818,0.35,-22.04999999999982,32.539999999999964,36.809999999999945,3337.54,3268.19,718
17694,2025-04-28T17:00:00+00:00,2025-04-28T18:00:00+00:00,2025-04-29T07:00:00+00:00,1,long,3328.57,3292.4450000000006,36.124999999999545,close_sma_diff_36.1250,2025-04-28T18:00:00+00:00,2025-04-29T07:00:00+00:00,3328.53,3315.08,-13.450000000000273,0.35,-13.800000000000272,24.4699999999998,20.440000000000055,3353.0,3308.09,720
17708,2025-04-29T08:00:00+00:00,2025-04-29T09:00:00+00:00,2025-04-29T21:00:00+00:00,-1,short,3310.28,3328.452,-18.172000000000025,close_sma_diff_-18.1720,2025-04-29T09:00:00+00:00,2025-04-29T21:00:00+00:00,3310.33,3314.45,-4.119999999999891,0.35,-4.4699999999998905,10.639999999999873,19.59999999999991,3329.93,3299.69,721
17734,2025-04-30T11:00:00+00:00,2025-04-30T12:00:00+00:00,2025-05-01T01:00:00+00:00,-1,short,3284.52,3306.514,-21.994000000000142,close_sma_diff_-21.9940,2025-04-30T12:00:00+00:00,2025-05-01T01:00:00+00:00,3284.35,3288.52,-4.170000000000073,0.35,-4.520000000000072,17.2199999999998,35.32999999999993,3319.68,3267.13,720
17748,2025-05-01T02:00:00+00:00,2025-05-01T03:00:00+00:00,2025-05-01T15:00:00+00:00,-1,short,3272.8,3297.5370000000003,-24.73700000000008,close_sma_diff_-24.7370,2025-05-01T03:00:00+00:00,2025-05-01T15:00:00+00:00,3272.98,3204.04,68.94000000000005,0.35,68.59000000000006,69.57999999999993,3.2899999999999636,3276.27,3203.4,721
17769,2025-05-01T23:00:00+00:00,2025-05-02T01:00:00+00:00,2025-05-02T13:00:00+00:00,1,long,3237.89,3221.642,16.248000000000047,close_sma_diff_16.2480,2025-05-02T01:00:00+00:00,2025-05-02T13:00:00+00:00,3240.43,3265.6,25.170000000000073,0.35,24.82000000000007,26.700000000000273,12.899999999999636,3267.13,3227.53,714
17787,2025-05-02T18:00:00+00:00,2025-05-02T19:00:00+00:00,2025-05-05T08:00:00+00:00,-1,short,3231.54,3255.224,-23.684000000000196,close_sma_diff_-23.6840,2025-05-02T19:00:00+00:00,2025-05-05T08:00:00+00:00,3231.6,3256.57,-24.970000000000255,0.35,-25.320000000000256,8.819999999999709,40.690000000000055,3272.29,3222.78,718
17803,2025-05-05T11:00:00+00:00,2025-05-05T12:00:00+00:00,2025-05-06T01:00:00+00:00,1,long,3282.32,3260.911,21.409000000000106,close_sma_diff_21.4090,2025-05-05T12:00:00+00:00,2025-05-06T01:00:00+00:00,3282.69,3336.22,53.529999999999745,0.35,53.179999999999744,54.84999999999991,0.4800000000000182,3337.54,3282.21,720
17817,2025-05-06T02:00:00+00:00,2025-05-06T03:00:00+00:00,2025-05-06T15:00:00+00:00,1,long,3334.04,3321.709,12.331000000000131,close_sma_diff_12.3310,2025-05-06T03:00:00+00:00,2025-05-06T15:00:00+00:00,3334.05,3378.4,44.34999999999991,0.35,43.99999999999991,52.9399999999996,10.5300000000002,3386.99,3323.52,721
17831,2025-05-06T16:00:00+00:00,2025-05-06T17:00:00+00:00,2025-05-07T06:00:00+00:00,1,long,3391.75,3376.6940000000004,15.055999999999585,close_sma_diff_15.0560,2025-05-06T17:00:00+00:00,2025-05-07T06:00:00+00:00,3391.94,3390.72,-1.2200000000002547,0.35,-1.5700000000002547,45.909999999999854,31.730000000000018,3437.85,3360.21,720
17845,2025-05-07T07:00:00+00:00,2025-05-07T08:00:00+00:00,2025-05-07T20:00:00+00:00,-1,short,3382.17,3395.3940000000002,-13.22400000000016,close_sma_diff_-13.2240,2025-05-07T08:00:00+00:00,2025-05-07T20:00:00+00:00,3382.17,3385.91,-3.7399999999997817,0.35,-4.089999999999781,12.88000000000011,15.920000000000073,3398.09,3369.29,721
17860,2025-05-07T22:00:00+00:00,2025-05-07T23:00:00+00:00,2025-05-08T12:00:00+00:00,-1,short,3371.92,3386.4060000000004,-14.486000000000331,close_sma_diff_-14.4860,2025-05-07T23:00:00+00:00,2025-05-08T12:00:00+00:00,3372.07,3339.54,32.5300000000002,0.35,32.1800000000002,51.75,42.710000000000036,3414.78,3320.32,720
17874,2025-05-08T13:00:00+00:00,2025-05-08T14:00:00+00:00,2025-05-09T03:00:00+00:00,-1,short,3342.29,3363.2159999999994,-20.925999999999476,close_sma_diff_-20.9260,2025-05-08T14:00:00+00:00,2025-05-09T03:00:00+00:00,3342.19,3317.1,25.090000000000146,0.35,24.740000000000144,53.440000000000055,27.090000000000146,3369.28,3288.75,720
17888,2025-05-09T04:00:00+00:00,2025-05-09T05:00:00+00:00,2025-05-09T17:00:00+00:00,-1,short,3291.34,3312.3730000000005,-21.033000000000357,close_sma_diff_-21.0330,2025-05-09T05:00:00+00:00,2025-05-09T17:00:00+00:00,3291.28,3326.13,-34.84999999999991,0.35,-35.19999999999991,16.420000000000073,48.95999999999958,3340.24,3274.86,721
17902,2025-05-09T18:00:00+00:00,2025-05-09T19:00:00+00:00,2025-05-12T08:00:00+00:00,1,long,3345.06,3330.882,14.177999999999884,close_sma_diff_14.1780,2025-05-09T19:00:00+00:00,2025-05-12T08:00:00+00:00,3345.22,3278.95,-66.26999999999998,0.35,-66.61999999999998,2.3100000000004,86.34999999999991,3347.53,3258.87,718
17917,2025-05-12T10:00:00+00:00,2025-05-12T11:00:00+00:00,2025-05-12T23:00:00+00:00,-1,short,3222.72,3272.188,-49.4680000000003,close_sma_diff_-49.4680,2025-05-12T11:00:00+00:00,2025-05-12T23:00:00+00:00,3223.55,3235.13,-11.579999999999927,0.35,-11.929999999999927,15.8100000000004,24.98999999999978,3248.54,3207.74,721
17937,2025-05-13T07:00:00+00:00,2025-05-13T08:00:00+00:00,2025-05-13T20:00:00+00:00,1,long,3252.54,3235.285,17.25500000000011,close_sma_diff_17.2550,2025-05-13T08:00:00+00:00,2025-05-13T20:00:00+00:00,3252.83,3251.9,-0.9299999999998363,0.35,-1.2799999999998364,12.599999999999909,27.259999999999764,3265.43,3225.57,721
17957,2025-05-14T04:00:00+00:00,2025-05-14T05:00:00+00:00,2025-05-14T17:00:00+00:00,-1,short,3238.95,3249.14,-10.190000000000055,close_sma_diff_-10.1900,2025-05-14T05:00:00+00:00,2025-05-14T17:00:00+00:00,3238.59,3192.16,46.43000000000029,0.35,46.08000000000029,63.559999999999945,5.199999999999818,3243.79,3175.03,721
17971,2025-05-14T18:00:00+00:00,2025-05-14T19:00:00+00:00,2025-05-15T08:00:00+00:00,-1,short,3182.59,3212.748,-30.1579999999999,close_sma_diff_-30.1580,2025-05-14T19:00:00+00:00,2025-05-15T08:00:00+00:00,3183.04,3138.01,45.029999999999745,0.35,44.679999999999744,47.409999999999854,9.610000000000127,3192.65,3135.63,720
17985,2025-05-15T09:00:00+00:00,2025-05-15T10:00:00+00:00,2025-05-15T22:00:00+00:00,-1,short,3149.92,3162.8019999999997,-12.881999999999607,close_sma_diff_-12.8820,2025-05-15T10:00:00+00:00,2025-05-15T22:00:00+00:00,3149.73,3223.85,-74.11999999999989,0.35,-74.46999999999989,19.09999999999991,79.32999999999993,3229.06,3130.63,721
17999,2025-05-15T23:00:00+00:00,2025-05-16T01:00:00+00:00,2025-05-16T13:00:00+00:00,1,long,3239.64,3212.3900000000003,27.249999999999545,close_sma_diff_27.2500,2025-05-16T01:00:00+00:00,2025-05-16T13:00:00+00:00,3238.34,3208.67,-29.670000000000073,0.35,-30.020000000000074,13.799999999999727,42.690000000000055,3252.14,3195.65,721
18013,2025-05-16T14:00:00+00:00,2025-05-16T15:00:00+00:00,2025-05-19T04:00:00+00:00,-1,short,3163.16,3204.361,-41.20100000000002,close_sma_diff_-41.2010,2025-05-16T15:00:00+00:00,2025-05-19T04:00:00+00:00,3163.3,3243.24,-79.9399999999996,0.35,-80.2899999999996,8.430000000000291,86.44999999999982,3249.75,3154.87,718
18027,2025-05-19T05:00:00+00:00,2025-05-19T06:00:00+00:00,2025-05-19T18:00:00+00:00,1,long,3228.42,3212.716,15.704000000000178,close_sma_diff_15.7040,2025-05-19T06:00:00+00:00,2025-05-19T18:00:00+00:00,3228.49,3235.04,6.550000000000182,0.35,6.200000000000182,19.980000000000018,21.799999999999727,3248.47,3206.69,721
18050,2025-05-20T05:00:00+00:00,2025-05-20T06:00:00+00:00,2025-05-20T18:00:00+00:00,-1,short,3206.71,3225.473,-18.76299999999992,close_sma_diff_-18.7630,2025-05-20T06:00:00+00:00,2025-05-20T18:00:00+00:00,3206.57,3282.11,-75.53999999999996,0.35,-75.88999999999996,2.0,79.13999999999987,3285.71,3204.57,716
18064,2025-05-20T19:00:00+00:00,2025-05-20T20:00:00+00:00,2025-05-21T09:00:00+00:00,1,long,3278.94,3251.391,27.548999999999978,close_sma_diff_27.5490,2025-05-20T20:00:00+00:00,2025-05-21T09:00:00+00:00,3278.86,3314.26,35.40000000000009,0.35,35.05000000000009,40.69999999999982,0.5500000000001819,3319.56,3278.31,720
18095,2025-05-22T04:00:00+00:00,2025-05-22T05:00:00+00:00,2025-05-22T17:00:00+00:00,1,long,3338.03,3317.892,20.138000000000375,close_sma_diff_20.1380,2025-05-22T05:00:00+00:00,2025-05-22T17:00:00+00:00,3338.13,3281.39,-56.74000000000024,0.35,-57.09000000000024,7.179999999999836,57.89000000000033,3345.31,3280.24,721
18109,2025-05-22T18:00:00+00:00,2025-05-22T19:00:00+00:00,2025-05-23T08:00:00+00:00,-1,short,3294.75,3305.8059999999996,-11.055999999999585,close_sma_diff_-11.0560,2025-05-22T19:00:00+00:00,2025-05-23T08:00:00+00:00,3294.86,3313.75,-18.889999999999873,0.35,-19.239999999999874,7.809999999999945,21.279999999999745,3316.14,3287.05,720
18123,2025-05-23T09:00:00+00:00,2025-05-23T10:00:00+00:00,2025-05-23T22:00:00+00:00,1,long,3330.94,3306.596,24.34400000000005,close_sma_diff_24.3440,2025-05-23T10:00:00+00:00,2025-05-23T22:00:00+00:00,3331.09,3361.92,30.829999999999927,0.35,30.479999999999926,34.779999999999745,8.470000000000255,3365.87,3322.62,721
18138,2025-05-26T01:00:00+00:00,2025-05-26T02:00:00+00:00,2025-05-26T14:00:00+00:00,-1,short,3344.34,3356.458,-12.117999999999938,close_sma_diff_-12.1180,2025-05-26T02:00:00+00:00,2025-05-26T14:00:00+00:00,3344.51,3331.73,12.7800000000002,0.35,12.4300000000002,20.990000000000236,12.25,3356.76,3323.52,721
18165,2025-05-27T07:00:00+00:00,2025-05-27T08:00:00+00:00,2025-05-27T20:00:00+00:00,-1,short,3330.9,3341.5190000000002,-10.619000000000142,close_sma_diff_-10.6190,2025-05-27T08:00:00+00:00,2025-05-27T20:00:00+00:00,3330.9,3298.29,32.61000000000013,0.35,32.260000000000126,46.0,1.7599999999997635,3332.66,3284.9,703
18180,2025-05-27T22:00:00+00:00,2025-05-27T23:00:00+00:00,2025-05-28T12:00:00+00:00,1,long,3307.39,3297.379,10.010999999999967,close_sma_diff_10.0110,2025-05-27T23:00:00+00:00,2025-05-28T12:00:00+00:00,3304.8,3322.04,17.23999999999978,0.35,16.88999999999978,18.9699999999998,13.120000000000346,3323.77,3291.68,720
18199,2025-05-28T18:00:00+00:00,2025-05-28T19:00:00+00:00,2025-05-29T08:00:00+00:00,-1,short,3296.04,3311.3909999999996,-15.350999999999658,close_sma_diff_-15.3510,2025-05-28T19:00:00+00:00,2025-05-29T08:00:00+00:00,3296.26,3269.34,26.920000000000073,0.35,26.57000000000007,50.74000000000024,6.779999999999745,3303.04,3245.52,720
18214,2025-05-29T10:00:00+00:00,2025-05-29T11:00:00+00:00,2025-05-29T23:00:00+00:00,1,long,3286.62,3271.923,14.697000000000116,close_sma_diff_14.6970,2025-05-29T11:00:00+00:00,2025-05-29T23:00:00+00:00,3286.28,3315.9,29.61999999999989,0.35,29.26999999999989,44.94999999999982,10.0300000000002,3331.23,3276.25,721
18232,2025-05-30T05:00:00+00:00,2025-05-30T06:00:00+00:00,2025-05-30T18:00:00+00:00,-1,short,3297.19,3315.139,-17.94900000000007,close_sma_diff_-17.9490,2025-05-30T06:00:00+00:00,2025-05-30T18:00:00+00:00,3297.29,3281.62,15.670000000000073,0.35,15.320000000000073,25.4699999999998,10.949999999999818,3308.24,3271.82,721
18251,2025-06-02T01:00:00+00:00,2025-06-02T02:00:00+00:00,2025-06-02T14:00:00+00:00,1,long,3313.1,3292.7,20.40000000000009,close_sma_diff_20.4000,2025-06-02T02:00:00+00:00,2025-06-02T14:00:00+00:00,3313.06,3348.17,35.11000000000013,0.35,34.760000000000126,45.76000000000022,11.610000000000127,3358.82,3301.45,721
18265,2025-06-02T15:00:00+00:00,2025-06-02T16:00:00+00:00,2025-06-03T05:00:00+00:00,1,long,3355.44,3340.4010000000003,15.03899999999976,close_sma_diff_15.0390,2025-06-02T16:00:00+00:00,2025-06-03T05:00:00+00:00,3355.6,3373.61,18.01000000000022,0.35,17.660000000000217,36.63999999999987,5.339999999999691,3392.24,3350.26,720
18279,2025-06-03T06:00:00+00:00,2025-06-03T07:00:00+00:00,2025-06-03T19:00:00+00:00,-1,short,3361.02,3377.238,-16.217999999999847,close_sma_diff_-16.2180,2025-06-03T07:00:00+00:00,2025-06-03T19:00:00+00:00,3361.14,3349.8,11.33999999999969,0.35,10.989999999999691,27.940000000000055,6.5300000000002,3367.67,3333.2,721
18300,2025-06-04T04:00:00+00:00,2025-06-04T05:00:00+00:00,2025-06-04T17:00:00+00:00,1,long,3370.73,3354.94,15.789999999999964,close_sma_diff_15.7900,2025-06-04T05:00:00+00:00,2025-06-04T17:00:00+00:00,3370.85,3351.82,-19.029999999999745,0.35,-19.379999999999747,1.7699999999999818,27.049999999999727,3372.62,3343.8,721
18314,2025-06-04T18:00:00+00:00,2025-06-04T19:00:00+00:00,2025-06-05T08:00:00+00:00,1,long,3371.73,3359.415,12.315000000000055,close_sma_diff_12.3150,2025-06-04T19:00:00+00:00,2025-06-05T08:00:00+00:00,3371.97,3368.46,-3.5099999999997635,0.35,-3.8599999999997636,12.13000000000011,7.799999999999727,3384.1,3364.17,720
18331,2025-06-05T12:00:00+00:00,2025-06-05T13:00:00+00:00,2025-06-06T02:00:00+00:00,1,long,3389.7,3372.943,16.756999999999607,close_sma_diff_16.7570,2025-06-05T13:00:00+00:00,2025-06-06T02:00:00+00:00,3389.42,3359.34,-30.079999999999927,0.35,-30.42999999999993,13.909999999999854,49.809999999999945,3403.33,3339.61,720
18348,2025-06-06T06:00:00+00:00,2025-06-06T07:00:00+00:00,2025-06-06T19:00:00+00:00,1,long,3369.72,3359.5269999999996,10.193000000000211,close_sma_diff_10.1930,2025-06-06T07:00:00+00:00,2025-06-06T19:00:00+00:00,3369.66,3331.71,-37.94999999999982,0.35,-38.29999999999982,5.940000000000055,52.86999999999989,3375.6,3316.79,721
18362,2025-06-06T20:00:00+00:00,2025-06-06T21:00:00+00:00,2025-06-09T10:00:00+00:00,-1,short,3323.63,3344.2400000000002,-20.610000000000127,close_sma_diff_-20.6100,2025-06-06T21:00:00+00:00,2025-06-09T10:00:00+00:00,3323.71,3324.97,-1.2599999999997635,0.35,-1.6099999999997636,30.09999999999991,1.4099999999998545,3325.12,3293.61,718
18384,2025-06-09T19:00:00+00:00,2025-06-09T20:00:00+00:00,2025-06-10T09:00:00+00:00,1,long,3337.62,3322.1050000000005,15.514999999999418,close_sma_diff_15.5150,2025-06-09T20:00:00+00:00,2025-06-10T09:00:00+00:00,3338.02,3317.17,-20.84999999999991,0.35,-21.19999999999991,0.13999999999987267,36.07999999999993,3338.16,3301.94,720
18398,2025-06-10T10:00:00+00:00,2025-06-10T11:00:00+00:00,2025-06-10T23:00:00+00:00,1,long,3330.07,3317.061,13.009000000000015,close_sma_diff_13.0090,2025-06-10T11:00:00+00:00,2025-06-10T23:00:00+00:00,3330.13,3327.32,-2.8099999999999454,0.35,-3.1599999999999455,18.949999999999818,10.61999999999989,3349.08,3319.51,720
18416,2025-06-11T05:00:00+00:00,2025-06-11T06:00:00+00:00,2025-06-11T18:00:00+00:00,1,long,3338.24,3327.042,11.197999999999865,close_sma_diff_11.1980,2025-06-11T06:00:00+00:00,2025-06-11T18:00:00+00:00,3338.27,3337.51,-0.7599999999997635,0.35,-1.1099999999997636,22.409999999999854,12.050000000000182,3360.68,3326.22,721
18432,2025-06-11T21:00:00+00:00,2025-06-11T22:00:00+00:00,2025-06-12T11:00:00+00:00,1,long,3343.85,3333.246,10.603999999999814,close_sma_diff_10.6040,2025-06-11T22:00:00+00:00,2025-06-12T11:00:00+00:00,3343.88,3347.53,3.650000000000091,0.35,3.300000000000091,33.84999999999991,5.210000000000036,3377.73,3338.67,720
18447,2025-06-12T13:00:00+00:00,2025-06-12T14:00:00+00:00,2025-06-13T03:00:00+00:00,1,long,3382.58,3368.97,13.610000000000127,close_sma_diff_13.6100,2025-06-12T14:00:00+00:00,2025-06-13T03:00:00+00:00,3382.56,3392.63,10.070000000000164,0.35,9.720000000000164,16.210000000000036,9.420000000000073,3398.77,3373.14,720
18461,2025-06-13T04:00:00+00:00,2025-06-13T05:00:00+00:00,2025-06-13T17:00:00+00:00,1,long,3427.58,3393.624,33.95600000000013,close_sma_diff_33.9560,2025-06-13T05:00:00+00:00,2025-06-13T17:00:00+00:00,3427.24,3436.32,9.080000000000382,0.35,8.730000000000382,19.5600000000004,19.329999999999927,3446.8,3407.91,721
18481,2025-06-16T01:00:00+00:00,2025-06-16T02:00:00+00:00,2025-06-16T14:00:00+00:00,1,long,3448.39,3433.9519999999998,14.438000000000102,close_sma_diff_14.4380,2025-06-16T02:00:00+00:00,2025-06-16T14:00:00+00:00,3448.41,3421.89,-26.519999999999982,0.35,-26.869999999999983,2.8200000000001637,38.88999999999987,3451.23,3409.52,721
18496,2025-06-16T16:00:00+00:00,2025-06-16T17:00:00+00:00,2025-06-17T06:00:00+00:00,-1,short,3388.21,3414.583,-26.373000000000047,close_sma_diff_-26.3730,2025-06-16T17:00:00+00:00,2025-06-17T06:00:00+00:00,3387.54,3391.35,-3.8099999999999454,0.35,-4.159999999999945,4.699999999999818,17.929999999999836,3405.47,3382.84,720
18514,2025-06-17T11:00:00+00:00,2025-06-17T12:00:00+00:00,2025-06-18T01:00:00+00:00,-1,short,3378.91,3390.778,-11.867999999999938,close_sma_diff_-11.8680,2025-06-17T12:00:00+00:00,2025-06-18T01:00:00+00:00,3378.69,3392.82,-14.13000000000011,0.35,-14.480000000000109,12.539999999999964,21.389999999999873,3400.08,3366.15,720
18548,2025-06-18T22:00:00+00:00,2025-06-18T23:00:00+00:00,2025-06-19T12:00:00+00:00,-1,short,3366.73,3384.285,-17.554999999999836,close_sma_diff_-17.5550,2025-06-18T23:00:00+00:00,2025-06-19T12:00:00+00:00,3366.57,3368.5,-1.9299999999998363,0.35,-2.2799999999998364,18.920000000000073,21.359999999999673,3387.93,3347.65,720
18574,2025-06-20T04:00:00+00:00,2025-06-20T05:00:00+00:00,2025-06-20T17:00:00+00:00,-1,short,3356.48,3367.2290000000003,-10.749000000000251,close_sma_diff_-10.7490,2025-06-20T05:00:00+00:00,2025-06-20T17:00:00+00:00,3356.47,3366.76,-10.290000000000418,0.35,-10.640000000000418,16.09999999999991,17.330000000000382,3373.8,3340.37,721
18588,2025-06-20T18:00:00+00:00,2025-06-20T19:00:00+00:00,2025-06-23T08:00:00+00:00,1,long,3369.84,3355.558,14.282000000000153,close_sma_diff_14.2820,2025-06-20T19:00:00+00:00,2025-06-23T08:00:00+00:00,3369.83,3359.33,-10.5,0.35,-10.85,26.86999999999989,17.779999999999745,3396.7,3352.05,718
18607,2025-06-23T14:00:00+00:00,2025-06-23T15:00:00+00:00,2025-06-24T04:00:00+00:00,1,long,3380.69,3363.204,17.485999999999876,close_sma_diff_17.4860,2025-06-23T15:00:00+00:00,2025-06-24T04:00:00+00:00,3380.73,3349.47,-31.26000000000022,0.35,-31.61000000000022,12.800000000000182,47.429999999999836,3393.53,3333.3,720
18621,2025-06-24T05:00:00+00:00,2025-06-24T06:00:00+00:00,2025-06-24T18:00:00+00:00,-1,short,3351.89,3364.667,-12.777000000000044,close_sma_diff_-12.7770,2025-06-24T06:00:00+00:00,2025-06-24T18:00:00+00:00,3352.08,3303.49,48.590000000000146,0.35,48.240000000000144,56.57999999999993,5.8400000000001455,3357.92,3295.5,721
18643,2025-06-25T04:00:00+00:00,2025-06-25T05:00:00+00:00,2025-06-25T17:00:00+00:00,1,long,3334.63,3322.049,12.581000000000131,close_sma_diff_12.5810,2025-06-25T05:00:00+00:00,2025-06-25T17:00:00+00:00,3334.57,3313.18,-21.390000000000327,0.35,-21.74000000000033,2.5,22.590000000000146,3337.07,3311.98,721
18677,2025-06-26T15:00:00+00:00,2025-06-26T16:00:00+00:00,2025-06-27T05:00:00+00:00,-1,short,3322.03,3337.886,-15.855999999999767,close_sma_diff_-15.8560,2025-06-26T16:00:00+00:00,2025-06-27T05:00:00+00:00,3322.19,3315.38,6.809999999999945,0.35,6.459999999999946,12.200000000000273,14.199999999999818,3336.39,3309.99,720
18691,2025-06-27T06:00:00+00:00,2025-06-27T07:00:00+00:00,2025-06-27T19:00:00+00:00,-1,short,3294.34,3320.436,-26.096000000000004,close_sma_diff_-26.0960,2025-06-27T07:00:00+00:00,2025-06-27T19:00:00+00:00,3294.33,3275.52,18.809999999999945,0.35,18.459999999999944,38.440000000000055,6.5900000000001455,3300.92,3255.89,721
18715,2025-06-30T07:00:00+00:00,2025-06-30T08:00:00+00:00,2025-06-30T20:00:00+00:00,1,long,3285.82,3273.25,12.570000000000164,close_sma_diff_12.5700,2025-06-30T08:00:00+00:00,2025-06-30T20:00:00+00:00,3285.59,3297.92,12.329999999999927,0.35,11.979999999999928,12.929999999999836,10.950000000000273,3298.52,3274.64,721
18729,2025-06-30T21:00:00+00:00,2025-06-30T22:00:00+00:00,2025-07-01T11:00:00+00:00,1,long,3298.5,3288.3050000000003,10.194999999999709,close_sma_diff_10.1950,2025-06-30T22:00:00+00:00,2025-07-01T11:00:00+00:00,3298.46,3340.06,41.59999999999991,0.35,41.24999999999991,42.23999999999978,0.38999999999987267,3340.7,3298.07,720
18743,2025-07-01T12:00:00+00:00,2025-07-01T13:00:00+00:00,2025-07-02T02:00:00+00:00,1,long,3345.75,3327.778,17.972000000000207,close_sma_diff_17.9720,2025-07-01T13:00:00+00:00,2025-07-02T02:00:00+00:00,3345.81,3339.84,-5.9699999999998,0.35,-6.3199999999997996,12.110000000000127,9.110000000000127,3357.92,3336.7,720
18775,2025-07-02T21:00:00+00:00,2025-07-02T22:00:00+00:00,2025-07-03T19:00:00+00:00,1,long,3354.97,3344.9440000000004,10.025999999999385,close_sma_diff_10.0260,2025-07-02T22:00:00+00:00,2025-07-03T19:00:00+00:00,3354.99,3328.28,-26.70999999999958,0.35,-27.059999999999583,10.75,43.29999999999973,3365.74,3311.69,651
18797,2025-07-04T10:00:00+00:00,2025-07-04T11:00:00+00:00,2025-07-07T04:00:00+00:00,1,long,3342.95,3330.6269999999995,12.32300000000032,close_sma_diff_12.3230,2025-07-04T11:00:00+00:00,2025-07-07T04:00:00+00:00,3342.97,3324.71,-18.259999999999764,0.35,-18.609999999999765,1.2100000000000364,21.20999999999958,3344.18,3321.76,698
18811,2025-07-07T05:00:00+00:00,2025-07-07T06:00:00+00:00,2025-07-07T18:00:00+00:00,-1,short,3308.95,3328.472,-19.52200000000039,close_sma_diff_-19.5220,2025-07-07T06:00:00+00:00,2025-07-07T18:00:00+00:00,3308.9,3317.63,-8.730000000000018,0.35,-9.080000000000018,12.450000000000273,12.400000000000091,3321.3,3296.45,721
18825,2025-07-07T19:00:00+00:00,2025-07-07T20:00:00+00:00,2025-07-08T09:00:00+00:00,1,long,3327.4,3311.7270000000003,15.672999999999774,close_sma_diff_15.6730,2025-07-07T20:00:00+00:00,2025-07-08T09:00:00+00:00,3327.42,3334.72,7.299999999999727,0.35,6.9499999999997275,18.340000000000146,0.0,3345.76,3327.42,718
18845,2025-07-08T16:00:00+00:00,2025-07-08T17:00:00+00:00,2025-07-09T06:00:00+00:00,-1,short,3315.27,3327.222,-11.952000000000226,close_sma_diff_-11.9520,2025-07-08T17:00:00+00:00,2025-07-09T06:00:00+00:00,3315.08,3287.18,27.90000000000009,0.35,27.55000000000009,28.460000000000036,0.7100000000000364,3315.79,3286.62,720
18869,2025-07-09T17:00:00+00:00,2025-07-09T18:00:00+00:00,2025-07-10T07:00:00+00:00,1,long,3312.25,3293.6700000000005,18.579999999999472,close_sma_diff_18.5800,2025-07-09T18:00:00+00:00,2025-07-10T07:00:00+00:00,3312.36,3315.33,2.9699999999998,0.35,2.6199999999998,13.940000000000055,5.970000000000255,3326.3,3306.39,720
18908,2025-07-11T10:00:00+00:00,2025-07-11T11:00:00+00:00,2025-07-11T23:00:00+00:00,1,long,3341.85,3331.403,10.447000000000116,close_sma_diff_10.4470,2025-07-11T11:00:00+00:00,2025-07-11T23:00:00+00:00,3341.8,3355.94,14.139999999999873,0.35,13.789999999999873,26.949999999999818,9.010000000000218,3368.75,3332.79,721
18922,2025-07-14T01:00:00+00:00,2025-07-14T02:00:00+00:00,2025-07-14T14:00:00+00:00,1,long,3369.18,3357.1629999999996,12.01700000000028,close_sma_diff_12.0170,2025-07-14T02:00:00+00:00,2025-07-14T14:00:00+00:00,3369.61,3372.1,2.4899999999997817,0.35,2.1399999999997816,5.309999999999945,15.870000000000346,3374.92,3353.74,721
18936,2025-07-14T15:00:00+00:00,2025-07-14T16:00:00+00:00,2025-07-15T05:00:00+00:00,-1,short,3350.11,3363.7650000000003,-13.6550000000002,close_sma_diff_-13.6550,2025-07-14T16:00:00+00:00,2025-07-15T05:00:00+00:00,3350.38,3346.75,3.630000000000109,0.35,3.280000000000109,9.670000000000073,8.609999999999673,3358.99,3340.71,720
18951,2025-07-15T07:00:00+00:00,2025-07-15T08:00:00+00:00,2025-07-15T20:00:00+00:00,1,long,3360.26,3349.0229999999997,11.237000000000535,close_sma_diff_11.2370,2025-07-15T08:00:00+00:00,2025-07-15T20:00:00+00:00,3360.23,3329.21,-31.019999999999982,0.35,-31.369999999999983,6.5,39.98000000000002,3366.73,3320.25,721
18965,2025-07-15T21:00:00+00:00,2025-07-15T22:00:00+00:00,2025-07-16T11:00:00+00:00,-1,short,3328.8,3343.8379999999997,-15.037999999999556,close_sma_diff_-15.0380,2025-07-15T22:00:00+00:00,2025-07-16T11:00:00+00:00,3328.85,3338.12,-9.269999999999982,0.35,-9.619999999999981,5.069999999999709,13.059999999999945,3341.91,3323.78,720
18983,2025-07-16T16:00:00+00:00,2025-07-16T17:00:00+00:00,2025-07-17T06:00:00+00:00,-1,short,3326.86,3337.1230000000005,-10.263000000000375,close_sma_diff_-10.2630,2025-07-16T17:00:00+00:00,2025-07-17T06:00:00+00:00,3326.8,3341.57,-14.769999999999982,0.35,-15.119999999999981,7.180000000000291,50.679999999999836,3377.48,3319.62,711
19000,2025-07-17T10:00:00+00:00,2025-07-17T11:00:00+00:00,2025-07-17T23:00:00+00:00,-1,short,3325.85,3340.6950000000006,-14.84500000000071,close_sma_diff_-14.8450,2025-07-17T11:00:00+00:00,2025-07-17T23:00:00+00:00,3325.83,3340.06,-14.230000000000018,0.35,-14.580000000000018,15.929999999999836,15.240000000000236,3341.07,3309.9,721
19023,2025-07-18T10:00:00+00:00,2025-07-18T11:00:00+00:00,2025-07-18T23:00:00+00:00,1,long,3349.82,3339.5730000000003,10.246999999999844,close_sma_diff_10.2470,2025-07-18T11:00:00+00:00,2025-07-18T23:00:00+00:00,3349.65,3347.99,-1.6600000000003092,0.35,-2.0100000000003093,11.58999999999969,3.400000000000091,3361.24,3346.25,721
19044,2025-07-21T08:00:00+00:00,2025-07-21T09:00:00+00:00,2025-07-21T21:00:00+00:00,1,long,3366.65,3353.457,13.193000000000211,close_sma_diff_13.1930,2025-07-21T09:00:00+00:00,2025-07-21T21:00:00+00:00,3366.72,3393.92,27.200000000000273,0.35,26.85000000000027,34.870000000000346,3.869999999999891,3401.59,3362.85,721
19074,2025-07-22T15:00:00+00:00,2025-07-22T16:00:00+00:00,2025-07-23T05:00:00+00:00,1,long,3407.63,3390.274,17.356000000000222,close_sma_diff_17.3560,2025-07-22T16:00:00+00:00,2025-07-23T05:00:00+00:00,3407.55,3422.11,14.559999999999945,0.35,14.209999999999946,31.2199999999998,2.3600000000001273,3438.77,3405.19,709
19100,2025-07-23T18:00:00+00:00,2025-07-23T19:00:00+00:00,2025-07-24T08:00:00+00:00,-1,short,3398.24,3420.137,-21.89700000000039,close_sma_diff_-21.8970,2025-07-23T19:00:00+00:00,2025-07-24T08:00:00+00:00,3398.03,3382.61,15.420000000000073,0.35,15.070000000000073,23.240000000000236,0.0,3398.03,3374.79,711
19115,2025-07-24T10:00:00+00:00,2025-07-24T11:00:00+00:00,2025-07-24T23:00:00+00:00,-1,short,3367.76,3382.907,-15.146999999999935,close_sma_diff_-15.1470,2025-07-24T11:00:00+00:00,2025-07-24T23:00:00+00:00,3367.76,3370.51,-2.75,0.35,-3.1,16.370000000000346,9.629999999999654,3377.39,3351.39,720
19139,2025-07-25T11:00:00+00:00,2025-07-25T12:00:00+00:00,2025-07-28T01:00:00+00:00,-1,short,3345.51,3361.3100000000004,-15.800000000000182,close_sma_diff_-15.8000,2025-07-25T12:00:00+00:00,2025-07-28T01:05:00+00:00,3345.48,3330.88,14.599999999999909,0.35,14.24999999999991,20.40000000000009,3.4400000000000546,3348.92,3325.08,715
19167,2025-07-28T16:00:00+00:00,2025-07-28T17:00:00+00:00,2025-07-29T06:00:00+00:00,-1,short,3302.25,3333.511,-31.260999999999967,close_sma_diff_-31.2610,2025-07-28T17:00:00+00:00,2025-07-29T06:00:00+00:00,3302.29,3318.24,-15.949999999999818,0.35,-16.29999999999982,0.4899999999997817,18.5300000000002,3320.82,3301.8,711
19212,2025-07-30T15:00:00+00:00,2025-07-30T16:00:00+00:00,2025-07-31T05:00:00+00:00,-1,short,3313.36,3327.172,-13.811999999999898,close_sma_diff_-13.8120,2025-07-30T16:00:00+00:00,2025-07-31T05:00:00+00:00,3312.43,3295.1,17.329999999999927,0.35,16.979999999999926,44.25999999999976,3.6200000000003456,3316.05,3268.17,711
19227,2025-07-31T07:00:00+00:00,2025-07-31T08:00:00+00:00,2025-07-31T20:00:00+00:00,1,long,3298.17,3286.035,12.135000000000218,close_sma_diff_12.1350,2025-07-31T08:00:00+00:00,2025-07-31T20:00:00+00:00,3298.17,3295.08,-3.0900000000001455,0.35,-3.4400000000001456,16.639999999999873,8.519999999999982,3314.81,3289.65,721
19258,2025-08-01T15:00:00+00:00,2025-08-01T16:00:00+00:00,2025-08-04T05:00:00+00:00,1,long,3341.26,3298.8050000000003,42.45499999999993,close_sma_diff_42.4550,2025-08-01T16:00:00+00:00,2025-08-04T05:00:00+00:00,3341.5,3352.48,10.980000000000018,0.35,10.630000000000019,23.11999999999989,2.650000000000091,3364.62,3338.85,711
19280,2025-08-04T14:00:00+00:00,2025-08-04T15:00:00+00:00,2025-08-05T04:00:00+00:00,1,long,3370.27,3359.417,10.853000000000065,close_sma_diff_10.8530,2025-08-04T15:00:00+00:00,2025-08-05T04:00:00+00:00,3370.28,3380.48,10.199999999999818,0.35,9.849999999999818,15.08999999999969,9.240000000000236,3385.37,3361.04,711
19301,2025-08-05T12:00:00+00:00,2025-08-05T13:00:00+00:00,2025-08-06T02:00:00+00:00,-1,short,3359.69,3371.576,-11.885999999999967,close_sma_diff_-11.8860,2025-08-05T13:00:00+00:00,2025-08-06T02:00:00+00:00,3359.73,3379.06,-19.329999999999927,0.35,-19.67999999999993,9.740000000000236,30.65000000000009,3390.38,3349.99,711
19323,2025-08-06T11:00:00+00:00,2025-08-06T12:00:00+00:00,2025-08-07T01:00:00+00:00,-1,short,3365.13,3375.41,-10.279999999999745,close_sma_diff_-10.2800,2025-08-06T12:00:00+00:00,2025-08-07T01:05:00+00:00,3365.12,3373.42,-8.300000000000182,0.35,-8.650000000000182,6.880000000000109,14.860000000000127,3379.98,3358.24,715
19344,2025-08-07T09:00:00+00:00,2025-08-07T10:00:00+00:00,2025-08-07T22:00:00+00:00,1,long,3387.58,3376.513,11.067000000000007,close_sma_diff_11.0670,2025-08-07T10:00:00+00:00,2025-08-07T22:00:00+00:00,3387.61,3388.0,0.38999999999987267,0.35,0.03999999999987269,9.829999999999927,15.870000000000346,3397.44,3371.74,721
19359,2025-08-08T01:00:00+00:00,2025-08-08T02:00:00+00:00,2025-08-08T14:00:00+00:00,1,long,3405.59,3391.406,14.184000000000196,close_sma_diff_14.1840,2025-08-08T02:00:00+00:00,2025-08-08T14:00:00+00:00,3403.86,3385.19,-18.670000000000073,0.35,-19.020000000000074,2.9699999999998,22.670000000000073,3406.83,3381.19,721
19384,2025-08-11T03:00:00+00:00,2025-08-11T04:00:00+00:00,2025-08-11T16:00:00+00:00,-1,short,3381.59,3392.6,-11.009999999999764,close_sma_diff_-11.0100,2025-08-11T04:00:00+00:00,2025-08-11T16:00:00+00:00,3381.63,3358.23,23.40000000000009,0.35,23.05000000000009,37.090000000000146,2.650000000000091,3384.28,3344.54,721
19398,2025-08-11T17:00:00+00:00,2025-08-11T18:00:00+00:00,2025-08-12T07:00:00+00:00,-1,short,3346.24,3359.386,-13.146000000000186,close_sma_diff_-13.1460,2025-08-11T18:00:00+00:00,2025-08-12T07:00:00+00:00,3346.51,3348.99,-2.4799999999995634,0.35,-2.8299999999995635,5.110000000000127,12.329999999999927,3358.84,3341.4,711
19421,2025-08-12T17:00:00+00:00,2025-08-12T18:00:00+00:00,2025-08-13T07:00:00+00:00,-1,short,3337.36,3347.422,-10.061999999999898,close_sma_diff_-10.0620,2025-08-12T18:00:00+00:00,2025-08-13T07:00:00+00:00,3337.4,3349.12,-11.7199999999998,0.35,-12.0699999999998,0.38999999999987267,21.63000000000011,3359.03,3337.01,711
19439,2025-08-13T12:00:00+00:00,2025-08-13T13:00:00+00:00,2025-08-14T02:00:00+00:00,1,long,3364.59,3353.335,11.25500000000011,close_sma_diff_11.2550,2025-08-13T13:00:00+00:00,2025-08-14T02:00:00+00:00,3364.55,3359.16,-5.390000000000327,0.35,-5.740000000000327,6.210000000000036,14.580000000000382,3370.76,3349.97,711
19453,2025-08-14T03:00:00+00:00,2025-08-14T04:00:00+00:00,2025-08-14T16:00:00+00:00,1,long,3369.61,3359.001,10.608999999999924,close_sma_diff_10.6090,2025-08-14T04:00:00+00:00,2025-08-14T16:00:00+00:00,3369.43,3350.25,-19.179999999999836,0.35,-19.529999999999838,1.4700000000002547,27.690000000000055,3370.9,3341.74,721
19467,2025-08-14T17:00:00+00:00,2025-08-14T18:00:00+00:00,2025-08-15T07:00:00+00:00,-1,short,3340.57,3351.54,-10.9699999999998,close_sma_diff_-10.9700,2025-08-14T18:00:00+00:00,2025-08-15T07:00:00+00:00,3340.67,3343.79,-3.119999999999891,0.35,-3.469999999999891,10.820000000000164,4.0900000000001455,3344.76,3329.85,711
19503,2025-08-18T07:00:00+00:00,2025-08-18T08:00:00+00:00,2025-08-18T20:00:00+00:00,1,long,3357.53,3340.8190000000004,16.710999999999785,close_sma_diff_16.7110,2025-08-18T08:00:00+00:00,2025-08-18T20:00:00+00:00,3357.51,3333.98,-23.5300000000002,0.35,-23.8800000000002,0.8799999999996544,25.75,3358.39,3331.76,721
19536,2025-08-19T17:00:00+00:00,2025-08-19T18:00:00+00:00,2025-08-20T07:00:00+00:00,-1,short,3325.28,3336.7470000000003,-11.467000000000098,close_sma_diff_-11.4670,2025-08-19T18:00:00+00:00,2025-08-20T07:00:00+00:00,3325.67,3317.23,8.440000000000055,0.35,8.090000000000055,14.11999999999989,1.069999999999709,3326.74,3311.55,711
19557,2025-08-20T15:00:00+00:00,2025-08-20T16:00:00+00:00,2025-08-21T05:00:00+00:00,1,long,3342.9,3326.047,16.853000000000065,close_sma_diff_16.8530,2025-08-20T16:00:00+00:00,2025-08-21T05:00:00+00:00,3342.82,3342.23,-0.5900000000001455,0.35,-0.9400000000001455,9.239999999999782,3.8900000000003274,3352.06,3338.93,711
19578,2025-08-21T13:00:00+00:00,2025-08-21T14:00:00+00:00,2025-08-22T03:00:00+00:00,-1,short,3328.4,3338.9120000000003,-10.512000000000171,close_sma_diff_-10.5120,2025-08-21T14:00:00+00:00,2025-08-22T03:00:00+00:00,3328.95,3338.22,-9.269999999999982,0.35,-9.619999999999981,3.7799999999997453,19.110000000000127,3348.06,3325.17,711
19605,2025-08-22T17:00:00+00:00,2025-08-22T18:00:00+00:00,2025-08-25T07:00:00+00:00,1,long,3373.84,3333.7169999999996,40.1230000000005,close_sma_diff_40.1230,2025-08-22T18:00:00+00:00,2025-08-25T07:00:00+00:00,3373.8,3366.32,-7.480000000000018,0.35,-7.830000000000018,4.989999999999782,13.990000000000236,3378.79,3359.81,711
19636,2025-08-26T02:00:00+00:00,2025-08-26T03:00:00+00:00,2025-08-26T15:00:00+00:00,-1,short,3354.79,3368.483,-13.693000000000211,close_sma_diff_-13.6930,2025-08-26T03:00:00+00:00,2025-08-26T15:00:00+00:00,3354.82,3378.24,-23.419999999999618,0.35,-23.76999999999962,3.5300000000002,31.61999999999989,3386.44,3351.29,721
19652,2025-08-26T18:00:00+00:00,2025-08-26T19:00:00+00:00,2025-08-27T08:00:00+00:00,1,long,3386.67,3376.4839999999995,10.186000000000604,close_sma_diff_10.1860,2025-08-26T19:00:00+00:00,2025-08-27T08:00:00+00:00,3386.66,3374.4,-12.259999999999764,0.35,-12.609999999999763,6.829999999999927,12.769999999999982,3393.49,3373.89,711
19676,2025-08-27T19:00:00+00:00,2025-08-27T20:00:00+00:00,2025-08-28T09:00:00+00:00,1,long,3395.44,3382.532,12.907999999999902,close_sma_diff_12.9080,2025-08-27T20:00:00+00:00,2025-08-28T09:00:00+00:00,3395.48,3389.6,-5.880000000000109,0.35,-6.230000000000109,3.849999999999909,10.88000000000011,3399.33,3384.6,711
19697,2025-08-28T17:00:00+00:00,2025-08-28T18:00:00+00:00,2025-08-29T07:00:00+00:00,1,long,3412.26,3399.814,12.446000000000367,close_sma_diff_12.4460,2025-08-28T18:00:00+00:00,2025-08-29T07:00:00+00:00,3412.23,3411.26,-0.9699999999997999,0.35,-1.3199999999998,10.940000000000055,7.690000000000055,3423.17,3404.54,711
19719,2025-08-29T16:00:00+00:00,2025-08-29T17:00:00+00:00,2025-09-01T06:00:00+00:00,1,long,3428.65,3412.072,16.577999999999975,close_sma_diff_16.5780,2025-08-29T17:00:00+00:00,2025-09-01T06:00:00+00:00,3429.27,3484.76,55.49000000000024,0.35,55.140000000000235,55.76999999999998,0.09999999999990905,3485.04,3429.17,711
19733,2025-09-01T07:00:00+00:00,2025-09-01T08:00:00+00:00,2025-09-01T20:00:00+00:00,1,long,3475.07,3457.6690000000003,17.40099999999984,close_sma_diff_17.4010,2025-09-01T08:00:00+00:00,2025-09-01T20:00:00+00:00,3475.09,3477.17,2.0799999999999272,0.35,1.7299999999999272,14.7199999999998,8.690000000000055,3489.81,3466.4,721
19751,2025-09-02T04:00:00+00:00,2025-09-02T05:00:00+00:00,2025-09-02T17:00:00+00:00,1,long,3497.72,3478.818,18.90199999999959,close_sma_diff_18.9020,2025-09-02T05:00:00+00:00,2025-09-02T17:00:00+00:00,3497.79,3491.89,-5.900000000000091,0.35,-6.250000000000091,2.849999999999909,27.449999999999818,3500.64,3470.34,721
19765,2025-09-02T18:00:00+00:00,2025-09-02T19:00:00+00:00,2025-09-03T08:00:00+00:00,1,long,3520.24,3489.507,30.73299999999972,close_sma_diff_30.7330,2025-09-02T19:00:00+00:00,2025-09-03T08:00:00+00:00,3520.37,3536.73,16.360000000000127,0.35,16.010000000000126,26.440000000000055,2.1700000000000728,3546.81,3518.2,711
19784,2025-09-03T14:00:00+00:00,2025-09-03T15:00:00+00:00,2025-09-04T04:00:00+00:00,1,long,3547.6,3536.05,11.549999999999727,close_sma_diff_11.5500,2025-09-03T15:00:00+00:00,2025-09-04T04:00:00+00:00,3547.6,3561.59,13.990000000000236,0.35,13.640000000000237,30.860000000000127,6.25,3578.46,3541.35,711
19798,2025-09-04T05:00:00+00:00,2025-09-04T06:00:00+00:00,2025-09-04T18:00:00+00:00,-1,short,3530.79,3560.2119999999995,-29.42199999999957,close_sma_diff_-29.4220,2025-09-04T06:00:00+00:00,2025-09-04T18:00:00+00:00,3530.78,3545.18,-14.399999999999636,0.35,-14.749999999999636,19.330000000000382,28.029999999999745,3558.81,3511.45,721
19831,2025-09-05T15:00:00+00:00,2025-09-05T16:00:00+00:00,2025-09-08T05:00:00+00:00,1,long,3580.24,3555.9159999999997,24.32400000000007,close_sma_diff_24.3240,2025-09-05T16:00:00+00:00,2025-09-08T05:00:00+00:00,3580.69,3593.43,12.739999999999782,0.35,12.389999999999782,19.309999999999945,7.25,3600.0,3573.44,711
19849,2025-09-08T10:00:00+00:00,2025-09-08T11:00:00+00:00,2025-09-08T23:00:00+00:00,1,long,3609.47,3592.129,17.340999999999894,close_sma_diff_17.3410,2025-09-08T11:00:00+00:00,2025-09-08T23:00:00+00:00,3609.51,3637.58,28.06999999999971,0.35,27.719999999999708,36.83999999999969,2.300000000000182,3646.35,3607.21,721
19869,2025-09-09T07:00:00+00:00,2025-09-09T08:00:00+00:00,2025-09-09T20:00:00+00:00,1,long,3655.06,3640.744,14.315999999999804,close_sma_diff_14.3160,2025-09-09T08:00:00+00:00,2025-09-09T20:00:00+00:00,3654.81,3645.64,-9.170000000000073,0.35,-9.520000000000072,19.309999999999945,27.90000000000009,3674.12,3626.91,721
19884,2025-09-09T22:00:00+00:00,2025-09-09T23:00:00+00:00,2025-09-10T12:00:00+00:00,-1,short,3629.29,3646.1400000000003,-16.850000000000364,close_sma_diff_-16.8500,2025-09-09T23:00:00+00:00,2025-09-10T12:00:00+00:00,3629.57,3645.9,-16.329999999999927,0.35,-16.67999999999993,9.2800000000002,18.799999999999727,3648.37,3620.29,720
19898,2025-09-10T13:00:00+00:00,2025-09-10T14:00:00+00:00,2025-09-11T03:00:00+00:00,1,long,3655.14,3643.3160000000003,11.823999999999614,close_sma_diff_11.8240,2025-09-10T14:00:00+00:00,2025-09-11T03:00:00+00:00,3655.28,3645.2,-10.080000000000382,0.35,-10.430000000000382,2.2899999999999636,20.300000000000182,3657.57,3634.98,720
19916,2025-09-11T08:00:00+00:00,2025-09-11T09:00:00+00:00,2025-09-11T21:00:00+00:00,-1,short,3625.14,3637.7290000000003,-12.589000000000397,close_sma_diff_-12.5890,2025-09-11T09:00:00+00:00,2025-09-11T21:00:00+00:00,3625.09,3635.12,-10.029999999999745,0.35,-10.379999999999745,11.579999999999927,18.929999999999836,3644.02,3613.51,721
19935,2025-09-12T04:00:00+00:00,2025-09-12T05:00:00+00:00,2025-09-12T17:00:00+00:00,1,long,3646.4,3635.72,10.680000000000291,close_sma_diff_10.6800,2025-09-12T05:00:00+00:00,2025-09-12T17:00:00+00:00,3646.33,3652.55,6.220000000000255,0.35,5.870000000000255,10.300000000000182,8.569999999999709,3656.63,3637.76,721
19957,2025-09-15T03:00:00+00:00,2025-09-15T04:00:00+00:00,2025-09-15T16:00:00+00:00,-1,short,3633.35,3643.941,-10.590999999999894,close_sma_diff_-10.5910,2025-09-15T04:00:00+00:00,2025-09-15T16:00:00+00:00,3633.4,3649.92,-16.519999999999982,0.35,-16.869999999999983,6.710000000000036,17.690000000000055,3651.09,3626.69,721
19971,2025-09-15T17:00:00+00:00,2025-09-15T18:00:00+00:00,2025-09-16T07:00:00+00:00,1,long,3663.46,3646.423,17.037000000000262,close_sma_diff_17.0370,2025-09-15T18:00:00+00:00,2025-09-16T07:00:00+00:00,3663.57,3681.47,17.899999999999636,0.35,17.549999999999635,25.829999999999927,0.4600000000000364,3689.4,3663.11,720
19986,2025-09-16T09:00:00+00:00,2025-09-16T10:00:00+00:00,2025-09-16T22:00:00+00:00,1,long,3693.43,3681.936,11.493999999999687,close_sma_diff_11.4940,2025-09-16T10:00:00+00:00,2025-09-16T22:00:00+00:00,3693.05,3690.02,-3.0300000000002,0.35,-3.3800000000002,10.009999999999764,14.180000000000291,3703.06,3678.87,721
20010,2025-09-17T10:00:00+00:00,2025-09-17T11:00:00+00:00,2025-09-17T23:00:00+00:00,-1,short,3667.11,3682.309,-15.19900000000007,close_sma_diff_-15.1990,2025-09-17T11:00:00+00:00,2025-09-17T23:00:00+00:00,3667.02,3660.64,6.380000000000109,0.35,6.0300000000001095,20.809999999999945,40.40000000000009,3707.42,3646.21,721
20024,2025-09-18T01:00:00+00:00,2025-09-18T02:00:00+00:00,2025-09-18T14:00:00+00:00,-1,short,3663.02,3673.1940000000004,-10.174000000000433,close_sma_diff_-10.1740,2025-09-18T02:00:00+00:00,2025-09-18T14:00:00+00:00,3663.01,3667.11,-4.099999999999909,0.35,-4.449999999999909,29.18000000000029,9.889999999999873,3672.9,3633.83,721
20039,2025-09-18T16:00:00+00:00,2025-09-18T17:00:00+00:00,2025-09-19T06:00:00+00:00,-1,short,3642.29,3657.875,-15.585000000000036,close_sma_diff_-15.5850,2025-09-18T17:00:00+00:00,2025-09-19T06:00:00+00:00,3642.18,3647.97,-5.789999999999964,0.35,-6.139999999999963,10.019999999999982,8.830000000000382,3651.01,3632.16,720
20053,2025-09-19T07:00:00+00:00,2025-09-19T08:00:00+00:00,2025-09-19T20:00:00+00:00,1,long,3658.89,3645.278,13.61200000000008,close_sma_diff_13.6120,2025-09-19T08:00:00+00:00,2025-09-19T20:00:00+00:00,3658.91,3668.87,9.960000000000036,0.35,9.610000000000037,17.190000000000055,15.529999999999745,3676.1,3643.38,721
20067,2025-09-19T21:00:00+00:00,2025-09-19T22:00:00+00:00,2025-09-22T11:00:00+00:00,1,long,3683.79,3664.3920000000007,19.39799999999923,close_sma_diff_19.3980,2025-09-19T22:00:00+00:00,2025-09-22T11:00:00+00:00,3683.7,3712.77,29.070000000000164,0.35,28.720000000000162,36.08000000000038,2.849999999999909,3719.78,3680.85,718
20081,2025-09-22T12:00:00+00:00,2025-09-22T13:00:00+00:00,2025-09-23T02:00:00+00:00,1,long,3723.27,3702.2149999999992,21.055000000000746,close_sma_diff_21.0550,2025-09-22T13:00:00+00:00,2025-09-23T02:00:00+00:00,3723.18,3739.78,16.600000000000364,0.35,16.250000000000362,25.559999999999945,11.149999999999636,3748.74,3712.03,681
20103,2025-09-23T11:00:00+00:00,2025-09-23T12:00:00+00:00,2025-09-24T01:00:00+00:00,1,long,3774.31,3751.72,22.590000000000146,close_sma_diff_22.5900,2025-09-23T12:00:00+00:00,2025-09-24T01:00:00+00:00,3774.24,3766.58,-7.6599999999998545,0.35,-8.009999999999854,16.940000000000055,22.48999999999978,3791.18,3751.75,720
20119,2025-09-24T04:00:00+00:00,2025-09-24T05:00:00+00:00,2025-09-24T17:00:00+00:00,-1,short,3756.58,3767.21,-10.63000000000011,close_sma_diff_-10.6300,2025-09-24T05:00:00+00:00,2025-09-24T17:00:00+00:00,3756.49,3761.25,-4.760000000000218,0.35,-5.110000000000218,5.75,22.720000000000255,3779.21,3750.74,721
20133,2025-09-24T18:00:00+00:00,2025-09-24T19:00:00+00:00,2025-09-25T08:00:00+00:00,-1,short,3741.23,3764.15,-22.920000000000073,close_sma_diff_-22.9200,2025-09-24T19:00:00+00:00,2025-09-25T08:00:00+00:00,3741.16,3737.02,4.139999999999873,0.35,3.7899999999998726,23.679999999999836,10.420000000000073,3751.58,3717.48,720
20148,2025-09-25T10:00:00+00:00,2025-09-25T11:00:00+00:00,2025-09-25T23:00:00+00:00,1,long,3752.17,3741.5389999999998,10.631000000000313,close_sma_diff_10.6310,2025-09-25T11:00:00+00:00,2025-09-25T23:00:00+00:00,3752.1,3747.57,-4.529999999999745,0.35,-4.879999999999745,9.519999999999982,30.13000000000011,3761.62,3721.97,721
20177,2025-09-26T16:00:00+00:00,2025-09-26T17:00:00+00:00,2025-09-29T06:00:00+00:00,1,long,3762.08,3749.328,12.751999999999953,close_sma_diff_12.7520,2025-09-26T17:00:00+00:00,2025-09-29T06:00:00+00:00,3761.78,3794.62,32.83999999999969,0.35,32.48999999999969,37.06999999999971,4.0,3798.85,3757.78,718
20191,2025-09-29T07:00:00+00:00,2025-09-29T08:00:00+00:00,2025-09-29T20:00:00+00:00,1,long,3805.03,3780.1270000000004,24.902999999999793,close_sma_diff_24.9030,2025-09-29T08:00:00+00:00,2025-09-29T20:00:00+00:00,3805.02,3831.26,26.240000000000236,0.35,25.890000000000235,28.4699999999998,3.6100000000001273,3833.49,3801.41,721
20211,2025-09-30T04:00:00+00:00,2025-09-30T05:00:00+00:00,2025-09-30T17:00:00+00:00,1,long,3848.04,3832.707,15.333000000000084,close_sma_diff_15.3330,2025-09-30T05:00:00+00:00,2025-09-30T17:00:00+00:00,3848.0,3824.57,-23.429999999999836,0.35,-23.779999999999838,23.659999999999854,54.789999999999964,3871.66,3793.21,721
20225,2025-09-30T18:00:00+00:00,2025-09-30T19:00:00+00:00,2025-10-01T08:00:00+00:00,1,long,3839.0,3827.845,11.1550000000002,close_sma_diff_11.1550,2025-09-30T19:00:00+00:00,2025-10-01T08:00:00+00:00,3838.93,3865.96,27.0300000000002,0.35,26.6800000000002,36.65000000000009,1.069999999999709,3875.58,3837.86,720
20240,2025-10-01T10:00:00+00:00,2025-10-01T11:00:00+00:00,2025-10-01T23:00:00+00:00,1,long,3879.2,3864.469,14.730999999999767,close_sma_diff_14.7310,2025-10-01T11:00:00+00:00,2025-10-01T23:00:00+00:00,3879.23,3867.2,-12.0300000000002,0.35,-12.3800000000002,16.110000000000127,24.38000000000011,3895.34,3854.85,721
20265,2025-10-02T12:00:00+00:00,2025-10-02T13:00:00+00:00,2025-10-03T02:00:00+00:00,1,long,3879.06,3867.2310000000007,11.828999999999269,close_sma_diff_11.8290,2025-10-02T13:00:00+00:00,2025-10-03T02:00:00+00:00,3879.09,3858.04,-21.050000000000182,0.35,-21.400000000000183,17.730000000000018,59.809999999999945,3896.82,3819.28,720
20282,2025-10-03T06:00:00+00:00,2025-10-03T07:00:00+00:00,2025-10-03T19:00:00+00:00,-1,short,3842.69,3853.279,-10.588999999999942,close_sma_diff_-10.5890,2025-10-03T07:00:00+00:00,2025-10-03T19:00:00+00:00,3842.59,3887.98,-45.38999999999987,0.35,-45.739999999999874,1.0199999999999818,49.01999999999998,3891.61,3841.57,721
20300,2025-10-06T01:00:00+00:00,2025-10-06T02:00:00+00:00,2025-10-06T14:00:00+00:00,1,long,3899.95,3884.9119999999994,15.038000000000466,close_sma_diff_15.0380,2025-10-06T02:00:00+00:00,2025-10-06T14:00:00+00:00,3899.98,3941.78,41.80000000000018,0.35,41.45000000000018,49.63000000000011,1.400000000000091,3949.61,3898.58,721
20316,2025-10-06T17:00:00+00:00,2025-10-06T18:00:00+00:00,2025-10-07T07:00:00+00:00,1,long,3954.98,3940.7590000000005,14.220999999999549,close_sma_diff_14.2210,2025-10-06T18:00:00+00:00,2025-10-07T07:00:00+00:00,3955.05,3972.95,17.899999999999636,0.35,17.549999999999635,22.429999999999836,9.019999999999982,3977.48,3946.03,720
20332,2025-10-07T10:00:00+00:00,2025-10-07T11:00:00+00:00,2025-10-07T23:00:00+00:00,-1,short,3945.96,3963.3619999999996,-17.40199999999959,close_sma_diff_-17.4020,2025-10-07T11:00:00+00:00,2025-10-07T23:00:00+00:00,3945.91,3981.23,-35.320000000000164,0.35,-35.670000000000165,4.949999999999818,45.07999999999993,3990.99,3940.96,721
20347,2025-10-08T02:00:00+00:00,2025-10-08T03:00:00+00:00,2025-10-08T15:00:00+00:00,1,long,3994.35,3981.7760000000003,12.573999999999614,close_sma_diff_12.5740,2025-10-08T03:00:00+00:00,2025-10-08T15:00:00+00:00,3994.34,4037.78,43.440000000000055,0.35,43.09000000000005,55.26999999999998,9.740000000000236,4049.61,3984.6,721
20362,2025-10-08T17:00:00+00:00,2025-10-08T18:00:00+00:00,2025-10-09T07:00:00+00:00,1,long,4048.22,4038.2019999999998,10.018000000000029,close_sma_diff_10.0180,2025-10-08T18:00:00+00:00,2025-10-09T07:00:00+00:00,4048.14,4028.23,-19.909999999999854,0.35,-20.259999999999856,11.110000000000127,46.75999999999976,4059.25,4001.38,720
20376,2025-10-09T08:00:00+00:00,2025-10-09T09:00:00+00:00,2025-10-09T21:00:00+00:00,1,long,4039.77,4028.5869999999995,11.183000000000447,close_sma_diff_11.1830,2025-10-09T09:00:00+00:00,2025-10-09T21:00:00+00:00,4040.13,3951.47,-88.66000000000031,0.35,-89.0100000000003,17.799999999999727,95.32000000000016,4057.93,3944.81,721
20390,2025-10-09T22:00:00+00:00,2025-10-09T23:00:00+00:00,2025-10-10T12:00:00+00:00,-1,short,3973.01,4004.714,-31.703999999999724,close_sma_diff_-31.7040,2025-10-09T23:00:00+00:00,2025-10-10T12:00:00+00:00,3973.31,3992.01,-18.700000000000273,0.35,-19.050000000000274,26.460000000000036,21.5300000000002,3994.84,3946.85,720
20404,2025-10-10T13:00:00+00:00,2025-10-10T14:00:00+00:00,2025-10-13T03:00:00+00:00,1,long,3994.0,3977.709,16.291000000000167,close_sma_diff_16.2910,2025-10-10T14:00:00+00:00,2025-10-13T03:00:00+00:00,3993.87,4035.25,41.38000000000011,0.35,41.03000000000011,66.42000000000007,23.139999999999873,4060.29,3970.73,703
20418,2025-10-13T04:00:00+00:00,2025-10-13T05:00:00+00:00,2025-10-13T17:00:00+00:00,1,long,4053.06,4016.847,36.21299999999974,close_sma_diff_36.2130,2025-10-13T05:00:00+00:00,2025-10-13T17:00:00+00:00,4052.97,4095.99,43.01999999999998,0.35,42.66999999999998,43.559999999999945,11.08999999999969,4096.53,4041.88,721
20432,2025-10-13T18:00:00+00:00,2025-10-13T19:00:00+00:00,2025-10-14T08:00:00+00:00,1,long,4104.97,4082.672,22.29800000000023,close_sma_diff_22.2980,2025-10-13T19:00:00+00:00,2025-10-14T08:00:00+00:00,4104.88,4167.89,63.01000000000022,0.35,62.66000000000022,65.13000000000011,14.16000000000031,4170.01,4090.72,714
20446,2025-10-14T09:00:00+00:00,2025-10-14T10:00:00+00:00,2025-10-14T22:00:00+00:00,-1,short,4112.02,4132.585000000001,-20.56500000000051,close_sma_diff_-20.5650,2025-10-14T10:00:00+00:00,2025-10-14T22:00:00+00:00,4111.0,4150.13,-39.13000000000011,0.35,-39.48000000000011,13.279999999999745,44.38000000000011,4155.38,4097.72,721
20461,2025-10-15T01:00:00+00:00,2025-10-15T02:00:00+00:00,2025-10-15T14:00:00+00:00,1,long,4158.53,4137.717,20.813000000000102,close_sma_diff_20.8130,2025-10-15T02:00:00+00:00,2025-10-15T14:00:00+00:00,4158.85,4201.07,42.219999999999345,0.35,41.869999999999344,59.26999999999953,5.030000000000655,4218.12,4153.82,721
20482,2025-10-15T22:00:00+00:00,2025-10-15T23:00:00+00:00,2025-10-16T12:00:00+00:00,1,long,4210.42,4198.097,12.32300000000032,close_sma_diff_12.3230,2025-10-15T23:00:00+00:00,2025-10-16T12:00:00+00:00,4210.0,4232.84,22.840000000000146,0.35,22.490000000000144,32.14000000000033,10.210000000000036,4242.14,4199.79,720
20496,2025-10-16T13:00:00+00:00,2025-10-16T14:00:00+00:00,2025-10-17T03:00:00+00:00,1,long,4242.85,4231.016,11.834000000000742,close_sma_diff_11.8340,2025-10-16T14:00:00+00:00,2025-10-17T03:00:00+00:00,4243.0,4365.86,122.85999999999967,0.35,122.50999999999968,136.1800000000003,15.510000000000218,4379.18,4227.49,720
20511,2025-10-17T05:00:00+00:00,2025-10-17T06:00:00+00:00,2025-10-17T18:00:00+00:00,1,long,4342.46,4322.8369999999995,19.623000000000502,close_sma_diff_19.6230,2025-10-17T06:00:00+00:00,2025-10-17T18:00:00+00:00,4342.5,4251.37,-91.13000000000011,0.35,-91.4800000000001,36.01000000000022,125.61999999999989,4378.51,4216.88,721
20525,2025-10-17T19:00:00+00:00,2025-10-17T20:00:00+00:00,2025-10-20T09:00:00+00:00,-1,short,4204.49,4292.406000000001,-87.91600000000108,close_sma_diff_-87.9160,2025-10-17T20:00:00+00:00,2025-10-20T09:00:00+00:00,4204.97,4237.97,-33.0,0.35,-33.35,18.520000000000437,69.13999999999942,4274.11,4186.45,717
20543,2025-10-20T14:00:00+00:00,2025-10-20T15:00:00+00:00,2025-10-21T04:00:00+00:00,1,long,4279.56,4257.228,22.332000000000335,close_sma_diff_22.3320,2025-10-20T15:00:00+00:00,2025-10-21T04:00:00+00:00,4279.87,4368.31,88.44000000000051,0.35,88.09000000000052,101.65999999999985,7.010000000000218,4381.53,4272.86,720
20557,2025-10-21T05:00:00+00:00,2025-10-21T06:00:00+00:00,2025-10-21T18:00:00+00:00,-1,short,4338.96,4357.505999999999,-18.545999999999367,close_sma_diff_-18.5460,2025-10-21T06:00:00+00:00,2025-10-21T18:00:00+00:00,4338.92,4135.26,203.65999999999985,0.35,203.30999999999986,258.2600000000002,11.649999999999636,4350.57,4080.66,721
20571,2025-10-21T19:00:00+00:00,2025-10-21T20:00:00+00:00,2025-10-22T09:00:00+00:00,-1,short,4113.46,4212.040999999999,-98.58099999999922,close_sma_diff_-98.5810,2025-10-21T20:00:00+00:00,2025-10-22T09:00:00+00:00,4113.89,4131.81,-17.920000000000073,0.35,-18.270000000000074,109.67000000000053,33.04999999999927,4146.94,4004.22,720
20585,2025-10-22T10:00:00+00:00,2025-10-22T11:00:00+00:00,2025-10-22T23:00:00+00:00,1,long,4132.9,4117.433999999999,15.46600000000035,close_sma_diff_15.4660,2025-10-22T11:00:00+00:00,2025-10-22T23:00:00+00:00,4132.52,4101.49,-31.030000000000655,0.35,-31.380000000000656,3.319999999999709,121.19000000000051,4135.84,4011.33,721
20599,2025-10-23T01:00:00+00:00,2025-10-23T02:00:00+00:00,2025-10-23T14:00:00+00:00,1,long,4102.04,4067.0929999999994,34.94700000000057,close_sma_diff_34.9470,2025-10-23T02:00:00+00:00,2025-10-23T14:00:00+00:00,4102.04,4111.96,9.920000000000073,0.35,9.570000000000073,35.48999999999978,35.84999999999991,4137.53,4066.19,721
20613,2025-10-23T15:00:00+00:00,2025-10-23T16:00:00+00:00,2025-10-24T06:00:00+00:00,1,long,4127.27,4108.539,18.731000000000677,close_sma_diff_18.7310,2025-10-23T16:00:00+00:00,2025-10-24T06:00:00+00:00,4126.95,4110.32,-16.63000000000011,0.35,-16.98000000000011,27.710000000000036,21.029999999999745,4154.66,4105.92,662
20628,2025-10-24T08:00:00+00:00,2025-10-24T09:00:00+00:00,2025-10-24T21:00:00+00:00,-1,short,4104.5,4118.144,-13.644000000000233,close_sma_diff_-13.6440,2025-10-24T09:00:00+00:00,2025-10-24T21:00:00+00:00,4104.72,4108.83,-4.109999999999673,0.35,-4.459999999999672,60.68000000000029,33.67000000000007,4138.39,4044.04,721
20644,2025-10-27T00:00:00+00:00,2025-10-27T01:00:00+00:00,2025-10-27T13:00:00+00:00,-1,short,4081.68,4108.168,-26.48799999999983,close_sma_diff_-26.4880,2025-10-27T01:00:00+00:00,2025-10-27T13:00:00+00:00,4081.93,4039.79,42.13999999999987,0.35,41.78999999999987,57.809999999999945,15.7199999999998,4097.65,4024.12,715
20658,2025-10-27T14:00:00+00:00,2025-10-27T15:00:00+00:00,2025-10-28T04:00:00+00:00,-1,short,4045.29,4055.47,-10.179999999999836,close_sma_diff_-10.1800,2025-10-27T15:00:00+00:00,2025-10-28T04:00:00+00:00,4045.65,4012.41,33.24000000000024,0.35,32.890000000000235,74.16000000000031,4.319999999999709,4049.97,3971.49,720
20673,2025-10-28T06:00:00+00:00,2025-10-28T07:00:00+00:00,2025-10-28T19:00:00+00:00,-1,short,3973.72,3992.655,-18.9350000000004,close_sma_diff_-18.9350,2025-10-28T07:00:00+00:00,2025-10-28T19:00:00+00:00,3974.37,3959.1,15.269999999999982,0.35,14.919999999999982,87.75,5.809999999999945,3980.18,3886.62,721
20687,2025-10-28T20:00:00+00:00,2025-10-28T21:00:00+00:00,2025-10-29T10:00:00+00:00,1,long,3956.28,3939.8089999999997,16.47100000000046,close_sma_diff_16.4710,2025-10-28T21:00:00+00:00,2025-10-29T10:00:00+00:00,3956.59,4002.25,45.659999999999854,0.35,45.30999999999985,46.779999999999745,40.440000000000055,4003.37,3916.15,720
20701,2025-10-29T11:00:00+00:00,2025-10-29T12:00:00+00:00,2025-10-30T01:00:00+00:00,1,long,4024.01,3980.9260000000004,43.08399999999983,close_sma_diff_43.0840,2025-10-29T12:00:00+00:00,2025-10-30T01:00:00+00:00,4024.18,3940.72,-83.46000000000004,0.35,-83.81000000000003,6.039999999999964,108.01999999999998,4030.22,3916.16,720
20715,2025-10-30T02:00:00+00:00,2025-10-30T03:00:00+00:00,2025-10-30T15:00:00+00:00,-1,short,3950.27,3967.893,-17.623000000000047,close_sma_diff_-17.6230,2025-10-30T03:00:00+00:00,2025-10-30T15:00:00+00:00,3951.01,3960.7,-9.6899999999996,0.35,-10.0399999999996,35.93000000000029,60.789999999999964,4011.8,3915.08,721
20729,2025-10-30T16:00:00+00:00,2025-10-30T17:00:00+00:00,2025-10-31T06:00:00+00:00,1,long,3996.33,3978.8830000000003,17.44699999999966,close_sma_diff_17.4470,2025-10-30T17:00:00+00:00,2025-10-31T06:00:00+00:00,3996.73,3996.37,-0.36000000000012733,0.35,-0.7100000000001273,49.61000000000013,8.289999999999964,4046.34,3988.44,720
20743,2025-10-31T07:00:00+00:00,2025-10-31T08:00:00+00:00,2025-10-31T20:00:00+00:00,-1,short,4005.08,4018.471,-13.391000000000076,close_sma_diff_-13.3910,2025-10-31T08:00:00+00:00,2025-10-31T20:00:00+00:00,4005.34,3997.72,7.620000000000346,0.35,7.270000000000346,32.76000000000022,31.019999999999982,4036.36,3972.58,721
20759,2025-11-03T01:00:00+00:00,2025-11-03T02:00:00+00:00,2025-11-03T14:00:00+00:00,-1,short,3979.88,4003.518,-23.63799999999992,close_sma_diff_-23.6380,2025-11-03T02:00:00+00:00,2025-11-03T14:00:00+00:00,3979.54,4007.79,-28.25,0.35,-28.6,16.800000000000182,48.13000000000011,4027.67,3962.74,721
20782,2025-11-04T01:00:00+00:00,2025-11-04T02:00:00+00:00,2025-11-04T14:00:00+00:00,-1,short,3997.67,4008.203,-10.532999999999902,close_sma_diff_-10.5330,2025-11-04T02:00:00+00:00,2025-11-04T14:00:00+00:00,3997.7,3994.13,3.569999999999709,0.35,3.219999999999709,30.789999999999964,2.9900000000002365,4000.69,3966.91,721
20796,2025-11-04T15:00:00+00:00,2025-11-04T16:00:00+00:00,2025-11-05T05:00:00+00:00,-1,short,3975.93,3987.532,-11.602000000000317,close_sma_diff_-11.6020,2025-11-04T16:00:00+00:00,2025-11-05T05:00:00+00:00,3975.24,3948.46,26.779999999999745,0.35,26.429999999999744,46.33999999999969,2.3100000000004,3977.55,3928.9,720
20810,2025-11-05T06:00:00+00:00,2025-11-05T07:00:00+00:00,2025-11-05T19:00:00+00:00,1,long,3970.31,3943.7119999999995,26.59800000000041,close_sma_diff_26.5980,2025-11-05T07:00:00+00:00,2025-11-05T19:00:00+00:00,3970.33,3986.79,16.460000000000036,0.35,16.110000000000035,19.990000000000236,14.340000000000146,3990.32,3955.99,721
20825,2025-11-05T21:00:00+00:00,2025-11-05T22:00:00+00:00,2025-11-06T11:00:00+00:00,1,long,3987.81,3976.72,11.090000000000146,close_sma_diff_11.0900,2025-11-05T22:00:00+00:00,2025-11-06T11:00:00+00:00,3987.81,4015.02,27.210000000000036,0.35,26.860000000000035,28.720000000000255,23.09999999999991,4016.53,3964.71,720
20839,2025-11-06T12:00:00+00:00,2025-11-06T13:00:00+00:00,2025-11-07T02:00:00+00:00,1,long,4008.36,3995.576,12.784000000000106,close_sma_diff_12.7840,2025-11-06T13:00:00+00:00,2025-11-07T02:00:00+00:00,4008.27,3987.43,-20.840000000000146,0.35,-21.190000000000147,11.2800000000002,42.539999999999964,4019.55,3965.73,720
20853,2025-11-07T03:00:00+00:00,2025-11-07T04:00:00+00:00,2025-11-07T16:00:00+00:00,1,long,4001.72,3985.7759999999994,15.944000000000415,close_sma_diff_15.9440,2025-11-07T04:00:00+00:00,2025-11-07T16:00:00+00:00,4001.87,3999.37,-2.5,0.35,-2.85,12.300000000000182,16.279999999999745,4014.17,3985.59,721
20867,2025-11-07T17:00:00+00:00,2025-11-07T18:00:00+00:00,2025-11-10T07:00:00+00:00,-1,short,3990.99,4001.9260000000004,-10.936000000000604,close_sma_diff_-10.9360,2025-11-07T18:00:00+00:00,2025-11-10T07:00:00+00:00,3990.99,4052.5,-61.51000000000022,0.35,-61.86000000000022,0.9899999999997817,65.8100000000004,4056.8,3990.0,718
20881,2025-11-10T08:00:00+00:00,2025-11-10T09:00:00+00:00,2025-11-10T21:00:00+00:00,1,long,4075.08,4037.774,37.30600000000004,close_sma_diff_37.3060,2025-11-10T09:00:00+00:00,2025-11-10T21:00:00+00:00,4074.88,4110.16,35.279999999999745,0.35,34.929999999999744,40.9399999999996,3.1100000000001273,4115.82,4071.77,721
20895,2025-11-10T22:00:00+00:00,2025-11-10T23:00:00+00:00,2025-11-11T12:00:00+00:00,1,long,4111.65,4097.539999999999,14.110000000000582,close_sma_diff_14.1100,2025-11-10T23:00:00+00:00,2025-11-11T12:00:00+00:00,4111.79,4141.84,30.050000000000182,0.35,29.70000000000018,36.909999999999854,1.2799999999997453,4148.7,4110.51,720
20912,2025-11-11T16:00:00+00:00,2025-11-11T17:00:00+00:00,2025-11-12T06:00:00+00:00,-1,short,4125.09,4135.445,-10.354999999999563,close_sma_diff_-10.3550,2025-11-11T17:00:00+00:00,2025-11-12T06:00:00+00:00,4124.57,4111.84,12.729999999999563,0.35,12.379999999999564,27.409999999999854,20.82000000000062,4145.39,4097.16,721
20926,2025-11-12T07:00:00+00:00,2025-11-12T08:00:00+00:00,2025-11-12T20:00:00+00:00,-1,short,4104.67,4123.75,-19.079999999999927,close_sma_diff_-19.0800,2025-11-12T08:00:00+00:00,2025-11-12T20:00:00+00:00,4104.68,4200.35,-95.67000000000007,0.35,-96.02000000000007,1.4400000000005093,101.75,4206.43,4103.24,721
20940,2025-11-12T21:00:00+00:00,2025-11-12T22:00:00+00:00,2025-11-13T11:00:00+00:00,1,long,4197.54,4162.945,34.595000000000255,close_sma_diff_34.5950,2025-11-12T22:00:00+00:00,2025-11-13T11:00:00+00:00,4197.51,4234.44,36.92999999999938,0.35,36.57999999999938,42.05000000000018,17.61999999999989,4239.56,4179.89,720
20954,2025-11-13T12:00:00+00:00,2025-11-13T13:00:00+00:00,2025-11-14T02:00:00+00:00,1,long,4225.02,4213.885,11.135000000000218,close_sma_diff_11.1350,2025-11-13T13:00:00+00:00,2025-11-14T02:00:00+00:00,4225.13,4183.4,-41.73000000000047,0.35,-42.080000000000474,20.26000000000022,79.77000000000044,4245.39,4145.36,720
20969,2025-11-14T04:00:00+00:00,2025-11-14T05:00:00+00:00,2025-11-14T17:00:00+00:00,1,long,4207.08,4183.229,23.850999999999658,close_sma_diff_23.8510,2025-11-14T05:00:00+00:00,2025-11-14T17:00:00+00:00,4207.05,4078.2,-128.85000000000036,0.35,-129.20000000000036,4.099999999999454,174.6600000000003,4211.15,4032.39,721
20983,2025-11-14T18:00:00+00:00,2025-11-14T19:00:00+00:00,2025-11-17T08:00:00+00:00,-1,short,4105.05,4127.959,-22.90899999999965,close_sma_diff_-22.9090,2025-11-14T19:00:00+00:00,2025-11-17T08:00:00+00:00,4105.12,4061.04,44.07999999999993,0.35,43.729999999999926,55.429999999999836,5.369999999999891,4110.49,4049.69,718
21005,2025-11-17T17:00:00+00:00,2025-11-17T18:00:00+00:00,2025-11-18T07:00:00+00:00,-1,short,4064.48,4074.536,-10.05600000000004,close_sma_diff_-10.0560,2025-11-17T18:00:00+00:00,2025-11-18T07:00:00+00:00,4064.19,4011.64,52.55000000000018,0.35,52.20000000000018,59.09999999999991,16.86999999999989,4081.06,4005.09,720
21019,2025-11-18T08:00:00+00:00,2025-11-18T09:00:00+00:00,2025-11-18T21:00:00+00:00,-1,short,4009.18,4025.762,-16.582000000000335,close_sma_diff_-16.5820,2025-11-18T09:00:00+00:00,2025-11-18T21:00:00+00:00,4009.31,4073.51,-64.20000000000027,0.35,-64.55000000000027,10.949999999999818,72.67999999999984,4081.99,3998.36,721
21041,2025-11-19T07:00:00+00:00,2025-11-19T08:00:00+00:00,2025-11-19T20:00:00+00:00,1,long,4095.51,4073.5980000000004,21.911999999999807,close_sma_diff_21.9120,2025-11-19T08:00:00+00:00,2025-11-19T20:00:00+00:00,4095.12,4079.15,-15.9699999999998,0.35,-16.3199999999998,37.340000000000146,39.33999999999969,4132.46,4055.78,721
21055,2025-11-19T21:00:00+00:00,2025-11-19T22:00:00+00:00,2025-11-20T11:00:00+00:00,-1,short,4073.63,4098.563,-24.932999999999993,close_sma_diff_-24.9330,2025-11-19T22:00:00+00:00,2025-11-20T11:00:00+00:00,4073.65,4065.46,8.190000000000055,0.35,7.840000000000055,35.09999999999991,36.78999999999951,4110.44,4038.55,720
