{
  "stage": "Stage142_DEMO_LOOP_SUPERVISOR",
  "generated_utc": "2026-07-01T12:54:52Z",
  "status": "STAGE142_COMPLETE_DEMO_LOOP_SUPERVISOR_READY",
  "root": "/Users/vahid/Desktop/xauusd-trader",
  "dry_run": false,
  "commands_run": 5,
  "command_failures": 1,
  "command_results": [
    {
      "name": "stage138_refresh",
      "cmd": [
        "/Library/Developer/CommandLineTools/usr/bin/python3",
        "app/stage138_broker_technical_demo_discovery.py",
        "--root",
        "/Users/vahid/Desktop/xauusd-trader",
        "--bars",
        "/Users/vahid/Downloads/xauusd_fundamental_event_inbox/amarkets_xauusd_1h.csv",
        "--horizon-hours",
        "24",
        "--min-events",
        "25",
        "--min-mean-bps",
        "2.0",
        "--min-hit",
        "0.51",
        "--write-mt5"
      ],
      "returncode": 124,
      "dry_run": false,
      "stdout_tail": "",
      "stderr_tail": "TIMEOUT"
    },
    {
      "name": "stage134_collector",
      "cmd": [
        "/Library/Developer/CommandLineTools/usr/bin/python3",
        "app/stage134_demo_executor_pilot_collector.py",
        "--root",
        "/Users/vahid/Desktop/xauusd-trader",
        "--write-mt5-status-kv"
      ],
      "returncode": 0,
      "dry_run": false,
      "stdout_tail": "ange_pos_24_LEQ35\",\n      \"rule_id\": \"D138C_trend_20_50_bps_LEQ35__range_pos_24_LEQ35\",\n      \"feature_date\": \"2026-07-01T11:00:00Z\",\n      \"lot\": \"0.01\",\n      \"price\": \"3997.84\",\n      \"sl\": \"3985.84\",\n      \"tp\": \"4015.84\",\n      \"ok\": \"true\",\n      \"retcode\": \"10009\",\n      \"retcode_description\": \"done at 3997.84\",\n      \"account_mode\": \"DEMO\",\n      \"demo_required\": \"true\",\n      \"demo_orders_enabled\": \"true\",\n      \"note\": \"stage134_demo_only_execution_pilot\"\n    }\n  ],\n  \"latest_snapshot_csv\": \"/Users/vahid/Desktop/xauusd-trader/reports/stage134_demo_executor_pilot/stage134_latest_demo_executor_snapshot.csv\",\n  \"history_csv\": \"/Users/vahid/Desktop/xauusd-trader/data/demo_execution/stage134_demo_executor_snapshots.csv\",\n  \"risk_manifest_csv\": \"/Users/vahid/Desktop/xauusd-trader/reports/stage134_demo_executor_pilot/stage134_demo_risk_manifest.csv\",\n  \"status_kv_repo\": \"/Users/vahid/Desktop/xauusd-trader/data/demo_execution/stage134_demo_executor_collector_status_kv.csv\",\n  \"status_kv_report\": \"/Users/vahid/Desktop/xauusd-trader/reports/stage134_demo_executor_pilot/stage134_demo_executor_collector_status_kv.csv\",\n  \"mt5_collector_status_kv\": \"/Users/vahid/Library/Application Support/net.metaquotes.wine.metatrader5/drive_c/Program Files/MetaTrader 5/MQL5/Files/xauusd_stage134_demo_executor_collector_status_kv.csv\",\n  \"summary_json\": \"/Users/vahid/Desktop/xauusd-trader/reports/stage134_demo_executor_pilot/stage134_demo_executor_pilot_summary.json\",\n  \"report_md\": \"/Users/vahid/Desktop/xauusd-trader/reports/stage134_demo_executor_pilot/stage134_demo_executor_pilot_report.md\",\n  \"next\": [\n    \"If collector_decision is STAGE134_DEMO_ORDER_ACCEPTED_COLLECT_PNL, inspect MT5 demo position and subsequent PnL.\",\n    \"If status_fresh remains false but trade_log shows accepted orders, use trade_log fields as execution source of truth.\",\n    \"Do not send a duplicate order for the same signal unless the existing demo position is closed or state is intentionally reset.\"\n  ]\n}\n",
      "stderr_tail": ""
    },
    {
      "name": "stage139_position_collector",
      "cmd": [
        "/Library/Developer/CommandLineTools/usr/bin/python3",
        "app/stage139_demo_position_outcome_collector.py",
        "--root",
        "/Users/vahid/Desktop/xauusd-trader",
        "--write-mt5-status-kv"
      ],
      "returncode": 0,
      "dry_run": false,
      "stdout_tail": "0.00\",\n  \"position_current_price\": \"0.00\",\n  \"position_sl\": \"0.00\",\n  \"position_tp\": \"0.00\",\n  \"position_profit\": \"0.00\",\n  \"position_swap\": \"0.00\",\n  \"position_commission\": \"0.00\",\n  \"position_magic\": \"0\",\n  \"position_comment\": \"\",\n  \"stage134_trade_attempts\": 1,\n  \"stage134_trade_accepted\": 1,\n  \"latest_stage134_rule_id\": \"D138C_trend_20_50_bps_LEQ35__range_pos_24_LEQ35\",\n  \"latest_stage134_signal_key\": \"2026-07-01T11:00:00Z|D138C_trend_20_50_bps_LEQ35__range_pos_24_LEQ35\",\n  \"latest_stage134_entry_price\": \"3997.84\",\n  \"latest_stage134_lot\": \"0.01\",\n  \"latest_stage134_retcode\": \"10009\",\n  \"latest_snapshot_csv\": \"/Users/vahid/Desktop/xauusd-trader/reports/stage139_demo_position_outcome_monitor/stage139_latest_position_outcome_snapshot.csv\",\n  \"history_csv\": \"/Users/vahid/Desktop/xauusd-trader/data/demo_execution/stage139_demo_position_outcome_snapshots.csv\",\n  \"risk_manifest_csv\": \"/Users/vahid/Desktop/xauusd-trader/reports/stage139_demo_position_outcome_monitor/stage139_risk_manifest.csv\",\n  \"status_kv_repo\": \"/Users/vahid/Desktop/xauusd-trader/data/demo_execution/stage139_position_outcome_collector_status_kv.csv\",\n  \"status_kv_report\": \"/Users/vahid/Desktop/xauusd-trader/reports/stage139_demo_position_outcome_monitor/stage139_position_outcome_collector_status_kv.csv\",\n  \"mt5_collector_status_kv\": \"/Users/vahid/Library/Application Support/net.metaquotes.wine.metatrader5/drive_c/Program Files/MetaTrader 5/MQL5/Files/xauusd_stage139_position_outcome_collector_status_kv.csv\",\n  \"summary_json\": \"/Users/vahid/Desktop/xauusd-trader/reports/stage139_demo_position_outcome_monitor/stage139_demo_position_outcome_monitor_summary.json\",\n  \"next\": [\n    \"If monitor is not confirmed, compile and attach Stage139_DemoPositionOutcomeMonitor indicator to the XAUUSD chart.\",\n    \"If an open demo position exists, keep monitoring floating PnL until SL/TP/time-exit/closure.\",\n    \"Do not duplicate the Stage134 order for the same signal while this position/outcome is unresolved.\"\n  ]\n}\n",
      "stderr_tail": ""
    },
    {
      "name": "stage140_closed_deal_collector",
      "cmd": [
        "/Library/Developer/CommandLineTools/usr/bin/python3",
        "app/stage140_demo_closed_deal_outcome_collector.py",
        "--root",
        "/Users/vahid/Desktop/xauusd-trader",
        "--write-mt5-status-kv"
      ],
      "returncode": 0,
      "dry_run": false,
      "stdout_tail": "40001\",\n      \"reason_code\": \"3\",\n      \"comment\": \"Stage134Demo|D138C_trend_20_50_\"\n    },\n    {\n      \"generated_utc\": \"2026-07-01T12:56:25Z\",\n      \"ticket\": \"226648654\",\n      \"time\": \"2026-07-01T14:11:10Z\",\n      \"symbol\": \"XAUUSD\",\n      \"position_id\": \"249663149\",\n      \"entry_code\": \"1\",\n      \"type_code\": \"1\",\n      \"volume\": \"0.01\",\n      \"price\": \"4015.88\",\n      \"profit\": \"18.04\",\n      \"swap\": \"0.00\",\n      \"commission\": \"0.00\",\n      \"magic\": \"1340001\",\n      \"reason_code\": \"5\",\n      \"comment\": \"[tp 4015.84]\"\n    }\n  ],\n  \"latest_snapshot_csv\": \"/Users/vahid/Desktop/xauusd-trader/reports/stage140_demo_closed_deal_outcome_monitor/stage140_latest_closed_deal_outcome_snapshot.csv\",\n  \"history_csv\": \"/Users/vahid/Desktop/xauusd-trader/data/demo_execution/stage140_demo_closed_deal_outcome_snapshots.csv\",\n  \"risk_manifest_csv\": \"/Users/vahid/Desktop/xauusd-trader/reports/stage140_demo_closed_deal_outcome_monitor/stage140_risk_manifest.csv\",\n  \"status_kv_repo\": \"/Users/vahid/Desktop/xauusd-trader/data/demo_execution/stage140_closed_deal_outcome_collector_status_kv.csv\",\n  \"status_kv_report\": \"/Users/vahid/Desktop/xauusd-trader/reports/stage140_demo_closed_deal_outcome_monitor/stage140_closed_deal_outcome_collector_status_kv.csv\",\n  \"mt5_collector_status_kv\": \"/Users/vahid/Library/Application Support/net.metaquotes.wine.metatrader5/drive_c/Program Files/MetaTrader 5/MQL5/Files/xauusd_stage140_closed_deal_outcome_collector_status_kv.csv\",\n  \"summary_json\": \"/Users/vahid/Desktop/xauusd-trader/reports/stage140_demo_closed_deal_outcome_monitor/stage140_demo_closed_deal_outcome_monitor_summary.json\",\n  \"next\": [\n    \"If collector_decision is a closed profit/loss/flat outcome, archive the first demo-order outcome and continue demo loop with duplicate control.\",\n    \"If entry is found but no exit deal, keep Stage139 position monitor active and wait for closure.\",\n    \"If no symbol deal is found, widen the MT5 history window or verify the account/history tab.\"\n  ]\n}\n",
      "stderr_tail": ""
    },
    {
      "name": "stage141_ledger",
      "cmd": [
        "/Library/Developer/CommandLineTools/usr/bin/python3",
        "app/stage141_demo_execution_outcome_ledger.py",
        "--root",
        "/Users/vahid/Desktop/xauusd-trader"
      ],
      "returncode": 0,
      "dry_run": false,
      "stdout_tail": "{\n  \"stage\": \"Stage141_DEMO_EXECUTION_OUTCOME_LEDGER\",\n  \"generated_utc\": \"2026-07-01T12:56:31Z\",\n  \"status\": \"STAGE141_COMPLETE_DEMO_EXECUTION_OUTCOME_LEDGER_READY\",\n  \"decision\": \"STAGE141_DEMO_OUTCOME_PROFIT_CONFIRMED_CONTINUE_LOOP\",\n  \"root\": \"/Users/vahid/Desktop/xauusd-trader\",\n  \"stage134_summary\": \"/Users/vahid/Desktop/xauusd-trader/reports/stage134_demo_executor_pilot/stage134_demo_executor_pilot_summary.json\",\n  \"stage138_summary\": \"/Users/vahid/Desktop/xauusd-trader/reports/stage138_broker_technical_demo_discovery/stage138_broker_technical_demo_discovery_summary.json\",\n  \"stage140_summary\": \"/Users/vahid/Desktop/xauusd-trader/reports/stage140_demo_closed_deal_outcome_monitor/stage140_demo_closed_deal_outcome_monitor_summary.json\",\n  \"outcome_status\": \"PROFIT\",\n  \"exit_reason_inferred\": \"TP\",\n  \"net_profit\": \"18.04\",\n  \"points_move\": \"18.04\",\n  \"bps_move\": \"45.12\",\n  \"rule_id\": \"D138C_trend_20_50_bps_LEQ35__range_pos_24_LEQ35\",\n  \"signal_key\": \"2026-07-01T11:00:00Z|D138C_trend_20_50_bps_LEQ35__range_pos_24_LEQ35\",\n  \"entry_price\": \"3997.84\",\n  \"exit_price\": \"4015.88\",\n  \"entry_deal_ticket\": \"226639067\",\n  \"exit_deal_ticket\": \"226648654\",\n  \"ledger_csv\": \"/Users/vahid/Desktop/xauusd-trader/data/demo_execution/stage141_demo_execution_outcome_ledger.csv\",\n  \"latest_csv\": \"/Users/vahid/Desktop/xauusd-trader/reports/stage141_demo_execution_outcome_ledger/stage141_latest_demo_execution_outcome.csv\",\n  \"ledger_row_appended\": false,\n  \"ledger_row_count\": 1,\n  \"next_action\": \"CONTINUE_DEMO_LOOP_ALLOW_NEXT_DISTINCT_SIGNAL\",\n  \"next\": [\n    \"Keep Stage138 refresh running and keep Stage134 duplicate guard enabled.\",\n    \"Allow the next demo order only on a distinct new signal key, not the already closed signal.\",\n    \"After several outcomes, evaluate rule expectancy from the Stage141 ledger before live-real consideration.\"\n  ]\n}\n",
      "stderr_tail": ""
    }
  ],
  "loop_decision": "STAGE142_LOOP_READY_FOR_NEXT_DISTINCT_SIGNAL_AFTER_PROFIT",
  "next_action": "KEEP_STAGE138_STAGE134_RUNNING_WAIT_FOR_NEXT_DISTINCT_SIGNAL",
  "stage138_selected_rule_id": "D138C_trend_20_50_bps_LEQ35__range_pos_24_LEQ35",
  "stage138_bar_max_utc": "2026-07-01T11:00:00+00:00",
  "stage134_collector_decision": "STAGE134_DEMO_ORDER_ACCEPTED_COLLECT_PNL",
  "stage139_collector_decision": "STAGE139_NO_OPEN_POSITION_AFTER_ACCEPTED_ORDER_CHECK_HISTORY_OR_CLOSED",
  "stage140_collector_decision": "STAGE140_CLOSED_DEMO_DEAL_PROFIT",
  "stage141_decision": "STAGE141_DEMO_OUTCOME_PROFIT_CONFIRMED_CONTINUE_LOOP",
  "stage141_outcome_status": "PROFIT",
  "stage141_signal_key": "2026-07-01T11:00:00Z|D138C_trend_20_50_bps_LEQ35__range_pos_24_LEQ35",
  "stage141_net_profit": "18.04",
  "stage141_bps_move": "45.12",
  "stage141_ledger_row_count": 1,
  "latest_csv": "/Users/vahid/Desktop/xauusd-trader/reports/stage142_demo_loop_supervisor/stage142_latest_demo_loop_supervisor_snapshot.csv",
  "history_csv": "/Users/vahid/Desktop/xauusd-trader/data/demo_execution/stage142_demo_loop_supervisor_snapshots.csv",
  "risk_manifest_csv": "/Users/vahid/Desktop/xauusd-trader/reports/stage142_demo_loop_supervisor/stage142_risk_manifest.csv",
  "summary_json": "/Users/vahid/Desktop/xauusd-trader/reports/stage142_demo_loop_supervisor/stage142_demo_loop_supervisor_summary.json",
  "next": [
    "Keep Stage134 EA armed only on demo account.",
    "Keep Stage138 refresh running so Stage134 sees fresh rule-state.",
    "Allow new orders only for distinct signal keys and ledger every closed outcome."
  ]
}
{
  "stage": "Stage142_DEMO_LOOP_SUPERVISOR",
  "generated_utc": "2026-07-01T13:05:59Z",
  "status": "STAGE142B_COMPLETE_FAST_DEMO_LOOP_SUPERVISOR_READY",
  "root": "/Users/vahid/Desktop/xauusd-trader",
  "dry_run": false,
  "with_stage138_refresh": false,
  "commands_run": 4,
  "command_failures": 0,
  "command_results": [
    {
      "name": "stage134_collector",
      "cmd": [
        "/Library/Developer/CommandLineTools/usr/bin/python3",
        "app/stage134_demo_executor_pilot_collector.py",
        "--root",
        "/Users/vahid/Desktop/xauusd-trader",
        "--write-mt5-status-kv"
      ],
      "returncode": 0,
      "dry_run": false,
      "stdout_tail": "ange_pos_24_LEQ35\",\n      \"rule_id\": \"D138C_trend_20_50_bps_LEQ35__range_pos_24_LEQ35\",\n      \"feature_date\": \"2026-07-01T11:00:00Z\",\n      \"lot\": \"0.01\",\n      \"price\": \"3997.84\",\n      \"sl\": \"3985.84\",\n      \"tp\": \"4015.84\",\n      \"ok\": \"true\",\n      \"retcode\": \"10009\",\n      \"retcode_description\": \"done at 3997.84\",\n      \"account_mode\": \"DEMO\",\n      \"demo_required\": \"true\",\n      \"demo_orders_enabled\": \"true\",\n      \"note\": \"stage134_demo_only_execution_pilot\"\n    }\n  ],\n  \"latest_snapshot_csv\": \"/Users/vahid/Desktop/xauusd-trader/reports/stage134_demo_executor_pilot/stage134_latest_demo_executor_snapshot.csv\",\n  \"history_csv\": \"/Users/vahid/Desktop/xauusd-trader/data/demo_execution/stage134_demo_executor_snapshots.csv\",\n  \"risk_manifest_csv\": \"/Users/vahid/Desktop/xauusd-trader/reports/stage134_demo_executor_pilot/stage134_demo_risk_manifest.csv\",\n  \"status_kv_repo\": \"/Users/vahid/Desktop/xauusd-trader/data/demo_execution/stage134_demo_executor_collector_status_kv.csv\",\n  \"status_kv_report\": \"/Users/vahid/Desktop/xauusd-trader/reports/stage134_demo_executor_pilot/stage134_demo_executor_collector_status_kv.csv\",\n  \"mt5_collector_status_kv\": \"/Users/vahid/Library/Application Support/net.metaquotes.wine.metatrader5/drive_c/Program Files/MetaTrader 5/MQL5/Files/xauusd_stage134_demo_executor_collector_status_kv.csv\",\n  \"summary_json\": \"/Users/vahid/Desktop/xauusd-trader/reports/stage134_demo_executor_pilot/stage134_demo_executor_pilot_summary.json\",\n  \"report_md\": \"/Users/vahid/Desktop/xauusd-trader/reports/stage134_demo_executor_pilot/stage134_demo_executor_pilot_report.md\",\n  \"next\": [\n    \"If collector_decision is STAGE134_DEMO_ORDER_ACCEPTED_COLLECT_PNL, inspect MT5 demo position and subsequent PnL.\",\n    \"If status_fresh remains false but trade_log shows accepted orders, use trade_log fields as execution source of truth.\",\n    \"Do not send a duplicate order for the same signal unless the existing demo position is closed or state is intentionally reset.\"\n  ]\n}\n",
      "stderr_tail": ""
    },
    {
      "name": "stage139_position_collector",
      "cmd": [
        "/Library/Developer/CommandLineTools/usr/bin/python3",
        "app/stage139_demo_position_outcome_collector.py",
        "--root",
        "/Users/vahid/Desktop/xauusd-trader",
        "--write-mt5-status-kv"
      ],
      "returncode": 0,
      "dry_run": false,
      "stdout_tail": "0.00\",\n  \"position_current_price\": \"0.00\",\n  \"position_sl\": \"0.00\",\n  \"position_tp\": \"0.00\",\n  \"position_profit\": \"0.00\",\n  \"position_swap\": \"0.00\",\n  \"position_commission\": \"0.00\",\n  \"position_magic\": \"0\",\n  \"position_comment\": \"\",\n  \"stage134_trade_attempts\": 1,\n  \"stage134_trade_accepted\": 1,\n  \"latest_stage134_rule_id\": \"D138C_trend_20_50_bps_LEQ35__range_pos_24_LEQ35\",\n  \"latest_stage134_signal_key\": \"2026-07-01T11:00:00Z|D138C_trend_20_50_bps_LEQ35__range_pos_24_LEQ35\",\n  \"latest_stage134_entry_price\": \"3997.84\",\n  \"latest_stage134_lot\": \"0.01\",\n  \"latest_stage134_retcode\": \"10009\",\n  \"latest_snapshot_csv\": \"/Users/vahid/Desktop/xauusd-trader/reports/stage139_demo_position_outcome_monitor/stage139_latest_position_outcome_snapshot.csv\",\n  \"history_csv\": \"/Users/vahid/Desktop/xauusd-trader/data/demo_execution/stage139_demo_position_outcome_snapshots.csv\",\n  \"risk_manifest_csv\": \"/Users/vahid/Desktop/xauusd-trader/reports/stage139_demo_position_outcome_monitor/stage139_risk_manifest.csv\",\n  \"status_kv_repo\": \"/Users/vahid/Desktop/xauusd-trader/data/demo_execution/stage139_position_outcome_collector_status_kv.csv\",\n  \"status_kv_report\": \"/Users/vahid/Desktop/xauusd-trader/reports/stage139_demo_position_outcome_monitor/stage139_position_outcome_collector_status_kv.csv\",\n  \"mt5_collector_status_kv\": \"/Users/vahid/Library/Application Support/net.metaquotes.wine.metatrader5/drive_c/Program Files/MetaTrader 5/MQL5/Files/xauusd_stage139_position_outcome_collector_status_kv.csv\",\n  \"summary_json\": \"/Users/vahid/Desktop/xauusd-trader/reports/stage139_demo_position_outcome_monitor/stage139_demo_position_outcome_monitor_summary.json\",\n  \"next\": [\n    \"If monitor is not confirmed, compile and attach Stage139_DemoPositionOutcomeMonitor indicator to the XAUUSD chart.\",\n    \"If an open demo position exists, keep monitoring floating PnL until SL/TP/time-exit/closure.\",\n    \"Do not duplicate the Stage134 order for the same signal while this position/outcome is unresolved.\"\n  ]\n}\n",
      "stderr_tail": ""
    },
    {
      "name": "stage140_closed_deal_collector",
      "cmd": [
        "/Library/Developer/CommandLineTools/usr/bin/python3",
        "app/stage140_demo_closed_deal_outcome_collector.py",
        "--root",
        "/Users/vahid/Desktop/xauusd-trader",
        "--write-mt5-status-kv"
      ],
      "returncode": 0,
      "dry_run": false,
      "stdout_tail": "40001\",\n      \"reason_code\": \"3\",\n      \"comment\": \"Stage134Demo|D138C_trend_20_50_\"\n    },\n    {\n      \"generated_utc\": \"2026-07-01T13:05:55Z\",\n      \"ticket\": \"226648654\",\n      \"time\": \"2026-07-01T14:11:10Z\",\n      \"symbol\": \"XAUUSD\",\n      \"position_id\": \"249663149\",\n      \"entry_code\": \"1\",\n      \"type_code\": \"1\",\n      \"volume\": \"0.01\",\n      \"price\": \"4015.88\",\n      \"profit\": \"18.04\",\n      \"swap\": \"0.00\",\n      \"commission\": \"0.00\",\n      \"magic\": \"1340001\",\n      \"reason_code\": \"5\",\n      \"comment\": \"[tp 4015.84]\"\n    }\n  ],\n  \"latest_snapshot_csv\": \"/Users/vahid/Desktop/xauusd-trader/reports/stage140_demo_closed_deal_outcome_monitor/stage140_latest_closed_deal_outcome_snapshot.csv\",\n  \"history_csv\": \"/Users/vahid/Desktop/xauusd-trader/data/demo_execution/stage140_demo_closed_deal_outcome_snapshots.csv\",\n  \"risk_manifest_csv\": \"/Users/vahid/Desktop/xauusd-trader/reports/stage140_demo_closed_deal_outcome_monitor/stage140_risk_manifest.csv\",\n  \"status_kv_repo\": \"/Users/vahid/Desktop/xauusd-trader/data/demo_execution/stage140_closed_deal_outcome_collector_status_kv.csv\",\n  \"status_kv_report\": \"/Users/vahid/Desktop/xauusd-trader/reports/stage140_demo_closed_deal_outcome_monitor/stage140_closed_deal_outcome_collector_status_kv.csv\",\n  \"mt5_collector_status_kv\": \"/Users/vahid/Library/Application Support/net.metaquotes.wine.metatrader5/drive_c/Program Files/MetaTrader 5/MQL5/Files/xauusd_stage140_closed_deal_outcome_collector_status_kv.csv\",\n  \"summary_json\": \"/Users/vahid/Desktop/xauusd-trader/reports/stage140_demo_closed_deal_outcome_monitor/stage140_demo_closed_deal_outcome_monitor_summary.json\",\n  \"next\": [\n    \"If collector_decision is a closed profit/loss/flat outcome, archive the first demo-order outcome and continue demo loop with duplicate control.\",\n    \"If entry is found but no exit deal, keep Stage139 position monitor active and wait for closure.\",\n    \"If no symbol deal is found, widen the MT5 history window or verify the account/history tab.\"\n  ]\n}\n",
      "stderr_tail": ""
    },
    {
      "name": "stage141_ledger",
      "cmd": [
        "/Library/Developer/CommandLineTools/usr/bin/python3",
        "app/stage141_demo_execution_outcome_ledger.py",
        "--root",
        "/Users/vahid/Desktop/xauusd-trader"
      ],
      "returncode": 0,
      "dry_run": false,
      "stdout_tail": "{\n  \"stage\": \"Stage141_DEMO_EXECUTION_OUTCOME_LEDGER\",\n  \"generated_utc\": \"2026-07-01T13:06:01Z\",\n  \"status\": \"STAGE141_COMPLETE_DEMO_EXECUTION_OUTCOME_LEDGER_READY\",\n  \"decision\": \"STAGE141_DEMO_OUTCOME_PROFIT_CONFIRMED_CONTINUE_LOOP\",\n  \"root\": \"/Users/vahid/Desktop/xauusd-trader\",\n  \"stage134_summary\": \"/Users/vahid/Desktop/xauusd-trader/reports/stage134_demo_executor_pilot/stage134_demo_executor_pilot_summary.json\",\n  \"stage138_summary\": \"/Users/vahid/Desktop/xauusd-trader/reports/stage138_broker_technical_demo_discovery/stage138_broker_technical_demo_discovery_summary.json\",\n  \"stage140_summary\": \"/Users/vahid/Desktop/xauusd-trader/reports/stage140_demo_closed_deal_outcome_monitor/stage140_demo_closed_deal_outcome_monitor_summary.json\",\n  \"outcome_status\": \"PROFIT\",\n  \"exit_reason_inferred\": \"TP\",\n  \"net_profit\": \"18.04\",\n  \"points_move\": \"18.04\",\n  \"bps_move\": \"45.12\",\n  \"rule_id\": \"D138C_trend_20_50_bps_LEQ35__range_pos_24_LEQ35\",\n  \"signal_key\": \"2026-07-01T11:00:00Z|D138C_trend_20_50_bps_LEQ35__range_pos_24_LEQ35\",\n  \"entry_price\": \"3997.84\",\n  \"exit_price\": \"4015.88\",\n  \"entry_deal_ticket\": \"226639067\",\n  \"exit_deal_ticket\": \"226648654\",\n  \"ledger_csv\": \"/Users/vahid/Desktop/xauusd-trader/data/demo_execution/stage141_demo_execution_outcome_ledger.csv\",\n  \"latest_csv\": \"/Users/vahid/Desktop/xauusd-trader/reports/stage141_demo_execution_outcome_ledger/stage141_latest_demo_execution_outcome.csv\",\n  \"ledger_row_appended\": false,\n  \"ledger_row_count\": 1,\n  \"next_action\": \"CONTINUE_DEMO_LOOP_ALLOW_NEXT_DISTINCT_SIGNAL\",\n  \"next\": [\n    \"Keep Stage138 refresh running and keep Stage134 duplicate guard enabled.\",\n    \"Allow the next demo order only on a distinct new signal key, not the already closed signal.\",\n    \"After several outcomes, evaluate rule expectancy from the Stage141 ledger before live-real consideration.\"\n  ]\n}\n",
      "stderr_tail": ""
    }
  ],
  "loop_health": "OK",
  "loop_decision": "STAGE142_LOOP_READY_FOR_NEXT_DISTINCT_SIGNAL_AFTER_PROFIT",
  "next_action": "KEEP_STAGE134_ARMED_WAIT_FOR_NEXT_DISTINCT_SIGNAL",
  "stage138_selected_rule_id": "D138C_trend_20_50_bps_LEQ35__range_pos_24_LEQ35",
  "stage138_bar_max_utc": "2026-07-01T11:00:00+00:00",
  "stage134_collector_decision": "STAGE134_DEMO_ORDER_ACCEPTED_COLLECT_PNL",
  "stage139_collector_decision": "STAGE139_NO_OPEN_POSITION_AFTER_ACCEPTED_ORDER_CHECK_HISTORY_OR_CLOSED",
  "stage140_collector_decision": "STAGE140_CLOSED_DEMO_DEAL_PROFIT",
  "stage141_decision": "STAGE141_DEMO_OUTCOME_PROFIT_CONFIRMED_CONTINUE_LOOP",
  "stage141_outcome_status": "PROFIT",
  "stage141_signal_key": "2026-07-01T11:00:00Z|D138C_trend_20_50_bps_LEQ35__range_pos_24_LEQ35",
  "stage141_net_profit": "18.04",
  "stage141_bps_move": "45.12",
  "stage141_ledger_row_count": 1,
  "latest_csv": "/Users/vahid/Desktop/xauusd-trader/reports/stage142_demo_loop_supervisor/stage142_latest_demo_loop_supervisor_snapshot.csv",
  "history_csv": "/Users/vahid/Desktop/xauusd-trader/data/demo_execution/stage142_demo_loop_supervisor_snapshots.csv",
  "risk_manifest_csv": "/Users/vahid/Desktop/xauusd-trader/reports/stage142_demo_loop_supervisor/stage142_risk_manifest.csv",
  "summary_json": "/Users/vahid/Desktop/xauusd-trader/reports/stage142_demo_loop_supervisor/stage142_demo_loop_supervisor_summary.json",
  "next": [
    "Keep Stage134 EA armed only on demo account.",
    "Run Stage142B fast loop every 10 minutes; run Stage138 refresh separately/manual or slower.",
    "Allow new orders only for distinct signal keys and ledger every closed outcome."
  ]
}
{
  "stage": "Stage142_DEMO_LOOP_SUPERVISOR",
  "generated_utc": "2026-07-01T13:16:02Z",
  "status": "STAGE142B_COMPLETE_FAST_DEMO_LOOP_SUPERVISOR_READY",
  "root": "/Users/vahid/Desktop/xauusd-trader",
  "dry_run": false,
  "with_stage138_refresh": false,
  "commands_run": 4,
  "command_failures": 0,
  "command_results": [
    {
      "name": "stage134_collector",
      "cmd": [
        "/Library/Developer/CommandLineTools/usr/bin/python3",
        "app/stage134_demo_executor_pilot_collector.py",
        "--root",
        "/Users/vahid/Desktop/xauusd-trader",
        "--write-mt5-status-kv"
      ],
      "returncode": 0,
      "dry_run": false,
      "stdout_tail": "ange_pos_24_LEQ35\",\n      \"rule_id\": \"D138C_trend_20_50_bps_LEQ35__range_pos_24_LEQ35\",\n      \"feature_date\": \"2026-07-01T11:00:00Z\",\n      \"lot\": \"0.01\",\n      \"price\": \"3997.84\",\n      \"sl\": \"3985.84\",\n      \"tp\": \"4015.84\",\n      \"ok\": \"true\",\n      \"retcode\": \"10009\",\n      \"retcode_description\": \"done at 3997.84\",\n      \"account_mode\": \"DEMO\",\n      \"demo_required\": \"true\",\n      \"demo_orders_enabled\": \"true\",\n      \"note\": \"stage134_demo_only_execution_pilot\"\n    }\n  ],\n  \"latest_snapshot_csv\": \"/Users/vahid/Desktop/xauusd-trader/reports/stage134_demo_executor_pilot/stage134_latest_demo_executor_snapshot.csv\",\n  \"history_csv\": \"/Users/vahid/Desktop/xauusd-trader/data/demo_execution/stage134_demo_executor_snapshots.csv\",\n  \"risk_manifest_csv\": \"/Users/vahid/Desktop/xauusd-trader/reports/stage134_demo_executor_pilot/stage134_demo_risk_manifest.csv\",\n  \"status_kv_repo\": \"/Users/vahid/Desktop/xauusd-trader/data/demo_execution/stage134_demo_executor_collector_status_kv.csv\",\n  \"status_kv_report\": \"/Users/vahid/Desktop/xauusd-trader/reports/stage134_demo_executor_pilot/stage134_demo_executor_collector_status_kv.csv\",\n  \"mt5_collector_status_kv\": \"/Users/vahid/Library/Application Support/net.metaquotes.wine.metatrader5/drive_c/Program Files/MetaTrader 5/MQL5/Files/xauusd_stage134_demo_executor_collector_status_kv.csv\",\n  \"summary_json\": \"/Users/vahid/Desktop/xauusd-trader/reports/stage134_demo_executor_pilot/stage134_demo_executor_pilot_summary.json\",\n  \"report_md\": \"/Users/vahid/Desktop/xauusd-trader/reports/stage134_demo_executor_pilot/stage134_demo_executor_pilot_report.md\",\n  \"next\": [\n    \"If collector_decision is STAGE134_DEMO_ORDER_ACCEPTED_COLLECT_PNL, inspect MT5 demo position and subsequent PnL.\",\n    \"If status_fresh remains false but trade_log shows accepted orders, use trade_log fields as execution source of truth.\",\n    \"Do not send a duplicate order for the same signal unless the existing demo position is closed or state is intentionally reset.\"\n  ]\n}\n",
      "stderr_tail": ""
    },
    {
      "name": "stage139_position_collector",
      "cmd": [
        "/Library/Developer/CommandLineTools/usr/bin/python3",
        "app/stage139_demo_position_outcome_collector.py",
        "--root",
        "/Users/vahid/Desktop/xauusd-trader",
        "--write-mt5-status-kv"
      ],
      "returncode": 0,
      "dry_run": false,
      "stdout_tail": "0.00\",\n  \"position_current_price\": \"0.00\",\n  \"position_sl\": \"0.00\",\n  \"position_tp\": \"0.00\",\n  \"position_profit\": \"0.00\",\n  \"position_swap\": \"0.00\",\n  \"position_commission\": \"0.00\",\n  \"position_magic\": \"0\",\n  \"position_comment\": \"\",\n  \"stage134_trade_attempts\": 1,\n  \"stage134_trade_accepted\": 1,\n  \"latest_stage134_rule_id\": \"D138C_trend_20_50_bps_LEQ35__range_pos_24_LEQ35\",\n  \"latest_stage134_signal_key\": \"2026-07-01T11:00:00Z|D138C_trend_20_50_bps_LEQ35__range_pos_24_LEQ35\",\n  \"latest_stage134_entry_price\": \"3997.84\",\n  \"latest_stage134_lot\": \"0.01\",\n  \"latest_stage134_retcode\": \"10009\",\n  \"latest_snapshot_csv\": \"/Users/vahid/Desktop/xauusd-trader/reports/stage139_demo_position_outcome_monitor/stage139_latest_position_outcome_snapshot.csv\",\n  \"history_csv\": \"/Users/vahid/Desktop/xauusd-trader/data/demo_execution/stage139_demo_position_outcome_snapshots.csv\",\n  \"risk_manifest_csv\": \"/Users/vahid/Desktop/xauusd-trader/reports/stage139_demo_position_outcome_monitor/stage139_risk_manifest.csv\",\n  \"status_kv_repo\": \"/Users/vahid/Desktop/xauusd-trader/data/demo_execution/stage139_position_outcome_collector_status_kv.csv\",\n  \"status_kv_report\": \"/Users/vahid/Desktop/xauusd-trader/reports/stage139_demo_position_outcome_monitor/stage139_position_outcome_collector_status_kv.csv\",\n  \"mt5_collector_status_kv\": \"/Users/vahid/Library/Application Support/net.metaquotes.wine.metatrader5/drive_c/Program Files/MetaTrader 5/MQL5/Files/xauusd_stage139_position_outcome_collector_status_kv.csv\",\n  \"summary_json\": \"/Users/vahid/Desktop/xauusd-trader/reports/stage139_demo_position_outcome_monitor/stage139_demo_position_outcome_monitor_summary.json\",\n  \"next\": [\n    \"If monitor is not confirmed, compile and attach Stage139_DemoPositionOutcomeMonitor indicator to the XAUUSD chart.\",\n    \"If an open demo position exists, keep monitoring floating PnL until SL/TP/time-exit/closure.\",\n    \"Do not duplicate the Stage134 order for the same signal while this position/outcome is unresolved.\"\n  ]\n}\n",
      "stderr_tail": ""
    },
    {
      "name": "stage140_closed_deal_collector",
      "cmd": [
        "/Library/Developer/CommandLineTools/usr/bin/python3",
        "app/stage140_demo_closed_deal_outcome_collector.py",
        "--root",
        "/Users/vahid/Desktop/xauusd-trader",
        "--write-mt5-status-kv"
      ],
      "returncode": 0,
      "dry_run": false,
      "stdout_tail": "40001\",\n      \"reason_code\": \"3\",\n      \"comment\": \"Stage134Demo|D138C_trend_20_50_\"\n    },\n    {\n      \"generated_utc\": \"2026-07-01T13:15:55Z\",\n      \"ticket\": \"226648654\",\n      \"time\": \"2026-07-01T14:11:10Z\",\n      \"symbol\": \"XAUUSD\",\n      \"position_id\": \"249663149\",\n      \"entry_code\": \"1\",\n      \"type_code\": \"1\",\n      \"volume\": \"0.01\",\n      \"price\": \"4015.88\",\n      \"profit\": \"18.04\",\n      \"swap\": \"0.00\",\n      \"commission\": \"0.00\",\n      \"magic\": \"1340001\",\n      \"reason_code\": \"5\",\n      \"comment\": \"[tp 4015.84]\"\n    }\n  ],\n  \"latest_snapshot_csv\": \"/Users/vahid/Desktop/xauusd-trader/reports/stage140_demo_closed_deal_outcome_monitor/stage140_latest_closed_deal_outcome_snapshot.csv\",\n  \"history_csv\": \"/Users/vahid/Desktop/xauusd-trader/data/demo_execution/stage140_demo_closed_deal_outcome_snapshots.csv\",\n  \"risk_manifest_csv\": \"/Users/vahid/Desktop/xauusd-trader/reports/stage140_demo_closed_deal_outcome_monitor/stage140_risk_manifest.csv\",\n  \"status_kv_repo\": \"/Users/vahid/Desktop/xauusd-trader/data/demo_execution/stage140_closed_deal_outcome_collector_status_kv.csv\",\n  \"status_kv_report\": \"/Users/vahid/Desktop/xauusd-trader/reports/stage140_demo_closed_deal_outcome_monitor/stage140_closed_deal_outcome_collector_status_kv.csv\",\n  \"mt5_collector_status_kv\": \"/Users/vahid/Library/Application Support/net.metaquotes.wine.metatrader5/drive_c/Program Files/MetaTrader 5/MQL5/Files/xauusd_stage140_closed_deal_outcome_collector_status_kv.csv\",\n  \"summary_json\": \"/Users/vahid/Desktop/xauusd-trader/reports/stage140_demo_closed_deal_outcome_monitor/stage140_demo_closed_deal_outcome_monitor_summary.json\",\n  \"next\": [\n    \"If collector_decision is a closed profit/loss/flat outcome, archive the first demo-order outcome and continue demo loop with duplicate control.\",\n    \"If entry is found but no exit deal, keep Stage139 position monitor active and wait for closure.\",\n    \"If no symbol deal is found, widen the MT5 history window or verify the account/history tab.\"\n  ]\n}\n",
      "stderr_tail": ""
    },
    {
      "name": "stage141_ledger",
      "cmd": [
        "/Library/Developer/CommandLineTools/usr/bin/python3",
        "app/stage141_demo_execution_outcome_ledger.py",
        "--root",
        "/Users/vahid/Desktop/xauusd-trader"
      ],
      "returncode": 0,
      "dry_run": false,
      "stdout_tail": "{\n  \"stage\": \"Stage141_DEMO_EXECUTION_OUTCOME_LEDGER\",\n  \"generated_utc\": \"2026-07-01T13:16:04Z\",\n  \"status\": \"STAGE141_COMPLETE_DEMO_EXECUTION_OUTCOME_LEDGER_READY\",\n  \"decision\": \"STAGE141_DEMO_OUTCOME_PROFIT_CONFIRMED_CONTINUE_LOOP\",\n  \"root\": \"/Users/vahid/Desktop/xauusd-trader\",\n  \"stage134_summary\": \"/Users/vahid/Desktop/xauusd-trader/reports/stage134_demo_executor_pilot/stage134_demo_executor_pilot_summary.json\",\n  \"stage138_summary\": \"/Users/vahid/Desktop/xauusd-trader/reports/stage138_broker_technical_demo_discovery/stage138_broker_technical_demo_discovery_summary.json\",\n  \"stage140_summary\": \"/Users/vahid/Desktop/xauusd-trader/reports/stage140_demo_closed_deal_outcome_monitor/stage140_demo_closed_deal_outcome_monitor_summary.json\",\n  \"outcome_status\": \"PROFIT\",\n  \"exit_reason_inferred\": \"TP\",\n  \"net_profit\": \"18.04\",\n  \"points_move\": \"18.04\",\n  \"bps_move\": \"45.12\",\n  \"rule_id\": \"D138C_trend_20_50_bps_LEQ35__range_pos_24_LEQ35\",\n  \"signal_key\": \"2026-07-01T11:00:00Z|D138C_trend_20_50_bps_LEQ35__range_pos_24_LEQ35\",\n  \"entry_price\": \"3997.84\",\n  \"exit_price\": \"4015.88\",\n  \"entry_deal_ticket\": \"226639067\",\n  \"exit_deal_ticket\": \"226648654\",\n  \"ledger_csv\": \"/Users/vahid/Desktop/xauusd-trader/data/demo_execution/stage141_demo_execution_outcome_ledger.csv\",\n  \"latest_csv\": \"/Users/vahid/Desktop/xauusd-trader/reports/stage141_demo_execution_outcome_ledger/stage141_latest_demo_execution_outcome.csv\",\n  \"ledger_row_appended\": false,\n  \"ledger_row_count\": 1,\n  \"next_action\": \"CONTINUE_DEMO_LOOP_ALLOW_NEXT_DISTINCT_SIGNAL\",\n  \"next\": [\n    \"Keep Stage138 refresh running and keep Stage134 duplicate guard enabled.\",\n    \"Allow the next demo order only on a distinct new signal key, not the already closed signal.\",\n    \"After several outcomes, evaluate rule expectancy from the Stage141 ledger before live-real consideration.\"\n  ]\n}\n",
      "stderr_tail": ""
    }
  ],
  "loop_health": "OK",
  "loop_decision": "STAGE142_LOOP_READY_FOR_NEXT_DISTINCT_SIGNAL_AFTER_PROFIT",
  "next_action": "KEEP_STAGE134_ARMED_WAIT_FOR_NEXT_DISTINCT_SIGNAL",
  "stage138_selected_rule_id": "D138C_trend_20_50_bps_LEQ35__range_pos_24_LEQ35",
  "stage138_bar_max_utc": "2026-07-01T11:00:00+00:00",
  "stage134_collector_decision": "STAGE134_DEMO_ORDER_ACCEPTED_COLLECT_PNL",
  "stage139_collector_decision": "STAGE139_NO_OPEN_POSITION_AFTER_ACCEPTED_ORDER_CHECK_HISTORY_OR_CLOSED",
  "stage140_collector_decision": "STAGE140_CLOSED_DEMO_DEAL_PROFIT",
  "stage141_decision": "STAGE141_DEMO_OUTCOME_PROFIT_CONFIRMED_CONTINUE_LOOP",
  "stage141_outcome_status": "PROFIT",
  "stage141_signal_key": "2026-07-01T11:00:00Z|D138C_trend_20_50_bps_LEQ35__range_pos_24_LEQ35",
  "stage141_net_profit": "18.04",
  "stage141_bps_move": "45.12",
  "stage141_ledger_row_count": 1,
  "latest_csv": "/Users/vahid/Desktop/xauusd-trader/reports/stage142_demo_loop_supervisor/stage142_latest_demo_loop_supervisor_snapshot.csv",
  "history_csv": "/Users/vahid/Desktop/xauusd-trader/data/demo_execution/stage142_demo_loop_supervisor_snapshots.csv",
  "risk_manifest_csv": "/Users/vahid/Desktop/xauusd-trader/reports/stage142_demo_loop_supervisor/stage142_risk_manifest.csv",
  "summary_json": "/Users/vahid/Desktop/xauusd-trader/reports/stage142_demo_loop_supervisor/stage142_demo_loop_supervisor_summary.json",
  "next": [
    "Keep Stage134 EA armed only on demo account.",
    "Run Stage142B fast loop every 10 minutes; run Stage138 refresh separately/manual or slower.",
    "Allow new orders only for distinct signal keys and ledger every closed outcome."
  ]
}
{
  "stage": "Stage142_DEMO_LOOP_SUPERVISOR",
  "generated_utc": "2026-07-01T19:05:52Z",
  "status": "STAGE142B_COMPLETE_FAST_DEMO_LOOP_SUPERVISOR_READY",
  "root": "/Users/vahid/Desktop/xauusd-trader",
  "dry_run": false,
  "with_stage138_refresh": false,
  "commands_run": 4,
  "command_failures": 0,
  "command_results": [
    {
      "name": "stage134_collector",
      "cmd": [
        "/Library/Developer/CommandLineTools/usr/bin/python3",
        "app/stage134_demo_executor_pilot_collector.py",
        "--root",
        "/Users/vahid/Desktop/xauusd-trader",
        "--write-mt5-status-kv"
      ],
      "returncode": 0,
      "dry_run": false,
      "stdout_tail": "ange_pos_24_LEQ35\",\n      \"rule_id\": \"D138C_trend_20_50_bps_LEQ35__range_pos_24_LEQ35\",\n      \"feature_date\": \"2026-07-01T11:00:00Z\",\n      \"lot\": \"0.01\",\n      \"price\": \"3997.84\",\n      \"sl\": \"3985.84\",\n      \"tp\": \"4015.84\",\n      \"ok\": \"true\",\n      \"retcode\": \"10009\",\n      \"retcode_description\": \"done at 3997.84\",\n      \"account_mode\": \"DEMO\",\n      \"demo_required\": \"true\",\n      \"demo_orders_enabled\": \"true\",\n      \"note\": \"stage134_demo_only_execution_pilot\"\n    }\n  ],\n  \"latest_snapshot_csv\": \"/Users/vahid/Desktop/xauusd-trader/reports/stage134_demo_executor_pilot/stage134_latest_demo_executor_snapshot.csv\",\n  \"history_csv\": \"/Users/vahid/Desktop/xauusd-trader/data/demo_execution/stage134_demo_executor_snapshots.csv\",\n  \"risk_manifest_csv\": \"/Users/vahid/Desktop/xauusd-trader/reports/stage134_demo_executor_pilot/stage134_demo_risk_manifest.csv\",\n  \"status_kv_repo\": \"/Users/vahid/Desktop/xauusd-trader/data/demo_execution/stage134_demo_executor_collector_status_kv.csv\",\n  \"status_kv_report\": \"/Users/vahid/Desktop/xauusd-trader/reports/stage134_demo_executor_pilot/stage134_demo_executor_collector_status_kv.csv\",\n  \"mt5_collector_status_kv\": \"/Users/vahid/Library/Application Support/net.metaquotes.wine.metatrader5/drive_c/Program Files/MetaTrader 5/MQL5/Files/xauusd_stage134_demo_executor_collector_status_kv.csv\",\n  \"summary_json\": \"/Users/vahid/Desktop/xauusd-trader/reports/stage134_demo_executor_pilot/stage134_demo_executor_pilot_summary.json\",\n  \"report_md\": \"/Users/vahid/Desktop/xauusd-trader/reports/stage134_demo_executor_pilot/stage134_demo_executor_pilot_report.md\",\n  \"next\": [\n    \"If collector_decision is STAGE134_DEMO_ORDER_ACCEPTED_COLLECT_PNL, inspect MT5 demo position and subsequent PnL.\",\n    \"If status_fresh remains false but trade_log shows accepted orders, use trade_log fields as execution source of truth.\",\n    \"Do not send a duplicate order for the same signal unless the existing demo position is closed or state is intentionally reset.\"\n  ]\n}\n",
      "stderr_tail": ""
    },
    {
      "name": "stage139_position_collector",
      "cmd": [
        "/Library/Developer/CommandLineTools/usr/bin/python3",
        "app/stage139_demo_position_outcome_collector.py",
        "--root",
        "/Users/vahid/Desktop/xauusd-trader",
        "--write-mt5-status-kv"
      ],
      "returncode": 0,
      "dry_run": false,
      "stdout_tail": "0.00\",\n  \"position_current_price\": \"0.00\",\n  \"position_sl\": \"0.00\",\n  \"position_tp\": \"0.00\",\n  \"position_profit\": \"0.00\",\n  \"position_swap\": \"0.00\",\n  \"position_commission\": \"0.00\",\n  \"position_magic\": \"0\",\n  \"position_comment\": \"\",\n  \"stage134_trade_attempts\": 1,\n  \"stage134_trade_accepted\": 1,\n  \"latest_stage134_rule_id\": \"D138C_trend_20_50_bps_LEQ35__range_pos_24_LEQ35\",\n  \"latest_stage134_signal_key\": \"2026-07-01T11:00:00Z|D138C_trend_20_50_bps_LEQ35__range_pos_24_LEQ35\",\n  \"latest_stage134_entry_price\": \"3997.84\",\n  \"latest_stage134_lot\": \"0.01\",\n  \"latest_stage134_retcode\": \"10009\",\n  \"latest_snapshot_csv\": \"/Users/vahid/Desktop/xauusd-trader/reports/stage139_demo_position_outcome_monitor/stage139_latest_position_outcome_snapshot.csv\",\n  \"history_csv\": \"/Users/vahid/Desktop/xauusd-trader/data/demo_execution/stage139_demo_position_outcome_snapshots.csv\",\n  \"risk_manifest_csv\": \"/Users/vahid/Desktop/xauusd-trader/reports/stage139_demo_position_outcome_monitor/stage139_risk_manifest.csv\",\n  \"status_kv_repo\": \"/Users/vahid/Desktop/xauusd-trader/data/demo_execution/stage139_position_outcome_collector_status_kv.csv\",\n  \"status_kv_report\": \"/Users/vahid/Desktop/xauusd-trader/reports/stage139_demo_position_outcome_monitor/stage139_position_outcome_collector_status_kv.csv\",\n  \"mt5_collector_status_kv\": \"/Users/vahid/Library/Application Support/net.metaquotes.wine.metatrader5/drive_c/Program Files/MetaTrader 5/MQL5/Files/xauusd_stage139_position_outcome_collector_status_kv.csv\",\n  \"summary_json\": \"/Users/vahid/Desktop/xauusd-trader/reports/stage139_demo_position_outcome_monitor/stage139_demo_position_outcome_monitor_summary.json\",\n  \"next\": [\n    \"If monitor is not confirmed, compile and attach Stage139_DemoPositionOutcomeMonitor indicator to the XAUUSD chart.\",\n    \"If an open demo position exists, keep monitoring floating PnL until SL/TP/time-exit/closure.\",\n    \"Do not duplicate the Stage134 order for the same signal while this position/outcome is unresolved.\"\n  ]\n}\n",
      "stderr_tail": ""
    },
    {
      "name": "stage140_closed_deal_collector",
      "cmd": [
        "/Library/Developer/CommandLineTools/usr/bin/python3",
        "app/stage140_demo_closed_deal_outcome_collector.py",
        "--root",
        "/Users/vahid/Desktop/xauusd-trader",
        "--write-mt5-status-kv"
      ],
      "returncode": 0,
      "dry_run": false,
      "stdout_tail": "40001\",\n      \"reason_code\": \"3\",\n      \"comment\": \"Stage134Demo|D138C_trend_20_50_\"\n    },\n    {\n      \"generated_utc\": \"2026-07-01T19:05:54Z\",\n      \"ticket\": \"226648654\",\n      \"time\": \"2026-07-01T14:11:10Z\",\n      \"symbol\": \"XAUUSD\",\n      \"position_id\": \"249663149\",\n      \"entry_code\": \"1\",\n      \"type_code\": \"1\",\n      \"volume\": \"0.01\",\n      \"price\": \"4015.88\",\n      \"profit\": \"18.04\",\n      \"swap\": \"0.00\",\n      \"commission\": \"0.00\",\n      \"magic\": \"1340001\",\n      \"reason_code\": \"5\",\n      \"comment\": \"[tp 4015.84]\"\n    }\n  ],\n  \"latest_snapshot_csv\": \"/Users/vahid/Desktop/xauusd-trader/reports/stage140_demo_closed_deal_outcome_monitor/stage140_latest_closed_deal_outcome_snapshot.csv\",\n  \"history_csv\": \"/Users/vahid/Desktop/xauusd-trader/data/demo_execution/stage140_demo_closed_deal_outcome_snapshots.csv\",\n  \"risk_manifest_csv\": \"/Users/vahid/Desktop/xauusd-trader/reports/stage140_demo_closed_deal_outcome_monitor/stage140_risk_manifest.csv\",\n  \"status_kv_repo\": \"/Users/vahid/Desktop/xauusd-trader/data/demo_execution/stage140_closed_deal_outcome_collector_status_kv.csv\",\n  \"status_kv_report\": \"/Users/vahid/Desktop/xauusd-trader/reports/stage140_demo_closed_deal_outcome_monitor/stage140_closed_deal_outcome_collector_status_kv.csv\",\n  \"mt5_collector_status_kv\": \"/Users/vahid/Library/Application Support/net.metaquotes.wine.metatrader5/drive_c/Program Files/MetaTrader 5/MQL5/Files/xauusd_stage140_closed_deal_outcome_collector_status_kv.csv\",\n  \"summary_json\": \"/Users/vahid/Desktop/xauusd-trader/reports/stage140_demo_closed_deal_outcome_monitor/stage140_demo_closed_deal_outcome_monitor_summary.json\",\n  \"next\": [\n    \"If collector_decision is a closed profit/loss/flat outcome, archive the first demo-order outcome and continue demo loop with duplicate control.\",\n    \"If entry is found but no exit deal, keep Stage139 position monitor active and wait for closure.\",\n    \"If no symbol deal is found, widen the MT5 history window or verify the account/history tab.\"\n  ]\n}\n",
      "stderr_tail": ""
    },
    {
      "name": "stage141_ledger",
      "cmd": [
        "/Library/Developer/CommandLineTools/usr/bin/python3",
        "app/stage141_demo_execution_outcome_ledger.py",
        "--root",
        "/Users/vahid/Desktop/xauusd-trader"
      ],
      "returncode": 0,
      "dry_run": false,
      "stdout_tail": "{\n  \"stage\": \"Stage141_DEMO_EXECUTION_OUTCOME_LEDGER\",\n  \"generated_utc\": \"2026-07-01T19:05:56Z\",\n  \"status\": \"STAGE141_COMPLETE_DEMO_EXECUTION_OUTCOME_LEDGER_READY\",\n  \"decision\": \"STAGE141_DEMO_OUTCOME_PROFIT_CONFIRMED_CONTINUE_LOOP\",\n  \"root\": \"/Users/vahid/Desktop/xauusd-trader\",\n  \"stage134_summary\": \"/Users/vahid/Desktop/xauusd-trader/reports/stage134_demo_executor_pilot/stage134_demo_executor_pilot_summary.json\",\n  \"stage138_summary\": \"/Users/vahid/Desktop/xauusd-trader/reports/stage138_broker_technical_demo_discovery/stage138_broker_technical_demo_discovery_summary.json\",\n  \"stage140_summary\": \"/Users/vahid/Desktop/xauusd-trader/reports/stage140_demo_closed_deal_outcome_monitor/stage140_demo_closed_deal_outcome_monitor_summary.json\",\n  \"outcome_status\": \"PROFIT\",\n  \"exit_reason_inferred\": \"TP\",\n  \"net_profit\": \"18.04\",\n  \"points_move\": \"18.04\",\n  \"bps_move\": \"45.12\",\n  \"rule_id\": \"D138C_trend_20_50_bps_LEQ35__range_pos_24_LEQ35\",\n  \"signal_key\": \"2026-07-01T11:00:00Z|D138C_trend_20_50_bps_LEQ35__range_pos_24_LEQ35\",\n  \"entry_price\": \"3997.84\",\n  \"exit_price\": \"4015.88\",\n  \"entry_deal_ticket\": \"226639067\",\n  \"exit_deal_ticket\": \"226648654\",\n  \"ledger_csv\": \"/Users/vahid/Desktop/xauusd-trader/data/demo_execution/stage141_demo_execution_outcome_ledger.csv\",\n  \"latest_csv\": \"/Users/vahid/Desktop/xauusd-trader/reports/stage141_demo_execution_outcome_ledger/stage141_latest_demo_execution_outcome.csv\",\n  \"ledger_row_appended\": false,\n  \"ledger_row_count\": 1,\n  \"next_action\": \"CONTINUE_DEMO_LOOP_ALLOW_NEXT_DISTINCT_SIGNAL\",\n  \"next\": [\n    \"Keep Stage138 refresh running and keep Stage134 duplicate guard enabled.\",\n    \"Allow the next demo order only on a distinct new signal key, not the already closed signal.\",\n    \"After several outcomes, evaluate rule expectancy from the Stage141 ledger before live-real consideration.\"\n  ]\n}\n",
      "stderr_tail": ""
    }
  ],
  "loop_health": "OK",
  "loop_decision": "STAGE142_LOOP_READY_FOR_NEXT_DISTINCT_SIGNAL_AFTER_PROFIT",
  "next_action": "KEEP_STAGE134_ARMED_WAIT_FOR_NEXT_DISTINCT_SIGNAL",
  "stage138_selected_rule_id": "D138C_trend_20_50_bps_LEQ35__range_pos_24_LEQ35",
  "stage138_bar_max_utc": "2026-07-01T11:00:00+00:00",
  "stage134_collector_decision": "STAGE134_DEMO_ORDER_ACCEPTED_COLLECT_PNL",
  "stage139_collector_decision": "STAGE139_NO_OPEN_POSITION_AFTER_ACCEPTED_ORDER_CHECK_HISTORY_OR_CLOSED",
  "stage140_collector_decision": "STAGE140_CLOSED_DEMO_DEAL_PROFIT",
  "stage141_decision": "STAGE141_DEMO_OUTCOME_PROFIT_CONFIRMED_CONTINUE_LOOP",
  "stage141_outcome_status": "PROFIT",
  "stage141_signal_key": "2026-07-01T11:00:00Z|D138C_trend_20_50_bps_LEQ35__range_pos_24_LEQ35",
  "stage141_net_profit": "18.04",
  "stage141_bps_move": "45.12",
  "stage141_ledger_row_count": 1,
  "latest_csv": "/Users/vahid/Desktop/xauusd-trader/reports/stage142_demo_loop_supervisor/stage142_latest_demo_loop_supervisor_snapshot.csv",
  "history_csv": "/Users/vahid/Desktop/xauusd-trader/data/demo_execution/stage142_demo_loop_supervisor_snapshots.csv",
  "risk_manifest_csv": "/Users/vahid/Desktop/xauusd-trader/reports/stage142_demo_loop_supervisor/stage142_risk_manifest.csv",
  "summary_json": "/Users/vahid/Desktop/xauusd-trader/reports/stage142_demo_loop_supervisor/stage142_demo_loop_supervisor_summary.json",
  "next": [
    "Keep Stage134 EA armed only on demo account.",
    "Run Stage142B fast loop every 10 minutes; run Stage138 refresh separately/manual or slower.",
    "Allow new orders only for distinct signal keys and ledger every closed outcome."
  ]
}
{
  "stage": "Stage142_DEMO_LOOP_SUPERVISOR",
  "generated_utc": "2026-07-01T19:15:57Z",
  "status": "STAGE142B_COMPLETE_FAST_DEMO_LOOP_SUPERVISOR_READY",
  "root": "/Users/vahid/Desktop/xauusd-trader",
  "dry_run": false,
  "with_stage138_refresh": false,
  "commands_run": 4,
  "command_failures": 0,
  "command_results": [
    {
      "name": "stage134_collector",
      "cmd": [
        "/Library/Developer/CommandLineTools/usr/bin/python3",
        "app/stage134_demo_executor_pilot_collector.py",
        "--root",
        "/Users/vahid/Desktop/xauusd-trader",
        "--write-mt5-status-kv"
      ],
      "returncode": 0,
      "dry_run": false,
      "stdout_tail": "ange_pos_24_LEQ35\",\n      \"rule_id\": \"D138C_trend_20_50_bps_LEQ35__range_pos_24_LEQ35\",\n      \"feature_date\": \"2026-07-01T11:00:00Z\",\n      \"lot\": \"0.01\",\n      \"price\": \"3997.84\",\n      \"sl\": \"3985.84\",\n      \"tp\": \"4015.84\",\n      \"ok\": \"true\",\n      \"retcode\": \"10009\",\n      \"retcode_description\": \"done at 3997.84\",\n      \"account_mode\": \"DEMO\",\n      \"demo_required\": \"true\",\n      \"demo_orders_enabled\": \"true\",\n      \"note\": \"stage134_demo_only_execution_pilot\"\n    }\n  ],\n  \"latest_snapshot_csv\": \"/Users/vahid/Desktop/xauusd-trader/reports/stage134_demo_executor_pilot/stage134_latest_demo_executor_snapshot.csv\",\n  \"history_csv\": \"/Users/vahid/Desktop/xauusd-trader/data/demo_execution/stage134_demo_executor_snapshots.csv\",\n  \"risk_manifest_csv\": \"/Users/vahid/Desktop/xauusd-trader/reports/stage134_demo_executor_pilot/stage134_demo_risk_manifest.csv\",\n  \"status_kv_repo\": \"/Users/vahid/Desktop/xauusd-trader/data/demo_execution/stage134_demo_executor_collector_status_kv.csv\",\n  \"status_kv_report\": \"/Users/vahid/Desktop/xauusd-trader/reports/stage134_demo_executor_pilot/stage134_demo_executor_collector_status_kv.csv\",\n  \"mt5_collector_status_kv\": \"/Users/vahid/Library/Application Support/net.metaquotes.wine.metatrader5/drive_c/Program Files/MetaTrader 5/MQL5/Files/xauusd_stage134_demo_executor_collector_status_kv.csv\",\n  \"summary_json\": \"/Users/vahid/Desktop/xauusd-trader/reports/stage134_demo_executor_pilot/stage134_demo_executor_pilot_summary.json\",\n  \"report_md\": \"/Users/vahid/Desktop/xauusd-trader/reports/stage134_demo_executor_pilot/stage134_demo_executor_pilot_report.md\",\n  \"next\": [\n    \"If collector_decision is STAGE134_DEMO_ORDER_ACCEPTED_COLLECT_PNL, inspect MT5 demo position and subsequent PnL.\",\n    \"If status_fresh remains false but trade_log shows accepted orders, use trade_log fields as execution source of truth.\",\n    \"Do not send a duplicate order for the same signal unless the existing demo position is closed or state is intentionally reset.\"\n  ]\n}\n",
      "stderr_tail": ""
    },
    {
      "name": "stage139_position_collector",
      "cmd": [
        "/Library/Developer/CommandLineTools/usr/bin/python3",
        "app/stage139_demo_position_outcome_collector.py",
        "--root",
        "/Users/vahid/Desktop/xauusd-trader",
        "--write-mt5-status-kv"
      ],
      "returncode": 0,
      "dry_run": false,
      "stdout_tail": "0.00\",\n  \"position_current_price\": \"0.00\",\n  \"position_sl\": \"0.00\",\n  \"position_tp\": \"0.00\",\n  \"position_profit\": \"0.00\",\n  \"position_swap\": \"0.00\",\n  \"position_commission\": \"0.00\",\n  \"position_magic\": \"0\",\n  \"position_comment\": \"\",\n  \"stage134_trade_attempts\": 1,\n  \"stage134_trade_accepted\": 1,\n  \"latest_stage134_rule_id\": \"D138C_trend_20_50_bps_LEQ35__range_pos_24_LEQ35\",\n  \"latest_stage134_signal_key\": \"2026-07-01T11:00:00Z|D138C_trend_20_50_bps_LEQ35__range_pos_24_LEQ35\",\n  \"latest_stage134_entry_price\": \"3997.84\",\n  \"latest_stage134_lot\": \"0.01\",\n  \"latest_stage134_retcode\": \"10009\",\n  \"latest_snapshot_csv\": \"/Users/vahid/Desktop/xauusd-trader/reports/stage139_demo_position_outcome_monitor/stage139_latest_position_outcome_snapshot.csv\",\n  \"history_csv\": \"/Users/vahid/Desktop/xauusd-trader/data/demo_execution/stage139_demo_position_outcome_snapshots.csv\",\n  \"risk_manifest_csv\": \"/Users/vahid/Desktop/xauusd-trader/reports/stage139_demo_position_outcome_monitor/stage139_risk_manifest.csv\",\n  \"status_kv_repo\": \"/Users/vahid/Desktop/xauusd-trader/data/demo_execution/stage139_position_outcome_collector_status_kv.csv\",\n  \"status_kv_report\": \"/Users/vahid/Desktop/xauusd-trader/reports/stage139_demo_position_outcome_monitor/stage139_position_outcome_collector_status_kv.csv\",\n  \"mt5_collector_status_kv\": \"/Users/vahid/Library/Application Support/net.metaquotes.wine.metatrader5/drive_c/Program Files/MetaTrader 5/MQL5/Files/xauusd_stage139_position_outcome_collector_status_kv.csv\",\n  \"summary_json\": \"/Users/vahid/Desktop/xauusd-trader/reports/stage139_demo_position_outcome_monitor/stage139_demo_position_outcome_monitor_summary.json\",\n  \"next\": [\n    \"If monitor is not confirmed, compile and attach Stage139_DemoPositionOutcomeMonitor indicator to the XAUUSD chart.\",\n    \"If an open demo position exists, keep monitoring floating PnL until SL/TP/time-exit/closure.\",\n    \"Do not duplicate the Stage134 order for the same signal while this position/outcome is unresolved.\"\n  ]\n}\n",
      "stderr_tail": ""
    },
    {
      "name": "stage140_closed_deal_collector",
      "cmd": [
        "/Library/Developer/CommandLineTools/usr/bin/python3",
        "app/stage140_demo_closed_deal_outcome_collector.py",
        "--root",
        "/Users/vahid/Desktop/xauusd-trader",
        "--write-mt5-status-kv"
      ],
      "returncode": 0,
      "dry_run": false,
      "stdout_tail": "40001\",\n      \"reason_code\": \"3\",\n      \"comment\": \"Stage134Demo|D138C_trend_20_50_\"\n    },\n    {\n      \"generated_utc\": \"2026-07-01T19:15:54Z\",\n      \"ticket\": \"226648654\",\n      \"time\": \"2026-07-01T14:11:10Z\",\n      \"symbol\": \"XAUUSD\",\n      \"position_id\": \"249663149\",\n      \"entry_code\": \"1\",\n      \"type_code\": \"1\",\n      \"volume\": \"0.01\",\n      \"price\": \"4015.88\",\n      \"profit\": \"18.04\",\n      \"swap\": \"0.00\",\n      \"commission\": \"0.00\",\n      \"magic\": \"1340001\",\n      \"reason_code\": \"5\",\n      \"comment\": \"[tp 4015.84]\"\n    }\n  ],\n  \"latest_snapshot_csv\": \"/Users/vahid/Desktop/xauusd-trader/reports/stage140_demo_closed_deal_outcome_monitor/stage140_latest_closed_deal_outcome_snapshot.csv\",\n  \"history_csv\": \"/Users/vahid/Desktop/xauusd-trader/data/demo_execution/stage140_demo_closed_deal_outcome_snapshots.csv\",\n  \"risk_manifest_csv\": \"/Users/vahid/Desktop/xauusd-trader/reports/stage140_demo_closed_deal_outcome_monitor/stage140_risk_manifest.csv\",\n  \"status_kv_repo\": \"/Users/vahid/Desktop/xauusd-trader/data/demo_execution/stage140_closed_deal_outcome_collector_status_kv.csv\",\n  \"status_kv_report\": \"/Users/vahid/Desktop/xauusd-trader/reports/stage140_demo_closed_deal_outcome_monitor/stage140_closed_deal_outcome_collector_status_kv.csv\",\n  \"mt5_collector_status_kv\": \"/Users/vahid/Library/Application Support/net.metaquotes.wine.metatrader5/drive_c/Program Files/MetaTrader 5/MQL5/Files/xauusd_stage140_closed_deal_outcome_collector_status_kv.csv\",\n  \"summary_json\": \"/Users/vahid/Desktop/xauusd-trader/reports/stage140_demo_closed_deal_outcome_monitor/stage140_demo_closed_deal_outcome_monitor_summary.json\",\n  \"next\": [\n    \"If collector_decision is a closed profit/loss/flat outcome, archive the first demo-order outcome and continue demo loop with duplicate control.\",\n    \"If entry is found but no exit deal, keep Stage139 position monitor active and wait for closure.\",\n    \"If no symbol deal is found, widen the MT5 history window or verify the account/history tab.\"\n  ]\n}\n",
      "stderr_tail": ""
    },
    {
      "name": "stage141_ledger",
      "cmd": [
        "/Library/Developer/CommandLineTools/usr/bin/python3",
        "app/stage141_demo_execution_outcome_ledger.py",
        "--root",
        "/Users/vahid/Desktop/xauusd-trader"
      ],
      "returncode": 0,
      "dry_run": false,
      "stdout_tail": "{\n  \"stage\": \"Stage141_DEMO_EXECUTION_OUTCOME_LEDGER\",\n  \"generated_utc\": \"2026-07-01T19:16:03Z\",\n  \"status\": \"STAGE141_COMPLETE_DEMO_EXECUTION_OUTCOME_LEDGER_READY\",\n  \"decision\": \"STAGE141_DEMO_OUTCOME_PROFIT_CONFIRMED_CONTINUE_LOOP\",\n  \"root\": \"/Users/vahid/Desktop/xauusd-trader\",\n  \"stage134_summary\": \"/Users/vahid/Desktop/xauusd-trader/reports/stage134_demo_executor_pilot/stage134_demo_executor_pilot_summary.json\",\n  \"stage138_summary\": \"/Users/vahid/Desktop/xauusd-trader/reports/stage138_broker_technical_demo_discovery/stage138_broker_technical_demo_discovery_summary.json\",\n  \"stage140_summary\": \"/Users/vahid/Desktop/xauusd-trader/reports/stage140_demo_closed_deal_outcome_monitor/stage140_demo_closed_deal_outcome_monitor_summary.json\",\n  \"outcome_status\": \"PROFIT\",\n  \"exit_reason_inferred\": \"TP\",\n  \"net_profit\": \"18.04\",\n  \"points_move\": \"18.04\",\n  \"bps_move\": \"45.12\",\n  \"rule_id\": \"D138C_trend_20_50_bps_LEQ35__range_pos_24_LEQ35\",\n  \"signal_key\": \"2026-07-01T11:00:00Z|D138C_trend_20_50_bps_LEQ35__range_pos_24_LEQ35\",\n  \"entry_price\": \"3997.84\",\n  \"exit_price\": \"4015.88\",\n  \"entry_deal_ticket\": \"226639067\",\n  \"exit_deal_ticket\": \"226648654\",\n  \"ledger_csv\": \"/Users/vahid/Desktop/xauusd-trader/data/demo_execution/stage141_demo_execution_outcome_ledger.csv\",\n  \"latest_csv\": \"/Users/vahid/Desktop/xauusd-trader/reports/stage141_demo_execution_outcome_ledger/stage141_latest_demo_execution_outcome.csv\",\n  \"ledger_row_appended\": false,\n  \"ledger_row_count\": 1,\n  \"next_action\": \"CONTINUE_DEMO_LOOP_ALLOW_NEXT_DISTINCT_SIGNAL\",\n  \"next\": [\n    \"Keep Stage138 refresh running and keep Stage134 duplicate guard enabled.\",\n    \"Allow the next demo order only on a distinct new signal key, not the already closed signal.\",\n    \"After several outcomes, evaluate rule expectancy from the Stage141 ledger before live-real consideration.\"\n  ]\n}\n",
      "stderr_tail": ""
    }
  ],
  "loop_health": "OK",
  "loop_decision": "STAGE142_LOOP_READY_FOR_NEXT_DISTINCT_SIGNAL_AFTER_PROFIT",
  "next_action": "KEEP_STAGE134_ARMED_WAIT_FOR_NEXT_DISTINCT_SIGNAL",
  "stage138_selected_rule_id": "D138C_trend_20_50_bps_LEQ35__range_pos_24_LEQ35",
  "stage138_bar_max_utc": "2026-07-01T11:00:00+00:00",
  "stage134_collector_decision": "STAGE134_DEMO_ORDER_ACCEPTED_COLLECT_PNL",
  "stage139_collector_decision": "STAGE139_NO_OPEN_POSITION_AFTER_ACCEPTED_ORDER_CHECK_HISTORY_OR_CLOSED",
  "stage140_collector_decision": "STAGE140_CLOSED_DEMO_DEAL_PROFIT",
  "stage141_decision": "STAGE141_DEMO_OUTCOME_PROFIT_CONFIRMED_CONTINUE_LOOP",
  "stage141_outcome_status": "PROFIT",
  "stage141_signal_key": "2026-07-01T11:00:00Z|D138C_trend_20_50_bps_LEQ35__range_pos_24_LEQ35",
  "stage141_net_profit": "18.04",
  "stage141_bps_move": "45.12",
  "stage141_ledger_row_count": 1,
  "latest_csv": "/Users/vahid/Desktop/xauusd-trader/reports/stage142_demo_loop_supervisor/stage142_latest_demo_loop_supervisor_snapshot.csv",
  "history_csv": "/Users/vahid/Desktop/xauusd-trader/data/demo_execution/stage142_demo_loop_supervisor_snapshots.csv",
  "risk_manifest_csv": "/Users/vahid/Desktop/xauusd-trader/reports/stage142_demo_loop_supervisor/stage142_risk_manifest.csv",
  "summary_json": "/Users/vahid/Desktop/xauusd-trader/reports/stage142_demo_loop_supervisor/stage142_demo_loop_supervisor_summary.json",
  "next": [
    "Keep Stage134 EA armed only on demo account.",
    "Run Stage142B fast loop every 10 minutes; run Stage138 refresh separately/manual or slower.",
    "Allow new orders only for distinct signal keys and ledger every closed outcome."
  ]
}
{
  "stage": "Stage142_DEMO_LOOP_SUPERVISOR",
  "generated_utc": "2026-07-01T19:26:08Z",
  "status": "STAGE142B_COMPLETE_FAST_DEMO_LOOP_SUPERVISOR_READY",
  "root": "/Users/vahid/Desktop/xauusd-trader",
  "dry_run": false,
  "with_stage138_refresh": false,
  "commands_run": 4,
  "command_failures": 0,
  "command_results": [
    {
      "name": "stage134_collector",
      "cmd": [
        "/Library/Developer/CommandLineTools/usr/bin/python3",
        "app/stage134_demo_executor_pilot_collector.py",
        "--root",
        "/Users/vahid/Desktop/xauusd-trader",
        "--write-mt5-status-kv"
      ],
      "returncode": 0,
      "dry_run": false,
      "stdout_tail": "ange_pos_24_LEQ35\",\n      \"rule_id\": \"D138C_trend_20_50_bps_LEQ35__range_pos_24_LEQ35\",\n      \"feature_date\": \"2026-07-01T11:00:00Z\",\n      \"lot\": \"0.01\",\n      \"price\": \"3997.84\",\n      \"sl\": \"3985.84\",\n      \"tp\": \"4015.84\",\n      \"ok\": \"true\",\n      \"retcode\": \"10009\",\n      \"retcode_description\": \"done at 3997.84\",\n      \"account_mode\": \"DEMO\",\n      \"demo_required\": \"true\",\n      \"demo_orders_enabled\": \"true\",\n      \"note\": \"stage134_demo_only_execution_pilot\"\n    }\n  ],\n  \"latest_snapshot_csv\": \"/Users/vahid/Desktop/xauusd-trader/reports/stage134_demo_executor_pilot/stage134_latest_demo_executor_snapshot.csv\",\n  \"history_csv\": \"/Users/vahid/Desktop/xauusd-trader/data/demo_execution/stage134_demo_executor_snapshots.csv\",\n  \"risk_manifest_csv\": \"/Users/vahid/Desktop/xauusd-trader/reports/stage134_demo_executor_pilot/stage134_demo_risk_manifest.csv\",\n  \"status_kv_repo\": \"/Users/vahid/Desktop/xauusd-trader/data/demo_execution/stage134_demo_executor_collector_status_kv.csv\",\n  \"status_kv_report\": \"/Users/vahid/Desktop/xauusd-trader/reports/stage134_demo_executor_pilot/stage134_demo_executor_collector_status_kv.csv\",\n  \"mt5_collector_status_kv\": \"/Users/vahid/Library/Application Support/net.metaquotes.wine.metatrader5/drive_c/Program Files/MetaTrader 5/MQL5/Files/xauusd_stage134_demo_executor_collector_status_kv.csv\",\n  \"summary_json\": \"/Users/vahid/Desktop/xauusd-trader/reports/stage134_demo_executor_pilot/stage134_demo_executor_pilot_summary.json\",\n  \"report_md\": \"/Users/vahid/Desktop/xauusd-trader/reports/stage134_demo_executor_pilot/stage134_demo_executor_pilot_report.md\",\n  \"next\": [\n    \"If collector_decision is STAGE134_DEMO_ORDER_ACCEPTED_COLLECT_PNL, inspect MT5 demo position and subsequent PnL.\",\n    \"If status_fresh remains false but trade_log shows accepted orders, use trade_log fields as execution source of truth.\",\n    \"Do not send a duplicate order for the same signal unless the existing demo position is closed or state is intentionally reset.\"\n  ]\n}\n",
      "stderr_tail": ""
    },
    {
      "name": "stage139_position_collector",
      "cmd": [
        "/Library/Developer/CommandLineTools/usr/bin/python3",
        "app/stage139_demo_position_outcome_collector.py",
        "--root",
        "/Users/vahid/Desktop/xauusd-trader",
        "--write-mt5-status-kv"
      ],
      "returncode": 0,
      "dry_run": false,
      "stdout_tail": "0.00\",\n  \"position_current_price\": \"0.00\",\n  \"position_sl\": \"0.00\",\n  \"position_tp\": \"0.00\",\n  \"position_profit\": \"0.00\",\n  \"position_swap\": \"0.00\",\n  \"position_commission\": \"0.00\",\n  \"position_magic\": \"0\",\n  \"position_comment\": \"\",\n  \"stage134_trade_attempts\": 1,\n  \"stage134_trade_accepted\": 1,\n  \"latest_stage134_rule_id\": \"D138C_trend_20_50_bps_LEQ35__range_pos_24_LEQ35\",\n  \"latest_stage134_signal_key\": \"2026-07-01T11:00:00Z|D138C_trend_20_50_bps_LEQ35__range_pos_24_LEQ35\",\n  \"latest_stage134_entry_price\": \"3997.84\",\n  \"latest_stage134_lot\": \"0.01\",\n  \"latest_stage134_retcode\": \"10009\",\n  \"latest_snapshot_csv\": \"/Users/vahid/Desktop/xauusd-trader/reports/stage139_demo_position_outcome_monitor/stage139_latest_position_outcome_snapshot.csv\",\n  \"history_csv\": \"/Users/vahid/Desktop/xauusd-trader/data/demo_execution/stage139_demo_position_outcome_snapshots.csv\",\n  \"risk_manifest_csv\": \"/Users/vahid/Desktop/xauusd-trader/reports/stage139_demo_position_outcome_monitor/stage139_risk_manifest.csv\",\n  \"status_kv_repo\": \"/Users/vahid/Desktop/xauusd-trader/data/demo_execution/stage139_position_outcome_collector_status_kv.csv\",\n  \"status_kv_report\": \"/Users/vahid/Desktop/xauusd-trader/reports/stage139_demo_position_outcome_monitor/stage139_position_outcome_collector_status_kv.csv\",\n  \"mt5_collector_status_kv\": \"/Users/vahid/Library/Application Support/net.metaquotes.wine.metatrader5/drive_c/Program Files/MetaTrader 5/MQL5/Files/xauusd_stage139_position_outcome_collector_status_kv.csv\",\n  \"summary_json\": \"/Users/vahid/Desktop/xauusd-trader/reports/stage139_demo_position_outcome_monitor/stage139_demo_position_outcome_monitor_summary.json\",\n  \"next\": [\n    \"If monitor is not confirmed, compile and attach Stage139_DemoPositionOutcomeMonitor indicator to the XAUUSD chart.\",\n    \"If an open demo position exists, keep monitoring floating PnL until SL/TP/time-exit/closure.\",\n    \"Do not duplicate the Stage134 order for the same signal while this position/outcome is unresolved.\"\n  ]\n}\n",
      "stderr_tail": ""
    },
    {
      "name": "stage140_closed_deal_collector",
      "cmd": [
        "/Library/Developer/CommandLineTools/usr/bin/python3",
        "app/stage140_demo_closed_deal_outcome_collector.py",
        "--root",
        "/Users/vahid/Desktop/xauusd-trader",
        "--write-mt5-status-kv"
      ],
      "returncode": 0,
      "dry_run": false,
      "stdout_tail": "40001\",\n      \"reason_code\": \"3\",\n      \"comment\": \"Stage134Demo|D138C_trend_20_50_\"\n    },\n    {\n      \"generated_utc\": \"2026-07-01T19:25:55Z\",\n      \"ticket\": \"226648654\",\n      \"time\": \"2026-07-01T14:11:10Z\",\n      \"symbol\": \"XAUUSD\",\n      \"position_id\": \"249663149\",\n      \"entry_code\": \"1\",\n      \"type_code\": \"1\",\n      \"volume\": \"0.01\",\n      \"price\": \"4015.88\",\n      \"profit\": \"18.04\",\n      \"swap\": \"0.00\",\n      \"commission\": \"0.00\",\n      \"magic\": \"1340001\",\n      \"reason_code\": \"5\",\n      \"comment\": \"[tp 4015.84]\"\n    }\n  ],\n  \"latest_snapshot_csv\": \"/Users/vahid/Desktop/xauusd-trader/reports/stage140_demo_closed_deal_outcome_monitor/stage140_latest_closed_deal_outcome_snapshot.csv\",\n  \"history_csv\": \"/Users/vahid/Desktop/xauusd-trader/data/demo_execution/stage140_demo_closed_deal_outcome_snapshots.csv\",\n  \"risk_manifest_csv\": \"/Users/vahid/Desktop/xauusd-trader/reports/stage140_demo_closed_deal_outcome_monitor/stage140_risk_manifest.csv\",\n  \"status_kv_repo\": \"/Users/vahid/Desktop/xauusd-trader/data/demo_execution/stage140_closed_deal_outcome_collector_status_kv.csv\",\n  \"status_kv_report\": \"/Users/vahid/Desktop/xauusd-trader/reports/stage140_demo_closed_deal_outcome_monitor/stage140_closed_deal_outcome_collector_status_kv.csv\",\n  \"mt5_collector_status_kv\": \"/Users/vahid/Library/Application Support/net.metaquotes.wine.metatrader5/drive_c/Program Files/MetaTrader 5/MQL5/Files/xauusd_stage140_closed_deal_outcome_collector_status_kv.csv\",\n  \"summary_json\": \"/Users/vahid/Desktop/xauusd-trader/reports/stage140_demo_closed_deal_outcome_monitor/stage140_demo_closed_deal_outcome_monitor_summary.json\",\n  \"next\": [\n    \"If collector_decision is a closed profit/loss/flat outcome, archive the first demo-order outcome and continue demo loop with duplicate control.\",\n    \"If entry is found but no exit deal, keep Stage139 position monitor active and wait for closure.\",\n    \"If no symbol deal is found, widen the MT5 history window or verify the account/history tab.\"\n  ]\n}\n",
      "stderr_tail": ""
    },
    {
      "name": "stage141_ledger",
      "cmd": [
        "/Library/Developer/CommandLineTools/usr/bin/python3",
        "app/stage141_demo_execution_outcome_ledger.py",
        "--root",
        "/Users/vahid/Desktop/xauusd-trader"
      ],
      "returncode": 0,
      "dry_run": false,
      "stdout_tail": "{\n  \"stage\": \"Stage141_DEMO_EXECUTION_OUTCOME_LEDGER\",\n  \"generated_utc\": \"2026-07-01T19:26:15Z\",\n  \"status\": \"STAGE141_COMPLETE_DEMO_EXECUTION_OUTCOME_LEDGER_READY\",\n  \"decision\": \"STAGE141_DEMO_OUTCOME_PROFIT_CONFIRMED_CONTINUE_LOOP\",\n  \"root\": \"/Users/vahid/Desktop/xauusd-trader\",\n  \"stage134_summary\": \"/Users/vahid/Desktop/xauusd-trader/reports/stage134_demo_executor_pilot/stage134_demo_executor_pilot_summary.json\",\n  \"stage138_summary\": \"/Users/vahid/Desktop/xauusd-trader/reports/stage138_broker_technical_demo_discovery/stage138_broker_technical_demo_discovery_summary.json\",\n  \"stage140_summary\": \"/Users/vahid/Desktop/xauusd-trader/reports/stage140_demo_closed_deal_outcome_monitor/stage140_demo_closed_deal_outcome_monitor_summary.json\",\n  \"outcome_status\": \"PROFIT\",\n  \"exit_reason_inferred\": \"TP\",\n  \"net_profit\": \"18.04\",\n  \"points_move\": \"18.04\",\n  \"bps_move\": \"45.12\",\n  \"rule_id\": \"D138C_trend_20_50_bps_LEQ35__range_pos_24_LEQ35\",\n  \"signal_key\": \"2026-07-01T11:00:00Z|D138C_trend_20_50_bps_LEQ35__range_pos_24_LEQ35\",\n  \"entry_price\": \"3997.84\",\n  \"exit_price\": \"4015.88\",\n  \"entry_deal_ticket\": \"226639067\",\n  \"exit_deal_ticket\": \"226648654\",\n  \"ledger_csv\": \"/Users/vahid/Desktop/xauusd-trader/data/demo_execution/stage141_demo_execution_outcome_ledger.csv\",\n  \"latest_csv\": \"/Users/vahid/Desktop/xauusd-trader/reports/stage141_demo_execution_outcome_ledger/stage141_latest_demo_execution_outcome.csv\",\n  \"ledger_row_appended\": false,\n  \"ledger_row_count\": 1,\n  \"next_action\": \"CONTINUE_DEMO_LOOP_ALLOW_NEXT_DISTINCT_SIGNAL\",\n  \"next\": [\n    \"Keep Stage138 refresh running and keep Stage134 duplicate guard enabled.\",\n    \"Allow the next demo order only on a distinct new signal key, not the already closed signal.\",\n    \"After several outcomes, evaluate rule expectancy from the Stage141 ledger before live-real consideration.\"\n  ]\n}\n",
      "stderr_tail": ""
    }
  ],
  "loop_health": "OK",
  "loop_decision": "STAGE142_LOOP_READY_FOR_NEXT_DISTINCT_SIGNAL_AFTER_PROFIT",
  "next_action": "KEEP_STAGE134_ARMED_WAIT_FOR_NEXT_DISTINCT_SIGNAL",
  "stage138_selected_rule_id": "D138C_trend_20_50_bps_LEQ35__range_pos_24_LEQ35",
  "stage138_bar_max_utc": "2026-07-01T11:00:00+00:00",
  "stage134_collector_decision": "STAGE134_DEMO_ORDER_ACCEPTED_COLLECT_PNL",
  "stage139_collector_decision": "STAGE139_NO_OPEN_POSITION_AFTER_ACCEPTED_ORDER_CHECK_HISTORY_OR_CLOSED",
  "stage140_collector_decision": "STAGE140_CLOSED_DEMO_DEAL_PROFIT",
  "stage141_decision": "STAGE141_DEMO_OUTCOME_PROFIT_CONFIRMED_CONTINUE_LOOP",
  "stage141_outcome_status": "PROFIT",
  "stage141_signal_key": "2026-07-01T11:00:00Z|D138C_trend_20_50_bps_LEQ35__range_pos_24_LEQ35",
  "stage141_net_profit": "18.04",
  "stage141_bps_move": "45.12",
  "stage141_ledger_row_count": 1,
  "latest_csv": "/Users/vahid/Desktop/xauusd-trader/reports/stage142_demo_loop_supervisor/stage142_latest_demo_loop_supervisor_snapshot.csv",
  "history_csv": "/Users/vahid/Desktop/xauusd-trader/data/demo_execution/stage142_demo_loop_supervisor_snapshots.csv",
  "risk_manifest_csv": "/Users/vahid/Desktop/xauusd-trader/reports/stage142_demo_loop_supervisor/stage142_risk_manifest.csv",
  "summary_json": "/Users/vahid/Desktop/xauusd-trader/reports/stage142_demo_loop_supervisor/stage142_demo_loop_supervisor_summary.json",
  "next": [
    "Keep Stage134 EA armed only on demo account.",
    "Run Stage142B fast loop every 10 minutes; run Stage138 refresh separately/manual or slower.",
    "Allow new orders only for distinct signal keys and ledger every closed outcome."
  ]
}
{
  "stage": "Stage142_DEMO_LOOP_SUPERVISOR",
  "generated_utc": "2026-07-01T19:36:16Z",
  "status": "STAGE142B_COMPLETE_FAST_DEMO_LOOP_SUPERVISOR_READY",
  "root": "/Users/vahid/Desktop/xauusd-trader",
  "dry_run": false,
  "with_stage138_refresh": false,
  "commands_run": 4,
  "command_failures": 0,
  "command_results": [
    {
      "name": "stage134_collector",
      "cmd": [
        "/Library/Developer/CommandLineTools/usr/bin/python3",
        "app/stage134_demo_executor_pilot_collector.py",
        "--root",
        "/Users/vahid/Desktop/xauusd-trader",
        "--write-mt5-status-kv"
      ],
      "returncode": 0,
      "dry_run": false,
      "stdout_tail": "ange_pos_24_LEQ35\",\n      \"rule_id\": \"D138C_trend_20_50_bps_LEQ35__range_pos_24_LEQ35\",\n      \"feature_date\": \"2026-07-01T11:00:00Z\",\n      \"lot\": \"0.01\",\n      \"price\": \"3997.84\",\n      \"sl\": \"3985.84\",\n      \"tp\": \"4015.84\",\n      \"ok\": \"true\",\n      \"retcode\": \"10009\",\n      \"retcode_description\": \"done at 3997.84\",\n      \"account_mode\": \"DEMO\",\n      \"demo_required\": \"true\",\n      \"demo_orders_enabled\": \"true\",\n      \"note\": \"stage134_demo_only_execution_pilot\"\n    }\n  ],\n  \"latest_snapshot_csv\": \"/Users/vahid/Desktop/xauusd-trader/reports/stage134_demo_executor_pilot/stage134_latest_demo_executor_snapshot.csv\",\n  \"history_csv\": \"/Users/vahid/Desktop/xauusd-trader/data/demo_execution/stage134_demo_executor_snapshots.csv\",\n  \"risk_manifest_csv\": \"/Users/vahid/Desktop/xauusd-trader/reports/stage134_demo_executor_pilot/stage134_demo_risk_manifest.csv\",\n  \"status_kv_repo\": \"/Users/vahid/Desktop/xauusd-trader/data/demo_execution/stage134_demo_executor_collector_status_kv.csv\",\n  \"status_kv_report\": \"/Users/vahid/Desktop/xauusd-trader/reports/stage134_demo_executor_pilot/stage134_demo_executor_collector_status_kv.csv\",\n  \"mt5_collector_status_kv\": \"/Users/vahid/Library/Application Support/net.metaquotes.wine.metatrader5/drive_c/Program Files/MetaTrader 5/MQL5/Files/xauusd_stage134_demo_executor_collector_status_kv.csv\",\n  \"summary_json\": \"/Users/vahid/Desktop/xauusd-trader/reports/stage134_demo_executor_pilot/stage134_demo_executor_pilot_summary.json\",\n  \"report_md\": \"/Users/vahid/Desktop/xauusd-trader/reports/stage134_demo_executor_pilot/stage134_demo_executor_pilot_report.md\",\n  \"next\": [\n    \"If collector_decision is STAGE134_DEMO_ORDER_ACCEPTED_COLLECT_PNL, inspect MT5 demo position and subsequent PnL.\",\n    \"If status_fresh remains false but trade_log shows accepted orders, use trade_log fields as execution source of truth.\",\n    \"Do not send a duplicate order for the same signal unless the existing demo position is closed or state is intentionally reset.\"\n  ]\n}\n",
      "stderr_tail": ""
    },
    {
      "name": "stage139_position_collector",
      "cmd": [
        "/Library/Developer/CommandLineTools/usr/bin/python3",
        "app/stage139_demo_position_outcome_collector.py",
        "--root",
        "/Users/vahid/Desktop/xauusd-trader",
        "--write-mt5-status-kv"
      ],
      "returncode": 0,
      "dry_run": false,
      "stdout_tail": "0.00\",\n  \"position_current_price\": \"0.00\",\n  \"position_sl\": \"0.00\",\n  \"position_tp\": \"0.00\",\n  \"position_profit\": \"0.00\",\n  \"position_swap\": \"0.00\",\n  \"position_commission\": \"0.00\",\n  \"position_magic\": \"0\",\n  \"position_comment\": \"\",\n  \"stage134_trade_attempts\": 1,\n  \"stage134_trade_accepted\": 1,\n  \"latest_stage134_rule_id\": \"D138C_trend_20_50_bps_LEQ35__range_pos_24_LEQ35\",\n  \"latest_stage134_signal_key\": \"2026-07-01T11:00:00Z|D138C_trend_20_50_bps_LEQ35__range_pos_24_LEQ35\",\n  \"latest_stage134_entry_price\": \"3997.84\",\n  \"latest_stage134_lot\": \"0.01\",\n  \"latest_stage134_retcode\": \"10009\",\n  \"latest_snapshot_csv\": \"/Users/vahid/Desktop/xauusd-trader/reports/stage139_demo_position_outcome_monitor/stage139_latest_position_outcome_snapshot.csv\",\n  \"history_csv\": \"/Users/vahid/Desktop/xauusd-trader/data/demo_execution/stage139_demo_position_outcome_snapshots.csv\",\n  \"risk_manifest_csv\": \"/Users/vahid/Desktop/xauusd-trader/reports/stage139_demo_position_outcome_monitor/stage139_risk_manifest.csv\",\n  \"status_kv_repo\": \"/Users/vahid/Desktop/xauusd-trader/data/demo_execution/stage139_position_outcome_collector_status_kv.csv\",\n  \"status_kv_report\": \"/Users/vahid/Desktop/xauusd-trader/reports/stage139_demo_position_outcome_monitor/stage139_position_outcome_collector_status_kv.csv\",\n  \"mt5_collector_status_kv\": \"/Users/vahid/Library/Application Support/net.metaquotes.wine.metatrader5/drive_c/Program Files/MetaTrader 5/MQL5/Files/xauusd_stage139_position_outcome_collector_status_kv.csv\",\n  \"summary_json\": \"/Users/vahid/Desktop/xauusd-trader/reports/stage139_demo_position_outcome_monitor/stage139_demo_position_outcome_monitor_summary.json\",\n  \"next\": [\n    \"If monitor is not confirmed, compile and attach Stage139_DemoPositionOutcomeMonitor indicator to the XAUUSD chart.\",\n    \"If an open demo position exists, keep monitoring floating PnL until SL/TP/time-exit/closure.\",\n    \"Do not duplicate the Stage134 order for the same signal while this position/outcome is unresolved.\"\n  ]\n}\n",
      "stderr_tail": ""
    },
    {
      "name": "stage140_closed_deal_collector",
      "cmd": [
        "/Library/Developer/CommandLineTools/usr/bin/python3",
        "app/stage140_demo_closed_deal_outcome_collector.py",
        "--root",
        "/Users/vahid/Desktop/xauusd-trader",
        "--write-mt5-status-kv"
      ],
      "returncode": 0,
      "dry_run": false,
      "stdout_tail": "40001\",\n      \"reason_code\": \"3\",\n      \"comment\": \"Stage134Demo|D138C_trend_20_50_\"\n    },\n    {\n      \"generated_utc\": \"2026-07-01T19:35:55Z\",\n      \"ticket\": \"226648654\",\n      \"time\": \"2026-07-01T14:11:10Z\",\n      \"symbol\": \"XAUUSD\",\n      \"position_id\": \"249663149\",\n      \"entry_code\": \"1\",\n      \"type_code\": \"1\",\n      \"volume\": \"0.01\",\n      \"price\": \"4015.88\",\n      \"profit\": \"18.04\",\n      \"swap\": \"0.00\",\n      \"commission\": \"0.00\",\n      \"magic\": \"1340001\",\n      \"reason_code\": \"5\",\n      \"comment\": \"[tp 4015.84]\"\n    }\n  ],\n  \"latest_snapshot_csv\": \"/Users/vahid/Desktop/xauusd-trader/reports/stage140_demo_closed_deal_outcome_monitor/stage140_latest_closed_deal_outcome_snapshot.csv\",\n  \"history_csv\": \"/Users/vahid/Desktop/xauusd-trader/data/demo_execution/stage140_demo_closed_deal_outcome_snapshots.csv\",\n  \"risk_manifest_csv\": \"/Users/vahid/Desktop/xauusd-trader/reports/stage140_demo_closed_deal_outcome_monitor/stage140_risk_manifest.csv\",\n  \"status_kv_repo\": \"/Users/vahid/Desktop/xauusd-trader/data/demo_execution/stage140_closed_deal_outcome_collector_status_kv.csv\",\n  \"status_kv_report\": \"/Users/vahid/Desktop/xauusd-trader/reports/stage140_demo_closed_deal_outcome_monitor/stage140_closed_deal_outcome_collector_status_kv.csv\",\n  \"mt5_collector_status_kv\": \"/Users/vahid/Library/Application Support/net.metaquotes.wine.metatrader5/drive_c/Program Files/MetaTrader 5/MQL5/Files/xauusd_stage140_closed_deal_outcome_collector_status_kv.csv\",\n  \"summary_json\": \"/Users/vahid/Desktop/xauusd-trader/reports/stage140_demo_closed_deal_outcome_monitor/stage140_demo_closed_deal_outcome_monitor_summary.json\",\n  \"next\": [\n    \"If collector_decision is a closed profit/loss/flat outcome, archive the first demo-order outcome and continue demo loop with duplicate control.\",\n    \"If entry is found but no exit deal, keep Stage139 position monitor active and wait for closure.\",\n    \"If no symbol deal is found, widen the MT5 history window or verify the account/history tab.\"\n  ]\n}\n",
      "stderr_tail": ""
    },
    {
      "name": "stage141_ledger",
      "cmd": [
        "/Library/Developer/CommandLineTools/usr/bin/python3",
        "app/stage141_demo_execution_outcome_ledger.py",
        "--root",
        "/Users/vahid/Desktop/xauusd-trader"
      ],
      "returncode": 0,
      "dry_run": false,
      "stdout_tail": "{\n  \"stage\": \"Stage141_DEMO_EXECUTION_OUTCOME_LEDGER\",\n  \"generated_utc\": \"2026-07-01T19:36:18Z\",\n  \"status\": \"STAGE141_COMPLETE_DEMO_EXECUTION_OUTCOME_LEDGER_READY\",\n  \"decision\": \"STAGE141_DEMO_OUTCOME_PROFIT_CONFIRMED_CONTINUE_LOOP\",\n  \"root\": \"/Users/vahid/Desktop/xauusd-trader\",\n  \"stage134_summary\": \"/Users/vahid/Desktop/xauusd-trader/reports/stage134_demo_executor_pilot/stage134_demo_executor_pilot_summary.json\",\n  \"stage138_summary\": \"/Users/vahid/Desktop/xauusd-trader/reports/stage138_broker_technical_demo_discovery/stage138_broker_technical_demo_discovery_summary.json\",\n  \"stage140_summary\": \"/Users/vahid/Desktop/xauusd-trader/reports/stage140_demo_closed_deal_outcome_monitor/stage140_demo_closed_deal_outcome_monitor_summary.json\",\n  \"outcome_status\": \"PROFIT\",\n  \"exit_reason_inferred\": \"TP\",\n  \"net_profit\": \"18.04\",\n  \"points_move\": \"18.04\",\n  \"bps_move\": \"45.12\",\n  \"rule_id\": \"D138C_trend_20_50_bps_LEQ35__range_pos_24_LEQ35\",\n  \"signal_key\": \"2026-07-01T11:00:00Z|D138C_trend_20_50_bps_LEQ35__range_pos_24_LEQ35\",\n  \"entry_price\": \"3997.84\",\n  \"exit_price\": \"4015.88\",\n  \"entry_deal_ticket\": \"226639067\",\n  \"exit_deal_ticket\": \"226648654\",\n  \"ledger_csv\": \"/Users/vahid/Desktop/xauusd-trader/data/demo_execution/stage141_demo_execution_outcome_ledger.csv\",\n  \"latest_csv\": \"/Users/vahid/Desktop/xauusd-trader/reports/stage141_demo_execution_outcome_ledger/stage141_latest_demo_execution_outcome.csv\",\n  \"ledger_row_appended\": false,\n  \"ledger_row_count\": 1,\n  \"next_action\": \"CONTINUE_DEMO_LOOP_ALLOW_NEXT_DISTINCT_SIGNAL\",\n  \"next\": [\n    \"Keep Stage138 refresh running and keep Stage134 duplicate guard enabled.\",\n    \"Allow the next demo order only on a distinct new signal key, not the already closed signal.\",\n    \"After several outcomes, evaluate rule expectancy from the Stage141 ledger before live-real consideration.\"\n  ]\n}\n",
      "stderr_tail": ""
    }
  ],
  "loop_health": "OK",
  "loop_decision": "STAGE142_LOOP_READY_FOR_NEXT_DISTINCT_SIGNAL_AFTER_PROFIT",
  "next_action": "KEEP_STAGE134_ARMED_WAIT_FOR_NEXT_DISTINCT_SIGNAL",
  "stage138_selected_rule_id": "D138C_trend_20_50_bps_LEQ35__range_pos_24_LEQ35",
  "stage138_bar_max_utc": "2026-07-01T11:00:00+00:00",
  "stage134_collector_decision": "STAGE134_DEMO_ORDER_ACCEPTED_COLLECT_PNL",
  "stage139_collector_decision": "STAGE139_NO_OPEN_POSITION_AFTER_ACCEPTED_ORDER_CHECK_HISTORY_OR_CLOSED",
  "stage140_collector_decision": "STAGE140_CLOSED_DEMO_DEAL_PROFIT",
  "stage141_decision": "STAGE141_DEMO_OUTCOME_PROFIT_CONFIRMED_CONTINUE_LOOP",
  "stage141_outcome_status": "PROFIT",
  "stage141_signal_key": "2026-07-01T11:00:00Z|D138C_trend_20_50_bps_LEQ35__range_pos_24_LEQ35",
  "stage141_net_profit": "18.04",
  "stage141_bps_move": "45.12",
  "stage141_ledger_row_count": 1,
  "latest_csv": "/Users/vahid/Desktop/xauusd-trader/reports/stage142_demo_loop_supervisor/stage142_latest_demo_loop_supervisor_snapshot.csv",
  "history_csv": "/Users/vahid/Desktop/xauusd-trader/data/demo_execution/stage142_demo_loop_supervisor_snapshots.csv",
  "risk_manifest_csv": "/Users/vahid/Desktop/xauusd-trader/reports/stage142_demo_loop_supervisor/stage142_risk_manifest.csv",
  "summary_json": "/Users/vahid/Desktop/xauusd-trader/reports/stage142_demo_loop_supervisor/stage142_demo_loop_supervisor_summary.json",
  "next": [
    "Keep Stage134 EA armed only on demo account.",
    "Run Stage142B fast loop every 10 minutes; run Stage138 refresh separately/manual or slower.",
    "Allow new orders only for distinct signal keys and ledger every closed outcome."
  ]
}
{
  "stage": "Stage142_DEMO_LOOP_SUPERVISOR",
  "generated_utc": "2026-07-01T19:46:18Z",
  "status": "STAGE142B_COMPLETE_FAST_DEMO_LOOP_SUPERVISOR_READY",
  "root": "/Users/vahid/Desktop/xauusd-trader",
  "dry_run": false,
  "with_stage138_refresh": false,
  "commands_run": 4,
  "command_failures": 0,
  "command_results": [
    {
      "name": "stage134_collector",
      "cmd": [
        "/Library/Developer/CommandLineTools/usr/bin/python3",
        "app/stage134_demo_executor_pilot_collector.py",
        "--root",
        "/Users/vahid/Desktop/xauusd-trader",
        "--write-mt5-status-kv"
      ],
      "returncode": 0,
      "dry_run": false,
      "stdout_tail": "ange_pos_24_LEQ35\",\n      \"rule_id\": \"D138C_trend_20_50_bps_LEQ35__range_pos_24_LEQ35\",\n      \"feature_date\": \"2026-07-01T11:00:00Z\",\n      \"lot\": \"0.01\",\n      \"price\": \"3997.84\",\n      \"sl\": \"3985.84\",\n      \"tp\": \"4015.84\",\n      \"ok\": \"true\",\n      \"retcode\": \"10009\",\n      \"retcode_description\": \"done at 3997.84\",\n      \"account_mode\": \"DEMO\",\n      \"demo_required\": \"true\",\n      \"demo_orders_enabled\": \"true\",\n      \"note\": \"stage134_demo_only_execution_pilot\"\n    }\n  ],\n  \"latest_snapshot_csv\": \"/Users/vahid/Desktop/xauusd-trader/reports/stage134_demo_executor_pilot/stage134_latest_demo_executor_snapshot.csv\",\n  \"history_csv\": \"/Users/vahid/Desktop/xauusd-trader/data/demo_execution/stage134_demo_executor_snapshots.csv\",\n  \"risk_manifest_csv\": \"/Users/vahid/Desktop/xauusd-trader/reports/stage134_demo_executor_pilot/stage134_demo_risk_manifest.csv\",\n  \"status_kv_repo\": \"/Users/vahid/Desktop/xauusd-trader/data/demo_execution/stage134_demo_executor_collector_status_kv.csv\",\n  \"status_kv_report\": \"/Users/vahid/Desktop/xauusd-trader/reports/stage134_demo_executor_pilot/stage134_demo_executor_collector_status_kv.csv\",\n  \"mt5_collector_status_kv\": \"/Users/vahid/Library/Application Support/net.metaquotes.wine.metatrader5/drive_c/Program Files/MetaTrader 5/MQL5/Files/xauusd_stage134_demo_executor_collector_status_kv.csv\",\n  \"summary_json\": \"/Users/vahid/Desktop/xauusd-trader/reports/stage134_demo_executor_pilot/stage134_demo_executor_pilot_summary.json\",\n  \"report_md\": \"/Users/vahid/Desktop/xauusd-trader/reports/stage134_demo_executor_pilot/stage134_demo_executor_pilot_report.md\",\n  \"next\": [\n    \"If collector_decision is STAGE134_DEMO_ORDER_ACCEPTED_COLLECT_PNL, inspect MT5 demo position and subsequent PnL.\",\n    \"If status_fresh remains false but trade_log shows accepted orders, use trade_log fields as execution source of truth.\",\n    \"Do not send a duplicate order for the same signal unless the existing demo position is closed or state is intentionally reset.\"\n  ]\n}\n",
      "stderr_tail": ""
    },
    {
      "name": "stage139_position_collector",
      "cmd": [
        "/Library/Developer/CommandLineTools/usr/bin/python3",
        "app/stage139_demo_position_outcome_collector.py",
        "--root",
        "/Users/vahid/Desktop/xauusd-trader",
        "--write-mt5-status-kv"
      ],
      "returncode": 0,
      "dry_run": false,
      "stdout_tail": "0.00\",\n  \"position_current_price\": \"0.00\",\n  \"position_sl\": \"0.00\",\n  \"position_tp\": \"0.00\",\n  \"position_profit\": \"0.00\",\n  \"position_swap\": \"0.00\",\n  \"position_commission\": \"0.00\",\n  \"position_magic\": \"0\",\n  \"position_comment\": \"\",\n  \"stage134_trade_attempts\": 1,\n  \"stage134_trade_accepted\": 1,\n  \"latest_stage134_rule_id\": \"D138C_trend_20_50_bps_LEQ35__range_pos_24_LEQ35\",\n  \"latest_stage134_signal_key\": \"2026-07-01T11:00:00Z|D138C_trend_20_50_bps_LEQ35__range_pos_24_LEQ35\",\n  \"latest_stage134_entry_price\": \"3997.84\",\n  \"latest_stage134_lot\": \"0.01\",\n  \"latest_stage134_retcode\": \"10009\",\n  \"latest_snapshot_csv\": \"/Users/vahid/Desktop/xauusd-trader/reports/stage139_demo_position_outcome_monitor/stage139_latest_position_outcome_snapshot.csv\",\n  \"history_csv\": \"/Users/vahid/Desktop/xauusd-trader/data/demo_execution/stage139_demo_position_outcome_snapshots.csv\",\n  \"risk_manifest_csv\": \"/Users/vahid/Desktop/xauusd-trader/reports/stage139_demo_position_outcome_monitor/stage139_risk_manifest.csv\",\n  \"status_kv_repo\": \"/Users/vahid/Desktop/xauusd-trader/data/demo_execution/stage139_position_outcome_collector_status_kv.csv\",\n  \"status_kv_report\": \"/Users/vahid/Desktop/xauusd-trader/reports/stage139_demo_position_outcome_monitor/stage139_position_outcome_collector_status_kv.csv\",\n  \"mt5_collector_status_kv\": \"/Users/vahid/Library/Application Support/net.metaquotes.wine.metatrader5/drive_c/Program Files/MetaTrader 5/MQL5/Files/xauusd_stage139_position_outcome_collector_status_kv.csv\",\n  \"summary_json\": \"/Users/vahid/Desktop/xauusd-trader/reports/stage139_demo_position_outcome_monitor/stage139_demo_position_outcome_monitor_summary.json\",\n  \"next\": [\n    \"If monitor is not confirmed, compile and attach Stage139_DemoPositionOutcomeMonitor indicator to the XAUUSD chart.\",\n    \"If an open demo position exists, keep monitoring floating PnL until SL/TP/time-exit/closure.\",\n    \"Do not duplicate the Stage134 order for the same signal while this position/outcome is unresolved.\"\n  ]\n}\n",
      "stderr_tail": ""
    },
    {
      "name": "stage140_closed_deal_collector",
      "cmd": [
        "/Library/Developer/CommandLineTools/usr/bin/python3",
        "app/stage140_demo_closed_deal_outcome_collector.py",
        "--root",
        "/Users/vahid/Desktop/xauusd-trader",
        "--write-mt5-status-kv"
      ],
      "returncode": 0,
      "dry_run": false,
      "stdout_tail": "40001\",\n      \"reason_code\": \"3\",\n      \"comment\": \"Stage134Demo|D138C_trend_20_50_\"\n    },\n    {\n      \"generated_utc\": \"2026-07-01T19:45:55Z\",\n      \"ticket\": \"226648654\",\n      \"time\": \"2026-07-01T14:11:10Z\",\n      \"symbol\": \"XAUUSD\",\n      \"position_id\": \"249663149\",\n      \"entry_code\": \"1\",\n      \"type_code\": \"1\",\n      \"volume\": \"0.01\",\n      \"price\": \"4015.88\",\n      \"profit\": \"18.04\",\n      \"swap\": \"0.00\",\n      \"commission\": \"0.00\",\n      \"magic\": \"1340001\",\n      \"reason_code\": \"5\",\n      \"comment\": \"[tp 4015.84]\"\n    }\n  ],\n  \"latest_snapshot_csv\": \"/Users/vahid/Desktop/xauusd-trader/reports/stage140_demo_closed_deal_outcome_monitor/stage140_latest_closed_deal_outcome_snapshot.csv\",\n  \"history_csv\": \"/Users/vahid/Desktop/xauusd-trader/data/demo_execution/stage140_demo_closed_deal_outcome_snapshots.csv\",\n  \"risk_manifest_csv\": \"/Users/vahid/Desktop/xauusd-trader/reports/stage140_demo_closed_deal_outcome_monitor/stage140_risk_manifest.csv\",\n  \"status_kv_repo\": \"/Users/vahid/Desktop/xauusd-trader/data/demo_execution/stage140_closed_deal_outcome_collector_status_kv.csv\",\n  \"status_kv_report\": \"/Users/vahid/Desktop/xauusd-trader/reports/stage140_demo_closed_deal_outcome_monitor/stage140_closed_deal_outcome_collector_status_kv.csv\",\n  \"mt5_collector_status_kv\": \"/Users/vahid/Library/Application Support/net.metaquotes.wine.metatrader5/drive_c/Program Files/MetaTrader 5/MQL5/Files/xauusd_stage140_closed_deal_outcome_collector_status_kv.csv\",\n  \"summary_json\": \"/Users/vahid/Desktop/xauusd-trader/reports/stage140_demo_closed_deal_outcome_monitor/stage140_demo_closed_deal_outcome_monitor_summary.json\",\n  \"next\": [\n    \"If collector_decision is a closed profit/loss/flat outcome, archive the first demo-order outcome and continue demo loop with duplicate control.\",\n    \"If entry is found but no exit deal, keep Stage139 position monitor active and wait for closure.\",\n    \"If no symbol deal is found, widen the MT5 history window or verify the account/history tab.\"\n  ]\n}\n",
      "stderr_tail": ""
    },
    {
      "name": "stage141_ledger",
      "cmd": [
        "/Library/Developer/CommandLineTools/usr/bin/python3",
        "app/stage141_demo_execution_outcome_ledger.py",
        "--root",
        "/Users/vahid/Desktop/xauusd-trader"
      ],
      "returncode": 0,
      "dry_run": false,
      "stdout_tail": "{\n  \"stage\": \"Stage141_DEMO_EXECUTION_OUTCOME_LEDGER\",\n  \"generated_utc\": \"2026-07-01T19:46:20Z\",\n  \"status\": \"STAGE141_COMPLETE_DEMO_EXECUTION_OUTCOME_LEDGER_READY\",\n  \"decision\": \"STAGE141_DEMO_OUTCOME_PROFIT_CONFIRMED_CONTINUE_LOOP\",\n  \"root\": \"/Users/vahid/Desktop/xauusd-trader\",\n  \"stage134_summary\": \"/Users/vahid/Desktop/xauusd-trader/reports/stage134_demo_executor_pilot/stage134_demo_executor_pilot_summary.json\",\n  \"stage138_summary\": \"/Users/vahid/Desktop/xauusd-trader/reports/stage138_broker_technical_demo_discovery/stage138_broker_technical_demo_discovery_summary.json\",\n  \"stage140_summary\": \"/Users/vahid/Desktop/xauusd-trader/reports/stage140_demo_closed_deal_outcome_monitor/stage140_demo_closed_deal_outcome_monitor_summary.json\",\n  \"outcome_status\": \"PROFIT\",\n  \"exit_reason_inferred\": \"TP\",\n  \"net_profit\": \"18.04\",\n  \"points_move\": \"18.04\",\n  \"bps_move\": \"45.12\",\n  \"rule_id\": \"D138C_trend_20_50_bps_LEQ35__range_pos_24_LEQ35\",\n  \"signal_key\": \"2026-07-01T11:00:00Z|D138C_trend_20_50_bps_LEQ35__range_pos_24_LEQ35\",\n  \"entry_price\": \"3997.84\",\n  \"exit_price\": \"4015.88\",\n  \"entry_deal_ticket\": \"226639067\",\n  \"exit_deal_ticket\": \"226648654\",\n  \"ledger_csv\": \"/Users/vahid/Desktop/xauusd-trader/data/demo_execution/stage141_demo_execution_outcome_ledger.csv\",\n  \"latest_csv\": \"/Users/vahid/Desktop/xauusd-trader/reports/stage141_demo_execution_outcome_ledger/stage141_latest_demo_execution_outcome.csv\",\n  \"ledger_row_appended\": false,\n  \"ledger_row_count\": 1,\n  \"next_action\": \"CONTINUE_DEMO_LOOP_ALLOW_NEXT_DISTINCT_SIGNAL\",\n  \"next\": [\n    \"Keep Stage138 refresh running and keep Stage134 duplicate guard enabled.\",\n    \"Allow the next demo order only on a distinct new signal key, not the already closed signal.\",\n    \"After several outcomes, evaluate rule expectancy from the Stage141 ledger before live-real consideration.\"\n  ]\n}\n",
      "stderr_tail": ""
    }
  ],
  "loop_health": "OK",
  "loop_decision": "STAGE142_LOOP_READY_FOR_NEXT_DISTINCT_SIGNAL_AFTER_PROFIT",
  "next_action": "KEEP_STAGE134_ARMED_WAIT_FOR_NEXT_DISTINCT_SIGNAL",
  "stage138_selected_rule_id": "D138C_trend_20_50_bps_LEQ35__range_pos_24_LEQ35",
  "stage138_bar_max_utc": "2026-07-01T11:00:00+00:00",
  "stage134_collector_decision": "STAGE134_DEMO_ORDER_ACCEPTED_COLLECT_PNL",
  "stage139_collector_decision": "STAGE139_NO_OPEN_POSITION_AFTER_ACCEPTED_ORDER_CHECK_HISTORY_OR_CLOSED",
  "stage140_collector_decision": "STAGE140_CLOSED_DEMO_DEAL_PROFIT",
  "stage141_decision": "STAGE141_DEMO_OUTCOME_PROFIT_CONFIRMED_CONTINUE_LOOP",
  "stage141_outcome_status": "PROFIT",
  "stage141_signal_key": "2026-07-01T11:00:00Z|D138C_trend_20_50_bps_LEQ35__range_pos_24_LEQ35",
  "stage141_net_profit": "18.04",
  "stage141_bps_move": "45.12",
  "stage141_ledger_row_count": 1,
  "latest_csv": "/Users/vahid/Desktop/xauusd-trader/reports/stage142_demo_loop_supervisor/stage142_latest_demo_loop_supervisor_snapshot.csv",
  "history_csv": "/Users/vahid/Desktop/xauusd-trader/data/demo_execution/stage142_demo_loop_supervisor_snapshots.csv",
  "risk_manifest_csv": "/Users/vahid/Desktop/xauusd-trader/reports/stage142_demo_loop_supervisor/stage142_risk_manifest.csv",
  "summary_json": "/Users/vahid/Desktop/xauusd-trader/reports/stage142_demo_loop_supervisor/stage142_demo_loop_supervisor_summary.json",
  "next": [
    "Keep Stage134 EA armed only on demo account.",
    "Run Stage142B fast loop every 10 minutes; run Stage138 refresh separately/manual or slower.",
    "Allow new orders only for distinct signal keys and ledger every closed outcome."
  ]
}
{
  "stage": "Stage142_DEMO_LOOP_SUPERVISOR",
  "generated_utc": "2026-07-01T19:56:21Z",
  "status": "STAGE142B_COMPLETE_FAST_DEMO_LOOP_SUPERVISOR_READY",
  "root": "/Users/vahid/Desktop/xauusd-trader",
  "dry_run": false,
  "with_stage138_refresh": false,
  "commands_run": 4,
  "command_failures": 0,
  "command_results": [
    {
      "name": "stage134_collector",
      "cmd": [
        "/Library/Developer/CommandLineTools/usr/bin/python3",
        "app/stage134_demo_executor_pilot_collector.py",
        "--root",
        "/Users/vahid/Desktop/xauusd-trader",
        "--write-mt5-status-kv"
      ],
      "returncode": 0,
      "dry_run": false,
      "stdout_tail": "ange_pos_24_LEQ35\",\n      \"rule_id\": \"D138C_trend_20_50_bps_LEQ35__range_pos_24_LEQ35\",\n      \"feature_date\": \"2026-07-01T11:00:00Z\",\n      \"lot\": \"0.01\",\n      \"price\": \"3997.84\",\n      \"sl\": \"3985.84\",\n      \"tp\": \"4015.84\",\n      \"ok\": \"true\",\n      \"retcode\": \"10009\",\n      \"retcode_description\": \"done at 3997.84\",\n      \"account_mode\": \"DEMO\",\n      \"demo_required\": \"true\",\n      \"demo_orders_enabled\": \"true\",\n      \"note\": \"stage134_demo_only_execution_pilot\"\n    }\n  ],\n  \"latest_snapshot_csv\": \"/Users/vahid/Desktop/xauusd-trader/reports/stage134_demo_executor_pilot/stage134_latest_demo_executor_snapshot.csv\",\n  \"history_csv\": \"/Users/vahid/Desktop/xauusd-trader/data/demo_execution/stage134_demo_executor_snapshots.csv\",\n  \"risk_manifest_csv\": \"/Users/vahid/Desktop/xauusd-trader/reports/stage134_demo_executor_pilot/stage134_demo_risk_manifest.csv\",\n  \"status_kv_repo\": \"/Users/vahid/Desktop/xauusd-trader/data/demo_execution/stage134_demo_executor_collector_status_kv.csv\",\n  \"status_kv_report\": \"/Users/vahid/Desktop/xauusd-trader/reports/stage134_demo_executor_pilot/stage134_demo_executor_collector_status_kv.csv\",\n  \"mt5_collector_status_kv\": \"/Users/vahid/Library/Application Support/net.metaquotes.wine.metatrader5/drive_c/Program Files/MetaTrader 5/MQL5/Files/xauusd_stage134_demo_executor_collector_status_kv.csv\",\n  \"summary_json\": \"/Users/vahid/Desktop/xauusd-trader/reports/stage134_demo_executor_pilot/stage134_demo_executor_pilot_summary.json\",\n  \"report_md\": \"/Users/vahid/Desktop/xauusd-trader/reports/stage134_demo_executor_pilot/stage134_demo_executor_pilot_report.md\",\n  \"next\": [\n    \"If collector_decision is STAGE134_DEMO_ORDER_ACCEPTED_COLLECT_PNL, inspect MT5 demo position and subsequent PnL.\",\n    \"If status_fresh remains false but trade_log shows accepted orders, use trade_log fields as execution source of truth.\",\n    \"Do not send a duplicate order for the same signal unless the existing demo position is closed or state is intentionally reset.\"\n  ]\n}\n",
      "stderr_tail": ""
    },
    {
      "name": "stage139_position_collector",
      "cmd": [
        "/Library/Developer/CommandLineTools/usr/bin/python3",
        "app/stage139_demo_position_outcome_collector.py",
        "--root",
        "/Users/vahid/Desktop/xauusd-trader",
        "--write-mt5-status-kv"
      ],
      "returncode": 0,
      "dry_run": false,
      "stdout_tail": "0.00\",\n  \"position_current_price\": \"0.00\",\n  \"position_sl\": \"0.00\",\n  \"position_tp\": \"0.00\",\n  \"position_profit\": \"0.00\",\n  \"position_swap\": \"0.00\",\n  \"position_commission\": \"0.00\",\n  \"position_magic\": \"0\",\n  \"position_comment\": \"\",\n  \"stage134_trade_attempts\": 1,\n  \"stage134_trade_accepted\": 1,\n  \"latest_stage134_rule_id\": \"D138C_trend_20_50_bps_LEQ35__range_pos_24_LEQ35\",\n  \"latest_stage134_signal_key\": \"2026-07-01T11:00:00Z|D138C_trend_20_50_bps_LEQ35__range_pos_24_LEQ35\",\n  \"latest_stage134_entry_price\": \"3997.84\",\n  \"latest_stage134_lot\": \"0.01\",\n  \"latest_stage134_retcode\": \"10009\",\n  \"latest_snapshot_csv\": \"/Users/vahid/Desktop/xauusd-trader/reports/stage139_demo_position_outcome_monitor/stage139_latest_position_outcome_snapshot.csv\",\n  \"history_csv\": \"/Users/vahid/Desktop/xauusd-trader/data/demo_execution/stage139_demo_position_outcome_snapshots.csv\",\n  \"risk_manifest_csv\": \"/Users/vahid/Desktop/xauusd-trader/reports/stage139_demo_position_outcome_monitor/stage139_risk_manifest.csv\",\n  \"status_kv_repo\": \"/Users/vahid/Desktop/xauusd-trader/data/demo_execution/stage139_position_outcome_collector_status_kv.csv\",\n  \"status_kv_report\": \"/Users/vahid/Desktop/xauusd-trader/reports/stage139_demo_position_outcome_monitor/stage139_position_outcome_collector_status_kv.csv\",\n  \"mt5_collector_status_kv\": \"/Users/vahid/Library/Application Support/net.metaquotes.wine.metatrader5/drive_c/Program Files/MetaTrader 5/MQL5/Files/xauusd_stage139_position_outcome_collector_status_kv.csv\",\n  \"summary_json\": \"/Users/vahid/Desktop/xauusd-trader/reports/stage139_demo_position_outcome_monitor/stage139_demo_position_outcome_monitor_summary.json\",\n  \"next\": [\n    \"If monitor is not confirmed, compile and attach Stage139_DemoPositionOutcomeMonitor indicator to the XAUUSD chart.\",\n    \"If an open demo position exists, keep monitoring floating PnL until SL/TP/time-exit/closure.\",\n    \"Do not duplicate the Stage134 order for the same signal while this position/outcome is unresolved.\"\n  ]\n}\n",
      "stderr_tail": ""
    },
    {
      "name": "stage140_closed_deal_collector",
      "cmd": [
        "/Library/Developer/CommandLineTools/usr/bin/python3",
        "app/stage140_demo_closed_deal_outcome_collector.py",
        "--root",
        "/Users/vahid/Desktop/xauusd-trader",
        "--write-mt5-status-kv"
      ],
      "returncode": 0,
      "dry_run": false,
      "stdout_tail": "40001\",\n      \"reason_code\": \"3\",\n      \"comment\": \"Stage134Demo|D138C_trend_20_50_\"\n    },\n    {\n      \"generated_utc\": \"2026-07-01T19:55:55Z\",\n      \"ticket\": \"226648654\",\n      \"time\": \"2026-07-01T14:11:10Z\",\n      \"symbol\": \"XAUUSD\",\n      \"position_id\": \"249663149\",\n      \"entry_code\": \"1\",\n      \"type_code\": \"1\",\n      \"volume\": \"0.01\",\n      \"price\": \"4015.88\",\n      \"profit\": \"18.04\",\n      \"swap\": \"0.00\",\n      \"commission\": \"0.00\",\n      \"magic\": \"1340001\",\n      \"reason_code\": \"5\",\n      \"comment\": \"[tp 4015.84]\"\n    }\n  ],\n  \"latest_snapshot_csv\": \"/Users/vahid/Desktop/xauusd-trader/reports/stage140_demo_closed_deal_outcome_monitor/stage140_latest_closed_deal_outcome_snapshot.csv\",\n  \"history_csv\": \"/Users/vahid/Desktop/xauusd-trader/data/demo_execution/stage140_demo_closed_deal_outcome_snapshots.csv\",\n  \"risk_manifest_csv\": \"/Users/vahid/Desktop/xauusd-trader/reports/stage140_demo_closed_deal_outcome_monitor/stage140_risk_manifest.csv\",\n  \"status_kv_repo\": \"/Users/vahid/Desktop/xauusd-trader/data/demo_execution/stage140_closed_deal_outcome_collector_status_kv.csv\",\n  \"status_kv_report\": \"/Users/vahid/Desktop/xauusd-trader/reports/stage140_demo_closed_deal_outcome_monitor/stage140_closed_deal_outcome_collector_status_kv.csv\",\n  \"mt5_collector_status_kv\": \"/Users/vahid/Library/Application Support/net.metaquotes.wine.metatrader5/drive_c/Program Files/MetaTrader 5/MQL5/Files/xauusd_stage140_closed_deal_outcome_collector_status_kv.csv\",\n  \"summary_json\": \"/Users/vahid/Desktop/xauusd-trader/reports/stage140_demo_closed_deal_outcome_monitor/stage140_demo_closed_deal_outcome_monitor_summary.json\",\n  \"next\": [\n    \"If collector_decision is a closed profit/loss/flat outcome, archive the first demo-order outcome and continue demo loop with duplicate control.\",\n    \"If entry is found but no exit deal, keep Stage139 position monitor active and wait for closure.\",\n    \"If no symbol deal is found, widen the MT5 history window or verify the account/history tab.\"\n  ]\n}\n",
      "stderr_tail": ""
    },
    {
      "name": "stage141_ledger",
      "cmd": [
        "/Library/Developer/CommandLineTools/usr/bin/python3",
        "app/stage141_demo_execution_outcome_ledger.py",
        "--root",
        "/Users/vahid/Desktop/xauusd-trader"
      ],
      "returncode": 0,
      "dry_run": false,
      "stdout_tail": "{\n  \"stage\": \"Stage141_DEMO_EXECUTION_OUTCOME_LEDGER\",\n  \"generated_utc\": \"2026-07-01T19:56:23Z\",\n  \"status\": \"STAGE141_COMPLETE_DEMO_EXECUTION_OUTCOME_LEDGER_READY\",\n  \"decision\": \"STAGE141_DEMO_OUTCOME_PROFIT_CONFIRMED_CONTINUE_LOOP\",\n  \"root\": \"/Users/vahid/Desktop/xauusd-trader\",\n  \"stage134_summary\": \"/Users/vahid/Desktop/xauusd-trader/reports/stage134_demo_executor_pilot/stage134_demo_executor_pilot_summary.json\",\n  \"stage138_summary\": \"/Users/vahid/Desktop/xauusd-trader/reports/stage138_broker_technical_demo_discovery/stage138_broker_technical_demo_discovery_summary.json\",\n  \"stage140_summary\": \"/Users/vahid/Desktop/xauusd-trader/reports/stage140_demo_closed_deal_outcome_monitor/stage140_demo_closed_deal_outcome_monitor_summary.json\",\n  \"outcome_status\": \"PROFIT\",\n  \"exit_reason_inferred\": \"TP\",\n  \"net_profit\": \"18.04\",\n  \"points_move\": \"18.04\",\n  \"bps_move\": \"45.12\",\n  \"rule_id\": \"D138C_trend_20_50_bps_LEQ35__range_pos_24_LEQ35\",\n  \"signal_key\": \"2026-07-01T11:00:00Z|D138C_trend_20_50_bps_LEQ35__range_pos_24_LEQ35\",\n  \"entry_price\": \"3997.84\",\n  \"exit_price\": \"4015.88\",\n  \"entry_deal_ticket\": \"226639067\",\n  \"exit_deal_ticket\": \"226648654\",\n  \"ledger_csv\": \"/Users/vahid/Desktop/xauusd-trader/data/demo_execution/stage141_demo_execution_outcome_ledger.csv\",\n  \"latest_csv\": \"/Users/vahid/Desktop/xauusd-trader/reports/stage141_demo_execution_outcome_ledger/stage141_latest_demo_execution_outcome.csv\",\n  \"ledger_row_appended\": false,\n  \"ledger_row_count\": 1,\n  \"next_action\": \"CONTINUE_DEMO_LOOP_ALLOW_NEXT_DISTINCT_SIGNAL\",\n  \"next\": [\n    \"Keep Stage138 refresh running and keep Stage134 duplicate guard enabled.\",\n    \"Allow the next demo order only on a distinct new signal key, not the already closed signal.\",\n    \"After several outcomes, evaluate rule expectancy from the Stage141 ledger before live-real consideration.\"\n  ]\n}\n",
      "stderr_tail": ""
    }
  ],
  "loop_health": "OK",
  "loop_decision": "STAGE142_LOOP_READY_FOR_NEXT_DISTINCT_SIGNAL_AFTER_PROFIT",
  "next_action": "KEEP_STAGE134_ARMED_WAIT_FOR_NEXT_DISTINCT_SIGNAL",
  "stage138_selected_rule_id": "D138C_trend_20_50_bps_LEQ35__range_pos_24_LEQ35",
  "stage138_bar_max_utc": "2026-07-01T11:00:00+00:00",
  "stage134_collector_decision": "STAGE134_DEMO_ORDER_ACCEPTED_COLLECT_PNL",
  "stage139_collector_decision": "STAGE139_NO_OPEN_POSITION_AFTER_ACCEPTED_ORDER_CHECK_HISTORY_OR_CLOSED",
  "stage140_collector_decision": "STAGE140_CLOSED_DEMO_DEAL_PROFIT",
  "stage141_decision": "STAGE141_DEMO_OUTCOME_PROFIT_CONFIRMED_CONTINUE_LOOP",
  "stage141_outcome_status": "PROFIT",
  "stage141_signal_key": "2026-07-01T11:00:00Z|D138C_trend_20_50_bps_LEQ35__range_pos_24_LEQ35",
  "stage141_net_profit": "18.04",
  "stage141_bps_move": "45.12",
  "stage141_ledger_row_count": 1,
  "latest_csv": "/Users/vahid/Desktop/xauusd-trader/reports/stage142_demo_loop_supervisor/stage142_latest_demo_loop_supervisor_snapshot.csv",
  "history_csv": "/Users/vahid/Desktop/xauusd-trader/data/demo_execution/stage142_demo_loop_supervisor_snapshots.csv",
  "risk_manifest_csv": "/Users/vahid/Desktop/xauusd-trader/reports/stage142_demo_loop_supervisor/stage142_risk_manifest.csv",
  "summary_json": "/Users/vahid/Desktop/xauusd-trader/reports/stage142_demo_loop_supervisor/stage142_demo_loop_supervisor_summary.json",
  "next": [
    "Keep Stage134 EA armed only on demo account.",
    "Run Stage142B fast loop every 10 minutes; run Stage138 refresh separately/manual or slower.",
    "Allow new orders only for distinct signal keys and ledger every closed outcome."
  ]
}
{
  "stage": "Stage142_DEMO_LOOP_SUPERVISOR",
  "generated_utc": "2026-07-01T20:06:24Z",
  "status": "STAGE142B_COMPLETE_FAST_DEMO_LOOP_SUPERVISOR_READY",
  "root": "/Users/vahid/Desktop/xauusd-trader",
  "dry_run": false,
  "with_stage138_refresh": false,
  "commands_run": 4,
  "command_failures": 0,
  "command_results": [
    {
      "name": "stage134_collector",
      "cmd": [
        "/Library/Developer/CommandLineTools/usr/bin/python3",
        "app/stage134_demo_executor_pilot_collector.py",
        "--root",
        "/Users/vahid/Desktop/xauusd-trader",
        "--write-mt5-status-kv"
      ],
      "returncode": 0,
      "dry_run": false,
      "stdout_tail": "ange_pos_24_LEQ35\",\n      \"rule_id\": \"D138C_trend_20_50_bps_LEQ35__range_pos_24_LEQ35\",\n      \"feature_date\": \"2026-07-01T11:00:00Z\",\n      \"lot\": \"0.01\",\n      \"price\": \"3997.84\",\n      \"sl\": \"3985.84\",\n      \"tp\": \"4015.84\",\n      \"ok\": \"true\",\n      \"retcode\": \"10009\",\n      \"retcode_description\": \"done at 3997.84\",\n      \"account_mode\": \"DEMO\",\n      \"demo_required\": \"true\",\n      \"demo_orders_enabled\": \"true\",\n      \"note\": \"stage134_demo_only_execution_pilot\"\n    }\n  ],\n  \"latest_snapshot_csv\": \"/Users/vahid/Desktop/xauusd-trader/reports/stage134_demo_executor_pilot/stage134_latest_demo_executor_snapshot.csv\",\n  \"history_csv\": \"/Users/vahid/Desktop/xauusd-trader/data/demo_execution/stage134_demo_executor_snapshots.csv\",\n  \"risk_manifest_csv\": \"/Users/vahid/Desktop/xauusd-trader/reports/stage134_demo_executor_pilot/stage134_demo_risk_manifest.csv\",\n  \"status_kv_repo\": \"/Users/vahid/Desktop/xauusd-trader/data/demo_execution/stage134_demo_executor_collector_status_kv.csv\",\n  \"status_kv_report\": \"/Users/vahid/Desktop/xauusd-trader/reports/stage134_demo_executor_pilot/stage134_demo_executor_collector_status_kv.csv\",\n  \"mt5_collector_status_kv\": \"/Users/vahid/Library/Application Support/net.metaquotes.wine.metatrader5/drive_c/Program Files/MetaTrader 5/MQL5/Files/xauusd_stage134_demo_executor_collector_status_kv.csv\",\n  \"summary_json\": \"/Users/vahid/Desktop/xauusd-trader/reports/stage134_demo_executor_pilot/stage134_demo_executor_pilot_summary.json\",\n  \"report_md\": \"/Users/vahid/Desktop/xauusd-trader/reports/stage134_demo_executor_pilot/stage134_demo_executor_pilot_report.md\",\n  \"next\": [\n    \"If collector_decision is STAGE134_DEMO_ORDER_ACCEPTED_COLLECT_PNL, inspect MT5 demo position and subsequent PnL.\",\n    \"If status_fresh remains false but trade_log shows accepted orders, use trade_log fields as execution source of truth.\",\n    \"Do not send a duplicate order for the same signal unless the existing demo position is closed or state is intentionally reset.\"\n  ]\n}\n",
      "stderr_tail": ""
    },
    {
      "name": "stage139_position_collector",
      "cmd": [
        "/Library/Developer/CommandLineTools/usr/bin/python3",
        "app/stage139_demo_position_outcome_collector.py",
        "--root",
        "/Users/vahid/Desktop/xauusd-trader",
        "--write-mt5-status-kv"
      ],
      "returncode": 0,
      "dry_run": false,
      "stdout_tail": "0.00\",\n  \"position_current_price\": \"0.00\",\n  \"position_sl\": \"0.00\",\n  \"position_tp\": \"0.00\",\n  \"position_profit\": \"0.00\",\n  \"position_swap\": \"0.00\",\n  \"position_commission\": \"0.00\",\n  \"position_magic\": \"0\",\n  \"position_comment\": \"\",\n  \"stage134_trade_attempts\": 1,\n  \"stage134_trade_accepted\": 1,\n  \"latest_stage134_rule_id\": \"D138C_trend_20_50_bps_LEQ35__range_pos_24_LEQ35\",\n  \"latest_stage134_signal_key\": \"2026-07-01T11:00:00Z|D138C_trend_20_50_bps_LEQ35__range_pos_24_LEQ35\",\n  \"latest_stage134_entry_price\": \"3997.84\",\n  \"latest_stage134_lot\": \"0.01\",\n  \"latest_stage134_retcode\": \"10009\",\n  \"latest_snapshot_csv\": \"/Users/vahid/Desktop/xauusd-trader/reports/stage139_demo_position_outcome_monitor/stage139_latest_position_outcome_snapshot.csv\",\n  \"history_csv\": \"/Users/vahid/Desktop/xauusd-trader/data/demo_execution/stage139_demo_position_outcome_snapshots.csv\",\n  \"risk_manifest_csv\": \"/Users/vahid/Desktop/xauusd-trader/reports/stage139_demo_position_outcome_monitor/stage139_risk_manifest.csv\",\n  \"status_kv_repo\": \"/Users/vahid/Desktop/xauusd-trader/data/demo_execution/stage139_position_outcome_collector_status_kv.csv\",\n  \"status_kv_report\": \"/Users/vahid/Desktop/xauusd-trader/reports/stage139_demo_position_outcome_monitor/stage139_position_outcome_collector_status_kv.csv\",\n  \"mt5_collector_status_kv\": \"/Users/vahid/Library/Application Support/net.metaquotes.wine.metatrader5/drive_c/Program Files/MetaTrader 5/MQL5/Files/xauusd_stage139_position_outcome_collector_status_kv.csv\",\n  \"summary_json\": \"/Users/vahid/Desktop/xauusd-trader/reports/stage139_demo_position_outcome_monitor/stage139_demo_position_outcome_monitor_summary.json\",\n  \"next\": [\n    \"If monitor is not confirmed, compile and attach Stage139_DemoPositionOutcomeMonitor indicator to the XAUUSD chart.\",\n    \"If an open demo position exists, keep monitoring floating PnL until SL/TP/time-exit/closure.\",\n    \"Do not duplicate the Stage134 order for the same signal while this position/outcome is unresolved.\"\n  ]\n}\n",
      "stderr_tail": ""
    },
    {
      "name": "stage140_closed_deal_collector",
      "cmd": [
        "/Library/Developer/CommandLineTools/usr/bin/python3",
        "app/stage140_demo_closed_deal_outcome_collector.py",
        "--root",
        "/Users/vahid/Desktop/xauusd-trader",
        "--write-mt5-status-kv"
      ],
      "returncode": 0,
      "dry_run": false,
      "stdout_tail": "40001\",\n      \"reason_code\": \"3\",\n      \"comment\": \"Stage134Demo|D138C_trend_20_50_\"\n    },\n    {\n      \"generated_utc\": \"2026-07-01T20:06:25Z\",\n      \"ticket\": \"226648654\",\n      \"time\": \"2026-07-01T14:11:10Z\",\n      \"symbol\": \"XAUUSD\",\n      \"position_id\": \"249663149\",\n      \"entry_code\": \"1\",\n      \"type_code\": \"1\",\n      \"volume\": \"0.01\",\n      \"price\": \"4015.88\",\n      \"profit\": \"18.04\",\n      \"swap\": \"0.00\",\n      \"commission\": \"0.00\",\n      \"magic\": \"1340001\",\n      \"reason_code\": \"5\",\n      \"comment\": \"[tp 4015.84]\"\n    }\n  ],\n  \"latest_snapshot_csv\": \"/Users/vahid/Desktop/xauusd-trader/reports/stage140_demo_closed_deal_outcome_monitor/stage140_latest_closed_deal_outcome_snapshot.csv\",\n  \"history_csv\": \"/Users/vahid/Desktop/xauusd-trader/data/demo_execution/stage140_demo_closed_deal_outcome_snapshots.csv\",\n  \"risk_manifest_csv\": \"/Users/vahid/Desktop/xauusd-trader/reports/stage140_demo_closed_deal_outcome_monitor/stage140_risk_manifest.csv\",\n  \"status_kv_repo\": \"/Users/vahid/Desktop/xauusd-trader/data/demo_execution/stage140_closed_deal_outcome_collector_status_kv.csv\",\n  \"status_kv_report\": \"/Users/vahid/Desktop/xauusd-trader/reports/stage140_demo_closed_deal_outcome_monitor/stage140_closed_deal_outcome_collector_status_kv.csv\",\n  \"mt5_collector_status_kv\": \"/Users/vahid/Library/Application Support/net.metaquotes.wine.metatrader5/drive_c/Program Files/MetaTrader 5/MQL5/Files/xauusd_stage140_closed_deal_outcome_collector_status_kv.csv\",\n  \"summary_json\": \"/Users/vahid/Desktop/xauusd-trader/reports/stage140_demo_closed_deal_outcome_monitor/stage140_demo_closed_deal_outcome_monitor_summary.json\",\n  \"next\": [\n    \"If collector_decision is a closed profit/loss/flat outcome, archive the first demo-order outcome and continue demo loop with duplicate control.\",\n    \"If entry is found but no exit deal, keep Stage139 position monitor active and wait for closure.\",\n    \"If no symbol deal is found, widen the MT5 history window or verify the account/history tab.\"\n  ]\n}\n",
      "stderr_tail": ""
    },
    {
      "name": "stage141_ledger",
      "cmd": [
        "/Library/Developer/CommandLineTools/usr/bin/python3",
        "app/stage141_demo_execution_outcome_ledger.py",
        "--root",
        "/Users/vahid/Desktop/xauusd-trader"
      ],
      "returncode": 0,
      "dry_run": false,
      "stdout_tail": "{\n  \"stage\": \"Stage141_DEMO_EXECUTION_OUTCOME_LEDGER\",\n  \"generated_utc\": \"2026-07-01T20:06:26Z\",\n  \"status\": \"STAGE141_COMPLETE_DEMO_EXECUTION_OUTCOME_LEDGER_READY\",\n  \"decision\": \"STAGE141_DEMO_OUTCOME_PROFIT_CONFIRMED_CONTINUE_LOOP\",\n  \"root\": \"/Users/vahid/Desktop/xauusd-trader\",\n  \"stage134_summary\": \"/Users/vahid/Desktop/xauusd-trader/reports/stage134_demo_executor_pilot/stage134_demo_executor_pilot_summary.json\",\n  \"stage138_summary\": \"/Users/vahid/Desktop/xauusd-trader/reports/stage138_broker_technical_demo_discovery/stage138_broker_technical_demo_discovery_summary.json\",\n  \"stage140_summary\": \"/Users/vahid/Desktop/xauusd-trader/reports/stage140_demo_closed_deal_outcome_monitor/stage140_demo_closed_deal_outcome_monitor_summary.json\",\n  \"outcome_status\": \"PROFIT\",\n  \"exit_reason_inferred\": \"TP\",\n  \"net_profit\": \"18.04\",\n  \"points_move\": \"18.04\",\n  \"bps_move\": \"45.12\",\n  \"rule_id\": \"D138C_trend_20_50_bps_LEQ35__range_pos_24_LEQ35\",\n  \"signal_key\": \"2026-07-01T11:00:00Z|D138C_trend_20_50_bps_LEQ35__range_pos_24_LEQ35\",\n  \"entry_price\": \"3997.84\",\n  \"exit_price\": \"4015.88\",\n  \"entry_deal_ticket\": \"226639067\",\n  \"exit_deal_ticket\": \"226648654\",\n  \"ledger_csv\": \"/Users/vahid/Desktop/xauusd-trader/data/demo_execution/stage141_demo_execution_outcome_ledger.csv\",\n  \"latest_csv\": \"/Users/vahid/Desktop/xauusd-trader/reports/stage141_demo_execution_outcome_ledger/stage141_latest_demo_execution_outcome.csv\",\n  \"ledger_row_appended\": false,\n  \"ledger_row_count\": 1,\n  \"next_action\": \"CONTINUE_DEMO_LOOP_ALLOW_NEXT_DISTINCT_SIGNAL\",\n  \"next\": [\n    \"Keep Stage138 refresh running and keep Stage134 duplicate guard enabled.\",\n    \"Allow the next demo order only on a distinct new signal key, not the already closed signal.\",\n    \"After several outcomes, evaluate rule expectancy from the Stage141 ledger before live-real consideration.\"\n  ]\n}\n",
      "stderr_tail": ""
    }
  ],
  "loop_health": "OK",
  "loop_decision": "STAGE142_LOOP_READY_FOR_NEXT_DISTINCT_SIGNAL_AFTER_PROFIT",
  "next_action": "KEEP_STAGE134_ARMED_WAIT_FOR_NEXT_DISTINCT_SIGNAL",
  "stage138_selected_rule_id": "D138C_trend_20_50_bps_LEQ35__range_pos_24_LEQ35",
  "stage138_bar_max_utc": "2026-07-01T11:00:00+00:00",
  "stage134_collector_decision": "STAGE134_DEMO_ORDER_ACCEPTED_COLLECT_PNL",
  "stage139_collector_decision": "STAGE139_NO_OPEN_POSITION_AFTER_ACCEPTED_ORDER_CHECK_HISTORY_OR_CLOSED",
  "stage140_collector_decision": "STAGE140_CLOSED_DEMO_DEAL_PROFIT",
  "stage141_decision": "STAGE141_DEMO_OUTCOME_PROFIT_CONFIRMED_CONTINUE_LOOP",
  "stage141_outcome_status": "PROFIT",
  "stage141_signal_key": "2026-07-01T11:00:00Z|D138C_trend_20_50_bps_LEQ35__range_pos_24_LEQ35",
  "stage141_net_profit": "18.04",
  "stage141_bps_move": "45.12",
  "stage141_ledger_row_count": 1,
  "latest_csv": "/Users/vahid/Desktop/xauusd-trader/reports/stage142_demo_loop_supervisor/stage142_latest_demo_loop_supervisor_snapshot.csv",
  "history_csv": "/Users/vahid/Desktop/xauusd-trader/data/demo_execution/stage142_demo_loop_supervisor_snapshots.csv",
  "risk_manifest_csv": "/Users/vahid/Desktop/xauusd-trader/reports/stage142_demo_loop_supervisor/stage142_risk_manifest.csv",
  "summary_json": "/Users/vahid/Desktop/xauusd-trader/reports/stage142_demo_loop_supervisor/stage142_demo_loop_supervisor_summary.json",
  "next": [
    "Keep Stage134 EA armed only on demo account.",
    "Run Stage142B fast loop every 10 minutes; run Stage138 refresh separately/manual or slower.",
    "Allow new orders only for distinct signal keys and ledger every closed outcome."
  ]
}
{
  "stage": "Stage142_DEMO_LOOP_SUPERVISOR",
  "generated_utc": "2026-07-01T20:47:00Z",
  "status": "STAGE142B_COMPLETE_FAST_DEMO_LOOP_SUPERVISOR_READY",
  "root": "/Users/vahid/Desktop/xauusd-trader",
  "dry_run": false,
  "with_stage138_refresh": false,
  "commands_run": 4,
  "command_failures": 0,
  "command_results": [
    {
      "name": "stage134_collector",
      "cmd": [
        "/Library/Developer/CommandLineTools/usr/bin/python3",
        "app/stage134_demo_executor_pilot_collector.py",
        "--root",
        "/Users/vahid/Desktop/xauusd-trader",
        "--write-mt5-status-kv"
      ],
      "returncode": 0,
      "dry_run": false,
      "stdout_tail": "ange_pos_24_LEQ35\",\n      \"rule_id\": \"D138C_trend_20_50_bps_LEQ35__range_pos_24_LEQ35\",\n      \"feature_date\": \"2026-07-01T11:00:00Z\",\n      \"lot\": \"0.01\",\n      \"price\": \"3997.84\",\n      \"sl\": \"3985.84\",\n      \"tp\": \"4015.84\",\n      \"ok\": \"true\",\n      \"retcode\": \"10009\",\n      \"retcode_description\": \"done at 3997.84\",\n      \"account_mode\": \"DEMO\",\n      \"demo_required\": \"true\",\n      \"demo_orders_enabled\": \"true\",\n      \"note\": \"stage134_demo_only_execution_pilot\"\n    }\n  ],\n  \"latest_snapshot_csv\": \"/Users/vahid/Desktop/xauusd-trader/reports/stage134_demo_executor_pilot/stage134_latest_demo_executor_snapshot.csv\",\n  \"history_csv\": \"/Users/vahid/Desktop/xauusd-trader/data/demo_execution/stage134_demo_executor_snapshots.csv\",\n  \"risk_manifest_csv\": \"/Users/vahid/Desktop/xauusd-trader/reports/stage134_demo_executor_pilot/stage134_demo_risk_manifest.csv\",\n  \"status_kv_repo\": \"/Users/vahid/Desktop/xauusd-trader/data/demo_execution/stage134_demo_executor_collector_status_kv.csv\",\n  \"status_kv_report\": \"/Users/vahid/Desktop/xauusd-trader/reports/stage134_demo_executor_pilot/stage134_demo_executor_collector_status_kv.csv\",\n  \"mt5_collector_status_kv\": \"/Users/vahid/Library/Application Support/net.metaquotes.wine.metatrader5/drive_c/Program Files/MetaTrader 5/MQL5/Files/xauusd_stage134_demo_executor_collector_status_kv.csv\",\n  \"summary_json\": \"/Users/vahid/Desktop/xauusd-trader/reports/stage134_demo_executor_pilot/stage134_demo_executor_pilot_summary.json\",\n  \"report_md\": \"/Users/vahid/Desktop/xauusd-trader/reports/stage134_demo_executor_pilot/stage134_demo_executor_pilot_report.md\",\n  \"next\": [\n    \"If collector_decision is STAGE134_DEMO_ORDER_ACCEPTED_COLLECT_PNL, inspect MT5 demo position and subsequent PnL.\",\n    \"If status_fresh remains false but trade_log shows accepted orders, use trade_log fields as execution source of truth.\",\n    \"Do not send a duplicate order for the same signal unless the existing demo position is closed or state is intentionally reset.\"\n  ]\n}\n",
      "stderr_tail": ""
    },
    {
      "name": "stage139_position_collector",
      "cmd": [
        "/Library/Developer/CommandLineTools/usr/bin/python3",
        "app/stage139_demo_position_outcome_collector.py",
        "--root",
        "/Users/vahid/Desktop/xauusd-trader",
        "--write-mt5-status-kv"
      ],
      "returncode": 0,
      "dry_run": false,
      "stdout_tail": "0.00\",\n  \"position_current_price\": \"0.00\",\n  \"position_sl\": \"0.00\",\n  \"position_tp\": \"0.00\",\n  \"position_profit\": \"0.00\",\n  \"position_swap\": \"0.00\",\n  \"position_commission\": \"0.00\",\n  \"position_magic\": \"0\",\n  \"position_comment\": \"\",\n  \"stage134_trade_attempts\": 1,\n  \"stage134_trade_accepted\": 1,\n  \"latest_stage134_rule_id\": \"D138C_trend_20_50_bps_LEQ35__range_pos_24_LEQ35\",\n  \"latest_stage134_signal_key\": \"2026-07-01T11:00:00Z|D138C_trend_20_50_bps_LEQ35__range_pos_24_LEQ35\",\n  \"latest_stage134_entry_price\": \"3997.84\",\n  \"latest_stage134_lot\": \"0.01\",\n  \"latest_stage134_retcode\": \"10009\",\n  \"latest_snapshot_csv\": \"/Users/vahid/Desktop/xauusd-trader/reports/stage139_demo_position_outcome_monitor/stage139_latest_position_outcome_snapshot.csv\",\n  \"history_csv\": \"/Users/vahid/Desktop/xauusd-trader/data/demo_execution/stage139_demo_position_outcome_snapshots.csv\",\n  \"risk_manifest_csv\": \"/Users/vahid/Desktop/xauusd-trader/reports/stage139_demo_position_outcome_monitor/stage139_risk_manifest.csv\",\n  \"status_kv_repo\": \"/Users/vahid/Desktop/xauusd-trader/data/demo_execution/stage139_position_outcome_collector_status_kv.csv\",\n  \"status_kv_report\": \"/Users/vahid/Desktop/xauusd-trader/reports/stage139_demo_position_outcome_monitor/stage139_position_outcome_collector_status_kv.csv\",\n  \"mt5_collector_status_kv\": \"/Users/vahid/Library/Application Support/net.metaquotes.wine.metatrader5/drive_c/Program Files/MetaTrader 5/MQL5/Files/xauusd_stage139_position_outcome_collector_status_kv.csv\",\n  \"summary_json\": \"/Users/vahid/Desktop/xauusd-trader/reports/stage139_demo_position_outcome_monitor/stage139_demo_position_outcome_monitor_summary.json\",\n  \"next\": [\n    \"If monitor is not confirmed, compile and attach Stage139_DemoPositionOutcomeMonitor indicator to the XAUUSD chart.\",\n    \"If an open demo position exists, keep monitoring floating PnL until SL/TP/time-exit/closure.\",\n    \"Do not duplicate the Stage134 order for the same signal while this position/outcome is unresolved.\"\n  ]\n}\n",
      "stderr_tail": ""
    },
    {
      "name": "stage140_closed_deal_collector",
      "cmd": [
        "/Library/Developer/CommandLineTools/usr/bin/python3",
        "app/stage140_demo_closed_deal_outcome_collector.py",
        "--root",
        "/Users/vahid/Desktop/xauusd-trader",
        "--write-mt5-status-kv"
      ],
      "returncode": 0,
      "dry_run": false,
      "stdout_tail": "40001\",\n      \"reason_code\": \"3\",\n      \"comment\": \"Stage134Demo|D138C_trend_20_50_\"\n    },\n    {\n      \"generated_utc\": \"2026-07-01T20:46:56Z\",\n      \"ticket\": \"226648654\",\n      \"time\": \"2026-07-01T14:11:10Z\",\n      \"symbol\": \"XAUUSD\",\n      \"position_id\": \"249663149\",\n      \"entry_code\": \"1\",\n      \"type_code\": \"1\",\n      \"volume\": \"0.01\",\n      \"price\": \"4015.88\",\n      \"profit\": \"18.04\",\n      \"swap\": \"0.00\",\n      \"commission\": \"0.00\",\n      \"magic\": \"1340001\",\n      \"reason_code\": \"5\",\n      \"comment\": \"[tp 4015.84]\"\n    }\n  ],\n  \"latest_snapshot_csv\": \"/Users/vahid/Desktop/xauusd-trader/reports/stage140_demo_closed_deal_outcome_monitor/stage140_latest_closed_deal_outcome_snapshot.csv\",\n  \"history_csv\": \"/Users/vahid/Desktop/xauusd-trader/data/demo_execution/stage140_demo_closed_deal_outcome_snapshots.csv\",\n  \"risk_manifest_csv\": \"/Users/vahid/Desktop/xauusd-trader/reports/stage140_demo_closed_deal_outcome_monitor/stage140_risk_manifest.csv\",\n  \"status_kv_repo\": \"/Users/vahid/Desktop/xauusd-trader/data/demo_execution/stage140_closed_deal_outcome_collector_status_kv.csv\",\n  \"status_kv_report\": \"/Users/vahid/Desktop/xauusd-trader/reports/stage140_demo_closed_deal_outcome_monitor/stage140_closed_deal_outcome_collector_status_kv.csv\",\n  \"mt5_collector_status_kv\": \"/Users/vahid/Library/Application Support/net.metaquotes.wine.metatrader5/drive_c/Program Files/MetaTrader 5/MQL5/Files/xauusd_stage140_closed_deal_outcome_collector_status_kv.csv\",\n  \"summary_json\": \"/Users/vahid/Desktop/xauusd-trader/reports/stage140_demo_closed_deal_outcome_monitor/stage140_demo_closed_deal_outcome_monitor_summary.json\",\n  \"next\": [\n    \"If collector_decision is a closed profit/loss/flat outcome, archive the first demo-order outcome and continue demo loop with duplicate control.\",\n    \"If entry is found but no exit deal, keep Stage139 position monitor active and wait for closure.\",\n    \"If no symbol deal is found, widen the MT5 history window or verify the account/history tab.\"\n  ]\n}\n",
      "stderr_tail": ""
    },
    {
      "name": "stage141_ledger",
      "cmd": [
        "/Library/Developer/CommandLineTools/usr/bin/python3",
        "app/stage141_demo_execution_outcome_ledger.py",
        "--root",
        "/Users/vahid/Desktop/xauusd-trader"
      ],
      "returncode": 0,
      "dry_run": false,
      "stdout_tail": "{\n  \"stage\": \"Stage141_DEMO_EXECUTION_OUTCOME_LEDGER\",\n  \"generated_utc\": \"2026-07-01T20:47:02Z\",\n  \"status\": \"STAGE141_COMPLETE_DEMO_EXECUTION_OUTCOME_LEDGER_READY\",\n  \"decision\": \"STAGE141_DEMO_OUTCOME_PROFIT_CONFIRMED_CONTINUE_LOOP\",\n  \"root\": \"/Users/vahid/Desktop/xauusd-trader\",\n  \"stage134_summary\": \"/Users/vahid/Desktop/xauusd-trader/reports/stage134_demo_executor_pilot/stage134_demo_executor_pilot_summary.json\",\n  \"stage138_summary\": \"/Users/vahid/Desktop/xauusd-trader/reports/stage138_broker_technical_demo_discovery/stage138_broker_technical_demo_discovery_summary.json\",\n  \"stage140_summary\": \"/Users/vahid/Desktop/xauusd-trader/reports/stage140_demo_closed_deal_outcome_monitor/stage140_demo_closed_deal_outcome_monitor_summary.json\",\n  \"outcome_status\": \"PROFIT\",\n  \"exit_reason_inferred\": \"TP\",\n  \"net_profit\": \"18.04\",\n  \"points_move\": \"18.04\",\n  \"bps_move\": \"45.12\",\n  \"rule_id\": \"D138C_trend_20_50_bps_LEQ35__range_pos_24_LEQ35\",\n  \"signal_key\": \"2026-07-01T11:00:00Z|D138C_trend_20_50_bps_LEQ35__range_pos_24_LEQ35\",\n  \"entry_price\": \"3997.84\",\n  \"exit_price\": \"4015.88\",\n  \"entry_deal_ticket\": \"226639067\",\n  \"exit_deal_ticket\": \"226648654\",\n  \"ledger_csv\": \"/Users/vahid/Desktop/xauusd-trader/data/demo_execution/stage141_demo_execution_outcome_ledger.csv\",\n  \"latest_csv\": \"/Users/vahid/Desktop/xauusd-trader/reports/stage141_demo_execution_outcome_ledger/stage141_latest_demo_execution_outcome.csv\",\n  \"ledger_row_appended\": false,\n  \"ledger_row_count\": 1,\n  \"next_action\": \"CONTINUE_DEMO_LOOP_ALLOW_NEXT_DISTINCT_SIGNAL\",\n  \"next\": [\n    \"Keep Stage138 refresh running and keep Stage134 duplicate guard enabled.\",\n    \"Allow the next demo order only on a distinct new signal key, not the already closed signal.\",\n    \"After several outcomes, evaluate rule expectancy from the Stage141 ledger before live-real consideration.\"\n  ]\n}\n",
      "stderr_tail": ""
    }
  ],
  "loop_health": "OK",
  "loop_decision": "STAGE142_LOOP_READY_FOR_NEXT_DISTINCT_SIGNAL_AFTER_PROFIT",
  "next_action": "KEEP_STAGE134_ARMED_WAIT_FOR_NEXT_DISTINCT_SIGNAL",
  "stage138_selected_rule_id": "D138C_trend_20_50_bps_LEQ35__range_pos_24_LEQ35",
  "stage138_bar_max_utc": "2026-07-01T11:00:00+00:00",
  "stage134_collector_decision": "STAGE134_DEMO_ORDER_ACCEPTED_COLLECT_PNL",
  "stage139_collector_decision": "STAGE139_NO_OPEN_POSITION_AFTER_ACCEPTED_ORDER_CHECK_HISTORY_OR_CLOSED",
  "stage140_collector_decision": "STAGE140_CLOSED_DEMO_DEAL_PROFIT",
  "stage141_decision": "STAGE141_DEMO_OUTCOME_PROFIT_CONFIRMED_CONTINUE_LOOP",
  "stage141_outcome_status": "PROFIT",
  "stage141_signal_key": "2026-07-01T11:00:00Z|D138C_trend_20_50_bps_LEQ35__range_pos_24_LEQ35",
  "stage141_net_profit": "18.04",
  "stage141_bps_move": "45.12",
  "stage141_ledger_row_count": 1,
  "latest_csv": "/Users/vahid/Desktop/xauusd-trader/reports/stage142_demo_loop_supervisor/stage142_latest_demo_loop_supervisor_snapshot.csv",
  "history_csv": "/Users/vahid/Desktop/xauusd-trader/data/demo_execution/stage142_demo_loop_supervisor_snapshots.csv",
  "risk_manifest_csv": "/Users/vahid/Desktop/xauusd-trader/reports/stage142_demo_loop_supervisor/stage142_risk_manifest.csv",
  "summary_json": "/Users/vahid/Desktop/xauusd-trader/reports/stage142_demo_loop_supervisor/stage142_demo_loop_supervisor_summary.json",
  "next": [
    "Keep Stage134 EA armed only on demo account.",
    "Run Stage142B fast loop every 10 minutes; run Stage138 refresh separately/manual or slower.",
    "Allow new orders only for distinct signal keys and ledger every closed outcome."
  ]
}
{
  "stage": "Stage142_DEMO_LOOP_SUPERVISOR",
  "generated_utc": "2026-07-01T21:11:21Z",
  "status": "STAGE142B_COMPLETE_FAST_DEMO_LOOP_SUPERVISOR_READY",
  "root": "/Users/vahid/Desktop/xauusd-trader",
  "dry_run": false,
  "with_stage138_refresh": false,
  "commands_run": 4,
  "command_failures": 0,
  "command_results": [
    {
      "name": "stage134_collector",
      "cmd": [
        "/Library/Developer/CommandLineTools/usr/bin/python3",
        "app/stage134_demo_executor_pilot_collector.py",
        "--root",
        "/Users/vahid/Desktop/xauusd-trader",
        "--write-mt5-status-kv"
      ],
      "returncode": 0,
      "dry_run": false,
      "stdout_tail": "ange_pos_24_LEQ35\",\n      \"rule_id\": \"D138C_trend_20_50_bps_LEQ35__range_pos_24_LEQ35\",\n      \"feature_date\": \"2026-07-01T11:00:00Z\",\n      \"lot\": \"0.01\",\n      \"price\": \"3997.84\",\n      \"sl\": \"3985.84\",\n      \"tp\": \"4015.84\",\n      \"ok\": \"true\",\n      \"retcode\": \"10009\",\n      \"retcode_description\": \"done at 3997.84\",\n      \"account_mode\": \"DEMO\",\n      \"demo_required\": \"true\",\n      \"demo_orders_enabled\": \"true\",\n      \"note\": \"stage134_demo_only_execution_pilot\"\n    }\n  ],\n  \"latest_snapshot_csv\": \"/Users/vahid/Desktop/xauusd-trader/reports/stage134_demo_executor_pilot/stage134_latest_demo_executor_snapshot.csv\",\n  \"history_csv\": \"/Users/vahid/Desktop/xauusd-trader/data/demo_execution/stage134_demo_executor_snapshots.csv\",\n  \"risk_manifest_csv\": \"/Users/vahid/Desktop/xauusd-trader/reports/stage134_demo_executor_pilot/stage134_demo_risk_manifest.csv\",\n  \"status_kv_repo\": \"/Users/vahid/Desktop/xauusd-trader/data/demo_execution/stage134_demo_executor_collector_status_kv.csv\",\n  \"status_kv_report\": \"/Users/vahid/Desktop/xauusd-trader/reports/stage134_demo_executor_pilot/stage134_demo_executor_collector_status_kv.csv\",\n  \"mt5_collector_status_kv\": \"/Users/vahid/Library/Application Support/net.metaquotes.wine.metatrader5/drive_c/Program Files/MetaTrader 5/MQL5/Files/xauusd_stage134_demo_executor_collector_status_kv.csv\",\n  \"summary_json\": \"/Users/vahid/Desktop/xauusd-trader/reports/stage134_demo_executor_pilot/stage134_demo_executor_pilot_summary.json\",\n  \"report_md\": \"/Users/vahid/Desktop/xauusd-trader/reports/stage134_demo_executor_pilot/stage134_demo_executor_pilot_report.md\",\n  \"next\": [\n    \"If collector_decision is STAGE134_DEMO_ORDER_ACCEPTED_COLLECT_PNL, inspect MT5 demo position and subsequent PnL.\",\n    \"If status_fresh remains false but trade_log shows accepted orders, use trade_log fields as execution source of truth.\",\n    \"Do not send a duplicate order for the same signal unless the existing demo position is closed or state is intentionally reset.\"\n  ]\n}\n",
      "stderr_tail": ""
    },
    {
      "name": "stage139_position_collector",
      "cmd": [
        "/Library/Developer/CommandLineTools/usr/bin/python3",
        "app/stage139_demo_position_outcome_collector.py",
        "--root",
        "/Users/vahid/Desktop/xauusd-trader",
        "--write-mt5-status-kv"
      ],
      "returncode": 0,
      "dry_run": false,
      "stdout_tail": "0.00\",\n  \"position_current_price\": \"0.00\",\n  \"position_sl\": \"0.00\",\n  \"position_tp\": \"0.00\",\n  \"position_profit\": \"0.00\",\n  \"position_swap\": \"0.00\",\n  \"position_commission\": \"0.00\",\n  \"position_magic\": \"0\",\n  \"position_comment\": \"\",\n  \"stage134_trade_attempts\": 1,\n  \"stage134_trade_accepted\": 1,\n  \"latest_stage134_rule_id\": \"D138C_trend_20_50_bps_LEQ35__range_pos_24_LEQ35\",\n  \"latest_stage134_signal_key\": \"2026-07-01T11:00:00Z|D138C_trend_20_50_bps_LEQ35__range_pos_24_LEQ35\",\n  \"latest_stage134_entry_price\": \"3997.84\",\n  \"latest_stage134_lot\": \"0.01\",\n  \"latest_stage134_retcode\": \"10009\",\n  \"latest_snapshot_csv\": \"/Users/vahid/Desktop/xauusd-trader/reports/stage139_demo_position_outcome_monitor/stage139_latest_position_outcome_snapshot.csv\",\n  \"history_csv\": \"/Users/vahid/Desktop/xauusd-trader/data/demo_execution/stage139_demo_position_outcome_snapshots.csv\",\n  \"risk_manifest_csv\": \"/Users/vahid/Desktop/xauusd-trader/reports/stage139_demo_position_outcome_monitor/stage139_risk_manifest.csv\",\n  \"status_kv_repo\": \"/Users/vahid/Desktop/xauusd-trader/data/demo_execution/stage139_position_outcome_collector_status_kv.csv\",\n  \"status_kv_report\": \"/Users/vahid/Desktop/xauusd-trader/reports/stage139_demo_position_outcome_monitor/stage139_position_outcome_collector_status_kv.csv\",\n  \"mt5_collector_status_kv\": \"/Users/vahid/Library/Application Support/net.metaquotes.wine.metatrader5/drive_c/Program Files/MetaTrader 5/MQL5/Files/xauusd_stage139_position_outcome_collector_status_kv.csv\",\n  \"summary_json\": \"/Users/vahid/Desktop/xauusd-trader/reports/stage139_demo_position_outcome_monitor/stage139_demo_position_outcome_monitor_summary.json\",\n  \"next\": [\n    \"If monitor is not confirmed, compile and attach Stage139_DemoPositionOutcomeMonitor indicator to the XAUUSD chart.\",\n    \"If an open demo position exists, keep monitoring floating PnL until SL/TP/time-exit/closure.\",\n    \"Do not duplicate the Stage134 order for the same signal while this position/outcome is unresolved.\"\n  ]\n}\n",
      "stderr_tail": ""
    },
    {
      "name": "stage140_closed_deal_collector",
      "cmd": [
        "/Library/Developer/CommandLineTools/usr/bin/python3",
        "app/stage140_demo_closed_deal_outcome_collector.py",
        "--root",
        "/Users/vahid/Desktop/xauusd-trader",
        "--write-mt5-status-kv"
      ],
      "returncode": 0,
      "dry_run": false,
      "stdout_tail": "40001\",\n      \"reason_code\": \"3\",\n      \"comment\": \"Stage134Demo|D138C_trend_20_50_\"\n    },\n    {\n      \"generated_utc\": \"2026-07-01T21:11:24Z\",\n      \"ticket\": \"226648654\",\n      \"time\": \"2026-07-01T14:11:10Z\",\n      \"symbol\": \"XAUUSD\",\n      \"position_id\": \"249663149\",\n      \"entry_code\": \"1\",\n      \"type_code\": \"1\",\n      \"volume\": \"0.01\",\n      \"price\": \"4015.88\",\n      \"profit\": \"18.04\",\n      \"swap\": \"0.00\",\n      \"commission\": \"0.00\",\n      \"magic\": \"1340001\",\n      \"reason_code\": \"5\",\n      \"comment\": \"[tp 4015.84]\"\n    }\n  ],\n  \"latest_snapshot_csv\": \"/Users/vahid/Desktop/xauusd-trader/reports/stage140_demo_closed_deal_outcome_monitor/stage140_latest_closed_deal_outcome_snapshot.csv\",\n  \"history_csv\": \"/Users/vahid/Desktop/xauusd-trader/data/demo_execution/stage140_demo_closed_deal_outcome_snapshots.csv\",\n  \"risk_manifest_csv\": \"/Users/vahid/Desktop/xauusd-trader/reports/stage140_demo_closed_deal_outcome_monitor/stage140_risk_manifest.csv\",\n  \"status_kv_repo\": \"/Users/vahid/Desktop/xauusd-trader/data/demo_execution/stage140_closed_deal_outcome_collector_status_kv.csv\",\n  \"status_kv_report\": \"/Users/vahid/Desktop/xauusd-trader/reports/stage140_demo_closed_deal_outcome_monitor/stage140_closed_deal_outcome_collector_status_kv.csv\",\n  \"mt5_collector_status_kv\": \"/Users/vahid/Library/Application Support/net.metaquotes.wine.metatrader5/drive_c/Program Files/MetaTrader 5/MQL5/Files/xauusd_stage140_closed_deal_outcome_collector_status_kv.csv\",\n  \"summary_json\": \"/Users/vahid/Desktop/xauusd-trader/reports/stage140_demo_closed_deal_outcome_monitor/stage140_demo_closed_deal_outcome_monitor_summary.json\",\n  \"next\": [\n    \"If collector_decision is a closed profit/loss/flat outcome, archive the first demo-order outcome and continue demo loop with duplicate control.\",\n    \"If entry is found but no exit deal, keep Stage139 position monitor active and wait for closure.\",\n    \"If no symbol deal is found, widen the MT5 history window or verify the account/history tab.\"\n  ]\n}\n",
      "stderr_tail": ""
    },
    {
      "name": "stage141_ledger",
      "cmd": [
        "/Library/Developer/CommandLineTools/usr/bin/python3",
        "app/stage141_demo_execution_outcome_ledger.py",
        "--root",
        "/Users/vahid/Desktop/xauusd-trader"
      ],
      "returncode": 0,
      "dry_run": false,
      "stdout_tail": "{\n  \"stage\": \"Stage141_DEMO_EXECUTION_OUTCOME_LEDGER\",\n  \"generated_utc\": \"2026-07-01T21:11:27Z\",\n  \"status\": \"STAGE141_COMPLETE_DEMO_EXECUTION_OUTCOME_LEDGER_READY\",\n  \"decision\": \"STAGE141_DEMO_OUTCOME_PROFIT_CONFIRMED_CONTINUE_LOOP\",\n  \"root\": \"/Users/vahid/Desktop/xauusd-trader\",\n  \"stage134_summary\": \"/Users/vahid/Desktop/xauusd-trader/reports/stage134_demo_executor_pilot/stage134_demo_executor_pilot_summary.json\",\n  \"stage138_summary\": \"/Users/vahid/Desktop/xauusd-trader/reports/stage138_broker_technical_demo_discovery/stage138_broker_technical_demo_discovery_summary.json\",\n  \"stage140_summary\": \"/Users/vahid/Desktop/xauusd-trader/reports/stage140_demo_closed_deal_outcome_monitor/stage140_demo_closed_deal_outcome_monitor_summary.json\",\n  \"outcome_status\": \"PROFIT\",\n  \"exit_reason_inferred\": \"TP\",\n  \"net_profit\": \"18.04\",\n  \"points_move\": \"18.04\",\n  \"bps_move\": \"45.12\",\n  \"rule_id\": \"D138C_trend_20_50_bps_LEQ35__range_pos_24_LEQ35\",\n  \"signal_key\": \"2026-07-01T11:00:00Z|D138C_trend_20_50_bps_LEQ35__range_pos_24_LEQ35\",\n  \"entry_price\": \"3997.84\",\n  \"exit_price\": \"4015.88\",\n  \"entry_deal_ticket\": \"226639067\",\n  \"exit_deal_ticket\": \"226648654\",\n  \"ledger_csv\": \"/Users/vahid/Desktop/xauusd-trader/data/demo_execution/stage141_demo_execution_outcome_ledger.csv\",\n  \"latest_csv\": \"/Users/vahid/Desktop/xauusd-trader/reports/stage141_demo_execution_outcome_ledger/stage141_latest_demo_execution_outcome.csv\",\n  \"ledger_row_appended\": false,\n  \"ledger_row_count\": 1,\n  \"next_action\": \"CONTINUE_DEMO_LOOP_ALLOW_NEXT_DISTINCT_SIGNAL\",\n  \"next\": [\n    \"Keep Stage138 refresh running and keep Stage134 duplicate guard enabled.\",\n    \"Allow the next demo order only on a distinct new signal key, not the already closed signal.\",\n    \"After several outcomes, evaluate rule expectancy from the Stage141 ledger before live-real consideration.\"\n  ]\n}\n",
      "stderr_tail": ""
    }
  ],
  "loop_health": "OK",
  "loop_decision": "STAGE142_LOOP_READY_FOR_NEXT_DISTINCT_SIGNAL_AFTER_PROFIT",
  "next_action": "KEEP_STAGE134_ARMED_WAIT_FOR_NEXT_DISTINCT_SIGNAL",
  "stage138_selected_rule_id": "D138C_trend_20_50_bps_LEQ35__range_pos_24_LEQ35",
  "stage138_bar_max_utc": "2026-07-01T11:00:00+00:00",
  "stage134_collector_decision": "STAGE134_DEMO_ORDER_ACCEPTED_COLLECT_PNL",
  "stage139_collector_decision": "STAGE139_NO_OPEN_POSITION_AFTER_ACCEPTED_ORDER_CHECK_HISTORY_OR_CLOSED",
  "stage140_collector_decision": "STAGE140_CLOSED_DEMO_DEAL_PROFIT",
  "stage141_decision": "STAGE141_DEMO_OUTCOME_PROFIT_CONFIRMED_CONTINUE_LOOP",
  "stage141_outcome_status": "PROFIT",
  "stage141_signal_key": "2026-07-01T11:00:00Z|D138C_trend_20_50_bps_LEQ35__range_pos_24_LEQ35",
  "stage141_net_profit": "18.04",
  "stage141_bps_move": "45.12",
  "stage141_ledger_row_count": 1,
  "latest_csv": "/Users/vahid/Desktop/xauusd-trader/reports/stage142_demo_loop_supervisor/stage142_latest_demo_loop_supervisor_snapshot.csv",
  "history_csv": "/Users/vahid/Desktop/xauusd-trader/data/demo_execution/stage142_demo_loop_supervisor_snapshots.csv",
  "risk_manifest_csv": "/Users/vahid/Desktop/xauusd-trader/reports/stage142_demo_loop_supervisor/stage142_risk_manifest.csv",
  "summary_json": "/Users/vahid/Desktop/xauusd-trader/reports/stage142_demo_loop_supervisor/stage142_demo_loop_supervisor_summary.json",
  "next": [
    "Keep Stage134 EA armed only on demo account.",
    "Run Stage142B fast loop every 10 minutes; run Stage138 refresh separately/manual or slower.",
    "Allow new orders only for distinct signal keys and ledger every closed outcome."
  ]
}
{
  "stage": "Stage142_DEMO_LOOP_SUPERVISOR",
  "generated_utc": "2026-07-01T21:21:29Z",
  "status": "STAGE142B_COMPLETE_FAST_DEMO_LOOP_SUPERVISOR_READY",
  "root": "/Users/vahid/Desktop/xauusd-trader",
  "dry_run": false,
  "with_stage138_refresh": false,
  "commands_run": 4,
  "command_failures": 0,
  "command_results": [
    {
      "name": "stage134_collector",
      "cmd": [
        "/Library/Developer/CommandLineTools/usr/bin/python3",
        "app/stage134_demo_executor_pilot_collector.py",
        "--root",
        "/Users/vahid/Desktop/xauusd-trader",
        "--write-mt5-status-kv"
      ],
      "returncode": 0,
      "dry_run": false,
      "stdout_tail": "ange_pos_24_LEQ35\",\n      \"rule_id\": \"D138C_trend_20_50_bps_LEQ35__range_pos_24_LEQ35\",\n      \"feature_date\": \"2026-07-01T11:00:00Z\",\n      \"lot\": \"0.01\",\n      \"price\": \"3997.84\",\n      \"sl\": \"3985.84\",\n      \"tp\": \"4015.84\",\n      \"ok\": \"true\",\n      \"retcode\": \"10009\",\n      \"retcode_description\": \"done at 3997.84\",\n      \"account_mode\": \"DEMO\",\n      \"demo_required\": \"true\",\n      \"demo_orders_enabled\": \"true\",\n      \"note\": \"stage134_demo_only_execution_pilot\"\n    }\n  ],\n  \"latest_snapshot_csv\": \"/Users/vahid/Desktop/xauusd-trader/reports/stage134_demo_executor_pilot/stage134_latest_demo_executor_snapshot.csv\",\n  \"history_csv\": \"/Users/vahid/Desktop/xauusd-trader/data/demo_execution/stage134_demo_executor_snapshots.csv\",\n  \"risk_manifest_csv\": \"/Users/vahid/Desktop/xauusd-trader/reports/stage134_demo_executor_pilot/stage134_demo_risk_manifest.csv\",\n  \"status_kv_repo\": \"/Users/vahid/Desktop/xauusd-trader/data/demo_execution/stage134_demo_executor_collector_status_kv.csv\",\n  \"status_kv_report\": \"/Users/vahid/Desktop/xauusd-trader/reports/stage134_demo_executor_pilot/stage134_demo_executor_collector_status_kv.csv\",\n  \"mt5_collector_status_kv\": \"/Users/vahid/Library/Application Support/net.metaquotes.wine.metatrader5/drive_c/Program Files/MetaTrader 5/MQL5/Files/xauusd_stage134_demo_executor_collector_status_kv.csv\",\n  \"summary_json\": \"/Users/vahid/Desktop/xauusd-trader/reports/stage134_demo_executor_pilot/stage134_demo_executor_pilot_summary.json\",\n  \"report_md\": \"/Users/vahid/Desktop/xauusd-trader/reports/stage134_demo_executor_pilot/stage134_demo_executor_pilot_report.md\",\n  \"next\": [\n    \"If collector_decision is STAGE134_DEMO_ORDER_ACCEPTED_COLLECT_PNL, inspect MT5 demo position and subsequent PnL.\",\n    \"If status_fresh remains false but trade_log shows accepted orders, use trade_log fields as execution source of truth.\",\n    \"Do not send a duplicate order for the same signal unless the existing demo position is closed or state is intentionally reset.\"\n  ]\n}\n",
      "stderr_tail": ""
    },
    {
      "name": "stage139_position_collector",
      "cmd": [
        "/Library/Developer/CommandLineTools/usr/bin/python3",
        "app/stage139_demo_position_outcome_collector.py",
        "--root",
        "/Users/vahid/Desktop/xauusd-trader",
        "--write-mt5-status-kv"
      ],
      "returncode": 0,
      "dry_run": false,
      "stdout_tail": "0.00\",\n  \"position_current_price\": \"0.00\",\n  \"position_sl\": \"0.00\",\n  \"position_tp\": \"0.00\",\n  \"position_profit\": \"0.00\",\n  \"position_swap\": \"0.00\",\n  \"position_commission\": \"0.00\",\n  \"position_magic\": \"0\",\n  \"position_comment\": \"\",\n  \"stage134_trade_attempts\": 1,\n  \"stage134_trade_accepted\": 1,\n  \"latest_stage134_rule_id\": \"D138C_trend_20_50_bps_LEQ35__range_pos_24_LEQ35\",\n  \"latest_stage134_signal_key\": \"2026-07-01T11:00:00Z|D138C_trend_20_50_bps_LEQ35__range_pos_24_LEQ35\",\n  \"latest_stage134_entry_price\": \"3997.84\",\n  \"latest_stage134_lot\": \"0.01\",\n  \"latest_stage134_retcode\": \"10009\",\n  \"latest_snapshot_csv\": \"/Users/vahid/Desktop/xauusd-trader/reports/stage139_demo_position_outcome_monitor/stage139_latest_position_outcome_snapshot.csv\",\n  \"history_csv\": \"/Users/vahid/Desktop/xauusd-trader/data/demo_execution/stage139_demo_position_outcome_snapshots.csv\",\n  \"risk_manifest_csv\": \"/Users/vahid/Desktop/xauusd-trader/reports/stage139_demo_position_outcome_monitor/stage139_risk_manifest.csv\",\n  \"status_kv_repo\": \"/Users/vahid/Desktop/xauusd-trader/data/demo_execution/stage139_position_outcome_collector_status_kv.csv\",\n  \"status_kv_report\": \"/Users/vahid/Desktop/xauusd-trader/reports/stage139_demo_position_outcome_monitor/stage139_position_outcome_collector_status_kv.csv\",\n  \"mt5_collector_status_kv\": \"/Users/vahid/Library/Application Support/net.metaquotes.wine.metatrader5/drive_c/Program Files/MetaTrader 5/MQL5/Files/xauusd_stage139_position_outcome_collector_status_kv.csv\",\n  \"summary_json\": \"/Users/vahid/Desktop/xauusd-trader/reports/stage139_demo_position_outcome_monitor/stage139_demo_position_outcome_monitor_summary.json\",\n  \"next\": [\n    \"If monitor is not confirmed, compile and attach Stage139_DemoPositionOutcomeMonitor indicator to the XAUUSD chart.\",\n    \"If an open demo position exists, keep monitoring floating PnL until SL/TP/time-exit/closure.\",\n    \"Do not duplicate the Stage134 order for the same signal while this position/outcome is unresolved.\"\n  ]\n}\n",
      "stderr_tail": ""
    },
    {
      "name": "stage140_closed_deal_collector",
      "cmd": [
        "/Library/Developer/CommandLineTools/usr/bin/python3",
        "app/stage140_demo_closed_deal_outcome_collector.py",
        "--root",
        "/Users/vahid/Desktop/xauusd-trader",
        "--write-mt5-status-kv"
      ],
      "returncode": 0,
      "dry_run": false,
      "stdout_tail": "40001\",\n      \"reason_code\": \"3\",\n      \"comment\": \"Stage134Demo|D138C_trend_20_50_\"\n    },\n    {\n      \"generated_utc\": \"2026-07-01T21:21:25Z\",\n      \"ticket\": \"226648654\",\n      \"time\": \"2026-07-01T14:11:10Z\",\n      \"symbol\": \"XAUUSD\",\n      \"position_id\": \"249663149\",\n      \"entry_code\": \"1\",\n      \"type_code\": \"1\",\n      \"volume\": \"0.01\",\n      \"price\": \"4015.88\",\n      \"profit\": \"18.04\",\n      \"swap\": \"0.00\",\n      \"commission\": \"0.00\",\n      \"magic\": \"1340001\",\n      \"reason_code\": \"5\",\n      \"comment\": \"[tp 4015.84]\"\n    }\n  ],\n  \"latest_snapshot_csv\": \"/Users/vahid/Desktop/xauusd-trader/reports/stage140_demo_closed_deal_outcome_monitor/stage140_latest_closed_deal_outcome_snapshot.csv\",\n  \"history_csv\": \"/Users/vahid/Desktop/xauusd-trader/data/demo_execution/stage140_demo_closed_deal_outcome_snapshots.csv\",\n  \"risk_manifest_csv\": \"/Users/vahid/Desktop/xauusd-trader/reports/stage140_demo_closed_deal_outcome_monitor/stage140_risk_manifest.csv\",\n  \"status_kv_repo\": \"/Users/vahid/Desktop/xauusd-trader/data/demo_execution/stage140_closed_deal_outcome_collector_status_kv.csv\",\n  \"status_kv_report\": \"/Users/vahid/Desktop/xauusd-trader/reports/stage140_demo_closed_deal_outcome_monitor/stage140_closed_deal_outcome_collector_status_kv.csv\",\n  \"mt5_collector_status_kv\": \"/Users/vahid/Library/Application Support/net.metaquotes.wine.metatrader5/drive_c/Program Files/MetaTrader 5/MQL5/Files/xauusd_stage140_closed_deal_outcome_collector_status_kv.csv\",\n  \"summary_json\": \"/Users/vahid/Desktop/xauusd-trader/reports/stage140_demo_closed_deal_outcome_monitor/stage140_demo_closed_deal_outcome_monitor_summary.json\",\n  \"next\": [\n    \"If collector_decision is a closed profit/loss/flat outcome, archive the first demo-order outcome and continue demo loop with duplicate control.\",\n    \"If entry is found but no exit deal, keep Stage139 position monitor active and wait for closure.\",\n    \"If no symbol deal is found, widen the MT5 history window or verify the account/history tab.\"\n  ]\n}\n",
      "stderr_tail": ""
    },
    {
      "name": "stage141_ledger",
      "cmd": [
        "/Library/Developer/CommandLineTools/usr/bin/python3",
        "app/stage141_demo_execution_outcome_ledger.py",
        "--root",
        "/Users/vahid/Desktop/xauusd-trader"
      ],
      "returncode": 0,
      "dry_run": false,
      "stdout_tail": "{\n  \"stage\": \"Stage141_DEMO_EXECUTION_OUTCOME_LEDGER\",\n  \"generated_utc\": \"2026-07-01T21:21:31Z\",\n  \"status\": \"STAGE141_COMPLETE_DEMO_EXECUTION_OUTCOME_LEDGER_READY\",\n  \"decision\": \"STAGE141_DEMO_OUTCOME_PROFIT_CONFIRMED_CONTINUE_LOOP\",\n  \"root\": \"/Users/vahid/Desktop/xauusd-trader\",\n  \"stage134_summary\": \"/Users/vahid/Desktop/xauusd-trader/reports/stage134_demo_executor_pilot/stage134_demo_executor_pilot_summary.json\",\n  \"stage138_summary\": \"/Users/vahid/Desktop/xauusd-trader/reports/stage138_broker_technical_demo_discovery/stage138_broker_technical_demo_discovery_summary.json\",\n  \"stage140_summary\": \"/Users/vahid/Desktop/xauusd-trader/reports/stage140_demo_closed_deal_outcome_monitor/stage140_demo_closed_deal_outcome_monitor_summary.json\",\n  \"outcome_status\": \"PROFIT\",\n  \"exit_reason_inferred\": \"TP\",\n  \"net_profit\": \"18.04\",\n  \"points_move\": \"18.04\",\n  \"bps_move\": \"45.12\",\n  \"rule_id\": \"D138C_trend_20_50_bps_LEQ35__range_pos_24_LEQ35\",\n  \"signal_key\": \"2026-07-01T11:00:00Z|D138C_trend_20_50_bps_LEQ35__range_pos_24_LEQ35\",\n  \"entry_price\": \"3997.84\",\n  \"exit_price\": \"4015.88\",\n  \"entry_deal_ticket\": \"226639067\",\n  \"exit_deal_ticket\": \"226648654\",\n  \"ledger_csv\": \"/Users/vahid/Desktop/xauusd-trader/data/demo_execution/stage141_demo_execution_outcome_ledger.csv\",\n  \"latest_csv\": \"/Users/vahid/Desktop/xauusd-trader/reports/stage141_demo_execution_outcome_ledger/stage141_latest_demo_execution_outcome.csv\",\n  \"ledger_row_appended\": false,\n  \"ledger_row_count\": 1,\n  \"next_action\": \"CONTINUE_DEMO_LOOP_ALLOW_NEXT_DISTINCT_SIGNAL\",\n  \"next\": [\n    \"Keep Stage138 refresh running and keep Stage134 duplicate guard enabled.\",\n    \"Allow the next demo order only on a distinct new signal key, not the already closed signal.\",\n    \"After several outcomes, evaluate rule expectancy from the Stage141 ledger before live-real consideration.\"\n  ]\n}\n",
      "stderr_tail": ""
    }
  ],
  "loop_health": "OK",
  "loop_decision": "STAGE142_LOOP_READY_FOR_NEXT_DISTINCT_SIGNAL_AFTER_PROFIT",
  "next_action": "KEEP_STAGE134_ARMED_WAIT_FOR_NEXT_DISTINCT_SIGNAL",
  "stage138_selected_rule_id": "D138C_trend_20_50_bps_LEQ35__range_pos_24_LEQ35",
  "stage138_bar_max_utc": "2026-07-01T11:00:00+00:00",
  "stage134_collector_decision": "STAGE134_DEMO_ORDER_ACCEPTED_COLLECT_PNL",
  "stage139_collector_decision": "STAGE139_NO_OPEN_POSITION_AFTER_ACCEPTED_ORDER_CHECK_HISTORY_OR_CLOSED",
  "stage140_collector_decision": "STAGE140_CLOSED_DEMO_DEAL_PROFIT",
  "stage141_decision": "STAGE141_DEMO_OUTCOME_PROFIT_CONFIRMED_CONTINUE_LOOP",
  "stage141_outcome_status": "PROFIT",
  "stage141_signal_key": "2026-07-01T11:00:00Z|D138C_trend_20_50_bps_LEQ35__range_pos_24_LEQ35",
  "stage141_net_profit": "18.04",
  "stage141_bps_move": "45.12",
  "stage141_ledger_row_count": 1,
  "latest_csv": "/Users/vahid/Desktop/xauusd-trader/reports/stage142_demo_loop_supervisor/stage142_latest_demo_loop_supervisor_snapshot.csv",
  "history_csv": "/Users/vahid/Desktop/xauusd-trader/data/demo_execution/stage142_demo_loop_supervisor_snapshots.csv",
  "risk_manifest_csv": "/Users/vahid/Desktop/xauusd-trader/reports/stage142_demo_loop_supervisor/stage142_risk_manifest.csv",
  "summary_json": "/Users/vahid/Desktop/xauusd-trader/reports/stage142_demo_loop_supervisor/stage142_demo_loop_supervisor_summary.json",
  "next": [
    "Keep Stage134 EA armed only on demo account.",
    "Run Stage142B fast loop every 10 minutes; run Stage138 refresh separately/manual or slower.",
    "Allow new orders only for distinct signal keys and ledger every closed outcome."
  ]
}
{
  "stage": "Stage142_DEMO_LOOP_SUPERVISOR",
  "generated_utc": "2026-07-01T21:31:31Z",
  "status": "STAGE142B_COMPLETE_FAST_DEMO_LOOP_SUPERVISOR_READY",
  "root": "/Users/vahid/Desktop/xauusd-trader",
  "dry_run": false,
  "with_stage138_refresh": false,
  "commands_run": 4,
  "command_failures": 0,
  "command_results": [
    {
      "name": "stage134_collector",
      "cmd": [
        "/Library/Developer/CommandLineTools/usr/bin/python3",
        "app/stage134_demo_executor_pilot_collector.py",
        "--root",
        "/Users/vahid/Desktop/xauusd-trader",
        "--write-mt5-status-kv"
      ],
      "returncode": 0,
      "dry_run": false,
      "stdout_tail": "ange_pos_24_LEQ35\",\n      \"rule_id\": \"D138C_trend_20_50_bps_LEQ35__range_pos_24_LEQ35\",\n      \"feature_date\": \"2026-07-01T11:00:00Z\",\n      \"lot\": \"0.01\",\n      \"price\": \"3997.84\",\n      \"sl\": \"3985.84\",\n      \"tp\": \"4015.84\",\n      \"ok\": \"true\",\n      \"retcode\": \"10009\",\n      \"retcode_description\": \"done at 3997.84\",\n      \"account_mode\": \"DEMO\",\n      \"demo_required\": \"true\",\n      \"demo_orders_enabled\": \"true\",\n      \"note\": \"stage134_demo_only_execution_pilot\"\n    }\n  ],\n  \"latest_snapshot_csv\": \"/Users/vahid/Desktop/xauusd-trader/reports/stage134_demo_executor_pilot/stage134_latest_demo_executor_snapshot.csv\",\n  \"history_csv\": \"/Users/vahid/Desktop/xauusd-trader/data/demo_execution/stage134_demo_executor_snapshots.csv\",\n  \"risk_manifest_csv\": \"/Users/vahid/Desktop/xauusd-trader/reports/stage134_demo_executor_pilot/stage134_demo_risk_manifest.csv\",\n  \"status_kv_repo\": \"/Users/vahid/Desktop/xauusd-trader/data/demo_execution/stage134_demo_executor_collector_status_kv.csv\",\n  \"status_kv_report\": \"/Users/vahid/Desktop/xauusd-trader/reports/stage134_demo_executor_pilot/stage134_demo_executor_collector_status_kv.csv\",\n  \"mt5_collector_status_kv\": \"/Users/vahid/Library/Application Support/net.metaquotes.wine.metatrader5/drive_c/Program Files/MetaTrader 5/MQL5/Files/xauusd_stage134_demo_executor_collector_status_kv.csv\",\n  \"summary_json\": \"/Users/vahid/Desktop/xauusd-trader/reports/stage134_demo_executor_pilot/stage134_demo_executor_pilot_summary.json\",\n  \"report_md\": \"/Users/vahid/Desktop/xauusd-trader/reports/stage134_demo_executor_pilot/stage134_demo_executor_pilot_report.md\",\n  \"next\": [\n    \"If collector_decision is STAGE134_DEMO_ORDER_ACCEPTED_COLLECT_PNL, inspect MT5 demo position and subsequent PnL.\",\n    \"If status_fresh remains false but trade_log shows accepted orders, use trade_log fields as execution source of truth.\",\n    \"Do not send a duplicate order for the same signal unless the existing demo position is closed or state is intentionally reset.\"\n  ]\n}\n",
      "stderr_tail": ""
    },
    {
      "name": "stage139_position_collector",
      "cmd": [
        "/Library/Developer/CommandLineTools/usr/bin/python3",
        "app/stage139_demo_position_outcome_collector.py",
        "--root",
        "/Users/vahid/Desktop/xauusd-trader",
        "--write-mt5-status-kv"
      ],
      "returncode": 0,
      "dry_run": false,
      "stdout_tail": "0.00\",\n  \"position_current_price\": \"0.00\",\n  \"position_sl\": \"0.00\",\n  \"position_tp\": \"0.00\",\n  \"position_profit\": \"0.00\",\n  \"position_swap\": \"0.00\",\n  \"position_commission\": \"0.00\",\n  \"position_magic\": \"0\",\n  \"position_comment\": \"\",\n  \"stage134_trade_attempts\": 1,\n  \"stage134_trade_accepted\": 1,\n  \"latest_stage134_rule_id\": \"D138C_trend_20_50_bps_LEQ35__range_pos_24_LEQ35\",\n  \"latest_stage134_signal_key\": \"2026-07-01T11:00:00Z|D138C_trend_20_50_bps_LEQ35__range_pos_24_LEQ35\",\n  \"latest_stage134_entry_price\": \"3997.84\",\n  \"latest_stage134_lot\": \"0.01\",\n  \"latest_stage134_retcode\": \"10009\",\n  \"latest_snapshot_csv\": \"/Users/vahid/Desktop/xauusd-trader/reports/stage139_demo_position_outcome_monitor/stage139_latest_position_outcome_snapshot.csv\",\n  \"history_csv\": \"/Users/vahid/Desktop/xauusd-trader/data/demo_execution/stage139_demo_position_outcome_snapshots.csv\",\n  \"risk_manifest_csv\": \"/Users/vahid/Desktop/xauusd-trader/reports/stage139_demo_position_outcome_monitor/stage139_risk_manifest.csv\",\n  \"status_kv_repo\": \"/Users/vahid/Desktop/xauusd-trader/data/demo_execution/stage139_position_outcome_collector_status_kv.csv\",\n  \"status_kv_report\": \"/Users/vahid/Desktop/xauusd-trader/reports/stage139_demo_position_outcome_monitor/stage139_position_outcome_collector_status_kv.csv\",\n  \"mt5_collector_status_kv\": \"/Users/vahid/Library/Application Support/net.metaquotes.wine.metatrader5/drive_c/Program Files/MetaTrader 5/MQL5/Files/xauusd_stage139_position_outcome_collector_status_kv.csv\",\n  \"summary_json\": \"/Users/vahid/Desktop/xauusd-trader/reports/stage139_demo_position_outcome_monitor/stage139_demo_position_outcome_monitor_summary.json\",\n  \"next\": [\n    \"If monitor is not confirmed, compile and attach Stage139_DemoPositionOutcomeMonitor indicator to the XAUUSD chart.\",\n    \"If an open demo position exists, keep monitoring floating PnL until SL/TP/time-exit/closure.\",\n    \"Do not duplicate the Stage134 order for the same signal while this position/outcome is unresolved.\"\n  ]\n}\n",
      "stderr_tail": ""
    },
    {
      "name": "stage140_closed_deal_collector",
      "cmd": [
        "/Library/Developer/CommandLineTools/usr/bin/python3",
        "app/stage140_demo_closed_deal_outcome_collector.py",
        "--root",
        "/Users/vahid/Desktop/xauusd-trader",
        "--write-mt5-status-kv"
      ],
      "returncode": 0,
      "dry_run": false,
      "stdout_tail": "40001\",\n      \"reason_code\": \"3\",\n      \"comment\": \"Stage134Demo|D138C_trend_20_50_\"\n    },\n    {\n      \"generated_utc\": \"2026-07-01T21:31:25Z\",\n      \"ticket\": \"226648654\",\n      \"time\": \"2026-07-01T14:11:10Z\",\n      \"symbol\": \"XAUUSD\",\n      \"position_id\": \"249663149\",\n      \"entry_code\": \"1\",\n      \"type_code\": \"1\",\n      \"volume\": \"0.01\",\n      \"price\": \"4015.88\",\n      \"profit\": \"18.04\",\n      \"swap\": \"0.00\",\n      \"commission\": \"0.00\",\n      \"magic\": \"1340001\",\n      \"reason_code\": \"5\",\n      \"comment\": \"[tp 4015.84]\"\n    }\n  ],\n  \"latest_snapshot_csv\": \"/Users/vahid/Desktop/xauusd-trader/reports/stage140_demo_closed_deal_outcome_monitor/stage140_latest_closed_deal_outcome_snapshot.csv\",\n  \"history_csv\": \"/Users/vahid/Desktop/xauusd-trader/data/demo_execution/stage140_demo_closed_deal_outcome_snapshots.csv\",\n  \"risk_manifest_csv\": \"/Users/vahid/Desktop/xauusd-trader/reports/stage140_demo_closed_deal_outcome_monitor/stage140_risk_manifest.csv\",\n  \"status_kv_repo\": \"/Users/vahid/Desktop/xauusd-trader/data/demo_execution/stage140_closed_deal_outcome_collector_status_kv.csv\",\n  \"status_kv_report\": \"/Users/vahid/Desktop/xauusd-trader/reports/stage140_demo_closed_deal_outcome_monitor/stage140_closed_deal_outcome_collector_status_kv.csv\",\n  \"mt5_collector_status_kv\": \"/Users/vahid/Library/Application Support/net.metaquotes.wine.metatrader5/drive_c/Program Files/MetaTrader 5/MQL5/Files/xauusd_stage140_closed_deal_outcome_collector_status_kv.csv\",\n  \"summary_json\": \"/Users/vahid/Desktop/xauusd-trader/reports/stage140_demo_closed_deal_outcome_monitor/stage140_demo_closed_deal_outcome_monitor_summary.json\",\n  \"next\": [\n    \"If collector_decision is a closed profit/loss/flat outcome, archive the first demo-order outcome and continue demo loop with duplicate control.\",\n    \"If entry is found but no exit deal, keep Stage139 position monitor active and wait for closure.\",\n    \"If no symbol deal is found, widen the MT5 history window or verify the account/history tab.\"\n  ]\n}\n",
      "stderr_tail": ""
    },
    {
      "name": "stage141_ledger",
      "cmd": [
        "/Library/Developer/CommandLineTools/usr/bin/python3",
        "app/stage141_demo_execution_outcome_ledger.py",
        "--root",
        "/Users/vahid/Desktop/xauusd-trader"
      ],
      "returncode": 0,
      "dry_run": false,
      "stdout_tail": "{\n  \"stage\": \"Stage141_DEMO_EXECUTION_OUTCOME_LEDGER\",\n  \"generated_utc\": \"2026-07-01T21:31:34Z\",\n  \"status\": \"STAGE141_COMPLETE_DEMO_EXECUTION_OUTCOME_LEDGER_READY\",\n  \"decision\": \"STAGE141_DEMO_OUTCOME_PROFIT_CONFIRMED_CONTINUE_LOOP\",\n  \"root\": \"/Users/vahid/Desktop/xauusd-trader\",\n  \"stage134_summary\": \"/Users/vahid/Desktop/xauusd-trader/reports/stage134_demo_executor_pilot/stage134_demo_executor_pilot_summary.json\",\n  \"stage138_summary\": \"/Users/vahid/Desktop/xauusd-trader/reports/stage138_broker_technical_demo_discovery/stage138_broker_technical_demo_discovery_summary.json\",\n  \"stage140_summary\": \"/Users/vahid/Desktop/xauusd-trader/reports/stage140_demo_closed_deal_outcome_monitor/stage140_demo_closed_deal_outcome_monitor_summary.json\",\n  \"outcome_status\": \"PROFIT\",\n  \"exit_reason_inferred\": \"TP\",\n  \"net_profit\": \"18.04\",\n  \"points_move\": \"18.04\",\n  \"bps_move\": \"45.12\",\n  \"rule_id\": \"D138C_trend_20_50_bps_LEQ35__range_pos_24_LEQ35\",\n  \"signal_key\": \"2026-07-01T11:00:00Z|D138C_trend_20_50_bps_LEQ35__range_pos_24_LEQ35\",\n  \"entry_price\": \"3997.84\",\n  \"exit_price\": \"4015.88\",\n  \"entry_deal_ticket\": \"226639067\",\n  \"exit_deal_ticket\": \"226648654\",\n  \"ledger_csv\": \"/Users/vahid/Desktop/xauusd-trader/data/demo_execution/stage141_demo_execution_outcome_ledger.csv\",\n  \"latest_csv\": \"/Users/vahid/Desktop/xauusd-trader/reports/stage141_demo_execution_outcome_ledger/stage141_latest_demo_execution_outcome.csv\",\n  \"ledger_row_appended\": false,\n  \"ledger_row_count\": 1,\n  \"next_action\": \"CONTINUE_DEMO_LOOP_ALLOW_NEXT_DISTINCT_SIGNAL\",\n  \"next\": [\n    \"Keep Stage138 refresh running and keep Stage134 duplicate guard enabled.\",\n    \"Allow the next demo order only on a distinct new signal key, not the already closed signal.\",\n    \"After several outcomes, evaluate rule expectancy from the Stage141 ledger before live-real consideration.\"\n  ]\n}\n",
      "stderr_tail": ""
    }
  ],
  "loop_health": "OK",
  "loop_decision": "STAGE142_LOOP_READY_FOR_NEXT_DISTINCT_SIGNAL_AFTER_PROFIT",
  "next_action": "KEEP_STAGE134_ARMED_WAIT_FOR_NEXT_DISTINCT_SIGNAL",
  "stage138_selected_rule_id": "D138C_trend_20_50_bps_LEQ35__range_pos_24_LEQ35",
  "stage138_bar_max_utc": "2026-07-01T11:00:00+00:00",
  "stage134_collector_decision": "STAGE134_DEMO_ORDER_ACCEPTED_COLLECT_PNL",
  "stage139_collector_decision": "STAGE139_NO_OPEN_POSITION_AFTER_ACCEPTED_ORDER_CHECK_HISTORY_OR_CLOSED",
  "stage140_collector_decision": "STAGE140_CLOSED_DEMO_DEAL_PROFIT",
  "stage141_decision": "STAGE141_DEMO_OUTCOME_PROFIT_CONFIRMED_CONTINUE_LOOP",
  "stage141_outcome_status": "PROFIT",
  "stage141_signal_key": "2026-07-01T11:00:00Z|D138C_trend_20_50_bps_LEQ35__range_pos_24_LEQ35",
  "stage141_net_profit": "18.04",
  "stage141_bps_move": "45.12",
  "stage141_ledger_row_count": 1,
  "latest_csv": "/Users/vahid/Desktop/xauusd-trader/reports/stage142_demo_loop_supervisor/stage142_latest_demo_loop_supervisor_snapshot.csv",
  "history_csv": "/Users/vahid/Desktop/xauusd-trader/data/demo_execution/stage142_demo_loop_supervisor_snapshots.csv",
  "risk_manifest_csv": "/Users/vahid/Desktop/xauusd-trader/reports/stage142_demo_loop_supervisor/stage142_risk_manifest.csv",
  "summary_json": "/Users/vahid/Desktop/xauusd-trader/reports/stage142_demo_loop_supervisor/stage142_demo_loop_supervisor_summary.json",
  "next": [
    "Keep Stage134 EA armed only on demo account.",
    "Run Stage142B fast loop every 10 minutes; run Stage138 refresh separately/manual or slower.",
    "Allow new orders only for distinct signal keys and ledger every closed outcome."
  ]
}
{
  "stage": "Stage142_DEMO_LOOP_SUPERVISOR",
  "generated_utc": "2026-07-01T21:41:35Z",
  "status": "STAGE142B_COMPLETE_FAST_DEMO_LOOP_SUPERVISOR_READY",
  "root": "/Users/vahid/Desktop/xauusd-trader",
  "dry_run": false,
  "with_stage138_refresh": false,
  "commands_run": 4,
  "command_failures": 0,
  "command_results": [
    {
      "name": "stage134_collector",
      "cmd": [
        "/Library/Developer/CommandLineTools/usr/bin/python3",
        "app/stage134_demo_executor_pilot_collector.py",
        "--root",
        "/Users/vahid/Desktop/xauusd-trader",
        "--write-mt5-status-kv"
      ],
      "returncode": 0,
      "dry_run": false,
      "stdout_tail": "ange_pos_24_LEQ35\",\n      \"rule_id\": \"D138C_trend_20_50_bps_LEQ35__range_pos_24_LEQ35\",\n      \"feature_date\": \"2026-07-01T11:00:00Z\",\n      \"lot\": \"0.01\",\n      \"price\": \"3997.84\",\n      \"sl\": \"3985.84\",\n      \"tp\": \"4015.84\",\n      \"ok\": \"true\",\n      \"retcode\": \"10009\",\n      \"retcode_description\": \"done at 3997.84\",\n      \"account_mode\": \"DEMO\",\n      \"demo_required\": \"true\",\n      \"demo_orders_enabled\": \"true\",\n      \"note\": \"stage134_demo_only_execution_pilot\"\n    }\n  ],\n  \"latest_snapshot_csv\": \"/Users/vahid/Desktop/xauusd-trader/reports/stage134_demo_executor_pilot/stage134_latest_demo_executor_snapshot.csv\",\n  \"history_csv\": \"/Users/vahid/Desktop/xauusd-trader/data/demo_execution/stage134_demo_executor_snapshots.csv\",\n  \"risk_manifest_csv\": \"/Users/vahid/Desktop/xauusd-trader/reports/stage134_demo_executor_pilot/stage134_demo_risk_manifest.csv\",\n  \"status_kv_repo\": \"/Users/vahid/Desktop/xauusd-trader/data/demo_execution/stage134_demo_executor_collector_status_kv.csv\",\n  \"status_kv_report\": \"/Users/vahid/Desktop/xauusd-trader/reports/stage134_demo_executor_pilot/stage134_demo_executor_collector_status_kv.csv\",\n  \"mt5_collector_status_kv\": \"/Users/vahid/Library/Application Support/net.metaquotes.wine.metatrader5/drive_c/Program Files/MetaTrader 5/MQL5/Files/xauusd_stage134_demo_executor_collector_status_kv.csv\",\n  \"summary_json\": \"/Users/vahid/Desktop/xauusd-trader/reports/stage134_demo_executor_pilot/stage134_demo_executor_pilot_summary.json\",\n  \"report_md\": \"/Users/vahid/Desktop/xauusd-trader/reports/stage134_demo_executor_pilot/stage134_demo_executor_pilot_report.md\",\n  \"next\": [\n    \"If collector_decision is STAGE134_DEMO_ORDER_ACCEPTED_COLLECT_PNL, inspect MT5 demo position and subsequent PnL.\",\n    \"If status_fresh remains false but trade_log shows accepted orders, use trade_log fields as execution source of truth.\",\n    \"Do not send a duplicate order for the same signal unless the existing demo position is closed or state is intentionally reset.\"\n  ]\n}\n",
      "stderr_tail": ""
    },
    {
      "name": "stage139_position_collector",
      "cmd": [
        "/Library/Developer/CommandLineTools/usr/bin/python3",
        "app/stage139_demo_position_outcome_collector.py",
        "--root",
        "/Users/vahid/Desktop/xauusd-trader",
        "--write-mt5-status-kv"
      ],
      "returncode": 0,
      "dry_run": false,
      "stdout_tail": "0.00\",\n  \"position_current_price\": \"0.00\",\n  \"position_sl\": \"0.00\",\n  \"position_tp\": \"0.00\",\n  \"position_profit\": \"0.00\",\n  \"position_swap\": \"0.00\",\n  \"position_commission\": \"0.00\",\n  \"position_magic\": \"0\",\n  \"position_comment\": \"\",\n  \"stage134_trade_attempts\": 1,\n  \"stage134_trade_accepted\": 1,\n  \"latest_stage134_rule_id\": \"D138C_trend_20_50_bps_LEQ35__range_pos_24_LEQ35\",\n  \"latest_stage134_signal_key\": \"2026-07-01T11:00:00Z|D138C_trend_20_50_bps_LEQ35__range_pos_24_LEQ35\",\n  \"latest_stage134_entry_price\": \"3997.84\",\n  \"latest_stage134_lot\": \"0.01\",\n  \"latest_stage134_retcode\": \"10009\",\n  \"latest_snapshot_csv\": \"/Users/vahid/Desktop/xauusd-trader/reports/stage139_demo_position_outcome_monitor/stage139_latest_position_outcome_snapshot.csv\",\n  \"history_csv\": \"/Users/vahid/Desktop/xauusd-trader/data/demo_execution/stage139_demo_position_outcome_snapshots.csv\",\n  \"risk_manifest_csv\": \"/Users/vahid/Desktop/xauusd-trader/reports/stage139_demo_position_outcome_monitor/stage139_risk_manifest.csv\",\n  \"status_kv_repo\": \"/Users/vahid/Desktop/xauusd-trader/data/demo_execution/stage139_position_outcome_collector_status_kv.csv\",\n  \"status_kv_report\": \"/Users/vahid/Desktop/xauusd-trader/reports/stage139_demo_position_outcome_monitor/stage139_position_outcome_collector_status_kv.csv\",\n  \"mt5_collector_status_kv\": \"/Users/vahid/Library/Application Support/net.metaquotes.wine.metatrader5/drive_c/Program Files/MetaTrader 5/MQL5/Files/xauusd_stage139_position_outcome_collector_status_kv.csv\",\n  \"summary_json\": \"/Users/vahid/Desktop/xauusd-trader/reports/stage139_demo_position_outcome_monitor/stage139_demo_position_outcome_monitor_summary.json\",\n  \"next\": [\n    \"If monitor is not confirmed, compile and attach Stage139_DemoPositionOutcomeMonitor indicator to the XAUUSD chart.\",\n    \"If an open demo position exists, keep monitoring floating PnL until SL/TP/time-exit/closure.\",\n    \"Do not duplicate the Stage134 order for the same signal while this position/outcome is unresolved.\"\n  ]\n}\n",
      "stderr_tail": ""
    },
    {
      "name": "stage140_closed_deal_collector",
      "cmd": [
        "/Library/Developer/CommandLineTools/usr/bin/python3",
        "app/stage140_demo_closed_deal_outcome_collector.py",
        "--root",
        "/Users/vahid/Desktop/xauusd-trader",
        "--write-mt5-status-kv"
      ],
      "returncode": 0,
      "dry_run": false,
      "stdout_tail": "40001\",\n      \"reason_code\": \"3\",\n      \"comment\": \"Stage134Demo|D138C_trend_20_50_\"\n    },\n    {\n      \"generated_utc\": \"2026-07-01T21:41:25Z\",\n      \"ticket\": \"226648654\",\n      \"time\": \"2026-07-01T14:11:10Z\",\n      \"symbol\": \"XAUUSD\",\n      \"position_id\": \"249663149\",\n      \"entry_code\": \"1\",\n      \"type_code\": \"1\",\n      \"volume\": \"0.01\",\n      \"price\": \"4015.88\",\n      \"profit\": \"18.04\",\n      \"swap\": \"0.00\",\n      \"commission\": \"0.00\",\n      \"magic\": \"1340001\",\n      \"reason_code\": \"5\",\n      \"comment\": \"[tp 4015.84]\"\n    }\n  ],\n  \"latest_snapshot_csv\": \"/Users/vahid/Desktop/xauusd-trader/reports/stage140_demo_closed_deal_outcome_monitor/stage140_latest_closed_deal_outcome_snapshot.csv\",\n  \"history_csv\": \"/Users/vahid/Desktop/xauusd-trader/data/demo_execution/stage140_demo_closed_deal_outcome_snapshots.csv\",\n  \"risk_manifest_csv\": \"/Users/vahid/Desktop/xauusd-trader/reports/stage140_demo_closed_deal_outcome_monitor/stage140_risk_manifest.csv\",\n  \"status_kv_repo\": \"/Users/vahid/Desktop/xauusd-trader/data/demo_execution/stage140_closed_deal_outcome_collector_status_kv.csv\",\n  \"status_kv_report\": \"/Users/vahid/Desktop/xauusd-trader/reports/stage140_demo_closed_deal_outcome_monitor/stage140_closed_deal_outcome_collector_status_kv.csv\",\n  \"mt5_collector_status_kv\": \"/Users/vahid/Library/Application Support/net.metaquotes.wine.metatrader5/drive_c/Program Files/MetaTrader 5/MQL5/Files/xauusd_stage140_closed_deal_outcome_collector_status_kv.csv\",\n  \"summary_json\": \"/Users/vahid/Desktop/xauusd-trader/reports/stage140_demo_closed_deal_outcome_monitor/stage140_demo_closed_deal_outcome_monitor_summary.json\",\n  \"next\": [\n    \"If collector_decision is a closed profit/loss/flat outcome, archive the first demo-order outcome and continue demo loop with duplicate control.\",\n    \"If entry is found but no exit deal, keep Stage139 position monitor active and wait for closure.\",\n    \"If no symbol deal is found, widen the MT5 history window or verify the account/history tab.\"\n  ]\n}\n",
      "stderr_tail": ""
    },
    {
      "name": "stage141_ledger",
      "cmd": [
        "/Library/Developer/CommandLineTools/usr/bin/python3",
        "app/stage141_demo_execution_outcome_ledger.py",
        "--root",
        "/Users/vahid/Desktop/xauusd-trader"
      ],
      "returncode": 0,
      "dry_run": false,
      "stdout_tail": "{\n  \"stage\": \"Stage141_DEMO_EXECUTION_OUTCOME_LEDGER\",\n  \"generated_utc\": \"2026-07-01T21:41:37Z\",\n  \"status\": \"STAGE141_COMPLETE_DEMO_EXECUTION_OUTCOME_LEDGER_READY\",\n  \"decision\": \"STAGE141_DEMO_OUTCOME_PROFIT_CONFIRMED_CONTINUE_LOOP\",\n  \"root\": \"/Users/vahid/Desktop/xauusd-trader\",\n  \"stage134_summary\": \"/Users/vahid/Desktop/xauusd-trader/reports/stage134_demo_executor_pilot/stage134_demo_executor_pilot_summary.json\",\n  \"stage138_summary\": \"/Users/vahid/Desktop/xauusd-trader/reports/stage138_broker_technical_demo_discovery/stage138_broker_technical_demo_discovery_summary.json\",\n  \"stage140_summary\": \"/Users/vahid/Desktop/xauusd-trader/reports/stage140_demo_closed_deal_outcome_monitor/stage140_demo_closed_deal_outcome_monitor_summary.json\",\n  \"outcome_status\": \"PROFIT\",\n  \"exit_reason_inferred\": \"TP\",\n  \"net_profit\": \"18.04\",\n  \"points_move\": \"18.04\",\n  \"bps_move\": \"45.12\",\n  \"rule_id\": \"D138C_trend_20_50_bps_LEQ35__range_pos_24_LEQ35\",\n  \"signal_key\": \"2026-07-01T11:00:00Z|D138C_trend_20_50_bps_LEQ35__range_pos_24_LEQ35\",\n  \"entry_price\": \"3997.84\",\n  \"exit_price\": \"4015.88\",\n  \"entry_deal_ticket\": \"226639067\",\n  \"exit_deal_ticket\": \"226648654\",\n  \"ledger_csv\": \"/Users/vahid/Desktop/xauusd-trader/data/demo_execution/stage141_demo_execution_outcome_ledger.csv\",\n  \"latest_csv\": \"/Users/vahid/Desktop/xauusd-trader/reports/stage141_demo_execution_outcome_ledger/stage141_latest_demo_execution_outcome.csv\",\n  \"ledger_row_appended\": false,\n  \"ledger_row_count\": 1,\n  \"next_action\": \"CONTINUE_DEMO_LOOP_ALLOW_NEXT_DISTINCT_SIGNAL\",\n  \"next\": [\n    \"Keep Stage138 refresh running and keep Stage134 duplicate guard enabled.\",\n    \"Allow the next demo order only on a distinct new signal key, not the already closed signal.\",\n    \"After several outcomes, evaluate rule expectancy from the Stage141 ledger before live-real consideration.\"\n  ]\n}\n",
      "stderr_tail": ""
    }
  ],
  "loop_health": "OK",
  "loop_decision": "STAGE142_LOOP_READY_FOR_NEXT_DISTINCT_SIGNAL_AFTER_PROFIT",
  "next_action": "KEEP_STAGE134_ARMED_WAIT_FOR_NEXT_DISTINCT_SIGNAL",
  "stage138_selected_rule_id": "D138C_trend_20_50_bps_LEQ35__range_pos_24_LEQ35",
  "stage138_bar_max_utc": "2026-07-01T11:00:00+00:00",
  "stage134_collector_decision": "STAGE134_DEMO_ORDER_ACCEPTED_COLLECT_PNL",
  "stage139_collector_decision": "STAGE139_NO_OPEN_POSITION_AFTER_ACCEPTED_ORDER_CHECK_HISTORY_OR_CLOSED",
  "stage140_collector_decision": "STAGE140_CLOSED_DEMO_DEAL_PROFIT",
  "stage141_decision": "STAGE141_DEMO_OUTCOME_PROFIT_CONFIRMED_CONTINUE_LOOP",
  "stage141_outcome_status": "PROFIT",
  "stage141_signal_key": "2026-07-01T11:00:00Z|D138C_trend_20_50_bps_LEQ35__range_pos_24_LEQ35",
  "stage141_net_profit": "18.04",
  "stage141_bps_move": "45.12",
  "stage141_ledger_row_count": 1,
  "latest_csv": "/Users/vahid/Desktop/xauusd-trader/reports/stage142_demo_loop_supervisor/stage142_latest_demo_loop_supervisor_snapshot.csv",
  "history_csv": "/Users/vahid/Desktop/xauusd-trader/data/demo_execution/stage142_demo_loop_supervisor_snapshots.csv",
  "risk_manifest_csv": "/Users/vahid/Desktop/xauusd-trader/reports/stage142_demo_loop_supervisor/stage142_risk_manifest.csv",
  "summary_json": "/Users/vahid/Desktop/xauusd-trader/reports/stage142_demo_loop_supervisor/stage142_demo_loop_supervisor_summary.json",
  "next": [
    "Keep Stage134 EA armed only on demo account.",
    "Run Stage142B fast loop every 10 minutes; run Stage138 refresh separately/manual or slower.",
    "Allow new orders only for distinct signal keys and ledger every closed outcome."
  ]
}
{
  "stage": "Stage142_DEMO_LOOP_SUPERVISOR",
  "generated_utc": "2026-07-01T21:51:40Z",
  "status": "STAGE142B_COMPLETE_FAST_DEMO_LOOP_SUPERVISOR_READY",
  "root": "/Users/vahid/Desktop/xauusd-trader",
  "dry_run": false,
  "with_stage138_refresh": false,
  "commands_run": 4,
  "command_failures": 0,
  "command_results": [
    {
      "name": "stage134_collector",
      "cmd": [
        "/Library/Developer/CommandLineTools/usr/bin/python3",
        "app/stage134_demo_executor_pilot_collector.py",
        "--root",
        "/Users/vahid/Desktop/xauusd-trader",
        "--write-mt5-status-kv"
      ],
      "returncode": 0,
      "dry_run": false,
      "stdout_tail": "ange_pos_24_LEQ35\",\n      \"rule_id\": \"D138C_trend_20_50_bps_LEQ35__range_pos_24_LEQ35\",\n      \"feature_date\": \"2026-07-01T11:00:00Z\",\n      \"lot\": \"0.01\",\n      \"price\": \"3997.84\",\n      \"sl\": \"3985.84\",\n      \"tp\": \"4015.84\",\n      \"ok\": \"true\",\n      \"retcode\": \"10009\",\n      \"retcode_description\": \"done at 3997.84\",\n      \"account_mode\": \"DEMO\",\n      \"demo_required\": \"true\",\n      \"demo_orders_enabled\": \"true\",\n      \"note\": \"stage134_demo_only_execution_pilot\"\n    }\n  ],\n  \"latest_snapshot_csv\": \"/Users/vahid/Desktop/xauusd-trader/reports/stage134_demo_executor_pilot/stage134_latest_demo_executor_snapshot.csv\",\n  \"history_csv\": \"/Users/vahid/Desktop/xauusd-trader/data/demo_execution/stage134_demo_executor_snapshots.csv\",\n  \"risk_manifest_csv\": \"/Users/vahid/Desktop/xauusd-trader/reports/stage134_demo_executor_pilot/stage134_demo_risk_manifest.csv\",\n  \"status_kv_repo\": \"/Users/vahid/Desktop/xauusd-trader/data/demo_execution/stage134_demo_executor_collector_status_kv.csv\",\n  \"status_kv_report\": \"/Users/vahid/Desktop/xauusd-trader/reports/stage134_demo_executor_pilot/stage134_demo_executor_collector_status_kv.csv\",\n  \"mt5_collector_status_kv\": \"/Users/vahid/Library/Application Support/net.metaquotes.wine.metatrader5/drive_c/Program Files/MetaTrader 5/MQL5/Files/xauusd_stage134_demo_executor_collector_status_kv.csv\",\n  \"summary_json\": \"/Users/vahid/Desktop/xauusd-trader/reports/stage134_demo_executor_pilot/stage134_demo_executor_pilot_summary.json\",\n  \"report_md\": \"/Users/vahid/Desktop/xauusd-trader/reports/stage134_demo_executor_pilot/stage134_demo_executor_pilot_report.md\",\n  \"next\": [\n    \"If collector_decision is STAGE134_DEMO_ORDER_ACCEPTED_COLLECT_PNL, inspect MT5 demo position and subsequent PnL.\",\n    \"If status_fresh remains false but trade_log shows accepted orders, use trade_log fields as execution source of truth.\",\n    \"Do not send a duplicate order for the same signal unless the existing demo position is closed or state is intentionally reset.\"\n  ]\n}\n",
      "stderr_tail": ""
    },
    {
      "name": "stage139_position_collector",
      "cmd": [
        "/Library/Developer/CommandLineTools/usr/bin/python3",
        "app/stage139_demo_position_outcome_collector.py",
        "--root",
        "/Users/vahid/Desktop/xauusd-trader",
        "--write-mt5-status-kv"
      ],
      "returncode": 0,
      "dry_run": false,
      "stdout_tail": "0.00\",\n  \"position_current_price\": \"0.00\",\n  \"position_sl\": \"0.00\",\n  \"position_tp\": \"0.00\",\n  \"position_profit\": \"0.00\",\n  \"position_swap\": \"0.00\",\n  \"position_commission\": \"0.00\",\n  \"position_magic\": \"0\",\n  \"position_comment\": \"\",\n  \"stage134_trade_attempts\": 1,\n  \"stage134_trade_accepted\": 1,\n  \"latest_stage134_rule_id\": \"D138C_trend_20_50_bps_LEQ35__range_pos_24_LEQ35\",\n  \"latest_stage134_signal_key\": \"2026-07-01T11:00:00Z|D138C_trend_20_50_bps_LEQ35__range_pos_24_LEQ35\",\n  \"latest_stage134_entry_price\": \"3997.84\",\n  \"latest_stage134_lot\": \"0.01\",\n  \"latest_stage134_retcode\": \"10009\",\n  \"latest_snapshot_csv\": \"/Users/vahid/Desktop/xauusd-trader/reports/stage139_demo_position_outcome_monitor/stage139_latest_position_outcome_snapshot.csv\",\n  \"history_csv\": \"/Users/vahid/Desktop/xauusd-trader/data/demo_execution/stage139_demo_position_outcome_snapshots.csv\",\n  \"risk_manifest_csv\": \"/Users/vahid/Desktop/xauusd-trader/reports/stage139_demo_position_outcome_monitor/stage139_risk_manifest.csv\",\n  \"status_kv_repo\": \"/Users/vahid/Desktop/xauusd-trader/data/demo_execution/stage139_position_outcome_collector_status_kv.csv\",\n  \"status_kv_report\": \"/Users/vahid/Desktop/xauusd-trader/reports/stage139_demo_position_outcome_monitor/stage139_position_outcome_collector_status_kv.csv\",\n  \"mt5_collector_status_kv\": \"/Users/vahid/Library/Application Support/net.metaquotes.wine.metatrader5/drive_c/Program Files/MetaTrader 5/MQL5/Files/xauusd_stage139_position_outcome_collector_status_kv.csv\",\n  \"summary_json\": \"/Users/vahid/Desktop/xauusd-trader/reports/stage139_demo_position_outcome_monitor/stage139_demo_position_outcome_monitor_summary.json\",\n  \"next\": [\n    \"If monitor is not confirmed, compile and attach Stage139_DemoPositionOutcomeMonitor indicator to the XAUUSD chart.\",\n    \"If an open demo position exists, keep monitoring floating PnL until SL/TP/time-exit/closure.\",\n    \"Do not duplicate the Stage134 order for the same signal while this position/outcome is unresolved.\"\n  ]\n}\n",
      "stderr_tail": ""
    },
    {
      "name": "stage140_closed_deal_collector",
      "cmd": [
        "/Library/Developer/CommandLineTools/usr/bin/python3",
        "app/stage140_demo_closed_deal_outcome_collector.py",
        "--root",
        "/Users/vahid/Desktop/xauusd-trader",
        "--write-mt5-status-kv"
      ],
      "returncode": 0,
      "dry_run": false,
      "stdout_tail": "40001\",\n      \"reason_code\": \"3\",\n      \"comment\": \"Stage134Demo|D138C_trend_20_50_\"\n    },\n    {\n      \"generated_utc\": \"2026-07-01T21:51:25Z\",\n      \"ticket\": \"226648654\",\n      \"time\": \"2026-07-01T14:11:10Z\",\n      \"symbol\": \"XAUUSD\",\n      \"position_id\": \"249663149\",\n      \"entry_code\": \"1\",\n      \"type_code\": \"1\",\n      \"volume\": \"0.01\",\n      \"price\": \"4015.88\",\n      \"profit\": \"18.04\",\n      \"swap\": \"0.00\",\n      \"commission\": \"0.00\",\n      \"magic\": \"1340001\",\n      \"reason_code\": \"5\",\n      \"comment\": \"[tp 4015.84]\"\n    }\n  ],\n  \"latest_snapshot_csv\": \"/Users/vahid/Desktop/xauusd-trader/reports/stage140_demo_closed_deal_outcome_monitor/stage140_latest_closed_deal_outcome_snapshot.csv\",\n  \"history_csv\": \"/Users/vahid/Desktop/xauusd-trader/data/demo_execution/stage140_demo_closed_deal_outcome_snapshots.csv\",\n  \"risk_manifest_csv\": \"/Users/vahid/Desktop/xauusd-trader/reports/stage140_demo_closed_deal_outcome_monitor/stage140_risk_manifest.csv\",\n  \"status_kv_repo\": \"/Users/vahid/Desktop/xauusd-trader/data/demo_execution/stage140_closed_deal_outcome_collector_status_kv.csv\",\n  \"status_kv_report\": \"/Users/vahid/Desktop/xauusd-trader/reports/stage140_demo_closed_deal_outcome_monitor/stage140_closed_deal_outcome_collector_status_kv.csv\",\n  \"mt5_collector_status_kv\": \"/Users/vahid/Library/Application Support/net.metaquotes.wine.metatrader5/drive_c/Program Files/MetaTrader 5/MQL5/Files/xauusd_stage140_closed_deal_outcome_collector_status_kv.csv\",\n  \"summary_json\": \"/Users/vahid/Desktop/xauusd-trader/reports/stage140_demo_closed_deal_outcome_monitor/stage140_demo_closed_deal_outcome_monitor_summary.json\",\n  \"next\": [\n    \"If collector_decision is a closed profit/loss/flat outcome, archive the first demo-order outcome and continue demo loop with duplicate control.\",\n    \"If entry is found but no exit deal, keep Stage139 position monitor active and wait for closure.\",\n    \"If no symbol deal is found, widen the MT5 history window or verify the account/history tab.\"\n  ]\n}\n",
      "stderr_tail": ""
    },
    {
      "name": "stage141_ledger",
      "cmd": [
        "/Library/Developer/CommandLineTools/usr/bin/python3",
        "app/stage141_demo_execution_outcome_ledger.py",
        "--root",
        "/Users/vahid/Desktop/xauusd-trader"
      ],
      "returncode": 0,
      "dry_run": false,
      "stdout_tail": "{\n  \"stage\": \"Stage141_DEMO_EXECUTION_OUTCOME_LEDGER\",\n  \"generated_utc\": \"2026-07-01T21:51:46Z\",\n  \"status\": \"STAGE141_COMPLETE_DEMO_EXECUTION_OUTCOME_LEDGER_READY\",\n  \"decision\": \"STAGE141_DEMO_OUTCOME_PROFIT_CONFIRMED_CONTINUE_LOOP\",\n  \"root\": \"/Users/vahid/Desktop/xauusd-trader\",\n  \"stage134_summary\": \"/Users/vahid/Desktop/xauusd-trader/reports/stage134_demo_executor_pilot/stage134_demo_executor_pilot_summary.json\",\n  \"stage138_summary\": \"/Users/vahid/Desktop/xauusd-trader/reports/stage138_broker_technical_demo_discovery/stage138_broker_technical_demo_discovery_summary.json\",\n  \"stage140_summary\": \"/Users/vahid/Desktop/xauusd-trader/reports/stage140_demo_closed_deal_outcome_monitor/stage140_demo_closed_deal_outcome_monitor_summary.json\",\n  \"outcome_status\": \"PROFIT\",\n  \"exit_reason_inferred\": \"TP\",\n  \"net_profit\": \"18.04\",\n  \"points_move\": \"18.04\",\n  \"bps_move\": \"45.12\",\n  \"rule_id\": \"D138C_trend_20_50_bps_LEQ35__range_pos_24_LEQ35\",\n  \"signal_key\": \"2026-07-01T11:00:00Z|D138C_trend_20_50_bps_LEQ35__range_pos_24_LEQ35\",\n  \"entry_price\": \"3997.84\",\n  \"exit_price\": \"4015.88\",\n  \"entry_deal_ticket\": \"226639067\",\n  \"exit_deal_ticket\": \"226648654\",\n  \"ledger_csv\": \"/Users/vahid/Desktop/xauusd-trader/data/demo_execution/stage141_demo_execution_outcome_ledger.csv\",\n  \"latest_csv\": \"/Users/vahid/Desktop/xauusd-trader/reports/stage141_demo_execution_outcome_ledger/stage141_latest_demo_execution_outcome.csv\",\n  \"ledger_row_appended\": false,\n  \"ledger_row_count\": 1,\n  \"next_action\": \"CONTINUE_DEMO_LOOP_ALLOW_NEXT_DISTINCT_SIGNAL\",\n  \"next\": [\n    \"Keep Stage138 refresh running and keep Stage134 duplicate guard enabled.\",\n    \"Allow the next demo order only on a distinct new signal key, not the already closed signal.\",\n    \"After several outcomes, evaluate rule expectancy from the Stage141 ledger before live-real consideration.\"\n  ]\n}\n",
      "stderr_tail": ""
    }
  ],
  "loop_health": "OK",
  "loop_decision": "STAGE142_LOOP_READY_FOR_NEXT_DISTINCT_SIGNAL_AFTER_PROFIT",
  "next_action": "KEEP_STAGE134_ARMED_WAIT_FOR_NEXT_DISTINCT_SIGNAL",
  "stage138_selected_rule_id": "D138C_ret_48h_bps_GEQ50__trend_50_100_bps_LEQ50",
  "stage138_bar_max_utc": "2026-07-01T23:00:00+00:00",
  "stage134_collector_decision": "STAGE134_DEMO_ORDER_ACCEPTED_COLLECT_PNL",
  "stage139_collector_decision": "STAGE139_NO_OPEN_POSITION_AFTER_ACCEPTED_ORDER_CHECK_HISTORY_OR_CLOSED",
  "stage140_collector_decision": "STAGE140_CLOSED_DEMO_DEAL_PROFIT",
  "stage141_decision": "STAGE141_DEMO_OUTCOME_PROFIT_CONFIRMED_CONTINUE_LOOP",
  "stage141_outcome_status": "PROFIT",
  "stage141_signal_key": "2026-07-01T11:00:00Z|D138C_trend_20_50_bps_LEQ35__range_pos_24_LEQ35",
  "stage141_net_profit": "18.04",
  "stage141_bps_move": "45.12",
  "stage141_ledger_row_count": 1,
  "latest_csv": "/Users/vahid/Desktop/xauusd-trader/reports/stage142_demo_loop_supervisor/stage142_latest_demo_loop_supervisor_snapshot.csv",
  "history_csv": "/Users/vahid/Desktop/xauusd-trader/data/demo_execution/stage142_demo_loop_supervisor_snapshots.csv",
  "risk_manifest_csv": "/Users/vahid/Desktop/xauusd-trader/reports/stage142_demo_loop_supervisor/stage142_risk_manifest.csv",
  "summary_json": "/Users/vahid/Desktop/xauusd-trader/reports/stage142_demo_loop_supervisor/stage142_demo_loop_supervisor_summary.json",
  "next": [
    "Keep Stage134 EA armed only on demo account.",
    "Run Stage142B fast loop every 10 minutes; run Stage138 refresh separately/manual or slower.",
    "Allow new orders only for distinct signal keys and ledger every closed outcome."
  ]
}
{
  "stage": "Stage142_DEMO_LOOP_SUPERVISOR",
  "generated_utc": "2026-07-01T22:01:48Z",
  "status": "STAGE142B_COMPLETE_FAST_DEMO_LOOP_SUPERVISOR_READY",
  "root": "/Users/vahid/Desktop/xauusd-trader",
  "dry_run": false,
  "with_stage138_refresh": false,
  "commands_run": 4,
  "command_failures": 0,
  "command_results": [
    {
      "name": "stage134_collector",
      "cmd": [
        "/Library/Developer/CommandLineTools/usr/bin/python3",
        "app/stage134_demo_executor_pilot_collector.py",
        "--root",
        "/Users/vahid/Desktop/xauusd-trader",
        "--write-mt5-status-kv"
      ],
      "returncode": 0,
      "dry_run": false,
      "stdout_tail": "ange_pos_24_LEQ35\",\n      \"rule_id\": \"D138C_trend_20_50_bps_LEQ35__range_pos_24_LEQ35\",\n      \"feature_date\": \"2026-07-01T11:00:00Z\",\n      \"lot\": \"0.01\",\n      \"price\": \"3997.84\",\n      \"sl\": \"3985.84\",\n      \"tp\": \"4015.84\",\n      \"ok\": \"true\",\n      \"retcode\": \"10009\",\n      \"retcode_description\": \"done at 3997.84\",\n      \"account_mode\": \"DEMO\",\n      \"demo_required\": \"true\",\n      \"demo_orders_enabled\": \"true\",\n      \"note\": \"stage134_demo_only_execution_pilot\"\n    }\n  ],\n  \"latest_snapshot_csv\": \"/Users/vahid/Desktop/xauusd-trader/reports/stage134_demo_executor_pilot/stage134_latest_demo_executor_snapshot.csv\",\n  \"history_csv\": \"/Users/vahid/Desktop/xauusd-trader/data/demo_execution/stage134_demo_executor_snapshots.csv\",\n  \"risk_manifest_csv\": \"/Users/vahid/Desktop/xauusd-trader/reports/stage134_demo_executor_pilot/stage134_demo_risk_manifest.csv\",\n  \"status_kv_repo\": \"/Users/vahid/Desktop/xauusd-trader/data/demo_execution/stage134_demo_executor_collector_status_kv.csv\",\n  \"status_kv_report\": \"/Users/vahid/Desktop/xauusd-trader/reports/stage134_demo_executor_pilot/stage134_demo_executor_collector_status_kv.csv\",\n  \"mt5_collector_status_kv\": \"/Users/vahid/Library/Application Support/net.metaquotes.wine.metatrader5/drive_c/Program Files/MetaTrader 5/MQL5/Files/xauusd_stage134_demo_executor_collector_status_kv.csv\",\n  \"summary_json\": \"/Users/vahid/Desktop/xauusd-trader/reports/stage134_demo_executor_pilot/stage134_demo_executor_pilot_summary.json\",\n  \"report_md\": \"/Users/vahid/Desktop/xauusd-trader/reports/stage134_demo_executor_pilot/stage134_demo_executor_pilot_report.md\",\n  \"next\": [\n    \"If collector_decision is STAGE134_DEMO_ORDER_ACCEPTED_COLLECT_PNL, inspect MT5 demo position and subsequent PnL.\",\n    \"If status_fresh remains false but trade_log shows accepted orders, use trade_log fields as execution source of truth.\",\n    \"Do not send a duplicate order for the same signal unless the existing demo position is closed or state is intentionally reset.\"\n  ]\n}\n",
      "stderr_tail": ""
    },
    {
      "name": "stage139_position_collector",
      "cmd": [
        "/Library/Developer/CommandLineTools/usr/bin/python3",
        "app/stage139_demo_position_outcome_collector.py",
        "--root",
        "/Users/vahid/Desktop/xauusd-trader",
        "--write-mt5-status-kv"
      ],
      "returncode": 0,
      "dry_run": false,
      "stdout_tail": "0.00\",\n  \"position_current_price\": \"0.00\",\n  \"position_sl\": \"0.00\",\n  \"position_tp\": \"0.00\",\n  \"position_profit\": \"0.00\",\n  \"position_swap\": \"0.00\",\n  \"position_commission\": \"0.00\",\n  \"position_magic\": \"0\",\n  \"position_comment\": \"\",\n  \"stage134_trade_attempts\": 1,\n  \"stage134_trade_accepted\": 1,\n  \"latest_stage134_rule_id\": \"D138C_trend_20_50_bps_LEQ35__range_pos_24_LEQ35\",\n  \"latest_stage134_signal_key\": \"2026-07-01T11:00:00Z|D138C_trend_20_50_bps_LEQ35__range_pos_24_LEQ35\",\n  \"latest_stage134_entry_price\": \"3997.84\",\n  \"latest_stage134_lot\": \"0.01\",\n  \"latest_stage134_retcode\": \"10009\",\n  \"latest_snapshot_csv\": \"/Users/vahid/Desktop/xauusd-trader/reports/stage139_demo_position_outcome_monitor/stage139_latest_position_outcome_snapshot.csv\",\n  \"history_csv\": \"/Users/vahid/Desktop/xauusd-trader/data/demo_execution/stage139_demo_position_outcome_snapshots.csv\",\n  \"risk_manifest_csv\": \"/Users/vahid/Desktop/xauusd-trader/reports/stage139_demo_position_outcome_monitor/stage139_risk_manifest.csv\",\n  \"status_kv_repo\": \"/Users/vahid/Desktop/xauusd-trader/data/demo_execution/stage139_position_outcome_collector_status_kv.csv\",\n  \"status_kv_report\": \"/Users/vahid/Desktop/xauusd-trader/reports/stage139_demo_position_outcome_monitor/stage139_position_outcome_collector_status_kv.csv\",\n  \"mt5_collector_status_kv\": \"/Users/vahid/Library/Application Support/net.metaquotes.wine.metatrader5/drive_c/Program Files/MetaTrader 5/MQL5/Files/xauusd_stage139_position_outcome_collector_status_kv.csv\",\n  \"summary_json\": \"/Users/vahid/Desktop/xauusd-trader/reports/stage139_demo_position_outcome_monitor/stage139_demo_position_outcome_monitor_summary.json\",\n  \"next\": [\n    \"If monitor is not confirmed, compile and attach Stage139_DemoPositionOutcomeMonitor indicator to the XAUUSD chart.\",\n    \"If an open demo position exists, keep monitoring floating PnL until SL/TP/time-exit/closure.\",\n    \"Do not duplicate the Stage134 order for the same signal while this position/outcome is unresolved.\"\n  ]\n}\n",
      "stderr_tail": ""
    },
    {
      "name": "stage140_closed_deal_collector",
      "cmd": [
        "/Library/Developer/CommandLineTools/usr/bin/python3",
        "app/stage140_demo_closed_deal_outcome_collector.py",
        "--root",
        "/Users/vahid/Desktop/xauusd-trader",
        "--write-mt5-status-kv"
      ],
      "returncode": 0,
      "dry_run": false,
      "stdout_tail": "40001\",\n      \"reason_code\": \"3\",\n      \"comment\": \"Stage134Demo|D138C_trend_20_50_\"\n    },\n    {\n      \"generated_utc\": \"2026-07-01T22:01:25Z\",\n      \"ticket\": \"226648654\",\n      \"time\": \"2026-07-01T14:11:10Z\",\n      \"symbol\": \"XAUUSD\",\n      \"position_id\": \"249663149\",\n      \"entry_code\": \"1\",\n      \"type_code\": \"1\",\n      \"volume\": \"0.01\",\n      \"price\": \"4015.88\",\n      \"profit\": \"18.04\",\n      \"swap\": \"0.00\",\n      \"commission\": \"0.00\",\n      \"magic\": \"1340001\",\n      \"reason_code\": \"5\",\n      \"comment\": \"[tp 4015.84]\"\n    }\n  ],\n  \"latest_snapshot_csv\": \"/Users/vahid/Desktop/xauusd-trader/reports/stage140_demo_closed_deal_outcome_monitor/stage140_latest_closed_deal_outcome_snapshot.csv\",\n  \"history_csv\": \"/Users/vahid/Desktop/xauusd-trader/data/demo_execution/stage140_demo_closed_deal_outcome_snapshots.csv\",\n  \"risk_manifest_csv\": \"/Users/vahid/Desktop/xauusd-trader/reports/stage140_demo_closed_deal_outcome_monitor/stage140_risk_manifest.csv\",\n  \"status_kv_repo\": \"/Users/vahid/Desktop/xauusd-trader/data/demo_execution/stage140_closed_deal_outcome_collector_status_kv.csv\",\n  \"status_kv_report\": \"/Users/vahid/Desktop/xauusd-trader/reports/stage140_demo_closed_deal_outcome_monitor/stage140_closed_deal_outcome_collector_status_kv.csv\",\n  \"mt5_collector_status_kv\": \"/Users/vahid/Library/Application Support/net.metaquotes.wine.metatrader5/drive_c/Program Files/MetaTrader 5/MQL5/Files/xauusd_stage140_closed_deal_outcome_collector_status_kv.csv\",\n  \"summary_json\": \"/Users/vahid/Desktop/xauusd-trader/reports/stage140_demo_closed_deal_outcome_monitor/stage140_demo_closed_deal_outcome_monitor_summary.json\",\n  \"next\": [\n    \"If collector_decision is a closed profit/loss/flat outcome, archive the first demo-order outcome and continue demo loop with duplicate control.\",\n    \"If entry is found but no exit deal, keep Stage139 position monitor active and wait for closure.\",\n    \"If no symbol deal is found, widen the MT5 history window or verify the account/history tab.\"\n  ]\n}\n",
      "stderr_tail": ""
    },
    {
      "name": "stage141_ledger",
      "cmd": [
        "/Library/Developer/CommandLineTools/usr/bin/python3",
        "app/stage141_demo_execution_outcome_ledger.py",
        "--root",
        "/Users/vahid/Desktop/xauusd-trader"
      ],
      "returncode": 0,
      "dry_run": false,
      "stdout_tail": "{\n  \"stage\": \"Stage141_DEMO_EXECUTION_OUTCOME_LEDGER\",\n  \"generated_utc\": \"2026-07-01T22:01:50Z\",\n  \"status\": \"STAGE141_COMPLETE_DEMO_EXECUTION_OUTCOME_LEDGER_READY\",\n  \"decision\": \"STAGE141_DEMO_OUTCOME_PROFIT_CONFIRMED_CONTINUE_LOOP\",\n  \"root\": \"/Users/vahid/Desktop/xauusd-trader\",\n  \"stage134_summary\": \"/Users/vahid/Desktop/xauusd-trader/reports/stage134_demo_executor_pilot/stage134_demo_executor_pilot_summary.json\",\n  \"stage138_summary\": \"/Users/vahid/Desktop/xauusd-trader/reports/stage138_broker_technical_demo_discovery/stage138_broker_technical_demo_discovery_summary.json\",\n  \"stage140_summary\": \"/Users/vahid/Desktop/xauusd-trader/reports/stage140_demo_closed_deal_outcome_monitor/stage140_demo_closed_deal_outcome_monitor_summary.json\",\n  \"outcome_status\": \"PROFIT\",\n  \"exit_reason_inferred\": \"TP\",\n  \"net_profit\": \"18.04\",\n  \"points_move\": \"18.04\",\n  \"bps_move\": \"45.12\",\n  \"rule_id\": \"D138C_trend_20_50_bps_LEQ35__range_pos_24_LEQ35\",\n  \"signal_key\": \"2026-07-01T11:00:00Z|D138C_trend_20_50_bps_LEQ35__range_pos_24_LEQ35\",\n  \"entry_price\": \"3997.84\",\n  \"exit_price\": \"4015.88\",\n  \"entry_deal_ticket\": \"226639067\",\n  \"exit_deal_ticket\": \"226648654\",\n  \"ledger_csv\": \"/Users/vahid/Desktop/xauusd-trader/data/demo_execution/stage141_demo_execution_outcome_ledger.csv\",\n  \"latest_csv\": \"/Users/vahid/Desktop/xauusd-trader/reports/stage141_demo_execution_outcome_ledger/stage141_latest_demo_execution_outcome.csv\",\n  \"ledger_row_appended\": false,\n  \"ledger_row_count\": 1,\n  \"next_action\": \"CONTINUE_DEMO_LOOP_ALLOW_NEXT_DISTINCT_SIGNAL\",\n  \"next\": [\n    \"Keep Stage138 refresh running and keep Stage134 duplicate guard enabled.\",\n    \"Allow the next demo order only on a distinct new signal key, not the already closed signal.\",\n    \"After several outcomes, evaluate rule expectancy from the Stage141 ledger before live-real consideration.\"\n  ]\n}\n",
      "stderr_tail": ""
    }
  ],
  "loop_health": "OK",
  "loop_decision": "STAGE142_LOOP_READY_FOR_NEXT_DISTINCT_SIGNAL_AFTER_PROFIT",
  "next_action": "KEEP_STAGE134_ARMED_WAIT_FOR_NEXT_DISTINCT_SIGNAL",
  "stage138_selected_rule_id": "D138C_ret_48h_bps_GEQ50__trend_50_100_bps_LEQ50",
  "stage138_bar_max_utc": "2026-07-01T23:00:00+00:00",
  "stage134_collector_decision": "STAGE134_DEMO_ORDER_ACCEPTED_COLLECT_PNL",
  "stage139_collector_decision": "STAGE139_NO_OPEN_POSITION_AFTER_ACCEPTED_ORDER_CHECK_HISTORY_OR_CLOSED",
  "stage140_collector_decision": "STAGE140_CLOSED_DEMO_DEAL_PROFIT",
  "stage141_decision": "STAGE141_DEMO_OUTCOME_PROFIT_CONFIRMED_CONTINUE_LOOP",
  "stage141_outcome_status": "PROFIT",
  "stage141_signal_key": "2026-07-01T11:00:00Z|D138C_trend_20_50_bps_LEQ35__range_pos_24_LEQ35",
  "stage141_net_profit": "18.04",
  "stage141_bps_move": "45.12",
  "stage141_ledger_row_count": 1,
  "latest_csv": "/Users/vahid/Desktop/xauusd-trader/reports/stage142_demo_loop_supervisor/stage142_latest_demo_loop_supervisor_snapshot.csv",
  "history_csv": "/Users/vahid/Desktop/xauusd-trader/data/demo_execution/stage142_demo_loop_supervisor_snapshots.csv",
  "risk_manifest_csv": "/Users/vahid/Desktop/xauusd-trader/reports/stage142_demo_loop_supervisor/stage142_risk_manifest.csv",
  "summary_json": "/Users/vahid/Desktop/xauusd-trader/reports/stage142_demo_loop_supervisor/stage142_demo_loop_supervisor_summary.json",
  "next": [
    "Keep Stage134 EA armed only on demo account.",
    "Run Stage142B fast loop every 10 minutes; run Stage138 refresh separately/manual or slower.",
    "Allow new orders only for distinct signal keys and ledger every closed outcome."
  ]
}
{
  "stage": "Stage142_DEMO_LOOP_SUPERVISOR",
  "generated_utc": "2026-07-01T22:11:50Z",
  "status": "STAGE142B_COMPLETE_FAST_DEMO_LOOP_SUPERVISOR_READY",
  "root": "/Users/vahid/Desktop/xauusd-trader",
  "dry_run": false,
  "with_stage138_refresh": false,
  "commands_run": 4,
  "command_failures": 0,
  "command_results": [
    {
      "name": "stage134_collector",
      "cmd": [
        "/Library/Developer/CommandLineTools/usr/bin/python3",
        "app/stage134_demo_executor_pilot_collector.py",
        "--root",
        "/Users/vahid/Desktop/xauusd-trader",
        "--write-mt5-status-kv"
      ],
      "returncode": 0,
      "dry_run": false,
      "stdout_tail": "_50_100_bps_LEQ50\",\n      \"rule_id\": \"D138C_ret_48h_bps_GEQ50__trend_50_100_bps_LEQ50\",\n      \"feature_date\": \"2026-07-01T23:00:00Z\",\n      \"lot\": \"0.01\",\n      \"price\": \"4040.92\",\n      \"sl\": \"4028.92\",\n      \"tp\": \"4058.92\",\n      \"ok\": \"true\",\n      \"retcode\": \"10009\",\n      \"retcode_description\": \"done at 4040.92\",\n      \"account_mode\": \"DEMO\",\n      \"demo_required\": \"true\",\n      \"demo_orders_enabled\": \"true\",\n      \"note\": \"stage134_demo_only_execution_pilot\"\n    }\n  ],\n  \"latest_snapshot_csv\": \"/Users/vahid/Desktop/xauusd-trader/reports/stage134_demo_executor_pilot/stage134_latest_demo_executor_snapshot.csv\",\n  \"history_csv\": \"/Users/vahid/Desktop/xauusd-trader/data/demo_execution/stage134_demo_executor_snapshots.csv\",\n  \"risk_manifest_csv\": \"/Users/vahid/Desktop/xauusd-trader/reports/stage134_demo_executor_pilot/stage134_demo_risk_manifest.csv\",\n  \"status_kv_repo\": \"/Users/vahid/Desktop/xauusd-trader/data/demo_execution/stage134_demo_executor_collector_status_kv.csv\",\n  \"status_kv_report\": \"/Users/vahid/Desktop/xauusd-trader/reports/stage134_demo_executor_pilot/stage134_demo_executor_collector_status_kv.csv\",\n  \"mt5_collector_status_kv\": \"/Users/vahid/Library/Application Support/net.metaquotes.wine.metatrader5/drive_c/Program Files/MetaTrader 5/MQL5/Files/xauusd_stage134_demo_executor_collector_status_kv.csv\",\n  \"summary_json\": \"/Users/vahid/Desktop/xauusd-trader/reports/stage134_demo_executor_pilot/stage134_demo_executor_pilot_summary.json\",\n  \"report_md\": \"/Users/vahid/Desktop/xauusd-trader/reports/stage134_demo_executor_pilot/stage134_demo_executor_pilot_report.md\",\n  \"next\": [\n    \"If collector_decision is STAGE134_DEMO_ORDER_ACCEPTED_COLLECT_PNL, inspect MT5 demo position and subsequent PnL.\",\n    \"If status_fresh remains false but trade_log shows accepted orders, use trade_log fields as execution source of truth.\",\n    \"Do not send a duplicate order for the same signal unless the existing demo position is closed or state is intentionally reset.\"\n  ]\n}\n",
      "stderr_tail": ""
    },
    {
      "name": "stage139_position_collector",
      "cmd": [
        "/Library/Developer/CommandLineTools/usr/bin/python3",
        "app/stage139_demo_position_outcome_collector.py",
        "--root",
        "/Users/vahid/Desktop/xauusd-trader",
        "--write-mt5-status-kv"
      ],
      "returncode": 0,
      "dry_run": false,
      "stdout_tail": " \"position_sl\": \"4028.92\",\n  \"position_tp\": \"4058.92\",\n  \"position_profit\": \"-3.49\",\n  \"position_swap\": \"0.00\",\n  \"position_commission\": \"0.00\",\n  \"position_magic\": \"1340001\",\n  \"position_comment\": \"Stage134Demo|D138C_ret_48h_bps_\",\n  \"stage134_trade_attempts\": 2,\n  \"stage134_trade_accepted\": 2,\n  \"latest_stage134_rule_id\": \"D138C_ret_48h_bps_GEQ50__trend_50_100_bps_LEQ50\",\n  \"latest_stage134_signal_key\": \"2026-07-01T23:00:00Z|D138C_ret_48h_bps_GEQ50__trend_50_100_bps_LEQ50\",\n  \"latest_stage134_entry_price\": \"4040.92\",\n  \"latest_stage134_lot\": \"0.01\",\n  \"latest_stage134_retcode\": \"10009\",\n  \"latest_snapshot_csv\": \"/Users/vahid/Desktop/xauusd-trader/reports/stage139_demo_position_outcome_monitor/stage139_latest_position_outcome_snapshot.csv\",\n  \"history_csv\": \"/Users/vahid/Desktop/xauusd-trader/data/demo_execution/stage139_demo_position_outcome_snapshots.csv\",\n  \"risk_manifest_csv\": \"/Users/vahid/Desktop/xauusd-trader/reports/stage139_demo_position_outcome_monitor/stage139_risk_manifest.csv\",\n  \"status_kv_repo\": \"/Users/vahid/Desktop/xauusd-trader/data/demo_execution/stage139_position_outcome_collector_status_kv.csv\",\n  \"status_kv_report\": \"/Users/vahid/Desktop/xauusd-trader/reports/stage139_demo_position_outcome_monitor/stage139_position_outcome_collector_status_kv.csv\",\n  \"mt5_collector_status_kv\": \"/Users/vahid/Library/Application Support/net.metaquotes.wine.metatrader5/drive_c/Program Files/MetaTrader 5/MQL5/Files/xauusd_stage139_position_outcome_collector_status_kv.csv\",\n  \"summary_json\": \"/Users/vahid/Desktop/xauusd-trader/reports/stage139_demo_position_outcome_monitor/stage139_demo_position_outcome_monitor_summary.json\",\n  \"next\": [\n    \"If monitor is not confirmed, compile and attach Stage139_DemoPositionOutcomeMonitor indicator to the XAUUSD chart.\",\n    \"If an open demo position exists, keep monitoring floating PnL until SL/TP/time-exit/closure.\",\n    \"Do not duplicate the Stage134 order for the same signal while this position/outcome is unresolved.\"\n  ]\n}\n",
      "stderr_tail": ""
    },
    {
      "name": "stage140_closed_deal_collector",
      "cmd": [
        "/Library/Developer/CommandLineTools/usr/bin/python3",
        "app/stage140_demo_closed_deal_outcome_collector.py",
        "--root",
        "/Users/vahid/Desktop/xauusd-trader",
        "--write-mt5-status-kv"
      ],
      "returncode": 0,
      "dry_run": false,
      "stdout_tail": "340001\",\n      \"reason_code\": \"5\",\n      \"comment\": \"[tp 4015.84]\"\n    },\n    {\n      \"generated_utc\": \"2026-07-01T22:11:25Z\",\n      \"ticket\": \"226955799\",\n      \"time\": \"2026-07-02T01:08:03Z\",\n      \"symbol\": \"XAUUSD\",\n      \"position_id\": \"249988982\",\n      \"entry_code\": \"0\",\n      \"type_code\": \"0\",\n      \"volume\": \"0.01\",\n      \"price\": \"4040.92\",\n      \"profit\": \"0.00\",\n      \"swap\": \"0.00\",\n      \"commission\": \"0.00\",\n      \"magic\": \"1340001\",\n      \"reason_code\": \"3\",\n      \"comment\": \"Stage134Demo|D138C_ret_48h_bps_\"\n    }\n  ],\n  \"latest_snapshot_csv\": \"/Users/vahid/Desktop/xauusd-trader/reports/stage140_demo_closed_deal_outcome_monitor/stage140_latest_closed_deal_outcome_snapshot.csv\",\n  \"history_csv\": \"/Users/vahid/Desktop/xauusd-trader/data/demo_execution/stage140_demo_closed_deal_outcome_snapshots.csv\",\n  \"risk_manifest_csv\": \"/Users/vahid/Desktop/xauusd-trader/reports/stage140_demo_closed_deal_outcome_monitor/stage140_risk_manifest.csv\",\n  \"status_kv_repo\": \"/Users/vahid/Desktop/xauusd-trader/data/demo_execution/stage140_closed_deal_outcome_collector_status_kv.csv\",\n  \"status_kv_report\": \"/Users/vahid/Desktop/xauusd-trader/reports/stage140_demo_closed_deal_outcome_monitor/stage140_closed_deal_outcome_collector_status_kv.csv\",\n  \"mt5_collector_status_kv\": \"/Users/vahid/Library/Application Support/net.metaquotes.wine.metatrader5/drive_c/Program Files/MetaTrader 5/MQL5/Files/xauusd_stage140_closed_deal_outcome_collector_status_kv.csv\",\n  \"summary_json\": \"/Users/vahid/Desktop/xauusd-trader/reports/stage140_demo_closed_deal_outcome_monitor/stage140_demo_closed_deal_outcome_monitor_summary.json\",\n  \"next\": [\n    \"If collector_decision is a closed profit/loss/flat outcome, archive the first demo-order outcome and continue demo loop with duplicate control.\",\n    \"If entry is found but no exit deal, keep Stage139 position monitor active and wait for closure.\",\n    \"If no symbol deal is found, widen the MT5 history window or verify the account/history tab.\"\n  ]\n}\n",
      "stderr_tail": ""
    },
    {
      "name": "stage141_ledger",
      "cmd": [
        "/Library/Developer/CommandLineTools/usr/bin/python3",
        "app/stage141_demo_execution_outcome_ledger.py",
        "--root",
        "/Users/vahid/Desktop/xauusd-trader"
      ],
      "returncode": 0,
      "dry_run": false,
      "stdout_tail": "{\n  \"stage\": \"Stage141_DEMO_EXECUTION_OUTCOME_LEDGER\",\n  \"generated_utc\": \"2026-07-01T22:11:52Z\",\n  \"status\": \"STAGE141_COMPLETE_DEMO_EXECUTION_OUTCOME_LEDGER_READY\",\n  \"decision\": \"STAGE141_DEMO_OUTCOME_FLAT_CONFIRMED_REVIEW_COST\",\n  \"root\": \"/Users/vahid/Desktop/xauusd-trader\",\n  \"stage134_summary\": \"/Users/vahid/Desktop/xauusd-trader/reports/stage134_demo_executor_pilot/stage134_demo_executor_pilot_summary.json\",\n  \"stage138_summary\": \"/Users/vahid/Desktop/xauusd-trader/reports/stage138_broker_technical_demo_discovery/stage138_broker_technical_demo_discovery_summary.json\",\n  \"stage140_summary\": \"/Users/vahid/Desktop/xauusd-trader/reports/stage140_demo_closed_deal_outcome_monitor/stage140_demo_closed_deal_outcome_monitor_summary.json\",\n  \"outcome_status\": \"FLAT\",\n  \"exit_reason_inferred\": \"TP\",\n  \"net_profit\": \"0.00\",\n  \"points_move\": \"0.00\",\n  \"bps_move\": \"0.00\",\n  \"rule_id\": \"D138C_ret_48h_bps_GEQ50__trend_50_100_bps_LEQ50\",\n  \"signal_key\": \"2026-07-01T23:00:00Z|D138C_ret_48h_bps_GEQ50__trend_50_100_bps_LEQ50\",\n  \"entry_price\": \"4040.92\",\n  \"exit_price\": \"0.00\",\n  \"entry_deal_ticket\": \"226955799\",\n  \"exit_deal_ticket\": \"0\",\n  \"ledger_csv\": \"/Users/vahid/Desktop/xauusd-trader/data/demo_execution/stage141_demo_execution_outcome_ledger.csv\",\n  \"latest_csv\": \"/Users/vahid/Desktop/xauusd-trader/reports/stage141_demo_execution_outcome_ledger/stage141_latest_demo_execution_outcome.csv\",\n  \"ledger_row_appended\": false,\n  \"ledger_row_count\": 2,\n  \"next_action\": \"CONTINUE_DEMO_LOOP_WITH_COST_REVIEW\",\n  \"next\": [\n    \"Keep Stage138 refresh running and keep Stage134 duplicate guard enabled.\",\n    \"Allow the next demo order only on a distinct new signal key, not the already closed signal.\",\n    \"After several outcomes, evaluate rule expectancy from the Stage141 ledger before live-real consideration.\"\n  ]\n}\n",
      "stderr_tail": ""
    }
  ],
  "loop_health": "OK",
  "loop_decision": "STAGE142_OPEN_POSITION_MONITORING_REQUIRED",
  "next_action": "KEEP_STAGE139_RUNNING_UNTIL_CLOSE",
  "stage138_selected_rule_id": "D138C_ret_48h_bps_GEQ50__trend_50_100_bps_LEQ50",
  "stage138_bar_max_utc": "2026-07-01T23:00:00+00:00",
  "stage134_collector_decision": "STAGE134_DEMO_ORDER_ACCEPTED_COLLECT_PNL",
  "stage139_collector_decision": "STAGE139_OPEN_DEMO_POSITION_FLOATING_LOSS",
  "stage140_collector_decision": "STAGE140_ENTRY_DEAL_FOUND_BUT_NO_EXIT_DEAL",
  "stage141_decision": "STAGE141_DEMO_OUTCOME_FLAT_CONFIRMED_REVIEW_COST",
  "stage141_outcome_status": "FLAT",
  "stage141_signal_key": "2026-07-01T23:00:00Z|D138C_ret_48h_bps_GEQ50__trend_50_100_bps_LEQ50",
  "stage141_net_profit": "0.00",
  "stage141_bps_move": "0.00",
  "stage141_ledger_row_count": 2,
  "latest_csv": "/Users/vahid/Desktop/xauusd-trader/reports/stage142_demo_loop_supervisor/stage142_latest_demo_loop_supervisor_snapshot.csv",
  "history_csv": "/Users/vahid/Desktop/xauusd-trader/data/demo_execution/stage142_demo_loop_supervisor_snapshots.csv",
  "risk_manifest_csv": "/Users/vahid/Desktop/xauusd-trader/reports/stage142_demo_loop_supervisor/stage142_risk_manifest.csv",
  "summary_json": "/Users/vahid/Desktop/xauusd-trader/reports/stage142_demo_loop_supervisor/stage142_demo_loop_supervisor_summary.json",
  "next": [
    "Keep Stage134 EA armed only on demo account.",
    "Run Stage142B fast loop every 10 minutes; run Stage138 refresh separately/manual or slower.",
    "Allow new orders only for distinct signal keys and ledger every closed outcome."
  ]
}
{
  "stage": "Stage142_DEMO_LOOP_SUPERVISOR",
  "generated_utc": "2026-07-01T22:21:53Z",
  "status": "STAGE142B_COMPLETE_FAST_DEMO_LOOP_SUPERVISOR_READY",
  "root": "/Users/vahid/Desktop/xauusd-trader",
  "dry_run": false,
  "with_stage138_refresh": false,
  "commands_run": 4,
  "command_failures": 0,
  "command_results": [
    {
      "name": "stage134_collector",
      "cmd": [
        "/Library/Developer/CommandLineTools/usr/bin/python3",
        "app/stage134_demo_executor_pilot_collector.py",
        "--root",
        "/Users/vahid/Desktop/xauusd-trader",
        "--write-mt5-status-kv"
      ],
      "returncode": 0,
      "dry_run": false,
      "stdout_tail": "_50_100_bps_LEQ50\",\n      \"rule_id\": \"D138C_ret_48h_bps_GEQ50__trend_50_100_bps_LEQ50\",\n      \"feature_date\": \"2026-07-01T23:00:00Z\",\n      \"lot\": \"0.01\",\n      \"price\": \"4040.92\",\n      \"sl\": \"4028.92\",\n      \"tp\": \"4058.92\",\n      \"ok\": \"true\",\n      \"retcode\": \"10009\",\n      \"retcode_description\": \"done at 4040.92\",\n      \"account_mode\": \"DEMO\",\n      \"demo_required\": \"true\",\n      \"demo_orders_enabled\": \"true\",\n      \"note\": \"stage134_demo_only_execution_pilot\"\n    }\n  ],\n  \"latest_snapshot_csv\": \"/Users/vahid/Desktop/xauusd-trader/reports/stage134_demo_executor_pilot/stage134_latest_demo_executor_snapshot.csv\",\n  \"history_csv\": \"/Users/vahid/Desktop/xauusd-trader/data/demo_execution/stage134_demo_executor_snapshots.csv\",\n  \"risk_manifest_csv\": \"/Users/vahid/Desktop/xauusd-trader/reports/stage134_demo_executor_pilot/stage134_demo_risk_manifest.csv\",\n  \"status_kv_repo\": \"/Users/vahid/Desktop/xauusd-trader/data/demo_execution/stage134_demo_executor_collector_status_kv.csv\",\n  \"status_kv_report\": \"/Users/vahid/Desktop/xauusd-trader/reports/stage134_demo_executor_pilot/stage134_demo_executor_collector_status_kv.csv\",\n  \"mt5_collector_status_kv\": \"/Users/vahid/Library/Application Support/net.metaquotes.wine.metatrader5/drive_c/Program Files/MetaTrader 5/MQL5/Files/xauusd_stage134_demo_executor_collector_status_kv.csv\",\n  \"summary_json\": \"/Users/vahid/Desktop/xauusd-trader/reports/stage134_demo_executor_pilot/stage134_demo_executor_pilot_summary.json\",\n  \"report_md\": \"/Users/vahid/Desktop/xauusd-trader/reports/stage134_demo_executor_pilot/stage134_demo_executor_pilot_report.md\",\n  \"next\": [\n    \"If collector_decision is STAGE134_DEMO_ORDER_ACCEPTED_COLLECT_PNL, inspect MT5 demo position and subsequent PnL.\",\n    \"If status_fresh remains false but trade_log shows accepted orders, use trade_log fields as execution source of truth.\",\n    \"Do not send a duplicate order for the same signal unless the existing demo position is closed or state is intentionally reset.\"\n  ]\n}\n",
      "stderr_tail": ""
    },
    {
      "name": "stage139_position_collector",
      "cmd": [
        "/Library/Developer/CommandLineTools/usr/bin/python3",
        "app/stage139_demo_position_outcome_collector.py",
        "--root",
        "/Users/vahid/Desktop/xauusd-trader",
        "--write-mt5-status-kv"
      ],
      "returncode": 0,
      "dry_run": false,
      "stdout_tail": " \"position_sl\": \"4028.92\",\n  \"position_tp\": \"4058.92\",\n  \"position_profit\": \"-3.70\",\n  \"position_swap\": \"0.00\",\n  \"position_commission\": \"0.00\",\n  \"position_magic\": \"1340001\",\n  \"position_comment\": \"Stage134Demo|D138C_ret_48h_bps_\",\n  \"stage134_trade_attempts\": 2,\n  \"stage134_trade_accepted\": 2,\n  \"latest_stage134_rule_id\": \"D138C_ret_48h_bps_GEQ50__trend_50_100_bps_LEQ50\",\n  \"latest_stage134_signal_key\": \"2026-07-01T23:00:00Z|D138C_ret_48h_bps_GEQ50__trend_50_100_bps_LEQ50\",\n  \"latest_stage134_entry_price\": \"4040.92\",\n  \"latest_stage134_lot\": \"0.01\",\n  \"latest_stage134_retcode\": \"10009\",\n  \"latest_snapshot_csv\": \"/Users/vahid/Desktop/xauusd-trader/reports/stage139_demo_position_outcome_monitor/stage139_latest_position_outcome_snapshot.csv\",\n  \"history_csv\": \"/Users/vahid/Desktop/xauusd-trader/data/demo_execution/stage139_demo_position_outcome_snapshots.csv\",\n  \"risk_manifest_csv\": \"/Users/vahid/Desktop/xauusd-trader/reports/stage139_demo_position_outcome_monitor/stage139_risk_manifest.csv\",\n  \"status_kv_repo\": \"/Users/vahid/Desktop/xauusd-trader/data/demo_execution/stage139_position_outcome_collector_status_kv.csv\",\n  \"status_kv_report\": \"/Users/vahid/Desktop/xauusd-trader/reports/stage139_demo_position_outcome_monitor/stage139_position_outcome_collector_status_kv.csv\",\n  \"mt5_collector_status_kv\": \"/Users/vahid/Library/Application Support/net.metaquotes.wine.metatrader5/drive_c/Program Files/MetaTrader 5/MQL5/Files/xauusd_stage139_position_outcome_collector_status_kv.csv\",\n  \"summary_json\": \"/Users/vahid/Desktop/xauusd-trader/reports/stage139_demo_position_outcome_monitor/stage139_demo_position_outcome_monitor_summary.json\",\n  \"next\": [\n    \"If monitor is not confirmed, compile and attach Stage139_DemoPositionOutcomeMonitor indicator to the XAUUSD chart.\",\n    \"If an open demo position exists, keep monitoring floating PnL until SL/TP/time-exit/closure.\",\n    \"Do not duplicate the Stage134 order for the same signal while this position/outcome is unresolved.\"\n  ]\n}\n",
      "stderr_tail": ""
    },
    {
      "name": "stage140_closed_deal_collector",
      "cmd": [
        "/Library/Developer/CommandLineTools/usr/bin/python3",
        "app/stage140_demo_closed_deal_outcome_collector.py",
        "--root",
        "/Users/vahid/Desktop/xauusd-trader",
        "--write-mt5-status-kv"
      ],
      "returncode": 0,
      "dry_run": false,
      "stdout_tail": "340001\",\n      \"reason_code\": \"5\",\n      \"comment\": \"[tp 4015.84]\"\n    },\n    {\n      \"generated_utc\": \"2026-07-01T22:21:25Z\",\n      \"ticket\": \"226955799\",\n      \"time\": \"2026-07-02T01:08:03Z\",\n      \"symbol\": \"XAUUSD\",\n      \"position_id\": \"249988982\",\n      \"entry_code\": \"0\",\n      \"type_code\": \"0\",\n      \"volume\": \"0.01\",\n      \"price\": \"4040.92\",\n      \"profit\": \"0.00\",\n      \"swap\": \"0.00\",\n      \"commission\": \"0.00\",\n      \"magic\": \"1340001\",\n      \"reason_code\": \"3\",\n      \"comment\": \"Stage134Demo|D138C_ret_48h_bps_\"\n    }\n  ],\n  \"latest_snapshot_csv\": \"/Users/vahid/Desktop/xauusd-trader/reports/stage140_demo_closed_deal_outcome_monitor/stage140_latest_closed_deal_outcome_snapshot.csv\",\n  \"history_csv\": \"/Users/vahid/Desktop/xauusd-trader/data/demo_execution/stage140_demo_closed_deal_outcome_snapshots.csv\",\n  \"risk_manifest_csv\": \"/Users/vahid/Desktop/xauusd-trader/reports/stage140_demo_closed_deal_outcome_monitor/stage140_risk_manifest.csv\",\n  \"status_kv_repo\": \"/Users/vahid/Desktop/xauusd-trader/data/demo_execution/stage140_closed_deal_outcome_collector_status_kv.csv\",\n  \"status_kv_report\": \"/Users/vahid/Desktop/xauusd-trader/reports/stage140_demo_closed_deal_outcome_monitor/stage140_closed_deal_outcome_collector_status_kv.csv\",\n  \"mt5_collector_status_kv\": \"/Users/vahid/Library/Application Support/net.metaquotes.wine.metatrader5/drive_c/Program Files/MetaTrader 5/MQL5/Files/xauusd_stage140_closed_deal_outcome_collector_status_kv.csv\",\n  \"summary_json\": \"/Users/vahid/Desktop/xauusd-trader/reports/stage140_demo_closed_deal_outcome_monitor/stage140_demo_closed_deal_outcome_monitor_summary.json\",\n  \"next\": [\n    \"If collector_decision is a closed profit/loss/flat outcome, archive the first demo-order outcome and continue demo loop with duplicate control.\",\n    \"If entry is found but no exit deal, keep Stage139 position monitor active and wait for closure.\",\n    \"If no symbol deal is found, widen the MT5 history window or verify the account/history tab.\"\n  ]\n}\n",
      "stderr_tail": ""
    },
    {
      "name": "stage141_ledger",
      "cmd": [
        "/Library/Developer/CommandLineTools/usr/bin/python3",
        "app/stage141_demo_execution_outcome_ledger.py",
        "--root",
        "/Users/vahid/Desktop/xauusd-trader"
      ],
      "returncode": 0,
      "dry_run": false,
      "stdout_tail": "{\n  \"stage\": \"Stage141_DEMO_EXECUTION_OUTCOME_LEDGER\",\n  \"generated_utc\": \"2026-07-01T22:21:55Z\",\n  \"status\": \"STAGE141_COMPLETE_DEMO_EXECUTION_OUTCOME_LEDGER_READY\",\n  \"decision\": \"STAGE141_DEMO_OUTCOME_FLAT_CONFIRMED_REVIEW_COST\",\n  \"root\": \"/Users/vahid/Desktop/xauusd-trader\",\n  \"stage134_summary\": \"/Users/vahid/Desktop/xauusd-trader/reports/stage134_demo_executor_pilot/stage134_demo_executor_pilot_summary.json\",\n  \"stage138_summary\": \"/Users/vahid/Desktop/xauusd-trader/reports/stage138_broker_technical_demo_discovery/stage138_broker_technical_demo_discovery_summary.json\",\n  \"stage140_summary\": \"/Users/vahid/Desktop/xauusd-trader/reports/stage140_demo_closed_deal_outcome_monitor/stage140_demo_closed_deal_outcome_monitor_summary.json\",\n  \"outcome_status\": \"FLAT\",\n  \"exit_reason_inferred\": \"TP\",\n  \"net_profit\": \"0.00\",\n  \"points_move\": \"0.00\",\n  \"bps_move\": \"0.00\",\n  \"rule_id\": \"D138C_ret_48h_bps_GEQ50__trend_50_100_bps_LEQ50\",\n  \"signal_key\": \"2026-07-01T23:00:00Z|D138C_ret_48h_bps_GEQ50__trend_50_100_bps_LEQ50\",\n  \"entry_price\": \"4040.92\",\n  \"exit_price\": \"0.00\",\n  \"entry_deal_ticket\": \"226955799\",\n  \"exit_deal_ticket\": \"0\",\n  \"ledger_csv\": \"/Users/vahid/Desktop/xauusd-trader/data/demo_execution/stage141_demo_execution_outcome_ledger.csv\",\n  \"latest_csv\": \"/Users/vahid/Desktop/xauusd-trader/reports/stage141_demo_execution_outcome_ledger/stage141_latest_demo_execution_outcome.csv\",\n  \"ledger_row_appended\": false,\n  \"ledger_row_count\": 2,\n  \"next_action\": \"CONTINUE_DEMO_LOOP_WITH_COST_REVIEW\",\n  \"next\": [\n    \"Keep Stage138 refresh running and keep Stage134 duplicate guard enabled.\",\n    \"Allow the next demo order only on a distinct new signal key, not the already closed signal.\",\n    \"After several outcomes, evaluate rule expectancy from the Stage141 ledger before live-real consideration.\"\n  ]\n}\n",
      "stderr_tail": ""
    }
  ],
  "loop_health": "OK",
  "loop_decision": "STAGE142_OPEN_POSITION_MONITORING_REQUIRED",
  "next_action": "KEEP_STAGE139_RUNNING_UNTIL_CLOSE",
  "stage138_selected_rule_id": "D138C_ret_48h_bps_GEQ50__trend_50_100_bps_LEQ50",
  "stage138_bar_max_utc": "2026-07-01T23:00:00+00:00",
  "stage134_collector_decision": "STAGE134_DEMO_ORDER_ACCEPTED_COLLECT_PNL",
  "stage139_collector_decision": "STAGE139_OPEN_DEMO_POSITION_FLOATING_LOSS",
  "stage140_collector_decision": "STAGE140_ENTRY_DEAL_FOUND_BUT_NO_EXIT_DEAL",
  "stage141_decision": "STAGE141_DEMO_OUTCOME_FLAT_CONFIRMED_REVIEW_COST",
  "stage141_outcome_status": "FLAT",
  "stage141_signal_key": "2026-07-01T23:00:00Z|D138C_ret_48h_bps_GEQ50__trend_50_100_bps_LEQ50",
  "stage141_net_profit": "0.00",
  "stage141_bps_move": "0.00",
  "stage141_ledger_row_count": 2,
  "latest_csv": "/Users/vahid/Desktop/xauusd-trader/reports/stage142_demo_loop_supervisor/stage142_latest_demo_loop_supervisor_snapshot.csv",
  "history_csv": "/Users/vahid/Desktop/xauusd-trader/data/demo_execution/stage142_demo_loop_supervisor_snapshots.csv",
  "risk_manifest_csv": "/Users/vahid/Desktop/xauusd-trader/reports/stage142_demo_loop_supervisor/stage142_risk_manifest.csv",
  "summary_json": "/Users/vahid/Desktop/xauusd-trader/reports/stage142_demo_loop_supervisor/stage142_demo_loop_supervisor_summary.json",
  "next": [
    "Keep Stage134 EA armed only on demo account.",
    "Run Stage142B fast loop every 10 minutes; run Stage138 refresh separately/manual or slower.",
    "Allow new orders only for distinct signal keys and ledger every closed outcome."
  ]
}
{
  "stage": "Stage142_DEMO_LOOP_SUPERVISOR",
  "generated_utc": "2026-07-01T22:31:56Z",
  "status": "STAGE142B_COMPLETE_FAST_DEMO_LOOP_SUPERVISOR_READY",
  "root": "/Users/vahid/Desktop/xauusd-trader",
  "dry_run": false,
  "with_stage138_refresh": false,
  "commands_run": 4,
  "command_failures": 0,
  "command_results": [
    {
      "name": "stage134_collector",
      "cmd": [
        "/Library/Developer/CommandLineTools/usr/bin/python3",
        "app/stage134_demo_executor_pilot_collector.py",
        "--root",
        "/Users/vahid/Desktop/xauusd-trader",
        "--write-mt5-status-kv"
      ],
      "returncode": 0,
      "dry_run": false,
      "stdout_tail": "_50_100_bps_LEQ50\",\n      \"rule_id\": \"D138C_ret_48h_bps_GEQ50__trend_50_100_bps_LEQ50\",\n      \"feature_date\": \"2026-07-01T23:00:00Z\",\n      \"lot\": \"0.01\",\n      \"price\": \"4040.92\",\n      \"sl\": \"4028.92\",\n      \"tp\": \"4058.92\",\n      \"ok\": \"true\",\n      \"retcode\": \"10009\",\n      \"retcode_description\": \"done at 4040.92\",\n      \"account_mode\": \"DEMO\",\n      \"demo_required\": \"true\",\n      \"demo_orders_enabled\": \"true\",\n      \"note\": \"stage134_demo_only_execution_pilot\"\n    }\n  ],\n  \"latest_snapshot_csv\": \"/Users/vahid/Desktop/xauusd-trader/reports/stage134_demo_executor_pilot/stage134_latest_demo_executor_snapshot.csv\",\n  \"history_csv\": \"/Users/vahid/Desktop/xauusd-trader/data/demo_execution/stage134_demo_executor_snapshots.csv\",\n  \"risk_manifest_csv\": \"/Users/vahid/Desktop/xauusd-trader/reports/stage134_demo_executor_pilot/stage134_demo_risk_manifest.csv\",\n  \"status_kv_repo\": \"/Users/vahid/Desktop/xauusd-trader/data/demo_execution/stage134_demo_executor_collector_status_kv.csv\",\n  \"status_kv_report\": \"/Users/vahid/Desktop/xauusd-trader/reports/stage134_demo_executor_pilot/stage134_demo_executor_collector_status_kv.csv\",\n  \"mt5_collector_status_kv\": \"/Users/vahid/Library/Application Support/net.metaquotes.wine.metatrader5/drive_c/Program Files/MetaTrader 5/MQL5/Files/xauusd_stage134_demo_executor_collector_status_kv.csv\",\n  \"summary_json\": \"/Users/vahid/Desktop/xauusd-trader/reports/stage134_demo_executor_pilot/stage134_demo_executor_pilot_summary.json\",\n  \"report_md\": \"/Users/vahid/Desktop/xauusd-trader/reports/stage134_demo_executor_pilot/stage134_demo_executor_pilot_report.md\",\n  \"next\": [\n    \"If collector_decision is STAGE134_DEMO_ORDER_ACCEPTED_COLLECT_PNL, inspect MT5 demo position and subsequent PnL.\",\n    \"If status_fresh remains false but trade_log shows accepted orders, use trade_log fields as execution source of truth.\",\n    \"Do not send a duplicate order for the same signal unless the existing demo position is closed or state is intentionally reset.\"\n  ]\n}\n",
      "stderr_tail": ""
    },
    {
      "name": "stage139_position_collector",
      "cmd": [
        "/Library/Developer/CommandLineTools/usr/bin/python3",
        "app/stage139_demo_position_outcome_collector.py",
        "--root",
        "/Users/vahid/Desktop/xauusd-trader",
        "--write-mt5-status-kv"
      ],
      "returncode": 0,
      "dry_run": false,
      "stdout_tail": " \"position_sl\": \"4028.92\",\n  \"position_tp\": \"4058.92\",\n  \"position_profit\": \"-3.38\",\n  \"position_swap\": \"0.00\",\n  \"position_commission\": \"0.00\",\n  \"position_magic\": \"1340001\",\n  \"position_comment\": \"Stage134Demo|D138C_ret_48h_bps_\",\n  \"stage134_trade_attempts\": 2,\n  \"stage134_trade_accepted\": 2,\n  \"latest_stage134_rule_id\": \"D138C_ret_48h_bps_GEQ50__trend_50_100_bps_LEQ50\",\n  \"latest_stage134_signal_key\": \"2026-07-01T23:00:00Z|D138C_ret_48h_bps_GEQ50__trend_50_100_bps_LEQ50\",\n  \"latest_stage134_entry_price\": \"4040.92\",\n  \"latest_stage134_lot\": \"0.01\",\n  \"latest_stage134_retcode\": \"10009\",\n  \"latest_snapshot_csv\": \"/Users/vahid/Desktop/xauusd-trader/reports/stage139_demo_position_outcome_monitor/stage139_latest_position_outcome_snapshot.csv\",\n  \"history_csv\": \"/Users/vahid/Desktop/xauusd-trader/data/demo_execution/stage139_demo_position_outcome_snapshots.csv\",\n  \"risk_manifest_csv\": \"/Users/vahid/Desktop/xauusd-trader/reports/stage139_demo_position_outcome_monitor/stage139_risk_manifest.csv\",\n  \"status_kv_repo\": \"/Users/vahid/Desktop/xauusd-trader/data/demo_execution/stage139_position_outcome_collector_status_kv.csv\",\n  \"status_kv_report\": \"/Users/vahid/Desktop/xauusd-trader/reports/stage139_demo_position_outcome_monitor/stage139_position_outcome_collector_status_kv.csv\",\n  \"mt5_collector_status_kv\": \"/Users/vahid/Library/Application Support/net.metaquotes.wine.metatrader5/drive_c/Program Files/MetaTrader 5/MQL5/Files/xauusd_stage139_position_outcome_collector_status_kv.csv\",\n  \"summary_json\": \"/Users/vahid/Desktop/xauusd-trader/reports/stage139_demo_position_outcome_monitor/stage139_demo_position_outcome_monitor_summary.json\",\n  \"next\": [\n    \"If monitor is not confirmed, compile and attach Stage139_DemoPositionOutcomeMonitor indicator to the XAUUSD chart.\",\n    \"If an open demo position exists, keep monitoring floating PnL until SL/TP/time-exit/closure.\",\n    \"Do not duplicate the Stage134 order for the same signal while this position/outcome is unresolved.\"\n  ]\n}\n",
      "stderr_tail": ""
    },
    {
      "name": "stage140_closed_deal_collector",
      "cmd": [
        "/Library/Developer/CommandLineTools/usr/bin/python3",
        "app/stage140_demo_closed_deal_outcome_collector.py",
        "--root",
        "/Users/vahid/Desktop/xauusd-trader",
        "--write-mt5-status-kv"
      ],
      "returncode": 0,
      "dry_run": false,
      "stdout_tail": "340001\",\n      \"reason_code\": \"5\",\n      \"comment\": \"[tp 4015.84]\"\n    },\n    {\n      \"generated_utc\": \"2026-07-01T22:31:55Z\",\n      \"ticket\": \"226955799\",\n      \"time\": \"2026-07-02T01:08:03Z\",\n      \"symbol\": \"XAUUSD\",\n      \"position_id\": \"249988982\",\n      \"entry_code\": \"0\",\n      \"type_code\": \"0\",\n      \"volume\": \"0.01\",\n      \"price\": \"4040.92\",\n      \"profit\": \"0.00\",\n      \"swap\": \"0.00\",\n      \"commission\": \"0.00\",\n      \"magic\": \"1340001\",\n      \"reason_code\": \"3\",\n      \"comment\": \"Stage134Demo|D138C_ret_48h_bps_\"\n    }\n  ],\n  \"latest_snapshot_csv\": \"/Users/vahid/Desktop/xauusd-trader/reports/stage140_demo_closed_deal_outcome_monitor/stage140_latest_closed_deal_outcome_snapshot.csv\",\n  \"history_csv\": \"/Users/vahid/Desktop/xauusd-trader/data/demo_execution/stage140_demo_closed_deal_outcome_snapshots.csv\",\n  \"risk_manifest_csv\": \"/Users/vahid/Desktop/xauusd-trader/reports/stage140_demo_closed_deal_outcome_monitor/stage140_risk_manifest.csv\",\n  \"status_kv_repo\": \"/Users/vahid/Desktop/xauusd-trader/data/demo_execution/stage140_closed_deal_outcome_collector_status_kv.csv\",\n  \"status_kv_report\": \"/Users/vahid/Desktop/xauusd-trader/reports/stage140_demo_closed_deal_outcome_monitor/stage140_closed_deal_outcome_collector_status_kv.csv\",\n  \"mt5_collector_status_kv\": \"/Users/vahid/Library/Application Support/net.metaquotes.wine.metatrader5/drive_c/Program Files/MetaTrader 5/MQL5/Files/xauusd_stage140_closed_deal_outcome_collector_status_kv.csv\",\n  \"summary_json\": \"/Users/vahid/Desktop/xauusd-trader/reports/stage140_demo_closed_deal_outcome_monitor/stage140_demo_closed_deal_outcome_monitor_summary.json\",\n  \"next\": [\n    \"If collector_decision is a closed profit/loss/flat outcome, archive the first demo-order outcome and continue demo loop with duplicate control.\",\n    \"If entry is found but no exit deal, keep Stage139 position monitor active and wait for closure.\",\n    \"If no symbol deal is found, widen the MT5 history window or verify the account/history tab.\"\n  ]\n}\n",
      "stderr_tail": ""
    },
    {
      "name": "stage141_ledger",
      "cmd": [
        "/Library/Developer/CommandLineTools/usr/bin/python3",
        "app/stage141_demo_execution_outcome_ledger.py",
        "--root",
        "/Users/vahid/Desktop/xauusd-trader"
      ],
      "returncode": 0,
      "dry_run": false,
      "stdout_tail": "{\n  \"stage\": \"Stage141_DEMO_EXECUTION_OUTCOME_LEDGER\",\n  \"generated_utc\": \"2026-07-01T22:31:58Z\",\n  \"status\": \"STAGE141_COMPLETE_DEMO_EXECUTION_OUTCOME_LEDGER_READY\",\n  \"decision\": \"STAGE141_DEMO_OUTCOME_FLAT_CONFIRMED_REVIEW_COST\",\n  \"root\": \"/Users/vahid/Desktop/xauusd-trader\",\n  \"stage134_summary\": \"/Users/vahid/Desktop/xauusd-trader/reports/stage134_demo_executor_pilot/stage134_demo_executor_pilot_summary.json\",\n  \"stage138_summary\": \"/Users/vahid/Desktop/xauusd-trader/reports/stage138_broker_technical_demo_discovery/stage138_broker_technical_demo_discovery_summary.json\",\n  \"stage140_summary\": \"/Users/vahid/Desktop/xauusd-trader/reports/stage140_demo_closed_deal_outcome_monitor/stage140_demo_closed_deal_outcome_monitor_summary.json\",\n  \"outcome_status\": \"FLAT\",\n  \"exit_reason_inferred\": \"TP\",\n  \"net_profit\": \"0.00\",\n  \"points_move\": \"0.00\",\n  \"bps_move\": \"0.00\",\n  \"rule_id\": \"D138C_ret_48h_bps_GEQ50__trend_50_100_bps_LEQ50\",\n  \"signal_key\": \"2026-07-01T23:00:00Z|D138C_ret_48h_bps_GEQ50__trend_50_100_bps_LEQ50\",\n  \"entry_price\": \"4040.92\",\n  \"exit_price\": \"0.00\",\n  \"entry_deal_ticket\": \"226955799\",\n  \"exit_deal_ticket\": \"0\",\n  \"ledger_csv\": \"/Users/vahid/Desktop/xauusd-trader/data/demo_execution/stage141_demo_execution_outcome_ledger.csv\",\n  \"latest_csv\": \"/Users/vahid/Desktop/xauusd-trader/reports/stage141_demo_execution_outcome_ledger/stage141_latest_demo_execution_outcome.csv\",\n  \"ledger_row_appended\": false,\n  \"ledger_row_count\": 2,\n  \"next_action\": \"CONTINUE_DEMO_LOOP_WITH_COST_REVIEW\",\n  \"next\": [\n    \"Keep Stage138 refresh running and keep Stage134 duplicate guard enabled.\",\n    \"Allow the next demo order only on a distinct new signal key, not the already closed signal.\",\n    \"After several outcomes, evaluate rule expectancy from the Stage141 ledger before live-real consideration.\"\n  ]\n}\n",
      "stderr_tail": ""
    }
  ],
  "loop_health": "OK",
  "loop_decision": "STAGE142_OPEN_POSITION_MONITORING_REQUIRED",
  "next_action": "KEEP_STAGE139_RUNNING_UNTIL_CLOSE",
  "stage138_selected_rule_id": "D138C_ret_48h_bps_GEQ50__trend_50_100_bps_LEQ50",
  "stage138_bar_max_utc": "2026-07-01T23:00:00+00:00",
  "stage134_collector_decision": "STAGE134_DEMO_ORDER_ACCEPTED_COLLECT_PNL",
  "stage139_collector_decision": "STAGE139_OPEN_DEMO_POSITION_FLOATING_LOSS",
  "stage140_collector_decision": "STAGE140_ENTRY_DEAL_FOUND_BUT_NO_EXIT_DEAL",
  "stage141_decision": "STAGE141_DEMO_OUTCOME_FLAT_CONFIRMED_REVIEW_COST",
  "stage141_outcome_status": "FLAT",
  "stage141_signal_key": "2026-07-01T23:00:00Z|D138C_ret_48h_bps_GEQ50__trend_50_100_bps_LEQ50",
  "stage141_net_profit": "0.00",
  "stage141_bps_move": "0.00",
  "stage141_ledger_row_count": 2,
  "latest_csv": "/Users/vahid/Desktop/xauusd-trader/reports/stage142_demo_loop_supervisor/stage142_latest_demo_loop_supervisor_snapshot.csv",
  "history_csv": "/Users/vahid/Desktop/xauusd-trader/data/demo_execution/stage142_demo_loop_supervisor_snapshots.csv",
  "risk_manifest_csv": "/Users/vahid/Desktop/xauusd-trader/reports/stage142_demo_loop_supervisor/stage142_risk_manifest.csv",
  "summary_json": "/Users/vahid/Desktop/xauusd-trader/reports/stage142_demo_loop_supervisor/stage142_demo_loop_supervisor_summary.json",
  "next": [
    "Keep Stage134 EA armed only on demo account.",
    "Run Stage142B fast loop every 10 minutes; run Stage138 refresh separately/manual or slower.",
    "Allow new orders only for distinct signal keys and ledger every closed outcome."
  ]
}
{
  "stage": "Stage142_DEMO_LOOP_SUPERVISOR",
  "generated_utc": "2026-07-02T04:58:40Z",
  "status": "STAGE142B_COMPLETE_FAST_DEMO_LOOP_SUPERVISOR_READY",
  "root": "/Users/vahid/Desktop/xauusd-trader",
  "dry_run": false,
  "with_stage138_refresh": false,
  "commands_run": 4,
  "command_failures": 0,
  "command_results": [
    {
      "name": "stage134_collector",
      "cmd": [
        "/Library/Developer/CommandLineTools/usr/bin/python3",
        "app/stage134_demo_executor_pilot_collector.py",
        "--root",
        "/Users/vahid/Desktop/xauusd-trader",
        "--write-mt5-status-kv"
      ],
      "returncode": 0,
      "dry_run": false,
      "stdout_tail": "_50_100_bps_LEQ50\",\n      \"rule_id\": \"D138C_ret_48h_bps_GEQ50__trend_50_100_bps_LEQ50\",\n      \"feature_date\": \"2026-07-01T23:00:00Z\",\n      \"lot\": \"0.01\",\n      \"price\": \"4040.92\",\n      \"sl\": \"4028.92\",\n      \"tp\": \"4058.92\",\n      \"ok\": \"true\",\n      \"retcode\": \"10009\",\n      \"retcode_description\": \"done at 4040.92\",\n      \"account_mode\": \"DEMO\",\n      \"demo_required\": \"true\",\n      \"demo_orders_enabled\": \"true\",\n      \"note\": \"stage134_demo_only_execution_pilot\"\n    }\n  ],\n  \"latest_snapshot_csv\": \"/Users/vahid/Desktop/xauusd-trader/reports/stage134_demo_executor_pilot/stage134_latest_demo_executor_snapshot.csv\",\n  \"history_csv\": \"/Users/vahid/Desktop/xauusd-trader/data/demo_execution/stage134_demo_executor_snapshots.csv\",\n  \"risk_manifest_csv\": \"/Users/vahid/Desktop/xauusd-trader/reports/stage134_demo_executor_pilot/stage134_demo_risk_manifest.csv\",\n  \"status_kv_repo\": \"/Users/vahid/Desktop/xauusd-trader/data/demo_execution/stage134_demo_executor_collector_status_kv.csv\",\n  \"status_kv_report\": \"/Users/vahid/Desktop/xauusd-trader/reports/stage134_demo_executor_pilot/stage134_demo_executor_collector_status_kv.csv\",\n  \"mt5_collector_status_kv\": \"/Users/vahid/Library/Application Support/net.metaquotes.wine.metatrader5/drive_c/Program Files/MetaTrader 5/MQL5/Files/xauusd_stage134_demo_executor_collector_status_kv.csv\",\n  \"summary_json\": \"/Users/vahid/Desktop/xauusd-trader/reports/stage134_demo_executor_pilot/stage134_demo_executor_pilot_summary.json\",\n  \"report_md\": \"/Users/vahid/Desktop/xauusd-trader/reports/stage134_demo_executor_pilot/stage134_demo_executor_pilot_report.md\",\n  \"next\": [\n    \"If collector_decision is STAGE134_DEMO_ORDER_ACCEPTED_COLLECT_PNL, inspect MT5 demo position and subsequent PnL.\",\n    \"If status_fresh remains false but trade_log shows accepted orders, use trade_log fields as execution source of truth.\",\n    \"Do not send a duplicate order for the same signal unless the existing demo position is closed or state is intentionally reset.\"\n  ]\n}\n",
      "stderr_tail": ""
    },
    {
      "name": "stage139_position_collector",
      "cmd": [
        "/Library/Developer/CommandLineTools/usr/bin/python3",
        "app/stage139_demo_position_outcome_collector.py",
        "--root",
        "/Users/vahid/Desktop/xauusd-trader",
        "--write-mt5-status-kv"
      ],
      "returncode": 0,
      "dry_run": false,
      "stdout_tail": "0.00\",\n  \"position_current_price\": \"0.00\",\n  \"position_sl\": \"0.00\",\n  \"position_tp\": \"0.00\",\n  \"position_profit\": \"0.00\",\n  \"position_swap\": \"0.00\",\n  \"position_commission\": \"0.00\",\n  \"position_magic\": \"0\",\n  \"position_comment\": \"\",\n  \"stage134_trade_attempts\": 2,\n  \"stage134_trade_accepted\": 2,\n  \"latest_stage134_rule_id\": \"D138C_ret_48h_bps_GEQ50__trend_50_100_bps_LEQ50\",\n  \"latest_stage134_signal_key\": \"2026-07-01T23:00:00Z|D138C_ret_48h_bps_GEQ50__trend_50_100_bps_LEQ50\",\n  \"latest_stage134_entry_price\": \"4040.92\",\n  \"latest_stage134_lot\": \"0.01\",\n  \"latest_stage134_retcode\": \"10009\",\n  \"latest_snapshot_csv\": \"/Users/vahid/Desktop/xauusd-trader/reports/stage139_demo_position_outcome_monitor/stage139_latest_position_outcome_snapshot.csv\",\n  \"history_csv\": \"/Users/vahid/Desktop/xauusd-trader/data/demo_execution/stage139_demo_position_outcome_snapshots.csv\",\n  \"risk_manifest_csv\": \"/Users/vahid/Desktop/xauusd-trader/reports/stage139_demo_position_outcome_monitor/stage139_risk_manifest.csv\",\n  \"status_kv_repo\": \"/Users/vahid/Desktop/xauusd-trader/data/demo_execution/stage139_position_outcome_collector_status_kv.csv\",\n  \"status_kv_report\": \"/Users/vahid/Desktop/xauusd-trader/reports/stage139_demo_position_outcome_monitor/stage139_position_outcome_collector_status_kv.csv\",\n  \"mt5_collector_status_kv\": \"/Users/vahid/Library/Application Support/net.metaquotes.wine.metatrader5/drive_c/Program Files/MetaTrader 5/MQL5/Files/xauusd_stage139_position_outcome_collector_status_kv.csv\",\n  \"summary_json\": \"/Users/vahid/Desktop/xauusd-trader/reports/stage139_demo_position_outcome_monitor/stage139_demo_position_outcome_monitor_summary.json\",\n  \"next\": [\n    \"If monitor is not confirmed, compile and attach Stage139_DemoPositionOutcomeMonitor indicator to the XAUUSD chart.\",\n    \"If an open demo position exists, keep monitoring floating PnL until SL/TP/time-exit/closure.\",\n    \"Do not duplicate the Stage134 order for the same signal while this position/outcome is unresolved.\"\n  ]\n}\n",
      "stderr_tail": ""
    },
    {
      "name": "stage140_closed_deal_collector",
      "cmd": [
        "/Library/Developer/CommandLineTools/usr/bin/python3",
        "app/stage140_demo_closed_deal_outcome_collector.py",
        "--root",
        "/Users/vahid/Desktop/xauusd-trader",
        "--write-mt5-status-kv"
      ],
      "returncode": 0,
      "dry_run": false,
      "stdout_tail": "40001\",\n      \"reason_code\": \"3\",\n      \"comment\": \"Stage134Demo|D138C_ret_48h_bps_\"\n    },\n    {\n      \"generated_utc\": \"2026-07-02T04:58:26Z\",\n      \"ticket\": \"226977712\",\n      \"time\": \"2026-07-02T04:00:48Z\",\n      \"symbol\": \"XAUUSD\",\n      \"position_id\": \"249988982\",\n      \"entry_code\": \"1\",\n      \"type_code\": \"1\",\n      \"volume\": \"0.01\",\n      \"price\": \"4059.02\",\n      \"profit\": \"18.10\",\n      \"swap\": \"0.00\",\n      \"commission\": \"0.00\",\n      \"magic\": \"1340001\",\n      \"reason_code\": \"5\",\n      \"comment\": \"[tp 4058.92]\"\n    }\n  ],\n  \"latest_snapshot_csv\": \"/Users/vahid/Desktop/xauusd-trader/reports/stage140_demo_closed_deal_outcome_monitor/stage140_latest_closed_deal_outcome_snapshot.csv\",\n  \"history_csv\": \"/Users/vahid/Desktop/xauusd-trader/data/demo_execution/stage140_demo_closed_deal_outcome_snapshots.csv\",\n  \"risk_manifest_csv\": \"/Users/vahid/Desktop/xauusd-trader/reports/stage140_demo_closed_deal_outcome_monitor/stage140_risk_manifest.csv\",\n  \"status_kv_repo\": \"/Users/vahid/Desktop/xauusd-trader/data/demo_execution/stage140_closed_deal_outcome_collector_status_kv.csv\",\n  \"status_kv_report\": \"/Users/vahid/Desktop/xauusd-trader/reports/stage140_demo_closed_deal_outcome_monitor/stage140_closed_deal_outcome_collector_status_kv.csv\",\n  \"mt5_collector_status_kv\": \"/Users/vahid/Library/Application Support/net.metaquotes.wine.metatrader5/drive_c/Program Files/MetaTrader 5/MQL5/Files/xauusd_stage140_closed_deal_outcome_collector_status_kv.csv\",\n  \"summary_json\": \"/Users/vahid/Desktop/xauusd-trader/reports/stage140_demo_closed_deal_outcome_monitor/stage140_demo_closed_deal_outcome_monitor_summary.json\",\n  \"next\": [\n    \"If collector_decision is a closed profit/loss/flat outcome, archive the first demo-order outcome and continue demo loop with duplicate control.\",\n    \"If entry is found but no exit deal, keep Stage139 position monitor active and wait for closure.\",\n    \"If no symbol deal is found, widen the MT5 history window or verify the account/history tab.\"\n  ]\n}\n",
      "stderr_tail": ""
    },
    {
      "name": "stage141_ledger",
      "cmd": [
        "/Library/Developer/CommandLineTools/usr/bin/python3",
        "app/stage141_demo_execution_outcome_ledger.py",
        "--root",
        "/Users/vahid/Desktop/xauusd-trader"
      ],
      "returncode": 0,
      "dry_run": false,
      "stdout_tail": "{\n  \"stage\": \"Stage141_DEMO_EXECUTION_OUTCOME_LEDGER\",\n  \"generated_utc\": \"2026-07-02T04:58:42Z\",\n  \"status\": \"STAGE141_COMPLETE_DEMO_EXECUTION_OUTCOME_LEDGER_READY\",\n  \"decision\": \"STAGE141_DEMO_OUTCOME_PROFIT_CONFIRMED_CONTINUE_LOOP\",\n  \"root\": \"/Users/vahid/Desktop/xauusd-trader\",\n  \"stage134_summary\": \"/Users/vahid/Desktop/xauusd-trader/reports/stage134_demo_executor_pilot/stage134_demo_executor_pilot_summary.json\",\n  \"stage138_summary\": \"/Users/vahid/Desktop/xauusd-trader/reports/stage138_broker_technical_demo_discovery/stage138_broker_technical_demo_discovery_summary.json\",\n  \"stage140_summary\": \"/Users/vahid/Desktop/xauusd-trader/reports/stage140_demo_closed_deal_outcome_monitor/stage140_demo_closed_deal_outcome_monitor_summary.json\",\n  \"outcome_status\": \"PROFIT\",\n  \"exit_reason_inferred\": \"TP\",\n  \"net_profit\": \"18.10\",\n  \"points_move\": \"18.10\",\n  \"bps_move\": \"44.79\",\n  \"rule_id\": \"D138C_ret_48h_bps_GEQ50__trend_50_100_bps_LEQ50\",\n  \"signal_key\": \"2026-07-01T23:00:00Z|D138C_ret_48h_bps_GEQ50__trend_50_100_bps_LEQ50\",\n  \"entry_price\": \"4040.92\",\n  \"exit_price\": \"4059.02\",\n  \"entry_deal_ticket\": \"226955799\",\n  \"exit_deal_ticket\": \"226977712\",\n  \"ledger_csv\": \"/Users/vahid/Desktop/xauusd-trader/data/demo_execution/stage141_demo_execution_outcome_ledger.csv\",\n  \"latest_csv\": \"/Users/vahid/Desktop/xauusd-trader/reports/stage141_demo_execution_outcome_ledger/stage141_latest_demo_execution_outcome.csv\",\n  \"ledger_row_appended\": true,\n  \"ledger_row_count\": 3,\n  \"next_action\": \"CONTINUE_DEMO_LOOP_ALLOW_NEXT_DISTINCT_SIGNAL\",\n  \"next\": [\n    \"Keep Stage138 refresh running and keep Stage134 duplicate guard enabled.\",\n    \"Allow the next demo order only on a distinct new signal key, not the already closed signal.\",\n    \"After several outcomes, evaluate rule expectancy from the Stage141 ledger before live-real consideration.\"\n  ]\n}\n",
      "stderr_tail": ""
    }
  ],
  "loop_health": "OK",
  "loop_decision": "STAGE142_LOOP_READY_FOR_NEXT_DISTINCT_SIGNAL_AFTER_PROFIT",
  "next_action": "KEEP_STAGE134_ARMED_WAIT_FOR_NEXT_DISTINCT_SIGNAL",
  "stage138_selected_rule_id": "D138C_ret_48h_bps_GEQ50__trend_50_100_bps_LEQ50",
  "stage138_bar_max_utc": "2026-07-01T23:00:00+00:00",
  "stage134_collector_decision": "STAGE134_DEMO_ORDER_ACCEPTED_COLLECT_PNL",
  "stage139_collector_decision": "STAGE139_NO_OPEN_POSITION_AFTER_ACCEPTED_ORDER_CHECK_HISTORY_OR_CLOSED",
  "stage140_collector_decision": "STAGE140_CLOSED_DEMO_DEAL_PROFIT",
  "stage141_decision": "STAGE141_DEMO_OUTCOME_PROFIT_CONFIRMED_CONTINUE_LOOP",
  "stage141_outcome_status": "PROFIT",
  "stage141_signal_key": "2026-07-01T23:00:00Z|D138C_ret_48h_bps_GEQ50__trend_50_100_bps_LEQ50",
  "stage141_net_profit": "18.10",
  "stage141_bps_move": "44.79",
  "stage141_ledger_row_count": 3,
  "latest_csv": "/Users/vahid/Desktop/xauusd-trader/reports/stage142_demo_loop_supervisor/stage142_latest_demo_loop_supervisor_snapshot.csv",
  "history_csv": "/Users/vahid/Desktop/xauusd-trader/data/demo_execution/stage142_demo_loop_supervisor_snapshots.csv",
  "risk_manifest_csv": "/Users/vahid/Desktop/xauusd-trader/reports/stage142_demo_loop_supervisor/stage142_risk_manifest.csv",
  "summary_json": "/Users/vahid/Desktop/xauusd-trader/reports/stage142_demo_loop_supervisor/stage142_demo_loop_supervisor_summary.json",
  "next": [
    "Keep Stage134 EA armed only on demo account.",
    "Run Stage142B fast loop every 10 minutes; run Stage138 refresh separately/manual or slower.",
    "Allow new orders only for distinct signal keys and ledger every closed outcome."
  ]
}
{
  "stage": "Stage142_DEMO_LOOP_SUPERVISOR",
  "generated_utc": "2026-07-02T05:08:44Z",
  "status": "STAGE142B_COMPLETE_FAST_DEMO_LOOP_SUPERVISOR_READY",
  "root": "/Users/vahid/Desktop/xauusd-trader",
  "dry_run": false,
  "with_stage138_refresh": false,
  "commands_run": 4,
  "command_failures": 0,
  "command_results": [
    {
      "name": "stage134_collector",
      "cmd": [
        "/Library/Developer/CommandLineTools/usr/bin/python3",
        "app/stage134_demo_executor_pilot_collector.py",
        "--root",
        "/Users/vahid/Desktop/xauusd-trader",
        "--write-mt5-status-kv"
      ],
      "returncode": 0,
      "dry_run": false,
      "stdout_tail": "_50_100_bps_LEQ50\",\n      \"rule_id\": \"D138C_ret_48h_bps_GEQ50__trend_50_100_bps_LEQ50\",\n      \"feature_date\": \"2026-07-01T23:00:00Z\",\n      \"lot\": \"0.01\",\n      \"price\": \"4040.92\",\n      \"sl\": \"4028.92\",\n      \"tp\": \"4058.92\",\n      \"ok\": \"true\",\n      \"retcode\": \"10009\",\n      \"retcode_description\": \"done at 4040.92\",\n      \"account_mode\": \"DEMO\",\n      \"demo_required\": \"true\",\n      \"demo_orders_enabled\": \"true\",\n      \"note\": \"stage134_demo_only_execution_pilot\"\n    }\n  ],\n  \"latest_snapshot_csv\": \"/Users/vahid/Desktop/xauusd-trader/reports/stage134_demo_executor_pilot/stage134_latest_demo_executor_snapshot.csv\",\n  \"history_csv\": \"/Users/vahid/Desktop/xauusd-trader/data/demo_execution/stage134_demo_executor_snapshots.csv\",\n  \"risk_manifest_csv\": \"/Users/vahid/Desktop/xauusd-trader/reports/stage134_demo_executor_pilot/stage134_demo_risk_manifest.csv\",\n  \"status_kv_repo\": \"/Users/vahid/Desktop/xauusd-trader/data/demo_execution/stage134_demo_executor_collector_status_kv.csv\",\n  \"status_kv_report\": \"/Users/vahid/Desktop/xauusd-trader/reports/stage134_demo_executor_pilot/stage134_demo_executor_collector_status_kv.csv\",\n  \"mt5_collector_status_kv\": \"/Users/vahid/Library/Application Support/net.metaquotes.wine.metatrader5/drive_c/Program Files/MetaTrader 5/MQL5/Files/xauusd_stage134_demo_executor_collector_status_kv.csv\",\n  \"summary_json\": \"/Users/vahid/Desktop/xauusd-trader/reports/stage134_demo_executor_pilot/stage134_demo_executor_pilot_summary.json\",\n  \"report_md\": \"/Users/vahid/Desktop/xauusd-trader/reports/stage134_demo_executor_pilot/stage134_demo_executor_pilot_report.md\",\n  \"next\": [\n    \"If collector_decision is STAGE134_DEMO_ORDER_ACCEPTED_COLLECT_PNL, inspect MT5 demo position and subsequent PnL.\",\n    \"If status_fresh remains false but trade_log shows accepted orders, use trade_log fields as execution source of truth.\",\n    \"Do not send a duplicate order for the same signal unless the existing demo position is closed or state is intentionally reset.\"\n  ]\n}\n",
      "stderr_tail": ""
    },
    {
      "name": "stage139_position_collector",
      "cmd": [
        "/Library/Developer/CommandLineTools/usr/bin/python3",
        "app/stage139_demo_position_outcome_collector.py",
        "--root",
        "/Users/vahid/Desktop/xauusd-trader",
        "--write-mt5-status-kv"
      ],
      "returncode": 0,
      "dry_run": false,
      "stdout_tail": "0.00\",\n  \"position_current_price\": \"0.00\",\n  \"position_sl\": \"0.00\",\n  \"position_tp\": \"0.00\",\n  \"position_profit\": \"0.00\",\n  \"position_swap\": \"0.00\",\n  \"position_commission\": \"0.00\",\n  \"position_magic\": \"0\",\n  \"position_comment\": \"\",\n  \"stage134_trade_attempts\": 2,\n  \"stage134_trade_accepted\": 2,\n  \"latest_stage134_rule_id\": \"D138C_ret_48h_bps_GEQ50__trend_50_100_bps_LEQ50\",\n  \"latest_stage134_signal_key\": \"2026-07-01T23:00:00Z|D138C_ret_48h_bps_GEQ50__trend_50_100_bps_LEQ50\",\n  \"latest_stage134_entry_price\": \"4040.92\",\n  \"latest_stage134_lot\": \"0.01\",\n  \"latest_stage134_retcode\": \"10009\",\n  \"latest_snapshot_csv\": \"/Users/vahid/Desktop/xauusd-trader/reports/stage139_demo_position_outcome_monitor/stage139_latest_position_outcome_snapshot.csv\",\n  \"history_csv\": \"/Users/vahid/Desktop/xauusd-trader/data/demo_execution/stage139_demo_position_outcome_snapshots.csv\",\n  \"risk_manifest_csv\": \"/Users/vahid/Desktop/xauusd-trader/reports/stage139_demo_position_outcome_monitor/stage139_risk_manifest.csv\",\n  \"status_kv_repo\": \"/Users/vahid/Desktop/xauusd-trader/data/demo_execution/stage139_position_outcome_collector_status_kv.csv\",\n  \"status_kv_report\": \"/Users/vahid/Desktop/xauusd-trader/reports/stage139_demo_position_outcome_monitor/stage139_position_outcome_collector_status_kv.csv\",\n  \"mt5_collector_status_kv\": \"/Users/vahid/Library/Application Support/net.metaquotes.wine.metatrader5/drive_c/Program Files/MetaTrader 5/MQL5/Files/xauusd_stage139_position_outcome_collector_status_kv.csv\",\n  \"summary_json\": \"/Users/vahid/Desktop/xauusd-trader/reports/stage139_demo_position_outcome_monitor/stage139_demo_position_outcome_monitor_summary.json\",\n  \"next\": [\n    \"If monitor is not confirmed, compile and attach Stage139_DemoPositionOutcomeMonitor indicator to the XAUUSD chart.\",\n    \"If an open demo position exists, keep monitoring floating PnL until SL/TP/time-exit/closure.\",\n    \"Do not duplicate the Stage134 order for the same signal while this position/outcome is unresolved.\"\n  ]\n}\n",
      "stderr_tail": ""
    },
    {
      "name": "stage140_closed_deal_collector",
      "cmd": [
        "/Library/Developer/CommandLineTools/usr/bin/python3",
        "app/stage140_demo_closed_deal_outcome_collector.py",
        "--root",
        "/Users/vahid/Desktop/xauusd-trader",
        "--write-mt5-status-kv"
      ],
      "returncode": 0,
      "dry_run": false,
      "stdout_tail": "40001\",\n      \"reason_code\": \"3\",\n      \"comment\": \"Stage134Demo|D138C_ret_48h_bps_\"\n    },\n    {\n      \"generated_utc\": \"2026-07-02T05:08:26Z\",\n      \"ticket\": \"226977712\",\n      \"time\": \"2026-07-02T04:00:48Z\",\n      \"symbol\": \"XAUUSD\",\n      \"position_id\": \"249988982\",\n      \"entry_code\": \"1\",\n      \"type_code\": \"1\",\n      \"volume\": \"0.01\",\n      \"price\": \"4059.02\",\n      \"profit\": \"18.10\",\n      \"swap\": \"0.00\",\n      \"commission\": \"0.00\",\n      \"magic\": \"1340001\",\n      \"reason_code\": \"5\",\n      \"comment\": \"[tp 4058.92]\"\n    }\n  ],\n  \"latest_snapshot_csv\": \"/Users/vahid/Desktop/xauusd-trader/reports/stage140_demo_closed_deal_outcome_monitor/stage140_latest_closed_deal_outcome_snapshot.csv\",\n  \"history_csv\": \"/Users/vahid/Desktop/xauusd-trader/data/demo_execution/stage140_demo_closed_deal_outcome_snapshots.csv\",\n  \"risk_manifest_csv\": \"/Users/vahid/Desktop/xauusd-trader/reports/stage140_demo_closed_deal_outcome_monitor/stage140_risk_manifest.csv\",\n  \"status_kv_repo\": \"/Users/vahid/Desktop/xauusd-trader/data/demo_execution/stage140_closed_deal_outcome_collector_status_kv.csv\",\n  \"status_kv_report\": \"/Users/vahid/Desktop/xauusd-trader/reports/stage140_demo_closed_deal_outcome_monitor/stage140_closed_deal_outcome_collector_status_kv.csv\",\n  \"mt5_collector_status_kv\": \"/Users/vahid/Library/Application Support/net.metaquotes.wine.metatrader5/drive_c/Program Files/MetaTrader 5/MQL5/Files/xauusd_stage140_closed_deal_outcome_collector_status_kv.csv\",\n  \"summary_json\": \"/Users/vahid/Desktop/xauusd-trader/reports/stage140_demo_closed_deal_outcome_monitor/stage140_demo_closed_deal_outcome_monitor_summary.json\",\n  \"next\": [\n    \"If collector_decision is a closed profit/loss/flat outcome, archive the first demo-order outcome and continue demo loop with duplicate control.\",\n    \"If entry is found but no exit deal, keep Stage139 position monitor active and wait for closure.\",\n    \"If no symbol deal is found, widen the MT5 history window or verify the account/history tab.\"\n  ]\n}\n",
      "stderr_tail": ""
    },
    {
      "name": "stage141_ledger",
      "cmd": [
        "/Library/Developer/CommandLineTools/usr/bin/python3",
        "app/stage141_demo_execution_outcome_ledger.py",
        "--root",
        "/Users/vahid/Desktop/xauusd-trader"
      ],
      "returncode": 0,
      "dry_run": false,
      "stdout_tail": "{\n  \"stage\": \"Stage141_DEMO_EXECUTION_OUTCOME_LEDGER\",\n  \"generated_utc\": \"2026-07-02T05:08:46Z\",\n  \"status\": \"STAGE141_COMPLETE_DEMO_EXECUTION_OUTCOME_LEDGER_READY\",\n  \"decision\": \"STAGE141_DEMO_OUTCOME_PROFIT_CONFIRMED_CONTINUE_LOOP\",\n  \"root\": \"/Users/vahid/Desktop/xauusd-trader\",\n  \"stage134_summary\": \"/Users/vahid/Desktop/xauusd-trader/reports/stage134_demo_executor_pilot/stage134_demo_executor_pilot_summary.json\",\n  \"stage138_summary\": \"/Users/vahid/Desktop/xauusd-trader/reports/stage138_broker_technical_demo_discovery/stage138_broker_technical_demo_discovery_summary.json\",\n  \"stage140_summary\": \"/Users/vahid/Desktop/xauusd-trader/reports/stage140_demo_closed_deal_outcome_monitor/stage140_demo_closed_deal_outcome_monitor_summary.json\",\n  \"outcome_status\": \"PROFIT\",\n  \"exit_reason_inferred\": \"TP\",\n  \"net_profit\": \"18.10\",\n  \"points_move\": \"18.10\",\n  \"bps_move\": \"44.79\",\n  \"rule_id\": \"D138C_ret_48h_bps_GEQ50__trend_50_100_bps_LEQ50\",\n  \"signal_key\": \"2026-07-01T23:00:00Z|D138C_ret_48h_bps_GEQ50__trend_50_100_bps_LEQ50\",\n  \"entry_price\": \"4040.92\",\n  \"exit_price\": \"4059.02\",\n  \"entry_deal_ticket\": \"226955799\",\n  \"exit_deal_ticket\": \"226977712\",\n  \"ledger_csv\": \"/Users/vahid/Desktop/xauusd-trader/data/demo_execution/stage141_demo_execution_outcome_ledger.csv\",\n  \"latest_csv\": \"/Users/vahid/Desktop/xauusd-trader/reports/stage141_demo_execution_outcome_ledger/stage141_latest_demo_execution_outcome.csv\",\n  \"ledger_row_appended\": false,\n  \"ledger_row_count\": 3,\n  \"next_action\": \"CONTINUE_DEMO_LOOP_ALLOW_NEXT_DISTINCT_SIGNAL\",\n  \"next\": [\n    \"Keep Stage138 refresh running and keep Stage134 duplicate guard enabled.\",\n    \"Allow the next demo order only on a distinct new signal key, not the already closed signal.\",\n    \"After several outcomes, evaluate rule expectancy from the Stage141 ledger before live-real consideration.\"\n  ]\n}\n",
      "stderr_tail": ""
    }
  ],
  "loop_health": "OK",
  "loop_decision": "STAGE142_LOOP_READY_FOR_NEXT_DISTINCT_SIGNAL_AFTER_PROFIT",
  "next_action": "KEEP_STAGE134_ARMED_WAIT_FOR_NEXT_DISTINCT_SIGNAL",
  "stage138_selected_rule_id": "D138C_ret_48h_bps_GEQ50__trend_50_100_bps_LEQ50",
  "stage138_bar_max_utc": "2026-07-01T23:00:00+00:00",
  "stage134_collector_decision": "STAGE134_DEMO_ORDER_ACCEPTED_COLLECT_PNL",
  "stage139_collector_decision": "STAGE139_NO_OPEN_POSITION_AFTER_ACCEPTED_ORDER_CHECK_HISTORY_OR_CLOSED",
  "stage140_collector_decision": "STAGE140_CLOSED_DEMO_DEAL_PROFIT",
  "stage141_decision": "STAGE141_DEMO_OUTCOME_PROFIT_CONFIRMED_CONTINUE_LOOP",
  "stage141_outcome_status": "PROFIT",
  "stage141_signal_key": "2026-07-01T23:00:00Z|D138C_ret_48h_bps_GEQ50__trend_50_100_bps_LEQ50",
  "stage141_net_profit": "18.10",
  "stage141_bps_move": "44.79",
  "stage141_ledger_row_count": 3,
  "latest_csv": "/Users/vahid/Desktop/xauusd-trader/reports/stage142_demo_loop_supervisor/stage142_latest_demo_loop_supervisor_snapshot.csv",
  "history_csv": "/Users/vahid/Desktop/xauusd-trader/data/demo_execution/stage142_demo_loop_supervisor_snapshots.csv",
  "risk_manifest_csv": "/Users/vahid/Desktop/xauusd-trader/reports/stage142_demo_loop_supervisor/stage142_risk_manifest.csv",
  "summary_json": "/Users/vahid/Desktop/xauusd-trader/reports/stage142_demo_loop_supervisor/stage142_demo_loop_supervisor_summary.json",
  "next": [
    "Keep Stage134 EA armed only on demo account.",
    "Run Stage142B fast loop every 10 minutes; run Stage138 refresh separately/manual or slower.",
    "Allow new orders only for distinct signal keys and ledger every closed outcome."
  ]
}
{
  "stage": "Stage142_DEMO_LOOP_SUPERVISOR",
  "generated_utc": "2026-07-02T05:18:48Z",
  "status": "STAGE142B_COMPLETE_FAST_DEMO_LOOP_SUPERVISOR_READY",
  "root": "/Users/vahid/Desktop/xauusd-trader",
  "dry_run": false,
  "with_stage138_refresh": false,
  "commands_run": 4,
  "command_failures": 0,
  "command_results": [
    {
      "name": "stage134_collector",
      "cmd": [
        "/Library/Developer/CommandLineTools/usr/bin/python3",
        "app/stage134_demo_executor_pilot_collector.py",
        "--root",
        "/Users/vahid/Desktop/xauusd-trader",
        "--write-mt5-status-kv"
      ],
      "returncode": 0,
      "dry_run": false,
      "stdout_tail": "_50_100_bps_LEQ50\",\n      \"rule_id\": \"D138C_ret_48h_bps_GEQ50__trend_50_100_bps_LEQ50\",\n      \"feature_date\": \"2026-07-01T23:00:00Z\",\n      \"lot\": \"0.01\",\n      \"price\": \"4040.92\",\n      \"sl\": \"4028.92\",\n      \"tp\": \"4058.92\",\n      \"ok\": \"true\",\n      \"retcode\": \"10009\",\n      \"retcode_description\": \"done at 4040.92\",\n      \"account_mode\": \"DEMO\",\n      \"demo_required\": \"true\",\n      \"demo_orders_enabled\": \"true\",\n      \"note\": \"stage134_demo_only_execution_pilot\"\n    }\n  ],\n  \"latest_snapshot_csv\": \"/Users/vahid/Desktop/xauusd-trader/reports/stage134_demo_executor_pilot/stage134_latest_demo_executor_snapshot.csv\",\n  \"history_csv\": \"/Users/vahid/Desktop/xauusd-trader/data/demo_execution/stage134_demo_executor_snapshots.csv\",\n  \"risk_manifest_csv\": \"/Users/vahid/Desktop/xauusd-trader/reports/stage134_demo_executor_pilot/stage134_demo_risk_manifest.csv\",\n  \"status_kv_repo\": \"/Users/vahid/Desktop/xauusd-trader/data/demo_execution/stage134_demo_executor_collector_status_kv.csv\",\n  \"status_kv_report\": \"/Users/vahid/Desktop/xauusd-trader/reports/stage134_demo_executor_pilot/stage134_demo_executor_collector_status_kv.csv\",\n  \"mt5_collector_status_kv\": \"/Users/vahid/Library/Application Support/net.metaquotes.wine.metatrader5/drive_c/Program Files/MetaTrader 5/MQL5/Files/xauusd_stage134_demo_executor_collector_status_kv.csv\",\n  \"summary_json\": \"/Users/vahid/Desktop/xauusd-trader/reports/stage134_demo_executor_pilot/stage134_demo_executor_pilot_summary.json\",\n  \"report_md\": \"/Users/vahid/Desktop/xauusd-trader/reports/stage134_demo_executor_pilot/stage134_demo_executor_pilot_report.md\",\n  \"next\": [\n    \"If collector_decision is STAGE134_DEMO_ORDER_ACCEPTED_COLLECT_PNL, inspect MT5 demo position and subsequent PnL.\",\n    \"If status_fresh remains false but trade_log shows accepted orders, use trade_log fields as execution source of truth.\",\n    \"Do not send a duplicate order for the same signal unless the existing demo position is closed or state is intentionally reset.\"\n  ]\n}\n",
      "stderr_tail": ""
    },
    {
      "name": "stage139_position_collector",
      "cmd": [
        "/Library/Developer/CommandLineTools/usr/bin/python3",
        "app/stage139_demo_position_outcome_collector.py",
        "--root",
        "/Users/vahid/Desktop/xauusd-trader",
        "--write-mt5-status-kv"
      ],
      "returncode": 0,
      "dry_run": false,
      "stdout_tail": "0.00\",\n  \"position_current_price\": \"0.00\",\n  \"position_sl\": \"0.00\",\n  \"position_tp\": \"0.00\",\n  \"position_profit\": \"0.00\",\n  \"position_swap\": \"0.00\",\n  \"position_commission\": \"0.00\",\n  \"position_magic\": \"0\",\n  \"position_comment\": \"\",\n  \"stage134_trade_attempts\": 2,\n  \"stage134_trade_accepted\": 2,\n  \"latest_stage134_rule_id\": \"D138C_ret_48h_bps_GEQ50__trend_50_100_bps_LEQ50\",\n  \"latest_stage134_signal_key\": \"2026-07-01T23:00:00Z|D138C_ret_48h_bps_GEQ50__trend_50_100_bps_LEQ50\",\n  \"latest_stage134_entry_price\": \"4040.92\",\n  \"latest_stage134_lot\": \"0.01\",\n  \"latest_stage134_retcode\": \"10009\",\n  \"latest_snapshot_csv\": \"/Users/vahid/Desktop/xauusd-trader/reports/stage139_demo_position_outcome_monitor/stage139_latest_position_outcome_snapshot.csv\",\n  \"history_csv\": \"/Users/vahid/Desktop/xauusd-trader/data/demo_execution/stage139_demo_position_outcome_snapshots.csv\",\n  \"risk_manifest_csv\": \"/Users/vahid/Desktop/xauusd-trader/reports/stage139_demo_position_outcome_monitor/stage139_risk_manifest.csv\",\n  \"status_kv_repo\": \"/Users/vahid/Desktop/xauusd-trader/data/demo_execution/stage139_position_outcome_collector_status_kv.csv\",\n  \"status_kv_report\": \"/Users/vahid/Desktop/xauusd-trader/reports/stage139_demo_position_outcome_monitor/stage139_position_outcome_collector_status_kv.csv\",\n  \"mt5_collector_status_kv\": \"/Users/vahid/Library/Application Support/net.metaquotes.wine.metatrader5/drive_c/Program Files/MetaTrader 5/MQL5/Files/xauusd_stage139_position_outcome_collector_status_kv.csv\",\n  \"summary_json\": \"/Users/vahid/Desktop/xauusd-trader/reports/stage139_demo_position_outcome_monitor/stage139_demo_position_outcome_monitor_summary.json\",\n  \"next\": [\n    \"If monitor is not confirmed, compile and attach Stage139_DemoPositionOutcomeMonitor indicator to the XAUUSD chart.\",\n    \"If an open demo position exists, keep monitoring floating PnL until SL/TP/time-exit/closure.\",\n    \"Do not duplicate the Stage134 order for the same signal while this position/outcome is unresolved.\"\n  ]\n}\n",
      "stderr_tail": ""
    },
    {
      "name": "stage140_closed_deal_collector",
      "cmd": [
        "/Library/Developer/CommandLineTools/usr/bin/python3",
        "app/stage140_demo_closed_deal_outcome_collector.py",
        "--root",
        "/Users/vahid/Desktop/xauusd-trader",
        "--write-mt5-status-kv"
      ],
      "returncode": 0,
      "dry_run": false,
      "stdout_tail": "40001\",\n      \"reason_code\": \"3\",\n      \"comment\": \"Stage134Demo|D138C_ret_48h_bps_\"\n    },\n    {\n      \"generated_utc\": \"2026-07-02T05:18:26Z\",\n      \"ticket\": \"226977712\",\n      \"time\": \"2026-07-02T04:00:48Z\",\n      \"symbol\": \"XAUUSD\",\n      \"position_id\": \"249988982\",\n      \"entry_code\": \"1\",\n      \"type_code\": \"1\",\n      \"volume\": \"0.01\",\n      \"price\": \"4059.02\",\n      \"profit\": \"18.10\",\n      \"swap\": \"0.00\",\n      \"commission\": \"0.00\",\n      \"magic\": \"1340001\",\n      \"reason_code\": \"5\",\n      \"comment\": \"[tp 4058.92]\"\n    }\n  ],\n  \"latest_snapshot_csv\": \"/Users/vahid/Desktop/xauusd-trader/reports/stage140_demo_closed_deal_outcome_monitor/stage140_latest_closed_deal_outcome_snapshot.csv\",\n  \"history_csv\": \"/Users/vahid/Desktop/xauusd-trader/data/demo_execution/stage140_demo_closed_deal_outcome_snapshots.csv\",\n  \"risk_manifest_csv\": \"/Users/vahid/Desktop/xauusd-trader/reports/stage140_demo_closed_deal_outcome_monitor/stage140_risk_manifest.csv\",\n  \"status_kv_repo\": \"/Users/vahid/Desktop/xauusd-trader/data/demo_execution/stage140_closed_deal_outcome_collector_status_kv.csv\",\n  \"status_kv_report\": \"/Users/vahid/Desktop/xauusd-trader/reports/stage140_demo_closed_deal_outcome_monitor/stage140_closed_deal_outcome_collector_status_kv.csv\",\n  \"mt5_collector_status_kv\": \"/Users/vahid/Library/Application Support/net.metaquotes.wine.metatrader5/drive_c/Program Files/MetaTrader 5/MQL5/Files/xauusd_stage140_closed_deal_outcome_collector_status_kv.csv\",\n  \"summary_json\": \"/Users/vahid/Desktop/xauusd-trader/reports/stage140_demo_closed_deal_outcome_monitor/stage140_demo_closed_deal_outcome_monitor_summary.json\",\n  \"next\": [\n    \"If collector_decision is a closed profit/loss/flat outcome, archive the first demo-order outcome and continue demo loop with duplicate control.\",\n    \"If entry is found but no exit deal, keep Stage139 position monitor active and wait for closure.\",\n    \"If no symbol deal is found, widen the MT5 history window or verify the account/history tab.\"\n  ]\n}\n",
      "stderr_tail": ""
    },
    {
      "name": "stage141_ledger",
      "cmd": [
        "/Library/Developer/CommandLineTools/usr/bin/python3",
        "app/stage141_demo_execution_outcome_ledger.py",
        "--root",
        "/Users/vahid/Desktop/xauusd-trader"
      ],
      "returncode": 0,
      "dry_run": false,
      "stdout_tail": "{\n  \"stage\": \"Stage141_DEMO_EXECUTION_OUTCOME_LEDGER\",\n  \"generated_utc\": \"2026-07-02T05:18:51Z\",\n  \"status\": \"STAGE141_COMPLETE_DEMO_EXECUTION_OUTCOME_LEDGER_READY\",\n  \"decision\": \"STAGE141_DEMO_OUTCOME_PROFIT_CONFIRMED_CONTINUE_LOOP\",\n  \"root\": \"/Users/vahid/Desktop/xauusd-trader\",\n  \"stage134_summary\": \"/Users/vahid/Desktop/xauusd-trader/reports/stage134_demo_executor_pilot/stage134_demo_executor_pilot_summary.json\",\n  \"stage138_summary\": \"/Users/vahid/Desktop/xauusd-trader/reports/stage138_broker_technical_demo_discovery/stage138_broker_technical_demo_discovery_summary.json\",\n  \"stage140_summary\": \"/Users/vahid/Desktop/xauusd-trader/reports/stage140_demo_closed_deal_outcome_monitor/stage140_demo_closed_deal_outcome_monitor_summary.json\",\n  \"outcome_status\": \"PROFIT\",\n  \"exit_reason_inferred\": \"TP\",\n  \"net_profit\": \"18.10\",\n  \"points_move\": \"18.10\",\n  \"bps_move\": \"44.79\",\n  \"rule_id\": \"D138C_ret_48h_bps_GEQ50__trend_50_100_bps_LEQ50\",\n  \"signal_key\": \"2026-07-01T23:00:00Z|D138C_ret_48h_bps_GEQ50__trend_50_100_bps_LEQ50\",\n  \"entry_price\": \"4040.92\",\n  \"exit_price\": \"4059.02\",\n  \"entry_deal_ticket\": \"226955799\",\n  \"exit_deal_ticket\": \"226977712\",\n  \"ledger_csv\": \"/Users/vahid/Desktop/xauusd-trader/data/demo_execution/stage141_demo_execution_outcome_ledger.csv\",\n  \"latest_csv\": \"/Users/vahid/Desktop/xauusd-trader/reports/stage141_demo_execution_outcome_ledger/stage141_latest_demo_execution_outcome.csv\",\n  \"ledger_row_appended\": false,\n  \"ledger_row_count\": 3,\n  \"next_action\": \"CONTINUE_DEMO_LOOP_ALLOW_NEXT_DISTINCT_SIGNAL\",\n  \"next\": [\n    \"Keep Stage138 refresh running and keep Stage134 duplicate guard enabled.\",\n    \"Allow the next demo order only on a distinct new signal key, not the already closed signal.\",\n    \"After several outcomes, evaluate rule expectancy from the Stage141 ledger before live-real consideration.\"\n  ]\n}\n",
      "stderr_tail": ""
    }
  ],
  "loop_health": "OK",
  "loop_decision": "STAGE142_LOOP_READY_FOR_NEXT_DISTINCT_SIGNAL_AFTER_PROFIT",
  "next_action": "KEEP_STAGE134_ARMED_WAIT_FOR_NEXT_DISTINCT_SIGNAL",
  "stage138_selected_rule_id": "D138C_ret_48h_bps_GEQ50__trend_50_100_bps_LEQ50",
  "stage138_bar_max_utc": "2026-07-01T23:00:00+00:00",
  "stage134_collector_decision": "STAGE134_DEMO_ORDER_ACCEPTED_COLLECT_PNL",
  "stage139_collector_decision": "STAGE139_NO_OPEN_POSITION_AFTER_ACCEPTED_ORDER_CHECK_HISTORY_OR_CLOSED",
  "stage140_collector_decision": "STAGE140_CLOSED_DEMO_DEAL_PROFIT",
  "stage141_decision": "STAGE141_DEMO_OUTCOME_PROFIT_CONFIRMED_CONTINUE_LOOP",
  "stage141_outcome_status": "PROFIT",
  "stage141_signal_key": "2026-07-01T23:00:00Z|D138C_ret_48h_bps_GEQ50__trend_50_100_bps_LEQ50",
  "stage141_net_profit": "18.10",
  "stage141_bps_move": "44.79",
  "stage141_ledger_row_count": 3,
  "latest_csv": "/Users/vahid/Desktop/xauusd-trader/reports/stage142_demo_loop_supervisor/stage142_latest_demo_loop_supervisor_snapshot.csv",
  "history_csv": "/Users/vahid/Desktop/xauusd-trader/data/demo_execution/stage142_demo_loop_supervisor_snapshots.csv",
  "risk_manifest_csv": "/Users/vahid/Desktop/xauusd-trader/reports/stage142_demo_loop_supervisor/stage142_risk_manifest.csv",
  "summary_json": "/Users/vahid/Desktop/xauusd-trader/reports/stage142_demo_loop_supervisor/stage142_demo_loop_supervisor_summary.json",
  "next": [
    "Keep Stage134 EA armed only on demo account.",
    "Run Stage142B fast loop every 10 minutes; run Stage138 refresh separately/manual or slower.",
    "Allow new orders only for distinct signal keys and ledger every closed outcome."
  ]
}
{
  "stage": "Stage142_DEMO_LOOP_SUPERVISOR",
  "generated_utc": "2026-07-02T05:28:52Z",
  "status": "STAGE142B_COMPLETE_FAST_DEMO_LOOP_SUPERVISOR_READY",
  "root": "/Users/vahid/Desktop/xauusd-trader",
  "dry_run": false,
  "with_stage138_refresh": false,
  "commands_run": 4,
  "command_failures": 0,
  "command_results": [
    {
      "name": "stage134_collector",
      "cmd": [
        "/Library/Developer/CommandLineTools/usr/bin/python3",
        "app/stage134_demo_executor_pilot_collector.py",
        "--root",
        "/Users/vahid/Desktop/xauusd-trader",
        "--write-mt5-status-kv"
      ],
      "returncode": 0,
      "dry_run": false,
      "stdout_tail": "_50_100_bps_LEQ50\",\n      \"rule_id\": \"D138C_ret_48h_bps_GEQ50__trend_50_100_bps_LEQ50\",\n      \"feature_date\": \"2026-07-01T23:00:00Z\",\n      \"lot\": \"0.01\",\n      \"price\": \"4040.92\",\n      \"sl\": \"4028.92\",\n      \"tp\": \"4058.92\",\n      \"ok\": \"true\",\n      \"retcode\": \"10009\",\n      \"retcode_description\": \"done at 4040.92\",\n      \"account_mode\": \"DEMO\",\n      \"demo_required\": \"true\",\n      \"demo_orders_enabled\": \"true\",\n      \"note\": \"stage134_demo_only_execution_pilot\"\n    }\n  ],\n  \"latest_snapshot_csv\": \"/Users/vahid/Desktop/xauusd-trader/reports/stage134_demo_executor_pilot/stage134_latest_demo_executor_snapshot.csv\",\n  \"history_csv\": \"/Users/vahid/Desktop/xauusd-trader/data/demo_execution/stage134_demo_executor_snapshots.csv\",\n  \"risk_manifest_csv\": \"/Users/vahid/Desktop/xauusd-trader/reports/stage134_demo_executor_pilot/stage134_demo_risk_manifest.csv\",\n  \"status_kv_repo\": \"/Users/vahid/Desktop/xauusd-trader/data/demo_execution/stage134_demo_executor_collector_status_kv.csv\",\n  \"status_kv_report\": \"/Users/vahid/Desktop/xauusd-trader/reports/stage134_demo_executor_pilot/stage134_demo_executor_collector_status_kv.csv\",\n  \"mt5_collector_status_kv\": \"/Users/vahid/Library/Application Support/net.metaquotes.wine.metatrader5/drive_c/Program Files/MetaTrader 5/MQL5/Files/xauusd_stage134_demo_executor_collector_status_kv.csv\",\n  \"summary_json\": \"/Users/vahid/Desktop/xauusd-trader/reports/stage134_demo_executor_pilot/stage134_demo_executor_pilot_summary.json\",\n  \"report_md\": \"/Users/vahid/Desktop/xauusd-trader/reports/stage134_demo_executor_pilot/stage134_demo_executor_pilot_report.md\",\n  \"next\": [\n    \"If collector_decision is STAGE134_DEMO_ORDER_ACCEPTED_COLLECT_PNL, inspect MT5 demo position and subsequent PnL.\",\n    \"If status_fresh remains false but trade_log shows accepted orders, use trade_log fields as execution source of truth.\",\n    \"Do not send a duplicate order for the same signal unless the existing demo position is closed or state is intentionally reset.\"\n  ]\n}\n",
      "stderr_tail": ""
    },
    {
      "name": "stage139_position_collector",
      "cmd": [
        "/Library/Developer/CommandLineTools/usr/bin/python3",
        "app/stage139_demo_position_outcome_collector.py",
        "--root",
        "/Users/vahid/Desktop/xauusd-trader",
        "--write-mt5-status-kv"
      ],
      "returncode": 0,
      "dry_run": false,
      "stdout_tail": "0.00\",\n  \"position_current_price\": \"0.00\",\n  \"position_sl\": \"0.00\",\n  \"position_tp\": \"0.00\",\n  \"position_profit\": \"0.00\",\n  \"position_swap\": \"0.00\",\n  \"position_commission\": \"0.00\",\n  \"position_magic\": \"0\",\n  \"position_comment\": \"\",\n  \"stage134_trade_attempts\": 2,\n  \"stage134_trade_accepted\": 2,\n  \"latest_stage134_rule_id\": \"D138C_ret_48h_bps_GEQ50__trend_50_100_bps_LEQ50\",\n  \"latest_stage134_signal_key\": \"2026-07-01T23:00:00Z|D138C_ret_48h_bps_GEQ50__trend_50_100_bps_LEQ50\",\n  \"latest_stage134_entry_price\": \"4040.92\",\n  \"latest_stage134_lot\": \"0.01\",\n  \"latest_stage134_retcode\": \"10009\",\n  \"latest_snapshot_csv\": \"/Users/vahid/Desktop/xauusd-trader/reports/stage139_demo_position_outcome_monitor/stage139_latest_position_outcome_snapshot.csv\",\n  \"history_csv\": \"/Users/vahid/Desktop/xauusd-trader/data/demo_execution/stage139_demo_position_outcome_snapshots.csv\",\n  \"risk_manifest_csv\": \"/Users/vahid/Desktop/xauusd-trader/reports/stage139_demo_position_outcome_monitor/stage139_risk_manifest.csv\",\n  \"status_kv_repo\": \"/Users/vahid/Desktop/xauusd-trader/data/demo_execution/stage139_position_outcome_collector_status_kv.csv\",\n  \"status_kv_report\": \"/Users/vahid/Desktop/xauusd-trader/reports/stage139_demo_position_outcome_monitor/stage139_position_outcome_collector_status_kv.csv\",\n  \"mt5_collector_status_kv\": \"/Users/vahid/Library/Application Support/net.metaquotes.wine.metatrader5/drive_c/Program Files/MetaTrader 5/MQL5/Files/xauusd_stage139_position_outcome_collector_status_kv.csv\",\n  \"summary_json\": \"/Users/vahid/Desktop/xauusd-trader/reports/stage139_demo_position_outcome_monitor/stage139_demo_position_outcome_monitor_summary.json\",\n  \"next\": [\n    \"If monitor is not confirmed, compile and attach Stage139_DemoPositionOutcomeMonitor indicator to the XAUUSD chart.\",\n    \"If an open demo position exists, keep monitoring floating PnL until SL/TP/time-exit/closure.\",\n    \"Do not duplicate the Stage134 order for the same signal while this position/outcome is unresolved.\"\n  ]\n}\n",
      "stderr_tail": ""
    },
    {
      "name": "stage140_closed_deal_collector",
      "cmd": [
        "/Library/Developer/CommandLineTools/usr/bin/python3",
        "app/stage140_demo_closed_deal_outcome_collector.py",
        "--root",
        "/Users/vahid/Desktop/xauusd-trader",
        "--write-mt5-status-kv"
      ],
      "returncode": 0,
      "dry_run": false,
      "stdout_tail": "40001\",\n      \"reason_code\": \"3\",\n      \"comment\": \"Stage134Demo|D138C_ret_48h_bps_\"\n    },\n    {\n      \"generated_utc\": \"2026-07-02T05:28:26Z\",\n      \"ticket\": \"226977712\",\n      \"time\": \"2026-07-02T04:00:48Z\",\n      \"symbol\": \"XAUUSD\",\n      \"position_id\": \"249988982\",\n      \"entry_code\": \"1\",\n      \"type_code\": \"1\",\n      \"volume\": \"0.01\",\n      \"price\": \"4059.02\",\n      \"profit\": \"18.10\",\n      \"swap\": \"0.00\",\n      \"commission\": \"0.00\",\n      \"magic\": \"1340001\",\n      \"reason_code\": \"5\",\n      \"comment\": \"[tp 4058.92]\"\n    }\n  ],\n  \"latest_snapshot_csv\": \"/Users/vahid/Desktop/xauusd-trader/reports/stage140_demo_closed_deal_outcome_monitor/stage140_latest_closed_deal_outcome_snapshot.csv\",\n  \"history_csv\": \"/Users/vahid/Desktop/xauusd-trader/data/demo_execution/stage140_demo_closed_deal_outcome_snapshots.csv\",\n  \"risk_manifest_csv\": \"/Users/vahid/Desktop/xauusd-trader/reports/stage140_demo_closed_deal_outcome_monitor/stage140_risk_manifest.csv\",\n  \"status_kv_repo\": \"/Users/vahid/Desktop/xauusd-trader/data/demo_execution/stage140_closed_deal_outcome_collector_status_kv.csv\",\n  \"status_kv_report\": \"/Users/vahid/Desktop/xauusd-trader/reports/stage140_demo_closed_deal_outcome_monitor/stage140_closed_deal_outcome_collector_status_kv.csv\",\n  \"mt5_collector_status_kv\": \"/Users/vahid/Library/Application Support/net.metaquotes.wine.metatrader5/drive_c/Program Files/MetaTrader 5/MQL5/Files/xauusd_stage140_closed_deal_outcome_collector_status_kv.csv\",\n  \"summary_json\": \"/Users/vahid/Desktop/xauusd-trader/reports/stage140_demo_closed_deal_outcome_monitor/stage140_demo_closed_deal_outcome_monitor_summary.json\",\n  \"next\": [\n    \"If collector_decision is a closed profit/loss/flat outcome, archive the first demo-order outcome and continue demo loop with duplicate control.\",\n    \"If entry is found but no exit deal, keep Stage139 position monitor active and wait for closure.\",\n    \"If no symbol deal is found, widen the MT5 history window or verify the account/history tab.\"\n  ]\n}\n",
      "stderr_tail": ""
    },
    {
      "name": "stage141_ledger",
      "cmd": [
        "/Library/Developer/CommandLineTools/usr/bin/python3",
        "app/stage141_demo_execution_outcome_ledger.py",
        "--root",
        "/Users/vahid/Desktop/xauusd-trader"
      ],
      "returncode": 0,
      "dry_run": false,
      "stdout_tail": "{\n  \"stage\": \"Stage141_DEMO_EXECUTION_OUTCOME_LEDGER\",\n  \"generated_utc\": \"2026-07-02T05:28:54Z\",\n  \"status\": \"STAGE141_COMPLETE_DEMO_EXECUTION_OUTCOME_LEDGER_READY\",\n  \"decision\": \"STAGE141_DEMO_OUTCOME_PROFIT_CONFIRMED_CONTINUE_LOOP\",\n  \"root\": \"/Users/vahid/Desktop/xauusd-trader\",\n  \"stage134_summary\": \"/Users/vahid/Desktop/xauusd-trader/reports/stage134_demo_executor_pilot/stage134_demo_executor_pilot_summary.json\",\n  \"stage138_summary\": \"/Users/vahid/Desktop/xauusd-trader/reports/stage138_broker_technical_demo_discovery/stage138_broker_technical_demo_discovery_summary.json\",\n  \"stage140_summary\": \"/Users/vahid/Desktop/xauusd-trader/reports/stage140_demo_closed_deal_outcome_monitor/stage140_demo_closed_deal_outcome_monitor_summary.json\",\n  \"outcome_status\": \"PROFIT\",\n  \"exit_reason_inferred\": \"TP\",\n  \"net_profit\": \"18.10\",\n  \"points_move\": \"18.10\",\n  \"bps_move\": \"44.79\",\n  \"rule_id\": \"D138C_ret_48h_bps_GEQ50__trend_50_100_bps_LEQ50\",\n  \"signal_key\": \"2026-07-01T23:00:00Z|D138C_ret_48h_bps_GEQ50__trend_50_100_bps_LEQ50\",\n  \"entry_price\": \"4040.92\",\n  \"exit_price\": \"4059.02\",\n  \"entry_deal_ticket\": \"226955799\",\n  \"exit_deal_ticket\": \"226977712\",\n  \"ledger_csv\": \"/Users/vahid/Desktop/xauusd-trader/data/demo_execution/stage141_demo_execution_outcome_ledger.csv\",\n  \"latest_csv\": \"/Users/vahid/Desktop/xauusd-trader/reports/stage141_demo_execution_outcome_ledger/stage141_latest_demo_execution_outcome.csv\",\n  \"ledger_row_appended\": false,\n  \"ledger_row_count\": 3,\n  \"next_action\": \"CONTINUE_DEMO_LOOP_ALLOW_NEXT_DISTINCT_SIGNAL\",\n  \"next\": [\n    \"Keep Stage138 refresh running and keep Stage134 duplicate guard enabled.\",\n    \"Allow the next demo order only on a distinct new signal key, not the already closed signal.\",\n    \"After several outcomes, evaluate rule expectancy from the Stage141 ledger before live-real consideration.\"\n  ]\n}\n",
      "stderr_tail": ""
    }
  ],
  "loop_health": "OK",
  "loop_decision": "STAGE142_LOOP_READY_FOR_NEXT_DISTINCT_SIGNAL_AFTER_PROFIT",
  "next_action": "KEEP_STAGE134_ARMED_WAIT_FOR_NEXT_DISTINCT_SIGNAL",
  "stage138_selected_rule_id": "D138C_ret_48h_bps_GEQ50__trend_50_100_bps_LEQ50",
  "stage138_bar_max_utc": "2026-07-01T23:00:00+00:00",
  "stage134_collector_decision": "STAGE134_DEMO_ORDER_ACCEPTED_COLLECT_PNL",
  "stage139_collector_decision": "STAGE139_NO_OPEN_POSITION_AFTER_ACCEPTED_ORDER_CHECK_HISTORY_OR_CLOSED",
  "stage140_collector_decision": "STAGE140_CLOSED_DEMO_DEAL_PROFIT",
  "stage141_decision": "STAGE141_DEMO_OUTCOME_PROFIT_CONFIRMED_CONTINUE_LOOP",
  "stage141_outcome_status": "PROFIT",
  "stage141_signal_key": "2026-07-01T23:00:00Z|D138C_ret_48h_bps_GEQ50__trend_50_100_bps_LEQ50",
  "stage141_net_profit": "18.10",
  "stage141_bps_move": "44.79",
  "stage141_ledger_row_count": 3,
  "latest_csv": "/Users/vahid/Desktop/xauusd-trader/reports/stage142_demo_loop_supervisor/stage142_latest_demo_loop_supervisor_snapshot.csv",
  "history_csv": "/Users/vahid/Desktop/xauusd-trader/data/demo_execution/stage142_demo_loop_supervisor_snapshots.csv",
  "risk_manifest_csv": "/Users/vahid/Desktop/xauusd-trader/reports/stage142_demo_loop_supervisor/stage142_risk_manifest.csv",
  "summary_json": "/Users/vahid/Desktop/xauusd-trader/reports/stage142_demo_loop_supervisor/stage142_demo_loop_supervisor_summary.json",
  "next": [
    "Keep Stage134 EA armed only on demo account.",
    "Run Stage142B fast loop every 10 minutes; run Stage138 refresh separately/manual or slower.",
    "Allow new orders only for distinct signal keys and ledger every closed outcome."
  ]
}
{
  "stage": "Stage142_DEMO_LOOP_SUPERVISOR",
  "generated_utc": "2026-07-02T05:40:55Z",
  "status": "STAGE142B_COMPLETE_FAST_DEMO_LOOP_SUPERVISOR_READY",
  "root": "/Users/vahid/Desktop/xauusd-trader",
  "dry_run": false,
  "with_stage138_refresh": false,
  "commands_run": 4,
  "command_failures": 0,
  "command_results": [
    {
      "name": "stage134_collector",
      "cmd": [
        "/Library/Developer/CommandLineTools/usr/bin/python3",
        "app/stage134_demo_executor_pilot_collector.py",
        "--root",
        "/Users/vahid/Desktop/xauusd-trader",
        "--write-mt5-status-kv"
      ],
      "returncode": 0,
      "dry_run": false,
      "stdout_tail": "_50_100_bps_LEQ50\",\n      \"rule_id\": \"D138C_ret_48h_bps_GEQ50__trend_50_100_bps_LEQ50\",\n      \"feature_date\": \"2026-07-01T23:00:00Z\",\n      \"lot\": \"0.01\",\n      \"price\": \"4040.92\",\n      \"sl\": \"4028.92\",\n      \"tp\": \"4058.92\",\n      \"ok\": \"true\",\n      \"retcode\": \"10009\",\n      \"retcode_description\": \"done at 4040.92\",\n      \"account_mode\": \"DEMO\",\n      \"demo_required\": \"true\",\n      \"demo_orders_enabled\": \"true\",\n      \"note\": \"stage134_demo_only_execution_pilot\"\n    }\n  ],\n  \"latest_snapshot_csv\": \"/Users/vahid/Desktop/xauusd-trader/reports/stage134_demo_executor_pilot/stage134_latest_demo_executor_snapshot.csv\",\n  \"history_csv\": \"/Users/vahid/Desktop/xauusd-trader/data/demo_execution/stage134_demo_executor_snapshots.csv\",\n  \"risk_manifest_csv\": \"/Users/vahid/Desktop/xauusd-trader/reports/stage134_demo_executor_pilot/stage134_demo_risk_manifest.csv\",\n  \"status_kv_repo\": \"/Users/vahid/Desktop/xauusd-trader/data/demo_execution/stage134_demo_executor_collector_status_kv.csv\",\n  \"status_kv_report\": \"/Users/vahid/Desktop/xauusd-trader/reports/stage134_demo_executor_pilot/stage134_demo_executor_collector_status_kv.csv\",\n  \"mt5_collector_status_kv\": \"/Users/vahid/Library/Application Support/net.metaquotes.wine.metatrader5/drive_c/Program Files/MetaTrader 5/MQL5/Files/xauusd_stage134_demo_executor_collector_status_kv.csv\",\n  \"summary_json\": \"/Users/vahid/Desktop/xauusd-trader/reports/stage134_demo_executor_pilot/stage134_demo_executor_pilot_summary.json\",\n  \"report_md\": \"/Users/vahid/Desktop/xauusd-trader/reports/stage134_demo_executor_pilot/stage134_demo_executor_pilot_report.md\",\n  \"next\": [\n    \"If collector_decision is STAGE134_DEMO_ORDER_ACCEPTED_COLLECT_PNL, inspect MT5 demo position and subsequent PnL.\",\n    \"If status_fresh remains false but trade_log shows accepted orders, use trade_log fields as execution source of truth.\",\n    \"Do not send a duplicate order for the same signal unless the existing demo position is closed or state is intentionally reset.\"\n  ]\n}\n",
      "stderr_tail": ""
    },
    {
      "name": "stage139_position_collector",
      "cmd": [
        "/Library/Developer/CommandLineTools/usr/bin/python3",
        "app/stage139_demo_position_outcome_collector.py",
        "--root",
        "/Users/vahid/Desktop/xauusd-trader",
        "--write-mt5-status-kv"
      ],
      "returncode": 0,
      "dry_run": false,
      "stdout_tail": "0.00\",\n  \"position_current_price\": \"0.00\",\n  \"position_sl\": \"0.00\",\n  \"position_tp\": \"0.00\",\n  \"position_profit\": \"0.00\",\n  \"position_swap\": \"0.00\",\n  \"position_commission\": \"0.00\",\n  \"position_magic\": \"0\",\n  \"position_comment\": \"\",\n  \"stage134_trade_attempts\": 2,\n  \"stage134_trade_accepted\": 2,\n  \"latest_stage134_rule_id\": \"D138C_ret_48h_bps_GEQ50__trend_50_100_bps_LEQ50\",\n  \"latest_stage134_signal_key\": \"2026-07-01T23:00:00Z|D138C_ret_48h_bps_GEQ50__trend_50_100_bps_LEQ50\",\n  \"latest_stage134_entry_price\": \"4040.92\",\n  \"latest_stage134_lot\": \"0.01\",\n  \"latest_stage134_retcode\": \"10009\",\n  \"latest_snapshot_csv\": \"/Users/vahid/Desktop/xauusd-trader/reports/stage139_demo_position_outcome_monitor/stage139_latest_position_outcome_snapshot.csv\",\n  \"history_csv\": \"/Users/vahid/Desktop/xauusd-trader/data/demo_execution/stage139_demo_position_outcome_snapshots.csv\",\n  \"risk_manifest_csv\": \"/Users/vahid/Desktop/xauusd-trader/reports/stage139_demo_position_outcome_monitor/stage139_risk_manifest.csv\",\n  \"status_kv_repo\": \"/Users/vahid/Desktop/xauusd-trader/data/demo_execution/stage139_position_outcome_collector_status_kv.csv\",\n  \"status_kv_report\": \"/Users/vahid/Desktop/xauusd-trader/reports/stage139_demo_position_outcome_monitor/stage139_position_outcome_collector_status_kv.csv\",\n  \"mt5_collector_status_kv\": \"/Users/vahid/Library/Application Support/net.metaquotes.wine.metatrader5/drive_c/Program Files/MetaTrader 5/MQL5/Files/xauusd_stage139_position_outcome_collector_status_kv.csv\",\n  \"summary_json\": \"/Users/vahid/Desktop/xauusd-trader/reports/stage139_demo_position_outcome_monitor/stage139_demo_position_outcome_monitor_summary.json\",\n  \"next\": [\n    \"If monitor is not confirmed, compile and attach Stage139_DemoPositionOutcomeMonitor indicator to the XAUUSD chart.\",\n    \"If an open demo position exists, keep monitoring floating PnL until SL/TP/time-exit/closure.\",\n    \"Do not duplicate the Stage134 order for the same signal while this position/outcome is unresolved.\"\n  ]\n}\n",
      "stderr_tail": ""
    },
    {
      "name": "stage140_closed_deal_collector",
      "cmd": [
        "/Library/Developer/CommandLineTools/usr/bin/python3",
        "app/stage140_demo_closed_deal_outcome_collector.py",
        "--root",
        "/Users/vahid/Desktop/xauusd-trader",
        "--write-mt5-status-kv"
      ],
      "returncode": 0,
      "dry_run": false,
      "stdout_tail": "40001\",\n      \"reason_code\": \"3\",\n      \"comment\": \"Stage134Demo|D138C_ret_48h_bps_\"\n    },\n    {\n      \"generated_utc\": \"2026-07-02T05:40:54Z\",\n      \"ticket\": \"226977712\",\n      \"time\": \"2026-07-02T04:00:48Z\",\n      \"symbol\": \"XAUUSD\",\n      \"position_id\": \"249988982\",\n      \"entry_code\": \"1\",\n      \"type_code\": \"1\",\n      \"volume\": \"0.01\",\n      \"price\": \"4059.02\",\n      \"profit\": \"18.10\",\n      \"swap\": \"0.00\",\n      \"commission\": \"0.00\",\n      \"magic\": \"1340001\",\n      \"reason_code\": \"5\",\n      \"comment\": \"[tp 4058.92]\"\n    }\n  ],\n  \"latest_snapshot_csv\": \"/Users/vahid/Desktop/xauusd-trader/reports/stage140_demo_closed_deal_outcome_monitor/stage140_latest_closed_deal_outcome_snapshot.csv\",\n  \"history_csv\": \"/Users/vahid/Desktop/xauusd-trader/data/demo_execution/stage140_demo_closed_deal_outcome_snapshots.csv\",\n  \"risk_manifest_csv\": \"/Users/vahid/Desktop/xauusd-trader/reports/stage140_demo_closed_deal_outcome_monitor/stage140_risk_manifest.csv\",\n  \"status_kv_repo\": \"/Users/vahid/Desktop/xauusd-trader/data/demo_execution/stage140_closed_deal_outcome_collector_status_kv.csv\",\n  \"status_kv_report\": \"/Users/vahid/Desktop/xauusd-trader/reports/stage140_demo_closed_deal_outcome_monitor/stage140_closed_deal_outcome_collector_status_kv.csv\",\n  \"mt5_collector_status_kv\": \"/Users/vahid/Library/Application Support/net.metaquotes.wine.metatrader5/drive_c/Program Files/MetaTrader 5/MQL5/Files/xauusd_stage140_closed_deal_outcome_collector_status_kv.csv\",\n  \"summary_json\": \"/Users/vahid/Desktop/xauusd-trader/reports/stage140_demo_closed_deal_outcome_monitor/stage140_demo_closed_deal_outcome_monitor_summary.json\",\n  \"next\": [\n    \"If collector_decision is a closed profit/loss/flat outcome, archive the first demo-order outcome and continue demo loop with duplicate control.\",\n    \"If entry is found but no exit deal, keep Stage139 position monitor active and wait for closure.\",\n    \"If no symbol deal is found, widen the MT5 history window or verify the account/history tab.\"\n  ]\n}\n",
      "stderr_tail": ""
    },
    {
      "name": "stage141_ledger",
      "cmd": [
        "/Library/Developer/CommandLineTools/usr/bin/python3",
        "app/stage141_demo_execution_outcome_ledger.py",
        "--root",
        "/Users/vahid/Desktop/xauusd-trader"
      ],
      "returncode": 0,
      "dry_run": false,
      "stdout_tail": "{\n  \"stage\": \"Stage141_DEMO_EXECUTION_OUTCOME_LEDGER\",\n  \"generated_utc\": \"2026-07-02T05:40:57Z\",\n  \"status\": \"STAGE141_COMPLETE_DEMO_EXECUTION_OUTCOME_LEDGER_READY\",\n  \"decision\": \"STAGE141_DEMO_OUTCOME_PROFIT_CONFIRMED_CONTINUE_LOOP\",\n  \"root\": \"/Users/vahid/Desktop/xauusd-trader\",\n  \"stage134_summary\": \"/Users/vahid/Desktop/xauusd-trader/reports/stage134_demo_executor_pilot/stage134_demo_executor_pilot_summary.json\",\n  \"stage138_summary\": \"/Users/vahid/Desktop/xauusd-trader/reports/stage138_broker_technical_demo_discovery/stage138_broker_technical_demo_discovery_summary.json\",\n  \"stage140_summary\": \"/Users/vahid/Desktop/xauusd-trader/reports/stage140_demo_closed_deal_outcome_monitor/stage140_demo_closed_deal_outcome_monitor_summary.json\",\n  \"outcome_status\": \"PROFIT\",\n  \"exit_reason_inferred\": \"TP\",\n  \"net_profit\": \"18.10\",\n  \"points_move\": \"18.10\",\n  \"bps_move\": \"44.79\",\n  \"rule_id\": \"D138C_ret_48h_bps_GEQ50__trend_50_100_bps_LEQ50\",\n  \"signal_key\": \"2026-07-01T23:00:00Z|D138C_ret_48h_bps_GEQ50__trend_50_100_bps_LEQ50\",\n  \"entry_price\": \"4040.92\",\n  \"exit_price\": \"4059.02\",\n  \"entry_deal_ticket\": \"226955799\",\n  \"exit_deal_ticket\": \"226977712\",\n  \"ledger_csv\": \"/Users/vahid/Desktop/xauusd-trader/data/demo_execution/stage141_demo_execution_outcome_ledger.csv\",\n  \"latest_csv\": \"/Users/vahid/Desktop/xauusd-trader/reports/stage141_demo_execution_outcome_ledger/stage141_latest_demo_execution_outcome.csv\",\n  \"ledger_row_appended\": false,\n  \"ledger_row_count\": 3,\n  \"next_action\": \"CONTINUE_DEMO_LOOP_ALLOW_NEXT_DISTINCT_SIGNAL\",\n  \"next\": [\n    \"Keep Stage138 refresh running and keep Stage134 duplicate guard enabled.\",\n    \"Allow the next demo order only on a distinct new signal key, not the already closed signal.\",\n    \"After several outcomes, evaluate rule expectancy from the Stage141 ledger before live-real consideration.\"\n  ]\n}\n",
      "stderr_tail": ""
    }
  ],
  "loop_health": "OK",
  "loop_decision": "STAGE142_LOOP_READY_FOR_NEXT_DISTINCT_SIGNAL_AFTER_PROFIT",
  "next_action": "KEEP_STAGE134_ARMED_WAIT_FOR_NEXT_DISTINCT_SIGNAL",
  "stage138_selected_rule_id": "D138C_ret_48h_bps_GEQ65__trend_50_100_bps_LEQ50",
  "stage138_bar_max_utc": "2026-07-02T08:00:00+00:00",
  "stage134_collector_decision": "STAGE134_DEMO_ORDER_ACCEPTED_COLLECT_PNL",
  "stage139_collector_decision": "STAGE139_NO_OPEN_POSITION_AFTER_ACCEPTED_ORDER_CHECK_HISTORY_OR_CLOSED",
  "stage140_collector_decision": "STAGE140_CLOSED_DEMO_DEAL_PROFIT",
  "stage141_decision": "STAGE141_DEMO_OUTCOME_PROFIT_CONFIRMED_CONTINUE_LOOP",
  "stage141_outcome_status": "PROFIT",
  "stage141_signal_key": "2026-07-01T23:00:00Z|D138C_ret_48h_bps_GEQ50__trend_50_100_bps_LEQ50",
  "stage141_net_profit": "18.10",
  "stage141_bps_move": "44.79",
  "stage141_ledger_row_count": 3,
  "latest_csv": "/Users/vahid/Desktop/xauusd-trader/reports/stage142_demo_loop_supervisor/stage142_latest_demo_loop_supervisor_snapshot.csv",
  "history_csv": "/Users/vahid/Desktop/xauusd-trader/data/demo_execution/stage142_demo_loop_supervisor_snapshots.csv",
  "risk_manifest_csv": "/Users/vahid/Desktop/xauusd-trader/reports/stage142_demo_loop_supervisor/stage142_risk_manifest.csv",
  "summary_json": "/Users/vahid/Desktop/xauusd-trader/reports/stage142_demo_loop_supervisor/stage142_demo_loop_supervisor_summary.json",
  "next": [
    "Keep Stage134 EA armed only on demo account.",
    "Run Stage142B fast loop every 10 minutes; run Stage138 refresh separately/manual or slower.",
    "Allow new orders only for distinct signal keys and ledger every closed outcome."
  ]
}
{
  "stage": "Stage142_DEMO_LOOP_SUPERVISOR",
  "generated_utc": "2026-07-02T05:51:11Z",
  "status": "STAGE142B_COMPLETE_FAST_DEMO_LOOP_SUPERVISOR_READY",
  "root": "/Users/vahid/Desktop/xauusd-trader",
  "dry_run": false,
  "with_stage138_refresh": false,
  "commands_run": 4,
  "command_failures": 0,
  "command_results": [
    {
      "name": "stage134_collector",
      "cmd": [
        "/Library/Developer/CommandLineTools/usr/bin/python3",
        "app/stage134_demo_executor_pilot_collector.py",
        "--root",
        "/Users/vahid/Desktop/xauusd-trader",
        "--write-mt5-status-kv"
      ],
      "returncode": 0,
      "dry_run": false,
      "stdout_tail": "_50_100_bps_LEQ50\",\n      \"rule_id\": \"D138C_ret_48h_bps_GEQ50__trend_50_100_bps_LEQ50\",\n      \"feature_date\": \"2026-07-01T23:00:00Z\",\n      \"lot\": \"0.01\",\n      \"price\": \"4040.92\",\n      \"sl\": \"4028.92\",\n      \"tp\": \"4058.92\",\n      \"ok\": \"true\",\n      \"retcode\": \"10009\",\n      \"retcode_description\": \"done at 4040.92\",\n      \"account_mode\": \"DEMO\",\n      \"demo_required\": \"true\",\n      \"demo_orders_enabled\": \"true\",\n      \"note\": \"stage134_demo_only_execution_pilot\"\n    }\n  ],\n  \"latest_snapshot_csv\": \"/Users/vahid/Desktop/xauusd-trader/reports/stage134_demo_executor_pilot/stage134_latest_demo_executor_snapshot.csv\",\n  \"history_csv\": \"/Users/vahid/Desktop/xauusd-trader/data/demo_execution/stage134_demo_executor_snapshots.csv\",\n  \"risk_manifest_csv\": \"/Users/vahid/Desktop/xauusd-trader/reports/stage134_demo_executor_pilot/stage134_demo_risk_manifest.csv\",\n  \"status_kv_repo\": \"/Users/vahid/Desktop/xauusd-trader/data/demo_execution/stage134_demo_executor_collector_status_kv.csv\",\n  \"status_kv_report\": \"/Users/vahid/Desktop/xauusd-trader/reports/stage134_demo_executor_pilot/stage134_demo_executor_collector_status_kv.csv\",\n  \"mt5_collector_status_kv\": \"/Users/vahid/Library/Application Support/net.metaquotes.wine.metatrader5/drive_c/Program Files/MetaTrader 5/MQL5/Files/xauusd_stage134_demo_executor_collector_status_kv.csv\",\n  \"summary_json\": \"/Users/vahid/Desktop/xauusd-trader/reports/stage134_demo_executor_pilot/stage134_demo_executor_pilot_summary.json\",\n  \"report_md\": \"/Users/vahid/Desktop/xauusd-trader/reports/stage134_demo_executor_pilot/stage134_demo_executor_pilot_report.md\",\n  \"next\": [\n    \"If collector_decision is STAGE134_DEMO_ORDER_ACCEPTED_COLLECT_PNL, inspect MT5 demo position and subsequent PnL.\",\n    \"If status_fresh remains false but trade_log shows accepted orders, use trade_log fields as execution source of truth.\",\n    \"Do not send a duplicate order for the same signal unless the existing demo position is closed or state is intentionally reset.\"\n  ]\n}\n",
      "stderr_tail": ""
    },
    {
      "name": "stage139_position_collector",
      "cmd": [
        "/Library/Developer/CommandLineTools/usr/bin/python3",
        "app/stage139_demo_position_outcome_collector.py",
        "--root",
        "/Users/vahid/Desktop/xauusd-trader",
        "--write-mt5-status-kv"
      ],
      "returncode": 0,
      "dry_run": false,
      "stdout_tail": "0.00\",\n  \"position_current_price\": \"0.00\",\n  \"position_sl\": \"0.00\",\n  \"position_tp\": \"0.00\",\n  \"position_profit\": \"0.00\",\n  \"position_swap\": \"0.00\",\n  \"position_commission\": \"0.00\",\n  \"position_magic\": \"0\",\n  \"position_comment\": \"\",\n  \"stage134_trade_attempts\": 2,\n  \"stage134_trade_accepted\": 2,\n  \"latest_stage134_rule_id\": \"D138C_ret_48h_bps_GEQ50__trend_50_100_bps_LEQ50\",\n  \"latest_stage134_signal_key\": \"2026-07-01T23:00:00Z|D138C_ret_48h_bps_GEQ50__trend_50_100_bps_LEQ50\",\n  \"latest_stage134_entry_price\": \"4040.92\",\n  \"latest_stage134_lot\": \"0.01\",\n  \"latest_stage134_retcode\": \"10009\",\n  \"latest_snapshot_csv\": \"/Users/vahid/Desktop/xauusd-trader/reports/stage139_demo_position_outcome_monitor/stage139_latest_position_outcome_snapshot.csv\",\n  \"history_csv\": \"/Users/vahid/Desktop/xauusd-trader/data/demo_execution/stage139_demo_position_outcome_snapshots.csv\",\n  \"risk_manifest_csv\": \"/Users/vahid/Desktop/xauusd-trader/reports/stage139_demo_position_outcome_monitor/stage139_risk_manifest.csv\",\n  \"status_kv_repo\": \"/Users/vahid/Desktop/xauusd-trader/data/demo_execution/stage139_position_outcome_collector_status_kv.csv\",\n  \"status_kv_report\": \"/Users/vahid/Desktop/xauusd-trader/reports/stage139_demo_position_outcome_monitor/stage139_position_outcome_collector_status_kv.csv\",\n  \"mt5_collector_status_kv\": \"/Users/vahid/Library/Application Support/net.metaquotes.wine.metatrader5/drive_c/Program Files/MetaTrader 5/MQL5/Files/xauusd_stage139_position_outcome_collector_status_kv.csv\",\n  \"summary_json\": \"/Users/vahid/Desktop/xauusd-trader/reports/stage139_demo_position_outcome_monitor/stage139_demo_position_outcome_monitor_summary.json\",\n  \"next\": [\n    \"If monitor is not confirmed, compile and attach Stage139_DemoPositionOutcomeMonitor indicator to the XAUUSD chart.\",\n    \"If an open demo position exists, keep monitoring floating PnL until SL/TP/time-exit/closure.\",\n    \"Do not duplicate the Stage134 order for the same signal while this position/outcome is unresolved.\"\n  ]\n}\n",
      "stderr_tail": ""
    },
    {
      "name": "stage140_closed_deal_collector",
      "cmd": [
        "/Library/Developer/CommandLineTools/usr/bin/python3",
        "app/stage140_demo_closed_deal_outcome_collector.py",
        "--root",
        "/Users/vahid/Desktop/xauusd-trader",
        "--write-mt5-status-kv"
      ],
      "returncode": 0,
      "dry_run": false,
      "stdout_tail": "40001\",\n      \"reason_code\": \"3\",\n      \"comment\": \"Stage134Demo|D138C_ret_48h_bps_\"\n    },\n    {\n      \"generated_utc\": \"2026-07-02T05:50:56Z\",\n      \"ticket\": \"226977712\",\n      \"time\": \"2026-07-02T04:00:48Z\",\n      \"symbol\": \"XAUUSD\",\n      \"position_id\": \"249988982\",\n      \"entry_code\": \"1\",\n      \"type_code\": \"1\",\n      \"volume\": \"0.01\",\n      \"price\": \"4059.02\",\n      \"profit\": \"18.10\",\n      \"swap\": \"0.00\",\n      \"commission\": \"0.00\",\n      \"magic\": \"1340001\",\n      \"reason_code\": \"5\",\n      \"comment\": \"[tp 4058.92]\"\n    }\n  ],\n  \"latest_snapshot_csv\": \"/Users/vahid/Desktop/xauusd-trader/reports/stage140_demo_closed_deal_outcome_monitor/stage140_latest_closed_deal_outcome_snapshot.csv\",\n  \"history_csv\": \"/Users/vahid/Desktop/xauusd-trader/data/demo_execution/stage140_demo_closed_deal_outcome_snapshots.csv\",\n  \"risk_manifest_csv\": \"/Users/vahid/Desktop/xauusd-trader/reports/stage140_demo_closed_deal_outcome_monitor/stage140_risk_manifest.csv\",\n  \"status_kv_repo\": \"/Users/vahid/Desktop/xauusd-trader/data/demo_execution/stage140_closed_deal_outcome_collector_status_kv.csv\",\n  \"status_kv_report\": \"/Users/vahid/Desktop/xauusd-trader/reports/stage140_demo_closed_deal_outcome_monitor/stage140_closed_deal_outcome_collector_status_kv.csv\",\n  \"mt5_collector_status_kv\": \"/Users/vahid/Library/Application Support/net.metaquotes.wine.metatrader5/drive_c/Program Files/MetaTrader 5/MQL5/Files/xauusd_stage140_closed_deal_outcome_collector_status_kv.csv\",\n  \"summary_json\": \"/Users/vahid/Desktop/xauusd-trader/reports/stage140_demo_closed_deal_outcome_monitor/stage140_demo_closed_deal_outcome_monitor_summary.json\",\n  \"next\": [\n    \"If collector_decision is a closed profit/loss/flat outcome, archive the first demo-order outcome and continue demo loop with duplicate control.\",\n    \"If entry is found but no exit deal, keep Stage139 position monitor active and wait for closure.\",\n    \"If no symbol deal is found, widen the MT5 history window or verify the account/history tab.\"\n  ]\n}\n",
      "stderr_tail": ""
    },
    {
      "name": "stage141_ledger",
      "cmd": [
        "/Library/Developer/CommandLineTools/usr/bin/python3",
        "app/stage141_demo_execution_outcome_ledger.py",
        "--root",
        "/Users/vahid/Desktop/xauusd-trader"
      ],
      "returncode": 0,
      "dry_run": false,
      "stdout_tail": "{\n  \"stage\": \"Stage141_DEMO_EXECUTION_OUTCOME_LEDGER\",\n  \"generated_utc\": \"2026-07-02T05:51:14Z\",\n  \"status\": \"STAGE141_COMPLETE_DEMO_EXECUTION_OUTCOME_LEDGER_READY\",\n  \"decision\": \"STAGE141_DEMO_OUTCOME_PROFIT_CONFIRMED_CONTINUE_LOOP\",\n  \"root\": \"/Users/vahid/Desktop/xauusd-trader\",\n  \"stage134_summary\": \"/Users/vahid/Desktop/xauusd-trader/reports/stage134_demo_executor_pilot/stage134_demo_executor_pilot_summary.json\",\n  \"stage138_summary\": \"/Users/vahid/Desktop/xauusd-trader/reports/stage138_broker_technical_demo_discovery/stage138_broker_technical_demo_discovery_summary.json\",\n  \"stage140_summary\": \"/Users/vahid/Desktop/xauusd-trader/reports/stage140_demo_closed_deal_outcome_monitor/stage140_demo_closed_deal_outcome_monitor_summary.json\",\n  \"outcome_status\": \"PROFIT\",\n  \"exit_reason_inferred\": \"TP\",\n  \"net_profit\": \"18.10\",\n  \"points_move\": \"18.10\",\n  \"bps_move\": \"44.79\",\n  \"rule_id\": \"D138C_ret_48h_bps_GEQ50__trend_50_100_bps_LEQ50\",\n  \"signal_key\": \"2026-07-01T23:00:00Z|D138C_ret_48h_bps_GEQ50__trend_50_100_bps_LEQ50\",\n  \"entry_price\": \"4040.92\",\n  \"exit_price\": \"4059.02\",\n  \"entry_deal_ticket\": \"226955799\",\n  \"exit_deal_ticket\": \"226977712\",\n  \"ledger_csv\": \"/Users/vahid/Desktop/xauusd-trader/data/demo_execution/stage141_demo_execution_outcome_ledger.csv\",\n  \"latest_csv\": \"/Users/vahid/Desktop/xauusd-trader/reports/stage141_demo_execution_outcome_ledger/stage141_latest_demo_execution_outcome.csv\",\n  \"ledger_row_appended\": false,\n  \"ledger_row_count\": 3,\n  \"next_action\": \"CONTINUE_DEMO_LOOP_ALLOW_NEXT_DISTINCT_SIGNAL\",\n  \"next\": [\n    \"Keep Stage138 refresh running and keep Stage134 duplicate guard enabled.\",\n    \"Allow the next demo order only on a distinct new signal key, not the already closed signal.\",\n    \"After several outcomes, evaluate rule expectancy from the Stage141 ledger before live-real consideration.\"\n  ]\n}\n",
      "stderr_tail": ""
    }
  ],
  "loop_health": "OK",
  "loop_decision": "STAGE142_LOOP_READY_FOR_NEXT_DISTINCT_SIGNAL_AFTER_PROFIT",
  "next_action": "KEEP_STAGE134_ARMED_WAIT_FOR_NEXT_DISTINCT_SIGNAL",
  "stage138_selected_rule_id": "D138C_ret_48h_bps_GEQ65__trend_50_100_bps_LEQ50",
  "stage138_bar_max_utc": "2026-07-02T08:00:00+00:00",
  "stage134_collector_decision": "STAGE134_DEMO_ORDER_ACCEPTED_COLLECT_PNL",
  "stage139_collector_decision": "STAGE139_NO_OPEN_POSITION_AFTER_ACCEPTED_ORDER_CHECK_HISTORY_OR_CLOSED",
  "stage140_collector_decision": "STAGE140_CLOSED_DEMO_DEAL_PROFIT",
  "stage141_decision": "STAGE141_DEMO_OUTCOME_PROFIT_CONFIRMED_CONTINUE_LOOP",
  "stage141_outcome_status": "PROFIT",
  "stage141_signal_key": "2026-07-01T23:00:00Z|D138C_ret_48h_bps_GEQ50__trend_50_100_bps_LEQ50",
  "stage141_net_profit": "18.10",
  "stage141_bps_move": "44.79",
  "stage141_ledger_row_count": 3,
  "latest_csv": "/Users/vahid/Desktop/xauusd-trader/reports/stage142_demo_loop_supervisor/stage142_latest_demo_loop_supervisor_snapshot.csv",
  "history_csv": "/Users/vahid/Desktop/xauusd-trader/data/demo_execution/stage142_demo_loop_supervisor_snapshots.csv",
  "risk_manifest_csv": "/Users/vahid/Desktop/xauusd-trader/reports/stage142_demo_loop_supervisor/stage142_risk_manifest.csv",
  "summary_json": "/Users/vahid/Desktop/xauusd-trader/reports/stage142_demo_loop_supervisor/stage142_demo_loop_supervisor_summary.json",
  "next": [
    "Keep Stage134 EA armed only on demo account.",
    "Run Stage142B fast loop every 10 minutes; run Stage138 refresh separately/manual or slower.",
    "Allow new orders only for distinct signal keys and ledger every closed outcome."
  ]
}
{
  "stage": "Stage142_DEMO_LOOP_SUPERVISOR",
  "generated_utc": "2026-07-02T09:17:12Z",
  "status": "STAGE142B_COMPLETE_FAST_DEMO_LOOP_SUPERVISOR_READY",
  "root": "/Users/vahid/Desktop/xauusd-trader",
  "dry_run": false,
  "with_stage138_refresh": false,
  "commands_run": 4,
  "command_failures": 0,
  "command_results": [
    {
      "name": "stage134_collector",
      "cmd": [
        "/Library/Developer/CommandLineTools/usr/bin/python3",
        "app/stage134_demo_executor_pilot_collector.py",
        "--root",
        "/Users/vahid/Desktop/xauusd-trader",
        "--write-mt5-status-kv"
      ],
      "returncode": 0,
      "dry_run": false,
      "stdout_tail": "_50_100_bps_LEQ50\",\n      \"rule_id\": \"D138C_ret_48h_bps_GEQ50__trend_50_100_bps_LEQ50\",\n      \"feature_date\": \"2026-07-01T23:00:00Z\",\n      \"lot\": \"0.01\",\n      \"price\": \"4040.92\",\n      \"sl\": \"4028.92\",\n      \"tp\": \"4058.92\",\n      \"ok\": \"true\",\n      \"retcode\": \"10009\",\n      \"retcode_description\": \"done at 4040.92\",\n      \"account_mode\": \"DEMO\",\n      \"demo_required\": \"true\",\n      \"demo_orders_enabled\": \"true\",\n      \"note\": \"stage134_demo_only_execution_pilot\"\n    }\n  ],\n  \"latest_snapshot_csv\": \"/Users/vahid/Desktop/xauusd-trader/reports/stage134_demo_executor_pilot/stage134_latest_demo_executor_snapshot.csv\",\n  \"history_csv\": \"/Users/vahid/Desktop/xauusd-trader/data/demo_execution/stage134_demo_executor_snapshots.csv\",\n  \"risk_manifest_csv\": \"/Users/vahid/Desktop/xauusd-trader/reports/stage134_demo_executor_pilot/stage134_demo_risk_manifest.csv\",\n  \"status_kv_repo\": \"/Users/vahid/Desktop/xauusd-trader/data/demo_execution/stage134_demo_executor_collector_status_kv.csv\",\n  \"status_kv_report\": \"/Users/vahid/Desktop/xauusd-trader/reports/stage134_demo_executor_pilot/stage134_demo_executor_collector_status_kv.csv\",\n  \"mt5_collector_status_kv\": \"/Users/vahid/Library/Application Support/net.metaquotes.wine.metatrader5/drive_c/Program Files/MetaTrader 5/MQL5/Files/xauusd_stage134_demo_executor_collector_status_kv.csv\",\n  \"summary_json\": \"/Users/vahid/Desktop/xauusd-trader/reports/stage134_demo_executor_pilot/stage134_demo_executor_pilot_summary.json\",\n  \"report_md\": \"/Users/vahid/Desktop/xauusd-trader/reports/stage134_demo_executor_pilot/stage134_demo_executor_pilot_report.md\",\n  \"next\": [\n    \"If collector_decision is STAGE134_DEMO_ORDER_ACCEPTED_COLLECT_PNL, inspect MT5 demo position and subsequent PnL.\",\n    \"If status_fresh remains false but trade_log shows accepted orders, use trade_log fields as execution source of truth.\",\n    \"Do not send a duplicate order for the same signal unless the existing demo position is closed or state is intentionally reset.\"\n  ]\n}\n",
      "stderr_tail": ""
    },
    {
      "name": "stage139_position_collector",
      "cmd": [
        "/Library/Developer/CommandLineTools/usr/bin/python3",
        "app/stage139_demo_position_outcome_collector.py",
        "--root",
        "/Users/vahid/Desktop/xauusd-trader",
        "--write-mt5-status-kv"
      ],
      "returncode": 0,
      "dry_run": false,
      "stdout_tail": "0.00\",\n  \"position_current_price\": \"0.00\",\n  \"position_sl\": \"0.00\",\n  \"position_tp\": \"0.00\",\n  \"position_profit\": \"0.00\",\n  \"position_swap\": \"0.00\",\n  \"position_commission\": \"0.00\",\n  \"position_magic\": \"0\",\n  \"position_comment\": \"\",\n  \"stage134_trade_attempts\": 2,\n  \"stage134_trade_accepted\": 2,\n  \"latest_stage134_rule_id\": \"D138C_ret_48h_bps_GEQ50__trend_50_100_bps_LEQ50\",\n  \"latest_stage134_signal_key\": \"2026-07-01T23:00:00Z|D138C_ret_48h_bps_GEQ50__trend_50_100_bps_LEQ50\",\n  \"latest_stage134_entry_price\": \"4040.92\",\n  \"latest_stage134_lot\": \"0.01\",\n  \"latest_stage134_retcode\": \"10009\",\n  \"latest_snapshot_csv\": \"/Users/vahid/Desktop/xauusd-trader/reports/stage139_demo_position_outcome_monitor/stage139_latest_position_outcome_snapshot.csv\",\n  \"history_csv\": \"/Users/vahid/Desktop/xauusd-trader/data/demo_execution/stage139_demo_position_outcome_snapshots.csv\",\n  \"risk_manifest_csv\": \"/Users/vahid/Desktop/xauusd-trader/reports/stage139_demo_position_outcome_monitor/stage139_risk_manifest.csv\",\n  \"status_kv_repo\": \"/Users/vahid/Desktop/xauusd-trader/data/demo_execution/stage139_position_outcome_collector_status_kv.csv\",\n  \"status_kv_report\": \"/Users/vahid/Desktop/xauusd-trader/reports/stage139_demo_position_outcome_monitor/stage139_position_outcome_collector_status_kv.csv\",\n  \"mt5_collector_status_kv\": \"/Users/vahid/Library/Application Support/net.metaquotes.wine.metatrader5/drive_c/Program Files/MetaTrader 5/MQL5/Files/xauusd_stage139_position_outcome_collector_status_kv.csv\",\n  \"summary_json\": \"/Users/vahid/Desktop/xauusd-trader/reports/stage139_demo_position_outcome_monitor/stage139_demo_position_outcome_monitor_summary.json\",\n  \"next\": [\n    \"If monitor is not confirmed, compile and attach Stage139_DemoPositionOutcomeMonitor indicator to the XAUUSD chart.\",\n    \"If an open demo position exists, keep monitoring floating PnL until SL/TP/time-exit/closure.\",\n    \"Do not duplicate the Stage134 order for the same signal while this position/outcome is unresolved.\"\n  ]\n}\n",
      "stderr_tail": ""
    },
    {
      "name": "stage140_closed_deal_collector",
      "cmd": [
        "/Library/Developer/CommandLineTools/usr/bin/python3",
        "app/stage140_demo_closed_deal_outcome_collector.py",
        "--root",
        "/Users/vahid/Desktop/xauusd-trader",
        "--write-mt5-status-kv"
      ],
      "returncode": 0,
      "dry_run": false,
      "stdout_tail": "40001\",\n      \"reason_code\": \"3\",\n      \"comment\": \"Stage134Demo|D138C_ret_48h_bps_\"\n    },\n    {\n      \"generated_utc\": \"2026-07-02T09:16:58Z\",\n      \"ticket\": \"226977712\",\n      \"time\": \"2026-07-02T04:00:48Z\",\n      \"symbol\": \"XAUUSD\",\n      \"position_id\": \"249988982\",\n      \"entry_code\": \"1\",\n      \"type_code\": \"1\",\n      \"volume\": \"0.01\",\n      \"price\": \"4059.02\",\n      \"profit\": \"18.10\",\n      \"swap\": \"0.00\",\n      \"commission\": \"0.00\",\n      \"magic\": \"1340001\",\n      \"reason_code\": \"5\",\n      \"comment\": \"[tp 4058.92]\"\n    }\n  ],\n  \"latest_snapshot_csv\": \"/Users/vahid/Desktop/xauusd-trader/reports/stage140_demo_closed_deal_outcome_monitor/stage140_latest_closed_deal_outcome_snapshot.csv\",\n  \"history_csv\": \"/Users/vahid/Desktop/xauusd-trader/data/demo_execution/stage140_demo_closed_deal_outcome_snapshots.csv\",\n  \"risk_manifest_csv\": \"/Users/vahid/Desktop/xauusd-trader/reports/stage140_demo_closed_deal_outcome_monitor/stage140_risk_manifest.csv\",\n  \"status_kv_repo\": \"/Users/vahid/Desktop/xauusd-trader/data/demo_execution/stage140_closed_deal_outcome_collector_status_kv.csv\",\n  \"status_kv_report\": \"/Users/vahid/Desktop/xauusd-trader/reports/stage140_demo_closed_deal_outcome_monitor/stage140_closed_deal_outcome_collector_status_kv.csv\",\n  \"mt5_collector_status_kv\": \"/Users/vahid/Library/Application Support/net.metaquotes.wine.metatrader5/drive_c/Program Files/MetaTrader 5/MQL5/Files/xauusd_stage140_closed_deal_outcome_collector_status_kv.csv\",\n  \"summary_json\": \"/Users/vahid/Desktop/xauusd-trader/reports/stage140_demo_closed_deal_outcome_monitor/stage140_demo_closed_deal_outcome_monitor_summary.json\",\n  \"next\": [\n    \"If collector_decision is a closed profit/loss/flat outcome, archive the first demo-order outcome and continue demo loop with duplicate control.\",\n    \"If entry is found but no exit deal, keep Stage139 position monitor active and wait for closure.\",\n    \"If no symbol deal is found, widen the MT5 history window or verify the account/history tab.\"\n  ]\n}\n",
      "stderr_tail": ""
    },
    {
      "name": "stage141_ledger",
      "cmd": [
        "/Library/Developer/CommandLineTools/usr/bin/python3",
        "app/stage141_demo_execution_outcome_ledger.py",
        "--root",
        "/Users/vahid/Desktop/xauusd-trader"
      ],
      "returncode": 0,
      "dry_run": false,
      "stdout_tail": "{\n  \"stage\": \"Stage141_DEMO_EXECUTION_OUTCOME_LEDGER\",\n  \"generated_utc\": \"2026-07-02T09:17:17Z\",\n  \"status\": \"STAGE141_COMPLETE_DEMO_EXECUTION_OUTCOME_LEDGER_READY\",\n  \"decision\": \"STAGE141_DEMO_OUTCOME_PROFIT_CONFIRMED_CONTINUE_LOOP\",\n  \"root\": \"/Users/vahid/Desktop/xauusd-trader\",\n  \"stage134_summary\": \"/Users/vahid/Desktop/xauusd-trader/reports/stage134_demo_executor_pilot/stage134_demo_executor_pilot_summary.json\",\n  \"stage138_summary\": \"/Users/vahid/Desktop/xauusd-trader/reports/stage138_broker_technical_demo_discovery/stage138_broker_technical_demo_discovery_summary.json\",\n  \"stage140_summary\": \"/Users/vahid/Desktop/xauusd-trader/reports/stage140_demo_closed_deal_outcome_monitor/stage140_demo_closed_deal_outcome_monitor_summary.json\",\n  \"outcome_status\": \"PROFIT\",\n  \"exit_reason_inferred\": \"TP\",\n  \"net_profit\": \"18.10\",\n  \"points_move\": \"18.10\",\n  \"bps_move\": \"44.79\",\n  \"rule_id\": \"D138C_ret_48h_bps_GEQ50__trend_50_100_bps_LEQ50\",\n  \"signal_key\": \"2026-07-01T23:00:00Z|D138C_ret_48h_bps_GEQ50__trend_50_100_bps_LEQ50\",\n  \"entry_price\": \"4040.92\",\n  \"exit_price\": \"4059.02\",\n  \"entry_deal_ticket\": \"226955799\",\n  \"exit_deal_ticket\": \"226977712\",\n  \"ledger_csv\": \"/Users/vahid/Desktop/xauusd-trader/data/demo_execution/stage141_demo_execution_outcome_ledger.csv\",\n  \"latest_csv\": \"/Users/vahid/Desktop/xauusd-trader/reports/stage141_demo_execution_outcome_ledger/stage141_latest_demo_execution_outcome.csv\",\n  \"ledger_row_appended\": false,\n  \"ledger_row_count\": 3,\n  \"next_action\": \"CONTINUE_DEMO_LOOP_ALLOW_NEXT_DISTINCT_SIGNAL\",\n  \"next\": [\n    \"Keep Stage138 refresh running and keep Stage134 duplicate guard enabled.\",\n    \"Allow the next demo order only on a distinct new signal key, not the already closed signal.\",\n    \"After several outcomes, evaluate rule expectancy from the Stage141 ledger before live-real consideration.\"\n  ]\n}\n",
      "stderr_tail": ""
    }
  ],
  "loop_health": "OK",
  "loop_decision": "STAGE142_LOOP_READY_FOR_NEXT_DISTINCT_SIGNAL_AFTER_PROFIT",
  "next_action": "KEEP_STAGE134_ARMED_WAIT_FOR_NEXT_DISTINCT_SIGNAL",
  "stage138_selected_rule_id": "D138C_ret_48h_bps_GEQ65__trend_50_100_bps_LEQ50",
  "stage138_bar_max_utc": "2026-07-02T08:00:00+00:00",
  "stage134_collector_decision": "STAGE134_DEMO_ORDER_ACCEPTED_COLLECT_PNL",
  "stage139_collector_decision": "STAGE139_NO_OPEN_POSITION_AFTER_ACCEPTED_ORDER_CHECK_HISTORY_OR_CLOSED",
  "stage140_collector_decision": "STAGE140_CLOSED_DEMO_DEAL_PROFIT",
  "stage141_decision": "STAGE141_DEMO_OUTCOME_PROFIT_CONFIRMED_CONTINUE_LOOP",
  "stage141_outcome_status": "PROFIT",
  "stage141_signal_key": "2026-07-01T23:00:00Z|D138C_ret_48h_bps_GEQ50__trend_50_100_bps_LEQ50",
  "stage141_net_profit": "18.10",
  "stage141_bps_move": "44.79",
  "stage141_ledger_row_count": 3,
  "latest_csv": "/Users/vahid/Desktop/xauusd-trader/reports/stage142_demo_loop_supervisor/stage142_latest_demo_loop_supervisor_snapshot.csv",
  "history_csv": "/Users/vahid/Desktop/xauusd-trader/data/demo_execution/stage142_demo_loop_supervisor_snapshots.csv",
  "risk_manifest_csv": "/Users/vahid/Desktop/xauusd-trader/reports/stage142_demo_loop_supervisor/stage142_risk_manifest.csv",
  "summary_json": "/Users/vahid/Desktop/xauusd-trader/reports/stage142_demo_loop_supervisor/stage142_demo_loop_supervisor_summary.json",
  "next": [
    "Keep Stage134 EA armed only on demo account.",
    "Run Stage142B fast loop every 10 minutes; run Stage138 refresh separately/manual or slower.",
    "Allow new orders only for distinct signal keys and ledger every closed outcome."
  ]
}
{
  "stage": "Stage142_DEMO_LOOP_SUPERVISOR",
  "generated_utc": "2026-07-02T09:27:25Z",
  "status": "STAGE142B_COMPLETE_FAST_DEMO_LOOP_SUPERVISOR_READY",
  "root": "/Users/vahid/Desktop/xauusd-trader",
  "dry_run": false,
  "with_stage138_refresh": false,
  "commands_run": 4,
  "command_failures": 0,
  "command_results": [
    {
      "name": "stage134_collector",
      "cmd": [
        "/Library/Developer/CommandLineTools/usr/bin/python3",
        "app/stage134_demo_executor_pilot_collector.py",
        "--root",
        "/Users/vahid/Desktop/xauusd-trader",
        "--write-mt5-status-kv"
      ],
      "returncode": 0,
      "dry_run": false,
      "stdout_tail": "_50_100_bps_LEQ50\",\n      \"rule_id\": \"D138C_ret_48h_bps_GEQ50__trend_50_100_bps_LEQ50\",\n      \"feature_date\": \"2026-07-01T23:00:00Z\",\n      \"lot\": \"0.01\",\n      \"price\": \"4040.92\",\n      \"sl\": \"4028.92\",\n      \"tp\": \"4058.92\",\n      \"ok\": \"true\",\n      \"retcode\": \"10009\",\n      \"retcode_description\": \"done at 4040.92\",\n      \"account_mode\": \"DEMO\",\n      \"demo_required\": \"true\",\n      \"demo_orders_enabled\": \"true\",\n      \"note\": \"stage134_demo_only_execution_pilot\"\n    }\n  ],\n  \"latest_snapshot_csv\": \"/Users/vahid/Desktop/xauusd-trader/reports/stage134_demo_executor_pilot/stage134_latest_demo_executor_snapshot.csv\",\n  \"history_csv\": \"/Users/vahid/Desktop/xauusd-trader/data/demo_execution/stage134_demo_executor_snapshots.csv\",\n  \"risk_manifest_csv\": \"/Users/vahid/Desktop/xauusd-trader/reports/stage134_demo_executor_pilot/stage134_demo_risk_manifest.csv\",\n  \"status_kv_repo\": \"/Users/vahid/Desktop/xauusd-trader/data/demo_execution/stage134_demo_executor_collector_status_kv.csv\",\n  \"status_kv_report\": \"/Users/vahid/Desktop/xauusd-trader/reports/stage134_demo_executor_pilot/stage134_demo_executor_collector_status_kv.csv\",\n  \"mt5_collector_status_kv\": \"/Users/vahid/Library/Application Support/net.metaquotes.wine.metatrader5/drive_c/Program Files/MetaTrader 5/MQL5/Files/xauusd_stage134_demo_executor_collector_status_kv.csv\",\n  \"summary_json\": \"/Users/vahid/Desktop/xauusd-trader/reports/stage134_demo_executor_pilot/stage134_demo_executor_pilot_summary.json\",\n  \"report_md\": \"/Users/vahid/Desktop/xauusd-trader/reports/stage134_demo_executor_pilot/stage134_demo_executor_pilot_report.md\",\n  \"next\": [\n    \"If collector_decision is STAGE134_DEMO_ORDER_ACCEPTED_COLLECT_PNL, inspect MT5 demo position and subsequent PnL.\",\n    \"If status_fresh remains false but trade_log shows accepted orders, use trade_log fields as execution source of truth.\",\n    \"Do not send a duplicate order for the same signal unless the existing demo position is closed or state is intentionally reset.\"\n  ]\n}\n",
      "stderr_tail": ""
    },
    {
      "name": "stage139_position_collector",
      "cmd": [
        "/Library/Developer/CommandLineTools/usr/bin/python3",
        "app/stage139_demo_position_outcome_collector.py",
        "--root",
        "/Users/vahid/Desktop/xauusd-trader",
        "--write-mt5-status-kv"
      ],
      "returncode": 0,
      "dry_run": false,
      "stdout_tail": "0.00\",\n  \"position_current_price\": \"0.00\",\n  \"position_sl\": \"0.00\",\n  \"position_tp\": \"0.00\",\n  \"position_profit\": \"0.00\",\n  \"position_swap\": \"0.00\",\n  \"position_commission\": \"0.00\",\n  \"position_magic\": \"0\",\n  \"position_comment\": \"\",\n  \"stage134_trade_attempts\": 2,\n  \"stage134_trade_accepted\": 2,\n  \"latest_stage134_rule_id\": \"D138C_ret_48h_bps_GEQ50__trend_50_100_bps_LEQ50\",\n  \"latest_stage134_signal_key\": \"2026-07-01T23:00:00Z|D138C_ret_48h_bps_GEQ50__trend_50_100_bps_LEQ50\",\n  \"latest_stage134_entry_price\": \"4040.92\",\n  \"latest_stage134_lot\": \"0.01\",\n  \"latest_stage134_retcode\": \"10009\",\n  \"latest_snapshot_csv\": \"/Users/vahid/Desktop/xauusd-trader/reports/stage139_demo_position_outcome_monitor/stage139_latest_position_outcome_snapshot.csv\",\n  \"history_csv\": \"/Users/vahid/Desktop/xauusd-trader/data/demo_execution/stage139_demo_position_outcome_snapshots.csv\",\n  \"risk_manifest_csv\": \"/Users/vahid/Desktop/xauusd-trader/reports/stage139_demo_position_outcome_monitor/stage139_risk_manifest.csv\",\n  \"status_kv_repo\": \"/Users/vahid/Desktop/xauusd-trader/data/demo_execution/stage139_position_outcome_collector_status_kv.csv\",\n  \"status_kv_report\": \"/Users/vahid/Desktop/xauusd-trader/reports/stage139_demo_position_outcome_monitor/stage139_position_outcome_collector_status_kv.csv\",\n  \"mt5_collector_status_kv\": \"/Users/vahid/Library/Application Support/net.metaquotes.wine.metatrader5/drive_c/Program Files/MetaTrader 5/MQL5/Files/xauusd_stage139_position_outcome_collector_status_kv.csv\",\n  \"summary_json\": \"/Users/vahid/Desktop/xauusd-trader/reports/stage139_demo_position_outcome_monitor/stage139_demo_position_outcome_monitor_summary.json\",\n  \"next\": [\n    \"If monitor is not confirmed, compile and attach Stage139_DemoPositionOutcomeMonitor indicator to the XAUUSD chart.\",\n    \"If an open demo position exists, keep monitoring floating PnL until SL/TP/time-exit/closure.\",\n    \"Do not duplicate the Stage134 order for the same signal while this position/outcome is unresolved.\"\n  ]\n}\n",
      "stderr_tail": ""
    },
    {
      "name": "stage140_closed_deal_collector",
      "cmd": [
        "/Library/Developer/CommandLineTools/usr/bin/python3",
        "app/stage140_demo_closed_deal_outcome_collector.py",
        "--root",
        "/Users/vahid/Desktop/xauusd-trader",
        "--write-mt5-status-kv"
      ],
      "returncode": 0,
      "dry_run": false,
      "stdout_tail": "40001\",\n      \"reason_code\": \"3\",\n      \"comment\": \"Stage134Demo|D138C_ret_48h_bps_\"\n    },\n    {\n      \"generated_utc\": \"2026-07-02T09:26:57Z\",\n      \"ticket\": \"226977712\",\n      \"time\": \"2026-07-02T04:00:48Z\",\n      \"symbol\": \"XAUUSD\",\n      \"position_id\": \"249988982\",\n      \"entry_code\": \"1\",\n      \"type_code\": \"1\",\n      \"volume\": \"0.01\",\n      \"price\": \"4059.02\",\n      \"profit\": \"18.10\",\n      \"swap\": \"0.00\",\n      \"commission\": \"0.00\",\n      \"magic\": \"1340001\",\n      \"reason_code\": \"5\",\n      \"comment\": \"[tp 4058.92]\"\n    }\n  ],\n  \"latest_snapshot_csv\": \"/Users/vahid/Desktop/xauusd-trader/reports/stage140_demo_closed_deal_outcome_monitor/stage140_latest_closed_deal_outcome_snapshot.csv\",\n  \"history_csv\": \"/Users/vahid/Desktop/xauusd-trader/data/demo_execution/stage140_demo_closed_deal_outcome_snapshots.csv\",\n  \"risk_manifest_csv\": \"/Users/vahid/Desktop/xauusd-trader/reports/stage140_demo_closed_deal_outcome_monitor/stage140_risk_manifest.csv\",\n  \"status_kv_repo\": \"/Users/vahid/Desktop/xauusd-trader/data/demo_execution/stage140_closed_deal_outcome_collector_status_kv.csv\",\n  \"status_kv_report\": \"/Users/vahid/Desktop/xauusd-trader/reports/stage140_demo_closed_deal_outcome_monitor/stage140_closed_deal_outcome_collector_status_kv.csv\",\n  \"mt5_collector_status_kv\": \"/Users/vahid/Library/Application Support/net.metaquotes.wine.metatrader5/drive_c/Program Files/MetaTrader 5/MQL5/Files/xauusd_stage140_closed_deal_outcome_collector_status_kv.csv\",\n  \"summary_json\": \"/Users/vahid/Desktop/xauusd-trader/reports/stage140_demo_closed_deal_outcome_monitor/stage140_demo_closed_deal_outcome_monitor_summary.json\",\n  \"next\": [\n    \"If collector_decision is a closed profit/loss/flat outcome, archive the first demo-order outcome and continue demo loop with duplicate control.\",\n    \"If entry is found but no exit deal, keep Stage139 position monitor active and wait for closure.\",\n    \"If no symbol deal is found, widen the MT5 history window or verify the account/history tab.\"\n  ]\n}\n",
      "stderr_tail": ""
    },
    {
      "name": "stage141_ledger",
      "cmd": [
        "/Library/Developer/CommandLineTools/usr/bin/python3",
        "app/stage141_demo_execution_outcome_ledger.py",
        "--root",
        "/Users/vahid/Desktop/xauusd-trader"
      ],
      "returncode": 0,
      "dry_run": false,
      "stdout_tail": "{\n  \"stage\": \"Stage141_DEMO_EXECUTION_OUTCOME_LEDGER\",\n  \"generated_utc\": \"2026-07-02T09:27:28Z\",\n  \"status\": \"STAGE141_COMPLETE_DEMO_EXECUTION_OUTCOME_LEDGER_READY\",\n  \"decision\": \"STAGE141_DEMO_OUTCOME_PROFIT_CONFIRMED_CONTINUE_LOOP\",\n  \"root\": \"/Users/vahid/Desktop/xauusd-trader\",\n  \"stage134_summary\": \"/Users/vahid/Desktop/xauusd-trader/reports/stage134_demo_executor_pilot/stage134_demo_executor_pilot_summary.json\",\n  \"stage138_summary\": \"/Users/vahid/Desktop/xauusd-trader/reports/stage138_broker_technical_demo_discovery/stage138_broker_technical_demo_discovery_summary.json\",\n  \"stage140_summary\": \"/Users/vahid/Desktop/xauusd-trader/reports/stage140_demo_closed_deal_outcome_monitor/stage140_demo_closed_deal_outcome_monitor_summary.json\",\n  \"outcome_status\": \"PROFIT\",\n  \"exit_reason_inferred\": \"TP\",\n  \"net_profit\": \"18.10\",\n  \"points_move\": \"18.10\",\n  \"bps_move\": \"44.79\",\n  \"rule_id\": \"D138C_ret_48h_bps_GEQ50__trend_50_100_bps_LEQ50\",\n  \"signal_key\": \"2026-07-01T23:00:00Z|D138C_ret_48h_bps_GEQ50__trend_50_100_bps_LEQ50\",\n  \"entry_price\": \"4040.92\",\n  \"exit_price\": \"4059.02\",\n  \"entry_deal_ticket\": \"226955799\",\n  \"exit_deal_ticket\": \"226977712\",\n  \"ledger_csv\": \"/Users/vahid/Desktop/xauusd-trader/data/demo_execution/stage141_demo_execution_outcome_ledger.csv\",\n  \"latest_csv\": \"/Users/vahid/Desktop/xauusd-trader/reports/stage141_demo_execution_outcome_ledger/stage141_latest_demo_execution_outcome.csv\",\n  \"ledger_row_appended\": false,\n  \"ledger_row_count\": 3,\n  \"next_action\": \"CONTINUE_DEMO_LOOP_ALLOW_NEXT_DISTINCT_SIGNAL\",\n  \"next\": [\n    \"Keep Stage138 refresh running and keep Stage134 duplicate guard enabled.\",\n    \"Allow the next demo order only on a distinct new signal key, not the already closed signal.\",\n    \"After several outcomes, evaluate rule expectancy from the Stage141 ledger before live-real consideration.\"\n  ]\n}\n",
      "stderr_tail": ""
    }
  ],
  "loop_health": "OK",
  "loop_decision": "STAGE142_LOOP_READY_FOR_NEXT_DISTINCT_SIGNAL_AFTER_PROFIT",
  "next_action": "KEEP_STAGE134_ARMED_WAIT_FOR_NEXT_DISTINCT_SIGNAL",
  "stage138_selected_rule_id": "D138C_ret_48h_bps_GEQ65__trend_50_100_bps_LEQ50",
  "stage138_bar_max_utc": "2026-07-02T08:00:00+00:00",
  "stage134_collector_decision": "STAGE134_DEMO_ORDER_ACCEPTED_COLLECT_PNL",
  "stage139_collector_decision": "STAGE139_NO_OPEN_POSITION_AFTER_ACCEPTED_ORDER_CHECK_HISTORY_OR_CLOSED",
  "stage140_collector_decision": "STAGE140_CLOSED_DEMO_DEAL_PROFIT",
  "stage141_decision": "STAGE141_DEMO_OUTCOME_PROFIT_CONFIRMED_CONTINUE_LOOP",
  "stage141_outcome_status": "PROFIT",
  "stage141_signal_key": "2026-07-01T23:00:00Z|D138C_ret_48h_bps_GEQ50__trend_50_100_bps_LEQ50",
  "stage141_net_profit": "18.10",
  "stage141_bps_move": "44.79",
  "stage141_ledger_row_count": 3,
  "latest_csv": "/Users/vahid/Desktop/xauusd-trader/reports/stage142_demo_loop_supervisor/stage142_latest_demo_loop_supervisor_snapshot.csv",
  "history_csv": "/Users/vahid/Desktop/xauusd-trader/data/demo_execution/stage142_demo_loop_supervisor_snapshots.csv",
  "risk_manifest_csv": "/Users/vahid/Desktop/xauusd-trader/reports/stage142_demo_loop_supervisor/stage142_risk_manifest.csv",
  "summary_json": "/Users/vahid/Desktop/xauusd-trader/reports/stage142_demo_loop_supervisor/stage142_demo_loop_supervisor_summary.json",
  "next": [
    "Keep Stage134 EA armed only on demo account.",
    "Run Stage142B fast loop every 10 minutes; run Stage138 refresh separately/manual or slower.",
    "Allow new orders only for distinct signal keys and ledger every closed outcome."
  ]
}
{
  "stage": "Stage142_DEMO_LOOP_SUPERVISOR",
  "generated_utc": "2026-07-02T09:40:33Z",
  "status": "STAGE142B_COMPLETE_FAST_DEMO_LOOP_SUPERVISOR_READY",
  "root": "/Users/vahid/Desktop/xauusd-trader",
  "dry_run": false,
  "with_stage138_refresh": false,
  "commands_run": 4,
  "command_failures": 0,
  "command_results": [
    {
      "name": "stage134_collector",
      "cmd": [
        "/Library/Developer/CommandLineTools/usr/bin/python3",
        "app/stage134_demo_executor_pilot_collector.py",
        "--root",
        "/Users/vahid/Desktop/xauusd-trader",
        "--write-mt5-status-kv"
      ],
      "returncode": 0,
      "dry_run": false,
      "stdout_tail": "_50_100_bps_LEQ50\",\n      \"rule_id\": \"D138C_ret_48h_bps_GEQ50__trend_50_100_bps_LEQ50\",\n      \"feature_date\": \"2026-07-01T23:00:00Z\",\n      \"lot\": \"0.01\",\n      \"price\": \"4040.92\",\n      \"sl\": \"4028.92\",\n      \"tp\": \"4058.92\",\n      \"ok\": \"true\",\n      \"retcode\": \"10009\",\n      \"retcode_description\": \"done at 4040.92\",\n      \"account_mode\": \"DEMO\",\n      \"demo_required\": \"true\",\n      \"demo_orders_enabled\": \"true\",\n      \"note\": \"stage134_demo_only_execution_pilot\"\n    }\n  ],\n  \"latest_snapshot_csv\": \"/Users/vahid/Desktop/xauusd-trader/reports/stage134_demo_executor_pilot/stage134_latest_demo_executor_snapshot.csv\",\n  \"history_csv\": \"/Users/vahid/Desktop/xauusd-trader/data/demo_execution/stage134_demo_executor_snapshots.csv\",\n  \"risk_manifest_csv\": \"/Users/vahid/Desktop/xauusd-trader/reports/stage134_demo_executor_pilot/stage134_demo_risk_manifest.csv\",\n  \"status_kv_repo\": \"/Users/vahid/Desktop/xauusd-trader/data/demo_execution/stage134_demo_executor_collector_status_kv.csv\",\n  \"status_kv_report\": \"/Users/vahid/Desktop/xauusd-trader/reports/stage134_demo_executor_pilot/stage134_demo_executor_collector_status_kv.csv\",\n  \"mt5_collector_status_kv\": \"/Users/vahid/Library/Application Support/net.metaquotes.wine.metatrader5/drive_c/Program Files/MetaTrader 5/MQL5/Files/xauusd_stage134_demo_executor_collector_status_kv.csv\",\n  \"summary_json\": \"/Users/vahid/Desktop/xauusd-trader/reports/stage134_demo_executor_pilot/stage134_demo_executor_pilot_summary.json\",\n  \"report_md\": \"/Users/vahid/Desktop/xauusd-trader/reports/stage134_demo_executor_pilot/stage134_demo_executor_pilot_report.md\",\n  \"next\": [\n    \"If collector_decision is STAGE134_DEMO_ORDER_ACCEPTED_COLLECT_PNL, inspect MT5 demo position and subsequent PnL.\",\n    \"If status_fresh remains false but trade_log shows accepted orders, use trade_log fields as execution source of truth.\",\n    \"Do not send a duplicate order for the same signal unless the existing demo position is closed or state is intentionally reset.\"\n  ]\n}\n",
      "stderr_tail": ""
    },
    {
      "name": "stage139_position_collector",
      "cmd": [
        "/Library/Developer/CommandLineTools/usr/bin/python3",
        "app/stage139_demo_position_outcome_collector.py",
        "--root",
        "/Users/vahid/Desktop/xauusd-trader",
        "--write-mt5-status-kv"
      ],
      "returncode": 0,
      "dry_run": false,
      "stdout_tail": "0.00\",\n  \"position_current_price\": \"0.00\",\n  \"position_sl\": \"0.00\",\n  \"position_tp\": \"0.00\",\n  \"position_profit\": \"0.00\",\n  \"position_swap\": \"0.00\",\n  \"position_commission\": \"0.00\",\n  \"position_magic\": \"0\",\n  \"position_comment\": \"\",\n  \"stage134_trade_attempts\": 2,\n  \"stage134_trade_accepted\": 2,\n  \"latest_stage134_rule_id\": \"D138C_ret_48h_bps_GEQ50__trend_50_100_bps_LEQ50\",\n  \"latest_stage134_signal_key\": \"2026-07-01T23:00:00Z|D138C_ret_48h_bps_GEQ50__trend_50_100_bps_LEQ50\",\n  \"latest_stage134_entry_price\": \"4040.92\",\n  \"latest_stage134_lot\": \"0.01\",\n  \"latest_stage134_retcode\": \"10009\",\n  \"latest_snapshot_csv\": \"/Users/vahid/Desktop/xauusd-trader/reports/stage139_demo_position_outcome_monitor/stage139_latest_position_outcome_snapshot.csv\",\n  \"history_csv\": \"/Users/vahid/Desktop/xauusd-trader/data/demo_execution/stage139_demo_position_outcome_snapshots.csv\",\n  \"risk_manifest_csv\": \"/Users/vahid/Desktop/xauusd-trader/reports/stage139_demo_position_outcome_monitor/stage139_risk_manifest.csv\",\n  \"status_kv_repo\": \"/Users/vahid/Desktop/xauusd-trader/data/demo_execution/stage139_position_outcome_collector_status_kv.csv\",\n  \"status_kv_report\": \"/Users/vahid/Desktop/xauusd-trader/reports/stage139_demo_position_outcome_monitor/stage139_position_outcome_collector_status_kv.csv\",\n  \"mt5_collector_status_kv\": \"/Users/vahid/Library/Application Support/net.metaquotes.wine.metatrader5/drive_c/Program Files/MetaTrader 5/MQL5/Files/xauusd_stage139_position_outcome_collector_status_kv.csv\",\n  \"summary_json\": \"/Users/vahid/Desktop/xauusd-trader/reports/stage139_demo_position_outcome_monitor/stage139_demo_position_outcome_monitor_summary.json\",\n  \"next\": [\n    \"If monitor is not confirmed, compile and attach Stage139_DemoPositionOutcomeMonitor indicator to the XAUUSD chart.\",\n    \"If an open demo position exists, keep monitoring floating PnL until SL/TP/time-exit/closure.\",\n    \"Do not duplicate the Stage134 order for the same signal while this position/outcome is unresolved.\"\n  ]\n}\n",
      "stderr_tail": ""
    },
    {
      "name": "stage140_closed_deal_collector",
      "cmd": [
        "/Library/Developer/CommandLineTools/usr/bin/python3",
        "app/stage140_demo_closed_deal_outcome_collector.py",
        "--root",
        "/Users/vahid/Desktop/xauusd-trader",
        "--write-mt5-status-kv"
      ],
      "returncode": 0,
      "dry_run": false,
      "stdout_tail": "40001\",\n      \"reason_code\": \"3\",\n      \"comment\": \"Stage134Demo|D138C_ret_48h_bps_\"\n    },\n    {\n      \"generated_utc\": \"2026-07-02T09:40:29Z\",\n      \"ticket\": \"226977712\",\n      \"time\": \"2026-07-02T04:00:48Z\",\n      \"symbol\": \"XAUUSD\",\n      \"position_id\": \"249988982\",\n      \"entry_code\": \"1\",\n      \"type_code\": \"1\",\n      \"volume\": \"0.01\",\n      \"price\": \"4059.02\",\n      \"profit\": \"18.10\",\n      \"swap\": \"0.00\",\n      \"commission\": \"0.00\",\n      \"magic\": \"1340001\",\n      \"reason_code\": \"5\",\n      \"comment\": \"[tp 4058.92]\"\n    }\n  ],\n  \"latest_snapshot_csv\": \"/Users/vahid/Desktop/xauusd-trader/reports/stage140_demo_closed_deal_outcome_monitor/stage140_latest_closed_deal_outcome_snapshot.csv\",\n  \"history_csv\": \"/Users/vahid/Desktop/xauusd-trader/data/demo_execution/stage140_demo_closed_deal_outcome_snapshots.csv\",\n  \"risk_manifest_csv\": \"/Users/vahid/Desktop/xauusd-trader/reports/stage140_demo_closed_deal_outcome_monitor/stage140_risk_manifest.csv\",\n  \"status_kv_repo\": \"/Users/vahid/Desktop/xauusd-trader/data/demo_execution/stage140_closed_deal_outcome_collector_status_kv.csv\",\n  \"status_kv_report\": \"/Users/vahid/Desktop/xauusd-trader/reports/stage140_demo_closed_deal_outcome_monitor/stage140_closed_deal_outcome_collector_status_kv.csv\",\n  \"mt5_collector_status_kv\": \"/Users/vahid/Library/Application Support/net.metaquotes.wine.metatrader5/drive_c/Program Files/MetaTrader 5/MQL5/Files/xauusd_stage140_closed_deal_outcome_collector_status_kv.csv\",\n  \"summary_json\": \"/Users/vahid/Desktop/xauusd-trader/reports/stage140_demo_closed_deal_outcome_monitor/stage140_demo_closed_deal_outcome_monitor_summary.json\",\n  \"next\": [\n    \"If collector_decision is a closed profit/loss/flat outcome, archive the first demo-order outcome and continue demo loop with duplicate control.\",\n    \"If entry is found but no exit deal, keep Stage139 position monitor active and wait for closure.\",\n    \"If no symbol deal is found, widen the MT5 history window or verify the account/history tab.\"\n  ]\n}\n",
      "stderr_tail": ""
    },
    {
      "name": "stage141_ledger",
      "cmd": [
        "/Library/Developer/CommandLineTools/usr/bin/python3",
        "app/stage141_demo_execution_outcome_ledger.py",
        "--root",
        "/Users/vahid/Desktop/xauusd-trader"
      ],
      "returncode": 0,
      "dry_run": false,
      "stdout_tail": "{\n  \"stage\": \"Stage141_DEMO_EXECUTION_OUTCOME_LEDGER\",\n  \"generated_utc\": \"2026-07-02T09:40:35Z\",\n  \"status\": \"STAGE141_COMPLETE_DEMO_EXECUTION_OUTCOME_LEDGER_READY\",\n  \"decision\": \"STAGE141_DEMO_OUTCOME_PROFIT_CONFIRMED_CONTINUE_LOOP\",\n  \"root\": \"/Users/vahid/Desktop/xauusd-trader\",\n  \"stage134_summary\": \"/Users/vahid/Desktop/xauusd-trader/reports/stage134_demo_executor_pilot/stage134_demo_executor_pilot_summary.json\",\n  \"stage138_summary\": \"/Users/vahid/Desktop/xauusd-trader/reports/stage138_broker_technical_demo_discovery/stage138_broker_technical_demo_discovery_summary.json\",\n  \"stage140_summary\": \"/Users/vahid/Desktop/xauusd-trader/reports/stage140_demo_closed_deal_outcome_monitor/stage140_demo_closed_deal_outcome_monitor_summary.json\",\n  \"outcome_status\": \"PROFIT\",\n  \"exit_reason_inferred\": \"TP\",\n  \"net_profit\": \"18.10\",\n  \"points_move\": \"18.10\",\n  \"bps_move\": \"44.79\",\n  \"rule_id\": \"D138C_ret_48h_bps_GEQ50__trend_50_100_bps_LEQ50\",\n  \"signal_key\": \"2026-07-01T23:00:00Z|D138C_ret_48h_bps_GEQ50__trend_50_100_bps_LEQ50\",\n  \"entry_price\": \"4040.92\",\n  \"exit_price\": \"4059.02\",\n  \"entry_deal_ticket\": \"226955799\",\n  \"exit_deal_ticket\": \"226977712\",\n  \"ledger_csv\": \"/Users/vahid/Desktop/xauusd-trader/data/demo_execution/stage141_demo_execution_outcome_ledger.csv\",\n  \"latest_csv\": \"/Users/vahid/Desktop/xauusd-trader/reports/stage141_demo_execution_outcome_ledger/stage141_latest_demo_execution_outcome.csv\",\n  \"ledger_row_appended\": false,\n  \"ledger_row_count\": 3,\n  \"next_action\": \"CONTINUE_DEMO_LOOP_ALLOW_NEXT_DISTINCT_SIGNAL\",\n  \"next\": [\n    \"Keep Stage138 refresh running and keep Stage134 duplicate guard enabled.\",\n    \"Allow the next demo order only on a distinct new signal key, not the already closed signal.\",\n    \"After several outcomes, evaluate rule expectancy from the Stage141 ledger before live-real consideration.\"\n  ]\n}\n",
      "stderr_tail": ""
    }
  ],
  "loop_health": "OK",
  "loop_decision": "STAGE142_LOOP_READY_FOR_NEXT_DISTINCT_SIGNAL_AFTER_PROFIT",
  "next_action": "KEEP_STAGE134_ARMED_WAIT_FOR_NEXT_DISTINCT_SIGNAL",
  "stage138_selected_rule_id": "D138C_ret_48h_bps_GEQ65__trend_50_100_bps_LEQ50",
  "stage138_bar_max_utc": "2026-07-02T08:00:00+00:00",
  "stage134_collector_decision": "STAGE134_DEMO_ORDER_ACCEPTED_COLLECT_PNL",
  "stage139_collector_decision": "STAGE139_NO_OPEN_POSITION_AFTER_ACCEPTED_ORDER_CHECK_HISTORY_OR_CLOSED",
  "stage140_collector_decision": "STAGE140_CLOSED_DEMO_DEAL_PROFIT",
  "stage141_decision": "STAGE141_DEMO_OUTCOME_PROFIT_CONFIRMED_CONTINUE_LOOP",
  "stage141_outcome_status": "PROFIT",
  "stage141_signal_key": "2026-07-01T23:00:00Z|D138C_ret_48h_bps_GEQ50__trend_50_100_bps_LEQ50",
  "stage141_net_profit": "18.10",
  "stage141_bps_move": "44.79",
  "stage141_ledger_row_count": 3,
  "latest_csv": "/Users/vahid/Desktop/xauusd-trader/reports/stage142_demo_loop_supervisor/stage142_latest_demo_loop_supervisor_snapshot.csv",
  "history_csv": "/Users/vahid/Desktop/xauusd-trader/data/demo_execution/stage142_demo_loop_supervisor_snapshots.csv",
  "risk_manifest_csv": "/Users/vahid/Desktop/xauusd-trader/reports/stage142_demo_loop_supervisor/stage142_risk_manifest.csv",
  "summary_json": "/Users/vahid/Desktop/xauusd-trader/reports/stage142_demo_loop_supervisor/stage142_demo_loop_supervisor_summary.json",
  "next": [
    "Keep Stage134 EA armed only on demo account.",
    "Run Stage142B fast loop every 10 minutes; run Stage138 refresh separately/manual or slower.",
    "Allow new orders only for distinct signal keys and ledger every closed outcome."
  ]
}
