{
  "stage": "Stage133_UNIFIED_OBSERVER_RULE_STATE_TELEMETRY_WRITER",
  "generated_utc": "2026-07-01T04:43:17Z",
  "status": "RULE_STATE_TELEMETRY_ALIVE_NO_ORDER",
  "decision": "STAGE133_RULE_STATE_TELEMETRY_CONFIRMED_NO_ORDER",
  "classification": "UNIFIED_OBSERVER_RULE_STATE_TELEMETRY_NO_ORDER",
  "hard_blocks": [
    "NO_AUTOMATED_ORDER",
    "NO_PAPER_ORDER",
    "NO_BROKER_CONNECTION",
    "NO_TRADE_REQUEST_FROM_STAGE133",
    "NO_ORDER_SEND_ADDED",
    "NO_TRADE_CLASS_ADDED",
    "NO_TRADING_LOGIC_CHANGE",
    "NO_SIGNAL_RULE_CHANGE",
    "NO_SELECTED_RULE_CHANGE",
    "NO_INDICATOR_UI_CHANGE_FROM_STAGE133",
    "NO_PAPER_LIVE",
    "NO_LIVE"
  ],
  "root": "/Users/vahid/Desktop/xauusd-trader",
  "mt5_files": "/Users/vahid/Library/Application Support/net.metaquotes.wine.metatrader5/drive_c/Program Files/MetaTrader 5/MQL5/Files",
  "mt5_experts": "/Users/vahid/Library/Application Support/net.metaquotes.wine.metatrader5/drive_c/Program Files/MetaTrader 5/MQL5/Experts/Advisors/XAUUSD",
  "candidate_sources": [
    "/Users/vahid/Desktop/xauusd-trader/mt5/Unified_ObserverOnly_EA.mq5",
    "/Users/vahid/Library/Application Support/net.metaquotes.wine.metatrader5/drive_c/Program Files/MetaTrader 5/MQL5/Experts/Advisors/XAUUSD/Unified_ObserverOnly_EA.mq5",
    "/Users/vahid/Desktop/xauusd-trader/mt5/K06_ObserverOnly_EA.mq5",
    "/Users/vahid/Desktop/xauusd-trader/mt5/Portfolio_ObserverOnly_EA.mq5",
    "/Users/vahid/Desktop/xauusd-trader/mql5/Experts/XAUUSD_Stage124_ShadowObserverOnly.mq5",
    "/Users/vahid/Desktop/xauusd-trader/MQL5/Experts/XAUUSD_Stage124_ShadowObserverOnly.mq5"
  ],
  "selected_source": "/Users/vahid/Desktop/xauusd-trader/mt5/Unified_ObserverOnly_EA.mq5",
  "patch_source_requested": false,
  "write_mt5_ea_requested": false,
  "patch_result": {},
  "mt5_ea_written": "",
  "snapshot_utc": "2026-07-01T04:43:18Z",
  "rule_state_exists": true,
  "rule_state_fresh": true,
  "rule_state_age_sec": 15.16,
  "rule_state_mtime_utc": "2026-07-01T04:43:03Z",
  "kv_count": 23,
  "kv_format": "PIPE",
  "feature_date": "2026-06-26",
  "mode": "OBSERVER_ONLY_NO_TRADE",
  "any_signal_active": "false",
  "selected_rule_id": "",
  "selected_label": "",
  "execution_allowed": "false",
  "order_authorized": "false",
  "rule_count": "7",
  "active_rule_count": "0",
  "latest_rows": 7,
  "latest_active_rows": 0,
  "latest_active_rule_ids": "",
  "allow_trading": "false",
  "order_send": "false",
  "rule_state_kv": "/Users/vahid/Library/Application Support/net.metaquotes.wine.metatrader5/drive_c/Program Files/MetaTrader 5/MQL5/Files/xauusd_stage133_unified_observer_rule_state_kv.csv",
  "rule_state_latest_csv": "/Users/vahid/Library/Application Support/net.metaquotes.wine.metatrader5/drive_c/Program Files/MetaTrader 5/MQL5/Files/xauusd_stage133_unified_observer_rule_state_latest.csv",
  "rule_state_history_csv": "/Users/vahid/Library/Application Support/net.metaquotes.wine.metatrader5/drive_c/Program Files/MetaTrader 5/MQL5/Files/xauusd_stage133_unified_observer_rule_state_history.csv",
  "latest_snapshot_csv": "/Users/vahid/Desktop/xauusd-trader/reports/stage133_unified_observer_rule_state_telemetry_writer/stage133_latest_rule_state_telemetry_snapshot.csv",
  "history_snapshot_csv": "/Users/vahid/Desktop/xauusd-trader/data/forward_shadow_telemetry/stage133_rule_state_telemetry_snapshots.csv",
  "patch_audit_csv": "/Users/vahid/Desktop/xauusd-trader/reports/stage133_unified_observer_rule_state_telemetry_writer/stage133_patch_audit.csv",
  "status_kv_repo": "/Users/vahid/Desktop/xauusd-trader/data/forward_shadow_telemetry/stage133_rule_state_telemetry_status_kv.csv",
  "status_kv_report": "/Users/vahid/Desktop/xauusd-trader/reports/stage133_unified_observer_rule_state_telemetry_writer/stage133_rule_state_telemetry_status_kv.csv",
  "mt5_status_kv_written": true,
  "mt5_status_kv": "/Users/vahid/Library/Application Support/net.metaquotes.wine.metatrader5/drive_c/Program Files/MetaTrader 5/MQL5/Files/xauusd_stage133_rule_state_telemetry_status_kv.csv",
  "governance_no_order_manifest": "/Users/vahid/Desktop/xauusd-trader/reports/stage133_unified_observer_rule_state_telemetry_writer/stage133_governance_no_order_manifest.csv",
  "summary_json": "/Users/vahid/Desktop/xauusd-trader/reports/stage133_unified_observer_rule_state_telemetry_writer/stage133_unified_observer_rule_state_telemetry_writer_summary.json",
  "report_md": "/Users/vahid/Desktop/xauusd-trader/reports/stage133_unified_observer_rule_state_telemetry_writer/stage133_unified_observer_rule_state_telemetry_writer_report.md",
  "next": [
    "Compile the patched Unified Observer EA in MetaEditor and reload/reattach it on XAUUSD,H1.",
    "After one to two minutes, run Stage133 without --patch-source to confirm fresh rule-state telemetry.",
    "If rule-state telemetry is fresh, collect market-open snapshots; do not promote from telemetry alone."
  ]
}
{
  "stage": "Stage133_UNIFIED_OBSERVER_RULE_STATE_TELEMETRY_WRITER",
  "generated_utc": "2026-07-01T04:53:19Z",
  "status": "RULE_STATE_TELEMETRY_ALIVE_NO_ORDER",
  "decision": "STAGE133_RULE_STATE_TELEMETRY_CONFIRMED_NO_ORDER",
  "classification": "UNIFIED_OBSERVER_RULE_STATE_TELEMETRY_NO_ORDER",
  "hard_blocks": [
    "NO_AUTOMATED_ORDER",
    "NO_PAPER_ORDER",
    "NO_BROKER_CONNECTION",
    "NO_TRADE_REQUEST_FROM_STAGE133",
    "NO_ORDER_SEND_ADDED",
    "NO_TRADE_CLASS_ADDED",
    "NO_TRADING_LOGIC_CHANGE",
    "NO_SIGNAL_RULE_CHANGE",
    "NO_SELECTED_RULE_CHANGE",
    "NO_INDICATOR_UI_CHANGE_FROM_STAGE133",
    "NO_PAPER_LIVE",
    "NO_LIVE"
  ],
  "root": "/Users/vahid/Desktop/xauusd-trader",
  "mt5_files": "/Users/vahid/Library/Application Support/net.metaquotes.wine.metatrader5/drive_c/Program Files/MetaTrader 5/MQL5/Files",
  "mt5_experts": "/Users/vahid/Library/Application Support/net.metaquotes.wine.metatrader5/drive_c/Program Files/MetaTrader 5/MQL5/Experts/Advisors/XAUUSD",
  "candidate_sources": [
    "/Users/vahid/Desktop/xauusd-trader/mt5/Unified_ObserverOnly_EA.mq5",
    "/Users/vahid/Library/Application Support/net.metaquotes.wine.metatrader5/drive_c/Program Files/MetaTrader 5/MQL5/Experts/Advisors/XAUUSD/Unified_ObserverOnly_EA.mq5",
    "/Users/vahid/Desktop/xauusd-trader/mt5/K06_ObserverOnly_EA.mq5",
    "/Users/vahid/Desktop/xauusd-trader/mt5/Portfolio_ObserverOnly_EA.mq5",
    "/Users/vahid/Desktop/xauusd-trader/mql5/Experts/XAUUSD_Stage124_ShadowObserverOnly.mq5",
    "/Users/vahid/Desktop/xauusd-trader/MQL5/Experts/XAUUSD_Stage124_ShadowObserverOnly.mq5"
  ],
  "selected_source": "/Users/vahid/Desktop/xauusd-trader/mt5/Unified_ObserverOnly_EA.mq5",
  "patch_source_requested": false,
  "write_mt5_ea_requested": false,
  "patch_result": {},
  "mt5_ea_written": "",
  "snapshot_utc": "2026-07-01T04:53:20Z",
  "rule_state_exists": true,
  "rule_state_fresh": true,
  "rule_state_age_sec": 17.04,
  "rule_state_mtime_utc": "2026-07-01T04:53:03Z",
  "kv_count": 23,
  "kv_format": "PIPE",
  "feature_date": "2026-06-26",
  "mode": "OBSERVER_ONLY_NO_TRADE",
  "any_signal_active": "false",
  "selected_rule_id": "",
  "selected_label": "",
  "execution_allowed": "false",
  "order_authorized": "false",
  "rule_count": "7",
  "active_rule_count": "0",
  "latest_rows": 7,
  "latest_active_rows": 0,
  "latest_active_rule_ids": "",
  "allow_trading": "false",
  "order_send": "false",
  "rule_state_kv": "/Users/vahid/Library/Application Support/net.metaquotes.wine.metatrader5/drive_c/Program Files/MetaTrader 5/MQL5/Files/xauusd_stage133_unified_observer_rule_state_kv.csv",
  "rule_state_latest_csv": "/Users/vahid/Library/Application Support/net.metaquotes.wine.metatrader5/drive_c/Program Files/MetaTrader 5/MQL5/Files/xauusd_stage133_unified_observer_rule_state_latest.csv",
  "rule_state_history_csv": "/Users/vahid/Library/Application Support/net.metaquotes.wine.metatrader5/drive_c/Program Files/MetaTrader 5/MQL5/Files/xauusd_stage133_unified_observer_rule_state_history.csv",
  "latest_snapshot_csv": "/Users/vahid/Desktop/xauusd-trader/reports/stage133_unified_observer_rule_state_telemetry_writer/stage133_latest_rule_state_telemetry_snapshot.csv",
  "history_snapshot_csv": "/Users/vahid/Desktop/xauusd-trader/data/forward_shadow_telemetry/stage133_rule_state_telemetry_snapshots.csv",
  "patch_audit_csv": "/Users/vahid/Desktop/xauusd-trader/reports/stage133_unified_observer_rule_state_telemetry_writer/stage133_patch_audit.csv",
  "status_kv_repo": "/Users/vahid/Desktop/xauusd-trader/data/forward_shadow_telemetry/stage133_rule_state_telemetry_status_kv.csv",
  "status_kv_report": "/Users/vahid/Desktop/xauusd-trader/reports/stage133_unified_observer_rule_state_telemetry_writer/stage133_rule_state_telemetry_status_kv.csv",
  "mt5_status_kv_written": true,
  "mt5_status_kv": "/Users/vahid/Library/Application Support/net.metaquotes.wine.metatrader5/drive_c/Program Files/MetaTrader 5/MQL5/Files/xauusd_stage133_rule_state_telemetry_status_kv.csv",
  "governance_no_order_manifest": "/Users/vahid/Desktop/xauusd-trader/reports/stage133_unified_observer_rule_state_telemetry_writer/stage133_governance_no_order_manifest.csv",
  "summary_json": "/Users/vahid/Desktop/xauusd-trader/reports/stage133_unified_observer_rule_state_telemetry_writer/stage133_unified_observer_rule_state_telemetry_writer_summary.json",
  "report_md": "/Users/vahid/Desktop/xauusd-trader/reports/stage133_unified_observer_rule_state_telemetry_writer/stage133_unified_observer_rule_state_telemetry_writer_report.md",
  "next": [
    "Compile the patched Unified Observer EA in MetaEditor and reload/reattach it on XAUUSD,H1.",
    "After one to two minutes, run Stage133 without --patch-source to confirm fresh rule-state telemetry.",
    "If rule-state telemetry is fresh, collect market-open snapshots; do not promote from telemetry alone."
  ]
}
{
  "stage": "Stage133_UNIFIED_OBSERVER_RULE_STATE_TELEMETRY_WRITER",
  "generated_utc": "2026-07-01T05:03:26Z",
  "status": "RULE_STATE_TELEMETRY_ALIVE_NO_ORDER",
  "decision": "STAGE133_RULE_STATE_TELEMETRY_CONFIRMED_NO_ORDER",
  "classification": "UNIFIED_OBSERVER_RULE_STATE_TELEMETRY_NO_ORDER",
  "hard_blocks": [
    "NO_AUTOMATED_ORDER",
    "NO_PAPER_ORDER",
    "NO_BROKER_CONNECTION",
    "NO_TRADE_REQUEST_FROM_STAGE133",
    "NO_ORDER_SEND_ADDED",
    "NO_TRADE_CLASS_ADDED",
    "NO_TRADING_LOGIC_CHANGE",
    "NO_SIGNAL_RULE_CHANGE",
    "NO_SELECTED_RULE_CHANGE",
    "NO_INDICATOR_UI_CHANGE_FROM_STAGE133",
    "NO_PAPER_LIVE",
    "NO_LIVE"
  ],
  "root": "/Users/vahid/Desktop/xauusd-trader",
  "mt5_files": "/Users/vahid/Library/Application Support/net.metaquotes.wine.metatrader5/drive_c/Program Files/MetaTrader 5/MQL5/Files",
  "mt5_experts": "/Users/vahid/Library/Application Support/net.metaquotes.wine.metatrader5/drive_c/Program Files/MetaTrader 5/MQL5/Experts/Advisors/XAUUSD",
  "candidate_sources": [
    "/Users/vahid/Desktop/xauusd-trader/mt5/Unified_ObserverOnly_EA.mq5",
    "/Users/vahid/Library/Application Support/net.metaquotes.wine.metatrader5/drive_c/Program Files/MetaTrader 5/MQL5/Experts/Advisors/XAUUSD/Unified_ObserverOnly_EA.mq5",
    "/Users/vahid/Desktop/xauusd-trader/mt5/K06_ObserverOnly_EA.mq5",
    "/Users/vahid/Desktop/xauusd-trader/mt5/Portfolio_ObserverOnly_EA.mq5",
    "/Users/vahid/Desktop/xauusd-trader/mql5/Experts/XAUUSD_Stage124_ShadowObserverOnly.mq5",
    "/Users/vahid/Desktop/xauusd-trader/MQL5/Experts/XAUUSD_Stage124_ShadowObserverOnly.mq5"
  ],
  "selected_source": "/Users/vahid/Desktop/xauusd-trader/mt5/Unified_ObserverOnly_EA.mq5",
  "patch_source_requested": false,
  "write_mt5_ea_requested": false,
  "patch_result": {},
  "mt5_ea_written": "",
  "snapshot_utc": "2026-07-01T05:03:29Z",
  "rule_state_exists": true,
  "rule_state_fresh": true,
  "rule_state_age_sec": 25.61,
  "rule_state_mtime_utc": "2026-07-01T05:03:03Z",
  "kv_count": 23,
  "kv_format": "PIPE",
  "feature_date": "2026-06-26",
  "mode": "OBSERVER_ONLY_NO_TRADE",
  "any_signal_active": "false",
  "selected_rule_id": "",
  "selected_label": "",
  "execution_allowed": "false",
  "order_authorized": "false",
  "rule_count": "7",
  "active_rule_count": "0",
  "latest_rows": 7,
  "latest_active_rows": 0,
  "latest_active_rule_ids": "",
  "allow_trading": "false",
  "order_send": "false",
  "rule_state_kv": "/Users/vahid/Library/Application Support/net.metaquotes.wine.metatrader5/drive_c/Program Files/MetaTrader 5/MQL5/Files/xauusd_stage133_unified_observer_rule_state_kv.csv",
  "rule_state_latest_csv": "/Users/vahid/Library/Application Support/net.metaquotes.wine.metatrader5/drive_c/Program Files/MetaTrader 5/MQL5/Files/xauusd_stage133_unified_observer_rule_state_latest.csv",
  "rule_state_history_csv": "/Users/vahid/Library/Application Support/net.metaquotes.wine.metatrader5/drive_c/Program Files/MetaTrader 5/MQL5/Files/xauusd_stage133_unified_observer_rule_state_history.csv",
  "latest_snapshot_csv": "/Users/vahid/Desktop/xauusd-trader/reports/stage133_unified_observer_rule_state_telemetry_writer/stage133_latest_rule_state_telemetry_snapshot.csv",
  "history_snapshot_csv": "/Users/vahid/Desktop/xauusd-trader/data/forward_shadow_telemetry/stage133_rule_state_telemetry_snapshots.csv",
  "patch_audit_csv": "/Users/vahid/Desktop/xauusd-trader/reports/stage133_unified_observer_rule_state_telemetry_writer/stage133_patch_audit.csv",
  "status_kv_repo": "/Users/vahid/Desktop/xauusd-trader/data/forward_shadow_telemetry/stage133_rule_state_telemetry_status_kv.csv",
  "status_kv_report": "/Users/vahid/Desktop/xauusd-trader/reports/stage133_unified_observer_rule_state_telemetry_writer/stage133_rule_state_telemetry_status_kv.csv",
  "mt5_status_kv_written": true,
  "mt5_status_kv": "/Users/vahid/Library/Application Support/net.metaquotes.wine.metatrader5/drive_c/Program Files/MetaTrader 5/MQL5/Files/xauusd_stage133_rule_state_telemetry_status_kv.csv",
  "governance_no_order_manifest": "/Users/vahid/Desktop/xauusd-trader/reports/stage133_unified_observer_rule_state_telemetry_writer/stage133_governance_no_order_manifest.csv",
  "summary_json": "/Users/vahid/Desktop/xauusd-trader/reports/stage133_unified_observer_rule_state_telemetry_writer/stage133_unified_observer_rule_state_telemetry_writer_summary.json",
  "report_md": "/Users/vahid/Desktop/xauusd-trader/reports/stage133_unified_observer_rule_state_telemetry_writer/stage133_unified_observer_rule_state_telemetry_writer_report.md",
  "next": [
    "Compile the patched Unified Observer EA in MetaEditor and reload/reattach it on XAUUSD,H1.",
    "After one to two minutes, run Stage133 without --patch-source to confirm fresh rule-state telemetry.",
    "If rule-state telemetry is fresh, collect market-open snapshots; do not promote from telemetry alone."
  ]
}
{
  "stage": "Stage133_UNIFIED_OBSERVER_RULE_STATE_TELEMETRY_WRITER",
  "generated_utc": "2026-07-01T05:13:30Z",
  "status": "RULE_STATE_TELEMETRY_ALIVE_NO_ORDER",
  "decision": "STAGE133_RULE_STATE_TELEMETRY_CONFIRMED_NO_ORDER",
  "classification": "UNIFIED_OBSERVER_RULE_STATE_TELEMETRY_NO_ORDER",
  "hard_blocks": [
    "NO_AUTOMATED_ORDER",
    "NO_PAPER_ORDER",
    "NO_BROKER_CONNECTION",
    "NO_TRADE_REQUEST_FROM_STAGE133",
    "NO_ORDER_SEND_ADDED",
    "NO_TRADE_CLASS_ADDED",
    "NO_TRADING_LOGIC_CHANGE",
    "NO_SIGNAL_RULE_CHANGE",
    "NO_SELECTED_RULE_CHANGE",
    "NO_INDICATOR_UI_CHANGE_FROM_STAGE133",
    "NO_PAPER_LIVE",
    "NO_LIVE"
  ],
  "root": "/Users/vahid/Desktop/xauusd-trader",
  "mt5_files": "/Users/vahid/Library/Application Support/net.metaquotes.wine.metatrader5/drive_c/Program Files/MetaTrader 5/MQL5/Files",
  "mt5_experts": "/Users/vahid/Library/Application Support/net.metaquotes.wine.metatrader5/drive_c/Program Files/MetaTrader 5/MQL5/Experts/Advisors/XAUUSD",
  "candidate_sources": [
    "/Users/vahid/Desktop/xauusd-trader/mt5/Unified_ObserverOnly_EA.mq5",
    "/Users/vahid/Library/Application Support/net.metaquotes.wine.metatrader5/drive_c/Program Files/MetaTrader 5/MQL5/Experts/Advisors/XAUUSD/Unified_ObserverOnly_EA.mq5",
    "/Users/vahid/Desktop/xauusd-trader/mt5/K06_ObserverOnly_EA.mq5",
    "/Users/vahid/Desktop/xauusd-trader/mt5/Portfolio_ObserverOnly_EA.mq5",
    "/Users/vahid/Desktop/xauusd-trader/mql5/Experts/XAUUSD_Stage124_ShadowObserverOnly.mq5",
    "/Users/vahid/Desktop/xauusd-trader/MQL5/Experts/XAUUSD_Stage124_ShadowObserverOnly.mq5"
  ],
  "selected_source": "/Users/vahid/Desktop/xauusd-trader/mt5/Unified_ObserverOnly_EA.mq5",
  "patch_source_requested": false,
  "write_mt5_ea_requested": false,
  "patch_result": {},
  "mt5_ea_written": "",
  "snapshot_utc": "2026-07-01T05:13:31Z",
  "rule_state_exists": true,
  "rule_state_fresh": true,
  "rule_state_age_sec": 28.12,
  "rule_state_mtime_utc": "2026-07-01T05:13:03Z",
  "kv_count": 23,
  "kv_format": "PIPE",
  "feature_date": "2026-06-26",
  "mode": "OBSERVER_ONLY_NO_TRADE",
  "any_signal_active": "false",
  "selected_rule_id": "",
  "selected_label": "",
  "execution_allowed": "false",
  "order_authorized": "false",
  "rule_count": "7",
  "active_rule_count": "0",
  "latest_rows": 7,
  "latest_active_rows": 0,
  "latest_active_rule_ids": "",
  "allow_trading": "false",
  "order_send": "false",
  "rule_state_kv": "/Users/vahid/Library/Application Support/net.metaquotes.wine.metatrader5/drive_c/Program Files/MetaTrader 5/MQL5/Files/xauusd_stage133_unified_observer_rule_state_kv.csv",
  "rule_state_latest_csv": "/Users/vahid/Library/Application Support/net.metaquotes.wine.metatrader5/drive_c/Program Files/MetaTrader 5/MQL5/Files/xauusd_stage133_unified_observer_rule_state_latest.csv",
  "rule_state_history_csv": "/Users/vahid/Library/Application Support/net.metaquotes.wine.metatrader5/drive_c/Program Files/MetaTrader 5/MQL5/Files/xauusd_stage133_unified_observer_rule_state_history.csv",
  "latest_snapshot_csv": "/Users/vahid/Desktop/xauusd-trader/reports/stage133_unified_observer_rule_state_telemetry_writer/stage133_latest_rule_state_telemetry_snapshot.csv",
  "history_snapshot_csv": "/Users/vahid/Desktop/xauusd-trader/data/forward_shadow_telemetry/stage133_rule_state_telemetry_snapshots.csv",
  "patch_audit_csv": "/Users/vahid/Desktop/xauusd-trader/reports/stage133_unified_observer_rule_state_telemetry_writer/stage133_patch_audit.csv",
  "status_kv_repo": "/Users/vahid/Desktop/xauusd-trader/data/forward_shadow_telemetry/stage133_rule_state_telemetry_status_kv.csv",
  "status_kv_report": "/Users/vahid/Desktop/xauusd-trader/reports/stage133_unified_observer_rule_state_telemetry_writer/stage133_rule_state_telemetry_status_kv.csv",
  "mt5_status_kv_written": true,
  "mt5_status_kv": "/Users/vahid/Library/Application Support/net.metaquotes.wine.metatrader5/drive_c/Program Files/MetaTrader 5/MQL5/Files/xauusd_stage133_rule_state_telemetry_status_kv.csv",
  "governance_no_order_manifest": "/Users/vahid/Desktop/xauusd-trader/reports/stage133_unified_observer_rule_state_telemetry_writer/stage133_governance_no_order_manifest.csv",
  "summary_json": "/Users/vahid/Desktop/xauusd-trader/reports/stage133_unified_observer_rule_state_telemetry_writer/stage133_unified_observer_rule_state_telemetry_writer_summary.json",
  "report_md": "/Users/vahid/Desktop/xauusd-trader/reports/stage133_unified_observer_rule_state_telemetry_writer/stage133_unified_observer_rule_state_telemetry_writer_report.md",
  "next": [
    "Compile the patched Unified Observer EA in MetaEditor and reload/reattach it on XAUUSD,H1.",
    "After one to two minutes, run Stage133 without --patch-source to confirm fresh rule-state telemetry.",
    "If rule-state telemetry is fresh, collect market-open snapshots; do not promote from telemetry alone."
  ]
}
{
  "stage": "Stage133_UNIFIED_OBSERVER_RULE_STATE_TELEMETRY_WRITER",
  "generated_utc": "2026-07-01T05:23:33Z",
  "status": "RULE_STATE_TELEMETRY_ALIVE_NO_ORDER",
  "decision": "STAGE133_RULE_STATE_TELEMETRY_CONFIRMED_NO_ORDER",
  "classification": "UNIFIED_OBSERVER_RULE_STATE_TELEMETRY_NO_ORDER",
  "hard_blocks": [
    "NO_AUTOMATED_ORDER",
    "NO_PAPER_ORDER",
    "NO_BROKER_CONNECTION",
    "NO_TRADE_REQUEST_FROM_STAGE133",
    "NO_ORDER_SEND_ADDED",
    "NO_TRADE_CLASS_ADDED",
    "NO_TRADING_LOGIC_CHANGE",
    "NO_SIGNAL_RULE_CHANGE",
    "NO_SELECTED_RULE_CHANGE",
    "NO_INDICATOR_UI_CHANGE_FROM_STAGE133",
    "NO_PAPER_LIVE",
    "NO_LIVE"
  ],
  "root": "/Users/vahid/Desktop/xauusd-trader",
  "mt5_files": "/Users/vahid/Library/Application Support/net.metaquotes.wine.metatrader5/drive_c/Program Files/MetaTrader 5/MQL5/Files",
  "mt5_experts": "/Users/vahid/Library/Application Support/net.metaquotes.wine.metatrader5/drive_c/Program Files/MetaTrader 5/MQL5/Experts/Advisors/XAUUSD",
  "candidate_sources": [
    "/Users/vahid/Desktop/xauusd-trader/mt5/Unified_ObserverOnly_EA.mq5",
    "/Users/vahid/Library/Application Support/net.metaquotes.wine.metatrader5/drive_c/Program Files/MetaTrader 5/MQL5/Experts/Advisors/XAUUSD/Unified_ObserverOnly_EA.mq5",
    "/Users/vahid/Desktop/xauusd-trader/mt5/K06_ObserverOnly_EA.mq5",
    "/Users/vahid/Desktop/xauusd-trader/mt5/Portfolio_ObserverOnly_EA.mq5",
    "/Users/vahid/Desktop/xauusd-trader/mql5/Experts/XAUUSD_Stage124_ShadowObserverOnly.mq5",
    "/Users/vahid/Desktop/xauusd-trader/MQL5/Experts/XAUUSD_Stage124_ShadowObserverOnly.mq5"
  ],
  "selected_source": "/Users/vahid/Desktop/xauusd-trader/mt5/Unified_ObserverOnly_EA.mq5",
  "patch_source_requested": false,
  "write_mt5_ea_requested": false,
  "patch_result": {},
  "mt5_ea_written": "",
  "snapshot_utc": "2026-07-01T05:23:37Z",
  "rule_state_exists": true,
  "rule_state_fresh": true,
  "rule_state_age_sec": 34.1,
  "rule_state_mtime_utc": "2026-07-01T05:23:03Z",
  "kv_count": 23,
  "kv_format": "PIPE",
  "feature_date": "2026-06-26",
  "mode": "OBSERVER_ONLY_NO_TRADE",
  "any_signal_active": "false",
  "selected_rule_id": "",
  "selected_label": "",
  "execution_allowed": "false",
  "order_authorized": "false",
  "rule_count": "7",
  "active_rule_count": "0",
  "latest_rows": 7,
  "latest_active_rows": 0,
  "latest_active_rule_ids": "",
  "allow_trading": "false",
  "order_send": "false",
  "rule_state_kv": "/Users/vahid/Library/Application Support/net.metaquotes.wine.metatrader5/drive_c/Program Files/MetaTrader 5/MQL5/Files/xauusd_stage133_unified_observer_rule_state_kv.csv",
  "rule_state_latest_csv": "/Users/vahid/Library/Application Support/net.metaquotes.wine.metatrader5/drive_c/Program Files/MetaTrader 5/MQL5/Files/xauusd_stage133_unified_observer_rule_state_latest.csv",
  "rule_state_history_csv": "/Users/vahid/Library/Application Support/net.metaquotes.wine.metatrader5/drive_c/Program Files/MetaTrader 5/MQL5/Files/xauusd_stage133_unified_observer_rule_state_history.csv",
  "latest_snapshot_csv": "/Users/vahid/Desktop/xauusd-trader/reports/stage133_unified_observer_rule_state_telemetry_writer/stage133_latest_rule_state_telemetry_snapshot.csv",
  "history_snapshot_csv": "/Users/vahid/Desktop/xauusd-trader/data/forward_shadow_telemetry/stage133_rule_state_telemetry_snapshots.csv",
  "patch_audit_csv": "/Users/vahid/Desktop/xauusd-trader/reports/stage133_unified_observer_rule_state_telemetry_writer/stage133_patch_audit.csv",
  "status_kv_repo": "/Users/vahid/Desktop/xauusd-trader/data/forward_shadow_telemetry/stage133_rule_state_telemetry_status_kv.csv",
  "status_kv_report": "/Users/vahid/Desktop/xauusd-trader/reports/stage133_unified_observer_rule_state_telemetry_writer/stage133_rule_state_telemetry_status_kv.csv",
  "mt5_status_kv_written": true,
  "mt5_status_kv": "/Users/vahid/Library/Application Support/net.metaquotes.wine.metatrader5/drive_c/Program Files/MetaTrader 5/MQL5/Files/xauusd_stage133_rule_state_telemetry_status_kv.csv",
  "governance_no_order_manifest": "/Users/vahid/Desktop/xauusd-trader/reports/stage133_unified_observer_rule_state_telemetry_writer/stage133_governance_no_order_manifest.csv",
  "summary_json": "/Users/vahid/Desktop/xauusd-trader/reports/stage133_unified_observer_rule_state_telemetry_writer/stage133_unified_observer_rule_state_telemetry_writer_summary.json",
  "report_md": "/Users/vahid/Desktop/xauusd-trader/reports/stage133_unified_observer_rule_state_telemetry_writer/stage133_unified_observer_rule_state_telemetry_writer_report.md",
  "next": [
    "Compile the patched Unified Observer EA in MetaEditor and reload/reattach it on XAUUSD,H1.",
    "After one to two minutes, run Stage133 without --patch-source to confirm fresh rule-state telemetry.",
    "If rule-state telemetry is fresh, collect market-open snapshots; do not promote from telemetry alone."
  ]
}
{
  "stage": "Stage133_UNIFIED_OBSERVER_RULE_STATE_TELEMETRY_WRITER",
  "generated_utc": "2026-07-01T05:33:40Z",
  "status": "RULE_STATE_TELEMETRY_ALIVE_NO_ORDER",
  "decision": "STAGE133_RULE_STATE_TELEMETRY_CONFIRMED_NO_ORDER",
  "classification": "UNIFIED_OBSERVER_RULE_STATE_TELEMETRY_NO_ORDER",
  "hard_blocks": [
    "NO_AUTOMATED_ORDER",
    "NO_PAPER_ORDER",
    "NO_BROKER_CONNECTION",
    "NO_TRADE_REQUEST_FROM_STAGE133",
    "NO_ORDER_SEND_ADDED",
    "NO_TRADE_CLASS_ADDED",
    "NO_TRADING_LOGIC_CHANGE",
    "NO_SIGNAL_RULE_CHANGE",
    "NO_SELECTED_RULE_CHANGE",
    "NO_INDICATOR_UI_CHANGE_FROM_STAGE133",
    "NO_PAPER_LIVE",
    "NO_LIVE"
  ],
  "root": "/Users/vahid/Desktop/xauusd-trader",
  "mt5_files": "/Users/vahid/Library/Application Support/net.metaquotes.wine.metatrader5/drive_c/Program Files/MetaTrader 5/MQL5/Files",
  "mt5_experts": "/Users/vahid/Library/Application Support/net.metaquotes.wine.metatrader5/drive_c/Program Files/MetaTrader 5/MQL5/Experts/Advisors/XAUUSD",
  "candidate_sources": [
    "/Users/vahid/Desktop/xauusd-trader/mt5/Unified_ObserverOnly_EA.mq5",
    "/Users/vahid/Library/Application Support/net.metaquotes.wine.metatrader5/drive_c/Program Files/MetaTrader 5/MQL5/Experts/Advisors/XAUUSD/Unified_ObserverOnly_EA.mq5",
    "/Users/vahid/Desktop/xauusd-trader/mt5/K06_ObserverOnly_EA.mq5",
    "/Users/vahid/Desktop/xauusd-trader/mt5/Portfolio_ObserverOnly_EA.mq5",
    "/Users/vahid/Desktop/xauusd-trader/mql5/Experts/XAUUSD_Stage124_ShadowObserverOnly.mq5",
    "/Users/vahid/Desktop/xauusd-trader/MQL5/Experts/XAUUSD_Stage124_ShadowObserverOnly.mq5"
  ],
  "selected_source": "/Users/vahid/Desktop/xauusd-trader/mt5/Unified_ObserverOnly_EA.mq5",
  "patch_source_requested": false,
  "write_mt5_ea_requested": false,
  "patch_result": {},
  "mt5_ea_written": "",
  "snapshot_utc": "2026-07-01T05:33:42Z",
  "rule_state_exists": true,
  "rule_state_fresh": true,
  "rule_state_age_sec": 39.32,
  "rule_state_mtime_utc": "2026-07-01T05:33:03Z",
  "kv_count": 23,
  "kv_format": "PIPE",
  "feature_date": "2026-06-26",
  "mode": "OBSERVER_ONLY_NO_TRADE",
  "any_signal_active": "false",
  "selected_rule_id": "",
  "selected_label": "",
  "execution_allowed": "false",
  "order_authorized": "false",
  "rule_count": "7",
  "active_rule_count": "0",
  "latest_rows": 7,
  "latest_active_rows": 0,
  "latest_active_rule_ids": "",
  "allow_trading": "false",
  "order_send": "false",
  "rule_state_kv": "/Users/vahid/Library/Application Support/net.metaquotes.wine.metatrader5/drive_c/Program Files/MetaTrader 5/MQL5/Files/xauusd_stage133_unified_observer_rule_state_kv.csv",
  "rule_state_latest_csv": "/Users/vahid/Library/Application Support/net.metaquotes.wine.metatrader5/drive_c/Program Files/MetaTrader 5/MQL5/Files/xauusd_stage133_unified_observer_rule_state_latest.csv",
  "rule_state_history_csv": "/Users/vahid/Library/Application Support/net.metaquotes.wine.metatrader5/drive_c/Program Files/MetaTrader 5/MQL5/Files/xauusd_stage133_unified_observer_rule_state_history.csv",
  "latest_snapshot_csv": "/Users/vahid/Desktop/xauusd-trader/reports/stage133_unified_observer_rule_state_telemetry_writer/stage133_latest_rule_state_telemetry_snapshot.csv",
  "history_snapshot_csv": "/Users/vahid/Desktop/xauusd-trader/data/forward_shadow_telemetry/stage133_rule_state_telemetry_snapshots.csv",
  "patch_audit_csv": "/Users/vahid/Desktop/xauusd-trader/reports/stage133_unified_observer_rule_state_telemetry_writer/stage133_patch_audit.csv",
  "status_kv_repo": "/Users/vahid/Desktop/xauusd-trader/data/forward_shadow_telemetry/stage133_rule_state_telemetry_status_kv.csv",
  "status_kv_report": "/Users/vahid/Desktop/xauusd-trader/reports/stage133_unified_observer_rule_state_telemetry_writer/stage133_rule_state_telemetry_status_kv.csv",
  "mt5_status_kv_written": true,
  "mt5_status_kv": "/Users/vahid/Library/Application Support/net.metaquotes.wine.metatrader5/drive_c/Program Files/MetaTrader 5/MQL5/Files/xauusd_stage133_rule_state_telemetry_status_kv.csv",
  "governance_no_order_manifest": "/Users/vahid/Desktop/xauusd-trader/reports/stage133_unified_observer_rule_state_telemetry_writer/stage133_governance_no_order_manifest.csv",
  "summary_json": "/Users/vahid/Desktop/xauusd-trader/reports/stage133_unified_observer_rule_state_telemetry_writer/stage133_unified_observer_rule_state_telemetry_writer_summary.json",
  "report_md": "/Users/vahid/Desktop/xauusd-trader/reports/stage133_unified_observer_rule_state_telemetry_writer/stage133_unified_observer_rule_state_telemetry_writer_report.md",
  "next": [
    "Compile the patched Unified Observer EA in MetaEditor and reload/reattach it on XAUUSD,H1.",
    "After one to two minutes, run Stage133 without --patch-source to confirm fresh rule-state telemetry.",
    "If rule-state telemetry is fresh, collect market-open snapshots; do not promote from telemetry alone."
  ]
}
{
  "stage": "Stage133_UNIFIED_OBSERVER_RULE_STATE_TELEMETRY_WRITER",
  "generated_utc": "2026-07-01T05:43:43Z",
  "status": "RULE_STATE_TELEMETRY_ALIVE_NO_ORDER",
  "decision": "STAGE133_RULE_STATE_TELEMETRY_CONFIRMED_NO_ORDER",
  "classification": "UNIFIED_OBSERVER_RULE_STATE_TELEMETRY_NO_ORDER",
  "hard_blocks": [
    "NO_AUTOMATED_ORDER",
    "NO_PAPER_ORDER",
    "NO_BROKER_CONNECTION",
    "NO_TRADE_REQUEST_FROM_STAGE133",
    "NO_ORDER_SEND_ADDED",
    "NO_TRADE_CLASS_ADDED",
    "NO_TRADING_LOGIC_CHANGE",
    "NO_SIGNAL_RULE_CHANGE",
    "NO_SELECTED_RULE_CHANGE",
    "NO_INDICATOR_UI_CHANGE_FROM_STAGE133",
    "NO_PAPER_LIVE",
    "NO_LIVE"
  ],
  "root": "/Users/vahid/Desktop/xauusd-trader",
  "mt5_files": "/Users/vahid/Library/Application Support/net.metaquotes.wine.metatrader5/drive_c/Program Files/MetaTrader 5/MQL5/Files",
  "mt5_experts": "/Users/vahid/Library/Application Support/net.metaquotes.wine.metatrader5/drive_c/Program Files/MetaTrader 5/MQL5/Experts/Advisors/XAUUSD",
  "candidate_sources": [
    "/Users/vahid/Desktop/xauusd-trader/mt5/Unified_ObserverOnly_EA.mq5",
    "/Users/vahid/Library/Application Support/net.metaquotes.wine.metatrader5/drive_c/Program Files/MetaTrader 5/MQL5/Experts/Advisors/XAUUSD/Unified_ObserverOnly_EA.mq5",
    "/Users/vahid/Desktop/xauusd-trader/mt5/K06_ObserverOnly_EA.mq5",
    "/Users/vahid/Desktop/xauusd-trader/mt5/Portfolio_ObserverOnly_EA.mq5",
    "/Users/vahid/Desktop/xauusd-trader/mql5/Experts/XAUUSD_Stage124_ShadowObserverOnly.mq5",
    "/Users/vahid/Desktop/xauusd-trader/MQL5/Experts/XAUUSD_Stage124_ShadowObserverOnly.mq5"
  ],
  "selected_source": "/Users/vahid/Desktop/xauusd-trader/mt5/Unified_ObserverOnly_EA.mq5",
  "patch_source_requested": false,
  "write_mt5_ea_requested": false,
  "patch_result": {},
  "mt5_ea_written": "",
  "snapshot_utc": "2026-07-01T05:43:44Z",
  "rule_state_exists": true,
  "rule_state_fresh": true,
  "rule_state_age_sec": 40.96,
  "rule_state_mtime_utc": "2026-07-01T05:43:03Z",
  "kv_count": 23,
  "kv_format": "PIPE",
  "feature_date": "2026-06-26",
  "mode": "OBSERVER_ONLY_NO_TRADE",
  "any_signal_active": "false",
  "selected_rule_id": "",
  "selected_label": "",
  "execution_allowed": "false",
  "order_authorized": "false",
  "rule_count": "7",
  "active_rule_count": "0",
  "latest_rows": 7,
  "latest_active_rows": 0,
  "latest_active_rule_ids": "",
  "allow_trading": "false",
  "order_send": "false",
  "rule_state_kv": "/Users/vahid/Library/Application Support/net.metaquotes.wine.metatrader5/drive_c/Program Files/MetaTrader 5/MQL5/Files/xauusd_stage133_unified_observer_rule_state_kv.csv",
  "rule_state_latest_csv": "/Users/vahid/Library/Application Support/net.metaquotes.wine.metatrader5/drive_c/Program Files/MetaTrader 5/MQL5/Files/xauusd_stage133_unified_observer_rule_state_latest.csv",
  "rule_state_history_csv": "/Users/vahid/Library/Application Support/net.metaquotes.wine.metatrader5/drive_c/Program Files/MetaTrader 5/MQL5/Files/xauusd_stage133_unified_observer_rule_state_history.csv",
  "latest_snapshot_csv": "/Users/vahid/Desktop/xauusd-trader/reports/stage133_unified_observer_rule_state_telemetry_writer/stage133_latest_rule_state_telemetry_snapshot.csv",
  "history_snapshot_csv": "/Users/vahid/Desktop/xauusd-trader/data/forward_shadow_telemetry/stage133_rule_state_telemetry_snapshots.csv",
  "patch_audit_csv": "/Users/vahid/Desktop/xauusd-trader/reports/stage133_unified_observer_rule_state_telemetry_writer/stage133_patch_audit.csv",
  "status_kv_repo": "/Users/vahid/Desktop/xauusd-trader/data/forward_shadow_telemetry/stage133_rule_state_telemetry_status_kv.csv",
  "status_kv_report": "/Users/vahid/Desktop/xauusd-trader/reports/stage133_unified_observer_rule_state_telemetry_writer/stage133_rule_state_telemetry_status_kv.csv",
  "mt5_status_kv_written": true,
  "mt5_status_kv": "/Users/vahid/Library/Application Support/net.metaquotes.wine.metatrader5/drive_c/Program Files/MetaTrader 5/MQL5/Files/xauusd_stage133_rule_state_telemetry_status_kv.csv",
  "governance_no_order_manifest": "/Users/vahid/Desktop/xauusd-trader/reports/stage133_unified_observer_rule_state_telemetry_writer/stage133_governance_no_order_manifest.csv",
  "summary_json": "/Users/vahid/Desktop/xauusd-trader/reports/stage133_unified_observer_rule_state_telemetry_writer/stage133_unified_observer_rule_state_telemetry_writer_summary.json",
  "report_md": "/Users/vahid/Desktop/xauusd-trader/reports/stage133_unified_observer_rule_state_telemetry_writer/stage133_unified_observer_rule_state_telemetry_writer_report.md",
  "next": [
    "Compile the patched Unified Observer EA in MetaEditor and reload/reattach it on XAUUSD,H1.",
    "After one to two minutes, run Stage133 without --patch-source to confirm fresh rule-state telemetry.",
    "If rule-state telemetry is fresh, collect market-open snapshots; do not promote from telemetry alone."
  ]
}
{
  "stage": "Stage133_UNIFIED_OBSERVER_RULE_STATE_TELEMETRY_WRITER",
  "generated_utc": "2026-07-01T05:53:45Z",
  "status": "RULE_STATE_TELEMETRY_ALIVE_NO_ORDER",
  "decision": "STAGE133_RULE_STATE_TELEMETRY_CONFIRMED_NO_ORDER",
  "classification": "UNIFIED_OBSERVER_RULE_STATE_TELEMETRY_NO_ORDER",
  "hard_blocks": [
    "NO_AUTOMATED_ORDER",
    "NO_PAPER_ORDER",
    "NO_BROKER_CONNECTION",
    "NO_TRADE_REQUEST_FROM_STAGE133",
    "NO_ORDER_SEND_ADDED",
    "NO_TRADE_CLASS_ADDED",
    "NO_TRADING_LOGIC_CHANGE",
    "NO_SIGNAL_RULE_CHANGE",
    "NO_SELECTED_RULE_CHANGE",
    "NO_INDICATOR_UI_CHANGE_FROM_STAGE133",
    "NO_PAPER_LIVE",
    "NO_LIVE"
  ],
  "root": "/Users/vahid/Desktop/xauusd-trader",
  "mt5_files": "/Users/vahid/Library/Application Support/net.metaquotes.wine.metatrader5/drive_c/Program Files/MetaTrader 5/MQL5/Files",
  "mt5_experts": "/Users/vahid/Library/Application Support/net.metaquotes.wine.metatrader5/drive_c/Program Files/MetaTrader 5/MQL5/Experts/Advisors/XAUUSD",
  "candidate_sources": [
    "/Users/vahid/Desktop/xauusd-trader/mt5/Unified_ObserverOnly_EA.mq5",
    "/Users/vahid/Library/Application Support/net.metaquotes.wine.metatrader5/drive_c/Program Files/MetaTrader 5/MQL5/Experts/Advisors/XAUUSD/Unified_ObserverOnly_EA.mq5",
    "/Users/vahid/Desktop/xauusd-trader/mt5/K06_ObserverOnly_EA.mq5",
    "/Users/vahid/Desktop/xauusd-trader/mt5/Portfolio_ObserverOnly_EA.mq5",
    "/Users/vahid/Desktop/xauusd-trader/mql5/Experts/XAUUSD_Stage124_ShadowObserverOnly.mq5",
    "/Users/vahid/Desktop/xauusd-trader/MQL5/Experts/XAUUSD_Stage124_ShadowObserverOnly.mq5"
  ],
  "selected_source": "/Users/vahid/Desktop/xauusd-trader/mt5/Unified_ObserverOnly_EA.mq5",
  "patch_source_requested": false,
  "write_mt5_ea_requested": false,
  "patch_result": {},
  "mt5_ea_written": "",
  "snapshot_utc": "2026-07-01T05:53:45Z",
  "rule_state_exists": true,
  "rule_state_fresh": true,
  "rule_state_age_sec": 42.42,
  "rule_state_mtime_utc": "2026-07-01T05:53:03Z",
  "kv_count": 23,
  "kv_format": "PIPE",
  "feature_date": "2026-06-26",
  "mode": "OBSERVER_ONLY_NO_TRADE",
  "any_signal_active": "false",
  "selected_rule_id": "",
  "selected_label": "",
  "execution_allowed": "false",
  "order_authorized": "false",
  "rule_count": "7",
  "active_rule_count": "0",
  "latest_rows": 7,
  "latest_active_rows": 0,
  "latest_active_rule_ids": "",
  "allow_trading": "false",
  "order_send": "false",
  "rule_state_kv": "/Users/vahid/Library/Application Support/net.metaquotes.wine.metatrader5/drive_c/Program Files/MetaTrader 5/MQL5/Files/xauusd_stage133_unified_observer_rule_state_kv.csv",
  "rule_state_latest_csv": "/Users/vahid/Library/Application Support/net.metaquotes.wine.metatrader5/drive_c/Program Files/MetaTrader 5/MQL5/Files/xauusd_stage133_unified_observer_rule_state_latest.csv",
  "rule_state_history_csv": "/Users/vahid/Library/Application Support/net.metaquotes.wine.metatrader5/drive_c/Program Files/MetaTrader 5/MQL5/Files/xauusd_stage133_unified_observer_rule_state_history.csv",
  "latest_snapshot_csv": "/Users/vahid/Desktop/xauusd-trader/reports/stage133_unified_observer_rule_state_telemetry_writer/stage133_latest_rule_state_telemetry_snapshot.csv",
  "history_snapshot_csv": "/Users/vahid/Desktop/xauusd-trader/data/forward_shadow_telemetry/stage133_rule_state_telemetry_snapshots.csv",
  "patch_audit_csv": "/Users/vahid/Desktop/xauusd-trader/reports/stage133_unified_observer_rule_state_telemetry_writer/stage133_patch_audit.csv",
  "status_kv_repo": "/Users/vahid/Desktop/xauusd-trader/data/forward_shadow_telemetry/stage133_rule_state_telemetry_status_kv.csv",
  "status_kv_report": "/Users/vahid/Desktop/xauusd-trader/reports/stage133_unified_observer_rule_state_telemetry_writer/stage133_rule_state_telemetry_status_kv.csv",
  "mt5_status_kv_written": true,
  "mt5_status_kv": "/Users/vahid/Library/Application Support/net.metaquotes.wine.metatrader5/drive_c/Program Files/MetaTrader 5/MQL5/Files/xauusd_stage133_rule_state_telemetry_status_kv.csv",
  "governance_no_order_manifest": "/Users/vahid/Desktop/xauusd-trader/reports/stage133_unified_observer_rule_state_telemetry_writer/stage133_governance_no_order_manifest.csv",
  "summary_json": "/Users/vahid/Desktop/xauusd-trader/reports/stage133_unified_observer_rule_state_telemetry_writer/stage133_unified_observer_rule_state_telemetry_writer_summary.json",
  "report_md": "/Users/vahid/Desktop/xauusd-trader/reports/stage133_unified_observer_rule_state_telemetry_writer/stage133_unified_observer_rule_state_telemetry_writer_report.md",
  "next": [
    "Compile the patched Unified Observer EA in MetaEditor and reload/reattach it on XAUUSD,H1.",
    "After one to two minutes, run Stage133 without --patch-source to confirm fresh rule-state telemetry.",
    "If rule-state telemetry is fresh, collect market-open snapshots; do not promote from telemetry alone."
  ]
}
{
  "stage": "Stage133_UNIFIED_OBSERVER_RULE_STATE_TELEMETRY_WRITER",
  "generated_utc": "2026-07-01T06:03:47Z",
  "status": "RULE_STATE_TELEMETRY_ALIVE_NO_ORDER",
  "decision": "STAGE133_RULE_STATE_TELEMETRY_CONFIRMED_NO_ORDER",
  "classification": "UNIFIED_OBSERVER_RULE_STATE_TELEMETRY_NO_ORDER",
  "hard_blocks": [
    "NO_AUTOMATED_ORDER",
    "NO_PAPER_ORDER",
    "NO_BROKER_CONNECTION",
    "NO_TRADE_REQUEST_FROM_STAGE133",
    "NO_ORDER_SEND_ADDED",
    "NO_TRADE_CLASS_ADDED",
    "NO_TRADING_LOGIC_CHANGE",
    "NO_SIGNAL_RULE_CHANGE",
    "NO_SELECTED_RULE_CHANGE",
    "NO_INDICATOR_UI_CHANGE_FROM_STAGE133",
    "NO_PAPER_LIVE",
    "NO_LIVE"
  ],
  "root": "/Users/vahid/Desktop/xauusd-trader",
  "mt5_files": "/Users/vahid/Library/Application Support/net.metaquotes.wine.metatrader5/drive_c/Program Files/MetaTrader 5/MQL5/Files",
  "mt5_experts": "/Users/vahid/Library/Application Support/net.metaquotes.wine.metatrader5/drive_c/Program Files/MetaTrader 5/MQL5/Experts/Advisors/XAUUSD",
  "candidate_sources": [
    "/Users/vahid/Desktop/xauusd-trader/mt5/Unified_ObserverOnly_EA.mq5",
    "/Users/vahid/Library/Application Support/net.metaquotes.wine.metatrader5/drive_c/Program Files/MetaTrader 5/MQL5/Experts/Advisors/XAUUSD/Unified_ObserverOnly_EA.mq5",
    "/Users/vahid/Desktop/xauusd-trader/mt5/K06_ObserverOnly_EA.mq5",
    "/Users/vahid/Desktop/xauusd-trader/mt5/Portfolio_ObserverOnly_EA.mq5",
    "/Users/vahid/Desktop/xauusd-trader/mql5/Experts/XAUUSD_Stage124_ShadowObserverOnly.mq5",
    "/Users/vahid/Desktop/xauusd-trader/MQL5/Experts/XAUUSD_Stage124_ShadowObserverOnly.mq5"
  ],
  "selected_source": "/Users/vahid/Desktop/xauusd-trader/mt5/Unified_ObserverOnly_EA.mq5",
  "patch_source_requested": false,
  "write_mt5_ea_requested": false,
  "patch_result": {},
  "mt5_ea_written": "",
  "snapshot_utc": "2026-07-01T06:03:49Z",
  "rule_state_exists": true,
  "rule_state_fresh": true,
  "rule_state_age_sec": 45.85,
  "rule_state_mtime_utc": "2026-07-01T06:03:03Z",
  "kv_count": 23,
  "kv_format": "PIPE",
  "feature_date": "2026-06-26",
  "mode": "OBSERVER_ONLY_NO_TRADE",
  "any_signal_active": "false",
  "selected_rule_id": "",
  "selected_label": "",
  "execution_allowed": "false",
  "order_authorized": "false",
  "rule_count": "7",
  "active_rule_count": "0",
  "latest_rows": 7,
  "latest_active_rows": 0,
  "latest_active_rule_ids": "",
  "allow_trading": "false",
  "order_send": "false",
  "rule_state_kv": "/Users/vahid/Library/Application Support/net.metaquotes.wine.metatrader5/drive_c/Program Files/MetaTrader 5/MQL5/Files/xauusd_stage133_unified_observer_rule_state_kv.csv",
  "rule_state_latest_csv": "/Users/vahid/Library/Application Support/net.metaquotes.wine.metatrader5/drive_c/Program Files/MetaTrader 5/MQL5/Files/xauusd_stage133_unified_observer_rule_state_latest.csv",
  "rule_state_history_csv": "/Users/vahid/Library/Application Support/net.metaquotes.wine.metatrader5/drive_c/Program Files/MetaTrader 5/MQL5/Files/xauusd_stage133_unified_observer_rule_state_history.csv",
  "latest_snapshot_csv": "/Users/vahid/Desktop/xauusd-trader/reports/stage133_unified_observer_rule_state_telemetry_writer/stage133_latest_rule_state_telemetry_snapshot.csv",
  "history_snapshot_csv": "/Users/vahid/Desktop/xauusd-trader/data/forward_shadow_telemetry/stage133_rule_state_telemetry_snapshots.csv",
  "patch_audit_csv": "/Users/vahid/Desktop/xauusd-trader/reports/stage133_unified_observer_rule_state_telemetry_writer/stage133_patch_audit.csv",
  "status_kv_repo": "/Users/vahid/Desktop/xauusd-trader/data/forward_shadow_telemetry/stage133_rule_state_telemetry_status_kv.csv",
  "status_kv_report": "/Users/vahid/Desktop/xauusd-trader/reports/stage133_unified_observer_rule_state_telemetry_writer/stage133_rule_state_telemetry_status_kv.csv",
  "mt5_status_kv_written": true,
  "mt5_status_kv": "/Users/vahid/Library/Application Support/net.metaquotes.wine.metatrader5/drive_c/Program Files/MetaTrader 5/MQL5/Files/xauusd_stage133_rule_state_telemetry_status_kv.csv",
  "governance_no_order_manifest": "/Users/vahid/Desktop/xauusd-trader/reports/stage133_unified_observer_rule_state_telemetry_writer/stage133_governance_no_order_manifest.csv",
  "summary_json": "/Users/vahid/Desktop/xauusd-trader/reports/stage133_unified_observer_rule_state_telemetry_writer/stage133_unified_observer_rule_state_telemetry_writer_summary.json",
  "report_md": "/Users/vahid/Desktop/xauusd-trader/reports/stage133_unified_observer_rule_state_telemetry_writer/stage133_unified_observer_rule_state_telemetry_writer_report.md",
  "next": [
    "Compile the patched Unified Observer EA in MetaEditor and reload/reattach it on XAUUSD,H1.",
    "After one to two minutes, run Stage133 without --patch-source to confirm fresh rule-state telemetry.",
    "If rule-state telemetry is fresh, collect market-open snapshots; do not promote from telemetry alone."
  ]
}
{
  "stage": "Stage133_UNIFIED_OBSERVER_RULE_STATE_TELEMETRY_WRITER",
  "generated_utc": "2026-07-01T06:13:50Z",
  "status": "RULE_STATE_TELEMETRY_ALIVE_NO_ORDER",
  "decision": "STAGE133_RULE_STATE_TELEMETRY_CONFIRMED_NO_ORDER",
  "classification": "UNIFIED_OBSERVER_RULE_STATE_TELEMETRY_NO_ORDER",
  "hard_blocks": [
    "NO_AUTOMATED_ORDER",
    "NO_PAPER_ORDER",
    "NO_BROKER_CONNECTION",
    "NO_TRADE_REQUEST_FROM_STAGE133",
    "NO_ORDER_SEND_ADDED",
    "NO_TRADE_CLASS_ADDED",
    "NO_TRADING_LOGIC_CHANGE",
    "NO_SIGNAL_RULE_CHANGE",
    "NO_SELECTED_RULE_CHANGE",
    "NO_INDICATOR_UI_CHANGE_FROM_STAGE133",
    "NO_PAPER_LIVE",
    "NO_LIVE"
  ],
  "root": "/Users/vahid/Desktop/xauusd-trader",
  "mt5_files": "/Users/vahid/Library/Application Support/net.metaquotes.wine.metatrader5/drive_c/Program Files/MetaTrader 5/MQL5/Files",
  "mt5_experts": "/Users/vahid/Library/Application Support/net.metaquotes.wine.metatrader5/drive_c/Program Files/MetaTrader 5/MQL5/Experts/Advisors/XAUUSD",
  "candidate_sources": [
    "/Users/vahid/Desktop/xauusd-trader/mt5/Unified_ObserverOnly_EA.mq5",
    "/Users/vahid/Library/Application Support/net.metaquotes.wine.metatrader5/drive_c/Program Files/MetaTrader 5/MQL5/Experts/Advisors/XAUUSD/Unified_ObserverOnly_EA.mq5",
    "/Users/vahid/Desktop/xauusd-trader/mt5/K06_ObserverOnly_EA.mq5",
    "/Users/vahid/Desktop/xauusd-trader/mt5/Portfolio_ObserverOnly_EA.mq5",
    "/Users/vahid/Desktop/xauusd-trader/mql5/Experts/XAUUSD_Stage124_ShadowObserverOnly.mq5",
    "/Users/vahid/Desktop/xauusd-trader/MQL5/Experts/XAUUSD_Stage124_ShadowObserverOnly.mq5"
  ],
  "selected_source": "/Users/vahid/Desktop/xauusd-trader/mt5/Unified_ObserverOnly_EA.mq5",
  "patch_source_requested": false,
  "write_mt5_ea_requested": false,
  "patch_result": {},
  "mt5_ea_written": "",
  "snapshot_utc": "2026-07-01T06:13:50Z",
  "rule_state_exists": true,
  "rule_state_fresh": true,
  "rule_state_age_sec": 47.41,
  "rule_state_mtime_utc": "2026-07-01T06:13:03Z",
  "kv_count": 23,
  "kv_format": "PIPE",
  "feature_date": "2026-06-26",
  "mode": "OBSERVER_ONLY_NO_TRADE",
  "any_signal_active": "false",
  "selected_rule_id": "",
  "selected_label": "",
  "execution_allowed": "false",
  "order_authorized": "false",
  "rule_count": "7",
  "active_rule_count": "0",
  "latest_rows": 7,
  "latest_active_rows": 0,
  "latest_active_rule_ids": "",
  "allow_trading": "false",
  "order_send": "false",
  "rule_state_kv": "/Users/vahid/Library/Application Support/net.metaquotes.wine.metatrader5/drive_c/Program Files/MetaTrader 5/MQL5/Files/xauusd_stage133_unified_observer_rule_state_kv.csv",
  "rule_state_latest_csv": "/Users/vahid/Library/Application Support/net.metaquotes.wine.metatrader5/drive_c/Program Files/MetaTrader 5/MQL5/Files/xauusd_stage133_unified_observer_rule_state_latest.csv",
  "rule_state_history_csv": "/Users/vahid/Library/Application Support/net.metaquotes.wine.metatrader5/drive_c/Program Files/MetaTrader 5/MQL5/Files/xauusd_stage133_unified_observer_rule_state_history.csv",
  "latest_snapshot_csv": "/Users/vahid/Desktop/xauusd-trader/reports/stage133_unified_observer_rule_state_telemetry_writer/stage133_latest_rule_state_telemetry_snapshot.csv",
  "history_snapshot_csv": "/Users/vahid/Desktop/xauusd-trader/data/forward_shadow_telemetry/stage133_rule_state_telemetry_snapshots.csv",
  "patch_audit_csv": "/Users/vahid/Desktop/xauusd-trader/reports/stage133_unified_observer_rule_state_telemetry_writer/stage133_patch_audit.csv",
  "status_kv_repo": "/Users/vahid/Desktop/xauusd-trader/data/forward_shadow_telemetry/stage133_rule_state_telemetry_status_kv.csv",
  "status_kv_report": "/Users/vahid/Desktop/xauusd-trader/reports/stage133_unified_observer_rule_state_telemetry_writer/stage133_rule_state_telemetry_status_kv.csv",
  "mt5_status_kv_written": true,
  "mt5_status_kv": "/Users/vahid/Library/Application Support/net.metaquotes.wine.metatrader5/drive_c/Program Files/MetaTrader 5/MQL5/Files/xauusd_stage133_rule_state_telemetry_status_kv.csv",
  "governance_no_order_manifest": "/Users/vahid/Desktop/xauusd-trader/reports/stage133_unified_observer_rule_state_telemetry_writer/stage133_governance_no_order_manifest.csv",
  "summary_json": "/Users/vahid/Desktop/xauusd-trader/reports/stage133_unified_observer_rule_state_telemetry_writer/stage133_unified_observer_rule_state_telemetry_writer_summary.json",
  "report_md": "/Users/vahid/Desktop/xauusd-trader/reports/stage133_unified_observer_rule_state_telemetry_writer/stage133_unified_observer_rule_state_telemetry_writer_report.md",
  "next": [
    "Compile the patched Unified Observer EA in MetaEditor and reload/reattach it on XAUUSD,H1.",
    "After one to two minutes, run Stage133 without --patch-source to confirm fresh rule-state telemetry.",
    "If rule-state telemetry is fresh, collect market-open snapshots; do not promote from telemetry alone."
  ]
}
{
  "stage": "Stage133_UNIFIED_OBSERVER_RULE_STATE_TELEMETRY_WRITER",
  "generated_utc": "2026-07-01T06:23:51Z",
  "status": "RULE_STATE_TELEMETRY_ALIVE_NO_ORDER",
  "decision": "STAGE133_RULE_STATE_TELEMETRY_CONFIRMED_NO_ORDER",
  "classification": "UNIFIED_OBSERVER_RULE_STATE_TELEMETRY_NO_ORDER",
  "hard_blocks": [
    "NO_AUTOMATED_ORDER",
    "NO_PAPER_ORDER",
    "NO_BROKER_CONNECTION",
    "NO_TRADE_REQUEST_FROM_STAGE133",
    "NO_ORDER_SEND_ADDED",
    "NO_TRADE_CLASS_ADDED",
    "NO_TRADING_LOGIC_CHANGE",
    "NO_SIGNAL_RULE_CHANGE",
    "NO_SELECTED_RULE_CHANGE",
    "NO_INDICATOR_UI_CHANGE_FROM_STAGE133",
    "NO_PAPER_LIVE",
    "NO_LIVE"
  ],
  "root": "/Users/vahid/Desktop/xauusd-trader",
  "mt5_files": "/Users/vahid/Library/Application Support/net.metaquotes.wine.metatrader5/drive_c/Program Files/MetaTrader 5/MQL5/Files",
  "mt5_experts": "/Users/vahid/Library/Application Support/net.metaquotes.wine.metatrader5/drive_c/Program Files/MetaTrader 5/MQL5/Experts/Advisors/XAUUSD",
  "candidate_sources": [
    "/Users/vahid/Desktop/xauusd-trader/mt5/Unified_ObserverOnly_EA.mq5",
    "/Users/vahid/Library/Application Support/net.metaquotes.wine.metatrader5/drive_c/Program Files/MetaTrader 5/MQL5/Experts/Advisors/XAUUSD/Unified_ObserverOnly_EA.mq5",
    "/Users/vahid/Desktop/xauusd-trader/mt5/K06_ObserverOnly_EA.mq5",
    "/Users/vahid/Desktop/xauusd-trader/mt5/Portfolio_ObserverOnly_EA.mq5",
    "/Users/vahid/Desktop/xauusd-trader/mql5/Experts/XAUUSD_Stage124_ShadowObserverOnly.mq5",
    "/Users/vahid/Desktop/xauusd-trader/MQL5/Experts/XAUUSD_Stage124_ShadowObserverOnly.mq5"
  ],
  "selected_source": "/Users/vahid/Desktop/xauusd-trader/mt5/Unified_ObserverOnly_EA.mq5",
  "patch_source_requested": false,
  "write_mt5_ea_requested": false,
  "patch_result": {},
  "mt5_ea_written": "",
  "snapshot_utc": "2026-07-01T06:23:53Z",
  "rule_state_exists": true,
  "rule_state_fresh": true,
  "rule_state_age_sec": 50.37,
  "rule_state_mtime_utc": "2026-07-01T06:23:03Z",
  "kv_count": 23,
  "kv_format": "PIPE",
  "feature_date": "2026-06-26",
  "mode": "OBSERVER_ONLY_NO_TRADE",
  "any_signal_active": "false",
  "selected_rule_id": "",
  "selected_label": "",
  "execution_allowed": "false",
  "order_authorized": "false",
  "rule_count": "7",
  "active_rule_count": "0",
  "latest_rows": 7,
  "latest_active_rows": 0,
  "latest_active_rule_ids": "",
  "allow_trading": "false",
  "order_send": "false",
  "rule_state_kv": "/Users/vahid/Library/Application Support/net.metaquotes.wine.metatrader5/drive_c/Program Files/MetaTrader 5/MQL5/Files/xauusd_stage133_unified_observer_rule_state_kv.csv",
  "rule_state_latest_csv": "/Users/vahid/Library/Application Support/net.metaquotes.wine.metatrader5/drive_c/Program Files/MetaTrader 5/MQL5/Files/xauusd_stage133_unified_observer_rule_state_latest.csv",
  "rule_state_history_csv": "/Users/vahid/Library/Application Support/net.metaquotes.wine.metatrader5/drive_c/Program Files/MetaTrader 5/MQL5/Files/xauusd_stage133_unified_observer_rule_state_history.csv",
  "latest_snapshot_csv": "/Users/vahid/Desktop/xauusd-trader/reports/stage133_unified_observer_rule_state_telemetry_writer/stage133_latest_rule_state_telemetry_snapshot.csv",
  "history_snapshot_csv": "/Users/vahid/Desktop/xauusd-trader/data/forward_shadow_telemetry/stage133_rule_state_telemetry_snapshots.csv",
  "patch_audit_csv": "/Users/vahid/Desktop/xauusd-trader/reports/stage133_unified_observer_rule_state_telemetry_writer/stage133_patch_audit.csv",
  "status_kv_repo": "/Users/vahid/Desktop/xauusd-trader/data/forward_shadow_telemetry/stage133_rule_state_telemetry_status_kv.csv",
  "status_kv_report": "/Users/vahid/Desktop/xauusd-trader/reports/stage133_unified_observer_rule_state_telemetry_writer/stage133_rule_state_telemetry_status_kv.csv",
  "mt5_status_kv_written": true,
  "mt5_status_kv": "/Users/vahid/Library/Application Support/net.metaquotes.wine.metatrader5/drive_c/Program Files/MetaTrader 5/MQL5/Files/xauusd_stage133_rule_state_telemetry_status_kv.csv",
  "governance_no_order_manifest": "/Users/vahid/Desktop/xauusd-trader/reports/stage133_unified_observer_rule_state_telemetry_writer/stage133_governance_no_order_manifest.csv",
  "summary_json": "/Users/vahid/Desktop/xauusd-trader/reports/stage133_unified_observer_rule_state_telemetry_writer/stage133_unified_observer_rule_state_telemetry_writer_summary.json",
  "report_md": "/Users/vahid/Desktop/xauusd-trader/reports/stage133_unified_observer_rule_state_telemetry_writer/stage133_unified_observer_rule_state_telemetry_writer_report.md",
  "next": [
    "Compile the patched Unified Observer EA in MetaEditor and reload/reattach it on XAUUSD,H1.",
    "After one to two minutes, run Stage133 without --patch-source to confirm fresh rule-state telemetry.",
    "If rule-state telemetry is fresh, collect market-open snapshots; do not promote from telemetry alone."
  ]
}
{
  "stage": "Stage133_UNIFIED_OBSERVER_RULE_STATE_TELEMETRY_WRITER",
  "generated_utc": "2026-07-01T06:33:54Z",
  "status": "RULE_STATE_TELEMETRY_ALIVE_NO_ORDER",
  "decision": "STAGE133_RULE_STATE_TELEMETRY_CONFIRMED_NO_ORDER",
  "classification": "UNIFIED_OBSERVER_RULE_STATE_TELEMETRY_NO_ORDER",
  "hard_blocks": [
    "NO_AUTOMATED_ORDER",
    "NO_PAPER_ORDER",
    "NO_BROKER_CONNECTION",
    "NO_TRADE_REQUEST_FROM_STAGE133",
    "NO_ORDER_SEND_ADDED",
    "NO_TRADE_CLASS_ADDED",
    "NO_TRADING_LOGIC_CHANGE",
    "NO_SIGNAL_RULE_CHANGE",
    "NO_SELECTED_RULE_CHANGE",
    "NO_INDICATOR_UI_CHANGE_FROM_STAGE133",
    "NO_PAPER_LIVE",
    "NO_LIVE"
  ],
  "root": "/Users/vahid/Desktop/xauusd-trader",
  "mt5_files": "/Users/vahid/Library/Application Support/net.metaquotes.wine.metatrader5/drive_c/Program Files/MetaTrader 5/MQL5/Files",
  "mt5_experts": "/Users/vahid/Library/Application Support/net.metaquotes.wine.metatrader5/drive_c/Program Files/MetaTrader 5/MQL5/Experts/Advisors/XAUUSD",
  "candidate_sources": [
    "/Users/vahid/Desktop/xauusd-trader/mt5/Unified_ObserverOnly_EA.mq5",
    "/Users/vahid/Library/Application Support/net.metaquotes.wine.metatrader5/drive_c/Program Files/MetaTrader 5/MQL5/Experts/Advisors/XAUUSD/Unified_ObserverOnly_EA.mq5",
    "/Users/vahid/Desktop/xauusd-trader/mt5/K06_ObserverOnly_EA.mq5",
    "/Users/vahid/Desktop/xauusd-trader/mt5/Portfolio_ObserverOnly_EA.mq5",
    "/Users/vahid/Desktop/xauusd-trader/mql5/Experts/XAUUSD_Stage124_ShadowObserverOnly.mq5",
    "/Users/vahid/Desktop/xauusd-trader/MQL5/Experts/XAUUSD_Stage124_ShadowObserverOnly.mq5"
  ],
  "selected_source": "/Users/vahid/Desktop/xauusd-trader/mt5/Unified_ObserverOnly_EA.mq5",
  "patch_source_requested": false,
  "write_mt5_ea_requested": false,
  "patch_result": {},
  "mt5_ea_written": "",
  "snapshot_utc": "2026-07-01T06:33:55Z",
  "rule_state_exists": true,
  "rule_state_fresh": true,
  "rule_state_age_sec": 52.17,
  "rule_state_mtime_utc": "2026-07-01T06:33:03Z",
  "kv_count": 23,
  "kv_format": "PIPE",
  "feature_date": "2026-06-26",
  "mode": "OBSERVER_ONLY_NO_TRADE",
  "any_signal_active": "false",
  "selected_rule_id": "",
  "selected_label": "",
  "execution_allowed": "false",
  "order_authorized": "false",
  "rule_count": "7",
  "active_rule_count": "0",
  "latest_rows": 7,
  "latest_active_rows": 0,
  "latest_active_rule_ids": "",
  "allow_trading": "false",
  "order_send": "false",
  "rule_state_kv": "/Users/vahid/Library/Application Support/net.metaquotes.wine.metatrader5/drive_c/Program Files/MetaTrader 5/MQL5/Files/xauusd_stage133_unified_observer_rule_state_kv.csv",
  "rule_state_latest_csv": "/Users/vahid/Library/Application Support/net.metaquotes.wine.metatrader5/drive_c/Program Files/MetaTrader 5/MQL5/Files/xauusd_stage133_unified_observer_rule_state_latest.csv",
  "rule_state_history_csv": "/Users/vahid/Library/Application Support/net.metaquotes.wine.metatrader5/drive_c/Program Files/MetaTrader 5/MQL5/Files/xauusd_stage133_unified_observer_rule_state_history.csv",
  "latest_snapshot_csv": "/Users/vahid/Desktop/xauusd-trader/reports/stage133_unified_observer_rule_state_telemetry_writer/stage133_latest_rule_state_telemetry_snapshot.csv",
  "history_snapshot_csv": "/Users/vahid/Desktop/xauusd-trader/data/forward_shadow_telemetry/stage133_rule_state_telemetry_snapshots.csv",
  "patch_audit_csv": "/Users/vahid/Desktop/xauusd-trader/reports/stage133_unified_observer_rule_state_telemetry_writer/stage133_patch_audit.csv",
  "status_kv_repo": "/Users/vahid/Desktop/xauusd-trader/data/forward_shadow_telemetry/stage133_rule_state_telemetry_status_kv.csv",
  "status_kv_report": "/Users/vahid/Desktop/xauusd-trader/reports/stage133_unified_observer_rule_state_telemetry_writer/stage133_rule_state_telemetry_status_kv.csv",
  "mt5_status_kv_written": true,
  "mt5_status_kv": "/Users/vahid/Library/Application Support/net.metaquotes.wine.metatrader5/drive_c/Program Files/MetaTrader 5/MQL5/Files/xauusd_stage133_rule_state_telemetry_status_kv.csv",
  "governance_no_order_manifest": "/Users/vahid/Desktop/xauusd-trader/reports/stage133_unified_observer_rule_state_telemetry_writer/stage133_governance_no_order_manifest.csv",
  "summary_json": "/Users/vahid/Desktop/xauusd-trader/reports/stage133_unified_observer_rule_state_telemetry_writer/stage133_unified_observer_rule_state_telemetry_writer_summary.json",
  "report_md": "/Users/vahid/Desktop/xauusd-trader/reports/stage133_unified_observer_rule_state_telemetry_writer/stage133_unified_observer_rule_state_telemetry_writer_report.md",
  "next": [
    "Compile the patched Unified Observer EA in MetaEditor and reload/reattach it on XAUUSD,H1.",
    "After one to two minutes, run Stage133 without --patch-source to confirm fresh rule-state telemetry.",
    "If rule-state telemetry is fresh, collect market-open snapshots; do not promote from telemetry alone."
  ]
}
{
  "stage": "Stage133_UNIFIED_OBSERVER_RULE_STATE_TELEMETRY_WRITER",
  "generated_utc": "2026-07-01T06:43:56Z",
  "status": "RULE_STATE_TELEMETRY_ALIVE_NO_ORDER",
  "decision": "STAGE133_RULE_STATE_TELEMETRY_CONFIRMED_NO_ORDER",
  "classification": "UNIFIED_OBSERVER_RULE_STATE_TELEMETRY_NO_ORDER",
  "hard_blocks": [
    "NO_AUTOMATED_ORDER",
    "NO_PAPER_ORDER",
    "NO_BROKER_CONNECTION",
    "NO_TRADE_REQUEST_FROM_STAGE133",
    "NO_ORDER_SEND_ADDED",
    "NO_TRADE_CLASS_ADDED",
    "NO_TRADING_LOGIC_CHANGE",
    "NO_SIGNAL_RULE_CHANGE",
    "NO_SELECTED_RULE_CHANGE",
    "NO_INDICATOR_UI_CHANGE_FROM_STAGE133",
    "NO_PAPER_LIVE",
    "NO_LIVE"
  ],
  "root": "/Users/vahid/Desktop/xauusd-trader",
  "mt5_files": "/Users/vahid/Library/Application Support/net.metaquotes.wine.metatrader5/drive_c/Program Files/MetaTrader 5/MQL5/Files",
  "mt5_experts": "/Users/vahid/Library/Application Support/net.metaquotes.wine.metatrader5/drive_c/Program Files/MetaTrader 5/MQL5/Experts/Advisors/XAUUSD",
  "candidate_sources": [
    "/Users/vahid/Desktop/xauusd-trader/mt5/Unified_ObserverOnly_EA.mq5",
    "/Users/vahid/Library/Application Support/net.metaquotes.wine.metatrader5/drive_c/Program Files/MetaTrader 5/MQL5/Experts/Advisors/XAUUSD/Unified_ObserverOnly_EA.mq5",
    "/Users/vahid/Desktop/xauusd-trader/mt5/K06_ObserverOnly_EA.mq5",
    "/Users/vahid/Desktop/xauusd-trader/mt5/Portfolio_ObserverOnly_EA.mq5",
    "/Users/vahid/Desktop/xauusd-trader/mql5/Experts/XAUUSD_Stage124_ShadowObserverOnly.mq5",
    "/Users/vahid/Desktop/xauusd-trader/MQL5/Experts/XAUUSD_Stage124_ShadowObserverOnly.mq5"
  ],
  "selected_source": "/Users/vahid/Desktop/xauusd-trader/mt5/Unified_ObserverOnly_EA.mq5",
  "patch_source_requested": false,
  "write_mt5_ea_requested": false,
  "patch_result": {},
  "mt5_ea_written": "",
  "snapshot_utc": "2026-07-01T06:43:57Z",
  "rule_state_exists": true,
  "rule_state_fresh": true,
  "rule_state_age_sec": 53.79,
  "rule_state_mtime_utc": "2026-07-01T06:43:03Z",
  "kv_count": 23,
  "kv_format": "PIPE",
  "feature_date": "2026-06-26",
  "mode": "OBSERVER_ONLY_NO_TRADE",
  "any_signal_active": "false",
  "selected_rule_id": "",
  "selected_label": "",
  "execution_allowed": "false",
  "order_authorized": "false",
  "rule_count": "7",
  "active_rule_count": "0",
  "latest_rows": 7,
  "latest_active_rows": 0,
  "latest_active_rule_ids": "",
  "allow_trading": "false",
  "order_send": "false",
  "rule_state_kv": "/Users/vahid/Library/Application Support/net.metaquotes.wine.metatrader5/drive_c/Program Files/MetaTrader 5/MQL5/Files/xauusd_stage133_unified_observer_rule_state_kv.csv",
  "rule_state_latest_csv": "/Users/vahid/Library/Application Support/net.metaquotes.wine.metatrader5/drive_c/Program Files/MetaTrader 5/MQL5/Files/xauusd_stage133_unified_observer_rule_state_latest.csv",
  "rule_state_history_csv": "/Users/vahid/Library/Application Support/net.metaquotes.wine.metatrader5/drive_c/Program Files/MetaTrader 5/MQL5/Files/xauusd_stage133_unified_observer_rule_state_history.csv",
  "latest_snapshot_csv": "/Users/vahid/Desktop/xauusd-trader/reports/stage133_unified_observer_rule_state_telemetry_writer/stage133_latest_rule_state_telemetry_snapshot.csv",
  "history_snapshot_csv": "/Users/vahid/Desktop/xauusd-trader/data/forward_shadow_telemetry/stage133_rule_state_telemetry_snapshots.csv",
  "patch_audit_csv": "/Users/vahid/Desktop/xauusd-trader/reports/stage133_unified_observer_rule_state_telemetry_writer/stage133_patch_audit.csv",
  "status_kv_repo": "/Users/vahid/Desktop/xauusd-trader/data/forward_shadow_telemetry/stage133_rule_state_telemetry_status_kv.csv",
  "status_kv_report": "/Users/vahid/Desktop/xauusd-trader/reports/stage133_unified_observer_rule_state_telemetry_writer/stage133_rule_state_telemetry_status_kv.csv",
  "mt5_status_kv_written": true,
  "mt5_status_kv": "/Users/vahid/Library/Application Support/net.metaquotes.wine.metatrader5/drive_c/Program Files/MetaTrader 5/MQL5/Files/xauusd_stage133_rule_state_telemetry_status_kv.csv",
  "governance_no_order_manifest": "/Users/vahid/Desktop/xauusd-trader/reports/stage133_unified_observer_rule_state_telemetry_writer/stage133_governance_no_order_manifest.csv",
  "summary_json": "/Users/vahid/Desktop/xauusd-trader/reports/stage133_unified_observer_rule_state_telemetry_writer/stage133_unified_observer_rule_state_telemetry_writer_summary.json",
  "report_md": "/Users/vahid/Desktop/xauusd-trader/reports/stage133_unified_observer_rule_state_telemetry_writer/stage133_unified_observer_rule_state_telemetry_writer_report.md",
  "next": [
    "Compile the patched Unified Observer EA in MetaEditor and reload/reattach it on XAUUSD,H1.",
    "After one to two minutes, run Stage133 without --patch-source to confirm fresh rule-state telemetry.",
    "If rule-state telemetry is fresh, collect market-open snapshots; do not promote from telemetry alone."
  ]
}
{
  "stage": "Stage133_UNIFIED_OBSERVER_RULE_STATE_TELEMETRY_WRITER",
  "generated_utc": "2026-07-01T06:53:58Z",
  "status": "RULE_STATE_TELEMETRY_ALIVE_NO_ORDER",
  "decision": "STAGE133_RULE_STATE_TELEMETRY_CONFIRMED_NO_ORDER",
  "classification": "UNIFIED_OBSERVER_RULE_STATE_TELEMETRY_NO_ORDER",
  "hard_blocks": [
    "NO_AUTOMATED_ORDER",
    "NO_PAPER_ORDER",
    "NO_BROKER_CONNECTION",
    "NO_TRADE_REQUEST_FROM_STAGE133",
    "NO_ORDER_SEND_ADDED",
    "NO_TRADE_CLASS_ADDED",
    "NO_TRADING_LOGIC_CHANGE",
    "NO_SIGNAL_RULE_CHANGE",
    "NO_SELECTED_RULE_CHANGE",
    "NO_INDICATOR_UI_CHANGE_FROM_STAGE133",
    "NO_PAPER_LIVE",
    "NO_LIVE"
  ],
  "root": "/Users/vahid/Desktop/xauusd-trader",
  "mt5_files": "/Users/vahid/Library/Application Support/net.metaquotes.wine.metatrader5/drive_c/Program Files/MetaTrader 5/MQL5/Files",
  "mt5_experts": "/Users/vahid/Library/Application Support/net.metaquotes.wine.metatrader5/drive_c/Program Files/MetaTrader 5/MQL5/Experts/Advisors/XAUUSD",
  "candidate_sources": [
    "/Users/vahid/Desktop/xauusd-trader/mt5/Unified_ObserverOnly_EA.mq5",
    "/Users/vahid/Library/Application Support/net.metaquotes.wine.metatrader5/drive_c/Program Files/MetaTrader 5/MQL5/Experts/Advisors/XAUUSD/Unified_ObserverOnly_EA.mq5",
    "/Users/vahid/Desktop/xauusd-trader/mt5/K06_ObserverOnly_EA.mq5",
    "/Users/vahid/Desktop/xauusd-trader/mt5/Portfolio_ObserverOnly_EA.mq5",
    "/Users/vahid/Desktop/xauusd-trader/mql5/Experts/XAUUSD_Stage124_ShadowObserverOnly.mq5",
    "/Users/vahid/Desktop/xauusd-trader/MQL5/Experts/XAUUSD_Stage124_ShadowObserverOnly.mq5"
  ],
  "selected_source": "/Users/vahid/Desktop/xauusd-trader/mt5/Unified_ObserverOnly_EA.mq5",
  "patch_source_requested": false,
  "write_mt5_ea_requested": false,
  "patch_result": {},
  "mt5_ea_written": "",
  "snapshot_utc": "2026-07-01T06:53:58Z",
  "rule_state_exists": true,
  "rule_state_fresh": true,
  "rule_state_age_sec": 55.27,
  "rule_state_mtime_utc": "2026-07-01T06:53:03Z",
  "kv_count": 23,
  "kv_format": "PIPE",
  "feature_date": "2026-06-26",
  "mode": "OBSERVER_ONLY_NO_TRADE",
  "any_signal_active": "false",
  "selected_rule_id": "",
  "selected_label": "",
  "execution_allowed": "false",
  "order_authorized": "false",
  "rule_count": "7",
  "active_rule_count": "0",
  "latest_rows": 7,
  "latest_active_rows": 0,
  "latest_active_rule_ids": "",
  "allow_trading": "false",
  "order_send": "false",
  "rule_state_kv": "/Users/vahid/Library/Application Support/net.metaquotes.wine.metatrader5/drive_c/Program Files/MetaTrader 5/MQL5/Files/xauusd_stage133_unified_observer_rule_state_kv.csv",
  "rule_state_latest_csv": "/Users/vahid/Library/Application Support/net.metaquotes.wine.metatrader5/drive_c/Program Files/MetaTrader 5/MQL5/Files/xauusd_stage133_unified_observer_rule_state_latest.csv",
  "rule_state_history_csv": "/Users/vahid/Library/Application Support/net.metaquotes.wine.metatrader5/drive_c/Program Files/MetaTrader 5/MQL5/Files/xauusd_stage133_unified_observer_rule_state_history.csv",
  "latest_snapshot_csv": "/Users/vahid/Desktop/xauusd-trader/reports/stage133_unified_observer_rule_state_telemetry_writer/stage133_latest_rule_state_telemetry_snapshot.csv",
  "history_snapshot_csv": "/Users/vahid/Desktop/xauusd-trader/data/forward_shadow_telemetry/stage133_rule_state_telemetry_snapshots.csv",
  "patch_audit_csv": "/Users/vahid/Desktop/xauusd-trader/reports/stage133_unified_observer_rule_state_telemetry_writer/stage133_patch_audit.csv",
  "status_kv_repo": "/Users/vahid/Desktop/xauusd-trader/data/forward_shadow_telemetry/stage133_rule_state_telemetry_status_kv.csv",
  "status_kv_report": "/Users/vahid/Desktop/xauusd-trader/reports/stage133_unified_observer_rule_state_telemetry_writer/stage133_rule_state_telemetry_status_kv.csv",
  "mt5_status_kv_written": true,
  "mt5_status_kv": "/Users/vahid/Library/Application Support/net.metaquotes.wine.metatrader5/drive_c/Program Files/MetaTrader 5/MQL5/Files/xauusd_stage133_rule_state_telemetry_status_kv.csv",
  "governance_no_order_manifest": "/Users/vahid/Desktop/xauusd-trader/reports/stage133_unified_observer_rule_state_telemetry_writer/stage133_governance_no_order_manifest.csv",
  "summary_json": "/Users/vahid/Desktop/xauusd-trader/reports/stage133_unified_observer_rule_state_telemetry_writer/stage133_unified_observer_rule_state_telemetry_writer_summary.json",
  "report_md": "/Users/vahid/Desktop/xauusd-trader/reports/stage133_unified_observer_rule_state_telemetry_writer/stage133_unified_observer_rule_state_telemetry_writer_report.md",
  "next": [
    "Compile the patched Unified Observer EA in MetaEditor and reload/reattach it on XAUUSD,H1.",
    "After one to two minutes, run Stage133 without --patch-source to confirm fresh rule-state telemetry.",
    "If rule-state telemetry is fresh, collect market-open snapshots; do not promote from telemetry alone."
  ]
}
{
  "stage": "Stage133_UNIFIED_OBSERVER_RULE_STATE_TELEMETRY_WRITER",
  "generated_utc": "2026-07-01T07:03:59Z",
  "status": "RULE_STATE_TELEMETRY_ALIVE_NO_ORDER",
  "decision": "STAGE133_RULE_STATE_TELEMETRY_CONFIRMED_NO_ORDER",
  "classification": "UNIFIED_OBSERVER_RULE_STATE_TELEMETRY_NO_ORDER",
  "hard_blocks": [
    "NO_AUTOMATED_ORDER",
    "NO_PAPER_ORDER",
    "NO_BROKER_CONNECTION",
    "NO_TRADE_REQUEST_FROM_STAGE133",
    "NO_ORDER_SEND_ADDED",
    "NO_TRADE_CLASS_ADDED",
    "NO_TRADING_LOGIC_CHANGE",
    "NO_SIGNAL_RULE_CHANGE",
    "NO_SELECTED_RULE_CHANGE",
    "NO_INDICATOR_UI_CHANGE_FROM_STAGE133",
    "NO_PAPER_LIVE",
    "NO_LIVE"
  ],
  "root": "/Users/vahid/Desktop/xauusd-trader",
  "mt5_files": "/Users/vahid/Library/Application Support/net.metaquotes.wine.metatrader5/drive_c/Program Files/MetaTrader 5/MQL5/Files",
  "mt5_experts": "/Users/vahid/Library/Application Support/net.metaquotes.wine.metatrader5/drive_c/Program Files/MetaTrader 5/MQL5/Experts/Advisors/XAUUSD",
  "candidate_sources": [
    "/Users/vahid/Desktop/xauusd-trader/mt5/Unified_ObserverOnly_EA.mq5",
    "/Users/vahid/Library/Application Support/net.metaquotes.wine.metatrader5/drive_c/Program Files/MetaTrader 5/MQL5/Experts/Advisors/XAUUSD/Unified_ObserverOnly_EA.mq5",
    "/Users/vahid/Desktop/xauusd-trader/mt5/K06_ObserverOnly_EA.mq5",
    "/Users/vahid/Desktop/xauusd-trader/mt5/Portfolio_ObserverOnly_EA.mq5",
    "/Users/vahid/Desktop/xauusd-trader/mql5/Experts/XAUUSD_Stage124_ShadowObserverOnly.mq5",
    "/Users/vahid/Desktop/xauusd-trader/MQL5/Experts/XAUUSD_Stage124_ShadowObserverOnly.mq5"
  ],
  "selected_source": "/Users/vahid/Desktop/xauusd-trader/mt5/Unified_ObserverOnly_EA.mq5",
  "patch_source_requested": false,
  "write_mt5_ea_requested": false,
  "patch_result": {},
  "mt5_ea_written": "",
  "snapshot_utc": "2026-07-01T07:04:00Z",
  "rule_state_exists": true,
  "rule_state_fresh": true,
  "rule_state_age_sec": 57.16,
  "rule_state_mtime_utc": "2026-07-01T07:03:03Z",
  "kv_count": 23,
  "kv_format": "PIPE",
  "feature_date": "2026-06-26",
  "mode": "OBSERVER_ONLY_NO_TRADE",
  "any_signal_active": "false",
  "selected_rule_id": "",
  "selected_label": "",
  "execution_allowed": "false",
  "order_authorized": "false",
  "rule_count": "7",
  "active_rule_count": "0",
  "latest_rows": 7,
  "latest_active_rows": 0,
  "latest_active_rule_ids": "",
  "allow_trading": "false",
  "order_send": "false",
  "rule_state_kv": "/Users/vahid/Library/Application Support/net.metaquotes.wine.metatrader5/drive_c/Program Files/MetaTrader 5/MQL5/Files/xauusd_stage133_unified_observer_rule_state_kv.csv",
  "rule_state_latest_csv": "/Users/vahid/Library/Application Support/net.metaquotes.wine.metatrader5/drive_c/Program Files/MetaTrader 5/MQL5/Files/xauusd_stage133_unified_observer_rule_state_latest.csv",
  "rule_state_history_csv": "/Users/vahid/Library/Application Support/net.metaquotes.wine.metatrader5/drive_c/Program Files/MetaTrader 5/MQL5/Files/xauusd_stage133_unified_observer_rule_state_history.csv",
  "latest_snapshot_csv": "/Users/vahid/Desktop/xauusd-trader/reports/stage133_unified_observer_rule_state_telemetry_writer/stage133_latest_rule_state_telemetry_snapshot.csv",
  "history_snapshot_csv": "/Users/vahid/Desktop/xauusd-trader/data/forward_shadow_telemetry/stage133_rule_state_telemetry_snapshots.csv",
  "patch_audit_csv": "/Users/vahid/Desktop/xauusd-trader/reports/stage133_unified_observer_rule_state_telemetry_writer/stage133_patch_audit.csv",
  "status_kv_repo": "/Users/vahid/Desktop/xauusd-trader/data/forward_shadow_telemetry/stage133_rule_state_telemetry_status_kv.csv",
  "status_kv_report": "/Users/vahid/Desktop/xauusd-trader/reports/stage133_unified_observer_rule_state_telemetry_writer/stage133_rule_state_telemetry_status_kv.csv",
  "mt5_status_kv_written": true,
  "mt5_status_kv": "/Users/vahid/Library/Application Support/net.metaquotes.wine.metatrader5/drive_c/Program Files/MetaTrader 5/MQL5/Files/xauusd_stage133_rule_state_telemetry_status_kv.csv",
  "governance_no_order_manifest": "/Users/vahid/Desktop/xauusd-trader/reports/stage133_unified_observer_rule_state_telemetry_writer/stage133_governance_no_order_manifest.csv",
  "summary_json": "/Users/vahid/Desktop/xauusd-trader/reports/stage133_unified_observer_rule_state_telemetry_writer/stage133_unified_observer_rule_state_telemetry_writer_summary.json",
  "report_md": "/Users/vahid/Desktop/xauusd-trader/reports/stage133_unified_observer_rule_state_telemetry_writer/stage133_unified_observer_rule_state_telemetry_writer_report.md",
  "next": [
    "Compile the patched Unified Observer EA in MetaEditor and reload/reattach it on XAUUSD,H1.",
    "After one to two minutes, run Stage133 without --patch-source to confirm fresh rule-state telemetry.",
    "If rule-state telemetry is fresh, collect market-open snapshots; do not promote from telemetry alone."
  ]
}
{
  "stage": "Stage133_UNIFIED_OBSERVER_RULE_STATE_TELEMETRY_WRITER",
  "generated_utc": "2026-07-01T07:14:01Z",
  "status": "RULE_STATE_TELEMETRY_ALIVE_NO_ORDER",
  "decision": "STAGE133_RULE_STATE_TELEMETRY_CONFIRMED_NO_ORDER",
  "classification": "UNIFIED_OBSERVER_RULE_STATE_TELEMETRY_NO_ORDER",
  "hard_blocks": [
    "NO_AUTOMATED_ORDER",
    "NO_PAPER_ORDER",
    "NO_BROKER_CONNECTION",
    "NO_TRADE_REQUEST_FROM_STAGE133",
    "NO_ORDER_SEND_ADDED",
    "NO_TRADE_CLASS_ADDED",
    "NO_TRADING_LOGIC_CHANGE",
    "NO_SIGNAL_RULE_CHANGE",
    "NO_SELECTED_RULE_CHANGE",
    "NO_INDICATOR_UI_CHANGE_FROM_STAGE133",
    "NO_PAPER_LIVE",
    "NO_LIVE"
  ],
  "root": "/Users/vahid/Desktop/xauusd-trader",
  "mt5_files": "/Users/vahid/Library/Application Support/net.metaquotes.wine.metatrader5/drive_c/Program Files/MetaTrader 5/MQL5/Files",
  "mt5_experts": "/Users/vahid/Library/Application Support/net.metaquotes.wine.metatrader5/drive_c/Program Files/MetaTrader 5/MQL5/Experts/Advisors/XAUUSD",
  "candidate_sources": [
    "/Users/vahid/Desktop/xauusd-trader/mt5/Unified_ObserverOnly_EA.mq5",
    "/Users/vahid/Library/Application Support/net.metaquotes.wine.metatrader5/drive_c/Program Files/MetaTrader 5/MQL5/Experts/Advisors/XAUUSD/Unified_ObserverOnly_EA.mq5",
    "/Users/vahid/Desktop/xauusd-trader/mt5/K06_ObserverOnly_EA.mq5",
    "/Users/vahid/Desktop/xauusd-trader/mt5/Portfolio_ObserverOnly_EA.mq5",
    "/Users/vahid/Desktop/xauusd-trader/mql5/Experts/XAUUSD_Stage124_ShadowObserverOnly.mq5",
    "/Users/vahid/Desktop/xauusd-trader/MQL5/Experts/XAUUSD_Stage124_ShadowObserverOnly.mq5"
  ],
  "selected_source": "/Users/vahid/Desktop/xauusd-trader/mt5/Unified_ObserverOnly_EA.mq5",
  "patch_source_requested": false,
  "write_mt5_ea_requested": false,
  "patch_result": {},
  "mt5_ea_written": "",
  "snapshot_utc": "2026-07-01T07:14:02Z",
  "rule_state_exists": true,
  "rule_state_fresh": true,
  "rule_state_age_sec": 58.85,
  "rule_state_mtime_utc": "2026-07-01T07:13:03Z",
  "kv_count": 23,
  "kv_format": "PIPE",
  "feature_date": "2026-06-26",
  "mode": "OBSERVER_ONLY_NO_TRADE",
  "any_signal_active": "false",
  "selected_rule_id": "",
  "selected_label": "",
  "execution_allowed": "false",
  "order_authorized": "false",
  "rule_count": "7",
  "active_rule_count": "0",
  "latest_rows": 7,
  "latest_active_rows": 0,
  "latest_active_rule_ids": "",
  "allow_trading": "false",
  "order_send": "false",
  "rule_state_kv": "/Users/vahid/Library/Application Support/net.metaquotes.wine.metatrader5/drive_c/Program Files/MetaTrader 5/MQL5/Files/xauusd_stage133_unified_observer_rule_state_kv.csv",
  "rule_state_latest_csv": "/Users/vahid/Library/Application Support/net.metaquotes.wine.metatrader5/drive_c/Program Files/MetaTrader 5/MQL5/Files/xauusd_stage133_unified_observer_rule_state_latest.csv",
  "rule_state_history_csv": "/Users/vahid/Library/Application Support/net.metaquotes.wine.metatrader5/drive_c/Program Files/MetaTrader 5/MQL5/Files/xauusd_stage133_unified_observer_rule_state_history.csv",
  "latest_snapshot_csv": "/Users/vahid/Desktop/xauusd-trader/reports/stage133_unified_observer_rule_state_telemetry_writer/stage133_latest_rule_state_telemetry_snapshot.csv",
  "history_snapshot_csv": "/Users/vahid/Desktop/xauusd-trader/data/forward_shadow_telemetry/stage133_rule_state_telemetry_snapshots.csv",
  "patch_audit_csv": "/Users/vahid/Desktop/xauusd-trader/reports/stage133_unified_observer_rule_state_telemetry_writer/stage133_patch_audit.csv",
  "status_kv_repo": "/Users/vahid/Desktop/xauusd-trader/data/forward_shadow_telemetry/stage133_rule_state_telemetry_status_kv.csv",
  "status_kv_report": "/Users/vahid/Desktop/xauusd-trader/reports/stage133_unified_observer_rule_state_telemetry_writer/stage133_rule_state_telemetry_status_kv.csv",
  "mt5_status_kv_written": true,
  "mt5_status_kv": "/Users/vahid/Library/Application Support/net.metaquotes.wine.metatrader5/drive_c/Program Files/MetaTrader 5/MQL5/Files/xauusd_stage133_rule_state_telemetry_status_kv.csv",
  "governance_no_order_manifest": "/Users/vahid/Desktop/xauusd-trader/reports/stage133_unified_observer_rule_state_telemetry_writer/stage133_governance_no_order_manifest.csv",
  "summary_json": "/Users/vahid/Desktop/xauusd-trader/reports/stage133_unified_observer_rule_state_telemetry_writer/stage133_unified_observer_rule_state_telemetry_writer_summary.json",
  "report_md": "/Users/vahid/Desktop/xauusd-trader/reports/stage133_unified_observer_rule_state_telemetry_writer/stage133_unified_observer_rule_state_telemetry_writer_report.md",
  "next": [
    "Compile the patched Unified Observer EA in MetaEditor and reload/reattach it on XAUUSD,H1.",
    "After one to two minutes, run Stage133 without --patch-source to confirm fresh rule-state telemetry.",
    "If rule-state telemetry is fresh, collect market-open snapshots; do not promote from telemetry alone."
  ]
}
{
  "stage": "Stage133_UNIFIED_OBSERVER_RULE_STATE_TELEMETRY_WRITER",
  "generated_utc": "2026-07-01T07:24:03Z",
  "status": "RULE_STATE_TELEMETRY_ALIVE_NO_ORDER",
  "decision": "STAGE133_RULE_STATE_TELEMETRY_CONFIRMED_NO_ORDER",
  "classification": "UNIFIED_OBSERVER_RULE_STATE_TELEMETRY_NO_ORDER",
  "hard_blocks": [
    "NO_AUTOMATED_ORDER",
    "NO_PAPER_ORDER",
    "NO_BROKER_CONNECTION",
    "NO_TRADE_REQUEST_FROM_STAGE133",
    "NO_ORDER_SEND_ADDED",
    "NO_TRADE_CLASS_ADDED",
    "NO_TRADING_LOGIC_CHANGE",
    "NO_SIGNAL_RULE_CHANGE",
    "NO_SELECTED_RULE_CHANGE",
    "NO_INDICATOR_UI_CHANGE_FROM_STAGE133",
    "NO_PAPER_LIVE",
    "NO_LIVE"
  ],
  "root": "/Users/vahid/Desktop/xauusd-trader",
  "mt5_files": "/Users/vahid/Library/Application Support/net.metaquotes.wine.metatrader5/drive_c/Program Files/MetaTrader 5/MQL5/Files",
  "mt5_experts": "/Users/vahid/Library/Application Support/net.metaquotes.wine.metatrader5/drive_c/Program Files/MetaTrader 5/MQL5/Experts/Advisors/XAUUSD",
  "candidate_sources": [
    "/Users/vahid/Desktop/xauusd-trader/mt5/Unified_ObserverOnly_EA.mq5",
    "/Users/vahid/Library/Application Support/net.metaquotes.wine.metatrader5/drive_c/Program Files/MetaTrader 5/MQL5/Experts/Advisors/XAUUSD/Unified_ObserverOnly_EA.mq5",
    "/Users/vahid/Desktop/xauusd-trader/mt5/K06_ObserverOnly_EA.mq5",
    "/Users/vahid/Desktop/xauusd-trader/mt5/Portfolio_ObserverOnly_EA.mq5",
    "/Users/vahid/Desktop/xauusd-trader/mql5/Experts/XAUUSD_Stage124_ShadowObserverOnly.mq5",
    "/Users/vahid/Desktop/xauusd-trader/MQL5/Experts/XAUUSD_Stage124_ShadowObserverOnly.mq5"
  ],
  "selected_source": "/Users/vahid/Desktop/xauusd-trader/mt5/Unified_ObserverOnly_EA.mq5",
  "patch_source_requested": false,
  "write_mt5_ea_requested": false,
  "patch_result": {},
  "mt5_ea_written": "",
  "snapshot_utc": "2026-07-01T07:24:04Z",
  "rule_state_exists": true,
  "rule_state_fresh": true,
  "rule_state_age_sec": 1.08,
  "rule_state_mtime_utc": "2026-07-01T07:24:03Z",
  "kv_count": 23,
  "kv_format": "PIPE",
  "feature_date": "2026-06-26",
  "mode": "OBSERVER_ONLY_NO_TRADE",
  "any_signal_active": "false",
  "selected_rule_id": "",
  "selected_label": "",
  "execution_allowed": "false",
  "order_authorized": "false",
  "rule_count": "7",
  "active_rule_count": "0",
  "latest_rows": 7,
  "latest_active_rows": 0,
  "latest_active_rule_ids": "",
  "allow_trading": "false",
  "order_send": "false",
  "rule_state_kv": "/Users/vahid/Library/Application Support/net.metaquotes.wine.metatrader5/drive_c/Program Files/MetaTrader 5/MQL5/Files/xauusd_stage133_unified_observer_rule_state_kv.csv",
  "rule_state_latest_csv": "/Users/vahid/Library/Application Support/net.metaquotes.wine.metatrader5/drive_c/Program Files/MetaTrader 5/MQL5/Files/xauusd_stage133_unified_observer_rule_state_latest.csv",
  "rule_state_history_csv": "/Users/vahid/Library/Application Support/net.metaquotes.wine.metatrader5/drive_c/Program Files/MetaTrader 5/MQL5/Files/xauusd_stage133_unified_observer_rule_state_history.csv",
  "latest_snapshot_csv": "/Users/vahid/Desktop/xauusd-trader/reports/stage133_unified_observer_rule_state_telemetry_writer/stage133_latest_rule_state_telemetry_snapshot.csv",
  "history_snapshot_csv": "/Users/vahid/Desktop/xauusd-trader/data/forward_shadow_telemetry/stage133_rule_state_telemetry_snapshots.csv",
  "patch_audit_csv": "/Users/vahid/Desktop/xauusd-trader/reports/stage133_unified_observer_rule_state_telemetry_writer/stage133_patch_audit.csv",
  "status_kv_repo": "/Users/vahid/Desktop/xauusd-trader/data/forward_shadow_telemetry/stage133_rule_state_telemetry_status_kv.csv",
  "status_kv_report": "/Users/vahid/Desktop/xauusd-trader/reports/stage133_unified_observer_rule_state_telemetry_writer/stage133_rule_state_telemetry_status_kv.csv",
  "mt5_status_kv_written": true,
  "mt5_status_kv": "/Users/vahid/Library/Application Support/net.metaquotes.wine.metatrader5/drive_c/Program Files/MetaTrader 5/MQL5/Files/xauusd_stage133_rule_state_telemetry_status_kv.csv",
  "governance_no_order_manifest": "/Users/vahid/Desktop/xauusd-trader/reports/stage133_unified_observer_rule_state_telemetry_writer/stage133_governance_no_order_manifest.csv",
  "summary_json": "/Users/vahid/Desktop/xauusd-trader/reports/stage133_unified_observer_rule_state_telemetry_writer/stage133_unified_observer_rule_state_telemetry_writer_summary.json",
  "report_md": "/Users/vahid/Desktop/xauusd-trader/reports/stage133_unified_observer_rule_state_telemetry_writer/stage133_unified_observer_rule_state_telemetry_writer_report.md",
  "next": [
    "Compile the patched Unified Observer EA in MetaEditor and reload/reattach it on XAUUSD,H1.",
    "After one to two minutes, run Stage133 without --patch-source to confirm fresh rule-state telemetry.",
    "If rule-state telemetry is fresh, collect market-open snapshots; do not promote from telemetry alone."
  ]
}
{
  "stage": "Stage133_UNIFIED_OBSERVER_RULE_STATE_TELEMETRY_WRITER",
  "generated_utc": "2026-07-01T07:34:05Z",
  "status": "RULE_STATE_TELEMETRY_ALIVE_NO_ORDER",
  "decision": "STAGE133_RULE_STATE_TELEMETRY_CONFIRMED_NO_ORDER",
  "classification": "UNIFIED_OBSERVER_RULE_STATE_TELEMETRY_NO_ORDER",
  "hard_blocks": [
    "NO_AUTOMATED_ORDER",
    "NO_PAPER_ORDER",
    "NO_BROKER_CONNECTION",
    "NO_TRADE_REQUEST_FROM_STAGE133",
    "NO_ORDER_SEND_ADDED",
    "NO_TRADE_CLASS_ADDED",
    "NO_TRADING_LOGIC_CHANGE",
    "NO_SIGNAL_RULE_CHANGE",
    "NO_SELECTED_RULE_CHANGE",
    "NO_INDICATOR_UI_CHANGE_FROM_STAGE133",
    "NO_PAPER_LIVE",
    "NO_LIVE"
  ],
  "root": "/Users/vahid/Desktop/xauusd-trader",
  "mt5_files": "/Users/vahid/Library/Application Support/net.metaquotes.wine.metatrader5/drive_c/Program Files/MetaTrader 5/MQL5/Files",
  "mt5_experts": "/Users/vahid/Library/Application Support/net.metaquotes.wine.metatrader5/drive_c/Program Files/MetaTrader 5/MQL5/Experts/Advisors/XAUUSD",
  "candidate_sources": [
    "/Users/vahid/Desktop/xauusd-trader/mt5/Unified_ObserverOnly_EA.mq5",
    "/Users/vahid/Library/Application Support/net.metaquotes.wine.metatrader5/drive_c/Program Files/MetaTrader 5/MQL5/Experts/Advisors/XAUUSD/Unified_ObserverOnly_EA.mq5",
    "/Users/vahid/Desktop/xauusd-trader/mt5/K06_ObserverOnly_EA.mq5",
    "/Users/vahid/Desktop/xauusd-trader/mt5/Portfolio_ObserverOnly_EA.mq5",
    "/Users/vahid/Desktop/xauusd-trader/mql5/Experts/XAUUSD_Stage124_ShadowObserverOnly.mq5",
    "/Users/vahid/Desktop/xauusd-trader/MQL5/Experts/XAUUSD_Stage124_ShadowObserverOnly.mq5"
  ],
  "selected_source": "/Users/vahid/Desktop/xauusd-trader/mt5/Unified_ObserverOnly_EA.mq5",
  "patch_source_requested": false,
  "write_mt5_ea_requested": false,
  "patch_result": {},
  "mt5_ea_written": "",
  "snapshot_utc": "2026-07-01T07:34:07Z",
  "rule_state_exists": true,
  "rule_state_fresh": true,
  "rule_state_age_sec": 3.36,
  "rule_state_mtime_utc": "2026-07-01T07:34:03Z",
  "kv_count": 23,
  "kv_format": "PIPE",
  "feature_date": "2026-06-26",
  "mode": "OBSERVER_ONLY_NO_TRADE",
  "any_signal_active": "false",
  "selected_rule_id": "",
  "selected_label": "",
  "execution_allowed": "false",
  "order_authorized": "false",
  "rule_count": "7",
  "active_rule_count": "0",
  "latest_rows": 7,
  "latest_active_rows": 0,
  "latest_active_rule_ids": "",
  "allow_trading": "false",
  "order_send": "false",
  "rule_state_kv": "/Users/vahid/Library/Application Support/net.metaquotes.wine.metatrader5/drive_c/Program Files/MetaTrader 5/MQL5/Files/xauusd_stage133_unified_observer_rule_state_kv.csv",
  "rule_state_latest_csv": "/Users/vahid/Library/Application Support/net.metaquotes.wine.metatrader5/drive_c/Program Files/MetaTrader 5/MQL5/Files/xauusd_stage133_unified_observer_rule_state_latest.csv",
  "rule_state_history_csv": "/Users/vahid/Library/Application Support/net.metaquotes.wine.metatrader5/drive_c/Program Files/MetaTrader 5/MQL5/Files/xauusd_stage133_unified_observer_rule_state_history.csv",
  "latest_snapshot_csv": "/Users/vahid/Desktop/xauusd-trader/reports/stage133_unified_observer_rule_state_telemetry_writer/stage133_latest_rule_state_telemetry_snapshot.csv",
  "history_snapshot_csv": "/Users/vahid/Desktop/xauusd-trader/data/forward_shadow_telemetry/stage133_rule_state_telemetry_snapshots.csv",
  "patch_audit_csv": "/Users/vahid/Desktop/xauusd-trader/reports/stage133_unified_observer_rule_state_telemetry_writer/stage133_patch_audit.csv",
  "status_kv_repo": "/Users/vahid/Desktop/xauusd-trader/data/forward_shadow_telemetry/stage133_rule_state_telemetry_status_kv.csv",
  "status_kv_report": "/Users/vahid/Desktop/xauusd-trader/reports/stage133_unified_observer_rule_state_telemetry_writer/stage133_rule_state_telemetry_status_kv.csv",
  "mt5_status_kv_written": true,
  "mt5_status_kv": "/Users/vahid/Library/Application Support/net.metaquotes.wine.metatrader5/drive_c/Program Files/MetaTrader 5/MQL5/Files/xauusd_stage133_rule_state_telemetry_status_kv.csv",
  "governance_no_order_manifest": "/Users/vahid/Desktop/xauusd-trader/reports/stage133_unified_observer_rule_state_telemetry_writer/stage133_governance_no_order_manifest.csv",
  "summary_json": "/Users/vahid/Desktop/xauusd-trader/reports/stage133_unified_observer_rule_state_telemetry_writer/stage133_unified_observer_rule_state_telemetry_writer_summary.json",
  "report_md": "/Users/vahid/Desktop/xauusd-trader/reports/stage133_unified_observer_rule_state_telemetry_writer/stage133_unified_observer_rule_state_telemetry_writer_report.md",
  "next": [
    "Compile the patched Unified Observer EA in MetaEditor and reload/reattach it on XAUUSD,H1.",
    "After one to two minutes, run Stage133 without --patch-source to confirm fresh rule-state telemetry.",
    "If rule-state telemetry is fresh, collect market-open snapshots; do not promote from telemetry alone."
  ]
}
{
  "stage": "Stage133_UNIFIED_OBSERVER_RULE_STATE_TELEMETRY_WRITER",
  "generated_utc": "2026-07-01T07:44:09Z",
  "status": "RULE_STATE_TELEMETRY_ALIVE_NO_ORDER",
  "decision": "STAGE133_RULE_STATE_TELEMETRY_CONFIRMED_NO_ORDER",
  "classification": "UNIFIED_OBSERVER_RULE_STATE_TELEMETRY_NO_ORDER",
  "hard_blocks": [
    "NO_AUTOMATED_ORDER",
    "NO_PAPER_ORDER",
    "NO_BROKER_CONNECTION",
    "NO_TRADE_REQUEST_FROM_STAGE133",
    "NO_ORDER_SEND_ADDED",
    "NO_TRADE_CLASS_ADDED",
    "NO_TRADING_LOGIC_CHANGE",
    "NO_SIGNAL_RULE_CHANGE",
    "NO_SELECTED_RULE_CHANGE",
    "NO_INDICATOR_UI_CHANGE_FROM_STAGE133",
    "NO_PAPER_LIVE",
    "NO_LIVE"
  ],
  "root": "/Users/vahid/Desktop/xauusd-trader",
  "mt5_files": "/Users/vahid/Library/Application Support/net.metaquotes.wine.metatrader5/drive_c/Program Files/MetaTrader 5/MQL5/Files",
  "mt5_experts": "/Users/vahid/Library/Application Support/net.metaquotes.wine.metatrader5/drive_c/Program Files/MetaTrader 5/MQL5/Experts/Advisors/XAUUSD",
  "candidate_sources": [
    "/Users/vahid/Desktop/xauusd-trader/mt5/Unified_ObserverOnly_EA.mq5",
    "/Users/vahid/Library/Application Support/net.metaquotes.wine.metatrader5/drive_c/Program Files/MetaTrader 5/MQL5/Experts/Advisors/XAUUSD/Unified_ObserverOnly_EA.mq5",
    "/Users/vahid/Desktop/xauusd-trader/mt5/K06_ObserverOnly_EA.mq5",
    "/Users/vahid/Desktop/xauusd-trader/mt5/Portfolio_ObserverOnly_EA.mq5",
    "/Users/vahid/Desktop/xauusd-trader/mql5/Experts/XAUUSD_Stage124_ShadowObserverOnly.mq5",
    "/Users/vahid/Desktop/xauusd-trader/MQL5/Experts/XAUUSD_Stage124_ShadowObserverOnly.mq5"
  ],
  "selected_source": "/Users/vahid/Desktop/xauusd-trader/mt5/Unified_ObserverOnly_EA.mq5",
  "patch_source_requested": false,
  "write_mt5_ea_requested": false,
  "patch_result": {},
  "mt5_ea_written": "",
  "snapshot_utc": "2026-07-01T07:44:11Z",
  "rule_state_exists": true,
  "rule_state_fresh": true,
  "rule_state_age_sec": 7.36,
  "rule_state_mtime_utc": "2026-07-01T07:44:03Z",
  "kv_count": 23,
  "kv_format": "PIPE",
  "feature_date": "2026-06-26",
  "mode": "OBSERVER_ONLY_NO_TRADE",
  "any_signal_active": "false",
  "selected_rule_id": "",
  "selected_label": "",
  "execution_allowed": "false",
  "order_authorized": "false",
  "rule_count": "7",
  "active_rule_count": "0",
  "latest_rows": 7,
  "latest_active_rows": 0,
  "latest_active_rule_ids": "",
  "allow_trading": "false",
  "order_send": "false",
  "rule_state_kv": "/Users/vahid/Library/Application Support/net.metaquotes.wine.metatrader5/drive_c/Program Files/MetaTrader 5/MQL5/Files/xauusd_stage133_unified_observer_rule_state_kv.csv",
  "rule_state_latest_csv": "/Users/vahid/Library/Application Support/net.metaquotes.wine.metatrader5/drive_c/Program Files/MetaTrader 5/MQL5/Files/xauusd_stage133_unified_observer_rule_state_latest.csv",
  "rule_state_history_csv": "/Users/vahid/Library/Application Support/net.metaquotes.wine.metatrader5/drive_c/Program Files/MetaTrader 5/MQL5/Files/xauusd_stage133_unified_observer_rule_state_history.csv",
  "latest_snapshot_csv": "/Users/vahid/Desktop/xauusd-trader/reports/stage133_unified_observer_rule_state_telemetry_writer/stage133_latest_rule_state_telemetry_snapshot.csv",
  "history_snapshot_csv": "/Users/vahid/Desktop/xauusd-trader/data/forward_shadow_telemetry/stage133_rule_state_telemetry_snapshots.csv",
  "patch_audit_csv": "/Users/vahid/Desktop/xauusd-trader/reports/stage133_unified_observer_rule_state_telemetry_writer/stage133_patch_audit.csv",
  "status_kv_repo": "/Users/vahid/Desktop/xauusd-trader/data/forward_shadow_telemetry/stage133_rule_state_telemetry_status_kv.csv",
  "status_kv_report": "/Users/vahid/Desktop/xauusd-trader/reports/stage133_unified_observer_rule_state_telemetry_writer/stage133_rule_state_telemetry_status_kv.csv",
  "mt5_status_kv_written": true,
  "mt5_status_kv": "/Users/vahid/Library/Application Support/net.metaquotes.wine.metatrader5/drive_c/Program Files/MetaTrader 5/MQL5/Files/xauusd_stage133_rule_state_telemetry_status_kv.csv",
  "governance_no_order_manifest": "/Users/vahid/Desktop/xauusd-trader/reports/stage133_unified_observer_rule_state_telemetry_writer/stage133_governance_no_order_manifest.csv",
  "summary_json": "/Users/vahid/Desktop/xauusd-trader/reports/stage133_unified_observer_rule_state_telemetry_writer/stage133_unified_observer_rule_state_telemetry_writer_summary.json",
  "report_md": "/Users/vahid/Desktop/xauusd-trader/reports/stage133_unified_observer_rule_state_telemetry_writer/stage133_unified_observer_rule_state_telemetry_writer_report.md",
  "next": [
    "Compile the patched Unified Observer EA in MetaEditor and reload/reattach it on XAUUSD,H1.",
    "After one to two minutes, run Stage133 without --patch-source to confirm fresh rule-state telemetry.",
    "If rule-state telemetry is fresh, collect market-open snapshots; do not promote from telemetry alone."
  ]
}
{
  "stage": "Stage133_UNIFIED_OBSERVER_RULE_STATE_TELEMETRY_WRITER",
  "generated_utc": "2026-07-01T07:54:11Z",
  "status": "RULE_STATE_TELEMETRY_ALIVE_NO_ORDER",
  "decision": "STAGE133_RULE_STATE_TELEMETRY_CONFIRMED_NO_ORDER",
  "classification": "UNIFIED_OBSERVER_RULE_STATE_TELEMETRY_NO_ORDER",
  "hard_blocks": [
    "NO_AUTOMATED_ORDER",
    "NO_PAPER_ORDER",
    "NO_BROKER_CONNECTION",
    "NO_TRADE_REQUEST_FROM_STAGE133",
    "NO_ORDER_SEND_ADDED",
    "NO_TRADE_CLASS_ADDED",
    "NO_TRADING_LOGIC_CHANGE",
    "NO_SIGNAL_RULE_CHANGE",
    "NO_SELECTED_RULE_CHANGE",
    "NO_INDICATOR_UI_CHANGE_FROM_STAGE133",
    "NO_PAPER_LIVE",
    "NO_LIVE"
  ],
  "root": "/Users/vahid/Desktop/xauusd-trader",
  "mt5_files": "/Users/vahid/Library/Application Support/net.metaquotes.wine.metatrader5/drive_c/Program Files/MetaTrader 5/MQL5/Files",
  "mt5_experts": "/Users/vahid/Library/Application Support/net.metaquotes.wine.metatrader5/drive_c/Program Files/MetaTrader 5/MQL5/Experts/Advisors/XAUUSD",
  "candidate_sources": [
    "/Users/vahid/Desktop/xauusd-trader/mt5/Unified_ObserverOnly_EA.mq5",
    "/Users/vahid/Library/Application Support/net.metaquotes.wine.metatrader5/drive_c/Program Files/MetaTrader 5/MQL5/Experts/Advisors/XAUUSD/Unified_ObserverOnly_EA.mq5",
    "/Users/vahid/Desktop/xauusd-trader/mt5/K06_ObserverOnly_EA.mq5",
    "/Users/vahid/Desktop/xauusd-trader/mt5/Portfolio_ObserverOnly_EA.mq5",
    "/Users/vahid/Desktop/xauusd-trader/mql5/Experts/XAUUSD_Stage124_ShadowObserverOnly.mq5",
    "/Users/vahid/Desktop/xauusd-trader/MQL5/Experts/XAUUSD_Stage124_ShadowObserverOnly.mq5"
  ],
  "selected_source": "/Users/vahid/Desktop/xauusd-trader/mt5/Unified_ObserverOnly_EA.mq5",
  "patch_source_requested": false,
  "write_mt5_ea_requested": false,
  "patch_result": {},
  "mt5_ea_written": "",
  "snapshot_utc": "2026-07-01T07:54:12Z",
  "rule_state_exists": true,
  "rule_state_fresh": true,
  "rule_state_age_sec": 9.28,
  "rule_state_mtime_utc": "2026-07-01T07:54:03Z",
  "kv_count": 23,
  "kv_format": "PIPE",
  "feature_date": "2026-06-26",
  "mode": "OBSERVER_ONLY_NO_TRADE",
  "any_signal_active": "false",
  "selected_rule_id": "",
  "selected_label": "",
  "execution_allowed": "false",
  "order_authorized": "false",
  "rule_count": "7",
  "active_rule_count": "0",
  "latest_rows": 7,
  "latest_active_rows": 0,
  "latest_active_rule_ids": "",
  "allow_trading": "false",
  "order_send": "false",
  "rule_state_kv": "/Users/vahid/Library/Application Support/net.metaquotes.wine.metatrader5/drive_c/Program Files/MetaTrader 5/MQL5/Files/xauusd_stage133_unified_observer_rule_state_kv.csv",
  "rule_state_latest_csv": "/Users/vahid/Library/Application Support/net.metaquotes.wine.metatrader5/drive_c/Program Files/MetaTrader 5/MQL5/Files/xauusd_stage133_unified_observer_rule_state_latest.csv",
  "rule_state_history_csv": "/Users/vahid/Library/Application Support/net.metaquotes.wine.metatrader5/drive_c/Program Files/MetaTrader 5/MQL5/Files/xauusd_stage133_unified_observer_rule_state_history.csv",
  "latest_snapshot_csv": "/Users/vahid/Desktop/xauusd-trader/reports/stage133_unified_observer_rule_state_telemetry_writer/stage133_latest_rule_state_telemetry_snapshot.csv",
  "history_snapshot_csv": "/Users/vahid/Desktop/xauusd-trader/data/forward_shadow_telemetry/stage133_rule_state_telemetry_snapshots.csv",
  "patch_audit_csv": "/Users/vahid/Desktop/xauusd-trader/reports/stage133_unified_observer_rule_state_telemetry_writer/stage133_patch_audit.csv",
  "status_kv_repo": "/Users/vahid/Desktop/xauusd-trader/data/forward_shadow_telemetry/stage133_rule_state_telemetry_status_kv.csv",
  "status_kv_report": "/Users/vahid/Desktop/xauusd-trader/reports/stage133_unified_observer_rule_state_telemetry_writer/stage133_rule_state_telemetry_status_kv.csv",
  "mt5_status_kv_written": true,
  "mt5_status_kv": "/Users/vahid/Library/Application Support/net.metaquotes.wine.metatrader5/drive_c/Program Files/MetaTrader 5/MQL5/Files/xauusd_stage133_rule_state_telemetry_status_kv.csv",
  "governance_no_order_manifest": "/Users/vahid/Desktop/xauusd-trader/reports/stage133_unified_observer_rule_state_telemetry_writer/stage133_governance_no_order_manifest.csv",
  "summary_json": "/Users/vahid/Desktop/xauusd-trader/reports/stage133_unified_observer_rule_state_telemetry_writer/stage133_unified_observer_rule_state_telemetry_writer_summary.json",
  "report_md": "/Users/vahid/Desktop/xauusd-trader/reports/stage133_unified_observer_rule_state_telemetry_writer/stage133_unified_observer_rule_state_telemetry_writer_report.md",
  "next": [
    "Compile the patched Unified Observer EA in MetaEditor and reload/reattach it on XAUUSD,H1.",
    "After one to two minutes, run Stage133 without --patch-source to confirm fresh rule-state telemetry.",
    "If rule-state telemetry is fresh, collect market-open snapshots; do not promote from telemetry alone."
  ]
}
{
  "stage": "Stage133_UNIFIED_OBSERVER_RULE_STATE_TELEMETRY_WRITER",
  "generated_utc": "2026-07-01T08:04:14Z",
  "status": "RULE_STATE_TELEMETRY_ALIVE_NO_ORDER",
  "decision": "STAGE133_RULE_STATE_TELEMETRY_CONFIRMED_NO_ORDER",
  "classification": "UNIFIED_OBSERVER_RULE_STATE_TELEMETRY_NO_ORDER",
  "hard_blocks": [
    "NO_AUTOMATED_ORDER",
    "NO_PAPER_ORDER",
    "NO_BROKER_CONNECTION",
    "NO_TRADE_REQUEST_FROM_STAGE133",
    "NO_ORDER_SEND_ADDED",
    "NO_TRADE_CLASS_ADDED",
    "NO_TRADING_LOGIC_CHANGE",
    "NO_SIGNAL_RULE_CHANGE",
    "NO_SELECTED_RULE_CHANGE",
    "NO_INDICATOR_UI_CHANGE_FROM_STAGE133",
    "NO_PAPER_LIVE",
    "NO_LIVE"
  ],
  "root": "/Users/vahid/Desktop/xauusd-trader",
  "mt5_files": "/Users/vahid/Library/Application Support/net.metaquotes.wine.metatrader5/drive_c/Program Files/MetaTrader 5/MQL5/Files",
  "mt5_experts": "/Users/vahid/Library/Application Support/net.metaquotes.wine.metatrader5/drive_c/Program Files/MetaTrader 5/MQL5/Experts/Advisors/XAUUSD",
  "candidate_sources": [
    "/Users/vahid/Desktop/xauusd-trader/mt5/Unified_ObserverOnly_EA.mq5",
    "/Users/vahid/Library/Application Support/net.metaquotes.wine.metatrader5/drive_c/Program Files/MetaTrader 5/MQL5/Experts/Advisors/XAUUSD/Unified_ObserverOnly_EA.mq5",
    "/Users/vahid/Desktop/xauusd-trader/mt5/K06_ObserverOnly_EA.mq5",
    "/Users/vahid/Desktop/xauusd-trader/mt5/Portfolio_ObserverOnly_EA.mq5",
    "/Users/vahid/Desktop/xauusd-trader/mql5/Experts/XAUUSD_Stage124_ShadowObserverOnly.mq5",
    "/Users/vahid/Desktop/xauusd-trader/MQL5/Experts/XAUUSD_Stage124_ShadowObserverOnly.mq5"
  ],
  "selected_source": "/Users/vahid/Desktop/xauusd-trader/mt5/Unified_ObserverOnly_EA.mq5",
  "patch_source_requested": false,
  "write_mt5_ea_requested": false,
  "patch_result": {},
  "mt5_ea_written": "",
  "snapshot_utc": "2026-07-01T08:04:15Z",
  "rule_state_exists": true,
  "rule_state_fresh": true,
  "rule_state_age_sec": 11.93,
  "rule_state_mtime_utc": "2026-07-01T08:04:03Z",
  "kv_count": 23,
  "kv_format": "PIPE",
  "feature_date": "2026-06-26",
  "mode": "OBSERVER_ONLY_NO_TRADE",
  "any_signal_active": "false",
  "selected_rule_id": "",
  "selected_label": "",
  "execution_allowed": "false",
  "order_authorized": "false",
  "rule_count": "7",
  "active_rule_count": "0",
  "latest_rows": 7,
  "latest_active_rows": 0,
  "latest_active_rule_ids": "",
  "allow_trading": "false",
  "order_send": "false",
  "rule_state_kv": "/Users/vahid/Library/Application Support/net.metaquotes.wine.metatrader5/drive_c/Program Files/MetaTrader 5/MQL5/Files/xauusd_stage133_unified_observer_rule_state_kv.csv",
  "rule_state_latest_csv": "/Users/vahid/Library/Application Support/net.metaquotes.wine.metatrader5/drive_c/Program Files/MetaTrader 5/MQL5/Files/xauusd_stage133_unified_observer_rule_state_latest.csv",
  "rule_state_history_csv": "/Users/vahid/Library/Application Support/net.metaquotes.wine.metatrader5/drive_c/Program Files/MetaTrader 5/MQL5/Files/xauusd_stage133_unified_observer_rule_state_history.csv",
  "latest_snapshot_csv": "/Users/vahid/Desktop/xauusd-trader/reports/stage133_unified_observer_rule_state_telemetry_writer/stage133_latest_rule_state_telemetry_snapshot.csv",
  "history_snapshot_csv": "/Users/vahid/Desktop/xauusd-trader/data/forward_shadow_telemetry/stage133_rule_state_telemetry_snapshots.csv",
  "patch_audit_csv": "/Users/vahid/Desktop/xauusd-trader/reports/stage133_unified_observer_rule_state_telemetry_writer/stage133_patch_audit.csv",
  "status_kv_repo": "/Users/vahid/Desktop/xauusd-trader/data/forward_shadow_telemetry/stage133_rule_state_telemetry_status_kv.csv",
  "status_kv_report": "/Users/vahid/Desktop/xauusd-trader/reports/stage133_unified_observer_rule_state_telemetry_writer/stage133_rule_state_telemetry_status_kv.csv",
  "mt5_status_kv_written": true,
  "mt5_status_kv": "/Users/vahid/Library/Application Support/net.metaquotes.wine.metatrader5/drive_c/Program Files/MetaTrader 5/MQL5/Files/xauusd_stage133_rule_state_telemetry_status_kv.csv",
  "governance_no_order_manifest": "/Users/vahid/Desktop/xauusd-trader/reports/stage133_unified_observer_rule_state_telemetry_writer/stage133_governance_no_order_manifest.csv",
  "summary_json": "/Users/vahid/Desktop/xauusd-trader/reports/stage133_unified_observer_rule_state_telemetry_writer/stage133_unified_observer_rule_state_telemetry_writer_summary.json",
  "report_md": "/Users/vahid/Desktop/xauusd-trader/reports/stage133_unified_observer_rule_state_telemetry_writer/stage133_unified_observer_rule_state_telemetry_writer_report.md",
  "next": [
    "Compile the patched Unified Observer EA in MetaEditor and reload/reattach it on XAUUSD,H1.",
    "After one to two minutes, run Stage133 without --patch-source to confirm fresh rule-state telemetry.",
    "If rule-state telemetry is fresh, collect market-open snapshots; do not promote from telemetry alone."
  ]
}
{
  "stage": "Stage133_UNIFIED_OBSERVER_RULE_STATE_TELEMETRY_WRITER",
  "generated_utc": "2026-07-01T08:14:16Z",
  "status": "RULE_STATE_TELEMETRY_ALIVE_NO_ORDER",
  "decision": "STAGE133_RULE_STATE_TELEMETRY_CONFIRMED_NO_ORDER",
  "classification": "UNIFIED_OBSERVER_RULE_STATE_TELEMETRY_NO_ORDER",
  "hard_blocks": [
    "NO_AUTOMATED_ORDER",
    "NO_PAPER_ORDER",
    "NO_BROKER_CONNECTION",
    "NO_TRADE_REQUEST_FROM_STAGE133",
    "NO_ORDER_SEND_ADDED",
    "NO_TRADE_CLASS_ADDED",
    "NO_TRADING_LOGIC_CHANGE",
    "NO_SIGNAL_RULE_CHANGE",
    "NO_SELECTED_RULE_CHANGE",
    "NO_INDICATOR_UI_CHANGE_FROM_STAGE133",
    "NO_PAPER_LIVE",
    "NO_LIVE"
  ],
  "root": "/Users/vahid/Desktop/xauusd-trader",
  "mt5_files": "/Users/vahid/Library/Application Support/net.metaquotes.wine.metatrader5/drive_c/Program Files/MetaTrader 5/MQL5/Files",
  "mt5_experts": "/Users/vahid/Library/Application Support/net.metaquotes.wine.metatrader5/drive_c/Program Files/MetaTrader 5/MQL5/Experts/Advisors/XAUUSD",
  "candidate_sources": [
    "/Users/vahid/Desktop/xauusd-trader/mt5/Unified_ObserverOnly_EA.mq5",
    "/Users/vahid/Library/Application Support/net.metaquotes.wine.metatrader5/drive_c/Program Files/MetaTrader 5/MQL5/Experts/Advisors/XAUUSD/Unified_ObserverOnly_EA.mq5",
    "/Users/vahid/Desktop/xauusd-trader/mt5/K06_ObserverOnly_EA.mq5",
    "/Users/vahid/Desktop/xauusd-trader/mt5/Portfolio_ObserverOnly_EA.mq5",
    "/Users/vahid/Desktop/xauusd-trader/mql5/Experts/XAUUSD_Stage124_ShadowObserverOnly.mq5",
    "/Users/vahid/Desktop/xauusd-trader/MQL5/Experts/XAUUSD_Stage124_ShadowObserverOnly.mq5"
  ],
  "selected_source": "/Users/vahid/Desktop/xauusd-trader/mt5/Unified_ObserverOnly_EA.mq5",
  "patch_source_requested": false,
  "write_mt5_ea_requested": false,
  "patch_result": {},
  "mt5_ea_written": "",
  "snapshot_utc": "2026-07-01T08:14:18Z",
  "rule_state_exists": true,
  "rule_state_fresh": true,
  "rule_state_age_sec": 15.04,
  "rule_state_mtime_utc": "2026-07-01T08:14:03Z",
  "kv_count": 23,
  "kv_format": "PIPE",
  "feature_date": "2026-06-26",
  "mode": "OBSERVER_ONLY_NO_TRADE",
  "any_signal_active": "false",
  "selected_rule_id": "",
  "selected_label": "",
  "execution_allowed": "false",
  "order_authorized": "false",
  "rule_count": "7",
  "active_rule_count": "0",
  "latest_rows": 7,
  "latest_active_rows": 0,
  "latest_active_rule_ids": "",
  "allow_trading": "false",
  "order_send": "false",
  "rule_state_kv": "/Users/vahid/Library/Application Support/net.metaquotes.wine.metatrader5/drive_c/Program Files/MetaTrader 5/MQL5/Files/xauusd_stage133_unified_observer_rule_state_kv.csv",
  "rule_state_latest_csv": "/Users/vahid/Library/Application Support/net.metaquotes.wine.metatrader5/drive_c/Program Files/MetaTrader 5/MQL5/Files/xauusd_stage133_unified_observer_rule_state_latest.csv",
  "rule_state_history_csv": "/Users/vahid/Library/Application Support/net.metaquotes.wine.metatrader5/drive_c/Program Files/MetaTrader 5/MQL5/Files/xauusd_stage133_unified_observer_rule_state_history.csv",
  "latest_snapshot_csv": "/Users/vahid/Desktop/xauusd-trader/reports/stage133_unified_observer_rule_state_telemetry_writer/stage133_latest_rule_state_telemetry_snapshot.csv",
  "history_snapshot_csv": "/Users/vahid/Desktop/xauusd-trader/data/forward_shadow_telemetry/stage133_rule_state_telemetry_snapshots.csv",
  "patch_audit_csv": "/Users/vahid/Desktop/xauusd-trader/reports/stage133_unified_observer_rule_state_telemetry_writer/stage133_patch_audit.csv",
  "status_kv_repo": "/Users/vahid/Desktop/xauusd-trader/data/forward_shadow_telemetry/stage133_rule_state_telemetry_status_kv.csv",
  "status_kv_report": "/Users/vahid/Desktop/xauusd-trader/reports/stage133_unified_observer_rule_state_telemetry_writer/stage133_rule_state_telemetry_status_kv.csv",
  "mt5_status_kv_written": true,
  "mt5_status_kv": "/Users/vahid/Library/Application Support/net.metaquotes.wine.metatrader5/drive_c/Program Files/MetaTrader 5/MQL5/Files/xauusd_stage133_rule_state_telemetry_status_kv.csv",
  "governance_no_order_manifest": "/Users/vahid/Desktop/xauusd-trader/reports/stage133_unified_observer_rule_state_telemetry_writer/stage133_governance_no_order_manifest.csv",
  "summary_json": "/Users/vahid/Desktop/xauusd-trader/reports/stage133_unified_observer_rule_state_telemetry_writer/stage133_unified_observer_rule_state_telemetry_writer_summary.json",
  "report_md": "/Users/vahid/Desktop/xauusd-trader/reports/stage133_unified_observer_rule_state_telemetry_writer/stage133_unified_observer_rule_state_telemetry_writer_report.md",
  "next": [
    "Compile the patched Unified Observer EA in MetaEditor and reload/reattach it on XAUUSD,H1.",
    "After one to two minutes, run Stage133 without --patch-source to confirm fresh rule-state telemetry.",
    "If rule-state telemetry is fresh, collect market-open snapshots; do not promote from telemetry alone."
  ]
}
{
  "stage": "Stage133_UNIFIED_OBSERVER_RULE_STATE_TELEMETRY_WRITER",
  "generated_utc": "2026-07-01T08:24:21Z",
  "status": "RULE_STATE_TELEMETRY_ALIVE_NO_ORDER",
  "decision": "STAGE133_RULE_STATE_TELEMETRY_CONFIRMED_NO_ORDER",
  "classification": "UNIFIED_OBSERVER_RULE_STATE_TELEMETRY_NO_ORDER",
  "hard_blocks": [
    "NO_AUTOMATED_ORDER",
    "NO_PAPER_ORDER",
    "NO_BROKER_CONNECTION",
    "NO_TRADE_REQUEST_FROM_STAGE133",
    "NO_ORDER_SEND_ADDED",
    "NO_TRADE_CLASS_ADDED",
    "NO_TRADING_LOGIC_CHANGE",
    "NO_SIGNAL_RULE_CHANGE",
    "NO_SELECTED_RULE_CHANGE",
    "NO_INDICATOR_UI_CHANGE_FROM_STAGE133",
    "NO_PAPER_LIVE",
    "NO_LIVE"
  ],
  "root": "/Users/vahid/Desktop/xauusd-trader",
  "mt5_files": "/Users/vahid/Library/Application Support/net.metaquotes.wine.metatrader5/drive_c/Program Files/MetaTrader 5/MQL5/Files",
  "mt5_experts": "/Users/vahid/Library/Application Support/net.metaquotes.wine.metatrader5/drive_c/Program Files/MetaTrader 5/MQL5/Experts/Advisors/XAUUSD",
  "candidate_sources": [
    "/Users/vahid/Desktop/xauusd-trader/mt5/Unified_ObserverOnly_EA.mq5",
    "/Users/vahid/Library/Application Support/net.metaquotes.wine.metatrader5/drive_c/Program Files/MetaTrader 5/MQL5/Experts/Advisors/XAUUSD/Unified_ObserverOnly_EA.mq5",
    "/Users/vahid/Desktop/xauusd-trader/mt5/K06_ObserverOnly_EA.mq5",
    "/Users/vahid/Desktop/xauusd-trader/mt5/Portfolio_ObserverOnly_EA.mq5",
    "/Users/vahid/Desktop/xauusd-trader/mql5/Experts/XAUUSD_Stage124_ShadowObserverOnly.mq5",
    "/Users/vahid/Desktop/xauusd-trader/MQL5/Experts/XAUUSD_Stage124_ShadowObserverOnly.mq5"
  ],
  "selected_source": "/Users/vahid/Desktop/xauusd-trader/mt5/Unified_ObserverOnly_EA.mq5",
  "patch_source_requested": false,
  "write_mt5_ea_requested": false,
  "patch_result": {},
  "mt5_ea_written": "",
  "snapshot_utc": "2026-07-01T08:24:22Z",
  "rule_state_exists": true,
  "rule_state_fresh": true,
  "rule_state_age_sec": 18.99,
  "rule_state_mtime_utc": "2026-07-01T08:24:03Z",
  "kv_count": 23,
  "kv_format": "PIPE",
  "feature_date": "2026-06-26",
  "mode": "OBSERVER_ONLY_NO_TRADE",
  "any_signal_active": "false",
  "selected_rule_id": "",
  "selected_label": "",
  "execution_allowed": "false",
  "order_authorized": "false",
  "rule_count": "7",
  "active_rule_count": "0",
  "latest_rows": 7,
  "latest_active_rows": 0,
  "latest_active_rule_ids": "",
  "allow_trading": "false",
  "order_send": "false",
  "rule_state_kv": "/Users/vahid/Library/Application Support/net.metaquotes.wine.metatrader5/drive_c/Program Files/MetaTrader 5/MQL5/Files/xauusd_stage133_unified_observer_rule_state_kv.csv",
  "rule_state_latest_csv": "/Users/vahid/Library/Application Support/net.metaquotes.wine.metatrader5/drive_c/Program Files/MetaTrader 5/MQL5/Files/xauusd_stage133_unified_observer_rule_state_latest.csv",
  "rule_state_history_csv": "/Users/vahid/Library/Application Support/net.metaquotes.wine.metatrader5/drive_c/Program Files/MetaTrader 5/MQL5/Files/xauusd_stage133_unified_observer_rule_state_history.csv",
  "latest_snapshot_csv": "/Users/vahid/Desktop/xauusd-trader/reports/stage133_unified_observer_rule_state_telemetry_writer/stage133_latest_rule_state_telemetry_snapshot.csv",
  "history_snapshot_csv": "/Users/vahid/Desktop/xauusd-trader/data/forward_shadow_telemetry/stage133_rule_state_telemetry_snapshots.csv",
  "patch_audit_csv": "/Users/vahid/Desktop/xauusd-trader/reports/stage133_unified_observer_rule_state_telemetry_writer/stage133_patch_audit.csv",
  "status_kv_repo": "/Users/vahid/Desktop/xauusd-trader/data/forward_shadow_telemetry/stage133_rule_state_telemetry_status_kv.csv",
  "status_kv_report": "/Users/vahid/Desktop/xauusd-trader/reports/stage133_unified_observer_rule_state_telemetry_writer/stage133_rule_state_telemetry_status_kv.csv",
  "mt5_status_kv_written": true,
  "mt5_status_kv": "/Users/vahid/Library/Application Support/net.metaquotes.wine.metatrader5/drive_c/Program Files/MetaTrader 5/MQL5/Files/xauusd_stage133_rule_state_telemetry_status_kv.csv",
  "governance_no_order_manifest": "/Users/vahid/Desktop/xauusd-trader/reports/stage133_unified_observer_rule_state_telemetry_writer/stage133_governance_no_order_manifest.csv",
  "summary_json": "/Users/vahid/Desktop/xauusd-trader/reports/stage133_unified_observer_rule_state_telemetry_writer/stage133_unified_observer_rule_state_telemetry_writer_summary.json",
  "report_md": "/Users/vahid/Desktop/xauusd-trader/reports/stage133_unified_observer_rule_state_telemetry_writer/stage133_unified_observer_rule_state_telemetry_writer_report.md",
  "next": [
    "Compile the patched Unified Observer EA in MetaEditor and reload/reattach it on XAUUSD,H1.",
    "After one to two minutes, run Stage133 without --patch-source to confirm fresh rule-state telemetry.",
    "If rule-state telemetry is fresh, collect market-open snapshots; do not promote from telemetry alone."
  ]
}
{
  "stage": "Stage133_UNIFIED_OBSERVER_RULE_STATE_TELEMETRY_WRITER",
  "generated_utc": "2026-07-01T08:34:24Z",
  "status": "RULE_STATE_TELEMETRY_ALIVE_NO_ORDER",
  "decision": "STAGE133_RULE_STATE_TELEMETRY_CONFIRMED_NO_ORDER",
  "classification": "UNIFIED_OBSERVER_RULE_STATE_TELEMETRY_NO_ORDER",
  "hard_blocks": [
    "NO_AUTOMATED_ORDER",
    "NO_PAPER_ORDER",
    "NO_BROKER_CONNECTION",
    "NO_TRADE_REQUEST_FROM_STAGE133",
    "NO_ORDER_SEND_ADDED",
    "NO_TRADE_CLASS_ADDED",
    "NO_TRADING_LOGIC_CHANGE",
    "NO_SIGNAL_RULE_CHANGE",
    "NO_SELECTED_RULE_CHANGE",
    "NO_INDICATOR_UI_CHANGE_FROM_STAGE133",
    "NO_PAPER_LIVE",
    "NO_LIVE"
  ],
  "root": "/Users/vahid/Desktop/xauusd-trader",
  "mt5_files": "/Users/vahid/Library/Application Support/net.metaquotes.wine.metatrader5/drive_c/Program Files/MetaTrader 5/MQL5/Files",
  "mt5_experts": "/Users/vahid/Library/Application Support/net.metaquotes.wine.metatrader5/drive_c/Program Files/MetaTrader 5/MQL5/Experts/Advisors/XAUUSD",
  "candidate_sources": [
    "/Users/vahid/Desktop/xauusd-trader/mt5/Unified_ObserverOnly_EA.mq5",
    "/Users/vahid/Library/Application Support/net.metaquotes.wine.metatrader5/drive_c/Program Files/MetaTrader 5/MQL5/Experts/Advisors/XAUUSD/Unified_ObserverOnly_EA.mq5",
    "/Users/vahid/Desktop/xauusd-trader/mt5/K06_ObserverOnly_EA.mq5",
    "/Users/vahid/Desktop/xauusd-trader/mt5/Portfolio_ObserverOnly_EA.mq5",
    "/Users/vahid/Desktop/xauusd-trader/mql5/Experts/XAUUSD_Stage124_ShadowObserverOnly.mq5",
    "/Users/vahid/Desktop/xauusd-trader/MQL5/Experts/XAUUSD_Stage124_ShadowObserverOnly.mq5"
  ],
  "selected_source": "/Users/vahid/Desktop/xauusd-trader/mt5/Unified_ObserverOnly_EA.mq5",
  "patch_source_requested": false,
  "write_mt5_ea_requested": false,
  "patch_result": {},
  "mt5_ea_written": "",
  "snapshot_utc": "2026-07-01T08:34:26Z",
  "rule_state_exists": true,
  "rule_state_fresh": true,
  "rule_state_age_sec": 23.06,
  "rule_state_mtime_utc": "2026-07-01T08:34:03Z",
  "kv_count": 23,
  "kv_format": "PIPE",
  "feature_date": "2026-06-26",
  "mode": "OBSERVER_ONLY_NO_TRADE",
  "any_signal_active": "false",
  "selected_rule_id": "",
  "selected_label": "",
  "execution_allowed": "false",
  "order_authorized": "false",
  "rule_count": "7",
  "active_rule_count": "0",
  "latest_rows": 7,
  "latest_active_rows": 0,
  "latest_active_rule_ids": "",
  "allow_trading": "false",
  "order_send": "false",
  "rule_state_kv": "/Users/vahid/Library/Application Support/net.metaquotes.wine.metatrader5/drive_c/Program Files/MetaTrader 5/MQL5/Files/xauusd_stage133_unified_observer_rule_state_kv.csv",
  "rule_state_latest_csv": "/Users/vahid/Library/Application Support/net.metaquotes.wine.metatrader5/drive_c/Program Files/MetaTrader 5/MQL5/Files/xauusd_stage133_unified_observer_rule_state_latest.csv",
  "rule_state_history_csv": "/Users/vahid/Library/Application Support/net.metaquotes.wine.metatrader5/drive_c/Program Files/MetaTrader 5/MQL5/Files/xauusd_stage133_unified_observer_rule_state_history.csv",
  "latest_snapshot_csv": "/Users/vahid/Desktop/xauusd-trader/reports/stage133_unified_observer_rule_state_telemetry_writer/stage133_latest_rule_state_telemetry_snapshot.csv",
  "history_snapshot_csv": "/Users/vahid/Desktop/xauusd-trader/data/forward_shadow_telemetry/stage133_rule_state_telemetry_snapshots.csv",
  "patch_audit_csv": "/Users/vahid/Desktop/xauusd-trader/reports/stage133_unified_observer_rule_state_telemetry_writer/stage133_patch_audit.csv",
  "status_kv_repo": "/Users/vahid/Desktop/xauusd-trader/data/forward_shadow_telemetry/stage133_rule_state_telemetry_status_kv.csv",
  "status_kv_report": "/Users/vahid/Desktop/xauusd-trader/reports/stage133_unified_observer_rule_state_telemetry_writer/stage133_rule_state_telemetry_status_kv.csv",
  "mt5_status_kv_written": true,
  "mt5_status_kv": "/Users/vahid/Library/Application Support/net.metaquotes.wine.metatrader5/drive_c/Program Files/MetaTrader 5/MQL5/Files/xauusd_stage133_rule_state_telemetry_status_kv.csv",
  "governance_no_order_manifest": "/Users/vahid/Desktop/xauusd-trader/reports/stage133_unified_observer_rule_state_telemetry_writer/stage133_governance_no_order_manifest.csv",
  "summary_json": "/Users/vahid/Desktop/xauusd-trader/reports/stage133_unified_observer_rule_state_telemetry_writer/stage133_unified_observer_rule_state_telemetry_writer_summary.json",
  "report_md": "/Users/vahid/Desktop/xauusd-trader/reports/stage133_unified_observer_rule_state_telemetry_writer/stage133_unified_observer_rule_state_telemetry_writer_report.md",
  "next": [
    "Compile the patched Unified Observer EA in MetaEditor and reload/reattach it on XAUUSD,H1.",
    "After one to two minutes, run Stage133 without --patch-source to confirm fresh rule-state telemetry.",
    "If rule-state telemetry is fresh, collect market-open snapshots; do not promote from telemetry alone."
  ]
}
{
  "stage": "Stage133_UNIFIED_OBSERVER_RULE_STATE_TELEMETRY_WRITER",
  "generated_utc": "2026-07-01T08:44:29Z",
  "status": "DEMO_EXECUTOR_RUNTIME_ALIVE",
  "decision": "STAGE133_RULE_STATE_TELEMETRY_CONFIRMED_NO_ORDER",
  "classification": "UNIFIED_OBSERVER_RULE_STATE_TELEMETRY_NO_ORDER",
  "hard_blocks": [
    "NO_AUTOMATED_ORDER",
    "NO_PAPER_ORDER",
    "NO_BROKER_CONNECTION",
    "NO_TRADE_REQUEST_FROM_STAGE133",
    "NO_ORDER_SEND_ADDED",
    "NO_TRADE_CLASS_ADDED",
    "NO_TRADING_LOGIC_CHANGE",
    "NO_SIGNAL_RULE_CHANGE",
    "NO_SELECTED_RULE_CHANGE",
    "NO_INDICATOR_UI_CHANGE_FROM_STAGE133",
    "NO_PAPER_LIVE",
    "NO_LIVE"
  ],
  "root": "/Users/vahid/Desktop/xauusd-trader",
  "mt5_files": "/Users/vahid/Library/Application Support/net.metaquotes.wine.metatrader5/drive_c/Program Files/MetaTrader 5/MQL5/Files",
  "mt5_experts": "/Users/vahid/Library/Application Support/net.metaquotes.wine.metatrader5/drive_c/Program Files/MetaTrader 5/MQL5/Experts/Advisors/XAUUSD",
  "candidate_sources": [
    "/Users/vahid/Desktop/xauusd-trader/mt5/Unified_ObserverOnly_EA.mq5",
    "/Users/vahid/Library/Application Support/net.metaquotes.wine.metatrader5/drive_c/Program Files/MetaTrader 5/MQL5/Experts/Advisors/XAUUSD/Unified_ObserverOnly_EA.mq5",
    "/Users/vahid/Desktop/xauusd-trader/mt5/K06_ObserverOnly_EA.mq5",
    "/Users/vahid/Desktop/xauusd-trader/mt5/Portfolio_ObserverOnly_EA.mq5",
    "/Users/vahid/Desktop/xauusd-trader/mql5/Experts/XAUUSD_Stage124_ShadowObserverOnly.mq5",
    "/Users/vahid/Desktop/xauusd-trader/MQL5/Experts/XAUUSD_Stage124_ShadowObserverOnly.mq5"
  ],
  "selected_source": "/Users/vahid/Desktop/xauusd-trader/mt5/Unified_ObserverOnly_EA.mq5",
  "patch_source_requested": false,
  "write_mt5_ea_requested": false,
  "patch_result": {},
  "mt5_ea_written": "",
  "snapshot_utc": "2026-07-01T08:44:31Z",
  "rule_state_exists": true,
  "rule_state_fresh": true,
  "rule_state_age_sec": 1.98,
  "rule_state_mtime_utc": "2026-07-01T08:44:29Z",
  "kv_count": 32,
  "kv_format": "PIPE",
  "feature_date": "2026-06-26",
  "mode": "",
  "any_signal_active": "false",
  "selected_rule_id": "",
  "selected_label": "",
  "execution_allowed": "",
  "order_authorized": "",
  "rule_count": "",
  "active_rule_count": "0",
  "latest_rows": 7,
  "latest_active_rows": 0,
  "latest_active_rule_ids": "",
  "allow_trading": "",
  "order_send": "",
  "rule_state_kv": "/Users/vahid/Library/Application Support/net.metaquotes.wine.metatrader5/drive_c/Program Files/MetaTrader 5/MQL5/Files/xauusd_stage133_unified_observer_rule_state_kv.csv",
  "rule_state_latest_csv": "/Users/vahid/Library/Application Support/net.metaquotes.wine.metatrader5/drive_c/Program Files/MetaTrader 5/MQL5/Files/xauusd_stage133_unified_observer_rule_state_latest.csv",
  "rule_state_history_csv": "/Users/vahid/Library/Application Support/net.metaquotes.wine.metatrader5/drive_c/Program Files/MetaTrader 5/MQL5/Files/xauusd_stage133_unified_observer_rule_state_history.csv",
  "latest_snapshot_csv": "/Users/vahid/Desktop/xauusd-trader/reports/stage133_unified_observer_rule_state_telemetry_writer/stage133_latest_rule_state_telemetry_snapshot.csv",
  "history_snapshot_csv": "/Users/vahid/Desktop/xauusd-trader/data/forward_shadow_telemetry/stage133_rule_state_telemetry_snapshots.csv",
  "patch_audit_csv": "/Users/vahid/Desktop/xauusd-trader/reports/stage133_unified_observer_rule_state_telemetry_writer/stage133_patch_audit.csv",
  "status_kv_repo": "/Users/vahid/Desktop/xauusd-trader/data/forward_shadow_telemetry/stage133_rule_state_telemetry_status_kv.csv",
  "status_kv_report": "/Users/vahid/Desktop/xauusd-trader/reports/stage133_unified_observer_rule_state_telemetry_writer/stage133_rule_state_telemetry_status_kv.csv",
  "mt5_status_kv_written": true,
  "mt5_status_kv": "/Users/vahid/Library/Application Support/net.metaquotes.wine.metatrader5/drive_c/Program Files/MetaTrader 5/MQL5/Files/xauusd_stage133_rule_state_telemetry_status_kv.csv",
  "governance_no_order_manifest": "/Users/vahid/Desktop/xauusd-trader/reports/stage133_unified_observer_rule_state_telemetry_writer/stage133_governance_no_order_manifest.csv",
  "summary_json": "/Users/vahid/Desktop/xauusd-trader/reports/stage133_unified_observer_rule_state_telemetry_writer/stage133_unified_observer_rule_state_telemetry_writer_summary.json",
  "report_md": "/Users/vahid/Desktop/xauusd-trader/reports/stage133_unified_observer_rule_state_telemetry_writer/stage133_unified_observer_rule_state_telemetry_writer_report.md",
  "next": [
    "Compile the patched Unified Observer EA in MetaEditor and reload/reattach it on XAUUSD,H1.",
    "After one to two minutes, run Stage133 without --patch-source to confirm fresh rule-state telemetry.",
    "If rule-state telemetry is fresh, collect market-open snapshots; do not promote from telemetry alone."
  ]
}
{
  "stage": "Stage133_UNIFIED_OBSERVER_RULE_STATE_TELEMETRY_WRITER",
  "generated_utc": "2026-07-01T08:54:32Z",
  "status": "DEMO_EXECUTOR_RUNTIME_ALIVE",
  "decision": "STAGE133_RULE_STATE_TELEMETRY_CONFIRMED_NO_ORDER",
  "classification": "UNIFIED_OBSERVER_RULE_STATE_TELEMETRY_NO_ORDER",
  "hard_blocks": [
    "NO_AUTOMATED_ORDER",
    "NO_PAPER_ORDER",
    "NO_BROKER_CONNECTION",
    "NO_TRADE_REQUEST_FROM_STAGE133",
    "NO_ORDER_SEND_ADDED",
    "NO_TRADE_CLASS_ADDED",
    "NO_TRADING_LOGIC_CHANGE",
    "NO_SIGNAL_RULE_CHANGE",
    "NO_SELECTED_RULE_CHANGE",
    "NO_INDICATOR_UI_CHANGE_FROM_STAGE133",
    "NO_PAPER_LIVE",
    "NO_LIVE"
  ],
  "root": "/Users/vahid/Desktop/xauusd-trader",
  "mt5_files": "/Users/vahid/Library/Application Support/net.metaquotes.wine.metatrader5/drive_c/Program Files/MetaTrader 5/MQL5/Files",
  "mt5_experts": "/Users/vahid/Library/Application Support/net.metaquotes.wine.metatrader5/drive_c/Program Files/MetaTrader 5/MQL5/Experts/Advisors/XAUUSD",
  "candidate_sources": [
    "/Users/vahid/Desktop/xauusd-trader/mt5/Unified_ObserverOnly_EA.mq5",
    "/Users/vahid/Library/Application Support/net.metaquotes.wine.metatrader5/drive_c/Program Files/MetaTrader 5/MQL5/Experts/Advisors/XAUUSD/Unified_ObserverOnly_EA.mq5",
    "/Users/vahid/Desktop/xauusd-trader/mt5/K06_ObserverOnly_EA.mq5",
    "/Users/vahid/Desktop/xauusd-trader/mt5/Portfolio_ObserverOnly_EA.mq5",
    "/Users/vahid/Desktop/xauusd-trader/mql5/Experts/XAUUSD_Stage124_ShadowObserverOnly.mq5",
    "/Users/vahid/Desktop/xauusd-trader/MQL5/Experts/XAUUSD_Stage124_ShadowObserverOnly.mq5"
  ],
  "selected_source": "/Users/vahid/Desktop/xauusd-trader/mt5/Unified_ObserverOnly_EA.mq5",
  "patch_source_requested": false,
  "write_mt5_ea_requested": false,
  "patch_result": {},
  "mt5_ea_written": "",
  "snapshot_utc": "2026-07-01T08:54:33Z",
  "rule_state_exists": true,
  "rule_state_fresh": true,
  "rule_state_age_sec": 4.16,
  "rule_state_mtime_utc": "2026-07-01T08:54:29Z",
  "kv_count": 32,
  "kv_format": "PIPE",
  "feature_date": "2026-06-26",
  "mode": "",
  "any_signal_active": "false",
  "selected_rule_id": "",
  "selected_label": "",
  "execution_allowed": "",
  "order_authorized": "",
  "rule_count": "",
  "active_rule_count": "0",
  "latest_rows": 7,
  "latest_active_rows": 0,
  "latest_active_rule_ids": "",
  "allow_trading": "",
  "order_send": "",
  "rule_state_kv": "/Users/vahid/Library/Application Support/net.metaquotes.wine.metatrader5/drive_c/Program Files/MetaTrader 5/MQL5/Files/xauusd_stage133_unified_observer_rule_state_kv.csv",
  "rule_state_latest_csv": "/Users/vahid/Library/Application Support/net.metaquotes.wine.metatrader5/drive_c/Program Files/MetaTrader 5/MQL5/Files/xauusd_stage133_unified_observer_rule_state_latest.csv",
  "rule_state_history_csv": "/Users/vahid/Library/Application Support/net.metaquotes.wine.metatrader5/drive_c/Program Files/MetaTrader 5/MQL5/Files/xauusd_stage133_unified_observer_rule_state_history.csv",
  "latest_snapshot_csv": "/Users/vahid/Desktop/xauusd-trader/reports/stage133_unified_observer_rule_state_telemetry_writer/stage133_latest_rule_state_telemetry_snapshot.csv",
  "history_snapshot_csv": "/Users/vahid/Desktop/xauusd-trader/data/forward_shadow_telemetry/stage133_rule_state_telemetry_snapshots.csv",
  "patch_audit_csv": "/Users/vahid/Desktop/xauusd-trader/reports/stage133_unified_observer_rule_state_telemetry_writer/stage133_patch_audit.csv",
  "status_kv_repo": "/Users/vahid/Desktop/xauusd-trader/data/forward_shadow_telemetry/stage133_rule_state_telemetry_status_kv.csv",
  "status_kv_report": "/Users/vahid/Desktop/xauusd-trader/reports/stage133_unified_observer_rule_state_telemetry_writer/stage133_rule_state_telemetry_status_kv.csv",
  "mt5_status_kv_written": true,
  "mt5_status_kv": "/Users/vahid/Library/Application Support/net.metaquotes.wine.metatrader5/drive_c/Program Files/MetaTrader 5/MQL5/Files/xauusd_stage133_rule_state_telemetry_status_kv.csv",
  "governance_no_order_manifest": "/Users/vahid/Desktop/xauusd-trader/reports/stage133_unified_observer_rule_state_telemetry_writer/stage133_governance_no_order_manifest.csv",
  "summary_json": "/Users/vahid/Desktop/xauusd-trader/reports/stage133_unified_observer_rule_state_telemetry_writer/stage133_unified_observer_rule_state_telemetry_writer_summary.json",
  "report_md": "/Users/vahid/Desktop/xauusd-trader/reports/stage133_unified_observer_rule_state_telemetry_writer/stage133_unified_observer_rule_state_telemetry_writer_report.md",
  "next": [
    "Compile the patched Unified Observer EA in MetaEditor and reload/reattach it on XAUUSD,H1.",
    "After one to two minutes, run Stage133 without --patch-source to confirm fresh rule-state telemetry.",
    "If rule-state telemetry is fresh, collect market-open snapshots; do not promote from telemetry alone."
  ]
}
{
  "stage": "Stage133_UNIFIED_OBSERVER_RULE_STATE_TELEMETRY_WRITER",
  "generated_utc": "2026-07-01T09:04:35Z",
  "status": "DEMO_EXECUTOR_RUNTIME_ALIVE",
  "decision": "STAGE133_RULE_STATE_TELEMETRY_CONFIRMED_NO_ORDER",
  "classification": "UNIFIED_OBSERVER_RULE_STATE_TELEMETRY_NO_ORDER",
  "hard_blocks": [
    "NO_AUTOMATED_ORDER",
    "NO_PAPER_ORDER",
    "NO_BROKER_CONNECTION",
    "NO_TRADE_REQUEST_FROM_STAGE133",
    "NO_ORDER_SEND_ADDED",
    "NO_TRADE_CLASS_ADDED",
    "NO_TRADING_LOGIC_CHANGE",
    "NO_SIGNAL_RULE_CHANGE",
    "NO_SELECTED_RULE_CHANGE",
    "NO_INDICATOR_UI_CHANGE_FROM_STAGE133",
    "NO_PAPER_LIVE",
    "NO_LIVE"
  ],
  "root": "/Users/vahid/Desktop/xauusd-trader",
  "mt5_files": "/Users/vahid/Library/Application Support/net.metaquotes.wine.metatrader5/drive_c/Program Files/MetaTrader 5/MQL5/Files",
  "mt5_experts": "/Users/vahid/Library/Application Support/net.metaquotes.wine.metatrader5/drive_c/Program Files/MetaTrader 5/MQL5/Experts/Advisors/XAUUSD",
  "candidate_sources": [
    "/Users/vahid/Desktop/xauusd-trader/mt5/Unified_ObserverOnly_EA.mq5",
    "/Users/vahid/Library/Application Support/net.metaquotes.wine.metatrader5/drive_c/Program Files/MetaTrader 5/MQL5/Experts/Advisors/XAUUSD/Unified_ObserverOnly_EA.mq5",
    "/Users/vahid/Desktop/xauusd-trader/mt5/K06_ObserverOnly_EA.mq5",
    "/Users/vahid/Desktop/xauusd-trader/mt5/Portfolio_ObserverOnly_EA.mq5",
    "/Users/vahid/Desktop/xauusd-trader/mql5/Experts/XAUUSD_Stage124_ShadowObserverOnly.mq5",
    "/Users/vahid/Desktop/xauusd-trader/MQL5/Experts/XAUUSD_Stage124_ShadowObserverOnly.mq5"
  ],
  "selected_source": "/Users/vahid/Desktop/xauusd-trader/mt5/Unified_ObserverOnly_EA.mq5",
  "patch_source_requested": false,
  "write_mt5_ea_requested": false,
  "patch_result": {},
  "mt5_ea_written": "",
  "snapshot_utc": "2026-07-01T09:04:37Z",
  "rule_state_exists": true,
  "rule_state_fresh": true,
  "rule_state_age_sec": 7.61,
  "rule_state_mtime_utc": "2026-07-01T09:04:29Z",
  "kv_count": 32,
  "kv_format": "PIPE",
  "feature_date": "2026-06-26",
  "mode": "",
  "any_signal_active": "false",
  "selected_rule_id": "",
  "selected_label": "",
  "execution_allowed": "",
  "order_authorized": "",
  "rule_count": "",
  "active_rule_count": "0",
  "latest_rows": 7,
  "latest_active_rows": 0,
  "latest_active_rule_ids": "",
  "allow_trading": "",
  "order_send": "",
  "rule_state_kv": "/Users/vahid/Library/Application Support/net.metaquotes.wine.metatrader5/drive_c/Program Files/MetaTrader 5/MQL5/Files/xauusd_stage133_unified_observer_rule_state_kv.csv",
  "rule_state_latest_csv": "/Users/vahid/Library/Application Support/net.metaquotes.wine.metatrader5/drive_c/Program Files/MetaTrader 5/MQL5/Files/xauusd_stage133_unified_observer_rule_state_latest.csv",
  "rule_state_history_csv": "/Users/vahid/Library/Application Support/net.metaquotes.wine.metatrader5/drive_c/Program Files/MetaTrader 5/MQL5/Files/xauusd_stage133_unified_observer_rule_state_history.csv",
  "latest_snapshot_csv": "/Users/vahid/Desktop/xauusd-trader/reports/stage133_unified_observer_rule_state_telemetry_writer/stage133_latest_rule_state_telemetry_snapshot.csv",
  "history_snapshot_csv": "/Users/vahid/Desktop/xauusd-trader/data/forward_shadow_telemetry/stage133_rule_state_telemetry_snapshots.csv",
  "patch_audit_csv": "/Users/vahid/Desktop/xauusd-trader/reports/stage133_unified_observer_rule_state_telemetry_writer/stage133_patch_audit.csv",
  "status_kv_repo": "/Users/vahid/Desktop/xauusd-trader/data/forward_shadow_telemetry/stage133_rule_state_telemetry_status_kv.csv",
  "status_kv_report": "/Users/vahid/Desktop/xauusd-trader/reports/stage133_unified_observer_rule_state_telemetry_writer/stage133_rule_state_telemetry_status_kv.csv",
  "mt5_status_kv_written": true,
  "mt5_status_kv": "/Users/vahid/Library/Application Support/net.metaquotes.wine.metatrader5/drive_c/Program Files/MetaTrader 5/MQL5/Files/xauusd_stage133_rule_state_telemetry_status_kv.csv",
  "governance_no_order_manifest": "/Users/vahid/Desktop/xauusd-trader/reports/stage133_unified_observer_rule_state_telemetry_writer/stage133_governance_no_order_manifest.csv",
  "summary_json": "/Users/vahid/Desktop/xauusd-trader/reports/stage133_unified_observer_rule_state_telemetry_writer/stage133_unified_observer_rule_state_telemetry_writer_summary.json",
  "report_md": "/Users/vahid/Desktop/xauusd-trader/reports/stage133_unified_observer_rule_state_telemetry_writer/stage133_unified_observer_rule_state_telemetry_writer_report.md",
  "next": [
    "Compile the patched Unified Observer EA in MetaEditor and reload/reattach it on XAUUSD,H1.",
    "After one to two minutes, run Stage133 without --patch-source to confirm fresh rule-state telemetry.",
    "If rule-state telemetry is fresh, collect market-open snapshots; do not promote from telemetry alone."
  ]
}
{
  "stage": "Stage133_UNIFIED_OBSERVER_RULE_STATE_TELEMETRY_WRITER",
  "generated_utc": "2026-07-01T09:14:38Z",
  "status": "DEMO_EXECUTOR_RUNTIME_ALIVE",
  "decision": "STAGE133_RULE_STATE_TELEMETRY_CONFIRMED_NO_ORDER",
  "classification": "UNIFIED_OBSERVER_RULE_STATE_TELEMETRY_NO_ORDER",
  "hard_blocks": [
    "NO_AUTOMATED_ORDER",
    "NO_PAPER_ORDER",
    "NO_BROKER_CONNECTION",
    "NO_TRADE_REQUEST_FROM_STAGE133",
    "NO_ORDER_SEND_ADDED",
    "NO_TRADE_CLASS_ADDED",
    "NO_TRADING_LOGIC_CHANGE",
    "NO_SIGNAL_RULE_CHANGE",
    "NO_SELECTED_RULE_CHANGE",
    "NO_INDICATOR_UI_CHANGE_FROM_STAGE133",
    "NO_PAPER_LIVE",
    "NO_LIVE"
  ],
  "root": "/Users/vahid/Desktop/xauusd-trader",
  "mt5_files": "/Users/vahid/Library/Application Support/net.metaquotes.wine.metatrader5/drive_c/Program Files/MetaTrader 5/MQL5/Files",
  "mt5_experts": "/Users/vahid/Library/Application Support/net.metaquotes.wine.metatrader5/drive_c/Program Files/MetaTrader 5/MQL5/Experts/Advisors/XAUUSD",
  "candidate_sources": [
    "/Users/vahid/Desktop/xauusd-trader/mt5/Unified_ObserverOnly_EA.mq5",
    "/Users/vahid/Library/Application Support/net.metaquotes.wine.metatrader5/drive_c/Program Files/MetaTrader 5/MQL5/Experts/Advisors/XAUUSD/Unified_ObserverOnly_EA.mq5",
    "/Users/vahid/Desktop/xauusd-trader/mt5/K06_ObserverOnly_EA.mq5",
    "/Users/vahid/Desktop/xauusd-trader/mt5/Portfolio_ObserverOnly_EA.mq5",
    "/Users/vahid/Desktop/xauusd-trader/mql5/Experts/XAUUSD_Stage124_ShadowObserverOnly.mq5",
    "/Users/vahid/Desktop/xauusd-trader/MQL5/Experts/XAUUSD_Stage124_ShadowObserverOnly.mq5"
  ],
  "selected_source": "/Users/vahid/Desktop/xauusd-trader/mt5/Unified_ObserverOnly_EA.mq5",
  "patch_source_requested": false,
  "write_mt5_ea_requested": false,
  "patch_result": {},
  "mt5_ea_written": "",
  "snapshot_utc": "2026-07-01T09:14:41Z",
  "rule_state_exists": true,
  "rule_state_fresh": true,
  "rule_state_age_sec": 10.86,
  "rule_state_mtime_utc": "2026-07-01T09:14:30Z",
  "kv_count": 32,
  "kv_format": "PIPE",
  "feature_date": "2026-06-26",
  "mode": "",
  "any_signal_active": "false",
  "selected_rule_id": "",
  "selected_label": "",
  "execution_allowed": "",
  "order_authorized": "",
  "rule_count": "",
  "active_rule_count": "0",
  "latest_rows": 7,
  "latest_active_rows": 0,
  "latest_active_rule_ids": "",
  "allow_trading": "",
  "order_send": "",
  "rule_state_kv": "/Users/vahid/Library/Application Support/net.metaquotes.wine.metatrader5/drive_c/Program Files/MetaTrader 5/MQL5/Files/xauusd_stage133_unified_observer_rule_state_kv.csv",
  "rule_state_latest_csv": "/Users/vahid/Library/Application Support/net.metaquotes.wine.metatrader5/drive_c/Program Files/MetaTrader 5/MQL5/Files/xauusd_stage133_unified_observer_rule_state_latest.csv",
  "rule_state_history_csv": "/Users/vahid/Library/Application Support/net.metaquotes.wine.metatrader5/drive_c/Program Files/MetaTrader 5/MQL5/Files/xauusd_stage133_unified_observer_rule_state_history.csv",
  "latest_snapshot_csv": "/Users/vahid/Desktop/xauusd-trader/reports/stage133_unified_observer_rule_state_telemetry_writer/stage133_latest_rule_state_telemetry_snapshot.csv",
  "history_snapshot_csv": "/Users/vahid/Desktop/xauusd-trader/data/forward_shadow_telemetry/stage133_rule_state_telemetry_snapshots.csv",
  "patch_audit_csv": "/Users/vahid/Desktop/xauusd-trader/reports/stage133_unified_observer_rule_state_telemetry_writer/stage133_patch_audit.csv",
  "status_kv_repo": "/Users/vahid/Desktop/xauusd-trader/data/forward_shadow_telemetry/stage133_rule_state_telemetry_status_kv.csv",
  "status_kv_report": "/Users/vahid/Desktop/xauusd-trader/reports/stage133_unified_observer_rule_state_telemetry_writer/stage133_rule_state_telemetry_status_kv.csv",
  "mt5_status_kv_written": true,
  "mt5_status_kv": "/Users/vahid/Library/Application Support/net.metaquotes.wine.metatrader5/drive_c/Program Files/MetaTrader 5/MQL5/Files/xauusd_stage133_rule_state_telemetry_status_kv.csv",
  "governance_no_order_manifest": "/Users/vahid/Desktop/xauusd-trader/reports/stage133_unified_observer_rule_state_telemetry_writer/stage133_governance_no_order_manifest.csv",
  "summary_json": "/Users/vahid/Desktop/xauusd-trader/reports/stage133_unified_observer_rule_state_telemetry_writer/stage133_unified_observer_rule_state_telemetry_writer_summary.json",
  "report_md": "/Users/vahid/Desktop/xauusd-trader/reports/stage133_unified_observer_rule_state_telemetry_writer/stage133_unified_observer_rule_state_telemetry_writer_report.md",
  "next": [
    "Compile the patched Unified Observer EA in MetaEditor and reload/reattach it on XAUUSD,H1.",
    "After one to two minutes, run Stage133 without --patch-source to confirm fresh rule-state telemetry.",
    "If rule-state telemetry is fresh, collect market-open snapshots; do not promote from telemetry alone."
  ]
}
{
  "stage": "Stage133_UNIFIED_OBSERVER_RULE_STATE_TELEMETRY_WRITER",
  "generated_utc": "2026-07-01T09:24:42Z",
  "status": "RULE_STATE_TELEMETRY_ALIVE_NO_ORDER",
  "decision": "STAGE133_RULE_STATE_TELEMETRY_CONFIRMED_NO_ORDER",
  "classification": "UNIFIED_OBSERVER_RULE_STATE_TELEMETRY_NO_ORDER",
  "hard_blocks": [
    "NO_AUTOMATED_ORDER",
    "NO_PAPER_ORDER",
    "NO_BROKER_CONNECTION",
    "NO_TRADE_REQUEST_FROM_STAGE133",
    "NO_ORDER_SEND_ADDED",
    "NO_TRADE_CLASS_ADDED",
    "NO_TRADING_LOGIC_CHANGE",
    "NO_SIGNAL_RULE_CHANGE",
    "NO_SELECTED_RULE_CHANGE",
    "NO_INDICATOR_UI_CHANGE_FROM_STAGE133",
    "NO_PAPER_LIVE",
    "NO_LIVE"
  ],
  "root": "/Users/vahid/Desktop/xauusd-trader",
  "mt5_files": "/Users/vahid/Library/Application Support/net.metaquotes.wine.metatrader5/drive_c/Program Files/MetaTrader 5/MQL5/Files",
  "mt5_experts": "/Users/vahid/Library/Application Support/net.metaquotes.wine.metatrader5/drive_c/Program Files/MetaTrader 5/MQL5/Experts/Advisors/XAUUSD",
  "candidate_sources": [
    "/Users/vahid/Desktop/xauusd-trader/mt5/Unified_ObserverOnly_EA.mq5",
    "/Users/vahid/Library/Application Support/net.metaquotes.wine.metatrader5/drive_c/Program Files/MetaTrader 5/MQL5/Experts/Advisors/XAUUSD/Unified_ObserverOnly_EA.mq5",
    "/Users/vahid/Desktop/xauusd-trader/mt5/K06_ObserverOnly_EA.mq5",
    "/Users/vahid/Desktop/xauusd-trader/mt5/Portfolio_ObserverOnly_EA.mq5",
    "/Users/vahid/Desktop/xauusd-trader/mql5/Experts/XAUUSD_Stage124_ShadowObserverOnly.mq5",
    "/Users/vahid/Desktop/xauusd-trader/MQL5/Experts/XAUUSD_Stage124_ShadowObserverOnly.mq5"
  ],
  "selected_source": "/Users/vahid/Desktop/xauusd-trader/mt5/Unified_ObserverOnly_EA.mq5",
  "patch_source_requested": false,
  "write_mt5_ea_requested": false,
  "patch_result": {},
  "mt5_ea_written": "",
  "snapshot_utc": "2026-07-01T09:24:43Z",
  "rule_state_exists": true,
  "rule_state_fresh": true,
  "rule_state_age_sec": 39.12,
  "rule_state_mtime_utc": "2026-07-01T09:24:03Z",
  "kv_count": 23,
  "kv_format": "PIPE",
  "feature_date": "2026-06-26",
  "mode": "OBSERVER_ONLY_NO_TRADE",
  "any_signal_active": "false",
  "selected_rule_id": "",
  "selected_label": "",
  "execution_allowed": "false",
  "order_authorized": "false",
  "rule_count": "7",
  "active_rule_count": "0",
  "latest_rows": 7,
  "latest_active_rows": 0,
  "latest_active_rule_ids": "",
  "allow_trading": "false",
  "order_send": "false",
  "rule_state_kv": "/Users/vahid/Library/Application Support/net.metaquotes.wine.metatrader5/drive_c/Program Files/MetaTrader 5/MQL5/Files/xauusd_stage133_unified_observer_rule_state_kv.csv",
  "rule_state_latest_csv": "/Users/vahid/Library/Application Support/net.metaquotes.wine.metatrader5/drive_c/Program Files/MetaTrader 5/MQL5/Files/xauusd_stage133_unified_observer_rule_state_latest.csv",
  "rule_state_history_csv": "/Users/vahid/Library/Application Support/net.metaquotes.wine.metatrader5/drive_c/Program Files/MetaTrader 5/MQL5/Files/xauusd_stage133_unified_observer_rule_state_history.csv",
  "latest_snapshot_csv": "/Users/vahid/Desktop/xauusd-trader/reports/stage133_unified_observer_rule_state_telemetry_writer/stage133_latest_rule_state_telemetry_snapshot.csv",
  "history_snapshot_csv": "/Users/vahid/Desktop/xauusd-trader/data/forward_shadow_telemetry/stage133_rule_state_telemetry_snapshots.csv",
  "patch_audit_csv": "/Users/vahid/Desktop/xauusd-trader/reports/stage133_unified_observer_rule_state_telemetry_writer/stage133_patch_audit.csv",
  "status_kv_repo": "/Users/vahid/Desktop/xauusd-trader/data/forward_shadow_telemetry/stage133_rule_state_telemetry_status_kv.csv",
  "status_kv_report": "/Users/vahid/Desktop/xauusd-trader/reports/stage133_unified_observer_rule_state_telemetry_writer/stage133_rule_state_telemetry_status_kv.csv",
  "mt5_status_kv_written": true,
  "mt5_status_kv": "/Users/vahid/Library/Application Support/net.metaquotes.wine.metatrader5/drive_c/Program Files/MetaTrader 5/MQL5/Files/xauusd_stage133_rule_state_telemetry_status_kv.csv",
  "governance_no_order_manifest": "/Users/vahid/Desktop/xauusd-trader/reports/stage133_unified_observer_rule_state_telemetry_writer/stage133_governance_no_order_manifest.csv",
  "summary_json": "/Users/vahid/Desktop/xauusd-trader/reports/stage133_unified_observer_rule_state_telemetry_writer/stage133_unified_observer_rule_state_telemetry_writer_summary.json",
  "report_md": "/Users/vahid/Desktop/xauusd-trader/reports/stage133_unified_observer_rule_state_telemetry_writer/stage133_unified_observer_rule_state_telemetry_writer_report.md",
  "next": [
    "Compile the patched Unified Observer EA in MetaEditor and reload/reattach it on XAUUSD,H1.",
    "After one to two minutes, run Stage133 without --patch-source to confirm fresh rule-state telemetry.",
    "If rule-state telemetry is fresh, collect market-open snapshots; do not promote from telemetry alone."
  ]
}
{
  "stage": "Stage133_UNIFIED_OBSERVER_RULE_STATE_TELEMETRY_WRITER",
  "generated_utc": "2026-07-01T09:34:43Z",
  "status": "DEMO_EXECUTOR_RUNTIME_ALIVE",
  "decision": "STAGE133_RULE_STATE_TELEMETRY_CONFIRMED_NO_ORDER",
  "classification": "UNIFIED_OBSERVER_RULE_STATE_TELEMETRY_NO_ORDER",
  "hard_blocks": [
    "NO_AUTOMATED_ORDER",
    "NO_PAPER_ORDER",
    "NO_BROKER_CONNECTION",
    "NO_TRADE_REQUEST_FROM_STAGE133",
    "NO_ORDER_SEND_ADDED",
    "NO_TRADE_CLASS_ADDED",
    "NO_TRADING_LOGIC_CHANGE",
    "NO_SIGNAL_RULE_CHANGE",
    "NO_SELECTED_RULE_CHANGE",
    "NO_INDICATOR_UI_CHANGE_FROM_STAGE133",
    "NO_PAPER_LIVE",
    "NO_LIVE"
  ],
  "root": "/Users/vahid/Desktop/xauusd-trader",
  "mt5_files": "/Users/vahid/Library/Application Support/net.metaquotes.wine.metatrader5/drive_c/Program Files/MetaTrader 5/MQL5/Files",
  "mt5_experts": "/Users/vahid/Library/Application Support/net.metaquotes.wine.metatrader5/drive_c/Program Files/MetaTrader 5/MQL5/Experts/Advisors/XAUUSD",
  "candidate_sources": [
    "/Users/vahid/Desktop/xauusd-trader/mt5/Unified_ObserverOnly_EA.mq5",
    "/Users/vahid/Library/Application Support/net.metaquotes.wine.metatrader5/drive_c/Program Files/MetaTrader 5/MQL5/Experts/Advisors/XAUUSD/Unified_ObserverOnly_EA.mq5",
    "/Users/vahid/Desktop/xauusd-trader/mt5/K06_ObserverOnly_EA.mq5",
    "/Users/vahid/Desktop/xauusd-trader/mt5/Portfolio_ObserverOnly_EA.mq5",
    "/Users/vahid/Desktop/xauusd-trader/mql5/Experts/XAUUSD_Stage124_ShadowObserverOnly.mq5",
    "/Users/vahid/Desktop/xauusd-trader/MQL5/Experts/XAUUSD_Stage124_ShadowObserverOnly.mq5"
  ],
  "selected_source": "/Users/vahid/Desktop/xauusd-trader/mt5/Unified_ObserverOnly_EA.mq5",
  "patch_source_requested": false,
  "write_mt5_ea_requested": false,
  "patch_result": {},
  "mt5_ea_written": "",
  "snapshot_utc": "2026-07-01T09:34:45Z",
  "rule_state_exists": true,
  "rule_state_fresh": true,
  "rule_state_age_sec": 0.74,
  "rule_state_mtime_utc": "2026-07-01T09:34:44Z",
  "kv_count": 32,
  "kv_format": "PIPE",
  "feature_date": "2026-06-26",
  "mode": "",
  "any_signal_active": "false",
  "selected_rule_id": "",
  "selected_label": "",
  "execution_allowed": "",
  "order_authorized": "",
  "rule_count": "",
  "active_rule_count": "0",
  "latest_rows": 7,
  "latest_active_rows": 0,
  "latest_active_rule_ids": "",
  "allow_trading": "",
  "order_send": "",
  "rule_state_kv": "/Users/vahid/Library/Application Support/net.metaquotes.wine.metatrader5/drive_c/Program Files/MetaTrader 5/MQL5/Files/xauusd_stage133_unified_observer_rule_state_kv.csv",
  "rule_state_latest_csv": "/Users/vahid/Library/Application Support/net.metaquotes.wine.metatrader5/drive_c/Program Files/MetaTrader 5/MQL5/Files/xauusd_stage133_unified_observer_rule_state_latest.csv",
  "rule_state_history_csv": "/Users/vahid/Library/Application Support/net.metaquotes.wine.metatrader5/drive_c/Program Files/MetaTrader 5/MQL5/Files/xauusd_stage133_unified_observer_rule_state_history.csv",
  "latest_snapshot_csv": "/Users/vahid/Desktop/xauusd-trader/reports/stage133_unified_observer_rule_state_telemetry_writer/stage133_latest_rule_state_telemetry_snapshot.csv",
  "history_snapshot_csv": "/Users/vahid/Desktop/xauusd-trader/data/forward_shadow_telemetry/stage133_rule_state_telemetry_snapshots.csv",
  "patch_audit_csv": "/Users/vahid/Desktop/xauusd-trader/reports/stage133_unified_observer_rule_state_telemetry_writer/stage133_patch_audit.csv",
  "status_kv_repo": "/Users/vahid/Desktop/xauusd-trader/data/forward_shadow_telemetry/stage133_rule_state_telemetry_status_kv.csv",
  "status_kv_report": "/Users/vahid/Desktop/xauusd-trader/reports/stage133_unified_observer_rule_state_telemetry_writer/stage133_rule_state_telemetry_status_kv.csv",
  "mt5_status_kv_written": true,
  "mt5_status_kv": "/Users/vahid/Library/Application Support/net.metaquotes.wine.metatrader5/drive_c/Program Files/MetaTrader 5/MQL5/Files/xauusd_stage133_rule_state_telemetry_status_kv.csv",
  "governance_no_order_manifest": "/Users/vahid/Desktop/xauusd-trader/reports/stage133_unified_observer_rule_state_telemetry_writer/stage133_governance_no_order_manifest.csv",
  "summary_json": "/Users/vahid/Desktop/xauusd-trader/reports/stage133_unified_observer_rule_state_telemetry_writer/stage133_unified_observer_rule_state_telemetry_writer_summary.json",
  "report_md": "/Users/vahid/Desktop/xauusd-trader/reports/stage133_unified_observer_rule_state_telemetry_writer/stage133_unified_observer_rule_state_telemetry_writer_report.md",
  "next": [
    "Compile the patched Unified Observer EA in MetaEditor and reload/reattach it on XAUUSD,H1.",
    "After one to two minutes, run Stage133 without --patch-source to confirm fresh rule-state telemetry.",
    "If rule-state telemetry is fresh, collect market-open snapshots; do not promote from telemetry alone."
  ]
}
{
  "stage": "Stage133_UNIFIED_OBSERVER_RULE_STATE_TELEMETRY_WRITER",
  "generated_utc": "2026-07-01T10:29:43Z",
  "status": "DEMO_EXECUTOR_RUNTIME_ALIVE",
  "decision": "STAGE133_RULE_STATE_TELEMETRY_CONFIRMED_NO_ORDER",
  "classification": "UNIFIED_OBSERVER_RULE_STATE_TELEMETRY_NO_ORDER",
  "hard_blocks": [
    "NO_AUTOMATED_ORDER",
    "NO_PAPER_ORDER",
    "NO_BROKER_CONNECTION",
    "NO_TRADE_REQUEST_FROM_STAGE133",
    "NO_ORDER_SEND_ADDED",
    "NO_TRADE_CLASS_ADDED",
    "NO_TRADING_LOGIC_CHANGE",
    "NO_SIGNAL_RULE_CHANGE",
    "NO_SELECTED_RULE_CHANGE",
    "NO_INDICATOR_UI_CHANGE_FROM_STAGE133",
    "NO_PAPER_LIVE",
    "NO_LIVE"
  ],
  "root": "/Users/vahid/Desktop/xauusd-trader",
  "mt5_files": "/Users/vahid/Library/Application Support/net.metaquotes.wine.metatrader5/drive_c/Program Files/MetaTrader 5/MQL5/Files",
  "mt5_experts": "/Users/vahid/Library/Application Support/net.metaquotes.wine.metatrader5/drive_c/Program Files/MetaTrader 5/MQL5/Experts/Advisors/XAUUSD",
  "candidate_sources": [
    "/Users/vahid/Desktop/xauusd-trader/mt5/Unified_ObserverOnly_EA.mq5",
    "/Users/vahid/Library/Application Support/net.metaquotes.wine.metatrader5/drive_c/Program Files/MetaTrader 5/MQL5/Experts/Advisors/XAUUSD/Unified_ObserverOnly_EA.mq5",
    "/Users/vahid/Desktop/xauusd-trader/mt5/K06_ObserverOnly_EA.mq5",
    "/Users/vahid/Desktop/xauusd-trader/mt5/Portfolio_ObserverOnly_EA.mq5",
    "/Users/vahid/Desktop/xauusd-trader/mql5/Experts/XAUUSD_Stage124_ShadowObserverOnly.mq5",
    "/Users/vahid/Desktop/xauusd-trader/MQL5/Experts/XAUUSD_Stage124_ShadowObserverOnly.mq5"
  ],
  "selected_source": "/Users/vahid/Desktop/xauusd-trader/mt5/Unified_ObserverOnly_EA.mq5",
  "patch_source_requested": false,
  "write_mt5_ea_requested": false,
  "patch_result": {},
  "mt5_ea_written": "",
  "snapshot_utc": "2026-07-01T10:29:46Z",
  "rule_state_exists": true,
  "rule_state_fresh": true,
  "rule_state_age_sec": 7.89,
  "rule_state_mtime_utc": "2026-07-01T10:29:38Z",
  "kv_count": 32,
  "kv_format": "PIPE",
  "feature_date": "2026-06-26",
  "mode": "",
  "any_signal_active": "false",
  "selected_rule_id": "",
  "selected_label": "",
  "execution_allowed": "",
  "order_authorized": "",
  "rule_count": "",
  "active_rule_count": "0",
  "latest_rows": 7,
  "latest_active_rows": 0,
  "latest_active_rule_ids": "",
  "allow_trading": "",
  "order_send": "",
  "rule_state_kv": "/Users/vahid/Library/Application Support/net.metaquotes.wine.metatrader5/drive_c/Program Files/MetaTrader 5/MQL5/Files/xauusd_stage133_unified_observer_rule_state_kv.csv",
  "rule_state_latest_csv": "/Users/vahid/Library/Application Support/net.metaquotes.wine.metatrader5/drive_c/Program Files/MetaTrader 5/MQL5/Files/xauusd_stage133_unified_observer_rule_state_latest.csv",
  "rule_state_history_csv": "/Users/vahid/Library/Application Support/net.metaquotes.wine.metatrader5/drive_c/Program Files/MetaTrader 5/MQL5/Files/xauusd_stage133_unified_observer_rule_state_history.csv",
  "latest_snapshot_csv": "/Users/vahid/Desktop/xauusd-trader/reports/stage133_unified_observer_rule_state_telemetry_writer/stage133_latest_rule_state_telemetry_snapshot.csv",
  "history_snapshot_csv": "/Users/vahid/Desktop/xauusd-trader/data/forward_shadow_telemetry/stage133_rule_state_telemetry_snapshots.csv",
  "patch_audit_csv": "/Users/vahid/Desktop/xauusd-trader/reports/stage133_unified_observer_rule_state_telemetry_writer/stage133_patch_audit.csv",
  "status_kv_repo": "/Users/vahid/Desktop/xauusd-trader/data/forward_shadow_telemetry/stage133_rule_state_telemetry_status_kv.csv",
  "status_kv_report": "/Users/vahid/Desktop/xauusd-trader/reports/stage133_unified_observer_rule_state_telemetry_writer/stage133_rule_state_telemetry_status_kv.csv",
  "mt5_status_kv_written": true,
  "mt5_status_kv": "/Users/vahid/Library/Application Support/net.metaquotes.wine.metatrader5/drive_c/Program Files/MetaTrader 5/MQL5/Files/xauusd_stage133_rule_state_telemetry_status_kv.csv",
  "governance_no_order_manifest": "/Users/vahid/Desktop/xauusd-trader/reports/stage133_unified_observer_rule_state_telemetry_writer/stage133_governance_no_order_manifest.csv",
  "summary_json": "/Users/vahid/Desktop/xauusd-trader/reports/stage133_unified_observer_rule_state_telemetry_writer/stage133_unified_observer_rule_state_telemetry_writer_summary.json",
  "report_md": "/Users/vahid/Desktop/xauusd-trader/reports/stage133_unified_observer_rule_state_telemetry_writer/stage133_unified_observer_rule_state_telemetry_writer_report.md",
  "next": [
    "Compile the patched Unified Observer EA in MetaEditor and reload/reattach it on XAUUSD,H1.",
    "After one to two minutes, run Stage133 without --patch-source to confirm fresh rule-state telemetry.",
    "If rule-state telemetry is fresh, collect market-open snapshots; do not promote from telemetry alone."
  ]
}
{
  "stage": "Stage133_UNIFIED_OBSERVER_RULE_STATE_TELEMETRY_WRITER",
  "generated_utc": "2026-07-01T10:39:47Z",
  "status": "DEMO_EXECUTOR_RUNTIME_ALIVE",
  "decision": "STAGE133_RULE_STATE_TELEMETRY_CONFIRMED_NO_ORDER",
  "classification": "UNIFIED_OBSERVER_RULE_STATE_TELEMETRY_NO_ORDER",
  "hard_blocks": [
    "NO_AUTOMATED_ORDER",
    "NO_PAPER_ORDER",
    "NO_BROKER_CONNECTION",
    "NO_TRADE_REQUEST_FROM_STAGE133",
    "NO_ORDER_SEND_ADDED",
    "NO_TRADE_CLASS_ADDED",
    "NO_TRADING_LOGIC_CHANGE",
    "NO_SIGNAL_RULE_CHANGE",
    "NO_SELECTED_RULE_CHANGE",
    "NO_INDICATOR_UI_CHANGE_FROM_STAGE133",
    "NO_PAPER_LIVE",
    "NO_LIVE"
  ],
  "root": "/Users/vahid/Desktop/xauusd-trader",
  "mt5_files": "/Users/vahid/Library/Application Support/net.metaquotes.wine.metatrader5/drive_c/Program Files/MetaTrader 5/MQL5/Files",
  "mt5_experts": "/Users/vahid/Library/Application Support/net.metaquotes.wine.metatrader5/drive_c/Program Files/MetaTrader 5/MQL5/Experts/Advisors/XAUUSD",
  "candidate_sources": [
    "/Users/vahid/Desktop/xauusd-trader/mt5/Unified_ObserverOnly_EA.mq5",
    "/Users/vahid/Library/Application Support/net.metaquotes.wine.metatrader5/drive_c/Program Files/MetaTrader 5/MQL5/Experts/Advisors/XAUUSD/Unified_ObserverOnly_EA.mq5",
    "/Users/vahid/Desktop/xauusd-trader/mt5/K06_ObserverOnly_EA.mq5",
    "/Users/vahid/Desktop/xauusd-trader/mt5/Portfolio_ObserverOnly_EA.mq5",
    "/Users/vahid/Desktop/xauusd-trader/mql5/Experts/XAUUSD_Stage124_ShadowObserverOnly.mq5",
    "/Users/vahid/Desktop/xauusd-trader/MQL5/Experts/XAUUSD_Stage124_ShadowObserverOnly.mq5"
  ],
  "selected_source": "/Users/vahid/Desktop/xauusd-trader/mt5/Unified_ObserverOnly_EA.mq5",
  "patch_source_requested": false,
  "write_mt5_ea_requested": false,
  "patch_result": {},
  "mt5_ea_written": "",
  "snapshot_utc": "2026-07-01T10:39:48Z",
  "rule_state_exists": true,
  "rule_state_fresh": true,
  "rule_state_age_sec": 9.66,
  "rule_state_mtime_utc": "2026-07-01T10:39:38Z",
  "kv_count": 32,
  "kv_format": "PIPE",
  "feature_date": "2026-06-26",
  "mode": "",
  "any_signal_active": "false",
  "selected_rule_id": "",
  "selected_label": "",
  "execution_allowed": "",
  "order_authorized": "",
  "rule_count": "",
  "active_rule_count": "0",
  "latest_rows": 7,
  "latest_active_rows": 0,
  "latest_active_rule_ids": "",
  "allow_trading": "",
  "order_send": "",
  "rule_state_kv": "/Users/vahid/Library/Application Support/net.metaquotes.wine.metatrader5/drive_c/Program Files/MetaTrader 5/MQL5/Files/xauusd_stage133_unified_observer_rule_state_kv.csv",
  "rule_state_latest_csv": "/Users/vahid/Library/Application Support/net.metaquotes.wine.metatrader5/drive_c/Program Files/MetaTrader 5/MQL5/Files/xauusd_stage133_unified_observer_rule_state_latest.csv",
  "rule_state_history_csv": "/Users/vahid/Library/Application Support/net.metaquotes.wine.metatrader5/drive_c/Program Files/MetaTrader 5/MQL5/Files/xauusd_stage133_unified_observer_rule_state_history.csv",
  "latest_snapshot_csv": "/Users/vahid/Desktop/xauusd-trader/reports/stage133_unified_observer_rule_state_telemetry_writer/stage133_latest_rule_state_telemetry_snapshot.csv",
  "history_snapshot_csv": "/Users/vahid/Desktop/xauusd-trader/data/forward_shadow_telemetry/stage133_rule_state_telemetry_snapshots.csv",
  "patch_audit_csv": "/Users/vahid/Desktop/xauusd-trader/reports/stage133_unified_observer_rule_state_telemetry_writer/stage133_patch_audit.csv",
  "status_kv_repo": "/Users/vahid/Desktop/xauusd-trader/data/forward_shadow_telemetry/stage133_rule_state_telemetry_status_kv.csv",
  "status_kv_report": "/Users/vahid/Desktop/xauusd-trader/reports/stage133_unified_observer_rule_state_telemetry_writer/stage133_rule_state_telemetry_status_kv.csv",
  "mt5_status_kv_written": true,
  "mt5_status_kv": "/Users/vahid/Library/Application Support/net.metaquotes.wine.metatrader5/drive_c/Program Files/MetaTrader 5/MQL5/Files/xauusd_stage133_rule_state_telemetry_status_kv.csv",
  "governance_no_order_manifest": "/Users/vahid/Desktop/xauusd-trader/reports/stage133_unified_observer_rule_state_telemetry_writer/stage133_governance_no_order_manifest.csv",
  "summary_json": "/Users/vahid/Desktop/xauusd-trader/reports/stage133_unified_observer_rule_state_telemetry_writer/stage133_unified_observer_rule_state_telemetry_writer_summary.json",
  "report_md": "/Users/vahid/Desktop/xauusd-trader/reports/stage133_unified_observer_rule_state_telemetry_writer/stage133_unified_observer_rule_state_telemetry_writer_report.md",
  "next": [
    "Compile the patched Unified Observer EA in MetaEditor and reload/reattach it on XAUUSD,H1.",
    "After one to two minutes, run Stage133 without --patch-source to confirm fresh rule-state telemetry.",
    "If rule-state telemetry is fresh, collect market-open snapshots; do not promote from telemetry alone."
  ]
}
{
  "stage": "Stage133_UNIFIED_OBSERVER_RULE_STATE_TELEMETRY_WRITER",
  "generated_utc": "2026-07-01T10:58:07Z",
  "status": "RULE_STATE_TELEMETRY_ALIVE_NO_ORDER",
  "decision": "STAGE133_RULE_STATE_TELEMETRY_CONFIRMED_NO_ORDER",
  "classification": "UNIFIED_OBSERVER_RULE_STATE_TELEMETRY_NO_ORDER",
  "hard_blocks": [
    "NO_AUTOMATED_ORDER",
    "NO_PAPER_ORDER",
    "NO_BROKER_CONNECTION",
    "NO_TRADE_REQUEST_FROM_STAGE133",
    "NO_ORDER_SEND_ADDED",
    "NO_TRADE_CLASS_ADDED",
    "NO_TRADING_LOGIC_CHANGE",
    "NO_SIGNAL_RULE_CHANGE",
    "NO_SELECTED_RULE_CHANGE",
    "NO_INDICATOR_UI_CHANGE_FROM_STAGE133",
    "NO_PAPER_LIVE",
    "NO_LIVE"
  ],
  "root": "/Users/vahid/Desktop/xauusd-trader",
  "mt5_files": "/Users/vahid/Library/Application Support/net.metaquotes.wine.metatrader5/drive_c/Program Files/MetaTrader 5/MQL5/Files",
  "mt5_experts": "/Users/vahid/Library/Application Support/net.metaquotes.wine.metatrader5/drive_c/Program Files/MetaTrader 5/MQL5/Experts/Advisors/XAUUSD",
  "candidate_sources": [
    "/Users/vahid/Desktop/xauusd-trader/mt5/Unified_ObserverOnly_EA.mq5",
    "/Users/vahid/Library/Application Support/net.metaquotes.wine.metatrader5/drive_c/Program Files/MetaTrader 5/MQL5/Experts/Advisors/XAUUSD/Unified_ObserverOnly_EA.mq5",
    "/Users/vahid/Desktop/xauusd-trader/mt5/K06_ObserverOnly_EA.mq5",
    "/Users/vahid/Desktop/xauusd-trader/mt5/Portfolio_ObserverOnly_EA.mq5",
    "/Users/vahid/Desktop/xauusd-trader/mql5/Experts/XAUUSD_Stage124_ShadowObserverOnly.mq5",
    "/Users/vahid/Desktop/xauusd-trader/MQL5/Experts/XAUUSD_Stage124_ShadowObserverOnly.mq5"
  ],
  "selected_source": "/Users/vahid/Desktop/xauusd-trader/mt5/Unified_ObserverOnly_EA.mq5",
  "patch_source_requested": false,
  "write_mt5_ea_requested": false,
  "patch_result": {},
  "mt5_ea_written": "",
  "snapshot_utc": "2026-07-01T10:58:10Z",
  "rule_state_exists": true,
  "rule_state_fresh": true,
  "rule_state_age_sec": 8.65,
  "rule_state_mtime_utc": "2026-07-01T10:58:01Z",
  "kv_count": 23,
  "kv_format": "PIPE",
  "feature_date": "2026-06-26",
  "mode": "OBSERVER_ONLY_NO_TRADE",
  "any_signal_active": "false",
  "selected_rule_id": "",
  "selected_label": "",
  "execution_allowed": "false",
  "order_authorized": "false",
  "rule_count": "7",
  "active_rule_count": "0",
  "latest_rows": 7,
  "latest_active_rows": 0,
  "latest_active_rule_ids": "",
  "allow_trading": "false",
  "order_send": "false",
  "rule_state_kv": "/Users/vahid/Library/Application Support/net.metaquotes.wine.metatrader5/drive_c/Program Files/MetaTrader 5/MQL5/Files/xauusd_stage133_unified_observer_rule_state_kv.csv",
  "rule_state_latest_csv": "/Users/vahid/Library/Application Support/net.metaquotes.wine.metatrader5/drive_c/Program Files/MetaTrader 5/MQL5/Files/xauusd_stage133_unified_observer_rule_state_latest.csv",
  "rule_state_history_csv": "/Users/vahid/Library/Application Support/net.metaquotes.wine.metatrader5/drive_c/Program Files/MetaTrader 5/MQL5/Files/xauusd_stage133_unified_observer_rule_state_history.csv",
  "latest_snapshot_csv": "/Users/vahid/Desktop/xauusd-trader/reports/stage133_unified_observer_rule_state_telemetry_writer/stage133_latest_rule_state_telemetry_snapshot.csv",
  "history_snapshot_csv": "/Users/vahid/Desktop/xauusd-trader/data/forward_shadow_telemetry/stage133_rule_state_telemetry_snapshots.csv",
  "patch_audit_csv": "/Users/vahid/Desktop/xauusd-trader/reports/stage133_unified_observer_rule_state_telemetry_writer/stage133_patch_audit.csv",
  "status_kv_repo": "/Users/vahid/Desktop/xauusd-trader/data/forward_shadow_telemetry/stage133_rule_state_telemetry_status_kv.csv",
  "status_kv_report": "/Users/vahid/Desktop/xauusd-trader/reports/stage133_unified_observer_rule_state_telemetry_writer/stage133_rule_state_telemetry_status_kv.csv",
  "mt5_status_kv_written": true,
  "mt5_status_kv": "/Users/vahid/Library/Application Support/net.metaquotes.wine.metatrader5/drive_c/Program Files/MetaTrader 5/MQL5/Files/xauusd_stage133_rule_state_telemetry_status_kv.csv",
  "governance_no_order_manifest": "/Users/vahid/Desktop/xauusd-trader/reports/stage133_unified_observer_rule_state_telemetry_writer/stage133_governance_no_order_manifest.csv",
  "summary_json": "/Users/vahid/Desktop/xauusd-trader/reports/stage133_unified_observer_rule_state_telemetry_writer/stage133_unified_observer_rule_state_telemetry_writer_summary.json",
  "report_md": "/Users/vahid/Desktop/xauusd-trader/reports/stage133_unified_observer_rule_state_telemetry_writer/stage133_unified_observer_rule_state_telemetry_writer_report.md",
  "next": [
    "Compile the patched Unified Observer EA in MetaEditor and reload/reattach it on XAUUSD,H1.",
    "After one to two minutes, run Stage133 without --patch-source to confirm fresh rule-state telemetry.",
    "If rule-state telemetry is fresh, collect market-open snapshots; do not promote from telemetry alone."
  ]
}
{
  "stage": "Stage133_UNIFIED_OBSERVER_RULE_STATE_TELEMETRY_WRITER",
  "generated_utc": "2026-07-01T11:08:12Z",
  "status": "RULE_STATE_TELEMETRY_ALIVE_NO_ORDER",
  "decision": "STAGE133_RULE_STATE_TELEMETRY_CONFIRMED_NO_ORDER",
  "classification": "UNIFIED_OBSERVER_RULE_STATE_TELEMETRY_NO_ORDER",
  "hard_blocks": [
    "NO_AUTOMATED_ORDER",
    "NO_PAPER_ORDER",
    "NO_BROKER_CONNECTION",
    "NO_TRADE_REQUEST_FROM_STAGE133",
    "NO_ORDER_SEND_ADDED",
    "NO_TRADE_CLASS_ADDED",
    "NO_TRADING_LOGIC_CHANGE",
    "NO_SIGNAL_RULE_CHANGE",
    "NO_SELECTED_RULE_CHANGE",
    "NO_INDICATOR_UI_CHANGE_FROM_STAGE133",
    "NO_PAPER_LIVE",
    "NO_LIVE"
  ],
  "root": "/Users/vahid/Desktop/xauusd-trader",
  "mt5_files": "/Users/vahid/Library/Application Support/net.metaquotes.wine.metatrader5/drive_c/Program Files/MetaTrader 5/MQL5/Files",
  "mt5_experts": "/Users/vahid/Library/Application Support/net.metaquotes.wine.metatrader5/drive_c/Program Files/MetaTrader 5/MQL5/Experts/Advisors/XAUUSD",
  "candidate_sources": [
    "/Users/vahid/Desktop/xauusd-trader/mt5/Unified_ObserverOnly_EA.mq5",
    "/Users/vahid/Library/Application Support/net.metaquotes.wine.metatrader5/drive_c/Program Files/MetaTrader 5/MQL5/Experts/Advisors/XAUUSD/Unified_ObserverOnly_EA.mq5",
    "/Users/vahid/Desktop/xauusd-trader/mt5/K06_ObserverOnly_EA.mq5",
    "/Users/vahid/Desktop/xauusd-trader/mt5/Portfolio_ObserverOnly_EA.mq5",
    "/Users/vahid/Desktop/xauusd-trader/mql5/Experts/XAUUSD_Stage124_ShadowObserverOnly.mq5",
    "/Users/vahid/Desktop/xauusd-trader/MQL5/Experts/XAUUSD_Stage124_ShadowObserverOnly.mq5"
  ],
  "selected_source": "/Users/vahid/Desktop/xauusd-trader/mt5/Unified_ObserverOnly_EA.mq5",
  "patch_source_requested": false,
  "write_mt5_ea_requested": false,
  "patch_result": {},
  "mt5_ea_written": "",
  "snapshot_utc": "2026-07-01T11:08:13Z",
  "rule_state_exists": true,
  "rule_state_fresh": true,
  "rule_state_age_sec": 11.91,
  "rule_state_mtime_utc": "2026-07-01T11:08:01Z",
  "kv_count": 23,
  "kv_format": "PIPE",
  "feature_date": "2026-06-26",
  "mode": "OBSERVER_ONLY_NO_TRADE",
  "any_signal_active": "false",
  "selected_rule_id": "",
  "selected_label": "",
  "execution_allowed": "false",
  "order_authorized": "false",
  "rule_count": "7",
  "active_rule_count": "0",
  "latest_rows": 7,
  "latest_active_rows": 0,
  "latest_active_rule_ids": "",
  "allow_trading": "false",
  "order_send": "false",
  "rule_state_kv": "/Users/vahid/Library/Application Support/net.metaquotes.wine.metatrader5/drive_c/Program Files/MetaTrader 5/MQL5/Files/xauusd_stage133_unified_observer_rule_state_kv.csv",
  "rule_state_latest_csv": "/Users/vahid/Library/Application Support/net.metaquotes.wine.metatrader5/drive_c/Program Files/MetaTrader 5/MQL5/Files/xauusd_stage133_unified_observer_rule_state_latest.csv",
  "rule_state_history_csv": "/Users/vahid/Library/Application Support/net.metaquotes.wine.metatrader5/drive_c/Program Files/MetaTrader 5/MQL5/Files/xauusd_stage133_unified_observer_rule_state_history.csv",
  "latest_snapshot_csv": "/Users/vahid/Desktop/xauusd-trader/reports/stage133_unified_observer_rule_state_telemetry_writer/stage133_latest_rule_state_telemetry_snapshot.csv",
  "history_snapshot_csv": "/Users/vahid/Desktop/xauusd-trader/data/forward_shadow_telemetry/stage133_rule_state_telemetry_snapshots.csv",
  "patch_audit_csv": "/Users/vahid/Desktop/xauusd-trader/reports/stage133_unified_observer_rule_state_telemetry_writer/stage133_patch_audit.csv",
  "status_kv_repo": "/Users/vahid/Desktop/xauusd-trader/data/forward_shadow_telemetry/stage133_rule_state_telemetry_status_kv.csv",
  "status_kv_report": "/Users/vahid/Desktop/xauusd-trader/reports/stage133_unified_observer_rule_state_telemetry_writer/stage133_rule_state_telemetry_status_kv.csv",
  "mt5_status_kv_written": true,
  "mt5_status_kv": "/Users/vahid/Library/Application Support/net.metaquotes.wine.metatrader5/drive_c/Program Files/MetaTrader 5/MQL5/Files/xauusd_stage133_rule_state_telemetry_status_kv.csv",
  "governance_no_order_manifest": "/Users/vahid/Desktop/xauusd-trader/reports/stage133_unified_observer_rule_state_telemetry_writer/stage133_governance_no_order_manifest.csv",
  "summary_json": "/Users/vahid/Desktop/xauusd-trader/reports/stage133_unified_observer_rule_state_telemetry_writer/stage133_unified_observer_rule_state_telemetry_writer_summary.json",
  "report_md": "/Users/vahid/Desktop/xauusd-trader/reports/stage133_unified_observer_rule_state_telemetry_writer/stage133_unified_observer_rule_state_telemetry_writer_report.md",
  "next": [
    "Compile the patched Unified Observer EA in MetaEditor and reload/reattach it on XAUUSD,H1.",
    "After one to two minutes, run Stage133 without --patch-source to confirm fresh rule-state telemetry.",
    "If rule-state telemetry is fresh, collect market-open snapshots; do not promote from telemetry alone."
  ]
}
{
  "stage": "Stage133_UNIFIED_OBSERVER_RULE_STATE_TELEMETRY_WRITER",
  "generated_utc": "2026-07-01T11:18:14Z",
  "status": "DEMO_EXECUTOR_RUNTIME_ALIVE",
  "decision": "STAGE133_RULE_STATE_TELEMETRY_CONFIRMED_NO_ORDER",
  "classification": "UNIFIED_OBSERVER_RULE_STATE_TELEMETRY_NO_ORDER",
  "hard_blocks": [
    "NO_AUTOMATED_ORDER",
    "NO_PAPER_ORDER",
    "NO_BROKER_CONNECTION",
    "NO_TRADE_REQUEST_FROM_STAGE133",
    "NO_ORDER_SEND_ADDED",
    "NO_TRADE_CLASS_ADDED",
    "NO_TRADING_LOGIC_CHANGE",
    "NO_SIGNAL_RULE_CHANGE",
    "NO_SELECTED_RULE_CHANGE",
    "NO_INDICATOR_UI_CHANGE_FROM_STAGE133",
    "NO_PAPER_LIVE",
    "NO_LIVE"
  ],
  "root": "/Users/vahid/Desktop/xauusd-trader",
  "mt5_files": "/Users/vahid/Library/Application Support/net.metaquotes.wine.metatrader5/drive_c/Program Files/MetaTrader 5/MQL5/Files",
  "mt5_experts": "/Users/vahid/Library/Application Support/net.metaquotes.wine.metatrader5/drive_c/Program Files/MetaTrader 5/MQL5/Experts/Advisors/XAUUSD",
  "candidate_sources": [
    "/Users/vahid/Desktop/xauusd-trader/mt5/Unified_ObserverOnly_EA.mq5",
    "/Users/vahid/Library/Application Support/net.metaquotes.wine.metatrader5/drive_c/Program Files/MetaTrader 5/MQL5/Experts/Advisors/XAUUSD/Unified_ObserverOnly_EA.mq5",
    "/Users/vahid/Desktop/xauusd-trader/mt5/K06_ObserverOnly_EA.mq5",
    "/Users/vahid/Desktop/xauusd-trader/mt5/Portfolio_ObserverOnly_EA.mq5",
    "/Users/vahid/Desktop/xauusd-trader/mql5/Experts/XAUUSD_Stage124_ShadowObserverOnly.mq5",
    "/Users/vahid/Desktop/xauusd-trader/MQL5/Experts/XAUUSD_Stage124_ShadowObserverOnly.mq5"
  ],
  "selected_source": "/Users/vahid/Desktop/xauusd-trader/mt5/Unified_ObserverOnly_EA.mq5",
  "patch_source_requested": false,
  "write_mt5_ea_requested": false,
  "patch_result": {},
  "mt5_ea_written": "",
  "snapshot_utc": "2026-07-01T11:18:15Z",
  "rule_state_exists": true,
  "rule_state_fresh": true,
  "rule_state_age_sec": 1.12,
  "rule_state_mtime_utc": "2026-07-01T11:18:14Z",
  "kv_count": 32,
  "kv_format": "PIPE",
  "feature_date": "2026-07-01T11:00:00Z",
  "mode": "",
  "any_signal_active": "true",
  "selected_rule_id": "D138C_trend_20_50_bps_LEQ35__range_pos_24_LEQ35",
  "selected_label": "",
  "execution_allowed": "",
  "order_authorized": "",
  "rule_count": "",
  "active_rule_count": "1",
  "latest_rows": 7,
  "latest_active_rows": 0,
  "latest_active_rule_ids": "",
  "allow_trading": "",
  "order_send": "",
  "rule_state_kv": "/Users/vahid/Library/Application Support/net.metaquotes.wine.metatrader5/drive_c/Program Files/MetaTrader 5/MQL5/Files/xauusd_stage133_unified_observer_rule_state_kv.csv",
  "rule_state_latest_csv": "/Users/vahid/Library/Application Support/net.metaquotes.wine.metatrader5/drive_c/Program Files/MetaTrader 5/MQL5/Files/xauusd_stage133_unified_observer_rule_state_latest.csv",
  "rule_state_history_csv": "/Users/vahid/Library/Application Support/net.metaquotes.wine.metatrader5/drive_c/Program Files/MetaTrader 5/MQL5/Files/xauusd_stage133_unified_observer_rule_state_history.csv",
  "latest_snapshot_csv": "/Users/vahid/Desktop/xauusd-trader/reports/stage133_unified_observer_rule_state_telemetry_writer/stage133_latest_rule_state_telemetry_snapshot.csv",
  "history_snapshot_csv": "/Users/vahid/Desktop/xauusd-trader/data/forward_shadow_telemetry/stage133_rule_state_telemetry_snapshots.csv",
  "patch_audit_csv": "/Users/vahid/Desktop/xauusd-trader/reports/stage133_unified_observer_rule_state_telemetry_writer/stage133_patch_audit.csv",
  "status_kv_repo": "/Users/vahid/Desktop/xauusd-trader/data/forward_shadow_telemetry/stage133_rule_state_telemetry_status_kv.csv",
  "status_kv_report": "/Users/vahid/Desktop/xauusd-trader/reports/stage133_unified_observer_rule_state_telemetry_writer/stage133_rule_state_telemetry_status_kv.csv",
  "mt5_status_kv_written": true,
  "mt5_status_kv": "/Users/vahid/Library/Application Support/net.metaquotes.wine.metatrader5/drive_c/Program Files/MetaTrader 5/MQL5/Files/xauusd_stage133_rule_state_telemetry_status_kv.csv",
  "governance_no_order_manifest": "/Users/vahid/Desktop/xauusd-trader/reports/stage133_unified_observer_rule_state_telemetry_writer/stage133_governance_no_order_manifest.csv",
  "summary_json": "/Users/vahid/Desktop/xauusd-trader/reports/stage133_unified_observer_rule_state_telemetry_writer/stage133_unified_observer_rule_state_telemetry_writer_summary.json",
  "report_md": "/Users/vahid/Desktop/xauusd-trader/reports/stage133_unified_observer_rule_state_telemetry_writer/stage133_unified_observer_rule_state_telemetry_writer_report.md",
  "next": [
    "Compile the patched Unified Observer EA in MetaEditor and reload/reattach it on XAUUSD,H1.",
    "After one to two minutes, run Stage133 without --patch-source to confirm fresh rule-state telemetry.",
    "If rule-state telemetry is fresh, collect market-open snapshots; do not promote from telemetry alone."
  ]
}
{
  "stage": "Stage133_UNIFIED_OBSERVER_RULE_STATE_TELEMETRY_WRITER",
  "generated_utc": "2026-07-01T11:28:16Z",
  "status": "DEMO_EXECUTOR_RUNTIME_ALIVE",
  "decision": "STAGE133_RULE_STATE_TELEMETRY_CONFIRMED_NO_ORDER",
  "classification": "UNIFIED_OBSERVER_RULE_STATE_TELEMETRY_NO_ORDER",
  "hard_blocks": [
    "NO_AUTOMATED_ORDER",
    "NO_PAPER_ORDER",
    "NO_BROKER_CONNECTION",
    "NO_TRADE_REQUEST_FROM_STAGE133",
    "NO_ORDER_SEND_ADDED",
    "NO_TRADE_CLASS_ADDED",
    "NO_TRADING_LOGIC_CHANGE",
    "NO_SIGNAL_RULE_CHANGE",
    "NO_SELECTED_RULE_CHANGE",
    "NO_INDICATOR_UI_CHANGE_FROM_STAGE133",
    "NO_PAPER_LIVE",
    "NO_LIVE"
  ],
  "root": "/Users/vahid/Desktop/xauusd-trader",
  "mt5_files": "/Users/vahid/Library/Application Support/net.metaquotes.wine.metatrader5/drive_c/Program Files/MetaTrader 5/MQL5/Files",
  "mt5_experts": "/Users/vahid/Library/Application Support/net.metaquotes.wine.metatrader5/drive_c/Program Files/MetaTrader 5/MQL5/Experts/Advisors/XAUUSD",
  "candidate_sources": [
    "/Users/vahid/Desktop/xauusd-trader/mt5/Unified_ObserverOnly_EA.mq5",
    "/Users/vahid/Library/Application Support/net.metaquotes.wine.metatrader5/drive_c/Program Files/MetaTrader 5/MQL5/Experts/Advisors/XAUUSD/Unified_ObserverOnly_EA.mq5",
    "/Users/vahid/Desktop/xauusd-trader/mt5/K06_ObserverOnly_EA.mq5",
    "/Users/vahid/Desktop/xauusd-trader/mt5/Portfolio_ObserverOnly_EA.mq5",
    "/Users/vahid/Desktop/xauusd-trader/mql5/Experts/XAUUSD_Stage124_ShadowObserverOnly.mq5",
    "/Users/vahid/Desktop/xauusd-trader/MQL5/Experts/XAUUSD_Stage124_ShadowObserverOnly.mq5"
  ],
  "selected_source": "/Users/vahid/Desktop/xauusd-trader/mt5/Unified_ObserverOnly_EA.mq5",
  "patch_source_requested": false,
  "write_mt5_ea_requested": false,
  "patch_result": {},
  "mt5_ea_written": "",
  "snapshot_utc": "2026-07-01T11:28:17Z",
  "rule_state_exists": true,
  "rule_state_fresh": true,
  "rule_state_age_sec": 3.29,
  "rule_state_mtime_utc": "2026-07-01T11:28:14Z",
  "kv_count": 32,
  "kv_format": "PIPE",
  "feature_date": "2026-07-01T11:00:00Z",
  "mode": "",
  "any_signal_active": "true",
  "selected_rule_id": "D138C_trend_20_50_bps_LEQ35__range_pos_24_LEQ35",
  "selected_label": "",
  "execution_allowed": "",
  "order_authorized": "",
  "rule_count": "",
  "active_rule_count": "1",
  "latest_rows": 7,
  "latest_active_rows": 0,
  "latest_active_rule_ids": "",
  "allow_trading": "",
  "order_send": "",
  "rule_state_kv": "/Users/vahid/Library/Application Support/net.metaquotes.wine.metatrader5/drive_c/Program Files/MetaTrader 5/MQL5/Files/xauusd_stage133_unified_observer_rule_state_kv.csv",
  "rule_state_latest_csv": "/Users/vahid/Library/Application Support/net.metaquotes.wine.metatrader5/drive_c/Program Files/MetaTrader 5/MQL5/Files/xauusd_stage133_unified_observer_rule_state_latest.csv",
  "rule_state_history_csv": "/Users/vahid/Library/Application Support/net.metaquotes.wine.metatrader5/drive_c/Program Files/MetaTrader 5/MQL5/Files/xauusd_stage133_unified_observer_rule_state_history.csv",
  "latest_snapshot_csv": "/Users/vahid/Desktop/xauusd-trader/reports/stage133_unified_observer_rule_state_telemetry_writer/stage133_latest_rule_state_telemetry_snapshot.csv",
  "history_snapshot_csv": "/Users/vahid/Desktop/xauusd-trader/data/forward_shadow_telemetry/stage133_rule_state_telemetry_snapshots.csv",
  "patch_audit_csv": "/Users/vahid/Desktop/xauusd-trader/reports/stage133_unified_observer_rule_state_telemetry_writer/stage133_patch_audit.csv",
  "status_kv_repo": "/Users/vahid/Desktop/xauusd-trader/data/forward_shadow_telemetry/stage133_rule_state_telemetry_status_kv.csv",
  "status_kv_report": "/Users/vahid/Desktop/xauusd-trader/reports/stage133_unified_observer_rule_state_telemetry_writer/stage133_rule_state_telemetry_status_kv.csv",
  "mt5_status_kv_written": true,
  "mt5_status_kv": "/Users/vahid/Library/Application Support/net.metaquotes.wine.metatrader5/drive_c/Program Files/MetaTrader 5/MQL5/Files/xauusd_stage133_rule_state_telemetry_status_kv.csv",
  "governance_no_order_manifest": "/Users/vahid/Desktop/xauusd-trader/reports/stage133_unified_observer_rule_state_telemetry_writer/stage133_governance_no_order_manifest.csv",
  "summary_json": "/Users/vahid/Desktop/xauusd-trader/reports/stage133_unified_observer_rule_state_telemetry_writer/stage133_unified_observer_rule_state_telemetry_writer_summary.json",
  "report_md": "/Users/vahid/Desktop/xauusd-trader/reports/stage133_unified_observer_rule_state_telemetry_writer/stage133_unified_observer_rule_state_telemetry_writer_report.md",
  "next": [
    "Compile the patched Unified Observer EA in MetaEditor and reload/reattach it on XAUUSD,H1.",
    "After one to two minutes, run Stage133 without --patch-source to confirm fresh rule-state telemetry.",
    "If rule-state telemetry is fresh, collect market-open snapshots; do not promote from telemetry alone."
  ]
}
{
  "stage": "Stage133_UNIFIED_OBSERVER_RULE_STATE_TELEMETRY_WRITER",
  "generated_utc": "2026-07-01T11:44:33Z",
  "status": "DEMO_EXECUTOR_RUNTIME_ALIVE",
  "decision": "STAGE133_RULE_STATE_TELEMETRY_CONFIRMED_NO_ORDER",
  "classification": "UNIFIED_OBSERVER_RULE_STATE_TELEMETRY_NO_ORDER",
  "hard_blocks": [
    "NO_AUTOMATED_ORDER",
    "NO_PAPER_ORDER",
    "NO_BROKER_CONNECTION",
    "NO_TRADE_REQUEST_FROM_STAGE133",
    "NO_ORDER_SEND_ADDED",
    "NO_TRADE_CLASS_ADDED",
    "NO_TRADING_LOGIC_CHANGE",
    "NO_SIGNAL_RULE_CHANGE",
    "NO_SELECTED_RULE_CHANGE",
    "NO_INDICATOR_UI_CHANGE_FROM_STAGE133",
    "NO_PAPER_LIVE",
    "NO_LIVE"
  ],
  "root": "/Users/vahid/Desktop/xauusd-trader",
  "mt5_files": "/Users/vahid/Library/Application Support/net.metaquotes.wine.metatrader5/drive_c/Program Files/MetaTrader 5/MQL5/Files",
  "mt5_experts": "/Users/vahid/Library/Application Support/net.metaquotes.wine.metatrader5/drive_c/Program Files/MetaTrader 5/MQL5/Experts/Advisors/XAUUSD",
  "candidate_sources": [
    "/Users/vahid/Desktop/xauusd-trader/mt5/Unified_ObserverOnly_EA.mq5",
    "/Users/vahid/Library/Application Support/net.metaquotes.wine.metatrader5/drive_c/Program Files/MetaTrader 5/MQL5/Experts/Advisors/XAUUSD/Unified_ObserverOnly_EA.mq5",
    "/Users/vahid/Desktop/xauusd-trader/mt5/K06_ObserverOnly_EA.mq5",
    "/Users/vahid/Desktop/xauusd-trader/mt5/Portfolio_ObserverOnly_EA.mq5",
    "/Users/vahid/Desktop/xauusd-trader/mql5/Experts/XAUUSD_Stage124_ShadowObserverOnly.mq5",
    "/Users/vahid/Desktop/xauusd-trader/MQL5/Experts/XAUUSD_Stage124_ShadowObserverOnly.mq5"
  ],
  "selected_source": "/Users/vahid/Desktop/xauusd-trader/mt5/Unified_ObserverOnly_EA.mq5",
  "patch_source_requested": false,
  "write_mt5_ea_requested": false,
  "patch_result": {},
  "mt5_ea_written": "",
  "snapshot_utc": "2026-07-01T11:44:35Z",
  "rule_state_exists": true,
  "rule_state_fresh": true,
  "rule_state_age_sec": 11.99,
  "rule_state_mtime_utc": "2026-07-01T11:44:23Z",
  "kv_count": 32,
  "kv_format": "PIPE",
  "feature_date": "2026-07-01T11:00:00Z",
  "mode": "",
  "any_signal_active": "true",
  "selected_rule_id": "D138C_trend_20_50_bps_LEQ35__range_pos_24_LEQ35",
  "selected_label": "",
  "execution_allowed": "",
  "order_authorized": "",
  "rule_count": "",
  "active_rule_count": "1",
  "latest_rows": 7,
  "latest_active_rows": 0,
  "latest_active_rule_ids": "",
  "allow_trading": "",
  "order_send": "",
  "rule_state_kv": "/Users/vahid/Library/Application Support/net.metaquotes.wine.metatrader5/drive_c/Program Files/MetaTrader 5/MQL5/Files/xauusd_stage133_unified_observer_rule_state_kv.csv",
  "rule_state_latest_csv": "/Users/vahid/Library/Application Support/net.metaquotes.wine.metatrader5/drive_c/Program Files/MetaTrader 5/MQL5/Files/xauusd_stage133_unified_observer_rule_state_latest.csv",
  "rule_state_history_csv": "/Users/vahid/Library/Application Support/net.metaquotes.wine.metatrader5/drive_c/Program Files/MetaTrader 5/MQL5/Files/xauusd_stage133_unified_observer_rule_state_history.csv",
  "latest_snapshot_csv": "/Users/vahid/Desktop/xauusd-trader/reports/stage133_unified_observer_rule_state_telemetry_writer/stage133_latest_rule_state_telemetry_snapshot.csv",
  "history_snapshot_csv": "/Users/vahid/Desktop/xauusd-trader/data/forward_shadow_telemetry/stage133_rule_state_telemetry_snapshots.csv",
  "patch_audit_csv": "/Users/vahid/Desktop/xauusd-trader/reports/stage133_unified_observer_rule_state_telemetry_writer/stage133_patch_audit.csv",
  "status_kv_repo": "/Users/vahid/Desktop/xauusd-trader/data/forward_shadow_telemetry/stage133_rule_state_telemetry_status_kv.csv",
  "status_kv_report": "/Users/vahid/Desktop/xauusd-trader/reports/stage133_unified_observer_rule_state_telemetry_writer/stage133_rule_state_telemetry_status_kv.csv",
  "mt5_status_kv_written": true,
  "mt5_status_kv": "/Users/vahid/Library/Application Support/net.metaquotes.wine.metatrader5/drive_c/Program Files/MetaTrader 5/MQL5/Files/xauusd_stage133_rule_state_telemetry_status_kv.csv",
  "governance_no_order_manifest": "/Users/vahid/Desktop/xauusd-trader/reports/stage133_unified_observer_rule_state_telemetry_writer/stage133_governance_no_order_manifest.csv",
  "summary_json": "/Users/vahid/Desktop/xauusd-trader/reports/stage133_unified_observer_rule_state_telemetry_writer/stage133_unified_observer_rule_state_telemetry_writer_summary.json",
  "report_md": "/Users/vahid/Desktop/xauusd-trader/reports/stage133_unified_observer_rule_state_telemetry_writer/stage133_unified_observer_rule_state_telemetry_writer_report.md",
  "next": [
    "Compile the patched Unified Observer EA in MetaEditor and reload/reattach it on XAUUSD,H1.",
    "After one to two minutes, run Stage133 without --patch-source to confirm fresh rule-state telemetry.",
    "If rule-state telemetry is fresh, collect market-open snapshots; do not promote from telemetry alone."
  ]
}
{
  "stage": "Stage133_UNIFIED_OBSERVER_RULE_STATE_TELEMETRY_WRITER",
  "generated_utc": "2026-07-01T11:54:35Z",
  "status": "DEMO_EXECUTOR_RUNTIME_ALIVE",
  "decision": "STAGE133_RULE_STATE_TELEMETRY_CONFIRMED_NO_ORDER",
  "classification": "UNIFIED_OBSERVER_RULE_STATE_TELEMETRY_NO_ORDER",
  "hard_blocks": [
    "NO_AUTOMATED_ORDER",
    "NO_PAPER_ORDER",
    "NO_BROKER_CONNECTION",
    "NO_TRADE_REQUEST_FROM_STAGE133",
    "NO_ORDER_SEND_ADDED",
    "NO_TRADE_CLASS_ADDED",
    "NO_TRADING_LOGIC_CHANGE",
    "NO_SIGNAL_RULE_CHANGE",
    "NO_SELECTED_RULE_CHANGE",
    "NO_INDICATOR_UI_CHANGE_FROM_STAGE133",
    "NO_PAPER_LIVE",
    "NO_LIVE"
  ],
  "root": "/Users/vahid/Desktop/xauusd-trader",
  "mt5_files": "/Users/vahid/Library/Application Support/net.metaquotes.wine.metatrader5/drive_c/Program Files/MetaTrader 5/MQL5/Files",
  "mt5_experts": "/Users/vahid/Library/Application Support/net.metaquotes.wine.metatrader5/drive_c/Program Files/MetaTrader 5/MQL5/Experts/Advisors/XAUUSD",
  "candidate_sources": [
    "/Users/vahid/Desktop/xauusd-trader/mt5/Unified_ObserverOnly_EA.mq5",
    "/Users/vahid/Library/Application Support/net.metaquotes.wine.metatrader5/drive_c/Program Files/MetaTrader 5/MQL5/Experts/Advisors/XAUUSD/Unified_ObserverOnly_EA.mq5",
    "/Users/vahid/Desktop/xauusd-trader/mt5/K06_ObserverOnly_EA.mq5",
    "/Users/vahid/Desktop/xauusd-trader/mt5/Portfolio_ObserverOnly_EA.mq5",
    "/Users/vahid/Desktop/xauusd-trader/mql5/Experts/XAUUSD_Stage124_ShadowObserverOnly.mq5",
    "/Users/vahid/Desktop/xauusd-trader/MQL5/Experts/XAUUSD_Stage124_ShadowObserverOnly.mq5"
  ],
  "selected_source": "/Users/vahid/Desktop/xauusd-trader/mt5/Unified_ObserverOnly_EA.mq5",
  "patch_source_requested": false,
  "write_mt5_ea_requested": false,
  "patch_result": {},
  "mt5_ea_written": "",
  "snapshot_utc": "2026-07-01T11:54:36Z",
  "rule_state_exists": true,
  "rule_state_fresh": true,
  "rule_state_age_sec": 11.46,
  "rule_state_mtime_utc": "2026-07-01T11:54:25Z",
  "kv_count": 32,
  "kv_format": "PIPE",
  "feature_date": "2026-07-01T11:00:00Z",
  "mode": "",
  "any_signal_active": "true",
  "selected_rule_id": "D138C_trend_20_50_bps_LEQ35__range_pos_24_LEQ35",
  "selected_label": "",
  "execution_allowed": "",
  "order_authorized": "",
  "rule_count": "",
  "active_rule_count": "1",
  "latest_rows": 7,
  "latest_active_rows": 0,
  "latest_active_rule_ids": "",
  "allow_trading": "",
  "order_send": "",
  "rule_state_kv": "/Users/vahid/Library/Application Support/net.metaquotes.wine.metatrader5/drive_c/Program Files/MetaTrader 5/MQL5/Files/xauusd_stage133_unified_observer_rule_state_kv.csv",
  "rule_state_latest_csv": "/Users/vahid/Library/Application Support/net.metaquotes.wine.metatrader5/drive_c/Program Files/MetaTrader 5/MQL5/Files/xauusd_stage133_unified_observer_rule_state_latest.csv",
  "rule_state_history_csv": "/Users/vahid/Library/Application Support/net.metaquotes.wine.metatrader5/drive_c/Program Files/MetaTrader 5/MQL5/Files/xauusd_stage133_unified_observer_rule_state_history.csv",
  "latest_snapshot_csv": "/Users/vahid/Desktop/xauusd-trader/reports/stage133_unified_observer_rule_state_telemetry_writer/stage133_latest_rule_state_telemetry_snapshot.csv",
  "history_snapshot_csv": "/Users/vahid/Desktop/xauusd-trader/data/forward_shadow_telemetry/stage133_rule_state_telemetry_snapshots.csv",
  "patch_audit_csv": "/Users/vahid/Desktop/xauusd-trader/reports/stage133_unified_observer_rule_state_telemetry_writer/stage133_patch_audit.csv",
  "status_kv_repo": "/Users/vahid/Desktop/xauusd-trader/data/forward_shadow_telemetry/stage133_rule_state_telemetry_status_kv.csv",
  "status_kv_report": "/Users/vahid/Desktop/xauusd-trader/reports/stage133_unified_observer_rule_state_telemetry_writer/stage133_rule_state_telemetry_status_kv.csv",
  "mt5_status_kv_written": true,
  "mt5_status_kv": "/Users/vahid/Library/Application Support/net.metaquotes.wine.metatrader5/drive_c/Program Files/MetaTrader 5/MQL5/Files/xauusd_stage133_rule_state_telemetry_status_kv.csv",
  "governance_no_order_manifest": "/Users/vahid/Desktop/xauusd-trader/reports/stage133_unified_observer_rule_state_telemetry_writer/stage133_governance_no_order_manifest.csv",
  "summary_json": "/Users/vahid/Desktop/xauusd-trader/reports/stage133_unified_observer_rule_state_telemetry_writer/stage133_unified_observer_rule_state_telemetry_writer_summary.json",
  "report_md": "/Users/vahid/Desktop/xauusd-trader/reports/stage133_unified_observer_rule_state_telemetry_writer/stage133_unified_observer_rule_state_telemetry_writer_report.md",
  "next": [
    "Compile the patched Unified Observer EA in MetaEditor and reload/reattach it on XAUUSD,H1.",
    "After one to two minutes, run Stage133 without --patch-source to confirm fresh rule-state telemetry.",
    "If rule-state telemetry is fresh, collect market-open snapshots; do not promote from telemetry alone."
  ]
}
