{
  "stage": "Stage151_LOCKED_MTF_RULE_STATE_WRITER",
  "generated_utc": "2026-07-05T14:51:22Z",
  "status": "STAGE151_COMPLETE_LOCKED_MTF_RULE_STATE_READY",
  "decision": "STAGE151_LOCKED_RULE_ACTIVE_POINT_STAGE134_TO_STAGE151_FILE",
  "root": "/Users/vahid/Desktop/xauusd-trader",
  "bars_path": "/Users/vahid/Downloads/xauusd_fundamental_event_inbox/amarkets_xauusd_5m.csv",
  "source_summary": "/Users/vahid/Desktop/xauusd-trader/reports/stage150_mtf_separated_validation_discovery/m5/stage150_mtf_separated_validation_discovery_summary.json",
  "tf": "m5",
  "timeframe_minutes": 5,
  "raw_row_count": 318228,
  "bar_count": 318228,
  "bar_min_utc": "2022-01-03T01:00:00+00:00",
  "bar_max_utc": "2026-07-03T19:55:00+00:00",
  "feature_date": "2026-07-03T19:55:00Z",
  "selected_rule_id": "D150C_M5_trend_8_20_bps_GEQ65__trend_50_100_bps_GEQ35",
  "selected_label": "m5: trend_8_20_bps >= q65 AND trend_50_100_bps >= q35",
  "conditions": [
    {
      "feature": "trend_8_20_bps",
      "op": ">=",
      "threshold": 9.25846423904142,
      "current": 16.675227529356906
    },
    {
      "feature": "trend_50_100_bps",
      "op": ">=",
      "threshold": -14.337320822584214,
      "current": 126.82250520494654
    }
  ],
  "any_signal_active": true,
  "repo_kv": "/Users/vahid/Desktop/xauusd-trader/data/demo_execution/xauusd_stage151_m5_locked_rule_state_kv.csv",
  "repo_latest": "/Users/vahid/Desktop/xauusd-trader/data/demo_execution/xauusd_stage151_m5_locked_rule_state_latest.csv",
  "mt5_kv_written": true,
  "mt5_kv": "/Users/vahid/Library/Application Support/net.metaquotes.wine.metatrader5/drive_c/Program Files/MetaTrader 5/MQL5/Files/xauusd_stage151_m5_locked_rule_state_kv.csv",
  "mt5_latest": "/Users/vahid/Library/Application Support/net.metaquotes.wine.metatrader5/drive_c/Program Files/MetaTrader 5/MQL5/Files/xauusd_stage151_m5_locked_rule_state_latest.csv",
  "stage134_instruction": {
    "InpRuleStateKvFile": "xauusd_stage151_m5_locked_rule_state_kv.csv",
    "InpAllowedRules": "D150C_M5_trend_8_20_bps_GEQ65__trend_50_100_bps_GEQ35",
    "keep_InpEnableDemoOrders": "true only on demo account"
  },
  "summary_json": "/Users/vahid/Desktop/xauusd-trader/reports/stage151_locked_mtf_rule_state_writer/m5/stage151_locked_mtf_rule_state_writer_summary.json",
  "next": [
    "Use Stage151 for fast post-market-open refresh of a locked Stage150 MTF rule.",
    "Run full Stage150B scans offline only when changing or replacing the locked rule."
  ]
}
{
  "stage": "Stage151_LOCKED_MTF_RULE_STATE_WRITER",
  "generated_utc": "2026-07-05T14:56:52Z",
  "status": "STAGE151_COMPLETE_LOCKED_MTF_RULE_STATE_READY",
  "decision": "STAGE151_LOCKED_RULE_ACTIVE_POINT_STAGE134_TO_STAGE151_FILE",
  "root": "/Users/vahid/Desktop/xauusd-trader",
  "bars_path": "/Users/vahid/Downloads/xauusd_fundamental_event_inbox/amarkets_xauusd_5m.csv",
  "source_summary": "/Users/vahid/Desktop/xauusd-trader/reports/stage150_mtf_separated_validation_discovery/m5/stage150_mtf_separated_validation_discovery_summary.json",
  "tf": "m5",
  "timeframe_minutes": 5,
  "raw_row_count": 318228,
  "bar_count": 318228,
  "bar_min_utc": "2022-01-03T01:00:00+00:00",
  "bar_max_utc": "2026-07-03T19:55:00+00:00",
  "feature_date": "2026-07-03T19:55:00Z",
  "selected_rule_id": "D150C_M5_trend_8_20_bps_GEQ65__trend_50_100_bps_GEQ35",
  "selected_label": "m5: trend_8_20_bps >= q65 AND trend_50_100_bps >= q35",
  "conditions": [
    {
      "feature": "trend_8_20_bps",
      "op": ">=",
      "threshold": 9.25846423904142,
      "current": 16.675227529356906
    },
    {
      "feature": "trend_50_100_bps",
      "op": ">=",
      "threshold": -14.337320822584214,
      "current": 126.82250520494654
    }
  ],
  "any_signal_active": true,
  "repo_kv": "/Users/vahid/Desktop/xauusd-trader/data/demo_execution/xauusd_stage151_m5_locked_rule_state_kv.csv",
  "repo_latest": "/Users/vahid/Desktop/xauusd-trader/data/demo_execution/xauusd_stage151_m5_locked_rule_state_latest.csv",
  "mt5_kv_written": true,
  "mt5_kv": "/Users/vahid/Library/Application Support/net.metaquotes.wine.metatrader5/drive_c/Program Files/MetaTrader 5/MQL5/Files/xauusd_stage151_m5_locked_rule_state_kv.csv",
  "mt5_latest": "/Users/vahid/Library/Application Support/net.metaquotes.wine.metatrader5/drive_c/Program Files/MetaTrader 5/MQL5/Files/xauusd_stage151_m5_locked_rule_state_latest.csv",
  "stage134_instruction": {
    "InpRuleStateKvFile": "xauusd_stage151_m5_locked_rule_state_kv.csv",
    "InpAllowedRules": "D150C_M5_trend_8_20_bps_GEQ65__trend_50_100_bps_GEQ35",
    "keep_InpEnableDemoOrders": "true only on demo account"
  },
  "summary_json": "/Users/vahid/Desktop/xauusd-trader/reports/stage151_locked_mtf_rule_state_writer/m5/stage151_locked_mtf_rule_state_writer_summary.json",
  "next": [
    "Use Stage151 for fast post-market-open refresh of a locked Stage150 MTF rule.",
    "Run full Stage150B scans offline only when changing or replacing the locked rule."
  ]
}
{
  "stage": "Stage151_LOCKED_MTF_RULE_STATE_WRITER",
  "generated_utc": "2026-07-05T15:02:10Z",
  "status": "STAGE151_COMPLETE_LOCKED_MTF_RULE_STATE_READY",
  "decision": "STAGE151_LOCKED_RULE_ACTIVE_POINT_STAGE134_TO_STAGE151_FILE",
  "root": "/Users/vahid/Desktop/xauusd-trader",
  "bars_path": "/Users/vahid/Downloads/xauusd_fundamental_event_inbox/amarkets_xauusd_5m.csv",
  "source_summary": "/Users/vahid/Desktop/xauusd-trader/reports/stage150_mtf_separated_validation_discovery/m5/stage150_mtf_separated_validation_discovery_summary.json",
  "tf": "m5",
  "timeframe_minutes": 5,
  "raw_row_count": 318228,
  "bar_count": 318228,
  "bar_min_utc": "2022-01-03T01:00:00+00:00",
  "bar_max_utc": "2026-07-03T19:55:00+00:00",
  "feature_date": "2026-07-03T19:55:00Z",
  "selected_rule_id": "D150C_M5_trend_8_20_bps_GEQ65__trend_50_100_bps_GEQ35",
  "selected_label": "m5: trend_8_20_bps >= q65 AND trend_50_100_bps >= q35",
  "conditions": [
    {
      "feature": "trend_8_20_bps",
      "op": ">=",
      "threshold": 9.25846423904142,
      "current": 16.675227529356906
    },
    {
      "feature": "trend_50_100_bps",
      "op": ">=",
      "threshold": -14.337320822584214,
      "current": 126.82250520494654
    }
  ],
  "any_signal_active": true,
  "repo_kv": "/Users/vahid/Desktop/xauusd-trader/data/demo_execution/xauusd_stage151_m5_locked_rule_state_kv.csv",
  "repo_latest": "/Users/vahid/Desktop/xauusd-trader/data/demo_execution/xauusd_stage151_m5_locked_rule_state_latest.csv",
  "mt5_kv_written": true,
  "mt5_kv": "/Users/vahid/Library/Application Support/net.metaquotes.wine.metatrader5/drive_c/Program Files/MetaTrader 5/MQL5/Files/xauusd_stage151_m5_locked_rule_state_kv.csv",
  "mt5_latest": "/Users/vahid/Library/Application Support/net.metaquotes.wine.metatrader5/drive_c/Program Files/MetaTrader 5/MQL5/Files/xauusd_stage151_m5_locked_rule_state_latest.csv",
  "stage134_instruction": {
    "InpRuleStateKvFile": "xauusd_stage151_m5_locked_rule_state_kv.csv",
    "InpAllowedRules": "D150C_M5_trend_8_20_bps_GEQ65__trend_50_100_bps_GEQ35",
    "keep_InpEnableDemoOrders": "true only on demo account"
  },
  "summary_json": "/Users/vahid/Desktop/xauusd-trader/reports/stage151_locked_mtf_rule_state_writer/m5/stage151_locked_mtf_rule_state_writer_summary.json",
  "next": [
    "Use Stage151 for fast post-market-open refresh of a locked Stage150 MTF rule.",
    "Run full Stage150B scans offline only when changing or replacing the locked rule."
  ]
}
{
  "stage": "Stage151_LOCKED_MTF_RULE_STATE_WRITER",
  "generated_utc": "2026-07-05T15:09:06Z",
  "status": "STAGE151_COMPLETE_LOCKED_MTF_RULE_STATE_READY",
  "decision": "STAGE151_LOCKED_RULE_ACTIVE_POINT_STAGE134_TO_STAGE151_FILE",
  "root": "/Users/vahid/Desktop/xauusd-trader",
  "bars_path": "/Users/vahid/Downloads/xauusd_fundamental_event_inbox/amarkets_xauusd_5m.csv",
  "source_summary": "/Users/vahid/Desktop/xauusd-trader/reports/stage150_mtf_separated_validation_discovery/m5/stage150_mtf_separated_validation_discovery_summary.json",
  "tf": "m5",
  "timeframe_minutes": 5,
  "raw_row_count": 318228,
  "bar_count": 318228,
  "bar_min_utc": "2022-01-03T01:00:00+00:00",
  "bar_max_utc": "2026-07-03T19:55:00+00:00",
  "feature_date": "2026-07-03T19:55:00Z",
  "selected_rule_id": "D150C_M5_trend_8_20_bps_GEQ65__trend_50_100_bps_GEQ35",
  "selected_label": "m5: trend_8_20_bps >= q65 AND trend_50_100_bps >= q35",
  "conditions": [
    {
      "feature": "trend_8_20_bps",
      "op": ">=",
      "threshold": 9.25846423904142,
      "current": 16.675227529356906
    },
    {
      "feature": "trend_50_100_bps",
      "op": ">=",
      "threshold": -14.337320822584214,
      "current": 126.82250520494654
    }
  ],
  "any_signal_active": true,
  "repo_kv": "/Users/vahid/Desktop/xauusd-trader/data/demo_execution/xauusd_stage151_m5_locked_rule_state_kv.csv",
  "repo_latest": "/Users/vahid/Desktop/xauusd-trader/data/demo_execution/xauusd_stage151_m5_locked_rule_state_latest.csv",
  "mt5_kv_written": true,
  "mt5_kv": "/Users/vahid/Library/Application Support/net.metaquotes.wine.metatrader5/drive_c/Program Files/MetaTrader 5/MQL5/Files/xauusd_stage151_m5_locked_rule_state_kv.csv",
  "mt5_latest": "/Users/vahid/Library/Application Support/net.metaquotes.wine.metatrader5/drive_c/Program Files/MetaTrader 5/MQL5/Files/xauusd_stage151_m5_locked_rule_state_latest.csv",
  "stage134_instruction": {
    "InpRuleStateKvFile": "xauusd_stage151_m5_locked_rule_state_kv.csv",
    "InpAllowedRules": "D150C_M5_trend_8_20_bps_GEQ65__trend_50_100_bps_GEQ35",
    "keep_InpEnableDemoOrders": "true only on demo account"
  },
  "summary_json": "/Users/vahid/Desktop/xauusd-trader/reports/stage151_locked_mtf_rule_state_writer/m5/stage151_locked_mtf_rule_state_writer_summary.json",
  "next": [
    "Use Stage151 for fast post-market-open refresh of a locked Stage150 MTF rule.",
    "Run full Stage150B scans offline only when changing or replacing the locked rule."
  ]
}
{
  "stage": "Stage151_LOCKED_MTF_RULE_STATE_WRITER",
  "generated_utc": "2026-07-05T15:14:35Z",
  "status": "STAGE151_COMPLETE_LOCKED_MTF_RULE_STATE_READY",
  "decision": "STAGE151_LOCKED_RULE_ACTIVE_POINT_STAGE134_TO_STAGE151_FILE",
  "root": "/Users/vahid/Desktop/xauusd-trader",
  "bars_path": "/Users/vahid/Downloads/xauusd_fundamental_event_inbox/amarkets_xauusd_5m.csv",
  "source_summary": "/Users/vahid/Desktop/xauusd-trader/reports/stage150_mtf_separated_validation_discovery/m5/stage150_mtf_separated_validation_discovery_summary.json",
  "tf": "m5",
  "timeframe_minutes": 5,
  "raw_row_count": 318228,
  "bar_count": 318228,
  "bar_min_utc": "2022-01-03T01:00:00+00:00",
  "bar_max_utc": "2026-07-03T19:55:00+00:00",
  "feature_date": "2026-07-03T19:55:00Z",
  "selected_rule_id": "D150C_M5_trend_8_20_bps_GEQ65__trend_50_100_bps_GEQ35",
  "selected_label": "m5: trend_8_20_bps >= q65 AND trend_50_100_bps >= q35",
  "conditions": [
    {
      "feature": "trend_8_20_bps",
      "op": ">=",
      "threshold": 9.25846423904142,
      "current": 16.675227529356906
    },
    {
      "feature": "trend_50_100_bps",
      "op": ">=",
      "threshold": -14.337320822584214,
      "current": 126.82250520494654
    }
  ],
  "any_signal_active": true,
  "repo_kv": "/Users/vahid/Desktop/xauusd-trader/data/demo_execution/xauusd_stage151_m5_locked_rule_state_kv.csv",
  "repo_latest": "/Users/vahid/Desktop/xauusd-trader/data/demo_execution/xauusd_stage151_m5_locked_rule_state_latest.csv",
  "mt5_kv_written": true,
  "mt5_kv": "/Users/vahid/Library/Application Support/net.metaquotes.wine.metatrader5/drive_c/Program Files/MetaTrader 5/MQL5/Files/xauusd_stage151_m5_locked_rule_state_kv.csv",
  "mt5_latest": "/Users/vahid/Library/Application Support/net.metaquotes.wine.metatrader5/drive_c/Program Files/MetaTrader 5/MQL5/Files/xauusd_stage151_m5_locked_rule_state_latest.csv",
  "stage134_instruction": {
    "InpRuleStateKvFile": "xauusd_stage151_m5_locked_rule_state_kv.csv",
    "InpAllowedRules": "D150C_M5_trend_8_20_bps_GEQ65__trend_50_100_bps_GEQ35",
    "keep_InpEnableDemoOrders": "true only on demo account"
  },
  "summary_json": "/Users/vahid/Desktop/xauusd-trader/reports/stage151_locked_mtf_rule_state_writer/m5/stage151_locked_mtf_rule_state_writer_summary.json",
  "next": [
    "Use Stage151 for fast post-market-open refresh of a locked Stage150 MTF rule.",
    "Run full Stage150B scans offline only when changing or replacing the locked rule."
  ]
}
{
  "stage": "Stage151_LOCKED_MTF_RULE_STATE_WRITER",
  "generated_utc": "2026-07-05T15:19:51Z",
  "status": "STAGE151_COMPLETE_LOCKED_MTF_RULE_STATE_READY",
  "decision": "STAGE151_LOCKED_RULE_ACTIVE_POINT_STAGE134_TO_STAGE151_FILE",
  "root": "/Users/vahid/Desktop/xauusd-trader",
  "bars_path": "/Users/vahid/Downloads/xauusd_fundamental_event_inbox/amarkets_xauusd_5m.csv",
  "source_summary": "/Users/vahid/Desktop/xauusd-trader/reports/stage150_mtf_separated_validation_discovery/m5/stage150_mtf_separated_validation_discovery_summary.json",
  "tf": "m5",
  "timeframe_minutes": 5,
  "raw_row_count": 318228,
  "bar_count": 318228,
  "bar_min_utc": "2022-01-03T01:00:00+00:00",
  "bar_max_utc": "2026-07-03T19:55:00+00:00",
  "feature_date": "2026-07-03T19:55:00Z",
  "selected_rule_id": "D150C_M5_trend_8_20_bps_GEQ65__trend_50_100_bps_GEQ35",
  "selected_label": "m5: trend_8_20_bps >= q65 AND trend_50_100_bps >= q35",
  "conditions": [
    {
      "feature": "trend_8_20_bps",
      "op": ">=",
      "threshold": 9.25846423904142,
      "current": 16.675227529356906
    },
    {
      "feature": "trend_50_100_bps",
      "op": ">=",
      "threshold": -14.337320822584214,
      "current": 126.82250520494654
    }
  ],
  "any_signal_active": true,
  "repo_kv": "/Users/vahid/Desktop/xauusd-trader/data/demo_execution/xauusd_stage151_m5_locked_rule_state_kv.csv",
  "repo_latest": "/Users/vahid/Desktop/xauusd-trader/data/demo_execution/xauusd_stage151_m5_locked_rule_state_latest.csv",
  "mt5_kv_written": true,
  "mt5_kv": "/Users/vahid/Library/Application Support/net.metaquotes.wine.metatrader5/drive_c/Program Files/MetaTrader 5/MQL5/Files/xauusd_stage151_m5_locked_rule_state_kv.csv",
  "mt5_latest": "/Users/vahid/Library/Application Support/net.metaquotes.wine.metatrader5/drive_c/Program Files/MetaTrader 5/MQL5/Files/xauusd_stage151_m5_locked_rule_state_latest.csv",
  "stage134_instruction": {
    "InpRuleStateKvFile": "xauusd_stage151_m5_locked_rule_state_kv.csv",
    "InpAllowedRules": "D150C_M5_trend_8_20_bps_GEQ65__trend_50_100_bps_GEQ35",
    "keep_InpEnableDemoOrders": "true only on demo account"
  },
  "summary_json": "/Users/vahid/Desktop/xauusd-trader/reports/stage151_locked_mtf_rule_state_writer/m5/stage151_locked_mtf_rule_state_writer_summary.json",
  "next": [
    "Use Stage151 for fast post-market-open refresh of a locked Stage150 MTF rule.",
    "Run full Stage150B scans offline only when changing or replacing the locked rule."
  ]
}
{
  "stage": "Stage151_LOCKED_MTF_RULE_STATE_WRITER",
  "generated_utc": "2026-07-05T15:25:06Z",
  "status": "STAGE151_COMPLETE_LOCKED_MTF_RULE_STATE_READY",
  "decision": "STAGE151_LOCKED_RULE_ACTIVE_POINT_STAGE134_TO_STAGE151_FILE",
  "root": "/Users/vahid/Desktop/xauusd-trader",
  "bars_path": "/Users/vahid/Downloads/xauusd_fundamental_event_inbox/amarkets_xauusd_5m.csv",
  "source_summary": "/Users/vahid/Desktop/xauusd-trader/reports/stage150_mtf_separated_validation_discovery/m5/stage150_mtf_separated_validation_discovery_summary.json",
  "tf": "m5",
  "timeframe_minutes": 5,
  "raw_row_count": 318228,
  "bar_count": 318228,
  "bar_min_utc": "2022-01-03T01:00:00+00:00",
  "bar_max_utc": "2026-07-03T19:55:00+00:00",
  "feature_date": "2026-07-03T19:55:00Z",
  "selected_rule_id": "D150C_M5_trend_8_20_bps_GEQ65__trend_50_100_bps_GEQ35",
  "selected_label": "m5: trend_8_20_bps >= q65 AND trend_50_100_bps >= q35",
  "conditions": [
    {
      "feature": "trend_8_20_bps",
      "op": ">=",
      "threshold": 9.25846423904142,
      "current": 16.675227529356906
    },
    {
      "feature": "trend_50_100_bps",
      "op": ">=",
      "threshold": -14.337320822584214,
      "current": 126.82250520494654
    }
  ],
  "any_signal_active": true,
  "repo_kv": "/Users/vahid/Desktop/xauusd-trader/data/demo_execution/xauusd_stage151_m5_locked_rule_state_kv.csv",
  "repo_latest": "/Users/vahid/Desktop/xauusd-trader/data/demo_execution/xauusd_stage151_m5_locked_rule_state_latest.csv",
  "mt5_kv_written": true,
  "mt5_kv": "/Users/vahid/Library/Application Support/net.metaquotes.wine.metatrader5/drive_c/Program Files/MetaTrader 5/MQL5/Files/xauusd_stage151_m5_locked_rule_state_kv.csv",
  "mt5_latest": "/Users/vahid/Library/Application Support/net.metaquotes.wine.metatrader5/drive_c/Program Files/MetaTrader 5/MQL5/Files/xauusd_stage151_m5_locked_rule_state_latest.csv",
  "stage134_instruction": {
    "InpRuleStateKvFile": "xauusd_stage151_m5_locked_rule_state_kv.csv",
    "InpAllowedRules": "D150C_M5_trend_8_20_bps_GEQ65__trend_50_100_bps_GEQ35",
    "keep_InpEnableDemoOrders": "true only on demo account"
  },
  "summary_json": "/Users/vahid/Desktop/xauusd-trader/reports/stage151_locked_mtf_rule_state_writer/m5/stage151_locked_mtf_rule_state_writer_summary.json",
  "next": [
    "Use Stage151 for fast post-market-open refresh of a locked Stage150 MTF rule.",
    "Run full Stage150B scans offline only when changing or replacing the locked rule."
  ]
}
{
  "stage": "Stage151_LOCKED_MTF_RULE_STATE_WRITER",
  "generated_utc": "2026-07-05T15:30:26Z",
  "status": "STAGE151_COMPLETE_LOCKED_MTF_RULE_STATE_READY",
  "decision": "STAGE151_LOCKED_RULE_ACTIVE_POINT_STAGE134_TO_STAGE151_FILE",
  "root": "/Users/vahid/Desktop/xauusd-trader",
  "bars_path": "/Users/vahid/Downloads/xauusd_fundamental_event_inbox/amarkets_xauusd_5m.csv",
  "source_summary": "/Users/vahid/Desktop/xauusd-trader/reports/stage150_mtf_separated_validation_discovery/m5/stage150_mtf_separated_validation_discovery_summary.json",
  "tf": "m5",
  "timeframe_minutes": 5,
  "raw_row_count": 318228,
  "bar_count": 318228,
  "bar_min_utc": "2022-01-03T01:00:00+00:00",
  "bar_max_utc": "2026-07-03T19:55:00+00:00",
  "feature_date": "2026-07-03T19:55:00Z",
  "selected_rule_id": "D150C_M5_trend_8_20_bps_GEQ65__trend_50_100_bps_GEQ35",
  "selected_label": "m5: trend_8_20_bps >= q65 AND trend_50_100_bps >= q35",
  "conditions": [
    {
      "feature": "trend_8_20_bps",
      "op": ">=",
      "threshold": 9.25846423904142,
      "current": 16.675227529356906
    },
    {
      "feature": "trend_50_100_bps",
      "op": ">=",
      "threshold": -14.337320822584214,
      "current": 126.82250520494654
    }
  ],
  "any_signal_active": true,
  "repo_kv": "/Users/vahid/Desktop/xauusd-trader/data/demo_execution/xauusd_stage151_m5_locked_rule_state_kv.csv",
  "repo_latest": "/Users/vahid/Desktop/xauusd-trader/data/demo_execution/xauusd_stage151_m5_locked_rule_state_latest.csv",
  "mt5_kv_written": true,
  "mt5_kv": "/Users/vahid/Library/Application Support/net.metaquotes.wine.metatrader5/drive_c/Program Files/MetaTrader 5/MQL5/Files/xauusd_stage151_m5_locked_rule_state_kv.csv",
  "mt5_latest": "/Users/vahid/Library/Application Support/net.metaquotes.wine.metatrader5/drive_c/Program Files/MetaTrader 5/MQL5/Files/xauusd_stage151_m5_locked_rule_state_latest.csv",
  "stage134_instruction": {
    "InpRuleStateKvFile": "xauusd_stage151_m5_locked_rule_state_kv.csv",
    "InpAllowedRules": "D150C_M5_trend_8_20_bps_GEQ65__trend_50_100_bps_GEQ35",
    "keep_InpEnableDemoOrders": "true only on demo account"
  },
  "summary_json": "/Users/vahid/Desktop/xauusd-trader/reports/stage151_locked_mtf_rule_state_writer/m5/stage151_locked_mtf_rule_state_writer_summary.json",
  "next": [
    "Use Stage151 for fast post-market-open refresh of a locked Stage150 MTF rule.",
    "Run full Stage150B scans offline only when changing or replacing the locked rule."
  ]
}
{
  "stage": "Stage151_LOCKED_MTF_RULE_STATE_WRITER",
  "generated_utc": "2026-07-05T15:36:21Z",
  "status": "STAGE151_COMPLETE_LOCKED_MTF_RULE_STATE_READY",
  "decision": "STAGE151_LOCKED_RULE_ACTIVE_POINT_STAGE134_TO_STAGE151_FILE",
  "root": "/Users/vahid/Desktop/xauusd-trader",
  "bars_path": "/Users/vahid/Downloads/xauusd_fundamental_event_inbox/amarkets_xauusd_5m.csv",
  "source_summary": "/Users/vahid/Desktop/xauusd-trader/reports/stage150_mtf_separated_validation_discovery/m5/stage150_mtf_separated_validation_discovery_summary.json",
  "tf": "m5",
  "timeframe_minutes": 5,
  "raw_row_count": 318228,
  "bar_count": 318228,
  "bar_min_utc": "2022-01-03T01:00:00+00:00",
  "bar_max_utc": "2026-07-03T19:55:00+00:00",
  "feature_date": "2026-07-03T19:55:00Z",
  "selected_rule_id": "D150C_M5_trend_8_20_bps_GEQ65__trend_50_100_bps_GEQ35",
  "selected_label": "m5: trend_8_20_bps >= q65 AND trend_50_100_bps >= q35",
  "conditions": [
    {
      "feature": "trend_8_20_bps",
      "op": ">=",
      "threshold": 9.25846423904142,
      "current": 16.675227529356906
    },
    {
      "feature": "trend_50_100_bps",
      "op": ">=",
      "threshold": -14.337320822584214,
      "current": 126.82250520494654
    }
  ],
  "any_signal_active": true,
  "repo_kv": "/Users/vahid/Desktop/xauusd-trader/data/demo_execution/xauusd_stage151_m5_locked_rule_state_kv.csv",
  "repo_latest": "/Users/vahid/Desktop/xauusd-trader/data/demo_execution/xauusd_stage151_m5_locked_rule_state_latest.csv",
  "mt5_kv_written": true,
  "mt5_kv": "/Users/vahid/Library/Application Support/net.metaquotes.wine.metatrader5/drive_c/Program Files/MetaTrader 5/MQL5/Files/xauusd_stage151_m5_locked_rule_state_kv.csv",
  "mt5_latest": "/Users/vahid/Library/Application Support/net.metaquotes.wine.metatrader5/drive_c/Program Files/MetaTrader 5/MQL5/Files/xauusd_stage151_m5_locked_rule_state_latest.csv",
  "stage134_instruction": {
    "InpRuleStateKvFile": "xauusd_stage151_m5_locked_rule_state_kv.csv",
    "InpAllowedRules": "D150C_M5_trend_8_20_bps_GEQ65__trend_50_100_bps_GEQ35",
    "keep_InpEnableDemoOrders": "true only on demo account"
  },
  "summary_json": "/Users/vahid/Desktop/xauusd-trader/reports/stage151_locked_mtf_rule_state_writer/m5/stage151_locked_mtf_rule_state_writer_summary.json",
  "next": [
    "Use Stage151 for fast post-market-open refresh of a locked Stage150 MTF rule.",
    "Run full Stage150B scans offline only when changing or replacing the locked rule."
  ]
}
{
  "stage": "Stage151_LOCKED_MTF_RULE_STATE_WRITER",
  "generated_utc": "2026-07-05T15:41:39Z",
  "status": "STAGE151_COMPLETE_LOCKED_MTF_RULE_STATE_READY",
  "decision": "STAGE151_LOCKED_RULE_ACTIVE_POINT_STAGE134_TO_STAGE151_FILE",
  "root": "/Users/vahid/Desktop/xauusd-trader",
  "bars_path": "/Users/vahid/Downloads/xauusd_fundamental_event_inbox/amarkets_xauusd_5m.csv",
  "source_summary": "/Users/vahid/Desktop/xauusd-trader/reports/stage150_mtf_separated_validation_discovery/m5/stage150_mtf_separated_validation_discovery_summary.json",
  "tf": "m5",
  "timeframe_minutes": 5,
  "raw_row_count": 318228,
  "bar_count": 318228,
  "bar_min_utc": "2022-01-03T01:00:00+00:00",
  "bar_max_utc": "2026-07-03T19:55:00+00:00",
  "feature_date": "2026-07-03T19:55:00Z",
  "selected_rule_id": "D150C_M5_trend_8_20_bps_GEQ65__trend_50_100_bps_GEQ35",
  "selected_label": "m5: trend_8_20_bps >= q65 AND trend_50_100_bps >= q35",
  "conditions": [
    {
      "feature": "trend_8_20_bps",
      "op": ">=",
      "threshold": 9.25846423904142,
      "current": 16.675227529356906
    },
    {
      "feature": "trend_50_100_bps",
      "op": ">=",
      "threshold": -14.337320822584214,
      "current": 126.82250520494654
    }
  ],
  "any_signal_active": true,
  "repo_kv": "/Users/vahid/Desktop/xauusd-trader/data/demo_execution/xauusd_stage151_m5_locked_rule_state_kv.csv",
  "repo_latest": "/Users/vahid/Desktop/xauusd-trader/data/demo_execution/xauusd_stage151_m5_locked_rule_state_latest.csv",
  "mt5_kv_written": true,
  "mt5_kv": "/Users/vahid/Library/Application Support/net.metaquotes.wine.metatrader5/drive_c/Program Files/MetaTrader 5/MQL5/Files/xauusd_stage151_m5_locked_rule_state_kv.csv",
  "mt5_latest": "/Users/vahid/Library/Application Support/net.metaquotes.wine.metatrader5/drive_c/Program Files/MetaTrader 5/MQL5/Files/xauusd_stage151_m5_locked_rule_state_latest.csv",
  "stage134_instruction": {
    "InpRuleStateKvFile": "xauusd_stage151_m5_locked_rule_state_kv.csv",
    "InpAllowedRules": "D150C_M5_trend_8_20_bps_GEQ65__trend_50_100_bps_GEQ35",
    "keep_InpEnableDemoOrders": "true only on demo account"
  },
  "summary_json": "/Users/vahid/Desktop/xauusd-trader/reports/stage151_locked_mtf_rule_state_writer/m5/stage151_locked_mtf_rule_state_writer_summary.json",
  "next": [
    "Use Stage151 for fast post-market-open refresh of a locked Stage150 MTF rule.",
    "Run full Stage150B scans offline only when changing or replacing the locked rule."
  ]
}
{
  "stage": "Stage151_LOCKED_MTF_RULE_STATE_WRITER",
  "generated_utc": "2026-07-05T15:47:02Z",
  "status": "STAGE151_COMPLETE_LOCKED_MTF_RULE_STATE_READY",
  "decision": "STAGE151_LOCKED_RULE_ACTIVE_POINT_STAGE134_TO_STAGE151_FILE",
  "root": "/Users/vahid/Desktop/xauusd-trader",
  "bars_path": "/Users/vahid/Downloads/xauusd_fundamental_event_inbox/amarkets_xauusd_5m.csv",
  "source_summary": "/Users/vahid/Desktop/xauusd-trader/reports/stage150_mtf_separated_validation_discovery/m5/stage150_mtf_separated_validation_discovery_summary.json",
  "tf": "m5",
  "timeframe_minutes": 5,
  "raw_row_count": 318228,
  "bar_count": 318228,
  "bar_min_utc": "2022-01-03T01:00:00+00:00",
  "bar_max_utc": "2026-07-03T19:55:00+00:00",
  "feature_date": "2026-07-03T19:55:00Z",
  "selected_rule_id": "D150C_M5_trend_8_20_bps_GEQ65__trend_50_100_bps_GEQ35",
  "selected_label": "m5: trend_8_20_bps >= q65 AND trend_50_100_bps >= q35",
  "conditions": [
    {
      "feature": "trend_8_20_bps",
      "op": ">=",
      "threshold": 9.25846423904142,
      "current": 16.675227529356906
    },
    {
      "feature": "trend_50_100_bps",
      "op": ">=",
      "threshold": -14.337320822584214,
      "current": 126.82250520494654
    }
  ],
  "any_signal_active": true,
  "repo_kv": "/Users/vahid/Desktop/xauusd-trader/data/demo_execution/xauusd_stage151_m5_locked_rule_state_kv.csv",
  "repo_latest": "/Users/vahid/Desktop/xauusd-trader/data/demo_execution/xauusd_stage151_m5_locked_rule_state_latest.csv",
  "mt5_kv_written": true,
  "mt5_kv": "/Users/vahid/Library/Application Support/net.metaquotes.wine.metatrader5/drive_c/Program Files/MetaTrader 5/MQL5/Files/xauusd_stage151_m5_locked_rule_state_kv.csv",
  "mt5_latest": "/Users/vahid/Library/Application Support/net.metaquotes.wine.metatrader5/drive_c/Program Files/MetaTrader 5/MQL5/Files/xauusd_stage151_m5_locked_rule_state_latest.csv",
  "stage134_instruction": {
    "InpRuleStateKvFile": "xauusd_stage151_m5_locked_rule_state_kv.csv",
    "InpAllowedRules": "D150C_M5_trend_8_20_bps_GEQ65__trend_50_100_bps_GEQ35",
    "keep_InpEnableDemoOrders": "true only on demo account"
  },
  "summary_json": "/Users/vahid/Desktop/xauusd-trader/reports/stage151_locked_mtf_rule_state_writer/m5/stage151_locked_mtf_rule_state_writer_summary.json",
  "next": [
    "Use Stage151 for fast post-market-open refresh of a locked Stage150 MTF rule.",
    "Run full Stage150B scans offline only when changing or replacing the locked rule."
  ]
}
{
  "stage": "Stage151_LOCKED_MTF_RULE_STATE_WRITER",
  "generated_utc": "2026-07-05T15:52:23Z",
  "status": "STAGE151_COMPLETE_LOCKED_MTF_RULE_STATE_READY",
  "decision": "STAGE151_LOCKED_RULE_ACTIVE_POINT_STAGE134_TO_STAGE151_FILE",
  "root": "/Users/vahid/Desktop/xauusd-trader",
  "bars_path": "/Users/vahid/Downloads/xauusd_fundamental_event_inbox/amarkets_xauusd_5m.csv",
  "source_summary": "/Users/vahid/Desktop/xauusd-trader/reports/stage150_mtf_separated_validation_discovery/m5/stage150_mtf_separated_validation_discovery_summary.json",
  "tf": "m5",
  "timeframe_minutes": 5,
  "raw_row_count": 318228,
  "bar_count": 318228,
  "bar_min_utc": "2022-01-03T01:00:00+00:00",
  "bar_max_utc": "2026-07-03T19:55:00+00:00",
  "feature_date": "2026-07-03T19:55:00Z",
  "selected_rule_id": "D150C_M5_trend_8_20_bps_GEQ65__trend_50_100_bps_GEQ35",
  "selected_label": "m5: trend_8_20_bps >= q65 AND trend_50_100_bps >= q35",
  "conditions": [
    {
      "feature": "trend_8_20_bps",
      "op": ">=",
      "threshold": 9.25846423904142,
      "current": 16.675227529356906
    },
    {
      "feature": "trend_50_100_bps",
      "op": ">=",
      "threshold": -14.337320822584214,
      "current": 126.82250520494654
    }
  ],
  "any_signal_active": true,
  "repo_kv": "/Users/vahid/Desktop/xauusd-trader/data/demo_execution/xauusd_stage151_m5_locked_rule_state_kv.csv",
  "repo_latest": "/Users/vahid/Desktop/xauusd-trader/data/demo_execution/xauusd_stage151_m5_locked_rule_state_latest.csv",
  "mt5_kv_written": true,
  "mt5_kv": "/Users/vahid/Library/Application Support/net.metaquotes.wine.metatrader5/drive_c/Program Files/MetaTrader 5/MQL5/Files/xauusd_stage151_m5_locked_rule_state_kv.csv",
  "mt5_latest": "/Users/vahid/Library/Application Support/net.metaquotes.wine.metatrader5/drive_c/Program Files/MetaTrader 5/MQL5/Files/xauusd_stage151_m5_locked_rule_state_latest.csv",
  "stage134_instruction": {
    "InpRuleStateKvFile": "xauusd_stage151_m5_locked_rule_state_kv.csv",
    "InpAllowedRules": "D150C_M5_trend_8_20_bps_GEQ65__trend_50_100_bps_GEQ35",
    "keep_InpEnableDemoOrders": "true only on demo account"
  },
  "summary_json": "/Users/vahid/Desktop/xauusd-trader/reports/stage151_locked_mtf_rule_state_writer/m5/stage151_locked_mtf_rule_state_writer_summary.json",
  "next": [
    "Use Stage151 for fast post-market-open refresh of a locked Stage150 MTF rule.",
    "Run full Stage150B scans offline only when changing or replacing the locked rule."
  ]
}
{
  "stage": "Stage151_LOCKED_MTF_RULE_STATE_WRITER",
  "generated_utc": "2026-07-05T15:58:23Z",
  "status": "STAGE151_COMPLETE_LOCKED_MTF_RULE_STATE_READY",
  "decision": "STAGE151_LOCKED_RULE_ACTIVE_POINT_STAGE134_TO_STAGE151_FILE",
  "root": "/Users/vahid/Desktop/xauusd-trader",
  "bars_path": "/Users/vahid/Downloads/xauusd_fundamental_event_inbox/amarkets_xauusd_5m.csv",
  "source_summary": "/Users/vahid/Desktop/xauusd-trader/reports/stage150_mtf_separated_validation_discovery/m5/stage150_mtf_separated_validation_discovery_summary.json",
  "tf": "m5",
  "timeframe_minutes": 5,
  "raw_row_count": 318228,
  "bar_count": 318228,
  "bar_min_utc": "2022-01-03T01:00:00+00:00",
  "bar_max_utc": "2026-07-03T19:55:00+00:00",
  "feature_date": "2026-07-03T19:55:00Z",
  "selected_rule_id": "D150C_M5_trend_8_20_bps_GEQ65__trend_50_100_bps_GEQ35",
  "selected_label": "m5: trend_8_20_bps >= q65 AND trend_50_100_bps >= q35",
  "conditions": [
    {
      "feature": "trend_8_20_bps",
      "op": ">=",
      "threshold": 9.25846423904142,
      "current": 16.675227529356906
    },
    {
      "feature": "trend_50_100_bps",
      "op": ">=",
      "threshold": -14.337320822584214,
      "current": 126.82250520494654
    }
  ],
  "any_signal_active": true,
  "repo_kv": "/Users/vahid/Desktop/xauusd-trader/data/demo_execution/xauusd_stage151_m5_locked_rule_state_kv.csv",
  "repo_latest": "/Users/vahid/Desktop/xauusd-trader/data/demo_execution/xauusd_stage151_m5_locked_rule_state_latest.csv",
  "mt5_kv_written": true,
  "mt5_kv": "/Users/vahid/Library/Application Support/net.metaquotes.wine.metatrader5/drive_c/Program Files/MetaTrader 5/MQL5/Files/xauusd_stage151_m5_locked_rule_state_kv.csv",
  "mt5_latest": "/Users/vahid/Library/Application Support/net.metaquotes.wine.metatrader5/drive_c/Program Files/MetaTrader 5/MQL5/Files/xauusd_stage151_m5_locked_rule_state_latest.csv",
  "stage134_instruction": {
    "InpRuleStateKvFile": "xauusd_stage151_m5_locked_rule_state_kv.csv",
    "InpAllowedRules": "D150C_M5_trend_8_20_bps_GEQ65__trend_50_100_bps_GEQ35",
    "keep_InpEnableDemoOrders": "true only on demo account"
  },
  "summary_json": "/Users/vahid/Desktop/xauusd-trader/reports/stage151_locked_mtf_rule_state_writer/m5/stage151_locked_mtf_rule_state_writer_summary.json",
  "next": [
    "Use Stage151 for fast post-market-open refresh of a locked Stage150 MTF rule.",
    "Run full Stage150B scans offline only when changing or replacing the locked rule."
  ]
}
{
  "stage": "Stage151_LOCKED_MTF_RULE_STATE_WRITER",
  "generated_utc": "2026-07-05T16:04:32Z",
  "status": "STAGE151_COMPLETE_LOCKED_MTF_RULE_STATE_READY",
  "decision": "STAGE151_LOCKED_RULE_ACTIVE_POINT_STAGE134_TO_STAGE151_FILE",
  "root": "/Users/vahid/Desktop/xauusd-trader",
  "bars_path": "/Users/vahid/Downloads/xauusd_fundamental_event_inbox/amarkets_xauusd_5m.csv",
  "source_summary": "/Users/vahid/Desktop/xauusd-trader/reports/stage150_mtf_separated_validation_discovery/m5/stage150_mtf_separated_validation_discovery_summary.json",
  "tf": "m5",
  "timeframe_minutes": 5,
  "raw_row_count": 318228,
  "bar_count": 318228,
  "bar_min_utc": "2022-01-03T01:00:00+00:00",
  "bar_max_utc": "2026-07-03T19:55:00+00:00",
  "feature_date": "2026-07-03T19:55:00Z",
  "selected_rule_id": "D150C_M5_trend_8_20_bps_GEQ65__trend_50_100_bps_GEQ35",
  "selected_label": "m5: trend_8_20_bps >= q65 AND trend_50_100_bps >= q35",
  "conditions": [
    {
      "feature": "trend_8_20_bps",
      "op": ">=",
      "threshold": 9.25846423904142,
      "current": 16.675227529356906
    },
    {
      "feature": "trend_50_100_bps",
      "op": ">=",
      "threshold": -14.337320822584214,
      "current": 126.82250520494654
    }
  ],
  "any_signal_active": true,
  "repo_kv": "/Users/vahid/Desktop/xauusd-trader/data/demo_execution/xauusd_stage151_m5_locked_rule_state_kv.csv",
  "repo_latest": "/Users/vahid/Desktop/xauusd-trader/data/demo_execution/xauusd_stage151_m5_locked_rule_state_latest.csv",
  "mt5_kv_written": true,
  "mt5_kv": "/Users/vahid/Library/Application Support/net.metaquotes.wine.metatrader5/drive_c/Program Files/MetaTrader 5/MQL5/Files/xauusd_stage151_m5_locked_rule_state_kv.csv",
  "mt5_latest": "/Users/vahid/Library/Application Support/net.metaquotes.wine.metatrader5/drive_c/Program Files/MetaTrader 5/MQL5/Files/xauusd_stage151_m5_locked_rule_state_latest.csv",
  "stage134_instruction": {
    "InpRuleStateKvFile": "xauusd_stage151_m5_locked_rule_state_kv.csv",
    "InpAllowedRules": "D150C_M5_trend_8_20_bps_GEQ65__trend_50_100_bps_GEQ35",
    "keep_InpEnableDemoOrders": "true only on demo account"
  },
  "summary_json": "/Users/vahid/Desktop/xauusd-trader/reports/stage151_locked_mtf_rule_state_writer/m5/stage151_locked_mtf_rule_state_writer_summary.json",
  "next": [
    "Use Stage151 for fast post-market-open refresh of a locked Stage150 MTF rule.",
    "Run full Stage150B scans offline only when changing or replacing the locked rule."
  ]
}
{
  "stage": "Stage151_LOCKED_MTF_RULE_STATE_WRITER",
  "generated_utc": "2026-07-05T16:10:01Z",
  "status": "STAGE151_COMPLETE_LOCKED_MTF_RULE_STATE_READY",
  "decision": "STAGE151_LOCKED_RULE_ACTIVE_POINT_STAGE134_TO_STAGE151_FILE",
  "root": "/Users/vahid/Desktop/xauusd-trader",
  "bars_path": "/Users/vahid/Downloads/xauusd_fundamental_event_inbox/amarkets_xauusd_5m.csv",
  "source_summary": "/Users/vahid/Desktop/xauusd-trader/reports/stage150_mtf_separated_validation_discovery/m5/stage150_mtf_separated_validation_discovery_summary.json",
  "tf": "m5",
  "timeframe_minutes": 5,
  "raw_row_count": 318228,
  "bar_count": 318228,
  "bar_min_utc": "2022-01-03T01:00:00+00:00",
  "bar_max_utc": "2026-07-03T19:55:00+00:00",
  "feature_date": "2026-07-03T19:55:00Z",
  "selected_rule_id": "D150C_M5_trend_8_20_bps_GEQ65__trend_50_100_bps_GEQ35",
  "selected_label": "m5: trend_8_20_bps >= q65 AND trend_50_100_bps >= q35",
  "conditions": [
    {
      "feature": "trend_8_20_bps",
      "op": ">=",
      "threshold": 9.25846423904142,
      "current": 16.675227529356906
    },
    {
      "feature": "trend_50_100_bps",
      "op": ">=",
      "threshold": -14.337320822584214,
      "current": 126.82250520494654
    }
  ],
  "any_signal_active": true,
  "repo_kv": "/Users/vahid/Desktop/xauusd-trader/data/demo_execution/xauusd_stage151_m5_locked_rule_state_kv.csv",
  "repo_latest": "/Users/vahid/Desktop/xauusd-trader/data/demo_execution/xauusd_stage151_m5_locked_rule_state_latest.csv",
  "mt5_kv_written": true,
  "mt5_kv": "/Users/vahid/Library/Application Support/net.metaquotes.wine.metatrader5/drive_c/Program Files/MetaTrader 5/MQL5/Files/xauusd_stage151_m5_locked_rule_state_kv.csv",
  "mt5_latest": "/Users/vahid/Library/Application Support/net.metaquotes.wine.metatrader5/drive_c/Program Files/MetaTrader 5/MQL5/Files/xauusd_stage151_m5_locked_rule_state_latest.csv",
  "stage134_instruction": {
    "InpRuleStateKvFile": "xauusd_stage151_m5_locked_rule_state_kv.csv",
    "InpAllowedRules": "D150C_M5_trend_8_20_bps_GEQ65__trend_50_100_bps_GEQ35",
    "keep_InpEnableDemoOrders": "true only on demo account"
  },
  "summary_json": "/Users/vahid/Desktop/xauusd-trader/reports/stage151_locked_mtf_rule_state_writer/m5/stage151_locked_mtf_rule_state_writer_summary.json",
  "next": [
    "Use Stage151 for fast post-market-open refresh of a locked Stage150 MTF rule.",
    "Run full Stage150B scans offline only when changing or replacing the locked rule."
  ]
}
{
  "stage": "Stage151_LOCKED_MTF_RULE_STATE_WRITER",
  "generated_utc": "2026-07-05T16:15:16Z",
  "status": "STAGE151_COMPLETE_LOCKED_MTF_RULE_STATE_READY",
  "decision": "STAGE151_LOCKED_RULE_ACTIVE_POINT_STAGE134_TO_STAGE151_FILE",
  "root": "/Users/vahid/Desktop/xauusd-trader",
  "bars_path": "/Users/vahid/Downloads/xauusd_fundamental_event_inbox/amarkets_xauusd_5m.csv",
  "source_summary": "/Users/vahid/Desktop/xauusd-trader/reports/stage150_mtf_separated_validation_discovery/m5/stage150_mtf_separated_validation_discovery_summary.json",
  "tf": "m5",
  "timeframe_minutes": 5,
  "raw_row_count": 318228,
  "bar_count": 318228,
  "bar_min_utc": "2022-01-03T01:00:00+00:00",
  "bar_max_utc": "2026-07-03T19:55:00+00:00",
  "feature_date": "2026-07-03T19:55:00Z",
  "selected_rule_id": "D150C_M5_trend_8_20_bps_GEQ65__trend_50_100_bps_GEQ35",
  "selected_label": "m5: trend_8_20_bps >= q65 AND trend_50_100_bps >= q35",
  "conditions": [
    {
      "feature": "trend_8_20_bps",
      "op": ">=",
      "threshold": 9.25846423904142,
      "current": 16.675227529356906
    },
    {
      "feature": "trend_50_100_bps",
      "op": ">=",
      "threshold": -14.337320822584214,
      "current": 126.82250520494654
    }
  ],
  "any_signal_active": true,
  "repo_kv": "/Users/vahid/Desktop/xauusd-trader/data/demo_execution/xauusd_stage151_m5_locked_rule_state_kv.csv",
  "repo_latest": "/Users/vahid/Desktop/xauusd-trader/data/demo_execution/xauusd_stage151_m5_locked_rule_state_latest.csv",
  "mt5_kv_written": true,
  "mt5_kv": "/Users/vahid/Library/Application Support/net.metaquotes.wine.metatrader5/drive_c/Program Files/MetaTrader 5/MQL5/Files/xauusd_stage151_m5_locked_rule_state_kv.csv",
  "mt5_latest": "/Users/vahid/Library/Application Support/net.metaquotes.wine.metatrader5/drive_c/Program Files/MetaTrader 5/MQL5/Files/xauusd_stage151_m5_locked_rule_state_latest.csv",
  "stage134_instruction": {
    "InpRuleStateKvFile": "xauusd_stage151_m5_locked_rule_state_kv.csv",
    "InpAllowedRules": "D150C_M5_trend_8_20_bps_GEQ65__trend_50_100_bps_GEQ35",
    "keep_InpEnableDemoOrders": "true only on demo account"
  },
  "summary_json": "/Users/vahid/Desktop/xauusd-trader/reports/stage151_locked_mtf_rule_state_writer/m5/stage151_locked_mtf_rule_state_writer_summary.json",
  "next": [
    "Use Stage151 for fast post-market-open refresh of a locked Stage150 MTF rule.",
    "Run full Stage150B scans offline only when changing or replacing the locked rule."
  ]
}
{
  "stage": "Stage151_LOCKED_MTF_RULE_STATE_WRITER",
  "generated_utc": "2026-07-05T16:20:32Z",
  "status": "STAGE151_COMPLETE_LOCKED_MTF_RULE_STATE_READY",
  "decision": "STAGE151_LOCKED_RULE_ACTIVE_POINT_STAGE134_TO_STAGE151_FILE",
  "root": "/Users/vahid/Desktop/xauusd-trader",
  "bars_path": "/Users/vahid/Downloads/xauusd_fundamental_event_inbox/amarkets_xauusd_5m.csv",
  "source_summary": "/Users/vahid/Desktop/xauusd-trader/reports/stage150_mtf_separated_validation_discovery/m5/stage150_mtf_separated_validation_discovery_summary.json",
  "tf": "m5",
  "timeframe_minutes": 5,
  "raw_row_count": 318228,
  "bar_count": 318228,
  "bar_min_utc": "2022-01-03T01:00:00+00:00",
  "bar_max_utc": "2026-07-03T19:55:00+00:00",
  "feature_date": "2026-07-03T19:55:00Z",
  "selected_rule_id": "D150C_M5_trend_8_20_bps_GEQ65__trend_50_100_bps_GEQ35",
  "selected_label": "m5: trend_8_20_bps >= q65 AND trend_50_100_bps >= q35",
  "conditions": [
    {
      "feature": "trend_8_20_bps",
      "op": ">=",
      "threshold": 9.25846423904142,
      "current": 16.675227529356906
    },
    {
      "feature": "trend_50_100_bps",
      "op": ">=",
      "threshold": -14.337320822584214,
      "current": 126.82250520494654
    }
  ],
  "any_signal_active": true,
  "repo_kv": "/Users/vahid/Desktop/xauusd-trader/data/demo_execution/xauusd_stage151_m5_locked_rule_state_kv.csv",
  "repo_latest": "/Users/vahid/Desktop/xauusd-trader/data/demo_execution/xauusd_stage151_m5_locked_rule_state_latest.csv",
  "mt5_kv_written": true,
  "mt5_kv": "/Users/vahid/Library/Application Support/net.metaquotes.wine.metatrader5/drive_c/Program Files/MetaTrader 5/MQL5/Files/xauusd_stage151_m5_locked_rule_state_kv.csv",
  "mt5_latest": "/Users/vahid/Library/Application Support/net.metaquotes.wine.metatrader5/drive_c/Program Files/MetaTrader 5/MQL5/Files/xauusd_stage151_m5_locked_rule_state_latest.csv",
  "stage134_instruction": {
    "InpRuleStateKvFile": "xauusd_stage151_m5_locked_rule_state_kv.csv",
    "InpAllowedRules": "D150C_M5_trend_8_20_bps_GEQ65__trend_50_100_bps_GEQ35",
    "keep_InpEnableDemoOrders": "true only on demo account"
  },
  "summary_json": "/Users/vahid/Desktop/xauusd-trader/reports/stage151_locked_mtf_rule_state_writer/m5/stage151_locked_mtf_rule_state_writer_summary.json",
  "next": [
    "Use Stage151 for fast post-market-open refresh of a locked Stage150 MTF rule.",
    "Run full Stage150B scans offline only when changing or replacing the locked rule."
  ]
}
{
  "stage": "Stage151_LOCKED_MTF_RULE_STATE_WRITER",
  "generated_utc": "2026-07-05T16:25:50Z",
  "status": "STAGE151_COMPLETE_LOCKED_MTF_RULE_STATE_READY",
  "decision": "STAGE151_LOCKED_RULE_ACTIVE_POINT_STAGE134_TO_STAGE151_FILE",
  "root": "/Users/vahid/Desktop/xauusd-trader",
  "bars_path": "/Users/vahid/Downloads/xauusd_fundamental_event_inbox/amarkets_xauusd_5m.csv",
  "source_summary": "/Users/vahid/Desktop/xauusd-trader/reports/stage150_mtf_separated_validation_discovery/m5/stage150_mtf_separated_validation_discovery_summary.json",
  "tf": "m5",
  "timeframe_minutes": 5,
  "raw_row_count": 318228,
  "bar_count": 318228,
  "bar_min_utc": "2022-01-03T01:00:00+00:00",
  "bar_max_utc": "2026-07-03T19:55:00+00:00",
  "feature_date": "2026-07-03T19:55:00Z",
  "selected_rule_id": "D150C_M5_trend_8_20_bps_GEQ65__trend_50_100_bps_GEQ35",
  "selected_label": "m5: trend_8_20_bps >= q65 AND trend_50_100_bps >= q35",
  "conditions": [
    {
      "feature": "trend_8_20_bps",
      "op": ">=",
      "threshold": 9.25846423904142,
      "current": 16.675227529356906
    },
    {
      "feature": "trend_50_100_bps",
      "op": ">=",
      "threshold": -14.337320822584214,
      "current": 126.82250520494654
    }
  ],
  "any_signal_active": true,
  "repo_kv": "/Users/vahid/Desktop/xauusd-trader/data/demo_execution/xauusd_stage151_m5_locked_rule_state_kv.csv",
  "repo_latest": "/Users/vahid/Desktop/xauusd-trader/data/demo_execution/xauusd_stage151_m5_locked_rule_state_latest.csv",
  "mt5_kv_written": true,
  "mt5_kv": "/Users/vahid/Library/Application Support/net.metaquotes.wine.metatrader5/drive_c/Program Files/MetaTrader 5/MQL5/Files/xauusd_stage151_m5_locked_rule_state_kv.csv",
  "mt5_latest": "/Users/vahid/Library/Application Support/net.metaquotes.wine.metatrader5/drive_c/Program Files/MetaTrader 5/MQL5/Files/xauusd_stage151_m5_locked_rule_state_latest.csv",
  "stage134_instruction": {
    "InpRuleStateKvFile": "xauusd_stage151_m5_locked_rule_state_kv.csv",
    "InpAllowedRules": "D150C_M5_trend_8_20_bps_GEQ65__trend_50_100_bps_GEQ35",
    "keep_InpEnableDemoOrders": "true only on demo account"
  },
  "summary_json": "/Users/vahid/Desktop/xauusd-trader/reports/stage151_locked_mtf_rule_state_writer/m5/stage151_locked_mtf_rule_state_writer_summary.json",
  "next": [
    "Use Stage151 for fast post-market-open refresh of a locked Stage150 MTF rule.",
    "Run full Stage150B scans offline only when changing or replacing the locked rule."
  ]
}
{
  "stage": "Stage151_LOCKED_MTF_RULE_STATE_WRITER",
  "generated_utc": "2026-07-05T16:31:15Z",
  "status": "STAGE151_COMPLETE_LOCKED_MTF_RULE_STATE_READY",
  "decision": "STAGE151_LOCKED_RULE_ACTIVE_POINT_STAGE134_TO_STAGE151_FILE",
  "root": "/Users/vahid/Desktop/xauusd-trader",
  "bars_path": "/Users/vahid/Downloads/xauusd_fundamental_event_inbox/amarkets_xauusd_5m.csv",
  "source_summary": "/Users/vahid/Desktop/xauusd-trader/reports/stage150_mtf_separated_validation_discovery/m5/stage150_mtf_separated_validation_discovery_summary.json",
  "tf": "m5",
  "timeframe_minutes": 5,
  "raw_row_count": 318228,
  "bar_count": 318228,
  "bar_min_utc": "2022-01-03T01:00:00+00:00",
  "bar_max_utc": "2026-07-03T19:55:00+00:00",
  "feature_date": "2026-07-03T19:55:00Z",
  "selected_rule_id": "D150C_M5_trend_8_20_bps_GEQ65__trend_50_100_bps_GEQ35",
  "selected_label": "m5: trend_8_20_bps >= q65 AND trend_50_100_bps >= q35",
  "conditions": [
    {
      "feature": "trend_8_20_bps",
      "op": ">=",
      "threshold": 9.25846423904142,
      "current": 16.675227529356906
    },
    {
      "feature": "trend_50_100_bps",
      "op": ">=",
      "threshold": -14.337320822584214,
      "current": 126.82250520494654
    }
  ],
  "any_signal_active": true,
  "repo_kv": "/Users/vahid/Desktop/xauusd-trader/data/demo_execution/xauusd_stage151_m5_locked_rule_state_kv.csv",
  "repo_latest": "/Users/vahid/Desktop/xauusd-trader/data/demo_execution/xauusd_stage151_m5_locked_rule_state_latest.csv",
  "mt5_kv_written": true,
  "mt5_kv": "/Users/vahid/Library/Application Support/net.metaquotes.wine.metatrader5/drive_c/Program Files/MetaTrader 5/MQL5/Files/xauusd_stage151_m5_locked_rule_state_kv.csv",
  "mt5_latest": "/Users/vahid/Library/Application Support/net.metaquotes.wine.metatrader5/drive_c/Program Files/MetaTrader 5/MQL5/Files/xauusd_stage151_m5_locked_rule_state_latest.csv",
  "stage134_instruction": {
    "InpRuleStateKvFile": "xauusd_stage151_m5_locked_rule_state_kv.csv",
    "InpAllowedRules": "D150C_M5_trend_8_20_bps_GEQ65__trend_50_100_bps_GEQ35",
    "keep_InpEnableDemoOrders": "true only on demo account"
  },
  "summary_json": "/Users/vahid/Desktop/xauusd-trader/reports/stage151_locked_mtf_rule_state_writer/m5/stage151_locked_mtf_rule_state_writer_summary.json",
  "next": [
    "Use Stage151 for fast post-market-open refresh of a locked Stage150 MTF rule.",
    "Run full Stage150B scans offline only when changing or replacing the locked rule."
  ]
}
{
  "stage": "Stage151_LOCKED_MTF_RULE_STATE_WRITER",
  "generated_utc": "2026-07-05T16:36:32Z",
  "status": "STAGE151_COMPLETE_LOCKED_MTF_RULE_STATE_READY",
  "decision": "STAGE151_LOCKED_RULE_ACTIVE_POINT_STAGE134_TO_STAGE151_FILE",
  "root": "/Users/vahid/Desktop/xauusd-trader",
  "bars_path": "/Users/vahid/Downloads/xauusd_fundamental_event_inbox/amarkets_xauusd_5m.csv",
  "source_summary": "/Users/vahid/Desktop/xauusd-trader/reports/stage150_mtf_separated_validation_discovery/m5/stage150_mtf_separated_validation_discovery_summary.json",
  "tf": "m5",
  "timeframe_minutes": 5,
  "raw_row_count": 318228,
  "bar_count": 318228,
  "bar_min_utc": "2022-01-03T01:00:00+00:00",
  "bar_max_utc": "2026-07-03T19:55:00+00:00",
  "feature_date": "2026-07-03T19:55:00Z",
  "selected_rule_id": "D150C_M5_trend_8_20_bps_GEQ65__trend_50_100_bps_GEQ35",
  "selected_label": "m5: trend_8_20_bps >= q65 AND trend_50_100_bps >= q35",
  "conditions": [
    {
      "feature": "trend_8_20_bps",
      "op": ">=",
      "threshold": 9.25846423904142,
      "current": 16.675227529356906
    },
    {
      "feature": "trend_50_100_bps",
      "op": ">=",
      "threshold": -14.337320822584214,
      "current": 126.82250520494654
    }
  ],
  "any_signal_active": true,
  "repo_kv": "/Users/vahid/Desktop/xauusd-trader/data/demo_execution/xauusd_stage151_m5_locked_rule_state_kv.csv",
  "repo_latest": "/Users/vahid/Desktop/xauusd-trader/data/demo_execution/xauusd_stage151_m5_locked_rule_state_latest.csv",
  "mt5_kv_written": true,
  "mt5_kv": "/Users/vahid/Library/Application Support/net.metaquotes.wine.metatrader5/drive_c/Program Files/MetaTrader 5/MQL5/Files/xauusd_stage151_m5_locked_rule_state_kv.csv",
  "mt5_latest": "/Users/vahid/Library/Application Support/net.metaquotes.wine.metatrader5/drive_c/Program Files/MetaTrader 5/MQL5/Files/xauusd_stage151_m5_locked_rule_state_latest.csv",
  "stage134_instruction": {
    "InpRuleStateKvFile": "xauusd_stage151_m5_locked_rule_state_kv.csv",
    "InpAllowedRules": "D150C_M5_trend_8_20_bps_GEQ65__trend_50_100_bps_GEQ35",
    "keep_InpEnableDemoOrders": "true only on demo account"
  },
  "summary_json": "/Users/vahid/Desktop/xauusd-trader/reports/stage151_locked_mtf_rule_state_writer/m5/stage151_locked_mtf_rule_state_writer_summary.json",
  "next": [
    "Use Stage151 for fast post-market-open refresh of a locked Stage150 MTF rule.",
    "Run full Stage150B scans offline only when changing or replacing the locked rule."
  ]
}
{
  "stage": "Stage151_LOCKED_MTF_RULE_STATE_WRITER",
  "generated_utc": "2026-07-05T16:41:52Z",
  "status": "STAGE151_COMPLETE_LOCKED_MTF_RULE_STATE_READY",
  "decision": "STAGE151_LOCKED_RULE_ACTIVE_POINT_STAGE134_TO_STAGE151_FILE",
  "root": "/Users/vahid/Desktop/xauusd-trader",
  "bars_path": "/Users/vahid/Downloads/xauusd_fundamental_event_inbox/amarkets_xauusd_5m.csv",
  "source_summary": "/Users/vahid/Desktop/xauusd-trader/reports/stage150_mtf_separated_validation_discovery/m5/stage150_mtf_separated_validation_discovery_summary.json",
  "tf": "m5",
  "timeframe_minutes": 5,
  "raw_row_count": 318228,
  "bar_count": 318228,
  "bar_min_utc": "2022-01-03T01:00:00+00:00",
  "bar_max_utc": "2026-07-03T19:55:00+00:00",
  "feature_date": "2026-07-03T19:55:00Z",
  "selected_rule_id": "D150C_M5_trend_8_20_bps_GEQ65__trend_50_100_bps_GEQ35",
  "selected_label": "m5: trend_8_20_bps >= q65 AND trend_50_100_bps >= q35",
  "conditions": [
    {
      "feature": "trend_8_20_bps",
      "op": ">=",
      "threshold": 9.25846423904142,
      "current": 16.675227529356906
    },
    {
      "feature": "trend_50_100_bps",
      "op": ">=",
      "threshold": -14.337320822584214,
      "current": 126.82250520494654
    }
  ],
  "any_signal_active": true,
  "repo_kv": "/Users/vahid/Desktop/xauusd-trader/data/demo_execution/xauusd_stage151_m5_locked_rule_state_kv.csv",
  "repo_latest": "/Users/vahid/Desktop/xauusd-trader/data/demo_execution/xauusd_stage151_m5_locked_rule_state_latest.csv",
  "mt5_kv_written": true,
  "mt5_kv": "/Users/vahid/Library/Application Support/net.metaquotes.wine.metatrader5/drive_c/Program Files/MetaTrader 5/MQL5/Files/xauusd_stage151_m5_locked_rule_state_kv.csv",
  "mt5_latest": "/Users/vahid/Library/Application Support/net.metaquotes.wine.metatrader5/drive_c/Program Files/MetaTrader 5/MQL5/Files/xauusd_stage151_m5_locked_rule_state_latest.csv",
  "stage134_instruction": {
    "InpRuleStateKvFile": "xauusd_stage151_m5_locked_rule_state_kv.csv",
    "InpAllowedRules": "D150C_M5_trend_8_20_bps_GEQ65__trend_50_100_bps_GEQ35",
    "keep_InpEnableDemoOrders": "true only on demo account"
  },
  "summary_json": "/Users/vahid/Desktop/xauusd-trader/reports/stage151_locked_mtf_rule_state_writer/m5/stage151_locked_mtf_rule_state_writer_summary.json",
  "next": [
    "Use Stage151 for fast post-market-open refresh of a locked Stage150 MTF rule.",
    "Run full Stage150B scans offline only when changing or replacing the locked rule."
  ]
}
{
  "stage": "Stage151_LOCKED_MTF_RULE_STATE_WRITER",
  "generated_utc": "2026-07-05T16:47:10Z",
  "status": "STAGE151_COMPLETE_LOCKED_MTF_RULE_STATE_READY",
  "decision": "STAGE151_LOCKED_RULE_ACTIVE_POINT_STAGE134_TO_STAGE151_FILE",
  "root": "/Users/vahid/Desktop/xauusd-trader",
  "bars_path": "/Users/vahid/Downloads/xauusd_fundamental_event_inbox/amarkets_xauusd_5m.csv",
  "source_summary": "/Users/vahid/Desktop/xauusd-trader/reports/stage150_mtf_separated_validation_discovery/m5/stage150_mtf_separated_validation_discovery_summary.json",
  "tf": "m5",
  "timeframe_minutes": 5,
  "raw_row_count": 318228,
  "bar_count": 318228,
  "bar_min_utc": "2022-01-03T01:00:00+00:00",
  "bar_max_utc": "2026-07-03T19:55:00+00:00",
  "feature_date": "2026-07-03T19:55:00Z",
  "selected_rule_id": "D150C_M5_trend_8_20_bps_GEQ65__trend_50_100_bps_GEQ35",
  "selected_label": "m5: trend_8_20_bps >= q65 AND trend_50_100_bps >= q35",
  "conditions": [
    {
      "feature": "trend_8_20_bps",
      "op": ">=",
      "threshold": 9.25846423904142,
      "current": 16.675227529356906
    },
    {
      "feature": "trend_50_100_bps",
      "op": ">=",
      "threshold": -14.337320822584214,
      "current": 126.82250520494654
    }
  ],
  "any_signal_active": true,
  "repo_kv": "/Users/vahid/Desktop/xauusd-trader/data/demo_execution/xauusd_stage151_m5_locked_rule_state_kv.csv",
  "repo_latest": "/Users/vahid/Desktop/xauusd-trader/data/demo_execution/xauusd_stage151_m5_locked_rule_state_latest.csv",
  "mt5_kv_written": true,
  "mt5_kv": "/Users/vahid/Library/Application Support/net.metaquotes.wine.metatrader5/drive_c/Program Files/MetaTrader 5/MQL5/Files/xauusd_stage151_m5_locked_rule_state_kv.csv",
  "mt5_latest": "/Users/vahid/Library/Application Support/net.metaquotes.wine.metatrader5/drive_c/Program Files/MetaTrader 5/MQL5/Files/xauusd_stage151_m5_locked_rule_state_latest.csv",
  "stage134_instruction": {
    "InpRuleStateKvFile": "xauusd_stage151_m5_locked_rule_state_kv.csv",
    "InpAllowedRules": "D150C_M5_trend_8_20_bps_GEQ65__trend_50_100_bps_GEQ35",
    "keep_InpEnableDemoOrders": "true only on demo account"
  },
  "summary_json": "/Users/vahid/Desktop/xauusd-trader/reports/stage151_locked_mtf_rule_state_writer/m5/stage151_locked_mtf_rule_state_writer_summary.json",
  "next": [
    "Use Stage151 for fast post-market-open refresh of a locked Stage150 MTF rule.",
    "Run full Stage150B scans offline only when changing or replacing the locked rule."
  ]
}
{
  "stage": "Stage151_LOCKED_MTF_RULE_STATE_WRITER",
  "generated_utc": "2026-07-05T16:52:33Z",
  "status": "STAGE151_COMPLETE_LOCKED_MTF_RULE_STATE_READY",
  "decision": "STAGE151_LOCKED_RULE_ACTIVE_POINT_STAGE134_TO_STAGE151_FILE",
  "root": "/Users/vahid/Desktop/xauusd-trader",
  "bars_path": "/Users/vahid/Downloads/xauusd_fundamental_event_inbox/amarkets_xauusd_5m.csv",
  "source_summary": "/Users/vahid/Desktop/xauusd-trader/reports/stage150_mtf_separated_validation_discovery/m5/stage150_mtf_separated_validation_discovery_summary.json",
  "tf": "m5",
  "timeframe_minutes": 5,
  "raw_row_count": 318228,
  "bar_count": 318228,
  "bar_min_utc": "2022-01-03T01:00:00+00:00",
  "bar_max_utc": "2026-07-03T19:55:00+00:00",
  "feature_date": "2026-07-03T19:55:00Z",
  "selected_rule_id": "D150C_M5_trend_8_20_bps_GEQ65__trend_50_100_bps_GEQ35",
  "selected_label": "m5: trend_8_20_bps >= q65 AND trend_50_100_bps >= q35",
  "conditions": [
    {
      "feature": "trend_8_20_bps",
      "op": ">=",
      "threshold": 9.25846423904142,
      "current": 16.675227529356906
    },
    {
      "feature": "trend_50_100_bps",
      "op": ">=",
      "threshold": -14.337320822584214,
      "current": 126.82250520494654
    }
  ],
  "any_signal_active": true,
  "repo_kv": "/Users/vahid/Desktop/xauusd-trader/data/demo_execution/xauusd_stage151_m5_locked_rule_state_kv.csv",
  "repo_latest": "/Users/vahid/Desktop/xauusd-trader/data/demo_execution/xauusd_stage151_m5_locked_rule_state_latest.csv",
  "mt5_kv_written": true,
  "mt5_kv": "/Users/vahid/Library/Application Support/net.metaquotes.wine.metatrader5/drive_c/Program Files/MetaTrader 5/MQL5/Files/xauusd_stage151_m5_locked_rule_state_kv.csv",
  "mt5_latest": "/Users/vahid/Library/Application Support/net.metaquotes.wine.metatrader5/drive_c/Program Files/MetaTrader 5/MQL5/Files/xauusd_stage151_m5_locked_rule_state_latest.csv",
  "stage134_instruction": {
    "InpRuleStateKvFile": "xauusd_stage151_m5_locked_rule_state_kv.csv",
    "InpAllowedRules": "D150C_M5_trend_8_20_bps_GEQ65__trend_50_100_bps_GEQ35",
    "keep_InpEnableDemoOrders": "true only on demo account"
  },
  "summary_json": "/Users/vahid/Desktop/xauusd-trader/reports/stage151_locked_mtf_rule_state_writer/m5/stage151_locked_mtf_rule_state_writer_summary.json",
  "next": [
    "Use Stage151 for fast post-market-open refresh of a locked Stage150 MTF rule.",
    "Run full Stage150B scans offline only when changing or replacing the locked rule."
  ]
}
{
  "stage": "Stage151_LOCKED_MTF_RULE_STATE_WRITER",
  "generated_utc": "2026-07-05T16:57:51Z",
  "status": "STAGE151_COMPLETE_LOCKED_MTF_RULE_STATE_READY",
  "decision": "STAGE151_LOCKED_RULE_ACTIVE_POINT_STAGE134_TO_STAGE151_FILE",
  "root": "/Users/vahid/Desktop/xauusd-trader",
  "bars_path": "/Users/vahid/Downloads/xauusd_fundamental_event_inbox/amarkets_xauusd_5m.csv",
  "source_summary": "/Users/vahid/Desktop/xauusd-trader/reports/stage150_mtf_separated_validation_discovery/m5/stage150_mtf_separated_validation_discovery_summary.json",
  "tf": "m5",
  "timeframe_minutes": 5,
  "raw_row_count": 318228,
  "bar_count": 318228,
  "bar_min_utc": "2022-01-03T01:00:00+00:00",
  "bar_max_utc": "2026-07-03T19:55:00+00:00",
  "feature_date": "2026-07-03T19:55:00Z",
  "selected_rule_id": "D150C_M5_trend_8_20_bps_GEQ65__trend_50_100_bps_GEQ35",
  "selected_label": "m5: trend_8_20_bps >= q65 AND trend_50_100_bps >= q35",
  "conditions": [
    {
      "feature": "trend_8_20_bps",
      "op": ">=",
      "threshold": 9.25846423904142,
      "current": 16.675227529356906
    },
    {
      "feature": "trend_50_100_bps",
      "op": ">=",
      "threshold": -14.337320822584214,
      "current": 126.82250520494654
    }
  ],
  "any_signal_active": true,
  "repo_kv": "/Users/vahid/Desktop/xauusd-trader/data/demo_execution/xauusd_stage151_m5_locked_rule_state_kv.csv",
  "repo_latest": "/Users/vahid/Desktop/xauusd-trader/data/demo_execution/xauusd_stage151_m5_locked_rule_state_latest.csv",
  "mt5_kv_written": true,
  "mt5_kv": "/Users/vahid/Library/Application Support/net.metaquotes.wine.metatrader5/drive_c/Program Files/MetaTrader 5/MQL5/Files/xauusd_stage151_m5_locked_rule_state_kv.csv",
  "mt5_latest": "/Users/vahid/Library/Application Support/net.metaquotes.wine.metatrader5/drive_c/Program Files/MetaTrader 5/MQL5/Files/xauusd_stage151_m5_locked_rule_state_latest.csv",
  "stage134_instruction": {
    "InpRuleStateKvFile": "xauusd_stage151_m5_locked_rule_state_kv.csv",
    "InpAllowedRules": "D150C_M5_trend_8_20_bps_GEQ65__trend_50_100_bps_GEQ35",
    "keep_InpEnableDemoOrders": "true only on demo account"
  },
  "summary_json": "/Users/vahid/Desktop/xauusd-trader/reports/stage151_locked_mtf_rule_state_writer/m5/stage151_locked_mtf_rule_state_writer_summary.json",
  "next": [
    "Use Stage151 for fast post-market-open refresh of a locked Stage150 MTF rule.",
    "Run full Stage150B scans offline only when changing or replacing the locked rule."
  ]
}
{
  "stage": "Stage151_LOCKED_MTF_RULE_STATE_WRITER",
  "generated_utc": "2026-07-05T17:03:07Z",
  "status": "STAGE151_COMPLETE_LOCKED_MTF_RULE_STATE_READY",
  "decision": "STAGE151_LOCKED_RULE_ACTIVE_POINT_STAGE134_TO_STAGE151_FILE",
  "root": "/Users/vahid/Desktop/xauusd-trader",
  "bars_path": "/Users/vahid/Downloads/xauusd_fundamental_event_inbox/amarkets_xauusd_5m.csv",
  "source_summary": "/Users/vahid/Desktop/xauusd-trader/reports/stage150_mtf_separated_validation_discovery/m5/stage150_mtf_separated_validation_discovery_summary.json",
  "tf": "m5",
  "timeframe_minutes": 5,
  "raw_row_count": 318228,
  "bar_count": 318228,
  "bar_min_utc": "2022-01-03T01:00:00+00:00",
  "bar_max_utc": "2026-07-03T19:55:00+00:00",
  "feature_date": "2026-07-03T19:55:00Z",
  "selected_rule_id": "D150C_M5_trend_8_20_bps_GEQ65__trend_50_100_bps_GEQ35",
  "selected_label": "m5: trend_8_20_bps >= q65 AND trend_50_100_bps >= q35",
  "conditions": [
    {
      "feature": "trend_8_20_bps",
      "op": ">=",
      "threshold": 9.25846423904142,
      "current": 16.675227529356906
    },
    {
      "feature": "trend_50_100_bps",
      "op": ">=",
      "threshold": -14.337320822584214,
      "current": 126.82250520494654
    }
  ],
  "any_signal_active": true,
  "repo_kv": "/Users/vahid/Desktop/xauusd-trader/data/demo_execution/xauusd_stage151_m5_locked_rule_state_kv.csv",
  "repo_latest": "/Users/vahid/Desktop/xauusd-trader/data/demo_execution/xauusd_stage151_m5_locked_rule_state_latest.csv",
  "mt5_kv_written": true,
  "mt5_kv": "/Users/vahid/Library/Application Support/net.metaquotes.wine.metatrader5/drive_c/Program Files/MetaTrader 5/MQL5/Files/xauusd_stage151_m5_locked_rule_state_kv.csv",
  "mt5_latest": "/Users/vahid/Library/Application Support/net.metaquotes.wine.metatrader5/drive_c/Program Files/MetaTrader 5/MQL5/Files/xauusd_stage151_m5_locked_rule_state_latest.csv",
  "stage134_instruction": {
    "InpRuleStateKvFile": "xauusd_stage151_m5_locked_rule_state_kv.csv",
    "InpAllowedRules": "D150C_M5_trend_8_20_bps_GEQ65__trend_50_100_bps_GEQ35",
    "keep_InpEnableDemoOrders": "true only on demo account"
  },
  "summary_json": "/Users/vahid/Desktop/xauusd-trader/reports/stage151_locked_mtf_rule_state_writer/m5/stage151_locked_mtf_rule_state_writer_summary.json",
  "next": [
    "Use Stage151 for fast post-market-open refresh of a locked Stage150 MTF rule.",
    "Run full Stage150B scans offline only when changing or replacing the locked rule."
  ]
}
{
  "stage": "Stage151_LOCKED_MTF_RULE_STATE_WRITER",
  "generated_utc": "2026-07-05T17:08:36Z",
  "status": "STAGE151_COMPLETE_LOCKED_MTF_RULE_STATE_READY",
  "decision": "STAGE151_LOCKED_RULE_ACTIVE_POINT_STAGE134_TO_STAGE151_FILE",
  "root": "/Users/vahid/Desktop/xauusd-trader",
  "bars_path": "/Users/vahid/Downloads/xauusd_fundamental_event_inbox/amarkets_xauusd_5m.csv",
  "source_summary": "/Users/vahid/Desktop/xauusd-trader/reports/stage150_mtf_separated_validation_discovery/m5/stage150_mtf_separated_validation_discovery_summary.json",
  "tf": "m5",
  "timeframe_minutes": 5,
  "raw_row_count": 318228,
  "bar_count": 318228,
  "bar_min_utc": "2022-01-03T01:00:00+00:00",
  "bar_max_utc": "2026-07-03T19:55:00+00:00",
  "feature_date": "2026-07-03T19:55:00Z",
  "selected_rule_id": "D150C_M5_trend_8_20_bps_GEQ65__trend_50_100_bps_GEQ35",
  "selected_label": "m5: trend_8_20_bps >= q65 AND trend_50_100_bps >= q35",
  "conditions": [
    {
      "feature": "trend_8_20_bps",
      "op": ">=",
      "threshold": 9.25846423904142,
      "current": 16.675227529356906
    },
    {
      "feature": "trend_50_100_bps",
      "op": ">=",
      "threshold": -14.337320822584214,
      "current": 126.82250520494654
    }
  ],
  "any_signal_active": true,
  "repo_kv": "/Users/vahid/Desktop/xauusd-trader/data/demo_execution/xauusd_stage151_m5_locked_rule_state_kv.csv",
  "repo_latest": "/Users/vahid/Desktop/xauusd-trader/data/demo_execution/xauusd_stage151_m5_locked_rule_state_latest.csv",
  "mt5_kv_written": true,
  "mt5_kv": "/Users/vahid/Library/Application Support/net.metaquotes.wine.metatrader5/drive_c/Program Files/MetaTrader 5/MQL5/Files/xauusd_stage151_m5_locked_rule_state_kv.csv",
  "mt5_latest": "/Users/vahid/Library/Application Support/net.metaquotes.wine.metatrader5/drive_c/Program Files/MetaTrader 5/MQL5/Files/xauusd_stage151_m5_locked_rule_state_latest.csv",
  "stage134_instruction": {
    "InpRuleStateKvFile": "xauusd_stage151_m5_locked_rule_state_kv.csv",
    "InpAllowedRules": "D150C_M5_trend_8_20_bps_GEQ65__trend_50_100_bps_GEQ35",
    "keep_InpEnableDemoOrders": "true only on demo account"
  },
  "summary_json": "/Users/vahid/Desktop/xauusd-trader/reports/stage151_locked_mtf_rule_state_writer/m5/stage151_locked_mtf_rule_state_writer_summary.json",
  "next": [
    "Use Stage151 for fast post-market-open refresh of a locked Stage150 MTF rule.",
    "Run full Stage150B scans offline only when changing or replacing the locked rule."
  ]
}
{
  "stage": "Stage151_LOCKED_MTF_RULE_STATE_WRITER",
  "generated_utc": "2026-07-05T17:13:54Z",
  "status": "STAGE151_COMPLETE_LOCKED_MTF_RULE_STATE_READY",
  "decision": "STAGE151_LOCKED_RULE_ACTIVE_POINT_STAGE134_TO_STAGE151_FILE",
  "root": "/Users/vahid/Desktop/xauusd-trader",
  "bars_path": "/Users/vahid/Downloads/xauusd_fundamental_event_inbox/amarkets_xauusd_5m.csv",
  "source_summary": "/Users/vahid/Desktop/xauusd-trader/reports/stage150_mtf_separated_validation_discovery/m5/stage150_mtf_separated_validation_discovery_summary.json",
  "tf": "m5",
  "timeframe_minutes": 5,
  "raw_row_count": 318228,
  "bar_count": 318228,
  "bar_min_utc": "2022-01-03T01:00:00+00:00",
  "bar_max_utc": "2026-07-03T19:55:00+00:00",
  "feature_date": "2026-07-03T19:55:00Z",
  "selected_rule_id": "D150C_M5_trend_8_20_bps_GEQ65__trend_50_100_bps_GEQ35",
  "selected_label": "m5: trend_8_20_bps >= q65 AND trend_50_100_bps >= q35",
  "conditions": [
    {
      "feature": "trend_8_20_bps",
      "op": ">=",
      "threshold": 9.25846423904142,
      "current": 16.675227529356906
    },
    {
      "feature": "trend_50_100_bps",
      "op": ">=",
      "threshold": -14.337320822584214,
      "current": 126.82250520494654
    }
  ],
  "any_signal_active": true,
  "repo_kv": "/Users/vahid/Desktop/xauusd-trader/data/demo_execution/xauusd_stage151_m5_locked_rule_state_kv.csv",
  "repo_latest": "/Users/vahid/Desktop/xauusd-trader/data/demo_execution/xauusd_stage151_m5_locked_rule_state_latest.csv",
  "mt5_kv_written": true,
  "mt5_kv": "/Users/vahid/Library/Application Support/net.metaquotes.wine.metatrader5/drive_c/Program Files/MetaTrader 5/MQL5/Files/xauusd_stage151_m5_locked_rule_state_kv.csv",
  "mt5_latest": "/Users/vahid/Library/Application Support/net.metaquotes.wine.metatrader5/drive_c/Program Files/MetaTrader 5/MQL5/Files/xauusd_stage151_m5_locked_rule_state_latest.csv",
  "stage134_instruction": {
    "InpRuleStateKvFile": "xauusd_stage151_m5_locked_rule_state_kv.csv",
    "InpAllowedRules": "D150C_M5_trend_8_20_bps_GEQ65__trend_50_100_bps_GEQ35",
    "keep_InpEnableDemoOrders": "true only on demo account"
  },
  "summary_json": "/Users/vahid/Desktop/xauusd-trader/reports/stage151_locked_mtf_rule_state_writer/m5/stage151_locked_mtf_rule_state_writer_summary.json",
  "next": [
    "Use Stage151 for fast post-market-open refresh of a locked Stage150 MTF rule.",
    "Run full Stage150B scans offline only when changing or replacing the locked rule."
  ]
}
{
  "stage": "Stage151_LOCKED_MTF_RULE_STATE_WRITER",
  "generated_utc": "2026-07-05T17:19:08Z",
  "status": "STAGE151_COMPLETE_LOCKED_MTF_RULE_STATE_READY",
  "decision": "STAGE151_LOCKED_RULE_ACTIVE_POINT_STAGE134_TO_STAGE151_FILE",
  "root": "/Users/vahid/Desktop/xauusd-trader",
  "bars_path": "/Users/vahid/Downloads/xauusd_fundamental_event_inbox/amarkets_xauusd_5m.csv",
  "source_summary": "/Users/vahid/Desktop/xauusd-trader/reports/stage150_mtf_separated_validation_discovery/m5/stage150_mtf_separated_validation_discovery_summary.json",
  "tf": "m5",
  "timeframe_minutes": 5,
  "raw_row_count": 318228,
  "bar_count": 318228,
  "bar_min_utc": "2022-01-03T01:00:00+00:00",
  "bar_max_utc": "2026-07-03T19:55:00+00:00",
  "feature_date": "2026-07-03T19:55:00Z",
  "selected_rule_id": "D150C_M5_trend_8_20_bps_GEQ65__trend_50_100_bps_GEQ35",
  "selected_label": "m5: trend_8_20_bps >= q65 AND trend_50_100_bps >= q35",
  "conditions": [
    {
      "feature": "trend_8_20_bps",
      "op": ">=",
      "threshold": 9.25846423904142,
      "current": 16.675227529356906
    },
    {
      "feature": "trend_50_100_bps",
      "op": ">=",
      "threshold": -14.337320822584214,
      "current": 126.82250520494654
    }
  ],
  "any_signal_active": true,
  "repo_kv": "/Users/vahid/Desktop/xauusd-trader/data/demo_execution/xauusd_stage151_m5_locked_rule_state_kv.csv",
  "repo_latest": "/Users/vahid/Desktop/xauusd-trader/data/demo_execution/xauusd_stage151_m5_locked_rule_state_latest.csv",
  "mt5_kv_written": true,
  "mt5_kv": "/Users/vahid/Library/Application Support/net.metaquotes.wine.metatrader5/drive_c/Program Files/MetaTrader 5/MQL5/Files/xauusd_stage151_m5_locked_rule_state_kv.csv",
  "mt5_latest": "/Users/vahid/Library/Application Support/net.metaquotes.wine.metatrader5/drive_c/Program Files/MetaTrader 5/MQL5/Files/xauusd_stage151_m5_locked_rule_state_latest.csv",
  "stage134_instruction": {
    "InpRuleStateKvFile": "xauusd_stage151_m5_locked_rule_state_kv.csv",
    "InpAllowedRules": "D150C_M5_trend_8_20_bps_GEQ65__trend_50_100_bps_GEQ35",
    "keep_InpEnableDemoOrders": "true only on demo account"
  },
  "summary_json": "/Users/vahid/Desktop/xauusd-trader/reports/stage151_locked_mtf_rule_state_writer/m5/stage151_locked_mtf_rule_state_writer_summary.json",
  "next": [
    "Use Stage151 for fast post-market-open refresh of a locked Stage150 MTF rule.",
    "Run full Stage150B scans offline only when changing or replacing the locked rule."
  ]
}
{
  "stage": "Stage151_LOCKED_MTF_RULE_STATE_WRITER",
  "generated_utc": "2026-07-05T17:24:23Z",
  "status": "STAGE151_COMPLETE_LOCKED_MTF_RULE_STATE_READY",
  "decision": "STAGE151_LOCKED_RULE_ACTIVE_POINT_STAGE134_TO_STAGE151_FILE",
  "root": "/Users/vahid/Desktop/xauusd-trader",
  "bars_path": "/Users/vahid/Downloads/xauusd_fundamental_event_inbox/amarkets_xauusd_5m.csv",
  "source_summary": "/Users/vahid/Desktop/xauusd-trader/reports/stage150_mtf_separated_validation_discovery/m5/stage150_mtf_separated_validation_discovery_summary.json",
  "tf": "m5",
  "timeframe_minutes": 5,
  "raw_row_count": 318228,
  "bar_count": 318228,
  "bar_min_utc": "2022-01-03T01:00:00+00:00",
  "bar_max_utc": "2026-07-03T19:55:00+00:00",
  "feature_date": "2026-07-03T19:55:00Z",
  "selected_rule_id": "D150C_M5_trend_8_20_bps_GEQ65__trend_50_100_bps_GEQ35",
  "selected_label": "m5: trend_8_20_bps >= q65 AND trend_50_100_bps >= q35",
  "conditions": [
    {
      "feature": "trend_8_20_bps",
      "op": ">=",
      "threshold": 9.25846423904142,
      "current": 16.675227529356906
    },
    {
      "feature": "trend_50_100_bps",
      "op": ">=",
      "threshold": -14.337320822584214,
      "current": 126.82250520494654
    }
  ],
  "any_signal_active": true,
  "repo_kv": "/Users/vahid/Desktop/xauusd-trader/data/demo_execution/xauusd_stage151_m5_locked_rule_state_kv.csv",
  "repo_latest": "/Users/vahid/Desktop/xauusd-trader/data/demo_execution/xauusd_stage151_m5_locked_rule_state_latest.csv",
  "mt5_kv_written": true,
  "mt5_kv": "/Users/vahid/Library/Application Support/net.metaquotes.wine.metatrader5/drive_c/Program Files/MetaTrader 5/MQL5/Files/xauusd_stage151_m5_locked_rule_state_kv.csv",
  "mt5_latest": "/Users/vahid/Library/Application Support/net.metaquotes.wine.metatrader5/drive_c/Program Files/MetaTrader 5/MQL5/Files/xauusd_stage151_m5_locked_rule_state_latest.csv",
  "stage134_instruction": {
    "InpRuleStateKvFile": "xauusd_stage151_m5_locked_rule_state_kv.csv",
    "InpAllowedRules": "D150C_M5_trend_8_20_bps_GEQ65__trend_50_100_bps_GEQ35",
    "keep_InpEnableDemoOrders": "true only on demo account"
  },
  "summary_json": "/Users/vahid/Desktop/xauusd-trader/reports/stage151_locked_mtf_rule_state_writer/m5/stage151_locked_mtf_rule_state_writer_summary.json",
  "next": [
    "Use Stage151 for fast post-market-open refresh of a locked Stage150 MTF rule.",
    "Run full Stage150B scans offline only when changing or replacing the locked rule."
  ]
}
{
  "stage": "Stage151_LOCKED_MTF_RULE_STATE_WRITER",
  "generated_utc": "2026-07-05T17:29:47Z",
  "status": "STAGE151_COMPLETE_LOCKED_MTF_RULE_STATE_READY",
  "decision": "STAGE151_LOCKED_RULE_ACTIVE_POINT_STAGE134_TO_STAGE151_FILE",
  "root": "/Users/vahid/Desktop/xauusd-trader",
  "bars_path": "/Users/vahid/Downloads/xauusd_fundamental_event_inbox/amarkets_xauusd_5m.csv",
  "source_summary": "/Users/vahid/Desktop/xauusd-trader/reports/stage150_mtf_separated_validation_discovery/m5/stage150_mtf_separated_validation_discovery_summary.json",
  "tf": "m5",
  "timeframe_minutes": 5,
  "raw_row_count": 318228,
  "bar_count": 318228,
  "bar_min_utc": "2022-01-03T01:00:00+00:00",
  "bar_max_utc": "2026-07-03T19:55:00+00:00",
  "feature_date": "2026-07-03T19:55:00Z",
  "selected_rule_id": "D150C_M5_trend_8_20_bps_GEQ65__trend_50_100_bps_GEQ35",
  "selected_label": "m5: trend_8_20_bps >= q65 AND trend_50_100_bps >= q35",
  "conditions": [
    {
      "feature": "trend_8_20_bps",
      "op": ">=",
      "threshold": 9.25846423904142,
      "current": 16.675227529356906
    },
    {
      "feature": "trend_50_100_bps",
      "op": ">=",
      "threshold": -14.337320822584214,
      "current": 126.82250520494654
    }
  ],
  "any_signal_active": true,
  "repo_kv": "/Users/vahid/Desktop/xauusd-trader/data/demo_execution/xauusd_stage151_m5_locked_rule_state_kv.csv",
  "repo_latest": "/Users/vahid/Desktop/xauusd-trader/data/demo_execution/xauusd_stage151_m5_locked_rule_state_latest.csv",
  "mt5_kv_written": true,
  "mt5_kv": "/Users/vahid/Library/Application Support/net.metaquotes.wine.metatrader5/drive_c/Program Files/MetaTrader 5/MQL5/Files/xauusd_stage151_m5_locked_rule_state_kv.csv",
  "mt5_latest": "/Users/vahid/Library/Application Support/net.metaquotes.wine.metatrader5/drive_c/Program Files/MetaTrader 5/MQL5/Files/xauusd_stage151_m5_locked_rule_state_latest.csv",
  "stage134_instruction": {
    "InpRuleStateKvFile": "xauusd_stage151_m5_locked_rule_state_kv.csv",
    "InpAllowedRules": "D150C_M5_trend_8_20_bps_GEQ65__trend_50_100_bps_GEQ35",
    "keep_InpEnableDemoOrders": "true only on demo account"
  },
  "summary_json": "/Users/vahid/Desktop/xauusd-trader/reports/stage151_locked_mtf_rule_state_writer/m5/stage151_locked_mtf_rule_state_writer_summary.json",
  "next": [
    "Use Stage151 for fast post-market-open refresh of a locked Stage150 MTF rule.",
    "Run full Stage150B scans offline only when changing or replacing the locked rule."
  ]
}
{
  "stage": "Stage151_LOCKED_MTF_RULE_STATE_WRITER",
  "generated_utc": "2026-07-05T17:35:03Z",
  "status": "STAGE151_COMPLETE_LOCKED_MTF_RULE_STATE_READY",
  "decision": "STAGE151_LOCKED_RULE_ACTIVE_POINT_STAGE134_TO_STAGE151_FILE",
  "root": "/Users/vahid/Desktop/xauusd-trader",
  "bars_path": "/Users/vahid/Downloads/xauusd_fundamental_event_inbox/amarkets_xauusd_5m.csv",
  "source_summary": "/Users/vahid/Desktop/xauusd-trader/reports/stage150_mtf_separated_validation_discovery/m5/stage150_mtf_separated_validation_discovery_summary.json",
  "tf": "m5",
  "timeframe_minutes": 5,
  "raw_row_count": 318228,
  "bar_count": 318228,
  "bar_min_utc": "2022-01-03T01:00:00+00:00",
  "bar_max_utc": "2026-07-03T19:55:00+00:00",
  "feature_date": "2026-07-03T19:55:00Z",
  "selected_rule_id": "D150C_M5_trend_8_20_bps_GEQ65__trend_50_100_bps_GEQ35",
  "selected_label": "m5: trend_8_20_bps >= q65 AND trend_50_100_bps >= q35",
  "conditions": [
    {
      "feature": "trend_8_20_bps",
      "op": ">=",
      "threshold": 9.25846423904142,
      "current": 16.675227529356906
    },
    {
      "feature": "trend_50_100_bps",
      "op": ">=",
      "threshold": -14.337320822584214,
      "current": 126.82250520494654
    }
  ],
  "any_signal_active": true,
  "repo_kv": "/Users/vahid/Desktop/xauusd-trader/data/demo_execution/xauusd_stage151_m5_locked_rule_state_kv.csv",
  "repo_latest": "/Users/vahid/Desktop/xauusd-trader/data/demo_execution/xauusd_stage151_m5_locked_rule_state_latest.csv",
  "mt5_kv_written": true,
  "mt5_kv": "/Users/vahid/Library/Application Support/net.metaquotes.wine.metatrader5/drive_c/Program Files/MetaTrader 5/MQL5/Files/xauusd_stage151_m5_locked_rule_state_kv.csv",
  "mt5_latest": "/Users/vahid/Library/Application Support/net.metaquotes.wine.metatrader5/drive_c/Program Files/MetaTrader 5/MQL5/Files/xauusd_stage151_m5_locked_rule_state_latest.csv",
  "stage134_instruction": {
    "InpRuleStateKvFile": "xauusd_stage151_m5_locked_rule_state_kv.csv",
    "InpAllowedRules": "D150C_M5_trend_8_20_bps_GEQ65__trend_50_100_bps_GEQ35",
    "keep_InpEnableDemoOrders": "true only on demo account"
  },
  "summary_json": "/Users/vahid/Desktop/xauusd-trader/reports/stage151_locked_mtf_rule_state_writer/m5/stage151_locked_mtf_rule_state_writer_summary.json",
  "next": [
    "Use Stage151 for fast post-market-open refresh of a locked Stage150 MTF rule.",
    "Run full Stage150B scans offline only when changing or replacing the locked rule."
  ]
}
{
  "stage": "Stage151_LOCKED_MTF_RULE_STATE_WRITER",
  "generated_utc": "2026-07-05T17:40:20Z",
  "status": "STAGE151_COMPLETE_LOCKED_MTF_RULE_STATE_READY",
  "decision": "STAGE151_LOCKED_RULE_ACTIVE_POINT_STAGE134_TO_STAGE151_FILE",
  "root": "/Users/vahid/Desktop/xauusd-trader",
  "bars_path": "/Users/vahid/Downloads/xauusd_fundamental_event_inbox/amarkets_xauusd_5m.csv",
  "source_summary": "/Users/vahid/Desktop/xauusd-trader/reports/stage150_mtf_separated_validation_discovery/m5/stage150_mtf_separated_validation_discovery_summary.json",
  "tf": "m5",
  "timeframe_minutes": 5,
  "raw_row_count": 318228,
  "bar_count": 318228,
  "bar_min_utc": "2022-01-03T01:00:00+00:00",
  "bar_max_utc": "2026-07-03T19:55:00+00:00",
  "feature_date": "2026-07-03T19:55:00Z",
  "selected_rule_id": "D150C_M5_trend_8_20_bps_GEQ65__trend_50_100_bps_GEQ35",
  "selected_label": "m5: trend_8_20_bps >= q65 AND trend_50_100_bps >= q35",
  "conditions": [
    {
      "feature": "trend_8_20_bps",
      "op": ">=",
      "threshold": 9.25846423904142,
      "current": 16.675227529356906
    },
    {
      "feature": "trend_50_100_bps",
      "op": ">=",
      "threshold": -14.337320822584214,
      "current": 126.82250520494654
    }
  ],
  "any_signal_active": true,
  "repo_kv": "/Users/vahid/Desktop/xauusd-trader/data/demo_execution/xauusd_stage151_m5_locked_rule_state_kv.csv",
  "repo_latest": "/Users/vahid/Desktop/xauusd-trader/data/demo_execution/xauusd_stage151_m5_locked_rule_state_latest.csv",
  "mt5_kv_written": true,
  "mt5_kv": "/Users/vahid/Library/Application Support/net.metaquotes.wine.metatrader5/drive_c/Program Files/MetaTrader 5/MQL5/Files/xauusd_stage151_m5_locked_rule_state_kv.csv",
  "mt5_latest": "/Users/vahid/Library/Application Support/net.metaquotes.wine.metatrader5/drive_c/Program Files/MetaTrader 5/MQL5/Files/xauusd_stage151_m5_locked_rule_state_latest.csv",
  "stage134_instruction": {
    "InpRuleStateKvFile": "xauusd_stage151_m5_locked_rule_state_kv.csv",
    "InpAllowedRules": "D150C_M5_trend_8_20_bps_GEQ65__trend_50_100_bps_GEQ35",
    "keep_InpEnableDemoOrders": "true only on demo account"
  },
  "summary_json": "/Users/vahid/Desktop/xauusd-trader/reports/stage151_locked_mtf_rule_state_writer/m5/stage151_locked_mtf_rule_state_writer_summary.json",
  "next": [
    "Use Stage151 for fast post-market-open refresh of a locked Stage150 MTF rule.",
    "Run full Stage150B scans offline only when changing or replacing the locked rule."
  ]
}
{
  "stage": "Stage151_LOCKED_MTF_RULE_STATE_WRITER",
  "generated_utc": "2026-07-05T17:45:35Z",
  "status": "STAGE151_COMPLETE_LOCKED_MTF_RULE_STATE_READY",
  "decision": "STAGE151_LOCKED_RULE_ACTIVE_POINT_STAGE134_TO_STAGE151_FILE",
  "root": "/Users/vahid/Desktop/xauusd-trader",
  "bars_path": "/Users/vahid/Downloads/xauusd_fundamental_event_inbox/amarkets_xauusd_5m.csv",
  "source_summary": "/Users/vahid/Desktop/xauusd-trader/reports/stage150_mtf_separated_validation_discovery/m5/stage150_mtf_separated_validation_discovery_summary.json",
  "tf": "m5",
  "timeframe_minutes": 5,
  "raw_row_count": 318228,
  "bar_count": 318228,
  "bar_min_utc": "2022-01-03T01:00:00+00:00",
  "bar_max_utc": "2026-07-03T19:55:00+00:00",
  "feature_date": "2026-07-03T19:55:00Z",
  "selected_rule_id": "D150C_M5_trend_8_20_bps_GEQ65__trend_50_100_bps_GEQ35",
  "selected_label": "m5: trend_8_20_bps >= q65 AND trend_50_100_bps >= q35",
  "conditions": [
    {
      "feature": "trend_8_20_bps",
      "op": ">=",
      "threshold": 9.25846423904142,
      "current": 16.675227529356906
    },
    {
      "feature": "trend_50_100_bps",
      "op": ">=",
      "threshold": -14.337320822584214,
      "current": 126.82250520494654
    }
  ],
  "any_signal_active": true,
  "repo_kv": "/Users/vahid/Desktop/xauusd-trader/data/demo_execution/xauusd_stage151_m5_locked_rule_state_kv.csv",
  "repo_latest": "/Users/vahid/Desktop/xauusd-trader/data/demo_execution/xauusd_stage151_m5_locked_rule_state_latest.csv",
  "mt5_kv_written": true,
  "mt5_kv": "/Users/vahid/Library/Application Support/net.metaquotes.wine.metatrader5/drive_c/Program Files/MetaTrader 5/MQL5/Files/xauusd_stage151_m5_locked_rule_state_kv.csv",
  "mt5_latest": "/Users/vahid/Library/Application Support/net.metaquotes.wine.metatrader5/drive_c/Program Files/MetaTrader 5/MQL5/Files/xauusd_stage151_m5_locked_rule_state_latest.csv",
  "stage134_instruction": {
    "InpRuleStateKvFile": "xauusd_stage151_m5_locked_rule_state_kv.csv",
    "InpAllowedRules": "D150C_M5_trend_8_20_bps_GEQ65__trend_50_100_bps_GEQ35",
    "keep_InpEnableDemoOrders": "true only on demo account"
  },
  "summary_json": "/Users/vahid/Desktop/xauusd-trader/reports/stage151_locked_mtf_rule_state_writer/m5/stage151_locked_mtf_rule_state_writer_summary.json",
  "next": [
    "Use Stage151 for fast post-market-open refresh of a locked Stage150 MTF rule.",
    "Run full Stage150B scans offline only when changing or replacing the locked rule."
  ]
}
{
  "stage": "Stage151_LOCKED_MTF_RULE_STATE_WRITER",
  "generated_utc": "2026-07-05T17:51:00Z",
  "status": "STAGE151_COMPLETE_LOCKED_MTF_RULE_STATE_READY",
  "decision": "STAGE151_LOCKED_RULE_ACTIVE_POINT_STAGE134_TO_STAGE151_FILE",
  "root": "/Users/vahid/Desktop/xauusd-trader",
  "bars_path": "/Users/vahid/Downloads/xauusd_fundamental_event_inbox/amarkets_xauusd_5m.csv",
  "source_summary": "/Users/vahid/Desktop/xauusd-trader/reports/stage150_mtf_separated_validation_discovery/m5/stage150_mtf_separated_validation_discovery_summary.json",
  "tf": "m5",
  "timeframe_minutes": 5,
  "raw_row_count": 318228,
  "bar_count": 318228,
  "bar_min_utc": "2022-01-03T01:00:00+00:00",
  "bar_max_utc": "2026-07-03T19:55:00+00:00",
  "feature_date": "2026-07-03T19:55:00Z",
  "selected_rule_id": "D150C_M5_trend_8_20_bps_GEQ65__trend_50_100_bps_GEQ35",
  "selected_label": "m5: trend_8_20_bps >= q65 AND trend_50_100_bps >= q35",
  "conditions": [
    {
      "feature": "trend_8_20_bps",
      "op": ">=",
      "threshold": 9.25846423904142,
      "current": 16.675227529356906
    },
    {
      "feature": "trend_50_100_bps",
      "op": ">=",
      "threshold": -14.337320822584214,
      "current": 126.82250520494654
    }
  ],
  "any_signal_active": true,
  "repo_kv": "/Users/vahid/Desktop/xauusd-trader/data/demo_execution/xauusd_stage151_m5_locked_rule_state_kv.csv",
  "repo_latest": "/Users/vahid/Desktop/xauusd-trader/data/demo_execution/xauusd_stage151_m5_locked_rule_state_latest.csv",
  "mt5_kv_written": true,
  "mt5_kv": "/Users/vahid/Library/Application Support/net.metaquotes.wine.metatrader5/drive_c/Program Files/MetaTrader 5/MQL5/Files/xauusd_stage151_m5_locked_rule_state_kv.csv",
  "mt5_latest": "/Users/vahid/Library/Application Support/net.metaquotes.wine.metatrader5/drive_c/Program Files/MetaTrader 5/MQL5/Files/xauusd_stage151_m5_locked_rule_state_latest.csv",
  "stage134_instruction": {
    "InpRuleStateKvFile": "xauusd_stage151_m5_locked_rule_state_kv.csv",
    "InpAllowedRules": "D150C_M5_trend_8_20_bps_GEQ65__trend_50_100_bps_GEQ35",
    "keep_InpEnableDemoOrders": "true only on demo account"
  },
  "summary_json": "/Users/vahid/Desktop/xauusd-trader/reports/stage151_locked_mtf_rule_state_writer/m5/stage151_locked_mtf_rule_state_writer_summary.json",
  "next": [
    "Use Stage151 for fast post-market-open refresh of a locked Stage150 MTF rule.",
    "Run full Stage150B scans offline only when changing or replacing the locked rule."
  ]
}
{
  "stage": "Stage151_LOCKED_MTF_RULE_STATE_WRITER",
  "generated_utc": "2026-07-05T17:56:19Z",
  "status": "STAGE151_COMPLETE_LOCKED_MTF_RULE_STATE_READY",
  "decision": "STAGE151_LOCKED_RULE_ACTIVE_POINT_STAGE134_TO_STAGE151_FILE",
  "root": "/Users/vahid/Desktop/xauusd-trader",
  "bars_path": "/Users/vahid/Downloads/xauusd_fundamental_event_inbox/amarkets_xauusd_5m.csv",
  "source_summary": "/Users/vahid/Desktop/xauusd-trader/reports/stage150_mtf_separated_validation_discovery/m5/stage150_mtf_separated_validation_discovery_summary.json",
  "tf": "m5",
  "timeframe_minutes": 5,
  "raw_row_count": 318228,
  "bar_count": 318228,
  "bar_min_utc": "2022-01-03T01:00:00+00:00",
  "bar_max_utc": "2026-07-03T19:55:00+00:00",
  "feature_date": "2026-07-03T19:55:00Z",
  "selected_rule_id": "D150C_M5_trend_8_20_bps_GEQ65__trend_50_100_bps_GEQ35",
  "selected_label": "m5: trend_8_20_bps >= q65 AND trend_50_100_bps >= q35",
  "conditions": [
    {
      "feature": "trend_8_20_bps",
      "op": ">=",
      "threshold": 9.25846423904142,
      "current": 16.675227529356906
    },
    {
      "feature": "trend_50_100_bps",
      "op": ">=",
      "threshold": -14.337320822584214,
      "current": 126.82250520494654
    }
  ],
  "any_signal_active": true,
  "repo_kv": "/Users/vahid/Desktop/xauusd-trader/data/demo_execution/xauusd_stage151_m5_locked_rule_state_kv.csv",
  "repo_latest": "/Users/vahid/Desktop/xauusd-trader/data/demo_execution/xauusd_stage151_m5_locked_rule_state_latest.csv",
  "mt5_kv_written": true,
  "mt5_kv": "/Users/vahid/Library/Application Support/net.metaquotes.wine.metatrader5/drive_c/Program Files/MetaTrader 5/MQL5/Files/xauusd_stage151_m5_locked_rule_state_kv.csv",
  "mt5_latest": "/Users/vahid/Library/Application Support/net.metaquotes.wine.metatrader5/drive_c/Program Files/MetaTrader 5/MQL5/Files/xauusd_stage151_m5_locked_rule_state_latest.csv",
  "stage134_instruction": {
    "InpRuleStateKvFile": "xauusd_stage151_m5_locked_rule_state_kv.csv",
    "InpAllowedRules": "D150C_M5_trend_8_20_bps_GEQ65__trend_50_100_bps_GEQ35",
    "keep_InpEnableDemoOrders": "true only on demo account"
  },
  "summary_json": "/Users/vahid/Desktop/xauusd-trader/reports/stage151_locked_mtf_rule_state_writer/m5/stage151_locked_mtf_rule_state_writer_summary.json",
  "next": [
    "Use Stage151 for fast post-market-open refresh of a locked Stage150 MTF rule.",
    "Run full Stage150B scans offline only when changing or replacing the locked rule."
  ]
}
{
  "stage": "Stage151_LOCKED_MTF_RULE_STATE_WRITER",
  "generated_utc": "2026-07-05T18:01:39Z",
  "status": "STAGE151_COMPLETE_LOCKED_MTF_RULE_STATE_READY",
  "decision": "STAGE151_LOCKED_RULE_ACTIVE_POINT_STAGE134_TO_STAGE151_FILE",
  "root": "/Users/vahid/Desktop/xauusd-trader",
  "bars_path": "/Users/vahid/Downloads/xauusd_fundamental_event_inbox/amarkets_xauusd_5m.csv",
  "source_summary": "/Users/vahid/Desktop/xauusd-trader/reports/stage150_mtf_separated_validation_discovery/m5/stage150_mtf_separated_validation_discovery_summary.json",
  "tf": "m5",
  "timeframe_minutes": 5,
  "raw_row_count": 318228,
  "bar_count": 318228,
  "bar_min_utc": "2022-01-03T01:00:00+00:00",
  "bar_max_utc": "2026-07-03T19:55:00+00:00",
  "feature_date": "2026-07-03T19:55:00Z",
  "selected_rule_id": "D150C_M5_trend_8_20_bps_GEQ65__trend_50_100_bps_GEQ35",
  "selected_label": "m5: trend_8_20_bps >= q65 AND trend_50_100_bps >= q35",
  "conditions": [
    {
      "feature": "trend_8_20_bps",
      "op": ">=",
      "threshold": 9.25846423904142,
      "current": 16.675227529356906
    },
    {
      "feature": "trend_50_100_bps",
      "op": ">=",
      "threshold": -14.337320822584214,
      "current": 126.82250520494654
    }
  ],
  "any_signal_active": true,
  "repo_kv": "/Users/vahid/Desktop/xauusd-trader/data/demo_execution/xauusd_stage151_m5_locked_rule_state_kv.csv",
  "repo_latest": "/Users/vahid/Desktop/xauusd-trader/data/demo_execution/xauusd_stage151_m5_locked_rule_state_latest.csv",
  "mt5_kv_written": true,
  "mt5_kv": "/Users/vahid/Library/Application Support/net.metaquotes.wine.metatrader5/drive_c/Program Files/MetaTrader 5/MQL5/Files/xauusd_stage151_m5_locked_rule_state_kv.csv",
  "mt5_latest": "/Users/vahid/Library/Application Support/net.metaquotes.wine.metatrader5/drive_c/Program Files/MetaTrader 5/MQL5/Files/xauusd_stage151_m5_locked_rule_state_latest.csv",
  "stage134_instruction": {
    "InpRuleStateKvFile": "xauusd_stage151_m5_locked_rule_state_kv.csv",
    "InpAllowedRules": "D150C_M5_trend_8_20_bps_GEQ65__trend_50_100_bps_GEQ35",
    "keep_InpEnableDemoOrders": "true only on demo account"
  },
  "summary_json": "/Users/vahid/Desktop/xauusd-trader/reports/stage151_locked_mtf_rule_state_writer/m5/stage151_locked_mtf_rule_state_writer_summary.json",
  "next": [
    "Use Stage151 for fast post-market-open refresh of a locked Stage150 MTF rule.",
    "Run full Stage150B scans offline only when changing or replacing the locked rule."
  ]
}
{
  "stage": "Stage151_LOCKED_MTF_RULE_STATE_WRITER",
  "generated_utc": "2026-07-05T18:07:00Z",
  "status": "STAGE151_COMPLETE_LOCKED_MTF_RULE_STATE_READY",
  "decision": "STAGE151_LOCKED_RULE_ACTIVE_POINT_STAGE134_TO_STAGE151_FILE",
  "root": "/Users/vahid/Desktop/xauusd-trader",
  "bars_path": "/Users/vahid/Downloads/xauusd_fundamental_event_inbox/amarkets_xauusd_5m.csv",
  "source_summary": "/Users/vahid/Desktop/xauusd-trader/reports/stage150_mtf_separated_validation_discovery/m5/stage150_mtf_separated_validation_discovery_summary.json",
  "tf": "m5",
  "timeframe_minutes": 5,
  "raw_row_count": 318228,
  "bar_count": 318228,
  "bar_min_utc": "2022-01-03T01:00:00+00:00",
  "bar_max_utc": "2026-07-03T19:55:00+00:00",
  "feature_date": "2026-07-03T19:55:00Z",
  "selected_rule_id": "D150C_M5_trend_8_20_bps_GEQ65__trend_50_100_bps_GEQ35",
  "selected_label": "m5: trend_8_20_bps >= q65 AND trend_50_100_bps >= q35",
  "conditions": [
    {
      "feature": "trend_8_20_bps",
      "op": ">=",
      "threshold": 9.25846423904142,
      "current": 16.675227529356906
    },
    {
      "feature": "trend_50_100_bps",
      "op": ">=",
      "threshold": -14.337320822584214,
      "current": 126.82250520494654
    }
  ],
  "any_signal_active": true,
  "repo_kv": "/Users/vahid/Desktop/xauusd-trader/data/demo_execution/xauusd_stage151_m5_locked_rule_state_kv.csv",
  "repo_latest": "/Users/vahid/Desktop/xauusd-trader/data/demo_execution/xauusd_stage151_m5_locked_rule_state_latest.csv",
  "mt5_kv_written": true,
  "mt5_kv": "/Users/vahid/Library/Application Support/net.metaquotes.wine.metatrader5/drive_c/Program Files/MetaTrader 5/MQL5/Files/xauusd_stage151_m5_locked_rule_state_kv.csv",
  "mt5_latest": "/Users/vahid/Library/Application Support/net.metaquotes.wine.metatrader5/drive_c/Program Files/MetaTrader 5/MQL5/Files/xauusd_stage151_m5_locked_rule_state_latest.csv",
  "stage134_instruction": {
    "InpRuleStateKvFile": "xauusd_stage151_m5_locked_rule_state_kv.csv",
    "InpAllowedRules": "D150C_M5_trend_8_20_bps_GEQ65__trend_50_100_bps_GEQ35",
    "keep_InpEnableDemoOrders": "true only on demo account"
  },
  "summary_json": "/Users/vahid/Desktop/xauusd-trader/reports/stage151_locked_mtf_rule_state_writer/m5/stage151_locked_mtf_rule_state_writer_summary.json",
  "next": [
    "Use Stage151 for fast post-market-open refresh of a locked Stage150 MTF rule.",
    "Run full Stage150B scans offline only when changing or replacing the locked rule."
  ]
}
{
  "stage": "Stage151_LOCKED_MTF_RULE_STATE_WRITER",
  "generated_utc": "2026-07-05T18:12:24Z",
  "status": "STAGE151_COMPLETE_LOCKED_MTF_RULE_STATE_READY",
  "decision": "STAGE151_LOCKED_RULE_ACTIVE_POINT_STAGE134_TO_STAGE151_FILE",
  "root": "/Users/vahid/Desktop/xauusd-trader",
  "bars_path": "/Users/vahid/Downloads/xauusd_fundamental_event_inbox/amarkets_xauusd_5m.csv",
  "source_summary": "/Users/vahid/Desktop/xauusd-trader/reports/stage150_mtf_separated_validation_discovery/m5/stage150_mtf_separated_validation_discovery_summary.json",
  "tf": "m5",
  "timeframe_minutes": 5,
  "raw_row_count": 318228,
  "bar_count": 318228,
  "bar_min_utc": "2022-01-03T01:00:00+00:00",
  "bar_max_utc": "2026-07-03T19:55:00+00:00",
  "feature_date": "2026-07-03T19:55:00Z",
  "selected_rule_id": "D150C_M5_trend_8_20_bps_GEQ65__trend_50_100_bps_GEQ35",
  "selected_label": "m5: trend_8_20_bps >= q65 AND trend_50_100_bps >= q35",
  "conditions": [
    {
      "feature": "trend_8_20_bps",
      "op": ">=",
      "threshold": 9.25846423904142,
      "current": 16.675227529356906
    },
    {
      "feature": "trend_50_100_bps",
      "op": ">=",
      "threshold": -14.337320822584214,
      "current": 126.82250520494654
    }
  ],
  "any_signal_active": true,
  "repo_kv": "/Users/vahid/Desktop/xauusd-trader/data/demo_execution/xauusd_stage151_m5_locked_rule_state_kv.csv",
  "repo_latest": "/Users/vahid/Desktop/xauusd-trader/data/demo_execution/xauusd_stage151_m5_locked_rule_state_latest.csv",
  "mt5_kv_written": true,
  "mt5_kv": "/Users/vahid/Library/Application Support/net.metaquotes.wine.metatrader5/drive_c/Program Files/MetaTrader 5/MQL5/Files/xauusd_stage151_m5_locked_rule_state_kv.csv",
  "mt5_latest": "/Users/vahid/Library/Application Support/net.metaquotes.wine.metatrader5/drive_c/Program Files/MetaTrader 5/MQL5/Files/xauusd_stage151_m5_locked_rule_state_latest.csv",
  "stage134_instruction": {
    "InpRuleStateKvFile": "xauusd_stage151_m5_locked_rule_state_kv.csv",
    "InpAllowedRules": "D150C_M5_trend_8_20_bps_GEQ65__trend_50_100_bps_GEQ35",
    "keep_InpEnableDemoOrders": "true only on demo account"
  },
  "summary_json": "/Users/vahid/Desktop/xauusd-trader/reports/stage151_locked_mtf_rule_state_writer/m5/stage151_locked_mtf_rule_state_writer_summary.json",
  "next": [
    "Use Stage151 for fast post-market-open refresh of a locked Stage150 MTF rule.",
    "Run full Stage150B scans offline only when changing or replacing the locked rule."
  ]
}
{
  "stage": "Stage151_LOCKED_MTF_RULE_STATE_WRITER",
  "generated_utc": "2026-07-05T18:17:39Z",
  "status": "STAGE151_COMPLETE_LOCKED_MTF_RULE_STATE_READY",
  "decision": "STAGE151_LOCKED_RULE_ACTIVE_POINT_STAGE134_TO_STAGE151_FILE",
  "root": "/Users/vahid/Desktop/xauusd-trader",
  "bars_path": "/Users/vahid/Downloads/xauusd_fundamental_event_inbox/amarkets_xauusd_5m.csv",
  "source_summary": "/Users/vahid/Desktop/xauusd-trader/reports/stage150_mtf_separated_validation_discovery/m5/stage150_mtf_separated_validation_discovery_summary.json",
  "tf": "m5",
  "timeframe_minutes": 5,
  "raw_row_count": 318228,
  "bar_count": 318228,
  "bar_min_utc": "2022-01-03T01:00:00+00:00",
  "bar_max_utc": "2026-07-03T19:55:00+00:00",
  "feature_date": "2026-07-03T19:55:00Z",
  "selected_rule_id": "D150C_M5_trend_8_20_bps_GEQ65__trend_50_100_bps_GEQ35",
  "selected_label": "m5: trend_8_20_bps >= q65 AND trend_50_100_bps >= q35",
  "conditions": [
    {
      "feature": "trend_8_20_bps",
      "op": ">=",
      "threshold": 9.25846423904142,
      "current": 16.675227529356906
    },
    {
      "feature": "trend_50_100_bps",
      "op": ">=",
      "threshold": -14.337320822584214,
      "current": 126.82250520494654
    }
  ],
  "any_signal_active": true,
  "repo_kv": "/Users/vahid/Desktop/xauusd-trader/data/demo_execution/xauusd_stage151_m5_locked_rule_state_kv.csv",
  "repo_latest": "/Users/vahid/Desktop/xauusd-trader/data/demo_execution/xauusd_stage151_m5_locked_rule_state_latest.csv",
  "mt5_kv_written": true,
  "mt5_kv": "/Users/vahid/Library/Application Support/net.metaquotes.wine.metatrader5/drive_c/Program Files/MetaTrader 5/MQL5/Files/xauusd_stage151_m5_locked_rule_state_kv.csv",
  "mt5_latest": "/Users/vahid/Library/Application Support/net.metaquotes.wine.metatrader5/drive_c/Program Files/MetaTrader 5/MQL5/Files/xauusd_stage151_m5_locked_rule_state_latest.csv",
  "stage134_instruction": {
    "InpRuleStateKvFile": "xauusd_stage151_m5_locked_rule_state_kv.csv",
    "InpAllowedRules": "D150C_M5_trend_8_20_bps_GEQ65__trend_50_100_bps_GEQ35",
    "keep_InpEnableDemoOrders": "true only on demo account"
  },
  "summary_json": "/Users/vahid/Desktop/xauusd-trader/reports/stage151_locked_mtf_rule_state_writer/m5/stage151_locked_mtf_rule_state_writer_summary.json",
  "next": [
    "Use Stage151 for fast post-market-open refresh of a locked Stage150 MTF rule.",
    "Run full Stage150B scans offline only when changing or replacing the locked rule."
  ]
}
{
  "stage": "Stage151_LOCKED_MTF_RULE_STATE_WRITER",
  "generated_utc": "2026-07-05T18:22:57Z",
  "status": "STAGE151_COMPLETE_LOCKED_MTF_RULE_STATE_READY",
  "decision": "STAGE151_LOCKED_RULE_ACTIVE_POINT_STAGE134_TO_STAGE151_FILE",
  "root": "/Users/vahid/Desktop/xauusd-trader",
  "bars_path": "/Users/vahid/Downloads/xauusd_fundamental_event_inbox/amarkets_xauusd_5m.csv",
  "source_summary": "/Users/vahid/Desktop/xauusd-trader/reports/stage150_mtf_separated_validation_discovery/m5/stage150_mtf_separated_validation_discovery_summary.json",
  "tf": "m5",
  "timeframe_minutes": 5,
  "raw_row_count": 318228,
  "bar_count": 318228,
  "bar_min_utc": "2022-01-03T01:00:00+00:00",
  "bar_max_utc": "2026-07-03T19:55:00+00:00",
  "feature_date": "2026-07-03T19:55:00Z",
  "selected_rule_id": "D150C_M5_trend_8_20_bps_GEQ65__trend_50_100_bps_GEQ35",
  "selected_label": "m5: trend_8_20_bps >= q65 AND trend_50_100_bps >= q35",
  "conditions": [
    {
      "feature": "trend_8_20_bps",
      "op": ">=",
      "threshold": 9.25846423904142,
      "current": 16.675227529356906
    },
    {
      "feature": "trend_50_100_bps",
      "op": ">=",
      "threshold": -14.337320822584214,
      "current": 126.82250520494654
    }
  ],
  "any_signal_active": true,
  "repo_kv": "/Users/vahid/Desktop/xauusd-trader/data/demo_execution/xauusd_stage151_m5_locked_rule_state_kv.csv",
  "repo_latest": "/Users/vahid/Desktop/xauusd-trader/data/demo_execution/xauusd_stage151_m5_locked_rule_state_latest.csv",
  "mt5_kv_written": true,
  "mt5_kv": "/Users/vahid/Library/Application Support/net.metaquotes.wine.metatrader5/drive_c/Program Files/MetaTrader 5/MQL5/Files/xauusd_stage151_m5_locked_rule_state_kv.csv",
  "mt5_latest": "/Users/vahid/Library/Application Support/net.metaquotes.wine.metatrader5/drive_c/Program Files/MetaTrader 5/MQL5/Files/xauusd_stage151_m5_locked_rule_state_latest.csv",
  "stage134_instruction": {
    "InpRuleStateKvFile": "xauusd_stage151_m5_locked_rule_state_kv.csv",
    "InpAllowedRules": "D150C_M5_trend_8_20_bps_GEQ65__trend_50_100_bps_GEQ35",
    "keep_InpEnableDemoOrders": "true only on demo account"
  },
  "summary_json": "/Users/vahid/Desktop/xauusd-trader/reports/stage151_locked_mtf_rule_state_writer/m5/stage151_locked_mtf_rule_state_writer_summary.json",
  "next": [
    "Use Stage151 for fast post-market-open refresh of a locked Stage150 MTF rule.",
    "Run full Stage150B scans offline only when changing or replacing the locked rule."
  ]
}
{
  "stage": "Stage151_LOCKED_MTF_RULE_STATE_WRITER",
  "generated_utc": "2026-07-05T18:28:17Z",
  "status": "STAGE151_COMPLETE_LOCKED_MTF_RULE_STATE_READY",
  "decision": "STAGE151_LOCKED_RULE_ACTIVE_POINT_STAGE134_TO_STAGE151_FILE",
  "root": "/Users/vahid/Desktop/xauusd-trader",
  "bars_path": "/Users/vahid/Downloads/xauusd_fundamental_event_inbox/amarkets_xauusd_5m.csv",
  "source_summary": "/Users/vahid/Desktop/xauusd-trader/reports/stage150_mtf_separated_validation_discovery/m5/stage150_mtf_separated_validation_discovery_summary.json",
  "tf": "m5",
  "timeframe_minutes": 5,
  "raw_row_count": 318228,
  "bar_count": 318228,
  "bar_min_utc": "2022-01-03T01:00:00+00:00",
  "bar_max_utc": "2026-07-03T19:55:00+00:00",
  "feature_date": "2026-07-03T19:55:00Z",
  "selected_rule_id": "D150C_M5_trend_8_20_bps_GEQ65__trend_50_100_bps_GEQ35",
  "selected_label": "m5: trend_8_20_bps >= q65 AND trend_50_100_bps >= q35",
  "conditions": [
    {
      "feature": "trend_8_20_bps",
      "op": ">=",
      "threshold": 9.25846423904142,
      "current": 16.675227529356906
    },
    {
      "feature": "trend_50_100_bps",
      "op": ">=",
      "threshold": -14.337320822584214,
      "current": 126.82250520494654
    }
  ],
  "any_signal_active": true,
  "repo_kv": "/Users/vahid/Desktop/xauusd-trader/data/demo_execution/xauusd_stage151_m5_locked_rule_state_kv.csv",
  "repo_latest": "/Users/vahid/Desktop/xauusd-trader/data/demo_execution/xauusd_stage151_m5_locked_rule_state_latest.csv",
  "mt5_kv_written": true,
  "mt5_kv": "/Users/vahid/Library/Application Support/net.metaquotes.wine.metatrader5/drive_c/Program Files/MetaTrader 5/MQL5/Files/xauusd_stage151_m5_locked_rule_state_kv.csv",
  "mt5_latest": "/Users/vahid/Library/Application Support/net.metaquotes.wine.metatrader5/drive_c/Program Files/MetaTrader 5/MQL5/Files/xauusd_stage151_m5_locked_rule_state_latest.csv",
  "stage134_instruction": {
    "InpRuleStateKvFile": "xauusd_stage151_m5_locked_rule_state_kv.csv",
    "InpAllowedRules": "D150C_M5_trend_8_20_bps_GEQ65__trend_50_100_bps_GEQ35",
    "keep_InpEnableDemoOrders": "true only on demo account"
  },
  "summary_json": "/Users/vahid/Desktop/xauusd-trader/reports/stage151_locked_mtf_rule_state_writer/m5/stage151_locked_mtf_rule_state_writer_summary.json",
  "next": [
    "Use Stage151 for fast post-market-open refresh of a locked Stage150 MTF rule.",
    "Run full Stage150B scans offline only when changing or replacing the locked rule."
  ]
}
{
  "stage": "Stage151_LOCKED_MTF_RULE_STATE_WRITER",
  "generated_utc": "2026-07-05T18:33:42Z",
  "status": "STAGE151_COMPLETE_LOCKED_MTF_RULE_STATE_READY",
  "decision": "STAGE151_LOCKED_RULE_ACTIVE_POINT_STAGE134_TO_STAGE151_FILE",
  "root": "/Users/vahid/Desktop/xauusd-trader",
  "bars_path": "/Users/vahid/Downloads/xauusd_fundamental_event_inbox/amarkets_xauusd_5m.csv",
  "source_summary": "/Users/vahid/Desktop/xauusd-trader/reports/stage150_mtf_separated_validation_discovery/m5/stage150_mtf_separated_validation_discovery_summary.json",
  "tf": "m5",
  "timeframe_minutes": 5,
  "raw_row_count": 318228,
  "bar_count": 318228,
  "bar_min_utc": "2022-01-03T01:00:00+00:00",
  "bar_max_utc": "2026-07-03T19:55:00+00:00",
  "feature_date": "2026-07-03T19:55:00Z",
  "selected_rule_id": "D150C_M5_trend_8_20_bps_GEQ65__trend_50_100_bps_GEQ35",
  "selected_label": "m5: trend_8_20_bps >= q65 AND trend_50_100_bps >= q35",
  "conditions": [
    {
      "feature": "trend_8_20_bps",
      "op": ">=",
      "threshold": 9.25846423904142,
      "current": 16.675227529356906
    },
    {
      "feature": "trend_50_100_bps",
      "op": ">=",
      "threshold": -14.337320822584214,
      "current": 126.82250520494654
    }
  ],
  "any_signal_active": true,
  "repo_kv": "/Users/vahid/Desktop/xauusd-trader/data/demo_execution/xauusd_stage151_m5_locked_rule_state_kv.csv",
  "repo_latest": "/Users/vahid/Desktop/xauusd-trader/data/demo_execution/xauusd_stage151_m5_locked_rule_state_latest.csv",
  "mt5_kv_written": true,
  "mt5_kv": "/Users/vahid/Library/Application Support/net.metaquotes.wine.metatrader5/drive_c/Program Files/MetaTrader 5/MQL5/Files/xauusd_stage151_m5_locked_rule_state_kv.csv",
  "mt5_latest": "/Users/vahid/Library/Application Support/net.metaquotes.wine.metatrader5/drive_c/Program Files/MetaTrader 5/MQL5/Files/xauusd_stage151_m5_locked_rule_state_latest.csv",
  "stage134_instruction": {
    "InpRuleStateKvFile": "xauusd_stage151_m5_locked_rule_state_kv.csv",
    "InpAllowedRules": "D150C_M5_trend_8_20_bps_GEQ65__trend_50_100_bps_GEQ35",
    "keep_InpEnableDemoOrders": "true only on demo account"
  },
  "summary_json": "/Users/vahid/Desktop/xauusd-trader/reports/stage151_locked_mtf_rule_state_writer/m5/stage151_locked_mtf_rule_state_writer_summary.json",
  "next": [
    "Use Stage151 for fast post-market-open refresh of a locked Stage150 MTF rule.",
    "Run full Stage150B scans offline only when changing or replacing the locked rule."
  ]
}
{
  "stage": "Stage151_LOCKED_MTF_RULE_STATE_WRITER",
  "generated_utc": "2026-07-05T20:38:44Z",
  "status": "STAGE151_COMPLETE_LOCKED_MTF_RULE_STATE_READY",
  "decision": "STAGE151_LOCKED_RULE_ACTIVE_POINT_STAGE134_TO_STAGE151_FILE",
  "root": "/Users/vahid/Desktop/xauusd-trader",
  "bars_path": "/Users/vahid/Downloads/xauusd_fundamental_event_inbox/amarkets_xauusd_5m.csv",
  "source_summary": "/Users/vahid/Desktop/xauusd-trader/reports/stage150_mtf_separated_validation_discovery/m5/stage150_mtf_separated_validation_discovery_summary.json",
  "tf": "m5",
  "timeframe_minutes": 5,
  "raw_row_count": 318228,
  "bar_count": 318228,
  "bar_min_utc": "2022-01-03T01:00:00+00:00",
  "bar_max_utc": "2026-07-03T19:55:00+00:00",
  "feature_date": "2026-07-03T19:55:00Z",
  "selected_rule_id": "D150C_M5_trend_8_20_bps_GEQ65__trend_50_100_bps_GEQ35",
  "selected_label": "m5: trend_8_20_bps >= q65 AND trend_50_100_bps >= q35",
  "conditions": [
    {
      "feature": "trend_8_20_bps",
      "op": ">=",
      "threshold": 9.25846423904142,
      "current": 16.675227529356906
    },
    {
      "feature": "trend_50_100_bps",
      "op": ">=",
      "threshold": -14.337320822584214,
      "current": 126.82250520494654
    }
  ],
  "any_signal_active": true,
  "repo_kv": "/Users/vahid/Desktop/xauusd-trader/data/demo_execution/xauusd_stage151_m5_locked_rule_state_kv.csv",
  "repo_latest": "/Users/vahid/Desktop/xauusd-trader/data/demo_execution/xauusd_stage151_m5_locked_rule_state_latest.csv",
  "mt5_kv_written": true,
  "mt5_kv": "/Users/vahid/Library/Application Support/net.metaquotes.wine.metatrader5/drive_c/Program Files/MetaTrader 5/MQL5/Files/xauusd_stage151_m5_locked_rule_state_kv.csv",
  "mt5_latest": "/Users/vahid/Library/Application Support/net.metaquotes.wine.metatrader5/drive_c/Program Files/MetaTrader 5/MQL5/Files/xauusd_stage151_m5_locked_rule_state_latest.csv",
  "stage134_instruction": {
    "InpRuleStateKvFile": "xauusd_stage151_m5_locked_rule_state_kv.csv",
    "InpAllowedRules": "D150C_M5_trend_8_20_bps_GEQ65__trend_50_100_bps_GEQ35",
    "keep_InpEnableDemoOrders": "true only on demo account"
  },
  "summary_json": "/Users/vahid/Desktop/xauusd-trader/reports/stage151_locked_mtf_rule_state_writer/m5/stage151_locked_mtf_rule_state_writer_summary.json",
  "next": [
    "Use Stage151 for fast post-market-open refresh of a locked Stage150 MTF rule.",
    "Run full Stage150B scans offline only when changing or replacing the locked rule."
  ]
}
{
  "stage": "Stage151_LOCKED_MTF_RULE_STATE_WRITER",
  "generated_utc": "2026-07-06T00:43:12Z",
  "status": "STAGE151_COMPLETE_LOCKED_MTF_RULE_STATE_READY",
  "decision": "STAGE151_LOCKED_RULE_ACTIVE_POINT_STAGE134_TO_STAGE151_FILE",
  "root": "/Users/vahid/Desktop/xauusd-trader",
  "bars_path": "/Users/vahid/Downloads/xauusd_fundamental_event_inbox/amarkets_xauusd_5m.csv",
  "source_summary": "/Users/vahid/Desktop/xauusd-trader/reports/stage150_mtf_separated_validation_discovery/m5/stage150_mtf_separated_validation_discovery_summary.json",
  "tf": "m5",
  "timeframe_minutes": 5,
  "raw_row_count": 318228,
  "bar_count": 318228,
  "bar_min_utc": "2022-01-03T01:00:00+00:00",
  "bar_max_utc": "2026-07-03T19:55:00+00:00",
  "feature_date": "2026-07-03T19:55:00Z",
  "selected_rule_id": "D150C_M5_trend_8_20_bps_GEQ65__trend_50_100_bps_GEQ35",
  "selected_label": "m5: trend_8_20_bps >= q65 AND trend_50_100_bps >= q35",
  "conditions": [
    {
      "feature": "trend_8_20_bps",
      "op": ">=",
      "threshold": 9.25846423904142,
      "current": 16.675227529356906
    },
    {
      "feature": "trend_50_100_bps",
      "op": ">=",
      "threshold": -14.337320822584214,
      "current": 126.82250520494654
    }
  ],
  "any_signal_active": true,
  "repo_kv": "/Users/vahid/Desktop/xauusd-trader/data/demo_execution/xauusd_stage151_m5_locked_rule_state_kv.csv",
  "repo_latest": "/Users/vahid/Desktop/xauusd-trader/data/demo_execution/xauusd_stage151_m5_locked_rule_state_latest.csv",
  "mt5_kv_written": true,
  "mt5_kv": "/Users/vahid/Library/Application Support/net.metaquotes.wine.metatrader5/drive_c/Program Files/MetaTrader 5/MQL5/Files/xauusd_stage151_m5_locked_rule_state_kv.csv",
  "mt5_latest": "/Users/vahid/Library/Application Support/net.metaquotes.wine.metatrader5/drive_c/Program Files/MetaTrader 5/MQL5/Files/xauusd_stage151_m5_locked_rule_state_latest.csv",
  "stage134_instruction": {
    "InpRuleStateKvFile": "xauusd_stage151_m5_locked_rule_state_kv.csv",
    "InpAllowedRules": "D150C_M5_trend_8_20_bps_GEQ65__trend_50_100_bps_GEQ35",
    "keep_InpEnableDemoOrders": "true only on demo account"
  },
  "summary_json": "/Users/vahid/Desktop/xauusd-trader/reports/stage151_locked_mtf_rule_state_writer/m5/stage151_locked_mtf_rule_state_writer_summary.json",
  "next": [
    "Use Stage151 for fast post-market-open refresh of a locked Stage150 MTF rule.",
    "Run full Stage150B scans offline only when changing or replacing the locked rule."
  ]
}
{
  "stage": "Stage151_LOCKED_MTF_RULE_STATE_WRITER",
  "generated_utc": "2026-07-06T06:28:06Z",
  "status": "STAGE151_COMPLETE_LOCKED_MTF_RULE_STATE_READY",
  "decision": "STAGE151_LOCKED_RULE_ACTIVE_POINT_STAGE134_TO_STAGE151_FILE",
  "root": "/Users/vahid/Desktop/xauusd-trader",
  "bars_path": "/Users/vahid/Downloads/xauusd_fundamental_event_inbox/amarkets_xauusd_5m.csv",
  "source_summary": "/Users/vahid/Desktop/xauusd-trader/reports/stage150_mtf_separated_validation_discovery/m5/stage150_mtf_separated_validation_discovery_summary.json",
  "tf": "m5",
  "timeframe_minutes": 5,
  "raw_row_count": 318228,
  "bar_count": 318228,
  "bar_min_utc": "2022-01-03T01:00:00+00:00",
  "bar_max_utc": "2026-07-03T19:55:00+00:00",
  "feature_date": "2026-07-03T19:55:00Z",
  "selected_rule_id": "D150C_M5_trend_8_20_bps_GEQ65__trend_50_100_bps_GEQ35",
  "selected_label": "m5: trend_8_20_bps >= q65 AND trend_50_100_bps >= q35",
  "conditions": [
    {
      "feature": "trend_8_20_bps",
      "op": ">=",
      "threshold": 9.25846423904142,
      "current": 16.675227529356906
    },
    {
      "feature": "trend_50_100_bps",
      "op": ">=",
      "threshold": -14.337320822584214,
      "current": 126.82250520494654
    }
  ],
  "any_signal_active": true,
  "repo_kv": "/Users/vahid/Desktop/xauusd-trader/data/demo_execution/xauusd_stage151_m5_locked_rule_state_kv.csv",
  "repo_latest": "/Users/vahid/Desktop/xauusd-trader/data/demo_execution/xauusd_stage151_m5_locked_rule_state_latest.csv",
  "mt5_kv_written": true,
  "mt5_kv": "/Users/vahid/Library/Application Support/net.metaquotes.wine.metatrader5/drive_c/Program Files/MetaTrader 5/MQL5/Files/xauusd_stage151_m5_locked_rule_state_kv.csv",
  "mt5_latest": "/Users/vahid/Library/Application Support/net.metaquotes.wine.metatrader5/drive_c/Program Files/MetaTrader 5/MQL5/Files/xauusd_stage151_m5_locked_rule_state_latest.csv",
  "stage134_instruction": {
    "InpRuleStateKvFile": "xauusd_stage151_m5_locked_rule_state_kv.csv",
    "InpAllowedRules": "D150C_M5_trend_8_20_bps_GEQ65__trend_50_100_bps_GEQ35",
    "keep_InpEnableDemoOrders": "true only on demo account"
  },
  "summary_json": "/Users/vahid/Desktop/xauusd-trader/reports/stage151_locked_mtf_rule_state_writer/m5/stage151_locked_mtf_rule_state_writer_summary.json",
  "next": [
    "Use Stage151 for fast post-market-open refresh of a locked Stage150 MTF rule.",
    "Run full Stage150B scans offline only when changing or replacing the locked rule."
  ]
}
{
  "stage": "Stage151_LOCKED_MTF_RULE_STATE_WRITER",
  "generated_utc": "2026-07-06T06:33:49Z",
  "status": "STAGE151_COMPLETE_LOCKED_MTF_RULE_STATE_READY",
  "decision": "STAGE151_LOCKED_RULE_ACTIVE_POINT_STAGE134_TO_STAGE151_FILE",
  "root": "/Users/vahid/Desktop/xauusd-trader",
  "bars_path": "/Users/vahid/Downloads/xauusd_fundamental_event_inbox/amarkets_xauusd_5m.csv",
  "source_summary": "/Users/vahid/Desktop/xauusd-trader/reports/stage150_mtf_separated_validation_discovery/m5/stage150_mtf_separated_validation_discovery_summary.json",
  "tf": "m5",
  "timeframe_minutes": 5,
  "raw_row_count": 318228,
  "bar_count": 318228,
  "bar_min_utc": "2022-01-03T01:00:00+00:00",
  "bar_max_utc": "2026-07-03T19:55:00+00:00",
  "feature_date": "2026-07-03T19:55:00Z",
  "selected_rule_id": "D150C_M5_trend_8_20_bps_GEQ65__trend_50_100_bps_GEQ35",
  "selected_label": "m5: trend_8_20_bps >= q65 AND trend_50_100_bps >= q35",
  "conditions": [
    {
      "feature": "trend_8_20_bps",
      "op": ">=",
      "threshold": 9.25846423904142,
      "current": 16.675227529356906
    },
    {
      "feature": "trend_50_100_bps",
      "op": ">=",
      "threshold": -14.337320822584214,
      "current": 126.82250520494654
    }
  ],
  "any_signal_active": true,
  "repo_kv": "/Users/vahid/Desktop/xauusd-trader/data/demo_execution/xauusd_stage151_m5_locked_rule_state_kv.csv",
  "repo_latest": "/Users/vahid/Desktop/xauusd-trader/data/demo_execution/xauusd_stage151_m5_locked_rule_state_latest.csv",
  "mt5_kv_written": true,
  "mt5_kv": "/Users/vahid/Library/Application Support/net.metaquotes.wine.metatrader5/drive_c/Program Files/MetaTrader 5/MQL5/Files/xauusd_stage151_m5_locked_rule_state_kv.csv",
  "mt5_latest": "/Users/vahid/Library/Application Support/net.metaquotes.wine.metatrader5/drive_c/Program Files/MetaTrader 5/MQL5/Files/xauusd_stage151_m5_locked_rule_state_latest.csv",
  "stage134_instruction": {
    "InpRuleStateKvFile": "xauusd_stage151_m5_locked_rule_state_kv.csv",
    "InpAllowedRules": "D150C_M5_trend_8_20_bps_GEQ65__trend_50_100_bps_GEQ35",
    "keep_InpEnableDemoOrders": "true only on demo account"
  },
  "summary_json": "/Users/vahid/Desktop/xauusd-trader/reports/stage151_locked_mtf_rule_state_writer/m5/stage151_locked_mtf_rule_state_writer_summary.json",
  "next": [
    "Use Stage151 for fast post-market-open refresh of a locked Stage150 MTF rule.",
    "Run full Stage150B scans offline only when changing or replacing the locked rule."
  ]
}
{
  "stage": "Stage151_LOCKED_MTF_RULE_STATE_WRITER",
  "generated_utc": "2026-07-06T06:39:34Z",
  "status": "STAGE151_COMPLETE_LOCKED_MTF_RULE_STATE_READY",
  "decision": "STAGE151_LOCKED_RULE_ACTIVE_POINT_STAGE134_TO_STAGE151_FILE",
  "root": "/Users/vahid/Desktop/xauusd-trader",
  "bars_path": "/Users/vahid/Downloads/xauusd_fundamental_event_inbox/amarkets_xauusd_5m.csv",
  "source_summary": "/Users/vahid/Desktop/xauusd-trader/reports/stage150_mtf_separated_validation_discovery/m5/stage150_mtf_separated_validation_discovery_summary.json",
  "tf": "m5",
  "timeframe_minutes": 5,
  "raw_row_count": 318228,
  "bar_count": 318228,
  "bar_min_utc": "2022-01-03T01:00:00+00:00",
  "bar_max_utc": "2026-07-03T19:55:00+00:00",
  "feature_date": "2026-07-03T19:55:00Z",
  "selected_rule_id": "D150C_M5_trend_8_20_bps_GEQ65__trend_50_100_bps_GEQ35",
  "selected_label": "m5: trend_8_20_bps >= q65 AND trend_50_100_bps >= q35",
  "conditions": [
    {
      "feature": "trend_8_20_bps",
      "op": ">=",
      "threshold": 9.25846423904142,
      "current": 16.675227529356906
    },
    {
      "feature": "trend_50_100_bps",
      "op": ">=",
      "threshold": -14.337320822584214,
      "current": 126.82250520494654
    }
  ],
  "any_signal_active": true,
  "repo_kv": "/Users/vahid/Desktop/xauusd-trader/data/demo_execution/xauusd_stage151_m5_locked_rule_state_kv.csv",
  "repo_latest": "/Users/vahid/Desktop/xauusd-trader/data/demo_execution/xauusd_stage151_m5_locked_rule_state_latest.csv",
  "mt5_kv_written": true,
  "mt5_kv": "/Users/vahid/Library/Application Support/net.metaquotes.wine.metatrader5/drive_c/Program Files/MetaTrader 5/MQL5/Files/xauusd_stage151_m5_locked_rule_state_kv.csv",
  "mt5_latest": "/Users/vahid/Library/Application Support/net.metaquotes.wine.metatrader5/drive_c/Program Files/MetaTrader 5/MQL5/Files/xauusd_stage151_m5_locked_rule_state_latest.csv",
  "stage134_instruction": {
    "InpRuleStateKvFile": "xauusd_stage151_m5_locked_rule_state_kv.csv",
    "InpAllowedRules": "D150C_M5_trend_8_20_bps_GEQ65__trend_50_100_bps_GEQ35",
    "keep_InpEnableDemoOrders": "true only on demo account"
  },
  "summary_json": "/Users/vahid/Desktop/xauusd-trader/reports/stage151_locked_mtf_rule_state_writer/m5/stage151_locked_mtf_rule_state_writer_summary.json",
  "next": [
    "Use Stage151 for fast post-market-open refresh of a locked Stage150 MTF rule.",
    "Run full Stage150B scans offline only when changing or replacing the locked rule."
  ]
}
{
  "stage": "Stage151_LOCKED_MTF_RULE_STATE_WRITER",
  "generated_utc": "2026-07-06T06:44:52Z",
  "status": "STAGE151_COMPLETE_LOCKED_MTF_RULE_STATE_READY",
  "decision": "STAGE151_LOCKED_RULE_ACTIVE_POINT_STAGE134_TO_STAGE151_FILE",
  "root": "/Users/vahid/Desktop/xauusd-trader",
  "bars_path": "/Users/vahid/Downloads/xauusd_fundamental_event_inbox/amarkets_xauusd_5m.csv",
  "source_summary": "/Users/vahid/Desktop/xauusd-trader/reports/stage150_mtf_separated_validation_discovery/m5/stage150_mtf_separated_validation_discovery_summary.json",
  "tf": "m5",
  "timeframe_minutes": 5,
  "raw_row_count": 318228,
  "bar_count": 318228,
  "bar_min_utc": "2022-01-03T01:00:00+00:00",
  "bar_max_utc": "2026-07-03T19:55:00+00:00",
  "feature_date": "2026-07-03T19:55:00Z",
  "selected_rule_id": "D150C_M5_trend_8_20_bps_GEQ65__trend_50_100_bps_GEQ35",
  "selected_label": "m5: trend_8_20_bps >= q65 AND trend_50_100_bps >= q35",
  "conditions": [
    {
      "feature": "trend_8_20_bps",
      "op": ">=",
      "threshold": 9.25846423904142,
      "current": 16.675227529356906
    },
    {
      "feature": "trend_50_100_bps",
      "op": ">=",
      "threshold": -14.337320822584214,
      "current": 126.82250520494654
    }
  ],
  "any_signal_active": true,
  "repo_kv": "/Users/vahid/Desktop/xauusd-trader/data/demo_execution/xauusd_stage151_m5_locked_rule_state_kv.csv",
  "repo_latest": "/Users/vahid/Desktop/xauusd-trader/data/demo_execution/xauusd_stage151_m5_locked_rule_state_latest.csv",
  "mt5_kv_written": true,
  "mt5_kv": "/Users/vahid/Library/Application Support/net.metaquotes.wine.metatrader5/drive_c/Program Files/MetaTrader 5/MQL5/Files/xauusd_stage151_m5_locked_rule_state_kv.csv",
  "mt5_latest": "/Users/vahid/Library/Application Support/net.metaquotes.wine.metatrader5/drive_c/Program Files/MetaTrader 5/MQL5/Files/xauusd_stage151_m5_locked_rule_state_latest.csv",
  "stage134_instruction": {
    "InpRuleStateKvFile": "xauusd_stage151_m5_locked_rule_state_kv.csv",
    "InpAllowedRules": "D150C_M5_trend_8_20_bps_GEQ65__trend_50_100_bps_GEQ35",
    "keep_InpEnableDemoOrders": "true only on demo account"
  },
  "summary_json": "/Users/vahid/Desktop/xauusd-trader/reports/stage151_locked_mtf_rule_state_writer/m5/stage151_locked_mtf_rule_state_writer_summary.json",
  "next": [
    "Use Stage151 for fast post-market-open refresh of a locked Stage150 MTF rule.",
    "Run full Stage150B scans offline only when changing or replacing the locked rule."
  ]
}
{
  "stage": "Stage151_LOCKED_MTF_RULE_STATE_WRITER",
  "generated_utc": "2026-07-06T06:50:12Z",
  "status": "STAGE151_COMPLETE_LOCKED_MTF_RULE_STATE_READY",
  "decision": "STAGE151_LOCKED_RULE_ACTIVE_POINT_STAGE134_TO_STAGE151_FILE",
  "root": "/Users/vahid/Desktop/xauusd-trader",
  "bars_path": "/Users/vahid/Downloads/xauusd_fundamental_event_inbox/amarkets_xauusd_5m.csv",
  "source_summary": "/Users/vahid/Desktop/xauusd-trader/reports/stage150_mtf_separated_validation_discovery/m5/stage150_mtf_separated_validation_discovery_summary.json",
  "tf": "m5",
  "timeframe_minutes": 5,
  "raw_row_count": 318228,
  "bar_count": 318228,
  "bar_min_utc": "2022-01-03T01:00:00+00:00",
  "bar_max_utc": "2026-07-03T19:55:00+00:00",
  "feature_date": "2026-07-03T19:55:00Z",
  "selected_rule_id": "D150C_M5_trend_8_20_bps_GEQ65__trend_50_100_bps_GEQ35",
  "selected_label": "m5: trend_8_20_bps >= q65 AND trend_50_100_bps >= q35",
  "conditions": [
    {
      "feature": "trend_8_20_bps",
      "op": ">=",
      "threshold": 9.25846423904142,
      "current": 16.675227529356906
    },
    {
      "feature": "trend_50_100_bps",
      "op": ">=",
      "threshold": -14.337320822584214,
      "current": 126.82250520494654
    }
  ],
  "any_signal_active": true,
  "repo_kv": "/Users/vahid/Desktop/xauusd-trader/data/demo_execution/xauusd_stage151_m5_locked_rule_state_kv.csv",
  "repo_latest": "/Users/vahid/Desktop/xauusd-trader/data/demo_execution/xauusd_stage151_m5_locked_rule_state_latest.csv",
  "mt5_kv_written": true,
  "mt5_kv": "/Users/vahid/Library/Application Support/net.metaquotes.wine.metatrader5/drive_c/Program Files/MetaTrader 5/MQL5/Files/xauusd_stage151_m5_locked_rule_state_kv.csv",
  "mt5_latest": "/Users/vahid/Library/Application Support/net.metaquotes.wine.metatrader5/drive_c/Program Files/MetaTrader 5/MQL5/Files/xauusd_stage151_m5_locked_rule_state_latest.csv",
  "stage134_instruction": {
    "InpRuleStateKvFile": "xauusd_stage151_m5_locked_rule_state_kv.csv",
    "InpAllowedRules": "D150C_M5_trend_8_20_bps_GEQ65__trend_50_100_bps_GEQ35",
    "keep_InpEnableDemoOrders": "true only on demo account"
  },
  "summary_json": "/Users/vahid/Desktop/xauusd-trader/reports/stage151_locked_mtf_rule_state_writer/m5/stage151_locked_mtf_rule_state_writer_summary.json",
  "next": [
    "Use Stage151 for fast post-market-open refresh of a locked Stage150 MTF rule.",
    "Run full Stage150B scans offline only when changing or replacing the locked rule."
  ]
}
{
  "stage": "Stage151_LOCKED_MTF_RULE_STATE_WRITER",
  "generated_utc": "2026-07-06T06:55:34Z",
  "status": "STAGE151_COMPLETE_LOCKED_MTF_RULE_STATE_READY",
  "decision": "STAGE151_LOCKED_RULE_ACTIVE_POINT_STAGE134_TO_STAGE151_FILE",
  "root": "/Users/vahid/Desktop/xauusd-trader",
  "bars_path": "/Users/vahid/Downloads/xauusd_fundamental_event_inbox/amarkets_xauusd_5m.csv",
  "source_summary": "/Users/vahid/Desktop/xauusd-trader/reports/stage150_mtf_separated_validation_discovery/m5/stage150_mtf_separated_validation_discovery_summary.json",
  "tf": "m5",
  "timeframe_minutes": 5,
  "raw_row_count": 318228,
  "bar_count": 318228,
  "bar_min_utc": "2022-01-03T01:00:00+00:00",
  "bar_max_utc": "2026-07-03T19:55:00+00:00",
  "feature_date": "2026-07-03T19:55:00Z",
  "selected_rule_id": "D150C_M5_trend_8_20_bps_GEQ65__trend_50_100_bps_GEQ35",
  "selected_label": "m5: trend_8_20_bps >= q65 AND trend_50_100_bps >= q35",
  "conditions": [
    {
      "feature": "trend_8_20_bps",
      "op": ">=",
      "threshold": 9.25846423904142,
      "current": 16.675227529356906
    },
    {
      "feature": "trend_50_100_bps",
      "op": ">=",
      "threshold": -14.337320822584214,
      "current": 126.82250520494654
    }
  ],
  "any_signal_active": true,
  "repo_kv": "/Users/vahid/Desktop/xauusd-trader/data/demo_execution/xauusd_stage151_m5_locked_rule_state_kv.csv",
  "repo_latest": "/Users/vahid/Desktop/xauusd-trader/data/demo_execution/xauusd_stage151_m5_locked_rule_state_latest.csv",
  "mt5_kv_written": true,
  "mt5_kv": "/Users/vahid/Library/Application Support/net.metaquotes.wine.metatrader5/drive_c/Program Files/MetaTrader 5/MQL5/Files/xauusd_stage151_m5_locked_rule_state_kv.csv",
  "mt5_latest": "/Users/vahid/Library/Application Support/net.metaquotes.wine.metatrader5/drive_c/Program Files/MetaTrader 5/MQL5/Files/xauusd_stage151_m5_locked_rule_state_latest.csv",
  "stage134_instruction": {
    "InpRuleStateKvFile": "xauusd_stage151_m5_locked_rule_state_kv.csv",
    "InpAllowedRules": "D150C_M5_trend_8_20_bps_GEQ65__trend_50_100_bps_GEQ35",
    "keep_InpEnableDemoOrders": "true only on demo account"
  },
  "summary_json": "/Users/vahid/Desktop/xauusd-trader/reports/stage151_locked_mtf_rule_state_writer/m5/stage151_locked_mtf_rule_state_writer_summary.json",
  "next": [
    "Use Stage151 for fast post-market-open refresh of a locked Stage150 MTF rule.",
    "Run full Stage150B scans offline only when changing or replacing the locked rule."
  ]
}
{
  "stage": "Stage151_LOCKED_MTF_RULE_STATE_WRITER",
  "generated_utc": "2026-07-06T07:01:08Z",
  "status": "STAGE151_COMPLETE_LOCKED_MTF_RULE_STATE_READY",
  "decision": "STAGE151_LOCKED_RULE_ACTIVE_POINT_STAGE134_TO_STAGE151_FILE",
  "root": "/Users/vahid/Desktop/xauusd-trader",
  "bars_path": "/Users/vahid/Downloads/xauusd_fundamental_event_inbox/amarkets_xauusd_5m.csv",
  "source_summary": "/Users/vahid/Desktop/xauusd-trader/reports/stage150_mtf_separated_validation_discovery/m5/stage150_mtf_separated_validation_discovery_summary.json",
  "tf": "m5",
  "timeframe_minutes": 5,
  "raw_row_count": 318228,
  "bar_count": 318228,
  "bar_min_utc": "2022-01-03T01:00:00+00:00",
  "bar_max_utc": "2026-07-03T19:55:00+00:00",
  "feature_date": "2026-07-03T19:55:00Z",
  "selected_rule_id": "D150C_M5_trend_8_20_bps_GEQ65__trend_50_100_bps_GEQ35",
  "selected_label": "m5: trend_8_20_bps >= q65 AND trend_50_100_bps >= q35",
  "conditions": [
    {
      "feature": "trend_8_20_bps",
      "op": ">=",
      "threshold": 9.25846423904142,
      "current": 16.675227529356906
    },
    {
      "feature": "trend_50_100_bps",
      "op": ">=",
      "threshold": -14.337320822584214,
      "current": 126.82250520494654
    }
  ],
  "any_signal_active": true,
  "repo_kv": "/Users/vahid/Desktop/xauusd-trader/data/demo_execution/xauusd_stage151_m5_locked_rule_state_kv.csv",
  "repo_latest": "/Users/vahid/Desktop/xauusd-trader/data/demo_execution/xauusd_stage151_m5_locked_rule_state_latest.csv",
  "mt5_kv_written": true,
  "mt5_kv": "/Users/vahid/Library/Application Support/net.metaquotes.wine.metatrader5/drive_c/Program Files/MetaTrader 5/MQL5/Files/xauusd_stage151_m5_locked_rule_state_kv.csv",
  "mt5_latest": "/Users/vahid/Library/Application Support/net.metaquotes.wine.metatrader5/drive_c/Program Files/MetaTrader 5/MQL5/Files/xauusd_stage151_m5_locked_rule_state_latest.csv",
  "stage134_instruction": {
    "InpRuleStateKvFile": "xauusd_stage151_m5_locked_rule_state_kv.csv",
    "InpAllowedRules": "D150C_M5_trend_8_20_bps_GEQ65__trend_50_100_bps_GEQ35",
    "keep_InpEnableDemoOrders": "true only on demo account"
  },
  "summary_json": "/Users/vahid/Desktop/xauusd-trader/reports/stage151_locked_mtf_rule_state_writer/m5/stage151_locked_mtf_rule_state_writer_summary.json",
  "next": [
    "Use Stage151 for fast post-market-open refresh of a locked Stage150 MTF rule.",
    "Run full Stage150B scans offline only when changing or replacing the locked rule."
  ]
}
{
  "stage": "Stage151_LOCKED_MTF_RULE_STATE_WRITER",
  "generated_utc": "2026-07-06T07:06:29Z",
  "status": "STAGE151_COMPLETE_LOCKED_MTF_RULE_STATE_READY",
  "decision": "STAGE151_LOCKED_RULE_INACTIVE_NO_ORDER",
  "root": "/Users/vahid/Desktop/xauusd-trader",
  "bars_path": "/Users/vahid/Downloads/xauusd_fundamental_event_inbox/amarkets_xauusd_5m.csv",
  "source_summary": "/Users/vahid/Desktop/xauusd-trader/reports/stage150_mtf_separated_validation_discovery/m5/stage150_mtf_separated_validation_discovery_summary.json",
  "tf": "m5",
  "timeframe_minutes": 5,
  "raw_row_count": 318337,
  "bar_count": 318337,
  "bar_min_utc": "2022-01-03T01:00:00+00:00",
  "bar_max_utc": "2026-07-06T10:00:00+00:00",
  "feature_date": "2026-07-06T10:00:00Z",
  "selected_rule_id": "D150C_M5_trend_8_20_bps_GEQ65__trend_50_100_bps_GEQ35",
  "selected_label": "m5: trend_8_20_bps >= q65 AND trend_50_100_bps >= q35",
  "conditions": [
    {
      "feature": "trend_8_20_bps",
      "op": ">=",
      "threshold": 9.25846423904142,
      "current": -5.380900733460425
    },
    {
      "feature": "trend_50_100_bps",
      "op": ">=",
      "threshold": -14.337320822584214,
      "current": 143.5218463869359
    }
  ],
  "any_signal_active": false,
  "repo_kv": "/Users/vahid/Desktop/xauusd-trader/data/demo_execution/xauusd_stage151_m5_locked_rule_state_kv.csv",
  "repo_latest": "/Users/vahid/Desktop/xauusd-trader/data/demo_execution/xauusd_stage151_m5_locked_rule_state_latest.csv",
  "mt5_kv_written": true,
  "mt5_kv": "/Users/vahid/Library/Application Support/net.metaquotes.wine.metatrader5/drive_c/Program Files/MetaTrader 5/MQL5/Files/xauusd_stage151_m5_locked_rule_state_kv.csv",
  "mt5_latest": "/Users/vahid/Library/Application Support/net.metaquotes.wine.metatrader5/drive_c/Program Files/MetaTrader 5/MQL5/Files/xauusd_stage151_m5_locked_rule_state_latest.csv",
  "stage134_instruction": {
    "InpRuleStateKvFile": "xauusd_stage151_m5_locked_rule_state_kv.csv",
    "InpAllowedRules": "D150C_M5_trend_8_20_bps_GEQ65__trend_50_100_bps_GEQ35",
    "keep_InpEnableDemoOrders": "true only on demo account"
  },
  "summary_json": "/Users/vahid/Desktop/xauusd-trader/reports/stage151_locked_mtf_rule_state_writer/m5/stage151_locked_mtf_rule_state_writer_summary.json",
  "next": [
    "Use Stage151 for fast post-market-open refresh of a locked Stage150 MTF rule.",
    "Run full Stage150B scans offline only when changing or replacing the locked rule."
  ]
}
{
  "stage": "Stage151_LOCKED_MTF_RULE_STATE_WRITER",
  "generated_utc": "2026-07-06T07:11:50Z",
  "status": "STAGE151_COMPLETE_LOCKED_MTF_RULE_STATE_READY",
  "decision": "STAGE151_LOCKED_RULE_INACTIVE_NO_ORDER",
  "root": "/Users/vahid/Desktop/xauusd-trader",
  "bars_path": "/Users/vahid/Downloads/xauusd_fundamental_event_inbox/amarkets_xauusd_5m.csv",
  "source_summary": "/Users/vahid/Desktop/xauusd-trader/reports/stage150_mtf_separated_validation_discovery/m5/stage150_mtf_separated_validation_discovery_summary.json",
  "tf": "m5",
  "timeframe_minutes": 5,
  "raw_row_count": 318337,
  "bar_count": 318337,
  "bar_min_utc": "2022-01-03T01:00:00+00:00",
  "bar_max_utc": "2026-07-06T10:00:00+00:00",
  "feature_date": "2026-07-06T10:00:00Z",
  "selected_rule_id": "D150C_M5_trend_8_20_bps_GEQ65__trend_50_100_bps_GEQ35",
  "selected_label": "m5: trend_8_20_bps >= q65 AND trend_50_100_bps >= q35",
  "conditions": [
    {
      "feature": "trend_8_20_bps",
      "op": ">=",
      "threshold": 9.25846423904142,
      "current": -5.380900733460425
    },
    {
      "feature": "trend_50_100_bps",
      "op": ">=",
      "threshold": -14.337320822584214,
      "current": 143.5218463869359
    }
  ],
  "any_signal_active": false,
  "repo_kv": "/Users/vahid/Desktop/xauusd-trader/data/demo_execution/xauusd_stage151_m5_locked_rule_state_kv.csv",
  "repo_latest": "/Users/vahid/Desktop/xauusd-trader/data/demo_execution/xauusd_stage151_m5_locked_rule_state_latest.csv",
  "mt5_kv_written": true,
  "mt5_kv": "/Users/vahid/Library/Application Support/net.metaquotes.wine.metatrader5/drive_c/Program Files/MetaTrader 5/MQL5/Files/xauusd_stage151_m5_locked_rule_state_kv.csv",
  "mt5_latest": "/Users/vahid/Library/Application Support/net.metaquotes.wine.metatrader5/drive_c/Program Files/MetaTrader 5/MQL5/Files/xauusd_stage151_m5_locked_rule_state_latest.csv",
  "stage134_instruction": {
    "InpRuleStateKvFile": "xauusd_stage151_m5_locked_rule_state_kv.csv",
    "InpAllowedRules": "D150C_M5_trend_8_20_bps_GEQ65__trend_50_100_bps_GEQ35",
    "keep_InpEnableDemoOrders": "true only on demo account"
  },
  "summary_json": "/Users/vahid/Desktop/xauusd-trader/reports/stage151_locked_mtf_rule_state_writer/m5/stage151_locked_mtf_rule_state_writer_summary.json",
  "next": [
    "Use Stage151 for fast post-market-open refresh of a locked Stage150 MTF rule.",
    "Run full Stage150B scans offline only when changing or replacing the locked rule."
  ]
}
{
  "stage": "Stage151_LOCKED_MTF_RULE_STATE_WRITER",
  "generated_utc": "2026-07-06T07:17:18Z",
  "status": "STAGE151_COMPLETE_LOCKED_MTF_RULE_STATE_READY",
  "decision": "STAGE151_LOCKED_RULE_INACTIVE_NO_ORDER",
  "root": "/Users/vahid/Desktop/xauusd-trader",
  "bars_path": "/Users/vahid/Downloads/xauusd_fundamental_event_inbox/amarkets_xauusd_5m.csv",
  "source_summary": "/Users/vahid/Desktop/xauusd-trader/reports/stage150_mtf_separated_validation_discovery/m5/stage150_mtf_separated_validation_discovery_summary.json",
  "tf": "m5",
  "timeframe_minutes": 5,
  "raw_row_count": 318337,
  "bar_count": 318337,
  "bar_min_utc": "2022-01-03T01:00:00+00:00",
  "bar_max_utc": "2026-07-06T10:00:00+00:00",
  "feature_date": "2026-07-06T10:00:00Z",
  "selected_rule_id": "D150C_M5_trend_8_20_bps_GEQ65__trend_50_100_bps_GEQ35",
  "selected_label": "m5: trend_8_20_bps >= q65 AND trend_50_100_bps >= q35",
  "conditions": [
    {
      "feature": "trend_8_20_bps",
      "op": ">=",
      "threshold": 9.25846423904142,
      "current": -5.380900733460425
    },
    {
      "feature": "trend_50_100_bps",
      "op": ">=",
      "threshold": -14.337320822584214,
      "current": 143.5218463869359
    }
  ],
  "any_signal_active": false,
  "repo_kv": "/Users/vahid/Desktop/xauusd-trader/data/demo_execution/xauusd_stage151_m5_locked_rule_state_kv.csv",
  "repo_latest": "/Users/vahid/Desktop/xauusd-trader/data/demo_execution/xauusd_stage151_m5_locked_rule_state_latest.csv",
  "mt5_kv_written": true,
  "mt5_kv": "/Users/vahid/Library/Application Support/net.metaquotes.wine.metatrader5/drive_c/Program Files/MetaTrader 5/MQL5/Files/xauusd_stage151_m5_locked_rule_state_kv.csv",
  "mt5_latest": "/Users/vahid/Library/Application Support/net.metaquotes.wine.metatrader5/drive_c/Program Files/MetaTrader 5/MQL5/Files/xauusd_stage151_m5_locked_rule_state_latest.csv",
  "stage134_instruction": {
    "InpRuleStateKvFile": "xauusd_stage151_m5_locked_rule_state_kv.csv",
    "InpAllowedRules": "D150C_M5_trend_8_20_bps_GEQ65__trend_50_100_bps_GEQ35",
    "keep_InpEnableDemoOrders": "true only on demo account"
  },
  "summary_json": "/Users/vahid/Desktop/xauusd-trader/reports/stage151_locked_mtf_rule_state_writer/m5/stage151_locked_mtf_rule_state_writer_summary.json",
  "next": [
    "Use Stage151 for fast post-market-open refresh of a locked Stage150 MTF rule.",
    "Run full Stage150B scans offline only when changing or replacing the locked rule."
  ]
}
{
  "stage": "Stage151_LOCKED_MTF_RULE_STATE_WRITER",
  "generated_utc": "2026-07-06T07:22:57Z",
  "status": "STAGE151_COMPLETE_LOCKED_MTF_RULE_STATE_READY",
  "decision": "STAGE151_LOCKED_RULE_INACTIVE_NO_ORDER",
  "root": "/Users/vahid/Desktop/xauusd-trader",
  "bars_path": "/Users/vahid/Downloads/xauusd_fundamental_event_inbox/amarkets_xauusd_5m.csv",
  "source_summary": "/Users/vahid/Desktop/xauusd-trader/reports/stage150_mtf_separated_validation_discovery/m5/stage150_mtf_separated_validation_discovery_summary.json",
  "tf": "m5",
  "timeframe_minutes": 5,
  "raw_row_count": 318337,
  "bar_count": 318337,
  "bar_min_utc": "2022-01-03T01:00:00+00:00",
  "bar_max_utc": "2026-07-06T10:00:00+00:00",
  "feature_date": "2026-07-06T10:00:00Z",
  "selected_rule_id": "D150C_M5_trend_8_20_bps_GEQ65__trend_50_100_bps_GEQ35",
  "selected_label": "m5: trend_8_20_bps >= q65 AND trend_50_100_bps >= q35",
  "conditions": [
    {
      "feature": "trend_8_20_bps",
      "op": ">=",
      "threshold": 9.25846423904142,
      "current": -5.380900733460425
    },
    {
      "feature": "trend_50_100_bps",
      "op": ">=",
      "threshold": -14.337320822584214,
      "current": 143.5218463869359
    }
  ],
  "any_signal_active": false,
  "repo_kv": "/Users/vahid/Desktop/xauusd-trader/data/demo_execution/xauusd_stage151_m5_locked_rule_state_kv.csv",
  "repo_latest": "/Users/vahid/Desktop/xauusd-trader/data/demo_execution/xauusd_stage151_m5_locked_rule_state_latest.csv",
  "mt5_kv_written": true,
  "mt5_kv": "/Users/vahid/Library/Application Support/net.metaquotes.wine.metatrader5/drive_c/Program Files/MetaTrader 5/MQL5/Files/xauusd_stage151_m5_locked_rule_state_kv.csv",
  "mt5_latest": "/Users/vahid/Library/Application Support/net.metaquotes.wine.metatrader5/drive_c/Program Files/MetaTrader 5/MQL5/Files/xauusd_stage151_m5_locked_rule_state_latest.csv",
  "stage134_instruction": {
    "InpRuleStateKvFile": "xauusd_stage151_m5_locked_rule_state_kv.csv",
    "InpAllowedRules": "D150C_M5_trend_8_20_bps_GEQ65__trend_50_100_bps_GEQ35",
    "keep_InpEnableDemoOrders": "true only on demo account"
  },
  "summary_json": "/Users/vahid/Desktop/xauusd-trader/reports/stage151_locked_mtf_rule_state_writer/m5/stage151_locked_mtf_rule_state_writer_summary.json",
  "next": [
    "Use Stage151 for fast post-market-open refresh of a locked Stage150 MTF rule.",
    "Run full Stage150B scans offline only when changing or replacing the locked rule."
  ]
}
{
  "stage": "Stage151_LOCKED_MTF_RULE_STATE_WRITER",
  "generated_utc": "2026-07-06T07:23:41Z",
  "status": "STAGE151_COMPLETE_LOCKED_MTF_RULE_STATE_READY",
  "decision": "STAGE151_LOCKED_RULE_INACTIVE_NO_ORDER",
  "root": "/Users/vahid/Desktop/xauusd-trader",
  "bars_path": "/Users/vahid/Downloads/xauusd_fundamental_event_inbox/amarkets_xauusd_5m.csv",
  "source_summary": "/Users/vahid/Desktop/xauusd-trader/reports/stage150_mtf_separated_validation_discovery/m5/stage150_mtf_separated_validation_discovery_summary.json",
  "tf": "m5",
  "timeframe_minutes": 5,
  "raw_row_count": 318337,
  "bar_count": 318337,
  "bar_min_utc": "2022-01-03T01:00:00+00:00",
  "bar_max_utc": "2026-07-06T10:00:00+00:00",
  "feature_date": "2026-07-06T10:00:00Z",
  "selected_rule_id": "D150C_M5_trend_8_20_bps_GEQ65__trend_50_100_bps_GEQ35",
  "selected_label": "m5: trend_8_20_bps >= q65 AND trend_50_100_bps >= q35",
  "conditions": [
    {
      "feature": "trend_8_20_bps",
      "op": ">=",
      "threshold": 9.25846423904142,
      "current": -5.380900733460425
    },
    {
      "feature": "trend_50_100_bps",
      "op": ">=",
      "threshold": -14.337320822584214,
      "current": 143.5218463869359
    }
  ],
  "any_signal_active": false,
  "repo_kv": "/Users/vahid/Desktop/xauusd-trader/data/demo_execution/xauusd_stage151_m5_locked_rule_state_kv.csv",
  "repo_latest": "/Users/vahid/Desktop/xauusd-trader/data/demo_execution/xauusd_stage151_m5_locked_rule_state_latest.csv",
  "mt5_kv_written": true,
  "mt5_kv": "/Users/vahid/Library/Application Support/net.metaquotes.wine.metatrader5/drive_c/Program Files/MetaTrader 5/MQL5/Files/xauusd_stage151_m5_locked_rule_state_kv.csv",
  "mt5_latest": "/Users/vahid/Library/Application Support/net.metaquotes.wine.metatrader5/drive_c/Program Files/MetaTrader 5/MQL5/Files/xauusd_stage151_m5_locked_rule_state_latest.csv",
  "stage134_instruction": {
    "InpRuleStateKvFile": "xauusd_stage151_m5_locked_rule_state_kv.csv",
    "InpAllowedRules": "D150C_M5_trend_8_20_bps_GEQ65__trend_50_100_bps_GEQ35",
    "keep_InpEnableDemoOrders": "true only on demo account"
  },
  "summary_json": "/Users/vahid/Desktop/xauusd-trader/reports/stage151_locked_mtf_rule_state_writer/m5/stage151_locked_mtf_rule_state_writer_summary.json",
  "next": [
    "Use Stage151 for fast post-market-open refresh of a locked Stage150 MTF rule.",
    "Run full Stage150B scans offline only when changing or replacing the locked rule."
  ]
}
{
  "stage": "Stage151_LOCKED_MTF_RULE_STATE_WRITER",
  "generated_utc": "2026-07-06T07:28:59Z",
  "status": "STAGE151_COMPLETE_LOCKED_MTF_RULE_STATE_READY",
  "decision": "STAGE151_LOCKED_RULE_INACTIVE_NO_ORDER",
  "root": "/Users/vahid/Desktop/xauusd-trader",
  "bars_path": "/Users/vahid/Downloads/xauusd_fundamental_event_inbox/amarkets_xauusd_5m.csv",
  "source_summary": "/Users/vahid/Desktop/xauusd-trader/reports/stage150_mtf_separated_validation_discovery/m5/stage150_mtf_separated_validation_discovery_summary.json",
  "tf": "m5",
  "timeframe_minutes": 5,
  "raw_row_count": 318337,
  "bar_count": 318337,
  "bar_min_utc": "2022-01-03T01:00:00+00:00",
  "bar_max_utc": "2026-07-06T10:00:00+00:00",
  "feature_date": "2026-07-06T10:00:00Z",
  "selected_rule_id": "D150C_M5_trend_8_20_bps_GEQ65__trend_50_100_bps_GEQ35",
  "selected_label": "m5: trend_8_20_bps >= q65 AND trend_50_100_bps >= q35",
  "conditions": [
    {
      "feature": "trend_8_20_bps",
      "op": ">=",
      "threshold": 9.25846423904142,
      "current": -5.380900733460425
    },
    {
      "feature": "trend_50_100_bps",
      "op": ">=",
      "threshold": -14.337320822584214,
      "current": 143.5218463869359
    }
  ],
  "any_signal_active": false,
  "repo_kv": "/Users/vahid/Desktop/xauusd-trader/data/demo_execution/xauusd_stage151_m5_locked_rule_state_kv.csv",
  "repo_latest": "/Users/vahid/Desktop/xauusd-trader/data/demo_execution/xauusd_stage151_m5_locked_rule_state_latest.csv",
  "mt5_kv_written": true,
  "mt5_kv": "/Users/vahid/Library/Application Support/net.metaquotes.wine.metatrader5/drive_c/Program Files/MetaTrader 5/MQL5/Files/xauusd_stage151_m5_locked_rule_state_kv.csv",
  "mt5_latest": "/Users/vahid/Library/Application Support/net.metaquotes.wine.metatrader5/drive_c/Program Files/MetaTrader 5/MQL5/Files/xauusd_stage151_m5_locked_rule_state_latest.csv",
  "stage134_instruction": {
    "InpRuleStateKvFile": "xauusd_stage151_m5_locked_rule_state_kv.csv",
    "InpAllowedRules": "D150C_M5_trend_8_20_bps_GEQ65__trend_50_100_bps_GEQ35",
    "keep_InpEnableDemoOrders": "true only on demo account"
  },
  "summary_json": "/Users/vahid/Desktop/xauusd-trader/reports/stage151_locked_mtf_rule_state_writer/m5/stage151_locked_mtf_rule_state_writer_summary.json",
  "next": [
    "Use Stage151 for fast post-market-open refresh of a locked Stage150 MTF rule.",
    "Run full Stage150B scans offline only when changing or replacing the locked rule."
  ]
}
{
  "stage": "Stage151_LOCKED_MTF_RULE_STATE_WRITER",
  "generated_utc": "2026-07-06T07:35:02Z",
  "status": "STAGE151_COMPLETE_LOCKED_MTF_RULE_STATE_READY",
  "decision": "STAGE151_LOCKED_RULE_INACTIVE_NO_ORDER",
  "root": "/Users/vahid/Desktop/xauusd-trader",
  "bars_path": "/Users/vahid/Downloads/xauusd_fundamental_event_inbox/amarkets_xauusd_5m.csv",
  "source_summary": "/Users/vahid/Desktop/xauusd-trader/reports/stage150_mtf_separated_validation_discovery/m5/stage150_mtf_separated_validation_discovery_summary.json",
  "tf": "m5",
  "timeframe_minutes": 5,
  "raw_row_count": 318337,
  "bar_count": 318337,
  "bar_min_utc": "2022-01-03T01:00:00+00:00",
  "bar_max_utc": "2026-07-06T10:00:00+00:00",
  "feature_date": "2026-07-06T10:00:00Z",
  "selected_rule_id": "D150C_M5_trend_8_20_bps_GEQ65__trend_50_100_bps_GEQ35",
  "selected_label": "m5: trend_8_20_bps >= q65 AND trend_50_100_bps >= q35",
  "conditions": [
    {
      "feature": "trend_8_20_bps",
      "op": ">=",
      "threshold": 9.25846423904142,
      "current": -5.380900733460425
    },
    {
      "feature": "trend_50_100_bps",
      "op": ">=",
      "threshold": -14.337320822584214,
      "current": 143.5218463869359
    }
  ],
  "any_signal_active": false,
  "repo_kv": "/Users/vahid/Desktop/xauusd-trader/data/demo_execution/xauusd_stage151_m5_locked_rule_state_kv.csv",
  "repo_latest": "/Users/vahid/Desktop/xauusd-trader/data/demo_execution/xauusd_stage151_m5_locked_rule_state_latest.csv",
  "mt5_kv_written": true,
  "mt5_kv": "/Users/vahid/Library/Application Support/net.metaquotes.wine.metatrader5/drive_c/Program Files/MetaTrader 5/MQL5/Files/xauusd_stage151_m5_locked_rule_state_kv.csv",
  "mt5_latest": "/Users/vahid/Library/Application Support/net.metaquotes.wine.metatrader5/drive_c/Program Files/MetaTrader 5/MQL5/Files/xauusd_stage151_m5_locked_rule_state_latest.csv",
  "stage134_instruction": {
    "InpRuleStateKvFile": "xauusd_stage151_m5_locked_rule_state_kv.csv",
    "InpAllowedRules": "D150C_M5_trend_8_20_bps_GEQ65__trend_50_100_bps_GEQ35",
    "keep_InpEnableDemoOrders": "true only on demo account"
  },
  "summary_json": "/Users/vahid/Desktop/xauusd-trader/reports/stage151_locked_mtf_rule_state_writer/m5/stage151_locked_mtf_rule_state_writer_summary.json",
  "next": [
    "Use Stage151 for fast post-market-open refresh of a locked Stage150 MTF rule.",
    "Run full Stage150B scans offline only when changing or replacing the locked rule."
  ]
}
{
  "stage": "Stage151_LOCKED_MTF_RULE_STATE_WRITER",
  "generated_utc": "2026-07-06T07:40:31Z",
  "status": "STAGE151_COMPLETE_LOCKED_MTF_RULE_STATE_READY",
  "decision": "STAGE151_LOCKED_RULE_INACTIVE_NO_ORDER",
  "root": "/Users/vahid/Desktop/xauusd-trader",
  "bars_path": "/Users/vahid/Downloads/xauusd_fundamental_event_inbox/amarkets_xauusd_5m.csv",
  "source_summary": "/Users/vahid/Desktop/xauusd-trader/reports/stage150_mtf_separated_validation_discovery/m5/stage150_mtf_separated_validation_discovery_summary.json",
  "tf": "m5",
  "timeframe_minutes": 5,
  "raw_row_count": 318337,
  "bar_count": 318337,
  "bar_min_utc": "2022-01-03T01:00:00+00:00",
  "bar_max_utc": "2026-07-06T10:00:00+00:00",
  "feature_date": "2026-07-06T10:00:00Z",
  "selected_rule_id": "D150C_M5_trend_8_20_bps_GEQ65__trend_50_100_bps_GEQ35",
  "selected_label": "m5: trend_8_20_bps >= q65 AND trend_50_100_bps >= q35",
  "conditions": [
    {
      "feature": "trend_8_20_bps",
      "op": ">=",
      "threshold": 9.25846423904142,
      "current": -5.380900733460425
    },
    {
      "feature": "trend_50_100_bps",
      "op": ">=",
      "threshold": -14.337320822584214,
      "current": 143.5218463869359
    }
  ],
  "any_signal_active": false,
  "repo_kv": "/Users/vahid/Desktop/xauusd-trader/data/demo_execution/xauusd_stage151_m5_locked_rule_state_kv.csv",
  "repo_latest": "/Users/vahid/Desktop/xauusd-trader/data/demo_execution/xauusd_stage151_m5_locked_rule_state_latest.csv",
  "mt5_kv_written": true,
  "mt5_kv": "/Users/vahid/Library/Application Support/net.metaquotes.wine.metatrader5/drive_c/Program Files/MetaTrader 5/MQL5/Files/xauusd_stage151_m5_locked_rule_state_kv.csv",
  "mt5_latest": "/Users/vahid/Library/Application Support/net.metaquotes.wine.metatrader5/drive_c/Program Files/MetaTrader 5/MQL5/Files/xauusd_stage151_m5_locked_rule_state_latest.csv",
  "stage134_instruction": {
    "InpRuleStateKvFile": "xauusd_stage151_m5_locked_rule_state_kv.csv",
    "InpAllowedRules": "D150C_M5_trend_8_20_bps_GEQ65__trend_50_100_bps_GEQ35",
    "keep_InpEnableDemoOrders": "true only on demo account"
  },
  "summary_json": "/Users/vahid/Desktop/xauusd-trader/reports/stage151_locked_mtf_rule_state_writer/m5/stage151_locked_mtf_rule_state_writer_summary.json",
  "next": [
    "Use Stage151 for fast post-market-open refresh of a locked Stage150 MTF rule.",
    "Run full Stage150B scans offline only when changing or replacing the locked rule."
  ]
}
{
  "stage": "Stage151_LOCKED_MTF_RULE_STATE_WRITER",
  "generated_utc": "2026-07-06T07:46:22Z",
  "status": "STAGE151_COMPLETE_LOCKED_MTF_RULE_STATE_READY",
  "decision": "STAGE151_LOCKED_RULE_INACTIVE_NO_ORDER",
  "root": "/Users/vahid/Desktop/xauusd-trader",
  "bars_path": "/Users/vahid/Downloads/xauusd_fundamental_event_inbox/amarkets_xauusd_5m.csv",
  "source_summary": "/Users/vahid/Desktop/xauusd-trader/reports/stage150_mtf_separated_validation_discovery/m5/stage150_mtf_separated_validation_discovery_summary.json",
  "tf": "m5",
  "timeframe_minutes": 5,
  "raw_row_count": 318337,
  "bar_count": 318337,
  "bar_min_utc": "2022-01-03T01:00:00+00:00",
  "bar_max_utc": "2026-07-06T10:00:00+00:00",
  "feature_date": "2026-07-06T10:00:00Z",
  "selected_rule_id": "D150C_M5_trend_8_20_bps_GEQ65__trend_50_100_bps_GEQ35",
  "selected_label": "m5: trend_8_20_bps >= q65 AND trend_50_100_bps >= q35",
  "conditions": [
    {
      "feature": "trend_8_20_bps",
      "op": ">=",
      "threshold": 9.25846423904142,
      "current": -5.380900733460425
    },
    {
      "feature": "trend_50_100_bps",
      "op": ">=",
      "threshold": -14.337320822584214,
      "current": 143.5218463869359
    }
  ],
  "any_signal_active": false,
  "repo_kv": "/Users/vahid/Desktop/xauusd-trader/data/demo_execution/xauusd_stage151_m5_locked_rule_state_kv.csv",
  "repo_latest": "/Users/vahid/Desktop/xauusd-trader/data/demo_execution/xauusd_stage151_m5_locked_rule_state_latest.csv",
  "mt5_kv_written": true,
  "mt5_kv": "/Users/vahid/Library/Application Support/net.metaquotes.wine.metatrader5/drive_c/Program Files/MetaTrader 5/MQL5/Files/xauusd_stage151_m5_locked_rule_state_kv.csv",
  "mt5_latest": "/Users/vahid/Library/Application Support/net.metaquotes.wine.metatrader5/drive_c/Program Files/MetaTrader 5/MQL5/Files/xauusd_stage151_m5_locked_rule_state_latest.csv",
  "stage134_instruction": {
    "InpRuleStateKvFile": "xauusd_stage151_m5_locked_rule_state_kv.csv",
    "InpAllowedRules": "D150C_M5_trend_8_20_bps_GEQ65__trend_50_100_bps_GEQ35",
    "keep_InpEnableDemoOrders": "true only on demo account"
  },
  "summary_json": "/Users/vahid/Desktop/xauusd-trader/reports/stage151_locked_mtf_rule_state_writer/m5/stage151_locked_mtf_rule_state_writer_summary.json",
  "next": [
    "Use Stage151 for fast post-market-open refresh of a locked Stage150 MTF rule.",
    "Run full Stage150B scans offline only when changing or replacing the locked rule."
  ]
}
{
  "stage": "Stage151B_LOCKED_MTF_RULE_STATE_WRITER_STALE_GUARD",
  "generated_utc": "2026-07-06T07:52:09Z",
  "status": "STAGE151B_COMPLETE_LOCKED_MTF_RULE_STATE_STALE_GUARD_READY",
  "decision": "STAGE151B_LOCKED_RULE_INACTIVE_NO_ORDER",
  "root": "/Users/vahid/Desktop/xauusd-trader",
  "bars_path": "/Users/vahid/Downloads/xauusd_fundamental_event_inbox/amarkets_xauusd_5m.csv",
  "source_summary": "/Users/vahid/Desktop/xauusd-trader/reports/stage150_mtf_separated_validation_discovery/m5/stage150_mtf_separated_validation_discovery_summary.json",
  "tf": "m5",
  "timeframe_minutes": 5,
  "raw_row_count": 318337,
  "bar_count": 318337,
  "bar_min_utc": "2022-01-03T01:00:00+00:00",
  "bar_max_utc": "2026-07-06T10:00:00+00:00",
  "feature_date": "2026-07-06T10:00:00Z",
  "selected_rule_id": "D150C_M5_trend_8_20_bps_GEQ65__trend_50_100_bps_GEQ35",
  "selected_label": "m5: trend_8_20_bps >= q65 AND trend_50_100_bps >= q35",
  "conditions": [
    {
      "feature": "trend_8_20_bps",
      "op": ">=",
      "threshold": 9.25846423904142,
      "current": -5.380900733460425
    },
    {
      "feature": "trend_50_100_bps",
      "op": ">=",
      "threshold": -14.337320822584214,
      "current": 143.5218463869359
    }
  ],
  "any_signal_active": false,
  "raw_rule_active_before_stale_guard": false,
  "feature_fresh": false,
  "feature_age_sec": -7600,
  "max_feature_age_sec": 7200,
  "repo_kv": "/Users/vahid/Desktop/xauusd-trader/data/demo_execution/xauusd_stage151_m5_locked_rule_state_kv.csv",
  "repo_latest": "/Users/vahid/Desktop/xauusd-trader/data/demo_execution/xauusd_stage151_m5_locked_rule_state_latest.csv",
  "mt5_kv_written": true,
  "mt5_kv": "/Users/vahid/Library/Application Support/net.metaquotes.wine.metatrader5/drive_c/Program Files/MetaTrader 5/MQL5/Files/xauusd_stage151_m5_locked_rule_state_kv.csv",
  "mt5_latest": "/Users/vahid/Library/Application Support/net.metaquotes.wine.metatrader5/drive_c/Program Files/MetaTrader 5/MQL5/Files/xauusd_stage151_m5_locked_rule_state_latest.csv",
  "stage134_instruction": {
    "InpRuleStateKvFile": "xauusd_stage151_m5_locked_rule_state_kv.csv",
    "InpAllowedRules": "D150C_M5_trend_8_20_bps_GEQ65__trend_50_100_bps_GEQ35",
    "keep_InpEnableDemoOrders": "true only on demo account"
  },
  "summary_json": "/Users/vahid/Desktop/xauusd-trader/reports/stage151_locked_mtf_rule_state_writer/m5/stage151_locked_mtf_rule_state_writer_summary.json",
  "next": [
    "Use Stage151 for fast post-market-open refresh of a locked Stage150 MTF rule.",
    "Run full Stage150B scans offline only when changing or replacing the locked rule."
  ]
}
{
  "stage": "Stage151B_LOCKED_MTF_RULE_STATE_WRITER_STALE_GUARD",
  "generated_utc": "2026-07-06T07:58:24Z",
  "status": "STAGE151B_COMPLETE_LOCKED_MTF_RULE_STATE_STALE_GUARD_READY",
  "decision": "STAGE151B_LOCKED_RULE_INACTIVE_NO_ORDER",
  "root": "/Users/vahid/Desktop/xauusd-trader",
  "bars_path": "/Users/vahid/Downloads/xauusd_fundamental_event_inbox/amarkets_xauusd_5m.csv",
  "source_summary": "/Users/vahid/Desktop/xauusd-trader/reports/stage150_mtf_separated_validation_discovery/m5/stage150_mtf_separated_validation_discovery_summary.json",
  "tf": "m5",
  "timeframe_minutes": 5,
  "raw_row_count": 318337,
  "bar_count": 318337,
  "bar_min_utc": "2022-01-03T01:00:00+00:00",
  "bar_max_utc": "2026-07-06T10:00:00+00:00",
  "feature_date": "2026-07-06T10:00:00Z",
  "selected_rule_id": "D150C_M5_trend_8_20_bps_GEQ65__trend_50_100_bps_GEQ35",
  "selected_label": "m5: trend_8_20_bps >= q65 AND trend_50_100_bps >= q35",
  "conditions": [
    {
      "feature": "trend_8_20_bps",
      "op": ">=",
      "threshold": 9.25846423904142,
      "current": -5.380900733460425
    },
    {
      "feature": "trend_50_100_bps",
      "op": ">=",
      "threshold": -14.337320822584214,
      "current": 143.5218463869359
    }
  ],
  "any_signal_active": false,
  "raw_rule_active_before_stale_guard": false,
  "feature_fresh": false,
  "feature_age_sec": -7270,
  "max_feature_age_sec": 7200,
  "repo_kv": "/Users/vahid/Desktop/xauusd-trader/data/demo_execution/xauusd_stage151_m5_locked_rule_state_kv.csv",
  "repo_latest": "/Users/vahid/Desktop/xauusd-trader/data/demo_execution/xauusd_stage151_m5_locked_rule_state_latest.csv",
  "mt5_kv_written": true,
  "mt5_kv": "/Users/vahid/Library/Application Support/net.metaquotes.wine.metatrader5/drive_c/Program Files/MetaTrader 5/MQL5/Files/xauusd_stage151_m5_locked_rule_state_kv.csv",
  "mt5_latest": "/Users/vahid/Library/Application Support/net.metaquotes.wine.metatrader5/drive_c/Program Files/MetaTrader 5/MQL5/Files/xauusd_stage151_m5_locked_rule_state_latest.csv",
  "stage134_instruction": {
    "InpRuleStateKvFile": "xauusd_stage151_m5_locked_rule_state_kv.csv",
    "InpAllowedRules": "D150C_M5_trend_8_20_bps_GEQ65__trend_50_100_bps_GEQ35",
    "keep_InpEnableDemoOrders": "true only on demo account"
  },
  "summary_json": "/Users/vahid/Desktop/xauusd-trader/reports/stage151_locked_mtf_rule_state_writer/m5/stage151_locked_mtf_rule_state_writer_summary.json",
  "next": [
    "Use Stage151 for fast post-market-open refresh of a locked Stage150 MTF rule.",
    "Run full Stage150B scans offline only when changing or replacing the locked rule."
  ]
}
{
  "stage": "Stage151B_LOCKED_MTF_RULE_STATE_WRITER_STALE_GUARD",
  "generated_utc": "2026-07-06T08:03:51Z",
  "status": "STAGE151B_COMPLETE_LOCKED_MTF_RULE_STATE_STALE_GUARD_READY",
  "decision": "STAGE151B_LOCKED_RULE_INACTIVE_NO_ORDER",
  "root": "/Users/vahid/Desktop/xauusd-trader",
  "bars_path": "/Users/vahid/Downloads/xauusd_fundamental_event_inbox/amarkets_xauusd_5m.csv",
  "source_summary": "/Users/vahid/Desktop/xauusd-trader/reports/stage150_mtf_separated_validation_discovery/m5/stage150_mtf_separated_validation_discovery_summary.json",
  "tf": "m5",
  "timeframe_minutes": 5,
  "raw_row_count": 318337,
  "bar_count": 318337,
  "bar_min_utc": "2022-01-03T01:00:00+00:00",
  "bar_max_utc": "2026-07-06T10:00:00+00:00",
  "feature_date": "2026-07-06T10:00:00Z",
  "selected_rule_id": "D150C_M5_trend_8_20_bps_GEQ65__trend_50_100_bps_GEQ35",
  "selected_label": "m5: trend_8_20_bps >= q65 AND trend_50_100_bps >= q35",
  "conditions": [
    {
      "feature": "trend_8_20_bps",
      "op": ">=",
      "threshold": 9.25846423904142,
      "current": -5.380900733460425
    },
    {
      "feature": "trend_50_100_bps",
      "op": ">=",
      "threshold": -14.337320822584214,
      "current": 143.5218463869359
    }
  ],
  "any_signal_active": false,
  "raw_rule_active_before_stale_guard": false,
  "feature_fresh": false,
  "feature_age_sec": -6927,
  "max_feature_age_sec": 7200,
  "repo_kv": "/Users/vahid/Desktop/xauusd-trader/data/demo_execution/xauusd_stage151_m5_locked_rule_state_kv.csv",
  "repo_latest": "/Users/vahid/Desktop/xauusd-trader/data/demo_execution/xauusd_stage151_m5_locked_rule_state_latest.csv",
  "mt5_kv_written": true,
  "mt5_kv": "/Users/vahid/Library/Application Support/net.metaquotes.wine.metatrader5/drive_c/Program Files/MetaTrader 5/MQL5/Files/xauusd_stage151_m5_locked_rule_state_kv.csv",
  "mt5_latest": "/Users/vahid/Library/Application Support/net.metaquotes.wine.metatrader5/drive_c/Program Files/MetaTrader 5/MQL5/Files/xauusd_stage151_m5_locked_rule_state_latest.csv",
  "stage134_instruction": {
    "InpRuleStateKvFile": "xauusd_stage151_m5_locked_rule_state_kv.csv",
    "InpAllowedRules": "D150C_M5_trend_8_20_bps_GEQ65__trend_50_100_bps_GEQ35",
    "keep_InpEnableDemoOrders": "true only on demo account"
  },
  "summary_json": "/Users/vahid/Desktop/xauusd-trader/reports/stage151_locked_mtf_rule_state_writer/m5/stage151_locked_mtf_rule_state_writer_summary.json",
  "next": [
    "Use Stage151 for fast post-market-open refresh of a locked Stage150 MTF rule.",
    "Run full Stage150B scans offline only when changing or replacing the locked rule."
  ]
}
{
  "stage": "Stage151B_LOCKED_MTF_RULE_STATE_WRITER_STALE_GUARD",
  "generated_utc": "2026-07-06T08:09:34Z",
  "status": "STAGE151B_COMPLETE_LOCKED_MTF_RULE_STATE_STALE_GUARD_READY",
  "decision": "STAGE151B_LOCKED_RULE_INACTIVE_NO_ORDER",
  "root": "/Users/vahid/Desktop/xauusd-trader",
  "bars_path": "/Users/vahid/Downloads/xauusd_fundamental_event_inbox/amarkets_xauusd_5m.csv",
  "source_summary": "/Users/vahid/Desktop/xauusd-trader/reports/stage150_mtf_separated_validation_discovery/m5/stage150_mtf_separated_validation_discovery_summary.json",
  "tf": "m5",
  "timeframe_minutes": 5,
  "raw_row_count": 318337,
  "bar_count": 318337,
  "bar_min_utc": "2022-01-03T01:00:00+00:00",
  "bar_max_utc": "2026-07-06T10:00:00+00:00",
  "feature_date": "2026-07-06T10:00:00Z",
  "selected_rule_id": "D150C_M5_trend_8_20_bps_GEQ65__trend_50_100_bps_GEQ35",
  "selected_label": "m5: trend_8_20_bps >= q65 AND trend_50_100_bps >= q35",
  "conditions": [
    {
      "feature": "trend_8_20_bps",
      "op": ">=",
      "threshold": 9.25846423904142,
      "current": -5.380900733460425
    },
    {
      "feature": "trend_50_100_bps",
      "op": ">=",
      "threshold": -14.337320822584214,
      "current": 143.5218463869359
    }
  ],
  "any_signal_active": false,
  "raw_rule_active_before_stale_guard": false,
  "feature_fresh": false,
  "feature_age_sec": -6561,
  "max_feature_age_sec": 7200,
  "repo_kv": "/Users/vahid/Desktop/xauusd-trader/data/demo_execution/xauusd_stage151_m5_locked_rule_state_kv.csv",
  "repo_latest": "/Users/vahid/Desktop/xauusd-trader/data/demo_execution/xauusd_stage151_m5_locked_rule_state_latest.csv",
  "mt5_kv_written": true,
  "mt5_kv": "/Users/vahid/Library/Application Support/net.metaquotes.wine.metatrader5/drive_c/Program Files/MetaTrader 5/MQL5/Files/xauusd_stage151_m5_locked_rule_state_kv.csv",
  "mt5_latest": "/Users/vahid/Library/Application Support/net.metaquotes.wine.metatrader5/drive_c/Program Files/MetaTrader 5/MQL5/Files/xauusd_stage151_m5_locked_rule_state_latest.csv",
  "stage134_instruction": {
    "InpRuleStateKvFile": "xauusd_stage151_m5_locked_rule_state_kv.csv",
    "InpAllowedRules": "D150C_M5_trend_8_20_bps_GEQ65__trend_50_100_bps_GEQ35",
    "keep_InpEnableDemoOrders": "true only on demo account"
  },
  "summary_json": "/Users/vahid/Desktop/xauusd-trader/reports/stage151_locked_mtf_rule_state_writer/m5/stage151_locked_mtf_rule_state_writer_summary.json",
  "next": [
    "Use Stage151 for fast post-market-open refresh of a locked Stage150 MTF rule.",
    "Run full Stage150B scans offline only when changing or replacing the locked rule."
  ]
}
{
  "stage": "Stage151B_LOCKED_MTF_RULE_STATE_WRITER_STALE_GUARD",
  "generated_utc": "2026-07-06T08:15:40Z",
  "status": "STAGE151B_COMPLETE_LOCKED_MTF_RULE_STATE_STALE_GUARD_READY",
  "decision": "STAGE151B_LOCKED_RULE_INACTIVE_NO_ORDER",
  "root": "/Users/vahid/Desktop/xauusd-trader",
  "bars_path": "/Users/vahid/Downloads/xauusd_fundamental_event_inbox/amarkets_xauusd_5m.csv",
  "source_summary": "/Users/vahid/Desktop/xauusd-trader/reports/stage150_mtf_separated_validation_discovery/m5/stage150_mtf_separated_validation_discovery_summary.json",
  "tf": "m5",
  "timeframe_minutes": 5,
  "raw_row_count": 318337,
  "bar_count": 318337,
  "bar_min_utc": "2022-01-03T01:00:00+00:00",
  "bar_max_utc": "2026-07-06T10:00:00+00:00",
  "feature_date": "2026-07-06T10:00:00Z",
  "selected_rule_id": "D150C_M5_trend_8_20_bps_GEQ65__trend_50_100_bps_GEQ35",
  "selected_label": "m5: trend_8_20_bps >= q65 AND trend_50_100_bps >= q35",
  "conditions": [
    {
      "feature": "trend_8_20_bps",
      "op": ">=",
      "threshold": 9.25846423904142,
      "current": -5.380900733460425
    },
    {
      "feature": "trend_50_100_bps",
      "op": ">=",
      "threshold": -14.337320822584214,
      "current": 143.5218463869359
    }
  ],
  "any_signal_active": false,
  "raw_rule_active_before_stale_guard": false,
  "feature_fresh": false,
  "feature_age_sec": -6148,
  "max_feature_age_sec": 7200,
  "repo_kv": "/Users/vahid/Desktop/xauusd-trader/data/demo_execution/xauusd_stage151_m5_locked_rule_state_kv.csv",
  "repo_latest": "/Users/vahid/Desktop/xauusd-trader/data/demo_execution/xauusd_stage151_m5_locked_rule_state_latest.csv",
  "mt5_kv_written": true,
  "mt5_kv": "/Users/vahid/Library/Application Support/net.metaquotes.wine.metatrader5/drive_c/Program Files/MetaTrader 5/MQL5/Files/xauusd_stage151_m5_locked_rule_state_kv.csv",
  "mt5_latest": "/Users/vahid/Library/Application Support/net.metaquotes.wine.metatrader5/drive_c/Program Files/MetaTrader 5/MQL5/Files/xauusd_stage151_m5_locked_rule_state_latest.csv",
  "stage134_instruction": {
    "InpRuleStateKvFile": "xauusd_stage151_m5_locked_rule_state_kv.csv",
    "InpAllowedRules": "D150C_M5_trend_8_20_bps_GEQ65__trend_50_100_bps_GEQ35",
    "keep_InpEnableDemoOrders": "true only on demo account"
  },
  "summary_json": "/Users/vahid/Desktop/xauusd-trader/reports/stage151_locked_mtf_rule_state_writer/m5/stage151_locked_mtf_rule_state_writer_summary.json",
  "next": [
    "Use Stage151 for fast post-market-open refresh of a locked Stage150 MTF rule.",
    "Run full Stage150B scans offline only when changing or replacing the locked rule."
  ]
}
{
  "stage": "Stage151B_LOCKED_MTF_RULE_STATE_WRITER_STALE_GUARD",
  "generated_utc": "2026-07-06T08:22:47Z",
  "status": "STAGE151B_COMPLETE_LOCKED_MTF_RULE_STATE_STALE_GUARD_READY",
  "decision": "STAGE151B_LOCKED_RULE_INACTIVE_NO_ORDER",
  "root": "/Users/vahid/Desktop/xauusd-trader",
  "bars_path": "/Users/vahid/Downloads/xauusd_fundamental_event_inbox/amarkets_xauusd_5m.csv",
  "source_summary": "/Users/vahid/Desktop/xauusd-trader/reports/stage150_mtf_separated_validation_discovery/m5/stage150_mtf_separated_validation_discovery_summary.json",
  "tf": "m5",
  "timeframe_minutes": 5,
  "raw_row_count": 318337,
  "bar_count": 318337,
  "bar_min_utc": "2022-01-03T01:00:00+00:00",
  "bar_max_utc": "2026-07-06T10:00:00+00:00",
  "feature_date": "2026-07-06T10:00:00Z",
  "selected_rule_id": "D150C_M5_trend_8_20_bps_GEQ65__trend_50_100_bps_GEQ35",
  "selected_label": "m5: trend_8_20_bps >= q65 AND trend_50_100_bps >= q35",
  "conditions": [
    {
      "feature": "trend_8_20_bps",
      "op": ">=",
      "threshold": 9.25846423904142,
      "current": -5.380900733460425
    },
    {
      "feature": "trend_50_100_bps",
      "op": ">=",
      "threshold": -14.337320822584214,
      "current": 143.5218463869359
    }
  ],
  "any_signal_active": false,
  "raw_rule_active_before_stale_guard": false,
  "feature_fresh": false,
  "feature_age_sec": -5791,
  "max_feature_age_sec": 7200,
  "repo_kv": "/Users/vahid/Desktop/xauusd-trader/data/demo_execution/xauusd_stage151_m5_locked_rule_state_kv.csv",
  "repo_latest": "/Users/vahid/Desktop/xauusd-trader/data/demo_execution/xauusd_stage151_m5_locked_rule_state_latest.csv",
  "mt5_kv_written": true,
  "mt5_kv": "/Users/vahid/Library/Application Support/net.metaquotes.wine.metatrader5/drive_c/Program Files/MetaTrader 5/MQL5/Files/xauusd_stage151_m5_locked_rule_state_kv.csv",
  "mt5_latest": "/Users/vahid/Library/Application Support/net.metaquotes.wine.metatrader5/drive_c/Program Files/MetaTrader 5/MQL5/Files/xauusd_stage151_m5_locked_rule_state_latest.csv",
  "stage134_instruction": {
    "InpRuleStateKvFile": "xauusd_stage151_m5_locked_rule_state_kv.csv",
    "InpAllowedRules": "D150C_M5_trend_8_20_bps_GEQ65__trend_50_100_bps_GEQ35",
    "keep_InpEnableDemoOrders": "true only on demo account"
  },
  "summary_json": "/Users/vahid/Desktop/xauusd-trader/reports/stage151_locked_mtf_rule_state_writer/m5/stage151_locked_mtf_rule_state_writer_summary.json",
  "next": [
    "Use Stage151 for fast post-market-open refresh of a locked Stage150 MTF rule.",
    "Run full Stage150B scans offline only when changing or replacing the locked rule."
  ]
}
{
  "stage": "Stage151B_LOCKED_MTF_RULE_STATE_WRITER_STALE_GUARD",
  "generated_utc": "2026-07-06T08:28:30Z",
  "status": "STAGE151B_COMPLETE_LOCKED_MTF_RULE_STATE_STALE_GUARD_READY",
  "decision": "STAGE151B_LOCKED_RULE_INACTIVE_NO_ORDER",
  "root": "/Users/vahid/Desktop/xauusd-trader",
  "bars_path": "/Users/vahid/Downloads/xauusd_fundamental_event_inbox/amarkets_xauusd_5m.csv",
  "source_summary": "/Users/vahid/Desktop/xauusd-trader/reports/stage150_mtf_separated_validation_discovery/m5/stage150_mtf_separated_validation_discovery_summary.json",
  "tf": "m5",
  "timeframe_minutes": 5,
  "raw_row_count": 318337,
  "bar_count": 318337,
  "bar_min_utc": "2022-01-03T01:00:00+00:00",
  "bar_max_utc": "2026-07-06T10:00:00+00:00",
  "feature_date": "2026-07-06T10:00:00Z",
  "selected_rule_id": "D150C_M5_trend_8_20_bps_GEQ65__trend_50_100_bps_GEQ35",
  "selected_label": "m5: trend_8_20_bps >= q65 AND trend_50_100_bps >= q35",
  "conditions": [
    {
      "feature": "trend_8_20_bps",
      "op": ">=",
      "threshold": 9.25846423904142,
      "current": -5.380900733460425
    },
    {
      "feature": "trend_50_100_bps",
      "op": ">=",
      "threshold": -14.337320822584214,
      "current": 143.5218463869359
    }
  ],
  "any_signal_active": false,
  "raw_rule_active_before_stale_guard": false,
  "feature_fresh": false,
  "feature_age_sec": -5470,
  "max_feature_age_sec": 7200,
  "repo_kv": "/Users/vahid/Desktop/xauusd-trader/data/demo_execution/xauusd_stage151_m5_locked_rule_state_kv.csv",
  "repo_latest": "/Users/vahid/Desktop/xauusd-trader/data/demo_execution/xauusd_stage151_m5_locked_rule_state_latest.csv",
  "mt5_kv_written": true,
  "mt5_kv": "/Users/vahid/Library/Application Support/net.metaquotes.wine.metatrader5/drive_c/Program Files/MetaTrader 5/MQL5/Files/xauusd_stage151_m5_locked_rule_state_kv.csv",
  "mt5_latest": "/Users/vahid/Library/Application Support/net.metaquotes.wine.metatrader5/drive_c/Program Files/MetaTrader 5/MQL5/Files/xauusd_stage151_m5_locked_rule_state_latest.csv",
  "stage134_instruction": {
    "InpRuleStateKvFile": "xauusd_stage151_m5_locked_rule_state_kv.csv",
    "InpAllowedRules": "D150C_M5_trend_8_20_bps_GEQ65__trend_50_100_bps_GEQ35",
    "keep_InpEnableDemoOrders": "true only on demo account"
  },
  "summary_json": "/Users/vahid/Desktop/xauusd-trader/reports/stage151_locked_mtf_rule_state_writer/m5/stage151_locked_mtf_rule_state_writer_summary.json",
  "next": [
    "Use Stage151 for fast post-market-open refresh of a locked Stage150 MTF rule.",
    "Run full Stage150B scans offline only when changing or replacing the locked rule."
  ]
}
{
  "stage": "Stage151B_LOCKED_MTF_RULE_STATE_WRITER_STALE_GUARD",
  "generated_utc": "2026-07-06T08:33:50Z",
  "status": "STAGE151B_COMPLETE_LOCKED_MTF_RULE_STATE_STALE_GUARD_READY",
  "decision": "STAGE151B_LOCKED_RULE_INACTIVE_NO_ORDER",
  "root": "/Users/vahid/Desktop/xauusd-trader",
  "bars_path": "/Users/vahid/Downloads/xauusd_fundamental_event_inbox/amarkets_xauusd_5m.csv",
  "source_summary": "/Users/vahid/Desktop/xauusd-trader/reports/stage150_mtf_separated_validation_discovery/m5/stage150_mtf_separated_validation_discovery_summary.json",
  "tf": "m5",
  "timeframe_minutes": 5,
  "raw_row_count": 318337,
  "bar_count": 318337,
  "bar_min_utc": "2022-01-03T01:00:00+00:00",
  "bar_max_utc": "2026-07-06T10:00:00+00:00",
  "feature_date": "2026-07-06T10:00:00Z",
  "selected_rule_id": "D150C_M5_trend_8_20_bps_GEQ65__trend_50_100_bps_GEQ35",
  "selected_label": "m5: trend_8_20_bps >= q65 AND trend_50_100_bps >= q35",
  "conditions": [
    {
      "feature": "trend_8_20_bps",
      "op": ">=",
      "threshold": 9.25846423904142,
      "current": -5.380900733460425
    },
    {
      "feature": "trend_50_100_bps",
      "op": ">=",
      "threshold": -14.337320822584214,
      "current": 143.5218463869359
    }
  ],
  "any_signal_active": false,
  "raw_rule_active_before_stale_guard": false,
  "feature_fresh": false,
  "feature_age_sec": -5154,
  "max_feature_age_sec": 7200,
  "repo_kv": "/Users/vahid/Desktop/xauusd-trader/data/demo_execution/xauusd_stage151_m5_locked_rule_state_kv.csv",
  "repo_latest": "/Users/vahid/Desktop/xauusd-trader/data/demo_execution/xauusd_stage151_m5_locked_rule_state_latest.csv",
  "mt5_kv_written": true,
  "mt5_kv": "/Users/vahid/Library/Application Support/net.metaquotes.wine.metatrader5/drive_c/Program Files/MetaTrader 5/MQL5/Files/xauusd_stage151_m5_locked_rule_state_kv.csv",
  "mt5_latest": "/Users/vahid/Library/Application Support/net.metaquotes.wine.metatrader5/drive_c/Program Files/MetaTrader 5/MQL5/Files/xauusd_stage151_m5_locked_rule_state_latest.csv",
  "stage134_instruction": {
    "InpRuleStateKvFile": "xauusd_stage151_m5_locked_rule_state_kv.csv",
    "InpAllowedRules": "D150C_M5_trend_8_20_bps_GEQ65__trend_50_100_bps_GEQ35",
    "keep_InpEnableDemoOrders": "true only on demo account"
  },
  "summary_json": "/Users/vahid/Desktop/xauusd-trader/reports/stage151_locked_mtf_rule_state_writer/m5/stage151_locked_mtf_rule_state_writer_summary.json",
  "next": [
    "Use Stage151 for fast post-market-open refresh of a locked Stage150 MTF rule.",
    "Run full Stage150B scans offline only when changing or replacing the locked rule."
  ]
}
{
  "stage": "Stage151B_LOCKED_MTF_RULE_STATE_WRITER_STALE_GUARD",
  "generated_utc": "2026-07-06T08:39:06Z",
  "status": "STAGE151B_COMPLETE_LOCKED_MTF_RULE_STATE_STALE_GUARD_READY",
  "decision": "STAGE151B_LOCKED_RULE_INACTIVE_NO_ORDER",
  "root": "/Users/vahid/Desktop/xauusd-trader",
  "bars_path": "/Users/vahid/Downloads/xauusd_fundamental_event_inbox/amarkets_xauusd_5m.csv",
  "source_summary": "/Users/vahid/Desktop/xauusd-trader/reports/stage150_mtf_separated_validation_discovery/m5/stage150_mtf_separated_validation_discovery_summary.json",
  "tf": "m5",
  "timeframe_minutes": 5,
  "raw_row_count": 318337,
  "bar_count": 318337,
  "bar_min_utc": "2022-01-03T01:00:00+00:00",
  "bar_max_utc": "2026-07-06T10:00:00+00:00",
  "feature_date": "2026-07-06T10:00:00Z",
  "selected_rule_id": "D150C_M5_trend_8_20_bps_GEQ65__trend_50_100_bps_GEQ35",
  "selected_label": "m5: trend_8_20_bps >= q65 AND trend_50_100_bps >= q35",
  "conditions": [
    {
      "feature": "trend_8_20_bps",
      "op": ">=",
      "threshold": 9.25846423904142,
      "current": -5.380900733460425
    },
    {
      "feature": "trend_50_100_bps",
      "op": ">=",
      "threshold": -14.337320822584214,
      "current": 143.5218463869359
    }
  ],
  "any_signal_active": false,
  "raw_rule_active_before_stale_guard": false,
  "feature_fresh": false,
  "feature_age_sec": -4822,
  "max_feature_age_sec": 7200,
  "repo_kv": "/Users/vahid/Desktop/xauusd-trader/data/demo_execution/xauusd_stage151_m5_locked_rule_state_kv.csv",
  "repo_latest": "/Users/vahid/Desktop/xauusd-trader/data/demo_execution/xauusd_stage151_m5_locked_rule_state_latest.csv",
  "mt5_kv_written": true,
  "mt5_kv": "/Users/vahid/Library/Application Support/net.metaquotes.wine.metatrader5/drive_c/Program Files/MetaTrader 5/MQL5/Files/xauusd_stage151_m5_locked_rule_state_kv.csv",
  "mt5_latest": "/Users/vahid/Library/Application Support/net.metaquotes.wine.metatrader5/drive_c/Program Files/MetaTrader 5/MQL5/Files/xauusd_stage151_m5_locked_rule_state_latest.csv",
  "stage134_instruction": {
    "InpRuleStateKvFile": "xauusd_stage151_m5_locked_rule_state_kv.csv",
    "InpAllowedRules": "D150C_M5_trend_8_20_bps_GEQ65__trend_50_100_bps_GEQ35",
    "keep_InpEnableDemoOrders": "true only on demo account"
  },
  "summary_json": "/Users/vahid/Desktop/xauusd-trader/reports/stage151_locked_mtf_rule_state_writer/m5/stage151_locked_mtf_rule_state_writer_summary.json",
  "next": [
    "Use Stage151 for fast post-market-open refresh of a locked Stage150 MTF rule.",
    "Run full Stage150B scans offline only when changing or replacing the locked rule."
  ]
}
{
  "stage": "Stage153_LOCKED_MTF_RULE_STATE_WRITER_TIMESTAMP_NORMALIZED",
  "generated_utc": "2026-07-06T08:44:38Z",
  "status": "STAGE151B_COMPLETE_LOCKED_MTF_RULE_STATE_STALE_GUARD_READY",
  "decision": "STAGE153_LOCKED_RULE_INACTIVE_NO_ORDER",
  "root": "/Users/vahid/Desktop/xauusd-trader",
  "bars_path": "/Users/vahid/Downloads/xauusd_fundamental_event_inbox/amarkets_xauusd_5m.csv",
  "source_summary": "/Users/vahid/Desktop/xauusd-trader/reports/stage150_mtf_separated_validation_discovery/m5/stage150_mtf_separated_validation_discovery_summary.json",
  "tf": "m5",
  "timeframe_minutes": 5,
  "raw_row_count": 318337,
  "bar_count": 318337,
  "bar_min_utc": "2022-01-03T01:00:00+00:00",
  "bar_max_utc": "2026-07-06T10:00:00+00:00",
  "feature_date": "2026-07-06T10:00:00Z",
  "raw_feature_date": "2026-07-06T10:00:00Z",
  "timestamp_shift_hours": 0.0,
  "selected_rule_id": "D150C_M5_trend_8_20_bps_GEQ65__trend_50_100_bps_GEQ35",
  "selected_label": "m5: trend_8_20_bps >= q65 AND trend_50_100_bps >= q35",
  "conditions": [
    {
      "feature": "trend_8_20_bps",
      "op": ">=",
      "threshold": 9.25846423904142,
      "current": -5.380900733460425
    },
    {
      "feature": "trend_50_100_bps",
      "op": ">=",
      "threshold": -14.337320822584214,
      "current": 143.5218463869359
    }
  ],
  "any_signal_active": false,
  "raw_rule_active_before_stale_guard": false,
  "feature_fresh": false,
  "feature_age_sec": -4499,
  "max_feature_age_sec": 7200,
  "repo_kv": "/Users/vahid/Desktop/xauusd-trader/data/demo_execution/xauusd_stage151_m5_locked_rule_state_kv.csv",
  "repo_latest": "/Users/vahid/Desktop/xauusd-trader/data/demo_execution/xauusd_stage151_m5_locked_rule_state_latest.csv",
  "mt5_kv_written": true,
  "mt5_kv": "/Users/vahid/Library/Application Support/net.metaquotes.wine.metatrader5/drive_c/Program Files/MetaTrader 5/MQL5/Files/xauusd_stage151_m5_locked_rule_state_kv.csv",
  "mt5_latest": "/Users/vahid/Library/Application Support/net.metaquotes.wine.metatrader5/drive_c/Program Files/MetaTrader 5/MQL5/Files/xauusd_stage151_m5_locked_rule_state_latest.csv",
  "stage134_instruction": {
    "InpRuleStateKvFile": "xauusd_stage151_m5_locked_rule_state_kv.csv",
    "InpAllowedRules": "D150C_M5_trend_8_20_bps_GEQ65__trend_50_100_bps_GEQ35",
    "keep_InpEnableDemoOrders": "true only on demo account"
  },
  "summary_json": "/Users/vahid/Desktop/xauusd-trader/reports/stage151_locked_mtf_rule_state_writer/m5/stage151_locked_mtf_rule_state_writer_summary.json",
  "next": [
    "Use Stage151 for fast post-market-open refresh of a locked Stage150 MTF rule.",
    "Run full Stage150B scans offline only when changing or replacing the locked rule."
  ]
}
{
  "stage": "Stage153_LOCKED_MTF_RULE_STATE_WRITER_TIMESTAMP_NORMALIZED",
  "generated_utc": "2026-07-06T08:50:05Z",
  "status": "STAGE151B_COMPLETE_LOCKED_MTF_RULE_STATE_STALE_GUARD_READY",
  "decision": "STAGE153_LOCKED_RULE_INACTIVE_NO_ORDER",
  "root": "/Users/vahid/Desktop/xauusd-trader",
  "bars_path": "/Users/vahid/Downloads/xauusd_fundamental_event_inbox/amarkets_xauusd_5m.csv",
  "source_summary": "/Users/vahid/Desktop/xauusd-trader/reports/stage150_mtf_separated_validation_discovery/m5/stage150_mtf_separated_validation_discovery_summary.json",
  "tf": "m5",
  "timeframe_minutes": 5,
  "raw_row_count": 318337,
  "bar_count": 318337,
  "bar_min_utc": "2022-01-03T01:00:00+00:00",
  "bar_max_utc": "2026-07-06T10:00:00+00:00",
  "feature_date": "2026-07-06T10:00:00Z",
  "raw_feature_date": "2026-07-06T10:00:00Z",
  "timestamp_shift_hours": 0.0,
  "selected_rule_id": "D150C_M5_trend_8_20_bps_GEQ65__trend_50_100_bps_GEQ35",
  "selected_label": "m5: trend_8_20_bps >= q65 AND trend_50_100_bps >= q35",
  "conditions": [
    {
      "feature": "trend_8_20_bps",
      "op": ">=",
      "threshold": 9.25846423904142,
      "current": -5.380900733460425
    },
    {
      "feature": "trend_50_100_bps",
      "op": ">=",
      "threshold": -14.337320822584214,
      "current": 143.5218463869359
    }
  ],
  "any_signal_active": false,
  "raw_rule_active_before_stale_guard": false,
  "feature_fresh": false,
  "feature_age_sec": -4170,
  "max_feature_age_sec": 7200,
  "repo_kv": "/Users/vahid/Desktop/xauusd-trader/data/demo_execution/xauusd_stage151_m5_locked_rule_state_kv.csv",
  "repo_latest": "/Users/vahid/Desktop/xauusd-trader/data/demo_execution/xauusd_stage151_m5_locked_rule_state_latest.csv",
  "mt5_kv_written": true,
  "mt5_kv": "/Users/vahid/Library/Application Support/net.metaquotes.wine.metatrader5/drive_c/Program Files/MetaTrader 5/MQL5/Files/xauusd_stage151_m5_locked_rule_state_kv.csv",
  "mt5_latest": "/Users/vahid/Library/Application Support/net.metaquotes.wine.metatrader5/drive_c/Program Files/MetaTrader 5/MQL5/Files/xauusd_stage151_m5_locked_rule_state_latest.csv",
  "stage134_instruction": {
    "InpRuleStateKvFile": "xauusd_stage151_m5_locked_rule_state_kv.csv",
    "InpAllowedRules": "D150C_M5_trend_8_20_bps_GEQ65__trend_50_100_bps_GEQ35",
    "keep_InpEnableDemoOrders": "true only on demo account"
  },
  "summary_json": "/Users/vahid/Desktop/xauusd-trader/reports/stage151_locked_mtf_rule_state_writer/m5/stage151_locked_mtf_rule_state_writer_summary.json",
  "next": [
    "Use Stage151 for fast post-market-open refresh of a locked Stage150 MTF rule.",
    "Run full Stage150B scans offline only when changing or replacing the locked rule."
  ]
}
{
  "stage": "Stage153_LOCKED_MTF_RULE_STATE_WRITER_TIMESTAMP_NORMALIZED",
  "generated_utc": "2026-07-06T08:55:30Z",
  "status": "STAGE151B_COMPLETE_LOCKED_MTF_RULE_STATE_STALE_GUARD_READY",
  "decision": "STAGE153_LOCKED_RULE_INACTIVE_NO_ORDER",
  "root": "/Users/vahid/Desktop/xauusd-trader",
  "bars_path": "/Users/vahid/Downloads/xauusd_fundamental_event_inbox/amarkets_xauusd_5m.csv",
  "source_summary": "/Users/vahid/Desktop/xauusd-trader/reports/stage150_mtf_separated_validation_discovery/m5/stage150_mtf_separated_validation_discovery_summary.json",
  "tf": "m5",
  "timeframe_minutes": 5,
  "raw_row_count": 318337,
  "bar_count": 318337,
  "bar_min_utc": "2022-01-03T01:00:00+00:00",
  "bar_max_utc": "2026-07-06T10:00:00+00:00",
  "feature_date": "2026-07-06T10:00:00Z",
  "raw_feature_date": "2026-07-06T10:00:00Z",
  "timestamp_shift_hours": 0.0,
  "selected_rule_id": "D150C_M5_trend_8_20_bps_GEQ65__trend_50_100_bps_GEQ35",
  "selected_label": "m5: trend_8_20_bps >= q65 AND trend_50_100_bps >= q35",
  "conditions": [
    {
      "feature": "trend_8_20_bps",
      "op": ">=",
      "threshold": 9.25846423904142,
      "current": -5.380900733460425
    },
    {
      "feature": "trend_50_100_bps",
      "op": ">=",
      "threshold": -14.337320822584214,
      "current": 143.5218463869359
    }
  ],
  "any_signal_active": false,
  "raw_rule_active_before_stale_guard": false,
  "feature_fresh": false,
  "feature_age_sec": -3847,
  "max_feature_age_sec": 7200,
  "repo_kv": "/Users/vahid/Desktop/xauusd-trader/data/demo_execution/xauusd_stage151_m5_locked_rule_state_kv.csv",
  "repo_latest": "/Users/vahid/Desktop/xauusd-trader/data/demo_execution/xauusd_stage151_m5_locked_rule_state_latest.csv",
  "mt5_kv_written": true,
  "mt5_kv": "/Users/vahid/Library/Application Support/net.metaquotes.wine.metatrader5/drive_c/Program Files/MetaTrader 5/MQL5/Files/xauusd_stage151_m5_locked_rule_state_kv.csv",
  "mt5_latest": "/Users/vahid/Library/Application Support/net.metaquotes.wine.metatrader5/drive_c/Program Files/MetaTrader 5/MQL5/Files/xauusd_stage151_m5_locked_rule_state_latest.csv",
  "stage134_instruction": {
    "InpRuleStateKvFile": "xauusd_stage151_m5_locked_rule_state_kv.csv",
    "InpAllowedRules": "D150C_M5_trend_8_20_bps_GEQ65__trend_50_100_bps_GEQ35",
    "keep_InpEnableDemoOrders": "true only on demo account"
  },
  "summary_json": "/Users/vahid/Desktop/xauusd-trader/reports/stage151_locked_mtf_rule_state_writer/m5/stage151_locked_mtf_rule_state_writer_summary.json",
  "next": [
    "Use Stage151 for fast post-market-open refresh of a locked Stage150 MTF rule.",
    "Run full Stage150B scans offline only when changing or replacing the locked rule."
  ]
}
{
  "stage": "Stage153_LOCKED_MTF_RULE_STATE_WRITER_TIMESTAMP_NORMALIZED",
  "generated_utc": "2026-07-06T08:58:01Z",
  "status": "STAGE151B_COMPLETE_LOCKED_MTF_RULE_STATE_STALE_GUARD_READY",
  "decision": "STAGE153_LOCKED_RULE_INACTIVE_NO_ORDER",
  "root": "/Users/vahid/Desktop/xauusd-trader",
  "bars_path": "/Users/vahid/Downloads/xauusd_fundamental_event_inbox/amarkets_xauusd_5m.csv",
  "source_summary": "/Users/vahid/Desktop/xauusd-trader/reports/stage150_mtf_separated_validation_discovery/m5/stage150_mtf_separated_validation_discovery_summary.json",
  "tf": "m5",
  "timeframe_minutes": 5,
  "raw_row_count": 318337,
  "bar_count": 318337,
  "bar_min_utc": "2022-01-03T01:00:00+00:00",
  "bar_max_utc": "2026-07-06T10:00:00+00:00",
  "feature_date": "2026-07-06T07:00:00Z",
  "raw_feature_date": "2026-07-06T10:00:00Z",
  "timestamp_shift_hours": -3.0,
  "selected_rule_id": "D150C_M5_trend_8_20_bps_GEQ65__trend_50_100_bps_GEQ35",
  "selected_label": "m5: trend_8_20_bps >= q65 AND trend_50_100_bps >= q35",
  "conditions": [
    {
      "feature": "trend_8_20_bps",
      "op": ">=",
      "threshold": 9.25846423904142,
      "current": -5.380900733460425
    },
    {
      "feature": "trend_50_100_bps",
      "op": ">=",
      "threshold": -14.337320822584214,
      "current": 143.5218463869359
    }
  ],
  "any_signal_active": false,
  "raw_rule_active_before_stale_guard": false,
  "feature_fresh": true,
  "feature_age_sec": 7112,
  "max_feature_age_sec": 7200,
  "repo_kv": "/Users/vahid/Desktop/xauusd-trader/data/demo_execution/xauusd_stage151_m5_locked_rule_state_kv.csv",
  "repo_latest": "/Users/vahid/Desktop/xauusd-trader/data/demo_execution/xauusd_stage151_m5_locked_rule_state_latest.csv",
  "mt5_kv_written": true,
  "mt5_kv": "/Users/vahid/Library/Application Support/net.metaquotes.wine.metatrader5/drive_c/Program Files/MetaTrader 5/MQL5/Files/xauusd_stage151_m5_locked_rule_state_kv.csv",
  "mt5_latest": "/Users/vahid/Library/Application Support/net.metaquotes.wine.metatrader5/drive_c/Program Files/MetaTrader 5/MQL5/Files/xauusd_stage151_m5_locked_rule_state_latest.csv",
  "stage134_instruction": {
    "InpRuleStateKvFile": "xauusd_stage151_m5_locked_rule_state_kv.csv",
    "InpAllowedRules": "D150C_M5_trend_8_20_bps_GEQ65__trend_50_100_bps_GEQ35",
    "keep_InpEnableDemoOrders": "true only on demo account"
  },
  "summary_json": "/Users/vahid/Desktop/xauusd-trader/reports/stage151_locked_mtf_rule_state_writer/m5/stage151_locked_mtf_rule_state_writer_summary.json",
  "next": [
    "Use Stage151 for fast post-market-open refresh of a locked Stage150 MTF rule.",
    "Run full Stage150B scans offline only when changing or replacing the locked rule."
  ]
}
{
  "stage": "Stage153_LOCKED_MTF_RULE_STATE_WRITER_TIMESTAMP_NORMALIZED",
  "generated_utc": "2026-07-06T09:03:33Z",
  "status": "STAGE151B_COMPLETE_LOCKED_MTF_RULE_STATE_STALE_GUARD_READY",
  "decision": "STAGE153_LOCKED_RULE_INACTIVE_NO_ORDER",
  "root": "/Users/vahid/Desktop/xauusd-trader",
  "bars_path": "/Users/vahid/Downloads/xauusd_fundamental_event_inbox/amarkets_xauusd_5m.csv",
  "source_summary": "/Users/vahid/Desktop/xauusd-trader/reports/stage150_mtf_separated_validation_discovery/m5/stage150_mtf_separated_validation_discovery_summary.json",
  "tf": "m5",
  "timeframe_minutes": 5,
  "raw_row_count": 318337,
  "bar_count": 318337,
  "bar_min_utc": "2022-01-03T01:00:00+00:00",
  "bar_max_utc": "2026-07-06T10:00:00+00:00",
  "feature_date": "2026-07-06T07:00:00Z",
  "raw_feature_date": "2026-07-06T10:00:00Z",
  "timestamp_shift_hours": -3.0,
  "selected_rule_id": "D150C_M5_trend_8_20_bps_GEQ65__trend_50_100_bps_GEQ35",
  "selected_label": "m5: trend_8_20_bps >= q65 AND trend_50_100_bps >= q35",
  "conditions": [
    {
      "feature": "trend_8_20_bps",
      "op": ">=",
      "threshold": 9.25846423904142,
      "current": -5.380900733460425
    },
    {
      "feature": "trend_50_100_bps",
      "op": ">=",
      "threshold": -14.337320822584214,
      "current": 143.5218463869359
    }
  ],
  "any_signal_active": false,
  "raw_rule_active_before_stale_guard": false,
  "feature_fresh": false,
  "feature_age_sec": 7448,
  "max_feature_age_sec": 7200,
  "repo_kv": "/Users/vahid/Desktop/xauusd-trader/data/demo_execution/xauusd_stage151_m5_locked_rule_state_kv.csv",
  "repo_latest": "/Users/vahid/Desktop/xauusd-trader/data/demo_execution/xauusd_stage151_m5_locked_rule_state_latest.csv",
  "mt5_kv_written": true,
  "mt5_kv": "/Users/vahid/Library/Application Support/net.metaquotes.wine.metatrader5/drive_c/Program Files/MetaTrader 5/MQL5/Files/xauusd_stage151_m5_locked_rule_state_kv.csv",
  "mt5_latest": "/Users/vahid/Library/Application Support/net.metaquotes.wine.metatrader5/drive_c/Program Files/MetaTrader 5/MQL5/Files/xauusd_stage151_m5_locked_rule_state_latest.csv",
  "stage134_instruction": {
    "InpRuleStateKvFile": "xauusd_stage151_m5_locked_rule_state_kv.csv",
    "InpAllowedRules": "D150C_M5_trend_8_20_bps_GEQ65__trend_50_100_bps_GEQ35",
    "keep_InpEnableDemoOrders": "true only on demo account"
  },
  "summary_json": "/Users/vahid/Desktop/xauusd-trader/reports/stage151_locked_mtf_rule_state_writer/m5/stage151_locked_mtf_rule_state_writer_summary.json",
  "next": [
    "Use Stage151 for fast post-market-open refresh of a locked Stage150 MTF rule.",
    "Run full Stage150B scans offline only when changing or replacing the locked rule."
  ]
}
{
  "stage": "Stage153_LOCKED_MTF_RULE_STATE_WRITER_TIMESTAMP_NORMALIZED",
  "generated_utc": "2026-07-06T09:09:09Z",
  "status": "STAGE151B_COMPLETE_LOCKED_MTF_RULE_STATE_STALE_GUARD_READY",
  "decision": "STAGE153_LOCKED_RULE_INACTIVE_NO_ORDER",
  "root": "/Users/vahid/Desktop/xauusd-trader",
  "bars_path": "/Users/vahid/Downloads/xauusd_fundamental_event_inbox/amarkets_xauusd_5m.csv",
  "source_summary": "/Users/vahid/Desktop/xauusd-trader/reports/stage150_mtf_separated_validation_discovery/m5/stage150_mtf_separated_validation_discovery_summary.json",
  "tf": "m5",
  "timeframe_minutes": 5,
  "raw_row_count": 318337,
  "bar_count": 318337,
  "bar_min_utc": "2022-01-03T01:00:00+00:00",
  "bar_max_utc": "2026-07-06T10:00:00+00:00",
  "feature_date": "2026-07-06T07:00:00Z",
  "raw_feature_date": "2026-07-06T10:00:00Z",
  "timestamp_shift_hours": -3.0,
  "selected_rule_id": "D150C_M5_trend_8_20_bps_GEQ65__trend_50_100_bps_GEQ35",
  "selected_label": "m5: trend_8_20_bps >= q65 AND trend_50_100_bps >= q35",
  "conditions": [
    {
      "feature": "trend_8_20_bps",
      "op": ">=",
      "threshold": 9.25846423904142,
      "current": -5.380900733460425
    },
    {
      "feature": "trend_50_100_bps",
      "op": ">=",
      "threshold": -14.337320822584214,
      "current": 143.5218463869359
    }
  ],
  "any_signal_active": false,
  "raw_rule_active_before_stale_guard": false,
  "feature_fresh": false,
  "feature_age_sec": 7767,
  "max_feature_age_sec": 7200,
  "repo_kv": "/Users/vahid/Desktop/xauusd-trader/data/demo_execution/xauusd_stage151_m5_locked_rule_state_kv.csv",
  "repo_latest": "/Users/vahid/Desktop/xauusd-trader/data/demo_execution/xauusd_stage151_m5_locked_rule_state_latest.csv",
  "mt5_kv_written": true,
  "mt5_kv": "/Users/vahid/Library/Application Support/net.metaquotes.wine.metatrader5/drive_c/Program Files/MetaTrader 5/MQL5/Files/xauusd_stage151_m5_locked_rule_state_kv.csv",
  "mt5_latest": "/Users/vahid/Library/Application Support/net.metaquotes.wine.metatrader5/drive_c/Program Files/MetaTrader 5/MQL5/Files/xauusd_stage151_m5_locked_rule_state_latest.csv",
  "stage134_instruction": {
    "InpRuleStateKvFile": "xauusd_stage151_m5_locked_rule_state_kv.csv",
    "InpAllowedRules": "D150C_M5_trend_8_20_bps_GEQ65__trend_50_100_bps_GEQ35",
    "keep_InpEnableDemoOrders": "true only on demo account"
  },
  "summary_json": "/Users/vahid/Desktop/xauusd-trader/reports/stage151_locked_mtf_rule_state_writer/m5/stage151_locked_mtf_rule_state_writer_summary.json",
  "next": [
    "Use Stage151 for fast post-market-open refresh of a locked Stage150 MTF rule.",
    "Run full Stage150B scans offline only when changing or replacing the locked rule."
  ]
}
{
  "stage": "Stage153_LOCKED_MTF_RULE_STATE_WRITER_TIMESTAMP_NORMALIZED",
  "generated_utc": "2026-07-06T09:14:29Z",
  "status": "STAGE151B_COMPLETE_LOCKED_MTF_RULE_STATE_STALE_GUARD_READY",
  "decision": "STAGE153_LOCKED_RULE_INACTIVE_NO_ORDER",
  "root": "/Users/vahid/Desktop/xauusd-trader",
  "bars_path": "/Users/vahid/Downloads/xauusd_fundamental_event_inbox/amarkets_xauusd_5m.csv",
  "source_summary": "/Users/vahid/Desktop/xauusd-trader/reports/stage150_mtf_separated_validation_discovery/m5/stage150_mtf_separated_validation_discovery_summary.json",
  "tf": "m5",
  "timeframe_minutes": 5,
  "raw_row_count": 318337,
  "bar_count": 318337,
  "bar_min_utc": "2022-01-03T01:00:00+00:00",
  "bar_max_utc": "2026-07-06T10:00:00+00:00",
  "feature_date": "2026-07-06T07:00:00Z",
  "raw_feature_date": "2026-07-06T10:00:00Z",
  "timestamp_shift_hours": -3.0,
  "selected_rule_id": "D150C_M5_trend_8_20_bps_GEQ65__trend_50_100_bps_GEQ35",
  "selected_label": "m5: trend_8_20_bps >= q65 AND trend_50_100_bps >= q35",
  "conditions": [
    {
      "feature": "trend_8_20_bps",
      "op": ">=",
      "threshold": 9.25846423904142,
      "current": -5.380900733460425
    },
    {
      "feature": "trend_50_100_bps",
      "op": ">=",
      "threshold": -14.337320822584214,
      "current": 143.5218463869359
    }
  ],
  "any_signal_active": false,
  "raw_rule_active_before_stale_guard": false,
  "feature_fresh": false,
  "feature_age_sec": 8087,
  "max_feature_age_sec": 7200,
  "repo_kv": "/Users/vahid/Desktop/xauusd-trader/data/demo_execution/xauusd_stage151_m5_locked_rule_state_kv.csv",
  "repo_latest": "/Users/vahid/Desktop/xauusd-trader/data/demo_execution/xauusd_stage151_m5_locked_rule_state_latest.csv",
  "mt5_kv_written": true,
  "mt5_kv": "/Users/vahid/Library/Application Support/net.metaquotes.wine.metatrader5/drive_c/Program Files/MetaTrader 5/MQL5/Files/xauusd_stage151_m5_locked_rule_state_kv.csv",
  "mt5_latest": "/Users/vahid/Library/Application Support/net.metaquotes.wine.metatrader5/drive_c/Program Files/MetaTrader 5/MQL5/Files/xauusd_stage151_m5_locked_rule_state_latest.csv",
  "stage134_instruction": {
    "InpRuleStateKvFile": "xauusd_stage151_m5_locked_rule_state_kv.csv",
    "InpAllowedRules": "D150C_M5_trend_8_20_bps_GEQ65__trend_50_100_bps_GEQ35",
    "keep_InpEnableDemoOrders": "true only on demo account"
  },
  "summary_json": "/Users/vahid/Desktop/xauusd-trader/reports/stage151_locked_mtf_rule_state_writer/m5/stage151_locked_mtf_rule_state_writer_summary.json",
  "next": [
    "Use Stage151 for fast post-market-open refresh of a locked Stage150 MTF rule.",
    "Run full Stage150B scans offline only when changing or replacing the locked rule."
  ]
}
{
  "stage": "Stage153_LOCKED_MTF_RULE_STATE_WRITER_TIMESTAMP_NORMALIZED",
  "generated_utc": "2026-07-06T09:19:48Z",
  "status": "STAGE151B_COMPLETE_LOCKED_MTF_RULE_STATE_STALE_GUARD_READY",
  "decision": "STAGE153_LOCKED_RULE_INACTIVE_NO_ORDER",
  "root": "/Users/vahid/Desktop/xauusd-trader",
  "bars_path": "/Users/vahid/Downloads/xauusd_fundamental_event_inbox/amarkets_xauusd_5m.csv",
  "source_summary": "/Users/vahid/Desktop/xauusd-trader/reports/stage150_mtf_separated_validation_discovery/m5/stage150_mtf_separated_validation_discovery_summary.json",
  "tf": "m5",
  "timeframe_minutes": 5,
  "raw_row_count": 318337,
  "bar_count": 318337,
  "bar_min_utc": "2022-01-03T01:00:00+00:00",
  "bar_max_utc": "2026-07-06T10:00:00+00:00",
  "feature_date": "2026-07-06T07:00:00Z",
  "raw_feature_date": "2026-07-06T10:00:00Z",
  "timestamp_shift_hours": -3.0,
  "selected_rule_id": "D150C_M5_trend_8_20_bps_GEQ65__trend_50_100_bps_GEQ35",
  "selected_label": "m5: trend_8_20_bps >= q65 AND trend_50_100_bps >= q35",
  "conditions": [
    {
      "feature": "trend_8_20_bps",
      "op": ">=",
      "threshold": 9.25846423904142,
      "current": -5.380900733460425
    },
    {
      "feature": "trend_50_100_bps",
      "op": ">=",
      "threshold": -14.337320822584214,
      "current": 143.5218463869359
    }
  ],
  "any_signal_active": false,
  "raw_rule_active_before_stale_guard": false,
  "feature_fresh": false,
  "feature_age_sec": 8409,
  "max_feature_age_sec": 7200,
  "repo_kv": "/Users/vahid/Desktop/xauusd-trader/data/demo_execution/xauusd_stage151_m5_locked_rule_state_kv.csv",
  "repo_latest": "/Users/vahid/Desktop/xauusd-trader/data/demo_execution/xauusd_stage151_m5_locked_rule_state_latest.csv",
  "mt5_kv_written": true,
  "mt5_kv": "/Users/vahid/Library/Application Support/net.metaquotes.wine.metatrader5/drive_c/Program Files/MetaTrader 5/MQL5/Files/xauusd_stage151_m5_locked_rule_state_kv.csv",
  "mt5_latest": "/Users/vahid/Library/Application Support/net.metaquotes.wine.metatrader5/drive_c/Program Files/MetaTrader 5/MQL5/Files/xauusd_stage151_m5_locked_rule_state_latest.csv",
  "stage134_instruction": {
    "InpRuleStateKvFile": "xauusd_stage151_m5_locked_rule_state_kv.csv",
    "InpAllowedRules": "D150C_M5_trend_8_20_bps_GEQ65__trend_50_100_bps_GEQ35",
    "keep_InpEnableDemoOrders": "true only on demo account"
  },
  "summary_json": "/Users/vahid/Desktop/xauusd-trader/reports/stage151_locked_mtf_rule_state_writer/m5/stage151_locked_mtf_rule_state_writer_summary.json",
  "next": [
    "Use Stage151 for fast post-market-open refresh of a locked Stage150 MTF rule.",
    "Run full Stage150B scans offline only when changing or replacing the locked rule."
  ]
}
{
  "stage": "Stage153_LOCKED_MTF_RULE_STATE_WRITER_TIMESTAMP_NORMALIZED",
  "generated_utc": "2026-07-06T09:25:10Z",
  "status": "STAGE151B_COMPLETE_LOCKED_MTF_RULE_STATE_STALE_GUARD_READY",
  "decision": "STAGE153_LOCKED_RULE_INACTIVE_NO_ORDER",
  "root": "/Users/vahid/Desktop/xauusd-trader",
  "bars_path": "/Users/vahid/Downloads/xauusd_fundamental_event_inbox/amarkets_xauusd_5m.csv",
  "source_summary": "/Users/vahid/Desktop/xauusd-trader/reports/stage150_mtf_separated_validation_discovery/m5/stage150_mtf_separated_validation_discovery_summary.json",
  "tf": "m5",
  "timeframe_minutes": 5,
  "raw_row_count": 318337,
  "bar_count": 318337,
  "bar_min_utc": "2022-01-03T01:00:00+00:00",
  "bar_max_utc": "2026-07-06T10:00:00+00:00",
  "feature_date": "2026-07-06T07:00:00Z",
  "raw_feature_date": "2026-07-06T10:00:00Z",
  "timestamp_shift_hours": -3.0,
  "selected_rule_id": "D150C_M5_trend_8_20_bps_GEQ65__trend_50_100_bps_GEQ35",
  "selected_label": "m5: trend_8_20_bps >= q65 AND trend_50_100_bps >= q35",
  "conditions": [
    {
      "feature": "trend_8_20_bps",
      "op": ">=",
      "threshold": 9.25846423904142,
      "current": -5.380900733460425
    },
    {
      "feature": "trend_50_100_bps",
      "op": ">=",
      "threshold": -14.337320822584214,
      "current": 143.5218463869359
    }
  ],
  "any_signal_active": false,
  "raw_rule_active_before_stale_guard": false,
  "feature_fresh": false,
  "feature_age_sec": 8743,
  "max_feature_age_sec": 7200,
  "repo_kv": "/Users/vahid/Desktop/xauusd-trader/data/demo_execution/xauusd_stage151_m5_locked_rule_state_kv.csv",
  "repo_latest": "/Users/vahid/Desktop/xauusd-trader/data/demo_execution/xauusd_stage151_m5_locked_rule_state_latest.csv",
  "mt5_kv_written": true,
  "mt5_kv": "/Users/vahid/Library/Application Support/net.metaquotes.wine.metatrader5/drive_c/Program Files/MetaTrader 5/MQL5/Files/xauusd_stage151_m5_locked_rule_state_kv.csv",
  "mt5_latest": "/Users/vahid/Library/Application Support/net.metaquotes.wine.metatrader5/drive_c/Program Files/MetaTrader 5/MQL5/Files/xauusd_stage151_m5_locked_rule_state_latest.csv",
  "stage134_instruction": {
    "InpRuleStateKvFile": "xauusd_stage151_m5_locked_rule_state_kv.csv",
    "InpAllowedRules": "D150C_M5_trend_8_20_bps_GEQ65__trend_50_100_bps_GEQ35",
    "keep_InpEnableDemoOrders": "true only on demo account"
  },
  "summary_json": "/Users/vahid/Desktop/xauusd-trader/reports/stage151_locked_mtf_rule_state_writer/m5/stage151_locked_mtf_rule_state_writer_summary.json",
  "next": [
    "Use Stage151 for fast post-market-open refresh of a locked Stage150 MTF rule.",
    "Run full Stage150B scans offline only when changing or replacing the locked rule."
  ]
}
{
  "stage": "Stage153_LOCKED_MTF_RULE_STATE_WRITER_TIMESTAMP_NORMALIZED",
  "generated_utc": "2026-07-06T09:30:46Z",
  "status": "STAGE151B_COMPLETE_LOCKED_MTF_RULE_STATE_STALE_GUARD_READY",
  "decision": "STAGE153_LOCKED_RULE_INACTIVE_NO_ORDER",
  "root": "/Users/vahid/Desktop/xauusd-trader",
  "bars_path": "/Users/vahid/Downloads/xauusd_fundamental_event_inbox/amarkets_xauusd_5m.csv",
  "source_summary": "/Users/vahid/Desktop/xauusd-trader/reports/stage150_mtf_separated_validation_discovery/m5/stage150_mtf_separated_validation_discovery_summary.json",
  "tf": "m5",
  "timeframe_minutes": 5,
  "raw_row_count": 318337,
  "bar_count": 318337,
  "bar_min_utc": "2022-01-03T01:00:00+00:00",
  "bar_max_utc": "2026-07-06T10:00:00+00:00",
  "feature_date": "2026-07-06T07:00:00Z",
  "raw_feature_date": "2026-07-06T10:00:00Z",
  "timestamp_shift_hours": -3.0,
  "selected_rule_id": "D150C_M5_trend_8_20_bps_GEQ65__trend_50_100_bps_GEQ35",
  "selected_label": "m5: trend_8_20_bps >= q65 AND trend_50_100_bps >= q35",
  "conditions": [
    {
      "feature": "trend_8_20_bps",
      "op": ">=",
      "threshold": 9.25846423904142,
      "current": -5.380900733460425
    },
    {
      "feature": "trend_50_100_bps",
      "op": ">=",
      "threshold": -14.337320822584214,
      "current": 143.5218463869359
    }
  ],
  "any_signal_active": false,
  "raw_rule_active_before_stale_guard": false,
  "feature_fresh": false,
  "feature_age_sec": 9066,
  "max_feature_age_sec": 7200,
  "repo_kv": "/Users/vahid/Desktop/xauusd-trader/data/demo_execution/xauusd_stage151_m5_locked_rule_state_kv.csv",
  "repo_latest": "/Users/vahid/Desktop/xauusd-trader/data/demo_execution/xauusd_stage151_m5_locked_rule_state_latest.csv",
  "mt5_kv_written": true,
  "mt5_kv": "/Users/vahid/Library/Application Support/net.metaquotes.wine.metatrader5/drive_c/Program Files/MetaTrader 5/MQL5/Files/xauusd_stage151_m5_locked_rule_state_kv.csv",
  "mt5_latest": "/Users/vahid/Library/Application Support/net.metaquotes.wine.metatrader5/drive_c/Program Files/MetaTrader 5/MQL5/Files/xauusd_stage151_m5_locked_rule_state_latest.csv",
  "stage134_instruction": {
    "InpRuleStateKvFile": "xauusd_stage151_m5_locked_rule_state_kv.csv",
    "InpAllowedRules": "D150C_M5_trend_8_20_bps_GEQ65__trend_50_100_bps_GEQ35",
    "keep_InpEnableDemoOrders": "true only on demo account"
  },
  "summary_json": "/Users/vahid/Desktop/xauusd-trader/reports/stage151_locked_mtf_rule_state_writer/m5/stage151_locked_mtf_rule_state_writer_summary.json",
  "next": [
    "Use Stage151 for fast post-market-open refresh of a locked Stage150 MTF rule.",
    "Run full Stage150B scans offline only when changing or replacing the locked rule."
  ]
}
{
  "stage": "Stage153_LOCKED_MTF_RULE_STATE_WRITER_TIMESTAMP_NORMALIZED",
  "generated_utc": "2026-07-06T09:36:07Z",
  "status": "STAGE151B_COMPLETE_LOCKED_MTF_RULE_STATE_STALE_GUARD_READY",
  "decision": "STAGE153_LOCKED_RULE_INACTIVE_NO_ORDER",
  "root": "/Users/vahid/Desktop/xauusd-trader",
  "bars_path": "/Users/vahid/Downloads/xauusd_fundamental_event_inbox/amarkets_xauusd_5m.csv",
  "source_summary": "/Users/vahid/Desktop/xauusd-trader/reports/stage150_mtf_separated_validation_discovery/m5/stage150_mtf_separated_validation_discovery_summary.json",
  "tf": "m5",
  "timeframe_minutes": 5,
  "raw_row_count": 318337,
  "bar_count": 318337,
  "bar_min_utc": "2022-01-03T01:00:00+00:00",
  "bar_max_utc": "2026-07-06T10:00:00+00:00",
  "feature_date": "2026-07-06T07:00:00Z",
  "raw_feature_date": "2026-07-06T10:00:00Z",
  "timestamp_shift_hours": -3.0,
  "selected_rule_id": "D150C_M5_trend_8_20_bps_GEQ65__trend_50_100_bps_GEQ35",
  "selected_label": "m5: trend_8_20_bps >= q65 AND trend_50_100_bps >= q35",
  "conditions": [
    {
      "feature": "trend_8_20_bps",
      "op": ">=",
      "threshold": 9.25846423904142,
      "current": -5.380900733460425
    },
    {
      "feature": "trend_50_100_bps",
      "op": ">=",
      "threshold": -14.337320822584214,
      "current": 143.5218463869359
    }
  ],
  "any_signal_active": false,
  "raw_rule_active_before_stale_guard": false,
  "feature_fresh": false,
  "feature_age_sec": 9387,
  "max_feature_age_sec": 7200,
  "repo_kv": "/Users/vahid/Desktop/xauusd-trader/data/demo_execution/xauusd_stage151_m5_locked_rule_state_kv.csv",
  "repo_latest": "/Users/vahid/Desktop/xauusd-trader/data/demo_execution/xauusd_stage151_m5_locked_rule_state_latest.csv",
  "mt5_kv_written": true,
  "mt5_kv": "/Users/vahid/Library/Application Support/net.metaquotes.wine.metatrader5/drive_c/Program Files/MetaTrader 5/MQL5/Files/xauusd_stage151_m5_locked_rule_state_kv.csv",
  "mt5_latest": "/Users/vahid/Library/Application Support/net.metaquotes.wine.metatrader5/drive_c/Program Files/MetaTrader 5/MQL5/Files/xauusd_stage151_m5_locked_rule_state_latest.csv",
  "stage134_instruction": {
    "InpRuleStateKvFile": "xauusd_stage151_m5_locked_rule_state_kv.csv",
    "InpAllowedRules": "D150C_M5_trend_8_20_bps_GEQ65__trend_50_100_bps_GEQ35",
    "keep_InpEnableDemoOrders": "true only on demo account"
  },
  "summary_json": "/Users/vahid/Desktop/xauusd-trader/reports/stage151_locked_mtf_rule_state_writer/m5/stage151_locked_mtf_rule_state_writer_summary.json",
  "next": [
    "Use Stage151 for fast post-market-open refresh of a locked Stage150 MTF rule.",
    "Run full Stage150B scans offline only when changing or replacing the locked rule."
  ]
}
{
  "stage": "Stage153_LOCKED_MTF_RULE_STATE_WRITER_TIMESTAMP_NORMALIZED",
  "generated_utc": "2026-07-06T10:09:42Z",
  "status": "STAGE151B_COMPLETE_LOCKED_MTF_RULE_STATE_STALE_GUARD_READY",
  "decision": "STAGE153_LOCKED_RULE_INACTIVE_NO_ORDER",
  "root": "/Users/vahid/Desktop/xauusd-trader",
  "bars_path": "/Users/vahid/Downloads/xauusd_fundamental_event_inbox/amarkets_xauusd_5m.csv",
  "source_summary": "/Users/vahid/Desktop/xauusd-trader/reports/stage150_mtf_separated_validation_discovery/m5/stage150_mtf_separated_validation_discovery_summary.json",
  "tf": "m5",
  "timeframe_minutes": 5,
  "raw_row_count": 318337,
  "bar_count": 318337,
  "bar_min_utc": "2022-01-03T01:00:00+00:00",
  "bar_max_utc": "2026-07-06T10:00:00+00:00",
  "feature_date": "2026-07-06T07:00:00Z",
  "raw_feature_date": "2026-07-06T10:00:00Z",
  "timestamp_shift_hours": -3.0,
  "selected_rule_id": "D150C_M5_trend_8_20_bps_GEQ65__trend_50_100_bps_GEQ35",
  "selected_label": "m5: trend_8_20_bps >= q65 AND trend_50_100_bps >= q35",
  "conditions": [
    {
      "feature": "trend_8_20_bps",
      "op": ">=",
      "threshold": 9.25846423904142,
      "current": -5.380900733460425
    },
    {
      "feature": "trend_50_100_bps",
      "op": ">=",
      "threshold": -14.337320822584214,
      "current": 143.5218463869359
    }
  ],
  "any_signal_active": false,
  "raw_rule_active_before_stale_guard": false,
  "feature_fresh": false,
  "feature_age_sec": 11439,
  "max_feature_age_sec": 7200,
  "repo_kv": "/Users/vahid/Desktop/xauusd-trader/data/demo_execution/xauusd_stage151_m5_locked_rule_state_kv.csv",
  "repo_latest": "/Users/vahid/Desktop/xauusd-trader/data/demo_execution/xauusd_stage151_m5_locked_rule_state_latest.csv",
  "mt5_kv_written": true,
  "mt5_kv": "/Users/vahid/Library/Application Support/net.metaquotes.wine.metatrader5/drive_c/Program Files/MetaTrader 5/MQL5/Files/xauusd_stage151_m5_locked_rule_state_kv.csv",
  "mt5_latest": "/Users/vahid/Library/Application Support/net.metaquotes.wine.metatrader5/drive_c/Program Files/MetaTrader 5/MQL5/Files/xauusd_stage151_m5_locked_rule_state_latest.csv",
  "stage134_instruction": {
    "InpRuleStateKvFile": "xauusd_stage151_m5_locked_rule_state_kv.csv",
    "InpAllowedRules": "D150C_M5_trend_8_20_bps_GEQ65__trend_50_100_bps_GEQ35",
    "keep_InpEnableDemoOrders": "true only on demo account"
  },
  "summary_json": "/Users/vahid/Desktop/xauusd-trader/reports/stage151_locked_mtf_rule_state_writer/m5/stage151_locked_mtf_rule_state_writer_summary.json",
  "next": [
    "Use Stage151 for fast post-market-open refresh of a locked Stage150 MTF rule.",
    "Run full Stage150B scans offline only when changing or replacing the locked rule."
  ]
}
{
  "stage": "Stage153_LOCKED_MTF_RULE_STATE_WRITER_TIMESTAMP_NORMALIZED",
  "generated_utc": "2026-07-06T10:15:41Z",
  "status": "STAGE151B_COMPLETE_LOCKED_MTF_RULE_STATE_STALE_GUARD_READY",
  "decision": "STAGE153_LOCKED_RULE_INACTIVE_NO_ORDER",
  "root": "/Users/vahid/Desktop/xauusd-trader",
  "bars_path": "/Users/vahid/Downloads/xauusd_fundamental_event_inbox/amarkets_xauusd_5m.csv",
  "source_summary": "/Users/vahid/Desktop/xauusd-trader/reports/stage150_mtf_separated_validation_discovery/m5/stage150_mtf_separated_validation_discovery_summary.json",
  "tf": "m5",
  "timeframe_minutes": 5,
  "raw_row_count": 318375,
  "bar_count": 318375,
  "bar_min_utc": "2022-01-03T01:00:00+00:00",
  "bar_max_utc": "2026-07-06T13:10:00+00:00",
  "feature_date": "2026-07-06T10:10:00Z",
  "raw_feature_date": "2026-07-06T13:10:00Z",
  "timestamp_shift_hours": -3.0,
  "selected_rule_id": "D150C_M5_trend_8_20_bps_GEQ65__trend_50_100_bps_GEQ35",
  "selected_label": "m5: trend_8_20_bps >= q65 AND trend_50_100_bps >= q35",
  "conditions": [
    {
      "feature": "trend_8_20_bps",
      "op": ">=",
      "threshold": 9.25846423904142,
      "current": -28.98791126199063
    },
    {
      "feature": "trend_50_100_bps",
      "op": ">=",
      "threshold": -14.337320822584214,
      "current": 149.30901942450836
    }
  ],
  "any_signal_active": false,
  "raw_rule_active_before_stale_guard": false,
  "feature_fresh": true,
  "feature_age_sec": 380,
  "max_feature_age_sec": 7200,
  "repo_kv": "/Users/vahid/Desktop/xauusd-trader/data/demo_execution/xauusd_stage151_m5_locked_rule_state_kv.csv",
  "repo_latest": "/Users/vahid/Desktop/xauusd-trader/data/demo_execution/xauusd_stage151_m5_locked_rule_state_latest.csv",
  "mt5_kv_written": true,
  "mt5_kv": "/Users/vahid/Library/Application Support/net.metaquotes.wine.metatrader5/drive_c/Program Files/MetaTrader 5/MQL5/Files/xauusd_stage151_m5_locked_rule_state_kv.csv",
  "mt5_latest": "/Users/vahid/Library/Application Support/net.metaquotes.wine.metatrader5/drive_c/Program Files/MetaTrader 5/MQL5/Files/xauusd_stage151_m5_locked_rule_state_latest.csv",
  "stage134_instruction": {
    "InpRuleStateKvFile": "xauusd_stage151_m5_locked_rule_state_kv.csv",
    "InpAllowedRules": "D150C_M5_trend_8_20_bps_GEQ65__trend_50_100_bps_GEQ35",
    "keep_InpEnableDemoOrders": "true only on demo account"
  },
  "summary_json": "/Users/vahid/Desktop/xauusd-trader/reports/stage151_locked_mtf_rule_state_writer/m5/stage151_locked_mtf_rule_state_writer_summary.json",
  "next": [
    "Use Stage151 for fast post-market-open refresh of a locked Stage150 MTF rule.",
    "Run full Stage150B scans offline only when changing or replacing the locked rule."
  ]
}
{
  "stage": "Stage153_LOCKED_MTF_RULE_STATE_WRITER_TIMESTAMP_NORMALIZED",
  "generated_utc": "2026-07-06T10:21:23Z",
  "status": "STAGE151B_COMPLETE_LOCKED_MTF_RULE_STATE_STALE_GUARD_READY",
  "decision": "STAGE153_LOCKED_RULE_INACTIVE_NO_ORDER",
  "root": "/Users/vahid/Desktop/xauusd-trader",
  "bars_path": "/Users/vahid/Downloads/xauusd_fundamental_event_inbox/amarkets_xauusd_5m.csv",
  "source_summary": "/Users/vahid/Desktop/xauusd-trader/reports/stage150_mtf_separated_validation_discovery/m5/stage150_mtf_separated_validation_discovery_summary.json",
  "tf": "m5",
  "timeframe_minutes": 5,
  "raw_row_count": 318375,
  "bar_count": 318375,
  "bar_min_utc": "2022-01-03T01:00:00+00:00",
  "bar_max_utc": "2026-07-06T13:10:00+00:00",
  "feature_date": "2026-07-06T10:10:00Z",
  "raw_feature_date": "2026-07-06T13:10:00Z",
  "timestamp_shift_hours": -3.0,
  "selected_rule_id": "D150C_M5_trend_8_20_bps_GEQ65__trend_50_100_bps_GEQ35",
  "selected_label": "m5: trend_8_20_bps >= q65 AND trend_50_100_bps >= q35",
  "conditions": [
    {
      "feature": "trend_8_20_bps",
      "op": ">=",
      "threshold": 9.25846423904142,
      "current": -28.98791126199063
    },
    {
      "feature": "trend_50_100_bps",
      "op": ">=",
      "threshold": -14.337320822584214,
      "current": 149.30901942450836
    }
  ],
  "any_signal_active": false,
  "raw_rule_active_before_stale_guard": false,
  "feature_fresh": true,
  "feature_age_sec": 722,
  "max_feature_age_sec": 7200,
  "repo_kv": "/Users/vahid/Desktop/xauusd-trader/data/demo_execution/xauusd_stage151_m5_locked_rule_state_kv.csv",
  "repo_latest": "/Users/vahid/Desktop/xauusd-trader/data/demo_execution/xauusd_stage151_m5_locked_rule_state_latest.csv",
  "mt5_kv_written": true,
  "mt5_kv": "/Users/vahid/Library/Application Support/net.metaquotes.wine.metatrader5/drive_c/Program Files/MetaTrader 5/MQL5/Files/xauusd_stage151_m5_locked_rule_state_kv.csv",
  "mt5_latest": "/Users/vahid/Library/Application Support/net.metaquotes.wine.metatrader5/drive_c/Program Files/MetaTrader 5/MQL5/Files/xauusd_stage151_m5_locked_rule_state_latest.csv",
  "stage134_instruction": {
    "InpRuleStateKvFile": "xauusd_stage151_m5_locked_rule_state_kv.csv",
    "InpAllowedRules": "D150C_M5_trend_8_20_bps_GEQ65__trend_50_100_bps_GEQ35",
    "keep_InpEnableDemoOrders": "true only on demo account"
  },
  "summary_json": "/Users/vahid/Desktop/xauusd-trader/reports/stage151_locked_mtf_rule_state_writer/m5/stage151_locked_mtf_rule_state_writer_summary.json",
  "next": [
    "Use Stage151 for fast post-market-open refresh of a locked Stage150 MTF rule.",
    "Run full Stage150B scans offline only when changing or replacing the locked rule."
  ]
}
{
  "stage": "Stage153_LOCKED_MTF_RULE_STATE_WRITER_TIMESTAMP_NORMALIZED",
  "generated_utc": "2026-07-06T10:24:06Z",
  "status": "STAGE151B_COMPLETE_LOCKED_MTF_RULE_STATE_STALE_GUARD_READY",
  "decision": "STAGE153_LOCKED_RULE_INACTIVE_NO_ORDER",
  "root": "/Users/vahid/Desktop/xauusd-trader",
  "bars_path": "/Users/vahid/Downloads/xauusd_fundamental_event_inbox/amarkets_xauusd_5m.csv",
  "source_summary": "/Users/vahid/Desktop/xauusd-trader/reports/stage150_mtf_separated_validation_discovery/m5/stage150_mtf_separated_validation_discovery_summary.json",
  "tf": "m5",
  "timeframe_minutes": 5,
  "raw_row_count": 318375,
  "bar_count": 318375,
  "bar_min_utc": "2022-01-03T01:00:00+00:00",
  "bar_max_utc": "2026-07-06T13:10:00+00:00",
  "feature_date": "2026-07-06T10:10:00Z",
  "raw_feature_date": "2026-07-06T13:10:00Z",
  "timestamp_shift_hours": -3.0,
  "selected_rule_id": "D150C_M5_trend_8_20_bps_GEQ65__trend_50_100_bps_GEQ35",
  "selected_label": "m5: trend_8_20_bps >= q65 AND trend_50_100_bps >= q35",
  "conditions": [
    {
      "feature": "trend_8_20_bps",
      "op": ">=",
      "threshold": 9.25846423904142,
      "current": -28.98791126199063
    },
    {
      "feature": "trend_50_100_bps",
      "op": ">=",
      "threshold": -14.337320822584214,
      "current": 149.30901942450836
    }
  ],
  "any_signal_active": false,
  "raw_rule_active_before_stale_guard": false,
  "feature_fresh": true,
  "feature_age_sec": 869,
  "max_feature_age_sec": 7200,
  "repo_kv": "/Users/vahid/Desktop/xauusd-trader/data/demo_execution/xauusd_stage151_m5_locked_rule_state_kv.csv",
  "repo_latest": "/Users/vahid/Desktop/xauusd-trader/data/demo_execution/xauusd_stage151_m5_locked_rule_state_latest.csv",
  "mt5_kv_written": true,
  "mt5_kv": "/Users/vahid/Library/Application Support/net.metaquotes.wine.metatrader5/drive_c/Program Files/MetaTrader 5/MQL5/Files/xauusd_stage151_m5_locked_rule_state_kv.csv",
  "mt5_latest": "/Users/vahid/Library/Application Support/net.metaquotes.wine.metatrader5/drive_c/Program Files/MetaTrader 5/MQL5/Files/xauusd_stage151_m5_locked_rule_state_latest.csv",
  "stage134_instruction": {
    "InpRuleStateKvFile": "xauusd_stage151_m5_locked_rule_state_kv.csv",
    "InpAllowedRules": "D150C_M5_trend_8_20_bps_GEQ65__trend_50_100_bps_GEQ35",
    "keep_InpEnableDemoOrders": "true only on demo account"
  },
  "summary_json": "/Users/vahid/Desktop/xauusd-trader/reports/stage151_locked_mtf_rule_state_writer/m5/stage151_locked_mtf_rule_state_writer_summary.json",
  "next": [
    "Use Stage151 for fast post-market-open refresh of a locked Stage150 MTF rule.",
    "Run full Stage150B scans offline only when changing or replacing the locked rule."
  ]
}
{
  "stage": "Stage153_LOCKED_MTF_RULE_STATE_WRITER_TIMESTAMP_NORMALIZED",
  "generated_utc": "2026-07-06T10:29:30Z",
  "status": "STAGE151B_COMPLETE_LOCKED_MTF_RULE_STATE_STALE_GUARD_READY",
  "decision": "STAGE153_LOCKED_RULE_INACTIVE_NO_ORDER",
  "root": "/Users/vahid/Desktop/xauusd-trader",
  "bars_path": "/Users/vahid/Downloads/xauusd_fundamental_event_inbox/amarkets_xauusd_5m.csv",
  "source_summary": "/Users/vahid/Desktop/xauusd-trader/reports/stage150_mtf_separated_validation_discovery/m5/stage150_mtf_separated_validation_discovery_summary.json",
  "tf": "m5",
  "timeframe_minutes": 5,
  "raw_row_count": 318375,
  "bar_count": 318375,
  "bar_min_utc": "2022-01-03T01:00:00+00:00",
  "bar_max_utc": "2026-07-06T13:10:00+00:00",
  "feature_date": "2026-07-06T10:10:00Z",
  "raw_feature_date": "2026-07-06T13:10:00Z",
  "timestamp_shift_hours": -3.0,
  "selected_rule_id": "D150C_M5_trend_8_20_bps_GEQ65__trend_50_100_bps_GEQ35",
  "selected_label": "m5: trend_8_20_bps >= q65 AND trend_50_100_bps >= q35",
  "conditions": [
    {
      "feature": "trend_8_20_bps",
      "op": ">=",
      "threshold": 9.25846423904142,
      "current": -28.98791126199063
    },
    {
      "feature": "trend_50_100_bps",
      "op": ">=",
      "threshold": -14.337320822584214,
      "current": 149.30901942450836
    }
  ],
  "any_signal_active": false,
  "raw_rule_active_before_stale_guard": false,
  "feature_fresh": true,
  "feature_age_sec": 1188,
  "max_feature_age_sec": 7200,
  "repo_kv": "/Users/vahid/Desktop/xauusd-trader/data/demo_execution/xauusd_stage151_m5_locked_rule_state_kv.csv",
  "repo_latest": "/Users/vahid/Desktop/xauusd-trader/data/demo_execution/xauusd_stage151_m5_locked_rule_state_latest.csv",
  "mt5_kv_written": true,
  "mt5_kv": "/Users/vahid/Library/Application Support/net.metaquotes.wine.metatrader5/drive_c/Program Files/MetaTrader 5/MQL5/Files/xauusd_stage151_m5_locked_rule_state_kv.csv",
  "mt5_latest": "/Users/vahid/Library/Application Support/net.metaquotes.wine.metatrader5/drive_c/Program Files/MetaTrader 5/MQL5/Files/xauusd_stage151_m5_locked_rule_state_latest.csv",
  "stage134_instruction": {
    "InpRuleStateKvFile": "xauusd_stage151_m5_locked_rule_state_kv.csv",
    "InpAllowedRules": "D150C_M5_trend_8_20_bps_GEQ65__trend_50_100_bps_GEQ35",
    "keep_InpEnableDemoOrders": "true only on demo account"
  },
  "summary_json": "/Users/vahid/Desktop/xauusd-trader/reports/stage151_locked_mtf_rule_state_writer/m5/stage151_locked_mtf_rule_state_writer_summary.json",
  "next": [
    "Use Stage151 for fast post-market-open refresh of a locked Stage150 MTF rule.",
    "Run full Stage150B scans offline only when changing or replacing the locked rule."
  ]
}
{
  "stage": "Stage153_LOCKED_MTF_RULE_STATE_WRITER_TIMESTAMP_NORMALIZED",
  "generated_utc": "2026-07-06T10:34:49Z",
  "status": "STAGE151B_COMPLETE_LOCKED_MTF_RULE_STATE_STALE_GUARD_READY",
  "decision": "STAGE153_LOCKED_RULE_INACTIVE_NO_ORDER",
  "root": "/Users/vahid/Desktop/xauusd-trader",
  "bars_path": "/Users/vahid/Downloads/xauusd_fundamental_event_inbox/amarkets_xauusd_5m.csv",
  "source_summary": "/Users/vahid/Desktop/xauusd-trader/reports/stage150_mtf_separated_validation_discovery/m5/stage150_mtf_separated_validation_discovery_summary.json",
  "tf": "m5",
  "timeframe_minutes": 5,
  "raw_row_count": 318375,
  "bar_count": 318375,
  "bar_min_utc": "2022-01-03T01:00:00+00:00",
  "bar_max_utc": "2026-07-06T13:10:00+00:00",
  "feature_date": "2026-07-06T10:10:00Z",
  "raw_feature_date": "2026-07-06T13:10:00Z",
  "timestamp_shift_hours": -3.0,
  "selected_rule_id": "D150C_M5_trend_8_20_bps_GEQ65__trend_50_100_bps_GEQ35",
  "selected_label": "m5: trend_8_20_bps >= q65 AND trend_50_100_bps >= q35",
  "conditions": [
    {
      "feature": "trend_8_20_bps",
      "op": ">=",
      "threshold": 9.25846423904142,
      "current": -28.98791126199063
    },
    {
      "feature": "trend_50_100_bps",
      "op": ">=",
      "threshold": -14.337320822584214,
      "current": 149.30901942450836
    }
  ],
  "any_signal_active": false,
  "raw_rule_active_before_stale_guard": false,
  "feature_fresh": true,
  "feature_age_sec": 1507,
  "max_feature_age_sec": 7200,
  "repo_kv": "/Users/vahid/Desktop/xauusd-trader/data/demo_execution/xauusd_stage151_m5_locked_rule_state_kv.csv",
  "repo_latest": "/Users/vahid/Desktop/xauusd-trader/data/demo_execution/xauusd_stage151_m5_locked_rule_state_latest.csv",
  "mt5_kv_written": true,
  "mt5_kv": "/Users/vahid/Library/Application Support/net.metaquotes.wine.metatrader5/drive_c/Program Files/MetaTrader 5/MQL5/Files/xauusd_stage151_m5_locked_rule_state_kv.csv",
  "mt5_latest": "/Users/vahid/Library/Application Support/net.metaquotes.wine.metatrader5/drive_c/Program Files/MetaTrader 5/MQL5/Files/xauusd_stage151_m5_locked_rule_state_latest.csv",
  "stage134_instruction": {
    "InpRuleStateKvFile": "xauusd_stage151_m5_locked_rule_state_kv.csv",
    "InpAllowedRules": "D150C_M5_trend_8_20_bps_GEQ65__trend_50_100_bps_GEQ35",
    "keep_InpEnableDemoOrders": "true only on demo account"
  },
  "summary_json": "/Users/vahid/Desktop/xauusd-trader/reports/stage151_locked_mtf_rule_state_writer/m5/stage151_locked_mtf_rule_state_writer_summary.json",
  "next": [
    "Use Stage151 for fast post-market-open refresh of a locked Stage150 MTF rule.",
    "Run full Stage150B scans offline only when changing or replacing the locked rule."
  ]
}
{
  "stage": "Stage153_LOCKED_MTF_RULE_STATE_WRITER_TIMESTAMP_NORMALIZED",
  "generated_utc": "2026-07-06T11:02:26Z",
  "status": "STAGE151B_COMPLETE_LOCKED_MTF_RULE_STATE_STALE_GUARD_READY",
  "decision": "STAGE153_LOCKED_RULE_INACTIVE_NO_ORDER",
  "root": "/Users/vahid/Desktop/xauusd-trader",
  "bars_path": "/Users/vahid/Downloads/xauusd_fundamental_event_inbox/amarkets_xauusd_5m.csv",
  "source_summary": "/Users/vahid/Desktop/xauusd-trader/reports/stage150_mtf_separated_validation_discovery/m5/stage150_mtf_separated_validation_discovery_summary.json",
  "tf": "m5",
  "timeframe_minutes": 5,
  "raw_row_count": 318375,
  "bar_count": 318375,
  "bar_min_utc": "2022-01-03T01:00:00+00:00",
  "bar_max_utc": "2026-07-06T13:10:00+00:00",
  "feature_date": "2026-07-06T10:10:00Z",
  "raw_feature_date": "2026-07-06T13:10:00Z",
  "timestamp_shift_hours": -3.0,
  "selected_rule_id": "D150C_M5_trend_8_20_bps_GEQ65__trend_50_100_bps_GEQ35",
  "selected_label": "m5: trend_8_20_bps >= q65 AND trend_50_100_bps >= q35",
  "conditions": [
    {
      "feature": "trend_8_20_bps",
      "op": ">=",
      "threshold": 9.25846423904142,
      "current": -28.98791126199063
    },
    {
      "feature": "trend_50_100_bps",
      "op": ">=",
      "threshold": -14.337320822584214,
      "current": 149.30901942450836
    }
  ],
  "any_signal_active": false,
  "raw_rule_active_before_stale_guard": false,
  "feature_fresh": true,
  "feature_age_sec": 3172,
  "max_feature_age_sec": 7200,
  "repo_kv": "/Users/vahid/Desktop/xauusd-trader/data/demo_execution/xauusd_stage151_m5_locked_rule_state_kv.csv",
  "repo_latest": "/Users/vahid/Desktop/xauusd-trader/data/demo_execution/xauusd_stage151_m5_locked_rule_state_latest.csv",
  "mt5_kv_written": true,
  "mt5_kv": "/Users/vahid/Library/Application Support/net.metaquotes.wine.metatrader5/drive_c/Program Files/MetaTrader 5/MQL5/Files/xauusd_stage151_m5_locked_rule_state_kv.csv",
  "mt5_latest": "/Users/vahid/Library/Application Support/net.metaquotes.wine.metatrader5/drive_c/Program Files/MetaTrader 5/MQL5/Files/xauusd_stage151_m5_locked_rule_state_latest.csv",
  "stage134_instruction": {
    "InpRuleStateKvFile": "xauusd_stage151_m5_locked_rule_state_kv.csv",
    "InpAllowedRules": "D150C_M5_trend_8_20_bps_GEQ65__trend_50_100_bps_GEQ35",
    "keep_InpEnableDemoOrders": "true only on demo account"
  },
  "summary_json": "/Users/vahid/Desktop/xauusd-trader/reports/stage151_locked_mtf_rule_state_writer/m5/stage151_locked_mtf_rule_state_writer_summary.json",
  "next": [
    "Use Stage151 for fast post-market-open refresh of a locked Stage150 MTF rule.",
    "Run full Stage150B scans offline only when changing or replacing the locked rule."
  ]
}
{
  "stage": "Stage153_LOCKED_MTF_RULE_STATE_WRITER_TIMESTAMP_NORMALIZED",
  "generated_utc": "2026-07-06T11:07:54Z",
  "status": "STAGE151B_COMPLETE_LOCKED_MTF_RULE_STATE_STALE_GUARD_READY",
  "decision": "STAGE153_LOCKED_RULE_INACTIVE_NO_ORDER",
  "root": "/Users/vahid/Desktop/xauusd-trader",
  "bars_path": "/Users/vahid/Downloads/xauusd_fundamental_event_inbox/amarkets_xauusd_5m.csv",
  "source_summary": "/Users/vahid/Desktop/xauusd-trader/reports/stage150_mtf_separated_validation_discovery/m5/stage150_mtf_separated_validation_discovery_summary.json",
  "tf": "m5",
  "timeframe_minutes": 5,
  "raw_row_count": 318375,
  "bar_count": 318375,
  "bar_min_utc": "2022-01-03T01:00:00+00:00",
  "bar_max_utc": "2026-07-06T13:10:00+00:00",
  "feature_date": "2026-07-06T10:10:00Z",
  "raw_feature_date": "2026-07-06T13:10:00Z",
  "timestamp_shift_hours": -3.0,
  "selected_rule_id": "D150C_M5_trend_8_20_bps_GEQ65__trend_50_100_bps_GEQ35",
  "selected_label": "m5: trend_8_20_bps >= q65 AND trend_50_100_bps >= q35",
  "conditions": [
    {
      "feature": "trend_8_20_bps",
      "op": ">=",
      "threshold": 9.25846423904142,
      "current": -28.98791126199063
    },
    {
      "feature": "trend_50_100_bps",
      "op": ">=",
      "threshold": -14.337320822584214,
      "current": 149.30901942450836
    }
  ],
  "any_signal_active": false,
  "raw_rule_active_before_stale_guard": false,
  "feature_fresh": true,
  "feature_age_sec": 3490,
  "max_feature_age_sec": 7200,
  "repo_kv": "/Users/vahid/Desktop/xauusd-trader/data/demo_execution/xauusd_stage151_m5_locked_rule_state_kv.csv",
  "repo_latest": "/Users/vahid/Desktop/xauusd-trader/data/demo_execution/xauusd_stage151_m5_locked_rule_state_latest.csv",
  "mt5_kv_written": true,
  "mt5_kv": "/Users/vahid/Library/Application Support/net.metaquotes.wine.metatrader5/drive_c/Program Files/MetaTrader 5/MQL5/Files/xauusd_stage151_m5_locked_rule_state_kv.csv",
  "mt5_latest": "/Users/vahid/Library/Application Support/net.metaquotes.wine.metatrader5/drive_c/Program Files/MetaTrader 5/MQL5/Files/xauusd_stage151_m5_locked_rule_state_latest.csv",
  "stage134_instruction": {
    "InpRuleStateKvFile": "xauusd_stage151_m5_locked_rule_state_kv.csv",
    "InpAllowedRules": "D150C_M5_trend_8_20_bps_GEQ65__trend_50_100_bps_GEQ35",
    "keep_InpEnableDemoOrders": "true only on demo account"
  },
  "summary_json": "/Users/vahid/Desktop/xauusd-trader/reports/stage151_locked_mtf_rule_state_writer/m5/stage151_locked_mtf_rule_state_writer_summary.json",
  "next": [
    "Use Stage151 for fast post-market-open refresh of a locked Stage150 MTF rule.",
    "Run full Stage150B scans offline only when changing or replacing the locked rule."
  ]
}
{
  "stage": "Stage153_LOCKED_MTF_RULE_STATE_WRITER_TIMESTAMP_NORMALIZED",
  "generated_utc": "2026-07-06T11:13:11Z",
  "status": "STAGE151B_COMPLETE_LOCKED_MTF_RULE_STATE_STALE_GUARD_READY",
  "decision": "STAGE153_LOCKED_RULE_INACTIVE_NO_ORDER",
  "root": "/Users/vahid/Desktop/xauusd-trader",
  "bars_path": "/Users/vahid/Downloads/xauusd_fundamental_event_inbox/amarkets_xauusd_5m.csv",
  "source_summary": "/Users/vahid/Desktop/xauusd-trader/reports/stage150_mtf_separated_validation_discovery/m5/stage150_mtf_separated_validation_discovery_summary.json",
  "tf": "m5",
  "timeframe_minutes": 5,
  "raw_row_count": 318375,
  "bar_count": 318375,
  "bar_min_utc": "2022-01-03T01:00:00+00:00",
  "bar_max_utc": "2026-07-06T13:10:00+00:00",
  "feature_date": "2026-07-06T10:10:00Z",
  "raw_feature_date": "2026-07-06T13:10:00Z",
  "timestamp_shift_hours": -3.0,
  "selected_rule_id": "D150C_M5_trend_8_20_bps_GEQ65__trend_50_100_bps_GEQ35",
  "selected_label": "m5: trend_8_20_bps >= q65 AND trend_50_100_bps >= q35",
  "conditions": [
    {
      "feature": "trend_8_20_bps",
      "op": ">=",
      "threshold": 9.25846423904142,
      "current": -28.98791126199063
    },
    {
      "feature": "trend_50_100_bps",
      "op": ">=",
      "threshold": -14.337320822584214,
      "current": 149.30901942450836
    }
  ],
  "any_signal_active": false,
  "raw_rule_active_before_stale_guard": false,
  "feature_fresh": true,
  "feature_age_sec": 3810,
  "max_feature_age_sec": 7200,
  "repo_kv": "/Users/vahid/Desktop/xauusd-trader/data/demo_execution/xauusd_stage151_m5_locked_rule_state_kv.csv",
  "repo_latest": "/Users/vahid/Desktop/xauusd-trader/data/demo_execution/xauusd_stage151_m5_locked_rule_state_latest.csv",
  "mt5_kv_written": true,
  "mt5_kv": "/Users/vahid/Library/Application Support/net.metaquotes.wine.metatrader5/drive_c/Program Files/MetaTrader 5/MQL5/Files/xauusd_stage151_m5_locked_rule_state_kv.csv",
  "mt5_latest": "/Users/vahid/Library/Application Support/net.metaquotes.wine.metatrader5/drive_c/Program Files/MetaTrader 5/MQL5/Files/xauusd_stage151_m5_locked_rule_state_latest.csv",
  "stage134_instruction": {
    "InpRuleStateKvFile": "xauusd_stage151_m5_locked_rule_state_kv.csv",
    "InpAllowedRules": "D150C_M5_trend_8_20_bps_GEQ65__trend_50_100_bps_GEQ35",
    "keep_InpEnableDemoOrders": "true only on demo account"
  },
  "summary_json": "/Users/vahid/Desktop/xauusd-trader/reports/stage151_locked_mtf_rule_state_writer/m5/stage151_locked_mtf_rule_state_writer_summary.json",
  "next": [
    "Use Stage151 for fast post-market-open refresh of a locked Stage150 MTF rule.",
    "Run full Stage150B scans offline only when changing or replacing the locked rule."
  ]
}
{
  "stage": "Stage153_LOCKED_MTF_RULE_STATE_WRITER_TIMESTAMP_NORMALIZED",
  "generated_utc": "2026-07-06T11:18:32Z",
  "status": "STAGE151B_COMPLETE_LOCKED_MTF_RULE_STATE_STALE_GUARD_READY",
  "decision": "STAGE153_LOCKED_RULE_INACTIVE_NO_ORDER",
  "root": "/Users/vahid/Desktop/xauusd-trader",
  "bars_path": "/Users/vahid/Downloads/xauusd_fundamental_event_inbox/amarkets_xauusd_5m.csv",
  "source_summary": "/Users/vahid/Desktop/xauusd-trader/reports/stage150_mtf_separated_validation_discovery/m5/stage150_mtf_separated_validation_discovery_summary.json",
  "tf": "m5",
  "timeframe_minutes": 5,
  "raw_row_count": 318375,
  "bar_count": 318375,
  "bar_min_utc": "2022-01-03T01:00:00+00:00",
  "bar_max_utc": "2026-07-06T13:10:00+00:00",
  "feature_date": "2026-07-06T10:10:00Z",
  "raw_feature_date": "2026-07-06T13:10:00Z",
  "timestamp_shift_hours": -3.0,
  "selected_rule_id": "D150C_M5_trend_8_20_bps_GEQ65__trend_50_100_bps_GEQ35",
  "selected_label": "m5: trend_8_20_bps >= q65 AND trend_50_100_bps >= q35",
  "conditions": [
    {
      "feature": "trend_8_20_bps",
      "op": ">=",
      "threshold": 9.25846423904142,
      "current": -28.98791126199063
    },
    {
      "feature": "trend_50_100_bps",
      "op": ">=",
      "threshold": -14.337320822584214,
      "current": 149.30901942450836
    }
  ],
  "any_signal_active": false,
  "raw_rule_active_before_stale_guard": false,
  "feature_fresh": true,
  "feature_age_sec": 4133,
  "max_feature_age_sec": 7200,
  "repo_kv": "/Users/vahid/Desktop/xauusd-trader/data/demo_execution/xauusd_stage151_m5_locked_rule_state_kv.csv",
  "repo_latest": "/Users/vahid/Desktop/xauusd-trader/data/demo_execution/xauusd_stage151_m5_locked_rule_state_latest.csv",
  "mt5_kv_written": true,
  "mt5_kv": "/Users/vahid/Library/Application Support/net.metaquotes.wine.metatrader5/drive_c/Program Files/MetaTrader 5/MQL5/Files/xauusd_stage151_m5_locked_rule_state_kv.csv",
  "mt5_latest": "/Users/vahid/Library/Application Support/net.metaquotes.wine.metatrader5/drive_c/Program Files/MetaTrader 5/MQL5/Files/xauusd_stage151_m5_locked_rule_state_latest.csv",
  "stage134_instruction": {
    "InpRuleStateKvFile": "xauusd_stage151_m5_locked_rule_state_kv.csv",
    "InpAllowedRules": "D150C_M5_trend_8_20_bps_GEQ65__trend_50_100_bps_GEQ35",
    "keep_InpEnableDemoOrders": "true only on demo account"
  },
  "summary_json": "/Users/vahid/Desktop/xauusd-trader/reports/stage151_locked_mtf_rule_state_writer/m5/stage151_locked_mtf_rule_state_writer_summary.json",
  "next": [
    "Use Stage151 for fast post-market-open refresh of a locked Stage150 MTF rule.",
    "Run full Stage150B scans offline only when changing or replacing the locked rule."
  ]
}
{
  "stage": "Stage153_LOCKED_MTF_RULE_STATE_WRITER_TIMESTAMP_NORMALIZED",
  "generated_utc": "2026-07-06T11:25:10Z",
  "status": "STAGE151B_COMPLETE_LOCKED_MTF_RULE_STATE_STALE_GUARD_READY",
  "decision": "STAGE153_LOCKED_RULE_INACTIVE_NO_ORDER",
  "root": "/Users/vahid/Desktop/xauusd-trader",
  "bars_path": "/Users/vahid/Downloads/xauusd_fundamental_event_inbox/amarkets_xauusd_5m.csv",
  "source_summary": "/Users/vahid/Desktop/xauusd-trader/reports/stage150_mtf_separated_validation_discovery/m5/stage150_mtf_separated_validation_discovery_summary.json",
  "tf": "m5",
  "timeframe_minutes": 5,
  "raw_row_count": 318375,
  "bar_count": 318375,
  "bar_min_utc": "2022-01-03T01:00:00+00:00",
  "bar_max_utc": "2026-07-06T13:10:00+00:00",
  "feature_date": "2026-07-06T10:10:00Z",
  "raw_feature_date": "2026-07-06T13:10:00Z",
  "timestamp_shift_hours": -3.0,
  "selected_rule_id": "D150C_M5_trend_8_20_bps_GEQ65__trend_50_100_bps_GEQ35",
  "selected_label": "m5: trend_8_20_bps >= q65 AND trend_50_100_bps >= q35",
  "conditions": [
    {
      "feature": "trend_8_20_bps",
      "op": ">=",
      "threshold": 9.25846423904142,
      "current": -28.98791126199063
    },
    {
      "feature": "trend_50_100_bps",
      "op": ">=",
      "threshold": -14.337320822584214,
      "current": 149.30901942450836
    }
  ],
  "any_signal_active": false,
  "raw_rule_active_before_stale_guard": false,
  "feature_fresh": true,
  "feature_age_sec": 4777,
  "max_feature_age_sec": 7200,
  "repo_kv": "/Users/vahid/Desktop/xauusd-trader/data/demo_execution/xauusd_stage151_m5_locked_rule_state_kv.csv",
  "repo_latest": "/Users/vahid/Desktop/xauusd-trader/data/demo_execution/xauusd_stage151_m5_locked_rule_state_latest.csv",
  "mt5_kv_written": true,
  "mt5_kv": "/Users/vahid/Library/Application Support/net.metaquotes.wine.metatrader5/drive_c/Program Files/MetaTrader 5/MQL5/Files/xauusd_stage151_m5_locked_rule_state_kv.csv",
  "mt5_latest": "/Users/vahid/Library/Application Support/net.metaquotes.wine.metatrader5/drive_c/Program Files/MetaTrader 5/MQL5/Files/xauusd_stage151_m5_locked_rule_state_latest.csv",
  "stage134_instruction": {
    "InpRuleStateKvFile": "xauusd_stage151_m5_locked_rule_state_kv.csv",
    "InpAllowedRules": "D150C_M5_trend_8_20_bps_GEQ65__trend_50_100_bps_GEQ35",
    "keep_InpEnableDemoOrders": "true only on demo account"
  },
  "summary_json": "/Users/vahid/Desktop/xauusd-trader/reports/stage151_locked_mtf_rule_state_writer/m5/stage151_locked_mtf_rule_state_writer_summary.json",
  "next": [
    "Use Stage151 for fast post-market-open refresh of a locked Stage150 MTF rule.",
    "Run full Stage150B scans offline only when changing or replacing the locked rule."
  ]
}
{
  "stage": "Stage153_LOCKED_MTF_RULE_STATE_WRITER_TIMESTAMP_NORMALIZED",
  "generated_utc": "2026-07-06T11:34:39Z",
  "status": "STAGE151B_COMPLETE_LOCKED_MTF_RULE_STATE_STALE_GUARD_READY",
  "decision": "STAGE153_LOCKED_RULE_INACTIVE_NO_ORDER",
  "root": "/Users/vahid/Desktop/xauusd-trader",
  "bars_path": "/Users/vahid/Downloads/xauusd_fundamental_event_inbox/amarkets_xauusd_5m.csv",
  "source_summary": "/Users/vahid/Desktop/xauusd-trader/reports/stage150_mtf_separated_validation_discovery/m5/stage150_mtf_separated_validation_discovery_summary.json",
  "tf": "m5",
  "timeframe_minutes": 5,
  "raw_row_count": 318375,
  "bar_count": 318375,
  "bar_min_utc": "2022-01-03T01:00:00+00:00",
  "bar_max_utc": "2026-07-06T13:10:00+00:00",
  "feature_date": "2026-07-06T10:10:00Z",
  "raw_feature_date": "2026-07-06T13:10:00Z",
  "timestamp_shift_hours": -3.0,
  "selected_rule_id": "D150C_M5_trend_8_20_bps_GEQ65__trend_50_100_bps_GEQ35",
  "selected_label": "m5: trend_8_20_bps >= q65 AND trend_50_100_bps >= q35",
  "conditions": [
    {
      "feature": "trend_8_20_bps",
      "op": ">=",
      "threshold": 9.25846423904142,
      "current": -28.98791126199063
    },
    {
      "feature": "trend_50_100_bps",
      "op": ">=",
      "threshold": -14.337320822584214,
      "current": 149.30901942450836
    }
  ],
  "any_signal_active": false,
  "raw_rule_active_before_stale_guard": false,
  "feature_fresh": true,
  "feature_age_sec": 5106,
  "max_feature_age_sec": 7200,
  "repo_kv": "/Users/vahid/Desktop/xauusd-trader/data/demo_execution/xauusd_stage151_m5_locked_rule_state_kv.csv",
  "repo_latest": "/Users/vahid/Desktop/xauusd-trader/data/demo_execution/xauusd_stage151_m5_locked_rule_state_latest.csv",
  "mt5_kv_written": true,
  "mt5_kv": "/Users/vahid/Library/Application Support/net.metaquotes.wine.metatrader5/drive_c/Program Files/MetaTrader 5/MQL5/Files/xauusd_stage151_m5_locked_rule_state_kv.csv",
  "mt5_latest": "/Users/vahid/Library/Application Support/net.metaquotes.wine.metatrader5/drive_c/Program Files/MetaTrader 5/MQL5/Files/xauusd_stage151_m5_locked_rule_state_latest.csv",
  "stage134_instruction": {
    "InpRuleStateKvFile": "xauusd_stage151_m5_locked_rule_state_kv.csv",
    "InpAllowedRules": "D150C_M5_trend_8_20_bps_GEQ65__trend_50_100_bps_GEQ35",
    "keep_InpEnableDemoOrders": "true only on demo account"
  },
  "summary_json": "/Users/vahid/Desktop/xauusd-trader/reports/stage151_locked_mtf_rule_state_writer/m5/stage151_locked_mtf_rule_state_writer_summary.json",
  "next": [
    "Use Stage151 for fast post-market-open refresh of a locked Stage150 MTF rule.",
    "Run full Stage150B scans offline only when changing or replacing the locked rule."
  ]
}
{
  "stage": "Stage153_LOCKED_MTF_RULE_STATE_WRITER_TIMESTAMP_NORMALIZED",
  "generated_utc": "2026-07-06T11:40:07Z",
  "status": "STAGE151B_COMPLETE_LOCKED_MTF_RULE_STATE_STALE_GUARD_READY",
  "decision": "STAGE153_LOCKED_RULE_INACTIVE_NO_ORDER",
  "root": "/Users/vahid/Desktop/xauusd-trader",
  "bars_path": "/Users/vahid/Downloads/xauusd_fundamental_event_inbox/amarkets_xauusd_5m.csv",
  "source_summary": "/Users/vahid/Desktop/xauusd-trader/reports/stage150_mtf_separated_validation_discovery/m5/stage150_mtf_separated_validation_discovery_summary.json",
  "tf": "m5",
  "timeframe_minutes": 5,
  "raw_row_count": 318375,
  "bar_count": 318375,
  "bar_min_utc": "2022-01-03T01:00:00+00:00",
  "bar_max_utc": "2026-07-06T13:10:00+00:00",
  "feature_date": "2026-07-06T10:10:00Z",
  "raw_feature_date": "2026-07-06T13:10:00Z",
  "timestamp_shift_hours": -3.0,
  "selected_rule_id": "D150C_M5_trend_8_20_bps_GEQ65__trend_50_100_bps_GEQ35",
  "selected_label": "m5: trend_8_20_bps >= q65 AND trend_50_100_bps >= q35",
  "conditions": [
    {
      "feature": "trend_8_20_bps",
      "op": ">=",
      "threshold": 9.25846423904142,
      "current": -28.98791126199063
    },
    {
      "feature": "trend_50_100_bps",
      "op": ">=",
      "threshold": -14.337320822584214,
      "current": 149.30901942450836
    }
  ],
  "any_signal_active": false,
  "raw_rule_active_before_stale_guard": false,
  "feature_fresh": true,
  "feature_age_sec": 5429,
  "max_feature_age_sec": 7200,
  "repo_kv": "/Users/vahid/Desktop/xauusd-trader/data/demo_execution/xauusd_stage151_m5_locked_rule_state_kv.csv",
  "repo_latest": "/Users/vahid/Desktop/xauusd-trader/data/demo_execution/xauusd_stage151_m5_locked_rule_state_latest.csv",
  "mt5_kv_written": true,
  "mt5_kv": "/Users/vahid/Library/Application Support/net.metaquotes.wine.metatrader5/drive_c/Program Files/MetaTrader 5/MQL5/Files/xauusd_stage151_m5_locked_rule_state_kv.csv",
  "mt5_latest": "/Users/vahid/Library/Application Support/net.metaquotes.wine.metatrader5/drive_c/Program Files/MetaTrader 5/MQL5/Files/xauusd_stage151_m5_locked_rule_state_latest.csv",
  "stage134_instruction": {
    "InpRuleStateKvFile": "xauusd_stage151_m5_locked_rule_state_kv.csv",
    "InpAllowedRules": "D150C_M5_trend_8_20_bps_GEQ65__trend_50_100_bps_GEQ35",
    "keep_InpEnableDemoOrders": "true only on demo account"
  },
  "summary_json": "/Users/vahid/Desktop/xauusd-trader/reports/stage151_locked_mtf_rule_state_writer/m5/stage151_locked_mtf_rule_state_writer_summary.json",
  "next": [
    "Use Stage151 for fast post-market-open refresh of a locked Stage150 MTF rule.",
    "Run full Stage150B scans offline only when changing or replacing the locked rule."
  ]
}
{
  "stage": "Stage153_LOCKED_MTF_RULE_STATE_WRITER_TIMESTAMP_NORMALIZED",
  "generated_utc": "2026-07-06T13:39:51Z",
  "status": "STAGE151B_COMPLETE_LOCKED_MTF_RULE_STATE_STALE_GUARD_READY",
  "decision": "STAGE153_LOCKED_RULE_INACTIVE_NO_ORDER",
  "root": "/Users/vahid/Desktop/xauusd-trader",
  "bars_path": "/Users/vahid/Downloads/xauusd_fundamental_event_inbox/amarkets_xauusd_5m.csv",
  "source_summary": "/Users/vahid/Desktop/xauusd-trader/reports/stage150_mtf_separated_validation_discovery/m5/stage150_mtf_separated_validation_discovery_summary.json",
  "tf": "m5",
  "timeframe_minutes": 5,
  "raw_row_count": 318375,
  "bar_count": 318375,
  "bar_min_utc": "2022-01-03T01:00:00+00:00",
  "bar_max_utc": "2026-07-06T13:10:00+00:00",
  "feature_date": "2026-07-06T10:10:00Z",
  "raw_feature_date": "2026-07-06T13:10:00Z",
  "timestamp_shift_hours": -3.0,
  "selected_rule_id": "D150C_M5_trend_8_20_bps_GEQ65__trend_50_100_bps_GEQ35",
  "selected_label": "m5: trend_8_20_bps >= q65 AND trend_50_100_bps >= q35",
  "conditions": [
    {
      "feature": "trend_8_20_bps",
      "op": ">=",
      "threshold": 9.25846423904142,
      "current": -28.98791126199063
    },
    {
      "feature": "trend_50_100_bps",
      "op": ">=",
      "threshold": -14.337320822584214,
      "current": 149.30901942450836
    }
  ],
  "any_signal_active": false,
  "raw_rule_active_before_stale_guard": false,
  "feature_fresh": false,
  "feature_age_sec": 14593,
  "max_feature_age_sec": 7200,
  "repo_kv": "/Users/vahid/Desktop/xauusd-trader/data/demo_execution/xauusd_stage151_m5_locked_rule_state_kv.csv",
  "repo_latest": "/Users/vahid/Desktop/xauusd-trader/data/demo_execution/xauusd_stage151_m5_locked_rule_state_latest.csv",
  "mt5_kv_written": true,
  "mt5_kv": "/Users/vahid/Library/Application Support/net.metaquotes.wine.metatrader5/drive_c/Program Files/MetaTrader 5/MQL5/Files/xauusd_stage151_m5_locked_rule_state_kv.csv",
  "mt5_latest": "/Users/vahid/Library/Application Support/net.metaquotes.wine.metatrader5/drive_c/Program Files/MetaTrader 5/MQL5/Files/xauusd_stage151_m5_locked_rule_state_latest.csv",
  "stage134_instruction": {
    "InpRuleStateKvFile": "xauusd_stage151_m5_locked_rule_state_kv.csv",
    "InpAllowedRules": "D150C_M5_trend_8_20_bps_GEQ65__trend_50_100_bps_GEQ35",
    "keep_InpEnableDemoOrders": "true only on demo account"
  },
  "summary_json": "/Users/vahid/Desktop/xauusd-trader/reports/stage151_locked_mtf_rule_state_writer/m5/stage151_locked_mtf_rule_state_writer_summary.json",
  "next": [
    "Use Stage151 for fast post-market-open refresh of a locked Stage150 MTF rule.",
    "Run full Stage150B scans offline only when changing or replacing the locked rule."
  ]
}
{
  "stage": "Stage153_LOCKED_MTF_RULE_STATE_WRITER_TIMESTAMP_NORMALIZED",
  "generated_utc": "2026-07-06T14:18:25Z",
  "status": "STAGE151B_COMPLETE_LOCKED_MTF_RULE_STATE_STALE_GUARD_READY",
  "decision": "STAGE153_LOCKED_RULE_INACTIVE_NO_ORDER",
  "root": "/Users/vahid/Desktop/xauusd-trader",
  "bars_path": "/Users/vahid/Downloads/xauusd_fundamental_event_inbox/amarkets_xauusd_5m.csv",
  "source_summary": "/Users/vahid/Desktop/xauusd-trader/reports/stage150_mtf_separated_validation_discovery/m5/stage150_mtf_separated_validation_discovery_summary.json",
  "tf": "m5",
  "timeframe_minutes": 5,
  "raw_row_count": 318375,
  "bar_count": 318375,
  "bar_min_utc": "2022-01-03T01:00:00+00:00",
  "bar_max_utc": "2026-07-06T13:10:00+00:00",
  "feature_date": "2026-07-06T10:10:00Z",
  "raw_feature_date": "2026-07-06T13:10:00Z",
  "timestamp_shift_hours": -3.0,
  "selected_rule_id": "D150C_M5_trend_8_20_bps_GEQ65__trend_50_100_bps_GEQ35",
  "selected_label": "m5: trend_8_20_bps >= q65 AND trend_50_100_bps >= q35",
  "conditions": [
    {
      "feature": "trend_8_20_bps",
      "op": ">=",
      "threshold": 9.25846423904142,
      "current": -28.98791126199063
    },
    {
      "feature": "trend_50_100_bps",
      "op": ">=",
      "threshold": -14.337320822584214,
      "current": 149.30901942450836
    }
  ],
  "any_signal_active": false,
  "raw_rule_active_before_stale_guard": false,
  "feature_fresh": false,
  "feature_age_sec": 15017,
  "max_feature_age_sec": 7200,
  "repo_kv": "/Users/vahid/Desktop/xauusd-trader/data/demo_execution/xauusd_stage151_m5_locked_rule_state_kv.csv",
  "repo_latest": "/Users/vahid/Desktop/xauusd-trader/data/demo_execution/xauusd_stage151_m5_locked_rule_state_latest.csv",
  "mt5_kv_written": true,
  "mt5_kv": "/Users/vahid/Library/Application Support/net.metaquotes.wine.metatrader5/drive_c/Program Files/MetaTrader 5/MQL5/Files/xauusd_stage151_m5_locked_rule_state_kv.csv",
  "mt5_latest": "/Users/vahid/Library/Application Support/net.metaquotes.wine.metatrader5/drive_c/Program Files/MetaTrader 5/MQL5/Files/xauusd_stage151_m5_locked_rule_state_latest.csv",
  "stage134_instruction": {
    "InpRuleStateKvFile": "xauusd_stage151_m5_locked_rule_state_kv.csv",
    "InpAllowedRules": "D150C_M5_trend_8_20_bps_GEQ65__trend_50_100_bps_GEQ35",
    "keep_InpEnableDemoOrders": "true only on demo account"
  },
  "summary_json": "/Users/vahid/Desktop/xauusd-trader/reports/stage151_locked_mtf_rule_state_writer/m5/stage151_locked_mtf_rule_state_writer_summary.json",
  "next": [
    "Use Stage151 for fast post-market-open refresh of a locked Stage150 MTF rule.",
    "Run full Stage150B scans offline only when changing or replacing the locked rule."
  ]
}
{
  "stage": "Stage153_LOCKED_MTF_RULE_STATE_WRITER_TIMESTAMP_NORMALIZED",
  "generated_utc": "2026-07-06T14:25:22Z",
  "status": "STAGE151B_COMPLETE_LOCKED_MTF_RULE_STATE_STALE_GUARD_READY",
  "decision": "STAGE153_LOCKED_RULE_INACTIVE_NO_ORDER",
  "root": "/Users/vahid/Desktop/xauusd-trader",
  "bars_path": "/Users/vahid/Downloads/xauusd_fundamental_event_inbox/amarkets_xauusd_5m.csv",
  "source_summary": "/Users/vahid/Desktop/xauusd-trader/reports/stage150_mtf_separated_validation_discovery/m5/stage150_mtf_separated_validation_discovery_summary.json",
  "tf": "m5",
  "timeframe_minutes": 5,
  "raw_row_count": 318375,
  "bar_count": 318375,
  "bar_min_utc": "2022-01-03T01:00:00+00:00",
  "bar_max_utc": "2026-07-06T13:10:00+00:00",
  "feature_date": "2026-07-06T10:10:00Z",
  "raw_feature_date": "2026-07-06T13:10:00Z",
  "timestamp_shift_hours": -3.0,
  "selected_rule_id": "D150C_M5_trend_8_20_bps_GEQ65__trend_50_100_bps_GEQ35",
  "selected_label": "m5: trend_8_20_bps >= q65 AND trend_50_100_bps >= q35",
  "conditions": [
    {
      "feature": "trend_8_20_bps",
      "op": ">=",
      "threshold": 9.25846423904142,
      "current": -28.98791126199063
    },
    {
      "feature": "trend_50_100_bps",
      "op": ">=",
      "threshold": -14.337320822584214,
      "current": 149.30901942450836
    }
  ],
  "any_signal_active": false,
  "raw_rule_active_before_stale_guard": false,
  "feature_fresh": false,
  "feature_age_sec": 15405,
  "max_feature_age_sec": 7200,
  "repo_kv": "/Users/vahid/Desktop/xauusd-trader/data/demo_execution/xauusd_stage151_m5_locked_rule_state_kv.csv",
  "repo_latest": "/Users/vahid/Desktop/xauusd-trader/data/demo_execution/xauusd_stage151_m5_locked_rule_state_latest.csv",
  "mt5_kv_written": true,
  "mt5_kv": "/Users/vahid/Library/Application Support/net.metaquotes.wine.metatrader5/drive_c/Program Files/MetaTrader 5/MQL5/Files/xauusd_stage151_m5_locked_rule_state_kv.csv",
  "mt5_latest": "/Users/vahid/Library/Application Support/net.metaquotes.wine.metatrader5/drive_c/Program Files/MetaTrader 5/MQL5/Files/xauusd_stage151_m5_locked_rule_state_latest.csv",
  "stage134_instruction": {
    "InpRuleStateKvFile": "xauusd_stage151_m5_locked_rule_state_kv.csv",
    "InpAllowedRules": "D150C_M5_trend_8_20_bps_GEQ65__trend_50_100_bps_GEQ35",
    "keep_InpEnableDemoOrders": "true only on demo account"
  },
  "summary_json": "/Users/vahid/Desktop/xauusd-trader/reports/stage151_locked_mtf_rule_state_writer/m5/stage151_locked_mtf_rule_state_writer_summary.json",
  "next": [
    "Use Stage151 for fast post-market-open refresh of a locked Stage150 MTF rule.",
    "Run full Stage150B scans offline only when changing or replacing the locked rule."
  ]
}
{
  "stage": "Stage153_LOCKED_MTF_RULE_STATE_WRITER_TIMESTAMP_NORMALIZED",
  "generated_utc": "2026-07-06T18:25:23Z",
  "status": "STAGE151B_COMPLETE_LOCKED_MTF_RULE_STATE_STALE_GUARD_READY",
  "decision": "STAGE153_LOCKED_RULE_INACTIVE_NO_ORDER",
  "root": "/Users/vahid/Desktop/xauusd-trader",
  "bars_path": "/Users/vahid/Downloads/xauusd_fundamental_event_inbox/amarkets_xauusd_5m.csv",
  "source_summary": "/Users/vahid/Desktop/xauusd-trader/reports/stage150_mtf_separated_validation_discovery/m5/stage150_mtf_separated_validation_discovery_summary.json",
  "tf": "m5",
  "timeframe_minutes": 5,
  "raw_row_count": 318473,
  "bar_count": 318473,
  "bar_min_utc": "2022-01-03T01:00:00+00:00",
  "bar_max_utc": "2026-07-06T21:20:00+00:00",
  "feature_date": "2026-07-06T18:20:00Z",
  "raw_feature_date": "2026-07-06T21:20:00Z",
  "timestamp_shift_hours": -3.0,
  "selected_rule_id": "D150C_M5_trend_8_20_bps_GEQ65__trend_50_100_bps_GEQ35",
  "selected_label": "m5: trend_8_20_bps >= q65 AND trend_50_100_bps >= q35",
  "conditions": [
    {
      "feature": "trend_8_20_bps",
      "op": ">=",
      "threshold": 9.25846423904142,
      "current": -25.788510937843068
    },
    {
      "feature": "trend_50_100_bps",
      "op": ">=",
      "threshold": -14.337320822584214,
      "current": 149.38131979577608
    }
  ],
  "any_signal_active": false,
  "raw_rule_active_before_stale_guard": false,
  "feature_fresh": true,
  "feature_age_sec": 376,
  "max_feature_age_sec": 7200,
  "repo_kv": "/Users/vahid/Desktop/xauusd-trader/data/demo_execution/xauusd_stage151_m5_locked_rule_state_kv.csv",
  "repo_latest": "/Users/vahid/Desktop/xauusd-trader/data/demo_execution/xauusd_stage151_m5_locked_rule_state_latest.csv",
  "mt5_kv_written": true,
  "mt5_kv": "/Users/vahid/Library/Application Support/net.metaquotes.wine.metatrader5/drive_c/Program Files/MetaTrader 5/MQL5/Files/xauusd_stage151_m5_locked_rule_state_kv.csv",
  "mt5_latest": "/Users/vahid/Library/Application Support/net.metaquotes.wine.metatrader5/drive_c/Program Files/MetaTrader 5/MQL5/Files/xauusd_stage151_m5_locked_rule_state_latest.csv",
  "stage134_instruction": {
    "InpRuleStateKvFile": "xauusd_stage151_m5_locked_rule_state_kv.csv",
    "InpAllowedRules": "D150C_M5_trend_8_20_bps_GEQ65__trend_50_100_bps_GEQ35",
    "keep_InpEnableDemoOrders": "true only on demo account"
  },
  "summary_json": "/Users/vahid/Desktop/xauusd-trader/reports/stage151_locked_mtf_rule_state_writer/m5/stage151_locked_mtf_rule_state_writer_summary.json",
  "next": [
    "Use Stage151 for fast post-market-open refresh of a locked Stage150 MTF rule.",
    "Run full Stage150B scans offline only when changing or replacing the locked rule."
  ]
}
{
  "stage": "Stage153_LOCKED_MTF_RULE_STATE_WRITER_TIMESTAMP_NORMALIZED",
  "generated_utc": "2026-07-06T18:31:21Z",
  "status": "STAGE151B_COMPLETE_LOCKED_MTF_RULE_STATE_STALE_GUARD_READY",
  "decision": "STAGE153_LOCKED_RULE_INACTIVE_NO_ORDER",
  "root": "/Users/vahid/Desktop/xauusd-trader",
  "bars_path": "/Users/vahid/Downloads/xauusd_fundamental_event_inbox/amarkets_xauusd_5m.csv",
  "source_summary": "/Users/vahid/Desktop/xauusd-trader/reports/stage150_mtf_separated_validation_discovery/m5/stage150_mtf_separated_validation_discovery_summary.json",
  "tf": "m5",
  "timeframe_minutes": 5,
  "raw_row_count": 318473,
  "bar_count": 318473,
  "bar_min_utc": "2022-01-03T01:00:00+00:00",
  "bar_max_utc": "2026-07-06T21:20:00+00:00",
  "feature_date": "2026-07-06T18:20:00Z",
  "raw_feature_date": "2026-07-06T21:20:00Z",
  "timestamp_shift_hours": -3.0,
  "selected_rule_id": "D150C_M5_trend_8_20_bps_GEQ65__trend_50_100_bps_GEQ35",
  "selected_label": "m5: trend_8_20_bps >= q65 AND trend_50_100_bps >= q35",
  "conditions": [
    {
      "feature": "trend_8_20_bps",
      "op": ">=",
      "threshold": 9.25846423904142,
      "current": -25.788510937843068
    },
    {
      "feature": "trend_50_100_bps",
      "op": ">=",
      "threshold": -14.337320822584214,
      "current": 149.38131979577608
    }
  ],
  "any_signal_active": false,
  "raw_rule_active_before_stale_guard": false,
  "feature_fresh": true,
  "feature_age_sec": 715,
  "max_feature_age_sec": 7200,
  "repo_kv": "/Users/vahid/Desktop/xauusd-trader/data/demo_execution/xauusd_stage151_m5_locked_rule_state_kv.csv",
  "repo_latest": "/Users/vahid/Desktop/xauusd-trader/data/demo_execution/xauusd_stage151_m5_locked_rule_state_latest.csv",
  "mt5_kv_written": true,
  "mt5_kv": "/Users/vahid/Library/Application Support/net.metaquotes.wine.metatrader5/drive_c/Program Files/MetaTrader 5/MQL5/Files/xauusd_stage151_m5_locked_rule_state_kv.csv",
  "mt5_latest": "/Users/vahid/Library/Application Support/net.metaquotes.wine.metatrader5/drive_c/Program Files/MetaTrader 5/MQL5/Files/xauusd_stage151_m5_locked_rule_state_latest.csv",
  "stage134_instruction": {
    "InpRuleStateKvFile": "xauusd_stage151_m5_locked_rule_state_kv.csv",
    "InpAllowedRules": "D150C_M5_trend_8_20_bps_GEQ65__trend_50_100_bps_GEQ35",
    "keep_InpEnableDemoOrders": "true only on demo account"
  },
  "summary_json": "/Users/vahid/Desktop/xauusd-trader/reports/stage151_locked_mtf_rule_state_writer/m5/stage151_locked_mtf_rule_state_writer_summary.json",
  "next": [
    "Use Stage151 for fast post-market-open refresh of a locked Stage150 MTF rule.",
    "Run full Stage150B scans offline only when changing or replacing the locked rule."
  ]
}
{
  "stage": "Stage153_LOCKED_MTF_RULE_STATE_WRITER_TIMESTAMP_NORMALIZED",
  "generated_utc": "2026-07-06T18:36:56Z",
  "status": "STAGE151B_COMPLETE_LOCKED_MTF_RULE_STATE_STALE_GUARD_READY",
  "decision": "STAGE153_LOCKED_RULE_INACTIVE_NO_ORDER",
  "root": "/Users/vahid/Desktop/xauusd-trader",
  "bars_path": "/Users/vahid/Downloads/xauusd_fundamental_event_inbox/amarkets_xauusd_5m.csv",
  "source_summary": "/Users/vahid/Desktop/xauusd-trader/reports/stage150_mtf_separated_validation_discovery/m5/stage150_mtf_separated_validation_discovery_summary.json",
  "tf": "m5",
  "timeframe_minutes": 5,
  "raw_row_count": 318473,
  "bar_count": 318473,
  "bar_min_utc": "2022-01-03T01:00:00+00:00",
  "bar_max_utc": "2026-07-06T21:20:00+00:00",
  "feature_date": "2026-07-06T18:20:00Z",
  "raw_feature_date": "2026-07-06T21:20:00Z",
  "timestamp_shift_hours": -3.0,
  "selected_rule_id": "D150C_M5_trend_8_20_bps_GEQ65__trend_50_100_bps_GEQ35",
  "selected_label": "m5: trend_8_20_bps >= q65 AND trend_50_100_bps >= q35",
  "conditions": [
    {
      "feature": "trend_8_20_bps",
      "op": ">=",
      "threshold": 9.25846423904142,
      "current": -25.788510937843068
    },
    {
      "feature": "trend_50_100_bps",
      "op": ">=",
      "threshold": -14.337320822584214,
      "current": 149.38131979577608
    }
  ],
  "any_signal_active": false,
  "raw_rule_active_before_stale_guard": false,
  "feature_fresh": true,
  "feature_age_sec": 1035,
  "max_feature_age_sec": 7200,
  "repo_kv": "/Users/vahid/Desktop/xauusd-trader/data/demo_execution/xauusd_stage151_m5_locked_rule_state_kv.csv",
  "repo_latest": "/Users/vahid/Desktop/xauusd-trader/data/demo_execution/xauusd_stage151_m5_locked_rule_state_latest.csv",
  "mt5_kv_written": true,
  "mt5_kv": "/Users/vahid/Library/Application Support/net.metaquotes.wine.metatrader5/drive_c/Program Files/MetaTrader 5/MQL5/Files/xauusd_stage151_m5_locked_rule_state_kv.csv",
  "mt5_latest": "/Users/vahid/Library/Application Support/net.metaquotes.wine.metatrader5/drive_c/Program Files/MetaTrader 5/MQL5/Files/xauusd_stage151_m5_locked_rule_state_latest.csv",
  "stage134_instruction": {
    "InpRuleStateKvFile": "xauusd_stage151_m5_locked_rule_state_kv.csv",
    "InpAllowedRules": "D150C_M5_trend_8_20_bps_GEQ65__trend_50_100_bps_GEQ35",
    "keep_InpEnableDemoOrders": "true only on demo account"
  },
  "summary_json": "/Users/vahid/Desktop/xauusd-trader/reports/stage151_locked_mtf_rule_state_writer/m5/stage151_locked_mtf_rule_state_writer_summary.json",
  "next": [
    "Use Stage151 for fast post-market-open refresh of a locked Stage150 MTF rule.",
    "Run full Stage150B scans offline only when changing or replacing the locked rule."
  ]
}
{
  "stage": "Stage153_LOCKED_MTF_RULE_STATE_WRITER_TIMESTAMP_NORMALIZED",
  "generated_utc": "2026-07-07T12:55:48Z",
  "status": "STAGE151B_COMPLETE_LOCKED_MTF_RULE_STATE_STALE_GUARD_READY",
  "decision": "STAGE153_LOCKED_RULE_INACTIVE_NO_ORDER",
  "root": "/Users/vahid/Desktop/xauusd-trader",
  "bars_path": "/Users/vahid/Downloads/xauusd_fundamental_event_inbox/amarkets_xauusd_5m.csv",
  "source_summary": "/Users/vahid/Desktop/xauusd-trader/reports/stage150_mtf_separated_validation_discovery/m5/stage150_mtf_separated_validation_discovery_summary.json",
  "tf": "m5",
  "timeframe_minutes": 5,
  "raw_row_count": 318641,
  "bar_count": 318641,
  "bar_min_utc": "2022-01-03T01:00:00+00:00",
  "bar_max_utc": "2026-07-07T12:20:00+00:00",
  "feature_date": "2026-07-07T09:20:00Z",
  "raw_feature_date": "2026-07-07T12:20:00Z",
  "timestamp_shift_hours": -3.0,
  "selected_rule_id": "D150C_M5_trend_8_20_bps_GEQ65__trend_50_100_bps_GEQ35",
  "selected_label": "m5: trend_8_20_bps >= q65 AND trend_50_100_bps >= q35",
  "conditions": [
    {
      "feature": "trend_8_20_bps",
      "op": ">=",
      "threshold": 9.25846423904142,
      "current": -32.140363470740674
    },
    {
      "feature": "trend_50_100_bps",
      "op": ">=",
      "threshold": -14.337320822584214,
      "current": 127.85634942136693
    }
  ],
  "any_signal_active": false,
  "raw_rule_active_before_stale_guard": false,
  "feature_fresh": false,
  "feature_age_sec": 13019,
  "max_feature_age_sec": 7200,
  "repo_kv": "/Users/vahid/Desktop/xauusd-trader/data/demo_execution/xauusd_stage151_m5_locked_rule_state_kv.csv",
  "repo_latest": "/Users/vahid/Desktop/xauusd-trader/data/demo_execution/xauusd_stage151_m5_locked_rule_state_latest.csv",
  "mt5_kv_written": true,
  "mt5_kv": "/Users/vahid/Library/Application Support/net.metaquotes.wine.metatrader5/drive_c/Program Files/MetaTrader 5/MQL5/Files/xauusd_stage151_m5_locked_rule_state_kv.csv",
  "mt5_latest": "/Users/vahid/Library/Application Support/net.metaquotes.wine.metatrader5/drive_c/Program Files/MetaTrader 5/MQL5/Files/xauusd_stage151_m5_locked_rule_state_latest.csv",
  "stage134_instruction": {
    "InpRuleStateKvFile": "xauusd_stage151_m5_locked_rule_state_kv.csv",
    "InpAllowedRules": "D150C_M5_trend_8_20_bps_GEQ65__trend_50_100_bps_GEQ35",
    "keep_InpEnableDemoOrders": "true only on demo account"
  },
  "summary_json": "/Users/vahid/Desktop/xauusd-trader/reports/stage151_locked_mtf_rule_state_writer/m5/stage151_locked_mtf_rule_state_writer_summary.json",
  "next": [
    "Use Stage151 for fast post-market-open refresh of a locked Stage150 MTF rule.",
    "Run full Stage150B scans offline only when changing or replacing the locked rule."
  ]
}
{
  "stage": "Stage153_LOCKED_MTF_RULE_STATE_WRITER_TIMESTAMP_NORMALIZED",
  "generated_utc": "2026-07-07T13:02:01Z",
  "status": "STAGE151B_COMPLETE_LOCKED_MTF_RULE_STATE_STALE_GUARD_READY",
  "decision": "STAGE153_LOCKED_RULE_INACTIVE_NO_ORDER",
  "root": "/Users/vahid/Desktop/xauusd-trader",
  "bars_path": "/Users/vahid/Downloads/xauusd_fundamental_event_inbox/amarkets_xauusd_5m.csv",
  "source_summary": "/Users/vahid/Desktop/xauusd-trader/reports/stage150_mtf_separated_validation_discovery/m5/stage150_mtf_separated_validation_discovery_summary.json",
  "tf": "m5",
  "timeframe_minutes": 5,
  "raw_row_count": 318641,
  "bar_count": 318641,
  "bar_min_utc": "2022-01-03T01:00:00+00:00",
  "bar_max_utc": "2026-07-07T12:20:00+00:00",
  "feature_date": "2026-07-07T09:20:00Z",
  "raw_feature_date": "2026-07-07T12:20:00Z",
  "timestamp_shift_hours": -3.0,
  "selected_rule_id": "D150C_M5_trend_8_20_bps_GEQ65__trend_50_100_bps_GEQ35",
  "selected_label": "m5: trend_8_20_bps >= q65 AND trend_50_100_bps >= q35",
  "conditions": [
    {
      "feature": "trend_8_20_bps",
      "op": ">=",
      "threshold": 9.25846423904142,
      "current": -32.140363470740674
    },
    {
      "feature": "trend_50_100_bps",
      "op": ">=",
      "threshold": -14.337320822584214,
      "current": 127.85634942136693
    }
  ],
  "any_signal_active": false,
  "raw_rule_active_before_stale_guard": false,
  "feature_fresh": false,
  "feature_age_sec": 13364,
  "max_feature_age_sec": 7200,
  "repo_kv": "/Users/vahid/Desktop/xauusd-trader/data/demo_execution/xauusd_stage151_m5_locked_rule_state_kv.csv",
  "repo_latest": "/Users/vahid/Desktop/xauusd-trader/data/demo_execution/xauusd_stage151_m5_locked_rule_state_latest.csv",
  "mt5_kv_written": true,
  "mt5_kv": "/Users/vahid/Library/Application Support/net.metaquotes.wine.metatrader5/drive_c/Program Files/MetaTrader 5/MQL5/Files/xauusd_stage151_m5_locked_rule_state_kv.csv",
  "mt5_latest": "/Users/vahid/Library/Application Support/net.metaquotes.wine.metatrader5/drive_c/Program Files/MetaTrader 5/MQL5/Files/xauusd_stage151_m5_locked_rule_state_latest.csv",
  "stage134_instruction": {
    "InpRuleStateKvFile": "xauusd_stage151_m5_locked_rule_state_kv.csv",
    "InpAllowedRules": "D150C_M5_trend_8_20_bps_GEQ65__trend_50_100_bps_GEQ35",
    "keep_InpEnableDemoOrders": "true only on demo account"
  },
  "summary_json": "/Users/vahid/Desktop/xauusd-trader/reports/stage151_locked_mtf_rule_state_writer/m5/stage151_locked_mtf_rule_state_writer_summary.json",
  "next": [
    "Use Stage151 for fast post-market-open refresh of a locked Stage150 MTF rule.",
    "Run full Stage150B scans offline only when changing or replacing the locked rule."
  ]
}
{
  "stage": "Stage153_LOCKED_MTF_RULE_STATE_WRITER_TIMESTAMP_NORMALIZED",
  "generated_utc": "2026-07-07T16:08:52Z",
  "status": "STAGE151B_COMPLETE_LOCKED_MTF_RULE_STATE_STALE_GUARD_READY",
  "decision": "STAGE153_LOCKED_RULE_INACTIVE_NO_ORDER",
  "root": "/Users/vahid/Desktop/xauusd-trader",
  "bars_path": "/Users/vahid/Downloads/xauusd_fundamental_event_inbox/amarkets_xauusd_5m.csv",
  "source_summary": "/Users/vahid/Desktop/xauusd-trader/reports/stage150_mtf_separated_validation_discovery/m5/stage150_mtf_separated_validation_discovery_summary.json",
  "tf": "m5",
  "timeframe_minutes": 5,
  "raw_row_count": 318641,
  "bar_count": 318641,
  "bar_min_utc": "2022-01-03T01:00:00+00:00",
  "bar_max_utc": "2026-07-07T12:20:00+00:00",
  "feature_date": "2026-07-07T09:20:00Z",
  "raw_feature_date": "2026-07-07T12:20:00Z",
  "timestamp_shift_hours": -3.0,
  "selected_rule_id": "D150C_M5_trend_8_20_bps_GEQ65__trend_50_100_bps_GEQ35",
  "selected_label": "m5: trend_8_20_bps >= q65 AND trend_50_100_bps >= q35",
  "conditions": [
    {
      "feature": "trend_8_20_bps",
      "op": ">=",
      "threshold": 9.25846423904142,
      "current": -32.140363470740674
    },
    {
      "feature": "trend_50_100_bps",
      "op": ">=",
      "threshold": -14.337320822584214,
      "current": 127.85634942136693
    }
  ],
  "any_signal_active": false,
  "raw_rule_active_before_stale_guard": false,
  "feature_fresh": false,
  "feature_age_sec": 28193,
  "max_feature_age_sec": 7200,
  "repo_kv": "/Users/vahid/Desktop/xauusd-trader/data/demo_execution/xauusd_stage151_m5_locked_rule_state_kv.csv",
  "repo_latest": "/Users/vahid/Desktop/xauusd-trader/data/demo_execution/xauusd_stage151_m5_locked_rule_state_latest.csv",
  "mt5_kv_written": true,
  "mt5_kv": "/Users/vahid/Library/Application Support/net.metaquotes.wine.metatrader5/drive_c/Program Files/MetaTrader 5/MQL5/Files/xauusd_stage151_m5_locked_rule_state_kv.csv",
  "mt5_latest": "/Users/vahid/Library/Application Support/net.metaquotes.wine.metatrader5/drive_c/Program Files/MetaTrader 5/MQL5/Files/xauusd_stage151_m5_locked_rule_state_latest.csv",
  "stage134_instruction": {
    "InpRuleStateKvFile": "xauusd_stage151_m5_locked_rule_state_kv.csv",
    "InpAllowedRules": "D150C_M5_trend_8_20_bps_GEQ65__trend_50_100_bps_GEQ35",
    "keep_InpEnableDemoOrders": "true only on demo account"
  },
  "summary_json": "/Users/vahid/Desktop/xauusd-trader/reports/stage151_locked_mtf_rule_state_writer/m5/stage151_locked_mtf_rule_state_writer_summary.json",
  "next": [
    "Use Stage151 for fast post-market-open refresh of a locked Stage150 MTF rule.",
    "Run full Stage150B scans offline only when changing or replacing the locked rule."
  ]
}
{
  "stage": "Stage153_LOCKED_MTF_RULE_STATE_WRITER_TIMESTAMP_NORMALIZED",
  "generated_utc": "2026-07-07T18:13:19Z",
  "status": "STAGE151B_COMPLETE_LOCKED_MTF_RULE_STATE_STALE_GUARD_READY",
  "decision": "STAGE153_LOCKED_RULE_INACTIVE_NO_ORDER",
  "root": "/Users/vahid/Desktop/xauusd-trader",
  "bars_path": "/Users/vahid/Downloads/xauusd_fundamental_event_inbox/amarkets_xauusd_5m.csv",
  "source_summary": "/Users/vahid/Desktop/xauusd-trader/reports/stage150_mtf_separated_validation_discovery/m5/stage150_mtf_separated_validation_discovery_summary.json",
  "tf": "m5",
  "timeframe_minutes": 5,
  "raw_row_count": 318641,
  "bar_count": 318641,
  "bar_min_utc": "2022-01-03T01:00:00+00:00",
  "bar_max_utc": "2026-07-07T12:20:00+00:00",
  "feature_date": "2026-07-07T09:20:00Z",
  "raw_feature_date": "2026-07-07T12:20:00Z",
  "timestamp_shift_hours": -3.0,
  "selected_rule_id": "D150C_M5_trend_8_20_bps_GEQ65__trend_50_100_bps_GEQ35",
  "selected_label": "m5: trend_8_20_bps >= q65 AND trend_50_100_bps >= q35",
  "conditions": [
    {
      "feature": "trend_8_20_bps",
      "op": ">=",
      "threshold": 9.25846423904142,
      "current": -32.140363470740674
    },
    {
      "feature": "trend_50_100_bps",
      "op": ">=",
      "threshold": -14.337320822584214,
      "current": 127.85634942136693
    }
  ],
  "any_signal_active": false,
  "raw_rule_active_before_stale_guard": false,
  "feature_fresh": false,
  "feature_age_sec": 32035,
  "max_feature_age_sec": 7200,
  "repo_kv": "/Users/vahid/Desktop/xauusd-trader/data/demo_execution/xauusd_stage151_m5_locked_rule_state_kv.csv",
  "repo_latest": "/Users/vahid/Desktop/xauusd-trader/data/demo_execution/xauusd_stage151_m5_locked_rule_state_latest.csv",
  "mt5_kv_written": true,
  "mt5_kv": "/Users/vahid/Library/Application Support/net.metaquotes.wine.metatrader5/drive_c/Program Files/MetaTrader 5/MQL5/Files/xauusd_stage151_m5_locked_rule_state_kv.csv",
  "mt5_latest": "/Users/vahid/Library/Application Support/net.metaquotes.wine.metatrader5/drive_c/Program Files/MetaTrader 5/MQL5/Files/xauusd_stage151_m5_locked_rule_state_latest.csv",
  "stage134_instruction": {
    "InpRuleStateKvFile": "xauusd_stage151_m5_locked_rule_state_kv.csv",
    "InpAllowedRules": "D150C_M5_trend_8_20_bps_GEQ65__trend_50_100_bps_GEQ35",
    "keep_InpEnableDemoOrders": "true only on demo account"
  },
  "summary_json": "/Users/vahid/Desktop/xauusd-trader/reports/stage151_locked_mtf_rule_state_writer/m5/stage151_locked_mtf_rule_state_writer_summary.json",
  "next": [
    "Use Stage151 for fast post-market-open refresh of a locked Stage150 MTF rule.",
    "Run full Stage150B scans offline only when changing or replacing the locked rule."
  ]
}
{
  "stage": "Stage153_LOCKED_MTF_RULE_STATE_WRITER_TIMESTAMP_NORMALIZED",
  "generated_utc": "2026-07-07T18:18:57Z",
  "status": "STAGE151B_COMPLETE_LOCKED_MTF_RULE_STATE_STALE_GUARD_READY",
  "decision": "STAGE153_LOCKED_RULE_INACTIVE_NO_ORDER",
  "root": "/Users/vahid/Desktop/xauusd-trader",
  "bars_path": "/Users/vahid/Downloads/xauusd_fundamental_event_inbox/amarkets_xauusd_5m.csv",
  "source_summary": "/Users/vahid/Desktop/xauusd-trader/reports/stage150_mtf_separated_validation_discovery/m5/stage150_mtf_separated_validation_discovery_summary.json",
  "tf": "m5",
  "timeframe_minutes": 5,
  "raw_row_count": 318641,
  "bar_count": 318641,
  "bar_min_utc": "2022-01-03T01:00:00+00:00",
  "bar_max_utc": "2026-07-07T12:20:00+00:00",
  "feature_date": "2026-07-07T09:20:00Z",
  "raw_feature_date": "2026-07-07T12:20:00Z",
  "timestamp_shift_hours": -3.0,
  "selected_rule_id": "D150C_M5_trend_8_20_bps_GEQ65__trend_50_100_bps_GEQ35",
  "selected_label": "m5: trend_8_20_bps >= q65 AND trend_50_100_bps >= q35",
  "conditions": [
    {
      "feature": "trend_8_20_bps",
      "op": ">=",
      "threshold": 9.25846423904142,
      "current": -32.140363470740674
    },
    {
      "feature": "trend_50_100_bps",
      "op": ">=",
      "threshold": -14.337320822584214,
      "current": 127.85634942136693
    }
  ],
  "any_signal_active": false,
  "raw_rule_active_before_stale_guard": false,
  "feature_fresh": false,
  "feature_age_sec": 32364,
  "max_feature_age_sec": 7200,
  "repo_kv": "/Users/vahid/Desktop/xauusd-trader/data/demo_execution/xauusd_stage151_m5_locked_rule_state_kv.csv",
  "repo_latest": "/Users/vahid/Desktop/xauusd-trader/data/demo_execution/xauusd_stage151_m5_locked_rule_state_latest.csv",
  "mt5_kv_written": true,
  "mt5_kv": "/Users/vahid/Library/Application Support/net.metaquotes.wine.metatrader5/drive_c/Program Files/MetaTrader 5/MQL5/Files/xauusd_stage151_m5_locked_rule_state_kv.csv",
  "mt5_latest": "/Users/vahid/Library/Application Support/net.metaquotes.wine.metatrader5/drive_c/Program Files/MetaTrader 5/MQL5/Files/xauusd_stage151_m5_locked_rule_state_latest.csv",
  "stage134_instruction": {
    "InpRuleStateKvFile": "xauusd_stage151_m5_locked_rule_state_kv.csv",
    "InpAllowedRules": "D150C_M5_trend_8_20_bps_GEQ65__trend_50_100_bps_GEQ35",
    "keep_InpEnableDemoOrders": "true only on demo account"
  },
  "summary_json": "/Users/vahid/Desktop/xauusd-trader/reports/stage151_locked_mtf_rule_state_writer/m5/stage151_locked_mtf_rule_state_writer_summary.json",
  "next": [
    "Use Stage151 for fast post-market-open refresh of a locked Stage150 MTF rule.",
    "Run full Stage150B scans offline only when changing or replacing the locked rule."
  ]
}
{
  "stage": "Stage153_LOCKED_MTF_RULE_STATE_WRITER_TIMESTAMP_NORMALIZED",
  "generated_utc": "2026-07-07T18:24:25Z",
  "status": "STAGE151B_COMPLETE_LOCKED_MTF_RULE_STATE_STALE_GUARD_READY",
  "decision": "STAGE153_LOCKED_RULE_INACTIVE_NO_ORDER",
  "root": "/Users/vahid/Desktop/xauusd-trader",
  "bars_path": "/Users/vahid/Downloads/xauusd_fundamental_event_inbox/amarkets_xauusd_5m.csv",
  "source_summary": "/Users/vahid/Desktop/xauusd-trader/reports/stage150_mtf_separated_validation_discovery/m5/stage150_mtf_separated_validation_discovery_summary.json",
  "tf": "m5",
  "timeframe_minutes": 5,
  "raw_row_count": 318641,
  "bar_count": 318641,
  "bar_min_utc": "2022-01-03T01:00:00+00:00",
  "bar_max_utc": "2026-07-07T12:20:00+00:00",
  "feature_date": "2026-07-07T09:20:00Z",
  "raw_feature_date": "2026-07-07T12:20:00Z",
  "timestamp_shift_hours": -3.0,
  "selected_rule_id": "D150C_M5_trend_8_20_bps_GEQ65__trend_50_100_bps_GEQ35",
  "selected_label": "m5: trend_8_20_bps >= q65 AND trend_50_100_bps >= q35",
  "conditions": [
    {
      "feature": "trend_8_20_bps",
      "op": ">=",
      "threshold": 9.25846423904142,
      "current": -32.140363470740674
    },
    {
      "feature": "trend_50_100_bps",
      "op": ">=",
      "threshold": -14.337320822584214,
      "current": 127.85634942136693
    }
  ],
  "any_signal_active": false,
  "raw_rule_active_before_stale_guard": false,
  "feature_fresh": false,
  "feature_age_sec": 32692,
  "max_feature_age_sec": 7200,
  "repo_kv": "/Users/vahid/Desktop/xauusd-trader/data/demo_execution/xauusd_stage151_m5_locked_rule_state_kv.csv",
  "repo_latest": "/Users/vahid/Desktop/xauusd-trader/data/demo_execution/xauusd_stage151_m5_locked_rule_state_latest.csv",
  "mt5_kv_written": true,
  "mt5_kv": "/Users/vahid/Library/Application Support/net.metaquotes.wine.metatrader5/drive_c/Program Files/MetaTrader 5/MQL5/Files/xauusd_stage151_m5_locked_rule_state_kv.csv",
  "mt5_latest": "/Users/vahid/Library/Application Support/net.metaquotes.wine.metatrader5/drive_c/Program Files/MetaTrader 5/MQL5/Files/xauusd_stage151_m5_locked_rule_state_latest.csv",
  "stage134_instruction": {
    "InpRuleStateKvFile": "xauusd_stage151_m5_locked_rule_state_kv.csv",
    "InpAllowedRules": "D150C_M5_trend_8_20_bps_GEQ65__trend_50_100_bps_GEQ35",
    "keep_InpEnableDemoOrders": "true only on demo account"
  },
  "summary_json": "/Users/vahid/Desktop/xauusd-trader/reports/stage151_locked_mtf_rule_state_writer/m5/stage151_locked_mtf_rule_state_writer_summary.json",
  "next": [
    "Use Stage151 for fast post-market-open refresh of a locked Stage150 MTF rule.",
    "Run full Stage150B scans offline only when changing or replacing the locked rule."
  ]
}
{
  "stage": "Stage153_LOCKED_MTF_RULE_STATE_WRITER_TIMESTAMP_NORMALIZED",
  "generated_utc": "2026-07-09T05:48:53Z",
  "status": "STAGE151B_COMPLETE_LOCKED_MTF_RULE_STATE_STALE_GUARD_READY",
  "decision": "STAGE153_LOCKED_RULE_INACTIVE_NO_ORDER",
  "root": "/Users/vahid/Desktop/xauusd-trader",
  "bars_path": "/Users/vahid/Downloads/xauusd_fundamental_event_inbox/amarkets_xauusd_5m.csv",
  "source_summary": "/Users/vahid/Desktop/xauusd-trader/reports/stage150_mtf_separated_validation_discovery/m5/stage150_mtf_separated_validation_discovery_summary.json",
  "tf": "m5",
  "timeframe_minutes": 5,
  "raw_row_count": 318941,
  "bar_count": 318941,
  "bar_min_utc": "2022-01-03T01:00:00+00:00",
  "bar_max_utc": "2026-07-08T14:20:00+00:00",
  "feature_date": "2026-07-08T11:20:00Z",
  "raw_feature_date": "2026-07-08T14:20:00Z",
  "timestamp_shift_hours": -3.0,
  "selected_rule_id": "D150C_M5_trend_8_20_bps_GEQ65__trend_50_100_bps_GEQ35",
  "selected_label": "m5: trend_8_20_bps >= q65 AND trend_50_100_bps >= q35",
  "conditions": [
    {
      "feature": "trend_8_20_bps",
      "op": ">=",
      "threshold": 9.25846423904142,
      "current": -35.399217526332905
    },
    {
      "feature": "trend_50_100_bps",
      "op": ">=",
      "threshold": -14.337320822584214,
      "current": 0.32341945826575014
    }
  ],
  "any_signal_active": false,
  "raw_rule_active_before_stale_guard": false,
  "feature_fresh": false,
  "feature_age_sec": 66703,
  "max_feature_age_sec": 7200,
  "repo_kv": "/Users/vahid/Desktop/xauusd-trader/data/demo_execution/xauusd_stage151_m5_locked_rule_state_kv.csv",
  "repo_latest": "/Users/vahid/Desktop/xauusd-trader/data/demo_execution/xauusd_stage151_m5_locked_rule_state_latest.csv",
  "mt5_kv_written": true,
  "mt5_kv": "/Users/vahid/Library/Application Support/net.metaquotes.wine.metatrader5/drive_c/Program Files/MetaTrader 5/MQL5/Files/xauusd_stage151_m5_locked_rule_state_kv.csv",
  "mt5_latest": "/Users/vahid/Library/Application Support/net.metaquotes.wine.metatrader5/drive_c/Program Files/MetaTrader 5/MQL5/Files/xauusd_stage151_m5_locked_rule_state_latest.csv",
  "stage134_instruction": {
    "InpRuleStateKvFile": "xauusd_stage151_m5_locked_rule_state_kv.csv",
    "InpAllowedRules": "D150C_M5_trend_8_20_bps_GEQ65__trend_50_100_bps_GEQ35",
    "keep_InpEnableDemoOrders": "true only on demo account"
  },
  "summary_json": "/Users/vahid/Desktop/xauusd-trader/reports/stage151_locked_mtf_rule_state_writer/m5/stage151_locked_mtf_rule_state_writer_summary.json",
  "next": [
    "Use Stage151 for fast post-market-open refresh of a locked Stage150 MTF rule.",
    "Run full Stage150B scans offline only when changing or replacing the locked rule."
  ]
}
{
  "stage": "Stage153_LOCKED_MTF_RULE_STATE_WRITER_TIMESTAMP_NORMALIZED",
  "generated_utc": "2026-07-09T05:56:51Z",
  "status": "STAGE151B_COMPLETE_LOCKED_MTF_RULE_STATE_STALE_GUARD_READY",
  "decision": "STAGE153_LOCKED_RULE_INACTIVE_NO_ORDER",
  "root": "/Users/vahid/Desktop/xauusd-trader",
  "bars_path": "/Users/vahid/Downloads/xauusd_fundamental_event_inbox/amarkets_xauusd_5m.csv",
  "source_summary": "/Users/vahid/Desktop/xauusd-trader/reports/stage150_mtf_separated_validation_discovery/m5/stage150_mtf_separated_validation_discovery_summary.json",
  "tf": "m5",
  "timeframe_minutes": 5,
  "raw_row_count": 318941,
  "bar_count": 318941,
  "bar_min_utc": "2022-01-03T01:00:00+00:00",
  "bar_max_utc": "2026-07-08T14:20:00+00:00",
  "feature_date": "2026-07-08T11:20:00Z",
  "raw_feature_date": "2026-07-08T14:20:00Z",
  "timestamp_shift_hours": -3.0,
  "selected_rule_id": "D150C_M5_trend_8_20_bps_GEQ65__trend_50_100_bps_GEQ35",
  "selected_label": "m5: trend_8_20_bps >= q65 AND trend_50_100_bps >= q35",
  "conditions": [
    {
      "feature": "trend_8_20_bps",
      "op": ">=",
      "threshold": 9.25846423904142,
      "current": -35.399217526332905
    },
    {
      "feature": "trend_50_100_bps",
      "op": ">=",
      "threshold": -14.337320822584214,
      "current": 0.32341945826575014
    }
  ],
  "any_signal_active": false,
  "raw_rule_active_before_stale_guard": false,
  "feature_fresh": false,
  "feature_age_sec": 67071,
  "max_feature_age_sec": 7200,
  "repo_kv": "/Users/vahid/Desktop/xauusd-trader/data/demo_execution/xauusd_stage151_m5_locked_rule_state_kv.csv",
  "repo_latest": "/Users/vahid/Desktop/xauusd-trader/data/demo_execution/xauusd_stage151_m5_locked_rule_state_latest.csv",
  "mt5_kv_written": true,
  "mt5_kv": "/Users/vahid/Library/Application Support/net.metaquotes.wine.metatrader5/drive_c/Program Files/MetaTrader 5/MQL5/Files/xauusd_stage151_m5_locked_rule_state_kv.csv",
  "mt5_latest": "/Users/vahid/Library/Application Support/net.metaquotes.wine.metatrader5/drive_c/Program Files/MetaTrader 5/MQL5/Files/xauusd_stage151_m5_locked_rule_state_latest.csv",
  "stage134_instruction": {
    "InpRuleStateKvFile": "xauusd_stage151_m5_locked_rule_state_kv.csv",
    "InpAllowedRules": "D150C_M5_trend_8_20_bps_GEQ65__trend_50_100_bps_GEQ35",
    "keep_InpEnableDemoOrders": "true only on demo account"
  },
  "summary_json": "/Users/vahid/Desktop/xauusd-trader/reports/stage151_locked_mtf_rule_state_writer/m5/stage151_locked_mtf_rule_state_writer_summary.json",
  "next": [
    "Use Stage151 for fast post-market-open refresh of a locked Stage150 MTF rule.",
    "Run full Stage150B scans offline only when changing or replacing the locked rule."
  ]
}
{
  "stage": "Stage153_LOCKED_MTF_RULE_STATE_WRITER_TIMESTAMP_NORMALIZED",
  "generated_utc": "2026-07-09T06:02:55Z",
  "status": "STAGE151B_COMPLETE_LOCKED_MTF_RULE_STATE_STALE_GUARD_READY",
  "decision": "STAGE153_LOCKED_RULE_INACTIVE_NO_ORDER",
  "root": "/Users/vahid/Desktop/xauusd-trader",
  "bars_path": "/Users/vahid/Downloads/xauusd_fundamental_event_inbox/amarkets_xauusd_5m.csv",
  "source_summary": "/Users/vahid/Desktop/xauusd-trader/reports/stage150_mtf_separated_validation_discovery/m5/stage150_mtf_separated_validation_discovery_summary.json",
  "tf": "m5",
  "timeframe_minutes": 5,
  "raw_row_count": 318941,
  "bar_count": 318941,
  "bar_min_utc": "2022-01-03T01:00:00+00:00",
  "bar_max_utc": "2026-07-08T14:20:00+00:00",
  "feature_date": "2026-07-08T11:20:00Z",
  "raw_feature_date": "2026-07-08T14:20:00Z",
  "timestamp_shift_hours": -3.0,
  "selected_rule_id": "D150C_M5_trend_8_20_bps_GEQ65__trend_50_100_bps_GEQ35",
  "selected_label": "m5: trend_8_20_bps >= q65 AND trend_50_100_bps >= q35",
  "conditions": [
    {
      "feature": "trend_8_20_bps",
      "op": ">=",
      "threshold": 9.25846423904142,
      "current": -35.399217526332905
    },
    {
      "feature": "trend_50_100_bps",
      "op": ">=",
      "threshold": -14.337320822584214,
      "current": 0.32341945826575014
    }
  ],
  "any_signal_active": false,
  "raw_rule_active_before_stale_guard": false,
  "feature_fresh": false,
  "feature_age_sec": 67464,
  "max_feature_age_sec": 7200,
  "repo_kv": "/Users/vahid/Desktop/xauusd-trader/data/demo_execution/xauusd_stage151_m5_locked_rule_state_kv.csv",
  "repo_latest": "/Users/vahid/Desktop/xauusd-trader/data/demo_execution/xauusd_stage151_m5_locked_rule_state_latest.csv",
  "mt5_kv_written": true,
  "mt5_kv": "/Users/vahid/Library/Application Support/net.metaquotes.wine.metatrader5/drive_c/Program Files/MetaTrader 5/MQL5/Files/xauusd_stage151_m5_locked_rule_state_kv.csv",
  "mt5_latest": "/Users/vahid/Library/Application Support/net.metaquotes.wine.metatrader5/drive_c/Program Files/MetaTrader 5/MQL5/Files/xauusd_stage151_m5_locked_rule_state_latest.csv",
  "stage134_instruction": {
    "InpRuleStateKvFile": "xauusd_stage151_m5_locked_rule_state_kv.csv",
    "InpAllowedRules": "D150C_M5_trend_8_20_bps_GEQ65__trend_50_100_bps_GEQ35",
    "keep_InpEnableDemoOrders": "true only on demo account"
  },
  "summary_json": "/Users/vahid/Desktop/xauusd-trader/reports/stage151_locked_mtf_rule_state_writer/m5/stage151_locked_mtf_rule_state_writer_summary.json",
  "next": [
    "Use Stage151 for fast post-market-open refresh of a locked Stage150 MTF rule.",
    "Run full Stage150B scans offline only when changing or replacing the locked rule."
  ]
}
{
  "stage": "Stage153_LOCKED_MTF_RULE_STATE_WRITER_TIMESTAMP_NORMALIZED",
  "generated_utc": "2026-07-09T06:09:26Z",
  "status": "STAGE151B_COMPLETE_LOCKED_MTF_RULE_STATE_STALE_GUARD_READY",
  "decision": "STAGE153_LOCKED_RULE_INACTIVE_NO_ORDER",
  "root": "/Users/vahid/Desktop/xauusd-trader",
  "bars_path": "/Users/vahid/Downloads/xauusd_fundamental_event_inbox/amarkets_xauusd_5m.csv",
  "source_summary": "/Users/vahid/Desktop/xauusd-trader/reports/stage150_mtf_separated_validation_discovery/m5/stage150_mtf_separated_validation_discovery_summary.json",
  "tf": "m5",
  "timeframe_minutes": 5,
  "raw_row_count": 318941,
  "bar_count": 318941,
  "bar_min_utc": "2022-01-03T01:00:00+00:00",
  "bar_max_utc": "2026-07-08T14:20:00+00:00",
  "feature_date": "2026-07-08T11:20:00Z",
  "raw_feature_date": "2026-07-08T14:20:00Z",
  "timestamp_shift_hours": -3.0,
  "selected_rule_id": "D150C_M5_trend_8_20_bps_GEQ65__trend_50_100_bps_GEQ35",
  "selected_label": "m5: trend_8_20_bps >= q65 AND trend_50_100_bps >= q35",
  "conditions": [
    {
      "feature": "trend_8_20_bps",
      "op": ">=",
      "threshold": 9.25846423904142,
      "current": -35.399217526332905
    },
    {
      "feature": "trend_50_100_bps",
      "op": ">=",
      "threshold": -14.337320822584214,
      "current": 0.32341945826575014
    }
  ],
  "any_signal_active": false,
  "raw_rule_active_before_stale_guard": false,
  "feature_fresh": false,
  "feature_age_sec": 67810,
  "max_feature_age_sec": 7200,
  "repo_kv": "/Users/vahid/Desktop/xauusd-trader/data/demo_execution/xauusd_stage151_m5_locked_rule_state_kv.csv",
  "repo_latest": "/Users/vahid/Desktop/xauusd-trader/data/demo_execution/xauusd_stage151_m5_locked_rule_state_latest.csv",
  "mt5_kv_written": true,
  "mt5_kv": "/Users/vahid/Library/Application Support/net.metaquotes.wine.metatrader5/drive_c/Program Files/MetaTrader 5/MQL5/Files/xauusd_stage151_m5_locked_rule_state_kv.csv",
  "mt5_latest": "/Users/vahid/Library/Application Support/net.metaquotes.wine.metatrader5/drive_c/Program Files/MetaTrader 5/MQL5/Files/xauusd_stage151_m5_locked_rule_state_latest.csv",
  "stage134_instruction": {
    "InpRuleStateKvFile": "xauusd_stage151_m5_locked_rule_state_kv.csv",
    "InpAllowedRules": "D150C_M5_trend_8_20_bps_GEQ65__trend_50_100_bps_GEQ35",
    "keep_InpEnableDemoOrders": "true only on demo account"
  },
  "summary_json": "/Users/vahid/Desktop/xauusd-trader/reports/stage151_locked_mtf_rule_state_writer/m5/stage151_locked_mtf_rule_state_writer_summary.json",
  "next": [
    "Use Stage151 for fast post-market-open refresh of a locked Stage150 MTF rule.",
    "Run full Stage150B scans offline only when changing or replacing the locked rule."
  ]
}
{
  "stage": "Stage153_LOCKED_MTF_RULE_STATE_WRITER_TIMESTAMP_NORMALIZED",
  "generated_utc": "2026-07-09T06:15:12Z",
  "status": "STAGE151B_COMPLETE_LOCKED_MTF_RULE_STATE_STALE_GUARD_READY",
  "decision": "STAGE153_LOCKED_RULE_INACTIVE_NO_ORDER",
  "root": "/Users/vahid/Desktop/xauusd-trader",
  "bars_path": "/Users/vahid/Downloads/xauusd_fundamental_event_inbox/amarkets_xauusd_5m.csv",
  "source_summary": "/Users/vahid/Desktop/xauusd-trader/reports/stage150_mtf_separated_validation_discovery/m5/stage150_mtf_separated_validation_discovery_summary.json",
  "tf": "m5",
  "timeframe_minutes": 5,
  "raw_row_count": 319155,
  "bar_count": 319155,
  "bar_min_utc": "2022-01-03T01:00:00+00:00",
  "bar_max_utc": "2026-07-09T09:10:00+00:00",
  "feature_date": "2026-07-09T06:10:00Z",
  "raw_feature_date": "2026-07-09T09:10:00Z",
  "timestamp_shift_hours": -3.0,
  "selected_rule_id": "D150C_M5_trend_8_20_bps_GEQ65__trend_50_100_bps_GEQ35",
  "selected_label": "m5: trend_8_20_bps >= q65 AND trend_50_100_bps >= q35",
  "conditions": [
    {
      "feature": "trend_8_20_bps",
      "op": ">=",
      "threshold": 9.25846423904142,
      "current": 14.181768542396167
    },
    {
      "feature": "trend_50_100_bps",
      "op": ">=",
      "threshold": -14.337320822584214,
      "current": -68.3276385632936
    }
  ],
  "any_signal_active": false,
  "raw_rule_active_before_stale_guard": false,
  "feature_fresh": true,
  "feature_age_sec": 344,
  "max_feature_age_sec": 7200,
  "repo_kv": "/Users/vahid/Desktop/xauusd-trader/data/demo_execution/xauusd_stage151_m5_locked_rule_state_kv.csv",
  "repo_latest": "/Users/vahid/Desktop/xauusd-trader/data/demo_execution/xauusd_stage151_m5_locked_rule_state_latest.csv",
  "mt5_kv_written": true,
  "mt5_kv": "/Users/vahid/Library/Application Support/net.metaquotes.wine.metatrader5/drive_c/Program Files/MetaTrader 5/MQL5/Files/xauusd_stage151_m5_locked_rule_state_kv.csv",
  "mt5_latest": "/Users/vahid/Library/Application Support/net.metaquotes.wine.metatrader5/drive_c/Program Files/MetaTrader 5/MQL5/Files/xauusd_stage151_m5_locked_rule_state_latest.csv",
  "stage134_instruction": {
    "InpRuleStateKvFile": "xauusd_stage151_m5_locked_rule_state_kv.csv",
    "InpAllowedRules": "D150C_M5_trend_8_20_bps_GEQ65__trend_50_100_bps_GEQ35",
    "keep_InpEnableDemoOrders": "true only on demo account"
  },
  "summary_json": "/Users/vahid/Desktop/xauusd-trader/reports/stage151_locked_mtf_rule_state_writer/m5/stage151_locked_mtf_rule_state_writer_summary.json",
  "next": [
    "Use Stage151 for fast post-market-open refresh of a locked Stage150 MTF rule.",
    "Run full Stage150B scans offline only when changing or replacing the locked rule."
  ]
}
{
  "stage": "Stage153_LOCKED_MTF_RULE_STATE_WRITER_TIMESTAMP_NORMALIZED",
  "generated_utc": "2026-07-09T06:20:45Z",
  "status": "STAGE151B_COMPLETE_LOCKED_MTF_RULE_STATE_STALE_GUARD_READY",
  "decision": "STAGE153_LOCKED_RULE_INACTIVE_NO_ORDER",
  "root": "/Users/vahid/Desktop/xauusd-trader",
  "bars_path": "/Users/vahid/Downloads/xauusd_fundamental_event_inbox/amarkets_xauusd_5m.csv",
  "source_summary": "/Users/vahid/Desktop/xauusd-trader/reports/stage150_mtf_separated_validation_discovery/m5/stage150_mtf_separated_validation_discovery_summary.json",
  "tf": "m5",
  "timeframe_minutes": 5,
  "raw_row_count": 319155,
  "bar_count": 319155,
  "bar_min_utc": "2022-01-03T01:00:00+00:00",
  "bar_max_utc": "2026-07-09T09:10:00+00:00",
  "feature_date": "2026-07-09T06:10:00Z",
  "raw_feature_date": "2026-07-09T09:10:00Z",
  "timestamp_shift_hours": -3.0,
  "selected_rule_id": "D150C_M5_trend_8_20_bps_GEQ65__trend_50_100_bps_GEQ35",
  "selected_label": "m5: trend_8_20_bps >= q65 AND trend_50_100_bps >= q35",
  "conditions": [
    {
      "feature": "trend_8_20_bps",
      "op": ">=",
      "threshold": 9.25846423904142,
      "current": 14.181768542396167
    },
    {
      "feature": "trend_50_100_bps",
      "op": ">=",
      "threshold": -14.337320822584214,
      "current": -68.3276385632936
    }
  ],
  "any_signal_active": false,
  "raw_rule_active_before_stale_guard": false,
  "feature_fresh": true,
  "feature_age_sec": 711,
  "max_feature_age_sec": 7200,
  "repo_kv": "/Users/vahid/Desktop/xauusd-trader/data/demo_execution/xauusd_stage151_m5_locked_rule_state_kv.csv",
  "repo_latest": "/Users/vahid/Desktop/xauusd-trader/data/demo_execution/xauusd_stage151_m5_locked_rule_state_latest.csv",
  "mt5_kv_written": true,
  "mt5_kv": "/Users/vahid/Library/Application Support/net.metaquotes.wine.metatrader5/drive_c/Program Files/MetaTrader 5/MQL5/Files/xauusd_stage151_m5_locked_rule_state_kv.csv",
  "mt5_latest": "/Users/vahid/Library/Application Support/net.metaquotes.wine.metatrader5/drive_c/Program Files/MetaTrader 5/MQL5/Files/xauusd_stage151_m5_locked_rule_state_latest.csv",
  "stage134_instruction": {
    "InpRuleStateKvFile": "xauusd_stage151_m5_locked_rule_state_kv.csv",
    "InpAllowedRules": "D150C_M5_trend_8_20_bps_GEQ65__trend_50_100_bps_GEQ35",
    "keep_InpEnableDemoOrders": "true only on demo account"
  },
  "summary_json": "/Users/vahid/Desktop/xauusd-trader/reports/stage151_locked_mtf_rule_state_writer/m5/stage151_locked_mtf_rule_state_writer_summary.json",
  "next": [
    "Use Stage151 for fast post-market-open refresh of a locked Stage150 MTF rule.",
    "Run full Stage150B scans offline only when changing or replacing the locked rule."
  ]
}
{
  "stage": "Stage153_LOCKED_MTF_RULE_STATE_WRITER_TIMESTAMP_NORMALIZED",
  "generated_utc": "2026-07-09T06:26:53Z",
  "status": "STAGE151B_COMPLETE_LOCKED_MTF_RULE_STATE_STALE_GUARD_READY",
  "decision": "STAGE153_LOCKED_RULE_INACTIVE_NO_ORDER",
  "root": "/Users/vahid/Desktop/xauusd-trader",
  "bars_path": "/Users/vahid/Downloads/xauusd_fundamental_event_inbox/amarkets_xauusd_5m.csv",
  "source_summary": "/Users/vahid/Desktop/xauusd-trader/reports/stage150_mtf_separated_validation_discovery/m5/stage150_mtf_separated_validation_discovery_summary.json",
  "tf": "m5",
  "timeframe_minutes": 5,
  "raw_row_count": 319155,
  "bar_count": 319155,
  "bar_min_utc": "2022-01-03T01:00:00+00:00",
  "bar_max_utc": "2026-07-09T09:10:00+00:00",
  "feature_date": "2026-07-09T06:10:00Z",
  "raw_feature_date": "2026-07-09T09:10:00Z",
  "timestamp_shift_hours": -3.0,
  "selected_rule_id": "D150C_M5_trend_8_20_bps_GEQ65__trend_50_100_bps_GEQ35",
  "selected_label": "m5: trend_8_20_bps >= q65 AND trend_50_100_bps >= q35",
  "conditions": [
    {
      "feature": "trend_8_20_bps",
      "op": ">=",
      "threshold": 9.25846423904142,
      "current": 14.181768542396167
    },
    {
      "feature": "trend_50_100_bps",
      "op": ">=",
      "threshold": -14.337320822584214,
      "current": -68.3276385632936
    }
  ],
  "any_signal_active": false,
  "raw_rule_active_before_stale_guard": false,
  "feature_fresh": true,
  "feature_age_sec": 1069,
  "max_feature_age_sec": 7200,
  "repo_kv": "/Users/vahid/Desktop/xauusd-trader/data/demo_execution/xauusd_stage151_m5_locked_rule_state_kv.csv",
  "repo_latest": "/Users/vahid/Desktop/xauusd-trader/data/demo_execution/xauusd_stage151_m5_locked_rule_state_latest.csv",
  "mt5_kv_written": true,
  "mt5_kv": "/Users/vahid/Library/Application Support/net.metaquotes.wine.metatrader5/drive_c/Program Files/MetaTrader 5/MQL5/Files/xauusd_stage151_m5_locked_rule_state_kv.csv",
  "mt5_latest": "/Users/vahid/Library/Application Support/net.metaquotes.wine.metatrader5/drive_c/Program Files/MetaTrader 5/MQL5/Files/xauusd_stage151_m5_locked_rule_state_latest.csv",
  "stage134_instruction": {
    "InpRuleStateKvFile": "xauusd_stage151_m5_locked_rule_state_kv.csv",
    "InpAllowedRules": "D150C_M5_trend_8_20_bps_GEQ65__trend_50_100_bps_GEQ35",
    "keep_InpEnableDemoOrders": "true only on demo account"
  },
  "summary_json": "/Users/vahid/Desktop/xauusd-trader/reports/stage151_locked_mtf_rule_state_writer/m5/stage151_locked_mtf_rule_state_writer_summary.json",
  "next": [
    "Use Stage151 for fast post-market-open refresh of a locked Stage150 MTF rule.",
    "Run full Stage150B scans offline only when changing or replacing the locked rule."
  ]
}
{
  "stage": "Stage153_LOCKED_MTF_RULE_STATE_WRITER_TIMESTAMP_NORMALIZED",
  "generated_utc": "2026-07-09T06:32:51Z",
  "status": "STAGE151B_COMPLETE_LOCKED_MTF_RULE_STATE_STALE_GUARD_READY",
  "decision": "STAGE153_LOCKED_RULE_INACTIVE_NO_ORDER",
  "root": "/Users/vahid/Desktop/xauusd-trader",
  "bars_path": "/Users/vahid/Downloads/xauusd_fundamental_event_inbox/amarkets_xauusd_5m.csv",
  "source_summary": "/Users/vahid/Desktop/xauusd-trader/reports/stage150_mtf_separated_validation_discovery/m5/stage150_mtf_separated_validation_discovery_summary.json",
  "tf": "m5",
  "timeframe_minutes": 5,
  "raw_row_count": 319155,
  "bar_count": 319155,
  "bar_min_utc": "2022-01-03T01:00:00+00:00",
  "bar_max_utc": "2026-07-09T09:10:00+00:00",
  "feature_date": "2026-07-09T06:10:00Z",
  "raw_feature_date": "2026-07-09T09:10:00Z",
  "timestamp_shift_hours": -3.0,
  "selected_rule_id": "D150C_M5_trend_8_20_bps_GEQ65__trend_50_100_bps_GEQ35",
  "selected_label": "m5: trend_8_20_bps >= q65 AND trend_50_100_bps >= q35",
  "conditions": [
    {
      "feature": "trend_8_20_bps",
      "op": ">=",
      "threshold": 9.25846423904142,
      "current": 14.181768542396167
    },
    {
      "feature": "trend_50_100_bps",
      "op": ">=",
      "threshold": -14.337320822584214,
      "current": -68.3276385632936
    }
  ],
  "any_signal_active": false,
  "raw_rule_active_before_stale_guard": false,
  "feature_fresh": true,
  "feature_age_sec": 1409,
  "max_feature_age_sec": 7200,
  "repo_kv": "/Users/vahid/Desktop/xauusd-trader/data/demo_execution/xauusd_stage151_m5_locked_rule_state_kv.csv",
  "repo_latest": "/Users/vahid/Desktop/xauusd-trader/data/demo_execution/xauusd_stage151_m5_locked_rule_state_latest.csv",
  "mt5_kv_written": true,
  "mt5_kv": "/Users/vahid/Library/Application Support/net.metaquotes.wine.metatrader5/drive_c/Program Files/MetaTrader 5/MQL5/Files/xauusd_stage151_m5_locked_rule_state_kv.csv",
  "mt5_latest": "/Users/vahid/Library/Application Support/net.metaquotes.wine.metatrader5/drive_c/Program Files/MetaTrader 5/MQL5/Files/xauusd_stage151_m5_locked_rule_state_latest.csv",
  "stage134_instruction": {
    "InpRuleStateKvFile": "xauusd_stage151_m5_locked_rule_state_kv.csv",
    "InpAllowedRules": "D150C_M5_trend_8_20_bps_GEQ65__trend_50_100_bps_GEQ35",
    "keep_InpEnableDemoOrders": "true only on demo account"
  },
  "summary_json": "/Users/vahid/Desktop/xauusd-trader/reports/stage151_locked_mtf_rule_state_writer/m5/stage151_locked_mtf_rule_state_writer_summary.json",
  "next": [
    "Use Stage151 for fast post-market-open refresh of a locked Stage150 MTF rule.",
    "Run full Stage150B scans offline only when changing or replacing the locked rule."
  ]
}
{
  "stage": "Stage153_LOCKED_MTF_RULE_STATE_WRITER_TIMESTAMP_NORMALIZED",
  "generated_utc": "2026-07-09T06:38:31Z",
  "status": "STAGE151B_COMPLETE_LOCKED_MTF_RULE_STATE_STALE_GUARD_READY",
  "decision": "STAGE153_LOCKED_RULE_INACTIVE_NO_ORDER",
  "root": "/Users/vahid/Desktop/xauusd-trader",
  "bars_path": "/Users/vahid/Downloads/xauusd_fundamental_event_inbox/amarkets_xauusd_5m.csv",
  "source_summary": "/Users/vahid/Desktop/xauusd-trader/reports/stage150_mtf_separated_validation_discovery/m5/stage150_mtf_separated_validation_discovery_summary.json",
  "tf": "m5",
  "timeframe_minutes": 5,
  "raw_row_count": 319155,
  "bar_count": 319155,
  "bar_min_utc": "2022-01-03T01:00:00+00:00",
  "bar_max_utc": "2026-07-09T09:10:00+00:00",
  "feature_date": "2026-07-09T06:10:00Z",
  "raw_feature_date": "2026-07-09T09:10:00Z",
  "timestamp_shift_hours": -3.0,
  "selected_rule_id": "D150C_M5_trend_8_20_bps_GEQ65__trend_50_100_bps_GEQ35",
  "selected_label": "m5: trend_8_20_bps >= q65 AND trend_50_100_bps >= q35",
  "conditions": [
    {
      "feature": "trend_8_20_bps",
      "op": ">=",
      "threshold": 9.25846423904142,
      "current": 14.181768542396167
    },
    {
      "feature": "trend_50_100_bps",
      "op": ">=",
      "threshold": -14.337320822584214,
      "current": -68.3276385632936
    }
  ],
  "any_signal_active": false,
  "raw_rule_active_before_stale_guard": false,
  "feature_fresh": true,
  "feature_age_sec": 1747,
  "max_feature_age_sec": 7200,
  "repo_kv": "/Users/vahid/Desktop/xauusd-trader/data/demo_execution/xauusd_stage151_m5_locked_rule_state_kv.csv",
  "repo_latest": "/Users/vahid/Desktop/xauusd-trader/data/demo_execution/xauusd_stage151_m5_locked_rule_state_latest.csv",
  "mt5_kv_written": true,
  "mt5_kv": "/Users/vahid/Library/Application Support/net.metaquotes.wine.metatrader5/drive_c/Program Files/MetaTrader 5/MQL5/Files/xauusd_stage151_m5_locked_rule_state_kv.csv",
  "mt5_latest": "/Users/vahid/Library/Application Support/net.metaquotes.wine.metatrader5/drive_c/Program Files/MetaTrader 5/MQL5/Files/xauusd_stage151_m5_locked_rule_state_latest.csv",
  "stage134_instruction": {
    "InpRuleStateKvFile": "xauusd_stage151_m5_locked_rule_state_kv.csv",
    "InpAllowedRules": "D150C_M5_trend_8_20_bps_GEQ65__trend_50_100_bps_GEQ35",
    "keep_InpEnableDemoOrders": "true only on demo account"
  },
  "summary_json": "/Users/vahid/Desktop/xauusd-trader/reports/stage151_locked_mtf_rule_state_writer/m5/stage151_locked_mtf_rule_state_writer_summary.json",
  "next": [
    "Use Stage151 for fast post-market-open refresh of a locked Stage150 MTF rule.",
    "Run full Stage150B scans offline only when changing or replacing the locked rule."
  ]
}
{
  "stage": "Stage153_LOCKED_MTF_RULE_STATE_WRITER_TIMESTAMP_NORMALIZED",
  "generated_utc": "2026-07-09T06:44:08Z",
  "status": "STAGE151B_COMPLETE_LOCKED_MTF_RULE_STATE_STALE_GUARD_READY",
  "decision": "STAGE153_LOCKED_RULE_INACTIVE_NO_ORDER",
  "root": "/Users/vahid/Desktop/xauusd-trader",
  "bars_path": "/Users/vahid/Downloads/xauusd_fundamental_event_inbox/amarkets_xauusd_5m.csv",
  "source_summary": "/Users/vahid/Desktop/xauusd-trader/reports/stage150_mtf_separated_validation_discovery/m5/stage150_mtf_separated_validation_discovery_summary.json",
  "tf": "m5",
  "timeframe_minutes": 5,
  "raw_row_count": 319155,
  "bar_count": 319155,
  "bar_min_utc": "2022-01-03T01:00:00+00:00",
  "bar_max_utc": "2026-07-09T09:10:00+00:00",
  "feature_date": "2026-07-09T06:10:00Z",
  "raw_feature_date": "2026-07-09T09:10:00Z",
  "timestamp_shift_hours": -3.0,
  "selected_rule_id": "D150C_M5_trend_8_20_bps_GEQ65__trend_50_100_bps_GEQ35",
  "selected_label": "m5: trend_8_20_bps >= q65 AND trend_50_100_bps >= q35",
  "conditions": [
    {
      "feature": "trend_8_20_bps",
      "op": ">=",
      "threshold": 9.25846423904142,
      "current": 14.181768542396167
    },
    {
      "feature": "trend_50_100_bps",
      "op": ">=",
      "threshold": -14.337320822584214,
      "current": -68.3276385632936
    }
  ],
  "any_signal_active": false,
  "raw_rule_active_before_stale_guard": false,
  "feature_fresh": true,
  "feature_age_sec": 2088,
  "max_feature_age_sec": 7200,
  "repo_kv": "/Users/vahid/Desktop/xauusd-trader/data/demo_execution/xauusd_stage151_m5_locked_rule_state_kv.csv",
  "repo_latest": "/Users/vahid/Desktop/xauusd-trader/data/demo_execution/xauusd_stage151_m5_locked_rule_state_latest.csv",
  "mt5_kv_written": true,
  "mt5_kv": "/Users/vahid/Library/Application Support/net.metaquotes.wine.metatrader5/drive_c/Program Files/MetaTrader 5/MQL5/Files/xauusd_stage151_m5_locked_rule_state_kv.csv",
  "mt5_latest": "/Users/vahid/Library/Application Support/net.metaquotes.wine.metatrader5/drive_c/Program Files/MetaTrader 5/MQL5/Files/xauusd_stage151_m5_locked_rule_state_latest.csv",
  "stage134_instruction": {
    "InpRuleStateKvFile": "xauusd_stage151_m5_locked_rule_state_kv.csv",
    "InpAllowedRules": "D150C_M5_trend_8_20_bps_GEQ65__trend_50_100_bps_GEQ35",
    "keep_InpEnableDemoOrders": "true only on demo account"
  },
  "summary_json": "/Users/vahid/Desktop/xauusd-trader/reports/stage151_locked_mtf_rule_state_writer/m5/stage151_locked_mtf_rule_state_writer_summary.json",
  "next": [
    "Use Stage151 for fast post-market-open refresh of a locked Stage150 MTF rule.",
    "Run full Stage150B scans offline only when changing or replacing the locked rule."
  ]
}
{
  "stage": "Stage153_LOCKED_MTF_RULE_STATE_WRITER_TIMESTAMP_NORMALIZED",
  "generated_utc": "2026-07-09T06:49:50Z",
  "status": "STAGE151B_COMPLETE_LOCKED_MTF_RULE_STATE_STALE_GUARD_READY",
  "decision": "STAGE153_LOCKED_RULE_INACTIVE_NO_ORDER",
  "root": "/Users/vahid/Desktop/xauusd-trader",
  "bars_path": "/Users/vahid/Downloads/xauusd_fundamental_event_inbox/amarkets_xauusd_5m.csv",
  "source_summary": "/Users/vahid/Desktop/xauusd-trader/reports/stage150_mtf_separated_validation_discovery/m5/stage150_mtf_separated_validation_discovery_summary.json",
  "tf": "m5",
  "timeframe_minutes": 5,
  "raw_row_count": 319155,
  "bar_count": 319155,
  "bar_min_utc": "2022-01-03T01:00:00+00:00",
  "bar_max_utc": "2026-07-09T09:10:00+00:00",
  "feature_date": "2026-07-09T06:10:00Z",
  "raw_feature_date": "2026-07-09T09:10:00Z",
  "timestamp_shift_hours": -3.0,
  "selected_rule_id": "D150C_M5_trend_8_20_bps_GEQ65__trend_50_100_bps_GEQ35",
  "selected_label": "m5: trend_8_20_bps >= q65 AND trend_50_100_bps >= q35",
  "conditions": [
    {
      "feature": "trend_8_20_bps",
      "op": ">=",
      "threshold": 9.25846423904142,
      "current": 14.181768542396167
    },
    {
      "feature": "trend_50_100_bps",
      "op": ">=",
      "threshold": -14.337320822584214,
      "current": -68.3276385632936
    }
  ],
  "any_signal_active": false,
  "raw_rule_active_before_stale_guard": false,
  "feature_fresh": true,
  "feature_age_sec": 2449,
  "max_feature_age_sec": 7200,
  "repo_kv": "/Users/vahid/Desktop/xauusd-trader/data/demo_execution/xauusd_stage151_m5_locked_rule_state_kv.csv",
  "repo_latest": "/Users/vahid/Desktop/xauusd-trader/data/demo_execution/xauusd_stage151_m5_locked_rule_state_latest.csv",
  "mt5_kv_written": true,
  "mt5_kv": "/Users/vahid/Library/Application Support/net.metaquotes.wine.metatrader5/drive_c/Program Files/MetaTrader 5/MQL5/Files/xauusd_stage151_m5_locked_rule_state_kv.csv",
  "mt5_latest": "/Users/vahid/Library/Application Support/net.metaquotes.wine.metatrader5/drive_c/Program Files/MetaTrader 5/MQL5/Files/xauusd_stage151_m5_locked_rule_state_latest.csv",
  "stage134_instruction": {
    "InpRuleStateKvFile": "xauusd_stage151_m5_locked_rule_state_kv.csv",
    "InpAllowedRules": "D150C_M5_trend_8_20_bps_GEQ65__trend_50_100_bps_GEQ35",
    "keep_InpEnableDemoOrders": "true only on demo account"
  },
  "summary_json": "/Users/vahid/Desktop/xauusd-trader/reports/stage151_locked_mtf_rule_state_writer/m5/stage151_locked_mtf_rule_state_writer_summary.json",
  "next": [
    "Use Stage151 for fast post-market-open refresh of a locked Stage150 MTF rule.",
    "Run full Stage150B scans offline only when changing or replacing the locked rule."
  ]
}
{
  "stage": "Stage153_LOCKED_MTF_RULE_STATE_WRITER_TIMESTAMP_NORMALIZED",
  "generated_utc": "2026-07-09T06:55:51Z",
  "status": "STAGE151B_COMPLETE_LOCKED_MTF_RULE_STATE_STALE_GUARD_READY",
  "decision": "STAGE153_LOCKED_RULE_INACTIVE_NO_ORDER",
  "root": "/Users/vahid/Desktop/xauusd-trader",
  "bars_path": "/Users/vahid/Downloads/xauusd_fundamental_event_inbox/amarkets_xauusd_5m.csv",
  "source_summary": "/Users/vahid/Desktop/xauusd-trader/reports/stage150_mtf_separated_validation_discovery/m5/stage150_mtf_separated_validation_discovery_summary.json",
  "tf": "m5",
  "timeframe_minutes": 5,
  "raw_row_count": 319155,
  "bar_count": 319155,
  "bar_min_utc": "2022-01-03T01:00:00+00:00",
  "bar_max_utc": "2026-07-09T09:10:00+00:00",
  "feature_date": "2026-07-09T06:10:00Z",
  "raw_feature_date": "2026-07-09T09:10:00Z",
  "timestamp_shift_hours": -3.0,
  "selected_rule_id": "D150C_M5_trend_8_20_bps_GEQ65__trend_50_100_bps_GEQ35",
  "selected_label": "m5: trend_8_20_bps >= q65 AND trend_50_100_bps >= q35",
  "conditions": [
    {
      "feature": "trend_8_20_bps",
      "op": ">=",
      "threshold": 9.25846423904142,
      "current": 14.181768542396167
    },
    {
      "feature": "trend_50_100_bps",
      "op": ">=",
      "threshold": -14.337320822584214,
      "current": -68.3276385632936
    }
  ],
  "any_signal_active": false,
  "raw_rule_active_before_stale_guard": false,
  "feature_fresh": true,
  "feature_age_sec": 2782,
  "max_feature_age_sec": 7200,
  "repo_kv": "/Users/vahid/Desktop/xauusd-trader/data/demo_execution/xauusd_stage151_m5_locked_rule_state_kv.csv",
  "repo_latest": "/Users/vahid/Desktop/xauusd-trader/data/demo_execution/xauusd_stage151_m5_locked_rule_state_latest.csv",
  "mt5_kv_written": true,
  "mt5_kv": "/Users/vahid/Library/Application Support/net.metaquotes.wine.metatrader5/drive_c/Program Files/MetaTrader 5/MQL5/Files/xauusd_stage151_m5_locked_rule_state_kv.csv",
  "mt5_latest": "/Users/vahid/Library/Application Support/net.metaquotes.wine.metatrader5/drive_c/Program Files/MetaTrader 5/MQL5/Files/xauusd_stage151_m5_locked_rule_state_latest.csv",
  "stage134_instruction": {
    "InpRuleStateKvFile": "xauusd_stage151_m5_locked_rule_state_kv.csv",
    "InpAllowedRules": "D150C_M5_trend_8_20_bps_GEQ65__trend_50_100_bps_GEQ35",
    "keep_InpEnableDemoOrders": "true only on demo account"
  },
  "summary_json": "/Users/vahid/Desktop/xauusd-trader/reports/stage151_locked_mtf_rule_state_writer/m5/stage151_locked_mtf_rule_state_writer_summary.json",
  "next": [
    "Use Stage151 for fast post-market-open refresh of a locked Stage150 MTF rule.",
    "Run full Stage150B scans offline only when changing or replacing the locked rule."
  ]
}
{
  "stage": "Stage153_LOCKED_MTF_RULE_STATE_WRITER_TIMESTAMP_NORMALIZED",
  "generated_utc": "2026-07-09T07:01:23Z",
  "status": "STAGE151B_COMPLETE_LOCKED_MTF_RULE_STATE_STALE_GUARD_READY",
  "decision": "STAGE153_LOCKED_RULE_INACTIVE_NO_ORDER",
  "root": "/Users/vahid/Desktop/xauusd-trader",
  "bars_path": "/Users/vahid/Downloads/xauusd_fundamental_event_inbox/amarkets_xauusd_5m.csv",
  "source_summary": "/Users/vahid/Desktop/xauusd-trader/reports/stage150_mtf_separated_validation_discovery/m5/stage150_mtf_separated_validation_discovery_summary.json",
  "tf": "m5",
  "timeframe_minutes": 5,
  "raw_row_count": 319155,
  "bar_count": 319155,
  "bar_min_utc": "2022-01-03T01:00:00+00:00",
  "bar_max_utc": "2026-07-09T09:10:00+00:00",
  "feature_date": "2026-07-09T06:10:00Z",
  "raw_feature_date": "2026-07-09T09:10:00Z",
  "timestamp_shift_hours": -3.0,
  "selected_rule_id": "D150C_M5_trend_8_20_bps_GEQ65__trend_50_100_bps_GEQ35",
  "selected_label": "m5: trend_8_20_bps >= q65 AND trend_50_100_bps >= q35",
  "conditions": [
    {
      "feature": "trend_8_20_bps",
      "op": ">=",
      "threshold": 9.25846423904142,
      "current": 14.181768542396167
    },
    {
      "feature": "trend_50_100_bps",
      "op": ">=",
      "threshold": -14.337320822584214,
      "current": -68.3276385632936
    }
  ],
  "any_signal_active": false,
  "raw_rule_active_before_stale_guard": false,
  "feature_fresh": true,
  "feature_age_sec": 3125,
  "max_feature_age_sec": 7200,
  "repo_kv": "/Users/vahid/Desktop/xauusd-trader/data/demo_execution/xauusd_stage151_m5_locked_rule_state_kv.csv",
  "repo_latest": "/Users/vahid/Desktop/xauusd-trader/data/demo_execution/xauusd_stage151_m5_locked_rule_state_latest.csv",
  "mt5_kv_written": true,
  "mt5_kv": "/Users/vahid/Library/Application Support/net.metaquotes.wine.metatrader5/drive_c/Program Files/MetaTrader 5/MQL5/Files/xauusd_stage151_m5_locked_rule_state_kv.csv",
  "mt5_latest": "/Users/vahid/Library/Application Support/net.metaquotes.wine.metatrader5/drive_c/Program Files/MetaTrader 5/MQL5/Files/xauusd_stage151_m5_locked_rule_state_latest.csv",
  "stage134_instruction": {
    "InpRuleStateKvFile": "xauusd_stage151_m5_locked_rule_state_kv.csv",
    "InpAllowedRules": "D150C_M5_trend_8_20_bps_GEQ65__trend_50_100_bps_GEQ35",
    "keep_InpEnableDemoOrders": "true only on demo account"
  },
  "summary_json": "/Users/vahid/Desktop/xauusd-trader/reports/stage151_locked_mtf_rule_state_writer/m5/stage151_locked_mtf_rule_state_writer_summary.json",
  "next": [
    "Use Stage151 for fast post-market-open refresh of a locked Stage150 MTF rule.",
    "Run full Stage150B scans offline only when changing or replacing the locked rule."
  ]
}
{
  "stage": "Stage153_LOCKED_MTF_RULE_STATE_WRITER_TIMESTAMP_NORMALIZED",
  "generated_utc": "2026-07-09T07:07:07Z",
  "status": "STAGE151B_COMPLETE_LOCKED_MTF_RULE_STATE_STALE_GUARD_READY",
  "decision": "STAGE153_LOCKED_RULE_INACTIVE_NO_ORDER",
  "root": "/Users/vahid/Desktop/xauusd-trader",
  "bars_path": "/Users/vahid/Downloads/xauusd_fundamental_event_inbox/amarkets_xauusd_5m.csv",
  "source_summary": "/Users/vahid/Desktop/xauusd-trader/reports/stage150_mtf_separated_validation_discovery/m5/stage150_mtf_separated_validation_discovery_summary.json",
  "tf": "m5",
  "timeframe_minutes": 5,
  "raw_row_count": 319155,
  "bar_count": 319155,
  "bar_min_utc": "2022-01-03T01:00:00+00:00",
  "bar_max_utc": "2026-07-09T09:10:00+00:00",
  "feature_date": "2026-07-09T06:10:00Z",
  "raw_feature_date": "2026-07-09T09:10:00Z",
  "timestamp_shift_hours": -3.0,
  "selected_rule_id": "D150C_M5_trend_8_20_bps_GEQ65__trend_50_100_bps_GEQ35",
  "selected_label": "m5: trend_8_20_bps >= q65 AND trend_50_100_bps >= q35",
  "conditions": [
    {
      "feature": "trend_8_20_bps",
      "op": ">=",
      "threshold": 9.25846423904142,
      "current": 14.181768542396167
    },
    {
      "feature": "trend_50_100_bps",
      "op": ">=",
      "threshold": -14.337320822584214,
      "current": -68.3276385632936
    }
  ],
  "any_signal_active": false,
  "raw_rule_active_before_stale_guard": false,
  "feature_fresh": true,
  "feature_age_sec": 3464,
  "max_feature_age_sec": 7200,
  "repo_kv": "/Users/vahid/Desktop/xauusd-trader/data/demo_execution/xauusd_stage151_m5_locked_rule_state_kv.csv",
  "repo_latest": "/Users/vahid/Desktop/xauusd-trader/data/demo_execution/xauusd_stage151_m5_locked_rule_state_latest.csv",
  "mt5_kv_written": true,
  "mt5_kv": "/Users/vahid/Library/Application Support/net.metaquotes.wine.metatrader5/drive_c/Program Files/MetaTrader 5/MQL5/Files/xauusd_stage151_m5_locked_rule_state_kv.csv",
  "mt5_latest": "/Users/vahid/Library/Application Support/net.metaquotes.wine.metatrader5/drive_c/Program Files/MetaTrader 5/MQL5/Files/xauusd_stage151_m5_locked_rule_state_latest.csv",
  "stage134_instruction": {
    "InpRuleStateKvFile": "xauusd_stage151_m5_locked_rule_state_kv.csv",
    "InpAllowedRules": "D150C_M5_trend_8_20_bps_GEQ65__trend_50_100_bps_GEQ35",
    "keep_InpEnableDemoOrders": "true only on demo account"
  },
  "summary_json": "/Users/vahid/Desktop/xauusd-trader/reports/stage151_locked_mtf_rule_state_writer/m5/stage151_locked_mtf_rule_state_writer_summary.json",
  "next": [
    "Use Stage151 for fast post-market-open refresh of a locked Stage150 MTF rule.",
    "Run full Stage150B scans offline only when changing or replacing the locked rule."
  ]
}
{
  "stage": "Stage153_LOCKED_MTF_RULE_STATE_WRITER_TIMESTAMP_NORMALIZED",
  "generated_utc": "2026-07-09T07:12:46Z",
  "status": "STAGE151B_COMPLETE_LOCKED_MTF_RULE_STATE_STALE_GUARD_READY",
  "decision": "STAGE153_LOCKED_RULE_INACTIVE_NO_ORDER",
  "root": "/Users/vahid/Desktop/xauusd-trader",
  "bars_path": "/Users/vahid/Downloads/xauusd_fundamental_event_inbox/amarkets_xauusd_5m.csv",
  "source_summary": "/Users/vahid/Desktop/xauusd-trader/reports/stage150_mtf_separated_validation_discovery/m5/stage150_mtf_separated_validation_discovery_summary.json",
  "tf": "m5",
  "timeframe_minutes": 5,
  "raw_row_count": 319155,
  "bar_count": 319155,
  "bar_min_utc": "2022-01-03T01:00:00+00:00",
  "bar_max_utc": "2026-07-09T09:10:00+00:00",
  "feature_date": "2026-07-09T06:10:00Z",
  "raw_feature_date": "2026-07-09T09:10:00Z",
  "timestamp_shift_hours": -3.0,
  "selected_rule_id": "D150C_M5_trend_8_20_bps_GEQ65__trend_50_100_bps_GEQ35",
  "selected_label": "m5: trend_8_20_bps >= q65 AND trend_50_100_bps >= q35",
  "conditions": [
    {
      "feature": "trend_8_20_bps",
      "op": ">=",
      "threshold": 9.25846423904142,
      "current": 14.181768542396167
    },
    {
      "feature": "trend_50_100_bps",
      "op": ">=",
      "threshold": -14.337320822584214,
      "current": -68.3276385632936
    }
  ],
  "any_signal_active": false,
  "raw_rule_active_before_stale_guard": false,
  "feature_fresh": true,
  "feature_age_sec": 3863,
  "max_feature_age_sec": 7200,
  "repo_kv": "/Users/vahid/Desktop/xauusd-trader/data/demo_execution/xauusd_stage151_m5_locked_rule_state_kv.csv",
  "repo_latest": "/Users/vahid/Desktop/xauusd-trader/data/demo_execution/xauusd_stage151_m5_locked_rule_state_latest.csv",
  "mt5_kv_written": true,
  "mt5_kv": "/Users/vahid/Library/Application Support/net.metaquotes.wine.metatrader5/drive_c/Program Files/MetaTrader 5/MQL5/Files/xauusd_stage151_m5_locked_rule_state_kv.csv",
  "mt5_latest": "/Users/vahid/Library/Application Support/net.metaquotes.wine.metatrader5/drive_c/Program Files/MetaTrader 5/MQL5/Files/xauusd_stage151_m5_locked_rule_state_latest.csv",
  "stage134_instruction": {
    "InpRuleStateKvFile": "xauusd_stage151_m5_locked_rule_state_kv.csv",
    "InpAllowedRules": "D150C_M5_trend_8_20_bps_GEQ65__trend_50_100_bps_GEQ35",
    "keep_InpEnableDemoOrders": "true only on demo account"
  },
  "summary_json": "/Users/vahid/Desktop/xauusd-trader/reports/stage151_locked_mtf_rule_state_writer/m5/stage151_locked_mtf_rule_state_writer_summary.json",
  "next": [
    "Use Stage151 for fast post-market-open refresh of a locked Stage150 MTF rule.",
    "Run full Stage150B scans offline only when changing or replacing the locked rule."
  ]
}
{
  "stage": "Stage153_LOCKED_MTF_RULE_STATE_WRITER_TIMESTAMP_NORMALIZED",
  "generated_utc": "2026-07-09T07:19:24Z",
  "status": "STAGE151B_COMPLETE_LOCKED_MTF_RULE_STATE_STALE_GUARD_READY",
  "decision": "STAGE153_LOCKED_RULE_INACTIVE_NO_ORDER",
  "root": "/Users/vahid/Desktop/xauusd-trader",
  "bars_path": "/Users/vahid/Downloads/xauusd_fundamental_event_inbox/amarkets_xauusd_5m.csv",
  "source_summary": "/Users/vahid/Desktop/xauusd-trader/reports/stage150_mtf_separated_validation_discovery/m5/stage150_mtf_separated_validation_discovery_summary.json",
  "tf": "m5",
  "timeframe_minutes": 5,
  "raw_row_count": 319155,
  "bar_count": 319155,
  "bar_min_utc": "2022-01-03T01:00:00+00:00",
  "bar_max_utc": "2026-07-09T09:10:00+00:00",
  "feature_date": "2026-07-09T06:10:00Z",
  "raw_feature_date": "2026-07-09T09:10:00Z",
  "timestamp_shift_hours": -3.0,
  "selected_rule_id": "D150C_M5_trend_8_20_bps_GEQ65__trend_50_100_bps_GEQ35",
  "selected_label": "m5: trend_8_20_bps >= q65 AND trend_50_100_bps >= q35",
  "conditions": [
    {
      "feature": "trend_8_20_bps",
      "op": ">=",
      "threshold": 9.25846423904142,
      "current": 14.181768542396167
    },
    {
      "feature": "trend_50_100_bps",
      "op": ">=",
      "threshold": -14.337320822584214,
      "current": -68.3276385632936
    }
  ],
  "any_signal_active": false,
  "raw_rule_active_before_stale_guard": false,
  "feature_fresh": true,
  "feature_age_sec": 4197,
  "max_feature_age_sec": 7200,
  "repo_kv": "/Users/vahid/Desktop/xauusd-trader/data/demo_execution/xauusd_stage151_m5_locked_rule_state_kv.csv",
  "repo_latest": "/Users/vahid/Desktop/xauusd-trader/data/demo_execution/xauusd_stage151_m5_locked_rule_state_latest.csv",
  "mt5_kv_written": true,
  "mt5_kv": "/Users/vahid/Library/Application Support/net.metaquotes.wine.metatrader5/drive_c/Program Files/MetaTrader 5/MQL5/Files/xauusd_stage151_m5_locked_rule_state_kv.csv",
  "mt5_latest": "/Users/vahid/Library/Application Support/net.metaquotes.wine.metatrader5/drive_c/Program Files/MetaTrader 5/MQL5/Files/xauusd_stage151_m5_locked_rule_state_latest.csv",
  "stage134_instruction": {
    "InpRuleStateKvFile": "xauusd_stage151_m5_locked_rule_state_kv.csv",
    "InpAllowedRules": "D150C_M5_trend_8_20_bps_GEQ65__trend_50_100_bps_GEQ35",
    "keep_InpEnableDemoOrders": "true only on demo account"
  },
  "summary_json": "/Users/vahid/Desktop/xauusd-trader/reports/stage151_locked_mtf_rule_state_writer/m5/stage151_locked_mtf_rule_state_writer_summary.json",
  "next": [
    "Use Stage151 for fast post-market-open refresh of a locked Stage150 MTF rule.",
    "Run full Stage150B scans offline only when changing or replacing the locked rule."
  ]
}
{
  "stage": "Stage153_LOCKED_MTF_RULE_STATE_WRITER_TIMESTAMP_NORMALIZED",
  "generated_utc": "2026-07-09T07:24:58Z",
  "status": "STAGE151B_COMPLETE_LOCKED_MTF_RULE_STATE_STALE_GUARD_READY",
  "decision": "STAGE153_LOCKED_RULE_INACTIVE_NO_ORDER",
  "root": "/Users/vahid/Desktop/xauusd-trader",
  "bars_path": "/Users/vahid/Downloads/xauusd_fundamental_event_inbox/amarkets_xauusd_5m.csv",
  "source_summary": "/Users/vahid/Desktop/xauusd-trader/reports/stage150_mtf_separated_validation_discovery/m5/stage150_mtf_separated_validation_discovery_summary.json",
  "tf": "m5",
  "timeframe_minutes": 5,
  "raw_row_count": 319155,
  "bar_count": 319155,
  "bar_min_utc": "2022-01-03T01:00:00+00:00",
  "bar_max_utc": "2026-07-09T09:10:00+00:00",
  "feature_date": "2026-07-09T06:10:00Z",
  "raw_feature_date": "2026-07-09T09:10:00Z",
  "timestamp_shift_hours": -3.0,
  "selected_rule_id": "D150C_M5_trend_8_20_bps_GEQ65__trend_50_100_bps_GEQ35",
  "selected_label": "m5: trend_8_20_bps >= q65 AND trend_50_100_bps >= q35",
  "conditions": [
    {
      "feature": "trend_8_20_bps",
      "op": ">=",
      "threshold": 9.25846423904142,
      "current": 14.181768542396167
    },
    {
      "feature": "trend_50_100_bps",
      "op": ">=",
      "threshold": -14.337320822584214,
      "current": -68.3276385632936
    }
  ],
  "any_signal_active": false,
  "raw_rule_active_before_stale_guard": false,
  "feature_fresh": true,
  "feature_age_sec": 4533,
  "max_feature_age_sec": 7200,
  "repo_kv": "/Users/vahid/Desktop/xauusd-trader/data/demo_execution/xauusd_stage151_m5_locked_rule_state_kv.csv",
  "repo_latest": "/Users/vahid/Desktop/xauusd-trader/data/demo_execution/xauusd_stage151_m5_locked_rule_state_latest.csv",
  "mt5_kv_written": true,
  "mt5_kv": "/Users/vahid/Library/Application Support/net.metaquotes.wine.metatrader5/drive_c/Program Files/MetaTrader 5/MQL5/Files/xauusd_stage151_m5_locked_rule_state_kv.csv",
  "mt5_latest": "/Users/vahid/Library/Application Support/net.metaquotes.wine.metatrader5/drive_c/Program Files/MetaTrader 5/MQL5/Files/xauusd_stage151_m5_locked_rule_state_latest.csv",
  "stage134_instruction": {
    "InpRuleStateKvFile": "xauusd_stage151_m5_locked_rule_state_kv.csv",
    "InpAllowedRules": "D150C_M5_trend_8_20_bps_GEQ65__trend_50_100_bps_GEQ35",
    "keep_InpEnableDemoOrders": "true only on demo account"
  },
  "summary_json": "/Users/vahid/Desktop/xauusd-trader/reports/stage151_locked_mtf_rule_state_writer/m5/stage151_locked_mtf_rule_state_writer_summary.json",
  "next": [
    "Use Stage151 for fast post-market-open refresh of a locked Stage150 MTF rule.",
    "Run full Stage150B scans offline only when changing or replacing the locked rule."
  ]
}
{
  "stage": "Stage153_LOCKED_MTF_RULE_STATE_WRITER_TIMESTAMP_NORMALIZED",
  "generated_utc": "2026-07-09T07:30:35Z",
  "status": "STAGE151B_COMPLETE_LOCKED_MTF_RULE_STATE_STALE_GUARD_READY",
  "decision": "STAGE153_LOCKED_RULE_INACTIVE_NO_ORDER",
  "root": "/Users/vahid/Desktop/xauusd-trader",
  "bars_path": "/Users/vahid/Downloads/xauusd_fundamental_event_inbox/amarkets_xauusd_5m.csv",
  "source_summary": "/Users/vahid/Desktop/xauusd-trader/reports/stage150_mtf_separated_validation_discovery/m5/stage150_mtf_separated_validation_discovery_summary.json",
  "tf": "m5",
  "timeframe_minutes": 5,
  "raw_row_count": 319155,
  "bar_count": 319155,
  "bar_min_utc": "2022-01-03T01:00:00+00:00",
  "bar_max_utc": "2026-07-09T09:10:00+00:00",
  "feature_date": "2026-07-09T06:10:00Z",
  "raw_feature_date": "2026-07-09T09:10:00Z",
  "timestamp_shift_hours": -3.0,
  "selected_rule_id": "D150C_M5_trend_8_20_bps_GEQ65__trend_50_100_bps_GEQ35",
  "selected_label": "m5: trend_8_20_bps >= q65 AND trend_50_100_bps >= q35",
  "conditions": [
    {
      "feature": "trend_8_20_bps",
      "op": ">=",
      "threshold": 9.25846423904142,
      "current": 14.181768542396167
    },
    {
      "feature": "trend_50_100_bps",
      "op": ">=",
      "threshold": -14.337320822584214,
      "current": -68.3276385632936
    }
  ],
  "any_signal_active": false,
  "raw_rule_active_before_stale_guard": false,
  "feature_fresh": true,
  "feature_age_sec": 4887,
  "max_feature_age_sec": 7200,
  "repo_kv": "/Users/vahid/Desktop/xauusd-trader/data/demo_execution/xauusd_stage151_m5_locked_rule_state_kv.csv",
  "repo_latest": "/Users/vahid/Desktop/xauusd-trader/data/demo_execution/xauusd_stage151_m5_locked_rule_state_latest.csv",
  "mt5_kv_written": true,
  "mt5_kv": "/Users/vahid/Library/Application Support/net.metaquotes.wine.metatrader5/drive_c/Program Files/MetaTrader 5/MQL5/Files/xauusd_stage151_m5_locked_rule_state_kv.csv",
  "mt5_latest": "/Users/vahid/Library/Application Support/net.metaquotes.wine.metatrader5/drive_c/Program Files/MetaTrader 5/MQL5/Files/xauusd_stage151_m5_locked_rule_state_latest.csv",
  "stage134_instruction": {
    "InpRuleStateKvFile": "xauusd_stage151_m5_locked_rule_state_kv.csv",
    "InpAllowedRules": "D150C_M5_trend_8_20_bps_GEQ65__trend_50_100_bps_GEQ35",
    "keep_InpEnableDemoOrders": "true only on demo account"
  },
  "summary_json": "/Users/vahid/Desktop/xauusd-trader/reports/stage151_locked_mtf_rule_state_writer/m5/stage151_locked_mtf_rule_state_writer_summary.json",
  "next": [
    "Use Stage151 for fast post-market-open refresh of a locked Stage150 MTF rule.",
    "Run full Stage150B scans offline only when changing or replacing the locked rule."
  ]
}
{
  "stage": "Stage153_LOCKED_MTF_RULE_STATE_WRITER_TIMESTAMP_NORMALIZED",
  "generated_utc": "2026-07-09T07:36:29Z",
  "status": "STAGE151B_COMPLETE_LOCKED_MTF_RULE_STATE_STALE_GUARD_READY",
  "decision": "STAGE153_LOCKED_RULE_INACTIVE_NO_ORDER",
  "root": "/Users/vahid/Desktop/xauusd-trader",
  "bars_path": "/Users/vahid/Downloads/xauusd_fundamental_event_inbox/amarkets_xauusd_5m.csv",
  "source_summary": "/Users/vahid/Desktop/xauusd-trader/reports/stage150_mtf_separated_validation_discovery/m5/stage150_mtf_separated_validation_discovery_summary.json",
  "tf": "m5",
  "timeframe_minutes": 5,
  "raw_row_count": 319155,
  "bar_count": 319155,
  "bar_min_utc": "2022-01-03T01:00:00+00:00",
  "bar_max_utc": "2026-07-09T09:10:00+00:00",
  "feature_date": "2026-07-09T06:10:00Z",
  "raw_feature_date": "2026-07-09T09:10:00Z",
  "timestamp_shift_hours": -3.0,
  "selected_rule_id": "D150C_M5_trend_8_20_bps_GEQ65__trend_50_100_bps_GEQ35",
  "selected_label": "m5: trend_8_20_bps >= q65 AND trend_50_100_bps >= q35",
  "conditions": [
    {
      "feature": "trend_8_20_bps",
      "op": ">=",
      "threshold": 9.25846423904142,
      "current": 14.181768542396167
    },
    {
      "feature": "trend_50_100_bps",
      "op": ">=",
      "threshold": -14.337320822584214,
      "current": -68.3276385632936
    }
  ],
  "any_signal_active": false,
  "raw_rule_active_before_stale_guard": false,
  "feature_fresh": true,
  "feature_age_sec": 5237,
  "max_feature_age_sec": 7200,
  "repo_kv": "/Users/vahid/Desktop/xauusd-trader/data/demo_execution/xauusd_stage151_m5_locked_rule_state_kv.csv",
  "repo_latest": "/Users/vahid/Desktop/xauusd-trader/data/demo_execution/xauusd_stage151_m5_locked_rule_state_latest.csv",
  "mt5_kv_written": true,
  "mt5_kv": "/Users/vahid/Library/Application Support/net.metaquotes.wine.metatrader5/drive_c/Program Files/MetaTrader 5/MQL5/Files/xauusd_stage151_m5_locked_rule_state_kv.csv",
  "mt5_latest": "/Users/vahid/Library/Application Support/net.metaquotes.wine.metatrader5/drive_c/Program Files/MetaTrader 5/MQL5/Files/xauusd_stage151_m5_locked_rule_state_latest.csv",
  "stage134_instruction": {
    "InpRuleStateKvFile": "xauusd_stage151_m5_locked_rule_state_kv.csv",
    "InpAllowedRules": "D150C_M5_trend_8_20_bps_GEQ65__trend_50_100_bps_GEQ35",
    "keep_InpEnableDemoOrders": "true only on demo account"
  },
  "summary_json": "/Users/vahid/Desktop/xauusd-trader/reports/stage151_locked_mtf_rule_state_writer/m5/stage151_locked_mtf_rule_state_writer_summary.json",
  "next": [
    "Use Stage151 for fast post-market-open refresh of a locked Stage150 MTF rule.",
    "Run full Stage150B scans offline only when changing or replacing the locked rule."
  ]
}
{
  "stage": "Stage153_LOCKED_MTF_RULE_STATE_WRITER_TIMESTAMP_NORMALIZED",
  "generated_utc": "2026-07-09T07:42:19Z",
  "status": "STAGE151B_COMPLETE_LOCKED_MTF_RULE_STATE_STALE_GUARD_READY",
  "decision": "STAGE153_LOCKED_RULE_INACTIVE_NO_ORDER",
  "root": "/Users/vahid/Desktop/xauusd-trader",
  "bars_path": "/Users/vahid/Downloads/xauusd_fundamental_event_inbox/amarkets_xauusd_5m.csv",
  "source_summary": "/Users/vahid/Desktop/xauusd-trader/reports/stage150_mtf_separated_validation_discovery/m5/stage150_mtf_separated_validation_discovery_summary.json",
  "tf": "m5",
  "timeframe_minutes": 5,
  "raw_row_count": 319155,
  "bar_count": 319155,
  "bar_min_utc": "2022-01-03T01:00:00+00:00",
  "bar_max_utc": "2026-07-09T09:10:00+00:00",
  "feature_date": "2026-07-09T06:10:00Z",
  "raw_feature_date": "2026-07-09T09:10:00Z",
  "timestamp_shift_hours": -3.0,
  "selected_rule_id": "D150C_M5_trend_8_20_bps_GEQ65__trend_50_100_bps_GEQ35",
  "selected_label": "m5: trend_8_20_bps >= q65 AND trend_50_100_bps >= q35",
  "conditions": [
    {
      "feature": "trend_8_20_bps",
      "op": ">=",
      "threshold": 9.25846423904142,
      "current": 14.181768542396167
    },
    {
      "feature": "trend_50_100_bps",
      "op": ">=",
      "threshold": -14.337320822584214,
      "current": -68.3276385632936
    }
  ],
  "any_signal_active": false,
  "raw_rule_active_before_stale_guard": false,
  "feature_fresh": true,
  "feature_age_sec": 5583,
  "max_feature_age_sec": 7200,
  "repo_kv": "/Users/vahid/Desktop/xauusd-trader/data/demo_execution/xauusd_stage151_m5_locked_rule_state_kv.csv",
  "repo_latest": "/Users/vahid/Desktop/xauusd-trader/data/demo_execution/xauusd_stage151_m5_locked_rule_state_latest.csv",
  "mt5_kv_written": true,
  "mt5_kv": "/Users/vahid/Library/Application Support/net.metaquotes.wine.metatrader5/drive_c/Program Files/MetaTrader 5/MQL5/Files/xauusd_stage151_m5_locked_rule_state_kv.csv",
  "mt5_latest": "/Users/vahid/Library/Application Support/net.metaquotes.wine.metatrader5/drive_c/Program Files/MetaTrader 5/MQL5/Files/xauusd_stage151_m5_locked_rule_state_latest.csv",
  "stage134_instruction": {
    "InpRuleStateKvFile": "xauusd_stage151_m5_locked_rule_state_kv.csv",
    "InpAllowedRules": "D150C_M5_trend_8_20_bps_GEQ65__trend_50_100_bps_GEQ35",
    "keep_InpEnableDemoOrders": "true only on demo account"
  },
  "summary_json": "/Users/vahid/Desktop/xauusd-trader/reports/stage151_locked_mtf_rule_state_writer/m5/stage151_locked_mtf_rule_state_writer_summary.json",
  "next": [
    "Use Stage151 for fast post-market-open refresh of a locked Stage150 MTF rule.",
    "Run full Stage150B scans offline only when changing or replacing the locked rule."
  ]
}
{
  "stage": "Stage153_LOCKED_MTF_RULE_STATE_WRITER_TIMESTAMP_NORMALIZED",
  "generated_utc": "2026-07-09T07:48:05Z",
  "status": "STAGE151B_COMPLETE_LOCKED_MTF_RULE_STATE_STALE_GUARD_READY",
  "decision": "STAGE153_LOCKED_RULE_INACTIVE_NO_ORDER",
  "root": "/Users/vahid/Desktop/xauusd-trader",
  "bars_path": "/Users/vahid/Downloads/xauusd_fundamental_event_inbox/amarkets_xauusd_5m.csv",
  "source_summary": "/Users/vahid/Desktop/xauusd-trader/reports/stage150_mtf_separated_validation_discovery/m5/stage150_mtf_separated_validation_discovery_summary.json",
  "tf": "m5",
  "timeframe_minutes": 5,
  "raw_row_count": 319155,
  "bar_count": 319155,
  "bar_min_utc": "2022-01-03T01:00:00+00:00",
  "bar_max_utc": "2026-07-09T09:10:00+00:00",
  "feature_date": "2026-07-09T06:10:00Z",
  "raw_feature_date": "2026-07-09T09:10:00Z",
  "timestamp_shift_hours": -3.0,
  "selected_rule_id": "D150C_M5_trend_8_20_bps_GEQ65__trend_50_100_bps_GEQ35",
  "selected_label": "m5: trend_8_20_bps >= q65 AND trend_50_100_bps >= q35",
  "conditions": [
    {
      "feature": "trend_8_20_bps",
      "op": ">=",
      "threshold": 9.25846423904142,
      "current": 14.181768542396167
    },
    {
      "feature": "trend_50_100_bps",
      "op": ">=",
      "threshold": -14.337320822584214,
      "current": -68.3276385632936
    }
  ],
  "any_signal_active": false,
  "raw_rule_active_before_stale_guard": false,
  "feature_fresh": true,
  "feature_age_sec": 5931,
  "max_feature_age_sec": 7200,
  "repo_kv": "/Users/vahid/Desktop/xauusd-trader/data/demo_execution/xauusd_stage151_m5_locked_rule_state_kv.csv",
  "repo_latest": "/Users/vahid/Desktop/xauusd-trader/data/demo_execution/xauusd_stage151_m5_locked_rule_state_latest.csv",
  "mt5_kv_written": true,
  "mt5_kv": "/Users/vahid/Library/Application Support/net.metaquotes.wine.metatrader5/drive_c/Program Files/MetaTrader 5/MQL5/Files/xauusd_stage151_m5_locked_rule_state_kv.csv",
  "mt5_latest": "/Users/vahid/Library/Application Support/net.metaquotes.wine.metatrader5/drive_c/Program Files/MetaTrader 5/MQL5/Files/xauusd_stage151_m5_locked_rule_state_latest.csv",
  "stage134_instruction": {
    "InpRuleStateKvFile": "xauusd_stage151_m5_locked_rule_state_kv.csv",
    "InpAllowedRules": "D150C_M5_trend_8_20_bps_GEQ65__trend_50_100_bps_GEQ35",
    "keep_InpEnableDemoOrders": "true only on demo account"
  },
  "summary_json": "/Users/vahid/Desktop/xauusd-trader/reports/stage151_locked_mtf_rule_state_writer/m5/stage151_locked_mtf_rule_state_writer_summary.json",
  "next": [
    "Use Stage151 for fast post-market-open refresh of a locked Stage150 MTF rule.",
    "Run full Stage150B scans offline only when changing or replacing the locked rule."
  ]
}
{
  "stage": "Stage153_LOCKED_MTF_RULE_STATE_WRITER_TIMESTAMP_NORMALIZED",
  "generated_utc": "2026-07-09T07:53:53Z",
  "status": "STAGE151B_COMPLETE_LOCKED_MTF_RULE_STATE_STALE_GUARD_READY",
  "decision": "STAGE153_LOCKED_RULE_INACTIVE_NO_ORDER",
  "root": "/Users/vahid/Desktop/xauusd-trader",
  "bars_path": "/Users/vahid/Downloads/xauusd_fundamental_event_inbox/amarkets_xauusd_5m.csv",
  "source_summary": "/Users/vahid/Desktop/xauusd-trader/reports/stage150_mtf_separated_validation_discovery/m5/stage150_mtf_separated_validation_discovery_summary.json",
  "tf": "m5",
  "timeframe_minutes": 5,
  "raw_row_count": 319155,
  "bar_count": 319155,
  "bar_min_utc": "2022-01-03T01:00:00+00:00",
  "bar_max_utc": "2026-07-09T09:10:00+00:00",
  "feature_date": "2026-07-09T06:10:00Z",
  "raw_feature_date": "2026-07-09T09:10:00Z",
  "timestamp_shift_hours": -3.0,
  "selected_rule_id": "D150C_M5_trend_8_20_bps_GEQ65__trend_50_100_bps_GEQ35",
  "selected_label": "m5: trend_8_20_bps >= q65 AND trend_50_100_bps >= q35",
  "conditions": [
    {
      "feature": "trend_8_20_bps",
      "op": ">=",
      "threshold": 9.25846423904142,
      "current": 14.181768542396167
    },
    {
      "feature": "trend_50_100_bps",
      "op": ">=",
      "threshold": -14.337320822584214,
      "current": -68.3276385632936
    }
  ],
  "any_signal_active": false,
  "raw_rule_active_before_stale_guard": false,
  "feature_fresh": true,
  "feature_age_sec": 6279,
  "max_feature_age_sec": 7200,
  "repo_kv": "/Users/vahid/Desktop/xauusd-trader/data/demo_execution/xauusd_stage151_m5_locked_rule_state_kv.csv",
  "repo_latest": "/Users/vahid/Desktop/xauusd-trader/data/demo_execution/xauusd_stage151_m5_locked_rule_state_latest.csv",
  "mt5_kv_written": true,
  "mt5_kv": "/Users/vahid/Library/Application Support/net.metaquotes.wine.metatrader5/drive_c/Program Files/MetaTrader 5/MQL5/Files/xauusd_stage151_m5_locked_rule_state_kv.csv",
  "mt5_latest": "/Users/vahid/Library/Application Support/net.metaquotes.wine.metatrader5/drive_c/Program Files/MetaTrader 5/MQL5/Files/xauusd_stage151_m5_locked_rule_state_latest.csv",
  "stage134_instruction": {
    "InpRuleStateKvFile": "xauusd_stage151_m5_locked_rule_state_kv.csv",
    "InpAllowedRules": "D150C_M5_trend_8_20_bps_GEQ65__trend_50_100_bps_GEQ35",
    "keep_InpEnableDemoOrders": "true only on demo account"
  },
  "summary_json": "/Users/vahid/Desktop/xauusd-trader/reports/stage151_locked_mtf_rule_state_writer/m5/stage151_locked_mtf_rule_state_writer_summary.json",
  "next": [
    "Use Stage151 for fast post-market-open refresh of a locked Stage150 MTF rule.",
    "Run full Stage150B scans offline only when changing or replacing the locked rule."
  ]
}
{
  "stage": "Stage153_LOCKED_MTF_RULE_STATE_WRITER_TIMESTAMP_NORMALIZED",
  "generated_utc": "2026-07-09T07:59:40Z",
  "status": "STAGE151B_COMPLETE_LOCKED_MTF_RULE_STATE_STALE_GUARD_READY",
  "decision": "STAGE153_LOCKED_RULE_INACTIVE_NO_ORDER",
  "root": "/Users/vahid/Desktop/xauusd-trader",
  "bars_path": "/Users/vahid/Downloads/xauusd_fundamental_event_inbox/amarkets_xauusd_5m.csv",
  "source_summary": "/Users/vahid/Desktop/xauusd-trader/reports/stage150_mtf_separated_validation_discovery/m5/stage150_mtf_separated_validation_discovery_summary.json",
  "tf": "m5",
  "timeframe_minutes": 5,
  "raw_row_count": 319155,
  "bar_count": 319155,
  "bar_min_utc": "2022-01-03T01:00:00+00:00",
  "bar_max_utc": "2026-07-09T09:10:00+00:00",
  "feature_date": "2026-07-09T06:10:00Z",
  "raw_feature_date": "2026-07-09T09:10:00Z",
  "timestamp_shift_hours": -3.0,
  "selected_rule_id": "D150C_M5_trend_8_20_bps_GEQ65__trend_50_100_bps_GEQ35",
  "selected_label": "m5: trend_8_20_bps >= q65 AND trend_50_100_bps >= q35",
  "conditions": [
    {
      "feature": "trend_8_20_bps",
      "op": ">=",
      "threshold": 9.25846423904142,
      "current": 14.181768542396167
    },
    {
      "feature": "trend_50_100_bps",
      "op": ">=",
      "threshold": -14.337320822584214,
      "current": -68.3276385632936
    }
  ],
  "any_signal_active": false,
  "raw_rule_active_before_stale_guard": false,
  "feature_fresh": true,
  "feature_age_sec": 6636,
  "max_feature_age_sec": 7200,
  "repo_kv": "/Users/vahid/Desktop/xauusd-trader/data/demo_execution/xauusd_stage151_m5_locked_rule_state_kv.csv",
  "repo_latest": "/Users/vahid/Desktop/xauusd-trader/data/demo_execution/xauusd_stage151_m5_locked_rule_state_latest.csv",
  "mt5_kv_written": true,
  "mt5_kv": "/Users/vahid/Library/Application Support/net.metaquotes.wine.metatrader5/drive_c/Program Files/MetaTrader 5/MQL5/Files/xauusd_stage151_m5_locked_rule_state_kv.csv",
  "mt5_latest": "/Users/vahid/Library/Application Support/net.metaquotes.wine.metatrader5/drive_c/Program Files/MetaTrader 5/MQL5/Files/xauusd_stage151_m5_locked_rule_state_latest.csv",
  "stage134_instruction": {
    "InpRuleStateKvFile": "xauusd_stage151_m5_locked_rule_state_kv.csv",
    "InpAllowedRules": "D150C_M5_trend_8_20_bps_GEQ65__trend_50_100_bps_GEQ35",
    "keep_InpEnableDemoOrders": "true only on demo account"
  },
  "summary_json": "/Users/vahid/Desktop/xauusd-trader/reports/stage151_locked_mtf_rule_state_writer/m5/stage151_locked_mtf_rule_state_writer_summary.json",
  "next": [
    "Use Stage151 for fast post-market-open refresh of a locked Stage150 MTF rule.",
    "Run full Stage150B scans offline only when changing or replacing the locked rule."
  ]
}
{
  "stage": "Stage153_LOCKED_MTF_RULE_STATE_WRITER_TIMESTAMP_NORMALIZED",
  "generated_utc": "2026-07-09T08:05:39Z",
  "status": "STAGE151B_COMPLETE_LOCKED_MTF_RULE_STATE_STALE_GUARD_READY",
  "decision": "STAGE153_LOCKED_RULE_INACTIVE_NO_ORDER",
  "root": "/Users/vahid/Desktop/xauusd-trader",
  "bars_path": "/Users/vahid/Downloads/xauusd_fundamental_event_inbox/amarkets_xauusd_5m.csv",
  "source_summary": "/Users/vahid/Desktop/xauusd-trader/reports/stage150_mtf_separated_validation_discovery/m5/stage150_mtf_separated_validation_discovery_summary.json",
  "tf": "m5",
  "timeframe_minutes": 5,
  "raw_row_count": 319155,
  "bar_count": 319155,
  "bar_min_utc": "2022-01-03T01:00:00+00:00",
  "bar_max_utc": "2026-07-09T09:10:00+00:00",
  "feature_date": "2026-07-09T06:10:00Z",
  "raw_feature_date": "2026-07-09T09:10:00Z",
  "timestamp_shift_hours": -3.0,
  "selected_rule_id": "D150C_M5_trend_8_20_bps_GEQ65__trend_50_100_bps_GEQ35",
  "selected_label": "m5: trend_8_20_bps >= q65 AND trend_50_100_bps >= q35",
  "conditions": [
    {
      "feature": "trend_8_20_bps",
      "op": ">=",
      "threshold": 9.25846423904142,
      "current": 14.181768542396167
    },
    {
      "feature": "trend_50_100_bps",
      "op": ">=",
      "threshold": -14.337320822584214,
      "current": -68.3276385632936
    }
  ],
  "any_signal_active": false,
  "raw_rule_active_before_stale_guard": false,
  "feature_fresh": true,
  "feature_age_sec": 6971,
  "max_feature_age_sec": 7200,
  "repo_kv": "/Users/vahid/Desktop/xauusd-trader/data/demo_execution/xauusd_stage151_m5_locked_rule_state_kv.csv",
  "repo_latest": "/Users/vahid/Desktop/xauusd-trader/data/demo_execution/xauusd_stage151_m5_locked_rule_state_latest.csv",
  "mt5_kv_written": true,
  "mt5_kv": "/Users/vahid/Library/Application Support/net.metaquotes.wine.metatrader5/drive_c/Program Files/MetaTrader 5/MQL5/Files/xauusd_stage151_m5_locked_rule_state_kv.csv",
  "mt5_latest": "/Users/vahid/Library/Application Support/net.metaquotes.wine.metatrader5/drive_c/Program Files/MetaTrader 5/MQL5/Files/xauusd_stage151_m5_locked_rule_state_latest.csv",
  "stage134_instruction": {
    "InpRuleStateKvFile": "xauusd_stage151_m5_locked_rule_state_kv.csv",
    "InpAllowedRules": "D150C_M5_trend_8_20_bps_GEQ65__trend_50_100_bps_GEQ35",
    "keep_InpEnableDemoOrders": "true only on demo account"
  },
  "summary_json": "/Users/vahid/Desktop/xauusd-trader/reports/stage151_locked_mtf_rule_state_writer/m5/stage151_locked_mtf_rule_state_writer_summary.json",
  "next": [
    "Use Stage151 for fast post-market-open refresh of a locked Stage150 MTF rule.",
    "Run full Stage150B scans offline only when changing or replacing the locked rule."
  ]
}
{
  "stage": "Stage153_LOCKED_MTF_RULE_STATE_WRITER_TIMESTAMP_NORMALIZED",
  "generated_utc": "2026-07-09T08:11:13Z",
  "status": "STAGE151B_COMPLETE_LOCKED_MTF_RULE_STATE_STALE_GUARD_READY",
  "decision": "STAGE153_LOCKED_RULE_INACTIVE_NO_ORDER",
  "root": "/Users/vahid/Desktop/xauusd-trader",
  "bars_path": "/Users/vahid/Downloads/xauusd_fundamental_event_inbox/amarkets_xauusd_5m.csv",
  "source_summary": "/Users/vahid/Desktop/xauusd-trader/reports/stage150_mtf_separated_validation_discovery/m5/stage150_mtf_separated_validation_discovery_summary.json",
  "tf": "m5",
  "timeframe_minutes": 5,
  "raw_row_count": 319155,
  "bar_count": 319155,
  "bar_min_utc": "2022-01-03T01:00:00+00:00",
  "bar_max_utc": "2026-07-09T09:10:00+00:00",
  "feature_date": "2026-07-09T06:10:00Z",
  "raw_feature_date": "2026-07-09T09:10:00Z",
  "timestamp_shift_hours": -3.0,
  "selected_rule_id": "D150C_M5_trend_8_20_bps_GEQ65__trend_50_100_bps_GEQ35",
  "selected_label": "m5: trend_8_20_bps >= q65 AND trend_50_100_bps >= q35",
  "conditions": [
    {
      "feature": "trend_8_20_bps",
      "op": ">=",
      "threshold": 9.25846423904142,
      "current": 14.181768542396167
    },
    {
      "feature": "trend_50_100_bps",
      "op": ">=",
      "threshold": -14.337320822584214,
      "current": -68.3276385632936
    }
  ],
  "any_signal_active": false,
  "raw_rule_active_before_stale_guard": false,
  "feature_fresh": false,
  "feature_age_sec": 7306,
  "max_feature_age_sec": 7200,
  "repo_kv": "/Users/vahid/Desktop/xauusd-trader/data/demo_execution/xauusd_stage151_m5_locked_rule_state_kv.csv",
  "repo_latest": "/Users/vahid/Desktop/xauusd-trader/data/demo_execution/xauusd_stage151_m5_locked_rule_state_latest.csv",
  "mt5_kv_written": true,
  "mt5_kv": "/Users/vahid/Library/Application Support/net.metaquotes.wine.metatrader5/drive_c/Program Files/MetaTrader 5/MQL5/Files/xauusd_stage151_m5_locked_rule_state_kv.csv",
  "mt5_latest": "/Users/vahid/Library/Application Support/net.metaquotes.wine.metatrader5/drive_c/Program Files/MetaTrader 5/MQL5/Files/xauusd_stage151_m5_locked_rule_state_latest.csv",
  "stage134_instruction": {
    "InpRuleStateKvFile": "xauusd_stage151_m5_locked_rule_state_kv.csv",
    "InpAllowedRules": "D150C_M5_trend_8_20_bps_GEQ65__trend_50_100_bps_GEQ35",
    "keep_InpEnableDemoOrders": "true only on demo account"
  },
  "summary_json": "/Users/vahid/Desktop/xauusd-trader/reports/stage151_locked_mtf_rule_state_writer/m5/stage151_locked_mtf_rule_state_writer_summary.json",
  "next": [
    "Use Stage151 for fast post-market-open refresh of a locked Stage150 MTF rule.",
    "Run full Stage150B scans offline only when changing or replacing the locked rule."
  ]
}
{
  "stage": "Stage153_LOCKED_MTF_RULE_STATE_WRITER_TIMESTAMP_NORMALIZED",
  "generated_utc": "2026-07-09T08:16:48Z",
  "status": "STAGE151B_COMPLETE_LOCKED_MTF_RULE_STATE_STALE_GUARD_READY",
  "decision": "STAGE153_LOCKED_RULE_INACTIVE_NO_ORDER",
  "root": "/Users/vahid/Desktop/xauusd-trader",
  "bars_path": "/Users/vahid/Downloads/xauusd_fundamental_event_inbox/amarkets_xauusd_5m.csv",
  "source_summary": "/Users/vahid/Desktop/xauusd-trader/reports/stage150_mtf_separated_validation_discovery/m5/stage150_mtf_separated_validation_discovery_summary.json",
  "tf": "m5",
  "timeframe_minutes": 5,
  "raw_row_count": 319155,
  "bar_count": 319155,
  "bar_min_utc": "2022-01-03T01:00:00+00:00",
  "bar_max_utc": "2026-07-09T09:10:00+00:00",
  "feature_date": "2026-07-09T06:10:00Z",
  "raw_feature_date": "2026-07-09T09:10:00Z",
  "timestamp_shift_hours": -3.0,
  "selected_rule_id": "D150C_M5_trend_8_20_bps_GEQ65__trend_50_100_bps_GEQ35",
  "selected_label": "m5: trend_8_20_bps >= q65 AND trend_50_100_bps >= q35",
  "conditions": [
    {
      "feature": "trend_8_20_bps",
      "op": ">=",
      "threshold": 9.25846423904142,
      "current": 14.181768542396167
    },
    {
      "feature": "trend_50_100_bps",
      "op": ">=",
      "threshold": -14.337320822584214,
      "current": -68.3276385632936
    }
  ],
  "any_signal_active": false,
  "raw_rule_active_before_stale_guard": false,
  "feature_fresh": false,
  "feature_age_sec": 7651,
  "max_feature_age_sec": 7200,
  "repo_kv": "/Users/vahid/Desktop/xauusd-trader/data/demo_execution/xauusd_stage151_m5_locked_rule_state_kv.csv",
  "repo_latest": "/Users/vahid/Desktop/xauusd-trader/data/demo_execution/xauusd_stage151_m5_locked_rule_state_latest.csv",
  "mt5_kv_written": true,
  "mt5_kv": "/Users/vahid/Library/Application Support/net.metaquotes.wine.metatrader5/drive_c/Program Files/MetaTrader 5/MQL5/Files/xauusd_stage151_m5_locked_rule_state_kv.csv",
  "mt5_latest": "/Users/vahid/Library/Application Support/net.metaquotes.wine.metatrader5/drive_c/Program Files/MetaTrader 5/MQL5/Files/xauusd_stage151_m5_locked_rule_state_latest.csv",
  "stage134_instruction": {
    "InpRuleStateKvFile": "xauusd_stage151_m5_locked_rule_state_kv.csv",
    "InpAllowedRules": "D150C_M5_trend_8_20_bps_GEQ65__trend_50_100_bps_GEQ35",
    "keep_InpEnableDemoOrders": "true only on demo account"
  },
  "summary_json": "/Users/vahid/Desktop/xauusd-trader/reports/stage151_locked_mtf_rule_state_writer/m5/stage151_locked_mtf_rule_state_writer_summary.json",
  "next": [
    "Use Stage151 for fast post-market-open refresh of a locked Stage150 MTF rule.",
    "Run full Stage150B scans offline only when changing or replacing the locked rule."
  ]
}
{
  "stage": "Stage153_LOCKED_MTF_RULE_STATE_WRITER_TIMESTAMP_NORMALIZED",
  "generated_utc": "2026-07-09T08:22:33Z",
  "status": "STAGE151B_COMPLETE_LOCKED_MTF_RULE_STATE_STALE_GUARD_READY",
  "decision": "STAGE153_LOCKED_RULE_INACTIVE_NO_ORDER",
  "root": "/Users/vahid/Desktop/xauusd-trader",
  "bars_path": "/Users/vahid/Downloads/xauusd_fundamental_event_inbox/amarkets_xauusd_5m.csv",
  "source_summary": "/Users/vahid/Desktop/xauusd-trader/reports/stage150_mtf_separated_validation_discovery/m5/stage150_mtf_separated_validation_discovery_summary.json",
  "tf": "m5",
  "timeframe_minutes": 5,
  "raw_row_count": 319155,
  "bar_count": 319155,
  "bar_min_utc": "2022-01-03T01:00:00+00:00",
  "bar_max_utc": "2026-07-09T09:10:00+00:00",
  "feature_date": "2026-07-09T06:10:00Z",
  "raw_feature_date": "2026-07-09T09:10:00Z",
  "timestamp_shift_hours": -3.0,
  "selected_rule_id": "D150C_M5_trend_8_20_bps_GEQ65__trend_50_100_bps_GEQ35",
  "selected_label": "m5: trend_8_20_bps >= q65 AND trend_50_100_bps >= q35",
  "conditions": [
    {
      "feature": "trend_8_20_bps",
      "op": ">=",
      "threshold": 9.25846423904142,
      "current": 14.181768542396167
    },
    {
      "feature": "trend_50_100_bps",
      "op": ">=",
      "threshold": -14.337320822584214,
      "current": -68.3276385632936
    }
  ],
  "any_signal_active": false,
  "raw_rule_active_before_stale_guard": false,
  "feature_fresh": false,
  "feature_age_sec": 8010,
  "max_feature_age_sec": 7200,
  "repo_kv": "/Users/vahid/Desktop/xauusd-trader/data/demo_execution/xauusd_stage151_m5_locked_rule_state_kv.csv",
  "repo_latest": "/Users/vahid/Desktop/xauusd-trader/data/demo_execution/xauusd_stage151_m5_locked_rule_state_latest.csv",
  "mt5_kv_written": true,
  "mt5_kv": "/Users/vahid/Library/Application Support/net.metaquotes.wine.metatrader5/drive_c/Program Files/MetaTrader 5/MQL5/Files/xauusd_stage151_m5_locked_rule_state_kv.csv",
  "mt5_latest": "/Users/vahid/Library/Application Support/net.metaquotes.wine.metatrader5/drive_c/Program Files/MetaTrader 5/MQL5/Files/xauusd_stage151_m5_locked_rule_state_latest.csv",
  "stage134_instruction": {
    "InpRuleStateKvFile": "xauusd_stage151_m5_locked_rule_state_kv.csv",
    "InpAllowedRules": "D150C_M5_trend_8_20_bps_GEQ65__trend_50_100_bps_GEQ35",
    "keep_InpEnableDemoOrders": "true only on demo account"
  },
  "summary_json": "/Users/vahid/Desktop/xauusd-trader/reports/stage151_locked_mtf_rule_state_writer/m5/stage151_locked_mtf_rule_state_writer_summary.json",
  "next": [
    "Use Stage151 for fast post-market-open refresh of a locked Stage150 MTF rule.",
    "Run full Stage150B scans offline only when changing or replacing the locked rule."
  ]
}
{
  "stage": "Stage153_LOCKED_MTF_RULE_STATE_WRITER_TIMESTAMP_NORMALIZED",
  "generated_utc": "2026-07-09T08:28:32Z",
  "status": "STAGE151B_COMPLETE_LOCKED_MTF_RULE_STATE_STALE_GUARD_READY",
  "decision": "STAGE153_LOCKED_RULE_INACTIVE_NO_ORDER",
  "root": "/Users/vahid/Desktop/xauusd-trader",
  "bars_path": "/Users/vahid/Downloads/xauusd_fundamental_event_inbox/amarkets_xauusd_5m.csv",
  "source_summary": "/Users/vahid/Desktop/xauusd-trader/reports/stage150_mtf_separated_validation_discovery/m5/stage150_mtf_separated_validation_discovery_summary.json",
  "tf": "m5",
  "timeframe_minutes": 5,
  "raw_row_count": 319155,
  "bar_count": 319155,
  "bar_min_utc": "2022-01-03T01:00:00+00:00",
  "bar_max_utc": "2026-07-09T09:10:00+00:00",
  "feature_date": "2026-07-09T06:10:00Z",
  "raw_feature_date": "2026-07-09T09:10:00Z",
  "timestamp_shift_hours": -3.0,
  "selected_rule_id": "D150C_M5_trend_8_20_bps_GEQ65__trend_50_100_bps_GEQ35",
  "selected_label": "m5: trend_8_20_bps >= q65 AND trend_50_100_bps >= q35",
  "conditions": [
    {
      "feature": "trend_8_20_bps",
      "op": ">=",
      "threshold": 9.25846423904142,
      "current": 14.181768542396167
    },
    {
      "feature": "trend_50_100_bps",
      "op": ">=",
      "threshold": -14.337320822584214,
      "current": -68.3276385632936
    }
  ],
  "any_signal_active": false,
  "raw_rule_active_before_stale_guard": false,
  "feature_fresh": false,
  "feature_age_sec": 8337,
  "max_feature_age_sec": 7200,
  "repo_kv": "/Users/vahid/Desktop/xauusd-trader/data/demo_execution/xauusd_stage151_m5_locked_rule_state_kv.csv",
  "repo_latest": "/Users/vahid/Desktop/xauusd-trader/data/demo_execution/xauusd_stage151_m5_locked_rule_state_latest.csv",
  "mt5_kv_written": true,
  "mt5_kv": "/Users/vahid/Library/Application Support/net.metaquotes.wine.metatrader5/drive_c/Program Files/MetaTrader 5/MQL5/Files/xauusd_stage151_m5_locked_rule_state_kv.csv",
  "mt5_latest": "/Users/vahid/Library/Application Support/net.metaquotes.wine.metatrader5/drive_c/Program Files/MetaTrader 5/MQL5/Files/xauusd_stage151_m5_locked_rule_state_latest.csv",
  "stage134_instruction": {
    "InpRuleStateKvFile": "xauusd_stage151_m5_locked_rule_state_kv.csv",
    "InpAllowedRules": "D150C_M5_trend_8_20_bps_GEQ65__trend_50_100_bps_GEQ35",
    "keep_InpEnableDemoOrders": "true only on demo account"
  },
  "summary_json": "/Users/vahid/Desktop/xauusd-trader/reports/stage151_locked_mtf_rule_state_writer/m5/stage151_locked_mtf_rule_state_writer_summary.json",
  "next": [
    "Use Stage151 for fast post-market-open refresh of a locked Stage150 MTF rule.",
    "Run full Stage150B scans offline only when changing or replacing the locked rule."
  ]
}
{
  "stage": "Stage153_LOCKED_MTF_RULE_STATE_WRITER_TIMESTAMP_NORMALIZED",
  "generated_utc": "2026-07-09T08:33:58Z",
  "status": "STAGE151B_COMPLETE_LOCKED_MTF_RULE_STATE_STALE_GUARD_READY",
  "decision": "STAGE153_LOCKED_RULE_INACTIVE_NO_ORDER",
  "root": "/Users/vahid/Desktop/xauusd-trader",
  "bars_path": "/Users/vahid/Downloads/xauusd_fundamental_event_inbox/amarkets_xauusd_5m.csv",
  "source_summary": "/Users/vahid/Desktop/xauusd-trader/reports/stage150_mtf_separated_validation_discovery/m5/stage150_mtf_separated_validation_discovery_summary.json",
  "tf": "m5",
  "timeframe_minutes": 5,
  "raw_row_count": 319155,
  "bar_count": 319155,
  "bar_min_utc": "2022-01-03T01:00:00+00:00",
  "bar_max_utc": "2026-07-09T09:10:00+00:00",
  "feature_date": "2026-07-09T06:10:00Z",
  "raw_feature_date": "2026-07-09T09:10:00Z",
  "timestamp_shift_hours": -3.0,
  "selected_rule_id": "D150C_M5_trend_8_20_bps_GEQ65__trend_50_100_bps_GEQ35",
  "selected_label": "m5: trend_8_20_bps >= q65 AND trend_50_100_bps >= q35",
  "conditions": [
    {
      "feature": "trend_8_20_bps",
      "op": ">=",
      "threshold": 9.25846423904142,
      "current": 14.181768542396167
    },
    {
      "feature": "trend_50_100_bps",
      "op": ">=",
      "threshold": -14.337320822584214,
      "current": -68.3276385632936
    }
  ],
  "any_signal_active": false,
  "raw_rule_active_before_stale_guard": false,
  "feature_fresh": false,
  "feature_age_sec": 8658,
  "max_feature_age_sec": 7200,
  "repo_kv": "/Users/vahid/Desktop/xauusd-trader/data/demo_execution/xauusd_stage151_m5_locked_rule_state_kv.csv",
  "repo_latest": "/Users/vahid/Desktop/xauusd-trader/data/demo_execution/xauusd_stage151_m5_locked_rule_state_latest.csv",
  "mt5_kv_written": true,
  "mt5_kv": "/Users/vahid/Library/Application Support/net.metaquotes.wine.metatrader5/drive_c/Program Files/MetaTrader 5/MQL5/Files/xauusd_stage151_m5_locked_rule_state_kv.csv",
  "mt5_latest": "/Users/vahid/Library/Application Support/net.metaquotes.wine.metatrader5/drive_c/Program Files/MetaTrader 5/MQL5/Files/xauusd_stage151_m5_locked_rule_state_latest.csv",
  "stage134_instruction": {
    "InpRuleStateKvFile": "xauusd_stage151_m5_locked_rule_state_kv.csv",
    "InpAllowedRules": "D150C_M5_trend_8_20_bps_GEQ65__trend_50_100_bps_GEQ35",
    "keep_InpEnableDemoOrders": "true only on demo account"
  },
  "summary_json": "/Users/vahid/Desktop/xauusd-trader/reports/stage151_locked_mtf_rule_state_writer/m5/stage151_locked_mtf_rule_state_writer_summary.json",
  "next": [
    "Use Stage151 for fast post-market-open refresh of a locked Stage150 MTF rule.",
    "Run full Stage150B scans offline only when changing or replacing the locked rule."
  ]
}
{
  "stage": "Stage153_LOCKED_MTF_RULE_STATE_WRITER_TIMESTAMP_NORMALIZED",
  "generated_utc": "2026-07-09T08:39:19Z",
  "status": "STAGE151B_COMPLETE_LOCKED_MTF_RULE_STATE_STALE_GUARD_READY",
  "decision": "STAGE153_LOCKED_RULE_INACTIVE_NO_ORDER",
  "root": "/Users/vahid/Desktop/xauusd-trader",
  "bars_path": "/Users/vahid/Downloads/xauusd_fundamental_event_inbox/amarkets_xauusd_5m.csv",
  "source_summary": "/Users/vahid/Desktop/xauusd-trader/reports/stage150_mtf_separated_validation_discovery/m5/stage150_mtf_separated_validation_discovery_summary.json",
  "tf": "m5",
  "timeframe_minutes": 5,
  "raw_row_count": 319155,
  "bar_count": 319155,
  "bar_min_utc": "2022-01-03T01:00:00+00:00",
  "bar_max_utc": "2026-07-09T09:10:00+00:00",
  "feature_date": "2026-07-09T06:10:00Z",
  "raw_feature_date": "2026-07-09T09:10:00Z",
  "timestamp_shift_hours": -3.0,
  "selected_rule_id": "D150C_M5_trend_8_20_bps_GEQ65__trend_50_100_bps_GEQ35",
  "selected_label": "m5: trend_8_20_bps >= q65 AND trend_50_100_bps >= q35",
  "conditions": [
    {
      "feature": "trend_8_20_bps",
      "op": ">=",
      "threshold": 9.25846423904142,
      "current": 14.181768542396167
    },
    {
      "feature": "trend_50_100_bps",
      "op": ">=",
      "threshold": -14.337320822584214,
      "current": -68.3276385632936
    }
  ],
  "any_signal_active": false,
  "raw_rule_active_before_stale_guard": false,
  "feature_fresh": false,
  "feature_age_sec": 8980,
  "max_feature_age_sec": 7200,
  "repo_kv": "/Users/vahid/Desktop/xauusd-trader/data/demo_execution/xauusd_stage151_m5_locked_rule_state_kv.csv",
  "repo_latest": "/Users/vahid/Desktop/xauusd-trader/data/demo_execution/xauusd_stage151_m5_locked_rule_state_latest.csv",
  "mt5_kv_written": true,
  "mt5_kv": "/Users/vahid/Library/Application Support/net.metaquotes.wine.metatrader5/drive_c/Program Files/MetaTrader 5/MQL5/Files/xauusd_stage151_m5_locked_rule_state_kv.csv",
  "mt5_latest": "/Users/vahid/Library/Application Support/net.metaquotes.wine.metatrader5/drive_c/Program Files/MetaTrader 5/MQL5/Files/xauusd_stage151_m5_locked_rule_state_latest.csv",
  "stage134_instruction": {
    "InpRuleStateKvFile": "xauusd_stage151_m5_locked_rule_state_kv.csv",
    "InpAllowedRules": "D150C_M5_trend_8_20_bps_GEQ65__trend_50_100_bps_GEQ35",
    "keep_InpEnableDemoOrders": "true only on demo account"
  },
  "summary_json": "/Users/vahid/Desktop/xauusd-trader/reports/stage151_locked_mtf_rule_state_writer/m5/stage151_locked_mtf_rule_state_writer_summary.json",
  "next": [
    "Use Stage151 for fast post-market-open refresh of a locked Stage150 MTF rule.",
    "Run full Stage150B scans offline only when changing or replacing the locked rule."
  ]
}
{
  "stage": "Stage153_LOCKED_MTF_RULE_STATE_WRITER_TIMESTAMP_NORMALIZED",
  "generated_utc": "2026-07-09T08:44:42Z",
  "status": "STAGE151B_COMPLETE_LOCKED_MTF_RULE_STATE_STALE_GUARD_READY",
  "decision": "STAGE153_LOCKED_RULE_INACTIVE_NO_ORDER",
  "root": "/Users/vahid/Desktop/xauusd-trader",
  "bars_path": "/Users/vahid/Downloads/xauusd_fundamental_event_inbox/amarkets_xauusd_5m.csv",
  "source_summary": "/Users/vahid/Desktop/xauusd-trader/reports/stage150_mtf_separated_validation_discovery/m5/stage150_mtf_separated_validation_discovery_summary.json",
  "tf": "m5",
  "timeframe_minutes": 5,
  "raw_row_count": 319155,
  "bar_count": 319155,
  "bar_min_utc": "2022-01-03T01:00:00+00:00",
  "bar_max_utc": "2026-07-09T09:10:00+00:00",
  "feature_date": "2026-07-09T06:10:00Z",
  "raw_feature_date": "2026-07-09T09:10:00Z",
  "timestamp_shift_hours": -3.0,
  "selected_rule_id": "D150C_M5_trend_8_20_bps_GEQ65__trend_50_100_bps_GEQ35",
  "selected_label": "m5: trend_8_20_bps >= q65 AND trend_50_100_bps >= q35",
  "conditions": [
    {
      "feature": "trend_8_20_bps",
      "op": ">=",
      "threshold": 9.25846423904142,
      "current": 14.181768542396167
    },
    {
      "feature": "trend_50_100_bps",
      "op": ">=",
      "threshold": -14.337320822584214,
      "current": -68.3276385632936
    }
  ],
  "any_signal_active": false,
  "raw_rule_active_before_stale_guard": false,
  "feature_fresh": false,
  "feature_age_sec": 9321,
  "max_feature_age_sec": 7200,
  "repo_kv": "/Users/vahid/Desktop/xauusd-trader/data/demo_execution/xauusd_stage151_m5_locked_rule_state_kv.csv",
  "repo_latest": "/Users/vahid/Desktop/xauusd-trader/data/demo_execution/xauusd_stage151_m5_locked_rule_state_latest.csv",
  "mt5_kv_written": true,
  "mt5_kv": "/Users/vahid/Library/Application Support/net.metaquotes.wine.metatrader5/drive_c/Program Files/MetaTrader 5/MQL5/Files/xauusd_stage151_m5_locked_rule_state_kv.csv",
  "mt5_latest": "/Users/vahid/Library/Application Support/net.metaquotes.wine.metatrader5/drive_c/Program Files/MetaTrader 5/MQL5/Files/xauusd_stage151_m5_locked_rule_state_latest.csv",
  "stage134_instruction": {
    "InpRuleStateKvFile": "xauusd_stage151_m5_locked_rule_state_kv.csv",
    "InpAllowedRules": "D150C_M5_trend_8_20_bps_GEQ65__trend_50_100_bps_GEQ35",
    "keep_InpEnableDemoOrders": "true only on demo account"
  },
  "summary_json": "/Users/vahid/Desktop/xauusd-trader/reports/stage151_locked_mtf_rule_state_writer/m5/stage151_locked_mtf_rule_state_writer_summary.json",
  "next": [
    "Use Stage151 for fast post-market-open refresh of a locked Stage150 MTF rule.",
    "Run full Stage150B scans offline only when changing or replacing the locked rule."
  ]
}
{
  "stage": "Stage153_LOCKED_MTF_RULE_STATE_WRITER_TIMESTAMP_NORMALIZED",
  "generated_utc": "2026-07-09T08:50:23Z",
  "status": "STAGE151B_COMPLETE_LOCKED_MTF_RULE_STATE_STALE_GUARD_READY",
  "decision": "STAGE153_LOCKED_RULE_INACTIVE_NO_ORDER",
  "root": "/Users/vahid/Desktop/xauusd-trader",
  "bars_path": "/Users/vahid/Downloads/xauusd_fundamental_event_inbox/amarkets_xauusd_5m.csv",
  "source_summary": "/Users/vahid/Desktop/xauusd-trader/reports/stage150_mtf_separated_validation_discovery/m5/stage150_mtf_separated_validation_discovery_summary.json",
  "tf": "m5",
  "timeframe_minutes": 5,
  "raw_row_count": 319155,
  "bar_count": 319155,
  "bar_min_utc": "2022-01-03T01:00:00+00:00",
  "bar_max_utc": "2026-07-09T09:10:00+00:00",
  "feature_date": "2026-07-09T06:10:00Z",
  "raw_feature_date": "2026-07-09T09:10:00Z",
  "timestamp_shift_hours": -3.0,
  "selected_rule_id": "D150C_M5_trend_8_20_bps_GEQ65__trend_50_100_bps_GEQ35",
  "selected_label": "m5: trend_8_20_bps >= q65 AND trend_50_100_bps >= q35",
  "conditions": [
    {
      "feature": "trend_8_20_bps",
      "op": ">=",
      "threshold": 9.25846423904142,
      "current": 14.181768542396167
    },
    {
      "feature": "trend_50_100_bps",
      "op": ">=",
      "threshold": -14.337320822584214,
      "current": -68.3276385632936
    }
  ],
  "any_signal_active": false,
  "raw_rule_active_before_stale_guard": false,
  "feature_fresh": false,
  "feature_age_sec": 9651,
  "max_feature_age_sec": 7200,
  "repo_kv": "/Users/vahid/Desktop/xauusd-trader/data/demo_execution/xauusd_stage151_m5_locked_rule_state_kv.csv",
  "repo_latest": "/Users/vahid/Desktop/xauusd-trader/data/demo_execution/xauusd_stage151_m5_locked_rule_state_latest.csv",
  "mt5_kv_written": true,
  "mt5_kv": "/Users/vahid/Library/Application Support/net.metaquotes.wine.metatrader5/drive_c/Program Files/MetaTrader 5/MQL5/Files/xauusd_stage151_m5_locked_rule_state_kv.csv",
  "mt5_latest": "/Users/vahid/Library/Application Support/net.metaquotes.wine.metatrader5/drive_c/Program Files/MetaTrader 5/MQL5/Files/xauusd_stage151_m5_locked_rule_state_latest.csv",
  "stage134_instruction": {
    "InpRuleStateKvFile": "xauusd_stage151_m5_locked_rule_state_kv.csv",
    "InpAllowedRules": "D150C_M5_trend_8_20_bps_GEQ65__trend_50_100_bps_GEQ35",
    "keep_InpEnableDemoOrders": "true only on demo account"
  },
  "summary_json": "/Users/vahid/Desktop/xauusd-trader/reports/stage151_locked_mtf_rule_state_writer/m5/stage151_locked_mtf_rule_state_writer_summary.json",
  "next": [
    "Use Stage151 for fast post-market-open refresh of a locked Stage150 MTF rule.",
    "Run full Stage150B scans offline only when changing or replacing the locked rule."
  ]
}
{
  "stage": "Stage153_LOCKED_MTF_RULE_STATE_WRITER_TIMESTAMP_NORMALIZED",
  "generated_utc": "2026-07-09T08:55:53Z",
  "status": "STAGE151B_COMPLETE_LOCKED_MTF_RULE_STATE_STALE_GUARD_READY",
  "decision": "STAGE153_LOCKED_RULE_INACTIVE_NO_ORDER",
  "root": "/Users/vahid/Desktop/xauusd-trader",
  "bars_path": "/Users/vahid/Downloads/xauusd_fundamental_event_inbox/amarkets_xauusd_5m.csv",
  "source_summary": "/Users/vahid/Desktop/xauusd-trader/reports/stage150_mtf_separated_validation_discovery/m5/stage150_mtf_separated_validation_discovery_summary.json",
  "tf": "m5",
  "timeframe_minutes": 5,
  "raw_row_count": 319155,
  "bar_count": 319155,
  "bar_min_utc": "2022-01-03T01:00:00+00:00",
  "bar_max_utc": "2026-07-09T09:10:00+00:00",
  "feature_date": "2026-07-09T06:10:00Z",
  "raw_feature_date": "2026-07-09T09:10:00Z",
  "timestamp_shift_hours": -3.0,
  "selected_rule_id": "D150C_M5_trend_8_20_bps_GEQ65__trend_50_100_bps_GEQ35",
  "selected_label": "m5: trend_8_20_bps >= q65 AND trend_50_100_bps >= q35",
  "conditions": [
    {
      "feature": "trend_8_20_bps",
      "op": ">=",
      "threshold": 9.25846423904142,
      "current": 14.181768542396167
    },
    {
      "feature": "trend_50_100_bps",
      "op": ">=",
      "threshold": -14.337320822584214,
      "current": -68.3276385632936
    }
  ],
  "any_signal_active": false,
  "raw_rule_active_before_stale_guard": false,
  "feature_fresh": false,
  "feature_age_sec": 9989,
  "max_feature_age_sec": 7200,
  "repo_kv": "/Users/vahid/Desktop/xauusd-trader/data/demo_execution/xauusd_stage151_m5_locked_rule_state_kv.csv",
  "repo_latest": "/Users/vahid/Desktop/xauusd-trader/data/demo_execution/xauusd_stage151_m5_locked_rule_state_latest.csv",
  "mt5_kv_written": true,
  "mt5_kv": "/Users/vahid/Library/Application Support/net.metaquotes.wine.metatrader5/drive_c/Program Files/MetaTrader 5/MQL5/Files/xauusd_stage151_m5_locked_rule_state_kv.csv",
  "mt5_latest": "/Users/vahid/Library/Application Support/net.metaquotes.wine.metatrader5/drive_c/Program Files/MetaTrader 5/MQL5/Files/xauusd_stage151_m5_locked_rule_state_latest.csv",
  "stage134_instruction": {
    "InpRuleStateKvFile": "xauusd_stage151_m5_locked_rule_state_kv.csv",
    "InpAllowedRules": "D150C_M5_trend_8_20_bps_GEQ65__trend_50_100_bps_GEQ35",
    "keep_InpEnableDemoOrders": "true only on demo account"
  },
  "summary_json": "/Users/vahid/Desktop/xauusd-trader/reports/stage151_locked_mtf_rule_state_writer/m5/stage151_locked_mtf_rule_state_writer_summary.json",
  "next": [
    "Use Stage151 for fast post-market-open refresh of a locked Stage150 MTF rule.",
    "Run full Stage150B scans offline only when changing or replacing the locked rule."
  ]
}
{
  "stage": "Stage153_LOCKED_MTF_RULE_STATE_WRITER_TIMESTAMP_NORMALIZED",
  "generated_utc": "2026-07-09T09:01:31Z",
  "status": "STAGE151B_COMPLETE_LOCKED_MTF_RULE_STATE_STALE_GUARD_READY",
  "decision": "STAGE153_LOCKED_RULE_INACTIVE_NO_ORDER",
  "root": "/Users/vahid/Desktop/xauusd-trader",
  "bars_path": "/Users/vahid/Downloads/xauusd_fundamental_event_inbox/amarkets_xauusd_5m.csv",
  "source_summary": "/Users/vahid/Desktop/xauusd-trader/reports/stage150_mtf_separated_validation_discovery/m5/stage150_mtf_separated_validation_discovery_summary.json",
  "tf": "m5",
  "timeframe_minutes": 5,
  "raw_row_count": 319155,
  "bar_count": 319155,
  "bar_min_utc": "2022-01-03T01:00:00+00:00",
  "bar_max_utc": "2026-07-09T09:10:00+00:00",
  "feature_date": "2026-07-09T06:10:00Z",
  "raw_feature_date": "2026-07-09T09:10:00Z",
  "timestamp_shift_hours": -3.0,
  "selected_rule_id": "D150C_M5_trend_8_20_bps_GEQ65__trend_50_100_bps_GEQ35",
  "selected_label": "m5: trend_8_20_bps >= q65 AND trend_50_100_bps >= q35",
  "conditions": [
    {
      "feature": "trend_8_20_bps",
      "op": ">=",
      "threshold": 9.25846423904142,
      "current": 14.181768542396167
    },
    {
      "feature": "trend_50_100_bps",
      "op": ">=",
      "threshold": -14.337320822584214,
      "current": -68.3276385632936
    }
  ],
  "any_signal_active": false,
  "raw_rule_active_before_stale_guard": false,
  "feature_fresh": false,
  "feature_age_sec": 10310,
  "max_feature_age_sec": 7200,
  "repo_kv": "/Users/vahid/Desktop/xauusd-trader/data/demo_execution/xauusd_stage151_m5_locked_rule_state_kv.csv",
  "repo_latest": "/Users/vahid/Desktop/xauusd-trader/data/demo_execution/xauusd_stage151_m5_locked_rule_state_latest.csv",
  "mt5_kv_written": true,
  "mt5_kv": "/Users/vahid/Library/Application Support/net.metaquotes.wine.metatrader5/drive_c/Program Files/MetaTrader 5/MQL5/Files/xauusd_stage151_m5_locked_rule_state_kv.csv",
  "mt5_latest": "/Users/vahid/Library/Application Support/net.metaquotes.wine.metatrader5/drive_c/Program Files/MetaTrader 5/MQL5/Files/xauusd_stage151_m5_locked_rule_state_latest.csv",
  "stage134_instruction": {
    "InpRuleStateKvFile": "xauusd_stage151_m5_locked_rule_state_kv.csv",
    "InpAllowedRules": "D150C_M5_trend_8_20_bps_GEQ65__trend_50_100_bps_GEQ35",
    "keep_InpEnableDemoOrders": "true only on demo account"
  },
  "summary_json": "/Users/vahid/Desktop/xauusd-trader/reports/stage151_locked_mtf_rule_state_writer/m5/stage151_locked_mtf_rule_state_writer_summary.json",
  "next": [
    "Use Stage151 for fast post-market-open refresh of a locked Stage150 MTF rule.",
    "Run full Stage150B scans offline only when changing or replacing the locked rule."
  ]
}
{
  "stage": "Stage153_LOCKED_MTF_RULE_STATE_WRITER_TIMESTAMP_NORMALIZED",
  "generated_utc": "2026-07-09T09:06:52Z",
  "status": "STAGE151B_COMPLETE_LOCKED_MTF_RULE_STATE_STALE_GUARD_READY",
  "decision": "STAGE153_LOCKED_RULE_INACTIVE_NO_ORDER",
  "root": "/Users/vahid/Desktop/xauusd-trader",
  "bars_path": "/Users/vahid/Downloads/xauusd_fundamental_event_inbox/amarkets_xauusd_5m.csv",
  "source_summary": "/Users/vahid/Desktop/xauusd-trader/reports/stage150_mtf_separated_validation_discovery/m5/stage150_mtf_separated_validation_discovery_summary.json",
  "tf": "m5",
  "timeframe_minutes": 5,
  "raw_row_count": 319155,
  "bar_count": 319155,
  "bar_min_utc": "2022-01-03T01:00:00+00:00",
  "bar_max_utc": "2026-07-09T09:10:00+00:00",
  "feature_date": "2026-07-09T06:10:00Z",
  "raw_feature_date": "2026-07-09T09:10:00Z",
  "timestamp_shift_hours": -3.0,
  "selected_rule_id": "D150C_M5_trend_8_20_bps_GEQ65__trend_50_100_bps_GEQ35",
  "selected_label": "m5: trend_8_20_bps >= q65 AND trend_50_100_bps >= q35",
  "conditions": [
    {
      "feature": "trend_8_20_bps",
      "op": ">=",
      "threshold": 9.25846423904142,
      "current": 14.181768542396167
    },
    {
      "feature": "trend_50_100_bps",
      "op": ">=",
      "threshold": -14.337320822584214,
      "current": -68.3276385632936
    }
  ],
  "any_signal_active": false,
  "raw_rule_active_before_stale_guard": false,
  "feature_fresh": false,
  "feature_age_sec": 10650,
  "max_feature_age_sec": 7200,
  "repo_kv": "/Users/vahid/Desktop/xauusd-trader/data/demo_execution/xauusd_stage151_m5_locked_rule_state_kv.csv",
  "repo_latest": "/Users/vahid/Desktop/xauusd-trader/data/demo_execution/xauusd_stage151_m5_locked_rule_state_latest.csv",
  "mt5_kv_written": true,
  "mt5_kv": "/Users/vahid/Library/Application Support/net.metaquotes.wine.metatrader5/drive_c/Program Files/MetaTrader 5/MQL5/Files/xauusd_stage151_m5_locked_rule_state_kv.csv",
  "mt5_latest": "/Users/vahid/Library/Application Support/net.metaquotes.wine.metatrader5/drive_c/Program Files/MetaTrader 5/MQL5/Files/xauusd_stage151_m5_locked_rule_state_latest.csv",
  "stage134_instruction": {
    "InpRuleStateKvFile": "xauusd_stage151_m5_locked_rule_state_kv.csv",
    "InpAllowedRules": "D150C_M5_trend_8_20_bps_GEQ65__trend_50_100_bps_GEQ35",
    "keep_InpEnableDemoOrders": "true only on demo account"
  },
  "summary_json": "/Users/vahid/Desktop/xauusd-trader/reports/stage151_locked_mtf_rule_state_writer/m5/stage151_locked_mtf_rule_state_writer_summary.json",
  "next": [
    "Use Stage151 for fast post-market-open refresh of a locked Stage150 MTF rule.",
    "Run full Stage150B scans offline only when changing or replacing the locked rule."
  ]
}
{
  "stage": "Stage153_LOCKED_MTF_RULE_STATE_WRITER_TIMESTAMP_NORMALIZED",
  "generated_utc": "2026-07-09T09:16:21Z",
  "status": "STAGE151B_COMPLETE_LOCKED_MTF_RULE_STATE_STALE_GUARD_READY",
  "decision": "STAGE153_LOCKED_RULE_INACTIVE_NO_ORDER",
  "root": "/Users/vahid/Desktop/xauusd-trader",
  "bars_path": "/Users/vahid/Downloads/xauusd_fundamental_event_inbox/amarkets_xauusd_5m.csv",
  "source_summary": "/Users/vahid/Desktop/xauusd-trader/reports/stage150_mtf_separated_validation_discovery/m5/stage150_mtf_separated_validation_discovery_summary.json",
  "tf": "m5",
  "timeframe_minutes": 5,
  "raw_row_count": 319155,
  "bar_count": 319155,
  "bar_min_utc": "2022-01-03T01:00:00+00:00",
  "bar_max_utc": "2026-07-09T09:10:00+00:00",
  "feature_date": "2026-07-09T06:10:00Z",
  "raw_feature_date": "2026-07-09T09:10:00Z",
  "timestamp_shift_hours": -3.0,
  "selected_rule_id": "D150C_M5_trend_8_20_bps_GEQ65__trend_50_100_bps_GEQ35",
  "selected_label": "m5: trend_8_20_bps >= q65 AND trend_50_100_bps >= q35",
  "conditions": [
    {
      "feature": "trend_8_20_bps",
      "op": ">=",
      "threshold": 9.25846423904142,
      "current": 14.181768542396167
    },
    {
      "feature": "trend_50_100_bps",
      "op": ">=",
      "threshold": -14.337320822584214,
      "current": -68.3276385632936
    }
  ],
  "any_signal_active": false,
  "raw_rule_active_before_stale_guard": false,
  "feature_fresh": false,
  "feature_age_sec": 11202,
  "max_feature_age_sec": 7200,
  "repo_kv": "/Users/vahid/Desktop/xauusd-trader/data/demo_execution/xauusd_stage151_m5_locked_rule_state_kv.csv",
  "repo_latest": "/Users/vahid/Desktop/xauusd-trader/data/demo_execution/xauusd_stage151_m5_locked_rule_state_latest.csv",
  "mt5_kv_written": true,
  "mt5_kv": "/Users/vahid/Library/Application Support/net.metaquotes.wine.metatrader5/drive_c/Program Files/MetaTrader 5/MQL5/Files/xauusd_stage151_m5_locked_rule_state_kv.csv",
  "mt5_latest": "/Users/vahid/Library/Application Support/net.metaquotes.wine.metatrader5/drive_c/Program Files/MetaTrader 5/MQL5/Files/xauusd_stage151_m5_locked_rule_state_latest.csv",
  "stage134_instruction": {
    "InpRuleStateKvFile": "xauusd_stage151_m5_locked_rule_state_kv.csv",
    "InpAllowedRules": "D150C_M5_trend_8_20_bps_GEQ65__trend_50_100_bps_GEQ35",
    "keep_InpEnableDemoOrders": "true only on demo account"
  },
  "summary_json": "/Users/vahid/Desktop/xauusd-trader/reports/stage151_locked_mtf_rule_state_writer/m5/stage151_locked_mtf_rule_state_writer_summary.json",
  "next": [
    "Use Stage151 for fast post-market-open refresh of a locked Stage150 MTF rule.",
    "Run full Stage150B scans offline only when changing or replacing the locked rule."
  ]
}
{
  "stage": "Stage153_LOCKED_MTF_RULE_STATE_WRITER_TIMESTAMP_NORMALIZED",
  "generated_utc": "2026-07-09T09:21:43Z",
  "status": "STAGE151B_COMPLETE_LOCKED_MTF_RULE_STATE_STALE_GUARD_READY",
  "decision": "STAGE153_LOCKED_RULE_INACTIVE_NO_ORDER",
  "root": "/Users/vahid/Desktop/xauusd-trader",
  "bars_path": "/Users/vahid/Downloads/xauusd_fundamental_event_inbox/amarkets_xauusd_5m.csv",
  "source_summary": "/Users/vahid/Desktop/xauusd-trader/reports/stage150_mtf_separated_validation_discovery/m5/stage150_mtf_separated_validation_discovery_summary.json",
  "tf": "m5",
  "timeframe_minutes": 5,
  "raw_row_count": 319155,
  "bar_count": 319155,
  "bar_min_utc": "2022-01-03T01:00:00+00:00",
  "bar_max_utc": "2026-07-09T09:10:00+00:00",
  "feature_date": "2026-07-09T06:10:00Z",
  "raw_feature_date": "2026-07-09T09:10:00Z",
  "timestamp_shift_hours": -3.0,
  "selected_rule_id": "D150C_M5_trend_8_20_bps_GEQ65__trend_50_100_bps_GEQ35",
  "selected_label": "m5: trend_8_20_bps >= q65 AND trend_50_100_bps >= q35",
  "conditions": [
    {
      "feature": "trend_8_20_bps",
      "op": ">=",
      "threshold": 9.25846423904142,
      "current": 14.181768542396167
    },
    {
      "feature": "trend_50_100_bps",
      "op": ">=",
      "threshold": -14.337320822584214,
      "current": -68.3276385632936
    }
  ],
  "any_signal_active": false,
  "raw_rule_active_before_stale_guard": false,
  "feature_fresh": false,
  "feature_age_sec": 11534,
  "max_feature_age_sec": 7200,
  "repo_kv": "/Users/vahid/Desktop/xauusd-trader/data/demo_execution/xauusd_stage151_m5_locked_rule_state_kv.csv",
  "repo_latest": "/Users/vahid/Desktop/xauusd-trader/data/demo_execution/xauusd_stage151_m5_locked_rule_state_latest.csv",
  "mt5_kv_written": true,
  "mt5_kv": "/Users/vahid/Library/Application Support/net.metaquotes.wine.metatrader5/drive_c/Program Files/MetaTrader 5/MQL5/Files/xauusd_stage151_m5_locked_rule_state_kv.csv",
  "mt5_latest": "/Users/vahid/Library/Application Support/net.metaquotes.wine.metatrader5/drive_c/Program Files/MetaTrader 5/MQL5/Files/xauusd_stage151_m5_locked_rule_state_latest.csv",
  "stage134_instruction": {
    "InpRuleStateKvFile": "xauusd_stage151_m5_locked_rule_state_kv.csv",
    "InpAllowedRules": "D150C_M5_trend_8_20_bps_GEQ65__trend_50_100_bps_GEQ35",
    "keep_InpEnableDemoOrders": "true only on demo account"
  },
  "summary_json": "/Users/vahid/Desktop/xauusd-trader/reports/stage151_locked_mtf_rule_state_writer/m5/stage151_locked_mtf_rule_state_writer_summary.json",
  "next": [
    "Use Stage151 for fast post-market-open refresh of a locked Stage150 MTF rule.",
    "Run full Stage150B scans offline only when changing or replacing the locked rule."
  ]
}
{
  "stage": "Stage153_LOCKED_MTF_RULE_STATE_WRITER_TIMESTAMP_NORMALIZED",
  "generated_utc": "2026-07-09T09:27:16Z",
  "status": "STAGE151B_COMPLETE_LOCKED_MTF_RULE_STATE_STALE_GUARD_READY",
  "decision": "STAGE153_LOCKED_RULE_INACTIVE_NO_ORDER",
  "root": "/Users/vahid/Desktop/xauusd-trader",
  "bars_path": "/Users/vahid/Downloads/xauusd_fundamental_event_inbox/amarkets_xauusd_5m.csv",
  "source_summary": "/Users/vahid/Desktop/xauusd-trader/reports/stage150_mtf_separated_validation_discovery/m5/stage150_mtf_separated_validation_discovery_summary.json",
  "tf": "m5",
  "timeframe_minutes": 5,
  "raw_row_count": 319155,
  "bar_count": 319155,
  "bar_min_utc": "2022-01-03T01:00:00+00:00",
  "bar_max_utc": "2026-07-09T09:10:00+00:00",
  "feature_date": "2026-07-09T06:10:00Z",
  "raw_feature_date": "2026-07-09T09:10:00Z",
  "timestamp_shift_hours": -3.0,
  "selected_rule_id": "D150C_M5_trend_8_20_bps_GEQ65__trend_50_100_bps_GEQ35",
  "selected_label": "m5: trend_8_20_bps >= q65 AND trend_50_100_bps >= q35",
  "conditions": [
    {
      "feature": "trend_8_20_bps",
      "op": ">=",
      "threshold": 9.25846423904142,
      "current": 14.181768542396167
    },
    {
      "feature": "trend_50_100_bps",
      "op": ">=",
      "threshold": -14.337320822584214,
      "current": -68.3276385632936
    }
  ],
  "any_signal_active": false,
  "raw_rule_active_before_stale_guard": false,
  "feature_fresh": false,
  "feature_age_sec": 11854,
  "max_feature_age_sec": 7200,
  "repo_kv": "/Users/vahid/Desktop/xauusd-trader/data/demo_execution/xauusd_stage151_m5_locked_rule_state_kv.csv",
  "repo_latest": "/Users/vahid/Desktop/xauusd-trader/data/demo_execution/xauusd_stage151_m5_locked_rule_state_latest.csv",
  "mt5_kv_written": true,
  "mt5_kv": "/Users/vahid/Library/Application Support/net.metaquotes.wine.metatrader5/drive_c/Program Files/MetaTrader 5/MQL5/Files/xauusd_stage151_m5_locked_rule_state_kv.csv",
  "mt5_latest": "/Users/vahid/Library/Application Support/net.metaquotes.wine.metatrader5/drive_c/Program Files/MetaTrader 5/MQL5/Files/xauusd_stage151_m5_locked_rule_state_latest.csv",
  "stage134_instruction": {
    "InpRuleStateKvFile": "xauusd_stage151_m5_locked_rule_state_kv.csv",
    "InpAllowedRules": "D150C_M5_trend_8_20_bps_GEQ65__trend_50_100_bps_GEQ35",
    "keep_InpEnableDemoOrders": "true only on demo account"
  },
  "summary_json": "/Users/vahid/Desktop/xauusd-trader/reports/stage151_locked_mtf_rule_state_writer/m5/stage151_locked_mtf_rule_state_writer_summary.json",
  "next": [
    "Use Stage151 for fast post-market-open refresh of a locked Stage150 MTF rule.",
    "Run full Stage150B scans offline only when changing or replacing the locked rule."
  ]
}
{
  "stage": "Stage153_LOCKED_MTF_RULE_STATE_WRITER_TIMESTAMP_NORMALIZED",
  "generated_utc": "2026-07-09T09:32:36Z",
  "status": "STAGE151B_COMPLETE_LOCKED_MTF_RULE_STATE_STALE_GUARD_READY",
  "decision": "STAGE153_LOCKED_RULE_INACTIVE_NO_ORDER",
  "root": "/Users/vahid/Desktop/xauusd-trader",
  "bars_path": "/Users/vahid/Downloads/xauusd_fundamental_event_inbox/amarkets_xauusd_5m.csv",
  "source_summary": "/Users/vahid/Desktop/xauusd-trader/reports/stage150_mtf_separated_validation_discovery/m5/stage150_mtf_separated_validation_discovery_summary.json",
  "tf": "m5",
  "timeframe_minutes": 5,
  "raw_row_count": 319155,
  "bar_count": 319155,
  "bar_min_utc": "2022-01-03T01:00:00+00:00",
  "bar_max_utc": "2026-07-09T09:10:00+00:00",
  "feature_date": "2026-07-09T06:10:00Z",
  "raw_feature_date": "2026-07-09T09:10:00Z",
  "timestamp_shift_hours": -3.0,
  "selected_rule_id": "D150C_M5_trend_8_20_bps_GEQ65__trend_50_100_bps_GEQ35",
  "selected_label": "m5: trend_8_20_bps >= q65 AND trend_50_100_bps >= q35",
  "conditions": [
    {
      "feature": "trend_8_20_bps",
      "op": ">=",
      "threshold": 9.25846423904142,
      "current": 14.181768542396167
    },
    {
      "feature": "trend_50_100_bps",
      "op": ">=",
      "threshold": -14.337320822584214,
      "current": -68.3276385632936
    }
  ],
  "any_signal_active": false,
  "raw_rule_active_before_stale_guard": false,
  "feature_fresh": false,
  "feature_age_sec": 12244,
  "max_feature_age_sec": 7200,
  "repo_kv": "/Users/vahid/Desktop/xauusd-trader/data/demo_execution/xauusd_stage151_m5_locked_rule_state_kv.csv",
  "repo_latest": "/Users/vahid/Desktop/xauusd-trader/data/demo_execution/xauusd_stage151_m5_locked_rule_state_latest.csv",
  "mt5_kv_written": true,
  "mt5_kv": "/Users/vahid/Library/Application Support/net.metaquotes.wine.metatrader5/drive_c/Program Files/MetaTrader 5/MQL5/Files/xauusd_stage151_m5_locked_rule_state_kv.csv",
  "mt5_latest": "/Users/vahid/Library/Application Support/net.metaquotes.wine.metatrader5/drive_c/Program Files/MetaTrader 5/MQL5/Files/xauusd_stage151_m5_locked_rule_state_latest.csv",
  "stage134_instruction": {
    "InpRuleStateKvFile": "xauusd_stage151_m5_locked_rule_state_kv.csv",
    "InpAllowedRules": "D150C_M5_trend_8_20_bps_GEQ65__trend_50_100_bps_GEQ35",
    "keep_InpEnableDemoOrders": "true only on demo account"
  },
  "summary_json": "/Users/vahid/Desktop/xauusd-trader/reports/stage151_locked_mtf_rule_state_writer/m5/stage151_locked_mtf_rule_state_writer_summary.json",
  "next": [
    "Use Stage151 for fast post-market-open refresh of a locked Stage150 MTF rule.",
    "Run full Stage150B scans offline only when changing or replacing the locked rule."
  ]
}
{
  "stage": "Stage153_LOCKED_MTF_RULE_STATE_WRITER_TIMESTAMP_NORMALIZED",
  "generated_utc": "2026-07-09T09:39:09Z",
  "status": "STAGE151B_COMPLETE_LOCKED_MTF_RULE_STATE_STALE_GUARD_READY",
  "decision": "STAGE153_LOCKED_RULE_INACTIVE_NO_ORDER",
  "root": "/Users/vahid/Desktop/xauusd-trader",
  "bars_path": "/Users/vahid/Downloads/xauusd_fundamental_event_inbox/amarkets_xauusd_5m.csv",
  "source_summary": "/Users/vahid/Desktop/xauusd-trader/reports/stage150_mtf_separated_validation_discovery/m5/stage150_mtf_separated_validation_discovery_summary.json",
  "tf": "m5",
  "timeframe_minutes": 5,
  "raw_row_count": 319155,
  "bar_count": 319155,
  "bar_min_utc": "2022-01-03T01:00:00+00:00",
  "bar_max_utc": "2026-07-09T09:10:00+00:00",
  "feature_date": "2026-07-09T06:10:00Z",
  "raw_feature_date": "2026-07-09T09:10:00Z",
  "timestamp_shift_hours": -3.0,
  "selected_rule_id": "D150C_M5_trend_8_20_bps_GEQ65__trend_50_100_bps_GEQ35",
  "selected_label": "m5: trend_8_20_bps >= q65 AND trend_50_100_bps >= q35",
  "conditions": [
    {
      "feature": "trend_8_20_bps",
      "op": ">=",
      "threshold": 9.25846423904142,
      "current": 14.181768542396167
    },
    {
      "feature": "trend_50_100_bps",
      "op": ">=",
      "threshold": -14.337320822584214,
      "current": -68.3276385632936
    }
  ],
  "any_signal_active": false,
  "raw_rule_active_before_stale_guard": false,
  "feature_fresh": false,
  "feature_age_sec": 12640,
  "max_feature_age_sec": 7200,
  "repo_kv": "/Users/vahid/Desktop/xauusd-trader/data/demo_execution/xauusd_stage151_m5_locked_rule_state_kv.csv",
  "repo_latest": "/Users/vahid/Desktop/xauusd-trader/data/demo_execution/xauusd_stage151_m5_locked_rule_state_latest.csv",
  "mt5_kv_written": true,
  "mt5_kv": "/Users/vahid/Library/Application Support/net.metaquotes.wine.metatrader5/drive_c/Program Files/MetaTrader 5/MQL5/Files/xauusd_stage151_m5_locked_rule_state_kv.csv",
  "mt5_latest": "/Users/vahid/Library/Application Support/net.metaquotes.wine.metatrader5/drive_c/Program Files/MetaTrader 5/MQL5/Files/xauusd_stage151_m5_locked_rule_state_latest.csv",
  "stage134_instruction": {
    "InpRuleStateKvFile": "xauusd_stage151_m5_locked_rule_state_kv.csv",
    "InpAllowedRules": "D150C_M5_trend_8_20_bps_GEQ65__trend_50_100_bps_GEQ35",
    "keep_InpEnableDemoOrders": "true only on demo account"
  },
  "summary_json": "/Users/vahid/Desktop/xauusd-trader/reports/stage151_locked_mtf_rule_state_writer/m5/stage151_locked_mtf_rule_state_writer_summary.json",
  "next": [
    "Use Stage151 for fast post-market-open refresh of a locked Stage150 MTF rule.",
    "Run full Stage150B scans offline only when changing or replacing the locked rule."
  ]
}
{
  "stage": "Stage153_LOCKED_MTF_RULE_STATE_WRITER_TIMESTAMP_NORMALIZED",
  "generated_utc": "2026-07-09T09:45:42Z",
  "status": "STAGE151B_COMPLETE_LOCKED_MTF_RULE_STATE_STALE_GUARD_READY",
  "decision": "STAGE153_LOCKED_RULE_INACTIVE_NO_ORDER",
  "root": "/Users/vahid/Desktop/xauusd-trader",
  "bars_path": "/Users/vahid/Downloads/xauusd_fundamental_event_inbox/amarkets_xauusd_5m.csv",
  "source_summary": "/Users/vahid/Desktop/xauusd-trader/reports/stage150_mtf_separated_validation_discovery/m5/stage150_mtf_separated_validation_discovery_summary.json",
  "tf": "m5",
  "timeframe_minutes": 5,
  "raw_row_count": 319155,
  "bar_count": 319155,
  "bar_min_utc": "2022-01-03T01:00:00+00:00",
  "bar_max_utc": "2026-07-09T09:10:00+00:00",
  "feature_date": "2026-07-09T06:10:00Z",
  "raw_feature_date": "2026-07-09T09:10:00Z",
  "timestamp_shift_hours": -3.0,
  "selected_rule_id": "D150C_M5_trend_8_20_bps_GEQ65__trend_50_100_bps_GEQ35",
  "selected_label": "m5: trend_8_20_bps >= q65 AND trend_50_100_bps >= q35",
  "conditions": [
    {
      "feature": "trend_8_20_bps",
      "op": ">=",
      "threshold": 9.25846423904142,
      "current": 14.181768542396167
    },
    {
      "feature": "trend_50_100_bps",
      "op": ">=",
      "threshold": -14.337320822584214,
      "current": -68.3276385632936
    }
  ],
  "any_signal_active": false,
  "raw_rule_active_before_stale_guard": false,
  "feature_fresh": false,
  "feature_age_sec": 12974,
  "max_feature_age_sec": 7200,
  "repo_kv": "/Users/vahid/Desktop/xauusd-trader/data/demo_execution/xauusd_stage151_m5_locked_rule_state_kv.csv",
  "repo_latest": "/Users/vahid/Desktop/xauusd-trader/data/demo_execution/xauusd_stage151_m5_locked_rule_state_latest.csv",
  "mt5_kv_written": true,
  "mt5_kv": "/Users/vahid/Library/Application Support/net.metaquotes.wine.metatrader5/drive_c/Program Files/MetaTrader 5/MQL5/Files/xauusd_stage151_m5_locked_rule_state_kv.csv",
  "mt5_latest": "/Users/vahid/Library/Application Support/net.metaquotes.wine.metatrader5/drive_c/Program Files/MetaTrader 5/MQL5/Files/xauusd_stage151_m5_locked_rule_state_latest.csv",
  "stage134_instruction": {
    "InpRuleStateKvFile": "xauusd_stage151_m5_locked_rule_state_kv.csv",
    "InpAllowedRules": "D150C_M5_trend_8_20_bps_GEQ65__trend_50_100_bps_GEQ35",
    "keep_InpEnableDemoOrders": "true only on demo account"
  },
  "summary_json": "/Users/vahid/Desktop/xauusd-trader/reports/stage151_locked_mtf_rule_state_writer/m5/stage151_locked_mtf_rule_state_writer_summary.json",
  "next": [
    "Use Stage151 for fast post-market-open refresh of a locked Stage150 MTF rule.",
    "Run full Stage150B scans offline only when changing or replacing the locked rule."
  ]
}
{
  "stage": "Stage153_LOCKED_MTF_RULE_STATE_WRITER_TIMESTAMP_NORMALIZED",
  "generated_utc": "2026-07-09T09:51:16Z",
  "status": "STAGE151B_COMPLETE_LOCKED_MTF_RULE_STATE_STALE_GUARD_READY",
  "decision": "STAGE153_LOCKED_RULE_INACTIVE_NO_ORDER",
  "root": "/Users/vahid/Desktop/xauusd-trader",
  "bars_path": "/Users/vahid/Downloads/xauusd_fundamental_event_inbox/amarkets_xauusd_5m.csv",
  "source_summary": "/Users/vahid/Desktop/xauusd-trader/reports/stage150_mtf_separated_validation_discovery/m5/stage150_mtf_separated_validation_discovery_summary.json",
  "tf": "m5",
  "timeframe_minutes": 5,
  "raw_row_count": 319155,
  "bar_count": 319155,
  "bar_min_utc": "2022-01-03T01:00:00+00:00",
  "bar_max_utc": "2026-07-09T09:10:00+00:00",
  "feature_date": "2026-07-09T06:10:00Z",
  "raw_feature_date": "2026-07-09T09:10:00Z",
  "timestamp_shift_hours": -3.0,
  "selected_rule_id": "D150C_M5_trend_8_20_bps_GEQ65__trend_50_100_bps_GEQ35",
  "selected_label": "m5: trend_8_20_bps >= q65 AND trend_50_100_bps >= q35",
  "conditions": [
    {
      "feature": "trend_8_20_bps",
      "op": ">=",
      "threshold": 9.25846423904142,
      "current": 14.181768542396167
    },
    {
      "feature": "trend_50_100_bps",
      "op": ">=",
      "threshold": -14.337320822584214,
      "current": -68.3276385632936
    }
  ],
  "any_signal_active": false,
  "raw_rule_active_before_stale_guard": false,
  "feature_fresh": false,
  "feature_age_sec": 13306,
  "max_feature_age_sec": 7200,
  "repo_kv": "/Users/vahid/Desktop/xauusd-trader/data/demo_execution/xauusd_stage151_m5_locked_rule_state_kv.csv",
  "repo_latest": "/Users/vahid/Desktop/xauusd-trader/data/demo_execution/xauusd_stage151_m5_locked_rule_state_latest.csv",
  "mt5_kv_written": true,
  "mt5_kv": "/Users/vahid/Library/Application Support/net.metaquotes.wine.metatrader5/drive_c/Program Files/MetaTrader 5/MQL5/Files/xauusd_stage151_m5_locked_rule_state_kv.csv",
  "mt5_latest": "/Users/vahid/Library/Application Support/net.metaquotes.wine.metatrader5/drive_c/Program Files/MetaTrader 5/MQL5/Files/xauusd_stage151_m5_locked_rule_state_latest.csv",
  "stage134_instruction": {
    "InpRuleStateKvFile": "xauusd_stage151_m5_locked_rule_state_kv.csv",
    "InpAllowedRules": "D150C_M5_trend_8_20_bps_GEQ65__trend_50_100_bps_GEQ35",
    "keep_InpEnableDemoOrders": "true only on demo account"
  },
  "summary_json": "/Users/vahid/Desktop/xauusd-trader/reports/stage151_locked_mtf_rule_state_writer/m5/stage151_locked_mtf_rule_state_writer_summary.json",
  "next": [
    "Use Stage151 for fast post-market-open refresh of a locked Stage150 MTF rule.",
    "Run full Stage150B scans offline only when changing or replacing the locked rule."
  ]
}
{
  "stage": "Stage153_LOCKED_MTF_RULE_STATE_WRITER_TIMESTAMP_NORMALIZED",
  "generated_utc": "2026-07-09T09:56:47Z",
  "status": "STAGE151B_COMPLETE_LOCKED_MTF_RULE_STATE_STALE_GUARD_READY",
  "decision": "STAGE153_LOCKED_RULE_INACTIVE_NO_ORDER",
  "root": "/Users/vahid/Desktop/xauusd-trader",
  "bars_path": "/Users/vahid/Downloads/xauusd_fundamental_event_inbox/amarkets_xauusd_5m.csv",
  "source_summary": "/Users/vahid/Desktop/xauusd-trader/reports/stage150_mtf_separated_validation_discovery/m5/stage150_mtf_separated_validation_discovery_summary.json",
  "tf": "m5",
  "timeframe_minutes": 5,
  "raw_row_count": 319155,
  "bar_count": 319155,
  "bar_min_utc": "2022-01-03T01:00:00+00:00",
  "bar_max_utc": "2026-07-09T09:10:00+00:00",
  "feature_date": "2026-07-09T06:10:00Z",
  "raw_feature_date": "2026-07-09T09:10:00Z",
  "timestamp_shift_hours": -3.0,
  "selected_rule_id": "D150C_M5_trend_8_20_bps_GEQ65__trend_50_100_bps_GEQ35",
  "selected_label": "m5: trend_8_20_bps >= q65 AND trend_50_100_bps >= q35",
  "conditions": [
    {
      "feature": "trend_8_20_bps",
      "op": ">=",
      "threshold": 9.25846423904142,
      "current": 14.181768542396167
    },
    {
      "feature": "trend_50_100_bps",
      "op": ">=",
      "threshold": -14.337320822584214,
      "current": -68.3276385632936
    }
  ],
  "any_signal_active": false,
  "raw_rule_active_before_stale_guard": false,
  "feature_fresh": false,
  "feature_age_sec": 13640,
  "max_feature_age_sec": 7200,
  "repo_kv": "/Users/vahid/Desktop/xauusd-trader/data/demo_execution/xauusd_stage151_m5_locked_rule_state_kv.csv",
  "repo_latest": "/Users/vahid/Desktop/xauusd-trader/data/demo_execution/xauusd_stage151_m5_locked_rule_state_latest.csv",
  "mt5_kv_written": true,
  "mt5_kv": "/Users/vahid/Library/Application Support/net.metaquotes.wine.metatrader5/drive_c/Program Files/MetaTrader 5/MQL5/Files/xauusd_stage151_m5_locked_rule_state_kv.csv",
  "mt5_latest": "/Users/vahid/Library/Application Support/net.metaquotes.wine.metatrader5/drive_c/Program Files/MetaTrader 5/MQL5/Files/xauusd_stage151_m5_locked_rule_state_latest.csv",
  "stage134_instruction": {
    "InpRuleStateKvFile": "xauusd_stage151_m5_locked_rule_state_kv.csv",
    "InpAllowedRules": "D150C_M5_trend_8_20_bps_GEQ65__trend_50_100_bps_GEQ35",
    "keep_InpEnableDemoOrders": "true only on demo account"
  },
  "summary_json": "/Users/vahid/Desktop/xauusd-trader/reports/stage151_locked_mtf_rule_state_writer/m5/stage151_locked_mtf_rule_state_writer_summary.json",
  "next": [
    "Use Stage151 for fast post-market-open refresh of a locked Stage150 MTF rule.",
    "Run full Stage150B scans offline only when changing or replacing the locked rule."
  ]
}
{
  "stage": "Stage153_LOCKED_MTF_RULE_STATE_WRITER_TIMESTAMP_NORMALIZED",
  "generated_utc": "2026-07-09T10:02:22Z",
  "status": "STAGE151B_COMPLETE_LOCKED_MTF_RULE_STATE_STALE_GUARD_READY",
  "decision": "STAGE153_LOCKED_RULE_INACTIVE_NO_ORDER",
  "root": "/Users/vahid/Desktop/xauusd-trader",
  "bars_path": "/Users/vahid/Downloads/xauusd_fundamental_event_inbox/amarkets_xauusd_5m.csv",
  "source_summary": "/Users/vahid/Desktop/xauusd-trader/reports/stage150_mtf_separated_validation_discovery/m5/stage150_mtf_separated_validation_discovery_summary.json",
  "tf": "m5",
  "timeframe_minutes": 5,
  "raw_row_count": 319155,
  "bar_count": 319155,
  "bar_min_utc": "2022-01-03T01:00:00+00:00",
  "bar_max_utc": "2026-07-09T09:10:00+00:00",
  "feature_date": "2026-07-09T06:10:00Z",
  "raw_feature_date": "2026-07-09T09:10:00Z",
  "timestamp_shift_hours": -3.0,
  "selected_rule_id": "D150C_M5_trend_8_20_bps_GEQ65__trend_50_100_bps_GEQ35",
  "selected_label": "m5: trend_8_20_bps >= q65 AND trend_50_100_bps >= q35",
  "conditions": [
    {
      "feature": "trend_8_20_bps",
      "op": ">=",
      "threshold": 9.25846423904142,
      "current": 14.181768542396167
    },
    {
      "feature": "trend_50_100_bps",
      "op": ">=",
      "threshold": -14.337320822584214,
      "current": -68.3276385632936
    }
  ],
  "any_signal_active": false,
  "raw_rule_active_before_stale_guard": false,
  "feature_fresh": false,
  "feature_age_sec": 13983,
  "max_feature_age_sec": 7200,
  "repo_kv": "/Users/vahid/Desktop/xauusd-trader/data/demo_execution/xauusd_stage151_m5_locked_rule_state_kv.csv",
  "repo_latest": "/Users/vahid/Desktop/xauusd-trader/data/demo_execution/xauusd_stage151_m5_locked_rule_state_latest.csv",
  "mt5_kv_written": true,
  "mt5_kv": "/Users/vahid/Library/Application Support/net.metaquotes.wine.metatrader5/drive_c/Program Files/MetaTrader 5/MQL5/Files/xauusd_stage151_m5_locked_rule_state_kv.csv",
  "mt5_latest": "/Users/vahid/Library/Application Support/net.metaquotes.wine.metatrader5/drive_c/Program Files/MetaTrader 5/MQL5/Files/xauusd_stage151_m5_locked_rule_state_latest.csv",
  "stage134_instruction": {
    "InpRuleStateKvFile": "xauusd_stage151_m5_locked_rule_state_kv.csv",
    "InpAllowedRules": "D150C_M5_trend_8_20_bps_GEQ65__trend_50_100_bps_GEQ35",
    "keep_InpEnableDemoOrders": "true only on demo account"
  },
  "summary_json": "/Users/vahid/Desktop/xauusd-trader/reports/stage151_locked_mtf_rule_state_writer/m5/stage151_locked_mtf_rule_state_writer_summary.json",
  "next": [
    "Use Stage151 for fast post-market-open refresh of a locked Stage150 MTF rule.",
    "Run full Stage150B scans offline only when changing or replacing the locked rule."
  ]
}
{
  "stage": "Stage153_LOCKED_MTF_RULE_STATE_WRITER_TIMESTAMP_NORMALIZED",
  "generated_utc": "2026-07-09T10:08:04Z",
  "status": "STAGE151B_COMPLETE_LOCKED_MTF_RULE_STATE_STALE_GUARD_READY",
  "decision": "STAGE153_LOCKED_RULE_INACTIVE_NO_ORDER",
  "root": "/Users/vahid/Desktop/xauusd-trader",
  "bars_path": "/Users/vahid/Downloads/xauusd_fundamental_event_inbox/amarkets_xauusd_5m.csv",
  "source_summary": "/Users/vahid/Desktop/xauusd-trader/reports/stage150_mtf_separated_validation_discovery/m5/stage150_mtf_separated_validation_discovery_summary.json",
  "tf": "m5",
  "timeframe_minutes": 5,
  "raw_row_count": 319155,
  "bar_count": 319155,
  "bar_min_utc": "2022-01-03T01:00:00+00:00",
  "bar_max_utc": "2026-07-09T09:10:00+00:00",
  "feature_date": "2026-07-09T06:10:00Z",
  "raw_feature_date": "2026-07-09T09:10:00Z",
  "timestamp_shift_hours": -3.0,
  "selected_rule_id": "D150C_M5_trend_8_20_bps_GEQ65__trend_50_100_bps_GEQ35",
  "selected_label": "m5: trend_8_20_bps >= q65 AND trend_50_100_bps >= q35",
  "conditions": [
    {
      "feature": "trend_8_20_bps",
      "op": ">=",
      "threshold": 9.25846423904142,
      "current": 14.181768542396167
    },
    {
      "feature": "trend_50_100_bps",
      "op": ">=",
      "threshold": -14.337320822584214,
      "current": -68.3276385632936
    }
  ],
  "any_signal_active": false,
  "raw_rule_active_before_stale_guard": false,
  "feature_fresh": false,
  "feature_age_sec": 14325,
  "max_feature_age_sec": 7200,
  "repo_kv": "/Users/vahid/Desktop/xauusd-trader/data/demo_execution/xauusd_stage151_m5_locked_rule_state_kv.csv",
  "repo_latest": "/Users/vahid/Desktop/xauusd-trader/data/demo_execution/xauusd_stage151_m5_locked_rule_state_latest.csv",
  "mt5_kv_written": true,
  "mt5_kv": "/Users/vahid/Library/Application Support/net.metaquotes.wine.metatrader5/drive_c/Program Files/MetaTrader 5/MQL5/Files/xauusd_stage151_m5_locked_rule_state_kv.csv",
  "mt5_latest": "/Users/vahid/Library/Application Support/net.metaquotes.wine.metatrader5/drive_c/Program Files/MetaTrader 5/MQL5/Files/xauusd_stage151_m5_locked_rule_state_latest.csv",
  "stage134_instruction": {
    "InpRuleStateKvFile": "xauusd_stage151_m5_locked_rule_state_kv.csv",
    "InpAllowedRules": "D150C_M5_trend_8_20_bps_GEQ65__trend_50_100_bps_GEQ35",
    "keep_InpEnableDemoOrders": "true only on demo account"
  },
  "summary_json": "/Users/vahid/Desktop/xauusd-trader/reports/stage151_locked_mtf_rule_state_writer/m5/stage151_locked_mtf_rule_state_writer_summary.json",
  "next": [
    "Use Stage151 for fast post-market-open refresh of a locked Stage150 MTF rule.",
    "Run full Stage150B scans offline only when changing or replacing the locked rule."
  ]
}
{
  "stage": "Stage153_LOCKED_MTF_RULE_STATE_WRITER_TIMESTAMP_NORMALIZED",
  "generated_utc": "2026-07-09T10:13:50Z",
  "status": "STAGE151B_COMPLETE_LOCKED_MTF_RULE_STATE_STALE_GUARD_READY",
  "decision": "STAGE153_LOCKED_RULE_INACTIVE_NO_ORDER",
  "root": "/Users/vahid/Desktop/xauusd-trader",
  "bars_path": "/Users/vahid/Downloads/xauusd_fundamental_event_inbox/amarkets_xauusd_5m.csv",
  "source_summary": "/Users/vahid/Desktop/xauusd-trader/reports/stage150_mtf_separated_validation_discovery/m5/stage150_mtf_separated_validation_discovery_summary.json",
  "tf": "m5",
  "timeframe_minutes": 5,
  "raw_row_count": 319155,
  "bar_count": 319155,
  "bar_min_utc": "2022-01-03T01:00:00+00:00",
  "bar_max_utc": "2026-07-09T09:10:00+00:00",
  "feature_date": "2026-07-09T06:10:00Z",
  "raw_feature_date": "2026-07-09T09:10:00Z",
  "timestamp_shift_hours": -3.0,
  "selected_rule_id": "D150C_M5_trend_8_20_bps_GEQ65__trend_50_100_bps_GEQ35",
  "selected_label": "m5: trend_8_20_bps >= q65 AND trend_50_100_bps >= q35",
  "conditions": [
    {
      "feature": "trend_8_20_bps",
      "op": ">=",
      "threshold": 9.25846423904142,
      "current": 14.181768542396167
    },
    {
      "feature": "trend_50_100_bps",
      "op": ">=",
      "threshold": -14.337320822584214,
      "current": -68.3276385632936
    }
  ],
  "any_signal_active": false,
  "raw_rule_active_before_stale_guard": false,
  "feature_fresh": false,
  "feature_age_sec": 14660,
  "max_feature_age_sec": 7200,
  "repo_kv": "/Users/vahid/Desktop/xauusd-trader/data/demo_execution/xauusd_stage151_m5_locked_rule_state_kv.csv",
  "repo_latest": "/Users/vahid/Desktop/xauusd-trader/data/demo_execution/xauusd_stage151_m5_locked_rule_state_latest.csv",
  "mt5_kv_written": true,
  "mt5_kv": "/Users/vahid/Library/Application Support/net.metaquotes.wine.metatrader5/drive_c/Program Files/MetaTrader 5/MQL5/Files/xauusd_stage151_m5_locked_rule_state_kv.csv",
  "mt5_latest": "/Users/vahid/Library/Application Support/net.metaquotes.wine.metatrader5/drive_c/Program Files/MetaTrader 5/MQL5/Files/xauusd_stage151_m5_locked_rule_state_latest.csv",
  "stage134_instruction": {
    "InpRuleStateKvFile": "xauusd_stage151_m5_locked_rule_state_kv.csv",
    "InpAllowedRules": "D150C_M5_trend_8_20_bps_GEQ65__trend_50_100_bps_GEQ35",
    "keep_InpEnableDemoOrders": "true only on demo account"
  },
  "summary_json": "/Users/vahid/Desktop/xauusd-trader/reports/stage151_locked_mtf_rule_state_writer/m5/stage151_locked_mtf_rule_state_writer_summary.json",
  "next": [
    "Use Stage151 for fast post-market-open refresh of a locked Stage150 MTF rule.",
    "Run full Stage150B scans offline only when changing or replacing the locked rule."
  ]
}
{
  "stage": "Stage153_LOCKED_MTF_RULE_STATE_WRITER_TIMESTAMP_NORMALIZED",
  "generated_utc": "2026-07-09T10:19:21Z",
  "status": "STAGE151B_COMPLETE_LOCKED_MTF_RULE_STATE_STALE_GUARD_READY",
  "decision": "STAGE153_LOCKED_RULE_INACTIVE_NO_ORDER",
  "root": "/Users/vahid/Desktop/xauusd-trader",
  "bars_path": "/Users/vahid/Downloads/xauusd_fundamental_event_inbox/amarkets_xauusd_5m.csv",
  "source_summary": "/Users/vahid/Desktop/xauusd-trader/reports/stage150_mtf_separated_validation_discovery/m5/stage150_mtf_separated_validation_discovery_summary.json",
  "tf": "m5",
  "timeframe_minutes": 5,
  "raw_row_count": 319155,
  "bar_count": 319155,
  "bar_min_utc": "2022-01-03T01:00:00+00:00",
  "bar_max_utc": "2026-07-09T09:10:00+00:00",
  "feature_date": "2026-07-09T06:10:00Z",
  "raw_feature_date": "2026-07-09T09:10:00Z",
  "timestamp_shift_hours": -3.0,
  "selected_rule_id": "D150C_M5_trend_8_20_bps_GEQ65__trend_50_100_bps_GEQ35",
  "selected_label": "m5: trend_8_20_bps >= q65 AND trend_50_100_bps >= q35",
  "conditions": [
    {
      "feature": "trend_8_20_bps",
      "op": ">=",
      "threshold": 9.25846423904142,
      "current": 14.181768542396167
    },
    {
      "feature": "trend_50_100_bps",
      "op": ">=",
      "threshold": -14.337320822584214,
      "current": -68.3276385632936
    }
  ],
  "any_signal_active": false,
  "raw_rule_active_before_stale_guard": false,
  "feature_fresh": false,
  "feature_age_sec": 14984,
  "max_feature_age_sec": 7200,
  "repo_kv": "/Users/vahid/Desktop/xauusd-trader/data/demo_execution/xauusd_stage151_m5_locked_rule_state_kv.csv",
  "repo_latest": "/Users/vahid/Desktop/xauusd-trader/data/demo_execution/xauusd_stage151_m5_locked_rule_state_latest.csv",
  "mt5_kv_written": true,
  "mt5_kv": "/Users/vahid/Library/Application Support/net.metaquotes.wine.metatrader5/drive_c/Program Files/MetaTrader 5/MQL5/Files/xauusd_stage151_m5_locked_rule_state_kv.csv",
  "mt5_latest": "/Users/vahid/Library/Application Support/net.metaquotes.wine.metatrader5/drive_c/Program Files/MetaTrader 5/MQL5/Files/xauusd_stage151_m5_locked_rule_state_latest.csv",
  "stage134_instruction": {
    "InpRuleStateKvFile": "xauusd_stage151_m5_locked_rule_state_kv.csv",
    "InpAllowedRules": "D150C_M5_trend_8_20_bps_GEQ65__trend_50_100_bps_GEQ35",
    "keep_InpEnableDemoOrders": "true only on demo account"
  },
  "summary_json": "/Users/vahid/Desktop/xauusd-trader/reports/stage151_locked_mtf_rule_state_writer/m5/stage151_locked_mtf_rule_state_writer_summary.json",
  "next": [
    "Use Stage151 for fast post-market-open refresh of a locked Stage150 MTF rule.",
    "Run full Stage150B scans offline only when changing or replacing the locked rule."
  ]
}
{
  "stage": "Stage153_LOCKED_MTF_RULE_STATE_WRITER_TIMESTAMP_NORMALIZED",
  "generated_utc": "2026-07-09T10:24:47Z",
  "status": "STAGE151B_COMPLETE_LOCKED_MTF_RULE_STATE_STALE_GUARD_READY",
  "decision": "STAGE153_LOCKED_RULE_INACTIVE_NO_ORDER",
  "root": "/Users/vahid/Desktop/xauusd-trader",
  "bars_path": "/Users/vahid/Downloads/xauusd_fundamental_event_inbox/amarkets_xauusd_5m.csv",
  "source_summary": "/Users/vahid/Desktop/xauusd-trader/reports/stage150_mtf_separated_validation_discovery/m5/stage150_mtf_separated_validation_discovery_summary.json",
  "tf": "m5",
  "timeframe_minutes": 5,
  "raw_row_count": 319155,
  "bar_count": 319155,
  "bar_min_utc": "2022-01-03T01:00:00+00:00",
  "bar_max_utc": "2026-07-09T09:10:00+00:00",
  "feature_date": "2026-07-09T06:10:00Z",
  "raw_feature_date": "2026-07-09T09:10:00Z",
  "timestamp_shift_hours": -3.0,
  "selected_rule_id": "D150C_M5_trend_8_20_bps_GEQ65__trend_50_100_bps_GEQ35",
  "selected_label": "m5: trend_8_20_bps >= q65 AND trend_50_100_bps >= q35",
  "conditions": [
    {
      "feature": "trend_8_20_bps",
      "op": ">=",
      "threshold": 9.25846423904142,
      "current": 14.181768542396167
    },
    {
      "feature": "trend_50_100_bps",
      "op": ">=",
      "threshold": -14.337320822584214,
      "current": -68.3276385632936
    }
  ],
  "any_signal_active": false,
  "raw_rule_active_before_stale_guard": false,
  "feature_fresh": false,
  "feature_age_sec": 15326,
  "max_feature_age_sec": 7200,
  "repo_kv": "/Users/vahid/Desktop/xauusd-trader/data/demo_execution/xauusd_stage151_m5_locked_rule_state_kv.csv",
  "repo_latest": "/Users/vahid/Desktop/xauusd-trader/data/demo_execution/xauusd_stage151_m5_locked_rule_state_latest.csv",
  "mt5_kv_written": true,
  "mt5_kv": "/Users/vahid/Library/Application Support/net.metaquotes.wine.metatrader5/drive_c/Program Files/MetaTrader 5/MQL5/Files/xauusd_stage151_m5_locked_rule_state_kv.csv",
  "mt5_latest": "/Users/vahid/Library/Application Support/net.metaquotes.wine.metatrader5/drive_c/Program Files/MetaTrader 5/MQL5/Files/xauusd_stage151_m5_locked_rule_state_latest.csv",
  "stage134_instruction": {
    "InpRuleStateKvFile": "xauusd_stage151_m5_locked_rule_state_kv.csv",
    "InpAllowedRules": "D150C_M5_trend_8_20_bps_GEQ65__trend_50_100_bps_GEQ35",
    "keep_InpEnableDemoOrders": "true only on demo account"
  },
  "summary_json": "/Users/vahid/Desktop/xauusd-trader/reports/stage151_locked_mtf_rule_state_writer/m5/stage151_locked_mtf_rule_state_writer_summary.json",
  "next": [
    "Use Stage151 for fast post-market-open refresh of a locked Stage150 MTF rule.",
    "Run full Stage150B scans offline only when changing or replacing the locked rule."
  ]
}
