{
  "stage": "Stage156_OPERATIONAL_UNIFIER",
  "generated_utc": "2026-07-07T19:28:51Z",
  "status": "STAGE156_COMPLETE_OPERATIONAL_UNIFIER_READY",
  "classification": "POSITION_OPEN",
  "reason": "Stage134 sees an open position; duplicate orders correctly blocked.",
  "root": "/Users/vahid/Desktop/xauusd-trader",
  "mt5_files": "/Users/vahid/Library/Application Support/net.metaquotes.wine.metatrader5/drive_c/Program Files/MetaTrader 5/MQL5/Files",
  "source": {
    "bars_m5": "/Users/vahid/Downloads/xauusd_fundamental_event_inbox/amarkets_xauusd_5m.csv",
    "exists": true,
    "row_count_including_header_if_any": 318752,
    "last_line": "2026.07.07\t21:30:00\t4141.47\t4141.57\t4136.03\t4138.67\t424\t0\t37",
    "raw_latest_time": "2026-07-07T21:30:00Z",
    "timestamp_shift_hours": -3.0,
    "normalized_latest_time": "2026-07-07T18:30:00Z",
    "feature_age_sec": 3531,
    "max_feature_age_sec": 7200,
    "source_fresh": true
  },
  "router": {
    "cmd": "/Library/Frameworks/Python.framework/Versions/3.14/bin/python3 app/stage154_active_shortlist_rule_router.py --root /Users/vahid/Desktop/xauusd-trader --bars /Users/vahid/Downloads/xauusd_fundamental_event_inbox/amarkets_xauusd_5m.csv --score-csv /Users/vahid/Desktop/xauusd-trader/reports/stage150_mtf_separated_validation_discovery/m5/stage150_candidate_scores.csv --risk-summary /Users/vahid/Desktop/xauusd-trader/reports/stage145_clean_ledger_performance_gate/stage145_clean_ledger_performance_gate_summary.json --tf m5 --timeframe-minutes 5 --max-feature-age-sec 7200 --timestamp-shift-hours -3.0 --write-mt5",
    "kv_path": "/Users/vahid/Library/Application Support/net.metaquotes.wine.metatrader5/drive_c/Program Files/MetaTrader 5/MQL5/Files/xauusd_stage155_m5_active_router_rule_state_kv.csv",
    "decision": "STAGE155_ACTIVE_RISK_GUARDED_RULE_READY_POINT_STAGE134_TO_STAGE155_FILE",
    "any_signal_active": "true",
    "selected_rule_id": "D150C_M5_ret_6h_bps_LEQ50__trend_8_20_bps_GEQ65",
    "selected_family_key": "D150C_M5_ret_6h_bps__trend_8_20_bps",
    "active_shortlist_count": "79",
    "eligible_shortlist_count": "191",
    "risk_blocked_family_count": "4"
  },
  "stage134": {
    "kv_path": "/Users/vahid/Library/Application Support/net.metaquotes.wine.metatrader5/drive_c/Program Files/MetaTrader 5/MQL5/Files/xauusd_stage134_demo_executor_status_kv.csv",
    "decision": "BLOCKED_MAX_OPEN_POSITIONS",
    "reason": "max open positions reached",
    "feature_date": "2026-07-07T18:30:00Z",
    "signal_fresh": "true",
    "signal_age_sec": "3550",
    "any_signal_active": "true",
    "open_positions": "1",
    "last_success_signal_key": "2026-07-07T18:30:00Z|D150C_M5_ret_6h_bps_LEQ50__trend_8_20_bps_GEQ65",
    "last_attempt_signal_key": "2026-07-07T18:30:00Z|D150C_M5_ret_6h_bps_LEQ50__trend_8_20_bps_GEQ65"
  },
  "commands": [
    {
      "cmd": "/Library/Frameworks/Python.framework/Versions/3.14/bin/python3 app/stage154_active_shortlist_rule_router.py --root /Users/vahid/Desktop/xauusd-trader --bars /Users/vahid/Downloads/xauusd_fundamental_event_inbox/amarkets_xauusd_5m.csv --score-csv /Users/vahid/Desktop/xauusd-trader/reports/stage150_mtf_separated_validation_discovery/m5/stage150_candidate_scores.csv --risk-summary /Users/vahid/Desktop/xauusd-trader/reports/stage145_clean_ledger_performance_gate/stage145_clean_ledger_performance_gate_summary.json --tf m5 --timeframe-minutes 5 --max-feature-age-sec 7200 --timestamp-shift-hours -3.0 --write-mt5",
      "started_utc": "2026-07-07T19:28:51Z",
      "finished_utc": "2026-07-07T19:29:09Z",
      "returncode": 0,
      "stdout_tail": "ars_path\": \"/Users/vahid/Downloads/xauusd_fundamental_event_inbox/amarkets_xauusd_5m.csv\",\n  \"score_csv\": \"/Users/vahid/Desktop/xauusd-trader/reports/stage150_mtf_separated_validation_discovery/m5/stage150_candidate_scores.csv\",\n  \"tf\": \"m5\",\n  \"timeframe_minutes\": 5,\n  \"raw_row_count\": 318751,\n  \"bar_count\": 318751,\n  \"raw_feature_date\": \"2026-07-07T21:30:00Z\",\n  \"timestamp_shift_hours\": -3.0,\n  \"feature_date\": \"2026-07-07T18:30:00Z\",\n  \"feature_age_sec\": 3548,\n  \"max_feature_age_sec\": 7200,\n  \"feature_fresh\": true,\n  \"score_rows\": 552,\n  \"eligible_shortlist_count\": 191,\n  \"active_shortlist_count\": 79,\n  \"selected_rule_id\": \"D150C_M5_ret_6h_bps_LEQ50__trend_8_20_bps_GEQ65\",\n  \"selected_label\": \"m5: ret_6h_bps <= q50 AND trend_8_20_bps >= q65\",\n  \"selected_family_key\": \"D150C_M5_ret_6h_bps__trend_8_20_bps\",\n  \"selected_condition_snapshot\": \"[{\\\"current\\\": -60.95027677381459, \\\"feature\\\": \\\"ret_6h_bps\\\", \\\"op\\\": \\\"<=\\\", \\\"threshold\\\": 0.6210794374084116}, {\\\"current\\\": 19.275531114357758, \\\"feature\\\": \\\"trend_8_20_bps\\\", \\\"op\\\": \\\">=\\\", \\\"threshold\\\": 9.25846423904142}]\",\n  \"risk_summary\": \"/Users/vahid/Desktop/xauusd-trader/reports/stage145_clean_ledger_performance_gate/stage145_clean_ledger_performance_gate_summary.json\",\n  \"block_negative_demo_families\": true,\n  \"risk_blocked_family_count\": 4,\n  \"risk_blocked_candidate_count\": 27,\n  \"blocked_family_keys\": [\n    \"D138C_ret_48h_bps__trend_50_100_bps\",\n    \"D150C_M5_ret_12h_bps__trend_50_100_bps\",\n    \"D150C_M5_ret_3h_bps__ret_24h_bps\",\n    \"D150C_M5_trend_8_20_bps__trend_50_100_bps\"\n  ],\n  \"blocked_family_rows\": [\n    {\n      \"family_key\": \"D138C_ret_48h_bps__trend_50_100_bps\",\n      \"closed_trade_count\": 6,\n      \"total_bps\": -1.29,\n      \"mean_bps\": -0.21,\n      \"total_net_profit\": -0.94,\n      \"last_rule_id\": \"D138C_ret_48h_bps_GEQ65__trend_50_100_bps_LEQ65\",\n      \"last_outcome\": \"PROFIT\"\n    },\n    {\n      \"family_key\": \"D150C_M5_ret_12h_bps__trend_50_100_bps\",\n      \"closed_trade_count\": 1,\n      \"total_bps\": -57.1,\n      \"mean_bps\": -57.1,\n      \"total_net_profit\": -23.65,\n      \"last_rule_id\": \"D150C_M5_ret_12h_bps_GEQ35__trend_50_100_bps_GEQ35\",\n      \"last_outcome\": \"LOSS\"\n    },\n    {\n      \"family_key\": \"D150C_M5_ret_3h_bps__ret_24h_bps\",\n      \"closed_trade_count\": 1,\n      \"total_bps\": -19.35,\n      \"mean_bps\": -19.35,\n      \"total_net_profit\": -8.72,\n      \"last_rule_id\": \"D150C_M5_ret_3h_bps_GEQ65__ret_24h_bps_GEQ35\",\n      \"last_outcome\": \"LOSS\"\n    },\n    {\n      \"family_key\": \"D150C_M5_trend_8_20_bps__trend_50_100_bps\",\n      \"closed_trade_count\": 1,\n      \"total_bps\": -50.52,\n      \"mean_bps\": -50.52,\n      \"total_net_profit\": -21.22,\n      \"last_rule_id\": \"D150C_M5_trend_8_20_bps_GEQ65__trend_50_100_bps_GEQ35\",\n      \"last_outcome\": \"LOSS\"\n    }\n  ],\n  \"repo_kv\": \"/Users/vahid/Desktop/xauusd-trader/data/demo_execution/xauusd_stage155_m5_active_router_rule_state_kv.csv\",\n  \"repo_latest\": \"/Users/vahid/Desktop/xauusd-trader/data/demo_execution/xauusd_stage155_m5_active_router_rule_state_latest.csv\",\n  \"mt5_kv_written\": true,\n  \"mt5_kv\": \"/Users/vahid/Library/Application Support/net.metaquotes.wine.metatrader5/drive_c/Program Files/MetaTrader 5/MQL5/Files/xauusd_stage155_m5_active_router_rule_state_kv.csv\",\n  \"mt5_latest\": \"/Users/vahid/Library/Application Support/net.metaquotes.wine.metatrader5/drive_c/Program Files/MetaTrader 5/MQL5/Files/xauusd_stage155_m5_active_router_rule_state_latest.csv\",\n  \"stage134_instruction\": {\n    \"InpRuleStateKvFile\": \"xauusd_stage155_m5_active_router_rule_state_kv.csv\",\n    \"InpAllowedRules\": \"all\",\n    \"keep_InpEnableDemoOrders\": \"true only on demo account\"\n  },\n  \"summary_json\": \"/Users/vahid/Desktop/xauusd-trader/reports/stage155_active_router_demo_risk_guard/m5/stage155_active_router_demo_risk_guard_summary.json\",\n  \"next\": [\n    \"Use Stage155 for demo execution routing after Stage154 exposed demo-negative families.\",\n    \"Keep Stage150B as offline replacement discovery; Stage154 only routes cached PASS candidates.\"\n  ]\n}\n",
      "stderr_tail": ""
    }
  ],
  "next": [
    "If classification is NO_ACTIVE_RULE, keep Stage155 running and do not patch unless inactivity is commercially unacceptable over a defined window.",
    "If classification is SOURCE_STALE or BLOCKED_STALE, update the M5 CSV and run this unifier again.",
    "Use --db-update-command only after identifying the repo's current AMarkets DB updater command."
  ]
}
{
  "stage": "Stage156_OPERATIONAL_UNIFIER",
  "generated_utc": "2026-07-07T19:34:11Z",
  "status": "STAGE156_COMPLETE_OPERATIONAL_UNIFIER_READY",
  "classification": "POSITION_OPEN",
  "reason": "Stage134 sees an open position; duplicate orders correctly blocked.",
  "root": "/Users/vahid/Desktop/xauusd-trader",
  "mt5_files": "/Users/vahid/Library/Application Support/net.metaquotes.wine.metatrader5/drive_c/Program Files/MetaTrader 5/MQL5/Files",
  "source": {
    "bars_m5": "/Users/vahid/Downloads/xauusd_fundamental_event_inbox/amarkets_xauusd_5m.csv",
    "exists": true,
    "row_count_including_header_if_any": 318752,
    "last_line": "2026.07.07\t21:30:00\t4141.47\t4141.57\t4136.03\t4138.67\t424\t0\t37",
    "raw_latest_time": "2026-07-07T21:30:00Z",
    "timestamp_shift_hours": -3.0,
    "normalized_latest_time": "2026-07-07T18:30:00Z",
    "feature_age_sec": 3852,
    "max_feature_age_sec": 7200,
    "source_fresh": true
  },
  "router": {
    "cmd": "/Library/Frameworks/Python.framework/Versions/3.14/bin/python3 app/stage154_active_shortlist_rule_router.py --root /Users/vahid/Desktop/xauusd-trader --bars /Users/vahid/Downloads/xauusd_fundamental_event_inbox/amarkets_xauusd_5m.csv --score-csv /Users/vahid/Desktop/xauusd-trader/reports/stage150_mtf_separated_validation_discovery/m5/stage150_candidate_scores.csv --risk-summary /Users/vahid/Desktop/xauusd-trader/reports/stage145_clean_ledger_performance_gate/stage145_clean_ledger_performance_gate_summary.json --tf m5 --timeframe-minutes 5 --max-feature-age-sec 7200 --timestamp-shift-hours -3.0 --write-mt5",
    "kv_path": "/Users/vahid/Library/Application Support/net.metaquotes.wine.metatrader5/drive_c/Program Files/MetaTrader 5/MQL5/Files/xauusd_stage155_m5_active_router_rule_state_kv.csv",
    "decision": "STAGE155_ACTIVE_RISK_GUARDED_RULE_READY_POINT_STAGE134_TO_STAGE155_FILE",
    "any_signal_active": "true",
    "selected_rule_id": "D150C_M5_ret_6h_bps_LEQ50__trend_8_20_bps_GEQ65",
    "selected_family_key": "D150C_M5_ret_6h_bps__trend_8_20_bps",
    "active_shortlist_count": "79",
    "eligible_shortlist_count": "191",
    "risk_blocked_family_count": "4"
  },
  "stage134": {
    "kv_path": "/Users/vahid/Library/Application Support/net.metaquotes.wine.metatrader5/drive_c/Program Files/MetaTrader 5/MQL5/Files/xauusd_stage134_demo_executor_status_kv.csv",
    "decision": "BLOCKED_MAX_OPEN_POSITIONS",
    "reason": "max open positions reached",
    "feature_date": "2026-07-07T18:30:00Z",
    "signal_fresh": "true",
    "signal_age_sec": "3858",
    "any_signal_active": "true",
    "open_positions": "1",
    "last_success_signal_key": "2026-07-07T18:30:00Z|D150C_M5_ret_6h_bps_LEQ50__trend_8_20_bps_GEQ65",
    "last_attempt_signal_key": "2026-07-07T18:30:00Z|D150C_M5_ret_6h_bps_LEQ50__trend_8_20_bps_GEQ65"
  },
  "commands": [
    {
      "cmd": "/Library/Frameworks/Python.framework/Versions/3.14/bin/python3 app/stage154_active_shortlist_rule_router.py --root /Users/vahid/Desktop/xauusd-trader --bars /Users/vahid/Downloads/xauusd_fundamental_event_inbox/amarkets_xauusd_5m.csv --score-csv /Users/vahid/Desktop/xauusd-trader/reports/stage150_mtf_separated_validation_discovery/m5/stage150_candidate_scores.csv --risk-summary /Users/vahid/Desktop/xauusd-trader/reports/stage145_clean_ledger_performance_gate/stage145_clean_ledger_performance_gate_summary.json --tf m5 --timeframe-minutes 5 --max-feature-age-sec 7200 --timestamp-shift-hours -3.0 --write-mt5",
      "started_utc": "2026-07-07T19:34:12Z",
      "finished_utc": "2026-07-07T19:34:22Z",
      "returncode": 0,
      "stdout_tail": "ars_path\": \"/Users/vahid/Downloads/xauusd_fundamental_event_inbox/amarkets_xauusd_5m.csv\",\n  \"score_csv\": \"/Users/vahid/Desktop/xauusd-trader/reports/stage150_mtf_separated_validation_discovery/m5/stage150_candidate_scores.csv\",\n  \"tf\": \"m5\",\n  \"timeframe_minutes\": 5,\n  \"raw_row_count\": 318751,\n  \"bar_count\": 318751,\n  \"raw_feature_date\": \"2026-07-07T21:30:00Z\",\n  \"timestamp_shift_hours\": -3.0,\n  \"feature_date\": \"2026-07-07T18:30:00Z\",\n  \"feature_age_sec\": 3862,\n  \"max_feature_age_sec\": 7200,\n  \"feature_fresh\": true,\n  \"score_rows\": 552,\n  \"eligible_shortlist_count\": 191,\n  \"active_shortlist_count\": 79,\n  \"selected_rule_id\": \"D150C_M5_ret_6h_bps_LEQ50__trend_8_20_bps_GEQ65\",\n  \"selected_label\": \"m5: ret_6h_bps <= q50 AND trend_8_20_bps >= q65\",\n  \"selected_family_key\": \"D150C_M5_ret_6h_bps__trend_8_20_bps\",\n  \"selected_condition_snapshot\": \"[{\\\"current\\\": -60.95027677381459, \\\"feature\\\": \\\"ret_6h_bps\\\", \\\"op\\\": \\\"<=\\\", \\\"threshold\\\": 0.6210794374084116}, {\\\"current\\\": 19.275531114357758, \\\"feature\\\": \\\"trend_8_20_bps\\\", \\\"op\\\": \\\">=\\\", \\\"threshold\\\": 9.25846423904142}]\",\n  \"risk_summary\": \"/Users/vahid/Desktop/xauusd-trader/reports/stage145_clean_ledger_performance_gate/stage145_clean_ledger_performance_gate_summary.json\",\n  \"block_negative_demo_families\": true,\n  \"risk_blocked_family_count\": 4,\n  \"risk_blocked_candidate_count\": 27,\n  \"blocked_family_keys\": [\n    \"D138C_ret_48h_bps__trend_50_100_bps\",\n    \"D150C_M5_ret_12h_bps__trend_50_100_bps\",\n    \"D150C_M5_ret_3h_bps__ret_24h_bps\",\n    \"D150C_M5_trend_8_20_bps__trend_50_100_bps\"\n  ],\n  \"blocked_family_rows\": [\n    {\n      \"family_key\": \"D138C_ret_48h_bps__trend_50_100_bps\",\n      \"closed_trade_count\": 6,\n      \"total_bps\": -1.29,\n      \"mean_bps\": -0.21,\n      \"total_net_profit\": -0.94,\n      \"last_rule_id\": \"D138C_ret_48h_bps_GEQ65__trend_50_100_bps_LEQ65\",\n      \"last_outcome\": \"PROFIT\"\n    },\n    {\n      \"family_key\": \"D150C_M5_ret_12h_bps__trend_50_100_bps\",\n      \"closed_trade_count\": 1,\n      \"total_bps\": -57.1,\n      \"mean_bps\": -57.1,\n      \"total_net_profit\": -23.65,\n      \"last_rule_id\": \"D150C_M5_ret_12h_bps_GEQ35__trend_50_100_bps_GEQ35\",\n      \"last_outcome\": \"LOSS\"\n    },\n    {\n      \"family_key\": \"D150C_M5_ret_3h_bps__ret_24h_bps\",\n      \"closed_trade_count\": 1,\n      \"total_bps\": -19.35,\n      \"mean_bps\": -19.35,\n      \"total_net_profit\": -8.72,\n      \"last_rule_id\": \"D150C_M5_ret_3h_bps_GEQ65__ret_24h_bps_GEQ35\",\n      \"last_outcome\": \"LOSS\"\n    },\n    {\n      \"family_key\": \"D150C_M5_trend_8_20_bps__trend_50_100_bps\",\n      \"closed_trade_count\": 1,\n      \"total_bps\": -50.52,\n      \"mean_bps\": -50.52,\n      \"total_net_profit\": -21.22,\n      \"last_rule_id\": \"D150C_M5_trend_8_20_bps_GEQ65__trend_50_100_bps_GEQ35\",\n      \"last_outcome\": \"LOSS\"\n    }\n  ],\n  \"repo_kv\": \"/Users/vahid/Desktop/xauusd-trader/data/demo_execution/xauusd_stage155_m5_active_router_rule_state_kv.csv\",\n  \"repo_latest\": \"/Users/vahid/Desktop/xauusd-trader/data/demo_execution/xauusd_stage155_m5_active_router_rule_state_latest.csv\",\n  \"mt5_kv_written\": true,\n  \"mt5_kv\": \"/Users/vahid/Library/Application Support/net.metaquotes.wine.metatrader5/drive_c/Program Files/MetaTrader 5/MQL5/Files/xauusd_stage155_m5_active_router_rule_state_kv.csv\",\n  \"mt5_latest\": \"/Users/vahid/Library/Application Support/net.metaquotes.wine.metatrader5/drive_c/Program Files/MetaTrader 5/MQL5/Files/xauusd_stage155_m5_active_router_rule_state_latest.csv\",\n  \"stage134_instruction\": {\n    \"InpRuleStateKvFile\": \"xauusd_stage155_m5_active_router_rule_state_kv.csv\",\n    \"InpAllowedRules\": \"all\",\n    \"keep_InpEnableDemoOrders\": \"true only on demo account\"\n  },\n  \"summary_json\": \"/Users/vahid/Desktop/xauusd-trader/reports/stage155_active_router_demo_risk_guard/m5/stage155_active_router_demo_risk_guard_summary.json\",\n  \"next\": [\n    \"Use Stage155 for demo execution routing after Stage154 exposed demo-negative families.\",\n    \"Keep Stage150B as offline replacement discovery; Stage154 only routes cached PASS candidates.\"\n  ]\n}\n",
      "stderr_tail": ""
    }
  ],
  "next": [
    "If classification is NO_ACTIVE_RULE, keep Stage155 running and do not patch unless inactivity is commercially unacceptable over a defined window.",
    "If classification is SOURCE_STALE or BLOCKED_STALE, update the M5 CSV and run this unifier again.",
    "Use --db-update-command only after identifying the repo's current AMarkets DB updater command."
  ]
}
{
  "stage": "Stage156_OPERATIONAL_UNIFIER",
  "generated_utc": "2026-07-07T19:39:32Z",
  "status": "STAGE156_COMPLETE_OPERATIONAL_UNIFIER_READY",
  "classification": "POSITION_OPEN",
  "reason": "Stage134 sees an open position; duplicate orders correctly blocked.",
  "root": "/Users/vahid/Desktop/xauusd-trader",
  "mt5_files": "/Users/vahid/Library/Application Support/net.metaquotes.wine.metatrader5/drive_c/Program Files/MetaTrader 5/MQL5/Files",
  "source": {
    "bars_m5": "/Users/vahid/Downloads/xauusd_fundamental_event_inbox/amarkets_xauusd_5m.csv",
    "exists": true,
    "row_count_including_header_if_any": 318752,
    "last_line": "2026.07.07\t21:30:00\t4141.47\t4141.57\t4136.03\t4138.67\t424\t0\t37",
    "raw_latest_time": "2026-07-07T21:30:00Z",
    "timestamp_shift_hours": -3.0,
    "normalized_latest_time": "2026-07-07T18:30:00Z",
    "feature_age_sec": 4173,
    "max_feature_age_sec": 7200,
    "source_fresh": true
  },
  "router": {
    "cmd": "/Library/Frameworks/Python.framework/Versions/3.14/bin/python3 app/stage154_active_shortlist_rule_router.py --root /Users/vahid/Desktop/xauusd-trader --bars /Users/vahid/Downloads/xauusd_fundamental_event_inbox/amarkets_xauusd_5m.csv --score-csv /Users/vahid/Desktop/xauusd-trader/reports/stage150_mtf_separated_validation_discovery/m5/stage150_candidate_scores.csv --risk-summary /Users/vahid/Desktop/xauusd-trader/reports/stage145_clean_ledger_performance_gate/stage145_clean_ledger_performance_gate_summary.json --tf m5 --timeframe-minutes 5 --max-feature-age-sec 7200 --timestamp-shift-hours -3.0 --write-mt5",
    "kv_path": "/Users/vahid/Library/Application Support/net.metaquotes.wine.metatrader5/drive_c/Program Files/MetaTrader 5/MQL5/Files/xauusd_stage155_m5_active_router_rule_state_kv.csv",
    "decision": "STAGE155_ACTIVE_RISK_GUARDED_RULE_READY_POINT_STAGE134_TO_STAGE155_FILE",
    "any_signal_active": "true",
    "selected_rule_id": "D150C_M5_ret_6h_bps_LEQ50__trend_8_20_bps_GEQ65",
    "selected_family_key": "D150C_M5_ret_6h_bps__trend_8_20_bps",
    "active_shortlist_count": "79",
    "eligible_shortlist_count": "191",
    "risk_blocked_family_count": "4"
  },
  "stage134": {
    "kv_path": "/Users/vahid/Library/Application Support/net.metaquotes.wine.metatrader5/drive_c/Program Files/MetaTrader 5/MQL5/Files/xauusd_stage134_demo_executor_status_kv.csv",
    "decision": "BLOCKED_MAX_OPEN_POSITIONS",
    "reason": "max open positions reached",
    "feature_date": "2026-07-07T18:30:00Z",
    "signal_fresh": "true",
    "signal_age_sec": "4191",
    "any_signal_active": "true",
    "open_positions": "1",
    "last_success_signal_key": "2026-07-07T18:30:00Z|D150C_M5_ret_6h_bps_LEQ50__trend_8_20_bps_GEQ65",
    "last_attempt_signal_key": "2026-07-07T18:30:00Z|D150C_M5_ret_6h_bps_LEQ50__trend_8_20_bps_GEQ65"
  },
  "commands": [
    {
      "cmd": "/Library/Frameworks/Python.framework/Versions/3.14/bin/python3 app/stage154_active_shortlist_rule_router.py --root /Users/vahid/Desktop/xauusd-trader --bars /Users/vahid/Downloads/xauusd_fundamental_event_inbox/amarkets_xauusd_5m.csv --score-csv /Users/vahid/Desktop/xauusd-trader/reports/stage150_mtf_separated_validation_discovery/m5/stage150_candidate_scores.csv --risk-summary /Users/vahid/Desktop/xauusd-trader/reports/stage145_clean_ledger_performance_gate/stage145_clean_ledger_performance_gate_summary.json --tf m5 --timeframe-minutes 5 --max-feature-age-sec 7200 --timestamp-shift-hours -3.0 --write-mt5",
      "started_utc": "2026-07-07T19:39:33Z",
      "finished_utc": "2026-07-07T19:40:05Z",
      "returncode": 0,
      "stdout_tail": "ars_path\": \"/Users/vahid/Downloads/xauusd_fundamental_event_inbox/amarkets_xauusd_5m.csv\",\n  \"score_csv\": \"/Users/vahid/Desktop/xauusd-trader/reports/stage150_mtf_separated_validation_discovery/m5/stage150_candidate_scores.csv\",\n  \"tf\": \"m5\",\n  \"timeframe_minutes\": 5,\n  \"raw_row_count\": 318751,\n  \"bar_count\": 318751,\n  \"raw_feature_date\": \"2026-07-07T21:30:00Z\",\n  \"timestamp_shift_hours\": -3.0,\n  \"feature_date\": \"2026-07-07T18:30:00Z\",\n  \"feature_age_sec\": 4204,\n  \"max_feature_age_sec\": 7200,\n  \"feature_fresh\": true,\n  \"score_rows\": 552,\n  \"eligible_shortlist_count\": 191,\n  \"active_shortlist_count\": 79,\n  \"selected_rule_id\": \"D150C_M5_ret_6h_bps_LEQ50__trend_8_20_bps_GEQ65\",\n  \"selected_label\": \"m5: ret_6h_bps <= q50 AND trend_8_20_bps >= q65\",\n  \"selected_family_key\": \"D150C_M5_ret_6h_bps__trend_8_20_bps\",\n  \"selected_condition_snapshot\": \"[{\\\"current\\\": -60.95027677381459, \\\"feature\\\": \\\"ret_6h_bps\\\", \\\"op\\\": \\\"<=\\\", \\\"threshold\\\": 0.6210794374084116}, {\\\"current\\\": 19.275531114357758, \\\"feature\\\": \\\"trend_8_20_bps\\\", \\\"op\\\": \\\">=\\\", \\\"threshold\\\": 9.25846423904142}]\",\n  \"risk_summary\": \"/Users/vahid/Desktop/xauusd-trader/reports/stage145_clean_ledger_performance_gate/stage145_clean_ledger_performance_gate_summary.json\",\n  \"block_negative_demo_families\": true,\n  \"risk_blocked_family_count\": 4,\n  \"risk_blocked_candidate_count\": 27,\n  \"blocked_family_keys\": [\n    \"D138C_ret_48h_bps__trend_50_100_bps\",\n    \"D150C_M5_ret_12h_bps__trend_50_100_bps\",\n    \"D150C_M5_ret_3h_bps__ret_24h_bps\",\n    \"D150C_M5_trend_8_20_bps__trend_50_100_bps\"\n  ],\n  \"blocked_family_rows\": [\n    {\n      \"family_key\": \"D138C_ret_48h_bps__trend_50_100_bps\",\n      \"closed_trade_count\": 6,\n      \"total_bps\": -1.29,\n      \"mean_bps\": -0.21,\n      \"total_net_profit\": -0.94,\n      \"last_rule_id\": \"D138C_ret_48h_bps_GEQ65__trend_50_100_bps_LEQ65\",\n      \"last_outcome\": \"PROFIT\"\n    },\n    {\n      \"family_key\": \"D150C_M5_ret_12h_bps__trend_50_100_bps\",\n      \"closed_trade_count\": 1,\n      \"total_bps\": -57.1,\n      \"mean_bps\": -57.1,\n      \"total_net_profit\": -23.65,\n      \"last_rule_id\": \"D150C_M5_ret_12h_bps_GEQ35__trend_50_100_bps_GEQ35\",\n      \"last_outcome\": \"LOSS\"\n    },\n    {\n      \"family_key\": \"D150C_M5_ret_3h_bps__ret_24h_bps\",\n      \"closed_trade_count\": 1,\n      \"total_bps\": -19.35,\n      \"mean_bps\": -19.35,\n      \"total_net_profit\": -8.72,\n      \"last_rule_id\": \"D150C_M5_ret_3h_bps_GEQ65__ret_24h_bps_GEQ35\",\n      \"last_outcome\": \"LOSS\"\n    },\n    {\n      \"family_key\": \"D150C_M5_trend_8_20_bps__trend_50_100_bps\",\n      \"closed_trade_count\": 1,\n      \"total_bps\": -50.52,\n      \"mean_bps\": -50.52,\n      \"total_net_profit\": -21.22,\n      \"last_rule_id\": \"D150C_M5_trend_8_20_bps_GEQ65__trend_50_100_bps_GEQ35\",\n      \"last_outcome\": \"LOSS\"\n    }\n  ],\n  \"repo_kv\": \"/Users/vahid/Desktop/xauusd-trader/data/demo_execution/xauusd_stage155_m5_active_router_rule_state_kv.csv\",\n  \"repo_latest\": \"/Users/vahid/Desktop/xauusd-trader/data/demo_execution/xauusd_stage155_m5_active_router_rule_state_latest.csv\",\n  \"mt5_kv_written\": true,\n  \"mt5_kv\": \"/Users/vahid/Library/Application Support/net.metaquotes.wine.metatrader5/drive_c/Program Files/MetaTrader 5/MQL5/Files/xauusd_stage155_m5_active_router_rule_state_kv.csv\",\n  \"mt5_latest\": \"/Users/vahid/Library/Application Support/net.metaquotes.wine.metatrader5/drive_c/Program Files/MetaTrader 5/MQL5/Files/xauusd_stage155_m5_active_router_rule_state_latest.csv\",\n  \"stage134_instruction\": {\n    \"InpRuleStateKvFile\": \"xauusd_stage155_m5_active_router_rule_state_kv.csv\",\n    \"InpAllowedRules\": \"all\",\n    \"keep_InpEnableDemoOrders\": \"true only on demo account\"\n  },\n  \"summary_json\": \"/Users/vahid/Desktop/xauusd-trader/reports/stage155_active_router_demo_risk_guard/m5/stage155_active_router_demo_risk_guard_summary.json\",\n  \"next\": [\n    \"Use Stage155 for demo execution routing after Stage154 exposed demo-negative families.\",\n    \"Keep Stage150B as offline replacement discovery; Stage154 only routes cached PASS candidates.\"\n  ]\n}\n",
      "stderr_tail": ""
    }
  ],
  "next": [
    "If classification is NO_ACTIVE_RULE, keep Stage155 running and do not patch unless inactivity is commercially unacceptable over a defined window.",
    "If classification is SOURCE_STALE or BLOCKED_STALE, update the M5 CSV and run this unifier again.",
    "Use --db-update-command only after identifying the repo's current AMarkets DB updater command."
  ]
}
{
  "stage": "Stage156_OPERATIONAL_UNIFIER",
  "generated_utc": "2026-07-07T19:45:10Z",
  "status": "STAGE156_COMPLETE_OPERATIONAL_UNIFIER_READY",
  "classification": "POSITION_OPEN",
  "reason": "Stage134 sees an open position; duplicate orders correctly blocked.",
  "root": "/Users/vahid/Desktop/xauusd-trader",
  "mt5_files": "/Users/vahid/Library/Application Support/net.metaquotes.wine.metatrader5/drive_c/Program Files/MetaTrader 5/MQL5/Files",
  "source": {
    "bars_m5": "/Users/vahid/Downloads/xauusd_fundamental_event_inbox/amarkets_xauusd_5m.csv",
    "exists": true,
    "row_count_including_header_if_any": 318752,
    "last_line": "2026.07.07\t21:30:00\t4141.47\t4141.57\t4136.03\t4138.67\t424\t0\t37",
    "raw_latest_time": "2026-07-07T21:30:00Z",
    "timestamp_shift_hours": -3.0,
    "normalized_latest_time": "2026-07-07T18:30:00Z",
    "feature_age_sec": 4510,
    "max_feature_age_sec": 7200,
    "source_fresh": true
  },
  "router": {
    "cmd": "/Library/Frameworks/Python.framework/Versions/3.14/bin/python3 app/stage154_active_shortlist_rule_router.py --root /Users/vahid/Desktop/xauusd-trader --bars /Users/vahid/Downloads/xauusd_fundamental_event_inbox/amarkets_xauusd_5m.csv --score-csv /Users/vahid/Desktop/xauusd-trader/reports/stage150_mtf_separated_validation_discovery/m5/stage150_candidate_scores.csv --risk-summary /Users/vahid/Desktop/xauusd-trader/reports/stage145_clean_ledger_performance_gate/stage145_clean_ledger_performance_gate_summary.json --tf m5 --timeframe-minutes 5 --max-feature-age-sec 7200 --timestamp-shift-hours -3.0 --write-mt5",
    "kv_path": "/Users/vahid/Library/Application Support/net.metaquotes.wine.metatrader5/drive_c/Program Files/MetaTrader 5/MQL5/Files/xauusd_stage155_m5_active_router_rule_state_kv.csv",
    "decision": "STAGE155_ACTIVE_RISK_GUARDED_RULE_READY_POINT_STAGE134_TO_STAGE155_FILE",
    "any_signal_active": "true",
    "selected_rule_id": "D150C_M5_ret_6h_bps_LEQ50__trend_8_20_bps_GEQ65",
    "selected_family_key": "D150C_M5_ret_6h_bps__trend_8_20_bps",
    "active_shortlist_count": "79",
    "eligible_shortlist_count": "191",
    "risk_blocked_family_count": "4"
  },
  "stage134": {
    "kv_path": "/Users/vahid/Library/Application Support/net.metaquotes.wine.metatrader5/drive_c/Program Files/MetaTrader 5/MQL5/Files/xauusd_stage134_demo_executor_status_kv.csv",
    "decision": "BLOCKED_MAX_OPEN_POSITIONS",
    "reason": "max open positions reached",
    "feature_date": "2026-07-07T18:30:00Z",
    "signal_fresh": "true",
    "signal_age_sec": "4529",
    "any_signal_active": "true",
    "open_positions": "1",
    "last_success_signal_key": "2026-07-07T18:30:00Z|D150C_M5_ret_6h_bps_LEQ50__trend_8_20_bps_GEQ65",
    "last_attempt_signal_key": "2026-07-07T18:30:00Z|D150C_M5_ret_6h_bps_LEQ50__trend_8_20_bps_GEQ65"
  },
  "commands": [
    {
      "cmd": "/Library/Frameworks/Python.framework/Versions/3.14/bin/python3 app/stage154_active_shortlist_rule_router.py --root /Users/vahid/Desktop/xauusd-trader --bars /Users/vahid/Downloads/xauusd_fundamental_event_inbox/amarkets_xauusd_5m.csv --score-csv /Users/vahid/Desktop/xauusd-trader/reports/stage150_mtf_separated_validation_discovery/m5/stage150_candidate_scores.csv --risk-summary /Users/vahid/Desktop/xauusd-trader/reports/stage145_clean_ledger_performance_gate/stage145_clean_ledger_performance_gate_summary.json --tf m5 --timeframe-minutes 5 --max-feature-age-sec 7200 --timestamp-shift-hours -3.0 --write-mt5",
      "started_utc": "2026-07-07T19:45:10Z",
      "finished_utc": "2026-07-07T19:45:35Z",
      "returncode": 0,
      "stdout_tail": "ars_path\": \"/Users/vahid/Downloads/xauusd_fundamental_event_inbox/amarkets_xauusd_5m.csv\",\n  \"score_csv\": \"/Users/vahid/Desktop/xauusd-trader/reports/stage150_mtf_separated_validation_discovery/m5/stage150_candidate_scores.csv\",\n  \"tf\": \"m5\",\n  \"timeframe_minutes\": 5,\n  \"raw_row_count\": 318751,\n  \"bar_count\": 318751,\n  \"raw_feature_date\": \"2026-07-07T21:30:00Z\",\n  \"timestamp_shift_hours\": -3.0,\n  \"feature_date\": \"2026-07-07T18:30:00Z\",\n  \"feature_age_sec\": 4534,\n  \"max_feature_age_sec\": 7200,\n  \"feature_fresh\": true,\n  \"score_rows\": 552,\n  \"eligible_shortlist_count\": 191,\n  \"active_shortlist_count\": 79,\n  \"selected_rule_id\": \"D150C_M5_ret_6h_bps_LEQ50__trend_8_20_bps_GEQ65\",\n  \"selected_label\": \"m5: ret_6h_bps <= q50 AND trend_8_20_bps >= q65\",\n  \"selected_family_key\": \"D150C_M5_ret_6h_bps__trend_8_20_bps\",\n  \"selected_condition_snapshot\": \"[{\\\"current\\\": -60.95027677381459, \\\"feature\\\": \\\"ret_6h_bps\\\", \\\"op\\\": \\\"<=\\\", \\\"threshold\\\": 0.6210794374084116}, {\\\"current\\\": 19.275531114357758, \\\"feature\\\": \\\"trend_8_20_bps\\\", \\\"op\\\": \\\">=\\\", \\\"threshold\\\": 9.25846423904142}]\",\n  \"risk_summary\": \"/Users/vahid/Desktop/xauusd-trader/reports/stage145_clean_ledger_performance_gate/stage145_clean_ledger_performance_gate_summary.json\",\n  \"block_negative_demo_families\": true,\n  \"risk_blocked_family_count\": 4,\n  \"risk_blocked_candidate_count\": 27,\n  \"blocked_family_keys\": [\n    \"D138C_ret_48h_bps__trend_50_100_bps\",\n    \"D150C_M5_ret_12h_bps__trend_50_100_bps\",\n    \"D150C_M5_ret_3h_bps__ret_24h_bps\",\n    \"D150C_M5_trend_8_20_bps__trend_50_100_bps\"\n  ],\n  \"blocked_family_rows\": [\n    {\n      \"family_key\": \"D138C_ret_48h_bps__trend_50_100_bps\",\n      \"closed_trade_count\": 6,\n      \"total_bps\": -1.29,\n      \"mean_bps\": -0.21,\n      \"total_net_profit\": -0.94,\n      \"last_rule_id\": \"D138C_ret_48h_bps_GEQ65__trend_50_100_bps_LEQ65\",\n      \"last_outcome\": \"PROFIT\"\n    },\n    {\n      \"family_key\": \"D150C_M5_ret_12h_bps__trend_50_100_bps\",\n      \"closed_trade_count\": 1,\n      \"total_bps\": -57.1,\n      \"mean_bps\": -57.1,\n      \"total_net_profit\": -23.65,\n      \"last_rule_id\": \"D150C_M5_ret_12h_bps_GEQ35__trend_50_100_bps_GEQ35\",\n      \"last_outcome\": \"LOSS\"\n    },\n    {\n      \"family_key\": \"D150C_M5_ret_3h_bps__ret_24h_bps\",\n      \"closed_trade_count\": 1,\n      \"total_bps\": -19.35,\n      \"mean_bps\": -19.35,\n      \"total_net_profit\": -8.72,\n      \"last_rule_id\": \"D150C_M5_ret_3h_bps_GEQ65__ret_24h_bps_GEQ35\",\n      \"last_outcome\": \"LOSS\"\n    },\n    {\n      \"family_key\": \"D150C_M5_trend_8_20_bps__trend_50_100_bps\",\n      \"closed_trade_count\": 1,\n      \"total_bps\": -50.52,\n      \"mean_bps\": -50.52,\n      \"total_net_profit\": -21.22,\n      \"last_rule_id\": \"D150C_M5_trend_8_20_bps_GEQ65__trend_50_100_bps_GEQ35\",\n      \"last_outcome\": \"LOSS\"\n    }\n  ],\n  \"repo_kv\": \"/Users/vahid/Desktop/xauusd-trader/data/demo_execution/xauusd_stage155_m5_active_router_rule_state_kv.csv\",\n  \"repo_latest\": \"/Users/vahid/Desktop/xauusd-trader/data/demo_execution/xauusd_stage155_m5_active_router_rule_state_latest.csv\",\n  \"mt5_kv_written\": true,\n  \"mt5_kv\": \"/Users/vahid/Library/Application Support/net.metaquotes.wine.metatrader5/drive_c/Program Files/MetaTrader 5/MQL5/Files/xauusd_stage155_m5_active_router_rule_state_kv.csv\",\n  \"mt5_latest\": \"/Users/vahid/Library/Application Support/net.metaquotes.wine.metatrader5/drive_c/Program Files/MetaTrader 5/MQL5/Files/xauusd_stage155_m5_active_router_rule_state_latest.csv\",\n  \"stage134_instruction\": {\n    \"InpRuleStateKvFile\": \"xauusd_stage155_m5_active_router_rule_state_kv.csv\",\n    \"InpAllowedRules\": \"all\",\n    \"keep_InpEnableDemoOrders\": \"true only on demo account\"\n  },\n  \"summary_json\": \"/Users/vahid/Desktop/xauusd-trader/reports/stage155_active_router_demo_risk_guard/m5/stage155_active_router_demo_risk_guard_summary.json\",\n  \"next\": [\n    \"Use Stage155 for demo execution routing after Stage154 exposed demo-negative families.\",\n    \"Keep Stage150B as offline replacement discovery; Stage154 only routes cached PASS candidates.\"\n  ]\n}\n",
      "stderr_tail": ""
    }
  ],
  "next": [
    "If classification is NO_ACTIVE_RULE, keep Stage155 running and do not patch unless inactivity is commercially unacceptable over a defined window.",
    "If classification is SOURCE_STALE or BLOCKED_STALE, update the M5 CSV and run this unifier again.",
    "Use --db-update-command only after identifying the repo's current AMarkets DB updater command."
  ]
}
{
  "stage": "Stage156_OPERATIONAL_UNIFIER",
  "generated_utc": "2026-07-07T19:50:43Z",
  "status": "STAGE156_COMPLETE_OPERATIONAL_UNIFIER_READY",
  "classification": "POSITION_OPEN",
  "reason": "Stage134 sees an open position; duplicate orders correctly blocked.",
  "root": "/Users/vahid/Desktop/xauusd-trader",
  "mt5_files": "/Users/vahid/Library/Application Support/net.metaquotes.wine.metatrader5/drive_c/Program Files/MetaTrader 5/MQL5/Files",
  "source": {
    "bars_m5": "/Users/vahid/Downloads/xauusd_fundamental_event_inbox/amarkets_xauusd_5m.csv",
    "exists": true,
    "row_count_including_header_if_any": 318752,
    "last_line": "2026.07.07\t21:30:00\t4141.47\t4141.57\t4136.03\t4138.67\t424\t0\t37",
    "raw_latest_time": "2026-07-07T21:30:00Z",
    "timestamp_shift_hours": -3.0,
    "normalized_latest_time": "2026-07-07T18:30:00Z",
    "feature_age_sec": 4845,
    "max_feature_age_sec": 7200,
    "source_fresh": true
  },
  "router": {
    "cmd": "/Library/Frameworks/Python.framework/Versions/3.14/bin/python3 app/stage154_active_shortlist_rule_router.py --root /Users/vahid/Desktop/xauusd-trader --bars /Users/vahid/Downloads/xauusd_fundamental_event_inbox/amarkets_xauusd_5m.csv --score-csv /Users/vahid/Desktop/xauusd-trader/reports/stage150_mtf_separated_validation_discovery/m5/stage150_candidate_scores.csv --risk-summary /Users/vahid/Desktop/xauusd-trader/reports/stage145_clean_ledger_performance_gate/stage145_clean_ledger_performance_gate_summary.json --tf m5 --timeframe-minutes 5 --max-feature-age-sec 7200 --timestamp-shift-hours -3.0 --write-mt5",
    "kv_path": "/Users/vahid/Library/Application Support/net.metaquotes.wine.metatrader5/drive_c/Program Files/MetaTrader 5/MQL5/Files/xauusd_stage155_m5_active_router_rule_state_kv.csv",
    "decision": "STAGE155_ACTIVE_RISK_GUARDED_RULE_READY_POINT_STAGE134_TO_STAGE155_FILE",
    "any_signal_active": "true",
    "selected_rule_id": "D150C_M5_ret_6h_bps_LEQ50__trend_8_20_bps_GEQ65",
    "selected_family_key": "D150C_M5_ret_6h_bps__trend_8_20_bps",
    "active_shortlist_count": "79",
    "eligible_shortlist_count": "191",
    "risk_blocked_family_count": "4"
  },
  "stage134": {
    "kv_path": "/Users/vahid/Library/Application Support/net.metaquotes.wine.metatrader5/drive_c/Program Files/MetaTrader 5/MQL5/Files/xauusd_stage134_demo_executor_status_kv.csv",
    "decision": "BLOCKED_MAX_OPEN_POSITIONS",
    "reason": "max open positions reached",
    "feature_date": "2026-07-07T18:30:00Z",
    "signal_fresh": "true",
    "signal_age_sec": "4938",
    "any_signal_active": "true",
    "open_positions": "1",
    "last_success_signal_key": "2026-07-07T18:30:00Z|D150C_M5_ret_6h_bps_LEQ50__trend_8_20_bps_GEQ65",
    "last_attempt_signal_key": "2026-07-07T18:30:00Z|D150C_M5_ret_6h_bps_LEQ50__trend_8_20_bps_GEQ65"
  },
  "commands": [
    {
      "cmd": "/Library/Frameworks/Python.framework/Versions/3.14/bin/python3 app/stage154_active_shortlist_rule_router.py --root /Users/vahid/Desktop/xauusd-trader --bars /Users/vahid/Downloads/xauusd_fundamental_event_inbox/amarkets_xauusd_5m.csv --score-csv /Users/vahid/Desktop/xauusd-trader/reports/stage150_mtf_separated_validation_discovery/m5/stage150_candidate_scores.csv --risk-summary /Users/vahid/Desktop/xauusd-trader/reports/stage145_clean_ledger_performance_gate/stage145_clean_ledger_performance_gate_summary.json --tf m5 --timeframe-minutes 5 --max-feature-age-sec 7200 --timestamp-shift-hours -3.0 --write-mt5",
      "started_utc": "2026-07-07T19:50:45Z",
      "finished_utc": "2026-07-07T19:52:29Z",
      "returncode": 0,
      "stdout_tail": "ars_path\": \"/Users/vahid/Downloads/xauusd_fundamental_event_inbox/amarkets_xauusd_5m.csv\",\n  \"score_csv\": \"/Users/vahid/Desktop/xauusd-trader/reports/stage150_mtf_separated_validation_discovery/m5/stage150_candidate_scores.csv\",\n  \"tf\": \"m5\",\n  \"timeframe_minutes\": 5,\n  \"raw_row_count\": 318751,\n  \"bar_count\": 318751,\n  \"raw_feature_date\": \"2026-07-07T21:30:00Z\",\n  \"timestamp_shift_hours\": -3.0,\n  \"feature_date\": \"2026-07-07T18:30:00Z\",\n  \"feature_age_sec\": 4948,\n  \"max_feature_age_sec\": 7200,\n  \"feature_fresh\": true,\n  \"score_rows\": 552,\n  \"eligible_shortlist_count\": 191,\n  \"active_shortlist_count\": 79,\n  \"selected_rule_id\": \"D150C_M5_ret_6h_bps_LEQ50__trend_8_20_bps_GEQ65\",\n  \"selected_label\": \"m5: ret_6h_bps <= q50 AND trend_8_20_bps >= q65\",\n  \"selected_family_key\": \"D150C_M5_ret_6h_bps__trend_8_20_bps\",\n  \"selected_condition_snapshot\": \"[{\\\"current\\\": -60.95027677381459, \\\"feature\\\": \\\"ret_6h_bps\\\", \\\"op\\\": \\\"<=\\\", \\\"threshold\\\": 0.6210794374084116}, {\\\"current\\\": 19.275531114357758, \\\"feature\\\": \\\"trend_8_20_bps\\\", \\\"op\\\": \\\">=\\\", \\\"threshold\\\": 9.25846423904142}]\",\n  \"risk_summary\": \"/Users/vahid/Desktop/xauusd-trader/reports/stage145_clean_ledger_performance_gate/stage145_clean_ledger_performance_gate_summary.json\",\n  \"block_negative_demo_families\": true,\n  \"risk_blocked_family_count\": 4,\n  \"risk_blocked_candidate_count\": 27,\n  \"blocked_family_keys\": [\n    \"D138C_ret_48h_bps__trend_50_100_bps\",\n    \"D150C_M5_ret_12h_bps__trend_50_100_bps\",\n    \"D150C_M5_ret_3h_bps__ret_24h_bps\",\n    \"D150C_M5_trend_8_20_bps__trend_50_100_bps\"\n  ],\n  \"blocked_family_rows\": [\n    {\n      \"family_key\": \"D138C_ret_48h_bps__trend_50_100_bps\",\n      \"closed_trade_count\": 6,\n      \"total_bps\": -1.29,\n      \"mean_bps\": -0.21,\n      \"total_net_profit\": -0.94,\n      \"last_rule_id\": \"D138C_ret_48h_bps_GEQ65__trend_50_100_bps_LEQ65\",\n      \"last_outcome\": \"PROFIT\"\n    },\n    {\n      \"family_key\": \"D150C_M5_ret_12h_bps__trend_50_100_bps\",\n      \"closed_trade_count\": 1,\n      \"total_bps\": -57.1,\n      \"mean_bps\": -57.1,\n      \"total_net_profit\": -23.65,\n      \"last_rule_id\": \"D150C_M5_ret_12h_bps_GEQ35__trend_50_100_bps_GEQ35\",\n      \"last_outcome\": \"LOSS\"\n    },\n    {\n      \"family_key\": \"D150C_M5_ret_3h_bps__ret_24h_bps\",\n      \"closed_trade_count\": 1,\n      \"total_bps\": -19.35,\n      \"mean_bps\": -19.35,\n      \"total_net_profit\": -8.72,\n      \"last_rule_id\": \"D150C_M5_ret_3h_bps_GEQ65__ret_24h_bps_GEQ35\",\n      \"last_outcome\": \"LOSS\"\n    },\n    {\n      \"family_key\": \"D150C_M5_trend_8_20_bps__trend_50_100_bps\",\n      \"closed_trade_count\": 1,\n      \"total_bps\": -50.52,\n      \"mean_bps\": -50.52,\n      \"total_net_profit\": -21.22,\n      \"last_rule_id\": \"D150C_M5_trend_8_20_bps_GEQ65__trend_50_100_bps_GEQ35\",\n      \"last_outcome\": \"LOSS\"\n    }\n  ],\n  \"repo_kv\": \"/Users/vahid/Desktop/xauusd-trader/data/demo_execution/xauusd_stage155_m5_active_router_rule_state_kv.csv\",\n  \"repo_latest\": \"/Users/vahid/Desktop/xauusd-trader/data/demo_execution/xauusd_stage155_m5_active_router_rule_state_latest.csv\",\n  \"mt5_kv_written\": true,\n  \"mt5_kv\": \"/Users/vahid/Library/Application Support/net.metaquotes.wine.metatrader5/drive_c/Program Files/MetaTrader 5/MQL5/Files/xauusd_stage155_m5_active_router_rule_state_kv.csv\",\n  \"mt5_latest\": \"/Users/vahid/Library/Application Support/net.metaquotes.wine.metatrader5/drive_c/Program Files/MetaTrader 5/MQL5/Files/xauusd_stage155_m5_active_router_rule_state_latest.csv\",\n  \"stage134_instruction\": {\n    \"InpRuleStateKvFile\": \"xauusd_stage155_m5_active_router_rule_state_kv.csv\",\n    \"InpAllowedRules\": \"all\",\n    \"keep_InpEnableDemoOrders\": \"true only on demo account\"\n  },\n  \"summary_json\": \"/Users/vahid/Desktop/xauusd-trader/reports/stage155_active_router_demo_risk_guard/m5/stage155_active_router_demo_risk_guard_summary.json\",\n  \"next\": [\n    \"Use Stage155 for demo execution routing after Stage154 exposed demo-negative families.\",\n    \"Keep Stage150B as offline replacement discovery; Stage154 only routes cached PASS candidates.\"\n  ]\n}\n",
      "stderr_tail": ""
    }
  ],
  "next": [
    "If classification is NO_ACTIVE_RULE, keep Stage155 running and do not patch unless inactivity is commercially unacceptable over a defined window.",
    "If classification is SOURCE_STALE or BLOCKED_STALE, update the M5 CSV and run this unifier again.",
    "Use --db-update-command only after identifying the repo's current AMarkets DB updater command."
  ]
}
{
  "stage": "Stage156_OPERATIONAL_UNIFIER",
  "generated_utc": "2026-07-07T19:57:32Z",
  "status": "STAGE156_COMPLETE_OPERATIONAL_UNIFIER_READY",
  "classification": "POSITION_OPEN",
  "reason": "Stage134 sees an open position; duplicate orders correctly blocked.",
  "root": "/Users/vahid/Desktop/xauusd-trader",
  "mt5_files": "/Users/vahid/Library/Application Support/net.metaquotes.wine.metatrader5/drive_c/Program Files/MetaTrader 5/MQL5/Files",
  "source": {
    "bars_m5": "/Users/vahid/Downloads/xauusd_fundamental_event_inbox/amarkets_xauusd_5m.csv",
    "exists": true,
    "row_count_including_header_if_any": 318752,
    "last_line": "2026.07.07\t21:30:00\t4141.47\t4141.57\t4136.03\t4138.67\t424\t0\t37",
    "raw_latest_time": "2026-07-07T21:30:00Z",
    "timestamp_shift_hours": -3.0,
    "normalized_latest_time": "2026-07-07T18:30:00Z",
    "feature_age_sec": 5252,
    "max_feature_age_sec": 7200,
    "source_fresh": true
  },
  "router": {
    "cmd": "/Library/Frameworks/Python.framework/Versions/3.14/bin/python3 app/stage154_active_shortlist_rule_router.py --root /Users/vahid/Desktop/xauusd-trader --bars /Users/vahid/Downloads/xauusd_fundamental_event_inbox/amarkets_xauusd_5m.csv --score-csv /Users/vahid/Desktop/xauusd-trader/reports/stage150_mtf_separated_validation_discovery/m5/stage150_candidate_scores.csv --risk-summary /Users/vahid/Desktop/xauusd-trader/reports/stage145_clean_ledger_performance_gate/stage145_clean_ledger_performance_gate_summary.json --tf m5 --timeframe-minutes 5 --max-feature-age-sec 7200 --timestamp-shift-hours -3.0 --write-mt5",
    "kv_path": "/Users/vahid/Library/Application Support/net.metaquotes.wine.metatrader5/drive_c/Program Files/MetaTrader 5/MQL5/Files/xauusd_stage155_m5_active_router_rule_state_kv.csv",
    "decision": "STAGE155_ACTIVE_RISK_GUARDED_RULE_READY_POINT_STAGE134_TO_STAGE155_FILE",
    "any_signal_active": "true",
    "selected_rule_id": "D150C_M5_ret_6h_bps_LEQ50__trend_8_20_bps_GEQ65",
    "selected_family_key": "D150C_M5_ret_6h_bps__trend_8_20_bps",
    "active_shortlist_count": "79",
    "eligible_shortlist_count": "191",
    "risk_blocked_family_count": "4"
  },
  "stage134": {
    "kv_path": "/Users/vahid/Library/Application Support/net.metaquotes.wine.metatrader5/drive_c/Program Files/MetaTrader 5/MQL5/Files/xauusd_stage134_demo_executor_status_kv.csv",
    "decision": "BLOCKED_MAX_OPEN_POSITIONS",
    "reason": "max open positions reached",
    "feature_date": "2026-07-07T18:30:00Z",
    "signal_fresh": "true",
    "signal_age_sec": "5268",
    "any_signal_active": "true",
    "open_positions": "1",
    "last_success_signal_key": "2026-07-07T18:30:00Z|D150C_M5_ret_6h_bps_LEQ50__trend_8_20_bps_GEQ65",
    "last_attempt_signal_key": "2026-07-07T18:30:00Z|D150C_M5_ret_6h_bps_LEQ50__trend_8_20_bps_GEQ65"
  },
  "commands": [
    {
      "cmd": "/Library/Frameworks/Python.framework/Versions/3.14/bin/python3 app/stage154_active_shortlist_rule_router.py --root /Users/vahid/Desktop/xauusd-trader --bars /Users/vahid/Downloads/xauusd_fundamental_event_inbox/amarkets_xauusd_5m.csv --score-csv /Users/vahid/Desktop/xauusd-trader/reports/stage150_mtf_separated_validation_discovery/m5/stage150_candidate_scores.csv --risk-summary /Users/vahid/Desktop/xauusd-trader/reports/stage145_clean_ledger_performance_gate/stage145_clean_ledger_performance_gate_summary.json --tf m5 --timeframe-minutes 5 --max-feature-age-sec 7200 --timestamp-shift-hours -3.0 --write-mt5",
      "started_utc": "2026-07-07T19:57:32Z",
      "finished_utc": "2026-07-07T19:57:51Z",
      "returncode": 0,
      "stdout_tail": "ars_path\": \"/Users/vahid/Downloads/xauusd_fundamental_event_inbox/amarkets_xauusd_5m.csv\",\n  \"score_csv\": \"/Users/vahid/Desktop/xauusd-trader/reports/stage150_mtf_separated_validation_discovery/m5/stage150_candidate_scores.csv\",\n  \"tf\": \"m5\",\n  \"timeframe_minutes\": 5,\n  \"raw_row_count\": 318751,\n  \"bar_count\": 318751,\n  \"raw_feature_date\": \"2026-07-07T21:30:00Z\",\n  \"timestamp_shift_hours\": -3.0,\n  \"feature_date\": \"2026-07-07T18:30:00Z\",\n  \"feature_age_sec\": 5271,\n  \"max_feature_age_sec\": 7200,\n  \"feature_fresh\": true,\n  \"score_rows\": 552,\n  \"eligible_shortlist_count\": 191,\n  \"active_shortlist_count\": 79,\n  \"selected_rule_id\": \"D150C_M5_ret_6h_bps_LEQ50__trend_8_20_bps_GEQ65\",\n  \"selected_label\": \"m5: ret_6h_bps <= q50 AND trend_8_20_bps >= q65\",\n  \"selected_family_key\": \"D150C_M5_ret_6h_bps__trend_8_20_bps\",\n  \"selected_condition_snapshot\": \"[{\\\"current\\\": -60.95027677381459, \\\"feature\\\": \\\"ret_6h_bps\\\", \\\"op\\\": \\\"<=\\\", \\\"threshold\\\": 0.6210794374084116}, {\\\"current\\\": 19.275531114357758, \\\"feature\\\": \\\"trend_8_20_bps\\\", \\\"op\\\": \\\">=\\\", \\\"threshold\\\": 9.25846423904142}]\",\n  \"risk_summary\": \"/Users/vahid/Desktop/xauusd-trader/reports/stage145_clean_ledger_performance_gate/stage145_clean_ledger_performance_gate_summary.json\",\n  \"block_negative_demo_families\": true,\n  \"risk_blocked_family_count\": 4,\n  \"risk_blocked_candidate_count\": 27,\n  \"blocked_family_keys\": [\n    \"D138C_ret_48h_bps__trend_50_100_bps\",\n    \"D150C_M5_ret_12h_bps__trend_50_100_bps\",\n    \"D150C_M5_ret_3h_bps__ret_24h_bps\",\n    \"D150C_M5_trend_8_20_bps__trend_50_100_bps\"\n  ],\n  \"blocked_family_rows\": [\n    {\n      \"family_key\": \"D138C_ret_48h_bps__trend_50_100_bps\",\n      \"closed_trade_count\": 6,\n      \"total_bps\": -1.29,\n      \"mean_bps\": -0.21,\n      \"total_net_profit\": -0.94,\n      \"last_rule_id\": \"D138C_ret_48h_bps_GEQ65__trend_50_100_bps_LEQ65\",\n      \"last_outcome\": \"PROFIT\"\n    },\n    {\n      \"family_key\": \"D150C_M5_ret_12h_bps__trend_50_100_bps\",\n      \"closed_trade_count\": 1,\n      \"total_bps\": -57.1,\n      \"mean_bps\": -57.1,\n      \"total_net_profit\": -23.65,\n      \"last_rule_id\": \"D150C_M5_ret_12h_bps_GEQ35__trend_50_100_bps_GEQ35\",\n      \"last_outcome\": \"LOSS\"\n    },\n    {\n      \"family_key\": \"D150C_M5_ret_3h_bps__ret_24h_bps\",\n      \"closed_trade_count\": 1,\n      \"total_bps\": -19.35,\n      \"mean_bps\": -19.35,\n      \"total_net_profit\": -8.72,\n      \"last_rule_id\": \"D150C_M5_ret_3h_bps_GEQ65__ret_24h_bps_GEQ35\",\n      \"last_outcome\": \"LOSS\"\n    },\n    {\n      \"family_key\": \"D150C_M5_trend_8_20_bps__trend_50_100_bps\",\n      \"closed_trade_count\": 1,\n      \"total_bps\": -50.52,\n      \"mean_bps\": -50.52,\n      \"total_net_profit\": -21.22,\n      \"last_rule_id\": \"D150C_M5_trend_8_20_bps_GEQ65__trend_50_100_bps_GEQ35\",\n      \"last_outcome\": \"LOSS\"\n    }\n  ],\n  \"repo_kv\": \"/Users/vahid/Desktop/xauusd-trader/data/demo_execution/xauusd_stage155_m5_active_router_rule_state_kv.csv\",\n  \"repo_latest\": \"/Users/vahid/Desktop/xauusd-trader/data/demo_execution/xauusd_stage155_m5_active_router_rule_state_latest.csv\",\n  \"mt5_kv_written\": true,\n  \"mt5_kv\": \"/Users/vahid/Library/Application Support/net.metaquotes.wine.metatrader5/drive_c/Program Files/MetaTrader 5/MQL5/Files/xauusd_stage155_m5_active_router_rule_state_kv.csv\",\n  \"mt5_latest\": \"/Users/vahid/Library/Application Support/net.metaquotes.wine.metatrader5/drive_c/Program Files/MetaTrader 5/MQL5/Files/xauusd_stage155_m5_active_router_rule_state_latest.csv\",\n  \"stage134_instruction\": {\n    \"InpRuleStateKvFile\": \"xauusd_stage155_m5_active_router_rule_state_kv.csv\",\n    \"InpAllowedRules\": \"all\",\n    \"keep_InpEnableDemoOrders\": \"true only on demo account\"\n  },\n  \"summary_json\": \"/Users/vahid/Desktop/xauusd-trader/reports/stage155_active_router_demo_risk_guard/m5/stage155_active_router_demo_risk_guard_summary.json\",\n  \"next\": [\n    \"Use Stage155 for demo execution routing after Stage154 exposed demo-negative families.\",\n    \"Keep Stage150B as offline replacement discovery; Stage154 only routes cached PASS candidates.\"\n  ]\n}\n",
      "stderr_tail": ""
    }
  ],
  "next": [
    "If classification is NO_ACTIVE_RULE, keep Stage155 running and do not patch unless inactivity is commercially unacceptable over a defined window.",
    "If classification is SOURCE_STALE or BLOCKED_STALE, update the M5 CSV and run this unifier again.",
    "Use --db-update-command only after identifying the repo's current AMarkets DB updater command."
  ]
}
{
  "stage": "Stage156_OPERATIONAL_UNIFIER",
  "generated_utc": "2026-07-07T20:02:57Z",
  "status": "STAGE156_COMPLETE_OPERATIONAL_UNIFIER_READY",
  "classification": "POSITION_OPEN",
  "reason": "Stage134 sees an open position; duplicate orders correctly blocked.",
  "root": "/Users/vahid/Desktop/xauusd-trader",
  "mt5_files": "/Users/vahid/Library/Application Support/net.metaquotes.wine.metatrader5/drive_c/Program Files/MetaTrader 5/MQL5/Files",
  "source": {
    "bars_m5": "/Users/vahid/Downloads/xauusd_fundamental_event_inbox/amarkets_xauusd_5m.csv",
    "exists": true,
    "row_count_including_header_if_any": 318752,
    "last_line": "2026.07.07\t21:30:00\t4141.47\t4141.57\t4136.03\t4138.67\t424\t0\t37",
    "raw_latest_time": "2026-07-07T21:30:00Z",
    "timestamp_shift_hours": -3.0,
    "normalized_latest_time": "2026-07-07T18:30:00Z",
    "feature_age_sec": 5580,
    "max_feature_age_sec": 7200,
    "source_fresh": true
  },
  "router": {
    "cmd": "/Library/Frameworks/Python.framework/Versions/3.14/bin/python3 app/stage154_active_shortlist_rule_router.py --root /Users/vahid/Desktop/xauusd-trader --bars /Users/vahid/Downloads/xauusd_fundamental_event_inbox/amarkets_xauusd_5m.csv --score-csv /Users/vahid/Desktop/xauusd-trader/reports/stage150_mtf_separated_validation_discovery/m5/stage150_candidate_scores.csv --risk-summary /Users/vahid/Desktop/xauusd-trader/reports/stage145_clean_ledger_performance_gate/stage145_clean_ledger_performance_gate_summary.json --tf m5 --timeframe-minutes 5 --max-feature-age-sec 7200 --timestamp-shift-hours -3.0 --write-mt5",
    "kv_path": "/Users/vahid/Library/Application Support/net.metaquotes.wine.metatrader5/drive_c/Program Files/MetaTrader 5/MQL5/Files/xauusd_stage155_m5_active_router_rule_state_kv.csv",
    "decision": "STAGE155_ACTIVE_RISK_GUARDED_RULE_READY_POINT_STAGE134_TO_STAGE155_FILE",
    "any_signal_active": "true",
    "selected_rule_id": "D150C_M5_ret_6h_bps_LEQ50__trend_8_20_bps_GEQ65",
    "selected_family_key": "D150C_M5_ret_6h_bps__trend_8_20_bps",
    "active_shortlist_count": "79",
    "eligible_shortlist_count": "191",
    "risk_blocked_family_count": "4"
  },
  "stage134": {
    "kv_path": "/Users/vahid/Library/Application Support/net.metaquotes.wine.metatrader5/drive_c/Program Files/MetaTrader 5/MQL5/Files/xauusd_stage134_demo_executor_status_kv.csv",
    "decision": "BLOCKED_MAX_OPEN_POSITIONS",
    "reason": "max open positions reached",
    "feature_date": "2026-07-07T18:30:00Z",
    "signal_fresh": "true",
    "signal_age_sec": "5598",
    "any_signal_active": "true",
    "open_positions": "1",
    "last_success_signal_key": "2026-07-07T18:30:00Z|D150C_M5_ret_6h_bps_LEQ50__trend_8_20_bps_GEQ65",
    "last_attempt_signal_key": "2026-07-07T18:30:00Z|D150C_M5_ret_6h_bps_LEQ50__trend_8_20_bps_GEQ65"
  },
  "commands": [
    {
      "cmd": "/Library/Frameworks/Python.framework/Versions/3.14/bin/python3 app/stage154_active_shortlist_rule_router.py --root /Users/vahid/Desktop/xauusd-trader --bars /Users/vahid/Downloads/xauusd_fundamental_event_inbox/amarkets_xauusd_5m.csv --score-csv /Users/vahid/Desktop/xauusd-trader/reports/stage150_mtf_separated_validation_discovery/m5/stage150_candidate_scores.csv --risk-summary /Users/vahid/Desktop/xauusd-trader/reports/stage145_clean_ledger_performance_gate/stage145_clean_ledger_performance_gate_summary.json --tf m5 --timeframe-minutes 5 --max-feature-age-sec 7200 --timestamp-shift-hours -3.0 --write-mt5",
      "started_utc": "2026-07-07T20:03:00Z",
      "finished_utc": "2026-07-07T20:03:38Z",
      "returncode": 0,
      "stdout_tail": "ars_path\": \"/Users/vahid/Downloads/xauusd_fundamental_event_inbox/amarkets_xauusd_5m.csv\",\n  \"score_csv\": \"/Users/vahid/Desktop/xauusd-trader/reports/stage150_mtf_separated_validation_discovery/m5/stage150_candidate_scores.csv\",\n  \"tf\": \"m5\",\n  \"timeframe_minutes\": 5,\n  \"raw_row_count\": 318751,\n  \"bar_count\": 318751,\n  \"raw_feature_date\": \"2026-07-07T21:30:00Z\",\n  \"timestamp_shift_hours\": -3.0,\n  \"feature_date\": \"2026-07-07T18:30:00Z\",\n  \"feature_age_sec\": 5616,\n  \"max_feature_age_sec\": 7200,\n  \"feature_fresh\": true,\n  \"score_rows\": 552,\n  \"eligible_shortlist_count\": 191,\n  \"active_shortlist_count\": 79,\n  \"selected_rule_id\": \"D150C_M5_ret_6h_bps_LEQ50__trend_8_20_bps_GEQ65\",\n  \"selected_label\": \"m5: ret_6h_bps <= q50 AND trend_8_20_bps >= q65\",\n  \"selected_family_key\": \"D150C_M5_ret_6h_bps__trend_8_20_bps\",\n  \"selected_condition_snapshot\": \"[{\\\"current\\\": -60.95027677381459, \\\"feature\\\": \\\"ret_6h_bps\\\", \\\"op\\\": \\\"<=\\\", \\\"threshold\\\": 0.6210794374084116}, {\\\"current\\\": 19.275531114357758, \\\"feature\\\": \\\"trend_8_20_bps\\\", \\\"op\\\": \\\">=\\\", \\\"threshold\\\": 9.25846423904142}]\",\n  \"risk_summary\": \"/Users/vahid/Desktop/xauusd-trader/reports/stage145_clean_ledger_performance_gate/stage145_clean_ledger_performance_gate_summary.json\",\n  \"block_negative_demo_families\": true,\n  \"risk_blocked_family_count\": 4,\n  \"risk_blocked_candidate_count\": 27,\n  \"blocked_family_keys\": [\n    \"D138C_ret_48h_bps__trend_50_100_bps\",\n    \"D150C_M5_ret_12h_bps__trend_50_100_bps\",\n    \"D150C_M5_ret_3h_bps__ret_24h_bps\",\n    \"D150C_M5_trend_8_20_bps__trend_50_100_bps\"\n  ],\n  \"blocked_family_rows\": [\n    {\n      \"family_key\": \"D138C_ret_48h_bps__trend_50_100_bps\",\n      \"closed_trade_count\": 6,\n      \"total_bps\": -1.29,\n      \"mean_bps\": -0.21,\n      \"total_net_profit\": -0.94,\n      \"last_rule_id\": \"D138C_ret_48h_bps_GEQ65__trend_50_100_bps_LEQ65\",\n      \"last_outcome\": \"PROFIT\"\n    },\n    {\n      \"family_key\": \"D150C_M5_ret_12h_bps__trend_50_100_bps\",\n      \"closed_trade_count\": 1,\n      \"total_bps\": -57.1,\n      \"mean_bps\": -57.1,\n      \"total_net_profit\": -23.65,\n      \"last_rule_id\": \"D150C_M5_ret_12h_bps_GEQ35__trend_50_100_bps_GEQ35\",\n      \"last_outcome\": \"LOSS\"\n    },\n    {\n      \"family_key\": \"D150C_M5_ret_3h_bps__ret_24h_bps\",\n      \"closed_trade_count\": 1,\n      \"total_bps\": -19.35,\n      \"mean_bps\": -19.35,\n      \"total_net_profit\": -8.72,\n      \"last_rule_id\": \"D150C_M5_ret_3h_bps_GEQ65__ret_24h_bps_GEQ35\",\n      \"last_outcome\": \"LOSS\"\n    },\n    {\n      \"family_key\": \"D150C_M5_trend_8_20_bps__trend_50_100_bps\",\n      \"closed_trade_count\": 1,\n      \"total_bps\": -50.52,\n      \"mean_bps\": -50.52,\n      \"total_net_profit\": -21.22,\n      \"last_rule_id\": \"D150C_M5_trend_8_20_bps_GEQ65__trend_50_100_bps_GEQ35\",\n      \"last_outcome\": \"LOSS\"\n    }\n  ],\n  \"repo_kv\": \"/Users/vahid/Desktop/xauusd-trader/data/demo_execution/xauusd_stage155_m5_active_router_rule_state_kv.csv\",\n  \"repo_latest\": \"/Users/vahid/Desktop/xauusd-trader/data/demo_execution/xauusd_stage155_m5_active_router_rule_state_latest.csv\",\n  \"mt5_kv_written\": true,\n  \"mt5_kv\": \"/Users/vahid/Library/Application Support/net.metaquotes.wine.metatrader5/drive_c/Program Files/MetaTrader 5/MQL5/Files/xauusd_stage155_m5_active_router_rule_state_kv.csv\",\n  \"mt5_latest\": \"/Users/vahid/Library/Application Support/net.metaquotes.wine.metatrader5/drive_c/Program Files/MetaTrader 5/MQL5/Files/xauusd_stage155_m5_active_router_rule_state_latest.csv\",\n  \"stage134_instruction\": {\n    \"InpRuleStateKvFile\": \"xauusd_stage155_m5_active_router_rule_state_kv.csv\",\n    \"InpAllowedRules\": \"all\",\n    \"keep_InpEnableDemoOrders\": \"true only on demo account\"\n  },\n  \"summary_json\": \"/Users/vahid/Desktop/xauusd-trader/reports/stage155_active_router_demo_risk_guard/m5/stage155_active_router_demo_risk_guard_summary.json\",\n  \"next\": [\n    \"Use Stage155 for demo execution routing after Stage154 exposed demo-negative families.\",\n    \"Keep Stage150B as offline replacement discovery; Stage154 only routes cached PASS candidates.\"\n  ]\n}\n",
      "stderr_tail": ""
    }
  ],
  "next": [
    "If classification is NO_ACTIVE_RULE, keep Stage155 running and do not patch unless inactivity is commercially unacceptable over a defined window.",
    "If classification is SOURCE_STALE or BLOCKED_STALE, update the M5 CSV and run this unifier again.",
    "Use --db-update-command only after identifying the repo's current AMarkets DB updater command."
  ]
}
{
  "stage": "Stage156_OPERATIONAL_UNIFIER",
  "generated_utc": "2026-07-07T20:08:44Z",
  "status": "STAGE156_COMPLETE_OPERATIONAL_UNIFIER_READY",
  "classification": "POSITION_OPEN",
  "reason": "Stage134 sees an open position; duplicate orders correctly blocked.",
  "root": "/Users/vahid/Desktop/xauusd-trader",
  "mt5_files": "/Users/vahid/Library/Application Support/net.metaquotes.wine.metatrader5/drive_c/Program Files/MetaTrader 5/MQL5/Files",
  "source": {
    "bars_m5": "/Users/vahid/Downloads/xauusd_fundamental_event_inbox/amarkets_xauusd_5m.csv",
    "exists": true,
    "row_count_including_header_if_any": 318752,
    "last_line": "2026.07.07\t21:30:00\t4141.47\t4141.57\t4136.03\t4138.67\t424\t0\t37",
    "raw_latest_time": "2026-07-07T21:30:00Z",
    "timestamp_shift_hours": -3.0,
    "normalized_latest_time": "2026-07-07T18:30:00Z",
    "feature_age_sec": 5925,
    "max_feature_age_sec": 7200,
    "source_fresh": true
  },
  "router": {
    "cmd": "/Library/Frameworks/Python.framework/Versions/3.14/bin/python3 app/stage154_active_shortlist_rule_router.py --root /Users/vahid/Desktop/xauusd-trader --bars /Users/vahid/Downloads/xauusd_fundamental_event_inbox/amarkets_xauusd_5m.csv --score-csv /Users/vahid/Desktop/xauusd-trader/reports/stage150_mtf_separated_validation_discovery/m5/stage150_candidate_scores.csv --risk-summary /Users/vahid/Desktop/xauusd-trader/reports/stage145_clean_ledger_performance_gate/stage145_clean_ledger_performance_gate_summary.json --tf m5 --timeframe-minutes 5 --max-feature-age-sec 7200 --timestamp-shift-hours -3.0 --write-mt5",
    "kv_path": "/Users/vahid/Library/Application Support/net.metaquotes.wine.metatrader5/drive_c/Program Files/MetaTrader 5/MQL5/Files/xauusd_stage155_m5_active_router_rule_state_kv.csv",
    "decision": "STAGE155_ACTIVE_RISK_GUARDED_RULE_READY_POINT_STAGE134_TO_STAGE155_FILE",
    "any_signal_active": "true",
    "selected_rule_id": "D150C_M5_ret_6h_bps_LEQ50__trend_8_20_bps_GEQ65",
    "selected_family_key": "D150C_M5_ret_6h_bps__trend_8_20_bps",
    "active_shortlist_count": "79",
    "eligible_shortlist_count": "191",
    "risk_blocked_family_count": "4"
  },
  "stage134": {
    "kv_path": "/Users/vahid/Library/Application Support/net.metaquotes.wine.metatrader5/drive_c/Program Files/MetaTrader 5/MQL5/Files/xauusd_stage134_demo_executor_status_kv.csv",
    "decision": "BLOCKED_MAX_OPEN_POSITIONS",
    "reason": "max open positions reached",
    "feature_date": "2026-07-07T18:30:00Z",
    "signal_fresh": "true",
    "signal_age_sec": "5958",
    "any_signal_active": "true",
    "open_positions": "1",
    "last_success_signal_key": "2026-07-07T18:30:00Z|D150C_M5_ret_6h_bps_LEQ50__trend_8_20_bps_GEQ65",
    "last_attempt_signal_key": "2026-07-07T18:30:00Z|D150C_M5_ret_6h_bps_LEQ50__trend_8_20_bps_GEQ65"
  },
  "commands": [
    {
      "cmd": "/Library/Frameworks/Python.framework/Versions/3.14/bin/python3 app/stage154_active_shortlist_rule_router.py --root /Users/vahid/Desktop/xauusd-trader --bars /Users/vahid/Downloads/xauusd_fundamental_event_inbox/amarkets_xauusd_5m.csv --score-csv /Users/vahid/Desktop/xauusd-trader/reports/stage150_mtf_separated_validation_discovery/m5/stage150_candidate_scores.csv --risk-summary /Users/vahid/Desktop/xauusd-trader/reports/stage145_clean_ledger_performance_gate/stage145_clean_ledger_performance_gate_summary.json --tf m5 --timeframe-minutes 5 --max-feature-age-sec 7200 --timestamp-shift-hours -3.0 --write-mt5",
      "started_utc": "2026-07-07T20:08:45Z",
      "finished_utc": "2026-07-07T20:09:29Z",
      "returncode": 0,
      "stdout_tail": "ars_path\": \"/Users/vahid/Downloads/xauusd_fundamental_event_inbox/amarkets_xauusd_5m.csv\",\n  \"score_csv\": \"/Users/vahid/Desktop/xauusd-trader/reports/stage150_mtf_separated_validation_discovery/m5/stage150_candidate_scores.csv\",\n  \"tf\": \"m5\",\n  \"timeframe_minutes\": 5,\n  \"raw_row_count\": 318751,\n  \"bar_count\": 318751,\n  \"raw_feature_date\": \"2026-07-07T21:30:00Z\",\n  \"timestamp_shift_hours\": -3.0,\n  \"feature_date\": \"2026-07-07T18:30:00Z\",\n  \"feature_age_sec\": 5969,\n  \"max_feature_age_sec\": 7200,\n  \"feature_fresh\": true,\n  \"score_rows\": 552,\n  \"eligible_shortlist_count\": 191,\n  \"active_shortlist_count\": 79,\n  \"selected_rule_id\": \"D150C_M5_ret_6h_bps_LEQ50__trend_8_20_bps_GEQ65\",\n  \"selected_label\": \"m5: ret_6h_bps <= q50 AND trend_8_20_bps >= q65\",\n  \"selected_family_key\": \"D150C_M5_ret_6h_bps__trend_8_20_bps\",\n  \"selected_condition_snapshot\": \"[{\\\"current\\\": -60.95027677381459, \\\"feature\\\": \\\"ret_6h_bps\\\", \\\"op\\\": \\\"<=\\\", \\\"threshold\\\": 0.6210794374084116}, {\\\"current\\\": 19.275531114357758, \\\"feature\\\": \\\"trend_8_20_bps\\\", \\\"op\\\": \\\">=\\\", \\\"threshold\\\": 9.25846423904142}]\",\n  \"risk_summary\": \"/Users/vahid/Desktop/xauusd-trader/reports/stage145_clean_ledger_performance_gate/stage145_clean_ledger_performance_gate_summary.json\",\n  \"block_negative_demo_families\": true,\n  \"risk_blocked_family_count\": 4,\n  \"risk_blocked_candidate_count\": 27,\n  \"blocked_family_keys\": [\n    \"D138C_ret_48h_bps__trend_50_100_bps\",\n    \"D150C_M5_ret_12h_bps__trend_50_100_bps\",\n    \"D150C_M5_ret_3h_bps__ret_24h_bps\",\n    \"D150C_M5_trend_8_20_bps__trend_50_100_bps\"\n  ],\n  \"blocked_family_rows\": [\n    {\n      \"family_key\": \"D138C_ret_48h_bps__trend_50_100_bps\",\n      \"closed_trade_count\": 6,\n      \"total_bps\": -1.29,\n      \"mean_bps\": -0.21,\n      \"total_net_profit\": -0.94,\n      \"last_rule_id\": \"D138C_ret_48h_bps_GEQ65__trend_50_100_bps_LEQ65\",\n      \"last_outcome\": \"PROFIT\"\n    },\n    {\n      \"family_key\": \"D150C_M5_ret_12h_bps__trend_50_100_bps\",\n      \"closed_trade_count\": 1,\n      \"total_bps\": -57.1,\n      \"mean_bps\": -57.1,\n      \"total_net_profit\": -23.65,\n      \"last_rule_id\": \"D150C_M5_ret_12h_bps_GEQ35__trend_50_100_bps_GEQ35\",\n      \"last_outcome\": \"LOSS\"\n    },\n    {\n      \"family_key\": \"D150C_M5_ret_3h_bps__ret_24h_bps\",\n      \"closed_trade_count\": 1,\n      \"total_bps\": -19.35,\n      \"mean_bps\": -19.35,\n      \"total_net_profit\": -8.72,\n      \"last_rule_id\": \"D150C_M5_ret_3h_bps_GEQ65__ret_24h_bps_GEQ35\",\n      \"last_outcome\": \"LOSS\"\n    },\n    {\n      \"family_key\": \"D150C_M5_trend_8_20_bps__trend_50_100_bps\",\n      \"closed_trade_count\": 1,\n      \"total_bps\": -50.52,\n      \"mean_bps\": -50.52,\n      \"total_net_profit\": -21.22,\n      \"last_rule_id\": \"D150C_M5_trend_8_20_bps_GEQ65__trend_50_100_bps_GEQ35\",\n      \"last_outcome\": \"LOSS\"\n    }\n  ],\n  \"repo_kv\": \"/Users/vahid/Desktop/xauusd-trader/data/demo_execution/xauusd_stage155_m5_active_router_rule_state_kv.csv\",\n  \"repo_latest\": \"/Users/vahid/Desktop/xauusd-trader/data/demo_execution/xauusd_stage155_m5_active_router_rule_state_latest.csv\",\n  \"mt5_kv_written\": true,\n  \"mt5_kv\": \"/Users/vahid/Library/Application Support/net.metaquotes.wine.metatrader5/drive_c/Program Files/MetaTrader 5/MQL5/Files/xauusd_stage155_m5_active_router_rule_state_kv.csv\",\n  \"mt5_latest\": \"/Users/vahid/Library/Application Support/net.metaquotes.wine.metatrader5/drive_c/Program Files/MetaTrader 5/MQL5/Files/xauusd_stage155_m5_active_router_rule_state_latest.csv\",\n  \"stage134_instruction\": {\n    \"InpRuleStateKvFile\": \"xauusd_stage155_m5_active_router_rule_state_kv.csv\",\n    \"InpAllowedRules\": \"all\",\n    \"keep_InpEnableDemoOrders\": \"true only on demo account\"\n  },\n  \"summary_json\": \"/Users/vahid/Desktop/xauusd-trader/reports/stage155_active_router_demo_risk_guard/m5/stage155_active_router_demo_risk_guard_summary.json\",\n  \"next\": [\n    \"Use Stage155 for demo execution routing after Stage154 exposed demo-negative families.\",\n    \"Keep Stage150B as offline replacement discovery; Stage154 only routes cached PASS candidates.\"\n  ]\n}\n",
      "stderr_tail": ""
    }
  ],
  "next": [
    "If classification is NO_ACTIVE_RULE, keep Stage155 running and do not patch unless inactivity is commercially unacceptable over a defined window.",
    "If classification is SOURCE_STALE or BLOCKED_STALE, update the M5 CSV and run this unifier again.",
    "Use --db-update-command only after identifying the repo's current AMarkets DB updater command."
  ]
}
{
  "stage": "Stage156_OPERATIONAL_UNIFIER",
  "generated_utc": "2026-07-07T20:14:36Z",
  "status": "STAGE156_COMPLETE_OPERATIONAL_UNIFIER_READY",
  "classification": "POSITION_OPEN",
  "reason": "Stage134 sees an open position; duplicate orders correctly blocked.",
  "root": "/Users/vahid/Desktop/xauusd-trader",
  "mt5_files": "/Users/vahid/Library/Application Support/net.metaquotes.wine.metatrader5/drive_c/Program Files/MetaTrader 5/MQL5/Files",
  "source": {
    "bars_m5": "/Users/vahid/Downloads/xauusd_fundamental_event_inbox/amarkets_xauusd_5m.csv",
    "exists": true,
    "row_count_including_header_if_any": 318752,
    "last_line": "2026.07.07\t21:30:00\t4141.47\t4141.57\t4136.03\t4138.67\t424\t0\t37",
    "raw_latest_time": "2026-07-07T21:30:00Z",
    "timestamp_shift_hours": -3.0,
    "normalized_latest_time": "2026-07-07T18:30:00Z",
    "feature_age_sec": 6277,
    "max_feature_age_sec": 7200,
    "source_fresh": true
  },
  "router": {
    "cmd": "/Library/Frameworks/Python.framework/Versions/3.14/bin/python3 app/stage154_active_shortlist_rule_router.py --root /Users/vahid/Desktop/xauusd-trader --bars /Users/vahid/Downloads/xauusd_fundamental_event_inbox/amarkets_xauusd_5m.csv --score-csv /Users/vahid/Desktop/xauusd-trader/reports/stage150_mtf_separated_validation_discovery/m5/stage150_candidate_scores.csv --risk-summary /Users/vahid/Desktop/xauusd-trader/reports/stage145_clean_ledger_performance_gate/stage145_clean_ledger_performance_gate_summary.json --tf m5 --timeframe-minutes 5 --max-feature-age-sec 7200 --timestamp-shift-hours -3.0 --write-mt5",
    "kv_path": "/Users/vahid/Library/Application Support/net.metaquotes.wine.metatrader5/drive_c/Program Files/MetaTrader 5/MQL5/Files/xauusd_stage155_m5_active_router_rule_state_kv.csv",
    "decision": "STAGE155_ACTIVE_RISK_GUARDED_RULE_READY_POINT_STAGE134_TO_STAGE155_FILE",
    "any_signal_active": "true",
    "selected_rule_id": "D150C_M5_ret_6h_bps_LEQ50__trend_8_20_bps_GEQ65",
    "selected_family_key": "D150C_M5_ret_6h_bps__trend_8_20_bps",
    "active_shortlist_count": "79",
    "eligible_shortlist_count": "191",
    "risk_blocked_family_count": "4"
  },
  "stage134": {
    "kv_path": "/Users/vahid/Library/Application Support/net.metaquotes.wine.metatrader5/drive_c/Program Files/MetaTrader 5/MQL5/Files/xauusd_stage134_demo_executor_status_kv.csv",
    "decision": "BLOCKED_MAX_OPEN_POSITIONS",
    "reason": "max open positions reached",
    "feature_date": "2026-07-07T18:30:00Z",
    "signal_fresh": "true",
    "signal_age_sec": "6318",
    "any_signal_active": "true",
    "open_positions": "1",
    "last_success_signal_key": "2026-07-07T18:30:00Z|D150C_M5_ret_6h_bps_LEQ50__trend_8_20_bps_GEQ65",
    "last_attempt_signal_key": "2026-07-07T18:30:00Z|D150C_M5_ret_6h_bps_LEQ50__trend_8_20_bps_GEQ65"
  },
  "commands": [
    {
      "cmd": "/Library/Frameworks/Python.framework/Versions/3.14/bin/python3 app/stage154_active_shortlist_rule_router.py --root /Users/vahid/Desktop/xauusd-trader --bars /Users/vahid/Downloads/xauusd_fundamental_event_inbox/amarkets_xauusd_5m.csv --score-csv /Users/vahid/Desktop/xauusd-trader/reports/stage150_mtf_separated_validation_discovery/m5/stage150_candidate_scores.csv --risk-summary /Users/vahid/Desktop/xauusd-trader/reports/stage145_clean_ledger_performance_gate/stage145_clean_ledger_performance_gate_summary.json --tf m5 --timeframe-minutes 5 --max-feature-age-sec 7200 --timestamp-shift-hours -3.0 --write-mt5",
      "started_utc": "2026-07-07T20:14:37Z",
      "finished_utc": "2026-07-07T20:15:30Z",
      "returncode": 0,
      "stdout_tail": "ars_path\": \"/Users/vahid/Downloads/xauusd_fundamental_event_inbox/amarkets_xauusd_5m.csv\",\n  \"score_csv\": \"/Users/vahid/Desktop/xauusd-trader/reports/stage150_mtf_separated_validation_discovery/m5/stage150_candidate_scores.csv\",\n  \"tf\": \"m5\",\n  \"timeframe_minutes\": 5,\n  \"raw_row_count\": 318751,\n  \"bar_count\": 318751,\n  \"raw_feature_date\": \"2026-07-07T21:30:00Z\",\n  \"timestamp_shift_hours\": -3.0,\n  \"feature_date\": \"2026-07-07T18:30:00Z\",\n  \"feature_age_sec\": 6329,\n  \"max_feature_age_sec\": 7200,\n  \"feature_fresh\": true,\n  \"score_rows\": 552,\n  \"eligible_shortlist_count\": 191,\n  \"active_shortlist_count\": 79,\n  \"selected_rule_id\": \"D150C_M5_ret_6h_bps_LEQ50__trend_8_20_bps_GEQ65\",\n  \"selected_label\": \"m5: ret_6h_bps <= q50 AND trend_8_20_bps >= q65\",\n  \"selected_family_key\": \"D150C_M5_ret_6h_bps__trend_8_20_bps\",\n  \"selected_condition_snapshot\": \"[{\\\"current\\\": -60.95027677381459, \\\"feature\\\": \\\"ret_6h_bps\\\", \\\"op\\\": \\\"<=\\\", \\\"threshold\\\": 0.6210794374084116}, {\\\"current\\\": 19.275531114357758, \\\"feature\\\": \\\"trend_8_20_bps\\\", \\\"op\\\": \\\">=\\\", \\\"threshold\\\": 9.25846423904142}]\",\n  \"risk_summary\": \"/Users/vahid/Desktop/xauusd-trader/reports/stage145_clean_ledger_performance_gate/stage145_clean_ledger_performance_gate_summary.json\",\n  \"block_negative_demo_families\": true,\n  \"risk_blocked_family_count\": 4,\n  \"risk_blocked_candidate_count\": 27,\n  \"blocked_family_keys\": [\n    \"D138C_ret_48h_bps__trend_50_100_bps\",\n    \"D150C_M5_ret_12h_bps__trend_50_100_bps\",\n    \"D150C_M5_ret_3h_bps__ret_24h_bps\",\n    \"D150C_M5_trend_8_20_bps__trend_50_100_bps\"\n  ],\n  \"blocked_family_rows\": [\n    {\n      \"family_key\": \"D138C_ret_48h_bps__trend_50_100_bps\",\n      \"closed_trade_count\": 6,\n      \"total_bps\": -1.29,\n      \"mean_bps\": -0.21,\n      \"total_net_profit\": -0.94,\n      \"last_rule_id\": \"D138C_ret_48h_bps_GEQ65__trend_50_100_bps_LEQ65\",\n      \"last_outcome\": \"PROFIT\"\n    },\n    {\n      \"family_key\": \"D150C_M5_ret_12h_bps__trend_50_100_bps\",\n      \"closed_trade_count\": 1,\n      \"total_bps\": -57.1,\n      \"mean_bps\": -57.1,\n      \"total_net_profit\": -23.65,\n      \"last_rule_id\": \"D150C_M5_ret_12h_bps_GEQ35__trend_50_100_bps_GEQ35\",\n      \"last_outcome\": \"LOSS\"\n    },\n    {\n      \"family_key\": \"D150C_M5_ret_3h_bps__ret_24h_bps\",\n      \"closed_trade_count\": 1,\n      \"total_bps\": -19.35,\n      \"mean_bps\": -19.35,\n      \"total_net_profit\": -8.72,\n      \"last_rule_id\": \"D150C_M5_ret_3h_bps_GEQ65__ret_24h_bps_GEQ35\",\n      \"last_outcome\": \"LOSS\"\n    },\n    {\n      \"family_key\": \"D150C_M5_trend_8_20_bps__trend_50_100_bps\",\n      \"closed_trade_count\": 1,\n      \"total_bps\": -50.52,\n      \"mean_bps\": -50.52,\n      \"total_net_profit\": -21.22,\n      \"last_rule_id\": \"D150C_M5_trend_8_20_bps_GEQ65__trend_50_100_bps_GEQ35\",\n      \"last_outcome\": \"LOSS\"\n    }\n  ],\n  \"repo_kv\": \"/Users/vahid/Desktop/xauusd-trader/data/demo_execution/xauusd_stage155_m5_active_router_rule_state_kv.csv\",\n  \"repo_latest\": \"/Users/vahid/Desktop/xauusd-trader/data/demo_execution/xauusd_stage155_m5_active_router_rule_state_latest.csv\",\n  \"mt5_kv_written\": true,\n  \"mt5_kv\": \"/Users/vahid/Library/Application Support/net.metaquotes.wine.metatrader5/drive_c/Program Files/MetaTrader 5/MQL5/Files/xauusd_stage155_m5_active_router_rule_state_kv.csv\",\n  \"mt5_latest\": \"/Users/vahid/Library/Application Support/net.metaquotes.wine.metatrader5/drive_c/Program Files/MetaTrader 5/MQL5/Files/xauusd_stage155_m5_active_router_rule_state_latest.csv\",\n  \"stage134_instruction\": {\n    \"InpRuleStateKvFile\": \"xauusd_stage155_m5_active_router_rule_state_kv.csv\",\n    \"InpAllowedRules\": \"all\",\n    \"keep_InpEnableDemoOrders\": \"true only on demo account\"\n  },\n  \"summary_json\": \"/Users/vahid/Desktop/xauusd-trader/reports/stage155_active_router_demo_risk_guard/m5/stage155_active_router_demo_risk_guard_summary.json\",\n  \"next\": [\n    \"Use Stage155 for demo execution routing after Stage154 exposed demo-negative families.\",\n    \"Keep Stage150B as offline replacement discovery; Stage154 only routes cached PASS candidates.\"\n  ]\n}\n",
      "stderr_tail": ""
    }
  ],
  "next": [
    "If classification is NO_ACTIVE_RULE, keep Stage155 running and do not patch unless inactivity is commercially unacceptable over a defined window.",
    "If classification is SOURCE_STALE or BLOCKED_STALE, update the M5 CSV and run this unifier again.",
    "Use --db-update-command only after identifying the repo's current AMarkets DB updater command."
  ]
}
{
  "stage": "Stage156_OPERATIONAL_UNIFIER",
  "generated_utc": "2026-07-07T20:20:33Z",
  "status": "STAGE156_COMPLETE_OPERATIONAL_UNIFIER_READY",
  "classification": "POSITION_OPEN",
  "reason": "Stage134 sees an open position; duplicate orders correctly blocked.",
  "root": "/Users/vahid/Desktop/xauusd-trader",
  "mt5_files": "/Users/vahid/Library/Application Support/net.metaquotes.wine.metatrader5/drive_c/Program Files/MetaTrader 5/MQL5/Files",
  "source": {
    "bars_m5": "/Users/vahid/Downloads/xauusd_fundamental_event_inbox/amarkets_xauusd_5m.csv",
    "exists": true,
    "row_count_including_header_if_any": 318752,
    "last_line": "2026.07.07\t21:30:00\t4141.47\t4141.57\t4136.03\t4138.67\t424\t0\t37",
    "raw_latest_time": "2026-07-07T21:30:00Z",
    "timestamp_shift_hours": -3.0,
    "normalized_latest_time": "2026-07-07T18:30:00Z",
    "feature_age_sec": 6633,
    "max_feature_age_sec": 7200,
    "source_fresh": true
  },
  "router": {
    "cmd": "/Library/Frameworks/Python.framework/Versions/3.14/bin/python3 app/stage154_active_shortlist_rule_router.py --root /Users/vahid/Desktop/xauusd-trader --bars /Users/vahid/Downloads/xauusd_fundamental_event_inbox/amarkets_xauusd_5m.csv --score-csv /Users/vahid/Desktop/xauusd-trader/reports/stage150_mtf_separated_validation_discovery/m5/stage150_candidate_scores.csv --risk-summary /Users/vahid/Desktop/xauusd-trader/reports/stage145_clean_ledger_performance_gate/stage145_clean_ledger_performance_gate_summary.json --tf m5 --timeframe-minutes 5 --max-feature-age-sec 7200 --timestamp-shift-hours -3.0 --write-mt5",
    "kv_path": "/Users/vahid/Library/Application Support/net.metaquotes.wine.metatrader5/drive_c/Program Files/MetaTrader 5/MQL5/Files/xauusd_stage155_m5_active_router_rule_state_kv.csv",
    "decision": "STAGE155_ACTIVE_RISK_GUARDED_RULE_READY_POINT_STAGE134_TO_STAGE155_FILE",
    "any_signal_active": "true",
    "selected_rule_id": "D150C_M5_ret_6h_bps_LEQ50__trend_8_20_bps_GEQ65",
    "selected_family_key": "D150C_M5_ret_6h_bps__trend_8_20_bps",
    "active_shortlist_count": "79",
    "eligible_shortlist_count": "191",
    "risk_blocked_family_count": "4"
  },
  "stage134": {
    "kv_path": "/Users/vahid/Library/Application Support/net.metaquotes.wine.metatrader5/drive_c/Program Files/MetaTrader 5/MQL5/Files/xauusd_stage134_demo_executor_status_kv.csv",
    "decision": "BLOCKED_MAX_OPEN_POSITIONS",
    "reason": "max open positions reached",
    "feature_date": "2026-07-07T18:30:00Z",
    "signal_fresh": "true",
    "signal_age_sec": "6648",
    "any_signal_active": "true",
    "open_positions": "1",
    "last_success_signal_key": "2026-07-07T18:30:00Z|D150C_M5_ret_6h_bps_LEQ50__trend_8_20_bps_GEQ65",
    "last_attempt_signal_key": "2026-07-07T18:30:00Z|D150C_M5_ret_6h_bps_LEQ50__trend_8_20_bps_GEQ65"
  },
  "commands": [
    {
      "cmd": "/Library/Frameworks/Python.framework/Versions/3.14/bin/python3 app/stage154_active_shortlist_rule_router.py --root /Users/vahid/Desktop/xauusd-trader --bars /Users/vahid/Downloads/xauusd_fundamental_event_inbox/amarkets_xauusd_5m.csv --score-csv /Users/vahid/Desktop/xauusd-trader/reports/stage150_mtf_separated_validation_discovery/m5/stage150_candidate_scores.csv --risk-summary /Users/vahid/Desktop/xauusd-trader/reports/stage145_clean_ledger_performance_gate/stage145_clean_ledger_performance_gate_summary.json --tf m5 --timeframe-minutes 5 --max-feature-age-sec 7200 --timestamp-shift-hours -3.0 --write-mt5",
      "started_utc": "2026-07-07T20:20:33Z",
      "finished_utc": "2026-07-07T20:20:52Z",
      "returncode": 0,
      "stdout_tail": "ars_path\": \"/Users/vahid/Downloads/xauusd_fundamental_event_inbox/amarkets_xauusd_5m.csv\",\n  \"score_csv\": \"/Users/vahid/Desktop/xauusd-trader/reports/stage150_mtf_separated_validation_discovery/m5/stage150_candidate_scores.csv\",\n  \"tf\": \"m5\",\n  \"timeframe_minutes\": 5,\n  \"raw_row_count\": 318751,\n  \"bar_count\": 318751,\n  \"raw_feature_date\": \"2026-07-07T21:30:00Z\",\n  \"timestamp_shift_hours\": -3.0,\n  \"feature_date\": \"2026-07-07T18:30:00Z\",\n  \"feature_age_sec\": 6652,\n  \"max_feature_age_sec\": 7200,\n  \"feature_fresh\": true,\n  \"score_rows\": 552,\n  \"eligible_shortlist_count\": 191,\n  \"active_shortlist_count\": 79,\n  \"selected_rule_id\": \"D150C_M5_ret_6h_bps_LEQ50__trend_8_20_bps_GEQ65\",\n  \"selected_label\": \"m5: ret_6h_bps <= q50 AND trend_8_20_bps >= q65\",\n  \"selected_family_key\": \"D150C_M5_ret_6h_bps__trend_8_20_bps\",\n  \"selected_condition_snapshot\": \"[{\\\"current\\\": -60.95027677381459, \\\"feature\\\": \\\"ret_6h_bps\\\", \\\"op\\\": \\\"<=\\\", \\\"threshold\\\": 0.6210794374084116}, {\\\"current\\\": 19.275531114357758, \\\"feature\\\": \\\"trend_8_20_bps\\\", \\\"op\\\": \\\">=\\\", \\\"threshold\\\": 9.25846423904142}]\",\n  \"risk_summary\": \"/Users/vahid/Desktop/xauusd-trader/reports/stage145_clean_ledger_performance_gate/stage145_clean_ledger_performance_gate_summary.json\",\n  \"block_negative_demo_families\": true,\n  \"risk_blocked_family_count\": 4,\n  \"risk_blocked_candidate_count\": 27,\n  \"blocked_family_keys\": [\n    \"D138C_ret_48h_bps__trend_50_100_bps\",\n    \"D150C_M5_ret_12h_bps__trend_50_100_bps\",\n    \"D150C_M5_ret_3h_bps__ret_24h_bps\",\n    \"D150C_M5_trend_8_20_bps__trend_50_100_bps\"\n  ],\n  \"blocked_family_rows\": [\n    {\n      \"family_key\": \"D138C_ret_48h_bps__trend_50_100_bps\",\n      \"closed_trade_count\": 6,\n      \"total_bps\": -1.29,\n      \"mean_bps\": -0.21,\n      \"total_net_profit\": -0.94,\n      \"last_rule_id\": \"D138C_ret_48h_bps_GEQ65__trend_50_100_bps_LEQ65\",\n      \"last_outcome\": \"PROFIT\"\n    },\n    {\n      \"family_key\": \"D150C_M5_ret_12h_bps__trend_50_100_bps\",\n      \"closed_trade_count\": 1,\n      \"total_bps\": -57.1,\n      \"mean_bps\": -57.1,\n      \"total_net_profit\": -23.65,\n      \"last_rule_id\": \"D150C_M5_ret_12h_bps_GEQ35__trend_50_100_bps_GEQ35\",\n      \"last_outcome\": \"LOSS\"\n    },\n    {\n      \"family_key\": \"D150C_M5_ret_3h_bps__ret_24h_bps\",\n      \"closed_trade_count\": 1,\n      \"total_bps\": -19.35,\n      \"mean_bps\": -19.35,\n      \"total_net_profit\": -8.72,\n      \"last_rule_id\": \"D150C_M5_ret_3h_bps_GEQ65__ret_24h_bps_GEQ35\",\n      \"last_outcome\": \"LOSS\"\n    },\n    {\n      \"family_key\": \"D150C_M5_trend_8_20_bps__trend_50_100_bps\",\n      \"closed_trade_count\": 1,\n      \"total_bps\": -50.52,\n      \"mean_bps\": -50.52,\n      \"total_net_profit\": -21.22,\n      \"last_rule_id\": \"D150C_M5_trend_8_20_bps_GEQ65__trend_50_100_bps_GEQ35\",\n      \"last_outcome\": \"LOSS\"\n    }\n  ],\n  \"repo_kv\": \"/Users/vahid/Desktop/xauusd-trader/data/demo_execution/xauusd_stage155_m5_active_router_rule_state_kv.csv\",\n  \"repo_latest\": \"/Users/vahid/Desktop/xauusd-trader/data/demo_execution/xauusd_stage155_m5_active_router_rule_state_latest.csv\",\n  \"mt5_kv_written\": true,\n  \"mt5_kv\": \"/Users/vahid/Library/Application Support/net.metaquotes.wine.metatrader5/drive_c/Program Files/MetaTrader 5/MQL5/Files/xauusd_stage155_m5_active_router_rule_state_kv.csv\",\n  \"mt5_latest\": \"/Users/vahid/Library/Application Support/net.metaquotes.wine.metatrader5/drive_c/Program Files/MetaTrader 5/MQL5/Files/xauusd_stage155_m5_active_router_rule_state_latest.csv\",\n  \"stage134_instruction\": {\n    \"InpRuleStateKvFile\": \"xauusd_stage155_m5_active_router_rule_state_kv.csv\",\n    \"InpAllowedRules\": \"all\",\n    \"keep_InpEnableDemoOrders\": \"true only on demo account\"\n  },\n  \"summary_json\": \"/Users/vahid/Desktop/xauusd-trader/reports/stage155_active_router_demo_risk_guard/m5/stage155_active_router_demo_risk_guard_summary.json\",\n  \"next\": [\n    \"Use Stage155 for demo execution routing after Stage154 exposed demo-negative families.\",\n    \"Keep Stage150B as offline replacement discovery; Stage154 only routes cached PASS candidates.\"\n  ]\n}\n",
      "stderr_tail": ""
    }
  ],
  "next": [
    "If classification is NO_ACTIVE_RULE, keep Stage155 running and do not patch unless inactivity is commercially unacceptable over a defined window.",
    "If classification is SOURCE_STALE or BLOCKED_STALE, update the M5 CSV and run this unifier again.",
    "Use --db-update-command only after identifying the repo's current AMarkets DB updater command."
  ]
}
{
  "stage": "Stage156_OPERATIONAL_UNIFIER",
  "generated_utc": "2026-07-07T20:25:56Z",
  "status": "STAGE156_COMPLETE_OPERATIONAL_UNIFIER_READY",
  "classification": "POSITION_OPEN",
  "reason": "Stage134 sees an open position; duplicate orders correctly blocked.",
  "root": "/Users/vahid/Desktop/xauusd-trader",
  "mt5_files": "/Users/vahid/Library/Application Support/net.metaquotes.wine.metatrader5/drive_c/Program Files/MetaTrader 5/MQL5/Files",
  "source": {
    "bars_m5": "/Users/vahid/Downloads/xauusd_fundamental_event_inbox/amarkets_xauusd_5m.csv",
    "exists": true,
    "row_count_including_header_if_any": 318752,
    "last_line": "2026.07.07\t21:30:00\t4141.47\t4141.57\t4136.03\t4138.67\t424\t0\t37",
    "raw_latest_time": "2026-07-07T21:30:00Z",
    "timestamp_shift_hours": -3.0,
    "normalized_latest_time": "2026-07-07T18:30:00Z",
    "feature_age_sec": 6956,
    "max_feature_age_sec": 7200,
    "source_fresh": true
  },
  "router": {
    "cmd": "/Library/Frameworks/Python.framework/Versions/3.14/bin/python3 app/stage154_active_shortlist_rule_router.py --root /Users/vahid/Desktop/xauusd-trader --bars /Users/vahid/Downloads/xauusd_fundamental_event_inbox/amarkets_xauusd_5m.csv --score-csv /Users/vahid/Desktop/xauusd-trader/reports/stage150_mtf_separated_validation_discovery/m5/stage150_candidate_scores.csv --risk-summary /Users/vahid/Desktop/xauusd-trader/reports/stage145_clean_ledger_performance_gate/stage145_clean_ledger_performance_gate_summary.json --tf m5 --timeframe-minutes 5 --max-feature-age-sec 7200 --timestamp-shift-hours -3.0 --write-mt5",
    "kv_path": "/Users/vahid/Library/Application Support/net.metaquotes.wine.metatrader5/drive_c/Program Files/MetaTrader 5/MQL5/Files/xauusd_stage155_m5_active_router_rule_state_kv.csv",
    "decision": "STAGE155_ACTIVE_RISK_GUARDED_RULE_READY_POINT_STAGE134_TO_STAGE155_FILE",
    "any_signal_active": "true",
    "selected_rule_id": "D150C_M5_ret_6h_bps_LEQ50__trend_8_20_bps_GEQ65",
    "selected_family_key": "D150C_M5_ret_6h_bps__trend_8_20_bps",
    "active_shortlist_count": "79",
    "eligible_shortlist_count": "191",
    "risk_blocked_family_count": "4"
  },
  "stage134": {
    "kv_path": "/Users/vahid/Library/Application Support/net.metaquotes.wine.metatrader5/drive_c/Program Files/MetaTrader 5/MQL5/Files/xauusd_stage134_demo_executor_status_kv.csv",
    "decision": "BLOCKED_MAX_OPEN_POSITIONS",
    "reason": "max open positions reached",
    "feature_date": "2026-07-07T18:30:00Z",
    "signal_fresh": "true",
    "signal_age_sec": "6950",
    "any_signal_active": "true",
    "open_positions": "1",
    "last_success_signal_key": "2026-07-07T18:30:00Z|D150C_M5_ret_6h_bps_LEQ50__trend_8_20_bps_GEQ65",
    "last_attempt_signal_key": "2026-07-07T18:30:00Z|D150C_M5_ret_6h_bps_LEQ50__trend_8_20_bps_GEQ65"
  },
  "commands": [
    {
      "cmd": "/Library/Frameworks/Python.framework/Versions/3.14/bin/python3 app/stage154_active_shortlist_rule_router.py --root /Users/vahid/Desktop/xauusd-trader --bars /Users/vahid/Downloads/xauusd_fundamental_event_inbox/amarkets_xauusd_5m.csv --score-csv /Users/vahid/Desktop/xauusd-trader/reports/stage150_mtf_separated_validation_discovery/m5/stage150_candidate_scores.csv --risk-summary /Users/vahid/Desktop/xauusd-trader/reports/stage145_clean_ledger_performance_gate/stage145_clean_ledger_performance_gate_summary.json --tf m5 --timeframe-minutes 5 --max-feature-age-sec 7200 --timestamp-shift-hours -3.0 --write-mt5",
      "started_utc": "2026-07-07T20:25:56Z",
      "finished_utc": "2026-07-07T20:26:09Z",
      "returncode": 0,
      "stdout_tail": "ars_path\": \"/Users/vahid/Downloads/xauusd_fundamental_event_inbox/amarkets_xauusd_5m.csv\",\n  \"score_csv\": \"/Users/vahid/Desktop/xauusd-trader/reports/stage150_mtf_separated_validation_discovery/m5/stage150_candidate_scores.csv\",\n  \"tf\": \"m5\",\n  \"timeframe_minutes\": 5,\n  \"raw_row_count\": 318751,\n  \"bar_count\": 318751,\n  \"raw_feature_date\": \"2026-07-07T21:30:00Z\",\n  \"timestamp_shift_hours\": -3.0,\n  \"feature_date\": \"2026-07-07T18:30:00Z\",\n  \"feature_age_sec\": 6968,\n  \"max_feature_age_sec\": 7200,\n  \"feature_fresh\": true,\n  \"score_rows\": 552,\n  \"eligible_shortlist_count\": 191,\n  \"active_shortlist_count\": 79,\n  \"selected_rule_id\": \"D150C_M5_ret_6h_bps_LEQ50__trend_8_20_bps_GEQ65\",\n  \"selected_label\": \"m5: ret_6h_bps <= q50 AND trend_8_20_bps >= q65\",\n  \"selected_family_key\": \"D150C_M5_ret_6h_bps__trend_8_20_bps\",\n  \"selected_condition_snapshot\": \"[{\\\"current\\\": -60.95027677381459, \\\"feature\\\": \\\"ret_6h_bps\\\", \\\"op\\\": \\\"<=\\\", \\\"threshold\\\": 0.6210794374084116}, {\\\"current\\\": 19.275531114357758, \\\"feature\\\": \\\"trend_8_20_bps\\\", \\\"op\\\": \\\">=\\\", \\\"threshold\\\": 9.25846423904142}]\",\n  \"risk_summary\": \"/Users/vahid/Desktop/xauusd-trader/reports/stage145_clean_ledger_performance_gate/stage145_clean_ledger_performance_gate_summary.json\",\n  \"block_negative_demo_families\": true,\n  \"risk_blocked_family_count\": 4,\n  \"risk_blocked_candidate_count\": 27,\n  \"blocked_family_keys\": [\n    \"D138C_ret_48h_bps__trend_50_100_bps\",\n    \"D150C_M5_ret_12h_bps__trend_50_100_bps\",\n    \"D150C_M5_ret_3h_bps__ret_24h_bps\",\n    \"D150C_M5_trend_8_20_bps__trend_50_100_bps\"\n  ],\n  \"blocked_family_rows\": [\n    {\n      \"family_key\": \"D138C_ret_48h_bps__trend_50_100_bps\",\n      \"closed_trade_count\": 6,\n      \"total_bps\": -1.29,\n      \"mean_bps\": -0.21,\n      \"total_net_profit\": -0.94,\n      \"last_rule_id\": \"D138C_ret_48h_bps_GEQ65__trend_50_100_bps_LEQ65\",\n      \"last_outcome\": \"PROFIT\"\n    },\n    {\n      \"family_key\": \"D150C_M5_ret_12h_bps__trend_50_100_bps\",\n      \"closed_trade_count\": 1,\n      \"total_bps\": -57.1,\n      \"mean_bps\": -57.1,\n      \"total_net_profit\": -23.65,\n      \"last_rule_id\": \"D150C_M5_ret_12h_bps_GEQ35__trend_50_100_bps_GEQ35\",\n      \"last_outcome\": \"LOSS\"\n    },\n    {\n      \"family_key\": \"D150C_M5_ret_3h_bps__ret_24h_bps\",\n      \"closed_trade_count\": 1,\n      \"total_bps\": -19.35,\n      \"mean_bps\": -19.35,\n      \"total_net_profit\": -8.72,\n      \"last_rule_id\": \"D150C_M5_ret_3h_bps_GEQ65__ret_24h_bps_GEQ35\",\n      \"last_outcome\": \"LOSS\"\n    },\n    {\n      \"family_key\": \"D150C_M5_trend_8_20_bps__trend_50_100_bps\",\n      \"closed_trade_count\": 1,\n      \"total_bps\": -50.52,\n      \"mean_bps\": -50.52,\n      \"total_net_profit\": -21.22,\n      \"last_rule_id\": \"D150C_M5_trend_8_20_bps_GEQ65__trend_50_100_bps_GEQ35\",\n      \"last_outcome\": \"LOSS\"\n    }\n  ],\n  \"repo_kv\": \"/Users/vahid/Desktop/xauusd-trader/data/demo_execution/xauusd_stage155_m5_active_router_rule_state_kv.csv\",\n  \"repo_latest\": \"/Users/vahid/Desktop/xauusd-trader/data/demo_execution/xauusd_stage155_m5_active_router_rule_state_latest.csv\",\n  \"mt5_kv_written\": true,\n  \"mt5_kv\": \"/Users/vahid/Library/Application Support/net.metaquotes.wine.metatrader5/drive_c/Program Files/MetaTrader 5/MQL5/Files/xauusd_stage155_m5_active_router_rule_state_kv.csv\",\n  \"mt5_latest\": \"/Users/vahid/Library/Application Support/net.metaquotes.wine.metatrader5/drive_c/Program Files/MetaTrader 5/MQL5/Files/xauusd_stage155_m5_active_router_rule_state_latest.csv\",\n  \"stage134_instruction\": {\n    \"InpRuleStateKvFile\": \"xauusd_stage155_m5_active_router_rule_state_kv.csv\",\n    \"InpAllowedRules\": \"all\",\n    \"keep_InpEnableDemoOrders\": \"true only on demo account\"\n  },\n  \"summary_json\": \"/Users/vahid/Desktop/xauusd-trader/reports/stage155_active_router_demo_risk_guard/m5/stage155_active_router_demo_risk_guard_summary.json\",\n  \"next\": [\n    \"Use Stage155 for demo execution routing after Stage154 exposed demo-negative families.\",\n    \"Keep Stage150B as offline replacement discovery; Stage154 only routes cached PASS candidates.\"\n  ]\n}\n",
      "stderr_tail": ""
    }
  ],
  "next": [
    "If classification is NO_ACTIVE_RULE, keep Stage155 running and do not patch unless inactivity is commercially unacceptable over a defined window.",
    "If classification is SOURCE_STALE or BLOCKED_STALE, update the M5 CSV and run this unifier again.",
    "Use --db-update-command only after identifying the repo's current AMarkets DB updater command."
  ]
}
{
  "stage": "Stage156_OPERATIONAL_UNIFIER",
  "generated_utc": "2026-07-07T20:31:13Z",
  "status": "STAGE156_COMPLETE_OPERATIONAL_UNIFIER_READY",
  "classification": "BLOCKED_STALE",
  "reason": "Stage134 blocked because feature_date is stale; update source CSV or ensure router scheduler is running.",
  "root": "/Users/vahid/Desktop/xauusd-trader",
  "mt5_files": "/Users/vahid/Library/Application Support/net.metaquotes.wine.metatrader5/drive_c/Program Files/MetaTrader 5/MQL5/Files",
  "source": {
    "bars_m5": "/Users/vahid/Downloads/xauusd_fundamental_event_inbox/amarkets_xauusd_5m.csv",
    "exists": true,
    "row_count_including_header_if_any": 318752,
    "last_line": "2026.07.07\t21:30:00\t4141.47\t4141.57\t4136.03\t4138.67\t424\t0\t37",
    "raw_latest_time": "2026-07-07T21:30:00Z",
    "timestamp_shift_hours": -3.0,
    "normalized_latest_time": "2026-07-07T18:30:00Z",
    "feature_age_sec": 7273,
    "max_feature_age_sec": 7200,
    "source_fresh": false
  },
  "router": {
    "cmd": "/Library/Frameworks/Python.framework/Versions/3.14/bin/python3 app/stage154_active_shortlist_rule_router.py --root /Users/vahid/Desktop/xauusd-trader --bars /Users/vahid/Downloads/xauusd_fundamental_event_inbox/amarkets_xauusd_5m.csv --score-csv /Users/vahid/Desktop/xauusd-trader/reports/stage150_mtf_separated_validation_discovery/m5/stage150_candidate_scores.csv --risk-summary /Users/vahid/Desktop/xauusd-trader/reports/stage145_clean_ledger_performance_gate/stage145_clean_ledger_performance_gate_summary.json --tf m5 --timeframe-minutes 5 --max-feature-age-sec 7200 --timestamp-shift-hours -3.0 --write-mt5",
    "kv_path": "/Users/vahid/Library/Application Support/net.metaquotes.wine.metatrader5/drive_c/Program Files/MetaTrader 5/MQL5/Files/xauusd_stage155_m5_active_router_rule_state_kv.csv",
    "decision": "STAGE155_ACTIVE_ROUTER_STALE_NO_ORDER",
    "any_signal_active": "false",
    "selected_rule_id": "D150C_M5_ret_6h_bps_LEQ50__trend_8_20_bps_GEQ65",
    "selected_family_key": "D150C_M5_ret_6h_bps__trend_8_20_bps",
    "active_shortlist_count": "79",
    "eligible_shortlist_count": "191",
    "risk_blocked_family_count": "4"
  },
  "stage134": {
    "kv_path": "/Users/vahid/Library/Application Support/net.metaquotes.wine.metatrader5/drive_c/Program Files/MetaTrader 5/MQL5/Files/xauusd_stage134_demo_executor_status_kv.csv",
    "decision": "BLOCKED_SIGNAL_STALE",
    "reason": "feature_date is stale/missing/unparseable; freshness is based on feature_date UTC, not file modified time",
    "feature_date": "2026-07-07T18:30:00Z",
    "signal_fresh": "false",
    "signal_age_sec": "7278",
    "any_signal_active": "true",
    "open_positions": "1",
    "last_success_signal_key": "2026-07-07T18:30:00Z|D150C_M5_ret_6h_bps_LEQ50__trend_8_20_bps_GEQ65",
    "last_attempt_signal_key": "2026-07-07T18:30:00Z|D150C_M5_ret_6h_bps_LEQ50__trend_8_20_bps_GEQ65"
  },
  "commands": [
    {
      "cmd": "/Library/Frameworks/Python.framework/Versions/3.14/bin/python3 app/stage154_active_shortlist_rule_router.py --root /Users/vahid/Desktop/xauusd-trader --bars /Users/vahid/Downloads/xauusd_fundamental_event_inbox/amarkets_xauusd_5m.csv --score-csv /Users/vahid/Desktop/xauusd-trader/reports/stage150_mtf_separated_validation_discovery/m5/stage150_candidate_scores.csv --risk-summary /Users/vahid/Desktop/xauusd-trader/reports/stage145_clean_ledger_performance_gate/stage145_clean_ledger_performance_gate_summary.json --tf m5 --timeframe-minutes 5 --max-feature-age-sec 7200 --timestamp-shift-hours -3.0 --write-mt5",
      "started_utc": "2026-07-07T20:31:13Z",
      "finished_utc": "2026-07-07T20:31:25Z",
      "returncode": 0,
      "stdout_tail": "rs_path\": \"/Users/vahid/Downloads/xauusd_fundamental_event_inbox/amarkets_xauusd_5m.csv\",\n  \"score_csv\": \"/Users/vahid/Desktop/xauusd-trader/reports/stage150_mtf_separated_validation_discovery/m5/stage150_candidate_scores.csv\",\n  \"tf\": \"m5\",\n  \"timeframe_minutes\": 5,\n  \"raw_row_count\": 318751,\n  \"bar_count\": 318751,\n  \"raw_feature_date\": \"2026-07-07T21:30:00Z\",\n  \"timestamp_shift_hours\": -3.0,\n  \"feature_date\": \"2026-07-07T18:30:00Z\",\n  \"feature_age_sec\": 7285,\n  \"max_feature_age_sec\": 7200,\n  \"feature_fresh\": false,\n  \"score_rows\": 552,\n  \"eligible_shortlist_count\": 191,\n  \"active_shortlist_count\": 79,\n  \"selected_rule_id\": \"D150C_M5_ret_6h_bps_LEQ50__trend_8_20_bps_GEQ65\",\n  \"selected_label\": \"m5: ret_6h_bps <= q50 AND trend_8_20_bps >= q65\",\n  \"selected_family_key\": \"D150C_M5_ret_6h_bps__trend_8_20_bps\",\n  \"selected_condition_snapshot\": \"[{\\\"current\\\": -60.95027677381459, \\\"feature\\\": \\\"ret_6h_bps\\\", \\\"op\\\": \\\"<=\\\", \\\"threshold\\\": 0.6210794374084116}, {\\\"current\\\": 19.275531114357758, \\\"feature\\\": \\\"trend_8_20_bps\\\", \\\"op\\\": \\\">=\\\", \\\"threshold\\\": 9.25846423904142}]\",\n  \"risk_summary\": \"/Users/vahid/Desktop/xauusd-trader/reports/stage145_clean_ledger_performance_gate/stage145_clean_ledger_performance_gate_summary.json\",\n  \"block_negative_demo_families\": true,\n  \"risk_blocked_family_count\": 4,\n  \"risk_blocked_candidate_count\": 27,\n  \"blocked_family_keys\": [\n    \"D138C_ret_48h_bps__trend_50_100_bps\",\n    \"D150C_M5_ret_12h_bps__trend_50_100_bps\",\n    \"D150C_M5_ret_3h_bps__ret_24h_bps\",\n    \"D150C_M5_trend_8_20_bps__trend_50_100_bps\"\n  ],\n  \"blocked_family_rows\": [\n    {\n      \"family_key\": \"D138C_ret_48h_bps__trend_50_100_bps\",\n      \"closed_trade_count\": 6,\n      \"total_bps\": -1.29,\n      \"mean_bps\": -0.21,\n      \"total_net_profit\": -0.94,\n      \"last_rule_id\": \"D138C_ret_48h_bps_GEQ65__trend_50_100_bps_LEQ65\",\n      \"last_outcome\": \"PROFIT\"\n    },\n    {\n      \"family_key\": \"D150C_M5_ret_12h_bps__trend_50_100_bps\",\n      \"closed_trade_count\": 1,\n      \"total_bps\": -57.1,\n      \"mean_bps\": -57.1,\n      \"total_net_profit\": -23.65,\n      \"last_rule_id\": \"D150C_M5_ret_12h_bps_GEQ35__trend_50_100_bps_GEQ35\",\n      \"last_outcome\": \"LOSS\"\n    },\n    {\n      \"family_key\": \"D150C_M5_ret_3h_bps__ret_24h_bps\",\n      \"closed_trade_count\": 1,\n      \"total_bps\": -19.35,\n      \"mean_bps\": -19.35,\n      \"total_net_profit\": -8.72,\n      \"last_rule_id\": \"D150C_M5_ret_3h_bps_GEQ65__ret_24h_bps_GEQ35\",\n      \"last_outcome\": \"LOSS\"\n    },\n    {\n      \"family_key\": \"D150C_M5_trend_8_20_bps__trend_50_100_bps\",\n      \"closed_trade_count\": 1,\n      \"total_bps\": -50.52,\n      \"mean_bps\": -50.52,\n      \"total_net_profit\": -21.22,\n      \"last_rule_id\": \"D150C_M5_trend_8_20_bps_GEQ65__trend_50_100_bps_GEQ35\",\n      \"last_outcome\": \"LOSS\"\n    }\n  ],\n  \"repo_kv\": \"/Users/vahid/Desktop/xauusd-trader/data/demo_execution/xauusd_stage155_m5_active_router_rule_state_kv.csv\",\n  \"repo_latest\": \"/Users/vahid/Desktop/xauusd-trader/data/demo_execution/xauusd_stage155_m5_active_router_rule_state_latest.csv\",\n  \"mt5_kv_written\": true,\n  \"mt5_kv\": \"/Users/vahid/Library/Application Support/net.metaquotes.wine.metatrader5/drive_c/Program Files/MetaTrader 5/MQL5/Files/xauusd_stage155_m5_active_router_rule_state_kv.csv\",\n  \"mt5_latest\": \"/Users/vahid/Library/Application Support/net.metaquotes.wine.metatrader5/drive_c/Program Files/MetaTrader 5/MQL5/Files/xauusd_stage155_m5_active_router_rule_state_latest.csv\",\n  \"stage134_instruction\": {\n    \"InpRuleStateKvFile\": \"xauusd_stage155_m5_active_router_rule_state_kv.csv\",\n    \"InpAllowedRules\": \"all\",\n    \"keep_InpEnableDemoOrders\": \"true only on demo account\"\n  },\n  \"summary_json\": \"/Users/vahid/Desktop/xauusd-trader/reports/stage155_active_router_demo_risk_guard/m5/stage155_active_router_demo_risk_guard_summary.json\",\n  \"next\": [\n    \"Use Stage155 for demo execution routing after Stage154 exposed demo-negative families.\",\n    \"Keep Stage150B as offline replacement discovery; Stage154 only routes cached PASS candidates.\"\n  ]\n}\n",
      "stderr_tail": ""
    }
  ],
  "next": [
    "If classification is NO_ACTIVE_RULE, keep Stage155 running and do not patch unless inactivity is commercially unacceptable over a defined window.",
    "If classification is SOURCE_STALE or BLOCKED_STALE, update the M5 CSV and run this unifier again.",
    "Use --db-update-command only after identifying the repo's current AMarkets DB updater command."
  ]
}
{
  "stage": "Stage156_OPERATIONAL_UNIFIER",
  "generated_utc": "2026-07-07T20:36:32Z",
  "status": "STAGE156_COMPLETE_OPERATIONAL_UNIFIER_READY",
  "classification": "BLOCKED_STALE",
  "reason": "Stage134 blocked because feature_date is stale; update source CSV or ensure router scheduler is running.",
  "root": "/Users/vahid/Desktop/xauusd-trader",
  "mt5_files": "/Users/vahid/Library/Application Support/net.metaquotes.wine.metatrader5/drive_c/Program Files/MetaTrader 5/MQL5/Files",
  "source": {
    "bars_m5": "/Users/vahid/Downloads/xauusd_fundamental_event_inbox/amarkets_xauusd_5m.csv",
    "exists": true,
    "row_count_including_header_if_any": 318752,
    "last_line": "2026.07.07\t21:30:00\t4141.47\t4141.57\t4136.03\t4138.67\t424\t0\t37",
    "raw_latest_time": "2026-07-07T21:30:00Z",
    "timestamp_shift_hours": -3.0,
    "normalized_latest_time": "2026-07-07T18:30:00Z",
    "feature_age_sec": 7592,
    "max_feature_age_sec": 7200,
    "source_fresh": false
  },
  "router": {
    "cmd": "/Library/Frameworks/Python.framework/Versions/3.14/bin/python3 app/stage154_active_shortlist_rule_router.py --root /Users/vahid/Desktop/xauusd-trader --bars /Users/vahid/Downloads/xauusd_fundamental_event_inbox/amarkets_xauusd_5m.csv --score-csv /Users/vahid/Desktop/xauusd-trader/reports/stage150_mtf_separated_validation_discovery/m5/stage150_candidate_scores.csv --risk-summary /Users/vahid/Desktop/xauusd-trader/reports/stage145_clean_ledger_performance_gate/stage145_clean_ledger_performance_gate_summary.json --tf m5 --timeframe-minutes 5 --max-feature-age-sec 7200 --timestamp-shift-hours -3.0 --write-mt5",
    "kv_path": "/Users/vahid/Library/Application Support/net.metaquotes.wine.metatrader5/drive_c/Program Files/MetaTrader 5/MQL5/Files/xauusd_stage155_m5_active_router_rule_state_kv.csv",
    "decision": "STAGE155_ACTIVE_ROUTER_STALE_NO_ORDER",
    "any_signal_active": "false",
    "selected_rule_id": "D150C_M5_ret_6h_bps_LEQ50__trend_8_20_bps_GEQ65",
    "selected_family_key": "D150C_M5_ret_6h_bps__trend_8_20_bps",
    "active_shortlist_count": "79",
    "eligible_shortlist_count": "191",
    "risk_blocked_family_count": "4"
  },
  "stage134": {
    "kv_path": "/Users/vahid/Library/Application Support/net.metaquotes.wine.metatrader5/drive_c/Program Files/MetaTrader 5/MQL5/Files/xauusd_stage134_demo_executor_status_kv.csv",
    "decision": "BLOCKED_SIGNAL_STALE",
    "reason": "feature_date is stale/missing/unparseable; freshness is based on feature_date UTC, not file modified time",
    "feature_date": "2026-07-07T18:30:00Z",
    "signal_fresh": "false",
    "signal_age_sec": "7601",
    "any_signal_active": "false",
    "open_positions": "1",
    "last_success_signal_key": "2026-07-07T18:30:00Z|D150C_M5_ret_6h_bps_LEQ50__trend_8_20_bps_GEQ65",
    "last_attempt_signal_key": "2026-07-07T18:30:00Z|D150C_M5_ret_6h_bps_LEQ50__trend_8_20_bps_GEQ65"
  },
  "commands": [
    {
      "cmd": "/Library/Frameworks/Python.framework/Versions/3.14/bin/python3 app/stage154_active_shortlist_rule_router.py --root /Users/vahid/Desktop/xauusd-trader --bars /Users/vahid/Downloads/xauusd_fundamental_event_inbox/amarkets_xauusd_5m.csv --score-csv /Users/vahid/Desktop/xauusd-trader/reports/stage150_mtf_separated_validation_discovery/m5/stage150_candidate_scores.csv --risk-summary /Users/vahid/Desktop/xauusd-trader/reports/stage145_clean_ledger_performance_gate/stage145_clean_ledger_performance_gate_summary.json --tf m5 --timeframe-minutes 5 --max-feature-age-sec 7200 --timestamp-shift-hours -3.0 --write-mt5",
      "started_utc": "2026-07-07T20:36:32Z",
      "finished_utc": "2026-07-07T20:36:46Z",
      "returncode": 0,
      "stdout_tail": "rs_path\": \"/Users/vahid/Downloads/xauusd_fundamental_event_inbox/amarkets_xauusd_5m.csv\",\n  \"score_csv\": \"/Users/vahid/Desktop/xauusd-trader/reports/stage150_mtf_separated_validation_discovery/m5/stage150_candidate_scores.csv\",\n  \"tf\": \"m5\",\n  \"timeframe_minutes\": 5,\n  \"raw_row_count\": 318751,\n  \"bar_count\": 318751,\n  \"raw_feature_date\": \"2026-07-07T21:30:00Z\",\n  \"timestamp_shift_hours\": -3.0,\n  \"feature_date\": \"2026-07-07T18:30:00Z\",\n  \"feature_age_sec\": 7605,\n  \"max_feature_age_sec\": 7200,\n  \"feature_fresh\": false,\n  \"score_rows\": 552,\n  \"eligible_shortlist_count\": 191,\n  \"active_shortlist_count\": 79,\n  \"selected_rule_id\": \"D150C_M5_ret_6h_bps_LEQ50__trend_8_20_bps_GEQ65\",\n  \"selected_label\": \"m5: ret_6h_bps <= q50 AND trend_8_20_bps >= q65\",\n  \"selected_family_key\": \"D150C_M5_ret_6h_bps__trend_8_20_bps\",\n  \"selected_condition_snapshot\": \"[{\\\"current\\\": -60.95027677381459, \\\"feature\\\": \\\"ret_6h_bps\\\", \\\"op\\\": \\\"<=\\\", \\\"threshold\\\": 0.6210794374084116}, {\\\"current\\\": 19.275531114357758, \\\"feature\\\": \\\"trend_8_20_bps\\\", \\\"op\\\": \\\">=\\\", \\\"threshold\\\": 9.25846423904142}]\",\n  \"risk_summary\": \"/Users/vahid/Desktop/xauusd-trader/reports/stage145_clean_ledger_performance_gate/stage145_clean_ledger_performance_gate_summary.json\",\n  \"block_negative_demo_families\": true,\n  \"risk_blocked_family_count\": 4,\n  \"risk_blocked_candidate_count\": 27,\n  \"blocked_family_keys\": [\n    \"D138C_ret_48h_bps__trend_50_100_bps\",\n    \"D150C_M5_ret_12h_bps__trend_50_100_bps\",\n    \"D150C_M5_ret_3h_bps__ret_24h_bps\",\n    \"D150C_M5_trend_8_20_bps__trend_50_100_bps\"\n  ],\n  \"blocked_family_rows\": [\n    {\n      \"family_key\": \"D138C_ret_48h_bps__trend_50_100_bps\",\n      \"closed_trade_count\": 6,\n      \"total_bps\": -1.29,\n      \"mean_bps\": -0.21,\n      \"total_net_profit\": -0.94,\n      \"last_rule_id\": \"D138C_ret_48h_bps_GEQ65__trend_50_100_bps_LEQ65\",\n      \"last_outcome\": \"PROFIT\"\n    },\n    {\n      \"family_key\": \"D150C_M5_ret_12h_bps__trend_50_100_bps\",\n      \"closed_trade_count\": 1,\n      \"total_bps\": -57.1,\n      \"mean_bps\": -57.1,\n      \"total_net_profit\": -23.65,\n      \"last_rule_id\": \"D150C_M5_ret_12h_bps_GEQ35__trend_50_100_bps_GEQ35\",\n      \"last_outcome\": \"LOSS\"\n    },\n    {\n      \"family_key\": \"D150C_M5_ret_3h_bps__ret_24h_bps\",\n      \"closed_trade_count\": 1,\n      \"total_bps\": -19.35,\n      \"mean_bps\": -19.35,\n      \"total_net_profit\": -8.72,\n      \"last_rule_id\": \"D150C_M5_ret_3h_bps_GEQ65__ret_24h_bps_GEQ35\",\n      \"last_outcome\": \"LOSS\"\n    },\n    {\n      \"family_key\": \"D150C_M5_trend_8_20_bps__trend_50_100_bps\",\n      \"closed_trade_count\": 1,\n      \"total_bps\": -50.52,\n      \"mean_bps\": -50.52,\n      \"total_net_profit\": -21.22,\n      \"last_rule_id\": \"D150C_M5_trend_8_20_bps_GEQ65__trend_50_100_bps_GEQ35\",\n      \"last_outcome\": \"LOSS\"\n    }\n  ],\n  \"repo_kv\": \"/Users/vahid/Desktop/xauusd-trader/data/demo_execution/xauusd_stage155_m5_active_router_rule_state_kv.csv\",\n  \"repo_latest\": \"/Users/vahid/Desktop/xauusd-trader/data/demo_execution/xauusd_stage155_m5_active_router_rule_state_latest.csv\",\n  \"mt5_kv_written\": true,\n  \"mt5_kv\": \"/Users/vahid/Library/Application Support/net.metaquotes.wine.metatrader5/drive_c/Program Files/MetaTrader 5/MQL5/Files/xauusd_stage155_m5_active_router_rule_state_kv.csv\",\n  \"mt5_latest\": \"/Users/vahid/Library/Application Support/net.metaquotes.wine.metatrader5/drive_c/Program Files/MetaTrader 5/MQL5/Files/xauusd_stage155_m5_active_router_rule_state_latest.csv\",\n  \"stage134_instruction\": {\n    \"InpRuleStateKvFile\": \"xauusd_stage155_m5_active_router_rule_state_kv.csv\",\n    \"InpAllowedRules\": \"all\",\n    \"keep_InpEnableDemoOrders\": \"true only on demo account\"\n  },\n  \"summary_json\": \"/Users/vahid/Desktop/xauusd-trader/reports/stage155_active_router_demo_risk_guard/m5/stage155_active_router_demo_risk_guard_summary.json\",\n  \"next\": [\n    \"Use Stage155 for demo execution routing after Stage154 exposed demo-negative families.\",\n    \"Keep Stage150B as offline replacement discovery; Stage154 only routes cached PASS candidates.\"\n  ]\n}\n",
      "stderr_tail": ""
    }
  ],
  "next": [
    "If classification is NO_ACTIVE_RULE, keep Stage155 running and do not patch unless inactivity is commercially unacceptable over a defined window.",
    "If classification is SOURCE_STALE or BLOCKED_STALE, update the M5 CSV and run this unifier again.",
    "Use --db-update-command only after identifying the repo's current AMarkets DB updater command."
  ]
}
{
  "stage": "Stage156_OPERATIONAL_UNIFIER",
  "generated_utc": "2026-07-07T20:41:54Z",
  "status": "STAGE156_COMPLETE_OPERATIONAL_UNIFIER_READY",
  "classification": "BLOCKED_STALE",
  "reason": "Stage134 blocked because feature_date is stale; update source CSV or ensure router scheduler is running.",
  "root": "/Users/vahid/Desktop/xauusd-trader",
  "mt5_files": "/Users/vahid/Library/Application Support/net.metaquotes.wine.metatrader5/drive_c/Program Files/MetaTrader 5/MQL5/Files",
  "source": {
    "bars_m5": "/Users/vahid/Downloads/xauusd_fundamental_event_inbox/amarkets_xauusd_5m.csv",
    "exists": true,
    "row_count_including_header_if_any": 318752,
    "last_line": "2026.07.07\t21:30:00\t4141.47\t4141.57\t4136.03\t4138.67\t424\t0\t37",
    "raw_latest_time": "2026-07-07T21:30:00Z",
    "timestamp_shift_hours": -3.0,
    "normalized_latest_time": "2026-07-07T18:30:00Z",
    "feature_age_sec": 7914,
    "max_feature_age_sec": 7200,
    "source_fresh": false
  },
  "router": {
    "cmd": "/Library/Frameworks/Python.framework/Versions/3.14/bin/python3 app/stage154_active_shortlist_rule_router.py --root /Users/vahid/Desktop/xauusd-trader --bars /Users/vahid/Downloads/xauusd_fundamental_event_inbox/amarkets_xauusd_5m.csv --score-csv /Users/vahid/Desktop/xauusd-trader/reports/stage150_mtf_separated_validation_discovery/m5/stage150_candidate_scores.csv --risk-summary /Users/vahid/Desktop/xauusd-trader/reports/stage145_clean_ledger_performance_gate/stage145_clean_ledger_performance_gate_summary.json --tf m5 --timeframe-minutes 5 --max-feature-age-sec 7200 --timestamp-shift-hours -3.0 --write-mt5",
    "kv_path": "/Users/vahid/Library/Application Support/net.metaquotes.wine.metatrader5/drive_c/Program Files/MetaTrader 5/MQL5/Files/xauusd_stage155_m5_active_router_rule_state_kv.csv",
    "decision": "STAGE155_ACTIVE_ROUTER_STALE_NO_ORDER",
    "any_signal_active": "false",
    "selected_rule_id": "D150C_M5_ret_6h_bps_LEQ50__trend_8_20_bps_GEQ65",
    "selected_family_key": "D150C_M5_ret_6h_bps__trend_8_20_bps",
    "active_shortlist_count": "79",
    "eligible_shortlist_count": "191",
    "risk_blocked_family_count": "4"
  },
  "stage134": {
    "kv_path": "/Users/vahid/Library/Application Support/net.metaquotes.wine.metatrader5/drive_c/Program Files/MetaTrader 5/MQL5/Files/xauusd_stage134_demo_executor_status_kv.csv",
    "decision": "BLOCKED_SIGNAL_STALE",
    "reason": "feature_date is stale/missing/unparseable; freshness is based on feature_date UTC, not file modified time",
    "feature_date": "2026-07-07T18:30:00Z",
    "signal_fresh": "false",
    "signal_age_sec": "7933",
    "any_signal_active": "false",
    "open_positions": "1",
    "last_success_signal_key": "2026-07-07T18:30:00Z|D150C_M5_ret_6h_bps_LEQ50__trend_8_20_bps_GEQ65",
    "last_attempt_signal_key": "2026-07-07T18:30:00Z|D150C_M5_ret_6h_bps_LEQ50__trend_8_20_bps_GEQ65"
  },
  "commands": [
    {
      "cmd": "/Library/Frameworks/Python.framework/Versions/3.14/bin/python3 app/stage154_active_shortlist_rule_router.py --root /Users/vahid/Desktop/xauusd-trader --bars /Users/vahid/Downloads/xauusd_fundamental_event_inbox/amarkets_xauusd_5m.csv --score-csv /Users/vahid/Desktop/xauusd-trader/reports/stage150_mtf_separated_validation_discovery/m5/stage150_candidate_scores.csv --risk-summary /Users/vahid/Desktop/xauusd-trader/reports/stage145_clean_ledger_performance_gate/stage145_clean_ledger_performance_gate_summary.json --tf m5 --timeframe-minutes 5 --max-feature-age-sec 7200 --timestamp-shift-hours -3.0 --write-mt5",
      "started_utc": "2026-07-07T20:41:54Z",
      "finished_utc": "2026-07-07T20:42:12Z",
      "returncode": 0,
      "stdout_tail": "rs_path\": \"/Users/vahid/Downloads/xauusd_fundamental_event_inbox/amarkets_xauusd_5m.csv\",\n  \"score_csv\": \"/Users/vahid/Desktop/xauusd-trader/reports/stage150_mtf_separated_validation_discovery/m5/stage150_candidate_scores.csv\",\n  \"tf\": \"m5\",\n  \"timeframe_minutes\": 5,\n  \"raw_row_count\": 318751,\n  \"bar_count\": 318751,\n  \"raw_feature_date\": \"2026-07-07T21:30:00Z\",\n  \"timestamp_shift_hours\": -3.0,\n  \"feature_date\": \"2026-07-07T18:30:00Z\",\n  \"feature_age_sec\": 7931,\n  \"max_feature_age_sec\": 7200,\n  \"feature_fresh\": false,\n  \"score_rows\": 552,\n  \"eligible_shortlist_count\": 191,\n  \"active_shortlist_count\": 79,\n  \"selected_rule_id\": \"D150C_M5_ret_6h_bps_LEQ50__trend_8_20_bps_GEQ65\",\n  \"selected_label\": \"m5: ret_6h_bps <= q50 AND trend_8_20_bps >= q65\",\n  \"selected_family_key\": \"D150C_M5_ret_6h_bps__trend_8_20_bps\",\n  \"selected_condition_snapshot\": \"[{\\\"current\\\": -60.95027677381459, \\\"feature\\\": \\\"ret_6h_bps\\\", \\\"op\\\": \\\"<=\\\", \\\"threshold\\\": 0.6210794374084116}, {\\\"current\\\": 19.275531114357758, \\\"feature\\\": \\\"trend_8_20_bps\\\", \\\"op\\\": \\\">=\\\", \\\"threshold\\\": 9.25846423904142}]\",\n  \"risk_summary\": \"/Users/vahid/Desktop/xauusd-trader/reports/stage145_clean_ledger_performance_gate/stage145_clean_ledger_performance_gate_summary.json\",\n  \"block_negative_demo_families\": true,\n  \"risk_blocked_family_count\": 4,\n  \"risk_blocked_candidate_count\": 27,\n  \"blocked_family_keys\": [\n    \"D138C_ret_48h_bps__trend_50_100_bps\",\n    \"D150C_M5_ret_12h_bps__trend_50_100_bps\",\n    \"D150C_M5_ret_3h_bps__ret_24h_bps\",\n    \"D150C_M5_trend_8_20_bps__trend_50_100_bps\"\n  ],\n  \"blocked_family_rows\": [\n    {\n      \"family_key\": \"D138C_ret_48h_bps__trend_50_100_bps\",\n      \"closed_trade_count\": 6,\n      \"total_bps\": -1.29,\n      \"mean_bps\": -0.21,\n      \"total_net_profit\": -0.94,\n      \"last_rule_id\": \"D138C_ret_48h_bps_GEQ65__trend_50_100_bps_LEQ65\",\n      \"last_outcome\": \"PROFIT\"\n    },\n    {\n      \"family_key\": \"D150C_M5_ret_12h_bps__trend_50_100_bps\",\n      \"closed_trade_count\": 1,\n      \"total_bps\": -57.1,\n      \"mean_bps\": -57.1,\n      \"total_net_profit\": -23.65,\n      \"last_rule_id\": \"D150C_M5_ret_12h_bps_GEQ35__trend_50_100_bps_GEQ35\",\n      \"last_outcome\": \"LOSS\"\n    },\n    {\n      \"family_key\": \"D150C_M5_ret_3h_bps__ret_24h_bps\",\n      \"closed_trade_count\": 1,\n      \"total_bps\": -19.35,\n      \"mean_bps\": -19.35,\n      \"total_net_profit\": -8.72,\n      \"last_rule_id\": \"D150C_M5_ret_3h_bps_GEQ65__ret_24h_bps_GEQ35\",\n      \"last_outcome\": \"LOSS\"\n    },\n    {\n      \"family_key\": \"D150C_M5_trend_8_20_bps__trend_50_100_bps\",\n      \"closed_trade_count\": 1,\n      \"total_bps\": -50.52,\n      \"mean_bps\": -50.52,\n      \"total_net_profit\": -21.22,\n      \"last_rule_id\": \"D150C_M5_trend_8_20_bps_GEQ65__trend_50_100_bps_GEQ35\",\n      \"last_outcome\": \"LOSS\"\n    }\n  ],\n  \"repo_kv\": \"/Users/vahid/Desktop/xauusd-trader/data/demo_execution/xauusd_stage155_m5_active_router_rule_state_kv.csv\",\n  \"repo_latest\": \"/Users/vahid/Desktop/xauusd-trader/data/demo_execution/xauusd_stage155_m5_active_router_rule_state_latest.csv\",\n  \"mt5_kv_written\": true,\n  \"mt5_kv\": \"/Users/vahid/Library/Application Support/net.metaquotes.wine.metatrader5/drive_c/Program Files/MetaTrader 5/MQL5/Files/xauusd_stage155_m5_active_router_rule_state_kv.csv\",\n  \"mt5_latest\": \"/Users/vahid/Library/Application Support/net.metaquotes.wine.metatrader5/drive_c/Program Files/MetaTrader 5/MQL5/Files/xauusd_stage155_m5_active_router_rule_state_latest.csv\",\n  \"stage134_instruction\": {\n    \"InpRuleStateKvFile\": \"xauusd_stage155_m5_active_router_rule_state_kv.csv\",\n    \"InpAllowedRules\": \"all\",\n    \"keep_InpEnableDemoOrders\": \"true only on demo account\"\n  },\n  \"summary_json\": \"/Users/vahid/Desktop/xauusd-trader/reports/stage155_active_router_demo_risk_guard/m5/stage155_active_router_demo_risk_guard_summary.json\",\n  \"next\": [\n    \"Use Stage155 for demo execution routing after Stage154 exposed demo-negative families.\",\n    \"Keep Stage150B as offline replacement discovery; Stage154 only routes cached PASS candidates.\"\n  ]\n}\n",
      "stderr_tail": ""
    }
  ],
  "next": [
    "If classification is NO_ACTIVE_RULE, keep Stage155 running and do not patch unless inactivity is commercially unacceptable over a defined window.",
    "If classification is SOURCE_STALE or BLOCKED_STALE, update the M5 CSV and run this unifier again.",
    "Use --db-update-command only after identifying the repo's current AMarkets DB updater command."
  ]
}
{
  "stage": "Stage156_OPERATIONAL_UNIFIER",
  "generated_utc": "2026-07-07T20:48:12Z",
  "status": "STAGE156_COMPLETE_OPERATIONAL_UNIFIER_READY",
  "classification": "BLOCKED_STALE",
  "reason": "Stage134 blocked because feature_date is stale; update source CSV or ensure router scheduler is running.",
  "root": "/Users/vahid/Desktop/xauusd-trader",
  "mt5_files": "/Users/vahid/Library/Application Support/net.metaquotes.wine.metatrader5/drive_c/Program Files/MetaTrader 5/MQL5/Files",
  "source": {
    "bars_m5": "/Users/vahid/Downloads/xauusd_fundamental_event_inbox/amarkets_xauusd_5m.csv",
    "exists": true,
    "row_count_including_header_if_any": 318752,
    "last_line": "2026.07.07\t21:30:00\t4141.47\t4141.57\t4136.03\t4138.67\t424\t0\t37",
    "raw_latest_time": "2026-07-07T21:30:00Z",
    "timestamp_shift_hours": -3.0,
    "normalized_latest_time": "2026-07-07T18:30:00Z",
    "feature_age_sec": 8292,
    "max_feature_age_sec": 7200,
    "source_fresh": false
  },
  "router": {
    "cmd": "/Library/Frameworks/Python.framework/Versions/3.14/bin/python3 app/stage154_active_shortlist_rule_router.py --root /Users/vahid/Desktop/xauusd-trader --bars /Users/vahid/Downloads/xauusd_fundamental_event_inbox/amarkets_xauusd_5m.csv --score-csv /Users/vahid/Desktop/xauusd-trader/reports/stage150_mtf_separated_validation_discovery/m5/stage150_candidate_scores.csv --risk-summary /Users/vahid/Desktop/xauusd-trader/reports/stage145_clean_ledger_performance_gate/stage145_clean_ledger_performance_gate_summary.json --tf m5 --timeframe-minutes 5 --max-feature-age-sec 7200 --timestamp-shift-hours -3.0 --write-mt5",
    "kv_path": "/Users/vahid/Library/Application Support/net.metaquotes.wine.metatrader5/drive_c/Program Files/MetaTrader 5/MQL5/Files/xauusd_stage155_m5_active_router_rule_state_kv.csv",
    "decision": "STAGE155_ACTIVE_ROUTER_STALE_NO_ORDER",
    "any_signal_active": "false",
    "selected_rule_id": "D150C_M5_ret_6h_bps_LEQ50__trend_8_20_bps_GEQ65",
    "selected_family_key": "D150C_M5_ret_6h_bps__trend_8_20_bps",
    "active_shortlist_count": "79",
    "eligible_shortlist_count": "191",
    "risk_blocked_family_count": "4"
  },
  "stage134": {
    "kv_path": "/Users/vahid/Library/Application Support/net.metaquotes.wine.metatrader5/drive_c/Program Files/MetaTrader 5/MQL5/Files/xauusd_stage134_demo_executor_status_kv.csv",
    "decision": "BLOCKED_SIGNAL_STALE",
    "reason": "feature_date is stale/missing/unparseable; freshness is based on feature_date UTC, not file modified time",
    "feature_date": "2026-07-07T18:30:00Z",
    "signal_fresh": "false",
    "signal_age_sec": "8312",
    "any_signal_active": "false",
    "open_positions": "1",
    "last_success_signal_key": "2026-07-07T18:30:00Z|D150C_M5_ret_6h_bps_LEQ50__trend_8_20_bps_GEQ65",
    "last_attempt_signal_key": "2026-07-07T18:30:00Z|D150C_M5_ret_6h_bps_LEQ50__trend_8_20_bps_GEQ65"
  },
  "commands": [
    {
      "cmd": "/Library/Frameworks/Python.framework/Versions/3.14/bin/python3 app/stage154_active_shortlist_rule_router.py --root /Users/vahid/Desktop/xauusd-trader --bars /Users/vahid/Downloads/xauusd_fundamental_event_inbox/amarkets_xauusd_5m.csv --score-csv /Users/vahid/Desktop/xauusd-trader/reports/stage150_mtf_separated_validation_discovery/m5/stage150_candidate_scores.csv --risk-summary /Users/vahid/Desktop/xauusd-trader/reports/stage145_clean_ledger_performance_gate/stage145_clean_ledger_performance_gate_summary.json --tf m5 --timeframe-minutes 5 --max-feature-age-sec 7200 --timestamp-shift-hours -3.0 --write-mt5",
      "started_utc": "2026-07-07T20:48:12Z",
      "finished_utc": "2026-07-07T20:48:31Z",
      "returncode": 0,
      "stdout_tail": "rs_path\": \"/Users/vahid/Downloads/xauusd_fundamental_event_inbox/amarkets_xauusd_5m.csv\",\n  \"score_csv\": \"/Users/vahid/Desktop/xauusd-trader/reports/stage150_mtf_separated_validation_discovery/m5/stage150_candidate_scores.csv\",\n  \"tf\": \"m5\",\n  \"timeframe_minutes\": 5,\n  \"raw_row_count\": 318751,\n  \"bar_count\": 318751,\n  \"raw_feature_date\": \"2026-07-07T21:30:00Z\",\n  \"timestamp_shift_hours\": -3.0,\n  \"feature_date\": \"2026-07-07T18:30:00Z\",\n  \"feature_age_sec\": 8310,\n  \"max_feature_age_sec\": 7200,\n  \"feature_fresh\": false,\n  \"score_rows\": 552,\n  \"eligible_shortlist_count\": 191,\n  \"active_shortlist_count\": 79,\n  \"selected_rule_id\": \"D150C_M5_ret_6h_bps_LEQ50__trend_8_20_bps_GEQ65\",\n  \"selected_label\": \"m5: ret_6h_bps <= q50 AND trend_8_20_bps >= q65\",\n  \"selected_family_key\": \"D150C_M5_ret_6h_bps__trend_8_20_bps\",\n  \"selected_condition_snapshot\": \"[{\\\"current\\\": -60.95027677381459, \\\"feature\\\": \\\"ret_6h_bps\\\", \\\"op\\\": \\\"<=\\\", \\\"threshold\\\": 0.6210794374084116}, {\\\"current\\\": 19.275531114357758, \\\"feature\\\": \\\"trend_8_20_bps\\\", \\\"op\\\": \\\">=\\\", \\\"threshold\\\": 9.25846423904142}]\",\n  \"risk_summary\": \"/Users/vahid/Desktop/xauusd-trader/reports/stage145_clean_ledger_performance_gate/stage145_clean_ledger_performance_gate_summary.json\",\n  \"block_negative_demo_families\": true,\n  \"risk_blocked_family_count\": 4,\n  \"risk_blocked_candidate_count\": 27,\n  \"blocked_family_keys\": [\n    \"D138C_ret_48h_bps__trend_50_100_bps\",\n    \"D150C_M5_ret_12h_bps__trend_50_100_bps\",\n    \"D150C_M5_ret_3h_bps__ret_24h_bps\",\n    \"D150C_M5_trend_8_20_bps__trend_50_100_bps\"\n  ],\n  \"blocked_family_rows\": [\n    {\n      \"family_key\": \"D138C_ret_48h_bps__trend_50_100_bps\",\n      \"closed_trade_count\": 6,\n      \"total_bps\": -1.29,\n      \"mean_bps\": -0.21,\n      \"total_net_profit\": -0.94,\n      \"last_rule_id\": \"D138C_ret_48h_bps_GEQ65__trend_50_100_bps_LEQ65\",\n      \"last_outcome\": \"PROFIT\"\n    },\n    {\n      \"family_key\": \"D150C_M5_ret_12h_bps__trend_50_100_bps\",\n      \"closed_trade_count\": 1,\n      \"total_bps\": -57.1,\n      \"mean_bps\": -57.1,\n      \"total_net_profit\": -23.65,\n      \"last_rule_id\": \"D150C_M5_ret_12h_bps_GEQ35__trend_50_100_bps_GEQ35\",\n      \"last_outcome\": \"LOSS\"\n    },\n    {\n      \"family_key\": \"D150C_M5_ret_3h_bps__ret_24h_bps\",\n      \"closed_trade_count\": 1,\n      \"total_bps\": -19.35,\n      \"mean_bps\": -19.35,\n      \"total_net_profit\": -8.72,\n      \"last_rule_id\": \"D150C_M5_ret_3h_bps_GEQ65__ret_24h_bps_GEQ35\",\n      \"last_outcome\": \"LOSS\"\n    },\n    {\n      \"family_key\": \"D150C_M5_trend_8_20_bps__trend_50_100_bps\",\n      \"closed_trade_count\": 1,\n      \"total_bps\": -50.52,\n      \"mean_bps\": -50.52,\n      \"total_net_profit\": -21.22,\n      \"last_rule_id\": \"D150C_M5_trend_8_20_bps_GEQ65__trend_50_100_bps_GEQ35\",\n      \"last_outcome\": \"LOSS\"\n    }\n  ],\n  \"repo_kv\": \"/Users/vahid/Desktop/xauusd-trader/data/demo_execution/xauusd_stage155_m5_active_router_rule_state_kv.csv\",\n  \"repo_latest\": \"/Users/vahid/Desktop/xauusd-trader/data/demo_execution/xauusd_stage155_m5_active_router_rule_state_latest.csv\",\n  \"mt5_kv_written\": true,\n  \"mt5_kv\": \"/Users/vahid/Library/Application Support/net.metaquotes.wine.metatrader5/drive_c/Program Files/MetaTrader 5/MQL5/Files/xauusd_stage155_m5_active_router_rule_state_kv.csv\",\n  \"mt5_latest\": \"/Users/vahid/Library/Application Support/net.metaquotes.wine.metatrader5/drive_c/Program Files/MetaTrader 5/MQL5/Files/xauusd_stage155_m5_active_router_rule_state_latest.csv\",\n  \"stage134_instruction\": {\n    \"InpRuleStateKvFile\": \"xauusd_stage155_m5_active_router_rule_state_kv.csv\",\n    \"InpAllowedRules\": \"all\",\n    \"keep_InpEnableDemoOrders\": \"true only on demo account\"\n  },\n  \"summary_json\": \"/Users/vahid/Desktop/xauusd-trader/reports/stage155_active_router_demo_risk_guard/m5/stage155_active_router_demo_risk_guard_summary.json\",\n  \"next\": [\n    \"Use Stage155 for demo execution routing after Stage154 exposed demo-negative families.\",\n    \"Keep Stage150B as offline replacement discovery; Stage154 only routes cached PASS candidates.\"\n  ]\n}\n",
      "stderr_tail": ""
    }
  ],
  "next": [
    "If classification is NO_ACTIVE_RULE, keep Stage155 running and do not patch unless inactivity is commercially unacceptable over a defined window.",
    "If classification is SOURCE_STALE or BLOCKED_STALE, update the M5 CSV and run this unifier again.",
    "Use --db-update-command only after identifying the repo's current AMarkets DB updater command."
  ]
}
{
  "stage": "Stage156_OPERATIONAL_UNIFIER",
  "generated_utc": "2026-07-08T01:53:13Z",
  "status": "STAGE156_COMPLETE_OPERATIONAL_UNIFIER_READY",
  "classification": "SOURCE_STALE",
  "reason": "Source M5 CSV is stale after timestamp normalization.",
  "root": "/Users/vahid/Desktop/xauusd-trader",
  "mt5_files": "/Users/vahid/Library/Application Support/net.metaquotes.wine.metatrader5/drive_c/Program Files/MetaTrader 5/MQL5/Files",
  "source": {
    "bars_m5": "/Users/vahid/Downloads/xauusd_fundamental_event_inbox/amarkets_xauusd_5m.csv",
    "exists": true,
    "row_count_including_header_if_any": 318752,
    "last_line": "2026.07.07\t21:30:00\t4141.47\t4141.57\t4136.03\t4138.67\t424\t0\t37",
    "raw_latest_time": "2026-07-07T21:30:00Z",
    "timestamp_shift_hours": -3.0,
    "normalized_latest_time": "2026-07-07T18:30:00Z",
    "feature_age_sec": 26593,
    "max_feature_age_sec": 7200,
    "source_fresh": false
  },
  "router": {
    "cmd": "/Library/Frameworks/Python.framework/Versions/3.14/bin/python3 app/stage154_active_shortlist_rule_router.py --root /Users/vahid/Desktop/xauusd-trader --bars /Users/vahid/Downloads/xauusd_fundamental_event_inbox/amarkets_xauusd_5m.csv --score-csv /Users/vahid/Desktop/xauusd-trader/reports/stage150_mtf_separated_validation_discovery/m5/stage150_candidate_scores.csv --risk-summary /Users/vahid/Desktop/xauusd-trader/reports/stage145_clean_ledger_performance_gate/stage145_clean_ledger_performance_gate_summary.json --tf m5 --timeframe-minutes 5 --max-feature-age-sec 7200 --timestamp-shift-hours -3.0 --write-mt5",
    "kv_path": "/Users/vahid/Library/Application Support/net.metaquotes.wine.metatrader5/drive_c/Program Files/MetaTrader 5/MQL5/Files/xauusd_stage155_m5_active_router_rule_state_kv.csv",
    "decision": "STAGE155_ACTIVE_ROUTER_STALE_NO_ORDER",
    "any_signal_active": "false",
    "selected_rule_id": "D150C_M5_ret_6h_bps_LEQ50__trend_8_20_bps_GEQ65",
    "selected_family_key": "D150C_M5_ret_6h_bps__trend_8_20_bps",
    "active_shortlist_count": "79",
    "eligible_shortlist_count": "191",
    "risk_blocked_family_count": "4"
  },
  "stage134": {
    "kv_path": "/Users/vahid/Library/Application Support/net.metaquotes.wine.metatrader5/drive_c/Program Files/MetaTrader 5/MQL5/Files/xauusd_stage134_demo_executor_status_kv.csv",
    "decision": "BLOCKED_TRADING_NOT_ALLOWED",
    "reason": "terminal/mql/account trading flag is disabled",
    "feature_date": "2026-07-07T18:30:00Z",
    "signal_fresh": "false",
    "signal_age_sec": "26593",
    "any_signal_active": "false",
    "open_positions": "0",
    "last_success_signal_key": "2026-07-07T18:30:00Z|D150C_M5_ret_6h_bps_LEQ50__trend_8_20_bps_GEQ65",
    "last_attempt_signal_key": "2026-07-07T18:30:00Z|D150C_M5_ret_6h_bps_LEQ50__trend_8_20_bps_GEQ65"
  },
  "commands": [
    {
      "cmd": "/Library/Frameworks/Python.framework/Versions/3.14/bin/python3 app/stage154_active_shortlist_rule_router.py --root /Users/vahid/Desktop/xauusd-trader --bars /Users/vahid/Downloads/xauusd_fundamental_event_inbox/amarkets_xauusd_5m.csv --score-csv /Users/vahid/Desktop/xauusd-trader/reports/stage150_mtf_separated_validation_discovery/m5/stage150_candidate_scores.csv --risk-summary /Users/vahid/Desktop/xauusd-trader/reports/stage145_clean_ledger_performance_gate/stage145_clean_ledger_performance_gate_summary.json --tf m5 --timeframe-minutes 5 --max-feature-age-sec 7200 --timestamp-shift-hours -3.0 --write-mt5",
      "started_utc": "2026-07-08T01:53:13Z",
      "finished_utc": "2026-07-08T01:53:30Z",
      "returncode": 0,
      "stdout_tail": "s_path\": \"/Users/vahid/Downloads/xauusd_fundamental_event_inbox/amarkets_xauusd_5m.csv\",\n  \"score_csv\": \"/Users/vahid/Desktop/xauusd-trader/reports/stage150_mtf_separated_validation_discovery/m5/stage150_candidate_scores.csv\",\n  \"tf\": \"m5\",\n  \"timeframe_minutes\": 5,\n  \"raw_row_count\": 318751,\n  \"bar_count\": 318751,\n  \"raw_feature_date\": \"2026-07-07T21:30:00Z\",\n  \"timestamp_shift_hours\": -3.0,\n  \"feature_date\": \"2026-07-07T18:30:00Z\",\n  \"feature_age_sec\": 26610,\n  \"max_feature_age_sec\": 7200,\n  \"feature_fresh\": false,\n  \"score_rows\": 552,\n  \"eligible_shortlist_count\": 191,\n  \"active_shortlist_count\": 79,\n  \"selected_rule_id\": \"D150C_M5_ret_6h_bps_LEQ50__trend_8_20_bps_GEQ65\",\n  \"selected_label\": \"m5: ret_6h_bps <= q50 AND trend_8_20_bps >= q65\",\n  \"selected_family_key\": \"D150C_M5_ret_6h_bps__trend_8_20_bps\",\n  \"selected_condition_snapshot\": \"[{\\\"current\\\": -60.95027677381459, \\\"feature\\\": \\\"ret_6h_bps\\\", \\\"op\\\": \\\"<=\\\", \\\"threshold\\\": 0.6210794374084116}, {\\\"current\\\": 19.275531114357758, \\\"feature\\\": \\\"trend_8_20_bps\\\", \\\"op\\\": \\\">=\\\", \\\"threshold\\\": 9.25846423904142}]\",\n  \"risk_summary\": \"/Users/vahid/Desktop/xauusd-trader/reports/stage145_clean_ledger_performance_gate/stage145_clean_ledger_performance_gate_summary.json\",\n  \"block_negative_demo_families\": true,\n  \"risk_blocked_family_count\": 4,\n  \"risk_blocked_candidate_count\": 27,\n  \"blocked_family_keys\": [\n    \"D138C_ret_48h_bps__trend_50_100_bps\",\n    \"D150C_M5_ret_12h_bps__trend_50_100_bps\",\n    \"D150C_M5_ret_3h_bps__ret_24h_bps\",\n    \"D150C_M5_trend_8_20_bps__trend_50_100_bps\"\n  ],\n  \"blocked_family_rows\": [\n    {\n      \"family_key\": \"D138C_ret_48h_bps__trend_50_100_bps\",\n      \"closed_trade_count\": 6,\n      \"total_bps\": -1.29,\n      \"mean_bps\": -0.21,\n      \"total_net_profit\": -0.94,\n      \"last_rule_id\": \"D138C_ret_48h_bps_GEQ65__trend_50_100_bps_LEQ65\",\n      \"last_outcome\": \"PROFIT\"\n    },\n    {\n      \"family_key\": \"D150C_M5_ret_12h_bps__trend_50_100_bps\",\n      \"closed_trade_count\": 1,\n      \"total_bps\": -57.1,\n      \"mean_bps\": -57.1,\n      \"total_net_profit\": -23.65,\n      \"last_rule_id\": \"D150C_M5_ret_12h_bps_GEQ35__trend_50_100_bps_GEQ35\",\n      \"last_outcome\": \"LOSS\"\n    },\n    {\n      \"family_key\": \"D150C_M5_ret_3h_bps__ret_24h_bps\",\n      \"closed_trade_count\": 1,\n      \"total_bps\": -19.35,\n      \"mean_bps\": -19.35,\n      \"total_net_profit\": -8.72,\n      \"last_rule_id\": \"D150C_M5_ret_3h_bps_GEQ65__ret_24h_bps_GEQ35\",\n      \"last_outcome\": \"LOSS\"\n    },\n    {\n      \"family_key\": \"D150C_M5_trend_8_20_bps__trend_50_100_bps\",\n      \"closed_trade_count\": 1,\n      \"total_bps\": -50.52,\n      \"mean_bps\": -50.52,\n      \"total_net_profit\": -21.22,\n      \"last_rule_id\": \"D150C_M5_trend_8_20_bps_GEQ65__trend_50_100_bps_GEQ35\",\n      \"last_outcome\": \"LOSS\"\n    }\n  ],\n  \"repo_kv\": \"/Users/vahid/Desktop/xauusd-trader/data/demo_execution/xauusd_stage155_m5_active_router_rule_state_kv.csv\",\n  \"repo_latest\": \"/Users/vahid/Desktop/xauusd-trader/data/demo_execution/xauusd_stage155_m5_active_router_rule_state_latest.csv\",\n  \"mt5_kv_written\": true,\n  \"mt5_kv\": \"/Users/vahid/Library/Application Support/net.metaquotes.wine.metatrader5/drive_c/Program Files/MetaTrader 5/MQL5/Files/xauusd_stage155_m5_active_router_rule_state_kv.csv\",\n  \"mt5_latest\": \"/Users/vahid/Library/Application Support/net.metaquotes.wine.metatrader5/drive_c/Program Files/MetaTrader 5/MQL5/Files/xauusd_stage155_m5_active_router_rule_state_latest.csv\",\n  \"stage134_instruction\": {\n    \"InpRuleStateKvFile\": \"xauusd_stage155_m5_active_router_rule_state_kv.csv\",\n    \"InpAllowedRules\": \"all\",\n    \"keep_InpEnableDemoOrders\": \"true only on demo account\"\n  },\n  \"summary_json\": \"/Users/vahid/Desktop/xauusd-trader/reports/stage155_active_router_demo_risk_guard/m5/stage155_active_router_demo_risk_guard_summary.json\",\n  \"next\": [\n    \"Use Stage155 for demo execution routing after Stage154 exposed demo-negative families.\",\n    \"Keep Stage150B as offline replacement discovery; Stage154 only routes cached PASS candidates.\"\n  ]\n}\n",
      "stderr_tail": ""
    }
  ],
  "next": [
    "If classification is NO_ACTIVE_RULE, keep Stage155 running and do not patch unless inactivity is commercially unacceptable over a defined window.",
    "If classification is SOURCE_STALE or BLOCKED_STALE, update the M5 CSV and run this unifier again.",
    "Use --db-update-command only after identifying the repo's current AMarkets DB updater command."
  ]
}
{
  "stage": "Stage156_OPERATIONAL_UNIFIER",
  "generated_utc": "2026-07-08T04:31:22Z",
  "status": "STAGE156_COMPLETE_OPERATIONAL_UNIFIER_READY",
  "classification": "BLOCKED_STALE",
  "reason": "Stage134 blocked because feature_date is stale; update source CSV or ensure router scheduler is running.",
  "root": "/Users/vahid/Desktop/xauusd-trader",
  "mt5_files": "/Users/vahid/Library/Application Support/net.metaquotes.wine.metatrader5/drive_c/Program Files/MetaTrader 5/MQL5/Files",
  "source": {
    "bars_m5": "/Users/vahid/Downloads/xauusd_fundamental_event_inbox/amarkets_xauusd_5m.csv",
    "exists": true,
    "row_count_including_header_if_any": 318752,
    "last_line": "2026.07.07\t21:30:00\t4141.47\t4141.57\t4136.03\t4138.67\t424\t0\t37",
    "raw_latest_time": "2026-07-07T21:30:00Z",
    "timestamp_shift_hours": -3.0,
    "normalized_latest_time": "2026-07-07T18:30:00Z",
    "feature_age_sec": 36082,
    "max_feature_age_sec": 7200,
    "source_fresh": false
  },
  "router": {
    "cmd": "/Library/Frameworks/Python.framework/Versions/3.14/bin/python3 app/stage154_active_shortlist_rule_router.py --root /Users/vahid/Desktop/xauusd-trader --bars /Users/vahid/Downloads/xauusd_fundamental_event_inbox/amarkets_xauusd_5m.csv --score-csv /Users/vahid/Desktop/xauusd-trader/reports/stage150_mtf_separated_validation_discovery/m5/stage150_candidate_scores.csv --risk-summary /Users/vahid/Desktop/xauusd-trader/reports/stage145_clean_ledger_performance_gate/stage145_clean_ledger_performance_gate_summary.json --tf m5 --timeframe-minutes 5 --max-feature-age-sec 7200 --timestamp-shift-hours -3.0 --write-mt5",
    "kv_path": "/Users/vahid/Library/Application Support/net.metaquotes.wine.metatrader5/drive_c/Program Files/MetaTrader 5/MQL5/Files/xauusd_stage155_m5_active_router_rule_state_kv.csv",
    "decision": "STAGE155_ACTIVE_ROUTER_STALE_NO_ORDER",
    "any_signal_active": "false",
    "selected_rule_id": "D150C_M5_ret_6h_bps_LEQ50__trend_8_20_bps_GEQ65",
    "selected_family_key": "D150C_M5_ret_6h_bps__trend_8_20_bps",
    "active_shortlist_count": "79",
    "eligible_shortlist_count": "191",
    "risk_blocked_family_count": "4"
  },
  "stage134": {
    "kv_path": "/Users/vahid/Library/Application Support/net.metaquotes.wine.metatrader5/drive_c/Program Files/MetaTrader 5/MQL5/Files/xauusd_stage134_demo_executor_status_kv.csv",
    "decision": "BLOCKED_SIGNAL_STALE",
    "reason": "feature_date is stale/missing/unparseable; freshness is based on feature_date UTC, not file modified time",
    "feature_date": "2026-07-07T18:30:00Z",
    "signal_fresh": "false",
    "signal_age_sec": "36088",
    "any_signal_active": "false",
    "open_positions": "0",
    "last_success_signal_key": "2026-07-07T18:30:00Z|D150C_M5_ret_6h_bps_LEQ50__trend_8_20_bps_GEQ65",
    "last_attempt_signal_key": "2026-07-07T18:30:00Z|D150C_M5_ret_6h_bps_LEQ50__trend_8_20_bps_GEQ65"
  },
  "commands": [
    {
      "cmd": "/Library/Frameworks/Python.framework/Versions/3.14/bin/python3 app/stage154_active_shortlist_rule_router.py --root /Users/vahid/Desktop/xauusd-trader --bars /Users/vahid/Downloads/xauusd_fundamental_event_inbox/amarkets_xauusd_5m.csv --score-csv /Users/vahid/Desktop/xauusd-trader/reports/stage150_mtf_separated_validation_discovery/m5/stage150_candidate_scores.csv --risk-summary /Users/vahid/Desktop/xauusd-trader/reports/stage145_clean_ledger_performance_gate/stage145_clean_ledger_performance_gate_summary.json --tf m5 --timeframe-minutes 5 --max-feature-age-sec 7200 --timestamp-shift-hours -3.0 --write-mt5",
      "started_utc": "2026-07-08T04:31:22Z",
      "finished_utc": "2026-07-08T04:31:32Z",
      "returncode": 0,
      "stdout_tail": "s_path\": \"/Users/vahid/Downloads/xauusd_fundamental_event_inbox/amarkets_xauusd_5m.csv\",\n  \"score_csv\": \"/Users/vahid/Desktop/xauusd-trader/reports/stage150_mtf_separated_validation_discovery/m5/stage150_candidate_scores.csv\",\n  \"tf\": \"m5\",\n  \"timeframe_minutes\": 5,\n  \"raw_row_count\": 318751,\n  \"bar_count\": 318751,\n  \"raw_feature_date\": \"2026-07-07T21:30:00Z\",\n  \"timestamp_shift_hours\": -3.0,\n  \"feature_date\": \"2026-07-07T18:30:00Z\",\n  \"feature_age_sec\": 36091,\n  \"max_feature_age_sec\": 7200,\n  \"feature_fresh\": false,\n  \"score_rows\": 552,\n  \"eligible_shortlist_count\": 191,\n  \"active_shortlist_count\": 79,\n  \"selected_rule_id\": \"D150C_M5_ret_6h_bps_LEQ50__trend_8_20_bps_GEQ65\",\n  \"selected_label\": \"m5: ret_6h_bps <= q50 AND trend_8_20_bps >= q65\",\n  \"selected_family_key\": \"D150C_M5_ret_6h_bps__trend_8_20_bps\",\n  \"selected_condition_snapshot\": \"[{\\\"current\\\": -60.95027677381459, \\\"feature\\\": \\\"ret_6h_bps\\\", \\\"op\\\": \\\"<=\\\", \\\"threshold\\\": 0.6210794374084116}, {\\\"current\\\": 19.275531114357758, \\\"feature\\\": \\\"trend_8_20_bps\\\", \\\"op\\\": \\\">=\\\", \\\"threshold\\\": 9.25846423904142}]\",\n  \"risk_summary\": \"/Users/vahid/Desktop/xauusd-trader/reports/stage145_clean_ledger_performance_gate/stage145_clean_ledger_performance_gate_summary.json\",\n  \"block_negative_demo_families\": true,\n  \"risk_blocked_family_count\": 4,\n  \"risk_blocked_candidate_count\": 27,\n  \"blocked_family_keys\": [\n    \"D138C_ret_48h_bps__trend_50_100_bps\",\n    \"D150C_M5_ret_12h_bps__trend_50_100_bps\",\n    \"D150C_M5_ret_3h_bps__ret_24h_bps\",\n    \"D150C_M5_trend_8_20_bps__trend_50_100_bps\"\n  ],\n  \"blocked_family_rows\": [\n    {\n      \"family_key\": \"D138C_ret_48h_bps__trend_50_100_bps\",\n      \"closed_trade_count\": 6,\n      \"total_bps\": -1.29,\n      \"mean_bps\": -0.21,\n      \"total_net_profit\": -0.94,\n      \"last_rule_id\": \"D138C_ret_48h_bps_GEQ65__trend_50_100_bps_LEQ65\",\n      \"last_outcome\": \"PROFIT\"\n    },\n    {\n      \"family_key\": \"D150C_M5_ret_12h_bps__trend_50_100_bps\",\n      \"closed_trade_count\": 1,\n      \"total_bps\": -57.1,\n      \"mean_bps\": -57.1,\n      \"total_net_profit\": -23.65,\n      \"last_rule_id\": \"D150C_M5_ret_12h_bps_GEQ35__trend_50_100_bps_GEQ35\",\n      \"last_outcome\": \"LOSS\"\n    },\n    {\n      \"family_key\": \"D150C_M5_ret_3h_bps__ret_24h_bps\",\n      \"closed_trade_count\": 1,\n      \"total_bps\": -19.35,\n      \"mean_bps\": -19.35,\n      \"total_net_profit\": -8.72,\n      \"last_rule_id\": \"D150C_M5_ret_3h_bps_GEQ65__ret_24h_bps_GEQ35\",\n      \"last_outcome\": \"LOSS\"\n    },\n    {\n      \"family_key\": \"D150C_M5_trend_8_20_bps__trend_50_100_bps\",\n      \"closed_trade_count\": 1,\n      \"total_bps\": -50.52,\n      \"mean_bps\": -50.52,\n      \"total_net_profit\": -21.22,\n      \"last_rule_id\": \"D150C_M5_trend_8_20_bps_GEQ65__trend_50_100_bps_GEQ35\",\n      \"last_outcome\": \"LOSS\"\n    }\n  ],\n  \"repo_kv\": \"/Users/vahid/Desktop/xauusd-trader/data/demo_execution/xauusd_stage155_m5_active_router_rule_state_kv.csv\",\n  \"repo_latest\": \"/Users/vahid/Desktop/xauusd-trader/data/demo_execution/xauusd_stage155_m5_active_router_rule_state_latest.csv\",\n  \"mt5_kv_written\": true,\n  \"mt5_kv\": \"/Users/vahid/Library/Application Support/net.metaquotes.wine.metatrader5/drive_c/Program Files/MetaTrader 5/MQL5/Files/xauusd_stage155_m5_active_router_rule_state_kv.csv\",\n  \"mt5_latest\": \"/Users/vahid/Library/Application Support/net.metaquotes.wine.metatrader5/drive_c/Program Files/MetaTrader 5/MQL5/Files/xauusd_stage155_m5_active_router_rule_state_latest.csv\",\n  \"stage134_instruction\": {\n    \"InpRuleStateKvFile\": \"xauusd_stage155_m5_active_router_rule_state_kv.csv\",\n    \"InpAllowedRules\": \"all\",\n    \"keep_InpEnableDemoOrders\": \"true only on demo account\"\n  },\n  \"summary_json\": \"/Users/vahid/Desktop/xauusd-trader/reports/stage155_active_router_demo_risk_guard/m5/stage155_active_router_demo_risk_guard_summary.json\",\n  \"next\": [\n    \"Use Stage155 for demo execution routing after Stage154 exposed demo-negative families.\",\n    \"Keep Stage150B as offline replacement discovery; Stage154 only routes cached PASS candidates.\"\n  ]\n}\n",
      "stderr_tail": ""
    }
  ],
  "next": [
    "If classification is NO_ACTIVE_RULE, keep Stage155 running and do not patch unless inactivity is commercially unacceptable over a defined window.",
    "If classification is SOURCE_STALE or BLOCKED_STALE, update the M5 CSV and run this unifier again.",
    "Use --db-update-command only after identifying the repo's current AMarkets DB updater command."
  ]
}
{
  "stage": "Stage156_OPERATIONAL_UNIFIER",
  "generated_utc": "2026-07-08T04:36:37Z",
  "status": "STAGE156_COMPLETE_OPERATIONAL_UNIFIER_READY",
  "classification": "BLOCKED_STALE",
  "reason": "Stage134 blocked because feature_date is stale; update source CSV or ensure router scheduler is running.",
  "root": "/Users/vahid/Desktop/xauusd-trader",
  "mt5_files": "/Users/vahid/Library/Application Support/net.metaquotes.wine.metatrader5/drive_c/Program Files/MetaTrader 5/MQL5/Files",
  "source": {
    "bars_m5": "/Users/vahid/Downloads/xauusd_fundamental_event_inbox/amarkets_xauusd_5m.csv",
    "exists": true,
    "row_count_including_header_if_any": 318752,
    "last_line": "2026.07.07\t21:30:00\t4141.47\t4141.57\t4136.03\t4138.67\t424\t0\t37",
    "raw_latest_time": "2026-07-07T21:30:00Z",
    "timestamp_shift_hours": -3.0,
    "normalized_latest_time": "2026-07-07T18:30:00Z",
    "feature_age_sec": 36398,
    "max_feature_age_sec": 7200,
    "source_fresh": false
  },
  "router": {
    "cmd": "/Library/Frameworks/Python.framework/Versions/3.14/bin/python3 app/stage154_active_shortlist_rule_router.py --root /Users/vahid/Desktop/xauusd-trader --bars /Users/vahid/Downloads/xauusd_fundamental_event_inbox/amarkets_xauusd_5m.csv --score-csv /Users/vahid/Desktop/xauusd-trader/reports/stage150_mtf_separated_validation_discovery/m5/stage150_candidate_scores.csv --risk-summary /Users/vahid/Desktop/xauusd-trader/reports/stage145_clean_ledger_performance_gate/stage145_clean_ledger_performance_gate_summary.json --tf m5 --timeframe-minutes 5 --max-feature-age-sec 7200 --timestamp-shift-hours -3.0 --write-mt5",
    "kv_path": "/Users/vahid/Library/Application Support/net.metaquotes.wine.metatrader5/drive_c/Program Files/MetaTrader 5/MQL5/Files/xauusd_stage155_m5_active_router_rule_state_kv.csv",
    "decision": "STAGE155_ACTIVE_ROUTER_STALE_NO_ORDER",
    "any_signal_active": "false",
    "selected_rule_id": "D150C_M5_ret_6h_bps_LEQ50__trend_8_20_bps_GEQ65",
    "selected_family_key": "D150C_M5_ret_6h_bps__trend_8_20_bps",
    "active_shortlist_count": "79",
    "eligible_shortlist_count": "191",
    "risk_blocked_family_count": "4"
  },
  "stage134": {
    "kv_path": "/Users/vahid/Library/Application Support/net.metaquotes.wine.metatrader5/drive_c/Program Files/MetaTrader 5/MQL5/Files/xauusd_stage134_demo_executor_status_kv.csv",
    "decision": "BLOCKED_SIGNAL_STALE",
    "reason": "feature_date is stale/missing/unparseable; freshness is based on feature_date UTC, not file modified time",
    "feature_date": "2026-07-07T18:30:00Z",
    "signal_fresh": "false",
    "signal_age_sec": "36410",
    "any_signal_active": "false",
    "open_positions": "0",
    "last_success_signal_key": "2026-07-07T18:30:00Z|D150C_M5_ret_6h_bps_LEQ50__trend_8_20_bps_GEQ65",
    "last_attempt_signal_key": "2026-07-07T18:30:00Z|D150C_M5_ret_6h_bps_LEQ50__trend_8_20_bps_GEQ65"
  },
  "commands": [
    {
      "cmd": "/Library/Frameworks/Python.framework/Versions/3.14/bin/python3 app/stage154_active_shortlist_rule_router.py --root /Users/vahid/Desktop/xauusd-trader --bars /Users/vahid/Downloads/xauusd_fundamental_event_inbox/amarkets_xauusd_5m.csv --score-csv /Users/vahid/Desktop/xauusd-trader/reports/stage150_mtf_separated_validation_discovery/m5/stage150_candidate_scores.csv --risk-summary /Users/vahid/Desktop/xauusd-trader/reports/stage145_clean_ledger_performance_gate/stage145_clean_ledger_performance_gate_summary.json --tf m5 --timeframe-minutes 5 --max-feature-age-sec 7200 --timestamp-shift-hours -3.0 --write-mt5",
      "started_utc": "2026-07-08T04:36:38Z",
      "finished_utc": "2026-07-08T04:36:51Z",
      "returncode": 0,
      "stdout_tail": "s_path\": \"/Users/vahid/Downloads/xauusd_fundamental_event_inbox/amarkets_xauusd_5m.csv\",\n  \"score_csv\": \"/Users/vahid/Desktop/xauusd-trader/reports/stage150_mtf_separated_validation_discovery/m5/stage150_candidate_scores.csv\",\n  \"tf\": \"m5\",\n  \"timeframe_minutes\": 5,\n  \"raw_row_count\": 318751,\n  \"bar_count\": 318751,\n  \"raw_feature_date\": \"2026-07-07T21:30:00Z\",\n  \"timestamp_shift_hours\": -3.0,\n  \"feature_date\": \"2026-07-07T18:30:00Z\",\n  \"feature_age_sec\": 36410,\n  \"max_feature_age_sec\": 7200,\n  \"feature_fresh\": false,\n  \"score_rows\": 552,\n  \"eligible_shortlist_count\": 191,\n  \"active_shortlist_count\": 79,\n  \"selected_rule_id\": \"D150C_M5_ret_6h_bps_LEQ50__trend_8_20_bps_GEQ65\",\n  \"selected_label\": \"m5: ret_6h_bps <= q50 AND trend_8_20_bps >= q65\",\n  \"selected_family_key\": \"D150C_M5_ret_6h_bps__trend_8_20_bps\",\n  \"selected_condition_snapshot\": \"[{\\\"current\\\": -60.95027677381459, \\\"feature\\\": \\\"ret_6h_bps\\\", \\\"op\\\": \\\"<=\\\", \\\"threshold\\\": 0.6210794374084116}, {\\\"current\\\": 19.275531114357758, \\\"feature\\\": \\\"trend_8_20_bps\\\", \\\"op\\\": \\\">=\\\", \\\"threshold\\\": 9.25846423904142}]\",\n  \"risk_summary\": \"/Users/vahid/Desktop/xauusd-trader/reports/stage145_clean_ledger_performance_gate/stage145_clean_ledger_performance_gate_summary.json\",\n  \"block_negative_demo_families\": true,\n  \"risk_blocked_family_count\": 4,\n  \"risk_blocked_candidate_count\": 27,\n  \"blocked_family_keys\": [\n    \"D138C_ret_48h_bps__trend_50_100_bps\",\n    \"D150C_M5_ret_12h_bps__trend_50_100_bps\",\n    \"D150C_M5_ret_3h_bps__ret_24h_bps\",\n    \"D150C_M5_trend_8_20_bps__trend_50_100_bps\"\n  ],\n  \"blocked_family_rows\": [\n    {\n      \"family_key\": \"D138C_ret_48h_bps__trend_50_100_bps\",\n      \"closed_trade_count\": 6,\n      \"total_bps\": -1.29,\n      \"mean_bps\": -0.21,\n      \"total_net_profit\": -0.94,\n      \"last_rule_id\": \"D138C_ret_48h_bps_GEQ65__trend_50_100_bps_LEQ65\",\n      \"last_outcome\": \"PROFIT\"\n    },\n    {\n      \"family_key\": \"D150C_M5_ret_12h_bps__trend_50_100_bps\",\n      \"closed_trade_count\": 1,\n      \"total_bps\": -57.1,\n      \"mean_bps\": -57.1,\n      \"total_net_profit\": -23.65,\n      \"last_rule_id\": \"D150C_M5_ret_12h_bps_GEQ35__trend_50_100_bps_GEQ35\",\n      \"last_outcome\": \"LOSS\"\n    },\n    {\n      \"family_key\": \"D150C_M5_ret_3h_bps__ret_24h_bps\",\n      \"closed_trade_count\": 1,\n      \"total_bps\": -19.35,\n      \"mean_bps\": -19.35,\n      \"total_net_profit\": -8.72,\n      \"last_rule_id\": \"D150C_M5_ret_3h_bps_GEQ65__ret_24h_bps_GEQ35\",\n      \"last_outcome\": \"LOSS\"\n    },\n    {\n      \"family_key\": \"D150C_M5_trend_8_20_bps__trend_50_100_bps\",\n      \"closed_trade_count\": 1,\n      \"total_bps\": -50.52,\n      \"mean_bps\": -50.52,\n      \"total_net_profit\": -21.22,\n      \"last_rule_id\": \"D150C_M5_trend_8_20_bps_GEQ65__trend_50_100_bps_GEQ35\",\n      \"last_outcome\": \"LOSS\"\n    }\n  ],\n  \"repo_kv\": \"/Users/vahid/Desktop/xauusd-trader/data/demo_execution/xauusd_stage155_m5_active_router_rule_state_kv.csv\",\n  \"repo_latest\": \"/Users/vahid/Desktop/xauusd-trader/data/demo_execution/xauusd_stage155_m5_active_router_rule_state_latest.csv\",\n  \"mt5_kv_written\": true,\n  \"mt5_kv\": \"/Users/vahid/Library/Application Support/net.metaquotes.wine.metatrader5/drive_c/Program Files/MetaTrader 5/MQL5/Files/xauusd_stage155_m5_active_router_rule_state_kv.csv\",\n  \"mt5_latest\": \"/Users/vahid/Library/Application Support/net.metaquotes.wine.metatrader5/drive_c/Program Files/MetaTrader 5/MQL5/Files/xauusd_stage155_m5_active_router_rule_state_latest.csv\",\n  \"stage134_instruction\": {\n    \"InpRuleStateKvFile\": \"xauusd_stage155_m5_active_router_rule_state_kv.csv\",\n    \"InpAllowedRules\": \"all\",\n    \"keep_InpEnableDemoOrders\": \"true only on demo account\"\n  },\n  \"summary_json\": \"/Users/vahid/Desktop/xauusd-trader/reports/stage155_active_router_demo_risk_guard/m5/stage155_active_router_demo_risk_guard_summary.json\",\n  \"next\": [\n    \"Use Stage155 for demo execution routing after Stage154 exposed demo-negative families.\",\n    \"Keep Stage150B as offline replacement discovery; Stage154 only routes cached PASS candidates.\"\n  ]\n}\n",
      "stderr_tail": ""
    }
  ],
  "next": [
    "If classification is NO_ACTIVE_RULE, keep Stage155 running and do not patch unless inactivity is commercially unacceptable over a defined window.",
    "If classification is SOURCE_STALE or BLOCKED_STALE, update the M5 CSV and run this unifier again.",
    "Use --db-update-command only after identifying the repo's current AMarkets DB updater command."
  ]
}
{
  "stage": "Stage156_OPERATIONAL_UNIFIER",
  "generated_utc": "2026-07-08T04:42:07Z",
  "status": "STAGE156_COMPLETE_OPERATIONAL_UNIFIER_READY",
  "classification": "BLOCKED_STALE",
  "reason": "Stage134 blocked because feature_date is stale; update source CSV or ensure router scheduler is running.",
  "root": "/Users/vahid/Desktop/xauusd-trader",
  "mt5_files": "/Users/vahid/Library/Application Support/net.metaquotes.wine.metatrader5/drive_c/Program Files/MetaTrader 5/MQL5/Files",
  "source": {
    "bars_m5": "/Users/vahid/Downloads/xauusd_fundamental_event_inbox/amarkets_xauusd_5m.csv",
    "exists": true,
    "row_count_including_header_if_any": 318752,
    "last_line": "2026.07.07\t21:30:00\t4141.47\t4141.57\t4136.03\t4138.67\t424\t0\t37",
    "raw_latest_time": "2026-07-07T21:30:00Z",
    "timestamp_shift_hours": -3.0,
    "normalized_latest_time": "2026-07-07T18:30:00Z",
    "feature_age_sec": 36730,
    "max_feature_age_sec": 7200,
    "source_fresh": false
  },
  "router": {
    "cmd": "/Library/Frameworks/Python.framework/Versions/3.14/bin/python3 app/stage154_active_shortlist_rule_router.py --root /Users/vahid/Desktop/xauusd-trader --bars /Users/vahid/Downloads/xauusd_fundamental_event_inbox/amarkets_xauusd_5m.csv --score-csv /Users/vahid/Desktop/xauusd-trader/reports/stage150_mtf_separated_validation_discovery/m5/stage150_candidate_scores.csv --risk-summary /Users/vahid/Desktop/xauusd-trader/reports/stage145_clean_ledger_performance_gate/stage145_clean_ledger_performance_gate_summary.json --tf m5 --timeframe-minutes 5 --max-feature-age-sec 7200 --timestamp-shift-hours -3.0 --write-mt5",
    "kv_path": "/Users/vahid/Library/Application Support/net.metaquotes.wine.metatrader5/drive_c/Program Files/MetaTrader 5/MQL5/Files/xauusd_stage155_m5_active_router_rule_state_kv.csv",
    "decision": "STAGE155_ACTIVE_ROUTER_STALE_NO_ORDER",
    "any_signal_active": "false",
    "selected_rule_id": "D150C_M5_ret_6h_bps_LEQ50__trend_8_20_bps_GEQ65",
    "selected_family_key": "D150C_M5_ret_6h_bps__trend_8_20_bps",
    "active_shortlist_count": "79",
    "eligible_shortlist_count": "191",
    "risk_blocked_family_count": "4"
  },
  "stage134": {
    "kv_path": "/Users/vahid/Library/Application Support/net.metaquotes.wine.metatrader5/drive_c/Program Files/MetaTrader 5/MQL5/Files/xauusd_stage134_demo_executor_status_kv.csv",
    "decision": "BLOCKED_SIGNAL_STALE",
    "reason": "feature_date is stale/missing/unparseable; freshness is based on feature_date UTC, not file modified time",
    "feature_date": "2026-07-07T18:30:00Z",
    "signal_fresh": "false",
    "signal_age_sec": "36778",
    "any_signal_active": "false",
    "open_positions": "0",
    "last_success_signal_key": "2026-07-07T18:30:00Z|D150C_M5_ret_6h_bps_LEQ50__trend_8_20_bps_GEQ65",
    "last_attempt_signal_key": "2026-07-07T18:30:00Z|D150C_M5_ret_6h_bps_LEQ50__trend_8_20_bps_GEQ65"
  },
  "commands": [
    {
      "cmd": "/Library/Frameworks/Python.framework/Versions/3.14/bin/python3 app/stage154_active_shortlist_rule_router.py --root /Users/vahid/Desktop/xauusd-trader --bars /Users/vahid/Downloads/xauusd_fundamental_event_inbox/amarkets_xauusd_5m.csv --score-csv /Users/vahid/Desktop/xauusd-trader/reports/stage150_mtf_separated_validation_discovery/m5/stage150_candidate_scores.csv --risk-summary /Users/vahid/Desktop/xauusd-trader/reports/stage145_clean_ledger_performance_gate/stage145_clean_ledger_performance_gate_summary.json --tf m5 --timeframe-minutes 5 --max-feature-age-sec 7200 --timestamp-shift-hours -3.0 --write-mt5",
      "started_utc": "2026-07-08T04:42:10Z",
      "finished_utc": "2026-07-08T04:43:18Z",
      "returncode": 0,
      "stdout_tail": "s_path\": \"/Users/vahid/Downloads/xauusd_fundamental_event_inbox/amarkets_xauusd_5m.csv\",\n  \"score_csv\": \"/Users/vahid/Desktop/xauusd-trader/reports/stage150_mtf_separated_validation_discovery/m5/stage150_candidate_scores.csv\",\n  \"tf\": \"m5\",\n  \"timeframe_minutes\": 5,\n  \"raw_row_count\": 318751,\n  \"bar_count\": 318751,\n  \"raw_feature_date\": \"2026-07-07T21:30:00Z\",\n  \"timestamp_shift_hours\": -3.0,\n  \"feature_date\": \"2026-07-07T18:30:00Z\",\n  \"feature_age_sec\": 36792,\n  \"max_feature_age_sec\": 7200,\n  \"feature_fresh\": false,\n  \"score_rows\": 552,\n  \"eligible_shortlist_count\": 191,\n  \"active_shortlist_count\": 79,\n  \"selected_rule_id\": \"D150C_M5_ret_6h_bps_LEQ50__trend_8_20_bps_GEQ65\",\n  \"selected_label\": \"m5: ret_6h_bps <= q50 AND trend_8_20_bps >= q65\",\n  \"selected_family_key\": \"D150C_M5_ret_6h_bps__trend_8_20_bps\",\n  \"selected_condition_snapshot\": \"[{\\\"current\\\": -60.95027677381459, \\\"feature\\\": \\\"ret_6h_bps\\\", \\\"op\\\": \\\"<=\\\", \\\"threshold\\\": 0.6210794374084116}, {\\\"current\\\": 19.275531114357758, \\\"feature\\\": \\\"trend_8_20_bps\\\", \\\"op\\\": \\\">=\\\", \\\"threshold\\\": 9.25846423904142}]\",\n  \"risk_summary\": \"/Users/vahid/Desktop/xauusd-trader/reports/stage145_clean_ledger_performance_gate/stage145_clean_ledger_performance_gate_summary.json\",\n  \"block_negative_demo_families\": true,\n  \"risk_blocked_family_count\": 4,\n  \"risk_blocked_candidate_count\": 27,\n  \"blocked_family_keys\": [\n    \"D138C_ret_48h_bps__trend_50_100_bps\",\n    \"D150C_M5_ret_12h_bps__trend_50_100_bps\",\n    \"D150C_M5_ret_3h_bps__ret_24h_bps\",\n    \"D150C_M5_trend_8_20_bps__trend_50_100_bps\"\n  ],\n  \"blocked_family_rows\": [\n    {\n      \"family_key\": \"D138C_ret_48h_bps__trend_50_100_bps\",\n      \"closed_trade_count\": 6,\n      \"total_bps\": -1.29,\n      \"mean_bps\": -0.21,\n      \"total_net_profit\": -0.94,\n      \"last_rule_id\": \"D138C_ret_48h_bps_GEQ65__trend_50_100_bps_LEQ65\",\n      \"last_outcome\": \"PROFIT\"\n    },\n    {\n      \"family_key\": \"D150C_M5_ret_12h_bps__trend_50_100_bps\",\n      \"closed_trade_count\": 1,\n      \"total_bps\": -57.1,\n      \"mean_bps\": -57.1,\n      \"total_net_profit\": -23.65,\n      \"last_rule_id\": \"D150C_M5_ret_12h_bps_GEQ35__trend_50_100_bps_GEQ35\",\n      \"last_outcome\": \"LOSS\"\n    },\n    {\n      \"family_key\": \"D150C_M5_ret_3h_bps__ret_24h_bps\",\n      \"closed_trade_count\": 1,\n      \"total_bps\": -19.35,\n      \"mean_bps\": -19.35,\n      \"total_net_profit\": -8.72,\n      \"last_rule_id\": \"D150C_M5_ret_3h_bps_GEQ65__ret_24h_bps_GEQ35\",\n      \"last_outcome\": \"LOSS\"\n    },\n    {\n      \"family_key\": \"D150C_M5_trend_8_20_bps__trend_50_100_bps\",\n      \"closed_trade_count\": 1,\n      \"total_bps\": -50.52,\n      \"mean_bps\": -50.52,\n      \"total_net_profit\": -21.22,\n      \"last_rule_id\": \"D150C_M5_trend_8_20_bps_GEQ65__trend_50_100_bps_GEQ35\",\n      \"last_outcome\": \"LOSS\"\n    }\n  ],\n  \"repo_kv\": \"/Users/vahid/Desktop/xauusd-trader/data/demo_execution/xauusd_stage155_m5_active_router_rule_state_kv.csv\",\n  \"repo_latest\": \"/Users/vahid/Desktop/xauusd-trader/data/demo_execution/xauusd_stage155_m5_active_router_rule_state_latest.csv\",\n  \"mt5_kv_written\": true,\n  \"mt5_kv\": \"/Users/vahid/Library/Application Support/net.metaquotes.wine.metatrader5/drive_c/Program Files/MetaTrader 5/MQL5/Files/xauusd_stage155_m5_active_router_rule_state_kv.csv\",\n  \"mt5_latest\": \"/Users/vahid/Library/Application Support/net.metaquotes.wine.metatrader5/drive_c/Program Files/MetaTrader 5/MQL5/Files/xauusd_stage155_m5_active_router_rule_state_latest.csv\",\n  \"stage134_instruction\": {\n    \"InpRuleStateKvFile\": \"xauusd_stage155_m5_active_router_rule_state_kv.csv\",\n    \"InpAllowedRules\": \"all\",\n    \"keep_InpEnableDemoOrders\": \"true only on demo account\"\n  },\n  \"summary_json\": \"/Users/vahid/Desktop/xauusd-trader/reports/stage155_active_router_demo_risk_guard/m5/stage155_active_router_demo_risk_guard_summary.json\",\n  \"next\": [\n    \"Use Stage155 for demo execution routing after Stage154 exposed demo-negative families.\",\n    \"Keep Stage150B as offline replacement discovery; Stage154 only routes cached PASS candidates.\"\n  ]\n}\n",
      "stderr_tail": ""
    }
  ],
  "next": [
    "If classification is NO_ACTIVE_RULE, keep Stage155 running and do not patch unless inactivity is commercially unacceptable over a defined window.",
    "If classification is SOURCE_STALE or BLOCKED_STALE, update the M5 CSV and run this unifier again.",
    "Use --db-update-command only after identifying the repo's current AMarkets DB updater command."
  ]
}
{
  "stage": "Stage156_OPERATIONAL_UNIFIER",
  "generated_utc": "2026-07-08T04:48:22Z",
  "status": "STAGE156_COMPLETE_OPERATIONAL_UNIFIER_READY",
  "classification": "BLOCKED_STALE",
  "reason": "Stage134 blocked because feature_date is stale; update source CSV or ensure router scheduler is running.",
  "root": "/Users/vahid/Desktop/xauusd-trader",
  "mt5_files": "/Users/vahid/Library/Application Support/net.metaquotes.wine.metatrader5/drive_c/Program Files/MetaTrader 5/MQL5/Files",
  "source": {
    "bars_m5": "/Users/vahid/Downloads/xauusd_fundamental_event_inbox/amarkets_xauusd_5m.csv",
    "exists": true,
    "row_count_including_header_if_any": 318862,
    "last_line": "2026.07.08\t07:40:00\t4125.25\t4125.65\t4121.97\t4123.09\t307\t0\t36",
    "raw_latest_time": "2026-07-08T07:40:00Z",
    "timestamp_shift_hours": -3.0,
    "normalized_latest_time": "2026-07-08T04:40:00Z",
    "feature_age_sec": 503,
    "max_feature_age_sec": 7200,
    "source_fresh": true
  },
  "router": {
    "cmd": "/Library/Frameworks/Python.framework/Versions/3.14/bin/python3 app/stage154_active_shortlist_rule_router.py --root /Users/vahid/Desktop/xauusd-trader --bars /Users/vahid/Downloads/xauusd_fundamental_event_inbox/amarkets_xauusd_5m.csv --score-csv /Users/vahid/Desktop/xauusd-trader/reports/stage150_mtf_separated_validation_discovery/m5/stage150_candidate_scores.csv --risk-summary /Users/vahid/Desktop/xauusd-trader/reports/stage145_clean_ledger_performance_gate/stage145_clean_ledger_performance_gate_summary.json --tf m5 --timeframe-minutes 5 --max-feature-age-sec 7200 --timestamp-shift-hours -3.0 --write-mt5",
    "kv_path": "/Users/vahid/Library/Application Support/net.metaquotes.wine.metatrader5/drive_c/Program Files/MetaTrader 5/MQL5/Files/xauusd_stage155_m5_active_router_rule_state_kv.csv",
    "decision": "STAGE155_ACTIVE_RISK_GUARDED_RULE_READY_POINT_STAGE134_TO_STAGE155_FILE",
    "any_signal_active": "true",
    "selected_rule_id": "D150C_M5_ret_6h_bps_GEQ35__trend_50_100_bps_GEQ35",
    "selected_family_key": "D150C_M5_ret_6h_bps__trend_50_100_bps",
    "active_shortlist_count": "94",
    "eligible_shortlist_count": "191",
    "risk_blocked_family_count": "4"
  },
  "stage134": {
    "kv_path": "/Users/vahid/Library/Application Support/net.metaquotes.wine.metatrader5/drive_c/Program Files/MetaTrader 5/MQL5/Files/xauusd_stage134_demo_executor_status_kv.csv",
    "decision": "BLOCKED_SIGNAL_STALE",
    "reason": "feature_date is stale/missing/unparseable; freshness is based on feature_date UTC, not file modified time",
    "feature_date": "2026-07-07T18:30:00Z",
    "signal_fresh": "false",
    "signal_age_sec": "37108",
    "any_signal_active": "false",
    "open_positions": "0",
    "last_success_signal_key": "2026-07-07T18:30:00Z|D150C_M5_ret_6h_bps_LEQ50__trend_8_20_bps_GEQ65",
    "last_attempt_signal_key": "2026-07-07T18:30:00Z|D150C_M5_ret_6h_bps_LEQ50__trend_8_20_bps_GEQ65"
  },
  "commands": [
    {
      "cmd": "/Library/Frameworks/Python.framework/Versions/3.14/bin/python3 app/stage154_active_shortlist_rule_router.py --root /Users/vahid/Desktop/xauusd-trader --bars /Users/vahid/Downloads/xauusd_fundamental_event_inbox/amarkets_xauusd_5m.csv --score-csv /Users/vahid/Desktop/xauusd-trader/reports/stage150_mtf_separated_validation_discovery/m5/stage150_candidate_scores.csv --risk-summary /Users/vahid/Desktop/xauusd-trader/reports/stage145_clean_ledger_performance_gate/stage145_clean_ledger_performance_gate_summary.json --tf m5 --timeframe-minutes 5 --max-feature-age-sec 7200 --timestamp-shift-hours -3.0 --write-mt5",
      "started_utc": "2026-07-08T04:48:23Z",
      "finished_utc": "2026-07-08T04:48:47Z",
      "returncode": 0,
      "stdout_tail": "\"/Users/vahid/Downloads/xauusd_fundamental_event_inbox/amarkets_xauusd_5m.csv\",\n  \"score_csv\": \"/Users/vahid/Desktop/xauusd-trader/reports/stage150_mtf_separated_validation_discovery/m5/stage150_candidate_scores.csv\",\n  \"tf\": \"m5\",\n  \"timeframe_minutes\": 5,\n  \"raw_row_count\": 318861,\n  \"bar_count\": 318861,\n  \"raw_feature_date\": \"2026-07-08T07:40:00Z\",\n  \"timestamp_shift_hours\": -3.0,\n  \"feature_date\": \"2026-07-08T04:40:00Z\",\n  \"feature_age_sec\": 526,\n  \"max_feature_age_sec\": 7200,\n  \"feature_fresh\": true,\n  \"score_rows\": 552,\n  \"eligible_shortlist_count\": 191,\n  \"active_shortlist_count\": 94,\n  \"selected_rule_id\": \"D150C_M5_ret_6h_bps_GEQ35__trend_50_100_bps_GEQ35\",\n  \"selected_label\": \"m5: ret_6h_bps >= q35 AND trend_50_100_bps >= q35\",\n  \"selected_family_key\": \"D150C_M5_ret_6h_bps__trend_50_100_bps\",\n  \"selected_condition_snapshot\": \"[{\\\"current\\\": 54.012007003274576, \\\"feature\\\": \\\"ret_6h_bps\\\", \\\"op\\\": \\\">=\\\", \\\"threshold\\\": -11.207049281962814}, {\\\"current\\\": 29.873703255616224, \\\"feature\\\": \\\"trend_50_100_bps\\\", \\\"op\\\": \\\">=\\\", \\\"threshold\\\": -14.337320822584214}]\",\n  \"risk_summary\": \"/Users/vahid/Desktop/xauusd-trader/reports/stage145_clean_ledger_performance_gate/stage145_clean_ledger_performance_gate_summary.json\",\n  \"block_negative_demo_families\": true,\n  \"risk_blocked_family_count\": 4,\n  \"risk_blocked_candidate_count\": 27,\n  \"blocked_family_keys\": [\n    \"D138C_ret_48h_bps__trend_50_100_bps\",\n    \"D150C_M5_ret_12h_bps__trend_50_100_bps\",\n    \"D150C_M5_ret_3h_bps__ret_24h_bps\",\n    \"D150C_M5_trend_8_20_bps__trend_50_100_bps\"\n  ],\n  \"blocked_family_rows\": [\n    {\n      \"family_key\": \"D138C_ret_48h_bps__trend_50_100_bps\",\n      \"closed_trade_count\": 6,\n      \"total_bps\": -1.29,\n      \"mean_bps\": -0.21,\n      \"total_net_profit\": -0.94,\n      \"last_rule_id\": \"D138C_ret_48h_bps_GEQ65__trend_50_100_bps_LEQ65\",\n      \"last_outcome\": \"PROFIT\"\n    },\n    {\n      \"family_key\": \"D150C_M5_ret_12h_bps__trend_50_100_bps\",\n      \"closed_trade_count\": 1,\n      \"total_bps\": -57.1,\n      \"mean_bps\": -57.1,\n      \"total_net_profit\": -23.65,\n      \"last_rule_id\": \"D150C_M5_ret_12h_bps_GEQ35__trend_50_100_bps_GEQ35\",\n      \"last_outcome\": \"LOSS\"\n    },\n    {\n      \"family_key\": \"D150C_M5_ret_3h_bps__ret_24h_bps\",\n      \"closed_trade_count\": 1,\n      \"total_bps\": -19.35,\n      \"mean_bps\": -19.35,\n      \"total_net_profit\": -8.72,\n      \"last_rule_id\": \"D150C_M5_ret_3h_bps_GEQ65__ret_24h_bps_GEQ35\",\n      \"last_outcome\": \"LOSS\"\n    },\n    {\n      \"family_key\": \"D150C_M5_trend_8_20_bps__trend_50_100_bps\",\n      \"closed_trade_count\": 1,\n      \"total_bps\": -50.52,\n      \"mean_bps\": -50.52,\n      \"total_net_profit\": -21.22,\n      \"last_rule_id\": \"D150C_M5_trend_8_20_bps_GEQ65__trend_50_100_bps_GEQ35\",\n      \"last_outcome\": \"LOSS\"\n    }\n  ],\n  \"repo_kv\": \"/Users/vahid/Desktop/xauusd-trader/data/demo_execution/xauusd_stage155_m5_active_router_rule_state_kv.csv\",\n  \"repo_latest\": \"/Users/vahid/Desktop/xauusd-trader/data/demo_execution/xauusd_stage155_m5_active_router_rule_state_latest.csv\",\n  \"mt5_kv_written\": true,\n  \"mt5_kv\": \"/Users/vahid/Library/Application Support/net.metaquotes.wine.metatrader5/drive_c/Program Files/MetaTrader 5/MQL5/Files/xauusd_stage155_m5_active_router_rule_state_kv.csv\",\n  \"mt5_latest\": \"/Users/vahid/Library/Application Support/net.metaquotes.wine.metatrader5/drive_c/Program Files/MetaTrader 5/MQL5/Files/xauusd_stage155_m5_active_router_rule_state_latest.csv\",\n  \"stage134_instruction\": {\n    \"InpRuleStateKvFile\": \"xauusd_stage155_m5_active_router_rule_state_kv.csv\",\n    \"InpAllowedRules\": \"all\",\n    \"keep_InpEnableDemoOrders\": \"true only on demo account\"\n  },\n  \"summary_json\": \"/Users/vahid/Desktop/xauusd-trader/reports/stage155_active_router_demo_risk_guard/m5/stage155_active_router_demo_risk_guard_summary.json\",\n  \"next\": [\n    \"Use Stage155 for demo execution routing after Stage154 exposed demo-negative families.\",\n    \"Keep Stage150B as offline replacement discovery; Stage154 only routes cached PASS candidates.\"\n  ]\n}\n",
      "stderr_tail": ""
    }
  ],
  "next": [
    "If classification is NO_ACTIVE_RULE, keep Stage155 running and do not patch unless inactivity is commercially unacceptable over a defined window.",
    "If classification is SOURCE_STALE or BLOCKED_STALE, update the M5 CSV and run this unifier again.",
    "Use --db-update-command only after identifying the repo's current AMarkets DB updater command."
  ]
}
{
  "stage": "Stage156_OPERATIONAL_UNIFIER",
  "generated_utc": "2026-07-08T04:54:01Z",
  "status": "STAGE156_COMPLETE_OPERATIONAL_UNIFIER_READY",
  "classification": "POSITION_OPEN",
  "reason": "Stage134 sees an open position; duplicate orders correctly blocked.",
  "root": "/Users/vahid/Desktop/xauusd-trader",
  "mt5_files": "/Users/vahid/Library/Application Support/net.metaquotes.wine.metatrader5/drive_c/Program Files/MetaTrader 5/MQL5/Files",
  "source": {
    "bars_m5": "/Users/vahid/Downloads/xauusd_fundamental_event_inbox/amarkets_xauusd_5m.csv",
    "exists": true,
    "row_count_including_header_if_any": 318862,
    "last_line": "2026.07.08\t07:40:00\t4125.25\t4125.65\t4121.97\t4123.09\t307\t0\t36",
    "raw_latest_time": "2026-07-08T07:40:00Z",
    "timestamp_shift_hours": -3.0,
    "normalized_latest_time": "2026-07-08T04:40:00Z",
    "feature_age_sec": 842,
    "max_feature_age_sec": 7200,
    "source_fresh": true
  },
  "router": {
    "cmd": "/Library/Frameworks/Python.framework/Versions/3.14/bin/python3 app/stage154_active_shortlist_rule_router.py --root /Users/vahid/Desktop/xauusd-trader --bars /Users/vahid/Downloads/xauusd_fundamental_event_inbox/amarkets_xauusd_5m.csv --score-csv /Users/vahid/Desktop/xauusd-trader/reports/stage150_mtf_separated_validation_discovery/m5/stage150_candidate_scores.csv --risk-summary /Users/vahid/Desktop/xauusd-trader/reports/stage145_clean_ledger_performance_gate/stage145_clean_ledger_performance_gate_summary.json --tf m5 --timeframe-minutes 5 --max-feature-age-sec 7200 --timestamp-shift-hours -3.0 --write-mt5",
    "kv_path": "/Users/vahid/Library/Application Support/net.metaquotes.wine.metatrader5/drive_c/Program Files/MetaTrader 5/MQL5/Files/xauusd_stage155_m5_active_router_rule_state_kv.csv",
    "decision": "STAGE157_GLOBAL_PERFORMANCE_FREEZE_NO_ORDER",
    "any_signal_active": "false",
    "selected_rule_id": "",
    "selected_family_key": "",
    "active_shortlist_count": "94",
    "eligible_shortlist_count": "191",
    "risk_blocked_family_count": "4"
  },
  "stage134": {
    "kv_path": "/Users/vahid/Library/Application Support/net.metaquotes.wine.metatrader5/drive_c/Program Files/MetaTrader 5/MQL5/Files/xauusd_stage134_demo_executor_status_kv.csv",
    "decision": "BLOCKED_MAX_OPEN_POSITIONS",
    "reason": "max open positions reached",
    "feature_date": "2026-07-08T04:40:00Z",
    "signal_fresh": "true",
    "signal_age_sec": "868",
    "any_signal_active": "true",
    "open_positions": "1",
    "last_success_signal_key": "2026-07-08T04:40:00Z|D150C_M5_ret_6h_bps_GEQ35__trend_50_100_bps_GEQ35",
    "last_attempt_signal_key": "2026-07-08T04:40:00Z|D150C_M5_ret_6h_bps_GEQ35__trend_50_100_bps_GEQ35"
  },
  "commands": [
    {
      "cmd": "/Library/Frameworks/Python.framework/Versions/3.14/bin/python3 app/stage154_active_shortlist_rule_router.py --root /Users/vahid/Desktop/xauusd-trader --bars /Users/vahid/Downloads/xauusd_fundamental_event_inbox/amarkets_xauusd_5m.csv --score-csv /Users/vahid/Desktop/xauusd-trader/reports/stage150_mtf_separated_validation_discovery/m5/stage150_candidate_scores.csv --risk-summary /Users/vahid/Desktop/xauusd-trader/reports/stage145_clean_ledger_performance_gate/stage145_clean_ledger_performance_gate_summary.json --tf m5 --timeframe-minutes 5 --max-feature-age-sec 7200 --timestamp-shift-hours -3.0 --write-mt5",
      "started_utc": "2026-07-08T04:54:02Z",
      "finished_utc": "2026-07-08T04:54:30Z",
      "returncode": 0,
      "stdout_tail": "0_100_bps\\\", \\\"op\\\": \\\">=\\\", \\\"threshold\\\": -14.337320822584214}]\",\n  \"raw_selected_rule_id_before_global_gate\": \"D150C_M5_ret_6h_bps_GEQ35__trend_50_100_bps_GEQ35\",\n  \"raw_selected_label_before_global_gate\": \"m5: ret_6h_bps >= q35 AND trend_50_100_bps >= q35\",\n  \"risk_summary\": \"/Users/vahid/Desktop/xauusd-trader/reports/stage145_clean_ledger_performance_gate/stage145_clean_ledger_performance_gate_summary.json\",\n  \"global_freeze_guard\": true,\n  \"global_gate_freeze_active\": true,\n  \"global_gate_info\": {\n    \"global_gate_freeze_active\": true,\n    \"global_gate_reason\": \"Stage145 aggregate gate requires freeze/repair: gate_decision=STAGE145_FREEZE_REPAIR_RULE_NEGATIVE_EXPECTANCY; recommended_action=FREEZE_CURRENT_RULE_AND_REPAIR_DISCOVERY; severity=HIGH; closed_trade_count=12; total_bps=-9.72; mean_bps=-0.81; win_rate=0.5\",\n    \"global_gate_decision\": \"STAGE145_FREEZE_REPAIR_RULE_NEGATIVE_EXPECTANCY\",\n    \"global_recommended_action\": \"FREEZE_CURRENT_RULE_AND_REPAIR_DISCOVERY\",\n    \"global_severity\": \"HIGH\",\n    \"global_closed_trade_count\": 12,\n    \"global_total_bps\": -9.72,\n    \"global_mean_bps\": -0.81,\n    \"global_win_rate\": 0.5,\n    \"min_global_gate_trades\": 10\n  },\n  \"block_negative_demo_families\": true,\n  \"risk_blocked_family_count\": 4,\n  \"risk_blocked_candidate_count\": 27,\n  \"blocked_family_keys\": [\n    \"D138C_ret_48h_bps__trend_50_100_bps\",\n    \"D150C_M5_ret_12h_bps__trend_50_100_bps\",\n    \"D150C_M5_ret_3h_bps__ret_24h_bps\",\n    \"D150C_M5_trend_8_20_bps__trend_50_100_bps\"\n  ],\n  \"blocked_family_rows\": [\n    {\n      \"family_key\": \"D138C_ret_48h_bps__trend_50_100_bps\",\n      \"closed_trade_count\": 6,\n      \"total_bps\": -1.29,\n      \"mean_bps\": -0.21,\n      \"total_net_profit\": -0.94,\n      \"last_rule_id\": \"D138C_ret_48h_bps_GEQ65__trend_50_100_bps_LEQ65\",\n      \"last_outcome\": \"PROFIT\"\n    },\n    {\n      \"family_key\": \"D150C_M5_ret_12h_bps__trend_50_100_bps\",\n      \"closed_trade_count\": 1,\n      \"total_bps\": -57.1,\n      \"mean_bps\": -57.1,\n      \"total_net_profit\": -23.65,\n      \"last_rule_id\": \"D150C_M5_ret_12h_bps_GEQ35__trend_50_100_bps_GEQ35\",\n      \"last_outcome\": \"LOSS\"\n    },\n    {\n      \"family_key\": \"D150C_M5_ret_3h_bps__ret_24h_bps\",\n      \"closed_trade_count\": 1,\n      \"total_bps\": -19.35,\n      \"mean_bps\": -19.35,\n      \"total_net_profit\": -8.72,\n      \"last_rule_id\": \"D150C_M5_ret_3h_bps_GEQ65__ret_24h_bps_GEQ35\",\n      \"last_outcome\": \"LOSS\"\n    },\n    {\n      \"family_key\": \"D150C_M5_trend_8_20_bps__trend_50_100_bps\",\n      \"closed_trade_count\": 1,\n      \"total_bps\": -50.52,\n      \"mean_bps\": -50.52,\n      \"total_net_profit\": -21.22,\n      \"last_rule_id\": \"D150C_M5_trend_8_20_bps_GEQ65__trend_50_100_bps_GEQ35\",\n      \"last_outcome\": \"LOSS\"\n    }\n  ],\n  \"repo_kv\": \"/Users/vahid/Desktop/xauusd-trader/data/demo_execution/xauusd_stage155_m5_active_router_rule_state_kv.csv\",\n  \"repo_latest\": \"/Users/vahid/Desktop/xauusd-trader/data/demo_execution/xauusd_stage155_m5_active_router_rule_state_latest.csv\",\n  \"mt5_kv_written\": true,\n  \"mt5_kv\": \"/Users/vahid/Library/Application Support/net.metaquotes.wine.metatrader5/drive_c/Program Files/MetaTrader 5/MQL5/Files/xauusd_stage155_m5_active_router_rule_state_kv.csv\",\n  \"mt5_latest\": \"/Users/vahid/Library/Application Support/net.metaquotes.wine.metatrader5/drive_c/Program Files/MetaTrader 5/MQL5/Files/xauusd_stage155_m5_active_router_rule_state_latest.csv\",\n  \"stage134_instruction\": {\n    \"InpRuleStateKvFile\": \"xauusd_stage155_m5_active_router_rule_state_kv.csv\",\n    \"InpAllowedRules\": \"all\",\n    \"keep_InpEnableDemoOrders\": \"true only on demo account\"\n  },\n  \"summary_json\": \"/Users/vahid/Desktop/xauusd-trader/reports/stage155_active_router_demo_risk_guard/m5/stage155_active_router_demo_risk_guard_summary.json\",\n  \"next\": [\n    \"Use this Stage157-hardened router behind Stage156; it preserves Stage155 KV filename so Stage134 input does not need to change.\",\n    \"If global_gate_freeze_active is true, keep demo orders blocked and repair discovery before re-enabling routing.\"\n  ]\n}\n",
      "stderr_tail": ""
    }
  ],
  "next": [
    "If classification is NO_ACTIVE_RULE, keep Stage155 running and do not patch unless inactivity is commercially unacceptable over a defined window.",
    "If classification is SOURCE_STALE or BLOCKED_STALE, update the M5 CSV and run this unifier again.",
    "Use --db-update-command only after identifying the repo's current AMarkets DB updater command."
  ]
}
{
  "stage": "Stage156_OPERATIONAL_UNIFIER",
  "generated_utc": "2026-07-08T04:59:33Z",
  "status": "STAGE156_COMPLETE_OPERATIONAL_UNIFIER_READY",
  "classification": "POSITION_OPEN",
  "reason": "Stage134 sees an open position; duplicate orders correctly blocked.",
  "root": "/Users/vahid/Desktop/xauusd-trader",
  "mt5_files": "/Users/vahid/Library/Application Support/net.metaquotes.wine.metatrader5/drive_c/Program Files/MetaTrader 5/MQL5/Files",
  "source": {
    "bars_m5": "/Users/vahid/Downloads/xauusd_fundamental_event_inbox/amarkets_xauusd_5m.csv",
    "exists": true,
    "row_count_including_header_if_any": 318862,
    "last_line": "2026.07.08\t07:40:00\t4125.25\t4125.65\t4121.97\t4123.09\t307\t0\t36",
    "raw_latest_time": "2026-07-08T07:40:00Z",
    "timestamp_shift_hours": -3.0,
    "normalized_latest_time": "2026-07-08T04:40:00Z",
    "feature_age_sec": 1174,
    "max_feature_age_sec": 7200,
    "source_fresh": true
  },
  "router": {
    "cmd": "/Library/Frameworks/Python.framework/Versions/3.14/bin/python3 app/stage154_active_shortlist_rule_router.py --root /Users/vahid/Desktop/xauusd-trader --bars /Users/vahid/Downloads/xauusd_fundamental_event_inbox/amarkets_xauusd_5m.csv --score-csv /Users/vahid/Desktop/xauusd-trader/reports/stage150_mtf_separated_validation_discovery/m5/stage150_candidate_scores.csv --risk-summary /Users/vahid/Desktop/xauusd-trader/reports/stage145_clean_ledger_performance_gate/stage145_clean_ledger_performance_gate_summary.json --tf m5 --timeframe-minutes 5 --max-feature-age-sec 7200 --timestamp-shift-hours -3.0 --write-mt5",
    "kv_path": "/Users/vahid/Library/Application Support/net.metaquotes.wine.metatrader5/drive_c/Program Files/MetaTrader 5/MQL5/Files/xauusd_stage155_m5_active_router_rule_state_kv.csv",
    "decision": "STAGE157_GLOBAL_PERFORMANCE_FREEZE_NO_ORDER",
    "any_signal_active": "false",
    "selected_rule_id": "",
    "selected_family_key": "",
    "active_shortlist_count": "94",
    "eligible_shortlist_count": "191",
    "risk_blocked_family_count": "4"
  },
  "stage134": {
    "kv_path": "/Users/vahid/Library/Application Support/net.metaquotes.wine.metatrader5/drive_c/Program Files/MetaTrader 5/MQL5/Files/xauusd_stage134_demo_executor_status_kv.csv",
    "decision": "HOLD_NO_ACTIVE_ALLOWED_RULE",
    "reason": "no active selected rule",
    "feature_date": "2026-07-08T04:40:00Z",
    "signal_fresh": "true",
    "signal_age_sec": "1168",
    "any_signal_active": "false",
    "open_positions": "1",
    "last_success_signal_key": "2026-07-08T04:40:00Z|D150C_M5_ret_6h_bps_GEQ35__trend_50_100_bps_GEQ35",
    "last_attempt_signal_key": "2026-07-08T04:40:00Z|D150C_M5_ret_6h_bps_GEQ35__trend_50_100_bps_GEQ35"
  },
  "commands": [
    {
      "cmd": "/Library/Frameworks/Python.framework/Versions/3.14/bin/python3 app/stage154_active_shortlist_rule_router.py --root /Users/vahid/Desktop/xauusd-trader --bars /Users/vahid/Downloads/xauusd_fundamental_event_inbox/amarkets_xauusd_5m.csv --score-csv /Users/vahid/Desktop/xauusd-trader/reports/stage150_mtf_separated_validation_discovery/m5/stage150_candidate_scores.csv --risk-summary /Users/vahid/Desktop/xauusd-trader/reports/stage145_clean_ledger_performance_gate/stage145_clean_ledger_performance_gate_summary.json --tf m5 --timeframe-minutes 5 --max-feature-age-sec 7200 --timestamp-shift-hours -3.0 --write-mt5",
      "started_utc": "2026-07-08T04:59:34Z",
      "finished_utc": "2026-07-08T04:59:49Z",
      "returncode": 0,
      "stdout_tail": "0_100_bps\\\", \\\"op\\\": \\\">=\\\", \\\"threshold\\\": -14.337320822584214}]\",\n  \"raw_selected_rule_id_before_global_gate\": \"D150C_M5_ret_6h_bps_GEQ35__trend_50_100_bps_GEQ35\",\n  \"raw_selected_label_before_global_gate\": \"m5: ret_6h_bps >= q35 AND trend_50_100_bps >= q35\",\n  \"risk_summary\": \"/Users/vahid/Desktop/xauusd-trader/reports/stage145_clean_ledger_performance_gate/stage145_clean_ledger_performance_gate_summary.json\",\n  \"global_freeze_guard\": true,\n  \"global_gate_freeze_active\": true,\n  \"global_gate_info\": {\n    \"global_gate_freeze_active\": true,\n    \"global_gate_reason\": \"Stage145 aggregate gate requires freeze/repair: gate_decision=STAGE145_FREEZE_REPAIR_RULE_NEGATIVE_EXPECTANCY; recommended_action=FREEZE_CURRENT_RULE_AND_REPAIR_DISCOVERY; severity=HIGH; closed_trade_count=12; total_bps=-9.72; mean_bps=-0.81; win_rate=0.5\",\n    \"global_gate_decision\": \"STAGE145_FREEZE_REPAIR_RULE_NEGATIVE_EXPECTANCY\",\n    \"global_recommended_action\": \"FREEZE_CURRENT_RULE_AND_REPAIR_DISCOVERY\",\n    \"global_severity\": \"HIGH\",\n    \"global_closed_trade_count\": 12,\n    \"global_total_bps\": -9.72,\n    \"global_mean_bps\": -0.81,\n    \"global_win_rate\": 0.5,\n    \"min_global_gate_trades\": 10\n  },\n  \"block_negative_demo_families\": true,\n  \"risk_blocked_family_count\": 4,\n  \"risk_blocked_candidate_count\": 27,\n  \"blocked_family_keys\": [\n    \"D138C_ret_48h_bps__trend_50_100_bps\",\n    \"D150C_M5_ret_12h_bps__trend_50_100_bps\",\n    \"D150C_M5_ret_3h_bps__ret_24h_bps\",\n    \"D150C_M5_trend_8_20_bps__trend_50_100_bps\"\n  ],\n  \"blocked_family_rows\": [\n    {\n      \"family_key\": \"D138C_ret_48h_bps__trend_50_100_bps\",\n      \"closed_trade_count\": 6,\n      \"total_bps\": -1.29,\n      \"mean_bps\": -0.21,\n      \"total_net_profit\": -0.94,\n      \"last_rule_id\": \"D138C_ret_48h_bps_GEQ65__trend_50_100_bps_LEQ65\",\n      \"last_outcome\": \"PROFIT\"\n    },\n    {\n      \"family_key\": \"D150C_M5_ret_12h_bps__trend_50_100_bps\",\n      \"closed_trade_count\": 1,\n      \"total_bps\": -57.1,\n      \"mean_bps\": -57.1,\n      \"total_net_profit\": -23.65,\n      \"last_rule_id\": \"D150C_M5_ret_12h_bps_GEQ35__trend_50_100_bps_GEQ35\",\n      \"last_outcome\": \"LOSS\"\n    },\n    {\n      \"family_key\": \"D150C_M5_ret_3h_bps__ret_24h_bps\",\n      \"closed_trade_count\": 1,\n      \"total_bps\": -19.35,\n      \"mean_bps\": -19.35,\n      \"total_net_profit\": -8.72,\n      \"last_rule_id\": \"D150C_M5_ret_3h_bps_GEQ65__ret_24h_bps_GEQ35\",\n      \"last_outcome\": \"LOSS\"\n    },\n    {\n      \"family_key\": \"D150C_M5_trend_8_20_bps__trend_50_100_bps\",\n      \"closed_trade_count\": 1,\n      \"total_bps\": -50.52,\n      \"mean_bps\": -50.52,\n      \"total_net_profit\": -21.22,\n      \"last_rule_id\": \"D150C_M5_trend_8_20_bps_GEQ65__trend_50_100_bps_GEQ35\",\n      \"last_outcome\": \"LOSS\"\n    }\n  ],\n  \"repo_kv\": \"/Users/vahid/Desktop/xauusd-trader/data/demo_execution/xauusd_stage155_m5_active_router_rule_state_kv.csv\",\n  \"repo_latest\": \"/Users/vahid/Desktop/xauusd-trader/data/demo_execution/xauusd_stage155_m5_active_router_rule_state_latest.csv\",\n  \"mt5_kv_written\": true,\n  \"mt5_kv\": \"/Users/vahid/Library/Application Support/net.metaquotes.wine.metatrader5/drive_c/Program Files/MetaTrader 5/MQL5/Files/xauusd_stage155_m5_active_router_rule_state_kv.csv\",\n  \"mt5_latest\": \"/Users/vahid/Library/Application Support/net.metaquotes.wine.metatrader5/drive_c/Program Files/MetaTrader 5/MQL5/Files/xauusd_stage155_m5_active_router_rule_state_latest.csv\",\n  \"stage134_instruction\": {\n    \"InpRuleStateKvFile\": \"xauusd_stage155_m5_active_router_rule_state_kv.csv\",\n    \"InpAllowedRules\": \"all\",\n    \"keep_InpEnableDemoOrders\": \"true only on demo account\"\n  },\n  \"summary_json\": \"/Users/vahid/Desktop/xauusd-trader/reports/stage155_active_router_demo_risk_guard/m5/stage155_active_router_demo_risk_guard_summary.json\",\n  \"next\": [\n    \"Use this Stage157-hardened router behind Stage156; it preserves Stage155 KV filename so Stage134 input does not need to change.\",\n    \"If global_gate_freeze_active is true, keep demo orders blocked and repair discovery before re-enabling routing.\"\n  ]\n}\n",
      "stderr_tail": ""
    }
  ],
  "next": [
    "If classification is NO_ACTIVE_RULE, keep Stage155 running and do not patch unless inactivity is commercially unacceptable over a defined window.",
    "If classification is SOURCE_STALE or BLOCKED_STALE, update the M5 CSV and run this unifier again.",
    "Use --db-update-command only after identifying the repo's current AMarkets DB updater command."
  ]
}
{
  "stage": "Stage156_OPERATIONAL_UNIFIER",
  "generated_utc": "2026-07-08T05:04:53Z",
  "status": "STAGE156_COMPLETE_OPERATIONAL_UNIFIER_READY",
  "classification": "POSITION_OPEN",
  "reason": "Stage134 sees an open position; duplicate orders correctly blocked.",
  "root": "/Users/vahid/Desktop/xauusd-trader",
  "mt5_files": "/Users/vahid/Library/Application Support/net.metaquotes.wine.metatrader5/drive_c/Program Files/MetaTrader 5/MQL5/Files",
  "source": {
    "bars_m5": "/Users/vahid/Downloads/xauusd_fundamental_event_inbox/amarkets_xauusd_5m.csv",
    "exists": true,
    "row_count_including_header_if_any": 318862,
    "last_line": "2026.07.08\t07:40:00\t4125.25\t4125.65\t4121.97\t4123.09\t307\t0\t36",
    "raw_latest_time": "2026-07-08T07:40:00Z",
    "timestamp_shift_hours": -3.0,
    "normalized_latest_time": "2026-07-08T04:40:00Z",
    "feature_age_sec": 1494,
    "max_feature_age_sec": 7200,
    "source_fresh": true
  },
  "router": {
    "cmd": "/Library/Frameworks/Python.framework/Versions/3.14/bin/python3 app/stage154_active_shortlist_rule_router.py --root /Users/vahid/Desktop/xauusd-trader --bars /Users/vahid/Downloads/xauusd_fundamental_event_inbox/amarkets_xauusd_5m.csv --score-csv /Users/vahid/Desktop/xauusd-trader/reports/stage150_mtf_separated_validation_discovery/m5/stage150_candidate_scores.csv --risk-summary /Users/vahid/Desktop/xauusd-trader/reports/stage145_clean_ledger_performance_gate/stage145_clean_ledger_performance_gate_summary.json --tf m5 --timeframe-minutes 5 --max-feature-age-sec 7200 --timestamp-shift-hours -3.0 --write-mt5",
    "kv_path": "/Users/vahid/Library/Application Support/net.metaquotes.wine.metatrader5/drive_c/Program Files/MetaTrader 5/MQL5/Files/xauusd_stage155_m5_active_router_rule_state_kv.csv",
    "decision": "STAGE157_GLOBAL_PERFORMANCE_FREEZE_NO_ORDER",
    "any_signal_active": "false",
    "selected_rule_id": "",
    "selected_family_key": "",
    "active_shortlist_count": "94",
    "eligible_shortlist_count": "191",
    "risk_blocked_family_count": "4"
  },
  "stage134": {
    "kv_path": "/Users/vahid/Library/Application Support/net.metaquotes.wine.metatrader5/drive_c/Program Files/MetaTrader 5/MQL5/Files/xauusd_stage134_demo_executor_status_kv.csv",
    "decision": "HOLD_NO_ACTIVE_ALLOWED_RULE",
    "reason": "no active selected rule",
    "feature_date": "2026-07-08T04:40:00Z",
    "signal_fresh": "true",
    "signal_age_sec": "1500",
    "any_signal_active": "false",
    "open_positions": "1",
    "last_success_signal_key": "2026-07-08T04:40:00Z|D150C_M5_ret_6h_bps_GEQ35__trend_50_100_bps_GEQ35",
    "last_attempt_signal_key": "2026-07-08T04:40:00Z|D150C_M5_ret_6h_bps_GEQ35__trend_50_100_bps_GEQ35"
  },
  "commands": [
    {
      "cmd": "/Library/Frameworks/Python.framework/Versions/3.14/bin/python3 app/stage154_active_shortlist_rule_router.py --root /Users/vahid/Desktop/xauusd-trader --bars /Users/vahid/Downloads/xauusd_fundamental_event_inbox/amarkets_xauusd_5m.csv --score-csv /Users/vahid/Desktop/xauusd-trader/reports/stage150_mtf_separated_validation_discovery/m5/stage150_candidate_scores.csv --risk-summary /Users/vahid/Desktop/xauusd-trader/reports/stage145_clean_ledger_performance_gate/stage145_clean_ledger_performance_gate_summary.json --tf m5 --timeframe-minutes 5 --max-feature-age-sec 7200 --timestamp-shift-hours -3.0 --write-mt5",
      "started_utc": "2026-07-08T05:04:54Z",
      "finished_utc": "2026-07-08T05:05:26Z",
      "returncode": 0,
      "stdout_tail": "0_100_bps\\\", \\\"op\\\": \\\">=\\\", \\\"threshold\\\": -14.337320822584214}]\",\n  \"raw_selected_rule_id_before_global_gate\": \"D150C_M5_ret_6h_bps_GEQ35__trend_50_100_bps_GEQ35\",\n  \"raw_selected_label_before_global_gate\": \"m5: ret_6h_bps >= q35 AND trend_50_100_bps >= q35\",\n  \"risk_summary\": \"/Users/vahid/Desktop/xauusd-trader/reports/stage145_clean_ledger_performance_gate/stage145_clean_ledger_performance_gate_summary.json\",\n  \"global_freeze_guard\": true,\n  \"global_gate_freeze_active\": true,\n  \"global_gate_info\": {\n    \"global_gate_freeze_active\": true,\n    \"global_gate_reason\": \"Stage145 aggregate gate requires freeze/repair: gate_decision=STAGE145_FREEZE_REPAIR_RULE_NEGATIVE_EXPECTANCY; recommended_action=FREEZE_CURRENT_RULE_AND_REPAIR_DISCOVERY; severity=HIGH; closed_trade_count=12; total_bps=-9.72; mean_bps=-0.81; win_rate=0.5\",\n    \"global_gate_decision\": \"STAGE145_FREEZE_REPAIR_RULE_NEGATIVE_EXPECTANCY\",\n    \"global_recommended_action\": \"FREEZE_CURRENT_RULE_AND_REPAIR_DISCOVERY\",\n    \"global_severity\": \"HIGH\",\n    \"global_closed_trade_count\": 12,\n    \"global_total_bps\": -9.72,\n    \"global_mean_bps\": -0.81,\n    \"global_win_rate\": 0.5,\n    \"min_global_gate_trades\": 10\n  },\n  \"block_negative_demo_families\": true,\n  \"risk_blocked_family_count\": 4,\n  \"risk_blocked_candidate_count\": 27,\n  \"blocked_family_keys\": [\n    \"D138C_ret_48h_bps__trend_50_100_bps\",\n    \"D150C_M5_ret_12h_bps__trend_50_100_bps\",\n    \"D150C_M5_ret_3h_bps__ret_24h_bps\",\n    \"D150C_M5_trend_8_20_bps__trend_50_100_bps\"\n  ],\n  \"blocked_family_rows\": [\n    {\n      \"family_key\": \"D138C_ret_48h_bps__trend_50_100_bps\",\n      \"closed_trade_count\": 6,\n      \"total_bps\": -1.29,\n      \"mean_bps\": -0.21,\n      \"total_net_profit\": -0.94,\n      \"last_rule_id\": \"D138C_ret_48h_bps_GEQ65__trend_50_100_bps_LEQ65\",\n      \"last_outcome\": \"PROFIT\"\n    },\n    {\n      \"family_key\": \"D150C_M5_ret_12h_bps__trend_50_100_bps\",\n      \"closed_trade_count\": 1,\n      \"total_bps\": -57.1,\n      \"mean_bps\": -57.1,\n      \"total_net_profit\": -23.65,\n      \"last_rule_id\": \"D150C_M5_ret_12h_bps_GEQ35__trend_50_100_bps_GEQ35\",\n      \"last_outcome\": \"LOSS\"\n    },\n    {\n      \"family_key\": \"D150C_M5_ret_3h_bps__ret_24h_bps\",\n      \"closed_trade_count\": 1,\n      \"total_bps\": -19.35,\n      \"mean_bps\": -19.35,\n      \"total_net_profit\": -8.72,\n      \"last_rule_id\": \"D150C_M5_ret_3h_bps_GEQ65__ret_24h_bps_GEQ35\",\n      \"last_outcome\": \"LOSS\"\n    },\n    {\n      \"family_key\": \"D150C_M5_trend_8_20_bps__trend_50_100_bps\",\n      \"closed_trade_count\": 1,\n      \"total_bps\": -50.52,\n      \"mean_bps\": -50.52,\n      \"total_net_profit\": -21.22,\n      \"last_rule_id\": \"D150C_M5_trend_8_20_bps_GEQ65__trend_50_100_bps_GEQ35\",\n      \"last_outcome\": \"LOSS\"\n    }\n  ],\n  \"repo_kv\": \"/Users/vahid/Desktop/xauusd-trader/data/demo_execution/xauusd_stage155_m5_active_router_rule_state_kv.csv\",\n  \"repo_latest\": \"/Users/vahid/Desktop/xauusd-trader/data/demo_execution/xauusd_stage155_m5_active_router_rule_state_latest.csv\",\n  \"mt5_kv_written\": true,\n  \"mt5_kv\": \"/Users/vahid/Library/Application Support/net.metaquotes.wine.metatrader5/drive_c/Program Files/MetaTrader 5/MQL5/Files/xauusd_stage155_m5_active_router_rule_state_kv.csv\",\n  \"mt5_latest\": \"/Users/vahid/Library/Application Support/net.metaquotes.wine.metatrader5/drive_c/Program Files/MetaTrader 5/MQL5/Files/xauusd_stage155_m5_active_router_rule_state_latest.csv\",\n  \"stage134_instruction\": {\n    \"InpRuleStateKvFile\": \"xauusd_stage155_m5_active_router_rule_state_kv.csv\",\n    \"InpAllowedRules\": \"all\",\n    \"keep_InpEnableDemoOrders\": \"true only on demo account\"\n  },\n  \"summary_json\": \"/Users/vahid/Desktop/xauusd-trader/reports/stage155_active_router_demo_risk_guard/m5/stage155_active_router_demo_risk_guard_summary.json\",\n  \"next\": [\n    \"Use this Stage157-hardened router behind Stage156; it preserves Stage155 KV filename so Stage134 input does not need to change.\",\n    \"If global_gate_freeze_active is true, keep demo orders blocked and repair discovery before re-enabling routing.\"\n  ]\n}\n",
      "stderr_tail": ""
    }
  ],
  "next": [
    "If classification is NO_ACTIVE_RULE, keep Stage155 running and do not patch unless inactivity is commercially unacceptable over a defined window.",
    "If classification is SOURCE_STALE or BLOCKED_STALE, update the M5 CSV and run this unifier again.",
    "Use --db-update-command only after identifying the repo's current AMarkets DB updater command."
  ]
}
{
  "stage": "Stage156_OPERATIONAL_UNIFIER",
  "generated_utc": "2026-07-08T05:10:32Z",
  "status": "STAGE156_COMPLETE_OPERATIONAL_UNIFIER_READY",
  "classification": "POSITION_OPEN",
  "reason": "Stage134 sees an open position; duplicate orders correctly blocked.",
  "root": "/Users/vahid/Desktop/xauusd-trader",
  "mt5_files": "/Users/vahid/Library/Application Support/net.metaquotes.wine.metatrader5/drive_c/Program Files/MetaTrader 5/MQL5/Files",
  "source": {
    "bars_m5": "/Users/vahid/Downloads/xauusd_fundamental_event_inbox/amarkets_xauusd_5m.csv",
    "exists": true,
    "row_count_including_header_if_any": 318862,
    "last_line": "2026.07.08\t07:40:00\t4125.25\t4125.65\t4121.97\t4123.09\t307\t0\t36",
    "raw_latest_time": "2026-07-08T07:40:00Z",
    "timestamp_shift_hours": -3.0,
    "normalized_latest_time": "2026-07-08T04:40:00Z",
    "feature_age_sec": 1834,
    "max_feature_age_sec": 7200,
    "source_fresh": true
  },
  "router": {
    "cmd": "/Library/Frameworks/Python.framework/Versions/3.14/bin/python3 app/stage154_active_shortlist_rule_router.py --root /Users/vahid/Desktop/xauusd-trader --bars /Users/vahid/Downloads/xauusd_fundamental_event_inbox/amarkets_xauusd_5m.csv --score-csv /Users/vahid/Desktop/xauusd-trader/reports/stage150_mtf_separated_validation_discovery/m5/stage150_candidate_scores.csv --risk-summary /Users/vahid/Desktop/xauusd-trader/reports/stage145_clean_ledger_performance_gate/stage145_clean_ledger_performance_gate_summary.json --tf m5 --timeframe-minutes 5 --max-feature-age-sec 7200 --timestamp-shift-hours -3.0 --write-mt5",
    "kv_path": "/Users/vahid/Library/Application Support/net.metaquotes.wine.metatrader5/drive_c/Program Files/MetaTrader 5/MQL5/Files/xauusd_stage155_m5_active_router_rule_state_kv.csv",
    "decision": "STAGE157_GLOBAL_PERFORMANCE_FREEZE_NO_ORDER",
    "any_signal_active": "false",
    "selected_rule_id": "",
    "selected_family_key": "",
    "active_shortlist_count": "94",
    "eligible_shortlist_count": "191",
    "risk_blocked_family_count": "4"
  },
  "stage134": {
    "kv_path": "/Users/vahid/Library/Application Support/net.metaquotes.wine.metatrader5/drive_c/Program Files/MetaTrader 5/MQL5/Files/xauusd_stage134_demo_executor_status_kv.csv",
    "decision": "HOLD_NO_ACTIVE_ALLOWED_RULE",
    "reason": "no active selected rule",
    "feature_date": "2026-07-08T04:40:00Z",
    "signal_fresh": "true",
    "signal_age_sec": "1890",
    "any_signal_active": "false",
    "open_positions": "1",
    "last_success_signal_key": "2026-07-08T04:40:00Z|D150C_M5_ret_6h_bps_GEQ35__trend_50_100_bps_GEQ35",
    "last_attempt_signal_key": "2026-07-08T04:40:00Z|D150C_M5_ret_6h_bps_GEQ35__trend_50_100_bps_GEQ35"
  },
  "commands": [
    {
      "cmd": "/Library/Frameworks/Python.framework/Versions/3.14/bin/python3 app/stage154_active_shortlist_rule_router.py --root /Users/vahid/Desktop/xauusd-trader --bars /Users/vahid/Downloads/xauusd_fundamental_event_inbox/amarkets_xauusd_5m.csv --score-csv /Users/vahid/Desktop/xauusd-trader/reports/stage150_mtf_separated_validation_discovery/m5/stage150_candidate_scores.csv --risk-summary /Users/vahid/Desktop/xauusd-trader/reports/stage145_clean_ledger_performance_gate/stage145_clean_ledger_performance_gate_summary.json --tf m5 --timeframe-minutes 5 --max-feature-age-sec 7200 --timestamp-shift-hours -3.0 --write-mt5",
      "started_utc": "2026-07-08T05:10:34Z",
      "finished_utc": "2026-07-08T05:11:29Z",
      "returncode": 0,
      "stdout_tail": "0_100_bps\\\", \\\"op\\\": \\\">=\\\", \\\"threshold\\\": -14.337320822584214}]\",\n  \"raw_selected_rule_id_before_global_gate\": \"D150C_M5_ret_6h_bps_GEQ35__trend_50_100_bps_GEQ35\",\n  \"raw_selected_label_before_global_gate\": \"m5: ret_6h_bps >= q35 AND trend_50_100_bps >= q35\",\n  \"risk_summary\": \"/Users/vahid/Desktop/xauusd-trader/reports/stage145_clean_ledger_performance_gate/stage145_clean_ledger_performance_gate_summary.json\",\n  \"global_freeze_guard\": true,\n  \"global_gate_freeze_active\": true,\n  \"global_gate_info\": {\n    \"global_gate_freeze_active\": true,\n    \"global_gate_reason\": \"Stage145 aggregate gate requires freeze/repair: gate_decision=STAGE145_FREEZE_REPAIR_RULE_NEGATIVE_EXPECTANCY; recommended_action=FREEZE_CURRENT_RULE_AND_REPAIR_DISCOVERY; severity=HIGH; closed_trade_count=12; total_bps=-9.72; mean_bps=-0.81; win_rate=0.5\",\n    \"global_gate_decision\": \"STAGE145_FREEZE_REPAIR_RULE_NEGATIVE_EXPECTANCY\",\n    \"global_recommended_action\": \"FREEZE_CURRENT_RULE_AND_REPAIR_DISCOVERY\",\n    \"global_severity\": \"HIGH\",\n    \"global_closed_trade_count\": 12,\n    \"global_total_bps\": -9.72,\n    \"global_mean_bps\": -0.81,\n    \"global_win_rate\": 0.5,\n    \"min_global_gate_trades\": 10\n  },\n  \"block_negative_demo_families\": true,\n  \"risk_blocked_family_count\": 4,\n  \"risk_blocked_candidate_count\": 27,\n  \"blocked_family_keys\": [\n    \"D138C_ret_48h_bps__trend_50_100_bps\",\n    \"D150C_M5_ret_12h_bps__trend_50_100_bps\",\n    \"D150C_M5_ret_3h_bps__ret_24h_bps\",\n    \"D150C_M5_trend_8_20_bps__trend_50_100_bps\"\n  ],\n  \"blocked_family_rows\": [\n    {\n      \"family_key\": \"D138C_ret_48h_bps__trend_50_100_bps\",\n      \"closed_trade_count\": 6,\n      \"total_bps\": -1.29,\n      \"mean_bps\": -0.21,\n      \"total_net_profit\": -0.94,\n      \"last_rule_id\": \"D138C_ret_48h_bps_GEQ65__trend_50_100_bps_LEQ65\",\n      \"last_outcome\": \"PROFIT\"\n    },\n    {\n      \"family_key\": \"D150C_M5_ret_12h_bps__trend_50_100_bps\",\n      \"closed_trade_count\": 1,\n      \"total_bps\": -57.1,\n      \"mean_bps\": -57.1,\n      \"total_net_profit\": -23.65,\n      \"last_rule_id\": \"D150C_M5_ret_12h_bps_GEQ35__trend_50_100_bps_GEQ35\",\n      \"last_outcome\": \"LOSS\"\n    },\n    {\n      \"family_key\": \"D150C_M5_ret_3h_bps__ret_24h_bps\",\n      \"closed_trade_count\": 1,\n      \"total_bps\": -19.35,\n      \"mean_bps\": -19.35,\n      \"total_net_profit\": -8.72,\n      \"last_rule_id\": \"D150C_M5_ret_3h_bps_GEQ65__ret_24h_bps_GEQ35\",\n      \"last_outcome\": \"LOSS\"\n    },\n    {\n      \"family_key\": \"D150C_M5_trend_8_20_bps__trend_50_100_bps\",\n      \"closed_trade_count\": 1,\n      \"total_bps\": -50.52,\n      \"mean_bps\": -50.52,\n      \"total_net_profit\": -21.22,\n      \"last_rule_id\": \"D150C_M5_trend_8_20_bps_GEQ65__trend_50_100_bps_GEQ35\",\n      \"last_outcome\": \"LOSS\"\n    }\n  ],\n  \"repo_kv\": \"/Users/vahid/Desktop/xauusd-trader/data/demo_execution/xauusd_stage155_m5_active_router_rule_state_kv.csv\",\n  \"repo_latest\": \"/Users/vahid/Desktop/xauusd-trader/data/demo_execution/xauusd_stage155_m5_active_router_rule_state_latest.csv\",\n  \"mt5_kv_written\": true,\n  \"mt5_kv\": \"/Users/vahid/Library/Application Support/net.metaquotes.wine.metatrader5/drive_c/Program Files/MetaTrader 5/MQL5/Files/xauusd_stage155_m5_active_router_rule_state_kv.csv\",\n  \"mt5_latest\": \"/Users/vahid/Library/Application Support/net.metaquotes.wine.metatrader5/drive_c/Program Files/MetaTrader 5/MQL5/Files/xauusd_stage155_m5_active_router_rule_state_latest.csv\",\n  \"stage134_instruction\": {\n    \"InpRuleStateKvFile\": \"xauusd_stage155_m5_active_router_rule_state_kv.csv\",\n    \"InpAllowedRules\": \"all\",\n    \"keep_InpEnableDemoOrders\": \"true only on demo account\"\n  },\n  \"summary_json\": \"/Users/vahid/Desktop/xauusd-trader/reports/stage155_active_router_demo_risk_guard/m5/stage155_active_router_demo_risk_guard_summary.json\",\n  \"next\": [\n    \"Use this Stage157-hardened router behind Stage156; it preserves Stage155 KV filename so Stage134 input does not need to change.\",\n    \"If global_gate_freeze_active is true, keep demo orders blocked and repair discovery before re-enabling routing.\"\n  ]\n}\n",
      "stderr_tail": ""
    }
  ],
  "next": [
    "If classification is NO_ACTIVE_RULE, keep Stage155 running and do not patch unless inactivity is commercially unacceptable over a defined window.",
    "If classification is SOURCE_STALE or BLOCKED_STALE, update the M5 CSV and run this unifier again.",
    "Use --db-update-command only after identifying the repo's current AMarkets DB updater command."
  ]
}
{
  "stage": "Stage156_OPERATIONAL_UNIFIER",
  "generated_utc": "2026-07-08T05:16:33Z",
  "status": "STAGE156_COMPLETE_OPERATIONAL_UNIFIER_READY",
  "classification": "POSITION_OPEN",
  "reason": "Stage134 sees an open position; duplicate orders correctly blocked.",
  "root": "/Users/vahid/Desktop/xauusd-trader",
  "mt5_files": "/Users/vahid/Library/Application Support/net.metaquotes.wine.metatrader5/drive_c/Program Files/MetaTrader 5/MQL5/Files",
  "source": {
    "bars_m5": "/Users/vahid/Downloads/xauusd_fundamental_event_inbox/amarkets_xauusd_5m.csv",
    "exists": true,
    "row_count_including_header_if_any": 318862,
    "last_line": "2026.07.08\t07:40:00\t4125.25\t4125.65\t4121.97\t4123.09\t307\t0\t36",
    "raw_latest_time": "2026-07-08T07:40:00Z",
    "timestamp_shift_hours": -3.0,
    "normalized_latest_time": "2026-07-08T04:40:00Z",
    "feature_age_sec": 2193,
    "max_feature_age_sec": 7200,
    "source_fresh": true
  },
  "router": {
    "cmd": "/Library/Frameworks/Python.framework/Versions/3.14/bin/python3 app/stage154_active_shortlist_rule_router.py --root /Users/vahid/Desktop/xauusd-trader --bars /Users/vahid/Downloads/xauusd_fundamental_event_inbox/amarkets_xauusd_5m.csv --score-csv /Users/vahid/Desktop/xauusd-trader/reports/stage150_mtf_separated_validation_discovery/m5/stage150_candidate_scores.csv --risk-summary /Users/vahid/Desktop/xauusd-trader/reports/stage145_clean_ledger_performance_gate/stage145_clean_ledger_performance_gate_summary.json --tf m5 --timeframe-minutes 5 --max-feature-age-sec 7200 --timestamp-shift-hours -3.0 --write-mt5",
    "kv_path": "/Users/vahid/Library/Application Support/net.metaquotes.wine.metatrader5/drive_c/Program Files/MetaTrader 5/MQL5/Files/xauusd_stage155_m5_active_router_rule_state_kv.csv",
    "decision": "STAGE157_GLOBAL_PERFORMANCE_FREEZE_NO_ORDER",
    "any_signal_active": "false",
    "selected_rule_id": "",
    "selected_family_key": "",
    "active_shortlist_count": "94",
    "eligible_shortlist_count": "191",
    "risk_blocked_family_count": "4"
  },
  "stage134": {
    "kv_path": "/Users/vahid/Library/Application Support/net.metaquotes.wine.metatrader5/drive_c/Program Files/MetaTrader 5/MQL5/Files/xauusd_stage134_demo_executor_status_kv.csv",
    "decision": "HOLD_NO_ACTIVE_ALLOWED_RULE",
    "reason": "no active selected rule",
    "feature_date": "2026-07-08T04:40:00Z",
    "signal_fresh": "true",
    "signal_age_sec": "2190",
    "any_signal_active": "false",
    "open_positions": "1",
    "last_success_signal_key": "2026-07-08T04:40:00Z|D150C_M5_ret_6h_bps_GEQ35__trend_50_100_bps_GEQ35",
    "last_attempt_signal_key": "2026-07-08T04:40:00Z|D150C_M5_ret_6h_bps_GEQ35__trend_50_100_bps_GEQ35"
  },
  "commands": [
    {
      "cmd": "/Library/Frameworks/Python.framework/Versions/3.14/bin/python3 app/stage154_active_shortlist_rule_router.py --root /Users/vahid/Desktop/xauusd-trader --bars /Users/vahid/Downloads/xauusd_fundamental_event_inbox/amarkets_xauusd_5m.csv --score-csv /Users/vahid/Desktop/xauusd-trader/reports/stage150_mtf_separated_validation_discovery/m5/stage150_candidate_scores.csv --risk-summary /Users/vahid/Desktop/xauusd-trader/reports/stage145_clean_ledger_performance_gate/stage145_clean_ledger_performance_gate_summary.json --tf m5 --timeframe-minutes 5 --max-feature-age-sec 7200 --timestamp-shift-hours -3.0 --write-mt5",
      "started_utc": "2026-07-08T05:16:33Z",
      "finished_utc": "2026-07-08T05:16:51Z",
      "returncode": 0,
      "stdout_tail": "0_100_bps\\\", \\\"op\\\": \\\">=\\\", \\\"threshold\\\": -14.337320822584214}]\",\n  \"raw_selected_rule_id_before_global_gate\": \"D150C_M5_ret_6h_bps_GEQ35__trend_50_100_bps_GEQ35\",\n  \"raw_selected_label_before_global_gate\": \"m5: ret_6h_bps >= q35 AND trend_50_100_bps >= q35\",\n  \"risk_summary\": \"/Users/vahid/Desktop/xauusd-trader/reports/stage145_clean_ledger_performance_gate/stage145_clean_ledger_performance_gate_summary.json\",\n  \"global_freeze_guard\": true,\n  \"global_gate_freeze_active\": true,\n  \"global_gate_info\": {\n    \"global_gate_freeze_active\": true,\n    \"global_gate_reason\": \"Stage145 aggregate gate requires freeze/repair: gate_decision=STAGE145_FREEZE_REPAIR_RULE_NEGATIVE_EXPECTANCY; recommended_action=FREEZE_CURRENT_RULE_AND_REPAIR_DISCOVERY; severity=HIGH; closed_trade_count=12; total_bps=-9.72; mean_bps=-0.81; win_rate=0.5\",\n    \"global_gate_decision\": \"STAGE145_FREEZE_REPAIR_RULE_NEGATIVE_EXPECTANCY\",\n    \"global_recommended_action\": \"FREEZE_CURRENT_RULE_AND_REPAIR_DISCOVERY\",\n    \"global_severity\": \"HIGH\",\n    \"global_closed_trade_count\": 12,\n    \"global_total_bps\": -9.72,\n    \"global_mean_bps\": -0.81,\n    \"global_win_rate\": 0.5,\n    \"min_global_gate_trades\": 10\n  },\n  \"block_negative_demo_families\": true,\n  \"risk_blocked_family_count\": 4,\n  \"risk_blocked_candidate_count\": 27,\n  \"blocked_family_keys\": [\n    \"D138C_ret_48h_bps__trend_50_100_bps\",\n    \"D150C_M5_ret_12h_bps__trend_50_100_bps\",\n    \"D150C_M5_ret_3h_bps__ret_24h_bps\",\n    \"D150C_M5_trend_8_20_bps__trend_50_100_bps\"\n  ],\n  \"blocked_family_rows\": [\n    {\n      \"family_key\": \"D138C_ret_48h_bps__trend_50_100_bps\",\n      \"closed_trade_count\": 6,\n      \"total_bps\": -1.29,\n      \"mean_bps\": -0.21,\n      \"total_net_profit\": -0.94,\n      \"last_rule_id\": \"D138C_ret_48h_bps_GEQ65__trend_50_100_bps_LEQ65\",\n      \"last_outcome\": \"PROFIT\"\n    },\n    {\n      \"family_key\": \"D150C_M5_ret_12h_bps__trend_50_100_bps\",\n      \"closed_trade_count\": 1,\n      \"total_bps\": -57.1,\n      \"mean_bps\": -57.1,\n      \"total_net_profit\": -23.65,\n      \"last_rule_id\": \"D150C_M5_ret_12h_bps_GEQ35__trend_50_100_bps_GEQ35\",\n      \"last_outcome\": \"LOSS\"\n    },\n    {\n      \"family_key\": \"D150C_M5_ret_3h_bps__ret_24h_bps\",\n      \"closed_trade_count\": 1,\n      \"total_bps\": -19.35,\n      \"mean_bps\": -19.35,\n      \"total_net_profit\": -8.72,\n      \"last_rule_id\": \"D150C_M5_ret_3h_bps_GEQ65__ret_24h_bps_GEQ35\",\n      \"last_outcome\": \"LOSS\"\n    },\n    {\n      \"family_key\": \"D150C_M5_trend_8_20_bps__trend_50_100_bps\",\n      \"closed_trade_count\": 1,\n      \"total_bps\": -50.52,\n      \"mean_bps\": -50.52,\n      \"total_net_profit\": -21.22,\n      \"last_rule_id\": \"D150C_M5_trend_8_20_bps_GEQ65__trend_50_100_bps_GEQ35\",\n      \"last_outcome\": \"LOSS\"\n    }\n  ],\n  \"repo_kv\": \"/Users/vahid/Desktop/xauusd-trader/data/demo_execution/xauusd_stage155_m5_active_router_rule_state_kv.csv\",\n  \"repo_latest\": \"/Users/vahid/Desktop/xauusd-trader/data/demo_execution/xauusd_stage155_m5_active_router_rule_state_latest.csv\",\n  \"mt5_kv_written\": true,\n  \"mt5_kv\": \"/Users/vahid/Library/Application Support/net.metaquotes.wine.metatrader5/drive_c/Program Files/MetaTrader 5/MQL5/Files/xauusd_stage155_m5_active_router_rule_state_kv.csv\",\n  \"mt5_latest\": \"/Users/vahid/Library/Application Support/net.metaquotes.wine.metatrader5/drive_c/Program Files/MetaTrader 5/MQL5/Files/xauusd_stage155_m5_active_router_rule_state_latest.csv\",\n  \"stage134_instruction\": {\n    \"InpRuleStateKvFile\": \"xauusd_stage155_m5_active_router_rule_state_kv.csv\",\n    \"InpAllowedRules\": \"all\",\n    \"keep_InpEnableDemoOrders\": \"true only on demo account\"\n  },\n  \"summary_json\": \"/Users/vahid/Desktop/xauusd-trader/reports/stage155_active_router_demo_risk_guard/m5/stage155_active_router_demo_risk_guard_summary.json\",\n  \"next\": [\n    \"Use this Stage157-hardened router behind Stage156; it preserves Stage155 KV filename so Stage134 input does not need to change.\",\n    \"If global_gate_freeze_active is true, keep demo orders blocked and repair discovery before re-enabling routing.\"\n  ]\n}\n",
      "stderr_tail": ""
    }
  ],
  "next": [
    "If classification is NO_ACTIVE_RULE, keep Stage155 running and do not patch unless inactivity is commercially unacceptable over a defined window.",
    "If classification is SOURCE_STALE or BLOCKED_STALE, update the M5 CSV and run this unifier again.",
    "Use --db-update-command only after identifying the repo's current AMarkets DB updater command."
  ]
}
{
  "stage": "Stage156_OPERATIONAL_UNIFIER",
  "generated_utc": "2026-07-08T05:21:54Z",
  "status": "STAGE156_COMPLETE_OPERATIONAL_UNIFIER_READY",
  "classification": "POSITION_OPEN",
  "reason": "Stage134 sees an open position; duplicate orders correctly blocked.",
  "root": "/Users/vahid/Desktop/xauusd-trader",
  "mt5_files": "/Users/vahid/Library/Application Support/net.metaquotes.wine.metatrader5/drive_c/Program Files/MetaTrader 5/MQL5/Files",
  "source": {
    "bars_m5": "/Users/vahid/Downloads/xauusd_fundamental_event_inbox/amarkets_xauusd_5m.csv",
    "exists": true,
    "row_count_including_header_if_any": 318862,
    "last_line": "2026.07.08\t07:40:00\t4125.25\t4125.65\t4121.97\t4123.09\t307\t0\t36",
    "raw_latest_time": "2026-07-08T07:40:00Z",
    "timestamp_shift_hours": -3.0,
    "normalized_latest_time": "2026-07-08T04:40:00Z",
    "feature_age_sec": 2514,
    "max_feature_age_sec": 7200,
    "source_fresh": true
  },
  "router": {
    "cmd": "/Library/Frameworks/Python.framework/Versions/3.14/bin/python3 app/stage154_active_shortlist_rule_router.py --root /Users/vahid/Desktop/xauusd-trader --bars /Users/vahid/Downloads/xauusd_fundamental_event_inbox/amarkets_xauusd_5m.csv --score-csv /Users/vahid/Desktop/xauusd-trader/reports/stage150_mtf_separated_validation_discovery/m5/stage150_candidate_scores.csv --risk-summary /Users/vahid/Desktop/xauusd-trader/reports/stage145_clean_ledger_performance_gate/stage145_clean_ledger_performance_gate_summary.json --tf m5 --timeframe-minutes 5 --max-feature-age-sec 7200 --timestamp-shift-hours -3.0 --write-mt5",
    "kv_path": "/Users/vahid/Library/Application Support/net.metaquotes.wine.metatrader5/drive_c/Program Files/MetaTrader 5/MQL5/Files/xauusd_stage155_m5_active_router_rule_state_kv.csv",
    "decision": "STAGE157_GLOBAL_PERFORMANCE_FREEZE_NO_ORDER",
    "any_signal_active": "false",
    "selected_rule_id": "",
    "selected_family_key": "",
    "active_shortlist_count": "94",
    "eligible_shortlist_count": "191",
    "risk_blocked_family_count": "4"
  },
  "stage134": {
    "kv_path": "/Users/vahid/Library/Application Support/net.metaquotes.wine.metatrader5/drive_c/Program Files/MetaTrader 5/MQL5/Files/xauusd_stage134_demo_executor_status_kv.csv",
    "decision": "HOLD_NO_ACTIVE_ALLOWED_RULE",
    "reason": "no active selected rule",
    "feature_date": "2026-07-08T04:40:00Z",
    "signal_fresh": "true",
    "signal_age_sec": "2520",
    "any_signal_active": "false",
    "open_positions": "1",
    "last_success_signal_key": "2026-07-08T04:40:00Z|D150C_M5_ret_6h_bps_GEQ35__trend_50_100_bps_GEQ35",
    "last_attempt_signal_key": "2026-07-08T04:40:00Z|D150C_M5_ret_6h_bps_GEQ35__trend_50_100_bps_GEQ35"
  },
  "commands": [
    {
      "cmd": "/Library/Frameworks/Python.framework/Versions/3.14/bin/python3 app/stage154_active_shortlist_rule_router.py --root /Users/vahid/Desktop/xauusd-trader --bars /Users/vahid/Downloads/xauusd_fundamental_event_inbox/amarkets_xauusd_5m.csv --score-csv /Users/vahid/Desktop/xauusd-trader/reports/stage150_mtf_separated_validation_discovery/m5/stage150_candidate_scores.csv --risk-summary /Users/vahid/Desktop/xauusd-trader/reports/stage145_clean_ledger_performance_gate/stage145_clean_ledger_performance_gate_summary.json --tf m5 --timeframe-minutes 5 --max-feature-age-sec 7200 --timestamp-shift-hours -3.0 --write-mt5",
      "started_utc": "2026-07-08T05:21:54Z",
      "finished_utc": "2026-07-08T05:22:07Z",
      "returncode": 0,
      "stdout_tail": "0_100_bps\\\", \\\"op\\\": \\\">=\\\", \\\"threshold\\\": -14.337320822584214}]\",\n  \"raw_selected_rule_id_before_global_gate\": \"D150C_M5_ret_6h_bps_GEQ35__trend_50_100_bps_GEQ35\",\n  \"raw_selected_label_before_global_gate\": \"m5: ret_6h_bps >= q35 AND trend_50_100_bps >= q35\",\n  \"risk_summary\": \"/Users/vahid/Desktop/xauusd-trader/reports/stage145_clean_ledger_performance_gate/stage145_clean_ledger_performance_gate_summary.json\",\n  \"global_freeze_guard\": true,\n  \"global_gate_freeze_active\": true,\n  \"global_gate_info\": {\n    \"global_gate_freeze_active\": true,\n    \"global_gate_reason\": \"Stage145 aggregate gate requires freeze/repair: gate_decision=STAGE145_FREEZE_REPAIR_RULE_NEGATIVE_EXPECTANCY; recommended_action=FREEZE_CURRENT_RULE_AND_REPAIR_DISCOVERY; severity=HIGH; closed_trade_count=12; total_bps=-9.72; mean_bps=-0.81; win_rate=0.5\",\n    \"global_gate_decision\": \"STAGE145_FREEZE_REPAIR_RULE_NEGATIVE_EXPECTANCY\",\n    \"global_recommended_action\": \"FREEZE_CURRENT_RULE_AND_REPAIR_DISCOVERY\",\n    \"global_severity\": \"HIGH\",\n    \"global_closed_trade_count\": 12,\n    \"global_total_bps\": -9.72,\n    \"global_mean_bps\": -0.81,\n    \"global_win_rate\": 0.5,\n    \"min_global_gate_trades\": 10\n  },\n  \"block_negative_demo_families\": true,\n  \"risk_blocked_family_count\": 4,\n  \"risk_blocked_candidate_count\": 27,\n  \"blocked_family_keys\": [\n    \"D138C_ret_48h_bps__trend_50_100_bps\",\n    \"D150C_M5_ret_12h_bps__trend_50_100_bps\",\n    \"D150C_M5_ret_3h_bps__ret_24h_bps\",\n    \"D150C_M5_trend_8_20_bps__trend_50_100_bps\"\n  ],\n  \"blocked_family_rows\": [\n    {\n      \"family_key\": \"D138C_ret_48h_bps__trend_50_100_bps\",\n      \"closed_trade_count\": 6,\n      \"total_bps\": -1.29,\n      \"mean_bps\": -0.21,\n      \"total_net_profit\": -0.94,\n      \"last_rule_id\": \"D138C_ret_48h_bps_GEQ65__trend_50_100_bps_LEQ65\",\n      \"last_outcome\": \"PROFIT\"\n    },\n    {\n      \"family_key\": \"D150C_M5_ret_12h_bps__trend_50_100_bps\",\n      \"closed_trade_count\": 1,\n      \"total_bps\": -57.1,\n      \"mean_bps\": -57.1,\n      \"total_net_profit\": -23.65,\n      \"last_rule_id\": \"D150C_M5_ret_12h_bps_GEQ35__trend_50_100_bps_GEQ35\",\n      \"last_outcome\": \"LOSS\"\n    },\n    {\n      \"family_key\": \"D150C_M5_ret_3h_bps__ret_24h_bps\",\n      \"closed_trade_count\": 1,\n      \"total_bps\": -19.35,\n      \"mean_bps\": -19.35,\n      \"total_net_profit\": -8.72,\n      \"last_rule_id\": \"D150C_M5_ret_3h_bps_GEQ65__ret_24h_bps_GEQ35\",\n      \"last_outcome\": \"LOSS\"\n    },\n    {\n      \"family_key\": \"D150C_M5_trend_8_20_bps__trend_50_100_bps\",\n      \"closed_trade_count\": 1,\n      \"total_bps\": -50.52,\n      \"mean_bps\": -50.52,\n      \"total_net_profit\": -21.22,\n      \"last_rule_id\": \"D150C_M5_trend_8_20_bps_GEQ65__trend_50_100_bps_GEQ35\",\n      \"last_outcome\": \"LOSS\"\n    }\n  ],\n  \"repo_kv\": \"/Users/vahid/Desktop/xauusd-trader/data/demo_execution/xauusd_stage155_m5_active_router_rule_state_kv.csv\",\n  \"repo_latest\": \"/Users/vahid/Desktop/xauusd-trader/data/demo_execution/xauusd_stage155_m5_active_router_rule_state_latest.csv\",\n  \"mt5_kv_written\": true,\n  \"mt5_kv\": \"/Users/vahid/Library/Application Support/net.metaquotes.wine.metatrader5/drive_c/Program Files/MetaTrader 5/MQL5/Files/xauusd_stage155_m5_active_router_rule_state_kv.csv\",\n  \"mt5_latest\": \"/Users/vahid/Library/Application Support/net.metaquotes.wine.metatrader5/drive_c/Program Files/MetaTrader 5/MQL5/Files/xauusd_stage155_m5_active_router_rule_state_latest.csv\",\n  \"stage134_instruction\": {\n    \"InpRuleStateKvFile\": \"xauusd_stage155_m5_active_router_rule_state_kv.csv\",\n    \"InpAllowedRules\": \"all\",\n    \"keep_InpEnableDemoOrders\": \"true only on demo account\"\n  },\n  \"summary_json\": \"/Users/vahid/Desktop/xauusd-trader/reports/stage155_active_router_demo_risk_guard/m5/stage155_active_router_demo_risk_guard_summary.json\",\n  \"next\": [\n    \"Use this Stage157-hardened router behind Stage156; it preserves Stage155 KV filename so Stage134 input does not need to change.\",\n    \"If global_gate_freeze_active is true, keep demo orders blocked and repair discovery before re-enabling routing.\"\n  ]\n}\n",
      "stderr_tail": ""
    }
  ],
  "next": [
    "If classification is NO_ACTIVE_RULE, keep Stage155 running and do not patch unless inactivity is commercially unacceptable over a defined window.",
    "If classification is SOURCE_STALE or BLOCKED_STALE, update the M5 CSV and run this unifier again.",
    "Use --db-update-command only after identifying the repo's current AMarkets DB updater command."
  ]
}
{
  "stage": "Stage156_OPERATIONAL_UNIFIER",
  "generated_utc": "2026-07-08T05:27:10Z",
  "status": "STAGE156_COMPLETE_OPERATIONAL_UNIFIER_READY",
  "classification": "POSITION_OPEN",
  "reason": "Stage134 sees an open position; duplicate orders correctly blocked.",
  "root": "/Users/vahid/Desktop/xauusd-trader",
  "mt5_files": "/Users/vahid/Library/Application Support/net.metaquotes.wine.metatrader5/drive_c/Program Files/MetaTrader 5/MQL5/Files",
  "source": {
    "bars_m5": "/Users/vahid/Downloads/xauusd_fundamental_event_inbox/amarkets_xauusd_5m.csv",
    "exists": true,
    "row_count_including_header_if_any": 318862,
    "last_line": "2026.07.08\t07:40:00\t4125.25\t4125.65\t4121.97\t4123.09\t307\t0\t36",
    "raw_latest_time": "2026-07-08T07:40:00Z",
    "timestamp_shift_hours": -3.0,
    "normalized_latest_time": "2026-07-08T04:40:00Z",
    "feature_age_sec": 2831,
    "max_feature_age_sec": 7200,
    "source_fresh": true
  },
  "router": {
    "cmd": "/Library/Frameworks/Python.framework/Versions/3.14/bin/python3 app/stage154_active_shortlist_rule_router.py --root /Users/vahid/Desktop/xauusd-trader --bars /Users/vahid/Downloads/xauusd_fundamental_event_inbox/amarkets_xauusd_5m.csv --score-csv /Users/vahid/Desktop/xauusd-trader/reports/stage150_mtf_separated_validation_discovery/m5/stage150_candidate_scores.csv --risk-summary /Users/vahid/Desktop/xauusd-trader/reports/stage145_clean_ledger_performance_gate/stage145_clean_ledger_performance_gate_summary.json --tf m5 --timeframe-minutes 5 --max-feature-age-sec 7200 --timestamp-shift-hours -3.0 --write-mt5",
    "kv_path": "/Users/vahid/Library/Application Support/net.metaquotes.wine.metatrader5/drive_c/Program Files/MetaTrader 5/MQL5/Files/xauusd_stage155_m5_active_router_rule_state_kv.csv",
    "decision": "STAGE157_GLOBAL_PERFORMANCE_FREEZE_NO_ORDER",
    "any_signal_active": "false",
    "selected_rule_id": "",
    "selected_family_key": "",
    "active_shortlist_count": "94",
    "eligible_shortlist_count": "191",
    "risk_blocked_family_count": "4"
  },
  "stage134": {
    "kv_path": "/Users/vahid/Library/Application Support/net.metaquotes.wine.metatrader5/drive_c/Program Files/MetaTrader 5/MQL5/Files/xauusd_stage134_demo_executor_status_kv.csv",
    "decision": "HOLD_NO_ACTIVE_ALLOWED_RULE",
    "reason": "no active selected rule",
    "feature_date": "2026-07-08T04:40:00Z",
    "signal_fresh": "true",
    "signal_age_sec": "2850",
    "any_signal_active": "false",
    "open_positions": "1",
    "last_success_signal_key": "2026-07-08T04:40:00Z|D150C_M5_ret_6h_bps_GEQ35__trend_50_100_bps_GEQ35",
    "last_attempt_signal_key": "2026-07-08T04:40:00Z|D150C_M5_ret_6h_bps_GEQ35__trend_50_100_bps_GEQ35"
  },
  "commands": [
    {
      "cmd": "/Library/Frameworks/Python.framework/Versions/3.14/bin/python3 app/stage154_active_shortlist_rule_router.py --root /Users/vahid/Desktop/xauusd-trader --bars /Users/vahid/Downloads/xauusd_fundamental_event_inbox/amarkets_xauusd_5m.csv --score-csv /Users/vahid/Desktop/xauusd-trader/reports/stage150_mtf_separated_validation_discovery/m5/stage150_candidate_scores.csv --risk-summary /Users/vahid/Desktop/xauusd-trader/reports/stage145_clean_ledger_performance_gate/stage145_clean_ledger_performance_gate_summary.json --tf m5 --timeframe-minutes 5 --max-feature-age-sec 7200 --timestamp-shift-hours -3.0 --write-mt5",
      "started_utc": "2026-07-08T05:27:11Z",
      "finished_utc": "2026-07-08T05:27:30Z",
      "returncode": 0,
      "stdout_tail": "0_100_bps\\\", \\\"op\\\": \\\">=\\\", \\\"threshold\\\": -14.337320822584214}]\",\n  \"raw_selected_rule_id_before_global_gate\": \"D150C_M5_ret_6h_bps_GEQ35__trend_50_100_bps_GEQ35\",\n  \"raw_selected_label_before_global_gate\": \"m5: ret_6h_bps >= q35 AND trend_50_100_bps >= q35\",\n  \"risk_summary\": \"/Users/vahid/Desktop/xauusd-trader/reports/stage145_clean_ledger_performance_gate/stage145_clean_ledger_performance_gate_summary.json\",\n  \"global_freeze_guard\": true,\n  \"global_gate_freeze_active\": true,\n  \"global_gate_info\": {\n    \"global_gate_freeze_active\": true,\n    \"global_gate_reason\": \"Stage145 aggregate gate requires freeze/repair: gate_decision=STAGE145_FREEZE_REPAIR_RULE_NEGATIVE_EXPECTANCY; recommended_action=FREEZE_CURRENT_RULE_AND_REPAIR_DISCOVERY; severity=HIGH; closed_trade_count=12; total_bps=-9.72; mean_bps=-0.81; win_rate=0.5\",\n    \"global_gate_decision\": \"STAGE145_FREEZE_REPAIR_RULE_NEGATIVE_EXPECTANCY\",\n    \"global_recommended_action\": \"FREEZE_CURRENT_RULE_AND_REPAIR_DISCOVERY\",\n    \"global_severity\": \"HIGH\",\n    \"global_closed_trade_count\": 12,\n    \"global_total_bps\": -9.72,\n    \"global_mean_bps\": -0.81,\n    \"global_win_rate\": 0.5,\n    \"min_global_gate_trades\": 10\n  },\n  \"block_negative_demo_families\": true,\n  \"risk_blocked_family_count\": 4,\n  \"risk_blocked_candidate_count\": 27,\n  \"blocked_family_keys\": [\n    \"D138C_ret_48h_bps__trend_50_100_bps\",\n    \"D150C_M5_ret_12h_bps__trend_50_100_bps\",\n    \"D150C_M5_ret_3h_bps__ret_24h_bps\",\n    \"D150C_M5_trend_8_20_bps__trend_50_100_bps\"\n  ],\n  \"blocked_family_rows\": [\n    {\n      \"family_key\": \"D138C_ret_48h_bps__trend_50_100_bps\",\n      \"closed_trade_count\": 6,\n      \"total_bps\": -1.29,\n      \"mean_bps\": -0.21,\n      \"total_net_profit\": -0.94,\n      \"last_rule_id\": \"D138C_ret_48h_bps_GEQ65__trend_50_100_bps_LEQ65\",\n      \"last_outcome\": \"PROFIT\"\n    },\n    {\n      \"family_key\": \"D150C_M5_ret_12h_bps__trend_50_100_bps\",\n      \"closed_trade_count\": 1,\n      \"total_bps\": -57.1,\n      \"mean_bps\": -57.1,\n      \"total_net_profit\": -23.65,\n      \"last_rule_id\": \"D150C_M5_ret_12h_bps_GEQ35__trend_50_100_bps_GEQ35\",\n      \"last_outcome\": \"LOSS\"\n    },\n    {\n      \"family_key\": \"D150C_M5_ret_3h_bps__ret_24h_bps\",\n      \"closed_trade_count\": 1,\n      \"total_bps\": -19.35,\n      \"mean_bps\": -19.35,\n      \"total_net_profit\": -8.72,\n      \"last_rule_id\": \"D150C_M5_ret_3h_bps_GEQ65__ret_24h_bps_GEQ35\",\n      \"last_outcome\": \"LOSS\"\n    },\n    {\n      \"family_key\": \"D150C_M5_trend_8_20_bps__trend_50_100_bps\",\n      \"closed_trade_count\": 1,\n      \"total_bps\": -50.52,\n      \"mean_bps\": -50.52,\n      \"total_net_profit\": -21.22,\n      \"last_rule_id\": \"D150C_M5_trend_8_20_bps_GEQ65__trend_50_100_bps_GEQ35\",\n      \"last_outcome\": \"LOSS\"\n    }\n  ],\n  \"repo_kv\": \"/Users/vahid/Desktop/xauusd-trader/data/demo_execution/xauusd_stage155_m5_active_router_rule_state_kv.csv\",\n  \"repo_latest\": \"/Users/vahid/Desktop/xauusd-trader/data/demo_execution/xauusd_stage155_m5_active_router_rule_state_latest.csv\",\n  \"mt5_kv_written\": true,\n  \"mt5_kv\": \"/Users/vahid/Library/Application Support/net.metaquotes.wine.metatrader5/drive_c/Program Files/MetaTrader 5/MQL5/Files/xauusd_stage155_m5_active_router_rule_state_kv.csv\",\n  \"mt5_latest\": \"/Users/vahid/Library/Application Support/net.metaquotes.wine.metatrader5/drive_c/Program Files/MetaTrader 5/MQL5/Files/xauusd_stage155_m5_active_router_rule_state_latest.csv\",\n  \"stage134_instruction\": {\n    \"InpRuleStateKvFile\": \"xauusd_stage155_m5_active_router_rule_state_kv.csv\",\n    \"InpAllowedRules\": \"all\",\n    \"keep_InpEnableDemoOrders\": \"true only on demo account\"\n  },\n  \"summary_json\": \"/Users/vahid/Desktop/xauusd-trader/reports/stage155_active_router_demo_risk_guard/m5/stage155_active_router_demo_risk_guard_summary.json\",\n  \"next\": [\n    \"Use this Stage157-hardened router behind Stage156; it preserves Stage155 KV filename so Stage134 input does not need to change.\",\n    \"If global_gate_freeze_active is true, keep demo orders blocked and repair discovery before re-enabling routing.\"\n  ]\n}\n",
      "stderr_tail": ""
    }
  ],
  "next": [
    "If classification is NO_ACTIVE_RULE, keep Stage155 running and do not patch unless inactivity is commercially unacceptable over a defined window.",
    "If classification is SOURCE_STALE or BLOCKED_STALE, update the M5 CSV and run this unifier again.",
    "Use --db-update-command only after identifying the repo's current AMarkets DB updater command."
  ]
}
{
  "stage": "Stage156_OPERATIONAL_UNIFIER",
  "generated_utc": "2026-07-08T05:32:35Z",
  "status": "STAGE156_COMPLETE_OPERATIONAL_UNIFIER_READY",
  "classification": "POSITION_OPEN",
  "reason": "Stage134 sees an open position; duplicate orders correctly blocked.",
  "root": "/Users/vahid/Desktop/xauusd-trader",
  "mt5_files": "/Users/vahid/Library/Application Support/net.metaquotes.wine.metatrader5/drive_c/Program Files/MetaTrader 5/MQL5/Files",
  "source": {
    "bars_m5": "/Users/vahid/Downloads/xauusd_fundamental_event_inbox/amarkets_xauusd_5m.csv",
    "exists": true,
    "row_count_including_header_if_any": 318862,
    "last_line": "2026.07.08\t07:40:00\t4125.25\t4125.65\t4121.97\t4123.09\t307\t0\t36",
    "raw_latest_time": "2026-07-08T07:40:00Z",
    "timestamp_shift_hours": -3.0,
    "normalized_latest_time": "2026-07-08T04:40:00Z",
    "feature_age_sec": 3155,
    "max_feature_age_sec": 7200,
    "source_fresh": true
  },
  "router": {
    "cmd": "/Library/Frameworks/Python.framework/Versions/3.14/bin/python3 app/stage154_active_shortlist_rule_router.py --root /Users/vahid/Desktop/xauusd-trader --bars /Users/vahid/Downloads/xauusd_fundamental_event_inbox/amarkets_xauusd_5m.csv --score-csv /Users/vahid/Desktop/xauusd-trader/reports/stage150_mtf_separated_validation_discovery/m5/stage150_candidate_scores.csv --risk-summary /Users/vahid/Desktop/xauusd-trader/reports/stage145_clean_ledger_performance_gate/stage145_clean_ledger_performance_gate_summary.json --tf m5 --timeframe-minutes 5 --max-feature-age-sec 7200 --timestamp-shift-hours -3.0 --write-mt5",
    "kv_path": "/Users/vahid/Library/Application Support/net.metaquotes.wine.metatrader5/drive_c/Program Files/MetaTrader 5/MQL5/Files/xauusd_stage155_m5_active_router_rule_state_kv.csv",
    "decision": "STAGE157_GLOBAL_PERFORMANCE_FREEZE_NO_ORDER",
    "any_signal_active": "false",
    "selected_rule_id": "",
    "selected_family_key": "",
    "active_shortlist_count": "94",
    "eligible_shortlist_count": "191",
    "risk_blocked_family_count": "4"
  },
  "stage134": {
    "kv_path": "/Users/vahid/Library/Application Support/net.metaquotes.wine.metatrader5/drive_c/Program Files/MetaTrader 5/MQL5/Files/xauusd_stage134_demo_executor_status_kv.csv",
    "decision": "HOLD_NO_ACTIVE_ALLOWED_RULE",
    "reason": "no active selected rule",
    "feature_date": "2026-07-08T04:40:00Z",
    "signal_fresh": "true",
    "signal_age_sec": "3180",
    "any_signal_active": "false",
    "open_positions": "1",
    "last_success_signal_key": "2026-07-08T04:40:00Z|D150C_M5_ret_6h_bps_GEQ35__trend_50_100_bps_GEQ35",
    "last_attempt_signal_key": "2026-07-08T04:40:00Z|D150C_M5_ret_6h_bps_GEQ35__trend_50_100_bps_GEQ35"
  },
  "commands": [
    {
      "cmd": "/Library/Frameworks/Python.framework/Versions/3.14/bin/python3 app/stage154_active_shortlist_rule_router.py --root /Users/vahid/Desktop/xauusd-trader --bars /Users/vahid/Downloads/xauusd_fundamental_event_inbox/amarkets_xauusd_5m.csv --score-csv /Users/vahid/Desktop/xauusd-trader/reports/stage150_mtf_separated_validation_discovery/m5/stage150_candidate_scores.csv --risk-summary /Users/vahid/Desktop/xauusd-trader/reports/stage145_clean_ledger_performance_gate/stage145_clean_ledger_performance_gate_summary.json --tf m5 --timeframe-minutes 5 --max-feature-age-sec 7200 --timestamp-shift-hours -3.0 --write-mt5",
      "started_utc": "2026-07-08T05:32:35Z",
      "finished_utc": "2026-07-08T05:33:00Z",
      "returncode": 0,
      "stdout_tail": "0_100_bps\\\", \\\"op\\\": \\\">=\\\", \\\"threshold\\\": -14.337320822584214}]\",\n  \"raw_selected_rule_id_before_global_gate\": \"D150C_M5_ret_6h_bps_GEQ35__trend_50_100_bps_GEQ35\",\n  \"raw_selected_label_before_global_gate\": \"m5: ret_6h_bps >= q35 AND trend_50_100_bps >= q35\",\n  \"risk_summary\": \"/Users/vahid/Desktop/xauusd-trader/reports/stage145_clean_ledger_performance_gate/stage145_clean_ledger_performance_gate_summary.json\",\n  \"global_freeze_guard\": true,\n  \"global_gate_freeze_active\": true,\n  \"global_gate_info\": {\n    \"global_gate_freeze_active\": true,\n    \"global_gate_reason\": \"Stage145 aggregate gate requires freeze/repair: gate_decision=STAGE145_FREEZE_REPAIR_RULE_NEGATIVE_EXPECTANCY; recommended_action=FREEZE_CURRENT_RULE_AND_REPAIR_DISCOVERY; severity=HIGH; closed_trade_count=12; total_bps=-9.72; mean_bps=-0.81; win_rate=0.5\",\n    \"global_gate_decision\": \"STAGE145_FREEZE_REPAIR_RULE_NEGATIVE_EXPECTANCY\",\n    \"global_recommended_action\": \"FREEZE_CURRENT_RULE_AND_REPAIR_DISCOVERY\",\n    \"global_severity\": \"HIGH\",\n    \"global_closed_trade_count\": 12,\n    \"global_total_bps\": -9.72,\n    \"global_mean_bps\": -0.81,\n    \"global_win_rate\": 0.5,\n    \"min_global_gate_trades\": 10\n  },\n  \"block_negative_demo_families\": true,\n  \"risk_blocked_family_count\": 4,\n  \"risk_blocked_candidate_count\": 27,\n  \"blocked_family_keys\": [\n    \"D138C_ret_48h_bps__trend_50_100_bps\",\n    \"D150C_M5_ret_12h_bps__trend_50_100_bps\",\n    \"D150C_M5_ret_3h_bps__ret_24h_bps\",\n    \"D150C_M5_trend_8_20_bps__trend_50_100_bps\"\n  ],\n  \"blocked_family_rows\": [\n    {\n      \"family_key\": \"D138C_ret_48h_bps__trend_50_100_bps\",\n      \"closed_trade_count\": 6,\n      \"total_bps\": -1.29,\n      \"mean_bps\": -0.21,\n      \"total_net_profit\": -0.94,\n      \"last_rule_id\": \"D138C_ret_48h_bps_GEQ65__trend_50_100_bps_LEQ65\",\n      \"last_outcome\": \"PROFIT\"\n    },\n    {\n      \"family_key\": \"D150C_M5_ret_12h_bps__trend_50_100_bps\",\n      \"closed_trade_count\": 1,\n      \"total_bps\": -57.1,\n      \"mean_bps\": -57.1,\n      \"total_net_profit\": -23.65,\n      \"last_rule_id\": \"D150C_M5_ret_12h_bps_GEQ35__trend_50_100_bps_GEQ35\",\n      \"last_outcome\": \"LOSS\"\n    },\n    {\n      \"family_key\": \"D150C_M5_ret_3h_bps__ret_24h_bps\",\n      \"closed_trade_count\": 1,\n      \"total_bps\": -19.35,\n      \"mean_bps\": -19.35,\n      \"total_net_profit\": -8.72,\n      \"last_rule_id\": \"D150C_M5_ret_3h_bps_GEQ65__ret_24h_bps_GEQ35\",\n      \"last_outcome\": \"LOSS\"\n    },\n    {\n      \"family_key\": \"D150C_M5_trend_8_20_bps__trend_50_100_bps\",\n      \"closed_trade_count\": 1,\n      \"total_bps\": -50.52,\n      \"mean_bps\": -50.52,\n      \"total_net_profit\": -21.22,\n      \"last_rule_id\": \"D150C_M5_trend_8_20_bps_GEQ65__trend_50_100_bps_GEQ35\",\n      \"last_outcome\": \"LOSS\"\n    }\n  ],\n  \"repo_kv\": \"/Users/vahid/Desktop/xauusd-trader/data/demo_execution/xauusd_stage155_m5_active_router_rule_state_kv.csv\",\n  \"repo_latest\": \"/Users/vahid/Desktop/xauusd-trader/data/demo_execution/xauusd_stage155_m5_active_router_rule_state_latest.csv\",\n  \"mt5_kv_written\": true,\n  \"mt5_kv\": \"/Users/vahid/Library/Application Support/net.metaquotes.wine.metatrader5/drive_c/Program Files/MetaTrader 5/MQL5/Files/xauusd_stage155_m5_active_router_rule_state_kv.csv\",\n  \"mt5_latest\": \"/Users/vahid/Library/Application Support/net.metaquotes.wine.metatrader5/drive_c/Program Files/MetaTrader 5/MQL5/Files/xauusd_stage155_m5_active_router_rule_state_latest.csv\",\n  \"stage134_instruction\": {\n    \"InpRuleStateKvFile\": \"xauusd_stage155_m5_active_router_rule_state_kv.csv\",\n    \"InpAllowedRules\": \"all\",\n    \"keep_InpEnableDemoOrders\": \"true only on demo account\"\n  },\n  \"summary_json\": \"/Users/vahid/Desktop/xauusd-trader/reports/stage155_active_router_demo_risk_guard/m5/stage155_active_router_demo_risk_guard_summary.json\",\n  \"next\": [\n    \"Use this Stage157-hardened router behind Stage156; it preserves Stage155 KV filename so Stage134 input does not need to change.\",\n    \"If global_gate_freeze_active is true, keep demo orders blocked and repair discovery before re-enabling routing.\"\n  ]\n}\n",
      "stderr_tail": ""
    }
  ],
  "next": [
    "If classification is NO_ACTIVE_RULE, keep Stage155 running and do not patch unless inactivity is commercially unacceptable over a defined window.",
    "If classification is SOURCE_STALE or BLOCKED_STALE, update the M5 CSV and run this unifier again.",
    "Use --db-update-command only after identifying the repo's current AMarkets DB updater command."
  ]
}
{
  "stage": "Stage156_OPERATIONAL_UNIFIER",
  "generated_utc": "2026-07-08T05:38:04Z",
  "status": "STAGE156_COMPLETE_OPERATIONAL_UNIFIER_READY",
  "classification": "POSITION_OPEN",
  "reason": "Stage134 sees an open position; duplicate orders correctly blocked.",
  "root": "/Users/vahid/Desktop/xauusd-trader",
  "mt5_files": "/Users/vahid/Library/Application Support/net.metaquotes.wine.metatrader5/drive_c/Program Files/MetaTrader 5/MQL5/Files",
  "source": {
    "bars_m5": "/Users/vahid/Downloads/xauusd_fundamental_event_inbox/amarkets_xauusd_5m.csv",
    "exists": true,
    "row_count_including_header_if_any": 318862,
    "last_line": "2026.07.08\t07:40:00\t4125.25\t4125.65\t4121.97\t4123.09\t307\t0\t36",
    "raw_latest_time": "2026-07-08T07:40:00Z",
    "timestamp_shift_hours": -3.0,
    "normalized_latest_time": "2026-07-08T04:40:00Z",
    "feature_age_sec": 3485,
    "max_feature_age_sec": 7200,
    "source_fresh": true
  },
  "router": {
    "cmd": "/Library/Frameworks/Python.framework/Versions/3.14/bin/python3 app/stage154_active_shortlist_rule_router.py --root /Users/vahid/Desktop/xauusd-trader --bars /Users/vahid/Downloads/xauusd_fundamental_event_inbox/amarkets_xauusd_5m.csv --score-csv /Users/vahid/Desktop/xauusd-trader/reports/stage150_mtf_separated_validation_discovery/m5/stage150_candidate_scores.csv --risk-summary /Users/vahid/Desktop/xauusd-trader/reports/stage145_clean_ledger_performance_gate/stage145_clean_ledger_performance_gate_summary.json --tf m5 --timeframe-minutes 5 --max-feature-age-sec 7200 --timestamp-shift-hours -3.0 --write-mt5",
    "kv_path": "/Users/vahid/Library/Application Support/net.metaquotes.wine.metatrader5/drive_c/Program Files/MetaTrader 5/MQL5/Files/xauusd_stage155_m5_active_router_rule_state_kv.csv",
    "decision": "STAGE157_GLOBAL_PERFORMANCE_FREEZE_NO_ORDER",
    "any_signal_active": "false",
    "selected_rule_id": "",
    "selected_family_key": "",
    "active_shortlist_count": "94",
    "eligible_shortlist_count": "191",
    "risk_blocked_family_count": "4"
  },
  "stage134": {
    "kv_path": "/Users/vahid/Library/Application Support/net.metaquotes.wine.metatrader5/drive_c/Program Files/MetaTrader 5/MQL5/Files/xauusd_stage134_demo_executor_status_kv.csv",
    "decision": "HOLD_NO_ACTIVE_ALLOWED_RULE",
    "reason": "no active selected rule",
    "feature_date": "2026-07-08T04:40:00Z",
    "signal_fresh": "true",
    "signal_age_sec": "3510",
    "any_signal_active": "false",
    "open_positions": "1",
    "last_success_signal_key": "2026-07-08T04:40:00Z|D150C_M5_ret_6h_bps_GEQ35__trend_50_100_bps_GEQ35",
    "last_attempt_signal_key": "2026-07-08T04:40:00Z|D150C_M5_ret_6h_bps_GEQ35__trend_50_100_bps_GEQ35"
  },
  "commands": [
    {
      "cmd": "/Library/Frameworks/Python.framework/Versions/3.14/bin/python3 app/stage154_active_shortlist_rule_router.py --root /Users/vahid/Desktop/xauusd-trader --bars /Users/vahid/Downloads/xauusd_fundamental_event_inbox/amarkets_xauusd_5m.csv --score-csv /Users/vahid/Desktop/xauusd-trader/reports/stage150_mtf_separated_validation_discovery/m5/stage150_candidate_scores.csv --risk-summary /Users/vahid/Desktop/xauusd-trader/reports/stage145_clean_ledger_performance_gate/stage145_clean_ledger_performance_gate_summary.json --tf m5 --timeframe-minutes 5 --max-feature-age-sec 7200 --timestamp-shift-hours -3.0 --write-mt5",
      "started_utc": "2026-07-08T05:38:05Z",
      "finished_utc": "2026-07-08T05:38:45Z",
      "returncode": 0,
      "stdout_tail": "0_100_bps\\\", \\\"op\\\": \\\">=\\\", \\\"threshold\\\": -14.337320822584214}]\",\n  \"raw_selected_rule_id_before_global_gate\": \"D150C_M5_ret_6h_bps_GEQ35__trend_50_100_bps_GEQ35\",\n  \"raw_selected_label_before_global_gate\": \"m5: ret_6h_bps >= q35 AND trend_50_100_bps >= q35\",\n  \"risk_summary\": \"/Users/vahid/Desktop/xauusd-trader/reports/stage145_clean_ledger_performance_gate/stage145_clean_ledger_performance_gate_summary.json\",\n  \"global_freeze_guard\": true,\n  \"global_gate_freeze_active\": true,\n  \"global_gate_info\": {\n    \"global_gate_freeze_active\": true,\n    \"global_gate_reason\": \"Stage145 aggregate gate requires freeze/repair: gate_decision=STAGE145_FREEZE_REPAIR_RULE_NEGATIVE_EXPECTANCY; recommended_action=FREEZE_CURRENT_RULE_AND_REPAIR_DISCOVERY; severity=HIGH; closed_trade_count=12; total_bps=-9.72; mean_bps=-0.81; win_rate=0.5\",\n    \"global_gate_decision\": \"STAGE145_FREEZE_REPAIR_RULE_NEGATIVE_EXPECTANCY\",\n    \"global_recommended_action\": \"FREEZE_CURRENT_RULE_AND_REPAIR_DISCOVERY\",\n    \"global_severity\": \"HIGH\",\n    \"global_closed_trade_count\": 12,\n    \"global_total_bps\": -9.72,\n    \"global_mean_bps\": -0.81,\n    \"global_win_rate\": 0.5,\n    \"min_global_gate_trades\": 10\n  },\n  \"block_negative_demo_families\": true,\n  \"risk_blocked_family_count\": 4,\n  \"risk_blocked_candidate_count\": 27,\n  \"blocked_family_keys\": [\n    \"D138C_ret_48h_bps__trend_50_100_bps\",\n    \"D150C_M5_ret_12h_bps__trend_50_100_bps\",\n    \"D150C_M5_ret_3h_bps__ret_24h_bps\",\n    \"D150C_M5_trend_8_20_bps__trend_50_100_bps\"\n  ],\n  \"blocked_family_rows\": [\n    {\n      \"family_key\": \"D138C_ret_48h_bps__trend_50_100_bps\",\n      \"closed_trade_count\": 6,\n      \"total_bps\": -1.29,\n      \"mean_bps\": -0.21,\n      \"total_net_profit\": -0.94,\n      \"last_rule_id\": \"D138C_ret_48h_bps_GEQ65__trend_50_100_bps_LEQ65\",\n      \"last_outcome\": \"PROFIT\"\n    },\n    {\n      \"family_key\": \"D150C_M5_ret_12h_bps__trend_50_100_bps\",\n      \"closed_trade_count\": 1,\n      \"total_bps\": -57.1,\n      \"mean_bps\": -57.1,\n      \"total_net_profit\": -23.65,\n      \"last_rule_id\": \"D150C_M5_ret_12h_bps_GEQ35__trend_50_100_bps_GEQ35\",\n      \"last_outcome\": \"LOSS\"\n    },\n    {\n      \"family_key\": \"D150C_M5_ret_3h_bps__ret_24h_bps\",\n      \"closed_trade_count\": 1,\n      \"total_bps\": -19.35,\n      \"mean_bps\": -19.35,\n      \"total_net_profit\": -8.72,\n      \"last_rule_id\": \"D150C_M5_ret_3h_bps_GEQ65__ret_24h_bps_GEQ35\",\n      \"last_outcome\": \"LOSS\"\n    },\n    {\n      \"family_key\": \"D150C_M5_trend_8_20_bps__trend_50_100_bps\",\n      \"closed_trade_count\": 1,\n      \"total_bps\": -50.52,\n      \"mean_bps\": -50.52,\n      \"total_net_profit\": -21.22,\n      \"last_rule_id\": \"D150C_M5_trend_8_20_bps_GEQ65__trend_50_100_bps_GEQ35\",\n      \"last_outcome\": \"LOSS\"\n    }\n  ],\n  \"repo_kv\": \"/Users/vahid/Desktop/xauusd-trader/data/demo_execution/xauusd_stage155_m5_active_router_rule_state_kv.csv\",\n  \"repo_latest\": \"/Users/vahid/Desktop/xauusd-trader/data/demo_execution/xauusd_stage155_m5_active_router_rule_state_latest.csv\",\n  \"mt5_kv_written\": true,\n  \"mt5_kv\": \"/Users/vahid/Library/Application Support/net.metaquotes.wine.metatrader5/drive_c/Program Files/MetaTrader 5/MQL5/Files/xauusd_stage155_m5_active_router_rule_state_kv.csv\",\n  \"mt5_latest\": \"/Users/vahid/Library/Application Support/net.metaquotes.wine.metatrader5/drive_c/Program Files/MetaTrader 5/MQL5/Files/xauusd_stage155_m5_active_router_rule_state_latest.csv\",\n  \"stage134_instruction\": {\n    \"InpRuleStateKvFile\": \"xauusd_stage155_m5_active_router_rule_state_kv.csv\",\n    \"InpAllowedRules\": \"all\",\n    \"keep_InpEnableDemoOrders\": \"true only on demo account\"\n  },\n  \"summary_json\": \"/Users/vahid/Desktop/xauusd-trader/reports/stage155_active_router_demo_risk_guard/m5/stage155_active_router_demo_risk_guard_summary.json\",\n  \"next\": [\n    \"Use this Stage157-hardened router behind Stage156; it preserves Stage155 KV filename so Stage134 input does not need to change.\",\n    \"If global_gate_freeze_active is true, keep demo orders blocked and repair discovery before re-enabling routing.\"\n  ]\n}\n",
      "stderr_tail": ""
    }
  ],
  "next": [
    "If classification is NO_ACTIVE_RULE, keep Stage155 running and do not patch unless inactivity is commercially unacceptable over a defined window.",
    "If classification is SOURCE_STALE or BLOCKED_STALE, update the M5 CSV and run this unifier again.",
    "Use --db-update-command only after identifying the repo's current AMarkets DB updater command."
  ]
}
{
  "stage": "Stage156_OPERATIONAL_UNIFIER",
  "generated_utc": "2026-07-08T05:43:49Z",
  "status": "STAGE156_COMPLETE_OPERATIONAL_UNIFIER_READY",
  "classification": "POSITION_OPEN",
  "reason": "Stage134 sees an open position; duplicate orders correctly blocked.",
  "root": "/Users/vahid/Desktop/xauusd-trader",
  "mt5_files": "/Users/vahid/Library/Application Support/net.metaquotes.wine.metatrader5/drive_c/Program Files/MetaTrader 5/MQL5/Files",
  "source": {
    "bars_m5": "/Users/vahid/Downloads/xauusd_fundamental_event_inbox/amarkets_xauusd_5m.csv",
    "exists": true,
    "row_count_including_header_if_any": 318862,
    "last_line": "2026.07.08\t07:40:00\t4125.25\t4125.65\t4121.97\t4123.09\t307\t0\t36",
    "raw_latest_time": "2026-07-08T07:40:00Z",
    "timestamp_shift_hours": -3.0,
    "normalized_latest_time": "2026-07-08T04:40:00Z",
    "feature_age_sec": 3829,
    "max_feature_age_sec": 7200,
    "source_fresh": true
  },
  "router": {
    "cmd": "/Library/Frameworks/Python.framework/Versions/3.14/bin/python3 app/stage154_active_shortlist_rule_router.py --root /Users/vahid/Desktop/xauusd-trader --bars /Users/vahid/Downloads/xauusd_fundamental_event_inbox/amarkets_xauusd_5m.csv --score-csv /Users/vahid/Desktop/xauusd-trader/reports/stage150_mtf_separated_validation_discovery/m5/stage150_candidate_scores.csv --risk-summary /Users/vahid/Desktop/xauusd-trader/reports/stage145_clean_ledger_performance_gate/stage145_clean_ledger_performance_gate_summary.json --tf m5 --timeframe-minutes 5 --max-feature-age-sec 7200 --timestamp-shift-hours -3.0 --write-mt5",
    "kv_path": "/Users/vahid/Library/Application Support/net.metaquotes.wine.metatrader5/drive_c/Program Files/MetaTrader 5/MQL5/Files/xauusd_stage155_m5_active_router_rule_state_kv.csv",
    "decision": "STAGE157_GLOBAL_PERFORMANCE_FREEZE_NO_ORDER",
    "any_signal_active": "false",
    "selected_rule_id": "",
    "selected_family_key": "",
    "active_shortlist_count": "94",
    "eligible_shortlist_count": "191",
    "risk_blocked_family_count": "4"
  },
  "stage134": {
    "kv_path": "/Users/vahid/Library/Application Support/net.metaquotes.wine.metatrader5/drive_c/Program Files/MetaTrader 5/MQL5/Files/xauusd_stage134_demo_executor_status_kv.csv",
    "decision": "HOLD_NO_ACTIVE_ALLOWED_RULE",
    "reason": "no active selected rule",
    "feature_date": "2026-07-08T04:40:00Z",
    "signal_fresh": "true",
    "signal_age_sec": "3840",
    "any_signal_active": "false",
    "open_positions": "1",
    "last_success_signal_key": "2026-07-08T04:40:00Z|D150C_M5_ret_6h_bps_GEQ35__trend_50_100_bps_GEQ35",
    "last_attempt_signal_key": "2026-07-08T04:40:00Z|D150C_M5_ret_6h_bps_GEQ35__trend_50_100_bps_GEQ35"
  },
  "commands": [
    {
      "cmd": "/Library/Frameworks/Python.framework/Versions/3.14/bin/python3 app/stage154_active_shortlist_rule_router.py --root /Users/vahid/Desktop/xauusd-trader --bars /Users/vahid/Downloads/xauusd_fundamental_event_inbox/amarkets_xauusd_5m.csv --score-csv /Users/vahid/Desktop/xauusd-trader/reports/stage150_mtf_separated_validation_discovery/m5/stage150_candidate_scores.csv --risk-summary /Users/vahid/Desktop/xauusd-trader/reports/stage145_clean_ledger_performance_gate/stage145_clean_ledger_performance_gate_summary.json --tf m5 --timeframe-minutes 5 --max-feature-age-sec 7200 --timestamp-shift-hours -3.0 --write-mt5",
      "started_utc": "2026-07-08T05:43:49Z",
      "finished_utc": "2026-07-08T05:44:11Z",
      "returncode": 0,
      "stdout_tail": "0_100_bps\\\", \\\"op\\\": \\\">=\\\", \\\"threshold\\\": -14.337320822584214}]\",\n  \"raw_selected_rule_id_before_global_gate\": \"D150C_M5_ret_6h_bps_GEQ35__trend_50_100_bps_GEQ35\",\n  \"raw_selected_label_before_global_gate\": \"m5: ret_6h_bps >= q35 AND trend_50_100_bps >= q35\",\n  \"risk_summary\": \"/Users/vahid/Desktop/xauusd-trader/reports/stage145_clean_ledger_performance_gate/stage145_clean_ledger_performance_gate_summary.json\",\n  \"global_freeze_guard\": true,\n  \"global_gate_freeze_active\": true,\n  \"global_gate_info\": {\n    \"global_gate_freeze_active\": true,\n    \"global_gate_reason\": \"Stage145 aggregate gate requires freeze/repair: gate_decision=STAGE145_FREEZE_REPAIR_RULE_NEGATIVE_EXPECTANCY; recommended_action=FREEZE_CURRENT_RULE_AND_REPAIR_DISCOVERY; severity=HIGH; closed_trade_count=12; total_bps=-9.72; mean_bps=-0.81; win_rate=0.5\",\n    \"global_gate_decision\": \"STAGE145_FREEZE_REPAIR_RULE_NEGATIVE_EXPECTANCY\",\n    \"global_recommended_action\": \"FREEZE_CURRENT_RULE_AND_REPAIR_DISCOVERY\",\n    \"global_severity\": \"HIGH\",\n    \"global_closed_trade_count\": 12,\n    \"global_total_bps\": -9.72,\n    \"global_mean_bps\": -0.81,\n    \"global_win_rate\": 0.5,\n    \"min_global_gate_trades\": 10\n  },\n  \"block_negative_demo_families\": true,\n  \"risk_blocked_family_count\": 4,\n  \"risk_blocked_candidate_count\": 27,\n  \"blocked_family_keys\": [\n    \"D138C_ret_48h_bps__trend_50_100_bps\",\n    \"D150C_M5_ret_12h_bps__trend_50_100_bps\",\n    \"D150C_M5_ret_3h_bps__ret_24h_bps\",\n    \"D150C_M5_trend_8_20_bps__trend_50_100_bps\"\n  ],\n  \"blocked_family_rows\": [\n    {\n      \"family_key\": \"D138C_ret_48h_bps__trend_50_100_bps\",\n      \"closed_trade_count\": 6,\n      \"total_bps\": -1.29,\n      \"mean_bps\": -0.21,\n      \"total_net_profit\": -0.94,\n      \"last_rule_id\": \"D138C_ret_48h_bps_GEQ65__trend_50_100_bps_LEQ65\",\n      \"last_outcome\": \"PROFIT\"\n    },\n    {\n      \"family_key\": \"D150C_M5_ret_12h_bps__trend_50_100_bps\",\n      \"closed_trade_count\": 1,\n      \"total_bps\": -57.1,\n      \"mean_bps\": -57.1,\n      \"total_net_profit\": -23.65,\n      \"last_rule_id\": \"D150C_M5_ret_12h_bps_GEQ35__trend_50_100_bps_GEQ35\",\n      \"last_outcome\": \"LOSS\"\n    },\n    {\n      \"family_key\": \"D150C_M5_ret_3h_bps__ret_24h_bps\",\n      \"closed_trade_count\": 1,\n      \"total_bps\": -19.35,\n      \"mean_bps\": -19.35,\n      \"total_net_profit\": -8.72,\n      \"last_rule_id\": \"D150C_M5_ret_3h_bps_GEQ65__ret_24h_bps_GEQ35\",\n      \"last_outcome\": \"LOSS\"\n    },\n    {\n      \"family_key\": \"D150C_M5_trend_8_20_bps__trend_50_100_bps\",\n      \"closed_trade_count\": 1,\n      \"total_bps\": -50.52,\n      \"mean_bps\": -50.52,\n      \"total_net_profit\": -21.22,\n      \"last_rule_id\": \"D150C_M5_trend_8_20_bps_GEQ65__trend_50_100_bps_GEQ35\",\n      \"last_outcome\": \"LOSS\"\n    }\n  ],\n  \"repo_kv\": \"/Users/vahid/Desktop/xauusd-trader/data/demo_execution/xauusd_stage155_m5_active_router_rule_state_kv.csv\",\n  \"repo_latest\": \"/Users/vahid/Desktop/xauusd-trader/data/demo_execution/xauusd_stage155_m5_active_router_rule_state_latest.csv\",\n  \"mt5_kv_written\": true,\n  \"mt5_kv\": \"/Users/vahid/Library/Application Support/net.metaquotes.wine.metatrader5/drive_c/Program Files/MetaTrader 5/MQL5/Files/xauusd_stage155_m5_active_router_rule_state_kv.csv\",\n  \"mt5_latest\": \"/Users/vahid/Library/Application Support/net.metaquotes.wine.metatrader5/drive_c/Program Files/MetaTrader 5/MQL5/Files/xauusd_stage155_m5_active_router_rule_state_latest.csv\",\n  \"stage134_instruction\": {\n    \"InpRuleStateKvFile\": \"xauusd_stage155_m5_active_router_rule_state_kv.csv\",\n    \"InpAllowedRules\": \"all\",\n    \"keep_InpEnableDemoOrders\": \"true only on demo account\"\n  },\n  \"summary_json\": \"/Users/vahid/Desktop/xauusd-trader/reports/stage155_active_router_demo_risk_guard/m5/stage155_active_router_demo_risk_guard_summary.json\",\n  \"next\": [\n    \"Use this Stage157-hardened router behind Stage156; it preserves Stage155 KV filename so Stage134 input does not need to change.\",\n    \"If global_gate_freeze_active is true, keep demo orders blocked and repair discovery before re-enabling routing.\"\n  ]\n}\n",
      "stderr_tail": ""
    }
  ],
  "next": [
    "If classification is NO_ACTIVE_RULE, keep Stage155 running and do not patch unless inactivity is commercially unacceptable over a defined window.",
    "If classification is SOURCE_STALE or BLOCKED_STALE, update the M5 CSV and run this unifier again.",
    "Use --db-update-command only after identifying the repo's current AMarkets DB updater command."
  ]
}
{
  "stage": "Stage156_OPERATIONAL_UNIFIER",
  "generated_utc": "2026-07-08T05:49:14Z",
  "status": "STAGE156_COMPLETE_OPERATIONAL_UNIFIER_READY",
  "classification": "POSITION_OPEN",
  "reason": "Stage134 sees an open position; duplicate orders correctly blocked.",
  "root": "/Users/vahid/Desktop/xauusd-trader",
  "mt5_files": "/Users/vahid/Library/Application Support/net.metaquotes.wine.metatrader5/drive_c/Program Files/MetaTrader 5/MQL5/Files",
  "source": {
    "bars_m5": "/Users/vahid/Downloads/xauusd_fundamental_event_inbox/amarkets_xauusd_5m.csv",
    "exists": true,
    "row_count_including_header_if_any": 318862,
    "last_line": "2026.07.08\t07:40:00\t4125.25\t4125.65\t4121.97\t4123.09\t307\t0\t36",
    "raw_latest_time": "2026-07-08T07:40:00Z",
    "timestamp_shift_hours": -3.0,
    "normalized_latest_time": "2026-07-08T04:40:00Z",
    "feature_age_sec": 4155,
    "max_feature_age_sec": 7200,
    "source_fresh": true
  },
  "router": {
    "cmd": "/Library/Frameworks/Python.framework/Versions/3.14/bin/python3 app/stage154_active_shortlist_rule_router.py --root /Users/vahid/Desktop/xauusd-trader --bars /Users/vahid/Downloads/xauusd_fundamental_event_inbox/amarkets_xauusd_5m.csv --score-csv /Users/vahid/Desktop/xauusd-trader/reports/stage150_mtf_separated_validation_discovery/m5/stage150_candidate_scores.csv --risk-summary /Users/vahid/Desktop/xauusd-trader/reports/stage145_clean_ledger_performance_gate/stage145_clean_ledger_performance_gate_summary.json --tf m5 --timeframe-minutes 5 --max-feature-age-sec 7200 --timestamp-shift-hours -3.0 --write-mt5",
    "kv_path": "/Users/vahid/Library/Application Support/net.metaquotes.wine.metatrader5/drive_c/Program Files/MetaTrader 5/MQL5/Files/xauusd_stage155_m5_active_router_rule_state_kv.csv",
    "decision": "STAGE157_GLOBAL_PERFORMANCE_FREEZE_NO_ORDER",
    "any_signal_active": "false",
    "selected_rule_id": "",
    "selected_family_key": "",
    "active_shortlist_count": "94",
    "eligible_shortlist_count": "191",
    "risk_blocked_family_count": "4"
  },
  "stage134": {
    "kv_path": "/Users/vahid/Library/Application Support/net.metaquotes.wine.metatrader5/drive_c/Program Files/MetaTrader 5/MQL5/Files/xauusd_stage134_demo_executor_status_kv.csv",
    "decision": "HOLD_NO_ACTIVE_ALLOWED_RULE",
    "reason": "no active selected rule",
    "feature_date": "2026-07-08T04:40:00Z",
    "signal_fresh": "true",
    "signal_age_sec": "4170",
    "any_signal_active": "false",
    "open_positions": "1",
    "last_success_signal_key": "2026-07-08T04:40:00Z|D150C_M5_ret_6h_bps_GEQ35__trend_50_100_bps_GEQ35",
    "last_attempt_signal_key": "2026-07-08T04:40:00Z|D150C_M5_ret_6h_bps_GEQ35__trend_50_100_bps_GEQ35"
  },
  "commands": [
    {
      "cmd": "/Library/Frameworks/Python.framework/Versions/3.14/bin/python3 app/stage154_active_shortlist_rule_router.py --root /Users/vahid/Desktop/xauusd-trader --bars /Users/vahid/Downloads/xauusd_fundamental_event_inbox/amarkets_xauusd_5m.csv --score-csv /Users/vahid/Desktop/xauusd-trader/reports/stage150_mtf_separated_validation_discovery/m5/stage150_candidate_scores.csv --risk-summary /Users/vahid/Desktop/xauusd-trader/reports/stage145_clean_ledger_performance_gate/stage145_clean_ledger_performance_gate_summary.json --tf m5 --timeframe-minutes 5 --max-feature-age-sec 7200 --timestamp-shift-hours -3.0 --write-mt5",
      "started_utc": "2026-07-08T05:49:15Z",
      "finished_utc": "2026-07-08T05:49:29Z",
      "returncode": 0,
      "stdout_tail": "0_100_bps\\\", \\\"op\\\": \\\">=\\\", \\\"threshold\\\": -14.337320822584214}]\",\n  \"raw_selected_rule_id_before_global_gate\": \"D150C_M5_ret_6h_bps_GEQ35__trend_50_100_bps_GEQ35\",\n  \"raw_selected_label_before_global_gate\": \"m5: ret_6h_bps >= q35 AND trend_50_100_bps >= q35\",\n  \"risk_summary\": \"/Users/vahid/Desktop/xauusd-trader/reports/stage145_clean_ledger_performance_gate/stage145_clean_ledger_performance_gate_summary.json\",\n  \"global_freeze_guard\": true,\n  \"global_gate_freeze_active\": true,\n  \"global_gate_info\": {\n    \"global_gate_freeze_active\": true,\n    \"global_gate_reason\": \"Stage145 aggregate gate requires freeze/repair: gate_decision=STAGE145_FREEZE_REPAIR_RULE_NEGATIVE_EXPECTANCY; recommended_action=FREEZE_CURRENT_RULE_AND_REPAIR_DISCOVERY; severity=HIGH; closed_trade_count=12; total_bps=-9.72; mean_bps=-0.81; win_rate=0.5\",\n    \"global_gate_decision\": \"STAGE145_FREEZE_REPAIR_RULE_NEGATIVE_EXPECTANCY\",\n    \"global_recommended_action\": \"FREEZE_CURRENT_RULE_AND_REPAIR_DISCOVERY\",\n    \"global_severity\": \"HIGH\",\n    \"global_closed_trade_count\": 12,\n    \"global_total_bps\": -9.72,\n    \"global_mean_bps\": -0.81,\n    \"global_win_rate\": 0.5,\n    \"min_global_gate_trades\": 10\n  },\n  \"block_negative_demo_families\": true,\n  \"risk_blocked_family_count\": 4,\n  \"risk_blocked_candidate_count\": 27,\n  \"blocked_family_keys\": [\n    \"D138C_ret_48h_bps__trend_50_100_bps\",\n    \"D150C_M5_ret_12h_bps__trend_50_100_bps\",\n    \"D150C_M5_ret_3h_bps__ret_24h_bps\",\n    \"D150C_M5_trend_8_20_bps__trend_50_100_bps\"\n  ],\n  \"blocked_family_rows\": [\n    {\n      \"family_key\": \"D138C_ret_48h_bps__trend_50_100_bps\",\n      \"closed_trade_count\": 6,\n      \"total_bps\": -1.29,\n      \"mean_bps\": -0.21,\n      \"total_net_profit\": -0.94,\n      \"last_rule_id\": \"D138C_ret_48h_bps_GEQ65__trend_50_100_bps_LEQ65\",\n      \"last_outcome\": \"PROFIT\"\n    },\n    {\n      \"family_key\": \"D150C_M5_ret_12h_bps__trend_50_100_bps\",\n      \"closed_trade_count\": 1,\n      \"total_bps\": -57.1,\n      \"mean_bps\": -57.1,\n      \"total_net_profit\": -23.65,\n      \"last_rule_id\": \"D150C_M5_ret_12h_bps_GEQ35__trend_50_100_bps_GEQ35\",\n      \"last_outcome\": \"LOSS\"\n    },\n    {\n      \"family_key\": \"D150C_M5_ret_3h_bps__ret_24h_bps\",\n      \"closed_trade_count\": 1,\n      \"total_bps\": -19.35,\n      \"mean_bps\": -19.35,\n      \"total_net_profit\": -8.72,\n      \"last_rule_id\": \"D150C_M5_ret_3h_bps_GEQ65__ret_24h_bps_GEQ35\",\n      \"last_outcome\": \"LOSS\"\n    },\n    {\n      \"family_key\": \"D150C_M5_trend_8_20_bps__trend_50_100_bps\",\n      \"closed_trade_count\": 1,\n      \"total_bps\": -50.52,\n      \"mean_bps\": -50.52,\n      \"total_net_profit\": -21.22,\n      \"last_rule_id\": \"D150C_M5_trend_8_20_bps_GEQ65__trend_50_100_bps_GEQ35\",\n      \"last_outcome\": \"LOSS\"\n    }\n  ],\n  \"repo_kv\": \"/Users/vahid/Desktop/xauusd-trader/data/demo_execution/xauusd_stage155_m5_active_router_rule_state_kv.csv\",\n  \"repo_latest\": \"/Users/vahid/Desktop/xauusd-trader/data/demo_execution/xauusd_stage155_m5_active_router_rule_state_latest.csv\",\n  \"mt5_kv_written\": true,\n  \"mt5_kv\": \"/Users/vahid/Library/Application Support/net.metaquotes.wine.metatrader5/drive_c/Program Files/MetaTrader 5/MQL5/Files/xauusd_stage155_m5_active_router_rule_state_kv.csv\",\n  \"mt5_latest\": \"/Users/vahid/Library/Application Support/net.metaquotes.wine.metatrader5/drive_c/Program Files/MetaTrader 5/MQL5/Files/xauusd_stage155_m5_active_router_rule_state_latest.csv\",\n  \"stage134_instruction\": {\n    \"InpRuleStateKvFile\": \"xauusd_stage155_m5_active_router_rule_state_kv.csv\",\n    \"InpAllowedRules\": \"all\",\n    \"keep_InpEnableDemoOrders\": \"true only on demo account\"\n  },\n  \"summary_json\": \"/Users/vahid/Desktop/xauusd-trader/reports/stage155_active_router_demo_risk_guard/m5/stage155_active_router_demo_risk_guard_summary.json\",\n  \"next\": [\n    \"Use this Stage157-hardened router behind Stage156; it preserves Stage155 KV filename so Stage134 input does not need to change.\",\n    \"If global_gate_freeze_active is true, keep demo orders blocked and repair discovery before re-enabling routing.\"\n  ]\n}\n",
      "stderr_tail": ""
    }
  ],
  "next": [
    "If classification is NO_ACTIVE_RULE, keep Stage155 running and do not patch unless inactivity is commercially unacceptable over a defined window.",
    "If classification is SOURCE_STALE or BLOCKED_STALE, update the M5 CSV and run this unifier again.",
    "Use --db-update-command only after identifying the repo's current AMarkets DB updater command."
  ]
}
{
  "stage": "Stage156_OPERATIONAL_UNIFIER",
  "generated_utc": "2026-07-08T05:54:32Z",
  "status": "STAGE156_COMPLETE_OPERATIONAL_UNIFIER_READY",
  "classification": "POSITION_OPEN",
  "reason": "Stage134 sees an open position; duplicate orders correctly blocked.",
  "root": "/Users/vahid/Desktop/xauusd-trader",
  "mt5_files": "/Users/vahid/Library/Application Support/net.metaquotes.wine.metatrader5/drive_c/Program Files/MetaTrader 5/MQL5/Files",
  "source": {
    "bars_m5": "/Users/vahid/Downloads/xauusd_fundamental_event_inbox/amarkets_xauusd_5m.csv",
    "exists": true,
    "row_count_including_header_if_any": 318862,
    "last_line": "2026.07.08\t07:40:00\t4125.25\t4125.65\t4121.97\t4123.09\t307\t0\t36",
    "raw_latest_time": "2026-07-08T07:40:00Z",
    "timestamp_shift_hours": -3.0,
    "normalized_latest_time": "2026-07-08T04:40:00Z",
    "feature_age_sec": 4472,
    "max_feature_age_sec": 7200,
    "source_fresh": true
  },
  "router": {
    "cmd": "/Library/Frameworks/Python.framework/Versions/3.14/bin/python3 app/stage154_active_shortlist_rule_router.py --root /Users/vahid/Desktop/xauusd-trader --bars /Users/vahid/Downloads/xauusd_fundamental_event_inbox/amarkets_xauusd_5m.csv --score-csv /Users/vahid/Desktop/xauusd-trader/reports/stage150_mtf_separated_validation_discovery/m5/stage150_candidate_scores.csv --risk-summary /Users/vahid/Desktop/xauusd-trader/reports/stage145_clean_ledger_performance_gate/stage145_clean_ledger_performance_gate_summary.json --tf m5 --timeframe-minutes 5 --max-feature-age-sec 7200 --timestamp-shift-hours -3.0 --write-mt5",
    "kv_path": "/Users/vahid/Library/Application Support/net.metaquotes.wine.metatrader5/drive_c/Program Files/MetaTrader 5/MQL5/Files/xauusd_stage155_m5_active_router_rule_state_kv.csv",
    "decision": "STAGE157_GLOBAL_PERFORMANCE_FREEZE_NO_ORDER",
    "any_signal_active": "false",
    "selected_rule_id": "",
    "selected_family_key": "",
    "active_shortlist_count": "94",
    "eligible_shortlist_count": "191",
    "risk_blocked_family_count": "4"
  },
  "stage134": {
    "kv_path": "/Users/vahid/Library/Application Support/net.metaquotes.wine.metatrader5/drive_c/Program Files/MetaTrader 5/MQL5/Files/xauusd_stage134_demo_executor_status_kv.csv",
    "decision": "HOLD_NO_ACTIVE_ALLOWED_RULE",
    "reason": "no active selected rule",
    "feature_date": "2026-07-08T04:40:00Z",
    "signal_fresh": "true",
    "signal_age_sec": "4470",
    "any_signal_active": "false",
    "open_positions": "1",
    "last_success_signal_key": "2026-07-08T04:40:00Z|D150C_M5_ret_6h_bps_GEQ35__trend_50_100_bps_GEQ35",
    "last_attempt_signal_key": "2026-07-08T04:40:00Z|D150C_M5_ret_6h_bps_GEQ35__trend_50_100_bps_GEQ35"
  },
  "commands": [
    {
      "cmd": "/Library/Frameworks/Python.framework/Versions/3.14/bin/python3 app/stage154_active_shortlist_rule_router.py --root /Users/vahid/Desktop/xauusd-trader --bars /Users/vahid/Downloads/xauusd_fundamental_event_inbox/amarkets_xauusd_5m.csv --score-csv /Users/vahid/Desktop/xauusd-trader/reports/stage150_mtf_separated_validation_discovery/m5/stage150_candidate_scores.csv --risk-summary /Users/vahid/Desktop/xauusd-trader/reports/stage145_clean_ledger_performance_gate/stage145_clean_ledger_performance_gate_summary.json --tf m5 --timeframe-minutes 5 --max-feature-age-sec 7200 --timestamp-shift-hours -3.0 --write-mt5",
      "started_utc": "2026-07-08T05:54:32Z",
      "finished_utc": "2026-07-08T05:54:43Z",
      "returncode": 0,
      "stdout_tail": "0_100_bps\\\", \\\"op\\\": \\\">=\\\", \\\"threshold\\\": -14.337320822584214}]\",\n  \"raw_selected_rule_id_before_global_gate\": \"D150C_M5_ret_6h_bps_GEQ35__trend_50_100_bps_GEQ35\",\n  \"raw_selected_label_before_global_gate\": \"m5: ret_6h_bps >= q35 AND trend_50_100_bps >= q35\",\n  \"risk_summary\": \"/Users/vahid/Desktop/xauusd-trader/reports/stage145_clean_ledger_performance_gate/stage145_clean_ledger_performance_gate_summary.json\",\n  \"global_freeze_guard\": true,\n  \"global_gate_freeze_active\": true,\n  \"global_gate_info\": {\n    \"global_gate_freeze_active\": true,\n    \"global_gate_reason\": \"Stage145 aggregate gate requires freeze/repair: gate_decision=STAGE145_FREEZE_REPAIR_RULE_NEGATIVE_EXPECTANCY; recommended_action=FREEZE_CURRENT_RULE_AND_REPAIR_DISCOVERY; severity=HIGH; closed_trade_count=12; total_bps=-9.72; mean_bps=-0.81; win_rate=0.5\",\n    \"global_gate_decision\": \"STAGE145_FREEZE_REPAIR_RULE_NEGATIVE_EXPECTANCY\",\n    \"global_recommended_action\": \"FREEZE_CURRENT_RULE_AND_REPAIR_DISCOVERY\",\n    \"global_severity\": \"HIGH\",\n    \"global_closed_trade_count\": 12,\n    \"global_total_bps\": -9.72,\n    \"global_mean_bps\": -0.81,\n    \"global_win_rate\": 0.5,\n    \"min_global_gate_trades\": 10\n  },\n  \"block_negative_demo_families\": true,\n  \"risk_blocked_family_count\": 4,\n  \"risk_blocked_candidate_count\": 27,\n  \"blocked_family_keys\": [\n    \"D138C_ret_48h_bps__trend_50_100_bps\",\n    \"D150C_M5_ret_12h_bps__trend_50_100_bps\",\n    \"D150C_M5_ret_3h_bps__ret_24h_bps\",\n    \"D150C_M5_trend_8_20_bps__trend_50_100_bps\"\n  ],\n  \"blocked_family_rows\": [\n    {\n      \"family_key\": \"D138C_ret_48h_bps__trend_50_100_bps\",\n      \"closed_trade_count\": 6,\n      \"total_bps\": -1.29,\n      \"mean_bps\": -0.21,\n      \"total_net_profit\": -0.94,\n      \"last_rule_id\": \"D138C_ret_48h_bps_GEQ65__trend_50_100_bps_LEQ65\",\n      \"last_outcome\": \"PROFIT\"\n    },\n    {\n      \"family_key\": \"D150C_M5_ret_12h_bps__trend_50_100_bps\",\n      \"closed_trade_count\": 1,\n      \"total_bps\": -57.1,\n      \"mean_bps\": -57.1,\n      \"total_net_profit\": -23.65,\n      \"last_rule_id\": \"D150C_M5_ret_12h_bps_GEQ35__trend_50_100_bps_GEQ35\",\n      \"last_outcome\": \"LOSS\"\n    },\n    {\n      \"family_key\": \"D150C_M5_ret_3h_bps__ret_24h_bps\",\n      \"closed_trade_count\": 1,\n      \"total_bps\": -19.35,\n      \"mean_bps\": -19.35,\n      \"total_net_profit\": -8.72,\n      \"last_rule_id\": \"D150C_M5_ret_3h_bps_GEQ65__ret_24h_bps_GEQ35\",\n      \"last_outcome\": \"LOSS\"\n    },\n    {\n      \"family_key\": \"D150C_M5_trend_8_20_bps__trend_50_100_bps\",\n      \"closed_trade_count\": 1,\n      \"total_bps\": -50.52,\n      \"mean_bps\": -50.52,\n      \"total_net_profit\": -21.22,\n      \"last_rule_id\": \"D150C_M5_trend_8_20_bps_GEQ65__trend_50_100_bps_GEQ35\",\n      \"last_outcome\": \"LOSS\"\n    }\n  ],\n  \"repo_kv\": \"/Users/vahid/Desktop/xauusd-trader/data/demo_execution/xauusd_stage155_m5_active_router_rule_state_kv.csv\",\n  \"repo_latest\": \"/Users/vahid/Desktop/xauusd-trader/data/demo_execution/xauusd_stage155_m5_active_router_rule_state_latest.csv\",\n  \"mt5_kv_written\": true,\n  \"mt5_kv\": \"/Users/vahid/Library/Application Support/net.metaquotes.wine.metatrader5/drive_c/Program Files/MetaTrader 5/MQL5/Files/xauusd_stage155_m5_active_router_rule_state_kv.csv\",\n  \"mt5_latest\": \"/Users/vahid/Library/Application Support/net.metaquotes.wine.metatrader5/drive_c/Program Files/MetaTrader 5/MQL5/Files/xauusd_stage155_m5_active_router_rule_state_latest.csv\",\n  \"stage134_instruction\": {\n    \"InpRuleStateKvFile\": \"xauusd_stage155_m5_active_router_rule_state_kv.csv\",\n    \"InpAllowedRules\": \"all\",\n    \"keep_InpEnableDemoOrders\": \"true only on demo account\"\n  },\n  \"summary_json\": \"/Users/vahid/Desktop/xauusd-trader/reports/stage155_active_router_demo_risk_guard/m5/stage155_active_router_demo_risk_guard_summary.json\",\n  \"next\": [\n    \"Use this Stage157-hardened router behind Stage156; it preserves Stage155 KV filename so Stage134 input does not need to change.\",\n    \"If global_gate_freeze_active is true, keep demo orders blocked and repair discovery before re-enabling routing.\"\n  ]\n}\n",
      "stderr_tail": ""
    }
  ],
  "next": [
    "If classification is NO_ACTIVE_RULE, keep Stage155 running and do not patch unless inactivity is commercially unacceptable over a defined window.",
    "If classification is SOURCE_STALE or BLOCKED_STALE, update the M5 CSV and run this unifier again.",
    "Use --db-update-command only after identifying the repo's current AMarkets DB updater command."
  ]
}
{
  "stage": "Stage156_OPERATIONAL_UNIFIER",
  "generated_utc": "2026-07-08T05:59:46Z",
  "status": "STAGE156_COMPLETE_OPERATIONAL_UNIFIER_READY",
  "classification": "POSITION_OPEN",
  "reason": "Stage134 sees an open position; duplicate orders correctly blocked.",
  "root": "/Users/vahid/Desktop/xauusd-trader",
  "mt5_files": "/Users/vahid/Library/Application Support/net.metaquotes.wine.metatrader5/drive_c/Program Files/MetaTrader 5/MQL5/Files",
  "source": {
    "bars_m5": "/Users/vahid/Downloads/xauusd_fundamental_event_inbox/amarkets_xauusd_5m.csv",
    "exists": true,
    "row_count_including_header_if_any": 318862,
    "last_line": "2026.07.08\t07:40:00\t4125.25\t4125.65\t4121.97\t4123.09\t307\t0\t36",
    "raw_latest_time": "2026-07-08T07:40:00Z",
    "timestamp_shift_hours": -3.0,
    "normalized_latest_time": "2026-07-08T04:40:00Z",
    "feature_age_sec": 4786,
    "max_feature_age_sec": 7200,
    "source_fresh": true
  },
  "router": {
    "cmd": "/Library/Frameworks/Python.framework/Versions/3.14/bin/python3 app/stage154_active_shortlist_rule_router.py --root /Users/vahid/Desktop/xauusd-trader --bars /Users/vahid/Downloads/xauusd_fundamental_event_inbox/amarkets_xauusd_5m.csv --score-csv /Users/vahid/Desktop/xauusd-trader/reports/stage150_mtf_separated_validation_discovery/m5/stage150_candidate_scores.csv --risk-summary /Users/vahid/Desktop/xauusd-trader/reports/stage145_clean_ledger_performance_gate/stage145_clean_ledger_performance_gate_summary.json --tf m5 --timeframe-minutes 5 --max-feature-age-sec 7200 --timestamp-shift-hours -3.0 --write-mt5",
    "kv_path": "/Users/vahid/Library/Application Support/net.metaquotes.wine.metatrader5/drive_c/Program Files/MetaTrader 5/MQL5/Files/xauusd_stage155_m5_active_router_rule_state_kv.csv",
    "decision": "STAGE157_GLOBAL_PERFORMANCE_FREEZE_NO_ORDER",
    "any_signal_active": "false",
    "selected_rule_id": "",
    "selected_family_key": "",
    "active_shortlist_count": "94",
    "eligible_shortlist_count": "191",
    "risk_blocked_family_count": "4"
  },
  "stage134": {
    "kv_path": "/Users/vahid/Library/Application Support/net.metaquotes.wine.metatrader5/drive_c/Program Files/MetaTrader 5/MQL5/Files/xauusd_stage134_demo_executor_status_kv.csv",
    "decision": "HOLD_NO_ACTIVE_ALLOWED_RULE",
    "reason": "no active selected rule",
    "feature_date": "2026-07-08T04:40:00Z",
    "signal_fresh": "true",
    "signal_age_sec": "4800",
    "any_signal_active": "false",
    "open_positions": "1",
    "last_success_signal_key": "2026-07-08T04:40:00Z|D150C_M5_ret_6h_bps_GEQ35__trend_50_100_bps_GEQ35",
    "last_attempt_signal_key": "2026-07-08T04:40:00Z|D150C_M5_ret_6h_bps_GEQ35__trend_50_100_bps_GEQ35"
  },
  "commands": [
    {
      "cmd": "/Library/Frameworks/Python.framework/Versions/3.14/bin/python3 app/stage154_active_shortlist_rule_router.py --root /Users/vahid/Desktop/xauusd-trader --bars /Users/vahid/Downloads/xauusd_fundamental_event_inbox/amarkets_xauusd_5m.csv --score-csv /Users/vahid/Desktop/xauusd-trader/reports/stage150_mtf_separated_validation_discovery/m5/stage150_candidate_scores.csv --risk-summary /Users/vahid/Desktop/xauusd-trader/reports/stage145_clean_ledger_performance_gate/stage145_clean_ledger_performance_gate_summary.json --tf m5 --timeframe-minutes 5 --max-feature-age-sec 7200 --timestamp-shift-hours -3.0 --write-mt5",
      "started_utc": "2026-07-08T05:59:46Z",
      "finished_utc": "2026-07-08T05:59:59Z",
      "returncode": 0,
      "stdout_tail": "0_100_bps\\\", \\\"op\\\": \\\">=\\\", \\\"threshold\\\": -14.337320822584214}]\",\n  \"raw_selected_rule_id_before_global_gate\": \"D150C_M5_ret_6h_bps_GEQ35__trend_50_100_bps_GEQ35\",\n  \"raw_selected_label_before_global_gate\": \"m5: ret_6h_bps >= q35 AND trend_50_100_bps >= q35\",\n  \"risk_summary\": \"/Users/vahid/Desktop/xauusd-trader/reports/stage145_clean_ledger_performance_gate/stage145_clean_ledger_performance_gate_summary.json\",\n  \"global_freeze_guard\": true,\n  \"global_gate_freeze_active\": true,\n  \"global_gate_info\": {\n    \"global_gate_freeze_active\": true,\n    \"global_gate_reason\": \"Stage145 aggregate gate requires freeze/repair: gate_decision=STAGE145_FREEZE_REPAIR_RULE_NEGATIVE_EXPECTANCY; recommended_action=FREEZE_CURRENT_RULE_AND_REPAIR_DISCOVERY; severity=HIGH; closed_trade_count=12; total_bps=-9.72; mean_bps=-0.81; win_rate=0.5\",\n    \"global_gate_decision\": \"STAGE145_FREEZE_REPAIR_RULE_NEGATIVE_EXPECTANCY\",\n    \"global_recommended_action\": \"FREEZE_CURRENT_RULE_AND_REPAIR_DISCOVERY\",\n    \"global_severity\": \"HIGH\",\n    \"global_closed_trade_count\": 12,\n    \"global_total_bps\": -9.72,\n    \"global_mean_bps\": -0.81,\n    \"global_win_rate\": 0.5,\n    \"min_global_gate_trades\": 10\n  },\n  \"block_negative_demo_families\": true,\n  \"risk_blocked_family_count\": 4,\n  \"risk_blocked_candidate_count\": 27,\n  \"blocked_family_keys\": [\n    \"D138C_ret_48h_bps__trend_50_100_bps\",\n    \"D150C_M5_ret_12h_bps__trend_50_100_bps\",\n    \"D150C_M5_ret_3h_bps__ret_24h_bps\",\n    \"D150C_M5_trend_8_20_bps__trend_50_100_bps\"\n  ],\n  \"blocked_family_rows\": [\n    {\n      \"family_key\": \"D138C_ret_48h_bps__trend_50_100_bps\",\n      \"closed_trade_count\": 6,\n      \"total_bps\": -1.29,\n      \"mean_bps\": -0.21,\n      \"total_net_profit\": -0.94,\n      \"last_rule_id\": \"D138C_ret_48h_bps_GEQ65__trend_50_100_bps_LEQ65\",\n      \"last_outcome\": \"PROFIT\"\n    },\n    {\n      \"family_key\": \"D150C_M5_ret_12h_bps__trend_50_100_bps\",\n      \"closed_trade_count\": 1,\n      \"total_bps\": -57.1,\n      \"mean_bps\": -57.1,\n      \"total_net_profit\": -23.65,\n      \"last_rule_id\": \"D150C_M5_ret_12h_bps_GEQ35__trend_50_100_bps_GEQ35\",\n      \"last_outcome\": \"LOSS\"\n    },\n    {\n      \"family_key\": \"D150C_M5_ret_3h_bps__ret_24h_bps\",\n      \"closed_trade_count\": 1,\n      \"total_bps\": -19.35,\n      \"mean_bps\": -19.35,\n      \"total_net_profit\": -8.72,\n      \"last_rule_id\": \"D150C_M5_ret_3h_bps_GEQ65__ret_24h_bps_GEQ35\",\n      \"last_outcome\": \"LOSS\"\n    },\n    {\n      \"family_key\": \"D150C_M5_trend_8_20_bps__trend_50_100_bps\",\n      \"closed_trade_count\": 1,\n      \"total_bps\": -50.52,\n      \"mean_bps\": -50.52,\n      \"total_net_profit\": -21.22,\n      \"last_rule_id\": \"D150C_M5_trend_8_20_bps_GEQ65__trend_50_100_bps_GEQ35\",\n      \"last_outcome\": \"LOSS\"\n    }\n  ],\n  \"repo_kv\": \"/Users/vahid/Desktop/xauusd-trader/data/demo_execution/xauusd_stage155_m5_active_router_rule_state_kv.csv\",\n  \"repo_latest\": \"/Users/vahid/Desktop/xauusd-trader/data/demo_execution/xauusd_stage155_m5_active_router_rule_state_latest.csv\",\n  \"mt5_kv_written\": true,\n  \"mt5_kv\": \"/Users/vahid/Library/Application Support/net.metaquotes.wine.metatrader5/drive_c/Program Files/MetaTrader 5/MQL5/Files/xauusd_stage155_m5_active_router_rule_state_kv.csv\",\n  \"mt5_latest\": \"/Users/vahid/Library/Application Support/net.metaquotes.wine.metatrader5/drive_c/Program Files/MetaTrader 5/MQL5/Files/xauusd_stage155_m5_active_router_rule_state_latest.csv\",\n  \"stage134_instruction\": {\n    \"InpRuleStateKvFile\": \"xauusd_stage155_m5_active_router_rule_state_kv.csv\",\n    \"InpAllowedRules\": \"all\",\n    \"keep_InpEnableDemoOrders\": \"true only on demo account\"\n  },\n  \"summary_json\": \"/Users/vahid/Desktop/xauusd-trader/reports/stage155_active_router_demo_risk_guard/m5/stage155_active_router_demo_risk_guard_summary.json\",\n  \"next\": [\n    \"Use this Stage157-hardened router behind Stage156; it preserves Stage155 KV filename so Stage134 input does not need to change.\",\n    \"If global_gate_freeze_active is true, keep demo orders blocked and repair discovery before re-enabling routing.\"\n  ]\n}\n",
      "stderr_tail": ""
    }
  ],
  "next": [
    "If classification is NO_ACTIVE_RULE, keep Stage155 running and do not patch unless inactivity is commercially unacceptable over a defined window.",
    "If classification is SOURCE_STALE or BLOCKED_STALE, update the M5 CSV and run this unifier again.",
    "Use --db-update-command only after identifying the repo's current AMarkets DB updater command."
  ]
}
{
  "stage": "Stage156_OPERATIONAL_UNIFIER",
  "generated_utc": "2026-07-08T06:05:03Z",
  "status": "STAGE156_COMPLETE_OPERATIONAL_UNIFIER_READY",
  "classification": "POSITION_OPEN",
  "reason": "Stage134 sees an open position; duplicate orders correctly blocked.",
  "root": "/Users/vahid/Desktop/xauusd-trader",
  "mt5_files": "/Users/vahid/Library/Application Support/net.metaquotes.wine.metatrader5/drive_c/Program Files/MetaTrader 5/MQL5/Files",
  "source": {
    "bars_m5": "/Users/vahid/Downloads/xauusd_fundamental_event_inbox/amarkets_xauusd_5m.csv",
    "exists": true,
    "row_count_including_header_if_any": 318862,
    "last_line": "2026.07.08\t07:40:00\t4125.25\t4125.65\t4121.97\t4123.09\t307\t0\t36",
    "raw_latest_time": "2026-07-08T07:40:00Z",
    "timestamp_shift_hours": -3.0,
    "normalized_latest_time": "2026-07-08T04:40:00Z",
    "feature_age_sec": 5104,
    "max_feature_age_sec": 7200,
    "source_fresh": true
  },
  "router": {
    "cmd": "/Library/Frameworks/Python.framework/Versions/3.14/bin/python3 app/stage154_active_shortlist_rule_router.py --root /Users/vahid/Desktop/xauusd-trader --bars /Users/vahid/Downloads/xauusd_fundamental_event_inbox/amarkets_xauusd_5m.csv --score-csv /Users/vahid/Desktop/xauusd-trader/reports/stage150_mtf_separated_validation_discovery/m5/stage150_candidate_scores.csv --risk-summary /Users/vahid/Desktop/xauusd-trader/reports/stage145_clean_ledger_performance_gate/stage145_clean_ledger_performance_gate_summary.json --tf m5 --timeframe-minutes 5 --max-feature-age-sec 7200 --timestamp-shift-hours -3.0 --write-mt5",
    "kv_path": "/Users/vahid/Library/Application Support/net.metaquotes.wine.metatrader5/drive_c/Program Files/MetaTrader 5/MQL5/Files/xauusd_stage155_m5_active_router_rule_state_kv.csv",
    "decision": "STAGE157_GLOBAL_PERFORMANCE_FREEZE_NO_ORDER",
    "any_signal_active": "false",
    "selected_rule_id": "",
    "selected_family_key": "",
    "active_shortlist_count": "94",
    "eligible_shortlist_count": "191",
    "risk_blocked_family_count": "4"
  },
  "stage134": {
    "kv_path": "/Users/vahid/Library/Application Support/net.metaquotes.wine.metatrader5/drive_c/Program Files/MetaTrader 5/MQL5/Files/xauusd_stage134_demo_executor_status_kv.csv",
    "decision": "HOLD_NO_ACTIVE_ALLOWED_RULE",
    "reason": "no active selected rule",
    "feature_date": "2026-07-08T04:40:00Z",
    "signal_fresh": "true",
    "signal_age_sec": "5130",
    "any_signal_active": "false",
    "open_positions": "1",
    "last_success_signal_key": "2026-07-08T04:40:00Z|D150C_M5_ret_6h_bps_GEQ35__trend_50_100_bps_GEQ35",
    "last_attempt_signal_key": "2026-07-08T04:40:00Z|D150C_M5_ret_6h_bps_GEQ35__trend_50_100_bps_GEQ35"
  },
  "commands": [
    {
      "cmd": "/Library/Frameworks/Python.framework/Versions/3.14/bin/python3 app/stage154_active_shortlist_rule_router.py --root /Users/vahid/Desktop/xauusd-trader --bars /Users/vahid/Downloads/xauusd_fundamental_event_inbox/amarkets_xauusd_5m.csv --score-csv /Users/vahid/Desktop/xauusd-trader/reports/stage150_mtf_separated_validation_discovery/m5/stage150_candidate_scores.csv --risk-summary /Users/vahid/Desktop/xauusd-trader/reports/stage145_clean_ledger_performance_gate/stage145_clean_ledger_performance_gate_summary.json --tf m5 --timeframe-minutes 5 --max-feature-age-sec 7200 --timestamp-shift-hours -3.0 --write-mt5",
      "started_utc": "2026-07-08T06:05:04Z",
      "finished_utc": "2026-07-08T06:05:38Z",
      "returncode": 0,
      "stdout_tail": "0_100_bps\\\", \\\"op\\\": \\\">=\\\", \\\"threshold\\\": -14.337320822584214}]\",\n  \"raw_selected_rule_id_before_global_gate\": \"D150C_M5_ret_6h_bps_GEQ35__trend_50_100_bps_GEQ35\",\n  \"raw_selected_label_before_global_gate\": \"m5: ret_6h_bps >= q35 AND trend_50_100_bps >= q35\",\n  \"risk_summary\": \"/Users/vahid/Desktop/xauusd-trader/reports/stage145_clean_ledger_performance_gate/stage145_clean_ledger_performance_gate_summary.json\",\n  \"global_freeze_guard\": true,\n  \"global_gate_freeze_active\": true,\n  \"global_gate_info\": {\n    \"global_gate_freeze_active\": true,\n    \"global_gate_reason\": \"Stage145 aggregate gate requires freeze/repair: gate_decision=STAGE145_FREEZE_REPAIR_RULE_NEGATIVE_EXPECTANCY; recommended_action=FREEZE_CURRENT_RULE_AND_REPAIR_DISCOVERY; severity=HIGH; closed_trade_count=12; total_bps=-9.72; mean_bps=-0.81; win_rate=0.5\",\n    \"global_gate_decision\": \"STAGE145_FREEZE_REPAIR_RULE_NEGATIVE_EXPECTANCY\",\n    \"global_recommended_action\": \"FREEZE_CURRENT_RULE_AND_REPAIR_DISCOVERY\",\n    \"global_severity\": \"HIGH\",\n    \"global_closed_trade_count\": 12,\n    \"global_total_bps\": -9.72,\n    \"global_mean_bps\": -0.81,\n    \"global_win_rate\": 0.5,\n    \"min_global_gate_trades\": 10\n  },\n  \"block_negative_demo_families\": true,\n  \"risk_blocked_family_count\": 4,\n  \"risk_blocked_candidate_count\": 27,\n  \"blocked_family_keys\": [\n    \"D138C_ret_48h_bps__trend_50_100_bps\",\n    \"D150C_M5_ret_12h_bps__trend_50_100_bps\",\n    \"D150C_M5_ret_3h_bps__ret_24h_bps\",\n    \"D150C_M5_trend_8_20_bps__trend_50_100_bps\"\n  ],\n  \"blocked_family_rows\": [\n    {\n      \"family_key\": \"D138C_ret_48h_bps__trend_50_100_bps\",\n      \"closed_trade_count\": 6,\n      \"total_bps\": -1.29,\n      \"mean_bps\": -0.21,\n      \"total_net_profit\": -0.94,\n      \"last_rule_id\": \"D138C_ret_48h_bps_GEQ65__trend_50_100_bps_LEQ65\",\n      \"last_outcome\": \"PROFIT\"\n    },\n    {\n      \"family_key\": \"D150C_M5_ret_12h_bps__trend_50_100_bps\",\n      \"closed_trade_count\": 1,\n      \"total_bps\": -57.1,\n      \"mean_bps\": -57.1,\n      \"total_net_profit\": -23.65,\n      \"last_rule_id\": \"D150C_M5_ret_12h_bps_GEQ35__trend_50_100_bps_GEQ35\",\n      \"last_outcome\": \"LOSS\"\n    },\n    {\n      \"family_key\": \"D150C_M5_ret_3h_bps__ret_24h_bps\",\n      \"closed_trade_count\": 1,\n      \"total_bps\": -19.35,\n      \"mean_bps\": -19.35,\n      \"total_net_profit\": -8.72,\n      \"last_rule_id\": \"D150C_M5_ret_3h_bps_GEQ65__ret_24h_bps_GEQ35\",\n      \"last_outcome\": \"LOSS\"\n    },\n    {\n      \"family_key\": \"D150C_M5_trend_8_20_bps__trend_50_100_bps\",\n      \"closed_trade_count\": 1,\n      \"total_bps\": -50.52,\n      \"mean_bps\": -50.52,\n      \"total_net_profit\": -21.22,\n      \"last_rule_id\": \"D150C_M5_trend_8_20_bps_GEQ65__trend_50_100_bps_GEQ35\",\n      \"last_outcome\": \"LOSS\"\n    }\n  ],\n  \"repo_kv\": \"/Users/vahid/Desktop/xauusd-trader/data/demo_execution/xauusd_stage155_m5_active_router_rule_state_kv.csv\",\n  \"repo_latest\": \"/Users/vahid/Desktop/xauusd-trader/data/demo_execution/xauusd_stage155_m5_active_router_rule_state_latest.csv\",\n  \"mt5_kv_written\": true,\n  \"mt5_kv\": \"/Users/vahid/Library/Application Support/net.metaquotes.wine.metatrader5/drive_c/Program Files/MetaTrader 5/MQL5/Files/xauusd_stage155_m5_active_router_rule_state_kv.csv\",\n  \"mt5_latest\": \"/Users/vahid/Library/Application Support/net.metaquotes.wine.metatrader5/drive_c/Program Files/MetaTrader 5/MQL5/Files/xauusd_stage155_m5_active_router_rule_state_latest.csv\",\n  \"stage134_instruction\": {\n    \"InpRuleStateKvFile\": \"xauusd_stage155_m5_active_router_rule_state_kv.csv\",\n    \"InpAllowedRules\": \"all\",\n    \"keep_InpEnableDemoOrders\": \"true only on demo account\"\n  },\n  \"summary_json\": \"/Users/vahid/Desktop/xauusd-trader/reports/stage155_active_router_demo_risk_guard/m5/stage155_active_router_demo_risk_guard_summary.json\",\n  \"next\": [\n    \"Use this Stage157-hardened router behind Stage156; it preserves Stage155 KV filename so Stage134 input does not need to change.\",\n    \"If global_gate_freeze_active is true, keep demo orders blocked and repair discovery before re-enabling routing.\"\n  ]\n}\n",
      "stderr_tail": ""
    }
  ],
  "next": [
    "If classification is NO_ACTIVE_RULE, keep Stage155 running and do not patch unless inactivity is commercially unacceptable over a defined window.",
    "If classification is SOURCE_STALE or BLOCKED_STALE, update the M5 CSV and run this unifier again.",
    "Use --db-update-command only after identifying the repo's current AMarkets DB updater command."
  ]
}
{
  "stage": "Stage156_OPERATIONAL_UNIFIER",
  "generated_utc": "2026-07-08T06:10:42Z",
  "status": "STAGE156_COMPLETE_OPERATIONAL_UNIFIER_READY",
  "classification": "POSITION_OPEN",
  "reason": "Stage134 sees an open position; duplicate orders correctly blocked.",
  "root": "/Users/vahid/Desktop/xauusd-trader",
  "mt5_files": "/Users/vahid/Library/Application Support/net.metaquotes.wine.metatrader5/drive_c/Program Files/MetaTrader 5/MQL5/Files",
  "source": {
    "bars_m5": "/Users/vahid/Downloads/xauusd_fundamental_event_inbox/amarkets_xauusd_5m.csv",
    "exists": true,
    "row_count_including_header_if_any": 318862,
    "last_line": "2026.07.08\t07:40:00\t4125.25\t4125.65\t4121.97\t4123.09\t307\t0\t36",
    "raw_latest_time": "2026-07-08T07:40:00Z",
    "timestamp_shift_hours": -3.0,
    "normalized_latest_time": "2026-07-08T04:40:00Z",
    "feature_age_sec": 5443,
    "max_feature_age_sec": 7200,
    "source_fresh": true
  },
  "router": {
    "cmd": "/Library/Frameworks/Python.framework/Versions/3.14/bin/python3 app/stage154_active_shortlist_rule_router.py --root /Users/vahid/Desktop/xauusd-trader --bars /Users/vahid/Downloads/xauusd_fundamental_event_inbox/amarkets_xauusd_5m.csv --score-csv /Users/vahid/Desktop/xauusd-trader/reports/stage150_mtf_separated_validation_discovery/m5/stage150_candidate_scores.csv --risk-summary /Users/vahid/Desktop/xauusd-trader/reports/stage145_clean_ledger_performance_gate/stage145_clean_ledger_performance_gate_summary.json --tf m5 --timeframe-minutes 5 --max-feature-age-sec 7200 --timestamp-shift-hours -3.0 --write-mt5",
    "kv_path": "/Users/vahid/Library/Application Support/net.metaquotes.wine.metatrader5/drive_c/Program Files/MetaTrader 5/MQL5/Files/xauusd_stage155_m5_active_router_rule_state_kv.csv",
    "decision": "STAGE157_GLOBAL_PERFORMANCE_FREEZE_NO_ORDER",
    "any_signal_active": "false",
    "selected_rule_id": "",
    "selected_family_key": "",
    "active_shortlist_count": "94",
    "eligible_shortlist_count": "191",
    "risk_blocked_family_count": "4"
  },
  "stage134": {
    "kv_path": "/Users/vahid/Library/Application Support/net.metaquotes.wine.metatrader5/drive_c/Program Files/MetaTrader 5/MQL5/Files/xauusd_stage134_demo_executor_status_kv.csv",
    "decision": "HOLD_NO_ACTIVE_ALLOWED_RULE",
    "reason": "no active selected rule",
    "feature_date": "2026-07-08T04:40:00Z",
    "signal_fresh": "true",
    "signal_age_sec": "5460",
    "any_signal_active": "false",
    "open_positions": "1",
    "last_success_signal_key": "2026-07-08T04:40:00Z|D150C_M5_ret_6h_bps_GEQ35__trend_50_100_bps_GEQ35",
    "last_attempt_signal_key": "2026-07-08T04:40:00Z|D150C_M5_ret_6h_bps_GEQ35__trend_50_100_bps_GEQ35"
  },
  "commands": [
    {
      "cmd": "/Library/Frameworks/Python.framework/Versions/3.14/bin/python3 app/stage154_active_shortlist_rule_router.py --root /Users/vahid/Desktop/xauusd-trader --bars /Users/vahid/Downloads/xauusd_fundamental_event_inbox/amarkets_xauusd_5m.csv --score-csv /Users/vahid/Desktop/xauusd-trader/reports/stage150_mtf_separated_validation_discovery/m5/stage150_candidate_scores.csv --risk-summary /Users/vahid/Desktop/xauusd-trader/reports/stage145_clean_ledger_performance_gate/stage145_clean_ledger_performance_gate_summary.json --tf m5 --timeframe-minutes 5 --max-feature-age-sec 7200 --timestamp-shift-hours -3.0 --write-mt5",
      "started_utc": "2026-07-08T06:10:43Z",
      "finished_utc": "2026-07-08T06:11:07Z",
      "returncode": 0,
      "stdout_tail": "0_100_bps\\\", \\\"op\\\": \\\">=\\\", \\\"threshold\\\": -14.337320822584214}]\",\n  \"raw_selected_rule_id_before_global_gate\": \"D150C_M5_ret_6h_bps_GEQ35__trend_50_100_bps_GEQ35\",\n  \"raw_selected_label_before_global_gate\": \"m5: ret_6h_bps >= q35 AND trend_50_100_bps >= q35\",\n  \"risk_summary\": \"/Users/vahid/Desktop/xauusd-trader/reports/stage145_clean_ledger_performance_gate/stage145_clean_ledger_performance_gate_summary.json\",\n  \"global_freeze_guard\": true,\n  \"global_gate_freeze_active\": true,\n  \"global_gate_info\": {\n    \"global_gate_freeze_active\": true,\n    \"global_gate_reason\": \"Stage145 aggregate gate requires freeze/repair: gate_decision=STAGE145_FREEZE_REPAIR_RULE_NEGATIVE_EXPECTANCY; recommended_action=FREEZE_CURRENT_RULE_AND_REPAIR_DISCOVERY; severity=HIGH; closed_trade_count=12; total_bps=-9.72; mean_bps=-0.81; win_rate=0.5\",\n    \"global_gate_decision\": \"STAGE145_FREEZE_REPAIR_RULE_NEGATIVE_EXPECTANCY\",\n    \"global_recommended_action\": \"FREEZE_CURRENT_RULE_AND_REPAIR_DISCOVERY\",\n    \"global_severity\": \"HIGH\",\n    \"global_closed_trade_count\": 12,\n    \"global_total_bps\": -9.72,\n    \"global_mean_bps\": -0.81,\n    \"global_win_rate\": 0.5,\n    \"min_global_gate_trades\": 10\n  },\n  \"block_negative_demo_families\": true,\n  \"risk_blocked_family_count\": 4,\n  \"risk_blocked_candidate_count\": 27,\n  \"blocked_family_keys\": [\n    \"D138C_ret_48h_bps__trend_50_100_bps\",\n    \"D150C_M5_ret_12h_bps__trend_50_100_bps\",\n    \"D150C_M5_ret_3h_bps__ret_24h_bps\",\n    \"D150C_M5_trend_8_20_bps__trend_50_100_bps\"\n  ],\n  \"blocked_family_rows\": [\n    {\n      \"family_key\": \"D138C_ret_48h_bps__trend_50_100_bps\",\n      \"closed_trade_count\": 6,\n      \"total_bps\": -1.29,\n      \"mean_bps\": -0.21,\n      \"total_net_profit\": -0.94,\n      \"last_rule_id\": \"D138C_ret_48h_bps_GEQ65__trend_50_100_bps_LEQ65\",\n      \"last_outcome\": \"PROFIT\"\n    },\n    {\n      \"family_key\": \"D150C_M5_ret_12h_bps__trend_50_100_bps\",\n      \"closed_trade_count\": 1,\n      \"total_bps\": -57.1,\n      \"mean_bps\": -57.1,\n      \"total_net_profit\": -23.65,\n      \"last_rule_id\": \"D150C_M5_ret_12h_bps_GEQ35__trend_50_100_bps_GEQ35\",\n      \"last_outcome\": \"LOSS\"\n    },\n    {\n      \"family_key\": \"D150C_M5_ret_3h_bps__ret_24h_bps\",\n      \"closed_trade_count\": 1,\n      \"total_bps\": -19.35,\n      \"mean_bps\": -19.35,\n      \"total_net_profit\": -8.72,\n      \"last_rule_id\": \"D150C_M5_ret_3h_bps_GEQ65__ret_24h_bps_GEQ35\",\n      \"last_outcome\": \"LOSS\"\n    },\n    {\n      \"family_key\": \"D150C_M5_trend_8_20_bps__trend_50_100_bps\",\n      \"closed_trade_count\": 1,\n      \"total_bps\": -50.52,\n      \"mean_bps\": -50.52,\n      \"total_net_profit\": -21.22,\n      \"last_rule_id\": \"D150C_M5_trend_8_20_bps_GEQ65__trend_50_100_bps_GEQ35\",\n      \"last_outcome\": \"LOSS\"\n    }\n  ],\n  \"repo_kv\": \"/Users/vahid/Desktop/xauusd-trader/data/demo_execution/xauusd_stage155_m5_active_router_rule_state_kv.csv\",\n  \"repo_latest\": \"/Users/vahid/Desktop/xauusd-trader/data/demo_execution/xauusd_stage155_m5_active_router_rule_state_latest.csv\",\n  \"mt5_kv_written\": true,\n  \"mt5_kv\": \"/Users/vahid/Library/Application Support/net.metaquotes.wine.metatrader5/drive_c/Program Files/MetaTrader 5/MQL5/Files/xauusd_stage155_m5_active_router_rule_state_kv.csv\",\n  \"mt5_latest\": \"/Users/vahid/Library/Application Support/net.metaquotes.wine.metatrader5/drive_c/Program Files/MetaTrader 5/MQL5/Files/xauusd_stage155_m5_active_router_rule_state_latest.csv\",\n  \"stage134_instruction\": {\n    \"InpRuleStateKvFile\": \"xauusd_stage155_m5_active_router_rule_state_kv.csv\",\n    \"InpAllowedRules\": \"all\",\n    \"keep_InpEnableDemoOrders\": \"true only on demo account\"\n  },\n  \"summary_json\": \"/Users/vahid/Desktop/xauusd-trader/reports/stage155_active_router_demo_risk_guard/m5/stage155_active_router_demo_risk_guard_summary.json\",\n  \"next\": [\n    \"Use this Stage157-hardened router behind Stage156; it preserves Stage155 KV filename so Stage134 input does not need to change.\",\n    \"If global_gate_freeze_active is true, keep demo orders blocked and repair discovery before re-enabling routing.\"\n  ]\n}\n",
      "stderr_tail": ""
    }
  ],
  "next": [
    "If classification is NO_ACTIVE_RULE, keep Stage155 running and do not patch unless inactivity is commercially unacceptable over a defined window.",
    "If classification is SOURCE_STALE or BLOCKED_STALE, update the M5 CSV and run this unifier again.",
    "Use --db-update-command only after identifying the repo's current AMarkets DB updater command."
  ]
}
{
  "stage": "Stage156_OPERATIONAL_UNIFIER",
  "generated_utc": "2026-07-08T06:16:11Z",
  "status": "STAGE156_COMPLETE_OPERATIONAL_UNIFIER_READY",
  "classification": "POSITION_OPEN",
  "reason": "Stage134 sees an open position; duplicate orders correctly blocked.",
  "root": "/Users/vahid/Desktop/xauusd-trader",
  "mt5_files": "/Users/vahid/Library/Application Support/net.metaquotes.wine.metatrader5/drive_c/Program Files/MetaTrader 5/MQL5/Files",
  "source": {
    "bars_m5": "/Users/vahid/Downloads/xauusd_fundamental_event_inbox/amarkets_xauusd_5m.csv",
    "exists": true,
    "row_count_including_header_if_any": 318862,
    "last_line": "2026.07.08\t07:40:00\t4125.25\t4125.65\t4121.97\t4123.09\t307\t0\t36",
    "raw_latest_time": "2026-07-08T07:40:00Z",
    "timestamp_shift_hours": -3.0,
    "normalized_latest_time": "2026-07-08T04:40:00Z",
    "feature_age_sec": 5771,
    "max_feature_age_sec": 7200,
    "source_fresh": true
  },
  "router": {
    "cmd": "/Library/Frameworks/Python.framework/Versions/3.14/bin/python3 app/stage154_active_shortlist_rule_router.py --root /Users/vahid/Desktop/xauusd-trader --bars /Users/vahid/Downloads/xauusd_fundamental_event_inbox/amarkets_xauusd_5m.csv --score-csv /Users/vahid/Desktop/xauusd-trader/reports/stage150_mtf_separated_validation_discovery/m5/stage150_candidate_scores.csv --risk-summary /Users/vahid/Desktop/xauusd-trader/reports/stage145_clean_ledger_performance_gate/stage145_clean_ledger_performance_gate_summary.json --tf m5 --timeframe-minutes 5 --max-feature-age-sec 7200 --timestamp-shift-hours -3.0 --write-mt5",
    "kv_path": "/Users/vahid/Library/Application Support/net.metaquotes.wine.metatrader5/drive_c/Program Files/MetaTrader 5/MQL5/Files/xauusd_stage155_m5_active_router_rule_state_kv.csv",
    "decision": "STAGE157_GLOBAL_PERFORMANCE_FREEZE_NO_ORDER",
    "any_signal_active": "false",
    "selected_rule_id": "",
    "selected_family_key": "",
    "active_shortlist_count": "94",
    "eligible_shortlist_count": "191",
    "risk_blocked_family_count": "4"
  },
  "stage134": {
    "kv_path": "/Users/vahid/Library/Application Support/net.metaquotes.wine.metatrader5/drive_c/Program Files/MetaTrader 5/MQL5/Files/xauusd_stage134_demo_executor_status_kv.csv",
    "decision": "HOLD_NO_ACTIVE_ALLOWED_RULE",
    "reason": "no active selected rule",
    "feature_date": "2026-07-08T04:40:00Z",
    "signal_fresh": "true",
    "signal_age_sec": "5791",
    "any_signal_active": "false",
    "open_positions": "1",
    "last_success_signal_key": "2026-07-08T04:40:00Z|D150C_M5_ret_6h_bps_GEQ35__trend_50_100_bps_GEQ35",
    "last_attempt_signal_key": "2026-07-08T04:40:00Z|D150C_M5_ret_6h_bps_GEQ35__trend_50_100_bps_GEQ35"
  },
  "commands": [
    {
      "cmd": "/Library/Frameworks/Python.framework/Versions/3.14/bin/python3 app/stage154_active_shortlist_rule_router.py --root /Users/vahid/Desktop/xauusd-trader --bars /Users/vahid/Downloads/xauusd_fundamental_event_inbox/amarkets_xauusd_5m.csv --score-csv /Users/vahid/Desktop/xauusd-trader/reports/stage150_mtf_separated_validation_discovery/m5/stage150_candidate_scores.csv --risk-summary /Users/vahid/Desktop/xauusd-trader/reports/stage145_clean_ledger_performance_gate/stage145_clean_ledger_performance_gate_summary.json --tf m5 --timeframe-minutes 5 --max-feature-age-sec 7200 --timestamp-shift-hours -3.0 --write-mt5",
      "started_utc": "2026-07-08T06:16:11Z",
      "finished_utc": "2026-07-08T06:16:30Z",
      "returncode": 0,
      "stdout_tail": "0_100_bps\\\", \\\"op\\\": \\\">=\\\", \\\"threshold\\\": -14.337320822584214}]\",\n  \"raw_selected_rule_id_before_global_gate\": \"D150C_M5_ret_6h_bps_GEQ35__trend_50_100_bps_GEQ35\",\n  \"raw_selected_label_before_global_gate\": \"m5: ret_6h_bps >= q35 AND trend_50_100_bps >= q35\",\n  \"risk_summary\": \"/Users/vahid/Desktop/xauusd-trader/reports/stage145_clean_ledger_performance_gate/stage145_clean_ledger_performance_gate_summary.json\",\n  \"global_freeze_guard\": true,\n  \"global_gate_freeze_active\": true,\n  \"global_gate_info\": {\n    \"global_gate_freeze_active\": true,\n    \"global_gate_reason\": \"Stage145 aggregate gate requires freeze/repair: gate_decision=STAGE145_FREEZE_REPAIR_RULE_NEGATIVE_EXPECTANCY; recommended_action=FREEZE_CURRENT_RULE_AND_REPAIR_DISCOVERY; severity=HIGH; closed_trade_count=12; total_bps=-9.72; mean_bps=-0.81; win_rate=0.5\",\n    \"global_gate_decision\": \"STAGE145_FREEZE_REPAIR_RULE_NEGATIVE_EXPECTANCY\",\n    \"global_recommended_action\": \"FREEZE_CURRENT_RULE_AND_REPAIR_DISCOVERY\",\n    \"global_severity\": \"HIGH\",\n    \"global_closed_trade_count\": 12,\n    \"global_total_bps\": -9.72,\n    \"global_mean_bps\": -0.81,\n    \"global_win_rate\": 0.5,\n    \"min_global_gate_trades\": 10\n  },\n  \"block_negative_demo_families\": true,\n  \"risk_blocked_family_count\": 4,\n  \"risk_blocked_candidate_count\": 27,\n  \"blocked_family_keys\": [\n    \"D138C_ret_48h_bps__trend_50_100_bps\",\n    \"D150C_M5_ret_12h_bps__trend_50_100_bps\",\n    \"D150C_M5_ret_3h_bps__ret_24h_bps\",\n    \"D150C_M5_trend_8_20_bps__trend_50_100_bps\"\n  ],\n  \"blocked_family_rows\": [\n    {\n      \"family_key\": \"D138C_ret_48h_bps__trend_50_100_bps\",\n      \"closed_trade_count\": 6,\n      \"total_bps\": -1.29,\n      \"mean_bps\": -0.21,\n      \"total_net_profit\": -0.94,\n      \"last_rule_id\": \"D138C_ret_48h_bps_GEQ65__trend_50_100_bps_LEQ65\",\n      \"last_outcome\": \"PROFIT\"\n    },\n    {\n      \"family_key\": \"D150C_M5_ret_12h_bps__trend_50_100_bps\",\n      \"closed_trade_count\": 1,\n      \"total_bps\": -57.1,\n      \"mean_bps\": -57.1,\n      \"total_net_profit\": -23.65,\n      \"last_rule_id\": \"D150C_M5_ret_12h_bps_GEQ35__trend_50_100_bps_GEQ35\",\n      \"last_outcome\": \"LOSS\"\n    },\n    {\n      \"family_key\": \"D150C_M5_ret_3h_bps__ret_24h_bps\",\n      \"closed_trade_count\": 1,\n      \"total_bps\": -19.35,\n      \"mean_bps\": -19.35,\n      \"total_net_profit\": -8.72,\n      \"last_rule_id\": \"D150C_M5_ret_3h_bps_GEQ65__ret_24h_bps_GEQ35\",\n      \"last_outcome\": \"LOSS\"\n    },\n    {\n      \"family_key\": \"D150C_M5_trend_8_20_bps__trend_50_100_bps\",\n      \"closed_trade_count\": 1,\n      \"total_bps\": -50.52,\n      \"mean_bps\": -50.52,\n      \"total_net_profit\": -21.22,\n      \"last_rule_id\": \"D150C_M5_trend_8_20_bps_GEQ65__trend_50_100_bps_GEQ35\",\n      \"last_outcome\": \"LOSS\"\n    }\n  ],\n  \"repo_kv\": \"/Users/vahid/Desktop/xauusd-trader/data/demo_execution/xauusd_stage155_m5_active_router_rule_state_kv.csv\",\n  \"repo_latest\": \"/Users/vahid/Desktop/xauusd-trader/data/demo_execution/xauusd_stage155_m5_active_router_rule_state_latest.csv\",\n  \"mt5_kv_written\": true,\n  \"mt5_kv\": \"/Users/vahid/Library/Application Support/net.metaquotes.wine.metatrader5/drive_c/Program Files/MetaTrader 5/MQL5/Files/xauusd_stage155_m5_active_router_rule_state_kv.csv\",\n  \"mt5_latest\": \"/Users/vahid/Library/Application Support/net.metaquotes.wine.metatrader5/drive_c/Program Files/MetaTrader 5/MQL5/Files/xauusd_stage155_m5_active_router_rule_state_latest.csv\",\n  \"stage134_instruction\": {\n    \"InpRuleStateKvFile\": \"xauusd_stage155_m5_active_router_rule_state_kv.csv\",\n    \"InpAllowedRules\": \"all\",\n    \"keep_InpEnableDemoOrders\": \"true only on demo account\"\n  },\n  \"summary_json\": \"/Users/vahid/Desktop/xauusd-trader/reports/stage155_active_router_demo_risk_guard/m5/stage155_active_router_demo_risk_guard_summary.json\",\n  \"next\": [\n    \"Use this Stage157-hardened router behind Stage156; it preserves Stage155 KV filename so Stage134 input does not need to change.\",\n    \"If global_gate_freeze_active is true, keep demo orders blocked and repair discovery before re-enabling routing.\"\n  ]\n}\n",
      "stderr_tail": ""
    }
  ],
  "next": [
    "If classification is NO_ACTIVE_RULE, keep Stage155 running and do not patch unless inactivity is commercially unacceptable over a defined window.",
    "If classification is SOURCE_STALE or BLOCKED_STALE, update the M5 CSV and run this unifier again.",
    "Use --db-update-command only after identifying the repo's current AMarkets DB updater command."
  ]
}
{
  "stage": "Stage156_OPERATIONAL_UNIFIER",
  "generated_utc": "2026-07-08T06:21:33Z",
  "status": "STAGE156_COMPLETE_OPERATIONAL_UNIFIER_READY",
  "classification": "POSITION_OPEN",
  "reason": "Stage134 sees an open position; duplicate orders correctly blocked.",
  "root": "/Users/vahid/Desktop/xauusd-trader",
  "mt5_files": "/Users/vahid/Library/Application Support/net.metaquotes.wine.metatrader5/drive_c/Program Files/MetaTrader 5/MQL5/Files",
  "source": {
    "bars_m5": "/Users/vahid/Downloads/xauusd_fundamental_event_inbox/amarkets_xauusd_5m.csv",
    "exists": true,
    "row_count_including_header_if_any": 318862,
    "last_line": "2026.07.08\t07:40:00\t4125.25\t4125.65\t4121.97\t4123.09\t307\t0\t36",
    "raw_latest_time": "2026-07-08T07:40:00Z",
    "timestamp_shift_hours": -3.0,
    "normalized_latest_time": "2026-07-08T04:40:00Z",
    "feature_age_sec": 6094,
    "max_feature_age_sec": 7200,
    "source_fresh": true
  },
  "router": {
    "cmd": "/Library/Frameworks/Python.framework/Versions/3.14/bin/python3 app/stage154_active_shortlist_rule_router.py --root /Users/vahid/Desktop/xauusd-trader --bars /Users/vahid/Downloads/xauusd_fundamental_event_inbox/amarkets_xauusd_5m.csv --score-csv /Users/vahid/Desktop/xauusd-trader/reports/stage150_mtf_separated_validation_discovery/m5/stage150_candidate_scores.csv --risk-summary /Users/vahid/Desktop/xauusd-trader/reports/stage145_clean_ledger_performance_gate/stage145_clean_ledger_performance_gate_summary.json --tf m5 --timeframe-minutes 5 --max-feature-age-sec 7200 --timestamp-shift-hours -3.0 --write-mt5",
    "kv_path": "/Users/vahid/Library/Application Support/net.metaquotes.wine.metatrader5/drive_c/Program Files/MetaTrader 5/MQL5/Files/xauusd_stage155_m5_active_router_rule_state_kv.csv",
    "decision": "STAGE157_GLOBAL_PERFORMANCE_FREEZE_NO_ORDER",
    "any_signal_active": "false",
    "selected_rule_id": "",
    "selected_family_key": "",
    "active_shortlist_count": "94",
    "eligible_shortlist_count": "191",
    "risk_blocked_family_count": "4"
  },
  "stage134": {
    "kv_path": "/Users/vahid/Library/Application Support/net.metaquotes.wine.metatrader5/drive_c/Program Files/MetaTrader 5/MQL5/Files/xauusd_stage134_demo_executor_status_kv.csv",
    "decision": "HOLD_NO_ACTIVE_ALLOWED_RULE",
    "reason": "no active selected rule",
    "feature_date": "2026-07-08T04:40:00Z",
    "signal_fresh": "true",
    "signal_age_sec": "6090",
    "any_signal_active": "false",
    "open_positions": "1",
    "last_success_signal_key": "2026-07-08T04:40:00Z|D150C_M5_ret_6h_bps_GEQ35__trend_50_100_bps_GEQ35",
    "last_attempt_signal_key": "2026-07-08T04:40:00Z|D150C_M5_ret_6h_bps_GEQ35__trend_50_100_bps_GEQ35"
  },
  "commands": [
    {
      "cmd": "/Library/Frameworks/Python.framework/Versions/3.14/bin/python3 app/stage154_active_shortlist_rule_router.py --root /Users/vahid/Desktop/xauusd-trader --bars /Users/vahid/Downloads/xauusd_fundamental_event_inbox/amarkets_xauusd_5m.csv --score-csv /Users/vahid/Desktop/xauusd-trader/reports/stage150_mtf_separated_validation_discovery/m5/stage150_candidate_scores.csv --risk-summary /Users/vahid/Desktop/xauusd-trader/reports/stage145_clean_ledger_performance_gate/stage145_clean_ledger_performance_gate_summary.json --tf m5 --timeframe-minutes 5 --max-feature-age-sec 7200 --timestamp-shift-hours -3.0 --write-mt5",
      "started_utc": "2026-07-08T06:21:34Z",
      "finished_utc": "2026-07-08T06:21:52Z",
      "returncode": 0,
      "stdout_tail": "0_100_bps\\\", \\\"op\\\": \\\">=\\\", \\\"threshold\\\": -14.337320822584214}]\",\n  \"raw_selected_rule_id_before_global_gate\": \"D150C_M5_ret_6h_bps_GEQ35__trend_50_100_bps_GEQ35\",\n  \"raw_selected_label_before_global_gate\": \"m5: ret_6h_bps >= q35 AND trend_50_100_bps >= q35\",\n  \"risk_summary\": \"/Users/vahid/Desktop/xauusd-trader/reports/stage145_clean_ledger_performance_gate/stage145_clean_ledger_performance_gate_summary.json\",\n  \"global_freeze_guard\": true,\n  \"global_gate_freeze_active\": true,\n  \"global_gate_info\": {\n    \"global_gate_freeze_active\": true,\n    \"global_gate_reason\": \"Stage145 aggregate gate requires freeze/repair: gate_decision=STAGE145_FREEZE_REPAIR_RULE_NEGATIVE_EXPECTANCY; recommended_action=FREEZE_CURRENT_RULE_AND_REPAIR_DISCOVERY; severity=HIGH; closed_trade_count=12; total_bps=-9.72; mean_bps=-0.81; win_rate=0.5\",\n    \"global_gate_decision\": \"STAGE145_FREEZE_REPAIR_RULE_NEGATIVE_EXPECTANCY\",\n    \"global_recommended_action\": \"FREEZE_CURRENT_RULE_AND_REPAIR_DISCOVERY\",\n    \"global_severity\": \"HIGH\",\n    \"global_closed_trade_count\": 12,\n    \"global_total_bps\": -9.72,\n    \"global_mean_bps\": -0.81,\n    \"global_win_rate\": 0.5,\n    \"min_global_gate_trades\": 10\n  },\n  \"block_negative_demo_families\": true,\n  \"risk_blocked_family_count\": 4,\n  \"risk_blocked_candidate_count\": 27,\n  \"blocked_family_keys\": [\n    \"D138C_ret_48h_bps__trend_50_100_bps\",\n    \"D150C_M5_ret_12h_bps__trend_50_100_bps\",\n    \"D150C_M5_ret_3h_bps__ret_24h_bps\",\n    \"D150C_M5_trend_8_20_bps__trend_50_100_bps\"\n  ],\n  \"blocked_family_rows\": [\n    {\n      \"family_key\": \"D138C_ret_48h_bps__trend_50_100_bps\",\n      \"closed_trade_count\": 6,\n      \"total_bps\": -1.29,\n      \"mean_bps\": -0.21,\n      \"total_net_profit\": -0.94,\n      \"last_rule_id\": \"D138C_ret_48h_bps_GEQ65__trend_50_100_bps_LEQ65\",\n      \"last_outcome\": \"PROFIT\"\n    },\n    {\n      \"family_key\": \"D150C_M5_ret_12h_bps__trend_50_100_bps\",\n      \"closed_trade_count\": 1,\n      \"total_bps\": -57.1,\n      \"mean_bps\": -57.1,\n      \"total_net_profit\": -23.65,\n      \"last_rule_id\": \"D150C_M5_ret_12h_bps_GEQ35__trend_50_100_bps_GEQ35\",\n      \"last_outcome\": \"LOSS\"\n    },\n    {\n      \"family_key\": \"D150C_M5_ret_3h_bps__ret_24h_bps\",\n      \"closed_trade_count\": 1,\n      \"total_bps\": -19.35,\n      \"mean_bps\": -19.35,\n      \"total_net_profit\": -8.72,\n      \"last_rule_id\": \"D150C_M5_ret_3h_bps_GEQ65__ret_24h_bps_GEQ35\",\n      \"last_outcome\": \"LOSS\"\n    },\n    {\n      \"family_key\": \"D150C_M5_trend_8_20_bps__trend_50_100_bps\",\n      \"closed_trade_count\": 1,\n      \"total_bps\": -50.52,\n      \"mean_bps\": -50.52,\n      \"total_net_profit\": -21.22,\n      \"last_rule_id\": \"D150C_M5_trend_8_20_bps_GEQ65__trend_50_100_bps_GEQ35\",\n      \"last_outcome\": \"LOSS\"\n    }\n  ],\n  \"repo_kv\": \"/Users/vahid/Desktop/xauusd-trader/data/demo_execution/xauusd_stage155_m5_active_router_rule_state_kv.csv\",\n  \"repo_latest\": \"/Users/vahid/Desktop/xauusd-trader/data/demo_execution/xauusd_stage155_m5_active_router_rule_state_latest.csv\",\n  \"mt5_kv_written\": true,\n  \"mt5_kv\": \"/Users/vahid/Library/Application Support/net.metaquotes.wine.metatrader5/drive_c/Program Files/MetaTrader 5/MQL5/Files/xauusd_stage155_m5_active_router_rule_state_kv.csv\",\n  \"mt5_latest\": \"/Users/vahid/Library/Application Support/net.metaquotes.wine.metatrader5/drive_c/Program Files/MetaTrader 5/MQL5/Files/xauusd_stage155_m5_active_router_rule_state_latest.csv\",\n  \"stage134_instruction\": {\n    \"InpRuleStateKvFile\": \"xauusd_stage155_m5_active_router_rule_state_kv.csv\",\n    \"InpAllowedRules\": \"all\",\n    \"keep_InpEnableDemoOrders\": \"true only on demo account\"\n  },\n  \"summary_json\": \"/Users/vahid/Desktop/xauusd-trader/reports/stage155_active_router_demo_risk_guard/m5/stage155_active_router_demo_risk_guard_summary.json\",\n  \"next\": [\n    \"Use this Stage157-hardened router behind Stage156; it preserves Stage155 KV filename so Stage134 input does not need to change.\",\n    \"If global_gate_freeze_active is true, keep demo orders blocked and repair discovery before re-enabling routing.\"\n  ]\n}\n",
      "stderr_tail": ""
    }
  ],
  "next": [
    "If classification is NO_ACTIVE_RULE, keep Stage155 running and do not patch unless inactivity is commercially unacceptable over a defined window.",
    "If classification is SOURCE_STALE or BLOCKED_STALE, update the M5 CSV and run this unifier again.",
    "Use --db-update-command only after identifying the repo's current AMarkets DB updater command."
  ]
}
{
  "stage": "Stage156_OPERATIONAL_UNIFIER",
  "generated_utc": "2026-07-08T06:26:55Z",
  "status": "STAGE156_COMPLETE_OPERATIONAL_UNIFIER_READY",
  "classification": "POSITION_OPEN",
  "reason": "Stage134 sees an open position; duplicate orders correctly blocked.",
  "root": "/Users/vahid/Desktop/xauusd-trader",
  "mt5_files": "/Users/vahid/Library/Application Support/net.metaquotes.wine.metatrader5/drive_c/Program Files/MetaTrader 5/MQL5/Files",
  "source": {
    "bars_m5": "/Users/vahid/Downloads/xauusd_fundamental_event_inbox/amarkets_xauusd_5m.csv",
    "exists": true,
    "row_count_including_header_if_any": 318862,
    "last_line": "2026.07.08\t07:40:00\t4125.25\t4125.65\t4121.97\t4123.09\t307\t0\t36",
    "raw_latest_time": "2026-07-08T07:40:00Z",
    "timestamp_shift_hours": -3.0,
    "normalized_latest_time": "2026-07-08T04:40:00Z",
    "feature_age_sec": 6415,
    "max_feature_age_sec": 7200,
    "source_fresh": true
  },
  "router": {
    "cmd": "/Library/Frameworks/Python.framework/Versions/3.14/bin/python3 app/stage154_active_shortlist_rule_router.py --root /Users/vahid/Desktop/xauusd-trader --bars /Users/vahid/Downloads/xauusd_fundamental_event_inbox/amarkets_xauusd_5m.csv --score-csv /Users/vahid/Desktop/xauusd-trader/reports/stage150_mtf_separated_validation_discovery/m5/stage150_candidate_scores.csv --risk-summary /Users/vahid/Desktop/xauusd-trader/reports/stage145_clean_ledger_performance_gate/stage145_clean_ledger_performance_gate_summary.json --tf m5 --timeframe-minutes 5 --max-feature-age-sec 7200 --timestamp-shift-hours -3.0 --write-mt5",
    "kv_path": "/Users/vahid/Library/Application Support/net.metaquotes.wine.metatrader5/drive_c/Program Files/MetaTrader 5/MQL5/Files/xauusd_stage155_m5_active_router_rule_state_kv.csv",
    "decision": "STAGE157_GLOBAL_PERFORMANCE_FREEZE_NO_ORDER",
    "any_signal_active": "false",
    "selected_rule_id": "",
    "selected_family_key": "",
    "active_shortlist_count": "94",
    "eligible_shortlist_count": "191",
    "risk_blocked_family_count": "4"
  },
  "stage134": {
    "kv_path": "/Users/vahid/Library/Application Support/net.metaquotes.wine.metatrader5/drive_c/Program Files/MetaTrader 5/MQL5/Files/xauusd_stage134_demo_executor_status_kv.csv",
    "decision": "HOLD_NO_ACTIVE_ALLOWED_RULE",
    "reason": "no active selected rule",
    "feature_date": "2026-07-08T04:40:00Z",
    "signal_fresh": "true",
    "signal_age_sec": "6420",
    "any_signal_active": "false",
    "open_positions": "1",
    "last_success_signal_key": "2026-07-08T04:40:00Z|D150C_M5_ret_6h_bps_GEQ35__trend_50_100_bps_GEQ35",
    "last_attempt_signal_key": "2026-07-08T04:40:00Z|D150C_M5_ret_6h_bps_GEQ35__trend_50_100_bps_GEQ35"
  },
  "commands": [
    {
      "cmd": "/Library/Frameworks/Python.framework/Versions/3.14/bin/python3 app/stage154_active_shortlist_rule_router.py --root /Users/vahid/Desktop/xauusd-trader --bars /Users/vahid/Downloads/xauusd_fundamental_event_inbox/amarkets_xauusd_5m.csv --score-csv /Users/vahid/Desktop/xauusd-trader/reports/stage150_mtf_separated_validation_discovery/m5/stage150_candidate_scores.csv --risk-summary /Users/vahid/Desktop/xauusd-trader/reports/stage145_clean_ledger_performance_gate/stage145_clean_ledger_performance_gate_summary.json --tf m5 --timeframe-minutes 5 --max-feature-age-sec 7200 --timestamp-shift-hours -3.0 --write-mt5",
      "started_utc": "2026-07-08T06:26:55Z",
      "finished_utc": "2026-07-08T06:27:07Z",
      "returncode": 0,
      "stdout_tail": "0_100_bps\\\", \\\"op\\\": \\\">=\\\", \\\"threshold\\\": -14.337320822584214}]\",\n  \"raw_selected_rule_id_before_global_gate\": \"D150C_M5_ret_6h_bps_GEQ35__trend_50_100_bps_GEQ35\",\n  \"raw_selected_label_before_global_gate\": \"m5: ret_6h_bps >= q35 AND trend_50_100_bps >= q35\",\n  \"risk_summary\": \"/Users/vahid/Desktop/xauusd-trader/reports/stage145_clean_ledger_performance_gate/stage145_clean_ledger_performance_gate_summary.json\",\n  \"global_freeze_guard\": true,\n  \"global_gate_freeze_active\": true,\n  \"global_gate_info\": {\n    \"global_gate_freeze_active\": true,\n    \"global_gate_reason\": \"Stage145 aggregate gate requires freeze/repair: gate_decision=STAGE145_FREEZE_REPAIR_RULE_NEGATIVE_EXPECTANCY; recommended_action=FREEZE_CURRENT_RULE_AND_REPAIR_DISCOVERY; severity=HIGH; closed_trade_count=12; total_bps=-9.72; mean_bps=-0.81; win_rate=0.5\",\n    \"global_gate_decision\": \"STAGE145_FREEZE_REPAIR_RULE_NEGATIVE_EXPECTANCY\",\n    \"global_recommended_action\": \"FREEZE_CURRENT_RULE_AND_REPAIR_DISCOVERY\",\n    \"global_severity\": \"HIGH\",\n    \"global_closed_trade_count\": 12,\n    \"global_total_bps\": -9.72,\n    \"global_mean_bps\": -0.81,\n    \"global_win_rate\": 0.5,\n    \"min_global_gate_trades\": 10\n  },\n  \"block_negative_demo_families\": true,\n  \"risk_blocked_family_count\": 4,\n  \"risk_blocked_candidate_count\": 27,\n  \"blocked_family_keys\": [\n    \"D138C_ret_48h_bps__trend_50_100_bps\",\n    \"D150C_M5_ret_12h_bps__trend_50_100_bps\",\n    \"D150C_M5_ret_3h_bps__ret_24h_bps\",\n    \"D150C_M5_trend_8_20_bps__trend_50_100_bps\"\n  ],\n  \"blocked_family_rows\": [\n    {\n      \"family_key\": \"D138C_ret_48h_bps__trend_50_100_bps\",\n      \"closed_trade_count\": 6,\n      \"total_bps\": -1.29,\n      \"mean_bps\": -0.21,\n      \"total_net_profit\": -0.94,\n      \"last_rule_id\": \"D138C_ret_48h_bps_GEQ65__trend_50_100_bps_LEQ65\",\n      \"last_outcome\": \"PROFIT\"\n    },\n    {\n      \"family_key\": \"D150C_M5_ret_12h_bps__trend_50_100_bps\",\n      \"closed_trade_count\": 1,\n      \"total_bps\": -57.1,\n      \"mean_bps\": -57.1,\n      \"total_net_profit\": -23.65,\n      \"last_rule_id\": \"D150C_M5_ret_12h_bps_GEQ35__trend_50_100_bps_GEQ35\",\n      \"last_outcome\": \"LOSS\"\n    },\n    {\n      \"family_key\": \"D150C_M5_ret_3h_bps__ret_24h_bps\",\n      \"closed_trade_count\": 1,\n      \"total_bps\": -19.35,\n      \"mean_bps\": -19.35,\n      \"total_net_profit\": -8.72,\n      \"last_rule_id\": \"D150C_M5_ret_3h_bps_GEQ65__ret_24h_bps_GEQ35\",\n      \"last_outcome\": \"LOSS\"\n    },\n    {\n      \"family_key\": \"D150C_M5_trend_8_20_bps__trend_50_100_bps\",\n      \"closed_trade_count\": 1,\n      \"total_bps\": -50.52,\n      \"mean_bps\": -50.52,\n      \"total_net_profit\": -21.22,\n      \"last_rule_id\": \"D150C_M5_trend_8_20_bps_GEQ65__trend_50_100_bps_GEQ35\",\n      \"last_outcome\": \"LOSS\"\n    }\n  ],\n  \"repo_kv\": \"/Users/vahid/Desktop/xauusd-trader/data/demo_execution/xauusd_stage155_m5_active_router_rule_state_kv.csv\",\n  \"repo_latest\": \"/Users/vahid/Desktop/xauusd-trader/data/demo_execution/xauusd_stage155_m5_active_router_rule_state_latest.csv\",\n  \"mt5_kv_written\": true,\n  \"mt5_kv\": \"/Users/vahid/Library/Application Support/net.metaquotes.wine.metatrader5/drive_c/Program Files/MetaTrader 5/MQL5/Files/xauusd_stage155_m5_active_router_rule_state_kv.csv\",\n  \"mt5_latest\": \"/Users/vahid/Library/Application Support/net.metaquotes.wine.metatrader5/drive_c/Program Files/MetaTrader 5/MQL5/Files/xauusd_stage155_m5_active_router_rule_state_latest.csv\",\n  \"stage134_instruction\": {\n    \"InpRuleStateKvFile\": \"xauusd_stage155_m5_active_router_rule_state_kv.csv\",\n    \"InpAllowedRules\": \"all\",\n    \"keep_InpEnableDemoOrders\": \"true only on demo account\"\n  },\n  \"summary_json\": \"/Users/vahid/Desktop/xauusd-trader/reports/stage155_active_router_demo_risk_guard/m5/stage155_active_router_demo_risk_guard_summary.json\",\n  \"next\": [\n    \"Use this Stage157-hardened router behind Stage156; it preserves Stage155 KV filename so Stage134 input does not need to change.\",\n    \"If global_gate_freeze_active is true, keep demo orders blocked and repair discovery before re-enabling routing.\"\n  ]\n}\n",
      "stderr_tail": ""
    }
  ],
  "next": [
    "If classification is NO_ACTIVE_RULE, keep Stage155 running and do not patch unless inactivity is commercially unacceptable over a defined window.",
    "If classification is SOURCE_STALE or BLOCKED_STALE, update the M5 CSV and run this unifier again.",
    "Use --db-update-command only after identifying the repo's current AMarkets DB updater command."
  ]
}
{
  "stage": "Stage156_OPERATIONAL_UNIFIER",
  "generated_utc": "2026-07-08T06:32:10Z",
  "status": "STAGE156_COMPLETE_OPERATIONAL_UNIFIER_READY",
  "classification": "POSITION_OPEN",
  "reason": "Stage134 sees an open position; duplicate orders correctly blocked.",
  "root": "/Users/vahid/Desktop/xauusd-trader",
  "mt5_files": "/Users/vahid/Library/Application Support/net.metaquotes.wine.metatrader5/drive_c/Program Files/MetaTrader 5/MQL5/Files",
  "source": {
    "bars_m5": "/Users/vahid/Downloads/xauusd_fundamental_event_inbox/amarkets_xauusd_5m.csv",
    "exists": true,
    "row_count_including_header_if_any": 318862,
    "last_line": "2026.07.08\t07:40:00\t4125.25\t4125.65\t4121.97\t4123.09\t307\t0\t36",
    "raw_latest_time": "2026-07-08T07:40:00Z",
    "timestamp_shift_hours": -3.0,
    "normalized_latest_time": "2026-07-08T04:40:00Z",
    "feature_age_sec": 6731,
    "max_feature_age_sec": 7200,
    "source_fresh": true
  },
  "router": {
    "cmd": "/Library/Frameworks/Python.framework/Versions/3.14/bin/python3 app/stage154_active_shortlist_rule_router.py --root /Users/vahid/Desktop/xauusd-trader --bars /Users/vahid/Downloads/xauusd_fundamental_event_inbox/amarkets_xauusd_5m.csv --score-csv /Users/vahid/Desktop/xauusd-trader/reports/stage150_mtf_separated_validation_discovery/m5/stage150_candidate_scores.csv --risk-summary /Users/vahid/Desktop/xauusd-trader/reports/stage145_clean_ledger_performance_gate/stage145_clean_ledger_performance_gate_summary.json --tf m5 --timeframe-minutes 5 --max-feature-age-sec 7200 --timestamp-shift-hours -3.0 --write-mt5",
    "kv_path": "/Users/vahid/Library/Application Support/net.metaquotes.wine.metatrader5/drive_c/Program Files/MetaTrader 5/MQL5/Files/xauusd_stage155_m5_active_router_rule_state_kv.csv",
    "decision": "STAGE157_GLOBAL_PERFORMANCE_FREEZE_NO_ORDER",
    "any_signal_active": "false",
    "selected_rule_id": "",
    "selected_family_key": "",
    "active_shortlist_count": "94",
    "eligible_shortlist_count": "191",
    "risk_blocked_family_count": "4"
  },
  "stage134": {
    "kv_path": "/Users/vahid/Library/Application Support/net.metaquotes.wine.metatrader5/drive_c/Program Files/MetaTrader 5/MQL5/Files/xauusd_stage134_demo_executor_status_kv.csv",
    "decision": "HOLD_NO_ACTIVE_ALLOWED_RULE",
    "reason": "no active selected rule",
    "feature_date": "2026-07-08T04:40:00Z",
    "signal_fresh": "true",
    "signal_age_sec": "6751",
    "any_signal_active": "false",
    "open_positions": "1",
    "last_success_signal_key": "2026-07-08T04:40:00Z|D150C_M5_ret_6h_bps_GEQ35__trend_50_100_bps_GEQ35",
    "last_attempt_signal_key": "2026-07-08T04:40:00Z|D150C_M5_ret_6h_bps_GEQ35__trend_50_100_bps_GEQ35"
  },
  "commands": [
    {
      "cmd": "/Library/Frameworks/Python.framework/Versions/3.14/bin/python3 app/stage154_active_shortlist_rule_router.py --root /Users/vahid/Desktop/xauusd-trader --bars /Users/vahid/Downloads/xauusd_fundamental_event_inbox/amarkets_xauusd_5m.csv --score-csv /Users/vahid/Desktop/xauusd-trader/reports/stage150_mtf_separated_validation_discovery/m5/stage150_candidate_scores.csv --risk-summary /Users/vahid/Desktop/xauusd-trader/reports/stage145_clean_ledger_performance_gate/stage145_clean_ledger_performance_gate_summary.json --tf m5 --timeframe-minutes 5 --max-feature-age-sec 7200 --timestamp-shift-hours -3.0 --write-mt5",
      "started_utc": "2026-07-08T06:32:11Z",
      "finished_utc": "2026-07-08T06:32:30Z",
      "returncode": 0,
      "stdout_tail": "0_100_bps\\\", \\\"op\\\": \\\">=\\\", \\\"threshold\\\": -14.337320822584214}]\",\n  \"raw_selected_rule_id_before_global_gate\": \"D150C_M5_ret_6h_bps_GEQ35__trend_50_100_bps_GEQ35\",\n  \"raw_selected_label_before_global_gate\": \"m5: ret_6h_bps >= q35 AND trend_50_100_bps >= q35\",\n  \"risk_summary\": \"/Users/vahid/Desktop/xauusd-trader/reports/stage145_clean_ledger_performance_gate/stage145_clean_ledger_performance_gate_summary.json\",\n  \"global_freeze_guard\": true,\n  \"global_gate_freeze_active\": true,\n  \"global_gate_info\": {\n    \"global_gate_freeze_active\": true,\n    \"global_gate_reason\": \"Stage145 aggregate gate requires freeze/repair: gate_decision=STAGE145_FREEZE_REPAIR_RULE_NEGATIVE_EXPECTANCY; recommended_action=FREEZE_CURRENT_RULE_AND_REPAIR_DISCOVERY; severity=HIGH; closed_trade_count=12; total_bps=-9.72; mean_bps=-0.81; win_rate=0.5\",\n    \"global_gate_decision\": \"STAGE145_FREEZE_REPAIR_RULE_NEGATIVE_EXPECTANCY\",\n    \"global_recommended_action\": \"FREEZE_CURRENT_RULE_AND_REPAIR_DISCOVERY\",\n    \"global_severity\": \"HIGH\",\n    \"global_closed_trade_count\": 12,\n    \"global_total_bps\": -9.72,\n    \"global_mean_bps\": -0.81,\n    \"global_win_rate\": 0.5,\n    \"min_global_gate_trades\": 10\n  },\n  \"block_negative_demo_families\": true,\n  \"risk_blocked_family_count\": 4,\n  \"risk_blocked_candidate_count\": 27,\n  \"blocked_family_keys\": [\n    \"D138C_ret_48h_bps__trend_50_100_bps\",\n    \"D150C_M5_ret_12h_bps__trend_50_100_bps\",\n    \"D150C_M5_ret_3h_bps__ret_24h_bps\",\n    \"D150C_M5_trend_8_20_bps__trend_50_100_bps\"\n  ],\n  \"blocked_family_rows\": [\n    {\n      \"family_key\": \"D138C_ret_48h_bps__trend_50_100_bps\",\n      \"closed_trade_count\": 6,\n      \"total_bps\": -1.29,\n      \"mean_bps\": -0.21,\n      \"total_net_profit\": -0.94,\n      \"last_rule_id\": \"D138C_ret_48h_bps_GEQ65__trend_50_100_bps_LEQ65\",\n      \"last_outcome\": \"PROFIT\"\n    },\n    {\n      \"family_key\": \"D150C_M5_ret_12h_bps__trend_50_100_bps\",\n      \"closed_trade_count\": 1,\n      \"total_bps\": -57.1,\n      \"mean_bps\": -57.1,\n      \"total_net_profit\": -23.65,\n      \"last_rule_id\": \"D150C_M5_ret_12h_bps_GEQ35__trend_50_100_bps_GEQ35\",\n      \"last_outcome\": \"LOSS\"\n    },\n    {\n      \"family_key\": \"D150C_M5_ret_3h_bps__ret_24h_bps\",\n      \"closed_trade_count\": 1,\n      \"total_bps\": -19.35,\n      \"mean_bps\": -19.35,\n      \"total_net_profit\": -8.72,\n      \"last_rule_id\": \"D150C_M5_ret_3h_bps_GEQ65__ret_24h_bps_GEQ35\",\n      \"last_outcome\": \"LOSS\"\n    },\n    {\n      \"family_key\": \"D150C_M5_trend_8_20_bps__trend_50_100_bps\",\n      \"closed_trade_count\": 1,\n      \"total_bps\": -50.52,\n      \"mean_bps\": -50.52,\n      \"total_net_profit\": -21.22,\n      \"last_rule_id\": \"D150C_M5_trend_8_20_bps_GEQ65__trend_50_100_bps_GEQ35\",\n      \"last_outcome\": \"LOSS\"\n    }\n  ],\n  \"repo_kv\": \"/Users/vahid/Desktop/xauusd-trader/data/demo_execution/xauusd_stage155_m5_active_router_rule_state_kv.csv\",\n  \"repo_latest\": \"/Users/vahid/Desktop/xauusd-trader/data/demo_execution/xauusd_stage155_m5_active_router_rule_state_latest.csv\",\n  \"mt5_kv_written\": true,\n  \"mt5_kv\": \"/Users/vahid/Library/Application Support/net.metaquotes.wine.metatrader5/drive_c/Program Files/MetaTrader 5/MQL5/Files/xauusd_stage155_m5_active_router_rule_state_kv.csv\",\n  \"mt5_latest\": \"/Users/vahid/Library/Application Support/net.metaquotes.wine.metatrader5/drive_c/Program Files/MetaTrader 5/MQL5/Files/xauusd_stage155_m5_active_router_rule_state_latest.csv\",\n  \"stage134_instruction\": {\n    \"InpRuleStateKvFile\": \"xauusd_stage155_m5_active_router_rule_state_kv.csv\",\n    \"InpAllowedRules\": \"all\",\n    \"keep_InpEnableDemoOrders\": \"true only on demo account\"\n  },\n  \"summary_json\": \"/Users/vahid/Desktop/xauusd-trader/reports/stage155_active_router_demo_risk_guard/m5/stage155_active_router_demo_risk_guard_summary.json\",\n  \"next\": [\n    \"Use this Stage157-hardened router behind Stage156; it preserves Stage155 KV filename so Stage134 input does not need to change.\",\n    \"If global_gate_freeze_active is true, keep demo orders blocked and repair discovery before re-enabling routing.\"\n  ]\n}\n",
      "stderr_tail": ""
    }
  ],
  "next": [
    "If classification is NO_ACTIVE_RULE, keep Stage155 running and do not patch unless inactivity is commercially unacceptable over a defined window.",
    "If classification is SOURCE_STALE or BLOCKED_STALE, update the M5 CSV and run this unifier again.",
    "Use --db-update-command only after identifying the repo's current AMarkets DB updater command."
  ]
}
{
  "stage": "Stage156_OPERATIONAL_UNIFIER",
  "generated_utc": "2026-07-08T06:37:33Z",
  "status": "STAGE156_COMPLETE_OPERATIONAL_UNIFIER_READY",
  "classification": "POSITION_OPEN",
  "reason": "Stage134 sees an open position; duplicate orders correctly blocked.",
  "root": "/Users/vahid/Desktop/xauusd-trader",
  "mt5_files": "/Users/vahid/Library/Application Support/net.metaquotes.wine.metatrader5/drive_c/Program Files/MetaTrader 5/MQL5/Files",
  "source": {
    "bars_m5": "/Users/vahid/Downloads/xauusd_fundamental_event_inbox/amarkets_xauusd_5m.csv",
    "exists": true,
    "row_count_including_header_if_any": 318862,
    "last_line": "2026.07.08\t07:40:00\t4125.25\t4125.65\t4121.97\t4123.09\t307\t0\t36",
    "raw_latest_time": "2026-07-08T07:40:00Z",
    "timestamp_shift_hours": -3.0,
    "normalized_latest_time": "2026-07-08T04:40:00Z",
    "feature_age_sec": 7053,
    "max_feature_age_sec": 7200,
    "source_fresh": true
  },
  "router": {
    "cmd": "/Library/Frameworks/Python.framework/Versions/3.14/bin/python3 app/stage154_active_shortlist_rule_router.py --root /Users/vahid/Desktop/xauusd-trader --bars /Users/vahid/Downloads/xauusd_fundamental_event_inbox/amarkets_xauusd_5m.csv --score-csv /Users/vahid/Desktop/xauusd-trader/reports/stage150_mtf_separated_validation_discovery/m5/stage150_candidate_scores.csv --risk-summary /Users/vahid/Desktop/xauusd-trader/reports/stage145_clean_ledger_performance_gate/stage145_clean_ledger_performance_gate_summary.json --tf m5 --timeframe-minutes 5 --max-feature-age-sec 7200 --timestamp-shift-hours -3.0 --write-mt5",
    "kv_path": "/Users/vahid/Library/Application Support/net.metaquotes.wine.metatrader5/drive_c/Program Files/MetaTrader 5/MQL5/Files/xauusd_stage155_m5_active_router_rule_state_kv.csv",
    "decision": "STAGE157_GLOBAL_PERFORMANCE_FREEZE_NO_ORDER",
    "any_signal_active": "false",
    "selected_rule_id": "",
    "selected_family_key": "",
    "active_shortlist_count": "94",
    "eligible_shortlist_count": "191",
    "risk_blocked_family_count": "4"
  },
  "stage134": {
    "kv_path": "/Users/vahid/Library/Application Support/net.metaquotes.wine.metatrader5/drive_c/Program Files/MetaTrader 5/MQL5/Files/xauusd_stage134_demo_executor_status_kv.csv",
    "decision": "HOLD_NO_ACTIVE_ALLOWED_RULE",
    "reason": "no active selected rule",
    "feature_date": "2026-07-08T04:40:00Z",
    "signal_fresh": "true",
    "signal_age_sec": "7053",
    "any_signal_active": "false",
    "open_positions": "1",
    "last_success_signal_key": "2026-07-08T04:40:00Z|D150C_M5_ret_6h_bps_GEQ35__trend_50_100_bps_GEQ35",
    "last_attempt_signal_key": "2026-07-08T04:40:00Z|D150C_M5_ret_6h_bps_GEQ35__trend_50_100_bps_GEQ35"
  },
  "commands": [
    {
      "cmd": "/Library/Frameworks/Python.framework/Versions/3.14/bin/python3 app/stage154_active_shortlist_rule_router.py --root /Users/vahid/Desktop/xauusd-trader --bars /Users/vahid/Downloads/xauusd_fundamental_event_inbox/amarkets_xauusd_5m.csv --score-csv /Users/vahid/Desktop/xauusd-trader/reports/stage150_mtf_separated_validation_discovery/m5/stage150_candidate_scores.csv --risk-summary /Users/vahid/Desktop/xauusd-trader/reports/stage145_clean_ledger_performance_gate/stage145_clean_ledger_performance_gate_summary.json --tf m5 --timeframe-minutes 5 --max-feature-age-sec 7200 --timestamp-shift-hours -3.0 --write-mt5",
      "started_utc": "2026-07-08T06:37:33Z",
      "finished_utc": "2026-07-08T06:37:44Z",
      "returncode": 0,
      "stdout_tail": "0_100_bps\\\", \\\"op\\\": \\\">=\\\", \\\"threshold\\\": -14.337320822584214}]\",\n  \"raw_selected_rule_id_before_global_gate\": \"D150C_M5_ret_6h_bps_GEQ35__trend_50_100_bps_GEQ35\",\n  \"raw_selected_label_before_global_gate\": \"m5: ret_6h_bps >= q35 AND trend_50_100_bps >= q35\",\n  \"risk_summary\": \"/Users/vahid/Desktop/xauusd-trader/reports/stage145_clean_ledger_performance_gate/stage145_clean_ledger_performance_gate_summary.json\",\n  \"global_freeze_guard\": true,\n  \"global_gate_freeze_active\": true,\n  \"global_gate_info\": {\n    \"global_gate_freeze_active\": true,\n    \"global_gate_reason\": \"Stage145 aggregate gate requires freeze/repair: gate_decision=STAGE145_FREEZE_REPAIR_RULE_NEGATIVE_EXPECTANCY; recommended_action=FREEZE_CURRENT_RULE_AND_REPAIR_DISCOVERY; severity=HIGH; closed_trade_count=12; total_bps=-9.72; mean_bps=-0.81; win_rate=0.5\",\n    \"global_gate_decision\": \"STAGE145_FREEZE_REPAIR_RULE_NEGATIVE_EXPECTANCY\",\n    \"global_recommended_action\": \"FREEZE_CURRENT_RULE_AND_REPAIR_DISCOVERY\",\n    \"global_severity\": \"HIGH\",\n    \"global_closed_trade_count\": 12,\n    \"global_total_bps\": -9.72,\n    \"global_mean_bps\": -0.81,\n    \"global_win_rate\": 0.5,\n    \"min_global_gate_trades\": 10\n  },\n  \"block_negative_demo_families\": true,\n  \"risk_blocked_family_count\": 4,\n  \"risk_blocked_candidate_count\": 27,\n  \"blocked_family_keys\": [\n    \"D138C_ret_48h_bps__trend_50_100_bps\",\n    \"D150C_M5_ret_12h_bps__trend_50_100_bps\",\n    \"D150C_M5_ret_3h_bps__ret_24h_bps\",\n    \"D150C_M5_trend_8_20_bps__trend_50_100_bps\"\n  ],\n  \"blocked_family_rows\": [\n    {\n      \"family_key\": \"D138C_ret_48h_bps__trend_50_100_bps\",\n      \"closed_trade_count\": 6,\n      \"total_bps\": -1.29,\n      \"mean_bps\": -0.21,\n      \"total_net_profit\": -0.94,\n      \"last_rule_id\": \"D138C_ret_48h_bps_GEQ65__trend_50_100_bps_LEQ65\",\n      \"last_outcome\": \"PROFIT\"\n    },\n    {\n      \"family_key\": \"D150C_M5_ret_12h_bps__trend_50_100_bps\",\n      \"closed_trade_count\": 1,\n      \"total_bps\": -57.1,\n      \"mean_bps\": -57.1,\n      \"total_net_profit\": -23.65,\n      \"last_rule_id\": \"D150C_M5_ret_12h_bps_GEQ35__trend_50_100_bps_GEQ35\",\n      \"last_outcome\": \"LOSS\"\n    },\n    {\n      \"family_key\": \"D150C_M5_ret_3h_bps__ret_24h_bps\",\n      \"closed_trade_count\": 1,\n      \"total_bps\": -19.35,\n      \"mean_bps\": -19.35,\n      \"total_net_profit\": -8.72,\n      \"last_rule_id\": \"D150C_M5_ret_3h_bps_GEQ65__ret_24h_bps_GEQ35\",\n      \"last_outcome\": \"LOSS\"\n    },\n    {\n      \"family_key\": \"D150C_M5_trend_8_20_bps__trend_50_100_bps\",\n      \"closed_trade_count\": 1,\n      \"total_bps\": -50.52,\n      \"mean_bps\": -50.52,\n      \"total_net_profit\": -21.22,\n      \"last_rule_id\": \"D150C_M5_trend_8_20_bps_GEQ65__trend_50_100_bps_GEQ35\",\n      \"last_outcome\": \"LOSS\"\n    }\n  ],\n  \"repo_kv\": \"/Users/vahid/Desktop/xauusd-trader/data/demo_execution/xauusd_stage155_m5_active_router_rule_state_kv.csv\",\n  \"repo_latest\": \"/Users/vahid/Desktop/xauusd-trader/data/demo_execution/xauusd_stage155_m5_active_router_rule_state_latest.csv\",\n  \"mt5_kv_written\": true,\n  \"mt5_kv\": \"/Users/vahid/Library/Application Support/net.metaquotes.wine.metatrader5/drive_c/Program Files/MetaTrader 5/MQL5/Files/xauusd_stage155_m5_active_router_rule_state_kv.csv\",\n  \"mt5_latest\": \"/Users/vahid/Library/Application Support/net.metaquotes.wine.metatrader5/drive_c/Program Files/MetaTrader 5/MQL5/Files/xauusd_stage155_m5_active_router_rule_state_latest.csv\",\n  \"stage134_instruction\": {\n    \"InpRuleStateKvFile\": \"xauusd_stage155_m5_active_router_rule_state_kv.csv\",\n    \"InpAllowedRules\": \"all\",\n    \"keep_InpEnableDemoOrders\": \"true only on demo account\"\n  },\n  \"summary_json\": \"/Users/vahid/Desktop/xauusd-trader/reports/stage155_active_router_demo_risk_guard/m5/stage155_active_router_demo_risk_guard_summary.json\",\n  \"next\": [\n    \"Use this Stage157-hardened router behind Stage156; it preserves Stage155 KV filename so Stage134 input does not need to change.\",\n    \"If global_gate_freeze_active is true, keep demo orders blocked and repair discovery before re-enabling routing.\"\n  ]\n}\n",
      "stderr_tail": ""
    }
  ],
  "next": [
    "If classification is NO_ACTIVE_RULE, keep Stage155 running and do not patch unless inactivity is commercially unacceptable over a defined window.",
    "If classification is SOURCE_STALE or BLOCKED_STALE, update the M5 CSV and run this unifier again.",
    "Use --db-update-command only after identifying the repo's current AMarkets DB updater command."
  ]
}
{
  "stage": "Stage156_OPERATIONAL_UNIFIER",
  "generated_utc": "2026-07-08T06:42:47Z",
  "status": "STAGE156_COMPLETE_OPERATIONAL_UNIFIER_READY",
  "classification": "BLOCKED_STALE",
  "reason": "Stage134 blocked because feature_date is stale; update source CSV or ensure router scheduler is running.",
  "root": "/Users/vahid/Desktop/xauusd-trader",
  "mt5_files": "/Users/vahid/Library/Application Support/net.metaquotes.wine.metatrader5/drive_c/Program Files/MetaTrader 5/MQL5/Files",
  "source": {
    "bars_m5": "/Users/vahid/Downloads/xauusd_fundamental_event_inbox/amarkets_xauusd_5m.csv",
    "exists": true,
    "row_count_including_header_if_any": 318862,
    "last_line": "2026.07.08\t07:40:00\t4125.25\t4125.65\t4121.97\t4123.09\t307\t0\t36",
    "raw_latest_time": "2026-07-08T07:40:00Z",
    "timestamp_shift_hours": -3.0,
    "normalized_latest_time": "2026-07-08T04:40:00Z",
    "feature_age_sec": 7368,
    "max_feature_age_sec": 7200,
    "source_fresh": false
  },
  "router": {
    "cmd": "/Library/Frameworks/Python.framework/Versions/3.14/bin/python3 app/stage154_active_shortlist_rule_router.py --root /Users/vahid/Desktop/xauusd-trader --bars /Users/vahid/Downloads/xauusd_fundamental_event_inbox/amarkets_xauusd_5m.csv --score-csv /Users/vahid/Desktop/xauusd-trader/reports/stage150_mtf_separated_validation_discovery/m5/stage150_candidate_scores.csv --risk-summary /Users/vahid/Desktop/xauusd-trader/reports/stage145_clean_ledger_performance_gate/stage145_clean_ledger_performance_gate_summary.json --tf m5 --timeframe-minutes 5 --max-feature-age-sec 7200 --timestamp-shift-hours -3.0 --write-mt5",
    "kv_path": "/Users/vahid/Library/Application Support/net.metaquotes.wine.metatrader5/drive_c/Program Files/MetaTrader 5/MQL5/Files/xauusd_stage155_m5_active_router_rule_state_kv.csv",
    "decision": "STAGE157_GLOBAL_PERFORMANCE_FREEZE_NO_ORDER",
    "any_signal_active": "false",
    "selected_rule_id": "",
    "selected_family_key": "",
    "active_shortlist_count": "94",
    "eligible_shortlist_count": "191",
    "risk_blocked_family_count": "4"
  },
  "stage134": {
    "kv_path": "/Users/vahid/Library/Application Support/net.metaquotes.wine.metatrader5/drive_c/Program Files/MetaTrader 5/MQL5/Files/xauusd_stage134_demo_executor_status_kv.csv",
    "decision": "BLOCKED_SIGNAL_STALE",
    "reason": "feature_date is stale/missing/unparseable; freshness is based on feature_date UTC, not file modified time",
    "feature_date": "2026-07-08T04:40:00Z",
    "signal_fresh": "false",
    "signal_age_sec": "7386",
    "any_signal_active": "false",
    "open_positions": "1",
    "last_success_signal_key": "2026-07-08T04:40:00Z|D150C_M5_ret_6h_bps_GEQ35__trend_50_100_bps_GEQ35",
    "last_attempt_signal_key": "2026-07-08T04:40:00Z|D150C_M5_ret_6h_bps_GEQ35__trend_50_100_bps_GEQ35"
  },
  "commands": [
    {
      "cmd": "/Library/Frameworks/Python.framework/Versions/3.14/bin/python3 app/stage154_active_shortlist_rule_router.py --root /Users/vahid/Desktop/xauusd-trader --bars /Users/vahid/Downloads/xauusd_fundamental_event_inbox/amarkets_xauusd_5m.csv --score-csv /Users/vahid/Desktop/xauusd-trader/reports/stage150_mtf_separated_validation_discovery/m5/stage150_candidate_scores.csv --risk-summary /Users/vahid/Desktop/xauusd-trader/reports/stage145_clean_ledger_performance_gate/stage145_clean_ledger_performance_gate_summary.json --tf m5 --timeframe-minutes 5 --max-feature-age-sec 7200 --timestamp-shift-hours -3.0 --write-mt5",
      "started_utc": "2026-07-08T06:42:48Z",
      "finished_utc": "2026-07-08T06:43:15Z",
      "returncode": 0,
      "stdout_tail": "0_100_bps\\\", \\\"op\\\": \\\">=\\\", \\\"threshold\\\": -14.337320822584214}]\",\n  \"raw_selected_rule_id_before_global_gate\": \"D150C_M5_ret_6h_bps_GEQ35__trend_50_100_bps_GEQ35\",\n  \"raw_selected_label_before_global_gate\": \"m5: ret_6h_bps >= q35 AND trend_50_100_bps >= q35\",\n  \"risk_summary\": \"/Users/vahid/Desktop/xauusd-trader/reports/stage145_clean_ledger_performance_gate/stage145_clean_ledger_performance_gate_summary.json\",\n  \"global_freeze_guard\": true,\n  \"global_gate_freeze_active\": true,\n  \"global_gate_info\": {\n    \"global_gate_freeze_active\": true,\n    \"global_gate_reason\": \"Stage145 aggregate gate requires freeze/repair: gate_decision=STAGE145_FREEZE_REPAIR_RULE_NEGATIVE_EXPECTANCY; recommended_action=FREEZE_CURRENT_RULE_AND_REPAIR_DISCOVERY; severity=HIGH; closed_trade_count=12; total_bps=-9.72; mean_bps=-0.81; win_rate=0.5\",\n    \"global_gate_decision\": \"STAGE145_FREEZE_REPAIR_RULE_NEGATIVE_EXPECTANCY\",\n    \"global_recommended_action\": \"FREEZE_CURRENT_RULE_AND_REPAIR_DISCOVERY\",\n    \"global_severity\": \"HIGH\",\n    \"global_closed_trade_count\": 12,\n    \"global_total_bps\": -9.72,\n    \"global_mean_bps\": -0.81,\n    \"global_win_rate\": 0.5,\n    \"min_global_gate_trades\": 10\n  },\n  \"block_negative_demo_families\": true,\n  \"risk_blocked_family_count\": 4,\n  \"risk_blocked_candidate_count\": 27,\n  \"blocked_family_keys\": [\n    \"D138C_ret_48h_bps__trend_50_100_bps\",\n    \"D150C_M5_ret_12h_bps__trend_50_100_bps\",\n    \"D150C_M5_ret_3h_bps__ret_24h_bps\",\n    \"D150C_M5_trend_8_20_bps__trend_50_100_bps\"\n  ],\n  \"blocked_family_rows\": [\n    {\n      \"family_key\": \"D138C_ret_48h_bps__trend_50_100_bps\",\n      \"closed_trade_count\": 6,\n      \"total_bps\": -1.29,\n      \"mean_bps\": -0.21,\n      \"total_net_profit\": -0.94,\n      \"last_rule_id\": \"D138C_ret_48h_bps_GEQ65__trend_50_100_bps_LEQ65\",\n      \"last_outcome\": \"PROFIT\"\n    },\n    {\n      \"family_key\": \"D150C_M5_ret_12h_bps__trend_50_100_bps\",\n      \"closed_trade_count\": 1,\n      \"total_bps\": -57.1,\n      \"mean_bps\": -57.1,\n      \"total_net_profit\": -23.65,\n      \"last_rule_id\": \"D150C_M5_ret_12h_bps_GEQ35__trend_50_100_bps_GEQ35\",\n      \"last_outcome\": \"LOSS\"\n    },\n    {\n      \"family_key\": \"D150C_M5_ret_3h_bps__ret_24h_bps\",\n      \"closed_trade_count\": 1,\n      \"total_bps\": -19.35,\n      \"mean_bps\": -19.35,\n      \"total_net_profit\": -8.72,\n      \"last_rule_id\": \"D150C_M5_ret_3h_bps_GEQ65__ret_24h_bps_GEQ35\",\n      \"last_outcome\": \"LOSS\"\n    },\n    {\n      \"family_key\": \"D150C_M5_trend_8_20_bps__trend_50_100_bps\",\n      \"closed_trade_count\": 1,\n      \"total_bps\": -50.52,\n      \"mean_bps\": -50.52,\n      \"total_net_profit\": -21.22,\n      \"last_rule_id\": \"D150C_M5_trend_8_20_bps_GEQ65__trend_50_100_bps_GEQ35\",\n      \"last_outcome\": \"LOSS\"\n    }\n  ],\n  \"repo_kv\": \"/Users/vahid/Desktop/xauusd-trader/data/demo_execution/xauusd_stage155_m5_active_router_rule_state_kv.csv\",\n  \"repo_latest\": \"/Users/vahid/Desktop/xauusd-trader/data/demo_execution/xauusd_stage155_m5_active_router_rule_state_latest.csv\",\n  \"mt5_kv_written\": true,\n  \"mt5_kv\": \"/Users/vahid/Library/Application Support/net.metaquotes.wine.metatrader5/drive_c/Program Files/MetaTrader 5/MQL5/Files/xauusd_stage155_m5_active_router_rule_state_kv.csv\",\n  \"mt5_latest\": \"/Users/vahid/Library/Application Support/net.metaquotes.wine.metatrader5/drive_c/Program Files/MetaTrader 5/MQL5/Files/xauusd_stage155_m5_active_router_rule_state_latest.csv\",\n  \"stage134_instruction\": {\n    \"InpRuleStateKvFile\": \"xauusd_stage155_m5_active_router_rule_state_kv.csv\",\n    \"InpAllowedRules\": \"all\",\n    \"keep_InpEnableDemoOrders\": \"true only on demo account\"\n  },\n  \"summary_json\": \"/Users/vahid/Desktop/xauusd-trader/reports/stage155_active_router_demo_risk_guard/m5/stage155_active_router_demo_risk_guard_summary.json\",\n  \"next\": [\n    \"Use this Stage157-hardened router behind Stage156; it preserves Stage155 KV filename so Stage134 input does not need to change.\",\n    \"If global_gate_freeze_active is true, keep demo orders blocked and repair discovery before re-enabling routing.\"\n  ]\n}\n",
      "stderr_tail": ""
    }
  ],
  "next": [
    "If classification is NO_ACTIVE_RULE, keep Stage155 running and do not patch unless inactivity is commercially unacceptable over a defined window.",
    "If classification is SOURCE_STALE or BLOCKED_STALE, update the M5 CSV and run this unifier again.",
    "Use --db-update-command only after identifying the repo's current AMarkets DB updater command."
  ]
}
{
  "stage": "Stage156_OPERATIONAL_UNIFIER",
  "generated_utc": "2026-07-08T06:48:18Z",
  "status": "STAGE156_COMPLETE_OPERATIONAL_UNIFIER_READY",
  "classification": "BLOCKED_STALE",
  "reason": "Stage134 blocked because feature_date is stale; update source CSV or ensure router scheduler is running.",
  "root": "/Users/vahid/Desktop/xauusd-trader",
  "mt5_files": "/Users/vahid/Library/Application Support/net.metaquotes.wine.metatrader5/drive_c/Program Files/MetaTrader 5/MQL5/Files",
  "source": {
    "bars_m5": "/Users/vahid/Downloads/xauusd_fundamental_event_inbox/amarkets_xauusd_5m.csv",
    "exists": true,
    "row_count_including_header_if_any": 318862,
    "last_line": "2026.07.08\t07:40:00\t4125.25\t4125.65\t4121.97\t4123.09\t307\t0\t36",
    "raw_latest_time": "2026-07-08T07:40:00Z",
    "timestamp_shift_hours": -3.0,
    "normalized_latest_time": "2026-07-08T04:40:00Z",
    "feature_age_sec": 7698,
    "max_feature_age_sec": 7200,
    "source_fresh": false
  },
  "router": {
    "cmd": "/Library/Frameworks/Python.framework/Versions/3.14/bin/python3 app/stage154_active_shortlist_rule_router.py --root /Users/vahid/Desktop/xauusd-trader --bars /Users/vahid/Downloads/xauusd_fundamental_event_inbox/amarkets_xauusd_5m.csv --score-csv /Users/vahid/Desktop/xauusd-trader/reports/stage150_mtf_separated_validation_discovery/m5/stage150_candidate_scores.csv --risk-summary /Users/vahid/Desktop/xauusd-trader/reports/stage145_clean_ledger_performance_gate/stage145_clean_ledger_performance_gate_summary.json --tf m5 --timeframe-minutes 5 --max-feature-age-sec 7200 --timestamp-shift-hours -3.0 --write-mt5",
    "kv_path": "/Users/vahid/Library/Application Support/net.metaquotes.wine.metatrader5/drive_c/Program Files/MetaTrader 5/MQL5/Files/xauusd_stage155_m5_active_router_rule_state_kv.csv",
    "decision": "STAGE157_GLOBAL_PERFORMANCE_FREEZE_NO_ORDER",
    "any_signal_active": "false",
    "selected_rule_id": "",
    "selected_family_key": "",
    "active_shortlist_count": "94",
    "eligible_shortlist_count": "191",
    "risk_blocked_family_count": "4"
  },
  "stage134": {
    "kv_path": "/Users/vahid/Library/Application Support/net.metaquotes.wine.metatrader5/drive_c/Program Files/MetaTrader 5/MQL5/Files/xauusd_stage134_demo_executor_status_kv.csv",
    "decision": "BLOCKED_SIGNAL_STALE",
    "reason": "feature_date is stale/missing/unparseable; freshness is based on feature_date UTC, not file modified time",
    "feature_date": "2026-07-08T04:40:00Z",
    "signal_fresh": "false",
    "signal_age_sec": "7717",
    "any_signal_active": "false",
    "open_positions": "1",
    "last_success_signal_key": "2026-07-08T04:40:00Z|D150C_M5_ret_6h_bps_GEQ35__trend_50_100_bps_GEQ35",
    "last_attempt_signal_key": "2026-07-08T04:40:00Z|D150C_M5_ret_6h_bps_GEQ35__trend_50_100_bps_GEQ35"
  },
  "commands": [
    {
      "cmd": "/Library/Frameworks/Python.framework/Versions/3.14/bin/python3 app/stage154_active_shortlist_rule_router.py --root /Users/vahid/Desktop/xauusd-trader --bars /Users/vahid/Downloads/xauusd_fundamental_event_inbox/amarkets_xauusd_5m.csv --score-csv /Users/vahid/Desktop/xauusd-trader/reports/stage150_mtf_separated_validation_discovery/m5/stage150_candidate_scores.csv --risk-summary /Users/vahid/Desktop/xauusd-trader/reports/stage145_clean_ledger_performance_gate/stage145_clean_ledger_performance_gate_summary.json --tf m5 --timeframe-minutes 5 --max-feature-age-sec 7200 --timestamp-shift-hours -3.0 --write-mt5",
      "started_utc": "2026-07-08T06:48:18Z",
      "finished_utc": "2026-07-08T06:48:40Z",
      "returncode": 0,
      "stdout_tail": "0_100_bps\\\", \\\"op\\\": \\\">=\\\", \\\"threshold\\\": -14.337320822584214}]\",\n  \"raw_selected_rule_id_before_global_gate\": \"D150C_M5_ret_6h_bps_GEQ35__trend_50_100_bps_GEQ35\",\n  \"raw_selected_label_before_global_gate\": \"m5: ret_6h_bps >= q35 AND trend_50_100_bps >= q35\",\n  \"risk_summary\": \"/Users/vahid/Desktop/xauusd-trader/reports/stage145_clean_ledger_performance_gate/stage145_clean_ledger_performance_gate_summary.json\",\n  \"global_freeze_guard\": true,\n  \"global_gate_freeze_active\": true,\n  \"global_gate_info\": {\n    \"global_gate_freeze_active\": true,\n    \"global_gate_reason\": \"Stage145 aggregate gate requires freeze/repair: gate_decision=STAGE145_FREEZE_REPAIR_RULE_NEGATIVE_EXPECTANCY; recommended_action=FREEZE_CURRENT_RULE_AND_REPAIR_DISCOVERY; severity=HIGH; closed_trade_count=12; total_bps=-9.72; mean_bps=-0.81; win_rate=0.5\",\n    \"global_gate_decision\": \"STAGE145_FREEZE_REPAIR_RULE_NEGATIVE_EXPECTANCY\",\n    \"global_recommended_action\": \"FREEZE_CURRENT_RULE_AND_REPAIR_DISCOVERY\",\n    \"global_severity\": \"HIGH\",\n    \"global_closed_trade_count\": 12,\n    \"global_total_bps\": -9.72,\n    \"global_mean_bps\": -0.81,\n    \"global_win_rate\": 0.5,\n    \"min_global_gate_trades\": 10\n  },\n  \"block_negative_demo_families\": true,\n  \"risk_blocked_family_count\": 4,\n  \"risk_blocked_candidate_count\": 27,\n  \"blocked_family_keys\": [\n    \"D138C_ret_48h_bps__trend_50_100_bps\",\n    \"D150C_M5_ret_12h_bps__trend_50_100_bps\",\n    \"D150C_M5_ret_3h_bps__ret_24h_bps\",\n    \"D150C_M5_trend_8_20_bps__trend_50_100_bps\"\n  ],\n  \"blocked_family_rows\": [\n    {\n      \"family_key\": \"D138C_ret_48h_bps__trend_50_100_bps\",\n      \"closed_trade_count\": 6,\n      \"total_bps\": -1.29,\n      \"mean_bps\": -0.21,\n      \"total_net_profit\": -0.94,\n      \"last_rule_id\": \"D138C_ret_48h_bps_GEQ65__trend_50_100_bps_LEQ65\",\n      \"last_outcome\": \"PROFIT\"\n    },\n    {\n      \"family_key\": \"D150C_M5_ret_12h_bps__trend_50_100_bps\",\n      \"closed_trade_count\": 1,\n      \"total_bps\": -57.1,\n      \"mean_bps\": -57.1,\n      \"total_net_profit\": -23.65,\n      \"last_rule_id\": \"D150C_M5_ret_12h_bps_GEQ35__trend_50_100_bps_GEQ35\",\n      \"last_outcome\": \"LOSS\"\n    },\n    {\n      \"family_key\": \"D150C_M5_ret_3h_bps__ret_24h_bps\",\n      \"closed_trade_count\": 1,\n      \"total_bps\": -19.35,\n      \"mean_bps\": -19.35,\n      \"total_net_profit\": -8.72,\n      \"last_rule_id\": \"D150C_M5_ret_3h_bps_GEQ65__ret_24h_bps_GEQ35\",\n      \"last_outcome\": \"LOSS\"\n    },\n    {\n      \"family_key\": \"D150C_M5_trend_8_20_bps__trend_50_100_bps\",\n      \"closed_trade_count\": 1,\n      \"total_bps\": -50.52,\n      \"mean_bps\": -50.52,\n      \"total_net_profit\": -21.22,\n      \"last_rule_id\": \"D150C_M5_trend_8_20_bps_GEQ65__trend_50_100_bps_GEQ35\",\n      \"last_outcome\": \"LOSS\"\n    }\n  ],\n  \"repo_kv\": \"/Users/vahid/Desktop/xauusd-trader/data/demo_execution/xauusd_stage155_m5_active_router_rule_state_kv.csv\",\n  \"repo_latest\": \"/Users/vahid/Desktop/xauusd-trader/data/demo_execution/xauusd_stage155_m5_active_router_rule_state_latest.csv\",\n  \"mt5_kv_written\": true,\n  \"mt5_kv\": \"/Users/vahid/Library/Application Support/net.metaquotes.wine.metatrader5/drive_c/Program Files/MetaTrader 5/MQL5/Files/xauusd_stage155_m5_active_router_rule_state_kv.csv\",\n  \"mt5_latest\": \"/Users/vahid/Library/Application Support/net.metaquotes.wine.metatrader5/drive_c/Program Files/MetaTrader 5/MQL5/Files/xauusd_stage155_m5_active_router_rule_state_latest.csv\",\n  \"stage134_instruction\": {\n    \"InpRuleStateKvFile\": \"xauusd_stage155_m5_active_router_rule_state_kv.csv\",\n    \"InpAllowedRules\": \"all\",\n    \"keep_InpEnableDemoOrders\": \"true only on demo account\"\n  },\n  \"summary_json\": \"/Users/vahid/Desktop/xauusd-trader/reports/stage155_active_router_demo_risk_guard/m5/stage155_active_router_demo_risk_guard_summary.json\",\n  \"next\": [\n    \"Use this Stage157-hardened router behind Stage156; it preserves Stage155 KV filename so Stage134 input does not need to change.\",\n    \"If global_gate_freeze_active is true, keep demo orders blocked and repair discovery before re-enabling routing.\"\n  ]\n}\n",
      "stderr_tail": ""
    }
  ],
  "next": [
    "If classification is NO_ACTIVE_RULE, keep Stage155 running and do not patch unless inactivity is commercially unacceptable over a defined window.",
    "If classification is SOURCE_STALE or BLOCKED_STALE, update the M5 CSV and run this unifier again.",
    "Use --db-update-command only after identifying the repo's current AMarkets DB updater command."
  ]
}
{
  "stage": "Stage156_OPERATIONAL_UNIFIER",
  "generated_utc": "2026-07-08T06:53:43Z",
  "status": "STAGE156_COMPLETE_OPERATIONAL_UNIFIER_READY",
  "classification": "BLOCKED_STALE",
  "reason": "Stage134 blocked because feature_date is stale; update source CSV or ensure router scheduler is running.",
  "root": "/Users/vahid/Desktop/xauusd-trader",
  "mt5_files": "/Users/vahid/Library/Application Support/net.metaquotes.wine.metatrader5/drive_c/Program Files/MetaTrader 5/MQL5/Files",
  "source": {
    "bars_m5": "/Users/vahid/Downloads/xauusd_fundamental_event_inbox/amarkets_xauusd_5m.csv",
    "exists": true,
    "row_count_including_header_if_any": 318862,
    "last_line": "2026.07.08\t07:40:00\t4125.25\t4125.65\t4121.97\t4123.09\t307\t0\t36",
    "raw_latest_time": "2026-07-08T07:40:00Z",
    "timestamp_shift_hours": -3.0,
    "normalized_latest_time": "2026-07-08T04:40:00Z",
    "feature_age_sec": 8024,
    "max_feature_age_sec": 7200,
    "source_fresh": false
  },
  "router": {
    "cmd": "/Library/Frameworks/Python.framework/Versions/3.14/bin/python3 app/stage154_active_shortlist_rule_router.py --root /Users/vahid/Desktop/xauusd-trader --bars /Users/vahid/Downloads/xauusd_fundamental_event_inbox/amarkets_xauusd_5m.csv --score-csv /Users/vahid/Desktop/xauusd-trader/reports/stage150_mtf_separated_validation_discovery/m5/stage150_candidate_scores.csv --risk-summary /Users/vahid/Desktop/xauusd-trader/reports/stage145_clean_ledger_performance_gate/stage145_clean_ledger_performance_gate_summary.json --tf m5 --timeframe-minutes 5 --max-feature-age-sec 7200 --timestamp-shift-hours -3.0 --write-mt5",
    "kv_path": "/Users/vahid/Library/Application Support/net.metaquotes.wine.metatrader5/drive_c/Program Files/MetaTrader 5/MQL5/Files/xauusd_stage155_m5_active_router_rule_state_kv.csv",
    "decision": "STAGE157_GLOBAL_PERFORMANCE_FREEZE_NO_ORDER",
    "any_signal_active": "false",
    "selected_rule_id": "",
    "selected_family_key": "",
    "active_shortlist_count": "94",
    "eligible_shortlist_count": "191",
    "risk_blocked_family_count": "4"
  },
  "stage134": {
    "kv_path": "/Users/vahid/Library/Application Support/net.metaquotes.wine.metatrader5/drive_c/Program Files/MetaTrader 5/MQL5/Files/xauusd_stage134_demo_executor_status_kv.csv",
    "decision": "BLOCKED_SIGNAL_STALE",
    "reason": "feature_date is stale/missing/unparseable; freshness is based on feature_date UTC, not file modified time",
    "feature_date": "2026-07-08T04:40:00Z",
    "signal_fresh": "false",
    "signal_age_sec": "8040",
    "any_signal_active": "false",
    "open_positions": "1",
    "last_success_signal_key": "2026-07-08T04:40:00Z|D150C_M5_ret_6h_bps_GEQ35__trend_50_100_bps_GEQ35",
    "last_attempt_signal_key": "2026-07-08T04:40:00Z|D150C_M5_ret_6h_bps_GEQ35__trend_50_100_bps_GEQ35"
  },
  "commands": [
    {
      "cmd": "/Library/Frameworks/Python.framework/Versions/3.14/bin/python3 app/stage154_active_shortlist_rule_router.py --root /Users/vahid/Desktop/xauusd-trader --bars /Users/vahid/Downloads/xauusd_fundamental_event_inbox/amarkets_xauusd_5m.csv --score-csv /Users/vahid/Desktop/xauusd-trader/reports/stage150_mtf_separated_validation_discovery/m5/stage150_candidate_scores.csv --risk-summary /Users/vahid/Desktop/xauusd-trader/reports/stage145_clean_ledger_performance_gate/stage145_clean_ledger_performance_gate_summary.json --tf m5 --timeframe-minutes 5 --max-feature-age-sec 7200 --timestamp-shift-hours -3.0 --write-mt5",
      "started_utc": "2026-07-08T06:53:44Z",
      "finished_utc": "2026-07-08T06:54:04Z",
      "returncode": 0,
      "stdout_tail": "0_100_bps\\\", \\\"op\\\": \\\">=\\\", \\\"threshold\\\": -14.337320822584214}]\",\n  \"raw_selected_rule_id_before_global_gate\": \"D150C_M5_ret_6h_bps_GEQ35__trend_50_100_bps_GEQ35\",\n  \"raw_selected_label_before_global_gate\": \"m5: ret_6h_bps >= q35 AND trend_50_100_bps >= q35\",\n  \"risk_summary\": \"/Users/vahid/Desktop/xauusd-trader/reports/stage145_clean_ledger_performance_gate/stage145_clean_ledger_performance_gate_summary.json\",\n  \"global_freeze_guard\": true,\n  \"global_gate_freeze_active\": true,\n  \"global_gate_info\": {\n    \"global_gate_freeze_active\": true,\n    \"global_gate_reason\": \"Stage145 aggregate gate requires freeze/repair: gate_decision=STAGE145_FREEZE_REPAIR_RULE_NEGATIVE_EXPECTANCY; recommended_action=FREEZE_CURRENT_RULE_AND_REPAIR_DISCOVERY; severity=HIGH; closed_trade_count=12; total_bps=-9.72; mean_bps=-0.81; win_rate=0.5\",\n    \"global_gate_decision\": \"STAGE145_FREEZE_REPAIR_RULE_NEGATIVE_EXPECTANCY\",\n    \"global_recommended_action\": \"FREEZE_CURRENT_RULE_AND_REPAIR_DISCOVERY\",\n    \"global_severity\": \"HIGH\",\n    \"global_closed_trade_count\": 12,\n    \"global_total_bps\": -9.72,\n    \"global_mean_bps\": -0.81,\n    \"global_win_rate\": 0.5,\n    \"min_global_gate_trades\": 10\n  },\n  \"block_negative_demo_families\": true,\n  \"risk_blocked_family_count\": 4,\n  \"risk_blocked_candidate_count\": 27,\n  \"blocked_family_keys\": [\n    \"D138C_ret_48h_bps__trend_50_100_bps\",\n    \"D150C_M5_ret_12h_bps__trend_50_100_bps\",\n    \"D150C_M5_ret_3h_bps__ret_24h_bps\",\n    \"D150C_M5_trend_8_20_bps__trend_50_100_bps\"\n  ],\n  \"blocked_family_rows\": [\n    {\n      \"family_key\": \"D138C_ret_48h_bps__trend_50_100_bps\",\n      \"closed_trade_count\": 6,\n      \"total_bps\": -1.29,\n      \"mean_bps\": -0.21,\n      \"total_net_profit\": -0.94,\n      \"last_rule_id\": \"D138C_ret_48h_bps_GEQ65__trend_50_100_bps_LEQ65\",\n      \"last_outcome\": \"PROFIT\"\n    },\n    {\n      \"family_key\": \"D150C_M5_ret_12h_bps__trend_50_100_bps\",\n      \"closed_trade_count\": 1,\n      \"total_bps\": -57.1,\n      \"mean_bps\": -57.1,\n      \"total_net_profit\": -23.65,\n      \"last_rule_id\": \"D150C_M5_ret_12h_bps_GEQ35__trend_50_100_bps_GEQ35\",\n      \"last_outcome\": \"LOSS\"\n    },\n    {\n      \"family_key\": \"D150C_M5_ret_3h_bps__ret_24h_bps\",\n      \"closed_trade_count\": 1,\n      \"total_bps\": -19.35,\n      \"mean_bps\": -19.35,\n      \"total_net_profit\": -8.72,\n      \"last_rule_id\": \"D150C_M5_ret_3h_bps_GEQ65__ret_24h_bps_GEQ35\",\n      \"last_outcome\": \"LOSS\"\n    },\n    {\n      \"family_key\": \"D150C_M5_trend_8_20_bps__trend_50_100_bps\",\n      \"closed_trade_count\": 1,\n      \"total_bps\": -50.52,\n      \"mean_bps\": -50.52,\n      \"total_net_profit\": -21.22,\n      \"last_rule_id\": \"D150C_M5_trend_8_20_bps_GEQ65__trend_50_100_bps_GEQ35\",\n      \"last_outcome\": \"LOSS\"\n    }\n  ],\n  \"repo_kv\": \"/Users/vahid/Desktop/xauusd-trader/data/demo_execution/xauusd_stage155_m5_active_router_rule_state_kv.csv\",\n  \"repo_latest\": \"/Users/vahid/Desktop/xauusd-trader/data/demo_execution/xauusd_stage155_m5_active_router_rule_state_latest.csv\",\n  \"mt5_kv_written\": true,\n  \"mt5_kv\": \"/Users/vahid/Library/Application Support/net.metaquotes.wine.metatrader5/drive_c/Program Files/MetaTrader 5/MQL5/Files/xauusd_stage155_m5_active_router_rule_state_kv.csv\",\n  \"mt5_latest\": \"/Users/vahid/Library/Application Support/net.metaquotes.wine.metatrader5/drive_c/Program Files/MetaTrader 5/MQL5/Files/xauusd_stage155_m5_active_router_rule_state_latest.csv\",\n  \"stage134_instruction\": {\n    \"InpRuleStateKvFile\": \"xauusd_stage155_m5_active_router_rule_state_kv.csv\",\n    \"InpAllowedRules\": \"all\",\n    \"keep_InpEnableDemoOrders\": \"true only on demo account\"\n  },\n  \"summary_json\": \"/Users/vahid/Desktop/xauusd-trader/reports/stage155_active_router_demo_risk_guard/m5/stage155_active_router_demo_risk_guard_summary.json\",\n  \"next\": [\n    \"Use this Stage157-hardened router behind Stage156; it preserves Stage155 KV filename so Stage134 input does not need to change.\",\n    \"If global_gate_freeze_active is true, keep demo orders blocked and repair discovery before re-enabling routing.\"\n  ]\n}\n",
      "stderr_tail": ""
    }
  ],
  "next": [
    "If classification is NO_ACTIVE_RULE, keep Stage155 running and do not patch unless inactivity is commercially unacceptable over a defined window.",
    "If classification is SOURCE_STALE or BLOCKED_STALE, update the M5 CSV and run this unifier again.",
    "Use --db-update-command only after identifying the repo's current AMarkets DB updater command."
  ]
}
{
  "stage": "Stage156_OPERATIONAL_UNIFIER",
  "generated_utc": "2026-07-08T06:59:07Z",
  "status": "STAGE156_COMPLETE_OPERATIONAL_UNIFIER_READY",
  "classification": "BLOCKED_STALE",
  "reason": "Stage134 blocked because feature_date is stale; update source CSV or ensure router scheduler is running.",
  "root": "/Users/vahid/Desktop/xauusd-trader",
  "mt5_files": "/Users/vahid/Library/Application Support/net.metaquotes.wine.metatrader5/drive_c/Program Files/MetaTrader 5/MQL5/Files",
  "source": {
    "bars_m5": "/Users/vahid/Downloads/xauusd_fundamental_event_inbox/amarkets_xauusd_5m.csv",
    "exists": true,
    "row_count_including_header_if_any": 318862,
    "last_line": "2026.07.08\t07:40:00\t4125.25\t4125.65\t4121.97\t4123.09\t307\t0\t36",
    "raw_latest_time": "2026-07-08T07:40:00Z",
    "timestamp_shift_hours": -3.0,
    "normalized_latest_time": "2026-07-08T04:40:00Z",
    "feature_age_sec": 8347,
    "max_feature_age_sec": 7200,
    "source_fresh": false
  },
  "router": {
    "cmd": "/Library/Frameworks/Python.framework/Versions/3.14/bin/python3 app/stage154_active_shortlist_rule_router.py --root /Users/vahid/Desktop/xauusd-trader --bars /Users/vahid/Downloads/xauusd_fundamental_event_inbox/amarkets_xauusd_5m.csv --score-csv /Users/vahid/Desktop/xauusd-trader/reports/stage150_mtf_separated_validation_discovery/m5/stage150_candidate_scores.csv --risk-summary /Users/vahid/Desktop/xauusd-trader/reports/stage145_clean_ledger_performance_gate/stage145_clean_ledger_performance_gate_summary.json --tf m5 --timeframe-minutes 5 --max-feature-age-sec 7200 --timestamp-shift-hours -3.0 --write-mt5",
    "kv_path": "/Users/vahid/Library/Application Support/net.metaquotes.wine.metatrader5/drive_c/Program Files/MetaTrader 5/MQL5/Files/xauusd_stage155_m5_active_router_rule_state_kv.csv",
    "decision": "STAGE157_GLOBAL_PERFORMANCE_FREEZE_NO_ORDER",
    "any_signal_active": "false",
    "selected_rule_id": "",
    "selected_family_key": "",
    "active_shortlist_count": "94",
    "eligible_shortlist_count": "191",
    "risk_blocked_family_count": "4"
  },
  "stage134": {
    "kv_path": "/Users/vahid/Library/Application Support/net.metaquotes.wine.metatrader5/drive_c/Program Files/MetaTrader 5/MQL5/Files/xauusd_stage134_demo_executor_status_kv.csv",
    "decision": "BLOCKED_SIGNAL_STALE",
    "reason": "feature_date is stale/missing/unparseable; freshness is based on feature_date UTC, not file modified time",
    "feature_date": "2026-07-08T04:40:00Z",
    "signal_fresh": "false",
    "signal_age_sec": "8353",
    "any_signal_active": "false",
    "open_positions": "1",
    "last_success_signal_key": "2026-07-08T04:40:00Z|D150C_M5_ret_6h_bps_GEQ35__trend_50_100_bps_GEQ35",
    "last_attempt_signal_key": "2026-07-08T04:40:00Z|D150C_M5_ret_6h_bps_GEQ35__trend_50_100_bps_GEQ35"
  },
  "commands": [
    {
      "cmd": "/Library/Frameworks/Python.framework/Versions/3.14/bin/python3 app/stage154_active_shortlist_rule_router.py --root /Users/vahid/Desktop/xauusd-trader --bars /Users/vahid/Downloads/xauusd_fundamental_event_inbox/amarkets_xauusd_5m.csv --score-csv /Users/vahid/Desktop/xauusd-trader/reports/stage150_mtf_separated_validation_discovery/m5/stage150_candidate_scores.csv --risk-summary /Users/vahid/Desktop/xauusd-trader/reports/stage145_clean_ledger_performance_gate/stage145_clean_ledger_performance_gate_summary.json --tf m5 --timeframe-minutes 5 --max-feature-age-sec 7200 --timestamp-shift-hours -3.0 --write-mt5",
      "started_utc": "2026-07-08T06:59:07Z",
      "finished_utc": "2026-07-08T06:59:18Z",
      "returncode": 0,
      "stdout_tail": "0_100_bps\\\", \\\"op\\\": \\\">=\\\", \\\"threshold\\\": -14.337320822584214}]\",\n  \"raw_selected_rule_id_before_global_gate\": \"D150C_M5_ret_6h_bps_GEQ35__trend_50_100_bps_GEQ35\",\n  \"raw_selected_label_before_global_gate\": \"m5: ret_6h_bps >= q35 AND trend_50_100_bps >= q35\",\n  \"risk_summary\": \"/Users/vahid/Desktop/xauusd-trader/reports/stage145_clean_ledger_performance_gate/stage145_clean_ledger_performance_gate_summary.json\",\n  \"global_freeze_guard\": true,\n  \"global_gate_freeze_active\": true,\n  \"global_gate_info\": {\n    \"global_gate_freeze_active\": true,\n    \"global_gate_reason\": \"Stage145 aggregate gate requires freeze/repair: gate_decision=STAGE145_FREEZE_REPAIR_RULE_NEGATIVE_EXPECTANCY; recommended_action=FREEZE_CURRENT_RULE_AND_REPAIR_DISCOVERY; severity=HIGH; closed_trade_count=12; total_bps=-9.72; mean_bps=-0.81; win_rate=0.5\",\n    \"global_gate_decision\": \"STAGE145_FREEZE_REPAIR_RULE_NEGATIVE_EXPECTANCY\",\n    \"global_recommended_action\": \"FREEZE_CURRENT_RULE_AND_REPAIR_DISCOVERY\",\n    \"global_severity\": \"HIGH\",\n    \"global_closed_trade_count\": 12,\n    \"global_total_bps\": -9.72,\n    \"global_mean_bps\": -0.81,\n    \"global_win_rate\": 0.5,\n    \"min_global_gate_trades\": 10\n  },\n  \"block_negative_demo_families\": true,\n  \"risk_blocked_family_count\": 4,\n  \"risk_blocked_candidate_count\": 27,\n  \"blocked_family_keys\": [\n    \"D138C_ret_48h_bps__trend_50_100_bps\",\n    \"D150C_M5_ret_12h_bps__trend_50_100_bps\",\n    \"D150C_M5_ret_3h_bps__ret_24h_bps\",\n    \"D150C_M5_trend_8_20_bps__trend_50_100_bps\"\n  ],\n  \"blocked_family_rows\": [\n    {\n      \"family_key\": \"D138C_ret_48h_bps__trend_50_100_bps\",\n      \"closed_trade_count\": 6,\n      \"total_bps\": -1.29,\n      \"mean_bps\": -0.21,\n      \"total_net_profit\": -0.94,\n      \"last_rule_id\": \"D138C_ret_48h_bps_GEQ65__trend_50_100_bps_LEQ65\",\n      \"last_outcome\": \"PROFIT\"\n    },\n    {\n      \"family_key\": \"D150C_M5_ret_12h_bps__trend_50_100_bps\",\n      \"closed_trade_count\": 1,\n      \"total_bps\": -57.1,\n      \"mean_bps\": -57.1,\n      \"total_net_profit\": -23.65,\n      \"last_rule_id\": \"D150C_M5_ret_12h_bps_GEQ35__trend_50_100_bps_GEQ35\",\n      \"last_outcome\": \"LOSS\"\n    },\n    {\n      \"family_key\": \"D150C_M5_ret_3h_bps__ret_24h_bps\",\n      \"closed_trade_count\": 1,\n      \"total_bps\": -19.35,\n      \"mean_bps\": -19.35,\n      \"total_net_profit\": -8.72,\n      \"last_rule_id\": \"D150C_M5_ret_3h_bps_GEQ65__ret_24h_bps_GEQ35\",\n      \"last_outcome\": \"LOSS\"\n    },\n    {\n      \"family_key\": \"D150C_M5_trend_8_20_bps__trend_50_100_bps\",\n      \"closed_trade_count\": 1,\n      \"total_bps\": -50.52,\n      \"mean_bps\": -50.52,\n      \"total_net_profit\": -21.22,\n      \"last_rule_id\": \"D150C_M5_trend_8_20_bps_GEQ65__trend_50_100_bps_GEQ35\",\n      \"last_outcome\": \"LOSS\"\n    }\n  ],\n  \"repo_kv\": \"/Users/vahid/Desktop/xauusd-trader/data/demo_execution/xauusd_stage155_m5_active_router_rule_state_kv.csv\",\n  \"repo_latest\": \"/Users/vahid/Desktop/xauusd-trader/data/demo_execution/xauusd_stage155_m5_active_router_rule_state_latest.csv\",\n  \"mt5_kv_written\": true,\n  \"mt5_kv\": \"/Users/vahid/Library/Application Support/net.metaquotes.wine.metatrader5/drive_c/Program Files/MetaTrader 5/MQL5/Files/xauusd_stage155_m5_active_router_rule_state_kv.csv\",\n  \"mt5_latest\": \"/Users/vahid/Library/Application Support/net.metaquotes.wine.metatrader5/drive_c/Program Files/MetaTrader 5/MQL5/Files/xauusd_stage155_m5_active_router_rule_state_latest.csv\",\n  \"stage134_instruction\": {\n    \"InpRuleStateKvFile\": \"xauusd_stage155_m5_active_router_rule_state_kv.csv\",\n    \"InpAllowedRules\": \"all\",\n    \"keep_InpEnableDemoOrders\": \"true only on demo account\"\n  },\n  \"summary_json\": \"/Users/vahid/Desktop/xauusd-trader/reports/stage155_active_router_demo_risk_guard/m5/stage155_active_router_demo_risk_guard_summary.json\",\n  \"next\": [\n    \"Use this Stage157-hardened router behind Stage156; it preserves Stage155 KV filename so Stage134 input does not need to change.\",\n    \"If global_gate_freeze_active is true, keep demo orders blocked and repair discovery before re-enabling routing.\"\n  ]\n}\n",
      "stderr_tail": ""
    }
  ],
  "next": [
    "If classification is NO_ACTIVE_RULE, keep Stage155 running and do not patch unless inactivity is commercially unacceptable over a defined window.",
    "If classification is SOURCE_STALE or BLOCKED_STALE, update the M5 CSV and run this unifier again.",
    "Use --db-update-command only after identifying the repo's current AMarkets DB updater command."
  ]
}
{
  "stage": "Stage156_OPERATIONAL_UNIFIER",
  "generated_utc": "2026-07-08T07:04:21Z",
  "status": "STAGE156_COMPLETE_OPERATIONAL_UNIFIER_READY",
  "classification": "BLOCKED_STALE",
  "reason": "Stage134 blocked because feature_date is stale; update source CSV or ensure router scheduler is running.",
  "root": "/Users/vahid/Desktop/xauusd-trader",
  "mt5_files": "/Users/vahid/Library/Application Support/net.metaquotes.wine.metatrader5/drive_c/Program Files/MetaTrader 5/MQL5/Files",
  "source": {
    "bars_m5": "/Users/vahid/Downloads/xauusd_fundamental_event_inbox/amarkets_xauusd_5m.csv",
    "exists": true,
    "row_count_including_header_if_any": 318862,
    "last_line": "2026.07.08\t07:40:00\t4125.25\t4125.65\t4121.97\t4123.09\t307\t0\t36",
    "raw_latest_time": "2026-07-08T07:40:00Z",
    "timestamp_shift_hours": -3.0,
    "normalized_latest_time": "2026-07-08T04:40:00Z",
    "feature_age_sec": 8661,
    "max_feature_age_sec": 7200,
    "source_fresh": false
  },
  "router": {
    "cmd": "/Library/Frameworks/Python.framework/Versions/3.14/bin/python3 app/stage154_active_shortlist_rule_router.py --root /Users/vahid/Desktop/xauusd-trader --bars /Users/vahid/Downloads/xauusd_fundamental_event_inbox/amarkets_xauusd_5m.csv --score-csv /Users/vahid/Desktop/xauusd-trader/reports/stage150_mtf_separated_validation_discovery/m5/stage150_candidate_scores.csv --risk-summary /Users/vahid/Desktop/xauusd-trader/reports/stage145_clean_ledger_performance_gate/stage145_clean_ledger_performance_gate_summary.json --tf m5 --timeframe-minutes 5 --max-feature-age-sec 7200 --timestamp-shift-hours -3.0 --write-mt5",
    "kv_path": "/Users/vahid/Library/Application Support/net.metaquotes.wine.metatrader5/drive_c/Program Files/MetaTrader 5/MQL5/Files/xauusd_stage155_m5_active_router_rule_state_kv.csv",
    "decision": "STAGE157_GLOBAL_PERFORMANCE_FREEZE_NO_ORDER",
    "any_signal_active": "false",
    "selected_rule_id": "",
    "selected_family_key": "",
    "active_shortlist_count": "94",
    "eligible_shortlist_count": "191",
    "risk_blocked_family_count": "4"
  },
  "stage134": {
    "kv_path": "/Users/vahid/Library/Application Support/net.metaquotes.wine.metatrader5/drive_c/Program Files/MetaTrader 5/MQL5/Files/xauusd_stage134_demo_executor_status_kv.csv",
    "decision": "BLOCKED_SIGNAL_STALE",
    "reason": "feature_date is stale/missing/unparseable; freshness is based on feature_date UTC, not file modified time",
    "feature_date": "2026-07-08T04:40:00Z",
    "signal_fresh": "false",
    "signal_age_sec": "8670",
    "any_signal_active": "false",
    "open_positions": "1",
    "last_success_signal_key": "2026-07-08T04:40:00Z|D150C_M5_ret_6h_bps_GEQ35__trend_50_100_bps_GEQ35",
    "last_attempt_signal_key": "2026-07-08T04:40:00Z|D150C_M5_ret_6h_bps_GEQ35__trend_50_100_bps_GEQ35"
  },
  "commands": [
    {
      "cmd": "/Library/Frameworks/Python.framework/Versions/3.14/bin/python3 app/stage154_active_shortlist_rule_router.py --root /Users/vahid/Desktop/xauusd-trader --bars /Users/vahid/Downloads/xauusd_fundamental_event_inbox/amarkets_xauusd_5m.csv --score-csv /Users/vahid/Desktop/xauusd-trader/reports/stage150_mtf_separated_validation_discovery/m5/stage150_candidate_scores.csv --risk-summary /Users/vahid/Desktop/xauusd-trader/reports/stage145_clean_ledger_performance_gate/stage145_clean_ledger_performance_gate_summary.json --tf m5 --timeframe-minutes 5 --max-feature-age-sec 7200 --timestamp-shift-hours -3.0 --write-mt5",
      "started_utc": "2026-07-08T07:04:21Z",
      "finished_utc": "2026-07-08T07:04:34Z",
      "returncode": 0,
      "stdout_tail": "0_100_bps\\\", \\\"op\\\": \\\">=\\\", \\\"threshold\\\": -14.337320822584214}]\",\n  \"raw_selected_rule_id_before_global_gate\": \"D150C_M5_ret_6h_bps_GEQ35__trend_50_100_bps_GEQ35\",\n  \"raw_selected_label_before_global_gate\": \"m5: ret_6h_bps >= q35 AND trend_50_100_bps >= q35\",\n  \"risk_summary\": \"/Users/vahid/Desktop/xauusd-trader/reports/stage145_clean_ledger_performance_gate/stage145_clean_ledger_performance_gate_summary.json\",\n  \"global_freeze_guard\": true,\n  \"global_gate_freeze_active\": true,\n  \"global_gate_info\": {\n    \"global_gate_freeze_active\": true,\n    \"global_gate_reason\": \"Stage145 aggregate gate requires freeze/repair: gate_decision=STAGE145_FREEZE_REPAIR_RULE_NEGATIVE_EXPECTANCY; recommended_action=FREEZE_CURRENT_RULE_AND_REPAIR_DISCOVERY; severity=HIGH; closed_trade_count=12; total_bps=-9.72; mean_bps=-0.81; win_rate=0.5\",\n    \"global_gate_decision\": \"STAGE145_FREEZE_REPAIR_RULE_NEGATIVE_EXPECTANCY\",\n    \"global_recommended_action\": \"FREEZE_CURRENT_RULE_AND_REPAIR_DISCOVERY\",\n    \"global_severity\": \"HIGH\",\n    \"global_closed_trade_count\": 12,\n    \"global_total_bps\": -9.72,\n    \"global_mean_bps\": -0.81,\n    \"global_win_rate\": 0.5,\n    \"min_global_gate_trades\": 10\n  },\n  \"block_negative_demo_families\": true,\n  \"risk_blocked_family_count\": 4,\n  \"risk_blocked_candidate_count\": 27,\n  \"blocked_family_keys\": [\n    \"D138C_ret_48h_bps__trend_50_100_bps\",\n    \"D150C_M5_ret_12h_bps__trend_50_100_bps\",\n    \"D150C_M5_ret_3h_bps__ret_24h_bps\",\n    \"D150C_M5_trend_8_20_bps__trend_50_100_bps\"\n  ],\n  \"blocked_family_rows\": [\n    {\n      \"family_key\": \"D138C_ret_48h_bps__trend_50_100_bps\",\n      \"closed_trade_count\": 6,\n      \"total_bps\": -1.29,\n      \"mean_bps\": -0.21,\n      \"total_net_profit\": -0.94,\n      \"last_rule_id\": \"D138C_ret_48h_bps_GEQ65__trend_50_100_bps_LEQ65\",\n      \"last_outcome\": \"PROFIT\"\n    },\n    {\n      \"family_key\": \"D150C_M5_ret_12h_bps__trend_50_100_bps\",\n      \"closed_trade_count\": 1,\n      \"total_bps\": -57.1,\n      \"mean_bps\": -57.1,\n      \"total_net_profit\": -23.65,\n      \"last_rule_id\": \"D150C_M5_ret_12h_bps_GEQ35__trend_50_100_bps_GEQ35\",\n      \"last_outcome\": \"LOSS\"\n    },\n    {\n      \"family_key\": \"D150C_M5_ret_3h_bps__ret_24h_bps\",\n      \"closed_trade_count\": 1,\n      \"total_bps\": -19.35,\n      \"mean_bps\": -19.35,\n      \"total_net_profit\": -8.72,\n      \"last_rule_id\": \"D150C_M5_ret_3h_bps_GEQ65__ret_24h_bps_GEQ35\",\n      \"last_outcome\": \"LOSS\"\n    },\n    {\n      \"family_key\": \"D150C_M5_trend_8_20_bps__trend_50_100_bps\",\n      \"closed_trade_count\": 1,\n      \"total_bps\": -50.52,\n      \"mean_bps\": -50.52,\n      \"total_net_profit\": -21.22,\n      \"last_rule_id\": \"D150C_M5_trend_8_20_bps_GEQ65__trend_50_100_bps_GEQ35\",\n      \"last_outcome\": \"LOSS\"\n    }\n  ],\n  \"repo_kv\": \"/Users/vahid/Desktop/xauusd-trader/data/demo_execution/xauusd_stage155_m5_active_router_rule_state_kv.csv\",\n  \"repo_latest\": \"/Users/vahid/Desktop/xauusd-trader/data/demo_execution/xauusd_stage155_m5_active_router_rule_state_latest.csv\",\n  \"mt5_kv_written\": true,\n  \"mt5_kv\": \"/Users/vahid/Library/Application Support/net.metaquotes.wine.metatrader5/drive_c/Program Files/MetaTrader 5/MQL5/Files/xauusd_stage155_m5_active_router_rule_state_kv.csv\",\n  \"mt5_latest\": \"/Users/vahid/Library/Application Support/net.metaquotes.wine.metatrader5/drive_c/Program Files/MetaTrader 5/MQL5/Files/xauusd_stage155_m5_active_router_rule_state_latest.csv\",\n  \"stage134_instruction\": {\n    \"InpRuleStateKvFile\": \"xauusd_stage155_m5_active_router_rule_state_kv.csv\",\n    \"InpAllowedRules\": \"all\",\n    \"keep_InpEnableDemoOrders\": \"true only on demo account\"\n  },\n  \"summary_json\": \"/Users/vahid/Desktop/xauusd-trader/reports/stage155_active_router_demo_risk_guard/m5/stage155_active_router_demo_risk_guard_summary.json\",\n  \"next\": [\n    \"Use this Stage157-hardened router behind Stage156; it preserves Stage155 KV filename so Stage134 input does not need to change.\",\n    \"If global_gate_freeze_active is true, keep demo orders blocked and repair discovery before re-enabling routing.\"\n  ]\n}\n",
      "stderr_tail": ""
    }
  ],
  "next": [
    "If classification is NO_ACTIVE_RULE, keep Stage155 running and do not patch unless inactivity is commercially unacceptable over a defined window.",
    "If classification is SOURCE_STALE or BLOCKED_STALE, update the M5 CSV and run this unifier again.",
    "Use --db-update-command only after identifying the repo's current AMarkets DB updater command."
  ]
}
{
  "stage": "Stage156_OPERATIONAL_UNIFIER",
  "generated_utc": "2026-07-08T07:09:37Z",
  "status": "STAGE156_COMPLETE_OPERATIONAL_UNIFIER_READY",
  "classification": "BLOCKED_STALE",
  "reason": "Stage134 blocked because feature_date is stale; update source CSV or ensure router scheduler is running.",
  "root": "/Users/vahid/Desktop/xauusd-trader",
  "mt5_files": "/Users/vahid/Library/Application Support/net.metaquotes.wine.metatrader5/drive_c/Program Files/MetaTrader 5/MQL5/Files",
  "source": {
    "bars_m5": "/Users/vahid/Downloads/xauusd_fundamental_event_inbox/amarkets_xauusd_5m.csv",
    "exists": true,
    "row_count_including_header_if_any": 318862,
    "last_line": "2026.07.08\t07:40:00\t4125.25\t4125.65\t4121.97\t4123.09\t307\t0\t36",
    "raw_latest_time": "2026-07-08T07:40:00Z",
    "timestamp_shift_hours": -3.0,
    "normalized_latest_time": "2026-07-08T04:40:00Z",
    "feature_age_sec": 8977,
    "max_feature_age_sec": 7200,
    "source_fresh": false
  },
  "router": {
    "cmd": "/Library/Frameworks/Python.framework/Versions/3.14/bin/python3 app/stage154_active_shortlist_rule_router.py --root /Users/vahid/Desktop/xauusd-trader --bars /Users/vahid/Downloads/xauusd_fundamental_event_inbox/amarkets_xauusd_5m.csv --score-csv /Users/vahid/Desktop/xauusd-trader/reports/stage150_mtf_separated_validation_discovery/m5/stage150_candidate_scores.csv --risk-summary /Users/vahid/Desktop/xauusd-trader/reports/stage145_clean_ledger_performance_gate/stage145_clean_ledger_performance_gate_summary.json --tf m5 --timeframe-minutes 5 --max-feature-age-sec 7200 --timestamp-shift-hours -3.0 --write-mt5",
    "kv_path": "/Users/vahid/Library/Application Support/net.metaquotes.wine.metatrader5/drive_c/Program Files/MetaTrader 5/MQL5/Files/xauusd_stage155_m5_active_router_rule_state_kv.csv",
    "decision": "STAGE157_GLOBAL_PERFORMANCE_FREEZE_NO_ORDER",
    "any_signal_active": "false",
    "selected_rule_id": "",
    "selected_family_key": "",
    "active_shortlist_count": "94",
    "eligible_shortlist_count": "191",
    "risk_blocked_family_count": "4"
  },
  "stage134": {
    "kv_path": "/Users/vahid/Library/Application Support/net.metaquotes.wine.metatrader5/drive_c/Program Files/MetaTrader 5/MQL5/Files/xauusd_stage134_demo_executor_status_kv.csv",
    "decision": "BLOCKED_SIGNAL_STALE",
    "reason": "feature_date is stale/missing/unparseable; freshness is based on feature_date UTC, not file modified time",
    "feature_date": "2026-07-08T04:40:00Z",
    "signal_fresh": "false",
    "signal_age_sec": "8984",
    "any_signal_active": "false",
    "open_positions": "1",
    "last_success_signal_key": "2026-07-08T04:40:00Z|D150C_M5_ret_6h_bps_GEQ35__trend_50_100_bps_GEQ35",
    "last_attempt_signal_key": "2026-07-08T04:40:00Z|D150C_M5_ret_6h_bps_GEQ35__trend_50_100_bps_GEQ35"
  },
  "commands": [
    {
      "cmd": "/Library/Frameworks/Python.framework/Versions/3.14/bin/python3 app/stage154_active_shortlist_rule_router.py --root /Users/vahid/Desktop/xauusd-trader --bars /Users/vahid/Downloads/xauusd_fundamental_event_inbox/amarkets_xauusd_5m.csv --score-csv /Users/vahid/Desktop/xauusd-trader/reports/stage150_mtf_separated_validation_discovery/m5/stage150_candidate_scores.csv --risk-summary /Users/vahid/Desktop/xauusd-trader/reports/stage145_clean_ledger_performance_gate/stage145_clean_ledger_performance_gate_summary.json --tf m5 --timeframe-minutes 5 --max-feature-age-sec 7200 --timestamp-shift-hours -3.0 --write-mt5",
      "started_utc": "2026-07-08T07:09:37Z",
      "finished_utc": "2026-07-08T07:09:49Z",
      "returncode": 0,
      "stdout_tail": "0_100_bps\\\", \\\"op\\\": \\\">=\\\", \\\"threshold\\\": -14.337320822584214}]\",\n  \"raw_selected_rule_id_before_global_gate\": \"D150C_M5_ret_6h_bps_GEQ35__trend_50_100_bps_GEQ35\",\n  \"raw_selected_label_before_global_gate\": \"m5: ret_6h_bps >= q35 AND trend_50_100_bps >= q35\",\n  \"risk_summary\": \"/Users/vahid/Desktop/xauusd-trader/reports/stage145_clean_ledger_performance_gate/stage145_clean_ledger_performance_gate_summary.json\",\n  \"global_freeze_guard\": true,\n  \"global_gate_freeze_active\": true,\n  \"global_gate_info\": {\n    \"global_gate_freeze_active\": true,\n    \"global_gate_reason\": \"Stage145 aggregate gate requires freeze/repair: gate_decision=STAGE145_FREEZE_REPAIR_RULE_NEGATIVE_EXPECTANCY; recommended_action=FREEZE_CURRENT_RULE_AND_REPAIR_DISCOVERY; severity=HIGH; closed_trade_count=12; total_bps=-9.72; mean_bps=-0.81; win_rate=0.5\",\n    \"global_gate_decision\": \"STAGE145_FREEZE_REPAIR_RULE_NEGATIVE_EXPECTANCY\",\n    \"global_recommended_action\": \"FREEZE_CURRENT_RULE_AND_REPAIR_DISCOVERY\",\n    \"global_severity\": \"HIGH\",\n    \"global_closed_trade_count\": 12,\n    \"global_total_bps\": -9.72,\n    \"global_mean_bps\": -0.81,\n    \"global_win_rate\": 0.5,\n    \"min_global_gate_trades\": 10\n  },\n  \"block_negative_demo_families\": true,\n  \"risk_blocked_family_count\": 4,\n  \"risk_blocked_candidate_count\": 27,\n  \"blocked_family_keys\": [\n    \"D138C_ret_48h_bps__trend_50_100_bps\",\n    \"D150C_M5_ret_12h_bps__trend_50_100_bps\",\n    \"D150C_M5_ret_3h_bps__ret_24h_bps\",\n    \"D150C_M5_trend_8_20_bps__trend_50_100_bps\"\n  ],\n  \"blocked_family_rows\": [\n    {\n      \"family_key\": \"D138C_ret_48h_bps__trend_50_100_bps\",\n      \"closed_trade_count\": 6,\n      \"total_bps\": -1.29,\n      \"mean_bps\": -0.21,\n      \"total_net_profit\": -0.94,\n      \"last_rule_id\": \"D138C_ret_48h_bps_GEQ65__trend_50_100_bps_LEQ65\",\n      \"last_outcome\": \"PROFIT\"\n    },\n    {\n      \"family_key\": \"D150C_M5_ret_12h_bps__trend_50_100_bps\",\n      \"closed_trade_count\": 1,\n      \"total_bps\": -57.1,\n      \"mean_bps\": -57.1,\n      \"total_net_profit\": -23.65,\n      \"last_rule_id\": \"D150C_M5_ret_12h_bps_GEQ35__trend_50_100_bps_GEQ35\",\n      \"last_outcome\": \"LOSS\"\n    },\n    {\n      \"family_key\": \"D150C_M5_ret_3h_bps__ret_24h_bps\",\n      \"closed_trade_count\": 1,\n      \"total_bps\": -19.35,\n      \"mean_bps\": -19.35,\n      \"total_net_profit\": -8.72,\n      \"last_rule_id\": \"D150C_M5_ret_3h_bps_GEQ65__ret_24h_bps_GEQ35\",\n      \"last_outcome\": \"LOSS\"\n    },\n    {\n      \"family_key\": \"D150C_M5_trend_8_20_bps__trend_50_100_bps\",\n      \"closed_trade_count\": 1,\n      \"total_bps\": -50.52,\n      \"mean_bps\": -50.52,\n      \"total_net_profit\": -21.22,\n      \"last_rule_id\": \"D150C_M5_trend_8_20_bps_GEQ65__trend_50_100_bps_GEQ35\",\n      \"last_outcome\": \"LOSS\"\n    }\n  ],\n  \"repo_kv\": \"/Users/vahid/Desktop/xauusd-trader/data/demo_execution/xauusd_stage155_m5_active_router_rule_state_kv.csv\",\n  \"repo_latest\": \"/Users/vahid/Desktop/xauusd-trader/data/demo_execution/xauusd_stage155_m5_active_router_rule_state_latest.csv\",\n  \"mt5_kv_written\": true,\n  \"mt5_kv\": \"/Users/vahid/Library/Application Support/net.metaquotes.wine.metatrader5/drive_c/Program Files/MetaTrader 5/MQL5/Files/xauusd_stage155_m5_active_router_rule_state_kv.csv\",\n  \"mt5_latest\": \"/Users/vahid/Library/Application Support/net.metaquotes.wine.metatrader5/drive_c/Program Files/MetaTrader 5/MQL5/Files/xauusd_stage155_m5_active_router_rule_state_latest.csv\",\n  \"stage134_instruction\": {\n    \"InpRuleStateKvFile\": \"xauusd_stage155_m5_active_router_rule_state_kv.csv\",\n    \"InpAllowedRules\": \"all\",\n    \"keep_InpEnableDemoOrders\": \"true only on demo account\"\n  },\n  \"summary_json\": \"/Users/vahid/Desktop/xauusd-trader/reports/stage155_active_router_demo_risk_guard/m5/stage155_active_router_demo_risk_guard_summary.json\",\n  \"next\": [\n    \"Use this Stage157-hardened router behind Stage156; it preserves Stage155 KV filename so Stage134 input does not need to change.\",\n    \"If global_gate_freeze_active is true, keep demo orders blocked and repair discovery before re-enabling routing.\"\n  ]\n}\n",
      "stderr_tail": ""
    }
  ],
  "next": [
    "If classification is NO_ACTIVE_RULE, keep Stage155 running and do not patch unless inactivity is commercially unacceptable over a defined window.",
    "If classification is SOURCE_STALE or BLOCKED_STALE, update the M5 CSV and run this unifier again.",
    "Use --db-update-command only after identifying the repo's current AMarkets DB updater command."
  ]
}
{
  "stage": "Stage156_OPERATIONAL_UNIFIER",
  "generated_utc": "2026-07-08T07:14:52Z",
  "status": "STAGE156_COMPLETE_OPERATIONAL_UNIFIER_READY",
  "classification": "BLOCKED_STALE",
  "reason": "Stage134 blocked because feature_date is stale; update source CSV or ensure router scheduler is running.",
  "root": "/Users/vahid/Desktop/xauusd-trader",
  "mt5_files": "/Users/vahid/Library/Application Support/net.metaquotes.wine.metatrader5/drive_c/Program Files/MetaTrader 5/MQL5/Files",
  "source": {
    "bars_m5": "/Users/vahid/Downloads/xauusd_fundamental_event_inbox/amarkets_xauusd_5m.csv",
    "exists": true,
    "row_count_including_header_if_any": 318862,
    "last_line": "2026.07.08\t07:40:00\t4125.25\t4125.65\t4121.97\t4123.09\t307\t0\t36",
    "raw_latest_time": "2026-07-08T07:40:00Z",
    "timestamp_shift_hours": -3.0,
    "normalized_latest_time": "2026-07-08T04:40:00Z",
    "feature_age_sec": 9292,
    "max_feature_age_sec": 7200,
    "source_fresh": false
  },
  "router": {
    "cmd": "/Library/Frameworks/Python.framework/Versions/3.14/bin/python3 app/stage154_active_shortlist_rule_router.py --root /Users/vahid/Desktop/xauusd-trader --bars /Users/vahid/Downloads/xauusd_fundamental_event_inbox/amarkets_xauusd_5m.csv --score-csv /Users/vahid/Desktop/xauusd-trader/reports/stage150_mtf_separated_validation_discovery/m5/stage150_candidate_scores.csv --risk-summary /Users/vahid/Desktop/xauusd-trader/reports/stage145_clean_ledger_performance_gate/stage145_clean_ledger_performance_gate_summary.json --tf m5 --timeframe-minutes 5 --max-feature-age-sec 7200 --timestamp-shift-hours -3.0 --write-mt5",
    "kv_path": "/Users/vahid/Library/Application Support/net.metaquotes.wine.metatrader5/drive_c/Program Files/MetaTrader 5/MQL5/Files/xauusd_stage155_m5_active_router_rule_state_kv.csv",
    "decision": "STAGE157_GLOBAL_PERFORMANCE_FREEZE_NO_ORDER",
    "any_signal_active": "false",
    "selected_rule_id": "",
    "selected_family_key": "",
    "active_shortlist_count": "94",
    "eligible_shortlist_count": "191",
    "risk_blocked_family_count": "4"
  },
  "stage134": {
    "kv_path": "/Users/vahid/Library/Application Support/net.metaquotes.wine.metatrader5/drive_c/Program Files/MetaTrader 5/MQL5/Files/xauusd_stage134_demo_executor_status_kv.csv",
    "decision": "BLOCKED_SIGNAL_STALE",
    "reason": "feature_date is stale/missing/unparseable; freshness is based on feature_date UTC, not file modified time",
    "feature_date": "2026-07-08T04:40:00Z",
    "signal_fresh": "false",
    "signal_age_sec": "9300",
    "any_signal_active": "false",
    "open_positions": "1",
    "last_success_signal_key": "2026-07-08T04:40:00Z|D150C_M5_ret_6h_bps_GEQ35__trend_50_100_bps_GEQ35",
    "last_attempt_signal_key": "2026-07-08T04:40:00Z|D150C_M5_ret_6h_bps_GEQ35__trend_50_100_bps_GEQ35"
  },
  "commands": [
    {
      "cmd": "/Library/Frameworks/Python.framework/Versions/3.14/bin/python3 app/stage154_active_shortlist_rule_router.py --root /Users/vahid/Desktop/xauusd-trader --bars /Users/vahid/Downloads/xauusd_fundamental_event_inbox/amarkets_xauusd_5m.csv --score-csv /Users/vahid/Desktop/xauusd-trader/reports/stage150_mtf_separated_validation_discovery/m5/stage150_candidate_scores.csv --risk-summary /Users/vahid/Desktop/xauusd-trader/reports/stage145_clean_ledger_performance_gate/stage145_clean_ledger_performance_gate_summary.json --tf m5 --timeframe-minutes 5 --max-feature-age-sec 7200 --timestamp-shift-hours -3.0 --write-mt5",
      "started_utc": "2026-07-08T07:14:52Z",
      "finished_utc": "2026-07-08T07:15:19Z",
      "returncode": 0,
      "stdout_tail": "0_100_bps\\\", \\\"op\\\": \\\">=\\\", \\\"threshold\\\": -14.337320822584214}]\",\n  \"raw_selected_rule_id_before_global_gate\": \"D150C_M5_ret_6h_bps_GEQ35__trend_50_100_bps_GEQ35\",\n  \"raw_selected_label_before_global_gate\": \"m5: ret_6h_bps >= q35 AND trend_50_100_bps >= q35\",\n  \"risk_summary\": \"/Users/vahid/Desktop/xauusd-trader/reports/stage145_clean_ledger_performance_gate/stage145_clean_ledger_performance_gate_summary.json\",\n  \"global_freeze_guard\": true,\n  \"global_gate_freeze_active\": true,\n  \"global_gate_info\": {\n    \"global_gate_freeze_active\": true,\n    \"global_gate_reason\": \"Stage145 aggregate gate requires freeze/repair: gate_decision=STAGE145_FREEZE_REPAIR_RULE_NEGATIVE_EXPECTANCY; recommended_action=FREEZE_CURRENT_RULE_AND_REPAIR_DISCOVERY; severity=HIGH; closed_trade_count=12; total_bps=-9.72; mean_bps=-0.81; win_rate=0.5\",\n    \"global_gate_decision\": \"STAGE145_FREEZE_REPAIR_RULE_NEGATIVE_EXPECTANCY\",\n    \"global_recommended_action\": \"FREEZE_CURRENT_RULE_AND_REPAIR_DISCOVERY\",\n    \"global_severity\": \"HIGH\",\n    \"global_closed_trade_count\": 12,\n    \"global_total_bps\": -9.72,\n    \"global_mean_bps\": -0.81,\n    \"global_win_rate\": 0.5,\n    \"min_global_gate_trades\": 10\n  },\n  \"block_negative_demo_families\": true,\n  \"risk_blocked_family_count\": 4,\n  \"risk_blocked_candidate_count\": 27,\n  \"blocked_family_keys\": [\n    \"D138C_ret_48h_bps__trend_50_100_bps\",\n    \"D150C_M5_ret_12h_bps__trend_50_100_bps\",\n    \"D150C_M5_ret_3h_bps__ret_24h_bps\",\n    \"D150C_M5_trend_8_20_bps__trend_50_100_bps\"\n  ],\n  \"blocked_family_rows\": [\n    {\n      \"family_key\": \"D138C_ret_48h_bps__trend_50_100_bps\",\n      \"closed_trade_count\": 6,\n      \"total_bps\": -1.29,\n      \"mean_bps\": -0.21,\n      \"total_net_profit\": -0.94,\n      \"last_rule_id\": \"D138C_ret_48h_bps_GEQ65__trend_50_100_bps_LEQ65\",\n      \"last_outcome\": \"PROFIT\"\n    },\n    {\n      \"family_key\": \"D150C_M5_ret_12h_bps__trend_50_100_bps\",\n      \"closed_trade_count\": 1,\n      \"total_bps\": -57.1,\n      \"mean_bps\": -57.1,\n      \"total_net_profit\": -23.65,\n      \"last_rule_id\": \"D150C_M5_ret_12h_bps_GEQ35__trend_50_100_bps_GEQ35\",\n      \"last_outcome\": \"LOSS\"\n    },\n    {\n      \"family_key\": \"D150C_M5_ret_3h_bps__ret_24h_bps\",\n      \"closed_trade_count\": 1,\n      \"total_bps\": -19.35,\n      \"mean_bps\": -19.35,\n      \"total_net_profit\": -8.72,\n      \"last_rule_id\": \"D150C_M5_ret_3h_bps_GEQ65__ret_24h_bps_GEQ35\",\n      \"last_outcome\": \"LOSS\"\n    },\n    {\n      \"family_key\": \"D150C_M5_trend_8_20_bps__trend_50_100_bps\",\n      \"closed_trade_count\": 1,\n      \"total_bps\": -50.52,\n      \"mean_bps\": -50.52,\n      \"total_net_profit\": -21.22,\n      \"last_rule_id\": \"D150C_M5_trend_8_20_bps_GEQ65__trend_50_100_bps_GEQ35\",\n      \"last_outcome\": \"LOSS\"\n    }\n  ],\n  \"repo_kv\": \"/Users/vahid/Desktop/xauusd-trader/data/demo_execution/xauusd_stage155_m5_active_router_rule_state_kv.csv\",\n  \"repo_latest\": \"/Users/vahid/Desktop/xauusd-trader/data/demo_execution/xauusd_stage155_m5_active_router_rule_state_latest.csv\",\n  \"mt5_kv_written\": true,\n  \"mt5_kv\": \"/Users/vahid/Library/Application Support/net.metaquotes.wine.metatrader5/drive_c/Program Files/MetaTrader 5/MQL5/Files/xauusd_stage155_m5_active_router_rule_state_kv.csv\",\n  \"mt5_latest\": \"/Users/vahid/Library/Application Support/net.metaquotes.wine.metatrader5/drive_c/Program Files/MetaTrader 5/MQL5/Files/xauusd_stage155_m5_active_router_rule_state_latest.csv\",\n  \"stage134_instruction\": {\n    \"InpRuleStateKvFile\": \"xauusd_stage155_m5_active_router_rule_state_kv.csv\",\n    \"InpAllowedRules\": \"all\",\n    \"keep_InpEnableDemoOrders\": \"true only on demo account\"\n  },\n  \"summary_json\": \"/Users/vahid/Desktop/xauusd-trader/reports/stage155_active_router_demo_risk_guard/m5/stage155_active_router_demo_risk_guard_summary.json\",\n  \"next\": [\n    \"Use this Stage157-hardened router behind Stage156; it preserves Stage155 KV filename so Stage134 input does not need to change.\",\n    \"If global_gate_freeze_active is true, keep demo orders blocked and repair discovery before re-enabling routing.\"\n  ]\n}\n",
      "stderr_tail": ""
    }
  ],
  "next": [
    "If classification is NO_ACTIVE_RULE, keep Stage155 running and do not patch unless inactivity is commercially unacceptable over a defined window.",
    "If classification is SOURCE_STALE or BLOCKED_STALE, update the M5 CSV and run this unifier again.",
    "Use --db-update-command only after identifying the repo's current AMarkets DB updater command."
  ]
}
{
  "stage": "Stage156_OPERATIONAL_UNIFIER",
  "generated_utc": "2026-07-08T07:20:23Z",
  "status": "STAGE156_COMPLETE_OPERATIONAL_UNIFIER_READY",
  "classification": "BLOCKED_STALE",
  "reason": "Stage134 blocked because feature_date is stale; update source CSV or ensure router scheduler is running.",
  "root": "/Users/vahid/Desktop/xauusd-trader",
  "mt5_files": "/Users/vahid/Library/Application Support/net.metaquotes.wine.metatrader5/drive_c/Program Files/MetaTrader 5/MQL5/Files",
  "source": {
    "bars_m5": "/Users/vahid/Downloads/xauusd_fundamental_event_inbox/amarkets_xauusd_5m.csv",
    "exists": true,
    "row_count_including_header_if_any": 318862,
    "last_line": "2026.07.08\t07:40:00\t4125.25\t4125.65\t4121.97\t4123.09\t307\t0\t36",
    "raw_latest_time": "2026-07-08T07:40:00Z",
    "timestamp_shift_hours": -3.0,
    "normalized_latest_time": "2026-07-08T04:40:00Z",
    "feature_age_sec": 9623,
    "max_feature_age_sec": 7200,
    "source_fresh": false
  },
  "router": {
    "cmd": "/Library/Frameworks/Python.framework/Versions/3.14/bin/python3 app/stage154_active_shortlist_rule_router.py --root /Users/vahid/Desktop/xauusd-trader --bars /Users/vahid/Downloads/xauusd_fundamental_event_inbox/amarkets_xauusd_5m.csv --score-csv /Users/vahid/Desktop/xauusd-trader/reports/stage150_mtf_separated_validation_discovery/m5/stage150_candidate_scores.csv --risk-summary /Users/vahid/Desktop/xauusd-trader/reports/stage145_clean_ledger_performance_gate/stage145_clean_ledger_performance_gate_summary.json --tf m5 --timeframe-minutes 5 --max-feature-age-sec 7200 --timestamp-shift-hours -3.0 --write-mt5",
    "kv_path": "/Users/vahid/Library/Application Support/net.metaquotes.wine.metatrader5/drive_c/Program Files/MetaTrader 5/MQL5/Files/xauusd_stage155_m5_active_router_rule_state_kv.csv",
    "decision": "STAGE157_GLOBAL_PERFORMANCE_FREEZE_NO_ORDER",
    "any_signal_active": "false",
    "selected_rule_id": "",
    "selected_family_key": "",
    "active_shortlist_count": "94",
    "eligible_shortlist_count": "191",
    "risk_blocked_family_count": "4"
  },
  "stage134": {
    "kv_path": "/Users/vahid/Library/Application Support/net.metaquotes.wine.metatrader5/drive_c/Program Files/MetaTrader 5/MQL5/Files/xauusd_stage134_demo_executor_status_kv.csv",
    "decision": "BLOCKED_SIGNAL_STALE",
    "reason": "feature_date is stale/missing/unparseable; freshness is based on feature_date UTC, not file modified time",
    "feature_date": "2026-07-08T04:40:00Z",
    "signal_fresh": "false",
    "signal_age_sec": "9632",
    "any_signal_active": "false",
    "open_positions": "1",
    "last_success_signal_key": "2026-07-08T04:40:00Z|D150C_M5_ret_6h_bps_GEQ35__trend_50_100_bps_GEQ35",
    "last_attempt_signal_key": "2026-07-08T04:40:00Z|D150C_M5_ret_6h_bps_GEQ35__trend_50_100_bps_GEQ35"
  },
  "commands": [
    {
      "cmd": "/Library/Frameworks/Python.framework/Versions/3.14/bin/python3 app/stage154_active_shortlist_rule_router.py --root /Users/vahid/Desktop/xauusd-trader --bars /Users/vahid/Downloads/xauusd_fundamental_event_inbox/amarkets_xauusd_5m.csv --score-csv /Users/vahid/Desktop/xauusd-trader/reports/stage150_mtf_separated_validation_discovery/m5/stage150_candidate_scores.csv --risk-summary /Users/vahid/Desktop/xauusd-trader/reports/stage145_clean_ledger_performance_gate/stage145_clean_ledger_performance_gate_summary.json --tf m5 --timeframe-minutes 5 --max-feature-age-sec 7200 --timestamp-shift-hours -3.0 --write-mt5",
      "started_utc": "2026-07-08T07:20:23Z",
      "finished_utc": "2026-07-08T07:20:46Z",
      "returncode": 0,
      "stdout_tail": "0_100_bps\\\", \\\"op\\\": \\\">=\\\", \\\"threshold\\\": -14.337320822584214}]\",\n  \"raw_selected_rule_id_before_global_gate\": \"D150C_M5_ret_6h_bps_GEQ35__trend_50_100_bps_GEQ35\",\n  \"raw_selected_label_before_global_gate\": \"m5: ret_6h_bps >= q35 AND trend_50_100_bps >= q35\",\n  \"risk_summary\": \"/Users/vahid/Desktop/xauusd-trader/reports/stage145_clean_ledger_performance_gate/stage145_clean_ledger_performance_gate_summary.json\",\n  \"global_freeze_guard\": true,\n  \"global_gate_freeze_active\": true,\n  \"global_gate_info\": {\n    \"global_gate_freeze_active\": true,\n    \"global_gate_reason\": \"Stage145 aggregate gate requires freeze/repair: gate_decision=STAGE145_FREEZE_REPAIR_RULE_NEGATIVE_EXPECTANCY; recommended_action=FREEZE_CURRENT_RULE_AND_REPAIR_DISCOVERY; severity=HIGH; closed_trade_count=12; total_bps=-9.72; mean_bps=-0.81; win_rate=0.5\",\n    \"global_gate_decision\": \"STAGE145_FREEZE_REPAIR_RULE_NEGATIVE_EXPECTANCY\",\n    \"global_recommended_action\": \"FREEZE_CURRENT_RULE_AND_REPAIR_DISCOVERY\",\n    \"global_severity\": \"HIGH\",\n    \"global_closed_trade_count\": 12,\n    \"global_total_bps\": -9.72,\n    \"global_mean_bps\": -0.81,\n    \"global_win_rate\": 0.5,\n    \"min_global_gate_trades\": 10\n  },\n  \"block_negative_demo_families\": true,\n  \"risk_blocked_family_count\": 4,\n  \"risk_blocked_candidate_count\": 27,\n  \"blocked_family_keys\": [\n    \"D138C_ret_48h_bps__trend_50_100_bps\",\n    \"D150C_M5_ret_12h_bps__trend_50_100_bps\",\n    \"D150C_M5_ret_3h_bps__ret_24h_bps\",\n    \"D150C_M5_trend_8_20_bps__trend_50_100_bps\"\n  ],\n  \"blocked_family_rows\": [\n    {\n      \"family_key\": \"D138C_ret_48h_bps__trend_50_100_bps\",\n      \"closed_trade_count\": 6,\n      \"total_bps\": -1.29,\n      \"mean_bps\": -0.21,\n      \"total_net_profit\": -0.94,\n      \"last_rule_id\": \"D138C_ret_48h_bps_GEQ65__trend_50_100_bps_LEQ65\",\n      \"last_outcome\": \"PROFIT\"\n    },\n    {\n      \"family_key\": \"D150C_M5_ret_12h_bps__trend_50_100_bps\",\n      \"closed_trade_count\": 1,\n      \"total_bps\": -57.1,\n      \"mean_bps\": -57.1,\n      \"total_net_profit\": -23.65,\n      \"last_rule_id\": \"D150C_M5_ret_12h_bps_GEQ35__trend_50_100_bps_GEQ35\",\n      \"last_outcome\": \"LOSS\"\n    },\n    {\n      \"family_key\": \"D150C_M5_ret_3h_bps__ret_24h_bps\",\n      \"closed_trade_count\": 1,\n      \"total_bps\": -19.35,\n      \"mean_bps\": -19.35,\n      \"total_net_profit\": -8.72,\n      \"last_rule_id\": \"D150C_M5_ret_3h_bps_GEQ65__ret_24h_bps_GEQ35\",\n      \"last_outcome\": \"LOSS\"\n    },\n    {\n      \"family_key\": \"D150C_M5_trend_8_20_bps__trend_50_100_bps\",\n      \"closed_trade_count\": 1,\n      \"total_bps\": -50.52,\n      \"mean_bps\": -50.52,\n      \"total_net_profit\": -21.22,\n      \"last_rule_id\": \"D150C_M5_trend_8_20_bps_GEQ65__trend_50_100_bps_GEQ35\",\n      \"last_outcome\": \"LOSS\"\n    }\n  ],\n  \"repo_kv\": \"/Users/vahid/Desktop/xauusd-trader/data/demo_execution/xauusd_stage155_m5_active_router_rule_state_kv.csv\",\n  \"repo_latest\": \"/Users/vahid/Desktop/xauusd-trader/data/demo_execution/xauusd_stage155_m5_active_router_rule_state_latest.csv\",\n  \"mt5_kv_written\": true,\n  \"mt5_kv\": \"/Users/vahid/Library/Application Support/net.metaquotes.wine.metatrader5/drive_c/Program Files/MetaTrader 5/MQL5/Files/xauusd_stage155_m5_active_router_rule_state_kv.csv\",\n  \"mt5_latest\": \"/Users/vahid/Library/Application Support/net.metaquotes.wine.metatrader5/drive_c/Program Files/MetaTrader 5/MQL5/Files/xauusd_stage155_m5_active_router_rule_state_latest.csv\",\n  \"stage134_instruction\": {\n    \"InpRuleStateKvFile\": \"xauusd_stage155_m5_active_router_rule_state_kv.csv\",\n    \"InpAllowedRules\": \"all\",\n    \"keep_InpEnableDemoOrders\": \"true only on demo account\"\n  },\n  \"summary_json\": \"/Users/vahid/Desktop/xauusd-trader/reports/stage155_active_router_demo_risk_guard/m5/stage155_active_router_demo_risk_guard_summary.json\",\n  \"next\": [\n    \"Use this Stage157-hardened router behind Stage156; it preserves Stage155 KV filename so Stage134 input does not need to change.\",\n    \"If global_gate_freeze_active is true, keep demo orders blocked and repair discovery before re-enabling routing.\"\n  ]\n}\n",
      "stderr_tail": ""
    }
  ],
  "next": [
    "If classification is NO_ACTIVE_RULE, keep Stage155 running and do not patch unless inactivity is commercially unacceptable over a defined window.",
    "If classification is SOURCE_STALE or BLOCKED_STALE, update the M5 CSV and run this unifier again.",
    "Use --db-update-command only after identifying the repo's current AMarkets DB updater command."
  ]
}
{
  "stage": "Stage156_OPERATIONAL_UNIFIER",
  "generated_utc": "2026-07-08T07:25:49Z",
  "status": "STAGE156_COMPLETE_OPERATIONAL_UNIFIER_READY",
  "classification": "BLOCKED_STALE",
  "reason": "Stage134 blocked because feature_date is stale; update source CSV or ensure router scheduler is running.",
  "root": "/Users/vahid/Desktop/xauusd-trader",
  "mt5_files": "/Users/vahid/Library/Application Support/net.metaquotes.wine.metatrader5/drive_c/Program Files/MetaTrader 5/MQL5/Files",
  "source": {
    "bars_m5": "/Users/vahid/Downloads/xauusd_fundamental_event_inbox/amarkets_xauusd_5m.csv",
    "exists": true,
    "row_count_including_header_if_any": 318862,
    "last_line": "2026.07.08\t07:40:00\t4125.25\t4125.65\t4121.97\t4123.09\t307\t0\t36",
    "raw_latest_time": "2026-07-08T07:40:00Z",
    "timestamp_shift_hours": -3.0,
    "normalized_latest_time": "2026-07-08T04:40:00Z",
    "feature_age_sec": 9950,
    "max_feature_age_sec": 7200,
    "source_fresh": false
  },
  "router": {
    "cmd": "/Library/Frameworks/Python.framework/Versions/3.14/bin/python3 app/stage154_active_shortlist_rule_router.py --root /Users/vahid/Desktop/xauusd-trader --bars /Users/vahid/Downloads/xauusd_fundamental_event_inbox/amarkets_xauusd_5m.csv --score-csv /Users/vahid/Desktop/xauusd-trader/reports/stage150_mtf_separated_validation_discovery/m5/stage150_candidate_scores.csv --risk-summary /Users/vahid/Desktop/xauusd-trader/reports/stage145_clean_ledger_performance_gate/stage145_clean_ledger_performance_gate_summary.json --tf m5 --timeframe-minutes 5 --max-feature-age-sec 7200 --timestamp-shift-hours -3.0 --write-mt5",
    "kv_path": "/Users/vahid/Library/Application Support/net.metaquotes.wine.metatrader5/drive_c/Program Files/MetaTrader 5/MQL5/Files/xauusd_stage155_m5_active_router_rule_state_kv.csv",
    "decision": "STAGE157_GLOBAL_PERFORMANCE_FREEZE_NO_ORDER",
    "any_signal_active": "false",
    "selected_rule_id": "",
    "selected_family_key": "",
    "active_shortlist_count": "94",
    "eligible_shortlist_count": "191",
    "risk_blocked_family_count": "4"
  },
  "stage134": {
    "kv_path": "/Users/vahid/Library/Application Support/net.metaquotes.wine.metatrader5/drive_c/Program Files/MetaTrader 5/MQL5/Files/xauusd_stage134_demo_executor_status_kv.csv",
    "decision": "BLOCKED_SIGNAL_STALE",
    "reason": "feature_date is stale/missing/unparseable; freshness is based on feature_date UTC, not file modified time",
    "feature_date": "2026-07-08T04:40:00Z",
    "signal_fresh": "false",
    "signal_age_sec": "9963",
    "any_signal_active": "false",
    "open_positions": "1",
    "last_success_signal_key": "2026-07-08T04:40:00Z|D150C_M5_ret_6h_bps_GEQ35__trend_50_100_bps_GEQ35",
    "last_attempt_signal_key": "2026-07-08T04:40:00Z|D150C_M5_ret_6h_bps_GEQ35__trend_50_100_bps_GEQ35"
  },
  "commands": [
    {
      "cmd": "/Library/Frameworks/Python.framework/Versions/3.14/bin/python3 app/stage154_active_shortlist_rule_router.py --root /Users/vahid/Desktop/xauusd-trader --bars /Users/vahid/Downloads/xauusd_fundamental_event_inbox/amarkets_xauusd_5m.csv --score-csv /Users/vahid/Desktop/xauusd-trader/reports/stage150_mtf_separated_validation_discovery/m5/stage150_candidate_scores.csv --risk-summary /Users/vahid/Desktop/xauusd-trader/reports/stage145_clean_ledger_performance_gate/stage145_clean_ledger_performance_gate_summary.json --tf m5 --timeframe-minutes 5 --max-feature-age-sec 7200 --timestamp-shift-hours -3.0 --write-mt5",
      "started_utc": "2026-07-08T07:25:50Z",
      "finished_utc": "2026-07-08T07:26:06Z",
      "returncode": 0,
      "stdout_tail": "0_100_bps\\\", \\\"op\\\": \\\">=\\\", \\\"threshold\\\": -14.337320822584214}]\",\n  \"raw_selected_rule_id_before_global_gate\": \"D150C_M5_ret_6h_bps_GEQ35__trend_50_100_bps_GEQ35\",\n  \"raw_selected_label_before_global_gate\": \"m5: ret_6h_bps >= q35 AND trend_50_100_bps >= q35\",\n  \"risk_summary\": \"/Users/vahid/Desktop/xauusd-trader/reports/stage145_clean_ledger_performance_gate/stage145_clean_ledger_performance_gate_summary.json\",\n  \"global_freeze_guard\": true,\n  \"global_gate_freeze_active\": true,\n  \"global_gate_info\": {\n    \"global_gate_freeze_active\": true,\n    \"global_gate_reason\": \"Stage145 aggregate gate requires freeze/repair: gate_decision=STAGE145_FREEZE_REPAIR_RULE_NEGATIVE_EXPECTANCY; recommended_action=FREEZE_CURRENT_RULE_AND_REPAIR_DISCOVERY; severity=HIGH; closed_trade_count=12; total_bps=-9.72; mean_bps=-0.81; win_rate=0.5\",\n    \"global_gate_decision\": \"STAGE145_FREEZE_REPAIR_RULE_NEGATIVE_EXPECTANCY\",\n    \"global_recommended_action\": \"FREEZE_CURRENT_RULE_AND_REPAIR_DISCOVERY\",\n    \"global_severity\": \"HIGH\",\n    \"global_closed_trade_count\": 12,\n    \"global_total_bps\": -9.72,\n    \"global_mean_bps\": -0.81,\n    \"global_win_rate\": 0.5,\n    \"min_global_gate_trades\": 10\n  },\n  \"block_negative_demo_families\": true,\n  \"risk_blocked_family_count\": 4,\n  \"risk_blocked_candidate_count\": 27,\n  \"blocked_family_keys\": [\n    \"D138C_ret_48h_bps__trend_50_100_bps\",\n    \"D150C_M5_ret_12h_bps__trend_50_100_bps\",\n    \"D150C_M5_ret_3h_bps__ret_24h_bps\",\n    \"D150C_M5_trend_8_20_bps__trend_50_100_bps\"\n  ],\n  \"blocked_family_rows\": [\n    {\n      \"family_key\": \"D138C_ret_48h_bps__trend_50_100_bps\",\n      \"closed_trade_count\": 6,\n      \"total_bps\": -1.29,\n      \"mean_bps\": -0.21,\n      \"total_net_profit\": -0.94,\n      \"last_rule_id\": \"D138C_ret_48h_bps_GEQ65__trend_50_100_bps_LEQ65\",\n      \"last_outcome\": \"PROFIT\"\n    },\n    {\n      \"family_key\": \"D150C_M5_ret_12h_bps__trend_50_100_bps\",\n      \"closed_trade_count\": 1,\n      \"total_bps\": -57.1,\n      \"mean_bps\": -57.1,\n      \"total_net_profit\": -23.65,\n      \"last_rule_id\": \"D150C_M5_ret_12h_bps_GEQ35__trend_50_100_bps_GEQ35\",\n      \"last_outcome\": \"LOSS\"\n    },\n    {\n      \"family_key\": \"D150C_M5_ret_3h_bps__ret_24h_bps\",\n      \"closed_trade_count\": 1,\n      \"total_bps\": -19.35,\n      \"mean_bps\": -19.35,\n      \"total_net_profit\": -8.72,\n      \"last_rule_id\": \"D150C_M5_ret_3h_bps_GEQ65__ret_24h_bps_GEQ35\",\n      \"last_outcome\": \"LOSS\"\n    },\n    {\n      \"family_key\": \"D150C_M5_trend_8_20_bps__trend_50_100_bps\",\n      \"closed_trade_count\": 1,\n      \"total_bps\": -50.52,\n      \"mean_bps\": -50.52,\n      \"total_net_profit\": -21.22,\n      \"last_rule_id\": \"D150C_M5_trend_8_20_bps_GEQ65__trend_50_100_bps_GEQ35\",\n      \"last_outcome\": \"LOSS\"\n    }\n  ],\n  \"repo_kv\": \"/Users/vahid/Desktop/xauusd-trader/data/demo_execution/xauusd_stage155_m5_active_router_rule_state_kv.csv\",\n  \"repo_latest\": \"/Users/vahid/Desktop/xauusd-trader/data/demo_execution/xauusd_stage155_m5_active_router_rule_state_latest.csv\",\n  \"mt5_kv_written\": true,\n  \"mt5_kv\": \"/Users/vahid/Library/Application Support/net.metaquotes.wine.metatrader5/drive_c/Program Files/MetaTrader 5/MQL5/Files/xauusd_stage155_m5_active_router_rule_state_kv.csv\",\n  \"mt5_latest\": \"/Users/vahid/Library/Application Support/net.metaquotes.wine.metatrader5/drive_c/Program Files/MetaTrader 5/MQL5/Files/xauusd_stage155_m5_active_router_rule_state_latest.csv\",\n  \"stage134_instruction\": {\n    \"InpRuleStateKvFile\": \"xauusd_stage155_m5_active_router_rule_state_kv.csv\",\n    \"InpAllowedRules\": \"all\",\n    \"keep_InpEnableDemoOrders\": \"true only on demo account\"\n  },\n  \"summary_json\": \"/Users/vahid/Desktop/xauusd-trader/reports/stage155_active_router_demo_risk_guard/m5/stage155_active_router_demo_risk_guard_summary.json\",\n  \"next\": [\n    \"Use this Stage157-hardened router behind Stage156; it preserves Stage155 KV filename so Stage134 input does not need to change.\",\n    \"If global_gate_freeze_active is true, keep demo orders blocked and repair discovery before re-enabling routing.\"\n  ]\n}\n",
      "stderr_tail": ""
    }
  ],
  "next": [
    "If classification is NO_ACTIVE_RULE, keep Stage155 running and do not patch unless inactivity is commercially unacceptable over a defined window.",
    "If classification is SOURCE_STALE or BLOCKED_STALE, update the M5 CSV and run this unifier again.",
    "Use --db-update-command only after identifying the repo's current AMarkets DB updater command."
  ]
}
{
  "stage": "Stage156_OPERATIONAL_UNIFIER",
  "generated_utc": "2026-07-08T07:31:09Z",
  "status": "STAGE156_COMPLETE_OPERATIONAL_UNIFIER_READY",
  "classification": "POSITION_OPEN",
  "reason": "Stage134 sees an open position; duplicate orders correctly blocked.",
  "root": "/Users/vahid/Desktop/xauusd-trader",
  "mt5_files": "/Users/vahid/Library/Application Support/net.metaquotes.wine.metatrader5/drive_c/Program Files/MetaTrader 5/MQL5/Files",
  "source": {
    "bars_m5": "/Users/vahid/Downloads/xauusd_fundamental_event_inbox/amarkets_xauusd_5m.csv",
    "exists": true,
    "row_count_including_header_if_any": 318862,
    "last_line": "2026.07.08\t07:40:00\t4125.25\t4125.65\t4121.97\t4123.09\t307\t0\t36",
    "raw_latest_time": "2026-07-08T07:40:00Z",
    "timestamp_shift_hours": -3.0,
    "normalized_latest_time": "2026-07-08T04:40:00Z",
    "feature_age_sec": 10269,
    "max_feature_age_sec": 7200,
    "source_fresh": false
  },
  "router": {
    "cmd": "/Library/Frameworks/Python.framework/Versions/3.14/bin/python3 app/stage154_active_shortlist_rule_router.py --root /Users/vahid/Desktop/xauusd-trader --bars /Users/vahid/Downloads/xauusd_fundamental_event_inbox/amarkets_xauusd_5m.csv --score-csv /Users/vahid/Desktop/xauusd-trader/reports/stage150_mtf_separated_validation_discovery/m5/stage150_candidate_scores.csv --risk-summary /Users/vahid/Desktop/xauusd-trader/reports/stage145_clean_ledger_performance_gate/stage145_clean_ledger_performance_gate_summary.json --tf m5 --timeframe-minutes 5 --max-feature-age-sec 7200 --timestamp-shift-hours -3.0 --write-mt5",
    "kv_path": "/Users/vahid/Library/Application Support/net.metaquotes.wine.metatrader5/drive_c/Program Files/MetaTrader 5/MQL5/Files/xauusd_stage155_m5_active_router_rule_state_kv.csv",
    "decision": "STAGE157_GLOBAL_PERFORMANCE_FREEZE_NO_ORDER",
    "any_signal_active": "false",
    "selected_rule_id": "",
    "selected_family_key": "",
    "active_shortlist_count": "94",
    "eligible_shortlist_count": "191",
    "risk_blocked_family_count": "4"
  },
  "stage134": {
    "kv_path": "/Users/vahid/Library/Application Support/net.metaquotes.wine.metatrader5/drive_c/Program Files/MetaTrader 5/MQL5/Files/xauusd_stage134_demo_executor_status_kv.csv",
    "decision": "BLOCKED_TRADING_NOT_ALLOWED",
    "reason": "terminal/mql/account trading flag is disabled",
    "feature_date": "2026-07-08T04:40:00Z",
    "signal_fresh": "false",
    "signal_age_sec": "10260",
    "any_signal_active": "false",
    "open_positions": "1",
    "last_success_signal_key": "2026-07-08T04:40:00Z|D150C_M5_ret_6h_bps_GEQ35__trend_50_100_bps_GEQ35",
    "last_attempt_signal_key": "2026-07-08T04:40:00Z|D150C_M5_ret_6h_bps_GEQ35__trend_50_100_bps_GEQ35"
  },
  "commands": [
    {
      "cmd": "/Library/Frameworks/Python.framework/Versions/3.14/bin/python3 app/stage154_active_shortlist_rule_router.py --root /Users/vahid/Desktop/xauusd-trader --bars /Users/vahid/Downloads/xauusd_fundamental_event_inbox/amarkets_xauusd_5m.csv --score-csv /Users/vahid/Desktop/xauusd-trader/reports/stage150_mtf_separated_validation_discovery/m5/stage150_candidate_scores.csv --risk-summary /Users/vahid/Desktop/xauusd-trader/reports/stage145_clean_ledger_performance_gate/stage145_clean_ledger_performance_gate_summary.json --tf m5 --timeframe-minutes 5 --max-feature-age-sec 7200 --timestamp-shift-hours -3.0 --write-mt5",
      "started_utc": "2026-07-08T07:31:09Z",
      "finished_utc": "2026-07-08T07:31:20Z",
      "returncode": 0,
      "stdout_tail": "0_100_bps\\\", \\\"op\\\": \\\">=\\\", \\\"threshold\\\": -14.337320822584214}]\",\n  \"raw_selected_rule_id_before_global_gate\": \"D150C_M5_ret_6h_bps_GEQ35__trend_50_100_bps_GEQ35\",\n  \"raw_selected_label_before_global_gate\": \"m5: ret_6h_bps >= q35 AND trend_50_100_bps >= q35\",\n  \"risk_summary\": \"/Users/vahid/Desktop/xauusd-trader/reports/stage145_clean_ledger_performance_gate/stage145_clean_ledger_performance_gate_summary.json\",\n  \"global_freeze_guard\": true,\n  \"global_gate_freeze_active\": true,\n  \"global_gate_info\": {\n    \"global_gate_freeze_active\": true,\n    \"global_gate_reason\": \"Stage145 aggregate gate requires freeze/repair: gate_decision=STAGE145_FREEZE_REPAIR_RULE_NEGATIVE_EXPECTANCY; recommended_action=FREEZE_CURRENT_RULE_AND_REPAIR_DISCOVERY; severity=HIGH; closed_trade_count=12; total_bps=-9.72; mean_bps=-0.81; win_rate=0.5\",\n    \"global_gate_decision\": \"STAGE145_FREEZE_REPAIR_RULE_NEGATIVE_EXPECTANCY\",\n    \"global_recommended_action\": \"FREEZE_CURRENT_RULE_AND_REPAIR_DISCOVERY\",\n    \"global_severity\": \"HIGH\",\n    \"global_closed_trade_count\": 12,\n    \"global_total_bps\": -9.72,\n    \"global_mean_bps\": -0.81,\n    \"global_win_rate\": 0.5,\n    \"min_global_gate_trades\": 10\n  },\n  \"block_negative_demo_families\": true,\n  \"risk_blocked_family_count\": 4,\n  \"risk_blocked_candidate_count\": 27,\n  \"blocked_family_keys\": [\n    \"D138C_ret_48h_bps__trend_50_100_bps\",\n    \"D150C_M5_ret_12h_bps__trend_50_100_bps\",\n    \"D150C_M5_ret_3h_bps__ret_24h_bps\",\n    \"D150C_M5_trend_8_20_bps__trend_50_100_bps\"\n  ],\n  \"blocked_family_rows\": [\n    {\n      \"family_key\": \"D138C_ret_48h_bps__trend_50_100_bps\",\n      \"closed_trade_count\": 6,\n      \"total_bps\": -1.29,\n      \"mean_bps\": -0.21,\n      \"total_net_profit\": -0.94,\n      \"last_rule_id\": \"D138C_ret_48h_bps_GEQ65__trend_50_100_bps_LEQ65\",\n      \"last_outcome\": \"PROFIT\"\n    },\n    {\n      \"family_key\": \"D150C_M5_ret_12h_bps__trend_50_100_bps\",\n      \"closed_trade_count\": 1,\n      \"total_bps\": -57.1,\n      \"mean_bps\": -57.1,\n      \"total_net_profit\": -23.65,\n      \"last_rule_id\": \"D150C_M5_ret_12h_bps_GEQ35__trend_50_100_bps_GEQ35\",\n      \"last_outcome\": \"LOSS\"\n    },\n    {\n      \"family_key\": \"D150C_M5_ret_3h_bps__ret_24h_bps\",\n      \"closed_trade_count\": 1,\n      \"total_bps\": -19.35,\n      \"mean_bps\": -19.35,\n      \"total_net_profit\": -8.72,\n      \"last_rule_id\": \"D150C_M5_ret_3h_bps_GEQ65__ret_24h_bps_GEQ35\",\n      \"last_outcome\": \"LOSS\"\n    },\n    {\n      \"family_key\": \"D150C_M5_trend_8_20_bps__trend_50_100_bps\",\n      \"closed_trade_count\": 1,\n      \"total_bps\": -50.52,\n      \"mean_bps\": -50.52,\n      \"total_net_profit\": -21.22,\n      \"last_rule_id\": \"D150C_M5_trend_8_20_bps_GEQ65__trend_50_100_bps_GEQ35\",\n      \"last_outcome\": \"LOSS\"\n    }\n  ],\n  \"repo_kv\": \"/Users/vahid/Desktop/xauusd-trader/data/demo_execution/xauusd_stage155_m5_active_router_rule_state_kv.csv\",\n  \"repo_latest\": \"/Users/vahid/Desktop/xauusd-trader/data/demo_execution/xauusd_stage155_m5_active_router_rule_state_latest.csv\",\n  \"mt5_kv_written\": true,\n  \"mt5_kv\": \"/Users/vahid/Library/Application Support/net.metaquotes.wine.metatrader5/drive_c/Program Files/MetaTrader 5/MQL5/Files/xauusd_stage155_m5_active_router_rule_state_kv.csv\",\n  \"mt5_latest\": \"/Users/vahid/Library/Application Support/net.metaquotes.wine.metatrader5/drive_c/Program Files/MetaTrader 5/MQL5/Files/xauusd_stage155_m5_active_router_rule_state_latest.csv\",\n  \"stage134_instruction\": {\n    \"InpRuleStateKvFile\": \"xauusd_stage155_m5_active_router_rule_state_kv.csv\",\n    \"InpAllowedRules\": \"all\",\n    \"keep_InpEnableDemoOrders\": \"true only on demo account\"\n  },\n  \"summary_json\": \"/Users/vahid/Desktop/xauusd-trader/reports/stage155_active_router_demo_risk_guard/m5/stage155_active_router_demo_risk_guard_summary.json\",\n  \"next\": [\n    \"Use this Stage157-hardened router behind Stage156; it preserves Stage155 KV filename so Stage134 input does not need to change.\",\n    \"If global_gate_freeze_active is true, keep demo orders blocked and repair discovery before re-enabling routing.\"\n  ]\n}\n",
      "stderr_tail": ""
    }
  ],
  "next": [
    "If classification is NO_ACTIVE_RULE, keep Stage155 running and do not patch unless inactivity is commercially unacceptable over a defined window.",
    "If classification is SOURCE_STALE or BLOCKED_STALE, update the M5 CSV and run this unifier again.",
    "Use --db-update-command only after identifying the repo's current AMarkets DB updater command."
  ]
}
{
  "stage": "Stage156_OPERATIONAL_UNIFIER",
  "generated_utc": "2026-07-08T07:36:23Z",
  "status": "STAGE156_COMPLETE_OPERATIONAL_UNIFIER_READY",
  "classification": "BLOCKED_STALE",
  "reason": "Stage134 blocked because feature_date is stale; update source CSV or ensure router scheduler is running.",
  "root": "/Users/vahid/Desktop/xauusd-trader",
  "mt5_files": "/Users/vahid/Library/Application Support/net.metaquotes.wine.metatrader5/drive_c/Program Files/MetaTrader 5/MQL5/Files",
  "source": {
    "bars_m5": "/Users/vahid/Downloads/xauusd_fundamental_event_inbox/amarkets_xauusd_5m.csv",
    "exists": true,
    "row_count_including_header_if_any": 318862,
    "last_line": "2026.07.08\t07:40:00\t4125.25\t4125.65\t4121.97\t4123.09\t307\t0\t36",
    "raw_latest_time": "2026-07-08T07:40:00Z",
    "timestamp_shift_hours": -3.0,
    "normalized_latest_time": "2026-07-08T04:40:00Z",
    "feature_age_sec": 10584,
    "max_feature_age_sec": 7200,
    "source_fresh": false
  },
  "router": {
    "cmd": "/Library/Frameworks/Python.framework/Versions/3.14/bin/python3 app/stage154_active_shortlist_rule_router.py --root /Users/vahid/Desktop/xauusd-trader --bars /Users/vahid/Downloads/xauusd_fundamental_event_inbox/amarkets_xauusd_5m.csv --score-csv /Users/vahid/Desktop/xauusd-trader/reports/stage150_mtf_separated_validation_discovery/m5/stage150_candidate_scores.csv --risk-summary /Users/vahid/Desktop/xauusd-trader/reports/stage145_clean_ledger_performance_gate/stage145_clean_ledger_performance_gate_summary.json --tf m5 --timeframe-minutes 5 --max-feature-age-sec 7200 --timestamp-shift-hours -3.0 --write-mt5",
    "kv_path": "/Users/vahid/Library/Application Support/net.metaquotes.wine.metatrader5/drive_c/Program Files/MetaTrader 5/MQL5/Files/xauusd_stage155_m5_active_router_rule_state_kv.csv",
    "decision": "STAGE157_GLOBAL_PERFORMANCE_FREEZE_NO_ORDER",
    "any_signal_active": "false",
    "selected_rule_id": "",
    "selected_family_key": "",
    "active_shortlist_count": "94",
    "eligible_shortlist_count": "191",
    "risk_blocked_family_count": "4"
  },
  "stage134": {
    "kv_path": "/Users/vahid/Library/Application Support/net.metaquotes.wine.metatrader5/drive_c/Program Files/MetaTrader 5/MQL5/Files/xauusd_stage134_demo_executor_status_kv.csv",
    "decision": "BLOCKED_SIGNAL_STALE",
    "reason": "feature_date is stale/missing/unparseable; freshness is based on feature_date UTC, not file modified time",
    "feature_date": "2026-07-08T04:40:00Z",
    "signal_fresh": "false",
    "signal_age_sec": "10590",
    "any_signal_active": "false",
    "open_positions": "1",
    "last_success_signal_key": "2026-07-08T04:40:00Z|D150C_M5_ret_6h_bps_GEQ35__trend_50_100_bps_GEQ35",
    "last_attempt_signal_key": "2026-07-08T04:40:00Z|D150C_M5_ret_6h_bps_GEQ35__trend_50_100_bps_GEQ35"
  },
  "commands": [
    {
      "cmd": "/Library/Frameworks/Python.framework/Versions/3.14/bin/python3 app/stage154_active_shortlist_rule_router.py --root /Users/vahid/Desktop/xauusd-trader --bars /Users/vahid/Downloads/xauusd_fundamental_event_inbox/amarkets_xauusd_5m.csv --score-csv /Users/vahid/Desktop/xauusd-trader/reports/stage150_mtf_separated_validation_discovery/m5/stage150_candidate_scores.csv --risk-summary /Users/vahid/Desktop/xauusd-trader/reports/stage145_clean_ledger_performance_gate/stage145_clean_ledger_performance_gate_summary.json --tf m5 --timeframe-minutes 5 --max-feature-age-sec 7200 --timestamp-shift-hours -3.0 --write-mt5",
      "started_utc": "2026-07-08T07:36:24Z",
      "finished_utc": "2026-07-08T07:36:40Z",
      "returncode": 0,
      "stdout_tail": "0_100_bps\\\", \\\"op\\\": \\\">=\\\", \\\"threshold\\\": -14.337320822584214}]\",\n  \"raw_selected_rule_id_before_global_gate\": \"D150C_M5_ret_6h_bps_GEQ35__trend_50_100_bps_GEQ35\",\n  \"raw_selected_label_before_global_gate\": \"m5: ret_6h_bps >= q35 AND trend_50_100_bps >= q35\",\n  \"risk_summary\": \"/Users/vahid/Desktop/xauusd-trader/reports/stage145_clean_ledger_performance_gate/stage145_clean_ledger_performance_gate_summary.json\",\n  \"global_freeze_guard\": true,\n  \"global_gate_freeze_active\": true,\n  \"global_gate_info\": {\n    \"global_gate_freeze_active\": true,\n    \"global_gate_reason\": \"Stage145 aggregate gate requires freeze/repair: gate_decision=STAGE145_FREEZE_REPAIR_RULE_NEGATIVE_EXPECTANCY; recommended_action=FREEZE_CURRENT_RULE_AND_REPAIR_DISCOVERY; severity=HIGH; closed_trade_count=12; total_bps=-9.72; mean_bps=-0.81; win_rate=0.5\",\n    \"global_gate_decision\": \"STAGE145_FREEZE_REPAIR_RULE_NEGATIVE_EXPECTANCY\",\n    \"global_recommended_action\": \"FREEZE_CURRENT_RULE_AND_REPAIR_DISCOVERY\",\n    \"global_severity\": \"HIGH\",\n    \"global_closed_trade_count\": 12,\n    \"global_total_bps\": -9.72,\n    \"global_mean_bps\": -0.81,\n    \"global_win_rate\": 0.5,\n    \"min_global_gate_trades\": 10\n  },\n  \"block_negative_demo_families\": true,\n  \"risk_blocked_family_count\": 4,\n  \"risk_blocked_candidate_count\": 27,\n  \"blocked_family_keys\": [\n    \"D138C_ret_48h_bps__trend_50_100_bps\",\n    \"D150C_M5_ret_12h_bps__trend_50_100_bps\",\n    \"D150C_M5_ret_3h_bps__ret_24h_bps\",\n    \"D150C_M5_trend_8_20_bps__trend_50_100_bps\"\n  ],\n  \"blocked_family_rows\": [\n    {\n      \"family_key\": \"D138C_ret_48h_bps__trend_50_100_bps\",\n      \"closed_trade_count\": 6,\n      \"total_bps\": -1.29,\n      \"mean_bps\": -0.21,\n      \"total_net_profit\": -0.94,\n      \"last_rule_id\": \"D138C_ret_48h_bps_GEQ65__trend_50_100_bps_LEQ65\",\n      \"last_outcome\": \"PROFIT\"\n    },\n    {\n      \"family_key\": \"D150C_M5_ret_12h_bps__trend_50_100_bps\",\n      \"closed_trade_count\": 1,\n      \"total_bps\": -57.1,\n      \"mean_bps\": -57.1,\n      \"total_net_profit\": -23.65,\n      \"last_rule_id\": \"D150C_M5_ret_12h_bps_GEQ35__trend_50_100_bps_GEQ35\",\n      \"last_outcome\": \"LOSS\"\n    },\n    {\n      \"family_key\": \"D150C_M5_ret_3h_bps__ret_24h_bps\",\n      \"closed_trade_count\": 1,\n      \"total_bps\": -19.35,\n      \"mean_bps\": -19.35,\n      \"total_net_profit\": -8.72,\n      \"last_rule_id\": \"D150C_M5_ret_3h_bps_GEQ65__ret_24h_bps_GEQ35\",\n      \"last_outcome\": \"LOSS\"\n    },\n    {\n      \"family_key\": \"D150C_M5_trend_8_20_bps__trend_50_100_bps\",\n      \"closed_trade_count\": 1,\n      \"total_bps\": -50.52,\n      \"mean_bps\": -50.52,\n      \"total_net_profit\": -21.22,\n      \"last_rule_id\": \"D150C_M5_trend_8_20_bps_GEQ65__trend_50_100_bps_GEQ35\",\n      \"last_outcome\": \"LOSS\"\n    }\n  ],\n  \"repo_kv\": \"/Users/vahid/Desktop/xauusd-trader/data/demo_execution/xauusd_stage155_m5_active_router_rule_state_kv.csv\",\n  \"repo_latest\": \"/Users/vahid/Desktop/xauusd-trader/data/demo_execution/xauusd_stage155_m5_active_router_rule_state_latest.csv\",\n  \"mt5_kv_written\": true,\n  \"mt5_kv\": \"/Users/vahid/Library/Application Support/net.metaquotes.wine.metatrader5/drive_c/Program Files/MetaTrader 5/MQL5/Files/xauusd_stage155_m5_active_router_rule_state_kv.csv\",\n  \"mt5_latest\": \"/Users/vahid/Library/Application Support/net.metaquotes.wine.metatrader5/drive_c/Program Files/MetaTrader 5/MQL5/Files/xauusd_stage155_m5_active_router_rule_state_latest.csv\",\n  \"stage134_instruction\": {\n    \"InpRuleStateKvFile\": \"xauusd_stage155_m5_active_router_rule_state_kv.csv\",\n    \"InpAllowedRules\": \"all\",\n    \"keep_InpEnableDemoOrders\": \"true only on demo account\"\n  },\n  \"summary_json\": \"/Users/vahid/Desktop/xauusd-trader/reports/stage155_active_router_demo_risk_guard/m5/stage155_active_router_demo_risk_guard_summary.json\",\n  \"next\": [\n    \"Use this Stage157-hardened router behind Stage156; it preserves Stage155 KV filename so Stage134 input does not need to change.\",\n    \"If global_gate_freeze_active is true, keep demo orders blocked and repair discovery before re-enabling routing.\"\n  ]\n}\n",
      "stderr_tail": ""
    }
  ],
  "next": [
    "If classification is NO_ACTIVE_RULE, keep Stage155 running and do not patch unless inactivity is commercially unacceptable over a defined window.",
    "If classification is SOURCE_STALE or BLOCKED_STALE, update the M5 CSV and run this unifier again.",
    "Use --db-update-command only after identifying the repo's current AMarkets DB updater command."
  ]
}
{
  "stage": "Stage156_OPERATIONAL_UNIFIER",
  "generated_utc": "2026-07-08T07:41:43Z",
  "status": "STAGE156_COMPLETE_OPERATIONAL_UNIFIER_READY",
  "classification": "BLOCKED_STALE",
  "reason": "Stage134 blocked because feature_date is stale; update source CSV or ensure router scheduler is running.",
  "root": "/Users/vahid/Desktop/xauusd-trader",
  "mt5_files": "/Users/vahid/Library/Application Support/net.metaquotes.wine.metatrader5/drive_c/Program Files/MetaTrader 5/MQL5/Files",
  "source": {
    "bars_m5": "/Users/vahid/Downloads/xauusd_fundamental_event_inbox/amarkets_xauusd_5m.csv",
    "exists": true,
    "row_count_including_header_if_any": 318862,
    "last_line": "2026.07.08\t07:40:00\t4125.25\t4125.65\t4121.97\t4123.09\t307\t0\t36",
    "raw_latest_time": "2026-07-08T07:40:00Z",
    "timestamp_shift_hours": -3.0,
    "normalized_latest_time": "2026-07-08T04:40:00Z",
    "feature_age_sec": 10903,
    "max_feature_age_sec": 7200,
    "source_fresh": false
  },
  "router": {
    "cmd": "/Library/Frameworks/Python.framework/Versions/3.14/bin/python3 app/stage154_active_shortlist_rule_router.py --root /Users/vahid/Desktop/xauusd-trader --bars /Users/vahid/Downloads/xauusd_fundamental_event_inbox/amarkets_xauusd_5m.csv --score-csv /Users/vahid/Desktop/xauusd-trader/reports/stage150_mtf_separated_validation_discovery/m5/stage150_candidate_scores.csv --risk-summary /Users/vahid/Desktop/xauusd-trader/reports/stage145_clean_ledger_performance_gate/stage145_clean_ledger_performance_gate_summary.json --tf m5 --timeframe-minutes 5 --max-feature-age-sec 7200 --timestamp-shift-hours -3.0 --write-mt5",
    "kv_path": "/Users/vahid/Library/Application Support/net.metaquotes.wine.metatrader5/drive_c/Program Files/MetaTrader 5/MQL5/Files/xauusd_stage155_m5_active_router_rule_state_kv.csv",
    "decision": "STAGE157_GLOBAL_PERFORMANCE_FREEZE_NO_ORDER",
    "any_signal_active": "false",
    "selected_rule_id": "",
    "selected_family_key": "",
    "active_shortlist_count": "94",
    "eligible_shortlist_count": "191",
    "risk_blocked_family_count": "4"
  },
  "stage134": {
    "kv_path": "/Users/vahid/Library/Application Support/net.metaquotes.wine.metatrader5/drive_c/Program Files/MetaTrader 5/MQL5/Files/xauusd_stage134_demo_executor_status_kv.csv",
    "decision": "BLOCKED_SIGNAL_STALE",
    "reason": "feature_date is stale/missing/unparseable; freshness is based on feature_date UTC, not file modified time",
    "feature_date": "2026-07-08T04:40:00Z",
    "signal_fresh": "false",
    "signal_age_sec": "10920",
    "any_signal_active": "false",
    "open_positions": "1",
    "last_success_signal_key": "2026-07-08T04:40:00Z|D150C_M5_ret_6h_bps_GEQ35__trend_50_100_bps_GEQ35",
    "last_attempt_signal_key": "2026-07-08T04:40:00Z|D150C_M5_ret_6h_bps_GEQ35__trend_50_100_bps_GEQ35"
  },
  "commands": [
    {
      "cmd": "/Library/Frameworks/Python.framework/Versions/3.14/bin/python3 app/stage154_active_shortlist_rule_router.py --root /Users/vahid/Desktop/xauusd-trader --bars /Users/vahid/Downloads/xauusd_fundamental_event_inbox/amarkets_xauusd_5m.csv --score-csv /Users/vahid/Desktop/xauusd-trader/reports/stage150_mtf_separated_validation_discovery/m5/stage150_candidate_scores.csv --risk-summary /Users/vahid/Desktop/xauusd-trader/reports/stage145_clean_ledger_performance_gate/stage145_clean_ledger_performance_gate_summary.json --tf m5 --timeframe-minutes 5 --max-feature-age-sec 7200 --timestamp-shift-hours -3.0 --write-mt5",
      "started_utc": "2026-07-08T07:41:43Z",
      "finished_utc": "2026-07-08T07:41:59Z",
      "returncode": 0,
      "stdout_tail": "0_100_bps\\\", \\\"op\\\": \\\">=\\\", \\\"threshold\\\": -14.337320822584214}]\",\n  \"raw_selected_rule_id_before_global_gate\": \"D150C_M5_ret_6h_bps_GEQ35__trend_50_100_bps_GEQ35\",\n  \"raw_selected_label_before_global_gate\": \"m5: ret_6h_bps >= q35 AND trend_50_100_bps >= q35\",\n  \"risk_summary\": \"/Users/vahid/Desktop/xauusd-trader/reports/stage145_clean_ledger_performance_gate/stage145_clean_ledger_performance_gate_summary.json\",\n  \"global_freeze_guard\": true,\n  \"global_gate_freeze_active\": true,\n  \"global_gate_info\": {\n    \"global_gate_freeze_active\": true,\n    \"global_gate_reason\": \"Stage145 aggregate gate requires freeze/repair: gate_decision=STAGE145_FREEZE_REPAIR_RULE_NEGATIVE_EXPECTANCY; recommended_action=FREEZE_CURRENT_RULE_AND_REPAIR_DISCOVERY; severity=HIGH; closed_trade_count=12; total_bps=-9.72; mean_bps=-0.81; win_rate=0.5\",\n    \"global_gate_decision\": \"STAGE145_FREEZE_REPAIR_RULE_NEGATIVE_EXPECTANCY\",\n    \"global_recommended_action\": \"FREEZE_CURRENT_RULE_AND_REPAIR_DISCOVERY\",\n    \"global_severity\": \"HIGH\",\n    \"global_closed_trade_count\": 12,\n    \"global_total_bps\": -9.72,\n    \"global_mean_bps\": -0.81,\n    \"global_win_rate\": 0.5,\n    \"min_global_gate_trades\": 10\n  },\n  \"block_negative_demo_families\": true,\n  \"risk_blocked_family_count\": 4,\n  \"risk_blocked_candidate_count\": 27,\n  \"blocked_family_keys\": [\n    \"D138C_ret_48h_bps__trend_50_100_bps\",\n    \"D150C_M5_ret_12h_bps__trend_50_100_bps\",\n    \"D150C_M5_ret_3h_bps__ret_24h_bps\",\n    \"D150C_M5_trend_8_20_bps__trend_50_100_bps\"\n  ],\n  \"blocked_family_rows\": [\n    {\n      \"family_key\": \"D138C_ret_48h_bps__trend_50_100_bps\",\n      \"closed_trade_count\": 6,\n      \"total_bps\": -1.29,\n      \"mean_bps\": -0.21,\n      \"total_net_profit\": -0.94,\n      \"last_rule_id\": \"D138C_ret_48h_bps_GEQ65__trend_50_100_bps_LEQ65\",\n      \"last_outcome\": \"PROFIT\"\n    },\n    {\n      \"family_key\": \"D150C_M5_ret_12h_bps__trend_50_100_bps\",\n      \"closed_trade_count\": 1,\n      \"total_bps\": -57.1,\n      \"mean_bps\": -57.1,\n      \"total_net_profit\": -23.65,\n      \"last_rule_id\": \"D150C_M5_ret_12h_bps_GEQ35__trend_50_100_bps_GEQ35\",\n      \"last_outcome\": \"LOSS\"\n    },\n    {\n      \"family_key\": \"D150C_M5_ret_3h_bps__ret_24h_bps\",\n      \"closed_trade_count\": 1,\n      \"total_bps\": -19.35,\n      \"mean_bps\": -19.35,\n      \"total_net_profit\": -8.72,\n      \"last_rule_id\": \"D150C_M5_ret_3h_bps_GEQ65__ret_24h_bps_GEQ35\",\n      \"last_outcome\": \"LOSS\"\n    },\n    {\n      \"family_key\": \"D150C_M5_trend_8_20_bps__trend_50_100_bps\",\n      \"closed_trade_count\": 1,\n      \"total_bps\": -50.52,\n      \"mean_bps\": -50.52,\n      \"total_net_profit\": -21.22,\n      \"last_rule_id\": \"D150C_M5_trend_8_20_bps_GEQ65__trend_50_100_bps_GEQ35\",\n      \"last_outcome\": \"LOSS\"\n    }\n  ],\n  \"repo_kv\": \"/Users/vahid/Desktop/xauusd-trader/data/demo_execution/xauusd_stage155_m5_active_router_rule_state_kv.csv\",\n  \"repo_latest\": \"/Users/vahid/Desktop/xauusd-trader/data/demo_execution/xauusd_stage155_m5_active_router_rule_state_latest.csv\",\n  \"mt5_kv_written\": true,\n  \"mt5_kv\": \"/Users/vahid/Library/Application Support/net.metaquotes.wine.metatrader5/drive_c/Program Files/MetaTrader 5/MQL5/Files/xauusd_stage155_m5_active_router_rule_state_kv.csv\",\n  \"mt5_latest\": \"/Users/vahid/Library/Application Support/net.metaquotes.wine.metatrader5/drive_c/Program Files/MetaTrader 5/MQL5/Files/xauusd_stage155_m5_active_router_rule_state_latest.csv\",\n  \"stage134_instruction\": {\n    \"InpRuleStateKvFile\": \"xauusd_stage155_m5_active_router_rule_state_kv.csv\",\n    \"InpAllowedRules\": \"all\",\n    \"keep_InpEnableDemoOrders\": \"true only on demo account\"\n  },\n  \"summary_json\": \"/Users/vahid/Desktop/xauusd-trader/reports/stage155_active_router_demo_risk_guard/m5/stage155_active_router_demo_risk_guard_summary.json\",\n  \"next\": [\n    \"Use this Stage157-hardened router behind Stage156; it preserves Stage155 KV filename so Stage134 input does not need to change.\",\n    \"If global_gate_freeze_active is true, keep demo orders blocked and repair discovery before re-enabling routing.\"\n  ]\n}\n",
      "stderr_tail": ""
    }
  ],
  "next": [
    "If classification is NO_ACTIVE_RULE, keep Stage155 running and do not patch unless inactivity is commercially unacceptable over a defined window.",
    "If classification is SOURCE_STALE or BLOCKED_STALE, update the M5 CSV and run this unifier again.",
    "Use --db-update-command only after identifying the repo's current AMarkets DB updater command."
  ]
}
{
  "stage": "Stage156_OPERATIONAL_UNIFIER",
  "generated_utc": "2026-07-08T07:47:02Z",
  "status": "STAGE156_COMPLETE_OPERATIONAL_UNIFIER_READY",
  "classification": "BLOCKED_STALE",
  "reason": "Stage134 blocked because feature_date is stale; update source CSV or ensure router scheduler is running.",
  "root": "/Users/vahid/Desktop/xauusd-trader",
  "mt5_files": "/Users/vahid/Library/Application Support/net.metaquotes.wine.metatrader5/drive_c/Program Files/MetaTrader 5/MQL5/Files",
  "source": {
    "bars_m5": "/Users/vahid/Downloads/xauusd_fundamental_event_inbox/amarkets_xauusd_5m.csv",
    "exists": true,
    "row_count_including_header_if_any": 318862,
    "last_line": "2026.07.08\t07:40:00\t4125.25\t4125.65\t4121.97\t4123.09\t307\t0\t36",
    "raw_latest_time": "2026-07-08T07:40:00Z",
    "timestamp_shift_hours": -3.0,
    "normalized_latest_time": "2026-07-08T04:40:00Z",
    "feature_age_sec": 11222,
    "max_feature_age_sec": 7200,
    "source_fresh": false
  },
  "router": {
    "cmd": "/Library/Frameworks/Python.framework/Versions/3.14/bin/python3 app/stage154_active_shortlist_rule_router.py --root /Users/vahid/Desktop/xauusd-trader --bars /Users/vahid/Downloads/xauusd_fundamental_event_inbox/amarkets_xauusd_5m.csv --score-csv /Users/vahid/Desktop/xauusd-trader/reports/stage150_mtf_separated_validation_discovery/m5/stage150_candidate_scores.csv --risk-summary /Users/vahid/Desktop/xauusd-trader/reports/stage145_clean_ledger_performance_gate/stage145_clean_ledger_performance_gate_summary.json --tf m5 --timeframe-minutes 5 --max-feature-age-sec 7200 --timestamp-shift-hours -3.0 --write-mt5",
    "kv_path": "/Users/vahid/Library/Application Support/net.metaquotes.wine.metatrader5/drive_c/Program Files/MetaTrader 5/MQL5/Files/xauusd_stage155_m5_active_router_rule_state_kv.csv",
    "decision": "STAGE157_GLOBAL_PERFORMANCE_FREEZE_NO_ORDER",
    "any_signal_active": "false",
    "selected_rule_id": "",
    "selected_family_key": "",
    "active_shortlist_count": "94",
    "eligible_shortlist_count": "191",
    "risk_blocked_family_count": "4"
  },
  "stage134": {
    "kv_path": "/Users/vahid/Library/Application Support/net.metaquotes.wine.metatrader5/drive_c/Program Files/MetaTrader 5/MQL5/Files/xauusd_stage134_demo_executor_status_kv.csv",
    "decision": "BLOCKED_SIGNAL_STALE",
    "reason": "feature_date is stale/missing/unparseable; freshness is based on feature_date UTC, not file modified time",
    "feature_date": "2026-07-08T04:40:00Z",
    "signal_fresh": "false",
    "signal_age_sec": "11220",
    "any_signal_active": "false",
    "open_positions": "1",
    "last_success_signal_key": "2026-07-08T04:40:00Z|D150C_M5_ret_6h_bps_GEQ35__trend_50_100_bps_GEQ35",
    "last_attempt_signal_key": "2026-07-08T04:40:00Z|D150C_M5_ret_6h_bps_GEQ35__trend_50_100_bps_GEQ35"
  },
  "commands": [
    {
      "cmd": "/Library/Frameworks/Python.framework/Versions/3.14/bin/python3 app/stage154_active_shortlist_rule_router.py --root /Users/vahid/Desktop/xauusd-trader --bars /Users/vahid/Downloads/xauusd_fundamental_event_inbox/amarkets_xauusd_5m.csv --score-csv /Users/vahid/Desktop/xauusd-trader/reports/stage150_mtf_separated_validation_discovery/m5/stage150_candidate_scores.csv --risk-summary /Users/vahid/Desktop/xauusd-trader/reports/stage145_clean_ledger_performance_gate/stage145_clean_ledger_performance_gate_summary.json --tf m5 --timeframe-minutes 5 --max-feature-age-sec 7200 --timestamp-shift-hours -3.0 --write-mt5",
      "started_utc": "2026-07-08T07:47:02Z",
      "finished_utc": "2026-07-08T07:47:14Z",
      "returncode": 0,
      "stdout_tail": "0_100_bps\\\", \\\"op\\\": \\\">=\\\", \\\"threshold\\\": -14.337320822584214}]\",\n  \"raw_selected_rule_id_before_global_gate\": \"D150C_M5_ret_6h_bps_GEQ35__trend_50_100_bps_GEQ35\",\n  \"raw_selected_label_before_global_gate\": \"m5: ret_6h_bps >= q35 AND trend_50_100_bps >= q35\",\n  \"risk_summary\": \"/Users/vahid/Desktop/xauusd-trader/reports/stage145_clean_ledger_performance_gate/stage145_clean_ledger_performance_gate_summary.json\",\n  \"global_freeze_guard\": true,\n  \"global_gate_freeze_active\": true,\n  \"global_gate_info\": {\n    \"global_gate_freeze_active\": true,\n    \"global_gate_reason\": \"Stage145 aggregate gate requires freeze/repair: gate_decision=STAGE145_FREEZE_REPAIR_RULE_NEGATIVE_EXPECTANCY; recommended_action=FREEZE_CURRENT_RULE_AND_REPAIR_DISCOVERY; severity=HIGH; closed_trade_count=12; total_bps=-9.72; mean_bps=-0.81; win_rate=0.5\",\n    \"global_gate_decision\": \"STAGE145_FREEZE_REPAIR_RULE_NEGATIVE_EXPECTANCY\",\n    \"global_recommended_action\": \"FREEZE_CURRENT_RULE_AND_REPAIR_DISCOVERY\",\n    \"global_severity\": \"HIGH\",\n    \"global_closed_trade_count\": 12,\n    \"global_total_bps\": -9.72,\n    \"global_mean_bps\": -0.81,\n    \"global_win_rate\": 0.5,\n    \"min_global_gate_trades\": 10\n  },\n  \"block_negative_demo_families\": true,\n  \"risk_blocked_family_count\": 4,\n  \"risk_blocked_candidate_count\": 27,\n  \"blocked_family_keys\": [\n    \"D138C_ret_48h_bps__trend_50_100_bps\",\n    \"D150C_M5_ret_12h_bps__trend_50_100_bps\",\n    \"D150C_M5_ret_3h_bps__ret_24h_bps\",\n    \"D150C_M5_trend_8_20_bps__trend_50_100_bps\"\n  ],\n  \"blocked_family_rows\": [\n    {\n      \"family_key\": \"D138C_ret_48h_bps__trend_50_100_bps\",\n      \"closed_trade_count\": 6,\n      \"total_bps\": -1.29,\n      \"mean_bps\": -0.21,\n      \"total_net_profit\": -0.94,\n      \"last_rule_id\": \"D138C_ret_48h_bps_GEQ65__trend_50_100_bps_LEQ65\",\n      \"last_outcome\": \"PROFIT\"\n    },\n    {\n      \"family_key\": \"D150C_M5_ret_12h_bps__trend_50_100_bps\",\n      \"closed_trade_count\": 1,\n      \"total_bps\": -57.1,\n      \"mean_bps\": -57.1,\n      \"total_net_profit\": -23.65,\n      \"last_rule_id\": \"D150C_M5_ret_12h_bps_GEQ35__trend_50_100_bps_GEQ35\",\n      \"last_outcome\": \"LOSS\"\n    },\n    {\n      \"family_key\": \"D150C_M5_ret_3h_bps__ret_24h_bps\",\n      \"closed_trade_count\": 1,\n      \"total_bps\": -19.35,\n      \"mean_bps\": -19.35,\n      \"total_net_profit\": -8.72,\n      \"last_rule_id\": \"D150C_M5_ret_3h_bps_GEQ65__ret_24h_bps_GEQ35\",\n      \"last_outcome\": \"LOSS\"\n    },\n    {\n      \"family_key\": \"D150C_M5_trend_8_20_bps__trend_50_100_bps\",\n      \"closed_trade_count\": 1,\n      \"total_bps\": -50.52,\n      \"mean_bps\": -50.52,\n      \"total_net_profit\": -21.22,\n      \"last_rule_id\": \"D150C_M5_trend_8_20_bps_GEQ65__trend_50_100_bps_GEQ35\",\n      \"last_outcome\": \"LOSS\"\n    }\n  ],\n  \"repo_kv\": \"/Users/vahid/Desktop/xauusd-trader/data/demo_execution/xauusd_stage155_m5_active_router_rule_state_kv.csv\",\n  \"repo_latest\": \"/Users/vahid/Desktop/xauusd-trader/data/demo_execution/xauusd_stage155_m5_active_router_rule_state_latest.csv\",\n  \"mt5_kv_written\": true,\n  \"mt5_kv\": \"/Users/vahid/Library/Application Support/net.metaquotes.wine.metatrader5/drive_c/Program Files/MetaTrader 5/MQL5/Files/xauusd_stage155_m5_active_router_rule_state_kv.csv\",\n  \"mt5_latest\": \"/Users/vahid/Library/Application Support/net.metaquotes.wine.metatrader5/drive_c/Program Files/MetaTrader 5/MQL5/Files/xauusd_stage155_m5_active_router_rule_state_latest.csv\",\n  \"stage134_instruction\": {\n    \"InpRuleStateKvFile\": \"xauusd_stage155_m5_active_router_rule_state_kv.csv\",\n    \"InpAllowedRules\": \"all\",\n    \"keep_InpEnableDemoOrders\": \"true only on demo account\"\n  },\n  \"summary_json\": \"/Users/vahid/Desktop/xauusd-trader/reports/stage155_active_router_demo_risk_guard/m5/stage155_active_router_demo_risk_guard_summary.json\",\n  \"next\": [\n    \"Use this Stage157-hardened router behind Stage156; it preserves Stage155 KV filename so Stage134 input does not need to change.\",\n    \"If global_gate_freeze_active is true, keep demo orders blocked and repair discovery before re-enabling routing.\"\n  ]\n}\n",
      "stderr_tail": ""
    }
  ],
  "next": [
    "If classification is NO_ACTIVE_RULE, keep Stage155 running and do not patch unless inactivity is commercially unacceptable over a defined window.",
    "If classification is SOURCE_STALE or BLOCKED_STALE, update the M5 CSV and run this unifier again.",
    "Use --db-update-command only after identifying the repo's current AMarkets DB updater command."
  ]
}
{
  "stage": "Stage156_OPERATIONAL_UNIFIER",
  "generated_utc": "2026-07-08T07:52:17Z",
  "status": "STAGE156_COMPLETE_OPERATIONAL_UNIFIER_READY",
  "classification": "BLOCKED_STALE",
  "reason": "Stage134 blocked because feature_date is stale; update source CSV or ensure router scheduler is running.",
  "root": "/Users/vahid/Desktop/xauusd-trader",
  "mt5_files": "/Users/vahid/Library/Application Support/net.metaquotes.wine.metatrader5/drive_c/Program Files/MetaTrader 5/MQL5/Files",
  "source": {
    "bars_m5": "/Users/vahid/Downloads/xauusd_fundamental_event_inbox/amarkets_xauusd_5m.csv",
    "exists": true,
    "row_count_including_header_if_any": 318862,
    "last_line": "2026.07.08\t07:40:00\t4125.25\t4125.65\t4121.97\t4123.09\t307\t0\t36",
    "raw_latest_time": "2026-07-08T07:40:00Z",
    "timestamp_shift_hours": -3.0,
    "normalized_latest_time": "2026-07-08T04:40:00Z",
    "feature_age_sec": 11537,
    "max_feature_age_sec": 7200,
    "source_fresh": false
  },
  "router": {
    "cmd": "/Library/Frameworks/Python.framework/Versions/3.14/bin/python3 app/stage154_active_shortlist_rule_router.py --root /Users/vahid/Desktop/xauusd-trader --bars /Users/vahid/Downloads/xauusd_fundamental_event_inbox/amarkets_xauusd_5m.csv --score-csv /Users/vahid/Desktop/xauusd-trader/reports/stage150_mtf_separated_validation_discovery/m5/stage150_candidate_scores.csv --risk-summary /Users/vahid/Desktop/xauusd-trader/reports/stage145_clean_ledger_performance_gate/stage145_clean_ledger_performance_gate_summary.json --tf m5 --timeframe-minutes 5 --max-feature-age-sec 7200 --timestamp-shift-hours -3.0 --write-mt5",
    "kv_path": "/Users/vahid/Library/Application Support/net.metaquotes.wine.metatrader5/drive_c/Program Files/MetaTrader 5/MQL5/Files/xauusd_stage155_m5_active_router_rule_state_kv.csv",
    "decision": "STAGE157_GLOBAL_PERFORMANCE_FREEZE_NO_ORDER",
    "any_signal_active": "false",
    "selected_rule_id": "",
    "selected_family_key": "",
    "active_shortlist_count": "94",
    "eligible_shortlist_count": "191",
    "risk_blocked_family_count": "4"
  },
  "stage134": {
    "kv_path": "/Users/vahid/Library/Application Support/net.metaquotes.wine.metatrader5/drive_c/Program Files/MetaTrader 5/MQL5/Files/xauusd_stage134_demo_executor_status_kv.csv",
    "decision": "BLOCKED_SIGNAL_STALE",
    "reason": "feature_date is stale/missing/unparseable; freshness is based on feature_date UTC, not file modified time",
    "feature_date": "2026-07-08T04:40:00Z",
    "signal_fresh": "false",
    "signal_age_sec": "11550",
    "any_signal_active": "false",
    "open_positions": "1",
    "last_success_signal_key": "2026-07-08T04:40:00Z|D150C_M5_ret_6h_bps_GEQ35__trend_50_100_bps_GEQ35",
    "last_attempt_signal_key": "2026-07-08T04:40:00Z|D150C_M5_ret_6h_bps_GEQ35__trend_50_100_bps_GEQ35"
  },
  "commands": [
    {
      "cmd": "/Library/Frameworks/Python.framework/Versions/3.14/bin/python3 app/stage154_active_shortlist_rule_router.py --root /Users/vahid/Desktop/xauusd-trader --bars /Users/vahid/Downloads/xauusd_fundamental_event_inbox/amarkets_xauusd_5m.csv --score-csv /Users/vahid/Desktop/xauusd-trader/reports/stage150_mtf_separated_validation_discovery/m5/stage150_candidate_scores.csv --risk-summary /Users/vahid/Desktop/xauusd-trader/reports/stage145_clean_ledger_performance_gate/stage145_clean_ledger_performance_gate_summary.json --tf m5 --timeframe-minutes 5 --max-feature-age-sec 7200 --timestamp-shift-hours -3.0 --write-mt5",
      "started_utc": "2026-07-08T07:52:17Z",
      "finished_utc": "2026-07-08T07:52:30Z",
      "returncode": 0,
      "stdout_tail": "0_100_bps\\\", \\\"op\\\": \\\">=\\\", \\\"threshold\\\": -14.337320822584214}]\",\n  \"raw_selected_rule_id_before_global_gate\": \"D150C_M5_ret_6h_bps_GEQ35__trend_50_100_bps_GEQ35\",\n  \"raw_selected_label_before_global_gate\": \"m5: ret_6h_bps >= q35 AND trend_50_100_bps >= q35\",\n  \"risk_summary\": \"/Users/vahid/Desktop/xauusd-trader/reports/stage145_clean_ledger_performance_gate/stage145_clean_ledger_performance_gate_summary.json\",\n  \"global_freeze_guard\": true,\n  \"global_gate_freeze_active\": true,\n  \"global_gate_info\": {\n    \"global_gate_freeze_active\": true,\n    \"global_gate_reason\": \"Stage145 aggregate gate requires freeze/repair: gate_decision=STAGE145_FREEZE_REPAIR_RULE_NEGATIVE_EXPECTANCY; recommended_action=FREEZE_CURRENT_RULE_AND_REPAIR_DISCOVERY; severity=HIGH; closed_trade_count=12; total_bps=-9.72; mean_bps=-0.81; win_rate=0.5\",\n    \"global_gate_decision\": \"STAGE145_FREEZE_REPAIR_RULE_NEGATIVE_EXPECTANCY\",\n    \"global_recommended_action\": \"FREEZE_CURRENT_RULE_AND_REPAIR_DISCOVERY\",\n    \"global_severity\": \"HIGH\",\n    \"global_closed_trade_count\": 12,\n    \"global_total_bps\": -9.72,\n    \"global_mean_bps\": -0.81,\n    \"global_win_rate\": 0.5,\n    \"min_global_gate_trades\": 10\n  },\n  \"block_negative_demo_families\": true,\n  \"risk_blocked_family_count\": 4,\n  \"risk_blocked_candidate_count\": 27,\n  \"blocked_family_keys\": [\n    \"D138C_ret_48h_bps__trend_50_100_bps\",\n    \"D150C_M5_ret_12h_bps__trend_50_100_bps\",\n    \"D150C_M5_ret_3h_bps__ret_24h_bps\",\n    \"D150C_M5_trend_8_20_bps__trend_50_100_bps\"\n  ],\n  \"blocked_family_rows\": [\n    {\n      \"family_key\": \"D138C_ret_48h_bps__trend_50_100_bps\",\n      \"closed_trade_count\": 6,\n      \"total_bps\": -1.29,\n      \"mean_bps\": -0.21,\n      \"total_net_profit\": -0.94,\n      \"last_rule_id\": \"D138C_ret_48h_bps_GEQ65__trend_50_100_bps_LEQ65\",\n      \"last_outcome\": \"PROFIT\"\n    },\n    {\n      \"family_key\": \"D150C_M5_ret_12h_bps__trend_50_100_bps\",\n      \"closed_trade_count\": 1,\n      \"total_bps\": -57.1,\n      \"mean_bps\": -57.1,\n      \"total_net_profit\": -23.65,\n      \"last_rule_id\": \"D150C_M5_ret_12h_bps_GEQ35__trend_50_100_bps_GEQ35\",\n      \"last_outcome\": \"LOSS\"\n    },\n    {\n      \"family_key\": \"D150C_M5_ret_3h_bps__ret_24h_bps\",\n      \"closed_trade_count\": 1,\n      \"total_bps\": -19.35,\n      \"mean_bps\": -19.35,\n      \"total_net_profit\": -8.72,\n      \"last_rule_id\": \"D150C_M5_ret_3h_bps_GEQ65__ret_24h_bps_GEQ35\",\n      \"last_outcome\": \"LOSS\"\n    },\n    {\n      \"family_key\": \"D150C_M5_trend_8_20_bps__trend_50_100_bps\",\n      \"closed_trade_count\": 1,\n      \"total_bps\": -50.52,\n      \"mean_bps\": -50.52,\n      \"total_net_profit\": -21.22,\n      \"last_rule_id\": \"D150C_M5_trend_8_20_bps_GEQ65__trend_50_100_bps_GEQ35\",\n      \"last_outcome\": \"LOSS\"\n    }\n  ],\n  \"repo_kv\": \"/Users/vahid/Desktop/xauusd-trader/data/demo_execution/xauusd_stage155_m5_active_router_rule_state_kv.csv\",\n  \"repo_latest\": \"/Users/vahid/Desktop/xauusd-trader/data/demo_execution/xauusd_stage155_m5_active_router_rule_state_latest.csv\",\n  \"mt5_kv_written\": true,\n  \"mt5_kv\": \"/Users/vahid/Library/Application Support/net.metaquotes.wine.metatrader5/drive_c/Program Files/MetaTrader 5/MQL5/Files/xauusd_stage155_m5_active_router_rule_state_kv.csv\",\n  \"mt5_latest\": \"/Users/vahid/Library/Application Support/net.metaquotes.wine.metatrader5/drive_c/Program Files/MetaTrader 5/MQL5/Files/xauusd_stage155_m5_active_router_rule_state_latest.csv\",\n  \"stage134_instruction\": {\n    \"InpRuleStateKvFile\": \"xauusd_stage155_m5_active_router_rule_state_kv.csv\",\n    \"InpAllowedRules\": \"all\",\n    \"keep_InpEnableDemoOrders\": \"true only on demo account\"\n  },\n  \"summary_json\": \"/Users/vahid/Desktop/xauusd-trader/reports/stage155_active_router_demo_risk_guard/m5/stage155_active_router_demo_risk_guard_summary.json\",\n  \"next\": [\n    \"Use this Stage157-hardened router behind Stage156; it preserves Stage155 KV filename so Stage134 input does not need to change.\",\n    \"If global_gate_freeze_active is true, keep demo orders blocked and repair discovery before re-enabling routing.\"\n  ]\n}\n",
      "stderr_tail": ""
    }
  ],
  "next": [
    "If classification is NO_ACTIVE_RULE, keep Stage155 running and do not patch unless inactivity is commercially unacceptable over a defined window.",
    "If classification is SOURCE_STALE or BLOCKED_STALE, update the M5 CSV and run this unifier again.",
    "Use --db-update-command only after identifying the repo's current AMarkets DB updater command."
  ]
}
{
  "stage": "Stage156_OPERATIONAL_UNIFIER",
  "generated_utc": "2026-07-08T07:57:32Z",
  "status": "STAGE156_COMPLETE_OPERATIONAL_UNIFIER_READY",
  "classification": "BLOCKED_STALE",
  "reason": "Stage134 blocked because feature_date is stale; update source CSV or ensure router scheduler is running.",
  "root": "/Users/vahid/Desktop/xauusd-trader",
  "mt5_files": "/Users/vahid/Library/Application Support/net.metaquotes.wine.metatrader5/drive_c/Program Files/MetaTrader 5/MQL5/Files",
  "source": {
    "bars_m5": "/Users/vahid/Downloads/xauusd_fundamental_event_inbox/amarkets_xauusd_5m.csv",
    "exists": true,
    "row_count_including_header_if_any": 318862,
    "last_line": "2026.07.08\t07:40:00\t4125.25\t4125.65\t4121.97\t4123.09\t307\t0\t36",
    "raw_latest_time": "2026-07-08T07:40:00Z",
    "timestamp_shift_hours": -3.0,
    "normalized_latest_time": "2026-07-08T04:40:00Z",
    "feature_age_sec": 11853,
    "max_feature_age_sec": 7200,
    "source_fresh": false
  },
  "router": {
    "cmd": "/Library/Frameworks/Python.framework/Versions/3.14/bin/python3 app/stage154_active_shortlist_rule_router.py --root /Users/vahid/Desktop/xauusd-trader --bars /Users/vahid/Downloads/xauusd_fundamental_event_inbox/amarkets_xauusd_5m.csv --score-csv /Users/vahid/Desktop/xauusd-trader/reports/stage150_mtf_separated_validation_discovery/m5/stage150_candidate_scores.csv --risk-summary /Users/vahid/Desktop/xauusd-trader/reports/stage145_clean_ledger_performance_gate/stage145_clean_ledger_performance_gate_summary.json --tf m5 --timeframe-minutes 5 --max-feature-age-sec 7200 --timestamp-shift-hours -3.0 --write-mt5",
    "kv_path": "/Users/vahid/Library/Application Support/net.metaquotes.wine.metatrader5/drive_c/Program Files/MetaTrader 5/MQL5/Files/xauusd_stage155_m5_active_router_rule_state_kv.csv",
    "decision": "STAGE157_GLOBAL_PERFORMANCE_FREEZE_NO_ORDER",
    "any_signal_active": "false",
    "selected_rule_id": "",
    "selected_family_key": "",
    "active_shortlist_count": "94",
    "eligible_shortlist_count": "191",
    "risk_blocked_family_count": "4"
  },
  "stage134": {
    "kv_path": "/Users/vahid/Library/Application Support/net.metaquotes.wine.metatrader5/drive_c/Program Files/MetaTrader 5/MQL5/Files/xauusd_stage134_demo_executor_status_kv.csv",
    "decision": "BLOCKED_SIGNAL_STALE",
    "reason": "feature_date is stale/missing/unparseable; freshness is based on feature_date UTC, not file modified time",
    "feature_date": "2026-07-08T04:40:00Z",
    "signal_fresh": "false",
    "signal_age_sec": "11850",
    "any_signal_active": "false",
    "open_positions": "1",
    "last_success_signal_key": "2026-07-08T04:40:00Z|D150C_M5_ret_6h_bps_GEQ35__trend_50_100_bps_GEQ35",
    "last_attempt_signal_key": "2026-07-08T04:40:00Z|D150C_M5_ret_6h_bps_GEQ35__trend_50_100_bps_GEQ35"
  },
  "commands": [
    {
      "cmd": "/Library/Frameworks/Python.framework/Versions/3.14/bin/python3 app/stage154_active_shortlist_rule_router.py --root /Users/vahid/Desktop/xauusd-trader --bars /Users/vahid/Downloads/xauusd_fundamental_event_inbox/amarkets_xauusd_5m.csv --score-csv /Users/vahid/Desktop/xauusd-trader/reports/stage150_mtf_separated_validation_discovery/m5/stage150_candidate_scores.csv --risk-summary /Users/vahid/Desktop/xauusd-trader/reports/stage145_clean_ledger_performance_gate/stage145_clean_ledger_performance_gate_summary.json --tf m5 --timeframe-minutes 5 --max-feature-age-sec 7200 --timestamp-shift-hours -3.0 --write-mt5",
      "started_utc": "2026-07-08T07:57:33Z",
      "finished_utc": "2026-07-08T07:57:43Z",
      "returncode": 0,
      "stdout_tail": "0_100_bps\\\", \\\"op\\\": \\\">=\\\", \\\"threshold\\\": -14.337320822584214}]\",\n  \"raw_selected_rule_id_before_global_gate\": \"D150C_M5_ret_6h_bps_GEQ35__trend_50_100_bps_GEQ35\",\n  \"raw_selected_label_before_global_gate\": \"m5: ret_6h_bps >= q35 AND trend_50_100_bps >= q35\",\n  \"risk_summary\": \"/Users/vahid/Desktop/xauusd-trader/reports/stage145_clean_ledger_performance_gate/stage145_clean_ledger_performance_gate_summary.json\",\n  \"global_freeze_guard\": true,\n  \"global_gate_freeze_active\": true,\n  \"global_gate_info\": {\n    \"global_gate_freeze_active\": true,\n    \"global_gate_reason\": \"Stage145 aggregate gate requires freeze/repair: gate_decision=STAGE145_FREEZE_REPAIR_RULE_NEGATIVE_EXPECTANCY; recommended_action=FREEZE_CURRENT_RULE_AND_REPAIR_DISCOVERY; severity=HIGH; closed_trade_count=12; total_bps=-9.72; mean_bps=-0.81; win_rate=0.5\",\n    \"global_gate_decision\": \"STAGE145_FREEZE_REPAIR_RULE_NEGATIVE_EXPECTANCY\",\n    \"global_recommended_action\": \"FREEZE_CURRENT_RULE_AND_REPAIR_DISCOVERY\",\n    \"global_severity\": \"HIGH\",\n    \"global_closed_trade_count\": 12,\n    \"global_total_bps\": -9.72,\n    \"global_mean_bps\": -0.81,\n    \"global_win_rate\": 0.5,\n    \"min_global_gate_trades\": 10\n  },\n  \"block_negative_demo_families\": true,\n  \"risk_blocked_family_count\": 4,\n  \"risk_blocked_candidate_count\": 27,\n  \"blocked_family_keys\": [\n    \"D138C_ret_48h_bps__trend_50_100_bps\",\n    \"D150C_M5_ret_12h_bps__trend_50_100_bps\",\n    \"D150C_M5_ret_3h_bps__ret_24h_bps\",\n    \"D150C_M5_trend_8_20_bps__trend_50_100_bps\"\n  ],\n  \"blocked_family_rows\": [\n    {\n      \"family_key\": \"D138C_ret_48h_bps__trend_50_100_bps\",\n      \"closed_trade_count\": 6,\n      \"total_bps\": -1.29,\n      \"mean_bps\": -0.21,\n      \"total_net_profit\": -0.94,\n      \"last_rule_id\": \"D138C_ret_48h_bps_GEQ65__trend_50_100_bps_LEQ65\",\n      \"last_outcome\": \"PROFIT\"\n    },\n    {\n      \"family_key\": \"D150C_M5_ret_12h_bps__trend_50_100_bps\",\n      \"closed_trade_count\": 1,\n      \"total_bps\": -57.1,\n      \"mean_bps\": -57.1,\n      \"total_net_profit\": -23.65,\n      \"last_rule_id\": \"D150C_M5_ret_12h_bps_GEQ35__trend_50_100_bps_GEQ35\",\n      \"last_outcome\": \"LOSS\"\n    },\n    {\n      \"family_key\": \"D150C_M5_ret_3h_bps__ret_24h_bps\",\n      \"closed_trade_count\": 1,\n      \"total_bps\": -19.35,\n      \"mean_bps\": -19.35,\n      \"total_net_profit\": -8.72,\n      \"last_rule_id\": \"D150C_M5_ret_3h_bps_GEQ65__ret_24h_bps_GEQ35\",\n      \"last_outcome\": \"LOSS\"\n    },\n    {\n      \"family_key\": \"D150C_M5_trend_8_20_bps__trend_50_100_bps\",\n      \"closed_trade_count\": 1,\n      \"total_bps\": -50.52,\n      \"mean_bps\": -50.52,\n      \"total_net_profit\": -21.22,\n      \"last_rule_id\": \"D150C_M5_trend_8_20_bps_GEQ65__trend_50_100_bps_GEQ35\",\n      \"last_outcome\": \"LOSS\"\n    }\n  ],\n  \"repo_kv\": \"/Users/vahid/Desktop/xauusd-trader/data/demo_execution/xauusd_stage155_m5_active_router_rule_state_kv.csv\",\n  \"repo_latest\": \"/Users/vahid/Desktop/xauusd-trader/data/demo_execution/xauusd_stage155_m5_active_router_rule_state_latest.csv\",\n  \"mt5_kv_written\": true,\n  \"mt5_kv\": \"/Users/vahid/Library/Application Support/net.metaquotes.wine.metatrader5/drive_c/Program Files/MetaTrader 5/MQL5/Files/xauusd_stage155_m5_active_router_rule_state_kv.csv\",\n  \"mt5_latest\": \"/Users/vahid/Library/Application Support/net.metaquotes.wine.metatrader5/drive_c/Program Files/MetaTrader 5/MQL5/Files/xauusd_stage155_m5_active_router_rule_state_latest.csv\",\n  \"stage134_instruction\": {\n    \"InpRuleStateKvFile\": \"xauusd_stage155_m5_active_router_rule_state_kv.csv\",\n    \"InpAllowedRules\": \"all\",\n    \"keep_InpEnableDemoOrders\": \"true only on demo account\"\n  },\n  \"summary_json\": \"/Users/vahid/Desktop/xauusd-trader/reports/stage155_active_router_demo_risk_guard/m5/stage155_active_router_demo_risk_guard_summary.json\",\n  \"next\": [\n    \"Use this Stage157-hardened router behind Stage156; it preserves Stage155 KV filename so Stage134 input does not need to change.\",\n    \"If global_gate_freeze_active is true, keep demo orders blocked and repair discovery before re-enabling routing.\"\n  ]\n}\n",
      "stderr_tail": ""
    }
  ],
  "next": [
    "If classification is NO_ACTIVE_RULE, keep Stage155 running and do not patch unless inactivity is commercially unacceptable over a defined window.",
    "If classification is SOURCE_STALE or BLOCKED_STALE, update the M5 CSV and run this unifier again.",
    "Use --db-update-command only after identifying the repo's current AMarkets DB updater command."
  ]
}
{
  "stage": "Stage156_OPERATIONAL_UNIFIER",
  "generated_utc": "2026-07-08T08:02:47Z",
  "status": "STAGE156_COMPLETE_OPERATIONAL_UNIFIER_READY",
  "classification": "BLOCKED_STALE",
  "reason": "Stage134 blocked because feature_date is stale; update source CSV or ensure router scheduler is running.",
  "root": "/Users/vahid/Desktop/xauusd-trader",
  "mt5_files": "/Users/vahid/Library/Application Support/net.metaquotes.wine.metatrader5/drive_c/Program Files/MetaTrader 5/MQL5/Files",
  "source": {
    "bars_m5": "/Users/vahid/Downloads/xauusd_fundamental_event_inbox/amarkets_xauusd_5m.csv",
    "exists": true,
    "row_count_including_header_if_any": 318862,
    "last_line": "2026.07.08\t07:40:00\t4125.25\t4125.65\t4121.97\t4123.09\t307\t0\t36",
    "raw_latest_time": "2026-07-08T07:40:00Z",
    "timestamp_shift_hours": -3.0,
    "normalized_latest_time": "2026-07-08T04:40:00Z",
    "feature_age_sec": 12167,
    "max_feature_age_sec": 7200,
    "source_fresh": false
  },
  "router": {
    "cmd": "/Library/Frameworks/Python.framework/Versions/3.14/bin/python3 app/stage154_active_shortlist_rule_router.py --root /Users/vahid/Desktop/xauusd-trader --bars /Users/vahid/Downloads/xauusd_fundamental_event_inbox/amarkets_xauusd_5m.csv --score-csv /Users/vahid/Desktop/xauusd-trader/reports/stage150_mtf_separated_validation_discovery/m5/stage150_candidate_scores.csv --risk-summary /Users/vahid/Desktop/xauusd-trader/reports/stage145_clean_ledger_performance_gate/stage145_clean_ledger_performance_gate_summary.json --tf m5 --timeframe-minutes 5 --max-feature-age-sec 7200 --timestamp-shift-hours -3.0 --write-mt5",
    "kv_path": "/Users/vahid/Library/Application Support/net.metaquotes.wine.metatrader5/drive_c/Program Files/MetaTrader 5/MQL5/Files/xauusd_stage155_m5_active_router_rule_state_kv.csv",
    "decision": "STAGE157_GLOBAL_PERFORMANCE_FREEZE_NO_ORDER",
    "any_signal_active": "false",
    "selected_rule_id": "",
    "selected_family_key": "",
    "active_shortlist_count": "94",
    "eligible_shortlist_count": "191",
    "risk_blocked_family_count": "4"
  },
  "stage134": {
    "kv_path": "/Users/vahid/Library/Application Support/net.metaquotes.wine.metatrader5/drive_c/Program Files/MetaTrader 5/MQL5/Files/xauusd_stage134_demo_executor_status_kv.csv",
    "decision": "BLOCKED_SIGNAL_STALE",
    "reason": "feature_date is stale/missing/unparseable; freshness is based on feature_date UTC, not file modified time",
    "feature_date": "2026-07-08T04:40:00Z",
    "signal_fresh": "false",
    "signal_age_sec": "12181",
    "any_signal_active": "false",
    "open_positions": "1",
    "last_success_signal_key": "2026-07-08T04:40:00Z|D150C_M5_ret_6h_bps_GEQ35__trend_50_100_bps_GEQ35",
    "last_attempt_signal_key": "2026-07-08T04:40:00Z|D150C_M5_ret_6h_bps_GEQ35__trend_50_100_bps_GEQ35"
  },
  "commands": [
    {
      "cmd": "/Library/Frameworks/Python.framework/Versions/3.14/bin/python3 app/stage154_active_shortlist_rule_router.py --root /Users/vahid/Desktop/xauusd-trader --bars /Users/vahid/Downloads/xauusd_fundamental_event_inbox/amarkets_xauusd_5m.csv --score-csv /Users/vahid/Desktop/xauusd-trader/reports/stage150_mtf_separated_validation_discovery/m5/stage150_candidate_scores.csv --risk-summary /Users/vahid/Desktop/xauusd-trader/reports/stage145_clean_ledger_performance_gate/stage145_clean_ledger_performance_gate_summary.json --tf m5 --timeframe-minutes 5 --max-feature-age-sec 7200 --timestamp-shift-hours -3.0 --write-mt5",
      "started_utc": "2026-07-08T08:02:47Z",
      "finished_utc": "2026-07-08T08:03:05Z",
      "returncode": 0,
      "stdout_tail": "0_100_bps\\\", \\\"op\\\": \\\">=\\\", \\\"threshold\\\": -14.337320822584214}]\",\n  \"raw_selected_rule_id_before_global_gate\": \"D150C_M5_ret_6h_bps_GEQ35__trend_50_100_bps_GEQ35\",\n  \"raw_selected_label_before_global_gate\": \"m5: ret_6h_bps >= q35 AND trend_50_100_bps >= q35\",\n  \"risk_summary\": \"/Users/vahid/Desktop/xauusd-trader/reports/stage145_clean_ledger_performance_gate/stage145_clean_ledger_performance_gate_summary.json\",\n  \"global_freeze_guard\": true,\n  \"global_gate_freeze_active\": true,\n  \"global_gate_info\": {\n    \"global_gate_freeze_active\": true,\n    \"global_gate_reason\": \"Stage145 aggregate gate requires freeze/repair: gate_decision=STAGE145_FREEZE_REPAIR_RULE_NEGATIVE_EXPECTANCY; recommended_action=FREEZE_CURRENT_RULE_AND_REPAIR_DISCOVERY; severity=HIGH; closed_trade_count=12; total_bps=-9.72; mean_bps=-0.81; win_rate=0.5\",\n    \"global_gate_decision\": \"STAGE145_FREEZE_REPAIR_RULE_NEGATIVE_EXPECTANCY\",\n    \"global_recommended_action\": \"FREEZE_CURRENT_RULE_AND_REPAIR_DISCOVERY\",\n    \"global_severity\": \"HIGH\",\n    \"global_closed_trade_count\": 12,\n    \"global_total_bps\": -9.72,\n    \"global_mean_bps\": -0.81,\n    \"global_win_rate\": 0.5,\n    \"min_global_gate_trades\": 10\n  },\n  \"block_negative_demo_families\": true,\n  \"risk_blocked_family_count\": 4,\n  \"risk_blocked_candidate_count\": 27,\n  \"blocked_family_keys\": [\n    \"D138C_ret_48h_bps__trend_50_100_bps\",\n    \"D150C_M5_ret_12h_bps__trend_50_100_bps\",\n    \"D150C_M5_ret_3h_bps__ret_24h_bps\",\n    \"D150C_M5_trend_8_20_bps__trend_50_100_bps\"\n  ],\n  \"blocked_family_rows\": [\n    {\n      \"family_key\": \"D138C_ret_48h_bps__trend_50_100_bps\",\n      \"closed_trade_count\": 6,\n      \"total_bps\": -1.29,\n      \"mean_bps\": -0.21,\n      \"total_net_profit\": -0.94,\n      \"last_rule_id\": \"D138C_ret_48h_bps_GEQ65__trend_50_100_bps_LEQ65\",\n      \"last_outcome\": \"PROFIT\"\n    },\n    {\n      \"family_key\": \"D150C_M5_ret_12h_bps__trend_50_100_bps\",\n      \"closed_trade_count\": 1,\n      \"total_bps\": -57.1,\n      \"mean_bps\": -57.1,\n      \"total_net_profit\": -23.65,\n      \"last_rule_id\": \"D150C_M5_ret_12h_bps_GEQ35__trend_50_100_bps_GEQ35\",\n      \"last_outcome\": \"LOSS\"\n    },\n    {\n      \"family_key\": \"D150C_M5_ret_3h_bps__ret_24h_bps\",\n      \"closed_trade_count\": 1,\n      \"total_bps\": -19.35,\n      \"mean_bps\": -19.35,\n      \"total_net_profit\": -8.72,\n      \"last_rule_id\": \"D150C_M5_ret_3h_bps_GEQ65__ret_24h_bps_GEQ35\",\n      \"last_outcome\": \"LOSS\"\n    },\n    {\n      \"family_key\": \"D150C_M5_trend_8_20_bps__trend_50_100_bps\",\n      \"closed_trade_count\": 1,\n      \"total_bps\": -50.52,\n      \"mean_bps\": -50.52,\n      \"total_net_profit\": -21.22,\n      \"last_rule_id\": \"D150C_M5_trend_8_20_bps_GEQ65__trend_50_100_bps_GEQ35\",\n      \"last_outcome\": \"LOSS\"\n    }\n  ],\n  \"repo_kv\": \"/Users/vahid/Desktop/xauusd-trader/data/demo_execution/xauusd_stage155_m5_active_router_rule_state_kv.csv\",\n  \"repo_latest\": \"/Users/vahid/Desktop/xauusd-trader/data/demo_execution/xauusd_stage155_m5_active_router_rule_state_latest.csv\",\n  \"mt5_kv_written\": true,\n  \"mt5_kv\": \"/Users/vahid/Library/Application Support/net.metaquotes.wine.metatrader5/drive_c/Program Files/MetaTrader 5/MQL5/Files/xauusd_stage155_m5_active_router_rule_state_kv.csv\",\n  \"mt5_latest\": \"/Users/vahid/Library/Application Support/net.metaquotes.wine.metatrader5/drive_c/Program Files/MetaTrader 5/MQL5/Files/xauusd_stage155_m5_active_router_rule_state_latest.csv\",\n  \"stage134_instruction\": {\n    \"InpRuleStateKvFile\": \"xauusd_stage155_m5_active_router_rule_state_kv.csv\",\n    \"InpAllowedRules\": \"all\",\n    \"keep_InpEnableDemoOrders\": \"true only on demo account\"\n  },\n  \"summary_json\": \"/Users/vahid/Desktop/xauusd-trader/reports/stage155_active_router_demo_risk_guard/m5/stage155_active_router_demo_risk_guard_summary.json\",\n  \"next\": [\n    \"Use this Stage157-hardened router behind Stage156; it preserves Stage155 KV filename so Stage134 input does not need to change.\",\n    \"If global_gate_freeze_active is true, keep demo orders blocked and repair discovery before re-enabling routing.\"\n  ]\n}\n",
      "stderr_tail": ""
    }
  ],
  "next": [
    "If classification is NO_ACTIVE_RULE, keep Stage155 running and do not patch unless inactivity is commercially unacceptable over a defined window.",
    "If classification is SOURCE_STALE or BLOCKED_STALE, update the M5 CSV and run this unifier again.",
    "Use --db-update-command only after identifying the repo's current AMarkets DB updater command."
  ]
}
{
  "stage": "Stage156_OPERATIONAL_UNIFIER",
  "generated_utc": "2026-07-08T08:08:08Z",
  "status": "STAGE156_COMPLETE_OPERATIONAL_UNIFIER_READY",
  "classification": "BLOCKED_STALE",
  "reason": "Stage134 blocked because feature_date is stale; update source CSV or ensure router scheduler is running.",
  "root": "/Users/vahid/Desktop/xauusd-trader",
  "mt5_files": "/Users/vahid/Library/Application Support/net.metaquotes.wine.metatrader5/drive_c/Program Files/MetaTrader 5/MQL5/Files",
  "source": {
    "bars_m5": "/Users/vahid/Downloads/xauusd_fundamental_event_inbox/amarkets_xauusd_5m.csv",
    "exists": true,
    "row_count_including_header_if_any": 318862,
    "last_line": "2026.07.08\t07:40:00\t4125.25\t4125.65\t4121.97\t4123.09\t307\t0\t36",
    "raw_latest_time": "2026-07-08T07:40:00Z",
    "timestamp_shift_hours": -3.0,
    "normalized_latest_time": "2026-07-08T04:40:00Z",
    "feature_age_sec": 12488,
    "max_feature_age_sec": 7200,
    "source_fresh": false
  },
  "router": {
    "cmd": "/Library/Frameworks/Python.framework/Versions/3.14/bin/python3 app/stage154_active_shortlist_rule_router.py --root /Users/vahid/Desktop/xauusd-trader --bars /Users/vahid/Downloads/xauusd_fundamental_event_inbox/amarkets_xauusd_5m.csv --score-csv /Users/vahid/Desktop/xauusd-trader/reports/stage150_mtf_separated_validation_discovery/m5/stage150_candidate_scores.csv --risk-summary /Users/vahid/Desktop/xauusd-trader/reports/stage145_clean_ledger_performance_gate/stage145_clean_ledger_performance_gate_summary.json --tf m5 --timeframe-minutes 5 --max-feature-age-sec 7200 --timestamp-shift-hours -3.0 --write-mt5",
    "kv_path": "/Users/vahid/Library/Application Support/net.metaquotes.wine.metatrader5/drive_c/Program Files/MetaTrader 5/MQL5/Files/xauusd_stage155_m5_active_router_rule_state_kv.csv",
    "decision": "STAGE157_GLOBAL_PERFORMANCE_FREEZE_NO_ORDER",
    "any_signal_active": "false",
    "selected_rule_id": "",
    "selected_family_key": "",
    "active_shortlist_count": "94",
    "eligible_shortlist_count": "191",
    "risk_blocked_family_count": "4"
  },
  "stage134": {
    "kv_path": "/Users/vahid/Library/Application Support/net.metaquotes.wine.metatrader5/drive_c/Program Files/MetaTrader 5/MQL5/Files/xauusd_stage134_demo_executor_status_kv.csv",
    "decision": "BLOCKED_SIGNAL_STALE",
    "reason": "feature_date is stale/missing/unparseable; freshness is based on feature_date UTC, not file modified time",
    "feature_date": "2026-07-08T04:40:00Z",
    "signal_fresh": "false",
    "signal_age_sec": "12484",
    "any_signal_active": "false",
    "open_positions": "1",
    "last_success_signal_key": "2026-07-08T04:40:00Z|D150C_M5_ret_6h_bps_GEQ35__trend_50_100_bps_GEQ35",
    "last_attempt_signal_key": "2026-07-08T04:40:00Z|D150C_M5_ret_6h_bps_GEQ35__trend_50_100_bps_GEQ35"
  },
  "commands": [
    {
      "cmd": "/Library/Frameworks/Python.framework/Versions/3.14/bin/python3 app/stage154_active_shortlist_rule_router.py --root /Users/vahid/Desktop/xauusd-trader --bars /Users/vahid/Downloads/xauusd_fundamental_event_inbox/amarkets_xauusd_5m.csv --score-csv /Users/vahid/Desktop/xauusd-trader/reports/stage150_mtf_separated_validation_discovery/m5/stage150_candidate_scores.csv --risk-summary /Users/vahid/Desktop/xauusd-trader/reports/stage145_clean_ledger_performance_gate/stage145_clean_ledger_performance_gate_summary.json --tf m5 --timeframe-minutes 5 --max-feature-age-sec 7200 --timestamp-shift-hours -3.0 --write-mt5",
      "started_utc": "2026-07-08T08:08:08Z",
      "finished_utc": "2026-07-08T08:08:19Z",
      "returncode": 0,
      "stdout_tail": "0_100_bps\\\", \\\"op\\\": \\\">=\\\", \\\"threshold\\\": -14.337320822584214}]\",\n  \"raw_selected_rule_id_before_global_gate\": \"D150C_M5_ret_6h_bps_GEQ35__trend_50_100_bps_GEQ35\",\n  \"raw_selected_label_before_global_gate\": \"m5: ret_6h_bps >= q35 AND trend_50_100_bps >= q35\",\n  \"risk_summary\": \"/Users/vahid/Desktop/xauusd-trader/reports/stage145_clean_ledger_performance_gate/stage145_clean_ledger_performance_gate_summary.json\",\n  \"global_freeze_guard\": true,\n  \"global_gate_freeze_active\": true,\n  \"global_gate_info\": {\n    \"global_gate_freeze_active\": true,\n    \"global_gate_reason\": \"Stage145 aggregate gate requires freeze/repair: gate_decision=STAGE145_FREEZE_REPAIR_RULE_NEGATIVE_EXPECTANCY; recommended_action=FREEZE_CURRENT_RULE_AND_REPAIR_DISCOVERY; severity=HIGH; closed_trade_count=12; total_bps=-9.72; mean_bps=-0.81; win_rate=0.5\",\n    \"global_gate_decision\": \"STAGE145_FREEZE_REPAIR_RULE_NEGATIVE_EXPECTANCY\",\n    \"global_recommended_action\": \"FREEZE_CURRENT_RULE_AND_REPAIR_DISCOVERY\",\n    \"global_severity\": \"HIGH\",\n    \"global_closed_trade_count\": 12,\n    \"global_total_bps\": -9.72,\n    \"global_mean_bps\": -0.81,\n    \"global_win_rate\": 0.5,\n    \"min_global_gate_trades\": 10\n  },\n  \"block_negative_demo_families\": true,\n  \"risk_blocked_family_count\": 4,\n  \"risk_blocked_candidate_count\": 27,\n  \"blocked_family_keys\": [\n    \"D138C_ret_48h_bps__trend_50_100_bps\",\n    \"D150C_M5_ret_12h_bps__trend_50_100_bps\",\n    \"D150C_M5_ret_3h_bps__ret_24h_bps\",\n    \"D150C_M5_trend_8_20_bps__trend_50_100_bps\"\n  ],\n  \"blocked_family_rows\": [\n    {\n      \"family_key\": \"D138C_ret_48h_bps__trend_50_100_bps\",\n      \"closed_trade_count\": 6,\n      \"total_bps\": -1.29,\n      \"mean_bps\": -0.21,\n      \"total_net_profit\": -0.94,\n      \"last_rule_id\": \"D138C_ret_48h_bps_GEQ65__trend_50_100_bps_LEQ65\",\n      \"last_outcome\": \"PROFIT\"\n    },\n    {\n      \"family_key\": \"D150C_M5_ret_12h_bps__trend_50_100_bps\",\n      \"closed_trade_count\": 1,\n      \"total_bps\": -57.1,\n      \"mean_bps\": -57.1,\n      \"total_net_profit\": -23.65,\n      \"last_rule_id\": \"D150C_M5_ret_12h_bps_GEQ35__trend_50_100_bps_GEQ35\",\n      \"last_outcome\": \"LOSS\"\n    },\n    {\n      \"family_key\": \"D150C_M5_ret_3h_bps__ret_24h_bps\",\n      \"closed_trade_count\": 1,\n      \"total_bps\": -19.35,\n      \"mean_bps\": -19.35,\n      \"total_net_profit\": -8.72,\n      \"last_rule_id\": \"D150C_M5_ret_3h_bps_GEQ65__ret_24h_bps_GEQ35\",\n      \"last_outcome\": \"LOSS\"\n    },\n    {\n      \"family_key\": \"D150C_M5_trend_8_20_bps__trend_50_100_bps\",\n      \"closed_trade_count\": 1,\n      \"total_bps\": -50.52,\n      \"mean_bps\": -50.52,\n      \"total_net_profit\": -21.22,\n      \"last_rule_id\": \"D150C_M5_trend_8_20_bps_GEQ65__trend_50_100_bps_GEQ35\",\n      \"last_outcome\": \"LOSS\"\n    }\n  ],\n  \"repo_kv\": \"/Users/vahid/Desktop/xauusd-trader/data/demo_execution/xauusd_stage155_m5_active_router_rule_state_kv.csv\",\n  \"repo_latest\": \"/Users/vahid/Desktop/xauusd-trader/data/demo_execution/xauusd_stage155_m5_active_router_rule_state_latest.csv\",\n  \"mt5_kv_written\": true,\n  \"mt5_kv\": \"/Users/vahid/Library/Application Support/net.metaquotes.wine.metatrader5/drive_c/Program Files/MetaTrader 5/MQL5/Files/xauusd_stage155_m5_active_router_rule_state_kv.csv\",\n  \"mt5_latest\": \"/Users/vahid/Library/Application Support/net.metaquotes.wine.metatrader5/drive_c/Program Files/MetaTrader 5/MQL5/Files/xauusd_stage155_m5_active_router_rule_state_latest.csv\",\n  \"stage134_instruction\": {\n    \"InpRuleStateKvFile\": \"xauusd_stage155_m5_active_router_rule_state_kv.csv\",\n    \"InpAllowedRules\": \"all\",\n    \"keep_InpEnableDemoOrders\": \"true only on demo account\"\n  },\n  \"summary_json\": \"/Users/vahid/Desktop/xauusd-trader/reports/stage155_active_router_demo_risk_guard/m5/stage155_active_router_demo_risk_guard_summary.json\",\n  \"next\": [\n    \"Use this Stage157-hardened router behind Stage156; it preserves Stage155 KV filename so Stage134 input does not need to change.\",\n    \"If global_gate_freeze_active is true, keep demo orders blocked and repair discovery before re-enabling routing.\"\n  ]\n}\n",
      "stderr_tail": ""
    }
  ],
  "next": [
    "If classification is NO_ACTIVE_RULE, keep Stage155 running and do not patch unless inactivity is commercially unacceptable over a defined window.",
    "If classification is SOURCE_STALE or BLOCKED_STALE, update the M5 CSV and run this unifier again.",
    "Use --db-update-command only after identifying the repo's current AMarkets DB updater command."
  ]
}
{
  "stage": "Stage156_OPERATIONAL_UNIFIER",
  "generated_utc": "2026-07-08T08:13:22Z",
  "status": "STAGE156_COMPLETE_OPERATIONAL_UNIFIER_READY",
  "classification": "BLOCKED_STALE",
  "reason": "Stage134 blocked because feature_date is stale; update source CSV or ensure router scheduler is running.",
  "root": "/Users/vahid/Desktop/xauusd-trader",
  "mt5_files": "/Users/vahid/Library/Application Support/net.metaquotes.wine.metatrader5/drive_c/Program Files/MetaTrader 5/MQL5/Files",
  "source": {
    "bars_m5": "/Users/vahid/Downloads/xauusd_fundamental_event_inbox/amarkets_xauusd_5m.csv",
    "exists": true,
    "row_count_including_header_if_any": 318862,
    "last_line": "2026.07.08\t07:40:00\t4125.25\t4125.65\t4121.97\t4123.09\t307\t0\t36",
    "raw_latest_time": "2026-07-08T07:40:00Z",
    "timestamp_shift_hours": -3.0,
    "normalized_latest_time": "2026-07-08T04:40:00Z",
    "feature_age_sec": 12802,
    "max_feature_age_sec": 7200,
    "source_fresh": false
  },
  "router": {
    "cmd": "/Library/Frameworks/Python.framework/Versions/3.14/bin/python3 app/stage154_active_shortlist_rule_router.py --root /Users/vahid/Desktop/xauusd-trader --bars /Users/vahid/Downloads/xauusd_fundamental_event_inbox/amarkets_xauusd_5m.csv --score-csv /Users/vahid/Desktop/xauusd-trader/reports/stage150_mtf_separated_validation_discovery/m5/stage150_candidate_scores.csv --risk-summary /Users/vahid/Desktop/xauusd-trader/reports/stage145_clean_ledger_performance_gate/stage145_clean_ledger_performance_gate_summary.json --tf m5 --timeframe-minutes 5 --max-feature-age-sec 7200 --timestamp-shift-hours -3.0 --write-mt5",
    "kv_path": "/Users/vahid/Library/Application Support/net.metaquotes.wine.metatrader5/drive_c/Program Files/MetaTrader 5/MQL5/Files/xauusd_stage155_m5_active_router_rule_state_kv.csv",
    "decision": "STAGE157_GLOBAL_PERFORMANCE_FREEZE_NO_ORDER",
    "any_signal_active": "false",
    "selected_rule_id": "",
    "selected_family_key": "",
    "active_shortlist_count": "94",
    "eligible_shortlist_count": "191",
    "risk_blocked_family_count": "4"
  },
  "stage134": {
    "kv_path": "/Users/vahid/Library/Application Support/net.metaquotes.wine.metatrader5/drive_c/Program Files/MetaTrader 5/MQL5/Files/xauusd_stage134_demo_executor_status_kv.csv",
    "decision": "BLOCKED_SIGNAL_STALE",
    "reason": "feature_date is stale/missing/unparseable; freshness is based on feature_date UTC, not file modified time",
    "feature_date": "2026-07-08T04:40:00Z",
    "signal_fresh": "false",
    "signal_age_sec": "12810",
    "any_signal_active": "false",
    "open_positions": "1",
    "last_success_signal_key": "2026-07-08T04:40:00Z|D150C_M5_ret_6h_bps_GEQ35__trend_50_100_bps_GEQ35",
    "last_attempt_signal_key": "2026-07-08T04:40:00Z|D150C_M5_ret_6h_bps_GEQ35__trend_50_100_bps_GEQ35"
  },
  "commands": [
    {
      "cmd": "/Library/Frameworks/Python.framework/Versions/3.14/bin/python3 app/stage154_active_shortlist_rule_router.py --root /Users/vahid/Desktop/xauusd-trader --bars /Users/vahid/Downloads/xauusd_fundamental_event_inbox/amarkets_xauusd_5m.csv --score-csv /Users/vahid/Desktop/xauusd-trader/reports/stage150_mtf_separated_validation_discovery/m5/stage150_candidate_scores.csv --risk-summary /Users/vahid/Desktop/xauusd-trader/reports/stage145_clean_ledger_performance_gate/stage145_clean_ledger_performance_gate_summary.json --tf m5 --timeframe-minutes 5 --max-feature-age-sec 7200 --timestamp-shift-hours -3.0 --write-mt5",
      "started_utc": "2026-07-08T08:13:22Z",
      "finished_utc": "2026-07-08T08:13:33Z",
      "returncode": 0,
      "stdout_tail": "0_100_bps\\\", \\\"op\\\": \\\">=\\\", \\\"threshold\\\": -14.337320822584214}]\",\n  \"raw_selected_rule_id_before_global_gate\": \"D150C_M5_ret_6h_bps_GEQ35__trend_50_100_bps_GEQ35\",\n  \"raw_selected_label_before_global_gate\": \"m5: ret_6h_bps >= q35 AND trend_50_100_bps >= q35\",\n  \"risk_summary\": \"/Users/vahid/Desktop/xauusd-trader/reports/stage145_clean_ledger_performance_gate/stage145_clean_ledger_performance_gate_summary.json\",\n  \"global_freeze_guard\": true,\n  \"global_gate_freeze_active\": true,\n  \"global_gate_info\": {\n    \"global_gate_freeze_active\": true,\n    \"global_gate_reason\": \"Stage145 aggregate gate requires freeze/repair: gate_decision=STAGE145_FREEZE_REPAIR_RULE_NEGATIVE_EXPECTANCY; recommended_action=FREEZE_CURRENT_RULE_AND_REPAIR_DISCOVERY; severity=HIGH; closed_trade_count=12; total_bps=-9.72; mean_bps=-0.81; win_rate=0.5\",\n    \"global_gate_decision\": \"STAGE145_FREEZE_REPAIR_RULE_NEGATIVE_EXPECTANCY\",\n    \"global_recommended_action\": \"FREEZE_CURRENT_RULE_AND_REPAIR_DISCOVERY\",\n    \"global_severity\": \"HIGH\",\n    \"global_closed_trade_count\": 12,\n    \"global_total_bps\": -9.72,\n    \"global_mean_bps\": -0.81,\n    \"global_win_rate\": 0.5,\n    \"min_global_gate_trades\": 10\n  },\n  \"block_negative_demo_families\": true,\n  \"risk_blocked_family_count\": 4,\n  \"risk_blocked_candidate_count\": 27,\n  \"blocked_family_keys\": [\n    \"D138C_ret_48h_bps__trend_50_100_bps\",\n    \"D150C_M5_ret_12h_bps__trend_50_100_bps\",\n    \"D150C_M5_ret_3h_bps__ret_24h_bps\",\n    \"D150C_M5_trend_8_20_bps__trend_50_100_bps\"\n  ],\n  \"blocked_family_rows\": [\n    {\n      \"family_key\": \"D138C_ret_48h_bps__trend_50_100_bps\",\n      \"closed_trade_count\": 6,\n      \"total_bps\": -1.29,\n      \"mean_bps\": -0.21,\n      \"total_net_profit\": -0.94,\n      \"last_rule_id\": \"D138C_ret_48h_bps_GEQ65__trend_50_100_bps_LEQ65\",\n      \"last_outcome\": \"PROFIT\"\n    },\n    {\n      \"family_key\": \"D150C_M5_ret_12h_bps__trend_50_100_bps\",\n      \"closed_trade_count\": 1,\n      \"total_bps\": -57.1,\n      \"mean_bps\": -57.1,\n      \"total_net_profit\": -23.65,\n      \"last_rule_id\": \"D150C_M5_ret_12h_bps_GEQ35__trend_50_100_bps_GEQ35\",\n      \"last_outcome\": \"LOSS\"\n    },\n    {\n      \"family_key\": \"D150C_M5_ret_3h_bps__ret_24h_bps\",\n      \"closed_trade_count\": 1,\n      \"total_bps\": -19.35,\n      \"mean_bps\": -19.35,\n      \"total_net_profit\": -8.72,\n      \"last_rule_id\": \"D150C_M5_ret_3h_bps_GEQ65__ret_24h_bps_GEQ35\",\n      \"last_outcome\": \"LOSS\"\n    },\n    {\n      \"family_key\": \"D150C_M5_trend_8_20_bps__trend_50_100_bps\",\n      \"closed_trade_count\": 1,\n      \"total_bps\": -50.52,\n      \"mean_bps\": -50.52,\n      \"total_net_profit\": -21.22,\n      \"last_rule_id\": \"D150C_M5_trend_8_20_bps_GEQ65__trend_50_100_bps_GEQ35\",\n      \"last_outcome\": \"LOSS\"\n    }\n  ],\n  \"repo_kv\": \"/Users/vahid/Desktop/xauusd-trader/data/demo_execution/xauusd_stage155_m5_active_router_rule_state_kv.csv\",\n  \"repo_latest\": \"/Users/vahid/Desktop/xauusd-trader/data/demo_execution/xauusd_stage155_m5_active_router_rule_state_latest.csv\",\n  \"mt5_kv_written\": true,\n  \"mt5_kv\": \"/Users/vahid/Library/Application Support/net.metaquotes.wine.metatrader5/drive_c/Program Files/MetaTrader 5/MQL5/Files/xauusd_stage155_m5_active_router_rule_state_kv.csv\",\n  \"mt5_latest\": \"/Users/vahid/Library/Application Support/net.metaquotes.wine.metatrader5/drive_c/Program Files/MetaTrader 5/MQL5/Files/xauusd_stage155_m5_active_router_rule_state_latest.csv\",\n  \"stage134_instruction\": {\n    \"InpRuleStateKvFile\": \"xauusd_stage155_m5_active_router_rule_state_kv.csv\",\n    \"InpAllowedRules\": \"all\",\n    \"keep_InpEnableDemoOrders\": \"true only on demo account\"\n  },\n  \"summary_json\": \"/Users/vahid/Desktop/xauusd-trader/reports/stage155_active_router_demo_risk_guard/m5/stage155_active_router_demo_risk_guard_summary.json\",\n  \"next\": [\n    \"Use this Stage157-hardened router behind Stage156; it preserves Stage155 KV filename so Stage134 input does not need to change.\",\n    \"If global_gate_freeze_active is true, keep demo orders blocked and repair discovery before re-enabling routing.\"\n  ]\n}\n",
      "stderr_tail": ""
    }
  ],
  "next": [
    "If classification is NO_ACTIVE_RULE, keep Stage155 running and do not patch unless inactivity is commercially unacceptable over a defined window.",
    "If classification is SOURCE_STALE or BLOCKED_STALE, update the M5 CSV and run this unifier again.",
    "Use --db-update-command only after identifying the repo's current AMarkets DB updater command."
  ]
}
{
  "stage": "Stage156_OPERATIONAL_UNIFIER",
  "generated_utc": "2026-07-08T08:18:36Z",
  "status": "STAGE156_COMPLETE_OPERATIONAL_UNIFIER_READY",
  "classification": "BLOCKED_STALE",
  "reason": "Stage134 blocked because feature_date is stale; update source CSV or ensure router scheduler is running.",
  "root": "/Users/vahid/Desktop/xauusd-trader",
  "mt5_files": "/Users/vahid/Library/Application Support/net.metaquotes.wine.metatrader5/drive_c/Program Files/MetaTrader 5/MQL5/Files",
  "source": {
    "bars_m5": "/Users/vahid/Downloads/xauusd_fundamental_event_inbox/amarkets_xauusd_5m.csv",
    "exists": true,
    "row_count_including_header_if_any": 318862,
    "last_line": "2026.07.08\t07:40:00\t4125.25\t4125.65\t4121.97\t4123.09\t307\t0\t36",
    "raw_latest_time": "2026-07-08T07:40:00Z",
    "timestamp_shift_hours": -3.0,
    "normalized_latest_time": "2026-07-08T04:40:00Z",
    "feature_age_sec": 13116,
    "max_feature_age_sec": 7200,
    "source_fresh": false
  },
  "router": {
    "cmd": "/Library/Frameworks/Python.framework/Versions/3.14/bin/python3 app/stage154_active_shortlist_rule_router.py --root /Users/vahid/Desktop/xauusd-trader --bars /Users/vahid/Downloads/xauusd_fundamental_event_inbox/amarkets_xauusd_5m.csv --score-csv /Users/vahid/Desktop/xauusd-trader/reports/stage150_mtf_separated_validation_discovery/m5/stage150_candidate_scores.csv --risk-summary /Users/vahid/Desktop/xauusd-trader/reports/stage145_clean_ledger_performance_gate/stage145_clean_ledger_performance_gate_summary.json --tf m5 --timeframe-minutes 5 --max-feature-age-sec 7200 --timestamp-shift-hours -3.0 --write-mt5",
    "kv_path": "/Users/vahid/Library/Application Support/net.metaquotes.wine.metatrader5/drive_c/Program Files/MetaTrader 5/MQL5/Files/xauusd_stage155_m5_active_router_rule_state_kv.csv",
    "decision": "STAGE157_GLOBAL_PERFORMANCE_FREEZE_NO_ORDER",
    "any_signal_active": "false",
    "selected_rule_id": "",
    "selected_family_key": "",
    "active_shortlist_count": "94",
    "eligible_shortlist_count": "191",
    "risk_blocked_family_count": "4"
  },
  "stage134": {
    "kv_path": "/Users/vahid/Library/Application Support/net.metaquotes.wine.metatrader5/drive_c/Program Files/MetaTrader 5/MQL5/Files/xauusd_stage134_demo_executor_status_kv.csv",
    "decision": "BLOCKED_SIGNAL_STALE",
    "reason": "feature_date is stale/missing/unparseable; freshness is based on feature_date UTC, not file modified time",
    "feature_date": "2026-07-08T04:40:00Z",
    "signal_fresh": "false",
    "signal_age_sec": "13130",
    "any_signal_active": "false",
    "open_positions": "0",
    "last_success_signal_key": "2026-07-08T04:40:00Z|D150C_M5_ret_6h_bps_GEQ35__trend_50_100_bps_GEQ35",
    "last_attempt_signal_key": "2026-07-08T04:40:00Z|D150C_M5_ret_6h_bps_GEQ35__trend_50_100_bps_GEQ35"
  },
  "commands": [
    {
      "cmd": "/Library/Frameworks/Python.framework/Versions/3.14/bin/python3 app/stage154_active_shortlist_rule_router.py --root /Users/vahid/Desktop/xauusd-trader --bars /Users/vahid/Downloads/xauusd_fundamental_event_inbox/amarkets_xauusd_5m.csv --score-csv /Users/vahid/Desktop/xauusd-trader/reports/stage150_mtf_separated_validation_discovery/m5/stage150_candidate_scores.csv --risk-summary /Users/vahid/Desktop/xauusd-trader/reports/stage145_clean_ledger_performance_gate/stage145_clean_ledger_performance_gate_summary.json --tf m5 --timeframe-minutes 5 --max-feature-age-sec 7200 --timestamp-shift-hours -3.0 --write-mt5",
      "started_utc": "2026-07-08T08:18:36Z",
      "finished_utc": "2026-07-08T08:18:48Z",
      "returncode": 0,
      "stdout_tail": "0_100_bps\\\", \\\"op\\\": \\\">=\\\", \\\"threshold\\\": -14.337320822584214}]\",\n  \"raw_selected_rule_id_before_global_gate\": \"D150C_M5_ret_6h_bps_GEQ35__trend_50_100_bps_GEQ35\",\n  \"raw_selected_label_before_global_gate\": \"m5: ret_6h_bps >= q35 AND trend_50_100_bps >= q35\",\n  \"risk_summary\": \"/Users/vahid/Desktop/xauusd-trader/reports/stage145_clean_ledger_performance_gate/stage145_clean_ledger_performance_gate_summary.json\",\n  \"global_freeze_guard\": true,\n  \"global_gate_freeze_active\": true,\n  \"global_gate_info\": {\n    \"global_gate_freeze_active\": true,\n    \"global_gate_reason\": \"Stage145 aggregate gate requires freeze/repair: gate_decision=STAGE145_FREEZE_REPAIR_RULE_NEGATIVE_EXPECTANCY; recommended_action=FREEZE_CURRENT_RULE_AND_REPAIR_DISCOVERY; severity=HIGH; closed_trade_count=12; total_bps=-9.72; mean_bps=-0.81; win_rate=0.5\",\n    \"global_gate_decision\": \"STAGE145_FREEZE_REPAIR_RULE_NEGATIVE_EXPECTANCY\",\n    \"global_recommended_action\": \"FREEZE_CURRENT_RULE_AND_REPAIR_DISCOVERY\",\n    \"global_severity\": \"HIGH\",\n    \"global_closed_trade_count\": 12,\n    \"global_total_bps\": -9.72,\n    \"global_mean_bps\": -0.81,\n    \"global_win_rate\": 0.5,\n    \"min_global_gate_trades\": 10\n  },\n  \"block_negative_demo_families\": true,\n  \"risk_blocked_family_count\": 4,\n  \"risk_blocked_candidate_count\": 27,\n  \"blocked_family_keys\": [\n    \"D138C_ret_48h_bps__trend_50_100_bps\",\n    \"D150C_M5_ret_12h_bps__trend_50_100_bps\",\n    \"D150C_M5_ret_3h_bps__ret_24h_bps\",\n    \"D150C_M5_trend_8_20_bps__trend_50_100_bps\"\n  ],\n  \"blocked_family_rows\": [\n    {\n      \"family_key\": \"D138C_ret_48h_bps__trend_50_100_bps\",\n      \"closed_trade_count\": 6,\n      \"total_bps\": -1.29,\n      \"mean_bps\": -0.21,\n      \"total_net_profit\": -0.94,\n      \"last_rule_id\": \"D138C_ret_48h_bps_GEQ65__trend_50_100_bps_LEQ65\",\n      \"last_outcome\": \"PROFIT\"\n    },\n    {\n      \"family_key\": \"D150C_M5_ret_12h_bps__trend_50_100_bps\",\n      \"closed_trade_count\": 1,\n      \"total_bps\": -57.1,\n      \"mean_bps\": -57.1,\n      \"total_net_profit\": -23.65,\n      \"last_rule_id\": \"D150C_M5_ret_12h_bps_GEQ35__trend_50_100_bps_GEQ35\",\n      \"last_outcome\": \"LOSS\"\n    },\n    {\n      \"family_key\": \"D150C_M5_ret_3h_bps__ret_24h_bps\",\n      \"closed_trade_count\": 1,\n      \"total_bps\": -19.35,\n      \"mean_bps\": -19.35,\n      \"total_net_profit\": -8.72,\n      \"last_rule_id\": \"D150C_M5_ret_3h_bps_GEQ65__ret_24h_bps_GEQ35\",\n      \"last_outcome\": \"LOSS\"\n    },\n    {\n      \"family_key\": \"D150C_M5_trend_8_20_bps__trend_50_100_bps\",\n      \"closed_trade_count\": 1,\n      \"total_bps\": -50.52,\n      \"mean_bps\": -50.52,\n      \"total_net_profit\": -21.22,\n      \"last_rule_id\": \"D150C_M5_trend_8_20_bps_GEQ65__trend_50_100_bps_GEQ35\",\n      \"last_outcome\": \"LOSS\"\n    }\n  ],\n  \"repo_kv\": \"/Users/vahid/Desktop/xauusd-trader/data/demo_execution/xauusd_stage155_m5_active_router_rule_state_kv.csv\",\n  \"repo_latest\": \"/Users/vahid/Desktop/xauusd-trader/data/demo_execution/xauusd_stage155_m5_active_router_rule_state_latest.csv\",\n  \"mt5_kv_written\": true,\n  \"mt5_kv\": \"/Users/vahid/Library/Application Support/net.metaquotes.wine.metatrader5/drive_c/Program Files/MetaTrader 5/MQL5/Files/xauusd_stage155_m5_active_router_rule_state_kv.csv\",\n  \"mt5_latest\": \"/Users/vahid/Library/Application Support/net.metaquotes.wine.metatrader5/drive_c/Program Files/MetaTrader 5/MQL5/Files/xauusd_stage155_m5_active_router_rule_state_latest.csv\",\n  \"stage134_instruction\": {\n    \"InpRuleStateKvFile\": \"xauusd_stage155_m5_active_router_rule_state_kv.csv\",\n    \"InpAllowedRules\": \"all\",\n    \"keep_InpEnableDemoOrders\": \"true only on demo account\"\n  },\n  \"summary_json\": \"/Users/vahid/Desktop/xauusd-trader/reports/stage155_active_router_demo_risk_guard/m5/stage155_active_router_demo_risk_guard_summary.json\",\n  \"next\": [\n    \"Use this Stage157-hardened router behind Stage156; it preserves Stage155 KV filename so Stage134 input does not need to change.\",\n    \"If global_gate_freeze_active is true, keep demo orders blocked and repair discovery before re-enabling routing.\"\n  ]\n}\n",
      "stderr_tail": ""
    }
  ],
  "next": [
    "If classification is NO_ACTIVE_RULE, keep Stage155 running and do not patch unless inactivity is commercially unacceptable over a defined window.",
    "If classification is SOURCE_STALE or BLOCKED_STALE, update the M5 CSV and run this unifier again.",
    "Use --db-update-command only after identifying the repo's current AMarkets DB updater command."
  ]
}
{
  "stage": "Stage156_OPERATIONAL_UNIFIER",
  "generated_utc": "2026-07-08T08:23:51Z",
  "status": "STAGE156_COMPLETE_OPERATIONAL_UNIFIER_READY",
  "classification": "BLOCKED_STALE",
  "reason": "Stage134 blocked because feature_date is stale; update source CSV or ensure router scheduler is running.",
  "root": "/Users/vahid/Desktop/xauusd-trader",
  "mt5_files": "/Users/vahid/Library/Application Support/net.metaquotes.wine.metatrader5/drive_c/Program Files/MetaTrader 5/MQL5/Files",
  "source": {
    "bars_m5": "/Users/vahid/Downloads/xauusd_fundamental_event_inbox/amarkets_xauusd_5m.csv",
    "exists": true,
    "row_count_including_header_if_any": 318862,
    "last_line": "2026.07.08\t07:40:00\t4125.25\t4125.65\t4121.97\t4123.09\t307\t0\t36",
    "raw_latest_time": "2026-07-08T07:40:00Z",
    "timestamp_shift_hours": -3.0,
    "normalized_latest_time": "2026-07-08T04:40:00Z",
    "feature_age_sec": 13432,
    "max_feature_age_sec": 7200,
    "source_fresh": false
  },
  "router": {
    "cmd": "/Library/Frameworks/Python.framework/Versions/3.14/bin/python3 app/stage154_active_shortlist_rule_router.py --root /Users/vahid/Desktop/xauusd-trader --bars /Users/vahid/Downloads/xauusd_fundamental_event_inbox/amarkets_xauusd_5m.csv --score-csv /Users/vahid/Desktop/xauusd-trader/reports/stage150_mtf_separated_validation_discovery/m5/stage150_candidate_scores.csv --risk-summary /Users/vahid/Desktop/xauusd-trader/reports/stage145_clean_ledger_performance_gate/stage145_clean_ledger_performance_gate_summary.json --tf m5 --timeframe-minutes 5 --max-feature-age-sec 7200 --timestamp-shift-hours -3.0 --write-mt5",
    "kv_path": "/Users/vahid/Library/Application Support/net.metaquotes.wine.metatrader5/drive_c/Program Files/MetaTrader 5/MQL5/Files/xauusd_stage155_m5_active_router_rule_state_kv.csv",
    "decision": "STAGE157_GLOBAL_PERFORMANCE_FREEZE_NO_ORDER",
    "any_signal_active": "false",
    "selected_rule_id": "",
    "selected_family_key": "",
    "active_shortlist_count": "94",
    "eligible_shortlist_count": "191",
    "risk_blocked_family_count": "4"
  },
  "stage134": {
    "kv_path": "/Users/vahid/Library/Application Support/net.metaquotes.wine.metatrader5/drive_c/Program Files/MetaTrader 5/MQL5/Files/xauusd_stage134_demo_executor_status_kv.csv",
    "decision": "BLOCKED_SIGNAL_STALE",
    "reason": "feature_date is stale/missing/unparseable; freshness is based on feature_date UTC, not file modified time",
    "feature_date": "2026-07-08T04:40:00Z",
    "signal_fresh": "false",
    "signal_age_sec": "13440",
    "any_signal_active": "false",
    "open_positions": "0",
    "last_success_signal_key": "2026-07-08T04:40:00Z|D150C_M5_ret_6h_bps_GEQ35__trend_50_100_bps_GEQ35",
    "last_attempt_signal_key": "2026-07-08T04:40:00Z|D150C_M5_ret_6h_bps_GEQ35__trend_50_100_bps_GEQ35"
  },
  "commands": [
    {
      "cmd": "/Library/Frameworks/Python.framework/Versions/3.14/bin/python3 app/stage154_active_shortlist_rule_router.py --root /Users/vahid/Desktop/xauusd-trader --bars /Users/vahid/Downloads/xauusd_fundamental_event_inbox/amarkets_xauusd_5m.csv --score-csv /Users/vahid/Desktop/xauusd-trader/reports/stage150_mtf_separated_validation_discovery/m5/stage150_candidate_scores.csv --risk-summary /Users/vahid/Desktop/xauusd-trader/reports/stage145_clean_ledger_performance_gate/stage145_clean_ledger_performance_gate_summary.json --tf m5 --timeframe-minutes 5 --max-feature-age-sec 7200 --timestamp-shift-hours -3.0 --write-mt5",
      "started_utc": "2026-07-08T08:23:52Z",
      "finished_utc": "2026-07-08T08:24:10Z",
      "returncode": 0,
      "stdout_tail": "0_100_bps\\\", \\\"op\\\": \\\">=\\\", \\\"threshold\\\": -14.337320822584214}]\",\n  \"raw_selected_rule_id_before_global_gate\": \"D150C_M5_ret_6h_bps_GEQ35__trend_50_100_bps_GEQ35\",\n  \"raw_selected_label_before_global_gate\": \"m5: ret_6h_bps >= q35 AND trend_50_100_bps >= q35\",\n  \"risk_summary\": \"/Users/vahid/Desktop/xauusd-trader/reports/stage145_clean_ledger_performance_gate/stage145_clean_ledger_performance_gate_summary.json\",\n  \"global_freeze_guard\": true,\n  \"global_gate_freeze_active\": true,\n  \"global_gate_info\": {\n    \"global_gate_freeze_active\": true,\n    \"global_gate_reason\": \"Stage145 aggregate gate requires freeze/repair: gate_decision=STAGE145_FREEZE_REPAIR_RULE_NEGATIVE_EXPECTANCY; recommended_action=FREEZE_CURRENT_RULE_AND_REPAIR_DISCOVERY; severity=HIGH; closed_trade_count=12; total_bps=-9.72; mean_bps=-0.81; win_rate=0.5\",\n    \"global_gate_decision\": \"STAGE145_FREEZE_REPAIR_RULE_NEGATIVE_EXPECTANCY\",\n    \"global_recommended_action\": \"FREEZE_CURRENT_RULE_AND_REPAIR_DISCOVERY\",\n    \"global_severity\": \"HIGH\",\n    \"global_closed_trade_count\": 12,\n    \"global_total_bps\": -9.72,\n    \"global_mean_bps\": -0.81,\n    \"global_win_rate\": 0.5,\n    \"min_global_gate_trades\": 10\n  },\n  \"block_negative_demo_families\": true,\n  \"risk_blocked_family_count\": 4,\n  \"risk_blocked_candidate_count\": 27,\n  \"blocked_family_keys\": [\n    \"D138C_ret_48h_bps__trend_50_100_bps\",\n    \"D150C_M5_ret_12h_bps__trend_50_100_bps\",\n    \"D150C_M5_ret_3h_bps__ret_24h_bps\",\n    \"D150C_M5_trend_8_20_bps__trend_50_100_bps\"\n  ],\n  \"blocked_family_rows\": [\n    {\n      \"family_key\": \"D138C_ret_48h_bps__trend_50_100_bps\",\n      \"closed_trade_count\": 6,\n      \"total_bps\": -1.29,\n      \"mean_bps\": -0.21,\n      \"total_net_profit\": -0.94,\n      \"last_rule_id\": \"D138C_ret_48h_bps_GEQ65__trend_50_100_bps_LEQ65\",\n      \"last_outcome\": \"PROFIT\"\n    },\n    {\n      \"family_key\": \"D150C_M5_ret_12h_bps__trend_50_100_bps\",\n      \"closed_trade_count\": 1,\n      \"total_bps\": -57.1,\n      \"mean_bps\": -57.1,\n      \"total_net_profit\": -23.65,\n      \"last_rule_id\": \"D150C_M5_ret_12h_bps_GEQ35__trend_50_100_bps_GEQ35\",\n      \"last_outcome\": \"LOSS\"\n    },\n    {\n      \"family_key\": \"D150C_M5_ret_3h_bps__ret_24h_bps\",\n      \"closed_trade_count\": 1,\n      \"total_bps\": -19.35,\n      \"mean_bps\": -19.35,\n      \"total_net_profit\": -8.72,\n      \"last_rule_id\": \"D150C_M5_ret_3h_bps_GEQ65__ret_24h_bps_GEQ35\",\n      \"last_outcome\": \"LOSS\"\n    },\n    {\n      \"family_key\": \"D150C_M5_trend_8_20_bps__trend_50_100_bps\",\n      \"closed_trade_count\": 1,\n      \"total_bps\": -50.52,\n      \"mean_bps\": -50.52,\n      \"total_net_profit\": -21.22,\n      \"last_rule_id\": \"D150C_M5_trend_8_20_bps_GEQ65__trend_50_100_bps_GEQ35\",\n      \"last_outcome\": \"LOSS\"\n    }\n  ],\n  \"repo_kv\": \"/Users/vahid/Desktop/xauusd-trader/data/demo_execution/xauusd_stage155_m5_active_router_rule_state_kv.csv\",\n  \"repo_latest\": \"/Users/vahid/Desktop/xauusd-trader/data/demo_execution/xauusd_stage155_m5_active_router_rule_state_latest.csv\",\n  \"mt5_kv_written\": true,\n  \"mt5_kv\": \"/Users/vahid/Library/Application Support/net.metaquotes.wine.metatrader5/drive_c/Program Files/MetaTrader 5/MQL5/Files/xauusd_stage155_m5_active_router_rule_state_kv.csv\",\n  \"mt5_latest\": \"/Users/vahid/Library/Application Support/net.metaquotes.wine.metatrader5/drive_c/Program Files/MetaTrader 5/MQL5/Files/xauusd_stage155_m5_active_router_rule_state_latest.csv\",\n  \"stage134_instruction\": {\n    \"InpRuleStateKvFile\": \"xauusd_stage155_m5_active_router_rule_state_kv.csv\",\n    \"InpAllowedRules\": \"all\",\n    \"keep_InpEnableDemoOrders\": \"true only on demo account\"\n  },\n  \"summary_json\": \"/Users/vahid/Desktop/xauusd-trader/reports/stage155_active_router_demo_risk_guard/m5/stage155_active_router_demo_risk_guard_summary.json\",\n  \"next\": [\n    \"Use this Stage157-hardened router behind Stage156; it preserves Stage155 KV filename so Stage134 input does not need to change.\",\n    \"If global_gate_freeze_active is true, keep demo orders blocked and repair discovery before re-enabling routing.\"\n  ]\n}\n",
      "stderr_tail": ""
    }
  ],
  "next": [
    "If classification is NO_ACTIVE_RULE, keep Stage155 running and do not patch unless inactivity is commercially unacceptable over a defined window.",
    "If classification is SOURCE_STALE or BLOCKED_STALE, update the M5 CSV and run this unifier again.",
    "Use --db-update-command only after identifying the repo's current AMarkets DB updater command."
  ]
}
{
  "stage": "Stage156_OPERATIONAL_UNIFIER",
  "generated_utc": "2026-07-08T08:29:14Z",
  "status": "STAGE156_COMPLETE_OPERATIONAL_UNIFIER_READY",
  "classification": "BLOCKED_STALE",
  "reason": "Stage134 blocked because feature_date is stale; update source CSV or ensure router scheduler is running.",
  "root": "/Users/vahid/Desktop/xauusd-trader",
  "mt5_files": "/Users/vahid/Library/Application Support/net.metaquotes.wine.metatrader5/drive_c/Program Files/MetaTrader 5/MQL5/Files",
  "source": {
    "bars_m5": "/Users/vahid/Downloads/xauusd_fundamental_event_inbox/amarkets_xauusd_5m.csv",
    "exists": true,
    "row_count_including_header_if_any": 318862,
    "last_line": "2026.07.08\t07:40:00\t4125.25\t4125.65\t4121.97\t4123.09\t307\t0\t36",
    "raw_latest_time": "2026-07-08T07:40:00Z",
    "timestamp_shift_hours": -3.0,
    "normalized_latest_time": "2026-07-08T04:40:00Z",
    "feature_age_sec": 13754,
    "max_feature_age_sec": 7200,
    "source_fresh": false
  },
  "router": {
    "cmd": "/Library/Frameworks/Python.framework/Versions/3.14/bin/python3 app/stage154_active_shortlist_rule_router.py --root /Users/vahid/Desktop/xauusd-trader --bars /Users/vahid/Downloads/xauusd_fundamental_event_inbox/amarkets_xauusd_5m.csv --score-csv /Users/vahid/Desktop/xauusd-trader/reports/stage150_mtf_separated_validation_discovery/m5/stage150_candidate_scores.csv --risk-summary /Users/vahid/Desktop/xauusd-trader/reports/stage145_clean_ledger_performance_gate/stage145_clean_ledger_performance_gate_summary.json --tf m5 --timeframe-minutes 5 --max-feature-age-sec 7200 --timestamp-shift-hours -3.0 --write-mt5",
    "kv_path": "/Users/vahid/Library/Application Support/net.metaquotes.wine.metatrader5/drive_c/Program Files/MetaTrader 5/MQL5/Files/xauusd_stage155_m5_active_router_rule_state_kv.csv",
    "decision": "STAGE157_GLOBAL_PERFORMANCE_FREEZE_NO_ORDER",
    "any_signal_active": "false",
    "selected_rule_id": "",
    "selected_family_key": "",
    "active_shortlist_count": "92",
    "eligible_shortlist_count": "188",
    "risk_blocked_family_count": "5"
  },
  "stage134": {
    "kv_path": "/Users/vahid/Library/Application Support/net.metaquotes.wine.metatrader5/drive_c/Program Files/MetaTrader 5/MQL5/Files/xauusd_stage134_demo_executor_status_kv.csv",
    "decision": "BLOCKED_SIGNAL_STALE",
    "reason": "feature_date is stale/missing/unparseable; freshness is based on feature_date UTC, not file modified time",
    "feature_date": "2026-07-08T04:40:00Z",
    "signal_fresh": "false",
    "signal_age_sec": "13770",
    "any_signal_active": "false",
    "open_positions": "0",
    "last_success_signal_key": "2026-07-08T04:40:00Z|D150C_M5_ret_6h_bps_GEQ35__trend_50_100_bps_GEQ35",
    "last_attempt_signal_key": "2026-07-08T04:40:00Z|D150C_M5_ret_6h_bps_GEQ35__trend_50_100_bps_GEQ35"
  },
  "commands": [
    {
      "cmd": "/Library/Frameworks/Python.framework/Versions/3.14/bin/python3 app/stage154_active_shortlist_rule_router.py --root /Users/vahid/Desktop/xauusd-trader --bars /Users/vahid/Downloads/xauusd_fundamental_event_inbox/amarkets_xauusd_5m.csv --score-csv /Users/vahid/Desktop/xauusd-trader/reports/stage150_mtf_separated_validation_discovery/m5/stage150_candidate_scores.csv --risk-summary /Users/vahid/Desktop/xauusd-trader/reports/stage145_clean_ledger_performance_gate/stage145_clean_ledger_performance_gate_summary.json --tf m5 --timeframe-minutes 5 --max-feature-age-sec 7200 --timestamp-shift-hours -3.0 --write-mt5",
      "started_utc": "2026-07-08T08:29:14Z",
      "finished_utc": "2026-07-08T08:29:31Z",
      "returncode": 0,
      "stdout_tail": "performance_gate/stage145_clean_ledger_performance_gate_summary.json\",\n  \"global_freeze_guard\": true,\n  \"global_gate_freeze_active\": true,\n  \"global_gate_info\": {\n    \"global_gate_freeze_active\": true,\n    \"global_gate_reason\": \"Stage145 aggregate gate requires freeze/repair: gate_decision=STAGE145_FREEZE_REPAIR_RULE_NEGATIVE_EXPECTANCY; recommended_action=FREEZE_CURRENT_RULE_AND_REPAIR_DISCOVERY; severity=HIGH; closed_trade_count=13; total_bps=-78.3; mean_bps=-6.02; win_rate=0.4615\",\n    \"global_gate_decision\": \"STAGE145_FREEZE_REPAIR_RULE_NEGATIVE_EXPECTANCY\",\n    \"global_recommended_action\": \"FREEZE_CURRENT_RULE_AND_REPAIR_DISCOVERY\",\n    \"global_severity\": \"HIGH\",\n    \"global_closed_trade_count\": 13,\n    \"global_total_bps\": -78.3,\n    \"global_mean_bps\": -6.02,\n    \"global_win_rate\": 0.4615,\n    \"min_global_gate_trades\": 10\n  },\n  \"block_negative_demo_families\": true,\n  \"risk_blocked_family_count\": 5,\n  \"risk_blocked_candidate_count\": 36,\n  \"blocked_family_keys\": [\n    \"D138C_ret_48h_bps__trend_50_100_bps\",\n    \"D150C_M5_ret_12h_bps__trend_50_100_bps\",\n    \"D150C_M5_ret_3h_bps__ret_24h_bps\",\n    \"D150C_M5_ret_6h_bps__trend_50_100_bps\",\n    \"D150C_M5_trend_8_20_bps__trend_50_100_bps\"\n  ],\n  \"blocked_family_rows\": [\n    {\n      \"family_key\": \"D138C_ret_48h_bps__trend_50_100_bps\",\n      \"closed_trade_count\": 6,\n      \"total_bps\": -1.29,\n      \"mean_bps\": -0.21,\n      \"total_net_profit\": -0.94,\n      \"last_rule_id\": \"D138C_ret_48h_bps_GEQ65__trend_50_100_bps_LEQ65\",\n      \"last_outcome\": \"PROFIT\"\n    },\n    {\n      \"family_key\": \"D150C_M5_ret_12h_bps__trend_50_100_bps\",\n      \"closed_trade_count\": 1,\n      \"total_bps\": -57.1,\n      \"mean_bps\": -57.1,\n      \"total_net_profit\": -23.65,\n      \"last_rule_id\": \"D150C_M5_ret_12h_bps_GEQ35__trend_50_100_bps_GEQ35\",\n      \"last_outcome\": \"LOSS\"\n    },\n    {\n      \"family_key\": \"D150C_M5_ret_3h_bps__ret_24h_bps\",\n      \"closed_trade_count\": 1,\n      \"total_bps\": -19.35,\n      \"mean_bps\": -19.35,\n      \"total_net_profit\": -8.72,\n      \"last_rule_id\": \"D150C_M5_ret_3h_bps_GEQ65__ret_24h_bps_GEQ35\",\n      \"last_outcome\": \"LOSS\"\n    },\n    {\n      \"family_key\": \"D150C_M5_ret_6h_bps__trend_50_100_bps\",\n      \"closed_trade_count\": 1,\n      \"total_bps\": -68.58,\n      \"mean_bps\": -68.58,\n      \"total_net_profit\": -28.3,\n      \"last_rule_id\": \"D150C_M5_ret_6h_bps_GEQ35__trend_50_100_bps_GEQ35\",\n      \"last_outcome\": \"LOSS\"\n    },\n    {\n      \"family_key\": \"D150C_M5_trend_8_20_bps__trend_50_100_bps\",\n      \"closed_trade_count\": 1,\n      \"total_bps\": -50.52,\n      \"mean_bps\": -50.52,\n      \"total_net_profit\": -21.22,\n      \"last_rule_id\": \"D150C_M5_trend_8_20_bps_GEQ65__trend_50_100_bps_GEQ35\",\n      \"last_outcome\": \"LOSS\"\n    }\n  ],\n  \"repo_kv\": \"/Users/vahid/Desktop/xauusd-trader/data/demo_execution/xauusd_stage155_m5_active_router_rule_state_kv.csv\",\n  \"repo_latest\": \"/Users/vahid/Desktop/xauusd-trader/data/demo_execution/xauusd_stage155_m5_active_router_rule_state_latest.csv\",\n  \"mt5_kv_written\": true,\n  \"mt5_kv\": \"/Users/vahid/Library/Application Support/net.metaquotes.wine.metatrader5/drive_c/Program Files/MetaTrader 5/MQL5/Files/xauusd_stage155_m5_active_router_rule_state_kv.csv\",\n  \"mt5_latest\": \"/Users/vahid/Library/Application Support/net.metaquotes.wine.metatrader5/drive_c/Program Files/MetaTrader 5/MQL5/Files/xauusd_stage155_m5_active_router_rule_state_latest.csv\",\n  \"stage134_instruction\": {\n    \"InpRuleStateKvFile\": \"xauusd_stage155_m5_active_router_rule_state_kv.csv\",\n    \"InpAllowedRules\": \"all\",\n    \"keep_InpEnableDemoOrders\": \"true only on demo account\"\n  },\n  \"summary_json\": \"/Users/vahid/Desktop/xauusd-trader/reports/stage155_active_router_demo_risk_guard/m5/stage155_active_router_demo_risk_guard_summary.json\",\n  \"next\": [\n    \"Use this Stage157-hardened router behind Stage156; it preserves Stage155 KV filename so Stage134 input does not need to change.\",\n    \"If global_gate_freeze_active is true, keep demo orders blocked and repair discovery before re-enabling routing.\"\n  ]\n}\n",
      "stderr_tail": ""
    }
  ],
  "next": [
    "If classification is NO_ACTIVE_RULE, keep Stage155 running and do not patch unless inactivity is commercially unacceptable over a defined window.",
    "If classification is SOURCE_STALE or BLOCKED_STALE, update the M5 CSV and run this unifier again.",
    "Use --db-update-command only after identifying the repo's current AMarkets DB updater command."
  ]
}
{
  "stage": "Stage156_OPERATIONAL_UNIFIER",
  "generated_utc": "2026-07-08T08:34:34Z",
  "status": "STAGE156_COMPLETE_OPERATIONAL_UNIFIER_READY",
  "classification": "BLOCKED_STALE",
  "reason": "Stage134 blocked because feature_date is stale; update source CSV or ensure router scheduler is running.",
  "root": "/Users/vahid/Desktop/xauusd-trader",
  "mt5_files": "/Users/vahid/Library/Application Support/net.metaquotes.wine.metatrader5/drive_c/Program Files/MetaTrader 5/MQL5/Files",
  "source": {
    "bars_m5": "/Users/vahid/Downloads/xauusd_fundamental_event_inbox/amarkets_xauusd_5m.csv",
    "exists": true,
    "row_count_including_header_if_any": 318862,
    "last_line": "2026.07.08\t07:40:00\t4125.25\t4125.65\t4121.97\t4123.09\t307\t0\t36",
    "raw_latest_time": "2026-07-08T07:40:00Z",
    "timestamp_shift_hours": -3.0,
    "normalized_latest_time": "2026-07-08T04:40:00Z",
    "feature_age_sec": 14074,
    "max_feature_age_sec": 7200,
    "source_fresh": false
  },
  "router": {
    "cmd": "/Library/Frameworks/Python.framework/Versions/3.14/bin/python3 app/stage154_active_shortlist_rule_router.py --root /Users/vahid/Desktop/xauusd-trader --bars /Users/vahid/Downloads/xauusd_fundamental_event_inbox/amarkets_xauusd_5m.csv --score-csv /Users/vahid/Desktop/xauusd-trader/reports/stage150_mtf_separated_validation_discovery/m5/stage150_candidate_scores.csv --risk-summary /Users/vahid/Desktop/xauusd-trader/reports/stage145_clean_ledger_performance_gate/stage145_clean_ledger_performance_gate_summary.json --tf m5 --timeframe-minutes 5 --max-feature-age-sec 7200 --timestamp-shift-hours -3.0 --write-mt5",
    "kv_path": "/Users/vahid/Library/Application Support/net.metaquotes.wine.metatrader5/drive_c/Program Files/MetaTrader 5/MQL5/Files/xauusd_stage155_m5_active_router_rule_state_kv.csv",
    "decision": "STAGE157_GLOBAL_PERFORMANCE_FREEZE_NO_ORDER",
    "any_signal_active": "false",
    "selected_rule_id": "",
    "selected_family_key": "",
    "active_shortlist_count": "92",
    "eligible_shortlist_count": "188",
    "risk_blocked_family_count": "5"
  },
  "stage134": {
    "kv_path": "/Users/vahid/Library/Application Support/net.metaquotes.wine.metatrader5/drive_c/Program Files/MetaTrader 5/MQL5/Files/xauusd_stage134_demo_executor_status_kv.csv",
    "decision": "BLOCKED_SIGNAL_STALE",
    "reason": "feature_date is stale/missing/unparseable; freshness is based on feature_date UTC, not file modified time",
    "feature_date": "2026-07-08T04:40:00Z",
    "signal_fresh": "false",
    "signal_age_sec": "14076",
    "any_signal_active": "false",
    "open_positions": "0",
    "last_success_signal_key": "2026-07-08T04:40:00Z|D150C_M5_ret_6h_bps_GEQ35__trend_50_100_bps_GEQ35",
    "last_attempt_signal_key": "2026-07-08T04:40:00Z|D150C_M5_ret_6h_bps_GEQ35__trend_50_100_bps_GEQ35"
  },
  "commands": [
    {
      "cmd": "/Library/Frameworks/Python.framework/Versions/3.14/bin/python3 app/stage154_active_shortlist_rule_router.py --root /Users/vahid/Desktop/xauusd-trader --bars /Users/vahid/Downloads/xauusd_fundamental_event_inbox/amarkets_xauusd_5m.csv --score-csv /Users/vahid/Desktop/xauusd-trader/reports/stage150_mtf_separated_validation_discovery/m5/stage150_candidate_scores.csv --risk-summary /Users/vahid/Desktop/xauusd-trader/reports/stage145_clean_ledger_performance_gate/stage145_clean_ledger_performance_gate_summary.json --tf m5 --timeframe-minutes 5 --max-feature-age-sec 7200 --timestamp-shift-hours -3.0 --write-mt5",
      "started_utc": "2026-07-08T08:34:34Z",
      "finished_utc": "2026-07-08T08:34:44Z",
      "returncode": 0,
      "stdout_tail": "performance_gate/stage145_clean_ledger_performance_gate_summary.json\",\n  \"global_freeze_guard\": true,\n  \"global_gate_freeze_active\": true,\n  \"global_gate_info\": {\n    \"global_gate_freeze_active\": true,\n    \"global_gate_reason\": \"Stage145 aggregate gate requires freeze/repair: gate_decision=STAGE145_FREEZE_REPAIR_RULE_NEGATIVE_EXPECTANCY; recommended_action=FREEZE_CURRENT_RULE_AND_REPAIR_DISCOVERY; severity=HIGH; closed_trade_count=13; total_bps=-78.3; mean_bps=-6.02; win_rate=0.4615\",\n    \"global_gate_decision\": \"STAGE145_FREEZE_REPAIR_RULE_NEGATIVE_EXPECTANCY\",\n    \"global_recommended_action\": \"FREEZE_CURRENT_RULE_AND_REPAIR_DISCOVERY\",\n    \"global_severity\": \"HIGH\",\n    \"global_closed_trade_count\": 13,\n    \"global_total_bps\": -78.3,\n    \"global_mean_bps\": -6.02,\n    \"global_win_rate\": 0.4615,\n    \"min_global_gate_trades\": 10\n  },\n  \"block_negative_demo_families\": true,\n  \"risk_blocked_family_count\": 5,\n  \"risk_blocked_candidate_count\": 36,\n  \"blocked_family_keys\": [\n    \"D138C_ret_48h_bps__trend_50_100_bps\",\n    \"D150C_M5_ret_12h_bps__trend_50_100_bps\",\n    \"D150C_M5_ret_3h_bps__ret_24h_bps\",\n    \"D150C_M5_ret_6h_bps__trend_50_100_bps\",\n    \"D150C_M5_trend_8_20_bps__trend_50_100_bps\"\n  ],\n  \"blocked_family_rows\": [\n    {\n      \"family_key\": \"D138C_ret_48h_bps__trend_50_100_bps\",\n      \"closed_trade_count\": 6,\n      \"total_bps\": -1.29,\n      \"mean_bps\": -0.21,\n      \"total_net_profit\": -0.94,\n      \"last_rule_id\": \"D138C_ret_48h_bps_GEQ65__trend_50_100_bps_LEQ65\",\n      \"last_outcome\": \"PROFIT\"\n    },\n    {\n      \"family_key\": \"D150C_M5_ret_12h_bps__trend_50_100_bps\",\n      \"closed_trade_count\": 1,\n      \"total_bps\": -57.1,\n      \"mean_bps\": -57.1,\n      \"total_net_profit\": -23.65,\n      \"last_rule_id\": \"D150C_M5_ret_12h_bps_GEQ35__trend_50_100_bps_GEQ35\",\n      \"last_outcome\": \"LOSS\"\n    },\n    {\n      \"family_key\": \"D150C_M5_ret_3h_bps__ret_24h_bps\",\n      \"closed_trade_count\": 1,\n      \"total_bps\": -19.35,\n      \"mean_bps\": -19.35,\n      \"total_net_profit\": -8.72,\n      \"last_rule_id\": \"D150C_M5_ret_3h_bps_GEQ65__ret_24h_bps_GEQ35\",\n      \"last_outcome\": \"LOSS\"\n    },\n    {\n      \"family_key\": \"D150C_M5_ret_6h_bps__trend_50_100_bps\",\n      \"closed_trade_count\": 1,\n      \"total_bps\": -68.58,\n      \"mean_bps\": -68.58,\n      \"total_net_profit\": -28.3,\n      \"last_rule_id\": \"D150C_M5_ret_6h_bps_GEQ35__trend_50_100_bps_GEQ35\",\n      \"last_outcome\": \"LOSS\"\n    },\n    {\n      \"family_key\": \"D150C_M5_trend_8_20_bps__trend_50_100_bps\",\n      \"closed_trade_count\": 1,\n      \"total_bps\": -50.52,\n      \"mean_bps\": -50.52,\n      \"total_net_profit\": -21.22,\n      \"last_rule_id\": \"D150C_M5_trend_8_20_bps_GEQ65__trend_50_100_bps_GEQ35\",\n      \"last_outcome\": \"LOSS\"\n    }\n  ],\n  \"repo_kv\": \"/Users/vahid/Desktop/xauusd-trader/data/demo_execution/xauusd_stage155_m5_active_router_rule_state_kv.csv\",\n  \"repo_latest\": \"/Users/vahid/Desktop/xauusd-trader/data/demo_execution/xauusd_stage155_m5_active_router_rule_state_latest.csv\",\n  \"mt5_kv_written\": true,\n  \"mt5_kv\": \"/Users/vahid/Library/Application Support/net.metaquotes.wine.metatrader5/drive_c/Program Files/MetaTrader 5/MQL5/Files/xauusd_stage155_m5_active_router_rule_state_kv.csv\",\n  \"mt5_latest\": \"/Users/vahid/Library/Application Support/net.metaquotes.wine.metatrader5/drive_c/Program Files/MetaTrader 5/MQL5/Files/xauusd_stage155_m5_active_router_rule_state_latest.csv\",\n  \"stage134_instruction\": {\n    \"InpRuleStateKvFile\": \"xauusd_stage155_m5_active_router_rule_state_kv.csv\",\n    \"InpAllowedRules\": \"all\",\n    \"keep_InpEnableDemoOrders\": \"true only on demo account\"\n  },\n  \"summary_json\": \"/Users/vahid/Desktop/xauusd-trader/reports/stage155_active_router_demo_risk_guard/m5/stage155_active_router_demo_risk_guard_summary.json\",\n  \"next\": [\n    \"Use this Stage157-hardened router behind Stage156; it preserves Stage155 KV filename so Stage134 input does not need to change.\",\n    \"If global_gate_freeze_active is true, keep demo orders blocked and repair discovery before re-enabling routing.\"\n  ]\n}\n",
      "stderr_tail": ""
    }
  ],
  "next": [
    "If classification is NO_ACTIVE_RULE, keep Stage155 running and do not patch unless inactivity is commercially unacceptable over a defined window.",
    "If classification is SOURCE_STALE or BLOCKED_STALE, update the M5 CSV and run this unifier again.",
    "Use --db-update-command only after identifying the repo's current AMarkets DB updater command."
  ]
}
{
  "stage": "Stage156_OPERATIONAL_UNIFIER",
  "generated_utc": "2026-07-08T08:39:47Z",
  "status": "STAGE156_COMPLETE_OPERATIONAL_UNIFIER_READY",
  "classification": "BLOCKED_STALE",
  "reason": "Stage134 blocked because feature_date is stale; update source CSV or ensure router scheduler is running.",
  "root": "/Users/vahid/Desktop/xauusd-trader",
  "mt5_files": "/Users/vahid/Library/Application Support/net.metaquotes.wine.metatrader5/drive_c/Program Files/MetaTrader 5/MQL5/Files",
  "source": {
    "bars_m5": "/Users/vahid/Downloads/xauusd_fundamental_event_inbox/amarkets_xauusd_5m.csv",
    "exists": true,
    "row_count_including_header_if_any": 318862,
    "last_line": "2026.07.08\t07:40:00\t4125.25\t4125.65\t4121.97\t4123.09\t307\t0\t36",
    "raw_latest_time": "2026-07-08T07:40:00Z",
    "timestamp_shift_hours": -3.0,
    "normalized_latest_time": "2026-07-08T04:40:00Z",
    "feature_age_sec": 14387,
    "max_feature_age_sec": 7200,
    "source_fresh": false
  },
  "router": {
    "cmd": "/Library/Frameworks/Python.framework/Versions/3.14/bin/python3 app/stage154_active_shortlist_rule_router.py --root /Users/vahid/Desktop/xauusd-trader --bars /Users/vahid/Downloads/xauusd_fundamental_event_inbox/amarkets_xauusd_5m.csv --score-csv /Users/vahid/Desktop/xauusd-trader/reports/stage150_mtf_separated_validation_discovery/m5/stage150_candidate_scores.csv --risk-summary /Users/vahid/Desktop/xauusd-trader/reports/stage145_clean_ledger_performance_gate/stage145_clean_ledger_performance_gate_summary.json --tf m5 --timeframe-minutes 5 --max-feature-age-sec 7200 --timestamp-shift-hours -3.0 --write-mt5",
    "kv_path": "/Users/vahid/Library/Application Support/net.metaquotes.wine.metatrader5/drive_c/Program Files/MetaTrader 5/MQL5/Files/xauusd_stage155_m5_active_router_rule_state_kv.csv",
    "decision": "STAGE157_GLOBAL_PERFORMANCE_FREEZE_NO_ORDER",
    "any_signal_active": "false",
    "selected_rule_id": "",
    "selected_family_key": "",
    "active_shortlist_count": "92",
    "eligible_shortlist_count": "188",
    "risk_blocked_family_count": "5"
  },
  "stage134": {
    "kv_path": "/Users/vahid/Library/Application Support/net.metaquotes.wine.metatrader5/drive_c/Program Files/MetaTrader 5/MQL5/Files/xauusd_stage134_demo_executor_status_kv.csv",
    "decision": "BLOCKED_SIGNAL_STALE",
    "reason": "feature_date is stale/missing/unparseable; freshness is based on feature_date UTC, not file modified time",
    "feature_date": "2026-07-08T04:40:00Z",
    "signal_fresh": "false",
    "signal_age_sec": "14400",
    "any_signal_active": "false",
    "open_positions": "0",
    "last_success_signal_key": "2026-07-08T04:40:00Z|D150C_M5_ret_6h_bps_GEQ35__trend_50_100_bps_GEQ35",
    "last_attempt_signal_key": "2026-07-08T04:40:00Z|D150C_M5_ret_6h_bps_GEQ35__trend_50_100_bps_GEQ35"
  },
  "commands": [
    {
      "cmd": "/Library/Frameworks/Python.framework/Versions/3.14/bin/python3 app/stage154_active_shortlist_rule_router.py --root /Users/vahid/Desktop/xauusd-trader --bars /Users/vahid/Downloads/xauusd_fundamental_event_inbox/amarkets_xauusd_5m.csv --score-csv /Users/vahid/Desktop/xauusd-trader/reports/stage150_mtf_separated_validation_discovery/m5/stage150_candidate_scores.csv --risk-summary /Users/vahid/Desktop/xauusd-trader/reports/stage145_clean_ledger_performance_gate/stage145_clean_ledger_performance_gate_summary.json --tf m5 --timeframe-minutes 5 --max-feature-age-sec 7200 --timestamp-shift-hours -3.0 --write-mt5",
      "started_utc": "2026-07-08T08:39:47Z",
      "finished_utc": "2026-07-08T08:39:58Z",
      "returncode": 0,
      "stdout_tail": "performance_gate/stage145_clean_ledger_performance_gate_summary.json\",\n  \"global_freeze_guard\": true,\n  \"global_gate_freeze_active\": true,\n  \"global_gate_info\": {\n    \"global_gate_freeze_active\": true,\n    \"global_gate_reason\": \"Stage145 aggregate gate requires freeze/repair: gate_decision=STAGE145_FREEZE_REPAIR_RULE_NEGATIVE_EXPECTANCY; recommended_action=FREEZE_CURRENT_RULE_AND_REPAIR_DISCOVERY; severity=HIGH; closed_trade_count=13; total_bps=-78.3; mean_bps=-6.02; win_rate=0.4615\",\n    \"global_gate_decision\": \"STAGE145_FREEZE_REPAIR_RULE_NEGATIVE_EXPECTANCY\",\n    \"global_recommended_action\": \"FREEZE_CURRENT_RULE_AND_REPAIR_DISCOVERY\",\n    \"global_severity\": \"HIGH\",\n    \"global_closed_trade_count\": 13,\n    \"global_total_bps\": -78.3,\n    \"global_mean_bps\": -6.02,\n    \"global_win_rate\": 0.4615,\n    \"min_global_gate_trades\": 10\n  },\n  \"block_negative_demo_families\": true,\n  \"risk_blocked_family_count\": 5,\n  \"risk_blocked_candidate_count\": 36,\n  \"blocked_family_keys\": [\n    \"D138C_ret_48h_bps__trend_50_100_bps\",\n    \"D150C_M5_ret_12h_bps__trend_50_100_bps\",\n    \"D150C_M5_ret_3h_bps__ret_24h_bps\",\n    \"D150C_M5_ret_6h_bps__trend_50_100_bps\",\n    \"D150C_M5_trend_8_20_bps__trend_50_100_bps\"\n  ],\n  \"blocked_family_rows\": [\n    {\n      \"family_key\": \"D138C_ret_48h_bps__trend_50_100_bps\",\n      \"closed_trade_count\": 6,\n      \"total_bps\": -1.29,\n      \"mean_bps\": -0.21,\n      \"total_net_profit\": -0.94,\n      \"last_rule_id\": \"D138C_ret_48h_bps_GEQ65__trend_50_100_bps_LEQ65\",\n      \"last_outcome\": \"PROFIT\"\n    },\n    {\n      \"family_key\": \"D150C_M5_ret_12h_bps__trend_50_100_bps\",\n      \"closed_trade_count\": 1,\n      \"total_bps\": -57.1,\n      \"mean_bps\": -57.1,\n      \"total_net_profit\": -23.65,\n      \"last_rule_id\": \"D150C_M5_ret_12h_bps_GEQ35__trend_50_100_bps_GEQ35\",\n      \"last_outcome\": \"LOSS\"\n    },\n    {\n      \"family_key\": \"D150C_M5_ret_3h_bps__ret_24h_bps\",\n      \"closed_trade_count\": 1,\n      \"total_bps\": -19.35,\n      \"mean_bps\": -19.35,\n      \"total_net_profit\": -8.72,\n      \"last_rule_id\": \"D150C_M5_ret_3h_bps_GEQ65__ret_24h_bps_GEQ35\",\n      \"last_outcome\": \"LOSS\"\n    },\n    {\n      \"family_key\": \"D150C_M5_ret_6h_bps__trend_50_100_bps\",\n      \"closed_trade_count\": 1,\n      \"total_bps\": -68.58,\n      \"mean_bps\": -68.58,\n      \"total_net_profit\": -28.3,\n      \"last_rule_id\": \"D150C_M5_ret_6h_bps_GEQ35__trend_50_100_bps_GEQ35\",\n      \"last_outcome\": \"LOSS\"\n    },\n    {\n      \"family_key\": \"D150C_M5_trend_8_20_bps__trend_50_100_bps\",\n      \"closed_trade_count\": 1,\n      \"total_bps\": -50.52,\n      \"mean_bps\": -50.52,\n      \"total_net_profit\": -21.22,\n      \"last_rule_id\": \"D150C_M5_trend_8_20_bps_GEQ65__trend_50_100_bps_GEQ35\",\n      \"last_outcome\": \"LOSS\"\n    }\n  ],\n  \"repo_kv\": \"/Users/vahid/Desktop/xauusd-trader/data/demo_execution/xauusd_stage155_m5_active_router_rule_state_kv.csv\",\n  \"repo_latest\": \"/Users/vahid/Desktop/xauusd-trader/data/demo_execution/xauusd_stage155_m5_active_router_rule_state_latest.csv\",\n  \"mt5_kv_written\": true,\n  \"mt5_kv\": \"/Users/vahid/Library/Application Support/net.metaquotes.wine.metatrader5/drive_c/Program Files/MetaTrader 5/MQL5/Files/xauusd_stage155_m5_active_router_rule_state_kv.csv\",\n  \"mt5_latest\": \"/Users/vahid/Library/Application Support/net.metaquotes.wine.metatrader5/drive_c/Program Files/MetaTrader 5/MQL5/Files/xauusd_stage155_m5_active_router_rule_state_latest.csv\",\n  \"stage134_instruction\": {\n    \"InpRuleStateKvFile\": \"xauusd_stage155_m5_active_router_rule_state_kv.csv\",\n    \"InpAllowedRules\": \"all\",\n    \"keep_InpEnableDemoOrders\": \"true only on demo account\"\n  },\n  \"summary_json\": \"/Users/vahid/Desktop/xauusd-trader/reports/stage155_active_router_demo_risk_guard/m5/stage155_active_router_demo_risk_guard_summary.json\",\n  \"next\": [\n    \"Use this Stage157-hardened router behind Stage156; it preserves Stage155 KV filename so Stage134 input does not need to change.\",\n    \"If global_gate_freeze_active is true, keep demo orders blocked and repair discovery before re-enabling routing.\"\n  ]\n}\n",
      "stderr_tail": ""
    }
  ],
  "next": [
    "If classification is NO_ACTIVE_RULE, keep Stage155 running and do not patch unless inactivity is commercially unacceptable over a defined window.",
    "If classification is SOURCE_STALE or BLOCKED_STALE, update the M5 CSV and run this unifier again.",
    "Use --db-update-command only after identifying the repo's current AMarkets DB updater command."
  ]
}
{
  "stage": "Stage156_OPERATIONAL_UNIFIER",
  "generated_utc": "2026-07-08T08:45:02Z",
  "status": "STAGE156_COMPLETE_OPERATIONAL_UNIFIER_READY",
  "classification": "BLOCKED_STALE",
  "reason": "Stage134 blocked because feature_date is stale; update source CSV or ensure router scheduler is running.",
  "root": "/Users/vahid/Desktop/xauusd-trader",
  "mt5_files": "/Users/vahid/Library/Application Support/net.metaquotes.wine.metatrader5/drive_c/Program Files/MetaTrader 5/MQL5/Files",
  "source": {
    "bars_m5": "/Users/vahid/Downloads/xauusd_fundamental_event_inbox/amarkets_xauusd_5m.csv",
    "exists": true,
    "row_count_including_header_if_any": 318862,
    "last_line": "2026.07.08\t07:40:00\t4125.25\t4125.65\t4121.97\t4123.09\t307\t0\t36",
    "raw_latest_time": "2026-07-08T07:40:00Z",
    "timestamp_shift_hours": -3.0,
    "normalized_latest_time": "2026-07-08T04:40:00Z",
    "feature_age_sec": 14702,
    "max_feature_age_sec": 7200,
    "source_fresh": false
  },
  "router": {
    "cmd": "/Library/Frameworks/Python.framework/Versions/3.14/bin/python3 app/stage154_active_shortlist_rule_router.py --root /Users/vahid/Desktop/xauusd-trader --bars /Users/vahid/Downloads/xauusd_fundamental_event_inbox/amarkets_xauusd_5m.csv --score-csv /Users/vahid/Desktop/xauusd-trader/reports/stage150_mtf_separated_validation_discovery/m5/stage150_candidate_scores.csv --risk-summary /Users/vahid/Desktop/xauusd-trader/reports/stage145_clean_ledger_performance_gate/stage145_clean_ledger_performance_gate_summary.json --tf m5 --timeframe-minutes 5 --max-feature-age-sec 7200 --timestamp-shift-hours -3.0 --write-mt5",
    "kv_path": "/Users/vahid/Library/Application Support/net.metaquotes.wine.metatrader5/drive_c/Program Files/MetaTrader 5/MQL5/Files/xauusd_stage155_m5_active_router_rule_state_kv.csv",
    "decision": "STAGE157_GLOBAL_PERFORMANCE_FREEZE_NO_ORDER",
    "any_signal_active": "false",
    "selected_rule_id": "",
    "selected_family_key": "",
    "active_shortlist_count": "92",
    "eligible_shortlist_count": "188",
    "risk_blocked_family_count": "5"
  },
  "stage134": {
    "kv_path": "/Users/vahid/Library/Application Support/net.metaquotes.wine.metatrader5/drive_c/Program Files/MetaTrader 5/MQL5/Files/xauusd_stage134_demo_executor_status_kv.csv",
    "decision": "BLOCKED_SIGNAL_STALE",
    "reason": "feature_date is stale/missing/unparseable; freshness is based on feature_date UTC, not file modified time",
    "feature_date": "2026-07-08T04:40:00Z",
    "signal_fresh": "false",
    "signal_age_sec": "14736",
    "any_signal_active": "false",
    "open_positions": "0",
    "last_success_signal_key": "2026-07-08T04:40:00Z|D150C_M5_ret_6h_bps_GEQ35__trend_50_100_bps_GEQ35",
    "last_attempt_signal_key": "2026-07-08T04:40:00Z|D150C_M5_ret_6h_bps_GEQ35__trend_50_100_bps_GEQ35"
  },
  "commands": [
    {
      "cmd": "/Library/Frameworks/Python.framework/Versions/3.14/bin/python3 app/stage154_active_shortlist_rule_router.py --root /Users/vahid/Desktop/xauusd-trader --bars /Users/vahid/Downloads/xauusd_fundamental_event_inbox/amarkets_xauusd_5m.csv --score-csv /Users/vahid/Desktop/xauusd-trader/reports/stage150_mtf_separated_validation_discovery/m5/stage150_candidate_scores.csv --risk-summary /Users/vahid/Desktop/xauusd-trader/reports/stage145_clean_ledger_performance_gate/stage145_clean_ledger_performance_gate_summary.json --tf m5 --timeframe-minutes 5 --max-feature-age-sec 7200 --timestamp-shift-hours -3.0 --write-mt5",
      "started_utc": "2026-07-08T08:45:02Z",
      "finished_utc": "2026-07-08T08:45:36Z",
      "returncode": 0,
      "stdout_tail": "performance_gate/stage145_clean_ledger_performance_gate_summary.json\",\n  \"global_freeze_guard\": true,\n  \"global_gate_freeze_active\": true,\n  \"global_gate_info\": {\n    \"global_gate_freeze_active\": true,\n    \"global_gate_reason\": \"Stage145 aggregate gate requires freeze/repair: gate_decision=STAGE145_FREEZE_REPAIR_RULE_NEGATIVE_EXPECTANCY; recommended_action=FREEZE_CURRENT_RULE_AND_REPAIR_DISCOVERY; severity=HIGH; closed_trade_count=13; total_bps=-78.3; mean_bps=-6.02; win_rate=0.4615\",\n    \"global_gate_decision\": \"STAGE145_FREEZE_REPAIR_RULE_NEGATIVE_EXPECTANCY\",\n    \"global_recommended_action\": \"FREEZE_CURRENT_RULE_AND_REPAIR_DISCOVERY\",\n    \"global_severity\": \"HIGH\",\n    \"global_closed_trade_count\": 13,\n    \"global_total_bps\": -78.3,\n    \"global_mean_bps\": -6.02,\n    \"global_win_rate\": 0.4615,\n    \"min_global_gate_trades\": 10\n  },\n  \"block_negative_demo_families\": true,\n  \"risk_blocked_family_count\": 5,\n  \"risk_blocked_candidate_count\": 36,\n  \"blocked_family_keys\": [\n    \"D138C_ret_48h_bps__trend_50_100_bps\",\n    \"D150C_M5_ret_12h_bps__trend_50_100_bps\",\n    \"D150C_M5_ret_3h_bps__ret_24h_bps\",\n    \"D150C_M5_ret_6h_bps__trend_50_100_bps\",\n    \"D150C_M5_trend_8_20_bps__trend_50_100_bps\"\n  ],\n  \"blocked_family_rows\": [\n    {\n      \"family_key\": \"D138C_ret_48h_bps__trend_50_100_bps\",\n      \"closed_trade_count\": 6,\n      \"total_bps\": -1.29,\n      \"mean_bps\": -0.21,\n      \"total_net_profit\": -0.94,\n      \"last_rule_id\": \"D138C_ret_48h_bps_GEQ65__trend_50_100_bps_LEQ65\",\n      \"last_outcome\": \"PROFIT\"\n    },\n    {\n      \"family_key\": \"D150C_M5_ret_12h_bps__trend_50_100_bps\",\n      \"closed_trade_count\": 1,\n      \"total_bps\": -57.1,\n      \"mean_bps\": -57.1,\n      \"total_net_profit\": -23.65,\n      \"last_rule_id\": \"D150C_M5_ret_12h_bps_GEQ35__trend_50_100_bps_GEQ35\",\n      \"last_outcome\": \"LOSS\"\n    },\n    {\n      \"family_key\": \"D150C_M5_ret_3h_bps__ret_24h_bps\",\n      \"closed_trade_count\": 1,\n      \"total_bps\": -19.35,\n      \"mean_bps\": -19.35,\n      \"total_net_profit\": -8.72,\n      \"last_rule_id\": \"D150C_M5_ret_3h_bps_GEQ65__ret_24h_bps_GEQ35\",\n      \"last_outcome\": \"LOSS\"\n    },\n    {\n      \"family_key\": \"D150C_M5_ret_6h_bps__trend_50_100_bps\",\n      \"closed_trade_count\": 1,\n      \"total_bps\": -68.58,\n      \"mean_bps\": -68.58,\n      \"total_net_profit\": -28.3,\n      \"last_rule_id\": \"D150C_M5_ret_6h_bps_GEQ35__trend_50_100_bps_GEQ35\",\n      \"last_outcome\": \"LOSS\"\n    },\n    {\n      \"family_key\": \"D150C_M5_trend_8_20_bps__trend_50_100_bps\",\n      \"closed_trade_count\": 1,\n      \"total_bps\": -50.52,\n      \"mean_bps\": -50.52,\n      \"total_net_profit\": -21.22,\n      \"last_rule_id\": \"D150C_M5_trend_8_20_bps_GEQ65__trend_50_100_bps_GEQ35\",\n      \"last_outcome\": \"LOSS\"\n    }\n  ],\n  \"repo_kv\": \"/Users/vahid/Desktop/xauusd-trader/data/demo_execution/xauusd_stage155_m5_active_router_rule_state_kv.csv\",\n  \"repo_latest\": \"/Users/vahid/Desktop/xauusd-trader/data/demo_execution/xauusd_stage155_m5_active_router_rule_state_latest.csv\",\n  \"mt5_kv_written\": true,\n  \"mt5_kv\": \"/Users/vahid/Library/Application Support/net.metaquotes.wine.metatrader5/drive_c/Program Files/MetaTrader 5/MQL5/Files/xauusd_stage155_m5_active_router_rule_state_kv.csv\",\n  \"mt5_latest\": \"/Users/vahid/Library/Application Support/net.metaquotes.wine.metatrader5/drive_c/Program Files/MetaTrader 5/MQL5/Files/xauusd_stage155_m5_active_router_rule_state_latest.csv\",\n  \"stage134_instruction\": {\n    \"InpRuleStateKvFile\": \"xauusd_stage155_m5_active_router_rule_state_kv.csv\",\n    \"InpAllowedRules\": \"all\",\n    \"keep_InpEnableDemoOrders\": \"true only on demo account\"\n  },\n  \"summary_json\": \"/Users/vahid/Desktop/xauusd-trader/reports/stage155_active_router_demo_risk_guard/m5/stage155_active_router_demo_risk_guard_summary.json\",\n  \"next\": [\n    \"Use this Stage157-hardened router behind Stage156; it preserves Stage155 KV filename so Stage134 input does not need to change.\",\n    \"If global_gate_freeze_active is true, keep demo orders blocked and repair discovery before re-enabling routing.\"\n  ]\n}\n",
      "stderr_tail": ""
    }
  ],
  "next": [
    "If classification is NO_ACTIVE_RULE, keep Stage155 running and do not patch unless inactivity is commercially unacceptable over a defined window.",
    "If classification is SOURCE_STALE or BLOCKED_STALE, update the M5 CSV and run this unifier again.",
    "Use --db-update-command only after identifying the repo's current AMarkets DB updater command."
  ]
}
{
  "stage": "Stage156_OPERATIONAL_UNIFIER",
  "generated_utc": "2026-07-08T08:50:39Z",
  "status": "STAGE156_COMPLETE_OPERATIONAL_UNIFIER_READY",
  "classification": "BLOCKED_STALE",
  "reason": "Stage134 blocked because feature_date is stale; update source CSV or ensure router scheduler is running.",
  "root": "/Users/vahid/Desktop/xauusd-trader",
  "mt5_files": "/Users/vahid/Library/Application Support/net.metaquotes.wine.metatrader5/drive_c/Program Files/MetaTrader 5/MQL5/Files",
  "source": {
    "bars_m5": "/Users/vahid/Downloads/xauusd_fundamental_event_inbox/amarkets_xauusd_5m.csv",
    "exists": true,
    "row_count_including_header_if_any": 318862,
    "last_line": "2026.07.08\t07:40:00\t4125.25\t4125.65\t4121.97\t4123.09\t307\t0\t36",
    "raw_latest_time": "2026-07-08T07:40:00Z",
    "timestamp_shift_hours": -3.0,
    "normalized_latest_time": "2026-07-08T04:40:00Z",
    "feature_age_sec": 15039,
    "max_feature_age_sec": 7200,
    "source_fresh": false
  },
  "router": {
    "cmd": "/Library/Frameworks/Python.framework/Versions/3.14/bin/python3 app/stage154_active_shortlist_rule_router.py --root /Users/vahid/Desktop/xauusd-trader --bars /Users/vahid/Downloads/xauusd_fundamental_event_inbox/amarkets_xauusd_5m.csv --score-csv /Users/vahid/Desktop/xauusd-trader/reports/stage150_mtf_separated_validation_discovery/m5/stage150_candidate_scores.csv --risk-summary /Users/vahid/Desktop/xauusd-trader/reports/stage145_clean_ledger_performance_gate/stage145_clean_ledger_performance_gate_summary.json --tf m5 --timeframe-minutes 5 --max-feature-age-sec 7200 --timestamp-shift-hours -3.0 --write-mt5",
    "kv_path": "/Users/vahid/Library/Application Support/net.metaquotes.wine.metatrader5/drive_c/Program Files/MetaTrader 5/MQL5/Files/xauusd_stage155_m5_active_router_rule_state_kv.csv",
    "decision": "STAGE157_GLOBAL_PERFORMANCE_FREEZE_NO_ORDER",
    "any_signal_active": "false",
    "selected_rule_id": "",
    "selected_family_key": "",
    "active_shortlist_count": "92",
    "eligible_shortlist_count": "188",
    "risk_blocked_family_count": "5"
  },
  "stage134": {
    "kv_path": "/Users/vahid/Library/Application Support/net.metaquotes.wine.metatrader5/drive_c/Program Files/MetaTrader 5/MQL5/Files/xauusd_stage134_demo_executor_status_kv.csv",
    "decision": "BLOCKED_SIGNAL_STALE",
    "reason": "feature_date is stale/missing/unparseable; freshness is based on feature_date UTC, not file modified time",
    "feature_date": "2026-07-08T04:40:00Z",
    "signal_fresh": "false",
    "signal_age_sec": "15036",
    "any_signal_active": "false",
    "open_positions": "0",
    "last_success_signal_key": "2026-07-08T04:40:00Z|D150C_M5_ret_6h_bps_GEQ35__trend_50_100_bps_GEQ35",
    "last_attempt_signal_key": "2026-07-08T04:40:00Z|D150C_M5_ret_6h_bps_GEQ35__trend_50_100_bps_GEQ35"
  },
  "commands": [
    {
      "cmd": "/Library/Frameworks/Python.framework/Versions/3.14/bin/python3 app/stage154_active_shortlist_rule_router.py --root /Users/vahid/Desktop/xauusd-trader --bars /Users/vahid/Downloads/xauusd_fundamental_event_inbox/amarkets_xauusd_5m.csv --score-csv /Users/vahid/Desktop/xauusd-trader/reports/stage150_mtf_separated_validation_discovery/m5/stage150_candidate_scores.csv --risk-summary /Users/vahid/Desktop/xauusd-trader/reports/stage145_clean_ledger_performance_gate/stage145_clean_ledger_performance_gate_summary.json --tf m5 --timeframe-minutes 5 --max-feature-age-sec 7200 --timestamp-shift-hours -3.0 --write-mt5",
      "started_utc": "2026-07-08T08:50:39Z",
      "finished_utc": "2026-07-08T08:50:57Z",
      "returncode": 0,
      "stdout_tail": "performance_gate/stage145_clean_ledger_performance_gate_summary.json\",\n  \"global_freeze_guard\": true,\n  \"global_gate_freeze_active\": true,\n  \"global_gate_info\": {\n    \"global_gate_freeze_active\": true,\n    \"global_gate_reason\": \"Stage145 aggregate gate requires freeze/repair: gate_decision=STAGE145_FREEZE_REPAIR_RULE_NEGATIVE_EXPECTANCY; recommended_action=FREEZE_CURRENT_RULE_AND_REPAIR_DISCOVERY; severity=HIGH; closed_trade_count=13; total_bps=-78.3; mean_bps=-6.02; win_rate=0.4615\",\n    \"global_gate_decision\": \"STAGE145_FREEZE_REPAIR_RULE_NEGATIVE_EXPECTANCY\",\n    \"global_recommended_action\": \"FREEZE_CURRENT_RULE_AND_REPAIR_DISCOVERY\",\n    \"global_severity\": \"HIGH\",\n    \"global_closed_trade_count\": 13,\n    \"global_total_bps\": -78.3,\n    \"global_mean_bps\": -6.02,\n    \"global_win_rate\": 0.4615,\n    \"min_global_gate_trades\": 10\n  },\n  \"block_negative_demo_families\": true,\n  \"risk_blocked_family_count\": 5,\n  \"risk_blocked_candidate_count\": 36,\n  \"blocked_family_keys\": [\n    \"D138C_ret_48h_bps__trend_50_100_bps\",\n    \"D150C_M5_ret_12h_bps__trend_50_100_bps\",\n    \"D150C_M5_ret_3h_bps__ret_24h_bps\",\n    \"D150C_M5_ret_6h_bps__trend_50_100_bps\",\n    \"D150C_M5_trend_8_20_bps__trend_50_100_bps\"\n  ],\n  \"blocked_family_rows\": [\n    {\n      \"family_key\": \"D138C_ret_48h_bps__trend_50_100_bps\",\n      \"closed_trade_count\": 6,\n      \"total_bps\": -1.29,\n      \"mean_bps\": -0.21,\n      \"total_net_profit\": -0.94,\n      \"last_rule_id\": \"D138C_ret_48h_bps_GEQ65__trend_50_100_bps_LEQ65\",\n      \"last_outcome\": \"PROFIT\"\n    },\n    {\n      \"family_key\": \"D150C_M5_ret_12h_bps__trend_50_100_bps\",\n      \"closed_trade_count\": 1,\n      \"total_bps\": -57.1,\n      \"mean_bps\": -57.1,\n      \"total_net_profit\": -23.65,\n      \"last_rule_id\": \"D150C_M5_ret_12h_bps_GEQ35__trend_50_100_bps_GEQ35\",\n      \"last_outcome\": \"LOSS\"\n    },\n    {\n      \"family_key\": \"D150C_M5_ret_3h_bps__ret_24h_bps\",\n      \"closed_trade_count\": 1,\n      \"total_bps\": -19.35,\n      \"mean_bps\": -19.35,\n      \"total_net_profit\": -8.72,\n      \"last_rule_id\": \"D150C_M5_ret_3h_bps_GEQ65__ret_24h_bps_GEQ35\",\n      \"last_outcome\": \"LOSS\"\n    },\n    {\n      \"family_key\": \"D150C_M5_ret_6h_bps__trend_50_100_bps\",\n      \"closed_trade_count\": 1,\n      \"total_bps\": -68.58,\n      \"mean_bps\": -68.58,\n      \"total_net_profit\": -28.3,\n      \"last_rule_id\": \"D150C_M5_ret_6h_bps_GEQ35__trend_50_100_bps_GEQ35\",\n      \"last_outcome\": \"LOSS\"\n    },\n    {\n      \"family_key\": \"D150C_M5_trend_8_20_bps__trend_50_100_bps\",\n      \"closed_trade_count\": 1,\n      \"total_bps\": -50.52,\n      \"mean_bps\": -50.52,\n      \"total_net_profit\": -21.22,\n      \"last_rule_id\": \"D150C_M5_trend_8_20_bps_GEQ65__trend_50_100_bps_GEQ35\",\n      \"last_outcome\": \"LOSS\"\n    }\n  ],\n  \"repo_kv\": \"/Users/vahid/Desktop/xauusd-trader/data/demo_execution/xauusd_stage155_m5_active_router_rule_state_kv.csv\",\n  \"repo_latest\": \"/Users/vahid/Desktop/xauusd-trader/data/demo_execution/xauusd_stage155_m5_active_router_rule_state_latest.csv\",\n  \"mt5_kv_written\": true,\n  \"mt5_kv\": \"/Users/vahid/Library/Application Support/net.metaquotes.wine.metatrader5/drive_c/Program Files/MetaTrader 5/MQL5/Files/xauusd_stage155_m5_active_router_rule_state_kv.csv\",\n  \"mt5_latest\": \"/Users/vahid/Library/Application Support/net.metaquotes.wine.metatrader5/drive_c/Program Files/MetaTrader 5/MQL5/Files/xauusd_stage155_m5_active_router_rule_state_latest.csv\",\n  \"stage134_instruction\": {\n    \"InpRuleStateKvFile\": \"xauusd_stage155_m5_active_router_rule_state_kv.csv\",\n    \"InpAllowedRules\": \"all\",\n    \"keep_InpEnableDemoOrders\": \"true only on demo account\"\n  },\n  \"summary_json\": \"/Users/vahid/Desktop/xauusd-trader/reports/stage155_active_router_demo_risk_guard/m5/stage155_active_router_demo_risk_guard_summary.json\",\n  \"next\": [\n    \"Use this Stage157-hardened router behind Stage156; it preserves Stage155 KV filename so Stage134 input does not need to change.\",\n    \"If global_gate_freeze_active is true, keep demo orders blocked and repair discovery before re-enabling routing.\"\n  ]\n}\n",
      "stderr_tail": ""
    }
  ],
  "next": [
    "If classification is NO_ACTIVE_RULE, keep Stage155 running and do not patch unless inactivity is commercially unacceptable over a defined window.",
    "If classification is SOURCE_STALE or BLOCKED_STALE, update the M5 CSV and run this unifier again.",
    "Use --db-update-command only after identifying the repo's current AMarkets DB updater command."
  ]
}
{
  "stage": "Stage156_OPERATIONAL_UNIFIER",
  "generated_utc": "2026-07-08T08:56:00Z",
  "status": "STAGE156_COMPLETE_OPERATIONAL_UNIFIER_READY",
  "classification": "BLOCKED_STALE",
  "reason": "Stage134 blocked because feature_date is stale; update source CSV or ensure router scheduler is running.",
  "root": "/Users/vahid/Desktop/xauusd-trader",
  "mt5_files": "/Users/vahid/Library/Application Support/net.metaquotes.wine.metatrader5/drive_c/Program Files/MetaTrader 5/MQL5/Files",
  "source": {
    "bars_m5": "/Users/vahid/Downloads/xauusd_fundamental_event_inbox/amarkets_xauusd_5m.csv",
    "exists": true,
    "row_count_including_header_if_any": 318862,
    "last_line": "2026.07.08\t07:40:00\t4125.25\t4125.65\t4121.97\t4123.09\t307\t0\t36",
    "raw_latest_time": "2026-07-08T07:40:00Z",
    "timestamp_shift_hours": -3.0,
    "normalized_latest_time": "2026-07-08T04:40:00Z",
    "feature_age_sec": 15360,
    "max_feature_age_sec": 7200,
    "source_fresh": false
  },
  "router": {
    "cmd": "/Library/Frameworks/Python.framework/Versions/3.14/bin/python3 app/stage154_active_shortlist_rule_router.py --root /Users/vahid/Desktop/xauusd-trader --bars /Users/vahid/Downloads/xauusd_fundamental_event_inbox/amarkets_xauusd_5m.csv --score-csv /Users/vahid/Desktop/xauusd-trader/reports/stage150_mtf_separated_validation_discovery/m5/stage150_candidate_scores.csv --risk-summary /Users/vahid/Desktop/xauusd-trader/reports/stage145_clean_ledger_performance_gate/stage145_clean_ledger_performance_gate_summary.json --tf m5 --timeframe-minutes 5 --max-feature-age-sec 7200 --timestamp-shift-hours -3.0 --write-mt5",
    "kv_path": "/Users/vahid/Library/Application Support/net.metaquotes.wine.metatrader5/drive_c/Program Files/MetaTrader 5/MQL5/Files/xauusd_stage155_m5_active_router_rule_state_kv.csv",
    "decision": "STAGE157_GLOBAL_PERFORMANCE_FREEZE_NO_ORDER",
    "any_signal_active": "false",
    "selected_rule_id": "",
    "selected_family_key": "",
    "active_shortlist_count": "92",
    "eligible_shortlist_count": "188",
    "risk_blocked_family_count": "5"
  },
  "stage134": {
    "kv_path": "/Users/vahid/Library/Application Support/net.metaquotes.wine.metatrader5/drive_c/Program Files/MetaTrader 5/MQL5/Files/xauusd_stage134_demo_executor_status_kv.csv",
    "decision": "BLOCKED_SIGNAL_STALE",
    "reason": "feature_date is stale/missing/unparseable; freshness is based on feature_date UTC, not file modified time",
    "feature_date": "2026-07-08T04:40:00Z",
    "signal_fresh": "false",
    "signal_age_sec": "15366",
    "any_signal_active": "false",
    "open_positions": "0",
    "last_success_signal_key": "2026-07-08T04:40:00Z|D150C_M5_ret_6h_bps_GEQ35__trend_50_100_bps_GEQ35",
    "last_attempt_signal_key": "2026-07-08T04:40:00Z|D150C_M5_ret_6h_bps_GEQ35__trend_50_100_bps_GEQ35"
  },
  "commands": [
    {
      "cmd": "/Library/Frameworks/Python.framework/Versions/3.14/bin/python3 app/stage154_active_shortlist_rule_router.py --root /Users/vahid/Desktop/xauusd-trader --bars /Users/vahid/Downloads/xauusd_fundamental_event_inbox/amarkets_xauusd_5m.csv --score-csv /Users/vahid/Desktop/xauusd-trader/reports/stage150_mtf_separated_validation_discovery/m5/stage150_candidate_scores.csv --risk-summary /Users/vahid/Desktop/xauusd-trader/reports/stage145_clean_ledger_performance_gate/stage145_clean_ledger_performance_gate_summary.json --tf m5 --timeframe-minutes 5 --max-feature-age-sec 7200 --timestamp-shift-hours -3.0 --write-mt5",
      "started_utc": "2026-07-08T08:56:00Z",
      "finished_utc": "2026-07-08T08:56:11Z",
      "returncode": 0,
      "stdout_tail": "performance_gate/stage145_clean_ledger_performance_gate_summary.json\",\n  \"global_freeze_guard\": true,\n  \"global_gate_freeze_active\": true,\n  \"global_gate_info\": {\n    \"global_gate_freeze_active\": true,\n    \"global_gate_reason\": \"Stage145 aggregate gate requires freeze/repair: gate_decision=STAGE145_FREEZE_REPAIR_RULE_NEGATIVE_EXPECTANCY; recommended_action=FREEZE_CURRENT_RULE_AND_REPAIR_DISCOVERY; severity=HIGH; closed_trade_count=13; total_bps=-78.3; mean_bps=-6.02; win_rate=0.4615\",\n    \"global_gate_decision\": \"STAGE145_FREEZE_REPAIR_RULE_NEGATIVE_EXPECTANCY\",\n    \"global_recommended_action\": \"FREEZE_CURRENT_RULE_AND_REPAIR_DISCOVERY\",\n    \"global_severity\": \"HIGH\",\n    \"global_closed_trade_count\": 13,\n    \"global_total_bps\": -78.3,\n    \"global_mean_bps\": -6.02,\n    \"global_win_rate\": 0.4615,\n    \"min_global_gate_trades\": 10\n  },\n  \"block_negative_demo_families\": true,\n  \"risk_blocked_family_count\": 5,\n  \"risk_blocked_candidate_count\": 36,\n  \"blocked_family_keys\": [\n    \"D138C_ret_48h_bps__trend_50_100_bps\",\n    \"D150C_M5_ret_12h_bps__trend_50_100_bps\",\n    \"D150C_M5_ret_3h_bps__ret_24h_bps\",\n    \"D150C_M5_ret_6h_bps__trend_50_100_bps\",\n    \"D150C_M5_trend_8_20_bps__trend_50_100_bps\"\n  ],\n  \"blocked_family_rows\": [\n    {\n      \"family_key\": \"D138C_ret_48h_bps__trend_50_100_bps\",\n      \"closed_trade_count\": 6,\n      \"total_bps\": -1.29,\n      \"mean_bps\": -0.21,\n      \"total_net_profit\": -0.94,\n      \"last_rule_id\": \"D138C_ret_48h_bps_GEQ65__trend_50_100_bps_LEQ65\",\n      \"last_outcome\": \"PROFIT\"\n    },\n    {\n      \"family_key\": \"D150C_M5_ret_12h_bps__trend_50_100_bps\",\n      \"closed_trade_count\": 1,\n      \"total_bps\": -57.1,\n      \"mean_bps\": -57.1,\n      \"total_net_profit\": -23.65,\n      \"last_rule_id\": \"D150C_M5_ret_12h_bps_GEQ35__trend_50_100_bps_GEQ35\",\n      \"last_outcome\": \"LOSS\"\n    },\n    {\n      \"family_key\": \"D150C_M5_ret_3h_bps__ret_24h_bps\",\n      \"closed_trade_count\": 1,\n      \"total_bps\": -19.35,\n      \"mean_bps\": -19.35,\n      \"total_net_profit\": -8.72,\n      \"last_rule_id\": \"D150C_M5_ret_3h_bps_GEQ65__ret_24h_bps_GEQ35\",\n      \"last_outcome\": \"LOSS\"\n    },\n    {\n      \"family_key\": \"D150C_M5_ret_6h_bps__trend_50_100_bps\",\n      \"closed_trade_count\": 1,\n      \"total_bps\": -68.58,\n      \"mean_bps\": -68.58,\n      \"total_net_profit\": -28.3,\n      \"last_rule_id\": \"D150C_M5_ret_6h_bps_GEQ35__trend_50_100_bps_GEQ35\",\n      \"last_outcome\": \"LOSS\"\n    },\n    {\n      \"family_key\": \"D150C_M5_trend_8_20_bps__trend_50_100_bps\",\n      \"closed_trade_count\": 1,\n      \"total_bps\": -50.52,\n      \"mean_bps\": -50.52,\n      \"total_net_profit\": -21.22,\n      \"last_rule_id\": \"D150C_M5_trend_8_20_bps_GEQ65__trend_50_100_bps_GEQ35\",\n      \"last_outcome\": \"LOSS\"\n    }\n  ],\n  \"repo_kv\": \"/Users/vahid/Desktop/xauusd-trader/data/demo_execution/xauusd_stage155_m5_active_router_rule_state_kv.csv\",\n  \"repo_latest\": \"/Users/vahid/Desktop/xauusd-trader/data/demo_execution/xauusd_stage155_m5_active_router_rule_state_latest.csv\",\n  \"mt5_kv_written\": true,\n  \"mt5_kv\": \"/Users/vahid/Library/Application Support/net.metaquotes.wine.metatrader5/drive_c/Program Files/MetaTrader 5/MQL5/Files/xauusd_stage155_m5_active_router_rule_state_kv.csv\",\n  \"mt5_latest\": \"/Users/vahid/Library/Application Support/net.metaquotes.wine.metatrader5/drive_c/Program Files/MetaTrader 5/MQL5/Files/xauusd_stage155_m5_active_router_rule_state_latest.csv\",\n  \"stage134_instruction\": {\n    \"InpRuleStateKvFile\": \"xauusd_stage155_m5_active_router_rule_state_kv.csv\",\n    \"InpAllowedRules\": \"all\",\n    \"keep_InpEnableDemoOrders\": \"true only on demo account\"\n  },\n  \"summary_json\": \"/Users/vahid/Desktop/xauusd-trader/reports/stage155_active_router_demo_risk_guard/m5/stage155_active_router_demo_risk_guard_summary.json\",\n  \"next\": [\n    \"Use this Stage157-hardened router behind Stage156; it preserves Stage155 KV filename so Stage134 input does not need to change.\",\n    \"If global_gate_freeze_active is true, keep demo orders blocked and repair discovery before re-enabling routing.\"\n  ]\n}\n",
      "stderr_tail": ""
    }
  ],
  "next": [
    "If classification is NO_ACTIVE_RULE, keep Stage155 running and do not patch unless inactivity is commercially unacceptable over a defined window.",
    "If classification is SOURCE_STALE or BLOCKED_STALE, update the M5 CSV and run this unifier again.",
    "Use --db-update-command only after identifying the repo's current AMarkets DB updater command."
  ]
}
{
  "stage": "Stage156_OPERATIONAL_UNIFIER",
  "generated_utc": "2026-07-08T09:01:14Z",
  "status": "STAGE156_COMPLETE_OPERATIONAL_UNIFIER_READY",
  "classification": "BLOCKED_STALE",
  "reason": "Stage134 blocked because feature_date is stale; update source CSV or ensure router scheduler is running.",
  "root": "/Users/vahid/Desktop/xauusd-trader",
  "mt5_files": "/Users/vahid/Library/Application Support/net.metaquotes.wine.metatrader5/drive_c/Program Files/MetaTrader 5/MQL5/Files",
  "source": {
    "bars_m5": "/Users/vahid/Downloads/xauusd_fundamental_event_inbox/amarkets_xauusd_5m.csv",
    "exists": true,
    "row_count_including_header_if_any": 318862,
    "last_line": "2026.07.08\t07:40:00\t4125.25\t4125.65\t4121.97\t4123.09\t307\t0\t36",
    "raw_latest_time": "2026-07-08T07:40:00Z",
    "timestamp_shift_hours": -3.0,
    "normalized_latest_time": "2026-07-08T04:40:00Z",
    "feature_age_sec": 15674,
    "max_feature_age_sec": 7200,
    "source_fresh": false
  },
  "router": {
    "cmd": "/Library/Frameworks/Python.framework/Versions/3.14/bin/python3 app/stage154_active_shortlist_rule_router.py --root /Users/vahid/Desktop/xauusd-trader --bars /Users/vahid/Downloads/xauusd_fundamental_event_inbox/amarkets_xauusd_5m.csv --score-csv /Users/vahid/Desktop/xauusd-trader/reports/stage150_mtf_separated_validation_discovery/m5/stage150_candidate_scores.csv --risk-summary /Users/vahid/Desktop/xauusd-trader/reports/stage145_clean_ledger_performance_gate/stage145_clean_ledger_performance_gate_summary.json --tf m5 --timeframe-minutes 5 --max-feature-age-sec 7200 --timestamp-shift-hours -3.0 --write-mt5",
    "kv_path": "/Users/vahid/Library/Application Support/net.metaquotes.wine.metatrader5/drive_c/Program Files/MetaTrader 5/MQL5/Files/xauusd_stage155_m5_active_router_rule_state_kv.csv",
    "decision": "STAGE157_GLOBAL_PERFORMANCE_FREEZE_NO_ORDER",
    "any_signal_active": "false",
    "selected_rule_id": "",
    "selected_family_key": "",
    "active_shortlist_count": "92",
    "eligible_shortlist_count": "188",
    "risk_blocked_family_count": "5"
  },
  "stage134": {
    "kv_path": "/Users/vahid/Library/Application Support/net.metaquotes.wine.metatrader5/drive_c/Program Files/MetaTrader 5/MQL5/Files/xauusd_stage134_demo_executor_status_kv.csv",
    "decision": "BLOCKED_SIGNAL_STALE",
    "reason": "feature_date is stale/missing/unparseable; freshness is based on feature_date UTC, not file modified time",
    "feature_date": "2026-07-08T04:40:00Z",
    "signal_fresh": "false",
    "signal_age_sec": "15666",
    "any_signal_active": "false",
    "open_positions": "0",
    "last_success_signal_key": "2026-07-08T04:40:00Z|D150C_M5_ret_6h_bps_GEQ35__trend_50_100_bps_GEQ35",
    "last_attempt_signal_key": "2026-07-08T04:40:00Z|D150C_M5_ret_6h_bps_GEQ35__trend_50_100_bps_GEQ35"
  },
  "commands": [
    {
      "cmd": "/Library/Frameworks/Python.framework/Versions/3.14/bin/python3 app/stage154_active_shortlist_rule_router.py --root /Users/vahid/Desktop/xauusd-trader --bars /Users/vahid/Downloads/xauusd_fundamental_event_inbox/amarkets_xauusd_5m.csv --score-csv /Users/vahid/Desktop/xauusd-trader/reports/stage150_mtf_separated_validation_discovery/m5/stage150_candidate_scores.csv --risk-summary /Users/vahid/Desktop/xauusd-trader/reports/stage145_clean_ledger_performance_gate/stage145_clean_ledger_performance_gate_summary.json --tf m5 --timeframe-minutes 5 --max-feature-age-sec 7200 --timestamp-shift-hours -3.0 --write-mt5",
      "started_utc": "2026-07-08T09:01:14Z",
      "finished_utc": "2026-07-08T09:01:26Z",
      "returncode": 0,
      "stdout_tail": "performance_gate/stage145_clean_ledger_performance_gate_summary.json\",\n  \"global_freeze_guard\": true,\n  \"global_gate_freeze_active\": true,\n  \"global_gate_info\": {\n    \"global_gate_freeze_active\": true,\n    \"global_gate_reason\": \"Stage145 aggregate gate requires freeze/repair: gate_decision=STAGE145_FREEZE_REPAIR_RULE_NEGATIVE_EXPECTANCY; recommended_action=FREEZE_CURRENT_RULE_AND_REPAIR_DISCOVERY; severity=HIGH; closed_trade_count=13; total_bps=-78.3; mean_bps=-6.02; win_rate=0.4615\",\n    \"global_gate_decision\": \"STAGE145_FREEZE_REPAIR_RULE_NEGATIVE_EXPECTANCY\",\n    \"global_recommended_action\": \"FREEZE_CURRENT_RULE_AND_REPAIR_DISCOVERY\",\n    \"global_severity\": \"HIGH\",\n    \"global_closed_trade_count\": 13,\n    \"global_total_bps\": -78.3,\n    \"global_mean_bps\": -6.02,\n    \"global_win_rate\": 0.4615,\n    \"min_global_gate_trades\": 10\n  },\n  \"block_negative_demo_families\": true,\n  \"risk_blocked_family_count\": 5,\n  \"risk_blocked_candidate_count\": 36,\n  \"blocked_family_keys\": [\n    \"D138C_ret_48h_bps__trend_50_100_bps\",\n    \"D150C_M5_ret_12h_bps__trend_50_100_bps\",\n    \"D150C_M5_ret_3h_bps__ret_24h_bps\",\n    \"D150C_M5_ret_6h_bps__trend_50_100_bps\",\n    \"D150C_M5_trend_8_20_bps__trend_50_100_bps\"\n  ],\n  \"blocked_family_rows\": [\n    {\n      \"family_key\": \"D138C_ret_48h_bps__trend_50_100_bps\",\n      \"closed_trade_count\": 6,\n      \"total_bps\": -1.29,\n      \"mean_bps\": -0.21,\n      \"total_net_profit\": -0.94,\n      \"last_rule_id\": \"D138C_ret_48h_bps_GEQ65__trend_50_100_bps_LEQ65\",\n      \"last_outcome\": \"PROFIT\"\n    },\n    {\n      \"family_key\": \"D150C_M5_ret_12h_bps__trend_50_100_bps\",\n      \"closed_trade_count\": 1,\n      \"total_bps\": -57.1,\n      \"mean_bps\": -57.1,\n      \"total_net_profit\": -23.65,\n      \"last_rule_id\": \"D150C_M5_ret_12h_bps_GEQ35__trend_50_100_bps_GEQ35\",\n      \"last_outcome\": \"LOSS\"\n    },\n    {\n      \"family_key\": \"D150C_M5_ret_3h_bps__ret_24h_bps\",\n      \"closed_trade_count\": 1,\n      \"total_bps\": -19.35,\n      \"mean_bps\": -19.35,\n      \"total_net_profit\": -8.72,\n      \"last_rule_id\": \"D150C_M5_ret_3h_bps_GEQ65__ret_24h_bps_GEQ35\",\n      \"last_outcome\": \"LOSS\"\n    },\n    {\n      \"family_key\": \"D150C_M5_ret_6h_bps__trend_50_100_bps\",\n      \"closed_trade_count\": 1,\n      \"total_bps\": -68.58,\n      \"mean_bps\": -68.58,\n      \"total_net_profit\": -28.3,\n      \"last_rule_id\": \"D150C_M5_ret_6h_bps_GEQ35__trend_50_100_bps_GEQ35\",\n      \"last_outcome\": \"LOSS\"\n    },\n    {\n      \"family_key\": \"D150C_M5_trend_8_20_bps__trend_50_100_bps\",\n      \"closed_trade_count\": 1,\n      \"total_bps\": -50.52,\n      \"mean_bps\": -50.52,\n      \"total_net_profit\": -21.22,\n      \"last_rule_id\": \"D150C_M5_trend_8_20_bps_GEQ65__trend_50_100_bps_GEQ35\",\n      \"last_outcome\": \"LOSS\"\n    }\n  ],\n  \"repo_kv\": \"/Users/vahid/Desktop/xauusd-trader/data/demo_execution/xauusd_stage155_m5_active_router_rule_state_kv.csv\",\n  \"repo_latest\": \"/Users/vahid/Desktop/xauusd-trader/data/demo_execution/xauusd_stage155_m5_active_router_rule_state_latest.csv\",\n  \"mt5_kv_written\": true,\n  \"mt5_kv\": \"/Users/vahid/Library/Application Support/net.metaquotes.wine.metatrader5/drive_c/Program Files/MetaTrader 5/MQL5/Files/xauusd_stage155_m5_active_router_rule_state_kv.csv\",\n  \"mt5_latest\": \"/Users/vahid/Library/Application Support/net.metaquotes.wine.metatrader5/drive_c/Program Files/MetaTrader 5/MQL5/Files/xauusd_stage155_m5_active_router_rule_state_latest.csv\",\n  \"stage134_instruction\": {\n    \"InpRuleStateKvFile\": \"xauusd_stage155_m5_active_router_rule_state_kv.csv\",\n    \"InpAllowedRules\": \"all\",\n    \"keep_InpEnableDemoOrders\": \"true only on demo account\"\n  },\n  \"summary_json\": \"/Users/vahid/Desktop/xauusd-trader/reports/stage155_active_router_demo_risk_guard/m5/stage155_active_router_demo_risk_guard_summary.json\",\n  \"next\": [\n    \"Use this Stage157-hardened router behind Stage156; it preserves Stage155 KV filename so Stage134 input does not need to change.\",\n    \"If global_gate_freeze_active is true, keep demo orders blocked and repair discovery before re-enabling routing.\"\n  ]\n}\n",
      "stderr_tail": ""
    }
  ],
  "next": [
    "If classification is NO_ACTIVE_RULE, keep Stage155 running and do not patch unless inactivity is commercially unacceptable over a defined window.",
    "If classification is SOURCE_STALE or BLOCKED_STALE, update the M5 CSV and run this unifier again.",
    "Use --db-update-command only after identifying the repo's current AMarkets DB updater command."
  ]
}
{
  "stage": "Stage156_OPERATIONAL_UNIFIER",
  "generated_utc": "2026-07-08T09:06:29Z",
  "status": "STAGE156_COMPLETE_OPERATIONAL_UNIFIER_READY",
  "classification": "BLOCKED_STALE",
  "reason": "Stage134 blocked because feature_date is stale; update source CSV or ensure router scheduler is running.",
  "root": "/Users/vahid/Desktop/xauusd-trader",
  "mt5_files": "/Users/vahid/Library/Application Support/net.metaquotes.wine.metatrader5/drive_c/Program Files/MetaTrader 5/MQL5/Files",
  "source": {
    "bars_m5": "/Users/vahid/Downloads/xauusd_fundamental_event_inbox/amarkets_xauusd_5m.csv",
    "exists": true,
    "row_count_including_header_if_any": 318862,
    "last_line": "2026.07.08\t07:40:00\t4125.25\t4125.65\t4121.97\t4123.09\t307\t0\t36",
    "raw_latest_time": "2026-07-08T07:40:00Z",
    "timestamp_shift_hours": -3.0,
    "normalized_latest_time": "2026-07-08T04:40:00Z",
    "feature_age_sec": 15989,
    "max_feature_age_sec": 7200,
    "source_fresh": false
  },
  "router": {
    "cmd": "/Library/Frameworks/Python.framework/Versions/3.14/bin/python3 app/stage154_active_shortlist_rule_router.py --root /Users/vahid/Desktop/xauusd-trader --bars /Users/vahid/Downloads/xauusd_fundamental_event_inbox/amarkets_xauusd_5m.csv --score-csv /Users/vahid/Desktop/xauusd-trader/reports/stage150_mtf_separated_validation_discovery/m5/stage150_candidate_scores.csv --risk-summary /Users/vahid/Desktop/xauusd-trader/reports/stage145_clean_ledger_performance_gate/stage145_clean_ledger_performance_gate_summary.json --tf m5 --timeframe-minutes 5 --max-feature-age-sec 7200 --timestamp-shift-hours -3.0 --write-mt5",
    "kv_path": "/Users/vahid/Library/Application Support/net.metaquotes.wine.metatrader5/drive_c/Program Files/MetaTrader 5/MQL5/Files/xauusd_stage155_m5_active_router_rule_state_kv.csv",
    "decision": "STAGE157_GLOBAL_PERFORMANCE_FREEZE_NO_ORDER",
    "any_signal_active": "false",
    "selected_rule_id": "",
    "selected_family_key": "",
    "active_shortlist_count": "92",
    "eligible_shortlist_count": "188",
    "risk_blocked_family_count": "5"
  },
  "stage134": {
    "kv_path": "/Users/vahid/Library/Application Support/net.metaquotes.wine.metatrader5/drive_c/Program Files/MetaTrader 5/MQL5/Files/xauusd_stage134_demo_executor_status_kv.csv",
    "decision": "BLOCKED_SIGNAL_STALE",
    "reason": "feature_date is stale/missing/unparseable; freshness is based on feature_date UTC, not file modified time",
    "feature_date": "2026-07-08T04:40:00Z",
    "signal_fresh": "false",
    "signal_age_sec": "15996",
    "any_signal_active": "false",
    "open_positions": "0",
    "last_success_signal_key": "2026-07-08T04:40:00Z|D150C_M5_ret_6h_bps_GEQ35__trend_50_100_bps_GEQ35",
    "last_attempt_signal_key": "2026-07-08T04:40:00Z|D150C_M5_ret_6h_bps_GEQ35__trend_50_100_bps_GEQ35"
  },
  "commands": [
    {
      "cmd": "/Library/Frameworks/Python.framework/Versions/3.14/bin/python3 app/stage154_active_shortlist_rule_router.py --root /Users/vahid/Desktop/xauusd-trader --bars /Users/vahid/Downloads/xauusd_fundamental_event_inbox/amarkets_xauusd_5m.csv --score-csv /Users/vahid/Desktop/xauusd-trader/reports/stage150_mtf_separated_validation_discovery/m5/stage150_candidate_scores.csv --risk-summary /Users/vahid/Desktop/xauusd-trader/reports/stage145_clean_ledger_performance_gate/stage145_clean_ledger_performance_gate_summary.json --tf m5 --timeframe-minutes 5 --max-feature-age-sec 7200 --timestamp-shift-hours -3.0 --write-mt5",
      "started_utc": "2026-07-08T09:06:29Z",
      "finished_utc": "2026-07-08T09:06:47Z",
      "returncode": 0,
      "stdout_tail": "performance_gate/stage145_clean_ledger_performance_gate_summary.json\",\n  \"global_freeze_guard\": true,\n  \"global_gate_freeze_active\": true,\n  \"global_gate_info\": {\n    \"global_gate_freeze_active\": true,\n    \"global_gate_reason\": \"Stage145 aggregate gate requires freeze/repair: gate_decision=STAGE145_FREEZE_REPAIR_RULE_NEGATIVE_EXPECTANCY; recommended_action=FREEZE_CURRENT_RULE_AND_REPAIR_DISCOVERY; severity=HIGH; closed_trade_count=13; total_bps=-78.3; mean_bps=-6.02; win_rate=0.4615\",\n    \"global_gate_decision\": \"STAGE145_FREEZE_REPAIR_RULE_NEGATIVE_EXPECTANCY\",\n    \"global_recommended_action\": \"FREEZE_CURRENT_RULE_AND_REPAIR_DISCOVERY\",\n    \"global_severity\": \"HIGH\",\n    \"global_closed_trade_count\": 13,\n    \"global_total_bps\": -78.3,\n    \"global_mean_bps\": -6.02,\n    \"global_win_rate\": 0.4615,\n    \"min_global_gate_trades\": 10\n  },\n  \"block_negative_demo_families\": true,\n  \"risk_blocked_family_count\": 5,\n  \"risk_blocked_candidate_count\": 36,\n  \"blocked_family_keys\": [\n    \"D138C_ret_48h_bps__trend_50_100_bps\",\n    \"D150C_M5_ret_12h_bps__trend_50_100_bps\",\n    \"D150C_M5_ret_3h_bps__ret_24h_bps\",\n    \"D150C_M5_ret_6h_bps__trend_50_100_bps\",\n    \"D150C_M5_trend_8_20_bps__trend_50_100_bps\"\n  ],\n  \"blocked_family_rows\": [\n    {\n      \"family_key\": \"D138C_ret_48h_bps__trend_50_100_bps\",\n      \"closed_trade_count\": 6,\n      \"total_bps\": -1.29,\n      \"mean_bps\": -0.21,\n      \"total_net_profit\": -0.94,\n      \"last_rule_id\": \"D138C_ret_48h_bps_GEQ65__trend_50_100_bps_LEQ65\",\n      \"last_outcome\": \"PROFIT\"\n    },\n    {\n      \"family_key\": \"D150C_M5_ret_12h_bps__trend_50_100_bps\",\n      \"closed_trade_count\": 1,\n      \"total_bps\": -57.1,\n      \"mean_bps\": -57.1,\n      \"total_net_profit\": -23.65,\n      \"last_rule_id\": \"D150C_M5_ret_12h_bps_GEQ35__trend_50_100_bps_GEQ35\",\n      \"last_outcome\": \"LOSS\"\n    },\n    {\n      \"family_key\": \"D150C_M5_ret_3h_bps__ret_24h_bps\",\n      \"closed_trade_count\": 1,\n      \"total_bps\": -19.35,\n      \"mean_bps\": -19.35,\n      \"total_net_profit\": -8.72,\n      \"last_rule_id\": \"D150C_M5_ret_3h_bps_GEQ65__ret_24h_bps_GEQ35\",\n      \"last_outcome\": \"LOSS\"\n    },\n    {\n      \"family_key\": \"D150C_M5_ret_6h_bps__trend_50_100_bps\",\n      \"closed_trade_count\": 1,\n      \"total_bps\": -68.58,\n      \"mean_bps\": -68.58,\n      \"total_net_profit\": -28.3,\n      \"last_rule_id\": \"D150C_M5_ret_6h_bps_GEQ35__trend_50_100_bps_GEQ35\",\n      \"last_outcome\": \"LOSS\"\n    },\n    {\n      \"family_key\": \"D150C_M5_trend_8_20_bps__trend_50_100_bps\",\n      \"closed_trade_count\": 1,\n      \"total_bps\": -50.52,\n      \"mean_bps\": -50.52,\n      \"total_net_profit\": -21.22,\n      \"last_rule_id\": \"D150C_M5_trend_8_20_bps_GEQ65__trend_50_100_bps_GEQ35\",\n      \"last_outcome\": \"LOSS\"\n    }\n  ],\n  \"repo_kv\": \"/Users/vahid/Desktop/xauusd-trader/data/demo_execution/xauusd_stage155_m5_active_router_rule_state_kv.csv\",\n  \"repo_latest\": \"/Users/vahid/Desktop/xauusd-trader/data/demo_execution/xauusd_stage155_m5_active_router_rule_state_latest.csv\",\n  \"mt5_kv_written\": true,\n  \"mt5_kv\": \"/Users/vahid/Library/Application Support/net.metaquotes.wine.metatrader5/drive_c/Program Files/MetaTrader 5/MQL5/Files/xauusd_stage155_m5_active_router_rule_state_kv.csv\",\n  \"mt5_latest\": \"/Users/vahid/Library/Application Support/net.metaquotes.wine.metatrader5/drive_c/Program Files/MetaTrader 5/MQL5/Files/xauusd_stage155_m5_active_router_rule_state_latest.csv\",\n  \"stage134_instruction\": {\n    \"InpRuleStateKvFile\": \"xauusd_stage155_m5_active_router_rule_state_kv.csv\",\n    \"InpAllowedRules\": \"all\",\n    \"keep_InpEnableDemoOrders\": \"true only on demo account\"\n  },\n  \"summary_json\": \"/Users/vahid/Desktop/xauusd-trader/reports/stage155_active_router_demo_risk_guard/m5/stage155_active_router_demo_risk_guard_summary.json\",\n  \"next\": [\n    \"Use this Stage157-hardened router behind Stage156; it preserves Stage155 KV filename so Stage134 input does not need to change.\",\n    \"If global_gate_freeze_active is true, keep demo orders blocked and repair discovery before re-enabling routing.\"\n  ]\n}\n",
      "stderr_tail": ""
    }
  ],
  "next": [
    "If classification is NO_ACTIVE_RULE, keep Stage155 running and do not patch unless inactivity is commercially unacceptable over a defined window.",
    "If classification is SOURCE_STALE or BLOCKED_STALE, update the M5 CSV and run this unifier again.",
    "Use --db-update-command only after identifying the repo's current AMarkets DB updater command."
  ]
}
{
  "stage": "Stage156_OPERATIONAL_UNIFIER",
  "generated_utc": "2026-07-08T09:11:51Z",
  "status": "STAGE156_COMPLETE_OPERATIONAL_UNIFIER_READY",
  "classification": "BLOCKED_STALE",
  "reason": "Stage134 blocked because feature_date is stale; update source CSV or ensure router scheduler is running.",
  "root": "/Users/vahid/Desktop/xauusd-trader",
  "mt5_files": "/Users/vahid/Library/Application Support/net.metaquotes.wine.metatrader5/drive_c/Program Files/MetaTrader 5/MQL5/Files",
  "source": {
    "bars_m5": "/Users/vahid/Downloads/xauusd_fundamental_event_inbox/amarkets_xauusd_5m.csv",
    "exists": true,
    "row_count_including_header_if_any": 318862,
    "last_line": "2026.07.08\t07:40:00\t4125.25\t4125.65\t4121.97\t4123.09\t307\t0\t36",
    "raw_latest_time": "2026-07-08T07:40:00Z",
    "timestamp_shift_hours": -3.0,
    "normalized_latest_time": "2026-07-08T04:40:00Z",
    "feature_age_sec": 16311,
    "max_feature_age_sec": 7200,
    "source_fresh": false
  },
  "router": {
    "cmd": "/Library/Frameworks/Python.framework/Versions/3.14/bin/python3 app/stage154_active_shortlist_rule_router.py --root /Users/vahid/Desktop/xauusd-trader --bars /Users/vahid/Downloads/xauusd_fundamental_event_inbox/amarkets_xauusd_5m.csv --score-csv /Users/vahid/Desktop/xauusd-trader/reports/stage150_mtf_separated_validation_discovery/m5/stage150_candidate_scores.csv --risk-summary /Users/vahid/Desktop/xauusd-trader/reports/stage145_clean_ledger_performance_gate/stage145_clean_ledger_performance_gate_summary.json --tf m5 --timeframe-minutes 5 --max-feature-age-sec 7200 --timestamp-shift-hours -3.0 --write-mt5",
    "kv_path": "/Users/vahid/Library/Application Support/net.metaquotes.wine.metatrader5/drive_c/Program Files/MetaTrader 5/MQL5/Files/xauusd_stage155_m5_active_router_rule_state_kv.csv",
    "decision": "STAGE157_GLOBAL_PERFORMANCE_FREEZE_NO_ORDER",
    "any_signal_active": "false",
    "selected_rule_id": "",
    "selected_family_key": "",
    "active_shortlist_count": "92",
    "eligible_shortlist_count": "188",
    "risk_blocked_family_count": "5"
  },
  "stage134": {
    "kv_path": "/Users/vahid/Library/Application Support/net.metaquotes.wine.metatrader5/drive_c/Program Files/MetaTrader 5/MQL5/Files/xauusd_stage134_demo_executor_status_kv.csv",
    "decision": "BLOCKED_SIGNAL_STALE",
    "reason": "feature_date is stale/missing/unparseable; freshness is based on feature_date UTC, not file modified time",
    "feature_date": "2026-07-08T04:40:00Z",
    "signal_fresh": "false",
    "signal_age_sec": "16326",
    "any_signal_active": "false",
    "open_positions": "0",
    "last_success_signal_key": "2026-07-08T04:40:00Z|D150C_M5_ret_6h_bps_GEQ35__trend_50_100_bps_GEQ35",
    "last_attempt_signal_key": "2026-07-08T04:40:00Z|D150C_M5_ret_6h_bps_GEQ35__trend_50_100_bps_GEQ35"
  },
  "commands": [
    {
      "cmd": "/Library/Frameworks/Python.framework/Versions/3.14/bin/python3 app/stage154_active_shortlist_rule_router.py --root /Users/vahid/Desktop/xauusd-trader --bars /Users/vahid/Downloads/xauusd_fundamental_event_inbox/amarkets_xauusd_5m.csv --score-csv /Users/vahid/Desktop/xauusd-trader/reports/stage150_mtf_separated_validation_discovery/m5/stage150_candidate_scores.csv --risk-summary /Users/vahid/Desktop/xauusd-trader/reports/stage145_clean_ledger_performance_gate/stage145_clean_ledger_performance_gate_summary.json --tf m5 --timeframe-minutes 5 --max-feature-age-sec 7200 --timestamp-shift-hours -3.0 --write-mt5",
      "started_utc": "2026-07-08T09:11:51Z",
      "finished_utc": "2026-07-08T09:12:21Z",
      "returncode": 0,
      "stdout_tail": "performance_gate/stage145_clean_ledger_performance_gate_summary.json\",\n  \"global_freeze_guard\": true,\n  \"global_gate_freeze_active\": true,\n  \"global_gate_info\": {\n    \"global_gate_freeze_active\": true,\n    \"global_gate_reason\": \"Stage145 aggregate gate requires freeze/repair: gate_decision=STAGE145_FREEZE_REPAIR_RULE_NEGATIVE_EXPECTANCY; recommended_action=FREEZE_CURRENT_RULE_AND_REPAIR_DISCOVERY; severity=HIGH; closed_trade_count=13; total_bps=-78.3; mean_bps=-6.02; win_rate=0.4615\",\n    \"global_gate_decision\": \"STAGE145_FREEZE_REPAIR_RULE_NEGATIVE_EXPECTANCY\",\n    \"global_recommended_action\": \"FREEZE_CURRENT_RULE_AND_REPAIR_DISCOVERY\",\n    \"global_severity\": \"HIGH\",\n    \"global_closed_trade_count\": 13,\n    \"global_total_bps\": -78.3,\n    \"global_mean_bps\": -6.02,\n    \"global_win_rate\": 0.4615,\n    \"min_global_gate_trades\": 10\n  },\n  \"block_negative_demo_families\": true,\n  \"risk_blocked_family_count\": 5,\n  \"risk_blocked_candidate_count\": 36,\n  \"blocked_family_keys\": [\n    \"D138C_ret_48h_bps__trend_50_100_bps\",\n    \"D150C_M5_ret_12h_bps__trend_50_100_bps\",\n    \"D150C_M5_ret_3h_bps__ret_24h_bps\",\n    \"D150C_M5_ret_6h_bps__trend_50_100_bps\",\n    \"D150C_M5_trend_8_20_bps__trend_50_100_bps\"\n  ],\n  \"blocked_family_rows\": [\n    {\n      \"family_key\": \"D138C_ret_48h_bps__trend_50_100_bps\",\n      \"closed_trade_count\": 6,\n      \"total_bps\": -1.29,\n      \"mean_bps\": -0.21,\n      \"total_net_profit\": -0.94,\n      \"last_rule_id\": \"D138C_ret_48h_bps_GEQ65__trend_50_100_bps_LEQ65\",\n      \"last_outcome\": \"PROFIT\"\n    },\n    {\n      \"family_key\": \"D150C_M5_ret_12h_bps__trend_50_100_bps\",\n      \"closed_trade_count\": 1,\n      \"total_bps\": -57.1,\n      \"mean_bps\": -57.1,\n      \"total_net_profit\": -23.65,\n      \"last_rule_id\": \"D150C_M5_ret_12h_bps_GEQ35__trend_50_100_bps_GEQ35\",\n      \"last_outcome\": \"LOSS\"\n    },\n    {\n      \"family_key\": \"D150C_M5_ret_3h_bps__ret_24h_bps\",\n      \"closed_trade_count\": 1,\n      \"total_bps\": -19.35,\n      \"mean_bps\": -19.35,\n      \"total_net_profit\": -8.72,\n      \"last_rule_id\": \"D150C_M5_ret_3h_bps_GEQ65__ret_24h_bps_GEQ35\",\n      \"last_outcome\": \"LOSS\"\n    },\n    {\n      \"family_key\": \"D150C_M5_ret_6h_bps__trend_50_100_bps\",\n      \"closed_trade_count\": 1,\n      \"total_bps\": -68.58,\n      \"mean_bps\": -68.58,\n      \"total_net_profit\": -28.3,\n      \"last_rule_id\": \"D150C_M5_ret_6h_bps_GEQ35__trend_50_100_bps_GEQ35\",\n      \"last_outcome\": \"LOSS\"\n    },\n    {\n      \"family_key\": \"D150C_M5_trend_8_20_bps__trend_50_100_bps\",\n      \"closed_trade_count\": 1,\n      \"total_bps\": -50.52,\n      \"mean_bps\": -50.52,\n      \"total_net_profit\": -21.22,\n      \"last_rule_id\": \"D150C_M5_trend_8_20_bps_GEQ65__trend_50_100_bps_GEQ35\",\n      \"last_outcome\": \"LOSS\"\n    }\n  ],\n  \"repo_kv\": \"/Users/vahid/Desktop/xauusd-trader/data/demo_execution/xauusd_stage155_m5_active_router_rule_state_kv.csv\",\n  \"repo_latest\": \"/Users/vahid/Desktop/xauusd-trader/data/demo_execution/xauusd_stage155_m5_active_router_rule_state_latest.csv\",\n  \"mt5_kv_written\": true,\n  \"mt5_kv\": \"/Users/vahid/Library/Application Support/net.metaquotes.wine.metatrader5/drive_c/Program Files/MetaTrader 5/MQL5/Files/xauusd_stage155_m5_active_router_rule_state_kv.csv\",\n  \"mt5_latest\": \"/Users/vahid/Library/Application Support/net.metaquotes.wine.metatrader5/drive_c/Program Files/MetaTrader 5/MQL5/Files/xauusd_stage155_m5_active_router_rule_state_latest.csv\",\n  \"stage134_instruction\": {\n    \"InpRuleStateKvFile\": \"xauusd_stage155_m5_active_router_rule_state_kv.csv\",\n    \"InpAllowedRules\": \"all\",\n    \"keep_InpEnableDemoOrders\": \"true only on demo account\"\n  },\n  \"summary_json\": \"/Users/vahid/Desktop/xauusd-trader/reports/stage155_active_router_demo_risk_guard/m5/stage155_active_router_demo_risk_guard_summary.json\",\n  \"next\": [\n    \"Use this Stage157-hardened router behind Stage156; it preserves Stage155 KV filename so Stage134 input does not need to change.\",\n    \"If global_gate_freeze_active is true, keep demo orders blocked and repair discovery before re-enabling routing.\"\n  ]\n}\n",
      "stderr_tail": ""
    }
  ],
  "next": [
    "If classification is NO_ACTIVE_RULE, keep Stage155 running and do not patch unless inactivity is commercially unacceptable over a defined window.",
    "If classification is SOURCE_STALE or BLOCKED_STALE, update the M5 CSV and run this unifier again.",
    "Use --db-update-command only after identifying the repo's current AMarkets DB updater command."
  ]
}
{
  "stage": "Stage156_OPERATIONAL_UNIFIER",
  "generated_utc": "2026-07-08T09:17:26Z",
  "status": "STAGE156_COMPLETE_OPERATIONAL_UNIFIER_READY",
  "classification": "BLOCKED_STALE",
  "reason": "Stage134 blocked because feature_date is stale; update source CSV or ensure router scheduler is running.",
  "root": "/Users/vahid/Desktop/xauusd-trader",
  "mt5_files": "/Users/vahid/Library/Application Support/net.metaquotes.wine.metatrader5/drive_c/Program Files/MetaTrader 5/MQL5/Files",
  "source": {
    "bars_m5": "/Users/vahid/Downloads/xauusd_fundamental_event_inbox/amarkets_xauusd_5m.csv",
    "exists": true,
    "row_count_including_header_if_any": 318862,
    "last_line": "2026.07.08\t07:40:00\t4125.25\t4125.65\t4121.97\t4123.09\t307\t0\t36",
    "raw_latest_time": "2026-07-08T07:40:00Z",
    "timestamp_shift_hours": -3.0,
    "normalized_latest_time": "2026-07-08T04:40:00Z",
    "feature_age_sec": 16646,
    "max_feature_age_sec": 7200,
    "source_fresh": false
  },
  "router": {
    "cmd": "/Library/Frameworks/Python.framework/Versions/3.14/bin/python3 app/stage154_active_shortlist_rule_router.py --root /Users/vahid/Desktop/xauusd-trader --bars /Users/vahid/Downloads/xauusd_fundamental_event_inbox/amarkets_xauusd_5m.csv --score-csv /Users/vahid/Desktop/xauusd-trader/reports/stage150_mtf_separated_validation_discovery/m5/stage150_candidate_scores.csv --risk-summary /Users/vahid/Desktop/xauusd-trader/reports/stage145_clean_ledger_performance_gate/stage145_clean_ledger_performance_gate_summary.json --tf m5 --timeframe-minutes 5 --max-feature-age-sec 7200 --timestamp-shift-hours -3.0 --write-mt5",
    "kv_path": "/Users/vahid/Library/Application Support/net.metaquotes.wine.metatrader5/drive_c/Program Files/MetaTrader 5/MQL5/Files/xauusd_stage155_m5_active_router_rule_state_kv.csv",
    "decision": "STAGE157_GLOBAL_PERFORMANCE_FREEZE_NO_ORDER",
    "any_signal_active": "false",
    "selected_rule_id": "",
    "selected_family_key": "",
    "active_shortlist_count": "92",
    "eligible_shortlist_count": "188",
    "risk_blocked_family_count": "5"
  },
  "stage134": {
    "kv_path": "/Users/vahid/Library/Application Support/net.metaquotes.wine.metatrader5/drive_c/Program Files/MetaTrader 5/MQL5/Files/xauusd_stage134_demo_executor_status_kv.csv",
    "decision": "BLOCKED_SIGNAL_STALE",
    "reason": "feature_date is stale/missing/unparseable; freshness is based on feature_date UTC, not file modified time",
    "feature_date": "2026-07-08T04:40:00Z",
    "signal_fresh": "false",
    "signal_age_sec": "16656",
    "any_signal_active": "false",
    "open_positions": "0",
    "last_success_signal_key": "2026-07-08T04:40:00Z|D150C_M5_ret_6h_bps_GEQ35__trend_50_100_bps_GEQ35",
    "last_attempt_signal_key": "2026-07-08T04:40:00Z|D150C_M5_ret_6h_bps_GEQ35__trend_50_100_bps_GEQ35"
  },
  "commands": [
    {
      "cmd": "/Library/Frameworks/Python.framework/Versions/3.14/bin/python3 app/stage154_active_shortlist_rule_router.py --root /Users/vahid/Desktop/xauusd-trader --bars /Users/vahid/Downloads/xauusd_fundamental_event_inbox/amarkets_xauusd_5m.csv --score-csv /Users/vahid/Desktop/xauusd-trader/reports/stage150_mtf_separated_validation_discovery/m5/stage150_candidate_scores.csv --risk-summary /Users/vahid/Desktop/xauusd-trader/reports/stage145_clean_ledger_performance_gate/stage145_clean_ledger_performance_gate_summary.json --tf m5 --timeframe-minutes 5 --max-feature-age-sec 7200 --timestamp-shift-hours -3.0 --write-mt5",
      "started_utc": "2026-07-08T09:17:26Z",
      "finished_utc": "2026-07-08T09:17:46Z",
      "returncode": 0,
      "stdout_tail": "performance_gate/stage145_clean_ledger_performance_gate_summary.json\",\n  \"global_freeze_guard\": true,\n  \"global_gate_freeze_active\": true,\n  \"global_gate_info\": {\n    \"global_gate_freeze_active\": true,\n    \"global_gate_reason\": \"Stage145 aggregate gate requires freeze/repair: gate_decision=STAGE145_FREEZE_REPAIR_RULE_NEGATIVE_EXPECTANCY; recommended_action=FREEZE_CURRENT_RULE_AND_REPAIR_DISCOVERY; severity=HIGH; closed_trade_count=13; total_bps=-78.3; mean_bps=-6.02; win_rate=0.4615\",\n    \"global_gate_decision\": \"STAGE145_FREEZE_REPAIR_RULE_NEGATIVE_EXPECTANCY\",\n    \"global_recommended_action\": \"FREEZE_CURRENT_RULE_AND_REPAIR_DISCOVERY\",\n    \"global_severity\": \"HIGH\",\n    \"global_closed_trade_count\": 13,\n    \"global_total_bps\": -78.3,\n    \"global_mean_bps\": -6.02,\n    \"global_win_rate\": 0.4615,\n    \"min_global_gate_trades\": 10\n  },\n  \"block_negative_demo_families\": true,\n  \"risk_blocked_family_count\": 5,\n  \"risk_blocked_candidate_count\": 36,\n  \"blocked_family_keys\": [\n    \"D138C_ret_48h_bps__trend_50_100_bps\",\n    \"D150C_M5_ret_12h_bps__trend_50_100_bps\",\n    \"D150C_M5_ret_3h_bps__ret_24h_bps\",\n    \"D150C_M5_ret_6h_bps__trend_50_100_bps\",\n    \"D150C_M5_trend_8_20_bps__trend_50_100_bps\"\n  ],\n  \"blocked_family_rows\": [\n    {\n      \"family_key\": \"D138C_ret_48h_bps__trend_50_100_bps\",\n      \"closed_trade_count\": 6,\n      \"total_bps\": -1.29,\n      \"mean_bps\": -0.21,\n      \"total_net_profit\": -0.94,\n      \"last_rule_id\": \"D138C_ret_48h_bps_GEQ65__trend_50_100_bps_LEQ65\",\n      \"last_outcome\": \"PROFIT\"\n    },\n    {\n      \"family_key\": \"D150C_M5_ret_12h_bps__trend_50_100_bps\",\n      \"closed_trade_count\": 1,\n      \"total_bps\": -57.1,\n      \"mean_bps\": -57.1,\n      \"total_net_profit\": -23.65,\n      \"last_rule_id\": \"D150C_M5_ret_12h_bps_GEQ35__trend_50_100_bps_GEQ35\",\n      \"last_outcome\": \"LOSS\"\n    },\n    {\n      \"family_key\": \"D150C_M5_ret_3h_bps__ret_24h_bps\",\n      \"closed_trade_count\": 1,\n      \"total_bps\": -19.35,\n      \"mean_bps\": -19.35,\n      \"total_net_profit\": -8.72,\n      \"last_rule_id\": \"D150C_M5_ret_3h_bps_GEQ65__ret_24h_bps_GEQ35\",\n      \"last_outcome\": \"LOSS\"\n    },\n    {\n      \"family_key\": \"D150C_M5_ret_6h_bps__trend_50_100_bps\",\n      \"closed_trade_count\": 1,\n      \"total_bps\": -68.58,\n      \"mean_bps\": -68.58,\n      \"total_net_profit\": -28.3,\n      \"last_rule_id\": \"D150C_M5_ret_6h_bps_GEQ35__trend_50_100_bps_GEQ35\",\n      \"last_outcome\": \"LOSS\"\n    },\n    {\n      \"family_key\": \"D150C_M5_trend_8_20_bps__trend_50_100_bps\",\n      \"closed_trade_count\": 1,\n      \"total_bps\": -50.52,\n      \"mean_bps\": -50.52,\n      \"total_net_profit\": -21.22,\n      \"last_rule_id\": \"D150C_M5_trend_8_20_bps_GEQ65__trend_50_100_bps_GEQ35\",\n      \"last_outcome\": \"LOSS\"\n    }\n  ],\n  \"repo_kv\": \"/Users/vahid/Desktop/xauusd-trader/data/demo_execution/xauusd_stage155_m5_active_router_rule_state_kv.csv\",\n  \"repo_latest\": \"/Users/vahid/Desktop/xauusd-trader/data/demo_execution/xauusd_stage155_m5_active_router_rule_state_latest.csv\",\n  \"mt5_kv_written\": true,\n  \"mt5_kv\": \"/Users/vahid/Library/Application Support/net.metaquotes.wine.metatrader5/drive_c/Program Files/MetaTrader 5/MQL5/Files/xauusd_stage155_m5_active_router_rule_state_kv.csv\",\n  \"mt5_latest\": \"/Users/vahid/Library/Application Support/net.metaquotes.wine.metatrader5/drive_c/Program Files/MetaTrader 5/MQL5/Files/xauusd_stage155_m5_active_router_rule_state_latest.csv\",\n  \"stage134_instruction\": {\n    \"InpRuleStateKvFile\": \"xauusd_stage155_m5_active_router_rule_state_kv.csv\",\n    \"InpAllowedRules\": \"all\",\n    \"keep_InpEnableDemoOrders\": \"true only on demo account\"\n  },\n  \"summary_json\": \"/Users/vahid/Desktop/xauusd-trader/reports/stage155_active_router_demo_risk_guard/m5/stage155_active_router_demo_risk_guard_summary.json\",\n  \"next\": [\n    \"Use this Stage157-hardened router behind Stage156; it preserves Stage155 KV filename so Stage134 input does not need to change.\",\n    \"If global_gate_freeze_active is true, keep demo orders blocked and repair discovery before re-enabling routing.\"\n  ]\n}\n",
      "stderr_tail": ""
    }
  ],
  "next": [
    "If classification is NO_ACTIVE_RULE, keep Stage155 running and do not patch unless inactivity is commercially unacceptable over a defined window.",
    "If classification is SOURCE_STALE or BLOCKED_STALE, update the M5 CSV and run this unifier again.",
    "Use --db-update-command only after identifying the repo's current AMarkets DB updater command."
  ]
}
{
  "stage": "Stage156_OPERATIONAL_UNIFIER",
  "generated_utc": "2026-07-08T09:22:50Z",
  "status": "STAGE156_COMPLETE_OPERATIONAL_UNIFIER_READY",
  "classification": "BLOCKED_STALE",
  "reason": "Stage134 blocked because feature_date is stale; update source CSV or ensure router scheduler is running.",
  "root": "/Users/vahid/Desktop/xauusd-trader",
  "mt5_files": "/Users/vahid/Library/Application Support/net.metaquotes.wine.metatrader5/drive_c/Program Files/MetaTrader 5/MQL5/Files",
  "source": {
    "bars_m5": "/Users/vahid/Downloads/xauusd_fundamental_event_inbox/amarkets_xauusd_5m.csv",
    "exists": true,
    "row_count_including_header_if_any": 318862,
    "last_line": "2026.07.08\t07:40:00\t4125.25\t4125.65\t4121.97\t4123.09\t307\t0\t36",
    "raw_latest_time": "2026-07-08T07:40:00Z",
    "timestamp_shift_hours": -3.0,
    "normalized_latest_time": "2026-07-08T04:40:00Z",
    "feature_age_sec": 16970,
    "max_feature_age_sec": 7200,
    "source_fresh": false
  },
  "router": {
    "cmd": "/Library/Frameworks/Python.framework/Versions/3.14/bin/python3 app/stage154_active_shortlist_rule_router.py --root /Users/vahid/Desktop/xauusd-trader --bars /Users/vahid/Downloads/xauusd_fundamental_event_inbox/amarkets_xauusd_5m.csv --score-csv /Users/vahid/Desktop/xauusd-trader/reports/stage150_mtf_separated_validation_discovery/m5/stage150_candidate_scores.csv --risk-summary /Users/vahid/Desktop/xauusd-trader/reports/stage145_clean_ledger_performance_gate/stage145_clean_ledger_performance_gate_summary.json --tf m5 --timeframe-minutes 5 --max-feature-age-sec 7200 --timestamp-shift-hours -3.0 --write-mt5",
    "kv_path": "/Users/vahid/Library/Application Support/net.metaquotes.wine.metatrader5/drive_c/Program Files/MetaTrader 5/MQL5/Files/xauusd_stage155_m5_active_router_rule_state_kv.csv",
    "decision": "STAGE157_GLOBAL_PERFORMANCE_FREEZE_NO_ORDER",
    "any_signal_active": "false",
    "selected_rule_id": "",
    "selected_family_key": "",
    "active_shortlist_count": "92",
    "eligible_shortlist_count": "188",
    "risk_blocked_family_count": "5"
  },
  "stage134": {
    "kv_path": "/Users/vahid/Library/Application Support/net.metaquotes.wine.metatrader5/drive_c/Program Files/MetaTrader 5/MQL5/Files/xauusd_stage134_demo_executor_status_kv.csv",
    "decision": "BLOCKED_SIGNAL_STALE",
    "reason": "feature_date is stale/missing/unparseable; freshness is based on feature_date UTC, not file modified time",
    "feature_date": "2026-07-08T04:40:00Z",
    "signal_fresh": "false",
    "signal_age_sec": "16986",
    "any_signal_active": "false",
    "open_positions": "0",
    "last_success_signal_key": "2026-07-08T04:40:00Z|D150C_M5_ret_6h_bps_GEQ35__trend_50_100_bps_GEQ35",
    "last_attempt_signal_key": "2026-07-08T04:40:00Z|D150C_M5_ret_6h_bps_GEQ35__trend_50_100_bps_GEQ35"
  },
  "commands": [
    {
      "cmd": "/Library/Frameworks/Python.framework/Versions/3.14/bin/python3 app/stage154_active_shortlist_rule_router.py --root /Users/vahid/Desktop/xauusd-trader --bars /Users/vahid/Downloads/xauusd_fundamental_event_inbox/amarkets_xauusd_5m.csv --score-csv /Users/vahid/Desktop/xauusd-trader/reports/stage150_mtf_separated_validation_discovery/m5/stage150_candidate_scores.csv --risk-summary /Users/vahid/Desktop/xauusd-trader/reports/stage145_clean_ledger_performance_gate/stage145_clean_ledger_performance_gate_summary.json --tf m5 --timeframe-minutes 5 --max-feature-age-sec 7200 --timestamp-shift-hours -3.0 --write-mt5",
      "started_utc": "2026-07-08T09:22:50Z",
      "finished_utc": "2026-07-08T09:23:09Z",
      "returncode": 0,
      "stdout_tail": "performance_gate/stage145_clean_ledger_performance_gate_summary.json\",\n  \"global_freeze_guard\": true,\n  \"global_gate_freeze_active\": true,\n  \"global_gate_info\": {\n    \"global_gate_freeze_active\": true,\n    \"global_gate_reason\": \"Stage145 aggregate gate requires freeze/repair: gate_decision=STAGE145_FREEZE_REPAIR_RULE_NEGATIVE_EXPECTANCY; recommended_action=FREEZE_CURRENT_RULE_AND_REPAIR_DISCOVERY; severity=HIGH; closed_trade_count=13; total_bps=-78.3; mean_bps=-6.02; win_rate=0.4615\",\n    \"global_gate_decision\": \"STAGE145_FREEZE_REPAIR_RULE_NEGATIVE_EXPECTANCY\",\n    \"global_recommended_action\": \"FREEZE_CURRENT_RULE_AND_REPAIR_DISCOVERY\",\n    \"global_severity\": \"HIGH\",\n    \"global_closed_trade_count\": 13,\n    \"global_total_bps\": -78.3,\n    \"global_mean_bps\": -6.02,\n    \"global_win_rate\": 0.4615,\n    \"min_global_gate_trades\": 10\n  },\n  \"block_negative_demo_families\": true,\n  \"risk_blocked_family_count\": 5,\n  \"risk_blocked_candidate_count\": 36,\n  \"blocked_family_keys\": [\n    \"D138C_ret_48h_bps__trend_50_100_bps\",\n    \"D150C_M5_ret_12h_bps__trend_50_100_bps\",\n    \"D150C_M5_ret_3h_bps__ret_24h_bps\",\n    \"D150C_M5_ret_6h_bps__trend_50_100_bps\",\n    \"D150C_M5_trend_8_20_bps__trend_50_100_bps\"\n  ],\n  \"blocked_family_rows\": [\n    {\n      \"family_key\": \"D138C_ret_48h_bps__trend_50_100_bps\",\n      \"closed_trade_count\": 6,\n      \"total_bps\": -1.29,\n      \"mean_bps\": -0.21,\n      \"total_net_profit\": -0.94,\n      \"last_rule_id\": \"D138C_ret_48h_bps_GEQ65__trend_50_100_bps_LEQ65\",\n      \"last_outcome\": \"PROFIT\"\n    },\n    {\n      \"family_key\": \"D150C_M5_ret_12h_bps__trend_50_100_bps\",\n      \"closed_trade_count\": 1,\n      \"total_bps\": -57.1,\n      \"mean_bps\": -57.1,\n      \"total_net_profit\": -23.65,\n      \"last_rule_id\": \"D150C_M5_ret_12h_bps_GEQ35__trend_50_100_bps_GEQ35\",\n      \"last_outcome\": \"LOSS\"\n    },\n    {\n      \"family_key\": \"D150C_M5_ret_3h_bps__ret_24h_bps\",\n      \"closed_trade_count\": 1,\n      \"total_bps\": -19.35,\n      \"mean_bps\": -19.35,\n      \"total_net_profit\": -8.72,\n      \"last_rule_id\": \"D150C_M5_ret_3h_bps_GEQ65__ret_24h_bps_GEQ35\",\n      \"last_outcome\": \"LOSS\"\n    },\n    {\n      \"family_key\": \"D150C_M5_ret_6h_bps__trend_50_100_bps\",\n      \"closed_trade_count\": 1,\n      \"total_bps\": -68.58,\n      \"mean_bps\": -68.58,\n      \"total_net_profit\": -28.3,\n      \"last_rule_id\": \"D150C_M5_ret_6h_bps_GEQ35__trend_50_100_bps_GEQ35\",\n      \"last_outcome\": \"LOSS\"\n    },\n    {\n      \"family_key\": \"D150C_M5_trend_8_20_bps__trend_50_100_bps\",\n      \"closed_trade_count\": 1,\n      \"total_bps\": -50.52,\n      \"mean_bps\": -50.52,\n      \"total_net_profit\": -21.22,\n      \"last_rule_id\": \"D150C_M5_trend_8_20_bps_GEQ65__trend_50_100_bps_GEQ35\",\n      \"last_outcome\": \"LOSS\"\n    }\n  ],\n  \"repo_kv\": \"/Users/vahid/Desktop/xauusd-trader/data/demo_execution/xauusd_stage155_m5_active_router_rule_state_kv.csv\",\n  \"repo_latest\": \"/Users/vahid/Desktop/xauusd-trader/data/demo_execution/xauusd_stage155_m5_active_router_rule_state_latest.csv\",\n  \"mt5_kv_written\": true,\n  \"mt5_kv\": \"/Users/vahid/Library/Application Support/net.metaquotes.wine.metatrader5/drive_c/Program Files/MetaTrader 5/MQL5/Files/xauusd_stage155_m5_active_router_rule_state_kv.csv\",\n  \"mt5_latest\": \"/Users/vahid/Library/Application Support/net.metaquotes.wine.metatrader5/drive_c/Program Files/MetaTrader 5/MQL5/Files/xauusd_stage155_m5_active_router_rule_state_latest.csv\",\n  \"stage134_instruction\": {\n    \"InpRuleStateKvFile\": \"xauusd_stage155_m5_active_router_rule_state_kv.csv\",\n    \"InpAllowedRules\": \"all\",\n    \"keep_InpEnableDemoOrders\": \"true only on demo account\"\n  },\n  \"summary_json\": \"/Users/vahid/Desktop/xauusd-trader/reports/stage155_active_router_demo_risk_guard/m5/stage155_active_router_demo_risk_guard_summary.json\",\n  \"next\": [\n    \"Use this Stage157-hardened router behind Stage156; it preserves Stage155 KV filename so Stage134 input does not need to change.\",\n    \"If global_gate_freeze_active is true, keep demo orders blocked and repair discovery before re-enabling routing.\"\n  ]\n}\n",
      "stderr_tail": ""
    }
  ],
  "next": [
    "If classification is NO_ACTIVE_RULE, keep Stage155 running and do not patch unless inactivity is commercially unacceptable over a defined window.",
    "If classification is SOURCE_STALE or BLOCKED_STALE, update the M5 CSV and run this unifier again.",
    "Use --db-update-command only after identifying the repo's current AMarkets DB updater command."
  ]
}
{
  "stage": "Stage156_OPERATIONAL_UNIFIER",
  "generated_utc": "2026-07-08T09:28:12Z",
  "status": "STAGE156_COMPLETE_OPERATIONAL_UNIFIER_READY",
  "classification": "BLOCKED_STALE",
  "reason": "Stage134 blocked because feature_date is stale; update source CSV or ensure router scheduler is running.",
  "root": "/Users/vahid/Desktop/xauusd-trader",
  "mt5_files": "/Users/vahid/Library/Application Support/net.metaquotes.wine.metatrader5/drive_c/Program Files/MetaTrader 5/MQL5/Files",
  "source": {
    "bars_m5": "/Users/vahid/Downloads/xauusd_fundamental_event_inbox/amarkets_xauusd_5m.csv",
    "exists": true,
    "row_count_including_header_if_any": 318862,
    "last_line": "2026.07.08\t07:40:00\t4125.25\t4125.65\t4121.97\t4123.09\t307\t0\t36",
    "raw_latest_time": "2026-07-08T07:40:00Z",
    "timestamp_shift_hours": -3.0,
    "normalized_latest_time": "2026-07-08T04:40:00Z",
    "feature_age_sec": 17292,
    "max_feature_age_sec": 7200,
    "source_fresh": false
  },
  "router": {
    "cmd": "/Library/Frameworks/Python.framework/Versions/3.14/bin/python3 app/stage154_active_shortlist_rule_router.py --root /Users/vahid/Desktop/xauusd-trader --bars /Users/vahid/Downloads/xauusd_fundamental_event_inbox/amarkets_xauusd_5m.csv --score-csv /Users/vahid/Desktop/xauusd-trader/reports/stage150_mtf_separated_validation_discovery/m5/stage150_candidate_scores.csv --risk-summary /Users/vahid/Desktop/xauusd-trader/reports/stage145_clean_ledger_performance_gate/stage145_clean_ledger_performance_gate_summary.json --tf m5 --timeframe-minutes 5 --max-feature-age-sec 7200 --timestamp-shift-hours -3.0 --write-mt5",
    "kv_path": "/Users/vahid/Library/Application Support/net.metaquotes.wine.metatrader5/drive_c/Program Files/MetaTrader 5/MQL5/Files/xauusd_stage155_m5_active_router_rule_state_kv.csv",
    "decision": "STAGE157_GLOBAL_PERFORMANCE_FREEZE_NO_ORDER",
    "any_signal_active": "false",
    "selected_rule_id": "",
    "selected_family_key": "",
    "active_shortlist_count": "92",
    "eligible_shortlist_count": "188",
    "risk_blocked_family_count": "5"
  },
  "stage134": {
    "kv_path": "/Users/vahid/Library/Application Support/net.metaquotes.wine.metatrader5/drive_c/Program Files/MetaTrader 5/MQL5/Files/xauusd_stage134_demo_executor_status_kv.csv",
    "decision": "BLOCKED_SIGNAL_STALE",
    "reason": "feature_date is stale/missing/unparseable; freshness is based on feature_date UTC, not file modified time",
    "feature_date": "2026-07-08T04:40:00Z",
    "signal_fresh": "false",
    "signal_age_sec": "17287",
    "any_signal_active": "false",
    "open_positions": "0",
    "last_success_signal_key": "2026-07-08T04:40:00Z|D150C_M5_ret_6h_bps_GEQ35__trend_50_100_bps_GEQ35",
    "last_attempt_signal_key": "2026-07-08T04:40:00Z|D150C_M5_ret_6h_bps_GEQ35__trend_50_100_bps_GEQ35"
  },
  "commands": [
    {
      "cmd": "/Library/Frameworks/Python.framework/Versions/3.14/bin/python3 app/stage154_active_shortlist_rule_router.py --root /Users/vahid/Desktop/xauusd-trader --bars /Users/vahid/Downloads/xauusd_fundamental_event_inbox/amarkets_xauusd_5m.csv --score-csv /Users/vahid/Desktop/xauusd-trader/reports/stage150_mtf_separated_validation_discovery/m5/stage150_candidate_scores.csv --risk-summary /Users/vahid/Desktop/xauusd-trader/reports/stage145_clean_ledger_performance_gate/stage145_clean_ledger_performance_gate_summary.json --tf m5 --timeframe-minutes 5 --max-feature-age-sec 7200 --timestamp-shift-hours -3.0 --write-mt5",
      "started_utc": "2026-07-08T09:28:12Z",
      "finished_utc": "2026-07-08T09:28:25Z",
      "returncode": 0,
      "stdout_tail": "performance_gate/stage145_clean_ledger_performance_gate_summary.json\",\n  \"global_freeze_guard\": true,\n  \"global_gate_freeze_active\": true,\n  \"global_gate_info\": {\n    \"global_gate_freeze_active\": true,\n    \"global_gate_reason\": \"Stage145 aggregate gate requires freeze/repair: gate_decision=STAGE145_FREEZE_REPAIR_RULE_NEGATIVE_EXPECTANCY; recommended_action=FREEZE_CURRENT_RULE_AND_REPAIR_DISCOVERY; severity=HIGH; closed_trade_count=13; total_bps=-78.3; mean_bps=-6.02; win_rate=0.4615\",\n    \"global_gate_decision\": \"STAGE145_FREEZE_REPAIR_RULE_NEGATIVE_EXPECTANCY\",\n    \"global_recommended_action\": \"FREEZE_CURRENT_RULE_AND_REPAIR_DISCOVERY\",\n    \"global_severity\": \"HIGH\",\n    \"global_closed_trade_count\": 13,\n    \"global_total_bps\": -78.3,\n    \"global_mean_bps\": -6.02,\n    \"global_win_rate\": 0.4615,\n    \"min_global_gate_trades\": 10\n  },\n  \"block_negative_demo_families\": true,\n  \"risk_blocked_family_count\": 5,\n  \"risk_blocked_candidate_count\": 36,\n  \"blocked_family_keys\": [\n    \"D138C_ret_48h_bps__trend_50_100_bps\",\n    \"D150C_M5_ret_12h_bps__trend_50_100_bps\",\n    \"D150C_M5_ret_3h_bps__ret_24h_bps\",\n    \"D150C_M5_ret_6h_bps__trend_50_100_bps\",\n    \"D150C_M5_trend_8_20_bps__trend_50_100_bps\"\n  ],\n  \"blocked_family_rows\": [\n    {\n      \"family_key\": \"D138C_ret_48h_bps__trend_50_100_bps\",\n      \"closed_trade_count\": 6,\n      \"total_bps\": -1.29,\n      \"mean_bps\": -0.21,\n      \"total_net_profit\": -0.94,\n      \"last_rule_id\": \"D138C_ret_48h_bps_GEQ65__trend_50_100_bps_LEQ65\",\n      \"last_outcome\": \"PROFIT\"\n    },\n    {\n      \"family_key\": \"D150C_M5_ret_12h_bps__trend_50_100_bps\",\n      \"closed_trade_count\": 1,\n      \"total_bps\": -57.1,\n      \"mean_bps\": -57.1,\n      \"total_net_profit\": -23.65,\n      \"last_rule_id\": \"D150C_M5_ret_12h_bps_GEQ35__trend_50_100_bps_GEQ35\",\n      \"last_outcome\": \"LOSS\"\n    },\n    {\n      \"family_key\": \"D150C_M5_ret_3h_bps__ret_24h_bps\",\n      \"closed_trade_count\": 1,\n      \"total_bps\": -19.35,\n      \"mean_bps\": -19.35,\n      \"total_net_profit\": -8.72,\n      \"last_rule_id\": \"D150C_M5_ret_3h_bps_GEQ65__ret_24h_bps_GEQ35\",\n      \"last_outcome\": \"LOSS\"\n    },\n    {\n      \"family_key\": \"D150C_M5_ret_6h_bps__trend_50_100_bps\",\n      \"closed_trade_count\": 1,\n      \"total_bps\": -68.58,\n      \"mean_bps\": -68.58,\n      \"total_net_profit\": -28.3,\n      \"last_rule_id\": \"D150C_M5_ret_6h_bps_GEQ35__trend_50_100_bps_GEQ35\",\n      \"last_outcome\": \"LOSS\"\n    },\n    {\n      \"family_key\": \"D150C_M5_trend_8_20_bps__trend_50_100_bps\",\n      \"closed_trade_count\": 1,\n      \"total_bps\": -50.52,\n      \"mean_bps\": -50.52,\n      \"total_net_profit\": -21.22,\n      \"last_rule_id\": \"D150C_M5_trend_8_20_bps_GEQ65__trend_50_100_bps_GEQ35\",\n      \"last_outcome\": \"LOSS\"\n    }\n  ],\n  \"repo_kv\": \"/Users/vahid/Desktop/xauusd-trader/data/demo_execution/xauusd_stage155_m5_active_router_rule_state_kv.csv\",\n  \"repo_latest\": \"/Users/vahid/Desktop/xauusd-trader/data/demo_execution/xauusd_stage155_m5_active_router_rule_state_latest.csv\",\n  \"mt5_kv_written\": true,\n  \"mt5_kv\": \"/Users/vahid/Library/Application Support/net.metaquotes.wine.metatrader5/drive_c/Program Files/MetaTrader 5/MQL5/Files/xauusd_stage155_m5_active_router_rule_state_kv.csv\",\n  \"mt5_latest\": \"/Users/vahid/Library/Application Support/net.metaquotes.wine.metatrader5/drive_c/Program Files/MetaTrader 5/MQL5/Files/xauusd_stage155_m5_active_router_rule_state_latest.csv\",\n  \"stage134_instruction\": {\n    \"InpRuleStateKvFile\": \"xauusd_stage155_m5_active_router_rule_state_kv.csv\",\n    \"InpAllowedRules\": \"all\",\n    \"keep_InpEnableDemoOrders\": \"true only on demo account\"\n  },\n  \"summary_json\": \"/Users/vahid/Desktop/xauusd-trader/reports/stage155_active_router_demo_risk_guard/m5/stage155_active_router_demo_risk_guard_summary.json\",\n  \"next\": [\n    \"Use this Stage157-hardened router behind Stage156; it preserves Stage155 KV filename so Stage134 input does not need to change.\",\n    \"If global_gate_freeze_active is true, keep demo orders blocked and repair discovery before re-enabling routing.\"\n  ]\n}\n",
      "stderr_tail": ""
    }
  ],
  "next": [
    "If classification is NO_ACTIVE_RULE, keep Stage155 running and do not patch unless inactivity is commercially unacceptable over a defined window.",
    "If classification is SOURCE_STALE or BLOCKED_STALE, update the M5 CSV and run this unifier again.",
    "Use --db-update-command only after identifying the repo's current AMarkets DB updater command."
  ]
}
{
  "stage": "Stage156_OPERATIONAL_UNIFIER",
  "generated_utc": "2026-07-08T09:33:28Z",
  "status": "STAGE156_COMPLETE_OPERATIONAL_UNIFIER_READY",
  "classification": "BLOCKED_STALE",
  "reason": "Stage134 blocked because feature_date is stale; update source CSV or ensure router scheduler is running.",
  "root": "/Users/vahid/Desktop/xauusd-trader",
  "mt5_files": "/Users/vahid/Library/Application Support/net.metaquotes.wine.metatrader5/drive_c/Program Files/MetaTrader 5/MQL5/Files",
  "source": {
    "bars_m5": "/Users/vahid/Downloads/xauusd_fundamental_event_inbox/amarkets_xauusd_5m.csv",
    "exists": true,
    "row_count_including_header_if_any": 318862,
    "last_line": "2026.07.08\t07:40:00\t4125.25\t4125.65\t4121.97\t4123.09\t307\t0\t36",
    "raw_latest_time": "2026-07-08T07:40:00Z",
    "timestamp_shift_hours": -3.0,
    "normalized_latest_time": "2026-07-08T04:40:00Z",
    "feature_age_sec": 17608,
    "max_feature_age_sec": 7200,
    "source_fresh": false
  },
  "router": {
    "cmd": "/Library/Frameworks/Python.framework/Versions/3.14/bin/python3 app/stage154_active_shortlist_rule_router.py --root /Users/vahid/Desktop/xauusd-trader --bars /Users/vahid/Downloads/xauusd_fundamental_event_inbox/amarkets_xauusd_5m.csv --score-csv /Users/vahid/Desktop/xauusd-trader/reports/stage150_mtf_separated_validation_discovery/m5/stage150_candidate_scores.csv --risk-summary /Users/vahid/Desktop/xauusd-trader/reports/stage145_clean_ledger_performance_gate/stage145_clean_ledger_performance_gate_summary.json --tf m5 --timeframe-minutes 5 --max-feature-age-sec 7200 --timestamp-shift-hours -3.0 --write-mt5",
    "kv_path": "/Users/vahid/Library/Application Support/net.metaquotes.wine.metatrader5/drive_c/Program Files/MetaTrader 5/MQL5/Files/xauusd_stage155_m5_active_router_rule_state_kv.csv",
    "decision": "STAGE157_GLOBAL_PERFORMANCE_FREEZE_NO_ORDER",
    "any_signal_active": "false",
    "selected_rule_id": "",
    "selected_family_key": "",
    "active_shortlist_count": "92",
    "eligible_shortlist_count": "188",
    "risk_blocked_family_count": "5"
  },
  "stage134": {
    "kv_path": "/Users/vahid/Library/Application Support/net.metaquotes.wine.metatrader5/drive_c/Program Files/MetaTrader 5/MQL5/Files/xauusd_stage134_demo_executor_status_kv.csv",
    "decision": "BLOCKED_SIGNAL_STALE",
    "reason": "feature_date is stale/missing/unparseable; freshness is based on feature_date UTC, not file modified time",
    "feature_date": "2026-07-08T04:40:00Z",
    "signal_fresh": "false",
    "signal_age_sec": "17617",
    "any_signal_active": "false",
    "open_positions": "0",
    "last_success_signal_key": "2026-07-08T04:40:00Z|D150C_M5_ret_6h_bps_GEQ35__trend_50_100_bps_GEQ35",
    "last_attempt_signal_key": "2026-07-08T04:40:00Z|D150C_M5_ret_6h_bps_GEQ35__trend_50_100_bps_GEQ35"
  },
  "commands": [
    {
      "cmd": "/Library/Frameworks/Python.framework/Versions/3.14/bin/python3 app/stage154_active_shortlist_rule_router.py --root /Users/vahid/Desktop/xauusd-trader --bars /Users/vahid/Downloads/xauusd_fundamental_event_inbox/amarkets_xauusd_5m.csv --score-csv /Users/vahid/Desktop/xauusd-trader/reports/stage150_mtf_separated_validation_discovery/m5/stage150_candidate_scores.csv --risk-summary /Users/vahid/Desktop/xauusd-trader/reports/stage145_clean_ledger_performance_gate/stage145_clean_ledger_performance_gate_summary.json --tf m5 --timeframe-minutes 5 --max-feature-age-sec 7200 --timestamp-shift-hours -3.0 --write-mt5",
      "started_utc": "2026-07-08T09:33:28Z",
      "finished_utc": "2026-07-08T09:33:42Z",
      "returncode": 0,
      "stdout_tail": "performance_gate/stage145_clean_ledger_performance_gate_summary.json\",\n  \"global_freeze_guard\": true,\n  \"global_gate_freeze_active\": true,\n  \"global_gate_info\": {\n    \"global_gate_freeze_active\": true,\n    \"global_gate_reason\": \"Stage145 aggregate gate requires freeze/repair: gate_decision=STAGE145_FREEZE_REPAIR_RULE_NEGATIVE_EXPECTANCY; recommended_action=FREEZE_CURRENT_RULE_AND_REPAIR_DISCOVERY; severity=HIGH; closed_trade_count=13; total_bps=-78.3; mean_bps=-6.02; win_rate=0.4615\",\n    \"global_gate_decision\": \"STAGE145_FREEZE_REPAIR_RULE_NEGATIVE_EXPECTANCY\",\n    \"global_recommended_action\": \"FREEZE_CURRENT_RULE_AND_REPAIR_DISCOVERY\",\n    \"global_severity\": \"HIGH\",\n    \"global_closed_trade_count\": 13,\n    \"global_total_bps\": -78.3,\n    \"global_mean_bps\": -6.02,\n    \"global_win_rate\": 0.4615,\n    \"min_global_gate_trades\": 10\n  },\n  \"block_negative_demo_families\": true,\n  \"risk_blocked_family_count\": 5,\n  \"risk_blocked_candidate_count\": 36,\n  \"blocked_family_keys\": [\n    \"D138C_ret_48h_bps__trend_50_100_bps\",\n    \"D150C_M5_ret_12h_bps__trend_50_100_bps\",\n    \"D150C_M5_ret_3h_bps__ret_24h_bps\",\n    \"D150C_M5_ret_6h_bps__trend_50_100_bps\",\n    \"D150C_M5_trend_8_20_bps__trend_50_100_bps\"\n  ],\n  \"blocked_family_rows\": [\n    {\n      \"family_key\": \"D138C_ret_48h_bps__trend_50_100_bps\",\n      \"closed_trade_count\": 6,\n      \"total_bps\": -1.29,\n      \"mean_bps\": -0.21,\n      \"total_net_profit\": -0.94,\n      \"last_rule_id\": \"D138C_ret_48h_bps_GEQ65__trend_50_100_bps_LEQ65\",\n      \"last_outcome\": \"PROFIT\"\n    },\n    {\n      \"family_key\": \"D150C_M5_ret_12h_bps__trend_50_100_bps\",\n      \"closed_trade_count\": 1,\n      \"total_bps\": -57.1,\n      \"mean_bps\": -57.1,\n      \"total_net_profit\": -23.65,\n      \"last_rule_id\": \"D150C_M5_ret_12h_bps_GEQ35__trend_50_100_bps_GEQ35\",\n      \"last_outcome\": \"LOSS\"\n    },\n    {\n      \"family_key\": \"D150C_M5_ret_3h_bps__ret_24h_bps\",\n      \"closed_trade_count\": 1,\n      \"total_bps\": -19.35,\n      \"mean_bps\": -19.35,\n      \"total_net_profit\": -8.72,\n      \"last_rule_id\": \"D150C_M5_ret_3h_bps_GEQ65__ret_24h_bps_GEQ35\",\n      \"last_outcome\": \"LOSS\"\n    },\n    {\n      \"family_key\": \"D150C_M5_ret_6h_bps__trend_50_100_bps\",\n      \"closed_trade_count\": 1,\n      \"total_bps\": -68.58,\n      \"mean_bps\": -68.58,\n      \"total_net_profit\": -28.3,\n      \"last_rule_id\": \"D150C_M5_ret_6h_bps_GEQ35__trend_50_100_bps_GEQ35\",\n      \"last_outcome\": \"LOSS\"\n    },\n    {\n      \"family_key\": \"D150C_M5_trend_8_20_bps__trend_50_100_bps\",\n      \"closed_trade_count\": 1,\n      \"total_bps\": -50.52,\n      \"mean_bps\": -50.52,\n      \"total_net_profit\": -21.22,\n      \"last_rule_id\": \"D150C_M5_trend_8_20_bps_GEQ65__trend_50_100_bps_GEQ35\",\n      \"last_outcome\": \"LOSS\"\n    }\n  ],\n  \"repo_kv\": \"/Users/vahid/Desktop/xauusd-trader/data/demo_execution/xauusd_stage155_m5_active_router_rule_state_kv.csv\",\n  \"repo_latest\": \"/Users/vahid/Desktop/xauusd-trader/data/demo_execution/xauusd_stage155_m5_active_router_rule_state_latest.csv\",\n  \"mt5_kv_written\": true,\n  \"mt5_kv\": \"/Users/vahid/Library/Application Support/net.metaquotes.wine.metatrader5/drive_c/Program Files/MetaTrader 5/MQL5/Files/xauusd_stage155_m5_active_router_rule_state_kv.csv\",\n  \"mt5_latest\": \"/Users/vahid/Library/Application Support/net.metaquotes.wine.metatrader5/drive_c/Program Files/MetaTrader 5/MQL5/Files/xauusd_stage155_m5_active_router_rule_state_latest.csv\",\n  \"stage134_instruction\": {\n    \"InpRuleStateKvFile\": \"xauusd_stage155_m5_active_router_rule_state_kv.csv\",\n    \"InpAllowedRules\": \"all\",\n    \"keep_InpEnableDemoOrders\": \"true only on demo account\"\n  },\n  \"summary_json\": \"/Users/vahid/Desktop/xauusd-trader/reports/stage155_active_router_demo_risk_guard/m5/stage155_active_router_demo_risk_guard_summary.json\",\n  \"next\": [\n    \"Use this Stage157-hardened router behind Stage156; it preserves Stage155 KV filename so Stage134 input does not need to change.\",\n    \"If global_gate_freeze_active is true, keep demo orders blocked and repair discovery before re-enabling routing.\"\n  ]\n}\n",
      "stderr_tail": ""
    }
  ],
  "next": [
    "If classification is NO_ACTIVE_RULE, keep Stage155 running and do not patch unless inactivity is commercially unacceptable over a defined window.",
    "If classification is SOURCE_STALE or BLOCKED_STALE, update the M5 CSV and run this unifier again.",
    "Use --db-update-command only after identifying the repo's current AMarkets DB updater command."
  ]
}
{
  "stage": "Stage156_OPERATIONAL_UNIFIER",
  "generated_utc": "2026-07-08T09:38:45Z",
  "status": "STAGE156_COMPLETE_OPERATIONAL_UNIFIER_READY",
  "classification": "BLOCKED_STALE",
  "reason": "Stage134 blocked because feature_date is stale; update source CSV or ensure router scheduler is running.",
  "root": "/Users/vahid/Desktop/xauusd-trader",
  "mt5_files": "/Users/vahid/Library/Application Support/net.metaquotes.wine.metatrader5/drive_c/Program Files/MetaTrader 5/MQL5/Files",
  "source": {
    "bars_m5": "/Users/vahid/Downloads/xauusd_fundamental_event_inbox/amarkets_xauusd_5m.csv",
    "exists": true,
    "row_count_including_header_if_any": 318862,
    "last_line": "2026.07.08\t07:40:00\t4125.25\t4125.65\t4121.97\t4123.09\t307\t0\t36",
    "raw_latest_time": "2026-07-08T07:40:00Z",
    "timestamp_shift_hours": -3.0,
    "normalized_latest_time": "2026-07-08T04:40:00Z",
    "feature_age_sec": 17926,
    "max_feature_age_sec": 7200,
    "source_fresh": false
  },
  "router": {
    "cmd": "/Library/Frameworks/Python.framework/Versions/3.14/bin/python3 app/stage154_active_shortlist_rule_router.py --root /Users/vahid/Desktop/xauusd-trader --bars /Users/vahid/Downloads/xauusd_fundamental_event_inbox/amarkets_xauusd_5m.csv --score-csv /Users/vahid/Desktop/xauusd-trader/reports/stage150_mtf_separated_validation_discovery/m5/stage150_candidate_scores.csv --risk-summary /Users/vahid/Desktop/xauusd-trader/reports/stage145_clean_ledger_performance_gate/stage145_clean_ledger_performance_gate_summary.json --tf m5 --timeframe-minutes 5 --max-feature-age-sec 7200 --timestamp-shift-hours -3.0 --write-mt5",
    "kv_path": "/Users/vahid/Library/Application Support/net.metaquotes.wine.metatrader5/drive_c/Program Files/MetaTrader 5/MQL5/Files/xauusd_stage155_m5_active_router_rule_state_kv.csv",
    "decision": "STAGE157_GLOBAL_PERFORMANCE_FREEZE_NO_ORDER",
    "any_signal_active": "false",
    "selected_rule_id": "",
    "selected_family_key": "",
    "active_shortlist_count": "92",
    "eligible_shortlist_count": "188",
    "risk_blocked_family_count": "5"
  },
  "stage134": {
    "kv_path": "/Users/vahid/Library/Application Support/net.metaquotes.wine.metatrader5/drive_c/Program Files/MetaTrader 5/MQL5/Files/xauusd_stage134_demo_executor_status_kv.csv",
    "decision": "BLOCKED_SIGNAL_STALE",
    "reason": "feature_date is stale/missing/unparseable; freshness is based on feature_date UTC, not file modified time",
    "feature_date": "2026-07-08T04:40:00Z",
    "signal_fresh": "false",
    "signal_age_sec": "17940",
    "any_signal_active": "false",
    "open_positions": "0",
    "last_success_signal_key": "2026-07-08T04:40:00Z|D150C_M5_ret_6h_bps_GEQ35__trend_50_100_bps_GEQ35",
    "last_attempt_signal_key": "2026-07-08T04:40:00Z|D150C_M5_ret_6h_bps_GEQ35__trend_50_100_bps_GEQ35"
  },
  "commands": [
    {
      "cmd": "/Library/Frameworks/Python.framework/Versions/3.14/bin/python3 app/stage154_active_shortlist_rule_router.py --root /Users/vahid/Desktop/xauusd-trader --bars /Users/vahid/Downloads/xauusd_fundamental_event_inbox/amarkets_xauusd_5m.csv --score-csv /Users/vahid/Desktop/xauusd-trader/reports/stage150_mtf_separated_validation_discovery/m5/stage150_candidate_scores.csv --risk-summary /Users/vahid/Desktop/xauusd-trader/reports/stage145_clean_ledger_performance_gate/stage145_clean_ledger_performance_gate_summary.json --tf m5 --timeframe-minutes 5 --max-feature-age-sec 7200 --timestamp-shift-hours -3.0 --write-mt5",
      "started_utc": "2026-07-08T09:38:46Z",
      "finished_utc": "2026-07-08T09:39:02Z",
      "returncode": 0,
      "stdout_tail": "performance_gate/stage145_clean_ledger_performance_gate_summary.json\",\n  \"global_freeze_guard\": true,\n  \"global_gate_freeze_active\": true,\n  \"global_gate_info\": {\n    \"global_gate_freeze_active\": true,\n    \"global_gate_reason\": \"Stage145 aggregate gate requires freeze/repair: gate_decision=STAGE145_FREEZE_REPAIR_RULE_NEGATIVE_EXPECTANCY; recommended_action=FREEZE_CURRENT_RULE_AND_REPAIR_DISCOVERY; severity=HIGH; closed_trade_count=13; total_bps=-78.3; mean_bps=-6.02; win_rate=0.4615\",\n    \"global_gate_decision\": \"STAGE145_FREEZE_REPAIR_RULE_NEGATIVE_EXPECTANCY\",\n    \"global_recommended_action\": \"FREEZE_CURRENT_RULE_AND_REPAIR_DISCOVERY\",\n    \"global_severity\": \"HIGH\",\n    \"global_closed_trade_count\": 13,\n    \"global_total_bps\": -78.3,\n    \"global_mean_bps\": -6.02,\n    \"global_win_rate\": 0.4615,\n    \"min_global_gate_trades\": 10\n  },\n  \"block_negative_demo_families\": true,\n  \"risk_blocked_family_count\": 5,\n  \"risk_blocked_candidate_count\": 36,\n  \"blocked_family_keys\": [\n    \"D138C_ret_48h_bps__trend_50_100_bps\",\n    \"D150C_M5_ret_12h_bps__trend_50_100_bps\",\n    \"D150C_M5_ret_3h_bps__ret_24h_bps\",\n    \"D150C_M5_ret_6h_bps__trend_50_100_bps\",\n    \"D150C_M5_trend_8_20_bps__trend_50_100_bps\"\n  ],\n  \"blocked_family_rows\": [\n    {\n      \"family_key\": \"D138C_ret_48h_bps__trend_50_100_bps\",\n      \"closed_trade_count\": 6,\n      \"total_bps\": -1.29,\n      \"mean_bps\": -0.21,\n      \"total_net_profit\": -0.94,\n      \"last_rule_id\": \"D138C_ret_48h_bps_GEQ65__trend_50_100_bps_LEQ65\",\n      \"last_outcome\": \"PROFIT\"\n    },\n    {\n      \"family_key\": \"D150C_M5_ret_12h_bps__trend_50_100_bps\",\n      \"closed_trade_count\": 1,\n      \"total_bps\": -57.1,\n      \"mean_bps\": -57.1,\n      \"total_net_profit\": -23.65,\n      \"last_rule_id\": \"D150C_M5_ret_12h_bps_GEQ35__trend_50_100_bps_GEQ35\",\n      \"last_outcome\": \"LOSS\"\n    },\n    {\n      \"family_key\": \"D150C_M5_ret_3h_bps__ret_24h_bps\",\n      \"closed_trade_count\": 1,\n      \"total_bps\": -19.35,\n      \"mean_bps\": -19.35,\n      \"total_net_profit\": -8.72,\n      \"last_rule_id\": \"D150C_M5_ret_3h_bps_GEQ65__ret_24h_bps_GEQ35\",\n      \"last_outcome\": \"LOSS\"\n    },\n    {\n      \"family_key\": \"D150C_M5_ret_6h_bps__trend_50_100_bps\",\n      \"closed_trade_count\": 1,\n      \"total_bps\": -68.58,\n      \"mean_bps\": -68.58,\n      \"total_net_profit\": -28.3,\n      \"last_rule_id\": \"D150C_M5_ret_6h_bps_GEQ35__trend_50_100_bps_GEQ35\",\n      \"last_outcome\": \"LOSS\"\n    },\n    {\n      \"family_key\": \"D150C_M5_trend_8_20_bps__trend_50_100_bps\",\n      \"closed_trade_count\": 1,\n      \"total_bps\": -50.52,\n      \"mean_bps\": -50.52,\n      \"total_net_profit\": -21.22,\n      \"last_rule_id\": \"D150C_M5_trend_8_20_bps_GEQ65__trend_50_100_bps_GEQ35\",\n      \"last_outcome\": \"LOSS\"\n    }\n  ],\n  \"repo_kv\": \"/Users/vahid/Desktop/xauusd-trader/data/demo_execution/xauusd_stage155_m5_active_router_rule_state_kv.csv\",\n  \"repo_latest\": \"/Users/vahid/Desktop/xauusd-trader/data/demo_execution/xauusd_stage155_m5_active_router_rule_state_latest.csv\",\n  \"mt5_kv_written\": true,\n  \"mt5_kv\": \"/Users/vahid/Library/Application Support/net.metaquotes.wine.metatrader5/drive_c/Program Files/MetaTrader 5/MQL5/Files/xauusd_stage155_m5_active_router_rule_state_kv.csv\",\n  \"mt5_latest\": \"/Users/vahid/Library/Application Support/net.metaquotes.wine.metatrader5/drive_c/Program Files/MetaTrader 5/MQL5/Files/xauusd_stage155_m5_active_router_rule_state_latest.csv\",\n  \"stage134_instruction\": {\n    \"InpRuleStateKvFile\": \"xauusd_stage155_m5_active_router_rule_state_kv.csv\",\n    \"InpAllowedRules\": \"all\",\n    \"keep_InpEnableDemoOrders\": \"true only on demo account\"\n  },\n  \"summary_json\": \"/Users/vahid/Desktop/xauusd-trader/reports/stage155_active_router_demo_risk_guard/m5/stage155_active_router_demo_risk_guard_summary.json\",\n  \"next\": [\n    \"Use this Stage157-hardened router behind Stage156; it preserves Stage155 KV filename so Stage134 input does not need to change.\",\n    \"If global_gate_freeze_active is true, keep demo orders blocked and repair discovery before re-enabling routing.\"\n  ]\n}\n",
      "stderr_tail": ""
    }
  ],
  "next": [
    "If classification is NO_ACTIVE_RULE, keep Stage155 running and do not patch unless inactivity is commercially unacceptable over a defined window.",
    "If classification is SOURCE_STALE or BLOCKED_STALE, update the M5 CSV and run this unifier again.",
    "Use --db-update-command only after identifying the repo's current AMarkets DB updater command."
  ]
}
{
  "stage": "Stage156_OPERATIONAL_UNIFIER",
  "generated_utc": "2026-07-08T09:44:05Z",
  "status": "STAGE156_COMPLETE_OPERATIONAL_UNIFIER_READY",
  "classification": "BLOCKED_STALE",
  "reason": "Stage134 blocked because feature_date is stale; update source CSV or ensure router scheduler is running.",
  "root": "/Users/vahid/Desktop/xauusd-trader",
  "mt5_files": "/Users/vahid/Library/Application Support/net.metaquotes.wine.metatrader5/drive_c/Program Files/MetaTrader 5/MQL5/Files",
  "source": {
    "bars_m5": "/Users/vahid/Downloads/xauusd_fundamental_event_inbox/amarkets_xauusd_5m.csv",
    "exists": true,
    "row_count_including_header_if_any": 318862,
    "last_line": "2026.07.08\t07:40:00\t4125.25\t4125.65\t4121.97\t4123.09\t307\t0\t36",
    "raw_latest_time": "2026-07-08T07:40:00Z",
    "timestamp_shift_hours": -3.0,
    "normalized_latest_time": "2026-07-08T04:40:00Z",
    "feature_age_sec": 18245,
    "max_feature_age_sec": 7200,
    "source_fresh": false
  },
  "router": {
    "cmd": "/Library/Frameworks/Python.framework/Versions/3.14/bin/python3 app/stage154_active_shortlist_rule_router.py --root /Users/vahid/Desktop/xauusd-trader --bars /Users/vahid/Downloads/xauusd_fundamental_event_inbox/amarkets_xauusd_5m.csv --score-csv /Users/vahid/Desktop/xauusd-trader/reports/stage150_mtf_separated_validation_discovery/m5/stage150_candidate_scores.csv --risk-summary /Users/vahid/Desktop/xauusd-trader/reports/stage145_clean_ledger_performance_gate/stage145_clean_ledger_performance_gate_summary.json --tf m5 --timeframe-minutes 5 --max-feature-age-sec 7200 --timestamp-shift-hours -3.0 --write-mt5",
    "kv_path": "/Users/vahid/Library/Application Support/net.metaquotes.wine.metatrader5/drive_c/Program Files/MetaTrader 5/MQL5/Files/xauusd_stage155_m5_active_router_rule_state_kv.csv",
    "decision": "STAGE157_GLOBAL_PERFORMANCE_FREEZE_NO_ORDER",
    "any_signal_active": "false",
    "selected_rule_id": "",
    "selected_family_key": "",
    "active_shortlist_count": "92",
    "eligible_shortlist_count": "188",
    "risk_blocked_family_count": "5"
  },
  "stage134": {
    "kv_path": "/Users/vahid/Library/Application Support/net.metaquotes.wine.metatrader5/drive_c/Program Files/MetaTrader 5/MQL5/Files/xauusd_stage134_demo_executor_status_kv.csv",
    "decision": "BLOCKED_SIGNAL_STALE",
    "reason": "feature_date is stale/missing/unparseable; freshness is based on feature_date UTC, not file modified time",
    "feature_date": "2026-07-08T04:40:00Z",
    "signal_fresh": "false",
    "signal_age_sec": "18247",
    "any_signal_active": "false",
    "open_positions": "0",
    "last_success_signal_key": "2026-07-08T04:40:00Z|D150C_M5_ret_6h_bps_GEQ35__trend_50_100_bps_GEQ35",
    "last_attempt_signal_key": "2026-07-08T04:40:00Z|D150C_M5_ret_6h_bps_GEQ35__trend_50_100_bps_GEQ35"
  },
  "commands": [
    {
      "cmd": "/Library/Frameworks/Python.framework/Versions/3.14/bin/python3 app/stage154_active_shortlist_rule_router.py --root /Users/vahid/Desktop/xauusd-trader --bars /Users/vahid/Downloads/xauusd_fundamental_event_inbox/amarkets_xauusd_5m.csv --score-csv /Users/vahid/Desktop/xauusd-trader/reports/stage150_mtf_separated_validation_discovery/m5/stage150_candidate_scores.csv --risk-summary /Users/vahid/Desktop/xauusd-trader/reports/stage145_clean_ledger_performance_gate/stage145_clean_ledger_performance_gate_summary.json --tf m5 --timeframe-minutes 5 --max-feature-age-sec 7200 --timestamp-shift-hours -3.0 --write-mt5",
      "started_utc": "2026-07-08T09:44:05Z",
      "finished_utc": "2026-07-08T09:44:15Z",
      "returncode": 0,
      "stdout_tail": "performance_gate/stage145_clean_ledger_performance_gate_summary.json\",\n  \"global_freeze_guard\": true,\n  \"global_gate_freeze_active\": true,\n  \"global_gate_info\": {\n    \"global_gate_freeze_active\": true,\n    \"global_gate_reason\": \"Stage145 aggregate gate requires freeze/repair: gate_decision=STAGE145_FREEZE_REPAIR_RULE_NEGATIVE_EXPECTANCY; recommended_action=FREEZE_CURRENT_RULE_AND_REPAIR_DISCOVERY; severity=HIGH; closed_trade_count=13; total_bps=-78.3; mean_bps=-6.02; win_rate=0.4615\",\n    \"global_gate_decision\": \"STAGE145_FREEZE_REPAIR_RULE_NEGATIVE_EXPECTANCY\",\n    \"global_recommended_action\": \"FREEZE_CURRENT_RULE_AND_REPAIR_DISCOVERY\",\n    \"global_severity\": \"HIGH\",\n    \"global_closed_trade_count\": 13,\n    \"global_total_bps\": -78.3,\n    \"global_mean_bps\": -6.02,\n    \"global_win_rate\": 0.4615,\n    \"min_global_gate_trades\": 10\n  },\n  \"block_negative_demo_families\": true,\n  \"risk_blocked_family_count\": 5,\n  \"risk_blocked_candidate_count\": 36,\n  \"blocked_family_keys\": [\n    \"D138C_ret_48h_bps__trend_50_100_bps\",\n    \"D150C_M5_ret_12h_bps__trend_50_100_bps\",\n    \"D150C_M5_ret_3h_bps__ret_24h_bps\",\n    \"D150C_M5_ret_6h_bps__trend_50_100_bps\",\n    \"D150C_M5_trend_8_20_bps__trend_50_100_bps\"\n  ],\n  \"blocked_family_rows\": [\n    {\n      \"family_key\": \"D138C_ret_48h_bps__trend_50_100_bps\",\n      \"closed_trade_count\": 6,\n      \"total_bps\": -1.29,\n      \"mean_bps\": -0.21,\n      \"total_net_profit\": -0.94,\n      \"last_rule_id\": \"D138C_ret_48h_bps_GEQ65__trend_50_100_bps_LEQ65\",\n      \"last_outcome\": \"PROFIT\"\n    },\n    {\n      \"family_key\": \"D150C_M5_ret_12h_bps__trend_50_100_bps\",\n      \"closed_trade_count\": 1,\n      \"total_bps\": -57.1,\n      \"mean_bps\": -57.1,\n      \"total_net_profit\": -23.65,\n      \"last_rule_id\": \"D150C_M5_ret_12h_bps_GEQ35__trend_50_100_bps_GEQ35\",\n      \"last_outcome\": \"LOSS\"\n    },\n    {\n      \"family_key\": \"D150C_M5_ret_3h_bps__ret_24h_bps\",\n      \"closed_trade_count\": 1,\n      \"total_bps\": -19.35,\n      \"mean_bps\": -19.35,\n      \"total_net_profit\": -8.72,\n      \"last_rule_id\": \"D150C_M5_ret_3h_bps_GEQ65__ret_24h_bps_GEQ35\",\n      \"last_outcome\": \"LOSS\"\n    },\n    {\n      \"family_key\": \"D150C_M5_ret_6h_bps__trend_50_100_bps\",\n      \"closed_trade_count\": 1,\n      \"total_bps\": -68.58,\n      \"mean_bps\": -68.58,\n      \"total_net_profit\": -28.3,\n      \"last_rule_id\": \"D150C_M5_ret_6h_bps_GEQ35__trend_50_100_bps_GEQ35\",\n      \"last_outcome\": \"LOSS\"\n    },\n    {\n      \"family_key\": \"D150C_M5_trend_8_20_bps__trend_50_100_bps\",\n      \"closed_trade_count\": 1,\n      \"total_bps\": -50.52,\n      \"mean_bps\": -50.52,\n      \"total_net_profit\": -21.22,\n      \"last_rule_id\": \"D150C_M5_trend_8_20_bps_GEQ65__trend_50_100_bps_GEQ35\",\n      \"last_outcome\": \"LOSS\"\n    }\n  ],\n  \"repo_kv\": \"/Users/vahid/Desktop/xauusd-trader/data/demo_execution/xauusd_stage155_m5_active_router_rule_state_kv.csv\",\n  \"repo_latest\": \"/Users/vahid/Desktop/xauusd-trader/data/demo_execution/xauusd_stage155_m5_active_router_rule_state_latest.csv\",\n  \"mt5_kv_written\": true,\n  \"mt5_kv\": \"/Users/vahid/Library/Application Support/net.metaquotes.wine.metatrader5/drive_c/Program Files/MetaTrader 5/MQL5/Files/xauusd_stage155_m5_active_router_rule_state_kv.csv\",\n  \"mt5_latest\": \"/Users/vahid/Library/Application Support/net.metaquotes.wine.metatrader5/drive_c/Program Files/MetaTrader 5/MQL5/Files/xauusd_stage155_m5_active_router_rule_state_latest.csv\",\n  \"stage134_instruction\": {\n    \"InpRuleStateKvFile\": \"xauusd_stage155_m5_active_router_rule_state_kv.csv\",\n    \"InpAllowedRules\": \"all\",\n    \"keep_InpEnableDemoOrders\": \"true only on demo account\"\n  },\n  \"summary_json\": \"/Users/vahid/Desktop/xauusd-trader/reports/stage155_active_router_demo_risk_guard/m5/stage155_active_router_demo_risk_guard_summary.json\",\n  \"next\": [\n    \"Use this Stage157-hardened router behind Stage156; it preserves Stage155 KV filename so Stage134 input does not need to change.\",\n    \"If global_gate_freeze_active is true, keep demo orders blocked and repair discovery before re-enabling routing.\"\n  ]\n}\n",
      "stderr_tail": ""
    }
  ],
  "next": [
    "If classification is NO_ACTIVE_RULE, keep Stage155 running and do not patch unless inactivity is commercially unacceptable over a defined window.",
    "If classification is SOURCE_STALE or BLOCKED_STALE, update the M5 CSV and run this unifier again.",
    "Use --db-update-command only after identifying the repo's current AMarkets DB updater command."
  ]
}
{
  "stage": "Stage156_OPERATIONAL_UNIFIER",
  "generated_utc": "2026-07-08T09:49:19Z",
  "status": "STAGE156_COMPLETE_OPERATIONAL_UNIFIER_READY",
  "classification": "BLOCKED_STALE",
  "reason": "Stage134 blocked because feature_date is stale; update source CSV or ensure router scheduler is running.",
  "root": "/Users/vahid/Desktop/xauusd-trader",
  "mt5_files": "/Users/vahid/Library/Application Support/net.metaquotes.wine.metatrader5/drive_c/Program Files/MetaTrader 5/MQL5/Files",
  "source": {
    "bars_m5": "/Users/vahid/Downloads/xauusd_fundamental_event_inbox/amarkets_xauusd_5m.csv",
    "exists": true,
    "row_count_including_header_if_any": 318862,
    "last_line": "2026.07.08\t07:40:00\t4125.25\t4125.65\t4121.97\t4123.09\t307\t0\t36",
    "raw_latest_time": "2026-07-08T07:40:00Z",
    "timestamp_shift_hours": -3.0,
    "normalized_latest_time": "2026-07-08T04:40:00Z",
    "feature_age_sec": 18560,
    "max_feature_age_sec": 7200,
    "source_fresh": false
  },
  "router": {
    "cmd": "/Library/Frameworks/Python.framework/Versions/3.14/bin/python3 app/stage154_active_shortlist_rule_router.py --root /Users/vahid/Desktop/xauusd-trader --bars /Users/vahid/Downloads/xauusd_fundamental_event_inbox/amarkets_xauusd_5m.csv --score-csv /Users/vahid/Desktop/xauusd-trader/reports/stage150_mtf_separated_validation_discovery/m5/stage150_candidate_scores.csv --risk-summary /Users/vahid/Desktop/xauusd-trader/reports/stage145_clean_ledger_performance_gate/stage145_clean_ledger_performance_gate_summary.json --tf m5 --timeframe-minutes 5 --max-feature-age-sec 7200 --timestamp-shift-hours -3.0 --write-mt5",
    "kv_path": "/Users/vahid/Library/Application Support/net.metaquotes.wine.metatrader5/drive_c/Program Files/MetaTrader 5/MQL5/Files/xauusd_stage155_m5_active_router_rule_state_kv.csv",
    "decision": "STAGE157_GLOBAL_PERFORMANCE_FREEZE_NO_ORDER",
    "any_signal_active": "false",
    "selected_rule_id": "",
    "selected_family_key": "",
    "active_shortlist_count": "92",
    "eligible_shortlist_count": "188",
    "risk_blocked_family_count": "5"
  },
  "stage134": {
    "kv_path": "/Users/vahid/Library/Application Support/net.metaquotes.wine.metatrader5/drive_c/Program Files/MetaTrader 5/MQL5/Files/xauusd_stage134_demo_executor_status_kv.csv",
    "decision": "BLOCKED_SIGNAL_STALE",
    "reason": "feature_date is stale/missing/unparseable; freshness is based on feature_date UTC, not file modified time",
    "feature_date": "2026-07-08T04:40:00Z",
    "signal_fresh": "false",
    "signal_age_sec": "18579",
    "any_signal_active": "false",
    "open_positions": "0",
    "last_success_signal_key": "2026-07-08T04:40:00Z|D150C_M5_ret_6h_bps_GEQ35__trend_50_100_bps_GEQ35",
    "last_attempt_signal_key": "2026-07-08T04:40:00Z|D150C_M5_ret_6h_bps_GEQ35__trend_50_100_bps_GEQ35"
  },
  "commands": [
    {
      "cmd": "/Library/Frameworks/Python.framework/Versions/3.14/bin/python3 app/stage154_active_shortlist_rule_router.py --root /Users/vahid/Desktop/xauusd-trader --bars /Users/vahid/Downloads/xauusd_fundamental_event_inbox/amarkets_xauusd_5m.csv --score-csv /Users/vahid/Desktop/xauusd-trader/reports/stage150_mtf_separated_validation_discovery/m5/stage150_candidate_scores.csv --risk-summary /Users/vahid/Desktop/xauusd-trader/reports/stage145_clean_ledger_performance_gate/stage145_clean_ledger_performance_gate_summary.json --tf m5 --timeframe-minutes 5 --max-feature-age-sec 7200 --timestamp-shift-hours -3.0 --write-mt5",
      "started_utc": "2026-07-08T09:49:20Z",
      "finished_utc": "2026-07-08T09:49:39Z",
      "returncode": 0,
      "stdout_tail": "performance_gate/stage145_clean_ledger_performance_gate_summary.json\",\n  \"global_freeze_guard\": true,\n  \"global_gate_freeze_active\": true,\n  \"global_gate_info\": {\n    \"global_gate_freeze_active\": true,\n    \"global_gate_reason\": \"Stage145 aggregate gate requires freeze/repair: gate_decision=STAGE145_FREEZE_REPAIR_RULE_NEGATIVE_EXPECTANCY; recommended_action=FREEZE_CURRENT_RULE_AND_REPAIR_DISCOVERY; severity=HIGH; closed_trade_count=13; total_bps=-78.3; mean_bps=-6.02; win_rate=0.4615\",\n    \"global_gate_decision\": \"STAGE145_FREEZE_REPAIR_RULE_NEGATIVE_EXPECTANCY\",\n    \"global_recommended_action\": \"FREEZE_CURRENT_RULE_AND_REPAIR_DISCOVERY\",\n    \"global_severity\": \"HIGH\",\n    \"global_closed_trade_count\": 13,\n    \"global_total_bps\": -78.3,\n    \"global_mean_bps\": -6.02,\n    \"global_win_rate\": 0.4615,\n    \"min_global_gate_trades\": 10\n  },\n  \"block_negative_demo_families\": true,\n  \"risk_blocked_family_count\": 5,\n  \"risk_blocked_candidate_count\": 36,\n  \"blocked_family_keys\": [\n    \"D138C_ret_48h_bps__trend_50_100_bps\",\n    \"D150C_M5_ret_12h_bps__trend_50_100_bps\",\n    \"D150C_M5_ret_3h_bps__ret_24h_bps\",\n    \"D150C_M5_ret_6h_bps__trend_50_100_bps\",\n    \"D150C_M5_trend_8_20_bps__trend_50_100_bps\"\n  ],\n  \"blocked_family_rows\": [\n    {\n      \"family_key\": \"D138C_ret_48h_bps__trend_50_100_bps\",\n      \"closed_trade_count\": 6,\n      \"total_bps\": -1.29,\n      \"mean_bps\": -0.21,\n      \"total_net_profit\": -0.94,\n      \"last_rule_id\": \"D138C_ret_48h_bps_GEQ65__trend_50_100_bps_LEQ65\",\n      \"last_outcome\": \"PROFIT\"\n    },\n    {\n      \"family_key\": \"D150C_M5_ret_12h_bps__trend_50_100_bps\",\n      \"closed_trade_count\": 1,\n      \"total_bps\": -57.1,\n      \"mean_bps\": -57.1,\n      \"total_net_profit\": -23.65,\n      \"last_rule_id\": \"D150C_M5_ret_12h_bps_GEQ35__trend_50_100_bps_GEQ35\",\n      \"last_outcome\": \"LOSS\"\n    },\n    {\n      \"family_key\": \"D150C_M5_ret_3h_bps__ret_24h_bps\",\n      \"closed_trade_count\": 1,\n      \"total_bps\": -19.35,\n      \"mean_bps\": -19.35,\n      \"total_net_profit\": -8.72,\n      \"last_rule_id\": \"D150C_M5_ret_3h_bps_GEQ65__ret_24h_bps_GEQ35\",\n      \"last_outcome\": \"LOSS\"\n    },\n    {\n      \"family_key\": \"D150C_M5_ret_6h_bps__trend_50_100_bps\",\n      \"closed_trade_count\": 1,\n      \"total_bps\": -68.58,\n      \"mean_bps\": -68.58,\n      \"total_net_profit\": -28.3,\n      \"last_rule_id\": \"D150C_M5_ret_6h_bps_GEQ35__trend_50_100_bps_GEQ35\",\n      \"last_outcome\": \"LOSS\"\n    },\n    {\n      \"family_key\": \"D150C_M5_trend_8_20_bps__trend_50_100_bps\",\n      \"closed_trade_count\": 1,\n      \"total_bps\": -50.52,\n      \"mean_bps\": -50.52,\n      \"total_net_profit\": -21.22,\n      \"last_rule_id\": \"D150C_M5_trend_8_20_bps_GEQ65__trend_50_100_bps_GEQ35\",\n      \"last_outcome\": \"LOSS\"\n    }\n  ],\n  \"repo_kv\": \"/Users/vahid/Desktop/xauusd-trader/data/demo_execution/xauusd_stage155_m5_active_router_rule_state_kv.csv\",\n  \"repo_latest\": \"/Users/vahid/Desktop/xauusd-trader/data/demo_execution/xauusd_stage155_m5_active_router_rule_state_latest.csv\",\n  \"mt5_kv_written\": true,\n  \"mt5_kv\": \"/Users/vahid/Library/Application Support/net.metaquotes.wine.metatrader5/drive_c/Program Files/MetaTrader 5/MQL5/Files/xauusd_stage155_m5_active_router_rule_state_kv.csv\",\n  \"mt5_latest\": \"/Users/vahid/Library/Application Support/net.metaquotes.wine.metatrader5/drive_c/Program Files/MetaTrader 5/MQL5/Files/xauusd_stage155_m5_active_router_rule_state_latest.csv\",\n  \"stage134_instruction\": {\n    \"InpRuleStateKvFile\": \"xauusd_stage155_m5_active_router_rule_state_kv.csv\",\n    \"InpAllowedRules\": \"all\",\n    \"keep_InpEnableDemoOrders\": \"true only on demo account\"\n  },\n  \"summary_json\": \"/Users/vahid/Desktop/xauusd-trader/reports/stage155_active_router_demo_risk_guard/m5/stage155_active_router_demo_risk_guard_summary.json\",\n  \"next\": [\n    \"Use this Stage157-hardened router behind Stage156; it preserves Stage155 KV filename so Stage134 input does not need to change.\",\n    \"If global_gate_freeze_active is true, keep demo orders blocked and repair discovery before re-enabling routing.\"\n  ]\n}\n",
      "stderr_tail": ""
    }
  ],
  "next": [
    "If classification is NO_ACTIVE_RULE, keep Stage155 running and do not patch unless inactivity is commercially unacceptable over a defined window.",
    "If classification is SOURCE_STALE or BLOCKED_STALE, update the M5 CSV and run this unifier again.",
    "Use --db-update-command only after identifying the repo's current AMarkets DB updater command."
  ]
}
{
  "stage": "Stage156_OPERATIONAL_UNIFIER",
  "generated_utc": "2026-07-08T09:54:43Z",
  "status": "STAGE156_COMPLETE_OPERATIONAL_UNIFIER_READY",
  "classification": "SOURCE_STALE",
  "reason": "Source M5 CSV is stale after timestamp normalization.",
  "root": "/Users/vahid/Desktop/xauusd-trader",
  "mt5_files": "/Users/vahid/Library/Application Support/net.metaquotes.wine.metatrader5/drive_c/Program Files/MetaTrader 5/MQL5/Files",
  "source": {
    "bars_m5": "/Users/vahid/Downloads/xauusd_fundamental_event_inbox/amarkets_xauusd_5m.csv",
    "exists": true,
    "row_count_including_header_if_any": 318862,
    "last_line": "2026.07.08\t07:40:00\t4125.25\t4125.65\t4121.97\t4123.09\t307\t0\t36",
    "raw_latest_time": "2026-07-08T07:40:00Z",
    "timestamp_shift_hours": -3.0,
    "normalized_latest_time": "2026-07-08T04:40:00Z",
    "feature_age_sec": 18883,
    "max_feature_age_sec": 7200,
    "source_fresh": false
  },
  "router": {
    "cmd": "/Library/Frameworks/Python.framework/Versions/3.14/bin/python3 app/stage154_active_shortlist_rule_router.py --root /Users/vahid/Desktop/xauusd-trader --bars /Users/vahid/Downloads/xauusd_fundamental_event_inbox/amarkets_xauusd_5m.csv --score-csv /Users/vahid/Desktop/xauusd-trader/reports/stage150_mtf_separated_validation_discovery/m5/stage150_candidate_scores.csv --risk-summary /Users/vahid/Desktop/xauusd-trader/reports/stage145_clean_ledger_performance_gate/stage145_clean_ledger_performance_gate_summary.json --tf m5 --timeframe-minutes 5 --max-feature-age-sec 7200 --timestamp-shift-hours -3.0 --write-mt5",
    "kv_path": "/Users/vahid/Library/Application Support/net.metaquotes.wine.metatrader5/drive_c/Program Files/MetaTrader 5/MQL5/Files/xauusd_stage155_m5_active_router_rule_state_kv.csv",
    "decision": "STAGE157_GLOBAL_PERFORMANCE_FREEZE_NO_ORDER",
    "any_signal_active": "false",
    "selected_rule_id": "",
    "selected_family_key": "",
    "active_shortlist_count": "92",
    "eligible_shortlist_count": "188",
    "risk_blocked_family_count": "5"
  },
  "stage134": {
    "kv_path": "/Users/vahid/Library/Application Support/net.metaquotes.wine.metatrader5/drive_c/Program Files/MetaTrader 5/MQL5/Files/xauusd_stage134_demo_executor_status_kv.csv",
    "decision": "BLOCKED_TRADING_NOT_ALLOWED",
    "reason": "terminal/mql/account trading flag is disabled",
    "feature_date": "2026-07-08T04:40:00Z",
    "signal_fresh": "false",
    "signal_age_sec": "18900",
    "any_signal_active": "false",
    "open_positions": "0",
    "last_success_signal_key": "2026-07-08T04:40:00Z|D150C_M5_ret_6h_bps_GEQ35__trend_50_100_bps_GEQ35",
    "last_attempt_signal_key": "2026-07-08T04:40:00Z|D150C_M5_ret_6h_bps_GEQ35__trend_50_100_bps_GEQ35"
  },
  "commands": [
    {
      "cmd": "/Library/Frameworks/Python.framework/Versions/3.14/bin/python3 app/stage154_active_shortlist_rule_router.py --root /Users/vahid/Desktop/xauusd-trader --bars /Users/vahid/Downloads/xauusd_fundamental_event_inbox/amarkets_xauusd_5m.csv --score-csv /Users/vahid/Desktop/xauusd-trader/reports/stage150_mtf_separated_validation_discovery/m5/stage150_candidate_scores.csv --risk-summary /Users/vahid/Desktop/xauusd-trader/reports/stage145_clean_ledger_performance_gate/stage145_clean_ledger_performance_gate_summary.json --tf m5 --timeframe-minutes 5 --max-feature-age-sec 7200 --timestamp-shift-hours -3.0 --write-mt5",
      "started_utc": "2026-07-08T09:54:43Z",
      "finished_utc": "2026-07-08T09:55:01Z",
      "returncode": 0,
      "stdout_tail": "performance_gate/stage145_clean_ledger_performance_gate_summary.json\",\n  \"global_freeze_guard\": true,\n  \"global_gate_freeze_active\": true,\n  \"global_gate_info\": {\n    \"global_gate_freeze_active\": true,\n    \"global_gate_reason\": \"Stage145 aggregate gate requires freeze/repair: gate_decision=STAGE145_FREEZE_REPAIR_RULE_NEGATIVE_EXPECTANCY; recommended_action=FREEZE_CURRENT_RULE_AND_REPAIR_DISCOVERY; severity=HIGH; closed_trade_count=13; total_bps=-78.3; mean_bps=-6.02; win_rate=0.4615\",\n    \"global_gate_decision\": \"STAGE145_FREEZE_REPAIR_RULE_NEGATIVE_EXPECTANCY\",\n    \"global_recommended_action\": \"FREEZE_CURRENT_RULE_AND_REPAIR_DISCOVERY\",\n    \"global_severity\": \"HIGH\",\n    \"global_closed_trade_count\": 13,\n    \"global_total_bps\": -78.3,\n    \"global_mean_bps\": -6.02,\n    \"global_win_rate\": 0.4615,\n    \"min_global_gate_trades\": 10\n  },\n  \"block_negative_demo_families\": true,\n  \"risk_blocked_family_count\": 5,\n  \"risk_blocked_candidate_count\": 36,\n  \"blocked_family_keys\": [\n    \"D138C_ret_48h_bps__trend_50_100_bps\",\n    \"D150C_M5_ret_12h_bps__trend_50_100_bps\",\n    \"D150C_M5_ret_3h_bps__ret_24h_bps\",\n    \"D150C_M5_ret_6h_bps__trend_50_100_bps\",\n    \"D150C_M5_trend_8_20_bps__trend_50_100_bps\"\n  ],\n  \"blocked_family_rows\": [\n    {\n      \"family_key\": \"D138C_ret_48h_bps__trend_50_100_bps\",\n      \"closed_trade_count\": 6,\n      \"total_bps\": -1.29,\n      \"mean_bps\": -0.21,\n      \"total_net_profit\": -0.94,\n      \"last_rule_id\": \"D138C_ret_48h_bps_GEQ65__trend_50_100_bps_LEQ65\",\n      \"last_outcome\": \"PROFIT\"\n    },\n    {\n      \"family_key\": \"D150C_M5_ret_12h_bps__trend_50_100_bps\",\n      \"closed_trade_count\": 1,\n      \"total_bps\": -57.1,\n      \"mean_bps\": -57.1,\n      \"total_net_profit\": -23.65,\n      \"last_rule_id\": \"D150C_M5_ret_12h_bps_GEQ35__trend_50_100_bps_GEQ35\",\n      \"last_outcome\": \"LOSS\"\n    },\n    {\n      \"family_key\": \"D150C_M5_ret_3h_bps__ret_24h_bps\",\n      \"closed_trade_count\": 1,\n      \"total_bps\": -19.35,\n      \"mean_bps\": -19.35,\n      \"total_net_profit\": -8.72,\n      \"last_rule_id\": \"D150C_M5_ret_3h_bps_GEQ65__ret_24h_bps_GEQ35\",\n      \"last_outcome\": \"LOSS\"\n    },\n    {\n      \"family_key\": \"D150C_M5_ret_6h_bps__trend_50_100_bps\",\n      \"closed_trade_count\": 1,\n      \"total_bps\": -68.58,\n      \"mean_bps\": -68.58,\n      \"total_net_profit\": -28.3,\n      \"last_rule_id\": \"D150C_M5_ret_6h_bps_GEQ35__trend_50_100_bps_GEQ35\",\n      \"last_outcome\": \"LOSS\"\n    },\n    {\n      \"family_key\": \"D150C_M5_trend_8_20_bps__trend_50_100_bps\",\n      \"closed_trade_count\": 1,\n      \"total_bps\": -50.52,\n      \"mean_bps\": -50.52,\n      \"total_net_profit\": -21.22,\n      \"last_rule_id\": \"D150C_M5_trend_8_20_bps_GEQ65__trend_50_100_bps_GEQ35\",\n      \"last_outcome\": \"LOSS\"\n    }\n  ],\n  \"repo_kv\": \"/Users/vahid/Desktop/xauusd-trader/data/demo_execution/xauusd_stage155_m5_active_router_rule_state_kv.csv\",\n  \"repo_latest\": \"/Users/vahid/Desktop/xauusd-trader/data/demo_execution/xauusd_stage155_m5_active_router_rule_state_latest.csv\",\n  \"mt5_kv_written\": true,\n  \"mt5_kv\": \"/Users/vahid/Library/Application Support/net.metaquotes.wine.metatrader5/drive_c/Program Files/MetaTrader 5/MQL5/Files/xauusd_stage155_m5_active_router_rule_state_kv.csv\",\n  \"mt5_latest\": \"/Users/vahid/Library/Application Support/net.metaquotes.wine.metatrader5/drive_c/Program Files/MetaTrader 5/MQL5/Files/xauusd_stage155_m5_active_router_rule_state_latest.csv\",\n  \"stage134_instruction\": {\n    \"InpRuleStateKvFile\": \"xauusd_stage155_m5_active_router_rule_state_kv.csv\",\n    \"InpAllowedRules\": \"all\",\n    \"keep_InpEnableDemoOrders\": \"true only on demo account\"\n  },\n  \"summary_json\": \"/Users/vahid/Desktop/xauusd-trader/reports/stage155_active_router_demo_risk_guard/m5/stage155_active_router_demo_risk_guard_summary.json\",\n  \"next\": [\n    \"Use this Stage157-hardened router behind Stage156; it preserves Stage155 KV filename so Stage134 input does not need to change.\",\n    \"If global_gate_freeze_active is true, keep demo orders blocked and repair discovery before re-enabling routing.\"\n  ]\n}\n",
      "stderr_tail": ""
    }
  ],
  "next": [
    "If classification is NO_ACTIVE_RULE, keep Stage155 running and do not patch unless inactivity is commercially unacceptable over a defined window.",
    "If classification is SOURCE_STALE or BLOCKED_STALE, update the M5 CSV and run this unifier again.",
    "Use --db-update-command only after identifying the repo's current AMarkets DB updater command."
  ]
}
{
  "stage": "Stage156_OPERATIONAL_UNIFIER",
  "generated_utc": "2026-07-08T10:51:22Z",
  "status": "STAGE156_COMPLETE_OPERATIONAL_UNIFIER_READY",
  "classification": "BLOCKED_STALE",
  "reason": "Stage134 blocked because feature_date is stale; update source CSV or ensure router scheduler is running.",
  "root": "/Users/vahid/Desktop/xauusd-trader",
  "mt5_files": "/Users/vahid/Library/Application Support/net.metaquotes.wine.metatrader5/drive_c/Program Files/MetaTrader 5/MQL5/Files",
  "source": {
    "bars_m5": "/Users/vahid/Downloads/xauusd_fundamental_event_inbox/amarkets_xauusd_5m.csv",
    "exists": true,
    "row_count_including_header_if_any": 318862,
    "last_line": "2026.07.08\t07:40:00\t4125.25\t4125.65\t4121.97\t4123.09\t307\t0\t36",
    "raw_latest_time": "2026-07-08T07:40:00Z",
    "timestamp_shift_hours": -3.0,
    "normalized_latest_time": "2026-07-08T04:40:00Z",
    "feature_age_sec": 22283,
    "max_feature_age_sec": 7200,
    "source_fresh": false
  },
  "router": {
    "cmd": "/Library/Frameworks/Python.framework/Versions/3.14/bin/python3 app/stage154_active_shortlist_rule_router.py --root /Users/vahid/Desktop/xauusd-trader --bars /Users/vahid/Downloads/xauusd_fundamental_event_inbox/amarkets_xauusd_5m.csv --score-csv /Users/vahid/Desktop/xauusd-trader/reports/stage150_mtf_separated_validation_discovery/m5/stage150_candidate_scores.csv --risk-summary /Users/vahid/Desktop/xauusd-trader/reports/stage145_clean_ledger_performance_gate/stage145_clean_ledger_performance_gate_summary.json --tf m5 --timeframe-minutes 5 --max-feature-age-sec 7200 --timestamp-shift-hours -3.0 --write-mt5",
    "kv_path": "/Users/vahid/Library/Application Support/net.metaquotes.wine.metatrader5/drive_c/Program Files/MetaTrader 5/MQL5/Files/xauusd_stage155_m5_active_router_rule_state_kv.csv",
    "decision": "STAGE157_GLOBAL_PERFORMANCE_FREEZE_NO_ORDER",
    "any_signal_active": "false",
    "selected_rule_id": "",
    "selected_family_key": "",
    "active_shortlist_count": "92",
    "eligible_shortlist_count": "188",
    "risk_blocked_family_count": "5"
  },
  "stage134": {
    "kv_path": "/Users/vahid/Library/Application Support/net.metaquotes.wine.metatrader5/drive_c/Program Files/MetaTrader 5/MQL5/Files/xauusd_stage134_demo_executor_status_kv.csv",
    "decision": "BLOCKED_SIGNAL_STALE",
    "reason": "feature_date is stale/missing/unparseable; freshness is based on feature_date UTC, not file modified time",
    "feature_date": "2026-07-08T04:40:00Z",
    "signal_fresh": "false",
    "signal_age_sec": "22308",
    "any_signal_active": "false",
    "open_positions": "0",
    "last_success_signal_key": "2026-07-08T04:40:00Z|D150C_M5_ret_6h_bps_GEQ35__trend_50_100_bps_GEQ35",
    "last_attempt_signal_key": "2026-07-08T04:40:00Z|D150C_M5_ret_6h_bps_GEQ35__trend_50_100_bps_GEQ35"
  },
  "commands": [
    {
      "cmd": "/Library/Frameworks/Python.framework/Versions/3.14/bin/python3 app/stage154_active_shortlist_rule_router.py --root /Users/vahid/Desktop/xauusd-trader --bars /Users/vahid/Downloads/xauusd_fundamental_event_inbox/amarkets_xauusd_5m.csv --score-csv /Users/vahid/Desktop/xauusd-trader/reports/stage150_mtf_separated_validation_discovery/m5/stage150_candidate_scores.csv --risk-summary /Users/vahid/Desktop/xauusd-trader/reports/stage145_clean_ledger_performance_gate/stage145_clean_ledger_performance_gate_summary.json --tf m5 --timeframe-minutes 5 --max-feature-age-sec 7200 --timestamp-shift-hours -3.0 --write-mt5",
      "started_utc": "2026-07-08T10:51:23Z",
      "finished_utc": "2026-07-08T10:51:49Z",
      "returncode": 0,
      "stdout_tail": "performance_gate/stage145_clean_ledger_performance_gate_summary.json\",\n  \"global_freeze_guard\": true,\n  \"global_gate_freeze_active\": true,\n  \"global_gate_info\": {\n    \"global_gate_freeze_active\": true,\n    \"global_gate_reason\": \"Stage145 aggregate gate requires freeze/repair: gate_decision=STAGE145_FREEZE_REPAIR_RULE_NEGATIVE_EXPECTANCY; recommended_action=FREEZE_CURRENT_RULE_AND_REPAIR_DISCOVERY; severity=HIGH; closed_trade_count=13; total_bps=-78.3; mean_bps=-6.02; win_rate=0.4615\",\n    \"global_gate_decision\": \"STAGE145_FREEZE_REPAIR_RULE_NEGATIVE_EXPECTANCY\",\n    \"global_recommended_action\": \"FREEZE_CURRENT_RULE_AND_REPAIR_DISCOVERY\",\n    \"global_severity\": \"HIGH\",\n    \"global_closed_trade_count\": 13,\n    \"global_total_bps\": -78.3,\n    \"global_mean_bps\": -6.02,\n    \"global_win_rate\": 0.4615,\n    \"min_global_gate_trades\": 10\n  },\n  \"block_negative_demo_families\": true,\n  \"risk_blocked_family_count\": 5,\n  \"risk_blocked_candidate_count\": 36,\n  \"blocked_family_keys\": [\n    \"D138C_ret_48h_bps__trend_50_100_bps\",\n    \"D150C_M5_ret_12h_bps__trend_50_100_bps\",\n    \"D150C_M5_ret_3h_bps__ret_24h_bps\",\n    \"D150C_M5_ret_6h_bps__trend_50_100_bps\",\n    \"D150C_M5_trend_8_20_bps__trend_50_100_bps\"\n  ],\n  \"blocked_family_rows\": [\n    {\n      \"family_key\": \"D138C_ret_48h_bps__trend_50_100_bps\",\n      \"closed_trade_count\": 6,\n      \"total_bps\": -1.29,\n      \"mean_bps\": -0.21,\n      \"total_net_profit\": -0.94,\n      \"last_rule_id\": \"D138C_ret_48h_bps_GEQ65__trend_50_100_bps_LEQ65\",\n      \"last_outcome\": \"PROFIT\"\n    },\n    {\n      \"family_key\": \"D150C_M5_ret_12h_bps__trend_50_100_bps\",\n      \"closed_trade_count\": 1,\n      \"total_bps\": -57.1,\n      \"mean_bps\": -57.1,\n      \"total_net_profit\": -23.65,\n      \"last_rule_id\": \"D150C_M5_ret_12h_bps_GEQ35__trend_50_100_bps_GEQ35\",\n      \"last_outcome\": \"LOSS\"\n    },\n    {\n      \"family_key\": \"D150C_M5_ret_3h_bps__ret_24h_bps\",\n      \"closed_trade_count\": 1,\n      \"total_bps\": -19.35,\n      \"mean_bps\": -19.35,\n      \"total_net_profit\": -8.72,\n      \"last_rule_id\": \"D150C_M5_ret_3h_bps_GEQ65__ret_24h_bps_GEQ35\",\n      \"last_outcome\": \"LOSS\"\n    },\n    {\n      \"family_key\": \"D150C_M5_ret_6h_bps__trend_50_100_bps\",\n      \"closed_trade_count\": 1,\n      \"total_bps\": -68.58,\n      \"mean_bps\": -68.58,\n      \"total_net_profit\": -28.3,\n      \"last_rule_id\": \"D150C_M5_ret_6h_bps_GEQ35__trend_50_100_bps_GEQ35\",\n      \"last_outcome\": \"LOSS\"\n    },\n    {\n      \"family_key\": \"D150C_M5_trend_8_20_bps__trend_50_100_bps\",\n      \"closed_trade_count\": 1,\n      \"total_bps\": -50.52,\n      \"mean_bps\": -50.52,\n      \"total_net_profit\": -21.22,\n      \"last_rule_id\": \"D150C_M5_trend_8_20_bps_GEQ65__trend_50_100_bps_GEQ35\",\n      \"last_outcome\": \"LOSS\"\n    }\n  ],\n  \"repo_kv\": \"/Users/vahid/Desktop/xauusd-trader/data/demo_execution/xauusd_stage155_m5_active_router_rule_state_kv.csv\",\n  \"repo_latest\": \"/Users/vahid/Desktop/xauusd-trader/data/demo_execution/xauusd_stage155_m5_active_router_rule_state_latest.csv\",\n  \"mt5_kv_written\": true,\n  \"mt5_kv\": \"/Users/vahid/Library/Application Support/net.metaquotes.wine.metatrader5/drive_c/Program Files/MetaTrader 5/MQL5/Files/xauusd_stage155_m5_active_router_rule_state_kv.csv\",\n  \"mt5_latest\": \"/Users/vahid/Library/Application Support/net.metaquotes.wine.metatrader5/drive_c/Program Files/MetaTrader 5/MQL5/Files/xauusd_stage155_m5_active_router_rule_state_latest.csv\",\n  \"stage134_instruction\": {\n    \"InpRuleStateKvFile\": \"xauusd_stage155_m5_active_router_rule_state_kv.csv\",\n    \"InpAllowedRules\": \"all\",\n    \"keep_InpEnableDemoOrders\": \"true only on demo account\"\n  },\n  \"summary_json\": \"/Users/vahid/Desktop/xauusd-trader/reports/stage155_active_router_demo_risk_guard/m5/stage155_active_router_demo_risk_guard_summary.json\",\n  \"next\": [\n    \"Use this Stage157-hardened router behind Stage156; it preserves Stage155 KV filename so Stage134 input does not need to change.\",\n    \"If global_gate_freeze_active is true, keep demo orders blocked and repair discovery before re-enabling routing.\"\n  ]\n}\n",
      "stderr_tail": ""
    }
  ],
  "next": [
    "If classification is NO_ACTIVE_RULE, keep Stage155 running and do not patch unless inactivity is commercially unacceptable over a defined window.",
    "If classification is SOURCE_STALE or BLOCKED_STALE, update the M5 CSV and run this unifier again.",
    "Use --db-update-command only after identifying the repo's current AMarkets DB updater command."
  ]
}
{
  "stage": "Stage156_OPERATIONAL_UNIFIER",
  "generated_utc": "2026-07-08T10:56:52Z",
  "status": "STAGE156_COMPLETE_OPERATIONAL_UNIFIER_READY",
  "classification": "BLOCKED_STALE",
  "reason": "Stage134 blocked because feature_date is stale; update source CSV or ensure router scheduler is running.",
  "root": "/Users/vahid/Desktop/xauusd-trader",
  "mt5_files": "/Users/vahid/Library/Application Support/net.metaquotes.wine.metatrader5/drive_c/Program Files/MetaTrader 5/MQL5/Files",
  "source": {
    "bars_m5": "/Users/vahid/Downloads/xauusd_fundamental_event_inbox/amarkets_xauusd_5m.csv",
    "exists": true,
    "row_count_including_header_if_any": 318862,
    "last_line": "2026.07.08\t07:40:00\t4125.25\t4125.65\t4121.97\t4123.09\t307\t0\t36",
    "raw_latest_time": "2026-07-08T07:40:00Z",
    "timestamp_shift_hours": -3.0,
    "normalized_latest_time": "2026-07-08T04:40:00Z",
    "feature_age_sec": 22612,
    "max_feature_age_sec": 7200,
    "source_fresh": false
  },
  "router": {
    "cmd": "/Library/Frameworks/Python.framework/Versions/3.14/bin/python3 app/stage154_active_shortlist_rule_router.py --root /Users/vahid/Desktop/xauusd-trader --bars /Users/vahid/Downloads/xauusd_fundamental_event_inbox/amarkets_xauusd_5m.csv --score-csv /Users/vahid/Desktop/xauusd-trader/reports/stage150_mtf_separated_validation_discovery/m5/stage150_candidate_scores.csv --risk-summary /Users/vahid/Desktop/xauusd-trader/reports/stage145_clean_ledger_performance_gate/stage145_clean_ledger_performance_gate_summary.json --tf m5 --timeframe-minutes 5 --max-feature-age-sec 7200 --timestamp-shift-hours -3.0 --write-mt5",
    "kv_path": "/Users/vahid/Library/Application Support/net.metaquotes.wine.metatrader5/drive_c/Program Files/MetaTrader 5/MQL5/Files/xauusd_stage155_m5_active_router_rule_state_kv.csv",
    "decision": "STAGE157_GLOBAL_PERFORMANCE_FREEZE_NO_ORDER",
    "any_signal_active": "false",
    "selected_rule_id": "",
    "selected_family_key": "",
    "active_shortlist_count": "92",
    "eligible_shortlist_count": "188",
    "risk_blocked_family_count": "5"
  },
  "stage134": {
    "kv_path": "/Users/vahid/Library/Application Support/net.metaquotes.wine.metatrader5/drive_c/Program Files/MetaTrader 5/MQL5/Files/xauusd_stage134_demo_executor_status_kv.csv",
    "decision": "BLOCKED_SIGNAL_STALE",
    "reason": "feature_date is stale/missing/unparseable; freshness is based on feature_date UTC, not file modified time",
    "feature_date": "2026-07-08T04:40:00Z",
    "signal_fresh": "false",
    "signal_age_sec": "22625",
    "any_signal_active": "false",
    "open_positions": "0",
    "last_success_signal_key": "2026-07-08T04:40:00Z|D150C_M5_ret_6h_bps_GEQ35__trend_50_100_bps_GEQ35",
    "last_attempt_signal_key": "2026-07-08T04:40:00Z|D150C_M5_ret_6h_bps_GEQ35__trend_50_100_bps_GEQ35"
  },
  "commands": [
    {
      "cmd": "/Library/Frameworks/Python.framework/Versions/3.14/bin/python3 app/stage154_active_shortlist_rule_router.py --root /Users/vahid/Desktop/xauusd-trader --bars /Users/vahid/Downloads/xauusd_fundamental_event_inbox/amarkets_xauusd_5m.csv --score-csv /Users/vahid/Desktop/xauusd-trader/reports/stage150_mtf_separated_validation_discovery/m5/stage150_candidate_scores.csv --risk-summary /Users/vahid/Desktop/xauusd-trader/reports/stage145_clean_ledger_performance_gate/stage145_clean_ledger_performance_gate_summary.json --tf m5 --timeframe-minutes 5 --max-feature-age-sec 7200 --timestamp-shift-hours -3.0 --write-mt5",
      "started_utc": "2026-07-08T10:56:52Z",
      "finished_utc": "2026-07-08T10:57:09Z",
      "returncode": 0,
      "stdout_tail": "performance_gate/stage145_clean_ledger_performance_gate_summary.json\",\n  \"global_freeze_guard\": true,\n  \"global_gate_freeze_active\": true,\n  \"global_gate_info\": {\n    \"global_gate_freeze_active\": true,\n    \"global_gate_reason\": \"Stage145 aggregate gate requires freeze/repair: gate_decision=STAGE145_FREEZE_REPAIR_RULE_NEGATIVE_EXPECTANCY; recommended_action=FREEZE_CURRENT_RULE_AND_REPAIR_DISCOVERY; severity=HIGH; closed_trade_count=13; total_bps=-78.3; mean_bps=-6.02; win_rate=0.4615\",\n    \"global_gate_decision\": \"STAGE145_FREEZE_REPAIR_RULE_NEGATIVE_EXPECTANCY\",\n    \"global_recommended_action\": \"FREEZE_CURRENT_RULE_AND_REPAIR_DISCOVERY\",\n    \"global_severity\": \"HIGH\",\n    \"global_closed_trade_count\": 13,\n    \"global_total_bps\": -78.3,\n    \"global_mean_bps\": -6.02,\n    \"global_win_rate\": 0.4615,\n    \"min_global_gate_trades\": 10\n  },\n  \"block_negative_demo_families\": true,\n  \"risk_blocked_family_count\": 5,\n  \"risk_blocked_candidate_count\": 36,\n  \"blocked_family_keys\": [\n    \"D138C_ret_48h_bps__trend_50_100_bps\",\n    \"D150C_M5_ret_12h_bps__trend_50_100_bps\",\n    \"D150C_M5_ret_3h_bps__ret_24h_bps\",\n    \"D150C_M5_ret_6h_bps__trend_50_100_bps\",\n    \"D150C_M5_trend_8_20_bps__trend_50_100_bps\"\n  ],\n  \"blocked_family_rows\": [\n    {\n      \"family_key\": \"D138C_ret_48h_bps__trend_50_100_bps\",\n      \"closed_trade_count\": 6,\n      \"total_bps\": -1.29,\n      \"mean_bps\": -0.21,\n      \"total_net_profit\": -0.94,\n      \"last_rule_id\": \"D138C_ret_48h_bps_GEQ65__trend_50_100_bps_LEQ65\",\n      \"last_outcome\": \"PROFIT\"\n    },\n    {\n      \"family_key\": \"D150C_M5_ret_12h_bps__trend_50_100_bps\",\n      \"closed_trade_count\": 1,\n      \"total_bps\": -57.1,\n      \"mean_bps\": -57.1,\n      \"total_net_profit\": -23.65,\n      \"last_rule_id\": \"D150C_M5_ret_12h_bps_GEQ35__trend_50_100_bps_GEQ35\",\n      \"last_outcome\": \"LOSS\"\n    },\n    {\n      \"family_key\": \"D150C_M5_ret_3h_bps__ret_24h_bps\",\n      \"closed_trade_count\": 1,\n      \"total_bps\": -19.35,\n      \"mean_bps\": -19.35,\n      \"total_net_profit\": -8.72,\n      \"last_rule_id\": \"D150C_M5_ret_3h_bps_GEQ65__ret_24h_bps_GEQ35\",\n      \"last_outcome\": \"LOSS\"\n    },\n    {\n      \"family_key\": \"D150C_M5_ret_6h_bps__trend_50_100_bps\",\n      \"closed_trade_count\": 1,\n      \"total_bps\": -68.58,\n      \"mean_bps\": -68.58,\n      \"total_net_profit\": -28.3,\n      \"last_rule_id\": \"D150C_M5_ret_6h_bps_GEQ35__trend_50_100_bps_GEQ35\",\n      \"last_outcome\": \"LOSS\"\n    },\n    {\n      \"family_key\": \"D150C_M5_trend_8_20_bps__trend_50_100_bps\",\n      \"closed_trade_count\": 1,\n      \"total_bps\": -50.52,\n      \"mean_bps\": -50.52,\n      \"total_net_profit\": -21.22,\n      \"last_rule_id\": \"D150C_M5_trend_8_20_bps_GEQ65__trend_50_100_bps_GEQ35\",\n      \"last_outcome\": \"LOSS\"\n    }\n  ],\n  \"repo_kv\": \"/Users/vahid/Desktop/xauusd-trader/data/demo_execution/xauusd_stage155_m5_active_router_rule_state_kv.csv\",\n  \"repo_latest\": \"/Users/vahid/Desktop/xauusd-trader/data/demo_execution/xauusd_stage155_m5_active_router_rule_state_latest.csv\",\n  \"mt5_kv_written\": true,\n  \"mt5_kv\": \"/Users/vahid/Library/Application Support/net.metaquotes.wine.metatrader5/drive_c/Program Files/MetaTrader 5/MQL5/Files/xauusd_stage155_m5_active_router_rule_state_kv.csv\",\n  \"mt5_latest\": \"/Users/vahid/Library/Application Support/net.metaquotes.wine.metatrader5/drive_c/Program Files/MetaTrader 5/MQL5/Files/xauusd_stage155_m5_active_router_rule_state_latest.csv\",\n  \"stage134_instruction\": {\n    \"InpRuleStateKvFile\": \"xauusd_stage155_m5_active_router_rule_state_kv.csv\",\n    \"InpAllowedRules\": \"all\",\n    \"keep_InpEnableDemoOrders\": \"true only on demo account\"\n  },\n  \"summary_json\": \"/Users/vahid/Desktop/xauusd-trader/reports/stage155_active_router_demo_risk_guard/m5/stage155_active_router_demo_risk_guard_summary.json\",\n  \"next\": [\n    \"Use this Stage157-hardened router behind Stage156; it preserves Stage155 KV filename so Stage134 input does not need to change.\",\n    \"If global_gate_freeze_active is true, keep demo orders blocked and repair discovery before re-enabling routing.\"\n  ]\n}\n",
      "stderr_tail": ""
    }
  ],
  "next": [
    "If classification is NO_ACTIVE_RULE, keep Stage155 running and do not patch unless inactivity is commercially unacceptable over a defined window.",
    "If classification is SOURCE_STALE or BLOCKED_STALE, update the M5 CSV and run this unifier again.",
    "Use --db-update-command only after identifying the repo's current AMarkets DB updater command."
  ]
}
{
  "stage": "Stage156_OPERATIONAL_UNIFIER",
  "generated_utc": "2026-07-08T11:02:12Z",
  "status": "STAGE156_COMPLETE_OPERATIONAL_UNIFIER_READY",
  "classification": "BLOCKED_STALE",
  "reason": "Stage134 blocked because feature_date is stale; update source CSV or ensure router scheduler is running.",
  "root": "/Users/vahid/Desktop/xauusd-trader",
  "mt5_files": "/Users/vahid/Library/Application Support/net.metaquotes.wine.metatrader5/drive_c/Program Files/MetaTrader 5/MQL5/Files",
  "source": {
    "bars_m5": "/Users/vahid/Downloads/xauusd_fundamental_event_inbox/amarkets_xauusd_5m.csv",
    "exists": true,
    "row_count_including_header_if_any": 318862,
    "last_line": "2026.07.08\t07:40:00\t4125.25\t4125.65\t4121.97\t4123.09\t307\t0\t36",
    "raw_latest_time": "2026-07-08T07:40:00Z",
    "timestamp_shift_hours": -3.0,
    "normalized_latest_time": "2026-07-08T04:40:00Z",
    "feature_age_sec": 22932,
    "max_feature_age_sec": 7200,
    "source_fresh": false
  },
  "router": {
    "cmd": "/Library/Frameworks/Python.framework/Versions/3.14/bin/python3 app/stage154_active_shortlist_rule_router.py --root /Users/vahid/Desktop/xauusd-trader --bars /Users/vahid/Downloads/xauusd_fundamental_event_inbox/amarkets_xauusd_5m.csv --score-csv /Users/vahid/Desktop/xauusd-trader/reports/stage150_mtf_separated_validation_discovery/m5/stage150_candidate_scores.csv --risk-summary /Users/vahid/Desktop/xauusd-trader/reports/stage145_clean_ledger_performance_gate/stage145_clean_ledger_performance_gate_summary.json --tf m5 --timeframe-minutes 5 --max-feature-age-sec 7200 --timestamp-shift-hours -3.0 --write-mt5",
    "kv_path": "/Users/vahid/Library/Application Support/net.metaquotes.wine.metatrader5/drive_c/Program Files/MetaTrader 5/MQL5/Files/xauusd_stage155_m5_active_router_rule_state_kv.csv",
    "decision": "STAGE157_GLOBAL_PERFORMANCE_FREEZE_NO_ORDER",
    "any_signal_active": "false",
    "selected_rule_id": "",
    "selected_family_key": "",
    "active_shortlist_count": "92",
    "eligible_shortlist_count": "188",
    "risk_blocked_family_count": "5"
  },
  "stage134": {
    "kv_path": "/Users/vahid/Library/Application Support/net.metaquotes.wine.metatrader5/drive_c/Program Files/MetaTrader 5/MQL5/Files/xauusd_stage134_demo_executor_status_kv.csv",
    "decision": "BLOCKED_SIGNAL_STALE",
    "reason": "feature_date is stale/missing/unparseable; freshness is based on feature_date UTC, not file modified time",
    "feature_date": "2026-07-08T04:40:00Z",
    "signal_fresh": "false",
    "signal_age_sec": "22938",
    "any_signal_active": "false",
    "open_positions": "0",
    "last_success_signal_key": "2026-07-08T04:40:00Z|D150C_M5_ret_6h_bps_GEQ35__trend_50_100_bps_GEQ35",
    "last_attempt_signal_key": "2026-07-08T04:40:00Z|D150C_M5_ret_6h_bps_GEQ35__trend_50_100_bps_GEQ35"
  },
  "commands": [
    {
      "cmd": "/Library/Frameworks/Python.framework/Versions/3.14/bin/python3 app/stage154_active_shortlist_rule_router.py --root /Users/vahid/Desktop/xauusd-trader --bars /Users/vahid/Downloads/xauusd_fundamental_event_inbox/amarkets_xauusd_5m.csv --score-csv /Users/vahid/Desktop/xauusd-trader/reports/stage150_mtf_separated_validation_discovery/m5/stage150_candidate_scores.csv --risk-summary /Users/vahid/Desktop/xauusd-trader/reports/stage145_clean_ledger_performance_gate/stage145_clean_ledger_performance_gate_summary.json --tf m5 --timeframe-minutes 5 --max-feature-age-sec 7200 --timestamp-shift-hours -3.0 --write-mt5",
      "started_utc": "2026-07-08T11:02:12Z",
      "finished_utc": "2026-07-08T11:02:23Z",
      "returncode": 0,
      "stdout_tail": "performance_gate/stage145_clean_ledger_performance_gate_summary.json\",\n  \"global_freeze_guard\": true,\n  \"global_gate_freeze_active\": true,\n  \"global_gate_info\": {\n    \"global_gate_freeze_active\": true,\n    \"global_gate_reason\": \"Stage145 aggregate gate requires freeze/repair: gate_decision=STAGE145_FREEZE_REPAIR_RULE_NEGATIVE_EXPECTANCY; recommended_action=FREEZE_CURRENT_RULE_AND_REPAIR_DISCOVERY; severity=HIGH; closed_trade_count=13; total_bps=-78.3; mean_bps=-6.02; win_rate=0.4615\",\n    \"global_gate_decision\": \"STAGE145_FREEZE_REPAIR_RULE_NEGATIVE_EXPECTANCY\",\n    \"global_recommended_action\": \"FREEZE_CURRENT_RULE_AND_REPAIR_DISCOVERY\",\n    \"global_severity\": \"HIGH\",\n    \"global_closed_trade_count\": 13,\n    \"global_total_bps\": -78.3,\n    \"global_mean_bps\": -6.02,\n    \"global_win_rate\": 0.4615,\n    \"min_global_gate_trades\": 10\n  },\n  \"block_negative_demo_families\": true,\n  \"risk_blocked_family_count\": 5,\n  \"risk_blocked_candidate_count\": 36,\n  \"blocked_family_keys\": [\n    \"D138C_ret_48h_bps__trend_50_100_bps\",\n    \"D150C_M5_ret_12h_bps__trend_50_100_bps\",\n    \"D150C_M5_ret_3h_bps__ret_24h_bps\",\n    \"D150C_M5_ret_6h_bps__trend_50_100_bps\",\n    \"D150C_M5_trend_8_20_bps__trend_50_100_bps\"\n  ],\n  \"blocked_family_rows\": [\n    {\n      \"family_key\": \"D138C_ret_48h_bps__trend_50_100_bps\",\n      \"closed_trade_count\": 6,\n      \"total_bps\": -1.29,\n      \"mean_bps\": -0.21,\n      \"total_net_profit\": -0.94,\n      \"last_rule_id\": \"D138C_ret_48h_bps_GEQ65__trend_50_100_bps_LEQ65\",\n      \"last_outcome\": \"PROFIT\"\n    },\n    {\n      \"family_key\": \"D150C_M5_ret_12h_bps__trend_50_100_bps\",\n      \"closed_trade_count\": 1,\n      \"total_bps\": -57.1,\n      \"mean_bps\": -57.1,\n      \"total_net_profit\": -23.65,\n      \"last_rule_id\": \"D150C_M5_ret_12h_bps_GEQ35__trend_50_100_bps_GEQ35\",\n      \"last_outcome\": \"LOSS\"\n    },\n    {\n      \"family_key\": \"D150C_M5_ret_3h_bps__ret_24h_bps\",\n      \"closed_trade_count\": 1,\n      \"total_bps\": -19.35,\n      \"mean_bps\": -19.35,\n      \"total_net_profit\": -8.72,\n      \"last_rule_id\": \"D150C_M5_ret_3h_bps_GEQ65__ret_24h_bps_GEQ35\",\n      \"last_outcome\": \"LOSS\"\n    },\n    {\n      \"family_key\": \"D150C_M5_ret_6h_bps__trend_50_100_bps\",\n      \"closed_trade_count\": 1,\n      \"total_bps\": -68.58,\n      \"mean_bps\": -68.58,\n      \"total_net_profit\": -28.3,\n      \"last_rule_id\": \"D150C_M5_ret_6h_bps_GEQ35__trend_50_100_bps_GEQ35\",\n      \"last_outcome\": \"LOSS\"\n    },\n    {\n      \"family_key\": \"D150C_M5_trend_8_20_bps__trend_50_100_bps\",\n      \"closed_trade_count\": 1,\n      \"total_bps\": -50.52,\n      \"mean_bps\": -50.52,\n      \"total_net_profit\": -21.22,\n      \"last_rule_id\": \"D150C_M5_trend_8_20_bps_GEQ65__trend_50_100_bps_GEQ35\",\n      \"last_outcome\": \"LOSS\"\n    }\n  ],\n  \"repo_kv\": \"/Users/vahid/Desktop/xauusd-trader/data/demo_execution/xauusd_stage155_m5_active_router_rule_state_kv.csv\",\n  \"repo_latest\": \"/Users/vahid/Desktop/xauusd-trader/data/demo_execution/xauusd_stage155_m5_active_router_rule_state_latest.csv\",\n  \"mt5_kv_written\": true,\n  \"mt5_kv\": \"/Users/vahid/Library/Application Support/net.metaquotes.wine.metatrader5/drive_c/Program Files/MetaTrader 5/MQL5/Files/xauusd_stage155_m5_active_router_rule_state_kv.csv\",\n  \"mt5_latest\": \"/Users/vahid/Library/Application Support/net.metaquotes.wine.metatrader5/drive_c/Program Files/MetaTrader 5/MQL5/Files/xauusd_stage155_m5_active_router_rule_state_latest.csv\",\n  \"stage134_instruction\": {\n    \"InpRuleStateKvFile\": \"xauusd_stage155_m5_active_router_rule_state_kv.csv\",\n    \"InpAllowedRules\": \"all\",\n    \"keep_InpEnableDemoOrders\": \"true only on demo account\"\n  },\n  \"summary_json\": \"/Users/vahid/Desktop/xauusd-trader/reports/stage155_active_router_demo_risk_guard/m5/stage155_active_router_demo_risk_guard_summary.json\",\n  \"next\": [\n    \"Use this Stage157-hardened router behind Stage156; it preserves Stage155 KV filename so Stage134 input does not need to change.\",\n    \"If global_gate_freeze_active is true, keep demo orders blocked and repair discovery before re-enabling routing.\"\n  ]\n}\n",
      "stderr_tail": ""
    }
  ],
  "next": [
    "If classification is NO_ACTIVE_RULE, keep Stage155 running and do not patch unless inactivity is commercially unacceptable over a defined window.",
    "If classification is SOURCE_STALE or BLOCKED_STALE, update the M5 CSV and run this unifier again.",
    "Use --db-update-command only after identifying the repo's current AMarkets DB updater command."
  ]
}
{
  "stage": "Stage156_OPERATIONAL_UNIFIER",
  "generated_utc": "2026-07-08T11:07:26Z",
  "status": "STAGE156_COMPLETE_OPERATIONAL_UNIFIER_READY",
  "classification": "BLOCKED_STALE",
  "reason": "Stage134 blocked because feature_date is stale; update source CSV or ensure router scheduler is running.",
  "root": "/Users/vahid/Desktop/xauusd-trader",
  "mt5_files": "/Users/vahid/Library/Application Support/net.metaquotes.wine.metatrader5/drive_c/Program Files/MetaTrader 5/MQL5/Files",
  "source": {
    "bars_m5": "/Users/vahid/Downloads/xauusd_fundamental_event_inbox/amarkets_xauusd_5m.csv",
    "exists": true,
    "row_count_including_header_if_any": 318862,
    "last_line": "2026.07.08\t07:40:00\t4125.25\t4125.65\t4121.97\t4123.09\t307\t0\t36",
    "raw_latest_time": "2026-07-08T07:40:00Z",
    "timestamp_shift_hours": -3.0,
    "normalized_latest_time": "2026-07-08T04:40:00Z",
    "feature_age_sec": 23247,
    "max_feature_age_sec": 7200,
    "source_fresh": false
  },
  "router": {
    "cmd": "/Library/Frameworks/Python.framework/Versions/3.14/bin/python3 app/stage154_active_shortlist_rule_router.py --root /Users/vahid/Desktop/xauusd-trader --bars /Users/vahid/Downloads/xauusd_fundamental_event_inbox/amarkets_xauusd_5m.csv --score-csv /Users/vahid/Desktop/xauusd-trader/reports/stage150_mtf_separated_validation_discovery/m5/stage150_candidate_scores.csv --risk-summary /Users/vahid/Desktop/xauusd-trader/reports/stage145_clean_ledger_performance_gate/stage145_clean_ledger_performance_gate_summary.json --tf m5 --timeframe-minutes 5 --max-feature-age-sec 7200 --timestamp-shift-hours -3.0 --write-mt5",
    "kv_path": "/Users/vahid/Library/Application Support/net.metaquotes.wine.metatrader5/drive_c/Program Files/MetaTrader 5/MQL5/Files/xauusd_stage155_m5_active_router_rule_state_kv.csv",
    "decision": "STAGE157_GLOBAL_PERFORMANCE_FREEZE_NO_ORDER",
    "any_signal_active": "false",
    "selected_rule_id": "",
    "selected_family_key": "",
    "active_shortlist_count": "92",
    "eligible_shortlist_count": "188",
    "risk_blocked_family_count": "5"
  },
  "stage134": {
    "kv_path": "/Users/vahid/Library/Application Support/net.metaquotes.wine.metatrader5/drive_c/Program Files/MetaTrader 5/MQL5/Files/xauusd_stage134_demo_executor_status_kv.csv",
    "decision": "BLOCKED_SIGNAL_STALE",
    "reason": "feature_date is stale/missing/unparseable; freshness is based on feature_date UTC, not file modified time",
    "feature_date": "2026-07-08T04:40:00Z",
    "signal_fresh": "false",
    "signal_age_sec": "23238",
    "any_signal_active": "false",
    "open_positions": "0",
    "last_success_signal_key": "2026-07-08T04:40:00Z|D150C_M5_ret_6h_bps_GEQ35__trend_50_100_bps_GEQ35",
    "last_attempt_signal_key": "2026-07-08T04:40:00Z|D150C_M5_ret_6h_bps_GEQ35__trend_50_100_bps_GEQ35"
  },
  "commands": [
    {
      "cmd": "/Library/Frameworks/Python.framework/Versions/3.14/bin/python3 app/stage154_active_shortlist_rule_router.py --root /Users/vahid/Desktop/xauusd-trader --bars /Users/vahid/Downloads/xauusd_fundamental_event_inbox/amarkets_xauusd_5m.csv --score-csv /Users/vahid/Desktop/xauusd-trader/reports/stage150_mtf_separated_validation_discovery/m5/stage150_candidate_scores.csv --risk-summary /Users/vahid/Desktop/xauusd-trader/reports/stage145_clean_ledger_performance_gate/stage145_clean_ledger_performance_gate_summary.json --tf m5 --timeframe-minutes 5 --max-feature-age-sec 7200 --timestamp-shift-hours -3.0 --write-mt5",
      "started_utc": "2026-07-08T11:07:27Z",
      "finished_utc": "2026-07-08T11:07:39Z",
      "returncode": 0,
      "stdout_tail": "performance_gate/stage145_clean_ledger_performance_gate_summary.json\",\n  \"global_freeze_guard\": true,\n  \"global_gate_freeze_active\": true,\n  \"global_gate_info\": {\n    \"global_gate_freeze_active\": true,\n    \"global_gate_reason\": \"Stage145 aggregate gate requires freeze/repair: gate_decision=STAGE145_FREEZE_REPAIR_RULE_NEGATIVE_EXPECTANCY; recommended_action=FREEZE_CURRENT_RULE_AND_REPAIR_DISCOVERY; severity=HIGH; closed_trade_count=13; total_bps=-78.3; mean_bps=-6.02; win_rate=0.4615\",\n    \"global_gate_decision\": \"STAGE145_FREEZE_REPAIR_RULE_NEGATIVE_EXPECTANCY\",\n    \"global_recommended_action\": \"FREEZE_CURRENT_RULE_AND_REPAIR_DISCOVERY\",\n    \"global_severity\": \"HIGH\",\n    \"global_closed_trade_count\": 13,\n    \"global_total_bps\": -78.3,\n    \"global_mean_bps\": -6.02,\n    \"global_win_rate\": 0.4615,\n    \"min_global_gate_trades\": 10\n  },\n  \"block_negative_demo_families\": true,\n  \"risk_blocked_family_count\": 5,\n  \"risk_blocked_candidate_count\": 36,\n  \"blocked_family_keys\": [\n    \"D138C_ret_48h_bps__trend_50_100_bps\",\n    \"D150C_M5_ret_12h_bps__trend_50_100_bps\",\n    \"D150C_M5_ret_3h_bps__ret_24h_bps\",\n    \"D150C_M5_ret_6h_bps__trend_50_100_bps\",\n    \"D150C_M5_trend_8_20_bps__trend_50_100_bps\"\n  ],\n  \"blocked_family_rows\": [\n    {\n      \"family_key\": \"D138C_ret_48h_bps__trend_50_100_bps\",\n      \"closed_trade_count\": 6,\n      \"total_bps\": -1.29,\n      \"mean_bps\": -0.21,\n      \"total_net_profit\": -0.94,\n      \"last_rule_id\": \"D138C_ret_48h_bps_GEQ65__trend_50_100_bps_LEQ65\",\n      \"last_outcome\": \"PROFIT\"\n    },\n    {\n      \"family_key\": \"D150C_M5_ret_12h_bps__trend_50_100_bps\",\n      \"closed_trade_count\": 1,\n      \"total_bps\": -57.1,\n      \"mean_bps\": -57.1,\n      \"total_net_profit\": -23.65,\n      \"last_rule_id\": \"D150C_M5_ret_12h_bps_GEQ35__trend_50_100_bps_GEQ35\",\n      \"last_outcome\": \"LOSS\"\n    },\n    {\n      \"family_key\": \"D150C_M5_ret_3h_bps__ret_24h_bps\",\n      \"closed_trade_count\": 1,\n      \"total_bps\": -19.35,\n      \"mean_bps\": -19.35,\n      \"total_net_profit\": -8.72,\n      \"last_rule_id\": \"D150C_M5_ret_3h_bps_GEQ65__ret_24h_bps_GEQ35\",\n      \"last_outcome\": \"LOSS\"\n    },\n    {\n      \"family_key\": \"D150C_M5_ret_6h_bps__trend_50_100_bps\",\n      \"closed_trade_count\": 1,\n      \"total_bps\": -68.58,\n      \"mean_bps\": -68.58,\n      \"total_net_profit\": -28.3,\n      \"last_rule_id\": \"D150C_M5_ret_6h_bps_GEQ35__trend_50_100_bps_GEQ35\",\n      \"last_outcome\": \"LOSS\"\n    },\n    {\n      \"family_key\": \"D150C_M5_trend_8_20_bps__trend_50_100_bps\",\n      \"closed_trade_count\": 1,\n      \"total_bps\": -50.52,\n      \"mean_bps\": -50.52,\n      \"total_net_profit\": -21.22,\n      \"last_rule_id\": \"D150C_M5_trend_8_20_bps_GEQ65__trend_50_100_bps_GEQ35\",\n      \"last_outcome\": \"LOSS\"\n    }\n  ],\n  \"repo_kv\": \"/Users/vahid/Desktop/xauusd-trader/data/demo_execution/xauusd_stage155_m5_active_router_rule_state_kv.csv\",\n  \"repo_latest\": \"/Users/vahid/Desktop/xauusd-trader/data/demo_execution/xauusd_stage155_m5_active_router_rule_state_latest.csv\",\n  \"mt5_kv_written\": true,\n  \"mt5_kv\": \"/Users/vahid/Library/Application Support/net.metaquotes.wine.metatrader5/drive_c/Program Files/MetaTrader 5/MQL5/Files/xauusd_stage155_m5_active_router_rule_state_kv.csv\",\n  \"mt5_latest\": \"/Users/vahid/Library/Application Support/net.metaquotes.wine.metatrader5/drive_c/Program Files/MetaTrader 5/MQL5/Files/xauusd_stage155_m5_active_router_rule_state_latest.csv\",\n  \"stage134_instruction\": {\n    \"InpRuleStateKvFile\": \"xauusd_stage155_m5_active_router_rule_state_kv.csv\",\n    \"InpAllowedRules\": \"all\",\n    \"keep_InpEnableDemoOrders\": \"true only on demo account\"\n  },\n  \"summary_json\": \"/Users/vahid/Desktop/xauusd-trader/reports/stage155_active_router_demo_risk_guard/m5/stage155_active_router_demo_risk_guard_summary.json\",\n  \"next\": [\n    \"Use this Stage157-hardened router behind Stage156; it preserves Stage155 KV filename so Stage134 input does not need to change.\",\n    \"If global_gate_freeze_active is true, keep demo orders blocked and repair discovery before re-enabling routing.\"\n  ]\n}\n",
      "stderr_tail": ""
    }
  ],
  "next": [
    "If classification is NO_ACTIVE_RULE, keep Stage155 running and do not patch unless inactivity is commercially unacceptable over a defined window.",
    "If classification is SOURCE_STALE or BLOCKED_STALE, update the M5 CSV and run this unifier again.",
    "Use --db-update-command only after identifying the repo's current AMarkets DB updater command."
  ]
}
{
  "stage": "Stage156_OPERATIONAL_UNIFIER",
  "generated_utc": "2026-07-08T11:12:42Z",
  "status": "STAGE156_COMPLETE_OPERATIONAL_UNIFIER_READY",
  "classification": "BLOCKED_STALE",
  "reason": "Stage134 blocked because feature_date is stale; update source CSV or ensure router scheduler is running.",
  "root": "/Users/vahid/Desktop/xauusd-trader",
  "mt5_files": "/Users/vahid/Library/Application Support/net.metaquotes.wine.metatrader5/drive_c/Program Files/MetaTrader 5/MQL5/Files",
  "source": {
    "bars_m5": "/Users/vahid/Downloads/xauusd_fundamental_event_inbox/amarkets_xauusd_5m.csv",
    "exists": true,
    "row_count_including_header_if_any": 318862,
    "last_line": "2026.07.08\t07:40:00\t4125.25\t4125.65\t4121.97\t4123.09\t307\t0\t36",
    "raw_latest_time": "2026-07-08T07:40:00Z",
    "timestamp_shift_hours": -3.0,
    "normalized_latest_time": "2026-07-08T04:40:00Z",
    "feature_age_sec": 23562,
    "max_feature_age_sec": 7200,
    "source_fresh": false
  },
  "router": {
    "cmd": "/Library/Frameworks/Python.framework/Versions/3.14/bin/python3 app/stage154_active_shortlist_rule_router.py --root /Users/vahid/Desktop/xauusd-trader --bars /Users/vahid/Downloads/xauusd_fundamental_event_inbox/amarkets_xauusd_5m.csv --score-csv /Users/vahid/Desktop/xauusd-trader/reports/stage150_mtf_separated_validation_discovery/m5/stage150_candidate_scores.csv --risk-summary /Users/vahid/Desktop/xauusd-trader/reports/stage145_clean_ledger_performance_gate/stage145_clean_ledger_performance_gate_summary.json --tf m5 --timeframe-minutes 5 --max-feature-age-sec 7200 --timestamp-shift-hours -3.0 --write-mt5",
    "kv_path": "/Users/vahid/Library/Application Support/net.metaquotes.wine.metatrader5/drive_c/Program Files/MetaTrader 5/MQL5/Files/xauusd_stage155_m5_active_router_rule_state_kv.csv",
    "decision": "STAGE157_GLOBAL_PERFORMANCE_FREEZE_NO_ORDER",
    "any_signal_active": "false",
    "selected_rule_id": "",
    "selected_family_key": "",
    "active_shortlist_count": "92",
    "eligible_shortlist_count": "188",
    "risk_blocked_family_count": "5"
  },
  "stage134": {
    "kv_path": "/Users/vahid/Library/Application Support/net.metaquotes.wine.metatrader5/drive_c/Program Files/MetaTrader 5/MQL5/Files/xauusd_stage134_demo_executor_status_kv.csv",
    "decision": "BLOCKED_SIGNAL_STALE",
    "reason": "feature_date is stale/missing/unparseable; freshness is based on feature_date UTC, not file modified time",
    "feature_date": "2026-07-08T04:40:00Z",
    "signal_fresh": "false",
    "signal_age_sec": "23568",
    "any_signal_active": "false",
    "open_positions": "0",
    "last_success_signal_key": "2026-07-08T04:40:00Z|D150C_M5_ret_6h_bps_GEQ35__trend_50_100_bps_GEQ35",
    "last_attempt_signal_key": "2026-07-08T04:40:00Z|D150C_M5_ret_6h_bps_GEQ35__trend_50_100_bps_GEQ35"
  },
  "commands": [
    {
      "cmd": "/Library/Frameworks/Python.framework/Versions/3.14/bin/python3 app/stage154_active_shortlist_rule_router.py --root /Users/vahid/Desktop/xauusd-trader --bars /Users/vahid/Downloads/xauusd_fundamental_event_inbox/amarkets_xauusd_5m.csv --score-csv /Users/vahid/Desktop/xauusd-trader/reports/stage150_mtf_separated_validation_discovery/m5/stage150_candidate_scores.csv --risk-summary /Users/vahid/Desktop/xauusd-trader/reports/stage145_clean_ledger_performance_gate/stage145_clean_ledger_performance_gate_summary.json --tf m5 --timeframe-minutes 5 --max-feature-age-sec 7200 --timestamp-shift-hours -3.0 --write-mt5",
      "started_utc": "2026-07-08T11:12:42Z",
      "finished_utc": "2026-07-08T11:12:59Z",
      "returncode": 0,
      "stdout_tail": "performance_gate/stage145_clean_ledger_performance_gate_summary.json\",\n  \"global_freeze_guard\": true,\n  \"global_gate_freeze_active\": true,\n  \"global_gate_info\": {\n    \"global_gate_freeze_active\": true,\n    \"global_gate_reason\": \"Stage145 aggregate gate requires freeze/repair: gate_decision=STAGE145_FREEZE_REPAIR_RULE_NEGATIVE_EXPECTANCY; recommended_action=FREEZE_CURRENT_RULE_AND_REPAIR_DISCOVERY; severity=HIGH; closed_trade_count=13; total_bps=-78.3; mean_bps=-6.02; win_rate=0.4615\",\n    \"global_gate_decision\": \"STAGE145_FREEZE_REPAIR_RULE_NEGATIVE_EXPECTANCY\",\n    \"global_recommended_action\": \"FREEZE_CURRENT_RULE_AND_REPAIR_DISCOVERY\",\n    \"global_severity\": \"HIGH\",\n    \"global_closed_trade_count\": 13,\n    \"global_total_bps\": -78.3,\n    \"global_mean_bps\": -6.02,\n    \"global_win_rate\": 0.4615,\n    \"min_global_gate_trades\": 10\n  },\n  \"block_negative_demo_families\": true,\n  \"risk_blocked_family_count\": 5,\n  \"risk_blocked_candidate_count\": 36,\n  \"blocked_family_keys\": [\n    \"D138C_ret_48h_bps__trend_50_100_bps\",\n    \"D150C_M5_ret_12h_bps__trend_50_100_bps\",\n    \"D150C_M5_ret_3h_bps__ret_24h_bps\",\n    \"D150C_M5_ret_6h_bps__trend_50_100_bps\",\n    \"D150C_M5_trend_8_20_bps__trend_50_100_bps\"\n  ],\n  \"blocked_family_rows\": [\n    {\n      \"family_key\": \"D138C_ret_48h_bps__trend_50_100_bps\",\n      \"closed_trade_count\": 6,\n      \"total_bps\": -1.29,\n      \"mean_bps\": -0.21,\n      \"total_net_profit\": -0.94,\n      \"last_rule_id\": \"D138C_ret_48h_bps_GEQ65__trend_50_100_bps_LEQ65\",\n      \"last_outcome\": \"PROFIT\"\n    },\n    {\n      \"family_key\": \"D150C_M5_ret_12h_bps__trend_50_100_bps\",\n      \"closed_trade_count\": 1,\n      \"total_bps\": -57.1,\n      \"mean_bps\": -57.1,\n      \"total_net_profit\": -23.65,\n      \"last_rule_id\": \"D150C_M5_ret_12h_bps_GEQ35__trend_50_100_bps_GEQ35\",\n      \"last_outcome\": \"LOSS\"\n    },\n    {\n      \"family_key\": \"D150C_M5_ret_3h_bps__ret_24h_bps\",\n      \"closed_trade_count\": 1,\n      \"total_bps\": -19.35,\n      \"mean_bps\": -19.35,\n      \"total_net_profit\": -8.72,\n      \"last_rule_id\": \"D150C_M5_ret_3h_bps_GEQ65__ret_24h_bps_GEQ35\",\n      \"last_outcome\": \"LOSS\"\n    },\n    {\n      \"family_key\": \"D150C_M5_ret_6h_bps__trend_50_100_bps\",\n      \"closed_trade_count\": 1,\n      \"total_bps\": -68.58,\n      \"mean_bps\": -68.58,\n      \"total_net_profit\": -28.3,\n      \"last_rule_id\": \"D150C_M5_ret_6h_bps_GEQ35__trend_50_100_bps_GEQ35\",\n      \"last_outcome\": \"LOSS\"\n    },\n    {\n      \"family_key\": \"D150C_M5_trend_8_20_bps__trend_50_100_bps\",\n      \"closed_trade_count\": 1,\n      \"total_bps\": -50.52,\n      \"mean_bps\": -50.52,\n      \"total_net_profit\": -21.22,\n      \"last_rule_id\": \"D150C_M5_trend_8_20_bps_GEQ65__trend_50_100_bps_GEQ35\",\n      \"last_outcome\": \"LOSS\"\n    }\n  ],\n  \"repo_kv\": \"/Users/vahid/Desktop/xauusd-trader/data/demo_execution/xauusd_stage155_m5_active_router_rule_state_kv.csv\",\n  \"repo_latest\": \"/Users/vahid/Desktop/xauusd-trader/data/demo_execution/xauusd_stage155_m5_active_router_rule_state_latest.csv\",\n  \"mt5_kv_written\": true,\n  \"mt5_kv\": \"/Users/vahid/Library/Application Support/net.metaquotes.wine.metatrader5/drive_c/Program Files/MetaTrader 5/MQL5/Files/xauusd_stage155_m5_active_router_rule_state_kv.csv\",\n  \"mt5_latest\": \"/Users/vahid/Library/Application Support/net.metaquotes.wine.metatrader5/drive_c/Program Files/MetaTrader 5/MQL5/Files/xauusd_stage155_m5_active_router_rule_state_latest.csv\",\n  \"stage134_instruction\": {\n    \"InpRuleStateKvFile\": \"xauusd_stage155_m5_active_router_rule_state_kv.csv\",\n    \"InpAllowedRules\": \"all\",\n    \"keep_InpEnableDemoOrders\": \"true only on demo account\"\n  },\n  \"summary_json\": \"/Users/vahid/Desktop/xauusd-trader/reports/stage155_active_router_demo_risk_guard/m5/stage155_active_router_demo_risk_guard_summary.json\",\n  \"next\": [\n    \"Use this Stage157-hardened router behind Stage156; it preserves Stage155 KV filename so Stage134 input does not need to change.\",\n    \"If global_gate_freeze_active is true, keep demo orders blocked and repair discovery before re-enabling routing.\"\n  ]\n}\n",
      "stderr_tail": ""
    }
  ],
  "next": [
    "If classification is NO_ACTIVE_RULE, keep Stage155 running and do not patch unless inactivity is commercially unacceptable over a defined window.",
    "If classification is SOURCE_STALE or BLOCKED_STALE, update the M5 CSV and run this unifier again.",
    "Use --db-update-command only after identifying the repo's current AMarkets DB updater command."
  ]
}
{
  "stage": "Stage156_OPERATIONAL_UNIFIER",
  "generated_utc": "2026-07-08T11:18:03Z",
  "status": "STAGE156_COMPLETE_OPERATIONAL_UNIFIER_READY",
  "classification": "BLOCKED_STALE",
  "reason": "Stage134 blocked because feature_date is stale; update source CSV or ensure router scheduler is running.",
  "root": "/Users/vahid/Desktop/xauusd-trader",
  "mt5_files": "/Users/vahid/Library/Application Support/net.metaquotes.wine.metatrader5/drive_c/Program Files/MetaTrader 5/MQL5/Files",
  "source": {
    "bars_m5": "/Users/vahid/Downloads/xauusd_fundamental_event_inbox/amarkets_xauusd_5m.csv",
    "exists": true,
    "row_count_including_header_if_any": 318862,
    "last_line": "2026.07.08\t07:40:00\t4125.25\t4125.65\t4121.97\t4123.09\t307\t0\t36",
    "raw_latest_time": "2026-07-08T07:40:00Z",
    "timestamp_shift_hours": -3.0,
    "normalized_latest_time": "2026-07-08T04:40:00Z",
    "feature_age_sec": 23883,
    "max_feature_age_sec": 7200,
    "source_fresh": false
  },
  "router": {
    "cmd": "/Library/Frameworks/Python.framework/Versions/3.14/bin/python3 app/stage154_active_shortlist_rule_router.py --root /Users/vahid/Desktop/xauusd-trader --bars /Users/vahid/Downloads/xauusd_fundamental_event_inbox/amarkets_xauusd_5m.csv --score-csv /Users/vahid/Desktop/xauusd-trader/reports/stage150_mtf_separated_validation_discovery/m5/stage150_candidate_scores.csv --risk-summary /Users/vahid/Desktop/xauusd-trader/reports/stage145_clean_ledger_performance_gate/stage145_clean_ledger_performance_gate_summary.json --tf m5 --timeframe-minutes 5 --max-feature-age-sec 7200 --timestamp-shift-hours -3.0 --write-mt5",
    "kv_path": "/Users/vahid/Library/Application Support/net.metaquotes.wine.metatrader5/drive_c/Program Files/MetaTrader 5/MQL5/Files/xauusd_stage155_m5_active_router_rule_state_kv.csv",
    "decision": "STAGE157_GLOBAL_PERFORMANCE_FREEZE_NO_ORDER",
    "any_signal_active": "false",
    "selected_rule_id": "",
    "selected_family_key": "",
    "active_shortlist_count": "92",
    "eligible_shortlist_count": "188",
    "risk_blocked_family_count": "5"
  },
  "stage134": {
    "kv_path": "/Users/vahid/Library/Application Support/net.metaquotes.wine.metatrader5/drive_c/Program Files/MetaTrader 5/MQL5/Files/xauusd_stage134_demo_executor_status_kv.csv",
    "decision": "BLOCKED_SIGNAL_STALE",
    "reason": "feature_date is stale/missing/unparseable; freshness is based on feature_date UTC, not file modified time",
    "feature_date": "2026-07-08T04:40:00Z",
    "signal_fresh": "false",
    "signal_age_sec": "23899",
    "any_signal_active": "false",
    "open_positions": "0",
    "last_success_signal_key": "2026-07-08T04:40:00Z|D150C_M5_ret_6h_bps_GEQ35__trend_50_100_bps_GEQ35",
    "last_attempt_signal_key": "2026-07-08T04:40:00Z|D150C_M5_ret_6h_bps_GEQ35__trend_50_100_bps_GEQ35"
  },
  "commands": [
    {
      "cmd": "/Library/Frameworks/Python.framework/Versions/3.14/bin/python3 app/stage154_active_shortlist_rule_router.py --root /Users/vahid/Desktop/xauusd-trader --bars /Users/vahid/Downloads/xauusd_fundamental_event_inbox/amarkets_xauusd_5m.csv --score-csv /Users/vahid/Desktop/xauusd-trader/reports/stage150_mtf_separated_validation_discovery/m5/stage150_candidate_scores.csv --risk-summary /Users/vahid/Desktop/xauusd-trader/reports/stage145_clean_ledger_performance_gate/stage145_clean_ledger_performance_gate_summary.json --tf m5 --timeframe-minutes 5 --max-feature-age-sec 7200 --timestamp-shift-hours -3.0 --write-mt5",
      "started_utc": "2026-07-08T11:18:03Z",
      "finished_utc": "2026-07-08T11:18:24Z",
      "returncode": 0,
      "stdout_tail": "performance_gate/stage145_clean_ledger_performance_gate_summary.json\",\n  \"global_freeze_guard\": true,\n  \"global_gate_freeze_active\": true,\n  \"global_gate_info\": {\n    \"global_gate_freeze_active\": true,\n    \"global_gate_reason\": \"Stage145 aggregate gate requires freeze/repair: gate_decision=STAGE145_FREEZE_REPAIR_RULE_NEGATIVE_EXPECTANCY; recommended_action=FREEZE_CURRENT_RULE_AND_REPAIR_DISCOVERY; severity=HIGH; closed_trade_count=13; total_bps=-78.3; mean_bps=-6.02; win_rate=0.4615\",\n    \"global_gate_decision\": \"STAGE145_FREEZE_REPAIR_RULE_NEGATIVE_EXPECTANCY\",\n    \"global_recommended_action\": \"FREEZE_CURRENT_RULE_AND_REPAIR_DISCOVERY\",\n    \"global_severity\": \"HIGH\",\n    \"global_closed_trade_count\": 13,\n    \"global_total_bps\": -78.3,\n    \"global_mean_bps\": -6.02,\n    \"global_win_rate\": 0.4615,\n    \"min_global_gate_trades\": 10\n  },\n  \"block_negative_demo_families\": true,\n  \"risk_blocked_family_count\": 5,\n  \"risk_blocked_candidate_count\": 36,\n  \"blocked_family_keys\": [\n    \"D138C_ret_48h_bps__trend_50_100_bps\",\n    \"D150C_M5_ret_12h_bps__trend_50_100_bps\",\n    \"D150C_M5_ret_3h_bps__ret_24h_bps\",\n    \"D150C_M5_ret_6h_bps__trend_50_100_bps\",\n    \"D150C_M5_trend_8_20_bps__trend_50_100_bps\"\n  ],\n  \"blocked_family_rows\": [\n    {\n      \"family_key\": \"D138C_ret_48h_bps__trend_50_100_bps\",\n      \"closed_trade_count\": 6,\n      \"total_bps\": -1.29,\n      \"mean_bps\": -0.21,\n      \"total_net_profit\": -0.94,\n      \"last_rule_id\": \"D138C_ret_48h_bps_GEQ65__trend_50_100_bps_LEQ65\",\n      \"last_outcome\": \"PROFIT\"\n    },\n    {\n      \"family_key\": \"D150C_M5_ret_12h_bps__trend_50_100_bps\",\n      \"closed_trade_count\": 1,\n      \"total_bps\": -57.1,\n      \"mean_bps\": -57.1,\n      \"total_net_profit\": -23.65,\n      \"last_rule_id\": \"D150C_M5_ret_12h_bps_GEQ35__trend_50_100_bps_GEQ35\",\n      \"last_outcome\": \"LOSS\"\n    },\n    {\n      \"family_key\": \"D150C_M5_ret_3h_bps__ret_24h_bps\",\n      \"closed_trade_count\": 1,\n      \"total_bps\": -19.35,\n      \"mean_bps\": -19.35,\n      \"total_net_profit\": -8.72,\n      \"last_rule_id\": \"D150C_M5_ret_3h_bps_GEQ65__ret_24h_bps_GEQ35\",\n      \"last_outcome\": \"LOSS\"\n    },\n    {\n      \"family_key\": \"D150C_M5_ret_6h_bps__trend_50_100_bps\",\n      \"closed_trade_count\": 1,\n      \"total_bps\": -68.58,\n      \"mean_bps\": -68.58,\n      \"total_net_profit\": -28.3,\n      \"last_rule_id\": \"D150C_M5_ret_6h_bps_GEQ35__trend_50_100_bps_GEQ35\",\n      \"last_outcome\": \"LOSS\"\n    },\n    {\n      \"family_key\": \"D150C_M5_trend_8_20_bps__trend_50_100_bps\",\n      \"closed_trade_count\": 1,\n      \"total_bps\": -50.52,\n      \"mean_bps\": -50.52,\n      \"total_net_profit\": -21.22,\n      \"last_rule_id\": \"D150C_M5_trend_8_20_bps_GEQ65__trend_50_100_bps_GEQ35\",\n      \"last_outcome\": \"LOSS\"\n    }\n  ],\n  \"repo_kv\": \"/Users/vahid/Desktop/xauusd-trader/data/demo_execution/xauusd_stage155_m5_active_router_rule_state_kv.csv\",\n  \"repo_latest\": \"/Users/vahid/Desktop/xauusd-trader/data/demo_execution/xauusd_stage155_m5_active_router_rule_state_latest.csv\",\n  \"mt5_kv_written\": true,\n  \"mt5_kv\": \"/Users/vahid/Library/Application Support/net.metaquotes.wine.metatrader5/drive_c/Program Files/MetaTrader 5/MQL5/Files/xauusd_stage155_m5_active_router_rule_state_kv.csv\",\n  \"mt5_latest\": \"/Users/vahid/Library/Application Support/net.metaquotes.wine.metatrader5/drive_c/Program Files/MetaTrader 5/MQL5/Files/xauusd_stage155_m5_active_router_rule_state_latest.csv\",\n  \"stage134_instruction\": {\n    \"InpRuleStateKvFile\": \"xauusd_stage155_m5_active_router_rule_state_kv.csv\",\n    \"InpAllowedRules\": \"all\",\n    \"keep_InpEnableDemoOrders\": \"true only on demo account\"\n  },\n  \"summary_json\": \"/Users/vahid/Desktop/xauusd-trader/reports/stage155_active_router_demo_risk_guard/m5/stage155_active_router_demo_risk_guard_summary.json\",\n  \"next\": [\n    \"Use this Stage157-hardened router behind Stage156; it preserves Stage155 KV filename so Stage134 input does not need to change.\",\n    \"If global_gate_freeze_active is true, keep demo orders blocked and repair discovery before re-enabling routing.\"\n  ]\n}\n",
      "stderr_tail": ""
    }
  ],
  "next": [
    "If classification is NO_ACTIVE_RULE, keep Stage155 running and do not patch unless inactivity is commercially unacceptable over a defined window.",
    "If classification is SOURCE_STALE or BLOCKED_STALE, update the M5 CSV and run this unifier again.",
    "Use --db-update-command only after identifying the repo's current AMarkets DB updater command."
  ]
}
{
  "stage": "Stage156_OPERATIONAL_UNIFIER",
  "generated_utc": "2026-07-08T11:23:27Z",
  "status": "STAGE156_COMPLETE_OPERATIONAL_UNIFIER_READY",
  "classification": "BLOCKED_STALE",
  "reason": "Stage134 blocked because feature_date is stale; update source CSV or ensure router scheduler is running.",
  "root": "/Users/vahid/Desktop/xauusd-trader",
  "mt5_files": "/Users/vahid/Library/Application Support/net.metaquotes.wine.metatrader5/drive_c/Program Files/MetaTrader 5/MQL5/Files",
  "source": {
    "bars_m5": "/Users/vahid/Downloads/xauusd_fundamental_event_inbox/amarkets_xauusd_5m.csv",
    "exists": true,
    "row_count_including_header_if_any": 318862,
    "last_line": "2026.07.08\t07:40:00\t4125.25\t4125.65\t4121.97\t4123.09\t307\t0\t36",
    "raw_latest_time": "2026-07-08T07:40:00Z",
    "timestamp_shift_hours": -3.0,
    "normalized_latest_time": "2026-07-08T04:40:00Z",
    "feature_age_sec": 24207,
    "max_feature_age_sec": 7200,
    "source_fresh": false
  },
  "router": {
    "cmd": "/Library/Frameworks/Python.framework/Versions/3.14/bin/python3 app/stage154_active_shortlist_rule_router.py --root /Users/vahid/Desktop/xauusd-trader --bars /Users/vahid/Downloads/xauusd_fundamental_event_inbox/amarkets_xauusd_5m.csv --score-csv /Users/vahid/Desktop/xauusd-trader/reports/stage150_mtf_separated_validation_discovery/m5/stage150_candidate_scores.csv --risk-summary /Users/vahid/Desktop/xauusd-trader/reports/stage145_clean_ledger_performance_gate/stage145_clean_ledger_performance_gate_summary.json --tf m5 --timeframe-minutes 5 --max-feature-age-sec 7200 --timestamp-shift-hours -3.0 --write-mt5",
    "kv_path": "/Users/vahid/Library/Application Support/net.metaquotes.wine.metatrader5/drive_c/Program Files/MetaTrader 5/MQL5/Files/xauusd_stage155_m5_active_router_rule_state_kv.csv",
    "decision": "STAGE157_GLOBAL_PERFORMANCE_FREEZE_NO_ORDER",
    "any_signal_active": "false",
    "selected_rule_id": "",
    "selected_family_key": "",
    "active_shortlist_count": "92",
    "eligible_shortlist_count": "188",
    "risk_blocked_family_count": "5"
  },
  "stage134": {
    "kv_path": "/Users/vahid/Library/Application Support/net.metaquotes.wine.metatrader5/drive_c/Program Files/MetaTrader 5/MQL5/Files/xauusd_stage134_demo_executor_status_kv.csv",
    "decision": "BLOCKED_SIGNAL_STALE",
    "reason": "feature_date is stale/missing/unparseable; freshness is based on feature_date UTC, not file modified time",
    "feature_date": "2026-07-08T04:40:00Z",
    "signal_fresh": "false",
    "signal_age_sec": "24201",
    "any_signal_active": "false",
    "open_positions": "0",
    "last_success_signal_key": "2026-07-08T04:40:00Z|D150C_M5_ret_6h_bps_GEQ35__trend_50_100_bps_GEQ35",
    "last_attempt_signal_key": "2026-07-08T04:40:00Z|D150C_M5_ret_6h_bps_GEQ35__trend_50_100_bps_GEQ35"
  },
  "commands": [
    {
      "cmd": "/Library/Frameworks/Python.framework/Versions/3.14/bin/python3 app/stage154_active_shortlist_rule_router.py --root /Users/vahid/Desktop/xauusd-trader --bars /Users/vahid/Downloads/xauusd_fundamental_event_inbox/amarkets_xauusd_5m.csv --score-csv /Users/vahid/Desktop/xauusd-trader/reports/stage150_mtf_separated_validation_discovery/m5/stage150_candidate_scores.csv --risk-summary /Users/vahid/Desktop/xauusd-trader/reports/stage145_clean_ledger_performance_gate/stage145_clean_ledger_performance_gate_summary.json --tf m5 --timeframe-minutes 5 --max-feature-age-sec 7200 --timestamp-shift-hours -3.0 --write-mt5",
      "started_utc": "2026-07-08T11:23:27Z",
      "finished_utc": "2026-07-08T11:23:42Z",
      "returncode": 0,
      "stdout_tail": "performance_gate/stage145_clean_ledger_performance_gate_summary.json\",\n  \"global_freeze_guard\": true,\n  \"global_gate_freeze_active\": true,\n  \"global_gate_info\": {\n    \"global_gate_freeze_active\": true,\n    \"global_gate_reason\": \"Stage145 aggregate gate requires freeze/repair: gate_decision=STAGE145_FREEZE_REPAIR_RULE_NEGATIVE_EXPECTANCY; recommended_action=FREEZE_CURRENT_RULE_AND_REPAIR_DISCOVERY; severity=HIGH; closed_trade_count=13; total_bps=-78.3; mean_bps=-6.02; win_rate=0.4615\",\n    \"global_gate_decision\": \"STAGE145_FREEZE_REPAIR_RULE_NEGATIVE_EXPECTANCY\",\n    \"global_recommended_action\": \"FREEZE_CURRENT_RULE_AND_REPAIR_DISCOVERY\",\n    \"global_severity\": \"HIGH\",\n    \"global_closed_trade_count\": 13,\n    \"global_total_bps\": -78.3,\n    \"global_mean_bps\": -6.02,\n    \"global_win_rate\": 0.4615,\n    \"min_global_gate_trades\": 10\n  },\n  \"block_negative_demo_families\": true,\n  \"risk_blocked_family_count\": 5,\n  \"risk_blocked_candidate_count\": 36,\n  \"blocked_family_keys\": [\n    \"D138C_ret_48h_bps__trend_50_100_bps\",\n    \"D150C_M5_ret_12h_bps__trend_50_100_bps\",\n    \"D150C_M5_ret_3h_bps__ret_24h_bps\",\n    \"D150C_M5_ret_6h_bps__trend_50_100_bps\",\n    \"D150C_M5_trend_8_20_bps__trend_50_100_bps\"\n  ],\n  \"blocked_family_rows\": [\n    {\n      \"family_key\": \"D138C_ret_48h_bps__trend_50_100_bps\",\n      \"closed_trade_count\": 6,\n      \"total_bps\": -1.29,\n      \"mean_bps\": -0.21,\n      \"total_net_profit\": -0.94,\n      \"last_rule_id\": \"D138C_ret_48h_bps_GEQ65__trend_50_100_bps_LEQ65\",\n      \"last_outcome\": \"PROFIT\"\n    },\n    {\n      \"family_key\": \"D150C_M5_ret_12h_bps__trend_50_100_bps\",\n      \"closed_trade_count\": 1,\n      \"total_bps\": -57.1,\n      \"mean_bps\": -57.1,\n      \"total_net_profit\": -23.65,\n      \"last_rule_id\": \"D150C_M5_ret_12h_bps_GEQ35__trend_50_100_bps_GEQ35\",\n      \"last_outcome\": \"LOSS\"\n    },\n    {\n      \"family_key\": \"D150C_M5_ret_3h_bps__ret_24h_bps\",\n      \"closed_trade_count\": 1,\n      \"total_bps\": -19.35,\n      \"mean_bps\": -19.35,\n      \"total_net_profit\": -8.72,\n      \"last_rule_id\": \"D150C_M5_ret_3h_bps_GEQ65__ret_24h_bps_GEQ35\",\n      \"last_outcome\": \"LOSS\"\n    },\n    {\n      \"family_key\": \"D150C_M5_ret_6h_bps__trend_50_100_bps\",\n      \"closed_trade_count\": 1,\n      \"total_bps\": -68.58,\n      \"mean_bps\": -68.58,\n      \"total_net_profit\": -28.3,\n      \"last_rule_id\": \"D150C_M5_ret_6h_bps_GEQ35__trend_50_100_bps_GEQ35\",\n      \"last_outcome\": \"LOSS\"\n    },\n    {\n      \"family_key\": \"D150C_M5_trend_8_20_bps__trend_50_100_bps\",\n      \"closed_trade_count\": 1,\n      \"total_bps\": -50.52,\n      \"mean_bps\": -50.52,\n      \"total_net_profit\": -21.22,\n      \"last_rule_id\": \"D150C_M5_trend_8_20_bps_GEQ65__trend_50_100_bps_GEQ35\",\n      \"last_outcome\": \"LOSS\"\n    }\n  ],\n  \"repo_kv\": \"/Users/vahid/Desktop/xauusd-trader/data/demo_execution/xauusd_stage155_m5_active_router_rule_state_kv.csv\",\n  \"repo_latest\": \"/Users/vahid/Desktop/xauusd-trader/data/demo_execution/xauusd_stage155_m5_active_router_rule_state_latest.csv\",\n  \"mt5_kv_written\": true,\n  \"mt5_kv\": \"/Users/vahid/Library/Application Support/net.metaquotes.wine.metatrader5/drive_c/Program Files/MetaTrader 5/MQL5/Files/xauusd_stage155_m5_active_router_rule_state_kv.csv\",\n  \"mt5_latest\": \"/Users/vahid/Library/Application Support/net.metaquotes.wine.metatrader5/drive_c/Program Files/MetaTrader 5/MQL5/Files/xauusd_stage155_m5_active_router_rule_state_latest.csv\",\n  \"stage134_instruction\": {\n    \"InpRuleStateKvFile\": \"xauusd_stage155_m5_active_router_rule_state_kv.csv\",\n    \"InpAllowedRules\": \"all\",\n    \"keep_InpEnableDemoOrders\": \"true only on demo account\"\n  },\n  \"summary_json\": \"/Users/vahid/Desktop/xauusd-trader/reports/stage155_active_router_demo_risk_guard/m5/stage155_active_router_demo_risk_guard_summary.json\",\n  \"next\": [\n    \"Use this Stage157-hardened router behind Stage156; it preserves Stage155 KV filename so Stage134 input does not need to change.\",\n    \"If global_gate_freeze_active is true, keep demo orders blocked and repair discovery before re-enabling routing.\"\n  ]\n}\n",
      "stderr_tail": ""
    }
  ],
  "next": [
    "If classification is NO_ACTIVE_RULE, keep Stage155 running and do not patch unless inactivity is commercially unacceptable over a defined window.",
    "If classification is SOURCE_STALE or BLOCKED_STALE, update the M5 CSV and run this unifier again.",
    "Use --db-update-command only after identifying the repo's current AMarkets DB updater command."
  ]
}
{
  "stage": "Stage156_OPERATIONAL_UNIFIER",
  "generated_utc": "2026-07-08T11:28:45Z",
  "status": "STAGE156_COMPLETE_OPERATIONAL_UNIFIER_READY",
  "classification": "BLOCKED_STALE",
  "reason": "Stage134 blocked because feature_date is stale; update source CSV or ensure router scheduler is running.",
  "root": "/Users/vahid/Desktop/xauusd-trader",
  "mt5_files": "/Users/vahid/Library/Application Support/net.metaquotes.wine.metatrader5/drive_c/Program Files/MetaTrader 5/MQL5/Files",
  "source": {
    "bars_m5": "/Users/vahid/Downloads/xauusd_fundamental_event_inbox/amarkets_xauusd_5m.csv",
    "exists": true,
    "row_count_including_header_if_any": 318942,
    "last_line": "2026.07.08\t14:20:00\t4052.08\t4054.06\t4047.54\t4049.84\t359\t0\t33",
    "raw_latest_time": "2026-07-08T14:20:00Z",
    "timestamp_shift_hours": -3.0,
    "normalized_latest_time": "2026-07-08T11:20:00Z",
    "feature_age_sec": 525,
    "max_feature_age_sec": 7200,
    "source_fresh": true
  },
  "router": {
    "cmd": "/Library/Frameworks/Python.framework/Versions/3.14/bin/python3 app/stage154_active_shortlist_rule_router.py --root /Users/vahid/Desktop/xauusd-trader --bars /Users/vahid/Downloads/xauusd_fundamental_event_inbox/amarkets_xauusd_5m.csv --score-csv /Users/vahid/Desktop/xauusd-trader/reports/stage150_mtf_separated_validation_discovery/m5/stage150_candidate_scores.csv --risk-summary /Users/vahid/Desktop/xauusd-trader/reports/stage145_clean_ledger_performance_gate/stage145_clean_ledger_performance_gate_summary.json --tf m5 --timeframe-minutes 5 --max-feature-age-sec 7200 --timestamp-shift-hours -3.0 --write-mt5",
    "kv_path": "/Users/vahid/Library/Application Support/net.metaquotes.wine.metatrader5/drive_c/Program Files/MetaTrader 5/MQL5/Files/xauusd_stage155_m5_active_router_rule_state_kv.csv",
    "decision": "STAGE157_GLOBAL_PERFORMANCE_FREEZE_NO_ORDER",
    "any_signal_active": "false",
    "selected_rule_id": "",
    "selected_family_key": "",
    "active_shortlist_count": "64",
    "eligible_shortlist_count": "188",
    "risk_blocked_family_count": "5"
  },
  "stage134": {
    "kv_path": "/Users/vahid/Library/Application Support/net.metaquotes.wine.metatrader5/drive_c/Program Files/MetaTrader 5/MQL5/Files/xauusd_stage134_demo_executor_status_kv.csv",
    "decision": "BLOCKED_SIGNAL_STALE",
    "reason": "feature_date is stale/missing/unparseable; freshness is based on feature_date UTC, not file modified time",
    "feature_date": "2026-07-08T04:40:00Z",
    "signal_fresh": "false",
    "signal_age_sec": "24531",
    "any_signal_active": "false",
    "open_positions": "0",
    "last_success_signal_key": "2026-07-08T04:40:00Z|D150C_M5_ret_6h_bps_GEQ35__trend_50_100_bps_GEQ35",
    "last_attempt_signal_key": "2026-07-08T04:40:00Z|D150C_M5_ret_6h_bps_GEQ35__trend_50_100_bps_GEQ35"
  },
  "commands": [
    {
      "cmd": "/Library/Frameworks/Python.framework/Versions/3.14/bin/python3 app/stage154_active_shortlist_rule_router.py --root /Users/vahid/Desktop/xauusd-trader --bars /Users/vahid/Downloads/xauusd_fundamental_event_inbox/amarkets_xauusd_5m.csv --score-csv /Users/vahid/Desktop/xauusd-trader/reports/stage150_mtf_separated_validation_discovery/m5/stage150_candidate_scores.csv --risk-summary /Users/vahid/Desktop/xauusd-trader/reports/stage145_clean_ledger_performance_gate/stage145_clean_ledger_performance_gate_summary.json --tf m5 --timeframe-minutes 5 --max-feature-age-sec 7200 --timestamp-shift-hours -3.0 --write-mt5",
      "started_utc": "2026-07-08T11:28:45Z",
      "finished_utc": "2026-07-08T11:28:55Z",
      "returncode": 0,
      "stdout_tail": "performance_gate/stage145_clean_ledger_performance_gate_summary.json\",\n  \"global_freeze_guard\": true,\n  \"global_gate_freeze_active\": true,\n  \"global_gate_info\": {\n    \"global_gate_freeze_active\": true,\n    \"global_gate_reason\": \"Stage145 aggregate gate requires freeze/repair: gate_decision=STAGE145_FREEZE_REPAIR_RULE_NEGATIVE_EXPECTANCY; recommended_action=FREEZE_CURRENT_RULE_AND_REPAIR_DISCOVERY; severity=HIGH; closed_trade_count=13; total_bps=-78.3; mean_bps=-6.02; win_rate=0.4615\",\n    \"global_gate_decision\": \"STAGE145_FREEZE_REPAIR_RULE_NEGATIVE_EXPECTANCY\",\n    \"global_recommended_action\": \"FREEZE_CURRENT_RULE_AND_REPAIR_DISCOVERY\",\n    \"global_severity\": \"HIGH\",\n    \"global_closed_trade_count\": 13,\n    \"global_total_bps\": -78.3,\n    \"global_mean_bps\": -6.02,\n    \"global_win_rate\": 0.4615,\n    \"min_global_gate_trades\": 10\n  },\n  \"block_negative_demo_families\": true,\n  \"risk_blocked_family_count\": 5,\n  \"risk_blocked_candidate_count\": 36,\n  \"blocked_family_keys\": [\n    \"D138C_ret_48h_bps__trend_50_100_bps\",\n    \"D150C_M5_ret_12h_bps__trend_50_100_bps\",\n    \"D150C_M5_ret_3h_bps__ret_24h_bps\",\n    \"D150C_M5_ret_6h_bps__trend_50_100_bps\",\n    \"D150C_M5_trend_8_20_bps__trend_50_100_bps\"\n  ],\n  \"blocked_family_rows\": [\n    {\n      \"family_key\": \"D138C_ret_48h_bps__trend_50_100_bps\",\n      \"closed_trade_count\": 6,\n      \"total_bps\": -1.29,\n      \"mean_bps\": -0.21,\n      \"total_net_profit\": -0.94,\n      \"last_rule_id\": \"D138C_ret_48h_bps_GEQ65__trend_50_100_bps_LEQ65\",\n      \"last_outcome\": \"PROFIT\"\n    },\n    {\n      \"family_key\": \"D150C_M5_ret_12h_bps__trend_50_100_bps\",\n      \"closed_trade_count\": 1,\n      \"total_bps\": -57.1,\n      \"mean_bps\": -57.1,\n      \"total_net_profit\": -23.65,\n      \"last_rule_id\": \"D150C_M5_ret_12h_bps_GEQ35__trend_50_100_bps_GEQ35\",\n      \"last_outcome\": \"LOSS\"\n    },\n    {\n      \"family_key\": \"D150C_M5_ret_3h_bps__ret_24h_bps\",\n      \"closed_trade_count\": 1,\n      \"total_bps\": -19.35,\n      \"mean_bps\": -19.35,\n      \"total_net_profit\": -8.72,\n      \"last_rule_id\": \"D150C_M5_ret_3h_bps_GEQ65__ret_24h_bps_GEQ35\",\n      \"last_outcome\": \"LOSS\"\n    },\n    {\n      \"family_key\": \"D150C_M5_ret_6h_bps__trend_50_100_bps\",\n      \"closed_trade_count\": 1,\n      \"total_bps\": -68.58,\n      \"mean_bps\": -68.58,\n      \"total_net_profit\": -28.3,\n      \"last_rule_id\": \"D150C_M5_ret_6h_bps_GEQ35__trend_50_100_bps_GEQ35\",\n      \"last_outcome\": \"LOSS\"\n    },\n    {\n      \"family_key\": \"D150C_M5_trend_8_20_bps__trend_50_100_bps\",\n      \"closed_trade_count\": 1,\n      \"total_bps\": -50.52,\n      \"mean_bps\": -50.52,\n      \"total_net_profit\": -21.22,\n      \"last_rule_id\": \"D150C_M5_trend_8_20_bps_GEQ65__trend_50_100_bps_GEQ35\",\n      \"last_outcome\": \"LOSS\"\n    }\n  ],\n  \"repo_kv\": \"/Users/vahid/Desktop/xauusd-trader/data/demo_execution/xauusd_stage155_m5_active_router_rule_state_kv.csv\",\n  \"repo_latest\": \"/Users/vahid/Desktop/xauusd-trader/data/demo_execution/xauusd_stage155_m5_active_router_rule_state_latest.csv\",\n  \"mt5_kv_written\": true,\n  \"mt5_kv\": \"/Users/vahid/Library/Application Support/net.metaquotes.wine.metatrader5/drive_c/Program Files/MetaTrader 5/MQL5/Files/xauusd_stage155_m5_active_router_rule_state_kv.csv\",\n  \"mt5_latest\": \"/Users/vahid/Library/Application Support/net.metaquotes.wine.metatrader5/drive_c/Program Files/MetaTrader 5/MQL5/Files/xauusd_stage155_m5_active_router_rule_state_latest.csv\",\n  \"stage134_instruction\": {\n    \"InpRuleStateKvFile\": \"xauusd_stage155_m5_active_router_rule_state_kv.csv\",\n    \"InpAllowedRules\": \"all\",\n    \"keep_InpEnableDemoOrders\": \"true only on demo account\"\n  },\n  \"summary_json\": \"/Users/vahid/Desktop/xauusd-trader/reports/stage155_active_router_demo_risk_guard/m5/stage155_active_router_demo_risk_guard_summary.json\",\n  \"next\": [\n    \"Use this Stage157-hardened router behind Stage156; it preserves Stage155 KV filename so Stage134 input does not need to change.\",\n    \"If global_gate_freeze_active is true, keep demo orders blocked and repair discovery before re-enabling routing.\"\n  ]\n}\n",
      "stderr_tail": ""
    }
  ],
  "next": [
    "If classification is NO_ACTIVE_RULE, keep Stage155 running and do not patch unless inactivity is commercially unacceptable over a defined window.",
    "If classification is SOURCE_STALE or BLOCKED_STALE, update the M5 CSV and run this unifier again.",
    "Use --db-update-command only after identifying the repo's current AMarkets DB updater command."
  ]
}
{
  "stage": "Stage156_OPERATIONAL_UNIFIER",
  "generated_utc": "2026-07-08T11:33:59Z",
  "status": "STAGE156_COMPLETE_OPERATIONAL_UNIFIER_READY",
  "classification": "NO_ACTIVE_RULE",
  "reason": "Pipeline is fresh but no eligible active risk-guarded rule exists now.",
  "root": "/Users/vahid/Desktop/xauusd-trader",
  "mt5_files": "/Users/vahid/Library/Application Support/net.metaquotes.wine.metatrader5/drive_c/Program Files/MetaTrader 5/MQL5/Files",
  "source": {
    "bars_m5": "/Users/vahid/Downloads/xauusd_fundamental_event_inbox/amarkets_xauusd_5m.csv",
    "exists": true,
    "row_count_including_header_if_any": 318942,
    "last_line": "2026.07.08\t14:20:00\t4052.08\t4054.06\t4047.54\t4049.84\t359\t0\t33",
    "raw_latest_time": "2026-07-08T14:20:00Z",
    "timestamp_shift_hours": -3.0,
    "normalized_latest_time": "2026-07-08T11:20:00Z",
    "feature_age_sec": 839,
    "max_feature_age_sec": 7200,
    "source_fresh": true
  },
  "router": {
    "cmd": "/Library/Frameworks/Python.framework/Versions/3.14/bin/python3 app/stage154_active_shortlist_rule_router.py --root /Users/vahid/Desktop/xauusd-trader --bars /Users/vahid/Downloads/xauusd_fundamental_event_inbox/amarkets_xauusd_5m.csv --score-csv /Users/vahid/Desktop/xauusd-trader/reports/stage150_mtf_separated_validation_discovery/m5/stage150_candidate_scores.csv --risk-summary /Users/vahid/Desktop/xauusd-trader/reports/stage145_clean_ledger_performance_gate/stage145_clean_ledger_performance_gate_summary.json --tf m5 --timeframe-minutes 5 --max-feature-age-sec 7200 --timestamp-shift-hours -3.0 --write-mt5",
    "kv_path": "/Users/vahid/Library/Application Support/net.metaquotes.wine.metatrader5/drive_c/Program Files/MetaTrader 5/MQL5/Files/xauusd_stage155_m5_active_router_rule_state_kv.csv",
    "decision": "STAGE157_GLOBAL_PERFORMANCE_FREEZE_NO_ORDER",
    "any_signal_active": "false",
    "selected_rule_id": "",
    "selected_family_key": "",
    "active_shortlist_count": "64",
    "eligible_shortlist_count": "188",
    "risk_blocked_family_count": "5"
  },
  "stage134": {
    "kv_path": "/Users/vahid/Library/Application Support/net.metaquotes.wine.metatrader5/drive_c/Program Files/MetaTrader 5/MQL5/Files/xauusd_stage134_demo_executor_status_kv.csv",
    "decision": "HOLD_NO_ACTIVE_ALLOWED_RULE",
    "reason": "no active selected rule",
    "feature_date": "2026-07-08T11:20:00Z",
    "signal_fresh": "true",
    "signal_age_sec": "862",
    "any_signal_active": "false",
    "open_positions": "0",
    "last_success_signal_key": "2026-07-08T04:40:00Z|D150C_M5_ret_6h_bps_GEQ35__trend_50_100_bps_GEQ35",
    "last_attempt_signal_key": "2026-07-08T04:40:00Z|D150C_M5_ret_6h_bps_GEQ35__trend_50_100_bps_GEQ35"
  },
  "commands": [
    {
      "cmd": "/Library/Frameworks/Python.framework/Versions/3.14/bin/python3 app/stage154_active_shortlist_rule_router.py --root /Users/vahid/Desktop/xauusd-trader --bars /Users/vahid/Downloads/xauusd_fundamental_event_inbox/amarkets_xauusd_5m.csv --score-csv /Users/vahid/Desktop/xauusd-trader/reports/stage150_mtf_separated_validation_discovery/m5/stage150_candidate_scores.csv --risk-summary /Users/vahid/Desktop/xauusd-trader/reports/stage145_clean_ledger_performance_gate/stage145_clean_ledger_performance_gate_summary.json --tf m5 --timeframe-minutes 5 --max-feature-age-sec 7200 --timestamp-shift-hours -3.0 --write-mt5",
      "started_utc": "2026-07-08T11:33:59Z",
      "finished_utc": "2026-07-08T11:34:31Z",
      "returncode": 0,
      "stdout_tail": "performance_gate/stage145_clean_ledger_performance_gate_summary.json\",\n  \"global_freeze_guard\": true,\n  \"global_gate_freeze_active\": true,\n  \"global_gate_info\": {\n    \"global_gate_freeze_active\": true,\n    \"global_gate_reason\": \"Stage145 aggregate gate requires freeze/repair: gate_decision=STAGE145_FREEZE_REPAIR_RULE_NEGATIVE_EXPECTANCY; recommended_action=FREEZE_CURRENT_RULE_AND_REPAIR_DISCOVERY; severity=HIGH; closed_trade_count=13; total_bps=-78.3; mean_bps=-6.02; win_rate=0.4615\",\n    \"global_gate_decision\": \"STAGE145_FREEZE_REPAIR_RULE_NEGATIVE_EXPECTANCY\",\n    \"global_recommended_action\": \"FREEZE_CURRENT_RULE_AND_REPAIR_DISCOVERY\",\n    \"global_severity\": \"HIGH\",\n    \"global_closed_trade_count\": 13,\n    \"global_total_bps\": -78.3,\n    \"global_mean_bps\": -6.02,\n    \"global_win_rate\": 0.4615,\n    \"min_global_gate_trades\": 10\n  },\n  \"block_negative_demo_families\": true,\n  \"risk_blocked_family_count\": 5,\n  \"risk_blocked_candidate_count\": 36,\n  \"blocked_family_keys\": [\n    \"D138C_ret_48h_bps__trend_50_100_bps\",\n    \"D150C_M5_ret_12h_bps__trend_50_100_bps\",\n    \"D150C_M5_ret_3h_bps__ret_24h_bps\",\n    \"D150C_M5_ret_6h_bps__trend_50_100_bps\",\n    \"D150C_M5_trend_8_20_bps__trend_50_100_bps\"\n  ],\n  \"blocked_family_rows\": [\n    {\n      \"family_key\": \"D138C_ret_48h_bps__trend_50_100_bps\",\n      \"closed_trade_count\": 6,\n      \"total_bps\": -1.29,\n      \"mean_bps\": -0.21,\n      \"total_net_profit\": -0.94,\n      \"last_rule_id\": \"D138C_ret_48h_bps_GEQ65__trend_50_100_bps_LEQ65\",\n      \"last_outcome\": \"PROFIT\"\n    },\n    {\n      \"family_key\": \"D150C_M5_ret_12h_bps__trend_50_100_bps\",\n      \"closed_trade_count\": 1,\n      \"total_bps\": -57.1,\n      \"mean_bps\": -57.1,\n      \"total_net_profit\": -23.65,\n      \"last_rule_id\": \"D150C_M5_ret_12h_bps_GEQ35__trend_50_100_bps_GEQ35\",\n      \"last_outcome\": \"LOSS\"\n    },\n    {\n      \"family_key\": \"D150C_M5_ret_3h_bps__ret_24h_bps\",\n      \"closed_trade_count\": 1,\n      \"total_bps\": -19.35,\n      \"mean_bps\": -19.35,\n      \"total_net_profit\": -8.72,\n      \"last_rule_id\": \"D150C_M5_ret_3h_bps_GEQ65__ret_24h_bps_GEQ35\",\n      \"last_outcome\": \"LOSS\"\n    },\n    {\n      \"family_key\": \"D150C_M5_ret_6h_bps__trend_50_100_bps\",\n      \"closed_trade_count\": 1,\n      \"total_bps\": -68.58,\n      \"mean_bps\": -68.58,\n      \"total_net_profit\": -28.3,\n      \"last_rule_id\": \"D150C_M5_ret_6h_bps_GEQ35__trend_50_100_bps_GEQ35\",\n      \"last_outcome\": \"LOSS\"\n    },\n    {\n      \"family_key\": \"D150C_M5_trend_8_20_bps__trend_50_100_bps\",\n      \"closed_trade_count\": 1,\n      \"total_bps\": -50.52,\n      \"mean_bps\": -50.52,\n      \"total_net_profit\": -21.22,\n      \"last_rule_id\": \"D150C_M5_trend_8_20_bps_GEQ65__trend_50_100_bps_GEQ35\",\n      \"last_outcome\": \"LOSS\"\n    }\n  ],\n  \"repo_kv\": \"/Users/vahid/Desktop/xauusd-trader/data/demo_execution/xauusd_stage155_m5_active_router_rule_state_kv.csv\",\n  \"repo_latest\": \"/Users/vahid/Desktop/xauusd-trader/data/demo_execution/xauusd_stage155_m5_active_router_rule_state_latest.csv\",\n  \"mt5_kv_written\": true,\n  \"mt5_kv\": \"/Users/vahid/Library/Application Support/net.metaquotes.wine.metatrader5/drive_c/Program Files/MetaTrader 5/MQL5/Files/xauusd_stage155_m5_active_router_rule_state_kv.csv\",\n  \"mt5_latest\": \"/Users/vahid/Library/Application Support/net.metaquotes.wine.metatrader5/drive_c/Program Files/MetaTrader 5/MQL5/Files/xauusd_stage155_m5_active_router_rule_state_latest.csv\",\n  \"stage134_instruction\": {\n    \"InpRuleStateKvFile\": \"xauusd_stage155_m5_active_router_rule_state_kv.csv\",\n    \"InpAllowedRules\": \"all\",\n    \"keep_InpEnableDemoOrders\": \"true only on demo account\"\n  },\n  \"summary_json\": \"/Users/vahid/Desktop/xauusd-trader/reports/stage155_active_router_demo_risk_guard/m5/stage155_active_router_demo_risk_guard_summary.json\",\n  \"next\": [\n    \"Use this Stage157-hardened router behind Stage156; it preserves Stage155 KV filename so Stage134 input does not need to change.\",\n    \"If global_gate_freeze_active is true, keep demo orders blocked and repair discovery before re-enabling routing.\"\n  ]\n}\n",
      "stderr_tail": ""
    }
  ],
  "next": [
    "If classification is NO_ACTIVE_RULE, keep Stage155 running and do not patch unless inactivity is commercially unacceptable over a defined window.",
    "If classification is SOURCE_STALE or BLOCKED_STALE, update the M5 CSV and run this unifier again.",
    "Use --db-update-command only after identifying the repo's current AMarkets DB updater command."
  ]
}
{
  "stage": "Stage156_OPERATIONAL_UNIFIER",
  "generated_utc": "2026-07-08T11:39:35Z",
  "status": "STAGE156_COMPLETE_OPERATIONAL_UNIFIER_READY",
  "classification": "NO_ACTIVE_RULE",
  "reason": "Pipeline is fresh but no eligible active risk-guarded rule exists now.",
  "root": "/Users/vahid/Desktop/xauusd-trader",
  "mt5_files": "/Users/vahid/Library/Application Support/net.metaquotes.wine.metatrader5/drive_c/Program Files/MetaTrader 5/MQL5/Files",
  "source": {
    "bars_m5": "/Users/vahid/Downloads/xauusd_fundamental_event_inbox/amarkets_xauusd_5m.csv",
    "exists": true,
    "row_count_including_header_if_any": 318942,
    "last_line": "2026.07.08\t14:20:00\t4052.08\t4054.06\t4047.54\t4049.84\t359\t0\t33",
    "raw_latest_time": "2026-07-08T14:20:00Z",
    "timestamp_shift_hours": -3.0,
    "normalized_latest_time": "2026-07-08T11:20:00Z",
    "feature_age_sec": 1175,
    "max_feature_age_sec": 7200,
    "source_fresh": true
  },
  "router": {
    "cmd": "/Library/Frameworks/Python.framework/Versions/3.14/bin/python3 app/stage154_active_shortlist_rule_router.py --root /Users/vahid/Desktop/xauusd-trader --bars /Users/vahid/Downloads/xauusd_fundamental_event_inbox/amarkets_xauusd_5m.csv --score-csv /Users/vahid/Desktop/xauusd-trader/reports/stage150_mtf_separated_validation_discovery/m5/stage150_candidate_scores.csv --risk-summary /Users/vahid/Desktop/xauusd-trader/reports/stage145_clean_ledger_performance_gate/stage145_clean_ledger_performance_gate_summary.json --tf m5 --timeframe-minutes 5 --max-feature-age-sec 7200 --timestamp-shift-hours -3.0 --write-mt5",
    "kv_path": "/Users/vahid/Library/Application Support/net.metaquotes.wine.metatrader5/drive_c/Program Files/MetaTrader 5/MQL5/Files/xauusd_stage155_m5_active_router_rule_state_kv.csv",
    "decision": "STAGE157_GLOBAL_PERFORMANCE_FREEZE_NO_ORDER",
    "any_signal_active": "false",
    "selected_rule_id": "",
    "selected_family_key": "",
    "active_shortlist_count": "64",
    "eligible_shortlist_count": "188",
    "risk_blocked_family_count": "5"
  },
  "stage134": {
    "kv_path": "/Users/vahid/Library/Application Support/net.metaquotes.wine.metatrader5/drive_c/Program Files/MetaTrader 5/MQL5/Files/xauusd_stage134_demo_executor_status_kv.csv",
    "decision": "HOLD_NO_ACTIVE_ALLOWED_RULE",
    "reason": "no active selected rule",
    "feature_date": "2026-07-08T11:20:00Z",
    "signal_fresh": "true",
    "signal_age_sec": "1192",
    "any_signal_active": "false",
    "open_positions": "0",
    "last_success_signal_key": "2026-07-08T04:40:00Z|D150C_M5_ret_6h_bps_GEQ35__trend_50_100_bps_GEQ35",
    "last_attempt_signal_key": "2026-07-08T04:40:00Z|D150C_M5_ret_6h_bps_GEQ35__trend_50_100_bps_GEQ35"
  },
  "commands": [
    {
      "cmd": "/Library/Frameworks/Python.framework/Versions/3.14/bin/python3 app/stage154_active_shortlist_rule_router.py --root /Users/vahid/Desktop/xauusd-trader --bars /Users/vahid/Downloads/xauusd_fundamental_event_inbox/amarkets_xauusd_5m.csv --score-csv /Users/vahid/Desktop/xauusd-trader/reports/stage150_mtf_separated_validation_discovery/m5/stage150_candidate_scores.csv --risk-summary /Users/vahid/Desktop/xauusd-trader/reports/stage145_clean_ledger_performance_gate/stage145_clean_ledger_performance_gate_summary.json --tf m5 --timeframe-minutes 5 --max-feature-age-sec 7200 --timestamp-shift-hours -3.0 --write-mt5",
      "started_utc": "2026-07-08T11:39:35Z",
      "finished_utc": "2026-07-08T11:40:01Z",
      "returncode": 0,
      "stdout_tail": "performance_gate/stage145_clean_ledger_performance_gate_summary.json\",\n  \"global_freeze_guard\": true,\n  \"global_gate_freeze_active\": true,\n  \"global_gate_info\": {\n    \"global_gate_freeze_active\": true,\n    \"global_gate_reason\": \"Stage145 aggregate gate requires freeze/repair: gate_decision=STAGE145_FREEZE_REPAIR_RULE_NEGATIVE_EXPECTANCY; recommended_action=FREEZE_CURRENT_RULE_AND_REPAIR_DISCOVERY; severity=HIGH; closed_trade_count=13; total_bps=-78.3; mean_bps=-6.02; win_rate=0.4615\",\n    \"global_gate_decision\": \"STAGE145_FREEZE_REPAIR_RULE_NEGATIVE_EXPECTANCY\",\n    \"global_recommended_action\": \"FREEZE_CURRENT_RULE_AND_REPAIR_DISCOVERY\",\n    \"global_severity\": \"HIGH\",\n    \"global_closed_trade_count\": 13,\n    \"global_total_bps\": -78.3,\n    \"global_mean_bps\": -6.02,\n    \"global_win_rate\": 0.4615,\n    \"min_global_gate_trades\": 10\n  },\n  \"block_negative_demo_families\": true,\n  \"risk_blocked_family_count\": 5,\n  \"risk_blocked_candidate_count\": 36,\n  \"blocked_family_keys\": [\n    \"D138C_ret_48h_bps__trend_50_100_bps\",\n    \"D150C_M5_ret_12h_bps__trend_50_100_bps\",\n    \"D150C_M5_ret_3h_bps__ret_24h_bps\",\n    \"D150C_M5_ret_6h_bps__trend_50_100_bps\",\n    \"D150C_M5_trend_8_20_bps__trend_50_100_bps\"\n  ],\n  \"blocked_family_rows\": [\n    {\n      \"family_key\": \"D138C_ret_48h_bps__trend_50_100_bps\",\n      \"closed_trade_count\": 6,\n      \"total_bps\": -1.29,\n      \"mean_bps\": -0.21,\n      \"total_net_profit\": -0.94,\n      \"last_rule_id\": \"D138C_ret_48h_bps_GEQ65__trend_50_100_bps_LEQ65\",\n      \"last_outcome\": \"PROFIT\"\n    },\n    {\n      \"family_key\": \"D150C_M5_ret_12h_bps__trend_50_100_bps\",\n      \"closed_trade_count\": 1,\n      \"total_bps\": -57.1,\n      \"mean_bps\": -57.1,\n      \"total_net_profit\": -23.65,\n      \"last_rule_id\": \"D150C_M5_ret_12h_bps_GEQ35__trend_50_100_bps_GEQ35\",\n      \"last_outcome\": \"LOSS\"\n    },\n    {\n      \"family_key\": \"D150C_M5_ret_3h_bps__ret_24h_bps\",\n      \"closed_trade_count\": 1,\n      \"total_bps\": -19.35,\n      \"mean_bps\": -19.35,\n      \"total_net_profit\": -8.72,\n      \"last_rule_id\": \"D150C_M5_ret_3h_bps_GEQ65__ret_24h_bps_GEQ35\",\n      \"last_outcome\": \"LOSS\"\n    },\n    {\n      \"family_key\": \"D150C_M5_ret_6h_bps__trend_50_100_bps\",\n      \"closed_trade_count\": 1,\n      \"total_bps\": -68.58,\n      \"mean_bps\": -68.58,\n      \"total_net_profit\": -28.3,\n      \"last_rule_id\": \"D150C_M5_ret_6h_bps_GEQ35__trend_50_100_bps_GEQ35\",\n      \"last_outcome\": \"LOSS\"\n    },\n    {\n      \"family_key\": \"D150C_M5_trend_8_20_bps__trend_50_100_bps\",\n      \"closed_trade_count\": 1,\n      \"total_bps\": -50.52,\n      \"mean_bps\": -50.52,\n      \"total_net_profit\": -21.22,\n      \"last_rule_id\": \"D150C_M5_trend_8_20_bps_GEQ65__trend_50_100_bps_GEQ35\",\n      \"last_outcome\": \"LOSS\"\n    }\n  ],\n  \"repo_kv\": \"/Users/vahid/Desktop/xauusd-trader/data/demo_execution/xauusd_stage155_m5_active_router_rule_state_kv.csv\",\n  \"repo_latest\": \"/Users/vahid/Desktop/xauusd-trader/data/demo_execution/xauusd_stage155_m5_active_router_rule_state_latest.csv\",\n  \"mt5_kv_written\": true,\n  \"mt5_kv\": \"/Users/vahid/Library/Application Support/net.metaquotes.wine.metatrader5/drive_c/Program Files/MetaTrader 5/MQL5/Files/xauusd_stage155_m5_active_router_rule_state_kv.csv\",\n  \"mt5_latest\": \"/Users/vahid/Library/Application Support/net.metaquotes.wine.metatrader5/drive_c/Program Files/MetaTrader 5/MQL5/Files/xauusd_stage155_m5_active_router_rule_state_latest.csv\",\n  \"stage134_instruction\": {\n    \"InpRuleStateKvFile\": \"xauusd_stage155_m5_active_router_rule_state_kv.csv\",\n    \"InpAllowedRules\": \"all\",\n    \"keep_InpEnableDemoOrders\": \"true only on demo account\"\n  },\n  \"summary_json\": \"/Users/vahid/Desktop/xauusd-trader/reports/stage155_active_router_demo_risk_guard/m5/stage155_active_router_demo_risk_guard_summary.json\",\n  \"next\": [\n    \"Use this Stage157-hardened router behind Stage156; it preserves Stage155 KV filename so Stage134 input does not need to change.\",\n    \"If global_gate_freeze_active is true, keep demo orders blocked and repair discovery before re-enabling routing.\"\n  ]\n}\n",
      "stderr_tail": ""
    }
  ],
  "next": [
    "If classification is NO_ACTIVE_RULE, keep Stage155 running and do not patch unless inactivity is commercially unacceptable over a defined window.",
    "If classification is SOURCE_STALE or BLOCKED_STALE, update the M5 CSV and run this unifier again.",
    "Use --db-update-command only after identifying the repo's current AMarkets DB updater command."
  ]
}
