{
  "stage": "Stage155_ACTIVE_ROUTER_DEMO_RISK_GUARD",
  "generated_utc": "2026-07-07T09:44:40Z",
  "status": "STAGE155_COMPLETE_ACTIVE_ROUTER_DEMO_RISK_GUARD_READY",
  "decision": "STAGE155_ACTIVE_RISK_GUARDED_RULE_READY_POINT_STAGE134_TO_STAGE155_FILE",
  "root": "/Users/vahid/Desktop/xauusd-trader",
  "bars_path": "/Users/vahid/Downloads/xauusd_fundamental_event_inbox/amarkets_xauusd_5m.csv",
  "score_csv": "/Users/vahid/Desktop/xauusd-trader/reports/stage150_mtf_separated_validation_discovery/m5/stage150_candidate_scores.csv",
  "tf": "m5",
  "timeframe_minutes": 5,
  "raw_row_count": 318641,
  "bar_count": 318641,
  "raw_feature_date": "2026-07-07T12:20:00Z",
  "timestamp_shift_hours": -3.0,
  "feature_date": "2026-07-07T09:20:00Z",
  "feature_age_sec": 1524,
  "max_feature_age_sec": 7200,
  "feature_fresh": true,
  "score_rows": 552,
  "eligible_shortlist_count": 193,
  "active_shortlist_count": 78,
  "selected_rule_id": "D150C_M5_ret_3h_bps_GEQ35__trend_50_100_bps_GEQ35",
  "selected_label": "m5: ret_3h_bps >= q35 AND trend_50_100_bps >= q35",
  "selected_family_key": "D150C_M5_ret_3h_bps__trend_50_100_bps",
  "selected_condition_snapshot": "[{\"current\": -2.470984105756857, \"feature\": \"ret_3h_bps\", \"op\": \">=\", \"threshold\": -7.365592665587284}, {\"current\": 127.85634942136693, \"feature\": \"trend_50_100_bps\", \"op\": \">=\", \"threshold\": -14.337320822584214}]",
  "risk_summary": "/Users/vahid/Desktop/xauusd-trader/reports/stage145_clean_ledger_performance_gate/stage145_clean_ledger_performance_gate_summary.json",
  "block_negative_demo_families": true,
  "risk_blocked_family_count": 3,
  "risk_blocked_candidate_count": 18,
  "blocked_family_keys": [
    "D138C_ret_48h_bps__trend_50_100_bps",
    "D150C_M5_ret_3h_bps__ret_24h_bps",
    "D150C_M5_trend_8_20_bps__trend_50_100_bps"
  ],
  "blocked_family_rows": [
    {
      "family_key": "D138C_ret_48h_bps__trend_50_100_bps",
      "closed_trade_count": 6,
      "total_bps": -1.29,
      "mean_bps": -0.21,
      "total_net_profit": -0.94,
      "last_rule_id": "D138C_ret_48h_bps_GEQ65__trend_50_100_bps_LEQ65",
      "last_outcome": "PROFIT"
    },
    {
      "family_key": "D150C_M5_ret_3h_bps__ret_24h_bps",
      "closed_trade_count": 1,
      "total_bps": -19.35,
      "mean_bps": -19.35,
      "total_net_profit": -8.72,
      "last_rule_id": "D150C_M5_ret_3h_bps_GEQ65__ret_24h_bps_GEQ35",
      "last_outcome": "LOSS"
    },
    {
      "family_key": "D150C_M5_trend_8_20_bps__trend_50_100_bps",
      "closed_trade_count": 1,
      "total_bps": -50.52,
      "mean_bps": -50.52,
      "total_net_profit": -21.22,
      "last_rule_id": "D150C_M5_trend_8_20_bps_GEQ65__trend_50_100_bps_GEQ35",
      "last_outcome": "LOSS"
    }
  ],
  "repo_kv": "/Users/vahid/Desktop/xauusd-trader/data/demo_execution/xauusd_stage155_m5_active_router_rule_state_kv.csv",
  "repo_latest": "/Users/vahid/Desktop/xauusd-trader/data/demo_execution/xauusd_stage155_m5_active_router_rule_state_latest.csv",
  "mt5_kv_written": true,
  "mt5_kv": "/Users/vahid/Library/Application Support/net.metaquotes.wine.metatrader5/drive_c/Program Files/MetaTrader 5/MQL5/Files/xauusd_stage155_m5_active_router_rule_state_kv.csv",
  "mt5_latest": "/Users/vahid/Library/Application Support/net.metaquotes.wine.metatrader5/drive_c/Program Files/MetaTrader 5/MQL5/Files/xauusd_stage155_m5_active_router_rule_state_latest.csv",
  "stage134_instruction": {
    "InpRuleStateKvFile": "xauusd_stage155_m5_active_router_rule_state_kv.csv",
    "InpAllowedRules": "all",
    "keep_InpEnableDemoOrders": "true only on demo account"
  },
  "summary_json": "/Users/vahid/Desktop/xauusd-trader/reports/stage155_active_router_demo_risk_guard/m5/stage155_active_router_demo_risk_guard_summary.json",
  "next": [
    "Use Stage155 for demo execution routing after Stage154 exposed demo-negative families.",
    "Keep Stage150B as offline replacement discovery; Stage154 only routes cached PASS candidates."
  ]
}
{
  "stage": "Stage155_ACTIVE_ROUTER_DEMO_RISK_GUARD",
  "generated_utc": "2026-07-07T09:50:25Z",
  "status": "STAGE155_COMPLETE_ACTIVE_ROUTER_DEMO_RISK_GUARD_READY",
  "decision": "STAGE155_ACTIVE_RISK_GUARDED_RULE_READY_POINT_STAGE134_TO_STAGE155_FILE",
  "root": "/Users/vahid/Desktop/xauusd-trader",
  "bars_path": "/Users/vahid/Downloads/xauusd_fundamental_event_inbox/amarkets_xauusd_5m.csv",
  "score_csv": "/Users/vahid/Desktop/xauusd-trader/reports/stage150_mtf_separated_validation_discovery/m5/stage150_candidate_scores.csv",
  "tf": "m5",
  "timeframe_minutes": 5,
  "raw_row_count": 318641,
  "bar_count": 318641,
  "raw_feature_date": "2026-07-07T12:20:00Z",
  "timestamp_shift_hours": -3.0,
  "feature_date": "2026-07-07T09:20:00Z",
  "feature_age_sec": 1842,
  "max_feature_age_sec": 7200,
  "feature_fresh": true,
  "score_rows": 552,
  "eligible_shortlist_count": 193,
  "active_shortlist_count": 78,
  "selected_rule_id": "D150C_M5_ret_3h_bps_GEQ35__trend_50_100_bps_GEQ35",
  "selected_label": "m5: ret_3h_bps >= q35 AND trend_50_100_bps >= q35",
  "selected_family_key": "D150C_M5_ret_3h_bps__trend_50_100_bps",
  "selected_condition_snapshot": "[{\"current\": -2.470984105756857, \"feature\": \"ret_3h_bps\", \"op\": \">=\", \"threshold\": -7.365592665587284}, {\"current\": 127.85634942136693, \"feature\": \"trend_50_100_bps\", \"op\": \">=\", \"threshold\": -14.337320822584214}]",
  "risk_summary": "/Users/vahid/Desktop/xauusd-trader/reports/stage145_clean_ledger_performance_gate/stage145_clean_ledger_performance_gate_summary.json",
  "block_negative_demo_families": true,
  "risk_blocked_family_count": 3,
  "risk_blocked_candidate_count": 18,
  "blocked_family_keys": [
    "D138C_ret_48h_bps__trend_50_100_bps",
    "D150C_M5_ret_3h_bps__ret_24h_bps",
    "D150C_M5_trend_8_20_bps__trend_50_100_bps"
  ],
  "blocked_family_rows": [
    {
      "family_key": "D138C_ret_48h_bps__trend_50_100_bps",
      "closed_trade_count": 6,
      "total_bps": -1.29,
      "mean_bps": -0.21,
      "total_net_profit": -0.94,
      "last_rule_id": "D138C_ret_48h_bps_GEQ65__trend_50_100_bps_LEQ65",
      "last_outcome": "PROFIT"
    },
    {
      "family_key": "D150C_M5_ret_3h_bps__ret_24h_bps",
      "closed_trade_count": 1,
      "total_bps": -19.35,
      "mean_bps": -19.35,
      "total_net_profit": -8.72,
      "last_rule_id": "D150C_M5_ret_3h_bps_GEQ65__ret_24h_bps_GEQ35",
      "last_outcome": "LOSS"
    },
    {
      "family_key": "D150C_M5_trend_8_20_bps__trend_50_100_bps",
      "closed_trade_count": 1,
      "total_bps": -50.52,
      "mean_bps": -50.52,
      "total_net_profit": -21.22,
      "last_rule_id": "D150C_M5_trend_8_20_bps_GEQ65__trend_50_100_bps_GEQ35",
      "last_outcome": "LOSS"
    }
  ],
  "repo_kv": "/Users/vahid/Desktop/xauusd-trader/data/demo_execution/xauusd_stage155_m5_active_router_rule_state_kv.csv",
  "repo_latest": "/Users/vahid/Desktop/xauusd-trader/data/demo_execution/xauusd_stage155_m5_active_router_rule_state_latest.csv",
  "mt5_kv_written": true,
  "mt5_kv": "/Users/vahid/Library/Application Support/net.metaquotes.wine.metatrader5/drive_c/Program Files/MetaTrader 5/MQL5/Files/xauusd_stage155_m5_active_router_rule_state_kv.csv",
  "mt5_latest": "/Users/vahid/Library/Application Support/net.metaquotes.wine.metatrader5/drive_c/Program Files/MetaTrader 5/MQL5/Files/xauusd_stage155_m5_active_router_rule_state_latest.csv",
  "stage134_instruction": {
    "InpRuleStateKvFile": "xauusd_stage155_m5_active_router_rule_state_kv.csv",
    "InpAllowedRules": "all",
    "keep_InpEnableDemoOrders": "true only on demo account"
  },
  "summary_json": "/Users/vahid/Desktop/xauusd-trader/reports/stage155_active_router_demo_risk_guard/m5/stage155_active_router_demo_risk_guard_summary.json",
  "next": [
    "Use Stage155 for demo execution routing after Stage154 exposed demo-negative families.",
    "Keep Stage150B as offline replacement discovery; Stage154 only routes cached PASS candidates."
  ]
}
{
  "stage": "Stage155_ACTIVE_ROUTER_DEMO_RISK_GUARD",
  "generated_utc": "2026-07-07T09:55:43Z",
  "status": "STAGE155_COMPLETE_ACTIVE_ROUTER_DEMO_RISK_GUARD_READY",
  "decision": "STAGE155_ACTIVE_RISK_GUARDED_RULE_READY_POINT_STAGE134_TO_STAGE155_FILE",
  "root": "/Users/vahid/Desktop/xauusd-trader",
  "bars_path": "/Users/vahid/Downloads/xauusd_fundamental_event_inbox/amarkets_xauusd_5m.csv",
  "score_csv": "/Users/vahid/Desktop/xauusd-trader/reports/stage150_mtf_separated_validation_discovery/m5/stage150_candidate_scores.csv",
  "tf": "m5",
  "timeframe_minutes": 5,
  "raw_row_count": 318641,
  "bar_count": 318641,
  "raw_feature_date": "2026-07-07T12:20:00Z",
  "timestamp_shift_hours": -3.0,
  "feature_date": "2026-07-07T09:20:00Z",
  "feature_age_sec": 2163,
  "max_feature_age_sec": 7200,
  "feature_fresh": true,
  "score_rows": 552,
  "eligible_shortlist_count": 193,
  "active_shortlist_count": 78,
  "selected_rule_id": "D150C_M5_ret_3h_bps_GEQ35__trend_50_100_bps_GEQ35",
  "selected_label": "m5: ret_3h_bps >= q35 AND trend_50_100_bps >= q35",
  "selected_family_key": "D150C_M5_ret_3h_bps__trend_50_100_bps",
  "selected_condition_snapshot": "[{\"current\": -2.470984105756857, \"feature\": \"ret_3h_bps\", \"op\": \">=\", \"threshold\": -7.365592665587284}, {\"current\": 127.85634942136693, \"feature\": \"trend_50_100_bps\", \"op\": \">=\", \"threshold\": -14.337320822584214}]",
  "risk_summary": "/Users/vahid/Desktop/xauusd-trader/reports/stage145_clean_ledger_performance_gate/stage145_clean_ledger_performance_gate_summary.json",
  "block_negative_demo_families": true,
  "risk_blocked_family_count": 3,
  "risk_blocked_candidate_count": 18,
  "blocked_family_keys": [
    "D138C_ret_48h_bps__trend_50_100_bps",
    "D150C_M5_ret_3h_bps__ret_24h_bps",
    "D150C_M5_trend_8_20_bps__trend_50_100_bps"
  ],
  "blocked_family_rows": [
    {
      "family_key": "D138C_ret_48h_bps__trend_50_100_bps",
      "closed_trade_count": 6,
      "total_bps": -1.29,
      "mean_bps": -0.21,
      "total_net_profit": -0.94,
      "last_rule_id": "D138C_ret_48h_bps_GEQ65__trend_50_100_bps_LEQ65",
      "last_outcome": "PROFIT"
    },
    {
      "family_key": "D150C_M5_ret_3h_bps__ret_24h_bps",
      "closed_trade_count": 1,
      "total_bps": -19.35,
      "mean_bps": -19.35,
      "total_net_profit": -8.72,
      "last_rule_id": "D150C_M5_ret_3h_bps_GEQ65__ret_24h_bps_GEQ35",
      "last_outcome": "LOSS"
    },
    {
      "family_key": "D150C_M5_trend_8_20_bps__trend_50_100_bps",
      "closed_trade_count": 1,
      "total_bps": -50.52,
      "mean_bps": -50.52,
      "total_net_profit": -21.22,
      "last_rule_id": "D150C_M5_trend_8_20_bps_GEQ65__trend_50_100_bps_GEQ35",
      "last_outcome": "LOSS"
    }
  ],
  "repo_kv": "/Users/vahid/Desktop/xauusd-trader/data/demo_execution/xauusd_stage155_m5_active_router_rule_state_kv.csv",
  "repo_latest": "/Users/vahid/Desktop/xauusd-trader/data/demo_execution/xauusd_stage155_m5_active_router_rule_state_latest.csv",
  "mt5_kv_written": true,
  "mt5_kv": "/Users/vahid/Library/Application Support/net.metaquotes.wine.metatrader5/drive_c/Program Files/MetaTrader 5/MQL5/Files/xauusd_stage155_m5_active_router_rule_state_kv.csv",
  "mt5_latest": "/Users/vahid/Library/Application Support/net.metaquotes.wine.metatrader5/drive_c/Program Files/MetaTrader 5/MQL5/Files/xauusd_stage155_m5_active_router_rule_state_latest.csv",
  "stage134_instruction": {
    "InpRuleStateKvFile": "xauusd_stage155_m5_active_router_rule_state_kv.csv",
    "InpAllowedRules": "all",
    "keep_InpEnableDemoOrders": "true only on demo account"
  },
  "summary_json": "/Users/vahid/Desktop/xauusd-trader/reports/stage155_active_router_demo_risk_guard/m5/stage155_active_router_demo_risk_guard_summary.json",
  "next": [
    "Use Stage155 for demo execution routing after Stage154 exposed demo-negative families.",
    "Keep Stage150B as offline replacement discovery; Stage154 only routes cached PASS candidates."
  ]
}
{
  "stage": "Stage155_ACTIVE_ROUTER_DEMO_RISK_GUARD",
  "generated_utc": "2026-07-07T10:01:05Z",
  "status": "STAGE155_COMPLETE_ACTIVE_ROUTER_DEMO_RISK_GUARD_READY",
  "decision": "STAGE155_ACTIVE_RISK_GUARDED_RULE_READY_POINT_STAGE134_TO_STAGE155_FILE",
  "root": "/Users/vahid/Desktop/xauusd-trader",
  "bars_path": "/Users/vahid/Downloads/xauusd_fundamental_event_inbox/amarkets_xauusd_5m.csv",
  "score_csv": "/Users/vahid/Desktop/xauusd-trader/reports/stage150_mtf_separated_validation_discovery/m5/stage150_candidate_scores.csv",
  "tf": "m5",
  "timeframe_minutes": 5,
  "raw_row_count": 318641,
  "bar_count": 318641,
  "raw_feature_date": "2026-07-07T12:20:00Z",
  "timestamp_shift_hours": -3.0,
  "feature_date": "2026-07-07T09:20:00Z",
  "feature_age_sec": 2486,
  "max_feature_age_sec": 7200,
  "feature_fresh": true,
  "score_rows": 552,
  "eligible_shortlist_count": 193,
  "active_shortlist_count": 78,
  "selected_rule_id": "D150C_M5_ret_3h_bps_GEQ35__trend_50_100_bps_GEQ35",
  "selected_label": "m5: ret_3h_bps >= q35 AND trend_50_100_bps >= q35",
  "selected_family_key": "D150C_M5_ret_3h_bps__trend_50_100_bps",
  "selected_condition_snapshot": "[{\"current\": -2.470984105756857, \"feature\": \"ret_3h_bps\", \"op\": \">=\", \"threshold\": -7.365592665587284}, {\"current\": 127.85634942136693, \"feature\": \"trend_50_100_bps\", \"op\": \">=\", \"threshold\": -14.337320822584214}]",
  "risk_summary": "/Users/vahid/Desktop/xauusd-trader/reports/stage145_clean_ledger_performance_gate/stage145_clean_ledger_performance_gate_summary.json",
  "block_negative_demo_families": true,
  "risk_blocked_family_count": 3,
  "risk_blocked_candidate_count": 18,
  "blocked_family_keys": [
    "D138C_ret_48h_bps__trend_50_100_bps",
    "D150C_M5_ret_3h_bps__ret_24h_bps",
    "D150C_M5_trend_8_20_bps__trend_50_100_bps"
  ],
  "blocked_family_rows": [
    {
      "family_key": "D138C_ret_48h_bps__trend_50_100_bps",
      "closed_trade_count": 6,
      "total_bps": -1.29,
      "mean_bps": -0.21,
      "total_net_profit": -0.94,
      "last_rule_id": "D138C_ret_48h_bps_GEQ65__trend_50_100_bps_LEQ65",
      "last_outcome": "PROFIT"
    },
    {
      "family_key": "D150C_M5_ret_3h_bps__ret_24h_bps",
      "closed_trade_count": 1,
      "total_bps": -19.35,
      "mean_bps": -19.35,
      "total_net_profit": -8.72,
      "last_rule_id": "D150C_M5_ret_3h_bps_GEQ65__ret_24h_bps_GEQ35",
      "last_outcome": "LOSS"
    },
    {
      "family_key": "D150C_M5_trend_8_20_bps__trend_50_100_bps",
      "closed_trade_count": 1,
      "total_bps": -50.52,
      "mean_bps": -50.52,
      "total_net_profit": -21.22,
      "last_rule_id": "D150C_M5_trend_8_20_bps_GEQ65__trend_50_100_bps_GEQ35",
      "last_outcome": "LOSS"
    }
  ],
  "repo_kv": "/Users/vahid/Desktop/xauusd-trader/data/demo_execution/xauusd_stage155_m5_active_router_rule_state_kv.csv",
  "repo_latest": "/Users/vahid/Desktop/xauusd-trader/data/demo_execution/xauusd_stage155_m5_active_router_rule_state_latest.csv",
  "mt5_kv_written": true,
  "mt5_kv": "/Users/vahid/Library/Application Support/net.metaquotes.wine.metatrader5/drive_c/Program Files/MetaTrader 5/MQL5/Files/xauusd_stage155_m5_active_router_rule_state_kv.csv",
  "mt5_latest": "/Users/vahid/Library/Application Support/net.metaquotes.wine.metatrader5/drive_c/Program Files/MetaTrader 5/MQL5/Files/xauusd_stage155_m5_active_router_rule_state_latest.csv",
  "stage134_instruction": {
    "InpRuleStateKvFile": "xauusd_stage155_m5_active_router_rule_state_kv.csv",
    "InpAllowedRules": "all",
    "keep_InpEnableDemoOrders": "true only on demo account"
  },
  "summary_json": "/Users/vahid/Desktop/xauusd-trader/reports/stage155_active_router_demo_risk_guard/m5/stage155_active_router_demo_risk_guard_summary.json",
  "next": [
    "Use Stage155 for demo execution routing after Stage154 exposed demo-negative families.",
    "Keep Stage150B as offline replacement discovery; Stage154 only routes cached PASS candidates."
  ]
}
{
  "stage": "Stage155_ACTIVE_ROUTER_DEMO_RISK_GUARD",
  "generated_utc": "2026-07-07T10:06:28Z",
  "status": "STAGE155_COMPLETE_ACTIVE_ROUTER_DEMO_RISK_GUARD_READY",
  "decision": "STAGE155_ACTIVE_RISK_GUARDED_RULE_READY_POINT_STAGE134_TO_STAGE155_FILE",
  "root": "/Users/vahid/Desktop/xauusd-trader",
  "bars_path": "/Users/vahid/Downloads/xauusd_fundamental_event_inbox/amarkets_xauusd_5m.csv",
  "score_csv": "/Users/vahid/Desktop/xauusd-trader/reports/stage150_mtf_separated_validation_discovery/m5/stage150_candidate_scores.csv",
  "tf": "m5",
  "timeframe_minutes": 5,
  "raw_row_count": 318641,
  "bar_count": 318641,
  "raw_feature_date": "2026-07-07T12:20:00Z",
  "timestamp_shift_hours": -3.0,
  "feature_date": "2026-07-07T09:20:00Z",
  "feature_age_sec": 2809,
  "max_feature_age_sec": 7200,
  "feature_fresh": true,
  "score_rows": 552,
  "eligible_shortlist_count": 193,
  "active_shortlist_count": 78,
  "selected_rule_id": "D150C_M5_ret_3h_bps_GEQ35__trend_50_100_bps_GEQ35",
  "selected_label": "m5: ret_3h_bps >= q35 AND trend_50_100_bps >= q35",
  "selected_family_key": "D150C_M5_ret_3h_bps__trend_50_100_bps",
  "selected_condition_snapshot": "[{\"current\": -2.470984105756857, \"feature\": \"ret_3h_bps\", \"op\": \">=\", \"threshold\": -7.365592665587284}, {\"current\": 127.85634942136693, \"feature\": \"trend_50_100_bps\", \"op\": \">=\", \"threshold\": -14.337320822584214}]",
  "risk_summary": "/Users/vahid/Desktop/xauusd-trader/reports/stage145_clean_ledger_performance_gate/stage145_clean_ledger_performance_gate_summary.json",
  "block_negative_demo_families": true,
  "risk_blocked_family_count": 3,
  "risk_blocked_candidate_count": 18,
  "blocked_family_keys": [
    "D138C_ret_48h_bps__trend_50_100_bps",
    "D150C_M5_ret_3h_bps__ret_24h_bps",
    "D150C_M5_trend_8_20_bps__trend_50_100_bps"
  ],
  "blocked_family_rows": [
    {
      "family_key": "D138C_ret_48h_bps__trend_50_100_bps",
      "closed_trade_count": 6,
      "total_bps": -1.29,
      "mean_bps": -0.21,
      "total_net_profit": -0.94,
      "last_rule_id": "D138C_ret_48h_bps_GEQ65__trend_50_100_bps_LEQ65",
      "last_outcome": "PROFIT"
    },
    {
      "family_key": "D150C_M5_ret_3h_bps__ret_24h_bps",
      "closed_trade_count": 1,
      "total_bps": -19.35,
      "mean_bps": -19.35,
      "total_net_profit": -8.72,
      "last_rule_id": "D150C_M5_ret_3h_bps_GEQ65__ret_24h_bps_GEQ35",
      "last_outcome": "LOSS"
    },
    {
      "family_key": "D150C_M5_trend_8_20_bps__trend_50_100_bps",
      "closed_trade_count": 1,
      "total_bps": -50.52,
      "mean_bps": -50.52,
      "total_net_profit": -21.22,
      "last_rule_id": "D150C_M5_trend_8_20_bps_GEQ65__trend_50_100_bps_GEQ35",
      "last_outcome": "LOSS"
    }
  ],
  "repo_kv": "/Users/vahid/Desktop/xauusd-trader/data/demo_execution/xauusd_stage155_m5_active_router_rule_state_kv.csv",
  "repo_latest": "/Users/vahid/Desktop/xauusd-trader/data/demo_execution/xauusd_stage155_m5_active_router_rule_state_latest.csv",
  "mt5_kv_written": true,
  "mt5_kv": "/Users/vahid/Library/Application Support/net.metaquotes.wine.metatrader5/drive_c/Program Files/MetaTrader 5/MQL5/Files/xauusd_stage155_m5_active_router_rule_state_kv.csv",
  "mt5_latest": "/Users/vahid/Library/Application Support/net.metaquotes.wine.metatrader5/drive_c/Program Files/MetaTrader 5/MQL5/Files/xauusd_stage155_m5_active_router_rule_state_latest.csv",
  "stage134_instruction": {
    "InpRuleStateKvFile": "xauusd_stage155_m5_active_router_rule_state_kv.csv",
    "InpAllowedRules": "all",
    "keep_InpEnableDemoOrders": "true only on demo account"
  },
  "summary_json": "/Users/vahid/Desktop/xauusd-trader/reports/stage155_active_router_demo_risk_guard/m5/stage155_active_router_demo_risk_guard_summary.json",
  "next": [
    "Use Stage155 for demo execution routing after Stage154 exposed demo-negative families.",
    "Keep Stage150B as offline replacement discovery; Stage154 only routes cached PASS candidates."
  ]
}
{
  "stage": "Stage155_ACTIVE_ROUTER_DEMO_RISK_GUARD",
  "generated_utc": "2026-07-07T10:11:54Z",
  "status": "STAGE155_COMPLETE_ACTIVE_ROUTER_DEMO_RISK_GUARD_READY",
  "decision": "STAGE155_ACTIVE_RISK_GUARDED_RULE_READY_POINT_STAGE134_TO_STAGE155_FILE",
  "root": "/Users/vahid/Desktop/xauusd-trader",
  "bars_path": "/Users/vahid/Downloads/xauusd_fundamental_event_inbox/amarkets_xauusd_5m.csv",
  "score_csv": "/Users/vahid/Desktop/xauusd-trader/reports/stage150_mtf_separated_validation_discovery/m5/stage150_candidate_scores.csv",
  "tf": "m5",
  "timeframe_minutes": 5,
  "raw_row_count": 318641,
  "bar_count": 318641,
  "raw_feature_date": "2026-07-07T12:20:00Z",
  "timestamp_shift_hours": -3.0,
  "feature_date": "2026-07-07T09:20:00Z",
  "feature_age_sec": 3188,
  "max_feature_age_sec": 7200,
  "feature_fresh": true,
  "score_rows": 552,
  "eligible_shortlist_count": 193,
  "active_shortlist_count": 78,
  "selected_rule_id": "D150C_M5_ret_3h_bps_GEQ35__trend_50_100_bps_GEQ35",
  "selected_label": "m5: ret_3h_bps >= q35 AND trend_50_100_bps >= q35",
  "selected_family_key": "D150C_M5_ret_3h_bps__trend_50_100_bps",
  "selected_condition_snapshot": "[{\"current\": -2.470984105756857, \"feature\": \"ret_3h_bps\", \"op\": \">=\", \"threshold\": -7.365592665587284}, {\"current\": 127.85634942136693, \"feature\": \"trend_50_100_bps\", \"op\": \">=\", \"threshold\": -14.337320822584214}]",
  "risk_summary": "/Users/vahid/Desktop/xauusd-trader/reports/stage145_clean_ledger_performance_gate/stage145_clean_ledger_performance_gate_summary.json",
  "block_negative_demo_families": true,
  "risk_blocked_family_count": 3,
  "risk_blocked_candidate_count": 18,
  "blocked_family_keys": [
    "D138C_ret_48h_bps__trend_50_100_bps",
    "D150C_M5_ret_3h_bps__ret_24h_bps",
    "D150C_M5_trend_8_20_bps__trend_50_100_bps"
  ],
  "blocked_family_rows": [
    {
      "family_key": "D138C_ret_48h_bps__trend_50_100_bps",
      "closed_trade_count": 6,
      "total_bps": -1.29,
      "mean_bps": -0.21,
      "total_net_profit": -0.94,
      "last_rule_id": "D138C_ret_48h_bps_GEQ65__trend_50_100_bps_LEQ65",
      "last_outcome": "PROFIT"
    },
    {
      "family_key": "D150C_M5_ret_3h_bps__ret_24h_bps",
      "closed_trade_count": 1,
      "total_bps": -19.35,
      "mean_bps": -19.35,
      "total_net_profit": -8.72,
      "last_rule_id": "D150C_M5_ret_3h_bps_GEQ65__ret_24h_bps_GEQ35",
      "last_outcome": "LOSS"
    },
    {
      "family_key": "D150C_M5_trend_8_20_bps__trend_50_100_bps",
      "closed_trade_count": 1,
      "total_bps": -50.52,
      "mean_bps": -50.52,
      "total_net_profit": -21.22,
      "last_rule_id": "D150C_M5_trend_8_20_bps_GEQ65__trend_50_100_bps_GEQ35",
      "last_outcome": "LOSS"
    }
  ],
  "repo_kv": "/Users/vahid/Desktop/xauusd-trader/data/demo_execution/xauusd_stage155_m5_active_router_rule_state_kv.csv",
  "repo_latest": "/Users/vahid/Desktop/xauusd-trader/data/demo_execution/xauusd_stage155_m5_active_router_rule_state_latest.csv",
  "mt5_kv_written": true,
  "mt5_kv": "/Users/vahid/Library/Application Support/net.metaquotes.wine.metatrader5/drive_c/Program Files/MetaTrader 5/MQL5/Files/xauusd_stage155_m5_active_router_rule_state_kv.csv",
  "mt5_latest": "/Users/vahid/Library/Application Support/net.metaquotes.wine.metatrader5/drive_c/Program Files/MetaTrader 5/MQL5/Files/xauusd_stage155_m5_active_router_rule_state_latest.csv",
  "stage134_instruction": {
    "InpRuleStateKvFile": "xauusd_stage155_m5_active_router_rule_state_kv.csv",
    "InpAllowedRules": "all",
    "keep_InpEnableDemoOrders": "true only on demo account"
  },
  "summary_json": "/Users/vahid/Desktop/xauusd-trader/reports/stage155_active_router_demo_risk_guard/m5/stage155_active_router_demo_risk_guard_summary.json",
  "next": [
    "Use Stage155 for demo execution routing after Stage154 exposed demo-negative families.",
    "Keep Stage150B as offline replacement discovery; Stage154 only routes cached PASS candidates."
  ]
}
{
  "stage": "Stage155_ACTIVE_ROUTER_DEMO_RISK_GUARD",
  "generated_utc": "2026-07-07T10:18:09Z",
  "status": "STAGE155_COMPLETE_ACTIVE_ROUTER_DEMO_RISK_GUARD_READY",
  "decision": "STAGE155_ACTIVE_RISK_GUARDED_RULE_READY_POINT_STAGE134_TO_STAGE155_FILE",
  "root": "/Users/vahid/Desktop/xauusd-trader",
  "bars_path": "/Users/vahid/Downloads/xauusd_fundamental_event_inbox/amarkets_xauusd_5m.csv",
  "score_csv": "/Users/vahid/Desktop/xauusd-trader/reports/stage150_mtf_separated_validation_discovery/m5/stage150_candidate_scores.csv",
  "tf": "m5",
  "timeframe_minutes": 5,
  "raw_row_count": 318641,
  "bar_count": 318641,
  "raw_feature_date": "2026-07-07T12:20:00Z",
  "timestamp_shift_hours": -3.0,
  "feature_date": "2026-07-07T09:20:00Z",
  "feature_age_sec": 3522,
  "max_feature_age_sec": 7200,
  "feature_fresh": true,
  "score_rows": 552,
  "eligible_shortlist_count": 193,
  "active_shortlist_count": 78,
  "selected_rule_id": "D150C_M5_ret_3h_bps_GEQ35__trend_50_100_bps_GEQ35",
  "selected_label": "m5: ret_3h_bps >= q35 AND trend_50_100_bps >= q35",
  "selected_family_key": "D150C_M5_ret_3h_bps__trend_50_100_bps",
  "selected_condition_snapshot": "[{\"current\": -2.470984105756857, \"feature\": \"ret_3h_bps\", \"op\": \">=\", \"threshold\": -7.365592665587284}, {\"current\": 127.85634942136693, \"feature\": \"trend_50_100_bps\", \"op\": \">=\", \"threshold\": -14.337320822584214}]",
  "risk_summary": "/Users/vahid/Desktop/xauusd-trader/reports/stage145_clean_ledger_performance_gate/stage145_clean_ledger_performance_gate_summary.json",
  "block_negative_demo_families": true,
  "risk_blocked_family_count": 3,
  "risk_blocked_candidate_count": 18,
  "blocked_family_keys": [
    "D138C_ret_48h_bps__trend_50_100_bps",
    "D150C_M5_ret_3h_bps__ret_24h_bps",
    "D150C_M5_trend_8_20_bps__trend_50_100_bps"
  ],
  "blocked_family_rows": [
    {
      "family_key": "D138C_ret_48h_bps__trend_50_100_bps",
      "closed_trade_count": 6,
      "total_bps": -1.29,
      "mean_bps": -0.21,
      "total_net_profit": -0.94,
      "last_rule_id": "D138C_ret_48h_bps_GEQ65__trend_50_100_bps_LEQ65",
      "last_outcome": "PROFIT"
    },
    {
      "family_key": "D150C_M5_ret_3h_bps__ret_24h_bps",
      "closed_trade_count": 1,
      "total_bps": -19.35,
      "mean_bps": -19.35,
      "total_net_profit": -8.72,
      "last_rule_id": "D150C_M5_ret_3h_bps_GEQ65__ret_24h_bps_GEQ35",
      "last_outcome": "LOSS"
    },
    {
      "family_key": "D150C_M5_trend_8_20_bps__trend_50_100_bps",
      "closed_trade_count": 1,
      "total_bps": -50.52,
      "mean_bps": -50.52,
      "total_net_profit": -21.22,
      "last_rule_id": "D150C_M5_trend_8_20_bps_GEQ65__trend_50_100_bps_GEQ35",
      "last_outcome": "LOSS"
    }
  ],
  "repo_kv": "/Users/vahid/Desktop/xauusd-trader/data/demo_execution/xauusd_stage155_m5_active_router_rule_state_kv.csv",
  "repo_latest": "/Users/vahid/Desktop/xauusd-trader/data/demo_execution/xauusd_stage155_m5_active_router_rule_state_latest.csv",
  "mt5_kv_written": true,
  "mt5_kv": "/Users/vahid/Library/Application Support/net.metaquotes.wine.metatrader5/drive_c/Program Files/MetaTrader 5/MQL5/Files/xauusd_stage155_m5_active_router_rule_state_kv.csv",
  "mt5_latest": "/Users/vahid/Library/Application Support/net.metaquotes.wine.metatrader5/drive_c/Program Files/MetaTrader 5/MQL5/Files/xauusd_stage155_m5_active_router_rule_state_latest.csv",
  "stage134_instruction": {
    "InpRuleStateKvFile": "xauusd_stage155_m5_active_router_rule_state_kv.csv",
    "InpAllowedRules": "all",
    "keep_InpEnableDemoOrders": "true only on demo account"
  },
  "summary_json": "/Users/vahid/Desktop/xauusd-trader/reports/stage155_active_router_demo_risk_guard/m5/stage155_active_router_demo_risk_guard_summary.json",
  "next": [
    "Use Stage155 for demo execution routing after Stage154 exposed demo-negative families.",
    "Keep Stage150B as offline replacement discovery; Stage154 only routes cached PASS candidates."
  ]
}
{
  "stage": "Stage155_ACTIVE_ROUTER_DEMO_RISK_GUARD",
  "generated_utc": "2026-07-07T10:23:43Z",
  "status": "STAGE155_COMPLETE_ACTIVE_ROUTER_DEMO_RISK_GUARD_READY",
  "decision": "STAGE155_ACTIVE_RISK_GUARDED_RULE_READY_POINT_STAGE134_TO_STAGE155_FILE",
  "root": "/Users/vahid/Desktop/xauusd-trader",
  "bars_path": "/Users/vahid/Downloads/xauusd_fundamental_event_inbox/amarkets_xauusd_5m.csv",
  "score_csv": "/Users/vahid/Desktop/xauusd-trader/reports/stage150_mtf_separated_validation_discovery/m5/stage150_candidate_scores.csv",
  "tf": "m5",
  "timeframe_minutes": 5,
  "raw_row_count": 318641,
  "bar_count": 318641,
  "raw_feature_date": "2026-07-07T12:20:00Z",
  "timestamp_shift_hours": -3.0,
  "feature_date": "2026-07-07T09:20:00Z",
  "feature_age_sec": 3840,
  "max_feature_age_sec": 7200,
  "feature_fresh": true,
  "score_rows": 552,
  "eligible_shortlist_count": 193,
  "active_shortlist_count": 78,
  "selected_rule_id": "D150C_M5_ret_3h_bps_GEQ35__trend_50_100_bps_GEQ35",
  "selected_label": "m5: ret_3h_bps >= q35 AND trend_50_100_bps >= q35",
  "selected_family_key": "D150C_M5_ret_3h_bps__trend_50_100_bps",
  "selected_condition_snapshot": "[{\"current\": -2.470984105756857, \"feature\": \"ret_3h_bps\", \"op\": \">=\", \"threshold\": -7.365592665587284}, {\"current\": 127.85634942136693, \"feature\": \"trend_50_100_bps\", \"op\": \">=\", \"threshold\": -14.337320822584214}]",
  "risk_summary": "/Users/vahid/Desktop/xauusd-trader/reports/stage145_clean_ledger_performance_gate/stage145_clean_ledger_performance_gate_summary.json",
  "block_negative_demo_families": true,
  "risk_blocked_family_count": 3,
  "risk_blocked_candidate_count": 18,
  "blocked_family_keys": [
    "D138C_ret_48h_bps__trend_50_100_bps",
    "D150C_M5_ret_3h_bps__ret_24h_bps",
    "D150C_M5_trend_8_20_bps__trend_50_100_bps"
  ],
  "blocked_family_rows": [
    {
      "family_key": "D138C_ret_48h_bps__trend_50_100_bps",
      "closed_trade_count": 6,
      "total_bps": -1.29,
      "mean_bps": -0.21,
      "total_net_profit": -0.94,
      "last_rule_id": "D138C_ret_48h_bps_GEQ65__trend_50_100_bps_LEQ65",
      "last_outcome": "PROFIT"
    },
    {
      "family_key": "D150C_M5_ret_3h_bps__ret_24h_bps",
      "closed_trade_count": 1,
      "total_bps": -19.35,
      "mean_bps": -19.35,
      "total_net_profit": -8.72,
      "last_rule_id": "D150C_M5_ret_3h_bps_GEQ65__ret_24h_bps_GEQ35",
      "last_outcome": "LOSS"
    },
    {
      "family_key": "D150C_M5_trend_8_20_bps__trend_50_100_bps",
      "closed_trade_count": 1,
      "total_bps": -50.52,
      "mean_bps": -50.52,
      "total_net_profit": -21.22,
      "last_rule_id": "D150C_M5_trend_8_20_bps_GEQ65__trend_50_100_bps_GEQ35",
      "last_outcome": "LOSS"
    }
  ],
  "repo_kv": "/Users/vahid/Desktop/xauusd-trader/data/demo_execution/xauusd_stage155_m5_active_router_rule_state_kv.csv",
  "repo_latest": "/Users/vahid/Desktop/xauusd-trader/data/demo_execution/xauusd_stage155_m5_active_router_rule_state_latest.csv",
  "mt5_kv_written": true,
  "mt5_kv": "/Users/vahid/Library/Application Support/net.metaquotes.wine.metatrader5/drive_c/Program Files/MetaTrader 5/MQL5/Files/xauusd_stage155_m5_active_router_rule_state_kv.csv",
  "mt5_latest": "/Users/vahid/Library/Application Support/net.metaquotes.wine.metatrader5/drive_c/Program Files/MetaTrader 5/MQL5/Files/xauusd_stage155_m5_active_router_rule_state_latest.csv",
  "stage134_instruction": {
    "InpRuleStateKvFile": "xauusd_stage155_m5_active_router_rule_state_kv.csv",
    "InpAllowedRules": "all",
    "keep_InpEnableDemoOrders": "true only on demo account"
  },
  "summary_json": "/Users/vahid/Desktop/xauusd-trader/reports/stage155_active_router_demo_risk_guard/m5/stage155_active_router_demo_risk_guard_summary.json",
  "next": [
    "Use Stage155 for demo execution routing after Stage154 exposed demo-negative families.",
    "Keep Stage150B as offline replacement discovery; Stage154 only routes cached PASS candidates."
  ]
}
{
  "stage": "Stage155_ACTIVE_ROUTER_DEMO_RISK_GUARD",
  "generated_utc": "2026-07-07T10:32:41Z",
  "status": "STAGE155_COMPLETE_ACTIVE_ROUTER_DEMO_RISK_GUARD_READY",
  "decision": "STAGE155_ACTIVE_RISK_GUARDED_RULE_READY_POINT_STAGE134_TO_STAGE155_FILE",
  "root": "/Users/vahid/Desktop/xauusd-trader",
  "bars_path": "/Users/vahid/Downloads/xauusd_fundamental_event_inbox/amarkets_xauusd_5m.csv",
  "score_csv": "/Users/vahid/Desktop/xauusd-trader/reports/stage150_mtf_separated_validation_discovery/m5/stage150_candidate_scores.csv",
  "tf": "m5",
  "timeframe_minutes": 5,
  "raw_row_count": 318641,
  "bar_count": 318641,
  "raw_feature_date": "2026-07-07T12:20:00Z",
  "timestamp_shift_hours": -3.0,
  "feature_date": "2026-07-07T09:20:00Z",
  "feature_age_sec": 4380,
  "max_feature_age_sec": 7200,
  "feature_fresh": true,
  "score_rows": 552,
  "eligible_shortlist_count": 193,
  "active_shortlist_count": 78,
  "selected_rule_id": "D150C_M5_ret_3h_bps_GEQ35__trend_50_100_bps_GEQ35",
  "selected_label": "m5: ret_3h_bps >= q35 AND trend_50_100_bps >= q35",
  "selected_family_key": "D150C_M5_ret_3h_bps__trend_50_100_bps",
  "selected_condition_snapshot": "[{\"current\": -2.470984105756857, \"feature\": \"ret_3h_bps\", \"op\": \">=\", \"threshold\": -7.365592665587284}, {\"current\": 127.85634942136693, \"feature\": \"trend_50_100_bps\", \"op\": \">=\", \"threshold\": -14.337320822584214}]",
  "risk_summary": "/Users/vahid/Desktop/xauusd-trader/reports/stage145_clean_ledger_performance_gate/stage145_clean_ledger_performance_gate_summary.json",
  "block_negative_demo_families": true,
  "risk_blocked_family_count": 3,
  "risk_blocked_candidate_count": 18,
  "blocked_family_keys": [
    "D138C_ret_48h_bps__trend_50_100_bps",
    "D150C_M5_ret_3h_bps__ret_24h_bps",
    "D150C_M5_trend_8_20_bps__trend_50_100_bps"
  ],
  "blocked_family_rows": [
    {
      "family_key": "D138C_ret_48h_bps__trend_50_100_bps",
      "closed_trade_count": 6,
      "total_bps": -1.29,
      "mean_bps": -0.21,
      "total_net_profit": -0.94,
      "last_rule_id": "D138C_ret_48h_bps_GEQ65__trend_50_100_bps_LEQ65",
      "last_outcome": "PROFIT"
    },
    {
      "family_key": "D150C_M5_ret_3h_bps__ret_24h_bps",
      "closed_trade_count": 1,
      "total_bps": -19.35,
      "mean_bps": -19.35,
      "total_net_profit": -8.72,
      "last_rule_id": "D150C_M5_ret_3h_bps_GEQ65__ret_24h_bps_GEQ35",
      "last_outcome": "LOSS"
    },
    {
      "family_key": "D150C_M5_trend_8_20_bps__trend_50_100_bps",
      "closed_trade_count": 1,
      "total_bps": -50.52,
      "mean_bps": -50.52,
      "total_net_profit": -21.22,
      "last_rule_id": "D150C_M5_trend_8_20_bps_GEQ65__trend_50_100_bps_GEQ35",
      "last_outcome": "LOSS"
    }
  ],
  "repo_kv": "/Users/vahid/Desktop/xauusd-trader/data/demo_execution/xauusd_stage155_m5_active_router_rule_state_kv.csv",
  "repo_latest": "/Users/vahid/Desktop/xauusd-trader/data/demo_execution/xauusd_stage155_m5_active_router_rule_state_latest.csv",
  "mt5_kv_written": true,
  "mt5_kv": "/Users/vahid/Library/Application Support/net.metaquotes.wine.metatrader5/drive_c/Program Files/MetaTrader 5/MQL5/Files/xauusd_stage155_m5_active_router_rule_state_kv.csv",
  "mt5_latest": "/Users/vahid/Library/Application Support/net.metaquotes.wine.metatrader5/drive_c/Program Files/MetaTrader 5/MQL5/Files/xauusd_stage155_m5_active_router_rule_state_latest.csv",
  "stage134_instruction": {
    "InpRuleStateKvFile": "xauusd_stage155_m5_active_router_rule_state_kv.csv",
    "InpAllowedRules": "all",
    "keep_InpEnableDemoOrders": "true only on demo account"
  },
  "summary_json": "/Users/vahid/Desktop/xauusd-trader/reports/stage155_active_router_demo_risk_guard/m5/stage155_active_router_demo_risk_guard_summary.json",
  "next": [
    "Use Stage155 for demo execution routing after Stage154 exposed demo-negative families.",
    "Keep Stage150B as offline replacement discovery; Stage154 only routes cached PASS candidates."
  ]
}
{
  "stage": "Stage155_ACTIVE_ROUTER_DEMO_RISK_GUARD",
  "generated_utc": "2026-07-07T10:38:08Z",
  "status": "STAGE155_COMPLETE_ACTIVE_ROUTER_DEMO_RISK_GUARD_READY",
  "decision": "STAGE155_ACTIVE_RISK_GUARDED_RULE_READY_POINT_STAGE134_TO_STAGE155_FILE",
  "root": "/Users/vahid/Desktop/xauusd-trader",
  "bars_path": "/Users/vahid/Downloads/xauusd_fundamental_event_inbox/amarkets_xauusd_5m.csv",
  "score_csv": "/Users/vahid/Desktop/xauusd-trader/reports/stage150_mtf_separated_validation_discovery/m5/stage150_candidate_scores.csv",
  "tf": "m5",
  "timeframe_minutes": 5,
  "raw_row_count": 318641,
  "bar_count": 318641,
  "raw_feature_date": "2026-07-07T12:20:00Z",
  "timestamp_shift_hours": -3.0,
  "feature_date": "2026-07-07T09:20:00Z",
  "feature_age_sec": 4766,
  "max_feature_age_sec": 7200,
  "feature_fresh": true,
  "score_rows": 552,
  "eligible_shortlist_count": 193,
  "active_shortlist_count": 78,
  "selected_rule_id": "D150C_M5_ret_3h_bps_GEQ35__trend_50_100_bps_GEQ35",
  "selected_label": "m5: ret_3h_bps >= q35 AND trend_50_100_bps >= q35",
  "selected_family_key": "D150C_M5_ret_3h_bps__trend_50_100_bps",
  "selected_condition_snapshot": "[{\"current\": -2.470984105756857, \"feature\": \"ret_3h_bps\", \"op\": \">=\", \"threshold\": -7.365592665587284}, {\"current\": 127.85634942136693, \"feature\": \"trend_50_100_bps\", \"op\": \">=\", \"threshold\": -14.337320822584214}]",
  "risk_summary": "/Users/vahid/Desktop/xauusd-trader/reports/stage145_clean_ledger_performance_gate/stage145_clean_ledger_performance_gate_summary.json",
  "block_negative_demo_families": true,
  "risk_blocked_family_count": 3,
  "risk_blocked_candidate_count": 18,
  "blocked_family_keys": [
    "D138C_ret_48h_bps__trend_50_100_bps",
    "D150C_M5_ret_3h_bps__ret_24h_bps",
    "D150C_M5_trend_8_20_bps__trend_50_100_bps"
  ],
  "blocked_family_rows": [
    {
      "family_key": "D138C_ret_48h_bps__trend_50_100_bps",
      "closed_trade_count": 6,
      "total_bps": -1.29,
      "mean_bps": -0.21,
      "total_net_profit": -0.94,
      "last_rule_id": "D138C_ret_48h_bps_GEQ65__trend_50_100_bps_LEQ65",
      "last_outcome": "PROFIT"
    },
    {
      "family_key": "D150C_M5_ret_3h_bps__ret_24h_bps",
      "closed_trade_count": 1,
      "total_bps": -19.35,
      "mean_bps": -19.35,
      "total_net_profit": -8.72,
      "last_rule_id": "D150C_M5_ret_3h_bps_GEQ65__ret_24h_bps_GEQ35",
      "last_outcome": "LOSS"
    },
    {
      "family_key": "D150C_M5_trend_8_20_bps__trend_50_100_bps",
      "closed_trade_count": 1,
      "total_bps": -50.52,
      "mean_bps": -50.52,
      "total_net_profit": -21.22,
      "last_rule_id": "D150C_M5_trend_8_20_bps_GEQ65__trend_50_100_bps_GEQ35",
      "last_outcome": "LOSS"
    }
  ],
  "repo_kv": "/Users/vahid/Desktop/xauusd-trader/data/demo_execution/xauusd_stage155_m5_active_router_rule_state_kv.csv",
  "repo_latest": "/Users/vahid/Desktop/xauusd-trader/data/demo_execution/xauusd_stage155_m5_active_router_rule_state_latest.csv",
  "mt5_kv_written": true,
  "mt5_kv": "/Users/vahid/Library/Application Support/net.metaquotes.wine.metatrader5/drive_c/Program Files/MetaTrader 5/MQL5/Files/xauusd_stage155_m5_active_router_rule_state_kv.csv",
  "mt5_latest": "/Users/vahid/Library/Application Support/net.metaquotes.wine.metatrader5/drive_c/Program Files/MetaTrader 5/MQL5/Files/xauusd_stage155_m5_active_router_rule_state_latest.csv",
  "stage134_instruction": {
    "InpRuleStateKvFile": "xauusd_stage155_m5_active_router_rule_state_kv.csv",
    "InpAllowedRules": "all",
    "keep_InpEnableDemoOrders": "true only on demo account"
  },
  "summary_json": "/Users/vahid/Desktop/xauusd-trader/reports/stage155_active_router_demo_risk_guard/m5/stage155_active_router_demo_risk_guard_summary.json",
  "next": [
    "Use Stage155 for demo execution routing after Stage154 exposed demo-negative families.",
    "Keep Stage150B as offline replacement discovery; Stage154 only routes cached PASS candidates."
  ]
}
{
  "stage": "Stage155_ACTIVE_ROUTER_DEMO_RISK_GUARD",
  "generated_utc": "2026-07-07T10:44:28Z",
  "status": "STAGE155_COMPLETE_ACTIVE_ROUTER_DEMO_RISK_GUARD_READY",
  "decision": "STAGE155_ACTIVE_RISK_GUARDED_RULE_READY_POINT_STAGE134_TO_STAGE155_FILE",
  "root": "/Users/vahid/Desktop/xauusd-trader",
  "bars_path": "/Users/vahid/Downloads/xauusd_fundamental_event_inbox/amarkets_xauusd_5m.csv",
  "score_csv": "/Users/vahid/Desktop/xauusd-trader/reports/stage150_mtf_separated_validation_discovery/m5/stage150_candidate_scores.csv",
  "tf": "m5",
  "timeframe_minutes": 5,
  "raw_row_count": 318641,
  "bar_count": 318641,
  "raw_feature_date": "2026-07-07T12:20:00Z",
  "timestamp_shift_hours": -3.0,
  "feature_date": "2026-07-07T09:20:00Z",
  "feature_age_sec": 5099,
  "max_feature_age_sec": 7200,
  "feature_fresh": true,
  "score_rows": 552,
  "eligible_shortlist_count": 193,
  "active_shortlist_count": 78,
  "selected_rule_id": "D150C_M5_ret_3h_bps_GEQ35__trend_50_100_bps_GEQ35",
  "selected_label": "m5: ret_3h_bps >= q35 AND trend_50_100_bps >= q35",
  "selected_family_key": "D150C_M5_ret_3h_bps__trend_50_100_bps",
  "selected_condition_snapshot": "[{\"current\": -2.470984105756857, \"feature\": \"ret_3h_bps\", \"op\": \">=\", \"threshold\": -7.365592665587284}, {\"current\": 127.85634942136693, \"feature\": \"trend_50_100_bps\", \"op\": \">=\", \"threshold\": -14.337320822584214}]",
  "risk_summary": "/Users/vahid/Desktop/xauusd-trader/reports/stage145_clean_ledger_performance_gate/stage145_clean_ledger_performance_gate_summary.json",
  "block_negative_demo_families": true,
  "risk_blocked_family_count": 3,
  "risk_blocked_candidate_count": 18,
  "blocked_family_keys": [
    "D138C_ret_48h_bps__trend_50_100_bps",
    "D150C_M5_ret_3h_bps__ret_24h_bps",
    "D150C_M5_trend_8_20_bps__trend_50_100_bps"
  ],
  "blocked_family_rows": [
    {
      "family_key": "D138C_ret_48h_bps__trend_50_100_bps",
      "closed_trade_count": 6,
      "total_bps": -1.29,
      "mean_bps": -0.21,
      "total_net_profit": -0.94,
      "last_rule_id": "D138C_ret_48h_bps_GEQ65__trend_50_100_bps_LEQ65",
      "last_outcome": "PROFIT"
    },
    {
      "family_key": "D150C_M5_ret_3h_bps__ret_24h_bps",
      "closed_trade_count": 1,
      "total_bps": -19.35,
      "mean_bps": -19.35,
      "total_net_profit": -8.72,
      "last_rule_id": "D150C_M5_ret_3h_bps_GEQ65__ret_24h_bps_GEQ35",
      "last_outcome": "LOSS"
    },
    {
      "family_key": "D150C_M5_trend_8_20_bps__trend_50_100_bps",
      "closed_trade_count": 1,
      "total_bps": -50.52,
      "mean_bps": -50.52,
      "total_net_profit": -21.22,
      "last_rule_id": "D150C_M5_trend_8_20_bps_GEQ65__trend_50_100_bps_GEQ35",
      "last_outcome": "LOSS"
    }
  ],
  "repo_kv": "/Users/vahid/Desktop/xauusd-trader/data/demo_execution/xauusd_stage155_m5_active_router_rule_state_kv.csv",
  "repo_latest": "/Users/vahid/Desktop/xauusd-trader/data/demo_execution/xauusd_stage155_m5_active_router_rule_state_latest.csv",
  "mt5_kv_written": true,
  "mt5_kv": "/Users/vahid/Library/Application Support/net.metaquotes.wine.metatrader5/drive_c/Program Files/MetaTrader 5/MQL5/Files/xauusd_stage155_m5_active_router_rule_state_kv.csv",
  "mt5_latest": "/Users/vahid/Library/Application Support/net.metaquotes.wine.metatrader5/drive_c/Program Files/MetaTrader 5/MQL5/Files/xauusd_stage155_m5_active_router_rule_state_latest.csv",
  "stage134_instruction": {
    "InpRuleStateKvFile": "xauusd_stage155_m5_active_router_rule_state_kv.csv",
    "InpAllowedRules": "all",
    "keep_InpEnableDemoOrders": "true only on demo account"
  },
  "summary_json": "/Users/vahid/Desktop/xauusd-trader/reports/stage155_active_router_demo_risk_guard/m5/stage155_active_router_demo_risk_guard_summary.json",
  "next": [
    "Use Stage155 for demo execution routing after Stage154 exposed demo-negative families.",
    "Keep Stage150B as offline replacement discovery; Stage154 only routes cached PASS candidates."
  ]
}
{
  "stage": "Stage155_ACTIVE_ROUTER_DEMO_RISK_GUARD",
  "generated_utc": "2026-07-07T10:50:01Z",
  "status": "STAGE155_COMPLETE_ACTIVE_ROUTER_DEMO_RISK_GUARD_READY",
  "decision": "STAGE155_ACTIVE_RISK_GUARDED_RULE_READY_POINT_STAGE134_TO_STAGE155_FILE",
  "root": "/Users/vahid/Desktop/xauusd-trader",
  "bars_path": "/Users/vahid/Downloads/xauusd_fundamental_event_inbox/amarkets_xauusd_5m.csv",
  "score_csv": "/Users/vahid/Desktop/xauusd-trader/reports/stage150_mtf_separated_validation_discovery/m5/stage150_candidate_scores.csv",
  "tf": "m5",
  "timeframe_minutes": 5,
  "raw_row_count": 318641,
  "bar_count": 318641,
  "raw_feature_date": "2026-07-07T12:20:00Z",
  "timestamp_shift_hours": -3.0,
  "feature_date": "2026-07-07T09:20:00Z",
  "feature_age_sec": 5418,
  "max_feature_age_sec": 7200,
  "feature_fresh": true,
  "score_rows": 552,
  "eligible_shortlist_count": 193,
  "active_shortlist_count": 78,
  "selected_rule_id": "D150C_M5_ret_3h_bps_GEQ35__trend_50_100_bps_GEQ35",
  "selected_label": "m5: ret_3h_bps >= q35 AND trend_50_100_bps >= q35",
  "selected_family_key": "D150C_M5_ret_3h_bps__trend_50_100_bps",
  "selected_condition_snapshot": "[{\"current\": -2.470984105756857, \"feature\": \"ret_3h_bps\", \"op\": \">=\", \"threshold\": -7.365592665587284}, {\"current\": 127.85634942136693, \"feature\": \"trend_50_100_bps\", \"op\": \">=\", \"threshold\": -14.337320822584214}]",
  "risk_summary": "/Users/vahid/Desktop/xauusd-trader/reports/stage145_clean_ledger_performance_gate/stage145_clean_ledger_performance_gate_summary.json",
  "block_negative_demo_families": true,
  "risk_blocked_family_count": 3,
  "risk_blocked_candidate_count": 18,
  "blocked_family_keys": [
    "D138C_ret_48h_bps__trend_50_100_bps",
    "D150C_M5_ret_3h_bps__ret_24h_bps",
    "D150C_M5_trend_8_20_bps__trend_50_100_bps"
  ],
  "blocked_family_rows": [
    {
      "family_key": "D138C_ret_48h_bps__trend_50_100_bps",
      "closed_trade_count": 6,
      "total_bps": -1.29,
      "mean_bps": -0.21,
      "total_net_profit": -0.94,
      "last_rule_id": "D138C_ret_48h_bps_GEQ65__trend_50_100_bps_LEQ65",
      "last_outcome": "PROFIT"
    },
    {
      "family_key": "D150C_M5_ret_3h_bps__ret_24h_bps",
      "closed_trade_count": 1,
      "total_bps": -19.35,
      "mean_bps": -19.35,
      "total_net_profit": -8.72,
      "last_rule_id": "D150C_M5_ret_3h_bps_GEQ65__ret_24h_bps_GEQ35",
      "last_outcome": "LOSS"
    },
    {
      "family_key": "D150C_M5_trend_8_20_bps__trend_50_100_bps",
      "closed_trade_count": 1,
      "total_bps": -50.52,
      "mean_bps": -50.52,
      "total_net_profit": -21.22,
      "last_rule_id": "D150C_M5_trend_8_20_bps_GEQ65__trend_50_100_bps_GEQ35",
      "last_outcome": "LOSS"
    }
  ],
  "repo_kv": "/Users/vahid/Desktop/xauusd-trader/data/demo_execution/xauusd_stage155_m5_active_router_rule_state_kv.csv",
  "repo_latest": "/Users/vahid/Desktop/xauusd-trader/data/demo_execution/xauusd_stage155_m5_active_router_rule_state_latest.csv",
  "mt5_kv_written": true,
  "mt5_kv": "/Users/vahid/Library/Application Support/net.metaquotes.wine.metatrader5/drive_c/Program Files/MetaTrader 5/MQL5/Files/xauusd_stage155_m5_active_router_rule_state_kv.csv",
  "mt5_latest": "/Users/vahid/Library/Application Support/net.metaquotes.wine.metatrader5/drive_c/Program Files/MetaTrader 5/MQL5/Files/xauusd_stage155_m5_active_router_rule_state_latest.csv",
  "stage134_instruction": {
    "InpRuleStateKvFile": "xauusd_stage155_m5_active_router_rule_state_kv.csv",
    "InpAllowedRules": "all",
    "keep_InpEnableDemoOrders": "true only on demo account"
  },
  "summary_json": "/Users/vahid/Desktop/xauusd-trader/reports/stage155_active_router_demo_risk_guard/m5/stage155_active_router_demo_risk_guard_summary.json",
  "next": [
    "Use Stage155 for demo execution routing after Stage154 exposed demo-negative families.",
    "Keep Stage150B as offline replacement discovery; Stage154 only routes cached PASS candidates."
  ]
}
{
  "stage": "Stage155_ACTIVE_ROUTER_DEMO_RISK_GUARD",
  "generated_utc": "2026-07-07T10:55:21Z",
  "status": "STAGE155_COMPLETE_ACTIVE_ROUTER_DEMO_RISK_GUARD_READY",
  "decision": "STAGE155_ACTIVE_RISK_GUARDED_RULE_READY_POINT_STAGE134_TO_STAGE155_FILE",
  "root": "/Users/vahid/Desktop/xauusd-trader",
  "bars_path": "/Users/vahid/Downloads/xauusd_fundamental_event_inbox/amarkets_xauusd_5m.csv",
  "score_csv": "/Users/vahid/Desktop/xauusd-trader/reports/stage150_mtf_separated_validation_discovery/m5/stage150_candidate_scores.csv",
  "tf": "m5",
  "timeframe_minutes": 5,
  "raw_row_count": 318641,
  "bar_count": 318641,
  "raw_feature_date": "2026-07-07T12:20:00Z",
  "timestamp_shift_hours": -3.0,
  "feature_date": "2026-07-07T09:20:00Z",
  "feature_age_sec": 5742,
  "max_feature_age_sec": 7200,
  "feature_fresh": true,
  "score_rows": 552,
  "eligible_shortlist_count": 193,
  "active_shortlist_count": 78,
  "selected_rule_id": "D150C_M5_ret_3h_bps_GEQ35__trend_50_100_bps_GEQ35",
  "selected_label": "m5: ret_3h_bps >= q35 AND trend_50_100_bps >= q35",
  "selected_family_key": "D150C_M5_ret_3h_bps__trend_50_100_bps",
  "selected_condition_snapshot": "[{\"current\": -2.470984105756857, \"feature\": \"ret_3h_bps\", \"op\": \">=\", \"threshold\": -7.365592665587284}, {\"current\": 127.85634942136693, \"feature\": \"trend_50_100_bps\", \"op\": \">=\", \"threshold\": -14.337320822584214}]",
  "risk_summary": "/Users/vahid/Desktop/xauusd-trader/reports/stage145_clean_ledger_performance_gate/stage145_clean_ledger_performance_gate_summary.json",
  "block_negative_demo_families": true,
  "risk_blocked_family_count": 3,
  "risk_blocked_candidate_count": 18,
  "blocked_family_keys": [
    "D138C_ret_48h_bps__trend_50_100_bps",
    "D150C_M5_ret_3h_bps__ret_24h_bps",
    "D150C_M5_trend_8_20_bps__trend_50_100_bps"
  ],
  "blocked_family_rows": [
    {
      "family_key": "D138C_ret_48h_bps__trend_50_100_bps",
      "closed_trade_count": 6,
      "total_bps": -1.29,
      "mean_bps": -0.21,
      "total_net_profit": -0.94,
      "last_rule_id": "D138C_ret_48h_bps_GEQ65__trend_50_100_bps_LEQ65",
      "last_outcome": "PROFIT"
    },
    {
      "family_key": "D150C_M5_ret_3h_bps__ret_24h_bps",
      "closed_trade_count": 1,
      "total_bps": -19.35,
      "mean_bps": -19.35,
      "total_net_profit": -8.72,
      "last_rule_id": "D150C_M5_ret_3h_bps_GEQ65__ret_24h_bps_GEQ35",
      "last_outcome": "LOSS"
    },
    {
      "family_key": "D150C_M5_trend_8_20_bps__trend_50_100_bps",
      "closed_trade_count": 1,
      "total_bps": -50.52,
      "mean_bps": -50.52,
      "total_net_profit": -21.22,
      "last_rule_id": "D150C_M5_trend_8_20_bps_GEQ65__trend_50_100_bps_GEQ35",
      "last_outcome": "LOSS"
    }
  ],
  "repo_kv": "/Users/vahid/Desktop/xauusd-trader/data/demo_execution/xauusd_stage155_m5_active_router_rule_state_kv.csv",
  "repo_latest": "/Users/vahid/Desktop/xauusd-trader/data/demo_execution/xauusd_stage155_m5_active_router_rule_state_latest.csv",
  "mt5_kv_written": true,
  "mt5_kv": "/Users/vahid/Library/Application Support/net.metaquotes.wine.metatrader5/drive_c/Program Files/MetaTrader 5/MQL5/Files/xauusd_stage155_m5_active_router_rule_state_kv.csv",
  "mt5_latest": "/Users/vahid/Library/Application Support/net.metaquotes.wine.metatrader5/drive_c/Program Files/MetaTrader 5/MQL5/Files/xauusd_stage155_m5_active_router_rule_state_latest.csv",
  "stage134_instruction": {
    "InpRuleStateKvFile": "xauusd_stage155_m5_active_router_rule_state_kv.csv",
    "InpAllowedRules": "all",
    "keep_InpEnableDemoOrders": "true only on demo account"
  },
  "summary_json": "/Users/vahid/Desktop/xauusd-trader/reports/stage155_active_router_demo_risk_guard/m5/stage155_active_router_demo_risk_guard_summary.json",
  "next": [
    "Use Stage155 for demo execution routing after Stage154 exposed demo-negative families.",
    "Keep Stage150B as offline replacement discovery; Stage154 only routes cached PASS candidates."
  ]
}
{
  "stage": "Stage155_ACTIVE_ROUTER_DEMO_RISK_GUARD",
  "generated_utc": "2026-07-07T11:00:44Z",
  "status": "STAGE155_COMPLETE_ACTIVE_ROUTER_DEMO_RISK_GUARD_READY",
  "decision": "STAGE155_ACTIVE_RISK_GUARDED_RULE_READY_POINT_STAGE134_TO_STAGE155_FILE",
  "root": "/Users/vahid/Desktop/xauusd-trader",
  "bars_path": "/Users/vahid/Downloads/xauusd_fundamental_event_inbox/amarkets_xauusd_5m.csv",
  "score_csv": "/Users/vahid/Desktop/xauusd-trader/reports/stage150_mtf_separated_validation_discovery/m5/stage150_candidate_scores.csv",
  "tf": "m5",
  "timeframe_minutes": 5,
  "raw_row_count": 318641,
  "bar_count": 318641,
  "raw_feature_date": "2026-07-07T12:20:00Z",
  "timestamp_shift_hours": -3.0,
  "feature_date": "2026-07-07T09:20:00Z",
  "feature_age_sec": 6084,
  "max_feature_age_sec": 7200,
  "feature_fresh": true,
  "score_rows": 552,
  "eligible_shortlist_count": 193,
  "active_shortlist_count": 78,
  "selected_rule_id": "D150C_M5_ret_3h_bps_GEQ35__trend_50_100_bps_GEQ35",
  "selected_label": "m5: ret_3h_bps >= q35 AND trend_50_100_bps >= q35",
  "selected_family_key": "D150C_M5_ret_3h_bps__trend_50_100_bps",
  "selected_condition_snapshot": "[{\"current\": -2.470984105756857, \"feature\": \"ret_3h_bps\", \"op\": \">=\", \"threshold\": -7.365592665587284}, {\"current\": 127.85634942136693, \"feature\": \"trend_50_100_bps\", \"op\": \">=\", \"threshold\": -14.337320822584214}]",
  "risk_summary": "/Users/vahid/Desktop/xauusd-trader/reports/stage145_clean_ledger_performance_gate/stage145_clean_ledger_performance_gate_summary.json",
  "block_negative_demo_families": true,
  "risk_blocked_family_count": 3,
  "risk_blocked_candidate_count": 18,
  "blocked_family_keys": [
    "D138C_ret_48h_bps__trend_50_100_bps",
    "D150C_M5_ret_3h_bps__ret_24h_bps",
    "D150C_M5_trend_8_20_bps__trend_50_100_bps"
  ],
  "blocked_family_rows": [
    {
      "family_key": "D138C_ret_48h_bps__trend_50_100_bps",
      "closed_trade_count": 6,
      "total_bps": -1.29,
      "mean_bps": -0.21,
      "total_net_profit": -0.94,
      "last_rule_id": "D138C_ret_48h_bps_GEQ65__trend_50_100_bps_LEQ65",
      "last_outcome": "PROFIT"
    },
    {
      "family_key": "D150C_M5_ret_3h_bps__ret_24h_bps",
      "closed_trade_count": 1,
      "total_bps": -19.35,
      "mean_bps": -19.35,
      "total_net_profit": -8.72,
      "last_rule_id": "D150C_M5_ret_3h_bps_GEQ65__ret_24h_bps_GEQ35",
      "last_outcome": "LOSS"
    },
    {
      "family_key": "D150C_M5_trend_8_20_bps__trend_50_100_bps",
      "closed_trade_count": 1,
      "total_bps": -50.52,
      "mean_bps": -50.52,
      "total_net_profit": -21.22,
      "last_rule_id": "D150C_M5_trend_8_20_bps_GEQ65__trend_50_100_bps_GEQ35",
      "last_outcome": "LOSS"
    }
  ],
  "repo_kv": "/Users/vahid/Desktop/xauusd-trader/data/demo_execution/xauusd_stage155_m5_active_router_rule_state_kv.csv",
  "repo_latest": "/Users/vahid/Desktop/xauusd-trader/data/demo_execution/xauusd_stage155_m5_active_router_rule_state_latest.csv",
  "mt5_kv_written": true,
  "mt5_kv": "/Users/vahid/Library/Application Support/net.metaquotes.wine.metatrader5/drive_c/Program Files/MetaTrader 5/MQL5/Files/xauusd_stage155_m5_active_router_rule_state_kv.csv",
  "mt5_latest": "/Users/vahid/Library/Application Support/net.metaquotes.wine.metatrader5/drive_c/Program Files/MetaTrader 5/MQL5/Files/xauusd_stage155_m5_active_router_rule_state_latest.csv",
  "stage134_instruction": {
    "InpRuleStateKvFile": "xauusd_stage155_m5_active_router_rule_state_kv.csv",
    "InpAllowedRules": "all",
    "keep_InpEnableDemoOrders": "true only on demo account"
  },
  "summary_json": "/Users/vahid/Desktop/xauusd-trader/reports/stage155_active_router_demo_risk_guard/m5/stage155_active_router_demo_risk_guard_summary.json",
  "next": [
    "Use Stage155 for demo execution routing after Stage154 exposed demo-negative families.",
    "Keep Stage150B as offline replacement discovery; Stage154 only routes cached PASS candidates."
  ]
}
{
  "stage": "Stage155_ACTIVE_ROUTER_DEMO_RISK_GUARD",
  "generated_utc": "2026-07-07T11:06:27Z",
  "status": "STAGE155_COMPLETE_ACTIVE_ROUTER_DEMO_RISK_GUARD_READY",
  "decision": "STAGE155_ACTIVE_RISK_GUARDED_RULE_READY_POINT_STAGE134_TO_STAGE155_FILE",
  "root": "/Users/vahid/Desktop/xauusd-trader",
  "bars_path": "/Users/vahid/Downloads/xauusd_fundamental_event_inbox/amarkets_xauusd_5m.csv",
  "score_csv": "/Users/vahid/Desktop/xauusd-trader/reports/stage150_mtf_separated_validation_discovery/m5/stage150_candidate_scores.csv",
  "tf": "m5",
  "timeframe_minutes": 5,
  "raw_row_count": 318641,
  "bar_count": 318641,
  "raw_feature_date": "2026-07-07T12:20:00Z",
  "timestamp_shift_hours": -3.0,
  "feature_date": "2026-07-07T09:20:00Z",
  "feature_age_sec": 6452,
  "max_feature_age_sec": 7200,
  "feature_fresh": true,
  "score_rows": 552,
  "eligible_shortlist_count": 193,
  "active_shortlist_count": 78,
  "selected_rule_id": "D150C_M5_ret_3h_bps_GEQ35__trend_50_100_bps_GEQ35",
  "selected_label": "m5: ret_3h_bps >= q35 AND trend_50_100_bps >= q35",
  "selected_family_key": "D150C_M5_ret_3h_bps__trend_50_100_bps",
  "selected_condition_snapshot": "[{\"current\": -2.470984105756857, \"feature\": \"ret_3h_bps\", \"op\": \">=\", \"threshold\": -7.365592665587284}, {\"current\": 127.85634942136693, \"feature\": \"trend_50_100_bps\", \"op\": \">=\", \"threshold\": -14.337320822584214}]",
  "risk_summary": "/Users/vahid/Desktop/xauusd-trader/reports/stage145_clean_ledger_performance_gate/stage145_clean_ledger_performance_gate_summary.json",
  "block_negative_demo_families": true,
  "risk_blocked_family_count": 3,
  "risk_blocked_candidate_count": 18,
  "blocked_family_keys": [
    "D138C_ret_48h_bps__trend_50_100_bps",
    "D150C_M5_ret_3h_bps__ret_24h_bps",
    "D150C_M5_trend_8_20_bps__trend_50_100_bps"
  ],
  "blocked_family_rows": [
    {
      "family_key": "D138C_ret_48h_bps__trend_50_100_bps",
      "closed_trade_count": 6,
      "total_bps": -1.29,
      "mean_bps": -0.21,
      "total_net_profit": -0.94,
      "last_rule_id": "D138C_ret_48h_bps_GEQ65__trend_50_100_bps_LEQ65",
      "last_outcome": "PROFIT"
    },
    {
      "family_key": "D150C_M5_ret_3h_bps__ret_24h_bps",
      "closed_trade_count": 1,
      "total_bps": -19.35,
      "mean_bps": -19.35,
      "total_net_profit": -8.72,
      "last_rule_id": "D150C_M5_ret_3h_bps_GEQ65__ret_24h_bps_GEQ35",
      "last_outcome": "LOSS"
    },
    {
      "family_key": "D150C_M5_trend_8_20_bps__trend_50_100_bps",
      "closed_trade_count": 1,
      "total_bps": -50.52,
      "mean_bps": -50.52,
      "total_net_profit": -21.22,
      "last_rule_id": "D150C_M5_trend_8_20_bps_GEQ65__trend_50_100_bps_GEQ35",
      "last_outcome": "LOSS"
    }
  ],
  "repo_kv": "/Users/vahid/Desktop/xauusd-trader/data/demo_execution/xauusd_stage155_m5_active_router_rule_state_kv.csv",
  "repo_latest": "/Users/vahid/Desktop/xauusd-trader/data/demo_execution/xauusd_stage155_m5_active_router_rule_state_latest.csv",
  "mt5_kv_written": true,
  "mt5_kv": "/Users/vahid/Library/Application Support/net.metaquotes.wine.metatrader5/drive_c/Program Files/MetaTrader 5/MQL5/Files/xauusd_stage155_m5_active_router_rule_state_kv.csv",
  "mt5_latest": "/Users/vahid/Library/Application Support/net.metaquotes.wine.metatrader5/drive_c/Program Files/MetaTrader 5/MQL5/Files/xauusd_stage155_m5_active_router_rule_state_latest.csv",
  "stage134_instruction": {
    "InpRuleStateKvFile": "xauusd_stage155_m5_active_router_rule_state_kv.csv",
    "InpAllowedRules": "all",
    "keep_InpEnableDemoOrders": "true only on demo account"
  },
  "summary_json": "/Users/vahid/Desktop/xauusd-trader/reports/stage155_active_router_demo_risk_guard/m5/stage155_active_router_demo_risk_guard_summary.json",
  "next": [
    "Use Stage155 for demo execution routing after Stage154 exposed demo-negative families.",
    "Keep Stage150B as offline replacement discovery; Stage154 only routes cached PASS candidates."
  ]
}
{
  "stage": "Stage155_ACTIVE_ROUTER_DEMO_RISK_GUARD",
  "generated_utc": "2026-07-07T11:12:35Z",
  "status": "STAGE155_COMPLETE_ACTIVE_ROUTER_DEMO_RISK_GUARD_READY",
  "decision": "STAGE155_ACTIVE_RISK_GUARDED_RULE_READY_POINT_STAGE134_TO_STAGE155_FILE",
  "root": "/Users/vahid/Desktop/xauusd-trader",
  "bars_path": "/Users/vahid/Downloads/xauusd_fundamental_event_inbox/amarkets_xauusd_5m.csv",
  "score_csv": "/Users/vahid/Desktop/xauusd-trader/reports/stage150_mtf_separated_validation_discovery/m5/stage150_candidate_scores.csv",
  "tf": "m5",
  "timeframe_minutes": 5,
  "raw_row_count": 318641,
  "bar_count": 318641,
  "raw_feature_date": "2026-07-07T12:20:00Z",
  "timestamp_shift_hours": -3.0,
  "feature_date": "2026-07-07T09:20:00Z",
  "feature_age_sec": 6806,
  "max_feature_age_sec": 7200,
  "feature_fresh": true,
  "score_rows": 552,
  "eligible_shortlist_count": 193,
  "active_shortlist_count": 78,
  "selected_rule_id": "D150C_M5_ret_3h_bps_GEQ35__trend_50_100_bps_GEQ35",
  "selected_label": "m5: ret_3h_bps >= q35 AND trend_50_100_bps >= q35",
  "selected_family_key": "D150C_M5_ret_3h_bps__trend_50_100_bps",
  "selected_condition_snapshot": "[{\"current\": -2.470984105756857, \"feature\": \"ret_3h_bps\", \"op\": \">=\", \"threshold\": -7.365592665587284}, {\"current\": 127.85634942136693, \"feature\": \"trend_50_100_bps\", \"op\": \">=\", \"threshold\": -14.337320822584214}]",
  "risk_summary": "/Users/vahid/Desktop/xauusd-trader/reports/stage145_clean_ledger_performance_gate/stage145_clean_ledger_performance_gate_summary.json",
  "block_negative_demo_families": true,
  "risk_blocked_family_count": 3,
  "risk_blocked_candidate_count": 18,
  "blocked_family_keys": [
    "D138C_ret_48h_bps__trend_50_100_bps",
    "D150C_M5_ret_3h_bps__ret_24h_bps",
    "D150C_M5_trend_8_20_bps__trend_50_100_bps"
  ],
  "blocked_family_rows": [
    {
      "family_key": "D138C_ret_48h_bps__trend_50_100_bps",
      "closed_trade_count": 6,
      "total_bps": -1.29,
      "mean_bps": -0.21,
      "total_net_profit": -0.94,
      "last_rule_id": "D138C_ret_48h_bps_GEQ65__trend_50_100_bps_LEQ65",
      "last_outcome": "PROFIT"
    },
    {
      "family_key": "D150C_M5_ret_3h_bps__ret_24h_bps",
      "closed_trade_count": 1,
      "total_bps": -19.35,
      "mean_bps": -19.35,
      "total_net_profit": -8.72,
      "last_rule_id": "D150C_M5_ret_3h_bps_GEQ65__ret_24h_bps_GEQ35",
      "last_outcome": "LOSS"
    },
    {
      "family_key": "D150C_M5_trend_8_20_bps__trend_50_100_bps",
      "closed_trade_count": 1,
      "total_bps": -50.52,
      "mean_bps": -50.52,
      "total_net_profit": -21.22,
      "last_rule_id": "D150C_M5_trend_8_20_bps_GEQ65__trend_50_100_bps_GEQ35",
      "last_outcome": "LOSS"
    }
  ],
  "repo_kv": "/Users/vahid/Desktop/xauusd-trader/data/demo_execution/xauusd_stage155_m5_active_router_rule_state_kv.csv",
  "repo_latest": "/Users/vahid/Desktop/xauusd-trader/data/demo_execution/xauusd_stage155_m5_active_router_rule_state_latest.csv",
  "mt5_kv_written": true,
  "mt5_kv": "/Users/vahid/Library/Application Support/net.metaquotes.wine.metatrader5/drive_c/Program Files/MetaTrader 5/MQL5/Files/xauusd_stage155_m5_active_router_rule_state_kv.csv",
  "mt5_latest": "/Users/vahid/Library/Application Support/net.metaquotes.wine.metatrader5/drive_c/Program Files/MetaTrader 5/MQL5/Files/xauusd_stage155_m5_active_router_rule_state_latest.csv",
  "stage134_instruction": {
    "InpRuleStateKvFile": "xauusd_stage155_m5_active_router_rule_state_kv.csv",
    "InpAllowedRules": "all",
    "keep_InpEnableDemoOrders": "true only on demo account"
  },
  "summary_json": "/Users/vahid/Desktop/xauusd-trader/reports/stage155_active_router_demo_risk_guard/m5/stage155_active_router_demo_risk_guard_summary.json",
  "next": [
    "Use Stage155 for demo execution routing after Stage154 exposed demo-negative families.",
    "Keep Stage150B as offline replacement discovery; Stage154 only routes cached PASS candidates."
  ]
}
{
  "stage": "Stage155_ACTIVE_ROUTER_DEMO_RISK_GUARD",
  "generated_utc": "2026-07-07T11:24:35Z",
  "status": "STAGE155_COMPLETE_ACTIVE_ROUTER_DEMO_RISK_GUARD_READY",
  "decision": "STAGE155_ACTIVE_ROUTER_STALE_NO_ORDER",
  "root": "/Users/vahid/Desktop/xauusd-trader",
  "bars_path": "/Users/vahid/Downloads/xauusd_fundamental_event_inbox/amarkets_xauusd_5m.csv",
  "score_csv": "/Users/vahid/Desktop/xauusd-trader/reports/stage150_mtf_separated_validation_discovery/m5/stage150_candidate_scores.csv",
  "tf": "m5",
  "timeframe_minutes": 5,
  "raw_row_count": 318641,
  "bar_count": 318641,
  "raw_feature_date": "2026-07-07T12:20:00Z",
  "timestamp_shift_hours": -3.0,
  "feature_date": "2026-07-07T09:20:00Z",
  "feature_age_sec": 7492,
  "max_feature_age_sec": 7200,
  "feature_fresh": false,
  "score_rows": 552,
  "eligible_shortlist_count": 193,
  "active_shortlist_count": 78,
  "selected_rule_id": "D150C_M5_ret_3h_bps_GEQ35__trend_50_100_bps_GEQ35",
  "selected_label": "m5: ret_3h_bps >= q35 AND trend_50_100_bps >= q35",
  "selected_family_key": "D150C_M5_ret_3h_bps__trend_50_100_bps",
  "selected_condition_snapshot": "[{\"current\": -2.470984105756857, \"feature\": \"ret_3h_bps\", \"op\": \">=\", \"threshold\": -7.365592665587284}, {\"current\": 127.85634942136693, \"feature\": \"trend_50_100_bps\", \"op\": \">=\", \"threshold\": -14.337320822584214}]",
  "risk_summary": "/Users/vahid/Desktop/xauusd-trader/reports/stage145_clean_ledger_performance_gate/stage145_clean_ledger_performance_gate_summary.json",
  "block_negative_demo_families": true,
  "risk_blocked_family_count": 3,
  "risk_blocked_candidate_count": 18,
  "blocked_family_keys": [
    "D138C_ret_48h_bps__trend_50_100_bps",
    "D150C_M5_ret_3h_bps__ret_24h_bps",
    "D150C_M5_trend_8_20_bps__trend_50_100_bps"
  ],
  "blocked_family_rows": [
    {
      "family_key": "D138C_ret_48h_bps__trend_50_100_bps",
      "closed_trade_count": 6,
      "total_bps": -1.29,
      "mean_bps": -0.21,
      "total_net_profit": -0.94,
      "last_rule_id": "D138C_ret_48h_bps_GEQ65__trend_50_100_bps_LEQ65",
      "last_outcome": "PROFIT"
    },
    {
      "family_key": "D150C_M5_ret_3h_bps__ret_24h_bps",
      "closed_trade_count": 1,
      "total_bps": -19.35,
      "mean_bps": -19.35,
      "total_net_profit": -8.72,
      "last_rule_id": "D150C_M5_ret_3h_bps_GEQ65__ret_24h_bps_GEQ35",
      "last_outcome": "LOSS"
    },
    {
      "family_key": "D150C_M5_trend_8_20_bps__trend_50_100_bps",
      "closed_trade_count": 1,
      "total_bps": -50.52,
      "mean_bps": -50.52,
      "total_net_profit": -21.22,
      "last_rule_id": "D150C_M5_trend_8_20_bps_GEQ65__trend_50_100_bps_GEQ35",
      "last_outcome": "LOSS"
    }
  ],
  "repo_kv": "/Users/vahid/Desktop/xauusd-trader/data/demo_execution/xauusd_stage155_m5_active_router_rule_state_kv.csv",
  "repo_latest": "/Users/vahid/Desktop/xauusd-trader/data/demo_execution/xauusd_stage155_m5_active_router_rule_state_latest.csv",
  "mt5_kv_written": true,
  "mt5_kv": "/Users/vahid/Library/Application Support/net.metaquotes.wine.metatrader5/drive_c/Program Files/MetaTrader 5/MQL5/Files/xauusd_stage155_m5_active_router_rule_state_kv.csv",
  "mt5_latest": "/Users/vahid/Library/Application Support/net.metaquotes.wine.metatrader5/drive_c/Program Files/MetaTrader 5/MQL5/Files/xauusd_stage155_m5_active_router_rule_state_latest.csv",
  "stage134_instruction": {
    "InpRuleStateKvFile": "xauusd_stage155_m5_active_router_rule_state_kv.csv",
    "InpAllowedRules": "all",
    "keep_InpEnableDemoOrders": "true only on demo account"
  },
  "summary_json": "/Users/vahid/Desktop/xauusd-trader/reports/stage155_active_router_demo_risk_guard/m5/stage155_active_router_demo_risk_guard_summary.json",
  "next": [
    "Use Stage155 for demo execution routing after Stage154 exposed demo-negative families.",
    "Keep Stage150B as offline replacement discovery; Stage154 only routes cached PASS candidates."
  ]
}
{
  "stage": "Stage155_ACTIVE_ROUTER_DEMO_RISK_GUARD",
  "generated_utc": "2026-07-07T11:29:52Z",
  "status": "STAGE155_COMPLETE_ACTIVE_ROUTER_DEMO_RISK_GUARD_READY",
  "decision": "STAGE155_ACTIVE_ROUTER_STALE_NO_ORDER",
  "root": "/Users/vahid/Desktop/xauusd-trader",
  "bars_path": "/Users/vahid/Downloads/xauusd_fundamental_event_inbox/amarkets_xauusd_5m.csv",
  "score_csv": "/Users/vahid/Desktop/xauusd-trader/reports/stage150_mtf_separated_validation_discovery/m5/stage150_candidate_scores.csv",
  "tf": "m5",
  "timeframe_minutes": 5,
  "raw_row_count": 318641,
  "bar_count": 318641,
  "raw_feature_date": "2026-07-07T12:20:00Z",
  "timestamp_shift_hours": -3.0,
  "feature_date": "2026-07-07T09:20:00Z",
  "feature_age_sec": 7818,
  "max_feature_age_sec": 7200,
  "feature_fresh": false,
  "score_rows": 552,
  "eligible_shortlist_count": 193,
  "active_shortlist_count": 78,
  "selected_rule_id": "D150C_M5_ret_3h_bps_GEQ35__trend_50_100_bps_GEQ35",
  "selected_label": "m5: ret_3h_bps >= q35 AND trend_50_100_bps >= q35",
  "selected_family_key": "D150C_M5_ret_3h_bps__trend_50_100_bps",
  "selected_condition_snapshot": "[{\"current\": -2.470984105756857, \"feature\": \"ret_3h_bps\", \"op\": \">=\", \"threshold\": -7.365592665587284}, {\"current\": 127.85634942136693, \"feature\": \"trend_50_100_bps\", \"op\": \">=\", \"threshold\": -14.337320822584214}]",
  "risk_summary": "/Users/vahid/Desktop/xauusd-trader/reports/stage145_clean_ledger_performance_gate/stage145_clean_ledger_performance_gate_summary.json",
  "block_negative_demo_families": true,
  "risk_blocked_family_count": 3,
  "risk_blocked_candidate_count": 18,
  "blocked_family_keys": [
    "D138C_ret_48h_bps__trend_50_100_bps",
    "D150C_M5_ret_3h_bps__ret_24h_bps",
    "D150C_M5_trend_8_20_bps__trend_50_100_bps"
  ],
  "blocked_family_rows": [
    {
      "family_key": "D138C_ret_48h_bps__trend_50_100_bps",
      "closed_trade_count": 6,
      "total_bps": -1.29,
      "mean_bps": -0.21,
      "total_net_profit": -0.94,
      "last_rule_id": "D138C_ret_48h_bps_GEQ65__trend_50_100_bps_LEQ65",
      "last_outcome": "PROFIT"
    },
    {
      "family_key": "D150C_M5_ret_3h_bps__ret_24h_bps",
      "closed_trade_count": 1,
      "total_bps": -19.35,
      "mean_bps": -19.35,
      "total_net_profit": -8.72,
      "last_rule_id": "D150C_M5_ret_3h_bps_GEQ65__ret_24h_bps_GEQ35",
      "last_outcome": "LOSS"
    },
    {
      "family_key": "D150C_M5_trend_8_20_bps__trend_50_100_bps",
      "closed_trade_count": 1,
      "total_bps": -50.52,
      "mean_bps": -50.52,
      "total_net_profit": -21.22,
      "last_rule_id": "D150C_M5_trend_8_20_bps_GEQ65__trend_50_100_bps_GEQ35",
      "last_outcome": "LOSS"
    }
  ],
  "repo_kv": "/Users/vahid/Desktop/xauusd-trader/data/demo_execution/xauusd_stage155_m5_active_router_rule_state_kv.csv",
  "repo_latest": "/Users/vahid/Desktop/xauusd-trader/data/demo_execution/xauusd_stage155_m5_active_router_rule_state_latest.csv",
  "mt5_kv_written": true,
  "mt5_kv": "/Users/vahid/Library/Application Support/net.metaquotes.wine.metatrader5/drive_c/Program Files/MetaTrader 5/MQL5/Files/xauusd_stage155_m5_active_router_rule_state_kv.csv",
  "mt5_latest": "/Users/vahid/Library/Application Support/net.metaquotes.wine.metatrader5/drive_c/Program Files/MetaTrader 5/MQL5/Files/xauusd_stage155_m5_active_router_rule_state_latest.csv",
  "stage134_instruction": {
    "InpRuleStateKvFile": "xauusd_stage155_m5_active_router_rule_state_kv.csv",
    "InpAllowedRules": "all",
    "keep_InpEnableDemoOrders": "true only on demo account"
  },
  "summary_json": "/Users/vahid/Desktop/xauusd-trader/reports/stage155_active_router_demo_risk_guard/m5/stage155_active_router_demo_risk_guard_summary.json",
  "next": [
    "Use Stage155 for demo execution routing after Stage154 exposed demo-negative families.",
    "Keep Stage150B as offline replacement discovery; Stage154 only routes cached PASS candidates."
  ]
}
{
  "stage": "Stage155_ACTIVE_ROUTER_DEMO_RISK_GUARD",
  "generated_utc": "2026-07-07T11:35:21Z",
  "status": "STAGE155_COMPLETE_ACTIVE_ROUTER_DEMO_RISK_GUARD_READY",
  "decision": "STAGE155_ACTIVE_ROUTER_STALE_NO_ORDER",
  "root": "/Users/vahid/Desktop/xauusd-trader",
  "bars_path": "/Users/vahid/Downloads/xauusd_fundamental_event_inbox/amarkets_xauusd_5m.csv",
  "score_csv": "/Users/vahid/Desktop/xauusd-trader/reports/stage150_mtf_separated_validation_discovery/m5/stage150_candidate_scores.csv",
  "tf": "m5",
  "timeframe_minutes": 5,
  "raw_row_count": 318641,
  "bar_count": 318641,
  "raw_feature_date": "2026-07-07T12:20:00Z",
  "timestamp_shift_hours": -3.0,
  "feature_date": "2026-07-07T09:20:00Z",
  "feature_age_sec": 8153,
  "max_feature_age_sec": 7200,
  "feature_fresh": false,
  "score_rows": 552,
  "eligible_shortlist_count": 193,
  "active_shortlist_count": 78,
  "selected_rule_id": "D150C_M5_ret_3h_bps_GEQ35__trend_50_100_bps_GEQ35",
  "selected_label": "m5: ret_3h_bps >= q35 AND trend_50_100_bps >= q35",
  "selected_family_key": "D150C_M5_ret_3h_bps__trend_50_100_bps",
  "selected_condition_snapshot": "[{\"current\": -2.470984105756857, \"feature\": \"ret_3h_bps\", \"op\": \">=\", \"threshold\": -7.365592665587284}, {\"current\": 127.85634942136693, \"feature\": \"trend_50_100_bps\", \"op\": \">=\", \"threshold\": -14.337320822584214}]",
  "risk_summary": "/Users/vahid/Desktop/xauusd-trader/reports/stage145_clean_ledger_performance_gate/stage145_clean_ledger_performance_gate_summary.json",
  "block_negative_demo_families": true,
  "risk_blocked_family_count": 3,
  "risk_blocked_candidate_count": 18,
  "blocked_family_keys": [
    "D138C_ret_48h_bps__trend_50_100_bps",
    "D150C_M5_ret_3h_bps__ret_24h_bps",
    "D150C_M5_trend_8_20_bps__trend_50_100_bps"
  ],
  "blocked_family_rows": [
    {
      "family_key": "D138C_ret_48h_bps__trend_50_100_bps",
      "closed_trade_count": 6,
      "total_bps": -1.29,
      "mean_bps": -0.21,
      "total_net_profit": -0.94,
      "last_rule_id": "D138C_ret_48h_bps_GEQ65__trend_50_100_bps_LEQ65",
      "last_outcome": "PROFIT"
    },
    {
      "family_key": "D150C_M5_ret_3h_bps__ret_24h_bps",
      "closed_trade_count": 1,
      "total_bps": -19.35,
      "mean_bps": -19.35,
      "total_net_profit": -8.72,
      "last_rule_id": "D150C_M5_ret_3h_bps_GEQ65__ret_24h_bps_GEQ35",
      "last_outcome": "LOSS"
    },
    {
      "family_key": "D150C_M5_trend_8_20_bps__trend_50_100_bps",
      "closed_trade_count": 1,
      "total_bps": -50.52,
      "mean_bps": -50.52,
      "total_net_profit": -21.22,
      "last_rule_id": "D150C_M5_trend_8_20_bps_GEQ65__trend_50_100_bps_GEQ35",
      "last_outcome": "LOSS"
    }
  ],
  "repo_kv": "/Users/vahid/Desktop/xauusd-trader/data/demo_execution/xauusd_stage155_m5_active_router_rule_state_kv.csv",
  "repo_latest": "/Users/vahid/Desktop/xauusd-trader/data/demo_execution/xauusd_stage155_m5_active_router_rule_state_latest.csv",
  "mt5_kv_written": true,
  "mt5_kv": "/Users/vahid/Library/Application Support/net.metaquotes.wine.metatrader5/drive_c/Program Files/MetaTrader 5/MQL5/Files/xauusd_stage155_m5_active_router_rule_state_kv.csv",
  "mt5_latest": "/Users/vahid/Library/Application Support/net.metaquotes.wine.metatrader5/drive_c/Program Files/MetaTrader 5/MQL5/Files/xauusd_stage155_m5_active_router_rule_state_latest.csv",
  "stage134_instruction": {
    "InpRuleStateKvFile": "xauusd_stage155_m5_active_router_rule_state_kv.csv",
    "InpAllowedRules": "all",
    "keep_InpEnableDemoOrders": "true only on demo account"
  },
  "summary_json": "/Users/vahid/Desktop/xauusd-trader/reports/stage155_active_router_demo_risk_guard/m5/stage155_active_router_demo_risk_guard_summary.json",
  "next": [
    "Use Stage155 for demo execution routing after Stage154 exposed demo-negative families.",
    "Keep Stage150B as offline replacement discovery; Stage154 only routes cached PASS candidates."
  ]
}
{
  "stage": "Stage155_ACTIVE_ROUTER_DEMO_RISK_GUARD",
  "generated_utc": "2026-07-07T11:40:55Z",
  "status": "STAGE155_COMPLETE_ACTIVE_ROUTER_DEMO_RISK_GUARD_READY",
  "decision": "STAGE155_ACTIVE_ROUTER_STALE_NO_ORDER",
  "root": "/Users/vahid/Desktop/xauusd-trader",
  "bars_path": "/Users/vahid/Downloads/xauusd_fundamental_event_inbox/amarkets_xauusd_5m.csv",
  "score_csv": "/Users/vahid/Desktop/xauusd-trader/reports/stage150_mtf_separated_validation_discovery/m5/stage150_candidate_scores.csv",
  "tf": "m5",
  "timeframe_minutes": 5,
  "raw_row_count": 318641,
  "bar_count": 318641,
  "raw_feature_date": "2026-07-07T12:20:00Z",
  "timestamp_shift_hours": -3.0,
  "feature_date": "2026-07-07T09:20:00Z",
  "feature_age_sec": 8499,
  "max_feature_age_sec": 7200,
  "feature_fresh": false,
  "score_rows": 552,
  "eligible_shortlist_count": 193,
  "active_shortlist_count": 78,
  "selected_rule_id": "D150C_M5_ret_3h_bps_GEQ35__trend_50_100_bps_GEQ35",
  "selected_label": "m5: ret_3h_bps >= q35 AND trend_50_100_bps >= q35",
  "selected_family_key": "D150C_M5_ret_3h_bps__trend_50_100_bps",
  "selected_condition_snapshot": "[{\"current\": -2.470984105756857, \"feature\": \"ret_3h_bps\", \"op\": \">=\", \"threshold\": -7.365592665587284}, {\"current\": 127.85634942136693, \"feature\": \"trend_50_100_bps\", \"op\": \">=\", \"threshold\": -14.337320822584214}]",
  "risk_summary": "/Users/vahid/Desktop/xauusd-trader/reports/stage145_clean_ledger_performance_gate/stage145_clean_ledger_performance_gate_summary.json",
  "block_negative_demo_families": true,
  "risk_blocked_family_count": 3,
  "risk_blocked_candidate_count": 18,
  "blocked_family_keys": [
    "D138C_ret_48h_bps__trend_50_100_bps",
    "D150C_M5_ret_3h_bps__ret_24h_bps",
    "D150C_M5_trend_8_20_bps__trend_50_100_bps"
  ],
  "blocked_family_rows": [
    {
      "family_key": "D138C_ret_48h_bps__trend_50_100_bps",
      "closed_trade_count": 6,
      "total_bps": -1.29,
      "mean_bps": -0.21,
      "total_net_profit": -0.94,
      "last_rule_id": "D138C_ret_48h_bps_GEQ65__trend_50_100_bps_LEQ65",
      "last_outcome": "PROFIT"
    },
    {
      "family_key": "D150C_M5_ret_3h_bps__ret_24h_bps",
      "closed_trade_count": 1,
      "total_bps": -19.35,
      "mean_bps": -19.35,
      "total_net_profit": -8.72,
      "last_rule_id": "D150C_M5_ret_3h_bps_GEQ65__ret_24h_bps_GEQ35",
      "last_outcome": "LOSS"
    },
    {
      "family_key": "D150C_M5_trend_8_20_bps__trend_50_100_bps",
      "closed_trade_count": 1,
      "total_bps": -50.52,
      "mean_bps": -50.52,
      "total_net_profit": -21.22,
      "last_rule_id": "D150C_M5_trend_8_20_bps_GEQ65__trend_50_100_bps_GEQ35",
      "last_outcome": "LOSS"
    }
  ],
  "repo_kv": "/Users/vahid/Desktop/xauusd-trader/data/demo_execution/xauusd_stage155_m5_active_router_rule_state_kv.csv",
  "repo_latest": "/Users/vahid/Desktop/xauusd-trader/data/demo_execution/xauusd_stage155_m5_active_router_rule_state_latest.csv",
  "mt5_kv_written": true,
  "mt5_kv": "/Users/vahid/Library/Application Support/net.metaquotes.wine.metatrader5/drive_c/Program Files/MetaTrader 5/MQL5/Files/xauusd_stage155_m5_active_router_rule_state_kv.csv",
  "mt5_latest": "/Users/vahid/Library/Application Support/net.metaquotes.wine.metatrader5/drive_c/Program Files/MetaTrader 5/MQL5/Files/xauusd_stage155_m5_active_router_rule_state_latest.csv",
  "stage134_instruction": {
    "InpRuleStateKvFile": "xauusd_stage155_m5_active_router_rule_state_kv.csv",
    "InpAllowedRules": "all",
    "keep_InpEnableDemoOrders": "true only on demo account"
  },
  "summary_json": "/Users/vahid/Desktop/xauusd-trader/reports/stage155_active_router_demo_risk_guard/m5/stage155_active_router_demo_risk_guard_summary.json",
  "next": [
    "Use Stage155 for demo execution routing after Stage154 exposed demo-negative families.",
    "Keep Stage150B as offline replacement discovery; Stage154 only routes cached PASS candidates."
  ]
}
{
  "stage": "Stage155_ACTIVE_ROUTER_DEMO_RISK_GUARD",
  "generated_utc": "2026-07-07T11:46:41Z",
  "status": "STAGE155_COMPLETE_ACTIVE_ROUTER_DEMO_RISK_GUARD_READY",
  "decision": "STAGE155_ACTIVE_ROUTER_STALE_NO_ORDER",
  "root": "/Users/vahid/Desktop/xauusd-trader",
  "bars_path": "/Users/vahid/Downloads/xauusd_fundamental_event_inbox/amarkets_xauusd_5m.csv",
  "score_csv": "/Users/vahid/Desktop/xauusd-trader/reports/stage150_mtf_separated_validation_discovery/m5/stage150_candidate_scores.csv",
  "tf": "m5",
  "timeframe_minutes": 5,
  "raw_row_count": 318641,
  "bar_count": 318641,
  "raw_feature_date": "2026-07-07T12:20:00Z",
  "timestamp_shift_hours": -3.0,
  "feature_date": "2026-07-07T09:20:00Z",
  "feature_age_sec": 8847,
  "max_feature_age_sec": 7200,
  "feature_fresh": false,
  "score_rows": 552,
  "eligible_shortlist_count": 193,
  "active_shortlist_count": 78,
  "selected_rule_id": "D150C_M5_ret_3h_bps_GEQ35__trend_50_100_bps_GEQ35",
  "selected_label": "m5: ret_3h_bps >= q35 AND trend_50_100_bps >= q35",
  "selected_family_key": "D150C_M5_ret_3h_bps__trend_50_100_bps",
  "selected_condition_snapshot": "[{\"current\": -2.470984105756857, \"feature\": \"ret_3h_bps\", \"op\": \">=\", \"threshold\": -7.365592665587284}, {\"current\": 127.85634942136693, \"feature\": \"trend_50_100_bps\", \"op\": \">=\", \"threshold\": -14.337320822584214}]",
  "risk_summary": "/Users/vahid/Desktop/xauusd-trader/reports/stage145_clean_ledger_performance_gate/stage145_clean_ledger_performance_gate_summary.json",
  "block_negative_demo_families": true,
  "risk_blocked_family_count": 3,
  "risk_blocked_candidate_count": 18,
  "blocked_family_keys": [
    "D138C_ret_48h_bps__trend_50_100_bps",
    "D150C_M5_ret_3h_bps__ret_24h_bps",
    "D150C_M5_trend_8_20_bps__trend_50_100_bps"
  ],
  "blocked_family_rows": [
    {
      "family_key": "D138C_ret_48h_bps__trend_50_100_bps",
      "closed_trade_count": 6,
      "total_bps": -1.29,
      "mean_bps": -0.21,
      "total_net_profit": -0.94,
      "last_rule_id": "D138C_ret_48h_bps_GEQ65__trend_50_100_bps_LEQ65",
      "last_outcome": "PROFIT"
    },
    {
      "family_key": "D150C_M5_ret_3h_bps__ret_24h_bps",
      "closed_trade_count": 1,
      "total_bps": -19.35,
      "mean_bps": -19.35,
      "total_net_profit": -8.72,
      "last_rule_id": "D150C_M5_ret_3h_bps_GEQ65__ret_24h_bps_GEQ35",
      "last_outcome": "LOSS"
    },
    {
      "family_key": "D150C_M5_trend_8_20_bps__trend_50_100_bps",
      "closed_trade_count": 1,
      "total_bps": -50.52,
      "mean_bps": -50.52,
      "total_net_profit": -21.22,
      "last_rule_id": "D150C_M5_trend_8_20_bps_GEQ65__trend_50_100_bps_GEQ35",
      "last_outcome": "LOSS"
    }
  ],
  "repo_kv": "/Users/vahid/Desktop/xauusd-trader/data/demo_execution/xauusd_stage155_m5_active_router_rule_state_kv.csv",
  "repo_latest": "/Users/vahid/Desktop/xauusd-trader/data/demo_execution/xauusd_stage155_m5_active_router_rule_state_latest.csv",
  "mt5_kv_written": true,
  "mt5_kv": "/Users/vahid/Library/Application Support/net.metaquotes.wine.metatrader5/drive_c/Program Files/MetaTrader 5/MQL5/Files/xauusd_stage155_m5_active_router_rule_state_kv.csv",
  "mt5_latest": "/Users/vahid/Library/Application Support/net.metaquotes.wine.metatrader5/drive_c/Program Files/MetaTrader 5/MQL5/Files/xauusd_stage155_m5_active_router_rule_state_latest.csv",
  "stage134_instruction": {
    "InpRuleStateKvFile": "xauusd_stage155_m5_active_router_rule_state_kv.csv",
    "InpAllowedRules": "all",
    "keep_InpEnableDemoOrders": "true only on demo account"
  },
  "summary_json": "/Users/vahid/Desktop/xauusd-trader/reports/stage155_active_router_demo_risk_guard/m5/stage155_active_router_demo_risk_guard_summary.json",
  "next": [
    "Use Stage155 for demo execution routing after Stage154 exposed demo-negative families.",
    "Keep Stage150B as offline replacement discovery; Stage154 only routes cached PASS candidates."
  ]
}
{
  "stage": "Stage155_ACTIVE_ROUTER_DEMO_RISK_GUARD",
  "generated_utc": "2026-07-07T11:56:59Z",
  "status": "STAGE155_COMPLETE_ACTIVE_ROUTER_DEMO_RISK_GUARD_READY",
  "decision": "STAGE155_ACTIVE_ROUTER_STALE_NO_ORDER",
  "root": "/Users/vahid/Desktop/xauusd-trader",
  "bars_path": "/Users/vahid/Downloads/xauusd_fundamental_event_inbox/amarkets_xauusd_5m.csv",
  "score_csv": "/Users/vahid/Desktop/xauusd-trader/reports/stage150_mtf_separated_validation_discovery/m5/stage150_candidate_scores.csv",
  "tf": "m5",
  "timeframe_minutes": 5,
  "raw_row_count": 318641,
  "bar_count": 318641,
  "raw_feature_date": "2026-07-07T12:20:00Z",
  "timestamp_shift_hours": -3.0,
  "feature_date": "2026-07-07T09:20:00Z",
  "feature_age_sec": 9440,
  "max_feature_age_sec": 7200,
  "feature_fresh": false,
  "score_rows": 552,
  "eligible_shortlist_count": 193,
  "active_shortlist_count": 78,
  "selected_rule_id": "D150C_M5_ret_3h_bps_GEQ35__trend_50_100_bps_GEQ35",
  "selected_label": "m5: ret_3h_bps >= q35 AND trend_50_100_bps >= q35",
  "selected_family_key": "D150C_M5_ret_3h_bps__trend_50_100_bps",
  "selected_condition_snapshot": "[{\"current\": -2.470984105756857, \"feature\": \"ret_3h_bps\", \"op\": \">=\", \"threshold\": -7.365592665587284}, {\"current\": 127.85634942136693, \"feature\": \"trend_50_100_bps\", \"op\": \">=\", \"threshold\": -14.337320822584214}]",
  "risk_summary": "/Users/vahid/Desktop/xauusd-trader/reports/stage145_clean_ledger_performance_gate/stage145_clean_ledger_performance_gate_summary.json",
  "block_negative_demo_families": true,
  "risk_blocked_family_count": 3,
  "risk_blocked_candidate_count": 18,
  "blocked_family_keys": [
    "D138C_ret_48h_bps__trend_50_100_bps",
    "D150C_M5_ret_3h_bps__ret_24h_bps",
    "D150C_M5_trend_8_20_bps__trend_50_100_bps"
  ],
  "blocked_family_rows": [
    {
      "family_key": "D138C_ret_48h_bps__trend_50_100_bps",
      "closed_trade_count": 6,
      "total_bps": -1.29,
      "mean_bps": -0.21,
      "total_net_profit": -0.94,
      "last_rule_id": "D138C_ret_48h_bps_GEQ65__trend_50_100_bps_LEQ65",
      "last_outcome": "PROFIT"
    },
    {
      "family_key": "D150C_M5_ret_3h_bps__ret_24h_bps",
      "closed_trade_count": 1,
      "total_bps": -19.35,
      "mean_bps": -19.35,
      "total_net_profit": -8.72,
      "last_rule_id": "D150C_M5_ret_3h_bps_GEQ65__ret_24h_bps_GEQ35",
      "last_outcome": "LOSS"
    },
    {
      "family_key": "D150C_M5_trend_8_20_bps__trend_50_100_bps",
      "closed_trade_count": 1,
      "total_bps": -50.52,
      "mean_bps": -50.52,
      "total_net_profit": -21.22,
      "last_rule_id": "D150C_M5_trend_8_20_bps_GEQ65__trend_50_100_bps_GEQ35",
      "last_outcome": "LOSS"
    }
  ],
  "repo_kv": "/Users/vahid/Desktop/xauusd-trader/data/demo_execution/xauusd_stage155_m5_active_router_rule_state_kv.csv",
  "repo_latest": "/Users/vahid/Desktop/xauusd-trader/data/demo_execution/xauusd_stage155_m5_active_router_rule_state_latest.csv",
  "mt5_kv_written": true,
  "mt5_kv": "/Users/vahid/Library/Application Support/net.metaquotes.wine.metatrader5/drive_c/Program Files/MetaTrader 5/MQL5/Files/xauusd_stage155_m5_active_router_rule_state_kv.csv",
  "mt5_latest": "/Users/vahid/Library/Application Support/net.metaquotes.wine.metatrader5/drive_c/Program Files/MetaTrader 5/MQL5/Files/xauusd_stage155_m5_active_router_rule_state_latest.csv",
  "stage134_instruction": {
    "InpRuleStateKvFile": "xauusd_stage155_m5_active_router_rule_state_kv.csv",
    "InpAllowedRules": "all",
    "keep_InpEnableDemoOrders": "true only on demo account"
  },
  "summary_json": "/Users/vahid/Desktop/xauusd-trader/reports/stage155_active_router_demo_risk_guard/m5/stage155_active_router_demo_risk_guard_summary.json",
  "next": [
    "Use Stage155 for demo execution routing after Stage154 exposed demo-negative families.",
    "Keep Stage150B as offline replacement discovery; Stage154 only routes cached PASS candidates."
  ]
}
{
  "stage": "Stage155_ACTIVE_ROUTER_DEMO_RISK_GUARD",
  "generated_utc": "2026-07-07T12:02:25Z",
  "status": "STAGE155_COMPLETE_ACTIVE_ROUTER_DEMO_RISK_GUARD_READY",
  "decision": "STAGE155_ACTIVE_ROUTER_STALE_NO_ORDER",
  "root": "/Users/vahid/Desktop/xauusd-trader",
  "bars_path": "/Users/vahid/Downloads/xauusd_fundamental_event_inbox/amarkets_xauusd_5m.csv",
  "score_csv": "/Users/vahid/Desktop/xauusd-trader/reports/stage150_mtf_separated_validation_discovery/m5/stage150_candidate_scores.csv",
  "tf": "m5",
  "timeframe_minutes": 5,
  "raw_row_count": 318641,
  "bar_count": 318641,
  "raw_feature_date": "2026-07-07T12:20:00Z",
  "timestamp_shift_hours": -3.0,
  "feature_date": "2026-07-07T09:20:00Z",
  "feature_age_sec": 9794,
  "max_feature_age_sec": 7200,
  "feature_fresh": false,
  "score_rows": 552,
  "eligible_shortlist_count": 193,
  "active_shortlist_count": 78,
  "selected_rule_id": "D150C_M5_ret_3h_bps_GEQ35__trend_50_100_bps_GEQ35",
  "selected_label": "m5: ret_3h_bps >= q35 AND trend_50_100_bps >= q35",
  "selected_family_key": "D150C_M5_ret_3h_bps__trend_50_100_bps",
  "selected_condition_snapshot": "[{\"current\": -2.470984105756857, \"feature\": \"ret_3h_bps\", \"op\": \">=\", \"threshold\": -7.365592665587284}, {\"current\": 127.85634942136693, \"feature\": \"trend_50_100_bps\", \"op\": \">=\", \"threshold\": -14.337320822584214}]",
  "risk_summary": "/Users/vahid/Desktop/xauusd-trader/reports/stage145_clean_ledger_performance_gate/stage145_clean_ledger_performance_gate_summary.json",
  "block_negative_demo_families": true,
  "risk_blocked_family_count": 3,
  "risk_blocked_candidate_count": 18,
  "blocked_family_keys": [
    "D138C_ret_48h_bps__trend_50_100_bps",
    "D150C_M5_ret_3h_bps__ret_24h_bps",
    "D150C_M5_trend_8_20_bps__trend_50_100_bps"
  ],
  "blocked_family_rows": [
    {
      "family_key": "D138C_ret_48h_bps__trend_50_100_bps",
      "closed_trade_count": 6,
      "total_bps": -1.29,
      "mean_bps": -0.21,
      "total_net_profit": -0.94,
      "last_rule_id": "D138C_ret_48h_bps_GEQ65__trend_50_100_bps_LEQ65",
      "last_outcome": "PROFIT"
    },
    {
      "family_key": "D150C_M5_ret_3h_bps__ret_24h_bps",
      "closed_trade_count": 1,
      "total_bps": -19.35,
      "mean_bps": -19.35,
      "total_net_profit": -8.72,
      "last_rule_id": "D150C_M5_ret_3h_bps_GEQ65__ret_24h_bps_GEQ35",
      "last_outcome": "LOSS"
    },
    {
      "family_key": "D150C_M5_trend_8_20_bps__trend_50_100_bps",
      "closed_trade_count": 1,
      "total_bps": -50.52,
      "mean_bps": -50.52,
      "total_net_profit": -21.22,
      "last_rule_id": "D150C_M5_trend_8_20_bps_GEQ65__trend_50_100_bps_GEQ35",
      "last_outcome": "LOSS"
    }
  ],
  "repo_kv": "/Users/vahid/Desktop/xauusd-trader/data/demo_execution/xauusd_stage155_m5_active_router_rule_state_kv.csv",
  "repo_latest": "/Users/vahid/Desktop/xauusd-trader/data/demo_execution/xauusd_stage155_m5_active_router_rule_state_latest.csv",
  "mt5_kv_written": true,
  "mt5_kv": "/Users/vahid/Library/Application Support/net.metaquotes.wine.metatrader5/drive_c/Program Files/MetaTrader 5/MQL5/Files/xauusd_stage155_m5_active_router_rule_state_kv.csv",
  "mt5_latest": "/Users/vahid/Library/Application Support/net.metaquotes.wine.metatrader5/drive_c/Program Files/MetaTrader 5/MQL5/Files/xauusd_stage155_m5_active_router_rule_state_latest.csv",
  "stage134_instruction": {
    "InpRuleStateKvFile": "xauusd_stage155_m5_active_router_rule_state_kv.csv",
    "InpAllowedRules": "all",
    "keep_InpEnableDemoOrders": "true only on demo account"
  },
  "summary_json": "/Users/vahid/Desktop/xauusd-trader/reports/stage155_active_router_demo_risk_guard/m5/stage155_active_router_demo_risk_guard_summary.json",
  "next": [
    "Use Stage155 for demo execution routing after Stage154 exposed demo-negative families.",
    "Keep Stage150B as offline replacement discovery; Stage154 only routes cached PASS candidates."
  ]
}
{
  "stage": "Stage155_ACTIVE_ROUTER_DEMO_RISK_GUARD",
  "generated_utc": "2026-07-07T12:08:30Z",
  "status": "STAGE155_COMPLETE_ACTIVE_ROUTER_DEMO_RISK_GUARD_READY",
  "decision": "STAGE155_ACTIVE_ROUTER_STALE_NO_ORDER",
  "root": "/Users/vahid/Desktop/xauusd-trader",
  "bars_path": "/Users/vahid/Downloads/xauusd_fundamental_event_inbox/amarkets_xauusd_5m.csv",
  "score_csv": "/Users/vahid/Desktop/xauusd-trader/reports/stage150_mtf_separated_validation_discovery/m5/stage150_candidate_scores.csv",
  "tf": "m5",
  "timeframe_minutes": 5,
  "raw_row_count": 318641,
  "bar_count": 318641,
  "raw_feature_date": "2026-07-07T12:20:00Z",
  "timestamp_shift_hours": -3.0,
  "feature_date": "2026-07-07T09:20:00Z",
  "feature_age_sec": 10393,
  "max_feature_age_sec": 7200,
  "feature_fresh": false,
  "score_rows": 552,
  "eligible_shortlist_count": 193,
  "active_shortlist_count": 78,
  "selected_rule_id": "D150C_M5_ret_3h_bps_GEQ35__trend_50_100_bps_GEQ35",
  "selected_label": "m5: ret_3h_bps >= q35 AND trend_50_100_bps >= q35",
  "selected_family_key": "D150C_M5_ret_3h_bps__trend_50_100_bps",
  "selected_condition_snapshot": "[{\"current\": -2.470984105756857, \"feature\": \"ret_3h_bps\", \"op\": \">=\", \"threshold\": -7.365592665587284}, {\"current\": 127.85634942136693, \"feature\": \"trend_50_100_bps\", \"op\": \">=\", \"threshold\": -14.337320822584214}]",
  "risk_summary": "/Users/vahid/Desktop/xauusd-trader/reports/stage145_clean_ledger_performance_gate/stage145_clean_ledger_performance_gate_summary.json",
  "block_negative_demo_families": true,
  "risk_blocked_family_count": 3,
  "risk_blocked_candidate_count": 18,
  "blocked_family_keys": [
    "D138C_ret_48h_bps__trend_50_100_bps",
    "D150C_M5_ret_3h_bps__ret_24h_bps",
    "D150C_M5_trend_8_20_bps__trend_50_100_bps"
  ],
  "blocked_family_rows": [
    {
      "family_key": "D138C_ret_48h_bps__trend_50_100_bps",
      "closed_trade_count": 6,
      "total_bps": -1.29,
      "mean_bps": -0.21,
      "total_net_profit": -0.94,
      "last_rule_id": "D138C_ret_48h_bps_GEQ65__trend_50_100_bps_LEQ65",
      "last_outcome": "PROFIT"
    },
    {
      "family_key": "D150C_M5_ret_3h_bps__ret_24h_bps",
      "closed_trade_count": 1,
      "total_bps": -19.35,
      "mean_bps": -19.35,
      "total_net_profit": -8.72,
      "last_rule_id": "D150C_M5_ret_3h_bps_GEQ65__ret_24h_bps_GEQ35",
      "last_outcome": "LOSS"
    },
    {
      "family_key": "D150C_M5_trend_8_20_bps__trend_50_100_bps",
      "closed_trade_count": 1,
      "total_bps": -50.52,
      "mean_bps": -50.52,
      "total_net_profit": -21.22,
      "last_rule_id": "D150C_M5_trend_8_20_bps_GEQ65__trend_50_100_bps_GEQ35",
      "last_outcome": "LOSS"
    }
  ],
  "repo_kv": "/Users/vahid/Desktop/xauusd-trader/data/demo_execution/xauusd_stage155_m5_active_router_rule_state_kv.csv",
  "repo_latest": "/Users/vahid/Desktop/xauusd-trader/data/demo_execution/xauusd_stage155_m5_active_router_rule_state_latest.csv",
  "mt5_kv_written": true,
  "mt5_kv": "/Users/vahid/Library/Application Support/net.metaquotes.wine.metatrader5/drive_c/Program Files/MetaTrader 5/MQL5/Files/xauusd_stage155_m5_active_router_rule_state_kv.csv",
  "mt5_latest": "/Users/vahid/Library/Application Support/net.metaquotes.wine.metatrader5/drive_c/Program Files/MetaTrader 5/MQL5/Files/xauusd_stage155_m5_active_router_rule_state_latest.csv",
  "stage134_instruction": {
    "InpRuleStateKvFile": "xauusd_stage155_m5_active_router_rule_state_kv.csv",
    "InpAllowedRules": "all",
    "keep_InpEnableDemoOrders": "true only on demo account"
  },
  "summary_json": "/Users/vahid/Desktop/xauusd-trader/reports/stage155_active_router_demo_risk_guard/m5/stage155_active_router_demo_risk_guard_summary.json",
  "next": [
    "Use Stage155 for demo execution routing after Stage154 exposed demo-negative families.",
    "Keep Stage150B as offline replacement discovery; Stage154 only routes cached PASS candidates."
  ]
}
{
  "stage": "Stage155_ACTIVE_ROUTER_DEMO_RISK_GUARD",
  "generated_utc": "2026-07-07T12:19:14Z",
  "status": "STAGE155_COMPLETE_ACTIVE_ROUTER_DEMO_RISK_GUARD_READY",
  "decision": "STAGE155_ACTIVE_ROUTER_STALE_NO_ORDER",
  "root": "/Users/vahid/Desktop/xauusd-trader",
  "bars_path": "/Users/vahid/Downloads/xauusd_fundamental_event_inbox/amarkets_xauusd_5m.csv",
  "score_csv": "/Users/vahid/Desktop/xauusd-trader/reports/stage150_mtf_separated_validation_discovery/m5/stage150_candidate_scores.csv",
  "tf": "m5",
  "timeframe_minutes": 5,
  "raw_row_count": 318641,
  "bar_count": 318641,
  "raw_feature_date": "2026-07-07T12:20:00Z",
  "timestamp_shift_hours": -3.0,
  "feature_date": "2026-07-07T09:20:00Z",
  "feature_age_sec": 10787,
  "max_feature_age_sec": 7200,
  "feature_fresh": false,
  "score_rows": 552,
  "eligible_shortlist_count": 193,
  "active_shortlist_count": 78,
  "selected_rule_id": "D150C_M5_ret_3h_bps_GEQ35__trend_50_100_bps_GEQ35",
  "selected_label": "m5: ret_3h_bps >= q35 AND trend_50_100_bps >= q35",
  "selected_family_key": "D150C_M5_ret_3h_bps__trend_50_100_bps",
  "selected_condition_snapshot": "[{\"current\": -2.470984105756857, \"feature\": \"ret_3h_bps\", \"op\": \">=\", \"threshold\": -7.365592665587284}, {\"current\": 127.85634942136693, \"feature\": \"trend_50_100_bps\", \"op\": \">=\", \"threshold\": -14.337320822584214}]",
  "risk_summary": "/Users/vahid/Desktop/xauusd-trader/reports/stage145_clean_ledger_performance_gate/stage145_clean_ledger_performance_gate_summary.json",
  "block_negative_demo_families": true,
  "risk_blocked_family_count": 3,
  "risk_blocked_candidate_count": 18,
  "blocked_family_keys": [
    "D138C_ret_48h_bps__trend_50_100_bps",
    "D150C_M5_ret_3h_bps__ret_24h_bps",
    "D150C_M5_trend_8_20_bps__trend_50_100_bps"
  ],
  "blocked_family_rows": [
    {
      "family_key": "D138C_ret_48h_bps__trend_50_100_bps",
      "closed_trade_count": 6,
      "total_bps": -1.29,
      "mean_bps": -0.21,
      "total_net_profit": -0.94,
      "last_rule_id": "D138C_ret_48h_bps_GEQ65__trend_50_100_bps_LEQ65",
      "last_outcome": "PROFIT"
    },
    {
      "family_key": "D150C_M5_ret_3h_bps__ret_24h_bps",
      "closed_trade_count": 1,
      "total_bps": -19.35,
      "mean_bps": -19.35,
      "total_net_profit": -8.72,
      "last_rule_id": "D150C_M5_ret_3h_bps_GEQ65__ret_24h_bps_GEQ35",
      "last_outcome": "LOSS"
    },
    {
      "family_key": "D150C_M5_trend_8_20_bps__trend_50_100_bps",
      "closed_trade_count": 1,
      "total_bps": -50.52,
      "mean_bps": -50.52,
      "total_net_profit": -21.22,
      "last_rule_id": "D150C_M5_trend_8_20_bps_GEQ65__trend_50_100_bps_GEQ35",
      "last_outcome": "LOSS"
    }
  ],
  "repo_kv": "/Users/vahid/Desktop/xauusd-trader/data/demo_execution/xauusd_stage155_m5_active_router_rule_state_kv.csv",
  "repo_latest": "/Users/vahid/Desktop/xauusd-trader/data/demo_execution/xauusd_stage155_m5_active_router_rule_state_latest.csv",
  "mt5_kv_written": true,
  "mt5_kv": "/Users/vahid/Library/Application Support/net.metaquotes.wine.metatrader5/drive_c/Program Files/MetaTrader 5/MQL5/Files/xauusd_stage155_m5_active_router_rule_state_kv.csv",
  "mt5_latest": "/Users/vahid/Library/Application Support/net.metaquotes.wine.metatrader5/drive_c/Program Files/MetaTrader 5/MQL5/Files/xauusd_stage155_m5_active_router_rule_state_latest.csv",
  "stage134_instruction": {
    "InpRuleStateKvFile": "xauusd_stage155_m5_active_router_rule_state_kv.csv",
    "InpAllowedRules": "all",
    "keep_InpEnableDemoOrders": "true only on demo account"
  },
  "summary_json": "/Users/vahid/Desktop/xauusd-trader/reports/stage155_active_router_demo_risk_guard/m5/stage155_active_router_demo_risk_guard_summary.json",
  "next": [
    "Use Stage155 for demo execution routing after Stage154 exposed demo-negative families.",
    "Keep Stage150B as offline replacement discovery; Stage154 only routes cached PASS candidates."
  ]
}
{
  "stage": "Stage155_ACTIVE_ROUTER_DEMO_RISK_GUARD",
  "generated_utc": "2026-07-07T12:24:50Z",
  "status": "STAGE155_COMPLETE_ACTIVE_ROUTER_DEMO_RISK_GUARD_READY",
  "decision": "STAGE155_ACTIVE_ROUTER_STALE_NO_ORDER",
  "root": "/Users/vahid/Desktop/xauusd-trader",
  "bars_path": "/Users/vahid/Downloads/xauusd_fundamental_event_inbox/amarkets_xauusd_5m.csv",
  "score_csv": "/Users/vahid/Desktop/xauusd-trader/reports/stage150_mtf_separated_validation_discovery/m5/stage150_candidate_scores.csv",
  "tf": "m5",
  "timeframe_minutes": 5,
  "raw_row_count": 318641,
  "bar_count": 318641,
  "raw_feature_date": "2026-07-07T12:20:00Z",
  "timestamp_shift_hours": -3.0,
  "feature_date": "2026-07-07T09:20:00Z",
  "feature_age_sec": 11133,
  "max_feature_age_sec": 7200,
  "feature_fresh": false,
  "score_rows": 552,
  "eligible_shortlist_count": 193,
  "active_shortlist_count": 78,
  "selected_rule_id": "D150C_M5_ret_3h_bps_GEQ35__trend_50_100_bps_GEQ35",
  "selected_label": "m5: ret_3h_bps >= q35 AND trend_50_100_bps >= q35",
  "selected_family_key": "D150C_M5_ret_3h_bps__trend_50_100_bps",
  "selected_condition_snapshot": "[{\"current\": -2.470984105756857, \"feature\": \"ret_3h_bps\", \"op\": \">=\", \"threshold\": -7.365592665587284}, {\"current\": 127.85634942136693, \"feature\": \"trend_50_100_bps\", \"op\": \">=\", \"threshold\": -14.337320822584214}]",
  "risk_summary": "/Users/vahid/Desktop/xauusd-trader/reports/stage145_clean_ledger_performance_gate/stage145_clean_ledger_performance_gate_summary.json",
  "block_negative_demo_families": true,
  "risk_blocked_family_count": 3,
  "risk_blocked_candidate_count": 18,
  "blocked_family_keys": [
    "D138C_ret_48h_bps__trend_50_100_bps",
    "D150C_M5_ret_3h_bps__ret_24h_bps",
    "D150C_M5_trend_8_20_bps__trend_50_100_bps"
  ],
  "blocked_family_rows": [
    {
      "family_key": "D138C_ret_48h_bps__trend_50_100_bps",
      "closed_trade_count": 6,
      "total_bps": -1.29,
      "mean_bps": -0.21,
      "total_net_profit": -0.94,
      "last_rule_id": "D138C_ret_48h_bps_GEQ65__trend_50_100_bps_LEQ65",
      "last_outcome": "PROFIT"
    },
    {
      "family_key": "D150C_M5_ret_3h_bps__ret_24h_bps",
      "closed_trade_count": 1,
      "total_bps": -19.35,
      "mean_bps": -19.35,
      "total_net_profit": -8.72,
      "last_rule_id": "D150C_M5_ret_3h_bps_GEQ65__ret_24h_bps_GEQ35",
      "last_outcome": "LOSS"
    },
    {
      "family_key": "D150C_M5_trend_8_20_bps__trend_50_100_bps",
      "closed_trade_count": 1,
      "total_bps": -50.52,
      "mean_bps": -50.52,
      "total_net_profit": -21.22,
      "last_rule_id": "D150C_M5_trend_8_20_bps_GEQ65__trend_50_100_bps_GEQ35",
      "last_outcome": "LOSS"
    }
  ],
  "repo_kv": "/Users/vahid/Desktop/xauusd-trader/data/demo_execution/xauusd_stage155_m5_active_router_rule_state_kv.csv",
  "repo_latest": "/Users/vahid/Desktop/xauusd-trader/data/demo_execution/xauusd_stage155_m5_active_router_rule_state_latest.csv",
  "mt5_kv_written": true,
  "mt5_kv": "/Users/vahid/Library/Application Support/net.metaquotes.wine.metatrader5/drive_c/Program Files/MetaTrader 5/MQL5/Files/xauusd_stage155_m5_active_router_rule_state_kv.csv",
  "mt5_latest": "/Users/vahid/Library/Application Support/net.metaquotes.wine.metatrader5/drive_c/Program Files/MetaTrader 5/MQL5/Files/xauusd_stage155_m5_active_router_rule_state_latest.csv",
  "stage134_instruction": {
    "InpRuleStateKvFile": "xauusd_stage155_m5_active_router_rule_state_kv.csv",
    "InpAllowedRules": "all",
    "keep_InpEnableDemoOrders": "true only on demo account"
  },
  "summary_json": "/Users/vahid/Desktop/xauusd-trader/reports/stage155_active_router_demo_risk_guard/m5/stage155_active_router_demo_risk_guard_summary.json",
  "next": [
    "Use Stage155 for demo execution routing after Stage154 exposed demo-negative families.",
    "Keep Stage150B as offline replacement discovery; Stage154 only routes cached PASS candidates."
  ]
}
{
  "stage": "Stage155_ACTIVE_ROUTER_DEMO_RISK_GUARD",
  "generated_utc": "2026-07-07T12:30:34Z",
  "status": "STAGE155_COMPLETE_ACTIVE_ROUTER_DEMO_RISK_GUARD_READY",
  "decision": "STAGE155_ACTIVE_ROUTER_STALE_NO_ORDER",
  "root": "/Users/vahid/Desktop/xauusd-trader",
  "bars_path": "/Users/vahid/Downloads/xauusd_fundamental_event_inbox/amarkets_xauusd_5m.csv",
  "score_csv": "/Users/vahid/Desktop/xauusd-trader/reports/stage150_mtf_separated_validation_discovery/m5/stage150_candidate_scores.csv",
  "tf": "m5",
  "timeframe_minutes": 5,
  "raw_row_count": 318641,
  "bar_count": 318641,
  "raw_feature_date": "2026-07-07T12:20:00Z",
  "timestamp_shift_hours": -3.0,
  "feature_date": "2026-07-07T09:20:00Z",
  "feature_age_sec": 11453,
  "max_feature_age_sec": 7200,
  "feature_fresh": false,
  "score_rows": 552,
  "eligible_shortlist_count": 193,
  "active_shortlist_count": 78,
  "selected_rule_id": "D150C_M5_ret_3h_bps_GEQ35__trend_50_100_bps_GEQ35",
  "selected_label": "m5: ret_3h_bps >= q35 AND trend_50_100_bps >= q35",
  "selected_family_key": "D150C_M5_ret_3h_bps__trend_50_100_bps",
  "selected_condition_snapshot": "[{\"current\": -2.470984105756857, \"feature\": \"ret_3h_bps\", \"op\": \">=\", \"threshold\": -7.365592665587284}, {\"current\": 127.85634942136693, \"feature\": \"trend_50_100_bps\", \"op\": \">=\", \"threshold\": -14.337320822584214}]",
  "risk_summary": "/Users/vahid/Desktop/xauusd-trader/reports/stage145_clean_ledger_performance_gate/stage145_clean_ledger_performance_gate_summary.json",
  "block_negative_demo_families": true,
  "risk_blocked_family_count": 3,
  "risk_blocked_candidate_count": 18,
  "blocked_family_keys": [
    "D138C_ret_48h_bps__trend_50_100_bps",
    "D150C_M5_ret_3h_bps__ret_24h_bps",
    "D150C_M5_trend_8_20_bps__trend_50_100_bps"
  ],
  "blocked_family_rows": [
    {
      "family_key": "D138C_ret_48h_bps__trend_50_100_bps",
      "closed_trade_count": 6,
      "total_bps": -1.29,
      "mean_bps": -0.21,
      "total_net_profit": -0.94,
      "last_rule_id": "D138C_ret_48h_bps_GEQ65__trend_50_100_bps_LEQ65",
      "last_outcome": "PROFIT"
    },
    {
      "family_key": "D150C_M5_ret_3h_bps__ret_24h_bps",
      "closed_trade_count": 1,
      "total_bps": -19.35,
      "mean_bps": -19.35,
      "total_net_profit": -8.72,
      "last_rule_id": "D150C_M5_ret_3h_bps_GEQ65__ret_24h_bps_GEQ35",
      "last_outcome": "LOSS"
    },
    {
      "family_key": "D150C_M5_trend_8_20_bps__trend_50_100_bps",
      "closed_trade_count": 1,
      "total_bps": -50.52,
      "mean_bps": -50.52,
      "total_net_profit": -21.22,
      "last_rule_id": "D150C_M5_trend_8_20_bps_GEQ65__trend_50_100_bps_GEQ35",
      "last_outcome": "LOSS"
    }
  ],
  "repo_kv": "/Users/vahid/Desktop/xauusd-trader/data/demo_execution/xauusd_stage155_m5_active_router_rule_state_kv.csv",
  "repo_latest": "/Users/vahid/Desktop/xauusd-trader/data/demo_execution/xauusd_stage155_m5_active_router_rule_state_latest.csv",
  "mt5_kv_written": true,
  "mt5_kv": "/Users/vahid/Library/Application Support/net.metaquotes.wine.metatrader5/drive_c/Program Files/MetaTrader 5/MQL5/Files/xauusd_stage155_m5_active_router_rule_state_kv.csv",
  "mt5_latest": "/Users/vahid/Library/Application Support/net.metaquotes.wine.metatrader5/drive_c/Program Files/MetaTrader 5/MQL5/Files/xauusd_stage155_m5_active_router_rule_state_latest.csv",
  "stage134_instruction": {
    "InpRuleStateKvFile": "xauusd_stage155_m5_active_router_rule_state_kv.csv",
    "InpAllowedRules": "all",
    "keep_InpEnableDemoOrders": "true only on demo account"
  },
  "summary_json": "/Users/vahid/Desktop/xauusd-trader/reports/stage155_active_router_demo_risk_guard/m5/stage155_active_router_demo_risk_guard_summary.json",
  "next": [
    "Use Stage155 for demo execution routing after Stage154 exposed demo-negative families.",
    "Keep Stage150B as offline replacement discovery; Stage154 only routes cached PASS candidates."
  ]
}
{
  "stage": "Stage155_ACTIVE_ROUTER_DEMO_RISK_GUARD",
  "generated_utc": "2026-07-07T12:35:57Z",
  "status": "STAGE155_COMPLETE_ACTIVE_ROUTER_DEMO_RISK_GUARD_READY",
  "decision": "STAGE155_ACTIVE_ROUTER_STALE_NO_ORDER",
  "root": "/Users/vahid/Desktop/xauusd-trader",
  "bars_path": "/Users/vahid/Downloads/xauusd_fundamental_event_inbox/amarkets_xauusd_5m.csv",
  "score_csv": "/Users/vahid/Desktop/xauusd-trader/reports/stage150_mtf_separated_validation_discovery/m5/stage150_candidate_scores.csv",
  "tf": "m5",
  "timeframe_minutes": 5,
  "raw_row_count": 318641,
  "bar_count": 318641,
  "raw_feature_date": "2026-07-07T12:20:00Z",
  "timestamp_shift_hours": -3.0,
  "feature_date": "2026-07-07T09:20:00Z",
  "feature_age_sec": 11848,
  "max_feature_age_sec": 7200,
  "feature_fresh": false,
  "score_rows": 552,
  "eligible_shortlist_count": 193,
  "active_shortlist_count": 78,
  "selected_rule_id": "D150C_M5_ret_3h_bps_GEQ35__trend_50_100_bps_GEQ35",
  "selected_label": "m5: ret_3h_bps >= q35 AND trend_50_100_bps >= q35",
  "selected_family_key": "D150C_M5_ret_3h_bps__trend_50_100_bps",
  "selected_condition_snapshot": "[{\"current\": -2.470984105756857, \"feature\": \"ret_3h_bps\", \"op\": \">=\", \"threshold\": -7.365592665587284}, {\"current\": 127.85634942136693, \"feature\": \"trend_50_100_bps\", \"op\": \">=\", \"threshold\": -14.337320822584214}]",
  "risk_summary": "/Users/vahid/Desktop/xauusd-trader/reports/stage145_clean_ledger_performance_gate/stage145_clean_ledger_performance_gate_summary.json",
  "block_negative_demo_families": true,
  "risk_blocked_family_count": 3,
  "risk_blocked_candidate_count": 18,
  "blocked_family_keys": [
    "D138C_ret_48h_bps__trend_50_100_bps",
    "D150C_M5_ret_3h_bps__ret_24h_bps",
    "D150C_M5_trend_8_20_bps__trend_50_100_bps"
  ],
  "blocked_family_rows": [
    {
      "family_key": "D138C_ret_48h_bps__trend_50_100_bps",
      "closed_trade_count": 6,
      "total_bps": -1.29,
      "mean_bps": -0.21,
      "total_net_profit": -0.94,
      "last_rule_id": "D138C_ret_48h_bps_GEQ65__trend_50_100_bps_LEQ65",
      "last_outcome": "PROFIT"
    },
    {
      "family_key": "D150C_M5_ret_3h_bps__ret_24h_bps",
      "closed_trade_count": 1,
      "total_bps": -19.35,
      "mean_bps": -19.35,
      "total_net_profit": -8.72,
      "last_rule_id": "D150C_M5_ret_3h_bps_GEQ65__ret_24h_bps_GEQ35",
      "last_outcome": "LOSS"
    },
    {
      "family_key": "D150C_M5_trend_8_20_bps__trend_50_100_bps",
      "closed_trade_count": 1,
      "total_bps": -50.52,
      "mean_bps": -50.52,
      "total_net_profit": -21.22,
      "last_rule_id": "D150C_M5_trend_8_20_bps_GEQ65__trend_50_100_bps_GEQ35",
      "last_outcome": "LOSS"
    }
  ],
  "repo_kv": "/Users/vahid/Desktop/xauusd-trader/data/demo_execution/xauusd_stage155_m5_active_router_rule_state_kv.csv",
  "repo_latest": "/Users/vahid/Desktop/xauusd-trader/data/demo_execution/xauusd_stage155_m5_active_router_rule_state_latest.csv",
  "mt5_kv_written": true,
  "mt5_kv": "/Users/vahid/Library/Application Support/net.metaquotes.wine.metatrader5/drive_c/Program Files/MetaTrader 5/MQL5/Files/xauusd_stage155_m5_active_router_rule_state_kv.csv",
  "mt5_latest": "/Users/vahid/Library/Application Support/net.metaquotes.wine.metatrader5/drive_c/Program Files/MetaTrader 5/MQL5/Files/xauusd_stage155_m5_active_router_rule_state_latest.csv",
  "stage134_instruction": {
    "InpRuleStateKvFile": "xauusd_stage155_m5_active_router_rule_state_kv.csv",
    "InpAllowedRules": "all",
    "keep_InpEnableDemoOrders": "true only on demo account"
  },
  "summary_json": "/Users/vahid/Desktop/xauusd-trader/reports/stage155_active_router_demo_risk_guard/m5/stage155_active_router_demo_risk_guard_summary.json",
  "next": [
    "Use Stage155 for demo execution routing after Stage154 exposed demo-negative families.",
    "Keep Stage150B as offline replacement discovery; Stage154 only routes cached PASS candidates."
  ]
}
{
  "stage": "Stage155_ACTIVE_ROUTER_DEMO_RISK_GUARD",
  "generated_utc": "2026-07-07T12:42:30Z",
  "status": "STAGE155_COMPLETE_ACTIVE_ROUTER_DEMO_RISK_GUARD_READY",
  "decision": "STAGE155_ACTIVE_ROUTER_STALE_NO_ORDER",
  "root": "/Users/vahid/Desktop/xauusd-trader",
  "bars_path": "/Users/vahid/Downloads/xauusd_fundamental_event_inbox/amarkets_xauusd_5m.csv",
  "score_csv": "/Users/vahid/Desktop/xauusd-trader/reports/stage150_mtf_separated_validation_discovery/m5/stage150_candidate_scores.csv",
  "tf": "m5",
  "timeframe_minutes": 5,
  "raw_row_count": 318641,
  "bar_count": 318641,
  "raw_feature_date": "2026-07-07T12:20:00Z",
  "timestamp_shift_hours": -3.0,
  "feature_date": "2026-07-07T09:20:00Z",
  "feature_age_sec": 12185,
  "max_feature_age_sec": 7200,
  "feature_fresh": false,
  "score_rows": 552,
  "eligible_shortlist_count": 193,
  "active_shortlist_count": 78,
  "selected_rule_id": "D150C_M5_ret_3h_bps_GEQ35__trend_50_100_bps_GEQ35",
  "selected_label": "m5: ret_3h_bps >= q35 AND trend_50_100_bps >= q35",
  "selected_family_key": "D150C_M5_ret_3h_bps__trend_50_100_bps",
  "selected_condition_snapshot": "[{\"current\": -2.470984105756857, \"feature\": \"ret_3h_bps\", \"op\": \">=\", \"threshold\": -7.365592665587284}, {\"current\": 127.85634942136693, \"feature\": \"trend_50_100_bps\", \"op\": \">=\", \"threshold\": -14.337320822584214}]",
  "risk_summary": "/Users/vahid/Desktop/xauusd-trader/reports/stage145_clean_ledger_performance_gate/stage145_clean_ledger_performance_gate_summary.json",
  "block_negative_demo_families": true,
  "risk_blocked_family_count": 3,
  "risk_blocked_candidate_count": 18,
  "blocked_family_keys": [
    "D138C_ret_48h_bps__trend_50_100_bps",
    "D150C_M5_ret_3h_bps__ret_24h_bps",
    "D150C_M5_trend_8_20_bps__trend_50_100_bps"
  ],
  "blocked_family_rows": [
    {
      "family_key": "D138C_ret_48h_bps__trend_50_100_bps",
      "closed_trade_count": 6,
      "total_bps": -1.29,
      "mean_bps": -0.21,
      "total_net_profit": -0.94,
      "last_rule_id": "D138C_ret_48h_bps_GEQ65__trend_50_100_bps_LEQ65",
      "last_outcome": "PROFIT"
    },
    {
      "family_key": "D150C_M5_ret_3h_bps__ret_24h_bps",
      "closed_trade_count": 1,
      "total_bps": -19.35,
      "mean_bps": -19.35,
      "total_net_profit": -8.72,
      "last_rule_id": "D150C_M5_ret_3h_bps_GEQ65__ret_24h_bps_GEQ35",
      "last_outcome": "LOSS"
    },
    {
      "family_key": "D150C_M5_trend_8_20_bps__trend_50_100_bps",
      "closed_trade_count": 1,
      "total_bps": -50.52,
      "mean_bps": -50.52,
      "total_net_profit": -21.22,
      "last_rule_id": "D150C_M5_trend_8_20_bps_GEQ65__trend_50_100_bps_GEQ35",
      "last_outcome": "LOSS"
    }
  ],
  "repo_kv": "/Users/vahid/Desktop/xauusd-trader/data/demo_execution/xauusd_stage155_m5_active_router_rule_state_kv.csv",
  "repo_latest": "/Users/vahid/Desktop/xauusd-trader/data/demo_execution/xauusd_stage155_m5_active_router_rule_state_latest.csv",
  "mt5_kv_written": true,
  "mt5_kv": "/Users/vahid/Library/Application Support/net.metaquotes.wine.metatrader5/drive_c/Program Files/MetaTrader 5/MQL5/Files/xauusd_stage155_m5_active_router_rule_state_kv.csv",
  "mt5_latest": "/Users/vahid/Library/Application Support/net.metaquotes.wine.metatrader5/drive_c/Program Files/MetaTrader 5/MQL5/Files/xauusd_stage155_m5_active_router_rule_state_latest.csv",
  "stage134_instruction": {
    "InpRuleStateKvFile": "xauusd_stage155_m5_active_router_rule_state_kv.csv",
    "InpAllowedRules": "all",
    "keep_InpEnableDemoOrders": "true only on demo account"
  },
  "summary_json": "/Users/vahid/Desktop/xauusd-trader/reports/stage155_active_router_demo_risk_guard/m5/stage155_active_router_demo_risk_guard_summary.json",
  "next": [
    "Use Stage155 for demo execution routing after Stage154 exposed demo-negative families.",
    "Keep Stage150B as offline replacement discovery; Stage154 only routes cached PASS candidates."
  ]
}
{
  "stage": "Stage155_ACTIVE_ROUTER_DEMO_RISK_GUARD",
  "generated_utc": "2026-07-07T12:48:07Z",
  "status": "STAGE155_COMPLETE_ACTIVE_ROUTER_DEMO_RISK_GUARD_READY",
  "decision": "STAGE155_ACTIVE_ROUTER_STALE_NO_ORDER",
  "root": "/Users/vahid/Desktop/xauusd-trader",
  "bars_path": "/Users/vahid/Downloads/xauusd_fundamental_event_inbox/amarkets_xauusd_5m.csv",
  "score_csv": "/Users/vahid/Desktop/xauusd-trader/reports/stage150_mtf_separated_validation_discovery/m5/stage150_candidate_scores.csv",
  "tf": "m5",
  "timeframe_minutes": 5,
  "raw_row_count": 318641,
  "bar_count": 318641,
  "raw_feature_date": "2026-07-07T12:20:00Z",
  "timestamp_shift_hours": -3.0,
  "feature_date": "2026-07-07T09:20:00Z",
  "feature_age_sec": 12537,
  "max_feature_age_sec": 7200,
  "feature_fresh": false,
  "score_rows": 552,
  "eligible_shortlist_count": 193,
  "active_shortlist_count": 78,
  "selected_rule_id": "D150C_M5_ret_3h_bps_GEQ35__trend_50_100_bps_GEQ35",
  "selected_label": "m5: ret_3h_bps >= q35 AND trend_50_100_bps >= q35",
  "selected_family_key": "D150C_M5_ret_3h_bps__trend_50_100_bps",
  "selected_condition_snapshot": "[{\"current\": -2.470984105756857, \"feature\": \"ret_3h_bps\", \"op\": \">=\", \"threshold\": -7.365592665587284}, {\"current\": 127.85634942136693, \"feature\": \"trend_50_100_bps\", \"op\": \">=\", \"threshold\": -14.337320822584214}]",
  "risk_summary": "/Users/vahid/Desktop/xauusd-trader/reports/stage145_clean_ledger_performance_gate/stage145_clean_ledger_performance_gate_summary.json",
  "block_negative_demo_families": true,
  "risk_blocked_family_count": 3,
  "risk_blocked_candidate_count": 18,
  "blocked_family_keys": [
    "D138C_ret_48h_bps__trend_50_100_bps",
    "D150C_M5_ret_3h_bps__ret_24h_bps",
    "D150C_M5_trend_8_20_bps__trend_50_100_bps"
  ],
  "blocked_family_rows": [
    {
      "family_key": "D138C_ret_48h_bps__trend_50_100_bps",
      "closed_trade_count": 6,
      "total_bps": -1.29,
      "mean_bps": -0.21,
      "total_net_profit": -0.94,
      "last_rule_id": "D138C_ret_48h_bps_GEQ65__trend_50_100_bps_LEQ65",
      "last_outcome": "PROFIT"
    },
    {
      "family_key": "D150C_M5_ret_3h_bps__ret_24h_bps",
      "closed_trade_count": 1,
      "total_bps": -19.35,
      "mean_bps": -19.35,
      "total_net_profit": -8.72,
      "last_rule_id": "D150C_M5_ret_3h_bps_GEQ65__ret_24h_bps_GEQ35",
      "last_outcome": "LOSS"
    },
    {
      "family_key": "D150C_M5_trend_8_20_bps__trend_50_100_bps",
      "closed_trade_count": 1,
      "total_bps": -50.52,
      "mean_bps": -50.52,
      "total_net_profit": -21.22,
      "last_rule_id": "D150C_M5_trend_8_20_bps_GEQ65__trend_50_100_bps_GEQ35",
      "last_outcome": "LOSS"
    }
  ],
  "repo_kv": "/Users/vahid/Desktop/xauusd-trader/data/demo_execution/xauusd_stage155_m5_active_router_rule_state_kv.csv",
  "repo_latest": "/Users/vahid/Desktop/xauusd-trader/data/demo_execution/xauusd_stage155_m5_active_router_rule_state_latest.csv",
  "mt5_kv_written": true,
  "mt5_kv": "/Users/vahid/Library/Application Support/net.metaquotes.wine.metatrader5/drive_c/Program Files/MetaTrader 5/MQL5/Files/xauusd_stage155_m5_active_router_rule_state_kv.csv",
  "mt5_latest": "/Users/vahid/Library/Application Support/net.metaquotes.wine.metatrader5/drive_c/Program Files/MetaTrader 5/MQL5/Files/xauusd_stage155_m5_active_router_rule_state_latest.csv",
  "stage134_instruction": {
    "InpRuleStateKvFile": "xauusd_stage155_m5_active_router_rule_state_kv.csv",
    "InpAllowedRules": "all",
    "keep_InpEnableDemoOrders": "true only on demo account"
  },
  "summary_json": "/Users/vahid/Desktop/xauusd-trader/reports/stage155_active_router_demo_risk_guard/m5/stage155_active_router_demo_risk_guard_summary.json",
  "next": [
    "Use Stage155 for demo execution routing after Stage154 exposed demo-negative families.",
    "Keep Stage150B as offline replacement discovery; Stage154 only routes cached PASS candidates."
  ]
}
{
  "stage": "Stage155_ACTIVE_ROUTER_DEMO_RISK_GUARD",
  "generated_utc": "2026-07-07T12:55:48Z",
  "status": "STAGE155_COMPLETE_ACTIVE_ROUTER_DEMO_RISK_GUARD_READY",
  "decision": "STAGE155_ACTIVE_ROUTER_STALE_NO_ORDER",
  "root": "/Users/vahid/Desktop/xauusd-trader",
  "bars_path": "/Users/vahid/Downloads/xauusd_fundamental_event_inbox/amarkets_xauusd_5m.csv",
  "score_csv": "/Users/vahid/Desktop/xauusd-trader/reports/stage150_mtf_separated_validation_discovery/m5/stage150_candidate_scores.csv",
  "tf": "m5",
  "timeframe_minutes": 5,
  "raw_row_count": 318641,
  "bar_count": 318641,
  "raw_feature_date": "2026-07-07T12:20:00Z",
  "timestamp_shift_hours": -3.0,
  "feature_date": "2026-07-07T09:20:00Z",
  "feature_age_sec": 13019,
  "max_feature_age_sec": 7200,
  "feature_fresh": false,
  "score_rows": 552,
  "eligible_shortlist_count": 193,
  "active_shortlist_count": 78,
  "selected_rule_id": "D150C_M5_ret_3h_bps_GEQ35__trend_50_100_bps_GEQ35",
  "selected_label": "m5: ret_3h_bps >= q35 AND trend_50_100_bps >= q35",
  "selected_family_key": "D150C_M5_ret_3h_bps__trend_50_100_bps",
  "selected_condition_snapshot": "[{\"current\": -2.470984105756857, \"feature\": \"ret_3h_bps\", \"op\": \">=\", \"threshold\": -7.365592665587284}, {\"current\": 127.85634942136693, \"feature\": \"trend_50_100_bps\", \"op\": \">=\", \"threshold\": -14.337320822584214}]",
  "risk_summary": "/Users/vahid/Desktop/xauusd-trader/reports/stage145_clean_ledger_performance_gate/stage145_clean_ledger_performance_gate_summary.json",
  "block_negative_demo_families": true,
  "risk_blocked_family_count": 3,
  "risk_blocked_candidate_count": 18,
  "blocked_family_keys": [
    "D138C_ret_48h_bps__trend_50_100_bps",
    "D150C_M5_ret_3h_bps__ret_24h_bps",
    "D150C_M5_trend_8_20_bps__trend_50_100_bps"
  ],
  "blocked_family_rows": [
    {
      "family_key": "D138C_ret_48h_bps__trend_50_100_bps",
      "closed_trade_count": 6,
      "total_bps": -1.29,
      "mean_bps": -0.21,
      "total_net_profit": -0.94,
      "last_rule_id": "D138C_ret_48h_bps_GEQ65__trend_50_100_bps_LEQ65",
      "last_outcome": "PROFIT"
    },
    {
      "family_key": "D150C_M5_ret_3h_bps__ret_24h_bps",
      "closed_trade_count": 1,
      "total_bps": -19.35,
      "mean_bps": -19.35,
      "total_net_profit": -8.72,
      "last_rule_id": "D150C_M5_ret_3h_bps_GEQ65__ret_24h_bps_GEQ35",
      "last_outcome": "LOSS"
    },
    {
      "family_key": "D150C_M5_trend_8_20_bps__trend_50_100_bps",
      "closed_trade_count": 1,
      "total_bps": -50.52,
      "mean_bps": -50.52,
      "total_net_profit": -21.22,
      "last_rule_id": "D150C_M5_trend_8_20_bps_GEQ65__trend_50_100_bps_GEQ35",
      "last_outcome": "LOSS"
    }
  ],
  "repo_kv": "/Users/vahid/Desktop/xauusd-trader/data/demo_execution/xauusd_stage155_m5_active_router_rule_state_kv.csv",
  "repo_latest": "/Users/vahid/Desktop/xauusd-trader/data/demo_execution/xauusd_stage155_m5_active_router_rule_state_latest.csv",
  "mt5_kv_written": true,
  "mt5_kv": "/Users/vahid/Library/Application Support/net.metaquotes.wine.metatrader5/drive_c/Program Files/MetaTrader 5/MQL5/Files/xauusd_stage155_m5_active_router_rule_state_kv.csv",
  "mt5_latest": "/Users/vahid/Library/Application Support/net.metaquotes.wine.metatrader5/drive_c/Program Files/MetaTrader 5/MQL5/Files/xauusd_stage155_m5_active_router_rule_state_latest.csv",
  "stage134_instruction": {
    "InpRuleStateKvFile": "xauusd_stage155_m5_active_router_rule_state_kv.csv",
    "InpAllowedRules": "all",
    "keep_InpEnableDemoOrders": "true only on demo account"
  },
  "summary_json": "/Users/vahid/Desktop/xauusd-trader/reports/stage155_active_router_demo_risk_guard/m5/stage155_active_router_demo_risk_guard_summary.json",
  "next": [
    "Use Stage155 for demo execution routing after Stage154 exposed demo-negative families.",
    "Keep Stage150B as offline replacement discovery; Stage154 only routes cached PASS candidates."
  ]
}
{
  "stage": "Stage155_ACTIVE_ROUTER_DEMO_RISK_GUARD",
  "generated_utc": "2026-07-07T13:02:01Z",
  "status": "STAGE155_COMPLETE_ACTIVE_ROUTER_DEMO_RISK_GUARD_READY",
  "decision": "STAGE155_ACTIVE_ROUTER_STALE_NO_ORDER",
  "root": "/Users/vahid/Desktop/xauusd-trader",
  "bars_path": "/Users/vahid/Downloads/xauusd_fundamental_event_inbox/amarkets_xauusd_5m.csv",
  "score_csv": "/Users/vahid/Desktop/xauusd-trader/reports/stage150_mtf_separated_validation_discovery/m5/stage150_candidate_scores.csv",
  "tf": "m5",
  "timeframe_minutes": 5,
  "raw_row_count": 318641,
  "bar_count": 318641,
  "raw_feature_date": "2026-07-07T12:20:00Z",
  "timestamp_shift_hours": -3.0,
  "feature_date": "2026-07-07T09:20:00Z",
  "feature_age_sec": 13365,
  "max_feature_age_sec": 7200,
  "feature_fresh": false,
  "score_rows": 552,
  "eligible_shortlist_count": 193,
  "active_shortlist_count": 78,
  "selected_rule_id": "D150C_M5_ret_3h_bps_GEQ35__trend_50_100_bps_GEQ35",
  "selected_label": "m5: ret_3h_bps >= q35 AND trend_50_100_bps >= q35",
  "selected_family_key": "D150C_M5_ret_3h_bps__trend_50_100_bps",
  "selected_condition_snapshot": "[{\"current\": -2.470984105756857, \"feature\": \"ret_3h_bps\", \"op\": \">=\", \"threshold\": -7.365592665587284}, {\"current\": 127.85634942136693, \"feature\": \"trend_50_100_bps\", \"op\": \">=\", \"threshold\": -14.337320822584214}]",
  "risk_summary": "/Users/vahid/Desktop/xauusd-trader/reports/stage145_clean_ledger_performance_gate/stage145_clean_ledger_performance_gate_summary.json",
  "block_negative_demo_families": true,
  "risk_blocked_family_count": 3,
  "risk_blocked_candidate_count": 18,
  "blocked_family_keys": [
    "D138C_ret_48h_bps__trend_50_100_bps",
    "D150C_M5_ret_3h_bps__ret_24h_bps",
    "D150C_M5_trend_8_20_bps__trend_50_100_bps"
  ],
  "blocked_family_rows": [
    {
      "family_key": "D138C_ret_48h_bps__trend_50_100_bps",
      "closed_trade_count": 6,
      "total_bps": -1.29,
      "mean_bps": -0.21,
      "total_net_profit": -0.94,
      "last_rule_id": "D138C_ret_48h_bps_GEQ65__trend_50_100_bps_LEQ65",
      "last_outcome": "PROFIT"
    },
    {
      "family_key": "D150C_M5_ret_3h_bps__ret_24h_bps",
      "closed_trade_count": 1,
      "total_bps": -19.35,
      "mean_bps": -19.35,
      "total_net_profit": -8.72,
      "last_rule_id": "D150C_M5_ret_3h_bps_GEQ65__ret_24h_bps_GEQ35",
      "last_outcome": "LOSS"
    },
    {
      "family_key": "D150C_M5_trend_8_20_bps__trend_50_100_bps",
      "closed_trade_count": 1,
      "total_bps": -50.52,
      "mean_bps": -50.52,
      "total_net_profit": -21.22,
      "last_rule_id": "D150C_M5_trend_8_20_bps_GEQ65__trend_50_100_bps_GEQ35",
      "last_outcome": "LOSS"
    }
  ],
  "repo_kv": "/Users/vahid/Desktop/xauusd-trader/data/demo_execution/xauusd_stage155_m5_active_router_rule_state_kv.csv",
  "repo_latest": "/Users/vahid/Desktop/xauusd-trader/data/demo_execution/xauusd_stage155_m5_active_router_rule_state_latest.csv",
  "mt5_kv_written": true,
  "mt5_kv": "/Users/vahid/Library/Application Support/net.metaquotes.wine.metatrader5/drive_c/Program Files/MetaTrader 5/MQL5/Files/xauusd_stage155_m5_active_router_rule_state_kv.csv",
  "mt5_latest": "/Users/vahid/Library/Application Support/net.metaquotes.wine.metatrader5/drive_c/Program Files/MetaTrader 5/MQL5/Files/xauusd_stage155_m5_active_router_rule_state_latest.csv",
  "stage134_instruction": {
    "InpRuleStateKvFile": "xauusd_stage155_m5_active_router_rule_state_kv.csv",
    "InpAllowedRules": "all",
    "keep_InpEnableDemoOrders": "true only on demo account"
  },
  "summary_json": "/Users/vahid/Desktop/xauusd-trader/reports/stage155_active_router_demo_risk_guard/m5/stage155_active_router_demo_risk_guard_summary.json",
  "next": [
    "Use Stage155 for demo execution routing after Stage154 exposed demo-negative families.",
    "Keep Stage150B as offline replacement discovery; Stage154 only routes cached PASS candidates."
  ]
}
{
  "stage": "Stage155_ACTIVE_ROUTER_DEMO_RISK_GUARD",
  "generated_utc": "2026-07-07T16:57:26Z",
  "status": "STAGE155_COMPLETE_ACTIVE_ROUTER_DEMO_RISK_GUARD_READY",
  "decision": "STAGE155_ACTIVE_ROUTER_STALE_NO_ORDER",
  "root": "/Users/vahid/Desktop/xauusd-trader",
  "bars_path": "/Users/vahid/Downloads/xauusd_fundamental_event_inbox/amarkets_xauusd_5m.csv",
  "score_csv": "/Users/vahid/Desktop/xauusd-trader/reports/stage150_mtf_separated_validation_discovery/m5/stage150_candidate_scores.csv",
  "tf": "m5",
  "timeframe_minutes": 5,
  "raw_row_count": 318641,
  "bar_count": 318641,
  "raw_feature_date": "2026-07-07T12:20:00Z",
  "timestamp_shift_hours": -3.0,
  "feature_date": "2026-07-07T09:20:00Z",
  "feature_age_sec": 28195,
  "max_feature_age_sec": 7200,
  "feature_fresh": false,
  "score_rows": 552,
  "eligible_shortlist_count": 193,
  "active_shortlist_count": 78,
  "selected_rule_id": "D150C_M5_ret_3h_bps_GEQ35__trend_50_100_bps_GEQ35",
  "selected_label": "m5: ret_3h_bps >= q35 AND trend_50_100_bps >= q35",
  "selected_family_key": "D150C_M5_ret_3h_bps__trend_50_100_bps",
  "selected_condition_snapshot": "[{\"current\": -2.470984105756857, \"feature\": \"ret_3h_bps\", \"op\": \">=\", \"threshold\": -7.365592665587284}, {\"current\": 127.85634942136693, \"feature\": \"trend_50_100_bps\", \"op\": \">=\", \"threshold\": -14.337320822584214}]",
  "risk_summary": "/Users/vahid/Desktop/xauusd-trader/reports/stage145_clean_ledger_performance_gate/stage145_clean_ledger_performance_gate_summary.json",
  "block_negative_demo_families": true,
  "risk_blocked_family_count": 3,
  "risk_blocked_candidate_count": 18,
  "blocked_family_keys": [
    "D138C_ret_48h_bps__trend_50_100_bps",
    "D150C_M5_ret_3h_bps__ret_24h_bps",
    "D150C_M5_trend_8_20_bps__trend_50_100_bps"
  ],
  "blocked_family_rows": [
    {
      "family_key": "D138C_ret_48h_bps__trend_50_100_bps",
      "closed_trade_count": 6,
      "total_bps": -1.29,
      "mean_bps": -0.21,
      "total_net_profit": -0.94,
      "last_rule_id": "D138C_ret_48h_bps_GEQ65__trend_50_100_bps_LEQ65",
      "last_outcome": "PROFIT"
    },
    {
      "family_key": "D150C_M5_ret_3h_bps__ret_24h_bps",
      "closed_trade_count": 1,
      "total_bps": -19.35,
      "mean_bps": -19.35,
      "total_net_profit": -8.72,
      "last_rule_id": "D150C_M5_ret_3h_bps_GEQ65__ret_24h_bps_GEQ35",
      "last_outcome": "LOSS"
    },
    {
      "family_key": "D150C_M5_trend_8_20_bps__trend_50_100_bps",
      "closed_trade_count": 1,
      "total_bps": -50.52,
      "mean_bps": -50.52,
      "total_net_profit": -21.22,
      "last_rule_id": "D150C_M5_trend_8_20_bps_GEQ65__trend_50_100_bps_GEQ35",
      "last_outcome": "LOSS"
    }
  ],
  "repo_kv": "/Users/vahid/Desktop/xauusd-trader/data/demo_execution/xauusd_stage155_m5_active_router_rule_state_kv.csv",
  "repo_latest": "/Users/vahid/Desktop/xauusd-trader/data/demo_execution/xauusd_stage155_m5_active_router_rule_state_latest.csv",
  "mt5_kv_written": true,
  "mt5_kv": "/Users/vahid/Library/Application Support/net.metaquotes.wine.metatrader5/drive_c/Program Files/MetaTrader 5/MQL5/Files/xauusd_stage155_m5_active_router_rule_state_kv.csv",
  "mt5_latest": "/Users/vahid/Library/Application Support/net.metaquotes.wine.metatrader5/drive_c/Program Files/MetaTrader 5/MQL5/Files/xauusd_stage155_m5_active_router_rule_state_latest.csv",
  "stage134_instruction": {
    "InpRuleStateKvFile": "xauusd_stage155_m5_active_router_rule_state_kv.csv",
    "InpAllowedRules": "all",
    "keep_InpEnableDemoOrders": "true only on demo account"
  },
  "summary_json": "/Users/vahid/Desktop/xauusd-trader/reports/stage155_active_router_demo_risk_guard/m5/stage155_active_router_demo_risk_guard_summary.json",
  "next": [
    "Use Stage155 for demo execution routing after Stage154 exposed demo-negative families.",
    "Keep Stage150B as offline replacement discovery; Stage154 only routes cached PASS candidates."
  ]
}
{
  "stage": "Stage155_ACTIVE_ROUTER_DEMO_RISK_GUARD",
  "generated_utc": "2026-07-07T18:13:22Z",
  "status": "STAGE155_COMPLETE_ACTIVE_ROUTER_DEMO_RISK_GUARD_READY",
  "decision": "STAGE155_ACTIVE_ROUTER_STALE_NO_ORDER",
  "root": "/Users/vahid/Desktop/xauusd-trader",
  "bars_path": "/Users/vahid/Downloads/xauusd_fundamental_event_inbox/amarkets_xauusd_5m.csv",
  "score_csv": "/Users/vahid/Desktop/xauusd-trader/reports/stage150_mtf_separated_validation_discovery/m5/stage150_candidate_scores.csv",
  "tf": "m5",
  "timeframe_minutes": 5,
  "raw_row_count": 318641,
  "bar_count": 318641,
  "raw_feature_date": "2026-07-07T12:20:00Z",
  "timestamp_shift_hours": -3.0,
  "feature_date": "2026-07-07T09:20:00Z",
  "feature_age_sec": 32039,
  "max_feature_age_sec": 7200,
  "feature_fresh": false,
  "score_rows": 552,
  "eligible_shortlist_count": 193,
  "active_shortlist_count": 78,
  "selected_rule_id": "D150C_M5_ret_3h_bps_GEQ35__trend_50_100_bps_GEQ35",
  "selected_label": "m5: ret_3h_bps >= q35 AND trend_50_100_bps >= q35",
  "selected_family_key": "D150C_M5_ret_3h_bps__trend_50_100_bps",
  "selected_condition_snapshot": "[{\"current\": -2.470984105756857, \"feature\": \"ret_3h_bps\", \"op\": \">=\", \"threshold\": -7.365592665587284}, {\"current\": 127.85634942136693, \"feature\": \"trend_50_100_bps\", \"op\": \">=\", \"threshold\": -14.337320822584214}]",
  "risk_summary": "/Users/vahid/Desktop/xauusd-trader/reports/stage145_clean_ledger_performance_gate/stage145_clean_ledger_performance_gate_summary.json",
  "block_negative_demo_families": true,
  "risk_blocked_family_count": 3,
  "risk_blocked_candidate_count": 18,
  "blocked_family_keys": [
    "D138C_ret_48h_bps__trend_50_100_bps",
    "D150C_M5_ret_3h_bps__ret_24h_bps",
    "D150C_M5_trend_8_20_bps__trend_50_100_bps"
  ],
  "blocked_family_rows": [
    {
      "family_key": "D138C_ret_48h_bps__trend_50_100_bps",
      "closed_trade_count": 6,
      "total_bps": -1.29,
      "mean_bps": -0.21,
      "total_net_profit": -0.94,
      "last_rule_id": "D138C_ret_48h_bps_GEQ65__trend_50_100_bps_LEQ65",
      "last_outcome": "PROFIT"
    },
    {
      "family_key": "D150C_M5_ret_3h_bps__ret_24h_bps",
      "closed_trade_count": 1,
      "total_bps": -19.35,
      "mean_bps": -19.35,
      "total_net_profit": -8.72,
      "last_rule_id": "D150C_M5_ret_3h_bps_GEQ65__ret_24h_bps_GEQ35",
      "last_outcome": "LOSS"
    },
    {
      "family_key": "D150C_M5_trend_8_20_bps__trend_50_100_bps",
      "closed_trade_count": 1,
      "total_bps": -50.52,
      "mean_bps": -50.52,
      "total_net_profit": -21.22,
      "last_rule_id": "D150C_M5_trend_8_20_bps_GEQ65__trend_50_100_bps_GEQ35",
      "last_outcome": "LOSS"
    }
  ],
  "repo_kv": "/Users/vahid/Desktop/xauusd-trader/data/demo_execution/xauusd_stage155_m5_active_router_rule_state_kv.csv",
  "repo_latest": "/Users/vahid/Desktop/xauusd-trader/data/demo_execution/xauusd_stage155_m5_active_router_rule_state_latest.csv",
  "mt5_kv_written": true,
  "mt5_kv": "/Users/vahid/Library/Application Support/net.metaquotes.wine.metatrader5/drive_c/Program Files/MetaTrader 5/MQL5/Files/xauusd_stage155_m5_active_router_rule_state_kv.csv",
  "mt5_latest": "/Users/vahid/Library/Application Support/net.metaquotes.wine.metatrader5/drive_c/Program Files/MetaTrader 5/MQL5/Files/xauusd_stage155_m5_active_router_rule_state_latest.csv",
  "stage134_instruction": {
    "InpRuleStateKvFile": "xauusd_stage155_m5_active_router_rule_state_kv.csv",
    "InpAllowedRules": "all",
    "keep_InpEnableDemoOrders": "true only on demo account"
  },
  "summary_json": "/Users/vahid/Desktop/xauusd-trader/reports/stage155_active_router_demo_risk_guard/m5/stage155_active_router_demo_risk_guard_summary.json",
  "next": [
    "Use Stage155 for demo execution routing after Stage154 exposed demo-negative families.",
    "Keep Stage150B as offline replacement discovery; Stage154 only routes cached PASS candidates."
  ]
}
{
  "stage": "Stage155_ACTIVE_ROUTER_DEMO_RISK_GUARD",
  "generated_utc": "2026-07-07T18:18:00Z",
  "status": "STAGE155_COMPLETE_ACTIVE_ROUTER_DEMO_RISK_GUARD_READY",
  "decision": "STAGE155_ACTIVE_ROUTER_STALE_NO_ORDER",
  "root": "/Users/vahid/Desktop/xauusd-trader",
  "bars_path": "/Users/vahid/Downloads/xauusd_fundamental_event_inbox/amarkets_xauusd_5m.csv",
  "score_csv": "/Users/vahid/Desktop/xauusd-trader/reports/stage150_mtf_separated_validation_discovery/m5/stage150_candidate_scores.csv",
  "tf": "m5",
  "timeframe_minutes": 5,
  "raw_row_count": 318641,
  "bar_count": 318641,
  "raw_feature_date": "2026-07-07T12:20:00Z",
  "timestamp_shift_hours": -3.0,
  "feature_date": "2026-07-07T09:20:00Z",
  "feature_age_sec": 32306,
  "max_feature_age_sec": 7200,
  "feature_fresh": false,
  "score_rows": 552,
  "eligible_shortlist_count": 193,
  "active_shortlist_count": 78,
  "selected_rule_id": "D150C_M5_ret_3h_bps_GEQ35__trend_50_100_bps_GEQ35",
  "selected_label": "m5: ret_3h_bps >= q35 AND trend_50_100_bps >= q35",
  "selected_family_key": "D150C_M5_ret_3h_bps__trend_50_100_bps",
  "selected_condition_snapshot": "[{\"current\": -2.470984105756857, \"feature\": \"ret_3h_bps\", \"op\": \">=\", \"threshold\": -7.365592665587284}, {\"current\": 127.85634942136693, \"feature\": \"trend_50_100_bps\", \"op\": \">=\", \"threshold\": -14.337320822584214}]",
  "risk_summary": "/Users/vahid/Desktop/xauusd-trader/reports/stage145_clean_ledger_performance_gate/stage145_clean_ledger_performance_gate_summary.json",
  "block_negative_demo_families": true,
  "risk_blocked_family_count": 3,
  "risk_blocked_candidate_count": 18,
  "blocked_family_keys": [
    "D138C_ret_48h_bps__trend_50_100_bps",
    "D150C_M5_ret_3h_bps__ret_24h_bps",
    "D150C_M5_trend_8_20_bps__trend_50_100_bps"
  ],
  "blocked_family_rows": [
    {
      "family_key": "D138C_ret_48h_bps__trend_50_100_bps",
      "closed_trade_count": 6,
      "total_bps": -1.29,
      "mean_bps": -0.21,
      "total_net_profit": -0.94,
      "last_rule_id": "D138C_ret_48h_bps_GEQ65__trend_50_100_bps_LEQ65",
      "last_outcome": "PROFIT"
    },
    {
      "family_key": "D150C_M5_ret_3h_bps__ret_24h_bps",
      "closed_trade_count": 1,
      "total_bps": -19.35,
      "mean_bps": -19.35,
      "total_net_profit": -8.72,
      "last_rule_id": "D150C_M5_ret_3h_bps_GEQ65__ret_24h_bps_GEQ35",
      "last_outcome": "LOSS"
    },
    {
      "family_key": "D150C_M5_trend_8_20_bps__trend_50_100_bps",
      "closed_trade_count": 1,
      "total_bps": -50.52,
      "mean_bps": -50.52,
      "total_net_profit": -21.22,
      "last_rule_id": "D150C_M5_trend_8_20_bps_GEQ65__trend_50_100_bps_GEQ35",
      "last_outcome": "LOSS"
    }
  ],
  "repo_kv": "/Users/vahid/Desktop/xauusd-trader/data/demo_execution/xauusd_stage155_m5_active_router_rule_state_kv.csv",
  "repo_latest": "/Users/vahid/Desktop/xauusd-trader/data/demo_execution/xauusd_stage155_m5_active_router_rule_state_latest.csv",
  "mt5_kv_written": true,
  "mt5_kv": "/Users/vahid/Library/Application Support/net.metaquotes.wine.metatrader5/drive_c/Program Files/MetaTrader 5/MQL5/Files/xauusd_stage155_m5_active_router_rule_state_kv.csv",
  "mt5_latest": "/Users/vahid/Library/Application Support/net.metaquotes.wine.metatrader5/drive_c/Program Files/MetaTrader 5/MQL5/Files/xauusd_stage155_m5_active_router_rule_state_latest.csv",
  "stage134_instruction": {
    "InpRuleStateKvFile": "xauusd_stage155_m5_active_router_rule_state_kv.csv",
    "InpAllowedRules": "all",
    "keep_InpEnableDemoOrders": "true only on demo account"
  },
  "summary_json": "/Users/vahid/Desktop/xauusd-trader/reports/stage155_active_router_demo_risk_guard/m5/stage155_active_router_demo_risk_guard_summary.json",
  "next": [
    "Use Stage155 for demo execution routing after Stage154 exposed demo-negative families.",
    "Keep Stage150B as offline replacement discovery; Stage154 only routes cached PASS candidates."
  ]
}
{
  "stage": "Stage155_ACTIVE_ROUTER_DEMO_RISK_GUARD",
  "generated_utc": "2026-07-07T18:23:28Z",
  "status": "STAGE155_COMPLETE_ACTIVE_ROUTER_DEMO_RISK_GUARD_READY",
  "decision": "STAGE155_ACTIVE_ROUTER_STALE_NO_ORDER",
  "root": "/Users/vahid/Desktop/xauusd-trader",
  "bars_path": "/Users/vahid/Downloads/xauusd_fundamental_event_inbox/amarkets_xauusd_5m.csv",
  "score_csv": "/Users/vahid/Desktop/xauusd-trader/reports/stage150_mtf_separated_validation_discovery/m5/stage150_candidate_scores.csv",
  "tf": "m5",
  "timeframe_minutes": 5,
  "raw_row_count": 318641,
  "bar_count": 318641,
  "raw_feature_date": "2026-07-07T12:20:00Z",
  "timestamp_shift_hours": -3.0,
  "feature_date": "2026-07-07T09:20:00Z",
  "feature_age_sec": 32635,
  "max_feature_age_sec": 7200,
  "feature_fresh": false,
  "score_rows": 552,
  "eligible_shortlist_count": 193,
  "active_shortlist_count": 78,
  "selected_rule_id": "D150C_M5_ret_3h_bps_GEQ35__trend_50_100_bps_GEQ35",
  "selected_label": "m5: ret_3h_bps >= q35 AND trend_50_100_bps >= q35",
  "selected_family_key": "D150C_M5_ret_3h_bps__trend_50_100_bps",
  "selected_condition_snapshot": "[{\"current\": -2.470984105756857, \"feature\": \"ret_3h_bps\", \"op\": \">=\", \"threshold\": -7.365592665587284}, {\"current\": 127.85634942136693, \"feature\": \"trend_50_100_bps\", \"op\": \">=\", \"threshold\": -14.337320822584214}]",
  "risk_summary": "/Users/vahid/Desktop/xauusd-trader/reports/stage145_clean_ledger_performance_gate/stage145_clean_ledger_performance_gate_summary.json",
  "block_negative_demo_families": true,
  "risk_blocked_family_count": 3,
  "risk_blocked_candidate_count": 18,
  "blocked_family_keys": [
    "D138C_ret_48h_bps__trend_50_100_bps",
    "D150C_M5_ret_3h_bps__ret_24h_bps",
    "D150C_M5_trend_8_20_bps__trend_50_100_bps"
  ],
  "blocked_family_rows": [
    {
      "family_key": "D138C_ret_48h_bps__trend_50_100_bps",
      "closed_trade_count": 6,
      "total_bps": -1.29,
      "mean_bps": -0.21,
      "total_net_profit": -0.94,
      "last_rule_id": "D138C_ret_48h_bps_GEQ65__trend_50_100_bps_LEQ65",
      "last_outcome": "PROFIT"
    },
    {
      "family_key": "D150C_M5_ret_3h_bps__ret_24h_bps",
      "closed_trade_count": 1,
      "total_bps": -19.35,
      "mean_bps": -19.35,
      "total_net_profit": -8.72,
      "last_rule_id": "D150C_M5_ret_3h_bps_GEQ65__ret_24h_bps_GEQ35",
      "last_outcome": "LOSS"
    },
    {
      "family_key": "D150C_M5_trend_8_20_bps__trend_50_100_bps",
      "closed_trade_count": 1,
      "total_bps": -50.52,
      "mean_bps": -50.52,
      "total_net_profit": -21.22,
      "last_rule_id": "D150C_M5_trend_8_20_bps_GEQ65__trend_50_100_bps_GEQ35",
      "last_outcome": "LOSS"
    }
  ],
  "repo_kv": "/Users/vahid/Desktop/xauusd-trader/data/demo_execution/xauusd_stage155_m5_active_router_rule_state_kv.csv",
  "repo_latest": "/Users/vahid/Desktop/xauusd-trader/data/demo_execution/xauusd_stage155_m5_active_router_rule_state_latest.csv",
  "mt5_kv_written": true,
  "mt5_kv": "/Users/vahid/Library/Application Support/net.metaquotes.wine.metatrader5/drive_c/Program Files/MetaTrader 5/MQL5/Files/xauusd_stage155_m5_active_router_rule_state_kv.csv",
  "mt5_latest": "/Users/vahid/Library/Application Support/net.metaquotes.wine.metatrader5/drive_c/Program Files/MetaTrader 5/MQL5/Files/xauusd_stage155_m5_active_router_rule_state_latest.csv",
  "stage134_instruction": {
    "InpRuleStateKvFile": "xauusd_stage155_m5_active_router_rule_state_kv.csv",
    "InpAllowedRules": "all",
    "keep_InpEnableDemoOrders": "true only on demo account"
  },
  "summary_json": "/Users/vahid/Desktop/xauusd-trader/reports/stage155_active_router_demo_risk_guard/m5/stage155_active_router_demo_risk_guard_summary.json",
  "next": [
    "Use Stage155 for demo execution routing after Stage154 exposed demo-negative families.",
    "Keep Stage150B as offline replacement discovery; Stage154 only routes cached PASS candidates."
  ]
}
{
  "stage": "Stage155_ACTIVE_ROUTER_DEMO_RISK_GUARD",
  "generated_utc": "2026-07-07T18:28:56Z",
  "status": "STAGE155_COMPLETE_ACTIVE_ROUTER_DEMO_RISK_GUARD_READY",
  "decision": "STAGE155_ACTIVE_ROUTER_STALE_NO_ORDER",
  "root": "/Users/vahid/Desktop/xauusd-trader",
  "bars_path": "/Users/vahid/Downloads/xauusd_fundamental_event_inbox/amarkets_xauusd_5m.csv",
  "score_csv": "/Users/vahid/Desktop/xauusd-trader/reports/stage150_mtf_separated_validation_discovery/m5/stage150_candidate_scores.csv",
  "tf": "m5",
  "timeframe_minutes": 5,
  "raw_row_count": 318641,
  "bar_count": 318641,
  "raw_feature_date": "2026-07-07T12:20:00Z",
  "timestamp_shift_hours": -3.0,
  "feature_date": "2026-07-07T09:20:00Z",
  "feature_age_sec": 32953,
  "max_feature_age_sec": 7200,
  "feature_fresh": false,
  "score_rows": 552,
  "eligible_shortlist_count": 193,
  "active_shortlist_count": 78,
  "selected_rule_id": "D150C_M5_ret_3h_bps_GEQ35__trend_50_100_bps_GEQ35",
  "selected_label": "m5: ret_3h_bps >= q35 AND trend_50_100_bps >= q35",
  "selected_family_key": "D150C_M5_ret_3h_bps__trend_50_100_bps",
  "selected_condition_snapshot": "[{\"current\": -2.470984105756857, \"feature\": \"ret_3h_bps\", \"op\": \">=\", \"threshold\": -7.365592665587284}, {\"current\": 127.85634942136693, \"feature\": \"trend_50_100_bps\", \"op\": \">=\", \"threshold\": -14.337320822584214}]",
  "risk_summary": "/Users/vahid/Desktop/xauusd-trader/reports/stage145_clean_ledger_performance_gate/stage145_clean_ledger_performance_gate_summary.json",
  "block_negative_demo_families": true,
  "risk_blocked_family_count": 3,
  "risk_blocked_candidate_count": 18,
  "blocked_family_keys": [
    "D138C_ret_48h_bps__trend_50_100_bps",
    "D150C_M5_ret_3h_bps__ret_24h_bps",
    "D150C_M5_trend_8_20_bps__trend_50_100_bps"
  ],
  "blocked_family_rows": [
    {
      "family_key": "D138C_ret_48h_bps__trend_50_100_bps",
      "closed_trade_count": 6,
      "total_bps": -1.29,
      "mean_bps": -0.21,
      "total_net_profit": -0.94,
      "last_rule_id": "D138C_ret_48h_bps_GEQ65__trend_50_100_bps_LEQ65",
      "last_outcome": "PROFIT"
    },
    {
      "family_key": "D150C_M5_ret_3h_bps__ret_24h_bps",
      "closed_trade_count": 1,
      "total_bps": -19.35,
      "mean_bps": -19.35,
      "total_net_profit": -8.72,
      "last_rule_id": "D150C_M5_ret_3h_bps_GEQ65__ret_24h_bps_GEQ35",
      "last_outcome": "LOSS"
    },
    {
      "family_key": "D150C_M5_trend_8_20_bps__trend_50_100_bps",
      "closed_trade_count": 1,
      "total_bps": -50.52,
      "mean_bps": -50.52,
      "total_net_profit": -21.22,
      "last_rule_id": "D150C_M5_trend_8_20_bps_GEQ65__trend_50_100_bps_GEQ35",
      "last_outcome": "LOSS"
    }
  ],
  "repo_kv": "/Users/vahid/Desktop/xauusd-trader/data/demo_execution/xauusd_stage155_m5_active_router_rule_state_kv.csv",
  "repo_latest": "/Users/vahid/Desktop/xauusd-trader/data/demo_execution/xauusd_stage155_m5_active_router_rule_state_latest.csv",
  "mt5_kv_written": true,
  "mt5_kv": "/Users/vahid/Library/Application Support/net.metaquotes.wine.metatrader5/drive_c/Program Files/MetaTrader 5/MQL5/Files/xauusd_stage155_m5_active_router_rule_state_kv.csv",
  "mt5_latest": "/Users/vahid/Library/Application Support/net.metaquotes.wine.metatrader5/drive_c/Program Files/MetaTrader 5/MQL5/Files/xauusd_stage155_m5_active_router_rule_state_latest.csv",
  "stage134_instruction": {
    "InpRuleStateKvFile": "xauusd_stage155_m5_active_router_rule_state_kv.csv",
    "InpAllowedRules": "all",
    "keep_InpEnableDemoOrders": "true only on demo account"
  },
  "summary_json": "/Users/vahid/Desktop/xauusd-trader/reports/stage155_active_router_demo_risk_guard/m5/stage155_active_router_demo_risk_guard_summary.json",
  "next": [
    "Use Stage155 for demo execution routing after Stage154 exposed demo-negative families.",
    "Keep Stage150B as offline replacement discovery; Stage154 only routes cached PASS candidates."
  ]
}
{
  "stage": "Stage155_ACTIVE_ROUTER_DEMO_RISK_GUARD",
  "generated_utc": "2026-07-07T18:34:14Z",
  "status": "STAGE155_COMPLETE_ACTIVE_ROUTER_DEMO_RISK_GUARD_READY",
  "decision": "STAGE155_ACTIVE_ROUTER_STALE_NO_ORDER",
  "root": "/Users/vahid/Desktop/xauusd-trader",
  "bars_path": "/Users/vahid/Downloads/xauusd_fundamental_event_inbox/amarkets_xauusd_5m.csv",
  "score_csv": "/Users/vahid/Desktop/xauusd-trader/reports/stage150_mtf_separated_validation_discovery/m5/stage150_candidate_scores.csv",
  "tf": "m5",
  "timeframe_minutes": 5,
  "raw_row_count": 318641,
  "bar_count": 318641,
  "raw_feature_date": "2026-07-07T12:20:00Z",
  "timestamp_shift_hours": -3.0,
  "feature_date": "2026-07-07T09:20:00Z",
  "feature_age_sec": 33272,
  "max_feature_age_sec": 7200,
  "feature_fresh": false,
  "score_rows": 552,
  "eligible_shortlist_count": 193,
  "active_shortlist_count": 78,
  "selected_rule_id": "D150C_M5_ret_3h_bps_GEQ35__trend_50_100_bps_GEQ35",
  "selected_label": "m5: ret_3h_bps >= q35 AND trend_50_100_bps >= q35",
  "selected_family_key": "D150C_M5_ret_3h_bps__trend_50_100_bps",
  "selected_condition_snapshot": "[{\"current\": -2.470984105756857, \"feature\": \"ret_3h_bps\", \"op\": \">=\", \"threshold\": -7.365592665587284}, {\"current\": 127.85634942136693, \"feature\": \"trend_50_100_bps\", \"op\": \">=\", \"threshold\": -14.337320822584214}]",
  "risk_summary": "/Users/vahid/Desktop/xauusd-trader/reports/stage145_clean_ledger_performance_gate/stage145_clean_ledger_performance_gate_summary.json",
  "block_negative_demo_families": true,
  "risk_blocked_family_count": 3,
  "risk_blocked_candidate_count": 18,
  "blocked_family_keys": [
    "D138C_ret_48h_bps__trend_50_100_bps",
    "D150C_M5_ret_3h_bps__ret_24h_bps",
    "D150C_M5_trend_8_20_bps__trend_50_100_bps"
  ],
  "blocked_family_rows": [
    {
      "family_key": "D138C_ret_48h_bps__trend_50_100_bps",
      "closed_trade_count": 6,
      "total_bps": -1.29,
      "mean_bps": -0.21,
      "total_net_profit": -0.94,
      "last_rule_id": "D138C_ret_48h_bps_GEQ65__trend_50_100_bps_LEQ65",
      "last_outcome": "PROFIT"
    },
    {
      "family_key": "D150C_M5_ret_3h_bps__ret_24h_bps",
      "closed_trade_count": 1,
      "total_bps": -19.35,
      "mean_bps": -19.35,
      "total_net_profit": -8.72,
      "last_rule_id": "D150C_M5_ret_3h_bps_GEQ65__ret_24h_bps_GEQ35",
      "last_outcome": "LOSS"
    },
    {
      "family_key": "D150C_M5_trend_8_20_bps__trend_50_100_bps",
      "closed_trade_count": 1,
      "total_bps": -50.52,
      "mean_bps": -50.52,
      "total_net_profit": -21.22,
      "last_rule_id": "D150C_M5_trend_8_20_bps_GEQ65__trend_50_100_bps_GEQ35",
      "last_outcome": "LOSS"
    }
  ],
  "repo_kv": "/Users/vahid/Desktop/xauusd-trader/data/demo_execution/xauusd_stage155_m5_active_router_rule_state_kv.csv",
  "repo_latest": "/Users/vahid/Desktop/xauusd-trader/data/demo_execution/xauusd_stage155_m5_active_router_rule_state_latest.csv",
  "mt5_kv_written": true,
  "mt5_kv": "/Users/vahid/Library/Application Support/net.metaquotes.wine.metatrader5/drive_c/Program Files/MetaTrader 5/MQL5/Files/xauusd_stage155_m5_active_router_rule_state_kv.csv",
  "mt5_latest": "/Users/vahid/Library/Application Support/net.metaquotes.wine.metatrader5/drive_c/Program Files/MetaTrader 5/MQL5/Files/xauusd_stage155_m5_active_router_rule_state_latest.csv",
  "stage134_instruction": {
    "InpRuleStateKvFile": "xauusd_stage155_m5_active_router_rule_state_kv.csv",
    "InpAllowedRules": "all",
    "keep_InpEnableDemoOrders": "true only on demo account"
  },
  "summary_json": "/Users/vahid/Desktop/xauusd-trader/reports/stage155_active_router_demo_risk_guard/m5/stage155_active_router_demo_risk_guard_summary.json",
  "next": [
    "Use Stage155 for demo execution routing after Stage154 exposed demo-negative families.",
    "Keep Stage150B as offline replacement discovery; Stage154 only routes cached PASS candidates."
  ]
}
{
  "stage": "Stage155_ACTIVE_ROUTER_DEMO_RISK_GUARD",
  "generated_utc": "2026-07-07T18:39:33Z",
  "status": "STAGE155_COMPLETE_ACTIVE_ROUTER_DEMO_RISK_GUARD_READY",
  "decision": "STAGE155_ACTIVE_RISK_GUARDED_RULE_READY_POINT_STAGE134_TO_STAGE155_FILE",
  "root": "/Users/vahid/Desktop/xauusd-trader",
  "bars_path": "/Users/vahid/Downloads/xauusd_fundamental_event_inbox/amarkets_xauusd_5m.csv",
  "score_csv": "/Users/vahid/Desktop/xauusd-trader/reports/stage150_mtf_separated_validation_discovery/m5/stage150_candidate_scores.csv",
  "tf": "m5",
  "timeframe_minutes": 5,
  "raw_row_count": 318751,
  "bar_count": 318751,
  "raw_feature_date": "2026-07-07T21:30:00Z",
  "timestamp_shift_hours": -3.0,
  "feature_date": "2026-07-07T18:30:00Z",
  "feature_age_sec": 593,
  "max_feature_age_sec": 7200,
  "feature_fresh": true,
  "score_rows": 552,
  "eligible_shortlist_count": 193,
  "active_shortlist_count": 81,
  "selected_rule_id": "D150C_M5_ret_12h_bps_GEQ35__trend_50_100_bps_GEQ35",
  "selected_label": "m5: ret_12h_bps >= q35 AND trend_50_100_bps >= q35",
  "selected_family_key": "D150C_M5_ret_12h_bps__trend_50_100_bps",
  "selected_condition_snapshot": "[{\"current\": 25.53214167189566, \"feature\": \"ret_12h_bps\", \"op\": \">=\", \"threshold\": -16.18000981972486}, {\"current\": 79.13090693297153, \"feature\": \"trend_50_100_bps\", \"op\": \">=\", \"threshold\": -14.337320822584214}]",
  "risk_summary": "/Users/vahid/Desktop/xauusd-trader/reports/stage145_clean_ledger_performance_gate/stage145_clean_ledger_performance_gate_summary.json",
  "block_negative_demo_families": true,
  "risk_blocked_family_count": 3,
  "risk_blocked_candidate_count": 18,
  "blocked_family_keys": [
    "D138C_ret_48h_bps__trend_50_100_bps",
    "D150C_M5_ret_3h_bps__ret_24h_bps",
    "D150C_M5_trend_8_20_bps__trend_50_100_bps"
  ],
  "blocked_family_rows": [
    {
      "family_key": "D138C_ret_48h_bps__trend_50_100_bps",
      "closed_trade_count": 6,
      "total_bps": -1.29,
      "mean_bps": -0.21,
      "total_net_profit": -0.94,
      "last_rule_id": "D138C_ret_48h_bps_GEQ65__trend_50_100_bps_LEQ65",
      "last_outcome": "PROFIT"
    },
    {
      "family_key": "D150C_M5_ret_3h_bps__ret_24h_bps",
      "closed_trade_count": 1,
      "total_bps": -19.35,
      "mean_bps": -19.35,
      "total_net_profit": -8.72,
      "last_rule_id": "D150C_M5_ret_3h_bps_GEQ65__ret_24h_bps_GEQ35",
      "last_outcome": "LOSS"
    },
    {
      "family_key": "D150C_M5_trend_8_20_bps__trend_50_100_bps",
      "closed_trade_count": 1,
      "total_bps": -50.52,
      "mean_bps": -50.52,
      "total_net_profit": -21.22,
      "last_rule_id": "D150C_M5_trend_8_20_bps_GEQ65__trend_50_100_bps_GEQ35",
      "last_outcome": "LOSS"
    }
  ],
  "repo_kv": "/Users/vahid/Desktop/xauusd-trader/data/demo_execution/xauusd_stage155_m5_active_router_rule_state_kv.csv",
  "repo_latest": "/Users/vahid/Desktop/xauusd-trader/data/demo_execution/xauusd_stage155_m5_active_router_rule_state_latest.csv",
  "mt5_kv_written": true,
  "mt5_kv": "/Users/vahid/Library/Application Support/net.metaquotes.wine.metatrader5/drive_c/Program Files/MetaTrader 5/MQL5/Files/xauusd_stage155_m5_active_router_rule_state_kv.csv",
  "mt5_latest": "/Users/vahid/Library/Application Support/net.metaquotes.wine.metatrader5/drive_c/Program Files/MetaTrader 5/MQL5/Files/xauusd_stage155_m5_active_router_rule_state_latest.csv",
  "stage134_instruction": {
    "InpRuleStateKvFile": "xauusd_stage155_m5_active_router_rule_state_kv.csv",
    "InpAllowedRules": "all",
    "keep_InpEnableDemoOrders": "true only on demo account"
  },
  "summary_json": "/Users/vahid/Desktop/xauusd-trader/reports/stage155_active_router_demo_risk_guard/m5/stage155_active_router_demo_risk_guard_summary.json",
  "next": [
    "Use Stage155 for demo execution routing after Stage154 exposed demo-negative families.",
    "Keep Stage150B as offline replacement discovery; Stage154 only routes cached PASS candidates."
  ]
}
{
  "stage": "Stage155_ACTIVE_ROUTER_DEMO_RISK_GUARD",
  "generated_utc": "2026-07-07T18:44:57Z",
  "status": "STAGE155_COMPLETE_ACTIVE_ROUTER_DEMO_RISK_GUARD_READY",
  "decision": "STAGE155_ACTIVE_RISK_GUARDED_RULE_READY_POINT_STAGE134_TO_STAGE155_FILE",
  "root": "/Users/vahid/Desktop/xauusd-trader",
  "bars_path": "/Users/vahid/Downloads/xauusd_fundamental_event_inbox/amarkets_xauusd_5m.csv",
  "score_csv": "/Users/vahid/Desktop/xauusd-trader/reports/stage150_mtf_separated_validation_discovery/m5/stage150_candidate_scores.csv",
  "tf": "m5",
  "timeframe_minutes": 5,
  "raw_row_count": 318751,
  "bar_count": 318751,
  "raw_feature_date": "2026-07-07T21:30:00Z",
  "timestamp_shift_hours": -3.0,
  "feature_date": "2026-07-07T18:30:00Z",
  "feature_age_sec": 950,
  "max_feature_age_sec": 7200,
  "feature_fresh": true,
  "score_rows": 552,
  "eligible_shortlist_count": 193,
  "active_shortlist_count": 81,
  "selected_rule_id": "D150C_M5_ret_12h_bps_GEQ35__trend_50_100_bps_GEQ35",
  "selected_label": "m5: ret_12h_bps >= q35 AND trend_50_100_bps >= q35",
  "selected_family_key": "D150C_M5_ret_12h_bps__trend_50_100_bps",
  "selected_condition_snapshot": "[{\"current\": 25.53214167189566, \"feature\": \"ret_12h_bps\", \"op\": \">=\", \"threshold\": -16.18000981972486}, {\"current\": 79.13090693297153, \"feature\": \"trend_50_100_bps\", \"op\": \">=\", \"threshold\": -14.337320822584214}]",
  "risk_summary": "/Users/vahid/Desktop/xauusd-trader/reports/stage145_clean_ledger_performance_gate/stage145_clean_ledger_performance_gate_summary.json",
  "block_negative_demo_families": true,
  "risk_blocked_family_count": 3,
  "risk_blocked_candidate_count": 18,
  "blocked_family_keys": [
    "D138C_ret_48h_bps__trend_50_100_bps",
    "D150C_M5_ret_3h_bps__ret_24h_bps",
    "D150C_M5_trend_8_20_bps__trend_50_100_bps"
  ],
  "blocked_family_rows": [
    {
      "family_key": "D138C_ret_48h_bps__trend_50_100_bps",
      "closed_trade_count": 6,
      "total_bps": -1.29,
      "mean_bps": -0.21,
      "total_net_profit": -0.94,
      "last_rule_id": "D138C_ret_48h_bps_GEQ65__trend_50_100_bps_LEQ65",
      "last_outcome": "PROFIT"
    },
    {
      "family_key": "D150C_M5_ret_3h_bps__ret_24h_bps",
      "closed_trade_count": 1,
      "total_bps": -19.35,
      "mean_bps": -19.35,
      "total_net_profit": -8.72,
      "last_rule_id": "D150C_M5_ret_3h_bps_GEQ65__ret_24h_bps_GEQ35",
      "last_outcome": "LOSS"
    },
    {
      "family_key": "D150C_M5_trend_8_20_bps__trend_50_100_bps",
      "closed_trade_count": 1,
      "total_bps": -50.52,
      "mean_bps": -50.52,
      "total_net_profit": -21.22,
      "last_rule_id": "D150C_M5_trend_8_20_bps_GEQ65__trend_50_100_bps_GEQ35",
      "last_outcome": "LOSS"
    }
  ],
  "repo_kv": "/Users/vahid/Desktop/xauusd-trader/data/demo_execution/xauusd_stage155_m5_active_router_rule_state_kv.csv",
  "repo_latest": "/Users/vahid/Desktop/xauusd-trader/data/demo_execution/xauusd_stage155_m5_active_router_rule_state_latest.csv",
  "mt5_kv_written": true,
  "mt5_kv": "/Users/vahid/Library/Application Support/net.metaquotes.wine.metatrader5/drive_c/Program Files/MetaTrader 5/MQL5/Files/xauusd_stage155_m5_active_router_rule_state_kv.csv",
  "mt5_latest": "/Users/vahid/Library/Application Support/net.metaquotes.wine.metatrader5/drive_c/Program Files/MetaTrader 5/MQL5/Files/xauusd_stage155_m5_active_router_rule_state_latest.csv",
  "stage134_instruction": {
    "InpRuleStateKvFile": "xauusd_stage155_m5_active_router_rule_state_kv.csv",
    "InpAllowedRules": "all",
    "keep_InpEnableDemoOrders": "true only on demo account"
  },
  "summary_json": "/Users/vahid/Desktop/xauusd-trader/reports/stage155_active_router_demo_risk_guard/m5/stage155_active_router_demo_risk_guard_summary.json",
  "next": [
    "Use Stage155 for demo execution routing after Stage154 exposed demo-negative families.",
    "Keep Stage150B as offline replacement discovery; Stage154 only routes cached PASS candidates."
  ]
}
{
  "stage": "Stage155_ACTIVE_ROUTER_DEMO_RISK_GUARD",
  "generated_utc": "2026-07-07T18:50:52Z",
  "status": "STAGE155_COMPLETE_ACTIVE_ROUTER_DEMO_RISK_GUARD_READY",
  "decision": "STAGE155_ACTIVE_RISK_GUARDED_RULE_READY_POINT_STAGE134_TO_STAGE155_FILE",
  "root": "/Users/vahid/Desktop/xauusd-trader",
  "bars_path": "/Users/vahid/Downloads/xauusd_fundamental_event_inbox/amarkets_xauusd_5m.csv",
  "score_csv": "/Users/vahid/Desktop/xauusd-trader/reports/stage150_mtf_separated_validation_discovery/m5/stage150_candidate_scores.csv",
  "tf": "m5",
  "timeframe_minutes": 5,
  "raw_row_count": 318751,
  "bar_count": 318751,
  "raw_feature_date": "2026-07-07T21:30:00Z",
  "timestamp_shift_hours": -3.0,
  "feature_date": "2026-07-07T18:30:00Z",
  "feature_age_sec": 1279,
  "max_feature_age_sec": 7200,
  "feature_fresh": true,
  "score_rows": 552,
  "eligible_shortlist_count": 193,
  "active_shortlist_count": 81,
  "selected_rule_id": "D150C_M5_ret_12h_bps_GEQ35__trend_50_100_bps_GEQ35",
  "selected_label": "m5: ret_12h_bps >= q35 AND trend_50_100_bps >= q35",
  "selected_family_key": "D150C_M5_ret_12h_bps__trend_50_100_bps",
  "selected_condition_snapshot": "[{\"current\": 25.53214167189566, \"feature\": \"ret_12h_bps\", \"op\": \">=\", \"threshold\": -16.18000981972486}, {\"current\": 79.13090693297153, \"feature\": \"trend_50_100_bps\", \"op\": \">=\", \"threshold\": -14.337320822584214}]",
  "risk_summary": "/Users/vahid/Desktop/xauusd-trader/reports/stage145_clean_ledger_performance_gate/stage145_clean_ledger_performance_gate_summary.json",
  "block_negative_demo_families": true,
  "risk_blocked_family_count": 3,
  "risk_blocked_candidate_count": 18,
  "blocked_family_keys": [
    "D138C_ret_48h_bps__trend_50_100_bps",
    "D150C_M5_ret_3h_bps__ret_24h_bps",
    "D150C_M5_trend_8_20_bps__trend_50_100_bps"
  ],
  "blocked_family_rows": [
    {
      "family_key": "D138C_ret_48h_bps__trend_50_100_bps",
      "closed_trade_count": 6,
      "total_bps": -1.29,
      "mean_bps": -0.21,
      "total_net_profit": -0.94,
      "last_rule_id": "D138C_ret_48h_bps_GEQ65__trend_50_100_bps_LEQ65",
      "last_outcome": "PROFIT"
    },
    {
      "family_key": "D150C_M5_ret_3h_bps__ret_24h_bps",
      "closed_trade_count": 1,
      "total_bps": -19.35,
      "mean_bps": -19.35,
      "total_net_profit": -8.72,
      "last_rule_id": "D150C_M5_ret_3h_bps_GEQ65__ret_24h_bps_GEQ35",
      "last_outcome": "LOSS"
    },
    {
      "family_key": "D150C_M5_trend_8_20_bps__trend_50_100_bps",
      "closed_trade_count": 1,
      "total_bps": -50.52,
      "mean_bps": -50.52,
      "total_net_profit": -21.22,
      "last_rule_id": "D150C_M5_trend_8_20_bps_GEQ65__trend_50_100_bps_GEQ35",
      "last_outcome": "LOSS"
    }
  ],
  "repo_kv": "/Users/vahid/Desktop/xauusd-trader/data/demo_execution/xauusd_stage155_m5_active_router_rule_state_kv.csv",
  "repo_latest": "/Users/vahid/Desktop/xauusd-trader/data/demo_execution/xauusd_stage155_m5_active_router_rule_state_latest.csv",
  "mt5_kv_written": true,
  "mt5_kv": "/Users/vahid/Library/Application Support/net.metaquotes.wine.metatrader5/drive_c/Program Files/MetaTrader 5/MQL5/Files/xauusd_stage155_m5_active_router_rule_state_kv.csv",
  "mt5_latest": "/Users/vahid/Library/Application Support/net.metaquotes.wine.metatrader5/drive_c/Program Files/MetaTrader 5/MQL5/Files/xauusd_stage155_m5_active_router_rule_state_latest.csv",
  "stage134_instruction": {
    "InpRuleStateKvFile": "xauusd_stage155_m5_active_router_rule_state_kv.csv",
    "InpAllowedRules": "all",
    "keep_InpEnableDemoOrders": "true only on demo account"
  },
  "summary_json": "/Users/vahid/Desktop/xauusd-trader/reports/stage155_active_router_demo_risk_guard/m5/stage155_active_router_demo_risk_guard_summary.json",
  "next": [
    "Use Stage155 for demo execution routing after Stage154 exposed demo-negative families.",
    "Keep Stage150B as offline replacement discovery; Stage154 only routes cached PASS candidates."
  ]
}
{
  "stage": "Stage155_ACTIVE_ROUTER_DEMO_RISK_GUARD",
  "generated_utc": "2026-07-07T18:56:21Z",
  "status": "STAGE155_COMPLETE_ACTIVE_ROUTER_DEMO_RISK_GUARD_READY",
  "decision": "STAGE155_ACTIVE_RISK_GUARDED_RULE_READY_POINT_STAGE134_TO_STAGE155_FILE",
  "root": "/Users/vahid/Desktop/xauusd-trader",
  "bars_path": "/Users/vahid/Downloads/xauusd_fundamental_event_inbox/amarkets_xauusd_5m.csv",
  "score_csv": "/Users/vahid/Desktop/xauusd-trader/reports/stage150_mtf_separated_validation_discovery/m5/stage150_candidate_scores.csv",
  "tf": "m5",
  "timeframe_minutes": 5,
  "raw_row_count": 318751,
  "bar_count": 318751,
  "raw_feature_date": "2026-07-07T21:30:00Z",
  "timestamp_shift_hours": -3.0,
  "feature_date": "2026-07-07T18:30:00Z",
  "feature_age_sec": 1596,
  "max_feature_age_sec": 7200,
  "feature_fresh": true,
  "score_rows": 552,
  "eligible_shortlist_count": 193,
  "active_shortlist_count": 81,
  "selected_rule_id": "D150C_M5_ret_12h_bps_GEQ35__trend_50_100_bps_GEQ35",
  "selected_label": "m5: ret_12h_bps >= q35 AND trend_50_100_bps >= q35",
  "selected_family_key": "D150C_M5_ret_12h_bps__trend_50_100_bps",
  "selected_condition_snapshot": "[{\"current\": 25.53214167189566, \"feature\": \"ret_12h_bps\", \"op\": \">=\", \"threshold\": -16.18000981972486}, {\"current\": 79.13090693297153, \"feature\": \"trend_50_100_bps\", \"op\": \">=\", \"threshold\": -14.337320822584214}]",
  "risk_summary": "/Users/vahid/Desktop/xauusd-trader/reports/stage145_clean_ledger_performance_gate/stage145_clean_ledger_performance_gate_summary.json",
  "block_negative_demo_families": true,
  "risk_blocked_family_count": 3,
  "risk_blocked_candidate_count": 18,
  "blocked_family_keys": [
    "D138C_ret_48h_bps__trend_50_100_bps",
    "D150C_M5_ret_3h_bps__ret_24h_bps",
    "D150C_M5_trend_8_20_bps__trend_50_100_bps"
  ],
  "blocked_family_rows": [
    {
      "family_key": "D138C_ret_48h_bps__trend_50_100_bps",
      "closed_trade_count": 6,
      "total_bps": -1.29,
      "mean_bps": -0.21,
      "total_net_profit": -0.94,
      "last_rule_id": "D138C_ret_48h_bps_GEQ65__trend_50_100_bps_LEQ65",
      "last_outcome": "PROFIT"
    },
    {
      "family_key": "D150C_M5_ret_3h_bps__ret_24h_bps",
      "closed_trade_count": 1,
      "total_bps": -19.35,
      "mean_bps": -19.35,
      "total_net_profit": -8.72,
      "last_rule_id": "D150C_M5_ret_3h_bps_GEQ65__ret_24h_bps_GEQ35",
      "last_outcome": "LOSS"
    },
    {
      "family_key": "D150C_M5_trend_8_20_bps__trend_50_100_bps",
      "closed_trade_count": 1,
      "total_bps": -50.52,
      "mean_bps": -50.52,
      "total_net_profit": -21.22,
      "last_rule_id": "D150C_M5_trend_8_20_bps_GEQ65__trend_50_100_bps_GEQ35",
      "last_outcome": "LOSS"
    }
  ],
  "repo_kv": "/Users/vahid/Desktop/xauusd-trader/data/demo_execution/xauusd_stage155_m5_active_router_rule_state_kv.csv",
  "repo_latest": "/Users/vahid/Desktop/xauusd-trader/data/demo_execution/xauusd_stage155_m5_active_router_rule_state_latest.csv",
  "mt5_kv_written": true,
  "mt5_kv": "/Users/vahid/Library/Application Support/net.metaquotes.wine.metatrader5/drive_c/Program Files/MetaTrader 5/MQL5/Files/xauusd_stage155_m5_active_router_rule_state_kv.csv",
  "mt5_latest": "/Users/vahid/Library/Application Support/net.metaquotes.wine.metatrader5/drive_c/Program Files/MetaTrader 5/MQL5/Files/xauusd_stage155_m5_active_router_rule_state_latest.csv",
  "stage134_instruction": {
    "InpRuleStateKvFile": "xauusd_stage155_m5_active_router_rule_state_kv.csv",
    "InpAllowedRules": "all",
    "keep_InpEnableDemoOrders": "true only on demo account"
  },
  "summary_json": "/Users/vahid/Desktop/xauusd-trader/reports/stage155_active_router_demo_risk_guard/m5/stage155_active_router_demo_risk_guard_summary.json",
  "next": [
    "Use Stage155 for demo execution routing after Stage154 exposed demo-negative families.",
    "Keep Stage150B as offline replacement discovery; Stage154 only routes cached PASS candidates."
  ]
}
{
  "stage": "Stage155_ACTIVE_ROUTER_DEMO_RISK_GUARD",
  "generated_utc": "2026-07-07T19:01:38Z",
  "status": "STAGE155_COMPLETE_ACTIVE_ROUTER_DEMO_RISK_GUARD_READY",
  "decision": "STAGE155_ACTIVE_RISK_GUARDED_RULE_READY_POINT_STAGE134_TO_STAGE155_FILE",
  "root": "/Users/vahid/Desktop/xauusd-trader",
  "bars_path": "/Users/vahid/Downloads/xauusd_fundamental_event_inbox/amarkets_xauusd_5m.csv",
  "score_csv": "/Users/vahid/Desktop/xauusd-trader/reports/stage150_mtf_separated_validation_discovery/m5/stage150_candidate_scores.csv",
  "tf": "m5",
  "timeframe_minutes": 5,
  "raw_row_count": 318751,
  "bar_count": 318751,
  "raw_feature_date": "2026-07-07T21:30:00Z",
  "timestamp_shift_hours": -3.0,
  "feature_date": "2026-07-07T18:30:00Z",
  "feature_age_sec": 1925,
  "max_feature_age_sec": 7200,
  "feature_fresh": true,
  "score_rows": 552,
  "eligible_shortlist_count": 193,
  "active_shortlist_count": 81,
  "selected_rule_id": "D150C_M5_ret_12h_bps_GEQ35__trend_50_100_bps_GEQ35",
  "selected_label": "m5: ret_12h_bps >= q35 AND trend_50_100_bps >= q35",
  "selected_family_key": "D150C_M5_ret_12h_bps__trend_50_100_bps",
  "selected_condition_snapshot": "[{\"current\": 25.53214167189566, \"feature\": \"ret_12h_bps\", \"op\": \">=\", \"threshold\": -16.18000981972486}, {\"current\": 79.13090693297153, \"feature\": \"trend_50_100_bps\", \"op\": \">=\", \"threshold\": -14.337320822584214}]",
  "risk_summary": "/Users/vahid/Desktop/xauusd-trader/reports/stage145_clean_ledger_performance_gate/stage145_clean_ledger_performance_gate_summary.json",
  "block_negative_demo_families": true,
  "risk_blocked_family_count": 3,
  "risk_blocked_candidate_count": 18,
  "blocked_family_keys": [
    "D138C_ret_48h_bps__trend_50_100_bps",
    "D150C_M5_ret_3h_bps__ret_24h_bps",
    "D150C_M5_trend_8_20_bps__trend_50_100_bps"
  ],
  "blocked_family_rows": [
    {
      "family_key": "D138C_ret_48h_bps__trend_50_100_bps",
      "closed_trade_count": 6,
      "total_bps": -1.29,
      "mean_bps": -0.21,
      "total_net_profit": -0.94,
      "last_rule_id": "D138C_ret_48h_bps_GEQ65__trend_50_100_bps_LEQ65",
      "last_outcome": "PROFIT"
    },
    {
      "family_key": "D150C_M5_ret_3h_bps__ret_24h_bps",
      "closed_trade_count": 1,
      "total_bps": -19.35,
      "mean_bps": -19.35,
      "total_net_profit": -8.72,
      "last_rule_id": "D150C_M5_ret_3h_bps_GEQ65__ret_24h_bps_GEQ35",
      "last_outcome": "LOSS"
    },
    {
      "family_key": "D150C_M5_trend_8_20_bps__trend_50_100_bps",
      "closed_trade_count": 1,
      "total_bps": -50.52,
      "mean_bps": -50.52,
      "total_net_profit": -21.22,
      "last_rule_id": "D150C_M5_trend_8_20_bps_GEQ65__trend_50_100_bps_GEQ35",
      "last_outcome": "LOSS"
    }
  ],
  "repo_kv": "/Users/vahid/Desktop/xauusd-trader/data/demo_execution/xauusd_stage155_m5_active_router_rule_state_kv.csv",
  "repo_latest": "/Users/vahid/Desktop/xauusd-trader/data/demo_execution/xauusd_stage155_m5_active_router_rule_state_latest.csv",
  "mt5_kv_written": true,
  "mt5_kv": "/Users/vahid/Library/Application Support/net.metaquotes.wine.metatrader5/drive_c/Program Files/MetaTrader 5/MQL5/Files/xauusd_stage155_m5_active_router_rule_state_kv.csv",
  "mt5_latest": "/Users/vahid/Library/Application Support/net.metaquotes.wine.metatrader5/drive_c/Program Files/MetaTrader 5/MQL5/Files/xauusd_stage155_m5_active_router_rule_state_latest.csv",
  "stage134_instruction": {
    "InpRuleStateKvFile": "xauusd_stage155_m5_active_router_rule_state_kv.csv",
    "InpAllowedRules": "all",
    "keep_InpEnableDemoOrders": "true only on demo account"
  },
  "summary_json": "/Users/vahid/Desktop/xauusd-trader/reports/stage155_active_router_demo_risk_guard/m5/stage155_active_router_demo_risk_guard_summary.json",
  "next": [
    "Use Stage155 for demo execution routing after Stage154 exposed demo-negative families.",
    "Keep Stage150B as offline replacement discovery; Stage154 only routes cached PASS candidates."
  ]
}
{
  "stage": "Stage155_ACTIVE_ROUTER_DEMO_RISK_GUARD",
  "generated_utc": "2026-07-07T19:07:09Z",
  "status": "STAGE155_COMPLETE_ACTIVE_ROUTER_DEMO_RISK_GUARD_READY",
  "decision": "STAGE155_ACTIVE_RISK_GUARDED_RULE_READY_POINT_STAGE134_TO_STAGE155_FILE",
  "root": "/Users/vahid/Desktop/xauusd-trader",
  "bars_path": "/Users/vahid/Downloads/xauusd_fundamental_event_inbox/amarkets_xauusd_5m.csv",
  "score_csv": "/Users/vahid/Desktop/xauusd-trader/reports/stage150_mtf_separated_validation_discovery/m5/stage150_candidate_scores.csv",
  "tf": "m5",
  "timeframe_minutes": 5,
  "raw_row_count": 318751,
  "bar_count": 318751,
  "raw_feature_date": "2026-07-07T21:30:00Z",
  "timestamp_shift_hours": -3.0,
  "feature_date": "2026-07-07T18:30:00Z",
  "feature_age_sec": 2345,
  "max_feature_age_sec": 7200,
  "feature_fresh": true,
  "score_rows": 552,
  "eligible_shortlist_count": 191,
  "active_shortlist_count": 79,
  "selected_rule_id": "D150C_M5_ret_6h_bps_LEQ50__trend_8_20_bps_GEQ65",
  "selected_label": "m5: ret_6h_bps <= q50 AND trend_8_20_bps >= q65",
  "selected_family_key": "D150C_M5_ret_6h_bps__trend_8_20_bps",
  "selected_condition_snapshot": "[{\"current\": -60.95027677381459, \"feature\": \"ret_6h_bps\", \"op\": \"<=\", \"threshold\": 0.6210794374084116}, {\"current\": 19.275531114355537, \"feature\": \"trend_8_20_bps\", \"op\": \">=\", \"threshold\": 9.25846423904142}]",
  "risk_summary": "/Users/vahid/Desktop/xauusd-trader/reports/stage145_clean_ledger_performance_gate/stage145_clean_ledger_performance_gate_summary.json",
  "block_negative_demo_families": true,
  "risk_blocked_family_count": 4,
  "risk_blocked_candidate_count": 27,
  "blocked_family_keys": [
    "D138C_ret_48h_bps__trend_50_100_bps",
    "D150C_M5_ret_12h_bps__trend_50_100_bps",
    "D150C_M5_ret_3h_bps__ret_24h_bps",
    "D150C_M5_trend_8_20_bps__trend_50_100_bps"
  ],
  "blocked_family_rows": [
    {
      "family_key": "D138C_ret_48h_bps__trend_50_100_bps",
      "closed_trade_count": 6,
      "total_bps": -1.29,
      "mean_bps": -0.21,
      "total_net_profit": -0.94,
      "last_rule_id": "D138C_ret_48h_bps_GEQ65__trend_50_100_bps_LEQ65",
      "last_outcome": "PROFIT"
    },
    {
      "family_key": "D150C_M5_ret_12h_bps__trend_50_100_bps",
      "closed_trade_count": 1,
      "total_bps": -57.1,
      "mean_bps": -57.1,
      "total_net_profit": -23.65,
      "last_rule_id": "D150C_M5_ret_12h_bps_GEQ35__trend_50_100_bps_GEQ35",
      "last_outcome": "LOSS"
    },
    {
      "family_key": "D150C_M5_ret_3h_bps__ret_24h_bps",
      "closed_trade_count": 1,
      "total_bps": -19.35,
      "mean_bps": -19.35,
      "total_net_profit": -8.72,
      "last_rule_id": "D150C_M5_ret_3h_bps_GEQ65__ret_24h_bps_GEQ35",
      "last_outcome": "LOSS"
    },
    {
      "family_key": "D150C_M5_trend_8_20_bps__trend_50_100_bps",
      "closed_trade_count": 1,
      "total_bps": -50.52,
      "mean_bps": -50.52,
      "total_net_profit": -21.22,
      "last_rule_id": "D150C_M5_trend_8_20_bps_GEQ65__trend_50_100_bps_GEQ35",
      "last_outcome": "LOSS"
    }
  ],
  "repo_kv": "/Users/vahid/Desktop/xauusd-trader/data/demo_execution/xauusd_stage155_m5_active_router_rule_state_kv.csv",
  "repo_latest": "/Users/vahid/Desktop/xauusd-trader/data/demo_execution/xauusd_stage155_m5_active_router_rule_state_latest.csv",
  "mt5_kv_written": true,
  "mt5_kv": "/Users/vahid/Library/Application Support/net.metaquotes.wine.metatrader5/drive_c/Program Files/MetaTrader 5/MQL5/Files/xauusd_stage155_m5_active_router_rule_state_kv.csv",
  "mt5_latest": "/Users/vahid/Library/Application Support/net.metaquotes.wine.metatrader5/drive_c/Program Files/MetaTrader 5/MQL5/Files/xauusd_stage155_m5_active_router_rule_state_latest.csv",
  "stage134_instruction": {
    "InpRuleStateKvFile": "xauusd_stage155_m5_active_router_rule_state_kv.csv",
    "InpAllowedRules": "all",
    "keep_InpEnableDemoOrders": "true only on demo account"
  },
  "summary_json": "/Users/vahid/Desktop/xauusd-trader/reports/stage155_active_router_demo_risk_guard/m5/stage155_active_router_demo_risk_guard_summary.json",
  "next": [
    "Use Stage155 for demo execution routing after Stage154 exposed demo-negative families.",
    "Keep Stage150B as offline replacement discovery; Stage154 only routes cached PASS candidates."
  ]
}
{
  "stage": "Stage155_ACTIVE_ROUTER_DEMO_RISK_GUARD",
  "generated_utc": "2026-07-07T19:14:17Z",
  "status": "STAGE155_COMPLETE_ACTIVE_ROUTER_DEMO_RISK_GUARD_READY",
  "decision": "STAGE155_ACTIVE_RISK_GUARDED_RULE_READY_POINT_STAGE134_TO_STAGE155_FILE",
  "root": "/Users/vahid/Desktop/xauusd-trader",
  "bars_path": "/Users/vahid/Downloads/xauusd_fundamental_event_inbox/amarkets_xauusd_5m.csv",
  "score_csv": "/Users/vahid/Desktop/xauusd-trader/reports/stage150_mtf_separated_validation_discovery/m5/stage150_candidate_scores.csv",
  "tf": "m5",
  "timeframe_minutes": 5,
  "raw_row_count": 318751,
  "bar_count": 318751,
  "raw_feature_date": "2026-07-07T21:30:00Z",
  "timestamp_shift_hours": -3.0,
  "feature_date": "2026-07-07T18:30:00Z",
  "feature_age_sec": 2883,
  "max_feature_age_sec": 7200,
  "feature_fresh": true,
  "score_rows": 552,
  "eligible_shortlist_count": 191,
  "active_shortlist_count": 79,
  "selected_rule_id": "D150C_M5_ret_6h_bps_LEQ50__trend_8_20_bps_GEQ65",
  "selected_label": "m5: ret_6h_bps <= q50 AND trend_8_20_bps >= q65",
  "selected_family_key": "D150C_M5_ret_6h_bps__trend_8_20_bps",
  "selected_condition_snapshot": "[{\"current\": -60.95027677381459, \"feature\": \"ret_6h_bps\", \"op\": \"<=\", \"threshold\": 0.6210794374084116}, {\"current\": 19.275531114355537, \"feature\": \"trend_8_20_bps\", \"op\": \">=\", \"threshold\": 9.25846423904142}]",
  "risk_summary": "/Users/vahid/Desktop/xauusd-trader/reports/stage145_clean_ledger_performance_gate/stage145_clean_ledger_performance_gate_summary.json",
  "block_negative_demo_families": true,
  "risk_blocked_family_count": 4,
  "risk_blocked_candidate_count": 27,
  "blocked_family_keys": [
    "D138C_ret_48h_bps__trend_50_100_bps",
    "D150C_M5_ret_12h_bps__trend_50_100_bps",
    "D150C_M5_ret_3h_bps__ret_24h_bps",
    "D150C_M5_trend_8_20_bps__trend_50_100_bps"
  ],
  "blocked_family_rows": [
    {
      "family_key": "D138C_ret_48h_bps__trend_50_100_bps",
      "closed_trade_count": 6,
      "total_bps": -1.29,
      "mean_bps": -0.21,
      "total_net_profit": -0.94,
      "last_rule_id": "D138C_ret_48h_bps_GEQ65__trend_50_100_bps_LEQ65",
      "last_outcome": "PROFIT"
    },
    {
      "family_key": "D150C_M5_ret_12h_bps__trend_50_100_bps",
      "closed_trade_count": 1,
      "total_bps": -57.1,
      "mean_bps": -57.1,
      "total_net_profit": -23.65,
      "last_rule_id": "D150C_M5_ret_12h_bps_GEQ35__trend_50_100_bps_GEQ35",
      "last_outcome": "LOSS"
    },
    {
      "family_key": "D150C_M5_ret_3h_bps__ret_24h_bps",
      "closed_trade_count": 1,
      "total_bps": -19.35,
      "mean_bps": -19.35,
      "total_net_profit": -8.72,
      "last_rule_id": "D150C_M5_ret_3h_bps_GEQ65__ret_24h_bps_GEQ35",
      "last_outcome": "LOSS"
    },
    {
      "family_key": "D150C_M5_trend_8_20_bps__trend_50_100_bps",
      "closed_trade_count": 1,
      "total_bps": -50.52,
      "mean_bps": -50.52,
      "total_net_profit": -21.22,
      "last_rule_id": "D150C_M5_trend_8_20_bps_GEQ65__trend_50_100_bps_GEQ35",
      "last_outcome": "LOSS"
    }
  ],
  "repo_kv": "/Users/vahid/Desktop/xauusd-trader/data/demo_execution/xauusd_stage155_m5_active_router_rule_state_kv.csv",
  "repo_latest": "/Users/vahid/Desktop/xauusd-trader/data/demo_execution/xauusd_stage155_m5_active_router_rule_state_latest.csv",
  "mt5_kv_written": true,
  "mt5_kv": "/Users/vahid/Library/Application Support/net.metaquotes.wine.metatrader5/drive_c/Program Files/MetaTrader 5/MQL5/Files/xauusd_stage155_m5_active_router_rule_state_kv.csv",
  "mt5_latest": "/Users/vahid/Library/Application Support/net.metaquotes.wine.metatrader5/drive_c/Program Files/MetaTrader 5/MQL5/Files/xauusd_stage155_m5_active_router_rule_state_latest.csv",
  "stage134_instruction": {
    "InpRuleStateKvFile": "xauusd_stage155_m5_active_router_rule_state_kv.csv",
    "InpAllowedRules": "all",
    "keep_InpEnableDemoOrders": "true only on demo account"
  },
  "summary_json": "/Users/vahid/Desktop/xauusd-trader/reports/stage155_active_router_demo_risk_guard/m5/stage155_active_router_demo_risk_guard_summary.json",
  "next": [
    "Use Stage155 for demo execution routing after Stage154 exposed demo-negative families.",
    "Keep Stage150B as offline replacement discovery; Stage154 only routes cached PASS candidates."
  ]
}
{
  "stage": "Stage155_ACTIVE_ROUTER_DEMO_RISK_GUARD",
  "generated_utc": "2026-07-07T19:23:07Z",
  "status": "STAGE155_COMPLETE_ACTIVE_ROUTER_DEMO_RISK_GUARD_READY",
  "decision": "STAGE155_ACTIVE_RISK_GUARDED_RULE_READY_POINT_STAGE134_TO_STAGE155_FILE",
  "root": "/Users/vahid/Desktop/xauusd-trader",
  "bars_path": "/Users/vahid/Downloads/xauusd_fundamental_event_inbox/amarkets_xauusd_5m.csv",
  "score_csv": "/Users/vahid/Desktop/xauusd-trader/reports/stage150_mtf_separated_validation_discovery/m5/stage150_candidate_scores.csv",
  "tf": "m5",
  "timeframe_minutes": 5,
  "raw_row_count": 318751,
  "bar_count": 318751,
  "raw_feature_date": "2026-07-07T21:30:00Z",
  "timestamp_shift_hours": -3.0,
  "feature_date": "2026-07-07T18:30:00Z",
  "feature_age_sec": 3220,
  "max_feature_age_sec": 7200,
  "feature_fresh": true,
  "score_rows": 552,
  "eligible_shortlist_count": 191,
  "active_shortlist_count": 79,
  "selected_rule_id": "D150C_M5_ret_6h_bps_LEQ50__trend_8_20_bps_GEQ65",
  "selected_label": "m5: ret_6h_bps <= q50 AND trend_8_20_bps >= q65",
  "selected_family_key": "D150C_M5_ret_6h_bps__trend_8_20_bps",
  "selected_condition_snapshot": "[{\"current\": -60.95027677381459, \"feature\": \"ret_6h_bps\", \"op\": \"<=\", \"threshold\": 0.6210794374084116}, {\"current\": 19.275531114355537, \"feature\": \"trend_8_20_bps\", \"op\": \">=\", \"threshold\": 9.25846423904142}]",
  "risk_summary": "/Users/vahid/Desktop/xauusd-trader/reports/stage145_clean_ledger_performance_gate/stage145_clean_ledger_performance_gate_summary.json",
  "block_negative_demo_families": true,
  "risk_blocked_family_count": 4,
  "risk_blocked_candidate_count": 27,
  "blocked_family_keys": [
    "D138C_ret_48h_bps__trend_50_100_bps",
    "D150C_M5_ret_12h_bps__trend_50_100_bps",
    "D150C_M5_ret_3h_bps__ret_24h_bps",
    "D150C_M5_trend_8_20_bps__trend_50_100_bps"
  ],
  "blocked_family_rows": [
    {
      "family_key": "D138C_ret_48h_bps__trend_50_100_bps",
      "closed_trade_count": 6,
      "total_bps": -1.29,
      "mean_bps": -0.21,
      "total_net_profit": -0.94,
      "last_rule_id": "D138C_ret_48h_bps_GEQ65__trend_50_100_bps_LEQ65",
      "last_outcome": "PROFIT"
    },
    {
      "family_key": "D150C_M5_ret_12h_bps__trend_50_100_bps",
      "closed_trade_count": 1,
      "total_bps": -57.1,
      "mean_bps": -57.1,
      "total_net_profit": -23.65,
      "last_rule_id": "D150C_M5_ret_12h_bps_GEQ35__trend_50_100_bps_GEQ35",
      "last_outcome": "LOSS"
    },
    {
      "family_key": "D150C_M5_ret_3h_bps__ret_24h_bps",
      "closed_trade_count": 1,
      "total_bps": -19.35,
      "mean_bps": -19.35,
      "total_net_profit": -8.72,
      "last_rule_id": "D150C_M5_ret_3h_bps_GEQ65__ret_24h_bps_GEQ35",
      "last_outcome": "LOSS"
    },
    {
      "family_key": "D150C_M5_trend_8_20_bps__trend_50_100_bps",
      "closed_trade_count": 1,
      "total_bps": -50.52,
      "mean_bps": -50.52,
      "total_net_profit": -21.22,
      "last_rule_id": "D150C_M5_trend_8_20_bps_GEQ65__trend_50_100_bps_GEQ35",
      "last_outcome": "LOSS"
    }
  ],
  "repo_kv": "/Users/vahid/Desktop/xauusd-trader/data/demo_execution/xauusd_stage155_m5_active_router_rule_state_kv.csv",
  "repo_latest": "/Users/vahid/Desktop/xauusd-trader/data/demo_execution/xauusd_stage155_m5_active_router_rule_state_latest.csv",
  "mt5_kv_written": true,
  "mt5_kv": "/Users/vahid/Library/Application Support/net.metaquotes.wine.metatrader5/drive_c/Program Files/MetaTrader 5/MQL5/Files/xauusd_stage155_m5_active_router_rule_state_kv.csv",
  "mt5_latest": "/Users/vahid/Library/Application Support/net.metaquotes.wine.metatrader5/drive_c/Program Files/MetaTrader 5/MQL5/Files/xauusd_stage155_m5_active_router_rule_state_latest.csv",
  "stage134_instruction": {
    "InpRuleStateKvFile": "xauusd_stage155_m5_active_router_rule_state_kv.csv",
    "InpAllowedRules": "all",
    "keep_InpEnableDemoOrders": "true only on demo account"
  },
  "summary_json": "/Users/vahid/Desktop/xauusd-trader/reports/stage155_active_router_demo_risk_guard/m5/stage155_active_router_demo_risk_guard_summary.json",
  "next": [
    "Use Stage155 for demo execution routing after Stage154 exposed demo-negative families.",
    "Keep Stage150B as offline replacement discovery; Stage154 only routes cached PASS candidates."
  ]
}
