variant,family,side,horizon_bars,horizon_minutes,cooldown_bars,params_json,decision,score,reasons,events,freq_per_month,total_x1,median_x1,wr_x1,pf_x1,dd_x1,total_x2,pf_x2,total_x4,pf_x4,test20_events,test20_total,test20_median,test20_pf,test30_events,test30_total,test30_pf,events_2026,total_2026,median_2026,pf_2026,pos_years,years,pos_quarters,quarters,boot_total_p05,boot_pf_p05,boot_prob_total_gt_0,boot_prob_pf_gt_1
pdl_sweep_reclaim_long_sweep2.5_reclaim2_london_new_york_h6_cool4,pdl_sweep_reclaim_refined,LONG,6,90,4,"{""reclaim_max"": 2.0, ""reclaim_min"": 0.0, ""session_set"": ""london_new_york"", ""sweep_min"": 2.5}",PROMOTE_FORWARD_SHADOW_DESIGN_CANDIDATE,24.827146,Refined variant passed strict robustness criteria.,103,2.288889,229.87,1.17,0.553398,1.856382,-53.28,193.82,1.680763,121.72,1.381603,21,239.68,10.25,9.760234,31,194.53,3.085889,14,148.6,8.43,26.445205,4,5,8,17,75.456,1.236296,0.995,0.995
pdl_sweep_reclaim_long_sweep2.5_reclaim2_london_new_york_h6_cool0,pdl_sweep_reclaim_refined,LONG,6,90,0,"{""reclaim_max"": 2.0, ""reclaim_min"": 0.0, ""session_set"": ""london_new_york"", ""sweep_min"": 2.5}",PROMOTE_FORWARD_SHADOW_DESIGN_CANDIDATE,24.548297,Refined variant passed strict robustness criteria.,105,2.333333,225.68,1.02,0.542857,1.827849,-52.47,188.93,1.652383,115.43,1.354885,21,239.68,10.25,9.760234,32,208.09,3.250838,14,148.6,8.43,26.445205,4,5,8,17,63.3355,1.215611,1.0,1.0
pdl_sweep_reclaim_long_sweep2.5_reclaim2_london_new_york_h4_cool0,pdl_sweep_reclaim_refined,LONG,4,60,0,"{""reclaim_max"": 2.0, ""reclaim_min"": 0.0, ""session_set"": ""london_new_york"", ""sweep_min"": 2.5}",PROMOTE_FORWARD_SHADOW_DESIGN_CANDIDATE,23.383899,Refined variant passed strict robustness criteria.,110,2.444444,170.98,0.915,0.536364,1.597122,-49.94,132.48,1.435131,55.48,1.162132,22,175.69,7.365,5.49335,33,148.25,2.543467,16,140.56,8.48,12.446254,4,5,10,17,24.1455,1.07047,0.965,0.965
pdl_sweep_reclaim_long_sweep2_reclaim2_london_new_york_h6_cool4,pdl_sweep_reclaim_refined,LONG,6,90,4,"{""reclaim_max"": 2.0, ""reclaim_min"": 0.0, ""session_set"": ""london_new_york"", ""sweep_min"": 2.0}",PROMOTE_FORWARD_SHADOW_DESIGN_CANDIDATE,23.05874,Refined variant passed strict robustness criteria.,133,2.770833,213.51,0.44,0.526316,1.670719,-72.77,166.96,1.490107,73.86,1.190013,27,235.01,8.4,5.455166,40,232.9,3.762097,14,153.4,9.05,27.267123,4,5,7,17,65.147,1.169715,0.985,0.985
pdl_sweep_reclaim_long_sweep2_reclaim2_london_new_york_h6_cool0,pdl_sweep_reclaim_refined,LONG,6,90,0,"{""reclaim_max"": 2.0, ""reclaim_min"": 0.0, ""session_set"": ""london_new_york"", ""sweep_min"": 2.0}",PROMOTE_FORWARD_SHADOW_DESIGN_CANDIDATE,21.770016,Refined variant passed strict robustness criteria.,141,2.9375,211.2,0.42,0.51773,1.609348,-76.14,161.85,1.43663,63.15,1.149563,29,223.66,6.62,4.489236,43,227.76,3.380684,14,153.4,9.05,27.267123,4,5,7,17,45.11,1.108772,0.98,0.98
pdl_sweep_reclaim_long_sweep1.62_reclaim2_london_new_york_h6_cool4,pdl_sweep_reclaim_refined,LONG,6,90,4,"{""reclaim_max"": 2.0, ""reclaim_min"": 0.0, ""session_set"": ""london_new_york"", ""sweep_min"": 1.62}",PROMOTE_FORWARD_SHADOW_DESIGN_CANDIDATE,19.554264,Refined variant passed strict robustness criteria.,158,3.22449,256.81,0.47,0.531646,1.706473,-72.25,201.51,1.51701,90.91,1.203542,32,199.77,5.225,3.233564,48,216.29,2.801816,15,143.24,8.46,9.9525,4,5,11,17,105.5635,1.235079,1.0,1.0
pdl_sweep_reclaim_long_sweep1.62_reclaim2_london_new_york_h4_cool4,pdl_sweep_reclaim_refined,LONG,4,60,4,"{""reclaim_max"": 2.0, ""reclaim_min"": 0.0, ""session_set"": ""london_new_york"", ""sweep_min"": 1.62}",PROMOTE_FORWARD_SHADOW_DESIGN_CANDIDATE,18.859983,Refined variant passed strict robustness criteria.,163,3.326531,171.65,0.28,0.533742,1.47021,-73.31,114.6,1.291804,0.5,1.001105,33,167.1,3.6,3.531435,49,169.54,2.581235,15,135.12,10.65,40.393586,4,5,10,17,13.411,1.031624,0.975,0.975
pdl_sweep_reclaim_long_sweep1.62_reclaim2_london_new_york_h6_cool0,pdl_sweep_reclaim_refined,LONG,6,90,0,"{""reclaim_max"": 2.0, ""reclaim_min"": 0.0, ""session_set"": ""london_new_york"", ""sweep_min"": 1.62}",PROMOTE_FORWARD_SHADOW_DESIGN_CANDIDATE,18.257269,Refined variant passed strict robustness criteria.,168,3.428571,241.21,0.35,0.517857,1.592508,-74.87,182.41,1.418564,64.81,1.13025,34,188.42,4.17,2.869431,51,207.25,2.560853,15,143.24,8.46,9.9525,4,5,11,17,63.714,1.136512,0.995,0.995
pdl_sweep_reclaim_long_sweep1.62_reclaim1.55_london_new_york_h6_cool4,pdl_sweep_reclaim_refined,LONG,6,90,4,"{""reclaim_max"": 1.55, ""reclaim_min"": 0.0, ""session_set"": ""london_new_york"", ""sweep_min"": 1.62}",PROMOTE_FORWARD_SHADOW_DESIGN_CANDIDATE,17.516358,Refined variant passed strict robustness criteria.,143,3.108696,190.11,0.28,0.517483,1.573934,-72.21,140.06,1.393715,39.96,1.097594,29,161.06,3.89,2.809053,43,177.12,2.542588,13,122.91,8.4,8.681875,4,5,11,17,43.1935,1.118049,0.98,0.98
pdl_sweep_reclaim_long_sweep1.62_reclaim1.55_london_new_york_h6_cool0,pdl_sweep_reclaim_refined,LONG,6,90,0,"{""reclaim_max"": 1.55, ""reclaim_min"": 0.0, ""session_set"": ""london_new_york"", ""sweep_min"": 1.62}",PROMOTE_FORWARD_SHADOW_DESIGN_CANDIDATE,17.357052,Refined variant passed strict robustness criteria.,148,3.217391,188.15,0.27,0.513514,1.539204,-72.21,136.35,1.364095,32.75,1.07611,30,161.5,2.67,2.813995,45,186.93,2.608553,13,122.91,8.4,8.681875,4,5,11,17,29.2045,1.073183,0.97,0.97
pdl_sweep_reclaim_long_sweep1.62_reclaim2_london_new_york_h8_cool4,pdl_sweep_reclaim_refined,LONG,8,120,4,"{""reclaim_max"": 2.0, ""reclaim_min"": 0.0, ""session_set"": ""london_new_york"", ""sweep_min"": 1.62}",PROMOTE_FORWARD_SHADOW_DESIGN_CANDIDATE,16.157904,Refined variant passed strict robustness criteria.,152,3.102041,208.13,0.765,0.519737,1.467613,-89.41,154.93,1.32875,48.53,1.092533,31,158.41,4.03,2.323724,46,177.65,2.219203,14,92.76,8.615,2.989704,4,5,9,17,34.462,1.062976,0.97,0.97
asia_high_breakout_long_close2_range4-35_new_york_only_h48_cool0,asia_high_breakout_refined,LONG,48,720,0,"{""asia_range_max"": 35.0, ""asia_range_min"": 4.0, ""close_above"": 2.0, ""session_set"": ""new_york_only""}",PROMOTE_FORWARD_SHADOW_DESIGN_CANDIDATE,14.757371,Refined variant passed strict robustness criteria.,436,9.083333,524.5,0.155,0.504587,1.20546,-197.54,371.9,1.141442,66.7,1.023918,88,278.72,1.445,1.389829,131,356.61,1.38468,10,301.73,25.825,999.0,4,5,10,17,41.651,1.015511,0.955,0.955
asia_high_breakout_long_close2_range4-35_new_york_only_h48_cool4,asia_high_breakout_refined,LONG,48,720,4,"{""asia_range_max"": 35.0, ""asia_range_min"": 4.0, ""close_above"": 2.0, ""session_set"": ""new_york_only""}",PROMOTE_FORWARD_SHADOW_DESIGN_CANDIDATE,14.757371,Refined variant passed strict robustness criteria.,436,9.083333,524.5,0.155,0.504587,1.20546,-197.54,371.9,1.141442,66.7,1.023918,88,278.72,1.445,1.389829,131,356.61,1.38468,10,301.73,25.825,999.0,4,5,10,17,41.651,1.015511,0.955,0.955
pdl_sweep_reclaim_long_sweep2.5_reclaim2_london_new_york_h4_cool4,pdl_sweep_reclaim_refined,LONG,4,60,4,"{""reclaim_max"": 2.0, ""reclaim_min"": 0.0, ""session_set"": ""london_new_york"", ""sweep_min"": 2.5}",KEEP_REFINED_WATCHLIST,22.578656,Positive but still not robust enough for promotion.,104,2.311111,147.9,0.765,0.528846,1.552691,-54.47,111.5,1.391201,38.7,1.120429,21,184.24,7.83,7.491896,32,163.0,3.112494,14,127.6,8.48,82.794872,4,5,10,17,-11.8965,0.962086,0.935,0.935
pdl_sweep_reclaim_long_sweep2.5_reclaim2_london_new_york_h3_cool0,pdl_sweep_reclaim_refined,LONG,3,45,0,"{""reclaim_max"": 2.0, ""reclaim_min"": 0.0, ""session_set"": ""london_new_york"", ""sweep_min"": 2.5}",KEEP_REFINED_WATCHLIST,20.910921,Positive but still not robust enough for promotion.,110,2.444444,134.12,-0.21,0.481818,1.513968,-57.79,95.62,1.34026,18.62,1.057405,22,144.61,6.095,6.106285,33,130.98,2.85,16,110.03,6.095,12.216106,4,5,7,17,-18.376,0.938029,0.93,0.93
pdl_sweep_reclaim_long_sweep2_reclaim2_london_new_york_h4_cool4,pdl_sweep_reclaim_refined,LONG,4,60,4,"{""reclaim_max"": 2.0, ""reclaim_min"": 0.0, ""session_set"": ""london_new_york"", ""sweep_min"": 2.0}",KEEP_REFINED_WATCHLIST,20.160249,Positive but still not robust enough for promotion.,137,2.854167,124.53,0.16,0.518248,1.377776,-68.39,76.58,1.21656,-19.32,0.952231,28,171.76,6.11,4.709719,42,156.34,2.798872,14,120.62,8.48,36.166181,4,5,9,17,-28.9725,0.927191,0.905,0.905
pdl_sweep_reclaim_long_sweep2.5_reclaim2_london_new_york_h3_cool4,pdl_sweep_reclaim_refined,LONG,3,45,4,"{""reclaim_max"": 2.0, ""reclaim_min"": 0.0, ""session_set"": ""london_new_york"", ""sweep_min"": 2.5}",KEEP_REFINED_WATCHLIST,20.10386,Positive but still not robust enough for promotion.,105,2.333333,112.26,-0.22,0.485714,1.446859,-65.15,75.51,1.279418,2.01,1.006453,21,145.78,6.54,6.212013,32,130.18,3.124694,14,87.81,6.095,10.282241,4,5,7,17,-36.824,0.872008,0.91,0.91
pdl_sweep_reclaim_long_sweep2_reclaim1.55_london_new_york_h6_cool4,pdl_sweep_reclaim_refined,LONG,6,90,4,"{""reclaim_max"": 1.55, ""reclaim_min"": 0.0, ""session_set"": ""london_new_york"", ""sweep_min"": 2.0}",KEEP_REFINED_WATCHLIST,20.103203,Positive but still not robust enough for promotion.,119,2.644444,142.15,0.26,0.512605,1.484773,-70.11,100.5,1.320257,17.2,1.047952,24,185.24,5.535,4.265867,36,189.12,3.339147,12,133.07,9.02,23.785959,4,5,7,17,-13.749,0.962151,0.93,0.93
pdl_sweep_reclaim_long_sweep2.5_reclaim2_london_new_york_h8_cool0,pdl_sweep_reclaim_refined,LONG,8,120,0,"{""reclaim_max"": 2.0, ""reclaim_min"": 0.0, ""session_set"": ""london_new_york"", ""sweep_min"": 2.5}",KEEP_REFINED_WATCHLIST,19.290185,Positive but still not robust enough for promotion.,104,2.311111,162.04,1.585,0.538462,1.457973,-81.81,125.64,1.338424,52.84,1.130068,21,181.23,11.01,3.460358,32,144.84,2.090498,14,87.49,5.98,2.876662,4,5,10,17,-28.059,0.935495,0.91,0.91
pdl_sweep_reclaim_long_sweep2.5_reclaim2_london_new_york_h8_cool4,pdl_sweep_reclaim_refined,LONG,8,120,4,"{""reclaim_max"": 2.0, ""reclaim_min"": 0.0, ""session_set"": ""london_new_york"", ""sweep_min"": 2.5}",KEEP_REFINED_WATCHLIST,19.125311,Positive but still not robust enough for promotion.,103,2.288889,166.71,1.42,0.533981,1.480876,-77.14,130.66,1.358848,58.56,1.146726,21,181.23,11.01,3.460358,31,141.01,2.121976,14,87.49,5.98,2.876662,4,5,9,17,-43.5625,0.906307,0.905,0.905
pdl_sweep_reclaim_long_sweep1.25_reclaim2_london_new_york_h4_cool4,pdl_sweep_reclaim_refined,LONG,4,60,4,"{""reclaim_max"": 2.0, ""reclaim_min"": 0.0, ""session_set"": ""london_new_york"", ""sweep_min"": 1.25}",KEEP_REFINED_WATCHLIST,19.031391,Positive but still not robust enough for promotion.,194,3.959184,172.21,0.155,0.525773,1.402228,-82.94,104.31,1.225809,-31.49,0.94119,39,192.05,3.54,3.868987,59,210.93,2.905592,16,137.27,8.48,41.020408,3,5,10,17,15.226,1.031368,0.96,0.96
pdl_sweep_reclaim_long_sweep2_reclaim2_london_new_york_h4_cool0,pdl_sweep_reclaim_refined,LONG,4,60,0,"{""reclaim_max"": 2.0, ""reclaim_min"": 0.0, ""session_set"": ""london_new_york"", ""sweep_min"": 2.0}",KEEP_REFINED_WATCHLIST,18.508134,Positive but still not robust enough for promotion.,150,3.125,138.01,0.215,0.526667,1.367351,-77.6,85.51,1.212913,-19.49,0.95732,30,175.48,6.11,3.691824,45,161.89,2.427601,16,133.58,8.48,10.440283,4,5,9,17,-7.274,0.983654,0.935,0.935
pdl_sweep_reclaim_long_sweep1.62_reclaim2_london_new_york_h3_cool0,pdl_sweep_reclaim_refined,LONG,3,45,0,"{""reclaim_max"": 2.0, ""reclaim_min"": 0.0, ""session_set"": ""london_new_york"", ""sweep_min"": 1.62}",KEEP_REFINED_WATCHLIST,18.424868,Positive but still not robust enough for promotion.,181,3.693878,143.49,-0.35,0.458564,1.357492,-91.29,80.14,1.183892,-46.56,0.908623,37,176.05,1.27,3.836771,55,162.7,2.471865,19,138.23,6.54,11.448224,3,5,9,17,-2.7765,0.993898,0.935,0.935
pdl_sweep_reclaim_long_sweep2_reclaim1.55_london_new_york_h6_cool0,pdl_sweep_reclaim_refined,LONG,6,90,0,"{""reclaim_max"": 1.55, ""reclaim_min"": 0.0, ""session_set"": ""london_new_york"", ""sweep_min"": 2.0}",KEEP_REFINED_WATCHLIST,18.291514,Positive but still not robust enough for promotion.,122,2.711111,148.35,0.21,0.508197,1.497435,-73.48,105.65,1.330663,20.25,1.05536,25,170.11,4.45,3.367571,37,187.73,3.282709,12,133.07,9.02,23.785959,4,5,8,17,-11.6585,0.96939,0.94,0.94
pdl_sweep_reclaim_long_sweep2_reclaim2_london_new_york_h3_cool0,pdl_sweep_reclaim_refined,LONG,3,45,0,"{""reclaim_max"": 2.0, ""reclaim_min"": 0.0, ""session_set"": ""london_new_york"", ""sweep_min"": 2.0}",KEEP_REFINED_WATCHLIST,17.686646,Positive but still not robust enough for promotion.,151,3.145833,102.12,-0.35,0.463576,1.287995,-85.46,49.27,1.128622,-56.43,0.872986,31,154.56,4.02,3.976314,46,140.12,2.536572,17,106.61,5.65,9.058201,3,5,8,17,-42.3925,0.90264,0.89,0.89
pdl_sweep_reclaim_long_sweep1.62_reclaim2_london_new_york_h4_cool0,pdl_sweep_reclaim_refined,LONG,4,60,0,"{""reclaim_max"": 2.0, ""reclaim_min"": 0.0, ""session_set"": ""london_new_york"", ""sweep_min"": 1.62}",KEEP_REFINED_WATCHLIST,17.634484,Positive but still not robust enough for promotion.,177,3.612245,184.51,0.28,0.536723,1.448144,-77.97,122.56,1.277473,-1.34,0.997354,36,167.24,3.57,2.879101,54,170.66,2.19753,17,148.08,10.65,11.465018,4,5,11,17,14.0955,1.029626,0.96,0.96
pdl_sweep_reclaim_long_sweep1.25_reclaim2_london_new_york_h3_cool0,pdl_sweep_reclaim_refined,LONG,3,45,0,"{""reclaim_max"": 2.0, ""reclaim_min"": 0.0, ""session_set"": ""london_new_york"", ""sweep_min"": 1.25}",KEEP_REFINED_WATCHLIST,17.224227,Positive but still not robust enough for promotion.,222,4.530612,159.59,-0.34,0.454955,1.3458,-106.48,81.89,1.1624,-73.51,0.876429,45,181.89,1.27,3.25698,67,216.23,2.885014,20,141.76,6.095,11.715042,2,5,10,17,-2.0245,0.996084,0.945,0.945
pdl_sweep_reclaim_long_sweep1.25_reclaim2_london_new_york_h6_cool4,pdl_sweep_reclaim_refined,LONG,6,90,4,"{""reclaim_max"": 2.0, ""reclaim_min"": 0.0, ""session_set"": ""london_new_york"", ""sweep_min"": 1.25}",KEEP_REFINED_WATCHLIST,17.112753,Positive but still not robust enough for promotion.,186,3.795918,206.53,-0.115,0.483871,1.446426,-81.01,141.43,1.284808,11.23,1.019749,38,206.98,4.17,2.953379,56,222.82,2.534467,16,142.09,8.43,9.285131,3,5,10,17,-1.1455,0.997852,0.94,0.94
pdl_sweep_reclaim_long_sweep2_reclaim2_london_new_york_h3_cool4,pdl_sweep_reclaim_refined,LONG,3,45,4,"{""reclaim_max"": 2.0, ""reclaim_min"": 0.0, ""session_set"": ""london_new_york"", ""sweep_min"": 2.0}",KEEP_REFINED_WATCHLIST,16.880313,Positive but still not robust enough for promotion.,140,2.916667,85.54,-0.36,0.471429,1.262554,-82.78,36.54,1.10386,-61.46,0.849414,28,132.17,2.645,4.086642,42,113.21,2.384832,14,75.46,4.835,6.858696,3,5,9,17,-60.7665,0.838518,0.82,0.82
pdl_sweep_reclaim_long_sweep1.62_reclaim1.55_london_new_york_h4_cool0,pdl_sweep_reclaim_refined,LONG,4,60,0,"{""reclaim_max"": 1.55, ""reclaim_min"": 0.0, ""session_set"": ""london_new_york"", ""sweep_min"": 1.62}",KEEP_REFINED_WATCHLIST,16.78229,Positive but still not robust enough for promotion.,155,3.369565,143.4,0.28,0.529032,1.407722,-75.12,89.15,1.235765,-19.35,0.955531,31,140.95,3.6,2.757262,47,164.78,2.422479,15,120.03,6.31,9.482686,4,5,11,17,19.8945,1.046156,0.97,0.97
pdl_sweep_reclaim_long_sweep1.25_reclaim2_london_new_york_h3_cool4,pdl_sweep_reclaim_refined,LONG,3,45,4,"{""reclaim_max"": 2.0, ""reclaim_min"": 0.0, ""session_set"": ""london_new_york"", ""sweep_min"": 1.25}",KEEP_REFINED_WATCHLIST,16.6676,Positive but still not robust enough for promotion.,198,4.040816,145.67,-0.295,0.469697,1.358722,-89.07,76.37,1.172307,-62.23,0.880934,40,157.41,1.59,3.429542,60,175.66,2.733715,16,93.73,4.835,8.277174,2,5,9,17,-14.3265,0.969631,0.92,0.92
pdl_sweep_reclaim_long_sweep1.25_reclaim2_london_new_york_h4_cool0,pdl_sweep_reclaim_refined,LONG,4,60,0,"{""reclaim_max"": 2.0, ""reclaim_min"": 0.0, ""session_set"": ""london_new_york"", ""sweep_min"": 1.25}",KEEP_REFINED_WATCHLIST,16.655548,Positive but still not robust enough for promotion.,214,4.367347,180.08,0.15,0.523364,1.371092,-94.29,105.18,1.201197,-44.62,0.926123,43,172.12,2.15,2.661711,65,209.6,2.417749,18,150.23,8.48,11.616961,3,5,10,17,6.6745,1.010987,0.955,0.955
pdl_sweep_reclaim_long_sweep1.62_reclaim1.55_london_new_york_h4_cool4,pdl_sweep_reclaim_refined,LONG,4,60,4,"{""reclaim_max"": 1.55, ""reclaim_min"": 0.0, ""session_set"": ""london_new_york"", ""sweep_min"": 1.62}",KEEP_REFINED_WATCHLIST,16.514839,Positive but still not robust enough for promotion.,145,3.152174,119.32,0.28,0.524138,1.36859,-70.46,68.57,1.196735,-32.93,0.918093,29,129.79,3.6,2.917418,44,146.22,2.473546,13,107.07,6.31,32.215743,4,5,9,17,-14.689,0.959853,0.92,0.92
pdl_sweep_reclaim_long_sweep1.25_reclaim2_london_new_york_h6_cool0,pdl_sweep_reclaim_refined,LONG,6,90,0,"{""reclaim_max"": 2.0, ""reclaim_min"": 0.0, ""session_set"": ""london_new_york"", ""sweep_min"": 1.25}",KEEP_REFINED_WATCHLIST,16.46402,Positive but still not robust enough for promotion.,201,4.102041,206.06,-0.14,0.482587,1.404833,-70.16,135.71,1.248667,-4.99,0.991999,41,191.23,3.3,2.571194,61,225.81,2.42963,16,142.09,8.43,9.285131,3,5,10,17,26.0035,1.045603,0.97,0.97
pdl_sweep_reclaim_long_sweep2_reclaim1.55_london_new_york_h4_cool4,pdl_sweep_reclaim_refined,LONG,4,60,4,"{""reclaim_max"": 1.55, ""reclaim_min"": 0.0, ""session_set"": ""london_new_york"", ""sweep_min"": 2.0}",KEEP_REFINED_WATCHLIST,16.189894,Positive but still not robust enough for promotion.,120,2.666667,69.28,-0.055,0.5,1.237888,-76.05,27.28,1.08724,-56.72,0.841533,24,125.23,4.77,3.67929,36,117.96,2.499809,12,92.57,6.295,27.988338,3,5,8,17,-61.856,0.801918,0.78,0.78
pdl_sweep_reclaim_long_sweep1.25_reclaim1.55_london_new_york_h4_cool4,pdl_sweep_reclaim_refined,LONG,4,60,4,"{""reclaim_max"": 1.55, ""reclaim_min"": 0.0, ""session_set"": ""london_new_york"", ""sweep_min"": 1.25}",KEEP_REFINED_WATCHLIST,15.960339,Positive but still not robust enough for promotion.,175,3.645833,110.84,0.13,0.514286,1.286549,-89.4,49.59,1.118707,-72.91,0.849456,35,141.23,2.64,3.058146,53,168.04,2.532932,14,109.22,6.295,32.842566,2,5,9,17,-33.474,0.919937,0.87,0.87
asia_high_breakout_long_close0.8_range8-35_new_york_only_h48_cool0,asia_high_breakout_refined,LONG,48,720,0,"{""asia_range_max"": 35.0, ""asia_range_min"": 8.0, ""close_above"": 0.8, ""session_set"": ""new_york_only""}",KEEP_REFINED_WATCHLIST,15.903781,Positive but still not robust enough for promotion.,285,6.06383,372.89,0.45,0.508772,1.207273,-158.07,273.14,1.147769,73.64,1.03776,57,302.82,2.09,1.824606,86,329.96,1.502704,10,301.73,25.825,999.0,4,5,9,17,-174.0085,0.908947,0.855,0.855
asia_high_breakout_long_close0.8_range8-35_new_york_only_h48_cool4,asia_high_breakout_refined,LONG,48,720,4,"{""asia_range_max"": 35.0, ""asia_range_min"": 8.0, ""close_above"": 0.8, ""session_set"": ""new_york_only""}",KEEP_REFINED_WATCHLIST,15.903781,Positive but still not robust enough for promotion.,285,6.06383,372.89,0.45,0.508772,1.207273,-158.07,273.14,1.147769,73.64,1.03776,57,302.82,2.09,1.824606,86,329.96,1.502704,10,301.73,25.825,999.0,4,5,9,17,-174.0085,0.908947,0.855,0.855
pdl_sweep_reclaim_long_sweep2_reclaim2_london_new_york_h8_cool4,pdl_sweep_reclaim_refined,LONG,8,120,4,"{""reclaim_max"": 2.0, ""reclaim_min"": 0.0, ""session_set"": ""london_new_york"", ""sweep_min"": 2.0}",KEEP_REFINED_WATCHLIST,15.618452,Positive but still not robust enough for promotion.,131,2.729167,146.87,-0.16,0.496183,1.355299,-95.8,101.02,1.231114,9.32,1.019206,27,185.32,8.03,2.997844,40,166.19,2.285604,14,92.76,8.615,2.989704,4,5,7,17,-50.727,0.90747,0.9,0.9
pdl_sweep_reclaim_long_sweep1.62_reclaim1.55_london_new_york_h3_cool0,pdl_sweep_reclaim_refined,LONG,3,45,0,"{""reclaim_max"": 1.55, ""reclaim_min"": 0.0, ""session_set"": ""london_new_york"", ""sweep_min"": 1.62}",KEEP_REFINED_WATCHLIST,15.611888,Positive but still not robust enough for promotion.,157,3.413043,109.21,-0.45,0.452229,1.315663,-88.99,54.26,1.144236,-55.64,0.873778,32,126.08,0.625,2.912041,48,148.24,2.585455,16,101.62,6.095,8.681028,2,5,9,17,-24.669,0.935451,0.91,0.91
pdl_sweep_reclaim_long_sweep2_reclaim1.55_london_new_york_h4_cool0,pdl_sweep_reclaim_refined,LONG,4,60,0,"{""reclaim_max"": 1.55, ""reclaim_min"": 0.0, ""session_set"": ""london_new_york"", ""sweep_min"": 2.0}",KEEP_REFINED_WATCHLIST,15.595366,Positive but still not robust enough for promotion.,128,2.844444,88.79,0.09,0.507812,1.278688,-81.81,43.99,1.128882,-45.61,0.882856,26,129.47,4.77,2.972726,39,133.06,2.396809,14,105.53,6.295,8.457951,3,5,7,17,-48.407,0.861527,0.85,0.85
pdl_sweep_reclaim_long_sweep2_reclaim1.55_london_new_york_h3_cool0,pdl_sweep_reclaim_refined,LONG,3,45,0,"{""reclaim_max"": 1.55, ""reclaim_min"": 0.0, ""session_set"": ""london_new_york"", ""sweep_min"": 2.0}",KEEP_REFINED_WATCHLIST,15.562619,Positive but still not robust enough for promotion.,129,2.866667,79.2,-0.66,0.449612,1.262826,-82.52,34.05,1.104349,-56.25,0.8519,26,116.9,1.135,3.312104,39,108.12,2.363258,15,86.88,5.65,7.566893,2,5,7,17,-48.9195,0.86359,0.82,0.82
pdl_sweep_reclaim_long_sweep1.25_reclaim1.55_london_new_york_h3_cool0,pdl_sweep_reclaim_refined,LONG,3,45,0,"{""reclaim_max"": 1.55, ""reclaim_min"": 0.0, ""session_set"": ""london_new_york"", ""sweep_min"": 1.25}",KEEP_REFINED_WATCHLIST,15.510078,Positive but still not robust enough for promotion.,195,4.0625,112.7,-0.45,0.451282,1.279009,-100.18,44.45,1.100618,-92.05,0.823618,39,139.41,1.91,3.002442,59,197.33,3.029518,17,105.15,5.65,8.947846,2,5,9,17,-30.416,0.931958,0.88,0.88
pdl_sweep_reclaim_long_sweep1.25_reclaim1.55_london_new_york_h4_cool0,pdl_sweep_reclaim_refined,LONG,4,60,0,"{""reclaim_max"": 1.55, ""reclaim_min"": 0.0, ""session_set"": ""london_new_york"", ""sweep_min"": 1.25}",KEEP_REFINED_WATCHLIST,15.470504,Positive but still not robust enough for promotion.,189,3.9375,128.74,0.13,0.513228,1.304062,-98.1,62.59,1.136961,-69.71,0.86826,38,146.02,2.395,2.668609,57,190.38,2.508199,16,122.18,6.295,9.634629,2,5,9,17,-32.36,0.929603,0.88,0.88
pdl_sweep_reclaim_long_sweep1.62_reclaim2_london_new_york_h3_cool4,pdl_sweep_reclaim_refined,LONG,3,45,4,"{""reclaim_max"": 2.0, ""reclaim_min"": 0.0, ""session_set"": ""london_new_york"", ""sweep_min"": 1.62}",KEEP_REFINED_WATCHLIST,15.465016,Positive but still not robust enough for promotion.,166,3.387755,121.46,-0.27,0.46988,1.336305,-90.56,63.36,1.1616,-52.84,0.884835,34,124.94,0.675,2.928384,50,135.86,2.43403,15,90.2,5.65,8.003106,3,5,10,17,-25.598,0.9358,0.91,0.91
asia_high_breakout_long_close1.2_range8-35_new_york_only_h48_cool0,asia_high_breakout_refined,LONG,48,720,0,"{""asia_range_max"": 35.0, ""asia_range_min"": 8.0, ""close_above"": 1.2, ""session_set"": ""new_york_only""}",KEEP_REFINED_WATCHLIST,15.377505,Positive but still not robust enough for promotion.,282,6.0,299.01,0.225,0.507092,1.163177,-164.7,200.31,1.106461,2.91,1.001468,57,316.74,2.34,1.848987,85,312.41,1.468072,10,301.73,25.825,999.0,4,5,9,17,-165.5045,0.920348,0.845,0.845
asia_high_breakout_long_close1.2_range8-35_new_york_only_h48_cool4,asia_high_breakout_refined,LONG,48,720,4,"{""asia_range_max"": 35.0, ""asia_range_min"": 8.0, ""close_above"": 1.2, ""session_set"": ""new_york_only""}",KEEP_REFINED_WATCHLIST,15.377505,Positive but still not robust enough for promotion.,282,6.0,299.01,0.225,0.507092,1.163177,-164.7,200.31,1.106461,2.91,1.001468,57,316.74,2.34,1.848987,85,312.41,1.468072,10,301.73,25.825,999.0,4,5,9,17,-165.5045,0.920348,0.845,0.845
asia_high_breakout_long_close0.8_range4-35_london_new_york_h32_cool0,asia_high_breakout_refined,LONG,32,480,0,"{""asia_range_max"": 35.0, ""asia_range_min"": 4.0, ""close_above"": 0.8, ""session_set"": ""london_new_york""}",KEEP_REFINED_WATCHLIST,15.349745,Positive but still not robust enough for promotion.,625,12.755102,592.57,0.29,0.5024,1.183658,-191.09,373.82,1.112068,-63.68,0.982125,125,479.84,2.11,1.590594,188,578.67,1.529631,16,331.4,24.635,5.489298,3,5,9,17,36.101,1.009897,0.955,0.955
pdl_sweep_reclaim_long_sweep1.25_reclaim1.55_london_new_york_h6_cool0,pdl_sweep_reclaim_refined,LONG,6,90,0,"{""reclaim_max"": 1.55, ""reclaim_min"": 0.0, ""session_set"": ""london_new_york"", ""sweep_min"": 1.25}",KEEP_REFINED_WATCHLIST,15.233156,Positive but still not robust enough for promotion.,180,3.75,141.8,-0.27,0.472222,1.314524,-74.64,78.8,1.162662,-47.2,0.915129,36,162.71,1.435,2.538192,55,184.18,2.240687,14,121.76,6.425,8.099708,2,5,10,17,-19.807,0.963442,0.88,0.88
pdl_sweep_reclaim_long_sweep1.25_reclaim1.55_london_new_york_h3_cool4,pdl_sweep_reclaim_refined,LONG,3,45,4,"{""reclaim_max"": 1.55, ""reclaim_min"": 0.0, ""session_set"": ""london_new_york"", ""sweep_min"": 1.25}",KEEP_REFINED_WATCHLIST,15.126668,Positive but still not robust enough for promotion.,178,3.708333,105.73,-0.455,0.460674,1.291027,-89.89,43.43,1.109316,-81.17,0.827188,36,120.11,2.14,2.998835,54,173.95,2.983466,14,74.0,4.59,6.745342,2,5,8,17,-24.9105,0.934921,0.905,0.905
asia_high_breakout_long_close0.8_range4-35_new_york_only_h48_cool0,asia_high_breakout_refined,LONG,48,720,0,"{""asia_range_max"": 35.0, ""asia_range_min"": 4.0, ""close_above"": 0.8, ""session_set"": ""new_york_only""}",KEEP_REFINED_WATCHLIST,15.122399,Positive but still not robust enough for promotion.,472,9.833333,637.75,0.375,0.510593,1.237724,-204.62,472.55,1.170934,142.15,1.048462,95,305.5,1.32,1.413447,142,387.25,1.39473,10,301.73,25.825,999.0,4,5,10,17,-10.857,0.996289,0.945,0.945
asia_high_breakout_long_close0.8_range4-35_new_york_only_h48_cool4,asia_high_breakout_refined,LONG,48,720,4,"{""asia_range_max"": 35.0, ""asia_range_min"": 4.0, ""close_above"": 0.8, ""session_set"": ""new_york_only""}",KEEP_REFINED_WATCHLIST,15.122399,Positive but still not robust enough for promotion.,472,9.833333,637.75,0.375,0.510593,1.237724,-204.62,472.55,1.170934,142.15,1.048462,95,305.5,1.32,1.413447,142,387.25,1.39473,10,301.73,25.825,999.0,4,5,10,17,-10.857,0.996289,0.945,0.945
pdl_sweep_reclaim_long_sweep2_reclaim2_london_new_york_h8_cool0,pdl_sweep_reclaim_refined,LONG,8,120,0,"{""reclaim_max"": 2.0, ""reclaim_min"": 0.0, ""session_set"": ""london_new_york"", ""sweep_min"": 2.0}",KEEP_REFINED_WATCHLIST,15.010306,Positive but still not robust enough for promotion.,137,2.854167,144.38,-0.16,0.49635,1.332481,-93.04,96.43,1.210073,0.53,1.001041,28,174.28,7.915,2.678998,42,149.93,2.030234,14,92.76,8.615,2.989704,4,5,7,17,-40.486,0.920229,0.915,0.915
asia_high_breakout_long_close1.2_range4-35_london_new_york_h32_cool0,asia_high_breakout_refined,LONG,32,480,0,"{""asia_range_max"": 35.0, ""asia_range_min"": 4.0, ""close_above"": 1.2, ""session_set"": ""london_new_york""}",KEEP_REFINED_WATCHLIST,14.889556,Positive but still not robust enough for promotion.,588,12.0,564.06,-0.18,0.493197,1.182831,-197.83,358.26,1.112314,-53.34,0.984339,118,469.88,2.11,1.607323,177,524.82,1.501419,15,355.13,26.54,8.089838,3,5,10,17,10.7655,1.00328,0.955,0.955
pdl_sweep_reclaim_long_sweep1.25_reclaim2_london_new_york_h8_cool4,pdl_sweep_reclaim_refined,LONG,8,120,4,"{""reclaim_max"": 2.0, ""reclaim_min"": 0.0, ""session_set"": ""london_new_york"", ""sweep_min"": 1.25}",KEEP_REFINED_WATCHLIST,14.792173,Positive but still not robust enough for promotion.,180,3.673469,229.3,0.11,0.522222,1.434733,-121.5,166.3,1.297511,40.3,1.064578,36,176.27,3.03,2.329637,55,194.33,2.066809,15,97.56,7.8,3.092664,4,5,10,17,-3.7245,0.993918,0.945,0.945
pdl_sweep_reclaim_long_sweep1.25_reclaim1.55_london_new_york_h6_cool4,pdl_sweep_reclaim_refined,LONG,6,90,4,"{""reclaim_max"": 1.55, ""reclaim_min"": 0.0, ""session_set"": ""london_new_york"", ""sweep_min"": 1.25}",KEEP_REFINED_WATCHLIST,14.648972,Positive but still not robust enough for promotion.,171,3.5625,129.46,-0.3,0.467836,1.300818,-92.88,69.61,1.150489,-50.09,0.90575,35,149.96,1.42,2.417659,52,171.22,2.164287,14,121.76,6.425,8.099708,2,5,10,17,-70.692,0.868625,0.85,0.85
asia_high_breakout_long_close2_range8-35_new_york_only_h48_cool0,asia_high_breakout_refined,LONG,48,720,0,"{""asia_range_max"": 35.0, ""asia_range_min"": 8.0, ""close_above"": 2.0, ""session_set"": ""new_york_only""}",KEEP_REFINED_WATCHLIST,14.496982,Positive but still not robust enough for promotion.,270,6.0,264.8,-0.075,0.496296,1.149085,-213.41,170.3,1.09335,-18.7,0.990281,54,332.21,3.305,2.014072,81,309.5,1.482628,10,301.73,25.825,999.0,4,5,9,17,-346.2625,0.825282,0.76,0.76
asia_high_breakout_long_close2_range8-35_new_york_only_h48_cool4,asia_high_breakout_refined,LONG,48,720,4,"{""asia_range_max"": 35.0, ""asia_range_min"": 8.0, ""close_above"": 2.0, ""session_set"": ""new_york_only""}",KEEP_REFINED_WATCHLIST,14.496982,Positive but still not robust enough for promotion.,270,6.0,264.8,-0.075,0.496296,1.149085,-213.41,170.3,1.09335,-18.7,0.990281,54,332.21,3.305,2.014072,81,309.5,1.482628,10,301.73,25.825,999.0,4,5,9,17,-346.2625,0.825282,0.76,0.76
asia_high_breakout_long_close2_range4-35_london_new_york_h32_cool0,asia_high_breakout_refined,LONG,32,480,0,"{""asia_range_max"": 35.0, ""asia_range_min"": 4.0, ""close_above"": 2.0, ""session_set"": ""london_new_york""}",KEEP_REFINED_WATCHLIST,14.446687,Positive but still not robust enough for promotion.,536,10.938776,384.43,0.295,0.505597,1.132593,-188.55,196.83,1.065769,-178.37,0.944039,108,365.23,1.87,1.476329,161,511.44,1.531013,15,320.35,26.54,6.052042,3,5,10,17,-162.9105,0.948372,0.845,0.845
pdl_sweep_reclaim_long_sweep1.62_reclaim1.55_london_new_york_h3_cool4,pdl_sweep_reclaim_refined,LONG,3,45,4,"{""reclaim_max"": 1.55, ""reclaim_min"": 0.0, ""session_set"": ""london_new_york"", ""sweep_min"": 1.62}",KEEP_REFINED_WATCHLIST,14.446201,Positive but still not robust enough for promotion.,147,3.195652,92.63,-0.45,0.455782,1.290677,-88.26,41.18,1.118746,-61.72,0.848432,30,101.41,0.615,2.687635,45,123.77,2.431363,13,70.47,5.65,6.471273,3,5,9,17,-35.0105,0.908485,0.905,0.905
asia_high_breakout_long_close1.6_range4-35_london_new_york_h32_cool0,asia_high_breakout_refined,LONG,32,480,0,"{""asia_range_max"": 35.0, ""asia_range_min"": 4.0, ""close_above"": 1.6, ""session_set"": ""london_new_york""}",KEEP_REFINED_WATCHLIST,14.394393,Positive but still not robust enough for promotion.,565,11.530612,519.85,-0.1,0.495575,1.17356,-200.03,322.1,1.104056,-73.4,0.977771,113,405.44,1.61,1.520315,170,613.16,1.643602,15,341.81,26.54,6.390475,2,5,9,17,-184.1055,0.946626,0.9,0.9
asia_high_breakout_long_close1.2_range4-35_new_york_only_h48_cool0,asia_high_breakout_refined,LONG,48,720,0,"{""asia_range_max"": 35.0, ""asia_range_min"": 4.0, ""close_above"": 1.2, ""session_set"": ""new_york_only""}",KEEP_REFINED_WATCHLIST,14.367502,Positive but still not robust enough for promotion.,463,9.645833,520.73,0.3,0.511879,1.191947,-222.86,358.68,1.128422,34.58,1.011686,93,271.79,1.32,1.361914,139,346.22,1.346553,10,301.73,25.825,999.0,4,5,10,17,-167.612,0.944695,0.895,0.895
asia_high_breakout_long_close1.2_range4-35_new_york_only_h48_cool4,asia_high_breakout_refined,LONG,48,720,4,"{""asia_range_max"": 35.0, ""asia_range_min"": 4.0, ""close_above"": 1.2, ""session_set"": ""new_york_only""}",KEEP_REFINED_WATCHLIST,14.367502,Positive but still not robust enough for promotion.,463,9.645833,520.73,0.3,0.511879,1.191947,-222.86,358.68,1.128422,34.58,1.011686,93,271.79,1.32,1.361914,139,346.22,1.346553,10,301.73,25.825,999.0,4,5,10,17,-167.612,0.944695,0.895,0.895
asia_high_breakout_long_close1.6_range8-35_new_york_only_h48_cool0,asia_high_breakout_refined,LONG,48,720,0,"{""asia_range_max"": 35.0, ""asia_range_min"": 8.0, ""close_above"": 1.6, ""session_set"": ""new_york_only""}",KEEP_REFINED_WATCHLIST,14.161653,Positive but still not robust enough for promotion.,278,6.177778,220.33,-0.25,0.492806,1.118689,-189.0,123.03,1.064542,-71.57,0.964372,56,288.67,2.215,1.777793,84,284.72,1.42182,10,301.73,25.825,999.0,3,5,9,17,-298.252,0.860898,0.765,0.765
asia_high_breakout_long_close1.6_range8-35_new_york_only_h48_cool4,asia_high_breakout_refined,LONG,48,720,4,"{""asia_range_max"": 35.0, ""asia_range_min"": 8.0, ""close_above"": 1.6, ""session_set"": ""new_york_only""}",KEEP_REFINED_WATCHLIST,14.161653,Positive but still not robust enough for promotion.,278,6.177778,220.33,-0.25,0.492806,1.118689,-189.0,123.03,1.064542,-71.57,0.964372,56,288.67,2.215,1.777793,84,284.72,1.42182,10,301.73,25.825,999.0,3,5,9,17,-298.252,0.860898,0.765,0.765
asia_high_breakout_long_close1.6_range4-35_new_york_only_h48_cool0,asia_high_breakout_refined,LONG,48,720,0,"{""asia_range_max"": 35.0, ""asia_range_min"": 4.0, ""close_above"": 1.6, ""session_set"": ""new_york_only""}",KEEP_REFINED_WATCHLIST,13.94691,Positive but still not robust enough for promotion.,454,9.458333,415.49,0.1,0.502203,1.152223,-225.44,256.59,1.091326,-61.21,0.97943,91,297.52,1.32,1.421954,137,351.97,1.363103,10,301.73,25.825,999.0,4,5,9,17,-175.2265,0.937635,0.875,0.875
asia_high_breakout_long_close1.6_range4-35_new_york_only_h48_cool4,asia_high_breakout_refined,LONG,48,720,4,"{""asia_range_max"": 35.0, ""asia_range_min"": 4.0, ""close_above"": 1.6, ""session_set"": ""new_york_only""}",KEEP_REFINED_WATCHLIST,13.94691,Positive but still not robust enough for promotion.,454,9.458333,415.49,0.1,0.502203,1.152223,-225.44,256.59,1.091326,-61.21,0.97943,91,297.52,1.32,1.421954,137,351.97,1.363103,10,301.73,25.825,999.0,4,5,9,17,-175.2265,0.937635,0.875,0.875
asia_high_breakout_long_close0.8_range4-35_london_new_york_h32_cool4,asia_high_breakout_refined,LONG,32,480,4,"{""asia_range_max"": 35.0, ""asia_range_min"": 4.0, ""close_above"": 0.8, ""session_set"": ""london_new_york""}",KEEP_REFINED_WATCHLIST,13.897385,Positive but still not robust enough for promotion.,564,11.510204,411.56,0.22,0.503546,1.139398,-202.69,214.16,1.070194,-180.64,0.944534,113,291.59,0.11,1.356637,170,364.42,1.337639,13,280.9,26.54,5.480778,4,5,9,17,-289.5845,0.912439,0.825,0.825
pdl_sweep_reclaim_long_sweep2.5_reclaim3_london_new_york_h3_cool0,pdl_sweep_reclaim_refined,LONG,3,45,0,"{""reclaim_max"": 3.0, ""reclaim_min"": 0.0, ""session_set"": ""london_new_york"", ""sweep_min"": 2.5}",KEEP_REFINED_WATCHLIST,13.548068,Positive but still not robust enough for promotion.,128,2.723404,79.46,-0.26,0.476562,1.229859,-75.76,34.66,1.093792,-54.94,0.869514,26,99.33,4.835,2.300812,39,99.45,1.832705,20,94.41,6.095,3.219845,3,5,6,17,-92.544,0.803015,0.8,0.8
pdl_sweep_reclaim_long_sweep2.5_reclaim3_london_new_york_h6_cool0,pdl_sweep_reclaim_refined,LONG,6,90,0,"{""reclaim_max"": 3.0, ""reclaim_min"": 0.0, ""session_set"": ""london_new_york"", ""sweep_min"": 2.5}",KEEP_REFINED_WATCHLIST,13.448979,Positive but still not robust enough for promotion.,123,2.617021,117.75,0.72,0.544715,1.268138,-94.22,74.7,1.16277,-11.4,0.977267,25,116.19,8.46,1.799766,37,112.81,1.536246,18,82.51,8.43,1.827085,4,5,7,17,-117.0055,0.776344,0.82,0.82
asia_high_breakout_long_close1.2_range4-35_london_new_york_h48_cool0,asia_high_breakout_refined,LONG,48,720,0,"{""asia_range_max"": 35.0, ""asia_range_min"": 4.0, ""close_above"": 1.2, ""session_set"": ""london_new_york""}",KEEP_REFINED_WATCHLIST,13.279737,Positive but still not robust enough for promotion.,502,10.244898,400.02,0.1,0.503984,1.127963,-215.64,224.32,1.069786,-127.08,0.962599,101,342.49,0.98,1.425824,151,388.38,1.355171,11,227.06,22.73,3.448086,4,5,9,17,-313.587,0.908995,0.83,0.83
asia_high_breakout_long_close1.2_range4-35_london_new_york_h48_cool4,asia_high_breakout_refined,LONG,48,720,4,"{""asia_range_max"": 35.0, ""asia_range_min"": 4.0, ""close_above"": 1.2, ""session_set"": ""london_new_york""}",KEEP_REFINED_WATCHLIST,13.279737,Positive but still not robust enough for promotion.,502,10.244898,400.02,0.1,0.503984,1.127963,-215.64,224.32,1.069786,-127.08,0.962599,101,342.49,0.98,1.425824,151,388.38,1.355171,11,227.06,22.73,3.448086,4,5,9,17,-313.587,0.908995,0.83,0.83
asia_high_breakout_long_close1.2_range4-35_london_new_york_h32_cool4,asia_high_breakout_refined,LONG,32,480,4,"{""asia_range_max"": 35.0, ""asia_range_min"": 4.0, ""close_above"": 1.2, ""session_set"": ""london_new_york""}",KEEP_REFINED_WATCHLIST,13.18538,Positive but still not robust enough for promotion.,535,10.918367,302.01,-0.38,0.48785,1.104209,-214.73,114.76,1.038322,-259.74,0.918695,107,312.71,0.79,1.406085,161,367.47,1.355789,12,304.63,26.805,8.819045,3,5,9,17,-322.0365,0.900334,0.77,0.77
asia_high_breakout_long_close0.8_range4-35_new_york_only_h24_cool0,asia_high_breakout_refined,LONG,24,360,0,"{""asia_range_max"": 35.0, ""asia_range_min"": 4.0, ""close_above"": 0.8, ""session_set"": ""new_york_only""}",KEEP_REFINED_WATCHLIST,13.120774,Positive but still not robust enough for promotion.,472,9.833333,251.72,0.1,0.502119,1.100828,-205.86,86.52,1.033541,-243.88,0.911408,95,163.59,2.08,1.223995,142,202.43,1.212409,10,249.29,24.455,14.652245,3,5,9,17,-298.2185,0.8925,0.79,0.79
asia_high_breakout_long_close0.8_range4-35_new_york_only_h24_cool4,asia_high_breakout_refined,LONG,24,360,4,"{""asia_range_max"": 35.0, ""asia_range_min"": 4.0, ""close_above"": 0.8, ""session_set"": ""new_york_only""}",KEEP_REFINED_WATCHLIST,13.120774,Positive but still not robust enough for promotion.,472,9.833333,251.72,0.1,0.502119,1.100828,-205.86,86.52,1.033541,-243.88,0.911408,95,163.59,2.08,1.223995,142,202.43,1.212409,10,249.29,24.455,14.652245,3,5,9,17,-298.2185,0.8925,0.79,0.79
asia_high_breakout_long_close2_range4-35_london_new_york_h24_cool0,asia_high_breakout_refined,LONG,24,360,0,"{""asia_range_max"": 35.0, ""asia_range_min"": 4.0, ""close_above"": 2.0, ""session_set"": ""london_new_york""}",KEEP_REFINED_WATCHLIST,12.992137,Positive but still not robust enough for promotion.,657,13.408163,358.91,-0.22,0.493151,1.116543,-190.74,128.96,1.040331,-330.94,0.90391,132,262.96,0.765,1.291204,198,308.82,1.271952,17,214.98,12.04,3.916961,3,5,9,17,-201.979,0.94075,0.87,0.87
pdl_sweep_reclaim_long_sweep2.5_reclaim3_london_new_york_h6_cool4,pdl_sweep_reclaim_refined,LONG,6,90,4,"{""reclaim_max"": 3.0, ""reclaim_min"": 0.0, ""session_set"": ""london_new_york"", ""sweep_min"": 2.5}",KEEP_REFINED_WATCHLIST,12.942782,Positive but still not robust enough for promotion.,120,2.553191,109.82,0.87,0.55,1.252489,-94.22,67.82,1.14937,-16.18,0.967325,24,104.07,8.43,1.716341,36,99.88,1.472961,17,70.39,8.4,1.705593,4,5,7,17,-159.051,0.750224,0.765,0.765
asia_high_breakout_long_close1.6_range4-35_london_new_york_h48_cool0,asia_high_breakout_refined,LONG,48,720,0,"{""asia_range_max"": 35.0, ""asia_range_min"": 4.0, ""close_above"": 1.6, ""session_set"": ""london_new_york""}",KEEP_REFINED_WATCHLIST,12.942751,Positive but still not robust enough for promotion.,491,10.020408,314.45,0.14,0.507128,1.100398,-242.36,142.6,1.044309,-201.1,0.940841,99,318.11,0.98,1.388512,148,375.17,1.34561,11,226.21,22.73,3.416774,3,5,9,17,-367.0615,0.899321,0.83,0.83
asia_high_breakout_long_close1.6_range4-35_london_new_york_h48_cool4,asia_high_breakout_refined,LONG,48,720,4,"{""asia_range_max"": 35.0, ""asia_range_min"": 4.0, ""close_above"": 1.6, ""session_set"": ""london_new_york""}",KEEP_REFINED_WATCHLIST,12.942751,Positive but still not robust enough for promotion.,491,10.020408,314.45,0.14,0.507128,1.100398,-242.36,142.6,1.044309,-201.1,0.940841,99,318.11,0.98,1.388512,148,375.17,1.34561,11,226.21,22.73,3.416774,3,5,9,17,-367.0615,0.899321,0.83,0.83
pdl_sweep_reclaim_long_sweep1.62_reclaim3_london_new_york_h6_cool0,pdl_sweep_reclaim_refined,LONG,6,90,0,"{""reclaim_max"": 3.0, ""reclaim_min"": 0.0, ""session_set"": ""london_new_york"", ""sweep_min"": 1.62}",KEEP_REFINED_WATCHLIST,12.89206,Positive but still not robust enough for promotion.,192,3.918367,136.74,0.405,0.520833,1.227703,-94.22,69.54,1.109846,-64.86,0.907847,39,121.38,4.45,1.543209,58,118.94,1.427596,20,117.51,9.05,2.151269,4,5,11,17,-141.339,0.809781,0.79,0.79
asia_high_breakout_long_close1.2_range4-35_london_new_york_h24_cool4,asia_high_breakout_refined,LONG,24,360,4,"{""asia_range_max"": 35.0, ""asia_range_min"": 4.0, ""close_above"": 1.2, ""session_set"": ""london_new_york""}",KEEP_REFINED_WATCHLIST,12.680071,Positive but still not robust enough for promotion.,661,13.489796,388.01,0.0,0.497731,1.133672,-182.78,156.66,1.05185,-306.04,0.906439,133,240.61,0.12,1.262011,199,301.17,1.267234,16,200.16,5.64,3.879171,4,5,9,17,-215.6895,0.933575,0.855,0.855
pdl_sweep_reclaim_long_sweep2_reclaim1.55_london_new_york_h3_cool4,pdl_sweep_reclaim_refined,LONG,3,45,4,"{""reclaim_max"": 1.55, ""reclaim_min"": 0.0, ""session_set"": ""london_new_york"", ""sweep_min"": 2.0}",KEEP_REFINED_WATCHLIST,12.654415,Positive but still not robust enough for promotion.,122,2.711111,56.55,-0.69,0.45082,1.199492,-84.49,13.85,1.045108,-71.55,0.799994,25,79.55,-0.22,2.410211,37,96.74,2.386357,12,55.73,3.325,5.326863,2,5,8,17,-65.994,0.806457,0.765,0.765
pdl_sweep_reclaim_long_sweep1.25_reclaim2_london_new_york_h8_cool0,pdl_sweep_reclaim_refined,LONG,8,120,0,"{""reclaim_max"": 2.0, ""reclaim_min"": 0.0, ""session_set"": ""london_new_york"", ""sweep_min"": 1.25}",KEEP_REFINED_WATCHLIST,12.564406,Positive but still not robust enough for promotion.,194,3.959184,182.63,0.04,0.510309,1.304546,-114.0,114.73,1.180862,-21.07,0.970167,39,133.61,2.02,1.762484,59,169.9,1.810669,16,67.04,6.3,1.869069,4,5,10,17,-25.926,0.960496,0.935,0.935
asia_high_breakout_long_close1.6_range4-35_london_new_york_h24_cool4,asia_high_breakout_refined,LONG,24,360,4,"{""asia_range_max"": 35.0, ""asia_range_min"": 4.0, ""close_above"": 1.6, ""session_set"": ""london_new_york""}",KEEP_REFINED_WATCHLIST,12.535483,Positive but still not robust enough for promotion.,634,12.938776,341.67,-0.145,0.492114,1.117307,-186.84,119.77,1.039563,-324.03,0.900793,127,216.01,0.21,1.234081,191,290.3,1.260212,16,197.37,5.64,3.729498,4,5,9,17,-183.1395,0.942679,0.865,0.865
asia_high_breakout_long_close0.8_range4-35_new_york_only_h32_cool0,asia_high_breakout_refined,LONG,32,480,0,"{""asia_range_max"": 35.0, ""asia_range_min"": 4.0, ""close_above"": 0.8, ""session_set"": ""new_york_only""}",KEEP_REFINED_WATCHLIST,12.531911,Positive but still not robust enough for promotion.,472,9.833333,312.57,0.155,0.502119,1.118458,-230.42,147.37,1.054151,-183.03,0.936735,95,134.84,0.95,1.171902,142,183.53,1.182766,10,219.77,31.145,8.014682,4,5,10,17,-230.76,0.921654,0.825,0.825
asia_high_breakout_long_close0.8_range4-35_new_york_only_h32_cool4,asia_high_breakout_refined,LONG,32,480,4,"{""asia_range_max"": 35.0, ""asia_range_min"": 4.0, ""close_above"": 0.8, ""session_set"": ""new_york_only""}",KEEP_REFINED_WATCHLIST,12.531911,Positive but still not robust enough for promotion.,472,9.833333,312.57,0.155,0.502119,1.118458,-230.42,147.37,1.054151,-183.03,0.936735,95,134.84,0.95,1.171902,142,183.53,1.182766,10,219.77,31.145,8.014682,4,5,10,17,-230.76,0.921654,0.825,0.825
pdl_sweep_reclaim_long_sweep1.62_reclaim2_london_new_york_h8_cool0,pdl_sweep_reclaim_refined,LONG,8,120,0,"{""reclaim_max"": 2.0, ""reclaim_min"": 0.0, ""session_set"": ""london_new_york"", ""sweep_min"": 1.62}",KEEP_REFINED_WATCHLIST,12.294257,Positive but still not robust enough for promotion.,163,3.326531,155.16,0.03,0.503067,1.300436,-89.56,98.11,1.179876,-15.99,0.973536,33,116.85,2.03,1.724741,49,118.07,1.596976,15,62.24,7.8,1.806845,4,5,9,17,-68.6335,0.891408,0.88,0.88
pdl_sweep_reclaim_long_sweep1.62_reclaim1.55_london_new_york_h8_cool4,pdl_sweep_reclaim_refined,LONG,8,120,4,"{""reclaim_max"": 1.55, ""reclaim_min"": 0.0, ""session_set"": ""london_new_york"", ""sweep_min"": 1.62}",KEEP_REFINED_WATCHLIST,12.258479,Positive but still not robust enough for promotion.,138,3.0,111.37,-0.065,0.5,1.25792,-84.53,63.07,1.138136,-33.53,0.933862,28,106.87,0.825,1.847368,42,139.18,1.93958,12,70.97,6.73,2.522308,4,5,6,17,-76.037,0.859254,0.815,0.815
asia_high_breakout_long_close0.8_range4-35_london_new_york_h48_cool0,asia_high_breakout_refined,LONG,48,720,0,"{""asia_range_max"": 35.0, ""asia_range_min"": 4.0, ""close_above"": 0.8, ""session_set"": ""london_new_york""}",KEEP_REFINED_WATCHLIST,12.194181,Positive but still not robust enough for promotion.,519,10.591837,418.8,0.06,0.50289,1.130833,-196.32,237.15,1.072036,-126.15,0.963759,104,292.28,0.715,1.337241,156,372.61,1.327264,12,174.91,21.71,2.207108,4,5,8,17,-311.5465,0.912606,0.835,0.835
asia_high_breakout_long_close0.8_range4-35_london_new_york_h48_cool4,asia_high_breakout_refined,LONG,48,720,4,"{""asia_range_max"": 35.0, ""asia_range_min"": 4.0, ""close_above"": 0.8, ""session_set"": ""london_new_york""}",KEEP_REFINED_WATCHLIST,12.194181,Positive but still not robust enough for promotion.,519,10.591837,418.8,0.06,0.50289,1.130833,-196.32,237.15,1.072036,-126.15,0.963759,104,292.28,0.715,1.337241,156,372.61,1.327264,12,174.91,21.71,2.207108,4,5,8,17,-311.5465,0.912606,0.835,0.835
pdl_sweep_reclaim_long_sweep1.25_reclaim1.55_london_new_york_h8_cool4,pdl_sweep_reclaim_refined,LONG,8,120,4,"{""reclaim_max"": 1.55, ""reclaim_min"": 0.0, ""session_set"": ""london_new_york"", ""sweep_min"": 1.25}",KEEP_REFINED_WATCHLIST,12.182828,Positive but still not robust enough for promotion.,166,3.458333,122.64,0.035,0.506024,1.238525,-106.52,64.54,1.118579,-51.66,0.914831,34,112.39,-0.31,1.80601,50,116.61,1.600556,13,75.77,4.8,2.625268,3,5,8,17,-101.9925,0.838349,0.835,0.835
pdl_sweep_reclaim_long_sweep1.62_reclaim3_london_new_york_h6_cool4,pdl_sweep_reclaim_refined,LONG,6,90,4,"{""reclaim_max"": 3.0, ""reclaim_min"": 0.0, ""session_set"": ""london_new_york"", ""sweep_min"": 1.62}",KEEP_REFINED_WATCHLIST,12.029406,Positive but still not robust enough for promotion.,183,3.734694,105.13,0.39,0.519126,1.178135,-94.22,41.08,1.066117,-87.02,0.873752,37,104.48,4.45,1.457784,55,101.94,1.36824,20,95.23,8.43,1.848525,4,5,10,17,-135.248,0.816144,0.775,0.775
asia_high_breakout_long_close2_range4-35_london_new_york_h24_cool4,asia_high_breakout_refined,LONG,24,360,4,"{""asia_range_max"": 35.0, ""asia_range_min"": 4.0, ""close_above"": 2.0, ""session_set"": ""london_new_york""}",KEEP_REFINED_WATCHLIST,11.937968,Positive but still not robust enough for promotion.,602,12.285714,262.09,-0.325,0.490033,1.092656,-212.67,51.39,1.017494,-370.01,0.883133,121,154.69,0.12,1.171725,181,249.63,1.230258,16,209.44,11.675,3.89762,3,5,10,17,-300.605,0.905701,0.78,0.78
asia_high_breakout_long_close0.8_range4-35_london_new_york_h24_cool4,asia_high_breakout_refined,LONG,24,360,4,"{""asia_range_max"": 35.0, ""asia_range_min"": 4.0, ""close_above"": 0.8, ""session_set"": ""london_new_york""}",KEEP_REFINED_WATCHLIST,11.760488,Positive but still not robust enough for promotion.,697,14.22449,389.06,0.05,0.502152,1.127593,-204.55,145.11,1.045718,-342.79,0.900261,140,208.9,0.165,1.212446,210,277.58,1.225274,17,175.37,-0.03,2.859506,4,5,9,17,-235.2615,0.928019,0.815,0.815
asia_high_breakout_long_close1.2_range4-35_new_york_only_h32_cool0,asia_high_breakout_refined,LONG,32,480,0,"{""asia_range_max"": 35.0, ""asia_range_min"": 4.0, ""close_above"": 1.2, ""session_set"": ""new_york_only""}",KEEP_REFINED_WATCHLIST,11.695431,Positive but still not robust enough for promotion.,463,9.645833,215.58,-0.01,0.49892,1.080321,-240.09,53.53,1.019355,-270.57,0.907787,93,122.55,1.72,1.154909,139,140.04,1.137374,10,219.77,31.145,8.014682,3,5,10,17,-443.3705,0.851956,0.75,0.75
asia_high_breakout_long_close1.2_range4-35_new_york_only_h32_cool4,asia_high_breakout_refined,LONG,32,480,4,"{""asia_range_max"": 35.0, ""asia_range_min"": 4.0, ""close_above"": 1.2, ""session_set"": ""new_york_only""}",KEEP_REFINED_WATCHLIST,11.695431,Positive but still not robust enough for promotion.,463,9.645833,215.58,-0.01,0.49892,1.080321,-240.09,53.53,1.019355,-270.57,0.907787,93,122.55,1.72,1.154909,139,140.04,1.137374,10,219.77,31.145,8.014682,3,5,10,17,-443.3705,0.851956,0.75,0.75
asia_high_breakout_long_close0.8_range4-35_london_new_york_h24_cool0,asia_high_breakout_refined,LONG,24,360,0,"{""asia_range_max"": 35.0, ""asia_range_min"": 4.0, ""close_above"": 0.8, ""session_set"": ""london_new_york""}",KEEP_REFINED_WATCHLIST,11.433428,Positive but still not robust enough for promotion.,759,15.489796,285.53,-0.22,0.484848,1.082866,-238.5,19.88,1.005543,-511.42,0.868196,152,238.37,0.105,1.232665,228,312.87,1.243401,18,197.85,7.46,3.06675,2,5,9,17,-297.7485,0.916177,0.75,0.75
pdl_sweep_reclaim_long_sweep1.62_reclaim1.55_london_new_york_h8_cool0,pdl_sweep_reclaim_refined,LONG,8,120,0,"{""reclaim_max"": 1.55, ""reclaim_min"": 0.0, ""session_set"": ""london_new_york"", ""sweep_min"": 1.62}",KEEP_REFINED_WATCHLIST,10.399306,Positive but still not robust enough for promotion.,145,3.152174,78.05,-0.19,0.489655,1.164209,-87.26,27.3,1.0544,-74.2,0.866482,29,76.35,-0.37,1.487423,44,93.0,1.491647,13,40.45,4.03,1.524371,4,5,6,17,-105.033,0.816868,0.77,0.77
asia_high_breakout_long_close0.8_range4-25_london_new_york_h24_cool4,asia_high_breakout_refined,LONG,24,360,4,"{""asia_range_max"": 25.0, ""asia_range_min"": 4.0, ""close_above"": 0.8, ""session_set"": ""london_new_york""}",KEEP_REFINED_WATCHLIST,9.710892,Positive but still not robust enough for promotion.,640,14.545455,393.11,0.075,0.50625,1.155522,-173.07,169.11,1.064018,-278.89,0.903221,128,309.11,1.47,1.524538,192,178.57,1.191137,0,0.0,0.0,0.0,3,4,7,15,-141.947,0.949042,0.905,0.905
asia_high_breakout_long_close0.8_range4-25_london_new_york_h32_cool0,asia_high_breakout_refined,LONG,32,480,0,"{""asia_range_max"": 25.0, ""asia_range_min"": 4.0, ""close_above"": 0.8, ""session_set"": ""london_new_york""}",KEEP_REFINED_WATCHLIST,9.667756,Positive but still not robust enough for promotion.,573,13.022727,383.24,0.15,0.500873,1.137041,-191.09,182.69,1.063063,-218.41,0.929686,115,355.89,3.25,1.599525,172,299.28,1.335546,0,0.0,0.0,0.0,2,4,8,15,-180.7705,0.940634,0.885,0.885
asia_high_breakout_long_close1.2_range4-25_london_new_york_h24_cool4,asia_high_breakout_refined,LONG,24,360,4,"{""asia_range_max"": 25.0, ""asia_range_min"": 4.0, ""close_above"": 1.2, ""session_set"": ""london_new_york""}",KEEP_REFINED_WATCHLIST,9.630624,Positive but still not robust enough for promotion.,605,13.75,370.32,0.06,0.502479,1.154151,-160.36,158.57,1.063172,-264.93,0.903228,121,312.64,0.54,1.569752,182,215.24,1.255069,0,0.0,0.0,0.0,3,4,7,15,-166.9345,0.933951,0.855,0.855
asia_high_breakout_long_close1.2_range4-25_london_new_york_h32_cool0,asia_high_breakout_refined,LONG,32,480,0,"{""asia_range_max"": 25.0, ""asia_range_min"": 4.0, ""close_above"": 1.2, ""session_set"": ""london_new_york""}",KEEP_REFINED_WATCHLIST,9.451121,Positive but still not robust enough for promotion.,539,12.25,362.18,-0.15,0.493506,1.135446,-197.83,173.53,1.062648,-203.77,0.931358,108,361.16,4.295,1.659183,162,259.9,1.300859,0,0.0,0.0,0.0,3,4,9,15,-207.494,0.930859,0.875,0.875
asia_high_breakout_long_close0.8_range4-25_london_new_york_h32_cool4,asia_high_breakout_refined,LONG,32,480,4,"{""asia_range_max"": 25.0, ""asia_range_min"": 4.0, ""close_above"": 0.8, ""session_set"": ""london_new_york""}",KEEP_REFINED_WATCHLIST,9.214773,Positive but still not robust enough for promotion.,518,11.772727,332.84,0.32,0.507722,1.13373,-202.69,151.54,1.058766,-211.06,0.923723,104,254.12,2.91,1.448833,156,245.23,1.29193,0,0.0,0.0,0.0,3,4,7,15,-233.708,0.915845,0.825,0.825
asia_high_breakout_long_close0.8_range4-25_london_only_h24_cool0,asia_high_breakout_refined,LONG,24,360,0,"{""asia_range_max"": 25.0, ""asia_range_min"": 4.0, ""close_above"": 0.8, ""session_set"": ""london_only""}",KEEP_REFINED_WATCHLIST,9.198833,Positive but still not robust enough for promotion.,334,7.590909,117.71,-0.255,0.479042,1.110107,-112.8,0.81,1.000715,-232.99,0.815817,67,141.4,0.09,1.516756,101,129.91,1.338907,0,0.0,0.0,0.0,2,4,8,15,-174.0505,0.854182,0.755,0.755
asia_high_breakout_long_close0.8_range4-25_london_only_h24_cool4,asia_high_breakout_refined,LONG,24,360,4,"{""asia_range_max"": 25.0, ""asia_range_min"": 4.0, ""close_above"": 0.8, ""session_set"": ""london_only""}",KEEP_REFINED_WATCHLIST,9.198833,Positive but still not robust enough for promotion.,334,7.590909,117.71,-0.255,0.479042,1.110107,-112.8,0.81,1.000715,-232.99,0.815817,67,141.4,0.09,1.516756,101,129.91,1.338907,0,0.0,0.0,0.0,2,4,8,15,-174.0505,0.854182,0.755,0.755
asia_high_breakout_long_close1.6_range4-25_london_new_york_h24_cool4,asia_high_breakout_refined,LONG,24,360,4,"{""asia_range_max"": 25.0, ""asia_range_min"": 4.0, ""close_above"": 1.6, ""session_set"": ""london_new_york""}",KEEP_REFINED_WATCHLIST,9.171033,Positive but still not robust enough for promotion.,579,13.159091,326.57,-0.12,0.495682,1.135571,-170.19,123.92,1.04931,-281.38,0.896951,116,286.59,0.48,1.516285,174,193.41,1.230192,0,0.0,0.0,0.0,3,4,7,15,-183.065,0.931332,0.83,0.83
asia_high_breakout_long_close2_range4-25_london_new_york_h24_cool0,asia_high_breakout_refined,LONG,24,360,0,"{""asia_range_max"": 25.0, ""asia_range_min"": 4.0, ""close_above"": 2.0, ""session_set"": ""london_new_york""}",KEEP_REFINED_WATCHLIST,8.985551,Positive but still not robust enough for promotion.,601,13.659091,298.54,-0.3,0.490849,1.114554,-162.02,88.19,1.032488,-332.51,0.886941,121,251.8,0.12,1.421028,181,179.1,1.203534,0,0.0,0.0,0.0,2,4,8,15,-173.5175,0.937709,0.83,0.83
asia_high_breakout_long_close1.6_range4-25_london_new_york_h32_cool0,asia_high_breakout_refined,LONG,32,480,0,"{""asia_range_max"": 25.0, ""asia_range_min"": 4.0, ""close_above"": 1.6, ""session_set"": ""london_new_york""}",KEEP_REFINED_WATCHLIST,8.969252,Positive but still not robust enough for promotion.,517,11.75,314.08,-0.1,0.495164,1.121645,-200.03,133.13,1.049791,-228.77,0.920109,104,337.22,3.135,1.635617,156,283.9,1.345979,0,0.0,0.0,0.0,2,4,8,15,-257.714,0.906688,0.8,0.8
asia_high_breakout_long_close0.8_range4-25_new_york_only_h48_cool0,asia_high_breakout_refined,LONG,48,720,0,"{""asia_range_max"": 25.0, ""asia_range_min"": 4.0, ""close_above"": 0.8, ""session_set"": ""new_york_only""}",KEEP_REFINED_WATCHLIST,8.771665,Positive but still not robust enough for promotion.,435,10.116279,371.3,0.06,0.501149,1.155082,-204.62,219.05,1.088644,-85.45,0.967495,87,192.4,2.34,1.360793,131,126.71,1.148571,0,0.0,0.0,0.0,3,4,7,15,-260.5195,0.899509,0.84,0.84
asia_high_breakout_long_close0.8_range4-25_new_york_only_h48_cool4,asia_high_breakout_refined,LONG,48,720,4,"{""asia_range_max"": 25.0, ""asia_range_min"": 4.0, ""close_above"": 0.8, ""session_set"": ""new_york_only""}",KEEP_REFINED_WATCHLIST,8.771665,Positive but still not robust enough for promotion.,435,10.116279,371.3,0.06,0.501149,1.155082,-204.62,219.05,1.088644,-85.45,0.967495,87,192.4,2.34,1.360793,131,126.71,1.148571,0,0.0,0.0,0.0,3,4,7,15,-260.5195,0.899509,0.84,0.84
asia_high_breakout_long_close2_range4-25_london_new_york_h24_cool4,asia_high_breakout_refined,LONG,24,360,4,"{""asia_range_max"": 25.0, ""asia_range_min"": 4.0, ""close_above"": 2.0, ""session_set"": ""london_new_york""}",KEEP_REFINED_WATCHLIST,8.684434,Positive but still not robust enough for promotion.,547,12.431818,250.44,-0.22,0.491773,1.10826,-202.59,58.99,1.024455,-323.91,0.876367,110,246.72,0.895,1.461452,165,175.15,1.224981,0,0.0,0.0,0.0,2,4,8,15,-230.6995,0.908422,0.825,0.825
asia_high_breakout_long_close0.8_range4-25_london_new_york_h48_cool0,asia_high_breakout_refined,LONG,48,720,0,"{""asia_range_max"": 25.0, ""asia_range_min"": 4.0, ""close_above"": 0.8, ""session_set"": ""london_new_york""}",KEEP_REFINED_WATCHLIST,8.446463,Positive but still not robust enough for promotion.,477,10.840909,276.3,-0.16,0.496855,1.100711,-196.32,109.35,1.038663,-224.55,0.925245,96,232.94,1.285,1.390165,144,245.25,1.269018,0,0.0,0.0,0.0,3,4,7,15,-239.782,0.922029,0.8,0.8
asia_high_breakout_long_close0.8_range4-25_london_new_york_h48_cool4,asia_high_breakout_refined,LONG,48,720,4,"{""asia_range_max"": 25.0, ""asia_range_min"": 4.0, ""close_above"": 0.8, ""session_set"": ""london_new_york""}",KEEP_REFINED_WATCHLIST,8.446463,Positive but still not robust enough for promotion.,477,10.840909,276.3,-0.16,0.496855,1.100711,-196.32,109.35,1.038663,-224.55,0.925245,96,232.94,1.285,1.390165,144,245.25,1.269018,0,0.0,0.0,0.0,3,4,7,15,-239.782,0.922029,0.8,0.8
asia_high_breakout_long_close1.2_range4-25_london_new_york_h32_cool4,asia_high_breakout_refined,LONG,32,480,4,"{""asia_range_max"": 25.0, ""asia_range_min"": 4.0, ""close_above"": 1.2, ""session_set"": ""london_new_york""}",KEEP_REFINED_WATCHLIST,8.327281,Positive but still not robust enough for promotion.,490,11.136364,210.05,-0.265,0.491837,1.085616,-214.73,38.55,1.01517,-304.45,0.888221,98,262.31,3.135,1.492425,147,204.85,1.255657,0,0.0,0.0,0.0,2,4,7,15,-267.9365,0.903792,0.775,0.775
asia_high_breakout_long_close1.2_range4-25_new_york_only_h48_cool0,asia_high_breakout_refined,LONG,48,720,0,"{""asia_range_max"": 25.0, ""asia_range_min"": 4.0, ""close_above"": 1.2, ""session_set"": ""new_york_only""}",KEEP_REFINED_WATCHLIST,8.232804,Positive but still not robust enough for promotion.,426,9.906977,279.72,0.1,0.502347,1.116569,-222.86,130.62,1.05278,-167.58,0.936277,86,189.62,2.395,1.357632,128,115.83,1.136486,0,0.0,0.0,0.0,3,4,7,15,-290.749,0.886501,0.775,0.775
asia_high_breakout_long_close1.2_range4-25_new_york_only_h48_cool4,asia_high_breakout_refined,LONG,48,720,4,"{""asia_range_max"": 25.0, ""asia_range_min"": 4.0, ""close_above"": 1.2, ""session_set"": ""new_york_only""}",KEEP_REFINED_WATCHLIST,8.232804,Positive but still not robust enough for promotion.,426,9.906977,279.72,0.1,0.502347,1.116569,-222.86,130.62,1.05278,-167.58,0.936277,86,189.62,2.395,1.357632,128,115.83,1.136486,0,0.0,0.0,0.0,3,4,7,15,-290.749,0.886501,0.775,0.775
asia_high_breakout_long_close0.8_range4-25_london_new_york_h24_cool0,asia_high_breakout_refined,LONG,24,360,0,"{""asia_range_max"": 25.0, ""asia_range_min"": 4.0, ""close_above"": 0.8, ""session_set"": ""london_new_york""}",KEEP_REFINED_WATCHLIST,7.936782,Positive but still not robust enough for promotion.,700,15.909091,242.71,-0.19,0.485714,1.082375,-250.09,-2.29,0.999256,-492.29,0.852957,140,321.13,1.47,1.48687,211,285.84,1.293046,0,0.0,0.0,0.0,1,4,7,15,-298.5085,0.905479,0.76,0.76
pdl_sweep_reclaim_long_sweep2.5_reclaim1.55_london_new_york_h6_cool4,pdl_sweep_reclaim_refined,LONG,6,90,4,"{""reclaim_max"": 1.55, ""reclaim_min"": 0.0, ""session_set"": ""london_new_york"", ""sweep_min"": 2.5}",REJECT_REFINED_VARIANT,23.290797,Refinement did not preserve enough robust edge.,88,2.2,168.98,0.66,0.534091,1.744799,-38.88,138.18,1.572364,76.58,1.281358,18,201.73,9.325,8.373173,27,180.08,3.353679,12,128.27,6.62,22.964041,4,5,8,17,30.0625,1.103034,0.965,0.965
pdl_sweep_reclaim_long_sweep2.5_reclaim1.55_london_new_york_h6_cool0,pdl_sweep_reclaim_refined,LONG,6,90,0,"{""reclaim_max"": 1.55, ""reclaim_min"": 0.0, ""session_set"": ""london_new_york"", ""sweep_min"": 2.5}",REJECT_REFINED_VARIANT,23.055845,Refinement did not preserve enough robust edge.,90,2.25,163.98,0.55,0.522222,1.707176,-39.73,132.48,1.536096,69.48,1.248783,18,201.73,9.325,8.373173,28,184.01,3.405045,12,128.27,6.62,22.964041,4,5,8,17,20.3075,1.07415,0.975,0.975
pdl_sweep_reclaim_long_sweep3_reclaim2_london_new_york_h6_cool4,pdl_sweep_reclaim_refined,LONG,6,90,4,"{""reclaim_max"": 2.0, ""reclaim_min"": 0.0, ""session_set"": ""london_new_york"", ""sweep_min"": 3.0}",REJECT_REFINED_VARIANT,22.56919,Refinement did not preserve enough robust edge.,84,2.0,165.63,0.55,0.52381,1.69648,-66.39,136.23,1.540595,77.43,1.274545,17,206.05,10.25,10.619514,26,154.28,2.766835,12,126.65,8.43,22.686644,4,5,8,17,-2.317,0.993138,0.935,0.935
pdl_sweep_reclaim_long_sweep3_reclaim2_london_new_york_h6_cool0,pdl_sweep_reclaim_refined,LONG,6,90,0,"{""reclaim_max"": 2.0, ""reclaim_min"": 0.0, ""session_set"": ""london_new_york"", ""sweep_min"": 3.0}",REJECT_REFINED_VARIANT,22.418089,Refinement did not preserve enough robust edge.,85,2.02381,162.02,0.5,0.517647,1.671113,-66.39,132.27,1.51676,72.77,1.253828,17,206.05,10.25,10.619514,26,154.28,2.766835,12,126.65,8.43,22.686644,4,5,8,17,-10.006,0.969768,0.935,0.935
pdl_sweep_reclaim_long_sweep2.5_reclaim1.55_london_new_york_h4_cool4,pdl_sweep_reclaim_refined,LONG,4,60,4,"{""reclaim_max"": 1.55, ""reclaim_min"": 0.0, ""session_set"": ""london_new_york"", ""sweep_min"": 2.5}",REJECT_REFINED_VARIANT,21.409351,Refinement did not preserve enough robust edge.,89,2.225,100.75,0.69,0.516854,1.448256,-64.37,69.6,1.290133,7.3,1.026905,18,141.14,6.605,5.973221,27,130.01,2.939001,12,99.55,6.295,64.814103,3,5,8,17,-18.3485,0.927629,0.915,0.915
pdl_sweep_reclaim_long_sweep2.5_reclaim1.55_london_new_york_h4_cool0,pdl_sweep_reclaim_refined,LONG,4,60,0,"{""reclaim_max"": 1.55, ""reclaim_min"": 0.0, ""session_set"": ""london_new_york"", ""sweep_min"": 2.5}",REJECT_REFINED_VARIANT,20.962177,Refinement did not preserve enough robust edge.,94,2.35,121.49,0.765,0.521277,1.498932,-58.73,88.59,1.341611,22.79,1.078005,19,132.59,6.31,4.391049,29,144.61,2.899514,14,112.51,6.295,10.162052,3,5,8,17,0.7725,1.002864,0.955,0.955
pdl_sweep_reclaim_long_sweep3_reclaim2_london_new_york_h4_cool0,pdl_sweep_reclaim_refined,LONG,4,60,0,"{""reclaim_max"": 2.0, ""reclaim_min"": 0.0, ""session_set"": ""london_new_york"", ""sweep_min"": 3.0}",REJECT_REFINED_VARIANT,20.257923,Refinement did not preserve enough robust edge.,88,2.095238,93.35,0.01,0.5,1.364791,-76.83,62.55,1.230395,0.95,1.003129,18,144.36,7.365,5.37322,27,109.91,2.221765,14,118.19,8.48,10.624593,2,5,10,17,-27.8175,0.904246,0.885,0.885
pdl_sweep_reclaim_long_sweep3_reclaim2_london_new_york_h3_cool0,pdl_sweep_reclaim_refined,LONG,3,45,0,"{""reclaim_max"": 2.0, ""reclaim_min"": 0.0, ""session_set"": ""london_new_york"", ""sweep_min"": 3.0}",REJECT_REFINED_VARIANT,20.038952,Refinement did not preserve enough robust edge.,88,2.095238,85.31,-0.325,0.465909,1.370784,-64.92,54.51,1.221019,-7.09,0.974878,18,123.84,7.735,5.407117,27,105.42,2.502566,14,103.38,7.735,11.538226,2,5,8,17,-27.0605,0.917552,0.88,0.88
pdl_sweep_reclaim_long_sweep2.5_reclaim1.55_london_new_york_h3_cool0,pdl_sweep_reclaim_refined,LONG,3,45,0,"{""reclaim_max"": 1.55, ""reclaim_min"": 0.0, ""session_set"": ""london_new_york"", ""sweep_min"": 2.5}",REJECT_REFINED_VARIANT,19.724365,Refinement did not preserve enough robust edge.,94,2.35,100.74,-0.325,0.468085,1.4419,-73.66,67.84,1.276233,2.04,1.007183,19,110.54,5.65,4.903249,29,123.64,3.195702,14,90.3,6.095,10.204893,2,5,6,17,-23.624,0.902357,0.88,0.88
pdl_sweep_reclaim_long_sweep3_reclaim2_london_new_york_h4_cool4,pdl_sweep_reclaim_refined,LONG,4,60,4,"{""reclaim_max"": 2.0, ""reclaim_min"": 0.0, ""session_set"": ""london_new_york"", ""sweep_min"": 3.0}",REJECT_REFINED_VARIANT,19.567273,Refinement did not preserve enough robust edge.,84,2.0,80.18,0.01,0.5,1.329891,-77.04,50.78,1.196867,-8.02,0.972217,17,152.91,7.83,7.860027,26,106.97,2.34995,12,105.23,8.48,68.455128,2,5,10,17,-69.2845,0.763593,0.82,0.82
pdl_sweep_reclaim_long_sweep2.5_reclaim1.55_london_new_york_h3_cool4,pdl_sweep_reclaim_refined,LONG,3,45,4,"{""reclaim_max"": 1.55, ""reclaim_min"": 0.0, ""session_set"": ""london_new_york"", ""sweep_min"": 2.5}",REJECT_REFINED_VARIANT,19.091014,Refinement did not preserve enough robust edge.,90,2.25,78.68,-0.36,0.466667,1.36019,-82.68,47.18,1.200459,-15.82,0.941919,18,111.71,6.095,4.993922,28,106.58,2.940288,12,68.08,6.095,8.196617,2,5,6,17,-26.163,0.909709,0.87,0.87
pdl_sweep_reclaim_long_sweep3_reclaim2_london_new_york_h3_cool4,pdl_sweep_reclaim_refined,LONG,3,45,4,"{""reclaim_max"": 2.0, ""reclaim_min"": 0.0, ""session_set"": ""london_new_york"", ""sweep_min"": 3.0}",REJECT_REFINED_VARIANT,18.961078,Refinement did not preserve enough robust edge.,85,2.02381,63.29,-0.66,0.470588,1.275737,-64.72,33.54,1.136686,-25.96,0.907143,17,125.01,8.93,5.504865,26,92.77,2.328893,12,81.16,7.735,9.579281,2,5,8,17,-57.5105,0.810131,0.81,0.81
pdl_sweep_reclaim_long_sweep3_reclaim2_london_new_york_h8_cool0,pdl_sweep_reclaim_refined,LONG,8,120,0,"{""reclaim_max"": 2.0, ""reclaim_min"": 0.0, ""session_set"": ""london_new_york"", ""sweep_min"": 3.0}",REJECT_REFINED_VARIANT,15.179499,Refinement did not preserve enough robust edge.,84,2.0,90.9,0.035,0.511905,1.291253,-97.53,61.5,1.188027,2.7,1.007559,17,152.16,7.8,3.429895,26,103.91,1.906403,12,62.81,4.095,2.347276,4,5,8,17,-98.5675,0.748165,0.79,0.79
pdl_sweep_reclaim_long_sweep3_reclaim2_london_new_york_h8_cool4,pdl_sweep_reclaim_refined,LONG,8,120,4,"{""reclaim_max"": 2.0, ""reclaim_min"": 0.0, ""session_set"": ""london_new_york"", ""sweep_min"": 3.0}",REJECT_REFINED_VARIANT,15.179499,Refinement did not preserve enough robust edge.,84,2.0,90.9,0.035,0.511905,1.291253,-97.53,61.5,1.188027,2.7,1.007559,17,152.16,7.8,3.429895,26,103.91,1.906403,12,62.81,4.095,2.347276,4,5,8,17,-98.5675,0.748165,0.79,0.79
pdl_sweep_reclaim_long_sweep1.25_reclaim2_new_york_only_h4_cool0,pdl_sweep_reclaim_refined,LONG,4,60,0,"{""reclaim_max"": 2.0, ""reclaim_min"": 0.0, ""session_set"": ""new_york_only"", ""sweep_min"": 1.25}",REJECT_REFINED_VARIANT,14.726954,Refinement did not preserve enough robust edge.,112,2.545455,40.4,-0.48,0.464286,1.126424,-94.2,1.2,1.003516,-77.2,0.800078,23,127.14,6.9,3.709141,34,84.5,1.767763,7,69.47,11.64,45.532051,4,5,9,17,-82.2205,0.772936,0.665,0.665
pdl_sweep_reclaim_long_sweep1.62_reclaim2_new_york_only_h6_cool4,pdl_sweep_reclaim_refined,LONG,6,90,4,"{""reclaim_max"": 2.0, ""reclaim_min"": 0.0, ""session_set"": ""new_york_only"", ""sweep_min"": 1.62}",REJECT_REFINED_VARIANT,14.560383,Refinement did not preserve enough robust edge.,87,2.230769,74.58,-0.76,0.45977,1.293322,-77.29,44.13,1.162901,-16.77,0.944982,18,106.52,7.17,3.16945,27,65.53,1.622613,5,54.28,10.25,6.34252,4,5,7,17,-59.293,0.803564,0.78,0.78
pdl_sweep_reclaim_long_sweep2.5_reclaim1.55_london_new_york_h8_cool4,pdl_sweep_reclaim_refined,LONG,8,120,4,"{""reclaim_max"": 1.55, ""reclaim_min"": 0.0, ""session_set"": ""london_new_york"", ""sweep_min"": 2.5}",REJECT_REFINED_VARIANT,14.479013,Refinement did not preserve enough robust edge.,88,2.2,85.47,0.035,0.511364,1.268934,-75.53,54.67,1.163933,-6.93,0.981013,18,144.01,7.585,2.955064,27,114.69,1.924919,12,65.7,4.095,2.409266,4,5,8,17,-69.898,0.809655,0.805,0.805
pdl_sweep_reclaim_long_sweep2.5_reclaim1.55_london_new_york_h8_cool0,pdl_sweep_reclaim_refined,LONG,8,120,0,"{""reclaim_max"": 1.55, ""reclaim_min"": 0.0, ""session_set"": ""london_new_york"", ""sweep_min"": 2.5}",REJECT_REFINED_VARIANT,14.430413,Refinement did not preserve enough robust edge.,89,2.225,87.94,0.04,0.516854,1.276706,-73.06,56.79,1.17029,-5.51,0.984904,18,144.01,7.585,2.955064,27,114.69,1.924919,12,65.7,4.095,2.409266,4,5,8,17,-92.5685,0.746671,0.785,0.785
pdl_sweep_reclaim_long_sweep1.25_reclaim1.55_new_york_only_h3_cool4,pdl_sweep_reclaim_refined,LONG,3,45,4,"{""reclaim_max"": 1.55, ""reclaim_min"": 0.0, ""session_set"": ""new_york_only"", ""sweep_min"": 1.25}",REJECT_REFINED_VARIANT,14.40009,Refinement did not preserve enough robust edge.,97,2.309524,11.05,-0.58,0.443299,1.047415,-90.47,-22.9,0.909109,-90.8,0.688913,20,98.34,3.645,4.426481,30,70.02,1.97277,6,31.69,6.48,5.242303,2,5,8,17,-102.4395,0.612985,0.505,0.505
pdl_sweep_reclaim_long_sweep1.25_reclaim2_new_york_only_h3_cool4,pdl_sweep_reclaim_refined,LONG,3,45,4,"{""reclaim_max"": 2.0, ""reclaim_min"": 0.0, ""session_set"": ""new_york_only"", ""sweep_min"": 1.25}",REJECT_REFINED_VARIANT,14.298521,Refinement did not preserve enough robust edge.,107,2.431818,27.23,-0.45,0.457944,1.102712,-87.49,-10.22,0.964192,-85.12,0.740599,22,104.26,3.645,3.967834,33,65.6,1.703259,6,31.69,6.48,5.242303,3,5,10,17,-127.3285,0.616304,0.63,0.63
pdl_sweep_reclaim_long_sweep1.62_reclaim2_new_york_only_h4_cool0,pdl_sweep_reclaim_refined,LONG,4,60,0,"{""reclaim_max"": 2.0, ""reclaim_min"": 0.0, ""session_set"": ""new_york_only"", ""sweep_min"": 1.62}",REJECT_REFINED_VARIANT,14.10691,Refinement did not preserve enough robust edge.,94,2.410256,39.7,-0.63,0.468085,1.143012,-78.54,6.8,1.023001,-59.0,0.8227,19,105.85,7.83,3.255487,29,63.64,1.606153,6,67.32,13.07,44.153846,4,5,9,17,-85.167,0.747174,0.695,0.695
pdl_sweep_reclaim_long_sweep1.62_reclaim1.55_new_york_only_h4_cool0,pdl_sweep_reclaim_refined,LONG,4,60,0,"{""reclaim_max"": 1.55, ""reclaim_min"": 0.0, ""session_set"": ""new_york_only"", ""sweep_min"": 1.62}",REJECT_REFINED_VARIANT,14.071182,Refinement did not preserve enough robust edge.,84,2.27027,17.16,-1.29,0.440476,1.069821,-97.09,-12.24,0.953379,-71.04,0.760703,17,104.3,7.83,3.599701,26,66.06,1.738761,6,67.32,13.07,44.153846,4,5,7,17,-79.058,0.727522,0.625,0.625
pdl_sweep_reclaim_long_sweep2_reclaim2_new_york_only_h4_cool0,pdl_sweep_reclaim_refined,LONG,4,60,0,"{""reclaim_max"": 2.0, ""reclaim_min"": 0.0, ""session_set"": ""new_york_only"", ""sweep_min"": 2.0}",REJECT_REFINED_VARIANT,13.78478,Refinement did not preserve enough robust edge.,83,2.243243,31.36,-0.45,0.46988,1.12228,-75.84,2.31,1.00848,-55.79,0.817184,17,97.72,7.83,3.40927,25,64.31,1.715988,5,52.82,11.64,34.858974,4,5,9,17,-83.6445,0.730151,0.635,0.635
pdl_sweep_reclaim_long_sweep1.62_reclaim2_new_york_only_h6_cool0,pdl_sweep_reclaim_refined,LONG,6,90,0,"{""reclaim_max"": 2.0, ""reclaim_min"": 0.0, ""session_set"": ""new_york_only"", ""sweep_min"": 1.62}",REJECT_REFINED_VARIANT,13.645337,Refinement did not preserve enough robust edge.,90,2.307692,43.26,-1.005,0.433333,1.152824,-88.51,11.76,1.039055,-51.24,0.848322,18,103.43,7.17,3.081924,28,49.74,1.419641,5,54.28,10.25,6.34252,4,5,7,17,-85.1765,0.767341,0.735,0.735
pdl_sweep_reclaim_long_sweep1.25_reclaim1.55_new_york_only_h3_cool0,pdl_sweep_reclaim_refined,LONG,3,45,0,"{""reclaim_max"": 1.55, ""reclaim_min"": 0.0, ""session_set"": ""new_york_only"", ""sweep_min"": 1.25}",REJECT_REFINED_VARIANT,13.56512,Refinement did not preserve enough robust edge.,103,2.452381,11.08,-0.72,0.436893,1.042962,-100.65,-24.97,0.910244,-97.07,0.697535,21,104.45,3.53,3.757392,31,72.07,1.847583,7,54.26,9.43,8.263722,2,5,7,17,-92.416,0.682897,0.535,0.535
pdl_sweep_reclaim_long_sweep1.25_reclaim2_new_york_only_h4_cool4,pdl_sweep_reclaim_refined,LONG,4,60,4,"{""reclaim_max"": 2.0, ""reclaim_min"": 0.0, ""session_set"": ""new_york_only"", ""sweep_min"": 1.25}",REJECT_REFINED_VARIANT,13.563285,Refinement did not preserve enough robust edge.,105,2.386364,28.1,-0.45,0.466667,1.094232,-86.74,-8.65,0.972847,-82.15,0.772179,21,101.32,3.79,3.468811,32,58.68,1.56331,6,45.79,6.895,30.352564,3,5,9,17,-102.9035,0.70476,0.63,0.63
pdl_sweep_reclaim_long_sweep1.25_reclaim2_new_york_only_h6_cool4,pdl_sweep_reclaim_refined,LONG,6,90,4,"{""reclaim_max"": 2.0, ""reclaim_min"": 0.0, ""session_set"": ""new_york_only"", ""sweep_min"": 1.25}",REJECT_REFINED_VARIANT,13.51429,Refinement did not preserve enough robust edge.,102,2.318182,63.52,-0.77,0.45098,1.207867,-86.48,27.82,1.085503,-43.58,0.880922,21,112.92,6.21,2.936878,31,85.28,1.779881,6,53.13,9.325,5.697613,3,5,8,17,-83.0435,0.7722,0.735,0.735
asia_high_breakout_long_close0.8_range8-35_london_new_york_h32_cool0,asia_high_breakout_refined,LONG,32,480,0,"{""asia_range_max"": 35.0, ""asia_range_min"": 8.0, ""close_above"": 0.8, ""session_set"": ""london_new_york""}",REJECT_REFINED_VARIANT,13.336944,Refinement did not preserve enough robust edge.,394,8.208333,233.96,-0.075,0.497462,1.100165,-319.18,96.06,1.03994,-179.74,0.929479,79,482.21,3.8,2.060641,119,455.06,1.570358,16,331.4,24.635,5.489298,2,5,9,17,-346.7305,0.86919,0.715,0.715
pdl_sweep_reclaim_long_sweep1.25_reclaim2_new_york_only_h3_cool0,pdl_sweep_reclaim_refined,LONG,3,45,0,"{""reclaim_max"": 2.0, ""reclaim_min"": 0.0, ""session_set"": ""new_york_only"", ""sweep_min"": 1.25}",REJECT_REFINED_VARIANT,12.945271,Refinement did not preserve enough robust edge.,115,2.613636,20.81,-0.72,0.443478,1.070207,-102.12,-19.44,0.939023,-99.94,0.726746,23,99.13,3.53,3.262725,35,85.59,1.892865,7,54.26,9.43,8.263722,3,5,8,17,-90.172,0.724905,0.595,0.595
pdl_sweep_reclaim_long_sweep1.62_reclaim2_new_york_only_h4_cool4,pdl_sweep_reclaim_refined,LONG,4,60,4,"{""reclaim_max"": 2.0, ""reclaim_min"": 0.0, ""session_set"": ""new_york_only"", ""sweep_min"": 1.62}",REJECT_REFINED_VARIANT,12.750616,Refinement did not preserve enough robust edge.,89,2.282051,22.69,-0.81,0.460674,1.086952,-76.38,-8.46,0.9696,-70.76,0.774664,18,83.69,5.28,3.03923,27,37.82,1.381635,5,43.64,11.64,28.974359,4,5,9,17,-117.685,0.646987,0.635,0.635
pdl_sweep_reclaim_long_sweep1.62_reclaim1.55_new_york_only_h6_cool0,pdl_sweep_reclaim_refined,LONG,6,90,0,"{""reclaim_max"": 1.55, ""reclaim_min"": 0.0, ""session_set"": ""new_york_only"", ""sweep_min"": 1.62}",REJECT_REFINED_VARIANT,12.730074,Refinement did not preserve enough robust edge.,81,2.189189,30.8,-0.9,0.432099,1.124621,-92.38,2.45,1.0093,-54.25,0.817328,17,94.58,8.13,2.807722,25,49.71,1.478902,5,54.28,10.25,6.34252,4,5,7,17,-84.2065,0.700776,0.685,0.685
asia_high_breakout_long_close1.2_range8-35_london_new_york_h32_cool0,asia_high_breakout_refined,LONG,32,480,0,"{""asia_range_max"": 35.0, ""asia_range_min"": 8.0, ""close_above"": 1.2, ""session_set"": ""london_new_york""}",REJECT_REFINED_VARIANT,12.665194,Refinement did not preserve enough robust edge.,374,7.791667,163.53,-0.265,0.489305,1.072769,-371.84,32.63,1.0141,-229.17,0.906539,75,457.9,3.02,2.085277,113,439.97,1.578102,15,355.13,26.54,8.089838,2,5,8,17,-416.779,0.84404,0.675,0.675
pdl_sweep_reclaim_long_sweep1.62_reclaim1.55_new_york_only_h4_cool4,pdl_sweep_reclaim_refined,LONG,4,60,4,"{""reclaim_max"": 1.55, ""reclaim_min"": 0.0, ""session_set"": ""new_york_only"", ""sweep_min"": 1.62}",REJECT_REFINED_VARIANT,12.658346,Refinement did not preserve enough robust edge.,80,2.162162,2.1,-1.29,0.4375,1.009166,-91.95,-25.9,0.894368,-81.9,0.705523,16,82.14,5.28,3.399649,24,40.24,1.481743,5,43.64,11.64,28.974359,4,5,7,17,-106.3615,0.610815,0.545,0.545
asia_high_breakout_long_close2_range4-35_london_new_york_h48_cool0,asia_high_breakout_refined,LONG,48,720,0,"{""asia_range_max"": 35.0, ""asia_range_min"": 4.0, ""close_above"": 2.0, ""session_set"": ""london_new_york""}",REJECT_REFINED_VARIANT,12.645645,Refinement did not preserve enough robust edge.,474,9.673469,346.15,0.2,0.508439,1.115798,-202.63,180.25,1.058674,-151.55,0.953313,95,312.65,2.31,1.401317,143,378.34,1.365698,11,210.46,20.69,3.248504,3,5,9,17,-429.8005,0.87392,0.735,0.735
asia_high_breakout_long_close2_range4-35_london_new_york_h48_cool4,asia_high_breakout_refined,LONG,48,720,4,"{""asia_range_max"": 35.0, ""asia_range_min"": 4.0, ""close_above"": 2.0, ""session_set"": ""london_new_york""}",REJECT_REFINED_VARIANT,12.645645,Refinement did not preserve enough robust edge.,474,9.673469,346.15,0.2,0.508439,1.115798,-202.63,180.25,1.058674,-151.55,0.953313,95,312.65,2.31,1.401317,143,378.34,1.365698,11,210.46,20.69,3.248504,3,5,9,17,-429.8005,0.87392,0.735,0.735
pdl_sweep_reclaim_long_sweep1.62_reclaim1.55_new_york_only_h3_cool4,pdl_sweep_reclaim_refined,LONG,3,45,4,"{""reclaim_max"": 1.55, ""reclaim_min"": 0.0, ""session_set"": ""new_york_only"", ""sweep_min"": 1.62}",REJECT_REFINED_VARIANT,12.559388,Refinement did not preserve enough robust edge.,81,2.189189,8.48,-1.02,0.432099,1.040074,-80.79,-19.87,0.91274,-76.57,0.707614,17,68.51,2.67,3.387108,25,59.71,1.932823,5,28.16,9.43,4.769746,3,5,8,17,-108.0435,0.598734,0.555,0.555
asia_high_breakout_long_close0.8_range8-35_new_york_only_h24_cool0,asia_high_breakout_refined,LONG,24,360,0,"{""asia_range_max"": 35.0, ""asia_range_min"": 8.0, ""close_above"": 0.8, ""session_set"": ""new_york_only""}",REJECT_REFINED_VARIANT,12.431504,Refinement did not preserve enough robust edge.,285,6.06383,18.23,0.29,0.512281,1.010637,-287.51,-81.52,0.953766,-281.02,0.849476,57,281.98,4.93,1.762355,86,211.57,1.327503,10,249.29,24.455,14.652245,2,5,8,17,-500.2115,0.742131,0.57,0.57
asia_high_breakout_long_close0.8_range8-35_new_york_only_h24_cool4,asia_high_breakout_refined,LONG,24,360,4,"{""asia_range_max"": 35.0, ""asia_range_min"": 8.0, ""close_above"": 0.8, ""session_set"": ""new_york_only""}",REJECT_REFINED_VARIANT,12.431504,Refinement did not preserve enough robust edge.,285,6.06383,18.23,0.29,0.512281,1.010637,-287.51,-81.52,0.953766,-281.02,0.849476,57,281.98,4.93,1.762355,86,211.57,1.327503,10,249.29,24.455,14.652245,2,5,8,17,-500.2115,0.742131,0.57,0.57
pdl_sweep_reclaim_long_sweep1.62_reclaim1.55_new_york_only_h3_cool0,pdl_sweep_reclaim_refined,LONG,3,45,0,"{""reclaim_max"": 1.55, ""reclaim_min"": 0.0, ""session_set"": ""new_york_only"", ""sweep_min"": 1.62}",REJECT_REFINED_VARIANT,12.389856,Refinement did not preserve enough robust edge.,85,2.297297,7.48,-1.14,0.423529,1.031805,-93.44,-22.27,0.911743,-81.77,0.716667,17,80.64,2.67,3.279254,26,66.79,1.860474,6,50.73,10.445,7.791165,3,5,7,17,-103.3245,0.621518,0.5,0.5
asia_high_breakout_long_close0.8_range8-35_new_york_only_h32_cool0,asia_high_breakout_refined,LONG,32,480,0,"{""asia_range_max"": 35.0, ""asia_range_min"": 8.0, ""close_above"": 0.8, ""session_set"": ""new_york_only""}",REJECT_REFINED_VARIANT,12.375615,Refinement did not preserve enough robust edge.,285,6.06383,90.03,0.3,0.505263,1.049666,-281.99,-9.72,0.994781,-209.22,0.893535,57,290.14,4.34,1.803067,86,205.99,1.30532,10,219.77,31.145,8.014682,2,5,7,17,-505.809,0.773834,0.625,0.625
asia_high_breakout_long_close0.8_range8-35_new_york_only_h32_cool4,asia_high_breakout_refined,LONG,32,480,4,"{""asia_range_max"": 35.0, ""asia_range_min"": 8.0, ""close_above"": 0.8, ""session_set"": ""new_york_only""}",REJECT_REFINED_VARIANT,12.375615,Refinement did not preserve enough robust edge.,285,6.06383,90.03,0.3,0.505263,1.049666,-281.99,-9.72,0.994781,-209.22,0.893535,57,290.14,4.34,1.803067,86,205.99,1.30532,10,219.77,31.145,8.014682,2,5,7,17,-505.809,0.773834,0.625,0.625
asia_high_breakout_long_close2_range4-35_london_new_york_h32_cool4,asia_high_breakout_refined,LONG,32,480,4,"{""asia_range_max"": 35.0, ""asia_range_min"": 4.0, ""close_above"": 2.0, ""session_set"": ""london_new_york""}",REJECT_REFINED_VARIANT,12.367909,Refinement did not preserve enough robust edge.,497,10.142857,201.86,0.01,0.501006,1.073403,-281.46,27.91,1.009835,-319.99,0.894108,100,288.2,1.02,1.4016,150,419.52,1.4609,12,269.85,26.805,6.16163,2,5,8,17,-279.8735,0.909324,0.735,0.735
pdl_sweep_reclaim_long_sweep2.5_reclaim3_london_new_york_h3_cool4,pdl_sweep_reclaim_refined,LONG,3,45,4,"{""reclaim_max"": 3.0, ""reclaim_min"": 0.0, ""session_set"": ""london_new_york"", ""sweep_min"": 2.5}",REJECT_REFINED_VARIANT,12.359576,Refinement did not preserve enough robust edge.,123,2.617021,57.6,-0.3,0.479675,1.171449,-84.58,14.55,1.040556,-71.55,0.824701,25,91.45,5.65,2.203131,37,95.98,1.873339,18,72.19,6.095,2.711475,3,5,6,17,-93.7405,0.775193,0.74,0.74
pdl_sweep_reclaim_long_sweep1.25_reclaim1.55_new_york_only_h4_cool0,pdl_sweep_reclaim_refined,LONG,4,60,0,"{""reclaim_max"": 1.55, ""reclaim_min"": 0.0, ""session_set"": ""new_york_only"", ""sweep_min"": 1.25}",REJECT_REFINED_VARIANT,12.355345,Refinement did not preserve enough robust edge.,101,2.404762,6.17,-0.81,0.435644,1.021444,-115.19,-29.18,0.905327,-99.88,0.714832,21,105.02,3.79,3.143265,31,69.06,1.686072,7,69.47,11.64,45.532051,2,5,8,17,-123.424,0.629601,0.515,0.515
asia_high_breakout_long_close1.6_range8-35_london_new_york_h32_cool0,asia_high_breakout_refined,LONG,32,480,0,"{""asia_range_max"": 35.0, ""asia_range_min"": 8.0, ""close_above"": 1.6, ""session_set"": ""london_new_york""}",REJECT_REFINED_VARIANT,12.34673,Refinement did not preserve enough robust edge.,363,7.723404,164.86,-0.12,0.493113,1.075053,-380.59,37.81,1.016722,-216.29,0.909672,73,446.25,3.02,2.046577,109,379.9,1.491475,15,341.81,26.54,6.390475,2,5,9,17,-362.02,0.853177,0.64,0.64
pdl_sweep_reclaim_long_sweep1.62_reclaim2_new_york_only_h3_cool4,pdl_sweep_reclaim_refined,LONG,3,45,4,"{""reclaim_max"": 2.0, ""reclaim_min"": 0.0, ""session_set"": ""new_york_only"", ""sweep_min"": 1.62}",REJECT_REFINED_VARIANT,12.296435,Refinement did not preserve enough robust edge.,90,2.307692,9.88,-0.87,0.444444,1.040547,-80.28,-21.62,0.917219,-84.62,0.716174,18,69.43,3.215,3.127797,28,57.31,1.754277,5,28.16,9.43,4.769746,3,5,9,17,-91.2785,0.66071,0.605,0.605
pdl_sweep_reclaim_long_sweep1.62_reclaim2_new_york_only_h8_cool4,pdl_sweep_reclaim_refined,LONG,8,120,4,"{""reclaim_max"": 2.0, ""reclaim_min"": 0.0, ""session_set"": ""new_york_only"", ""sweep_min"": 1.62}",REJECT_REFINED_VARIANT,12.218703,Refinement did not preserve enough robust edge.,84,2.153846,52.53,-0.375,0.47619,1.185986,-76.7,23.13,1.077578,-35.67,0.891821,17,79.22,2.03,2.704756,26,5.23,1.039939,4,15.77,9.3,1.61698,4,5,6,17,-97.2165,0.729774,0.715,0.715
asia_high_breakout_long_close1.2_range8-35_london_new_york_h24_cool4,asia_high_breakout_refined,LONG,24,360,4,"{""asia_range_max"": 35.0, ""asia_range_min"": 8.0, ""close_above"": 1.2, ""session_set"": ""london_new_york""}",REJECT_REFINED_VARIANT,12.179598,Refinement did not preserve enough robust edge.,415,8.645833,128.57,-0.14,0.489157,1.060781,-248.32,-16.68,0.992386,-307.18,0.869147,83,316.66,0.65,1.644194,125,190.37,1.210857,16,200.16,5.64,3.879171,2,5,8,17,-378.9815,0.838982,0.755,0.755
pdl_sweep_reclaim_long_sweep1.25_reclaim2_new_york_only_h6_cool0,pdl_sweep_reclaim_refined,LONG,6,90,0,"{""reclaim_max"": 2.0, ""reclaim_min"": 0.0, ""session_set"": ""new_york_only"", ""sweep_min"": 1.25}",REJECT_REFINED_VARIANT,11.958731,Refinement did not preserve enough robust edge.,107,2.431818,41.06,-0.9,0.439252,1.122791,-110.37,3.61,1.010152,-71.29,0.821324,22,100.51,3.035,2.473754,33,57.57,1.427871,6,53.13,9.325,5.697613,3,5,8,17,-113.8745,0.727971,0.7,0.7
pdl_sweep_reclaim_long_sweep1.25_reclaim2_new_york_only_h8_cool4,pdl_sweep_reclaim_refined,LONG,8,120,4,"{""reclaim_max"": 2.0, ""reclaim_min"": 0.0, ""session_set"": ""new_york_only"", ""sweep_min"": 1.25}",REJECT_REFINED_VARIANT,11.927991,Refinement did not preserve enough robust edge.,98,2.227273,99.49,-0.075,0.5,1.306538,-105.04,65.19,1.190475,-3.41,0.99098,20,83.79,2.04,2.186155,30,36.64,1.279801,5,20.57,4.8,1.804773,4,5,10,17,-80.1745,0.799394,0.82,0.82
asia_high_breakout_long_close1.2_range4-35_new_york_only_h24_cool0,asia_high_breakout_refined,LONG,24,360,0,"{""asia_range_max"": 35.0, ""asia_range_min"": 4.0, ""close_above"": 1.2, ""session_set"": ""new_york_only""}",REJECT_REFINED_VARIANT,11.907407,Refinement did not preserve enough robust edge.,463,9.645833,136.35,0.12,0.50324,1.053676,-257.51,-25.7,0.990197,-349.8,0.874721,93,123.83,1.98,1.163248,139,144.82,1.146735,10,249.29,24.455,14.652245,2,5,8,17,-383.5325,0.856966,0.68,0.68
asia_high_breakout_long_close1.2_range4-35_new_york_only_h24_cool4,asia_high_breakout_refined,LONG,24,360,4,"{""asia_range_max"": 35.0, ""asia_range_min"": 4.0, ""close_above"": 1.2, ""session_set"": ""new_york_only""}",REJECT_REFINED_VARIANT,11.907407,Refinement did not preserve enough robust edge.,463,9.645833,136.35,0.12,0.50324,1.053676,-257.51,-25.7,0.990197,-349.8,0.874721,93,123.83,1.98,1.163248,139,144.82,1.146735,10,249.29,24.455,14.652245,2,5,8,17,-383.5325,0.856966,0.68,0.68
asia_high_breakout_long_close1.2_range4-35_london_new_york_h24_cool0,asia_high_breakout_refined,LONG,24,360,0,"{""asia_range_max"": 35.0, ""asia_range_min"": 4.0, ""close_above"": 1.2, ""session_set"": ""london_new_york""}",REJECT_REFINED_VARIANT,11.892969,Refinement did not preserve enough robust edge.,725,14.795918,243.75,-0.22,0.486897,1.07288,-245.8,-10.0,0.997125,-517.5,0.862285,145,272.67,0.12,1.284931,218,337.43,1.277992,17,222.64,11.31,4.138427,2,5,9,17,-437.973,0.877649,0.74,0.74
pdl_sweep_reclaim_long_sweep2_reclaim1.55_london_new_york_h8_cool4,pdl_sweep_reclaim_refined,LONG,8,120,4,"{""reclaim_max"": 1.55, ""reclaim_min"": 0.0, ""session_set"": ""london_new_york"", ""sweep_min"": 2.0}",REJECT_REFINED_VARIANT,11.731467,Refinement did not preserve enough robust edge.,117,2.6,48.18,-0.37,0.470085,1.119848,-105.74,7.23,1.017038,-74.67,0.84103,24,122.5,3.03,2.129345,36,100.04,1.686051,12,70.97,6.73,2.522308,4,5,5,17,-129.47,0.720498,0.715,0.715
asia_high_breakout_long_close2_range4-35_new_york_only_h24_cool0,asia_high_breakout_refined,LONG,24,360,0,"{""asia_range_max"": 35.0, ""asia_range_min"": 4.0, ""close_above"": 2.0, ""session_set"": ""new_york_only""}",REJECT_REFINED_VARIANT,11.672024,Refinement did not preserve enough robust edge.,436,9.083333,137.63,-0.01,0.497706,1.056911,-291.73,-14.97,0.994003,-320.17,0.879558,88,150.81,2.03,1.210787,131,207.37,1.231055,10,249.29,24.455,14.652245,2,5,9,17,-295.8065,0.88478,0.705,0.705
asia_high_breakout_long_close2_range4-35_new_york_only_h24_cool4,asia_high_breakout_refined,LONG,24,360,4,"{""asia_range_max"": 35.0, ""asia_range_min"": 4.0, ""close_above"": 2.0, ""session_set"": ""new_york_only""}",REJECT_REFINED_VARIANT,11.672024,Refinement did not preserve enough robust edge.,436,9.083333,137.63,-0.01,0.497706,1.056911,-291.73,-14.97,0.994003,-320.17,0.879558,88,150.81,2.03,1.210787,131,207.37,1.231055,10,249.29,24.455,14.652245,2,5,9,17,-295.8065,0.88478,0.705,0.705
asia_high_breakout_long_close1.6_range4-35_london_new_york_h32_cool4,asia_high_breakout_refined,LONG,32,480,4,"{""asia_range_max"": 35.0, ""asia_range_min"": 4.0, ""close_above"": 1.6, ""session_set"": ""london_new_york""}",REJECT_REFINED_VARIANT,11.655234,Refinement did not preserve enough robust edge.,522,10.653061,180.79,-0.515,0.482759,1.062333,-278.32,-1.91,0.999362,-367.31,0.884965,105,320.78,0.43,1.418784,157,395.52,1.40075,12,291.31,26.805,6.572112,2,5,9,17,-411.144,0.873811,0.59,0.59
asia_high_breakout_long_close1.6_range4-35_london_new_york_h24_cool0,asia_high_breakout_refined,LONG,24,360,0,"{""asia_range_max"": 35.0, ""asia_range_min"": 4.0, ""close_above"": 1.6, ""session_set"": ""london_new_york""}",REJECT_REFINED_VARIANT,11.650963,Refinement did not preserve enough robust edge.,692,14.122449,237.1,-0.305,0.481214,1.07204,-229.18,-5.1,0.998508,-489.5,0.867138,139,259.01,0.3,1.273838,208,336.92,1.286397,17,219.85,11.31,3.981826,2,5,9,17,-451.686,0.878888,0.68,0.68
pdl_sweep_reclaim_long_sweep2_reclaim1.55_london_new_york_h8_cool0,pdl_sweep_reclaim_refined,LONG,8,120,0,"{""reclaim_max"": 1.55, ""reclaim_min"": 0.0, ""session_set"": ""london_new_york"", ""sweep_min"": 2.0}",REJECT_REFINED_VARIANT,11.632145,Refinement did not preserve enough robust edge.,120,2.666667,60.51,-0.31,0.475,1.151324,-95.99,18.51,1.043805,-65.49,0.860249,24,122.5,3.03,2.129345,36,104.66,1.728475,12,70.97,6.73,2.522308,3,5,6,17,-112.1225,0.764476,0.66,0.66
asia_high_breakout_long_close1.2_range8-35_london_new_york_h48_cool0,asia_high_breakout_refined,LONG,48,720,0,"{""asia_range_max"": 35.0, ""asia_range_min"": 8.0, ""close_above"": 1.2, ""session_set"": ""london_new_york""}",REJECT_REFINED_VARIANT,11.554265,Refinement did not preserve enough robust edge.,313,6.520833,96.8,0.14,0.501597,1.043698,-331.03,-12.75,0.994384,-231.85,0.902747,63,330.71,4.27,1.752777,94,308.66,1.394398,11,227.06,22.73,3.448086,2,5,8,17,-554.0375,0.78217,0.585,0.585
asia_high_breakout_long_close1.2_range8-35_london_new_york_h48_cool4,asia_high_breakout_refined,LONG,48,720,4,"{""asia_range_max"": 35.0, ""asia_range_min"": 8.0, ""close_above"": 1.2, ""session_set"": ""london_new_york""}",REJECT_REFINED_VARIANT,11.554265,Refinement did not preserve enough robust edge.,313,6.520833,96.8,0.14,0.501597,1.043698,-331.03,-12.75,0.994384,-231.85,0.902747,63,330.71,4.27,1.752777,94,308.66,1.394398,11,227.06,22.73,3.448086,2,5,8,17,-554.0375,0.78217,0.585,0.585
asia_high_breakout_long_close0.8_range8-35_london_new_york_h48_cool0,asia_high_breakout_refined,LONG,48,720,0,"{""asia_range_max"": 35.0, ""asia_range_min"": 8.0, ""close_above"": 0.8, ""session_set"": ""london_new_york""}",REJECT_REFINED_VARIANT,11.529068,Refinement did not preserve enough robust edge.,321,6.6875,132.66,0.26,0.501558,1.059733,-244.93,20.31,1.008919,-204.39,0.914621,65,267.32,1.59,1.526376,97,277.04,1.331483,12,174.91,21.71,2.207108,2,5,7,17,-440.9165,0.832895,0.69,0.69
asia_high_breakout_long_close0.8_range8-35_london_new_york_h48_cool4,asia_high_breakout_refined,LONG,48,720,4,"{""asia_range_max"": 35.0, ""asia_range_min"": 8.0, ""close_above"": 0.8, ""session_set"": ""london_new_york""}",REJECT_REFINED_VARIANT,11.529068,Refinement did not preserve enough robust edge.,321,6.6875,132.66,0.26,0.501558,1.059733,-244.93,20.31,1.008919,-204.39,0.914621,65,267.32,1.59,1.526376,97,277.04,1.331483,12,174.91,21.71,2.207108,2,5,7,17,-440.9165,0.832895,0.69,0.69
pdl_sweep_reclaim_long_sweep2.5_reclaim3_london_new_york_h4_cool0,pdl_sweep_reclaim_refined,LONG,4,60,0,"{""reclaim_max"": 3.0, ""reclaim_min"": 0.0, ""session_set"": ""london_new_york"", ""sweep_min"": 2.5}",REJECT_REFINED_VARIANT,11.504167,Refinement did not preserve enough robust edge.,128,2.723404,70.29,0.48,0.523438,1.16696,-88.34,25.49,1.057555,-64.11,0.868796,26,76.0,5.695,1.578827,39,65.87,1.349907,20,65.59,5.695,1.691805,4,5,7,17,-135.3905,0.757474,0.71,0.71
pdl_sweep_reclaim_long_sweep1.62_reclaim3_london_new_york_h4_cool0,pdl_sweep_reclaim_refined,LONG,4,60,0,"{""reclaim_max"": 3.0, ""reclaim_min"": 0.0, ""session_set"": ""london_new_york"", ""sweep_min"": 1.62}",REJECT_REFINED_VARIANT,11.464969,Refinement did not preserve enough robust edge.,202,4.122449,71.34,0.155,0.524752,1.123174,-86.86,0.64,1.001042,-140.76,0.795991,41,103.91,2.14,1.56769,61,62.49,1.2412,22,95.07,4.94,1.983347,3,5,10,17,-146.03,0.784093,0.71,0.71
asia_high_breakout_long_close2_range4-35_new_york_only_h32_cool0,asia_high_breakout_refined,LONG,32,480,0,"{""asia_range_max"": 35.0, ""asia_range_min"": 4.0, ""close_above"": 2.0, ""session_set"": ""new_york_only""}",REJECT_REFINED_VARIANT,11.432209,Refinement did not preserve enough robust edge.,436,9.083333,198.71,-0.025,0.497706,1.078332,-270.52,46.11,1.01764,-259.09,0.906646,88,142.64,1.915,1.190573,131,188.05,1.201168,10,219.77,31.145,8.014682,4,5,9,17,-312.7715,0.885928,0.735,0.735
asia_high_breakout_long_close2_range4-35_new_york_only_h32_cool4,asia_high_breakout_refined,LONG,32,480,4,"{""asia_range_max"": 35.0, ""asia_range_min"": 4.0, ""close_above"": 2.0, ""session_set"": ""new_york_only""}",REJECT_REFINED_VARIANT,11.432209,Refinement did not preserve enough robust edge.,436,9.083333,198.71,-0.025,0.497706,1.078332,-270.52,46.11,1.01764,-259.09,0.906646,88,142.64,1.915,1.190573,131,188.05,1.201168,10,219.77,31.145,8.014682,4,5,9,17,-312.7715,0.885928,0.735,0.735
pdl_sweep_reclaim_long_sweep1.62_reclaim2_new_york_only_h3_cool0,pdl_sweep_reclaim_refined,LONG,3,45,0,"{""reclaim_max"": 2.0, ""reclaim_min"": 0.0, ""session_set"": ""new_york_only"", ""sweep_min"": 1.62}",REJECT_REFINED_VARIANT,11.418238,Refinement did not preserve enough robust edge.,96,2.461538,2.43,-1.18,0.427083,1.008879,-94.91,-31.17,0.893596,-98.37,0.704958,20,77.06,1.97,2.758959,29,69.5,1.82268,6,50.73,10.445,7.791165,3,5,8,17,-116.008,0.64103,0.53,0.53
pdl_sweep_reclaim_long_sweep1.25_reclaim1.55_new_york_only_h6_cool4,pdl_sweep_reclaim_refined,LONG,6,90,4,"{""reclaim_max"": 1.55, ""reclaim_min"": 0.0, ""session_set"": ""new_york_only"", ""sweep_min"": 1.25}",REJECT_REFINED_VARIANT,11.391287,Refinement did not preserve enough robust edge.,92,2.190476,21.84,-0.84,0.434783,1.077786,-112.01,-10.36,0.96537,-74.76,0.778358,19,93.75,8.13,2.526873,28,60.77,1.564987,6,53.13,9.325,5.697613,3,5,7,17,-129.919,0.652163,0.595,0.595
pdl_sweep_reclaim_long_sweep2_reclaim2_new_york_only_h3_cool0,pdl_sweep_reclaim_refined,LONG,3,45,0,"{""reclaim_max"": 2.0, ""reclaim_min"": 0.0, ""session_set"": ""new_york_only"", ""sweep_min"": 2.0}",REJECT_REFINED_VARIANT,11.331515,Refinement did not preserve enough robust edge.,83,2.243243,8.69,-1.02,0.445783,1.036073,-79.59,-20.36,0.920778,-78.46,0.730535,17,68.0,2.67,2.783373,25,61.81,1.798269,5,35.99,9.43,5.817938,3,5,8,17,-86.7475,0.676561,0.52,0.52
pdl_sweep_reclaim_long_sweep1.25_reclaim3_london_new_york_h6_cool0,pdl_sweep_reclaim_refined,LONG,6,90,0,"{""reclaim_max"": 3.0, ""reclaim_min"": 0.0, ""session_set"": ""london_new_york"", ""sweep_min"": 1.25}",REJECT_REFINED_VARIANT,11.195826,Refinement did not preserve enough robust edge.,227,4.632653,84.68,-0.14,0.484581,1.116519,-94.22,5.23,1.006809,-153.67,0.820416,46,100.92,2.475,1.390618,69,139.87,1.470863,20,113.76,9.05,2.102112,3,5,7,17,-208.4805,0.765508,0.715,0.715
asia_high_breakout_long_close1.6_range4-35_new_york_only_h32_cool0,asia_high_breakout_refined,LONG,32,480,0,"{""asia_range_max"": 35.0, ""asia_range_min"": 4.0, ""close_above"": 1.6, ""session_set"": ""new_york_only""}",REJECT_REFINED_VARIANT,11.074683,Refinement did not preserve enough robust edge.,454,9.458333,118.13,-0.37,0.488987,1.043534,-249.17,-40.77,0.985414,-358.57,0.879034,91,167.02,1.72,1.225049,137,171.8,1.174816,10,219.77,31.145,8.014682,2,5,9,17,-382.6805,0.869337,0.635,0.635
asia_high_breakout_long_close1.6_range4-35_new_york_only_h32_cool4,asia_high_breakout_refined,LONG,32,480,4,"{""asia_range_max"": 35.0, ""asia_range_min"": 4.0, ""close_above"": 1.6, ""session_set"": ""new_york_only""}",REJECT_REFINED_VARIANT,11.074683,Refinement did not preserve enough robust edge.,454,9.458333,118.13,-0.37,0.488987,1.043534,-249.17,-40.77,0.985414,-358.57,0.879034,91,167.02,1.72,1.225049,137,171.8,1.174816,10,219.77,31.145,8.014682,2,5,9,17,-382.6805,0.869337,0.635,0.635
asia_high_breakout_long_close1.6_range8-35_london_new_york_h24_cool4,asia_high_breakout_refined,LONG,24,360,4,"{""asia_range_max"": 35.0, ""asia_range_min"": 8.0, ""close_above"": 1.6, ""session_set"": ""london_new_york""}",REJECT_REFINED_VARIANT,11.030748,Refinement did not preserve enough robust edge.,399,8.489362,69.48,-0.42,0.481203,1.032597,-270.98,-70.17,0.968178,-349.47,0.851794,80,294.32,0.525,1.584362,120,154.55,1.170168,16,197.37,5.64,3.729498,2,5,8,17,-393.725,0.833623,0.615,0.615
pdl_sweep_reclaim_long_sweep1.25_reclaim1.55_new_york_only_h6_cool0,pdl_sweep_reclaim_refined,LONG,6,90,0,"{""reclaim_max"": 1.55, ""reclaim_min"": 0.0, ""session_set"": ""new_york_only"", ""sweep_min"": 1.25}",REJECT_REFINED_VARIANT,11.008135,Refinement did not preserve enough robust edge.,97,2.309524,13.0,-0.9,0.43299,1.043555,-117.24,-20.95,0.934101,-88.85,0.75192,20,92.36,3.995,2.470935,30,46.68,1.383724,6,53.13,9.325,5.697613,3,5,7,17,-120.077,0.655627,0.57,0.57
asia_high_breakout_long_close0.8_range8-35_london_new_york_h32_cool4,asia_high_breakout_refined,LONG,32,480,4,"{""asia_range_max"": 35.0, ""asia_range_min"": 8.0, ""close_above"": 0.8, ""session_set"": ""london_new_york""}",REJECT_REFINED_VARIANT,11.00232,Refinement did not preserve enough robust edge.,353,7.354167,5.19,-0.32,0.490085,1.002386,-365.79,-118.36,0.947135,-365.46,0.845902,71,364.99,2.13,1.834206,106,290.75,1.370869,13,280.9,26.54,5.480778,2,5,8,17,-485.356,0.794271,0.475,0.475
pdl_sweep_reclaim_long_sweep3_reclaim3_london_new_york_h3_cool0,pdl_sweep_reclaim_refined,LONG,3,45,0,"{""reclaim_max"": 3.0, ""reclaim_min"": 0.0, ""session_set"": ""london_new_york"", ""sweep_min"": 3.0}",REJECT_REFINED_VARIANT,10.99486,Refinement did not preserve enough robust edge.,103,2.288889,18.01,-0.66,0.446602,1.057207,-96.59,-18.04,0.946173,-90.14,0.762,21,82.26,6.54,2.080378,31,63.25,1.532452,16,77.12,6.99,2.813308,2,5,7,17,-118.324,0.68421,0.585,0.585
asia_high_breakout_long_close2_range8-35_london_new_york_h32_cool0,asia_high_breakout_refined,LONG,32,480,0,"{""asia_range_max"": 35.0, ""asia_range_min"": 8.0, ""close_above"": 2.0, ""session_set"": ""london_new_york""}",REJECT_REFINED_VARIANT,10.988563,Refinement did not preserve enough robust edge.,348,7.565217,47.84,-0.11,0.497126,1.022211,-451.65,-73.96,0.966616,-317.56,0.864487,70,423.81,3.635,2.04284,105,322.5,1.420601,15,320.35,26.54,6.052042,2,5,9,17,-456.379,0.817968,0.52,0.52
asia_high_breakout_long_close1.6_range4-35_new_york_only_h24_cool0,asia_high_breakout_refined,LONG,24,360,0,"{""asia_range_max"": 35.0, ""asia_range_min"": 4.0, ""close_above"": 1.6, ""session_set"": ""new_york_only""}",REJECT_REFINED_VARIANT,10.966394,Refinement did not preserve enough robust edge.,454,9.458333,68.94,-0.18,0.488987,1.027039,-286.09,-89.96,0.965817,-407.76,0.854499,91,156.63,1.98,1.21678,137,178.15,1.187144,10,249.29,24.455,14.652245,2,5,8,17,-444.816,0.852617,0.57,0.57
asia_high_breakout_long_close1.6_range4-35_new_york_only_h24_cool4,asia_high_breakout_refined,LONG,24,360,4,"{""asia_range_max"": 35.0, ""asia_range_min"": 4.0, ""close_above"": 1.6, ""session_set"": ""new_york_only""}",REJECT_REFINED_VARIANT,10.966394,Refinement did not preserve enough robust edge.,454,9.458333,68.94,-0.18,0.488987,1.027039,-286.09,-89.96,0.965817,-407.76,0.854499,91,156.63,1.98,1.21678,137,178.15,1.187144,10,249.29,24.455,14.652245,2,5,8,17,-444.816,0.852617,0.57,0.57
pdl_sweep_reclaim_long_sweep1.25_reclaim3_london_new_york_h4_cool0,pdl_sweep_reclaim_refined,LONG,4,60,0,"{""reclaim_max"": 3.0, ""reclaim_min"": 0.0, ""session_set"": ""london_new_york"", ""sweep_min"": 1.25}",REJECT_REFINED_VARIANT,10.952716,Refinement did not preserve enough robust edge.,241,4.918367,53.95,0.13,0.518672,1.080357,-108.11,-30.4,0.957425,-199.1,0.753186,49,97.19,1.07,1.465581,73,106.68,1.400857,22,100.57,4.94,2.077574,2,5,10,17,-169.508,0.791265,0.695,0.695
pdl_sweep_reclaim_long_sweep1.25_reclaim1.55_new_york_only_h4_cool4,pdl_sweep_reclaim_refined,LONG,4,60,4,"{""reclaim_max"": 1.55, ""reclaim_min"": 0.0, ""session_set"": ""new_york_only"", ""sweep_min"": 1.25}",REJECT_REFINED_VARIANT,10.924879,Refinement did not preserve enough robust edge.,95,2.261905,-4.18,-0.79,0.442105,0.984308,-107.18,-37.43,0.868878,-103.93,0.67991,19,79.2,3.66,2.837161,29,43.24,1.456263,6,45.79,6.895,30.352564,2,5,7,17,-105.6245,0.66152,0.455,0.455
pdl_sweep_reclaim_long_sweep2_reclaim3_london_new_york_h6_cool4,pdl_sweep_reclaim_refined,LONG,6,90,4,"{""reclaim_max"": 3.0, ""reclaim_min"": 0.0, ""session_set"": ""london_new_york"", ""sweep_min"": 2.0}",REJECT_REFINED_VARIANT,10.856456,Refinement did not preserve enough robust edge.,152,3.166667,51.52,0.325,0.513158,1.099153,-94.22,-1.68,0.996922,-108.08,0.820706,31,92.74,6.0,1.463932,46,98.9,1.428584,17,75.19,8.46,1.753709,4,5,8,17,-233.5545,0.670776,0.685,0.685
asia_high_breakout_long_close2_range8-35_london_new_york_h24_cool0,asia_high_breakout_refined,LONG,24,360,0,"{""asia_range_max"": 35.0, ""asia_range_min"": 8.0, ""close_above"": 2.0, ""session_set"": ""london_new_york""}",REJECT_REFINED_VARIANT,10.737741,Refinement did not preserve enough robust edge.,414,9.0,75.81,-0.645,0.483092,1.034181,-337.2,-69.09,0.969881,-358.89,0.853633,83,343.12,2.12,1.722799,125,199.59,1.224786,17,214.98,12.04,3.916961,2,5,9,17,-402.2295,0.837177,0.54,0.54
pdl_sweep_reclaim_long_sweep1.62_reclaim3_london_new_york_h3_cool0,pdl_sweep_reclaim_refined,LONG,3,45,0,"{""reclaim_max"": 3.0, ""reclaim_min"": 0.0, ""session_set"": ""london_new_york"", ""sweep_min"": 1.62}",REJECT_REFINED_VARIANT,10.716253,Refinement did not preserve enough robust edge.,207,4.22449,27.83,-0.46,0.444444,1.049954,-150.35,-44.62,0.925355,-189.52,0.723151,42,110.7,1.135,1.710754,63,69.66,1.314336,24,128.64,6.095,3.514464,2,5,8,17,-163.9165,0.740409,0.565,0.565
asia_high_breakout_long_close1.2_range8-35_new_york_only_h32_cool0,asia_high_breakout_refined,LONG,32,480,0,"{""asia_range_max"": 35.0, ""asia_range_min"": 8.0, ""close_above"": 1.2, ""session_set"": ""new_york_only""}",REJECT_REFINED_VARIANT,10.613702,Refinement did not preserve enough robust edge.,282,6.0,-15.24,-0.11,0.496454,0.991779,-335.48,-113.94,0.940149,-311.34,0.844804,57,288.17,4.34,1.794316,85,194.92,1.28618,10,219.77,31.145,8.014682,2,5,7,17,-469.5225,0.774308,0.49,0.49
asia_high_breakout_long_close1.2_range8-35_new_york_only_h32_cool4,asia_high_breakout_refined,LONG,32,480,4,"{""asia_range_max"": 35.0, ""asia_range_min"": 8.0, ""close_above"": 1.2, ""session_set"": ""new_york_only""}",REJECT_REFINED_VARIANT,10.613702,Refinement did not preserve enough robust edge.,282,6.0,-15.24,-0.11,0.496454,0.991779,-335.48,-113.94,0.940149,-311.34,0.844804,57,288.17,4.34,1.794316,85,194.92,1.28618,10,219.77,31.145,8.014682,2,5,7,17,-469.5225,0.774308,0.49,0.49
pdl_sweep_reclaim_long_sweep2.5_reclaim3_london_new_york_h4_cool4,pdl_sweep_reclaim_refined,LONG,4,60,4,"{""reclaim_max"": 3.0, ""reclaim_min"": 0.0, ""session_set"": ""london_new_york"", ""sweep_min"": 2.5}",REJECT_REFINED_VARIANT,10.607759,Refinement did not preserve enough robust edge.,122,2.595745,47.21,0.215,0.516393,1.117362,-79.76,4.51,1.010651,-80.89,0.827081,25,78.09,6.28,1.64762,37,71.1,1.419816,18,52.63,5.695,1.625877,4,5,6,17,-134.85,0.729601,0.65,0.65
asia_high_breakout_long_close2_range8-35_london_new_york_h24_cool4,asia_high_breakout_refined,LONG,24,360,4,"{""asia_range_max"": 35.0, ""asia_range_min"": 8.0, ""close_above"": 2.0, ""session_set"": ""london_new_york""}",REJECT_REFINED_VARIANT,10.576346,Refinement did not preserve enough robust edge.,385,8.369565,8.74,-0.94,0.480519,1.004191,-326.95,-126.01,0.941569,-395.51,0.828407,77,314.44,1.82,1.674778,116,148.1,1.168679,16,209.44,11.675,3.89762,3,5,8,17,-446.216,0.806637,0.55,0.55
pdl_sweep_reclaim_long_sweep1.62_reclaim3_london_new_york_h4_cool4,pdl_sweep_reclaim_refined,LONG,4,60,4,"{""reclaim_max"": 3.0, ""reclaim_min"": 0.0, ""session_set"": ""london_new_york"", ""sweep_min"": 1.62}",REJECT_REFINED_VARIANT,10.576129,Refinement did not preserve enough robust edge.,187,3.816327,51.58,0.15,0.518717,1.096862,-96.86,-13.87,0.975467,-144.77,0.77241,38,84.05,1.53,1.487755,57,65.93,1.28412,20,82.11,4.94,1.955212,3,5,9,17,-171.837,0.741561,0.65,0.65
asia_high_breakout_long_close2_range8-35_london_new_york_h48_cool0,asia_high_breakout_refined,LONG,48,720,0,"{""asia_range_max"": 35.0, ""asia_range_min"": 8.0, ""close_above"": 2.0, ""session_set"": ""london_new_york""}",REJECT_REFINED_VARIANT,10.530223,Refinement did not preserve enough robust edge.,301,6.543478,49.28,-0.01,0.498339,1.022623,-349.74,-56.07,0.974873,-266.77,0.886137,61,293.86,4.27,1.671327,91,229.97,1.295189,11,210.46,20.69,3.248504,3,5,8,17,-523.9315,0.787904,0.565,0.565
asia_high_breakout_long_close2_range8-35_london_new_york_h48_cool4,asia_high_breakout_refined,LONG,48,720,4,"{""asia_range_max"": 35.0, ""asia_range_min"": 8.0, ""close_above"": 2.0, ""session_set"": ""london_new_york""}",REJECT_REFINED_VARIANT,10.530223,Refinement did not preserve enough robust edge.,301,6.543478,49.28,-0.01,0.498339,1.022623,-349.74,-56.07,0.974873,-266.77,0.886137,61,293.86,4.27,1.671327,91,229.97,1.295189,11,210.46,20.69,3.248504,3,5,8,17,-523.9315,0.787904,0.565,0.565
pdl_sweep_reclaim_long_sweep1.62_reclaim3_london_new_york_h8_cool4,pdl_sweep_reclaim_refined,LONG,8,120,4,"{""reclaim_max"": 3.0, ""reclaim_min"": 0.0, ""session_set"": ""london_new_york"", ""sweep_min"": 1.62}",REJECT_REFINED_VARIANT,10.52884,Refinement did not preserve enough robust edge.,175,3.571429,88.62,0.51,0.514286,1.140235,-105.46,27.37,1.041324,-95.13,0.868777,35,96.96,4.03,1.434584,53,85.76,1.317442,19,45.14,6.44,1.31393,4,5,7,17,-190.502,0.749854,0.69,0.69
pdl_sweep_reclaim_long_sweep2_reclaim3_london_new_york_h6_cool0,pdl_sweep_reclaim_refined,LONG,6,90,0,"{""reclaim_max"": 3.0, ""reclaim_min"": 0.0, ""session_set"": ""london_new_york"", ""sweep_min"": 2.0}",REJECT_REFINED_VARIANT,10.480624,Refinement did not preserve enough robust edge.,162,3.375,63.18,0.325,0.512346,1.115319,-94.22,6.48,1.011254,-106.92,0.831974,33,98.92,6.0,1.480567,49,101.95,1.42109,18,87.31,9.05,1.8752,4,5,8,17,-231.551,0.701573,0.545,0.545
pdl_sweep_reclaim_long_sweep1.25_reclaim3_london_new_york_h4_cool4,pdl_sweep_reclaim_refined,LONG,4,60,4,"{""reclaim_max"": 3.0, ""reclaim_min"": 0.0, ""session_set"": ""london_new_york"", ""sweep_min"": 1.25}",REJECT_REFINED_VARIANT,10.338408,Refinement did not preserve enough robust edge.,220,4.489796,39.18,0.13,0.518182,1.063785,-118.55,-37.82,0.942101,-191.82,0.740134,44,87.1,1.05,1.468885,66,90.16,1.38456,20,87.61,4.94,2.060525,2,5,10,17,-170.0275,0.77159,0.65,0.65
asia_high_breakout_long_close0.8_range8-35_london_new_york_h24_cool0,asia_high_breakout_refined,LONG,24,360,0,"{""asia_range_max"": 35.0, ""asia_range_min"": 8.0, ""close_above"": 0.8, ""session_set"": ""london_new_york""}",REJECT_REFINED_VARIANT,10.310135,Refinement did not preserve enough robust edge.,463,9.645833,38.67,-0.28,0.477322,1.016008,-307.58,-123.38,0.950685,-447.48,0.833082,93,306.85,0.65,1.559139,139,219.2,1.227117,18,197.85,7.46,3.06675,2,5,8,17,-589.475,0.787678,0.55,0.55
pdl_sweep_reclaim_long_sweep1.25_reclaim1.55_london_new_york_h8_cool0,pdl_sweep_reclaim_refined,LONG,8,120,0,"{""reclaim_max"": 1.55, ""reclaim_min"": 0.0, ""session_set"": ""london_new_york"", ""sweep_min"": 1.25}",REJECT_REFINED_VARIANT,10.306264,Refinement did not preserve enough robust edge.,175,3.645833,95.93,0.03,0.502857,1.171847,-101.12,34.68,1.05877,-87.82,0.866212,35,83.18,-0.25,1.491695,53,79.36,1.338552,14,45.25,4.415,1.586596,3,5,8,17,-146.896,0.774971,0.74,0.74
pdl_sweep_reclaim_long_sweep2.5_reclaim3_london_new_york_h8_cool4,pdl_sweep_reclaim_refined,LONG,8,120,4,"{""reclaim_max"": 3.0, ""reclaim_min"": 0.0, ""session_set"": ""london_new_york"", ""sweep_min"": 2.5}",REJECT_REFINED_VARIANT,10.2883,Refinement did not preserve enough robust edge.,120,2.553191,60.93,1.445,0.533333,1.120263,-118.42,18.93,1.035929,-65.07,0.885333,24,41.2,5.3,1.228622,36,47.42,1.204194,17,1.98,4.16,1.014127,4,5,7,17,-231.0755,0.68443,0.65,0.65
asia_high_breakout_long_close1.6_range8-35_london_new_york_h48_cool0,asia_high_breakout_refined,LONG,48,720,0,"{""asia_range_max"": 35.0, ""asia_range_min"": 8.0, ""close_above"": 1.6, ""session_set"": ""london_new_york""}",REJECT_REFINED_VARIANT,10.243585,Refinement did not preserve enough robust edge.,307,6.531915,35.75,-0.01,0.498371,1.015965,-363.12,-71.7,0.968738,-286.6,0.880932,62,293.71,2.625,1.636245,93,265.9,1.329206,11,226.21,22.73,3.416774,2,5,8,17,-651.5065,0.741117,0.485,0.485
asia_high_breakout_long_close1.6_range8-35_london_new_york_h48_cool4,asia_high_breakout_refined,LONG,48,720,4,"{""asia_range_max"": 35.0, ""asia_range_min"": 8.0, ""close_above"": 1.6, ""session_set"": ""london_new_york""}",REJECT_REFINED_VARIANT,10.243585,Refinement did not preserve enough robust edge.,307,6.531915,35.75,-0.01,0.498371,1.015965,-363.12,-71.7,0.968738,-286.6,0.880932,62,293.71,2.625,1.636245,93,265.9,1.329206,11,226.21,22.73,3.416774,2,5,8,17,-651.5065,0.741117,0.485,0.485
asia_high_breakout_long_close2_range8-35_london_new_york_h32_cool4,asia_high_breakout_refined,LONG,32,480,4,"{""asia_range_max"": 35.0, ""asia_range_min"": 8.0, ""close_above"": 2.0, ""session_set"": ""london_new_york""}",REJECT_REFINED_VARIANT,10.229823,Refinement did not preserve enough robust edge.,320,6.956522,-72.84,-0.435,0.490625,0.964022,-519.1,-184.84,0.911226,-408.84,0.814423,64,400.76,3.635,2.156795,96,273.02,1.387631,12,269.85,26.805,6.16163,2,5,8,17,-541.3675,0.760979,0.47,0.47
pdl_sweep_reclaim_long_sweep1.25_reclaim3_london_new_york_h3_cool0,pdl_sweep_reclaim_refined,LONG,3,45,0,"{""reclaim_max"": 3.0, ""reclaim_min"": 0.0, ""session_set"": ""london_new_york"", ""sweep_min"": 1.25}",REJECT_REFINED_VARIANT,10.201578,Refinement did not preserve enough robust edge.,250,5.102041,15.96,-0.52,0.436,1.024879,-165.19,-71.54,0.896505,-246.54,0.690405,50,108.03,0.945,1.616962,75,87.84,1.374201,24,124.73,4.835,3.438038,2,5,7,17,-191.343,0.753515,0.555,0.555
asia_high_breakout_long_close1.2_range8-35_london_new_york_h24_cool0,asia_high_breakout_refined,LONG,24,360,0,"{""asia_range_max"": 35.0, ""asia_range_min"": 8.0, ""close_above"": 1.2, ""session_set"": ""london_new_york""}",REJECT_REFINED_VARIANT,10.134249,Refinement did not preserve enough robust edge.,448,9.333333,8.32,-0.29,0.482143,1.003534,-381.31,-148.48,0.939081,-462.08,0.823011,90,337.23,2.005,1.661715,135,262.99,1.288515,17,222.64,11.31,4.138427,2,5,8,17,-504.2335,0.810519,0.505,0.505
asia_high_breakout_long_close2_range8-35_new_york_only_h32_cool0,asia_high_breakout_refined,LONG,32,480,0,"{""asia_range_max"": 35.0, ""asia_range_min"": 8.0, ""close_above"": 2.0, ""session_set"": ""new_york_only""}",REJECT_REFINED_VARIANT,10.049036,Refinement did not preserve enough robust edge.,270,6.0,-50.61,-0.37,0.488889,0.971846,-406.02,-145.11,0.921405,-334.11,0.828482,54,327.65,4.475,2.023299,81,197.09,1.300259,10,219.77,31.145,8.014682,2,5,7,17,-574.9665,0.716186,0.415,0.415
asia_high_breakout_long_close2_range8-35_new_york_only_h32_cool4,asia_high_breakout_refined,LONG,32,480,4,"{""asia_range_max"": 35.0, ""asia_range_min"": 8.0, ""close_above"": 2.0, ""session_set"": ""new_york_only""}",REJECT_REFINED_VARIANT,10.049036,Refinement did not preserve enough robust edge.,270,6.0,-50.61,-0.37,0.488889,0.971846,-406.02,-145.11,0.921405,-334.11,0.828482,54,327.65,4.475,2.023299,81,197.09,1.300259,10,219.77,31.145,8.014682,2,5,7,17,-574.9665,0.716186,0.415,0.415
asia_high_breakout_long_close0.8_range8-35_london_new_york_h24_cool4,asia_high_breakout_refined,LONG,24,360,4,"{""asia_range_max"": 35.0, ""asia_range_min"": 8.0, ""close_above"": 0.8, ""session_set"": ""london_new_york""}",REJECT_REFINED_VARIANT,10.041406,Refinement did not preserve enough robust edge.,433,9.020833,50.17,-0.16,0.484988,1.022125,-285.07,-101.38,0.956799,-404.48,0.838991,87,335.24,0.65,1.646607,130,189.25,1.199768,17,175.37,-0.03,2.859506,2,5,8,17,-511.3105,0.815792,0.51,0.51
asia_high_breakout_long_close1.2_range8-35_new_york_only_h24_cool0,asia_high_breakout_refined,LONG,24,360,0,"{""asia_range_max"": 35.0, ""asia_range_min"": 8.0, ""close_above"": 1.2, ""session_set"": ""new_york_only""}",REJECT_REFINED_VARIANT,10.005312,Refinement did not preserve enough robust edge.,282,6.0,-101.2,0.1,0.503546,0.942827,-396.8,-199.9,0.890155,-397.3,0.793601,57,274.29,4.93,1.736349,85,185.77,1.279458,10,249.29,24.455,14.652245,2,5,7,17,-597.2105,0.721302,0.375,0.375
asia_high_breakout_long_close1.2_range8-35_new_york_only_h24_cool4,asia_high_breakout_refined,LONG,24,360,4,"{""asia_range_max"": 35.0, ""asia_range_min"": 8.0, ""close_above"": 1.2, ""session_set"": ""new_york_only""}",REJECT_REFINED_VARIANT,10.005312,Refinement did not preserve enough robust edge.,282,6.0,-101.2,0.1,0.503546,0.942827,-396.8,-199.9,0.890155,-397.3,0.793601,57,274.29,4.93,1.736349,85,185.77,1.279458,10,249.29,24.455,14.652245,2,5,7,17,-597.2105,0.721302,0.375,0.375
pdl_sweep_reclaim_long_sweep2.5_reclaim3_london_new_york_h8_cool0,pdl_sweep_reclaim_refined,LONG,8,120,0,"{""reclaim_max"": 3.0, ""reclaim_min"": 0.0, ""session_set"": ""london_new_york"", ""sweep_min"": 2.5}",REJECT_REFINED_VARIANT,9.952248,Refinement did not preserve enough robust edge.,122,2.595745,43.72,1.445,0.532787,1.083067,-118.42,1.02,1.001865,-84.38,0.856545,25,28.66,4.16,1.14869,37,27.74,1.110119,18,-10.56,4.095,0.930845,3,5,8,17,-196.9265,0.71074,0.645,0.645
pdl_sweep_reclaim_long_sweep1.25_reclaim3_london_new_york_h6_cool4,pdl_sweep_reclaim_refined,LONG,6,90,4,"{""reclaim_max"": 3.0, ""reclaim_min"": 0.0, ""session_set"": ""london_new_york"", ""sweep_min"": 1.25}",REJECT_REFINED_VARIANT,9.908067,Refinement did not preserve enough robust edge.,213,4.346939,37.94,-0.3,0.474178,1.053166,-115.12,-36.61,0.951392,-185.71,0.778151,43,101.67,3.3,1.414151,64,108.9,1.362794,20,91.48,8.43,1.806844,3,5,7,17,-264.8615,0.713628,0.61,0.61
pdl_sweep_reclaim_long_sweep3_reclaim3_london_new_york_h6_cool4,pdl_sweep_reclaim_refined,LONG,6,90,4,"{""reclaim_max"": 3.0, ""reclaim_min"": 0.0, ""session_set"": ""london_new_york"", ""sweep_min"": 3.0}",REJECT_REFINED_VARIANT,9.894692,Refinement did not preserve enough robust edge.,99,2.2,30.74,0.39,0.515152,1.076025,-94.22,-3.91,0.99072,-73.21,0.840237,20,90.96,8.43,1.652792,30,46.75,1.227782,14,35.56,6.62,1.356455,4,5,6,17,-201.3295,0.615736,0.57,0.57
asia_high_breakout_long_close2_range8-35_new_york_only_h24_cool0,asia_high_breakout_refined,LONG,24,360,0,"{""asia_range_max"": 35.0, ""asia_range_min"": 8.0, ""close_above"": 2.0, ""session_set"": ""new_york_only""}",REJECT_REFINED_VARIANT,9.819247,Refinement did not preserve enough robust edge.,270,6.0,-95.41,-0.405,0.488889,0.94459,-434.87,-189.91,0.892783,-378.91,0.797768,54,318.48,5.835,1.961797,81,208.22,1.332514,10,249.29,24.455,14.652245,1,5,7,17,-599.4135,0.699854,0.34,0.34
asia_high_breakout_long_close2_range8-35_new_york_only_h24_cool4,asia_high_breakout_refined,LONG,24,360,4,"{""asia_range_max"": 35.0, ""asia_range_min"": 8.0, ""close_above"": 2.0, ""session_set"": ""new_york_only""}",REJECT_REFINED_VARIANT,9.819247,Refinement did not preserve enough robust edge.,270,6.0,-95.41,-0.405,0.488889,0.94459,-434.87,-189.91,0.892783,-378.91,0.797768,54,318.48,5.835,1.961797,81,208.22,1.332514,10,249.29,24.455,14.652245,1,5,7,17,-599.4135,0.699854,0.34,0.34
asia_high_breakout_long_close1.6_range8-35_london_new_york_h24_cool0,asia_high_breakout_refined,LONG,24,360,0,"{""asia_range_max"": 35.0, ""asia_range_min"": 8.0, ""close_above"": 1.6, ""session_set"": ""london_new_york""}",REJECT_REFINED_VARIANT,9.710567,Refinement did not preserve enough robust edge.,430,9.148936,-11.42,-0.715,0.469767,0.995137,-385.98,-161.92,0.933357,-462.92,0.821823,86,331.05,1.9,1.647328,129,223.17,1.243995,17,219.85,11.31,3.981826,2,5,8,17,-668.9555,0.753412,0.45,0.45
pdl_sweep_reclaim_long_sweep1.25_reclaim1.55_new_york_only_h8_cool4,pdl_sweep_reclaim_refined,LONG,8,120,4,"{""reclaim_max"": 1.55, ""reclaim_min"": 0.0, ""session_set"": ""new_york_only"", ""sweep_min"": 1.25}",REJECT_REFINED_VARIANT,9.700717,Refinement did not preserve enough robust edge.,89,2.119048,37.9,-0.19,0.494382,1.121791,-109.77,6.75,1.020612,-55.55,0.845891,18,50.17,2.025,1.656847,27,15.11,1.1146,5,20.57,4.8,1.804773,4,5,8,17,-96.025,0.744605,0.705,0.705
asia_high_breakout_long_close1.2_range8-35_london_new_york_h32_cool4,asia_high_breakout_refined,LONG,32,480,4,"{""asia_range_max"": 35.0, ""asia_range_min"": 8.0, ""close_above"": 1.2, ""session_set"": ""london_new_york""}",REJECT_REFINED_VARIANT,9.571653,Refinement did not preserve enough robust edge.,339,7.0625,-72.8,-0.49,0.480826,0.965982,-462.02,-191.45,0.913057,-428.75,0.816016,68,378.52,2.715,1.924437,102,286.1,1.377725,12,304.63,26.805,8.819045,2,5,8,17,-567.786,0.759834,0.335,0.335
asia_high_breakout_long_close1.6_range8-35_new_york_only_h32_cool0,asia_high_breakout_refined,LONG,32,480,0,"{""asia_range_max"": 35.0, ""asia_range_min"": 8.0, ""close_above"": 1.6, ""session_set"": ""new_york_only""}",REJECT_REFINED_VARIANT,9.571054,Refinement did not preserve enough robust edge.,278,6.177778,-83.16,-0.655,0.482014,0.955742,-406.23,-180.46,0.906485,-375.06,0.815665,56,284.77,4.295,1.784339,84,188.6,1.276159,10,219.77,31.145,8.014682,2,5,7,17,-528.9155,0.738944,0.425,0.425
asia_high_breakout_long_close1.6_range8-35_new_york_only_h32_cool4,asia_high_breakout_refined,LONG,32,480,4,"{""asia_range_max"": 35.0, ""asia_range_min"": 8.0, ""close_above"": 1.6, ""session_set"": ""new_york_only""}",REJECT_REFINED_VARIANT,9.571054,Refinement did not preserve enough robust edge.,278,6.177778,-83.16,-0.655,0.482014,0.955742,-406.23,-180.46,0.906485,-375.06,0.815665,56,284.77,4.295,1.784339,84,188.6,1.276159,10,219.77,31.145,8.014682,2,5,7,17,-528.9155,0.738944,0.425,0.425
pdl_sweep_reclaim_long_sweep3_reclaim3_london_new_york_h3_cool4,pdl_sweep_reclaim_refined,LONG,3,45,4,"{""reclaim_max"": 3.0, ""reclaim_min"": 0.0, ""session_set"": ""london_new_york"", ""sweep_min"": 3.0}",REJECT_REFINED_VARIANT,9.50808,Refinement did not preserve enough robust edge.,100,2.222222,-4.01,-0.91,0.45,0.98724,-96.39,-39.01,0.883169,-109.01,0.710149,20,83.43,6.99,2.100805,30,50.6,1.427221,14,54.9,6.99,2.301565,2,5,7,17,-146.882,0.611862,0.41,0.41
pdl_sweep_reclaim_long_sweep3_reclaim3_london_new_york_h6_cool0,pdl_sweep_reclaim_refined,LONG,6,90,0,"{""reclaim_max"": 3.0, ""reclaim_min"": 0.0, ""session_set"": ""london_new_york"", ""sweep_min"": 3.0}",REJECT_REFINED_VARIANT,9.418626,Refinement did not preserve enough robust edge.,100,2.222222,27.13,0.275,0.51,1.066503,-94.22,-7.87,0.981495,-77.87,0.831778,20,90.96,8.43,1.652792,30,46.75,1.227782,14,35.56,6.62,1.356455,4,5,6,17,-227.663,0.604875,0.515,0.515
asia_high_breakout_long_close1.6_range8-35_london_new_york_h32_cool4,asia_high_breakout_refined,LONG,32,480,4,"{""asia_range_max"": 35.0, ""asia_range_min"": 8.0, ""close_above"": 1.6, ""session_set"": ""london_new_york""}",REJECT_REFINED_VARIANT,9.282222,Refinement did not preserve enough robust edge.,331,7.042553,-87.74,-0.71,0.480363,0.958585,-474.53,-203.59,0.906572,-435.29,0.811192,67,348.91,2.41,1.830442,100,231.51,1.30224,12,291.31,26.805,6.572112,2,5,8,17,-532.537,0.768413,0.34,0.34
pdl_sweep_reclaim_long_sweep1.25_reclaim3_london_new_york_h8_cool4,pdl_sweep_reclaim_refined,LONG,8,120,4,"{""reclaim_max"": 3.0, ""reclaim_min"": 0.0, ""session_set"": ""london_new_york"", ""sweep_min"": 1.25}",REJECT_REFINED_VARIANT,9.25851,Refinement did not preserve enough robust edge.,203,4.142857,73.76,0.04,0.507389,1.100118,-117.12,2.71,1.003507,-139.39,0.835637,41,93.9,1.75,1.377078,61,101.1,1.348849,19,43.5,4.8,1.302525,4,5,10,17,-161.843,0.821666,0.65,0.65
pdl_sweep_reclaim_long_sweep1.25_reclaim2_new_york_only_h8_cool0,pdl_sweep_reclaim_refined,LONG,8,120,0,"{""reclaim_max"": 2.0, ""reclaim_min"": 0.0, ""session_set"": ""new_york_only"", ""sweep_min"": 1.25}",REJECT_REFINED_VARIANT,9.2012,Refinement did not preserve enough robust edge.,105,2.386364,42.29,-0.37,0.485714,1.109197,-132.76,5.54,1.013621,-67.96,0.847623,21,72.77,2.05,1.864971,32,-9.48,0.946864,6,-9.95,3.415,0.822575,3,5,9,17,-141.2775,0.702908,0.65,0.65
asia_high_breakout_long_close1.6_range8-35_new_york_only_h24_cool0,asia_high_breakout_refined,LONG,24,360,0,"{""asia_range_max"": 35.0, ""asia_range_min"": 8.0, ""close_above"": 1.6, ""session_set"": ""new_york_only""}",REJECT_REFINED_VARIANT,9.156764,Refinement did not preserve enough robust edge.,278,6.177778,-150.3,-0.405,0.482014,0.916064,-444.9,-247.6,0.865567,-442.2,0.773054,56,276.3,5.24,1.740136,84,173.73,1.25792,10,249.29,24.455,14.652245,1,5,7,17,-620.2745,0.689599,0.33,0.33
asia_high_breakout_long_close1.6_range8-35_new_york_only_h24_cool4,asia_high_breakout_refined,LONG,24,360,4,"{""asia_range_max"": 35.0, ""asia_range_min"": 8.0, ""close_above"": 1.6, ""session_set"": ""new_york_only""}",REJECT_REFINED_VARIANT,9.156764,Refinement did not preserve enough robust edge.,278,6.177778,-150.3,-0.405,0.482014,0.916064,-444.9,-247.6,0.865567,-442.2,0.773054,56,276.3,5.24,1.740136,84,173.73,1.25792,10,249.29,24.455,14.652245,1,5,7,17,-620.2745,0.689599,0.33,0.33
pdl_sweep_reclaim_long_sweep1.62_reclaim3_london_new_york_h3_cool4,pdl_sweep_reclaim_refined,LONG,3,45,4,"{""reclaim_max"": 3.0, ""reclaim_min"": 0.0, ""session_set"": ""london_new_york"", ""sweep_min"": 1.62}",REJECT_REFINED_VARIANT,8.987566,Refinement did not preserve enough robust edge.,190,3.877551,11.88,-0.455,0.452632,1.023315,-124.09,-54.62,0.900026,-187.62,0.700019,38,65.43,0.62,1.432252,57,42.26,1.206328,20,80.61,4.835,2.586499,2,5,8,17,-175.5415,0.714374,0.495,0.495
asia_high_breakout_long_close0.8_range4-35_london_only_h32_cool0,asia_high_breakout_refined,LONG,32,480,0,"{""asia_range_max"": 35.0, ""asia_range_min"": 4.0, ""close_above"": 0.8, ""session_set"": ""london_only""}",REJECT_REFINED_VARIANT,8.966852,Refinement did not preserve enough robust edge.,362,7.387755,-10.34,-1.275,0.453039,0.994457,-334.63,-137.04,0.929171,-390.44,0.812129,73,180.69,-4.57,1.411932,109,247.57,1.415463,8,173.66,24.33,5.373206,3,5,9,17,-468.384,0.761392,0.495,0.495
asia_high_breakout_long_close0.8_range4-35_london_only_h32_cool4,asia_high_breakout_refined,LONG,32,480,4,"{""asia_range_max"": 35.0, ""asia_range_min"": 4.0, ""close_above"": 0.8, ""session_set"": ""london_only""}",REJECT_REFINED_VARIANT,8.966852,Refinement did not preserve enough robust edge.,362,7.387755,-10.34,-1.275,0.453039,0.994457,-334.63,-137.04,0.929171,-390.44,0.812129,73,180.69,-4.57,1.411932,109,247.57,1.415463,8,173.66,24.33,5.373206,3,5,9,17,-468.384,0.761392,0.495,0.495
pdl_sweep_reclaim_long_sweep1.62_reclaim3_london_new_york_h8_cool0,pdl_sweep_reclaim_refined,LONG,8,120,0,"{""reclaim_max"": 3.0, ""reclaim_min"": 0.0, ""session_set"": ""london_new_york"", ""sweep_min"": 1.62}",REJECT_REFINED_VARIANT,8.959566,Refinement did not preserve enough robust edge.,187,3.816327,66.71,0.03,0.502674,1.097341,-105.46,1.26,1.001754,-129.64,0.835217,38,73.93,1.89,1.299688,57,46.45,1.150095,20,32.6,5.235,1.208533,4,5,7,17,-228.8225,0.742936,0.65,0.65
pdl_sweep_reclaim_long_sweep1.25_reclaim3_london_new_york_h8_cool0,pdl_sweep_reclaim_refined,LONG,8,120,0,"{""reclaim_max"": 3.0, ""reclaim_min"": 0.0, ""session_set"": ""london_new_york"", ""sweep_min"": 1.25}",REJECT_REFINED_VARIANT,8.838016,Refinement did not preserve enough robust edge.,220,4.489796,72.23,0.035,0.504545,1.091317,-105.46,-4.77,0.994257,-158.77,0.826158,44,56.7,1.07,1.198099,66,70.48,1.217921,20,30.96,4.415,1.198043,4,5,9,17,-209.143,0.77637,0.675,0.675
asia_high_breakout_long_close1.6_range8-35_london_only_h32_cool0,asia_high_breakout_refined,LONG,32,480,0,"{""asia_range_max"": 35.0, ""asia_range_min"": 8.0, ""close_above"": 1.6, ""session_set"": ""london_only""}",REJECT_REFINED_VARIANT,8.736012,Refinement did not preserve enough robust edge.,200,4.651163,-123.0,-2.035,0.45,0.898371,-376.57,-193.0,0.845464,-333.0,0.749537,40,196.13,-0.88,1.923791,60,180.95,1.496897,7,184.07,26.54,7.282253,2,5,6,16,-542.2165,0.612994,0.33,0.33
asia_high_breakout_long_close1.6_range8-35_london_only_h32_cool4,asia_high_breakout_refined,LONG,32,480,4,"{""asia_range_max"": 35.0, ""asia_range_min"": 8.0, ""close_above"": 1.6, ""session_set"": ""london_only""}",REJECT_REFINED_VARIANT,8.736012,Refinement did not preserve enough robust edge.,200,4.651163,-123.0,-2.035,0.45,0.898371,-376.57,-193.0,0.845464,-333.0,0.749537,40,196.13,-0.88,1.923791,60,180.95,1.496897,7,184.07,26.54,7.282253,2,5,6,16,-542.2165,0.612994,0.33,0.33
pdl_sweep_reclaim_long_sweep1.25_reclaim3_london_new_york_h3_cool4,pdl_sweep_reclaim_refined,LONG,3,45,4,"{""reclaim_max"": 3.0, ""reclaim_min"": 0.0, ""session_set"": ""london_new_york"", ""sweep_min"": 1.25}",REJECT_REFINED_VARIANT,8.733265,Refinement did not preserve enough robust edge.,224,4.571429,8.12,-0.52,0.446429,1.014031,-131.25,-70.28,0.887102,-227.08,0.682716,45,56.5,-0.16,1.325461,68,70.82,1.334609,20,76.7,3.775,2.509545,2,5,8,17,-186.7285,0.74599,0.52,0.52
asia_high_breakout_long_close2_range4-25_london_new_york_h32_cool0,asia_high_breakout_refined,LONG,32,480,0,"{""asia_range_max"": 25.0, ""asia_range_min"": 4.0, ""close_above"": 2.0, ""session_set"": ""london_new_york""}",REJECT_REFINED_VARIANT,8.730904,Refinement did not preserve enough robust edge.,488,11.090909,213.02,0.235,0.504098,1.08665,-188.55,42.22,1.016597,-299.38,0.890027,98,264.84,2.315,1.494852,147,249.77,1.325327,0,0.0,0.0,0.0,2,4,9,15,-313.3635,0.884965,0.74,0.74
pdl_sweep_reclaim_long_sweep3_reclaim3_london_new_york_h4_cool0,pdl_sweep_reclaim_refined,LONG,4,60,0,"{""reclaim_max"": 3.0, ""reclaim_min"": 0.0, ""session_set"": ""london_new_york"", ""sweep_min"": 3.0}",REJECT_REFINED_VARIANT,8.721194,Refinement did not preserve enough robust edge.,103,2.288889,-7.95,-0.45,0.485437,0.979499,-93.41,-44.0,0.891836,-116.1,0.739686,21,61.68,6.31,1.503757,31,29.49,1.16439,16,45.18,5.71,1.490874,2,5,6,17,-211.3765,0.589436,0.53,0.53
pdl_sweep_reclaim_long_sweep1.25_reclaim1_london_new_york_h3_cool4,pdl_sweep_reclaim_refined,LONG,3,45,4,"{""reclaim_max"": 1.0, ""reclaim_min"": 0.0, ""session_set"": ""london_new_york"", ""sweep_min"": 1.25}",REJECT_REFINED_VARIANT,8.6534,Refinement did not preserve enough robust edge.,137,2.914894,16.21,-0.58,0.430657,1.058965,-81.56,-31.74,0.895074,-127.64,0.646417,28,23.23,-0.2,1.371086,42,55.58,1.634982,9,21.95,1.0,3.308097,3,5,8,17,-88.422,0.71239,0.595,0.595
asia_high_breakout_long_close1.2_range4-35_london_only_h32_cool0,asia_high_breakout_refined,LONG,32,480,0,"{""asia_range_max"": 35.0, ""asia_range_min"": 4.0, ""close_above"": 1.2, ""session_set"": ""london_only""}",REJECT_REFINED_VARIANT,8.587524,Refinement did not preserve enough robust edge.,338,6.897959,-2.44,-1.405,0.446746,0.998623,-370.9,-120.74,0.934302,-357.34,0.81895,68,164.0,-4.57,1.392344,102,246.84,1.441345,7,197.39,26.54,13.352315,3,5,8,17,-416.467,0.792801,0.39,0.39
asia_high_breakout_long_close1.2_range4-35_london_only_h32_cool4,asia_high_breakout_refined,LONG,32,480,4,"{""asia_range_max"": 35.0, ""asia_range_min"": 4.0, ""close_above"": 1.2, ""session_set"": ""london_only""}",REJECT_REFINED_VARIANT,8.587524,Refinement did not preserve enough robust edge.,338,6.897959,-2.44,-1.405,0.446746,0.998623,-370.9,-120.74,0.934302,-357.34,0.81895,68,164.0,-4.57,1.392344,102,246.84,1.441345,7,197.39,26.54,13.352315,3,5,8,17,-416.467,0.792801,0.39,0.39
pdl_sweep_reclaim_long_sweep2_reclaim3_london_new_york_h3_cool0,pdl_sweep_reclaim_refined,LONG,3,45,0,"{""reclaim_max"": 3.0, ""reclaim_min"": 0.0, ""session_set"": ""london_new_york"", ""sweep_min"": 2.0}",REJECT_REFINED_VARIANT,8.527369,Refinement did not preserve enough robust edge.,173,3.604167,-22.46,-0.66,0.445087,0.954878,-151.06,-83.01,0.843896,-204.11,0.662427,35,77.57,1.27,1.550884,52,47.25,1.245863,21,90.99,5.65,2.980196,2,5,6,17,-202.4215,0.671282,0.4,0.4
asia_high_breakout_long_close1.2_range4-35_london_only_h48_cool0,asia_high_breakout_refined,LONG,48,720,0,"{""asia_range_max"": 35.0, ""asia_range_min"": 4.0, ""close_above"": 1.2, ""session_set"": ""london_only""}",REJECT_REFINED_VARIANT,8.475074,Refinement did not preserve enough robust edge.,338,6.897959,93.31,-0.605,0.476331,1.04215,-284.16,-24.99,0.989022,-261.59,0.891229,68,67.25,-2.085,1.113912,102,139.33,1.184502,7,118.19,36.25,2.274286,3,5,9,17,-424.3665,0.828673,0.625,0.625
asia_high_breakout_long_close1.2_range4-35_london_only_h48_cool4,asia_high_breakout_refined,LONG,48,720,4,"{""asia_range_max"": 35.0, ""asia_range_min"": 4.0, ""close_above"": 1.2, ""session_set"": ""london_only""}",REJECT_REFINED_VARIANT,8.475074,Refinement did not preserve enough robust edge.,338,6.897959,93.31,-0.605,0.476331,1.04215,-284.16,-24.99,0.989022,-261.59,0.891229,68,67.25,-2.085,1.113912,102,139.33,1.184502,7,118.19,36.25,2.274286,3,5,9,17,-424.3665,0.828673,0.625,0.625
pdl_sweep_reclaim_long_sweep1.25_reclaim1_london_new_york_h3_cool0,pdl_sweep_reclaim_refined,LONG,3,45,0,"{""reclaim_max"": 1.0, ""reclaim_min"": 0.0, ""session_set"": ""london_new_york"", ""sweep_min"": 1.25}",REJECT_REFINED_VARIANT,8.438248,Refinement did not preserve enough robust edge.,148,3.148936,9.75,-0.6,0.425676,1.032786,-83.16,-42.05,0.871572,-145.65,0.627313,30,22.98,-0.2,1.320145,45,56.74,1.586703,10,30.88,2.265,4.247108,3,5,8,17,-88.737,0.742583,0.555,0.555
pdl_sweep_reclaim_long_sweep2_reclaim3_london_new_york_h4_cool0,pdl_sweep_reclaim_refined,LONG,4,60,0,"{""reclaim_max"": 3.0, ""reclaim_min"": 0.0, ""session_set"": ""london_new_york"", ""sweep_min"": 2.0}",REJECT_REFINED_VARIANT,8.399039,Refinement did not preserve enough robust edge.,172,3.583333,-5.2,0.06,0.505814,0.990426,-103.81,-65.4,0.88611,-185.8,0.709728,35,66.44,2.14,1.377822,52,39.06,1.165159,20,58.61,4.94,1.606227,3,5,8,17,-188.8185,0.692699,0.455,0.455
asia_high_breakout_long_close2_range4-25_new_york_only_h48_cool0,asia_high_breakout_refined,LONG,48,720,0,"{""asia_range_max"": 25.0, ""asia_range_min"": 4.0, ""close_above"": 2.0, ""session_set"": ""new_york_only""}",REJECT_REFINED_VARIANT,8.382602,Refinement did not preserve enough robust edge.,402,9.348837,275.37,-0.075,0.495025,1.122207,-197.54,134.67,1.057915,-146.73,0.940699,81,216.2,3.62,1.468574,121,154.2,1.201161,0,0.0,0.0,0.0,3,4,8,15,-316.4325,0.877571,0.745,0.745
asia_high_breakout_long_close2_range4-25_new_york_only_h48_cool4,asia_high_breakout_refined,LONG,48,720,4,"{""asia_range_max"": 25.0, ""asia_range_min"": 4.0, ""close_above"": 2.0, ""session_set"": ""new_york_only""}",REJECT_REFINED_VARIANT,8.382602,Refinement did not preserve enough robust edge.,402,9.348837,275.37,-0.075,0.495025,1.122207,-197.54,134.67,1.057915,-146.73,0.940699,81,216.2,3.62,1.468574,121,154.2,1.201161,0,0.0,0.0,0.0,3,4,8,15,-316.4325,0.877571,0.745,0.745
asia_high_breakout_long_close1.6_range4-35_london_only_h32_cool0,asia_high_breakout_refined,LONG,32,480,0,"{""asia_range_max"": 35.0, ""asia_range_min"": 4.0, ""close_above"": 1.6, ""session_set"": ""london_only""}",REJECT_REFINED_VARIANT,8.28192,Refinement did not preserve enough robust edge.,315,6.428571,-34.2,-1.64,0.450794,0.979578,-425.31,-144.45,0.916776,-364.95,0.803981,63,194.34,-3.22,1.515518,95,294.51,1.582888,7,184.07,26.54,7.282253,3,5,10,17,-465.6885,0.743481,0.435,0.435
asia_high_breakout_long_close1.6_range4-35_london_only_h32_cool4,asia_high_breakout_refined,LONG,32,480,4,"{""asia_range_max"": 35.0, ""asia_range_min"": 4.0, ""close_above"": 1.6, ""session_set"": ""london_only""}",REJECT_REFINED_VARIANT,8.28192,Refinement did not preserve enough robust edge.,315,6.428571,-34.2,-1.64,0.450794,0.979578,-425.31,-144.45,0.916776,-364.95,0.803981,63,194.34,-3.22,1.515518,95,294.51,1.582888,7,184.07,26.54,7.282253,3,5,10,17,-465.6885,0.743481,0.435,0.435
asia_high_breakout_long_close1.6_range4-25_london_only_h24_cool0,asia_high_breakout_refined,LONG,24,360,0,"{""asia_range_max"": 25.0, ""asia_range_min"": 4.0, ""close_above"": 1.6, ""session_set"": ""london_only""}",REJECT_REFINED_VARIANT,8.090596,Refinement did not preserve enough robust edge.,289,6.568182,59.04,-0.56,0.470588,1.058648,-158.97,-42.11,0.960315,-244.41,0.791866,58,115.53,-1.085,1.457201,87,127.41,1.394764,0,0.0,0.0,0.0,2,4,9,15,-243.481,0.792928,0.665,0.665
asia_high_breakout_long_close1.6_range4-25_london_only_h24_cool4,asia_high_breakout_refined,LONG,24,360,4,"{""asia_range_max"": 25.0, ""asia_range_min"": 4.0, ""close_above"": 1.6, ""session_set"": ""london_only""}",REJECT_REFINED_VARIANT,8.090596,Refinement did not preserve enough robust edge.,289,6.568182,59.04,-0.56,0.470588,1.058648,-158.97,-42.11,0.960315,-244.41,0.791866,58,115.53,-1.085,1.457201,87,127.41,1.394764,0,0.0,0.0,0.0,2,4,9,15,-243.481,0.792928,0.665,0.665
asia_high_breakout_long_close1.2_range4-25_london_only_h24_cool0,asia_high_breakout_refined,LONG,24,360,0,"{""asia_range_max"": 25.0, ""asia_range_min"": 4.0, ""close_above"": 1.2, ""session_set"": ""london_only""}",REJECT_REFINED_VARIANT,8.082659,Refinement did not preserve enough robust edge.,311,7.068182,93.94,-0.4,0.475884,1.091023,-157.14,-14.91,0.986329,-232.61,0.808365,63,146.3,-0.71,1.584545,94,135.1,1.399669,0,0.0,0.0,0.0,2,4,8,15,-233.393,0.804156,0.59,0.59
asia_high_breakout_long_close1.2_range4-25_london_only_h24_cool4,asia_high_breakout_refined,LONG,24,360,4,"{""asia_range_max"": 25.0, ""asia_range_min"": 4.0, ""close_above"": 1.2, ""session_set"": ""london_only""}",REJECT_REFINED_VARIANT,8.082659,Refinement did not preserve enough robust edge.,311,7.068182,93.94,-0.4,0.475884,1.091023,-157.14,-14.91,0.986329,-232.61,0.808365,63,146.3,-0.71,1.584545,94,135.1,1.399669,0,0.0,0.0,0.0,2,4,8,15,-233.393,0.804156,0.59,0.59
pdl_sweep_reclaim_long_sweep3_reclaim3_london_new_york_h4_cool4,pdl_sweep_reclaim_refined,LONG,4,60,4,"{""reclaim_max"": 3.0, ""reclaim_min"": 0.0, ""session_set"": ""london_new_york"", ""sweep_min"": 3.0}",REJECT_REFINED_VARIANT,8.077496,Refinement did not preserve enough robust edge.,99,2.2,-21.12,-0.45,0.484848,0.943671,-93.62,-55.77,0.858178,-125.07,0.709848,20,70.23,6.605,1.628625,30,26.55,1.157408,14,32.22,5.71,1.396212,2,5,5,17,-212.3325,0.588053,0.425,0.425
asia_high_breakout_long_close2_range4-35_london_only_h32_cool0,asia_high_breakout_refined,LONG,32,480,0,"{""asia_range_max"": 35.0, ""asia_range_min"": 4.0, ""close_above"": 2.0, ""session_set"": ""london_only""}",REJECT_REFINED_VARIANT,8.053055,Refinement did not preserve enough robust edge.,296,6.040816,-58.58,-0.97,0.472973,0.96392,-377.35,-162.18,0.903399,-369.38,0.794049,60,181.07,-2.645,1.489339,89,212.51,1.404081,7,162.61,26.54,6.549829,3,5,9,17,-455.545,0.747202,0.415,0.415
asia_high_breakout_long_close2_range4-35_london_only_h32_cool4,asia_high_breakout_refined,LONG,32,480,4,"{""asia_range_max"": 35.0, ""asia_range_min"": 4.0, ""close_above"": 2.0, ""session_set"": ""london_only""}",REJECT_REFINED_VARIANT,8.053055,Refinement did not preserve enough robust edge.,296,6.040816,-58.58,-0.97,0.472973,0.96392,-377.35,-162.18,0.903399,-369.38,0.794049,60,181.07,-2.645,1.489339,89,212.51,1.404081,7,162.61,26.54,6.549829,3,5,9,17,-455.545,0.747202,0.415,0.415
asia_high_breakout_long_close2_range8-35_london_only_h32_cool0,asia_high_breakout_refined,LONG,32,480,0,"{""asia_range_max"": 35.0, ""asia_range_min"": 8.0, ""close_above"": 2.0, ""session_set"": ""london_only""}",REJECT_REFINED_VARIANT,8.019037,Refinement did not preserve enough robust edge.,192,4.571429,-137.16,-1.09,0.463542,0.886188,-362.9,-204.36,0.83539,-338.76,0.742904,39,180.08,0.43,1.89122,58,162.99,1.443052,7,162.61,26.54,6.549829,2,5,6,16,-487.016,0.637275,0.27,0.27
asia_high_breakout_long_close2_range8-35_london_only_h32_cool4,asia_high_breakout_refined,LONG,32,480,4,"{""asia_range_max"": 35.0, ""asia_range_min"": 8.0, ""close_above"": 2.0, ""session_set"": ""london_only""}",REJECT_REFINED_VARIANT,8.019037,Refinement did not preserve enough robust edge.,192,4.571429,-137.16,-1.09,0.463542,0.886188,-362.9,-204.36,0.83539,-338.76,0.742904,39,180.08,0.43,1.89122,58,162.99,1.443052,7,162.61,26.54,6.549829,2,5,6,16,-487.016,0.637275,0.27,0.27
asia_high_breakout_long_close1.2_range4-25_london_new_york_h48_cool0,asia_high_breakout_refined,LONG,48,720,0,"{""asia_range_max"": 25.0, ""asia_range_min"": 4.0, ""close_above"": 1.2, ""session_set"": ""london_new_york""}",REJECT_REFINED_VARIANT,7.939457,Refinement did not preserve enough robust edge.,461,10.477273,213.06,-0.11,0.496746,1.078437,-215.64,51.71,1.018476,-270.99,0.908745,93,222.14,2.45,1.375573,139,249.6,1.282839,0,0.0,0.0,0.0,3,4,7,15,-417.9595,0.863686,0.75,0.75
asia_high_breakout_long_close1.2_range4-25_london_new_york_h48_cool4,asia_high_breakout_refined,LONG,48,720,4,"{""asia_range_max"": 25.0, ""asia_range_min"": 4.0, ""close_above"": 1.2, ""session_set"": ""london_new_york""}",REJECT_REFINED_VARIANT,7.939457,Refinement did not preserve enough robust edge.,461,10.477273,213.06,-0.11,0.496746,1.078437,-215.64,51.71,1.018476,-270.99,0.908745,93,222.14,2.45,1.375573,139,249.6,1.282839,0,0.0,0.0,0.0,3,4,7,15,-417.9595,0.863686,0.75,0.75
asia_high_breakout_long_close2_range4-35_london_only_h48_cool0,asia_high_breakout_refined,LONG,48,720,0,"{""asia_range_max"": 35.0, ""asia_range_min"": 4.0, ""close_above"": 2.0, ""session_set"": ""london_only""}",REJECT_REFINED_VARIANT,7.931272,Refinement did not preserve enough robust edge.,296,6.040816,60.39,-0.045,0.496622,1.030095,-248.21,-43.21,0.979021,-250.41,0.884643,60,56.18,-1.72,1.101302,89,99.19,1.142241,7,101.59,20.5,2.085363,2,5,9,17,-521.8805,0.781753,0.535,0.535
asia_high_breakout_long_close2_range4-35_london_only_h48_cool4,asia_high_breakout_refined,LONG,48,720,4,"{""asia_range_max"": 35.0, ""asia_range_min"": 4.0, ""close_above"": 2.0, ""session_set"": ""london_only""}",REJECT_REFINED_VARIANT,7.931272,Refinement did not preserve enough robust edge.,296,6.040816,60.39,-0.045,0.496622,1.030095,-248.21,-43.21,0.979021,-250.41,0.884643,60,56.18,-1.72,1.101302,89,99.19,1.142241,7,101.59,20.5,2.085363,2,5,9,17,-521.8805,0.781753,0.535,0.535
pdl_sweep_reclaim_long_sweep2_reclaim3_london_new_york_h4_cool4,pdl_sweep_reclaim_refined,LONG,4,60,4,"{""reclaim_max"": 3.0, ""reclaim_min"": 0.0, ""session_set"": ""london_new_york"", ""sweep_min"": 2.0}",REJECT_REFINED_VARIANT,7.919121,Refinement did not preserve enough robust edge.,158,3.291667,-25.58,-0.175,0.493671,0.948542,-111.44,-80.88,0.846306,-191.48,0.674293,32,46.58,1.475,1.282081,48,43.23,1.213019,18,45.65,4.94,1.531061,3,5,6,17,-199.868,0.660219,0.505,0.505
asia_high_breakout_long_close0.8_range8-35_london_only_h32_cool0,asia_high_breakout_refined,LONG,32,480,0,"{""asia_range_max"": 35.0, ""asia_range_min"": 8.0, ""close_above"": 0.8, ""session_set"": ""london_only""}",REJECT_REFINED_VARIANT,7.918278,Refinement did not preserve enough robust edge.,223,5.068182,-132.19,-2.19,0.439462,0.900131,-384.47,-210.24,0.846253,-366.34,0.748788,45,192.24,-2.23,1.799301,67,124.76,1.288529,8,173.66,24.33,5.373206,2,5,6,16,-530.9085,0.65358,0.27,0.27
asia_high_breakout_long_close0.8_range8-35_london_only_h32_cool4,asia_high_breakout_refined,LONG,32,480,4,"{""asia_range_max"": 35.0, ""asia_range_min"": 8.0, ""close_above"": 0.8, ""session_set"": ""london_only""}",REJECT_REFINED_VARIANT,7.918278,Refinement did not preserve enough robust edge.,223,5.068182,-132.19,-2.19,0.439462,0.900131,-384.47,-210.24,0.846253,-366.34,0.748788,45,192.24,-2.23,1.799301,67,124.76,1.288529,8,173.66,24.33,5.373206,2,5,6,16,-530.9085,0.65358,0.27,0.27
asia_high_breakout_long_close1.6_range4-35_london_only_h48_cool0,asia_high_breakout_refined,LONG,48,720,0,"{""asia_range_max"": 35.0, ""asia_range_min"": 4.0, ""close_above"": 1.6, ""session_set"": ""london_only""}",REJECT_REFINED_VARIANT,7.854412,Refinement did not preserve enough robust edge.,315,6.428571,43.88,-0.15,0.488889,1.020573,-303.91,-66.37,0.969698,-286.87,0.87581,63,65.36,-1.39,1.114238,95,114.71,1.15388,7,117.34,36.25,2.253632,3,5,8,17,-471.9465,0.793174,0.55,0.55
asia_high_breakout_long_close1.6_range4-35_london_only_h48_cool4,asia_high_breakout_refined,LONG,48,720,4,"{""asia_range_max"": 35.0, ""asia_range_min"": 4.0, ""close_above"": 1.6, ""session_set"": ""london_only""}",REJECT_REFINED_VARIANT,7.854412,Refinement did not preserve enough robust edge.,315,6.428571,43.88,-0.15,0.488889,1.020573,-303.91,-66.37,0.969698,-286.87,0.87581,63,65.36,-1.39,1.114238,95,114.71,1.15388,7,117.34,36.25,2.253632,3,5,8,17,-471.9465,0.793174,0.55,0.55
asia_high_breakout_long_close1.6_range4-25_london_new_york_h24_cool0,asia_high_breakout_refined,LONG,24,360,0,"{""asia_range_max"": 25.0, ""asia_range_min"": 4.0, ""close_above"": 1.6, ""session_set"": ""london_new_york""}",REJECT_REFINED_VARIANT,7.704668,Refinement did not preserve enough robust edge.,635,14.431818,174.63,-0.31,0.480315,1.062125,-244.16,-47.62,0.983739,-492.12,0.844873,127,292.64,0.54,1.47648,191,243.15,1.268499,0,0.0,0.0,0.0,1,4,8,15,-294.067,0.900921,0.72,0.72
asia_high_breakout_long_close0.8_range4-25_new_york_only_h32_cool0,asia_high_breakout_refined,LONG,32,480,0,"{""asia_range_max"": 25.0, ""asia_range_min"": 4.0, ""close_above"": 0.8, ""session_set"": ""new_york_only""}",REJECT_REFINED_VARIANT,7.545133,Refinement did not preserve enough robust edge.,435,10.116279,175.58,-0.01,0.498851,1.075963,-194.67,23.33,1.009769,-281.17,0.889633,87,154.35,2.43,1.294747,131,38.27,1.044845,0,0.0,0.0,0.0,3,4,7,15,-360.7835,0.856804,0.67,0.67
asia_high_breakout_long_close0.8_range4-25_new_york_only_h32_cool4,asia_high_breakout_refined,LONG,32,480,4,"{""asia_range_max"": 25.0, ""asia_range_min"": 4.0, ""close_above"": 0.8, ""session_set"": ""new_york_only""}",REJECT_REFINED_VARIANT,7.545133,Refinement did not preserve enough robust edge.,435,10.116279,175.58,-0.01,0.498851,1.075963,-194.67,23.33,1.009769,-281.17,0.889633,87,154.35,2.43,1.294747,131,38.27,1.044845,0,0.0,0.0,0.0,3,4,7,15,-360.7835,0.856804,0.67,0.67
asia_high_breakout_long_close2_range4-25_london_only_h24_cool0,asia_high_breakout_refined,LONG,24,360,0,"{""asia_range_max"": 25.0, ""asia_range_min"": 4.0, ""close_above"": 2.0, ""session_set"": ""london_only""}",REJECT_REFINED_VARIANT,7.544383,Refinement did not preserve enough robust edge.,270,6.136364,48.72,-0.525,0.477778,1.050808,-162.58,-45.78,0.954618,-234.78,0.78938,54,83.88,-2.085,1.335896,81,88.74,1.277486,0,0.0,0.0,0.0,2,4,10,15,-213.76,0.796347,0.615,0.615
asia_high_breakout_long_close2_range4-25_london_only_h24_cool4,asia_high_breakout_refined,LONG,24,360,4,"{""asia_range_max"": 25.0, ""asia_range_min"": 4.0, ""close_above"": 2.0, ""session_set"": ""london_only""}",REJECT_REFINED_VARIANT,7.544383,Refinement did not preserve enough robust edge.,270,6.136364,48.72,-0.525,0.477778,1.050808,-162.58,-45.78,0.954618,-234.78,0.78938,54,83.88,-2.085,1.335896,81,88.74,1.277486,0,0.0,0.0,0.0,2,4,10,15,-213.76,0.796347,0.615,0.615
asia_high_breakout_long_close0.8_range6-30_new_york_only_h48_cool0,asia_high_breakout_refined,LONG,48,720,0,"{""asia_range_max"": 30.0, ""asia_range_min"": 6.0, ""close_above"": 0.8, ""session_set"": ""new_york_only""}",REJECT_REFINED_VARIANT,7.510077,Refinement did not preserve enough robust edge.,360,8.0,199.95,-0.1,0.497222,1.093676,-202.63,73.95,1.033641,-178.05,0.923573,72,63.93,0.305,1.116616,109,93.24,1.125895,1,0.47,0.47,999.0,4,5,8,16,-318.5215,0.868973,0.735,0.735
asia_high_breakout_long_close0.8_range6-30_new_york_only_h48_cool4,asia_high_breakout_refined,LONG,48,720,4,"{""asia_range_max"": 30.0, ""asia_range_min"": 6.0, ""close_above"": 0.8, ""session_set"": ""new_york_only""}",REJECT_REFINED_VARIANT,7.510077,Refinement did not preserve enough robust edge.,360,8.0,199.95,-0.1,0.497222,1.093676,-202.63,73.95,1.033641,-178.05,0.923573,72,63.93,0.305,1.116616,109,93.24,1.125895,1,0.47,0.47,999.0,4,5,8,16,-318.5215,0.868973,0.735,0.735
asia_high_breakout_long_close1.2_range8-35_london_only_h32_cool0,asia_high_breakout_refined,LONG,32,480,0,"{""asia_range_max"": 35.0, ""asia_range_min"": 8.0, ""close_above"": 1.2, ""session_set"": ""london_only""}",REJECT_REFINED_VARIANT,7.481783,Refinement did not preserve enough robust edge.,213,4.840909,-186.96,-2.15,0.431925,0.854568,-436.96,-261.51,0.803081,-410.61,0.710089,43,211.42,-2.19,1.968306,64,147.83,1.368764,7,197.39,26.54,13.352315,2,5,6,16,-564.3725,0.602101,0.135,0.135
asia_high_breakout_long_close1.2_range8-35_london_only_h32_cool4,asia_high_breakout_refined,LONG,32,480,4,"{""asia_range_max"": 35.0, ""asia_range_min"": 8.0, ""close_above"": 1.2, ""session_set"": ""london_only""}",REJECT_REFINED_VARIANT,7.481783,Refinement did not preserve enough robust edge.,213,4.840909,-186.96,-2.15,0.431925,0.854568,-436.96,-261.51,0.803081,-410.61,0.710089,43,211.42,-2.19,1.968306,64,147.83,1.368764,7,197.39,26.54,13.352315,2,5,6,16,-564.3725,0.602101,0.135,0.135
asia_high_breakout_long_close1.6_range8-35_london_only_h48_cool0,asia_high_breakout_refined,LONG,48,720,0,"{""asia_range_max"": 35.0, ""asia_range_min"": 8.0, ""close_above"": 1.6, ""session_set"": ""london_only""}",REJECT_REFINED_VARIANT,7.470692,Refinement did not preserve enough robust edge.,200,4.651163,-85.86,-0.53,0.485,0.944521,-243.7,-155.86,0.901605,-295.86,0.821877,40,32.3,-1.845,1.085581,60,49.98,1.089186,7,117.34,36.25,2.253632,1,5,7,16,-582.938,0.674963,0.43,0.43
asia_high_breakout_long_close1.6_range8-35_london_only_h48_cool4,asia_high_breakout_refined,LONG,48,720,4,"{""asia_range_max"": 35.0, ""asia_range_min"": 8.0, ""close_above"": 1.6, ""session_set"": ""london_only""}",REJECT_REFINED_VARIANT,7.470692,Refinement did not preserve enough robust edge.,200,4.651163,-85.86,-0.53,0.485,0.944521,-243.7,-155.86,0.901605,-295.86,0.821877,40,32.3,-1.845,1.085581,60,49.98,1.089186,7,117.34,36.25,2.253632,1,5,7,16,-582.938,0.674963,0.43,0.43
asia_high_breakout_long_close1.6_range4-25_london_new_york_h32_cool4,asia_high_breakout_refined,LONG,32,480,4,"{""asia_range_max"": 25.0, ""asia_range_min"": 4.0, ""close_above"": 1.6, ""session_set"": ""london_new_york""}",REJECT_REFINED_VARIANT,7.468994,Refinement did not preserve enough robust edge.,478,10.863636,84.94,-0.405,0.485356,1.034619,-248.08,-82.36,0.96758,-416.96,0.846762,96,298.07,3.135,1.603735,144,256.92,1.3412,0,0.0,0.0,0.0,1,4,8,15,-418.3245,0.851582,0.645,0.645
asia_high_breakout_long_close2_range4-25_london_new_york_h32_cool4,asia_high_breakout_refined,LONG,32,480,4,"{""asia_range_max"": 25.0, ""asia_range_min"": 4.0, ""close_above"": 2.0, ""session_set"": ""london_new_york""}",REJECT_REFINED_VARIANT,7.456108,Refinement did not preserve enough robust edge.,454,10.318182,86.65,0.06,0.502203,1.0372,-211.62,-72.25,0.970012,-390.05,0.848699,91,242.86,2.41,1.496504,137,210.41,1.288636,0,0.0,0.0,0.0,1,4,8,15,-396.235,0.848396,0.605,0.605
asia_high_breakout_long_close2_range4-25_london_new_york_h48_cool0,asia_high_breakout_refined,LONG,48,720,0,"{""asia_range_max"": 25.0, ""asia_range_min"": 4.0, ""close_above"": 2.0, ""session_set"": ""london_new_york""}",REJECT_REFINED_VARIANT,7.427216,Refinement did not preserve enough robust edge.,434,9.863636,161.96,-0.015,0.5,1.062435,-202.63,10.06,1.003766,-293.74,0.896331,87,188.15,0.98,1.339247,131,159.38,1.18209,0,0.0,0.0,0.0,3,4,7,15,-365.899,0.872935,0.65,0.65
asia_high_breakout_long_close2_range4-25_london_new_york_h48_cool4,asia_high_breakout_refined,LONG,48,720,4,"{""asia_range_max"": 25.0, ""asia_range_min"": 4.0, ""close_above"": 2.0, ""session_set"": ""london_new_york""}",REJECT_REFINED_VARIANT,7.427216,Refinement did not preserve enough robust edge.,434,9.863636,161.96,-0.015,0.5,1.062435,-202.63,10.06,1.003766,-293.74,0.896331,87,188.15,0.98,1.339247,131,159.38,1.18209,0,0.0,0.0,0.0,3,4,7,15,-365.899,0.872935,0.65,0.65
pdl_sweep_reclaim_long_sweep1.62_reclaim1_london_new_york_h3_cool4,pdl_sweep_reclaim_refined,LONG,3,45,4,"{""reclaim_max"": 1.0, ""reclaim_min"": 0.0, ""session_set"": ""london_new_york"", ""sweep_min"": 1.62}",REJECT_REFINED_VARIANT,7.324882,Refinement did not preserve enough robust edge.,110,2.55814,-3.38,-0.67,0.409091,0.985953,-79.04,-41.88,0.840996,-118.88,0.618877,22,8.03,-0.875,1.128645,33,53.14,1.758601,8,18.42,0.325,2.936909,3,5,9,17,-116.3725,0.596282,0.48,0.48
asia_high_breakout_long_close2_range6-30_new_york_only_h48_cool0,asia_high_breakout_refined,LONG,48,720,0,"{""asia_range_max"": 30.0, ""asia_range_min"": 6.0, ""close_above"": 2.0, ""session_set"": ""new_york_only""}",REJECT_REFINED_VARIANT,7.318104,Refinement did not preserve enough robust edge.,332,7.545455,137.07,-0.245,0.490964,1.068181,-196.07,20.87,1.010082,-211.53,0.903588,67,43.47,0.16,1.081539,100,55.14,1.077255,1,0.47,0.47,999.0,4,5,9,16,-335.7555,0.855137,0.715,0.715
asia_high_breakout_long_close2_range6-30_new_york_only_h48_cool4,asia_high_breakout_refined,LONG,48,720,4,"{""asia_range_max"": 30.0, ""asia_range_min"": 6.0, ""close_above"": 2.0, ""session_set"": ""new_york_only""}",REJECT_REFINED_VARIANT,7.318104,Refinement did not preserve enough robust edge.,332,7.545455,137.07,-0.245,0.490964,1.068181,-196.07,20.87,1.010082,-211.53,0.903588,67,43.47,0.16,1.081539,100,55.14,1.077255,1,0.47,0.47,999.0,4,5,9,16,-335.7555,0.855137,0.715,0.715
asia_high_breakout_long_close1.2_range4-25_london_new_york_h24_cool0,asia_high_breakout_refined,LONG,24,360,0,"{""asia_range_max"": 25.0, ""asia_range_min"": 4.0, ""close_above"": 1.2, ""session_set"": ""london_new_york""}",REJECT_REFINED_VARIANT,7.295614,Refinement did not preserve enough robust edge.,667,15.159091,178.69,-0.22,0.487256,1.062313,-254.89,-54.76,0.981688,-521.66,0.8394,134,294.29,0.755,1.466379,201,243.09,1.260078,0,0.0,0.0,0.0,1,4,8,15,-363.9665,0.878871,0.66,0.66
pdl_sweep_reclaim_long_sweep1.62_reclaim2_new_york_only_h8_cool0,pdl_sweep_reclaim_refined,LONG,8,120,0,"{""reclaim_max"": 2.0, ""reclaim_min"": 0.0, ""session_set"": ""new_york_only"", ""sweep_min"": 1.62}",REJECT_REFINED_VARIANT,7.282813,Refinement did not preserve enough robust edge.,89,2.282051,-6.37,-0.63,0.460674,0.981472,-103.15,-37.52,0.896043,-99.82,0.747483,18,41.98,2.025,1.49899,27,-28.42,0.829892,5,-14.75,2.03,0.736983,3,5,5,17,-179.1015,0.607233,0.44,0.44
pdl_sweep_reclaim_long_sweep1.62_reclaim1_london_new_york_h3_cool0,pdl_sweep_reclaim_refined,LONG,3,45,0,"{""reclaim_max"": 1.0, ""reclaim_min"": 0.0, ""session_set"": ""london_new_york"", ""sweep_min"": 1.62}",REJECT_REFINED_VARIANT,7.270745,Refinement did not preserve enough robust edge.,116,2.697674,-9.34,-0.725,0.405172,0.96392,-88.24,-49.94,0.823559,-131.14,0.6078,24,7.78,-0.875,1.108659,35,52.89,1.66755,9,27.35,1.0,3.87592,3,5,9,17,-118.03,0.606164,0.47,0.47
asia_high_breakout_long_close1.6_range4-25_new_york_only_h48_cool0,asia_high_breakout_refined,LONG,48,720,0,"{""asia_range_max"": 25.0, ""asia_range_min"": 4.0, ""close_above"": 1.6, ""session_set"": ""new_york_only""}",REJECT_REFINED_VARIANT,7.269373,Refinement did not preserve enough robust edge.,417,9.697674,178.04,-0.17,0.491607,1.073774,-225.44,32.09,1.012895,-259.81,0.901722,84,166.19,2.29,1.313359,126,109.47,1.131532,0,0.0,0.0,0.0,3,4,7,15,-370.5075,0.865984,0.66,0.66
asia_high_breakout_long_close1.6_range4-25_new_york_only_h48_cool4,asia_high_breakout_refined,LONG,48,720,4,"{""asia_range_max"": 25.0, ""asia_range_min"": 4.0, ""close_above"": 1.6, ""session_set"": ""new_york_only""}",REJECT_REFINED_VARIANT,7.269373,Refinement did not preserve enough robust edge.,417,9.697674,178.04,-0.17,0.491607,1.073774,-225.44,32.09,1.012895,-259.81,0.901722,84,166.19,2.29,1.313359,126,109.47,1.131532,0,0.0,0.0,0.0,3,4,7,15,-370.5075,0.865984,0.66,0.66
asia_high_breakout_long_close0.8_range4-35_london_only_h24_cool0,asia_high_breakout_refined,LONG,24,360,0,"{""asia_range_max"": 35.0, ""asia_range_min"": 4.0, ""close_above"": 0.8, ""session_set"": ""london_only""}",REJECT_REFINED_VARIANT,7.262855,Refinement did not preserve enough robust edge.,362,7.387755,53.74,-0.38,0.466851,1.04235,-140.45,-72.96,0.9455,-326.36,0.780207,73,59.88,-1.78,1.153111,109,102.76,1.206569,8,-18.44,-4.72,0.710063,2,5,9,17,-306.7765,0.785208,0.6,0.6
asia_high_breakout_long_close0.8_range4-35_london_only_h24_cool4,asia_high_breakout_refined,LONG,24,360,4,"{""asia_range_max"": 35.0, ""asia_range_min"": 4.0, ""close_above"": 0.8, ""session_set"": ""london_only""}",REJECT_REFINED_VARIANT,7.262855,Refinement did not preserve enough robust edge.,362,7.387755,53.74,-0.38,0.466851,1.04235,-140.45,-72.96,0.9455,-326.36,0.780207,73,59.88,-1.78,1.153111,109,102.76,1.206569,8,-18.44,-4.72,0.710063,2,5,9,17,-306.7765,0.785208,0.6,0.6
pdl_sweep_reclaim_long_sweep2_reclaim3_london_new_york_h8_cool4,pdl_sweep_reclaim_refined,LONG,8,120,4,"{""reclaim_max"": 3.0, ""reclaim_min"": 0.0, ""session_set"": ""london_new_york"", ""sweep_min"": 2.0}",REJECT_REFINED_VARIANT,7.16607,Refinement did not preserve enough robust edge.,150,3.125,-9.39,-0.095,0.493333,0.984217,-138.44,-61.89,0.900526,-166.89,0.753791,30,52.87,3.03,1.248543,45,40.25,1.159824,17,7.25,6.44,1.051727,4,5,5,17,-244.4395,0.637797,0.545,0.545
asia_high_breakout_long_close0.8_range4-25_new_york_only_h24_cool0,asia_high_breakout_refined,LONG,24,360,0,"{""asia_range_max"": 25.0, ""asia_range_min"": 4.0, ""close_above"": 0.8, ""session_set"": ""new_york_only""}",REJECT_REFINED_VARIANT,7.080297,Refinement did not preserve enough robust edge.,435,10.116279,95.87,-0.03,0.494253,1.043488,-200.51,-56.38,0.975297,-360.88,0.852385,87,166.51,2.97,1.322875,131,8.22,1.009962,0,0.0,0.0,0.0,2,4,6,15,-507.1705,0.801009,0.595,0.595
asia_high_breakout_long_close0.8_range4-25_new_york_only_h24_cool4,asia_high_breakout_refined,LONG,24,360,4,"{""asia_range_max"": 25.0, ""asia_range_min"": 4.0, ""close_above"": 0.8, ""session_set"": ""new_york_only""}",REJECT_REFINED_VARIANT,7.080297,Refinement did not preserve enough robust edge.,435,10.116279,95.87,-0.03,0.494253,1.043488,-200.51,-56.38,0.975297,-360.88,0.852385,87,166.51,2.97,1.322875,131,8.22,1.009962,0,0.0,0.0,0.0,2,4,6,15,-507.1705,0.801009,0.595,0.595
asia_high_breakout_long_close1.2_range8-35_london_only_h48_cool0,asia_high_breakout_refined,LONG,48,720,0,"{""asia_range_max"": 35.0, ""asia_range_min"": 8.0, ""close_above"": 1.2, ""session_set"": ""london_only""}",REJECT_REFINED_VARIANT,7.074286,Refinement did not preserve enough robust edge.,213,4.840909,-71.79,-1.15,0.478873,0.954367,-267.98,-146.34,0.909243,-295.44,0.825612,43,56.33,-2.12,1.152776,64,41.97,1.073393,7,118.19,36.25,2.274286,1,5,7,16,-536.16,0.710116,0.355,0.355
asia_high_breakout_long_close1.2_range8-35_london_only_h48_cool4,asia_high_breakout_refined,LONG,48,720,4,"{""asia_range_max"": 35.0, ""asia_range_min"": 8.0, ""close_above"": 1.2, ""session_set"": ""london_only""}",REJECT_REFINED_VARIANT,7.074286,Refinement did not preserve enough robust edge.,213,4.840909,-71.79,-1.15,0.478873,0.954367,-267.98,-146.34,0.909243,-295.44,0.825612,43,56.33,-2.12,1.152776,64,41.97,1.073393,7,118.19,36.25,2.274286,1,5,7,16,-536.16,0.710116,0.355,0.355
asia_high_breakout_long_close2_range4-25_new_york_only_h32_cool0,asia_high_breakout_refined,LONG,32,480,0,"{""asia_range_max"": 25.0, ""asia_range_min"": 4.0, ""close_above"": 2.0, ""session_set"": ""new_york_only""}",REJECT_REFINED_VARIANT,7.051527,Refinement did not preserve enough robust edge.,402,9.348837,71.74,-0.145,0.492537,1.032486,-195.68,-68.96,0.969758,-350.36,0.855868,81,177.22,4.23,1.379868,121,90.93,1.121108,0,0.0,0.0,0.0,2,4,7,15,-438.892,0.816828,0.565,0.565
asia_high_breakout_long_close2_range4-25_new_york_only_h32_cool4,asia_high_breakout_refined,LONG,32,480,4,"{""asia_range_max"": 25.0, ""asia_range_min"": 4.0, ""close_above"": 2.0, ""session_set"": ""new_york_only""}",REJECT_REFINED_VARIANT,7.051527,Refinement did not preserve enough robust edge.,402,9.348837,71.74,-0.145,0.492537,1.032486,-195.68,-68.96,0.969758,-350.36,0.855868,81,177.22,4.23,1.379868,121,90.93,1.121108,0,0.0,0.0,0.0,2,4,7,15,-438.892,0.816828,0.565,0.565
pdl_sweep_reclaim_long_sweep1.25_reclaim1_london_new_york_h4_cool4,pdl_sweep_reclaim_refined,LONG,4,60,4,"{""reclaim_max"": 1.0, ""reclaim_min"": 0.0, ""session_set"": ""london_new_york"", ""sweep_min"": 1.25}",REJECT_REFINED_VARIANT,6.998537,Refinement did not preserve enough robust edge.,133,2.829787,-26.27,-0.23,0.466165,0.917148,-128.75,-72.82,0.787672,-165.92,0.582665,27,24.81,1.03,1.298305,40,22.12,1.18284,9,34.92,3.6,3.492505,1,5,6,17,-145.493,0.608355,0.405,0.405
asia_high_breakout_long_close2_range8-35_london_only_h48_cool0,asia_high_breakout_refined,LONG,48,720,0,"{""asia_range_max"": 35.0, ""asia_range_min"": 8.0, ""close_above"": 2.0, ""session_set"": ""london_only""}",REJECT_REFINED_VARIANT,6.996629,Refinement did not preserve enough robust edge.,192,4.571429,-71.27,-0.045,0.494792,0.95231,-221.56,-138.47,0.909423,-272.87,0.829618,39,-3.95,-2.3,0.989616,58,28.55,1.05148,7,101.59,20.5,2.085363,2,5,7,16,-603.7985,0.65774,0.395,0.395
asia_high_breakout_long_close2_range8-35_london_only_h48_cool4,asia_high_breakout_refined,LONG,48,720,4,"{""asia_range_max"": 35.0, ""asia_range_min"": 8.0, ""close_above"": 2.0, ""session_set"": ""london_only""}",REJECT_REFINED_VARIANT,6.996629,Refinement did not preserve enough robust edge.,192,4.571429,-71.27,-0.045,0.494792,0.95231,-221.56,-138.47,0.909423,-272.87,0.829618,39,-3.95,-2.3,0.989616,58,28.55,1.05148,7,101.59,20.5,2.085363,2,5,7,16,-603.7985,0.65774,0.395,0.395
pdl_sweep_reclaim_long_sweep2_reclaim3_london_new_york_h3_cool4,pdl_sweep_reclaim_refined,LONG,3,45,4,"{""reclaim_max"": 3.0, ""reclaim_min"": 0.0, ""session_set"": ""london_new_york"", ""sweep_min"": 2.0}",REJECT_REFINED_VARIANT,6.97282,Refinement did not preserve enough robust edge.,161,3.354167,-40.31,-0.72,0.447205,0.914046,-137.88,-96.66,0.806881,-209.36,0.631733,33,48.57,1.0,1.341441,49,28.1,1.153812,18,59.84,4.835,2.312281,2,5,6,17,-217.067,0.612962,0.3,0.3
asia_high_breakout_long_close1.6_range4-25_london_new_york_h48_cool0,asia_high_breakout_refined,LONG,48,720,0,"{""asia_range_max"": 25.0, ""asia_range_min"": 4.0, ""close_above"": 1.6, ""session_set"": ""london_new_york""}",REJECT_REFINED_VARIANT,6.967774,Refinement did not preserve enough robust edge.,451,10.25,118.32,-0.08,0.498891,1.043307,-242.36,-39.53,0.985946,-355.23,0.880876,91,202.48,0.98,1.34126,136,225.04,1.251329,0,0.0,0.0,0.0,2,4,7,15,-513.8765,0.827281,0.635,0.635
asia_high_breakout_long_close1.6_range4-25_london_new_york_h48_cool4,asia_high_breakout_refined,LONG,48,720,4,"{""asia_range_max"": 25.0, ""asia_range_min"": 4.0, ""close_above"": 1.6, ""session_set"": ""london_new_york""}",REJECT_REFINED_VARIANT,6.967774,Refinement did not preserve enough robust edge.,451,10.25,118.32,-0.08,0.498891,1.043307,-242.36,-39.53,0.985946,-355.23,0.880876,91,202.48,0.98,1.34126,136,225.04,1.251329,0,0.0,0.0,0.0,2,4,7,15,-513.8765,0.827281,0.635,0.635
asia_high_breakout_long_close1.2_range8-35_london_only_h24_cool0,asia_high_breakout_refined,LONG,24,360,0,"{""asia_range_max"": 35.0, ""asia_range_min"": 8.0, ""close_above"": 1.2, ""session_set"": ""london_only""}",REJECT_REFINED_VARIANT,6.967766,Refinement did not preserve enough robust edge.,213,4.840909,-51.65,-1.46,0.43662,0.942821,-197.36,-126.2,0.866534,-275.3,0.733453,43,139.35,-1.46,1.890985,64,73.44,1.221052,7,6.35,-1.78,1.163618,2,5,8,16,-303.797,0.688847,0.375,0.375
asia_high_breakout_long_close1.2_range8-35_london_only_h24_cool4,asia_high_breakout_refined,LONG,24,360,4,"{""asia_range_max"": 35.0, ""asia_range_min"": 8.0, ""close_above"": 1.2, ""session_set"": ""london_only""}",REJECT_REFINED_VARIANT,6.967766,Refinement did not preserve enough robust edge.,213,4.840909,-51.65,-1.46,0.43662,0.942821,-197.36,-126.2,0.866534,-275.3,0.733453,43,139.35,-1.46,1.890985,64,73.44,1.221052,7,6.35,-1.78,1.163618,2,5,8,16,-303.797,0.688847,0.375,0.375
asia_high_breakout_long_close0.8_range4-35_london_only_h48_cool0,asia_high_breakout_refined,LONG,48,720,0,"{""asia_range_max"": 35.0, ""asia_range_min"": 4.0, ""close_above"": 0.8, ""session_set"": ""london_only""}",REJECT_REFINED_VARIANT,6.958002,Refinement did not preserve enough robust edge.,362,7.387755,56.31,-1.0,0.472376,1.023861,-301.43,-70.39,0.970999,-323.79,0.873789,73,49.08,-2.05,1.076268,109,87.03,1.10518,8,66.04,25.115,1.455763,4,5,5,17,-453.594,0.82365,0.585,0.585
asia_high_breakout_long_close0.8_range4-35_london_only_h48_cool4,asia_high_breakout_refined,LONG,48,720,4,"{""asia_range_max"": 35.0, ""asia_range_min"": 4.0, ""close_above"": 0.8, ""session_set"": ""london_only""}",REJECT_REFINED_VARIANT,6.958002,Refinement did not preserve enough robust edge.,362,7.387755,56.31,-1.0,0.472376,1.023861,-301.43,-70.39,0.970999,-323.79,0.873789,73,49.08,-2.05,1.076268,109,87.03,1.10518,8,66.04,25.115,1.455763,4,5,5,17,-453.594,0.82365,0.585,0.585
asia_high_breakout_long_close1.2_range4-25_new_york_only_h32_cool0,asia_high_breakout_refined,LONG,32,480,0,"{""asia_range_max"": 25.0, ""asia_range_min"": 4.0, ""close_above"": 1.2, ""session_set"": ""new_york_only""}",REJECT_REFINED_VARIANT,6.939722,Refinement did not preserve enough robust edge.,426,9.906977,97.26,-0.06,0.495305,1.041597,-211.42,-51.84,0.978525,-350.04,0.863806,86,143.98,3.105,1.275882,128,13.18,1.015427,0,0.0,0.0,0.0,2,4,7,15,-424.0455,0.838226,0.605,0.605
asia_high_breakout_long_close1.2_range4-25_new_york_only_h32_cool4,asia_high_breakout_refined,LONG,32,480,4,"{""asia_range_max"": 25.0, ""asia_range_min"": 4.0, ""close_above"": 1.2, ""session_set"": ""new_york_only""}",REJECT_REFINED_VARIANT,6.939722,Refinement did not preserve enough robust edge.,426,9.906977,97.26,-0.06,0.495305,1.041597,-211.42,-51.84,0.978525,-350.04,0.863806,86,143.98,3.105,1.275882,128,13.18,1.015427,0,0.0,0.0,0.0,2,4,7,15,-424.0455,0.838226,0.605,0.605
asia_high_breakout_long_close1.2_range4-35_london_only_h24_cool0,asia_high_breakout_refined,LONG,24,360,0,"{""asia_range_max"": 35.0, ""asia_range_min"": 4.0, ""close_above"": 1.2, ""session_set"": ""london_only""}",REJECT_REFINED_VARIANT,6.929594,Refinement did not preserve enough robust edge.,338,6.897959,53.71,-0.595,0.464497,1.044492,-184.62,-64.59,0.949223,-301.19,0.786062,68,80.28,-2.68,1.228809,102,122.66,1.27493,7,6.35,-1.78,1.163618,3,5,9,17,-284.6975,0.786995,0.55,0.55
asia_high_breakout_long_close1.2_range4-35_london_only_h24_cool4,asia_high_breakout_refined,LONG,24,360,4,"{""asia_range_max"": 35.0, ""asia_range_min"": 4.0, ""close_above"": 1.2, ""session_set"": ""london_only""}",REJECT_REFINED_VARIANT,6.929594,Refinement did not preserve enough robust edge.,338,6.897959,53.71,-0.595,0.464497,1.044492,-184.62,-64.59,0.949223,-301.19,0.786062,68,80.28,-2.68,1.228809,102,122.66,1.27493,7,6.35,-1.78,1.163618,3,5,9,17,-284.6975,0.786995,0.55,0.55
pdl_sweep_reclaim_long_sweep1.62_reclaim1.55_new_york_only_h8_cool0,pdl_sweep_reclaim_refined,LONG,8,120,0,"{""reclaim_max"": 1.55, ""reclaim_min"": 0.0, ""session_set"": ""new_york_only"", ""sweep_min"": 1.62}",REJECT_REFINED_VARIANT,6.914038,Refinement did not preserve enough robust edge.,80,2.162162,-24.9,-0.505,0.4625,0.920018,-88.47,-52.9,0.838068,-108.9,0.695436,16,37.9,2.025,1.458117,24,-30.28,0.80496,5,-14.75,2.03,0.736983,2,5,4,17,-169.5075,0.556661,0.395,0.395
asia_high_breakout_long_close0.8_range6-30_new_york_only_h32_cool0,asia_high_breakout_refined,LONG,32,480,0,"{""asia_range_max"": 30.0, ""asia_range_min"": 6.0, ""close_above"": 0.8, ""session_set"": ""new_york_only""}",REJECT_REFINED_VARIANT,6.905045,Refinement did not preserve enough robust edge.,360,8.0,41.03,0.195,0.505556,1.01988,-181.43,-84.97,0.960046,-336.97,0.850763,72,24.57,-0.7,1.044911,109,20.38,1.027322,1,-8.35,-8.35,0.0,2,5,7,16,-389.2065,0.821581,0.595,0.595
asia_high_breakout_long_close0.8_range6-30_new_york_only_h32_cool4,asia_high_breakout_refined,LONG,32,480,4,"{""asia_range_max"": 30.0, ""asia_range_min"": 6.0, ""close_above"": 0.8, ""session_set"": ""new_york_only""}",REJECT_REFINED_VARIANT,6.905045,Refinement did not preserve enough robust edge.,360,8.0,41.03,0.195,0.505556,1.01988,-181.43,-84.97,0.960046,-336.97,0.850763,72,24.57,-0.7,1.044911,109,20.38,1.027322,1,-8.35,-8.35,0.0,2,5,7,16,-389.2065,0.821581,0.595,0.595
pdl_sweep_reclaim_long_sweep1.25_reclaim1.55_new_york_only_h8_cool0,pdl_sweep_reclaim_refined,LONG,8,120,0,"{""reclaim_max"": 1.55, ""reclaim_min"": 0.0, ""session_set"": ""new_york_only"", ""sweep_min"": 1.25}",REJECT_REFINED_VARIANT,6.721428,Refinement did not preserve enough robust edge.,95,2.261905,-0.18,-0.37,0.484211,0.999493,-118.45,-33.43,0.91025,-99.93,0.75523,19,20.58,2.03,1.192516,29,-39.73,0.76924,6,-9.95,3.415,0.822575,2,5,7,17,-158.6215,0.614909,0.465,0.465
pdl_sweep_reclaim_long_sweep2_reclaim3_london_new_york_h8_cool0,pdl_sweep_reclaim_refined,LONG,8,120,0,"{""reclaim_max"": 3.0, ""reclaim_min"": 0.0, ""session_set"": ""london_new_york"", ""sweep_min"": 2.0}",REJECT_REFINED_VARIANT,6.721098,Refinement did not preserve enough robust edge.,158,3.291667,-11.34,-0.095,0.493671,0.981953,-146.72,-66.64,0.898568,-177.24,0.752271,32,29.29,1.89,1.123953,48,18.57,1.067424,18,-5.29,5.235,0.965357,2,5,6,17,-251.8355,0.672,0.55,0.55
pdl_sweep_reclaim_long_sweep2_reclaim1_london_new_york_h6_cool0,pdl_sweep_reclaim_refined,LONG,6,90,0,"{""reclaim_max"": 1.0, ""reclaim_min"": 0.0, ""session_set"": ""london_new_york"", ""sweep_min"": 2.0}",REJECT_REFINED_VARIANT,6.670372,Refinement did not preserve enough robust edge.,92,2.190476,-33.54,-0.575,0.445652,0.868943,-112.87,-65.74,0.760117,-130.14,0.584337,19,34.75,0.42,1.462963,28,41.44,1.466299,7,23.91,4.45,2.164637,2,5,7,17,-130.763,0.536156,0.32,0.32
asia_high_breakout_long_close1.6_range4-35_london_only_h24_cool0,asia_high_breakout_refined,LONG,24,360,0,"{""asia_range_max"": 35.0, ""asia_range_min"": 4.0, ""close_above"": 1.6, ""session_set"": ""london_only""}",REJECT_REFINED_VARIANT,6.640428,Refinement did not preserve enough robust edge.,315,6.428571,15.43,-0.66,0.460317,1.013019,-187.45,-94.82,0.923873,-315.32,0.769947,63,83.19,-3.3,1.258627,95,120.67,1.283756,7,3.56,-4.57,1.085577,3,5,10,17,-334.9885,0.746694,0.515,0.515
asia_high_breakout_long_close1.6_range4-35_london_only_h24_cool4,asia_high_breakout_refined,LONG,24,360,4,"{""asia_range_max"": 35.0, ""asia_range_min"": 4.0, ""close_above"": 1.6, ""session_set"": ""london_only""}",REJECT_REFINED_VARIANT,6.640428,Refinement did not preserve enough robust edge.,315,6.428571,15.43,-0.66,0.460317,1.013019,-187.45,-94.82,0.923873,-315.32,0.769947,63,83.19,-3.3,1.258627,95,120.67,1.283756,7,3.56,-4.57,1.085577,3,5,10,17,-334.9885,0.746694,0.515,0.515
asia_high_breakout_long_close2_range4-35_london_only_h24_cool0,asia_high_breakout_refined,LONG,24,360,0,"{""asia_range_max"": 35.0, ""asia_range_min"": 4.0, ""close_above"": 2.0, ""session_set"": ""london_only""}",REJECT_REFINED_VARIANT,6.639191,Refinement did not preserve enough robust edge.,296,6.040816,5.63,-0.685,0.469595,1.0049,-191.06,-97.97,0.918656,-305.17,0.769078,60,79.2,-2.83,1.252029,89,99.59,1.238049,7,15.63,-4.57,1.375992,3,5,11,17,-322.4145,0.748557,0.48,0.48
asia_high_breakout_long_close2_range4-35_london_only_h24_cool4,asia_high_breakout_refined,LONG,24,360,4,"{""asia_range_max"": 35.0, ""asia_range_min"": 4.0, ""close_above"": 2.0, ""session_set"": ""london_only""}",REJECT_REFINED_VARIANT,6.639191,Refinement did not preserve enough robust edge.,296,6.040816,5.63,-0.685,0.469595,1.0049,-191.06,-97.97,0.918656,-305.17,0.769078,60,79.2,-2.83,1.252029,89,99.59,1.238049,7,15.63,-4.57,1.375992,3,5,11,17,-322.4145,0.748557,0.48,0.48
pdl_sweep_reclaim_long_sweep3_reclaim3_london_new_york_h8_cool0,pdl_sweep_reclaim_refined,LONG,8,120,0,"{""reclaim_max"": 3.0, ""reclaim_min"": 0.0, ""session_set"": ""london_new_york"", ""sweep_min"": 3.0}",REJECT_REFINED_VARIANT,6.575171,Refinement did not preserve enough robust edge.,99,2.2,-19.41,0.03,0.505051,0.958882,-118.42,-54.06,0.889637,-123.36,0.76527,20,52.05,5.3,1.307679,30,8.73,1.039468,14,-24.29,4.095,0.826698,3,5,7,17,-272.569,0.544401,0.405,0.405
pdl_sweep_reclaim_long_sweep3_reclaim3_london_new_york_h8_cool4,pdl_sweep_reclaim_refined,LONG,8,120,4,"{""reclaim_max"": 3.0, ""reclaim_min"": 0.0, ""session_set"": ""london_new_york"", ""sweep_min"": 3.0}",REJECT_REFINED_VARIANT,6.575171,Refinement did not preserve enough robust edge.,99,2.2,-19.41,0.03,0.505051,0.958882,-118.42,-54.06,0.889637,-123.36,0.76527,20,52.05,5.3,1.307679,30,8.73,1.039468,14,-24.29,4.095,0.826698,3,5,7,17,-272.569,0.544401,0.405,0.405
asia_high_breakout_long_close1.2_range6-30_new_york_only_h48_cool0,asia_high_breakout_refined,LONG,48,720,0,"{""asia_range_max"": 30.0, ""asia_range_min"": 6.0, ""close_above"": 1.2, ""session_set"": ""new_york_only""}",REJECT_REFINED_VARIANT,6.572854,Refinement did not preserve enough robust edge.,354,7.866667,80.29,-0.25,0.49435,1.036866,-217.56,-43.61,0.98054,-291.41,0.877106,71,46.38,0.45,1.082928,107,70.27,1.092817,1,0.47,0.47,999.0,4,5,8,16,-392.776,0.830872,0.62,0.62
asia_high_breakout_long_close1.2_range6-30_new_york_only_h48_cool4,asia_high_breakout_refined,LONG,48,720,4,"{""asia_range_max"": 30.0, ""asia_range_min"": 6.0, ""close_above"": 1.2, ""session_set"": ""new_york_only""}",REJECT_REFINED_VARIANT,6.572854,Refinement did not preserve enough robust edge.,354,7.866667,80.29,-0.25,0.49435,1.036866,-217.56,-43.61,0.98054,-291.41,0.877106,71,46.38,0.45,1.082928,107,70.27,1.092817,1,0.47,0.47,999.0,4,5,8,16,-392.776,0.830872,0.62,0.62
asia_high_breakout_long_close0.8_range8-35_london_only_h48_cool0,asia_high_breakout_refined,LONG,48,720,0,"{""asia_range_max"": 35.0, ""asia_range_min"": 8.0, ""close_above"": 0.8, ""session_set"": ""london_only""}",REJECT_REFINED_VARIANT,6.544537,Refinement did not preserve enough robust edge.,223,5.068182,-43.47,-1.39,0.475336,0.972903,-226.41,-121.52,0.926144,-277.62,0.839612,45,14.08,-2.19,1.033389,67,-13.86,0.978068,8,66.04,25.115,1.455763,1,5,6,16,-534.9105,0.708793,0.425,0.425
asia_high_breakout_long_close0.8_range8-35_london_only_h48_cool4,asia_high_breakout_refined,LONG,48,720,4,"{""asia_range_max"": 35.0, ""asia_range_min"": 8.0, ""close_above"": 0.8, ""session_set"": ""london_only""}",REJECT_REFINED_VARIANT,6.544537,Refinement did not preserve enough robust edge.,223,5.068182,-43.47,-1.39,0.475336,0.972903,-226.41,-121.52,0.926144,-277.62,0.839612,45,14.08,-2.19,1.033389,67,-13.86,0.978068,8,66.04,25.115,1.455763,1,5,6,16,-534.9105,0.708793,0.425,0.425
asia_high_breakout_long_close0.8_range6-30_london_new_york_h24_cool4,asia_high_breakout_refined,LONG,24,360,4,"{""asia_range_max"": 30.0, ""asia_range_min"": 6.0, ""close_above"": 0.8, ""session_set"": ""london_new_york""}",REJECT_REFINED_VARIANT,6.541624,Refinement did not preserve enough robust edge.,537,11.673913,34.35,-0.22,0.486034,1.013986,-203.16,-153.6,0.939872,-529.5,0.808202,108,34.65,-0.685,1.046333,162,123.97,1.135371,3,-14.79,-1.78,0.0,1,5,7,17,-443.2105,0.830675,0.62,0.62
asia_high_breakout_long_close0.8_range6-30_london_new_york_h32_cool0,asia_high_breakout_refined,LONG,32,480,0,"{""asia_range_max"": 30.0, ""asia_range_min"": 6.0, ""close_above"": 0.8, ""session_set"": ""london_new_york""}",REJECT_REFINED_VARIANT,6.540096,Refinement did not preserve enough robust edge.,485,10.543478,91.1,-0.32,0.486598,1.035092,-218.07,-78.65,0.970691,-418.15,0.854104,97,112.34,-2.23,1.176035,146,258.22,1.315406,3,-20.91,-4.93,0.0,2,5,6,17,-365.3945,0.872515,0.58,0.58
pdl_sweep_reclaim_long_sweep1.62_reclaim1_london_new_york_h4_cool4,pdl_sweep_reclaim_refined,LONG,4,60,4,"{""reclaim_max"": 1.0, ""reclaim_min"": 0.0, ""session_set"": ""london_new_york"", ""sweep_min"": 1.62}",REJECT_REFINED_VARIANT,6.537159,Refinement did not preserve enough robust edge.,107,2.488372,-28.18,-0.45,0.457944,0.8948,-119.78,-65.63,0.772663,-140.53,0.57715,22,18.32,-0.435,1.222763,33,3.42,1.029168,8,32.77,4.94,3.339044,2,5,8,17,-131.3775,0.567134,0.35,0.35
asia_high_breakout_long_close2_range6-30_london_new_york_h24_cool0,asia_high_breakout_refined,LONG,24,360,0,"{""asia_range_max"": 30.0, ""asia_range_min"": 6.0, ""close_above"": 2.0, ""session_set"": ""london_new_york""}",REJECT_REFINED_VARIANT,6.480518,Refinement did not preserve enough robust edge.,506,11.244444,101.95,-0.415,0.48419,1.042135,-226.88,-75.15,0.970083,-429.35,0.841251,102,15.7,-1.64,1.02239,152,100.68,1.116491,3,-29.8,-11.36,0.0,3,5,7,17,-368.899,0.870953,0.64,0.64
pdl_sweep_reclaim_long_sweep1.25_reclaim1_london_new_york_h8_cool4,pdl_sweep_reclaim_refined,LONG,8,120,4,"{""reclaim_max"": 1.0, ""reclaim_min"": 0.0, ""session_set"": ""london_new_york"", ""sweep_min"": 1.25}",REJECT_REFINED_VARIANT,6.459894,Refinement did not preserve enough robust edge.,128,2.723404,-24.05,-0.5,0.46875,0.940479,-149.8,-68.85,0.839529,-158.45,0.670438,26,11.82,-0.735,1.106095,39,-23.43,0.863803,8,27.48,4.415,2.571184,2,5,7,17,-183.1925,0.629586,0.425,0.425
asia_high_breakout_long_close1.2_range6-30_london_new_york_h32_cool0,asia_high_breakout_refined,LONG,32,480,0,"{""asia_range_max"": 30.0, ""asia_range_min"": 6.0, ""close_above"": 1.2, ""session_set"": ""london_new_york""}",REJECT_REFINED_VARIANT,6.400154,Refinement did not preserve enough robust edge.,459,9.978261,81.27,-0.38,0.485839,1.032569,-223.66,-79.38,0.969212,-400.68,0.854318,92,82.11,-2.21,1.13314,138,239.52,1.303566,3,-20.91,-4.93,0.0,1,5,8,17,-476.138,0.82775,0.58,0.58
pdl_sweep_reclaim_long_sweep2_reclaim1_london_new_york_h6_cool4,pdl_sweep_reclaim_refined,LONG,6,90,4,"{""reclaim_max"": 1.0, ""reclaim_min"": 0.0, ""session_set"": ""london_new_york"", ""sweep_min"": 2.0}",REJECT_REFINED_VARIANT,6.349882,Refinement did not preserve enough robust edge.,89,2.119048,-39.74,-0.37,0.449438,0.841623,-120.44,-70.89,0.73583,-133.19,0.564724,18,38.4,0.935,1.53774,27,25.46,1.271863,7,23.91,4.45,2.164637,2,5,6,17,-151.2695,0.508502,0.255,0.255
asia_high_breakout_long_close1.2_range4-25_new_york_only_h24_cool0,asia_high_breakout_refined,LONG,24,360,0,"{""asia_range_max"": 25.0, ""asia_range_min"": 4.0, ""close_above"": 1.2, ""session_set"": ""new_york_only""}",REJECT_REFINED_VARIANT,6.27154,Refinement did not preserve enough robust edge.,426,9.906977,13.55,-0.01,0.497653,1.006112,-215.19,-135.55,0.940876,-433.75,0.823073,86,143.22,2.545,1.273227,128,-21.37,0.974346,0,0.0,0.0,0.0,2,4,6,15,-471.771,0.804586,0.5,0.5
asia_high_breakout_long_close1.2_range4-25_new_york_only_h24_cool4,asia_high_breakout_refined,LONG,24,360,4,"{""asia_range_max"": 25.0, ""asia_range_min"": 4.0, ""close_above"": 1.2, ""session_set"": ""new_york_only""}",REJECT_REFINED_VARIANT,6.27154,Refinement did not preserve enough robust edge.,426,9.906977,13.55,-0.01,0.497653,1.006112,-215.19,-135.55,0.940876,-433.75,0.823073,86,143.22,2.545,1.273227,128,-21.37,0.974346,0,0.0,0.0,0.0,2,4,6,15,-471.771,0.804586,0.5,0.5
asia_high_breakout_long_close1.6_range4-25_new_york_only_h32_cool0,asia_high_breakout_refined,LONG,32,480,0,"{""asia_range_max"": 25.0, ""asia_range_min"": 4.0, ""close_above"": 1.6, ""session_set"": ""new_york_only""}",REJECT_REFINED_VARIANT,6.23949,Refinement did not preserve enough robust edge.,417,9.697674,-0.28,-0.6,0.484412,0.999882,-207.21,-146.23,0.940105,-438.13,0.83137,84,140.4,3.105,1.270797,126,37.26,1.045052,0,0.0,0.0,0.0,2,4,7,15,-510.552,0.803264,0.485,0.485
asia_high_breakout_long_close1.6_range4-25_new_york_only_h32_cool4,asia_high_breakout_refined,LONG,32,480,4,"{""asia_range_max"": 25.0, ""asia_range_min"": 4.0, ""close_above"": 1.6, ""session_set"": ""new_york_only""}",REJECT_REFINED_VARIANT,6.23949,Refinement did not preserve enough robust edge.,417,9.697674,-0.28,-0.6,0.484412,0.999882,-207.21,-146.23,0.940105,-438.13,0.83137,84,140.4,3.105,1.270797,126,37.26,1.045052,0,0.0,0.0,0.0,2,4,7,15,-510.552,0.803264,0.485,0.485
pdl_sweep_reclaim_long_sweep1.62_reclaim1_london_new_york_h4_cool0,pdl_sweep_reclaim_refined,LONG,4,60,0,"{""reclaim_max"": 1.0, ""reclaim_min"": 0.0, ""session_set"": ""london_new_york"", ""sweep_min"": 1.62}",REJECT_REFINED_VARIANT,6.238716,Refinement did not preserve enough robust edge.,115,2.674419,-27.11,-0.45,0.46087,0.905678,-111.99,-67.36,0.782597,-147.86,0.585815,23,10.15,-1.42,1.112266,35,25.37,1.229427,8,32.77,4.94,3.339044,2,5,9,17,-131.7965,0.611126,0.315,0.315
pdl_sweep_reclaim_long_sweep1.25_reclaim1_london_new_york_h4_cool0,pdl_sweep_reclaim_refined,LONG,4,60,0,"{""reclaim_max"": 1.0, ""reclaim_min"": 0.0, ""session_set"": ""london_new_york"", ""sweep_min"": 1.25}",REJECT_REFINED_VARIANT,6.207578,Refinement did not preserve enough robust edge.,145,3.085106,-31.38,-0.45,0.462069,0.909101,-125.23,-82.13,0.78026,-183.63,0.57686,29,16.1,0.55,1.175229,44,31.65,1.245064,9,34.92,3.6,3.492505,2,5,9,17,-149.12,0.631754,0.295,0.295
asia_high_breakout_long_close0.8_range6-30_new_york_only_h24_cool0,asia_high_breakout_refined,LONG,24,360,0,"{""asia_range_max"": 30.0, ""asia_range_min"": 6.0, ""close_above"": 0.8, ""session_set"": ""new_york_only""}",REJECT_REFINED_VARIANT,6.204344,Refinement did not preserve enough robust edge.,360,8.0,-20.51,0.13,0.505556,0.989605,-222.23,-146.51,0.928043,-398.51,0.816247,72,48.72,1.155,1.095123,109,63.24,1.091031,1,10.11,10.11,999.0,3,5,7,16,-477.518,0.785304,0.5,0.5
asia_high_breakout_long_close0.8_range6-30_new_york_only_h24_cool4,asia_high_breakout_refined,LONG,24,360,4,"{""asia_range_max"": 30.0, ""asia_range_min"": 6.0, ""close_above"": 0.8, ""session_set"": ""new_york_only""}",REJECT_REFINED_VARIANT,6.204344,Refinement did not preserve enough robust edge.,360,8.0,-20.51,0.13,0.505556,0.989605,-222.23,-146.51,0.928043,-398.51,0.816247,72,48.72,1.155,1.095123,109,63.24,1.091031,1,10.11,10.11,999.0,3,5,7,16,-477.518,0.785304,0.5,0.5
asia_high_breakout_long_close2_range4-25_new_york_only_h24_cool0,asia_high_breakout_refined,LONG,24,360,0,"{""asia_range_max"": 25.0, ""asia_range_min"": 4.0, ""close_above"": 2.0, ""session_set"": ""new_york_only""}",REJECT_REFINED_VARIANT,6.200062,Refinement did not preserve enough robust edge.,402,9.348837,0.86,-0.245,0.49005,1.000406,-221.4,-139.84,0.936207,-421.24,0.82029,81,175.8,2.97,1.371922,121,64.02,1.086654,0,0.0,0.0,0.0,2,4,7,15,-483.151,0.792964,0.46,0.46
asia_high_breakout_long_close2_range4-25_new_york_only_h24_cool4,asia_high_breakout_refined,LONG,24,360,4,"{""asia_range_max"": 25.0, ""asia_range_min"": 4.0, ""close_above"": 2.0, ""session_set"": ""new_york_only""}",REJECT_REFINED_VARIANT,6.200062,Refinement did not preserve enough robust edge.,402,9.348837,0.86,-0.245,0.49005,1.000406,-221.4,-139.84,0.936207,-421.24,0.82029,81,175.8,2.97,1.371922,121,64.02,1.086654,0,0.0,0.0,0.0,2,4,7,15,-483.151,0.792964,0.46,0.46
pdl_sweep_reclaim_long_sweep1.62_reclaim1_london_new_york_h6_cool0,pdl_sweep_reclaim_refined,LONG,6,90,0,"{""reclaim_max"": 1.0, ""reclaim_min"": 0.0, ""session_set"": ""london_new_york"", ""sweep_min"": 1.62}",REJECT_REFINED_VARIANT,6.194472,Refinement did not preserve enough robust edge.,111,2.581395,-23.87,-0.63,0.45045,0.919377,-113.96,-62.72,0.802625,-140.42,0.615214,23,13.13,-1.61,1.130504,34,14.04,1.116428,8,13.75,4.17,1.448029,2,5,10,17,-136.1725,0.617797,0.37,0.37
asia_high_breakout_long_close2_range6-30_london_new_york_h32_cool0,asia_high_breakout_refined,LONG,32,480,0,"{""asia_range_max"": 30.0, ""asia_range_min"": 6.0, ""close_above"": 2.0, ""session_set"": ""london_new_york""}",REJECT_REFINED_VARIANT,6.184572,Refinement did not preserve enough robust edge.,417,9.266667,-14.94,0.18,0.503597,0.993514,-233.61,-160.89,0.932298,-452.79,0.821064,84,60.95,-1.925,1.10289,126,146.91,1.189845,3,-34.23,-4.93,0.0,1,5,7,17,-484.4655,0.811453,0.535,0.535
asia_high_breakout_long_close2_range8-35_london_only_h24_cool0,asia_high_breakout_refined,LONG,24,360,0,"{""asia_range_max"": 35.0, ""asia_range_min"": 8.0, ""close_above"": 2.0, ""session_set"": ""london_only""}",REJECT_REFINED_VARIANT,6.164725,Refinement did not preserve enough robust edge.,192,4.571429,-79.93,-1.37,0.447917,0.909959,-195.27,-147.13,0.840959,-281.53,0.719661,39,85.1,-1.46,1.512249,58,69.78,1.222053,7,15.63,-4.57,1.375992,2,5,8,16,-357.401,0.630405,0.345,0.345
asia_high_breakout_long_close2_range8-35_london_only_h24_cool4,asia_high_breakout_refined,LONG,24,360,4,"{""asia_range_max"": 35.0, ""asia_range_min"": 8.0, ""close_above"": 2.0, ""session_set"": ""london_only""}",REJECT_REFINED_VARIANT,6.164725,Refinement did not preserve enough robust edge.,192,4.571429,-79.93,-1.37,0.447917,0.909959,-195.27,-147.13,0.840959,-281.53,0.719661,39,85.1,-1.46,1.512249,58,69.78,1.222053,7,15.63,-4.57,1.375992,2,5,8,16,-357.401,0.630405,0.345,0.345
asia_high_breakout_long_close1.2_range6-30_london_new_york_h24_cool4,asia_high_breakout_refined,LONG,24,360,4,"{""asia_range_max"": 30.0, ""asia_range_min"": 6.0, ""close_above"": 1.2, ""session_set"": ""london_new_york""}",REJECT_REFINED_VARIANT,6.155525,Refinement did not preserve enough robust edge.,511,11.108696,53.98,-0.3,0.485323,1.023036,-221.05,-124.87,0.948754,-482.57,0.816648,103,27.96,-1.47,1.03925,154,119.87,1.139965,3,-14.79,-1.78,0.0,1,5,7,17,-404.2465,0.844875,0.57,0.57
pdl_sweep_reclaim_long_sweep1.25_reclaim3_new_york_only_h8_cool4,pdl_sweep_reclaim_refined,LONG,8,120,4,"{""reclaim_max"": 3.0, ""reclaim_min"": 0.0, ""session_set"": ""new_york_only"", ""sweep_min"": 1.25}",REJECT_REFINED_VARIANT,6.123874,Refinement did not preserve enough robust edge.,118,2.622222,-41.8,-0.28,0.474576,0.921289,-108.97,-83.1,0.849726,-165.7,0.722775,24,14.57,1.805,1.084045,36,-46.98,0.815562,8,-30.71,3.415,0.743977,2,5,8,17,-308.187,0.54282,0.42,0.42
asia_high_breakout_long_close1.6_range6-30_london_new_york_h24_cool4,asia_high_breakout_refined,LONG,24,360,4,"{""asia_range_max"": 30.0, ""asia_range_min"": 6.0, ""close_above"": 1.6, ""session_set"": ""london_new_york""}",REJECT_REFINED_VARIANT,6.123209,Refinement did not preserve enough robust edge.,489,10.866667,61.98,-0.4,0.480573,1.026711,-247.77,-109.17,0.954709,-451.47,0.826149,98,-24.46,-1.68,0.966413,147,102.55,1.120211,3,-17.58,-4.57,0.0,1,5,7,17,-371.6055,0.859011,0.635,0.635
pdl_sweep_reclaim_long_sweep1.62_reclaim1_london_new_york_h6_cool4,pdl_sweep_reclaim_refined,LONG,6,90,4,"{""reclaim_max"": 1.0, ""reclaim_min"": 0.0, ""session_set"": ""london_new_york"", ""sweep_min"": 1.62}",REJECT_REFINED_VARIANT,6.108343,Refinement did not preserve enough robust edge.,106,2.465116,-21.91,-0.5,0.45283,0.921292,-115.61,-59.01,0.802655,-133.21,0.612852,22,9.2,-2.63,1.091442,32,4.23,1.035487,8,13.75,4.17,1.448029,2,5,8,17,-163.789,0.550975,0.37,0.37
asia_high_breakout_long_close0.8_range6-30_london_new_york_h24_cool0,asia_high_breakout_refined,LONG,24,360,0,"{""asia_range_max"": 30.0, ""asia_range_min"": 6.0, ""close_above"": 0.8, ""session_set"": ""london_new_york""}",REJECT_REFINED_VARIANT,6.034229,Refinement did not preserve enough robust edge.,580,12.608696,69.57,-0.305,0.477586,1.026162,-250.96,-133.43,0.951785,-539.43,0.819798,116,37.48,-1.465,1.048538,174,146.97,1.152869,3,-27.01,-11.36,0.0,2,5,7,17,-520.333,0.810925,0.59,0.59
asia_high_breakout_long_close1.6_range6-30_new_york_only_h48_cool0,asia_high_breakout_refined,LONG,48,720,0,"{""asia_range_max"": 30.0, ""asia_range_min"": 6.0, ""close_above"": 1.6, ""session_set"": ""new_york_only""}",REJECT_REFINED_VARIANT,6.009963,Refinement did not preserve enough robust edge.,346,7.863636,10.75,-0.505,0.485549,1.004928,-219.62,-110.35,0.950828,-352.55,0.851477,70,18.69,0.305,1.032973,104,34.68,1.045795,1,0.47,0.47,999.0,4,5,8,16,-501.8595,0.783969,0.55,0.55
asia_high_breakout_long_close1.6_range6-30_new_york_only_h48_cool4,asia_high_breakout_refined,LONG,48,720,4,"{""asia_range_max"": 30.0, ""asia_range_min"": 6.0, ""close_above"": 1.6, ""session_set"": ""new_york_only""}",REJECT_REFINED_VARIANT,6.009963,Refinement did not preserve enough robust edge.,346,7.863636,10.75,-0.505,0.485549,1.004928,-219.62,-110.35,0.950828,-352.55,0.851477,70,18.69,0.305,1.032973,104,34.68,1.045795,1,0.47,0.47,999.0,4,5,8,16,-501.8595,0.783969,0.55,0.55
asia_high_breakout_long_close1.6_range8-35_london_only_h24_cool0,asia_high_breakout_refined,LONG,24,360,0,"{""asia_range_max"": 35.0, ""asia_range_min"": 8.0, ""close_above"": 1.6, ""session_set"": ""london_only""}",REJECT_REFINED_VARIANT,5.997447,Refinement did not preserve enough robust edge.,200,4.651163,-72.0,-1.38,0.435,0.919763,-201.57,-142.0,0.848477,-282.0,0.723481,40,102.15,-0.745,1.635854,60,84.27,1.273072,7,3.56,-4.57,1.085577,2,5,8,16,-368.957,0.653886,0.315,0.315
asia_high_breakout_long_close1.6_range8-35_london_only_h24_cool4,asia_high_breakout_refined,LONG,24,360,4,"{""asia_range_max"": 35.0, ""asia_range_min"": 8.0, ""close_above"": 1.6, ""session_set"": ""london_only""}",REJECT_REFINED_VARIANT,5.997447,Refinement did not preserve enough robust edge.,200,4.651163,-72.0,-1.38,0.435,0.919763,-201.57,-142.0,0.848477,-282.0,0.723481,40,102.15,-0.745,1.635854,60,84.27,1.273072,7,3.56,-4.57,1.085577,2,5,8,16,-368.957,0.653886,0.315,0.315
asia_high_breakout_long_close1.6_range6-30_london_new_york_h32_cool0,asia_high_breakout_refined,LONG,32,480,0,"{""asia_range_max"": 30.0, ""asia_range_min"": 6.0, ""close_above"": 1.6, ""session_set"": ""london_new_york""}",REJECT_REFINED_VARIANT,5.90323,Refinement did not preserve enough robust edge.,442,9.822222,70.92,-0.11,0.493213,1.029274,-258.33,-83.78,0.966508,-393.18,0.852479,89,88.28,-2.19,1.146579,133,243.53,1.322019,3,-34.23,-4.93,0.0,1,5,8,17,-530.549,0.812962,0.535,0.535
pdl_sweep_reclaim_long_sweep2_reclaim1_london_new_york_h3_cool0,pdl_sweep_reclaim_refined,LONG,3,45,0,"{""reclaim_max"": 1.0, ""reclaim_min"": 0.0, ""session_set"": ""london_new_york"", ""sweep_min"": 2.0}",REJECT_REFINED_VARIANT,5.90153,Refinement did not preserve enough robust edge.,96,2.285714,-37.62,-0.995,0.395833,0.837628,-90.06,-71.22,0.717392,-138.42,0.531795,20,11.59,-0.385,1.218473,29,30.43,1.450148,8,12.61,0.325,2.325973,3,5,8,17,-123.469,0.540091,0.29,0.29
pdl_sweep_reclaim_long_sweep1.62_reclaim3_new_york_only_h6_cool0,pdl_sweep_reclaim_refined,LONG,6,90,0,"{""reclaim_max"": 3.0, ""reclaim_min"": 0.0, ""session_set"": ""new_york_only"", ""sweep_min"": 1.62}",REJECT_REFINED_VARIANT,5.807073,Refinement did not preserve enough robust edge.,110,2.55814,-75.15,-0.78,0.454545,0.841124,-156.53,-113.65,0.770032,-190.65,0.645954,22,14.26,7.845,1.075259,33,-35.48,0.859229,9,30.63,12.12,1.326129,3,5,4,17,-309.606,0.514784,0.365,0.365
pdl_sweep_reclaim_long_sweep2_reclaim1_london_new_york_h3_cool4,pdl_sweep_reclaim_refined,LONG,3,45,4,"{""reclaim_max"": 1.0, ""reclaim_min"": 0.0, ""session_set"": ""london_new_york"", ""sweep_min"": 2.0}",REJECT_REFINED_VARIANT,5.800994,Refinement did not preserve enough robust edge.,92,2.190476,-29.03,-0.94,0.402174,0.864453,-84.94,-61.23,0.737706,-125.63,0.543114,19,3.69,-0.42,1.070934,28,49.7,1.850736,7,3.68,-0.35,1.386961,3,5,8,17,-116.51,0.535328,0.34,0.34
asia_high_breakout_long_close1.2_range6-30_london_only_h24_cool0,asia_high_breakout_refined,LONG,24,360,0,"{""asia_range_max"": 30.0, ""asia_range_min"": 6.0, ""close_above"": 1.2, ""session_set"": ""london_only""}",REJECT_REFINED_VARIANT,5.793568,Refinement did not preserve enough robust edge.,266,6.045455,-20.4,-0.835,0.454887,0.980109,-177.08,-113.5,0.894604,-299.7,0.746804,54,14.66,-3.45,1.051954,80,67.77,1.186988,2,-13.14,-6.57,0.0,2,5,9,17,-316.4185,0.724425,0.445,0.445
asia_high_breakout_long_close1.2_range6-30_london_only_h24_cool4,asia_high_breakout_refined,LONG,24,360,4,"{""asia_range_max"": 30.0, ""asia_range_min"": 6.0, ""close_above"": 1.2, ""session_set"": ""london_only""}",REJECT_REFINED_VARIANT,5.793568,Refinement did not preserve enough robust edge.,266,6.045455,-20.4,-0.835,0.454887,0.980109,-177.08,-113.5,0.894604,-299.7,0.746804,54,14.66,-3.45,1.051954,80,67.77,1.186988,2,-13.14,-6.57,0.0,2,5,9,17,-316.4185,0.724425,0.445,0.445
asia_high_breakout_long_close0.8_range6-30_london_new_york_h48_cool0,asia_high_breakout_refined,LONG,48,720,0,"{""asia_range_max"": 30.0, ""asia_range_min"": 6.0, ""close_above"": 0.8, ""session_set"": ""london_new_york""}",REJECT_REFINED_VARIANT,5.755879,Refinement did not preserve enough robust edge.,400,8.695652,44.03,-0.115,0.4975,1.01745,-223.46,-95.97,0.963,-375.97,0.862809,80,-20.44,-2.12,0.970348,120,75.19,1.085812,2,-92.75,-46.375,0.0,2,5,7,17,-513.785,0.814122,0.525,0.525
asia_high_breakout_long_close0.8_range6-30_london_new_york_h48_cool4,asia_high_breakout_refined,LONG,48,720,4,"{""asia_range_max"": 30.0, ""asia_range_min"": 6.0, ""close_above"": 0.8, ""session_set"": ""london_new_york""}",REJECT_REFINED_VARIANT,5.755879,Refinement did not preserve enough robust edge.,400,8.695652,44.03,-0.115,0.4975,1.01745,-223.46,-95.97,0.963,-375.97,0.862809,80,-20.44,-2.12,0.970348,120,75.19,1.085812,2,-92.75,-46.375,0.0,2,5,7,17,-513.785,0.814122,0.525,0.525
pdl_sweep_reclaim_long_sweep2_reclaim1_london_new_york_h4_cool4,pdl_sweep_reclaim_refined,LONG,4,60,4,"{""reclaim_max"": 1.0, ""reclaim_min"": 0.0, ""session_set"": ""london_new_york"", ""sweep_min"": 2.0}",REJECT_REFINED_VARIANT,5.732449,Refinement did not preserve enough robust edge.,89,2.119048,-53.29,-0.81,0.426966,0.777169,-113.07,-84.44,0.671848,-146.74,0.502222,18,28.74,0.81,1.501396,27,15.15,1.17354,7,18.27,3.6,2.304069,2,5,7,17,-159.96,0.446472,0.195,0.19
asia_high_breakout_long_close2_range6-30_new_york_only_h32_cool0,asia_high_breakout_refined,LONG,32,480,0,"{""asia_range_max"": 30.0, ""asia_range_min"": 6.0, ""close_above"": 2.0, ""session_set"": ""new_york_only""}",REJECT_REFINED_VARIANT,5.721875,Refinement did not preserve enough robust edge.,332,7.545455,-28.41,0.01,0.5,0.985453,-229.05,-144.61,0.928109,-377.01,0.823447,67,15.67,-0.44,1.029633,100,6.13,1.008637,1,-8.35,-8.35,0.0,2,5,8,16,-446.6475,0.785123,0.52,0.52
asia_high_breakout_long_close2_range6-30_new_york_only_h32_cool4,asia_high_breakout_refined,LONG,32,480,4,"{""asia_range_max"": 30.0, ""asia_range_min"": 6.0, ""close_above"": 2.0, ""session_set"": ""new_york_only""}",REJECT_REFINED_VARIANT,5.721875,Refinement did not preserve enough robust edge.,332,7.545455,-28.41,0.01,0.5,0.985453,-229.05,-144.61,0.928109,-377.01,0.823447,67,15.67,-0.44,1.029633,100,6.13,1.008637,1,-8.35,-8.35,0.0,2,5,8,16,-446.6475,0.785123,0.52,0.52
asia_high_breakout_long_close2_range6-30_london_new_york_h24_cool4,asia_high_breakout_refined,LONG,24,360,4,"{""asia_range_max"": 30.0, ""asia_range_min"": 6.0, ""close_above"": 2.0, ""session_set"": ""london_new_york""}",REJECT_REFINED_VARIANT,5.643781,Refinement did not preserve enough robust edge.,464,10.311111,4.03,-0.5,0.482759,1.001802,-204.17,-158.37,0.931792,-483.17,0.806731,93,-29.29,-1.65,0.957396,140,41.87,1.050257,3,-17.58,-4.57,0.0,2,5,8,17,-567.3545,0.767647,0.485,0.485
asia_high_breakout_long_close0.8_range8-35_london_only_h24_cool0,asia_high_breakout_refined,LONG,24,360,0,"{""asia_range_max"": 35.0, ""asia_range_min"": 8.0, ""close_above"": 0.8, ""session_set"": ""london_only""}",REJECT_REFINED_VARIANT,5.600768,Refinement did not preserve enough robust edge.,223,5.068182,-75.28,-1.19,0.430493,0.922357,-203.83,-153.33,0.848829,-309.43,0.720383,45,116.54,-1.46,1.64114,67,32.77,1.087036,8,-18.44,-4.72,0.710063,1,5,7,16,-404.396,0.642104,0.25,0.25
asia_high_breakout_long_close0.8_range8-35_london_only_h24_cool4,asia_high_breakout_refined,LONG,24,360,4,"{""asia_range_max"": 35.0, ""asia_range_min"": 8.0, ""close_above"": 0.8, ""session_set"": ""london_only""}",REJECT_REFINED_VARIANT,5.600768,Refinement did not preserve enough robust edge.,223,5.068182,-75.28,-1.19,0.430493,0.922357,-203.83,-153.33,0.848829,-309.43,0.720383,45,116.54,-1.46,1.64114,67,32.77,1.087036,8,-18.44,-4.72,0.710063,1,5,7,16,-404.396,0.642104,0.25,0.25
asia_high_breakout_long_close1.2_range6-30_new_york_only_h32_cool0,asia_high_breakout_refined,LONG,32,480,0,"{""asia_range_max"": 30.0, ""asia_range_min"": 6.0, ""close_above"": 1.2, ""session_set"": ""new_york_only""}",REJECT_REFINED_VARIANT,5.566245,Refinement did not preserve enough robust edge.,354,7.866667,-74.76,-0.025,0.497175,0.9646,-192.16,-198.66,0.908652,-446.46,0.806302,71,13.5,-0.44,1.024389,107,-3.51,0.995367,1,-8.35,-8.35,0.0,2,5,7,16,-538.2155,0.76568,0.445,0.445
asia_high_breakout_long_close1.2_range6-30_new_york_only_h32_cool4,asia_high_breakout_refined,LONG,32,480,4,"{""asia_range_max"": 30.0, ""asia_range_min"": 6.0, ""close_above"": 1.2, ""session_set"": ""new_york_only""}",REJECT_REFINED_VARIANT,5.566245,Refinement did not preserve enough robust edge.,354,7.866667,-74.76,-0.025,0.497175,0.9646,-192.16,-198.66,0.908652,-446.46,0.806302,71,13.5,-0.44,1.024389,107,-3.51,0.995367,1,-8.35,-8.35,0.0,2,5,7,16,-538.2155,0.76568,0.445,0.445
asia_high_breakout_long_close0.8_range6-30_london_only_h24_cool0,asia_high_breakout_refined,LONG,24,360,0,"{""asia_range_max"": 30.0, ""asia_range_min"": 6.0, ""close_above"": 0.8, ""session_set"": ""london_only""}",REJECT_REFINED_VARIANT,5.565092,Refinement did not preserve enough robust edge.,281,6.244444,-23.74,-0.78,0.451957,0.977656,-170.22,-122.09,0.890724,-318.79,0.741126,57,-7.81,-3.3,0.975312,85,70.87,1.183706,2,-13.14,-6.57,0.0,2,5,8,17,-317.973,0.737409,0.42,0.42
asia_high_breakout_long_close0.8_range6-30_london_only_h24_cool4,asia_high_breakout_refined,LONG,24,360,4,"{""asia_range_max"": 30.0, ""asia_range_min"": 6.0, ""close_above"": 0.8, ""session_set"": ""london_only""}",REJECT_REFINED_VARIANT,5.565092,Refinement did not preserve enough robust edge.,281,6.244444,-23.74,-0.78,0.451957,0.977656,-170.22,-122.09,0.890724,-318.79,0.741126,57,-7.81,-3.3,0.975312,85,70.87,1.183706,2,-13.14,-6.57,0.0,2,5,8,17,-317.973,0.737409,0.42,0.42
asia_high_breakout_long_close2_range6-30_london_new_york_h32_cool4,asia_high_breakout_refined,LONG,32,480,4,"{""asia_range_max"": 30.0, ""asia_range_min"": 6.0, ""close_above"": 2.0, ""session_set"": ""london_new_york""}",REJECT_REFINED_VARIANT,5.562262,Refinement did not preserve enough robust edge.,385,8.555556,-50.63,0.11,0.503896,0.976287,-252.77,-185.38,0.915847,-454.88,0.806193,77,76.62,-1.66,1.149909,116,173.5,1.253059,2,-29.3,-14.65,0.0,1,5,7,17,-481.3645,0.792431,0.455,0.455
asia_high_breakout_long_close1.2_range4-25_london_only_h48_cool0,asia_high_breakout_refined,LONG,48,720,0,"{""asia_range_max"": 25.0, ""asia_range_min"": 4.0, ""close_above"": 1.2, ""session_set"": ""london_only""}",REJECT_REFINED_VARIANT,5.524159,Refinement did not preserve enough robust edge.,311,7.068182,30.94,-0.64,0.475884,1.015931,-284.16,-77.91,0.961043,-295.61,0.860476,63,22.01,-1.15,1.047183,94,7.06,1.011407,0,0.0,0.0,0.0,2,4,8,15,-499.441,0.769092,0.55,0.55
asia_high_breakout_long_close1.2_range4-25_london_only_h48_cool4,asia_high_breakout_refined,LONG,48,720,4,"{""asia_range_max"": 25.0, ""asia_range_min"": 4.0, ""close_above"": 1.2, ""session_set"": ""london_only""}",REJECT_REFINED_VARIANT,5.524159,Refinement did not preserve enough robust edge.,311,7.068182,30.94,-0.64,0.475884,1.015931,-284.16,-77.91,0.961043,-295.61,0.860476,63,22.01,-1.15,1.047183,94,7.06,1.011407,0,0.0,0.0,0.0,2,4,8,15,-499.441,0.769092,0.55,0.55
asia_high_breakout_long_close2_range6-30_new_york_only_h24_cool0,asia_high_breakout_refined,LONG,24,360,0,"{""asia_range_max"": 30.0, ""asia_range_min"": 6.0, ""close_above"": 2.0, ""session_set"": ""new_york_only""}",REJECT_REFINED_VARIANT,5.490679,Refinement did not preserve enough robust edge.,332,7.545455,-74.72,-0.01,0.496988,0.960229,-231.18,-190.92,0.9015,-423.32,0.794758,67,45.37,0.88,1.092146,100,41.17,1.061233,1,10.11,10.11,999.0,3,5,8,16,-447.6815,0.781692,0.43,0.43
asia_high_breakout_long_close2_range6-30_new_york_only_h24_cool4,asia_high_breakout_refined,LONG,24,360,4,"{""asia_range_max"": 30.0, ""asia_range_min"": 6.0, ""close_above"": 2.0, ""session_set"": ""new_york_only""}",REJECT_REFINED_VARIANT,5.490679,Refinement did not preserve enough robust edge.,332,7.545455,-74.72,-0.01,0.496988,0.960229,-231.18,-190.92,0.9015,-423.32,0.794758,67,45.37,0.88,1.092146,100,41.17,1.061233,1,10.11,10.11,999.0,3,5,8,16,-447.6815,0.781692,0.43,0.43
pdl_sweep_reclaim_long_sweep1.62_reclaim3_new_york_only_h8_cool4,pdl_sweep_reclaim_refined,LONG,8,120,4,"{""reclaim_max"": 3.0, ""reclaim_min"": 0.0, ""session_set"": ""new_york_only"", ""sweep_min"": 1.62}",REJECT_REFINED_VARIANT,5.463989,Refinement did not preserve enough robust edge.,104,2.418605,-61.75,-0.28,0.471154,0.867634,-106.42,-98.15,0.798074,-170.95,0.674932,21,-13.18,1.59,0.92396,32,-66.41,0.728473,8,-29.07,4.235,0.757649,2,5,5,17,-286.7955,0.528936,0.38,0.38
pdl_sweep_reclaim_long_sweep2_reclaim1_london_new_york_h4_cool0,pdl_sweep_reclaim_refined,LONG,4,60,0,"{""reclaim_max"": 1.0, ""reclaim_min"": 0.0, ""session_set"": ""london_new_york"", ""sweep_min"": 2.0}",REJECT_REFINED_VARIANT,5.449611,Refinement did not preserve enough robust edge.,95,2.261905,-56.79,-0.81,0.431579,0.779952,-115.06,-90.04,0.675532,-156.54,0.50738,19,20.57,0.55,1.314094,29,25.77,1.280231,7,18.27,3.6,2.304069,2,5,8,17,-155.6625,0.469341,0.215,0.215
pdl_sweep_reclaim_long_sweep2_reclaim1_london_new_york_h8_cool0,pdl_sweep_reclaim_refined,LONG,8,120,0,"{""reclaim_max"": 1.0, ""reclaim_min"": 0.0, ""session_set"": ""london_new_york"", ""sweep_min"": 2.0}",REJECT_REFINED_VARIANT,5.378425,Refinement did not preserve enough robust edge.,89,2.119048,-63.72,-0.8,0.438202,0.795514,-145.46,-94.87,0.712288,-157.17,0.571405,18,22.9,-0.31,1.287725,27,-14.81,0.888697,7,22.68,4.03,2.296741,2,5,5,17,-206.129,0.466394,0.235,0.235
asia_high_breakout_long_close0.8_range4-25_london_only_h48_cool0,asia_high_breakout_refined,LONG,48,720,0,"{""asia_range_max"": 25.0, ""asia_range_min"": 4.0, ""close_above"": 0.8, ""session_set"": ""london_only""}",REJECT_REFINED_VARIANT,5.34069,Refinement did not preserve enough robust edge.,334,7.590909,43.42,-1.0,0.473054,1.021325,-301.43,-73.48,0.96498,-307.28,0.861958,67,32.72,-1.15,1.069316,101,20.5,1.031368,0,0.0,0.0,0.0,3,4,5,15,-435.413,0.799576,0.53,0.53
asia_high_breakout_long_close0.8_range4-25_london_only_h48_cool4,asia_high_breakout_refined,LONG,48,720,4,"{""asia_range_max"": 25.0, ""asia_range_min"": 4.0, ""close_above"": 0.8, ""session_set"": ""london_only""}",REJECT_REFINED_VARIANT,5.34069,Refinement did not preserve enough robust edge.,334,7.590909,43.42,-1.0,0.473054,1.021325,-301.43,-73.48,0.96498,-307.28,0.861958,67,32.72,-1.15,1.069316,101,20.5,1.031368,0,0.0,0.0,0.0,3,4,5,15,-435.413,0.799576,0.53,0.53
pdl_sweep_reclaim_long_sweep1.25_reclaim1_london_new_york_h6_cool0,pdl_sweep_reclaim_refined,LONG,6,90,0,"{""reclaim_max"": 1.0, ""reclaim_min"": 0.0, ""session_set"": ""london_new_york"", ""sweep_min"": 1.25}",REJECT_REFINED_VARIANT,5.301991,Refinement did not preserve enough robust edge.,139,2.957447,-43.32,-0.9,0.42446,0.881904,-132.82,-91.97,0.767265,-189.27,0.584962,28,2.11,-1.98,1.018056,42,1.81,1.01208,9,12.6,3.89,1.395729,1,5,8,17,-184.061,0.585678,0.295,0.295
asia_high_breakout_long_close2_range6-30_london_only_h24_cool0,asia_high_breakout_refined,LONG,24,360,0,"{""asia_range_max"": 30.0, ""asia_range_min"": 6.0, ""close_above"": 2.0, ""session_set"": ""london_only""}",REJECT_REFINED_VARIANT,5.289359,Refinement did not preserve enough robust edge.,233,5.295455,-51.3,-0.94,0.463519,0.946986,-188.83,-132.85,0.868693,-295.95,0.732145,47,9.39,-3.6,1.035992,70,-18.66,0.950891,2,-15.93,-7.965,0.0,2,5,9,17,-325.347,0.712175,0.39,0.39
asia_high_breakout_long_close2_range6-30_london_only_h24_cool4,asia_high_breakout_refined,LONG,24,360,4,"{""asia_range_max"": 30.0, ""asia_range_min"": 6.0, ""close_above"": 2.0, ""session_set"": ""london_only""}",REJECT_REFINED_VARIANT,5.289359,Refinement did not preserve enough robust edge.,233,5.295455,-51.3,-0.94,0.463519,0.946986,-188.83,-132.85,0.868693,-295.95,0.732145,47,9.39,-3.6,1.035992,70,-18.66,0.950891,2,-15.93,-7.965,0.0,2,5,9,17,-325.347,0.712175,0.39,0.39
asia_high_breakout_long_close1.6_range4-25_new_york_only_h24_cool0,asia_high_breakout_refined,LONG,24,360,0,"{""asia_range_max"": 25.0, ""asia_range_min"": 4.0, ""close_above"": 1.6, ""session_set"": ""new_york_only""}",REJECT_REFINED_VARIANT,5.246384,Refinement did not preserve enough robust edge.,417,9.697674,-50.83,-0.27,0.482014,0.977129,-263.18,-196.78,0.914403,-488.68,0.801192,84,139.95,2.545,1.266582,126,-8.07,0.99013,0,0.0,0.0,0.0,2,4,6,15,-477.1745,0.803686,0.395,0.395
asia_high_breakout_long_close1.6_range4-25_new_york_only_h24_cool4,asia_high_breakout_refined,LONG,24,360,4,"{""asia_range_max"": 25.0, ""asia_range_min"": 4.0, ""close_above"": 1.6, ""session_set"": ""new_york_only""}",REJECT_REFINED_VARIANT,5.246384,Refinement did not preserve enough robust edge.,417,9.697674,-50.83,-0.27,0.482014,0.977129,-263.18,-196.78,0.914403,-488.68,0.801192,84,139.95,2.545,1.266582,126,-8.07,0.99013,0,0.0,0.0,0.0,2,4,6,15,-477.1745,0.803686,0.395,0.395
asia_high_breakout_long_close0.8_range6-30_london_new_york_h32_cool4,asia_high_breakout_refined,LONG,32,480,4,"{""asia_range_max"": 30.0, ""asia_range_min"": 6.0, ""close_above"": 0.8, ""session_set"": ""london_new_york""}",REJECT_REFINED_VARIANT,5.201163,Refinement did not preserve enough robust edge.,433,9.413043,-41.53,-0.32,0.487298,0.98249,-239.18,-193.08,0.921194,-496.18,0.810221,87,14.1,-3.22,1.02343,130,156.51,1.201302,2,-15.98,-7.99,0.0,1,5,6,17,-540.567,0.798253,0.44,0.44
pdl_sweep_reclaim_long_sweep1.25_reclaim3_new_york_only_h6_cool0,pdl_sweep_reclaim_refined,LONG,6,90,0,"{""reclaim_max"": 3.0, ""reclaim_min"": 0.0, ""session_set"": ""new_york_only"", ""sweep_min"": 1.25}",REJECT_REFINED_VARIANT,5.106539,Refinement did not preserve enough robust edge.,128,2.844444,-98.73,-0.84,0.445312,0.820052,-181.67,-143.53,0.749817,-233.13,0.627272,26,35.96,6.885,1.18635,39,-11.01,0.958193,9,26.88,12.12,1.282739,2,5,5,17,-342.192,0.507188,0.25,0.25
asia_high_breakout_long_close2_range4-25_london_only_h48_cool0,asia_high_breakout_refined,LONG,48,720,0,"{""asia_range_max"": 25.0, ""asia_range_min"": 4.0, ""close_above"": 2.0, ""session_set"": ""london_only""}",REJECT_REFINED_VARIANT,4.986612,Refinement did not preserve enough robust edge.,270,6.136364,-0.73,-0.105,0.496296,0.999583,-248.21,-95.23,0.947036,-284.23,0.850407,54,-90.08,-3.005,0.81564,81,-44.23,0.924016,0,0.0,0.0,0.0,1,4,8,15,-441.472,0.780261,0.485,0.485
asia_high_breakout_long_close2_range4-25_london_only_h48_cool4,asia_high_breakout_refined,LONG,48,720,4,"{""asia_range_max"": 25.0, ""asia_range_min"": 4.0, ""close_above"": 2.0, ""session_set"": ""london_only""}",REJECT_REFINED_VARIANT,4.986612,Refinement did not preserve enough robust edge.,270,6.136364,-0.73,-0.105,0.496296,0.999583,-248.21,-95.23,0.947036,-284.23,0.850407,54,-90.08,-3.005,0.81564,81,-44.23,0.924016,0,0.0,0.0,0.0,1,4,8,15,-441.472,0.780261,0.485,0.485
asia_high_breakout_long_close1.2_range6-30_london_new_york_h48_cool0,asia_high_breakout_refined,LONG,48,720,0,"{""asia_range_max"": 30.0, ""asia_range_min"": 6.0, ""close_above"": 1.2, ""session_set"": ""london_new_york""}",REJECT_REFINED_VARIANT,4.982734,Refinement did not preserve enough robust edge.,389,8.456522,-53.36,-0.33,0.493573,0.979104,-224.13,-189.51,0.927747,-461.81,0.83306,78,-64.3,-2.085,0.906586,117,63.81,1.073289,2,-92.75,-46.375,0.0,1,5,7,17,-575.6595,0.795421,0.42,0.42
asia_high_breakout_long_close1.2_range6-30_london_new_york_h48_cool4,asia_high_breakout_refined,LONG,48,720,4,"{""asia_range_max"": 30.0, ""asia_range_min"": 6.0, ""close_above"": 1.2, ""session_set"": ""london_new_york""}",REJECT_REFINED_VARIANT,4.982734,Refinement did not preserve enough robust edge.,389,8.456522,-53.36,-0.33,0.493573,0.979104,-224.13,-189.51,0.927747,-461.81,0.83306,78,-64.3,-2.085,0.906586,117,63.81,1.073289,2,-92.75,-46.375,0.0,1,5,7,17,-575.6595,0.795421,0.42,0.42
asia_high_breakout_long_close1.2_range6-30_london_new_york_h24_cool0,asia_high_breakout_refined,LONG,24,360,0,"{""asia_range_max"": 30.0, ""asia_range_min"": 6.0, ""close_above"": 1.2, ""session_set"": ""london_new_york""}",REJECT_REFINED_VARIANT,4.977574,Refinement did not preserve enough robust edge.,559,12.152174,-30.02,-0.52,0.477639,0.988703,-298.73,-225.67,0.918275,-616.97,0.79291,112,19.02,-1.625,1.025441,168,140.79,1.151345,3,-27.01,-11.36,0.0,1,5,7,17,-502.4275,0.829054,0.49,0.49
pdl_sweep_reclaim_long_sweep1.25_reclaim1_london_new_york_h6_cool4,pdl_sweep_reclaim_refined,LONG,6,90,4,"{""reclaim_max"": 1.0, ""reclaim_min"": 0.0, ""session_set"": ""london_new_york"", ""sweep_min"": 1.25}",REJECT_REFINED_VARIANT,4.972941,Refinement did not preserve enough robust edge.,131,2.787234,-51.84,-0.9,0.419847,0.85032,-144.95,-97.69,0.7383,-189.39,0.560937,27,4.46,-1.61,1.038949,40,8.82,1.064977,9,12.6,3.89,1.395729,1,5,7,17,-159.9565,0.59085,0.26,0.26
pdl_sweep_reclaim_long_sweep2_reclaim1_london_new_york_h8_cool4,pdl_sweep_reclaim_refined,LONG,8,120,4,"{""reclaim_max"": 1.0, ""reclaim_min"": 0.0, ""session_set"": ""london_new_york"", ""sweep_min"": 2.0}",REJECT_REFINED_VARIANT,4.945259,Refinement did not preserve enough robust edge.,87,2.071429,-69.51,-0.8,0.436782,0.775542,-151.25,-99.96,0.694741,-160.86,0.557749,18,22.9,-0.31,1.287725,27,-14.81,0.888697,7,22.68,4.03,2.296741,2,5,5,17,-202.076,0.48832,0.17,0.17
asia_high_breakout_long_close1.2_range6-30_london_new_york_h32_cool4,asia_high_breakout_refined,LONG,32,480,4,"{""asia_range_max"": 30.0, ""asia_range_min"": 6.0, ""close_above"": 1.2, ""session_set"": ""london_new_york""}",REJECT_REFINED_VARIANT,4.90275,Refinement did not preserve enough robust edge.,414,9.0,-82.88,-0.425,0.483092,0.964465,-227.99,-227.78,0.905401,-517.58,0.798227,83,10.12,-2.23,1.017136,125,139.19,1.182362,2,-15.98,-7.99,0.0,1,5,6,17,-579.8445,0.779703,0.375,0.375
pdl_sweep_reclaim_long_sweep1.62_reclaim1_london_new_york_h8_cool4,pdl_sweep_reclaim_refined,LONG,8,120,4,"{""reclaim_max"": 1.0, ""reclaim_min"": 0.0, ""session_set"": ""london_new_york"", ""sweep_min"": 1.62}",REJECT_REFINED_VARIANT,4.876648,Refinement did not preserve enough robust edge.,103,2.395349,-48.47,-0.63,0.456311,0.858836,-158.55,-84.52,0.76754,-156.62,0.613131,21,3.36,-1.18,1.033895,31,-22.49,0.845832,7,22.68,4.03,2.296741,3,5,6,17,-213.011,0.505683,0.22,0.22
pdl_sweep_reclaim_long_sweep1.25_reclaim1_london_new_york_h8_cool0,pdl_sweep_reclaim_refined,LONG,8,120,0,"{""reclaim_max"": 1.0, ""reclaim_min"": 0.0, ""session_set"": ""london_new_york"", ""sweep_min"": 1.25}",REJECT_REFINED_VARIANT,4.867587,Refinement did not preserve enough robust edge.,133,2.829787,-42.51,-0.38,0.466165,0.902699,-141.24,-89.06,0.807617,-182.16,0.647503,27,-18.7,-1.1,0.868245,40,-59.13,0.708619,9,-3.04,4.03,0.93668,2,5,6,17,-191.288,0.637605,0.32,0.32
pdl_sweep_reclaim_long_sweep1.25_reclaim3_new_york_only_h8_cool0,pdl_sweep_reclaim_refined,LONG,8,120,0,"{""reclaim_max"": 3.0, ""reclaim_min"": 0.0, ""session_set"": ""new_york_only"", ""sweep_min"": 1.25}",REJECT_REFINED_VARIANT,4.860924,Refinement did not preserve enough robust edge.,126,2.8,-80.98,-0.375,0.468254,0.859361,-146.83,-125.08,0.79146,-213.28,0.671224,26,0.62,1.805,1.003212,38,-67.92,0.755798,9,-43.25,2.03,0.67356,1,5,8,17,-333.759,0.533949,0.3,0.3
asia_high_breakout_long_close2_range6-30_london_new_york_h48_cool0,asia_high_breakout_refined,LONG,48,720,0,"{""asia_range_max"": 30.0, ""asia_range_min"": 6.0, ""close_above"": 2.0, ""session_set"": ""london_new_york""}",REJECT_REFINED_VARIANT,4.801084,Refinement did not preserve enough robust edge.,367,8.155556,-59.07,-0.08,0.495913,0.975531,-241.45,-187.52,0.924362,-444.42,0.830113,74,-88.2,-2.175,0.868287,111,59.55,1.072249,2,-93.6,-46.8,0.0,2,5,7,17,-592.3,0.778435,0.43,0.43
asia_high_breakout_long_close2_range6-30_london_new_york_h48_cool4,asia_high_breakout_refined,LONG,48,720,4,"{""asia_range_max"": 30.0, ""asia_range_min"": 6.0, ""close_above"": 2.0, ""session_set"": ""london_new_york""}",REJECT_REFINED_VARIANT,4.801084,Refinement did not preserve enough robust edge.,367,8.155556,-59.07,-0.08,0.495913,0.975531,-241.45,-187.52,0.924362,-444.42,0.830113,74,-88.2,-2.175,0.868287,111,59.55,1.072249,2,-93.6,-46.8,0.0,2,5,7,17,-592.3,0.778435,0.43,0.43
asia_high_breakout_long_close1.6_range4-25_london_only_h48_cool0,asia_high_breakout_refined,LONG,48,720,0,"{""asia_range_max"": 25.0, ""asia_range_min"": 4.0, ""close_above"": 1.6, ""session_set"": ""london_only""}",REJECT_REFINED_VARIANT,4.751892,Refinement did not preserve enough robust edge.,289,6.568182,-28.32,-0.38,0.487889,0.984865,-303.91,-129.47,0.932707,-331.77,0.83693,58,-34.96,-1.27,0.92744,87,-42.05,0.932333,0,0.0,0.0,0.0,2,4,7,15,-458.327,0.779148,0.495,0.495
asia_high_breakout_long_close1.6_range4-25_london_only_h48_cool4,asia_high_breakout_refined,LONG,48,720,4,"{""asia_range_max"": 25.0, ""asia_range_min"": 4.0, ""close_above"": 1.6, ""session_set"": ""london_only""}",REJECT_REFINED_VARIANT,4.751892,Refinement did not preserve enough robust edge.,289,6.568182,-28.32,-0.38,0.487889,0.984865,-303.91,-129.47,0.932707,-331.77,0.83693,58,-34.96,-1.27,0.92744,87,-42.05,0.932333,0,0.0,0.0,0.0,2,4,7,15,-458.327,0.779148,0.495,0.495
asia_high_breakout_long_close1.6_range6-30_new_york_only_h32_cool0,asia_high_breakout_refined,LONG,32,480,0,"{""asia_range_max"": 30.0, ""asia_range_min"": 6.0, ""close_above"": 1.6, ""session_set"": ""new_york_only""}",REJECT_REFINED_VARIANT,4.714047,Refinement did not preserve enough robust edge.,346,7.863636,-132.23,-0.255,0.488439,0.937952,-237.08,-253.33,0.88451,-495.53,0.786727,70,7.18,-0.7,1.012929,104,-11.09,0.985295,1,-8.35,-8.35,0.0,2,5,7,16,-592.598,0.756988,0.37,0.37
asia_high_breakout_long_close1.6_range6-30_new_york_only_h32_cool4,asia_high_breakout_refined,LONG,32,480,4,"{""asia_range_max"": 30.0, ""asia_range_min"": 6.0, ""close_above"": 1.6, ""session_set"": ""new_york_only""}",REJECT_REFINED_VARIANT,4.714047,Refinement did not preserve enough robust edge.,346,7.863636,-132.23,-0.255,0.488439,0.937952,-237.08,-253.33,0.88451,-495.53,0.786727,70,7.18,-0.7,1.012929,104,-11.09,0.985295,1,-8.35,-8.35,0.0,2,5,7,16,-592.598,0.756988,0.37,0.37
asia_high_breakout_long_close1.2_range6-30_new_york_only_h24_cool0,asia_high_breakout_refined,LONG,24,360,0,"{""asia_range_max"": 30.0, ""asia_range_min"": 6.0, ""close_above"": 1.2, ""session_set"": ""new_york_only""}",REJECT_REFINED_VARIANT,4.685437,Refinement did not preserve enough robust edge.,354,7.866667,-140.54,0.04,0.5,0.930799,-261.66,-264.44,0.873692,-512.24,0.769842,71,22.92,0.88,1.04317,107,13.16,1.018069,1,10.11,10.11,999.0,3,5,7,16,-623.03,0.719719,0.345,0.345
asia_high_breakout_long_close1.2_range6-30_new_york_only_h24_cool4,asia_high_breakout_refined,LONG,24,360,4,"{""asia_range_max"": 30.0, ""asia_range_min"": 6.0, ""close_above"": 1.2, ""session_set"": ""new_york_only""}",REJECT_REFINED_VARIANT,4.685437,Refinement did not preserve enough robust edge.,354,7.866667,-140.54,0.04,0.5,0.930799,-261.66,-264.44,0.873692,-512.24,0.769842,71,22.92,0.88,1.04317,107,13.16,1.018069,1,10.11,10.11,999.0,3,5,7,16,-623.03,0.719719,0.345,0.345
pdl_sweep_reclaim_long_sweep1.62_reclaim3_new_york_only_h3_cool4,pdl_sweep_reclaim_refined,LONG,3,45,4,"{""reclaim_max"": 3.0, ""reclaim_min"": 0.0, ""session_set"": ""new_york_only"", ""sweep_min"": 1.62}",REJECT_REFINED_VARIANT,4.674302,Refinement did not preserve enough robust edge.,110,2.55814,-81.46,-1.18,0.427273,0.787605,-147.86,-119.96,0.70443,-196.96,0.565008,22,-18.4,-0.505,0.861727,33,-22.7,0.872069,9,24.76,7.44,1.616074,2,5,6,17,-229.3555,0.489869,0.265,0.265
asia_high_breakout_long_close1.2_range4-25_london_only_h32_cool0,asia_high_breakout_refined,LONG,32,480,0,"{""asia_range_max"": 25.0, ""asia_range_min"": 4.0, ""close_above"": 1.2, ""session_set"": ""london_only""}",REJECT_REFINED_VARIANT,4.665445,Refinement did not preserve enough robust edge.,311,7.068182,-57.93,-1.07,0.456592,0.962858,-304.15,-166.78,0.896988,-384.48,0.779333,63,83.17,0.79,1.230727,94,117.4,1.252343,0,0.0,0.0,0.0,2,4,8,15,-514.7385,0.716133,0.37,0.37
asia_high_breakout_long_close1.2_range4-25_london_only_h32_cool4,asia_high_breakout_refined,LONG,32,480,4,"{""asia_range_max"": 25.0, ""asia_range_min"": 4.0, ""close_above"": 1.2, ""session_set"": ""london_only""}",REJECT_REFINED_VARIANT,4.665445,Refinement did not preserve enough robust edge.,311,7.068182,-57.93,-1.07,0.456592,0.962858,-304.15,-166.78,0.896988,-384.48,0.779333,63,83.17,0.79,1.230727,94,117.4,1.252343,0,0.0,0.0,0.0,2,4,8,15,-514.7385,0.716133,0.37,0.37
pdl_sweep_reclaim_long_sweep1.62_reclaim3_new_york_only_h3_cool0,pdl_sweep_reclaim_refined,LONG,3,45,0,"{""reclaim_max"": 3.0, ""reclaim_min"": 0.0, ""session_set"": ""new_york_only"", ""sweep_min"": 1.62}",REJECT_REFINED_VARIANT,4.65863,Refinement did not preserve enough robust edge.,117,2.72093,-87.64,-1.24,0.418803,0.788079,-172.45,-128.59,0.706167,-210.49,0.568721,24,-6.41,-0.505,0.954938,36,-0.23,0.998714,10,47.33,8.435,2.177656,2,5,6,17,-257.085,0.520811,0.175,0.175
pdl_sweep_reclaim_long_sweep1.62_reclaim3_new_york_only_h4_cool0,pdl_sweep_reclaim_refined,LONG,4,60,0,"{""reclaim_max"": 3.0, ""reclaim_min"": 0.0, ""session_set"": ""new_york_only"", ""sweep_min"": 1.62}",REJECT_REFINED_VARIANT,4.653935,Refinement did not preserve enough robust edge.,115,2.674419,-76.6,-1.34,0.452174,0.826221,-123.24,-116.85,0.747973,-197.35,0.613713,23,-8.41,-0.14,0.947236,35,-22.58,0.892747,10,6.64,0.335,1.078963,3,5,7,17,-271.954,0.533358,0.235,0.235
asia_high_breakout_long_close1.6_range6-30_london_new_york_h24_cool0,asia_high_breakout_refined,LONG,24,360,0,"{""asia_range_max"": 30.0, ""asia_range_min"": 6.0, ""close_above"": 1.6, ""session_set"": ""london_new_york""}",REJECT_REFINED_VARIANT,4.630161,Refinement did not preserve enough robust edge.,535,11.888889,-50.05,-0.73,0.465421,0.980974,-313.75,-237.3,0.913145,-611.8,0.792009,107,-8.7,-2.06,0.988411,161,119.07,1.130635,3,-29.8,-11.36,0.0,1,5,7,17,-537.8165,0.804894,0.465,0.465
asia_high_breakout_long_close1.6_range6-30_london_only_h24_cool0,asia_high_breakout_refined,LONG,24,360,0,"{""asia_range_max"": 30.0, ""asia_range_min"": 6.0, ""close_above"": 1.6, ""session_set"": ""london_only""}",REJECT_REFINED_VARIANT,4.603712,Refinement did not preserve enough robust edge.,249,5.659091,-77.25,-1.1,0.441767,0.924334,-222.45,-164.4,0.846334,-338.7,0.710691,50,24.56,-3.45,1.09223,75,35.0,1.094241,2,-15.93,-7.965,0.0,2,5,7,17,-312.266,0.726591,0.3,0.3
asia_high_breakout_long_close1.6_range6-30_london_only_h24_cool4,asia_high_breakout_refined,LONG,24,360,4,"{""asia_range_max"": 30.0, ""asia_range_min"": 6.0, ""close_above"": 1.6, ""session_set"": ""london_only""}",REJECT_REFINED_VARIANT,4.603712,Refinement did not preserve enough robust edge.,249,5.659091,-77.25,-1.1,0.441767,0.924334,-222.45,-164.4,0.846334,-338.7,0.710691,50,24.56,-3.45,1.09223,75,35.0,1.094241,2,-15.93,-7.965,0.0,2,5,7,17,-312.266,0.726591,0.3,0.3
pdl_sweep_reclaim_long_sweep1.25_reclaim3_new_york_only_h3_cool0,pdl_sweep_reclaim_refined,LONG,3,45,0,"{""reclaim_max"": 3.0, ""reclaim_min"": 0.0, ""session_set"": ""new_york_only"", ""sweep_min"": 1.25}",REJECT_REFINED_VARIANT,4.582647,Refinement did not preserve enough robust edge.,137,3.044444,-101.03,-1.22,0.416058,0.780622,-181.93,-148.98,0.695044,-244.88,0.552174,28,8.28,0.235,1.056732,42,3.96,1.020052,10,43.42,6.48,2.080368,2,5,6,17,-260.9645,0.525658,0.155,0.155
asia_high_breakout_long_close0.8_range4-25_london_only_h32_cool0,asia_high_breakout_refined,LONG,32,480,0,"{""asia_range_max"": 25.0, ""asia_range_min"": 4.0, ""close_above"": 0.8, ""session_set"": ""london_only""}",REJECT_REFINED_VARIANT,4.577713,Refinement did not preserve enough robust edge.,334,7.590909,-49.71,-0.72,0.461078,0.969528,-316.0,-166.61,0.901674,-400.41,0.780632,67,96.08,0.79,1.263731,101,141.14,1.284379,0,0.0,0.0,0.0,2,4,8,15,-413.421,0.771009,0.355,0.355
asia_high_breakout_long_close0.8_range4-25_london_only_h32_cool4,asia_high_breakout_refined,LONG,32,480,4,"{""asia_range_max"": 25.0, ""asia_range_min"": 4.0, ""close_above"": 0.8, ""session_set"": ""london_only""}",REJECT_REFINED_VARIANT,4.577713,Refinement did not preserve enough robust edge.,334,7.590909,-49.71,-0.72,0.461078,0.969528,-316.0,-166.61,0.901674,-400.41,0.780632,67,96.08,0.79,1.263731,101,141.14,1.284379,0,0.0,0.0,0.0,2,4,8,15,-413.421,0.771009,0.355,0.355
pdl_sweep_reclaim_long_sweep1.25_reclaim3_new_york_only_h4_cool0,pdl_sweep_reclaim_refined,LONG,4,60,0,"{""reclaim_max"": 3.0, ""reclaim_min"": 0.0, ""session_set"": ""new_york_only"", ""sweep_min"": 1.25}",REJECT_REFINED_VARIANT,4.502048,Refinement did not preserve enough robust edge.,134,2.977778,-92.65,-0.8,0.455224,0.815217,-144.79,-139.55,0.735686,-233.35,0.600017,27,7.92,0.81,1.04759,41,-3.43,0.98472,10,12.14,1.48,1.150359,2,5,7,17,-313.1545,0.523461,0.185,0.185
pdl_sweep_reclaim_long_sweep1.62_reclaim3_new_york_only_h6_cool4,pdl_sweep_reclaim_refined,LONG,6,90,4,"{""reclaim_max"": 3.0, ""reclaim_min"": 0.0, ""session_set"": ""new_york_only"", ""sweep_min"": 1.62}",REJECT_REFINED_VARIANT,4.48972,Refinement did not preserve enough robust edge.,108,2.511628,-83.12,-0.77,0.462963,0.823663,-142.22,-120.92,0.754158,-196.52,0.632501,22,-8.83,5.08,0.955949,33,-58.98,0.778212,9,8.35,10.25,1.080227,3,5,4,17,-306.8505,0.519055,0.225,0.225
asia_high_breakout_long_close1.6_range6-30_london_new_york_h48_cool0,asia_high_breakout_refined,LONG,48,720,0,"{""asia_range_max"": 30.0, ""asia_range_min"": 6.0, ""close_above"": 1.6, ""session_set"": ""london_new_york""}",REJECT_REFINED_VARIANT,4.351655,Refinement did not preserve enough robust edge.,381,8.466667,-129.29,-0.42,0.490814,0.94953,-259.13,-262.64,0.900137,-529.34,0.80912,77,-83.35,-2.05,0.881241,115,42.64,1.048822,2,-93.6,-46.8,0.0,1,5,7,17,-732.0965,0.741959,0.38,0.38
asia_high_breakout_long_close1.6_range6-30_london_new_york_h48_cool4,asia_high_breakout_refined,LONG,48,720,4,"{""asia_range_max"": 30.0, ""asia_range_min"": 6.0, ""close_above"": 1.6, ""session_set"": ""london_new_york""}",REJECT_REFINED_VARIANT,4.351655,Refinement did not preserve enough robust edge.,381,8.466667,-129.29,-0.42,0.490814,0.94953,-259.13,-262.64,0.900137,-529.34,0.80912,77,-83.35,-2.05,0.881241,115,42.64,1.048822,2,-93.6,-46.8,0.0,1,5,7,17,-732.0965,0.741959,0.38,0.38
pdl_sweep_reclaim_long_sweep1.25_reclaim3_new_york_only_h3_cool4,pdl_sweep_reclaim_refined,LONG,3,45,4,"{""reclaim_max"": 3.0, ""reclaim_min"": 0.0, ""session_set"": ""new_york_only"", ""sweep_min"": 1.25}",REJECT_REFINED_VARIANT,4.27004,Refinement did not preserve enough robust edge.,128,2.844444,-95.88,-1.08,0.421875,0.776623,-159.74,-140.68,0.690902,-230.28,0.547779,26,-6.55,-0.295,0.952169,39,-0.8,0.995563,9,20.85,3.53,1.518786,2,5,8,17,-254.0055,0.528873,0.19,0.19
pdl_sweep_reclaim_long_sweep1.25_reclaim3_new_york_only_h4_cool4,pdl_sweep_reclaim_refined,LONG,4,60,4,"{""reclaim_max"": 3.0, ""reclaim_min"": 0.0, ""session_set"": ""new_york_only"", ""sweep_min"": 1.25}",REJECT_REFINED_VARIANT,4.188603,Refinement did not preserve enough robust edge.,126,2.8,-111.85,-0.8,0.452381,0.766999,-148.8,-155.95,0.691316,-244.15,0.56233,26,-3.75,0.94,0.976303,38,-36.15,0.834622,9,-11.54,0.81,0.857072,1,5,7,17,-330.8745,0.482696,0.235,0.235
pdl_sweep_reclaim_long_sweep1.25_reclaim3_new_york_only_h6_cool4,pdl_sweep_reclaim_refined,LONG,6,90,4,"{""reclaim_max"": 3.0, ""reclaim_min"": 0.0, ""session_set"": ""new_york_only"", ""sweep_min"": 1.25}",REJECT_REFINED_VARIANT,4.151473,Refinement did not preserve enough robust edge.,124,2.755556,-115.56,-0.84,0.443548,0.788746,-176.92,-158.96,0.721787,-245.76,0.604716,25,6.89,6.21,1.033784,38,-32.46,0.882045,9,4.6,10.25,1.043714,2,5,5,17,-343.6275,0.532853,0.22,0.22
pdl_sweep_reclaim_long_sweep1.62_reclaim3_new_york_only_h8_cool0,pdl_sweep_reclaim_refined,LONG,8,120,0,"{""reclaim_max"": 3.0, ""reclaim_min"": 0.0, ""session_set"": ""new_york_only"", ""sweep_min"": 1.62}",REJECT_REFINED_VARIANT,4.128024,Refinement did not preserve enough robust edge.,109,2.534884,-102.67,-0.38,0.458716,0.798647,-141.29,-140.82,0.734732,-217.12,0.621399,22,-32.86,0.7,0.82975,33,-98.38,0.636733,9,-41.61,2.03,0.685939,2,5,5,17,-392.4015,0.437868,0.25,0.25
asia_high_breakout_long_close1.6_range6-30_london_new_york_h32_cool4,asia_high_breakout_refined,LONG,32,480,4,"{""asia_range_max"": 30.0, ""asia_range_min"": 6.0, ""close_above"": 1.6, ""session_set"": ""london_new_york""}",REJECT_REFINED_VARIANT,4.102498,Refinement did not preserve enough robust edge.,404,8.977778,-125.8,-0.45,0.485149,0.94544,-311.76,-267.2,0.887696,-550.0,0.78288,81,4.17,-3.1,1.007089,122,173.63,1.238319,2,-29.3,-14.65,0.0,1,5,6,17,-580.9045,0.764251,0.37,0.37
pdl_sweep_reclaim_long_sweep1.62_reclaim3_new_york_only_h4_cool4,pdl_sweep_reclaim_refined,LONG,4,60,4,"{""reclaim_max"": 3.0, ""reclaim_min"": 0.0, ""session_set"": ""new_york_only"", ""sweep_min"": 1.62}",REJECT_REFINED_VARIANT,3.950581,Refinement did not preserve enough robust edge.,109,2.534884,-100.51,-1.37,0.440367,0.763026,-124.48,-138.66,0.689305,-214.96,0.563214,22,-27.67,-0.78,0.824418,33,-66.6,0.691581,9,-17.04,-0.14,0.79736,2,5,7,17,-304.074,0.477066,0.21,0.21
asia_high_breakout_long_close1.6_range6-30_new_york_only_h24_cool0,asia_high_breakout_refined,LONG,24,360,0,"{""asia_range_max"": 30.0, ""asia_range_min"": 6.0, ""close_above"": 1.6, ""session_set"": ""new_york_only""}",REJECT_REFINED_VARIANT,3.91209,Refinement did not preserve enough robust edge.,346,7.863636,-176.12,-0.21,0.485549,0.913053,-299.35,-297.22,0.857699,-539.42,0.757036,70,10.88,0.805,1.020157,104,12.76,1.017618,1,10.11,10.11,999.0,3,5,8,16,-596.187,0.741807,0.285,0.285
asia_high_breakout_long_close1.6_range6-30_new_york_only_h24_cool4,asia_high_breakout_refined,LONG,24,360,4,"{""asia_range_max"": 30.0, ""asia_range_min"": 6.0, ""close_above"": 1.6, ""session_set"": ""new_york_only""}",REJECT_REFINED_VARIANT,3.91209,Refinement did not preserve enough robust edge.,346,7.863636,-176.12,-0.21,0.485549,0.913053,-299.35,-297.22,0.857699,-539.42,0.757036,70,10.88,0.805,1.020157,104,12.76,1.017618,1,10.11,10.11,999.0,3,5,8,16,-596.187,0.741807,0.285,0.285
pdl_sweep_reclaim_long_sweep1.62_reclaim1_london_new_york_h8_cool0,pdl_sweep_reclaim_refined,LONG,8,120,0,"{""reclaim_max"": 1.0, ""reclaim_min"": 0.0, ""session_set"": ""london_new_york"", ""sweep_min"": 1.62}",REJECT_REFINED_VARIANT,3.86808,Refinement did not preserve enough robust edge.,107,2.488372,-73.58,-0.63,0.448598,0.804407,-153.14,-111.03,0.720658,-185.93,0.578218,22,-27.16,-1.245,0.790513,33,-66.88,0.6485,8,-7.84,3.03,0.836701,2,5,5,17,-236.921,0.495351,0.23,0.23
pdl_sweep_reclaim_long_sweep2_reclaim3_new_york_only_h6_cool4,pdl_sweep_reclaim_refined,LONG,6,90,4,"{""reclaim_max"": 3.0, ""reclaim_min"": 0.0, ""session_set"": ""new_york_only"", ""sweep_min"": 2.0}",REJECT_REFINED_VARIANT,3.85517,Refinement did not preserve enough robust edge.,93,2.268293,-108.42,-0.78,0.462366,0.751016,-145.17,-140.97,0.688904,-206.07,0.579818,19,-26.78,7.56,0.855936,28,-72.49,0.70342,7,-14.0,10.25,0.850937,2,5,4,17,-368.924,0.432654,0.22,0.22
asia_high_breakout_long_close1.6_range4-25_london_only_h32_cool0,asia_high_breakout_refined,LONG,32,480,0,"{""asia_range_max"": 25.0, ""asia_range_min"": 4.0, ""close_above"": 1.6, ""session_set"": ""london_only""}",REJECT_REFINED_VARIANT,3.680252,Refinement did not preserve enough robust edge.,289,6.568182,-91.48,-1.07,0.460208,0.937344,-397.71,-192.63,0.872862,-394.93,0.757616,58,87.98,0.705,1.266235,87,162.44,1.401086,0,0.0,0.0,0.0,2,4,9,15,-392.617,0.760189,0.33,0.33
asia_high_breakout_long_close1.6_range4-25_london_only_h32_cool4,asia_high_breakout_refined,LONG,32,480,4,"{""asia_range_max"": 25.0, ""asia_range_min"": 4.0, ""close_above"": 1.6, ""session_set"": ""london_only""}",REJECT_REFINED_VARIANT,3.680252,Refinement did not preserve enough robust edge.,289,6.568182,-91.48,-1.07,0.460208,0.937344,-397.71,-192.63,0.872862,-394.93,0.757616,58,87.98,0.705,1.266235,87,162.44,1.401086,0,0.0,0.0,0.0,2,4,9,15,-392.617,0.760189,0.33,0.33
pdl_sweep_reclaim_long_sweep2_reclaim3_new_york_only_h6_cool0,pdl_sweep_reclaim_refined,LONG,6,90,0,"{""reclaim_max"": 3.0, ""reclaim_min"": 0.0, ""session_set"": ""new_york_only"", ""sweep_min"": 2.0}",REJECT_REFINED_VARIANT,3.634523,Refinement did not preserve enough robust edge.,97,2.365854,-112.41,-0.9,0.453608,0.751063,-161.28,-146.36,0.688794,-214.26,0.579627,20,-13.85,7.845,0.925167,30,-60.95,0.751224,8,-1.88,11.185,0.979983,2,5,4,17,-313.3065,0.46748,0.175,0.175
asia_high_breakout_long_close0.8_range6-30_london_only_h48_cool0,asia_high_breakout_refined,LONG,48,720,0,"{""asia_range_max"": 30.0, ""asia_range_min"": 6.0, ""close_above"": 0.8, ""session_set"": ""london_only""}",REJECT_REFINED_VARIANT,3.631971,Refinement did not preserve enough robust edge.,281,6.244444,-103.8,-1.04,0.480427,0.944354,-263.57,-202.15,0.894527,-398.85,0.802812,57,-244.8,-3.48,0.572663,85,-129.37,0.810824,2,-92.75,-46.375,0.0,2,5,4,17,-607.8685,0.729168,0.37,0.37
asia_high_breakout_long_close0.8_range6-30_london_only_h48_cool4,asia_high_breakout_refined,LONG,48,720,4,"{""asia_range_max"": 30.0, ""asia_range_min"": 6.0, ""close_above"": 0.8, ""session_set"": ""london_only""}",REJECT_REFINED_VARIANT,3.631971,Refinement did not preserve enough robust edge.,281,6.244444,-103.8,-1.04,0.480427,0.944354,-263.57,-202.15,0.894527,-398.85,0.802812,57,-244.8,-3.48,0.572663,85,-129.37,0.810824,2,-92.75,-46.375,0.0,2,5,4,17,-607.8685,0.729168,0.37,0.37
pdl_sweep_reclaim_long_sweep2_reclaim3_new_york_only_h3_cool0,pdl_sweep_reclaim_refined,LONG,3,45,0,"{""reclaim_max"": 3.0, ""reclaim_min"": 0.0, ""session_set"": ""new_york_only"", ""sweep_min"": 2.0}",REJECT_REFINED_VARIANT,3.516651,Refinement did not preserve enough robust edge.,102,2.487805,-102.86,-1.23,0.421569,0.729856,-161.69,-138.56,0.655057,-209.96,0.529048,21,-38.28,-0.59,0.72375,31,-24.77,0.855787,9,21.35,7.44,1.531227,2,5,6,17,-264.8565,0.435536,0.16,0.16
asia_high_breakout_long_close2_range4-25_london_only_h32_cool0,asia_high_breakout_refined,LONG,32,480,0,"{""asia_range_max"": 25.0, ""asia_range_min"": 4.0, ""close_above"": 2.0, ""session_set"": ""london_only""}",REJECT_REFINED_VARIANT,3.50453,Refinement did not preserve enough robust edge.,270,6.136364,-95.54,-0.705,0.481481,0.931595,-353.95,-190.04,0.868606,-379.04,0.755427,54,15.4,-1.6,1.042164,81,109.09,1.259547,0,0.0,0.0,0.0,2,4,8,15,-408.3615,0.734957,0.315,0.315
asia_high_breakout_long_close2_range4-25_london_only_h32_cool4,asia_high_breakout_refined,LONG,32,480,4,"{""asia_range_max"": 25.0, ""asia_range_min"": 4.0, ""close_above"": 2.0, ""session_set"": ""london_only""}",REJECT_REFINED_VARIANT,3.50453,Refinement did not preserve enough robust edge.,270,6.136364,-95.54,-0.705,0.481481,0.931595,-353.95,-190.04,0.868606,-379.04,0.755427,54,15.4,-1.6,1.042164,81,109.09,1.259547,0,0.0,0.0,0.0,2,4,8,15,-408.3615,0.734957,0.315,0.315
pdl_sweep_reclaim_long_sweep2_reclaim3_new_york_only_h4_cool0,pdl_sweep_reclaim_refined,LONG,4,60,0,"{""reclaim_max"": 3.0, ""reclaim_min"": 0.0, ""session_set"": ""new_york_only"", ""sweep_min"": 2.0}",REJECT_REFINED_VARIANT,3.4099,Refinement did not preserve enough robust edge.,102,2.487805,-114.06,-1.38,0.441176,0.728202,-125.7,-149.76,0.659946,-221.16,0.542387,21,-53.97,-1.42,0.661397,31,-52.56,0.738975,9,-28.9,-0.14,0.656321,2,5,7,17,-301.216,0.436528,0.19,0.19
pdl_sweep_reclaim_long_sweep2_reclaim3_new_york_only_h8_cool4,pdl_sweep_reclaim_refined,LONG,8,120,4,"{""reclaim_max"": 3.0, ""reclaim_min"": 0.0, ""session_set"": ""new_york_only"", ""sweep_min"": 2.0}",REJECT_REFINED_VARIANT,3.40007,Refinement did not preserve enough robust edge.,92,2.243902,-118.37,-0.5,0.456522,0.742332,-154.71,-150.57,0.684472,-214.97,0.580873,19,-52.39,1.59,0.693662,28,-120.0,0.517005,7,-70.59,2.03,0.411505,2,5,6,17,-322.3475,0.460231,0.215,0.215
asia_high_breakout_long_close1.2_range6-30_london_only_h48_cool0,asia_high_breakout_refined,LONG,48,720,0,"{""asia_range_max"": 30.0, ""asia_range_min"": 6.0, ""close_above"": 1.2, ""session_set"": ""london_only""}",REJECT_REFINED_VARIANT,3.084541,Refinement did not preserve enough robust edge.,266,6.045455,-159.6,-0.885,0.481203,0.913156,-271.69,-252.7,0.866045,-438.9,0.779121,54,-233.41,-3.84,0.579578,80,-166.61,0.754371,2,-92.75,-46.375,0.0,1,5,6,17,-597.504,0.716456,0.29,0.29
asia_high_breakout_long_close1.2_range6-30_london_only_h48_cool4,asia_high_breakout_refined,LONG,48,720,4,"{""asia_range_max"": 30.0, ""asia_range_min"": 6.0, ""close_above"": 1.2, ""session_set"": ""london_only""}",REJECT_REFINED_VARIANT,3.084541,Refinement did not preserve enough robust edge.,266,6.045455,-159.6,-0.885,0.481203,0.913156,-271.69,-252.7,0.866045,-438.9,0.779121,54,-233.41,-3.84,0.579578,80,-166.61,0.754371,2,-92.75,-46.375,0.0,1,5,6,17,-597.504,0.716456,0.29,0.29
asia_high_breakout_long_close2_range6-30_london_only_h32_cool0,asia_high_breakout_refined,LONG,32,480,0,"{""asia_range_max"": 30.0, ""asia_range_min"": 6.0, ""close_above"": 2.0, ""session_set"": ""london_only""}",REJECT_REFINED_VARIANT,2.83491,Refinement did not preserve enough robust edge.,233,5.295455,-200.55,-0.7,0.480687,0.848148,-290.01,-282.1,0.793136,-445.2,0.693781,47,-10.76,-4.57,0.966108,70,-115.93,0.776063,2,-29.3,-14.65,0.0,1,5,8,17,-558.1575,0.643559,0.155,0.155
asia_high_breakout_long_close2_range6-30_london_only_h32_cool4,asia_high_breakout_refined,LONG,32,480,4,"{""asia_range_max"": 30.0, ""asia_range_min"": 6.0, ""close_above"": 2.0, ""session_set"": ""london_only""}",REJECT_REFINED_VARIANT,2.83491,Refinement did not preserve enough robust edge.,233,5.295455,-200.55,-0.7,0.480687,0.848148,-290.01,-282.1,0.793136,-445.2,0.693781,47,-10.76,-4.57,0.966108,70,-115.93,0.776063,2,-29.3,-14.65,0.0,1,5,8,17,-558.1575,0.643559,0.155,0.155
pdl_sweep_reclaim_long_sweep2_reclaim3_new_york_only_h3_cool4,pdl_sweep_reclaim_refined,LONG,3,45,4,"{""reclaim_max"": 3.0, ""reclaim_min"": 0.0, ""session_set"": ""new_york_only"", ""sweep_min"": 2.0}",REJECT_REFINED_VARIANT,2.757627,Refinement did not preserve enough robust edge.,97,2.365854,-107.38,-1.22,0.42268,0.702911,-143.64,-141.33,0.629366,-209.23,0.505775,20,-40.7,-0.505,0.685447,30,-43.63,0.746911,8,-1.22,4.165,0.969644,1,5,5,17,-238.9005,0.468463,0.095,0.095
asia_high_breakout_long_close1.2_range6-30_london_only_h32_cool0,asia_high_breakout_refined,LONG,32,480,0,"{""asia_range_max"": 30.0, ""asia_range_min"": 6.0, ""close_above"": 1.2, ""session_set"": ""london_only""}",REJECT_REFINED_VARIANT,2.68117,Refinement did not preserve enough robust edge.,266,6.045455,-201.9,-1.695,0.443609,0.863178,-274.35,-295.0,0.806885,-481.2,0.70578,54,-74.01,-5.815,0.801443,80,-33.46,0.931332,2,-15.98,-7.99,0.0,2,5,6,17,-600.519,0.631238,0.155,0.155
asia_high_breakout_long_close1.2_range6-30_london_only_h32_cool4,asia_high_breakout_refined,LONG,32,480,4,"{""asia_range_max"": 30.0, ""asia_range_min"": 6.0, ""close_above"": 1.2, ""session_set"": ""london_only""}",REJECT_REFINED_VARIANT,2.68117,Refinement did not preserve enough robust edge.,266,6.045455,-201.9,-1.695,0.443609,0.863178,-274.35,-295.0,0.806885,-481.2,0.70578,54,-74.01,-5.815,0.801443,80,-33.46,0.931332,2,-15.98,-7.99,0.0,2,5,6,17,-600.519,0.631238,0.155,0.155
pdl_sweep_reclaim_long_sweep2_reclaim3_new_york_only_h4_cool4,pdl_sweep_reclaim_refined,LONG,4,60,4,"{""reclaim_max"": 3.0, ""reclaim_min"": 0.0, ""session_set"": ""new_york_only"", ""sweep_min"": 2.0}",REJECT_REFINED_VARIANT,2.674427,Refinement did not preserve enough robust edge.,96,2.341463,-137.97,-1.605,0.427083,0.657643,-149.61,-171.57,0.594445,-238.77,0.486008,20,-56.84,-0.78,0.624124,29,-81.67,0.582187,8,-52.58,-0.78,0.374718,1,5,6,17,-330.562,0.402124,0.14,0.14
pdl_sweep_reclaim_long_sweep2_reclaim3_new_york_only_h8_cool0,pdl_sweep_reclaim_refined,LONG,8,120,0,"{""reclaim_max"": 3.0, ""reclaim_min"": 0.0, ""session_set"": ""new_york_only"", ""sweep_min"": 2.0}",REJECT_REFINED_VARIANT,2.645176,Refinement did not preserve enough robust edge.,96,2.341463,-145.42,-0.83,0.447917,0.702563,-177.8,-179.02,0.647439,-246.22,0.548692,20,-72.07,0.7,0.622077,29,-120.72,0.520267,8,-83.13,1.81,0.372556,2,5,5,17,-382.2435,0.392436,0.155,0.155
asia_high_breakout_long_close0.8_range6-30_london_only_h32_cool0,asia_high_breakout_refined,LONG,32,480,0,"{""asia_range_max"": 30.0, ""asia_range_min"": 6.0, ""close_above"": 0.8, ""session_set"": ""london_only""}",REJECT_REFINED_VARIANT,2.641528,Refinement did not preserve enough robust edge.,281,6.244444,-206.29,-1.95,0.441281,0.865492,-287.67,-304.64,0.808247,-501.34,0.705555,57,-84.85,-5.63,0.783651,85,12.33,1.025106,2,-15.98,-7.99,0.0,2,5,7,17,-584.3295,0.669757,0.175,0.175
asia_high_breakout_long_close0.8_range6-30_london_only_h32_cool4,asia_high_breakout_refined,LONG,32,480,4,"{""asia_range_max"": 30.0, ""asia_range_min"": 6.0, ""close_above"": 0.8, ""session_set"": ""london_only""}",REJECT_REFINED_VARIANT,2.641528,Refinement did not preserve enough robust edge.,281,6.244444,-206.29,-1.95,0.441281,0.865492,-287.67,-304.64,0.808247,-501.34,0.705555,57,-84.85,-5.63,0.783651,85,12.33,1.025106,2,-15.98,-7.99,0.0,2,5,7,17,-584.3295,0.669757,0.175,0.175
asia_high_breakout_long_close2_range6-30_london_only_h48_cool0,asia_high_breakout_refined,LONG,48,720,0,"{""asia_range_max"": 30.0, ""asia_range_min"": 6.0, ""close_above"": 2.0, ""session_set"": ""london_only""}",REJECT_REFINED_VARIANT,2.412425,Refinement did not preserve enough robust edge.,233,5.295455,-198.18,-0.08,0.493562,0.881512,-304.21,-279.73,0.836821,-442.83,0.754289,47,-184.46,-3.71,0.626486,70,-277.33,0.601886,2,-93.6,-46.8,0.0,2,5,6,17,-690.616,0.655121,0.21,0.21
asia_high_breakout_long_close2_range6-30_london_only_h48_cool4,asia_high_breakout_refined,LONG,48,720,4,"{""asia_range_max"": 30.0, ""asia_range_min"": 6.0, ""close_above"": 2.0, ""session_set"": ""london_only""}",REJECT_REFINED_VARIANT,2.412425,Refinement did not preserve enough robust edge.,233,5.295455,-198.18,-0.08,0.493562,0.881512,-304.21,-279.73,0.836821,-442.83,0.754289,47,-184.46,-3.71,0.626486,70,-277.33,0.601886,2,-93.6,-46.8,0.0,2,5,6,17,-690.616,0.655121,0.21,0.21
asia_high_breakout_long_close1.6_range6-30_london_only_h48_cool0,asia_high_breakout_refined,LONG,48,720,0,"{""asia_range_max"": 30.0, ""asia_range_min"": 6.0, ""close_above"": 1.6, ""session_set"": ""london_only""}",REJECT_REFINED_VARIANT,2.186765,Refinement did not preserve enough robust edge.,249,5.659091,-256.13,-0.64,0.481928,0.85796,-319.87,-343.28,0.814317,-517.58,0.733836,50,-212.67,-4.43,0.601734,75,-218.16,0.685866,2,-93.6,-46.8,0.0,1,5,5,17,-729.341,0.648911,0.215,0.215
asia_high_breakout_long_close1.6_range6-30_london_only_h48_cool4,asia_high_breakout_refined,LONG,48,720,4,"{""asia_range_max"": 30.0, ""asia_range_min"": 6.0, ""close_above"": 1.6, ""session_set"": ""london_only""}",REJECT_REFINED_VARIANT,2.186765,Refinement did not preserve enough robust edge.,249,5.659091,-256.13,-0.64,0.481928,0.85796,-319.87,-343.28,0.814317,-517.58,0.733836,50,-212.67,-4.43,0.601734,75,-218.16,0.685866,2,-93.6,-46.8,0.0,1,5,5,17,-729.341,0.648911,0.215,0.215
asia_high_breakout_long_close1.6_range6-30_london_only_h32_cool0,asia_high_breakout_refined,LONG,32,480,0,"{""asia_range_max"": 30.0, ""asia_range_min"": 6.0, ""close_above"": 1.6, ""session_set"": ""london_only""}",REJECT_REFINED_VARIANT,2.114145,Refinement did not preserve enough robust edge.,249,5.659091,-230.36,-1.48,0.457831,0.834407,-342.09,-317.51,0.779332,-491.81,0.680311,50,-50.45,-4.84,0.855837,75,-25.99,0.94477,2,-29.3,-14.65,0.0,2,5,8,17,-552.2705,0.644445,0.15,0.15
asia_high_breakout_long_close1.6_range6-30_london_only_h32_cool4,asia_high_breakout_refined,LONG,32,480,4,"{""asia_range_max"": 30.0, ""asia_range_min"": 6.0, ""close_above"": 1.6, ""session_set"": ""london_only""}",REJECT_REFINED_VARIANT,2.114145,Refinement did not preserve enough robust edge.,249,5.659091,-230.36,-1.48,0.457831,0.834407,-342.09,-317.51,0.779332,-491.81,0.680311,50,-50.45,-4.84,0.855837,75,-25.99,0.94477,2,-29.3,-14.65,0.0,2,5,8,17,-552.2705,0.644445,0.15,0.15
pdl_sweep_reclaim_long_sweep3_reclaim1.55_london_new_york_h6_cool4,pdl_sweep_reclaim_refined,LONG,6,90,4,"{""reclaim_max"": 1.55, ""reclaim_min"": 0.0, ""session_set"": ""london_new_york"", ""sweep_min"": 3.0}",REJECT_TOO_FEW_EVENTS,-999.0,events < 80,72,1.894737,135.41,0.33,0.513889,1.687081,-56.2,110.21,1.526012,59.81,1.253379,15,185.72,10.25,9.670401,22,160.29,3.366603,10,106.32,6.62,19.205479,4,5,9,17,-2.7165,0.989046,0.945,0.945
pdl_sweep_reclaim_long_sweep2.5_reclaim2_new_york_only_h6_cool4,pdl_sweep_reclaim_refined,LONG,6,90,4,"{""reclaim_max"": 2.0, ""reclaim_min"": 0.0, ""session_set"": ""new_york_only"", ""sweep_min"": 2.5}",REJECT_TOO_FEW_EVENTS,-999.0,events < 80,58,1.757576,113.39,1.5,0.551724,1.666569,-63.1,93.09,1.518896,52.49,1.26422,12,99.75,9.325,3.899709,18,68.58,1.875638,4,64.44,14.72,999.0,4,5,7,16,-4.1545,0.979176,0.935,0.935
pdl_sweep_reclaim_long_sweep3_reclaim1.55_london_new_york_h6_cool0,pdl_sweep_reclaim_refined,LONG,6,90,0,"{""reclaim_max"": 1.55, ""reclaim_min"": 0.0, ""session_set"": ""london_new_york"", ""sweep_min"": 3.0}",REJECT_TOO_FEW_EVENTS,-999.0,events < 80,73,1.921053,131.8,0.16,0.506849,1.656734,-56.2,106.25,1.497705,55.15,1.229114,15,185.72,10.25,9.670401,22,160.29,3.366603,10,106.32,6.62,19.205479,4,5,9,17,-13.017,0.94672,0.94,0.94
pdl_sweep_reclaim_long_sweep3_reclaim2_new_york_only_h6_cool4,pdl_sweep_reclaim_refined,LONG,6,90,4,"{""reclaim_max"": 2.0, ""reclaim_min"": 0.0, ""session_set"": ""new_york_only"", ""sweep_min"": 3.0}",REJECT_TOO_FEW_EVENTS,-999.0,events < 80,48,1.548387,93.83,1.35,0.541667,1.633045,-66.77,77.03,1.493434,43.43,1.25171,10,106.75,10.54,6.539699,15,102.69,3.322778,4,64.44,14.72,999.0,4,5,8,16,-16.8535,0.897905,0.925,0.925
pdl_sweep_reclaim_long_sweep3_reclaim1.55_new_york_only_h6_cool4,pdl_sweep_reclaim_refined,LONG,6,90,4,"{""reclaim_max"": 1.55, ""reclaim_min"": 0.0, ""session_set"": ""new_york_only"", ""sweep_min"": 3.0}",REJECT_TOO_FEW_EVENTS,-999.0,events < 80,44,1.517241,82.48,1.35,0.545455,1.631837,-53.65,67.08,1.48704,36.28,1.237497,9,112.16,10.83,9.092352,14,108.1,3.786082,4,64.44,14.72,999.0,4,5,9,16,-28.334,0.825116,0.88,0.88
pdl_sweep_reclaim_long_sweep2.5_reclaim2_new_york_only_h6_cool0,pdl_sweep_reclaim_refined,LONG,6,90,0,"{""reclaim_max"": 2.0, ""reclaim_min"": 0.0, ""session_set"": ""new_york_only"", ""sweep_min"": 2.5}",REJECT_TOO_FEW_EVENTS,-999.0,events < 80,60,1.818182,109.2,0.87,0.533333,1.626506,-63.68,88.2,1.478594,46.2,1.225421,12,100.56,9.325,3.993748,18,81.71,2.253413,4,64.44,14.72,999.0,4,5,7,16,-33.579,0.8644,0.895,0.895
pdl_sweep_reclaim_long_sweep3_reclaim2_new_york_only_h6_cool0,pdl_sweep_reclaim_refined,LONG,6,90,0,"{""reclaim_max"": 2.0, ""reclaim_min"": 0.0, ""session_set"": ""new_york_only"", ""sweep_min"": 3.0}",REJECT_TOO_FEW_EVENTS,-999.0,events < 80,49,1.580645,90.22,0.72,0.530612,1.594217,-66.77,73.07,1.456488,38.77,1.218792,10,106.75,10.54,6.539699,15,102.69,3.322778,4,64.44,14.72,999.0,4,5,8,16,-28.978,0.85005,0.88,0.88
pdl_sweep_reclaim_long_sweep3_reclaim1.55_new_york_only_h6_cool0,pdl_sweep_reclaim_refined,LONG,6,90,0,"{""reclaim_max"": 1.55, ""reclaim_min"": 0.0, ""session_set"": ""new_york_only"", ""sweep_min"": 3.0}",REJECT_TOO_FEW_EVENTS,-999.0,events < 80,45,1.551724,78.87,0.72,0.533333,1.587924,-53.65,63.12,1.44548,31.62,1.200864,9,112.16,10.83,9.092352,14,108.1,3.786082,4,64.44,14.72,999.0,4,5,9,16,-21.463,0.869524,0.875,0.875
pdl_sweep_reclaim_long_sweep2.5_reclaim1.55_new_york_only_h6_cool4,pdl_sweep_reclaim_refined,LONG,6,90,4,"{""reclaim_max"": 1.55, ""reclaim_min"": 0.0, ""session_set"": ""new_york_only"", ""sweep_min"": 2.5}",REJECT_TOO_FEW_EVENTS,-999.0,events < 80,52,1.733333,88.99,0.87,0.538462,1.586928,-51.22,70.79,1.441858,34.39,1.193126,11,105.97,10.25,4.760468,16,88.51,2.515842,4,64.44,14.72,999.0,4,5,8,16,-39.139,0.814116,0.895,0.895
pdl_sweep_reclaim_long_sweep2.5_reclaim1.55_new_york_only_h6_cool0,pdl_sweep_reclaim_refined,LONG,6,90,0,"{""reclaim_max"": 1.55, ""reclaim_min"": 0.0, ""session_set"": ""new_york_only"", ""sweep_min"": 2.5}",REJECT_TOO_FEW_EVENTS,-999.0,events < 80,54,1.8,83.99,0.44,0.518519,1.536266,-52.61,65.09,1.392321,27.29,1.147378,11,105.97,10.25,4.760468,17,87.12,2.457344,4,64.44,14.72,999.0,4,5,8,16,-32.1115,0.834474,0.84,0.84
pdl_sweep_reclaim_long_sweep2.5_reclaim2_new_york_only_h4_cool0,pdl_sweep_reclaim_refined,LONG,4,60,0,"{""reclaim_max"": 2.0, ""reclaim_min"": 0.0, ""session_set"": ""new_york_only"", ""sweep_min"": 2.5}",REJECT_TOO_FEW_EVENTS,-999.0,events < 80,62,1.878788,74.34,0.275,0.5,1.398948,-50.18,52.64,1.266951,9.24,1.042103,13,61.79,1.07,2.523422,19,87.93,2.778519,5,52.82,11.64,34.858974,4,5,9,16,-38.455,0.846775,0.84,0.84
pdl_sweep_reclaim_long_sweep3_reclaim1.55_london_new_york_h3_cool0,pdl_sweep_reclaim_refined,LONG,3,45,0,"{""reclaim_max"": 1.55, ""reclaim_min"": 0.0, ""session_set"": ""london_new_york"", ""sweep_min"": 3.0}",REJECT_TOO_FEW_EVENTS,-999.0,events < 80,75,1.973684,77.24,-0.35,0.466667,1.391882,-71.28,50.99,1.24143,-1.51,0.993757,15,102.84,8.93,4.659786,23,109.75,2.971439,12,83.65,7.735,9.527013,2,5,7,17,-37.3965,0.852115,0.865,0.865
pdl_sweep_reclaim_long_sweep3_reclaim1.55_london_new_york_h4_cool0,pdl_sweep_reclaim_refined,LONG,4,60,0,"{""reclaim_max"": 1.55, ""reclaim_min"": 0.0, ""session_set"": ""london_new_york"", ""sweep_min"": 3.0}",REJECT_TOO_FEW_EVENTS,-999.0,events < 80,75,1.973684,75.43,-0.14,0.493333,1.354032,-66.7,49.18,1.217265,-3.32,0.986908,15,109.41,6.31,4.31445,23,111.8,2.596231,12,90.14,5.71,8.340391,3,5,10,17,-52.39,0.808962,0.825,0.825
pdl_sweep_reclaim_long_sweep2.5_reclaim2_new_york_only_h8_cool4,pdl_sweep_reclaim_refined,LONG,8,120,4,"{""reclaim_max"": 2.0, ""reclaim_min"": 0.0, ""session_set"": ""new_york_only"", ""sweep_min"": 2.5}",REJECT_TOO_FEW_EVENTS,-999.0,events < 80,58,1.757576,70.31,1.575,0.534483,1.338778,-76.52,50.01,1.230143,9.41,1.039721,12,65.18,2.025,2.551535,18,17.29,1.167995,4,15.77,9.3,1.61698,4,5,8,16,-78.0785,0.741783,0.83,0.83
pdl_sweep_reclaim_long_sweep2.5_reclaim2_new_york_only_h3_cool0,pdl_sweep_reclaim_refined,LONG,3,45,0,"{""reclaim_max"": 2.0, ""reclaim_min"": 0.0, ""session_set"": ""new_york_only"", ""sweep_min"": 2.5}",REJECT_TOO_FEW_EVENTS,-999.0,events < 80,62,1.878788,56.4,0.39,0.516129,1.330288,-47.46,34.7,1.191438,-8.7,0.957401,13,44.08,-0.42,2.156045,19,83.43,3.053409,5,35.99,9.43,5.817938,4,5,8,16,-46.884,0.768272,0.805,0.805
pdl_sweep_reclaim_long_sweep3_reclaim1.55_london_new_york_h4_cool4,pdl_sweep_reclaim_refined,LONG,4,60,4,"{""reclaim_max"": 1.55, ""reclaim_min"": 0.0, ""session_set"": ""london_new_york"", ""sweep_min"": 3.0}",REJECT_TOO_FEW_EVENTS,-999.0,events < 80,72,1.894737,64.6,0.275,0.5,1.322661,-64.57,39.4,1.185142,-11.0,0.953905,15,124.86,6.9,6.601615,22,108.36,2.826703,10,77.18,5.71,50.474359,3,5,10,17,-49.482,0.795437,0.83,0.83
pdl_sweep_reclaim_long_sweep2.5_reclaim2_new_york_only_h8_cool0,pdl_sweep_reclaim_refined,LONG,8,120,0,"{""reclaim_max"": 2.0, ""reclaim_min"": 0.0, ""session_set"": ""new_york_only"", ""sweep_min"": 2.5}",REJECT_TOO_FEW_EVENTS,-999.0,events < 80,59,1.787879,65.64,2.02,0.542373,1.305757,-81.19,44.99,1.200454,3.69,1.01512,12,58.04,2.025,2.180875,18,33.34,1.373181,4,15.77,9.3,1.61698,3,5,8,16,-68.4615,0.745679,0.775,0.775
pdl_sweep_reclaim_long_sweep2_reclaim2_new_york_only_h6_cool4,pdl_sweep_reclaim_refined,LONG,6,90,4,"{""reclaim_max"": 2.0, ""reclaim_min"": 0.0, ""session_set"": ""new_york_only"", ""sweep_min"": 2.0}",REJECT_TOO_FEW_EVENTS,-999.0,events < 80,76,2.054054,67.97,-0.46,0.473684,1.288804,-70.99,41.37,1.165785,-11.83,0.95753,16,110.52,8.265,3.594975,23,69.57,1.704863,4,64.44,14.72,999.0,4,5,6,17,-44.961,0.829329,0.835,0.835
pdl_sweep_reclaim_long_sweep2.5_reclaim1.55_new_york_only_h4_cool0,pdl_sweep_reclaim_refined,LONG,4,60,0,"{""reclaim_max"": 1.55, ""reclaim_min"": 0.0, ""session_set"": ""new_york_only"", ""sweep_min"": 2.5}",REJECT_TOO_FEW_EVENTS,-999.0,events < 80,56,1.866667,48.52,-0.295,0.482143,1.288415,-55.1,28.92,1.162126,-10.28,0.948407,12,68.6,3.985,3.032593,17,103.62,4.070222,5,52.82,11.64,34.858974,3,5,8,16,-68.741,0.67791,0.74,0.74
pdl_sweep_reclaim_long_sweep2.5_reclaim1.55_new_york_only_h3_cool0,pdl_sweep_reclaim_refined,LONG,3,45,0,"{""reclaim_max"": 1.55, ""reclaim_min"": 0.0, ""session_set"": ""new_york_only"", ""sweep_min"": 2.5}",REJECT_TOO_FEW_EVENTS,-999.0,events < 80,56,1.866667,44.03,0.045,0.5,1.284947,-47.46,24.43,1.148673,-14.77,0.920544,12,50.51,0.425,2.593375,17,70.84,3.071345,5,35.99,9.43,5.817938,3,5,7,16,-72.3495,0.629141,0.73,0.73
pdl_sweep_reclaim_long_sweep2.5_reclaim2_new_york_only_h4_cool4,pdl_sweep_reclaim_refined,LONG,4,60,4,"{""reclaim_max"": 2.0, ""reclaim_min"": 0.0, ""session_set"": ""new_york_only"", ""sweep_min"": 2.5}",REJECT_TOO_FEW_EVENTS,-999.0,events < 80,59,1.787879,50.65,-0.14,0.491525,1.28404,-52.32,30.0,1.158881,-11.3,0.94629,12,56.3,3.985,2.738191,18,47.27,1.809556,4,29.14,5.75,19.679487,4,5,8,16,-64.73,0.702447,0.79,0.79
pdl_sweep_reclaim_long_sweep3_reclaim1.55_london_new_york_h3_cool4,pdl_sweep_reclaim_refined,LONG,3,45,4,"{""reclaim_max"": 1.55, ""reclaim_min"": 0.0, ""session_set"": ""london_new_york"", ""sweep_min"": 3.0}",REJECT_TOO_FEW_EVENTS,-999.0,events < 80,73,1.921053,55.02,-0.66,0.465753,1.279644,-71.28,29.47,1.14,-21.63,0.910051,15,105.28,8.93,4.793874,22,90.2,2.630513,10,61.43,7.735,7.493658,2,5,7,17,-55.809,0.769551,0.755,0.755
pdl_sweep_reclaim_long_sweep2.5_reclaim2_new_york_only_h3_cool4,pdl_sweep_reclaim_refined,LONG,3,45,4,"{""reclaim_max"": 2.0, ""reclaim_min"": 0.0, ""session_set"": ""new_york_only"", ""sweep_min"": 2.5}",REJECT_TOO_FEW_EVENTS,-999.0,events < 80,60,1.818182,43.01,0.39,0.516667,1.266184,-47.46,22.01,1.128166,-19.99,0.896959,12,40.26,0.425,2.390674,18,54.84,2.175563,4,13.42,3.185,2.796519,4,5,8,16,-66.1095,0.653535,0.76,0.76
pdl_sweep_reclaim_long_sweep3_reclaim1.55_new_york_only_h3_cool0,pdl_sweep_reclaim_refined,LONG,3,45,0,"{""reclaim_max"": 1.55, ""reclaim_min"": 0.0, ""session_set"": ""new_york_only"", ""sweep_min"": 3.0}",REJECT_TOO_FEW_EVENTS,-999.0,events < 80,46,1.586207,33.89,0.39,0.521739,1.253668,-53.18,17.79,1.125902,-14.41,0.909183,10,60.1,5.35,3.718227,14,70.55,3.255435,5,35.99,9.43,5.817938,3,5,8,16,-47.1005,0.711491,0.71,0.71
pdl_sweep_reclaim_long_sweep3_reclaim2_new_york_only_h4_cool0,pdl_sweep_reclaim_refined,LONG,4,60,0,"{""reclaim_max"": 2.0, ""reclaim_min"": 0.0, ""session_set"": ""new_york_only"", ""sweep_min"": 3.0}",REJECT_TOO_FEW_EVENTS,-999.0,events < 80,50,1.612903,40.54,-0.845,0.46,1.244085,-66.14,23.04,1.131252,-11.96,0.93867,10,82.11,7.365,5.283255,15,77.98,2.820261,5,52.82,11.64,34.858974,2,5,8,16,-67.1115,0.661281,0.685,0.685
pdl_sweep_reclaim_long_sweep3_reclaim2_new_york_only_h3_cool0,pdl_sweep_reclaim_refined,LONG,3,45,0,"{""reclaim_max"": 2.0, ""reclaim_min"": 0.0, ""session_set"": ""new_york_only"", ""sweep_min"": 3.0}",REJECT_TOO_FEW_EVENTS,-999.0,events < 80,50,1.612903,35.29,0.39,0.52,1.235518,-48.07,17.79,1.112424,-17.21,0.902774,10,60.1,5.35,3.718227,15,64.12,2.700345,5,35.99,9.43,5.817938,3,5,8,16,-59.698,0.681466,0.67,0.67
pdl_sweep_reclaim_long_sweep1.62_reclaim1.55_new_york_only_h6_cool4,pdl_sweep_reclaim_refined,LONG,6,90,4,"{""reclaim_max"": 1.55, ""reclaim_min"": 0.0, ""session_set"": ""new_york_only"", ""sweep_min"": 1.62}",REJECT_TOO_FEW_EVENTS,-999.0,events < 80,78,2.108108,48.5,-0.77,0.448718,1.211375,-78.29,21.2,1.08664,-33.4,0.879042,16,95.97,8.265,2.884351,24,61.23,1.663524,5,54.28,10.25,6.34252,4,5,7,17,-65.5155,0.748126,0.73,0.73
pdl_sweep_reclaim_long_sweep3_reclaim1.55_new_york_only_h4_cool0,pdl_sweep_reclaim_refined,LONG,4,60,0,"{""reclaim_max"": 1.55, ""reclaim_min"": 0.0, ""session_set"": ""new_york_only"", ""sweep_min"": 3.0}",REJECT_TOO_FEW_EVENTS,-999.0,events < 80,46,1.586207,31.24,-0.845,0.456522,1.21111,-68.48,15.14,1.096599,-17.06,0.902403,10,82.11,7.365,5.283255,14,84.79,3.353317,5,52.82,11.64,34.858974,3,5,8,16,-59.734,0.674826,0.645,0.645
pdl_sweep_reclaim_long_sweep2_reclaim1.55_new_york_only_h6_cool4,pdl_sweep_reclaim_refined,LONG,6,90,4,"{""reclaim_max"": 1.55, ""reclaim_min"": 0.0, ""session_set"": ""new_york_only"", ""sweep_min"": 2.0}",REJECT_TOO_FEW_EVENTS,-999.0,events < 80,68,1.942857,44.4,-0.46,0.470588,1.210886,-81.73,20.6,1.09224,-27.0,0.891944,14,110.53,9.325,4.039043,21,68.3,1.801549,4,64.44,14.72,999.0,4,5,7,17,-79.445,0.689342,0.715,0.715
pdl_sweep_reclaim_long_sweep2.5_reclaim1.55_new_york_only_h3_cool4,pdl_sweep_reclaim_refined,LONG,3,45,4,"{""reclaim_max"": 1.55, ""reclaim_min"": 0.0, ""session_set"": ""new_york_only"", ""sweep_min"": 2.5}",REJECT_TOO_FEW_EVENTS,-999.0,events < 80,54,1.8,30.64,0.045,0.5,1.210816,-47.46,11.74,1.075845,-26.06,0.851645,11,46.69,1.27,3.073268,17,61.27,2.523371,4,13.42,3.185,2.796519,3,5,7,16,-64.5545,0.626527,0.67,0.67
pdl_sweep_reclaim_long_sweep3_reclaim1.55_new_york_only_h8_cool0,pdl_sweep_reclaim_refined,LONG,8,120,0,"{""reclaim_max"": 1.55, ""reclaim_min"": 0.0, ""session_set"": ""new_york_only"", ""sweep_min"": 3.0}",REJECT_TOO_FEW_EVENTS,-999.0,events < 80,44,1.517241,34.83,2.025,0.545455,1.209353,-62.54,19.43,1.111872,-11.37,0.939643,9,78.18,12.49,3.896628,14,82.07,3.020931,4,15.77,9.3,1.61698,4,5,8,16,-110.4745,0.554519,0.68,0.68
pdl_sweep_reclaim_long_sweep3_reclaim1.55_new_york_only_h8_cool4,pdl_sweep_reclaim_refined,LONG,8,120,4,"{""reclaim_max"": 1.55, ""reclaim_min"": 0.0, ""session_set"": ""new_york_only"", ""sweep_min"": 3.0}",REJECT_TOO_FEW_EVENTS,-999.0,events < 80,44,1.517241,34.83,2.025,0.545455,1.209353,-62.54,19.43,1.111872,-11.37,0.939643,9,78.18,12.49,3.896628,14,82.07,3.020931,4,15.77,9.3,1.61698,4,5,8,16,-110.4745,0.554519,0.68,0.68
pdl_sweep_reclaim_long_sweep2.5_reclaim1.55_new_york_only_h8_cool0,pdl_sweep_reclaim_refined,LONG,8,120,0,"{""reclaim_max"": 1.55, ""reclaim_min"": 0.0, ""session_set"": ""new_york_only"", ""sweep_min"": 2.5}",REJECT_TOO_FEW_EVENTS,-999.0,events < 80,53,1.766667,40.54,2.02,0.54717,1.208711,-69.37,21.99,1.108352,-15.11,0.931458,11,59.44,2.03,2.244817,16,48.61,1.656271,4,15.77,9.3,1.61698,4,5,7,16,-96.1375,0.63306,0.695,0.695
pdl_sweep_reclaim_long_sweep2_reclaim2_new_york_only_h6_cool0,pdl_sweep_reclaim_refined,LONG,6,90,0,"{""reclaim_max"": 2.0, ""reclaim_min"": 0.0, ""session_set"": ""new_york_only"", ""sweep_min"": 2.0}",REJECT_TOO_FEW_EVENTS,-999.0,events < 80,79,2.135135,51.86,-0.9,0.455696,1.206236,-77.81,24.21,1.090776,-31.09,0.895605,16,117.99,8.265,4.359624,24,68.99,1.694903,4,64.44,14.72,999.0,4,5,6,17,-74.659,0.74205,0.75,0.75
pdl_sweep_reclaim_long_sweep3_reclaim1.55_london_new_york_h8_cool0,pdl_sweep_reclaim_refined,LONG,8,120,0,"{""reclaim_max"": 1.55, ""reclaim_min"": 0.0, ""session_set"": ""london_new_york"", ""sweep_min"": 3.0}",REJECT_TOO_FEW_EVENTS,-999.0,events < 80,72,1.894737,55.72,-0.065,0.5,1.201818,-89.65,30.52,1.105489,-19.88,0.937073,15,130.37,4.16,3.081923,22,106.88,2.078507,10,41.02,3.03,1.87988,3,5,9,17,-124.4465,0.647516,0.75,0.75
pdl_sweep_reclaim_long_sweep3_reclaim1.55_london_new_york_h8_cool4,pdl_sweep_reclaim_refined,LONG,8,120,4,"{""reclaim_max"": 1.55, ""reclaim_min"": 0.0, ""session_set"": ""london_new_york"", ""sweep_min"": 3.0}",REJECT_TOO_FEW_EVENTS,-999.0,events < 80,72,1.894737,55.72,-0.065,0.5,1.201818,-89.65,30.52,1.105489,-19.88,0.937073,15,130.37,4.16,3.081923,22,106.88,2.078507,10,41.02,3.03,1.87988,3,5,9,17,-124.4465,0.647516,0.75,0.75
pdl_sweep_reclaim_long_sweep2.5_reclaim1.55_new_york_only_h8_cool4,pdl_sweep_reclaim_refined,LONG,8,120,4,"{""reclaim_max"": 1.55, ""reclaim_min"": 0.0, ""session_set"": ""new_york_only"", ""sweep_min"": 2.5}",REJECT_TOO_FEW_EVENTS,-999.0,events < 80,52,1.733333,38.07,1.575,0.538462,1.195995,-71.84,19.87,1.097906,-16.53,0.925017,11,59.44,2.03,2.244817,16,32.27,1.366955,4,15.77,9.3,1.61698,3,5,7,16,-98.619,0.602351,0.675,0.675
pdl_sweep_reclaim_long_sweep3_reclaim2_new_york_only_h8_cool0,pdl_sweep_reclaim_refined,LONG,8,120,0,"{""reclaim_max"": 2.0, ""reclaim_min"": 0.0, ""session_set"": ""new_york_only"", ""sweep_min"": 3.0}",REJECT_TOO_FEW_EVENTS,-999.0,events < 80,48,1.548387,36.44,1.03,0.520833,1.195065,-79.03,19.64,1.10063,-13.96,0.934142,10,76.78,7.26,3.704473,15,80.67,2.920257,4,15.77,9.3,1.61698,4,5,7,16,-85.07,0.659101,0.645,0.645
pdl_sweep_reclaim_long_sweep3_reclaim2_new_york_only_h8_cool4,pdl_sweep_reclaim_refined,LONG,8,120,4,"{""reclaim_max"": 2.0, ""reclaim_min"": 0.0, ""session_set"": ""new_york_only"", ""sweep_min"": 3.0}",REJECT_TOO_FEW_EVENTS,-999.0,events < 80,48,1.548387,36.44,1.03,0.520833,1.195065,-79.03,19.64,1.10063,-13.96,0.934142,10,76.78,7.26,3.704473,15,80.67,2.920257,4,15.77,9.3,1.61698,4,5,7,16,-85.07,0.659101,0.645,0.645
pdl_sweep_reclaim_long_sweep2_reclaim1.55_new_york_only_h6_cool0,pdl_sweep_reclaim_refined,LONG,6,90,0,"{""reclaim_max"": 1.55, ""reclaim_min"": 0.0, ""session_set"": ""new_york_only"", ""sweep_min"": 2.0}",REJECT_TOO_FEW_EVENTS,-999.0,events < 80,70,2.0,39.4,-0.84,0.457143,1.182797,-86.62,14.9,1.065057,-34.1,0.8673,14,117.19,9.325,4.944463,21,69.86,1.835146,4,64.44,14.72,999.0,4,5,7,17,-91.999,0.670581,0.685,0.685
pdl_sweep_reclaim_long_sweep2.5_reclaim1.55_new_york_only_h4_cool4,pdl_sweep_reclaim_refined,LONG,4,60,4,"{""reclaim_max"": 1.55, ""reclaim_min"": 0.0, ""session_set"": ""new_york_only"", ""sweep_min"": 2.5}",REJECT_TOO_FEW_EVENTS,-999.0,events < 80,53,1.766667,24.83,-0.45,0.471698,1.154984,-52.97,6.28,1.036939,-30.82,0.837943,11,63.11,6.9,3.467162,16,68.92,2.875885,4,29.14,5.75,19.679487,3,5,7,16,-75.167,0.587386,0.625,0.625
pdl_sweep_reclaim_long_sweep2_reclaim2_new_york_only_h8_cool4,pdl_sweep_reclaim_refined,LONG,8,120,4,"{""reclaim_max"": 2.0, ""reclaim_min"": 0.0, ""session_set"": ""new_york_only"", ""sweep_min"": 2.0}",REJECT_TOO_FEW_EVENTS,-999.0,events < 80,75,2.027027,36.29,-0.63,0.466667,1.131025,-87.58,10.04,1.034469,-42.46,0.867304,15,79.48,2.03,2.799819,23,9.46,1.074653,4,15.77,9.3,1.61698,4,5,6,17,-106.988,0.685947,0.65,0.65
pdl_sweep_reclaim_long_sweep3_reclaim2_new_york_only_h4_cool4,pdl_sweep_reclaim_refined,LONG,4,60,4,"{""reclaim_max"": 2.0, ""reclaim_min"": 0.0, ""session_set"": ""new_york_only"", ""sweep_min"": 3.0}",REJECT_TOO_FEW_EVENTS,-999.0,events < 80,48,1.548387,18.99,-0.845,0.458333,1.115821,-66.14,2.19,1.012655,-31.41,0.836261,10,51.62,3.38,2.986913,15,58.09,2.355976,4,29.14,5.75,19.679487,2,5,8,16,-85.911,0.585245,0.6,0.6
pdl_sweep_reclaim_long_sweep3_reclaim2_new_york_only_h3_cool4,pdl_sweep_reclaim_refined,LONG,3,45,4,"{""reclaim_max"": 2.0, ""reclaim_min"": 0.0, ""session_set"": ""new_york_only"", ""sweep_min"": 3.0}",REJECT_TOO_FEW_EVENTS,-999.0,events < 80,49,1.580645,12.72,0.39,0.510204,1.084891,-48.07,-4.43,0.972005,-38.73,0.781199,10,31.1,-0.895,2.089699,15,39.05,1.971151,4,13.42,3.185,2.796519,3,5,8,16,-82.6335,0.554438,0.525,0.525
pdl_sweep_reclaim_long_sweep3_reclaim1.55_new_york_only_h3_cool4,pdl_sweep_reclaim_refined,LONG,3,45,4,"{""reclaim_max"": 1.55, ""reclaim_min"": 0.0, ""session_set"": ""new_york_only"", ""sweep_min"": 3.0}",REJECT_TOO_FEW_EVENTS,-999.0,events < 80,45,1.551724,11.32,0.39,0.511111,1.084731,-53.18,-4.43,0.968648,-35.93,0.773555,9,37.53,1.27,2.697422,14,45.48,2.346359,4,13.42,3.185,2.796519,3,5,8,16,-83.9155,0.506089,0.56,0.56
pdl_sweep_reclaim_long_sweep2_reclaim2_new_york_only_h8_cool0,pdl_sweep_reclaim_refined,LONG,8,120,0,"{""reclaim_max"": 2.0, ""reclaim_min"": 0.0, ""session_set"": ""new_york_only"", ""sweep_min"": 2.0}",REJECT_TOO_FEW_EVENTS,-999.0,events < 80,78,2.108108,21.78,-0.83,0.461538,1.074094,-98.14,-5.52,0.982134,-60.12,0.822686,16,74.81,2.25,2.458285,24,4.79,1.035784,4,15.77,9.3,1.61698,4,5,6,17,-128.491,0.674498,0.61,0.61
pdl_sweep_reclaim_long_sweep3_reclaim1.55_new_york_only_h4_cool4,pdl_sweep_reclaim_refined,LONG,4,60,4,"{""reclaim_max"": 1.55, ""reclaim_min"": 0.0, ""session_set"": ""new_york_only"", ""sweep_min"": 3.0}",REJECT_TOO_FEW_EVENTS,-999.0,events < 80,44,1.517241,9.69,-0.845,0.454545,1.066438,-66.35,-5.71,0.962982,-36.51,0.787263,9,58.43,6.9,4.047992,14,64.9,2.801277,4,29.14,5.75,19.679487,3,5,8,16,-92.7665,0.490374,0.53,0.53
pdl_sweep_reclaim_long_sweep2_reclaim2_new_york_only_h4_cool4,pdl_sweep_reclaim_refined,LONG,4,60,4,"{""reclaim_max"": 2.0, ""reclaim_min"": 0.0, ""session_set"": ""new_york_only"", ""sweep_min"": 2.0}",REJECT_TOO_FEW_EVENTS,-999.0,events < 80,78,2.108108,14.35,-0.63,0.461538,1.059839,-70.52,-12.95,0.949226,-67.55,0.764158,16,75.56,5.28,3.179406,24,32.49,1.361281,4,29.14,5.75,19.679487,4,5,8,17,-89.015,0.690068,0.58,0.58
pdl_sweep_reclaim_long_sweep2_reclaim1.55_new_york_only_h3_cool0,pdl_sweep_reclaim_refined,LONG,3,45,0,"{""reclaim_max"": 1.55, ""reclaim_min"": 0.0, ""session_set"": ""new_york_only"", ""sweep_min"": 2.0}",REJECT_TOO_FEW_EVENTS,-999.0,events < 80,73,2.085714,11.74,-1.02,0.438356,1.057439,-79.02,-13.81,0.936866,-64.91,0.739746,15,69.58,2.67,3.194953,22,65.8,2.030218,5,35.99,9.43,5.817938,4,5,7,17,-107.887,0.603326,0.515,0.515
pdl_sweep_reclaim_long_sweep1.62_reclaim1.55_new_york_only_h8_cool4,pdl_sweep_reclaim_refined,LONG,8,120,4,"{""reclaim_max"": 1.55, ""reclaim_min"": 0.0, ""session_set"": ""new_york_only"", ""sweep_min"": 1.62}",REJECT_TOO_FEW_EVENTS,-999.0,events < 80,76,2.054054,14.88,-0.375,0.473684,1.055302,-81.14,-11.72,0.958642,-64.92,0.79203,16,43.83,2.025,1.573841,23,3.43,1.028536,4,15.77,9.3,1.61698,4,5,5,17,-117.559,0.643353,0.58,0.58
pdl_sweep_reclaim_long_sweep2_reclaim1.55_new_york_only_h4_cool0,pdl_sweep_reclaim_refined,LONG,4,60,0,"{""reclaim_max"": 1.55, ""reclaim_min"": 0.0, ""session_set"": ""new_york_only"", ""sweep_min"": 2.0}",REJECT_TOO_FEW_EVENTS,-999.0,events < 80,73,2.085714,8.82,-1.24,0.438356,1.039265,-94.83,-16.73,0.930088,-67.83,0.748097,15,96.17,7.83,3.849481,22,63.27,1.814181,5,52.82,11.64,34.858974,3,5,6,17,-123.236,0.552767,0.52,0.52
pdl_sweep_reclaim_long_sweep2_reclaim2_new_york_only_h3_cool4,pdl_sweep_reclaim_refined,LONG,3,45,4,"{""reclaim_max"": 2.0, ""reclaim_min"": 0.0, ""session_set"": ""new_york_only"", ""sweep_min"": 2.0}",REJECT_TOO_FEW_EVENTS,-999.0,events < 80,79,2.135135,5.44,-0.72,0.455696,1.024551,-73.33,-22.21,0.90614,-77.51,0.711537,16,58.37,3.215,3.016235,24,45.74,1.644861,4,13.42,3.185,2.796519,4,5,8,17,-115.3585,0.57679,0.5,0.5
pdl_sweep_reclaim_long_sweep2_reclaim1.55_new_york_only_h3_cool4,pdl_sweep_reclaim_refined,LONG,3,45,4,"{""reclaim_max"": 1.55, ""reclaim_min"": 0.0, ""session_set"": ""new_york_only"", ""sweep_min"": 2.0}",REJECT_TOO_FEW_EVENTS,-999.0,events < 80,70,2.0,4.04,-0.87,0.442857,1.021317,-73.33,-20.46,0.899296,-69.46,0.70117,14,59.95,3.215,3.662078,21,54.29,1.992686,4,13.42,3.185,2.796519,4,5,7,17,-95.7285,0.58757,0.47,0.47
pdl_sweep_reclaim_long_sweep1.25_reclaim1_new_york_only_h8_cool4,pdl_sweep_reclaim_refined,LONG,8,120,4,"{""reclaim_max"": 1.0, ""reclaim_min"": 0.0, ""session_set"": ""new_york_only"", ""sweep_min"": 1.25}",REJECT_TOO_FEW_EVENTS,-999.0,events < 80,66,1.885714,3.37,-0.79,0.439394,1.015347,-89.26,-19.73,0.915267,-65.93,0.745964,14,5.08,-0.375,1.077427,20,-22.16,0.782061,2,6.83,3.415,999.0,3,5,9,17,-113.2055,0.577258,0.515,0.515
pdl_sweep_reclaim_long_sweep2_reclaim1.55_new_york_only_h8_cool0,pdl_sweep_reclaim_refined,LONG,8,120,0,"{""reclaim_max"": 1.55, ""reclaim_min"": 0.0, ""session_set"": ""new_york_only"", ""sweep_min"": 2.0}",REJECT_TOO_FEW_EVENTS,-999.0,events < 80,69,1.971429,3.25,-0.63,0.463768,1.01243,-81.95,-20.9,0.923923,-69.2,0.770344,14,70.73,2.25,2.417435,21,2.93,1.024009,4,15.77,9.3,1.61698,4,5,5,17,-143.5325,0.578217,0.495,0.495
pdl_sweep_reclaim_long_sweep3_reclaim1_new_york_only_h6_cool4,pdl_sweep_reclaim_refined,LONG,6,90,4,"{""reclaim_max"": 1.0, ""reclaim_min"": 0.0, ""session_set"": ""new_york_only"", ""sweep_min"": 3.0}",REJECT_TOO_FEW_EVENTS,-999.0,events < 80,30,1.363636,0.28,-1.18,0.433333,1.002717,-62.04,-10.22,0.90641,-31.22,0.743678,6,58.04,10.575,5.18759,9,22.31,1.449889,1,8.4,8.4,999.0,3,5,5,14,-78.8515,0.423181,0.47,0.47
pdl_sweep_reclaim_long_sweep2.5_reclaim3_new_york_only_h3_cool0,pdl_sweep_reclaim_refined,LONG,3,45,0,"{""reclaim_max"": 3.0, ""reclaim_min"": 0.0, ""session_set"": ""new_york_only"", ""sweep_min"": 2.5}",REJECT_TOO_FEW_EVENTS,-999.0,events < 80,78,2.0,-0.03,-0.36,0.487179,0.999883,-58.86,-27.33,0.898695,-81.93,0.727454,16,29.55,1.08,1.417727,24,32.66,1.361044,9,21.35,7.44,1.531227,4,5,7,17,-139.6255,0.564809,0.54,0.54
pdl_sweep_reclaim_long_sweep2_reclaim1.55_new_york_only_h8_cool4,pdl_sweep_reclaim_refined,LONG,8,120,4,"{""reclaim_max"": 1.55, ""reclaim_min"": 0.0, ""session_set"": ""new_york_only"", ""sweep_min"": 2.0}",REJECT_TOO_FEW_EVENTS,-999.0,events < 80,67,1.914286,-1.36,-0.63,0.462687,0.994841,-88.49,-24.81,0.910274,-71.71,0.762872,14,70.31,2.04,2.409018,21,-8.88,0.93241,4,15.77,9.3,1.61698,3,5,5,17,-163.4755,0.50604,0.475,0.475
pdl_sweep_reclaim_long_sweep2_reclaim1.55_new_york_only_h4_cool4,pdl_sweep_reclaim_refined,LONG,4,60,4,"{""reclaim_max"": 1.55, ""reclaim_min"": 0.0, ""session_set"": ""new_york_only"", ""sweep_min"": 2.0}",REJECT_TOO_FEW_EVENTS,-999.0,events < 80,69,1.971429,-6.24,-1.24,0.434783,0.969997,-84.07,-30.39,0.863077,-78.69,0.685893,14,74.01,5.28,3.656497,21,34.91,1.469473,4,29.14,5.75,19.679487,3,5,5,17,-119.642,0.564338,0.505,0.505
pdl_sweep_reclaim_long_sweep3_reclaim1_new_york_only_h6_cool0,pdl_sweep_reclaim_refined,LONG,6,90,0,"{""reclaim_max"": 1.0, ""reclaim_min"": 0.0, ""session_set"": ""new_york_only"", ""sweep_min"": 3.0}",REJECT_TOO_FEW_EVENTS,-999.0,events < 80,31,1.409091,-3.33,-1.25,0.419355,0.968782,-62.64,-14.18,0.874691,-35.88,0.716274,7,48.72,8.4,3.101812,10,20.26,1.392332,1,8.4,8.4,999.0,3,5,5,14,-96.538,0.35261,0.415,0.415
pdl_sweep_reclaim_long_sweep2.5_reclaim3_new_york_only_h6_cool0,pdl_sweep_reclaim_refined,LONG,6,90,0,"{""reclaim_max"": 3.0, ""reclaim_min"": 0.0, ""session_set"": ""new_york_only"", ""sweep_min"": 2.5}",REJECT_TOO_FEW_EVENTS,-999.0,events < 80,76,1.948718,-12.27,0.41,0.526316,0.964,-93.92,-38.87,0.89008,-92.07,0.758448,16,24.8,9.325,1.181845,23,18.63,1.113994,8,-1.88,11.185,0.979983,2,5,6,17,-222.504,0.554791,0.46,0.46
pdl_sweep_reclaim_long_sweep2.5_reclaim3_new_york_only_h3_cool4,pdl_sweep_reclaim_refined,LONG,3,45,4,"{""reclaim_max"": 3.0, ""reclaim_min"": 0.0, ""session_set"": ""new_york_only"", ""sweep_min"": 2.5}",REJECT_TOO_FEW_EVENTS,-999.0,events < 80,76,1.948718,-13.42,-0.36,0.486842,0.945518,-50.88,-40.02,0.846225,-93.22,0.678972,16,9.31,0.235,1.136091,23,16.77,1.200167,8,-1.22,4.165,0.969644,3,5,6,17,-149.7625,0.535724,0.49,0.49
pdl_sweep_reclaim_long_sweep2.5_reclaim3_new_york_only_h6_cool4,pdl_sweep_reclaim_refined,LONG,6,90,4,"{""reclaim_max"": 3.0, ""reclaim_min"": 0.0, ""session_set"": ""new_york_only"", ""sweep_min"": 2.5}",REJECT_TOO_FEW_EVENTS,-999.0,events < 80,73,1.871795,-20.2,0.43,0.534247,0.939995,-93.92,-45.75,0.86881,-96.85,0.741644,15,11.87,8.4,1.086522,22,-2.23,0.987048,7,-14.0,10.25,0.850937,2,5,6,17,-230.697,0.537486,0.46,0.46
pdl_sweep_reclaim_long_sweep1.25_reclaim1_new_york_only_h3_cool4,pdl_sweep_reclaim_refined,LONG,3,45,4,"{""reclaim_max"": 1.0, ""reclaim_min"": 0.0, ""session_set"": ""new_york_only"", ""sweep_min"": 1.25}",REJECT_TOO_FEW_EVENTS,-999.0,events < 80,73,2.085714,-10.91,-0.72,0.410959,0.936944,-95.43,-36.46,0.806136,-87.56,0.602542,15,64.77,3.53,3.120825,22,39.04,1.666894,3,13.86,3.53,4.142857,2,5,8,17,-92.1425,0.562584,0.38,0.38
pdl_sweep_reclaim_long_sweep3_reclaim1_new_york_only_h8_cool0,pdl_sweep_reclaim_refined,LONG,8,120,0,"{""reclaim_max"": 1.0, ""reclaim_min"": 0.0, ""session_set"": ""new_york_only"", ""sweep_min"": 3.0}",REJECT_TOO_FEW_EVENTS,-999.0,events < 80,30,1.363636,-10.28,-0.28,0.466667,0.91341,-84.59,-20.78,0.833266,-41.78,0.693987,6,62.92,6.5,45.0,9,4.16,1.069114,1,2.03,2.03,999.0,3,5,7,14,-105.4175,0.389792,0.395,0.395
pdl_sweep_reclaim_long_sweep3_reclaim1_new_york_only_h8_cool4,pdl_sweep_reclaim_refined,LONG,8,120,4,"{""reclaim_max"": 1.0, ""reclaim_min"": 0.0, ""session_set"": ""new_york_only"", ""sweep_min"": 3.0}",REJECT_TOO_FEW_EVENTS,-999.0,events < 80,30,1.363636,-10.28,-0.28,0.466667,0.91341,-84.59,-20.78,0.833266,-41.78,0.693987,6,62.92,6.5,45.0,9,4.16,1.069114,1,2.03,2.03,999.0,3,5,7,14,-105.4175,0.389792,0.395,0.395
pdl_sweep_reclaim_long_sweep2.5_reclaim1_new_york_only_h6_cool4,pdl_sweep_reclaim_refined,LONG,6,90,4,"{""reclaim_max"": 1.0, ""reclaim_min"": 0.0, ""session_set"": ""new_york_only"", ""sweep_min"": 2.5}",REJECT_TOO_FEW_EVENTS,-999.0,events < 80,36,1.636364,-11.51,-1.18,0.416667,0.906673,-73.83,-24.11,0.815771,-49.31,0.662953,8,49.39,4.13,3.194136,11,20.93,1.410634,1,8.4,8.4,999.0,2,5,4,14,-106.947,0.379705,0.385,0.385
pdl_sweep_reclaim_long_sweep1.62_reclaim1_new_york_only_h8_cool4,pdl_sweep_reclaim_refined,LONG,8,120,4,"{""reclaim_max"": 1.0, ""reclaim_min"": 0.0, ""session_set"": ""new_york_only"", ""sweep_min"": 1.62}",REJECT_TOO_FEW_EVENTS,-999.0,events < 80,55,1.896552,-21.44,-1.03,0.418182,0.885818,-86.44,-40.69,0.795815,-79.19,0.644026,11,6.05,-0.38,1.103774,17,-9.62,0.882238,1,2.03,2.03,999.0,3,5,6,16,-126.976,0.476894,0.365,0.365
pdl_sweep_reclaim_long_sweep2.5_reclaim1_london_new_york_h6_cool4,pdl_sweep_reclaim_refined,LONG,6,90,4,"{""reclaim_max"": 1.0, ""reclaim_min"": 0.0, ""session_set"": ""london_new_york"", ""sweep_min"": 2.5}",REJECT_TOO_FEW_EVENTS,-999.0,events < 80,64,1.777778,-25.36,-0.675,0.453125,0.876359,-103.06,-47.76,0.780464,-92.56,0.620313,13,24.93,3.89,1.380843,20,30.89,1.405487,7,19.11,4.45,1.930833,1,5,7,17,-142.2245,0.444953,0.355,0.355
pdl_sweep_reclaim_long_sweep1.62_reclaim1_new_york_only_h3_cool4,pdl_sweep_reclaim_refined,LONG,3,45,4,"{""reclaim_max"": 1.0, ""reclaim_min"": 0.0, ""session_set"": ""new_york_only"", ""sweep_min"": 1.62}",REJECT_TOO_FEW_EVENTS,-999.0,events < 80,60,2.068966,-19.7,-1.21,0.383333,0.876287,-91.97,-40.7,0.763633,-82.7,0.586624,12,55.33,3.215,2.896812,18,39.19,1.823665,2,10.33,5.165,3.342404,2,5,7,16,-109.9305,0.455982,0.34,0.34
pdl_sweep_reclaim_long_sweep2.5_reclaim1_new_york_only_h6_cool0,pdl_sweep_reclaim_refined,LONG,6,90,0,"{""reclaim_max"": 1.0, ""reclaim_min"": 0.0, ""session_set"": ""new_york_only"", ""sweep_min"": 2.5}",REJECT_TOO_FEW_EVENTS,-999.0,events < 80,38,1.727273,-16.51,-1.32,0.394737,0.871347,-75.82,-29.81,0.781724,-56.41,0.632269,8,57.32,4.13,4.931413,12,19.54,1.373186,1,8.4,8.4,999.0,2,5,4,14,-103.661,0.363997,0.38,0.38
pdl_sweep_reclaim_long_sweep1.25_reclaim1_new_york_only_h3_cool0,pdl_sweep_reclaim_refined,LONG,3,45,0,"{""reclaim_max"": 1.0, ""reclaim_min"": 0.0, ""session_set"": ""new_york_only"", ""sweep_min"": 1.25}",REJECT_TOO_FEW_EVENTS,-999.0,events < 80,77,2.2,-24.75,-1.02,0.402597,0.869165,-96.91,-51.7,0.748137,-105.6,0.559265,16,55.59,3.1,2.399547,24,36.24,1.535145,3,13.86,3.53,4.142857,2,5,7,17,-129.661,0.453844,0.345,0.345
pdl_sweep_reclaim_long_sweep2.5_reclaim3_new_york_only_h4_cool0,pdl_sweep_reclaim_refined,LONG,4,60,0,"{""reclaim_max"": 3.0, ""reclaim_min"": 0.0, ""session_set"": ""new_york_only"", ""sweep_min"": 2.5}",REJECT_TOO_FEW_EVENTS,-999.0,events < 80,78,2.0,-42.55,-0.63,0.474359,0.867445,-83.14,-69.85,0.791872,-124.45,0.65988,16,-7.02,0.335,0.936967,24,-0.12,0.999123,9,-28.9,-0.14,0.656321,2,5,6,17,-233.7895,0.489845,0.39,0.39
pdl_sweep_reclaim_long_sweep3_reclaim3_new_york_only_h3_cool0,pdl_sweep_reclaim_refined,LONG,3,45,0,"{""reclaim_max"": 3.0, ""reclaim_min"": 0.0, ""session_set"": ""new_york_only"", ""sweep_min"": 3.0}",REJECT_TOO_FEW_EVENTS,-999.0,events < 80,64,1.684211,-31.78,-0.805,0.46875,0.864524,-79.97,-54.18,0.780434,-98.98,0.637741,13,28.09,1.27,1.456303,20,19.23,1.213572,7,10.71,7.44,1.266484,2,5,7,17,-148.924,0.491298,0.355,0.355
pdl_sweep_reclaim_long_sweep2.5_reclaim1_london_new_york_h6_cool0,pdl_sweep_reclaim_refined,LONG,6,90,0,"{""reclaim_max"": 1.0, ""reclaim_min"": 0.0, ""session_set"": ""london_new_york"", ""sweep_min"": 2.5}",REJECT_TOO_FEW_EVENTS,-999.0,events < 80,66,1.833333,-30.36,-1.125,0.439394,0.855504,-105.05,-53.46,0.760538,-99.66,0.602758,14,20.59,-0.225,1.294986,20,29.64,1.382797,7,19.11,4.45,1.930833,1,5,7,17,-129.277,0.476115,0.28,0.28
pdl_sweep_reclaim_long_sweep2.5_reclaim3_new_york_only_h8_cool4,pdl_sweep_reclaim_refined,LONG,8,120,4,"{""reclaim_max"": 3.0, ""reclaim_min"": 0.0, ""session_set"": ""new_york_only"", ""sweep_min"": 2.5}",REJECT_TOO_FEW_EVENTS,-999.0,events < 80,73,1.871795,-53.3,1.13,0.520548,0.855301,-113.51,-78.85,0.792996,-129.95,0.680013,15,-17.66,2.03,0.869946,22,-42.59,0.757681,7,-70.59,2.03,0.411505,2,5,8,17,-322.935,0.457453,0.395,0.395
pdl_sweep_reclaim_long_sweep1.25_reclaim1_new_york_only_h8_cool0,pdl_sweep_reclaim_refined,LONG,8,120,0,"{""reclaim_max"": 1.0, ""reclaim_min"": 0.0, ""session_set"": ""new_york_only"", ""sweep_min"": 1.25}",REJECT_TOO_FEW_EVENTS,-999.0,events < 80,70,2.0,-39.9,-0.99,0.428571,0.849949,-103.13,-64.4,0.770181,-113.4,0.63301,14,-11.28,-0.375,0.862389,21,-75.38,0.483946,3,-23.69,2.03,0.223788,2,5,8,17,-183.8375,0.481071,0.34,0.34
pdl_sweep_reclaim_long_sweep2.5_reclaim1_london_new_york_h3_cool4,pdl_sweep_reclaim_refined,LONG,3,45,4,"{""reclaim_max"": 1.0, ""reclaim_min"": 0.0, ""session_set"": ""london_new_york"", ""sweep_min"": 2.5}",REJECT_TOO_FEW_EVENTS,-999.0,events < 80,66,1.833333,-26.03,-0.94,0.393939,0.849651,-98.55,-49.13,0.737483,-95.33,0.562445,14,25.36,-0.285,1.740654,20,28.23,1.627333,7,16.03,1.0,3.632184,2,5,7,17,-110.9105,0.455644,0.325,0.325
pdl_sweep_reclaim_long_sweep3_reclaim3_new_york_only_h6_cool4,pdl_sweep_reclaim_refined,LONG,6,90,4,"{""reclaim_max"": 3.0, ""reclaim_min"": 0.0, ""session_set"": ""new_york_only"", ""sweep_min"": 3.0}",REJECT_TOO_FEW_EVENTS,-999.0,events < 80,62,1.631579,-52.64,0.275,0.516129,0.832756,-93.92,-74.34,0.771571,-117.74,0.662394,13,4.4,8.4,1.033389,19,0.64,1.004092,6,-26.88,9.325,0.713799,2,5,6,17,-243.842,0.437295,0.325,0.325
pdl_sweep_reclaim_long_sweep2.5_reclaim1_new_york_only_h3_cool4,pdl_sweep_reclaim_refined,LONG,3,45,4,"{""reclaim_max"": 1.0, ""reclaim_min"": 0.0, ""session_set"": ""new_york_only"", ""sweep_min"": 2.5}",REJECT_TOO_FEW_EVENTS,-999.0,events < 80,38,1.727273,-19.92,-1.08,0.421053,0.831229,-79.39,-33.22,0.735783,-59.82,0.581971,8,40.45,3.215,4.931001,12,34.36,1.921674,1,-4.41,-4.41,0.0,1,5,4,14,-101.923,0.346617,0.39,0.39
pdl_sweep_reclaim_long_sweep3_reclaim1_london_new_york_h6_cool4,pdl_sweep_reclaim_refined,LONG,6,90,4,"{""reclaim_max"": 1.0, ""reclaim_min"": 0.0, ""session_set"": ""london_new_york"", ""sweep_min"": 3.0}",REJECT_TOO_FEW_EVENTS,-999.0,events < 80,52,1.529412,-30.54,-1.125,0.442308,0.826596,-86.29,-48.74,0.738603,-85.14,0.591576,11,3.77,-5.15,1.058296,16,14.21,1.200395,5,-2.84,4.45,0.861666,1,5,7,17,-137.913,0.400057,0.345,0.345
pdl_sweep_reclaim_long_sweep3_reclaim3_new_york_only_h6_cool0,pdl_sweep_reclaim_refined,LONG,6,90,0,"{""reclaim_max"": 3.0, ""reclaim_min"": 0.0, ""session_set"": ""new_york_only"", ""sweep_min"": 3.0}",REJECT_TOO_FEW_EVENTS,-999.0,events < 80,63,1.657895,-56.25,0.16,0.507937,0.823313,-93.92,-78.3,0.762295,-122.4,0.65366,13,4.4,8.4,1.033389,19,0.64,1.004092,6,-26.88,9.325,0.713799,2,5,6,17,-283.476,0.419954,0.33,0.33
pdl_sweep_reclaim_long_sweep1.62_reclaim1_new_york_only_h6_cool4,pdl_sweep_reclaim_refined,LONG,6,90,4,"{""reclaim_max"": 1.0, ""reclaim_min"": 0.0, ""session_set"": ""new_york_only"", ""sweep_min"": 1.62}",REJECT_TOO_FEW_EVENTS,-999.0,events < 80,57,1.965517,-30.71,-1.25,0.368421,0.822629,-90.63,-50.66,0.727532,-90.56,0.573112,12,18.48,-3.49,1.345938,18,3.69,1.051921,2,-1.76,-0.88,0.826772,1,5,5,16,-133.8995,0.390468,0.255,0.255
pdl_sweep_reclaim_long_sweep2_reclaim1_new_york_only_h3_cool4,pdl_sweep_reclaim_refined,LONG,3,45,4,"{""reclaim_max"": 1.0, ""reclaim_min"": 0.0, ""session_set"": ""new_york_only"", ""sweep_min"": 2.0}",REJECT_TOO_FEW_EVENTS,-999.0,events < 80,51,1.821429,-25.14,-1.14,0.392157,0.821487,-84.61,-42.99,0.716574,-78.69,0.55124,11,32.48,2.67,1.871245,16,24.67,1.520904,1,-4.41,-4.41,0.0,1,5,5,16,-107.983,0.394901,0.305,0.305
pdl_sweep_reclaim_long_sweep2.5_reclaim3_new_york_only_h8_cool0,pdl_sweep_reclaim_refined,LONG,8,120,0,"{""reclaim_max"": 3.0, ""reclaim_min"": 0.0, ""session_set"": ""new_york_only"", ""sweep_min"": 2.5}",REJECT_TOO_FEW_EVENTS,-999.0,events < 80,75,1.923077,-70.51,1.13,0.52,0.818287,-126.75,-96.76,0.758667,-149.26,0.650314,15,-35.94,2.03,0.766729,23,-35.63,0.791966,8,-83.13,1.81,0.372556,2,5,7,17,-318.3625,0.45402,0.255,0.255
pdl_sweep_reclaim_long_sweep2.5_reclaim1_new_york_only_h8_cool0,pdl_sweep_reclaim_refined,LONG,8,120,0,"{""reclaim_max"": 1.0, ""reclaim_min"": 0.0, ""session_set"": ""new_york_only"", ""sweep_min"": 2.5}",REJECT_TOO_FEW_EVENTS,-999.0,events < 80,36,1.636364,-27.78,-0.855,0.444444,0.810492,-94.95,-40.38,0.737622,-65.58,0.611032,8,29.46,0.83,1.844368,11,-11.2,0.851754,1,2.03,2.03,999.0,2,5,6,14,-124.769,0.358498,0.28,0.28
pdl_sweep_reclaim_long_sweep2.5_reclaim1_new_york_only_h8_cool4,pdl_sweep_reclaim_refined,LONG,8,120,4,"{""reclaim_max"": 1.0, ""reclaim_min"": 0.0, ""session_set"": ""new_york_only"", ""sweep_min"": 2.5}",REJECT_TOO_FEW_EVENTS,-999.0,events < 80,36,1.636364,-27.78,-0.855,0.444444,0.810492,-94.95,-40.38,0.737622,-65.58,0.611032,8,29.46,0.83,1.844368,11,-11.2,0.851754,1,2.03,2.03,999.0,2,5,6,14,-124.769,0.358498,0.28,0.28
pdl_sweep_reclaim_long_sweep3_reclaim1_london_new_york_h6_cool0,pdl_sweep_reclaim_refined,LONG,6,90,0,"{""reclaim_max"": 1.0, ""reclaim_min"": 0.0, ""session_set"": ""london_new_york"", ""sweep_min"": 3.0}",REJECT_TOO_FEW_EVENTS,-999.0,events < 80,53,1.558824,-34.15,-1.14,0.433962,0.809993,-86.89,-52.7,0.723243,-89.8,0.578641,11,3.77,-5.15,1.058296,16,14.21,1.200395,5,-2.84,4.45,0.861666,1,5,7,17,-137.474,0.412146,0.245,0.245
pdl_sweep_reclaim_long_sweep2.5_reclaim1_london_new_york_h3_cool0,pdl_sweep_reclaim_refined,LONG,3,45,0,"{""reclaim_max"": 1.0, ""reclaim_min"": 0.0, ""session_set"": ""london_new_york"", ""sweep_min"": 2.5}",REJECT_TOO_FEW_EVENTS,-999.0,events < 80,67,1.861111,-35.21,-0.97,0.38806,0.806867,-98.55,-58.66,0.701749,-105.56,0.537221,14,16.6,-0.285,1.386047,21,19.05,1.351606,7,16.03,1.0,3.632184,2,5,7,17,-120.38,0.462868,0.33,0.33
pdl_sweep_reclaim_long_sweep1.25_reclaim1_new_york_only_h6_cool4,pdl_sweep_reclaim_refined,LONG,6,90,4,"{""reclaim_max"": 1.0, ""reclaim_min"": 0.0, ""session_set"": ""new_york_only"", ""sweep_min"": 1.25}",REJECT_TOO_FEW_EVENTS,-999.0,events < 80,69,1.971429,-40.45,-1.11,0.376812,0.804277,-107.43,-64.6,0.708891,-112.9,0.554495,14,25.58,-1.895,1.468756,21,-6.59,0.92933,3,-2.91,-1.15,0.742706,1,5,5,17,-138.26,0.429545,0.27,0.27
pdl_sweep_reclaim_long_sweep1.62_reclaim1_new_york_only_h3_cool0,pdl_sweep_reclaim_refined,LONG,3,45,0,"{""reclaim_max"": 1.0, ""reclaim_min"": 0.0, ""session_set"": ""new_york_only"", ""sweep_min"": 1.62}",REJECT_TOO_FEW_EVENTS,-999.0,events < 80,62,2.137931,-34.57,-1.325,0.370968,0.801447,-95.92,-56.27,0.700309,-99.67,0.540755,13,46.15,2.67,2.20339,19,30.01,1.528717,2,10.33,5.165,3.342404,2,5,6,16,-122.592,0.418443,0.28,0.28
pdl_sweep_reclaim_long_sweep3_reclaim1_london_new_york_h3_cool0,pdl_sweep_reclaim_refined,LONG,3,45,0,"{""reclaim_max"": 1.0, ""reclaim_min"": 0.0, ""session_set"": ""london_new_york"", ""sweep_min"": 3.0}",REJECT_TOO_FEW_EVENTS,-999.0,events < 80,53,1.558824,-31.24,-1.02,0.377358,0.800115,-80.45,-49.79,0.703348,-86.89,0.549583,11,10.17,-1.33,1.237728,16,6.21,1.115988,5,9.38,-0.35,2.54023,2,5,8,17,-133.9615,0.375791,0.265,0.265
pdl_sweep_reclaim_long_sweep3_reclaim1_london_new_york_h3_cool4,pdl_sweep_reclaim_refined,LONG,3,45,4,"{""reclaim_max"": 1.0, ""reclaim_min"": 0.0, ""session_set"": ""london_new_york"", ""sweep_min"": 3.0}",REJECT_TOO_FEW_EVENTS,-999.0,events < 80,53,1.558824,-31.24,-1.02,0.377358,0.800115,-80.45,-49.79,0.703348,-86.89,0.549583,11,10.17,-1.33,1.237728,16,6.21,1.115988,5,9.38,-0.35,2.54023,2,5,8,17,-133.9615,0.375791,0.265,0.265
pdl_sweep_reclaim_long_sweep2.5_reclaim1_london_new_york_h4_cool4,pdl_sweep_reclaim_refined,LONG,4,60,4,"{""reclaim_max"": 1.0, ""reclaim_min"": 0.0, ""session_set"": ""london_new_york"", ""sweep_min"": 2.5}",REJECT_TOO_FEW_EVENTS,-999.0,events < 80,64,1.777778,-39.57,-1.025,0.40625,0.796618,-104.82,-61.97,0.701867,-106.77,0.545718,13,24.15,3.6,1.453606,20,27.47,1.420288,7,25.25,5.11,3.079901,1,5,6,17,-140.443,0.390033,0.23,0.23
pdl_sweep_reclaim_long_sweep2.5_reclaim1_london_new_york_h4_cool0,pdl_sweep_reclaim_refined,LONG,4,60,0,"{""reclaim_max"": 1.0, ""reclaim_min"": 0.0, ""session_set"": ""london_new_york"", ""sweep_min"": 2.5}",REJECT_TOO_FEW_EVENTS,-999.0,events < 80,67,1.861111,-41.84,-1.24,0.402985,0.795763,-107.09,-65.29,0.701681,-112.19,0.546579,14,15.98,1.09,1.260218,21,23.67,1.321909,7,25.25,5.11,3.079901,1,5,6,17,-143.2825,0.44279,0.245,0.245
pdl_sweep_reclaim_long_sweep1.25_reclaim1_new_york_only_h4_cool4,pdl_sweep_reclaim_refined,LONG,4,60,4,"{""reclaim_max"": 1.0, ""reclaim_min"": 0.0, ""session_set"": ""new_york_only"", ""sweep_min"": 1.25}",REJECT_TOO_FEW_EVENTS,-999.0,events < 80,70,2.0,-41.69,-1.025,0.428571,0.794235,-108.88,-66.19,0.695188,-115.19,0.534172,14,39.24,1.61,1.896914,21,5.7,1.068518,3,15.23,2.15,11.725352,2,5,6,17,-139.761,0.44883,0.275,0.275
pdl_sweep_reclaim_long_sweep2.5_reclaim3_new_york_only_h4_cool4,pdl_sweep_reclaim_refined,LONG,4,60,4,"{""reclaim_max"": 3.0, ""reclaim_min"": 0.0, ""session_set"": ""new_york_only"", ""sweep_min"": 2.5}",REJECT_TOO_FEW_EVENTS,-999.0,events < 80,75,1.923077,-66.24,-0.81,0.466667,0.788357,-83.14,-92.49,0.717363,-144.99,0.593672,15,-21.46,0.81,0.792054,23,-22.15,0.830761,8,-52.58,-0.78,0.374718,2,5,5,17,-224.025,0.477333,0.23,0.23
pdl_sweep_reclaim_long_sweep2_reclaim1_new_york_only_h8_cool4,pdl_sweep_reclaim_refined,LONG,8,120,4,"{""reclaim_max"": 1.0, ""reclaim_min"": 0.0, ""session_set"": ""new_york_only"", ""sweep_min"": 2.0}",REJECT_TOO_FEW_EVENTS,-999.0,events < 80,48,1.714286,-41.68,-1.29,0.395833,0.781115,-97.46,-58.48,0.708881,-92.08,0.585001,10,-5.13,-1.26,0.926166,15,-28.52,0.692904,1,2.03,2.03,999.0,2,5,6,16,-154.769,0.342468,0.3,0.3
pdl_sweep_reclaim_long_sweep2.5_reclaim1_london_new_york_h8_cool0,pdl_sweep_reclaim_refined,LONG,8,120,0,"{""reclaim_max"": 1.0, ""reclaim_min"": 0.0, ""session_set"": ""london_new_york"", ""sweep_min"": 2.5}",REJECT_TOO_FEW_EVENTS,-999.0,events < 80,64,1.777778,-55.49,-0.585,0.453125,0.780724,-142.32,-77.89,0.707114,-122.69,0.579598,13,21.64,2.03,1.334933,20,6.6,1.071336,7,17.41,4.03,1.995426,1,5,6,17,-187.0945,0.449413,0.24,0.24
pdl_sweep_reclaim_long_sweep2.5_reclaim1_london_new_york_h8_cool4,pdl_sweep_reclaim_refined,LONG,8,120,4,"{""reclaim_max"": 1.0, ""reclaim_min"": 0.0, ""session_set"": ""london_new_york"", ""sweep_min"": 2.5}",REJECT_TOO_FEW_EVENTS,-999.0,events < 80,64,1.777778,-55.49,-0.585,0.453125,0.780724,-142.32,-77.89,0.707114,-122.69,0.579598,13,21.64,2.03,1.334933,20,6.6,1.071336,7,17.41,4.03,1.995426,1,5,6,17,-187.0945,0.449413,0.24,0.24
pdl_sweep_reclaim_long_sweep2_reclaim1_new_york_only_h6_cool4,pdl_sweep_reclaim_refined,LONG,6,90,4,"{""reclaim_max"": 1.0, ""reclaim_min"": 0.0, ""session_set"": ""new_york_only"", ""sweep_min"": 2.0}",REJECT_TOO_FEW_EVENTS,-999.0,events < 80,49,1.75,-35.56,-1.25,0.387755,0.7801,-94.82,-52.71,0.694258,-87.01,0.552441,10,22.98,-2.24,1.469747,15,5.33,1.080066,1,8.4,8.4,999.0,2,5,5,16,-125.1465,0.355837,0.27,0.27
pdl_sweep_reclaim_long_sweep2_reclaim1_new_york_only_h8_cool0,pdl_sweep_reclaim_refined,LONG,8,120,0,"{""reclaim_max"": 1.0, ""reclaim_min"": 0.0, ""session_set"": ""new_york_only"", ""sweep_min"": 2.0}",REJECT_TOO_FEW_EVENTS,-999.0,events < 80,49,1.75,-43.61,-1.34,0.387755,0.773278,-99.39,-60.76,0.700925,-95.06,0.577248,10,-5.13,-1.26,0.926166,15,-28.52,0.692904,1,2.03,2.03,999.0,2,5,6,16,-143.466,0.382562,0.245,0.245
pdl_sweep_reclaim_long_sweep2.5_reclaim1_new_york_only_h3_cool0,pdl_sweep_reclaim_refined,LONG,3,45,0,"{""reclaim_max"": 1.0, ""reclaim_min"": 0.0, ""session_set"": ""new_york_only"", ""sweep_min"": 2.5}",REJECT_TOO_FEW_EVENTS,-999.0,events < 80,39,1.772727,-29.1,-1.14,0.410256,0.771244,-79.39,-42.75,0.683942,-70.05,0.543142,8,27.51,1.125,2.412943,12,23.3,1.501507,1,-4.41,-4.41,0.0,1,5,4,14,-98.8945,0.362974,0.295,0.295
pdl_sweep_reclaim_long_sweep3_reclaim3_new_york_only_h3_cool4,pdl_sweep_reclaim_refined,LONG,3,45,4,"{""reclaim_max"": 3.0, ""reclaim_min"": 0.0, ""session_set"": ""new_york_only"", ""sweep_min"": 3.0}",REJECT_TOO_FEW_EVENTS,-999.0,events < 80,63,1.657895,-54.35,-1.02,0.460317,0.768309,-79.97,-76.4,0.690387,-120.5,0.55898,13,-3.66,-0.59,0.948261,19,-3.34,0.962905,6,-11.86,2.19,0.704902,1,5,6,17,-171.125,0.446914,0.245,0.245
pdl_sweep_reclaim_long_sweep1.25_reclaim1_new_york_only_h6_cool0,pdl_sweep_reclaim_refined,LONG,6,90,0,"{""reclaim_max"": 1.0, ""reclaim_min"": 0.0, ""session_set"": ""new_york_only"", ""sweep_min"": 1.25}",REJECT_TOO_FEW_EVENTS,-999.0,events < 80,73,2.085714,-53.11,-1.15,0.369863,0.763293,-116.48,-78.66,0.673149,-129.76,0.52689,15,25.2,-1.39,1.458599,22,-27.19,0.746693,3,-2.91,-1.15,0.742706,1,5,5,17,-139.781,0.467994,0.195,0.195
pdl_sweep_reclaim_long_sweep3_reclaim1_new_york_only_h3_cool0,pdl_sweep_reclaim_refined,LONG,3,45,0,"{""reclaim_max"": 1.0, ""reclaim_min"": 0.0, ""session_set"": ""new_york_only"", ""sweep_min"": 3.0}",REJECT_TOO_FEW_EVENTS,-999.0,events < 80,31,1.409091,-26.39,-1.28,0.419355,0.758841,-66.51,-37.24,0.678217,-58.94,0.547659,7,40.12,2.67,3.106037,10,15.01,1.326021,1,-4.41,-4.41,0.0,1,5,5,14,-98.4845,0.263705,0.26,0.26
pdl_sweep_reclaim_long_sweep3_reclaim1_new_york_only_h3_cool4,pdl_sweep_reclaim_refined,LONG,3,45,4,"{""reclaim_max"": 1.0, ""reclaim_min"": 0.0, ""session_set"": ""new_york_only"", ""sweep_min"": 3.0}",REJECT_TOO_FEW_EVENTS,-999.0,events < 80,31,1.409091,-26.39,-1.28,0.419355,0.758841,-66.51,-37.24,0.678217,-58.94,0.547659,7,40.12,2.67,3.106037,10,15.01,1.326021,1,-4.41,-4.41,0.0,1,5,5,14,-98.4845,0.263705,0.26,0.26
pdl_sweep_reclaim_long_sweep2_reclaim1_new_york_only_h6_cool0,pdl_sweep_reclaim_refined,LONG,6,90,0,"{""reclaim_max"": 1.0, ""reclaim_min"": 0.0, ""session_set"": ""new_york_only"", ""sweep_min"": 2.0}",REJECT_TOO_FEW_EVENTS,-999.0,events < 80,51,1.821429,-40.56,-1.39,0.372549,0.756703,-99.71,-58.41,0.672038,-94.11,0.532976,11,21.59,-1.39,1.429139,16,3.94,1.057975,1,8.4,8.4,999.0,2,5,5,16,-135.72,0.317681,0.235,0.235
pdl_sweep_reclaim_long_sweep3_reclaim3_new_york_only_h4_cool0,pdl_sweep_reclaim_refined,LONG,4,60,0,"{""reclaim_max"": 3.0, ""reclaim_min"": 0.0, ""session_set"": ""new_york_only"", ""sweep_min"": 3.0}",REJECT_TOO_FEW_EVENTS,-999.0,events < 80,64,1.684211,-74.39,-1.38,0.4375,0.750352,-87.45,-96.79,0.688618,-141.59,0.580337,13,3.11,2.26,1.030967,20,-13.2,0.903141,7,-26.94,-0.14,0.668716,1,5,5,17,-257.323,0.385809,0.245,0.245
pdl_sweep_reclaim_long_sweep1.25_reclaim1_new_york_only_h4_cool0,pdl_sweep_reclaim_refined,LONG,4,60,0,"{""reclaim_max"": 1.0, ""reclaim_min"": 0.0, ""session_set"": ""new_york_only"", ""sweep_min"": 1.25}",REJECT_TOO_FEW_EVENTS,-999.0,events < 80,76,2.171429,-57.3,-1.38,0.407895,0.74674,-118.29,-83.9,0.654078,-137.1,0.503567,16,39.1,1.61,1.753082,23,5.56,1.060858,3,15.23,2.15,11.725352,2,5,7,17,-139.628,0.456298,0.17,0.17
pdl_sweep_reclaim_long_sweep1.62_reclaim1_new_york_only_h6_cool0,pdl_sweep_reclaim_refined,LONG,6,90,0,"{""reclaim_max"": 1.0, ""reclaim_min"": 0.0, ""session_set"": ""new_york_only"", ""sweep_min"": 1.62}",REJECT_TOO_FEW_EVENTS,-999.0,events < 80,60,2.068966,-48.41,-1.62,0.35,0.746332,-104.72,-69.41,0.660885,-111.41,0.521825,12,20.74,-2.865,1.405395,18,-10.58,0.871726,2,-1.76,-0.88,0.826772,1,5,5,16,-133.5365,0.405892,0.21,0.21
pdl_sweep_reclaim_long_sweep1.62_reclaim1_new_york_only_h4_cool4,pdl_sweep_reclaim_refined,LONG,4,60,4,"{""reclaim_max"": 1.0, ""reclaim_min"": 0.0, ""session_set"": ""new_york_only"", ""sweep_min"": 1.62}",REJECT_TOO_FEW_EVENTS,-999.0,events < 80,58,2.0,-44.22,-1.605,0.396552,0.74611,-100.81,-64.52,0.654493,-105.12,0.505713,12,25.0,-0.175,1.571429,18,4.57,1.065211,2,13.08,6.54,10.211268,1,5,7,16,-136.3985,0.332764,0.205,0.205
pdl_sweep_reclaim_long_sweep3_reclaim3_new_york_only_h8_cool0,pdl_sweep_reclaim_refined,LONG,8,120,0,"{""reclaim_max"": 3.0, ""reclaim_min"": 0.0, ""session_set"": ""new_york_only"", ""sweep_min"": 3.0}",REJECT_TOO_FEW_EVENTS,-999.0,events < 80,62,1.631579,-88.76,0.005,0.5,0.744664,-113.51,-110.46,0.692123,-153.86,0.596359,13,-17.85,4.93,0.867178,19,-17.44,0.883298,6,-72.18,4.235,0.398249,2,5,7,17,-280.4395,0.366083,0.26,0.26
pdl_sweep_reclaim_long_sweep3_reclaim3_new_york_only_h8_cool4,pdl_sweep_reclaim_refined,LONG,8,120,4,"{""reclaim_max"": 3.0, ""reclaim_min"": 0.0, ""session_set"": ""new_york_only"", ""sweep_min"": 3.0}",REJECT_TOO_FEW_EVENTS,-999.0,events < 80,62,1.631579,-88.76,0.005,0.5,0.744664,-113.51,-110.46,0.692123,-153.86,0.596359,13,-17.85,4.93,0.867178,19,-17.44,0.883298,6,-72.18,4.235,0.398249,2,5,7,17,-280.4395,0.366083,0.26,0.26
pdl_sweep_reclaim_long_sweep2_reclaim1_new_york_only_h3_cool0,pdl_sweep_reclaim_refined,LONG,3,45,0,"{""reclaim_max"": 1.0, ""reclaim_min"": 0.0, ""session_set"": ""new_york_only"", ""sweep_min"": 2.0}",REJECT_TOO_FEW_EVENTS,-999.0,events < 80,53,1.892857,-40.01,-1.28,0.377358,0.743031,-90.3,-58.56,0.649865,-95.66,0.5026,11,35.09,2.67,2.012114,16,20.32,1.392961,1,-4.41,-4.41,0.0,1,5,5,16,-120.5605,0.360145,0.22,0.22
pdl_sweep_reclaim_long_sweep1.62_reclaim1_new_york_only_h4_cool0,pdl_sweep_reclaim_refined,LONG,4,60,0,"{""reclaim_max"": 1.0, ""reclaim_min"": 0.0, ""session_set"": ""new_york_only"", ""sweep_min"": 1.62}",REJECT_TOO_FEW_EVENTS,-999.0,events < 80,62,2.137931,-55.12,-1.815,0.387097,0.714552,-108.23,-76.82,0.628386,-120.22,0.487881,13,27.66,1.07,1.563111,19,7.98,1.106827,2,13.08,6.54,10.211268,1,5,7,16,-128.7065,0.38076,0.16,0.16
pdl_sweep_reclaim_long_sweep2.5_reclaim1_new_york_only_h4_cool0,pdl_sweep_reclaim_refined,LONG,4,60,0,"{""reclaim_max"": 1.0, ""reclaim_min"": 0.0, ""session_set"": ""new_york_only"", ""sweep_min"": 2.5}",REJECT_TOO_FEW_EVENTS,-999.0,events < 80,39,1.772727,-39.33,-1.42,0.384615,0.710553,-82.58,-52.98,0.632797,-80.28,0.503371,8,39.59,4.45,3.080399,12,5.29,1.092823,1,-1.42,-1.42,0.0,2,5,4,14,-125.7065,0.268317,0.225,0.225
pdl_sweep_reclaim_long_sweep1.62_reclaim1_new_york_only_h8_cool0,pdl_sweep_reclaim_refined,LONG,8,120,0,"{""reclaim_max"": 1.0, ""reclaim_min"": 0.0, ""session_set"": ""new_york_only"", ""sweep_min"": 1.62}",REJECT_TOO_FEW_EVENTS,-999.0,events < 80,58,2.0,-67.76,-1.29,0.396552,0.710539,-102.24,-88.06,0.642976,-128.66,0.526864,12,-17.62,-1.265,0.785043,18,-61.73,0.51039,2,-28.49,-14.245,0.066514,1,5,5,16,-185.8705,0.384701,0.17,0.17
pdl_sweep_reclaim_long_sweep3_reclaim1_london_new_york_h8_cool0,pdl_sweep_reclaim_refined,LONG,8,120,0,"{""reclaim_max"": 1.0, ""reclaim_min"": 0.0, ""session_set"": ""london_new_york"", ""sweep_min"": 3.0}",REJECT_TOO_FEW_EVENTS,-999.0,events < 80,52,1.529412,-62.37,-0.585,0.442308,0.706784,-124.52,-80.57,0.639492,-116.97,0.522941,11,6.94,-0.37,1.127036,16,2.25,1.031168,5,-7.27,2.03,0.584334,1,5,7,17,-168.102,0.365059,0.225,0.225
pdl_sweep_reclaim_long_sweep3_reclaim1_london_new_york_h8_cool4,pdl_sweep_reclaim_refined,LONG,8,120,4,"{""reclaim_max"": 1.0, ""reclaim_min"": 0.0, ""session_set"": ""london_new_york"", ""sweep_min"": 3.0}",REJECT_TOO_FEW_EVENTS,-999.0,events < 80,52,1.529412,-62.37,-0.585,0.442308,0.706784,-124.52,-80.57,0.639492,-116.97,0.522941,11,6.94,-0.37,1.127036,16,2.25,1.031168,5,-7.27,2.03,0.584334,1,5,7,17,-168.102,0.365059,0.225,0.225
pdl_sweep_reclaim_long_sweep2.5_reclaim1_new_york_only_h4_cool4,pdl_sweep_reclaim_refined,LONG,4,60,4,"{""reclaim_max"": 1.0, ""reclaim_min"": 0.0, ""session_set"": ""new_york_only"", ""sweep_min"": 2.5}",REJECT_TOO_FEW_EVENTS,-999.0,events < 80,36,1.636364,-37.06,-1.38,0.388889,0.704889,-80.45,-49.66,0.627401,-74.86,0.498425,8,34.51,2.365,2.748227,11,2.89,1.056269,1,-1.42,-1.42,0.0,2,5,4,14,-115.257,0.262214,0.225,0.225
pdl_sweep_reclaim_long_sweep3_reclaim1_london_new_york_h4_cool4,pdl_sweep_reclaim_refined,LONG,4,60,4,"{""reclaim_max"": 1.0, ""reclaim_min"": 0.0, ""session_set"": ""london_new_york"", ""sweep_min"": 3.0}",REJECT_TOO_FEW_EVENTS,-999.0,events < 80,52,1.529412,-54.57,-1.34,0.384615,0.686163,-97.45,-72.77,0.606819,-109.17,0.47527,11,-0.3,-1.42,0.994577,16,-1.71,0.974644,5,2.88,3.6,1.237232,2,5,6,17,-151.4825,0.325741,0.225,0.225
pdl_sweep_reclaim_long_sweep2_reclaim1_new_york_only_h4_cool4,pdl_sweep_reclaim_refined,LONG,4,60,4,"{""reclaim_max"": 1.0, ""reclaim_min"": 0.0, ""session_set"": ""new_york_only"", ""sweep_min"": 2.0}",REJECT_TOO_FEW_EVENTS,-999.0,events < 80,49,1.75,-49.18,-1.42,0.387755,0.681477,-92.6,-66.33,0.598535,-100.63,0.463278,10,5.43,-0.175,1.111225,15,-0.76,0.987523,1,-1.42,-1.42,0.0,1,5,5,16,-126.976,0.308954,0.19,0.19
pdl_sweep_reclaim_long_sweep3_reclaim1_london_new_york_h4_cool0,pdl_sweep_reclaim_refined,LONG,4,60,0,"{""reclaim_max"": 1.0, ""reclaim_min"": 0.0, ""session_set"": ""london_new_york"", ""sweep_min"": 3.0}",REJECT_TOO_FEW_EVENTS,-999.0,events < 80,53,1.558824,-56.7,-1.34,0.377358,0.677859,-99.58,-75.25,0.598795,-112.35,0.468115,11,-0.3,-1.42,0.994577,16,-1.71,0.974644,5,2.88,3.6,1.237232,2,5,6,17,-154.7305,0.334599,0.145,0.145
pdl_sweep_reclaim_long_sweep3_reclaim3_new_york_only_h4_cool4,pdl_sweep_reclaim_refined,LONG,4,60,4,"{""reclaim_max"": 3.0, ""reclaim_min"": 0.0, ""session_set"": ""new_york_only"", ""sweep_min"": 3.0}",REJECT_TOO_FEW_EVENTS,-999.0,events < 80,62,1.631579,-95.94,-1.38,0.435484,0.675714,-107.58,-117.64,0.618498,-161.04,0.518147,13,-28.74,-0.14,0.735359,19,-36.88,0.729381,6,-50.62,-0.78,0.377521,1,5,5,17,-250.0815,0.355005,0.15,0.15
pdl_sweep_reclaim_long_sweep3_reclaim1_new_york_only_h4_cool4,pdl_sweep_reclaim_refined,LONG,4,60,4,"{""reclaim_max"": 1.0, ""reclaim_min"": 0.0, ""session_set"": ""new_york_only"", ""sweep_min"": 3.0}",REJECT_TOO_FEW_EVENTS,-999.0,events < 80,30,1.363636,-37.45,-1.74,0.366667,0.674602,-76.03,-47.95,0.606128,-68.95,0.491557,6,30.49,3.205,2.602207,9,-7.47,0.868924,1,-1.42,-1.42,0.0,1,5,4,14,-112.9065,0.232209,0.225,0.225
pdl_sweep_reclaim_long_sweep3_reclaim1_new_york_only_h4_cool0,pdl_sweep_reclaim_refined,LONG,4,60,0,"{""reclaim_max"": 1.0, ""reclaim_min"": 0.0, ""session_set"": ""new_york_only"", ""sweep_min"": 3.0}",REJECT_TOO_FEW_EVENTS,-999.0,events < 80,31,1.409091,-39.58,-2.06,0.354839,0.662344,-78.16,-50.43,0.594027,-72.13,0.480294,7,21.61,-1.42,1.774274,10,-10.01,0.831849,1,-1.42,-1.42,0.0,1,5,4,14,-115.963,0.227536,0.165,0.165
pdl_sweep_reclaim_long_sweep2_reclaim1_new_york_only_h4_cool0,pdl_sweep_reclaim_refined,LONG,4,60,0,"{""reclaim_max"": 1.0, ""reclaim_min"": 0.0, ""session_set"": ""new_york_only"", ""sweep_min"": 2.0}",REJECT_TOO_FEW_EVENTS,-999.0,events < 80,53,1.892857,-60.08,-1.79,0.377358,0.653378,-103.36,-78.63,0.575432,-115.73,0.447774,11,19.53,1.07,1.456842,16,2.65,1.040439,1,-1.42,-1.42,0.0,1,5,5,16,-132.887,0.323745,0.12,0.12
