stage,decision_scope,promotion,ea,paper_live,live,family,candidate,side,trigger,horizon_hours,params_json,raw_trigger_count,event_clock_n,round_trip_cost_bps,directional_h1_all_drift_bps,directional_daily_anchor_drift_bps,n,event_clock_mean_bps,event_clock_median_bps,cost_stressed_mean_bps,event_clock_hit_rate_pct,median_mae_bps,median_mfe_bps,touch_stop_100bps_pct,touch_target_100bps_pct,mean_after_cost_plus_slip16_bps,h1_drift_adjusted_residual_bps,daily_anchor_adjusted_residual_bps,h1_benchmark_cost_adjusted_residual_bps,daily_anchor_cost_adjusted_residual_bps,pre2025_n,pre2025_cost_mean_bps,ex2025_n,ex2025_cost_mean_bps,y2025_n,y2025_cost_mean_bps,leave_one_year_out_min_cost_mean_bps,leave_one_year_out_json,year_cost_mean_json,year_counts_json,train_n,train_cost_mean_bps,train_slip16_mean_bps,train_hit_rate_pct,train_median_mae_bps,oos_n,oos_cost_mean_bps,oos_slip16_mean_bps,oos_hit_rate_pct,oos_median_mae_bps,first_half_n,first_half_cost_mean_bps,first_half_slip16_mean_bps,first_half_hit_rate_pct,first_half_median_mae_bps,second_half_n,second_half_cost_mean_bps,second_half_slip16_mean_bps,second_half_hit_rate_pct,second_half_median_mae_bps,q1_n,q1_cost_mean_bps,q1_slip16_mean_bps,q1_hit_rate_pct,q1_median_mae_bps,q2_n,q2_cost_mean_bps,q2_slip16_mean_bps,q2_hit_rate_pct,q2_median_mae_bps,q3_n,q3_cost_mean_bps,q3_slip16_mean_bps,q3_hit_rate_pct,q3_median_mae_bps,q4_n,q4_cost_mean_bps,q4_slip16_mean_bps,q4_hit_rate_pct,q4_median_mae_bps,recent_third_n,recent_third_cost_mean_bps,recent_third_slip16_mean_bps,recent_third_hit_rate_pct,recent_third_median_mae_bps,worst_quarter_cost_mean_bps,worst_quarter_slip16_mean_bps,hard_fail_reasons,classification
Stage40_PARALLEL_THESIS_MEGASCAN,RESEARCH_STAGE_ONLY_NO_PROMOTION,NO_GO,NO_GO,NO_GO,NO_GO,VOL_COMPRESSION_EXPANSION,VOL_COMP_EXP_LONG_L120_Q0.15_M2.0,LONG,Compressed 120H range then bullish expansion,72,"{""compression_q"": 0.15, ""expansion_mult"": 2.0, ""lookback"": 120}",205,88,8.0,25.002508867881485,23.30868059339869,88,53.2044469079274,68.35272593008312,45.204446907927384,63.63636363636363,-84.29593482414344,129.60720650455062,44.31818181818182,57.95454545454546,29.204446907927384,28.201938040045913,29.895766314528707,20.2019380400459,21.895766314528693,57,37.66668079342276,67,32.662466303670236,21,85.219337407224,32.662466303670236,"{""2022"": 55.7097404093126, ""2023"": 47.94486169575872, ""2024"": 37.03608751286686, ""2025"": 32.662466303670236, ""2026"": 50.469319112523095}","{""2022"": -15.403015600064247, ""2023"": 36.983202544433404, ""2024"": 69.709525093109, ""2025"": 85.219337407224, ""2026"": 4.13844371208084}","{""2022"": 13, ""2023"": 22, ""2024"": 22, ""2025"": 21, ""2026"": 10}",58,37.77978267464552,21.779782674645517,60.3448275862069,-78.42709339138332,30,59.55879775893899,43.55879775893899,70.0,-105.39501605010105,44,37.006363631034894,21.006363631034894,63.63636363636363,-78.42709339138332,44,53.40253018481988,37.40253018481988,63.63636363636363,-96.94633470620606,22,3.8851551080428863,-12.114844891957114,59.09090909090909,-103.75603043804915,22,70.1275721540269,54.12757215402689,68.18181818181817,-57.920344513499586,22,62.87100717934684,46.87100717934684,63.63636363636363,-98.61842701061329,22,43.93405319029293,27.93405319029293,63.63636363636363,-95.41872845229892,30,59.55879775893899,43.55879775893899,70.0,-105.39501605010105,3.8851551080428863,-12.114844891957114,,STRICT_PARALLEL_THESIS_WATCH_ONLY_NO_PROMOTION
Stage40_PARALLEL_THESIS_MEGASCAN,RESEARCH_STAGE_ONLY_NO_PROMOTION,NO_GO,NO_GO,NO_GO,NO_GO,SESSION_TRANSITION_IMBALANCE,ASIA_COMP_LONDON_BREAKOUT_LONG_Q0.4,LONG,Asia compression then London breakout up,72,"{""asia_range_q"": 0.4, ""direction"": ""breakout_up""}",671,155,8.0,25.002508867881485,23.30868059339869,155,45.95840560361998,31.599917565432456,37.95840560361999,55.483870967741936,-82.99851085948661,108.74587784601263,45.16129032258064,55.483870967741936,21.958405603619987,20.955896735738495,22.64972501022129,12.955896735738502,14.649725010221296,107,28.20721489551395,119,30.427301957894457,36,62.852887099212694,27.186688551920007,"{""2022"": 48.976476607626175, ""2023"": 45.13784534572801, ""2024"": 27.186688551920007, ""2025"": 30.427301957894457, ""2026"": 36.929202303438096}","{""2022"": -9.913213241372429, ""2023"": 13.34318363067817, ""2024"": 66.01497094758271, ""2025"": 62.85288709921268, ""2026"": 50.223078264120666}","{""2022"": 29, ""2023"": 35, ""2024"": 43, ""2025"": 36, ""2026"": 12}",103,31.111495276557854,15.111495276557854,57.28155339805825,-79.83100049923308,52,51.52055490530071,35.52055490530071,51.92307692307693,-105.25664353029651,77,16.437207262096788,0.43720726209678773,53.246753246753244,-83.5332397921984,78,59.20369114589288,43.20369114589288,57.692307692307686,-74.5055473779005,38,-3.2611341340619484,-19.261134134061948,47.368421052631575,-113.70117760262809,39,35.630462981430945,19.630462981430945,58.97435897435898,-72.42154332806061,39,63.0706143208492,47.0706143208492,64.1025641025641,-51.32341693589226,39,55.33676797093653,39.33676797093653,51.28205128205128,-119.20981733482883,52,51.52055490530071,35.52055490530071,51.92307692307693,-105.25664353029651,-3.2611341340619484,-19.261134134061948,,SOFT_PARALLEL_THESIS_WATCH_ONLY_NO_PROMOTION
Stage40_PARALLEL_THESIS_MEGASCAN,RESEARCH_STAGE_ONLY_NO_PROMOTION,NO_GO,NO_GO,NO_GO,NO_GO,SESSION_TRANSITION_IMBALANCE,ASIA_COMP_LONDON_BREAKOUT_LONG_Q0.25,LONG,Asia compression then London breakout up,72,"{""asia_range_q"": 0.25, ""direction"": ""breakout_up""}",542,134,8.0,25.002508867881485,23.30868059339869,134,42.17723107262294,31.295647958097252,34.17723107262293,54.47761194029851,-85.9355702091702,111.39403106196767,47.01492537313433,55.970149253731336,18.17723107262293,17.174722204741453,18.868550479224247,9.174722204741446,10.86855047922424,93,16.163024690934474,101,21.62754547839861,33,72.58687486100646,21.62754547839861,"{""2022"": 45.71929009023834, ""2023"": 43.02448990767492, ""2024"": 29.056347571427388, ""2025"": 21.62754547839861, ""2026"": 30.940699735477136}","{""2022"": -18.72387275811433, ""2023"": 5.976593535894763, ""2024"": 47.602249981162615, ""2025"": 72.58687486100646, ""2026"": 85.15259963266931}","{""2022"": 24, ""2023"": 32, ""2024"": 37, ""2025"": 33, ""2026"": 8}",89,20.150824228628572,4.150824228628572,56.17977528089888,-79.83100049923308,45,61.91834683074513,45.91834683074513,51.11111111111111,-112.89859106868639,67,1.6638618378921528,-14.336138162107847,52.23880597014925,-86.70369637032493,67,66.69060030735373,50.69060030735373,56.71641791044776,-85.16744404801545,33,-0.5987867284360391,-16.59878672843604,48.484848484848484,-119.6796173550907,34,3.859961916975401,-12.1400380830246,55.88235294117647,-78.15774393155561,33,57.723677666703516,41.723677666703516,60.60606060606061,-51.32341693589226,34,75.39378992916127,59.39378992916127,52.94117647058824,-118.58110191634519,45,61.91834683074513,45.91834683074513,51.11111111111111,-112.89859106868639,-0.5987867284360391,-16.59878672843604,,SOFT_PARALLEL_THESIS_WATCH_ONLY_NO_PROMOTION
Stage40_PARALLEL_THESIS_MEGASCAN,RESEARCH_STAGE_ONLY_NO_PROMOTION,NO_GO,NO_GO,NO_GO,NO_GO,VOL_COMPRESSION_EXPANSION,VOL_COMP_EXP_LONG_L120_Q0.25_M2.0,LONG,Compressed 120H range then bullish expansion,72,"{""compression_q"": 0.25, ""expansion_mult"": 2.0, ""lookback"": 120}",280,110,8.0,25.002508867881485,23.30868059339869,110,41.35313838301361,55.297006846458665,33.353138383013594,60.0,-85.9918570376067,132.9796524469307,43.63636363636363,58.18181818181818,17.353138383013594,16.350629515132123,18.044457789614917,8.350629515132109,10.044457789614903,73,26.67808127019141,84,21.720085031981007,26,70.93684920942658,21.720085031981007,"{""2022"": 39.459686636492755, ""2023"": 39.959558562352264, ""2024"": 25.58816686174631, ""2025"": 21.720085031981007, ""2026"": 38.30159608251579}","{""2022"": -0.053272650725288216, ""2023"": 13.04451338726881, ""2024"": 55.04150711482914, ""2025"": 70.93684920942658, ""2026"": -11.182980912506222}","{""2022"": 17, ""2023"": 27, ""2024"": 29, ""2025"": 26, ""2026"": 11}",73,26.67808127019141,10.67808127019141,57.534246575342465,-84.43438820098126,37,46.52284565966278,30.522845659662778,64.86486486486487,-98.33356537108817,55,11.91405219197265,-4.085947808027351,56.36363636363636,-92.33397197663918,55,54.79222457405455,38.79222457405455,63.63636363636363,-78.08030010367672,27,-1.977635401067671,-17.977635401067673,55.55555555555556,-106.30766046901718,28,25.309608085261534,9.309608085261534,57.14285714285714,-83.20806968924177,27,57.75053894333472,41.75053894333472,62.96296296296296,-62.95886210714641,28,51.93956428939153,35.93956428939153,64.28571428571429,-92.72404926499611,37,46.52284565966278,30.522845659662778,64.86486486486487,-98.33356537108817,-1.977635401067671,-17.977635401067673,,SOFT_PARALLEL_THESIS_WATCH_ONLY_NO_PROMOTION
Stage40_PARALLEL_THESIS_MEGASCAN,RESEARCH_STAGE_ONLY_NO_PROMOTION,NO_GO,NO_GO,NO_GO,NO_GO,VOL_COMPRESSION_EXPANSION,VOL_COMP_EXP_LONG_L72_Q0.15_M1.5,LONG,Compressed 72H range then bullish expansion,72,"{""compression_q"": 0.15, ""expansion_mult"": 1.5, ""lookback"": 72}",429,140,8.0,25.002508867881485,23.30868059339869,140,39.67102682158809,34.20883866077196,31.671026821588086,55.714285714285715,-92.29294763934803,123.527511342445,46.42857142857143,54.285714285714285,15.671026821588086,14.668517953706608,16.362346228189402,6.668517953706601,8.362346228189395,97,12.353225659060245,108,13.114792257319202,32,94.29831847599557,13.114792257319202,"{""2022"": 41.79884782785249, ""2023"": 39.32189400742754, ""2024"": 30.62378630889164, ""2025"": 13.114792257319202, ""2026"": 32.68069054388142}","{""2022"": -19.8487582972352, ""2023"": 9.568521618051896, ""2024"": 34.482040829352236, ""2025"": 94.29831847599557, ""2026"": 19.83042498742091}","{""2022"": 23, ""2023"": 36, ""2024"": 38, ""2025"": 32, ""2026"": 11}",93,11.452805101091228,-4.5471948989087725,52.68817204301075,-94.18435445832651,47,71.67729533235848,55.67729533235848,61.702127659574465,-87.2994268257643,70,-3.2938368405247656,-19.293836840524765,51.42857142857142,-98.32220541178327,70,66.63589048370093,50.63589048370093,60.0,-89.82240445605194,35,-7.679752167409676,-23.679752167409674,42.857142857142854,-139.83495873968522,35,1.0920784863601478,-14.907921513639852,60.0,-80.26943035706502,35,52.89702100283729,36.89702100283729,57.14285714285714,-89.8075441449997,35,80.3747599645646,64.3747599645646,62.857142857142854,-98.23112469721673,47,71.67729533235848,55.67729533235848,61.702127659574465,-87.2994268257643,-7.679752167409676,-23.679752167409674,,SOFT_PARALLEL_THESIS_WATCH_ONLY_NO_PROMOTION
Stage40_PARALLEL_THESIS_MEGASCAN,RESEARCH_STAGE_ONLY_NO_PROMOTION,NO_GO,NO_GO,NO_GO,NO_GO,PULLBACK_CONTINUATION_AFTER_TREND,UPTREND_PULLBACK_CONT_LONG_TL120_T300,LONG,Uptrend 120H then controlled pullback continuation,72,"{""mean_lookback"": 24, ""trend_bps"": 300, ""trend_lookback"": 120}",378,59,8.0,25.002508867881485,23.30868059339869,59,47.12049679132351,74.0799241825929,39.12049679132351,57.6271186440678,-131.0355394290552,180.33247504594786,61.016949152542374,67.79661016949152,23.12049679132351,22.117987923442026,23.81181619792482,14.117987923442026,15.81181619792482,25,4.83952158729163,37,45.571539755066446,22,28.271015443210388,15.807454881551475,"{""2022"": 39.752957492103626, ""2023"": 40.81933478168668, ""2024"": 54.80767002621144, ""2025"": 45.571539755066446, ""2026"": 15.807454881551475}","{""2022"": 30.424162155596974, ""2023"": 29.68250795597259, ""2024"": -22.320931711987544, ""2025"": 28.27101544321039, ""2026"": 130.42991093793066}","{""2022"": 4, ""2023"": 9, ""2024"": 12, ""2025"": 22, ""2026"": 12}",39,15.563382125036805,-0.43661787496319526,56.41025641025641,-121.98350289691962,20,85.0568703905826,69.0568703905826,60.0,-169.45580146439764,29,-1.4199384152027936,-17.419938415202793,55.172413793103445,-131.0355394290552,30,78.30958415763226,62.30958415763226,60.0,-130.37236102696082,14,47.48916876402139,31.489168764021393,64.28571428571429,-98.84867282036413,15,-47.0684384491454,-63.0684384491454,46.666666666666664,-136.6279777112689,15,55.44985370743157,39.44985370743157,60.0,-93.30748352074369,15,101.16931460783297,85.16931460783297,60.0,-175.47430902795202,20,85.0568703905826,69.0568703905826,60.0,-169.45580146439764,-47.0684384491454,-63.0684384491454,worst_quarter_cost_floor;worst_quarter_slip16_floor;stop100_cap,FAIL_BENCHMARK_OR_STABILITY_RESEARCH_ONLY
Stage40_PARALLEL_THESIS_MEGASCAN,RESEARCH_STAGE_ONLY_NO_PROMOTION,NO_GO,NO_GO,NO_GO,NO_GO,VOL_COMPRESSION_EXPANSION,VOL_COMP_EXP_LONG_L120_Q0.15_M1.5,LONG,Compressed 120H range then bullish expansion,72,"{""compression_q"": 0.15, ""expansion_mult"": 1.5, ""lookback"": 120}",429,113,8.0,25.002508867881485,23.30868059339869,113,47.00596347407985,52.226589904342816,39.00596347407985,57.52212389380531,-80.84127840128575,124.37595902401011,42.47787610619469,54.86725663716814,23.00596347407985,22.003454606198364,23.697282880681158,14.003454606198364,15.697282880681158,72,27.686075717289402,86,30.691567255125655,27,65.4888551344525,30.645045703005398,"{""2022"": 46.8765713013976, ""2023"": 47.575378810151896, ""2024"": 30.645045703005398, ""2025"": 30.691567255125655, ""2026"": 37.99592464924297}","{""2022"": -8.70959647903407, ""2023"": 10.331381387992577, ""2024"": 62.137835974052514, ""2025"": 65.48885513445249, ""2026"": 46.14838087828349}","{""2022"": 16, ""2023"": 26, ""2024"": 30, ""2025"": 27, ""2026"": 14}",75,28.957027597266407,12.957027597266407,54.666666666666664,-74.74155921893488,38,58.83938954673798,42.83938954673798,63.1578947368421,-106.14895709603556,56,12.87382112246326,-3.1261788775367396,53.57142857142857,-79.77725839564354,57,64.67964718794879,48.67964718794879,61.40350877192983,-87.11453315890405,28,-12.008189177332794,-28.008189177332795,50.0,-85.08960075533645,28,37.75583142225931,21.755831422259313,57.14285714285714,-73.85517115718832,28,56.39686701018469,40.39686701018469,57.14285714285714,-69.22756132586804,29,72.67681425613482,56.67681425613482,65.51724137931035,-100.5289816541477,38,58.83938954673798,42.83938954673798,63.1578947368421,-106.14895709603556,-12.008189177332794,-28.008189177332795,worst_quarter_cost_floor;worst_quarter_slip16_floor,FAIL_BENCHMARK_OR_STABILITY_RESEARCH_ONLY
Stage40_PARALLEL_THESIS_MEGASCAN,RESEARCH_STAGE_ONLY_NO_PROMOTION,NO_GO,NO_GO,NO_GO,NO_GO,VOLATILITY_SHOCK_REVERSAL,UPPER_WICK_SHOCK_REV_SHORT_M2.5_W1.5,SHORT,Large H1 shock with upper-wick rejection,24,"{""range_atr_mult"": 2.5, ""wick_ratio"": 1.5}",55,52,8.0,-8.502590481085887,-8.612916361476685,52,10.804294268211107,6.293575370477367,2.8042942682111067,50.0,-43.292053207389934,64.3280233879845,26.923076923076923,30.76923076923077,-13.195705731788893,19.306884749296994,19.417210629687794,11.306884749296994,11.417210629687792,43,-10.247212201687876,46,7.85695422269138,6,-35.93276538280431,-13.39238197896744,"{""2022"": 12.004886509076382, ""2023"": -2.75307253053066, ""2024"": 12.249472317502468, ""2025"": 7.85695422269138, ""2026"": -13.39238197896744}","{""2022"": -56.34237013735135, ""2023"": 12.456562918657342, ""2024"": -16.641660539153456, ""2025"": -35.93276538280431, ""2026"": 267.35000630546074}","{""2022"": 7, ""2023"": 19, ""2024"": 17, ""2025"": 6, ""2026"": 3}",34,-7.854612358211307,-23.854612358211305,50.0,-41.856067602392685,18,22.93778456256456,6.937784562564559,50.0,-60.96164968540374,26,-6.066226750268077,-22.06622675026808,50.0,-27.893500572051533,26,11.674815286690292,-4.325184713309708,50.0,-64.60865061629129,13,-31.78758448573877,-47.78758448573877,38.46153846153847,-41.841681873644454,13,19.655130985202618,3.655130985202618,61.53846153846154,-26.23695793935399,13,-27.90602313774604,-43.90602313774604,46.15384615384615,-86.78089108741239,13,51.25565371112662,35.25565371112662,53.84615384615385,-46.794590497467595,18,22.93778456256456,6.937784562564559,50.0,-60.96164968540374,-31.78758448573877,-47.78758448573877,loyo_floor;train_cost_floor;worst_quarter_cost_floor;worst_quarter_slip16_floor,FAIL_BENCHMARK_OR_STABILITY_RESEARCH_ONLY
Stage40_PARALLEL_THESIS_MEGASCAN,RESEARCH_STAGE_ONLY_NO_PROMOTION,NO_GO,NO_GO,NO_GO,NO_GO,VOLATILITY_SHOCK_REVERSAL,UPPER_WICK_SHOCK_REV_SHORT_M2.5_W1.5,SHORT,Large H1 shock with upper-wick rejection,72,"{""range_atr_mult"": 2.5, ""wick_ratio"": 1.5}",55,46,8.0,-25.002508867881485,-23.30868059339869,46,-6.5924526295874974,-5.065055866158574,-14.592452629587498,45.65217391304348,-94.02680623668225,113.74163824418915,47.82608695652174,54.347826086956516,-30.5924526295875,18.410056238293986,16.716227963811193,10.410056238293986,8.716227963811193,37,-33.243497861821524,40,-11.444989841852486,6,-35.57553788115429,-33.56889879475167,"{""2022"": -5.139153072056694, ""2023"": -28.563138775864047, ""2024"": 8.54912784657667, ""2025"": -11.444989841852486, ""2026"": -33.56889879475167}","{""2022"": -67.26083587868773, ""2023"": 11.602583894681029, ""2024"": -67.48749371796275, ""2025"": -35.5755378811543, ""2026"": 257.40327573776557}","{""2022"": 7, ""2023"": 16, ""2024"": 14, ""2025"": 6, ""2026"": 3}",30,-16.427218177789168,-32.42721817778917,53.333333333333336,-83.63041345953448,16,-11.15226722670937,-27.15226722670937,31.25,-155.78994022292792,23,-12.399326471126852,-28.39932647112685,52.17391304347826,-79.03910537396808,23,-16.785578788048145,-32.78557878804814,39.130434782608695,-150.09146432891197,11,-54.22748694248069,-70.22748694248068,36.36363636363637,-88.22172154510088,12,25.943153960947495,9.943153960947495,66.66666666666666,-42.345408980497545,11,-79.16357225780078,-95.16357225780078,45.45454545454545,-155.13754741953935,12,40.39424855922508,24.394248559225083,33.33333333333333,-105.73212734246496,16,-11.15226722670937,-27.15226722670937,31.25,-155.78994022292792,-79.16357225780078,-95.16357225780078,ex2025_floor;loyo_floor;train_cost_floor;oos_cost_floor;worst_quarter_cost_floor;worst_quarter_slip16_floor,FAIL_BENCHMARK_OR_STABILITY_RESEARCH_ONLY
Stage40_PARALLEL_THESIS_MEGASCAN,RESEARCH_STAGE_ONLY_NO_PROMOTION,NO_GO,NO_GO,NO_GO,NO_GO,FALSE_BREAKOUT_SWEEP_REVERSAL,SWEEP_LOW_REV_LONG_L72_T15,LONG,Sweep below prior 72H low by 15bps then close back inside,8,"{""lookback"": 72, ""threshold_bps"": 15}",52,49,8.0,2.7951299583446616,1.1310753012648225,49,19.909119136428245,23.26049171957445,11.909119136428245,59.183673469387756,-36.7520102609642,52.28069019297621,20.408163265306122,24.489795918367346,-4.090880863571755,17.113989178083585,18.778043835163423,9.113989178083584,10.778043835163423,21,34.75361432424601,33,7.469858306642231,16,21.065094597861894,0.020646539806129162,"{""2022"": 0.020646539806129162, ""2023"": 10.084833893036093, ""2024"": 12.933682120774392, ""2025"": 7.469858306642231, ""2026"": 28.834254442566394}","{""2022"": 48.5652429760131, ""2023"": 39.881492868441235, ""2024"": 4.566417748614185, ""2025"": 21.065094597861897, ""2026"": -40.276714724164364}","{""2022"": 12, ""2023"": 3, ""2024"": 6, ""2025"": 16, ""2026"": 12}",32,23.492454434396514,7.492454434396514,53.125,-35.62086678850829,17,-9.894806130335557,-25.894806130335557,70.58823529411765,-88.26003440007058,24,37.10077033930508,21.10077033930508,58.333333333333336,-33.696746746366685,25,-12.274866018333514,-28.274866018333512,60.0,-59.13362275378642,12,48.56524297601309,32.56524297601309,58.333333333333336,-34.51154848075566,12,25.63629770259705,9.636297702597052,58.333333333333336,-27.30727339694039,12,10.843393635793552,-5.156606364206448,58.333333333333336,-36.26243888358471,13,-33.614798006758505,-49.614798006758505,61.53846153846154,-116.2148882332703,17,-9.894806130335557,-25.894806130335557,70.58823529411765,-88.26003440007058,-33.614798006758505,-49.614798006758505,oos_cost_floor;worst_quarter_cost_floor;worst_quarter_slip16_floor,FAIL_BENCHMARK_OR_STABILITY_RESEARCH_ONLY
Stage40_PARALLEL_THESIS_MEGASCAN,RESEARCH_STAGE_ONLY_NO_PROMOTION,NO_GO,NO_GO,NO_GO,NO_GO,VOLATILITY_SHOCK_REVERSAL,UPPER_WICK_SHOCK_REV_SHORT_M2.0_W1.5,SHORT,Large H1 shock with upper-wick rejection,24,"{""range_atr_mult"": 2.0, ""wick_ratio"": 1.5}",111,100,8.0,-8.502590481085887,-8.612916361476685,100,8.456885980874695,12.594015335870568,0.4568859808746953,53.0,-53.0089485529106,66.3707882736747,28.000000000000004,35.0,-15.543114019125305,16.959476461960584,17.06980234235138,8.959476461960582,9.06980234235138,79,-4.659843179883095,88,0.5052739119568938,12,0.10204115293857274,-4.0319023887417735,"{""2022"": 0.4828219745277779, ""2023"": 2.908729023610737, ""2024"": 3.8061174226119414, ""2025"": 0.5052739119568938, ""2026"": -4.0319023887417735}","{""2022"": 0.33025730598023567, ""2023"": -4.521098378619691, ""2024"": -7.742956514413046, ""2025"": 0.10204115293857274, ""2026"": 45.8435239403301}","{""2022"": 17, ""2023"": 33, ""2024"": 29, ""2025"": 12, ""2026"": 9}",67,-8.291376298782227,-24.291376298782225,53.73134328358209,-42.82036462985417,33,18.218509397147834,2.218509397147834,51.515151515151516,-70.59877031813322,50,-2.871637445855718,-18.87163744585572,54.0,-41.68900798024122,50,3.78540940760511,-12.21459059239489,52.0,-72.86373959573655,25,-0.3998131246283764,-16.399813124628377,60.0,-41.841681873644454,25,-5.343461767083063,-21.343461767083063,48.0,-41.53633408683799,25,-13.794174739479228,-29.794174739479228,56.00000000000001,-70.59877031813322,25,21.364993554689445,5.364993554689445,48.0,-111.99996883479058,33,18.218509397147834,2.218509397147834,51.515151515151516,-70.59877031813322,-13.794174739479228,-29.794174739479228,ex2025_floor;loyo_floor;train_cost_floor;worst_quarter_cost_floor;worst_quarter_slip16_floor,FAIL_BENCHMARK_OR_STABILITY_RESEARCH_ONLY
Stage40_PARALLEL_THESIS_MEGASCAN,RESEARCH_STAGE_ONLY_NO_PROMOTION,NO_GO,NO_GO,NO_GO,NO_GO,VOL_COMPRESSION_EXPANSION,VOL_COMP_EXP_SHORT_L24_Q0.15_M2.0,SHORT,Compressed 24H range then bearish expansion,72,"{""compression_q"": 0.15, ""expansion_mult"": 2.0, ""lookback"": 24}",183,115,8.0,-25.002508867881485,-23.30868059339869,115,-8.289885705015351,-6.867917460118278,-16.28988570501535,46.95652173913044,-105.59166853457924,94.51387352531148,50.43478260869565,49.56521739130435,-32.28988570501535,16.712623162866134,15.01879488838334,8.712623162866134,7.01879488838334,73,-15.386989265456986,87,-0.3081714435320928,28,-65.94735501748117,-29.403724325424093,"{""2022"": -22.433353390884214, ""2023"": -17.703729850233252, ""2024"": -8.71341635143667, ""2025"": -0.3081714435320928, ""2026"": -29.403724325424093}","{""2022"": 19.12539860175814, ""2023"": -11.896869968088307, ""2024"": -39.83105833934913, ""2025"": -65.94735501748119, ""2026"": 78.3170929136477}","{""2022"": 17, ""2023"": 28, ""2024"": 28, ""2025"": 28, ""2026"": 14}",77,-23.2350747693841,-39.2350747693841,45.45454545454545,-96.17314582701653,38,-2.216739443004989,-18.21673944300499,50.0,-118.88042616317485,57,-7.776461598061499,-23.7764615980615,49.122807017543856,-90.89270400332028,58,-24.65652663771138,-40.65652663771138,44.827586206896555,-109.63377659901076,28,23.254521206917268,7.254521206917268,60.71428571428571,-81.97825568922678,29,-37.73741051321341,-53.73741051321341,37.93103448275862,-115.74794710706549,29,-49.73686309278744,-65.73686309278744,37.93103448275862,-107.26758436323092,29,0.42380981736466805,-15.576190182635331,51.724137931034484,-111.99996883479058,38,-2.216739443004989,-18.21673944300499,50.0,-118.88042616317485,-49.73686309278744,-65.73686309278744,ex2025_floor;loyo_floor;train_cost_floor;oos_cost_floor;worst_quarter_cost_floor;worst_quarter_slip16_floor,FAIL_BENCHMARK_OR_STABILITY_RESEARCH_ONLY
Stage40_PARALLEL_THESIS_MEGASCAN,RESEARCH_STAGE_ONLY_NO_PROMOTION,NO_GO,NO_GO,NO_GO,NO_GO,VOL_COMPRESSION_EXPANSION,VOL_COMP_EXP_LONG_L72_Q0.15_M2.0,LONG,Compressed 72H range then bullish expansion,72,"{""compression_q"": 0.15, ""expansion_mult"": 2.0, ""lookback"": 72}",198,105,8.0,25.002508867881485,23.30868059339869,105,38.509633266669134,48.08135249677381,30.50963326666914,58.0952380952381,-78.08030010367672,130.44132020148868,41.904761904761905,60.0,14.509633266669141,13.50712439878765,15.200952673270443,5.507124398787656,7.20095267327045,74,4.152485663210778,81,0.9814845289573598,24,130.1671352564464,0.9814845289573598,"{""2022"": 51.06989682115163, ""2023"": 36.23576152222229, ""2024"": 27.3458226795584, ""2025"": 0.9814845289573598, ""2026"": 35.01321617583991}","{""2022"": -51.7314209512608, ""2023"": 11.183950404177237, ""2024"": 38.8009989432352, ""2025"": 130.16713525644636, ""2026"": -32.54052746172164}","{""2022"": 21, ""2023"": 24, ""2024"": 29, ""2025"": 24, ""2026"": 7}",70,3.7186766160235996,-12.2813233839764,51.42857142857142,-92.01080961271535,35,84.09154656796022,68.09154656796022,71.42857142857143,-63.73351447459763,52,-13.630195286759895,-29.630195286759893,50.0,-96.00283817301936,53,73.8166348662599,57.8166348662599,66.0377358490566,-64.05825042996472,26,-33.993667219318816,-49.993667219318816,42.30769230769231,-150.16111748139826,26,6.733276645799027,-9.266723354200973,57.692307692307686,-79.56380276446961,26,57.17732780992625,41.17732780992625,61.53846153846154,-82.6898634647205,27,89.83967129087748,73.83967129087748,70.37037037037037,-60.37479522115974,35,84.09154656796022,68.09154656796022,71.42857142857143,-63.73351447459763,-33.993667219318816,-49.993667219318816,ex2025_floor;worst_quarter_cost_floor;worst_quarter_slip16_floor,FAIL_BENCHMARK_OR_STABILITY_RESEARCH_ONLY
Stage40_PARALLEL_THESIS_MEGASCAN,RESEARCH_STAGE_ONLY_NO_PROMOTION,NO_GO,NO_GO,NO_GO,NO_GO,FALSE_BREAKOUT_SWEEP_REVERSAL,SWEEP_LOW_REV_LONG_L72_T15,LONG,Sweep below prior 72H low by 15bps then close back inside,24,"{""lookback"": 72, ""threshold_bps"": 15}",52,47,8.0,8.502590481085887,8.612916361476685,47,20.822204594901713,23.518200643850573,12.822204594901711,53.191489361702125,-64.87538519759917,85.174974431943,29.78723404255319,44.680851063829785,-3.177795405098289,12.319614113815826,12.209288233425028,4.319614113815824,4.209288233425026,21,38.32374765701557,33,21.09249146782151,14,-6.672043034123521,5.341725058253262,"{""2022"": 5.341725058253262, ""2023"": 10.267155271313651, ""2024"": 8.888218002613412, ""2025"": 21.09249146782151, ""2026"": 20.325431380559937}","{""2022"": 34.64026991012637, ""2023"": 50.296261340859964, ""2024"": 39.70444630887179, ""2025"": -6.672043034123521, ""2026"": -9.062206863268091}","{""2022"": 12, ""2023"": 3, ""2024"": 6, ""2025"": 14, ""2026"": 12}",31,19.531100358646878,3.531100358646878,58.06451612903226,-56.5323276355667,16,-0.1762809473545186,-16.17628094735452,43.75,-135.3796308858296,23,31.966948085339972,15.966948085339972,65.21739130434783,-53.15444712846285,24,-5.524841250101609,-21.52484125010161,41.66666666666667,-103.40529766914186,11,27.937190103808884,11.937190103808884,63.63636363636363,-54.73286960802071,12,35.660892901743466,19.660892901743466,66.66666666666666,-32.56740736394204,12,-1.987475636935122,-17.987475636935123,41.66666666666667,-79.93364610390685,12,-9.062206863268093,-25.062206863268095,41.66666666666667,-185.94996089190408,16,-0.1762809473545186,-16.17628094735452,43.75,-135.3796308858296,-9.062206863268093,-25.062206863268095,h1_cost_residual_floor;oos_cost_floor;worst_quarter_slip16_floor,FAIL_BENCHMARK_OR_STABILITY_RESEARCH_ONLY
Stage40_PARALLEL_THESIS_MEGASCAN,RESEARCH_STAGE_ONLY_NO_PROMOTION,NO_GO,NO_GO,NO_GO,NO_GO,PULLBACK_CONTINUATION_AFTER_TREND,DOWNTREND_PULLBACK_CONT_SHORT_TL120_T150,SHORT,Downtrend 120H then controlled pullback continuation,24,"{""mean_lookback"": 24, ""trend_bps"": 150, ""trend_lookback"": 120}",583,157,8.0,-8.502590481085887,-8.612916361476685,157,3.156938060672152,-3.3702402263036113,-4.843061939327848,45.22292993630573,-62.844668280683806,66.4624959865645,29.29936305732484,35.6687898089172,-20.843061939327846,11.65952854175804,11.769854422148837,3.659528541758039,3.7698544221488373,94,-1.0740150516379208,126,0.6953706968187893,31,-27.354110718504504,-10.254383475690863,"{""2022"": -2.6431456908333395, ""2023"": -4.299875724790418, ""2024"": -10.254383475690863, ""2025"": 0.6953706968187893, ""2026"": -7.591478777020831}","{""2022"": -11.732273349086965, ""2023"": -7.579884789497202, ""2024"": 18.064865897942248, ""2025"": -27.354110718504504, ""2026"": 5.892941332910372}","{""2022"": 38, ""2023"": 26, ""2024"": 30, ""2025"": 31, ""2026"": 32}",105,-5.284010055332869,-21.28401005533287,43.80952380952381,-52.739648122983596,52,-3.952685935856169,-19.95268593585617,48.07692307692308,-86.04487835296547,78,-9.290109665595782,-25.290109665595782,42.30769230769231,-50.653403527033404,79,-0.4523059564303928,-16.452305956430394,48.10126582278481,-82.8116132367862,39,-11.411873897514011,-27.411873897514013,51.28205128205128,-60.17317011552281,39,-7.168345433677543,-23.168345433677544,33.33333333333333,-48.15259764140656,39,3.154940427874149,-12.845059572125852,51.28205128205128,-53.82878972043814,40,-3.9693711811273262,-19.969371181127325,45.0,-99.73400850335601,52,-3.952685935856169,-19.95268593585617,48.07692307692308,-86.04487835296547,-11.411873897514011,-27.411873897514013,h1_cost_residual_floor;ex2025_floor;loyo_floor;train_cost_floor;oos_cost_floor;worst_quarter_cost_floor;worst_quarter_slip16_floor,FAIL_BENCHMARK_OR_STABILITY_RESEARCH_ONLY
Stage40_PARALLEL_THESIS_MEGASCAN,RESEARCH_STAGE_ONLY_NO_PROMOTION,NO_GO,NO_GO,NO_GO,NO_GO,VOL_COMPRESSION_EXPANSION,VOL_COMP_EXP_SHORT_L24_Q0.15_M1.5,SHORT,Compressed 24H range then bearish expansion,72,"{""compression_q"": 0.15, ""expansion_mult"": 1.5, ""lookback"": 24}",387,156,8.0,-25.002508867881485,-23.30868059339869,156,-13.400581491482827,-9.889193890522119,-21.400581491482832,44.230769230769226,-107.52366839193562,99.02086064205562,53.84615384615385,48.717948717948715,-37.40058149148283,11.601927376398658,9.908099101915864,3.6019273763986526,1.9080991019158589,102,-18.39435538069036,119,-6.695854043575719,37,-68.69416436448135,-31.78351316774264,"{""2022"": -30.106613802740853, ""2023"": -23.19580589165405, ""2024"": -12.701502567258077, ""2025"": -6.695854043575719, ""2026"": -31.78351316774264}","{""2022"": 22.12958006480732, ""2023"": -16.014908290969167, ""2024"": -49.37870019371918, ""2025"": -68.69416436448135, ""2026"": 63.495153979112125}","{""2022"": 26, ""2023"": 39, ""2024"": 37, ""2025"": 37, ""2026"": 17}",104,-20.35612825502892,-36.35612825502892,42.30769230769231,-97.67536581074432,52,-23.48948796439064,-39.48948796439064,48.07692307692308,-151.16246804440902,78,-6.7256696778421565,-22.725669677842156,44.871794871794876,-94.611408296712,78,-36.0754933051235,-52.0754933051235,43.58974358974359,-121.096586735302,39,9.621623777604922,-6.378376222395078,51.28205128205128,-90.89270400332028,39,-23.072963133289242,-39.07296313328924,38.46153846153847,-101.13120992545576,39,-63.32383434606536,-79.32383434606535,35.8974358974359,-116.43228997904487,39,-8.827152264181658,-24.827152264181656,51.28205128205128,-125.76088349155911,52,-23.48948796439064,-39.48948796439064,48.07692307692308,-151.16246804440902,-63.32383434606536,-79.32383434606535,h1_cost_residual_floor;ex2025_floor;loyo_floor;train_cost_floor;oos_cost_floor;worst_quarter_cost_floor;worst_quarter_slip16_floor,FAIL_BENCHMARK_OR_STABILITY_RESEARCH_ONLY
Stage40_PARALLEL_THESIS_MEGASCAN,RESEARCH_STAGE_ONLY_NO_PROMOTION,NO_GO,NO_GO,NO_GO,NO_GO,VOL_COMPRESSION_EXPANSION,VOL_COMP_EXP_LONG_L120_Q0.25_M1.5,LONG,Compressed 120H range then bullish expansion,72,"{""compression_q"": 0.25, ""expansion_mult"": 1.5, ""lookback"": 120}",609,144,8.0,25.002508867881485,23.30868059339869,144,35.881909320177755,38.66086860490836,27.88190932017776,58.333333333333336,-88.45033252977974,114.89534333733897,44.44444444444444,54.166666666666664,11.881909320177758,10.87940045229627,12.573228726779064,2.8794004522962737,4.573228726779067,93,12.261470387206852,108,13.90071853593312,36,69.82548167291165,13.90071853593312,"{""2022"": 35.32506926414186, ""2023"": 35.76717094619861, ""2024"": 24.86148340483499, ""2025"": 13.90071853593312, ""2026"": 28.32584562972912}","{""2022"": -11.275584298068166, ""2023"": 1.358756578107627, ""2024"": 36.61665453481766, ""2025"": 69.82548167291165, ""2026"": 24.06405705803602}","{""2022"": 23, ""2023"": 33, ""2024"": 37, ""2025"": 36, ""2026"": 15}",96,13.459734045601794,-2.5402659543982065,57.291666666666664,-82.73393276719997,48,56.72625986932968,40.72625986932968,60.416666666666664,-104.47686479162832,72,-6.86242852201489,-22.86242852201489,54.166666666666664,-90.67193389135142,72,62.626247162370404,46.626247162370404,62.5,-85.13375286233472,36,-10.67902739024763,-26.67902739024763,55.55555555555556,-103.70322375465591,36,-3.0458296537821496,-19.04582965378215,52.77777777777778,-88.45033252977974,36,53.913405825129466,37.913405825129466,58.333333333333336,-79.32338903371917,36,71.33908849961135,55.33908849961135,66.66666666666666,-96.27257207827088,48,56.72625986932968,40.72625986932968,60.416666666666664,-104.47686479162832,-10.67902739024763,-26.67902739024763,h1_cost_residual_floor;worst_quarter_cost_floor;worst_quarter_slip16_floor,FAIL_BENCHMARK_OR_STABILITY_RESEARCH_ONLY
Stage40_PARALLEL_THESIS_MEGASCAN,RESEARCH_STAGE_ONLY_NO_PROMOTION,NO_GO,NO_GO,NO_GO,NO_GO,VOL_COMPRESSION_EXPANSION,VOL_COMP_EXP_LONG_L72_Q0.15_M2.0,LONG,Compressed 72H range then bullish expansion,24,"{""compression_q"": 0.15, ""expansion_mult"": 2.0, ""lookback"": 72}",198,129,8.0,8.502590481085887,8.612916361476685,129,18.925375640907156,14.764180006743288,10.925375640907156,51.93798449612403,-51.61547377571685,75.59229199652684,23.25581395348837,35.65891472868217,-5.074624359092844,10.422785159821268,10.31245927943047,2.4227851598212684,2.3124592794304704,91,-3.1993091670380718,99,-0.05339539066737816,30,47.1553200451031,-0.05339539066737816,"{""2022"": 17.812746552911875, ""2023"": 14.926074923182018, ""2024"": 12.674999507998406, ""2025"": -0.05339539066737816, ""2026"": 9.285309645889495}","{""2022"": -20.816420736158072, ""2023"": -2.2769319905998917, ""2024"": 6.735486906557052, ""2025"": 47.15532004510312, ""2026"": 35.73137381554926}","{""2022"": 23, ""2023"": 30, ""2024"": 38, ""2025"": 30, ""2026"": 8}",86,-2.112871718555167,-18.112871718555166,48.837209302325576,-46.01087615871968,43,37.00187035983179,21.00187035983179,58.139534883720934,-60.37479522115974,64,-2.454073799519546,-18.454073799519545,48.4375,-42.81256403434297,65,24.098987397634982,8.098987397634982,55.38461538461539,-59.568229571882455,32,-17.191873091267365,-33.19187309126737,37.5,-56.344760309245956,32,12.283725492228275,-3.7162745077717254,59.375,-38.8063132802785,32,9.02699298902634,-6.97300701097366,53.125,-55.30387051883467,33,38.71425470295246,22.71425470295246,57.57575757575758,-60.37479522115974,43,37.00187035983179,21.00187035983179,58.139534883720934,-60.37479522115974,-17.191873091267365,-33.19187309126737,h1_cost_residual_floor;ex2025_floor;loyo_floor;train_cost_floor;worst_quarter_cost_floor;worst_quarter_slip16_floor,FAIL_BENCHMARK_OR_STABILITY_RESEARCH_ONLY
Stage40_PARALLEL_THESIS_MEGASCAN,RESEARCH_STAGE_ONLY_NO_PROMOTION,NO_GO,NO_GO,NO_GO,NO_GO,PULLBACK_CONTINUATION_AFTER_TREND,UPTREND_PULLBACK_CONT_LONG_TL72_T150,LONG,Uptrend 72H then controlled pullback continuation,72,"{""mean_lookback"": 24, ""trend_bps"": 150, ""trend_lookback"": 72}",649,111,8.0,25.002508867881485,23.30868059339869,111,34.921439852914006,28.476857020602875,26.921439852913995,56.75675675675676,-95.9678234785244,130.0414716367948,48.64864864864865,62.16216216216216,10.921439852913995,9.918930985032521,11.612759259515315,1.9189309850325103,3.612759259515304,56,31.34986231959261,73,28.778672783259985,38,23.35359764461776,20.24366618955503,"{""2022"": 26.88822706422406, ""2023"": 30.689651693938178, ""2024"": 20.24366618955503, ""2025"": 28.778672783259985, ""2026"": 28.117329791411294}","{""2022"": 27.171813183038175, ""2023"": 9.776075976253967, ""2024"": 52.471182564896104, ""2025"": 23.353597644617754, ""2026"": 20.30887195769366}","{""2022"": 13, ""2023"": 20, ""2024"": 23, ""2025"": 38, ""2026"": 17}",74,27.57055292217,11.570552922169998,59.45945945945946,-91.52126344016688,37,25.62321371440199,9.623213714401992,51.35135135135135,-135.89013876295297,55,34.418400402310745,18.418400402310745,61.81818181818181,-92.4345255444059,56,19.55835359904217,3.558353599042171,51.78571428571429,-115.55247391635382,27,-2.7913687386602524,-18.791368738660253,44.44444444444444,-106.73538909379276,28,70.29924921681851,54.29924921681851,78.57142857142857,-56.05216057451901,28,25.181229669183697,9.181229669183697,53.57142857142857,-90.49164029815927,28,13.935477528900671,-2.0645224710993286,50.0,-174.99903584702105,37,25.62321371440199,9.623213714401992,51.35135135135135,-135.89013876295297,-2.7913687386602524,-18.791368738660253,h1_cost_residual_floor,FAIL_BENCHMARK_OR_STABILITY_RESEARCH_ONLY
Stage40_PARALLEL_THESIS_MEGASCAN,RESEARCH_STAGE_ONLY_NO_PROMOTION,NO_GO,NO_GO,NO_GO,NO_GO,VOLATILITY_SHOCK_REVERSAL,UPPER_WICK_SHOCK_REV_SHORT_M2.5_W1.0,SHORT,Large H1 shock with upper-wick rejection,24,"{""range_atr_mult"": 2.5, ""wick_ratio"": 1.0}",75,70,8.0,-8.502590481085887,-8.612916361476685,70,1.3531432641128285,2.5405568284164737,-6.6468567358871695,45.714285714285715,-45.84089423418369,58.010162208085305,30.0,27.142857142857142,-22.64685673588717,9.855733745198716,9.966059625589514,1.8557337451987177,1.9660596255895157,56,-16.164686455869894,60,2.5041627834823896,10,-61.55297385210456,-23.04169969772363,"{""2022"": -2.062264388465067, ""2023"": -15.554831095015965, ""2024"": 7.7488393992779265, ""2025"": 2.5041627834823896, ""2026"": -23.04169969772363}","{""2022"": -34.154410820419805, ""2023"": 11.556395215376021, ""2024"": -36.06414883818106, ""2025"": -61.55297385210456, ""2026"": 263.86805213441437}","{""2022"": 10, ""2023"": 23, ""2024"": 23, ""2025"": 10, ""2026"": 4}",46,-13.265790195305566,-29.265790195305566,47.82608695652174,-42.345408980497545,24,6.039432394664743,-9.960567605335257,41.66666666666667,-78.44242577299099,35,-2.2217770780010477,-18.221777078001047,51.42857142857142,-39.1339048943129,35,-11.0719363937733,-27.0719363937733,40.0,-78.69887170253608,17,-23.1600099869646,-39.160009986964596,41.17647058823529,-44.406361319040414,18,17.553220669353422,1.553220669353422,61.111111111111114,-26.572885161727513,17,-48.79442249440587,-64.79442249440586,35.294117647058826,-78.69887170253608,18,24.55485603460191,8.554856034601912,44.44444444444444,-78.44242577299099,24,6.039432394664743,-9.960567605335257,41.66666666666667,-78.44242577299099,-48.79442249440587,-64.79442249440586,h1_cost_residual_floor;ex2025_floor;loyo_floor;train_cost_floor;worst_quarter_cost_floor;worst_quarter_slip16_floor,FAIL_BENCHMARK_OR_STABILITY_RESEARCH_ONLY
Stage40_PARALLEL_THESIS_MEGASCAN,RESEARCH_STAGE_ONLY_NO_PROMOTION,NO_GO,NO_GO,NO_GO,NO_GO,PULLBACK_CONTINUATION_AFTER_TREND,UPTREND_PULLBACK_CONT_LONG_TL120_T150,LONG,Uptrend 120H then controlled pullback continuation,72,"{""mean_lookback"": 24, ""trend_bps"": 150, ""trend_lookback"": 120}",997,135,8.0,25.002508867881485,23.30868059339869,135,34.85114010592023,28.884549885490607,26.851140105920233,56.2962962962963,-101.52388938913792,121.87272388502146,50.37037037037037,58.51851851851851,10.851140105920233,9.848631238038745,11.542459512521539,1.8486312380387488,3.5424595125215426,69,15.02021014288184,87,26.523417038089264,48,27.44513816636388,20.11761651148986,"{""2022"": 29.322771053629022, ""2023"": 28.787730085282604, ""2024"": 29.726943216600393, ""2025"": 26.523417038089264, ""2026"": 20.11761651148986}","{""2022"": 7.078092524249892, ""2023"": 19.10478018847072, ""2024"": 15.34792766319961, ""2025"": 27.445138166363876, ""2026"": 70.61904346971767}","{""2022"": 15, ""2023"": 27, ""2024"": 27, ""2025"": 48, ""2026"": 18}",90,13.64249268721437,-2.3575073127856303,55.55555555555556,-98.52396013368903,45,53.26843494333195,37.26843494333195,57.77777777777777,-118.27230834116077,67,20.015164960498296,4.015164960498296,55.223880597014926,-94.60673330986991,68,33.58658620508595,17.58658620508595,57.35294117647059,-111.62892295359939,33,17.524613792310443,1.5246137923104435,48.484848484848484,-94.48053793951749,34,22.432464623739452,6.4324646237394525,61.76470588235294,-105.79451851752464,34,1.8596183851834238,-14.140381614816576,52.94117647058824,-106.265665273641,34,65.31355402498848,49.31355402498848,61.76470588235294,-121.24911048694787,45,53.26843494333195,37.26843494333195,57.77777777777777,-118.27230834116077,1.8596183851834238,-14.140381614816576,h1_cost_residual_floor,FAIL_BENCHMARK_OR_STABILITY_RESEARCH_ONLY
Stage40_PARALLEL_THESIS_MEGASCAN,RESEARCH_STAGE_ONLY_NO_PROMOTION,NO_GO,NO_GO,NO_GO,NO_GO,FAILED_CONTINUATION_AFTER_EXTREME_MOVE,FAILED_UP_CONT_SHORT_L24_T100,SHORT,"Strong 24H up move, new high attempt fails",72,"{""lookback"": 24, ""move_bps"": 100}",260,116,8.0,-25.002508867881485,-23.30868059339869,116,-15.393472011465645,-34.26719722497751,-23.393472011465644,41.37931034482759,-129.27006759923643,101.83798242941467,57.758620689655174,50.86206896551724,-39.39347201146565,9.60903685641584,7.9152085819330456,1.609036856415841,-0.08479141806695267,58,-11.659800230818654,76,9.253566238227078,40,-85.42284468588187,-41.767165314517904,"{""2022"": -22.523064275534963, ""2023"": -31.74708699136283, ""2024"": -23.05637917416361, ""2025"": 9.253566238227078, ""2026"": -41.767165314517904}","{""2022"": -31.701909490803995, ""2023"": 16.703879892040813, ""2024"": -24.50462988257238, ""2025"": -85.42284468588184, ""2026"": 76.64108041626332}","{""2022"": 11, ""2023"": 20, ""2024"": 27, ""2025"": 40, ""2026"": 18}",77,-33.129529164127355,-49.129529164127355,37.66233766233766,-127.78586818595895,39,-4.171000197236153,-20.171000197236154,48.717948717948715,-152.8216279912642,58,-11.659800230818654,-27.659800230818654,43.103448275862064,-120.80743576452724,58,-35.127143792112655,-51.127143792112655,39.6551724137931,-149.6163758144964,29,10.516265271054426,-5.483734728945574,51.724137931034484,-119.68281591174134,29,-33.83586573269173,-49.83586573269173,34.48275862068966,-127.78586818595895,29,-100.75308767288588,-116.75308767288588,20.689655172413794,-167.20919030172033,29,30.49880008866055,14.498800088660548,58.620689655172406,-128.68167872199797,39,-4.171000197236153,-20.171000197236154,48.717948717948715,-152.8216279912642,-100.75308767288588,-116.75308767288588,h1_cost_residual_floor;loyo_floor;train_cost_floor;oos_cost_floor;worst_quarter_cost_floor;worst_quarter_slip16_floor,FAIL_BENCHMARK_OR_STABILITY_RESEARCH_ONLY
Stage40_PARALLEL_THESIS_MEGASCAN,RESEARCH_STAGE_ONLY_NO_PROMOTION,NO_GO,NO_GO,NO_GO,NO_GO,FALSE_BREAKOUT_SWEEP_REVERSAL,SWEEP_LOW_REV_LONG_L24_T15,LONG,Sweep below prior 24H low by 15bps then close back inside,8,"{""lookback"": 24, ""threshold_bps"": 15}",97,93,8.0,2.7951299583446616,1.1310753012648225,93,12.399214165992381,16.95541809399348,4.399214165992381,53.76344086021505,-38.43591753962983,45.30336219081832,21.50537634408602,21.50537634408602,-11.600785834007619,9.60408420764772,11.26813886472756,1.6040842076477198,3.268138864727559,42,16.552423682476995,67,3.8685353664087176,26,5.7667326110733566,-2.743427953771615,"{""2022"": -2.743427953771615, ""2023"": 5.548322868785559, ""2024"": 3.66436608187208, ""2025"": 3.8685353664087176, ""2026"": 12.42848297870502}","{""2022"": 36.331025995525536, ""2023"": -2.6722240050425503, ""2024"": 9.359438733804412, ""2025"": 5.7667326110733566, ""2026"": -17.44039700458599}","{""2022"": 17, ""2023"": 13, ""2024"": 12, ""2025"": 26, ""2026"": 25}",62,9.824908076386926,-6.175091923613074,53.2258064516129,-33.696746746366685,31,-6.452173654796712,-22.452173654796713,54.83870967741935,-88.26003440007058,46,14.922993910338889,-1.0770060896611113,54.347826086956516,-30.932723835815356,47,-5.900655371027606,-21.900655371027607,53.191489361702125,-59.13362275378642,23,27.850514192015222,11.850514192015222,60.86956521739131,-28.700590025005912,23,1.9954736286625556,-14.004526371337445,47.82608695652174,-33.00529596428348,23,6.890081178902547,-9.109918821097452,56.52173913043478,-37.42314889066955,24,-18.15844456471067,-34.15844456471067,50.0,-99.21694304233009,31,-6.452173654796712,-22.452173654796713,54.83870967741935,-88.26003440007058,-18.15844456471067,-34.15844456471067,h1_cost_residual_floor;ex2025_floor;loyo_floor;oos_cost_floor;worst_quarter_cost_floor;worst_quarter_slip16_floor,FAIL_BENCHMARK_OR_STABILITY_RESEARCH_ONLY
Stage40_PARALLEL_THESIS_MEGASCAN,RESEARCH_STAGE_ONLY_NO_PROMOTION,NO_GO,NO_GO,NO_GO,NO_GO,VOLATILITY_SHOCK_REVERSAL,LOWER_WICK_SHOCK_REV_LONG_M2.5_W1.0,LONG,Large H1 shock with lower-wick rejection,8,"{""range_atr_mult"": 2.5, ""wick_ratio"": 1.0}",66,61,8.0,2.7951299583446616,1.1310753012648225,61,12.358393334564827,21.260648694725326,4.358393334564828,59.01639344262295,-35.72865240446199,37.31570147438967,19.672131147540984,11.475409836065573,-11.641606665435173,9.563263376220165,11.227318033300005,1.5632633762201662,3.2273180333000053,47,10.050008529237408,53,8.362517102143553,8,-22.16892662564423,1.6886328955473933,"{""2022"": 1.6886328955473933, ""2023"": 2.909124017144337, ""2024"": 2.719350999028515, ""2025"": 8.362517102143553, ""2026"": 5.363617961254627}","{""2022"": 17.974171573553754, ""2023"": 7.562041299389071, ""2024"": 8.27388335834602, ""2025"": -22.168926625644225, ""2026"": -4.856165743424985}","{""2022"": 10, ""2023"": 19, ""2024"": 18, ""2025"": 8, ""2026"": 6}",40,12.49086963876162,-3.5091303612383804,60.0,-32.51538576950041,21,-11.132037721048112,-27.132037721048114,57.14285714285714,-47.96001211052947,30,11.825147543443185,-4.174852456556815,56.666666666666664,-33.4299737111815,31,-2.8674978353174527,-18.86749783531745,61.29032258064516,-41.91109767160639,15,26.073418099396157,10.073418099396157,60.0,-51.435002813731145,15,-2.423123012509792,-18.42312301250979,53.333333333333336,-23.722636947755007,15,5.925632605438367,-10.074367394561634,66.66666666666666,-33.62412830598793,16,-11.111057623526037,-27.111057623526037,56.25,-50.144757070534894,21,-11.132037721048112,-27.132037721048114,57.14285714285714,-47.96001211052947,-11.111057623526037,-27.111057623526037,h1_cost_residual_floor;oos_cost_floor;worst_quarter_cost_floor;worst_quarter_slip16_floor,FAIL_BENCHMARK_OR_STABILITY_RESEARCH_ONLY
Stage40_PARALLEL_THESIS_MEGASCAN,RESEARCH_STAGE_ONLY_NO_PROMOTION,NO_GO,NO_GO,NO_GO,NO_GO,SESSION_TRANSITION_IMBALANCE,ASIA_COMP_LONDON_BREAKOUT_SHORT_Q0.25,SHORT,Asia compression then London breakout down,24,"{""asia_range_q"": 0.25, ""direction"": ""breakout_down""}",489,155,8.0,-8.502590481085887,-8.612916361476685,155,0.6035336460951796,3.1548660654190375,-7.396466353904819,45.806451612903224,-57.65735342318834,57.989177285339146,24.516129032258064,25.806451612903224,-23.39646635390482,9.106124127181067,9.216450007571865,1.1061241271810678,1.2164500075718658,115,-10.92116928762767,126,-8.688541323794952,29,-1.7826233812787236,-11.05086719015211,"{""2022"": -7.3865947012951, ""2023"": -11.05086719015211, ""2024"": -0.6838452243095231, ""2025"": -8.688541323794952, ""2026"": -9.080767681487954}","{""2022"": -7.434410518623431, ""2023"": 1.000880248535764, ""2024"": -29.58540842117816, ""2025"": -1.7826233812787255, ""2026"": 14.652569207183484}","{""2022"": 32, ""2023"": 47, ""2024"": 36, ""2025"": 29, ""2026"": 11}",103,-9.039455156221118,-25.039455156221116,51.45631067961165,-49.710024855011966,52,-4.142084687778309,-20.142084687778308,34.61538461538461,-83.68088432253896,77,-1.9060468066842768,-17.906046806684277,55.84415584415584,-45.30491362890743,78,-12.816495906930225,-28.816495906930225,35.8974358974359,-74.5904437376832,38,-11.89692225134326,-27.896922251343263,52.63157894736842,-52.16083767022428,39,7.82865234452192,-8.17134765547808,58.97435897435898,-33.02140751185733,39,-28.83968970524119,-44.83968970524119,35.8974358974359,-54.83534642168664,39,3.206697891380739,-12.793302108619262,35.8974358974359,-86.86537108809178,52,-4.142084687778309,-20.142084687778308,34.61538461538461,-83.68088432253896,-28.83968970524119,-44.83968970524119,h1_cost_residual_floor;ex2025_floor;loyo_floor;train_cost_floor;oos_cost_floor;worst_quarter_cost_floor;worst_quarter_slip16_floor,FAIL_BENCHMARK_OR_STABILITY_RESEARCH_ONLY
Stage40_PARALLEL_THESIS_MEGASCAN,RESEARCH_STAGE_ONLY_NO_PROMOTION,NO_GO,NO_GO,NO_GO,NO_GO,VOLATILITY_SHOCK_REVERSAL,UPPER_WICK_SHOCK_REV_SHORT_M2.5_W1.5,SHORT,Large H1 shock with upper-wick rejection,8,"{""range_atr_mult"": 2.5, ""wick_ratio"": 1.5}",55,52,8.0,-2.7951299583446616,-1.1310753012648225,52,6.149215788078958,6.726190010077349,-1.8507842119210391,48.07692307692308,-25.11099599360911,35.36716780313309,13.461538461538462,15.384615384615385,-17.850784211921038,8.94434574642362,7.28029108934378,0.9443457464236225,-0.7197089106562167,43,-5.794878536880791,46,-2.477714460661327,6,2.9556810284211514,-5.465630696888884,"{""2022"": -1.3267701242450736, ""2023"": -5.465630696888884, ""2024"": 5.729368817558659, ""2025"": -2.477714460661327, ""2026"": -4.723381447251981}","{""2022"": -5.2194462041236935, ""2023"": 4.427633367233632, ""2024"": -17.456981625555716, ""2025"": 2.9556810284211488, ""2026"": 45.06830396515102}","{""2022"": 7, ""2023"": 19, ""2024"": 17, ""2025"": 6, ""2026"": 3}",34,-1.4761394218708386,-17.47613942187084,44.11764705882353,-25.948645216927744,18,-2.558446593126975,-18.558446593126973,55.55555555555556,-19.45909412561675,26,1.8303427134066594,-14.16965728659334,50.0,-25.11099599360911,26,-5.531911137248742,-21.53191113724874,46.15384615384615,-25.62441680120542,13,-7.91783611718767,-23.91783611718767,38.46153846153847,-25.660332494501503,13,11.578521544000989,-4.4214784559990115,61.53846153846154,-23.14803012303024,13,-30.466673086584805,-46.466673086584805,23.076923076923077,-26.805556239928308,13,19.402850812087326,3.402850812087326,69.23076923076923,-16.49551225034518,18,-2.558446593126975,-18.558446593126973,55.55555555555556,-19.45909412561675,-30.466673086584805,-46.466673086584805,h1_cost_residual_floor;ex2025_floor;loyo_floor;train_cost_floor;oos_cost_floor;worst_quarter_cost_floor;worst_quarter_slip16_floor,FAIL_BENCHMARK_OR_STABILITY_RESEARCH_ONLY
Stage40_PARALLEL_THESIS_MEGASCAN,RESEARCH_STAGE_ONLY_NO_PROMOTION,NO_GO,NO_GO,NO_GO,NO_GO,SESSION_TRANSITION_IMBALANCE,ASIA_COMP_LONDON_BREAKOUT_LONG_Q0.25,LONG,Asia compression then London breakout up,24,"{""asia_range_q"": 0.25, ""direction"": ""breakout_up""}",542,166,8.0,8.502590481085887,8.612916361476685,166,16.835990839588057,13.050055670206229,8.83599083958806,53.01204819277109,-54.7808009245071,59.098849862050386,21.084337349397593,27.710843373493976,-7.16400916041194,8.33340035850217,8.223074478111371,0.333400358502173,0.22307447811137493,110,10.852939694981517,121,11.206142139739027,45,2.4629173436265654,2.6903641030023393,"{""2022"": 10.147252054184957, ""2023"": 11.343709617802174, ""2024"": 2.6903641030023393, ""2025"": 11.206142139739027, ""2026"": 8.41712675426556}","{""2022"": 2.373346281931926, ""2023"": -0.5500423017276257, ""2024"": 24.396194704560415, ""2025"": 2.462917343626563, ""2026"": 14.738166587314167}","{""2022"": 28, ""2023"": 35, ""2024"": 47, ""2025"": 45, ""2026"": 11}",111,10.874885330077495,-5.125114669922505,51.35135135135135,-44.82209860861674,55,4.721131049691203,-11.278868950308798,56.36363636363636,-65.40558637841976,83,3.569272955219983,-12.430727044780017,49.39759036144578,-51.82399016528394,83,14.10270872395614,-1.8972912760438607,56.62650602409639,-56.04934499255587,41,-0.08123577818483896,-16.08123577818484,51.21951219512195,-54.91118315904875,42,7.132864814019923,-8.867135185980077,47.61904761904761,-48.99352290152869,41,23.947079189555105,7.9470791895551045,60.97560975609756,-34.69378127908151,42,4.492728031347623,-11.507271968652377,52.38095238095239,-65.5939751103668,55,4.721131049691203,-11.278868950308798,56.36363636363636,-65.40558637841976,-0.08123577818483896,-16.08123577818484,h1_cost_residual_floor,FAIL_BENCHMARK_OR_STABILITY_RESEARCH_ONLY
Stage40_PARALLEL_THESIS_MEGASCAN,RESEARCH_STAGE_ONLY_NO_PROMOTION,NO_GO,NO_GO,NO_GO,NO_GO,VOL_COMPRESSION_EXPANSION,VOL_COMP_EXP_LONG_L24_Q0.15_M1.5,LONG,Compressed 24H range then bullish expansion,24,"{""compression_q"": 0.15, ""expansion_mult"": 1.5, ""lookback"": 24}",400,228,8.0,8.502590481085887,8.612916361476685,228,16.330452805595545,5.669411169481053,8.330452805595543,49.56140350877193,-50.98382735247431,68.21151507573342,19.736842105263158,27.631578947368425,-7.669547194404457,7.827862324509658,7.71753644411886,-0.17213767549034387,-0.2824635558811419,162,-2.267936090797949,183,1.365158445909821,45,36.655983201650805,1.365158445909821,"{""2022"": 11.02748194604614, ""2023"": 13.252810025981676, ""2024"": 10.661938483205137, ""2025"": 1.365158445909821, ""2026"": 6.193785494516997}","{""2022"": -5.592048973487257, ""2023"": -4.8487616876963635, ""2024"": 2.2241807928085016, ""2025"": 36.6559832016508, ""2026"": 29.39188772908406}","{""2022"": 37, ""2023"": 62, ""2024"": 63, ""2025"": 45, ""2026"": 21}",152,-4.70068018857478,-20.70068018857478,46.71052631578947,-51.9134066559096,76,34.39271879393618,18.392718793936183,55.26315789473685,-50.460027119016424,114,-5.628951137932034,-21.628951137932034,44.73684210526316,-47.27847671411433,114,22.28985674912312,6.289856749123121,54.385964912280706,-52.285372312905196,57,-4.191878855045542,-20.19187885504554,43.859649122807014,-44.893557961266374,57,-7.066023420818521,-23.06602342081852,45.614035087719294,-47.97406480777644,57,5.639335233707214,-10.360664766292786,56.14035087719298,-52.24124259527008,57,38.94037826453903,22.940378264539028,52.63157894736842,-52.32950203054032,76,34.39271879393618,18.392718793936183,55.26315789473685,-50.460027119016424,-7.066023420818521,-23.06602342081852,h1_cost_residual_floor;ex2025_floor;train_cost_floor,FAIL_BENCHMARK_OR_STABILITY_RESEARCH_ONLY
Stage40_PARALLEL_THESIS_MEGASCAN,RESEARCH_STAGE_ONLY_NO_PROMOTION,NO_GO,NO_GO,NO_GO,NO_GO,VOLATILITY_SHOCK_REVERSAL,LOWER_WICK_SHOCK_REV_LONG_M2.5_W1.5,LONG,Large H1 shock with lower-wick rejection,8,"{""range_atr_mult"": 2.5, ""wick_ratio"": 1.5}",55,50,8.0,2.7951299583446616,1.1310753012648225,50,10.485375131488949,21.529589787566692,2.4853751314889516,56.00000000000001,-41.20782582387017,34.993265830983724,20.0,10.0,-13.51462486851105,7.690245173144287,9.354299830224127,-0.30975482685571,1.3542998302241291,39,8.507389329597755,44,7.3390986605375135,6,-33.108597414867184,-4.062997916345285,"{""2022"": 1.6213059193333739, ""2023"": 3.010881787916839, ""2024"": -4.062997916345285, ""2025"": 7.3390986605375135, ""2026"": 2.9585910970024303}","{""2022"": 7.793228863301782, ""2023"": 1.259192933157208, ""2024"": 15.196922812578933, ""2025"": -33.108597414867184, ""2026"": -1.7735685581323708}","{""2022"": 7, ""2023"": 15, ""2024"": 17, ""2025"": 6, ""2026"": 5}",33,7.565296399000169,-8.434703600999832,54.54545454545454,-35.724670793003675,17,-7.375648505444592,-23.37564850544459,58.82352941176471,-47.96001211052947,25,5.196399270632542,-10.803600729367458,48.0,-38.98774018326168,25,-0.2256490076546413,-16.225649007654642,64.0,-41.91109767160639,12,14.663707538485847,-1.3362924615141534,50.0,-53.03911325447108,13,-3.5426545150782,-19.5426545150782,46.15384615384615,-33.62412830598793,12,14.43055971660098,-1.56944028339902,75.0,-11.593229750000432,13,-13.754457060813676,-29.754457060813678,53.84615384615385,-52.32950203054032,17,-7.375648505444592,-23.37564850544459,58.82352941176471,-47.96001211052947,-13.754457060813676,-29.754457060813678,h1_cost_residual_floor;loyo_floor;oos_cost_floor;worst_quarter_cost_floor;worst_quarter_slip16_floor,FAIL_BENCHMARK_OR_STABILITY_RESEARCH_ONLY
Stage40_PARALLEL_THESIS_MEGASCAN,RESEARCH_STAGE_ONLY_NO_PROMOTION,NO_GO,NO_GO,NO_GO,NO_GO,VOLATILITY_SHOCK_REVERSAL,UPPER_WICK_SHOCK_REV_SHORT_M2.5_W1.5,SHORT,Large H1 shock with upper-wick rejection,4,"{""range_atr_mult"": 2.5, ""wick_ratio"": 1.5}",55,52,8.0,-1.3958339209070354,-1.2296768282992119,52,6.1946446894327645,8.043556928700735,-1.8053553105672364,50.0,-24.502468427599624,32.024234166530555,9.615384615384617,11.538461538461538,-17.805355310567236,7.5904786103398,7.424321517731976,-0.409521389660201,-0.5756784822680245,43,-3.5097748447009014,46,-2.737915685051105,6,5.344274227142424,-2.737915685051105,"{""2022"": -1.7683719102895856, ""2023"": -0.4341081443239725, ""2024"": -1.05179444001793, ""2025"": -2.737915685051105, ""2026"": -2.4256055705976367}","{""2022"": -2.0431057409235507, ""2023"": -4.186995125621325, ""2024"": -3.356804161698159, ""2025"": 5.344274227142424, ""2026"": 8.32539893659598}","{""2022"": 7, ""2023"": 19, ""2024"": 17, ""2025"": 6, ""2026"": 3}",34,-2.2686070418091804,-18.26860704180918,52.94117647058824,-25.11099599360911,18,-0.930324262665784,-16.930324262665785,44.44444444444444,-16.37811574381587,26,-3.609794137433463,-19.60979413743346,57.692307692307686,-23.854844807873476,26,-0.0009164837010080016,-16.00091648370101,42.30769230769231,-25.62441680120542,13,-17.36509590910022,-33.36509590910022,46.15384615384615,-25.660332494501503,13,10.145507634233294,-5.854492365766706,69.23076923076923,-21.896448454974404,13,-11.378007850750341,-27.378007850750343,38.46153846153847,-26.805556239928308,13,11.376174883348325,-4.623825116651675,46.15384615384615,-16.49551225034518,18,-0.930324262665784,-16.930324262665785,44.44444444444444,-16.37811574381587,-17.36509590910022,-33.36509590910022,h1_cost_residual_floor;ex2025_floor;loyo_floor;train_cost_floor;oos_cost_floor;worst_quarter_cost_floor;worst_quarter_slip16_floor,FAIL_BENCHMARK_OR_STABILITY_RESEARCH_ONLY
Stage40_PARALLEL_THESIS_MEGASCAN,RESEARCH_STAGE_ONLY_NO_PROMOTION,NO_GO,NO_GO,NO_GO,NO_GO,VOL_COMPRESSION_EXPANSION,VOL_COMP_EXP_LONG_L72_Q0.15_M2.0,LONG,Compressed 72H range then bullish expansion,8,"{""compression_q"": 0.15, ""expansion_mult"": 2.0, ""lookback"": 72}",198,152,8.0,2.7951299583446616,1.1310753012648225,152,10.32042058453466,5.729748355316477,2.3204205845346557,48.026315789473685,-30.167917054944596,35.89470448864817,11.18421052631579,10.526315789473683,-13.679579415465344,7.525290626189998,9.189345283269837,-0.4747093738100059,1.1893452832698332,106,-3.5329084063344856,117,-1.0201968049245584,35,13.487627286441175,-1.0201968049245584,"{""2022"": 5.451280783239337, ""2023"": 6.491346461171548, ""2024"": 0.0615024366861625, ""2025"": -1.0201968049245584, ""2026"": 0.6920472620850067}","{""2022"": -13.584349224885134, ""2023"": -9.764569775977362, ""2024"": 8.236634781280717, ""2025"": 13.487627286441173, ""2026"": 23.193205899571097}","{""2022"": 25, ""2023"": 39, ""2024"": 42, ""2025"": 35, ""2026"": 11}",101,-4.163871014816256,-20.163871014816255,42.57425742574257,-29.312413104254365,51,15.16186081070019,-0.8381391892998096,58.82352941176471,-32.659409020218135,76,-8.442980176078288,-24.442980176078287,39.473684210526315,-29.1323510723035,76,13.083821345147598,-2.916178654852402,56.57894736842105,-34.2239192039423,38,-16.044171441511697,-32.04417144151169,39.473684210526315,-33.83196506695829,38,-0.8417889106448778,-16.841788910644876,39.473684210526315,-25.925499838335142,38,2.345846305358539,-13.654153694641462,50.0,-29.773540906528616,38,23.821796384936658,7.821796384936658,63.1578947368421,-42.969282194981744,51,15.16186081070019,-0.8381391892998096,58.82352941176471,-32.659409020218135,-16.044171441511697,-32.04417144151169,h1_cost_residual_floor;ex2025_floor;loyo_floor;train_cost_floor;worst_quarter_cost_floor;worst_quarter_slip16_floor,FAIL_BENCHMARK_OR_STABILITY_RESEARCH_ONLY
Stage40_PARALLEL_THESIS_MEGASCAN,RESEARCH_STAGE_ONLY_NO_PROMOTION,NO_GO,NO_GO,NO_GO,NO_GO,VOL_COMPRESSION_EXPANSION,VOL_COMP_EXP_LONG_L72_Q0.25_M2.0,LONG,Compressed 72H range then bullish expansion,8,"{""compression_q"": 0.25, ""expansion_mult"": 2.0, ""lookback"": 72}",285,211,8.0,2.7951299583446616,1.1310753012648225,211,10.301594965630919,6.12466239925169,2.3015949656309176,48.34123222748815,-31.260252434275326,34.782877548811264,11.374407582938389,11.848341232227488,-13.698405034369083,7.506465007286257,9.170519664366097,-0.493534992713744,1.1705196643660951,152,-0.8051063980907534,168,1.126451705141373,43,6.892852355450529,0.8923921988439906,"{""2022"": 4.22478119505795, ""2023"": 3.046772824824537, ""2024"": 2.443090421051439, ""2025"": 1.126451705141373, ""2026"": 0.8923921988439906}","{""2022"": -7.047226982972709, ""2023"": 0.3358671646546472, ""2024"": 1.9283397125388528, ""2025"": 6.892852355450529, ""2026"": 19.476253685846594}","{""2022"": 36, ""2023"": 58, ""2024"": 58, ""2025"": 43, ""2026"": 16}",141,-0.6751195626651862,-16.675119562665188,46.09929078014184,-28.85799951622081,70,8.297548515484497,-7.702451484515503,52.85714285714286,-35.332489580591215,105,-2.171462011401825,-18.171462011401825,43.80952380952381,-27.785409549678786,106,6.732453291936936,-9.267546708063064,52.83018867924528,-36.22263279295712,52,-7.113038004645123,-23.113038004645123,42.30769230769231,-30.167917054944596,53,2.6768766989500903,-13.32312330104991,45.28301886792453,-25.447619047619384,53,1.9036339791210837,-14.096366020878916,50.943396226415096,-30.235751219654937,53,11.561272604752789,-4.438727395247211,54.71698113207547,-46.961451590897816,70,8.297548515484497,-7.702451484515503,52.85714285714286,-35.332489580591215,-7.113038004645123,-23.113038004645123,h1_cost_residual_floor;ex2025_floor;train_cost_floor,FAIL_BENCHMARK_OR_STABILITY_RESEARCH_ONLY
Stage40_PARALLEL_THESIS_MEGASCAN,RESEARCH_STAGE_ONLY_NO_PROMOTION,NO_GO,NO_GO,NO_GO,NO_GO,VOL_COMPRESSION_EXPANSION,VOL_COMP_EXP_LONG_L72_Q0.25_M2.0,LONG,Compressed 72H range then bullish expansion,24,"{""compression_q"": 0.25, ""expansion_mult"": 2.0, ""lookback"": 72}",285,182,8.0,8.502590481085887,8.612916361476685,182,15.826317329377968,9.022948414422194,7.826317329377969,50.54945054945055,-53.93818356890401,67.46327954060716,24.725274725274726,33.51648351648351,-8.173682670622032,7.323726848292081,7.213400967901283,-0.6762731517079184,-0.7865990320987164,135,-0.2262907177400966,147,1.693006798237311,35,33.586221560168745,1.693006798237311,"{""2022"": 11.575438676084127, ""2023"": 10.182122179769948, ""2024"": 9.494231752630592, ""2025"": 1.693006798237311, ""2026"": 6.735108868888194}","{""2022"": -9.101533599689233, ""2023"": 1.4319898783140286, ""2024"": 3.7666765633480015, ""2025"": 33.58622156016875, ""2026"": 23.285103852983138}","{""2022"": 33, ""2023"": 49, ""2024"": 53, ""2025"": 35, ""2026"": 12}",121,4.847500411278804,-11.152499588721195,51.2396694214876,-45.8713286572432,61,13.735118101345163,-2.2648818986548367,49.18032786885246,-64.05825042996472,91,-0.5844160804706594,-16.58441608047066,48.35164835164835,-45.91451442380268,91,16.2370507392266,0.23705073922659992,52.74725274725275,-60.37479522115974,45,-4.281814264022403,-20.2818142640224,37.77777777777778,-54.73286960802071,46,3.0326038816995244,-12.967396118300476,58.69565217391305,-37.33139939710584,45,-0.642361314793543,-16.642361314793543,51.11111111111111,-53.546155650917584,46,32.749519052941956,16.749519052941956,54.347826086956516,-63.34618829087202,61,13.735118101345163,-2.2648818986548367,49.18032786885246,-64.05825042996472,-4.281814264022403,-20.2818142640224,h1_cost_residual_floor;ex2025_floor,FAIL_BENCHMARK_OR_STABILITY_RESEARCH_ONLY
Stage40_PARALLEL_THESIS_MEGASCAN,RESEARCH_STAGE_ONLY_NO_PROMOTION,NO_GO,NO_GO,NO_GO,NO_GO,VOL_COMPRESSION_EXPANSION,VOL_COMP_EXP_LONG_L72_Q0.25_M2.0,LONG,Compressed 72H range then bullish expansion,72,"{""compression_q"": 0.25, ""expansion_mult"": 2.0, ""lookback"": 72}",285,134,8.0,25.002508867881485,23.30868059339869,134,31.539560855329746,29.26381218425478,23.539560855329736,55.223880597014926,-88.56834579643424,120.10827095624511,44.776119402985074,55.970149253731336,7.539560855329736,6.537051987448262,8.230880261931055,-1.4629480125517489,0.23088026193104483,99,1.1811880294375203,108,2.5633368239292396,26,110.67156837037795,2.5633368239292396,"{""2022"": 38.491265038096714, ""2023"": 28.825538846945662, ""2024"": 24.371200183640408, ""2025"": 2.5633368239292396, ""2026"": 23.95518714035313}","{""2022"": -38.56751805770236, ""2023"": 9.14995410037529, ""2024"": 21.359317210839606, ""2025"": 110.67156837037797, ""2026"": 17.766973563338134}","{""2022"": 26, ""2023"": 36, ""2024"": 37, ""2025"": 26, ""2026"": 9}",89,6.584305424844749,-9.41569457515525,51.68539325842697,-92.33397197663918,45,57.07328826228894,41.07328826228894,62.22222222222222,-84.15748144730561,67,-9.085587614658778,-25.085587614658778,49.25373134328358,-94.18435445832651,67,56.164709325318256,40.164709325318256,61.19402985074627,-84.15748144730561,33,-28.436936414136174,-44.43693641413617,42.42424242424242,-143.46764346764297,34,9.696603867186928,-6.303396132813072,55.88235294117647,-61.43954446121591,33,21.972424108442027,5.972424108442027,48.484848484848484,-96.80690061356967,34,89.3513390946393,73.3513390946393,73.52941176470588,-64.09415461657409,45,57.07328826228894,41.07328826228894,62.22222222222222,-84.15748144730561,-28.436936414136174,-44.43693641413617,h1_cost_residual_floor;ex2025_floor;worst_quarter_cost_floor;worst_quarter_slip16_floor,FAIL_BENCHMARK_OR_STABILITY_RESEARCH_ONLY
Stage40_PARALLEL_THESIS_MEGASCAN,RESEARCH_STAGE_ONLY_NO_PROMOTION,NO_GO,NO_GO,NO_GO,NO_GO,VOL_COMPRESSION_EXPANSION,VOL_COMP_EXP_SHORT_L24_Q0.15_M2.0,SHORT,Compressed 24H range then bearish expansion,4,"{""compression_q"": 0.15, ""expansion_mult"": 2.0, ""lookback"": 24}",183,163,8.0,-1.3958339209070354,-1.2296768282992119,163,5.090411485825025,0.934896743115532,-2.909588514174974,39.87730061349693,-25.401881928428516,24.265697609356927,6.134969325153374,7.975460122699387,-18.909588514174974,6.486245406732061,6.320088314124237,-1.5137545932679386,-1.6799116858757621,104,-9.57661436457791,125,-5.074492655483793,38,4.211806687498772,-5.886755209796826,"{""2022"": -1.2701774914609825, ""2023"": 0.24452138560038206, ""2024"": -2.2710687590539624, ""2025"": -5.074492655483793, ""2026"": -5.886755209796826}","{""2022"": -11.959137359556221, ""2023"": -12.608476455984196, ""2024"": -4.939753889431523, ""2025"": 4.211806687498772, ""2026"": 17.221729141934695}","{""2022"": 25, ""2023"": 40, ""2024"": 39, ""2025"": 38, ""2026"": 21}",109,-8.833958834077134,-24.833958834077134,33.94495412844037,-22.396843734333594,54,9.048862687109013,-6.951137312890987,51.85185185185185,-35.967735881824446,81,-11.911958590477266,-27.911958590477266,32.098765432098766,-22.396843734333594,82,5.9829965611968,-10.0170034388032,47.5609756097561,-29.8129343695841,40,-14.177787081840638,-30.177787081840638,32.5,-25.91706803629301,41,-9.701394208659343,-25.701394208659345,31.70731707317073,-16.89267725687671,41,-1.7490904198111066,-17.749090419811107,41.46341463414634,-25.401881928428516,41,13.715083542204711,-2.2849164577952887,53.65853658536586,-32.813438442367286,54,9.048862687109013,-6.951137312890987,51.85185185185185,-35.967735881824446,-14.177787081840638,-30.177787081840638,h1_cost_residual_floor;ex2025_floor;loyo_floor;train_cost_floor;worst_quarter_cost_floor;worst_quarter_slip16_floor,FAIL_BENCHMARK_OR_STABILITY_RESEARCH_ONLY
Stage40_PARALLEL_THESIS_MEGASCAN,RESEARCH_STAGE_ONLY_NO_PROMOTION,NO_GO,NO_GO,NO_GO,NO_GO,FALSE_BREAKOUT_SWEEP_REVERSAL,SWEEP_LOW_REV_LONG_L72_T8,LONG,Sweep below prior 72H low by 8bps then close back inside,8,"{""lookback"": 72, ""threshold_bps"": 8}",98,88,8.0,2.7951299583446616,1.1310753012648225,88,9.180380852221726,13.219479145452073,1.1803808522217254,53.40909090909091,-37.6832706118313,37.25481352728876,13.636363636363635,14.772727272727273,-14.819619147778274,6.385250893877064,8.049305550956904,-1.6147491061229362,0.04930555095690292,54,1.5812638847220046,68,-3.8721455595216026,20,18.358970652149036,-3.8721455595216026,"{""2022"": -1.1965753070236438, ""2023"": -1.6238203857001685, ""2024"": 5.771945246810582, ""2025"": -3.8721455595216026, ""2026"": 6.115779227269852}","{""2022"": 7.518930610209369, ""2023"": 14.8274935434416, ""2024"": -21.165232534777378, ""2025"": 18.358970652149036, ""2026"": -24.906724844461227}","{""2022"": 24, ""2023"": 15, ""2024"": 15, ""2025"": 20, ""2026"": 14}",58,3.854705392254236,-12.145294607745765,50.0,-34.63850245496114,30,-3.98997992517446,-19.98997992517446,60.0,-54.03465811675446,44,7.884982237308356,-8.115017762691643,52.27272727272727,-31.69011078708539,44,-5.524220532864906,-21.524220532864906,54.54545454545454,-52.22627389414314,22,5.378770039179138,-10.621229960820862,45.45454545454545,-37.59396390029701,22,10.391194435437574,-5.6088055645624255,59.09090909090909,-15.087913940638463,22,-3.1766646711198203,-19.17666467111982,45.45454545454545,-50.40875379583476,22,-7.8717763946099915,-23.87177639460999,63.63636363636363,-54.03465811675446,30,-3.98997992517446,-19.98997992517446,60.0,-54.03465811675446,-7.8717763946099915,-23.87177639460999,h1_cost_residual_floor;ex2025_floor;loyo_floor;oos_cost_floor,FAIL_BENCHMARK_OR_STABILITY_RESEARCH_ONLY
Stage40_PARALLEL_THESIS_MEGASCAN,RESEARCH_STAGE_ONLY_NO_PROMOTION,NO_GO,NO_GO,NO_GO,NO_GO,VOL_COMPRESSION_EXPANSION,VOL_COMP_EXP_LONG_L24_Q0.15_M2.0,LONG,Compressed 24H range then bullish expansion,24,"{""compression_q"": 0.15, ""expansion_mult"": 2.0, ""lookback"": 24}",197,153,8.0,8.502590481085887,8.612916361476685,153,14.849609063130707,12.67802961931519,6.849609063130709,51.633986928104584,-51.47585328984072,65.54910281816984,20.915032679738562,29.411764705882355,-9.150390936869291,6.34701858204482,6.236692701654022,-1.6529814179551785,-1.7633072983459765,113,2.8149895377259786,125,1.3311279227915898,28,31.48568558250178,1.3311279227915898,"{""2022"": 9.614415500298074, ""2023"": 9.896348866180425, ""2024"": 4.874434330310705, ""2025"": 1.3311279227915898, ""2026"": 8.508461092716919}","{""2022"": -6.655406995340646, ""2023"": -0.23737265265884844, ""2024"": 12.245208333273162, ""2025"": 31.48568558250178, ""2026"": -12.641902284507246}","{""2022"": 26, ""2023"": 46, ""2024"": 41, ""2025"": 28, ""2026"": 12}",102,-0.6758113942040954,-16.675811394204096,49.01960784313725,-54.56478301793577,51,21.900449977800317,5.900449977800317,56.86274509803921,-50.70971857737416,76,-3.1050019050991122,-19.105001905099112,47.368421052631575,-47.361785405896086,77,16.674939369435467,0.6749393694354673,55.84415584415584,-52.719452269912594,38,-2.799702441003318,-18.79970244100332,39.473684210526315,-50.483266054159316,38,-3.4103013691949027,-19.410301369194904,55.26315789473685,-41.18899840090285,38,13.224607551498476,-2.775392448501524,57.89473684210527,-50.8430944752497,39,20.03680114075869,4.036801140758691,53.84615384615385,-56.154617754531344,51,21.900449977800317,5.900449977800317,56.86274509803921,-50.70971857737416,-3.4103013691949027,-19.410301369194904,h1_cost_residual_floor;ex2025_floor;train_cost_floor,FAIL_BENCHMARK_OR_STABILITY_RESEARCH_ONLY
Stage40_PARALLEL_THESIS_MEGASCAN,RESEARCH_STAGE_ONLY_NO_PROMOTION,NO_GO,NO_GO,NO_GO,NO_GO,VOL_COMPRESSION_EXPANSION,VOL_COMP_EXP_LONG_L120_Q0.15_M2.0,LONG,Compressed 120H range then bullish expansion,24,"{""compression_q"": 0.15, ""expansion_mult"": 2.0, ""lookback"": 120}",205,134,8.0,8.502590481085887,8.612916361476685,134,14.718944571920705,4.301597459565043,6.718944571920699,47.76119402985074,-50.90994641770207,54.92971880945885,23.88059701492537,30.597014925373134,-9.281055428079302,6.216354090834818,6.10602821044402,-1.7836459091651884,-1.8939717895559864,95,0.5876866448045978,106,3.9568957684043573,28,17.17527218523259,0.5486685256894487,"{""2022"": 10.38057811783164, ""2023"": 14.42572673365515, ""2024"": 0.5486685256894487, ""2025"": 3.9568957684043573, ""2026"": 4.3637223775849545}","{""2022"": -15.443574258592859, ""2023"": -13.485322176410142, ""2024"": 21.749104171714784, ""2025"": 17.175272185232586, ""2026"": 33.05461092676591}","{""2022"": 19, ""2023"": 37, ""2024"": 39, ""2025"": 28, ""2026"": 11}",89,-0.7671346300477883,-16.76713463004779,46.06741573033708,-45.8713286572432,45,21.524745660258386,5.524745660258386,51.11111111111111,-60.37479522115974,67,-6.973961484862348,-22.973961484862347,43.28358208955223,-43.26631006534409,67,20.41185062870375,4.41185062870375,52.23880597014925,-55.85068439118102,33,-10.811060644867753,-26.81106064486775,45.45454545454545,-44.52364953694277,34,-3.2497181825041572,-19.249718182504157,41.17647058823529,-42.55999168613633,33,15.394896199654404,-0.6051038003455957,51.515151515151516,-53.546155650917584,34,25.281247574545773,9.281247574545773,52.94117647058824,-63.98070371736286,45,21.524745660258386,5.524745660258386,51.11111111111111,-60.37479522115974,-10.811060644867753,-26.81106064486775,h1_cost_residual_floor;ex2025_floor;train_cost_floor;worst_quarter_cost_floor;worst_quarter_slip16_floor,FAIL_BENCHMARK_OR_STABILITY_RESEARCH_ONLY
Stage40_PARALLEL_THESIS_MEGASCAN,RESEARCH_STAGE_ONLY_NO_PROMOTION,NO_GO,NO_GO,NO_GO,NO_GO,VOL_COMPRESSION_EXPANSION,VOL_COMP_EXP_LONG_L72_Q0.15_M1.5,LONG,Compressed 72H range then bullish expansion,24,"{""compression_q"": 0.15, ""expansion_mult"": 1.5, ""lookback"": 72}",429,201,8.0,8.502590481085887,8.612916361476685,201,14.654022187847835,5.287000656701846,6.654022187847835,48.756218905472636,-56.467072775510104,63.41309245873505,21.890547263681594,30.34825870646766,-9.345977812152164,6.151431706761947,6.041105826371149,-1.8485682932380518,-1.9588941736288499,137,-5.005627141472662,155,0.02572862834365937,46,28.988489616611915,0.02572862834365937,"{""2022"": 10.355396497919989, ""2023"": 9.209199551400737, ""2024"": 10.680073341629797, ""2025"": 0.02572862834365937, ""2026"": 3.5393420982644437}","{""2022"": -13.643836931902683, ""2023"": -1.272242286846871, ""2024"": -3.5170544111802595, ""2025"": 28.98848961661191, ""2026"": 38.31993643194567}","{""2022"": 31, ""2023"": 49, ""2024"": 57, ""2025"": 46, ""2026"": 18}",134,-4.970563615067078,-20.97056361506708,45.52238805970149,-53.38476055732067,67,29.903193793677662,13.903193793677662,55.223880597014926,-61.678193375448444,100,-5.3485256117403335,-21.348525611740335,45.0,-51.663971113231625,101,18.537732880509385,2.5377328805093846,52.475247524752476,-61.92001928247648,50,-11.30722849905247,-27.30722849905247,40.0,-54.90313619704368,50,0.610177275571807,-15.389822724428193,50.0,-47.1460863597345,50,11.939345144412933,-4.060654855587067,52.0,-62.04664026666529,51,25.006740464917684,9.006740464917684,52.94117647058824,-61.678193375448444,67,29.903193793677662,13.903193793677662,55.223880597014926,-61.678193375448444,-11.30722849905247,-27.30722849905247,h1_cost_residual_floor;ex2025_floor;train_cost_floor;worst_quarter_cost_floor;worst_quarter_slip16_floor,FAIL_BENCHMARK_OR_STABILITY_RESEARCH_ONLY
Stage40_PARALLEL_THESIS_MEGASCAN,RESEARCH_STAGE_ONLY_NO_PROMOTION,NO_GO,NO_GO,NO_GO,NO_GO,VOLATILITY_SHOCK_REVERSAL,UPPER_WICK_SHOCK_REV_SHORT_M2.0_W1.0,SHORT,Large H1 shock with upper-wick rejection,24,"{""range_atr_mult"": 2.0, ""wick_ratio"": 1.0}",159,137,8.0,-8.502590481085887,-8.612916361476685,137,-2.5712471258500957,0.9170198891428338,-10.571247125850094,44.52554744525548,-61.30525288416733,54.870340270474216,29.1970802919708,28.467153284671532,-26.571247125850093,5.931343355235791,6.041669235626589,-2.068656644764207,-1.9583307643734091,106,-14.366968650776599,115,-7.340737540254011,22,-27.458001777829622,-16.616989969488834,"{""2022"": -10.788941753583314, ""2023"": -12.08258589429404, ""2024"": -4.626029915371229, ""2025"": -7.340737540254011, ""2026"": -16.616989969488834}","{""2022"": -9.492238970998487, ""2023"": -7.152742768655457, ""2024"": -24.491755716239638, ""2025"": -27.458001777829626, ""2026"": 75.41265109478981}","{""2022"": 23, ""2023"": 42, ""2024"": 41, ""2025"": 22, ""2026"": 9}",91,-14.93521746127066,-30.93521746127066,46.15384615384615,-53.68952767796698,46,-1.9381753753441877,-17.938175375344187,41.30434782608695,-88.65081362716465,68,-9.714151204639489,-25.71415120463949,47.05882352941176,-44.6467796449701,69,-11.415921367043154,-27.415921367043154,42.028985507246375,-86.78089108741239,34,-11.355468073488643,-27.355468073488645,52.94117647058824,-58.84087081521439,34,-8.072834335790336,-24.072834335790336,41.17647058823529,-41.70339370898945,34,-25.344327412145947,-41.344327412145944,44.11764705882353,-76.91379028793799,35,2.1145302196281266,-13.885469780371874,40.0,-111.99996883479058,46,-1.9381753753441877,-17.938175375344187,41.30434782608695,-88.65081362716465,-25.344327412145947,-41.344327412145944,h1_cost_residual_floor;ex2025_floor;loyo_floor;train_cost_floor;oos_cost_floor;worst_quarter_cost_floor;worst_quarter_slip16_floor,FAIL_BENCHMARK_OR_STABILITY_RESEARCH_ONLY
Stage40_PARALLEL_THESIS_MEGASCAN,RESEARCH_STAGE_ONLY_NO_PROMOTION,NO_GO,NO_GO,NO_GO,NO_GO,VOL_COMPRESSION_EXPANSION,VOL_COMP_EXP_LONG_L72_Q0.25_M1.5,LONG,Compressed 72H range then bullish expansion,72,"{""compression_q"": 0.25, ""expansion_mult"": 1.5, ""lookback"": 72}",618,174,8.0,25.002508867881485,23.30868059339869,174,30.85072998270292,16.895453167291574,22.850729982702916,52.87356321839081,-98.28234503415246,114.10928387260543,49.42528735632184,51.724137931034484,6.850729982702916,5.848221114821435,7.542049389304228,-2.151778885178569,-0.45795061069577514,121,-0.058411863619487255,136,2.748703860007446,38,94.7948234744551,2.748703860007446,"{""2022"": 34.75021927934664, ""2023"": 27.85100544440747, ""2024"": 26.080762561831246, ""2025"": 2.748703860007446, ""2026"": 22.6109148209518}","{""2022"": -34.266818641186966, ""2023"": 8.51660699248319, ""2024"": 13.862813240780591, ""2025"": 94.7948234744551, ""2026"": 25.39277069726469}","{""2022"": 30, ""2023"": 45, ""2024"": 46, ""2025"": 38, ""2026"": 15}",116,-0.7132123550036795,-16.71321235500368,49.137931034482754,-99.1344279591111,58,69.9786146581161,53.9786146581161,60.3448275862069,-98.28234503415246,87,-5.844821266795113,-21.844821266795112,49.42528735632184,-94.18435445832651,87,51.54628123220094,35.54628123220094,56.32183908045977,-100.18269362108923,43,-23.9023136974145,-39.9023136974145,39.53488372093023,-148.61034776330052,44,11.80227360858291,-4.19772639141709,59.09090909090909,-73.56438396404208,43,28.248268651013284,12.248268651013284,51.162790697674424,-91.26131112512704,44,74.31479352745251,58.31479352745251,61.36363636363637,-103.79804500432799,58,69.9786146581161,53.9786146581161,60.3448275862069,-98.28234503415246,-23.9023136974145,-39.9023136974145,h1_cost_residual_floor;ex2025_floor;train_cost_floor;worst_quarter_cost_floor;worst_quarter_slip16_floor,FAIL_BENCHMARK_OR_STABILITY_RESEARCH_ONLY
Stage40_PARALLEL_THESIS_MEGASCAN,RESEARCH_STAGE_ONLY_NO_PROMOTION,NO_GO,NO_GO,NO_GO,NO_GO,SESSION_TRANSITION_IMBALANCE,ASIA_COMP_LONDON_BREAKOUT_LONG_Q0.4,LONG,Asia compression then London breakout up,24,"{""asia_range_q"": 0.4, ""direction"": ""breakout_up""}",671,209,8.0,8.502590481085887,8.612916361476685,209,14.269494211512285,13.038906414302165,6.269494211512284,52.15311004784689,-52.13654508494536,58.71310916754524,18.660287081339714,26.31578947368421,-9.730505788487715,5.766903730426398,5.6565778500356,-2.233096269573603,-2.3434221499644012,144,8.961733015483585,160,8.169466490914662,49,0.06550309509635631,-0.6493057212554134,"{""2022"": 6.18803409285317, ""2023"": 10.326469165956034, ""2024"": -0.6493057212554134, ""2025"": 8.169466490914662, ""2026"": 6.703104693727242}","{""2022"": 6.648173682035738, ""2023"": -7.714121588910851, ""2024"": 23.451180711218736, ""2025"": 0.06550309509635631, ""2026"": 1.0390677697943538}","{""2022"": 37, ""2023"": 47, ""2024"": 60, ""2025"": 49, ""2026"": 16}",140,9.20612458139029,-6.79387541860971,51.42857142857142,-44.178760158798404,69,0.3111137508902478,-15.688886249109752,53.62318840579711,-63.46014016305857,104,-0.2086515253379953,-16.208651525337995,49.03846153846153,-51.78679771086936,105,12.685943322297323,-3.314056677702677,55.23809523809524,-54.65041868996545,52,3.8123262663486575,-12.187673733651343,55.769230769230774,-51.399649838800855,52,-4.2296293170246475,-20.229629317024646,42.30769230769231,-51.89096963170658,52,26.052222547417458,10.052222547417458,59.61538461538461,-35.77244415255254,53,-0.42814195517902875,-16.42814195517903,50.943396226415096,-65.78236384231384,69,0.3111137508902478,-15.688886249109752,53.62318840579711,-63.46014016305857,-4.2296293170246475,-20.229629317024646,h1_cost_residual_floor;loyo_floor,FAIL_BENCHMARK_OR_STABILITY_RESEARCH_ONLY
Stage40_PARALLEL_THESIS_MEGASCAN,RESEARCH_STAGE_ONLY_NO_PROMOTION,NO_GO,NO_GO,NO_GO,NO_GO,VOL_COMPRESSION_EXPANSION,VOL_COMP_EXP_LONG_L120_Q0.25_M2.0,LONG,Compressed 120H range then bullish expansion,24,"{""compression_q"": 0.25, ""expansion_mult"": 2.0, ""lookback"": 120}",280,176,8.0,8.502590481085887,8.612916361476685,176,14.056588040147084,4.852861553522603,6.05658804014708,48.29545454545455,-52.937828840728955,63.37266856649704,22.727272727272727,26.704545454545453,-9.94341195985292,5.553997559061196,5.443671678670398,-2.4460024409388073,-2.5563283213296053,125,0.3831174815563623,137,4.097657722523865,39,12.93795864307992,0.7820622823053469,"{""2022"": 9.24994799658698, ""2023"": 13.168697942195857, ""2024"": 0.7820622823053469, ""2025"": 4.097657722523865, ""2026"": 3.368719952894282}","{""2022"": -11.566028015762004, ""2023"": -12.376839665163018, ""2024"": 19.72729765741035, ""2025"": 12.937958643079922, ""2026"": 42.790785232602}","{""2022"": 27, ""2023"": 49, ""2024"": 49, ""2025"": 39, ""2026"": 12}",117,-0.7159456013548436,-16.715945601354843,47.863247863247864,-50.210335660658686,59,19.486866617362764,3.4868666173627645,49.152542372881356,-60.37479522115974,88,-8.24634783958858,-24.24634783958858,44.31818181818182,-46.36710628944607,88,20.359523919882744,4.359523919882744,52.27272727272727,-56.60810157064155,44,-10.289182006384095,-26.289182006384095,47.72727272727273,-46.36710628944607,44,-6.203513672793065,-22.203513672793065,40.909090909090914,-47.43793362004478,44,18.267617849777444,2.2676178497774444,54.54545454545454,-54.64694954998073,44,22.45142998998804,6.451429989988039,50.0,-62.30798574962448,59,19.486866617362764,3.4868666173627645,49.152542372881356,-60.37479522115974,-10.289182006384095,-26.289182006384095,h1_cost_residual_floor;ex2025_floor;train_cost_floor;worst_quarter_cost_floor;worst_quarter_slip16_floor,FAIL_BENCHMARK_OR_STABILITY_RESEARCH_ONLY
Stage40_PARALLEL_THESIS_MEGASCAN,RESEARCH_STAGE_ONLY_NO_PROMOTION,NO_GO,NO_GO,NO_GO,NO_GO,FAILED_CONTINUATION_AFTER_EXTREME_MOVE,FAILED_DOWN_CONT_LONG_L24_T100,LONG,"Strong 24H down move, new low attempt fails",8,"{""lookback"": 24, ""move_bps"": 100}",159,125,8.0,2.7951299583446616,1.1310753012648225,125,8.28452740360206,14.665363078838478,0.28452740360206236,57.599999999999994,-34.24428962351844,41.20024875621908,16.0,20.0,-15.715472596397937,5.489397445257399,7.153452102337239,-2.5106025547425994,-0.8465478976627601,73,-0.5218724826292425,100,-3.8790493363603016,25,16.938834363451523,-3.8790493363603016,"{""2022"": -0.3674884981359373, ""2023"": -1.3194381449762271, ""2024"": 3.4270078485112143, ""2025"": -3.8790493363603016, ""2026"": 3.9323894679015647}","{""2022"": 3.176076185222755, ""2023"": 9.232966779880952, ""2024"": -9.24428426805794, ""2025"": 16.938834363451523, ""2026"": -12.955860829781315}","{""2022"": 23, ""2023"": 19, ""2024"": 31, ""2025"": 25, ""2026"": 27}",83,2.6038788891517157,-13.396121110848284,59.036144578313255,-28.832618171332758,42,-4.298952913079394,-20.298952913079393,54.761904761904766,-60.4695140107836,62,1.9797267507684304,-14.02027324923157,59.67741935483871,-26.22713866078763,63,-1.3837640174188073,-17.38376401741881,55.55555555555556,-61.338201444559594,31,2.9462676834718344,-13.053732316528166,64.51612903225806,-18.946258525817107,31,1.01318581806503,-14.986814181934971,54.83870967741935,-31.22014181068611,31,2.4470013903460344,-13.552998609653965,54.83870967741935,-54.281211696725066,32,-5.094818006190996,-21.094818006190998,56.25,-85.37716828002029,42,-4.298952913079394,-20.298952913079393,54.761904761904766,-60.4695140107836,-5.094818006190996,-21.094818006190998,h1_cost_residual_floor;ex2025_floor;loyo_floor;oos_cost_floor,FAIL_BENCHMARK_OR_STABILITY_RESEARCH_ONLY
Stage40_PARALLEL_THESIS_MEGASCAN,RESEARCH_STAGE_ONLY_NO_PROMOTION,NO_GO,NO_GO,NO_GO,NO_GO,SESSION_TRANSITION_IMBALANCE,ASIA_COMP_LONDON_BREAKOUT_SHORT_Q0.4,SHORT,Asia compression then London breakout down,24,"{""asia_range_q"": 0.4, ""direction"": ""breakout_down""}",586,184,8.0,-8.502590481085887,-8.612916361476685,184,-3.077713380338952,0.32980826689621434,-11.077713380338952,44.565217391304344,-60.82854722828879,56.90361404697974,25.0,25.0,-27.077713380338952,5.424877100746935,5.535202981137733,-2.5751228992530653,-2.464797018862267,136,-15.578535861145708,149,-12.940517098358116,35,-3.1474918379144987,-13.159634804297276,"{""2022"": -9.765547679879361, ""2023"": -13.159634804297276, ""2024"": -6.263435068614544, ""2025"": -12.940517098358116, ""2026"": -13.03417012539663}","{""2022"": -16.29091224432706, ""2023"": -6.439046348010749, ""2024"": -27.354559100931002, ""2025"": -3.1474918379144956, ""2026"": 14.657217650804332}","{""2022"": 37, ""2023"": 57, ""2024"": 42, ""2025"": 35, ""2026"": 13}",123,-15.065985060508112,-31.065985060508112,47.96747967479675,-54.83534642168664,61,-3.0357885170470333,-19.035788517047035,37.704918032786885,-68.48246285184878,92,-10.061904718224287,-26.061904718224287,51.08695652173913,-51.09099449495336,92,-12.093522042453614,-28.093522042453614,38.04347826086957,-67.99217512007405,46,-20.75501019082265,-36.755010190822645,47.82608695652174,-59.71814769244132,46,0.6312007543740726,-15.368799245625928,54.347826086956516,-47.70939570968969,46,-28.580650707792632,-44.58065070779263,36.95652173913043,-56.24634992243749,46,4.393606622885409,-11.60639337711459,39.130434782608695,-82.69342473927966,61,-3.0357885170470333,-19.035788517047035,37.704918032786885,-68.48246285184878,-28.580650707792632,-44.58065070779263,h1_cost_residual_floor;ex2025_floor;loyo_floor;train_cost_floor;oos_cost_floor;worst_quarter_cost_floor;worst_quarter_slip16_floor,FAIL_BENCHMARK_OR_STABILITY_RESEARCH_ONLY
Stage40_PARALLEL_THESIS_MEGASCAN,RESEARCH_STAGE_ONLY_NO_PROMOTION,NO_GO,NO_GO,NO_GO,NO_GO,FAILED_CONTINUATION_AFTER_EXTREME_MOVE,FAILED_UP_CONT_SHORT_L24_T100,SHORT,"Strong 24H up move, new high attempt fails",24,"{""lookback"": 24, ""move_bps"": 100}",260,157,8.0,-8.502590481085887,-8.612916361476685,157,-3.495173987424286,-0.19780437147565166,-11.495173987424288,43.31210191082803,-68.7575168077359,57.625278055102314,33.12101910828025,30.573248407643312,-27.495173987424288,5.0074164936616015,5.1177423740523995,-2.9925835063384003,-2.8822576259476023,71,-0.2616829679847909,99,5.9801647499031265,58,-41.323769418379705,-18.72370633327863,"{""2022"": -11.180182679413559, ""2023"": -16.29383366440071, ""2024"": -13.107715758845215, ""2025"": 5.9801647499031265, ""2026"": -18.72370633327863}","{""2022"": -14.984308476158512, ""2023"": 17.951146757658314, ""2024"": -6.075241922370626, ""2025"": -41.323769418379705, ""2026"": 21.807707177404637}","{""2022"": 13, ""2023"": 22, ""2024"": 36, ""2025"": 58, ""2026"": 28}",105,-10.299907235434778,-26.29990723543478,41.904761904761905,-65.13969391718221,52,-13.908693390480035,-29.908693390480035,46.15384615384615,-71.73158795006573,78,0.1216349315371982,-15.878365068462802,46.15384615384615,-57.90913234321238,79,-22.964934692221707,-38.9649346922217,40.50632911392405,-77.99638596898583,39,2.2213858459746305,-13.77861415402537,46.15384615384615,-54.58929582727645,39,-1.9781159829002337,-17.978115982900235,46.15384615384615,-63.72917649158039,39,-46.60809618067052,-62.60809618067052,28.205128205128204,-84.50823434432931,40,0.0871477590158932,-15.912852240984106,52.5,-65.64081115591702,52,-13.908693390480035,-29.908693390480035,46.15384615384615,-71.73158795006573,-46.60809618067052,-62.60809618067052,h1_cost_residual_floor;loyo_floor;train_cost_floor;oos_cost_floor;worst_quarter_cost_floor;worst_quarter_slip16_floor,FAIL_BENCHMARK_OR_STABILITY_RESEARCH_ONLY
Stage40_PARALLEL_THESIS_MEGASCAN,RESEARCH_STAGE_ONLY_NO_PROMOTION,NO_GO,NO_GO,NO_GO,NO_GO,SESSION_TRANSITION_IMBALANCE,ASIA_COMP_LONDON_BREAKOUT_LONG_Q0.25,LONG,Asia compression then London breakout up,8,"{""asia_range_q"": 0.25, ""direction"": ""breakout_up""}",542,170,8.0,2.7951299583446616,1.1310753012648225,170,7.799985116669238,1.9861038499435768,-0.2000148833307602,47.05882352941176,-35.64872466452596,39.79486611602745,5.294117647058823,8.823529411764707,-16.20001488333076,5.004855158324577,6.668909815404415,-2.9951448416754216,-1.3310901845955827,112,0.3900729674456717,123,0.9482022206812716,47,-3.2049234746813964,-3.3878867039323217,"{""2022"": -1.1478914565229361, ""2023"": 3.1813267436805495, ""2024"": -3.3878867039323217, ""2025"": 0.9482022206812716, ""2026"": -0.6725989368308828}","{""2022"": 4.408626386327747, ""2023"": -13.242332587517241, ""2024"": 7.902492660698208, ""2025"": -3.204923474681397, ""2026"": 6.630972799080101}","{""2022"": 29, ""2023"": 35, ""2024"": 48, ""2025"": 47, ""2026"": 11}",113,0.9194993005102445,-15.080500699489756,46.902654867256636,-34.316285315401096,57,-2.419402651296262,-18.419402651296263,47.368421052631575,-44.35114778149285,85,-2.5081999601757103,-18.50819996017571,45.88235294117647,-35.171420829770426,85,2.1081701935141886,-13.891829806485811,48.23529411764706,-35.66218672278687,42,1.2282089670493386,-14.771791032950661,50.0,-41.17953820953035,43,-6.157715656535063,-22.157715656535064,41.86046511627907,-33.91807811959913,42,4.571994433877786,-11.428005566122213,52.38095238095239,-34.36556754650543,43,-0.2983558087014175,-16.298355808701416,44.18604651162791,-45.151009257854426,57,-2.419402651296262,-18.419402651296263,47.368421052631575,-44.35114778149285,-6.157715656535063,-22.157715656535064,h1_cost_residual_floor;ex2025_floor;loyo_floor;oos_cost_floor,FAIL_BENCHMARK_OR_STABILITY_RESEARCH_ONLY
Stage40_PARALLEL_THESIS_MEGASCAN,RESEARCH_STAGE_ONLY_NO_PROMOTION,NO_GO,NO_GO,NO_GO,NO_GO,VOL_COMPRESSION_EXPANSION,VOL_COMP_EXP_LONG_L72_Q0.25_M1.5,LONG,Compressed 72H range then bullish expansion,8,"{""compression_q"": 0.25, ""expansion_mult"": 1.5, ""lookback"": 72}",618,370,8.0,2.7951299583446616,1.1310753012648225,370,7.756265113723834,2.886663269092704,-0.24373488627616696,45.13513513513514,-31.632048301282744,34.17410483829153,9.18918918918919,10.27027027027027,-16.243734886276165,4.961135155379172,6.625189812459011,-3.0388648446208286,-1.3748101875409895,251,-1.5985154379280408,284,-0.5518937504976227,86,0.7739060141760824,-1.1786613607461216,"{""2022"": 1.313537227301885, ""2023"": -1.1786613607461216, ""2024"": 0.17536012282177868, ""2025"": -0.5518937504976227, ""2026"": -0.9930903789341116}","{""2022"": -8.620784876558103, ""2023"": 2.5409385914461704, ""2024"": -1.3752914108406218, ""2025"": 0.7739060141760811, ""2026"": 7.40877423571556}","{""2022"": 58, ""2023"": 93, ""2024"": 100, ""2025"": 86, ""2026"": 33}",247,-1.5428753947975098,-17.54287539479751,42.51012145748988,-29.519100922960064,123,2.3651082487219766,-13.634891751278023,50.40650406504065,-38.91566181034478,185,-2.001777496453294,-18.001777496453293,41.62162162162162,-28.70489406176624,185,1.514307723900961,-14.485692276099039,48.64864864864865,-36.656836198247774,92,-5.515850369296799,-21.5158503692968,44.565217391304344,-29.060535874315676,93,1.4745096465746899,-14.52549035342531,38.70967741935484,-27.785409549678786,92,0.40008749510960306,-15.599912504890398,48.91304347826087,-30.89621386393071,93,2.616547090017142,-13.383452909982857,48.38709677419355,-41.91109767160639,123,2.3651082487219766,-13.634891751278023,50.40650406504065,-38.91566181034478,-5.515850369296799,-21.5158503692968,h1_cost_residual_floor;ex2025_floor;loyo_floor;train_cost_floor,FAIL_BENCHMARK_OR_STABILITY_RESEARCH_ONLY
Stage40_PARALLEL_THESIS_MEGASCAN,RESEARCH_STAGE_ONLY_NO_PROMOTION,NO_GO,NO_GO,NO_GO,NO_GO,VOL_COMPRESSION_EXPANSION,VOL_COMP_EXP_SHORT_L24_Q0.15_M1.5,SHORT,Compressed 24H range then bearish expansion,4,"{""compression_q"": 0.15, ""expansion_mult"": 1.5, ""lookback"": 24}",387,307,8.0,-1.3958339209070354,-1.2296768282992119,307,3.449587521274198,2.1200236231200265,-4.550412478725802,40.390879478827365,-24.41823001746446,24.06128986227385,4.234527687296417,5.863192182410423,-20.550412478725804,4.845421442181234,4.67926434957341,-3.154578557818766,-3.32073565042659,191,-7.744356679171251,231,-4.134792440726364,76,-5.813678646855671,-7.194800385328614,"{""2022"": -4.350608315989999, ""2023"": -2.9599984086225852, ""2024"": -3.7650235684627, ""2025"": -4.134792440726364, ""2026"": -7.194800385328614}","{""2022"": -5.628522440154403, ""2023"": -9.6484521007005, ""2024"": -7.20951493204516, ""2025"": -5.813678646855671, ""2026"": 13.100876797847974}","{""2022"": 48, ""2023"": 73, ""2024"": 70, ""2025"": 76, ""2026"": 40}",205,-7.301384480381971,-23.30138448038197,37.073170731707314,-21.880601767911845,102,0.9785018383282653,-15.021498161671735,47.05882352941176,-28.964379862554956,153,-8.791019432844397,-24.791019432844397,35.947712418300654,-21.880601767911845,154,-0.3373419334001833,-16.337341933400182,44.8051948051948,-26.98605951913291,76,-8.531037003241996,-24.531037003241998,36.84210526315789,-24.040082903020732,77,-9.047625467257161,-25.047625467257163,35.064935064935064,-18.98461949186414,77,-2.9550263669642103,-18.955026366964212,42.857142857142854,-23.464113937372577,77,2.280342500163844,-13.719657499836156,46.75324675324675,-29.85811347050893,102,0.9785018383282653,-15.021498161671735,47.05882352941176,-28.964379862554956,-9.047625467257161,-25.047625467257163,h1_cost_residual_floor;ex2025_floor;loyo_floor;train_cost_floor;worst_quarter_slip16_floor,FAIL_BENCHMARK_OR_STABILITY_RESEARCH_ONLY
Stage40_PARALLEL_THESIS_MEGASCAN,RESEARCH_STAGE_ONLY_NO_PROMOTION,NO_GO,NO_GO,NO_GO,NO_GO,VOL_COMPRESSION_EXPANSION,VOL_COMP_EXP_SHORT_L24_Q0.15_M1.5,SHORT,Compressed 24H range then bearish expansion,8,"{""compression_q"": 0.15, ""expansion_mult"": 1.5, ""lookback"": 24}",387,267,8.0,-2.7951299583446616,-1.1310753012648225,267,2.027292785341186,-0.9014693951137076,-5.972707214658814,40.074906367041194,-32.71332168670593,34.49284630613558,10.112359550561797,12.734082397003746,-21.972707214658815,4.822422743685848,3.1583680866060084,-3.1775772563141524,-4.841631913393991,166,-10.679996549532618,199,-4.615534394839314,68,-9.944433555012935,-10.46624320069784,"{""2022"": -7.617759080074079, ""2023"": -2.1246578173394117, ""2024"": -4.186718858176344, ""2025"": -4.615534394839314, ""2026"": -10.46624320069784}","{""2022"": 3.095139653239965, ""2023"": -18.69609635095684, ""2024"": -11.755907607078237, ""2025"": -9.944433555012935, ""2026"": 25.890547959072446}","{""2022"": 41, ""2023"": 62, ""2024"": 63, ""2025"": 68, ""2026"": 33}",178,-10.984966797780947,-26.98496679778095,39.8876404494382,-29.636187302690686,89,4.051811951585455,-11.948188048414545,40.44943820224719,-34.9112290130682,133,-12.261527461569107,-28.26152746156911,40.6015037593985,-28.43494645079714,134,0.2691815378715514,-15.730818462128449,39.55223880597015,-34.55857402303475,66,-6.457627999605657,-22.457627999605656,43.93939393939394,-31.063724699306185,67,-17.978801558428625,-33.97880155842863,37.3134328358209,-26.226313898962683,67,-10.251522936624053,-26.251522936624053,34.32835820895522,-35.34146215625755,67,10.789886012367155,-5.210113987632845,44.776119402985074,-33.411642900471605,89,4.051811951585455,-11.948188048414545,40.44943820224719,-34.9112290130682,-17.978801558428625,-33.97880155842863,h1_cost_residual_floor;ex2025_floor;loyo_floor;train_cost_floor;worst_quarter_cost_floor;worst_quarter_slip16_floor,FAIL_BENCHMARK_OR_STABILITY_RESEARCH_ONLY
Stage40_PARALLEL_THESIS_MEGASCAN,RESEARCH_STAGE_ONLY_NO_PROMOTION,NO_GO,NO_GO,NO_GO,NO_GO,VOL_COMPRESSION_EXPANSION,VOL_COMP_EXP_LONG_L120_Q0.15_M1.5,LONG,Compressed 120H range then bullish expansion,24,"{""compression_q"": 0.15, ""expansion_mult"": 1.5, ""lookback"": 120}",429,203,8.0,8.502590481085887,8.612916361476685,203,13.222350707855602,4.184472468786726,5.222350707855601,46.79802955665024,-53.22336546372375,53.19674413174269,21.182266009852217,26.60098522167488,-10.7776492921444,4.719760226769715,4.609434346378917,-3.280239773230286,-3.390565653621084,135,-8.723258976475398,156,-1.1727612173552506,47,26.448679651108634,-1.1727612173552506,"{""2022"": 9.59738689088731, ""2023"": 12.945081479068339, ""2024"": 4.835758178126355, ""2025"": -1.1727612173552506, ""2026"": 0.3596042954831141}","{""2022"": -22.121625436092554, ""2023"": -17.794415512229424, ""2024"": 6.237156098394883, ""2025"": 26.448679651108627, ""2026"": 47.36615294841714}","{""2022"": 28, ""2023"": 51, ""2024"": 56, ""2025"": 47, ""2026"": 21}",136,-8.13140434686956,-24.13140434686956,41.911764705882355,-53.271144854367684,67,32.32848037117833,16.32848037117833,56.71641791044776,-52.32950203054032,101,-19.37922016006137,-35.379220160061365,37.62376237623762,-56.34751631337753,102,29.582729704518478,13.582729704518478,55.88235294117647,-51.97248790312858,50,-17.591980212783998,-33.591980212783994,38.0,-55.71045954972209,51,-21.13141618680388,-37.131416186803875,37.254901960784316,-57.01736507418897,51,25.430526266222625,9.430526266222625,54.90196078431373,-45.943484979578116,51,33.734933142814334,17.734933142814334,56.86274509803921,-60.37479522115974,67,32.32848037117833,16.32848037117833,56.71641791044776,-52.32950203054032,-21.13141618680388,-37.131416186803875,h1_cost_residual_floor;ex2025_floor;loyo_floor;train_cost_floor;worst_quarter_cost_floor;worst_quarter_slip16_floor,FAIL_BENCHMARK_OR_STABILITY_RESEARCH_ONLY
Stage40_PARALLEL_THESIS_MEGASCAN,RESEARCH_STAGE_ONLY_NO_PROMOTION,NO_GO,NO_GO,NO_GO,NO_GO,VOLATILITY_SHOCK_REVERSAL,UPPER_WICK_SHOCK_REV_SHORT_M2.0_W1.5,SHORT,Large H1 shock with upper-wick rejection,4,"{""range_atr_mult"": 2.0, ""wick_ratio"": 1.5}",111,101,8.0,-1.3958339209070354,-1.2296768282992119,101,3.2433939277446497,6.418704962086741,-4.756606072255349,47.524752475247524,-26.709259031736376,29.869023092642387,9.900990099009901,11.881188118811881,-20.756606072255348,4.639227848651685,4.473070756043862,-3.3607721513483133,-3.526929243956137,80,-5.579579565589471,89,-6.927984645464789,12,11.347785012381324,-6.927984645464789,"{""2022"": -5.439557695041828, ""2023"": -4.132481369213972, ""2024"": -3.6261968961856095, ""2025"": -6.927984645464789, ""2026"": -3.3716624467237146}","{""2022"": -1.3820215831927487, ""2023"": -5.986498869425129, ""2024"": -7.563139199049194, ""2025"": 11.347785012381324, ""2026"": -18.913807577689834}","{""2022"": 17, ""2023"": 34, ""2024"": 29, ""2025"": 12, ""2026"": 9}",67,-7.447381505591293,-23.447381505591295,49.25373134328358,-25.660332494501503,34,0.5458043404948938,-15.454195659505107,44.11764705882353,-44.491314305099564,50,-5.059977713572665,-21.059977713572664,50.0,-25.26913839823175,51,-4.459182894493276,-20.459182894493274,45.09803921568628,-32.26691225495904,25,-3.062785125244708,-19.06278512524471,56.00000000000001,-24.877944301961996,25,-7.05717030190062,-23.05717030190062,44.0,-25.660332494501503,25,-14.767680280540398,-30.767680280540397,44.0,-26.908812384101033,26,5.452833822859726,-10.547166177140273,46.15384615384615,-41.95066179961793,34,0.5458043404948938,-15.454195659505107,44.11764705882353,-44.491314305099564,-14.767680280540398,-30.767680280540397,h1_cost_residual_floor;ex2025_floor;loyo_floor;train_cost_floor;worst_quarter_cost_floor;worst_quarter_slip16_floor,FAIL_BENCHMARK_OR_STABILITY_RESEARCH_ONLY
Stage40_PARALLEL_THESIS_MEGASCAN,RESEARCH_STAGE_ONLY_NO_PROMOTION,NO_GO,NO_GO,NO_GO,NO_GO,VOL_COMPRESSION_EXPANSION,VOL_COMP_EXP_LONG_L120_Q0.15_M1.5,LONG,Compressed 120H range then bullish expansion,8,"{""compression_q"": 0.15, ""expansion_mult"": 1.5, ""lookback"": 120}",429,269,8.0,2.7951299583446616,1.1310753012648225,269,7.432566347669484,3.3331397961822162,-0.5674336523305145,43.49442379182156,-31.930485762143856,32.027519943063076,8.550185873605948,10.037174721189592,-16.567433652330514,4.637436389324822,6.301491046404662,-3.362563610675176,-1.6985089535953368,174,-6.436592623363265,204,-2.1967277152833167,65,4.546043099090585,-3.4496833264615896,"{""2022"": 2.2170039394380696, ""2023"": 1.4082264484525582, ""2024"": -0.7454041610093526, ""2025"": -2.1967277152833167, ""2026"": -3.4496833264615896}","{""2022"": -18.588932510166078, ""2023"": -7.027528585049767, ""2024"": -0.10708326988125463, ""2025"": 4.546043099090585, ""2026"": 22.39448875158039}","{""2022"": 36, ""2023"": 63, ""2024"": 75, ""2025"": 65, ""2026"": 30}",180,-6.786216960119459,-22.78621696011946,39.44444444444444,-31.722954392395252,89,12.009880902748243,-3.990119097251757,51.68539325842697,-32.98251239707395,134,-11.3816703362764,-27.3816703362764,35.07462686567165,-31.722954392395252,135,10.166697574697253,-5.8333024253027475,51.85185185185185,-32.98251239707395,67,-11.406186558316962,-27.40618655831696,41.7910447761194,-28.850457562864527,67,-11.357154114235836,-27.357154114235836,28.35820895522388,-32.04589075068598,67,6.6539658976691225,-9.346034102330878,52.23880597014925,-35.72865240446199,68,13.627771432945556,-2.372228567054444,51.470588235294116,-31.504127350529544,89,12.009880902748243,-3.990119097251757,51.68539325842697,-32.98251239707395,-11.406186558316962,-27.40618655831696,h1_cost_residual_floor;ex2025_floor;loyo_floor;train_cost_floor;worst_quarter_cost_floor;worst_quarter_slip16_floor,FAIL_BENCHMARK_OR_STABILITY_RESEARCH_ONLY
Stage40_PARALLEL_THESIS_MEGASCAN,RESEARCH_STAGE_ONLY_NO_PROMOTION,NO_GO,NO_GO,NO_GO,NO_GO,VOL_COMPRESSION_EXPANSION,VOL_COMP_EXP_LONG_L72_Q0.25_M2.0,LONG,Compressed 72H range then bullish expansion,4,"{""compression_q"": 0.25, ""expansion_mult"": 2.0, ""lookback"": 72}",285,228,8.0,1.3958339209070354,1.2296768282992119,228,5.806186705747571,4.740684457613664,-2.1938132942524295,48.24561403508772,-26.683046072095706,29.291938577016285,7.894736842105263,6.578947368421052,-18.19381329425243,4.410352784840535,4.576509877448359,-3.5896472151594647,-3.4234901225516414,168,-5.625355866292133,184,-4.5884293091044865,44,7.820035495128906,-4.5884293091044865,"{""2022"": -0.22141288918235583, ""2023"": -1.7984638670048487, ""2024"": -1.3157360269564615, ""2025"": -4.5884293091044865, ""2026"": -2.834802942223616}","{""2022"": -10.928729373848466, ""2023"": -3.2523295026894967, ""2024"": -4.443886291698344, ""2025"": 7.820035495128908, ""2026"": 6.299299541365787}","{""2022"": 42, ""2023"": 62, ""2024"": 64, ""2025"": 44, ""2026"": 16}",152,-6.007676580853606,-22.007676580853605,46.05263157894737,-25.03876364797375,76,5.433913278949928,-10.566086721050073,52.63157894736842,-28.549245912141142,114,-7.546157532798684,-23.546157532798684,43.859649122807014,-25.25488507837903,114,3.1585309442938243,-12.841469055706176,52.63157894736842,-27.071385010079,57,-9.709119523367864,-25.709119523367864,42.10526315789473,-28.952289040352632,57,-5.383195542229503,-21.3831955422295,45.614035087719294,-23.03325223033226,57,-0.594796546467229,-16.59479654646723,52.63157894736842,-23.454103621415314,57,6.911858435054878,-9.088141564945122,52.63157894736842,-28.796605031828904,76,5.433913278949928,-10.566086721050073,52.63157894736842,-28.549245912141142,-9.709119523367864,-25.709119523367864,h1_cost_residual_floor;ex2025_floor;loyo_floor;train_cost_floor;worst_quarter_slip16_floor,FAIL_BENCHMARK_OR_STABILITY_RESEARCH_ONLY
Stage40_PARALLEL_THESIS_MEGASCAN,RESEARCH_STAGE_ONLY_NO_PROMOTION,NO_GO,NO_GO,NO_GO,NO_GO,VOL_COMPRESSION_EXPANSION,VOL_COMP_EXP_LONG_L24_Q0.25_M1.5,LONG,Compressed 24H range then bullish expansion,24,"{""compression_q"": 0.25, ""expansion_mult"": 1.5, ""lookback"": 24}",622,322,8.0,8.502590481085887,8.612916361476685,322,12.83528839654832,3.626956786950686,4.835288396548319,48.13664596273292,-56.62206239444634,63.59591820970234,22.981366459627328,27.32919254658385,-11.164711603451682,4.3326979154624325,4.2223720350716345,-3.6673020845375683,-3.7776279649283664,218,-2.861933591215113,249,1.0970687894330604,73,17.586201850955156,1.0970687894330604,"{""2022"": 7.0775537121823895, ""2023"": 10.145339413501564, ""2024"": 3.987170398354789, ""2025"": 1.0970687894330604, ""2026"": 2.267667395995986}","{""2022"": -7.362634920501035, ""2023"": -10.455099471545969, ""2024"": 7.200040932687916, ""2025"": 17.58620185095516, ""2026"": 28.93779520818472}","{""2022"": 50, ""2023"": 83, ""2024"": 85, ""2025"": 73, ""2026"": 31}",215,-3.066142961054293,-19.066142961054293,46.04651162790698,-52.24124259527008,107,20.71199626462833,4.711996264628329,52.336448598130836,-67.08419764905993,161,-8.250246933076005,-24.250246933076006,42.857142857142854,-56.76399278384814,161,17.920823726172642,1.9208237261726424,53.41614906832298,-56.48013200504454,80,-8.175188475874304,-24.175188475874304,41.25,-47.27847671411433,81,-8.324378742657931,-24.32437874265793,44.44444444444444,-58.937913792305174,80,14.494976042573597,-1.5050239574264026,55.00000000000001,-50.711938470128224,81,21.304376993924787,5.304376993924787,51.85185185185185,-70.4825472787185,107,20.71199626462833,4.711996264628329,52.336448598130836,-67.08419764905993,-8.324378742657931,-24.32437874265793,h1_cost_residual_floor;ex2025_floor;train_cost_floor,FAIL_BENCHMARK_OR_STABILITY_RESEARCH_ONLY
Stage40_PARALLEL_THESIS_MEGASCAN,RESEARCH_STAGE_ONLY_NO_PROMOTION,NO_GO,NO_GO,NO_GO,NO_GO,VOL_COMPRESSION_EXPANSION,VOL_COMP_EXP_LONG_L72_Q0.25_M1.5,LONG,Compressed 72H range then bullish expansion,24,"{""compression_q"": 0.25, ""expansion_mult"": 1.5, ""lookback"": 72}",618,280,8.0,8.502590481085887,8.612916361476685,280,12.811926995784525,4.2915171489055215,4.811926995784522,47.5,-56.124753559582686,61.19769267718844,23.92857142857143,27.857142857142858,-11.188073004215479,4.3093365146986375,4.1990106343078395,-3.690663485301365,-3.800989365692163,196,-3.6781190261318213,218,0.2198965346540252,62,20.958098617178855,0.2198965346540252,"{""2022"": 8.893029513180341, ""2023"": 8.105184766967888, ""2024"": 4.962220772064952, ""2025"": 0.2198965346540252, ""2026"": 2.2422123455164806}","{""2022"": -15.948464070968114, ""2023"": -4.355790583455663, ""2024"": 4.40850685945284, ""2025"": 20.958098617178855, ""2026"": 34.94767153074611}","{""2022"": 46, ""2023"": 74, ""2024"": 76, ""2025"": 62, ""2026"": 22}",187,-3.483665102378709,-19.48366510237871,45.98930481283423,-53.546155650917584,93,21.492311107145,5.4923111071449995,50.53763440860215,-61.678193375448444,140,-7.4546774022296844,-23.454677402229684,42.142857142857146,-51.92746506833157,140,17.07853139379873,1.0785313937987304,52.85714285714286,-60.52053816771541,70,-9.556346221711733,-25.556346221711735,37.142857142857146,-58.21518591622554,70,-5.353008582747635,-21.353008582747634,47.14285714285714,-47.01909485258338,70,9.641825600608485,-6.358174399391515,55.714285714285715,-56.01703408243786,70,24.515237186988983,8.515237186988983,50.0,-62.86822190270658,93,21.492311107145,5.4923111071449995,50.53763440860215,-61.678193375448444,-9.556346221711733,-25.556346221711735,h1_cost_residual_floor;ex2025_floor;train_cost_floor;worst_quarter_slip16_floor,FAIL_BENCHMARK_OR_STABILITY_RESEARCH_ONLY
Stage40_PARALLEL_THESIS_MEGASCAN,RESEARCH_STAGE_ONLY_NO_PROMOTION,NO_GO,NO_GO,NO_GO,NO_GO,VOL_COMPRESSION_EXPANSION,VOL_COMP_EXP_LONG_L72_Q0.15_M1.5,LONG,Compressed 72H range then bullish expansion,8,"{""compression_q"": 0.15, ""expansion_mult"": 1.5, ""lookback"": 72}",429,268,8.0,2.7951299583446616,1.1310753012648225,268,6.841430741144826,4.296066648572516,-1.1585692588551733,46.26865671641791,-30.673540314491987,33.014692546108336,8.955223880597014,9.328358208955224,-17.158569258855174,4.046300782800165,5.710355439880004,-3.953699217199835,-2.2896445601199957,179,-4.222676406452048,205,-3.408937005271848,63,6.164055947738775,-3.408937005271848,"{""2022"": 0.5031112393688887, ""2023"": 0.022435079305191775, ""2024"": -1.536141464574549, ""2025"": -3.408937005271848, ""2026"": -1.518692363832124}","{""2022"": -10.630148098732326, ""2023"": -5.0015198830277905, ""2024"": -0.20470263387990653, ""2025"": 6.164055947738771, ""2026"": 2.19334579516106}","{""2022"": 40, ""2023"": 63, ""2024"": 76, ""2025"": 63, ""2026"": 26}",179,-4.222676406452048,-20.22267640645205,43.01675977653631,-28.85799951622081,89,5.004073206536294,-10.995926793463706,52.80898876404494,-36.225263775161444,134,-7.124952435998829,-23.12495243599883,41.04477611940299,-30.105209585866156,134,4.807813918288486,-11.192186081711515,51.49253731343284,-31.1465022202978,67,-8.872404016424598,-24.872404016424596,47.76119402985074,-28.85799951622081,67,-5.377500855573063,-21.37750085557306,34.32835820895522,-33.620541368903915,67,3.4179222474644337,-12.582077752535566,52.23880597014925,-26.8876727928391,67,6.197705589112532,-9.802294410887468,50.74626865671642,-36.225263775161444,89,5.004073206536294,-10.995926793463706,52.80898876404494,-36.225263775161444,-8.872404016424598,-24.872404016424596,h1_cost_residual_floor;ex2025_floor;loyo_floor;train_cost_floor,FAIL_BENCHMARK_OR_STABILITY_RESEARCH_ONLY
Stage40_PARALLEL_THESIS_MEGASCAN,RESEARCH_STAGE_ONLY_NO_PROMOTION,NO_GO,NO_GO,NO_GO,NO_GO,VOL_COMPRESSION_EXPANSION,VOL_COMP_EXP_SHORT_L24_Q0.25_M2.0,SHORT,Compressed 24H range then bearish expansion,72,"{""compression_q"": 0.25, ""expansion_mult"": 2.0, ""lookback"": 24}",274,149,8.0,-25.002508867881485,-23.30868059339869,149,-21.113921098414476,-17.509066426901754,-29.113921098414473,42.281879194630875,-114.93028144115681,88.85775385296112,53.02013422818792,46.308724832214764,-45.11392109841447,3.8885877694670086,2.194759494984215,-4.111412230532988,-5.805240505015782,98,-25.90095589616105,115,-18.51044920674884,34,-64.97860543787178,-37.781246313316466,"{""2022"": -37.781246313316466, ""2023"": -32.8338577561055, ""2024"": -17.81903898209118, ""2025"": -18.51044920674884, ""2026"": -35.96641108114715}","{""2022"": 26.79032653770337, ""2023"": -17.853572296755154, ""2024"": -58.86629350238803, ""2025"": -64.97860543787178, ""2026"": 24.093648179274478}","{""2022"": 20, ""2023"": 37, ""2024"": 41, ""2025"": 34, ""2026"": 17}",99,-27.321648723414285,-43.321648723414285,42.42424242424242,-96.48933706994933,50,-32.66262040091487,-48.66262040091487,42.0,-160.44232439882956,74,-10.866853590731058,-26.866853590731058,45.94594594594595,-93.34979205437466,75,-47.11769437266212,-63.11769437266212,38.666666666666664,-131.79684817033578,37,17.270886017298892,1.270886017298892,51.35135135135135,-68.85723257872067,37,-39.004593198761015,-55.004593198761015,40.54054054054054,-120.29735840541011,37,-77.29605844994282,-93.29605844994282,35.13513513513514,-116.43228997904487,38,-17.733497771099326,-33.73349777109932,42.10526315789473,-160.44232439882956,50,-32.66262040091487,-48.66262040091487,42.0,-160.44232439882956,-77.29605844994282,-93.29605844994282,h1_cost_residual_floor;ex2025_floor;loyo_floor;train_cost_floor;oos_cost_floor;worst_quarter_cost_floor;worst_quarter_slip16_floor,FAIL_BENCHMARK_OR_STABILITY_RESEARCH_ONLY
Stage40_PARALLEL_THESIS_MEGASCAN,RESEARCH_STAGE_ONLY_NO_PROMOTION,NO_GO,NO_GO,NO_GO,NO_GO,SESSION_TRANSITION_IMBALANCE,ASIA_COMP_LONDON_BREAKOUT_SHORT_Q0.25,SHORT,Asia compression then London breakout down,8,"{""asia_range_q"": 0.25, ""direction"": ""breakout_down""}",489,161,8.0,-2.7951299583446616,-1.1310753012648225,161,1.0622474102604675,-3.4300952128041295,-6.937752589739533,39.130434782608695,-42.68270934144836,36.01841586746812,7.453416149068323,11.801242236024844,-22.93775258973953,3.857377368605129,2.19332271152529,-4.142622631394872,-5.806677288474711,119,-7.804635681677296,131,-6.103629864988173,30,-10.580088487820467,-9.881768854498915,"{""2022"": -6.156777792176538, ""2023"": -9.881768854498915, ""2024"": -4.20711720949286, ""2025"": -6.103629864988173, ""2026"": -8.36345168291418}","{""2022"": -9.966988168165692, ""2023"": -0.007047633118486181, ""2024"": -15.776388162643238, ""2025"": -10.580088487820467, ""2026"": 10.764677817178958}","{""2022"": 33, ""2023"": 48, ""2024"": 38, ""2025"": 30, ""2026"": 12}",107,-8.20227520947306,-24.202275209473058,41.1214953271028,-33.23658833442656,54,-4.4321244358231,-20.4321244358231,35.18518518518518,-48.037144059474016,80,-3.963568461258899,-19.963568461258898,42.5,-32.095744967505226,81,-9.875218395646332,-25.875218395646332,35.80246913580247,-48.03956035822621,40,-7.75281829366791,-23.75281829366791,40.0,-33.97597015014075,40,-0.17431862884988797,-16.17431862884989,45.0,-30.000451437830478,40,-16.21258678445891,-32.21258678445891,37.5,-46.579769487778975,41,-3.692419967536498,-19.692419967536498,34.146341463414636,-48.10616533038381,54,-4.4321244358231,-20.4321244358231,35.18518518518518,-48.037144059474016,-16.21258678445891,-32.21258678445891,h1_cost_residual_floor;ex2025_floor;loyo_floor;train_cost_floor;oos_cost_floor;worst_quarter_cost_floor;worst_quarter_slip16_floor,FAIL_BENCHMARK_OR_STABILITY_RESEARCH_ONLY
Stage40_PARALLEL_THESIS_MEGASCAN,RESEARCH_STAGE_ONLY_NO_PROMOTION,NO_GO,NO_GO,NO_GO,NO_GO,VOL_COMPRESSION_EXPANSION,VOL_COMP_EXP_LONG_L24_Q0.25_M1.5,LONG,Compressed 24H range then bullish expansion,8,"{""compression_q"": 0.25, ""expansion_mult"": 1.5, ""lookback"": 24}",622,419,8.0,2.7951299583446616,1.1310753012648225,419,6.414731177354136,1.3473995189294818,-1.5852688226458638,42.959427207637226,-30.784508440913072,34.13223316249603,8.353221957040573,11.217183770883054,-17.585268822645865,3.619601219009474,5.283655876089313,-4.380398780990525,-2.7163441239106865,281,-5.545963679055114,322,-3.4796943280125885,97,4.703442648777692,-3.4796943280125885,"{""2022"": -0.6259121301335423, ""2023"": 1.1624092064128448, ""2024"": -1.8502502362850042, ""2025"": -3.4796943280125885, ""2026"": -2.915825018209129}","{""2022"": -6.906700476425153, ""2023"": -9.497563887805663, ""2024"": -0.8316519581675753, ""2025"": 4.703442648777692, ""2026"": 10.681810248644723}","{""2022"": 64, ""2023"": 108, ""2024"": 109, ""2025"": 97, ""2026"": 41}",280,-5.558520495550362,-21.55852049555036,38.92857142857143,-30.416067473193475,139,6.4184036119819,-9.581596388018099,51.07913669064749,-31.638368844801867,209,-8.160304916382314,-24.160304916382316,33.97129186602871,-30.480585324387242,210,4.958457575406125,-11.041542424593874,51.90476190476191,-31.499033063844273,104,-6.020431852243044,-22.020431852243043,37.5,-31.201444145206317,105,-10.279798237053592,-26.27979823705359,30.476190476190478,-30.39513677811523,105,-0.4826004100341669,-16.482600410034166,52.38095238095239,-22.75914997221351,105,10.39951556084642,-5.600484439153581,51.42857142857142,-35.716583093130524,139,6.4184036119819,-9.581596388018099,51.07913669064749,-31.638368844801867,-10.279798237053592,-26.27979823705359,h1_cost_residual_floor;ex2025_floor;loyo_floor;train_cost_floor;worst_quarter_cost_floor;worst_quarter_slip16_floor,FAIL_BENCHMARK_OR_STABILITY_RESEARCH_ONLY
Stage40_PARALLEL_THESIS_MEGASCAN,RESEARCH_STAGE_ONLY_NO_PROMOTION,NO_GO,NO_GO,NO_GO,NO_GO,VOL_COMPRESSION_EXPANSION,VOL_COMP_EXP_LONG_L24_Q0.15_M1.5,LONG,Compressed 24H range then bullish expansion,8,"{""compression_q"": 0.15, ""expansion_mult"": 1.5, ""lookback"": 24}",400,284,8.0,2.7951299583446616,1.1310753012648225,284,6.384006175312323,1.927274876754037,-1.6159938246876768,43.309859154929576,-28.961564545667564,34.283041492220164,8.098591549295776,9.859154929577464,-17.615993824687678,3.5888762169676616,5.2529308740475,-4.411123783032338,-2.7470691259524993,199,-7.253085612614346,227,-4.549632745518088,57,10.067094509145706,-4.549632745518088,"{""2022"": -0.2407729921389919, ""2023"": 0.008515875101422491, ""2024"": 0.5885056981502276, ""2025"": -4.549632745518088, ""2026"": -3.396639257378709}","{""2022"": -8.550618022858718, ""2023"": -6.142960854766637, ""2024"": -7.542375658810358, ""2025"": 10.067094509145708, ""2026"": 14.66419298848747}","{""2022"": 47, ""2023"": 75, ""2024"": 77, ""2025"": 57, ""2026"": 28}",190,-8.091425949138754,-24.091425949138753,37.89473684210527,-29.599207498311465,94,11.472645575798545,-4.527354424201455,54.25531914893617,-27.395694995997477,142,-8.504392468447081,-24.50439246844708,36.61971830985916,-28.57604414073456,142,5.272404819071723,-10.727595180928276,50.0,-30.44575679993333,71,-6.366147973090607,-22.366147973090605,40.845070422535215,-30.328450667870264,71,-10.642636963803556,-26.642636963803554,32.3943661971831,-23.884387471277968,71,-3.7511925915430213,-19.75119259154302,46.478873239436616,-30.235751219654937,71,14.296002229686474,-1.703997770313526,53.52112676056338,-30.655762380211726,94,11.472645575798545,-4.527354424201455,54.25531914893617,-27.395694995997477,-10.642636963803556,-26.642636963803554,h1_cost_residual_floor;ex2025_floor;loyo_floor;train_cost_floor;worst_quarter_cost_floor;worst_quarter_slip16_floor,FAIL_BENCHMARK_OR_STABILITY_RESEARCH_ONLY
Stage40_PARALLEL_THESIS_MEGASCAN,RESEARCH_STAGE_ONLY_NO_PROMOTION,NO_GO,NO_GO,NO_GO,NO_GO,VOL_COMPRESSION_EXPANSION,VOL_COMP_EXP_SHORT_L72_Q0.15_M1.5,SHORT,Compressed 72H range then bearish expansion,4,"{""compression_q"": 0.15, ""expansion_mult"": 1.5, ""lookback"": 72}",419,296,8.0,-1.3958339209070354,-1.2296768282992119,296,1.9453253794761347,-0.3373268613759972,-6.054674620523865,39.52702702702703,-26.03290210545839,26.07176369210984,4.054054054054054,6.418918918918918,-22.054674620523866,3.34115930038317,3.1750022077753464,-4.658840699616829,-4.824997792224653,194,-7.6269613971669665,230,-6.617414626101908,66,-4.093610964721596,-6.950606329486741,"{""2022"": -6.328939805076582, ""2023"": -6.950606329486741, ""2024"": -3.3851420862569377, ""2025"": -6.617414626101908, ""2026"": -6.730033979700065}","{""2022"": -4.483883108994667, ""2023"": -3.1620951030151527, ""2024"": -13.26241246304457, ""2025"": -4.093610964721595, ""2026"": -1.1770792486957562}","{""2022"": 44, ""2023"": 70, ""2024"": 80, ""2025"": 66, ""2026"": 36}",198,-8.089059567664657,-24.089059567664656,37.37373737373738,-23.8228760661785,98,-1.944386666096548,-17.94438666609655,43.87755102040816,-32.65324588074603,148,-5.170507766631359,-21.17050776663136,42.567567567567565,-20.421053520622845,148,-6.938841474416371,-22.93884147441637,36.486486486486484,-31.955052568449773,74,-3.1781548854779995,-19.178154885478,47.2972972972973,-25.061212517818454,74,-7.162860647784719,-23.16286064778472,37.83783783783784,-17.815222548155376,74,-6.9509604087868455,-22.950960408786845,31.08108108108108,-30.165086702170775,74,-6.926722540045896,-22.926722540045894,41.891891891891895,-33.43759153134673,98,-1.944386666096548,-17.94438666609655,43.87755102040816,-32.65324588074603,-7.162860647784719,-23.16286064778472,h1_cost_residual_floor;ex2025_floor;loyo_floor;train_cost_floor;oos_cost_floor,FAIL_BENCHMARK_OR_STABILITY_RESEARCH_ONLY
Stage40_PARALLEL_THESIS_MEGASCAN,RESEARCH_STAGE_ONLY_NO_PROMOTION,NO_GO,NO_GO,NO_GO,NO_GO,VOL_COMPRESSION_EXPANSION,VOL_COMP_EXP_LONG_L120_Q0.25_M1.5,LONG,Compressed 120H range then bullish expansion,24,"{""compression_q"": 0.25, ""expansion_mult"": 1.5, ""lookback"": 120}",609,273,8.0,8.502590481085887,8.612916361476685,273,11.793341387394582,4.123934036692756,3.7933413873945825,47.25274725274725,-56.18338377369469,55.163781369484965,22.344322344322347,25.64102564102564,-12.206658612605418,3.290750906308695,3.1804250259178968,-4.709249093691305,-4.819574974082103,183,-6.9311160237943055,208,-2.0275757943677215,65,22.420276369033957,-2.0275757943677215,"{""2022"": 8.058575074567454, ""2023"": 9.28136579522162, ""2024"": 3.091712213437238, ""2025"": -2.0275757943677215, ""2026"": 0.7617892404550382}","{""2022"": -20.341639476607973, ""2023"": -12.121929395303821, ""2024"": 5.7520561646921795, ""2025"": 22.42027636903396, ""2026"": 33.86633868503487}","{""2022"": 41, ""2023"": 70, ""2024"": 72, ""2025"": 65, ""2026"": 25}",182,-7.550316307041645,-23.550316307041644,43.956043956043956,-53.4325399479646,91,26.480656776267036,10.480656776267036,53.84615384615385,-63.73351447459763,136,-16.77434912570719,-32.77434912570719,39.705882352941174,-58.13893049632646,137,24.210902772663495,8.210902772663495,54.74452554744526,-53.546155650917584,68,-17.26710018735443,-33.26710018735443,39.705882352941174,-60.25092716081704,68,-16.281598064059942,-32.28159806405994,39.705882352941174,-56.754552670412735,68,20.046384809878766,4.0463848098787665,55.88235294117647,-46.1717189215588,69,28.31506540265424,12.315065402654241,53.62318840579711,-64.4910568465784,91,26.480656776267036,10.480656776267036,53.84615384615385,-63.73351447459763,-17.26710018735443,-33.26710018735443,h1_cost_residual_floor;ex2025_floor;loyo_floor;train_cost_floor;worst_quarter_cost_floor;worst_quarter_slip16_floor,FAIL_BENCHMARK_OR_STABILITY_RESEARCH_ONLY
Stage40_PARALLEL_THESIS_MEGASCAN,RESEARCH_STAGE_ONLY_NO_PROMOTION,NO_GO,NO_GO,NO_GO,NO_GO,VOL_COMPRESSION_EXPANSION,VOL_COMP_EXP_LONG_L24_Q0.15_M1.5,LONG,Compressed 24H range then bullish expansion,4,"{""compression_q"": 0.15, ""expansion_mult"": 1.5, ""lookback"": 24}",400,322,8.0,1.3958339209070354,1.2296768282992119,322,4.584965098671176,2.3073165674158957,-3.415034901328825,41.92546583850932,-22.257354457590473,24.26873888458303,5.279503105590062,4.658385093167702,-19.415034901328823,3.18913117776414,3.3552882703719638,-4.81086882223586,-4.644711729628037,228,-6.399309458867101,256,-5.086495294148639,66,3.0682054102147003,-5.086495294148639,"{""2022"": -3.260083612677564, ""2023"": -2.0890980637616656, ""2024"": -2.022864561214725, ""2025"": -5.086495294148639, ""2026"": -4.273948978052819}","{""2022"": -4.184052407968414, ""2023"": -6.886307745746215, ""2024"": -7.2967333790587245, ""2025"": 3.0682054102147003, ""2026"": 5.6035629042731205}","{""2022"": 54, ""2023"": 89, ""2024"": 85, ""2025"": 66, ""2026"": 28}",215,-6.936140727676266,-22.936140727676268,40.0,-21.446969941909533,107,3.6600842824534205,-12.33991571754658,45.794392523364486,-23.55646097487174,161,-6.48185578048685,-22.48185578048685,37.88819875776397,-21.432928969006284,161,-0.34821402217079894,-16.348214022170797,45.962732919254655,-23.010970775328985,80,-4.273750895488296,-20.273750895488295,38.75,-22.45748564760619,81,-8.66270011134962,-24.662700111349622,37.03703703703704,-18.221005174765548,80,-4.436054619740803,-20.4360546197408,48.75,-19.24086009875481,81,3.68915940752797,-12.31084059247203,43.20987654320987,-26.682619264660758,107,3.6600842824534205,-12.33991571754658,45.794392523364486,-23.55646097487174,-8.66270011134962,-24.662700111349622,h1_cost_residual_floor;ex2025_floor;loyo_floor;train_cost_floor,FAIL_BENCHMARK_OR_STABILITY_RESEARCH_ONLY
Stage40_PARALLEL_THESIS_MEGASCAN,RESEARCH_STAGE_ONLY_NO_PROMOTION,NO_GO,NO_GO,NO_GO,NO_GO,PULLBACK_CONTINUATION_AFTER_TREND,UPTREND_PULLBACK_CONT_LONG_TL120_T150,LONG,Uptrend 120H then controlled pullback continuation,24,"{""mean_lookback"": 24, ""trend_bps"": 150, ""trend_lookback"": 120}",997,238,8.0,8.502590481085887,8.612916361476685,238,11.547533364181975,7.26735621868313,3.5475333641819757,48.739495798319325,-53.91995318069165,67.76266581781988,29.411764705882355,30.252100840336134,-12.452466635818023,3.0449428830960876,2.9346170027052896,-4.9550571169039115,-5.0653829972947095,125,5.79800388355073,158,5.023547764339423,80,0.6324049238710202,0.6492041476706187,"{""2022"": 4.641598780439814, ""2023"": 0.6492041476706187, ""2024"": 3.678504432218733, ""2025"": 5.023547764339423, ""2026"": 3.782160387090354}","{""2022"": -7.194199813622253, ""2023"": 14.174740491390287, ""2024"": 3.0790599285120384, ""2025"": 0.6324049238710181, ""2026"": 2.0900018582359947}","{""2022"": 22, ""2023"": 51, ""2024"": 52, ""2025"": 80, ""2026"": 33}",159,4.120547253118068,-11.879452746881931,49.685534591194966,-48.86604418220419,79,2.3942522459435125,-13.605747754056488,46.835443037974684,-63.75132634069081,119,9.456576804361703,-6.543423195638297,52.94117647058824,-42.03047742995292,119,-2.3615100759977476,-18.36151007599775,44.537815126050425,-63.75132634069081,59,7.113619922306864,-8.886380077693136,52.54237288135594,-39.51852464174621,60,11.760484405048963,-4.239515594951037,53.333333333333336,-44.723355519371566,59,-2.516911834248193,-18.516911834248194,44.06779661016949,-62.35867133650319,60,-2.208698347051482,-18.20869834705148,45.0,-64.68291558045348,79,2.3942522459435125,-13.605747754056488,46.835443037974684,-63.75132634069081,-2.516911834248193,-18.516911834248194,h1_cost_residual_floor,FAIL_BENCHMARK_OR_STABILITY_RESEARCH_ONLY
Stage40_PARALLEL_THESIS_MEGASCAN,RESEARCH_STAGE_ONLY_NO_PROMOTION,NO_GO,NO_GO,NO_GO,NO_GO,VOL_COMPRESSION_EXPANSION,VOL_COMP_EXP_LONG_L72_Q0.15_M2.0,LONG,Compressed 72H range then bullish expansion,4,"{""compression_q"": 0.15, ""expansion_mult"": 2.0, ""lookback"": 72}",198,166,8.0,1.3958339209070354,1.2296768282992119,166,4.385251317382562,2.554559709478932,-3.614748682617436,46.3855421686747,-26.948805781457644,28.48492496727917,7.228915662650602,5.421686746987952,-19.614748682617435,2.9894173964755266,3.1555744890833504,-5.010582603524472,-4.844425510916648,119,-8.594101802399935,130,-7.813896303639527,36,11.548839948851217,-7.813896303639527,"{""2022"": -0.8746557049936103, ""2023"": -1.1817322503625263, ""2024"": -4.331221176515365, ""2025"": -7.813896303639527, ""2026"": -3.915741137593216}","{""2022"": -16.55932585277137, ""2023"": -10.797940054036696, ""2024"": -1.8534204684516953, ""2025"": 11.548839948851217, ""2026"": 0.6265086374958183}","{""2022"": 29, ""2023"": 42, ""2024"": 48, ""2025"": 36, ""2026"": 11}",111,-9.137958507903193,-25.137958507903193,41.44144144144144,-26.8876727928391,55,7.532092964777453,-8.467907035222547,56.36363636363636,-27.255097227318892,83,-13.757805852762349,-29.75780585276235,36.144578313253014,-27.009938770076182,83,6.528308487527475,-9.471691512472525,56.62650602409639,-26.8876727928391,41,-14.590020730842872,-30.590020730842873,36.58536585365854,-30.557138911578853,42,-12.94540561463612,-28.945405614636122,35.714285714285715,-23.180254658116684,41,1.7224989427436819,-14.277501057256318,56.09756097560976,-22.437150481887656,42,11.2196939955307,-4.780306004469301,57.14285714285714,-27.778492009886136,55,7.532092964777453,-8.467907035222547,56.36363636363636,-27.255097227318892,-14.590020730842872,-30.590020730842873,h1_cost_residual_floor;ex2025_floor;loyo_floor;train_cost_floor;worst_quarter_cost_floor;worst_quarter_slip16_floor,FAIL_BENCHMARK_OR_STABILITY_RESEARCH_ONLY
Stage40_PARALLEL_THESIS_MEGASCAN,RESEARCH_STAGE_ONLY_NO_PROMOTION,NO_GO,NO_GO,NO_GO,NO_GO,VOL_COMPRESSION_EXPANSION,VOL_COMP_EXP_SHORT_L24_Q0.25_M1.5,SHORT,Compressed 24H range then bearish expansion,72,"{""compression_q"": 0.25, ""expansion_mult"": 1.5, ""lookback"": 24}",573,190,8.0,-25.002508867881485,-23.30868059339869,190,-22.047211243508404,-19.377268999379858,-30.047211243508404,41.578947368421055,-113.4651251379737,89.17536112418355,55.26315789473685,44.21052631578947,-46.0472112435084,2.955297624373081,1.2614693498902874,-5.044702375626919,-6.738530650109713,123,-20.775212721726543,142,-14.737612831788766,48,-75.33810654484569,-37.61258913848409,"{""2022"": -37.61258913848409, ""2023"": -37.20611130214503, ""2024"": -22.345863472201035, ""2025"": -14.737612831788766, ""2026"": -36.09111274225122}","{""2022"": 11.953679828597961, ""2023"": -8.265877022550166, ""2024"": -53.478971483869124, ""2025"": -75.33810654484569, ""2026"": 24.34790224517688}","{""2022"": 29, ""2023"": 47, ""2024"": 47, ""2025"": 48, ""2026"": 19}",127,-24.180876859824874,-40.18087685982488,41.732283464566926,-101.13120992545576,63,-41.8729964296641,-57.8729964296641,41.269841269841265,-164.71668367994187,95,-8.943886946829416,-24.943886946829416,44.21052631578947,-95.80688010542903,95,-51.15053554018739,-67.15053554018739,38.94736842105263,-141.71271131874886,47,13.597350163693605,-2.402649836306395,46.808510638297875,-84.72198535519837,48,-31.015514950883215,-47.015514950883215,41.66666666666667,-115.43651844934334,47,-66.36741826351448,-82.36741826351448,36.17021276595745,-107.7797524206403,48,-36.25067120692963,-52.25067120692963,41.66666666666667,-168.83012567545654,63,-41.8729964296641,-57.8729964296641,41.269841269841265,-164.71668367994187,-66.36741826351448,-82.36741826351448,h1_cost_residual_floor;ex2025_floor;loyo_floor;train_cost_floor;oos_cost_floor;worst_quarter_cost_floor;worst_quarter_slip16_floor,FAIL_BENCHMARK_OR_STABILITY_RESEARCH_ONLY
Stage40_PARALLEL_THESIS_MEGASCAN,RESEARCH_STAGE_ONLY_NO_PROMOTION,NO_GO,NO_GO,NO_GO,NO_GO,VOL_COMPRESSION_EXPANSION,VOL_COMP_EXP_SHORT_L24_Q0.15_M2.0,SHORT,Compressed 24H range then bearish expansion,24,"{""compression_q"": 0.15, ""expansion_mult"": 2.0, ""lookback"": 24}",183,148,8.0,-8.502590481085887,-8.612916361476685,148,-5.580802792720903,-2.5872707506524595,-13.580802792720904,41.21621621621622,-62.32766751338437,59.13393218244356,26.351351351351347,24.324324324324326,-29.580802792720903,2.921787688364984,3.032113568755782,-5.078212311635017,-4.967886431244219,95,-10.648655371512856,113,-4.30919921272869,35,-43.514837208124334,-19.4972427890621,"{""2022"": -18.04752538348573, ""2023"": -12.083083520551613, ""2024"": -12.477443109823803, ""2025"": -4.30919921272869, ""2026"": -19.4972427890621}","{""2022"": 13.432233827618761, ""2023"": -18.07396060922876, ""2024"": -16.89088184141219, ""2025"": -43.514837208124334, ""2026"": 29.149041625298846}","{""2022"": 21, ""2023"": 37, ""2024"": 37, ""2025"": 35, ""2026"": 18}",99,-14.551092970925248,-30.551092970925247,41.41414141414141,-64.47064593252394,49,-11.620420595940686,-27.620420595940686,40.816326530612244,-53.78342713910911,74,-11.593017346237065,-27.593017346237065,44.5945945945946,-59.12677095618824,74,-15.56858823920474,-31.56858823920474,37.83783783783784,-64.99400491018491,37,4.656062418303276,-11.343937581696725,54.054054054054056,-59.49491414443564,37,-27.84209711077741,-43.84209711077741,35.13513513513514,-58.75862776794083,37,-26.493808524340235,-42.49380852434024,35.13513513513514,-69.79791362193399,37,-4.643367954069232,-20.643367954069234,40.54054054054054,-51.1406011388238,49,-11.620420595940686,-27.620420595940686,40.816326530612244,-53.78342713910911,-27.84209711077741,-43.84209711077741,h1_cost_residual_floor;ex2025_floor;loyo_floor;train_cost_floor;oos_cost_floor;worst_quarter_cost_floor;worst_quarter_slip16_floor,FAIL_BENCHMARK_OR_STABILITY_RESEARCH_ONLY
Stage40_PARALLEL_THESIS_MEGASCAN,RESEARCH_STAGE_ONLY_NO_PROMOTION,NO_GO,NO_GO,NO_GO,NO_GO,FALSE_BREAKOUT_SWEEP_REVERSAL,SWEEP_LOW_REV_LONG_L24_T8,LONG,Sweep below prior 24H low by 8bps then close back inside,8,"{""lookback"": 24, ""threshold_bps"": 8}",186,168,8.0,2.7951299583446616,1.1310753012648225,168,5.70251875445469,10.504457957766222,-2.2974812455453097,51.19047619047619,-33.696746746366685,36.17610455685427,16.071428571428573,14.880952380952381,-18.29748124554531,2.9073887961100287,4.571443453189868,-5.092611203889971,-3.428556546810132,98,2.0356944263527184,127,-4.644194670054547,41,4.9716066791540365,-5.031182873404831,"{""2022"": -5.031182873404831, ""2023"": -4.611203304815054, ""2024"": -0.5063311980528216, ""2025"": -4.644194670054547, ""2026"": 2.9016829325746922}","{""2022"": 8.09058494032088, ""2023"": 6.821305693929575, ""2024"": -10.882648714561025, ""2025"": 4.9716066791540365, ""2026"": -27.21761299584462}","{""2022"": 35, ""2023"": 34, ""2024"": 29, ""2025"": 41, ""2026"": 29}",112,2.5919903248877216,-13.408009675112279,52.67857142857143,-27.57809685184909,56,-12.076424386411373,-28.076424386411375,48.214285714285715,-54.03465811675446,84,5.200494286659005,-10.799505713340995,51.19047619047619,-28.780370866176575,84,-9.795456777749626,-25.795456777749628,51.19047619047619,-43.30690135321058,42,12.182670255322453,-3.817329744677547,50.0,-28.829970384668947,42,-1.781681682004437,-17.781681682004436,52.38095238095239,-27.048537553239214,42,-7.605218106515212,-23.60521810651521,50.0,-35.46546174411414,42,-11.985695448984037,-27.98569544898404,52.38095238095239,-62.60175970223936,56,-12.076424386411373,-28.076424386411375,48.214285714285715,-54.03465811675446,-11.985695448984037,-27.98569544898404,h1_cost_residual_floor;ex2025_floor;loyo_floor;oos_cost_floor;worst_quarter_cost_floor;worst_quarter_slip16_floor,FAIL_BENCHMARK_OR_STABILITY_RESEARCH_ONLY
Stage40_PARALLEL_THESIS_MEGASCAN,RESEARCH_STAGE_ONLY_NO_PROMOTION,NO_GO,NO_GO,NO_GO,NO_GO,VOL_COMPRESSION_EXPANSION,VOL_COMP_EXP_LONG_L120_Q0.25_M1.5,LONG,Compressed 120H range then bullish expansion,8,"{""compression_q"": 0.25, ""expansion_mult"": 1.5, ""lookback"": 120}",609,379,8.0,2.7951299583446616,1.1310753012648225,379,5.650285130396128,3.3331397961822162,-2.3497148696038717,44.854881266490764,-31.647430633754414,31.01061862750276,8.70712401055409,8.70712401055409,-18.349714869603872,2.8551551720514663,4.519209829131306,-5.144844827948534,-3.480790170868694,246,-8.600770912823466,282,-3.9645069603941447,97,2.3448353324874307,-5.505366231204931,"{""2022"": 0.3549336526979562, ""2023"": 0.39739207855686753, ""2024"": -2.769236805545298, ""2025"": -3.9645069603941447, ""2026"": -5.505366231204931}","{""2022"": -18.282553437345552, ""2023"": -10.562118798842295, ""2024"": -1.1129991626098843, ""2025"": 2.344835332487431, ""2026"": 27.716630047872872}","{""2022"": 55, ""2023"": 95, ""2024"": 96, ""2025"": 97, ""2026"": 36}",253,-7.942192393967381,-23.94219239396738,39.920948616600796,-30.784508440913072,126,8.879624921379994,-7.120375078620006,54.761904761904766,-34.5688255137333,189,-12.543394879931554,-28.543394879931554,35.978835978835974,-30.784508440913072,190,7.7903141933010325,-8.209685806698968,53.68421052631579,-33.6218068255123,94,-13.811072423308929,-29.81107242330893,41.48936170212766,-32.13370035522078,95,-11.28906131069499,-27.28906131069499,30.526315789473685,-28.70489406176624,95,4.047778542038196,-11.952221457961805,54.736842105263165,-31.033341500003033,95,11.532849844563867,-4.4671501554361335,52.63157894736842,-34.261101253950656,126,8.879624921379994,-7.120375078620006,54.761904761904766,-34.5688255137333,-13.811072423308929,-29.81107242330893,h1_cost_residual_floor;ex2025_floor;loyo_floor;train_cost_floor;worst_quarter_cost_floor;worst_quarter_slip16_floor,FAIL_BENCHMARK_OR_STABILITY_RESEARCH_ONLY
Stage40_PARALLEL_THESIS_MEGASCAN,RESEARCH_STAGE_ONLY_NO_PROMOTION,NO_GO,NO_GO,NO_GO,NO_GO,VOL_COMPRESSION_EXPANSION,VOL_COMP_EXP_LONG_L72_Q0.25_M1.5,LONG,Compressed 72H range then bullish expansion,4,"{""compression_q"": 0.25, ""expansion_mult"": 1.5, ""lookback"": 72}",618,441,8.0,1.3958339209070354,1.2296768282992119,441,4.209653796335975,4.526530498196735,-3.7903462036640243,46.71201814058957,-24.18903091103486,26.55872599991671,5.215419501133787,4.988662131519274,-19.790346203664026,2.8138198754289396,2.9799769680367634,-5.1861801245710595,-5.020023031963236,300,-5.086193889945967,337,-4.932126655977887,104,-0.09053839183929405,-4.932126655977887,"{""2022"": -2.9078346955105623, ""2023"": -3.739509180892423, ""2024"": -3.6519414867540236, ""2025"": -4.932126655977887, ""2026"": -3.8001835637006853}","{""2022"": -8.467657196877374, ""2023"": -3.9414832983904065, ""2024"": -4.164853084714613, ""2025"": -0.09053839183929419, ""2026"": -3.6829328670475117}","{""2022"": 70, ""2023"": 111, ""2024"": 119, ""2025"": 104, ""2026"": 37}",295,-4.940088584285615,-20.940088584285615,47.79661016949153,-22.339325786037143,146,-1.4672365989834144,-17.467236598983416,44.52054794520548,-30.448136036391183,220,-6.254661148406521,-22.25466114840652,45.909090909090914,-21.439949455457906,221,-1.3371820052778274,-17.33718200527783,47.511312217194565,-28.796605031828904,110,-8.393341736655032,-24.39334173665503,43.63636363636363,-25.19909211965432,110,-4.115980560158014,-20.115980560158015,48.18181818181818,-16.26543369813327,110,-4.7214598781543025,-20.721459878154302,49.09090909090909,-24.438298009116235,111,2.0166068777529143,-13.983393122247087,45.94594594594595,-30.76083827072584,146,-1.4672365989834144,-17.467236598983416,44.52054794520548,-30.448136036391183,-8.393341736655032,-24.39334173665503,h1_cost_residual_floor;ex2025_floor;loyo_floor;train_cost_floor;oos_cost_floor,FAIL_BENCHMARK_OR_STABILITY_RESEARCH_ONLY
Stage40_PARALLEL_THESIS_MEGASCAN,RESEARCH_STAGE_ONLY_NO_PROMOTION,NO_GO,NO_GO,NO_GO,NO_GO,VOL_COMPRESSION_EXPANSION,VOL_COMP_EXP_SHORT_L24_Q0.25_M2.0,SHORT,Compressed 24H range then bearish expansion,4,"{""compression_q"": 0.25, ""expansion_mult"": 2.0, ""lookback"": 24}",274,233,8.0,-1.3958339209070354,-1.2296768282992119,233,1.0773955696987796,-1.5354820175250694,-6.92260443030122,36.9098712446352,-26.33309421329555,24.06128986227385,7.296137339055794,7.725321888412018,-22.92260443030122,2.473229490605815,2.3070723979979917,-5.526770509394185,-5.692927602002008,153,-9.762040200496784,180,-7.666373808360893,53,-4.396595221796665,-8.381610181705007,"{""2022"": -5.75975377173492, ""2023"": -6.002652888285993, ""2024"": -6.682452252493603, ""2025"": -7.666373808360893, ""2026"": -8.381610181705007}","{""2022"": -14.499889366765492, ""2023"": -9.51656615532776, ""2024"": -7.599754833299745, ""2025"": -4.396595221796666, ""2026"": 4.209069080409152}","{""2022"": 31, ""2023"": 61, ""2024"": 61, ""2025"": 53, ""2026"": 27}",156,-9.710740545319942,-25.710740545319943,34.61538461538461,-22.424162213532384,77,-1.2739130803931624,-17.27391308039316,41.55844155844156,-37.7295527306476,116,-11.491460449084508,-27.491460449084506,33.62068965517241,-22.70644548327261,117,-2.392798462960523,-18.392798462960524,40.17094017094017,-28.233954160135077,58,-10.94556317067766,-26.94556317067766,36.206896551724135,-25.91706803629301,58,-12.037357727491356,-28.037357727491354,31.03448275862069,-20.176592886475,58,-6.65829497827024,-22.65829497827024,36.206896551724135,-25.43543829971795,59,1.80040150124225,-14.19959849875775,44.06779661016949,-34.205919033001294,77,-1.2739130803931624,-17.27391308039316,41.55844155844156,-37.7295527306476,-12.037357727491356,-28.037357727491354,h1_cost_residual_floor;ex2025_floor;loyo_floor;train_cost_floor;oos_cost_floor;worst_quarter_cost_floor;worst_quarter_slip16_floor,FAIL_BENCHMARK_OR_STABILITY_RESEARCH_ONLY
Stage40_PARALLEL_THESIS_MEGASCAN,RESEARCH_STAGE_ONLY_NO_PROMOTION,NO_GO,NO_GO,NO_GO,NO_GO,VOL_COMPRESSION_EXPANSION,VOL_COMP_EXP_LONG_L24_Q0.15_M2.0,LONG,Compressed 24H range then bullish expansion,72,"{""compression_q"": 0.15, ""expansion_mult"": 2.0, ""lookback"": 24}",197,119,8.0,25.002508867881485,23.30868059339869,119,27.409025874760882,28.25367580836957,19.40902587476088,55.46218487394958,-78.77388667908991,128.60491985327906,41.17647058823529,57.98319327731093,3.4090258747608786,2.4065170068793975,4.100345281362191,-5.593482993120606,-3.8996547186378123,85,13.839587903900656,95,5.460311569145522,24,74.6226866678217,5.460311569145522,"{""2022"": 24.83406380789712, ""2023"": 29.26636718299603, ""2024"": 9.113766301664805, ""2025"": 5.460311569145522, ""2026"": 27.223022494121803}","{""2022"": -5.907817813208219, ""2023"": -6.27980298912467, ""2024"": 48.63427885645298, ""2025"": 74.6226866678217, ""2026"": -65.76353727627314}","{""2022"": 21, ""2023"": 33, ""2024"": 31, ""2025"": 24, ""2026"": 10}",79,7.021297692060511,-8.97870230793949,51.89873417721519,-90.16974566671831,40,43.87478903559412,27.87478903559412,62.5,-64.09415461657409,59,0.9119563081896049,-15.088043691810395,47.45762711864407,-92.4345255444059,60,37.597810948555974,21.597810948555974,63.33333333333333,-69.8474539306687,29,-5.136658182368866,-21.136658182368866,44.827586206896555,-115.00696189942316,30,6.758950315729455,-9.241049684270546,50.0,-70.00946128994045,30,51.645387446371885,35.645387446371885,66.66666666666666,-70.28598644743533,30,23.550234450740046,7.550234450740046,60.0,-69.8474539306687,40,43.87478903559412,27.87478903559412,62.5,-64.09415461657409,-5.136658182368866,-21.136658182368866,h1_cost_residual_floor,FAIL_BENCHMARK_OR_STABILITY_RESEARCH_ONLY
Stage40_PARALLEL_THESIS_MEGASCAN,RESEARCH_STAGE_ONLY_NO_PROMOTION,NO_GO,NO_GO,NO_GO,NO_GO,VOL_COMPRESSION_EXPANSION,VOL_COMP_EXP_SHORT_L72_Q0.25_M2.0,SHORT,Compressed 72H range then bearish expansion,72,"{""compression_q"": 0.25, ""expansion_mult"": 2.0, ""lookback"": 72}",306,136,8.0,-25.002508867881485,-23.30868059339869,136,-22.624508610074486,-3.1888230387144834,-30.624508610074486,46.32352941176471,-99.06596058901873,95.83578346318733,50.0,48.529411764705884,-46.624508610074486,2.378000257806999,0.6841719833242053,-5.621999742193001,-7.315828016675795,94,-32.09279573050853,108,-23.97032999646342,28,-56.29062611971715,-37.64639614770394,"{""2022"": -35.324925736237, ""2023"": -31.872661957736018, ""2024"": -22.449221026760174, ""2025"": -23.97032999646342, ""2026"": -37.64639614770394}","{""2022"": -6.267801683595999, ""2023"": -26.880048567089904, ""2024"": -51.70814500914822, ""2025"": -56.290626119717146, ""2026"": 30.566225646410803}","{""2022"": 22, ""2023"": 34, ""2024"": 38, ""2025"": 28, ""2026"": 14}",91,-30.381047170261915,-46.381047170261915,48.35164835164835,-91.79481400280577,45,-31.116841743917686,-47.11684174391769,42.22222222222222,-173.6963334969599,68,-20.623553960311842,-36.62355396031184,52.94117647058824,-91.74473642010517,68,-40.625463259837126,-56.625463259837126,39.705882352941174,-110.84394677391418,34,-17.288608666394847,-33.28860866639485,50.0,-101.00910865693092,34,-23.95849925422884,-39.95849925422884,55.88235294117647,-63.7120873988617,34,-68.12587340495557,-84.12587340495557,29.411764705882355,-96.7268081160677,34,-13.125053114718677,-29.125053114718675,50.0,-173.8374968219769,45,-31.116841743917686,-47.11684174391769,42.22222222222222,-173.6963334969599,-68.12587340495557,-84.12587340495557,h1_cost_residual_floor;ex2025_floor;loyo_floor;train_cost_floor;oos_cost_floor;worst_quarter_cost_floor;worst_quarter_slip16_floor,FAIL_BENCHMARK_OR_STABILITY_RESEARCH_ONLY
Stage40_PARALLEL_THESIS_MEGASCAN,RESEARCH_STAGE_ONLY_NO_PROMOTION,NO_GO,NO_GO,NO_GO,NO_GO,SESSION_TRANSITION_IMBALANCE,ASIA_COMP_LONDON_BREAKOUT_LONG_Q0.4,LONG,Asia compression then London breakout up,8,"{""asia_range_q"": 0.4, ""direction"": ""breakout_up""}",671,215,8.0,2.7951299583446616,1.1310753012648225,215,5.078158019762184,1.7360828545531781,-2.921841980237817,45.58139534883721,-35.02342451261909,39.702054671288955,5.116279069767442,8.837209302325581,-18.921841980237815,2.2830280614175225,3.9470827184973616,-5.716971938582478,-4.052917281502639,147,-1.488841059439918,164,-3.441758153821686,51,-1.2499546769485164,-6.445177064531565,"{""2022"": -3.955818988796941, ""2023"": 0.12240244270633263, ""2024"": -6.445177064531565, ""2025"": -3.441758153821686, ""2026"": -1.4273097184951624}","{""2022"": 1.8943140859454672, ""2023"": -13.803396513314777, ""2024"": 5.772839760035464, ""2025"": -1.249954676948515, ""2026"": -20.32874714641697}","{""2022"": 38, ""2023"": 47, ""2024"": 62, ""2025"": 51, ""2026"": 17}",144,-1.4081895919688283,-17.408189591968828,44.44444444444444,-33.61858070181856,71,-5.991784852219992,-21.991784852219993,47.88732394366197,-43.30684919115257,107,-6.918678439090197,-22.918678439090197,40.18691588785047,-34.364261168385866,108,1.037986733625189,-14.96201326637481,50.92592592592593,-35.55793433685561,53,-1.7655010745035133,-17.765501074503515,47.16981132075472,-35.171420829770426,54,-11.976426593221571,-27.97642659322157,33.33333333333333,-34.038287901380635,54,9.529110280809995,-6.470889719190005,55.55555555555556,-31.424332659421573,54,-7.453136813559616,-23.453136813559617,46.2962962962963,-44.75107851967364,71,-5.991784852219992,-21.991784852219993,47.88732394366197,-43.30684919115257,-11.976426593221571,-27.97642659322157,h1_cost_residual_floor;ex2025_floor;loyo_floor;train_cost_floor;oos_cost_floor;worst_quarter_cost_floor;worst_quarter_slip16_floor,FAIL_BENCHMARK_OR_STABILITY_RESEARCH_ONLY
Stage40_PARALLEL_THESIS_MEGASCAN,RESEARCH_STAGE_ONLY_NO_PROMOTION,NO_GO,NO_GO,NO_GO,NO_GO,VOL_COMPRESSION_EXPANSION,VOL_COMP_EXP_SHORT_L72_Q0.15_M2.0,SHORT,Compressed 72H range then bearish expansion,72,"{""compression_q"": 0.15, ""expansion_mult"": 2.0, ""lookback"": 72}",207,107,8.0,-25.002508867881485,-23.30868059339869,107,-22.72835814308913,-6.2203957599327175,-30.72835814308913,45.794392523364486,-101.10095704108701,95.28166048955899,50.467289719626166,47.66355140186916,-46.72835814308913,2.274150724792353,0.5803224503095592,-5.725849275207647,-7.419677549690441,74,-41.80562954808625,84,-28.98079640881874,23,-37.11075752042448,-40.69241246936232,"{""2022"": -34.75521492226974, ""2023"": -30.097860485630783, ""2024"": -16.271069364625134, ""2025"": -28.98079640881874, ""2026"": -40.69241246936232}","{""2022"": -10.817788512696145, ""2023"": -32.59649935037313, ""2024"": -69.6134796851647, ""2025"": -37.11075752042448, ""2026"": 65.92296882176076}","{""2022"": 18, ""2023"": 27, ""2024"": 29, ""2025"": 23, ""2026"": 10}",71,-40.02209972372415,-56.02209972372415,45.07042253521127,-108.01107309937885,36,-12.399034470170076,-28.399034470170076,47.22222222222222,-94.49685702900834,53,-28.2224673849031,-44.2224673849031,49.056603773584904,-108.01107309937885,54,-33.18784351686431,-49.18784351686431,42.592592592592595,-99.19071372310296,26,-31.569365132616912,-47.56936513261691,46.15384615384615,-125.74339508432232,27,-24.999528813030537,-40.99952881303054,51.85185185185185,-81.47554756648078,27,-69.8456880958424,-85.8456880958424,29.629629629629626,-101.10095704108701,27,3.470001062113779,-12.529998937886221,55.55555555555556,-91.71324365289779,36,-12.399034470170076,-28.399034470170076,47.22222222222222,-94.49685702900834,-69.8456880958424,-85.8456880958424,h1_cost_residual_floor;ex2025_floor;loyo_floor;train_cost_floor;oos_cost_floor;worst_quarter_cost_floor;worst_quarter_slip16_floor,FAIL_BENCHMARK_OR_STABILITY_RESEARCH_ONLY
Stage40_PARALLEL_THESIS_MEGASCAN,RESEARCH_STAGE_ONLY_NO_PROMOTION,NO_GO,NO_GO,NO_GO,NO_GO,VOL_COMPRESSION_EXPANSION,VOL_COMP_EXP_LONG_L120_Q0.15_M2.0,LONG,Compressed 120H range then bullish expansion,4,"{""compression_q"": 0.15, ""expansion_mult"": 2.0, ""lookback"": 120}",205,165,8.0,1.3958339209070354,1.2296768282992119,165,3.6170241161118954,1.768820247431968,-4.382975883888103,44.84848484848485,-23.646369168105473,25.069637883008422,8.484848484848486,5.454545454545454,-20.382975883888104,2.2211901952048603,2.3873472878126836,-5.778809804795139,-5.612652712187315,115,-5.902644033401196,129,-6.938052317627153,36,4.772714670343491,-6.938052317627153,"{""2022"": -3.014672660133394, ""2023"": -3.3111898609346886, ""2024"": -5.616448489852959, ""2025"": -6.938052317627153, ""2026"": -3.3575254020448484}","{""2022"": -12.421757323447018, ""2023"": -7.241071945097211, ""2024"": -1.192035881500759, ""2025"": 4.77271467034349, ""2026"": -15.443191795197496}","{""2022"": 24, ""2023"": 45, ""2024"": 46, ""2025"": 36, ""2026"": 14}",110,-5.7549473965690225,-21.754947396569023,45.45454545454545,-23.51328384281315,55,-1.6390328585262635,-17.639032858526264,43.63636363636363,-23.646369168105473,82,-10.301617021130285,-26.301617021130284,37.80487804878049,-25.149537254134934,83,1.4643563239897164,-14.535643676010285,51.80722891566265,-19.946398338486215,41,-11.582060957080952,-27.58206095708095,43.90243902439025,-28.335770818994632,41,-9.021173085179623,-25.021173085179623,31.70731707317073,-22.76398518849976,41,-0.504408363955219,-16.504408363955218,56.09756097560976,-20.103183070333543,42,3.3862456622216786,-12.613754337778321,47.61904761904761,-18.129449899225158,55,-1.6390328585262635,-17.639032858526264,43.63636363636363,-23.646369168105473,-11.582060957080952,-27.58206095708095,h1_cost_residual_floor;ex2025_floor;loyo_floor;train_cost_floor;oos_cost_floor;worst_quarter_cost_floor;worst_quarter_slip16_floor,FAIL_BENCHMARK_OR_STABILITY_RESEARCH_ONLY
Stage40_PARALLEL_THESIS_MEGASCAN,RESEARCH_STAGE_ONLY_NO_PROMOTION,NO_GO,NO_GO,NO_GO,NO_GO,PULLBACK_CONTINUATION_AFTER_TREND,DOWNTREND_PULLBACK_CONT_SHORT_TL72_T150,SHORT,Downtrend 72H then controlled pullback continuation,24,"{""mean_lookback"": 24, ""trend_bps"": 150, ""trend_lookback"": 72}",412,129,8.0,-8.502590481085887,-8.612916361476685,129,-6.288214631843301,-7.4774741092453745,-14.2882146318433,42.63565891472868,-69.25323820240914,57.71264695114575,34.10852713178294,34.10852713178294,-30.2882146318433,2.214375849242586,2.324701729633384,-5.785624150757412,-5.675298270366614,75,-14.733738031992727,103,-16.05424595964701,26,-7.292013602467066,-17.964962418194723,"{""2022"": -15.726941929119238, ""2023"": -8.980872965710441, ""2024"": -17.964962418194723, ""2025"": -16.05424595964701, ""2026"": -12.818046594689095}","{""2022"": -7.65755839222377, ""2023"": -37.50783442117457, ""2024"": -1.0256601167899435, ""2025"": -7.292013602467067, ""2026"": -19.591320765863834}","{""2022"": 23, ""2023"": 24, ""2024"": 28, ""2025"": 26, ""2026"": 28}",86,-12.99863154009879,-28.998631540098792,41.86046511627907,-65.15932166578753,43,-16.867380815332318,-32.86738081533232,44.18604651162791,-97.16219922053959,64,-24.047437120086833,-40.04743712008683,34.375,-66.50182436768847,65,-4.679134028034285,-20.679134028034284,50.76923076923077,-89.47966220674175,32,-15.138966383559016,-31.138966383559016,46.875,-72.84942763199354,32,-32.95590785661465,-48.95590785661465,21.875,-65.15932166578753,32,12.666217010757958,-3.3337829892420423,59.375,-56.19931843552139,33,-21.498868368681308,-37.49886836868131,42.42424242424242,-121.73339077375722,43,-16.867380815332318,-32.86738081533232,44.18604651162791,-97.16219922053959,-32.95590785661465,-48.95590785661465,h1_cost_residual_floor;ex2025_floor;loyo_floor;train_cost_floor;oos_cost_floor;worst_quarter_cost_floor;worst_quarter_slip16_floor,FAIL_BENCHMARK_OR_STABILITY_RESEARCH_ONLY
Stage40_PARALLEL_THESIS_MEGASCAN,RESEARCH_STAGE_ONLY_NO_PROMOTION,NO_GO,NO_GO,NO_GO,NO_GO,FALSE_BREAKOUT_SWEEP_REVERSAL,SWEEP_LOW_REV_LONG_L72_T15,LONG,Sweep below prior 72H low by 15bps then close back inside,4,"{""lookback"": 72, ""threshold_bps"": 15}",52,51,8.0,1.3958339209070354,1.2296768282992119,51,3.5666497080958526,7.050563895736328,-4.433350291904145,49.01960784313725,-35.10172887649987,40.692966666837634,17.647058823529413,17.647058823529413,-20.433350291904144,2.1708157871888174,2.3369728797966407,-5.829184212811181,-5.663027120203357,21,8.370291046715613,35,-12.215465244704367,16,12.59002616734633,-12.215465244704367,"{""2022"": -9.124498360836197, ""2023"": -7.305483839993648, ""2024"": -3.2791121388901225, ""2025"": -12.215465244704367, ""2026"": 10.19504136915052}","{""2022"": 10.81288093212502, ""2023"": 41.52078647752786, ""2024"": -13.090136439509322, ""2025"": 12.59002616734633, ""2026"": -43.09409968183433}","{""2022"": 12, ""2023"": 3, ""2024"": 6, ""2025"": 16, ""2026"": 14}",34,7.25307977196744,-8.746920228032561,47.05882352941176,-30.29128739425846,17,-27.806210419647314,-43.806210419647314,52.94117647058824,-88.26003440007058,25,10.592982750274125,-5.407017249725875,48.0,-28.084697535198934,26,-18.88174744784479,-34.88174744784479,50.0,-47.43710785060862,12,10.812880932125026,-5.187119067874974,50.0,-30.82724515368007,13,10.389999813180989,-5.610000186819011,46.15384615384615,-25.96593897550847,13,-13.773894587125172,-29.77389458712517,53.84615384615385,-32.49787725331799,13,-23.98960030856441,-39.989600308564405,46.15384615384615,-90.59570710501342,17,-27.806210419647314,-43.806210419647314,52.94117647058824,-88.26003440007058,-23.98960030856441,-39.989600308564405,h1_cost_residual_floor;ex2025_floor;loyo_floor;oos_cost_floor;worst_quarter_cost_floor;worst_quarter_slip16_floor,FAIL_BENCHMARK_OR_STABILITY_RESEARCH_ONLY
Stage40_PARALLEL_THESIS_MEGASCAN,RESEARCH_STAGE_ONLY_NO_PROMOTION,NO_GO,NO_GO,NO_GO,NO_GO,VOL_COMPRESSION_EXPANSION,VOL_COMP_EXP_LONG_L72_Q0.15_M1.5,LONG,Compressed 72H range then bullish expansion,4,"{""compression_q"": 0.15, ""expansion_mult"": 1.5, ""lookback"": 72}",429,315,8.0,1.3958339209070354,1.2296768282992119,315,3.5084675426778493,2.6260354286433696,-4.49153245732215,45.714285714285715,-23.99494285893922,26.40389239516594,4.761904761904762,4.761904761904762,-20.49153245732215,2.112633621770814,2.2787907143786374,-5.887366378229186,-5.721209285621362,210,-6.658005055071894,240,-6.996330370850361,75,3.5238208659681267,-6.996330370850361,"{""2022"": -3.554458912721515, ""2023"": -3.449041244562489, ""2024"": -4.691281139828293, ""2025"": -6.996330370850361, ""2026"": -3.9785771811139936}","{""2022"": -9.57850312801131, ""2023"": -7.8866727583367195, ""2024"": -3.9680531514439794, ""2025"": 3.5238208659681267, ""2026"": -9.364607581299639}","{""2022"": 49, ""2023"": 74, ""2024"": 87, ""2025"": 75, ""2026"": 30}",211,-6.687234815461145,-22.687234815461146,45.497630331753555,-23.121387283236984,104,-0.03679017302092,-16.03679017302092,46.15384615384615,-28.549245912141142,157,-8.915185219831486,-24.915185219831486,43.31210191082803,-23.239122032996384,158,-0.09587749710718005,-16.09587749710718,48.10126582278481,-26.101751529679085,78,-7.541226647780838,-23.54122664778084,46.15384615384615,-26.03109352132038,79,-10.271751911223262,-26.271751911223262,40.50632911392405,-22.339325786037143,79,-1.6815023683605512,-17.68150236836055,50.63291139240506,-20.505582997800698,79,1.4897473741461915,-14.51025262585381,45.56962025316456,-29.2299683466668,104,-0.03679017302092,-16.03679017302092,46.15384615384615,-28.549245912141142,-10.271751911223262,-26.271751911223262,h1_cost_residual_floor;ex2025_floor;loyo_floor;train_cost_floor;oos_cost_floor;worst_quarter_cost_floor;worst_quarter_slip16_floor,FAIL_BENCHMARK_OR_STABILITY_RESEARCH_ONLY
Stage40_PARALLEL_THESIS_MEGASCAN,RESEARCH_STAGE_ONLY_NO_PROMOTION,NO_GO,NO_GO,NO_GO,NO_GO,VOL_COMPRESSION_EXPANSION,VOL_COMP_EXP_SHORT_L24_Q0.25_M1.5,SHORT,Compressed 24H range then bearish expansion,4,"{""compression_q"": 0.25, ""expansion_mult"": 1.5, ""lookback"": 24}",573,436,8.0,-1.3958339209070354,-1.2296768282992119,436,0.7126131334739577,-0.6400671277062564,-7.287386866526043,37.38532110091743,-26.22202462313261,22.782957989398447,4.587155963302752,6.192660550458716,-23.28738686652604,2.108447054380993,1.9422899617731697,-5.891552945619007,-6.057710038226831,275,-8.37254537664069,330,-6.30111439187969,106,-10.357857778160916,-8.924889509347105,"{""2022"": -7.135055085589882, ""2023"": -7.769909445479034, ""2024"": -6.084882687221726, ""2025"": -6.30111439187969, ""2026"": -8.924889509347105}","{""2022"": -8.206291480560294, ""2023"": -5.8398191296670685, ""2024"": -11.12615020815136, ""2025"": -10.357857778160913, ""2026"": 4.0560405319253166}","{""2022"": 62, ""2023"": 109, ""2024"": 104, ""2025"": 106, ""2026"": 55}",292,-8.277398366540364,-24.277398366540364,35.95890410958904,-22.838608509556657,144,-5.279863547052559,-21.279863547052557,40.27777777777778,-32.531714407751934,218,-8.350798155732077,-24.35079815573208,36.69724770642202,-22.424162213532384,218,-6.223975577320005,-22.223975577320005,38.07339449541284,-29.688205473958895,109,-6.883487564585034,-22.883487564585035,38.53211009174312,-24.2678010151387,109,-9.81810874687912,-25.81810874687912,34.862385321100916,-19.91643105561991,109,-7.406669065707619,-23.406669065707618,36.69724770642202,-26.397611813373523,109,-5.041282088932395,-21.041282088932395,39.44954128440367,-32.98689258097287,144,-5.279863547052559,-21.279863547052557,40.27777777777778,-32.531714407751934,-9.81810874687912,-25.81810874687912,h1_cost_residual_floor;ex2025_floor;loyo_floor;train_cost_floor;oos_cost_floor;worst_quarter_slip16_floor,FAIL_BENCHMARK_OR_STABILITY_RESEARCH_ONLY
Stage40_PARALLEL_THESIS_MEGASCAN,RESEARCH_STAGE_ONLY_NO_PROMOTION,NO_GO,NO_GO,NO_GO,NO_GO,VOL_COMPRESSION_EXPANSION,VOL_COMP_EXP_LONG_L120_Q0.15_M2.0,LONG,Compressed 120H range then bullish expansion,8,"{""compression_q"": 0.15, ""expansion_mult"": 2.0, ""lookback"": 120}",205,150,8.0,2.7951299583446616,1.1310753012648225,150,4.743887901423163,4.36582296012511,-3.256112098576835,44.666666666666664,-31.89511972172543,32.2277049441011,14.000000000000002,10.0,-19.256112098576835,1.9487579430785011,3.6128126001583403,-6.051242056921497,-4.3871873998416575,104,-5.483404492945719,118,-5.029669711488854,32,3.2838815990362265,-6.455056632461541,"{""2022"": -1.6604424429710243, ""2023"": 0.1839971891759772, ""2024"": -6.455056632461541, ""2025"": -5.029669711488854, ""2026"": -3.420513647773496}","{""2022"": -14.257834460911637, ""2023"": -11.816384047171042, ""2024"": 4.969745274269552, ""2025"": 3.2838815990362265, ""2026"": -1.6590684778092688}","{""2022"": 19, ""2023"": 43, ""2024"": 42, ""2025"": 32, ""2026"": 14}",100,-6.026531703701703,-22.026531703701703,41.0,-30.91095316156922,50,2.284727111672898,-13.715272888327101,52.0,-33.76797939686705,75,-10.809379220397677,-26.809379220397677,37.333333333333336,-31.586155103483506,75,4.2971550232440086,-11.70284497675599,52.0,-32.659409020218135,37,-8.68800128178652,-24.68800128178652,48.64864864864865,-27.73477486926801,38,-12.874931423782225,-28.874931423782225,26.31578947368421,-32.866019658887026,37,-1.4221020224595216,-17.422102022459523,48.64864864864865,-32.659409020218135,38,9.86590530458692,-6.134094695413079,55.26315789473685,-33.403517767829904,50,2.284727111672898,-13.715272888327101,52.0,-33.76797939686705,-12.874931423782225,-28.874931423782225,h1_cost_residual_floor;ex2025_floor;loyo_floor;train_cost_floor;worst_quarter_cost_floor;worst_quarter_slip16_floor,FAIL_BENCHMARK_OR_STABILITY_RESEARCH_ONLY
Stage40_PARALLEL_THESIS_MEGASCAN,RESEARCH_STAGE_ONLY_NO_PROMOTION,NO_GO,NO_GO,NO_GO,NO_GO,SESSION_TRANSITION_IMBALANCE,ASIA_COMP_LONDON_BREAKOUT_LONG_Q0.4,LONG,Asia compression then London breakout up,4,"{""asia_range_q"": 0.4, ""direction"": ""breakout_up""}",671,282,8.0,1.3958339209070354,1.2296768282992119,282,3.035912250815451,2.957462503728747,-4.96408774918455,42.90780141843972,-19.76027577760442,20.653039790634597,1.0638297872340425,1.773049645390071,-20.96408774918455,1.6400783299084154,1.806235422516239,-6.359921670091586,-6.193764577483762,188,-4.830489650726426,210,-5.993361575491038,72,-1.9620390891239583,-6.346465777449146,"{""2022"": -4.813194593579442, ""2023"": -4.030452312956448, ""2024"": -6.346465777449146, ""2025"": -5.993361575491038, ""2026"": -4.036149495205743}","{""2022"": -5.758791702038122, ""2023"": -8.649490786927057, ""2024"": -1.8135517777908177, ""2025"": -1.9620390891239592, ""2026"": -15.93063075075227}","{""2022"": 45, ""2023"": 57, ""2024"": 86, ""2025"": 72, ""2026"": 22}",188,-4.830489650726426,-20.830489650726427,41.48936170212766,-17.762145937606498,94,-5.231283946100799,-21.2312839461008,45.744680851063826,-27.481290948281334,141,-7.615669735894958,-23.615669735894958,39.00709219858156,-20.12259662917404,141,-2.3125057624741427,-18.312505762474142,46.808510638297875,-18.920552768615373,70,-8.341181565382097,-24.341181565382097,37.142857142857146,-27.452214795828933,71,-6.900376382879467,-22.900376382879468,40.845070422535215,-16.509213754001273,70,0.9431645022993885,-15.056835497700611,48.57142857142857,-14.318234360226612,71,-5.522321516476215,-21.522321516476214,45.07042253521127,-30.584459787998952,94,-5.231283946100799,-21.2312839461008,45.744680851063826,-27.481290948281334,-8.341181565382097,-24.341181565382097,h1_cost_residual_floor;ex2025_floor;loyo_floor;train_cost_floor;oos_cost_floor,FAIL_BENCHMARK_OR_STABILITY_RESEARCH_ONLY
Stage40_PARALLEL_THESIS_MEGASCAN,RESEARCH_STAGE_ONLY_NO_PROMOTION,NO_GO,NO_GO,NO_GO,NO_GO,VOL_COMPRESSION_EXPANSION,VOL_COMP_EXP_LONG_L120_Q0.15_M1.5,LONG,Compressed 120H range then bullish expansion,4,"{""compression_q"": 0.15, ""expansion_mult"": 1.5, ""lookback"": 120}",429,319,8.0,1.3958339209070354,1.2296768282992119,319,2.9881388205496107,1.768820247431968,-5.0118611794503884,44.20062695924764,-23.643483549024012,24.296794692084678,5.6426332288401255,4.38871473354232,-21.01186117945039,1.5923048996425753,1.7584619922503988,-6.407695100357424,-6.2415380077496,207,-7.168580255862224,239,-7.357272495418258,80,1.9950551270036179,-7.357272495418258,"{""2022"": -3.732913482860213, ""2023"": -4.980530303292445, ""2024"": -4.647112922089586, ""2025"": -7.357272495418258, ""2026"": -4.614256804192303}","{""2022"": -13.44682574981893, ""2023"": -5.108665553220448, ""2024"": -5.984523199079197, ""2025"": 1.9950551270036185, ""2026"": -8.577875420046357}","{""2022"": 42, ""2023"": 78, ""2024"": 87, ""2025"": 80, ""2026"": 32}",213,-6.950311451221638,-22.950311451221637,44.13145539906103,-21.89174907526126,106,-1.1166733691930693,-17.11667336919307,44.339622641509436,-27.263579947722214,159,-9.660415623514167,-25.66041562351417,40.25157232704403,-22.76398518849976,160,-0.39236020066200916,-16.392360200662008,48.125,-25.378329639730303,79,-9.254338618660608,-25.254338618660608,44.303797468354425,-24.1570308077943,80,-10.061416665807059,-26.06141666580706,36.25,-17.7057729433322,80,-2.2741445816862678,-18.27414458168627,48.75,-24.449614313163394,80,1.4894241803622497,-14.51057581963775,47.5,-26.362839053962194,106,-1.1166733691930693,-17.11667336919307,44.339622641509436,-27.263579947722214,-10.061416665807059,-26.06141666580706,h1_cost_residual_floor;ex2025_floor;loyo_floor;train_cost_floor;oos_cost_floor;worst_quarter_cost_floor;worst_quarter_slip16_floor,FAIL_BENCHMARK_OR_STABILITY_RESEARCH_ONLY
Stage40_PARALLEL_THESIS_MEGASCAN,RESEARCH_STAGE_ONLY_NO_PROMOTION,NO_GO,NO_GO,NO_GO,NO_GO,FALSE_BREAKOUT_SWEEP_REVERSAL,SWEEP_LOW_REV_LONG_L72_T8,LONG,Sweep below prior 72H low by 8bps then close back inside,24,"{""lookback"": 72, ""threshold_bps"": 8}",98,79,8.0,8.502590481085887,8.612916361476685,79,10.07746163323213,15.03397239879467,2.07746163323213,51.89873417721519,-63.02940540180768,72.9687089140163,30.37974683544304,36.708860759493675,-13.92253836676787,1.5748711521462422,1.4645452717554441,-6.425128847853758,-6.535454728244556,50,11.447876685920122,63,7.201978677050913,16,-18.100324226804336,-3.3330247321502267,"{""2022"": 2.6717227978048768, ""2023"": -3.3330247321502267, ""2024"": -0.3335656405393772, ""2025"": 7.201978677050913, ""2026"": 4.284676464653586}","{""2022"": 0.43616889298359257, ""2023"": 25.162203458863527, ""2024"": 13.271516832885544, ""2025"": -18.100324226804332, ""2026"": -9.128398280138335}","{""2022"": 21, ""2023"": 15, ""2024"": 14, ""2025"": 16, ""2026"": 13}",52,9.487641110829262,-6.512358889170738,55.769230769230774,-53.94365836824178,27,-12.193995138436419,-28.19399513843642,44.44444444444444,-90.59570710501342,39,12.708235002410204,-3.2917649975897962,56.41025641025641,-44.23567813941487,40,-8.287542401716497,-24.287542401716497,47.5,-86.77946852586217,19,-13.622825863975253,-29.62282586397525,42.10526315789473,-68.77785272430548,20,37.722742825476395,21.722742825476395,70.0,-28.269115877953,20,-7.586274817340192,-23.586274817340193,50.0,-81.59762175526774,20,-8.988809986092795,-24.988809986092797,45.0,-97.54800082317271,27,-12.193995138436419,-28.19399513843642,44.44444444444444,-90.59570710501342,-13.622825863975253,-29.62282586397525,h1_cost_residual_floor;loyo_floor;oos_cost_floor;worst_quarter_cost_floor;worst_quarter_slip16_floor,FAIL_BENCHMARK_OR_STABILITY_RESEARCH_ONLY
Stage40_PARALLEL_THESIS_MEGASCAN,RESEARCH_STAGE_ONLY_NO_PROMOTION,NO_GO,NO_GO,NO_GO,NO_GO,VOL_COMPRESSION_EXPANSION,VOL_COMP_EXP_SHORT_L24_Q0.25_M1.5,SHORT,Compressed 24H range then bearish expansion,8,"{""compression_q"": 0.25, ""expansion_mult"": 1.5, ""lookback"": 24}",573,368,8.0,-2.7951299583446616,-1.1310753012648225,368,-1.2339168847895072,-1.707533499237801,-9.233916884789506,39.40217391304348,-35.11238348762213,31.298431008737747,10.869565217391305,11.684782608695652,-25.233916884789508,1.5612130735551544,-0.10284158352468475,-6.438786926444845,-8.102841583524684,229,-9.925810225774036,272,-7.706982576460428,96,-13.560230758388565,-10.999362136946326,"{""2022"": -10.513830180801572, ""2023"": -8.567313998726352, ""2024"": -7.890213773402634, ""2025"": -7.706982576460428, ""2026"": -10.999362136946326}","{""2022"": -1.455982239793111, ""2023"": -11.292979132851254, ""2024"": -13.573923485935621, ""2025"": -13.560230758388565, ""2026"": 4.109564672209706}","{""2022"": 52, ""2023"": 90, ""2024"": 87, ""2025"": 96, ""2026"": 43}",246,-10.216780944808562,-26.216780944808562,41.05691056910569,-32.8688075989203,122,-7.252076239177315,-23.252076239177313,36.0655737704918,-40.659308248645054,184,-10.23450237313991,-26.23450237313991,42.391304347826086,-28.704027535719767,184,-8.233331396439104,-24.233331396439105,36.41304347826087,-41.193911580914566,92,-5.310721544851188,-21.310721544851187,43.47826086956522,-33.93710449633214,92,-15.158283201428631,-31.15828320142863,41.30434782608695,-25.128499823316996,92,-13.002264245003477,-29.002264245003477,33.69565217391305,-42.19799741397634,92,-3.4643985478747332,-19.464398547874733,39.130434782608695,-39.29706576536462,122,-7.252076239177315,-23.252076239177313,36.0655737704918,-40.659308248645054,-15.158283201428631,-31.15828320142863,h1_cost_residual_floor;ex2025_floor;loyo_floor;train_cost_floor;oos_cost_floor;worst_quarter_cost_floor;worst_quarter_slip16_floor,FAIL_BENCHMARK_OR_STABILITY_RESEARCH_ONLY
Stage40_PARALLEL_THESIS_MEGASCAN,RESEARCH_STAGE_ONLY_NO_PROMOTION,NO_GO,NO_GO,NO_GO,NO_GO,SESSION_TRANSITION_IMBALANCE,ASIA_COMP_LONDON_BREAKOUT_SHORT_Q0.4,SHORT,Asia compression then London breakout down,8,"{""asia_range_q"": 0.4, ""direction"": ""breakout_down""}",586,193,8.0,-2.7951299583446616,-1.1310753012648225,193,-1.3481868566611948,-4.163419038443195,-9.348186856661195,39.37823834196891,-42.68270934144836,36.26615259495702,8.290155440414509,11.398963730569948,-25.348186856661194,1.4469431016834668,-0.21711155539637228,-6.553056898316534,-8.217111555396373,142,-11.562245682307642,156,-9.483370136512567,37,-8.778224919990548,-10.986777703504668,"{""2022"": -8.306212218435736, ""2023"": -9.38165783525429, ""2024"": -8.277573065680501, ""2025"": -9.483370136512567, ""2026"": -10.986777703504668}","{""2022"": -13.462650812730955, ""2023"": -9.270280268556577, ""2024"": -12.869316658108808, ""2025"": -8.778224919990548, ""2026"": 11.602367542266057}","{""2022"": 39, ""2023"": 58, ""2024"": 45, ""2025"": 37, ""2026"": 14}",129,-13.329395054968272,-29.329395054968273,37.98449612403101,-34.94804624615932,64,-1.3235640819484926,-17.323564081948494,42.1875,-45.34344185913474,96,-10.943293939941098,-26.9432939399411,38.54166666666667,-33.97597015014075,97,-7.769524176301704,-23.769524176301704,40.20618556701031,-45.4392384886515,48,-14.499336072118718,-30.499336072118716,37.5,-36.22762182297401,48,-7.387251807763481,-23.38725180776348,39.58333333333333,-31.687750081307307,48,-14.15535076347859,-30.155350763478587,37.5,-45.04607094252378,49,-1.5140205806998515,-17.514020580699853,42.857142857142854,-45.4392384886515,64,-1.3235640819484926,-17.323564081948494,42.1875,-45.34344185913474,-14.499336072118718,-30.499336072118716,h1_cost_residual_floor;ex2025_floor;loyo_floor;train_cost_floor;oos_cost_floor;worst_quarter_cost_floor;worst_quarter_slip16_floor,FAIL_BENCHMARK_OR_STABILITY_RESEARCH_ONLY
Stage40_PARALLEL_THESIS_MEGASCAN,RESEARCH_STAGE_ONLY_NO_PROMOTION,NO_GO,NO_GO,NO_GO,NO_GO,VOL_COMPRESSION_EXPANSION,VOL_COMP_EXP_SHORT_L72_Q0.25_M2.0,SHORT,Compressed 72H range then bearish expansion,4,"{""compression_q"": 0.25, ""expansion_mult"": 2.0, ""lookback"": 72}",306,238,8.0,-1.3958339209070354,-1.2296768282992119,238,0.0278663042789351,-1.4253473217828994,-7.972133695721064,39.49579831932773,-28.40254799185704,26.239311774601816,7.563025210084033,6.302521008403361,-23.972133695721062,1.4237002251859705,1.257543132578147,-6.576299774814029,-6.742456867421852,167,-9.310452090913229,191,-8.173940496880789,47,-7.1520252059017535,-10.158753931366572,"{""2022"": -6.9369853294746315, ""2023"": -10.158753931366572, ""2024"": -5.738308850048185, ""2025"": -8.173940496880789, ""2026"": -8.836405064765852}","{""2022"": -14.635901303432487, ""2023"": -2.505583106607295, ""2024"": -13.67338815258767, ""2025"": -7.152025205901756, ""2026"": -0.26571398840505484}","{""2022"": 32, ""2023"": 68, ""2024"": 67, ""2025"": 47, ""2026"": 24}",159,-9.668719521561794,-25.668719521561794,37.735849056603776,-25.221774421577692,79,-4.557486274092254,-20.557486274092255,43.037974683544306,-41.48315067090014,119,-7.466552179682186,-23.466552179682186,42.016806722689076,-22.946477876486515,119,-8.477715211759945,-24.477715211759943,36.97478991596639,-34.6403843742027,59,-9.454725878946027,-25.45472587894603,44.06779661016949,-28.231807019369892,60,-5.511514708739407,-21.511514708739405,40.0,-19.570053155296698,59,-14.105211126084221,-30.10521112608422,25.423728813559322,-30.917630026294773,60,-2.9440108960077405,-18.94401089600774,48.333333333333336,-47.09801479804155,79,-4.557486274092254,-20.557486274092255,43.037974683544306,-41.48315067090014,-14.105211126084221,-30.10521112608422,h1_cost_residual_floor;ex2025_floor;loyo_floor;train_cost_floor;oos_cost_floor;worst_quarter_cost_floor;worst_quarter_slip16_floor,FAIL_BENCHMARK_OR_STABILITY_RESEARCH_ONLY
Stage40_PARALLEL_THESIS_MEGASCAN,RESEARCH_STAGE_ONLY_NO_PROMOTION,NO_GO,NO_GO,NO_GO,NO_GO,VOL_COMPRESSION_EXPANSION,VOL_COMP_EXP_SHORT_L72_Q0.25_M1.5,SHORT,Compressed 72H range then bearish expansion,4,"{""compression_q"": 0.25, ""expansion_mult"": 1.5, ""lookback"": 72}",616,430,8.0,-1.3958339209070354,-1.2296768282992119,430,-0.03817526887325524,-1.2830858473300566,-8.038175268873255,37.44186046511628,-26.851506965368532,25.498584439048734,5.348837209302325,5.813953488372093,-24.038175268873253,1.3576586520337801,1.1915015594259566,-6.6423413479662194,-6.808498440574043,287,-8.571331128854423,338,-7.001281618061953,92,-11.847632377288699,-10.03682603538121,"{""2022"": -7.9505506870051645, ""2023"": -10.03682603538121, ""2024"": -5.609539863742435, ""2025"": -7.001281618061953, ""2026"": -9.366633806574615}","{""2022"": -8.578526857059817, ""2023"": -2.2239184935773855, ""2024"": -14.53529391678733, ""2025"": -11.847632377288699, ""2026"": 1.8340950407113592}","{""2022"": 60, ""2023"": 110, ""2024"": 117, ""2025"": 92, ""2026"": 51}",288,-8.802567711398796,-24.802567711398794,37.15277777777778,-23.22092702115586,142,-6.487858202342582,-22.487858202342583,38.028169014084504,-35.388034347981765,215,-5.923020406118146,-21.923020406118148,42.32558139534884,-19.91643105561991,215,-10.153330131628367,-26.153330131628366,32.55813953488372,-34.05849175758257,107,-6.357087046843599,-22.3570870468436,42.99065420560748,-24.95768376429064,108,-5.492972900954968,-21.492972900954967,41.66666666666667,-17.378190348757983,107,-10.159144902778241,-26.15914490277824,27.102803738317753,-29.89739756743992,108,-10.147569200952102,-26.147569200952102,37.96296296296296,-37.40123553006791,142,-6.487858202342582,-22.487858202342583,38.028169014084504,-35.388034347981765,-10.159144902778241,-26.15914490277824,h1_cost_residual_floor;ex2025_floor;loyo_floor;train_cost_floor;oos_cost_floor;worst_quarter_cost_floor;worst_quarter_slip16_floor,FAIL_BENCHMARK_OR_STABILITY_RESEARCH_ONLY
Stage40_PARALLEL_THESIS_MEGASCAN,RESEARCH_STAGE_ONLY_NO_PROMOTION,NO_GO,NO_GO,NO_GO,NO_GO,VOL_COMPRESSION_EXPANSION,VOL_COMP_EXP_LONG_L24_Q0.15_M2.0,LONG,Compressed 24H range then bullish expansion,8,"{""compression_q"": 0.15, ""expansion_mult"": 2.0, ""lookback"": 24}",197,167,8.0,2.7951299583446616,1.1310753012648225,167,4.097100975432933,1.0858888740816752,-3.90289902456707,43.712574850299404,-30.39513677811523,30.85113016879637,11.377245508982035,9.580838323353294,-19.90289902456707,1.3019710170882712,2.9660256741681104,-6.698028982911731,-5.033974325831892,123,-8.823559160001459,137,-7.0647406897336,30,10.536177913026751,-7.0647406897336,"{""2022"": -1.6983704536082158, ""2023"": -0.6640655741433235, ""2024"": -4.4744957680280555, ""2025"": -7.0647406897336, ""2026"": -5.027532282937104}","{""2022"": -14.393414293267831, ""2023"": -11.065703770696508, ""2024"": -2.2017182404569944, ""2025"": 10.536177913026753, ""2026"": 8.387735870476865}","{""2022"": 29, ""2023"": 52, ""2024"": 42, ""2025"": 30, ""2026"": 14}",111,-10.545807776563441,-26.545807776563443,38.73873873873874,-31.93823124569728,56,9.264295108854308,-6.7357048911456925,53.57142857142857,-26.968858245989825,83,-12.848062980121938,-28.848062980121938,38.55421686746988,-30.816733186929124,84,4.935774883897857,-11.064225116102143,48.80952380952381,-29.853357930252898,41,-7.74251596098188,-23.74251596098188,41.46341463414634,-31.93823124569728,42,-17.832049355949135,-33.83204935594914,35.714285714285715,-29.820431886062316,42,-1.588924534989249,-17.58892453498925,47.61904761904761,-35.600083159972876,42,11.460474302784963,-4.539525697215037,50.0,-26.968858245989825,56,9.264295108854308,-6.7357048911456925,53.57142857142857,-26.968858245989825,-17.832049355949135,-33.83204935594914,h1_cost_residual_floor;ex2025_floor;loyo_floor;train_cost_floor;worst_quarter_cost_floor;worst_quarter_slip16_floor,FAIL_BENCHMARK_OR_STABILITY_RESEARCH_ONLY
Stage40_PARALLEL_THESIS_MEGASCAN,RESEARCH_STAGE_ONLY_NO_PROMOTION,NO_GO,NO_GO,NO_GO,NO_GO,VOL_COMPRESSION_EXPANSION,VOL_COMP_EXP_SHORT_L72_Q0.15_M2.0,SHORT,Compressed 72H range then bearish expansion,4,"{""compression_q"": 0.15, ""expansion_mult"": 2.0, ""lookback"": 72}",207,167,8.0,-1.3958339209070354,-1.2296768282992119,167,-0.29581272477166337,-1.3152126260407293,-8.295812724771665,40.7185628742515,-27.37737902826831,27.726210863111554,5.9880239520958085,5.9880239520958085,-24.295812724771665,1.100021196135372,0.9338641035275486,-6.899978803864629,-7.066135896472453,115,-10.824416300967066,131,-10.1248900846797,36,-1.6400034428840875,-10.72467619994786,"{""2022"": -6.787286762317199, ""2023"": -10.72467619994786, ""2024"": -5.161380315860587, ""2025"": -10.1248900846797, ""2026"": -8.634754957318144}","{""2022"": -16.476665059620874, ""2023"": -1.2916482847286759, ""2024"": -16.540732756907325, ""2025"": -1.6400034428840873, ""2026"": -5.097045405114248}","{""2022"": 26, ""2023"": 43, ""2024"": 46, ""2025"": 36, ""2026"": 16}",111,-11.043027810593616,-27.043027810593614,37.83783783783784,-25.221774421577692,56,-2.8504399653745733,-18.850439965374573,46.42857142857143,-35.96040454887817,83,-8.338549063873344,-24.338549063873344,43.373493975903614,-24.68865157161826,84,-8.253585151611667,-24.253585151611667,38.095238095238095,-34.081159482428625,41,-10.457765505558227,-26.45776550555823,43.90243902439025,-28.973108620642396,42,-6.269790156514292,-22.26979015651429,42.857142857142854,-19.570053155296698,42,-18.5658223789977,-34.5658223789977,21.428571428571427,-32.45955938465439,42,2.058652075774368,-13.941347924225632,54.761904761904766,-34.154873120137985,56,-2.8504399653745733,-18.850439965374573,46.42857142857143,-35.96040454887817,-18.5658223789977,-34.5658223789977,h1_cost_residual_floor;ex2025_floor;loyo_floor;train_cost_floor;oos_cost_floor;worst_quarter_cost_floor;worst_quarter_slip16_floor,FAIL_BENCHMARK_OR_STABILITY_RESEARCH_ONLY
Stage40_PARALLEL_THESIS_MEGASCAN,RESEARCH_STAGE_ONLY_NO_PROMOTION,NO_GO,NO_GO,NO_GO,NO_GO,VOL_COMPRESSION_EXPANSION,VOL_COMP_EXP_LONG_L24_Q0.25_M1.5,LONG,Compressed 24H range then bullish expansion,4,"{""compression_q"": 0.25, ""expansion_mult"": 1.5, ""lookback"": 24}",622,476,8.0,1.3958339209070354,1.2296768282992119,476,2.4567439523084467,0.5101404227136896,-5.543256047691553,41.806722689075634,-24.011296979372656,24.47555589146999,5.46218487394958,5.2521008403361344,-21.543256047691553,1.0609100314014113,1.2270671240092348,-6.939089968598589,-6.772932875990765,326,-7.387180418403711,370,-6.5918809423742495,106,-1.8829616039878008,-6.5918809423742495,"{""2022"": -4.689096791513289, ""2023"": -4.010322968737334, ""2024"": -6.323033987136575, ""2025"": -6.5918809423742495, ""2026"": -6.036608209310918}","{""2022"": -9.835676613549412, ""2023"": -9.847732133394997, ""2024"": -3.2806216988100947, ""2025"": -1.8829616039878, ""2026"": -0.6994348245196117}","{""2022"": 79, ""2023"": 125, ""2024"": 122, ""2025"": 106, ""2026"": 44}",318,-7.603114119741834,-23.603114119741832,39.62264150943396,-22.72200393426127,158,-1.3974657507802315,-17.39746575078023,46.20253164556962,-27.925793422378664,238,-9.696940923423671,-25.69694092342367,36.134453781512605,-24.321498039019396,238,-1.3895711719594361,-17.389571171959435,47.47899159663865,-23.672925959412062,119,-10.215353052914509,-26.21535305291451,36.134453781512605,-28.13476714848995,119,-9.17852879393283,-25.17852879393283,36.134453781512605,-21.56479547139267,119,-3.605604272149249,-19.60560427214925,49.57983193277311,-19.006946545938597,119,0.8264619282303758,-15.173538071769624,45.378151260504204,-30.408916659212526,158,-1.3974657507802315,-17.39746575078023,46.20253164556962,-27.925793422378664,-10.215353052914509,-26.21535305291451,h1_cost_residual_floor;ex2025_floor;loyo_floor;train_cost_floor;oos_cost_floor;worst_quarter_cost_floor;worst_quarter_slip16_floor,FAIL_BENCHMARK_OR_STABILITY_RESEARCH_ONLY
Stage40_PARALLEL_THESIS_MEGASCAN,RESEARCH_STAGE_ONLY_NO_PROMOTION,NO_GO,NO_GO,NO_GO,NO_GO,VOL_COMPRESSION_EXPANSION,VOL_COMP_EXP_LONG_L24_Q0.15_M1.5,LONG,Compressed 24H range then bullish expansion,72,"{""compression_q"": 0.15, ""expansion_mult"": 1.5, ""lookback"": 24}",400,159,8.0,25.002508867881485,23.30868059339869,159,26.043349619909076,8.53753078908337,18.043349619909076,50.314465408805034,-93.78587010330564,110.48560820827058,45.28301886792453,55.9748427672956,2.043349619909076,1.0408407520275915,2.7346690265103852,-6.9591592479724085,-5.265330973489615,110,-4.645574175617935,124,-2.5932227138651776,35,91.15577731670929,-2.5932227138651776,"{""2022"": 25.5273019126839, ""2023"": 33.83661805753018, ""2024"": 15.074149238432588, ""2025"": -2.5932227138651776, ""2026"": 18.478889977702433}","{""2022"": -20.239944800823686, ""2023"": -25.95218388489255, ""2024"": 26.31469353973643, ""2025"": 91.15577731670929, ""2026"": 13.532395914192202}","{""2022"": 26, ""2023"": 42, ""2024"": 42, ""2025"": 35, ""2026"": 14}",106,-2.872297997762654,-18.872297997762654,46.22641509433962,-95.93025727434201,53,59.874644855252555,43.874644855252555,58.490566037735846,-87.11453315890405,79,-24.170189522799323,-40.17018952279932,40.50632911392405,-97.8213218877122,80,59.72921952333362,43.72921952333362,60.0,-80.90676634736671,39,-17.029929452924282,-33.02992945292428,38.46153846153847,-110.1253389703838,40,-31.13194309092747,-47.13194309092747,42.5,-86.93967458014652,40,61.34421170420394,45.34421170420394,62.5,-70.79251731686665,40,58.1142273424633,42.1142273424633,57.49999999999999,-93.22359097787891,53,59.874644855252555,43.874644855252555,58.490566037735846,-87.11453315890405,-31.13194309092747,-47.13194309092747,h1_cost_residual_floor;ex2025_floor;loyo_floor;train_cost_floor;worst_quarter_cost_floor;worst_quarter_slip16_floor,FAIL_BENCHMARK_OR_STABILITY_RESEARCH_ONLY
Stage40_PARALLEL_THESIS_MEGASCAN,RESEARCH_STAGE_ONLY_NO_PROMOTION,NO_GO,NO_GO,NO_GO,NO_GO,VOL_COMPRESSION_EXPANSION,VOL_COMP_EXP_LONG_L24_Q0.25_M2.0,LONG,Compressed 24H range then bullish expansion,24,"{""compression_q"": 0.25, ""expansion_mult"": 2.0, ""lookback"": 24}",307,227,8.0,8.502590481085887,8.612916361476685,227,9.458646560761183,0.9341627566294974,1.4586465607611796,48.01762114537445,-57.061585386751766,63.41309245873505,23.788546255506606,27.75330396475771,-14.54135343923882,0.9560560796752959,0.8457301992844979,-7.043943920324708,-7.154269800715506,164,-3.3263088180655536,181,-1.8355251469466216,46,14.4204961063071,-1.8355251469466216,"{""2022"": 3.607139818692616, ""2023"": 5.5725717520359686, ""2024"": -0.1944748173502669, ""2025"": -1.8355251469466216, ""2026"": 0.5610865463208387}","{""2022"": -8.585559420068272, ""2023"": -8.576837617954586, ""2024"": 6.275500231465227, ""2025"": 14.420496106307098, ""2026"": 12.546152621494837}","{""2022"": 40, ""2023"": 66, ""2024"": 58, ""2025"": 46, ""2026"": 17}",152,-5.52616255880833,-21.52616255880833,44.73684210526316,-56.98115224082257,75,15.614526376422061,-0.3854736235779388,54.666666666666664,-58.777727134607936,113,-8.803081865802307,-24.803081865802305,43.36283185840708,-56.41011376595895,114,11.630359825688146,-4.369640174311854,52.63157894736842,-58.77841538742767,56,-8.440748153361392,-24.44074815336139,39.285714285714285,-57.42868505268228,57,-9.15905884644601,-25.15905884644601,47.368421052631575,-44.29298187032305,57,9.89954609398293,-6.100453906017069,52.63157894736842,-52.719452269912594,57,13.361173557393368,-2.638826442606632,52.63157894736842,-64.13005880318346,75,15.614526376422061,-0.3854736235779388,54.666666666666664,-58.777727134607936,-9.15905884644601,-25.15905884644601,h1_cost_residual_floor;ex2025_floor;loyo_floor;train_cost_floor;worst_quarter_slip16_floor,FAIL_BENCHMARK_OR_STABILITY_RESEARCH_ONLY
Stage40_PARALLEL_THESIS_MEGASCAN,RESEARCH_STAGE_ONLY_NO_PROMOTION,NO_GO,NO_GO,NO_GO,NO_GO,VOL_COMPRESSION_EXPANSION,VOL_COMP_EXP_LONG_L24_Q0.25_M2.0,LONG,Compressed 24H range then bullish expansion,72,"{""compression_q"": 0.25, ""expansion_mult"": 2.0, ""lookback"": 24}",307,154,8.0,25.002508867881485,23.30868059339869,154,25.92520044529315,27.819833122746385,17.92520044529315,55.1948051948052,-93.11019782385577,105.58545713456269,46.103896103896105,52.5974025974026,1.9252004452931502,0.9226915774116655,2.6165198518944592,-7.0773084225883345,-5.383480148105541,108,18.22942186144028,120,12.24522639416185,34,37.97216768458011,5.512710954284199,"{""2022"": 26.30707132967335, ""2023"": 21.05803202191141, ""2024"": 5.512710954284199, ""2025"": 12.24522639416185, ""2026"": 22.956558185290664}","{""2022"": -19.793218534417726, ""2023"": 9.57098290764446, ""2024"": 55.815957838899436, ""2025"": 37.97216768458012, ""2026"": -41.61253281134402}","{""2022"": 28, ""2023"": 42, ""2024"": 38, ""2025"": 34, ""2026"": 12}",103,19.343627916466726,3.343627916466726,55.33980582524271,-92.33397197663918,51,15.06053319958966,-0.9394668004103401,54.90196078431373,-96.80690061356967,77,4.100938405518152,-11.899061594481848,51.94805194805194,-102.09815918699627,77,31.749462485068154,15.749462485068154,58.44155844155844,-87.2994268257643,38,-7.952213197928276,-23.952213197928277,47.368421052631575,-128.4932884035328,39,15.845034839645445,-0.1549651603545552,56.41025641025641,-73.6967357390783,38,58.79945303011471,42.79945303011471,63.1578947368421,-79.77569167039233,39,5.393061441176624,-10.606938558823376,53.84615384615385,-161.20111809386106,51,15.06053319958966,-0.9394668004103401,54.90196078431373,-96.80690061356967,-7.952213197928276,-23.952213197928277,h1_cost_residual_floor,FAIL_BENCHMARK_OR_STABILITY_RESEARCH_ONLY
Stage40_PARALLEL_THESIS_MEGASCAN,RESEARCH_STAGE_ONLY_NO_PROMOTION,NO_GO,NO_GO,NO_GO,NO_GO,VOLATILITY_SHOCK_REVERSAL,UPPER_WICK_SHOCK_REV_SHORT_M2.0_W1.5,SHORT,Large H1 shock with upper-wick rejection,72,"{""range_atr_mult"": 2.0, ""wick_ratio"": 1.5}",111,85,8.0,-25.002508867881485,-23.30868059339869,85,-24.181654236497778,-24.545321785236496,-32.18165423649777,38.82352941176471,-116.20671985945296,116.16454527671793,56.470588235294116,56.470588235294116,-48.18165423649777,0.8208546313837068,-0.8729736430990869,-7.179145368616286,-8.87297364309908,64,-41.79027248386339,73,-34.29101699551361,12,-19.34969745248478,-38.24702379469833,"{""2022"": -33.965941694094425, ""2023"": -33.11993879429774, ""2024"": -19.130035165495116, ""2025"": -34.29101699551361, ""2026"": -38.24702379469833}","{""2022"": -23.854979434380077, ""2023"": -29.92977129777787, ""2024"": -65.3545193752962, ""2025"": -19.34969745248478, ""2026"": 19.03702203275145}","{""2022"": 15, ""2023"": 25, ""2024"": 24, ""2025"": 12, ""2026"": 9}",56,-43.9006628994291,-59.9006628994291,42.857142857142854,-101.47700768543876,29,-9.551844404630405,-25.551844404630405,31.03448275862069,-119.21752231699445,42,-26.922297790541755,-42.922297790541755,42.857142857142854,-98.44373721615506,43,-37.31870006743157,-53.31870006743157,34.883720930232556,-120.29735840541011,21,-62.94531047132052,-78.94531047132051,33.33333333333333,-101.87342104399644,21,9.100714890237008,-6.899285109762992,52.38095238095239,-78.66477982185982,21,-60.79208552684669,-76.79208552684669,38.095238095238095,-116.20671985945296,22,-14.912286674353517,-30.912286674353517,31.818181818181817,-157.17076089147076,29,-9.551844404630405,-25.551844404630405,31.03448275862069,-119.21752231699445,-62.94531047132052,-78.94531047132051,h1_cost_residual_floor;ex2025_floor;loyo_floor;train_cost_floor;oos_cost_floor;worst_quarter_cost_floor;worst_quarter_slip16_floor,FAIL_BENCHMARK_OR_STABILITY_RESEARCH_ONLY
Stage40_PARALLEL_THESIS_MEGASCAN,RESEARCH_STAGE_ONLY_NO_PROMOTION,NO_GO,NO_GO,NO_GO,NO_GO,SESSION_TRANSITION_IMBALANCE,ASIA_COMP_LONDON_BREAKOUT_LONG_Q0.25,LONG,Asia compression then London breakout up,4,"{""asia_range_q"": 0.25, ""direction"": ""breakout_up""}",542,227,8.0,1.3958339209070354,1.2296768282992119,227,2.2164151783612103,2.2303087216823947,-5.783584821638789,42.290748898678416,-19.45678235918402,20.356495261555363,0.881057268722467,1.3215859030837005,-21.78358482163879,0.8205812574541749,0.9867383500619984,-7.179418742545825,-7.013261649938001,145,-6.29325259362593,159,-7.424565520200229,68,-1.9465858352966032,-7.424565520200229,"{""2022"": -5.242239782894902, ""2023"": -4.892353017333241, ""2024"": -6.996229024719492, ""2025"": -7.424565520200229, ""2026"": -4.905584332750839}","{""2022"": -8.753249034176681, ""2023"": -9.597227891225325, ""2024"": -2.8877180680132364, ""2025"": -1.9465858352966032, ""2026"": -19.14173511686261}","{""2022"": 35, ""2023"": 43, ""2024"": 67, ""2025"": 68, ""2026"": 14}",152,-5.465679212695735,-21.465679212695736,42.10526315789473,-17.623205663875872,75,-6.427873522430047,-22.427873522430048,42.66666666666667,-30.231265876377034,113,-7.508053113523493,-23.508053113523495,40.707964601769916,-19.854833520991377,114,-4.074243444595181,-20.074243444595183,43.859649122807014,-18.353284714284214,56,-11.764613794542981,-27.76461379454298,35.714285714285715,-28.738338331182334,57,-3.326168935679783,-19.32616893567978,45.614035087719294,-16.527624744215874,57,-3.019656855274944,-19.019656855274945,45.614035087719294,-15.442948975492587,57,-5.12883003391542,-21.12883003391542,42.10526315789473,-27.142280011371867,75,-6.427873522430047,-22.427873522430048,42.66666666666667,-30.231265876377034,-11.764613794542981,-27.76461379454298,h1_cost_residual_floor;ex2025_floor;loyo_floor;train_cost_floor;oos_cost_floor;worst_quarter_cost_floor;worst_quarter_slip16_floor,FAIL_BENCHMARK_OR_STABILITY_RESEARCH_ONLY
Stage40_PARALLEL_THESIS_MEGASCAN,RESEARCH_STAGE_ONLY_NO_PROMOTION,NO_GO,NO_GO,NO_GO,NO_GO,FALSE_BREAKOUT_SWEEP_REVERSAL,SWEEP_LOW_REV_LONG_L24_T15,LONG,Sweep below prior 24H low by 15bps then close back inside,4,"{""lookback"": 24, ""threshold_bps"": 15}",97,96,8.0,1.3958339209070354,1.2296768282992119,96,2.1356576971736057,6.487284381887504,-5.864342302826394,47.91666666666667,-30.163083394633695,32.79124908799558,16.666666666666664,15.625,-21.864342302826394,0.7398237762665703,0.9059808688743938,-7.2601762237334295,-7.094019131125606,42,-2.5754101982931235,69,-12.979417689089317,27,12.318628128734408,-12.979417689089317,"{""2022"": -9.234403071260376, ""2023"": -4.895635894661832, ""2024"": -5.296520630942721, ""2025"": -12.979417689089317, ""2026"": 3.2526917557611283}","{""2022"": 9.79652832695505, ""2023"": -12.04916013956937, ""2024"": -9.839094006012104, ""2025"": 12.318628128734408, ""2026"": -29.163429341438952}","{""2022"": 17, ""2023"": 13, ""2024"": 12, ""2025"": 27, ""2026"": 27}",64,0.02064303399581391,-15.979356966004186,48.4375,-25.909156243790754,32,-17.634312976470813,-33.63431297647081,46.875,-62.60175970223936,48,0.24304854749137483,-15.756951452508625,50.0,-22.489938492171735,48,-11.971733153144163,-27.971733153144164,45.83333333333333,-42.275488032659794,24,2.718817816718953,-13.281182183281047,45.83333333333333,-23.622612268072718,24,-2.2327207217362033,-18.232720721736204,54.166666666666664,-22.489938492171735,24,-0.7026111415888797,-16.70261114158888,54.166666666666664,-26.158534261396802,24,-23.24085516469945,-39.240855164699454,37.5,-89.42787075254199,32,-17.634312976470813,-33.63431297647081,46.875,-62.60175970223936,-23.24085516469945,-39.240855164699454,h1_cost_residual_floor;ex2025_floor;loyo_floor;oos_cost_floor;worst_quarter_cost_floor;worst_quarter_slip16_floor,FAIL_BENCHMARK_OR_STABILITY_RESEARCH_ONLY
Stage40_PARALLEL_THESIS_MEGASCAN,RESEARCH_STAGE_ONLY_NO_PROMOTION,NO_GO,NO_GO,NO_GO,NO_GO,FAILED_CONTINUATION_AFTER_EXTREME_MOVE,FAILED_DOWN_CONT_LONG_L72_T100,LONG,"Strong 72H down move, new low attempt fails",8,"{""lookback"": 72, ""move_bps"": 100}",164,122,8.0,2.7951299583446616,1.1310753012648225,122,3.5345175141723533,8.475485846733966,-4.465482485827648,50.0,-35.03721978218577,34.34206559475683,13.934426229508196,14.754098360655737,-20.46548248582765,0.7393875558276917,2.403442212907531,-7.26061244417231,-5.59655778709247,84,0.4605191616297854,101,-7.945112240937553,21,12.26987966970095,-7.945112240937553,"{""2022"": -6.95441451165838, ""2023"": -5.958062142537282, ""2024"": -4.949780496426956, ""2025"": -7.945112240937553, ""2026"": 2.8223912632440187}","{""2022"": 2.5346388368212835, ""2023"": 1.0455808620233127, ""2024"": -2.6773052159225093, ""2025"": 12.26987966970095, ""2026"": -49.47882034774087}","{""2022"": 32, ""2023"": 26, ""2024"": 26, ""2025"": 21, ""2026"": 17}",81,-0.9361715610093362,-16.936171561009335,46.913580246913575,-28.959350744331978,41,-11.438023581200408,-27.438023581200408,56.09756097560976,-59.13362275378642,61,2.748311655553263,-13.251688344446737,45.90163934426229,-28.36415500018785,61,-11.679276627208559,-27.67927662720856,54.09836065573771,-57.50977365779786,30,-1.9596365324047116,-17.959636532404712,40.0,-31.93357504613914,31,7.304390547125497,-8.695609452874503,51.61290322580645,-20.791658134735602,30,0.949599728469092,-15.050400271530908,53.333333333333336,-40.19917048300681,31,-23.90076987463854,-39.90076987463854,54.83870967741935,-59.13362275378642,41,-11.438023581200408,-27.438023581200408,56.09756097560976,-59.13362275378642,-23.90076987463854,-39.90076987463854,h1_cost_residual_floor;ex2025_floor;loyo_floor;train_cost_floor;oos_cost_floor;worst_quarter_cost_floor;worst_quarter_slip16_floor,FAIL_BENCHMARK_OR_STABILITY_RESEARCH_ONLY
Stage40_PARALLEL_THESIS_MEGASCAN,RESEARCH_STAGE_ONLY_NO_PROMOTION,NO_GO,NO_GO,NO_GO,NO_GO,VOL_COMPRESSION_EXPANSION,VOL_COMP_EXP_LONG_L120_Q0.25_M1.5,LONG,Compressed 120H range then bullish expansion,4,"{""compression_q"": 0.25, ""expansion_mult"": 1.5, ""lookback"": 120}",609,452,8.0,1.3958339209070354,1.2296768282992119,452,2.1082420912797386,1.8462677138286754,-5.891757908720261,43.584070796460175,-23.512231164087293,24.388895647279305,5.3097345132743365,3.5398230088495577,-21.891757908720262,0.7124081703727032,0.8785652629805267,-7.287591829627297,-7.121434737019473,294,-8.053946257536603,334,-7.382625834097023,118,-1.6718436114673931,-7.382625834097023,"{""2022"": -4.6769341188921425, ""2023"": -5.247109736918264, ""2024"": -6.037317469141708, ""2025"": -7.382625834097023, ""2026"": -6.226062489973092}","{""2022"": -12.751939310102587, ""2023"": -7.825702424126252, ""2024"": -5.455079227455922, ""2025"": -1.6718436114673938, ""2026"": -2.448420721816106}","{""2022"": 68, ""2023"": 113, ""2024"": 113, ""2025"": 118, ""2026"": 40}",302,-7.887221356692513,-23.887221356692514,42.384105960264904,-21.146616255286464,150,-1.8742248334694622,-17.874224833469462,46.0,-29.143004218628587,226,-10.675178225875332,-26.67517822587533,38.49557522123894,-21.314185730247903,226,-1.1083375915651894,-17.10833759156519,48.67256637168141,-26.481483367114535,113,-9.5007583261617,-25.5007583261617,42.47787610619469,-24.1570308077943,113,-11.849598125588965,-27.849598125588965,34.51327433628318,-17.6574184208822,113,-1.8707251178483502,-17.87072511784835,51.32743362831859,-20.89964566692748,113,-0.345950065282029,-16.34595006528203,46.017699115044245,-30.408916659212526,150,-1.8742248334694622,-17.874224833469462,46.0,-29.143004218628587,-11.849598125588965,-27.849598125588965,h1_cost_residual_floor;ex2025_floor;loyo_floor;train_cost_floor;oos_cost_floor;worst_quarter_cost_floor;worst_quarter_slip16_floor,FAIL_BENCHMARK_OR_STABILITY_RESEARCH_ONLY
Stage40_PARALLEL_THESIS_MEGASCAN,RESEARCH_STAGE_ONLY_NO_PROMOTION,NO_GO,NO_GO,NO_GO,NO_GO,VOL_COMPRESSION_EXPANSION,VOL_COMP_EXP_LONG_L120_Q0.25_M2.0,LONG,Compressed 120H range then bullish expansion,4,"{""compression_q"": 0.25, ""expansion_mult"": 2.0, ""lookback"": 120}",280,225,8.0,1.3958339209070354,1.2296768282992119,225,2.029865252918506,2.510830447206569,-5.9701347470814925,46.22222222222222,-23.03325223033226,26.45617174384718,8.88888888888889,4.444444444444445,-21.97013474708149,0.6340313320114708,0.8001884246192943,-7.365968667988528,-7.199811575380704,159,-9.00337880765481,175,-8.539914852880663,50,3.0240956232156027,-8.539914852880663,"{""2022"": -4.7672816123999935, ""2023"": -3.170487601859092, ""2024"": -7.116243645576629, ""2025"": -8.539914852880663, ""2026"": -6.125992580173852}","{""2022"": -12.499908906781044, ""2023"": -12.714739233299092, ""2024"": -2.6701315393454896, ""2025"": 3.0240956232156013, ""2026"": -3.9342418023125485}","{""2022"": 35, ""2023"": 66, ""2024"": 58, ""2025"": 50, ""2026"": 16}",150,-9.289216478678817,-25.289216478678817,43.333333333333336,-22.81676103316588,75,0.6680287161131637,-15.331971283886837,52.0,-25.276317830776883,112,-13.681123834437418,-29.681123834437418,37.5,-22.95139455408213,113,1.6726154987934068,-14.327384501206593,54.86725663716814,-23.646369168105473,56,-12.059241850563295,-28.059241850563296,44.642857142857146,-24.609590958466487,56,-15.303005818311537,-31.303005818311537,30.357142857142854,-22.673650483958642,56,-0.36418677211484507,-16.364186772114845,57.14285714285714,-18.633353685528764,57,3.6736843965278303,-12.32631560347217,52.63157894736842,-26.682619264660758,75,0.6680287161131637,-15.331971283886837,52.0,-25.276317830776883,-15.303005818311537,-31.303005818311537,h1_cost_residual_floor;ex2025_floor;loyo_floor;train_cost_floor;worst_quarter_cost_floor;worst_quarter_slip16_floor,FAIL_BENCHMARK_OR_STABILITY_RESEARCH_ONLY
Stage40_PARALLEL_THESIS_MEGASCAN,RESEARCH_STAGE_ONLY_NO_PROMOTION,NO_GO,NO_GO,NO_GO,NO_GO,PULLBACK_CONTINUATION_AFTER_TREND,UPTREND_PULLBACK_CONT_LONG_TL120_T150,LONG,Uptrend 120H then controlled pullback continuation,8,"{""mean_lookback"": 24, ""trend_bps"": 150, ""trend_lookback"": 120}",997,424,8.0,2.7951299583446616,1.1310753012648225,424,3.341621406041684,2.0091494708041058,-4.658378593958316,45.75471698113208,-30.122243753107348,32.80698163161233,11.320754716981133,11.084905660377359,-20.658378593958318,0.5464914476970222,2.2105461047768613,-7.453508552302978,-5.789453895223138,224,-3.554552532668901,285,-3.2725591228226194,139,-7.499807005999131,-5.704259705322505,"{""2022"": -4.817318440969448, ""2023"": -5.704259705322505, ""2024"": -4.172683717340605, ""2025"": -3.2725591228226194, ""2026"": -5.065269810335297}","{""2022"": -3.2127828425713614, ""2023"": -0.8311433183069457, ""2024"": -6.43570160399895, ""2025"": -7.499807005999131, ""2026"": -2.237042339124798}","{""2022"": 42, ""2023"": 91, ""2024"": 91, ""2025"": 139, ""2026"": 61}",284,-6.36924156797196,-22.36924156797196,45.07042253521127,-26.295375434128854,140,-1.1877708466734966,-17.187770846673498,47.14285714285714,-37.18149569259977,212,-2.4808439913153575,-18.480843991315357,45.28301886792453,-25.08317866364684,212,-6.8359131966012745,-22.835913196601275,46.22641509433962,-37.786416779450605,106,-1.0337222555130825,-17.033722255513084,46.22641509433962,-27.465995177402,106,-3.9279657271176327,-19.927965727117634,44.339622641509436,-22.342884663330565,106,-13.275611831426543,-29.275611831426545,45.28301886792453,-35.54978486928539,106,-0.39621456177600445,-16.396214561776006,47.16981132075472,-40.59231067419622,140,-1.1877708466734966,-17.187770846673498,47.14285714285714,-37.18149569259977,-13.275611831426543,-29.275611831426545,h1_cost_residual_floor;ex2025_floor;loyo_floor;train_cost_floor;oos_cost_floor;worst_quarter_cost_floor;worst_quarter_slip16_floor,FAIL_BENCHMARK_OR_STABILITY_RESEARCH_ONLY
Stage40_PARALLEL_THESIS_MEGASCAN,RESEARCH_STAGE_ONLY_NO_PROMOTION,NO_GO,NO_GO,NO_GO,NO_GO,VOLATILITY_SHOCK_REVERSAL,UPPER_WICK_SHOCK_REV_SHORT_M2.5_W1.0,SHORT,Large H1 shock with upper-wick rejection,4,"{""range_atr_mult"": 2.5, ""wick_ratio"": 1.0}",75,70,8.0,-1.3958339209070354,-1.2296768282992119,70,-0.8759537154524285,4.621656060193047,-8.875953715452425,45.714285714285715,-25.948645216927744,31.493181220686452,10.0,10.0,-24.875953715452425,0.5198802054546069,0.35372311284678337,-7.48011979454539,-7.646276887153213,56,-10.883515483345148,60,-8.774729186122443,10,-9.483300891432338,-11.976497493173234,"{""2022"": -6.591094317581084, ""2023"": -11.976497493173234, ""2024"": -6.300263232844139, ""2025"": -8.774729186122443, ""2026"": -10.671361757297753}","{""2022"": -22.58511010268049, ""2023"": -2.5400599088055675, ""2024"": -14.139321223391105, ""2025"": -9.483300891432338, ""2026"": 20.748278974995436}","{""2022"": 10, ""2023"": 23, ""2024"": 23, ""2025"": 10, ""2026"": 4}",46,-12.604709595389846,-28.604709595389846,50.0,-25.368463407468013,24,-1.729171612239039,-17.72917161223904,37.5,-29.23177670959176,35,-9.424465973382194,-25.424465973382194,51.42857142857142,-25.07659432043452,35,-8.327441457522662,-24.32744145752266,40.0,-26.805556239928308,17,-27.405435276957732,-43.40543527695773,41.17647058823529,-29.7479507865428,18,7.557560591105814,-8.442439408894186,61.111111111111114,-22.11030686265825,17,-19.996730637051645,-35.99673063705164,41.17647058823529,-24.44327736248253,18,2.6935538786991566,-13.306446121300844,38.88888888888889,-33.05787007989558,24,-1.729171612239039,-17.72917161223904,37.5,-29.23177670959176,-27.405435276957732,-43.40543527695773,h1_cost_residual_floor;ex2025_floor;loyo_floor;train_cost_floor;oos_cost_floor;worst_quarter_cost_floor;worst_quarter_slip16_floor,FAIL_BENCHMARK_OR_STABILITY_RESEARCH_ONLY
Stage40_PARALLEL_THESIS_MEGASCAN,RESEARCH_STAGE_ONLY_NO_PROMOTION,NO_GO,NO_GO,NO_GO,NO_GO,VOLATILITY_SHOCK_REVERSAL,UPPER_WICK_SHOCK_REV_SHORT_M2.5_W1.0,SHORT,Large H1 shock with upper-wick rejection,8,"{""range_atr_mult"": 2.5, ""wick_ratio"": 1.0}",75,70,8.0,-2.7951299583446616,-1.1310753012648225,70,-2.2956918345294413,2.8464879093792472,-10.29569183452944,44.285714285714285,-26.85718431201467,34.985202914625816,12.857142857142856,12.857142857142856,-26.295691834529443,0.49943812381522035,-1.1646165332646188,-7.500561876184779,-9.164616533264619,56,-13.667983968388013,60,-8.214679895962929,10,-22.78176346592852,-17.39884512249519,"{""2022"": -7.789536092389947, ""2023"": -17.39884512249519, ""2024"": -2.3738361004422024, ""2025"": -8.214679895962929, ""2026"": -15.048859649833542}","{""2022"": -25.332626287366427, ""2023"": 4.219447493052738, ""2024"": -26.483831812881625, ""2025"": -22.78176346592852, ""2026"": 68.13157711798823}","{""2022"": 10, ""2023"": 23, ""2024"": 23, ""2025"": 10, ""2026"": 4}",46,-14.179385915609517,-30.179385915609515,43.47826086956522,-26.521257089641146,24,-2.851944845792635,-18.851944845792634,45.83333333333333,-39.966768122930986,35,-7.1153980503583645,-23.115398050358365,48.57142857142857,-26.23695793935399,35,-13.475985618700523,-29.475985618700523,40.0,-28.189006287548946,17,-19.853263834812793,-35.85326383481279,41.17647058823529,-29.7479507865428,18,4.9148085238485955,-11.085191476151405,55.55555555555556,-22.736097696686166,17,-32.277323913760064,-48.277323913760064,29.411764705882355,-24.44327736248253,18,4.2808338821890475,-11.719166117810953,50.0,-43.06606201310181,24,-2.851944845792635,-18.851944845792634,45.83333333333333,-39.966768122930986,-32.277323913760064,-48.277323913760064,h1_cost_residual_floor;ex2025_floor;loyo_floor;train_cost_floor;oos_cost_floor;worst_quarter_cost_floor;worst_quarter_slip16_floor,FAIL_BENCHMARK_OR_STABILITY_RESEARCH_ONLY
Stage40_PARALLEL_THESIS_MEGASCAN,RESEARCH_STAGE_ONLY_NO_PROMOTION,NO_GO,NO_GO,NO_GO,NO_GO,FALSE_BREAKOUT_SWEEP_REVERSAL,SWEEP_LOW_REV_LONG_L24_T8,LONG,Sweep below prior 24H low by 8bps then close back inside,4,"{""lookback"": 24, ""threshold_bps"": 8}",186,179,8.0,1.3958339209070354,1.2296768282992119,179,1.6514159230191103,8.189730003094198,-6.348584076980889,50.27932960893855,-24.18903091103486,26.052252318835567,12.290502793296088,10.05586592178771,-22.348584076980888,0.25558200211207494,0.42173909471989846,-7.744417997887925,-7.578260905280101,104,-6.669748604692281,136,-13.434778701097821,43,16.063566362086615,-13.434778701097821,"{""2022"": -4.923167189957632, ""2023"": -8.076555778259522, ""2024"": -5.799629652684749, ""2025"": -13.434778701097821, ""2026"": -0.019867355906617964}","{""2022"": -11.637630947251395, ""2023"": 0.7607852082797676, ""2024"": -8.96939874781407, ""2025"": 16.063566362086615, ""2026"": -35.421126514415825}","{""2022"": 38, ""2023"": 35, ""2024"": 31, ""2025"": 43, ""2026"": 32}",119,-3.1161507685275183,-19.11615076852752,52.10084033613446,-19.166553369567296,60,-12.75957680541341,-28.75957680541341,46.666666666666664,-39.79620178520548,89,-7.08290852867788,-23.08290852867788,44.9438202247191,-20.36366257591404,90,-5.622418785858309,-21.622418785858308,55.55555555555556,-28.17343747821277,44,-7.818720248896196,-23.818720248896195,45.45454545454545,-19.224432036958895,45,-6.363448180019974,-22.363448180019972,44.44444444444444,-20.911536455778812,45,2.808319830015142,-13.191680169984858,62.22222222222222,-21.71578983825695,45,-14.053157401731756,-30.053157401731756,48.888888888888886,-42.38172138557816,60,-12.75957680541341,-28.75957680541341,46.666666666666664,-39.79620178520548,-14.053157401731756,-30.053157401731756,h1_cost_residual_floor;ex2025_floor;loyo_floor;train_cost_floor;oos_cost_floor;worst_quarter_cost_floor;worst_quarter_slip16_floor,FAIL_BENCHMARK_OR_STABILITY_RESEARCH_ONLY
Stage40_PARALLEL_THESIS_MEGASCAN,RESEARCH_STAGE_ONLY_NO_PROMOTION,NO_GO,NO_GO,NO_GO,NO_GO,FAILED_CONTINUATION_AFTER_EXTREME_MOVE,FAILED_DOWN_CONT_LONG_L24_T100,LONG,"Strong 24H down move, new low attempt fails",4,"{""lookback"": 24, ""move_bps"": 100}",159,144,8.0,1.3958339209070354,1.2296768282992119,144,1.4754816578162733,4.507361540460053,-6.524518342183726,46.52777777777778,-28.84638493934,27.580247773492104,11.805555555555555,12.5,-22.524518342183725,0.07964773690923788,0.2458048295170614,-7.920352263090762,-7.754195170482938,83,-5.168393499007419,116,-10.751492421299018,28,10.987231414151049,-10.751492421299018,"{""2022"": -8.072451281268291, ""2023"": -7.63819324216153, ""2024"": -4.611134272864205, ""2025"": -10.751492421299018, ""2026"": -1.0931007281205993}","{""2022"": 0.1831910605160507, ""2023"": 0.3802660376786629, ""2024"": -12.264670550142291, ""2025"": 10.987231414151049, ""2026"": -24.79383213494152}","{""2022"": 27, ""2023"": 20, ""2024"": 36, ""2025"": 28, ""2026"": 33}",96,-2.7415466943336297,-18.74154669433363,47.91666666666667,-22.47434447126495,48,-14.09046163788392,-30.09046163788392,43.75,-45.40179758021179,72,-3.304970013894032,-19.30497001389403,45.83333333333333,-19.654960550865574,72,-9.744066670473421,-25.744066670473423,47.22222222222222,-42.640321954982575,36,-1.9122856923080027,-17.912285692308004,52.77777777777778,-17.245923273240813,36,-4.697654335480063,-20.697654335480063,38.88888888888889,-28.156106326481243,36,1.0846073277958996,-14.915392672204101,50.0,-28.411089729714067,36,-20.572740668742735,-36.57274066874274,44.44444444444444,-55.73699630661899,48,-14.09046163788392,-30.09046163788392,43.75,-45.40179758021179,-20.572740668742735,-36.57274066874274,h1_cost_residual_floor;ex2025_floor;loyo_floor;train_cost_floor;oos_cost_floor;worst_quarter_cost_floor;worst_quarter_slip16_floor,FAIL_BENCHMARK_OR_STABILITY_RESEARCH_ONLY
Stage40_PARALLEL_THESIS_MEGASCAN,RESEARCH_STAGE_ONLY_NO_PROMOTION,NO_GO,NO_GO,NO_GO,NO_GO,VOL_COMPRESSION_EXPANSION,VOL_COMP_EXP_SHORT_L24_Q0.25_M2.0,SHORT,Compressed 24H range then bearish expansion,24,"{""compression_q"": 0.25, ""expansion_mult"": 2.0, ""lookback"": 24}",274,201,8.0,-8.502590481085887,-8.612916361476685,201,-8.485451963850187,-4.369470655813945,-16.48545196385019,42.28855721393035,-62.576258486524154,49.316543009187974,27.363184079601986,23.383084577114428,-32.48545196385019,0.01713851723570059,0.12746439762649864,-7.982861482764301,-7.872535602373503,131,-8.581842689971534,153,-8.259415406408074,48,-42.70594349069693,-21.34892081045552,"{""2022"": -21.34892081045552, ""2023"": -18.502103335493047, ""2024"": -15.661786953651408, ""2025"": -8.259415406408074, ""2026"": -17.732439552735887}","{""2022"": 17.75336871625136, ""2023"": -10.70697014895046, ""2024"": -18.727651158280203, ""2025"": -42.70594349069693, ""2026"": -6.339507490643833}","{""2022"": 25, ""2023"": 52, ""2024"": 54, ""2025"": 48, ""2026"": 22}",134,-10.415528992673089,-26.41552899267309,44.02985074626866,-63.07725564370204,67,-28.625297906204384,-44.62529790620438,38.80597014925373,-62.45280691673738,100,-7.8475716316321815,-23.84757163163218,47.0,-58.6740678451192,101,-25.037808728422466,-41.03780872842246,37.62376237623762,-69.79791362193399,50,11.316298802515618,-4.683701197484382,60.0,-59.02328928117151,50,-27.011442065779978,-43.011442065779974,34.0,-58.6740678451192,50,-29.304209667764667,-45.30420966776467,36.0,-75.27523480409192,51,-20.855062709459528,-36.85506270945953,39.21568627450981,-53.28727895373753,67,-28.625297906204384,-44.62529790620438,38.80597014925373,-62.45280691673738,-29.304209667764667,-45.30420966776467,h1_cost_residual_floor;ex2025_floor;loyo_floor;train_cost_floor;oos_cost_floor;worst_quarter_cost_floor;worst_quarter_slip16_floor,FAIL_BENCHMARK_OR_STABILITY_RESEARCH_ONLY
Stage40_PARALLEL_THESIS_MEGASCAN,RESEARCH_STAGE_ONLY_NO_PROMOTION,NO_GO,NO_GO,NO_GO,NO_GO,PULLBACK_CONTINUATION_AFTER_TREND,UPTREND_PULLBACK_CONT_LONG_TL120_T300,LONG,Uptrend 120H then controlled pullback continuation,8,"{""mean_lookback"": 24, ""trend_bps"": 300, ""trend_lookback"": 120}",378,161,8.0,2.7951299583446616,1.1310753012648225,161,2.710751310365692,2.31423128262076,-5.289248689634308,45.3416149068323,-35.300855294660984,36.59666226291991,14.906832298136646,14.285714285714285,-21.289248689634306,-0.08437864797896966,1.5796760091008695,-8.08437864797897,-6.42032399089913,66,-1.892962751228195,105,-2.599521285336929,56,-10.332487572691893,-6.0017407693964095,"{""2022"": -6.0017407693964095, ""2023"": -5.677313104533177, ""2024"": -5.789937290587636, ""2025"": -2.599521285336929, ""2026"": -5.766842997145957}","{""2022"": 2.1919181478677645, ""2023"": -2.7021525903085015, ""2024"": -3.189586814668744, ""2025"": -10.332487572691893, ""2026"": -3.7952357276747852}","{""2022"": 14, ""2023"": 21, ""2024"": 31, ""2025"": 56, ""2026"": 39}",107,-4.075308401419405,-20.075308401419406,45.794392523364486,-32.756720688296156,54,-7.694648890356427,-23.694648890356426,44.44444444444444,-49.36970104517102,80,-3.6287846026329604,-19.62878460263296,45.0,-29.15853151739811,81,-6.929213220006009,-22.92921322000601,45.67901234567901,-45.17331652831081,40,2.3023687234320156,-13.697631276567984,50.0,-25.181927696287797,40,-9.559937928697936,-25.559937928697934,40.0,-32.80186601555934,40,-7.396367899453689,-23.39636789945369,45.0,-42.70387042708379,41,-6.4734525571302255,-22.473452557130226,46.34146341463415,-48.73917178066955,54,-7.694648890356427,-23.694648890356426,44.44444444444444,-49.36970104517102,-9.559937928697936,-25.559937928697934,h1_cost_residual_floor;ex2025_floor;loyo_floor;train_cost_floor;oos_cost_floor;worst_quarter_slip16_floor,FAIL_BENCHMARK_OR_STABILITY_RESEARCH_ONLY
Stage40_PARALLEL_THESIS_MEGASCAN,RESEARCH_STAGE_ONLY_NO_PROMOTION,NO_GO,NO_GO,NO_GO,NO_GO,VOL_COMPRESSION_EXPANSION,VOL_COMP_EXP_LONG_L120_Q0.25_M2.0,LONG,Compressed 120H range then bullish expansion,8,"{""compression_q"": 0.25, ""expansion_mult"": 2.0, ""lookback"": 120}",280,206,8.0,2.7951299583446616,1.1310753012648225,206,2.6969896909530253,2.5290735914118567,-5.303010309046975,43.203883495145625,-31.0223804375942,32.024181939261936,13.106796116504855,7.766990291262135,-21.303010309046975,-0.09814026739163628,1.5659143896882028,-8.098140267391637,-6.434085610311797,146,-7.856350258642793,161,-6.360413232182421,45,-1.5198576284957193,-8.7620646609461,"{""2022"": -4.351311795636572, ""2023"": -0.19732319536855245, ""2024"": -8.7620646609461, ""2025"": -6.360413232182421, ""2026"": -6.363459324838509}","{""2022"": -11.111652959862205, ""2023"": -16.892109630571014, ""2024"": 4.433587125928335, ""2025"": -1.5198576284957181, ""2026"": 8.200040492031869}","{""2022"": 29, ""2023"": 63, ""2024"": 54, ""2025"": 45, ""2026"": 15}",138,-8.639793171482994,-24.639793171482992,39.130434782608695,-29.683560026493858,68,1.468696088249648,-14.531303911750353,51.470588235294116,-32.69192537370014,103,-12.6368212000895,-28.6368212000895,36.89320388349515,-27.657233665423497,103,2.0308005819955506,-13.96919941800445,49.51456310679612,-34.876549773515954,51,-11.746778759966736,-27.746778759966737,45.09803921568628,-27.73477486926801,52,-13.509747439440677,-29.509747439440677,28.846153846153843,-27.067826508387903,51,0.6835171065722744,-15.316482893427725,47.05882352941176,-34.711992929513656,52,3.3521747598145333,-12.647825240185467,51.92307692307693,-36.92683128629082,68,1.468696088249648,-14.531303911750353,51.470588235294116,-32.69192537370014,-13.509747439440677,-29.509747439440677,h1_cost_residual_floor;ex2025_floor;loyo_floor;train_cost_floor;worst_quarter_cost_floor;worst_quarter_slip16_floor,FAIL_BENCHMARK_OR_STABILITY_RESEARCH_ONLY
Stage40_PARALLEL_THESIS_MEGASCAN,RESEARCH_STAGE_ONLY_NO_PROMOTION,NO_GO,NO_GO,NO_GO,NO_GO,SESSION_TRANSITION_IMBALANCE,LONDON_FALSE_ASIA_LOW_LONG_Q0.25,LONG,London false break below Asia low,4,"{""asia_range_q"": 0.25, ""direction"": ""false_down""}",673,416,8.0,1.3958339209070354,1.2296768282992119,416,1.2859674372294225,1.6981033418927982,-6.714032562770578,41.34615384615385,-21.285016878226372,22.868305867571603,3.125,2.644230769230769,-22.714032562770576,-0.10986648367761287,0.05629060893021065,-8.109866483677614,-7.94370939106979,282,-3.880828707229476,315,-4.913962641300847,101,-12.328112020819738,-8.525504146180245,"{""2022"": -6.71897802206073, ""2023"": -7.4334184810580375, ""2024"": -8.525504146180245, ""2025"": -4.913962641300847, ""2026"": -6.108441278176256}","{""2022"": -6.691176521186363, ""2023"": -4.737341526034764, ""2024"": -0.7567187987738391, ""2025"": -12.328112020819738, ""2026"": -13.742561714274382}","{""2022"": 74, ""2023"": 111, ""2024"": 97, ""2025"": 101, ""2026"": 33}",278,-3.605119009253779,-19.60511900925378,44.96402877697842,-17.499783736159568,138,-12.976916387971084,-28.976916387971084,34.05797101449276,-31.90718142119686,208,-6.080237302722826,-22.080237302722825,40.38461538461539,-19.163376967997195,208,-7.3478278228183305,-23.34782782281833,42.30769230769231,-22.224602516929814,104,-4.699728145749413,-20.69972814574941,41.34615384615385,-22.17908137979896,104,-7.460746459696239,-23.46074645969624,39.42307692307692,-16.885541038293983,104,-3.583517251934693,-19.583517251934694,47.11538461538461,-15.13565065672573,104,-11.112138393701967,-27.11213839370197,37.5,-34.515424684649076,138,-12.976916387971084,-28.976916387971084,34.05797101449276,-31.90718142119686,-11.112138393701967,-27.11213839370197,h1_cost_residual_floor;ex2025_floor;loyo_floor;train_cost_floor;oos_cost_floor;worst_quarter_cost_floor;worst_quarter_slip16_floor,FAIL_BENCHMARK_OR_STABILITY_RESEARCH_ONLY
Stage40_PARALLEL_THESIS_MEGASCAN,RESEARCH_STAGE_ONLY_NO_PROMOTION,NO_GO,NO_GO,NO_GO,NO_GO,SESSION_TRANSITION_IMBALANCE,LONDON_FALSE_ASIA_LOW_LONG_Q0.4,LONG,London false break below Asia low,4,"{""asia_range_q"": 0.4, ""direction"": ""false_down""}",673,416,8.0,1.3958339209070354,1.2296768282992119,416,1.2859674372294225,1.6981033418927982,-6.714032562770578,41.34615384615385,-21.285016878226372,22.868305867571603,3.125,2.644230769230769,-22.714032562770576,-0.10986648367761287,0.05629060893021065,-8.109866483677614,-7.94370939106979,282,-3.880828707229476,315,-4.913962641300847,101,-12.328112020819738,-8.525504146180245,"{""2022"": -6.71897802206073, ""2023"": -7.4334184810580375, ""2024"": -8.525504146180245, ""2025"": -4.913962641300847, ""2026"": -6.108441278176256}","{""2022"": -6.691176521186363, ""2023"": -4.737341526034764, ""2024"": -0.7567187987738391, ""2025"": -12.328112020819738, ""2026"": -13.742561714274382}","{""2022"": 74, ""2023"": 111, ""2024"": 97, ""2025"": 101, ""2026"": 33}",278,-3.605119009253779,-19.60511900925378,44.96402877697842,-17.499783736159568,138,-12.976916387971084,-28.976916387971084,34.05797101449276,-31.90718142119686,208,-6.080237302722826,-22.080237302722825,40.38461538461539,-19.163376967997195,208,-7.3478278228183305,-23.34782782281833,42.30769230769231,-22.224602516929814,104,-4.699728145749413,-20.69972814574941,41.34615384615385,-22.17908137979896,104,-7.460746459696239,-23.46074645969624,39.42307692307692,-16.885541038293983,104,-3.583517251934693,-19.583517251934694,47.11538461538461,-15.13565065672573,104,-11.112138393701967,-27.11213839370197,37.5,-34.515424684649076,138,-12.976916387971084,-28.976916387971084,34.05797101449276,-31.90718142119686,-11.112138393701967,-27.11213839370197,h1_cost_residual_floor;ex2025_floor;loyo_floor;train_cost_floor;oos_cost_floor;worst_quarter_cost_floor;worst_quarter_slip16_floor,FAIL_BENCHMARK_OR_STABILITY_RESEARCH_ONLY
Stage40_PARALLEL_THESIS_MEGASCAN,RESEARCH_STAGE_ONLY_NO_PROMOTION,NO_GO,NO_GO,NO_GO,NO_GO,VOLATILITY_SHOCK_REVERSAL,UPPER_WICK_SHOCK_REV_SHORT_M2.0_W1.0,SHORT,Large H1 shock with upper-wick rejection,4,"{""range_atr_mult"": 2.0, ""wick_ratio"": 1.0}",159,143,8.0,-1.3958339209070354,-1.2296768282992119,143,-1.5157074483714372,-0.7697044334964431,-9.515707448371437,42.65734265734265,-28.579387485068164,27.63963667749003,9.090909090909092,10.48951048951049,-25.515707448371437,-0.11987352746440183,-0.28603062007222535,-8.119873527464401,-8.286030620072225,110,-11.328567926588564,121,-11.330842457440754,22,0.4675351015098016,-11.72512070927048,"{""2022"": -8.606893353998908, ""2023"": -11.72512070927048, ""2024"": -6.446423406761947, ""2025"": -11.330842457440754, ""2026"": -9.362550755238837}","{""2022"": -14.021910666301894, ""2023"": -4.544527611348586, ""2024"": -16.89660478652759, ""2025"": 0.46753510150980143, ""2026"": -11.35358776596265}","{""2022"": 24, ""2023"": 44, ""2024"": 42, ""2025"": 22, ""2026"": 11}",95,-11.12370073473307,-27.12370073473307,45.26315789473684,-26.023993101089715,48,-6.333220735780709,-22.33322073578071,37.5,-42.180132264196814,71,-7.2489897761243025,-23.248989776124304,45.07042253521127,-26.23695793935399,72,-11.750942930726252,-27.750942930726254,40.27777777777778,-33.396050755299946,35,-17.853036543243654,-33.853036543243654,42.857142857142854,-34.56177096264446,36,3.060500136352847,-12.939499863647153,47.22222222222222,-24.04537366515025,36,-18.57242797033111,-34.572427970331105,41.66666666666667,-27.17926942676918,36,-4.929457891121394,-20.929457891121395,38.88888888888889,-42.180132264196814,48,-6.333220735780709,-22.33322073578071,37.5,-42.180132264196814,-18.57242797033111,-34.572427970331105,h1_cost_residual_floor;ex2025_floor;loyo_floor;train_cost_floor;oos_cost_floor;worst_quarter_cost_floor;worst_quarter_slip16_floor,FAIL_BENCHMARK_OR_STABILITY_RESEARCH_ONLY
Stage40_PARALLEL_THESIS_MEGASCAN,RESEARCH_STAGE_ONLY_NO_PROMOTION,NO_GO,NO_GO,NO_GO,NO_GO,PULLBACK_CONTINUATION_AFTER_TREND,UPTREND_PULLBACK_CONT_LONG_TL72_T150,LONG,Uptrend 72H then controlled pullback continuation,24,"{""mean_lookback"": 24, ""trend_bps"": 150, ""trend_lookback"": 72}",649,174,8.0,8.502590481085887,8.612916361476685,174,8.357289190899602,7.88554900092775,0.3572891908996042,50.0,-56.089379179243835,68.3099300532275,29.88505747126437,35.63218390804598,-15.642710809100397,-0.14530129018628557,-0.2556271705770836,-8.145301290186284,-8.255627170577082,85,8.153692035124907,113,-5.670906432246859,61,11.524274525580754,-7.986639372392711,"{""2022"": -2.4904880715973094, ""2023"": 6.68932906170246, ""2024"": -7.986639372392711, ""2025"": -5.670906432246859, ""2026"": 9.561949103055092}","{""2022"": 21.10538067480571, ""2023"": -32.65977584971528, ""2024"": 32.34234868352014, ""2025"": 11.524274525580756, ""2026"": -47.638437493911155}","{""2022"": 21, ""2023"": 28, ""2024"": 36, ""2025"": 61, ""2026"": 28}",116,8.092854327041731,-7.9071456729582685,52.58620689655172,-47.235793889915946,58,-15.113841081384647,-31.11384108138465,44.827586206896555,-70.2356624780598,87,6.60307524914333,-9.39692475085667,52.87356321839081,-41.54671669523879,87,-5.888496867344126,-21.888496867344127,47.12643678160919,-67.66471804115936,43,-5.07395122349601,-21.07395122349601,48.837209302325576,-48.26897470039948,44,18.014714756495415,2.0147147564954153,56.81818181818182,-24.985445714429957,43,18.274825281998897,2.274825281998897,51.162790697674424,-62.35867133650319,44,-29.50265260420207,-45.50265260420207,43.18181818181818,-92.06892855252613,58,-15.113841081384647,-31.11384108138465,44.827586206896555,-70.2356624780598,-29.50265260420207,-45.50265260420207,h1_cost_residual_floor;ex2025_floor;loyo_floor;oos_cost_floor;worst_quarter_cost_floor;worst_quarter_slip16_floor,FAIL_BENCHMARK_OR_STABILITY_RESEARCH_ONLY
Stage40_PARALLEL_THESIS_MEGASCAN,RESEARCH_STAGE_ONLY_NO_PROMOTION,NO_GO,NO_GO,NO_GO,NO_GO,VOL_COMPRESSION_EXPANSION,VOL_COMP_EXP_SHORT_L24_Q0.15_M2.0,SHORT,Compressed 24H range then bearish expansion,8,"{""compression_q"": 0.15, ""expansion_mult"": 2.0, ""lookback"": 24}",183,155,8.0,-2.7951299583446616,-1.1310753012648225,155,-3.0151933748961293,2.815418063513153,-11.015193374896128,42.58064516129032,-33.05877904091092,34.220207032252816,11.612903225806452,13.548387096774196,-27.01519337489613,-0.22006341655146766,-1.8841180736313068,-8.220063416551467,-9.884118073631306,99,-14.846999234422785,119,-12.751079501078092,36,-5.277125346683527,-12.751079501078092,"{""2022"": -11.072755916090706, ""2023"": -7.877381479532489, ""2024"": -10.845765650338203, ""2025"": -12.751079501078092, ""2026"": -12.295032864358983}","{""2022"": -10.6848344428229, ""2023"": -20.67635105272628, ""2024"": -11.536852421561326, ""2025"": -5.277125346683527, ""2026"": -2.3762768210218637}","{""2022"": 23, ""2023"": 38, ""2024"": 38, ""2025"": 36, ""2026"": 20}",103,-16.118696306456464,-32.118696306456464,38.83495145631068,-29.12402732254238,52,-0.9063317989208479,-16.90633179892085,50.0,-40.32026022911417,77,-16.616971384728693,-32.61697138472869,41.55844155844156,-26.876452308295384,78,-5.48523303185629,-21.48523303185629,43.58974358974359,-39.89758088740358,38,-16.31174572026568,-32.31174572026568,42.10526315789473,-35.553973131304815,39,-16.914370750102904,-32.914370750102904,41.02564102564102,-20.436754717330086,39,-15.94750602910181,-31.94750602910181,33.33333333333333,-42.580851805447125,39,4.97703996538923,-11.022960034610769,53.84615384615385,-33.05877904091092,52,-0.9063317989208479,-16.90633179892085,50.0,-40.32026022911417,-16.914370750102904,-32.914370750102904,h1_cost_residual_floor;ex2025_floor;loyo_floor;train_cost_floor;oos_cost_floor;worst_quarter_cost_floor;worst_quarter_slip16_floor,FAIL_BENCHMARK_OR_STABILITY_RESEARCH_ONLY
Stage40_PARALLEL_THESIS_MEGASCAN,RESEARCH_STAGE_ONLY_NO_PROMOTION,NO_GO,NO_GO,NO_GO,NO_GO,VOL_COMPRESSION_EXPANSION,VOL_COMP_EXP_SHORT_L72_Q0.25_M1.5,SHORT,Compressed 72H range then bearish expansion,72,"{""compression_q"": 0.25, ""expansion_mult"": 1.5, ""lookback"": 72}",616,167,8.0,-25.002508867881485,-23.30868059339869,167,-25.225719091795554,-15.92736718610599,-33.22571909179556,40.7185628742515,-111.00800428747837,93.63577186920935,52.09580838323353,47.30538922155689,-49.22571909179556,-0.22321022391406942,-1.9170384983968631,-8.223210223914077,-9.91703849839687,114,-26.23735849819111,131,-16.52107513374124,36,-94.01206238360433,-42.503287430690264,"{""2022"": -38.638736009021365, ""2023"": -37.95462289629753, ""2024"": -28.68776448090292, ""2025"": -16.52107513374124, ""2026"": -42.503287430690264}","{""2022"": -2.479783001952945, ""2023"": -20.00628345648322, ""2024"": -45.52861825910447, ""2025"": -94.0120623836043, ""2026"": 48.635178016099026}","{""2022"": 25, ""2023"": 44, ""2024"": 45, ""2025"": 36, ""2026"": 17}",111,-26.83255637921136,-42.83255637921136,43.24324324324324,-94.80547498621705,56,-45.89788089709638,-61.89788089709638,35.714285714285715,-168.32980873194737,83,-15.701653679722973,-31.701653679722973,46.98795180722892,-89.08888070416899,84,-50.54116467753395,-66.54116467753394,34.523809523809526,-161.44152222075658,41,-6.167703967507623,-22.167703967507624,53.65853658536586,-81.55200082237357,42,-25.008604589266536,-41.00860458926654,40.476190476190474,-93.90185242914684,42,-62.389162809583254,-78.38916280958325,30.952380952380953,-110.55512089771736,42,-38.693166545484615,-54.693166545484615,38.095238095238095,-176.2678368956483,56,-45.89788089709638,-61.89788089709638,35.714285714285715,-168.32980873194737,-62.389162809583254,-78.38916280958325,h1_cost_residual_floor;ex2025_floor;loyo_floor;train_cost_floor;oos_cost_floor;worst_quarter_cost_floor;worst_quarter_slip16_floor,FAIL_BENCHMARK_OR_STABILITY_RESEARCH_ONLY
Stage40_PARALLEL_THESIS_MEGASCAN,RESEARCH_STAGE_ONLY_NO_PROMOTION,NO_GO,NO_GO,NO_GO,NO_GO,FAILED_CONTINUATION_AFTER_EXTREME_MOVE,FAILED_UP_CONT_SHORT_L72_T300,SHORT,"Strong 72H up move, new high attempt fails",24,"{""lookback"": 72, ""move_bps"": 300}",84,47,8.0,-8.502590481085887,-8.612916361476685,47,-8.807111418253031,12.564118538823665,-16.807111418253033,51.06382978723404,-71.23515846123584,74.493324442928,31.914893617021278,42.5531914893617,-32.80711141825303,-0.304520937167144,-0.19419505677634596,-8.304520937167146,-8.194195056776348,15,0.6185712112874683,27,-14.226446536300775,20,-20.29100900888858,-23.173147225382895,"{""2022"": -17.69904768562934, ""2023"": -15.902933129053084, ""2024"": -23.173147225382895, ""2025"": -14.226446536300775, ""2026"": -11.329760343098844}","{""2022"": -7.2187965439577315, ""2023"": -24.402209047532644, ""2024"": 26.694133263801035, ""2025"": -20.291009008888576, ""2026"": -32.782718720786086}","{""2022"": 4, ""2023"": 5, ""2024"": 6, ""2025"": 20, ""2026"": 12}",31,-5.108530996026434,-21.108530996026435,48.38709677419355,-65.84068600846705,16,-39.47311098631707,-55.47311098631707,56.25,-72.75460343348138,23,-4.8012091879552585,-20.80120918795526,47.82608695652174,-65.84068600846705,24,-28.312767722288395,-44.3127677222884,54.166666666666664,-72.75460343348138,11,-14.510840502141498,-30.510840502141498,36.36363636363637,-73.33804095632112,12,4.099286183382127,-11.900713816617873,58.333333333333336,-64.70476638893774,12,-23.84281672379071,-39.842816723790705,58.333333333333336,-81.3160178013328,12,-32.78271872078607,-48.78271872078607,50.0,-69.99633763448587,16,-39.47311098631707,-55.47311098631707,56.25,-72.75460343348138,-32.78271872078607,-48.78271872078607,h1_cost_residual_floor;ex2025_floor;loyo_floor;train_cost_floor;oos_cost_floor;worst_quarter_cost_floor;worst_quarter_slip16_floor,FAIL_BENCHMARK_OR_STABILITY_RESEARCH_ONLY
Stage40_PARALLEL_THESIS_MEGASCAN,RESEARCH_STAGE_ONLY_NO_PROMOTION,NO_GO,NO_GO,NO_GO,NO_GO,VOL_COMPRESSION_EXPANSION,VOL_COMP_EXP_LONG_L24_Q0.25_M1.5,LONG,Compressed 24H range then bullish expansion,72,"{""compression_q"": 0.25, ""expansion_mult"": 1.5, ""lookback"": 24}",622,196,8.0,25.002508867881485,23.30868059339869,196,24.66486979237012,19.45563439131992,16.66486979237012,52.04081632653062,-97.23782975541883,106.74467552540091,47.95918367346938,54.08163265306123,0.6648697923701192,-0.3376390755113654,1.3561891989714283,-8.337639075511365,-6.643810801028572,130,4.536518611588665,149,6.189053793938004,47,49.87543540442087,6.189053793938004,"{""2022"": 24.64946578894231, ""2023"": 23.404511160497695, ""2024"": 11.742996519914305, ""2025"": 6.189053793938004, ""2026"": 16.575666008555405}","{""2022"": -24.25618469006239, ""2023"": -3.554054312012606, ""2024"": 31.430489609737563, ""2025"": 49.87543540442086, ""2026"": 17.495873462644024}","{""2022"": 32, ""2023"": 49, ""2024"": 49, ""2025"": 47, ""2026"": 19}",131,4.746700663977985,-11.253299336022014,49.61832061068702,-92.45390217447414,65,40.684564497283496,24.684564497283496,56.92307692307692,-105.23080583756284,98,-6.024569353552072,-22.02456935355207,46.93877551020408,-97.41966799971192,98,39.35430893829232,23.35430893829232,57.14285714285714,-96.71273443882522,49,-11.361235680113294,-27.361235680113296,42.857142857142854,-120.8482769374708,49,-0.6879030269908567,-16.687903026990856,51.02040816326531,-78.63721799874712,49,38.44624414712228,22.44624414712228,57.14285714285714,-74.23453661209778,49,40.26237372946235,24.262373729462347,57.14285714285714,-141.27793059271255,65,40.684564497283496,24.684564497283496,56.92307692307692,-105.23080583756284,-11.361235680113294,-27.361235680113296,h1_cost_residual_floor;worst_quarter_cost_floor;worst_quarter_slip16_floor,FAIL_BENCHMARK_OR_STABILITY_RESEARCH_ONLY
Stage40_PARALLEL_THESIS_MEGASCAN,RESEARCH_STAGE_ONLY_NO_PROMOTION,NO_GO,NO_GO,NO_GO,NO_GO,VOL_COMPRESSION_EXPANSION,VOL_COMP_EXP_LONG_L24_Q0.15_M2.0,LONG,Compressed 24H range then bullish expansion,4,"{""compression_q"": 0.15, ""expansion_mult"": 2.0, ""lookback"": 24}",197,176,8.0,1.3958339209070354,1.2296768282992119,176,1.0299948704768627,-0.8446840628495433,-6.970005129523137,42.61363636363637,-24.73597208619227,25.074417674344485,9.659090909090908,5.113636363636364,-22.970005129523138,-0.36583905043017273,-0.1996819578223492,-8.365839050430171,-8.19968195782235,131,-11.350355542871094,145,-10.131196811130165,31,7.816214026380705,-10.131196811130165,"{""2022"": -5.549366886572873, ""2023"": -4.519789432874782, ""2024"": -6.410857589197442, ""2025"": -10.131196811130165, ""2026"": -7.682678649989578}","{""2022"": -13.614925943322755, ""2023"": -12.220467336626756, ""2024"": -8.647447750500222, ""2025"": 7.816214026380705, ""2026"": 1.2766456073028232}","{""2022"": 31, ""2023"": 56, ""2024"": 44, ""2025"": 31, ""2026"": 14}",117,-13.01723075156158,-29.01723075156158,36.75213675213676,-27.98040789733891,59,5.021950765027677,-10.978049234972323,54.23728813559322,-21.23031150249366,88,-13.112182912056937,-29.112182912056937,36.36363636363637,-27.206462855932646,88,-0.827827346989337,-16.827827346989338,48.86363636363637,-22.94960610019048,44,-13.284644637462067,-29.284644637462065,34.090909090909086,-30.26922207191807,44,-12.939721186651804,-28.939721186651802,38.63636363636363,-22.673650483958642,44,-6.605153188593102,-22.6051531885931,47.72727272727273,-21.83373099219066,44,4.9494984946144305,-11.050501505385569,50.0,-23.32866997171723,59,5.021950765027677,-10.978049234972323,54.23728813559322,-21.23031150249366,-13.284644637462067,-29.284644637462065,h1_cost_residual_floor;ex2025_floor;loyo_floor;train_cost_floor;worst_quarter_cost_floor;worst_quarter_slip16_floor,FAIL_BENCHMARK_OR_STABILITY_RESEARCH_ONLY
Stage40_PARALLEL_THESIS_MEGASCAN,RESEARCH_STAGE_ONLY_NO_PROMOTION,NO_GO,NO_GO,NO_GO,NO_GO,VOL_COMPRESSION_EXPANSION,VOL_COMP_EXP_SHORT_L120_Q0.15_M1.5,SHORT,Compressed 120H range then bearish expansion,4,"{""compression_q"": 0.15, ""expansion_mult"": 1.5, ""lookback"": 120}",391,281,8.0,-1.3958339209070354,-1.2296768282992119,281,-1.9060729760984703,-3.706662932547733,-9.90607297609847,33.80782918149466,-27.57223964713562,22.647130350195166,2.135231316725979,4.270462633451958,-25.90607297609847,-0.5102390551914349,-0.6763961477992584,-8.510239055191434,-8.676396147799258,186,-8.437413941749377,217,-8.427037258343805,64,-14.920928456610376,-13.531287733436576,"{""2022"": -10.533266939901528, ""2023"": -13.531287733436576, ""2024"": -6.750826253412043, ""2025"": -8.427037258343805, ""2026"": -10.09719365755379}","{""2022"": -4.658550145612888, ""2023"": 0.05118355739019203, ""2024"": -17.696805624706933, ""2025"": -14.920928456610378, ""2026"": -8.3647771579104}","{""2022"": 30, ""2023"": 75, ""2024"": 81, ""2025"": 64, ""2026"": 31}",188,-8.060548275116505,-24.060548275116503,36.17021276595745,-25.602354553687647,93,-13.63681108130933,-29.636811081309332,29.03225806451613,-33.11426059223965,140,-2.8348666270770733,-18.834866627077073,42.857142857142854,-22.814314850202464,141,-16.92712892548142,-32.92712892548142,24.822695035460992,-33.727163590115964,70,-1.264864439207601,-17.2648644392076,48.57142857142857,-25.85548311673569,70,-4.404868814946545,-20.404868814946546,37.142857142857146,-19.784935203752685,70,-19.39133733962667,-35.39133733962667,20.0,-35.77656279656338,71,-14.497627672098774,-30.497627672098773,29.577464788732392,-33.11426059223965,93,-13.63681108130933,-29.636811081309332,29.03225806451613,-33.11426059223965,-19.39133733962667,-35.39133733962667,h1_cost_residual_floor;ex2025_floor;loyo_floor;train_cost_floor;oos_cost_floor;worst_quarter_cost_floor;worst_quarter_slip16_floor,FAIL_BENCHMARK_OR_STABILITY_RESEARCH_ONLY
Stage40_PARALLEL_THESIS_MEGASCAN,RESEARCH_STAGE_ONLY_NO_PROMOTION,NO_GO,NO_GO,NO_GO,NO_GO,PULLBACK_CONTINUATION_AFTER_TREND,DOWNTREND_PULLBACK_CONT_SHORT_TL120_T150,SHORT,Downtrend 120H then controlled pullback continuation,8,"{""mean_lookback"": 24, ""trend_bps"": 150, ""trend_lookback"": 120}",583,261,8.0,-2.7951299583446616,-1.1310753012648225,261,-3.440590656024737,-1.8380213087931807,-11.440590656024737,43.29501915708812,-40.519909969165546,32.66253869969038,15.32567049808429,17.624521072796934,-27.44059065602474,-0.6454606976800754,-2.3095153547599145,-8.645460697680075,-10.309515354759915,151,-12.55547737417624,204,-12.246252170846969,57,-8.557170497713587,-13.500466892397363,"{""2022"": -8.569939619004531, ""2023"": -11.263355668316699, ""2024"": -13.500466892397363, ""2025"": -12.246252170846969, ""2026"": -11.459787508991763}","{""2022"": -20.276813379352557, ""2023"": -12.48068018915349, ""2024"": -2.528473061922771, ""2025"": -8.557170497713585, ""2026"": -11.365252063248487}","{""2022"": 64, ""2023"": 38, ""2024"": 49, ""2025"": 57, ""2026"": 53}",174,-12.673605989217293,-28.673605989217293,40.229885057471265,-37.292602633131054,87,-8.974559989639625,-24.974559989639623,49.42528735632184,-45.00058937597862,130,-16.030953273490262,-32.03095327349026,38.46153846153847,-37.292602633131054,131,-6.885268974570396,-22.885268974570394,48.091603053435115,-41.867235309045455,65,-19.767330598255516,-35.76733059825551,40.0,-32.805138673546175,65,-12.294575948725008,-28.294575948725008,36.92307692307693,-39.70999989353796,65,-1.506686979315606,-17.506686979315607,44.61538461538462,-35.41321258446306,66,-12.182357303230416,-28.182357303230418,51.515151515151516,-59.538488717104656,87,-8.974559989639625,-24.974559989639623,49.42528735632184,-45.00058937597862,-19.767330598255516,-35.76733059825551,h1_cost_residual_floor;ex2025_floor;loyo_floor;train_cost_floor;oos_cost_floor;worst_quarter_cost_floor;worst_quarter_slip16_floor,FAIL_BENCHMARK_OR_STABILITY_RESEARCH_ONLY
Stage40_PARALLEL_THESIS_MEGASCAN,RESEARCH_STAGE_ONLY_NO_PROMOTION,NO_GO,NO_GO,NO_GO,NO_GO,VOL_COMPRESSION_EXPANSION,VOL_COMP_EXP_SHORT_L72_Q0.15_M1.5,SHORT,Compressed 72H range then bearish expansion,72,"{""compression_q"": 0.15, ""expansion_mult"": 1.5, ""lookback"": 72}",419,132,8.0,-25.002508867881485,-23.30868059339869,132,-25.69758392612267,-16.381217270690087,-33.697583926122675,40.15151515151515,-121.84015139926396,94.8211458622189,54.54545454545454,46.21212121212121,-49.697583926122675,-0.6950750582411871,-2.388903332723981,-8.69507505824119,-10.388903332723984,89,-31.02517197663911,101,-20.018595008806773,31,-78.2646123341519,-43.22869406899658,"{""2022"": -39.07107208618806, ""2023"": -37.14094868997396, ""2024"": -26.614602847301903, ""2025"": -20.018595008806773, ""2026"": -43.22869406899658}","{""2022"": -6.8301431257956775, ""2023"": -23.367489634568788, ""2024"": -54.113235270959, ""2025"": -78.2646123341519, ""2026"": 61.61351750261645}","{""2022"": 22, ""2023"": 33, ""2024"": 34, ""2025"": 31, ""2026"": 12}",88,-31.768198888021683,-47.768198888021686,40.909090909090914,-104.55601507023293,44,-37.55635400232464,-53.55635400232464,38.63636363636363,-140.53529176595634,66,-21.463805305447522,-37.46380530544752,43.93939393939394,-103.58246001358484,66,-45.93136254679783,-61.93136254679783,36.36363636363637,-127.97377711124545,33,-5.678148305224008,-21.678148305224006,48.484848484848484,-108.01107309937885,33,-37.24946230567103,-53.24946230567103,39.39393939393939,-99.15384692779084,33,-70.90659426576399,-86.90659426576399,30.303030303030305,-113.3304893747944,33,-20.956130827831664,-36.956130827831664,42.42424242424242,-153.0215267571533,44,-37.55635400232464,-53.55635400232464,38.63636363636363,-140.53529176595634,-70.90659426576399,-86.90659426576399,h1_cost_residual_floor;ex2025_floor;loyo_floor;train_cost_floor;oos_cost_floor;worst_quarter_cost_floor;worst_quarter_slip16_floor,FAIL_BENCHMARK_OR_STABILITY_RESEARCH_ONLY
Stage40_PARALLEL_THESIS_MEGASCAN,RESEARCH_STAGE_ONLY_NO_PROMOTION,NO_GO,NO_GO,NO_GO,NO_GO,PULLBACK_CONTINUATION_AFTER_TREND,DOWNTREND_PULLBACK_CONT_SHORT_TL120_T300,SHORT,Downtrend 120H then controlled pullback continuation,24,"{""mean_lookback"": 24, ""trend_bps"": 300, ""trend_lookback"": 120}",211,60,8.0,-8.502590481085887,-8.612916361476685,60,-9.428614898198388,-4.65367916553161,-17.428614898198383,43.333333333333336,-80.25016730701329,66.37072568042245,36.666666666666664,40.0,-33.42861489819838,-0.9260244171125009,-0.8156985367217029,-8.926024417112496,-8.815698536721698,26,-16.685617165937355,45,-11.856305076018185,15,-34.145544364739,-23.07339540940137,"{""2022"": -17.21081210350371, ""2023"": -17.90175505536415, ""2024"": -17.52434058359675, ""2025"": -11.856305076018185, ""2026"": -23.07339540940137}","{""2022"": -18.2998260769771, ""2023"": -14.353203876620915, ""2024"": -16.567083729613127, ""2025"": -34.145544364738996, ""2026"": -5.247772742444576}","{""2022"": 12, ""2023"": 8, ""2024"": 6, ""2025"": 15, ""2026"": 19}",40,-23.55801823253211,-39.558018232532106,45.0,-72.82299113830936,20,-5.169808229530943,-21.169808229530943,40.0,-124.43694116138437,30,-27.66256521505545,-43.66256521505545,50.0,-68.55233939251693,30,-7.194664581341313,-23.194664581341314,36.666666666666664,-118.58090653628861,15,-19.11026400217859,-35.11026400217859,53.333333333333336,-74.46179102727379,15,-36.21486642793232,-52.21486642793232,46.666666666666664,-55.21007648093379,15,-50.40715333426256,-66.40715333426256,26.666666666666668,-120.13083208582964,15,36.017824171579925,20.017824171579925,46.666666666666664,-98.7142406170305,20,-5.169808229530943,-21.169808229530943,40.0,-124.43694116138437,-50.40715333426256,-66.40715333426256,h1_cost_residual_floor;ex2025_floor;loyo_floor;train_cost_floor;oos_cost_floor;worst_quarter_cost_floor;worst_quarter_slip16_floor,FAIL_BENCHMARK_OR_STABILITY_RESEARCH_ONLY
Stage40_PARALLEL_THESIS_MEGASCAN,RESEARCH_STAGE_ONLY_NO_PROMOTION,NO_GO,NO_GO,NO_GO,NO_GO,PULLBACK_CONTINUATION_AFTER_TREND,DOWNTREND_PULLBACK_CONT_SHORT_TL120_T150,SHORT,Downtrend 120H then controlled pullback continuation,4,"{""mean_lookback"": 24, ""trend_bps"": 150, ""trend_lookback"": 120}",583,346,8.0,-1.3958339209070354,-1.2296768282992119,346,-2.4496197504984285,0.2828280600442046,-10.449619750498428,41.61849710982659,-27.23906313284563,23.715267934880103,8.959537572254336,7.803468208092486,-26.449619750498428,-1.053785829591393,-1.2199429221992166,-9.053785829591392,-9.219942922199216,201,-12.901757394040398,270,-12.670800289371645,76,-2.5585836255541072,-12.670800289371645,"{""2022"": -8.747620412500352, ""2023"": -9.706540042758206, ""2024"": -11.084927636445117, ""2025"": -12.670800289371645, ""2026"": -10.063919103769793}","{""2022"": -16.017889189627937, ""2023"": -14.65087809810661, ""2024"": -7.852331628539912, ""2025"": -2.558583625554108, ""2026"": -11.998012201858316}","{""2022"": 81, ""2023"": 52, ""2024"": 68, ""2025"": 76, ""2026"": 69}",231,-11.590257835547545,-27.590257835547547,39.39393939393939,-23.388803779631484,115,-8.158424988356291,-24.15842498835629,46.08695652173913,-39.173810903987416,173,-15.060401492311225,-31.060401492311225,36.99421965317919,-22.546394721201235,173,-5.838838008685631,-21.83883800868563,46.24277456647399,-33.88753333711803,86,-16.435080107421108,-32.43508010742111,40.69767441860465,-22.334198514791794,87,-13.701523780823296,-29.701523780823294,33.33333333333333,-23.819231346966507,86,-0.4046838019092709,-16.404683801909272,44.18604651162791,-27.22209148860788,87,-11.210530672855366,-27.210530672855366,48.275862068965516,-42.67736274755629,115,-8.158424988356291,-24.15842498835629,46.08695652173913,-39.173810903987416,-16.435080107421108,-32.43508010742111,h1_cost_residual_floor;ex2025_floor;loyo_floor;train_cost_floor;oos_cost_floor;worst_quarter_cost_floor;worst_quarter_slip16_floor,FAIL_BENCHMARK_OR_STABILITY_RESEARCH_ONLY
Stage40_PARALLEL_THESIS_MEGASCAN,RESEARCH_STAGE_ONLY_NO_PROMOTION,NO_GO,NO_GO,NO_GO,NO_GO,FALSE_BREAKOUT_SWEEP_REVERSAL,SWEEP_LOW_REV_LONG_L72_T3,LONG,Sweep below prior 72H low by 3bps then close back inside,8,"{""lookback"": 72, ""threshold_bps"": 3}",183,154,8.0,2.7951299583446616,1.1310753012648225,154,1.7005630932098215,5.4544210530205195,-6.299436906790179,47.4025974025974,-36.041947044754835,32.350901806237346,12.987012987012985,10.38961038961039,-22.299436906790177,-1.0945668651348401,0.569487791944999,-9.09456686513484,-7.430512208055001,106,-5.5185519399653655,124,-9.556491625849482,30,7.163055931988262,-9.556491625849482,"{""2022"": -9.546916310556485, ""2023"": -5.8965031370691205, ""2024"": -4.227716184940501, ""2025"": -9.556491625849482, ""2026"": -2.7211384387991235}","{""2022"": 3.276463899187389, ""2023"": -8.036220396967154, ""2024"": -12.62363700506814, ""2025"": 7.163055931988263, ""2026"": -33.33546977605593}","{""2022"": 39, ""2023"": 29, ""2024"": 38, ""2025"": 30, ""2026"": 18}",103,-6.496576830592188,-22.49657683059219,43.689320388349515,-33.56979277216121,51,-5.901291570484157,-21.901291570484158,54.90196078431373,-55.51685430856379,77,-1.2077263174659092,-17.20772631746591,45.45454545454545,-28.959350744331978,77,-11.391147496114447,-27.39114749611445,49.35064935064935,-56.5323276355667,38,3.437307175593314,-12.562692824406685,44.73684210526316,-33.49106331336671,39,-5.733656387626177,-21.733656387626176,46.15384615384615,-25.348282320342143,38,-5.811535208922226,-21.811535208922226,44.73684210526316,-57.28247453393287,39,-16.827692801583794,-32.827692801583794,53.84615384615385,-48.93569347972249,51,-5.901291570484157,-21.901291570484158,54.90196078431373,-55.51685430856379,-16.827692801583794,-32.827692801583794,h1_cost_residual_floor;ex2025_floor;loyo_floor;train_cost_floor;oos_cost_floor;worst_quarter_cost_floor;worst_quarter_slip16_floor,FAIL_BENCHMARK_OR_STABILITY_RESEARCH_ONLY
Stage40_PARALLEL_THESIS_MEGASCAN,RESEARCH_STAGE_ONLY_NO_PROMOTION,NO_GO,NO_GO,NO_GO,NO_GO,PULLBACK_CONTINUATION_AFTER_TREND,UPTREND_PULLBACK_CONT_LONG_TL72_T150,LONG,Uptrend 72H then controlled pullback continuation,4,"{""mean_lookback"": 24, ""trend_bps"": 150, ""trend_lookback"": 72}",649,381,8.0,1.3958339209070354,1.2296768282992119,381,0.25032618359677977,1.2507937729733243,-7.749673816403222,41.46981627296588,-22.64267056419356,22.41653790326481,6.561679790026247,4.724409448818897,-23.749673816403224,-1.1455077373102556,-0.979350644702432,-9.145507737310258,-8.979350644702434,192,-2.995750286825975,256,-7.431400874964176,125,-8.401496800470388,-10.256489239853385,"{""2022"": -8.91224671128249, ""2023"": -7.013755424904716, ""2024"": -10.256489239853385, ""2025"": -7.431400874964176, ""2026"": -5.127353801669986}","{""2022"": 1.1545776739220877, ""2023"": -11.198604785515627, ""2024"": 1.534827751930716, ""2025"": -8.401496800470388, ""2026"": -20.73835263937878}","{""2022"": 44, ""2023"": 67, ""2024"": 81, ""2025"": 125, ""2026"": 64}",255,-4.65179683999379,-20.65179683999379,40.78431372549019,-19.771969970693306,126,-14.019186744850883,-30.019186744850884,42.857142857142854,-31.49959645605327,190,-3.3889316241901133,-19.388931624190114,42.10526315789473,-17.45053972576571,191,-12.087584897662335,-28.087584897662335,40.83769633507853,-30.568149496070784,95,-5.085316328603756,-21.085316328603756,34.73684210526316,-18.98296971971525,95,-1.6925469197764693,-17.69254691977647,49.473684210526315,-15.520678110425568,95,-6.17729106628983,-22.17729106628983,37.89473684210527,-25.601293539042615,96,-17.936313168291374,-33.93631316829138,43.75,-33.87942245703101,126,-14.019186744850883,-30.019186744850884,42.857142857142854,-31.49959645605327,-17.936313168291374,-33.93631316829138,h1_cost_residual_floor;ex2025_floor;loyo_floor;train_cost_floor;oos_cost_floor;worst_quarter_cost_floor;worst_quarter_slip16_floor,FAIL_BENCHMARK_OR_STABILITY_RESEARCH_ONLY
Stage40_PARALLEL_THESIS_MEGASCAN,RESEARCH_STAGE_ONLY_NO_PROMOTION,NO_GO,NO_GO,NO_GO,NO_GO,SESSION_TRANSITION_IMBALANCE,ASIA_COMP_LONDON_BREAKOUT_SHORT_Q0.25,SHORT,Asia compression then London breakout down,4,"{""asia_range_q"": 0.25, ""direction"": ""breakout_down""}",489,214,8.0,-1.3958339209070354,-1.2296768282992119,214,-2.648364052446388,-3.924261635602777,-10.648364052446386,37.850467289719624,-25.485482414301373,21.659193430841327,1.4018691588785046,5.14018691588785,-26.648364052446386,-1.2525301315393527,-1.4186872241471762,-9.25253013153935,-9.418687224147174,157,-10.757314779528583,173,-9.772173976181731,41,-14.345458764489935,-11.760811775918897,"{""2022"": -10.583239192356473, ""2023"": -11.760811775918897, ""2024"": -9.566746478900358, ""2025"": -9.772173976181731, ""2026"": -11.500314291566033}","{""2022"": -10.892944082561849, ""2023"": -7.858126319802225, ""2024"": -14.105298650250365, ""2025"": -14.345458764489932, ""2026"": -0.10547984334076954}","{""2022"": 45, ""2023"": 61, ""2024"": 51, ""2025"": 41, ""2026"": 16}",143,-11.111649818839734,-27.111649818839734,38.46153846153847,-21.233044115849253,71,-9.715267368020358,-25.715267368020356,36.61971830985916,-34.88294876151876,107,-9.028701681682445,-25.028701681682445,39.25233644859813,-21.023830360824558,107,-12.268026423210328,-28.26802642321033,36.44859813084112,-31.27675875433944,53,-11.628302855887291,-27.62830285588729,37.735849056603776,-21.375268543721848,54,-6.477241269962874,-22.477241269962875,40.74074074074074,-20.7819761144723,53,-13.950446784993046,-29.950446784993048,35.84905660377358,-25.404285754095923,54,-10.616761994053222,-26.61676199405322,37.03703703703704,-45.097529529144474,71,-9.715267368020358,-25.715267368020356,36.61971830985916,-34.88294876151876,-13.950446784993046,-29.950446784993048,h1_cost_residual_floor;ex2025_floor;loyo_floor;train_cost_floor;oos_cost_floor;worst_quarter_cost_floor;worst_quarter_slip16_floor,FAIL_BENCHMARK_OR_STABILITY_RESEARCH_ONLY
Stage40_PARALLEL_THESIS_MEGASCAN,RESEARCH_STAGE_ONLY_NO_PROMOTION,NO_GO,NO_GO,NO_GO,NO_GO,VOL_COMPRESSION_EXPANSION,VOL_COMP_EXP_SHORT_L120_Q0.15_M2.0,SHORT,Compressed 120H range then bearish expansion,4,"{""compression_q"": 0.15, ""expansion_mult"": 2.0, ""lookback"": 120}",193,152,8.0,-1.3958339209070354,-1.2296768282992119,152,-2.65587119887385,-3.0261837808986947,-10.655871198873848,34.868421052631575,-28.810500542302275,22.482330541138683,3.289473684210526,4.605263157894736,-26.655871198873847,-1.2600372779668148,-1.4261943705746383,-9.260037277966813,-9.426194370574636,109,-10.614840388341555,122,-10.917676003884887,30,-9.591198325162301,-15.250182554521054,"{""2022"": -11.327330751191717, ""2023"": -15.250182554521054, ""2024"": -5.322607224281053, ""2025"": -10.917676003884887, ""2026"": -10.393910446648192}","{""2022"": -4.523207287704012, ""2023"": -0.7015299283049092, ""2024"": -22.945566444674643, ""2025"": -9.591198325162303, ""2026"": -13.456836164978974}","{""2022"": 15, ""2023"": 48, ""2024"": 46, ""2025"": 30, ""2026"": 13}",101,-9.336895480975794,-25.336895480975794,37.62376237623762,-25.47400829411739,51,-13.267960365691568,-29.267960365691568,29.411764705882355,-40.980163004040726,76,-4.058466243800386,-20.058466243800385,43.42105263157895,-22.44278141146694,76,-17.253276153947315,-33.25327615394731,26.31578947368421,-40.789449755326274,38,-2.50021901867731,-18.50021901867731,50.0,-25.215846029204016,38,-5.616713468923462,-21.61671346892346,36.84210526315789,-18.041819771100755,38,-19.632398199926733,-35.63239819992673,21.052631578947366,-37.28638941583817,38,-14.874154107967897,-30.874154107967897,31.57894736842105,-47.09801479804155,51,-13.267960365691568,-29.267960365691568,29.411764705882355,-40.980163004040726,-19.632398199926733,-35.63239819992673,h1_cost_residual_floor;ex2025_floor;loyo_floor;train_cost_floor;oos_cost_floor;worst_quarter_cost_floor;worst_quarter_slip16_floor,FAIL_BENCHMARK_OR_STABILITY_RESEARCH_ONLY
Stage40_PARALLEL_THESIS_MEGASCAN,RESEARCH_STAGE_ONLY_NO_PROMOTION,NO_GO,NO_GO,NO_GO,NO_GO,PULLBACK_CONTINUATION_AFTER_TREND,DOWNTREND_PULLBACK_CONT_SHORT_TL72_T150,SHORT,Downtrend 72H then controlled pullback continuation,4,"{""mean_lookback"": 24, ""trend_bps"": 150, ""trend_lookback"": 72}",412,253,8.0,-1.3958339209070354,-1.2296768282992119,253,-2.6585649433904943,-1.9541016017887713,-10.658564943390495,38.3399209486166,-31.486702018090895,23.83188856981855,10.67193675889328,11.462450592885375,-26.658564943390495,-1.262731022483459,-1.4288881150912824,-9.26273102248346,-9.428888115091283,140,-12.112801323783657,201,-14.65045816417544,52,4.771637698489772,-14.65045816417544,"{""2022"": -9.837195509335004, ""2023"": -10.150565291470958, ""2024"": -11.056546550607882, ""2025"": -14.65045816417544, ""2026"": -7.539932421917938}","{""2022"": -14.669904039940558, ""2023"": -13.44605021289769, ""2024"": -9.320523332918246, ""2025"": 4.771637698489773, ""2026"": -20.474588617533623}","{""2022"": 43, ""2023"": 39, ""2024"": 58, ""2025"": 52, ""2026"": 61}",169,-8.537430928857102,-24.537430928857102,34.319526627218934,-28.111944279609613,84,-14.926084567868392,-30.926084567868394,46.42857142857143,-41.50307312430712,126,-13.318455589980621,-29.318455589980623,30.952380952380953,-27.396205376304383,127,-8.019618317639662,-24.01961831763966,45.66929133858268,-40.21244769050858,63,-15.884338635431595,-31.884338635431597,28.57142857142857,-31.11434377020439,63,-10.752572544529647,-26.75257254452965,33.33333333333333,-25.467958046871964,63,1.5260690996777262,-14.473930900322273,41.269841269841265,-39.16602595992913,64,-17.416154369061463,-33.41615436906146,50.0,-41.34448523413603,84,-14.926084567868392,-30.926084567868394,46.42857142857143,-41.50307312430712,-17.416154369061463,-33.41615436906146,h1_cost_residual_floor;ex2025_floor;loyo_floor;train_cost_floor;oos_cost_floor;worst_quarter_cost_floor;worst_quarter_slip16_floor,FAIL_BENCHMARK_OR_STABILITY_RESEARCH_ONLY
Stage40_PARALLEL_THESIS_MEGASCAN,RESEARCH_STAGE_ONLY_NO_PROMOTION,NO_GO,NO_GO,NO_GO,NO_GO,VOL_COMPRESSION_EXPANSION,VOL_COMP_EXP_SHORT_L24_Q0.25_M2.0,SHORT,Compressed 24H range then bearish expansion,8,"{""compression_q"": 0.25, ""expansion_mult"": 2.0, ""lookback"": 24}",274,219,8.0,-2.7951299583446616,-1.1310753012648225,219,-4.243458249586561,2.09951711106493,-12.243458249586562,42.00913242009132,-33.05877904091092,31.744806077843577,12.785388127853881,12.785388127853881,-28.24345824958656,-1.448328291241899,-3.1123829483217382,-9.4483282912419,-11.11238294832174,144,-11.97791823689351,169,-12.594060894202075,50,-11.058421310786132,-12.675943166647116,"{""2022"": -12.034286320668755, ""2023"": -12.296623023526632, ""2024"": -12.675943166647116, ""2025"": -12.594060894202075, ""2026"": -11.740934493051402}","{""2022"": -13.670309621847327, ""2023"": -12.0958801702012, ""2024"": -11.042939772918466, ""2025"": -11.05842131078613, ""2026"": -16.143042600299385}","{""2022"": 28, ""2023"": 58, ""2024"": 58, ""2025"": 50, ""2026"": 25}",146,-12.559649361522208,-28.559649361522208,41.78082191780822,-27.172329313375208,73,-11.611076025715267,-27.611076025715267,42.465753424657535,-42.53770182093719,109,-13.308104133387573,-29.308104133387573,43.11926605504588,-26.805556239928308,110,-11.188490964729198,-27.188490964729198,40.909090909090914,-41.193911580914566,54,-11.375703507559685,-27.375703507559685,44.44444444444444,-33.49802363397991,55,-15.20537020238223,-31.20537020238223,41.81818181818181,-22.20341099901546,55,-15.856754398266709,-31.85675439826671,32.72727272727273,-41.48315067090014,55,-6.520227531191683,-22.520227531191683,49.09090909090909,-40.904672490928995,73,-11.611076025715267,-27.611076025715267,42.465753424657535,-42.53770182093719,-15.856754398266709,-31.85675439826671,h1_cost_residual_floor;ex2025_floor;loyo_floor;train_cost_floor;oos_cost_floor;worst_quarter_cost_floor;worst_quarter_slip16_floor,FAIL_BENCHMARK_OR_STABILITY_RESEARCH_ONLY
Stage40_PARALLEL_THESIS_MEGASCAN,RESEARCH_STAGE_ONLY_NO_PROMOTION,NO_GO,NO_GO,NO_GO,NO_GO,VOL_COMPRESSION_EXPANSION,VOL_COMP_EXP_SHORT_L24_Q0.15_M1.5,SHORT,Compressed 24H range then bearish expansion,24,"{""compression_q"": 0.15, ""expansion_mult"": 1.5, ""lookback"": 24}",387,223,8.0,-8.502590481085887,-8.612916361476685,223,-10.041788266291974,-2.3236383232227986,-18.041788266291974,43.946188340807176,-62.467981028244694,54.03017636435248,28.699551569506728,23.766816143497756,-34.041788266291974,-1.5391977852060865,-1.4288719048152885,-9.539197785206087,-9.428871904815288,143,-14.3795205352864,168,-9.021575021670044,55,-45.59443963168258,-23.05033139539645,"{""2022"": -22.44659677339373, ""2023"": -19.3315750019987, ""2024"": -14.950819792115809, ""2025"": -9.021575021670044, ""2026"": -23.05033139539645}","{""2022"": 5.618326000426055, ""2023"": -14.005233482320902, ""2024"": -27.71537478732478, ""2025"": -45.59443963168258, ""2026"": 21.62587331621549}","{""2022"": 35, ""2023"": 54, ""2024"": 54, ""2025"": 55, ""2026"": 25}",149,-16.5748618086868,-32.574861808686805,44.966442953020135,-61.10057339699493,74,-20.99546451201049,-36.995464512010486,41.891891891891895,-68.04692264676171,111,-14.073253035394194,-30.073253035394195,46.846846846846844,-57.89387038358073,112,-21.97489014691388,-37.97489014691388,41.07142857142857,-68.04692264676171,55,1.2855660679951741,-14.714433932004827,50.90909090909091,-59.49491414443564,56,-29.157807511937317,-45.15780751193732,42.857142857142854,-52.98172890514707,56,-31.431010450606088,-47.43101045060609,37.5,-75.27523480409192,56,-12.518769843221675,-28.518769843221676,44.642857142857146,-61.797618500374355,74,-20.99546451201049,-36.995464512010486,41.891891891891895,-68.04692264676171,-31.431010450606088,-47.43101045060609,h1_cost_residual_floor;ex2025_floor;loyo_floor;train_cost_floor;oos_cost_floor;worst_quarter_cost_floor;worst_quarter_slip16_floor,FAIL_BENCHMARK_OR_STABILITY_RESEARCH_ONLY
Stage40_PARALLEL_THESIS_MEGASCAN,RESEARCH_STAGE_ONLY_NO_PROMOTION,NO_GO,NO_GO,NO_GO,NO_GO,VOL_COMPRESSION_EXPANSION,VOL_COMP_EXP_SHORT_L72_Q0.15_M1.5,SHORT,Compressed 72H range then bearish expansion,8,"{""compression_q"": 0.15, ""expansion_mult"": 1.5, ""lookback"": 72}",419,250,8.0,-2.7951299583446616,-1.1310753012648225,250,-4.379727665837621,-4.670372846814486,-12.37972766583762,42.8,-36.18156894848346,33.61728008236142,11.600000000000001,10.4,-28.37972766583762,-1.5845977074929598,-3.248652364572799,-9.584597707492959,-11.248652364572798,161,-14.011677013553932,191,-14.385149143853612,59,-5.887600508192635,-14.385149143853612,"{""2022"": -13.458415057470209, ""2023"": -12.218686065461783, ""2024"": -9.884592806359965, ""2025"": -14.385149143853612, ""2026"": -11.832947405297947}","{""2022"": -6.543752290594655, ""2023"": -12.937621781425353, ""2024"": -19.3358612134723, ""2025"": -5.8876005081926355, ""2026"": -16.38944957646189}","{""2022"": 39, ""2023"": 56, ""2024"": 66, ""2025"": 59, ""2026"": 30}",167,-14.753809449119181,-30.75380944911918,44.31137724550898,-33.27743126872784,83,-7.602960704295197,-23.602960704295196,39.75903614457831,-48.21335002824112,125,-14.589489730506118,-30.589489730506116,45.6,-29.7479507865428,125,-10.169965601169121,-26.16996560116912,40.0,-49.133378961736526,62,-6.1143025342389015,-22.114302534238902,51.61290322580645,-33.632540396340005,63,-22.93015014588021,-38.930150145880205,39.682539682539684,-26.226313898962683,62,-10.440991503023165,-26.440991503023163,40.32258064516129,-45.1464629331999,63,-9.9032416977572,-25.903241697757203,39.682539682539684,-53.08777900110195,83,-7.602960704295197,-23.602960704295196,39.75903614457831,-48.21335002824112,-22.93015014588021,-38.930150145880205,h1_cost_residual_floor;ex2025_floor;loyo_floor;train_cost_floor;oos_cost_floor;worst_quarter_cost_floor;worst_quarter_slip16_floor,FAIL_BENCHMARK_OR_STABILITY_RESEARCH_ONLY
Stage40_PARALLEL_THESIS_MEGASCAN,RESEARCH_STAGE_ONLY_NO_PROMOTION,NO_GO,NO_GO,NO_GO,NO_GO,PULLBACK_CONTINUATION_AFTER_TREND,UPTREND_PULLBACK_CONT_LONG_TL72_T150,LONG,Uptrend 72H then controlled pullback continuation,8,"{""mean_lookback"": 24, ""trend_bps"": 150, ""trend_lookback"": 72}",649,286,8.0,2.7951299583446616,1.1310753012648225,286,1.0626895924088227,4.432202032288446,-6.937310407591176,48.25174825174825,-30.451747820877117,34.57743324751128,12.237762237762238,12.237762237762238,-22.937310407591177,-1.732440365935839,-0.06838570885599982,-9.732440365935837,-8.068385708855999,144,-5.081448920484813,189,-7.5797493026015985,97,-5.685548024529633,-10.288091949417831,"{""2022"": -7.867909722975492, ""2023"": -3.8943027272345163, ""2024"": -10.288091949417831, ""2025"": -7.5797493026015985, ""2026"": -5.324592543274637}","{""2022"": -0.039927246507429966, ""2023"": -21.655531228908085, ""2024"": 5.422129705703865, ""2025"": -5.685548024529633, ""2026"": -15.57431052537531}","{""2022"": 34, ""2023"": 49, ""2024"": 61, ""2025"": 97, ""2026"": 45}",191,-5.423655496378996,-21.423655496378995,47.12041884816754,-26.29778159712326,95,-9.980553439607245,-25.980553439607245,50.526315789473685,-40.23442432585678,143,-5.069811562434105,-21.069811562434104,47.55244755244755,-25.190203053460092,143,-8.804809252748248,-24.80480925274825,48.95104895104895,-40.23442432585678,71,-9.13324434890607,-25.133244348906068,42.25352112676056,-26.436429399712136,72,-1.0628153424409181,-17.062815342440917,52.77777777777778,-24.8065677415793,71,-3.524932153309406,-19.524932153309408,49.29577464788733,-35.845830044725076,72,-14.011354725805992,-30.011354725805994,48.61111111111111,-42.38596763271596,95,-9.980553439607245,-25.980553439607245,50.526315789473685,-40.23442432585678,-14.011354725805992,-30.011354725805994,h1_cost_residual_floor;ex2025_floor;loyo_floor;train_cost_floor;oos_cost_floor;worst_quarter_cost_floor;worst_quarter_slip16_floor,FAIL_BENCHMARK_OR_STABILITY_RESEARCH_ONLY
Stage40_PARALLEL_THESIS_MEGASCAN,RESEARCH_STAGE_ONLY_NO_PROMOTION,NO_GO,NO_GO,NO_GO,NO_GO,VOLATILITY_SHOCK_REVERSAL,UPPER_WICK_SHOCK_REV_SHORT_M2.0_W1.5,SHORT,Large H1 shock with upper-wick rejection,8,"{""range_atr_mult"": 2.0, ""wick_ratio"": 1.5}",111,101,8.0,-2.7951299583446616,-1.1310753012648225,101,-4.569202174437641,5.471656817683801,-12.56920217443764,43.56435643564357,-26.805556239928308,33.451251461641405,14.85148514851485,14.85148514851485,-28.569202174437642,-1.7740722160929794,-3.4381268731728185,-9.774072216092978,-11.438126873172818,80,-5.261639925624569,89,-13.531747811027728,12,-5.430322036394517,-18.70472644354537,"{""2022"": -15.512575287826033, ""2023"": -18.70472644354537, ""2024"": -11.54533429041268, ""2025"": -13.531747811027728, ""2026"": -5.2836419400728225}","{""2022"": 1.9745237975991297, ""2023"": -0.47861023237240813, ""2024"": -15.11121898994789, ""2025"": -5.430322036394517, ""2026"": -87.04381790350024}","{""2022"": 17, ""2023"": 34, ""2024"": 29, ""2025"": 12, ""2026"": 9}",67,-7.495181529219602,-23.4951815292196,44.776119402985074,-26.023993101089715,34,-22.568007563543773,-38.56800756354377,41.17647058823529,-48.26385025939795,50,-0.023222728314668862,-16.023222728314668,50.0,-25.84216279779561,51,-24.86918202357781,-40.86918202357781,37.254901960784316,-37.90069641353977,25,4.433231217324403,-11.566768782675597,56.00000000000001,-24.877944301961996,25,-4.47967667395374,-20.47967667395374,44.0,-26.023993101089715,25,-24.045370650595906,-40.045370650595906,32.0,-26.908812384101033,26,-25.66130834375272,-41.66130834375272,42.30769230769231,-46.25781728988421,34,-22.568007563543773,-38.56800756354377,41.17647058823529,-48.26385025939795,-25.66130834375272,-41.66130834375272,h1_cost_residual_floor;ex2025_floor;loyo_floor;train_cost_floor;oos_cost_floor;worst_quarter_cost_floor;worst_quarter_slip16_floor,FAIL_BENCHMARK_OR_STABILITY_RESEARCH_ONLY
Stage40_PARALLEL_THESIS_MEGASCAN,RESEARCH_STAGE_ONLY_NO_PROMOTION,NO_GO,NO_GO,NO_GO,NO_GO,VOL_COMPRESSION_EXPANSION,VOL_COMP_EXP_LONG_L24_Q0.25_M2.0,LONG,Compressed 24H range then bullish expansion,8,"{""compression_q"": 0.25, ""expansion_mult"": 2.0, ""lookback"": 24}",307,250,8.0,2.7951299583446616,1.1310753012648225,250,0.9892804230878574,-1.2017418959980875,-7.010719576912143,41.6,-32.33107168876093,29.668701191858382,11.600000000000001,9.6,-23.010719576912145,-1.8058495352568043,-0.14179487817696512,-9.805849535256804,-8.141794878176965,179,-9.945028658998805,200,-8.950522147083287,50,0.7484907037724376,-9.360719072107269,"{""2022"": -5.401464390919202, ""2023"": -3.3863749066232454, ""2024"": -9.360719072107269, ""2025"": -8.950522147083287, ""2026"": -7.6101991038085774}","{""2022"": -14.544959765879089, ""2023"": -15.630782576518168, ""2024"": 0.2704264000039066, ""2025"": 0.7484907037724388, ""2026"": -0.4735380693272123}","{""2022"": 44, ""2023"": 74, ""2024"": 61, ""2025"": 50, ""2026"": 21}",167,-12.134258031482444,-28.134258031482446,36.52694610778443,-34.89645686339471,83,3.2980867111991867,-12.701913288800814,51.80722891566265,-28.796605031828904,125,-14.620517939046033,-30.62051793904603,33.6,-31.859753681307,125,0.5990787852217484,-15.400921214778252,49.6,-34.876549773515954,62,-12.177320569275512,-28.177320569275512,35.483870967741936,-32.930371427503104,63,-17.024934398185284,-33.02493439818528,31.746031746031743,-30.39513677811523,62,-1.9951556001426247,-17.995155600142624,50.0,-35.600083159972876,63,3.152134847008907,-12.847865152991094,49.2063492063492,-34.540550031125775,83,3.2980867111991867,-12.701913288800814,51.80722891566265,-28.796605031828904,-17.024934398185284,-33.02493439818528,h1_cost_residual_floor;ex2025_floor;loyo_floor;train_cost_floor;worst_quarter_cost_floor;worst_quarter_slip16_floor,FAIL_BENCHMARK_OR_STABILITY_RESEARCH_ONLY
Stage40_PARALLEL_THESIS_MEGASCAN,RESEARCH_STAGE_ONLY_NO_PROMOTION,NO_GO,NO_GO,NO_GO,NO_GO,SESSION_TRANSITION_IMBALANCE,LONDON_FALSE_ASIA_HIGH_SHORT_Q0.25,SHORT,London false break above Asia high,4,"{""asia_range_q"": 0.25, ""direction"": ""false_up""}",736,477,8.0,-1.3958339209070354,-1.2296768282992119,477,-3.2152185023382023,-3.4509853890596354,-11.215218502338203,34.59119496855346,-21.69263208992467,18.285510956480564,2.3060796645702304,3.1446540880503147,-27.215218502338203,-1.8193845814311669,-1.9855416740389904,-9.819384581431168,-9.985541674038991,330,-11.703206533488942,375,-11.53410716291917,102,-10.042833720790528,-11.974252492625936,"{""2022"": -11.974252492625936, ""2023"": -10.863959786903822, ""2024"": -10.27849727981439, ""2025"": -11.53410716291917, ""2026"": -11.311174063824039}","{""2022"": -7.764261639518389, ""2023"": -12.226158219929832, ""2024"": -13.971191685961985, ""2025"": -10.042833720790528, ""2026"": -10.29404511207417}","{""2022"": 86, ""2023"": 123, ""2024"": 121, ""2025"": 102, ""2026"": 45}",319,-11.86158201945448,-27.86158201945448,33.5423197492163,-21.174009541058414,158,-9.910218743097111,-25.91021874309711,36.708860759493675,-24.36580869484617,238,-11.85215351212678,-27.85215351212678,35.714285714285715,-21.02515531172355,239,-10.580948492590583,-26.580948492590583,33.47280334728033,-24.296324452037776,119,-9.685639538892282,-25.685639538892282,38.655462184873954,-24.01402278702891,119,-14.018667485361272,-30.01866748536127,32.773109243697476,-19.65343935188546,119,-13.796650054086859,-29.79665005408686,27.73109243697479,-22.844089091946795,120,-7.392044444106778,-23.39204444410678,39.166666666666664,-24.66779547427023,158,-9.910218743097111,-25.91021874309711,36.708860759493675,-24.36580869484617,-14.018667485361272,-30.01866748536127,h1_cost_residual_floor;ex2025_floor;loyo_floor;train_cost_floor;oos_cost_floor;worst_quarter_cost_floor;worst_quarter_slip16_floor,FAIL_BENCHMARK_OR_STABILITY_RESEARCH_ONLY
Stage40_PARALLEL_THESIS_MEGASCAN,RESEARCH_STAGE_ONLY_NO_PROMOTION,NO_GO,NO_GO,NO_GO,NO_GO,SESSION_TRANSITION_IMBALANCE,LONDON_FALSE_ASIA_HIGH_SHORT_Q0.4,SHORT,London false break above Asia high,4,"{""asia_range_q"": 0.4, ""direction"": ""false_up""}",736,477,8.0,-1.3958339209070354,-1.2296768282992119,477,-3.2152185023382023,-3.4509853890596354,-11.215218502338203,34.59119496855346,-21.69263208992467,18.285510956480564,2.3060796645702304,3.1446540880503147,-27.215218502338203,-1.8193845814311669,-1.9855416740389904,-9.819384581431168,-9.985541674038991,330,-11.703206533488942,375,-11.53410716291917,102,-10.042833720790528,-11.974252492625936,"{""2022"": -11.974252492625936, ""2023"": -10.863959786903822, ""2024"": -10.27849727981439, ""2025"": -11.53410716291917, ""2026"": -11.311174063824039}","{""2022"": -7.764261639518389, ""2023"": -12.226158219929832, ""2024"": -13.971191685961985, ""2025"": -10.042833720790528, ""2026"": -10.29404511207417}","{""2022"": 86, ""2023"": 123, ""2024"": 121, ""2025"": 102, ""2026"": 45}",319,-11.86158201945448,-27.86158201945448,33.5423197492163,-21.174009541058414,158,-9.910218743097111,-25.91021874309711,36.708860759493675,-24.36580869484617,238,-11.85215351212678,-27.85215351212678,35.714285714285715,-21.02515531172355,239,-10.580948492590583,-26.580948492590583,33.47280334728033,-24.296324452037776,119,-9.685639538892282,-25.685639538892282,38.655462184873954,-24.01402278702891,119,-14.018667485361272,-30.01866748536127,32.773109243697476,-19.65343935188546,119,-13.796650054086859,-29.79665005408686,27.73109243697479,-22.844089091946795,120,-7.392044444106778,-23.39204444410678,39.166666666666664,-24.66779547427023,158,-9.910218743097111,-25.91021874309711,36.708860759493675,-24.36580869484617,-14.018667485361272,-30.01866748536127,h1_cost_residual_floor;ex2025_floor;loyo_floor;train_cost_floor;oos_cost_floor;worst_quarter_cost_floor;worst_quarter_slip16_floor,FAIL_BENCHMARK_OR_STABILITY_RESEARCH_ONLY
Stage40_PARALLEL_THESIS_MEGASCAN,RESEARCH_STAGE_ONLY_NO_PROMOTION,NO_GO,NO_GO,NO_GO,NO_GO,PULLBACK_CONTINUATION_AFTER_TREND,UPTREND_PULLBACK_CONT_LONG_TL120_T150,LONG,Uptrend 120H then controlled pullback continuation,4,"{""mean_lookback"": 24, ""trend_bps"": 150, ""trend_lookback"": 120}",997,563,8.0,1.3958339209070354,1.2296768282992119,563,-0.43848614373087186,1.192859439667071,-8.438486143730872,41.56305506216697,-22.64267056419356,20.507838851562266,5.506216696269982,4.085257548845471,-24.43848614373087,-1.8343200646379072,-1.6681629720300837,-9.834320064637907,-9.668162972030084,302,-5.182949807228054,389,-8.333807167441641,174,-8.672509832101623,-9.444500271869124,"{""2022"": -8.98451490668401, ""2023"": -9.029079919246904, ""2024"": -9.444500271869124, ""2025"": -8.333807167441641, ""2026"": -6.458545278505367}","{""2022"": -3.6842701904320068, ""2023"": -6.471354568358244, ""2024"": -4.476202428519684, ""2025"": -8.672509832101623, ""2026"": -19.27126605002214}","{""2022"": 58, ""2023"": 130, ""2024"": 114, ""2025"": 174, ""2026"": 87}",377,-5.751108191351138,-21.751108191351136,43.50132625994695,-18.60977144055309,186,-13.885483391296246,-29.885483391296248,37.634408602150536,-30.6518680483886,281,-4.534435584829573,-20.534435584829573,42.704626334519574,-17.785995912125152,282,-12.32869255171408,-28.32869255171408,40.42553191489361,-28.70458108290508,140,-5.277928352400842,-21.277928352400842,38.57142857142858,-18.617130592684106,141,-3.7962158156098744,-19.796215815609873,46.808510638297875,-16.398250853240093,141,-7.984956856811457,-23.984956856811458,43.262411347517734,-23.27371839685788,141,-16.672428246616704,-32.672428246616704,37.5886524822695,-33.392410584780485,186,-13.885483391296246,-29.885483391296248,37.634408602150536,-30.6518680483886,-16.672428246616704,-32.672428246616704,h1_cost_residual_floor;ex2025_floor;loyo_floor;train_cost_floor;oos_cost_floor;worst_quarter_cost_floor;worst_quarter_slip16_floor,FAIL_BENCHMARK_OR_STABILITY_RESEARCH_ONLY
Stage40_PARALLEL_THESIS_MEGASCAN,RESEARCH_STAGE_ONLY_NO_PROMOTION,NO_GO,NO_GO,NO_GO,NO_GO,VOL_COMPRESSION_EXPANSION,VOL_COMP_EXP_SHORT_L120_Q0.15_M1.5,SHORT,Compressed 120H range then bearish expansion,24,"{""compression_q"": 0.15, ""expansion_mult"": 1.5, ""lookback"": 120}",391,178,8.0,-8.502590481085887,-8.612916361476685,178,-10.369499552465516,-1.5030404495447458,-18.369499552465513,42.13483146067416,-59.49979324989862,48.26255801327062,21.34831460674157,19.662921348314608,-34.36949955246551,-1.866909071379629,-1.756583190988831,-9.866909071379625,-9.756583190988827,118,-12.600296191493431,138,-13.866641034902928,40,-33.90436143805644,-25.097607615717614,"{""2022"": -22.201523509681078, ""2023"": -25.097607615717614, ""2024"": -12.20271030509412, ""2025"": -13.866641034902928, ""2026"": -17.993730431129634}","{""2022"": 10.279441461003191, ""2023"": -0.14754021449107668, ""2024"": -34.60451614248409, ""2025"": -33.90436143805644, ""2026"": -21.33807561101897}","{""2022"": 21, ""2023"": 48, ""2024"": 49, ""2025"": 40, ""2026"": 20}",119,-13.7115517790261,-29.711551779026102,44.537815126050425,-57.79251026399423,59,-27.76434336669077,-43.76434336669077,37.28813559322034,-69.55171220446755,89,-1.5467285422655332,-17.546728542265534,48.31460674157304,-48.58774838444102,89,-35.19227056266549,-51.19227056266549,35.95505617977528,-74.15204478587123,44,5.772790042612294,-10.227209957387707,52.27272727272727,-57.368917583301425,45,-8.703591158590518,-24.70359115859052,44.44444444444444,-36.863932591666426,44,-35.76875257740629,-51.76875257740629,36.36363636363637,-68.88519389262936,45,-34.62859925936339,-50.62859925936339,35.55555555555556,-83.43129163227658,59,-27.76434336669077,-43.76434336669077,37.28813559322034,-69.55171220446755,-35.76875257740629,-51.76875257740629,h1_cost_residual_floor;ex2025_floor;loyo_floor;train_cost_floor;oos_cost_floor;worst_quarter_cost_floor;worst_quarter_slip16_floor,FAIL_BENCHMARK_OR_STABILITY_RESEARCH_ONLY
Stage40_PARALLEL_THESIS_MEGASCAN,RESEARCH_STAGE_ONLY_NO_PROMOTION,NO_GO,NO_GO,NO_GO,NO_GO,SESSION_TRANSITION_IMBALANCE,ASIA_COMP_LONDON_BREAKOUT_SHORT_Q0.4,SHORT,Asia compression then London breakout down,4,"{""asia_range_q"": 0.4, ""direction"": ""breakout_down""}",586,255,8.0,-1.3958339209070354,-1.2296768282992119,255,-3.2644552779882057,-3.8132514083843994,-11.264455277988207,36.470588235294116,-24.850042844901665,21.75995806180442,1.9607843137254901,4.705882352941177,-27.264455277988205,-1.8686213570811703,-2.034778449688994,-9.868621357081171,-10.034778449688995,184,-11.742081383794446,204,-10.514583543200695,51,-14.263942217138245,-12.289378841243526,"{""2022"": -10.729735012572213, ""2023"": -11.638054179778132, ""2024"": -11.024479537222811, ""2025"": -10.514583543200695, ""2026"": -12.289378841243526}","{""2022"": -13.403336339652178, ""2023"": -10.333016920100992, ""2024"": -12.044376435475746, ""2025"": -14.263942217138245, ""2026"": 0.7783965902618059}","{""2022"": 51, ""2023"": 73, ""2024"": 60, ""2025"": 51, ""2026"": 20}",170,-12.349630214616402,-28.349630214616404,36.470588235294116,-21.007355187924183,85,-9.094105404731812,-25.094105404731813,36.470588235294116,-32.86593201642152,127,-12.022776169514016,-28.022776169514017,35.43307086614173,-21.023830360824558,128,-10.512058768427442,-26.512058768427444,37.5,-28.079637090551167,63,-15.000119196357762,-31.000119196357762,36.507936507936506,-22.396843734333594,64,-9.091954127464701,-25.091954127464703,34.375,-19.35797969316644,64,-10.101118511110087,-26.101118511110087,37.5,-21.142564020807384,64,-10.922999025744799,-26.9229990257448,37.5,-39.31430379178535,85,-9.094105404731812,-25.094105404731813,36.470588235294116,-32.86593201642152,-15.000119196357762,-31.000119196357762,h1_cost_residual_floor;ex2025_floor;loyo_floor;train_cost_floor;oos_cost_floor;worst_quarter_cost_floor;worst_quarter_slip16_floor,FAIL_BENCHMARK_OR_STABILITY_RESEARCH_ONLY
Stage40_PARALLEL_THESIS_MEGASCAN,RESEARCH_STAGE_ONLY_NO_PROMOTION,NO_GO,NO_GO,NO_GO,NO_GO,VOL_COMPRESSION_EXPANSION,VOL_COMP_EXP_SHORT_L72_Q0.15_M1.5,SHORT,Compressed 72H range then bearish expansion,24,"{""compression_q"": 0.15, ""expansion_mult"": 1.5, ""lookback"": 72}",419,191,8.0,-8.502590481085887,-8.612916361476685,191,-10.459048991730286,-1.851989036225632,-18.459048991730285,42.40837696335078,-61.17586011483933,55.36537721946955,28.272251308900525,26.701570680628272,-34.459048991730285,-1.9564585106443992,-1.8461326302536012,-9.956458510644397,-9.8461326302536,125,-16.940473319878006,146,-14.412133763997087,45,-31.58904061948689,-21.990431160263288,"{""2022"": -21.990431160263288, ""2023"": -19.36274175920962, ""2024"": -14.869147432316336, ""2025"": -14.412133763997087, ""2026"": -20.818035252127416}","{""2022"": 0.4927019793968147, ""2023"": -15.610452224675866, ""2024"": -28.862437184317653, ""2025"": -31.58904061948689, ""2026"": 0.6375064495798035}","{""2022"": 30, ""2023"": 46, ""2024"": 49, ""2025"": 45, ""2026"": 21}",127,-18.797948765682452,-34.79794876568245,41.732283464566926,-57.528672813518256,64,-17.786544752793965,-33.786544752793965,43.75,-71.93444863781816,95,-20.679010856451594,-36.6790108564516,43.15789473684211,-49.431917138786915,96,-16.262211729766488,-32.26221172976649,41.66666666666667,-69.62593102119885,47,-2.3245658804947658,-18.324565880494767,46.808510638297875,-50.977439415487154,48,-38.651071562076,-54.651071562076,39.58333333333333,-47.788222379230305,48,-12.695843758339102,-28.6958437583391,41.66666666666667,-69.62593102119885,48,-19.828579701193878,-35.828579701193874,41.66666666666667,-71.93444863781816,64,-17.786544752793965,-33.786544752793965,43.75,-71.93444863781816,-38.651071562076,-54.651071562076,h1_cost_residual_floor;ex2025_floor;loyo_floor;train_cost_floor;oos_cost_floor;worst_quarter_cost_floor;worst_quarter_slip16_floor,FAIL_BENCHMARK_OR_STABILITY_RESEARCH_ONLY
Stage40_PARALLEL_THESIS_MEGASCAN,RESEARCH_STAGE_ONLY_NO_PROMOTION,NO_GO,NO_GO,NO_GO,NO_GO,VOLATILITY_SHOCK_REVERSAL,LOWER_WICK_SHOCK_REV_LONG_M2.0_W1.0,LONG,Large H1 shock with lower-wick rejection,8,"{""range_atr_mult"": 2.0, ""wick_ratio"": 1.0}",146,133,8.0,2.7951299583446616,1.1310753012648225,133,0.7898876177240379,5.2906091687243695,-7.2101123822759625,47.368421052631575,-35.453304189350106,33.20413952931034,17.293233082706767,12.030075187969924,-23.210112382275963,-2.0052423406206237,-0.34118768354078455,-10.005242340620624,-8.341187683540785,102,1.893815851513136,114,-4.322802116671027,19,-24.53397397590558,-13.049228297167755,"{""2022"": -13.049228297167755, ""2023"": -9.607748773634874, ""2024"": -8.255104466664335, ""2025"": -4.322802116671027, ""2026"": -2.2560023858501332}","{""2022"": 12.83751892551918, ""2023"": -1.8300502358120647, ""2024"": -3.7717513304174495, ""2025"": -24.533973975905578, ""2026"": -57.16405484623641}","{""2022"": 30, ""2023"": 41, ""2024"": 31, ""2025"": 19, ""2026"": 12}",89,6.381175632911089,-9.618824367088912,51.68539325842697,-28.60053057724743,44,-34.70158132208613,-50.70158132208613,38.63636363636363,-54.242059892535835,66,3.8231166324514723,-12.176883367548527,48.484848484848484,-28.65056030112667,67,-18.078666337082097,-34.0786663370821,46.26865671641791,-41.91109767160639,33,14.661047922150438,-1.3389520778495623,54.54545454545454,-28.700590025005912,33,-7.014814657247495,-23.014814657247495,42.42424242424242,-26.308172589881718,33,2.3257099139477795,-13.67429008605222,54.54545454545454,-35.72865240446199,34,-37.88291387484639,-53.88291387484639,38.23529411764706,-58.264706487845544,44,-34.70158132208613,-50.70158132208613,38.63636363636363,-54.242059892535835,-37.88291387484639,-53.88291387484639,h1_cost_residual_floor;ex2025_floor;loyo_floor;oos_cost_floor;worst_quarter_cost_floor;worst_quarter_slip16_floor,FAIL_BENCHMARK_OR_STABILITY_RESEARCH_ONLY
Stage40_PARALLEL_THESIS_MEGASCAN,RESEARCH_STAGE_ONLY_NO_PROMOTION,NO_GO,NO_GO,NO_GO,NO_GO,VOL_COMPRESSION_EXPANSION,VOL_COMP_EXP_SHORT_L72_Q0.15_M2.0,SHORT,Compressed 72H range then bearish expansion,8,"{""compression_q"": 0.15, ""expansion_mult"": 2.0, ""lookback"": 72}",207,158,8.0,-2.7951299583446616,-1.1310753012648225,158,-4.976116714022415,-4.256801217769057,-12.976116714022417,42.405063291139236,-33.779224880645664,33.98867004175466,12.025316455696203,12.025316455696203,-28.976116714022417,-2.180986755677753,-3.8450414127575923,-10.180986755677756,-11.845041412757595,110,-17.697827750006663,125,-16.06968627733332,33,-1.2580501863296174,-16.06968627733332,"{""2022"": -11.88568216025518, ""2023"": -13.24983038303546, ""2024"": -9.389439873066808, ""2025"": -16.06968627733332, ""2026"": -13.904032927619655}","{""2022"": -19.064376305889486, ""2023"": -12.19503136586325, ""2024"": -21.98266078131094, ""2025"": -1.2580501863296185, ""2026"": -4.1299821443954094}","{""2022"": 24, ""2023"": 41, ""2024"": 45, ""2025"": 33, ""2026"": 15}",105,-16.490125581309343,-32.49012558130934,41.904761904761905,-29.7479507865428,53,-6.014401033548313,-22.014401033548314,43.39622641509434,-52.106132166032104,79,-17.13121011744679,-33.13121011744679,44.303797468354425,-28.231807019369892,79,-8.821023310598038,-24.821023310598036,40.50632911392405,-51.1406011388238,39,-13.78945783383905,-29.78945783383905,46.15384615384615,-33.30348311121334,40,-20.389418593964336,-36.389418593964336,42.5,-23.91834084732425,39,-23.75305401255005,-39.75305401255005,25.64102564102564,-52.106132166032104,40,5.7377066238051615,-10.262293376194839,55.00000000000001,-47.44487595922497,53,-6.014401033548313,-22.014401033548314,43.39622641509434,-52.106132166032104,-23.75305401255005,-39.75305401255005,h1_cost_residual_floor;ex2025_floor;loyo_floor;train_cost_floor;oos_cost_floor;worst_quarter_cost_floor;worst_quarter_slip16_floor,FAIL_BENCHMARK_OR_STABILITY_RESEARCH_ONLY
Stage40_PARALLEL_THESIS_MEGASCAN,RESEARCH_STAGE_ONLY_NO_PROMOTION,NO_GO,NO_GO,NO_GO,NO_GO,FALSE_BREAKOUT_SWEEP_REVERSAL,SWEEP_LOW_REV_LONG_L72_T8,LONG,Sweep below prior 72H low by 8bps then close back inside,4,"{""lookback"": 72, ""threshold_bps"": 8}",98,94,8.0,1.3958339209070354,1.2296768282992119,94,-0.7989467158422068,5.786114775645501,-8.79894671584221,45.744680851063826,-32.33733072800116,26.15137770170972,11.702127659574469,9.574468085106384,-24.79894671584221,-2.1947806367492424,-2.0286235441414187,-10.194780636749245,-10.028623544141421,57,-6.540567650739017,73,-14.75455707361926,21,11.903889289763736,-14.75455707361926,"{""2022"": -7.734213753192555, ""2023"": -11.647902852017946, ""2024"": -8.531995697479555, ""2025"": -14.75455707361926, ""2026"": -1.5747523206036596}","{""2022"": -11.58363292584899, ""2023"": 5.089714448014518, ""2024"": -10.2048887458855, ""2025"": 11.903889289763738, ""2026"": -44.01689439263013}","{""2022"": 26, ""2023"": 16, ""2024"": 15, ""2025"": 21, ""2026"": 16}",62,-4.618166020134612,-20.618166020134613,43.54838709677419,-25.601431187319832,32,-16.89920931377568,-32.89920931377568,50.0,-45.61958775230024,47,-4.882785044844223,-20.882785044844223,44.680851063829785,-23.643483549024012,47,-12.715108386840196,-28.715108386840196,46.808510638297875,-37.42314889066955,23,-14.09194494113341,-30.09194494113341,39.130434782608695,-35.453304189350106,24,3.9426598557662493,-12.05734014423375,50.0,-13.51382401315715,23,-1.728340817419293,-17.728340817419294,47.82608695652174,-33.82370072057217,24,-23.24409397420189,-39.24409397420189,45.83333333333333,-54.03465811675446,32,-16.89920931377568,-32.89920931377568,50.0,-45.61958775230024,-23.24409397420189,-39.24409397420189,h1_cost_residual_floor;ex2025_floor;loyo_floor;train_cost_floor;oos_cost_floor;worst_quarter_cost_floor;worst_quarter_slip16_floor,FAIL_BENCHMARK_OR_STABILITY_RESEARCH_ONLY
Stage40_PARALLEL_THESIS_MEGASCAN,RESEARCH_STAGE_ONLY_NO_PROMOTION,NO_GO,NO_GO,NO_GO,NO_GO,VOL_COMPRESSION_EXPANSION,VOL_COMP_EXP_LONG_L24_Q0.25_M2.0,LONG,Compressed 24H range then bullish expansion,4,"{""compression_q"": 0.25, ""expansion_mult"": 2.0, ""lookback"": 24}",307,264,8.0,1.3958339209070354,1.2296768282992119,264,-0.8586553943383447,-1.8174707215229402,-8.858655394338346,42.04545454545455,-27.437259922215574,24.749289672685304,9.090909090909092,4.924242424242424,-24.858655394338346,-2.25448931524538,-2.0883322226375567,-10.254489315245381,-10.088332222637558,191,-12.111540457023317,212,-11.648956447126096,52,2.517187359334793,-11.648956447126096,"{""2022"": -6.178748695694366, ""2023"": -6.806614053808828, ""2024"": -10.541448307208928, ""2025"": -11.648956447126096, ""2026"": -8.98111310537467}","{""2022"": -20.617429684306824, ""2023"": -13.75198474483181, ""2024"": -3.599927541617778, ""2025"": 2.5171873593347933, ""2026"": -7.4416447380609}","{""2022"": 49, ""2023"": 78, ""2024"": 64, ""2025"": 52, ""2026"": 21}",176,-14.260968704381929,-30.26096870438193,36.36363636363637,-28.750693075591528,88,1.945971225748818,-14.054028774251183,53.40909090909091,-22.059276463772814,132,-16.506406858077305,-32.506406858077305,32.57575757575758,-28.546054989367907,132,-1.2109039305993847,-17.210903930599386,51.515151515151516,-23.32866997171723,66,-17.89645322059879,-33.89645322059879,31.818181818181817,-30.552628013221785,66,-15.116360495555822,-31.116360495555824,33.33333333333333,-23.88416582862096,66,-3.343767980548198,-19.343767980548197,54.54545454545454,-21.21287699699159,66,0.9219601193494278,-15.078039880650572,48.484848484848484,-26.968858245989825,88,1.945971225748818,-14.054028774251183,53.40909090909091,-22.059276463772814,-17.89645322059879,-33.89645322059879,h1_cost_residual_floor;ex2025_floor;loyo_floor;train_cost_floor;worst_quarter_cost_floor;worst_quarter_slip16_floor,FAIL_BENCHMARK_OR_STABILITY_RESEARCH_ONLY
Stage40_PARALLEL_THESIS_MEGASCAN,RESEARCH_STAGE_ONLY_NO_PROMOTION,NO_GO,NO_GO,NO_GO,NO_GO,FAILED_CONTINUATION_AFTER_EXTREME_MOVE,FAILED_UP_CONT_SHORT_L72_T200,SHORT,"Strong 72H up move, new high attempt fails",72,"{""lookback"": 72, ""move_bps"": 200}",180,69,8.0,-25.002508867881485,-23.30868059339869,69,-27.280257793692922,-38.067288763099505,-35.28025779369291,43.47826086956522,-142.08895834067815,87.7864864770339,57.971014492753625,44.927536231884055,-51.28025779369291,-2.277748925811437,-3.971577200294231,-10.277748925811427,-11.97157720029422,34,-35.289517872739175,43,-15.122358242881688,26,-68.61832243541919,-49.73199984990052,"{""2022"": -36.1440202693932, ""2023"": -32.841421557281386, ""2024"": -37.011473596910044, ""2025"": -15.122358242881688, ""2026"": -49.73199984990052}","{""2022"": -27.629790151776124, ""2023"": -49.66939158852101, ""2024"": -29.984774160322896, ""2025"": -68.61832243541919, ""2026"": 61.064689247691064}","{""2022"": 7, ""2023"": 10, ""2024"": 17, ""2025"": 26, ""2026"": 9}",46,-52.379273674254925,-68.37927367425493,43.47826086956522,-147.2063510727728,23,-1.0822260325689215,-17.082226032568922,43.47826086956522,-135.0995286492518,34,-35.289517872739175,-51.289517872739175,47.05882352941176,-139.48422874240697,35,-35.271262288333695,-51.271262288333695,40.0,-173.83539683451409,17,-40.594261585155465,-56.594261585155465,47.05882352941176,-105.7353956167062,17,-29.984774160322893,-45.98477416032289,47.05882352941176,-152.32374380486746,17,-76.33142724388017,-92.33142724388017,35.294117647058826,-185.55145826349317,18,3.5077823919046582,-12.492217608095341,44.44444444444444,-154.46746274188294,23,-1.0822260325689215,-17.082226032568922,43.47826086956522,-135.0995286492518,-76.33142724388017,-92.33142724388017,h1_cost_residual_floor;ex2025_floor;loyo_floor;train_cost_floor;oos_cost_floor;worst_quarter_cost_floor;worst_quarter_slip16_floor,FAIL_BENCHMARK_OR_STABILITY_RESEARCH_ONLY
Stage40_PARALLEL_THESIS_MEGASCAN,RESEARCH_STAGE_ONLY_NO_PROMOTION,NO_GO,NO_GO,NO_GO,NO_GO,PULLBACK_CONTINUATION_AFTER_TREND,DOWNTREND_PULLBACK_CONT_SHORT_TL120_T300,SHORT,Downtrend 120H then controlled pullback continuation,4,"{""mean_lookback"": 24, ""trend_bps"": 300, ""trend_lookback"": 120}",211,128,8.0,-1.3958339209070354,-1.2296768282992119,128,-3.6826351183989656,0.7622361848341752,-11.682635118398965,40.625,-33.05608715775899,30.43473984605638,17.1875,16.40625,-27.682635118398963,-2.28680119749193,-2.4529582900997537,-10.28680119749193,-10.452958290099753,51,-14.664903869164323,95,-13.697653550408287,33,-5.881824480796373,-13.697653550408287,"{""2022"": -11.068578292114333, ""2023"": -11.211862409762942, ""2024"": -11.38761216336927, ""2025"": -13.697653550408287, ""2026"": -11.21440839516263}","{""2022"": -14.641272554134018, ""2023"": -15.516070031578026, ""2024"": -13.905141379622652, ""2025"": -5.881824480796374, ""2026"": -12.57652249912288}","{""2022"": 22, ""2023"": 14, ""2024"": 15, ""2025"": 33, ""2026"": 44}",85,-10.138887206806166,-26.138887206806167,36.470588235294116,-28.308634891909268,43,-14.73422982736148,-30.73422982736148,48.837209302325576,-62.17825900874718,64,-17.31042905094494,-33.31042905094494,31.25,-27.856166899806745,64,-6.054841185852991,-22.054841185852993,50.0,-48.51207428731574,32,-13.651604353879568,-29.65160435387957,28.125,-12.592625015596104,32,-20.969253748010317,-36.96925374801032,34.375,-34.35132340389946,32,13.068447313453975,-2.9315526865460253,53.125,-44.40538985370335,32,-25.178129685159956,-41.17812968515996,46.875,-54.220540586656924,43,-14.73422982736148,-30.73422982736148,48.837209302325576,-62.17825900874718,-25.178129685159956,-41.17812968515996,h1_cost_residual_floor;ex2025_floor;loyo_floor;train_cost_floor;oos_cost_floor;worst_quarter_cost_floor;worst_quarter_slip16_floor,FAIL_BENCHMARK_OR_STABILITY_RESEARCH_ONLY
Stage40_PARALLEL_THESIS_MEGASCAN,RESEARCH_STAGE_ONLY_NO_PROMOTION,NO_GO,NO_GO,NO_GO,NO_GO,SESSION_TRANSITION_IMBALANCE,LONDON_FALSE_ASIA_HIGH_SHORT_Q0.25,SHORT,London false break above Asia high,24,"{""asia_range_q"": 0.25, ""direction"": ""false_up""}",736,389,8.0,-8.502590481085887,-8.612916361476685,389,-10.876169896178876,-9.496422836228202,-18.876169896178872,41.131105398457585,-59.205301640332664,51.76278585052208,28.53470437017995,21.079691516709513,-34.87616989617887,-2.3735794150929888,-2.2632535347021907,-10.373579415092985,-10.263253534702187,268,-16.21700337632923,305,-14.976398689784967,84,-33.03605344320437,-22.250001919651915,"{""2022"": -21.477019108432522, ""2023"": -22.250001919651915, ""2024"": -15.043811604978263, ""2025"": -14.976398689784967, ""2026"": -20.230640324106254}","{""2022"": -7.425208781117669, ""2023"": -8.435047634062308, ""2024"": -29.804082647325178, ""2025"": -33.03605344320437, ""2026"": -5.990397176437319}","{""2022"": 72, ""2023"": 95, ""2024"": 101, ""2025"": 84, ""2026"": 37}",260,-16.202182172202466,-32.20218217220247,42.30769230769231,-54.98023900431082,129,-24.265602518146835,-40.265602518146835,38.759689922480625,-67.75687575047095,194,-14.892251688104892,-30.892251688104892,44.84536082474227,-52.94501428217746,195,-22.839657754467865,-38.839657754467865,37.43589743589744,-67.86555690516893,97,-8.474735995085378,-24.47473599508538,48.45360824742268,-59.205301640332664,97,-21.309767381124406,-37.3097673811244,41.23711340206185,-44.54167016448851,97,-26.023449383760777,-42.02344938376078,30.927835051546392,-61.80424376914129,98,-19.688353794861612,-35.68835379486161,43.87755102040816,-75.36104941764933,129,-24.265602518146835,-40.265602518146835,38.759689922480625,-67.75687575047095,-26.023449383760777,-42.02344938376078,h1_cost_residual_floor;ex2025_floor;loyo_floor;train_cost_floor;oos_cost_floor;worst_quarter_cost_floor;worst_quarter_slip16_floor,FAIL_BENCHMARK_OR_STABILITY_RESEARCH_ONLY
Stage40_PARALLEL_THESIS_MEGASCAN,RESEARCH_STAGE_ONLY_NO_PROMOTION,NO_GO,NO_GO,NO_GO,NO_GO,SESSION_TRANSITION_IMBALANCE,LONDON_FALSE_ASIA_HIGH_SHORT_Q0.4,SHORT,London false break above Asia high,24,"{""asia_range_q"": 0.4, ""direction"": ""false_up""}",736,389,8.0,-8.502590481085887,-8.612916361476685,389,-10.876169896178876,-9.496422836228202,-18.876169896178872,41.131105398457585,-59.205301640332664,51.76278585052208,28.53470437017995,21.079691516709513,-34.87616989617887,-2.3735794150929888,-2.2632535347021907,-10.373579415092985,-10.263253534702187,268,-16.21700337632923,305,-14.976398689784967,84,-33.03605344320437,-22.250001919651915,"{""2022"": -21.477019108432522, ""2023"": -22.250001919651915, ""2024"": -15.043811604978263, ""2025"": -14.976398689784967, ""2026"": -20.230640324106254}","{""2022"": -7.425208781117669, ""2023"": -8.435047634062308, ""2024"": -29.804082647325178, ""2025"": -33.03605344320437, ""2026"": -5.990397176437319}","{""2022"": 72, ""2023"": 95, ""2024"": 101, ""2025"": 84, ""2026"": 37}",260,-16.202182172202466,-32.20218217220247,42.30769230769231,-54.98023900431082,129,-24.265602518146835,-40.265602518146835,38.759689922480625,-67.75687575047095,194,-14.892251688104892,-30.892251688104892,44.84536082474227,-52.94501428217746,195,-22.839657754467865,-38.839657754467865,37.43589743589744,-67.86555690516893,97,-8.474735995085378,-24.47473599508538,48.45360824742268,-59.205301640332664,97,-21.309767381124406,-37.3097673811244,41.23711340206185,-44.54167016448851,97,-26.023449383760777,-42.02344938376078,30.927835051546392,-61.80424376914129,98,-19.688353794861612,-35.68835379486161,43.87755102040816,-75.36104941764933,129,-24.265602518146835,-40.265602518146835,38.759689922480625,-67.75687575047095,-26.023449383760777,-42.02344938376078,h1_cost_residual_floor;ex2025_floor;loyo_floor;train_cost_floor;oos_cost_floor;worst_quarter_cost_floor;worst_quarter_slip16_floor,FAIL_BENCHMARK_OR_STABILITY_RESEARCH_ONLY
Stage40_PARALLEL_THESIS_MEGASCAN,RESEARCH_STAGE_ONLY_NO_PROMOTION,NO_GO,NO_GO,NO_GO,NO_GO,SESSION_TRANSITION_IMBALANCE,LONDON_FALSE_ASIA_HIGH_SHORT_Q0.25,SHORT,London false break above Asia high,8,"{""asia_range_q"": 0.25, ""direction"": ""false_up""}",736,435,8.0,-2.7951299583446616,-1.1310753012648225,435,-5.400870894943821,-1.326814929729636,-13.40087089494382,42.298850574712645,-40.31360647445581,34.6274680670533,11.264367816091953,8.505747126436782,-29.40087089494382,-2.605740936599159,-4.269795593678998,-10.605740936599158,-12.269795593678998,302,-11.624199247027168,343,-13.242176083519709,92,-13.992526550579372,-15.925792146082246,"{""2022"": -13.920228511801218, ""2023"": -15.925792146082246, ""2024"": -11.963083292265884, ""2025"": -13.242176083519709, ""2026"": -12.177209683389611}","{""2022"": -11.023811033173416, ""2023"": -6.119178358178538, ""2024"": -17.547347641952516, ""2025"": -13.992526550579372, ""2026"": -25.159956684025744}","{""2022"": 78, ""2023"": 112, ""2024"": 112, ""2025"": 92, ""2026"": 41}",291,-12.214008031286744,-28.214008031286745,42.61168384879725,-37.8398672146707,144,-15.799322931917496,-31.799322931917494,41.66666666666667,-45.620565635637874,217,-9.033795145006865,-25.033795145006863,46.08294930875576,-36.26218939981163,218,-17.747914187312258,-33.74791418731226,38.53211009174312,-45.43655039405236,108,-9.419429767379546,-25.419429767379548,47.22222222222222,-35.78585240017862,109,-8.651698454949528,-24.65169845494953,44.95412844036697,-36.26218939981163,109,-19.950803268356758,-35.95080326835676,35.77981651376147,-41.367158106488944,109,-15.545025106267758,-31.545025106267758,41.284403669724774,-46.51424539348747,144,-15.799322931917496,-31.799322931917494,41.66666666666667,-45.620565635637874,-19.950803268356758,-35.95080326835676,h1_cost_residual_floor;ex2025_floor;loyo_floor;train_cost_floor;oos_cost_floor;worst_quarter_cost_floor;worst_quarter_slip16_floor,FAIL_BENCHMARK_OR_STABILITY_RESEARCH_ONLY
Stage40_PARALLEL_THESIS_MEGASCAN,RESEARCH_STAGE_ONLY_NO_PROMOTION,NO_GO,NO_GO,NO_GO,NO_GO,SESSION_TRANSITION_IMBALANCE,LONDON_FALSE_ASIA_HIGH_SHORT_Q0.4,SHORT,London false break above Asia high,8,"{""asia_range_q"": 0.4, ""direction"": ""false_up""}",736,435,8.0,-2.7951299583446616,-1.1310753012648225,435,-5.400870894943821,-1.326814929729636,-13.40087089494382,42.298850574712645,-40.31360647445581,34.6274680670533,11.264367816091953,8.505747126436782,-29.40087089494382,-2.605740936599159,-4.269795593678998,-10.605740936599158,-12.269795593678998,302,-11.624199247027168,343,-13.242176083519709,92,-13.992526550579372,-15.925792146082246,"{""2022"": -13.920228511801218, ""2023"": -15.925792146082246, ""2024"": -11.963083292265884, ""2025"": -13.242176083519709, ""2026"": -12.177209683389611}","{""2022"": -11.023811033173416, ""2023"": -6.119178358178538, ""2024"": -17.547347641952516, ""2025"": -13.992526550579372, ""2026"": -25.159956684025744}","{""2022"": 78, ""2023"": 112, ""2024"": 112, ""2025"": 92, ""2026"": 41}",291,-12.214008031286744,-28.214008031286745,42.61168384879725,-37.8398672146707,144,-15.799322931917496,-31.799322931917494,41.66666666666667,-45.620565635637874,217,-9.033795145006865,-25.033795145006863,46.08294930875576,-36.26218939981163,218,-17.747914187312258,-33.74791418731226,38.53211009174312,-45.43655039405236,108,-9.419429767379546,-25.419429767379548,47.22222222222222,-35.78585240017862,109,-8.651698454949528,-24.65169845494953,44.95412844036697,-36.26218939981163,109,-19.950803268356758,-35.95080326835676,35.77981651376147,-41.367158106488944,109,-15.545025106267758,-31.545025106267758,41.284403669724774,-46.51424539348747,144,-15.799322931917496,-31.799322931917494,41.66666666666667,-45.620565635637874,-19.950803268356758,-35.95080326835676,h1_cost_residual_floor;ex2025_floor;loyo_floor;train_cost_floor;oos_cost_floor;worst_quarter_cost_floor;worst_quarter_slip16_floor,FAIL_BENCHMARK_OR_STABILITY_RESEARCH_ONLY
Stage40_PARALLEL_THESIS_MEGASCAN,RESEARCH_STAGE_ONLY_NO_PROMOTION,NO_GO,NO_GO,NO_GO,NO_GO,VOLATILITY_SHOCK_REVERSAL,LOWER_WICK_SHOCK_REV_LONG_M2.5_W1.0,LONG,Large H1 shock with lower-wick rejection,24,"{""range_atr_mult"": 2.5, ""wick_ratio"": 1.0}",66,61,8.0,8.502590481085887,8.612916361476685,61,5.842178783610339,13.70082457885724,-2.157821216389661,52.459016393442624,-53.28399629972225,74.33631260310048,24.59016393442623,44.26229508196721,-18.15782121638966,-2.6604116974755483,-2.7707375778663463,-10.66041169747555,-10.770737577866345,47,7.470417450624592,53,-0.8389765926231102,8,-10.895166848843058,-5.9917245577713025,"{""2022"": -5.848416822230095, ""2023"": -4.525654496684831, ""2024"": -5.9917245577713025, ""2025"": -0.8389765926231102, ""2026"": 4.799059734338388}","{""2022"": 16.66421637339655, ""2023"": 3.0763365611049305, ""2024"": 7.000947876910926, ""2025"": -10.895166848843061, ""2026"": -65.92922993139679}","{""2022"": 10, ""2023"": 19, ""2024"": 18, ""2025"": 8, ""2026"": 6}",40,5.512635601504757,-10.487364398495243,55.00000000000001,-49.4653752024371,21,-16.768215155236174,-32.76821515523618,47.61904761904761,-68.0294931150427,30,8.527907065883584,-7.472092934116416,50.0,-49.4653752024371,31,-12.49884858633151,-28.498848586331512,54.83870967741935,-63.158856990896965,15,13.837557340933659,-2.1624426590663415,53.333333333333336,-53.15444712846285,15,3.2182567908335096,-12.78174320916649,46.666666666666664,-41.3158201570496,15,-0.9119810646453225,-16.91198106464532,60.0,-63.158856990896965,16,-23.361536887912315,-39.361536887912315,50.0,-64.20214416810121,21,-16.768215155236174,-32.76821515523618,47.61904761904761,-68.0294931150427,-23.361536887912315,-39.361536887912315,h1_cost_residual_floor;ex2025_floor;loyo_floor;oos_cost_floor;worst_quarter_cost_floor;worst_quarter_slip16_floor,FAIL_BENCHMARK_OR_STABILITY_RESEARCH_ONLY
Stage40_PARALLEL_THESIS_MEGASCAN,RESEARCH_STAGE_ONLY_NO_PROMOTION,NO_GO,NO_GO,NO_GO,NO_GO,FAILED_CONTINUATION_AFTER_EXTREME_MOVE,FAILED_DOWN_CONT_LONG_L72_T100,LONG,"Strong 72H down move, new low attempt fails",4,"{""lookback"": 72, ""move_bps"": 100}",164,144,8.0,1.3958339209070354,1.2296768282992119,144,-1.2647924104817554,3.0292499088380165,-9.264792410481753,41.66666666666667,-28.86203069068283,23.051333016238516,8.333333333333332,6.944444444444445,-25.264792410481753,-2.660626331388791,-2.494469238780967,-10.660626331388789,-10.494469238780965,99,-5.711848253710201,121,-11.2549859374141,23,1.2053561442492653,-11.905459216563463,"{""2022"": -10.004398076583506, ""2023"": -11.905459216563463, ""2024"": -9.028361363871099, ""2025"": -11.2549859374141, ""2026"": -4.407785129504728}","{""2022"": -7.273546386361657, ""2023"": 0.7697414526287283, ""2024"": -10.163230387602246, ""2025"": 1.2053561442492657, ""2026"": -36.19910551408162}","{""2022"": 39, ""2023"": 30, ""2024"": 30, ""2025"": 23, ""2026"": 22}",96,-6.402863477854271,-22.40286347785427,41.66666666666667,-24.06620331159459,48,-14.988650275736722,-30.988650275736724,41.66666666666667,-41.43525980202844,72,-3.3000112386692724,-19.30001123866927,43.05555555555556,-20.772963792225482,72,-15.229573582294238,-31.229573582294236,40.27777777777778,-38.3451469249374,36,-8.622807036333038,-24.622807036333036,41.66666666666667,-24.865420001664027,36,2.022784558994493,-13.977215441005507,44.44444444444444,-18.8244862910214,36,-7.4802366645076255,-23.480236664507625,38.88888888888889,-35.46241012483742,36,-22.978910500080847,-38.97891050008084,41.66666666666667,-45.747361485772856,48,-14.988650275736722,-30.988650275736724,41.66666666666667,-41.43525980202844,-22.978910500080847,-38.97891050008084,h1_cost_residual_floor;ex2025_floor;loyo_floor;train_cost_floor;oos_cost_floor;worst_quarter_cost_floor;worst_quarter_slip16_floor,FAIL_BENCHMARK_OR_STABILITY_RESEARCH_ONLY
Stage40_PARALLEL_THESIS_MEGASCAN,RESEARCH_STAGE_ONLY_NO_PROMOTION,NO_GO,NO_GO,NO_GO,NO_GO,FALSE_BREAKOUT_SWEEP_REVERSAL,SWEEP_LOW_REV_LONG_L24_T3,LONG,Sweep below prior 24H low by 3bps then close back inside,8,"{""lookback"": 24, ""threshold_bps"": 3}",342,288,8.0,2.7951299583446616,1.1310753012648225,288,-0.03628168528950147,4.964600720755996,-8.036281685289502,47.56944444444444,-33.696746746366685,34.060753181843765,13.88888888888889,11.11111111111111,-24.036281685289502,-2.831411643634163,-1.1673569865543238,-10.831411643634164,-9.167356986554324,189,-7.1903051774129585,225,-9.39744383304734,63,-3.174988300440078,-9.39744383304734,"{""2022"": -9.386912270610665, ""2023"": -7.914767731413922, ""2024"": -7.506514052020219, ""2025"": -9.39744383304734, ""2026"": -6.186475958169738}","{""2022"": -3.0101645890943587, ""2023"": -8.445010439234641, ""2024"": -9.9673701549485, ""2025"": -3.174988300440077, ""2026"": -20.984921775127855}","{""2022"": 61, ""2023"": 66, ""2024"": 62, ""2025"": 63, ""2026"": 36}",192,-7.072217334061236,-23.072217334061236,48.4375,-28.780370866176575,96,-9.964410387746037,-25.964410387746035,45.83333333333333,-48.38249621506863,144,-2.816176265330064,-18.816176265330064,47.91666666666667,-28.045112876108888,144,-13.25638710524894,-29.25638710524894,47.22222222222222,-44.872600654892736,72,-0.5570723058362077,-16.557072305836208,44.44444444444444,-28.829970384668947,72,-5.075280224823921,-21.07528022482392,51.388888888888886,-25.50308374240917,72,-14.834789109551062,-30.83478910955106,47.22222222222222,-37.086958277451345,72,-11.67798510094682,-27.67798510094682,47.22222222222222,-47.10058250697591,96,-9.964410387746037,-25.964410387746035,45.83333333333333,-48.38249621506863,-14.834789109551062,-30.83478910955106,h1_cost_residual_floor;ex2025_floor;loyo_floor;train_cost_floor;oos_cost_floor;worst_quarter_cost_floor;worst_quarter_slip16_floor,FAIL_BENCHMARK_OR_STABILITY_RESEARCH_ONLY
Stage40_PARALLEL_THESIS_MEGASCAN,RESEARCH_STAGE_ONLY_NO_PROMOTION,NO_GO,NO_GO,NO_GO,NO_GO,VOLATILITY_SHOCK_REVERSAL,LOWER_WICK_SHOCK_REV_LONG_M2.5_W1.0,LONG,Large H1 shock with lower-wick rejection,4,"{""range_atr_mult"": 2.5, ""wick_ratio"": 1.0}",66,61,8.0,1.3958339209070354,1.2296768282992119,61,-1.7959247493607562,-0.25768148507077093,-9.795924749360754,45.90163934426229,-33.62412830598793,25.74498033035333,18.0327868852459,9.836065573770492,-25.795924749360754,-3.1917586702677916,-3.025601577659968,-11.19175867026779,-11.025601577659966,47,-1.5306095305373866,53,-5.390011402688524,8,-38.9851006710643,-13.833725536212633,"{""2022"": -12.89961927048811, ""2023"": -11.142495246326778, ""2024"": -13.833725536212633, ""2025"": -5.390011402688524, ""2026"": -6.978535514614028}","{""2022"": 6.032917308388738, ""2023"": -6.819295229751657, ""2024"": -0.15006731410350227, ""2025"": -38.9851006710643, ""2026"": -35.6219927345391}","{""2022"": 10, ""2023"": 19, ""2024"": 18, ""2025"": 8, ""2026"": 6}",40,0.42472310686867587,-15.575276893131324,47.5,-25.25807002125402,21,-29.26382542789301,-45.26382542789301,42.857142857142854,-41.91109767160639,30,-1.5318966157403338,-17.531896615740333,40.0,-25.25807002125402,31,-17.793371330283744,-33.79337133028375,51.61290322580645,-35.18150827574118,15,6.547575972110764,-9.452424027889236,46.666666666666664,-51.435002813731145,15,-9.611369203591433,-25.611369203591433,33.33333333333333,-22.583315779417525,15,-2.2097428208379992,-18.209742820838,66.66666666666666,-33.62412830598793,16,-32.40302305788913,-48.40302305788913,37.5,-44.93555489106793,21,-29.26382542789301,-45.26382542789301,42.857142857142854,-41.91109767160639,-32.40302305788913,-48.40302305788913,h1_cost_residual_floor;ex2025_floor;loyo_floor;oos_cost_floor;worst_quarter_cost_floor;worst_quarter_slip16_floor,FAIL_BENCHMARK_OR_STABILITY_RESEARCH_ONLY
Stage40_PARALLEL_THESIS_MEGASCAN,RESEARCH_STAGE_ONLY_NO_PROMOTION,NO_GO,NO_GO,NO_GO,NO_GO,VOL_COMPRESSION_EXPANSION,VOL_COMP_EXP_SHORT_L72_Q0.25_M1.5,SHORT,Compressed 72H range then bearish expansion,8,"{""compression_q"": 0.25, ""expansion_mult"": 1.5, ""lookback"": 72}",616,356,8.0,-2.7951299583446616,-1.1310753012648225,356,-6.0257289859956344,-5.6230048473449035,-14.025728985995633,39.325842696629216,-36.81312838512807,33.61728008236142,11.51685393258427,10.112359550561797,-30.025728985995634,-3.230599027650973,-4.894653684730812,-11.230599027650971,-12.89465368473081,232,-14.00292849901097,274,-13.754812429226389,82,-14.930986748858725,-15.533320099454766,"{""2022"": -14.477075967925852, ""2023"": -15.533320099454766, ""2024"": -11.980688383836386, ""2025"": -13.754812429226389, ""2026"": -14.245287659799239}","{""2022"": -11.197901976759379, ""2023"": -9.502955645618238, ""2024"": -19.72573577073737, ""2025"": -14.930986748858725, ""2026"": -12.384266519940113}","{""2022"": 49, ""2023"": 89, ""2024"": 94, ""2025"": 82, ""2026"": 42}",238,-14.895864554713384,-30.895864554713384,41.17647058823529,-32.912712359778325,118,-12.270709788073386,-28.270709788073386,35.59322033898305,-49.383963826941105,178,-13.186042685881173,-29.186042685881173,44.9438202247191,-28.702121720602936,178,-14.865415286110094,-30.865415286110093,33.70786516853933,-48.11413163475331,89,-10.139541245319702,-26.139541245319702,48.31460674157304,-33.572516635933525,89,-16.232544126442644,-32.23254412644265,41.57303370786517,-25.087782546211468,89,-14.933893070787414,-30.933893070787413,31.46067415730337,-42.73416219201076,89,-14.796937501432776,-30.796937501432776,35.95505617977528,-53.82737963168349,118,-12.270709788073386,-28.270709788073386,35.59322033898305,-49.383963826941105,-16.232544126442644,-32.23254412644265,h1_cost_residual_floor;ex2025_floor;loyo_floor;train_cost_floor;oos_cost_floor;worst_quarter_cost_floor;worst_quarter_slip16_floor,FAIL_BENCHMARK_OR_STABILITY_RESEARCH_ONLY
Stage40_PARALLEL_THESIS_MEGASCAN,RESEARCH_STAGE_ONLY_NO_PROMOTION,NO_GO,NO_GO,NO_GO,NO_GO,VOL_COMPRESSION_EXPANSION,VOL_COMP_EXP_SHORT_L72_Q0.15_M2.0,SHORT,Compressed 72H range then bearish expansion,24,"{""compression_q"": 0.15, ""expansion_mult"": 2.0, ""lookback"": 72}",207,138,8.0,-8.502590481085887,-8.612916361476685,138,-11.793762566454554,-8.562897170806272,-19.793762566454554,39.130434782608695,-58.29982105311493,54.4415543902782,27.536231884057973,26.08695652173913,-35.793762566454554,-3.2911720853686663,-3.1808462049778683,-11.291172085368666,-11.180846204977868,95,-21.038173325415414,107,-18.69374128856345,31,-23.590610203046428,-22.051472397338948,"{""2022"": -22.051472397338948, ""2023"": -20.36517400078851, ""2024"": -15.45319495471262, ""2025"": -18.69374128856345, ""2026"": -21.66615382705479}","{""2022"": -7.889474367245925, ""2023"": -18.17476350250833, ""2024"": -31.64233902012848, ""2025"": -23.59061020304643, ""2026"": -0.13365433015208575}","{""2022"": 22, ""2023"": 36, ""2024"": 37, ""2025"": 31, ""2026"": 12}",92,-20.92000996408392,-36.92000996408392,36.95652173913043,-56.74163396805376,46,-17.541267771195834,-33.541267771195834,43.47826086956522,-66.56693983716266,69,-19.27698104867061,-35.276981048670606,40.57971014492754,-47.494373705208034,69,-20.310544084238497,-36.3105440842385,37.68115942028986,-68.65309172426448,34,-10.64430696730786,-26.644306967307863,44.11764705882353,-48.10602069740932,35,-27.66300729913728,-43.66300729913728,37.142857142857146,-46.144527619673696,34,-38.561148746454236,-54.561148746454236,26.47058823529412,-75.27523480409192,35,-2.5813852695146435,-18.581385269514644,48.57142857142857,-59.07096929271161,46,-17.541267771195834,-33.541267771195834,43.47826086956522,-66.56693983716266,-38.561148746454236,-54.561148746454236,h1_cost_residual_floor;ex2025_floor;loyo_floor;train_cost_floor;oos_cost_floor;worst_quarter_cost_floor;worst_quarter_slip16_floor,FAIL_BENCHMARK_OR_STABILITY_RESEARCH_ONLY
Stage40_PARALLEL_THESIS_MEGASCAN,RESEARCH_STAGE_ONLY_NO_PROMOTION,NO_GO,NO_GO,NO_GO,NO_GO,VOL_COMPRESSION_EXPANSION,VOL_COMP_EXP_SHORT_L120_Q0.25_M1.5,SHORT,Compressed 120H range then bearish expansion,4,"{""compression_q"": 0.25, ""expansion_mult"": 1.5, ""lookback"": 120}",564,406,8.0,-1.3958339209070354,-1.2296768282992119,406,-4.7670120518017995,-3.7231486235700384,-12.7670120518018,34.23645320197045,-28.944626965066167,23.082686045264865,3.6945812807881775,2.955665024630542,-28.7670120518018,-3.371178130894764,-3.5373352235025877,-11.371178130894764,-11.537335223502588,268,-11.497658493289592,315,-11.579490673649813,91,-16.87766297617406,-14.915861822539046,"{""2022"": -13.21631907502565, ""2023"": -14.915861822539046, ""2024"": -11.203175356467153, ""2025"": -11.579490673649813, ""2026"": -12.861392220148886}","{""2022"": -9.958843156652732, ""2023"": -6.527082909853248, ""2024"": -17.08204293337333, ""2025"": -16.87766297617406, ""2026"": -12.046108212725125}","{""2022"": 56, ""2023"": 104, ""2024"": 108, ""2025"": 91, ""2026"": 47}",272,-11.218434808599374,-27.218434808599376,34.92647058823529,-27.133214282336617,134,-15.910392724570903,-31.910392724570904,32.83582089552239,-35.262776843264504,203,-8.747724671042736,-24.747724671042736,40.39408866995074,-24.95768376429064,203,-16.786299432560863,-32.78629943256087,28.078817733990146,-33.396044684088636,101,-8.525404807715597,-24.525404807715596,42.57425742574257,-27.977746930518688,102,-8.967864927866668,-24.967864927866668,38.23529411764706,-19.784935203752685,101,-17.04349168542063,-33.04349168542063,23.762376237623762,-29.89739756743992,102,-16.531628672376193,-32.53162867237619,32.35294117647059,-35.94609987486397,134,-15.910392724570903,-31.910392724570904,32.83582089552239,-35.262776843264504,-17.04349168542063,-33.04349168542063,h1_cost_residual_floor;ex2025_floor;loyo_floor;train_cost_floor;oos_cost_floor;worst_quarter_cost_floor;worst_quarter_slip16_floor,FAIL_BENCHMARK_OR_STABILITY_RESEARCH_ONLY
Stage40_PARALLEL_THESIS_MEGASCAN,RESEARCH_STAGE_ONLY_NO_PROMOTION,NO_GO,NO_GO,NO_GO,NO_GO,PULLBACK_CONTINUATION_AFTER_TREND,DOWNTREND_PULLBACK_CONT_SHORT_TL72_T150,SHORT,Downtrend 72H then controlled pullback continuation,8,"{""mean_lookback"": 24, ""trend_bps"": 150, ""trend_lookback"": 72}",412,193,8.0,-2.7951299583446616,-1.1310753012648225,193,-6.187457520903217,-4.170420044706802,-14.187457520903218,40.932642487046635,-45.61953744421032,31.127790176253,17.616580310880828,19.170984455958546,-30.187457520903216,-3.392327562558555,-5.056382219638394,-11.392327562558556,-13.056382219638396,106,-14.568902324896849,151,-17.152152009142977,42,-3.5286749560412214,-17.152152009142977,"{""2022"": -14.088289055755578, ""2023"": -13.766350279614118, ""2024"": -14.483923655101657, ""2025"": -17.152152009142977, ""2026"": -11.435864828329711}","{""2022"": -14.686398861177265, ""2023"": -16.475473531907326, ""2024"": -13.183515384640314, ""2025"": -3.5286749560412227, ""2026"": -23.23714015425607}","{""2022"": 32, ""2023"": 30, ""2024"": 44, ""2025"": 42, ""2026"": 45}",129,-12.41644445196918,-28.41644445196918,38.759689922480625,-43.900466847708316,64,-17.757155737973385,-33.757155737973385,45.3125,-63.12981706745546,96,-15.516764022259308,-31.51676402225931,38.54166666666667,-42.99774686634228,97,-12.871855210282755,-28.871855210282753,43.29896907216495,-53.53217954771061,48,-15.04693228739922,-31.046932287399223,37.5,-45.97433251152583,48,-15.98659575711939,-31.98659575711939,39.58333333333333,-41.92007238408957,48,-3.413125544007188,-19.413125544007187,41.66666666666667,-42.806876167106324,49,-22.137549577246578,-38.137549577246574,44.89795918367347,-73.82056915357981,64,-17.757155737973385,-33.757155737973385,45.3125,-63.12981706745546,-22.137549577246578,-38.137549577246574,h1_cost_residual_floor;ex2025_floor;loyo_floor;train_cost_floor;oos_cost_floor;worst_quarter_cost_floor;worst_quarter_slip16_floor,FAIL_BENCHMARK_OR_STABILITY_RESEARCH_ONLY
Stage40_PARALLEL_THESIS_MEGASCAN,RESEARCH_STAGE_ONLY_NO_PROMOTION,NO_GO,NO_GO,NO_GO,NO_GO,FAILED_CONTINUATION_AFTER_EXTREME_MOVE,FAILED_UP_CONT_SHORT_L24_T100,SHORT,"Strong 24H up move, new high attempt fails",8,"{""lookback"": 24, ""move_bps"": 100}",260,193,8.0,-2.7951299583446616,-1.1310753012648225,193,-6.356657800357763,-3.8142502064308914,-14.356657800357764,41.45077720207254,-35.96408641480808,31.836197815117153,12.435233160621761,9.32642487046632,-30.356657800357766,-3.561527842013102,-5.2255824990929405,-11.561527842013103,-13.225582499092942,84,-11.675621978645724,114,-8.57512722263301,79,-22.699625975808676,-17.01854416131979,"{""2022"": -13.34643725890959, ""2023"": -16.117284205296386, ""2024"": -15.073639475975781, ""2025"": -8.57512722263301, ""2026"": -17.01854416131979}","{""2022"": -24.815411641232952, ""2023"": -3.048018968636584, ""2024"": -11.698579393188522, ""2025"": -22.699625975808672, ""2026"": 0.10625809420258629}","{""2022"": 17, ""2023"": 26, ""2024"": 41, ""2025"": 79, ""2026"": 30}",129,-16.091867611871333,-32.091867611871336,40.310077519379846,-33.41150769428536,64,-10.859125524025725,-26.859125524025725,43.75,-50.56369771282432,96,-11.477159343752945,-27.477159343752945,41.66666666666667,-29.42430608725455,97,-17.206470705863566,-33.206470705863566,41.23711340206185,-52.972032723614944,48,-10.534611910829861,-26.53461191082986,47.91666666666667,-21.588214223512423,48,-12.419706776676025,-28.419706776676023,35.41666666666667,-31.64559231443431,48,-23.44483006201652,-39.44483006201652,37.5,-52.716481679775384,49,-11.095424805958631,-27.09542480595863,44.89795918367347,-53.76299445348786,64,-10.859125524025725,-26.859125524025725,43.75,-50.56369771282432,-23.44483006201652,-39.44483006201652,h1_cost_residual_floor;ex2025_floor;loyo_floor;train_cost_floor;oos_cost_floor;worst_quarter_cost_floor;worst_quarter_slip16_floor,FAIL_BENCHMARK_OR_STABILITY_RESEARCH_ONLY
Stage40_PARALLEL_THESIS_MEGASCAN,RESEARCH_STAGE_ONLY_NO_PROMOTION,NO_GO,NO_GO,NO_GO,NO_GO,VOL_COMPRESSION_EXPANSION,VOL_COMP_EXP_SHORT_L120_Q0.25_M2.0,SHORT,Compressed 120H range then bearish expansion,4,"{""compression_q"": 0.25, ""expansion_mult"": 2.0, ""lookback"": 120}",271,212,8.0,-1.3958339209070354,-1.2296768282992119,212,-5.0496854673832745,-2.970669730254505,-13.049685467383275,35.37735849056604,-28.810500542302275,24.265649533719014,5.188679245283019,4.245283018867925,-29.049685467383277,-3.653851546476239,-3.8200086390840626,-11.65385154647624,-11.820008639084064,150,-12.4373694729412,171,-13.295065369282115,41,-12.026271730195429,-16.11956986906186,"{""2022"": -12.496846183203072, ""2023"": -16.11956986906186, ""2024"": -11.293679988460118, ""2025"": -13.295065369282115, ""2026"": -12.349123360624045}","{""2022"": -16.68262933485317, ""2023"": -5.622545785902822, ""2024"": -17.49823268065527, ""2025"": -12.026271730195427, ""2026"": -19.421464628860072}","{""2022"": 28, ""2023"": 62, ""2024"": 60, ""2025"": 41, ""2026"": 21}",142,-11.930686608446624,-27.930686608446624,36.61971830985916,-26.755194708765195,70,-15.319654581226187,-31.31965458122619,32.857142857142854,-39.75540419901558,106,-8.283873610680203,-24.283873610680203,41.509433962264154,-22.814314850202464,106,-17.815497324086348,-33.81549732408635,29.245283018867923,-35.84344295283426,53,-10.94379420763742,-26.94379420763742,45.28301886792453,-26.697082746014456,53,-5.623953013722979,-21.62395301372298,37.735849056603776,-15.998220065582824,53,-19.818699907689023,-35.81869990768902,20.754716981132077,-34.6403843742027,53,-15.812294740483678,-31.81229474048368,37.735849056603776,-46.05625916316303,70,-15.319654581226187,-31.31965458122619,32.857142857142854,-39.75540419901558,-19.818699907689023,-35.81869990768902,h1_cost_residual_floor;ex2025_floor;loyo_floor;train_cost_floor;oos_cost_floor;worst_quarter_cost_floor;worst_quarter_slip16_floor,FAIL_BENCHMARK_OR_STABILITY_RESEARCH_ONLY
Stage40_PARALLEL_THESIS_MEGASCAN,RESEARCH_STAGE_ONLY_NO_PROMOTION,NO_GO,NO_GO,NO_GO,NO_GO,PULLBACK_CONTINUATION_AFTER_TREND,UPTREND_PULLBACK_CONT_LONG_TL72_T300,LONG,Uptrend 72H then controlled pullback continuation,8,"{""mean_lookback"": 24, ""trend_bps"": 300, ""trend_lookback"": 72}",152,71,8.0,2.7951299583446616,1.1310753012648225,71,-0.9071155938444734,4.110395911640641,-8.907115593844473,49.29577464788733,-42.09106813645613,38.40076491095079,21.12676056338028,15.492957746478872,-24.907115593844473,-3.702245552189135,-2.0381908951092957,-11.702245552189135,-10.038190895109295,19,-0.903034326236179,47,-13.587092855196012,24,0.2578398763022882,-13.587092855196012,"{""2022"": -11.66850782186868, ""2023"": -6.2603137187599245, ""2024"": -11.091459736435167, ""2025"": -13.587092855196012, ""2026"": -0.25510453877284667}","{""2022"": 21.007966876417786, ""2023"": -33.10644702318892, ""2024"": 14.756612617554723, ""2025"": 0.2578398763022857, ""2026"": -22.194132571275894}","{""2022"": 6, ""2023"": 7, ""2024"": 6, ""2025"": 24, ""2026"": 28}",47,0.27088547515221884,-15.72911452484778,51.06382978723404,-33.78556722799853,24,-26.880701020629655,-42.88070102062966,45.83333333333333,-53.622468079816414,35,-4.836823683977556,-20.836823683977556,48.57142857142857,-35.94475188025914,36,-12.86434383954842,-28.864343839548418,50.0,-42.38596763271596,17,2.106645398915997,-13.893354601084003,58.82352941176471,-33.78556722799853,18,-11.394544484488135,-27.394544484488137,38.88888888888889,-45.75943801978788,18,18.353012808389483,2.353012808389483,55.55555555555556,-32.138525290864024,18,-44.08170048748631,-60.08170048748631,44.44444444444444,-59.68241599724422,24,-26.880701020629655,-42.88070102062966,45.83333333333333,-53.622468079816414,-44.08170048748631,-60.08170048748631,h1_cost_residual_floor;ex2025_floor;loyo_floor;oos_cost_floor;worst_quarter_cost_floor;worst_quarter_slip16_floor,FAIL_BENCHMARK_OR_STABILITY_RESEARCH_ONLY
Stage40_PARALLEL_THESIS_MEGASCAN,RESEARCH_STAGE_ONLY_NO_PROMOTION,NO_GO,NO_GO,NO_GO,NO_GO,FALSE_BREAKOUT_SWEEP_REVERSAL,SWEEP_LOW_REV_LONG_L24_T3,LONG,Sweep below prior 24H low by 3bps then close back inside,4,"{""lookback"": 24, ""threshold_bps"": 3}",342,318,8.0,1.3958339209070354,1.2296768282992119,318,-2.417346456079599,2.4576533336551076,-10.4173464560796,43.710691823899374,-25.544648455602115,21.978846008184895,9.433962264150944,6.60377358490566,-26.4173464560796,-3.813180376986635,-3.647023284378811,-11.813180376986635,-11.647023284378811,211,-11.209079610725379,252,-14.592477203054838,66,5.5240618505531405,-14.592477203054838,"{""2022"": -10.498686261635987, ""2023"": -10.52256682300684, ""2024"": -9.557598883340598, ""2025"": -14.592477203054838, ""2026"": -7.2221217174243595}","{""2022"": -10.129171144965548, ""2023"": -10.051298137332711, ""2024"": -13.463309285212055, ""2025"": 5.524061850553141, ""2026"": -32.00459651967719}","{""2022"": 70, ""2023"": 71, ""2024"": 70, ""2025"": 66, ""2026"": 41}",213,-10.896272535331917,-26.896272535331917,42.25352112676056,-22.48824950011774,105,-9.44581069531061,-25.445810695310612,46.666666666666664,-31.135075594720398,159,-8.08559797480338,-24.085597974803377,42.76729559748428,-19.659744304891813,159,-12.749094937355816,-28.749094937355814,44.65408805031446,-32.17678420268433,79,-7.5122619812358655,-23.512261981235866,45.56962025316456,-20.36366257591404,80,-8.6517672684513,-24.6517672684513,40.0,-17.986315778862895,79,-11.42343609986617,-27.42343609986617,45.56962025316456,-26.792521328735663,80,-14.058183039376843,-30.058183039376843,43.75,-36.26243888358471,105,-9.44581069531061,-25.445810695310612,46.666666666666664,-31.135075594720398,-14.058183039376843,-30.058183039376843,h1_cost_residual_floor;ex2025_floor;loyo_floor;train_cost_floor;oos_cost_floor;worst_quarter_cost_floor;worst_quarter_slip16_floor,FAIL_BENCHMARK_OR_STABILITY_RESEARCH_ONLY
Stage40_PARALLEL_THESIS_MEGASCAN,RESEARCH_STAGE_ONLY_NO_PROMOTION,NO_GO,NO_GO,NO_GO,NO_GO,VOL_COMPRESSION_EXPANSION,VOL_COMP_EXP_SHORT_L24_Q0.25_M1.5,SHORT,Compressed 24H range then bearish expansion,24,"{""compression_q"": 0.25, ""expansion_mult"": 1.5, ""lookback"": 24}",573,293,8.0,-8.502590481085887,-8.612916361476685,293,-12.510933782206807,-5.487810147695171,-20.51093378220681,42.66211604095563,-62.576258486524154,50.33837861498691,28.327645051194537,21.160409556313994,-36.510933782206806,-4.00834330112092,-3.898017420730122,-12.008343301120922,-11.898017420730124,185,-15.235179728722752,216,-13.669083289638836,77,-39.703657241878005,-24.32739198042693,"{""2022"": -24.32739198042693, ""2023"": -23.77839171162629, ""2024"": -17.281117299846596, ""2025"": -13.669083289638836, ""2026"": -22.4262971657951}","{""2022"": 2.2969473547753774, ""2023"": -10.101746378484735, ""2024"": -30.24462729068964, ""2025"": -39.703657241878005, ""2026"": -4.323023895105795}","{""2022"": 42, ""2023"": 70, ""2024"": 73, ""2025"": 77, ""2026"": 31}",196,-16.58720875929855,-32.58720875929855,43.36734693877551,-59.54384213086361,97,-28.439285374887408,-44.439285374887405,41.23711340206185,-69.6436876725226,146,-14.236405196063746,-30.236405196063746,45.89041095890411,-57.84319032378748,147,-26.742778500416925,-42.742778500416925,39.455782312925166,-69.79791362193399,73,5.203961980369812,-10.796038019630188,56.16438356164384,-57.89387038358073,73,-33.6767723724973,-49.6767723724973,35.61643835616438,-56.83274512510161,73,-33.60495698875147,-49.60495698875147,34.24657534246575,-73.55192317744175,74,-19.97333215381663,-35.97333215381663,44.5945945945946,-64.1521586458338,97,-28.439285374887408,-44.439285374887405,41.23711340206185,-69.6436876725226,-33.6767723724973,-49.6767723724973,h1_cost_residual_floor;ex2025_floor;loyo_floor;train_cost_floor;oos_cost_floor;worst_quarter_cost_floor;worst_quarter_slip16_floor,FAIL_BENCHMARK_OR_STABILITY_RESEARCH_ONLY
Stage40_PARALLEL_THESIS_MEGASCAN,RESEARCH_STAGE_ONLY_NO_PROMOTION,NO_GO,NO_GO,NO_GO,NO_GO,FALSE_BREAKOUT_SWEEP_REVERSAL,SWEEP_HIGH_REV_SHORT_L24_T3,SHORT,Sweep above prior 24H high by 3bps then close back inside,4,"{""lookback"": 24, ""threshold_bps"": 3}",417,385,8.0,-1.3958339209070354,-1.2296768282992119,385,-5.489314517271453,-4.092429006337106,-13.48931451727145,33.246753246753244,-26.805556239928308,20.971646334155825,3.896103896103896,5.454545454545454,-29.489314517271453,-4.093480596364417,-4.259637688972241,-12.093480596364415,-12.259637688972239,211,-9.08101846273777,256,-10.460613918243347,129,-19.499759116893117,-15.563643957721602,"{""2022"": -13.505994382383298, ""2023"": -14.4956713231712, ""2024"": -15.563643957721602, ""2025"": -10.460613918243347, ""2026"": -13.03401124034377}","{""2022"": -13.38249922722829, ""2023"": -8.441806162680518, ""2024"": -7.157150962213108, ""2025"": -19.499759116893117, ""2026"": -16.92938372072506}","{""2022"": 52, ""2023"": 64, ""2024"": 95, ""2025"": 129, ""2026"": 45}",257,-11.797891059677745,-27.797891059677745,32.295719844357976,-22.682151823918417,128,-16.885375678221322,-32.88537567822132,35.15625,-35.89652844468105,192,-8.296482456249672,-24.29648245624967,35.41666666666667,-22.598699516809262,193,-18.65524071269208,-34.65524071269208,31.088082901554404,-29.974883115184703,96,-12.544996234354565,-28.544996234354564,32.29166666666667,-25.451049940946604,96,-4.04796867814478,-20.04796867814478,38.54166666666667,-19.837953972019484,96,-19.235761041340265,-35.23576104134027,26.041666666666668,-29.182164642960196,97,-18.080705129700068,-34.080705129700064,36.08247422680412,-32.37031857944217,128,-16.885375678221322,-32.88537567822132,35.15625,-35.89652844468105,-19.235761041340265,-35.23576104134027,h1_cost_residual_floor;ex2025_floor;loyo_floor;train_cost_floor;oos_cost_floor;worst_quarter_cost_floor;worst_quarter_slip16_floor,FAIL_BENCHMARK_OR_STABILITY_RESEARCH_ONLY
Stage40_PARALLEL_THESIS_MEGASCAN,RESEARCH_STAGE_ONLY_NO_PROMOTION,NO_GO,NO_GO,NO_GO,NO_GO,VOLATILITY_SHOCK_REVERSAL,UPPER_WICK_SHOCK_REV_SHORT_M2.0_W1.0,SHORT,Large H1 shock with upper-wick rejection,8,"{""range_atr_mult"": 2.0, ""wick_ratio"": 1.0}",159,143,8.0,-2.7951299583446616,-1.1310753012648225,143,-6.9395432291162304,1.8166065789104735,-14.939543229116232,40.55944055944056,-30.949771100652335,32.10038666374815,12.587412587412588,12.587412587412588,-30.939543229116232,-4.144413270771569,-5.808467927851408,-12.14441327077157,-13.80846792785141,110,-11.272350980759327,121,-15.734843307586495,22,-10.565392797529789,-21.357406865082304,"{""2022"": -15.498807283651166, ""2023"": -21.357406865082304, ""2024"": -11.983802881284165, ""2025"": -15.734843307586495, ""2026"": -11.15452461688774}","{""2022"": -12.16652562538052, ""2023"": -0.49935004819256823, ""2024"": -22.04739501795049, ""2025"": -10.565392797529785, ""2026"": -60.35976657585815}","{""2022"": 24, ""2023"": 44, ""2024"": 42, ""2025"": 22, ""2026"": 11}",95,-10.983963546749004,-26.983963546749003,43.15789473684211,-26.805556239928308,48,-22.76829468380137,-38.76829468380137,35.41666666666667,-57.72481959225417,71,-5.7635096812411675,-21.763509681241167,46.478873239436616,-26.908812384101033,72,-23.988131866604135,-39.988131866604135,34.72222222222222,-40.92202858696492,35,-10.092631163206603,-26.092631163206605,45.714285714285715,-34.56177096264446,36,-1.5546415737747736,-17.554641573774774,47.22222222222222,-26.13047552022185,36,-21.895264757133507,-37.8952647571335,36.11111111111111,-27.17926942676918,36,-26.080998976074778,-42.08099897607478,33.33333333333333,-60.315713450880274,48,-22.76829468380137,-38.76829468380137,35.41666666666667,-57.72481959225417,-26.080998976074778,-42.08099897607478,h1_cost_residual_floor;ex2025_floor;loyo_floor;train_cost_floor;oos_cost_floor;worst_quarter_cost_floor;worst_quarter_slip16_floor,FAIL_BENCHMARK_OR_STABILITY_RESEARCH_ONLY
Stage40_PARALLEL_THESIS_MEGASCAN,RESEARCH_STAGE_ONLY_NO_PROMOTION,NO_GO,NO_GO,NO_GO,NO_GO,PULLBACK_CONTINUATION_AFTER_TREND,DOWNTREND_PULLBACK_CONT_SHORT_TL72_T300,SHORT,Downtrend 72H then controlled pullback continuation,24,"{""mean_lookback"": 24, ""trend_bps"": 300, ""trend_lookback"": 72}",135,40,8.0,-8.502590481085887,-8.612916361476685,40,-12.663013301018989,-11.515514087845347,-20.663013301018985,40.0,-87.3920563022712,63.81083426170442,40.0,45.0,-36.663013301018985,-4.1604228199331015,-4.050096939542303,-12.160422819933098,-12.0500969395423,12,-7.861354481728398,28,-27.734747590687668,12,-4.162299958458735,-27.734747590687668,"{""2022"": -22.66295185250069, ""2023"": -18.9811703036023, ""2024"": -25.01247431097348, ""2025"": -27.734747590687668, ""2026"": -6.011827220093565}","{""2022"": 4.002895500588714, ""2023"": -52.61803025193611, ""2024"": -0.15841139694781045, ""2025"": -4.162299958458732, ""2026"": -42.63979242240712}","{""2022"": 3, ""2023"": 2, ""2024"": 7, ""2025"": 12, ""2026"": 16}",26,-22.36816283283259,-38.36816283283259,38.46153846153847,-73.81248538458897,14,-17.49630702765087,-33.49630702765087,42.857142857142854,-139.26187924754197,20,12.629707135559837,-3.370292864440163,45.0,-69.01673614117088,20,-53.955733737597825,-69.95573373759782,35.0,-139.26187924754197,10,-27.313584923194128,-43.31358492319413,20.0,-73.81248538458897,10,52.572999194313795,36.572999194313795,70.0,-64.17140553397927,10,-13.10542168243644,-29.10542168243644,40.0,-110.22381569539385,10,-94.80604579275919,-110.80604579275919,30.0,-217.17960416127613,14,-17.49630702765087,-33.49630702765087,42.857142857142854,-139.26187924754197,-94.80604579275919,-110.80604579275919,h1_cost_residual_floor;ex2025_floor;loyo_floor;train_cost_floor;oos_cost_floor;worst_quarter_cost_floor;worst_quarter_slip16_floor,FAIL_BENCHMARK_OR_STABILITY_RESEARCH_ONLY
Stage40_PARALLEL_THESIS_MEGASCAN,RESEARCH_STAGE_ONLY_NO_PROMOTION,NO_GO,NO_GO,NO_GO,NO_GO,PULLBACK_CONTINUATION_AFTER_TREND,UPTREND_PULLBACK_CONT_LONG_TL120_T300,LONG,Uptrend 120H then controlled pullback continuation,4,"{""mean_lookback"": 24, ""trend_bps"": 300, ""trend_lookback"": 120}",378,214,8.0,1.3958339209070354,1.2296768282992119,214,-2.7763524255284433,2.911446409313845,-10.776352425528442,43.45794392523364,-27.88982835934206,21.400662417134786,8.878504672897195,4.672897196261682,-26.776352425528444,-4.1721863464354785,-4.006029253827656,-12.172186346435478,-12.006029253827654,92,-3.8106324045135493,146,-9.790957369603289,68,-12.8920535750148,-12.265257847439782,"{""2022"": -11.74500651263437, ""2023"": -12.265257847439782, ""2024"": -11.818144077255164, ""2025"": -9.790957369603289, ""2026"": -7.670236401976581}","{""2022"": 0.44863905446377444, ""2023"": -1.6443991711388923, ""2024"": -6.863846000154752, ""2025"": -12.8920535750148, ""2026"": -19.979659161978404}","{""2022"": 17, ""2023"": 30, ""2024"": 45, ""2025"": 68, ""2026"": 54}",143,-3.310066073873981,-19.31006607387398,46.85314685314685,-21.258551478486876,71,-25.814084091536724,-41.81408409153673,36.61971830985916,-42.680867128975784,107,-4.8750428171636155,-20.875042817163617,46.728971962616825,-21.258551478486876,107,-16.677662033893267,-32.67766203389327,40.18691588785047,-32.63868173692619,53,0.7459851260740725,-15.254014873925927,52.83018867924528,-17.710467908291783,54,-10.391977650341346,-26.391977650341346,40.74074074074074,-26.650468064487452,53,-13.313363073202758,-29.31336307320276,39.62264150943396,-26.579791084909708,54,-19.9796591619784,-35.979659161978404,40.74074074074074,-42.23499046296597,71,-25.814084091536724,-41.81408409153673,36.61971830985916,-42.680867128975784,-19.9796591619784,-35.979659161978404,h1_cost_residual_floor;ex2025_floor;loyo_floor;train_cost_floor;oos_cost_floor;worst_quarter_cost_floor;worst_quarter_slip16_floor,FAIL_BENCHMARK_OR_STABILITY_RESEARCH_ONLY
Stage40_PARALLEL_THESIS_MEGASCAN,RESEARCH_STAGE_ONLY_NO_PROMOTION,NO_GO,NO_GO,NO_GO,NO_GO,FALSE_BREAKOUT_SWEEP_REVERSAL,SWEEP_HIGH_REV_SHORT_L24_T3,SHORT,Sweep above prior 24H high by 3bps then close back inside,24,"{""lookback"": 24, ""threshold_bps"": 3}",417,273,8.0,-8.502590481085887,-8.612916361476685,273,-12.893994811661802,-9.955175648910242,-20.8939948116618,40.65934065934066,-68.29495502314265,50.05882034445519,32.6007326007326,23.809523809523807,-36.8939948116618,-4.391404330575915,-4.281078450185117,-12.391404330575911,-12.281078450185113,156,-13.336054319571671,189,-11.427330576546858,84,-42.19398934067042,-24.18159606668247,"{""2022"": -21.414794607181772, ""2023"": -24.18159606668247, ""2024"": -22.468907540226905, ""2025"": -11.427330576546858, ""2026"": -23.43633157695623}","{""2022"": -17.572136656453335, ""2023"": -5.864960502995871, ""2024"": -16.326747898822994, ""2025"": -42.19398934067043, ""2026"": -2.4042728822477413}","{""2022"": 37, ""2023"": 49, ""2024"": 70, ""2025"": 84, ""2026"": 33}",182,-18.530815328294366,-34.530815328294366,39.56043956043956,-65.49018996282463,91,-25.620353778396673,-41.62035377839668,42.857142857142854,-77.99638596898583,136,-10.699395913677863,-26.69939591367786,42.64705882352941,-58.57148423649705,137,-31.01418057900352,-47.01418057900352,38.68613138686132,-82.07028923158389,68,-11.07007391703158,-27.07007391703158,44.11764705882353,-60.762664339581995,68,-10.328717910324151,-26.32871791032415,41.17647058823529,-54.19500343877171,68,-32.016443887172,-48.016443887172,33.82352941176471,-82.85018024286938,69,-30.02644282602587,-46.02644282602587,43.47826086956522,-76.80102676113964,91,-25.620353778396673,-41.62035377839668,42.857142857142854,-77.99638596898583,-32.016443887172,-48.016443887172,h1_cost_residual_floor;ex2025_floor;loyo_floor;train_cost_floor;oos_cost_floor;worst_quarter_cost_floor;worst_quarter_slip16_floor,FAIL_BENCHMARK_OR_STABILITY_RESEARCH_ONLY
Stage40_PARALLEL_THESIS_MEGASCAN,RESEARCH_STAGE_ONLY_NO_PROMOTION,NO_GO,NO_GO,NO_GO,NO_GO,FALSE_BREAKOUT_SWEEP_REVERSAL,SWEEP_LOW_REV_LONG_L72_T3,LONG,Sweep below prior 72H low by 3bps then close back inside,4,"{""lookback"": 72, ""threshold_bps"": 3}",183,171,8.0,1.3958339209070354,1.2296768282992119,171,-3.0360689405462833,-0.16248449627109807,-11.036068940546283,39.1812865497076,-28.832618171332758,21.003383179685198,8.187134502923977,6.432748538011696,-27.036068940546283,-4.4319028614533185,-4.265745768845495,-12.431902861453318,-12.265745768845495,119,-9.788273266202758,140,-13.727367021063651,31,1.1181804553385968,-13.727367021063651,"{""2022"": -11.435917335687005, ""2023"": -12.127593625350622, ""2024"": -10.614076814579136, ""2025"": -13.727367021063651, ""2026"": -7.534272830417543}","{""2022"": -9.881961072753745, ""2023"": -6.294758590927436, ""2024"": -12.292231548076403, ""2025"": 1.1181804553385961, ""2026"": -36.048898298608705}","{""2022"": 44, ""2023"": 32, ""2024"": 43, ""2025"": 31, ""2026"": 21}",114,-10.224804504520865,-26.224804504520865,36.84210526315789,-26.23216587382904,57,-12.658597812597119,-28.65859781259712,43.859649122807014,-40.41557097103632,85,-8.402875479609198,-24.4028754796092,38.82352941176471,-20.911536455778812,86,-13.638643872867819,-29.638643872867817,39.53488372093023,-37.6832706118313,42,-10.918698032239531,-26.918698032239533,38.095238095238095,-28.097257695038902,43,-5.945560428202831,-21.945560428202832,39.53488372093023,-16.727813838930405,43,-10.884078903623015,-26.884078903623013,32.55813953488372,-35.78842938766647,43,-16.39320884211262,-32.39320884211262,46.51162790697674,-40.41557097103632,57,-12.658597812597119,-28.65859781259712,43.859649122807014,-40.41557097103632,-16.39320884211262,-32.39320884211262,h1_cost_residual_floor;ex2025_floor;loyo_floor;train_cost_floor;oos_cost_floor;worst_quarter_cost_floor;worst_quarter_slip16_floor,FAIL_BENCHMARK_OR_STABILITY_RESEARCH_ONLY
Stage40_PARALLEL_THESIS_MEGASCAN,RESEARCH_STAGE_ONLY_NO_PROMOTION,NO_GO,NO_GO,NO_GO,NO_GO,FAILED_CONTINUATION_AFTER_EXTREME_MOVE,FAILED_DOWN_CONT_LONG_L24_T200,LONG,"Strong 24H down move, new low attempt fails",8,"{""lookback"": 24, ""move_bps"": 200}",49,40,8.0,2.7951299583446616,1.1310753012648225,40,-1.7030059815702523,14.085760504398692,-9.703005981570252,52.5,-60.23591209917301,52.22823846703362,32.5,25.0,-25.70300598157025,-4.4981359399149135,-2.8340812828350748,-12.498135939914913,-10.834081282835074,16,-11.658286107446548,31,-21.417095228197063,9,30.645523645699875,-21.417095228197063,"{""2022"": -11.308349693977386, ""2023"": -6.488473286487448, ""2024"": -10.51077945414755, ""2025"": -21.417095228197063, ""2026"": 3.5710854036861632}","{""2022"": 10.096233138117737, ""2023"": -38.63380023731549, ""2024"": -6.92067513158178, ""2025"": 30.645523645699875, ""2026"": -31.82649162366427}","{""2022"": 3, ""2023"": 4, ""2024"": 9, ""2025"": 9, ""2026"": 15}",26,-8.07712687692294,-24.07712687692294,57.692307692307686,-45.309291592531835,14,-12.722495747343832,-28.72249574734383,42.857142857142854,-113.21168014593374,20,-7.752079075818424,-23.752079075818422,55.00000000000001,-44.670277514567985,20,-11.65393288732208,-27.653932887322078,50.0,-97.42729471049205,10,-30.26404681825112,-46.26404681825112,40.0,-29.400252945465667,10,14.75988866661427,-1.2401113333857303,70.0,-56.02459097206525,10,-2.567855305960373,-18.56785530596037,60.0,-81.35391162894689,10,-20.740010468683785,-36.740010468683785,40.0,-104.8499279204601,14,-12.722495747343832,-28.72249574734383,42.857142857142854,-113.21168014593374,-30.26404681825112,-46.26404681825112,h1_cost_residual_floor;ex2025_floor;loyo_floor;train_cost_floor;oos_cost_floor;worst_quarter_cost_floor;worst_quarter_slip16_floor,FAIL_BENCHMARK_OR_STABILITY_RESEARCH_ONLY
Stage40_PARALLEL_THESIS_MEGASCAN,RESEARCH_STAGE_ONLY_NO_PROMOTION,NO_GO,NO_GO,NO_GO,NO_GO,FALSE_BREAKOUT_SWEEP_REVERSAL,SWEEP_HIGH_REV_SHORT_L24_T8,SHORT,Sweep above prior 24H high by 8bps then close back inside,4,"{""lookback"": 24, ""threshold_bps"": 8}",195,187,8.0,-1.3958339209070354,-1.2296768282992119,187,-5.998054322718506,-2.6758790091019335,-13.998054322718504,35.82887700534759,-28.55961080144187,26.087690162609476,7.4866310160427805,8.02139037433155,-29.998054322718502,-4.60222040181147,-4.768377494419294,-12.602220401811469,-12.768377494419292,94,-6.858089376595684,121,-11.134744173203767,66,-19.247456263495522,-17.003225228771775,"{""2022"": -14.63395447311181, ""2023"": -14.810690750458786, ""2024"": -17.003225228771775, ""2025"": -11.134744173203767, ""2026"": -11.968703217441867}","{""2022"": -10.060364929898403, ""2023"": -9.182431047220534, ""2024"": -3.296714023114176, ""2025"": -19.247456263495522, ""2026"": -26.02383865028376}","{""2022"": 26, ""2023"": 27, ""2024"": 41, ""2025"": 66, ""2026"": 27}",125,-10.16865201443091,-26.16865201443091,36.0,-25.34529403388941,62,-21.71862349265317,-37.718623492653165,35.483870967741936,-40.424997418626596,93,-6.573332002757381,-22.573332002757382,37.634408602150536,-22.515247209700107,94,-21.343790235020474,-37.34379023502048,34.04255319148936,-37.506638610727,46,-8.594311461827603,-24.5943114618276,36.95652173913043,-23.969587485976884,47,-4.5953521066460965,-20.595352106646097,38.297872340425535,-20.34956890483386,47,-14.779250510913878,-30.779250510913876,36.17021276595745,-30.416831048054593,47,-27.90832995912707,-43.90832995912707,31.914893617021278,-42.79622335407352,62,-21.71862349265317,-37.718623492653165,35.483870967741936,-40.424997418626596,-27.90832995912707,-43.90832995912707,h1_cost_residual_floor;ex2025_floor;loyo_floor;train_cost_floor;oos_cost_floor;worst_quarter_cost_floor;worst_quarter_slip16_floor,FAIL_BENCHMARK_OR_STABILITY_RESEARCH_ONLY
Stage40_PARALLEL_THESIS_MEGASCAN,RESEARCH_STAGE_ONLY_NO_PROMOTION,NO_GO,NO_GO,NO_GO,NO_GO,VOL_COMPRESSION_EXPANSION,VOL_COMP_EXP_SHORT_L72_Q0.25_M2.0,SHORT,Compressed 72H range then bearish expansion,8,"{""compression_q"": 0.25, ""expansion_mult"": 2.0, ""lookback"": 72}",306,221,8.0,-2.7951299583446616,-1.1310753012648225,221,-7.453963585458387,-4.717967413856439,-15.453963585458387,40.27149321266968,-34.29970143669081,34.23762289963328,13.122171945701359,11.76470588235294,-31.45396358545839,-4.658833627113726,-6.322888284193565,-12.658833627113726,-14.322888284193565,155,-15.030841173759466,178,-17.018112216401057,43,-8.979115764346863,-17.343922496523923,"{""2022"": -14.947737008730542, ""2023"": -17.343922496523923, ""2024"": -14.57436253585831, ""2025"": -17.018112216401057, ""2026"": -13.716577574745614}","{""2022"": -18.94331106076104, ""2023"": -10.607133474822582, ""2024"": -17.56500610449858, ""2025"": -8.979115764346863, ""2026"": -30.41059098202921}","{""2022"": 28, ""2023"": 62, ""2024"": 65, ""2025"": 43, ""2026"": 23}",148,-14.74198417433961,-30.74198417433961,40.54054054054054,-31.38499971579001,73,-16.89742869293207,-32.89742869293207,39.726027397260275,-53.82737963168349,110,-14.829071062433757,-30.829071062433755,42.72727272727273,-29.43598905454259,111,-16.073226446113424,-32.07322644611342,37.83783783783784,-48.21335002824112,55,-12.063506809075745,-28.063506809075747,47.27272727272727,-33.692564156746485,55,-17.594635315791773,-33.59463531579178,38.18181818181819,-25.91648204656627,55,-18.868055863802915,-34.868055863802915,29.09090909090909,-44.12741173569046,56,-13.328304696596959,-29.32830469659696,46.42857142857143,-52.48399038525365,73,-16.89742869293207,-32.89742869293207,39.726027397260275,-53.82737963168349,-18.868055863802915,-34.868055863802915,h1_cost_residual_floor;ex2025_floor;loyo_floor;train_cost_floor;oos_cost_floor;worst_quarter_cost_floor;worst_quarter_slip16_floor,FAIL_BENCHMARK_OR_STABILITY_RESEARCH_ONLY
Stage40_PARALLEL_THESIS_MEGASCAN,RESEARCH_STAGE_ONLY_NO_PROMOTION,NO_GO,NO_GO,NO_GO,NO_GO,FAILED_CONTINUATION_AFTER_EXTREME_MOVE,FAILED_UP_CONT_SHORT_L72_T200,SHORT,"Strong 72H up move, new high attempt fails",24,"{""lookback"": 72, ""move_bps"": 200}",180,100,8.0,-8.502590481085887,-8.612916361476685,100,-13.270892019412528,-7.0555435133645705,-21.270892019412532,42.0,-78.54930880041411,59.90624352321505,34.0,25.0,-37.27089201941253,-4.768301538326641,-4.657975657935843,-12.768301538326645,-12.657975657935847,46,-4.6095381324305205,61,-10.999099719772051,39,-37.33702869320917,-26.52383512474611,"{""2022"": -22.361948892770986, ""2023"": -26.52383512474611, ""2024"": -24.02475760296441, ""2025"": -10.999099719772051, ""2026"": -19.625680860317193}","{""2022"": -8.723737975790312, ""2023"": 17.25069075303375, ""2024"": -13.432966896995632, ""2025"": -37.33702869320917, ""2026"": -30.59375525428608}","{""2022"": 8, ""2023"": 12, ""2024"": 26, ""2025"": 39, ""2026"": 15}",67,-4.151164610728765,-20.151164610728763,44.776119402985074,-65.13969391718221,33,-56.029126455225025,-72.02912645522503,36.36363636363637,-101.06895759462108,50,-5.956414506232157,-21.956414506232157,42.0,-63.133737921208244,50,-36.58536953259289,-52.58536953259289,42.0,-89.79232642287172,25,1.1891279010977849,-14.810872098902216,44.0,-58.0856208220748,25,-13.101956913562098,-29.1019569135621,40.0,-73.48307073415938,25,-14.331131004423446,-30.331131004423447,44.0,-83.06956786608089,25,-58.83960806076236,-74.83960806076236,40.0,-101.06895759462108,33,-56.029126455225025,-72.02912645522503,36.36363636363637,-101.06895759462108,-58.83960806076236,-74.83960806076236,h1_cost_residual_floor;ex2025_floor;loyo_floor;train_cost_floor;oos_cost_floor;worst_quarter_cost_floor;worst_quarter_slip16_floor,FAIL_BENCHMARK_OR_STABILITY_RESEARCH_ONLY
Stage40_PARALLEL_THESIS_MEGASCAN,RESEARCH_STAGE_ONLY_NO_PROMOTION,NO_GO,NO_GO,NO_GO,NO_GO,PULLBACK_CONTINUATION_AFTER_TREND,DOWNTREND_PULLBACK_CONT_SHORT_TL120_T150,SHORT,Downtrend 120H then controlled pullback continuation,72,"{""mean_lookback"": 24, ""trend_bps"": 150, ""trend_lookback"": 120}",583,88,8.0,-25.002508867881485,-23.30868059339869,88,-29.852076683294396,-0.16068147542569466,-37.85207668329439,45.45454545454545,-104.2348933666637,111.59371677741781,52.27272727272727,54.54545454545454,-53.85207668329439,-4.849567815412911,-6.543396089895705,-12.849567815412907,-14.543396089895701,56,-17.076283937389004,70,-15.9398347040302,18,-123.06635104709964,-47.745909365692555,"{""2022"": -47.745909365692555, ""2023"": -42.79088726065973, ""2024"": -39.80936941184014, ""2025"": -15.9398347040302, ""2026"": -42.85765161272401}","{""2022"": -1.921842205111612, ""2023"": -18.64559110465145, ""2024"": -30.74401361647039, ""2025"": -123.06635104709962, ""2026"": -11.394037770594966}","{""2022"": 19, ""2023"": 18, ""2024"": 19, ""2025"": 18, ""2026"": 14}",58,-24.89935462378538,-40.899354623785385,46.55172413793103,-97.35084325243281,30,-62.89400599834515,-78.89400599834515,43.333333333333336,-169.23481436394994,44,-12.80588930649372,-28.805889306493718,52.27272727272727,-97.35084325243281,44,-62.898264060095066,-78.89826406009507,38.63636363636363,-139.1313297549479,22,-1.626683562684233,-17.62668356268423,59.09090909090909,-100.52683939242412,22,-23.98509505030321,-39.985095050303215,45.45454545454545,-90.44330947986845,22,-104.86279532901223,-120.86279532901223,27.27272727272727,-161.05167941648182,22,-20.933732791177917,-36.93373279117792,50.0,-104.39897120736563,30,-62.89400599834515,-78.89400599834515,43.333333333333336,-169.23481436394994,-104.86279532901223,-120.86279532901223,h1_cost_residual_floor;ex2025_floor;loyo_floor;train_cost_floor;oos_cost_floor;worst_quarter_cost_floor;worst_quarter_slip16_floor,FAIL_BENCHMARK_OR_STABILITY_RESEARCH_ONLY
Stage40_PARALLEL_THESIS_MEGASCAN,RESEARCH_STAGE_ONLY_NO_PROMOTION,NO_GO,NO_GO,NO_GO,NO_GO,SESSION_TRANSITION_IMBALANCE,LONDON_FALSE_ASIA_LOW_LONG_Q0.25,LONG,London false break below Asia low,8,"{""asia_range_q"": 0.25, ""direction"": ""false_down""}",673,381,8.0,2.7951299583446616,1.1310753012648225,381,-2.076281141018576,3.2208368743158466,-10.076281141018574,45.93175853018373,-40.192535208983806,37.89237554880698,14.698162729658792,10.498687664041995,-26.076281141018576,-4.871411099363238,-3.2073564422833987,-12.871411099363236,-11.207356442283396,258,-3.1722996578518443,289,-7.756473181656846,92,-17.363503969883144,-13.379507737087222,"{""2022"": -10.25118061196285, ""2023"": -12.786328266283899, ""2024"": -13.379507737087222, ""2025"": -7.756473181656846, ""2026"": -6.902559077014357}","{""2022"": -9.285431359357508, ""2023"": -2.5632792095899637, ""2024"": 0.921961957255435, ""2025"": -17.363503969883144, ""2026"": -45.908627024937175}","{""2022"": 69, ""2023"": 101, ""2024"": 88, ""2025"": 92, ""2026"": 31}",255,-2.93489587455621,-18.93489587455621,49.01960784313725,-34.60537440113987,126,-24.529084656478123,-40.52908465647812,39.682539682539684,-51.93945486199725,190,-3.7197945108699275,-19.719794510869928,46.31578947368421,-37.61976495261998,191,-16.3994877364544,-32.399487736454404,45.54973821989529,-41.63446571823548,95,-7.245843725266782,-23.24584372526678,41.05263157894737,-37.015255820389555,95,-0.193745296473073,-16.19374529647307,51.578947368421055,-38.349642951599485,95,-7.489587073253275,-23.489587073253276,47.368421052631575,-33.39618783651854,96,-25.216576934413855,-41.21657693441385,43.75,-52.26690777186516,126,-24.529084656478123,-40.52908465647812,39.682539682539684,-51.93945486199725,-25.216576934413855,-41.21657693441385,h1_cost_residual_floor;ex2025_floor;loyo_floor;train_cost_floor;oos_cost_floor;worst_quarter_cost_floor;worst_quarter_slip16_floor,FAIL_BENCHMARK_OR_STABILITY_RESEARCH_ONLY
Stage40_PARALLEL_THESIS_MEGASCAN,RESEARCH_STAGE_ONLY_NO_PROMOTION,NO_GO,NO_GO,NO_GO,NO_GO,SESSION_TRANSITION_IMBALANCE,LONDON_FALSE_ASIA_LOW_LONG_Q0.4,LONG,London false break below Asia low,8,"{""asia_range_q"": 0.4, ""direction"": ""false_down""}",673,381,8.0,2.7951299583446616,1.1310753012648225,381,-2.076281141018576,3.2208368743158466,-10.076281141018574,45.93175853018373,-40.192535208983806,37.89237554880698,14.698162729658792,10.498687664041995,-26.076281141018576,-4.871411099363238,-3.2073564422833987,-12.871411099363236,-11.207356442283396,258,-3.1722996578518443,289,-7.756473181656846,92,-17.363503969883144,-13.379507737087222,"{""2022"": -10.25118061196285, ""2023"": -12.786328266283899, ""2024"": -13.379507737087222, ""2025"": -7.756473181656846, ""2026"": -6.902559077014357}","{""2022"": -9.285431359357508, ""2023"": -2.5632792095899637, ""2024"": 0.921961957255435, ""2025"": -17.363503969883144, ""2026"": -45.908627024937175}","{""2022"": 69, ""2023"": 101, ""2024"": 88, ""2025"": 92, ""2026"": 31}",255,-2.93489587455621,-18.93489587455621,49.01960784313725,-34.60537440113987,126,-24.529084656478123,-40.52908465647812,39.682539682539684,-51.93945486199725,190,-3.7197945108699275,-19.719794510869928,46.31578947368421,-37.61976495261998,191,-16.3994877364544,-32.399487736454404,45.54973821989529,-41.63446571823548,95,-7.245843725266782,-23.24584372526678,41.05263157894737,-37.015255820389555,95,-0.193745296473073,-16.19374529647307,51.578947368421055,-38.349642951599485,95,-7.489587073253275,-23.489587073253276,47.368421052631575,-33.39618783651854,96,-25.216576934413855,-41.21657693441385,43.75,-52.26690777186516,126,-24.529084656478123,-40.52908465647812,39.682539682539684,-51.93945486199725,-25.216576934413855,-41.21657693441385,h1_cost_residual_floor;ex2025_floor;loyo_floor;train_cost_floor;oos_cost_floor;worst_quarter_cost_floor;worst_quarter_slip16_floor,FAIL_BENCHMARK_OR_STABILITY_RESEARCH_ONLY
Stage40_PARALLEL_THESIS_MEGASCAN,RESEARCH_STAGE_ONLY_NO_PROMOTION,NO_GO,NO_GO,NO_GO,NO_GO,VOLATILITY_SHOCK_REVERSAL,UPPER_WICK_SHOCK_REV_SHORT_M2.5_W1.0,SHORT,Large H1 shock with upper-wick rejection,72,"{""range_atr_mult"": 2.5, ""wick_ratio"": 1.0}",75,57,8.0,-25.002508867881485,-23.30868059339869,57,-29.94204412333478,1.079845582082628,-37.94204412333478,43.859649122807014,-95.80688010542903,111.50886402286008,49.122807017543856,52.63157894736842,-53.94204412333478,-4.939535255453297,-6.633363529936091,-12.939535255453297,-14.63336352993609,44,-43.86141687528198,48,-24.194656154831367,9,-111.26144662201966,-55.459421309033964,"{""2022"": -37.18709423761922, ""2023"": -55.459421309033964, ""2024"": -15.257231202994854, ""2025"": -24.194656154831367, ""2026"": -55.306704945482714}","{""2022"": -41.96844351381779, ""2023"": 0.012273112346766387, ""2024"": -91.31807452413464, ""2025"": -111.26144662201966, ""2026"": 192.13971177012536}","{""2022"": 9, ""2023"": 18, ""2024"": 17, ""2025"": 9, ""2026"": 4}",38,-41.634286465396535,-57.634286465396535,50.0,-92.01430082526495,19,-30.557559439211285,-46.55755943921129,31.57894736842105,-119.21752231699445,28,-12.67994009696866,-28.67994009696866,57.14285714285714,-76.9648916873522,29,-62.33304111430898,-78.33304111430898,31.03448275862069,-161.42463647428107,14,-30.388946012905645,-46.38894601290565,50.0,-83.63041345953448,14,5.029065818968328,-10.970934181031673,64.28571428571429,-62.79559328212003,14,-108.57488284971534,-124.57488284971534,35.714285714285715,-165.66851694808093,15,-19.1739888279297,-35.173988827929705,26.666666666666668,-119.21752231699445,19,-30.557559439211285,-46.55755943921129,31.57894736842105,-119.21752231699445,-108.57488284971534,-124.57488284971534,h1_cost_residual_floor;ex2025_floor;loyo_floor;train_cost_floor;oos_cost_floor;worst_quarter_cost_floor;worst_quarter_slip16_floor,FAIL_BENCHMARK_OR_STABILITY_RESEARCH_ONLY
Stage40_PARALLEL_THESIS_MEGASCAN,RESEARCH_STAGE_ONLY_NO_PROMOTION,NO_GO,NO_GO,NO_GO,NO_GO,VOL_COMPRESSION_EXPANSION,VOL_COMP_EXP_SHORT_L120_Q0.15_M2.0,SHORT,Compressed 120H range then bearish expansion,24,"{""compression_q"": 0.15, ""expansion_mult"": 2.0, ""lookback"": 120}",193,125,8.0,-8.502590481085887,-8.612916361476685,125,-13.47559531272128,-3.6301967349894326,-21.475595312721286,40.8,-60.98146943101401,47.42352388600213,24.8,16.8,-37.47559531272128,-4.973004831635393,-4.862678951244595,-12.973004831635398,-12.8626789512446,90,-16.790670347947312,101,-18.696503407591944,24,-33.17094041347391,-25.663709756084696,"{""2022"": -25.663709756084696, ""2023"": -24.711905893986366, ""2024"": -17.82150251303401, ""2025"": -18.696503407591944, ""2026"": -20.239148256479222}","{""2022"": 11.730169202517262, ""2023"": -14.339115569418786, ""2024"": -30.166410620085603, ""2025"": -33.17094041347391, ""2026"": -34.289682986502555}","{""2022"": 14, ""2023"": 39, ""2024"": 37, ""2025"": 24, ""2026"": 11}",83,-14.750771143113235,-30.750771143113234,43.373493975903614,-58.592594053936686,42,-34.76512879075623,-50.76512879075623,35.714285714285715,-72.6963010892101,62,-6.223490679916096,-22.223490679916097,45.16129032258064,-45.275444469357055,63,-36.48560304659305,-52.48560304659305,36.507936507936506,-75.42176073484397,31,-3.2068466753458824,-19.206846675345883,45.16129032258064,-52.51416702992451,31,-9.24013468448631,-25.24013468448631,45.16129032258064,-42.82036462985417,31,-40.22442789369064,-56.22442789369064,32.25806451612903,-74.39418452025225,32,-32.86361647596725,-48.86361647596725,40.625,-80.58862391004507,42,-34.76512879075623,-50.76512879075623,35.714285714285715,-72.6963010892101,-40.22442789369064,-56.22442789369064,h1_cost_residual_floor;ex2025_floor;loyo_floor;train_cost_floor;oos_cost_floor;worst_quarter_cost_floor;worst_quarter_slip16_floor,FAIL_BENCHMARK_OR_STABILITY_RESEARCH_ONLY
Stage40_PARALLEL_THESIS_MEGASCAN,RESEARCH_STAGE_ONLY_NO_PROMOTION,NO_GO,NO_GO,NO_GO,NO_GO,VOLATILITY_SHOCK_REVERSAL,LOWER_WICK_SHOCK_REV_LONG_M2.0_W1.5,LONG,Large H1 shock with lower-wick rejection,8,"{""range_atr_mult"": 2.0, ""wick_ratio"": 1.5}",118,109,8.0,2.7951299583446616,1.1310753012648225,109,-2.2381684068638075,4.242097028328562,-10.238168406863808,45.87155963302752,-35.78842938766647,28.945708957743843,18.34862385321101,11.009174311926607,-26.238168406863807,-5.033298365208469,-3.36924370812863,-13.03329836520847,-11.36924370812863,84,-1.5303352041525222,94,-7.524658019664645,15,-27.242833499978573,-15.159832776637082,"{""2022"": -15.159832776637082, ""2023"": -11.227411933957137, ""2024"": -13.089301916843562, ""2025"": -7.524658019664645, ""2026"": -5.426168279277681}","{""2022"": 9.2247770554214, ""2023"": -7.959910586891294, ""2024"": -2.3729725172644853, ""2025"": -27.242833499978573, ""2026"": -57.87696966996647}","{""2022"": 22, ""2023"": 33, ""2024"": 29, ""2025"": 15, ""2026"": 10}",73,2.3827868298508,-13.6172131701492,49.31506849315068,-31.4066432330129,36,-35.83066097020176,-51.83066097020176,38.88888888888889,-51.519610303957236,54,-1.3517148674605042,-17.351714867460505,44.44444444444444,-31.095575836962986,55,-18.96305006373251,-34.96305006373251,47.27272727272727,-41.91109767160639,27,12.133767776108902,-3.8662322238910978,51.85185185185185,-35.453304189350106,27,-14.83719751102991,-30.83719751102991,37.03703703703704,-30.784508440913072,27,2.9759019904366446,-13.024098009563355,55.55555555555556,-35.72865240446199,28,-40.118468115967055,-56.118468115967055,39.285714285714285,-58.264706487845544,36,-35.83066097020176,-51.83066097020176,38.88888888888889,-51.519610303957236,-40.118468115967055,-56.118468115967055,h1_cost_residual_floor;ex2025_floor;loyo_floor;oos_cost_floor;worst_quarter_cost_floor;worst_quarter_slip16_floor,FAIL_BENCHMARK_OR_STABILITY_RESEARCH_ONLY
Stage40_PARALLEL_THESIS_MEGASCAN,RESEARCH_STAGE_ONLY_NO_PROMOTION,NO_GO,NO_GO,NO_GO,NO_GO,FALSE_BREAKOUT_SWEEP_REVERSAL,SWEEP_LOW_REV_LONG_L24_T8,LONG,Sweep below prior 24H low by 8bps then close back inside,72,"{""lookback"": 24, ""threshold_bps"": 8}",186,118,8.0,25.002508867881485,23.30868059339869,118,19.962558763928595,38.33799070276922,11.962558763928588,58.47457627118644,-98.0774436294002,120.8374327375783,49.152542372881356,61.016949152542374,-4.0374412360714125,-5.03995010395289,-3.3461218294700963,-13.039950103952897,-11.346121829470103,72,8.976059703744182,90,13.59789131208414,28,6.706132716285745,7.0986452159391975,"{""2022"": 21.697802253744225, ""2023"": 9.378760017137212, ""2024"": 7.0986452159391975, ""2025"": 13.59789131208414, ""2026"": 8.340480147255821}","{""2022"": -26.16714490451598, ""2023"": 22.08243718886148, ""2024"": 31.012886826887044, ""2025"": 6.706132716285743, ""2026"": 32.08521774544397}","{""2022"": 24, ""2023"": 24, ""2024"": 24, ""2025"": 28, ""2026"": 18}",79,15.582045420051076,-0.4179545799489244,59.49367088607595,-87.60210564530801,39,4.63077810152663,-11.36922189847337,56.41025641025641,-190.1265614831016,59,8.76073593254185,-7.23926406745815,61.016949152542374,-82.91591086851513,59,15.164381595315332,-0.8356184046846682,55.932203389830505,-137.2857741581035,29,-24.405731828278583,-40.40573182827858,48.275862068965516,-130.44132996152146,30,40.8216547680016,24.8216547680016,73.33333333333333,-74.0465674175378,29,12.163156343735748,-3.836843656264252,51.724137931034484,-106.38362066364593,30,18.06556600517559,2.06556600517559,60.0,-190.14668672133584,39,4.63077810152663,-11.36922189847337,56.41025641025641,-190.1265614831016,-24.405731828278583,-40.40573182827858,h1_cost_residual_floor;worst_quarter_cost_floor;worst_quarter_slip16_floor,FAIL_BENCHMARK_OR_STABILITY_RESEARCH_ONLY
Stage40_PARALLEL_THESIS_MEGASCAN,RESEARCH_STAGE_ONLY_NO_PROMOTION,NO_GO,NO_GO,NO_GO,NO_GO,FALSE_BREAKOUT_SWEEP_REVERSAL,SWEEP_HIGH_REV_SHORT_L24_T3,SHORT,Sweep above prior 24H high by 3bps then close back inside,8,"{""lookback"": 24, ""threshold_bps"": 3}",417,339,8.0,-2.7951299583446616,-1.1310753012648225,339,-7.842452847016593,-4.948851227954965,-15.842452847016594,37.16814159292036,-36.033165506561545,26.488604381657012,10.029498525073747,8.849557522123893,-31.842452847016595,-5.047322888671931,-6.71137754575177,-13.047322888671932,-14.711377545751771,189,-8.839157195579979,227,-10.209532243723784,112,-27.259175855476126,-18.870145582526593,"{""2022"": -16.528316315617413, ""2023"": -17.113429216179004, ""2024"": -18.870145582526593, ""2025"": -10.209532243723784, ""2026"": -15.693117627169244}","{""2022"": -11.473800753537484, ""2023"": -9.41948298142799, ""2024"": -7.07258423381522, ""2025"": -27.259175855476123, ""2026"": -17.025344983175877}","{""2022"": 46, ""2023"": 56, ""2024"": 87, ""2025"": 112, ""2026"": 38}",227,-12.838109484261714,-28.838109484261714,37.44493392070485,-31.7664853243671,112,-21.931613055457287,-37.93161305545729,36.607142857142854,-52.62576151047638,169,-7.53609579941024,-23.53609579941024,42.60355029585799,-28.788167496665018,170,-24.0999489708135,-40.0999489708135,31.76470588235294,-45.49492342177053,84,-12.119172621998304,-28.119172621998302,39.285714285714285,-29.593754427814645,85,-3.006937527676151,-19.00693752767615,45.88235294117647,-28.55961080144187,85,-24.29095839379989,-40.29095839379989,24.705882352941178,-38.25272372545818,85,-23.908939547827117,-39.90893954782712,38.82352941176471,-52.790592385016936,112,-21.931613055457287,-37.93161305545729,36.607142857142854,-52.62576151047638,-24.29095839379989,-40.29095839379989,h1_cost_residual_floor;ex2025_floor;loyo_floor;train_cost_floor;oos_cost_floor;worst_quarter_cost_floor;worst_quarter_slip16_floor,FAIL_BENCHMARK_OR_STABILITY_RESEARCH_ONLY
Stage40_PARALLEL_THESIS_MEGASCAN,RESEARCH_STAGE_ONLY_NO_PROMOTION,NO_GO,NO_GO,NO_GO,NO_GO,FAILED_CONTINUATION_AFTER_EXTREME_MOVE,FAILED_UP_CONT_SHORT_L24_T100,SHORT,"Strong 24H up move, new high attempt fails",4,"{""lookback"": 24, ""move_bps"": 100}",260,233,8.0,-1.3958339209070354,-1.2296768282992119,233,-6.693211275874197,-2.442797817765463,-14.693211275874196,36.05150214592275,-27.48463619586916,22.093645035173857,4.291845493562231,4.291845493562231,-30.693211275874198,-5.2973773549671614,-5.463534447574985,-13.29737735496716,-13.463534447574984,99,-6.704248839223499,134,-8.215152521567939,99,-23.461492822106905,-17.533837533662226,"{""2022"": -14.473712250655005, ""2023"": -16.236181095197185, ""2024"": -17.533837533662226, ""2025"": -8.215152521567939, ""2026"": -15.082870830665204}","{""2022"": -16.909106197134594, ""2023"": -3.839216684774571, ""2024"": -4.02636981805791, ""2025"": -23.46149282210691, ""2026"": -12.488851508770779}","{""2022"": 21, ""2023"": 29, ""2024"": 49, ""2025"": 99, ""2026"": 35}",156,-14.257074913179132,-30.25707491317913,33.97435897435898,-24.93906746966146,77,-15.576812218477178,-31.57681221847718,40.25974025974026,-29.829152191191977,116,-7.706857228662812,-23.706857228662813,36.206896551724135,-19.991433059558528,117,-21.61985289533164,-37.61985289533164,35.8974358974359,-36.033165506561545,58,-8.977731915972324,-24.977731915972324,39.6551724137931,-19.7591490751281,58,-6.435982541353297,-22.435982541353297,32.758620689655174,-21.23065949972469,58,-26.183491167201556,-42.18349116720155,27.586206896551722,-42.03453206706564,59,-17.133564424679854,-33.133564424679854,44.06779661016949,-33.44440269730464,77,-15.576812218477178,-31.57681221847718,40.25974025974026,-29.829152191191977,-26.183491167201556,-42.18349116720155,h1_cost_residual_floor;ex2025_floor;loyo_floor;train_cost_floor;oos_cost_floor;worst_quarter_cost_floor;worst_quarter_slip16_floor,FAIL_BENCHMARK_OR_STABILITY_RESEARCH_ONLY
Stage40_PARALLEL_THESIS_MEGASCAN,RESEARCH_STAGE_ONLY_NO_PROMOTION,NO_GO,NO_GO,NO_GO,NO_GO,FALSE_BREAKOUT_SWEEP_REVERSAL,SWEEP_LOW_REV_LONG_L24_T15,LONG,Sweep below prior 24H low by 15bps then close back inside,24,"{""lookback"": 24, ""threshold_bps"": 15}",97,85,8.0,8.502590481085887,8.612916361476685,85,3.1057039858019433,6.776968181909648,-4.894296014198055,49.411764705882355,-74.27451336084579,70.53012170901818,35.294117647058826,41.17647058823529,-20.894296014198055,-5.396886495283944,-5.507212375674742,-13.396886495283942,-13.50721237567474,40,0.9187229019982425,62,-11.079598441755353,23,11.779127920956398,-14.38634745647515,"{""2022"": -14.38634745647515, ""2023"": -1.2052274279036754, ""2024"": -2.929951971347451, ""2025"": -11.079598441755353, ""2026"": 4.883632670824235}","{""2022"": 33.073909754910325, ""2023"": -25.326060492136154, ""2024"": -19.626876335577574, ""2025"": 11.779127920956396, ""2026"": -32.89472815767098}","{""2022"": 17, ""2023"": 13, ""2024"": 10, ""2025"": 23, ""2026"": 22}",56,-0.6911120045728337,-16.691112004572833,51.78571428571429,-62.51277816877953,29,-13.010789274164003,-29.010789274164004,44.827586206896555,-101.32813517604421,42,3.7527030802768064,-12.247296919723194,54.761904761904766,-54.00843295387148,43,-13.340202106475827,-29.34020210647583,44.18604651162791,-100.77373533077805,21,19.0401276047008,3.0401276047007997,61.904761904761905,-48.084662239000764,21,-11.534721444147184,-27.534721444147184,47.61904761904761,-63.02940540180768,21,7.1454918519190915,-8.854508148080908,47.61904761904761,-80.63844484399007,22,-32.89472815767098,-48.89472815767098,40.909090909090914,-119.64474402602842,29,-13.010789274164003,-29.010789274164004,44.827586206896555,-101.32813517604421,-32.89472815767098,-48.89472815767098,h1_cost_residual_floor;ex2025_floor;loyo_floor;train_cost_floor;oos_cost_floor;worst_quarter_cost_floor;worst_quarter_slip16_floor,FAIL_BENCHMARK_OR_STABILITY_RESEARCH_ONLY
Stage40_PARALLEL_THESIS_MEGASCAN,RESEARCH_STAGE_ONLY_NO_PROMOTION,NO_GO,NO_GO,NO_GO,NO_GO,FALSE_BREAKOUT_SWEEP_REVERSAL,SWEEP_LOW_REV_LONG_L24_T8,LONG,Sweep below prior 24H low by 8bps then close back inside,24,"{""lookback"": 24, ""threshold_bps"": 8}",186,146,8.0,8.502590481085887,8.612916361476685,146,2.9939753408281047,5.569094661913576,-5.006024659171896,49.31506849315068,-58.66664520233044,64.83749182396137,30.82191780821918,36.3013698630137,-21.006024659171896,-5.508615140257783,-5.618941020648581,-13.508615140257783,-13.618941020648581,87,-1.0782923894971346,111,-11.872274377928173,35,16.769795877455156,-11.872274377928173,"{""2022"": -10.55363948919649, ""2023"": -7.666773608424002, ""2024"": -0.05261754120211284, ""2025"": -11.872274377928173, ""2026"": 4.042060801841637}","{""2022"": 14.757353172790722, ""2023"": 5.282204611269574, ""2024"": -28.980515110145646, ""2025"": 16.769795877455156, ""2026"": -51.000459085990684}","{""2022"": 32, ""2023"": 30, ""2024"": 25, ""2025"": 35, ""2026"": 24}",97,-1.1635295860175492,-17.16352958601755,48.45360824742268,-53.15444712846285,49,-12.612596538681522,-28.612596538681522,51.02040816326531,-98.6138047736429,73,7.479124797748843,-8.520875202251158,52.054794520547944,-52.94089705888627,73,-17.491174116092633,-33.49117411609264,46.57534246575342,-88.26003440007058,36,15.456531220535219,-0.5434687794647814,58.333333333333336,-50.619554683731806,37,-0.28267604604330876,-16.28267604604331,45.94594594594595,-52.94089705888627,36,-16.815102975670502,-32.8151029756705,44.44444444444444,-79.43085295963049,37,-18.148973063530388,-34.14897306353039,48.64864864864865,-100.77373533077805,49,-12.612596538681522,-28.612596538681522,51.02040816326531,-98.6138047736429,-18.148973063530388,-34.14897306353039,h1_cost_residual_floor;ex2025_floor;loyo_floor;train_cost_floor;oos_cost_floor;worst_quarter_cost_floor;worst_quarter_slip16_floor,FAIL_BENCHMARK_OR_STABILITY_RESEARCH_ONLY
Stage40_PARALLEL_THESIS_MEGASCAN,RESEARCH_STAGE_ONLY_NO_PROMOTION,NO_GO,NO_GO,NO_GO,NO_GO,FAILED_CONTINUATION_AFTER_EXTREME_MOVE,FAILED_UP_CONT_SHORT_L72_T100,SHORT,"Strong 72H up move, new high attempt fails",24,"{""lookback"": 72, ""move_bps"": 100}",312,166,8.0,-8.502590481085887,-8.612916361476685,166,-14.104806090146818,-7.078411214134217,-22.10480609014682,40.963855421686745,-68.92721991350936,44.71996806622691,32.53012048192771,24.69879518072289,-38.10480609014682,-5.602215609060931,-5.491889728670133,-13.602215609060933,-13.491889728670134,88,-2.829269335875481,105,-7.4732519397664685,61,-47.29026815227693,-27.169191747633775,"{""2022"": -24.955221168266437, ""2023"": -26.832123161535932, ""2024"": -27.169191747633775, ""2025"": -7.4732519397664685, ""2026"": -21.031423213731106}","{""2022"": 6.589372362924013, ""2023"": -0.6743020331828158, ""2024"": -7.618307581521352, ""2025"": -47.29026815227693, ""2026"": -31.512691301084526}","{""2022"": 15, ""2023"": 30, ""2024"": 43, ""2025"": 61, ""2026"": 17}",111,-9.69119821708631,-25.69119821708631,44.14414414414414,-63.72917649158039,55,-47.15772379759621,-63.15772379759621,34.54545454545455,-96.28198751961304,83,-4.4484322707033135,-20.448432270703314,45.78313253012048,-60.892043365385895,83,-39.761179909590325,-55.761179909590325,36.144578313253014,-83.95603564063991,41,3.2211290552578475,-12.778870944742152,48.78048780487805,-54.58929582727645,42,-11.935384993665403,-27.9353849936654,42.857142857142854,-67.15851270126083,41,-21.875114234616262,-37.87511423461626,41.46341463414634,-77.42932253834044,42,-57.221386878017384,-73.22138687801738,30.952380952380953,-101.3999240420238,55,-47.15772379759621,-63.15772379759621,34.54545454545455,-96.28198751961304,-57.221386878017384,-73.22138687801738,h1_cost_residual_floor;ex2025_floor;loyo_floor;train_cost_floor;oos_cost_floor;worst_quarter_cost_floor;worst_quarter_slip16_floor,FAIL_BENCHMARK_OR_STABILITY_RESEARCH_ONLY
Stage40_PARALLEL_THESIS_MEGASCAN,RESEARCH_STAGE_ONLY_NO_PROMOTION,NO_GO,NO_GO,NO_GO,NO_GO,VOLATILITY_SHOCK_REVERSAL,LOWER_WICK_SHOCK_REV_LONG_M2.5_W1.5,LONG,Large H1 shock with lower-wick rejection,4,"{""range_atr_mult"": 2.5, ""wick_ratio"": 1.5}",55,50,8.0,1.3958339209070354,1.2296768282992119,50,-4.788595421607034,-2.06790990385064,-12.788595421607033,40.0,-34.90171690153254,22.8155373460337,18.0,8.0,-28.788595421607035,-6.184429342514069,-6.0182722499062455,-14.184429342514068,-14.018272249906245,39,-3.9922838061016512,44,-7.1220051511595095,6,-54.34359073822221,-23.556023334331307,"{""2022"": -13.788489171159812, ""2023"": -11.209612583151015, ""2024"": -23.556023334331307, ""2025"": -7.1220051511595095, ""2026"": -10.705791397051058}","{""2022"": -6.646390960068527, ""2023"": -16.472888711337742, ""2024"": 8.112882291328319, ""2025"": -54.34359073822221, ""2026"": -31.5338316426108}","{""2022"": 7, ""2023"": 15, ""2024"": 17, ""2025"": 6, ""2026"": 5}",33,-6.2845971768001405,-22.28459717680014,39.39393939393939,-33.62412830598793,17,-25.414003779173353,-41.414003779173356,41.17647058823529,-41.91109767160639,25,-11.429235496634762,-27.42923549663476,28.000000000000004,-34.6219255273239,25,-14.147955346579304,-30.1479553465793,52.0,-35.18150827574118,12,-10.827471341852645,-26.827471341852643,33.33333333333333,-53.03911325447108,13,-11.984710101049027,-27.984710101049025,23.076923076923077,-26.793503094753035,12,10.238952177365151,-5.761047822634849,75.0,-11.593229750000432,13,-36.65894690714342,-52.65894690714342,30.76923076923077,-47.96001211052947,17,-25.414003779173353,-41.414003779173356,41.17647058823529,-41.91109767160639,-36.65894690714342,-52.65894690714342,h1_cost_residual_floor;ex2025_floor;loyo_floor;train_cost_floor;oos_cost_floor;worst_quarter_cost_floor;worst_quarter_slip16_floor,FAIL_BENCHMARK_OR_STABILITY_RESEARCH_ONLY
Stage40_PARALLEL_THESIS_MEGASCAN,RESEARCH_STAGE_ONLY_NO_PROMOTION,NO_GO,NO_GO,NO_GO,NO_GO,VOL_COMPRESSION_EXPANSION,VOL_COMP_EXP_SHORT_L120_Q0.15_M1.5,SHORT,Compressed 120H range then bearish expansion,8,"{""compression_q"": 0.15, ""expansion_mult"": 1.5, ""lookback"": 120}",391,242,8.0,-2.7951299583446616,-1.1310753012648225,242,-9.104954701874627,-10.004590491790033,-17.104954701874625,35.53719008264463,-37.21934925270065,28.286859256239637,8.264462809917356,7.024793388429752,-33.104954701874625,-6.3098247435299655,-7.973879400609805,-14.309824743529964,-15.973879400609803,158,-14.119162161979231,184,-16.495788800425768,58,-19.03748100991928,-21.092594382882048,"{""2022"": -18.285211146314403, ""2023"": -21.092594382882048, ""2024"": -14.333294828071251, ""2025"": -16.495788800425768, ""2026"": -15.439821852629798}","{""2022"": -7.706616348002323, ""2023"": -6.246305108977486, ""2024"": -24.496047698683626, ""2025"": -19.037481009919276, ""2026"": -30.93836606483165}","{""2022"": 27, ""2023"": 65, ""2024"": 66, ""2025"": 58, ""2026"": 26}",162,-14.170268134092808,-30.170268134092808,37.65432098765432,-32.552086832183804,80,-23.047695001632803,-39.0476950016328,31.25,-50.21348069492837,121,-8.403200023751817,-24.403200023751815,42.14876033057851,-28.973108620642396,121,-25.806709379997432,-41.80670937999743,28.92561983471074,-52.1959529333893,60,-6.006507811039759,-22.00650781103976,46.666666666666664,-29.360529703592597,61,-10.760602200189913,-26.760602200189915,37.704918032786885,-26.226313898962683,60,-25.65316341131205,-41.65316341131205,25.0,-52.08371082885188,61,-25.957738201655193,-41.95773820165519,32.78688524590164,-52.21361136161562,80,-23.047695001632803,-39.0476950016328,31.25,-50.21348069492837,-25.957738201655193,-41.95773820165519,h1_cost_residual_floor;ex2025_floor;loyo_floor;train_cost_floor;oos_cost_floor;worst_quarter_cost_floor;worst_quarter_slip16_floor,FAIL_BENCHMARK_OR_STABILITY_RESEARCH_ONLY
Stage40_PARALLEL_THESIS_MEGASCAN,RESEARCH_STAGE_ONLY_NO_PROMOTION,NO_GO,NO_GO,NO_GO,NO_GO,VOL_COMPRESSION_EXPANSION,VOL_COMP_EXP_SHORT_L120_Q0.15_M2.0,SHORT,Compressed 120H range then bearish expansion,8,"{""compression_q"": 0.15, ""expansion_mult"": 2.0, ""lookback"": 120}",193,144,8.0,-2.7951299583446616,-1.1310753012648225,144,-9.232464828968903,-4.438580761150224,-17.2324648289689,37.5,-32.68071594659805,28.713405972192184,10.416666666666668,8.333333333333332,-33.2324648289689,-6.437334870624241,-8.10138952770408,-14.43733487062424,-16.10138952770408,105,-16.673775887926354,117,-19.159171666946232,27,-8.883401864400481,-21.65399785593122,"{""2022"": -18.492796739731734, ""2023"": -21.65399785593122, ""2024"": -11.860157685756446, ""2025"": -19.159171666946232, ""2026"": -15.080290292205156}","{""2022"": -6.393610396408541, ""2023"": -7.81267707587527, ""2024"": -29.442253790815382, ""2025"": -8.883401864400481, ""2026"": -40.90638473337012}","{""2022"": 15, ""2023"": 46, ""2024"": 44, ""2025"": 27, ""2026"": 12}",96,-15.818461990081842,-31.818461990081843,38.54166666666667,-29.6947451855345,48,-20.06047050674302,-36.060470506743016,35.41666666666667,-48.11413163475331,72,-7.730816585692436,-23.730816585692438,41.66666666666667,-25.695245170341828,72,-26.734113072245364,-42.734113072245364,33.33333333333333,-50.235863258100146,36,-9.124958124520527,-25.124958124520525,44.44444444444444,-27.605033279998192,36,-6.336675046864348,-22.336675046864347,38.88888888888889,-19.717951600544126,36,-33.129745952765724,-49.129745952765724,25.0,-52.08371082885188,36,-20.338480191725,-36.338480191725,41.66666666666667,-48.356803910063476,48,-20.06047050674302,-36.060470506743016,35.41666666666667,-48.11413163475331,-33.129745952765724,-49.129745952765724,h1_cost_residual_floor;ex2025_floor;loyo_floor;train_cost_floor;oos_cost_floor;worst_quarter_cost_floor;worst_quarter_slip16_floor,FAIL_BENCHMARK_OR_STABILITY_RESEARCH_ONLY
Stage40_PARALLEL_THESIS_MEGASCAN,RESEARCH_STAGE_ONLY_NO_PROMOTION,NO_GO,NO_GO,NO_GO,NO_GO,FAILED_CONTINUATION_AFTER_EXTREME_MOVE,FAILED_UP_CONT_SHORT_L72_T200,SHORT,"Strong 72H up move, new high attempt fails",8,"{""lookback"": 72, ""move_bps"": 200}",180,127,8.0,-2.7951299583446616,-1.1310753012648225,127,-9.240745248773907,-6.807383679996448,-17.24074524877391,41.732283464566926,-45.317414057046705,31.228415223779614,8.661417322834646,8.661417322834646,-33.240745248773905,-6.445615290429245,-8.109669947509085,-14.445615290429247,-16.109669947509087,57,-3.4616665306793895,75,-12.099308793568746,52,-24.656278597627512,-24.190842369052056,"{""2022"": -17.66194234840821, ""2023"": -18.02500256345166, ""2024"": -24.190842369052056, ""2025"": -12.099308793568746, ""2026"": -13.572857608489501}","{""2022"": -12.799030379903115, ""2023"": -9.724945983112105, ""2024"": 1.7698145213986576, ""2025"": -24.656278597627512, ""2026"": -39.4518426260517}","{""2022"": 11, ""2023"": 12, ""2024"": 34, ""2025"": 52, ""2026"": 18}",85,-10.695384444904587,-26.695384444904587,45.88235294117647,-34.33069825335755,42,-30.487308780414207,-46.48730878041421,33.33333333333333,-56.347397113287734,63,-6.328527283664996,-22.328527283664997,46.03174603174603,-32.57305645637976,64,-27.982459808177996,-43.98245980817799,37.5,-56.347397113287734,31,-3.798445929696472,-19.79844592969647,48.38709677419355,-31.208242109799222,32,-8.779543595322005,-24.779543595322004,43.75,-33.18227076925528,32,-16.878896537939553,-32.87889653793955,43.75,-49.2130590957407,32,-39.08602307841643,-55.08602307841643,31.25,-60.997016750383715,42,-30.487308780414207,-46.48730878041421,33.33333333333333,-56.347397113287734,-39.08602307841643,-55.08602307841643,h1_cost_residual_floor;ex2025_floor;loyo_floor;train_cost_floor;oos_cost_floor;worst_quarter_cost_floor;worst_quarter_slip16_floor,FAIL_BENCHMARK_OR_STABILITY_RESEARCH_ONLY
Stage40_PARALLEL_THESIS_MEGASCAN,RESEARCH_STAGE_ONLY_NO_PROMOTION,NO_GO,NO_GO,NO_GO,NO_GO,FAILED_CONTINUATION_AFTER_EXTREME_MOVE,FAILED_UP_CONT_SHORT_L72_T100,SHORT,"Strong 72H up move, new high attempt fails",4,"{""lookback"": 72, ""move_bps"": 100}",312,274,8.0,-1.3958339209070354,-1.2296768282992119,274,-7.940140990692611,-4.437883927073116,-15.940140990692612,33.941605839416056,-25.144905412791687,20.134129138594805,4.014598540145985,3.64963503649635,-31.940140990692612,-6.544307069785575,-6.710464162393399,-14.544307069785576,-14.7104641623934,136,-7.900766290791538,162,-14.146293490856042,112,-18.534813267241933,-19.09782506099541,"{""2022"": -17.036439078411863, ""2023"": -16.72561307207929, ""2024"": -19.09782506099541, ""2025"": -14.146293490856042, ""2026"": -12.703239118865909}","{""2022"": -4.52036924361706, ""2023"": -11.207168192593384, ""2024"": -7.245695810817775, ""2025"": -18.534813267241933, ""2026"": -46.81520499888576}","{""2022"": 24, ""2023"": 39, ""2024"": 73, ""2025"": 112, ""2026"": 26}",183,-12.412814798061959,-28.41281479806196,35.51912568306011,-21.222613465710083,91,-23.03355520224656,-39.03355520224656,30.76923076923077,-33.585198705339266,137,-8.27514652987642,-24.27514652987642,38.68613138686132,-19.577643524191224,137,-23.605135451508804,-39.6051354515088,29.1970802919708,-32.24999037313658,68,-8.074523579609625,-24.074523579609625,45.588235294117645,-19.625743589035682,69,-8.47286190115384,-24.47286190115384,31.88405797101449,-19.403078671000884,68,-20.452988549568627,-36.45298854956863,30.88235294117647,-29.591920654747916,69,-26.71159906501506,-42.711599065015065,27.536231884057973,-33.585198705339266,91,-23.03355520224656,-39.03355520224656,30.76923076923077,-33.585198705339266,-26.71159906501506,-42.711599065015065,h1_cost_residual_floor;ex2025_floor;loyo_floor;train_cost_floor;oos_cost_floor;worst_quarter_cost_floor;worst_quarter_slip16_floor,FAIL_BENCHMARK_OR_STABILITY_RESEARCH_ONLY
Stage40_PARALLEL_THESIS_MEGASCAN,RESEARCH_STAGE_ONLY_NO_PROMOTION,NO_GO,NO_GO,NO_GO,NO_GO,VOLATILITY_SHOCK_REVERSAL,LOWER_WICK_SHOCK_REV_LONG_M2.5_W1.5,LONG,Large H1 shock with lower-wick rejection,24,"{""range_atr_mult"": 2.5, ""wick_ratio"": 1.5}",55,50,8.0,8.502590481085887,8.612916361476685,50,1.574063141574753,8.271988659670493,-6.425936858425248,50.0,-61.76682610602835,78.72972474915363,26.0,44.0,-22.42593685842525,-6.928527339511135,-7.038853219901933,-14.928527339511135,-15.038853219901934,39,3.410373658317635,44,-0.24078844123430895,6,-51.78369191782546,-16.805779939294005,"{""2022"": -4.509452407921989, ""2023"": -9.954225997166484, ""2024"": -16.805779939294005, ""2025"": -0.24078844123430895, ""2026"": -3.948835085168111}","{""2022"": -18.198627054373816, ""2023"": 1.8067377986376472, ""2024"": 13.723170298555287, ""2025"": -51.78369191782546, ""2026"": -28.71985281773947}","{""2022"": 7, ""2023"": 15, ""2024"": 17, ""2025"": 6, ""2026"": 5}",33,-3.1780744465400304,-19.17807444654003,51.515151515151516,-53.28399629972225,17,-12.730610952084787,-28.73061095208479,47.05882352941176,-68.0294931150427,25,3.210792217073882,-12.789207782926118,48.0,-54.73286960802071,25,-16.062665933924375,-32.06266593392438,52.0,-63.158856990896965,12,-6.447669255840686,-22.447669255840687,41.66666666666667,-60.307597991201554,13,12.126295115148869,-3.873704884851131,53.84615384615385,-47.49574759114306,12,-4.684779743748948,-20.684779743748948,58.333333333333336,-58.221426645309606,13,-26.565330109470914,-42.565330109470914,46.15384615384615,-68.0294931150427,17,-12.730610952084787,-28.73061095208479,47.05882352941176,-68.0294931150427,-26.565330109470914,-42.565330109470914,h1_cost_residual_floor;ex2025_floor;loyo_floor;train_cost_floor;oos_cost_floor;worst_quarter_cost_floor;worst_quarter_slip16_floor,FAIL_BENCHMARK_OR_STABILITY_RESEARCH_ONLY
Stage40_PARALLEL_THESIS_MEGASCAN,RESEARCH_STAGE_ONLY_NO_PROMOTION,NO_GO,NO_GO,NO_GO,NO_GO,VOL_COMPRESSION_EXPANSION,VOL_COMP_EXP_SHORT_L72_Q0.25_M2.0,SHORT,Compressed 72H range then bearish expansion,24,"{""compression_q"": 0.25, ""expansion_mult"": 2.0, ""lookback"": 72}",306,191,8.0,-8.502590481085887,-8.612916361476685,191,-15.488607073646854,-11.856965086520788,-23.488607073646854,39.79057591623037,-59.504672355361606,56.70904028448276,29.31937172774869,24.083769633507853,-39.488607073646854,-6.986016592560967,-6.875690712170169,-14.986016592560967,-14.875690712170169,132,-17.860316061815265,151,-20.825671643398685,40,-33.54118832283369,-26.70296778216164,"{""2022"": -25.404450113367034, ""2023"": -26.70296778216164, ""2024"": -23.318090991410614, ""2025"": -20.825671643398685, ""2026"": -21.507030541121875}","{""2022"": -11.330372398499579, ""2023"": -14.664871795370985, ""2024"": -23.910246840631014, ""2025"": -33.5411883228337, ""2026"": -41.427089368083486}","{""2022"": 26, ""2023"": 51, ""2024"": 55, ""2025"": 40, ""2026"": 19}",127,-17.529919013792373,-33.52991901379237,40.94488188976378,-56.799299072478604,64,-35.31287869242061,-51.31287869242061,37.5,-77.33289675953102,95,-16.08959258205232,-32.08959258205232,42.10526315789473,-51.831165898288404,96,-30.81054849762062,-46.810548497620616,37.5,-74.76144669679607,47,-16.985612788236097,-32.9856127882361,42.5531914893617,-54.24443567528803,48,-15.212239463497369,-31.21223946349737,41.66666666666667,-49.120073864468154,48,-35.06405799394816,-51.06405799394816,31.25,-71.52363812225838,48,-26.557039001293074,-42.55703900129308,43.75,-76.80283725815528,64,-35.31287869242061,-51.31287869242061,37.5,-77.33289675953102,-35.06405799394816,-51.06405799394816,h1_cost_residual_floor;ex2025_floor;loyo_floor;train_cost_floor;oos_cost_floor;worst_quarter_cost_floor;worst_quarter_slip16_floor,FAIL_BENCHMARK_OR_STABILITY_RESEARCH_ONLY
Stage40_PARALLEL_THESIS_MEGASCAN,RESEARCH_STAGE_ONLY_NO_PROMOTION,NO_GO,NO_GO,NO_GO,NO_GO,PULLBACK_CONTINUATION_AFTER_TREND,UPTREND_PULLBACK_CONT_LONG_TL120_T300,LONG,Uptrend 120H then controlled pullback continuation,24,"{""mean_lookback"": 24, ""trend_bps"": 300, ""trend_lookback"": 120}",378,94,8.0,8.502590481085887,8.612916361476685,94,1.4678766441800617,1.7575334625929973,-6.532123355819937,46.808510638297875,-67.63775715240838,68.79577359932944,39.361702127659576,35.1063829787234,-22.532123355819937,-7.0347138369058255,-7.145039717296624,-15.034713836905825,-15.145039717296623,37,4.0248116169119355,58,-10.263828036346473,36,-0.5199324816383069,-10.263828036346473,"{""2022"": -8.99378036413417, ""2023"": -5.690991772166951, ""2024"": -9.708410271971026, ""2025"": -10.263828036346473, ""2026"": 1.7835679518734604}","{""2022"": 24.062756604656865, ""2023"": -11.773020146273186, ""2024"": 7.854587970276177, ""2025"": -0.5199324816383084, ""2026"": -35.43905028256367}","{""2022"": 7, ""2023"": 13, ""2024"": 17, ""2025"": 36, ""2026"": 21}",62,12.363144660534571,-3.636855339465429,53.2258064516129,-60.04784385646889,32,-43.141705137506804,-59.141705137506804,34.375,-105.80396924826596,47,5.789419867507393,-10.210580132492607,53.191489361702125,-55.98443553281762,47,-18.85366657914728,-34.85366657914728,40.42553191489361,-72.28604975255348,23,8.850966383504277,-7.149033616495723,56.52173913043478,-46.20261307943241,24,2.8554377896770404,-13.14456221032296,50.0,-65.21160702422591,23,10.411414182450047,-5.588585817549953,47.82608695652174,-63.104850782360614,24,-46.899368975678044,-62.899368975678044,33.33333333333333,-105.80396924826596,32,-43.141705137506804,-59.141705137506804,34.375,-105.80396924826596,-46.899368975678044,-62.899368975678044,h1_cost_residual_floor;ex2025_floor;loyo_floor;oos_cost_floor;worst_quarter_cost_floor;worst_quarter_slip16_floor,FAIL_BENCHMARK_OR_STABILITY_RESEARCH_ONLY
Stage40_PARALLEL_THESIS_MEGASCAN,RESEARCH_STAGE_ONLY_NO_PROMOTION,NO_GO,NO_GO,NO_GO,NO_GO,FAILED_CONTINUATION_AFTER_EXTREME_MOVE,FAILED_UP_CONT_SHORT_L72_T100,SHORT,"Strong 72H up move, new high attempt fails",8,"{""lookback"": 72, ""move_bps"": 100}",312,229,8.0,-2.7951299583446616,-1.1310753012648225,229,-9.863651362219127,-4.139476711007006,-17.863651362219123,41.04803493449782,-36.033165506561545,28.240508239066877,9.606986899563319,7.860262008733625,-33.86365136221912,-7.068521403874465,-8.732576060954305,-15.068521403874461,-16.7325760609543,118,-9.701288090309864,138,-15.491361899067115,91,-21.46118922941667,-21.23633274833654,"{""2022"": -18.80343268156908, ""2023"": -18.893345098712132, ""2024"": -21.23633274833654, ""2025"": -15.491361899067115, ""2026"": -14.82162782073436}","{""2022"": -8.555341151514781, ""2023"": -12.520375756633786, ""2024"": -8.363932124655056, ""2025"": -21.461189229416675, ""2026"": -49.6527973707349}","{""2022"": 21, ""2023"": 37, ""2024"": 60, ""2025"": 91, ""2026"": 20}",153,-14.297517130169153,-30.297517130169155,43.13725490196079,-29.801449415078896,76,-25.04284264516183,-41.04284264516183,36.84210526315789,-52.2414338702315,114,-9.854899152808828,-25.854899152808827,44.73684210526316,-26.57266243758172,115,-25.802762248069335,-41.802762248069335,37.391304347826086,-46.51424539348747,57,-10.33024220479719,-26.330242204797187,49.122807017543856,-22.32416527034209,57,-9.37955610082047,-25.37955610082047,40.35087719298245,-31.524699304501524,57,-20.838494217684815,-36.83849421768481,42.10526315789473,-43.8652167167386,58,-30.681439450343767,-46.68143945034377,32.758620689655174,-50.80177814927423,76,-25.04284264516183,-41.04284264516183,36.84210526315789,-52.2414338702315,-30.681439450343767,-46.68143945034377,h1_cost_residual_floor;ex2025_floor;loyo_floor;train_cost_floor;oos_cost_floor;worst_quarter_cost_floor;worst_quarter_slip16_floor,FAIL_BENCHMARK_OR_STABILITY_RESEARCH_ONLY
Stage40_PARALLEL_THESIS_MEGASCAN,RESEARCH_STAGE_ONLY_NO_PROMOTION,NO_GO,NO_GO,NO_GO,NO_GO,FALSE_BREAKOUT_SWEEP_REVERSAL,SWEEP_HIGH_REV_SHORT_L72_T3,SHORT,Sweep above prior 72H high by 3bps then close back inside,4,"{""lookback"": 72, ""threshold_bps"": 3}",253,235,8.0,-1.3958339209070354,-1.2296768282992119,235,-8.664148740718785,-6.302804026097064,-16.664148740718787,31.48936170212766,-27.48463619586916,20.79284987235863,3.829787234042553,4.680851063829787,-32.66414874071879,-7.268314819811749,-7.434471912419573,-15.268314819811751,-15.434471912419575,120,-7.871754512301545,146,-14.012674417125185,89,-21.013758305265593,-20.354834426799684,"{""2022"": -18.19134112908447, ""2023"": -17.085048361687225, ""2024"": -20.354834426799684, ""2025"": -14.012674417125185, ""2026"": -13.468110194472837}","{""2022"": -4.8991110821979635, ""2023"": -14.259008049470566, ""2024"": -5.401194146989149, ""2025"": -21.013758305265593, ""2026"": -42.35538167015738}","{""2022"": 27, ""2023"": 35, ""2024"": 58, ""2025"": 89, ""2026"": 26}",157,-12.019909480960537,-28.019909480960536,32.48407643312102,-21.771418902405415,78,-26.012168789206548,-42.01216878920655,29.48717948717949,-40.34869946496377,117,-7.8603718015222945,-23.860371801522295,36.75213675213676,-20.873327848371925,118,-25.393317400769547,-41.39331740076955,26.27118644067797,-33.003871167698314,58,-11.14911220198547,-27.14911220198547,34.48275862068966,-20.715237687269905,59,-4.627372763778829,-20.62737276377883,38.983050847457626,-20.873327848371925,59,-20.53676472060497,-36.53676472060497,25.423728813559322,-31.41592920353986,59,-30.24987008093412,-46.249870080934116,27.11864406779661,-38.98011171489246,78,-26.012168789206548,-42.01216878920655,29.48717948717949,-40.34869946496377,-30.24987008093412,-46.249870080934116,h1_cost_residual_floor;ex2025_floor;loyo_floor;train_cost_floor;oos_cost_floor;worst_quarter_cost_floor;worst_quarter_slip16_floor,FAIL_BENCHMARK_OR_STABILITY_RESEARCH_ONLY
Stage40_PARALLEL_THESIS_MEGASCAN,RESEARCH_STAGE_ONLY_NO_PROMOTION,NO_GO,NO_GO,NO_GO,NO_GO,SESSION_TRANSITION_IMBALANCE,ASIA_COMP_LONDON_BREAKOUT_SHORT_Q0.25,SHORT,Asia compression then London breakout down,72,"{""asia_range_q"": 0.25, ""direction"": ""breakout_down""}",489,122,8.0,-25.002508867881485,-23.30868059339869,122,-32.411926412747725,-26.763110424961045,-40.41192641274772,42.62295081967213,-128.51926878180154,93.8017848987105,59.83606557377049,47.540983606557376,-56.41192641274772,-7.4094175448662405,-9.103245819349034,-15.409417544866233,-17.103245819349027,87,-41.299057809193485,96,-39.0073377981898,26,-45.59809975880776,-59.4223311054555,"{""2022"": -34.10412233855172, ""2023"": -59.4223311054555, ""2024"": -27.90169108806768, ""2025"": -39.0073377981898, ""2026"": -42.288217903794994}","{""2022"": -66.16879304904808, ""2023"": 10.858558970615668, ""2024"": -78.77664807509987, ""2025"": -45.59809975880776, ""2026"": -16.8540443584875}","{""2022"": 24, ""2023"": 33, ""2024"": 30, ""2025"": 26, ""2026"": 9}",81,-40.54479153577472,-56.54479153577472,45.67901234567901,-121.5096840266261,41,-40.14943677945048,-56.14943677945048,36.58536585365854,-135.98221807606726,61,-22.789782859973688,-38.789782859973684,50.81967213114754,-85.24844407742371,61,-58.03406996552178,-74.03406996552178,34.42622950819672,-146.58533189460198,30,-42.913629678844856,-58.913629678844856,46.666666666666664,-112.05843570402774,31,-3.315092390098359,-19.315092390098357,54.83870967741935,-83.62632753558641,30,-81.2950885660439,-97.2950885660439,33.33333333333333,-168.2385061699787,31,-35.52340680372614,-51.52340680372614,35.483870967741936,-135.98221807606726,41,-40.14943677945048,-56.14943677945048,36.58536585365854,-135.98221807606726,-81.2950885660439,-97.2950885660439,h1_cost_residual_floor;ex2025_floor;loyo_floor;train_cost_floor;oos_cost_floor;worst_quarter_cost_floor;worst_quarter_slip16_floor,FAIL_BENCHMARK_OR_STABILITY_RESEARCH_ONLY
Stage40_PARALLEL_THESIS_MEGASCAN,RESEARCH_STAGE_ONLY_NO_PROMOTION,NO_GO,NO_GO,NO_GO,NO_GO,FAILED_CONTINUATION_AFTER_EXTREME_MOVE,FAILED_DOWN_CONT_LONG_L24_T200,LONG,"Strong 24H down move, new low attempt fails",4,"{""lookback"": 24, ""move_bps"": 200}",49,45,8.0,1.3958339209070354,1.2296768282992119,45,-6.065982515100249,17.073109381091633,-14.06598251510025,53.333333333333336,-35.10172887649987,46.76036553245666,22.22222222222222,17.77777777777778,-30.065982515100252,-7.461816436007284,-7.2956593433994605,-15.461816436007286,-15.295659343399462,18,-14.799309128688934,36,-24.699013877290753,9,28.46614293366176,-24.699013877290753,"{""2022"": -14.915847262326363, ""2023"": -11.163294425886553, ""2024"": -16.128218198325804, ""2025"": -24.699013877290753, ""2026"": -0.37749177457203326}","{""2022"": -2.167876053934677, ""2023"": -43.81853542954067, ""2024"": -7.691799494221277, ""2025"": 28.46614293366176, ""2026"": -34.59871862589258}","{""2022"": 3, ""2023"": 4, ""2024"": 11, ""2025"": 9, ""2026"": 18}",30,-4.506811456227362,-20.50681145622736,60.0,-31.328159445952465,15,-33.184324632846035,-49.184324632846035,40.0,-59.13362275378642,22,-9.225431865067195,-25.225431865067193,54.54545454545454,-28.598386585760302,23,-18.69607444121883,-34.696074441218826,52.17391304347826,-59.13362275378642,11,-27.084172661158014,-43.084172661158014,54.54545454545454,-28.36415500018785,11,8.633308931023631,-7.366691068976369,54.54545454545454,-33.82370072057217,11,10.935688256076702,-5.064311743923298,72.72727272727273,-59.13362275378642,12,-45.858523580406406,-61.858523580406406,33.33333333333333,-60.077173240620226,15,-33.184324632846035,-49.184324632846035,40.0,-59.13362275378642,-45.858523580406406,-61.858523580406406,h1_cost_residual_floor;ex2025_floor;loyo_floor;train_cost_floor;oos_cost_floor;worst_quarter_cost_floor;worst_quarter_slip16_floor,FAIL_BENCHMARK_OR_STABILITY_RESEARCH_ONLY
Stage40_PARALLEL_THESIS_MEGASCAN,RESEARCH_STAGE_ONLY_NO_PROMOTION,NO_GO,NO_GO,NO_GO,NO_GO,VOL_COMPRESSION_EXPANSION,VOL_COMP_EXP_SHORT_L72_Q0.25_M1.5,SHORT,Compressed 72H range then bearish expansion,24,"{""compression_q"": 0.25, ""expansion_mult"": 1.5, ""lookback"": 72}",616,266,8.0,-8.502590481085887,-8.612916361476685,266,-16.004805334040906,-6.650369623820707,-24.004805334040906,41.72932330827068,-61.91890878519901,54.09031694254884,28.57142857142857,23.684210526315788,-40.00480533404091,-7.502214852955019,-7.391888972564221,-15.502214852955019,-15.391888972564221,177,-17.951074923212065,206,-19.377054024501323,60,-39.89341816346014,-28.303798991593563,"{""2022"": -26.947504481332537, ""2023"": -28.303798991593563, ""2024"": -21.679992738749952, ""2025"": -19.377054024501323, ""2026"": -23.50609852833816}","{""2022"": -7.3785551518431785, ""2023"": -10.977551826305577, ""2024"": -30.38985401124846, ""2025"": -39.89341816346015, ""2026"": -28.080443711680562}","{""2022"": 40, ""2023"": 66, ""2024"": 71, ""2025"": 60, ""2026"": 29}",178,-17.841053780856196,-33.8410537808562,43.258426966292134,-57.41871082080796,88,-36.47239370298269,-52.47239370298269,38.63636363636363,-81.99413052409565,133,-17.760640606390414,-33.76064060639041,43.609022556390975,-52.51416702992451,133,-30.248970061691395,-46.248970061691395,39.849624060150376,-72.10207317165818,66,-6.364687299760105,-22.364687299760106,46.96969696969697,-56.99511814011515,67,-28.986505057697883,-44.98650505769788,40.298507462686565,-51.831165898288404,66,-26.754345346651746,-42.754345346651746,40.909090909090914,-69.37564181319078,67,-33.691436198894635,-49.691436198894635,38.80597014925373,-80.23391197699014,88,-36.47239370298269,-52.47239370298269,38.63636363636363,-81.99413052409565,-33.691436198894635,-49.691436198894635,h1_cost_residual_floor;ex2025_floor;loyo_floor;train_cost_floor;oos_cost_floor;worst_quarter_cost_floor;worst_quarter_slip16_floor,FAIL_BENCHMARK_OR_STABILITY_RESEARCH_ONLY
Stage40_PARALLEL_THESIS_MEGASCAN,RESEARCH_STAGE_ONLY_NO_PROMOTION,NO_GO,NO_GO,NO_GO,NO_GO,FALSE_BREAKOUT_SWEEP_REVERSAL,SWEEP_HIGH_REV_SHORT_L72_T3,SHORT,Sweep above prior 72H high by 3bps then close back inside,24,"{""lookback"": 72, ""threshold_bps"": 3}",253,169,8.0,-8.502590481085887,-8.612916361476685,169,-16.04469613225625,-10.231410430021626,-24.04469613225625,38.46153846153847,-71.8334420537503,49.284093154721155,33.13609467455622,24.85207100591716,-40.04469613225625,-7.5421056511703615,-7.431779770779563,-15.542105651170361,-15.431779770779563,95,-2.5043564560521117,112,-5.272731148583428,57,-60.92996066157828,-32.04841532245833,"{""2022"": -25.393953622902874, ""2023"": -32.04841532245833, ""2024"": -29.915648390511357, ""2025"": -5.272731148583428, ""2026"": -24.413958033124427}","{""2022"": -15.029202899299243, ""2023"": 10.221226650796396, ""2024"": -5.715869569898825, ""2025"": -60.92996066157828, ""2026"": -20.74306031272902}","{""2022"": 22, ""2023"": 32, ""2024"": 41, ""2025"": 57, ""2026"": 17}",113,-9.889502201476935,-25.889502201476937,41.5929203539823,-64.94659239733025,56,-52.60785531400735,-68.60785531400735,32.142857142857146,-91.15565509507873,84,-0.5895665407278269,-16.589566540727827,45.23809523809524,-50.25962290669206,85,-47.22388302270786,-63.22388302270786,31.76470588235294,-86.02932267054442,42,2.644298866248966,-13.355701133751033,42.857142857142854,-46.18691362825555,42,-3.8234319477046186,-19.82343194770462,47.61904761904761,-54.19500343877171,42,-45.59937290184166,-61.59937290184166,30.952380952380953,-86.45369715405639,43,-48.81061383843765,-64.81061383843765,32.55813953488372,-86.02932267054442,56,-52.60785531400735,-68.60785531400735,32.142857142857146,-91.15565509507873,-48.81061383843765,-64.81061383843765,h1_cost_residual_floor;ex2025_floor;loyo_floor;train_cost_floor;oos_cost_floor;worst_quarter_cost_floor;worst_quarter_slip16_floor,FAIL_BENCHMARK_OR_STABILITY_RESEARCH_ONLY
Stage40_PARALLEL_THESIS_MEGASCAN,RESEARCH_STAGE_ONLY_NO_PROMOTION,NO_GO,NO_GO,NO_GO,NO_GO,SESSION_TRANSITION_IMBALANCE,LONDON_FALSE_ASIA_LOW_LONG_Q0.25,LONG,London false break below Asia low,24,"{""asia_range_q"": 0.25, ""direction"": ""false_down""}",673,353,8.0,8.502590481085887,8.612916361476685,353,0.915549896389733,-0.20402542156738868,-7.084450103610266,44.759206798866856,-59.404291996827396,57.20296058729035,25.77903682719547,26.345609065155806,-23.084450103610266,-7.587040584696155,-7.697366465086953,-15.587040584696153,-15.69736646508695,238,-2.720673219987335,266,-8.593776444756358,87,-2.469728187002678,-9.95525485438964,"{""2022"": -7.687602969231514, ""2023"": -9.95525485438964, ""2024"": -7.524893922458399, ""2025"": -8.593776444756358, ""2026"": -2.65349716500375}","{""2022"": -4.197226550144618, ""2023"": 0.8255331990690703, ""2024"": -5.651681054345259, ""2025"": -2.469728187002676, ""2026"": -58.51515385529304}","{""2022"": 61, ""2023"": 94, ""2024"": 83, ""2025"": 87, ""2026"": 28}",236,-2.0197791288054594,-18.01977912880546,45.33898305084746,-50.609829607881075,117,-17.300367625438767,-33.30036762543877,43.58974358974359,-85.84336114610846,176,-0.5715680594264781,-16.57156805942648,42.61363636363637,-52.05051222083201,177,-13.560536204041604,-29.560536204041604,46.89265536723164,-71.39766334919972,88,-1.9518799557641364,-17.951879955764138,42.04545454545455,-61.09258937507967,88,0.8087438369111801,-15.19125616308882,43.18181818181818,-42.62097438522461,88,-4.653972709175065,-20.653972709175065,52.27272727272727,-58.056441703048804,89,-22.367025951774806,-38.36702595177481,41.57303370786517,-85.84336114610846,117,-17.300367625438767,-33.30036762543877,43.58974358974359,-85.84336114610846,-22.367025951774806,-38.36702595177481,h1_cost_residual_floor;ex2025_floor;loyo_floor;train_cost_floor;oos_cost_floor;worst_quarter_cost_floor;worst_quarter_slip16_floor,FAIL_BENCHMARK_OR_STABILITY_RESEARCH_ONLY
Stage40_PARALLEL_THESIS_MEGASCAN,RESEARCH_STAGE_ONLY_NO_PROMOTION,NO_GO,NO_GO,NO_GO,NO_GO,SESSION_TRANSITION_IMBALANCE,LONDON_FALSE_ASIA_LOW_LONG_Q0.4,LONG,London false break below Asia low,24,"{""asia_range_q"": 0.4, ""direction"": ""false_down""}",673,353,8.0,8.502590481085887,8.612916361476685,353,0.915549896389733,-0.20402542156738868,-7.084450103610266,44.759206798866856,-59.404291996827396,57.20296058729035,25.77903682719547,26.345609065155806,-23.084450103610266,-7.587040584696155,-7.697366465086953,-15.587040584696153,-15.69736646508695,238,-2.720673219987335,266,-8.593776444756358,87,-2.469728187002678,-9.95525485438964,"{""2022"": -7.687602969231514, ""2023"": -9.95525485438964, ""2024"": -7.524893922458399, ""2025"": -8.593776444756358, ""2026"": -2.65349716500375}","{""2022"": -4.197226550144618, ""2023"": 0.8255331990690703, ""2024"": -5.651681054345259, ""2025"": -2.469728187002676, ""2026"": -58.51515385529304}","{""2022"": 61, ""2023"": 94, ""2024"": 83, ""2025"": 87, ""2026"": 28}",236,-2.0197791288054594,-18.01977912880546,45.33898305084746,-50.609829607881075,117,-17.300367625438767,-33.30036762543877,43.58974358974359,-85.84336114610846,176,-0.5715680594264781,-16.57156805942648,42.61363636363637,-52.05051222083201,177,-13.560536204041604,-29.560536204041604,46.89265536723164,-71.39766334919972,88,-1.9518799557641364,-17.951879955764138,42.04545454545455,-61.09258937507967,88,0.8087438369111801,-15.19125616308882,43.18181818181818,-42.62097438522461,88,-4.653972709175065,-20.653972709175065,52.27272727272727,-58.056441703048804,89,-22.367025951774806,-38.36702595177481,41.57303370786517,-85.84336114610846,117,-17.300367625438767,-33.30036762543877,43.58974358974359,-85.84336114610846,-22.367025951774806,-38.36702595177481,h1_cost_residual_floor;ex2025_floor;loyo_floor;train_cost_floor;oos_cost_floor;worst_quarter_cost_floor;worst_quarter_slip16_floor,FAIL_BENCHMARK_OR_STABILITY_RESEARCH_ONLY
Stage40_PARALLEL_THESIS_MEGASCAN,RESEARCH_STAGE_ONLY_NO_PROMOTION,NO_GO,NO_GO,NO_GO,NO_GO,VOL_COMPRESSION_EXPANSION,VOL_COMP_EXP_SHORT_L120_Q0.15_M1.5,SHORT,Compressed 120H range then bearish expansion,72,"{""compression_q"": 0.15, ""expansion_mult"": 1.5, ""lookback"": 120}",391,102,8.0,-25.002508867881485,-23.30868059339869,102,-33.129114698682436,-19.29122002545469,-41.12911469868244,41.17647058823529,-111.43604303437304,88.7823409564381,55.88235294117647,43.13725490196079,-57.12911469868244,-8.126605830800951,-9.820434105283745,-16.12660583080096,-17.820434105283752,65,-26.948198986998843,78,-23.8877124679532,24,-97.16367194855248,-51.891837325958505,"{""2022"": -47.65204154816425, ""2023"": -51.891837325958505, ""2024"": -34.80032938558741, ""2025"": -23.8877124679532, ""2026"": -45.882708549665}","{""2022"": -0.12786021622532523, ""2023"": -7.979929006672164, ""2024"": -59.6286409984987, ""2025"": -97.16367194855248, ""2026"": -8.585279872724946}","{""2022"": 14, ""2023"": 25, ""2024"": 26, ""2025"": 24, ""2026"": 13}",68,-28.848498994288747,-44.84849899428875,42.64705882352941,-98.16736843829665,34,-65.69034610746982,-81.69034610746982,38.23529411764706,-174.44731983172312,51,-8.960282928119806,-24.960282928119806,50.98039215686274,-88.29632912922713,51,-73.29794646924506,-89.29794646924506,31.372549019607842,-164.86908960577696,25,14.647938545137647,-1.352061454862353,52.0,-88.29632912922713,26,-31.660495883175038,-47.66049588317504,50.0,-83.50706255093488,25,-85.86485983134409,-101.86485983134409,24.0,-122.55402262967064,26,-61.21437592876522,-77.21437592876522,38.46153846153847,-174.44731983172312,34,-65.69034610746982,-81.69034610746982,38.23529411764706,-174.44731983172312,-85.86485983134409,-101.86485983134409,h1_cost_residual_floor;ex2025_floor;loyo_floor;train_cost_floor;oos_cost_floor;worst_quarter_cost_floor;worst_quarter_slip16_floor,FAIL_BENCHMARK_OR_STABILITY_RESEARCH_ONLY
Stage40_PARALLEL_THESIS_MEGASCAN,RESEARCH_STAGE_ONLY_NO_PROMOTION,NO_GO,NO_GO,NO_GO,NO_GO,FAILED_CONTINUATION_AFTER_EXTREME_MOVE,FAILED_DOWN_CONT_LONG_L24_T100,LONG,"Strong 24H down move, new low attempt fails",72,"{""lookback"": 24, ""move_bps"": 100}",159,90,8.0,25.002508867881485,23.30868059339869,90,16.783653550704077,25.273849471028065,8.783653550704075,54.44444444444444,-92.1812910978409,135.65173696970191,48.888888888888886,65.55555555555556,-7.216346449295925,-8.218855317177407,-6.525027042694614,-16.218855317177407,-14.525027042694616,56,5.707499554220988,74,8.37848576882929,16,10.65755454187497,6.557097661744386,"{""2022"": 7.0315141379312065, ""2023"": 14.75162563181074, ""2024"": 6.557097661744386, ""2025"": 8.37848576882929, ""2026"": 6.8075117736996535}","{""2022"": 15.79221120179557, ""2023"": -21.056206854829224, ""2024"": 15.269707662021455, ""2025"": 10.657554541874973, ""2026"": 16.688220658721786}","{""2022"": 18, ""2023"": 15, ""2024"": 23, ""2025"": 16, ""2026"": 18}",60,4.649472367195767,-11.350527632804233,51.66666666666667,-81.77406869094739,30,17.052015917720706,1.0520159177207056,60.0,-214.35584997095805,45,4.316136085577344,-11.683863914422655,48.888888888888886,-82.91591086851513,45,13.251171015830813,-2.7488289841691866,60.0,-147.4060796120058,22,5.7418717861245945,-10.258128213875406,50.0,-81.9442653754332,23,2.9523888937495353,-13.047611106250464,47.82608695652174,-82.91591086851513,22,41.7932075393242,25.7932075393242,63.63636363636363,-64.4159887351614,23,-14.049907397945477,-30.049907397945475,56.52173913043478,-235.98211059922437,30,17.052015917720706,1.0520159177207056,60.0,-214.35584997095805,-14.049907397945477,-30.049907397945475,h1_cost_residual_floor;worst_quarter_cost_floor;worst_quarter_slip16_floor,FAIL_BENCHMARK_OR_STABILITY_RESEARCH_ONLY
Stage40_PARALLEL_THESIS_MEGASCAN,RESEARCH_STAGE_ONLY_NO_PROMOTION,NO_GO,NO_GO,NO_GO,NO_GO,PULLBACK_CONTINUATION_AFTER_TREND,DOWNTREND_PULLBACK_CONT_SHORT_TL72_T300,SHORT,Downtrend 72H then controlled pullback continuation,4,"{""mean_lookback"": 24, ""trend_bps"": 300, ""trend_lookback"": 72}",135,83,8.0,-1.3958339209070354,-1.2296768282992119,83,-9.831715179197747,-8.099491627653332,-17.831715179197747,40.963855421686745,-43.87712004355615,31.592444250571063,20.481927710843372,19.27710843373494,-33.831715179197744,-8.435881258290712,-8.602038350898535,-16.435881258290713,-16.602038350898535,23,-10.737113708137928,58,-27.076133433027703,25,3.6153351696877563,-27.076133433027703,"{""2022"": -17.650709241573793, ""2023"": -17.559196490501883, ""2024"": -20.625655302432932, ""2025"": -27.076133433027703, ""2026"": -3.2618799176037165}","{""2022"": -20.154624712038544, ""2023"": -22.08300672285323, ""2024"": -1.300902783389579, ""2025"": 3.615335169687759, ""2026"": -37.813203537955275}","{""2022"": 6, ""2023"": 5, ""2024"": 12, ""2025"": 25, ""2026"": 35}",55,-3.3610353129376445,-19.361035312937645,43.63636363636363,-32.37325464537033,28,-46.25626491649439,-62.25626491649439,35.714285714285715,-65.14583249819017,41,-2.2302279093811683,-18.230227909381167,39.02439024390244,-30.55196504684332,42,-33.06173846639964,-49.06173846639964,42.857142857142854,-61.144383172015985,20,-16.41759077692833,-32.41759077692833,30.0,-29.952813699153367,21,11.281546250187558,-4.718453749812442,47.61904761904761,-35.23478117282597,21,-4.934744985995768,-20.934744985995767,52.38095238095239,-59.64700286665625,21,-61.188731946803536,-77.18873194680353,33.33333333333333,-90.27134231570867,28,-46.25626491649439,-62.25626491649439,35.714285714285715,-65.14583249819017,-61.188731946803536,-77.18873194680353,h1_cost_residual_floor;ex2025_floor;loyo_floor;train_cost_floor;oos_cost_floor;worst_quarter_cost_floor;worst_quarter_slip16_floor,FAIL_BENCHMARK_OR_STABILITY_RESEARCH_ONLY
Stage40_PARALLEL_THESIS_MEGASCAN,RESEARCH_STAGE_ONLY_NO_PROMOTION,NO_GO,NO_GO,NO_GO,NO_GO,FAILED_CONTINUATION_AFTER_EXTREME_MOVE,FAILED_UP_CONT_SHORT_L72_T200,SHORT,"Strong 72H up move, new high attempt fails",4,"{""lookback"": 72, ""move_bps"": 200}",180,160,8.0,-1.3958339209070354,-1.2296768282992119,160,-9.878560499068142,-9.489008694991696,-17.87856049906814,36.25,-27.777231602000853,25.211860154522594,3.75,3.75,-33.87856049906814,-8.482726578161106,-8.64888367076893,-16.482726578161106,-16.648883670768928,66,-4.563303799702037,90,-16.12546104710492,70,-20.13254550873513,-23.12466688478304,"{""2022"": -18.70597838020439, ""2023"": -18.746608912760596, ""2024"": -23.12466688478304, ""2025"": -16.12546104710492, ""2026"": -12.576884091116133}","{""2022"": -9.249774024361582, ""2023"": -7.172630063527893, ""2024"": -2.140241341923441, ""2025"": -20.132545508735138, ""2026"": -47.921393477462864}","{""2022"": 14, ""2023"": 12, ""2024"": 40, ""2025"": 70, ""2026"": 24}",107,-11.755547899356174,-27.755547899356174,39.25233644859813,-23.030506201808798,53,-30.240114238109282,-46.240114238109285,30.18867924528302,-35.75989138280056,80,-6.13105042714499,-22.13105042714499,43.75,-21.385296817443276,80,-29.626070570991295,-45.626070570991295,28.749999999999996,-39.371800129434085,40,-4.491205943304951,-20.49120594330495,45.0,-26.779437322161925,40,-7.7708949109850325,-23.77089491098503,42.5,-18.36926539090733,40,-19.115110812993542,-35.11511081299354,30.0,-32.18430757905399,40,-40.13703032898904,-56.13703032898904,27.500000000000004,-48.9218438349115,53,-30.240114238109282,-46.240114238109285,30.18867924528302,-35.75989138280056,-40.13703032898904,-56.13703032898904,h1_cost_residual_floor;ex2025_floor;loyo_floor;train_cost_floor;oos_cost_floor;worst_quarter_cost_floor;worst_quarter_slip16_floor,FAIL_BENCHMARK_OR_STABILITY_RESEARCH_ONLY
Stage40_PARALLEL_THESIS_MEGASCAN,RESEARCH_STAGE_ONLY_NO_PROMOTION,NO_GO,NO_GO,NO_GO,NO_GO,FAILED_CONTINUATION_AFTER_EXTREME_MOVE,FAILED_UP_CONT_SHORT_L24_T200,SHORT,"Strong 24H up move, new high attempt fails",24,"{""lookback"": 24, ""move_bps"": 200}",66,40,8.0,-8.502590481085887,-8.612916361476685,40,-16.991344698674858,3.539491945704354,-24.99134469867486,45.0,-98.09578158366028,73.22631128916123,50.0,32.5,-40.991344698674865,-8.488754217588971,-8.378428337198173,-16.488754217588976,-16.378428337198176,11,20.573783070684883,22,1.6682066216717437,18,-57.57524075687627,-34.587230403501266,"{""2022"": -28.135203210532453, ""2023"": -26.142307230089262, ""2024"": -34.587230403501266, ""2025"": 1.6682066216717437, ""2026"": -27.932507580904794}","{""2022"": 3.30338190804353, ""2023"": -10.796140144563827, ""2024"": 61.37162664476276, ""2025"": -57.575240756876255, ""2026"": -17.2373698273414}","{""2022"": 4, ""2023"": 3, ""2024"": 4, ""2025"": 18, ""2026"": 11}",26,-26.59378423128495,-42.59378423128495,42.30769230769231,-99.3314989235905,14,-22.0153855666847,-38.0153855666847,50.0,-93.76255722875038,20,-27.741579759059494,-43.74157975905949,40.0,-106.81977529810928,20,-22.24110963829023,-38.241109638290226,50.0,-82.01285431976513,10,22.808903699253154,6.808903699253154,60.0,-56.33745832467562,10,-78.29206321737213,-94.29206321737213,20.0,-152.42504216537276,10,-25.589011575204545,-41.589011575204545,50.0,-82.01285431976513,10,-18.89320770137592,-34.89320770137592,50.0,-113.80184668137838,14,-22.0153855666847,-38.0153855666847,50.0,-93.76255722875038,-78.29206321737213,-94.29206321737213,h1_cost_residual_floor;ex2025_floor;loyo_floor;train_cost_floor;oos_cost_floor;worst_quarter_cost_floor;worst_quarter_slip16_floor,FAIL_BENCHMARK_OR_STABILITY_RESEARCH_ONLY
Stage40_PARALLEL_THESIS_MEGASCAN,RESEARCH_STAGE_ONLY_NO_PROMOTION,NO_GO,NO_GO,NO_GO,NO_GO,SESSION_TRANSITION_IMBALANCE,ASIA_COMP_LONDON_BREAKOUT_SHORT_Q0.4,SHORT,Asia compression then London breakout down,72,"{""asia_range_q"": 0.4, ""direction"": ""breakout_down""}",586,141,8.0,-25.002508867881485,-23.30868059339869,141,-33.635512507017246,-28.45480692110769,-41.63551250701724,41.13475177304964,-126.74271229404343,93.47066088886025,58.86524822695035,46.808510638297875,-57.63551250701724,-8.633003639135762,-10.326831913618555,-16.633003639135755,-18.32683191361855,100,-47.66986862115556,111,-39.381520117045405,30,-49.975284349913004,-55.39710690712089,"{""2022"": -38.20033367054382, ""2023"": -55.39710690712089, ""2024"": -26.537308274620653, ""2025"": -39.381520117045405, ""2026"": -48.20188763548421}","{""2022"": -56.13960092768281, ""2023"": -5.643650229823051, ""2024"": -89.15044935603007, ""2025"": -49.975284349913004, ""2026"": 35.96710264759235}","{""2022"": 27, ""2023"": 39, ""2024"": 34, ""2025"": 30, ""2026"": 11}",94,-47.42656326716464,-63.42656326716464,42.5531914893617,-120.53267557676217,47,-30.05341098672244,-46.05341098672244,38.297872340425535,-130.6528153292108,70,-27.09042501888704,-43.09042501888704,50.0,-92.52201942164916,71,-55.97573960799066,-71.97573960799066,32.3943661971831,-146.58533189460198,35,-49.836021162563746,-65.83602116256375,42.857142857142854,-102.60718738142938,35,-4.344828875210333,-20.344828875210332,57.14285714285714,-85.24844407742371,35,-92.53015667487367,-108.53015667487367,25.71428571428571,-181.9243156199679,36,-20.436723015187777,-36.43672301518778,38.88888888888889,-130.47432029938523,47,-30.05341098672244,-46.05341098672244,38.297872340425535,-130.6528153292108,-92.53015667487367,-108.53015667487367,h1_cost_residual_floor;ex2025_floor;loyo_floor;train_cost_floor;oos_cost_floor;worst_quarter_cost_floor;worst_quarter_slip16_floor,FAIL_BENCHMARK_OR_STABILITY_RESEARCH_ONLY
Stage40_PARALLEL_THESIS_MEGASCAN,RESEARCH_STAGE_ONLY_NO_PROMOTION,NO_GO,NO_GO,NO_GO,NO_GO,SESSION_TRANSITION_IMBALANCE,LONDON_FALSE_ASIA_HIGH_SHORT_Q0.25,SHORT,London false break above Asia high,72,"{""asia_range_q"": 0.25, ""direction"": ""false_up""}",736,225,8.0,-25.002508867881485,-23.30868059339869,225,-33.64187619943372,-26.12134301197999,-41.64187619943372,42.22222222222222,-116.38858406850305,92.32386831781736,57.333333333333336,46.666666666666664,-57.64187619943372,-8.639367331552233,-10.333195606035027,-16.639367331552233,-18.333195606035027,151,-23.138003356771137,173,-25.37886860967651,52,-95.74765144997211,-52.03694746813407,"{""2022"": -46.29500050966677, ""2023"": -52.03694746813407, ""2024"": -42.63701613287484, ""2025"": -25.37886860967651, ""2026"": -41.73751912448765}","{""2022"": -18.743606567497384, ""2023"": -10.271036120677282, ""2024"": -38.70883218508094, ""2025"": -95.74765144997211, ""2026"": -40.759352845527026}","{""2022"": 38, ""2023"": 56, ""2024"": 57, ""2025"": 52, ""2026"": 22}",150,-23.378962819348317,-39.37896281934832,43.333333333333336,-110.26179258500247,75,-78.16770295960451,-94.16770295960451,40.0,-141.711279861112,112,-19.07894085317678,-35.078940853176775,44.642857142857146,-103.33882502876257,113,-64.00513955147599,-80.00513955147599,39.823008849557525,-133.78129798264027,56,-10.471224691806352,-26.471224691806352,51.78571428571429,-100.71292083368434,56,-27.686657014547198,-43.686657014547194,37.5,-107.46237000900938,56,-60.6368350455474,-76.6368350455474,33.92857142857143,-131.50796126670474,57,-67.31435099589707,-83.31435099589707,45.614035087719294,-141.711279861112,75,-78.16770295960451,-94.16770295960451,40.0,-141.711279861112,-67.31435099589707,-83.31435099589707,h1_cost_residual_floor;ex2025_floor;loyo_floor;train_cost_floor;oos_cost_floor;worst_quarter_cost_floor;worst_quarter_slip16_floor,FAIL_BENCHMARK_OR_STABILITY_RESEARCH_ONLY
Stage40_PARALLEL_THESIS_MEGASCAN,RESEARCH_STAGE_ONLY_NO_PROMOTION,NO_GO,NO_GO,NO_GO,NO_GO,SESSION_TRANSITION_IMBALANCE,LONDON_FALSE_ASIA_HIGH_SHORT_Q0.4,SHORT,London false break above Asia high,72,"{""asia_range_q"": 0.4, ""direction"": ""false_up""}",736,225,8.0,-25.002508867881485,-23.30868059339869,225,-33.64187619943372,-26.12134301197999,-41.64187619943372,42.22222222222222,-116.38858406850305,92.32386831781736,57.333333333333336,46.666666666666664,-57.64187619943372,-8.639367331552233,-10.333195606035027,-16.639367331552233,-18.333195606035027,151,-23.138003356771137,173,-25.37886860967651,52,-95.74765144997211,-52.03694746813407,"{""2022"": -46.29500050966677, ""2023"": -52.03694746813407, ""2024"": -42.63701613287484, ""2025"": -25.37886860967651, ""2026"": -41.73751912448765}","{""2022"": -18.743606567497384, ""2023"": -10.271036120677282, ""2024"": -38.70883218508094, ""2025"": -95.74765144997211, ""2026"": -40.759352845527026}","{""2022"": 38, ""2023"": 56, ""2024"": 57, ""2025"": 52, ""2026"": 22}",150,-23.378962819348317,-39.37896281934832,43.333333333333336,-110.26179258500247,75,-78.16770295960451,-94.16770295960451,40.0,-141.711279861112,112,-19.07894085317678,-35.078940853176775,44.642857142857146,-103.33882502876257,113,-64.00513955147599,-80.00513955147599,39.823008849557525,-133.78129798264027,56,-10.471224691806352,-26.471224691806352,51.78571428571429,-100.71292083368434,56,-27.686657014547198,-43.686657014547194,37.5,-107.46237000900938,56,-60.6368350455474,-76.6368350455474,33.92857142857143,-131.50796126670474,57,-67.31435099589707,-83.31435099589707,45.614035087719294,-141.711279861112,75,-78.16770295960451,-94.16770295960451,40.0,-141.711279861112,-67.31435099589707,-83.31435099589707,h1_cost_residual_floor;ex2025_floor;loyo_floor;train_cost_floor;oos_cost_floor;worst_quarter_cost_floor;worst_quarter_slip16_floor,FAIL_BENCHMARK_OR_STABILITY_RESEARCH_ONLY
Stage40_PARALLEL_THESIS_MEGASCAN,RESEARCH_STAGE_ONLY_NO_PROMOTION,NO_GO,NO_GO,NO_GO,NO_GO,FALSE_BREAKOUT_SWEEP_REVERSAL,SWEEP_LOW_REV_LONG_L72_T3,LONG,Sweep below prior 72H low by 3bps then close back inside,24,"{""lookback"": 72, ""threshold_bps"": 3}",183,128,8.0,8.502590481085887,8.612916361476685,128,-0.1594312630685879,-1.94267080608157,-8.159431263068589,46.09375,-58.25778651763258,63.40291300695023,27.34375,28.125,-24.15943126306859,-8.662021744154476,-8.772347624545272,-16.662021744154476,-16.772347624545276,90,-2.487239853084761,106,-8.93360370570629,22,-4.429327675814217,-12.102990241255407,"{""2022"": -9.845291006416968, ""2023"": -7.783246931414875, ""2024"": -12.102990241255407, ""2025"": -8.93360370570629, ""2026"": -2.8687213896923316}","{""2022"": -2.652289434797219, ""2023"": -9.443646740093333, ""2024"": 4.180091991257895, ""2025"": -4.429327675814219, ""2026"": -45.19440037670239}","{""2022"": 30, ""2023"": 29, ""2024"": 31, ""2025"": 22, ""2026"": 16}",85,-2.6508731418160987,-18.6508731418161,43.529411764705884,-53.15444712846285,43,-19.048441502753747,-35.04844150275375,51.162790697674424,-85.29890265165375,64,-6.209654608733749,-22.20965460873375,42.1875,-47.032532216670916,64,-10.109207917403433,-26.10920791740343,50.0,-82.24756580191172,32,-2.557787420102894,-18.557787420102894,50.0,-53.94365836824178,32,-9.8615217973646,-25.861521797364603,34.375,-45.19041566438342,32,3.448503052415743,-12.551496947584257,53.125,-61.15284170147839,32,-23.666918887222604,-39.66691888722261,46.875,-90.4479330107061,43,-19.048441502753747,-35.04844150275375,51.162790697674424,-85.29890265165375,-23.666918887222604,-39.66691888722261,h1_cost_residual_floor;ex2025_floor;loyo_floor;train_cost_floor;oos_cost_floor;worst_quarter_cost_floor;worst_quarter_slip16_floor,FAIL_BENCHMARK_OR_STABILITY_RESEARCH_ONLY
Stage40_PARALLEL_THESIS_MEGASCAN,RESEARCH_STAGE_ONLY_NO_PROMOTION,NO_GO,NO_GO,NO_GO,NO_GO,FALSE_BREAKOUT_SWEEP_REVERSAL,SWEEP_HIGH_REV_SHORT_L24_T8,SHORT,Sweep above prior 24H high by 8bps then close back inside,72,"{""lookback"": 24, ""threshold_bps"": 8}",195,120,8.0,-25.002508867881485,-23.30868059339869,120,-33.67390005089124,-36.528949612633085,-41.673900050891234,42.5,-140.11855945273322,107.47404356746482,64.16666666666667,52.5,-57.673900050891234,-8.671391183009757,-10.36521945749255,-16.67139118300975,-18.365219457492543,63,-50.81114577604661,83,-28.141237422836284,37,-72.03095405436586,-58.662474839024746,"{""2022"": -36.885136426890476, ""2023"": -43.46189438224485, ""2024"": -38.82517644979094, ""2025"": -28.141237422836284, ""2026"": -58.662474839024746}","{""2022"": -68.81022725356218, ""2023"": -32.16929860527468, ""2024"": -51.97313153179227, ""2025"": -72.03095405436586, ""2026"": 43.268973889776305}","{""2022"": 18, ""2023"": 19, ""2024"": 26, ""2025"": 37, ""2026"": 20}",80,-58.68756676073822,-74.68756676073822,40.0,-144.5124094897199,40,-7.646566631197283,-23.64656663119728,47.5,-131.89060368562488,60,-41.87112760300242,-57.87112760300242,46.666666666666664,-133.9877334669859,60,-41.47667249878004,-57.47667249878004,38.333333333333336,-151.17155265027105,30,-42.2572095797706,-58.2572095797706,50.0,-109.56067956109261,30,-41.48504562623426,-57.48504562623426,43.333333333333336,-149.61774378093207,30,-73.24111050882739,-89.24111050882739,33.33333333333333,-144.49615533381532,30,-9.712234488732697,-25.712234488732697,43.333333333333336,-174.48235807483337,40,-7.646566631197283,-23.64656663119728,47.5,-131.89060368562488,-73.24111050882739,-89.24111050882739,h1_cost_residual_floor;ex2025_floor;loyo_floor;train_cost_floor;oos_cost_floor;worst_quarter_cost_floor;worst_quarter_slip16_floor;stop100_cap,FAIL_BENCHMARK_OR_STABILITY_RESEARCH_ONLY
Stage40_PARALLEL_THESIS_MEGASCAN,RESEARCH_STAGE_ONLY_NO_PROMOTION,NO_GO,NO_GO,NO_GO,NO_GO,VOLATILITY_SHOCK_REVERSAL,UPPER_WICK_SHOCK_REV_SHORT_M2.0_W1.0,SHORT,Large H1 shock with upper-wick rejection,72,"{""range_atr_mult"": 2.0, ""wick_ratio"": 1.0}",159,111,8.0,-25.002508867881485,-23.30868059339869,111,-33.68184010928896,-27.103267333241643,-41.68184010928897,38.73873873873874,-126.00821256322448,102.6329233608092,58.55855855855856,50.45045045045045,-57.68184010928897,-8.679331241407478,-10.373159515890272,-16.679331241407485,-18.37315951589028,81,-44.72093090088024,90,-33.158719794110674,21,-78.20949860291019,-51.61563601600407,"{""2022"": -47.67784300195306, ""2023"": -48.736578588057014, ""2024"": -24.951927022046164, ""2025"": -33.158719794110674, ""2026"": -51.61563601600407}","{""2022"": -12.648562944810203, ""2023"": -24.265454489830315, ""2024"": -86.85260544484451, ""2025"": -78.20949860291019, ""2026"": 70.90118016681542}","{""2022"": 19, ""2023"": 32, ""2024"": 30, ""2025"": 21, ""2026"": 9}",74,-40.74072468642499,-56.74072468642499,44.5945945945946,-119.02268288294992,37,-43.5640709550169,-59.5640709550169,27.027027027027028,-174.92338742037816,55,-20.619771534010276,-36.619771534010276,49.09090909090909,-89.08888070416899,56,-62.36780031715195,-78.36780031715196,28.57142857142857,-167.2127034117854,27,-33.52006310783405,-49.52006310783405,44.44444444444444,-101.0805943268811,28,-8.180204659251633,-24.180204659251633,53.57142857142857,-76.77772891129808,28,-97.89683343770467,-113.89683343770467,28.57142857142857,-156.29735002591127,28,-26.838767196599257,-42.83876719659926,28.57142857142857,-174.53891899849694,37,-43.5640709550169,-59.5640709550169,27.027027027027028,-174.92338742037816,-97.89683343770467,-113.89683343770467,h1_cost_residual_floor;ex2025_floor;loyo_floor;train_cost_floor;oos_cost_floor;worst_quarter_cost_floor;worst_quarter_slip16_floor,FAIL_BENCHMARK_OR_STABILITY_RESEARCH_ONLY
Stage40_PARALLEL_THESIS_MEGASCAN,RESEARCH_STAGE_ONLY_NO_PROMOTION,NO_GO,NO_GO,NO_GO,NO_GO,FALSE_BREAKOUT_SWEEP_REVERSAL,SWEEP_HIGH_REV_SHORT_L24_T8,SHORT,Sweep above prior 24H high by 8bps then close back inside,8,"{""lookback"": 24, ""threshold_bps"": 8}",195,175,8.0,-2.7951299583446616,-1.1310753012648225,175,-11.63631667720517,0.38700496854837674,-19.636316677205173,39.42857142857143,-37.01965462943102,31.876881106647215,14.285714285714285,10.285714285714285,-35.63631667720517,-8.841186718860508,-10.505241375940347,-16.841186718860513,-18.50524137594035,87,-6.356771761765995,113,-14.120388488978037,62,-29.689540633167525,-24.399068295298306,"{""2022"": -21.780349288911452, ""2023"": -20.823769556299766, ""2024"": -24.399068295298306, ""2025"": -14.120388488978037, ""2026"": -16.065709144496832}","{""2022"": -5.467057678102804, ""2023"": -12.831298254701544, ""2024"": -2.4653437382904424, ""2025"": -29.68954063316752, ""2026"": -40.09864446080295}","{""2022"": 23, ""2023"": 26, ""2024"": 38, ""2025"": 62, ""2026"": 26}",117,-11.021991935388794,-27.021991935388794,41.88034188034188,-29.0471627594302,58,-37.01348900121405,-53.01348900121405,34.48275862068966,-52.65438534255762,87,-6.356771761765995,-22.356771761765994,45.97701149425287,-24.79114484892353,88,-32.76495767315071,-48.76495767315071,32.95454545454545,-52.65438534255762,43,-11.176108368165353,-27.17610836816535,46.51162790697674,-27.84660131422978,44,-1.6469655327848052,-17.646965532784805,45.45454545454545,-22.387034195258117,44,-19.662416505511253,-35.66241650551125,34.090909090909086,-44.76882475161648,44,-45.867498840790184,-61.867498840790184,31.818181818181817,-61.90638114009106,58,-37.01348900121405,-53.01348900121405,34.48275862068966,-52.65438534255762,-45.867498840790184,-61.867498840790184,h1_cost_residual_floor;ex2025_floor;loyo_floor;train_cost_floor;oos_cost_floor;worst_quarter_cost_floor;worst_quarter_slip16_floor,FAIL_BENCHMARK_OR_STABILITY_RESEARCH_ONLY
Stage40_PARALLEL_THESIS_MEGASCAN,RESEARCH_STAGE_ONLY_NO_PROMOTION,NO_GO,NO_GO,NO_GO,NO_GO,VOLATILITY_SHOCK_REVERSAL,LOWER_WICK_SHOCK_REV_LONG_M2.0_W1.0,LONG,Large H1 shock with lower-wick rejection,4,"{""range_atr_mult"": 2.0, ""wick_ratio"": 1.0}",146,134,8.0,1.3958339209070354,1.2296768282992119,134,-7.618225165670683,-0.8446840628495433,-15.61822516567068,41.7910447761194,-29.789186021954016,25.89861632459445,14.17910447761194,8.955223880597014,-31.61822516567068,-9.014059086577719,-8.847901993969895,-17.014059086577713,-16.84790199396989,102,-5.076553052667564,114,-13.537925100680466,20,-27.47593553611493,-21.027944031608374,"{""2022"": -18.62245135076296, ""2023"": -21.027944031608374, ""2024"": -18.139654075811613, ""2025"": -13.537925100680466, ""2026"": -8.7485829679868}","{""2022"": -5.203574390684114, ""2023"": -3.3473994453729934, ""2024"": -7.240574270686301, ""2025"": -27.47593553611493, ""2026"": -85.45958750879014}","{""2022"": 30, ""2023"": 41, ""2024"": 31, ""2025"": 20, ""2026"": 12}",89,-1.911974045636062,-17.91197404563606,46.06741573033708,-27.230439554696282,45,-42.72614404751694,-58.72614404751694,33.33333333333333,-47.96001211052947,67,-3.7209852439671014,-19.7209852439671,44.776119402985074,-27.230439554696282,67,-27.515465087374263,-43.51546508737427,38.80597014925373,-37.51576749648544,33,-1.6104949765353909,-17.610494976535392,45.45454545454545,-28.60053057724743,34,-5.769402268239057,-21.769402268239055,44.11764705882353,-25.772547994506454,33,-9.860921280670196,-25.860921280670198,45.45454545454545,-33.62412830598793,34,-44.650757605645865,-60.650757605645865,32.35294117647059,-49.64914825732858,45,-42.72614404751694,-58.72614404751694,33.33333333333333,-47.96001211052947,-44.650757605645865,-60.650757605645865,h1_cost_residual_floor;ex2025_floor;loyo_floor;train_cost_floor;oos_cost_floor;worst_quarter_cost_floor;worst_quarter_slip16_floor,FAIL_BENCHMARK_OR_STABILITY_RESEARCH_ONLY
Stage40_PARALLEL_THESIS_MEGASCAN,RESEARCH_STAGE_ONLY_NO_PROMOTION,NO_GO,NO_GO,NO_GO,NO_GO,PULLBACK_CONTINUATION_AFTER_TREND,DOWNTREND_PULLBACK_CONT_SHORT_TL120_T300,SHORT,Downtrend 120H then controlled pullback continuation,8,"{""mean_lookback"": 24, ""trend_bps"": 300, ""trend_lookback"": 120}",211,96,8.0,-2.7951299583446616,-1.1310753012648225,96,-11.951664185532012,-10.585009945721646,-19.951664185532014,40.625,-48.7972244186452,38.658868851960676,23.958333333333336,28.125,-35.95166418553201,-9.15653422718735,-10.82058888426719,-17.15653422718735,-18.820588884267192,39,-17.531066175854402,71,-24.479603676112692,25,-7.092316032282879,-24.479603676112692,"{""2022"": -22.40128644089101, ""2023"": -18.816637766938413, ""2024"": -19.920610182996974, ""2025"": -24.479603676112692, ""2026"": -13.453429401021776}","{""2022"": -8.568125469451958, ""2023"": -28.722322874664368, ""2024"": -20.19162693239366, ""2025"": -7.092316032282879, ""2026"": -32.94813375455249}","{""2022"": 17, ""2023"": 11, ""2024"": 11, ""2025"": 25, ""2026"": 32}",64,-13.453429401021776,-29.453429401021776,40.625,-43.61919319465501,32,-32.94813375455249,-48.94813375455249,40.625,-83.36130952989795,48,-19.042584935035634,-35.042584935035634,39.58333333333333,-41.304020588460716,48,-20.86074343602839,-36.860743436028386,41.66666666666667,-66.35887745083392,24,-9.658192647875643,-25.658192647875644,45.83333333333333,-29.083163953845805,24,-28.42697722219562,-44.42697722219562,33.33333333333333,-53.36879279009277,24,-5.16540592788278,-21.16540592788278,41.66666666666667,-55.449474097906126,24,-36.556080944174006,-52.556080944174006,41.66666666666667,-83.36130952989795,32,-32.94813375455249,-48.94813375455249,40.625,-83.36130952989795,-36.556080944174006,-52.556080944174006,h1_cost_residual_floor;ex2025_floor;loyo_floor;train_cost_floor;oos_cost_floor;worst_quarter_cost_floor;worst_quarter_slip16_floor,FAIL_BENCHMARK_OR_STABILITY_RESEARCH_ONLY
Stage40_PARALLEL_THESIS_MEGASCAN,RESEARCH_STAGE_ONLY_NO_PROMOTION,NO_GO,NO_GO,NO_GO,NO_GO,VOL_COMPRESSION_EXPANSION,VOL_COMP_EXP_SHORT_L120_Q0.25_M1.5,SHORT,Compressed 120H range then bearish expansion,8,"{""compression_q"": 0.25, ""expansion_mult"": 1.5, ""lookback"": 120}",564,345,8.0,-2.7951299583446616,-1.1310753012648225,345,-12.16271502311288,-9.265647109772956,-20.16271502311288,34.492753623188406,-37.072918329488225,28.71377612688186,9.855072463768117,6.086956521739131,-36.16271502311288,-9.36758506476822,-11.031639721848059,-17.36758506476822,-19.03163972184806,223,-18.170961657140925,262,-19.17957062770503,83,-23.266134680906344,-21.803931414403174,"{""2022"": -21.23606684235453, ""2023"": -21.803931414403174, ""2024"": -18.98321350598954, ""2025"": -19.17957062770503, ""2026"": -19.552985712606706}","{""2022"": -13.357207743665809, ""2023"": -15.219981937715364, ""2024"": -23.50463598829568, ""2025"": -23.26613468090634, ""2026"": -24.946744997853628}","{""2022"": 47, ""2023"": 86, ""2024"": 90, ""2025"": 83, ""2026"": 39}",231,-17.854195595364008,-33.854195595364004,36.79653679653679,-32.915286220815965,114,-24.840504389867164,-40.840504389867164,29.82456140350877,-50.11426230144056,172,-14.986133132500845,-30.986133132500846,40.116279069767444,-31.373089544626254,173,-25.309374475050852,-41.30937447505085,28.901734104046245,-48.64452484723003,86,-16.80913579616821,-32.809135796168206,43.02325581395349,-34.447890653088734,86,-13.163130468833481,-29.16313046883348,37.2093023255814,-28.581514945079654,86,-24.871792827336343,-40.87179282733634,26.744186046511626,-48.42893743773558,87,-25.741926448653697,-41.7419264486537,31.03448275862069,-52.21361136161562,114,-24.840504389867164,-40.840504389867164,29.82456140350877,-50.11426230144056,-25.741926448653697,-41.7419264486537,h1_cost_residual_floor;ex2025_floor;loyo_floor;train_cost_floor;oos_cost_floor;worst_quarter_cost_floor;worst_quarter_slip16_floor,FAIL_BENCHMARK_OR_STABILITY_RESEARCH_ONLY
Stage40_PARALLEL_THESIS_MEGASCAN,RESEARCH_STAGE_ONLY_NO_PROMOTION,NO_GO,NO_GO,NO_GO,NO_GO,FAILED_CONTINUATION_AFTER_EXTREME_MOVE,FAILED_DOWN_CONT_LONG_L72_T200,LONG,"Strong 72H down move, new low attempt fails",8,"{""lookback"": 72, ""move_bps"": 200}",67,53,8.0,2.7951299583446616,1.1310753012648225,53,-6.650996249641585,2.0998194155308347,-14.650996249641583,41.509433962264154,-57.62911426277828,40.36577736259872,18.867924528301888,18.867924528301888,-30.650996249641583,-9.446126207986246,-7.782071550906407,-17.446126207986246,-15.782071550906405,29,-6.380766920688996,42,-26.081604975386508,11,28.993146157748143,-26.081604975386508,"{""2022"": -23.40197456418152, ""2023"": -12.375589768331746, ""2024"": -14.102526237003499, ""2025"": -26.081604975386508, ""2026"": 3.3470591758812205}","{""2022"": 18.76183004223817, ""2023"": -29.6036674125348, ""2024"": -16.745154479714277, ""2025"": 28.99314615774814, ""2026"": -70.02962832817329}","{""2022"": 11, ""2023"": 7, ""2024"": 11, ""2025"": 11, ""2026"": 13}",35,-1.6895351985040983,-17.6895351985041,40.0,-36.7520102609642,18,-39.85383718240891,-55.85383718240891,44.44444444444444,-90.32965071222975,26,-12.918270895523532,-28.918270895523534,30.76923076923077,-34.56234110888301,27,-16.31954659064415,-32.31954659064415,51.85185185185185,-73.16859171612622,13,10.411940559956301,-5.588059440043699,46.15384615384615,-28.36415500018785,13,-36.24848235100337,-52.24848235100337,15.384615384615385,-70.0711558486633,13,33.585106388080014,17.585106388080014,69.23076923076923,-37.42314889066955,14,-62.659581499459456,-78.65958149945945,35.714285714285715,-121.48418117758297,18,-39.85383718240891,-55.85383718240891,44.44444444444444,-90.32965071222975,-62.659581499459456,-78.65958149945945,h1_cost_residual_floor;ex2025_floor;loyo_floor;train_cost_floor;oos_cost_floor;worst_quarter_cost_floor;worst_quarter_slip16_floor,FAIL_BENCHMARK_OR_STABILITY_RESEARCH_ONLY
Stage40_PARALLEL_THESIS_MEGASCAN,RESEARCH_STAGE_ONLY_NO_PROMOTION,NO_GO,NO_GO,NO_GO,NO_GO,FALSE_BREAKOUT_SWEEP_REVERSAL,SWEEP_HIGH_REV_SHORT_L72_T3,SHORT,Sweep above prior 72H high by 3bps then close back inside,8,"{""lookback"": 72, ""threshold_bps"": 3}",253,209,8.0,-2.7951299583446616,-1.1310753012648225,209,-12.336032543414731,-8.994382636715592,-20.33603254341473,33.49282296650718,-40.45049777274157,25.86081945994856,8.61244019138756,8.133971291866029,-36.33603254341473,-9.54090258507007,-11.20495724214991,-17.54090258507007,-19.20495724214991,112,-7.492595956916726,131,-13.46141939265429,78,-31.881857194050852,-25.69886026858891,"{""2022"": -22.10604391096865, ""2023"": -21.894889793077326, ""2024"": -25.69886026858891, ""2025"": -13.46141939265429, ""2026"": -17.505029517424422}","{""2022"": -8.404844806569782, ""2023"": -12.022127211880884, ""2024"": -4.144418065485, ""2025"": -31.881857194050852, ""2026"": -48.64606280331784}","{""2022"": 27, ""2023"": 33, ""2024"": 52, ""2025"": 78, ""2026"": 19}",140,-12.771376191587699,-28.7713761915877,37.142857142857146,-33.1456022904264,69,-35.68461064857103,-51.68461064857103,26.08695652173913,-58.47745540206173,104,-6.685076896028699,-22.685076896028697,41.34615384615385,-29.42430608725455,105,-33.856979089397086,-49.856979089397086,25.71428571428571,-49.054733498141715,52,-8.073403793648588,-24.073403793648588,42.30769230769231,-23.868811362705024,52,-5.296749998408807,-21.296749998408806,40.38461538461539,-36.330477708239606,52,-29.427514427918744,-45.427514427918744,23.076923076923077,-45.49492342177053,53,-38.20286894594189,-54.20286894594189,28.30188679245283,-58.069557283326745,69,-35.68461064857103,-51.68461064857103,26.08695652173913,-58.47745540206173,-38.20286894594189,-54.20286894594189,h1_cost_residual_floor;ex2025_floor;loyo_floor;train_cost_floor;oos_cost_floor;worst_quarter_cost_floor;worst_quarter_slip16_floor,FAIL_BENCHMARK_OR_STABILITY_RESEARCH_ONLY
Stage40_PARALLEL_THESIS_MEGASCAN,RESEARCH_STAGE_ONLY_NO_PROMOTION,NO_GO,NO_GO,NO_GO,NO_GO,FALSE_BREAKOUT_SWEEP_REVERSAL,SWEEP_LOW_REV_LONG_L72_T15,LONG,Sweep below prior 72H low by 15bps then close back inside,72,"{""lookback"": 72, ""threshold_bps"": 15}",52,42,8.0,25.002508867881485,23.30868059339869,42,15.089879342874502,43.79975486861309,7.089879342874501,57.14285714285714,-104.57468159902504,154.09723681820697,50.0,69.04761904761905,-8.9101206571255,-9.912629525006983,-8.218801250524189,-17.912629525006984,-16.21880125052419,19,21.61675904422364,29,9.494779738920876,13,1.7251015363095321,-10.728623605979463,"{""2022"": 17.579383839214415, ""2023"": 7.853757495444547, ""2024"": -10.728623605979463, ""2025"": 9.494779738920876, ""2026"": 13.535773181633534}","{""2022"": -26.476535045413243, ""2023"": -2.8405366405361057, ""2024"": 114.00089703599834, ""2025"": 1.7251015363095321, ""2026"": -13.536980941154393}","{""2022"": 10, ""2023"": 3, ""2024"": 6, ""2025"": 13, ""2026"": 10}",28,5.160971417856947,-10.839028582143053,53.57142857142857,-81.07237911616937,14,10.947695192909631,-5.052304807090369,64.28571428571429,-242.71460736180472,21,6.142616748231167,-9.857383251768834,52.38095238095239,-58.1852293182572,21,8.037141937517836,-7.962858062482164,61.904761904761905,-221.82460846186248,10,-26.47653504541325,-42.47653504541325,40.0,-132.41809917208025,11,35.79639110608972,19.79639110608972,63.63636363636363,-56.5323276355667,10,7.1187951357574235,-8.881204864242576,60.0,-175.3339066594528,11,8.872002666390953,-7.127997333609047,63.63636363636363,-253.79370481161678,14,10.947695192909631,-5.052304807090369,64.28571428571429,-242.71460736180472,-26.47653504541325,-42.47653504541325,h1_cost_residual_floor;loyo_floor;worst_quarter_cost_floor;worst_quarter_slip16_floor,FAIL_BENCHMARK_OR_STABILITY_RESEARCH_ONLY
Stage40_PARALLEL_THESIS_MEGASCAN,RESEARCH_STAGE_ONLY_NO_PROMOTION,NO_GO,NO_GO,NO_GO,NO_GO,FALSE_BREAKOUT_SWEEP_REVERSAL,SWEEP_HIGH_REV_SHORT_L24_T3,SHORT,Sweep above prior 24H high by 3bps then close back inside,72,"{""lookback"": 24, ""threshold_bps"": 3}",417,186,8.0,-25.002508867881485,-23.30868059339869,186,-35.57838319431891,-23.425643684885642,-43.57838319431891,40.86021505376344,-134.46746724713353,93.4393222563995,60.752688172043015,47.31182795698925,-59.57838319431891,-10.575874326437425,-12.269702600920219,-18.575874326437425,-20.26970260092022,111,-42.372915492172446,132,-28.28952889776185,54,-80.95113814145837,-54.998515631938744,"{""2022"": -41.61499847278257, ""2023"": -46.84891534344721, ""2024"": -43.229001669823774, ""2025"": -28.28952889776185, ""2026"": -54.998515631938744}","{""2022"": -55.14053766558851, ""2023"": -29.46837306522257, ""2024"": -44.55522541586654, ""2025"": -80.95113814145837, ""2026"": 46.15122881555123}","{""2022"": 27, ""2023"": 35, ""2024"": 49, ""2025"": 54, ""2026"": 21}",124,-43.337759916349235,-59.337759916349235,41.935483870967744,-124.84171471542905,62,-44.059629750258274,-60.059629750258274,38.70967741935484,-197.62421704673127,93,-40.778959594181465,-56.778959594181465,41.935483870967744,-127.12940680118746,93,-46.37780679445636,-62.37780679445636,39.784946236559136,-157.42003306087327,46,-35.196425707382126,-51.196425707382126,47.82608695652174,-131.17775938858546,47,-46.242716164240385,-62.242716164240385,36.17021276595745,-122.55402262967064,46,-56.82079035559047,-72.82079035559047,39.130434782608695,-133.46299439988553,47,-36.15701437292086,-52.15701437292086,40.42553191489361,-196.01615429156504,62,-44.059629750258274,-60.059629750258274,38.70967741935484,-197.62421704673127,-56.82079035559047,-72.82079035559047,h1_cost_residual_floor;ex2025_floor;loyo_floor;train_cost_floor;oos_cost_floor;worst_quarter_cost_floor;worst_quarter_slip16_floor;stop100_cap,FAIL_BENCHMARK_OR_STABILITY_RESEARCH_ONLY
Stage40_PARALLEL_THESIS_MEGASCAN,RESEARCH_STAGE_ONLY_NO_PROMOTION,NO_GO,NO_GO,NO_GO,NO_GO,FAILED_CONTINUATION_AFTER_EXTREME_MOVE,FAILED_UP_CONT_SHORT_L72_T100,SHORT,"Strong 72H up move, new high attempt fails",72,"{""lookback"": 72, ""move_bps"": 100}",312,109,8.0,-25.002508867881485,-23.30868059339869,109,-35.603463091050685,-38.00689468824059,-43.60346309105069,38.53211009174312,-137.81085108758307,86.78038899870621,58.71559633027523,42.201834862385326,-59.60346309105069,-10.6009542231692,-12.294782497651994,-18.600954223169207,-20.294782497652,59,-34.11966259620657,70,-18.77420280110681,39,-88.16880207300125,-55.62901402064526,"{""2022"": -43.43823199491849, ""2023"": -48.44229075345157, ""2024"": -45.34744806057861, ""2025"": -18.77420280110681, ""2026"": -55.62901402064526}","{""2022"": -44.82363118556546, ""2023"": -22.07067999336681, ""2024"": -38.036126457557714, ""2025"": -88.16880207300125, ""2026"": 63.53326337261007}","{""2022"": 13, ""2023"": 20, ""2024"": 26, ""2025"": 39, ""2026"": 11}",73,-55.10831349423306,-71.10831349423306,36.986301369863014,-137.7608942450448,36,-20.274183106819784,-36.274183106819784,41.66666666666667,-158.4580283282977,54,-43.11025661945773,-59.11025661945773,37.03703703703704,-138.18238049997046,55,-44.08770217225104,-60.08770217225104,40.0,-137.7608942450448,27,-7.674731415673583,-23.674731415673584,48.148148148148145,-84.72198535519837,27,-78.54578182324188,-94.54578182324188,25.925925925925924,-152.32374380486746,27,-51.340652996307874,-67.34065299630788,44.44444444444444,-124.47888451845523,28,-37.09378530619626,-53.09378530619626,35.714285714285715,-186.55947533494532,36,-20.274183106819784,-36.274183106819784,41.66666666666667,-158.4580283282977,-78.54578182324188,-94.54578182324188,h1_cost_residual_floor;ex2025_floor;loyo_floor;train_cost_floor;oos_cost_floor;worst_quarter_cost_floor;worst_quarter_slip16_floor,FAIL_BENCHMARK_OR_STABILITY_RESEARCH_ONLY
Stage40_PARALLEL_THESIS_MEGASCAN,RESEARCH_STAGE_ONLY_NO_PROMOTION,NO_GO,NO_GO,NO_GO,NO_GO,VOL_COMPRESSION_EXPANSION,VOL_COMP_EXP_SHORT_L120_Q0.25_M2.0,SHORT,Compressed 120H range then bearish expansion,8,"{""compression_q"": 0.25, ""expansion_mult"": 2.0, ""lookback"": 120}",271,197,8.0,-2.7951299583446616,-1.1310753012648225,197,-13.644024561381315,-6.5487884741322056,-21.64402456138131,35.025380710659896,-34.01957302226588,30.26881984325658,11.6751269035533,8.121827411167512,-37.644024561381315,-10.848894603036653,-12.512949260116493,-18.848894603036648,-20.51294926011649,141,-19.30114465129523,160,-23.68284565434635,37,-12.827500916127118,-24.824443020540933,"{""2022"": -21.76149388969219, ""2023"": -24.824443020540933, ""2024"": -20.702457749651263, ""2025"": -23.68284565434635, ""2026"": -17.955499605220957}","{""2022"": -20.871437825182888, ""2023"": -14.021987219602236, ""2024"": -23.95664480071829, ""2025"": -12.827500916127116, ""2026"": -56.19967941383098}","{""2022"": 26, ""2023"": 58, ""2024"": 57, ""2025"": 37, ""2026"": 19}",131,-19.2123797425672,-35.2123797425672,35.87786259541985,-29.821260937918925,66,-26.47047109569418,-42.47047109569418,33.33333333333333,-47.09801479804155,98,-13.651137099798925,-29.651137099798923,39.795918367346935,-26.15556239204175,99,-29.55617578597802,-45.55617578597802,30.303030303030305,-48.21335002824112,49,-19.838236641927345,-35.838236641927345,40.816326530612244,-29.7479507865428,49,-7.464037557670505,-23.464037557670505,38.775510204081634,-18.999148483758166,49,-28.80285389333961,-44.80285389333961,24.489795918367346,-48.21335002824112,50,-30.29443124076367,-46.29443124076367,36.0,-48.257585516575666,66,-26.47047109569418,-42.47047109569418,33.33333333333333,-47.09801479804155,-30.29443124076367,-46.29443124076367,h1_cost_residual_floor;ex2025_floor;loyo_floor;train_cost_floor;oos_cost_floor;worst_quarter_cost_floor;worst_quarter_slip16_floor,FAIL_BENCHMARK_OR_STABILITY_RESEARCH_ONLY
Stage40_PARALLEL_THESIS_MEGASCAN,RESEARCH_STAGE_ONLY_NO_PROMOTION,NO_GO,NO_GO,NO_GO,NO_GO,FAILED_CONTINUATION_AFTER_EXTREME_MOVE,FAILED_DOWN_CONT_LONG_L72_T100,LONG,"Strong 72H down move, new low attempt fails",24,"{""lookback"": 72, ""move_bps"": 100}",164,96,8.0,8.502590481085887,8.612916361476685,96,-2.353009636576971,4.85279035405406,-10.35300963657697,47.91666666666667,-61.08151407779705,72.68306817568183,30.208333333333332,34.375,-26.35300963657697,-10.855600117662858,-10.965925998053656,-18.85560011766286,-18.965925998053656,65,-0.41387955114481156,80,-13.110723664355499,16,3.435560502315656,-14.605446134658848,"{""2022"": -14.605446134658848, ""2023"": -12.390318606350306, ""2024"": -12.814455096553223, ""2025"": -13.110723664355499, ""2026"": 0.34650366929182447}","{""2022"": 2.4042998576686627, ""2023"": -3.0769061731007756, ""2024"": -0.999516888667222, ""2025"": 3.435560502315658, ""2026"": -68.13038148826847}","{""2022"": 24, ""2023"": 21, ""2024"": 20, ""2025"": 16, ""2026"": 15}",64,-0.6250094238418766,-16.625009423841878,46.875,-45.423305573012996,32,-29.809010062047165,-45.809010062047165,50.0,-86.90197481664164,48,2.1226247539289154,-13.877375246071084,50.0,-37.9979005956993,48,-22.82864402708286,-38.82864402708286,45.83333333333333,-83.09118003860138,24,2.4042998576686627,-13.595700142331337,54.166666666666664,-53.312302749348724,24,1.8409496501891685,-14.159050349810832,45.83333333333333,-32.063786612294145,24,-6.694944909440515,-22.694944909440515,41.66666666666667,-63.33565050208212,24,-38.9623431447252,-54.9623431447252,50.0,-89.42787075254199,32,-29.809010062047165,-45.809010062047165,50.0,-86.90197481664164,-38.9623431447252,-54.9623431447252,h1_cost_residual_floor;ex2025_floor;loyo_floor;train_cost_floor;oos_cost_floor;worst_quarter_cost_floor;worst_quarter_slip16_floor,FAIL_BENCHMARK_OR_STABILITY_RESEARCH_ONLY
Stage40_PARALLEL_THESIS_MEGASCAN,RESEARCH_STAGE_ONLY_NO_PROMOTION,NO_GO,NO_GO,NO_GO,NO_GO,FALSE_BREAKOUT_SWEEP_REVERSAL,SWEEP_LOW_REV_LONG_L24_T15,LONG,Sweep below prior 24H low by 15bps then close back inside,72,"{""lookback"": 24, ""threshold_bps"": 15}",97,76,8.0,25.002508867881485,23.30868059339869,76,13.953983463915407,38.33799070276922,5.953983463915411,55.26315789473685,-109.3333726969503,138.92408392009116,52.63157894736842,64.47368421052632,-10.04601653608459,-11.048525403966078,-9.354697129483284,-19.048525403966075,-17.35469712948328,37,-4.085426661615783,54,10.036460178990453,22,-4.066641200359692,-4.078421913350801,"{""2022"": 16.510839953562503, ""2023"": 6.517021466531817, ""2024"": 1.2790667458658755, ""2025"": 10.036460178990453, ""2026"": -4.078421913350801}","{""2022"": -36.97723292731613, ""2023"": 2.9511141166278776, ""2024"": 36.808433803042334, ""2025"": -4.066641200359691, ""2026"": 40.77233153795696}","{""2022"": 15, ""2023"": 12, ""2024"": 10, ""2025"": 22, ""2026"": 17}",50,-1.556360335129724,-17.556360335129725,52.0,-90.88196238274837,26,20.39695230823298,4.396952308232979,61.53846153846154,-198.5068264815776,38,-0.1114743652070639,-16.111474365207062,55.26315789473685,-85.09071817208446,38,12.019441293037882,-3.9805587069621176,55.26315789473685,-180.06482396663193,19,-22.29250701952976,-38.292507019529765,42.10526315789473,-96.4659860114081,19,22.069558289115633,6.069558289115633,68.42105263157895,-74.27451336084579,19,-27.864477610090734,-43.86447761009073,42.10526315789473,-112.2831247302547,19,51.9033601961665,35.9033601961665,68.42105263157895,-230.54377184860587,26,20.39695230823298,4.396952308232979,61.53846153846154,-198.5068264815776,-27.864477610090734,-43.86447761009073,h1_cost_residual_floor;loyo_floor;train_cost_floor;worst_quarter_cost_floor;worst_quarter_slip16_floor,FAIL_BENCHMARK_OR_STABILITY_RESEARCH_ONLY
Stage40_PARALLEL_THESIS_MEGASCAN,RESEARCH_STAGE_ONLY_NO_PROMOTION,NO_GO,NO_GO,NO_GO,NO_GO,PULLBACK_CONTINUATION_AFTER_TREND,UPTREND_PULLBACK_CONT_LONG_TL72_T300,LONG,Uptrend 72H then controlled pullback continuation,4,"{""mean_lookback"": 24, ""trend_bps"": 300, ""trend_lookback"": 72}",152,96,8.0,1.3958339209070354,1.2296768282992119,96,-9.668812261074224,-0.36595456504529,-17.668812261074226,36.45833333333333,-32.138525290864024,23.968018258317958,11.458333333333332,5.208333333333334,-33.66881226107422,-11.06464618198126,-10.898489089373436,-19.06464618198126,-18.898489089373438,24,5.592899146461502,65,-16.813703377093457,31,-19.46178250167907,-20.63079351340996,"{""2022"": -20.51233904894052, ""2023"": -18.182275409576317, ""2024"": -20.63079351340996, ""2025"": -16.813703377093457, ""2026"": -8.528830509763186}","{""2022"": 24.984089556920193, ""2023"": -12.705335158887344, ""2024"": 10.96367317817122, ""2025"": -19.461782501679075, ""2026"": -29.929763390881718}","{""2022"": 6, ""2023"": 9, ""2024"": 9, ""2025"": 31, ""2026"": 41}",64,-6.362050238739153,-22.36205023873915,32.8125,-27.038536470186948,32,-40.282336305744366,-56.282336305744366,43.75,-39.11482573931147,48,-8.46111816699878,-24.46111816699878,31.25,-25.751340376146125,48,-26.876506355149672,-42.87650635514967,41.66666666666667,-38.510893454840044,24,5.592899146461502,-10.407100853538498,37.5,-17.78867068131129,24,-22.515135480459065,-38.515135480459065,25.0,-41.517149644798025,24,-19.481908180988597,-35.4819081809886,45.83333333333333,-29.992060111647124,24,-34.27110452931075,-50.27110452931075,37.5,-43.16838453555182,32,-40.282336305744366,-56.282336305744366,43.75,-39.11482573931147,-34.27110452931075,-50.27110452931075,h1_cost_residual_floor;ex2025_floor;loyo_floor;train_cost_floor;oos_cost_floor;worst_quarter_cost_floor;worst_quarter_slip16_floor,FAIL_BENCHMARK_OR_STABILITY_RESEARCH_ONLY
Stage40_PARALLEL_THESIS_MEGASCAN,RESEARCH_STAGE_ONLY_NO_PROMOTION,NO_GO,NO_GO,NO_GO,NO_GO,VOL_COMPRESSION_EXPANSION,VOL_COMP_EXP_SHORT_L120_Q0.25_M1.5,SHORT,Compressed 120H range then bearish expansion,24,"{""compression_q"": 0.25, ""expansion_mult"": 1.5, ""lookback"": 120}",564,247,8.0,-8.502590481085887,-8.612916361476685,247,-20.059440139964018,-9.202645370602891,-28.059440139964018,37.24696356275304,-61.17586011483933,46.71196908159314,25.506072874493928,17.00404858299595,-44.05944013996402,-11.55684965887813,-11.446523778487332,-19.55684965887813,-19.446523778487332,166,-20.206385318318834,192,-23.617255150758456,55,-43.5667041022816,-32.721442287171705,"{""2022"": -30.025393091760158, ""2023"": -32.721442287171705, ""2024"": -28.23646480582161, ""2025"": -23.617255150758456, ""2026"": -26.020039314327665}","{""2022"": -17.5743577303846, ""2023"": -14.148627281360435, ""2024"": -27.563771075562766, ""2025"": -43.5667041022816, ""2026"": -45.394347157873}","{""2022"": 39, ""2023"": 62, ""2024"": 65, ""2025"": 55, ""2026"": 26}",165,-20.16991195358655,-36.16991195358655,38.78787878787879,-56.94532490260862,82,-43.93471027108941,-59.93471027108941,34.146341463414636,-77.73790613751942,123,-12.885948660037087,-28.885948660037087,39.83739837398374,-54.08859235924268,124,-43.11056475311734,-59.11056475311734,34.67741935483871,-74.7869027603576,61,-19.581126283805325,-35.581126283805325,36.0655737704918,-57.89387038358073,62,-6.298757772136074,-22.298757772136074,43.54838709677419,-43.790354252845056,62,-45.84462711724505,-61.84462711724505,35.483870967741936,-69.33014192799014,62,-40.376502388989636,-56.376502388989636,33.87096774193548,-85.3004080426778,82,-43.93471027108941,-59.93471027108941,34.146341463414636,-77.73790613751942,-45.84462711724505,-61.84462711724505,h1_cost_residual_floor;ex2025_floor;loyo_floor;train_cost_floor;oos_cost_floor;worst_quarter_cost_floor;worst_quarter_slip16_floor,FAIL_BENCHMARK_OR_STABILITY_RESEARCH_ONLY
Stage40_PARALLEL_THESIS_MEGASCAN,RESEARCH_STAGE_ONLY_NO_PROMOTION,NO_GO,NO_GO,NO_GO,NO_GO,FAILED_CONTINUATION_AFTER_EXTREME_MOVE,FAILED_DOWN_CONT_LONG_L72_T200,LONG,"Strong 72H down move, new low attempt fails",4,"{""lookback"": 72, ""move_bps"": 200}",67,61,8.0,1.3958339209070354,1.2296768282992119,61,-10.227848568850645,1.3134720439422765,-18.227848568850643,40.98360655737705,-35.95210956180317,27.5246500129378,13.114754098360656,8.19672131147541,-34.227848568850646,-11.62368248975768,-11.457525397149857,-19.623682489757677,-19.457525397149855,32,-14.119881740041034,49,-24.35748150162537,12,6.80148590664615,-24.35748150162537,"{""2022"": -19.30921187611083, ""2023"": -19.20187786312225, ""2024"": -18.775697219253974, ""2025"": -24.35748150162537, ""2026"": -8.414054200035439}","{""2022"": -13.812281730871542, ""2023"": -11.77490449430126, ""2024"": -15.990799913037046, ""2025"": 6.801485906646151, ""2026"": -43.62825752343117}","{""2022"": 12, ""2023"": 8, ""2024"": 12, ""2025"": 12, ""2026"": 17}",40,-10.962969773359164,-26.962969773359163,42.5,-31.136242797787375,21,-32.065712941215374,-48.065712941215374,38.095238095238095,-57.62911426277828,30,-17.159248947064803,-33.1592489470648,36.666666666666664,-28.722637169235618,31,-19.261977235095,-35.261977235095,45.16129032258064,-55.30730808520845,15,-13.358782604626928,-29.358782604626928,40.0,-28.36415500018785,15,-20.959715289502682,-36.95971528950268,33.33333333333333,-38.74690151688176,15,-9.792900528263898,-25.7929005282639,53.333333333333336,-34.97271068787167,16,-28.13923664774916,-44.13923664774916,37.5,-75.90926250241658,21,-32.065712941215374,-48.065712941215374,38.095238095238095,-57.62911426277828,-28.13923664774916,-44.13923664774916,h1_cost_residual_floor;ex2025_floor;loyo_floor;train_cost_floor;oos_cost_floor;worst_quarter_cost_floor;worst_quarter_slip16_floor,FAIL_BENCHMARK_OR_STABILITY_RESEARCH_ONLY
Stage40_PARALLEL_THESIS_MEGASCAN,RESEARCH_STAGE_ONLY_NO_PROMOTION,NO_GO,NO_GO,NO_GO,NO_GO,VOL_COMPRESSION_EXPANSION,VOL_COMP_EXP_SHORT_L120_Q0.15_M2.0,SHORT,Compressed 120H range then bearish expansion,72,"{""compression_q"": 0.15, ""expansion_mult"": 2.0, ""lookback"": 120}",193,84,8.0,-25.002508867881485,-23.30868059339869,84,-36.69261574856292,-18.07572501197452,-44.69261574856292,41.66666666666667,-106.6394655485825,88.7823409564381,51.19047619047619,42.857142857142854,-60.69261574856292,-11.690106880681437,-13.383935155164231,-19.690106880681437,-21.38393515516423,57,-34.74256911193932,68,-40.201432187671855,16,-63.78014588234994,-52.22706253136873,"{""2022"": -52.22706253136873, ""2023"": -52.22102581720285, ""2024"": -37.19879211811094, ""2025"": -40.201432187671855, ""2026"": -41.10696949997452}","{""2022"": 11.06229044420005, ""2023"": -24.725962957822265, ""2024"": -63.42717482469289, ""2025"": -63.78014588234994, ""2026"": -68.48826812555868}","{""2022"": 10, ""2023"": 23, ""2024"": 24, ""2025"": 16, ""2026"": 11}",56,-35.943719584652655,-51.943719584652655,41.07142857142857,-95.02120420415206,28,-62.190408076383484,-78.19040807638348,42.857142857142854,-118.23922935984332,42,-12.155589788098016,-28.155589788098016,52.38095238095239,-69.60954924778773,42,-77.22964170902785,-93.22964170902785,30.952380952380953,-132.08143791602956,21,-2.935935415525016,-18.935935415525016,52.38095238095239,-72.3405137991473,21,-21.375244160671013,-37.375244160671016,52.38095238095239,-66.87858469642816,21,-91.80904023391915,-107.80904023391915,19.047619047619047,-150.20388499853877,21,-62.650243184136535,-78.65024318413654,42.857142857142854,-125.76088349155911,28,-62.190408076383484,-78.19040807638348,42.857142857142854,-118.23922935984332,-91.80904023391915,-107.80904023391915,h1_cost_residual_floor;ex2025_floor;loyo_floor;train_cost_floor;oos_cost_floor;worst_quarter_cost_floor;worst_quarter_slip16_floor,FAIL_BENCHMARK_OR_STABILITY_RESEARCH_ONLY
Stage40_PARALLEL_THESIS_MEGASCAN,RESEARCH_STAGE_ONLY_NO_PROMOTION,NO_GO,NO_GO,NO_GO,NO_GO,FALSE_BREAKOUT_SWEEP_REVERSAL,SWEEP_HIGH_REV_SHORT_L72_T8,SHORT,Sweep above prior 72H high by 8bps then close back inside,4,"{""lookback"": 72, ""threshold_bps"": 8}",118,112,8.0,-1.3958339209070354,-1.2296768282992119,112,-13.398669217100645,-5.721318005350584,-21.398669217100643,33.035714285714285,-29.717215941588158,25.74345574045789,8.035714285714286,5.357142857142857,-37.39866921710065,-12.00283529619361,-12.168992388801433,-20.00283529619361,-20.16899238880143,50,-9.00343483195755,64,-20.842807133432963,48,-22.139818661990887,-27.01634881556355,"{""2022"": -24.161469987501153, ""2023"": -19.710028366636504, ""2024"": -27.01634881556355, ""2025"": -20.842807133432963, ""2026"": -15.43758201401469}","{""2022"": 1.624670536236927, ""2023"": -31.53051431988551, ""2024"": 1.582747322065796, ""2025"": -22.139818661990887, ""2026"": -63.12627963870229}","{""2022"": 12, ""2023"": 16, ""2024"": 22, ""2025"": 48, ""2026"": 14}",75,-13.217076512212167,-29.217076512212167,34.66666666666667,-25.34529403388941,37,-37.98297875403675,-53.98297875403675,29.72972972972973,-41.86988312236073,56,-9.439807250787549,-25.43980725078755,37.5,-21.58283324194543,56,-33.35753118341374,-49.35753118341374,28.57142857142857,-41.793585168697916,28,-17.321149381547325,-33.32114938154733,35.714285714285715,-20.24959479305921,28,-1.5584651200277748,-17.558465120027776,39.285714285714285,-23.253858301549577,28,-16.21695544845739,-32.21695544845739,32.142857142857146,-29.902017653188338,28,-50.49810691837009,-66.4981069183701,25.0,-55.49396456124289,37,-37.98297875403675,-53.98297875403675,29.72972972972973,-41.86988312236073,-50.49810691837009,-66.4981069183701,h1_cost_residual_floor;ex2025_floor;loyo_floor;train_cost_floor;oos_cost_floor;worst_quarter_cost_floor;worst_quarter_slip16_floor,FAIL_BENCHMARK_OR_STABILITY_RESEARCH_ONLY
Stage40_PARALLEL_THESIS_MEGASCAN,RESEARCH_STAGE_ONLY_NO_PROMOTION,NO_GO,NO_GO,NO_GO,NO_GO,VOLATILITY_SHOCK_REVERSAL,LOWER_WICK_SHOCK_REV_LONG_M2.0_W1.5,LONG,Large H1 shock with lower-wick rejection,4,"{""range_atr_mult"": 2.0, ""wick_ratio"": 1.5}",118,109,8.0,1.3958339209070354,1.2296768282992119,109,-10.722843423606962,-2.3722636947753895,-18.72284342360696,40.36697247706422,-34.540550031125775,23.103639970827317,15.59633027522936,9.174311926605505,-34.72284342360696,-12.118677344513998,-11.952520251906174,-20.118677344513994,-19.952520251906172,84,-7.386653355366967,94,-16.227920908437405,15,-34.357691185336186,-23.888824900122835,"{""2022"": -22.055940900639644, ""2023"": -21.998921938199675, ""2024"": -23.888824900122835, ""2025"": -16.227920908437405, ""2026"": -11.473174238695636}","{""2022"": -5.541957946250447, ""2023"": -11.17793532939343, ""2024"": -4.471860040114903, ""2025"": -34.357691185336186, ""2026"": -90.49456835422907}","{""2022"": 22, ""2023"": 33, ""2024"": 29, ""2025"": 15, ""2026"": 10}",73,-5.441029257380066,-21.441029257380066,43.83561643835616,-27.230439554696282,36,-45.65541103845594,-61.65541103845594,33.33333333333333,-44.93555489106793,54,-8.907988603232726,-24.907988603232724,38.88888888888889,-27.01197132472466,55,-28.35924633815621,-44.35924633815621,41.81818181818181,-38.22548467173226,27,-5.915333871349102,-21.9153338713491,48.148148148148145,-35.453304189350106,27,-11.900643335116346,-27.900643335116346,29.629629629629626,-26.308172589881718,27,-4.435149152596917,-20.435149152596917,51.85185185185185,-33.62412830598793,28,-51.4289114813741,-67.4289114813741,32.142857142857146,-53.74645107932952,36,-45.65541103845594,-61.65541103845594,33.33333333333333,-44.93555489106793,-51.4289114813741,-67.4289114813741,h1_cost_residual_floor;ex2025_floor;loyo_floor;train_cost_floor;oos_cost_floor;worst_quarter_cost_floor;worst_quarter_slip16_floor,FAIL_BENCHMARK_OR_STABILITY_RESEARCH_ONLY
Stage40_PARALLEL_THESIS_MEGASCAN,RESEARCH_STAGE_ONLY_NO_PROMOTION,NO_GO,NO_GO,NO_GO,NO_GO,FALSE_BREAKOUT_SWEEP_REVERSAL,SWEEP_LOW_REV_LONG_L72_T3,LONG,Sweep below prior 72H low by 3bps then close back inside,72,"{""lookback"": 72, ""threshold_bps"": 3}",183,104,8.0,25.002508867881485,23.30868059339869,104,12.798682857073148,19.25669581574807,4.79868285707315,52.88461538461539,-93.736678932409,115.51053005833256,48.07692307692308,58.65384615384615,-11.20131714292685,-12.203826010808337,-10.509997736325543,-20.203826010808335,-18.50999773632554,73,-3.8761369040685634,85,-10.408970434549483,19,72.83292126696388,-10.408970434549483,"{""2022"": 21.35260707106152, ""2023"": 10.075804068232392, ""2024"": -10.057279709794505, ""2025"": -10.408970434549483, ""2026"": 11.965951196470742}","{""2022"": -50.38106452288809, ""2023"": -16.05851050131814, ""2024"": 45.122009824285364, ""2025"": 72.83292126696387, ""2026"": -50.15037441164174}","{""2022"": 24, ""2023"": 21, ""2024"": 28, ""2025"": 19, ""2026"": 12}",69,-6.8605138919676225,-22.86051389196762,47.82608695652174,-90.80205796493601,35,27.78395644803924,11.783956448039241,62.857142857142854,-179.11639883648854,52,-22.96244181590844,-38.96244181590844,42.30769230769231,-91.35317272808308,52,32.559807530054734,16.559807530054734,63.46153846153846,-104.5536412859721,26,-47.330646493719314,-63.330646493719314,38.46153846153847,-110.48799500498808,26,1.405762861902431,-14.594237138097569,46.15384615384615,-82.56672965446631,26,46.6754733514331,30.675473351433098,65.38461538461539,-66.20672934624427,26,18.444141708676376,2.4441417086763764,61.53846153846154,-214.35584997095805,35,27.78395644803924,11.783956448039241,62.857142857142854,-179.11639883648854,-47.330646493719314,-63.330646493719314,h1_cost_residual_floor;ex2025_floor;loyo_floor;train_cost_floor;worst_quarter_cost_floor;worst_quarter_slip16_floor,FAIL_BENCHMARK_OR_STABILITY_RESEARCH_ONLY
Stage40_PARALLEL_THESIS_MEGASCAN,RESEARCH_STAGE_ONLY_NO_PROMOTION,NO_GO,NO_GO,NO_GO,NO_GO,FALSE_BREAKOUT_SWEEP_REVERSAL,SWEEP_HIGH_REV_SHORT_L24_T8,SHORT,Sweep above prior 24H high by 8bps then close back inside,24,"{""lookback"": 24, ""threshold_bps"": 8}",195,156,8.0,-8.502590481085887,-8.612916361476685,156,-20.987643489952635,-11.321344957432311,-28.987643489952642,41.02564102564102,-75.47550351825971,49.675900324733234,38.46153846153847,25.64102564102564,-44.987643489952646,-12.485053008866748,-12.37472712847595,-20.485053008866757,-20.374727128475957,79,-19.937108585424024,102,-20.77563503582725,54,-44.49921501441172,-32.885334476349,"{""2022"": -27.44740824245735, ""2023"": -32.885334476349, ""2024"": -32.33542058556988, ""2025"": -20.77563503582725, ""2026"": -29.90969315057692}","{""2022"": -38.88915579527946, ""2023"": -7.550343064772622, ""2024"": -16.975031558620184, ""2025"": -44.49921501441171, ""2026"": -23.655791104603537}","{""2022"": 21, ""2023"": 24, ""2024"": 34, ""2025"": 54, ""2026"": 23}",104,-28.710312362166007,-44.71031236216601,39.42307692307692,-73.37725166958187,52,-29.542305745525894,-45.542305745525894,44.230769230769226,-80.47956325458183,78,-19.129595782344225,-35.129595782344225,42.30769230769231,-68.14591413467741,78,-38.84569119756105,-54.84569119756105,39.743589743589745,-83.6493202219657,39,-23.141459420865285,-39.14145942086529,35.8974358974359,-68.29495502314265,39,-15.117732143823163,-31.11773214382316,48.717948717948715,-67.10664965892121,39,-31.333468217430582,-47.33346821743058,41.02564102564102,-68.17148916830939,39,-46.357914177691526,-62.357914177691526,38.46153846153847,-101.73089048942651,52,-29.542305745525894,-45.542305745525894,44.230769230769226,-80.47956325458183,-46.357914177691526,-62.357914177691526,h1_cost_residual_floor;ex2025_floor;loyo_floor;train_cost_floor;oos_cost_floor;worst_quarter_cost_floor;worst_quarter_slip16_floor,FAIL_BENCHMARK_OR_STABILITY_RESEARCH_ONLY
Stage40_PARALLEL_THESIS_MEGASCAN,RESEARCH_STAGE_ONLY_NO_PROMOTION,NO_GO,NO_GO,NO_GO,NO_GO,SESSION_TRANSITION_IMBALANCE,LONDON_FALSE_ASIA_LOW_LONG_Q0.25,LONG,London false break below Asia low,72,"{""asia_range_q"": 0.25, ""direction"": ""false_down""}",673,212,8.0,25.002508867881485,23.30868059339869,212,12.426487349001473,11.6182825301403,4.426487349001475,51.41509433962265,-102.76245363945779,111.76170024990273,51.886792452830186,54.24528301886793,-11.573512650998525,-12.576021518880012,-10.882193244397218,-20.57602151888001,-18.882193244397214,144,9.906275960283608,162,-0.4378582264720557,50,20.18696701353572,-1.2837805813167333,"{""2022"": 5.233226345568846, ""2023"": 4.296969814562797, ""2024"": -1.2837805813167333, ""2025"": -0.4378582264720557, ""2026"": 12.55593860287436}","{""2022"": 0.8478759026897824, ""2023"": 4.825002839582016, ""2024"": 21.557291139956096, ""2025"": 20.18696701353571, ""2026"": -83.19093172051738}","{""2022"": 39, ""2023"": 52, ""2024"": 53, ""2025"": 50, ""2026"": 18}",142,10.492552046435833,-5.507447953564167,52.816901408450704,-88.29240999078336,70,-7.878958180079654,-23.878958180079653,48.57142857142857,-124.35087261322309,106,5.927216287312522,-10.072783712687478,50.0,-92.29396403412082,106,2.9257584106904235,-13.074241589309576,52.83018867924528,-117.36242136210606,53,6.218267539139013,-9.781732460860987,47.16981132075472,-95.51660104665238,53,5.636165035486023,-10.363834964513977,52.83018867924528,-76.28662328702518,53,13.845223473703404,-2.1547765262965957,54.71698113207547,-88.38187034236444,53,-7.993706652322549,-23.99370665232255,50.943396226415096,-138.65486263544446,70,-7.878958180079654,-23.878958180079653,48.57142857142857,-124.35087261322309,-7.993706652322549,-23.99370665232255,h1_cost_residual_floor;ex2025_floor;loyo_floor;oos_cost_floor,FAIL_BENCHMARK_OR_STABILITY_RESEARCH_ONLY
Stage40_PARALLEL_THESIS_MEGASCAN,RESEARCH_STAGE_ONLY_NO_PROMOTION,NO_GO,NO_GO,NO_GO,NO_GO,SESSION_TRANSITION_IMBALANCE,LONDON_FALSE_ASIA_LOW_LONG_Q0.4,LONG,London false break below Asia low,72,"{""asia_range_q"": 0.4, ""direction"": ""false_down""}",673,212,8.0,25.002508867881485,23.30868059339869,212,12.426487349001473,11.6182825301403,4.426487349001475,51.41509433962265,-102.76245363945779,111.76170024990273,51.886792452830186,54.24528301886793,-11.573512650998525,-12.576021518880012,-10.882193244397218,-20.57602151888001,-18.882193244397214,144,9.906275960283608,162,-0.4378582264720557,50,20.18696701353572,-1.2837805813167333,"{""2022"": 5.233226345568846, ""2023"": 4.296969814562797, ""2024"": -1.2837805813167333, ""2025"": -0.4378582264720557, ""2026"": 12.55593860287436}","{""2022"": 0.8478759026897824, ""2023"": 4.825002839582016, ""2024"": 21.557291139956096, ""2025"": 20.18696701353571, ""2026"": -83.19093172051738}","{""2022"": 39, ""2023"": 52, ""2024"": 53, ""2025"": 50, ""2026"": 18}",142,10.492552046435833,-5.507447953564167,52.816901408450704,-88.29240999078336,70,-7.878958180079654,-23.878958180079653,48.57142857142857,-124.35087261322309,106,5.927216287312522,-10.072783712687478,50.0,-92.29396403412082,106,2.9257584106904235,-13.074241589309576,52.83018867924528,-117.36242136210606,53,6.218267539139013,-9.781732460860987,47.16981132075472,-95.51660104665238,53,5.636165035486023,-10.363834964513977,52.83018867924528,-76.28662328702518,53,13.845223473703404,-2.1547765262965957,54.71698113207547,-88.38187034236444,53,-7.993706652322549,-23.99370665232255,50.943396226415096,-138.65486263544446,70,-7.878958180079654,-23.878958180079653,48.57142857142857,-124.35087261322309,-7.993706652322549,-23.99370665232255,h1_cost_residual_floor;ex2025_floor;loyo_floor;oos_cost_floor,FAIL_BENCHMARK_OR_STABILITY_RESEARCH_ONLY
Stage40_PARALLEL_THESIS_MEGASCAN,RESEARCH_STAGE_ONLY_NO_PROMOTION,NO_GO,NO_GO,NO_GO,NO_GO,FALSE_BREAKOUT_SWEEP_REVERSAL,SWEEP_HIGH_REV_SHORT_L24_T15,SHORT,Sweep above prior 24H high by 15bps then close back inside,4,"{""lookback"": 24, ""threshold_bps"": 15}",69,66,8.0,-1.3958339209070354,-1.2296768282992119,66,-14.328992410824599,-8.34379358668147,-22.328992410824597,37.878787878787875,-37.25991763614434,30.354926731974707,13.636363636363635,9.090909090909092,-38.3289924108246,-12.933158489917563,-13.099315582525387,-20.933158489917563,-21.099315582525385,32,-9.866825815232918,47,-21.730109969011018,19,-23.8104384511003,-26.961116098082996,"{""2022"": -22.589734311247273, ""2023"": -25.035039422800544, ""2024"": -26.961116098082996, ""2025"": -21.730109969011018, ""2026"": -15.061505032516845}","{""2022"": -19.72157340659785, ""2023"": -7.175129143759276, ""2024"": -7.853605888142095, ""2025"": -23.8104384511003, ""2026"": -47.03844949707095}","{""2022"": 6, ""2023"": 10, ""2024"": 16, ""2025"": 19, ""2026"": 15}",44,-13.458555256291124,-29.458555256291124,43.18181818181818,-27.94838918600884,22,-40.06986671989154,-56.06986671989154,27.27272727272727,-56.87880355463304,33,-8.423038442572627,-24.423038442572626,48.484848484848484,-26.805556239928308,33,-36.23494637907657,-52.23494637907657,27.27272727272727,-47.924525997120604,16,-11.880045742323743,-27.880045742323745,43.75,-36.605964650920924,17,-5.169384513395109,-21.16938451339511,52.94117647058824,-23.031432136324526,16,-25.88188646023328,-41.881886460233275,31.25,-34.14611028157432,17,-45.97900277328202,-61.97900277328202,23.52941176470588,-58.069557283326745,22,-40.06986671989154,-56.06986671989154,27.27272727272727,-56.87880355463304,-45.97900277328202,-61.97900277328202,h1_cost_residual_floor;ex2025_floor;loyo_floor;train_cost_floor;oos_cost_floor;worst_quarter_cost_floor;worst_quarter_slip16_floor,FAIL_BENCHMARK_OR_STABILITY_RESEARCH_ONLY
Stage40_PARALLEL_THESIS_MEGASCAN,RESEARCH_STAGE_ONLY_NO_PROMOTION,NO_GO,NO_GO,NO_GO,NO_GO,FALSE_BREAKOUT_SWEEP_REVERSAL,SWEEP_LOW_REV_LONG_L24_T3,LONG,Sweep below prior 24H low by 3bps then close back inside,24,"{""lookback"": 24, ""threshold_bps"": 3}",342,235,8.0,8.502590481085887,8.612916361476685,235,-4.5573481107231,-0.054505120755665715,-12.557348110723103,44.25531914893617,-57.92064871126601,56.03443868421376,28.510638297872344,26.80851063829787,-28.557348110723105,-13.059938591808987,-13.170264472199786,-21.05993859180899,-21.17026447219979,155,-11.698962294410737,182,-19.772968636139577,53,12.220820485990068,-19.772968636139577,"{""2022"": -16.39188946703074, ""2023"": -11.185502728957827, ""2024"": -10.727898694275286, ""2025"": -19.772968636139577, ""2026"": -5.604017643635531}","{""2022"": 2.381385923225416, ""2023"": -16.55856380753848, ""2024"": -19.87514577651437, ""2025"": 12.220820485990068, ""2026"": -66.12374578310141}","{""2022"": 48, ""2023"": 60, ""2024"": 47, ""2025"": 53, ""2026"": 27}",157,-11.350939115058623,-27.350939115058623,41.40127388535032,-52.94089705888627,78,-14.985632884047755,-30.985632884047753,50.0,-86.05836057995198,117,-6.815942554304859,-22.815942554304858,41.88034188034188,-48.8399795791028,118,-18.250097687849667,-34.25009768784967,46.61016949152542,-77.65544317140716,58,2.999617142682783,-13.000382857317216,50.0,-50.794233826972345,59,-16.46513683269949,-32.465136832699486,33.89830508474576,-47.919911243989866,59,-16.085113735534165,-32.085113735534165,45.76271186440678,-59.276278001149095,59,-20.415081640165162,-36.41508164016516,47.45762711864407,-88.26003440007058,78,-14.985632884047755,-30.985632884047753,50.0,-86.05836057995198,-20.415081640165162,-36.41508164016516,h1_cost_residual_floor;ex2025_floor;loyo_floor;train_cost_floor;oos_cost_floor;worst_quarter_cost_floor;worst_quarter_slip16_floor,FAIL_BENCHMARK_OR_STABILITY_RESEARCH_ONLY
Stage40_PARALLEL_THESIS_MEGASCAN,RESEARCH_STAGE_ONLY_NO_PROMOTION,NO_GO,NO_GO,NO_GO,NO_GO,PULLBACK_CONTINUATION_AFTER_TREND,DOWNTREND_PULLBACK_CONT_SHORT_TL72_T300,SHORT,Downtrend 72H then controlled pullback continuation,8,"{""mean_lookback"": 24, ""trend_bps"": 300, ""trend_lookback"": 72}",135,65,8.0,-2.7951299583446616,-1.1310753012648225,65,-16.193809605886642,-9.543259132267501,-24.193809605886642,41.53846153846154,-62.844668280683806,42.730247162134916,26.153846153846157,30.76923076923077,-40.19380960588664,-13.39867964754198,-15.06273430462182,-21.398679647541982,-23.06273430462182,18,-7.5207042012449214,42,-33.01617688432126,23,-8.083399793092976,-33.01617688432126,"{""2022"": -24.846780854884102, ""2023"": -24.97424139637787, ""2024"": -28.0606880036092, ""2025"": -33.01617688432126, ""2026"": -7.8363627039889545}","{""2022"": -14.235998058675419, ""2023"": -12.292224800895305, ""2024"": -2.925978418412572, ""2025"": -8.083399793092976, ""2026"": -52.137781396628526}","{""2022"": 4, ""2023"": 4, ""2024"": 10, ""2025"": 23, ""2026"": 24}",43,-4.221058499356412,-20.221058499356413,41.86046511627907,-55.990751604666485,22,-63.23145949592301,-79.23145949592302,40.909090909090914,-88.91107814183452,32,-2.4617493675323043,-18.461749367532306,40.625,-51.66611562889667,33,-45.26732256429084,-61.26732256429084,42.42424242424242,-82.71153104280948,16,-17.161975888746024,-33.16197588874603,31.25,-48.351284749973416,16,12.238477153681423,-3.7615228463185773,50.0,-54.45165885680892,16,1.8530297435494436,-14.146970256450556,50.0,-60.61507607197259,17,-89.6158894422582,-105.6158894422582,35.294117647058826,-104.16119935680479,22,-63.23145949592301,-79.23145949592302,40.909090909090914,-88.91107814183452,-89.6158894422582,-105.6158894422582,h1_cost_residual_floor;ex2025_floor;loyo_floor;train_cost_floor;oos_cost_floor;worst_quarter_cost_floor;worst_quarter_slip16_floor,FAIL_BENCHMARK_OR_STABILITY_RESEARCH_ONLY
Stage40_PARALLEL_THESIS_MEGASCAN,RESEARCH_STAGE_ONLY_NO_PROMOTION,NO_GO,NO_GO,NO_GO,NO_GO,VOL_COMPRESSION_EXPANSION,VOL_COMP_EXP_SHORT_L120_Q0.25_M2.0,SHORT,Compressed 120H range then bearish expansion,24,"{""compression_q"": 0.25, ""expansion_mult"": 2.0, ""lookback"": 120}",271,167,8.0,-8.502590481085887,-8.612916361476685,167,-22.418564513597694,-11.936071211813282,-30.41856451359769,36.52694610778443,-62.20252811003135,45.571362895264755,28.74251497005988,17.964071856287426,-46.41856451359769,-13.915974032511807,-13.805648152121009,-21.915974032511805,-21.805648152121005,119,-21.679286769764158,134,-24.86212023501247,33,-52.98109582664073,-35.80520694798308,"{""2022"": -31.95714243923368, ""2023"": -35.80520694798308, ""2024"": -31.91018051677141, ""2025"": -24.86212023501247, ""2026"": -28.475074262375518}","{""2022"": -21.679441895985263, ""2023"": -17.06418014501723, ""2024"": -26.49496589655381, ""2025"": -52.981095826640725, ""2026"": -50.11259905931579}","{""2022"": 25, ""2023"": 48, ""2024"": 46, ""2025"": 33, ""2026"": 15}",111,-21.183946971326147,-37.18394697132615,36.93693693693694,-58.592594053936686,56,-48.722895713457376,-64.72289571345738,35.714285714285715,-85.57659086834035,83,-15.452118017188043,-31.45211801718804,39.75903614457831,-56.94532490260862,84,-45.206839027907236,-61.206839027907236,33.33333333333333,-78.3295014209262,41,-20.246046344227434,-36.24604634422744,41.46341463414634,-61.10057339699493,42,-10.772330840792446,-26.772330840792446,38.095238095238095,-49.3293473247991,42,-38.05612261871278,-54.05612261871278,28.57142857142857,-67.51735794706337,42,-52.35755543710169,-68.3575554371017,38.095238095238095,-102.87120011257312,56,-48.722895713457376,-64.72289571345738,35.714285714285715,-85.57659086834035,-52.35755543710169,-68.3575554371017,h1_cost_residual_floor;ex2025_floor;loyo_floor;train_cost_floor;oos_cost_floor;worst_quarter_cost_floor;worst_quarter_slip16_floor,FAIL_BENCHMARK_OR_STABILITY_RESEARCH_ONLY
Stage40_PARALLEL_THESIS_MEGASCAN,RESEARCH_STAGE_ONLY_NO_PROMOTION,NO_GO,NO_GO,NO_GO,NO_GO,FAILED_CONTINUATION_AFTER_EXTREME_MOVE,FAILED_DOWN_CONT_LONG_L24_T100,LONG,"Strong 24H down move, new low attempt fails",24,"{""lookback"": 24, ""move_bps"": 100}",159,103,8.0,8.502590481085887,8.612916361476685,103,-5.62355340993773,-1.3048213147581755,-13.623553409937731,46.601941747572816,-69.5795432637547,77.37896708315262,34.95145631067961,35.92233009708738,-29.62355340993773,-14.126143891023617,-14.236469771414416,-22.126143891023617,-22.236469771414416,61,-0.7462354171579172,84,-16.646760479290506,19,-0.2577958401675722,-19.09976323517023,"{""2022"": -19.09976323517023, ""2023"": -16.211026287092434, ""2024"": -14.996570050823381, ""2025"": -16.646760479290506, ""2026"": -0.6302310176227109}","{""2022"": 9.10271736477714, ""2023"": -0.5339847372727471, ""2024"": -9.104040300355797, ""2025"": -0.2577958401675722, ""2026"": -58.81771825277257}","{""2022"": 20, ""2023"": 17, ""2024"": 24, ""2025"": 19, ""2026"": 23}",69,-1.1093902552122064,-17.109390255212205,50.72463768115942,-54.73286960802071,34,-39.01994334158659,-55.01994334158659,38.23529411764706,-97.60619966897144,51,1.973818829570252,-14.026181170429748,49.01960784313725,-43.109288822197335,52,-28.920976183301327,-44.92097618330133,44.230769230769226,-86.22055659110673,25,2.481725083770049,-13.51827491622995,56.00000000000001,-30.454816237706073,26,1.4854474313012143,-14.514552568698786,42.30769230769231,-59.1976952349621,26,-3.591386802202231,-19.59138680220223,50.0,-63.06501093648109,26,-54.25056556440043,-70.25056556440043,38.46153846153847,-161.17918319229983,34,-39.01994334158659,-55.01994334158659,38.23529411764706,-97.60619966897144,-54.25056556440043,-70.25056556440043,h1_cost_residual_floor;ex2025_floor;loyo_floor;train_cost_floor;oos_cost_floor;worst_quarter_cost_floor;worst_quarter_slip16_floor,FAIL_BENCHMARK_OR_STABILITY_RESEARCH_ONLY
Stage40_PARALLEL_THESIS_MEGASCAN,RESEARCH_STAGE_ONLY_NO_PROMOTION,NO_GO,NO_GO,NO_GO,NO_GO,FAILED_CONTINUATION_AFTER_EXTREME_MOVE,FAILED_UP_CONT_SHORT_L72_T300,SHORT,"Strong 72H up move, new high attempt fails",8,"{""lookback"": 72, ""move_bps"": 300}",84,60,8.0,-2.7951299583446616,-1.1310753012648225,60,-17.330129110935953,-13.012000240150146,-25.330129110935953,41.66666666666667,-51.02127491497855,43.193191861253254,18.333333333333332,15.0,-41.33012911093596,-14.534999152591292,-16.19905380967113,-22.53499915259129,-24.19905380967113,17,-6.904491610651104,33,-26.09410858047503,27,-24.39637642594375,-30.79717700512006,"{""2022"": -25.705249717207824, ""2023"": -25.38195939762927, ""2024"": -30.79717700512006, ""2025"": -26.09410858047503, ""2026"": -17.63814820185341}","{""2022"": -21.203802441945413, ""2023"": -24.759995957309478, ""2024"": 16.063233516457956, ""2025"": -24.396376425943753, ""2026"": -46.483076610912946}","{""2022"": 5, ""2023"": 5, ""2024"": 7, ""2025"": 27, ""2026"": 16}",40,-12.734560297920883,-28.734560297920883,42.5,-48.8262665000494,20,-50.5212667369661,-66.5212667369661,40.0,-61.69137687549231,30,-17.1534556069555,-33.153455606955504,40.0,-60.650745316879195,30,-33.5068026149164,-49.5068026149164,43.333333333333336,-49.43158130980674,15,-11.944670171194266,-27.944670171194268,40.0,-49.267529512160294,15,-22.362241042716736,-38.36224104271673,40.0,-64.94659239733025,15,-17.426253359336336,-33.426253359336336,46.666666666666664,-33.44440269730464,15,-49.58735187049648,-65.58735187049648,40.0,-68.7575168077359,20,-50.5212667369661,-66.5212667369661,40.0,-61.69137687549231,-49.58735187049648,-65.58735187049648,h1_cost_residual_floor;ex2025_floor;loyo_floor;train_cost_floor;oos_cost_floor;worst_quarter_cost_floor;worst_quarter_slip16_floor,FAIL_BENCHMARK_OR_STABILITY_RESEARCH_ONLY
Stage40_PARALLEL_THESIS_MEGASCAN,RESEARCH_STAGE_ONLY_NO_PROMOTION,NO_GO,NO_GO,NO_GO,NO_GO,VOL_COMPRESSION_EXPANSION,VOL_COMP_EXP_SHORT_L120_Q0.25_M2.0,SHORT,Compressed 120H range then bearish expansion,72,"{""compression_q"": 0.25, ""expansion_mult"": 2.0, ""lookback"": 120}",271,108,8.0,-25.002508867881485,-23.30868059339869,108,-39.79427489560636,-25.971696654625287,-47.79427489560636,39.81481481481482,-115.9227914268357,87.08624699696409,56.481481481481474,40.74074074074074,-63.79427489560636,-14.791766027724872,-16.485594302207666,-22.791766027724872,-24.485594302207666,74,-35.47245254984489,87,-42.0229203425286,21,-71.70417232978559,-56.99532677188048,"{""2022"": -52.76944099214279, ""2023"": -56.99532677188048, ""2024"": -44.23433442623755, ""2025"": -42.0229203425286, ""2026"": -43.481569553831775}","{""2022"": -22.918444412924174, ""2023"": -20.191119266783975, ""2024"": -57.49204376043859, ""2025"": -71.7041723297856, ""2026"": -79.3101985470359}","{""2022"": 18, ""2023"": 27, ""2024"": 29, ""2025"": 21, ""2026"": 13}",72,-33.389833292069575,-49.389833292069575,40.27777777777778,-110.51524584117956,36,-76.60315810267991,-92.60315810267991,38.88888888888889,-159.4330749358752,54,-17.89726287095682,-33.89726287095682,46.2962962962963,-99.1279459196437,54,-77.69128692025589,-93.69128692025589,33.33333333333333,-158.13584662091594,27,-22.947395523767653,-38.94739552376765,44.44444444444444,-151.98005807827596,27,-12.847130218145981,-28.84713021814598,48.148148148148145,-66.39856875355399,27,-83.8902294751014,-99.8902294751014,25.925925925925924,-157.3253038446598,27,-71.49234436541036,-87.49234436541036,40.74074074074074,-158.94638939717208,36,-76.60315810267991,-92.60315810267991,38.88888888888889,-159.4330749358752,-83.8902294751014,-99.8902294751014,h1_cost_residual_floor;ex2025_floor;loyo_floor;train_cost_floor;oos_cost_floor;worst_quarter_cost_floor;worst_quarter_slip16_floor,FAIL_BENCHMARK_OR_STABILITY_RESEARCH_ONLY
Stage40_PARALLEL_THESIS_MEGASCAN,RESEARCH_STAGE_ONLY_NO_PROMOTION,NO_GO,NO_GO,NO_GO,NO_GO,PULLBACK_CONTINUATION_AFTER_TREND,DOWNTREND_PULLBACK_CONT_SHORT_TL72_T150,SHORT,Downtrend 72H then controlled pullback continuation,72,"{""mean_lookback"": 24, ""trend_bps"": 150, ""trend_lookback"": 72}",412,80,8.0,-25.002508867881485,-23.30868059339869,80,-40.138781398188044,-37.166305676992195,-48.13878139818804,37.5,-126.6580238909043,98.59364335015331,62.5,50.0,-64.13878139818803,-15.13627253030656,-16.830100804789353,-23.136272530306552,-24.830100804789346,50,-35.512095250440915,66,-44.176121599362645,14,-66.81989187836483,-54.32410231691177,"{""2022"": -51.40463145308072, ""2023"": -48.566863134005146, ""2024"": -54.32410231691177, ""2025"": -44.176121599362645, ""2026"": -42.360675762799275}","{""2022"": -32.74263113940825, ""2023"": -46.76441372003837, ""2024"": -25.216709758211852, ""2025"": -66.81989187836486, ""2026"": -71.25120393974308}","{""2022"": 14, ""2023"": 19, ""2024"": 17, ""2025"": 14, ""2026"": 16}",53,-36.65152185258027,-52.65152185258027,35.84905660377358,-114.35783349020178,27,-70.68784643215884,-86.68784643215884,40.74074074074074,-165.38338540257325,40,-49.52682332344451,-65.52682332344452,32.5,-110.34065453137565,40,-46.75073947293156,-62.75073947293156,42.5,-158.30371220226016,20,-62.12620067920233,-78.12620067920233,25.0,-121.28693166293502,20,-36.92744596768671,-52.92744596768671,40.0,-103.97305860547878,20,-28.368323671233146,-44.36832367123314,45.0,-123.50356150729769,20,-65.13315527462996,-81.13315527462996,40.0,-166.80257936401378,27,-70.68784643215884,-86.68784643215884,40.74074074074074,-165.38338540257325,-65.13315527462996,-81.13315527462996,h1_cost_residual_floor;ex2025_floor;loyo_floor;train_cost_floor;oos_cost_floor;worst_quarter_cost_floor;worst_quarter_slip16_floor;stop100_cap,FAIL_BENCHMARK_OR_STABILITY_RESEARCH_ONLY
Stage40_PARALLEL_THESIS_MEGASCAN,RESEARCH_STAGE_ONLY_NO_PROMOTION,NO_GO,NO_GO,NO_GO,NO_GO,VOL_COMPRESSION_EXPANSION,VOL_COMP_EXP_SHORT_L120_Q0.25_M1.5,SHORT,Compressed 120H range then bearish expansion,72,"{""compression_q"": 0.25, ""expansion_mult"": 1.5, ""lookback"": 120}",564,135,8.0,-25.002508867881485,-23.30868059339869,135,-40.21670630468099,-37.25357721153122,-48.21670630468099,37.03703703703704,-124.24796613364153,83.1669707087046,58.51851851851851,40.0,-64.216706304681,-15.214197436799505,-16.9080257112823,-23.214197436799505,-24.9080257112823,88,-27.1198908370657,104,-30.72964719020462,31,-106.88296914034369,-61.67442004054007,"{""2022"": -57.180017861731535, ""2023"": -61.67442004054007, ""2024"": -42.890126528332054, ""2025"": -30.72964719020462, ""2026"": -47.898507874054076}","{""2022"": 0.4412707193076995, ""2023"": -6.620136575662007, ""2024"": -64.03978152265873, ""2025"": -106.88296914034366, ""2026"": -50.58330713246869}","{""2022"": 21, ""2023"": 33, ""2024"": 34, ""2025"": 31, ""2026"": 16}",90,-29.1979418936328,-45.1979418936328,38.88888888888889,-102.48412491931535,45,-86.25423512677737,-102.25423512677737,33.33333333333333,-175.07962261883225,67,-7.457541257147777,-23.457541257147778,47.76119402985074,-85.1662670697384,68,-88.37647186622108,-104.37647186622108,26.47058823529412,-167.91642864829595,33,6.283727753499942,-9.716272246500058,51.515151515151516,-97.08912529834413,34,-20.794655296894092,-36.79465529689409,44.11764705882353,-82.49146082549674,34,-87.87545950029445,-103.87545950029445,20.588235294117645,-131.718559471361,34,-88.87748423214768,-104.87748423214768,32.35294117647059,-184.45444640898256,45,-86.25423512677737,-102.25423512677737,33.33333333333333,-175.07962261883225,-88.87748423214768,-104.87748423214768,h1_cost_residual_floor;ex2025_floor;loyo_floor;train_cost_floor;oos_cost_floor;worst_quarter_cost_floor;worst_quarter_slip16_floor,FAIL_BENCHMARK_OR_STABILITY_RESEARCH_ONLY
Stage40_PARALLEL_THESIS_MEGASCAN,RESEARCH_STAGE_ONLY_NO_PROMOTION,NO_GO,NO_GO,NO_GO,NO_GO,VOLATILITY_SHOCK_REVERSAL,LOWER_WICK_SHOCK_REV_LONG_M2.0_W1.0,LONG,Large H1 shock with lower-wick rejection,24,"{""range_atr_mult"": 2.0, ""wick_ratio"": 1.0}",146,128,8.0,8.502590481085887,8.612916361476685,128,-7.2033507920050885,1.4672018980876889,-15.203350792005086,46.875,-56.67186812664538,64.31712037611948,27.34375,32.03125,-31.203350792005086,-15.705941273090975,-15.816267153481775,-23.70594127309097,-23.81626715348177,99,-4.777665563250485,110,-15.954823652004869,18,-10.61101664756199,-21.616410647424324,"{""2022"": -19.953203902816778, ""2023"": -21.616410647424324, ""2024"": -15.178433571591368, ""2025"": -15.954823652004869, ""2026"": -5.675104191606099}","{""2022"": 1.011665000076188, ""2023"": -1.094619110082761, ""2024"": -15.284747045356568, ""2025"": -10.61101664756199, ""2026"": -116.54924645079431}","{""2022"": 29, ""2023"": 40, ""2024"": 30, ""2025"": 18, ""2026"": 11}",85,-0.8737869841961097,-16.87378698419611,49.411764705882355,-47.73732232382866,43,-43.52923273767399,-59.52923273767399,41.86046511627907,-73.16762471935246,64,-1.1532324739773259,-17.153232473977326,45.3125,-47.616534957485854,64,-29.25346911003285,-45.25346911003285,48.4375,-68.35411003402292,32,4.204314518908901,-11.795685481091098,43.75,-50.083427137976315,32,-6.510779466863555,-22.510779466863553,46.875,-44.30499992098713,32,-7.456966966119607,-23.45696696611961,56.25,-63.780704516124835,32,-51.0499712539461,-67.0499712539461,40.625,-90.81852304412774,43,-43.52923273767399,-59.52923273767399,41.86046511627907,-73.16762471935246,-51.0499712539461,-67.0499712539461,h1_cost_residual_floor;ex2025_floor;loyo_floor;train_cost_floor;oos_cost_floor;worst_quarter_cost_floor;worst_quarter_slip16_floor,FAIL_BENCHMARK_OR_STABILITY_RESEARCH_ONLY
Stage40_PARALLEL_THESIS_MEGASCAN,RESEARCH_STAGE_ONLY_NO_PROMOTION,NO_GO,NO_GO,NO_GO,NO_GO,VOLATILITY_SHOCK_REVERSAL,LOWER_WICK_SHOCK_REV_LONG_M2.0_W1.5,LONG,Large H1 shock with lower-wick rejection,24,"{""range_atr_mult"": 2.0, ""wick_ratio"": 1.5}",118,106,8.0,8.502590481085887,8.612916361476685,106,-7.273484469324843,2.6298197419760694,-15.273484469324844,47.16981132075472,-57.98342281668367,64.84365726915576,28.30188679245283,31.132075471698112,-31.273484469324842,-15.776074950410731,-15.886400830801527,-23.77607495041073,-23.886400830801527,83,-5.900156162787502,92,-13.75323817452301,14,-25.26367440659405,-22.012916706797157,"{""2022"": -17.50685104466868, ""2023"": -22.012916706797157, ""2024"": -16.46394513868545, ""2025"": -13.75323817452301, ""2026"": -8.694890754677104}","{""2022"": -6.74608481801203, ""2023"": 0.31145257982987573, ""2024"": -12.112606140332893, ""2025"": -25.263674406594046, ""2026"": -86.17610561608382}","{""2022"": 22, ""2023"": 32, ""2024"": 29, ""2025"": 14, ""2026"": 9}",71,-0.06459841424330688,-16.064598414243306,49.29577464788733,-48.78588417501106,35,-46.12579618106167,-62.12579618106167,42.857142857142854,-73.16762471935246,53,-4.849651362527942,-20.849651362527943,45.28301886792453,-48.78588417501106,53,-25.697317576121748,-41.69731757612175,49.056603773584904,-68.0294931150427,26,-13.411960392213018,-29.411960392213018,34.61538461538461,-53.94365836824178,27,3.395535110502134,-12.604464889497866,55.55555555555556,-44.29298187032305,26,2.7157982686971573,-13.284201731302844,57.692307692307686,-58.221426645309606,27,-53.05809579705848,-69.05809579705848,40.74074074074074,-100.77373533077805,35,-46.12579618106167,-62.12579618106167,42.857142857142854,-73.16762471935246,-53.05809579705848,-69.05809579705848,h1_cost_residual_floor;ex2025_floor;loyo_floor;train_cost_floor;oos_cost_floor;worst_quarter_cost_floor;worst_quarter_slip16_floor,FAIL_BENCHMARK_OR_STABILITY_RESEARCH_ONLY
Stage40_PARALLEL_THESIS_MEGASCAN,RESEARCH_STAGE_ONLY_NO_PROMOTION,NO_GO,NO_GO,NO_GO,NO_GO,FALSE_BREAKOUT_SWEEP_REVERSAL,SWEEP_LOW_REV_LONG_L24_T3,LONG,Sweep below prior 24H low by 3bps then close back inside,72,"{""lookback"": 24, ""threshold_bps"": 3}",342,171,8.0,25.002508867881485,23.30868059339869,171,8.59472437682298,19.306716825897574,0.5947243768229785,52.63157894736842,-96.4659860114081,107.31964500161118,49.707602339181285,52.046783625730995,-15.40527562317702,-16.407784491058507,-14.713956216575712,-24.407784491058507,-22.713956216575713,115,-5.607001765853587,134,-5.974780905864004,37,24.386986751959615,-5.974780905864004,"{""2022"": 2.7465395257269662, ""2023"": 4.398372393648077, ""2024"": 0.055094445383157394, ""2025"": -5.974780905864004, ""2026"": 1.694166491771997}","{""2022"": -7.474582431566976, ""2023"": -11.465622993598068, ""2024"": 2.4834291368623522, ""2025"": 24.386986751959615, ""2026"": -8.200812542769176}","{""2022"": 36, ""2023"": 41, ""2024"": 38, ""2025"": 37, ""2026"": 19}",114,-6.7841523753760065,-22.784152375376006,50.0,-91.5698891715444,57,15.35247788122095,-0.6475221187790492,57.89473684210527,-141.70568780081382,85,-6.3453200090904645,-22.345320009090464,50.588235294117645,-90.90723167539227,86,7.454070572202543,-8.545929427797457,54.65116279069767,-120.40014685225641,42,-7.151473839810018,-23.151473839810016,52.38095238095239,-77.76425112921758,43,-5.557913941876021,-21.55791394187602,48.837209302325576,-94.40286914955797,43,-7.3977220283314615,-23.39772202833146,53.48837209302325,-96.28517950187931,43,22.30586317273656,6.3058631727365615,55.81395348837209,-148.1364651072503,57,15.35247788122095,-0.6475221187790492,57.89473684210527,-141.70568780081382,-7.3977220283314615,-23.39772202833146,h1_cost_residual_floor;ex2025_floor;loyo_floor;train_cost_floor,FAIL_BENCHMARK_OR_STABILITY_RESEARCH_ONLY
Stage40_PARALLEL_THESIS_MEGASCAN,RESEARCH_STAGE_ONLY_NO_PROMOTION,NO_GO,NO_GO,NO_GO,NO_GO,PULLBACK_CONTINUATION_AFTER_TREND,UPTREND_PULLBACK_CONT_LONG_TL72_T300,LONG,Uptrend 72H then controlled pullback continuation,24,"{""mean_lookback"": 24, ""trend_bps"": 300, ""trend_lookback"": 72}",152,46,8.0,8.502590481085887,8.612916361476685,46,-8.186972025218532,-2.407753574968363,-16.18697202521853,45.65217391304348,-72.35304118824615,91.14258928576868,41.30434782608695,45.65217391304348,-32.18697202521853,-16.68956250630442,-16.799888386695216,-24.68956250630442,-24.799888386695216,13,13.024139788569784,31,-37.80938501668033,15,28.499348157135838,-37.80938501668033,"{""2022"": -22.42757375607268, ""2023"": -12.06473480148629, ""2024"": -23.27899993448992, ""2025"": -37.80938501668033, ""2026"": 21.31442998601589}","{""2022"": 49.33934614875008, ""2023"": -59.470462874406984, ""2024"": 41.967656830806945, ""2025"": 28.49934815713584, ""2026"": -74.52248626491651}","{""2022"": 4, ""2023"": 4, ""2024"": 5, ""2025"": 15, ""2026"": 18}",30,20.23038711531264,4.2303871153126416,46.666666666666664,-69.70001783591806,16,-84.46952041371445,-100.46952041371445,43.75,-85.94484818756797,23,10.039743876787737,-5.960256123212263,47.82608695652174,-77.04136433533293,23,-42.41368792722479,-58.41368792722479,43.47826086956522,-67.66471804115936,11,25.210945699732953,9.210945699732953,63.63636363636363,-45.90018605030832,12,-3.867191127578716,-19.867191127578717,33.33333333333333,-106.3165250042164,11,77.22591405507535,61.22591405507535,54.54545454545454,-58.42988777289726,12,-152.08332307766662,-168.08332307766662,33.33333333333333,-107.812385199495,16,-84.46952041371445,-100.46952041371445,43.75,-85.94484818756797,-152.08332307766662,-168.08332307766662,h1_cost_residual_floor;ex2025_floor;loyo_floor;oos_cost_floor;worst_quarter_cost_floor;worst_quarter_slip16_floor,FAIL_BENCHMARK_OR_STABILITY_RESEARCH_ONLY
Stage40_PARALLEL_THESIS_MEGASCAN,RESEARCH_STAGE_ONLY_NO_PROMOTION,NO_GO,NO_GO,NO_GO,NO_GO,FALSE_BREAKOUT_SWEEP_REVERSAL,SWEEP_LOW_REV_LONG_L72_T8,LONG,Sweep below prior 72H low by 8bps then close back inside,72,"{""lookback"": 72, ""threshold_bps"": 8}",98,69,8.0,25.002508867881485,23.30868059339869,69,6.127402258005063,29.857785975682116,-1.8725977419949404,55.072463768115945,-97.8213218877122,118.40347260427153,49.275362318840585,65.21739130434783,-17.87259774199494,-18.875106609876422,-17.18127833539363,-26.875106609876426,-25.181278335393632,44,1.3074410632473537,55,-4.636402634140606,14,8.985207191434485,-19.731511532822843,"{""2022"": 21.905355744188448, ""2023"": -8.910723281578202, ""2024"": -19.731511532822843, ""2025"": -4.636402634140606, ""2026"": 3.1606949562580398}","{""2022"": -74.60516134679119, ""2023"": 28.44548150544064, ""2024"": 68.28742072197183, ""2025"": 8.98520719143448, ""2026"": -28.41177742369247}","{""2022"": 17, ""2023"": 13, ""2024"": 14, ""2025"": 14, ""2026"": 11}",46,3.0071066073827555,-12.992893392617244,54.347826086956516,-86.48814597638776,23,-11.632006440750331,-27.63200644075033,56.52173913043478,-226.4362482757465,34,-24.35046365073017,-40.35046365073017,47.05882352941176,-93.736678932409,35,19.963043426490717,3.9630434264907173,62.857142857142854,-138.98067876997212,17,-74.6051613467912,-90.6051613467912,29.411764705882355,-154.0236548506091,17,25.90423404533086,9.90423404533086,64.70588235294117,-58.59492432399915,17,29.695539846833586,13.695539846833586,64.70588235294117,-83.96639614671186,18,10.771241251722444,-5.228758748277556,61.111111111111114,-229.0358790938696,23,-11.632006440750331,-27.63200644075033,56.52173913043478,-226.4362482757465,-74.6051613467912,-90.6051613467912,h1_cost_residual_floor;ex2025_floor;loyo_floor;oos_cost_floor;worst_quarter_cost_floor;worst_quarter_slip16_floor,FAIL_BENCHMARK_OR_STABILITY_RESEARCH_ONLY
Stage40_PARALLEL_THESIS_MEGASCAN,RESEARCH_STAGE_ONLY_NO_PROMOTION,NO_GO,NO_GO,NO_GO,NO_GO,FALSE_BREAKOUT_SWEEP_REVERSAL,SWEEP_HIGH_REV_SHORT_L72_T3,SHORT,Sweep above prior 72H high by 3bps then close back inside,72,"{""lookback"": 72, ""threshold_bps"": 3}",253,120,8.0,-25.002508867881485,-23.30868059339869,120,-43.89953908515789,-33.18064953402144,-51.89953908515788,37.5,-128.0393383508538,81.90247403117468,60.83333333333333,43.333333333333336,-67.89953908515788,-18.897030217276406,-20.5908584917592,-26.8970302172764,-28.590858491759192,70,-41.67843539328658,81,-25.15511833967262,39,-107.44564371039651,-65.20982185537177,"{""2022"": -46.446329090242166, ""2023"": -63.60363645356861, ""2024"": -53.96414518698793, ""2025"": -25.15511833967262, ""2026"": -65.20982185537177}","{""2022"": -90.07200904956797, ""2023"": -9.584725522442197, ""2024"": -45.420947524242905, ""2025"": -107.44564371039651, ""2026"": 79.99326291059809}","{""2022"": 15, ""2023"": 26, ""2024"": 29, ""2025"": 39, ""2026"": 11}",80,-43.804732959824904,-59.804732959824904,38.75,-120.90163691330757,40,-68.08915133582384,-84.08915133582384,35.0,-171.18210682872893,60,-37.20905174294308,-53.20905174294308,40.0,-116.44538152741134,60,-66.59002642737269,-82.59002642737269,35.0,-140.91323468393813,30,-30.81705949845584,-46.81705949845584,46.666666666666664,-90.63785136341984,30,-43.60104398743032,-59.60104398743032,33.33333333333333,-121.88721589804885,30,-91.16675448752707,-107.16675448752707,26.666666666666668,-155.1449250619008,30,-42.013298367218304,-58.013298367218304,43.333333333333336,-131.89060368562488,40,-68.08915133582384,-84.08915133582384,35.0,-171.18210682872893,-91.16675448752707,-107.16675448752707,h1_cost_residual_floor;ex2025_floor;loyo_floor;train_cost_floor;oos_cost_floor;worst_quarter_cost_floor;worst_quarter_slip16_floor;stop100_cap,FAIL_BENCHMARK_OR_STABILITY_RESEARCH_ONLY
Stage40_PARALLEL_THESIS_MEGASCAN,RESEARCH_STAGE_ONLY_NO_PROMOTION,NO_GO,NO_GO,NO_GO,NO_GO,FALSE_BREAKOUT_SWEEP_REVERSAL,SWEEP_HIGH_REV_SHORT_L72_T8,SHORT,Sweep above prior 72H high by 8bps then close back inside,24,"{""lookback"": 72, ""threshold_bps"": 8}",118,93,8.0,-8.502590481085887,-8.612916361476685,93,-27.483264163272203,-16.294297545413894,-35.4832641632722,36.55913978494624,-81.55200082237357,44.577355722204004,39.784946236559136,24.731182795698924,-51.4832641632722,-18.980673682186314,-18.870347801795518,-26.980673682186314,-26.870347801795518,44,-9.264894148519659,56,-20.766057156972085,37,-57.75795584848319,-43.06626761416219,"{""2022"": -37.82225343413132, ""2023"": -43.06626761416219, ""2024"": -40.455894356958176, ""2025"": -20.766057156972085, ""2026"": -31.41604578924374}","{""2022"": -18.047162325958734, ""2023"": 1.0099399441358883, ""2024"": -13.25268212091136, ""2025"": -57.75795584848319, ""2026"": -62.93698818796429}","{""2022"": 11, ""2023"": 16, ""2024"": 17, ""2025"": 37, ""2026"": 12}",62,-28.485587487468923,-44.48558748746892,35.483870967741936,-76.62581035075999,31,-49.47861751487874,-65.47861751487875,38.70967741935484,-86.02932267054442,46,-11.456683770077195,-27.456683770077195,41.30434782608695,-70.08192735678321,47,-58.99864071831413,-74.99864071831414,31.914893617021278,-86.02932267054442,23,-5.417970609253539,-21.417970609253537,39.130434782608695,-64.2134890023982,23,-17.495396930900846,-33.495396930900846,43.47826086956522,-84.99397272658804,23,-51.887103293662264,-67.88710329366226,30.434782608695656,-77.42932253834044,24,-65.81386408360548,-81.81386408360548,33.33333333333333,-107.72364810847424,31,-49.47861751487874,-65.47861751487875,38.70967741935484,-86.02932267054442,-65.81386408360548,-81.81386408360548,h1_cost_residual_floor;ex2025_floor;loyo_floor;train_cost_floor;oos_cost_floor;worst_quarter_cost_floor;worst_quarter_slip16_floor,FAIL_BENCHMARK_OR_STABILITY_RESEARCH_ONLY
Stage40_PARALLEL_THESIS_MEGASCAN,RESEARCH_STAGE_ONLY_NO_PROMOTION,NO_GO,NO_GO,NO_GO,NO_GO,FAILED_CONTINUATION_AFTER_EXTREME_MOVE,FAILED_UP_CONT_SHORT_L24_T200,SHORT,"Strong 24H up move, new high attempt fails",4,"{""lookback"": 24, ""move_bps"": 200}",66,61,8.0,-1.3958339209070354,-1.2296768282992119,61,-20.37676289897612,-20.337847036768775,-28.37676289897612,34.42622950819672,-46.629086249849735,23.829131516966974,9.836065573770492,6.557377049180328,-44.376762898976125,-18.980928978069088,-19.14708607067691,-26.980928978069088,-27.14708607067691,13,-3.0514633683151806,29,-29.216226326841205,32,-27.615999167473394,-34.020481482548185,"{""2022"": -28.069883733033617, ""2023"": -28.90031266641297, ""2024"": -34.020481482548185, ""2025"": -29.216226326841205, ""2026"": -20.51957771438324}","{""2022"": -31.813809557532203, ""2023"": -18.25480072853043, ""2024"": 34.83288523703099, ""2025"": -27.61599916747339, ""2026"": -50.4750962306436}","{""2022"": 5, ""2023"": 3, ""2024"": 5, ""2025"": 32, ""2026"": 16}",40,-22.014137504567145,-38.014137504567145,32.5,-43.15620225237238,21,-40.49604936451702,-56.49604936451702,38.095238095238095,-54.62523694324872,30,-27.7326465556904,-43.7326465556904,26.666666666666668,-49.45735878996716,31,-29.000101295704237,-45.00010129570424,41.935483870967744,-33.51494677648503,15,-1.7286699328967317,-17.728669932896732,46.666666666666664,-38.356408415030074,15,-53.73662317848407,-69.73662317848408,6.666666666666667,-64.49293416044056,15,-6.09344003176892,-22.09344003176892,53.333333333333336,-31.99829657866582,16,-50.4750962306436,-66.4750962306436,31.25,-55.15664338459403,21,-40.49604936451702,-56.49604936451702,38.095238095238095,-54.62523694324872,-53.73662317848407,-69.73662317848408,h1_cost_residual_floor;ex2025_floor;loyo_floor;train_cost_floor;oos_cost_floor;worst_quarter_cost_floor;worst_quarter_slip16_floor,FAIL_BENCHMARK_OR_STABILITY_RESEARCH_ONLY
Stage40_PARALLEL_THESIS_MEGASCAN,RESEARCH_STAGE_ONLY_NO_PROMOTION,NO_GO,NO_GO,NO_GO,NO_GO,FAILED_CONTINUATION_AFTER_EXTREME_MOVE,FAILED_UP_CONT_SHORT_L72_T300,SHORT,"Strong 72H up move, new high attempt fails",4,"{""lookback"": 72, ""move_bps"": 300}",84,73,8.0,-1.3958339209070354,-1.2296768282992119,73,-20.827905490631352,-13.099350805054755,-28.827905490631352,32.87671232876712,-37.61711597198403,26.087690162609476,8.21917808219178,5.47945205479452,-44.82790549063135,-19.432071569724318,-19.59822866233214,-27.432071569724318,-27.59822866233214,20,-16.9430804188404,40,-34.086322283028316,33,-22.45406695439261,-34.086322283028316,"{""2022"": -30.17517703516614, ""2023"": -29.63029307489562, ""2024"": -30.27735508703985, ""2025"": -34.086322283028316, ""2026"": -20.374449393806866}","{""2022"": -16.125059499303358, ""2023"": -17.915434344637266, ""2024"": -17.05112751981227, ""2025"": -22.45406695439261, ""2026"": -51.22956414721624}","{""2022"": 7, ""2023"": 5, ""2024"": 8, ""2025"": 33, ""2026"": 20}",48,-20.44937417177081,-36.44937417177081,33.33333333333333,-32.72134963798523,25,-44.91468562284359,-60.91468562284359,32.0,-48.262068475801726,36,-25.68080765282105,-41.680807652821045,27.77777777777778,-38.690302257979866,37,-31.88994663012246,-47.88994663012246,37.83783783783784,-35.07988433239851,18,-18.18004588339733,-34.18004588339733,38.88888888888889,-32.10308868866862,18,-33.18156942224477,-49.18156942224477,16.666666666666664,-40.740387879505406,18,-9.218523555009831,-25.21852355500983,44.44444444444444,-26.78077503129206,19,-53.36813691180811,-69.36813691180811,31.57894736842105,-49.581619194021265,25,-44.91468562284359,-60.91468562284359,32.0,-48.262068475801726,-53.36813691180811,-69.36813691180811,h1_cost_residual_floor;ex2025_floor;loyo_floor;train_cost_floor;oos_cost_floor;worst_quarter_cost_floor;worst_quarter_slip16_floor,FAIL_BENCHMARK_OR_STABILITY_RESEARCH_ONLY
Stage40_PARALLEL_THESIS_MEGASCAN,RESEARCH_STAGE_ONLY_NO_PROMOTION,NO_GO,NO_GO,NO_GO,NO_GO,FAILED_CONTINUATION_AFTER_EXTREME_MOVE,FAILED_UP_CONT_SHORT_L24_T200,SHORT,"Strong 24H up move, new high attempt fails",8,"{""lookback"": 24, ""move_bps"": 200}",66,49,8.0,-2.7951299583446616,-1.1310753012648225,49,-22.353455663861983,-16.22912830931522,-30.353455663861983,42.857142857142854,-68.7575168077359,35.42868711408076,28.57142857142857,12.244897959183673,-46.35345566386198,-19.55832570551732,-21.22238036259716,-27.55832570551732,-29.22238036259716,11,-9.281753520961031,25,-32.78152550997029,24,-27.82421624083251,-36.15401118689912,"{""2022"": -29.254825477232085, ""2023"": -30.79263139067905, ""2024"": -36.15401118689912, ""2025"": -32.78152550997029, ""2026"": -21.99658510030147}","{""2022"": -42.71304526344837, ""2023"": -23.619427852667048, ""2024"": 34.90279397030583, ""2025"": -27.82421624083251, ""2026"": -51.245632072763264}","{""2022"": 4, ""2023"": 3, ""2024"": 4, ""2025"": 24, ""2026"": 14}",32,-16.78390379455113,-32.78390379455113,46.875,-55.10440641016024,17,-55.89614153550594,-71.89614153550593,35.294117647058826,-86.02932267054442,24,-29.90172155710282,-45.90172155710282,41.66666666666667,-78.43044598754845,25,-30.78712040635078,-46.78712040635078,44.0,-61.25947497779727,12,-11.758633932434513,-27.758633932434513,50.0,-49.45735878996716,12,-48.04480918177112,-64.04480918177111,33.33333333333333,-85.01509499115767,12,0.3300379568032585,-15.669962043196742,50.0,-32.72134963798523,13,-59.51065120310836,-75.51065120310835,38.46153846153847,-101.87845216176771,17,-55.89614153550594,-71.89614153550593,35.294117647058826,-86.02932267054442,-59.51065120310836,-75.51065120310835,h1_cost_residual_floor;ex2025_floor;loyo_floor;train_cost_floor;oos_cost_floor;worst_quarter_cost_floor;worst_quarter_slip16_floor,FAIL_BENCHMARK_OR_STABILITY_RESEARCH_ONLY
Stage40_PARALLEL_THESIS_MEGASCAN,RESEARCH_STAGE_ONLY_NO_PROMOTION,NO_GO,NO_GO,NO_GO,NO_GO,FAILED_CONTINUATION_AFTER_EXTREME_MOVE,FAILED_DOWN_CONT_LONG_L72_T100,LONG,"Strong 72H down move, new low attempt fails",72,"{""lookback"": 72, ""move_bps"": 100}",164,74,8.0,25.002508867881485,23.30868059339869,74,5.055365892904038,33.05471043758668,-2.944634107095966,55.4054054054054,-95.00962814694202,117.52819961623362,48.64864864864865,60.810810810810814,-18.944634107095965,-19.947142974977446,-18.253314700494652,-27.94714297497745,-26.253314700494656,51,-8.283668177782172,62,-24.213256687821403,12,106.94324922665214,-24.213256687821403,"{""2022"": 2.622249765315187, ""2023"": -6.540017895311107, ""2024"": 0.1388102545944879, ""2025"": -24.213256687821403, ""2026"": 13.664316089729125}","{""2022"": -20.263828376819557, ""2023"": 11.197208793216923, ""2024"": -12.537572121244034, ""2025"": 106.94324922665213, ""2026"": -98.06862159800329}","{""2022"": 18, ""2023"": 15, ""2024"": 18, ""2025"": 12, ""2026"": 11}",49,-6.234714165787271,-22.23471416578727,53.06122448979592,-89.00989580606367,25,3.5039228079389897,-12.49607719206101,60.0,-206.88709148005358,37,0.13958967625531254,-15.860410323744688,51.35135135135135,-88.03145628082154,37,-6.028857890447244,-22.028857890447245,59.45945945945946,-148.1364651072503,18,-20.263828376819554,-36.26382837681955,44.44444444444444,-110.48799500498808,19,19.469143621273613,3.469143621273613,57.89473684210527,-61.656933174841775,18,2.2248857226802965,-13.775114277319704,61.111111111111114,-115.60284666749354,19,-13.848193944989129,-29.848193944989127,57.89473684210527,-206.88709148005358,25,3.5039228079389897,-12.49607719206101,60.0,-206.88709148005358,-20.263828376819554,-36.26382837681955,h1_cost_residual_floor;ex2025_floor;loyo_floor;train_cost_floor;worst_quarter_cost_floor;worst_quarter_slip16_floor,FAIL_BENCHMARK_OR_STABILITY_RESEARCH_ONLY
Stage40_PARALLEL_THESIS_MEGASCAN,RESEARCH_STAGE_ONLY_NO_PROMOTION,NO_GO,NO_GO,NO_GO,NO_GO,FALSE_BREAKOUT_SWEEP_REVERSAL,SWEEP_HIGH_REV_SHORT_L72_T8,SHORT,Sweep above prior 72H high by 8bps then close back inside,8,"{""lookback"": 72, ""threshold_bps"": 8}",118,106,8.0,-2.7951299583446616,-1.1310753012648225,106,-23.082079419200266,-13.358676747353693,-31.08207941920027,33.9622641509434,-43.33072003540606,28.131397099126488,14.150943396226415,6.60377358490566,-47.08207941920027,-20.286949460855602,-21.951004117935444,-28.28694946085561,-29.951004117935447,47,-10.938798481613489,60,-28.415472603850272,46,-34.56026222183069,-37.73610629756759,"{""2022"": -34.50010617347374, ""2023"": -31.599183316388213, ""2024"": -37.73610629756759, ""2025"": -28.415472603850272, ""2026"": -22.622533234839196}","{""2022"": -4.307536510724753, ""2023"": -28.173369997518037, ""2024"": -0.6136405550972817, ""2025"": -34.56026222183068, ""2026"": -91.60037135347557}","{""2022"": 12, ""2023"": 16, ""2024"": 19, ""2025"": 46, ""2026"": 13}",71,-16.515562079336224,-32.51556207933622,40.845070422535215,-35.869676933091284,35,-60.63130030863875,-76.63130030863874,20.0,-59.41879705015474,53,-11.586298031390712,-27.58629803139071,45.28301886792453,-25.34529403388941,53,-50.57786080700982,-66.57786080700981,22.641509433962266,-59.43634114942364,26,-18.201348367404265,-34.201348367404265,46.15384615384615,-23.736648336420973,27,-5.216249559673957,-21.216249559673958,44.44444444444444,-39.09788572307393,26,-25.613483140160614,-41.61348314016061,30.76923076923077,-40.77105485979282,27,-74.61763189360535,-90.61763189360535,14.814814814814813,-68.7575168077359,35,-60.63130030863875,-76.63130030863874,20.0,-59.41879705015474,-74.61763189360535,-90.61763189360535,h1_cost_residual_floor;ex2025_floor;loyo_floor;train_cost_floor;oos_cost_floor;worst_quarter_cost_floor;worst_quarter_slip16_floor,FAIL_BENCHMARK_OR_STABILITY_RESEARCH_ONLY
Stage40_PARALLEL_THESIS_MEGASCAN,RESEARCH_STAGE_ONLY_NO_PROMOTION,NO_GO,NO_GO,NO_GO,NO_GO,FALSE_BREAKOUT_SWEEP_REVERSAL,SWEEP_HIGH_REV_SHORT_L24_T15,SHORT,Sweep above prior 24H high by 15bps then close back inside,8,"{""lookback"": 24, ""threshold_bps"": 15}",69,64,8.0,-2.7951299583446616,-1.1310753012648225,64,-25.438747775091592,-5.446799373108879,-33.43874777509159,35.9375,-51.1165719822948,33.05264916504791,23.4375,10.9375,-49.43874777509159,-22.643617816746932,-24.30767247382677,-30.643617816746932,-32.30767247382677,31,-10.845973235987781,46,-35.462610309576455,18,-28.266654631408052,-39.814318068437494,"{""2022"": -35.673887365673366, ""2023"": -39.814318068437494, ""2024"": -38.0603216244344, ""2025"": -35.462610309576455, ""2026"": -17.2454072179789}","{""2022"": -11.832398399467769, ""2023"": 0.9893318089762104, ""2024"": -18.34160653390511, ""2025"": -28.26665463140805, ""2026"": -86.33699359499306}","{""2022"": 6, ""2023"": 10, ""2024"": 15, ""2025"": 18, ""2026"": 15}",42,-14.505597075470106,-30.505597075470106,42.857142857142854,-36.48822411584595,22,-69.58385365618715,-85.58385365618715,22.727272727272727,-81.9167275376842,32,-8.879277779824404,-24.879277779824406,46.875,-30.925987065881788,32,-57.998217770358785,-73.99821777035879,25.0,-76.09400985485016,16,-3.818817019190282,-19.81881701919028,56.25,-36.605964650920924,16,-13.939738540458528,-29.939738540458528,37.5,-26.07542513690886,16,-34.11719172680299,-50.11719172680299,25.0,-55.38994163456712,16,-81.87924381391458,-97.87924381391458,25.0,-99.16418172466578,22,-69.58385365618715,-85.58385365618715,22.727272727272727,-81.9167275376842,-81.87924381391458,-97.87924381391458,h1_cost_residual_floor;ex2025_floor;loyo_floor;train_cost_floor;oos_cost_floor;worst_quarter_cost_floor;worst_quarter_slip16_floor,FAIL_BENCHMARK_OR_STABILITY_RESEARCH_ONLY
Stage40_PARALLEL_THESIS_MEGASCAN,RESEARCH_STAGE_ONLY_NO_PROMOTION,NO_GO,NO_GO,NO_GO,NO_GO,FALSE_BREAKOUT_SWEEP_REVERSAL,SWEEP_HIGH_REV_SHORT_L72_T8,SHORT,Sweep above prior 72H high by 8bps then close back inside,72,"{""lookback"": 72, ""threshold_bps"": 8}",118,73,8.0,-25.002508867881485,-23.30868059339869,73,-50.31447356924068,-72.41886599980596,-58.3144735692407,38.35616438356164,-147.57272506070285,101.69723280974985,67.12328767123287,50.68493150684932,-74.3144735692407,-25.311964701359198,-27.00579297584199,-33.311964701359216,-35.005792975842006,36,-71.83706221299816,46,-42.17462739965733,27,-85.81198926556787,-77.82631666409945,"{""2022"": -49.295558890722944, ""2023"": -63.36026555484584, ""2024"": -54.62498880982464, ""2025"": -42.17462739965733, ""2026"": -77.82631666409945}","{""2022"": -115.13363604390247, ""2023"": -35.02620286644756, ""2024"": -75.34286476654543, ""2025"": -85.81198926556789, ""2026"": 64.61013792836968}","{""2022"": 10, ""2023"": 13, ""2024"": 13, ""2025"": 27, ""2026"": 10}",48,-80.84216268315103,-96.84216268315103,33.33333333333333,-163.23909719074157,25,-15.061310470532817,-31.061310470532817,48.0,-135.0995286492518,36,-71.83706221299816,-87.83706221299816,36.11111111111111,-150.07007698888185,37,-45.1573602942334,-61.1573602942334,40.54054054054054,-143.0806598220813,18,-53.14553895663089,-69.14553895663089,38.88888888888889,-116.26919776404732,18,-90.52858546936544,-106.52858546936544,33.33333333333333,-185.73099643892976,18,-62.79813718060364,-78.79813718060365,38.88888888888889,-124.5672419477062,19,-28.445045349251085,-44.44504534925109,42.10526315789473,-152.0966041787064,25,-15.061310470532817,-31.061310470532817,48.0,-135.0995286492518,-90.52858546936544,-106.52858546936544,h1_cost_residual_floor;ex2025_floor;loyo_floor;train_cost_floor;oos_cost_floor;worst_quarter_cost_floor;worst_quarter_slip16_floor;stop100_cap,FAIL_BENCHMARK_OR_STABILITY_RESEARCH_ONLY
Stage40_PARALLEL_THESIS_MEGASCAN,RESEARCH_STAGE_ONLY_NO_PROMOTION,NO_GO,NO_GO,NO_GO,NO_GO,FALSE_BREAKOUT_SWEEP_REVERSAL,SWEEP_HIGH_REV_SHORT_L24_T15,SHORT,Sweep above prior 24H high by 15bps then close back inside,24,"{""lookback"": 24, ""threshold_bps"": 15}",69,61,8.0,-8.502590481085887,-8.612916361476685,61,-35.92853173175834,-35.518062537940324,-43.92853173175834,39.34426229508197,-92.14069685545168,65.90119005693839,44.26229508196721,31.147540983606557,-59.92853173175834,-27.42594125067245,-27.315615370281655,-35.42594125067245,-35.315615370281655,31,-28.862322983436226,44,-36.96208562473719,17,-61.959333420518945,-53.12978147697269,"{""2022"": -38.24265812855281, ""2023"": -50.9190813610609, ""2024"": -53.12978147697269, ""2025"": -36.96208562473719, ""2026"": -40.58418084656969}","{""2022"": -96.0490397611424, ""2023"": -8.276728622315316, ""2024"": -15.711365846434354, ""2025"": -61.95933342051893, ""2026"": -56.27690423091648}","{""2022"": 6, ""2023"": 10, ""2024"": 15, ""2025"": 17, ""2026"": 13}",40,-37.16725838508053,-53.16725838508053,40.0,-75.47550351825971,21,-56.80714763019226,-72.80714763019226,38.095238095238095,-120.13083208582964,30,-27.919267850607607,-43.91926785060761,43.333333333333336,-81.93551969911562,31,-59.421367745775186,-75.42136774577519,35.483870967741936,-96.26996569548129,15,-42.290870872483325,-58.290870872483325,40.0,-71.73034254277954,15,-13.547664828731886,-29.547664828731886,46.666666666666664,-92.14069685545168,15,-48.26873037652279,-64.2687303765228,33.33333333333333,-75.82229816317954,16,-69.87696527944931,-85.87696527944931,37.5,-186.54544858713206,21,-56.80714763019226,-72.80714763019226,38.095238095238095,-120.13083208582964,-69.87696527944931,-85.87696527944931,h1_cost_residual_floor;ex2025_floor;loyo_floor;train_cost_floor;oos_cost_floor;worst_quarter_cost_floor;worst_quarter_slip16_floor,FAIL_BENCHMARK_OR_STABILITY_RESEARCH_ONLY
Stage40_PARALLEL_THESIS_MEGASCAN,RESEARCH_STAGE_ONLY_NO_PROMOTION,NO_GO,NO_GO,NO_GO,NO_GO,FAILED_CONTINUATION_AFTER_EXTREME_MOVE,FAILED_DOWN_CONT_LONG_L72_T200,LONG,"Strong 72H down move, new low attempt fails",24,"{""lookback"": 72, ""move_bps"": 200}",67,43,8.0,8.502590481085887,8.612916361476685,43,-22.602377799348464,-1.3048213147581755,-30.602377799348456,44.18604651162791,-70.09740010737065,67.59322548796298,41.86046511627907,32.55813953488372,-46.60237779934846,-31.10496828043435,-31.21529416082515,-39.10496828043434,-39.21529416082514,24,-16.579673609272707,35,-47.209206402874685,8,42.05249734107876,-47.209206402874685,"{""2022"": -41.35542878273019, ""2023"": -28.560277038757764, ""2024"": -32.23814769226494, ""2025"": -47.209206402874685, ""2026"": -1.9216308716848394}","{""2022"": 4.882690445811252, ""2023"": -43.195332489657744, ""2024"": -23.445884517838877, ""2025"": 42.052497341078755, ""2026"": -114.03727795255172}","{""2022"": 10, ""2023"": 6, ""2024"": 8, ""2025"": 8, ""2026"": 11}",28,-16.74059488539049,-32.74059488539049,46.42857142857143,-64.17000106773429,15,-56.47770590540335,-72.47770590540335,40.0,-112.39183673469432,21,-18.538368210053864,-34.53836821005386,47.61904761904761,-55.890682200170346,22,-42.1180233164024,-58.1180233164024,40.909090909090914,-108.44606563801318,10,4.8826904458112494,-11.11730955418875,70.0,-35.20455787494603,11,-39.830239715385794,-55.830239715385794,27.27272727272727,-83.96639614671186,11,29.801231319746933,13.801231319746933,54.54545454545454,-64.69810653311202,11,-114.03727795255172,-130.03727795255173,27.27272727272727,-194.98851077798474,15,-56.47770590540335,-72.47770590540335,40.0,-112.39183673469432,-114.03727795255172,-130.03727795255173,h1_cost_residual_floor;ex2025_floor;loyo_floor;train_cost_floor;oos_cost_floor;worst_quarter_cost_floor;worst_quarter_slip16_floor,FAIL_BENCHMARK_OR_STABILITY_RESEARCH_ONLY
Stage40_PARALLEL_THESIS_MEGASCAN,RESEARCH_STAGE_ONLY_NO_PROMOTION,NO_GO,NO_GO,NO_GO,NO_GO,FALSE_BREAKOUT_SWEEP_REVERSAL,SWEEP_HIGH_REV_SHORT_L24_T15,SHORT,Sweep above prior 24H high by 15bps then close back inside,72,"{""lookback"": 24, ""threshold_bps"": 15}",69,55,8.0,-25.002508867881485,-23.30868059339869,55,-61.246593865240946,-68.06343883567267,-69.24659386524092,29.09090909090909,-171.42713719190849,98.82454240649375,76.36363636363637,49.09090909090909,-85.24659386524092,-36.244084997359465,-37.937913271842255,-44.24408499735944,-45.937913271842234,28,-70.37283513592642,41,-34.14311500950231,14,-172.04963908561834,-104.26510311915706,"{""2022"": -58.4324222596551, ""2023"": -76.14329162413118, ""2024"": -73.92770917722011, ""2025"": -34.14311500950231, ""2026"": -104.26510311915706}","{""2022"": -177.38830992109934, ""2023"": -33.996805319801815, ""2024"": -55.5376133087305, ""2025"": -172.0496390856183, ""2026"": 43.890128339718835}","{""2022"": 5, ""2023"": 9, ""2024"": 14, ""2025"": 14, ""2026"": 13}",36,-97.6272587815355,-113.6272587815355,25.0,-152.6430505234366,19,-15.472702444893367,-31.472702444893365,36.84210526315789,-216.21211431346765,27,-65.15065615055855,-81.15065615055855,33.33333333333333,-135.29969556320685,28,-73.19624809011324,-89.19624809011324,25.0,-213.57870560982815,13,-85.40050755229278,-101.40050755229278,30.76923076923077,-124.24796613364153,14,-46.34722270609104,-62.34722270609104,35.714285714285715,-136.55527332539498,14,-155.70631784822248,-171.70631784822248,7.142857142857142,-202.13679071324208,14,9.31382166799602,-6.68617833200398,42.857142857142854,-359.12620864372195,19,-15.472702444893367,-31.472702444893365,36.84210526315789,-216.21211431346765,-155.70631784822248,-171.70631784822248,h1_cost_residual_floor;ex2025_floor;loyo_floor;train_cost_floor;oos_cost_floor;worst_quarter_cost_floor;worst_quarter_slip16_floor;median_mae_cap;stop100_cap,FAIL_BENCHMARK_OR_STABILITY_RESEARCH_ONLY
Stage40_PARALLEL_THESIS_MEGASCAN,RESEARCH_STAGE_ONLY_NO_PROMOTION,NO_GO,NO_GO,NO_GO,NO_GO,VOLATILITY_SHOCK_REVERSAL,LOWER_WICK_SHOCK_REV_LONG_M2.0_W1.0,LONG,Large H1 shock with lower-wick rejection,72,"{""range_atr_mult"": 2.0, ""wick_ratio"": 1.0}",146,101,8.0,25.002508867881485,23.30868059339869,101,-12.030530444088635,11.400495173021774,-20.03053044408863,51.48514851485149,-103.09061233085836,110.31626962784591,50.495049504950494,53.46534653465347,-36.030530444088626,-37.03303931197012,-35.339211037487324,-45.033039311970114,-43.33921103748732,79,-0.5733131177708634,87,-32.249489928699084,14,55.90157492456201,-34.694234225790154,"{""2022"": -24.03811195157281, ""2023"": -34.694234225790154, ""2024"": -22.793299927957893, ""2025"": -32.249489928699084, ""2026"": 7.92828293161258}","{""2022"": -6.439601853490118, ""2023"": 11.588080835205268, ""2024"": -11.16664501667475, ""2025"": 55.90157492456202, ""2026"": -345.0517359366153}","{""2022"": 23, ""2023"": 32, ""2024"": 24, ""2025"": 14, ""2026"": 8}",67,3.4872720625588896,-12.51272793744111,50.74626865671642,-103.09061233085836,34,-66.37443538365876,-82.37443538365876,52.94117647058824,-123.90193873730749,50,4.854794088262822,-11.145205911737179,46.0,-103.3882688127008,51,-44.42790743659005,-60.42790743659005,56.86274509803921,-98.33356537108817,25,-1.97121438747322,-17.97121438747322,52.0,-105.20475333714141,25,11.68080256399887,-4.319197436001129,40.0,-97.85630952197421,25,1.9250815965055141,-14.074918403494486,64.0,-96.28517950187931,26,-88.99808919918195,-104.99808919918195,50.0,-157.70084427737584,34,-66.37443538365876,-82.37443538365876,52.94117647058824,-123.90193873730749,-88.99808919918195,-104.99808919918195,h1_cost_residual_floor;ex2025_floor;loyo_floor;oos_cost_floor;worst_quarter_cost_floor;worst_quarter_slip16_floor,FAIL_BENCHMARK_OR_STABILITY_RESEARCH_ONLY
Stage40_PARALLEL_THESIS_MEGASCAN,RESEARCH_STAGE_ONLY_NO_PROMOTION,NO_GO,NO_GO,NO_GO,NO_GO,VOLATILITY_SHOCK_REVERSAL,LOWER_WICK_SHOCK_REV_LONG_M2.0_W1.5,LONG,Large H1 shock with lower-wick rejection,72,"{""range_atr_mult"": 2.0, ""wick_ratio"": 1.5}",118,85,8.0,25.002508867881485,23.30868059339869,85,-15.085749277717595,9.155905160747047,-23.085749277717593,50.588235294117645,-105.20475333714141,111.85775167195987,52.94117647058824,55.294117647058826,-39.085749277717596,-40.08825814559908,-38.39442987111629,-48.08825814559908,-46.39442987111629,69,-1.6243549010857776,75,-29.947624770819875,10,28.37831692054949,-41.8554695668318,"{""2022"": -25.175143345191856, ""2023"": -41.8554695668318, ""2024"": -27.456277551706474, ""2025"": -29.947624770819875, ""2026"": 2.1734516586148884}","{""2022"": -15.308560248785641, ""2023"": 15.124038453693446, ""2024"": -11.304325234791042, ""2025"": 28.37831692054949, ""2026"": -355.6652282727619}","{""2022"": 18, ""2023"": 28, ""2024"": 23, ""2025"": 10, ""2026"": 6}",56,7.665770557484872,-8.334229442515127,51.78571428571429,-103.3882688127008,29,-82.46799447672926,-98.46799447672926,48.275862068965516,-163.9887176357646,42,4.2297847644339415,-11.77021523556606,45.23809523809524,-104.44533931584232,43,-49.76603834214469,-65.7660383421447,55.81395348837209,-114.46209897783666,21,-25.05853272250089,-41.058532722500885,47.61904761904761,-123.84203888139878,21,33.51810225136877,17.518102251368767,42.857142857142854,-92.72056835974429,21,6.897997302992264,-9.102002697007736,66.66666666666666,-96.28517950187931,22,-103.85443600341178,-119.85443600341178,45.45454545454545,-167.79510041223187,29,-82.46799447672926,-98.46799447672926,48.275862068965516,-163.9887176357646,-103.85443600341178,-119.85443600341178,h1_cost_residual_floor;ex2025_floor;loyo_floor;oos_cost_floor;worst_quarter_cost_floor;worst_quarter_slip16_floor,FAIL_BENCHMARK_OR_STABILITY_RESEARCH_ONLY
Stage40_PARALLEL_THESIS_MEGASCAN,RESEARCH_STAGE_ONLY_NO_PROMOTION,NO_GO,NO_GO,NO_GO,NO_GO,VOLATILITY_SHOCK_REVERSAL,LOWER_WICK_SHOCK_REV_LONG_M2.5_W1.0,LONG,Large H1 shock with lower-wick rejection,72,"{""range_atr_mult"": 2.5, ""wick_ratio"": 1.0}",66,55,8.0,25.002508867881485,23.30868059339869,55,-39.53872967555044,-7.697248361149267,-47.53872967555044,45.45454545454545,-97.62277733855184,138.76861872688107,47.27272727272727,65.45454545454545,-63.53872967555044,-64.54123854343193,-62.84741026894913,-72.54123854343193,-70.84741026894913,42,-9.287346612726592,48,-63.805769839526825,7,64.0066885917162,-71.81568953576588,"{""2022"": -45.704115141481296, ""2023"": -71.81568953576588, ""2024"": -67.24195743241187, ""2025"": -63.805769839526825, ""2026"": 1.1832298450509482}","{""2022"": -56.91564840523716, ""2023"": 6.727415894342884, ""2024"": 0.4878879817992807, ""2025"": 64.0066885917162, ""2026"": -445.43473242712844}","{""2022"": 9, ""2023"": 17, ""2024"": 16, ""2025"": 7, ""2026"": 6}",36,-14.365012140414198,-30.365012140414198,47.22222222222222,-96.95397842021558,19,-110.39419447896647,-126.39419447896647,42.10526315789473,-149.4703121035268,27,-16.831134221795953,-32.83113422179595,44.44444444444444,-97.8213218877122,28,-77.14962529167084,-93.14962529167084,46.42857142857143,-96.5460400577245,13,-33.00847479053453,-49.00847479053453,46.15384615384615,-103.09061233085836,14,-1.809317979395838,-17.80931797939584,42.857142857142854,-97.72204961313201,14,14.413699891705638,-1.5863001082943615,57.14285714285714,-88.38707836527514,14,-168.71295047504734,-184.71295047504734,35.714285714285715,-168.66727812581917,19,-110.39419447896647,-126.39419447896647,42.10526315789473,-149.4703121035268,-168.71295047504734,-184.71295047504734,h1_cost_residual_floor;ex2025_floor;loyo_floor;train_cost_floor;oos_cost_floor;worst_quarter_cost_floor;worst_quarter_slip16_floor,FAIL_BENCHMARK_OR_STABILITY_RESEARCH_ONLY
Stage40_PARALLEL_THESIS_MEGASCAN,RESEARCH_STAGE_ONLY_NO_PROMOTION,NO_GO,NO_GO,NO_GO,NO_GO,VOLATILITY_SHOCK_REVERSAL,LOWER_WICK_SHOCK_REV_LONG_M2.5_W1.5,LONG,Large H1 shock with lower-wick rejection,72,"{""range_atr_mult"": 2.5, ""wick_ratio"": 1.5}",55,45,8.0,25.002508867881485,23.30868059339869,45,-58.639098928265895,-32.74897976103919,-66.6390989282659,44.44444444444444,-103.09061233085836,143.14197116585882,51.11111111111111,68.88888888888889,-82.6390989282659,-83.64160779614738,-81.94777952166459,-91.64160779614738,-89.94777952166459,35,-21.865413928781273,40,-76.72765502732214,5,14.069349864184181,-100.4855219826918,"{""2022"": -59.929716975417655, ""2023"": -92.8762660092422, ""2024"": -100.4855219826918, ""2025"": -76.72765502732214, ""2026"": -17.373568454660592}","{""2022"": -110.25008162177937, ""2023"": -8.54251467753262, ""2024"": 1.0537471805858993, ""2025"": 14.069349864184181, ""2026"": -460.7633427171083}","{""2022"": 6, ""2023"": 14, ""2024"": 15, ""2025"": 5, ""2026"": 5}",30,-30.01204556092462,-46.01204556092462,46.666666666666664,-100.35669483470511,15,-139.89320566294842,-155.89320566294842,40.0,-163.9887176357646,22,-36.598334407531844,-52.598334407531844,45.45454545454545,-108.77635565434751,23,-95.37374325244627,-111.37374325244627,43.47826086956522,-96.80690061356967,11,-95.90554220574671,-111.90554220574671,27.27272727272727,-180.24634937215623,11,22.708873390683,6.708873390682999,63.63636363636363,-81.98175117750228,11,-0.6587425383881673,-16.658742538388168,54.54545454545454,-94.79240555304801,12,-182.19582724033287,-198.19582724033287,33.33333333333333,-168.66727812581917,15,-139.89320566294842,-155.89320566294842,40.0,-163.9887176357646,-182.19582724033287,-198.19582724033287,h1_cost_residual_floor;ex2025_floor;loyo_floor;train_cost_floor;oos_cost_floor;worst_quarter_cost_floor;worst_quarter_slip16_floor,FAIL_BENCHMARK_OR_STABILITY_RESEARCH_ONLY
Stage40_PARALLEL_THESIS_MEGASCAN,RESEARCH_STAGE_ONLY_NO_PROMOTION,NO_GO,NO_GO,NO_GO,NO_GO,FAILED_CONTINUATION_AFTER_EXTREME_MOVE,FAILED_UP_CONT_SHORT_L24_T300,SHORT,"Strong 24H up move, new high attempt fails",72,"{""lookback"": 24, ""move_bps"": 300}",14,8,8.0,-25.002508867881485,-23.30868059339869,8,113.24816142288087,63.343235812875484,105.24816142288087,62.5,-380.38386863542326,300.9834664663164,75.0,87.5,89.24816142288087,138.25067029076234,136.55684201627957,130.25067029076234,128.55684201627957,0,,6,223.52059611774914,2,-249.5691426617239,-249.5691426617239,"{""2025"": 223.52059611774914, ""2026"": -249.5691426617239}","{""2025"": -249.5691426617239, ""2026"": 223.52059611774914}","{""2025"": 2, ""2026"": 6}",5,57.856624396862784,41.856624396862784,40.0,-478.4314200518036,3,184.23405646624428,168.23405646624428,100.0,-53.76299445348786,4,48.8417897206333,32.8417897206333,25.0,-484.20003510517563,4,161.6545331251284,145.6545331251284,100.0,-170.0083239446093,2,-249.5691426617239,-265.5691426617239,0.0,-442.36328114540146,2,347.25272210299056,331.25272210299056,50.0,-535.8975824114332,2,167.1938475258191,151.1938475258191,100.0,-185.78655677191304,2,156.1152187244377,140.1152187244377,100.0,-170.0083239446093,3,184.23405646624428,168.23405646624428,100.0,-53.76299445348786,-249.5691426617239,-265.5691426617239,min_events;min_train_events;min_oos_events;loyo_floor;worst_quarter_cost_floor;worst_quarter_slip16_floor;median_mae_cap;stop100_cap,INSUFFICIENT_EVENTS_RESEARCH_ONLY
Stage40_PARALLEL_THESIS_MEGASCAN,RESEARCH_STAGE_ONLY_NO_PROMOTION,NO_GO,NO_GO,NO_GO,NO_GO,PULLBACK_CONTINUATION_AFTER_TREND,UPTREND_PULLBACK_CONT_LONG_TL72_T300,LONG,Uptrend 72H then controlled pullback continuation,72,"{""mean_lookback"": 24, ""trend_bps"": 300, ""trend_lookback"": 72}",152,32,8.0,25.002508867881485,23.30868059339869,32,56.02231641169413,20.621529654237804,48.02231641169413,59.375,-127.63072603089509,170.52777467821636,56.25,78.125,32.02231641169413,31.019807543812643,32.71363581829544,23.019807543812643,24.713635818295437,10,83.89249657082675,21,67.93299119317615,11,10.011028192501168,40.931802016356066,"{""2022"": 42.91463652665831, ""2023"": 47.606982554596804, ""2024"": 40.931802016356066, ""2025"": 67.93299119317615, ""2026"": 45.19267980122765}","{""2022"": 97.39655530037366, ""2023"": 52.03721036363485, ""2024"": 97.65591717906052, ""2025"": 10.011028192501163, ""2026"": 53.4243499407665}","{""2022"": 3, ""2023"": 3, ""2024"": 4, ""2025"": 11, ""2026"": 11}",21,45.19267980122765,29.192679801227648,61.904761904761905,-121.98350289691962,11,53.4243499407665,37.4243499407665,54.54545454545454,-179.00904375085514,16,66.66509923496658,50.665099234966576,62.5,-123.1047077648273,16,29.379533588421676,13.379533588421676,56.25,-178.57565385061946,8,112.01476968404506,96.01476968404506,75.0,-75.29558442134376,8,21.31542878588808,5.315428785888081,50.0,-127.63072603089509,8,55.74810186717929,39.74810186717929,75.0,-94.65100035332185,8,3.0109653096640656,-12.989034690335934,37.5,-181.6846276204992,11,53.4243499407665,37.4243499407665,54.54545454545454,-179.00904375085514,3.0109653096640656,-12.989034690335934,min_events,INSUFFICIENT_EVENTS_RESEARCH_ONLY
Stage40_PARALLEL_THESIS_MEGASCAN,RESEARCH_STAGE_ONLY_NO_PROMOTION,NO_GO,NO_GO,NO_GO,NO_GO,VOLATILITY_SHOCK_REVERSAL,UPPER_WICK_SHOCK_REV_SHORT_M3.0_W1.5,SHORT,Large H1 shock with upper-wick rejection,72,"{""range_atr_mult"": 3.0, ""wick_ratio"": 1.5}",27,24,8.0,-25.002508867881485,-23.30868059339869,24,0.9034790434381289,13.038583799532821,-7.096520956561871,54.166666666666664,-107.51220121121173,104.11780089704948,50.0,50.0,-23.09652095656187,25.905987911319613,24.21215963683682,17.905987911319613,16.21215963683682,21,-3.6134032156094897,22,-16.658253519338928,2,98.08253723398576,-19.57967538240619,"{""2022"": 4.320101754170552, ""2023"": -19.57967538240619, ""2024"": -17.362010314560788, ""2025"": -16.658253519338928, ""2026"": 5.2297220408770535}","{""2022"": -132.67937077461855, ""2023"": 5.386633469282444, ""2024"": 17.833953198578346, ""2025"": 98.08253723398576, ""2026"": -290.60010989765715}","{""2022"": 2, ""2023"": 12, ""2024"": 7, ""2025"": 2, ""2026"": 1}",16,-14.086667072528334,-30.086667072528336,50.0,-110.02742311953529,8,6.883771275371053,-9.116228724628947,62.5,-82.81409262372752,12,7.446907060686448,-8.55309293931355,58.333333333333336,-51.384731197966495,12,-21.639948973810192,-37.63994897381019,50.0,-151.42098826349093,6,-9.075769665385694,-25.075769665385693,50.0,-128.01376456931467,6,23.969583786758587,7.969583786758587,66.66666666666666,-42.345408980497545,6,-23.16275221865408,-39.16275221865408,50.0,-151.42098826349093,6,-20.117145728966307,-36.11714572896631,50.0,-174.61198373360688,8,6.883771275371053,-9.116228724628947,62.5,-82.81409262372752,-23.16275221865408,-39.16275221865408,min_events;min_train_events;min_oos_events;ex2025_floor;loyo_floor;train_cost_floor;worst_quarter_cost_floor;worst_quarter_slip16_floor,INSUFFICIENT_EVENTS_RESEARCH_ONLY
Stage40_PARALLEL_THESIS_MEGASCAN,RESEARCH_STAGE_ONLY_NO_PROMOTION,NO_GO,NO_GO,NO_GO,NO_GO,VOLATILITY_SHOCK_REVERSAL,LOWER_WICK_SHOCK_REV_LONG_M3.0_W1.5,LONG,Large H1 shock with lower-wick rejection,8,"{""range_atr_mult"": 3.0, ""wick_ratio"": 1.5}",28,26,8.0,2.7951299583446616,1.1310753012648225,26,24.58212812714137,24.57259408377155,16.582128127141374,65.38461538461539,-40.15178017015564,42.665107998872685,23.076923076923077,15.384615384615385,0.5821281271413739,21.786998168796707,23.45105282587655,13.786998168796712,15.451052825876552,20,17.191448599066412,23,15.280120927924594,3,26.56418332113668,7.562498351364404,"{""2022"": 7.562498351364404, ""2023"": 38.491141987342836, ""2024"": 9.91362150220876, ""2025"": 15.280120927924594, ""2026"": 18.41397921498862}","{""2022"": 85.73262307476482, ""2023"": -13.293799864042427, ""2024"": 38.810483543583416, ""2025"": 26.56418332113668, ""2026"": 2.5379364536458318}","{""2022"": 3, ""2023"": 11, ""2024"": 6, ""2025"": 3, ""2026"": 3}",17,11.61747262909665,-4.38252737090335,52.94117647058824,-41.3158201570496,9,25.959810734559184,9.959810734559184,88.88888888888889,-34.540550031125775,13,7.5158016942386485,-8.484198305761351,38.46153846153847,-45.454313568444874,13,25.6484545600441,9.648454560044101,92.3076923076923,-22.583315779417525,6,32.78296360678338,16.782963606783383,50.0,-53.03911325447108,7,-14.141765659371128,-30.141765659371128,28.57142857142857,-45.132440368115255,6,33.53100120940167,17.531001209401673,100.0,-11.593229750000432,7,18.891986003451898,2.8919860034518976,85.71428571428571,-52.32950203054032,9,25.959810734559184,9.959810734559184,88.88888888888889,-34.540550031125775,-14.141765659371128,-30.141765659371128,min_events;min_train_events;min_oos_events;worst_quarter_cost_floor;worst_quarter_slip16_floor,INSUFFICIENT_EVENTS_RESEARCH_ONLY
Stage40_PARALLEL_THESIS_MEGASCAN,RESEARCH_STAGE_ONLY_NO_PROMOTION,NO_GO,NO_GO,NO_GO,NO_GO,VOLATILITY_SHOCK_REVERSAL,LOWER_WICK_SHOCK_REV_LONG_M3.0_W1.0,LONG,Large H1 shock with lower-wick rejection,8,"{""range_atr_mult"": 3.0, ""wick_ratio"": 1.0}",36,34,8.0,2.7951299583446616,1.1310753012648225,34,23.15236060004996,23.51638571337911,15.15236060004996,67.64705882352942,-34.08233916855686,39.00433407061365,23.52941176470588,17.647058823529413,-0.8476393999500402,20.3572306417053,22.021285298785138,12.357230641705298,14.021285298785138,25,17.073715250527595,29,14.282328929456527,5,20.198544289491867,6.349120056810587,"{""2022"": 6.349120056810587, ""2023"": 26.824457586688844, ""2024"": 14.508709129770804, ""2025"": 14.282328929456527, ""2026"": 17.594520090354976}","{""2022"": 81.17666467434526, ""2023"": -1.522063666577012, ""2024"": 17.63501627112671, ""2025"": 20.198544289491867, ""2026"": -3.1638355772376414}","{""2022"": 4, ""2023"": 14, ""2024"": 7, ""2025"": 5, ""2026"": 4}",22,20.949438058984473,4.949438058984473,63.63636363636363,-28.67338262687147,12,4.524385258670019,-11.47561474132998,75.0,-43.43502603083304,17,17.066889333563385,1.0668893335633847,52.94117647058824,-41.3158201570496,17,13.23783186653653,-2.7621681334634705,82.35294117647058,-22.583315779417525,8,45.99409616636028,29.99409616636028,62.5,-47.11979976876446,9,-8.646183406700517,-24.646183406700516,44.44444444444444,-38.98774018326168,8,17.088220324076538,1.0882203240765378,87.5,-11.593229750000432,9,9.815264348723195,-6.184735651276805,77.77777777777779,-52.32950203054032,12,4.524385258670019,-11.47561474132998,75.0,-43.43502603083304,-8.646183406700517,-24.646183406700516,min_events,INSUFFICIENT_EVENTS_RESEARCH_ONLY
Stage40_PARALLEL_THESIS_MEGASCAN,RESEARCH_STAGE_ONLY_NO_PROMOTION,NO_GO,NO_GO,NO_GO,NO_GO,FAILED_CONTINUATION_AFTER_EXTREME_MOVE,FAILED_UP_CONT_SHORT_L72_T300,SHORT,"Strong 72H up move, new high attempt fails",72,"{""lookback"": 72, ""move_bps"": 300}",84,34,8.0,-25.002508867881485,-23.30868059339869,34,-7.82223480868978,-16.852798276639767,-15.82223480868978,41.17647058823529,-174.8341435962808,136.96144970917868,64.70588235294117,64.70588235294117,-31.822234808689778,17.180274059191703,15.486445784708911,9.180274059191705,7.486445784708911,12,-27.677585013366805,20,3.4883996342104995,14,-43.40885544140449,-36.14826909000247,"{""2022"": -10.672052644264106, ""2023"": -8.317422065217185, ""2024"": -24.266733344010376, ""2025"": 3.4883996342104995, ""2026"": -36.14826909000247}","{""2022"": -54.448601041882426, ""2023"": -93.37196649124002, ""2024"": 33.15585669616961, ""2025"": -43.40885544140448, ""2026"": 50.23737660557646}","{""2022"": 4, ""2023"": 3, ""2024"": 5, ""2025"": 14, ""2026"": 8}",22,-39.532652147817885,-55.532652147817885,40.909090909090914,-155.84477699488565,12,27.646863646378403,11.646863646378403,41.66666666666667,-223.89198076754326,17,-41.25172854649073,-57.25172854649073,41.17647058823529,-185.55145826349317,17,9.607258929111161,-6.392741070888839,41.17647058823529,-147.57272506070285,8,-89.62576716106304,-105.62576716106304,25.0,-189.19750546949052,9,1.7474168886846384,-14.252583111315362,55.55555555555556,-185.55145826349317,8,-73.68722788852858,-89.68722788852858,25.0,-174.35132576250402,9,83.64680276701317,67.64680276701317,55.55555555555556,-101.73089048942651,12,27.646863646378403,11.646863646378403,41.66666666666667,-223.89198076754326,-89.62576716106304,-105.62576716106304,min_events;ex2025_floor;loyo_floor;train_cost_floor;worst_quarter_cost_floor;worst_quarter_slip16_floor;median_mae_cap;stop100_cap,INSUFFICIENT_EVENTS_RESEARCH_ONLY
Stage40_PARALLEL_THESIS_MEGASCAN,RESEARCH_STAGE_ONLY_NO_PROMOTION,NO_GO,NO_GO,NO_GO,NO_GO,VOLATILITY_SHOCK_REVERSAL,LOWER_WICK_SHOCK_REV_LONG_M3.0_W1.0,LONG,Large H1 shock with lower-wick rejection,24,"{""range_atr_mult"": 3.0, ""wick_ratio"": 1.0}",36,34,8.0,8.502590481085887,8.612916361476685,34,22.77882604610161,19.49975615572086,14.778826046101615,52.94117647058824,-49.91262481084169,99.07302195010237,26.47058823529412,50.0,-1.2211739538983846,14.276235565015723,14.165909684624925,6.276235565015728,6.16590968462493,25,33.313945659793255,29,8.690108544758937,5,50.093387553889144,6.693488993656933,"{""2022"": 6.693488993656933, ""2023"": 11.172739855939312, ""2024"": 9.271561047371826, ""2025"": 8.690108544758937, ""2026"": 36.11051930880923}","{""2022"": 75.41885393943676, ""2023"": 19.930377746333477, ""2024"": 36.02113389834507, ""2025"": 50.093387553889144, ""2026"": -145.2088734242055}","{""2022"": 4, ""2023"": 14, ""2024"": 7, ""2025"": 5, ""2026"": 4}",22,34.872526888038614,18.872526888038614,63.63636363636363,-37.46997423151876,12,-22.05962549744955,-38.059625497449545,33.33333333333333,-92.1221906741565,17,27.18332737847904,11.183327378479039,52.94117647058824,-47.49574759114306,17,2.374324713724197,-13.625675286275802,52.94117647058824,-52.32950203054032,8,46.046197778444125,30.046197778444125,62.5,-47.235133642756225,9,10.416331467398951,-5.583668532601049,44.44444444444444,-47.49574759114306,8,46.341509507585954,30.341509507585954,75.0,-19.322448912085235,9,-36.70761732526403,-52.70761732526403,33.33333333333333,-116.2148882332703,12,-22.05962549744955,-38.059625497449545,33.33333333333333,-92.1221906741565,-36.70761732526403,-52.70761732526403,min_events;oos_cost_floor;worst_quarter_cost_floor;worst_quarter_slip16_floor,INSUFFICIENT_EVENTS_RESEARCH_ONLY
Stage40_PARALLEL_THESIS_MEGASCAN,RESEARCH_STAGE_ONLY_NO_PROMOTION,NO_GO,NO_GO,NO_GO,NO_GO,FAILED_CONTINUATION_AFTER_EXTREME_MOVE,FAILED_DOWN_CONT_LONG_L24_T200,LONG,"Strong 24H down move, new low attempt fails",72,"{""lookback"": 24, ""move_bps"": 200}",49,31,8.0,25.002508867881485,23.30868059339869,31,35.55299918659073,68.07236884005086,27.55299918659073,61.29032258064516,-182.20408163265313,133.59463979724762,58.06451612903226,64.51612903225806,11.552999186590728,10.550490318709247,12.244318593192041,2.550490318709244,4.2443185931920375,14,-0.6029508697826316,25,17.987482646941952,6,67.40931810179397,17.987482646941952,"{""2022"": 31.11402422466653, ""2023"": 31.269651170317974, ""2024"": 35.831622846536014, ""2025"": 17.987482646941952, ""2026"": 19.800729821690346}","{""2022"": -5.683234502116786, ""2023"": -7.135752661530248, ""2024"": 3.7519561642480355, ""2025"": 67.40931810179397, ""2026"": 41.64803439550052}","{""2022"": 3, ""2023"": 3, ""2024"": 8, ""2025"": 6, ""2026"": 11}",20,19.800729821690346,3.8007298216903465,60.0,-135.77380298102403,11,41.6480343955005,25.648034395500503,63.63636363636363,-253.79370481161678,15,-6.0969590245865835,-22.09695902458658,53.333333333333336,-88.03145628082154,16,59.099835009569446,43.099835009569446,68.75,-230.3403981458352,7,-18.5499219429612,-34.5499219429612,42.857142857142854,-88.03145628082154,8,4.799383528991207,-11.200616471008793,62.5,-95.1906934676916,8,114.57279197061155,98.57279197061155,87.5,-232.92664100258986,8,3.6268780485273595,-12.37312195147264,50.0,-217.99889322213494,11,41.6480343955005,25.648034395500503,63.63636363636363,-253.79370481161678,-18.5499219429612,-34.5499219429612,min_events;h1_cost_residual_floor;worst_quarter_cost_floor;worst_quarter_slip16_floor;median_mae_cap,INSUFFICIENT_EVENTS_RESEARCH_ONLY
Stage40_PARALLEL_THESIS_MEGASCAN,RESEARCH_STAGE_ONLY_NO_PROMOTION,NO_GO,NO_GO,NO_GO,NO_GO,VOLATILITY_SHOCK_REVERSAL,LOWER_WICK_SHOCK_REV_LONG_M3.0_W1.5,LONG,Large H1 shock with lower-wick rejection,24,"{""range_atr_mult"": 3.0, ""wick_ratio"": 1.5}",28,26,8.0,8.502590481085887,8.612916361476685,26,19.033216078099354,8.271988659670493,11.033216078099354,50.0,-58.15665205967991,99.07302195010237,26.923076923076923,50.0,-4.966783921900646,10.530625597013467,10.420299716622669,2.530625597013467,2.4202997166226687,20,29.439843758724226,23,11.301630303362861,3,8.975373684412489,-3.628057627443775,"{""2022"": 9.170879730195187, ""2023"": 8.894993178110088, ""2024"": -3.628057627443775, ""2025"": 11.301630303362861, ""2026"": 26.770565053379215}","{""2022"": 25.31112807869796, ""2023"": 13.948974578084716, ""2024"": 59.90412842990978, ""2025"": 8.975373684412489, ""2026"": -109.61979273237957}","{""2022"": 3, ""2023"": 11, ""2024"": 6, ""2025"": 3, ""2026"": 3}",17,24.127421608623663,8.127421608623663,58.82352941176471,-47.49574759114306,9,-13.700283257335451,-29.70028325733545,33.33333333333333,-68.0294931150427,13,8.522151217134892,-7.477848782865108,46.15384615384615,-68.77785272430548,13,13.544280939063814,-2.455719060936186,53.84615384615385,-52.32950203054032,6,5.40523852439712,-10.59476147560288,50.0,-60.96614992638416,7,11.193790668052982,-4.806209331947018,42.857142857142854,-73.12012954154513,6,47.387099844288095,31.387099844288095,83.33333333333334,-19.322448912085235,7,-15.463849551128428,-31.463849551128426,28.57142857142857,-116.2148882332703,9,-13.700283257335451,-29.70028325733545,33.33333333333333,-68.0294931150427,-15.463849551128428,-31.463849551128426,min_events;min_train_events;min_oos_events;h1_cost_residual_floor;loyo_floor;oos_cost_floor;worst_quarter_cost_floor;worst_quarter_slip16_floor,INSUFFICIENT_EVENTS_RESEARCH_ONLY
Stage40_PARALLEL_THESIS_MEGASCAN,RESEARCH_STAGE_ONLY_NO_PROMOTION,NO_GO,NO_GO,NO_GO,NO_GO,VOLATILITY_SHOCK_REVERSAL,LOWER_WICK_SHOCK_REV_LONG_M3.0_W1.5,LONG,Large H1 shock with lower-wick rejection,4,"{""range_atr_mult"": 3.0, ""wick_ratio"": 1.5}",28,26,8.0,1.3958339209070354,1.2296768282992119,26,10.75739641485893,-1.0106187989983306,2.757396414858929,46.15384615384615,-34.08233916855686,29.40420896525464,23.076923076923077,15.384615384615385,-13.24260358514107,9.361562493951894,9.527719586559718,1.3615624939518935,1.527719586559717,20,5.097921226993768,23,0.23848831510258112,3,22.06902517965759,-6.700676112268203,"{""2022"": -4.045665129111859, ""2023"": 22.678821068937193, ""2024"": -6.700676112268203, ""2025"": 0.23848831510258112, ""2026"": 7.31154348168905}","{""2022"": 54.91420158530163, ""2023"": -24.40818265888416, ""2024"": 34.28430483861604, ""2025"": 22.06902517965759, ""2026"": -32.157731097505334}","{""2022"": 3, ""2023"": 11, ""2024"": 6, ""2025"": 3, ""2026"": 3}",17,-0.5268758946284029,-16.526875894628404,35.294117647058826,-34.6219255273239,9,8.961021888335003,-7.038978111664997,66.66666666666666,-26.374548560639255,13,-7.2295267983765354,-23.229526798376536,23.076923076923077,-42.38299285143632,13,12.744319628094397,-3.255680371905603,69.23076923076923,-22.583315779417525,6,7.835292954147017,-8.164707045852982,33.33333333333333,-53.03911325447108,7,-20.14222944339673,-36.14222944339673,14.285714285714285,-34.6219255273239,6,26.483393436938552,10.483393436938552,83.33333333333334,-11.593229750000432,7,0.9679706490851174,-15.032029350914883,57.14285714285714,-34.540550031125775,9,8.961021888335003,-7.038978111664997,66.66666666666666,-26.374548560639255,-20.14222944339673,-36.14222944339673,min_events;min_train_events;min_oos_events;h1_cost_residual_floor;ex2025_floor;loyo_floor;train_cost_floor;worst_quarter_cost_floor;worst_quarter_slip16_floor,INSUFFICIENT_EVENTS_RESEARCH_ONLY
Stage40_PARALLEL_THESIS_MEGASCAN,RESEARCH_STAGE_ONLY_NO_PROMOTION,NO_GO,NO_GO,NO_GO,NO_GO,VOLATILITY_SHOCK_REVERSAL,LOWER_WICK_SHOCK_REV_LONG_M3.0_W1.0,LONG,Large H1 shock with lower-wick rejection,4,"{""range_atr_mult"": 3.0, ""wick_ratio"": 1.0}",36,34,8.0,1.3958339209070354,1.2296768282992119,34,10.645882375193576,10.452229226884935,2.645882375193574,52.94117647058824,-25.04859275419713,36.538180246125094,23.52941176470588,17.647058823529413,-13.354117624806426,9.25004845428654,9.416205546894364,1.2500484542865384,1.416205546894362,25,6.484327105739456,29,0.3300753847168896,5,16.07756291995833,-5.682408364772586,"{""2022"": -5.682408364772586, ""2023"": 12.668484661905293, ""2024"": 0.9212734196788782, ""2025"": 0.3300753847168896, ""2026"": 8.0831997414426}","{""2022"": 65.10806292493976, ""2023"": -11.672120891537457, ""2024"": 9.29794548932168, ""2025"": 16.07756291995833, ""2026"": -38.13399787167415}","{""2022"": 4, ""2023"": 14, ""2024"": 7, ""2025"": 5, ""2026"": 4}",22,11.110634214313803,-4.889365785686197,50.0,-23.152976363586266,12,-12.872829329860181,-28.87282932986018,58.333333333333336,-30.457549295882515,17,6.28153619595062,-9.71846380404938,41.17647058823529,-34.6219255273239,17,-0.9897714455634744,-16.989771445563473,64.70588235294117,-22.583315779417525,8,30.09147736649712,14.09147736649712,50.0,-47.11979976876446,9,-14.882855955646269,-30.88285595564627,33.33333333333333,-23.722636947755007,8,6.915257789040737,-9.084742210959263,75.0,-11.593229750000432,9,-8.016464098544994,-24.016464098544994,55.55555555555556,-34.540550031125775,12,-12.872829329860181,-28.87282932986018,58.333333333333336,-30.457549295882515,-14.882855955646269,-30.88285595564627,min_events;h1_cost_residual_floor;ex2025_floor;loyo_floor;oos_cost_floor;worst_quarter_cost_floor;worst_quarter_slip16_floor,INSUFFICIENT_EVENTS_RESEARCH_ONLY
Stage40_PARALLEL_THESIS_MEGASCAN,RESEARCH_STAGE_ONLY_NO_PROMOTION,NO_GO,NO_GO,NO_GO,NO_GO,PULLBACK_CONTINUATION_AFTER_TREND,DOWNTREND_PULLBACK_CONT_SHORT_TL120_T300,SHORT,Downtrend 120H then controlled pullback continuation,72,"{""mean_lookback"": 24, ""trend_bps"": 300, ""trend_lookback"": 120}",211,38,8.0,-25.002508867881485,-23.30868059339869,38,-18.355548008706553,-2.109770022432622,-26.355548008706556,42.10526315789473,-129.57248772372031,151.12716809106365,65.78947368421053,65.78947368421053,-42.355548008706556,6.646960859174932,4.953132584692138,-1.3530391408250715,-3.046867415307865,17,-0.9342647601688057,28,21.908864458367788,10,-161.4959029165147,-60.40153815140803,"{""2022"": -35.689396842360786, ""2023"": -26.94505294106684, ""2024"": -30.192089686256907, ""2025"": 21.908864458367788, ""2026"": -60.40153815140803}","{""2022"": 14.98006825461932, ""2023"": -21.344756083644157, ""2024"": -5.893992395104718, ""2025"": -161.4959029165147, ""2026"": 57.21188234156069}","{""2022"": 7, ""2023"": 4, ""2024"": 6, ""2025"": 10, ""2026"": 11}",25,-45.46927172672244,-61.46927172672244,40.0,-130.40192521050153,13,10.401612987477815,-5.598387012522185,46.15384615384615,-128.7430502369391,19,-12.691008653944229,-28.69100865394423,47.368421052631575,-118.608009347545,19,-40.0200873634689,-56.0200873634689,36.84210526315789,-178.38417890847725,9,2.38787283801665,-13.61212716198335,44.44444444444444,-90.89270400332028,10,-26.262001996709024,-42.262001996709024,50.0,-151.49160232796666,9,-185.75073101031745,-201.75073101031745,11.11111111111111,-225.48333202742964,10,91.13749191869482,75.13749191869482,60.0,-107.44580383783232,13,10.401612987477815,-5.598387012522185,46.15384615384615,-128.7430502369391,-185.75073101031745,-201.75073101031745,min_events;h1_cost_residual_floor;loyo_floor;train_cost_floor;worst_quarter_cost_floor;worst_quarter_slip16_floor;stop100_cap,INSUFFICIENT_EVENTS_RESEARCH_ONLY
Stage40_PARALLEL_THESIS_MEGASCAN,RESEARCH_STAGE_ONLY_NO_PROMOTION,NO_GO,NO_GO,NO_GO,NO_GO,VOLATILITY_SHOCK_REVERSAL,UPPER_WICK_SHOCK_REV_SHORT_M3.0_W1.5,SHORT,Large H1 shock with upper-wick rejection,4,"{""range_atr_mult"": 3.0, ""wick_ratio"": 1.5}",27,27,8.0,-1.3958339209070354,-1.2296768282992119,27,1.3576550810752877,8.366535897030847,-6.642344918924713,51.85185185185185,-26.23695793935399,31.23068205233892,14.814814814814813,7.4074074074074066,-22.642344918924714,2.753489001982323,2.5873319093744995,-5.246510998017677,-5.412668090625501,24,-2.7365240490918445,25,-6.043086165636285,2,-14.133079335030045,-17.354684451616865,"{""2022"": -8.385624758905045, ""2023"": 3.5479698462165996, ""2024"": -17.354684451616865, ""2025"": -6.043086165636285, ""2026"": -3.613182148010168}","{""2022"": 15.148653080829476, ""2023"": -17.61653005061535, ""2024"": 14.782334146459593, ""2025"": -14.133079335030045, ""2026"": -85.40057696270286}","{""2022"": 2, ""2023"": 13, ""2024"": 9, ""2025"": 2, ""2026"": 1}",18,-9.828377095032376,-25.828377095032376,55.55555555555556,-26.85718431201467,9,-0.27028056670938205,-16.27028056670938,44.44444444444444,-17.416359536812642,13,-13.23234049383831,-29.232340493838308,61.53846153846154,-25.660332494501503,14,-0.5230633136477972,-16.523063313647796,42.857142857142854,-26.85718431201467,6,-28.594247636959533,-44.59424763695954,50.0,-32.98343000216364,7,-0.06499151402011982,-16.06499151402012,71.42857142857143,-18.042234517670064,7,7.324808127867375,-8.675191872132626,57.14285714285714,-26.908812384101033,7,-8.370934755162969,-24.37093475516297,28.57142857142857,-6.240991426067488,9,-0.27028056670938205,-16.27028056670938,44.44444444444444,-17.416359536812642,-28.594247636959533,-44.59424763695954,min_events;min_train_events;min_oos_events;h1_cost_residual_floor;ex2025_floor;loyo_floor;train_cost_floor;oos_cost_floor;worst_quarter_cost_floor;worst_quarter_slip16_floor,INSUFFICIENT_EVENTS_RESEARCH_ONLY
Stage40_PARALLEL_THESIS_MEGASCAN,RESEARCH_STAGE_ONLY_NO_PROMOTION,NO_GO,NO_GO,NO_GO,NO_GO,VOLATILITY_SHOCK_REVERSAL,UPPER_WICK_SHOCK_REV_SHORT_M3.0_W1.5,SHORT,Large H1 shock with upper-wick rejection,24,"{""range_atr_mult"": 3.0, ""wick_ratio"": 1.5}",27,27,8.0,-8.502590481085887,-8.612916361476685,27,-6.33638398799909,21.46546405682015,-14.33638398799909,55.55555555555556,-42.82036462985417,58.205817443964804,29.629629629629626,18.51851851851852,-30.336383987999092,2.166206493086797,2.276532373477595,-5.833793506913203,-5.723467626522405,24,-6.774499144157253,25,-13.790858968211632,2,-21.15544673534231,-22.18755316688478,"{""2022"": -12.5251459107881, ""2023"": -20.439608485323124, ""2024"": -22.18755316688478, ""2025"": -13.790858968211632, ""2026"": -7.880725881940719}","{""2022"": -36.976859953136476, ""2023"": -7.763680683188593, ""2024"": 1.3659543697722927, ""2025"": -21.15544673534231, ""2026"": -182.18349474551675}","{""2022"": 2, ""2023"": 13, ""2024"": 9, ""2025"": 2, ""2026"": 1}",18,-17.594842115928643,-33.59484211592864,50.0,-42.345408980497545,9,-7.819467732139973,-23.819467732139973,66.66666666666666,-54.08859235924268,13,-7.948707109416702,-23.948707109416702,61.53846153846154,-26.23695793935399,14,-20.267798232397016,-36.26779823239701,50.0,-78.30080051721144,6,-34.43326787584147,-50.43326787584147,33.33333333333333,-43.0930278527164,7,14.752344976090244,-1.247655023909756,85.71428571428571,-23.14803012303024,7,-18.148491364381545,-34.14849136438154,42.857142857142854,-81.472892161083,7,-22.387105100412494,-38.3871051004125,57.14285714285714,-75.12870887333989,9,-7.819467732139973,-23.819467732139973,66.66666666666666,-54.08859235924268,-34.43326787584147,-50.43326787584147,min_events;min_train_events;min_oos_events;h1_cost_residual_floor;ex2025_floor;loyo_floor;train_cost_floor;oos_cost_floor;worst_quarter_cost_floor;worst_quarter_slip16_floor,INSUFFICIENT_EVENTS_RESEARCH_ONLY
Stage40_PARALLEL_THESIS_MEGASCAN,RESEARCH_STAGE_ONLY_NO_PROMOTION,NO_GO,NO_GO,NO_GO,NO_GO,VOLATILITY_SHOCK_REVERSAL,UPPER_WICK_SHOCK_REV_SHORT_M3.0_W1.0,SHORT,Large H1 shock with upper-wick rejection,24,"{""range_atr_mult"": 3.0, ""wick_ratio"": 1.0}",39,38,8.0,-8.502590481085887,-8.612916361476685,38,-7.17930198085707,8.35938739142894,-15.17930198085707,50.0,-49.48789516507124,55.72102504682263,31.57894736842105,18.421052631578945,-31.17930198085707,1.3232885002288173,1.4336143806196153,-6.676711499771184,-6.566385619380386,33,-14.513484520500972,35,-11.648751265736385,3,-56.36906032393174,-22.13008567397895,"{""2022"": -16.83976479162294, ""2023"": -22.13008567397895, ""2024"": -7.471649120644035, ""2025"": -11.648751265736385, ""2026"": -18.00144917078687}","{""2022"": -4.2202474298023045, ""2023"": -4.521433651403518, ""2024"": -30.001711327420594, ""2025"": -56.36906032393174, ""2026"": 35.61934743787931}","{""2022"": 5, ""2023"": 15, ""2024"": 13, ""2025"": 3, ""2026"": 2}",25,-9.060146158308894,-25.060146158308896,52.0,-42.82036462985417,13,-26.946909331911254,-42.94690933191126,46.15384615384615,-75.12870887333989,19,-4.269700318830147,-20.269700318830147,57.89473684210527,-41.87045333114092,19,-26.08890364288399,-42.08890364288399,42.10526315789473,-78.69887170253608,9,-19.999799845331765,-35.999799845331765,44.44444444444444,-44.88719797089979,10,9.887389255021311,-6.112610744978689,70.0,-24.692494031192112,9,-13.02787271017737,-29.02787271017737,44.44444444444444,-78.69887170253608,10,-37.843831482319956,-53.843831482319956,40.0,-97.17311559516716,13,-26.946909331911254,-42.94690933191126,46.15384615384615,-75.12870887333989,-37.843831482319956,-53.843831482319956,min_events;h1_cost_residual_floor;ex2025_floor;loyo_floor;train_cost_floor;oos_cost_floor;worst_quarter_cost_floor;worst_quarter_slip16_floor,INSUFFICIENT_EVENTS_RESEARCH_ONLY
Stage40_PARALLEL_THESIS_MEGASCAN,RESEARCH_STAGE_ONLY_NO_PROMOTION,NO_GO,NO_GO,NO_GO,NO_GO,VOLATILITY_SHOCK_REVERSAL,UPPER_WICK_SHOCK_REV_SHORT_M3.0_W1.5,SHORT,Large H1 shock with upper-wick rejection,8,"{""range_atr_mult"": 3.0, ""wick_ratio"": 1.5}",27,27,8.0,-2.7951299583446616,-1.1310753012648225,27,-4.287908252374318,5.518790990574063,-12.287908252374317,44.44444444444444,-26.805556239928308,31.75568038903398,18.51851851851852,11.11111111111111,-28.287908252374315,-1.4927782940296561,-3.1568329511094952,-9.492778294029655,-11.156832951109495,24,-6.34795876873054,25,-11.902913280128482,2,-17.100345405447243,-19.631973673293754,"{""2022"": -12.928255077028343, ""2023"": -11.884832496270759, ""2024"": -19.631973673293754, ""2025"": -11.902913280128482, ""2026"": -7.175065433093364}","{""2022"": -4.283572944199001, ""2023"": -12.721989835870458, ""2024"": 2.400222589464553, ""2025"": -17.100345405447243, ""2026"": -145.22182155367912}","{""2022"": 2, ""2023"": 13, ""2024"": 9, ""2025"": 2, ""2026"": 1}",18,-14.955232444068407,-30.955232444068407,38.88888888888889,-29.380590894693135,9,-6.953259868986136,-22.953259868986137,55.55555555555556,-17.416359536812642,13,-10.788765297287059,-26.788765297287057,46.15384615384615,-26.23695793935399,14,-13.679969567812487,-29.679969567812485,42.857142857142854,-26.85718431201467,6,-23.378021438534063,-39.37802143853406,33.33333333333333,-32.98343000216364,7,0.002025680924658348,-15.997974319075341,57.14285714285714,-23.14803012303024,7,-11.999943874452809,-27.99994387445281,42.857142857142854,-26.908812384101033,7,-15.35999526117216,-31.35999526117216,42.857142857142854,-12.234324462210289,9,-6.953259868986136,-22.953259868986137,55.55555555555556,-17.416359536812642,-23.378021438534063,-39.37802143853406,min_events;min_train_events;min_oos_events;h1_cost_residual_floor;ex2025_floor;loyo_floor;train_cost_floor;oos_cost_floor;worst_quarter_cost_floor;worst_quarter_slip16_floor,INSUFFICIENT_EVENTS_RESEARCH_ONLY
Stage40_PARALLEL_THESIS_MEGASCAN,RESEARCH_STAGE_ONLY_NO_PROMOTION,NO_GO,NO_GO,NO_GO,NO_GO,VOLATILITY_SHOCK_REVERSAL,UPPER_WICK_SHOCK_REV_SHORT_M3.0_W1.0,SHORT,Large H1 shock with upper-wick rejection,4,"{""range_atr_mult"": 3.0, ""wick_ratio"": 1.0}",39,38,8.0,-1.3958339209070354,-1.2296768282992119,38,-5.9668831453567535,8.043556928700735,-13.966883145356755,50.0,-26.521257089641146,31.493181220686452,15.789473684210526,7.894736842105263,-29.966883145356753,-4.571049224449718,-4.737206317057542,-12.57104922444972,-12.737206317057543,33,-14.071656606949237,35,-14.049952168623825,3,-12.997744540574297,-19.40964260949553,"{""2022"": -10.590591055905321, ""2023"": -12.744758280829629, ""2024"": -19.40964260949553, ""2025"": -14.049952168623825, ""2026"": -13.982163934751325}","{""2022"": -36.25041093573621, ""2023"": -15.840807937631682, ""2024"": -3.5000380220129585, ""2025"": -12.997744540574297, ""2026"": -13.691828936254524}","{""2022"": 5, ""2023"": 15, ""2024"": 13, ""2025"": 3, ""2026"": 2}",25,-14.423978015928133,-30.423978015928135,52.0,-26.908812384101033,13,-13.087854548104106,-29.087854548104104,46.15384615384615,-15.25451680287393,19,-23.41198583931886,-39.41198583931886,52.63157894736842,-26.23695793935399,19,-4.5217804513946485,-20.521780451394648,47.368421052631575,-26.805556239928308,9,-45.84179603408661,-61.84179603408661,33.33333333333333,-39.72990206497329,10,-3.2251566640278897,-19.22515666402789,70.0,-20.595132320350153,9,10.477963484439098,-5.522036515560902,55.55555555555556,-26.805556239928308,10,-18.021549993645017,-34.02154999364502,40.0,-35.31166535455821,13,-13.087854548104106,-29.087854548104104,46.15384615384615,-15.25451680287393,-45.84179603408661,-61.84179603408661,min_events;h1_cost_residual_floor;ex2025_floor;loyo_floor;train_cost_floor;oos_cost_floor;worst_quarter_cost_floor;worst_quarter_slip16_floor,INSUFFICIENT_EVENTS_RESEARCH_ONLY
Stage40_PARALLEL_THESIS_MEGASCAN,RESEARCH_STAGE_ONLY_NO_PROMOTION,NO_GO,NO_GO,NO_GO,NO_GO,FAILED_CONTINUATION_AFTER_EXTREME_MOVE,FAILED_DOWN_CONT_LONG_L72_T300,LONG,"Strong 72H down move, new low attempt fails",72,"{""lookback"": 72, ""move_bps"": 300}",33,16,8.0,25.002508867881485,23.30868059339869,16,17.927904761142404,63.461389703621805,9.927904761142404,62.5,-84.68783986946559,154.9084412430879,50.0,62.5,-6.072095238857596,-7.074604106739081,-5.380775832256287,-15.07460410673908,-13.380775832256287,6,21.83307807005231,12,-47.631823950599475,4,182.60709089636808,-47.631823950599475,"{""2022"": 12.915846429096417, ""2023"": 3.423121197931071, ""2024"": 8.342529524009787, ""2025"": -47.631823950599475, ""2026"": 86.1426832005786}","{""2022"": -10.987686914535658, ""2023"": 55.461389703621805, ""2024"": 21.02553142107078, ""2025"": 182.60709089636808, ""2026"": -117.09672597125126}","{""2022"": 2, ""2023"": 2, ""2024"": 2, ""2025"": 4, ""2026"": 6}",10,86.1426832005786,70.1426832005786,70.0,-61.19257942769852,6,-117.09672597125126,-133.09672597125126,50.0,-483.3563218853404,8,62.41162583576441,46.41162583576441,62.5,-46.61977009889351,8,-42.55581631347959,-58.55581631347959,62.5,-261.99884916134727,4,22.236851394543073,6.2368513945430735,50.0,-20.49349857851157,4,102.58640027698574,86.58640027698574,75.0,-151.53140433257607,4,5.466069483623343,-10.533930516376657,75.0,-261.99884916134727,4,-90.57770211058252,-106.57770211058252,50.0,-302.42217712604827,6,-117.09672597125126,-133.09672597125126,50.0,-483.3563218853404,-90.57770211058252,-106.57770211058252,min_events;min_train_events;min_oos_events;h1_cost_residual_floor;ex2025_floor;loyo_floor;oos_cost_floor;worst_quarter_cost_floor;worst_quarter_slip16_floor,INSUFFICIENT_EVENTS_RESEARCH_ONLY
Stage40_PARALLEL_THESIS_MEGASCAN,RESEARCH_STAGE_ONLY_NO_PROMOTION,NO_GO,NO_GO,NO_GO,NO_GO,VOLATILITY_SHOCK_REVERSAL,UPPER_WICK_SHOCK_REV_SHORT_M3.0_W1.0,SHORT,Large H1 shock with upper-wick rejection,8,"{""range_atr_mult"": 3.0, ""wick_ratio"": 1.0}",39,38,8.0,-2.7951299583446616,-1.1310753012648225,38,-10.182662811613124,3.667698784742268,-18.182662811613124,44.73684210526316,-27.048288944812036,32.024234166530555,18.421052631578945,10.526315789473683,-34.18266281161313,-7.387532853268462,-9.051587510348302,-15.387532853268462,-17.051587510348302,33,-17.38221446366619,35,-16.614671493661813,3,-36.4758948543784,-23.61737988615726,"{""2022"": -14.1086030760031, ""2023"": -23.61737988615726, ""2024"": -19.617073773327704, ""2025"": -16.614671493661813, ""2026"": -18.973354496225543}","{""2022"": -45.07145706663928, ""2023"": -9.84942996397878, ""2024"": -15.424180192931239, ""2025"": -36.4758948543784, ""2026"": -3.9502124885896137}","{""2022"": 5, ""2023"": 15, ""2024"": 13, ""2025"": 3, ""2026"": 2}",25,-18.289764796477474,-34.28976479647747,44.0,-29.7479507865428,13,-17.976697456104752,-33.97669745610475,46.15384615384615,-17.416359536812642,19,-20.6081067298492,-36.6081067298492,47.368421052631575,-29.7479507865428,19,-15.75721889337704,-31.75721889337704,42.10526315789473,-26.805556239928308,9,-43.05840415052061,-59.05840415052061,33.33333333333333,-39.72990206497329,10,-0.402839051244932,-16.402839051244932,60.0,-24.692494031192112,9,-9.570926697425831,-25.570926697425833,33.33333333333333,-26.805556239928308,10,-21.324881869733133,-37.32488186973313,50.0,-42.22127660849284,13,-17.976697456104752,-33.97669745610475,46.15384615384615,-17.416359536812642,-43.05840415052061,-59.05840415052061,min_events;h1_cost_residual_floor;ex2025_floor;loyo_floor;train_cost_floor;oos_cost_floor;worst_quarter_cost_floor;worst_quarter_slip16_floor,INSUFFICIENT_EVENTS_RESEARCH_ONLY
Stage40_PARALLEL_THESIS_MEGASCAN,RESEARCH_STAGE_ONLY_NO_PROMOTION,NO_GO,NO_GO,NO_GO,NO_GO,VOLATILITY_SHOCK_REVERSAL,UPPER_WICK_SHOCK_REV_SHORT_M3.0_W1.0,SHORT,Large H1 shock with upper-wick rejection,72,"{""range_atr_mult"": 3.0, ""wick_ratio"": 1.0}",39,34,8.0,-25.002508867881485,-23.30868059339869,34,-35.13133332883537,5.684391981791159,-43.13133332883536,47.05882352941176,-135.82353363861822,104.11780089704948,55.88235294117647,50.0,-59.13133332883536,-10.128824460953883,-11.822652735436677,-18.128824460953876,-19.82265273543667,29,-37.07166384853064,31,-44.17191424638197,3,-32.378663847520365,-69.45474297563642,"{""2022"": -42.30385628557361, ""2023"": -69.45474297563642, ""2024"": -29.51712733914397, ""2025"": -44.17191424638197, ""2026"": -36.631695098435934}","{""2022"": -47.93070017975352, ""2023"": -5.52646240483386, ""2024"": -75.8054277040947, ""2025"": -32.378663847520365, ""2026"": -147.1255450152262}","{""2022"": 5, ""2023"": 14, ""2024"": 10, ""2025"": 3, ""2026"": 2}",22,-15.426550076924487,-31.426550076924485,54.54545454545454,-110.02742311953529,12,-93.92343595733864,-109.92343595733864,33.33333333333333,-199.95942128605003,17,-1.5848205835503872,-17.58482058355039,58.82352941176471,-59.94909776607882,17,-84.67784607412034,-100.67784607412034,35.294117647058826,-161.42463647428107,8,-6.287224498998979,-22.28722449899898,50.0,-171.7387662580727,9,2.595094007959476,-13.404905992040524,66.66666666666666,-42.82036462985417,8,-86.89659335428067,-102.89659335428067,37.5,-158.2810919469102,9,-82.70562626953337,-98.70562626953337,33.33333333333333,-230.0064451502193,12,-93.92343595733864,-109.92343595733864,33.33333333333333,-199.95942128605003,-86.89659335428067,-102.89659335428067,min_events;h1_cost_residual_floor;ex2025_floor;loyo_floor;train_cost_floor;oos_cost_floor;worst_quarter_cost_floor;worst_quarter_slip16_floor,INSUFFICIENT_EVENTS_RESEARCH_ONLY
Stage40_PARALLEL_THESIS_MEGASCAN,RESEARCH_STAGE_ONLY_NO_PROMOTION,NO_GO,NO_GO,NO_GO,NO_GO,FAILED_CONTINUATION_AFTER_EXTREME_MOVE,FAILED_UP_CONT_SHORT_L24_T200,SHORT,"Strong 24H up move, new high attempt fails",72,"{""lookback"": 24, ""move_bps"": 200}",66,31,8.0,-25.002508867881485,-23.30868059339869,31,-35.27969515000609,-30.00776986898268,-43.27969515000609,41.935483870967744,-155.30904958061421,140.73104046293915,67.74193548387096,54.83870967741935,-59.27969515000609,-10.277186282124607,-11.9710145566074,-18.277186282124607,-19.9710145566074,10,-50.28157729156423,19,31.24702823782077,12,-161.28034051406527,-110.82635723111025,"{""2022"": -40.28649810442185, ""2023"": -42.11327121033702, ""2024"": -45.000086489691654, ""2025"": 31.24702823782077, ""2026"": -110.82635723111025}","{""2022"": -71.21620090879222, ""2023"": -54.1663185869173, ""2024"": -31.66705360712845, ""2025"": -161.28034051406527, ""2026"": 121.83436771491522}","{""2022"": 3, ""2023"": 3, ""2024"": 4, ""2025"": 12, ""2026"": 9}",20,-115.23542776784993,-131.23542776784993,25.0,-150.38134233486988,11,87.54890960971004,71.54890960971004,72.72727272727273,-264.00382390985743,15,-112.5846434724979,-128.5846434724979,26.666666666666668,-164.11682892906842,16,21.693693902329983,5.693693902329983,56.25,-149.6230232775231,7,-79.16660403496773,-95.16660403496773,28.57142857142857,-164.11682892906842,8,-141.82542798033677,-157.82542798033677,25.0,-187.0269457941076,8,-91.62766047667516,-107.62766047667516,37.5,-122.71639438069414,8,135.0150482813351,119.01504828133511,75.0,-320.6893771617725,11,87.54890960971004,71.54890960971004,72.72727272727273,-264.00382390985743,-141.82542798033677,-157.82542798033677,min_events;h1_cost_residual_floor;loyo_floor;train_cost_floor;worst_quarter_cost_floor;worst_quarter_slip16_floor;median_mae_cap;stop100_cap,INSUFFICIENT_EVENTS_RESEARCH_ONLY
Stage40_PARALLEL_THESIS_MEGASCAN,RESEARCH_STAGE_ONLY_NO_PROMOTION,NO_GO,NO_GO,NO_GO,NO_GO,FAILED_CONTINUATION_AFTER_EXTREME_MOVE,FAILED_UP_CONT_SHORT_L24_T300,SHORT,"Strong 24H up move, new high attempt fails",24,"{""lookback"": 24, ""move_bps"": 300}",14,11,8.0,-8.502590481085887,-8.612916361476685,11,-24.298592903586805,-38.10627612123696,-32.29859290358681,45.45454545454545,-199.06041867291611,108.02964506275714,54.54545454545454,54.54545454545454,-48.29859290358681,-15.796002422500917,-15.68567654211012,-23.79600242250092,-23.685676542110123,0,,7,-21.966372770320838,4,-50.37997813680228,-50.37997813680228,"{""2025"": -21.966372770320838, ""2026"": -50.37997813680228}","{""2025"": -50.37997813680228, ""2026"": -21.966372770320824}","{""2025"": 4, ""2026"": 7}",7,-122.61327083411506,-138.61327083411504,28.57142857142857,-243.68114822229225,4,125.75209347483764,109.75209347483764,75.0,-30.078113731121235,5,-77.56527292970938,-93.56527292970938,40.0,-199.06041867291611,6,5.42364045151534,-10.57635954848466,50.0,-162.01576366827618,2,-97.65378123455936,-113.65378123455936,50.0,-189.5296396395352,3,-64.17293405980939,-80.17293405980939,33.33333333333333,-199.06041867291611,3,-47.11875750340503,-63.11875750340503,33.33333333333333,-366.0098251385913,3,57.96603840643571,41.96603840643571,66.66666666666666,-53.76299445348786,4,125.75209347483764,109.75209347483764,75.0,-30.078113731121235,-97.65378123455936,-113.65378123455936,min_events;min_train_events;min_oos_events;h1_cost_residual_floor;ex2025_floor;loyo_floor;train_cost_floor;worst_quarter_cost_floor;worst_quarter_slip16_floor;median_mae_cap,INSUFFICIENT_EVENTS_RESEARCH_ONLY
Stage40_PARALLEL_THESIS_MEGASCAN,RESEARCH_STAGE_ONLY_NO_PROMOTION,NO_GO,NO_GO,NO_GO,NO_GO,FAILED_CONTINUATION_AFTER_EXTREME_MOVE,FAILED_DOWN_CONT_LONG_L24_T300,LONG,"Strong 24H down move, new low attempt fails",4,"{""lookback"": 24, ""move_bps"": 300}",19,19,8.0,1.3958339209070354,1.2296768282992119,19,-16.233270304642236,20.84176292303841,-24.233270304642236,52.63157894736842,-56.5323276355667,67.49642659892973,36.84210526315789,31.57894736842105,-40.23327030464223,-17.62910422554927,-17.462947132941448,-25.62910422554927,-25.462947132941448,2,14.939146351492745,15,-38.82010977128768,4,30.467377695278195,-38.82010977128768,"{""2024"": -28.84178991124635, ""2025"": -38.82010977128768, ""2026"": 25.291300580683043}","{""2024"": 14.939146351492745, ""2025"": 30.467377695278195, ""2026"": -47.090764559407745}","{""2024"": 2, ""2025"": 4, ""2026"": 13}",12,6.606095931909059,-9.39390406809094,66.66666666666666,-56.02459097206525,7,-77.10075528158731,-93.10075528158731,28.57142857142857,-75.38509699932749,9,2.9706375234135955,-13.029362476586405,66.66666666666666,-55.51685430856379,10,-48.71678734989248,-64.71678734989248,40.0,-67.25935987655696,4,20.106237858973593,4.106237858973593,75.0,-34.43192725242128,5,-10.737842745034403,-26.737842745034403,60.0,-110.20847205859718,5,-64.28488316347612,-80.28488316347612,40.0,-75.38509699932749,5,-33.14869153630883,-49.14869153630883,40.0,-40.41557097103632,7,-77.10075528158731,-93.10075528158731,28.57142857142857,-75.38509699932749,-64.28488316347612,-80.28488316347612,min_events;min_train_events;min_oos_events;h1_cost_residual_floor;ex2025_floor;loyo_floor;oos_cost_floor;worst_quarter_cost_floor;worst_quarter_slip16_floor,INSUFFICIENT_EVENTS_RESEARCH_ONLY
Stage40_PARALLEL_THESIS_MEGASCAN,RESEARCH_STAGE_ONLY_NO_PROMOTION,NO_GO,NO_GO,NO_GO,NO_GO,PULLBACK_CONTINUATION_AFTER_TREND,DOWNTREND_PULLBACK_CONT_SHORT_TL72_T300,SHORT,Downtrend 72H then controlled pullback continuation,72,"{""mean_lookback"": 24, ""trend_bps"": 300, ""trend_lookback"": 72}",135,28,8.0,-25.002508867881485,-23.30868059339869,28,-43.341462208535894,-15.902070164431903,-51.341462208535894,35.714285714285715,-144.86278845430303,137.51399387139762,64.28571428571429,57.14285714285714,-67.34146220853589,-18.33895334065441,-20.032781615137203,-26.33895334065441,-28.032781615137203,10,6.033892209699303,20,-35.27937406104263,8,-91.496682577269,-62.34795637685872,"{""2022"": -54.0505971284144, ""2023"": -61.38658392247465, ""2024"": -62.34795637685872, ""2025"": -35.27937406104263, ""2026"": -37.31302991784216}","{""2022"": -16.12270825011508, ""2023"": 79.24512007266816, ""2024"": -10.98431692468552, ""2025"": -91.496682577269, ""2026"": -76.59264033178458}","{""2022"": 2, ""2023"": 2, ""2024"": 6, ""2025"": 8, ""2026"": 10}",18,-37.31302991784216,-53.31302991784216,33.33333333333333,-144.86278845430303,10,-76.59264033178458,-92.59264033178458,40.0,-157.807206834919,14,-31.068048356235348,-47.06804835623535,35.714285714285715,-136.4734411692914,14,-71.61487606083644,-87.61487606083644,35.714285714285715,-217.05232622801105,7,-0.9138024783381614,-16.913802478338162,28.57142857142857,-114.35783349020178,7,-61.22229423413253,-77.22229423413253,42.857142857142854,-166.7556553032701,7,-32.63540992885926,-48.63540992885926,28.57142857142857,-225.48333202742964,7,-110.59434219281358,-126.59434219281358,42.857142857142854,-208.6213204285925,10,-76.59264033178458,-92.59264033178458,40.0,-157.807206834919,-110.59434219281358,-126.59434219281358,min_events;min_train_events;h1_cost_residual_floor;ex2025_floor;loyo_floor;train_cost_floor;oos_cost_floor;worst_quarter_cost_floor;worst_quarter_slip16_floor;stop100_cap,INSUFFICIENT_EVENTS_RESEARCH_ONLY
Stage40_PARALLEL_THESIS_MEGASCAN,RESEARCH_STAGE_ONLY_NO_PROMOTION,NO_GO,NO_GO,NO_GO,NO_GO,FAILED_CONTINUATION_AFTER_EXTREME_MOVE,FAILED_DOWN_CONT_LONG_L72_T300,LONG,"Strong 72H down move, new low attempt fails",4,"{""lookback"": 72, ""move_bps"": 300}",33,30,8.0,1.3958339209070354,1.2296768282992119,30,-17.37506880030204,2.7118759029165496,-25.375068800302035,40.0,-46.62383338039866,34.84283858776638,20.0,10.0,-41.37506880030203,-18.770902721209072,-18.60474562860125,-26.77090272120907,-26.604745628601247,10,-11.290902923813622,23,-38.38682192806297,7,17.37783433376961,-38.38682192806297,"{""2022"": -28.32473442167915, ""2023"": -27.740669390737747, ""2024"": -25.17362361852213, ""2025"": -38.38682192806297, ""2026"": 0.5138712410735906}","{""2022"": 1.1719217920919565, ""2023"": 7.743339465797979, ""2024"": -26.38229470920161, ""2025"": 17.37783433376961, ""2026"": -59.22983654671633}","{""2022"": 3, ""2023"": 2, ""2024"": 5, ""2025"": 7, ""2026"": 13}",20,-17.28207235210582,-33.28207235210582,40.0,-37.349505539342466,10,-41.56106169669448,-57.56106169669448,40.0,-66.50710563105288,15,0.7092122089763947,-15.290787791023606,46.666666666666664,-32.17678420268433,15,-51.459349809580466,-67.45934980958046,33.33333333333333,-72.07974949462903,7,-7.16244539240535,-23.16244539240535,42.857142857142854,-20.36366257591404,8,7.59691261018542,-8.40308738981458,50.0,-44.392102675782084,7,-47.2563628642146,-63.2563628642146,28.57142857142857,-72.07974949462903,8,-55.13696338677561,-71.13696338677562,37.5,-66.50710563105288,10,-41.56106169669448,-57.56106169669448,40.0,-66.50710563105288,-55.13696338677561,-71.13696338677562,min_events;h1_cost_residual_floor;ex2025_floor;loyo_floor;train_cost_floor;oos_cost_floor;worst_quarter_cost_floor;worst_quarter_slip16_floor,INSUFFICIENT_EVENTS_RESEARCH_ONLY
Stage40_PARALLEL_THESIS_MEGASCAN,RESEARCH_STAGE_ONLY_NO_PROMOTION,NO_GO,NO_GO,NO_GO,NO_GO,FAILED_CONTINUATION_AFTER_EXTREME_MOVE,FAILED_DOWN_CONT_LONG_L72_T300,LONG,"Strong 72H down move, new low attempt fails",8,"{""lookback"": 72, ""move_bps"": 300}",33,25,8.0,2.7951299583446616,1.1310753012648225,25,-17.858818890428243,4.144816276514529,-25.858818890428243,48.0,-78.8125317792454,58.22962633308837,24.0,24.0,-41.85881889042824,-20.653948848772906,-18.989894191693065,-28.653948848772906,-26.989894191693065,10,-3.2008317699115905,19,-51.05660352509158,6,53.93416578600563,-51.05660352509158,"{""2022"": -34.119310222339394, ""2023"": -29.8825064602207, ""2024"": -23.474031280322986, ""2025"": -51.05660352509158, ""2026"": 18.22479231355737}","{""2022"": 34.71811754358682, ""2023"": 20.41358816218498, ""2024"": -35.397969330849264, ""2025"": 53.93416578600563, ""2026"": -104.22968325306934}","{""2022"": 3, ""2023"": 2, ""2024"": 5, ""2025"": 6, ""2026"": 9}",16,18.22479231355737,2.2247923135573693,62.5,-46.73094160980051,9,-104.22968325306934,-120.22968325306934,22.22222222222222,-154.5443735383889,12,9.246419035007635,-6.753580964992365,58.333333333333336,-48.645155503181385,13,-58.263653898522904,-74.2636538985229,38.46153846153847,-93.4849676076499,6,9.914620986894297,-6.085379013105703,66.66666666666666,-16.600089569307475,6,8.578217083120977,-7.421782916879023,50.0,-75.9905617476858,6,-37.12705504390268,-53.12705504390268,50.0,-72.34205373730373,7,-76.38073863105453,-92.38073863105453,28.57142857142857,-116.2148882332703,9,-104.22968325306934,-120.22968325306934,22.22222222222222,-154.5443735383889,-76.38073863105453,-92.38073863105453,min_events;min_train_events;min_oos_events;h1_cost_residual_floor;ex2025_floor;loyo_floor;oos_cost_floor;worst_quarter_cost_floor;worst_quarter_slip16_floor,INSUFFICIENT_EVENTS_RESEARCH_ONLY
Stage40_PARALLEL_THESIS_MEGASCAN,RESEARCH_STAGE_ONLY_NO_PROMOTION,NO_GO,NO_GO,NO_GO,NO_GO,FALSE_BREAKOUT_SWEEP_REVERSAL,SWEEP_HIGH_REV_SHORT_L72_T15,SHORT,Sweep above prior 72H high by 15bps then close back inside,4,"{""lookback"": 72, ""threshold_bps"": 15}",38,37,8.0,-1.3958339209070354,-1.2296768282992119,37,-24.472746725618006,-11.12300509426678,-32.472746725618,40.54054054054054,-35.869676933091284,31.79171233695044,13.513513513513514,5.405405405405405,-48.472746725618,-23.07691280471097,-23.243069897318794,-31.076912804710968,-31.24306989731879,17,-11.309853132213274,24,-42.72747670690085,13,-13.540937529403546,-42.72747670690085,"{""2022"": -37.82966987528043, ""2023"": -29.35315174875923, ""2024"": -42.07932976605794, ""2025"": -42.72747670690085, ""2026"": -12.276656370995726}","{""2022"": 61.27340839347429, ""2023"": -48.59065410605504, ""2024"": -2.585599488693776, ""2025"": -13.540937529403546, ""2026"": -119.02741967399925}","{""2022"": 2, ""2023"": 6, ""2024"": 9, ""2025"": 13, ""2026"": 7}",24,-10.84911573197766,-26.849115731977662,50.0,-27.196228396659805,13,-72.39329625233866,-88.39329625233866,23.076923076923077,-58.069557283326745,18,-8.582741431392723,-24.582741431392723,55.55555555555556,-24.188363085106968,19,-55.10538332014723,-71.10538332014724,26.31578947368421,-41.86988312236073,9,-15.067317327378557,-31.067317327378557,55.55555555555556,-29.0471627594302,9,-2.098165535406888,-18.09816553540689,55.55555555555556,-23.031432136324526,9,-23.08143817934651,-39.081438179346506,22.22222222222222,-35.869676933091284,10,-83.92693394686788,-99.92693394686788,30.0,-59.54553992538414,13,-72.39329625233866,-88.39329625233866,23.076923076923077,-58.069557283326745,-83.92693394686788,-99.92693394686788,min_events;h1_cost_residual_floor;ex2025_floor;loyo_floor;train_cost_floor;oos_cost_floor;worst_quarter_cost_floor;worst_quarter_slip16_floor,INSUFFICIENT_EVENTS_RESEARCH_ONLY
Stage40_PARALLEL_THESIS_MEGASCAN,RESEARCH_STAGE_ONLY_NO_PROMOTION,NO_GO,NO_GO,NO_GO,NO_GO,FAILED_CONTINUATION_AFTER_EXTREME_MOVE,FAILED_DOWN_CONT_LONG_L72_T200,LONG,"Strong 72H down move, new low attempt fails",72,"{""lookback"": 72, ""move_bps"": 200}",67,36,8.0,25.002508867881485,23.30868059339869,36,-1.102501702390329,8.368114411642091,-9.10250170239033,50.0,-141.15162106013767,107.93970175962397,58.333333333333336,52.77777777777778,-25.102501702390327,-26.105010570271812,-24.41118229578902,-34.105010570271816,-32.41118229578902,19,1.0139174628691832,28,-40.561880076631134,8,101.00532260745248,-40.561880076631134,"{""2022"": -26.45819421123817, ""2023"": -8.645830828327936, ""2024"": 0.21718593133883815, ""2025"": -40.561880076631134, ""2026"": 30.64100046867164}","{""2022"": 51.64242207857711, ""2023"": -11.93386112157712, ""2024"": -55.70093987103615, ""2025"": 101.0053226074525, ""2026"": -128.33300821557623}","{""2022"": 8, ""2023"": 5, ""2024"": 6, ""2025"": 8, ""2026"": 9}",24,8.64515997895887,-7.354840021041131,45.83333333333333,-126.60004451358175,12,-44.597825065088706,-60.597825065088706,58.333333333333336,-253.8691688518091,18,9.629150163698384,-6.370849836301616,50.0,-126.60004451358175,18,-27.83415356847904,-43.83415356847904,50.0,-205.1968351134176,9,52.65909285901671,36.65909285901671,66.66666666666666,-55.890682200170346,9,-33.40079253161995,-49.40079253161995,33.33333333333333,-164.08212989518,9,72.66470107861817,56.664701078618165,55.55555555555556,-85.16259257610126,9,-128.33300821557626,-144.33300821557626,44.44444444444444,-255.6757404348886,12,-44.597825065088706,-60.597825065088706,58.333333333333336,-253.8691688518091,-128.33300821557626,-144.33300821557626,min_events;h1_cost_residual_floor;ex2025_floor;loyo_floor;oos_cost_floor;worst_quarter_cost_floor;worst_quarter_slip16_floor,INSUFFICIENT_EVENTS_RESEARCH_ONLY
Stage40_PARALLEL_THESIS_MEGASCAN,RESEARCH_STAGE_ONLY_NO_PROMOTION,NO_GO,NO_GO,NO_GO,NO_GO,FAILED_CONTINUATION_AFTER_EXTREME_MOVE,FAILED_DOWN_CONT_LONG_L24_T300,LONG,"Strong 24H down move, new low attempt fails",72,"{""lookback"": 24, ""move_bps"": 300}",19,10,8.0,25.002508867881485,23.30868059339869,10,-4.9775505412386,56.09856269116587,-12.9775505412386,70.0,-230.8228720265426,195.4264974148656,60.0,80.0,-28.9775505412386,-29.980059409120084,-28.28623113463729,-37.98005940912009,-36.28623113463729,2,90.75633793001049,8,-8.626907201733545,2,-30.380123899258805,-38.91102265905087,"{""2024"": -38.91102265905087, ""2025"": -8.626907201733545, ""2026"": 30.18810701537584}","{""2024"": 90.75633793001049, ""2025"": -30.380123899258805, ""2026"": -41.754655578981556}","{""2024"": 2, ""2025"": 2, ""2026"": 6}",6,77.79025283725247,61.79025283725247,83.33333333333334,-230.8228720265426,4,-149.12925560897523,-165.12925560897523,50.0,-316.9225570731865,5,30.454117060391148,14.454117060391148,80.0,-202.6795535279591,5,-56.40921814286835,-72.40921814286835,60.0,-462.36746401680074,2,90.75633793001049,74.75633793001049,100.0,-39.41047280519972,3,-9.747363519355076,-25.747363519355076,66.66666666666666,-258.96619052512614,2,198.79759836091716,182.79759836091716,100.0,-274.49866908692775,3,-226.54709581205864,-242.54709581205864,33.33333333333333,-547.2152399893182,4,-149.12925560897523,-165.12925560897523,50.0,-316.9225570731865,-226.54709581205864,-242.54709581205864,min_events;min_train_events;min_oos_events;h1_cost_residual_floor;ex2025_floor;loyo_floor;oos_cost_floor;worst_quarter_cost_floor;worst_quarter_slip16_floor;median_mae_cap,INSUFFICIENT_EVENTS_RESEARCH_ONLY
Stage40_PARALLEL_THESIS_MEGASCAN,RESEARCH_STAGE_ONLY_NO_PROMOTION,NO_GO,NO_GO,NO_GO,NO_GO,FALSE_BREAKOUT_SWEEP_REVERSAL,SWEEP_HIGH_REV_SHORT_L72_T15,SHORT,Sweep above prior 72H high by 15bps then close back inside,72,"{""lookback"": 72, ""threshold_bps"": 15}",38,33,8.0,-25.002508867881485,-23.30868059339869,33,-58.54759120620523,-74.70619930390666,-66.54759120620524,33.33333333333333,-196.07843137255054,106.69281240433205,72.72727272727273,54.54545454545454,-82.54759120620524,-33.54508233832375,-35.23891061280654,-41.54508233832375,-43.23891061280655,17,-62.33232980170471,23,-20.02264331146664,10,-173.55497136410403,-103.52590075074147,"{""2022"": -53.67572424790058, ""2023"": -75.13910870421958, ""2024"": -76.49410567027051, ""2025"": -20.02264331146664, ""2026"": -103.52590075074147}","{""2022"": -266.0615290599275, ""2023"": -27.8857624651407, ""2024"": -40.023552635364545, ""2025"": -173.554971364104, ""2026"": 99.85480174420788}","{""2022"": 2, ""2023"": 6, ""2024"": 9, ""2025"": 10, ""2026"": 6}",22,-92.79168266848045,-108.79168266848045,31.818181818181817,-172.7907938842621,11,-14.059408281654818,-30.059408281654818,36.36363636363637,-363.1273163996296,16,-53.01737118050755,-69.01737118050755,43.75,-145.06729744622527,17,-79.28191593627365,-95.28191593627365,23.52941176470588,-242.31097821443947,8,-87.4297041138374,-103.4297041138374,25.0,-166.9446412300668,8,-18.605038247177703,-34.6050382471777,62.5,-136.90246704489482,8,-161.33376604179438,-177.33376604179438,12.5,-223.10927973184346,9,-6.346938064699682,-22.346938064699682,33.33333333333333,-437.85034333102766,11,-14.059408281654818,-30.059408281654818,36.36363636363637,-363.1273163996296,-161.33376604179438,-177.33376604179438,min_events;h1_cost_residual_floor;ex2025_floor;loyo_floor;train_cost_floor;oos_cost_floor;worst_quarter_cost_floor;worst_quarter_slip16_floor;median_mae_cap;stop100_cap,INSUFFICIENT_EVENTS_RESEARCH_ONLY
Stage40_PARALLEL_THESIS_MEGASCAN,RESEARCH_STAGE_ONLY_NO_PROMOTION,NO_GO,NO_GO,NO_GO,NO_GO,FAILED_CONTINUATION_AFTER_EXTREME_MOVE,FAILED_DOWN_CONT_LONG_L24_T300,LONG,"Strong 24H down move, new low attempt fails",8,"{""lookback"": 24, ""move_bps"": 300}",19,16,8.0,2.7951299583446616,1.1310753012648225,16,-32.07351391278202,3.2178307352059843,-40.07351391278202,43.75,-100.46278361569128,88.74566658898519,50.0,37.5,-56.07351391278202,-34.86864387112668,-33.20458921404684,-42.86864387112668,-41.20458921404684,2,1.3539161350031375,12,-63.61747067109815,4,30.558356362166364,-63.61747067109815,"{""2024"": -45.991718205322755, ""2025"": -63.61747067109815, ""2026"": 20.823542953111957}","{""2024"": 1.3539161350031375, ""2025"": 30.558356362166364, ""2026"": -76.61174803231839}","{""2024"": 2, ""2025"": 4, ""2026"": 10}",10,0.941723253323427,-15.058276746676572,60.0,-57.832975194676564,6,-108.43224252295776,-124.43224252295776,16.666666666666664,-147.6131253589169,8,-25.996560354676816,-41.99656035467682,50.0,-56.02459097206525,8,-54.150467470887236,-70.15046747088724,37.5,-147.6131253589169,4,-7.084726324821425,-23.084726324821425,50.0,-56.02459097206525,4,-44.9083943845322,-60.9083943845322,50.0,-68.62652211024167,4,26.494573176556408,10.494573176556408,75.0,-147.6131253589169,4,-134.79550811833087,-150.79550811833087,0.0,-173.63933620963334,6,-108.43224252295776,-124.43224252295776,16.666666666666664,-147.6131253589169,-134.79550811833087,-150.79550811833087,min_events;min_train_events;min_oos_events;h1_cost_residual_floor;ex2025_floor;loyo_floor;oos_cost_floor;worst_quarter_cost_floor;worst_quarter_slip16_floor,INSUFFICIENT_EVENTS_RESEARCH_ONLY
Stage40_PARALLEL_THESIS_MEGASCAN,RESEARCH_STAGE_ONLY_NO_PROMOTION,NO_GO,NO_GO,NO_GO,NO_GO,FALSE_BREAKOUT_SWEEP_REVERSAL,SWEEP_HIGH_REV_SHORT_L72_T15,SHORT,Sweep above prior 72H high by 15bps then close back inside,24,"{""lookback"": 72, ""threshold_bps"": 15}",38,35,8.0,-8.502590481085887,-8.612916361476685,35,-44.078677066505335,-35.518062537940324,-52.078677066505335,37.142857142857146,-92.14069685545168,70.57427322117226,45.714285714285715,31.428571428571427,-68.07867706650534,-35.576086585419446,-35.46576070502865,-43.576086585419446,-43.46576070502865,17,-18.823897845997948,23,-40.9414533379943,12,-73.4250225461515,-68.02361484896731,"{""2022"": -51.128713243265416, ""2023"": -58.358389844834, ""2024"": -68.02361484896731, ""2025"": -40.9414533379943, ""2026"": -41.41746668744079}","{""2022"": -67.75308014996406, ""2023"": -21.726731971250114, ""2024"": -6.015523472726248, ""2025"": -73.4250225461515, ""2026"": -103.60786056531731}","{""2022"": 2, ""2023"": 6, ""2024"": 9, ""2025"": 12, ""2026"": 6}",23,-27.789361380405413,-43.78936138040541,43.47826086956522,-75.82229816317954,12,-98.63319879819683,-114.63319879819683,25.0,-161.27990327869935,17,-18.823897845997948,-34.82389784599795,47.05882352941176,-92.14069685545168,18,-83.48596855254009,-99.48596855254009,27.77777777777778,-90.71884233312066,8,-33.2333190159286,-49.2333190159286,37.5,-72.78391456298716,9,-6.01552347272625,-22.01552347272625,55.55555555555556,-92.14069685545168,9,-72.249571890882,-88.249571890882,33.33333333333333,-75.82229816317954,9,-94.72236521419819,-110.72236521419819,22.22222222222222,-176.2227852033038,12,-98.63319879819683,-114.63319879819683,25.0,-161.27990327869935,-94.72236521419819,-110.72236521419819,min_events;h1_cost_residual_floor;ex2025_floor;loyo_floor;train_cost_floor;oos_cost_floor;worst_quarter_cost_floor;worst_quarter_slip16_floor,INSUFFICIENT_EVENTS_RESEARCH_ONLY
Stage40_PARALLEL_THESIS_MEGASCAN,RESEARCH_STAGE_ONLY_NO_PROMOTION,NO_GO,NO_GO,NO_GO,NO_GO,FALSE_BREAKOUT_SWEEP_REVERSAL,SWEEP_HIGH_REV_SHORT_L72_T15,SHORT,Sweep above prior 72H high by 15bps then close back inside,8,"{""lookback"": 72, ""threshold_bps"": 15}",38,37,8.0,-2.7951299583446616,-1.1310753012648225,37,-38.93931995915022,-8.994382636715592,-46.93931995915022,37.83783783783784,-51.3610862189795,37.901447690021904,21.62162162162162,5.405405405405405,-62.93931995915022,-36.14419000080556,-37.808244657885396,-44.14419000080556,-45.808244657885396,17,-15.699119290965962,24,-61.89458166536233,13,-19.329606039989393,-61.89458166536233,"{""2022"": -52.276975793091985, ""2023"": -48.908485572466255, ""2024"": -57.05436721480641, ""2025"": -61.89458166536233, ""2026"": -17.272330215542784}","{""2022"": 46.46965713483077, ""2023"": -36.76529762368407, ""2024"": -15.470284052664267, ""2025"": -19.329606039989393, ""2026"": -174.0835617174678}","{""2022"": 2, ""2023"": 6, ""2024"": 9, ""2025"": 13, ""2026"": 7}",24,-13.566084345542814,-29.566084345542812,50.0,-40.473575553754415,13,-108.55144724581004,-124.55144724581004,15.384615384615385,-75.8712689678176,18,-11.933152588065617,-27.933152588065617,55.55555555555556,-34.07252424125207,19,-80.10305746859879,-96.10305746859879,21.052631578947366,-75.8712689678176,9,-10.527511473122692,-26.527511473122694,66.66666666666666,-29.0471627594302,9,-13.338793703008545,-29.338793703008545,44.44444444444444,-39.09788572307393,9,-33.20126005430981,-49.20126005430981,22.22222222222222,-75.8712689678176,10,-122.31467514145886,-138.31467514145885,20.0,-82.60371404764987,13,-108.55144724581004,-124.55144724581004,15.384615384615385,-75.8712689678176,-122.31467514145886,-138.31467514145885,min_events;h1_cost_residual_floor;ex2025_floor;loyo_floor;train_cost_floor;oos_cost_floor;worst_quarter_cost_floor;worst_quarter_slip16_floor,INSUFFICIENT_EVENTS_RESEARCH_ONLY
Stage40_PARALLEL_THESIS_MEGASCAN,RESEARCH_STAGE_ONLY_NO_PROMOTION,NO_GO,NO_GO,NO_GO,NO_GO,FAILED_CONTINUATION_AFTER_EXTREME_MOVE,FAILED_UP_CONT_SHORT_L24_T300,SHORT,"Strong 24H up move, new high attempt fails",4,"{""lookback"": 24, ""move_bps"": 300}",14,13,8.0,-1.3958339209070354,-1.2296768282992119,13,-46.23781555292203,-28.448003371615016,-54.23781555292203,30.76923076923077,-47.924525997120604,30.78774223896574,23.076923076923077,15.384615384615385,-70.23781555292203,-44.84198163201499,-45.00813872462282,-52.84198163201499,-53.00813872462282,0,,9,-65.89355872725616,4,-28.012393410670235,-65.89355872725616,"{""2025"": -65.89355872725616, ""2026"": -28.012393410670235}","{""2025"": -28.012393410670235, ""2026"": -65.89355872725616}","{""2025"": 4, ""2026"": 9}",8,-85.41578361892418,-101.41578361892418,12.5,-55.74668638326452,5,-4.3530666473185935,-20.35306664731859,60.0,-16.02510877146468,6,-98.51327868113339,-114.51327868113339,16.666666666666664,-46.38890248185979,7,-16.28741858588373,-32.28741858588373,42.857142857142854,-47.924525997120604,3,-25.20052342368864,-41.20052342368864,33.33333333333333,-63.56884676940844,3,-171.82603393857812,-187.82603393857812,0.0,-29.20895819431113,3,-5.495136235609408,-21.495136235609408,33.33333333333333,-47.924525997120604,4,-24.381630348589468,-40.38163034858947,50.0,-61.14478871925621,5,-4.3530666473185935,-20.35306664731859,60.0,-16.02510877146468,-171.82603393857812,-187.82603393857812,min_events;min_train_events;min_oos_events;h1_cost_residual_floor;ex2025_floor;loyo_floor;train_cost_floor;oos_cost_floor;worst_quarter_cost_floor;worst_quarter_slip16_floor,INSUFFICIENT_EVENTS_RESEARCH_ONLY
Stage40_PARALLEL_THESIS_MEGASCAN,RESEARCH_STAGE_ONLY_NO_PROMOTION,NO_GO,NO_GO,NO_GO,NO_GO,FAILED_CONTINUATION_AFTER_EXTREME_MOVE,FAILED_DOWN_CONT_LONG_L72_T300,LONG,"Strong 72H down move, new low attempt fails",24,"{""lookback"": 72, ""move_bps"": 300}",33,17,8.0,8.502590481085887,8.612916361476685,17,-38.217093967344105,2.976880605152221,-46.217093967344105,47.05882352941176,-138.98067876997212,86.32568913100602,58.82352941176471,35.294117647058826,-62.217093967344105,-46.719684448429994,-46.83001032882079,-54.719684448429994,-54.83001032882079,6,4.814109693514336,13,-95.4980369652509,4,113.94597077585303,-95.4980369652509,"{""2022"": -57.53386653705867, ""2023"": -58.79012996612064, ""2024"": -42.73976686319635, ""2025"": -95.4980369652509, ""2026"": 48.46685412644982}","{""2022"": 38.658700305515225, ""2023"": 48.080676023479995, ""2024"": -72.2970472484522, ""2025"": 113.94597077585303, ""2026"": -181.47987695847823}","{""2022"": 2, ""2023"": 2, ""2024"": 2, ""2025"": 4, ""2026"": 7}",11,5.265041264405723,-10.734958735594276,63.63636363636363,-64.87538519759917,6,-140.6010085588854,-156.6010085588854,16.666666666666664,-279.3968834858052,8,40.159209033959854,24.159209033959854,62.5,-46.61977009889351,9,-122.99602996850315,-138.99602996850314,33.33333333333333,-174.38702133340533,4,43.3696881644976,27.369688164497603,100.0,-19.4991868331551,4,36.948729903422084,20.948729903422084,25.0,-151.53140433257607,4,-96.99746810303226,-112.99746810303226,50.0,-129.52233403986045,5,-143.79487946087988,-159.79487946087988,20.0,-384.406745638205,6,-140.6010085588854,-156.6010085588854,16.666666666666664,-279.3968834858052,-143.79487946087988,-159.79487946087988,min_events;min_train_events;min_oos_events;h1_cost_residual_floor;ex2025_floor;loyo_floor;oos_cost_floor;worst_quarter_cost_floor;worst_quarter_slip16_floor,INSUFFICIENT_EVENTS_RESEARCH_ONLY
Stage40_PARALLEL_THESIS_MEGASCAN,RESEARCH_STAGE_ONLY_NO_PROMOTION,NO_GO,NO_GO,NO_GO,NO_GO,FAILED_CONTINUATION_AFTER_EXTREME_MOVE,FAILED_UP_CONT_SHORT_L24_T300,SHORT,"Strong 24H up move, new high attempt fails",8,"{""lookback"": 24, ""move_bps"": 300}",14,12,8.0,-2.7951299583446616,-1.1310753012648225,12,-51.97846897280857,-18.303471423816163,-59.97846897280857,41.66666666666667,-72.69620496510143,46.88070747063511,41.66666666666667,16.666666666666664,-75.97846897280857,-49.18333901446391,-50.84739367154375,-57.18333901446391,-58.84739367154375,0,,8,-81.23187421426138,4,-17.471658489902943,-81.23187421426138,"{""2025"": -81.23187421426138, ""2026"": -17.471658489902943}","{""2025"": -17.471658489902943, ""2026"": -81.23187421426138}","{""2025"": 4, ""2026"": 8}",8,-76.87151264507257,-92.87151264507257,37.5,-72.69620496510143,4,-26.19238162828057,-42.19238162828057,50.0,-88.12207971939378,6,-82.31282937655381,-98.31282937655381,50.0,-64.20855773319855,6,-37.64410856906334,-53.64410856906334,33.33333333333333,-112.1798085735337,3,-6.639016246175051,-22.63901624617505,66.66666666666666,-63.56884676940844,3,-157.98664250693255,-173.98664250693255,33.33333333333333,-80.54414123321419,3,-24.807393603011462,-40.80739360301146,33.33333333333333,-101.87845216176771,3,-50.480823535115206,-66.4808235351152,33.33333333333333,-122.4811649852997,4,-26.19238162828057,-42.19238162828057,50.0,-88.12207971939378,-157.98664250693255,-173.98664250693255,min_events;min_train_events;min_oos_events;h1_cost_residual_floor;ex2025_floor;loyo_floor;train_cost_floor;oos_cost_floor;worst_quarter_cost_floor;worst_quarter_slip16_floor,INSUFFICIENT_EVENTS_RESEARCH_ONLY
Stage40_PARALLEL_THESIS_MEGASCAN,RESEARCH_STAGE_ONLY_NO_PROMOTION,NO_GO,NO_GO,NO_GO,NO_GO,FAILED_CONTINUATION_AFTER_EXTREME_MOVE,FAILED_DOWN_CONT_LONG_L24_T200,LONG,"Strong 24H down move, new low attempt fails",24,"{""lookback"": 24, ""move_bps"": 200}",49,32,8.0,8.502590481085887,8.612916361476685,32,-50.09385855202324,-48.70865364659139,-58.09385855202324,37.5,-109.9286564007812,82.39838616738271,53.125,34.375,-74.09385855202325,-58.59644903310913,-58.70677491349993,-66.59644903310912,-66.70677491349993,14,-42.27813624223699,26,-68.25708166054282,6,-14.053225081771679,-68.25708166054282,"{""2022"": -55.75586023199861, ""2023"": -60.50939894637672, ""2024"": -67.22599989291787, ""2025"": -68.25708166054282, ""2026"": -33.81066289409738}","{""2022"": -80.69450897892807, ""2023"": -34.74363473993968, ""2024"": -30.69743452933931, ""2025"": -14.053225081771679, ""2026"": -98.56585131523298}","{""2022"": 3, ""2023"": 3, ""2024"": 8, ""2025"": 6, ""2026"": 12}",21,-52.522206916094426,-68.52220691609443,38.095238095238095,-97.24851335589535,11,-68.73064803879642,-84.73064803879642,36.36363636363637,-194.98851077798474,16,-36.906283759061665,-52.906283759061665,43.75,-82.14486951769906,16,-79.28143334498482,-95.28143334498482,31.25,-191.77366326966316,8,-63.57340161780014,-79.57340161780013,37.5,-126.05679308800077,8,-10.239165900323194,-26.239165900323194,50.0,-71.8640288605138,8,-119.07167301844885,-135.07167301844885,25.0,-223.76250314323386,8,-39.49119367152079,-55.49119367152079,37.5,-153.69017375633953,11,-68.73064803879642,-84.73064803879642,36.36363636363637,-194.98851077798474,-119.07167301844885,-135.07167301844885,min_events;h1_cost_residual_floor;ex2025_floor;loyo_floor;train_cost_floor;oos_cost_floor;worst_quarter_cost_floor;worst_quarter_slip16_floor,INSUFFICIENT_EVENTS_RESEARCH_ONLY
Stage40_PARALLEL_THESIS_MEGASCAN,RESEARCH_STAGE_ONLY_NO_PROMOTION,NO_GO,NO_GO,NO_GO,NO_GO,VOLATILITY_SHOCK_REVERSAL,LOWER_WICK_SHOCK_REV_LONG_M3.0_W1.0,LONG,Large H1 shock with lower-wick rejection,72,"{""range_atr_mult"": 3.0, ""wick_ratio"": 1.0}",36,33,8.0,25.002508867881485,23.30868059339869,33,-48.37368883977227,16.44570387612676,-56.37368883977227,51.515151515151516,-96.80690061356967,154.72406486088053,45.45454545454545,69.6969696969697,-72.37368883977227,-73.37619770765376,-71.68236943317096,-81.37619770765376,-79.68236943317096,24,26.440728186077763,28,-69.85698171497694,5,19.132751261373933,-110.38898033755738,"{""2022"": -60.635877999397465, ""2023"": -110.38898033755738, ""2024"": -86.51356164883256, ""2025"": -69.85698171497694, ""2026"": 25.1807321645771}","{""2022"": -25.47281743248952, ""2023"": 26.726759618358695, ""2024"": 55.574410165308755, ""2025"": 19.132751261373933, ""2026"": -647.6432411213052}","{""2022"": 4, ""2023"": 13, ""2024"": 7, ""2025"": 5, ""2026"": 4}",22,14.254626785459333,-1.7453732145406669,59.09090909090909,-95.53879252746367,11,-197.63032009023544,-213.63032009023544,36.36363636363637,-149.4703121035268,16,7.78269269039111,-8.217307309608891,56.25,-100.45596710928528,17,-116.75616557404368,-132.75616557404368,47.05882352941176,-96.28517950187931,8,-36.14646279580807,-52.14646279580807,50.0,-124.16483055190163,8,51.71184817659028,35.71184817659028,62.5,-92.54342368168301,8,63.75679917745106,47.75679917745106,62.5,-78.97563127197249,9,-277.212134242039,-293.212134242039,33.33333333333333,-190.1265614831016,11,-197.63032009023544,-213.63032009023544,36.36363636363637,-149.4703121035268,-277.212134242039,-293.212134242039,min_events;h1_cost_residual_floor;ex2025_floor;loyo_floor;oos_cost_floor;worst_quarter_cost_floor;worst_quarter_slip16_floor,INSUFFICIENT_EVENTS_RESEARCH_ONLY
Stage40_PARALLEL_THESIS_MEGASCAN,RESEARCH_STAGE_ONLY_NO_PROMOTION,NO_GO,NO_GO,NO_GO,NO_GO,VOLATILITY_SHOCK_REVERSAL,LOWER_WICK_SHOCK_REV_LONG_M3.0_W1.5,LONG,Large H1 shock with lower-wick rejection,72,"{""range_atr_mult"": 3.0, ""wick_ratio"": 1.5}",28,25,8.0,25.002508867881485,23.30868059339869,25,-65.12171111822579,16.44570387612676,-73.12171111822579,52.0,-103.09061233085836,154.72406486088053,52.0,72.0,-89.12171111822579,-90.12421998610728,-88.43039171162448,-98.12421998610728,-96.43039171162448,19,35.56709579297733,22,-70.27302106551919,3,-94.01210483807426,-149.18972138400648,"{""2022"": -77.13607654820913, ""2023"": -149.18972138400648, ""2024"": -117.10861311120033, ""2025"": -70.27302106551919, ""2026"": 17.897204797833922}","{""2022"": -43.68303129834805, ""2023"": 40.980304280445196, ""2024"": 66.17014519286022, ""2025"": -94.01210483807426, ""2026"": -740.5937611693304}","{""2022"": 3, ""2023"": 10, ""2024"": 6, ""2025"": 3, ""2026"": 3}",16,14.29688314951281,-1.7031168504871896,56.25,-108.77635565434751,9,-228.5325453719833,-244.5325453719833,44.44444444444444,-96.80690061356967,12,13.143368887246716,-2.856631112753284,58.333333333333336,-115.85358734232831,13,-152.75101573866198,-168.75101573866198,46.15384615384615,-96.28517950187931,6,-58.8095094472701,-74.8095094472701,33.33333333333333,-162.74269907255058,6,85.09624722176353,69.09624722176353,83.33333333333334,-94.14036022603324,6,31.51311770564125,15.51311770564125,66.66666666666666,-78.97563127197249,7,-310.69170154806477,-326.69170154806477,28.57142857142857,-190.1265614831016,9,-228.5325453719833,-244.5325453719833,44.44444444444444,-96.80690061356967,-310.69170154806477,-326.69170154806477,min_events;min_train_events;min_oos_events;h1_cost_residual_floor;ex2025_floor;loyo_floor;oos_cost_floor;worst_quarter_cost_floor;worst_quarter_slip16_floor,INSUFFICIENT_EVENTS_RESEARCH_ONLY
Stage40_PARALLEL_THESIS_MEGASCAN,RESEARCH_STAGE_ONLY_NO_PROMOTION,NO_GO,NO_GO,NO_GO,NO_GO,FAILED_CONTINUATION_AFTER_EXTREME_MOVE,FAILED_DOWN_CONT_LONG_L24_T300,LONG,"Strong 24H down move, new low attempt fails",24,"{""lookback"": 24, ""move_bps"": 300}",19,11,8.0,8.502590481085887,8.612916361476685,11,-118.9265189726142,-62.911840710226926,-126.9265189726142,27.27272727272727,-258.96619052512614,88.29932395456596,72.72727272727273,36.36363636363637,-142.9265189726142,-127.4291094537001,-127.53943533409088,-135.42910945370008,-135.53943533409088,2,41.5330257332105,9,-140.1667684586588,2,-67.34539628541347,-164.36197335168634,"{""2024"": -164.36197335168634, ""2025"": -140.1667684586588, ""2026"": -12.906185276101482}","{""2024"": 41.5330257332105, ""2025"": -67.34539628541347, ""2026"": -192.08099537062142}","{""2024"": 2, ""2025"": 2, ""2026"": 7}",7,-71.53855623994471,-87.53855623994471,42.857142857142854,-202.6795535279591,4,-223.85545375478577,-239.85545375478577,0.0,-535.6946115222938,5,-95.67556569208823,-111.67556569208823,40.0,-202.6795535279591,6,-152.96898003971913,-168.96898003971913,16.666666666666664,-423.38710482750287,2,41.5330257332105,25.5330257332105,100.0,-39.41047280519972,3,-187.1479599756207,-203.1479599756207,0.0,-258.96619052512614,3,-146.70252635153142,-162.70252635153142,33.33333333333333,-462.36746401680074,3,-159.23543372790687,-175.23543372790687,0.0,-384.406745638205,4,-223.85545375478577,-239.85545375478577,0.0,-535.6946115222938,-187.1479599756207,-203.1479599756207,min_events;min_train_events;min_oos_events;h1_cost_residual_floor;ex2025_floor;loyo_floor;train_cost_floor;oos_cost_floor;worst_quarter_cost_floor;worst_quarter_slip16_floor;median_mae_cap;stop100_cap,INSUFFICIENT_EVENTS_RESEARCH_ONLY
