timestamp,open,high,low,close,volume,contract,source
2022-05-02T00:00:00Z,1896.699951171875,1896.800048828125,1853.0,1861.800048828125,385,GC=F_continuous_yahoo,yfinance_yahoo_finance_GC=F_reference_only
2022-05-03T00:00:00Z,1868.800048828125,1868.800048828125,1868.800048828125,1868.800048828125,466,GC=F_continuous_yahoo,yfinance_yahoo_finance_GC=F_reference_only
2022-05-04T00:00:00Z,1867.0,1867.0,1867.0,1867.0,1,GC=F_continuous_yahoo,yfinance_yahoo_finance_GC=F_reference_only
2022-05-05T00:00:00Z,1897.0,1904.300048828125,1874.0,1874.0,80,GC=F_continuous_yahoo,yfinance_yahoo_finance_GC=F_reference_only
2022-05-06T00:00:00Z,1874.699951171875,1890.300048828125,1871.5,1881.199951171875,214,GC=F_continuous_yahoo,yfinance_yahoo_finance_GC=F_reference_only
2022-05-09T00:00:00Z,1866.5999755859375,1867.5,1854.0,1857.0999755859375,304,GC=F_continuous_yahoo,yfinance_yahoo_finance_GC=F_reference_only
2022-05-10T00:00:00Z,1839.9000244140625,1839.9000244140625,1839.9000244140625,1839.9000244140625,1540,GC=F_continuous_yahoo,yfinance_yahoo_finance_GC=F_reference_only
2022-05-11T00:00:00Z,1841.5,1852.5999755859375,1841.0,1852.5999755859375,892,GC=F_continuous_yahoo,yfinance_yahoo_finance_GC=F_reference_only
2022-05-12T00:00:00Z,1849.800048828125,1851.9000244140625,1822.199951171875,1823.800048828125,153,GC=F_continuous_yahoo,yfinance_yahoo_finance_GC=F_reference_only
2022-05-13T00:00:00Z,1825.0,1825.0,1807.4000244140625,1807.4000244140625,335,GC=F_continuous_yahoo,yfinance_yahoo_finance_GC=F_reference_only
2022-05-16T00:00:00Z,1790.5,1813.5,1787.0,1813.5,34,GC=F_continuous_yahoo,yfinance_yahoo_finance_GC=F_reference_only
2022-05-17T00:00:00Z,1824.9000244140625,1828.5999755859375,1816.699951171875,1818.199951171875,121,GC=F_continuous_yahoo,yfinance_yahoo_finance_GC=F_reference_only
2022-05-18T00:00:00Z,1815.0,1819.699951171875,1805.0,1815.9000244140625,311,GC=F_continuous_yahoo,yfinance_yahoo_finance_GC=F_reference_only
2022-05-19T00:00:00Z,1810.9000244140625,1841.199951171875,1810.699951171875,1841.199951171875,138,GC=F_continuous_yahoo,yfinance_yahoo_finance_GC=F_reference_only
2022-05-20T00:00:00Z,1839.0999755859375,1841.800048828125,1836.300048828125,1841.800048828125,110,GC=F_continuous_yahoo,yfinance_yahoo_finance_GC=F_reference_only
2022-05-23T00:00:00Z,1846.300048828125,1863.0,1845.800048828125,1847.800048828125,216,GC=F_continuous_yahoo,yfinance_yahoo_finance_GC=F_reference_only
2022-05-24T00:00:00Z,1852.5,1867.0,1852.5,1865.0999755859375,33,GC=F_continuous_yahoo,yfinance_yahoo_finance_GC=F_reference_only
2022-05-25T00:00:00Z,1846.199951171875,1846.199951171875,1846.199951171875,1846.199951171875,0,GC=F_continuous_yahoo,yfinance_yahoo_finance_GC=F_reference_only
2022-05-26T00:00:00Z,1840.4000244140625,1847.4000244140625,1840.4000244140625,1847.4000244140625,123355,GC=F_continuous_yahoo,yfinance_yahoo_finance_GC=F_reference_only
2022-05-27T00:00:00Z,1848.300048828125,1860.699951171875,1845.9000244140625,1851.300048828125,30091,GC=F_continuous_yahoo,yfinance_yahoo_finance_GC=F_reference_only
2022-05-31T00:00:00Z,1850.300048828125,1862.0999755859375,1832.800048828125,1842.699951171875,4073,GC=F_continuous_yahoo,yfinance_yahoo_finance_GC=F_reference_only
2022-06-01T00:00:00Z,1831.0,1847.9000244140625,1825.300048828125,1843.300048828125,1623,GC=F_continuous_yahoo,yfinance_yahoo_finance_GC=F_reference_only
2022-06-02T00:00:00Z,1845.4000244140625,1868.699951171875,1842.0999755859375,1866.5,551,GC=F_continuous_yahoo,yfinance_yahoo_finance_GC=F_reference_only
2022-06-03T00:00:00Z,1867.5999755859375,1871.800048828125,1845.4000244140625,1845.4000244140625,53,GC=F_continuous_yahoo,yfinance_yahoo_finance_GC=F_reference_only
2022-06-06T00:00:00Z,1849.0,1854.0999755859375,1839.199951171875,1839.199951171875,142,GC=F_continuous_yahoo,yfinance_yahoo_finance_GC=F_reference_only
2022-06-07T00:00:00Z,1836.9000244140625,1851.5999755859375,1835.0,1847.5,1168,GC=F_continuous_yahoo,yfinance_yahoo_finance_GC=F_reference_only
2022-06-08T00:00:00Z,1844.800048828125,1855.0,1844.4000244140625,1851.9000244140625,218,GC=F_continuous_yahoo,yfinance_yahoo_finance_GC=F_reference_only
2022-06-09T00:00:00Z,1846.0999755859375,1850.0999755859375,1837.9000244140625,1848.800048828125,159,GC=F_continuous_yahoo,yfinance_yahoo_finance_GC=F_reference_only
2022-06-10T00:00:00Z,1842.699951171875,1875.5999755859375,1823.9000244140625,1871.5,1490,GC=F_continuous_yahoo,yfinance_yahoo_finance_GC=F_reference_only
2022-06-13T00:00:00Z,1873.800048828125,1873.800048828125,1818.699951171875,1828.0,127,GC=F_continuous_yahoo,yfinance_yahoo_finance_GC=F_reference_only
2022-06-14T00:00:00Z,1825.0,1825.5,1805.300048828125,1809.5,536,GC=F_continuous_yahoo,yfinance_yahoo_finance_GC=F_reference_only
2022-06-15T00:00:00Z,1814.0999755859375,1839.0,1810.800048828125,1815.300048828125,108,GC=F_continuous_yahoo,yfinance_yahoo_finance_GC=F_reference_only
2022-06-16T00:00:00Z,1819.199951171875,1850.5999755859375,1814.9000244140625,1845.699951171875,136,GC=F_continuous_yahoo,yfinance_yahoo_finance_GC=F_reference_only
2022-06-17T00:00:00Z,1853.699951171875,1853.699951171875,1833.5999755859375,1835.5999755859375,170,GC=F_continuous_yahoo,yfinance_yahoo_finance_GC=F_reference_only
2022-06-21T00:00:00Z,1835.300048828125,1838.5999755859375,1830.0999755859375,1834.5999755859375,216,GC=F_continuous_yahoo,yfinance_yahoo_finance_GC=F_reference_only
2022-06-22T00:00:00Z,1829.5,1842.699951171875,1821.5999755859375,1834.300048828125,115,GC=F_continuous_yahoo,yfinance_yahoo_finance_GC=F_reference_only
2022-06-23T00:00:00Z,1835.5,1841.199951171875,1825.699951171875,1825.699951171875,9,GC=F_continuous_yahoo,yfinance_yahoo_finance_GC=F_reference_only
2022-06-24T00:00:00Z,1820.5,1826.5,1815.800048828125,1826.5,61,GC=F_continuous_yahoo,yfinance_yahoo_finance_GC=F_reference_only
2022-06-27T00:00:00Z,1830.5,1830.699951171875,1819.9000244140625,1820.9000244140625,77,GC=F_continuous_yahoo,yfinance_yahoo_finance_GC=F_reference_only
2022-06-28T00:00:00Z,1824.199951171875,1826.0,1817.5,1817.5,391,GC=F_continuous_yahoo,yfinance_yahoo_finance_GC=F_reference_only
2022-06-29T00:00:00Z,1818.300048828125,1830.300048828125,1812.800048828125,1813.699951171875,173,GC=F_continuous_yahoo,yfinance_yahoo_finance_GC=F_reference_only
2022-06-30T00:00:00Z,1809.5999755859375,1817.300048828125,1801.0,1804.0999755859375,328,GC=F_continuous_yahoo,yfinance_yahoo_finance_GC=F_reference_only
2022-07-01T00:00:00Z,1795.5,1806.0999755859375,1791.5999755859375,1798.9000244140625,77,GC=F_continuous_yahoo,yfinance_yahoo_finance_GC=F_reference_only
2022-07-05T00:00:00Z,1805.4000244140625,1805.4000244140625,1761.800048828125,1761.800048828125,64,GC=F_continuous_yahoo,yfinance_yahoo_finance_GC=F_reference_only
2022-07-06T00:00:00Z,1762.5,1768.0,1734.0,1734.9000244140625,1729,GC=F_continuous_yahoo,yfinance_yahoo_finance_GC=F_reference_only
2022-07-07T00:00:00Z,1745.199951171875,1745.199951171875,1737.0,1737.9000244140625,1869,GC=F_continuous_yahoo,yfinance_yahoo_finance_GC=F_reference_only
2022-07-08T00:00:00Z,1738.0999755859375,1749.300048828125,1732.0999755859375,1740.5999755859375,370,GC=F_continuous_yahoo,yfinance_yahoo_finance_GC=F_reference_only
2022-07-11T00:00:00Z,1732.5,1736.699951171875,1730.0,1730.0,75,GC=F_continuous_yahoo,yfinance_yahoo_finance_GC=F_reference_only
2022-07-12T00:00:00Z,1734.199951171875,1735.5,1723.300048828125,1723.300048828125,451,GC=F_continuous_yahoo,yfinance_yahoo_finance_GC=F_reference_only
2022-07-13T00:00:00Z,1710.0,1734.199951171875,1710.0,1734.199951171875,368,GC=F_continuous_yahoo,yfinance_yahoo_finance_GC=F_reference_only
2022-07-14T00:00:00Z,1710.300048828125,1710.5,1704.5,1704.5,1289,GC=F_continuous_yahoo,yfinance_yahoo_finance_GC=F_reference_only
2022-07-15T00:00:00Z,1705.4000244140625,1709.699951171875,1701.0999755859375,1702.4000244140625,721,GC=F_continuous_yahoo,yfinance_yahoo_finance_GC=F_reference_only
2022-07-18T00:00:00Z,1712.199951171875,1712.4000244140625,1709.199951171875,1709.199951171875,264,GC=F_continuous_yahoo,yfinance_yahoo_finance_GC=F_reference_only
2022-07-19T00:00:00Z,1712.300048828125,1714.4000244140625,1706.0999755859375,1710.0,1684,GC=F_continuous_yahoo,yfinance_yahoo_finance_GC=F_reference_only
2022-07-20T00:00:00Z,1707.0999755859375,1708.5,1699.5,1699.5,130,GC=F_continuous_yahoo,yfinance_yahoo_finance_GC=F_reference_only
2022-07-21T00:00:00Z,1687.0,1715.5,1679.800048828125,1712.699951171875,183,GC=F_continuous_yahoo,yfinance_yahoo_finance_GC=F_reference_only
2022-07-22T00:00:00Z,1713.300048828125,1735.0,1713.0,1727.0999755859375,61,GC=F_continuous_yahoo,yfinance_yahoo_finance_GC=F_reference_only
2022-07-25T00:00:00Z,1727.0,1732.0,1719.0,1719.0,67,GC=F_continuous_yahoo,yfinance_yahoo_finance_GC=F_reference_only
2022-07-26T00:00:00Z,1718.0,1718.0,1717.699951171875,1717.699951171875,1,GC=F_continuous_yahoo,yfinance_yahoo_finance_GC=F_reference_only
2022-07-27T00:00:00Z,1719.0999755859375,1719.0999755859375,1719.0999755859375,1719.0999755859375,144865,GC=F_continuous_yahoo,yfinance_yahoo_finance_GC=F_reference_only
2022-07-28T00:00:00Z,1732.300048828125,1755.0,1732.0,1750.300048828125,37236,GC=F_continuous_yahoo,yfinance_yahoo_finance_GC=F_reference_only
2022-07-29T00:00:00Z,1754.0,1765.699951171875,1750.0,1762.9000244140625,3485,GC=F_continuous_yahoo,yfinance_yahoo_finance_GC=F_reference_only
2022-08-01T00:00:00Z,1763.9000244140625,1772.5,1756.0999755859375,1769.0,705,GC=F_continuous_yahoo,yfinance_yahoo_finance_GC=F_reference_only
2022-08-02T00:00:00Z,1772.0999755859375,1786.5999755859375,1759.4000244140625,1771.0999755859375,1078,GC=F_continuous_yahoo,yfinance_yahoo_finance_GC=F_reference_only
2022-08-03T00:00:00Z,1756.699951171875,1770.5,1753.0,1758.0,399,GC=F_continuous_yahoo,yfinance_yahoo_finance_GC=F_reference_only
2022-08-04T00:00:00Z,1769.4000244140625,1792.0999755859375,1767.699951171875,1788.5,285,GC=F_continuous_yahoo,yfinance_yahoo_finance_GC=F_reference_only
2022-08-05T00:00:00Z,1791.199951171875,1791.4000244140625,1764.199951171875,1772.9000244140625,645,GC=F_continuous_yahoo,yfinance_yahoo_finance_GC=F_reference_only
2022-08-08T00:00:00Z,1771.800048828125,1786.800048828125,1771.800048828125,1786.800048828125,127,GC=F_continuous_yahoo,yfinance_yahoo_finance_GC=F_reference_only
2022-08-09T00:00:00Z,1790.0,1796.0999755859375,1789.0,1794.0,249,GC=F_continuous_yahoo,yfinance_yahoo_finance_GC=F_reference_only
2022-08-10T00:00:00Z,1804.4000244140625,1804.9000244140625,1787.800048828125,1795.5999755859375,601,GC=F_continuous_yahoo,yfinance_yahoo_finance_GC=F_reference_only
2022-08-11T00:00:00Z,1794.300048828125,1794.300048828125,1785.699951171875,1789.699951171875,1235,GC=F_continuous_yahoo,yfinance_yahoo_finance_GC=F_reference_only
2022-08-12T00:00:00Z,1786.300048828125,1800.4000244140625,1784.300048828125,1798.5999755859375,187,GC=F_continuous_yahoo,yfinance_yahoo_finance_GC=F_reference_only
2022-08-15T00:00:00Z,1799.0,1799.0,1774.699951171875,1781.4000244140625,64,GC=F_continuous_yahoo,yfinance_yahoo_finance_GC=F_reference_only
2022-08-16T00:00:00Z,1777.4000244140625,1777.4000244140625,1771.4000244140625,1773.199951171875,308,GC=F_continuous_yahoo,yfinance_yahoo_finance_GC=F_reference_only
2022-08-17T00:00:00Z,1769.699951171875,1769.699951171875,1760.0,1760.300048828125,23,GC=F_continuous_yahoo,yfinance_yahoo_finance_GC=F_reference_only
2022-08-18T00:00:00Z,1762.9000244140625,1762.9000244140625,1753.4000244140625,1755.300048828125,321,GC=F_continuous_yahoo,yfinance_yahoo_finance_GC=F_reference_only
2022-08-19T00:00:00Z,1753.699951171875,1754.300048828125,1747.5,1747.5999755859375,49,GC=F_continuous_yahoo,yfinance_yahoo_finance_GC=F_reference_only
2022-08-22T00:00:00Z,1740.5,1740.5,1726.5,1734.0,347,GC=F_continuous_yahoo,yfinance_yahoo_finance_GC=F_reference_only
2022-08-23T00:00:00Z,1738.0,1748.9000244140625,1731.9000244140625,1746.800048828125,509,GC=F_continuous_yahoo,yfinance_yahoo_finance_GC=F_reference_only
2022-08-24T00:00:00Z,1745.0,1751.800048828125,1743.5999755859375,1747.800048828125,187,GC=F_continuous_yahoo,yfinance_yahoo_finance_GC=F_reference_only
2022-08-25T00:00:00Z,1761.5999755859375,1761.800048828125,1755.0,1757.699951171875,172,GC=F_continuous_yahoo,yfinance_yahoo_finance_GC=F_reference_only
2022-08-26T00:00:00Z,1754.0,1755.0,1736.0999755859375,1736.0999755859375,202,GC=F_continuous_yahoo,yfinance_yahoo_finance_GC=F_reference_only
2022-08-29T00:00:00Z,1732.4000244140625,1741.199951171875,1732.0999755859375,1736.5999755859375,950,GC=F_continuous_yahoo,yfinance_yahoo_finance_GC=F_reference_only
2022-08-30T00:00:00Z,1736.4000244140625,1739.0,1720.699951171875,1723.199951171875,385,GC=F_continuous_yahoo,yfinance_yahoo_finance_GC=F_reference_only
2022-08-31T00:00:00Z,1718.300048828125,1720.9000244140625,1708.5,1712.800048828125,2133,GC=F_continuous_yahoo,yfinance_yahoo_finance_GC=F_reference_only
2022-09-01T00:00:00Z,1707.9000244140625,1707.9000244140625,1693.9000244140625,1696.5999755859375,683,GC=F_continuous_yahoo,yfinance_yahoo_finance_GC=F_reference_only
2022-09-02T00:00:00Z,1703.4000244140625,1715.699951171875,1703.0999755859375,1709.800048828125,182,GC=F_continuous_yahoo,yfinance_yahoo_finance_GC=F_reference_only
2022-09-06T00:00:00Z,1709.699951171875,1717.4000244140625,1699.699951171875,1700.4000244140625,697,GC=F_continuous_yahoo,yfinance_yahoo_finance_GC=F_reference_only
2022-09-07T00:00:00Z,1694.800048828125,1715.300048828125,1694.699951171875,1715.300048828125,651,GC=F_continuous_yahoo,yfinance_yahoo_finance_GC=F_reference_only
2022-09-08T00:00:00Z,1718.199951171875,1718.199951171875,1705.300048828125,1708.0,1193,GC=F_continuous_yahoo,yfinance_yahoo_finance_GC=F_reference_only
2022-09-09T00:00:00Z,1719.199951171875,1720.0,1712.800048828125,1716.199951171875,635,GC=F_continuous_yahoo,yfinance_yahoo_finance_GC=F_reference_only
2022-09-12T00:00:00Z,1727.4000244140625,1728.0999755859375,1727.4000244140625,1728.0999755859375,68,GC=F_continuous_yahoo,yfinance_yahoo_finance_GC=F_reference_only
2022-09-13T00:00:00Z,1720.5,1720.5,1697.300048828125,1705.0,432,GC=F_continuous_yahoo,yfinance_yahoo_finance_GC=F_reference_only
2022-09-14T00:00:00Z,1698.699951171875,1701.800048828125,1696.5,1696.5,532,GC=F_continuous_yahoo,yfinance_yahoo_finance_GC=F_reference_only
2022-09-15T00:00:00Z,1685.5,1686.0,1662.300048828125,1665.4000244140625,1125,GC=F_continuous_yahoo,yfinance_yahoo_finance_GC=F_reference_only
2022-09-16T00:00:00Z,1660.4000244140625,1674.9000244140625,1651.699951171875,1671.699951171875,464,GC=F_continuous_yahoo,yfinance_yahoo_finance_GC=F_reference_only
2022-09-19T00:00:00Z,1661.800048828125,1669.4000244140625,1658.5,1666.199951171875,580,GC=F_continuous_yahoo,yfinance_yahoo_finance_GC=F_reference_only
2022-09-20T00:00:00Z,1659.699951171875,1659.699951171875,1659.699951171875,1659.699951171875,2830,GC=F_continuous_yahoo,yfinance_yahoo_finance_GC=F_reference_only
2022-09-21T00:00:00Z,1665.5,1680.0999755859375,1664.5999755859375,1664.5999755859375,2337,GC=F_continuous_yahoo,yfinance_yahoo_finance_GC=F_reference_only
2022-09-22T00:00:00Z,1668.300048828125,1670.800048828125,1668.300048828125,1670.800048828125,973,GC=F_continuous_yahoo,yfinance_yahoo_finance_GC=F_reference_only
2022-09-23T00:00:00Z,1667.0,1667.0,1645.300048828125,1645.300048828125,1224,GC=F_continuous_yahoo,yfinance_yahoo_finance_GC=F_reference_only
2022-09-26T00:00:00Z,1623.300048828125,1623.300048828125,1623.300048828125,1623.300048828125,1205,GC=F_continuous_yahoo,yfinance_yahoo_finance_GC=F_reference_only
2022-09-27T00:00:00Z,1632.199951171875,1636.5999755859375,1626.699951171875,1626.699951171875,888,GC=F_continuous_yahoo,yfinance_yahoo_finance_GC=F_reference_only
2022-09-28T00:00:00Z,1620.4000244140625,1660.4000244140625,1620.4000244140625,1660.4000244140625,18311,GC=F_continuous_yahoo,yfinance_yahoo_finance_GC=F_reference_only
2022-09-29T00:00:00Z,1657.0,1662.5999755859375,1640.0,1658.5,6028,GC=F_continuous_yahoo,yfinance_yahoo_finance_GC=F_reference_only
2022-09-30T00:00:00Z,1661.699951171875,1672.699951171875,1658.0,1662.4000244140625,548,GC=F_continuous_yahoo,yfinance_yahoo_finance_GC=F_reference_only
2022-10-03T00:00:00Z,1667.199951171875,1700.0,1661.9000244140625,1692.9000244140625,410,GC=F_continuous_yahoo,yfinance_yahoo_finance_GC=F_reference_only
2022-10-04T00:00:00Z,1701.199951171875,1728.0,1696.0,1721.0999755859375,291,GC=F_continuous_yahoo,yfinance_yahoo_finance_GC=F_reference_only
2022-10-05T00:00:00Z,1724.0999755859375,1726.5999755859375,1703.0,1711.4000244140625,418,GC=F_continuous_yahoo,yfinance_yahoo_finance_GC=F_reference_only
2022-10-06T00:00:00Z,1721.0,1723.300048828125,1709.0999755859375,1711.699951171875,133,GC=F_continuous_yahoo,yfinance_yahoo_finance_GC=F_reference_only
2022-10-07T00:00:00Z,1710.0999755859375,1710.0999755859375,1693.699951171875,1700.5,179,GC=F_continuous_yahoo,yfinance_yahoo_finance_GC=F_reference_only
2022-10-10T00:00:00Z,1693.4000244140625,1693.4000244140625,1667.0,1667.300048828125,195,GC=F_continuous_yahoo,yfinance_yahoo_finance_GC=F_reference_only
2022-10-11T00:00:00Z,1661.800048828125,1678.699951171875,1661.0,1678.699951171875,167,GC=F_continuous_yahoo,yfinance_yahoo_finance_GC=F_reference_only
2022-10-12T00:00:00Z,1668.0,1672.699951171875,1668.0,1670.300048828125,149,GC=F_continuous_yahoo,yfinance_yahoo_finance_GC=F_reference_only
2022-10-13T00:00:00Z,1675.199951171875,1675.300048828125,1641.5,1670.0,729,GC=F_continuous_yahoo,yfinance_yahoo_finance_GC=F_reference_only
2022-10-14T00:00:00Z,1665.300048828125,1667.0,1640.0,1641.699951171875,82,GC=F_continuous_yahoo,yfinance_yahoo_finance_GC=F_reference_only
2022-10-17T00:00:00Z,1650.199951171875,1657.0,1646.800048828125,1657.0,238,GC=F_continuous_yahoo,yfinance_yahoo_finance_GC=F_reference_only
2022-10-18T00:00:00Z,1651.4000244140625,1655.199951171875,1649.0,1649.0,597,GC=F_continuous_yahoo,yfinance_yahoo_finance_GC=F_reference_only
2022-10-19T00:00:00Z,1637.5,1637.5,1627.5,1627.5,84,GC=F_continuous_yahoo,yfinance_yahoo_finance_GC=F_reference_only
2022-10-20T00:00:00Z,1622.800048828125,1641.4000244140625,1622.800048828125,1630.800048828125,477,GC=F_continuous_yahoo,yfinance_yahoo_finance_GC=F_reference_only
2022-10-21T00:00:00Z,1634.0999755859375,1653.9000244140625,1634.0999755859375,1651.0,224,GC=F_continuous_yahoo,yfinance_yahoo_finance_GC=F_reference_only
2022-10-24T00:00:00Z,1662.699951171875,1662.699951171875,1648.699951171875,1648.699951171875,29,GC=F_continuous_yahoo,yfinance_yahoo_finance_GC=F_reference_only
2022-10-25T00:00:00Z,1648.199951171875,1652.800048828125,1637.300048828125,1652.800048828125,880,GC=F_continuous_yahoo,yfinance_yahoo_finance_GC=F_reference_only
2022-10-26T00:00:00Z,1649.800048828125,1667.0,1649.800048828125,1664.0,89,GC=F_continuous_yahoo,yfinance_yahoo_finance_GC=F_reference_only
2022-10-27T00:00:00Z,1660.699951171875,1660.699951171875,1660.699951171875,1660.699951171875,2298,GC=F_continuous_yahoo,yfinance_yahoo_finance_GC=F_reference_only
2022-10-28T00:00:00Z,1661.0,1661.0,1638.699951171875,1639.5999755859375,626,GC=F_continuous_yahoo,yfinance_yahoo_finance_GC=F_reference_only
2022-10-31T00:00:00Z,1641.800048828125,1641.800048828125,1633.4000244140625,1635.9000244140625,522,GC=F_continuous_yahoo,yfinance_yahoo_finance_GC=F_reference_only
2022-11-01T00:00:00Z,1630.800048828125,1653.699951171875,1630.800048828125,1645.0,985,GC=F_continuous_yahoo,yfinance_yahoo_finance_GC=F_reference_only
2022-11-02T00:00:00Z,1650.800048828125,1664.699951171875,1634.0,1645.699951171875,612,GC=F_continuous_yahoo,yfinance_yahoo_finance_GC=F_reference_only
2022-11-03T00:00:00Z,1629.199951171875,1629.199951171875,1615.0999755859375,1627.300048828125,1427,GC=F_continuous_yahoo,yfinance_yahoo_finance_GC=F_reference_only
2022-11-04T00:00:00Z,1630.199951171875,1674.5,1629.0,1672.5,159,GC=F_continuous_yahoo,yfinance_yahoo_finance_GC=F_reference_only
2022-11-07T00:00:00Z,1676.9000244140625,1677.9000244140625,1672.9000244140625,1676.5,42,GC=F_continuous_yahoo,yfinance_yahoo_finance_GC=F_reference_only
2022-11-08T00:00:00Z,1703.199951171875,1712.0999755859375,1703.199951171875,1712.0999755859375,23,GC=F_continuous_yahoo,yfinance_yahoo_finance_GC=F_reference_only
2022-11-09T00:00:00Z,1707.4000244140625,1720.199951171875,1706.0,1710.0999755859375,497,GC=F_continuous_yahoo,yfinance_yahoo_finance_GC=F_reference_only
2022-11-10T00:00:00Z,1708.199951171875,1750.300048828125,1708.199951171875,1750.300048828125,325,GC=F_continuous_yahoo,yfinance_yahoo_finance_GC=F_reference_only
2022-11-11T00:00:00Z,1763.800048828125,1766.0,1757.5999755859375,1766.0,257,GC=F_continuous_yahoo,yfinance_yahoo_finance_GC=F_reference_only
2022-11-14T00:00:00Z,1762.0,1773.5999755859375,1761.5999755859375,1773.5999755859375,358,GC=F_continuous_yahoo,yfinance_yahoo_finance_GC=F_reference_only
2022-11-15T00:00:00Z,1770.800048828125,1773.800048828125,1769.9000244140625,1773.800048828125,57,GC=F_continuous_yahoo,yfinance_yahoo_finance_GC=F_reference_only
2022-11-16T00:00:00Z,1776.5999755859375,1778.9000244140625,1773.0,1773.0,303,GC=F_continuous_yahoo,yfinance_yahoo_finance_GC=F_reference_only
2022-11-17T00:00:00Z,1763.0,1763.0,1756.0,1760.800048828125,18,GC=F_continuous_yahoo,yfinance_yahoo_finance_GC=F_reference_only
2022-11-18T00:00:00Z,1763.300048828125,1763.300048828125,1747.5999755859375,1751.9000244140625,414,GC=F_continuous_yahoo,yfinance_yahoo_finance_GC=F_reference_only
2022-11-21T00:00:00Z,1739.0,1744.9000244140625,1736.0999755859375,1737.4000244140625,544,GC=F_continuous_yahoo,yfinance_yahoo_finance_GC=F_reference_only
2022-11-22T00:00:00Z,1741.699951171875,1741.699951171875,1738.300048828125,1738.300048828125,15,GC=F_continuous_yahoo,yfinance_yahoo_finance_GC=F_reference_only
2022-11-23T00:00:00Z,1736.5,1750.9000244140625,1736.5,1744.9000244140625,39,GC=F_continuous_yahoo,yfinance_yahoo_finance_GC=F_reference_only
2022-11-25T00:00:00Z,1753.0,1757.9000244140625,1749.199951171875,1753.300048828125,216,GC=F_continuous_yahoo,yfinance_yahoo_finance_GC=F_reference_only
2022-11-28T00:00:00Z,1741.300048828125,1741.300048828125,1740.0999755859375,1740.0999755859375,132767,GC=F_continuous_yahoo,yfinance_yahoo_finance_GC=F_reference_only
2022-11-29T00:00:00Z,1739.5,1758.199951171875,1737.9000244140625,1748.4000244140625,19416,GC=F_continuous_yahoo,yfinance_yahoo_finance_GC=F_reference_only
2022-11-30T00:00:00Z,1748.0999755859375,1769.4000244140625,1745.0999755859375,1746.0,3339,GC=F_continuous_yahoo,yfinance_yahoo_finance_GC=F_reference_only
2022-12-01T00:00:00Z,1768.699951171875,1803.699951171875,1768.699951171875,1801.0999755859375,1053,GC=F_continuous_yahoo,yfinance_yahoo_finance_GC=F_reference_only
2022-12-02T00:00:00Z,1802.0,1802.300048828125,1779.4000244140625,1795.9000244140625,1725,GC=F_continuous_yahoo,yfinance_yahoo_finance_GC=F_reference_only
2022-12-05T00:00:00Z,1795.699951171875,1808.0,1764.300048828125,1767.4000244140625,1713,GC=F_continuous_yahoo,yfinance_yahoo_finance_GC=F_reference_only
2022-12-06T00:00:00Z,1768.5999755859375,1779.4000244140625,1767.9000244140625,1769.300048828125,105,GC=F_continuous_yahoo,yfinance_yahoo_finance_GC=F_reference_only
2022-12-07T00:00:00Z,1769.300048828125,1790.300048828125,1769.300048828125,1785.5,422,GC=F_continuous_yahoo,yfinance_yahoo_finance_GC=F_reference_only
2022-12-08T00:00:00Z,1782.0,1790.9000244140625,1782.0,1788.699951171875,713,GC=F_continuous_yahoo,yfinance_yahoo_finance_GC=F_reference_only
2022-12-09T00:00:00Z,1794.9000244140625,1804.300048828125,1791.0999755859375,1798.0999755859375,125,GC=F_continuous_yahoo,yfinance_yahoo_finance_GC=F_reference_only
2022-12-12T00:00:00Z,1787.300048828125,1793.9000244140625,1777.699951171875,1780.5,85,GC=F_continuous_yahoo,yfinance_yahoo_finance_GC=F_reference_only
2022-12-13T00:00:00Z,1780.699951171875,1819.800048828125,1780.5,1813.9000244140625,205,GC=F_continuous_yahoo,yfinance_yahoo_finance_GC=F_reference_only
2022-12-14T00:00:00Z,1810.800048828125,1812.800048828125,1797.9000244140625,1807.5,1074,GC=F_continuous_yahoo,yfinance_yahoo_finance_GC=F_reference_only
2022-12-15T00:00:00Z,1801.0,1801.0,1774.800048828125,1777.199951171875,421,GC=F_continuous_yahoo,yfinance_yahoo_finance_GC=F_reference_only
2022-12-16T00:00:00Z,1777.9000244140625,1791.4000244140625,1777.9000244140625,1790.0,206,GC=F_continuous_yahoo,yfinance_yahoo_finance_GC=F_reference_only
2022-12-19T00:00:00Z,1791.5999755859375,1796.300048828125,1785.5999755859375,1787.699951171875,79,GC=F_continuous_yahoo,yfinance_yahoo_finance_GC=F_reference_only
2022-12-20T00:00:00Z,1786.5,1821.4000244140625,1786.5,1815.9000244140625,51,GC=F_continuous_yahoo,yfinance_yahoo_finance_GC=F_reference_only
2022-12-21T00:00:00Z,1817.4000244140625,1821.4000244140625,1814.4000244140625,1815.9000244140625,35,GC=F_continuous_yahoo,yfinance_yahoo_finance_GC=F_reference_only
2022-12-22T00:00:00Z,1818.0999755859375,1818.0999755859375,1785.0,1787.0,411,GC=F_continuous_yahoo,yfinance_yahoo_finance_GC=F_reference_only
2022-12-23T00:00:00Z,1794.300048828125,1802.800048828125,1794.0999755859375,1795.9000244140625,49,GC=F_continuous_yahoo,yfinance_yahoo_finance_GC=F_reference_only
2022-12-27T00:00:00Z,1803.4000244140625,1826.300048828125,1803.4000244140625,1814.800048828125,69,GC=F_continuous_yahoo,yfinance_yahoo_finance_GC=F_reference_only
2022-12-28T00:00:00Z,1803.199951171875,1807.9000244140625,1803.0999755859375,1807.9000244140625,434,GC=F_continuous_yahoo,yfinance_yahoo_finance_GC=F_reference_only
2022-12-29T00:00:00Z,1805.800048828125,1819.5,1805.800048828125,1819.5,277,GC=F_continuous_yahoo,yfinance_yahoo_finance_GC=F_reference_only
2022-12-30T00:00:00Z,1817.0,1822.300048828125,1816.800048828125,1819.699951171875,95,GC=F_continuous_yahoo,yfinance_yahoo_finance_GC=F_reference_only
2023-01-03T00:00:00Z,1836.199951171875,1839.699951171875,1836.199951171875,1839.699951171875,29,GC=F_continuous_yahoo,yfinance_yahoo_finance_GC=F_reference_only
2023-01-04T00:00:00Z,1845.5999755859375,1859.0999755859375,1845.5999755859375,1852.800048828125,25,GC=F_continuous_yahoo,yfinance_yahoo_finance_GC=F_reference_only
2023-01-05T00:00:00Z,1855.199951171875,1855.199951171875,1834.800048828125,1834.800048828125,24,GC=F_continuous_yahoo,yfinance_yahoo_finance_GC=F_reference_only
2023-01-06T00:00:00Z,1838.4000244140625,1868.199951171875,1835.300048828125,1864.199951171875,26,GC=F_continuous_yahoo,yfinance_yahoo_finance_GC=F_reference_only
2023-01-09T00:00:00Z,1867.0,1880.0,1867.0,1872.699951171875,62,GC=F_continuous_yahoo,yfinance_yahoo_finance_GC=F_reference_only
2023-01-10T00:00:00Z,1877.800048828125,1878.0999755859375,1871.5999755859375,1871.5999755859375,101,GC=F_continuous_yahoo,yfinance_yahoo_finance_GC=F_reference_only
2023-01-11T00:00:00Z,1873.0999755859375,1877.800048828125,1873.0999755859375,1874.5999755859375,1236,GC=F_continuous_yahoo,yfinance_yahoo_finance_GC=F_reference_only
2023-01-12T00:00:00Z,1877.199951171875,1897.4000244140625,1877.199951171875,1895.5,59,GC=F_continuous_yahoo,yfinance_yahoo_finance_GC=F_reference_only
2023-01-13T00:00:00Z,1899.0,1920.9000244140625,1898.300048828125,1918.4000244140625,512,GC=F_continuous_yahoo,yfinance_yahoo_finance_GC=F_reference_only
2023-01-17T00:00:00Z,1920.0999755859375,1920.0999755859375,1905.199951171875,1907.199951171875,706,GC=F_continuous_yahoo,yfinance_yahoo_finance_GC=F_reference_only
2023-01-18T00:00:00Z,1911.0999755859375,1911.0999755859375,1903.0999755859375,1904.4000244140625,1027,GC=F_continuous_yahoo,yfinance_yahoo_finance_GC=F_reference_only
2023-01-19T00:00:00Z,1922.0999755859375,1931.800048828125,1922.0999755859375,1922.0999755859375,371,GC=F_continuous_yahoo,yfinance_yahoo_finance_GC=F_reference_only
2023-01-20T00:00:00Z,1922.0999755859375,1928.5,1921.4000244140625,1926.4000244140625,1346,GC=F_continuous_yahoo,yfinance_yahoo_finance_GC=F_reference_only
2023-01-23T00:00:00Z,1926.5,1927.0999755859375,1915.0,1927.0999755859375,218,GC=F_continuous_yahoo,yfinance_yahoo_finance_GC=F_reference_only
2023-01-24T00:00:00Z,1931.800048828125,1936.800048828125,1931.800048828125,1933.9000244140625,201,GC=F_continuous_yahoo,yfinance_yahoo_finance_GC=F_reference_only
2023-01-25T00:00:00Z,1941.199951171875,1941.199951171875,1939.800048828125,1941.199951171875,7,GC=F_continuous_yahoo,yfinance_yahoo_finance_GC=F_reference_only
2023-01-26T00:00:00Z,1936.5999755859375,1937.0999755859375,1927.0999755859375,1929.0999755859375,131,GC=F_continuous_yahoo,yfinance_yahoo_finance_GC=F_reference_only
2023-01-27T00:00:00Z,1928.5999755859375,1928.5999755859375,1928.5999755859375,1928.5999755859375,150902,GC=F_continuous_yahoo,yfinance_yahoo_finance_GC=F_reference_only
2023-01-30T00:00:00Z,1928.300048828125,1933.5999755859375,1920.300048828125,1922.9000244140625,27220,GC=F_continuous_yahoo,yfinance_yahoo_finance_GC=F_reference_only
2023-01-31T00:00:00Z,1923.0,1930.4000244140625,1900.5999755859375,1929.5,1910,GC=F_continuous_yahoo,yfinance_yahoo_finance_GC=F_reference_only
2023-02-01T00:00:00Z,1927.199951171875,1955.0,1922.0,1927.800048828125,2290,GC=F_continuous_yahoo,yfinance_yahoo_finance_GC=F_reference_only
2023-02-02T00:00:00Z,1952.300048828125,1959.0999755859375,1911.300048828125,1916.300048828125,748,GC=F_continuous_yahoo,yfinance_yahoo_finance_GC=F_reference_only
2023-02-03T00:00:00Z,1912.4000244140625,1917.0,1861.5,1862.9000244140625,992,GC=F_continuous_yahoo,yfinance_yahoo_finance_GC=F_reference_only
2023-02-06T00:00:00Z,1865.5999755859375,1880.0,1863.4000244140625,1866.199951171875,424,GC=F_continuous_yahoo,yfinance_yahoo_finance_GC=F_reference_only
2023-02-07T00:00:00Z,1870.0,1875.699951171875,1868.0,1871.699951171875,297,GC=F_continuous_yahoo,yfinance_yahoo_finance_GC=F_reference_only
2023-02-08T00:00:00Z,1872.0999755859375,1880.4000244140625,1872.0999755859375,1877.4000244140625,230,GC=F_continuous_yahoo,yfinance_yahoo_finance_GC=F_reference_only
2023-02-09T00:00:00Z,1875.300048828125,1884.5999755859375,1859.800048828125,1866.199951171875,223,GC=F_continuous_yahoo,yfinance_yahoo_finance_GC=F_reference_only
2023-02-10T00:00:00Z,1861.5999755859375,1863.5,1852.4000244140625,1862.800048828125,27,GC=F_continuous_yahoo,yfinance_yahoo_finance_GC=F_reference_only
2023-02-13T00:00:00Z,1859.0,1861.0,1850.0,1851.9000244140625,569,GC=F_continuous_yahoo,yfinance_yahoo_finance_GC=F_reference_only
2023-02-14T00:00:00Z,1854.0999755859375,1862.0,1846.199951171875,1854.0,656,GC=F_continuous_yahoo,yfinance_yahoo_finance_GC=F_reference_only
2023-02-15T00:00:00Z,1842.0,1842.0,1828.199951171875,1834.199951171875,368,GC=F_continuous_yahoo,yfinance_yahoo_finance_GC=F_reference_only
2023-02-16T00:00:00Z,1838.5999755859375,1843.699951171875,1827.199951171875,1842.0,222,GC=F_continuous_yahoo,yfinance_yahoo_finance_GC=F_reference_only
2023-02-17T00:00:00Z,1827.4000244140625,1842.199951171875,1818.4000244140625,1840.4000244140625,35,GC=F_continuous_yahoo,yfinance_yahoo_finance_GC=F_reference_only
2023-02-21T00:00:00Z,1842.5999755859375,1843.0,1833.0,1833.0,862,GC=F_continuous_yahoo,yfinance_yahoo_finance_GC=F_reference_only
2023-02-22T00:00:00Z,1835.699951171875,1836.199951171875,1825.0999755859375,1832.0,278,GC=F_continuous_yahoo,yfinance_yahoo_finance_GC=F_reference_only
2023-02-23T00:00:00Z,1826.4000244140625,1827.5,1818.0,1818.0,291,GC=F_continuous_yahoo,yfinance_yahoo_finance_GC=F_reference_only
2023-02-24T00:00:00Z,1808.800048828125,1808.800048828125,1808.800048828125,1808.800048828125,404,GC=F_continuous_yahoo,yfinance_yahoo_finance_GC=F_reference_only
2023-02-27T00:00:00Z,1811.5999755859375,1817.5,1808.9000244140625,1817.0,829,GC=F_continuous_yahoo,yfinance_yahoo_finance_GC=F_reference_only
2023-02-28T00:00:00Z,1808.0999755859375,1830.0,1808.0999755859375,1828.9000244140625,618,GC=F_continuous_yahoo,yfinance_yahoo_finance_GC=F_reference_only
2023-03-01T00:00:00Z,1827.0999755859375,1841.699951171875,1827.0999755859375,1837.699951171875,211,GC=F_continuous_yahoo,yfinance_yahoo_finance_GC=F_reference_only
2023-03-02T00:00:00Z,1830.0,1836.300048828125,1830.0,1833.5,154,GC=F_continuous_yahoo,yfinance_yahoo_finance_GC=F_reference_only
2023-03-03T00:00:00Z,1837.300048828125,1855.4000244140625,1837.300048828125,1847.699951171875,61,GC=F_continuous_yahoo,yfinance_yahoo_finance_GC=F_reference_only
2023-03-06T00:00:00Z,1853.300048828125,1853.800048828125,1844.199951171875,1847.9000244140625,5,GC=F_continuous_yahoo,yfinance_yahoo_finance_GC=F_reference_only
2023-03-07T00:00:00Z,1840.9000244140625,1840.9000244140625,1813.9000244140625,1813.9000244140625,450,GC=F_continuous_yahoo,yfinance_yahoo_finance_GC=F_reference_only
2023-03-08T00:00:00Z,1811.5999755859375,1812.9000244140625,1811.5,1812.699951171875,75,GC=F_continuous_yahoo,yfinance_yahoo_finance_GC=F_reference_only
2023-03-09T00:00:00Z,1816.4000244140625,1829.300048828125,1815.5999755859375,1829.300048828125,332,GC=F_continuous_yahoo,yfinance_yahoo_finance_GC=F_reference_only
2023-03-10T00:00:00Z,1852.300048828125,1868.5,1852.0,1862.0,248,GC=F_continuous_yahoo,yfinance_yahoo_finance_GC=F_reference_only
2023-03-13T00:00:00Z,1890.800048828125,1913.0999755859375,1875.0999755859375,1911.699951171875,503,GC=F_continuous_yahoo,yfinance_yahoo_finance_GC=F_reference_only
2023-03-14T00:00:00Z,1912.199951171875,1912.199951171875,1901.0999755859375,1906.199951171875,107,GC=F_continuous_yahoo,yfinance_yahoo_finance_GC=F_reference_only
2023-03-15T00:00:00Z,1903.9000244140625,1926.5999755859375,1898.5,1926.5999755859375,564,GC=F_continuous_yahoo,yfinance_yahoo_finance_GC=F_reference_only
2023-03-16T00:00:00Z,1909.9000244140625,1931.699951171875,1909.9000244140625,1919.0,394,GC=F_continuous_yahoo,yfinance_yahoo_finance_GC=F_reference_only
2023-03-17T00:00:00Z,1946.0,1985.0999755859375,1946.0,1969.800048828125,82,GC=F_continuous_yahoo,yfinance_yahoo_finance_GC=F_reference_only
2023-03-20T00:00:00Z,1988.300048828125,2003.9000244140625,1968.9000244140625,1979.199951171875,389,GC=F_continuous_yahoo,yfinance_yahoo_finance_GC=F_reference_only
2023-03-21T00:00:00Z,1973.800048828125,1973.800048828125,1938.0,1938.0,47,GC=F_continuous_yahoo,yfinance_yahoo_finance_GC=F_reference_only
2023-03-22T00:00:00Z,1946.800048828125,1974.0,1946.800048828125,1946.800048828125,50,GC=F_continuous_yahoo,yfinance_yahoo_finance_GC=F_reference_only
2023-03-23T00:00:00Z,1990.5,1994.5999755859375,1990.5,1993.800048828125,33,GC=F_continuous_yahoo,yfinance_yahoo_finance_GC=F_reference_only
2023-03-24T00:00:00Z,1991.699951171875,1995.4000244140625,1982.0999755859375,1982.0999755859375,19,GC=F_continuous_yahoo,yfinance_yahoo_finance_GC=F_reference_only
2023-03-27T00:00:00Z,1957.199951171875,1957.199951171875,1952.4000244140625,1952.4000244140625,877,GC=F_continuous_yahoo,yfinance_yahoo_finance_GC=F_reference_only
2023-03-28T00:00:00Z,1972.4000244140625,1972.4000244140625,1972.4000244140625,1972.4000244140625,21,GC=F_continuous_yahoo,yfinance_yahoo_finance_GC=F_reference_only
2023-03-29T00:00:00Z,1966.0999755859375,1966.0999755859375,1966.0999755859375,1966.0999755859375,88563,GC=F_continuous_yahoo,yfinance_yahoo_finance_GC=F_reference_only
2023-03-30T00:00:00Z,1965.9000244140625,1984.4000244140625,1954.9000244140625,1980.300048828125,10119,GC=F_continuous_yahoo,yfinance_yahoo_finance_GC=F_reference_only
2023-03-31T00:00:00Z,1981.300048828125,1986.800048828125,1968.0,1969.0,957,GC=F_continuous_yahoo,yfinance_yahoo_finance_GC=F_reference_only
2023-04-03T00:00:00Z,1968.0999755859375,1991.699951171875,1950.0,1983.9000244140625,737,GC=F_continuous_yahoo,yfinance_yahoo_finance_GC=F_reference_only
2023-04-04T00:00:00Z,1984.5999755859375,2027.0999755859375,1979.0,2022.199951171875,811,GC=F_continuous_yahoo,yfinance_yahoo_finance_GC=F_reference_only
2023-04-05T00:00:00Z,2022.0999755859375,2033.800048828125,2013.5999755859375,2020.9000244140625,525,GC=F_continuous_yahoo,yfinance_yahoo_finance_GC=F_reference_only
2023-04-06T00:00:00Z,2022.199951171875,2023.300048828125,2005.0,2011.9000244140625,0,GC=F_continuous_yahoo,yfinance_yahoo_finance_GC=F_reference_only
2023-04-10T00:00:00Z,2000.0,2006.5999755859375,1984.0,1989.0999755859375,652,GC=F_continuous_yahoo,yfinance_yahoo_finance_GC=F_reference_only
2023-04-11T00:00:00Z,1991.4000244140625,2006.5,1991.4000244140625,2004.800048828125,68,GC=F_continuous_yahoo,yfinance_yahoo_finance_GC=F_reference_only
2023-04-12T00:00:00Z,2005.199951171875,2025.699951171875,2005.199951171875,2010.9000244140625,172,GC=F_continuous_yahoo,yfinance_yahoo_finance_GC=F_reference_only
2023-04-13T00:00:00Z,2015.5999755859375,2048.60009765625,2015.5999755859375,2041.300048828125,1043,GC=F_continuous_yahoo,yfinance_yahoo_finance_GC=F_reference_only
2023-04-14T00:00:00Z,2041.0,2047.800048828125,1995.0,2002.199951171875,718,GC=F_continuous_yahoo,yfinance_yahoo_finance_GC=F_reference_only
2023-04-17T00:00:00Z,2002.699951171875,2007.5999755859375,1983.199951171875,1994.199951171875,554,GC=F_continuous_yahoo,yfinance_yahoo_finance_GC=F_reference_only
2023-04-18T00:00:00Z,1996.9000244140625,2007.4000244140625,1996.9000244140625,2007.4000244140625,72,GC=F_continuous_yahoo,yfinance_yahoo_finance_GC=F_reference_only
2023-04-19T00:00:00Z,2005.699951171875,2006.4000244140625,1969.800048828125,1995.199951171875,61,GC=F_continuous_yahoo,yfinance_yahoo_finance_GC=F_reference_only
2023-04-20T00:00:00Z,1998.0,2007.5999755859375,1998.0,2007.5999755859375,164,GC=F_continuous_yahoo,yfinance_yahoo_finance_GC=F_reference_only
2023-04-21T00:00:00Z,1996.199951171875,1996.199951171875,1974.0999755859375,1979.5,132,GC=F_continuous_yahoo,yfinance_yahoo_finance_GC=F_reference_only
2023-04-24T00:00:00Z,1981.300048828125,1989.800048828125,1977.4000244140625,1989.0999755859375,145,GC=F_continuous_yahoo,yfinance_yahoo_finance_GC=F_reference_only
2023-04-25T00:00:00Z,1995.699951171875,1999.0999755859375,1982.300048828125,1994.0,306,GC=F_continuous_yahoo,yfinance_yahoo_finance_GC=F_reference_only
2023-04-26T00:00:00Z,1997.800048828125,1998.800048828125,1985.5999755859375,1985.699951171875,615,GC=F_continuous_yahoo,yfinance_yahoo_finance_GC=F_reference_only
2023-04-27T00:00:00Z,1990.5999755859375,2002.300048828125,1979.9000244140625,1989.9000244140625,355,GC=F_continuous_yahoo,yfinance_yahoo_finance_GC=F_reference_only
2023-04-28T00:00:00Z,1986.9000244140625,1990.0999755859375,1977.699951171875,1990.0999755859375,152,GC=F_continuous_yahoo,yfinance_yahoo_finance_GC=F_reference_only
2023-05-01T00:00:00Z,1980.0999755859375,2005.0,1976.9000244140625,1983.4000244140625,210,GC=F_continuous_yahoo,yfinance_yahoo_finance_GC=F_reference_only
2023-05-02T00:00:00Z,1994.699951171875,2018.0,1994.699951171875,2014.300048828125,1896,GC=F_continuous_yahoo,yfinance_yahoo_finance_GC=F_reference_only
2023-05-03T00:00:00Z,2017.0999755859375,2035.0999755859375,2015.199951171875,2028.5999755859375,1349,GC=F_continuous_yahoo,yfinance_yahoo_finance_GC=F_reference_only
2023-05-04T00:00:00Z,2045.0,2072.0,2040.0,2048.0,930,GC=F_continuous_yahoo,yfinance_yahoo_finance_GC=F_reference_only
2023-05-05T00:00:00Z,2046.4000244140625,2046.4000244140625,2004.300048828125,2017.4000244140625,59,GC=F_continuous_yahoo,yfinance_yahoo_finance_GC=F_reference_only
2023-05-08T00:00:00Z,2022.5,2026.300048828125,2022.5,2026.300048828125,3,GC=F_continuous_yahoo,yfinance_yahoo_finance_GC=F_reference_only
2023-05-09T00:00:00Z,2026.5999755859375,2037.300048828125,2025.9000244140625,2036.199951171875,241,GC=F_continuous_yahoo,yfinance_yahoo_finance_GC=F_reference_only
2023-05-10T00:00:00Z,2032.300048828125,2044.300048828125,2029.5,2030.5,248,GC=F_continuous_yahoo,yfinance_yahoo_finance_GC=F_reference_only
2023-05-11T00:00:00Z,2034.0999755859375,2038.300048828125,2014.0,2014.699951171875,90,GC=F_continuous_yahoo,yfinance_yahoo_finance_GC=F_reference_only
2023-05-12T00:00:00Z,2014.5,2014.5,2014.5,2014.5,115,GC=F_continuous_yahoo,yfinance_yahoo_finance_GC=F_reference_only
2023-05-15T00:00:00Z,2013.800048828125,2018.0,2013.800048828125,2018.0,3,GC=F_continuous_yahoo,yfinance_yahoo_finance_GC=F_reference_only
2023-05-16T00:00:00Z,1988.4000244140625,1988.4000244140625,1988.4000244140625,1988.4000244140625,49,GC=F_continuous_yahoo,yfinance_yahoo_finance_GC=F_reference_only
2023-05-17T00:00:00Z,1983.5999755859375,1983.5999755859375,1980.699951171875,1980.699951171875,13,GC=F_continuous_yahoo,yfinance_yahoo_finance_GC=F_reference_only
2023-05-18T00:00:00Z,1956.5,1956.800048828125,1956.5,1956.5,23,GC=F_continuous_yahoo,yfinance_yahoo_finance_GC=F_reference_only
2023-05-19T00:00:00Z,1960.0,1978.699951171875,1960.0,1978.699951171875,106,GC=F_continuous_yahoo,yfinance_yahoo_finance_GC=F_reference_only
2023-05-22T00:00:00Z,1980.5,1980.5,1974.800048828125,1974.800048828125,8,GC=F_continuous_yahoo,yfinance_yahoo_finance_GC=F_reference_only
2023-05-23T00:00:00Z,1972.4000244140625,1972.4000244140625,1972.4000244140625,1972.4000244140625,1,GC=F_continuous_yahoo,yfinance_yahoo_finance_GC=F_reference_only
2023-05-24T00:00:00Z,1975.4000244140625,1975.4000244140625,1962.800048828125,1962.800048828125,189,GC=F_continuous_yahoo,yfinance_yahoo_finance_GC=F_reference_only
2023-05-25T00:00:00Z,1943.0999755859375,1943.0999755859375,1943.0999755859375,1943.0999755859375,1,GC=F_continuous_yahoo,yfinance_yahoo_finance_GC=F_reference_only
2023-05-26T00:00:00Z,1948.199951171875,1948.4000244140625,1944.0999755859375,1944.0999755859375,166036,GC=F_continuous_yahoo,yfinance_yahoo_finance_GC=F_reference_only
2023-05-30T00:00:00Z,1942.699951171875,1962.5999755859375,1931.0,1958.0,37838,GC=F_continuous_yahoo,yfinance_yahoo_finance_GC=F_reference_only
2023-05-31T00:00:00Z,1958.199951171875,1973.0,1953.0,1963.9000244140625,5959,GC=F_continuous_yahoo,yfinance_yahoo_finance_GC=F_reference_only
2023-06-01T00:00:00Z,1963.199951171875,1983.0,1954.300048828125,1978.0,750,GC=F_continuous_yahoo,yfinance_yahoo_finance_GC=F_reference_only
2023-06-02T00:00:00Z,1977.0999755859375,1982.5,1947.4000244140625,1952.4000244140625,356,GC=F_continuous_yahoo,yfinance_yahoo_finance_GC=F_reference_only
2023-06-05T00:00:00Z,1947.5,1961.9000244140625,1937.800048828125,1958.0,713,GC=F_continuous_yahoo,yfinance_yahoo_finance_GC=F_reference_only
2023-06-06T00:00:00Z,1960.800048828125,1965.5,1958.800048828125,1965.5,164,GC=F_continuous_yahoo,yfinance_yahoo_finance_GC=F_reference_only
2023-06-07T00:00:00Z,1959.0,1968.4000244140625,1940.699951171875,1942.699951171875,139,GC=F_continuous_yahoo,yfinance_yahoo_finance_GC=F_reference_only
2023-06-08T00:00:00Z,1943.199951171875,1969.0,1943.0999755859375,1963.5999755859375,433,GC=F_continuous_yahoo,yfinance_yahoo_finance_GC=F_reference_only
2023-06-09T00:00:00Z,1965.0999755859375,1969.800048828125,1960.300048828125,1962.199951171875,49,GC=F_continuous_yahoo,yfinance_yahoo_finance_GC=F_reference_only
2023-06-12T00:00:00Z,1959.699951171875,1963.5,1951.4000244140625,1955.300048828125,212,GC=F_continuous_yahoo,yfinance_yahoo_finance_GC=F_reference_only
2023-06-13T00:00:00Z,1960.5999755859375,1967.5,1940.300048828125,1944.5999755859375,343,GC=F_continuous_yahoo,yfinance_yahoo_finance_GC=F_reference_only
2023-06-14T00:00:00Z,1946.199951171875,1958.199951171875,1940.300048828125,1955.300048828125,202,GC=F_continuous_yahoo,yfinance_yahoo_finance_GC=F_reference_only
2023-06-15T00:00:00Z,1941.699951171875,1958.800048828125,1926.0,1957.800048828125,329,GC=F_continuous_yahoo,yfinance_yahoo_finance_GC=F_reference_only
2023-06-16T00:00:00Z,1961.4000244140625,1962.9000244140625,1953.5,1958.4000244140625,119,GC=F_continuous_yahoo,yfinance_yahoo_finance_GC=F_reference_only
2023-06-20T00:00:00Z,1958.5999755859375,1958.5999755859375,1931.300048828125,1935.5,193,GC=F_continuous_yahoo,yfinance_yahoo_finance_GC=F_reference_only
2023-06-21T00:00:00Z,1935.5999755859375,1936.800048828125,1920.0,1933.300048828125,557,GC=F_continuous_yahoo,yfinance_yahoo_finance_GC=F_reference_only
2023-06-22T00:00:00Z,1920.0,1921.0,1912.0999755859375,1912.699951171875,237,GC=F_continuous_yahoo,yfinance_yahoo_finance_GC=F_reference_only
2023-06-23T00:00:00Z,1918.699951171875,1932.5,1918.699951171875,1919.0999755859375,105,GC=F_continuous_yahoo,yfinance_yahoo_finance_GC=F_reference_only
2023-06-26T00:00:00Z,1922.9000244140625,1928.5,1922.5,1923.699951171875,71,GC=F_continuous_yahoo,yfinance_yahoo_finance_GC=F_reference_only
2023-06-27T00:00:00Z,1927.0,1929.4000244140625,1914.0,1914.0,49,GC=F_continuous_yahoo,yfinance_yahoo_finance_GC=F_reference_only
2023-06-28T00:00:00Z,1912.300048828125,1912.300048828125,1912.300048828125,1912.300048828125,628,GC=F_continuous_yahoo,yfinance_yahoo_finance_GC=F_reference_only
2023-06-29T00:00:00Z,1909.9000244140625,1909.9000244140625,1892.5,1909.199951171875,289,GC=F_continuous_yahoo,yfinance_yahoo_finance_GC=F_reference_only
2023-06-30T00:00:00Z,1908.5999755859375,1921.0999755859375,1900.5999755859375,1921.0999755859375,445,GC=F_continuous_yahoo,yfinance_yahoo_finance_GC=F_reference_only
2023-07-03T00:00:00Z,1917.9000244140625,1929.5,1917.9000244140625,1921.699951171875,41,GC=F_continuous_yahoo,yfinance_yahoo_finance_GC=F_reference_only
2023-07-05T00:00:00Z,1923.5,1933.9000244140625,1914.699951171875,1919.5999755859375,193,GC=F_continuous_yahoo,yfinance_yahoo_finance_GC=F_reference_only
2023-07-06T00:00:00Z,1909.300048828125,1910.199951171875,1903.199951171875,1908.699951171875,81,GC=F_continuous_yahoo,yfinance_yahoo_finance_GC=F_reference_only
2023-07-07T00:00:00Z,1913.4000244140625,1934.0999755859375,1913.4000244140625,1926.199951171875,61,GC=F_continuous_yahoo,yfinance_yahoo_finance_GC=F_reference_only
2023-07-10T00:00:00Z,1923.5999755859375,1926.0999755859375,1912.300048828125,1925.0,269,GC=F_continuous_yahoo,yfinance_yahoo_finance_GC=F_reference_only
2023-07-11T00:00:00Z,1925.0,1937.0,1924.199951171875,1931.300048828125,142,GC=F_continuous_yahoo,yfinance_yahoo_finance_GC=F_reference_only
2023-07-12T00:00:00Z,1932.300048828125,1958.0,1932.199951171875,1956.199951171875,132,GC=F_continuous_yahoo,yfinance_yahoo_finance_GC=F_reference_only
2023-07-13T00:00:00Z,1961.0999755859375,1961.0999755859375,1953.0,1959.199951171875,121,GC=F_continuous_yahoo,yfinance_yahoo_finance_GC=F_reference_only
2023-07-14T00:00:00Z,1958.4000244140625,1960.5999755859375,1952.699951171875,1960.0999755859375,94,GC=F_continuous_yahoo,yfinance_yahoo_finance_GC=F_reference_only
2023-07-17T00:00:00Z,1954.0,1956.5,1946.5999755859375,1952.4000244140625,29,GC=F_continuous_yahoo,yfinance_yahoo_finance_GC=F_reference_only
2023-07-18T00:00:00Z,1968.800048828125,1978.4000244140625,1963.4000244140625,1977.199951171875,83,GC=F_continuous_yahoo,yfinance_yahoo_finance_GC=F_reference_only
2023-07-19T00:00:00Z,1977.0,1977.5,1973.0,1977.5,35,GC=F_continuous_yahoo,yfinance_yahoo_finance_GC=F_reference_only
2023-07-20T00:00:00Z,1973.699951171875,1973.699951171875,1965.5999755859375,1968.300048828125,638,GC=F_continuous_yahoo,yfinance_yahoo_finance_GC=F_reference_only
2023-07-21T00:00:00Z,1961.800048828125,1964.300048828125,1961.800048828125,1964.300048828125,50,GC=F_continuous_yahoo,yfinance_yahoo_finance_GC=F_reference_only
2023-07-24T00:00:00Z,1965.300048828125,1965.5,1960.300048828125,1960.300048828125,2,GC=F_continuous_yahoo,yfinance_yahoo_finance_GC=F_reference_only
2023-07-25T00:00:00Z,1953.0,1962.5,1953.0,1962.0999755859375,19,GC=F_continuous_yahoo,yfinance_yahoo_finance_GC=F_reference_only
2023-07-26T00:00:00Z,1966.199951171875,1972.0,1966.199951171875,1968.9000244140625,51,GC=F_continuous_yahoo,yfinance_yahoo_finance_GC=F_reference_only
2023-07-27T00:00:00Z,1945.4000244140625,1945.4000244140625,1945.4000244140625,1945.4000244140625,194253,GC=F_continuous_yahoo,yfinance_yahoo_finance_GC=F_reference_only
2023-07-28T00:00:00Z,1945.5,1962.199951171875,1944.199951171875,1960.4000244140625,23155,GC=F_continuous_yahoo,yfinance_yahoo_finance_GC=F_reference_only
2023-07-31T00:00:00Z,1959.199951171875,1971.5999755859375,1950.0,1970.5,1025,GC=F_continuous_yahoo,yfinance_yahoo_finance_GC=F_reference_only
2023-08-01T00:00:00Z,1964.9000244140625,1965.4000244140625,1940.699951171875,1940.699951171875,688,GC=F_continuous_yahoo,yfinance_yahoo_finance_GC=F_reference_only
2023-08-02T00:00:00Z,1948.4000244140625,1953.5999755859375,1933.199951171875,1937.4000244140625,652,GC=F_continuous_yahoo,yfinance_yahoo_finance_GC=F_reference_only
2023-08-03T00:00:00Z,1934.199951171875,1936.5,1928.0,1932.0,773,GC=F_continuous_yahoo,yfinance_yahoo_finance_GC=F_reference_only
2023-08-04T00:00:00Z,1934.9000244140625,1945.0,1920.0,1939.5999755859375,290,GC=F_continuous_yahoo,yfinance_yahoo_finance_GC=F_reference_only
2023-08-07T00:00:00Z,1941.0,1941.0,1929.800048828125,1933.5,376,GC=F_continuous_yahoo,yfinance_yahoo_finance_GC=F_reference_only
2023-08-08T00:00:00Z,1931.699951171875,1933.199951171875,1923.0,1924.0999755859375,555,GC=F_continuous_yahoo,yfinance_yahoo_finance_GC=F_reference_only
2023-08-09T00:00:00Z,1925.4000244140625,1928.800048828125,1913.699951171875,1915.4000244140625,451,GC=F_continuous_yahoo,yfinance_yahoo_finance_GC=F_reference_only
2023-08-10T00:00:00Z,1921.0999755859375,1927.800048828125,1911.4000244140625,1914.4000244140625,178,GC=F_continuous_yahoo,yfinance_yahoo_finance_GC=F_reference_only
2023-08-11T00:00:00Z,1913.0,1916.5999755859375,1911.800048828125,1912.9000244140625,57,GC=F_continuous_yahoo,yfinance_yahoo_finance_GC=F_reference_only
2023-08-14T00:00:00Z,1909.300048828125,1912.5999755859375,1903.300048828125,1910.5999755859375,46,GC=F_continuous_yahoo,yfinance_yahoo_finance_GC=F_reference_only
2023-08-15T00:00:00Z,1906.0,1907.699951171875,1895.0,1902.5,73,GC=F_continuous_yahoo,yfinance_yahoo_finance_GC=F_reference_only
2023-08-16T00:00:00Z,1904.5,1904.5,1890.300048828125,1896.0999755859375,22,GC=F_continuous_yahoo,yfinance_yahoo_finance_GC=F_reference_only
2023-08-17T00:00:00Z,1893.699951171875,1902.4000244140625,1884.0,1884.0999755859375,245,GC=F_continuous_yahoo,yfinance_yahoo_finance_GC=F_reference_only
2023-08-18T00:00:00Z,1891.800048828125,1891.800048828125,1886.0999755859375,1886.0999755859375,19,GC=F_continuous_yahoo,yfinance_yahoo_finance_GC=F_reference_only
2023-08-21T00:00:00Z,1893.5999755859375,1893.5999755859375,1893.300048828125,1893.300048828125,876,GC=F_continuous_yahoo,yfinance_yahoo_finance_GC=F_reference_only
2023-08-22T00:00:00Z,1894.5999755859375,1896.800048828125,1892.800048828125,1896.4000244140625,46,GC=F_continuous_yahoo,yfinance_yahoo_finance_GC=F_reference_only
2023-08-23T00:00:00Z,1909.5999755859375,1918.5,1909.5999755859375,1918.5,547,GC=F_continuous_yahoo,yfinance_yahoo_finance_GC=F_reference_only
2023-08-24T00:00:00Z,1920.0,1920.800048828125,1918.199951171875,1918.199951171875,337,GC=F_continuous_yahoo,yfinance_yahoo_finance_GC=F_reference_only
2023-08-25T00:00:00Z,1919.800048828125,1919.800048828125,1911.0999755859375,1911.0999755859375,195,GC=F_continuous_yahoo,yfinance_yahoo_finance_GC=F_reference_only
2023-08-28T00:00:00Z,1915.5,1921.5,1915.5,1917.9000244140625,99,GC=F_continuous_yahoo,yfinance_yahoo_finance_GC=F_reference_only
2023-08-29T00:00:00Z,1917.9000244140625,1936.5,1916.9000244140625,1936.5,1674,GC=F_continuous_yahoo,yfinance_yahoo_finance_GC=F_reference_only
2023-08-30T00:00:00Z,1936.0,1946.4000244140625,1934.5999755859375,1944.300048828125,396,GC=F_continuous_yahoo,yfinance_yahoo_finance_GC=F_reference_only
2023-08-31T00:00:00Z,1944.4000244140625,1944.4000244140625,1938.199951171875,1938.199951171875,491,GC=F_continuous_yahoo,yfinance_yahoo_finance_GC=F_reference_only
2023-09-01T00:00:00Z,1950.0,1950.0,1936.5999755859375,1939.800048828125,167,GC=F_continuous_yahoo,yfinance_yahoo_finance_GC=F_reference_only
2023-09-05T00:00:00Z,1934.4000244140625,1934.4000244140625,1924.699951171875,1926.199951171875,113,GC=F_continuous_yahoo,yfinance_yahoo_finance_GC=F_reference_only
2023-09-06T00:00:00Z,1924.0999755859375,1925.300048828125,1916.300048828125,1918.0999755859375,24,GC=F_continuous_yahoo,yfinance_yahoo_finance_GC=F_reference_only
2023-09-07T00:00:00Z,1917.5999755859375,1921.5,1917.5,1917.5,41,GC=F_continuous_yahoo,yfinance_yahoo_finance_GC=F_reference_only
2023-09-08T00:00:00Z,1924.0,1924.699951171875,1918.4000244140625,1918.4000244140625,105,GC=F_continuous_yahoo,yfinance_yahoo_finance_GC=F_reference_only
2023-09-11T00:00:00Z,1923.0,1928.300048828125,1921.800048828125,1923.300048828125,50,GC=F_continuous_yahoo,yfinance_yahoo_finance_GC=F_reference_only
2023-09-12T00:00:00Z,1920.800048828125,1920.800048828125,1911.300048828125,1911.300048828125,365,GC=F_continuous_yahoo,yfinance_yahoo_finance_GC=F_reference_only
2023-09-13T00:00:00Z,1910.300048828125,1914.5999755859375,1908.9000244140625,1909.0999755859375,15,GC=F_continuous_yahoo,yfinance_yahoo_finance_GC=F_reference_only
2023-09-14T00:00:00Z,1903.0,1910.0,1903.0,1910.0,169,GC=F_continuous_yahoo,yfinance_yahoo_finance_GC=F_reference_only
2023-09-15T00:00:00Z,1923.5,1927.300048828125,1923.5,1923.699951171875,8,GC=F_continuous_yahoo,yfinance_yahoo_finance_GC=F_reference_only
2023-09-18T00:00:00Z,1928.199951171875,1931.5,1926.4000244140625,1931.5,19,GC=F_continuous_yahoo,yfinance_yahoo_finance_GC=F_reference_only
2023-09-19T00:00:00Z,1934.0,1934.0,1932.0,1932.0,6,GC=F_continuous_yahoo,yfinance_yahoo_finance_GC=F_reference_only
2023-09-20T00:00:00Z,1945.5999755859375,1945.5999755859375,1929.199951171875,1945.5999755859375,119,GC=F_continuous_yahoo,yfinance_yahoo_finance_GC=F_reference_only
2023-09-21T00:00:00Z,1924.0,1924.0,1919.199951171875,1919.199951171875,9,GC=F_continuous_yahoo,yfinance_yahoo_finance_GC=F_reference_only
2023-09-22T00:00:00Z,1925.4000244140625,1925.4000244140625,1925.4000244140625,1925.4000244140625,1,GC=F_continuous_yahoo,yfinance_yahoo_finance_GC=F_reference_only
2023-09-25T00:00:00Z,1916.5999755859375,1916.5999755859375,1916.5999755859375,1916.5999755859375,114,GC=F_continuous_yahoo,yfinance_yahoo_finance_GC=F_reference_only
2023-09-26T00:00:00Z,1905.0,1905.0999755859375,1900.4000244140625,1900.4000244140625,161,GC=F_continuous_yahoo,yfinance_yahoo_finance_GC=F_reference_only
2023-09-27T00:00:00Z,1871.5999755859375,1871.5999755859375,1871.5999755859375,1871.5999755859375,12251,GC=F_continuous_yahoo,yfinance_yahoo_finance_GC=F_reference_only
2023-09-28T00:00:00Z,1875.5,1878.199951171875,1856.699951171875,1860.4000244140625,4654,GC=F_continuous_yahoo,yfinance_yahoo_finance_GC=F_reference_only
2023-09-29T00:00:00Z,1864.300048828125,1872.300048828125,1846.0,1848.0999755859375,1605,GC=F_continuous_yahoo,yfinance_yahoo_finance_GC=F_reference_only
2023-10-02T00:00:00Z,1844.0999755859375,1845.9000244140625,1826.699951171875,1830.0,2309,GC=F_continuous_yahoo,yfinance_yahoo_finance_GC=F_reference_only
2023-10-03T00:00:00Z,1825.0,1830.9000244140625,1816.800048828125,1824.5999755859375,310,GC=F_continuous_yahoo,yfinance_yahoo_finance_GC=F_reference_only
2023-10-04T00:00:00Z,1821.800048828125,1828.199951171875,1816.4000244140625,1818.5,357,GC=F_continuous_yahoo,yfinance_yahoo_finance_GC=F_reference_only
2023-10-05T00:00:00Z,1826.300048828125,1826.300048828125,1815.5999755859375,1816.5999755859375,393,GC=F_continuous_yahoo,yfinance_yahoo_finance_GC=F_reference_only
2023-10-06T00:00:00Z,1819.0,1831.800048828125,1809.4000244140625,1830.199951171875,390,GC=F_continuous_yahoo,yfinance_yahoo_finance_GC=F_reference_only
2023-10-09T00:00:00Z,1842.5,1861.5,1842.5,1849.5,232,GC=F_continuous_yahoo,yfinance_yahoo_finance_GC=F_reference_only
2023-10-10T00:00:00Z,1857.0,1861.4000244140625,1852.800048828125,1861.0,236,GC=F_continuous_yahoo,yfinance_yahoo_finance_GC=F_reference_only
2023-10-11T00:00:00Z,1869.5,1874.5999755859375,1869.0999755859375,1872.800048828125,65,GC=F_continuous_yahoo,yfinance_yahoo_finance_GC=F_reference_only
2023-10-12T00:00:00Z,1874.699951171875,1881.199951171875,1867.0,1869.300048828125,46,GC=F_continuous_yahoo,yfinance_yahoo_finance_GC=F_reference_only
2023-10-13T00:00:00Z,1877.5,1930.0999755859375,1877.5,1927.4000244140625,43,GC=F_continuous_yahoo,yfinance_yahoo_finance_GC=F_reference_only
2023-10-16T00:00:00Z,1910.4000244140625,1921.0999755859375,1910.300048828125,1921.0999755859375,53,GC=F_continuous_yahoo,yfinance_yahoo_finance_GC=F_reference_only
2023-10-17T00:00:00Z,1914.300048828125,1925.800048828125,1914.300048828125,1922.699951171875,103,GC=F_continuous_yahoo,yfinance_yahoo_finance_GC=F_reference_only
2023-10-18T00:00:00Z,1935.0,1957.9000244140625,1935.0,1955.300048828125,67,GC=F_continuous_yahoo,yfinance_yahoo_finance_GC=F_reference_only
2023-10-19T00:00:00Z,1950.0999755859375,1977.699951171875,1945.699951171875,1968.4000244140625,1945,GC=F_continuous_yahoo,yfinance_yahoo_finance_GC=F_reference_only
2023-10-20T00:00:00Z,1981.0999755859375,1988.5999755859375,1980.4000244140625,1982.5,557,GC=F_continuous_yahoo,yfinance_yahoo_finance_GC=F_reference_only
2023-10-23T00:00:00Z,1976.199951171875,1978.9000244140625,1972.9000244140625,1976.300048828125,127,GC=F_continuous_yahoo,yfinance_yahoo_finance_GC=F_reference_only
2023-10-24T00:00:00Z,1970.300048828125,1975.0,1970.300048828125,1975.0,10,GC=F_continuous_yahoo,yfinance_yahoo_finance_GC=F_reference_only
2023-10-25T00:00:00Z,1971.199951171875,1985.300048828125,1971.199951171875,1984.0999755859375,97,GC=F_continuous_yahoo,yfinance_yahoo_finance_GC=F_reference_only
2023-10-26T00:00:00Z,1988.199951171875,1988.199951171875,1980.4000244140625,1987.199951171875,521,GC=F_continuous_yahoo,yfinance_yahoo_finance_GC=F_reference_only
2023-10-27T00:00:00Z,1988.5999755859375,1988.5999755859375,1988.5999755859375,1988.5999755859375,372,GC=F_continuous_yahoo,yfinance_yahoo_finance_GC=F_reference_only
2023-10-30T00:00:00Z,2004.0999755859375,2004.0999755859375,1992.5,1996.199951171875,157,GC=F_continuous_yahoo,yfinance_yahoo_finance_GC=F_reference_only
2023-10-31T00:00:00Z,1996.5,2001.0,1983.699951171875,1985.199951171875,84,GC=F_continuous_yahoo,yfinance_yahoo_finance_GC=F_reference_only
2023-11-01T00:00:00Z,1990.5,1990.5,1977.800048828125,1978.800048828125,41,GC=F_continuous_yahoo,yfinance_yahoo_finance_GC=F_reference_only
2023-11-02T00:00:00Z,1989.0999755859375,1990.300048828125,1979.5,1985.5999755859375,39,GC=F_continuous_yahoo,yfinance_yahoo_finance_GC=F_reference_only
2023-11-03T00:00:00Z,1989.0,1991.5,1989.0,1991.5,12,GC=F_continuous_yahoo,yfinance_yahoo_finance_GC=F_reference_only
2023-11-06T00:00:00Z,1981.5999755859375,1981.5999755859375,1977.4000244140625,1981.5999755859375,130,GC=F_continuous_yahoo,yfinance_yahoo_finance_GC=F_reference_only
2023-11-07T00:00:00Z,1966.5,1966.800048828125,1960.699951171875,1966.800048828125,20,GC=F_continuous_yahoo,yfinance_yahoo_finance_GC=F_reference_only
2023-11-08T00:00:00Z,1967.800048828125,1967.800048828125,1947.699951171875,1951.5,43,GC=F_continuous_yahoo,yfinance_yahoo_finance_GC=F_reference_only
2023-11-09T00:00:00Z,1951.699951171875,1964.199951171875,1945.300048828125,1964.199951171875,10,GC=F_continuous_yahoo,yfinance_yahoo_finance_GC=F_reference_only
2023-11-10T00:00:00Z,1959.5999755859375,1959.5999755859375,1932.5999755859375,1932.5999755859375,375,GC=F_continuous_yahoo,yfinance_yahoo_finance_GC=F_reference_only
2023-11-13T00:00:00Z,1939.9000244140625,1947.199951171875,1934.0,1945.5,191,GC=F_continuous_yahoo,yfinance_yahoo_finance_GC=F_reference_only
2023-11-14T00:00:00Z,1965.800048828125,1965.800048828125,1961.800048828125,1961.800048828125,2,GC=F_continuous_yahoo,yfinance_yahoo_finance_GC=F_reference_only
2023-11-15T00:00:00Z,1962.800048828125,1962.800048828125,1960.0,1960.0999755859375,6,GC=F_continuous_yahoo,yfinance_yahoo_finance_GC=F_reference_only
2023-11-16T00:00:00Z,1965.300048828125,1983.9000244140625,1964.5999755859375,1983.9000244140625,39,GC=F_continuous_yahoo,yfinance_yahoo_finance_GC=F_reference_only
2023-11-17T00:00:00Z,1982.5,1984.0,1979.800048828125,1981.5999755859375,32,GC=F_continuous_yahoo,yfinance_yahoo_finance_GC=F_reference_only
2023-11-20T00:00:00Z,1978.699951171875,1979.4000244140625,1969.699951171875,1977.699951171875,182,GC=F_continuous_yahoo,yfinance_yahoo_finance_GC=F_reference_only
2023-11-21T00:00:00Z,1990.699951171875,2005.5,1988.5,1999.300048828125,16,GC=F_continuous_yahoo,yfinance_yahoo_finance_GC=F_reference_only
2023-11-22T00:00:00Z,1999.0999755859375,1999.4000244140625,1991.0,1991.4000244140625,6075,GC=F_continuous_yahoo,yfinance_yahoo_finance_GC=F_reference_only
2023-11-24T00:00:00Z,1991.9000244140625,2002.199951171875,1991.5,2002.199951171875,63,GC=F_continuous_yahoo,yfinance_yahoo_finance_GC=F_reference_only
2023-11-27T00:00:00Z,2011.699951171875,2011.800048828125,2011.699951171875,2011.800048828125,228,GC=F_continuous_yahoo,yfinance_yahoo_finance_GC=F_reference_only
2023-11-28T00:00:00Z,2040.5999755859375,2042.699951171875,2039.699951171875,2039.699951171875,174665,GC=F_continuous_yahoo,yfinance_yahoo_finance_GC=F_reference_only
2023-11-29T00:00:00Z,2041.699951171875,2052.10009765625,2036.0,2047.0999755859375,15290,GC=F_continuous_yahoo,yfinance_yahoo_finance_GC=F_reference_only
2023-11-30T00:00:00Z,2046.0999755859375,2047.0999755859375,2033.0999755859375,2038.0999755859375,2506,GC=F_continuous_yahoo,yfinance_yahoo_finance_GC=F_reference_only
2023-12-01T00:00:00Z,2038.300048828125,2073.199951171875,2036.0,2071.0,614,GC=F_continuous_yahoo,yfinance_yahoo_finance_GC=F_reference_only
2023-12-04T00:00:00Z,2075.300048828125,2130.199951171875,2021.0,2024.0999755859375,1071,GC=F_continuous_yahoo,yfinance_yahoo_finance_GC=F_reference_only
2023-12-05T00:00:00Z,2035.0999755859375,2037.0,2010.199951171875,2018.5,289,GC=F_continuous_yahoo,yfinance_yahoo_finance_GC=F_reference_only
2023-12-06T00:00:00Z,2019.9000244140625,2035.800048828125,2019.0,2030.5,417,GC=F_continuous_yahoo,yfinance_yahoo_finance_GC=F_reference_only
2023-12-07T00:00:00Z,2029.199951171875,2034.9000244140625,2024.0,2029.9000244140625,67,GC=F_continuous_yahoo,yfinance_yahoo_finance_GC=F_reference_only
2023-12-08T00:00:00Z,2031.699951171875,2033.0999755859375,1995.0,1998.300048828125,449,GC=F_continuous_yahoo,yfinance_yahoo_finance_GC=F_reference_only
2023-12-11T00:00:00Z,2004.0999755859375,2004.199951171875,1977.199951171875,1978.0,651,GC=F_continuous_yahoo,yfinance_yahoo_finance_GC=F_reference_only
2023-12-12T00:00:00Z,1984.199951171875,1994.199951171875,1977.800048828125,1977.800048828125,95,GC=F_continuous_yahoo,yfinance_yahoo_finance_GC=F_reference_only
2023-12-13T00:00:00Z,1978.5,2024.800048828125,1975.0,1982.300048828125,2252,GC=F_continuous_yahoo,yfinance_yahoo_finance_GC=F_reference_only
2023-12-14T00:00:00Z,2024.699951171875,2040.0999755859375,2024.300048828125,2030.199951171875,236,GC=F_continuous_yahoo,yfinance_yahoo_finance_GC=F_reference_only
2023-12-15T00:00:00Z,2032.5999755859375,2043.4000244140625,2018.300048828125,2021.0999755859375,261,GC=F_continuous_yahoo,yfinance_yahoo_finance_GC=F_reference_only
2023-12-18T00:00:00Z,2024.300048828125,2032.800048828125,2024.0,2026.300048828125,100,GC=F_continuous_yahoo,yfinance_yahoo_finance_GC=F_reference_only
2023-12-19T00:00:00Z,2025.199951171875,2042.699951171875,2025.199951171875,2038.4000244140625,498,GC=F_continuous_yahoo,yfinance_yahoo_finance_GC=F_reference_only
2023-12-20T00:00:00Z,2037.0999755859375,2037.0999755859375,2030.300048828125,2034.5,258,GC=F_continuous_yahoo,yfinance_yahoo_finance_GC=F_reference_only
2023-12-21T00:00:00Z,2035.800048828125,2044.5,2033.0,2039.0999755859375,228,GC=F_continuous_yahoo,yfinance_yahoo_finance_GC=F_reference_only
2023-12-22T00:00:00Z,2055.699951171875,2068.699951171875,2052.199951171875,2057.10009765625,202,GC=F_continuous_yahoo,yfinance_yahoo_finance_GC=F_reference_only
2023-12-26T00:00:00Z,2060.0,2060.800048828125,2054.199951171875,2058.199951171875,64,GC=F_continuous_yahoo,yfinance_yahoo_finance_GC=F_reference_only
2023-12-27T00:00:00Z,2067.300048828125,2081.89990234375,2064.800048828125,2081.89990234375,586,GC=F_continuous_yahoo,yfinance_yahoo_finance_GC=F_reference_only
2023-12-28T00:00:00Z,2081.60009765625,2087.300048828125,2066.5,2073.89990234375,338,GC=F_continuous_yahoo,yfinance_yahoo_finance_GC=F_reference_only
2023-12-29T00:00:00Z,2068.0,2068.89990234375,2062.10009765625,2062.39990234375,47,GC=F_continuous_yahoo,yfinance_yahoo_finance_GC=F_reference_only
2024-01-02T00:00:00Z,2063.5,2073.699951171875,2057.10009765625,2064.39990234375,61,GC=F_continuous_yahoo,yfinance_yahoo_finance_GC=F_reference_only
2024-01-03T00:00:00Z,2034.199951171875,2044.0,2034.199951171875,2034.199951171875,54,GC=F_continuous_yahoo,yfinance_yahoo_finance_GC=F_reference_only
2024-01-04T00:00:00Z,2041.5999755859375,2044.5,2038.0,2042.300048828125,88,GC=F_continuous_yahoo,yfinance_yahoo_finance_GC=F_reference_only
2024-01-05T00:00:00Z,2044.5,2048.10009765625,2042.4000244140625,2042.4000244140625,12,GC=F_continuous_yahoo,yfinance_yahoo_finance_GC=F_reference_only
2024-01-08T00:00:00Z,2019.0999755859375,2033.699951171875,2019.0999755859375,2026.5999755859375,10,GC=F_continuous_yahoo,yfinance_yahoo_finance_GC=F_reference_only
2024-01-09T00:00:00Z,2035.800048828125,2035.800048828125,2026.4000244140625,2026.4000244140625,27,GC=F_continuous_yahoo,yfinance_yahoo_finance_GC=F_reference_only
2024-01-10T00:00:00Z,2029.0,2035.5999755859375,2021.699951171875,2021.699951171875,538,GC=F_continuous_yahoo,yfinance_yahoo_finance_GC=F_reference_only
2024-01-11T00:00:00Z,2025.0999755859375,2025.0999755859375,2014.300048828125,2014.300048828125,97,GC=F_continuous_yahoo,yfinance_yahoo_finance_GC=F_reference_only
2024-01-12T00:00:00Z,2031.0999755859375,2057.0,2031.0999755859375,2046.699951171875,390,GC=F_continuous_yahoo,yfinance_yahoo_finance_GC=F_reference_only
2024-01-16T00:00:00Z,2051.699951171875,2054.800048828125,2026.0,2026.0,46,GC=F_continuous_yahoo,yfinance_yahoo_finance_GC=F_reference_only
2024-01-17T00:00:00Z,2026.5,2026.5,2002.5999755859375,2002.5999755859375,764,GC=F_continuous_yahoo,yfinance_yahoo_finance_GC=F_reference_only
2024-01-18T00:00:00Z,2012.800048828125,2018.5999755859375,2009.5,2018.5999755859375,1474,GC=F_continuous_yahoo,yfinance_yahoo_finance_GC=F_reference_only
2024-01-19T00:00:00Z,2023.199951171875,2036.0,2019.5,2026.5,50,GC=F_continuous_yahoo,yfinance_yahoo_finance_GC=F_reference_only
2024-01-22T00:00:00Z,2021.300048828125,2021.300048828125,2019.800048828125,2019.800048828125,12,GC=F_continuous_yahoo,yfinance_yahoo_finance_GC=F_reference_only
2024-01-23T00:00:00Z,2030.300048828125,2030.300048828125,2022.5,2023.699951171875,15,GC=F_continuous_yahoo,yfinance_yahoo_finance_GC=F_reference_only
2024-01-24T00:00:00Z,2023.199951171875,2033.199951171875,2013.9000244140625,2013.9000244140625,253,GC=F_continuous_yahoo,yfinance_yahoo_finance_GC=F_reference_only
2024-01-25T00:00:00Z,2012.0999755859375,2022.4000244140625,2012.0999755859375,2016.9000244140625,548,GC=F_continuous_yahoo,yfinance_yahoo_finance_GC=F_reference_only
2024-01-26T00:00:00Z,2021.699951171875,2022.4000244140625,2016.800048828125,2016.800048828125,49,GC=F_continuous_yahoo,yfinance_yahoo_finance_GC=F_reference_only
2024-01-29T00:00:00Z,2025.199951171875,2025.199951171875,2025.199951171875,2025.199951171875,150708,GC=F_continuous_yahoo,yfinance_yahoo_finance_GC=F_reference_only
2024-01-30T00:00:00Z,2032.5,2048.5,2028.0999755859375,2031.5,26907,GC=F_continuous_yahoo,yfinance_yahoo_finance_GC=F_reference_only
2024-01-31T00:00:00Z,2035.4000244140625,2055.0,2030.0,2048.39990234375,2007,GC=F_continuous_yahoo,yfinance_yahoo_finance_GC=F_reference_only
2024-02-01T00:00:00Z,2040.199951171875,2064.5,2029.0,2053.0,947,GC=F_continuous_yahoo,yfinance_yahoo_finance_GC=F_reference_only
2024-02-02T00:00:00Z,2054.800048828125,2055.89990234375,2027.699951171875,2036.0999755859375,888,GC=F_continuous_yahoo,yfinance_yahoo_finance_GC=F_reference_only
2024-02-05T00:00:00Z,2038.9000244140625,2040.800048828125,2013.800048828125,2025.699951171875,412,GC=F_continuous_yahoo,yfinance_yahoo_finance_GC=F_reference_only
2024-02-06T00:00:00Z,2025.9000244140625,2037.300048828125,2025.9000244140625,2034.5,249,GC=F_continuous_yahoo,yfinance_yahoo_finance_GC=F_reference_only
2024-02-07T00:00:00Z,2032.800048828125,2039.5,2032.699951171875,2035.199951171875,71,GC=F_continuous_yahoo,yfinance_yahoo_finance_GC=F_reference_only
2024-02-08T00:00:00Z,2028.0,2036.699951171875,2020.300048828125,2032.199951171875,341,GC=F_continuous_yahoo,yfinance_yahoo_finance_GC=F_reference_only
2024-02-09T00:00:00Z,2032.0,2032.0,2020.0,2023.300048828125,62,GC=F_continuous_yahoo,yfinance_yahoo_finance_GC=F_reference_only
2024-02-12T00:00:00Z,2025.5,2025.5,2011.5999755859375,2018.199951171875,317,GC=F_continuous_yahoo,yfinance_yahoo_finance_GC=F_reference_only
2024-02-13T00:00:00Z,2025.0999755859375,2025.800048828125,1990.0,1992.9000244140625,198,GC=F_continuous_yahoo,yfinance_yahoo_finance_GC=F_reference_only
2024-02-14T00:00:00Z,1990.300048828125,1993.5,1984.800048828125,1990.300048828125,1916,GC=F_continuous_yahoo,yfinance_yahoo_finance_GC=F_reference_only
2024-02-15T00:00:00Z,1993.5999755859375,2007.199951171875,1993.5999755859375,2002.0999755859375,286,GC=F_continuous_yahoo,yfinance_yahoo_finance_GC=F_reference_only
2024-02-16T00:00:00Z,2005.0,2011.5,1996.5,2011.5,32,GC=F_continuous_yahoo,yfinance_yahoo_finance_GC=F_reference_only
2024-02-20T00:00:00Z,2015.5999755859375,2029.0,2015.5999755859375,2027.5,1326,GC=F_continuous_yahoo,yfinance_yahoo_finance_GC=F_reference_only
2024-02-21T00:00:00Z,2028.199951171875,2028.199951171875,2022.300048828125,2022.300048828125,15,GC=F_continuous_yahoo,yfinance_yahoo_finance_GC=F_reference_only
2024-02-22T00:00:00Z,2033.199951171875,2033.199951171875,2019.699951171875,2019.699951171875,964,GC=F_continuous_yahoo,yfinance_yahoo_finance_GC=F_reference_only
2024-02-23T00:00:00Z,2026.0,2038.5999755859375,2014.9000244140625,2038.5999755859375,22,GC=F_continuous_yahoo,yfinance_yahoo_finance_GC=F_reference_only
2024-02-26T00:00:00Z,2034.0999755859375,2035.4000244140625,2024.800048828125,2028.5,143,GC=F_continuous_yahoo,yfinance_yahoo_finance_GC=F_reference_only
2024-02-27T00:00:00Z,2035.9000244140625,2035.9000244140625,2034.0,2034.0,964,GC=F_continuous_yahoo,yfinance_yahoo_finance_GC=F_reference_only
2024-02-28T00:00:00Z,2029.5,2037.0,2024.800048828125,2033.0,581,GC=F_continuous_yahoo,yfinance_yahoo_finance_GC=F_reference_only
2024-02-29T00:00:00Z,2034.300048828125,2049.800048828125,2034.300048828125,2045.699951171875,706,GC=F_continuous_yahoo,yfinance_yahoo_finance_GC=F_reference_only
2024-03-01T00:00:00Z,2043.0999755859375,2086.89990234375,2041.800048828125,2086.89990234375,1210,GC=F_continuous_yahoo,yfinance_yahoo_finance_GC=F_reference_only
2024-03-04T00:00:00Z,2083.60009765625,2119.800048828125,2080.699951171875,2117.699951171875,805,GC=F_continuous_yahoo,yfinance_yahoo_finance_GC=F_reference_only
2024-03-05T00:00:00Z,2114.89990234375,2133.5,2111.39990234375,2133.5,1287,GC=F_continuous_yahoo,yfinance_yahoo_finance_GC=F_reference_only
2024-03-06T00:00:00Z,2125.5,2150.300048828125,2125.5,2150.300048828125,443,GC=F_continuous_yahoo,yfinance_yahoo_finance_GC=F_reference_only
2024-03-07T00:00:00Z,2147.0,2163.0,2147.0,2158.0,152,GC=F_continuous_yahoo,yfinance_yahoo_finance_GC=F_reference_only
2024-03-08T00:00:00Z,2167.300048828125,2194.89990234375,2166.300048828125,2178.60009765625,259,GC=F_continuous_yahoo,yfinance_yahoo_finance_GC=F_reference_only
2024-03-11T00:00:00Z,2181.0,2184.0,2177.199951171875,2182.5,738,GC=F_continuous_yahoo,yfinance_yahoo_finance_GC=F_reference_only
2024-03-12T00:00:00Z,2182.5,2182.699951171875,2160.39990234375,2160.39990234375,550,GC=F_continuous_yahoo,yfinance_yahoo_finance_GC=F_reference_only
2024-03-13T00:00:00Z,2162.5,2175.39990234375,2162.5,2175.39990234375,20,GC=F_continuous_yahoo,yfinance_yahoo_finance_GC=F_reference_only
2024-03-14T00:00:00Z,2163.0,2163.0,2162.300048828125,2163.0,515,GC=F_continuous_yahoo,yfinance_yahoo_finance_GC=F_reference_only
2024-03-15T00:00:00Z,2161.699951171875,2161.699951171875,2157.300048828125,2157.300048828125,100,GC=F_continuous_yahoo,yfinance_yahoo_finance_GC=F_reference_only
2024-03-18T00:00:00Z,2146.199951171875,2160.699951171875,2146.199951171875,2160.699951171875,21,GC=F_continuous_yahoo,yfinance_yahoo_finance_GC=F_reference_only
2024-03-19T00:00:00Z,2156.10009765625,2156.300048828125,2156.10009765625,2156.300048828125,12,GC=F_continuous_yahoo,yfinance_yahoo_finance_GC=F_reference_only
2024-03-20T00:00:00Z,2157.300048828125,2185.89990234375,2150.89990234375,2157.89990234375,17,GC=F_continuous_yahoo,yfinance_yahoo_finance_GC=F_reference_only
2024-03-21T00:00:00Z,2207.0,2211.60009765625,2182.39990234375,2182.39990234375,63,GC=F_continuous_yahoo,yfinance_yahoo_finance_GC=F_reference_only
2024-03-22T00:00:00Z,2179.199951171875,2179.60009765625,2157.5,2158.10009765625,19,GC=F_continuous_yahoo,yfinance_yahoo_finance_GC=F_reference_only
2024-03-25T00:00:00Z,2166.199951171875,2179.39990234375,2166.199951171875,2174.800048828125,79,GC=F_continuous_yahoo,yfinance_yahoo_finance_GC=F_reference_only
2024-03-26T00:00:00Z,2182.699951171875,2182.699951171875,2175.60009765625,2175.60009765625,202373,GC=F_continuous_yahoo,yfinance_yahoo_finance_GC=F_reference_only
2024-03-27T00:00:00Z,2179.39990234375,2196.199951171875,2172.10009765625,2190.60009765625,31200,GC=F_continuous_yahoo,yfinance_yahoo_finance_GC=F_reference_only
2024-03-28T00:00:00Z,2193.60009765625,2234.10009765625,2187.10009765625,2217.39990234375,2040,GC=F_continuous_yahoo,yfinance_yahoo_finance_GC=F_reference_only
2024-04-01T00:00:00Z,2235.699951171875,2264.199951171875,2230.0,2236.5,400,GC=F_continuous_yahoo,yfinance_yahoo_finance_GC=F_reference_only
2024-04-02T00:00:00Z,2252.0,2279.199951171875,2247.60009765625,2261.0,435,GC=F_continuous_yahoo,yfinance_yahoo_finance_GC=F_reference_only
2024-04-03T00:00:00Z,2281.699951171875,2298.800048828125,2267.89990234375,2294.39990234375,285,GC=F_continuous_yahoo,yfinance_yahoo_finance_GC=F_reference_only
2024-04-04T00:00:00Z,2301.699951171875,2302.89990234375,2280.0,2288.800048828125,251,GC=F_continuous_yahoo,yfinance_yahoo_finance_GC=F_reference_only
2024-04-05T00:00:00Z,2289.199951171875,2328.39990234375,2267.39990234375,2325.699951171875,344,GC=F_continuous_yahoo,yfinance_yahoo_finance_GC=F_reference_only
2024-04-08T00:00:00Z,2325.60009765625,2341.800048828125,2319.0,2331.699951171875,202,GC=F_continuous_yahoo,yfinance_yahoo_finance_GC=F_reference_only
2024-04-09T00:00:00Z,2337.800048828125,2364.699951171875,2337.800048828125,2343.5,211,GC=F_continuous_yahoo,yfinance_yahoo_finance_GC=F_reference_only
2024-04-10T00:00:00Z,2346.60009765625,2358.10009765625,2327.699951171875,2329.60009765625,377,GC=F_continuous_yahoo,yfinance_yahoo_finance_GC=F_reference_only
2024-04-11T00:00:00Z,2341.5,2376.300048828125,2330.60009765625,2354.800048828125,283,GC=F_continuous_yahoo,yfinance_yahoo_finance_GC=F_reference_only
2024-04-12T00:00:00Z,2377.300048828125,2429.0,2334.300048828125,2356.199951171875,584,GC=F_continuous_yahoo,yfinance_yahoo_finance_GC=F_reference_only
2024-04-15T00:00:00Z,2362.10009765625,2384.699951171875,2326.0,2365.800048828125,1801,GC=F_continuous_yahoo,yfinance_yahoo_finance_GC=F_reference_only
2024-04-16T00:00:00Z,2384.0,2390.800048828125,2371.39990234375,2390.800048828125,41,GC=F_continuous_yahoo,yfinance_yahoo_finance_GC=F_reference_only
2024-04-17T00:00:00Z,2384.199951171875,2391.39990234375,2369.300048828125,2371.699951171875,37,GC=F_continuous_yahoo,yfinance_yahoo_finance_GC=F_reference_only
2024-04-18T00:00:00Z,2368.39990234375,2384.39990234375,2368.39990234375,2382.300048828125,128,GC=F_continuous_yahoo,yfinance_yahoo_finance_GC=F_reference_only
2024-04-19T00:00:00Z,2379.300048828125,2399.800048828125,2377.300048828125,2398.39990234375,160,GC=F_continuous_yahoo,yfinance_yahoo_finance_GC=F_reference_only
2024-04-22T00:00:00Z,2383.300048828125,2383.300048828125,2326.89990234375,2332.199951171875,53,GC=F_continuous_yahoo,yfinance_yahoo_finance_GC=F_reference_only
2024-04-23T00:00:00Z,2327.699951171875,2330.800048828125,2294.199951171875,2327.699951171875,171,GC=F_continuous_yahoo,yfinance_yahoo_finance_GC=F_reference_only
2024-04-24T00:00:00Z,2321.300048828125,2328.699951171875,2314.60009765625,2324.5,95,GC=F_continuous_yahoo,yfinance_yahoo_finance_GC=F_reference_only
2024-04-25T00:00:00Z,2315.0,2329.800048828125,2305.0,2329.800048828125,1024,GC=F_continuous_yahoo,yfinance_yahoo_finance_GC=F_reference_only
2024-04-26T00:00:00Z,2347.89990234375,2347.89990234375,2332.800048828125,2334.800048828125,717,GC=F_continuous_yahoo,yfinance_yahoo_finance_GC=F_reference_only
2024-04-29T00:00:00Z,2334.800048828125,2345.5,2327.89990234375,2345.39990234375,405,GC=F_continuous_yahoo,yfinance_yahoo_finance_GC=F_reference_only
2024-04-30T00:00:00Z,2322.5,2322.5,2291.39990234375,2291.39990234375,113,GC=F_continuous_yahoo,yfinance_yahoo_finance_GC=F_reference_only
2024-05-01T00:00:00Z,2287.699951171875,2327.300048828125,2283.800048828125,2299.89990234375,42,GC=F_continuous_yahoo,yfinance_yahoo_finance_GC=F_reference_only
2024-05-02T00:00:00Z,2321.699951171875,2324.699951171875,2292.300048828125,2299.199951171875,56,GC=F_continuous_yahoo,yfinance_yahoo_finance_GC=F_reference_only
2024-05-03T00:00:00Z,2300.0,2301.0,2277.60009765625,2299.0,194,GC=F_continuous_yahoo,yfinance_yahoo_finance_GC=F_reference_only
2024-05-06T00:00:00Z,2322.800048828125,2325.5,2314.199951171875,2321.60009765625,9,GC=F_continuous_yahoo,yfinance_yahoo_finance_GC=F_reference_only
2024-05-07T00:00:00Z,2324.300048828125,2324.300048828125,2315.199951171875,2315.199951171875,25,GC=F_continuous_yahoo,yfinance_yahoo_finance_GC=F_reference_only
2024-05-08T00:00:00Z,2313.60009765625,2313.60009765625,2313.60009765625,2313.60009765625,4,GC=F_continuous_yahoo,yfinance_yahoo_finance_GC=F_reference_only
2024-05-09T00:00:00Z,2310.699951171875,2339.5,2310.699951171875,2332.10009765625,5,GC=F_continuous_yahoo,yfinance_yahoo_finance_GC=F_reference_only
2024-05-10T00:00:00Z,2367.300048828125,2367.300048828125,2367.300048828125,2367.300048828125,126,GC=F_continuous_yahoo,yfinance_yahoo_finance_GC=F_reference_only
2024-05-13T00:00:00Z,2358.300048828125,2358.300048828125,2336.10009765625,2336.10009765625,14,GC=F_continuous_yahoo,yfinance_yahoo_finance_GC=F_reference_only
2024-05-14T00:00:00Z,2336.0,2358.0,2336.0,2353.39990234375,6,GC=F_continuous_yahoo,yfinance_yahoo_finance_GC=F_reference_only
2024-05-15T00:00:00Z,2361.60009765625,2388.699951171875,2356.0,2388.699951171875,29,GC=F_continuous_yahoo,yfinance_yahoo_finance_GC=F_reference_only
2024-05-16T00:00:00Z,2389.5,2392.199951171875,2380.0,2380.0,7,GC=F_continuous_yahoo,yfinance_yahoo_finance_GC=F_reference_only
2024-05-17T00:00:00Z,2380.699951171875,2415.800048828125,2380.699951171875,2412.199951171875,213,GC=F_continuous_yahoo,yfinance_yahoo_finance_GC=F_reference_only
2024-05-20T00:00:00Z,2415.800048828125,2435.800048828125,2409.699951171875,2433.89990234375,40,GC=F_continuous_yahoo,yfinance_yahoo_finance_GC=F_reference_only
2024-05-21T00:00:00Z,2429.5,2429.5,2421.0,2421.699951171875,6,GC=F_continuous_yahoo,yfinance_yahoo_finance_GC=F_reference_only
2024-05-22T00:00:00Z,2417.5,2417.60009765625,2375.800048828125,2389.199951171875,180,GC=F_continuous_yahoo,yfinance_yahoo_finance_GC=F_reference_only
2024-05-23T00:00:00Z,2371.199951171875,2371.199951171875,2335.0,2335.0,365,GC=F_continuous_yahoo,yfinance_yahoo_finance_GC=F_reference_only
2024-05-24T00:00:00Z,2342.60009765625,2345.39990234375,2332.5,2332.5,25,GC=F_continuous_yahoo,yfinance_yahoo_finance_GC=F_reference_only
2024-05-28T00:00:00Z,2336.89990234375,2359.699951171875,2336.89990234375,2355.199951171875,26,GC=F_continuous_yahoo,yfinance_yahoo_finance_GC=F_reference_only
2024-05-29T00:00:00Z,2340.300048828125,2340.300048828125,2340.300048828125,2340.300048828125,119317,GC=F_continuous_yahoo,yfinance_yahoo_finance_GC=F_reference_only
2024-05-30T00:00:00Z,2336.89990234375,2349.5,2320.800048828125,2342.89990234375,32587,GC=F_continuous_yahoo,yfinance_yahoo_finance_GC=F_reference_only
2024-05-31T00:00:00Z,2344.10009765625,2354.0,2319.0,2322.89990234375,941,GC=F_continuous_yahoo,yfinance_yahoo_finance_GC=F_reference_only
2024-06-03T00:00:00Z,2322.60009765625,2347.5,2312.0,2346.60009765625,781,GC=F_continuous_yahoo,yfinance_yahoo_finance_GC=F_reference_only
2024-06-04T00:00:00Z,2347.5,2347.699951171875,2313.89990234375,2325.5,890,GC=F_continuous_yahoo,yfinance_yahoo_finance_GC=F_reference_only
2024-06-05T00:00:00Z,2326.39990234375,2354.300048828125,2326.199951171875,2354.10009765625,295,GC=F_continuous_yahoo,yfinance_yahoo_finance_GC=F_reference_only
2024-06-06T00:00:00Z,2355.0,2375.800048828125,2355.0,2370.300048828125,179,GC=F_continuous_yahoo,yfinance_yahoo_finance_GC=F_reference_only
2024-06-07T00:00:00Z,2379.89990234375,2385.10009765625,2285.39990234375,2305.199951171875,269,GC=F_continuous_yahoo,yfinance_yahoo_finance_GC=F_reference_only
2024-06-10T00:00:00Z,2290.60009765625,2309.300048828125,2290.5,2307.699951171875,69,GC=F_continuous_yahoo,yfinance_yahoo_finance_GC=F_reference_only
2024-06-11T00:00:00Z,2300.0,2314.10009765625,2300.0,2307.5,871,GC=F_continuous_yahoo,yfinance_yahoo_finance_GC=F_reference_only
2024-06-12T00:00:00Z,2314.89990234375,2338.699951171875,2310.300048828125,2336.0,132,GC=F_continuous_yahoo,yfinance_yahoo_finance_GC=F_reference_only
2024-06-13T00:00:00Z,2309.39990234375,2317.699951171875,2296.199951171875,2300.199951171875,298,GC=F_continuous_yahoo,yfinance_yahoo_finance_GC=F_reference_only
2024-06-14T00:00:00Z,2307.0,2331.39990234375,2305.800048828125,2331.39990234375,948,GC=F_continuous_yahoo,yfinance_yahoo_finance_GC=F_reference_only
2024-06-17T00:00:00Z,2320.199951171875,2320.199951171875,2309.60009765625,2312.39990234375,110,GC=F_continuous_yahoo,yfinance_yahoo_finance_GC=F_reference_only
2024-06-18T00:00:00Z,2311.800048828125,2330.39990234375,2311.800048828125,2330.39990234375,43,GC=F_continuous_yahoo,yfinance_yahoo_finance_GC=F_reference_only
2024-06-20T00:00:00Z,2328.89990234375,2354.0,2328.300048828125,2353.800048828125,183,GC=F_continuous_yahoo,yfinance_yahoo_finance_GC=F_reference_only
2024-06-21T00:00:00Z,2331.199951171875,2331.199951171875,2316.39990234375,2316.39990234375,76,GC=F_continuous_yahoo,yfinance_yahoo_finance_GC=F_reference_only
2024-06-24T00:00:00Z,2323.300048828125,2332.89990234375,2322.699951171875,2330.0,99,GC=F_continuous_yahoo,yfinance_yahoo_finance_GC=F_reference_only
2024-06-25T00:00:00Z,2324.39990234375,2333.0,2316.60009765625,2316.60009765625,105,GC=F_continuous_yahoo,yfinance_yahoo_finance_GC=F_reference_only
2024-06-26T00:00:00Z,2307.89990234375,2314.39990234375,2298.0,2299.199951171875,986,GC=F_continuous_yahoo,yfinance_yahoo_finance_GC=F_reference_only
2024-06-27T00:00:00Z,2296.800048828125,2329.0,2295.0,2324.5,1532,GC=F_continuous_yahoo,yfinance_yahoo_finance_GC=F_reference_only
2024-06-28T00:00:00Z,2325.39990234375,2338.300048828125,2319.0,2327.699951171875,92,GC=F_continuous_yahoo,yfinance_yahoo_finance_GC=F_reference_only
2024-07-01T00:00:00Z,2323.800048828125,2329.699951171875,2321.699951171875,2327.60009765625,237,GC=F_continuous_yahoo,yfinance_yahoo_finance_GC=F_reference_only
2024-07-02T00:00:00Z,2330.699951171875,2334.60009765625,2323.0,2323.0,30,GC=F_continuous_yahoo,yfinance_yahoo_finance_GC=F_reference_only
2024-07-03T00:00:00Z,2330.89990234375,2361.60009765625,2330.89990234375,2359.800048828125,59,GC=F_continuous_yahoo,yfinance_yahoo_finance_GC=F_reference_only
2024-07-05T00:00:00Z,2354.89990234375,2388.5,2354.89990234375,2388.5,72,GC=F_continuous_yahoo,yfinance_yahoo_finance_GC=F_reference_only
2024-07-08T00:00:00Z,2381.699951171875,2383.800048828125,2352.800048828125,2355.199951171875,64,GC=F_continuous_yahoo,yfinance_yahoo_finance_GC=F_reference_only
2024-07-09T00:00:00Z,2363.10009765625,2363.699951171875,2360.10009765625,2360.10009765625,9,GC=F_continuous_yahoo,yfinance_yahoo_finance_GC=F_reference_only
2024-07-10T00:00:00Z,2366.300048828125,2377.0,2365.800048828125,2372.199951171875,19,GC=F_continuous_yahoo,yfinance_yahoo_finance_GC=F_reference_only
2024-07-11T00:00:00Z,2378.699951171875,2416.699951171875,2378.699951171875,2415.0,72,GC=F_continuous_yahoo,yfinance_yahoo_finance_GC=F_reference_only
2024-07-12T00:00:00Z,2399.800048828125,2414.0,2391.300048828125,2414.0,355,GC=F_continuous_yahoo,yfinance_yahoo_finance_GC=F_reference_only
2024-07-15T00:00:00Z,2430.0,2436.0,2422.89990234375,2422.89990234375,540,GC=F_continuous_yahoo,yfinance_yahoo_finance_GC=F_reference_only
2024-07-16T00:00:00Z,2427.39990234375,2462.39990234375,2427.39990234375,2462.39990234375,93,GC=F_continuous_yahoo,yfinance_yahoo_finance_GC=F_reference_only
2024-07-17T00:00:00Z,2472.89990234375,2473.10009765625,2454.800048828125,2454.800048828125,10,GC=F_continuous_yahoo,yfinance_yahoo_finance_GC=F_reference_only
2024-07-18T00:00:00Z,2466.0,2466.0,2451.800048828125,2451.800048828125,2,GC=F_continuous_yahoo,yfinance_yahoo_finance_GC=F_reference_only
2024-07-19T00:00:00Z,2418.800048828125,2419.199951171875,2395.5,2395.5,15,GC=F_continuous_yahoo,yfinance_yahoo_finance_GC=F_reference_only
2024-07-22T00:00:00Z,2402.10009765625,2402.10009765625,2392.0,2392.0,18,GC=F_continuous_yahoo,yfinance_yahoo_finance_GC=F_reference_only
2024-07-23T00:00:00Z,2395.800048828125,2404.60009765625,2388.699951171875,2404.60009765625,41,GC=F_continuous_yahoo,yfinance_yahoo_finance_GC=F_reference_only
2024-07-24T00:00:00Z,2421.0,2421.0,2411.60009765625,2413.300048828125,6,GC=F_continuous_yahoo,yfinance_yahoo_finance_GC=F_reference_only
2024-07-25T00:00:00Z,2365.5,2365.5,2351.89990234375,2351.89990234375,31,GC=F_continuous_yahoo,yfinance_yahoo_finance_GC=F_reference_only
2024-07-26T00:00:00Z,2368.699951171875,2386.89990234375,2368.699951171875,2380.0,95,GC=F_continuous_yahoo,yfinance_yahoo_finance_GC=F_reference_only
2024-07-29T00:00:00Z,2377.300048828125,2377.300048828125,2377.300048828125,2377.300048828125,126409,GC=F_continuous_yahoo,yfinance_yahoo_finance_GC=F_reference_only
2024-07-30T00:00:00Z,2380.89990234375,2409.300048828125,2373.800048828125,2405.0,25944,GC=F_continuous_yahoo,yfinance_yahoo_finance_GC=F_reference_only
2024-07-31T00:00:00Z,2407.10009765625,2447.60009765625,2402.800048828125,2426.5,1313,GC=F_continuous_yahoo,yfinance_yahoo_finance_GC=F_reference_only
2024-08-01T00:00:00Z,2446.699951171875,2455.10009765625,2430.39990234375,2435.0,690,GC=F_continuous_yahoo,yfinance_yahoo_finance_GC=F_reference_only
2024-08-02T00:00:00Z,2444.0,2477.0,2416.0,2425.699951171875,550,GC=F_continuous_yahoo,yfinance_yahoo_finance_GC=F_reference_only
2024-08-05T00:00:00Z,2442.0,2449.800048828125,2367.39990234375,2401.699951171875,334,GC=F_continuous_yahoo,yfinance_yahoo_finance_GC=F_reference_only
2024-08-06T00:00:00Z,2414.5,2421.800048828125,2380.0,2389.10009765625,163,GC=F_continuous_yahoo,yfinance_yahoo_finance_GC=F_reference_only
2024-08-07T00:00:00Z,2392.199951171875,2401.0,2384.5,2390.5,130,GC=F_continuous_yahoo,yfinance_yahoo_finance_GC=F_reference_only
2024-08-08T00:00:00Z,2384.300048828125,2422.800048828125,2384.300048828125,2422.199951171875,201,GC=F_continuous_yahoo,yfinance_yahoo_finance_GC=F_reference_only
2024-08-09T00:00:00Z,2422.300048828125,2432.10009765625,2418.5,2432.10009765625,611,GC=F_continuous_yahoo,yfinance_yahoo_finance_GC=F_reference_only
2024-08-12T00:00:00Z,2432.699951171875,2469.800048828125,2432.0,2462.39990234375,566,GC=F_continuous_yahoo,yfinance_yahoo_finance_GC=F_reference_only
2024-08-13T00:00:00Z,2461.0,2470.0,2456.5,2466.699951171875,510,GC=F_continuous_yahoo,yfinance_yahoo_finance_GC=F_reference_only
2024-08-14T00:00:00Z,2468.0,2472.10009765625,2439.39990234375,2439.39990234375,274,GC=F_continuous_yahoo,yfinance_yahoo_finance_GC=F_reference_only
2024-08-15T00:00:00Z,2451.800048828125,2467.699951171875,2431.199951171875,2453.10009765625,285,GC=F_continuous_yahoo,yfinance_yahoo_finance_GC=F_reference_only
2024-08-16T00:00:00Z,2453.5,2508.0,2451.39990234375,2498.60009765625,197,GC=F_continuous_yahoo,yfinance_yahoo_finance_GC=F_reference_only
2024-08-19T00:00:00Z,2508.5,2508.5,2487.199951171875,2501.800048828125,88,GC=F_continuous_yahoo,yfinance_yahoo_finance_GC=F_reference_only
2024-08-20T00:00:00Z,2503.5,2527.300048828125,2500.699951171875,2511.300048828125,187,GC=F_continuous_yahoo,yfinance_yahoo_finance_GC=F_reference_only
2024-08-21T00:00:00Z,2511.0,2515.39990234375,2503.89990234375,2508.39990234375,96,GC=F_continuous_yahoo,yfinance_yahoo_finance_GC=F_reference_only
2024-08-22T00:00:00Z,2504.10009765625,2504.10009765625,2471.10009765625,2478.89990234375,210,GC=F_continuous_yahoo,yfinance_yahoo_finance_GC=F_reference_only
2024-08-23T00:00:00Z,2486.5,2508.39990234375,2486.5,2508.39990234375,94,GC=F_continuous_yahoo,yfinance_yahoo_finance_GC=F_reference_only
2024-08-26T00:00:00Z,2509.89990234375,2523.10009765625,2509.10009765625,2517.699951171875,290,GC=F_continuous_yahoo,yfinance_yahoo_finance_GC=F_reference_only
2024-08-27T00:00:00Z,2515.199951171875,2523.10009765625,2506.89990234375,2516.0,100,GC=F_continuous_yahoo,yfinance_yahoo_finance_GC=F_reference_only
2024-08-28T00:00:00Z,2501.0,2501.0,2501.0,2501.0,2353,GC=F_continuous_yahoo,yfinance_yahoo_finance_GC=F_reference_only
2024-08-29T00:00:00Z,2504.10009765625,2525.699951171875,2503.89990234375,2525.699951171875,3966,GC=F_continuous_yahoo,yfinance_yahoo_finance_GC=F_reference_only
2024-08-30T00:00:00Z,2519.5,2525.39990234375,2493.800048828125,2493.800048828125,208,GC=F_continuous_yahoo,yfinance_yahoo_finance_GC=F_reference_only
2024-09-03T00:00:00Z,2501.60009765625,2501.800048828125,2476.300048828125,2489.89990234375,206,GC=F_continuous_yahoo,yfinance_yahoo_finance_GC=F_reference_only
2024-09-04T00:00:00Z,2490.89990234375,2493.39990234375,2483.5,2493.39990234375,470,GC=F_continuous_yahoo,yfinance_yahoo_finance_GC=F_reference_only
2024-09-05T00:00:00Z,2493.699951171875,2513.300048828125,2493.39990234375,2511.39990234375,54,GC=F_continuous_yahoo,yfinance_yahoo_finance_GC=F_reference_only
2024-09-06T00:00:00Z,2510.300048828125,2517.89990234375,2483.699951171875,2493.5,96,GC=F_continuous_yahoo,yfinance_yahoo_finance_GC=F_reference_only
2024-09-09T00:00:00Z,2491.300048828125,2504.699951171875,2491.300048828125,2501.800048828125,96,GC=F_continuous_yahoo,yfinance_yahoo_finance_GC=F_reference_only
2024-09-10T00:00:00Z,2512.300048828125,2512.300048828125,2512.300048828125,2512.300048828125,5,GC=F_continuous_yahoo,yfinance_yahoo_finance_GC=F_reference_only
2024-09-11T00:00:00Z,2525.800048828125,2525.800048828125,2502.300048828125,2512.10009765625,90,GC=F_continuous_yahoo,yfinance_yahoo_finance_GC=F_reference_only
2024-09-12T00:00:00Z,2529.10009765625,2557.0,2523.39990234375,2551.199951171875,132,GC=F_continuous_yahoo,yfinance_yahoo_finance_GC=F_reference_only
2024-09-13T00:00:00Z,2568.800048828125,2581.800048828125,2565.0,2581.300048828125,31,GC=F_continuous_yahoo,yfinance_yahoo_finance_GC=F_reference_only
2024-09-16T00:00:00Z,2580.39990234375,2580.39990234375,2580.39990234375,2580.39990234375,28,GC=F_continuous_yahoo,yfinance_yahoo_finance_GC=F_reference_only
2024-09-17T00:00:00Z,2581.199951171875,2581.800048828125,2564.300048828125,2564.300048828125,22,GC=F_continuous_yahoo,yfinance_yahoo_finance_GC=F_reference_only
2024-09-18T00:00:00Z,2570.699951171875,2570.699951171875,2549.199951171875,2570.699951171875,25,GC=F_continuous_yahoo,yfinance_yahoo_finance_GC=F_reference_only
2024-09-19T00:00:00Z,2566.0,2588.0,2566.0,2588.0,99,GC=F_continuous_yahoo,yfinance_yahoo_finance_GC=F_reference_only
2024-09-20T00:00:00Z,2590.39990234375,2621.800048828125,2590.39990234375,2619.89990234375,17,GC=F_continuous_yahoo,yfinance_yahoo_finance_GC=F_reference_only
2024-09-23T00:00:00Z,2626.5,2626.5,2626.5,2626.5,9,GC=F_continuous_yahoo,yfinance_yahoo_finance_GC=F_reference_only
2024-09-24T00:00:00Z,2636.800048828125,2662.300048828125,2625.5,2651.199951171875,35,GC=F_continuous_yahoo,yfinance_yahoo_finance_GC=F_reference_only
2024-09-25T00:00:00Z,2656.300048828125,2664.199951171875,2649.300048828125,2659.199951171875,175,GC=F_continuous_yahoo,yfinance_yahoo_finance_GC=F_reference_only
2024-09-26T00:00:00Z,2662.300048828125,2669.89990234375,2660.800048828125,2669.89990234375,17216,GC=F_continuous_yahoo,yfinance_yahoo_finance_GC=F_reference_only
2024-09-27T00:00:00Z,2670.0,2672.10009765625,2641.699951171875,2644.300048828125,4228,GC=F_continuous_yahoo,yfinance_yahoo_finance_GC=F_reference_only
2024-09-30T00:00:00Z,2660.89990234375,2662.10009765625,2623.199951171875,2636.10009765625,973,GC=F_continuous_yahoo,yfinance_yahoo_finance_GC=F_reference_only
2024-10-01T00:00:00Z,2631.39990234375,2670.89990234375,2631.39990234375,2667.300048828125,153,GC=F_continuous_yahoo,yfinance_yahoo_finance_GC=F_reference_only
2024-10-02T00:00:00Z,2650.60009765625,2657.199951171875,2640.0,2647.10009765625,72,GC=F_continuous_yahoo,yfinance_yahoo_finance_GC=F_reference_only
2024-10-03T00:00:00Z,2642.800048828125,2657.10009765625,2640.0,2657.10009765625,354,GC=F_continuous_yahoo,yfinance_yahoo_finance_GC=F_reference_only
2024-10-04T00:00:00Z,2656.0,2667.0,2639.0,2645.800048828125,114,GC=F_continuous_yahoo,yfinance_yahoo_finance_GC=F_reference_only
2024-10-07T00:00:00Z,2648.699951171875,2657.39990234375,2639.0,2644.800048828125,284,GC=F_continuous_yahoo,yfinance_yahoo_finance_GC=F_reference_only
2024-10-08T00:00:00Z,2639.0,2639.0,2609.300048828125,2615.0,687,GC=F_continuous_yahoo,yfinance_yahoo_finance_GC=F_reference_only
2024-10-09T00:00:00Z,2603.0,2607.699951171875,2603.0,2606.0,152,GC=F_continuous_yahoo,yfinance_yahoo_finance_GC=F_reference_only
2024-10-10T00:00:00Z,2602.5,2628.300048828125,2602.5,2620.60009765625,320,GC=F_continuous_yahoo,yfinance_yahoo_finance_GC=F_reference_only
2024-10-11T00:00:00Z,2638.300048828125,2658.10009765625,2638.199951171875,2657.60009765625,12,GC=F_continuous_yahoo,yfinance_yahoo_finance_GC=F_reference_only
2024-10-14T00:00:00Z,2655.0,2655.300048828125,2647.800048828125,2647.800048828125,40,GC=F_continuous_yahoo,yfinance_yahoo_finance_GC=F_reference_only
2024-10-15T00:00:00Z,2661.39990234375,2661.39990234375,2661.39990234375,2661.39990234375,39,GC=F_continuous_yahoo,yfinance_yahoo_finance_GC=F_reference_only
2024-10-16T00:00:00Z,2674.0,2674.0,2674.0,2674.0,6,GC=F_continuous_yahoo,yfinance_yahoo_finance_GC=F_reference_only
2024-10-17T00:00:00Z,2677.39990234375,2691.699951171875,2677.199951171875,2691.0,30,GC=F_continuous_yahoo,yfinance_yahoo_finance_GC=F_reference_only
2024-10-18T00:00:00Z,2713.699951171875,2719.60009765625,2713.699951171875,2713.699951171875,29,GC=F_continuous_yahoo,yfinance_yahoo_finance_GC=F_reference_only
2024-10-21T00:00:00Z,2721.89990234375,2738.39990234375,2719.5,2723.10009765625,52,GC=F_continuous_yahoo,yfinance_yahoo_finance_GC=F_reference_only
2024-10-22T00:00:00Z,2731.699951171875,2746.0,2728.60009765625,2744.199951171875,93,GC=F_continuous_yahoo,yfinance_yahoo_finance_GC=F_reference_only
2024-10-23T00:00:00Z,2742.5,2742.5,2714.199951171875,2714.39990234375,18,GC=F_continuous_yahoo,yfinance_yahoo_finance_GC=F_reference_only
2024-10-24T00:00:00Z,2729.0,2736.10009765625,2729.0,2734.89990234375,27,GC=F_continuous_yahoo,yfinance_yahoo_finance_GC=F_reference_only
2024-10-25T00:00:00Z,2725.5,2742.39990234375,2725.5,2740.89990234375,29,GC=F_continuous_yahoo,yfinance_yahoo_finance_GC=F_reference_only
2024-10-28T00:00:00Z,2736.10009765625,2742.89990234375,2729.5,2742.89990234375,56,GC=F_continuous_yahoo,yfinance_yahoo_finance_GC=F_reference_only
2024-10-29T00:00:00Z,2768.39990234375,2768.39990234375,2768.39990234375,2768.39990234375,848,GC=F_continuous_yahoo,yfinance_yahoo_finance_GC=F_reference_only
2024-10-30T00:00:00Z,2774.60009765625,2789.0,2774.60009765625,2788.5,231,GC=F_continuous_yahoo,yfinance_yahoo_finance_GC=F_reference_only
2024-10-31T00:00:00Z,2787.39990234375,2787.5,2733.5,2738.300048828125,849,GC=F_continuous_yahoo,yfinance_yahoo_finance_GC=F_reference_only
2024-11-01T00:00:00Z,2745.5,2756.0,2734.199951171875,2738.60009765625,109,GC=F_continuous_yahoo,yfinance_yahoo_finance_GC=F_reference_only
2024-11-04T00:00:00Z,2736.5,2737.10009765625,2736.10009765625,2736.10009765625,16,GC=F_continuous_yahoo,yfinance_yahoo_finance_GC=F_reference_only
2024-11-05T00:00:00Z,2743.0,2743.89990234375,2740.300048828125,2740.300048828125,23,GC=F_continuous_yahoo,yfinance_yahoo_finance_GC=F_reference_only
2024-11-06T00:00:00Z,2734.5,2734.5,2659.39990234375,2667.60009765625,427,GC=F_continuous_yahoo,yfinance_yahoo_finance_GC=F_reference_only
2024-11-07T00:00:00Z,2662.5,2699.10009765625,2662.5,2698.39990234375,676,GC=F_continuous_yahoo,yfinance_yahoo_finance_GC=F_reference_only
2024-11-08T00:00:00Z,2688.5,2694.60009765625,2682.89990234375,2687.5,1038,GC=F_continuous_yahoo,yfinance_yahoo_finance_GC=F_reference_only
2024-11-11T00:00:00Z,2671.699951171875,2671.699951171875,2611.199951171875,2611.199951171875,20,GC=F_continuous_yahoo,yfinance_yahoo_finance_GC=F_reference_only
2024-11-12T00:00:00Z,2605.5,2605.5,2592.800048828125,2600.0,118,GC=F_continuous_yahoo,yfinance_yahoo_finance_GC=F_reference_only
2024-11-13T00:00:00Z,2611.10009765625,2611.800048828125,2580.800048828125,2580.800048828125,53,GC=F_continuous_yahoo,yfinance_yahoo_finance_GC=F_reference_only
2024-11-14T00:00:00Z,2555.10009765625,2576.199951171875,2554.199951171875,2568.199951171875,27,GC=F_continuous_yahoo,yfinance_yahoo_finance_GC=F_reference_only
2024-11-15T00:00:00Z,2565.699951171875,2565.699951171875,2565.699951171875,2565.699951171875,20,GC=F_continuous_yahoo,yfinance_yahoo_finance_GC=F_reference_only
2024-11-18T00:00:00Z,2591.699951171875,2610.699951171875,2589.39990234375,2610.60009765625,136,GC=F_continuous_yahoo,yfinance_yahoo_finance_GC=F_reference_only
2024-11-19T00:00:00Z,2621.89990234375,2627.699951171875,2619.300048828125,2627.10009765625,87,GC=F_continuous_yahoo,yfinance_yahoo_finance_GC=F_reference_only
2024-11-20T00:00:00Z,2638.5,2648.199951171875,2638.5,2648.199951171875,27,GC=F_continuous_yahoo,yfinance_yahoo_finance_GC=F_reference_only
2024-11-21T00:00:00Z,2659.300048828125,2672.10009765625,2655.699951171875,2672.10009765625,33,GC=F_continuous_yahoo,yfinance_yahoo_finance_GC=F_reference_only
2024-11-22T00:00:00Z,2687.5,2710.5,2685.60009765625,2709.89990234375,41,GC=F_continuous_yahoo,yfinance_yahoo_finance_GC=F_reference_only
2024-11-25T00:00:00Z,2689.39990234375,2689.39990234375,2616.800048828125,2616.800048828125,94,GC=F_continuous_yahoo,yfinance_yahoo_finance_GC=F_reference_only
2024-11-26T00:00:00Z,2625.60009765625,2625.60009765625,2620.300048828125,2620.300048828125,177858,GC=F_continuous_yahoo,yfinance_yahoo_finance_GC=F_reference_only
2024-11-27T00:00:00Z,2633.5,2657.89990234375,2627.199951171875,2639.89990234375,61653,GC=F_continuous_yahoo,yfinance_yahoo_finance_GC=F_reference_only
2024-11-29T00:00:00Z,2636.39990234375,2664.300048828125,2620.699951171875,2657.0,3861,GC=F_continuous_yahoo,yfinance_yahoo_finance_GC=F_reference_only
2024-12-02T00:00:00Z,2649.0,2649.800048828125,2621.699951171875,2634.89990234375,695,GC=F_continuous_yahoo,yfinance_yahoo_finance_GC=F_reference_only
2024-12-03T00:00:00Z,2639.0,2654.699951171875,2636.0,2644.699951171875,1062,GC=F_continuous_yahoo,yfinance_yahoo_finance_GC=F_reference_only
2024-12-04T00:00:00Z,2639.199951171875,2658.300048828125,2637.0,2653.800048828125,249,GC=F_continuous_yahoo,yfinance_yahoo_finance_GC=F_reference_only
2024-12-05T00:00:00Z,2652.39990234375,2655.0,2625.699951171875,2626.60009765625,573,GC=F_continuous_yahoo,yfinance_yahoo_finance_GC=F_reference_only
2024-12-06T00:00:00Z,2620.199951171875,2643.10009765625,2617.5,2638.60009765625,571,GC=F_continuous_yahoo,yfinance_yahoo_finance_GC=F_reference_only
2024-12-09T00:00:00Z,2632.10009765625,2677.10009765625,2630.800048828125,2664.89990234375,935,GC=F_continuous_yahoo,yfinance_yahoo_finance_GC=F_reference_only
2024-12-10T00:00:00Z,2662.300048828125,2698.199951171875,2661.0,2697.60009765625,437,GC=F_continuous_yahoo,yfinance_yahoo_finance_GC=F_reference_only
2024-12-11T00:00:00Z,2701.800048828125,2733.800048828125,2693.10009765625,2733.800048828125,3387,GC=F_continuous_yahoo,yfinance_yahoo_finance_GC=F_reference_only
2024-12-12T00:00:00Z,2725.10009765625,2725.10009765625,2677.39990234375,2687.5,2365,GC=F_continuous_yahoo,yfinance_yahoo_finance_GC=F_reference_only
2024-12-13T00:00:00Z,2688.199951171875,2689.300048828125,2647.89990234375,2656.0,1125,GC=F_continuous_yahoo,yfinance_yahoo_finance_GC=F_reference_only
2024-12-16T00:00:00Z,2658.300048828125,2663.300048828125,2651.0,2651.39990234375,877,GC=F_continuous_yahoo,yfinance_yahoo_finance_GC=F_reference_only
2024-12-17T00:00:00Z,2651.800048828125,2652.300048828125,2632.5,2644.39990234375,705,GC=F_continuous_yahoo,yfinance_yahoo_finance_GC=F_reference_only
2024-12-18T00:00:00Z,2644.300048828125,2647.10009765625,2590.199951171875,2636.5,566,GC=F_continuous_yahoo,yfinance_yahoo_finance_GC=F_reference_only
2024-12-19T00:00:00Z,2582.10009765625,2610.300048828125,2582.10009765625,2592.199951171875,238,GC=F_continuous_yahoo,yfinance_yahoo_finance_GC=F_reference_only
2024-12-20T00:00:00Z,2605.300048828125,2631.60009765625,2604.89990234375,2628.699951171875,592,GC=F_continuous_yahoo,yfinance_yahoo_finance_GC=F_reference_only
2024-12-23T00:00:00Z,2620.0,2627.699951171875,2611.10009765625,2612.300048828125,451,GC=F_continuous_yahoo,yfinance_yahoo_finance_GC=F_reference_only
2024-12-24T00:00:00Z,2613.0,2620.0,2609.5,2620.0,35,GC=F_continuous_yahoo,yfinance_yahoo_finance_GC=F_reference_only
2024-12-26T00:00:00Z,2628.5,2638.800048828125,2627.89990234375,2638.800048828125,84,GC=F_continuous_yahoo,yfinance_yahoo_finance_GC=F_reference_only
2024-12-27T00:00:00Z,2617.699951171875,2617.699951171875,2616.39990234375,2617.199951171875,642,GC=F_continuous_yahoo,yfinance_yahoo_finance_GC=F_reference_only
2024-12-30T00:00:00Z,2620.699951171875,2626.89990234375,2597.0,2606.10009765625,794,GC=F_continuous_yahoo,yfinance_yahoo_finance_GC=F_reference_only
2024-12-31T00:00:00Z,2608.39990234375,2629.199951171875,2604.89990234375,2629.199951171875,401,GC=F_continuous_yahoo,yfinance_yahoo_finance_GC=F_reference_only
2025-01-02T00:00:00Z,2633.0,2663.10009765625,2633.0,2658.89990234375,1728,GC=F_continuous_yahoo,yfinance_yahoo_finance_GC=F_reference_only
2025-01-03T00:00:00Z,2658.699951171875,2658.699951171875,2641.800048828125,2645.0,591,GC=F_continuous_yahoo,yfinance_yahoo_finance_GC=F_reference_only
2025-01-06T00:00:00Z,2645.5,2647.0,2617.300048828125,2638.39990234375,960,GC=F_continuous_yahoo,yfinance_yahoo_finance_GC=F_reference_only
2025-01-07T00:00:00Z,2653.39990234375,2657.5,2653.0,2656.699951171875,643,GC=F_continuous_yahoo,yfinance_yahoo_finance_GC=F_reference_only
2025-01-08T00:00:00Z,2655.5,2676.89990234375,2653.5,2664.5,999,GC=F_continuous_yahoo,yfinance_yahoo_finance_GC=F_reference_only
2025-01-09T00:00:00Z,2669.699951171875,2686.300048828125,2667.89990234375,2683.800048828125,1139,GC=F_continuous_yahoo,yfinance_yahoo_finance_GC=F_reference_only
2025-01-10T00:00:00Z,2686.10009765625,2720.10009765625,2683.699951171875,2708.5,403,GC=F_continuous_yahoo,yfinance_yahoo_finance_GC=F_reference_only
2025-01-13T00:00:00Z,2711.10009765625,2711.199951171875,2673.5,2673.5,765,GC=F_continuous_yahoo,yfinance_yahoo_finance_GC=F_reference_only
2025-01-14T00:00:00Z,2673.60009765625,2688.300048828125,2670.800048828125,2677.5,794,GC=F_continuous_yahoo,yfinance_yahoo_finance_GC=F_reference_only
2025-01-15T00:00:00Z,2690.800048828125,2712.5,2690.800048828125,2712.5,930,GC=F_continuous_yahoo,yfinance_yahoo_finance_GC=F_reference_only
2025-01-16T00:00:00Z,2731.699951171875,2749.800048828125,2731.699951171875,2746.39990234375,1721,GC=F_continuous_yahoo,yfinance_yahoo_finance_GC=F_reference_only
2025-01-17T00:00:00Z,2736.0,2751.60009765625,2725.5,2744.300048828125,1214,GC=F_continuous_yahoo,yfinance_yahoo_finance_GC=F_reference_only
2025-01-21T00:00:00Z,2746.0,2755.0,2724.800048828125,2755.0,1439,GC=F_continuous_yahoo,yfinance_yahoo_finance_GC=F_reference_only
2025-01-22T00:00:00Z,2754.5,2768.800048828125,2753.5,2767.60009765625,2079,GC=F_continuous_yahoo,yfinance_yahoo_finance_GC=F_reference_only
2025-01-23T00:00:00Z,2760.0,2765.0,2745.39990234375,2763.10009765625,2201,GC=F_continuous_yahoo,yfinance_yahoo_finance_GC=F_reference_only
2025-01-24T00:00:00Z,2759.800048828125,2792.0,2759.800048828125,2777.300048828125,1593,GC=F_continuous_yahoo,yfinance_yahoo_finance_GC=F_reference_only
2025-01-27T00:00:00Z,2761.10009765625,2762.199951171875,2737.5,2737.5,984,GC=F_continuous_yahoo,yfinance_yahoo_finance_GC=F_reference_only
2025-01-28T00:00:00Z,2738.0,2766.800048828125,2738.0,2766.800048828125,2307,GC=F_continuous_yahoo,yfinance_yahoo_finance_GC=F_reference_only
2025-01-29T00:00:00Z,2769.10009765625,2769.10009765625,2769.10009765625,2769.10009765625,125692,GC=F_continuous_yahoo,yfinance_yahoo_finance_GC=F_reference_only
2025-01-30T00:00:00Z,2772.5,2829.5,2770.0,2823.0,40141,GC=F_continuous_yahoo,yfinance_yahoo_finance_GC=F_reference_only
2025-01-31T00:00:00Z,2829.0,2838.0,2804.0,2812.5,3443,GC=F_continuous_yahoo,yfinance_yahoo_finance_GC=F_reference_only
2025-02-03T00:00:00Z,2818.199951171875,2848.39990234375,2780.89990234375,2833.89990234375,2649,GC=F_continuous_yahoo,yfinance_yahoo_finance_GC=F_reference_only
2025-02-04T00:00:00Z,2827.60009765625,2853.300048828125,2816.10009765625,2853.300048828125,2187,GC=F_continuous_yahoo,yfinance_yahoo_finance_GC=F_reference_only
2025-02-05T00:00:00Z,2850.0,2880.5,2848.0,2871.60009765625,4519,GC=F_continuous_yahoo,yfinance_yahoo_finance_GC=F_reference_only
2025-02-06T00:00:00Z,2865.199951171875,2871.699951171875,2836.300048828125,2856.0,3116,GC=F_continuous_yahoo,yfinance_yahoo_finance_GC=F_reference_only
2025-02-07T00:00:00Z,2859.89990234375,2889.5,2857.800048828125,2867.300048828125,1822,GC=F_continuous_yahoo,yfinance_yahoo_finance_GC=F_reference_only
2025-02-10T00:00:00Z,2864.199951171875,2916.10009765625,2863.800048828125,2914.300048828125,2237,GC=F_continuous_yahoo,yfinance_yahoo_finance_GC=F_reference_only
2025-02-11T00:00:00Z,2925.5,2945.39990234375,2890.0,2912.5,2554,GC=F_continuous_yahoo,yfinance_yahoo_finance_GC=F_reference_only
2025-02-12T00:00:00Z,2902.0,2912.300048828125,2868.60009765625,2909.0,2504,GC=F_continuous_yahoo,yfinance_yahoo_finance_GC=F_reference_only
2025-02-13T00:00:00Z,2911.300048828125,2937.699951171875,2910.60009765625,2925.89990234375,4670,GC=F_continuous_yahoo,yfinance_yahoo_finance_GC=F_reference_only
2025-02-14T00:00:00Z,2937.300048828125,2944.39990234375,2874.800048828125,2883.60009765625,1992,GC=F_continuous_yahoo,yfinance_yahoo_finance_GC=F_reference_only
2025-02-18T00:00:00Z,2879.199951171875,2936.39990234375,2873.800048828125,2931.60009765625,4010,GC=F_continuous_yahoo,yfinance_yahoo_finance_GC=F_reference_only
2025-02-19T00:00:00Z,2938.699951171875,2946.0,2917.10009765625,2919.39990234375,2630,GC=F_continuous_yahoo,yfinance_yahoo_finance_GC=F_reference_only
2025-02-20T00:00:00Z,2949.10009765625,2955.800048828125,2924.199951171875,2940.0,656,GC=F_continuous_yahoo,yfinance_yahoo_finance_GC=F_reference_only
2025-02-21T00:00:00Z,2938.800048828125,2940.0,2917.300048828125,2937.60009765625,570,GC=F_continuous_yahoo,yfinance_yahoo_finance_GC=F_reference_only
2025-02-24T00:00:00Z,2933.10009765625,2957.89990234375,2933.10009765625,2947.89990234375,415,GC=F_continuous_yahoo,yfinance_yahoo_finance_GC=F_reference_only
2025-02-25T00:00:00Z,2938.699951171875,2943.199951171875,2890.0,2904.5,1854,GC=F_continuous_yahoo,yfinance_yahoo_finance_GC=F_reference_only
2025-02-26T00:00:00Z,2913.5,2917.0,2913.0,2916.800048828125,2050,GC=F_continuous_yahoo,yfinance_yahoo_finance_GC=F_reference_only
2025-02-27T00:00:00Z,2918.5,2922.800048828125,2870.39990234375,2883.199951171875,3215,GC=F_continuous_yahoo,yfinance_yahoo_finance_GC=F_reference_only
2025-02-28T00:00:00Z,2877.10009765625,2877.10009765625,2834.10009765625,2836.800048828125,990,GC=F_continuous_yahoo,yfinance_yahoo_finance_GC=F_reference_only
2025-03-03T00:00:00Z,2872.699951171875,2891.800048828125,2863.39990234375,2890.199951171875,423,GC=F_continuous_yahoo,yfinance_yahoo_finance_GC=F_reference_only
2025-03-04T00:00:00Z,2886.10009765625,2927.89990234375,2886.10009765625,2909.60009765625,885,GC=F_continuous_yahoo,yfinance_yahoo_finance_GC=F_reference_only
2025-03-05T00:00:00Z,2916.699951171875,2922.0,2893.0,2915.300048828125,551,GC=F_continuous_yahoo,yfinance_yahoo_finance_GC=F_reference_only
2025-03-06T00:00:00Z,2904.0,2918.60009765625,2903.800048828125,2916.60009765625,870,GC=F_continuous_yahoo,yfinance_yahoo_finance_GC=F_reference_only
2025-03-07T00:00:00Z,2900.89990234375,2927.300048828125,2900.5,2904.699951171875,531,GC=F_continuous_yahoo,yfinance_yahoo_finance_GC=F_reference_only
2025-03-10T00:00:00Z,2910.10009765625,2915.10009765625,2880.199951171875,2891.0,55,GC=F_continuous_yahoo,yfinance_yahoo_finance_GC=F_reference_only
2025-03-11T00:00:00Z,2884.39990234375,2916.699951171875,2880.39990234375,2912.89990234375,197,GC=F_continuous_yahoo,yfinance_yahoo_finance_GC=F_reference_only
2025-03-12T00:00:00Z,2912.0,2939.10009765625,2910.0,2939.10009765625,213,GC=F_continuous_yahoo,yfinance_yahoo_finance_GC=F_reference_only
2025-03-13T00:00:00Z,2937.10009765625,2988.0,2935.199951171875,2984.300048828125,2366,GC=F_continuous_yahoo,yfinance_yahoo_finance_GC=F_reference_only
2025-03-14T00:00:00Z,2994.39990234375,3004.800048828125,2986.0,2994.5,1800,GC=F_continuous_yahoo,yfinance_yahoo_finance_GC=F_reference_only
2025-03-17T00:00:00Z,2991.0,3001.5,2989.0,3000.0,214,GC=F_continuous_yahoo,yfinance_yahoo_finance_GC=F_reference_only
2025-03-18T00:00:00Z,3006.39990234375,3039.199951171875,3004.39990234375,3035.10009765625,428,GC=F_continuous_yahoo,yfinance_yahoo_finance_GC=F_reference_only
2025-03-19T00:00:00Z,3035.199951171875,3050.89990234375,3030.89990234375,3035.89990234375,175,GC=F_continuous_yahoo,yfinance_yahoo_finance_GC=F_reference_only
2025-03-20T00:00:00Z,3047.300048828125,3047.300048828125,3034.39990234375,3040.0,185,GC=F_continuous_yahoo,yfinance_yahoo_finance_GC=F_reference_only
2025-03-21T00:00:00Z,3034.5,3037.5,3000.89990234375,3018.199951171875,151,GC=F_continuous_yahoo,yfinance_yahoo_finance_GC=F_reference_only
2025-03-24T00:00:00Z,3024.300048828125,3024.300048828125,3006.0,3013.10009765625,137,GC=F_continuous_yahoo,yfinance_yahoo_finance_GC=F_reference_only
2025-03-25T00:00:00Z,3026.39990234375,3028.800048828125,3023.699951171875,3023.699951171875,74,GC=F_continuous_yahoo,yfinance_yahoo_finance_GC=F_reference_only
2025-03-26T00:00:00Z,3033.199951171875,3033.199951171875,3019.5,3020.89990234375,83,GC=F_continuous_yahoo,yfinance_yahoo_finance_GC=F_reference_only
2025-03-27T00:00:00Z,3025.5,3065.0,3025.5,3060.199951171875,124359,GC=F_continuous_yahoo,yfinance_yahoo_finance_GC=F_reference_only
2025-03-28T00:00:00Z,3069.699951171875,3094.89990234375,3066.800048828125,3086.5,31206,GC=F_continuous_yahoo,yfinance_yahoo_finance_GC=F_reference_only
2025-03-31T00:00:00Z,3091.0,3132.5,3086.0,3122.800048828125,3438,GC=F_continuous_yahoo,yfinance_yahoo_finance_GC=F_reference_only
2025-04-01T00:00:00Z,3129.699951171875,3149.5,3104.0,3118.89990234375,1721,GC=F_continuous_yahoo,yfinance_yahoo_finance_GC=F_reference_only
2025-04-02T00:00:00Z,3120.699951171875,3168.60009765625,3117.39990234375,3139.89990234375,5946,GC=F_continuous_yahoo,yfinance_yahoo_finance_GC=F_reference_only
2025-04-03T00:00:00Z,3150.0,3166.89990234375,3052.0,3097.0,5516,GC=F_continuous_yahoo,yfinance_yahoo_finance_GC=F_reference_only
2025-04-04T00:00:00Z,3110.5,3127.699951171875,3011.0,3012.0,3247,GC=F_continuous_yahoo,yfinance_yahoo_finance_GC=F_reference_only
2025-04-07T00:00:00Z,3016.39990234375,3050.800048828125,2949.699951171875,2951.300048828125,4424,GC=F_continuous_yahoo,yfinance_yahoo_finance_GC=F_reference_only
2025-04-08T00:00:00Z,2994.0,3014.5,2968.39990234375,2968.39990234375,3213,GC=F_continuous_yahoo,yfinance_yahoo_finance_GC=F_reference_only
2025-04-09T00:00:00Z,2965.800048828125,3090.39990234375,2965.800048828125,3056.5,2175,GC=F_continuous_yahoo,yfinance_yahoo_finance_GC=F_reference_only
2025-04-10T00:00:00Z,3073.89990234375,3167.0,3072.10009765625,3155.199951171875,3456,GC=F_continuous_yahoo,yfinance_yahoo_finance_GC=F_reference_only
2025-04-11T00:00:00Z,3182.10009765625,3235.0,3182.10009765625,3222.199951171875,862,GC=F_continuous_yahoo,yfinance_yahoo_finance_GC=F_reference_only
2025-04-14T00:00:00Z,3215.5,3228.800048828125,3194.5,3204.800048828125,263,GC=F_continuous_yahoo,yfinance_yahoo_finance_GC=F_reference_only
2025-04-15T00:00:00Z,3216.0,3218.699951171875,3214.0,3218.699951171875,390,GC=F_continuous_yahoo,yfinance_yahoo_finance_GC=F_reference_only
2025-04-16T00:00:00Z,3238.300048828125,3334.89990234375,3238.300048828125,3326.60009765625,1874,GC=F_continuous_yahoo,yfinance_yahoo_finance_GC=F_reference_only
2025-04-17T00:00:00Z,3345.0,3345.0,3287.800048828125,3308.699951171875,824,GC=F_continuous_yahoo,yfinance_yahoo_finance_GC=F_reference_only
2025-04-21T00:00:00Z,3342.199951171875,3418.5,3342.199951171875,3406.199951171875,78,GC=F_continuous_yahoo,yfinance_yahoo_finance_GC=F_reference_only
2025-04-22T00:00:00Z,3422.199951171875,3485.60009765625,3361.699951171875,3400.800048828125,785,GC=F_continuous_yahoo,yfinance_yahoo_finance_GC=F_reference_only
2025-04-23T00:00:00Z,3321.199951171875,3370.300048828125,3256.199951171875,3276.300048828125,331,GC=F_continuous_yahoo,yfinance_yahoo_finance_GC=F_reference_only
2025-04-24T00:00:00Z,3305.39990234375,3353.89990234375,3304.89990234375,3332.0,560,GC=F_continuous_yahoo,yfinance_yahoo_finance_GC=F_reference_only
2025-04-25T00:00:00Z,3355.5,3355.5,3266.10009765625,3282.39990234375,162,GC=F_continuous_yahoo,yfinance_yahoo_finance_GC=F_reference_only
2025-04-28T00:00:00Z,3284.5,3332.5,3284.5,3332.5,1300,GC=F_continuous_yahoo,yfinance_yahoo_finance_GC=F_reference_only
2025-04-29T00:00:00Z,3340.0,3340.0,3299.89990234375,3318.800048828125,1278,GC=F_continuous_yahoo,yfinance_yahoo_finance_GC=F_reference_only
2025-04-30T00:00:00Z,3318.699951171875,3318.699951171875,3268.0,3305.0,207,GC=F_continuous_yahoo,yfinance_yahoo_finance_GC=F_reference_only
2025-05-01T00:00:00Z,3272.89990234375,3275.0,3198.60009765625,3210.0,2131,GC=F_continuous_yahoo,yfinance_yahoo_finance_GC=F_reference_only
2025-05-02T00:00:00Z,3239.89990234375,3257.0,3225.0,3231.89990234375,1349,GC=F_continuous_yahoo,yfinance_yahoo_finance_GC=F_reference_only
2025-05-05T00:00:00Z,3242.699951171875,3315.699951171875,3239.699951171875,3311.300048828125,244,GC=F_continuous_yahoo,yfinance_yahoo_finance_GC=F_reference_only
2025-05-06T00:00:00Z,3365.5,3430.89990234375,3356.800048828125,3411.39990234375,2357,GC=F_continuous_yahoo,yfinance_yahoo_finance_GC=F_reference_only
2025-05-07T00:00:00Z,3418.699951171875,3418.699951171875,3364.699951171875,3381.39990234375,1080,GC=F_continuous_yahoo,yfinance_yahoo_finance_GC=F_reference_only
2025-05-08T00:00:00Z,3390.0,3390.0,3288.699951171875,3296.60009765625,200,GC=F_continuous_yahoo,yfinance_yahoo_finance_GC=F_reference_only
2025-05-09T00:00:00Z,3299.0,3335.5,3299.0,3335.39990234375,216,GC=F_continuous_yahoo,yfinance_yahoo_finance_GC=F_reference_only
2025-05-12T00:00:00Z,3300.699951171875,3300.699951171875,3205.0,3220.0,886,GC=F_continuous_yahoo,yfinance_yahoo_finance_GC=F_reference_only
2025-05-13T00:00:00Z,3232.0,3251.39990234375,3223.5,3240.300048828125,2424,GC=F_continuous_yahoo,yfinance_yahoo_finance_GC=F_reference_only
2025-05-14T00:00:00Z,3233.0,3233.0,3171.699951171875,3181.39990234375,3518,GC=F_continuous_yahoo,yfinance_yahoo_finance_GC=F_reference_only
2025-05-15T00:00:00Z,3151.0,3228.10009765625,3125.0,3220.699951171875,652,GC=F_continuous_yahoo,yfinance_yahoo_finance_GC=F_reference_only
2025-05-16T00:00:00Z,3227.699951171875,3228.10009765625,3173.89990234375,3182.0,199,GC=F_continuous_yahoo,yfinance_yahoo_finance_GC=F_reference_only
2025-05-19T00:00:00Z,3234.39990234375,3241.0,3228.300048828125,3228.89990234375,266,GC=F_continuous_yahoo,yfinance_yahoo_finance_GC=F_reference_only
2025-05-20T00:00:00Z,3219.0,3293.199951171875,3207.5,3280.300048828125,356,GC=F_continuous_yahoo,yfinance_yahoo_finance_GC=F_reference_only
2025-05-21T00:00:00Z,3293.39990234375,3317.5,3290.199951171875,3309.300048828125,979,GC=F_continuous_yahoo,yfinance_yahoo_finance_GC=F_reference_only
2025-05-22T00:00:00Z,3327.300048828125,3328.0,3282.699951171875,3292.300048828125,1210,GC=F_continuous_yahoo,yfinance_yahoo_finance_GC=F_reference_only
2025-05-23T00:00:00Z,3328.0,3363.60009765625,3323.5,3363.60009765625,47,GC=F_continuous_yahoo,yfinance_yahoo_finance_GC=F_reference_only
2025-05-27T00:00:00Z,3332.5,3341.0,3296.300048828125,3299.10009765625,189,GC=F_continuous_yahoo,yfinance_yahoo_finance_GC=F_reference_only
2025-05-28T00:00:00Z,3293.60009765625,3293.60009765625,3293.60009765625,3293.60009765625,127758,GC=F_continuous_yahoo,yfinance_yahoo_finance_GC=F_reference_only
2025-05-29T00:00:00Z,3283.699951171875,3328.800048828125,3242.39990234375,3317.10009765625,24370,GC=F_continuous_yahoo,yfinance_yahoo_finance_GC=F_reference_only
2025-05-30T00:00:00Z,3315.10009765625,3318.0,3270.89990234375,3288.89990234375,2213,GC=F_continuous_yahoo,yfinance_yahoo_finance_GC=F_reference_only
2025-06-02T00:00:00Z,3296.89990234375,3380.800048828125,3296.89990234375,3370.60009765625,976,GC=F_continuous_yahoo,yfinance_yahoo_finance_GC=F_reference_only
2025-06-03T00:00:00Z,3385.10009765625,3390.0,3331.300048828125,3350.199951171875,6410,GC=F_continuous_yahoo,yfinance_yahoo_finance_GC=F_reference_only
2025-06-04T00:00:00Z,3355.0,3380.0,3344.0,3373.5,207,GC=F_continuous_yahoo,yfinance_yahoo_finance_GC=F_reference_only
2025-06-05T00:00:00Z,3371.5,3400.0,3343.699951171875,3350.699951171875,731,GC=F_continuous_yahoo,yfinance_yahoo_finance_GC=F_reference_only
2025-06-06T00:00:00Z,3364.300048828125,3364.300048828125,3306.0,3322.699951171875,81,GC=F_continuous_yahoo,yfinance_yahoo_finance_GC=F_reference_only
2025-06-09T00:00:00Z,3315.60009765625,3334.60009765625,3290.0,3332.10009765625,1887,GC=F_continuous_yahoo,yfinance_yahoo_finance_GC=F_reference_only
2025-06-10T00:00:00Z,3302.0,3344.300048828125,3302.0,3320.89990234375,65,GC=F_continuous_yahoo,yfinance_yahoo_finance_GC=F_reference_only
2025-06-11T00:00:00Z,3328.0,3356.0,3321.300048828125,3321.300048828125,2106,GC=F_continuous_yahoo,yfinance_yahoo_finance_GC=F_reference_only
2025-06-12T00:00:00Z,3363.0,3395.89990234375,3353.39990234375,3380.89990234375,1818,GC=F_continuous_yahoo,yfinance_yahoo_finance_GC=F_reference_only
2025-06-13T00:00:00Z,3407.300048828125,3444.0,3407.300048828125,3431.199951171875,499,GC=F_continuous_yahoo,yfinance_yahoo_finance_GC=F_reference_only
2025-06-16T00:00:00Z,3442.0,3442.0,3385.39990234375,3396.39990234375,480,GC=F_continuous_yahoo,yfinance_yahoo_finance_GC=F_reference_only
2025-06-17T00:00:00Z,3398.300048828125,3398.300048828125,3376.10009765625,3386.60009765625,1477,GC=F_continuous_yahoo,yfinance_yahoo_finance_GC=F_reference_only
2025-06-18T00:00:00Z,3385.300048828125,3391.89990234375,3365.10009765625,3389.800048828125,0,GC=F_continuous_yahoo,yfinance_yahoo_finance_GC=F_reference_only
2025-06-20T00:00:00Z,3350.0,3372.89990234375,3341.0,3368.10009765625,709,GC=F_continuous_yahoo,yfinance_yahoo_finance_GC=F_reference_only
2025-06-23T00:00:00Z,3365.89990234375,3387.89990234375,3350.0,3377.699951171875,30,GC=F_continuous_yahoo,yfinance_yahoo_finance_GC=F_reference_only
2025-06-24T00:00:00Z,3358.0,3358.0,3301.0,3317.39990234375,538,GC=F_continuous_yahoo,yfinance_yahoo_finance_GC=F_reference_only
2025-06-25T00:00:00Z,3321.60009765625,3331.199951171875,3310.60009765625,3327.10009765625,373,GC=F_continuous_yahoo,yfinance_yahoo_finance_GC=F_reference_only
2025-06-26T00:00:00Z,3332.39990234375,3333.5,3332.39990234375,3333.5,2058,GC=F_continuous_yahoo,yfinance_yahoo_finance_GC=F_reference_only
2025-06-27T00:00:00Z,3318.699951171875,3318.699951171875,3253.800048828125,3273.699951171875,284,GC=F_continuous_yahoo,yfinance_yahoo_finance_GC=F_reference_only
2025-06-30T00:00:00Z,3265.89990234375,3306.89990234375,3262.0,3294.39990234375,1242,GC=F_continuous_yahoo,yfinance_yahoo_finance_GC=F_reference_only
2025-07-01T00:00:00Z,3310.10009765625,3354.10009765625,3310.10009765625,3336.699951171875,371,GC=F_continuous_yahoo,yfinance_yahoo_finance_GC=F_reference_only
2025-07-02T00:00:00Z,3329.0,3357.5,3329.0,3348.0,39,GC=F_continuous_yahoo,yfinance_yahoo_finance_GC=F_reference_only
2025-07-03T00:00:00Z,3362.0,3362.0,3322.300048828125,3331.60009765625,0,GC=F_continuous_yahoo,yfinance_yahoo_finance_GC=F_reference_only
2025-07-04T00:00:00Z,3342.0,3342.0,3332.5,3332.5,0,GC=F_continuous_yahoo,yfinance_yahoo_finance_GC=F_reference_only
2025-07-07T00:00:00Z,3305.5,3333.300048828125,3299.199951171875,3332.199951171875,254,GC=F_continuous_yahoo,yfinance_yahoo_finance_GC=F_reference_only
2025-07-08T00:00:00Z,3330.39990234375,3334.5,3287.60009765625,3307.0,909,GC=F_continuous_yahoo,yfinance_yahoo_finance_GC=F_reference_only
2025-07-09T00:00:00Z,3289.39990234375,3314.0,3282.0,3311.60009765625,114,GC=F_continuous_yahoo,yfinance_yahoo_finance_GC=F_reference_only
2025-07-10T00:00:00Z,3323.60009765625,3330.5,3311.60009765625,3317.39990234375,209,GC=F_continuous_yahoo,yfinance_yahoo_finance_GC=F_reference_only
2025-07-11T00:00:00Z,3330.5,3370.0,3330.5,3356.0,776,GC=F_continuous_yahoo,yfinance_yahoo_finance_GC=F_reference_only
2025-07-14T00:00:00Z,3367.0,3375.5,3350.0,3351.5,583,GC=F_continuous_yahoo,yfinance_yahoo_finance_GC=F_reference_only
2025-07-15T00:00:00Z,3341.0,3341.0,3329.800048828125,3329.800048828125,210,GC=F_continuous_yahoo,yfinance_yahoo_finance_GC=F_reference_only
2025-07-16T00:00:00Z,3341.199951171875,3352.89990234375,3329.5,3352.5,10,GC=F_continuous_yahoo,yfinance_yahoo_finance_GC=F_reference_only
2025-07-17T00:00:00Z,3313.800048828125,3340.800048828125,3313.800048828125,3340.10009765625,667,GC=F_continuous_yahoo,yfinance_yahoo_finance_GC=F_reference_only
2025-07-18T00:00:00Z,3338.199951171875,3353.0,3338.199951171875,3353.0,602,GC=F_continuous_yahoo,yfinance_yahoo_finance_GC=F_reference_only
2025-07-21T00:00:00Z,3350.300048828125,3411.699951171875,3350.300048828125,3401.89990234375,53,GC=F_continuous_yahoo,yfinance_yahoo_finance_GC=F_reference_only
2025-07-22T00:00:00Z,3411.0,3441.0,3395.60009765625,3439.199951171875,39,GC=F_continuous_yahoo,yfinance_yahoo_finance_GC=F_reference_only
2025-07-23T00:00:00Z,3430.300048828125,3433.89990234375,3388.10009765625,3394.10009765625,63,GC=F_continuous_yahoo,yfinance_yahoo_finance_GC=F_reference_only
2025-07-24T00:00:00Z,3367.0,3371.0,3367.0,3371.0,1175,GC=F_continuous_yahoo,yfinance_yahoo_finance_GC=F_reference_only
2025-07-25T00:00:00Z,3344.0,3345.0,3326.5,3334.0,67,GC=F_continuous_yahoo,yfinance_yahoo_finance_GC=F_reference_only
2025-07-28T00:00:00Z,3326.60009765625,3326.800048828125,3309.10009765625,3309.10009765625,533,GC=F_continuous_yahoo,yfinance_yahoo_finance_GC=F_reference_only
2025-07-29T00:00:00Z,3323.39990234375,3323.39990234375,3323.39990234375,3323.39990234375,113144,GC=F_continuous_yahoo,yfinance_yahoo_finance_GC=F_reference_only
2025-07-30T00:00:00Z,3325.800048828125,3331.800048828125,3263.89990234375,3295.800048828125,19252,GC=F_continuous_yahoo,yfinance_yahoo_finance_GC=F_reference_only
2025-07-31T00:00:00Z,3272.89990234375,3312.0,3272.89990234375,3293.199951171875,3704,GC=F_continuous_yahoo,yfinance_yahoo_finance_GC=F_reference_only
2025-08-01T00:00:00Z,3286.199951171875,3360.60009765625,3281.0,3347.699951171875,3420,GC=F_continuous_yahoo,yfinance_yahoo_finance_GC=F_reference_only
2025-08-04T00:00:00Z,3367.60009765625,3386.5,3347.39990234375,3374.39990234375,351,GC=F_continuous_yahoo,yfinance_yahoo_finance_GC=F_reference_only
2025-08-05T00:00:00Z,3378.5,3387.199951171875,3351.199951171875,3381.89990234375,915,GC=F_continuous_yahoo,yfinance_yahoo_finance_GC=F_reference_only
2025-08-06T00:00:00Z,3380.699951171875,3383.300048828125,3361.300048828125,3380.0,1492,GC=F_continuous_yahoo,yfinance_yahoo_finance_GC=F_reference_only
2025-08-07T00:00:00Z,3384.89990234375,3422.89990234375,3384.89990234375,3400.300048828125,5464,GC=F_continuous_yahoo,yfinance_yahoo_finance_GC=F_reference_only
2025-08-08T00:00:00Z,3438.800048828125,3477.0,3402.5,3439.10009765625,7657,GC=F_continuous_yahoo,yfinance_yahoo_finance_GC=F_reference_only
2025-08-11T00:00:00Z,3383.89990234375,3383.89990234375,3349.199951171875,3353.10009765625,1488,GC=F_continuous_yahoo,yfinance_yahoo_finance_GC=F_reference_only
2025-08-12T00:00:00Z,3356.199951171875,3356.199951171875,3330.10009765625,3348.89990234375,1611,GC=F_continuous_yahoo,yfinance_yahoo_finance_GC=F_reference_only
2025-08-13T00:00:00Z,3358.800048828125,3363.39990234375,3358.699951171875,3358.699951171875,1011,GC=F_continuous_yahoo,yfinance_yahoo_finance_GC=F_reference_only
2025-08-14T00:00:00Z,3346.800048828125,3356.0,3328.89990234375,3335.199951171875,592,GC=F_continuous_yahoo,yfinance_yahoo_finance_GC=F_reference_only
2025-08-15T00:00:00Z,3346.800048828125,3346.800048828125,3335.89990234375,3336.0,1185,GC=F_continuous_yahoo,yfinance_yahoo_finance_GC=F_reference_only
2025-08-18T00:00:00Z,3333.5,3347.800048828125,3331.699951171875,3331.699951171875,646,GC=F_continuous_yahoo,yfinance_yahoo_finance_GC=F_reference_only
2025-08-19T00:00:00Z,3330.199951171875,3343.5,3313.39990234375,3313.39990234375,1655,GC=F_continuous_yahoo,yfinance_yahoo_finance_GC=F_reference_only
2025-08-20T00:00:00Z,3310.60009765625,3343.5,3310.10009765625,3343.39990234375,1213,GC=F_continuous_yahoo,yfinance_yahoo_finance_GC=F_reference_only
2025-08-21T00:00:00Z,3349.39990234375,3349.39990234375,3326.5,3336.89990234375,142,GC=F_continuous_yahoo,yfinance_yahoo_finance_GC=F_reference_only
2025-08-22T00:00:00Z,3349.39990234375,3377.699951171875,3349.39990234375,3374.39990234375,1240,GC=F_continuous_yahoo,yfinance_yahoo_finance_GC=F_reference_only
2025-08-25T00:00:00Z,3366.0,3378.0,3366.0,3373.800048828125,1044,GC=F_continuous_yahoo,yfinance_yahoo_finance_GC=F_reference_only
2025-08-26T00:00:00Z,3378.89990234375,3396.5,3371.10009765625,3388.60009765625,905,GC=F_continuous_yahoo,yfinance_yahoo_finance_GC=F_reference_only
2025-08-27T00:00:00Z,3397.0,3404.60009765625,3382.0,3404.60009765625,3222,GC=F_continuous_yahoo,yfinance_yahoo_finance_GC=F_reference_only
2025-08-28T00:00:00Z,3409.0,3434.60009765625,3400.0,3431.800048828125,1035,GC=F_continuous_yahoo,yfinance_yahoo_finance_GC=F_reference_only
2025-08-29T00:00:00Z,3432.5,3475.60009765625,3426.60009765625,3473.699951171875,0,GC=F_continuous_yahoo,yfinance_yahoo_finance_GC=F_reference_only
2025-09-02T00:00:00Z,3485.699951171875,3559.199951171875,3485.699951171875,3549.39990234375,658,GC=F_continuous_yahoo,yfinance_yahoo_finance_GC=F_reference_only
2025-09-03T00:00:00Z,3554.800048828125,3593.699951171875,3553.199951171875,3593.199951171875,72,GC=F_continuous_yahoo,yfinance_yahoo_finance_GC=F_reference_only
2025-09-04T00:00:00Z,3549.89990234375,3573.60009765625,3549.89990234375,3565.800048828125,237,GC=F_continuous_yahoo,yfinance_yahoo_finance_GC=F_reference_only
2025-09-05T00:00:00Z,3567.800048828125,3613.199951171875,3567.800048828125,3613.199951171875,925,GC=F_continuous_yahoo,yfinance_yahoo_finance_GC=F_reference_only
2025-09-08T00:00:00Z,3594.5,3641.0,3590.0,3638.10009765625,97,GC=F_continuous_yahoo,yfinance_yahoo_finance_GC=F_reference_only
2025-09-09T00:00:00Z,3647.10009765625,3670.39990234375,3627.800048828125,3643.300048828125,535,GC=F_continuous_yahoo,yfinance_yahoo_finance_GC=F_reference_only
2025-09-10T00:00:00Z,3625.0,3655.39990234375,3620.800048828125,3643.60009765625,136,GC=F_continuous_yahoo,yfinance_yahoo_finance_GC=F_reference_only
2025-09-11T00:00:00Z,3632.89990234375,3636.89990234375,3618.39990234375,3636.89990234375,307,GC=F_continuous_yahoo,yfinance_yahoo_finance_GC=F_reference_only
2025-09-12T00:00:00Z,3655.5,3656.800048828125,3643.0,3649.39990234375,1300,GC=F_continuous_yahoo,yfinance_yahoo_finance_GC=F_reference_only
2025-09-15T00:00:00Z,3640.0,3686.39990234375,3635.10009765625,3682.199951171875,210,GC=F_continuous_yahoo,yfinance_yahoo_finance_GC=F_reference_only
2025-09-16T00:00:00Z,3681.39990234375,3698.60009765625,3681.39990234375,3688.89990234375,373,GC=F_continuous_yahoo,yfinance_yahoo_finance_GC=F_reference_only
2025-09-17T00:00:00Z,3669.0,3685.199951171875,3661.60009765625,3681.800048828125,183,GC=F_continuous_yahoo,yfinance_yahoo_finance_GC=F_reference_only
2025-09-18T00:00:00Z,3654.60009765625,3667.39990234375,3637.0,3643.699951171875,80,GC=F_continuous_yahoo,yfinance_yahoo_finance_GC=F_reference_only
2025-09-19T00:00:00Z,3659.0,3685.89990234375,3658.199951171875,3671.5,211,GC=F_continuous_yahoo,yfinance_yahoo_finance_GC=F_reference_only
2025-09-22T00:00:00Z,3688.199951171875,3748.199951171875,3688.0,3740.699951171875,410,GC=F_continuous_yahoo,yfinance_yahoo_finance_GC=F_reference_only
2025-09-23T00:00:00Z,3747.0,3786.0,3740.0,3780.60009765625,627,GC=F_continuous_yahoo,yfinance_yahoo_finance_GC=F_reference_only
2025-09-24T00:00:00Z,3769.800048828125,3772.5,3732.10009765625,3732.10009765625,588,GC=F_continuous_yahoo,yfinance_yahoo_finance_GC=F_reference_only
2025-09-25T00:00:00Z,3742.800048828125,3756.0,3724.699951171875,3736.89990234375,1899,GC=F_continuous_yahoo,yfinance_yahoo_finance_GC=F_reference_only
2025-09-26T00:00:00Z,3775.300048828125,3775.300048828125,3775.300048828125,3775.300048828125,19308,GC=F_continuous_yahoo,yfinance_yahoo_finance_GC=F_reference_only
2025-09-29T00:00:00Z,3754.800048828125,3827.60009765625,3754.800048828125,3820.89990234375,8860,GC=F_continuous_yahoo,yfinance_yahoo_finance_GC=F_reference_only
2025-09-30T00:00:00Z,3827.5,3865.5,3793.39990234375,3840.800048828125,1611,GC=F_continuous_yahoo,yfinance_yahoo_finance_GC=F_reference_only
2025-10-01T00:00:00Z,3863.5,3891.89990234375,3853.300048828125,3867.5,1778,GC=F_continuous_yahoo,yfinance_yahoo_finance_GC=F_reference_only
2025-10-02T00:00:00Z,3856.199951171875,3888.60009765625,3823.699951171875,3839.699951171875,3418,GC=F_continuous_yahoo,yfinance_yahoo_finance_GC=F_reference_only
2025-10-03T00:00:00Z,3855.199951171875,3886.800048828125,3853.699951171875,3880.800048828125,392,GC=F_continuous_yahoo,yfinance_yahoo_finance_GC=F_reference_only
2025-10-06T00:00:00Z,3931.300048828125,3960.0,3926.800048828125,3948.5,1267,GC=F_continuous_yahoo,yfinance_yahoo_finance_GC=F_reference_only
2025-10-07T00:00:00Z,3959.39990234375,3981.5,3940.0,3976.60009765625,2903,GC=F_continuous_yahoo,yfinance_yahoo_finance_GC=F_reference_only
2025-10-08T00:00:00Z,3987.199951171875,4049.199951171875,3987.199951171875,4043.300048828125,2179,GC=F_continuous_yahoo,yfinance_yahoo_finance_GC=F_reference_only
2025-10-09T00:00:00Z,4011.199951171875,4046.199951171875,3940.0,3946.300048828125,3130,GC=F_continuous_yahoo,yfinance_yahoo_finance_GC=F_reference_only
2025-10-10T00:00:00Z,3957.0,4012.0,3945.5,3975.89990234375,1697,GC=F_continuous_yahoo,yfinance_yahoo_finance_GC=F_reference_only
2025-10-13T00:00:00Z,4016.0,4111.0,4016.0,4108.60009765625,1697,GC=F_continuous_yahoo,yfinance_yahoo_finance_GC=F_reference_only
2025-10-14T00:00:00Z,4131.7001953125,4160.10009765625,4085.800048828125,4138.7001953125,2424,GC=F_continuous_yahoo,yfinance_yahoo_finance_GC=F_reference_only
2025-10-15T00:00:00Z,4145.0,4210.60009765625,4145.0,4176.89990234375,3287,GC=F_continuous_yahoo,yfinance_yahoo_finance_GC=F_reference_only
2025-10-16T00:00:00Z,4198.7998046875,4307.0,4196.60009765625,4280.2001953125,4705,GC=F_continuous_yahoo,yfinance_yahoo_finance_GC=F_reference_only
2025-10-17T00:00:00Z,4354.7001953125,4358.0,4182.2001953125,4189.89990234375,4060,GC=F_continuous_yahoo,yfinance_yahoo_finance_GC=F_reference_only
2025-10-20T00:00:00Z,4244.10009765625,4356.60009765625,4214.60009765625,4336.39990234375,1750,GC=F_continuous_yahoo,yfinance_yahoo_finance_GC=F_reference_only
2025-10-21T00:00:00Z,4332.7001953125,4332.7001953125,4087.699951171875,4087.699951171875,2943,GC=F_continuous_yahoo,yfinance_yahoo_finance_GC=F_reference_only
2025-10-22T00:00:00Z,4109.7001953125,4148.5,4006.0,4044.39990234375,1237,GC=F_continuous_yahoo,yfinance_yahoo_finance_GC=F_reference_only
2025-10-23T00:00:00Z,4078.39990234375,4136.7998046875,4070.699951171875,4125.5,354,GC=F_continuous_yahoo,yfinance_yahoo_finance_GC=F_reference_only
2025-10-24T00:00:00Z,4117.5,4120.60009765625,4074.89990234375,4118.39990234375,123,GC=F_continuous_yahoo,yfinance_yahoo_finance_GC=F_reference_only
2025-10-27T00:00:00Z,4060.0,4078.60009765625,3971.300048828125,4001.89990234375,220,GC=F_continuous_yahoo,yfinance_yahoo_finance_GC=F_reference_only
2025-10-28T00:00:00Z,3929.699951171875,3966.199951171875,3923.60009765625,3966.199951171875,219,GC=F_continuous_yahoo,yfinance_yahoo_finance_GC=F_reference_only
2025-10-29T00:00:00Z,3983.699951171875,3983.699951171875,3983.699951171875,3983.699951171875,1344,GC=F_continuous_yahoo,yfinance_yahoo_finance_GC=F_reference_only
2025-10-30T00:00:00Z,3960.0,4027.199951171875,3913.699951171875,4001.300048828125,935,GC=F_continuous_yahoo,yfinance_yahoo_finance_GC=F_reference_only
2025-10-31T00:00:00Z,4034.5,4034.5,3976.60009765625,3982.199951171875,559,GC=F_continuous_yahoo,yfinance_yahoo_finance_GC=F_reference_only
2025-11-03T00:00:00Z,3976.199951171875,4020.0,3959.0,4000.300048828125,0,GC=F_continuous_yahoo,yfinance_yahoo_finance_GC=F_reference_only
2025-11-04T00:00:00Z,3994.199951171875,3995.39990234375,3927.39990234375,3947.699951171875,657,GC=F_continuous_yahoo,yfinance_yahoo_finance_GC=F_reference_only
2025-11-05T00:00:00Z,3929.89990234375,3983.5,3929.89990234375,3980.300048828125,559,GC=F_continuous_yahoo,yfinance_yahoo_finance_GC=F_reference_only
2025-11-06T00:00:00Z,4004.0,4007.5,3979.89990234375,3979.89990234375,650,GC=F_continuous_yahoo,yfinance_yahoo_finance_GC=F_reference_only
2025-11-07T00:00:00Z,3980.800048828125,3999.39990234375,3980.800048828125,3999.39990234375,245,GC=F_continuous_yahoo,yfinance_yahoo_finance_GC=F_reference_only
2025-11-10T00:00:00Z,4060.0,4111.7998046875,4060.0,4111.7998046875,189,GC=F_continuous_yahoo,yfinance_yahoo_finance_GC=F_reference_only
2025-11-11T00:00:00Z,4140.10009765625,4140.10009765625,4106.7998046875,4106.7998046875,569,GC=F_continuous_yahoo,yfinance_yahoo_finance_GC=F_reference_only
2025-11-12T00:00:00Z,4115.60009765625,4204.39990234375,4102.89990234375,4204.39990234375,396,GC=F_continuous_yahoo,yfinance_yahoo_finance_GC=F_reference_only
2025-11-13T00:00:00Z,4228.7001953125,4228.7001953125,4163.7001953125,4186.89990234375,167,GC=F_continuous_yahoo,yfinance_yahoo_finance_GC=F_reference_only
2025-11-14T00:00:00Z,4197.7001953125,4197.89990234375,4047.0,4087.60009765625,483,GC=F_continuous_yahoo,yfinance_yahoo_finance_GC=F_reference_only
2025-11-17T00:00:00Z,4070.0,4099.5,4019.39990234375,4068.300048828125,1552,GC=F_continuous_yahoo,yfinance_yahoo_finance_GC=F_reference_only
2025-11-18T00:00:00Z,4037.39990234375,4063.39990234375,4035.60009765625,4061.300048828125,1375,GC=F_continuous_yahoo,yfinance_yahoo_finance_GC=F_reference_only
2025-11-19T00:00:00Z,4086.10009765625,4122.7001953125,4072.0,4077.699951171875,486,GC=F_continuous_yahoo,yfinance_yahoo_finance_GC=F_reference_only
2025-11-20T00:00:00Z,4045.0,4090.39990234375,4040.199951171875,4056.5,202,GC=F_continuous_yahoo,yfinance_yahoo_finance_GC=F_reference_only
2025-11-21T00:00:00Z,4031.800048828125,4085.199951171875,4031.800048828125,4076.699951171875,171,GC=F_continuous_yahoo,yfinance_yahoo_finance_GC=F_reference_only
2025-11-24T00:00:00Z,4060.5,4091.89990234375,4060.5,4091.89990234375,591,GC=F_continuous_yahoo,yfinance_yahoo_finance_GC=F_reference_only
2025-11-25T00:00:00Z,4139.2001953125,4139.2001953125,4139.2001953125,4139.2001953125,132704,GC=F_continuous_yahoo,yfinance_yahoo_finance_GC=F_reference_only
2025-11-26T00:00:00Z,4128.60009765625,4171.0,4127.5,4165.2001953125,25088,GC=F_continuous_yahoo,yfinance_yahoo_finance_GC=F_reference_only
2025-11-28T00:00:00Z,4163.39990234375,4223.89990234375,4140.0,4218.2998046875,3615,GC=F_continuous_yahoo,yfinance_yahoo_finance_GC=F_reference_only
2025-12-01T00:00:00Z,4218.5,4262.10009765625,4214.89990234375,4239.2998046875,913,GC=F_continuous_yahoo,yfinance_yahoo_finance_GC=F_reference_only
2025-12-02T00:00:00Z,4230.5,4230.5,4167.0,4186.60009765625,366,GC=F_continuous_yahoo,yfinance_yahoo_finance_GC=F_reference_only
2025-12-03T00:00:00Z,4215.7001953125,4234.10009765625,4195.7001953125,4199.2998046875,1897,GC=F_continuous_yahoo,yfinance_yahoo_finance_GC=F_reference_only
2025-12-04T00:00:00Z,4211.0,4211.7998046875,4175.0,4211.7998046875,616,GC=F_continuous_yahoo,yfinance_yahoo_finance_GC=F_reference_only
2025-12-05T00:00:00Z,4204.10009765625,4255.7001953125,4194.5,4212.89990234375,533,GC=F_continuous_yahoo,yfinance_yahoo_finance_GC=F_reference_only
2025-12-08T00:00:00Z,4205.5,4215.7998046875,4175.5,4187.2001953125,318,GC=F_continuous_yahoo,yfinance_yahoo_finance_GC=F_reference_only
2025-12-09T00:00:00Z,4190.7001953125,4219.7001953125,4177.7001953125,4206.7001953125,660,GC=F_continuous_yahoo,yfinance_yahoo_finance_GC=F_reference_only
2025-12-10T00:00:00Z,4209.0,4234.5,4183.60009765625,4196.39990234375,692,GC=F_continuous_yahoo,yfinance_yahoo_finance_GC=F_reference_only
2025-12-11T00:00:00Z,4224.0,4286.89990234375,4214.2998046875,4285.5,528,GC=F_continuous_yahoo,yfinance_yahoo_finance_GC=F_reference_only
2025-12-12T00:00:00Z,4276.39990234375,4355.0,4260.0,4300.10009765625,1531,GC=F_continuous_yahoo,yfinance_yahoo_finance_GC=F_reference_only
2025-12-15T00:00:00Z,4308.2998046875,4349.2001953125,4292.89990234375,4306.7001953125,854,GC=F_continuous_yahoo,yfinance_yahoo_finance_GC=F_reference_only
2025-12-16T00:00:00Z,4270.5,4321.39990234375,4270.5,4304.5,1796,GC=F_continuous_yahoo,yfinance_yahoo_finance_GC=F_reference_only
2025-12-17T00:00:00Z,4308.5,4351.39990234375,4308.5,4347.5,2169,GC=F_continuous_yahoo,yfinance_yahoo_finance_GC=F_reference_only
2025-12-18T00:00:00Z,4331.0,4348.10009765625,4328.2001953125,4339.5,705,GC=F_continuous_yahoo,yfinance_yahoo_finance_GC=F_reference_only
2025-12-19T00:00:00Z,4350.10009765625,4361.39990234375,4350.10009765625,4361.39990234375,1065,GC=F_continuous_yahoo,yfinance_yahoo_finance_GC=F_reference_only
2025-12-22T00:00:00Z,4371.10009765625,4447.60009765625,4371.10009765625,4444.60009765625,449,GC=F_continuous_yahoo,yfinance_yahoo_finance_GC=F_reference_only
2025-12-23T00:00:00Z,4503.2998046875,4503.7998046875,4450.39990234375,4482.7998046875,694,GC=F_continuous_yahoo,yfinance_yahoo_finance_GC=F_reference_only
2025-12-24T00:00:00Z,4500.7001953125,4503.39990234375,4468.39990234375,4480.60009765625,500,GC=F_continuous_yahoo,yfinance_yahoo_finance_GC=F_reference_only
2025-12-26T00:00:00Z,4512.0,4556.2998046875,4502.0,4529.10009765625,263,GC=F_continuous_yahoo,yfinance_yahoo_finance_GC=F_reference_only
2025-12-29T00:00:00Z,4371.5,4379.0,4325.10009765625,4325.10009765625,2044,GC=F_continuous_yahoo,yfinance_yahoo_finance_GC=F_reference_only
2025-12-30T00:00:00Z,4346.39990234375,4403.60009765625,4338.0,4370.10009765625,1837,GC=F_continuous_yahoo,yfinance_yahoo_finance_GC=F_reference_only
2025-12-31T00:00:00Z,4333.5,4363.7998046875,4285.0,4325.60009765625,785,GC=F_continuous_yahoo,yfinance_yahoo_finance_GC=F_reference_only
2026-01-02T00:00:00Z,4350.60009765625,4350.60009765625,4314.39990234375,4314.39990234375,589,GC=F_continuous_yahoo,yfinance_yahoo_finance_GC=F_reference_only
2026-01-05T00:00:00Z,4386.7001953125,4443.5,4384.7998046875,4436.89990234375,618,GC=F_continuous_yahoo,yfinance_yahoo_finance_GC=F_reference_only
2026-01-06T00:00:00Z,4449.7001953125,4482.2001953125,4449.0,4482.2001953125,459,GC=F_continuous_yahoo,yfinance_yahoo_finance_GC=F_reference_only
2026-01-07T00:00:00Z,4450.0,4450.0,4449.2998046875,4449.2998046875,972,GC=F_continuous_yahoo,yfinance_yahoo_finance_GC=F_reference_only
2026-01-08T00:00:00Z,4460.2001953125,4461.2998046875,4418.0,4449.7001953125,2423,GC=F_continuous_yahoo,yfinance_yahoo_finance_GC=F_reference_only
2026-01-09T00:00:00Z,4473.0,4490.2998046875,4473.0,4490.2998046875,237,GC=F_continuous_yahoo,yfinance_yahoo_finance_GC=F_reference_only
2026-01-12T00:00:00Z,4579.10009765625,4620.0,4577.7998046875,4604.2998046875,156,GC=F_continuous_yahoo,yfinance_yahoo_finance_GC=F_reference_only
2026-01-13T00:00:00Z,4578.60009765625,4617.10009765625,4578.60009765625,4589.2001953125,239,GC=F_continuous_yahoo,yfinance_yahoo_finance_GC=F_reference_only
2026-01-14T00:00:00Z,4610.2998046875,4635.0,4608.2001953125,4626.2998046875,1313,GC=F_continuous_yahoo,yfinance_yahoo_finance_GC=F_reference_only
2026-01-15T00:00:00Z,4612.89990234375,4616.2998046875,4612.89990234375,4616.2998046875,4358,GC=F_continuous_yahoo,yfinance_yahoo_finance_GC=F_reference_only
2026-01-16T00:00:00Z,4608.0,4608.0,4588.39990234375,4588.39990234375,352,GC=F_continuous_yahoo,yfinance_yahoo_finance_GC=F_reference_only
2026-01-20T00:00:00Z,4662.2001953125,4764.0,4661.7998046875,4759.60009765625,175,GC=F_continuous_yahoo,yfinance_yahoo_finance_GC=F_reference_only
2026-01-21T00:00:00Z,4863.5,4872.2998046875,4771.5,4831.7998046875,1706,GC=F_continuous_yahoo,yfinance_yahoo_finance_GC=F_reference_only
2026-01-22T00:00:00Z,4791.89990234375,4908.7998046875,4791.89990234375,4908.7998046875,1175,GC=F_continuous_yahoo,yfinance_yahoo_finance_GC=F_reference_only
2026-01-23T00:00:00Z,4949.60009765625,4976.2001953125,4936.0,4976.2001953125,169,GC=F_continuous_yahoo,yfinance_yahoo_finance_GC=F_reference_only
2026-01-26T00:00:00Z,5081.5,5095.60009765625,5052.2001953125,5079.7001953125,180,GC=F_continuous_yahoo,yfinance_yahoo_finance_GC=F_reference_only
2026-01-27T00:00:00Z,5079.89990234375,5079.89990234375,5079.89990234375,5079.89990234375,34,GC=F_continuous_yahoo,yfinance_yahoo_finance_GC=F_reference_only
2026-01-28T00:00:00Z,5301.60009765625,5301.60009765625,5301.60009765625,5301.60009765625,112054,GC=F_continuous_yahoo,yfinance_yahoo_finance_GC=F_reference_only
2026-01-29T00:00:00Z,5415.7001953125,5586.2001953125,5097.5,5318.39990234375,23709,GC=F_continuous_yahoo,yfinance_yahoo_finance_GC=F_reference_only
2026-01-30T00:00:00Z,5376.39990234375,5440.5,4700.0,4713.89990234375,8374,GC=F_continuous_yahoo,yfinance_yahoo_finance_GC=F_reference_only
2026-02-02T00:00:00Z,4807.7001953125,4855.7998046875,4400.0,4622.5,3588,GC=F_continuous_yahoo,yfinance_yahoo_finance_GC=F_reference_only
2026-02-03T00:00:00Z,4680.0,4984.60009765625,4674.2998046875,4903.7001953125,1213,GC=F_continuous_yahoo,yfinance_yahoo_finance_GC=F_reference_only
2026-02-04T00:00:00Z,4923.2998046875,5082.2001953125,4897.89990234375,4920.39990234375,3886,GC=F_continuous_yahoo,yfinance_yahoo_finance_GC=F_reference_only
2026-02-05T00:00:00Z,5008.7001953125,5012.2998046875,4786.0,4861.39990234375,793,GC=F_continuous_yahoo,yfinance_yahoo_finance_GC=F_reference_only
2026-02-06T00:00:00Z,4762.0,4958.5,4655.0,4951.2001953125,1386,GC=F_continuous_yahoo,yfinance_yahoo_finance_GC=F_reference_only
2026-02-09T00:00:00Z,5017.39990234375,5065.7001953125,4979.10009765625,5050.89990234375,170,GC=F_continuous_yahoo,yfinance_yahoo_finance_GC=F_reference_only
2026-02-10T00:00:00Z,5013.5,5029.0,5002.7001953125,5003.7998046875,281,GC=F_continuous_yahoo,yfinance_yahoo_finance_GC=F_reference_only
2026-02-11T00:00:00Z,5049.89990234375,5111.2998046875,5041.2998046875,5071.60009765625,2681,GC=F_continuous_yahoo,yfinance_yahoo_finance_GC=F_reference_only
2026-02-12T00:00:00Z,5060.39990234375,5078.10009765625,4892.0,4923.7001953125,484,GC=F_continuous_yahoo,yfinance_yahoo_finance_GC=F_reference_only
2026-02-13T00:00:00Z,4953.0,5043.89990234375,4946.2001953125,5022.0,232,GC=F_continuous_yahoo,yfinance_yahoo_finance_GC=F_reference_only
2026-02-17T00:00:00Z,5020.0,5020.0,4847.7998046875,4882.89990234375,540,GC=F_continuous_yahoo,yfinance_yahoo_finance_GC=F_reference_only
2026-02-18T00:00:00Z,4872.2001953125,4987.0,4869.5,4986.5,544,GC=F_continuous_yahoo,yfinance_yahoo_finance_GC=F_reference_only
2026-02-19T00:00:00Z,5014.7001953125,5014.7001953125,4975.89990234375,4975.89990234375,37,GC=F_continuous_yahoo,yfinance_yahoo_finance_GC=F_reference_only
2026-02-20T00:00:00Z,5039.5,5072.7001953125,5039.5,5059.2998046875,134,GC=F_continuous_yahoo,yfinance_yahoo_finance_GC=F_reference_only
2026-02-23T00:00:00Z,5120.2998046875,5211.60009765625,5120.2998046875,5204.7001953125,779,GC=F_continuous_yahoo,yfinance_yahoo_finance_GC=F_reference_only
2026-02-24T00:00:00Z,5158.7998046875,5159.0,5112.7001953125,5155.7998046875,88,GC=F_continuous_yahoo,yfinance_yahoo_finance_GC=F_reference_only
2026-02-25T00:00:00Z,5166.0,5206.39990234375,5166.0,5206.39990234375,1772,GC=F_continuous_yahoo,yfinance_yahoo_finance_GC=F_reference_only
2026-02-26T00:00:00Z,5177.2001953125,5199.2001953125,5143.89990234375,5176.5,1520,GC=F_continuous_yahoo,yfinance_yahoo_finance_GC=F_reference_only
2026-02-27T00:00:00Z,5186.7001953125,5280.0,5176.7001953125,5230.5,354,GC=F_continuous_yahoo,yfinance_yahoo_finance_GC=F_reference_only
2026-03-02T00:00:00Z,5346.60009765625,5405.0,5266.2998046875,5294.39990234375,72,GC=F_continuous_yahoo,yfinance_yahoo_finance_GC=F_reference_only
2026-03-03T00:00:00Z,5298.7001953125,5303.7998046875,5023.0,5107.39990234375,1776,GC=F_continuous_yahoo,yfinance_yahoo_finance_GC=F_reference_only
2026-03-04T00:00:00Z,5130.7001953125,5180.2001953125,5117.2001953125,5120.2001953125,679,GC=F_continuous_yahoo,yfinance_yahoo_finance_GC=F_reference_only
2026-03-05T00:00:00Z,5169.5,5169.5,5054.7001953125,5065.2998046875,1701,GC=F_continuous_yahoo,yfinance_yahoo_finance_GC=F_reference_only
2026-03-06T00:00:00Z,5121.0,5146.10009765625,5076.10009765625,5146.10009765625,148,GC=F_continuous_yahoo,yfinance_yahoo_finance_GC=F_reference_only
2026-03-09T00:00:00Z,5155.0,5160.60009765625,5077.7001953125,5091.5,639,GC=F_continuous_yahoo,yfinance_yahoo_finance_GC=F_reference_only
2026-03-10T00:00:00Z,5138.2001953125,5229.7001953125,5137.60009765625,5229.7001953125,4300,GC=F_continuous_yahoo,yfinance_yahoo_finance_GC=F_reference_only
2026-03-11T00:00:00Z,5190.7998046875,5191.2998046875,5167.39990234375,5167.39990234375,633,GC=F_continuous_yahoo,yfinance_yahoo_finance_GC=F_reference_only
2026-03-12T00:00:00Z,5137.2001953125,5137.2001953125,5115.7998046875,5115.7998046875,410,GC=F_continuous_yahoo,yfinance_yahoo_finance_GC=F_reference_only
2026-03-13T00:00:00Z,5089.60009765625,5117.0,5009.5,5052.5,479,GC=F_continuous_yahoo,yfinance_yahoo_finance_GC=F_reference_only
2026-03-16T00:00:00Z,5001.60009765625,5010.60009765625,4994.0,4994.0,130,GC=F_continuous_yahoo,yfinance_yahoo_finance_GC=F_reference_only
2026-03-17T00:00:00Z,5017.60009765625,5017.60009765625,4994.2001953125,5001.0,239,GC=F_continuous_yahoo,yfinance_yahoo_finance_GC=F_reference_only
2026-03-18T00:00:00Z,4949.60009765625,4949.60009765625,4821.7001953125,4889.89990234375,1461,GC=F_continuous_yahoo,yfinance_yahoo_finance_GC=F_reference_only
2026-03-19T00:00:00Z,4830.2998046875,4830.2998046875,4554.0,4600.7001953125,627,GC=F_continuous_yahoo,yfinance_yahoo_finance_GC=F_reference_only
2026-03-20T00:00:00Z,4686.89990234375,4686.89990234375,4570.39990234375,4570.39990234375,235,GC=F_continuous_yahoo,yfinance_yahoo_finance_GC=F_reference_only
2026-03-23T00:00:00Z,4353.0,4480.39990234375,4100.7998046875,4404.10009765625,544,GC=F_continuous_yahoo,yfinance_yahoo_finance_GC=F_reference_only
2026-03-24T00:00:00Z,4338.7001953125,4399.2998046875,4325.2001953125,4399.2998046875,378,GC=F_continuous_yahoo,yfinance_yahoo_finance_GC=F_reference_only
2026-03-25T00:00:00Z,4549.0,4551.89990234375,4541.7998046875,4549.7998046875,388,GC=F_continuous_yahoo,yfinance_yahoo_finance_GC=F_reference_only
2026-03-26T00:00:00Z,4441.5,4443.10009765625,4375.5,4375.5,1070,GC=F_continuous_yahoo,yfinance_yahoo_finance_GC=F_reference_only
2026-03-27T00:00:00Z,4492.0,4492.0,4492.0,4492.0,74348,GC=F_continuous_yahoo,yfinance_yahoo_finance_GC=F_reference_only
2026-03-30T00:00:00Z,4482.7998046875,4579.10009765625,4413.39990234375,4526.0,10816,GC=F_continuous_yahoo,yfinance_yahoo_finance_GC=F_reference_only
2026-03-31T00:00:00Z,4510.0,4684.10009765625,4508.60009765625,4647.60009765625,4264,GC=F_continuous_yahoo,yfinance_yahoo_finance_GC=F_reference_only
2026-04-01T00:00:00Z,4668.39990234375,4789.10009765625,4668.0,4783.2001953125,1637,GC=F_continuous_yahoo,yfinance_yahoo_finance_GC=F_reference_only
2026-04-02T00:00:00Z,4764.89990234375,4784.39990234375,4558.89990234375,4651.5,0,GC=F_continuous_yahoo,yfinance_yahoo_finance_GC=F_reference_only
2026-04-06T00:00:00Z,4656.10009765625,4689.60009765625,4605.0,4656.7998046875,148,GC=F_continuous_yahoo,yfinance_yahoo_finance_GC=F_reference_only
2026-04-07T00:00:00Z,4624.89990234375,4676.2998046875,4608.0,4657.10009765625,327,GC=F_continuous_yahoo,yfinance_yahoo_finance_GC=F_reference_only
2026-04-08T00:00:00Z,4760.0,4851.0,4738.7998046875,4749.5,405,GC=F_continuous_yahoo,yfinance_yahoo_finance_GC=F_reference_only
2026-04-09T00:00:00Z,4711.0,4799.10009765625,4711.0,4792.2001953125,1277,GC=F_continuous_yahoo,yfinance_yahoo_finance_GC=F_reference_only
2026-04-10T00:00:00Z,4745.89990234375,4791.0,4744.89990234375,4761.89990234375,812,GC=F_continuous_yahoo,yfinance_yahoo_finance_GC=F_reference_only
2026-04-13T00:00:00Z,4704.0,4742.39990234375,4704.0,4742.39990234375,32,GC=F_continuous_yahoo,yfinance_yahoo_finance_GC=F_reference_only
2026-04-14T00:00:00Z,4770.10009765625,4841.60009765625,4770.10009765625,4825.0,288,GC=F_continuous_yahoo,yfinance_yahoo_finance_GC=F_reference_only
2026-04-15T00:00:00Z,4843.60009765625,4843.60009765625,4798.0,4800.0,182,GC=F_continuous_yahoo,yfinance_yahoo_finance_GC=F_reference_only
2026-04-16T00:00:00Z,4810.89990234375,4810.89990234375,4785.39990234375,4785.39990234375,805,GC=F_continuous_yahoo,yfinance_yahoo_finance_GC=F_reference_only
2026-04-17T00:00:00Z,4771.60009765625,4879.7001953125,4767.2001953125,4857.60009765625,1902,GC=F_continuous_yahoo,yfinance_yahoo_finance_GC=F_reference_only
2026-04-20T00:00:00Z,4793.89990234375,4811.0,4770.0,4806.60009765625,724,GC=F_continuous_yahoo,yfinance_yahoo_finance_GC=F_reference_only
2026-04-21T00:00:00Z,4698.39990234375,4705.0,4676.39990234375,4698.39990234375,1197,GC=F_continuous_yahoo,yfinance_yahoo_finance_GC=F_reference_only
2026-04-22T00:00:00Z,4754.2001953125,4754.2001953125,4732.5,4732.5,765,GC=F_continuous_yahoo,yfinance_yahoo_finance_GC=F_reference_only
2026-04-23T00:00:00Z,4711.5,4732.39990234375,4705.10009765625,4705.10009765625,292,GC=F_continuous_yahoo,yfinance_yahoo_finance_GC=F_reference_only
2026-04-24T00:00:00Z,4695.0,4722.2998046875,4657.5,4722.2998046875,45,GC=F_continuous_yahoo,yfinance_yahoo_finance_GC=F_reference_only
2026-04-27T00:00:00Z,4707.60009765625,4711.10009765625,4675.39990234375,4675.39990234375,538,GC=F_continuous_yahoo,yfinance_yahoo_finance_GC=F_reference_only
2026-04-28T00:00:00Z,4680.89990234375,4680.89990234375,4591.5,4591.5,2660,GC=F_continuous_yahoo,yfinance_yahoo_finance_GC=F_reference_only
2026-04-29T00:00:00Z,4598.60009765625,4601.60009765625,4515.7001953125,4545.2001953125,507,GC=F_continuous_yahoo,yfinance_yahoo_finance_GC=F_reference_only
2026-04-30T00:00:00Z,4561.89990234375,4636.7001953125,4561.89990234375,4614.7001953125,77,GC=F_continuous_yahoo,yfinance_yahoo_finance_GC=F_reference_only
2026-05-01T00:00:00Z,4636.7001953125,4636.7001953125,4581.7001953125,4629.89990234375,113,GC=F_continuous_yahoo,yfinance_yahoo_finance_GC=F_reference_only
2026-05-04T00:00:00Z,4581.2001953125,4581.2001953125,4512.7001953125,4519.5,20,GC=F_continuous_yahoo,yfinance_yahoo_finance_GC=F_reference_only
2026-05-05T00:00:00Z,4547.60009765625,4580.5,4547.60009765625,4555.7998046875,426,GC=F_continuous_yahoo,yfinance_yahoo_finance_GC=F_reference_only
2026-05-06T00:00:00Z,4663.60009765625,4712.60009765625,4663.60009765625,4681.89990234375,212,GC=F_continuous_yahoo,yfinance_yahoo_finance_GC=F_reference_only
2026-05-07T00:00:00Z,4704.7998046875,4736.2001953125,4699.7998046875,4699.7998046875,254,GC=F_continuous_yahoo,yfinance_yahoo_finance_GC=F_reference_only
2026-05-08T00:00:00Z,4714.39990234375,4724.7998046875,4713.60009765625,4720.39990234375,120,GC=F_continuous_yahoo,yfinance_yahoo_finance_GC=F_reference_only
2026-05-11T00:00:00Z,4729.5,4729.5,4718.7001953125,4718.7001953125,36,GC=F_continuous_yahoo,yfinance_yahoo_finance_GC=F_reference_only
2026-05-12T00:00:00Z,4762.2001953125,4765.2001953125,4677.60009765625,4677.60009765625,93,GC=F_continuous_yahoo,yfinance_yahoo_finance_GC=F_reference_only
2026-05-13T00:00:00Z,4722.7001953125,4722.7001953125,4679.5,4697.7001953125,228,GC=F_continuous_yahoo,yfinance_yahoo_finance_GC=F_reference_only
2026-05-14T00:00:00Z,4678.10009765625,4678.10009765625,4650.2998046875,4678.10009765625,5,GC=F_continuous_yahoo,yfinance_yahoo_finance_GC=F_reference_only
2026-05-15T00:00:00Z,4615.2001953125,4615.2001953125,4524.2998046875,4555.7998046875,607,GC=F_continuous_yahoo,yfinance_yahoo_finance_GC=F_reference_only
2026-05-18T00:00:00Z,4563.0,4570.2998046875,4538.7001953125,4552.5,38,GC=F_continuous_yahoo,yfinance_yahoo_finance_GC=F_reference_only
2026-05-19T00:00:00Z,4551.7001953125,4552.60009765625,4506.2001953125,4506.2998046875,875,GC=F_continuous_yahoo,yfinance_yahoo_finance_GC=F_reference_only
2026-05-20T00:00:00Z,4502.60009765625,4531.2998046875,4465.10009765625,4531.2998046875,981,GC=F_continuous_yahoo,yfinance_yahoo_finance_GC=F_reference_only
2026-05-21T00:00:00Z,4507.2001953125,4539.7998046875,4503.7998046875,4539.7998046875,426,GC=F_continuous_yahoo,yfinance_yahoo_finance_GC=F_reference_only
2026-05-22T00:00:00Z,4519.5,4530.2998046875,4519.10009765625,4521.0,40,GC=F_continuous_yahoo,yfinance_yahoo_finance_GC=F_reference_only
2026-05-26T00:00:00Z,4572.7998046875,4572.7998046875,4500.39990234375,4500.39990234375,1261,GC=F_continuous_yahoo,yfinance_yahoo_finance_GC=F_reference_only
2026-05-27T00:00:00Z,4439.7001953125,4447.5,4439.7001953125,4447.5,81062,GC=F_continuous_yahoo,yfinance_yahoo_finance_GC=F_reference_only
2026-05-28T00:00:00Z,4453.60009765625,4512.60009765625,4363.5,4499.2998046875,16427,GC=F_continuous_yahoo,yfinance_yahoo_finance_GC=F_reference_only
2026-05-29T00:00:00Z,4494.0,4591.7998046875,4487.89990234375,4560.5,1883,GC=F_continuous_yahoo,yfinance_yahoo_finance_GC=F_reference_only
2026-06-01T00:00:00Z,4523.5,4541.39990234375,4449.7001953125,4475.2001953125,835,GC=F_continuous_yahoo,yfinance_yahoo_finance_GC=F_reference_only
2026-06-02T00:00:00Z,4488.0,4529.5,4474.2001953125,4489.10009765625,456,GC=F_continuous_yahoo,yfinance_yahoo_finance_GC=F_reference_only
2026-06-03T00:00:00Z,4471.2001953125,4471.7001953125,4427.2001953125,4436.7001953125,2913,GC=F_continuous_yahoo,yfinance_yahoo_finance_GC=F_reference_only
2026-06-04T00:00:00Z,4447.39990234375,4509.89990234375,4447.39990234375,4475.7998046875,480,GC=F_continuous_yahoo,yfinance_yahoo_finance_GC=F_reference_only
2026-06-05T00:00:00Z,4472.2998046875,4472.2998046875,4319.10009765625,4337.10009765625,4062,GC=F_continuous_yahoo,yfinance_yahoo_finance_GC=F_reference_only
2026-06-08T00:00:00Z,4324.2001953125,4340.89990234375,4284.60009765625,4335.89990234375,357,GC=F_continuous_yahoo,yfinance_yahoo_finance_GC=F_reference_only
2026-06-09T00:00:00Z,4332.7998046875,4344.5,4240.2001953125,4260.0,1292,GC=F_continuous_yahoo,yfinance_yahoo_finance_GC=F_reference_only
2026-06-10T00:00:00Z,4200.0,4206.7001953125,4100.0,4108.2001953125,525,GC=F_continuous_yahoo,yfinance_yahoo_finance_GC=F_reference_only
2026-06-11T00:00:00Z,4042.89990234375,4209.7998046875,4031.0,4090.300048828125,1938,GC=F_continuous_yahoo,yfinance_yahoo_finance_GC=F_reference_only
2026-06-12T00:00:00Z,4208.2998046875,4225.2998046875,4173.2001953125,4215.0,1167,GC=F_continuous_yahoo,yfinance_yahoo_finance_GC=F_reference_only
2026-06-15T00:00:00Z,4271.2001953125,4362.0,4269.10009765625,4328.0,1666,GC=F_continuous_yahoo,yfinance_yahoo_finance_GC=F_reference_only
2026-06-16T00:00:00Z,4309.5,4345.7998046875,4309.5,4330.89990234375,158,GC=F_continuous_yahoo,yfinance_yahoo_finance_GC=F_reference_only
2026-06-17T00:00:00Z,4339.0,4377.0,4296.0,4358.89990234375,158,GC=F_continuous_yahoo,yfinance_yahoo_finance_GC=F_reference_only
2026-06-18T00:00:00Z,4275.10009765625,4350.2001953125,4273.2998046875,4342.89990234375,28156,GC=F_continuous_yahoo,yfinance_yahoo_finance_GC=F_reference_only
