stage,promotion,decision_scope,candidate,family,side,lookback_hours,trigger,horizon_hours,raw_n,raw_mean_bps,raw_median_bps,raw_hit_rate_pct,event_clock_n,event_clock_mean_bps,event_clock_median_bps,event_clock_hit_rate_pct,round_trip_cost_bps,event_clock_cost_stressed_mean_bps,directional_h1_all_drift_bps,directional_daily_anchor_drift_bps,h1_drift_adjusted_residual_bps,daily_anchor_adjusted_residual_bps,h1_benchmark_cost_adjusted_residual_bps,pre2025_n,pre2025_mean_bps,ex2025_n,ex2025_mean_bps,y2025_n,y2025_mean_bps,first_half_n,first_half_mean_bps,second_half_n,second_half_mean_bps,leave_one_year_out_min_mean_bps,median_mfe_bps,median_mae_bps,mean_mfe_bps,mean_mae_bps,classification,year_means_json,year_counts_json,leave_one_year_out_json
Stage39A_BENCHMARK_FIRST_REVERSAL_OR_MEAN_REVERSION_SCAN,NO_GO,RESEARCH_STAGE_ONLY_NO_PROMOTION,RET_Z_UPSIDE_EXTREME_REV_SHORT_L24_T2.5,RETURN_ZSCORE_REVERSAL,SHORT,24,Short after 24H upside move with z >= +2.5,24,325,1.7901335682477097,0.4729971199723959,50.153846153846146,76,1.4161140593677886,2.574148167139856,51.31578947368421,8.0,-6.583885940632212,-8.502590481085887,-7.013983104031285,9.918704540453676,8.430097163399074,1.9187045404536764,53,15.271656387554012,61,15.126872968880685,15,-54.34097217265132,48,19.87533174690304,28,-30.228259119264067,-6.150868919413617,59.69172178229343,-59.602222277001516,90.25366370160656,-78.97389504714776,FAIL_BENCHMARK_RESEARCH_ONLY,"{""2022"": 21.937772029965746, ""2023"": 18.853074836559735, ""2024"": 3.114032456666825, ""2025"": -54.34097217265132, ""2026"": 14.167682820169919}","{""2022"": 15, ""2023"": 23, ""2024"": 15, ""2025"": 15, ""2026"": 8}","{""2022"": -3.630195277664499, ""2023"": -6.150868919413617, ""2024"": 0.998593141999175, ""2025"": 15.126872968880685, ""2026"": -0.08407050072657958}"
Stage39A_BENCHMARK_FIRST_REVERSAL_OR_MEAN_REVERSION_SCAN,NO_GO,RESEARCH_STAGE_ONLY_NO_PROMOTION,BB_LOWER_REV_LONG_W120_K2.5,BOLLINGER_REVERSAL,LONG,120,Long when close is <= -2.5 sigma vs 120H rolling mean,24,544,20.76369616365241,14.990654976555495,59.19117647058824,107,15.739413861306806,19.191487829097742,59.813084112149525,8.0,7.739413861306806,8.502590481085887,7.013983104031285,7.236823380220919,8.725430757275522,-0.763176619779081,72,14.547973466146967,87,6.971212437928088,20,53.88109005300423,59,12.8717610447664,48,19.264237114971056,6.971212437928088,71.92648411404878,-44.11462439679825,91.89737815866302,-82.82246352364058,FAIL_BENCHMARK_RESEARCH_ONLY,"{""2022"": 20.465655033988785, ""2023"": 13.441832572446442, ""2024"": 9.08031360916823, ""2025"": 53.88109005300423, ""2026"": -29.39724049752253}","{""2022"": 25, ""2023"": 25, ""2024"": 22, ""2025"": 20, ""2026"": 15}","{""2022"": 14.298486674513523, ""2023"": 16.439895961569118, ""2024"": 17.46294569127209, ""2025"": 6.971212437928088, ""2026"": 23.098650985028986}"
Stage39A_BENCHMARK_FIRST_REVERSAL_OR_MEAN_REVERSION_SCAN,NO_GO,RESEARCH_STAGE_ONLY_NO_PROMOTION,RANGE_BOTTOM_REV_LONG_W48_Q0.05,ROLLING_RANGE_REVERSAL,LONG,48,Long near bottom 0.05 of rolling 48H range,24,814,9.777470451443088,13.400907732268319,56.26535626535627,242,15.609576250501899,24.352893402072027,60.33057851239669,8.0,7.609576250501899,8.502590481085887,7.013983104031285,7.106985769416012,8.595593146470613,-0.8930142305839883,173,9.872383353535024,196,12.121860407017666,46,30.470278540130384,136,10.839342948702546,106,21.72987558111239,12.121860407017666,69.53691629597691,-48.333238162941996,84.46306775260852,-76.94111607647426,FAIL_BENCHMARK_RESEARCH_ONLY,"{""2022"": 4.977221313066544, ""2023"": 11.684953749881084, ""2024"": 11.840444090607557, ""2025"": 30.470278540130384, ""2026"": 29.041839983213173}","{""2022"": 48, ""2023"": 71, ""2024"": 54, ""2025"": 46, ""2026"": 23}","{""2022"": 18.24026200821786, ""2023"": 17.239097873566685, ""2024"": 16.692199317705594, ""2025"": 12.121860407017666, ""2026"": 14.198881885879254}"
Stage39A_BENCHMARK_FIRST_REVERSAL_OR_MEAN_REVERSION_SCAN,NO_GO,RESEARCH_STAGE_ONLY_NO_PROMOTION,RET_Z_UPSIDE_EXTREME_REV_SHORT_L120_T1.5,RETURN_ZSCORE_REVERSAL,SHORT,120,Short after 120H upside move with z >= +1.5,24,2649,-19.615511300358435,-14.47166069521888,42.733106832767085,187,-2.0613876609122794,-9.989627289657133,44.38502673796791,8.0,-10.06138766091228,-8.502590481085887,-7.013983104031285,6.441202820173608,4.952595443119006,-1.5587971798263922,122,-7.96615665527789,139,-4.362049757809209,48,4.600946328018398,97,-15.301176999562811,90,12.208163070744396,-4.417798165876584,55.571574615322916,-65.328504214196,93.83600907740474,-87.03243166119753,FAIL_BENCHMARK_RESEARCH_ONLY,"{""2022"": -25.017307250053612, ""2023"": -4.772826859385508, ""2024"": -0.22771876092817733, ""2025"": 4.600946328018398, ""2026"": 21.502717388730762}","{""2022"": 28, ""2023"": 55, ""2024"": 39, ""2025"": 48, ""2026"": 17}","{""2022"": 1.9811642164207797, ""2023"": -0.9316213282151063, ""2024"": -2.5445841953675505, ""2025"": -4.362049757809209, ""2026"": -4.417798165876584}"
Stage39A_BENCHMARK_FIRST_REVERSAL_OR_MEAN_REVERSION_SCAN,NO_GO,RESEARCH_STAGE_ONLY_NO_PROMOTION,RET_Z_UPSIDE_EXTREME_REV_SHORT_L24_T2,RETURN_ZSCORE_REVERSAL,SHORT,24,Short after 24H upside move with z >= +2,24,1019,-14.845573945825278,-15.165758625523829,42.00196270853778,163,-2.241743594646147,-9.202681641640176,45.39877300613497,8.0,-10.241743594646147,-8.502590481085887,-7.013983104031285,6.26084688643974,4.772239509385138,-1.7391531135602598,109,8.245104463104688,124,8.166674192906386,39,-35.335174508915735,89,9.343519944572765,74,-16.175371364787804,-6.675639652642616,48.66890543631763,-61.10435971441453,88.078504042598,-82.11025818569071,FAIL_BENCHMARK_RESEARCH_ONLY,"{""2022"": 22.23336264549439, ""2023"": 9.333470193624544, ""2024"": -1.9775343172321256, ""2025"": -35.335174508915735, ""2026"": 7.596747562798714}","{""2022"": 25, ""2023"": 45, ""2024"": 39, ""2025"": 39, ""2026"": 15}","{""2022"": -6.675639652642616, ""2023"": -6.6560200393256475, ""2024"": -2.324841673832817, ""2025"": 8.166674192906386, ""2026"": -3.238887968711505}"
Stage39A_BENCHMARK_FIRST_REVERSAL_OR_MEAN_REVERSION_SCAN,NO_GO,RESEARCH_STAGE_ONLY_NO_PROMOTION,RANGE_BOTTOM_REV_LONG_W72_Q0.05,ROLLING_RANGE_REVERSAL,LONG,72,Long near bottom 0.05 of rolling 72H range,24,832,9.827877395938982,12.688232409882039,55.28846153846154,212,12.821394109850717,15.569065016948214,56.60377358490566,8.0,4.821394109850717,8.502590481085887,7.013983104031285,4.3188036287648295,5.807411005819431,-3.6811963712351705,154,10.46272522531876,176,8.622464993721909,36,33.34949201092489,121,9.404379416257909,91,17.364897163968628,8.622464993721909,65.21654041723778,-52.72269392609663,81.13040671629017,-81.43911569901677,FAIL_BENCHMARK_RESEARCH_ONLY,"{""2022"": 8.475838362886046, ""2023"": 7.997778836893267, ""2024"": 15.586180678805448, ""2025"": 33.34949201092489, ""2026"": -4.259356627456035}","{""2022"": 48, ""2023"": 59, ""2024"": 47, ""2025"": 36, ""2026"": 22}","{""2022"": 14.093264084572084, ""2023"": 14.681481045174179, ""2024"": 12.033848844754521, ""2025"": 8.622464993721909, ""2026"": 14.79916524785466}"
Stage39A_BENCHMARK_FIRST_REVERSAL_OR_MEAN_REVERSION_SCAN,NO_GO,RESEARCH_STAGE_ONLY_NO_PROMOTION,BB_LOWER_REV_LONG_W72_K2,BOLLINGER_REVERSAL,LONG,72,Long when close is <= -2 sigma vs 72H rolling mean,24,1579,9.983409886713693,11.337120371426312,56.4914502849905,233,11.792081887678382,20.438953571122465,59.65665236051502,8.0,3.792081887678382,8.502590481085887,7.013983104031285,3.2894914065924947,4.7780987836470965,-4.710508593407505,159,7.658123165677407,190,11.089105436869824,43,14.898256902878984,125,3.4658044584251595,108,21.42897706042516,9.199339753299526,69.27266414963329,-54.45952091740702,86.53714893931767,-87.12106767043751,FAIL_BENCHMARK_RESEARCH_ONLY,"{""2022"": 4.4617410575726115, ""2023"": 8.354152632120387, ""2024"": 9.717825440409282, ""2025"": 14.898256902878984, ""2026"": 28.68672418266318}","{""2022"": 47, ""2023"": 59, ""2024"": 53, ""2025"": 43, ""2026"": 31}","{""2022"": 13.64437231249005, ""2023"": 12.957816520310113, ""2024"": 12.402835174929836, ""2025"": 11.089105436869824, ""2026"": 9.199339753299526}"
Stage39A_BENCHMARK_FIRST_REVERSAL_OR_MEAN_REVERSION_SCAN,NO_GO,RESEARCH_STAGE_ONLY_NO_PROMOTION,RET_Z_UPSIDE_EXTREME_REV_SHORT_L72_T2.5,RETURN_ZSCORE_REVERSAL,SHORT,72,Short after 72H upside move with z >= +2.5,24,303,1.8953862858346628,-0.3652015129773645,49.504950495049506,45,-5.990519155480768,-3.2327314054803047,48.888888888888886,8.0,-13.990519155480769,-8.502590481085887,-7.013983104031285,2.5120713256051195,1.0234639485505177,-5.4879286743948805,32,-4.604314444667244,37,0.957604500402547,8,-38.12559106394109,27,-6.002989865864635,18,-5.971813089904957,-19.92872543479892,52.34277708592971,-71.6215599990866,92.47626045761041,-85.31533039574808,FAIL_BENCHMARK_RESEARCH_ONLY,"{""2022"": -35.356621484885686, ""2023"": 21.885893403155535, ""2024"": -23.953339487942795, ""2025"": -38.12559106394109, ""2026"": 36.55388574884921}","{""2022"": 6, ""2023"": 15, ""2024"": 11, ""2025"": 8, ""2026"": 5}","{""2022"": -1.472657258649241, ""2023"": -19.92872543479892, ""2024"": -0.1790184596842236, ""2025"": 0.957604500402547, ""2026"": -11.308569768522016}"
Stage39A_BENCHMARK_FIRST_REVERSAL_OR_MEAN_REVERSION_SCAN,NO_GO,RESEARCH_STAGE_ONLY_NO_PROMOTION,RET_Z_UPSIDE_EXTREME_REV_SHORT_L24_T1.5,RETURN_ZSCORE_REVERSAL,SHORT,24,Short after 24H upside move with z >= +1.5,24,2454,-10.847696512021228,-9.97753145554503,44.94702526487367,298,-6.297791826087729,-2.993661904454603,46.308724832214764,8.0,-14.297791826087728,-8.502590481085887,-7.013983104031285,2.204798654998158,0.7161912779435564,-5.795201345001842,191,6.428645358679288,219,2.097001734796313,79,-29.569434735373864,151,7.264036741726261,147,-20.228649742685775,-11.286523856587833,55.889691661463736,-60.108617766087555,81.02800127832658,-81.11822346463536,FAIL_BENCHMARK_RESEARCH_ONLY,"{""2022"": 20.344160081476662, ""2023"": 6.683019082134132, ""2024"": -3.3265317606046345, ""2025"": -29.569434735373864, ""2026"": -27.450995842405423}","{""2022"": 47, ""2023"": 75, ""2024"": 69, ""2025"": 79, ""2026"": 28}","{""2022"": -11.286523856587833, ""2023"": -10.663535405086114, ""2024"": -7.193062326167789, ""2025"": 2.097001734796313, ""2026"": -4.104126224395527}"
Stage39A_BENCHMARK_FIRST_REVERSAL_OR_MEAN_REVERSION_SCAN,NO_GO,RESEARCH_STAGE_ONLY_NO_PROMOTION,RSI_OVERBOUGHT_REV_SHORT_RSI28_T70,RSI_REVERSAL,SHORT,28,Short when RSI28 >= 70,24,557,16.226070799255517,7.513148009016257,54.39856373429084,91,-6.798476569090572,-8.371930776533976,47.25274725274725,8.0,-14.798476569090571,-8.502590481085887,-7.013983104031285,1.7041139119953153,0.21550653494071348,-6.295886088004685,53,0.46205224444617765,62,-1.8763485249231953,29,-17.321646870413932,40,-2.2702651731894266,51,-10.350014918816958,-11.173874017253667,59.6123089334033,-82.69853284589179,85.84560614088522,-100.05953362408222,FAIL_BENCHMARK_RESEARCH_ONLY,"{""2022"": -12.195290099079479, ""2023"": 6.924360881966405, ""2024"": -0.8222527070862885, ""2025"": -17.321646870413932, ""2026"": -15.646930833431716}","{""2022"": 9, ""2023"": 22, ""2024"": 22, ""2025"": 29, ""2026"": 9}","{""2022"": -6.206143376774717, ""2023"": -11.173874017253667, ""2024"": -8.703939249729622, ""2025"": -1.8763485249231953, ""2026"": -5.8273047595897145}"
Stage39A_BENCHMARK_FIRST_REVERSAL_OR_MEAN_REVERSION_SCAN,NO_GO,RESEARCH_STAGE_ONLY_NO_PROMOTION,RSI_OVERSOLD_REV_LONG_RSI14_T25,RSI_REVERSAL,LONG,14,Long when RSI14 <= 25,24,429,-4.869726588221428,-0.3306823630566669,49.417249417249415,103,9.710564710480021,5.40860478406513,54.36893203883495,8.0,1.7105647104800212,8.502590481085887,7.013983104031285,1.207974229394134,2.696581606448736,-6.792025770605866,74,-6.127812170515891,88,2.4664381658732655,15,52.20944043883963,60,-4.289903709310297,43,29.24610204042,2.4664381658732655,63.78230121810269,-57.1627034071398,90.57839470620186,-90.28257024268105,FAIL_BENCHMARK_RESEARCH_ONLY,"{""2022"": -0.1255063336168116, ""2023"": 5.6502912536016145, ""2024"": -31.575314069692883, ""2025"": 52.20944043883963, ""2026"": 47.893189943930224}","{""2022"": 22, ""2023"": 32, ""2024"": 20, ""2025"": 15, ""2026"": 14}","{""2022"": 12.382090179247056, ""2023"": 11.540547113580143, ""2024"": 19.65896923582289, ""2025"": 2.4664381658732655, ""2026"": 3.7043090557799863}"
Stage39A_BENCHMARK_FIRST_REVERSAL_OR_MEAN_REVERSION_SCAN,NO_GO,RESEARCH_STAGE_ONLY_NO_PROMOTION,BB_LOWER_REV_LONG_W72_K2.5,BOLLINGER_REVERSAL,LONG,72,Long when close is <= -2.5 sigma vs 72H rolling mean,24,629,4.510254660151672,11.337120371426312,55.484896661367245,149,9.027130626792744,20.438953571122465,57.71812080536913,8.0,1.0271306267927436,8.502590481085887,7.013983104031285,0.5245401457068564,2.013147522761458,-7.475459854293144,95,9.522215762845637,117,5.486478480389837,32,21.972640037078367,76,5.584628038062431,73,12.611105924648964,5.486478480389837,71.3938892585464,-53.7417561454201,91.16240551353187,-90.97562575953542,FAIL_BENCHMARK_RESEARCH_ONLY,"{""2022"": 10.611895507249493, ""2023"": 12.07832253494287, ""2024"": 6.187035489468468, ""2025"": 21.972640037078367, ""2026"": -11.940568875669278}","{""2022"": 29, ""2023"": 32, ""2024"": 34, ""2025"": 32, ""2026"": 22}","{""2022"": 8.644145780682363, ""2023"": 8.192616600632025, ""2024"": 9.866810928262531, ""2025"": 5.486478480389837, ""2026"": 12.659330540605062}"
Stage39A_BENCHMARK_FIRST_REVERSAL_OR_MEAN_REVERSION_SCAN,NO_GO,RESEARCH_STAGE_ONLY_NO_PROMOTION,RET_Z_UPSIDE_EXTREME_REV_SHORT_L72_T2,RETURN_ZSCORE_REVERSAL,SHORT,72,Short after 72H upside move with z >= +2,24,1103,-8.981517894260298,-9.894305536153336,44.2429737080689,118,-8.596090939752637,-14.387886761764168,42.3728813559322,8.0,-16.596090939752635,-8.502590481085887,-7.013983104031285,-0.09350045866674961,-1.5821078357213514,-8.09350045866675,74,-10.747941051268674,86,-6.714231109728038,32,-13.653589232943753,59,-15.669088712025,59,-1.523093167480283,-12.41933030610287,58.75334873110761,-56.932551115546076,84.9954924387835,-79.92924791415619,FAIL_BENCHMARK_RESEARCH_ONLY,"{""2022"": -16.275808542415717, ""2023"": 2.1336453464560643, ""2024"": -22.741043590821473, ""2025"": -13.653589232943753, ""2026"": 18.16031352977254}","{""2022"": 18, ""2023"": 31, ""2024"": 25, ""2025"": 32, ""2026"": 12}","{""2022"": -7.213741771273284, ""2023"": -12.41933030610287, ""2024"": -4.793684313121233, ""2025"": -6.714231109728038, ""2026"": -11.625117860830963}"
Stage39A_BENCHMARK_FIRST_REVERSAL_OR_MEAN_REVERSION_SCAN,NO_GO,RESEARCH_STAGE_ONLY_NO_PROMOTION,RSI_OVERBOUGHT_REV_SHORT_RSI14_T75,RSI_REVERSAL,SHORT,14,Short when RSI14 >= 75,24,793,-1.287734838907757,0.7190479804730643,50.1891551071879,166,-8.659378416442804,-3.4727494469266595,45.78313253012048,8.0,-16.659378416442806,-8.502590481085887,-7.013983104031285,-0.15678793535691682,-1.6453953124115186,-8.156787935356917,103,4.462531289198503,117,2.9910763601196018,49,-36.47781125027548,74,0.5035682186402674,92,-16.029574622922663,-14.964838395051556,52.10486362331901,-66.02926361125861,73.95390844805848,-87.63350658763277,FAIL_BENCHMARK_RESEARCH_ONLY,"{""2022"": -4.11595671307628, ""2023"": 11.873786129283117, ""2024"": 1.3003827323880106, ""2025"": -36.47781125027548, ""2026"": -7.83462776096089}","{""2022"": 16, ""2023"": 39, ""2024"": 48, ""2025"": 49, ""2026"": 14}","{""2022"": -9.144010064801902, ""2023"": -14.964838395051556, ""2024"": -12.710806680373986, ""2025"": 2.9910763601196018, ""2026"": -8.735342292605608}"
Stage39A_BENCHMARK_FIRST_REVERSAL_OR_MEAN_REVERSION_SCAN,NO_GO,RESEARCH_STAGE_ONLY_NO_PROMOTION,BB_UPPER_REV_SHORT_W72_K2.5,BOLLINGER_REVERSAL,SHORT,72,Short when close is >= +2.5 sigma vs 72H rolling mean,24,850,-16.411466202401574,-17.430359267386343,39.411764705882355,178,-9.351669408458221,-12.427628457021278,41.01123595505618,8.0,-17.35166940845822,-8.502590481085887,-7.013983104031285,-0.849078927372334,-2.337686304426936,-8.849078927372334,115,3.294507632119718,130,1.2946374035001367,48,-38.185417024178754,91,8.965914090454536,87,-28.511440654447423,-17.01759092010549,52.21698230011174,-66.76839117949696,83.30511484619865,-89.05380704863663,FAIL_BENCHMARK_RESEARCH_ONLY,"{""2022"": 39.83799362461178, ""2023"": 2.5359264496509493, ""2024"": -15.828000282511594, ""2025"": -38.185417024178754, ""2026"": -14.037701015916646}","{""2022"": 24, ""2023"": 47, ""2024"": 44, ""2025"": 48, ""2026"": 15}","{""2022"": -17.01759092010549, ""2023"": -13.61668471632945, ""2024"": -7.225113002052631, ""2025"": 1.2946374035001367, ""2026"": -8.92043950593137}"
Stage39A_BENCHMARK_FIRST_REVERSAL_OR_MEAN_REVERSION_SCAN,NO_GO,RESEARCH_STAGE_ONLY_NO_PROMOTION,BB_UPPER_REV_SHORT_W120_K2,BOLLINGER_REVERSAL,SHORT,120,Short when close is >= +2 sigma vs 120H rolling mean,24,2434,-4.123863770036303,-8.867050459121506,45.480690221857024,241,-9.637351808114746,-11.277576886183915,45.22821576763486,8.0,-17.637351808114744,-8.502590481085887,-7.013983104031285,-1.1347613270288583,-2.62336870408346,-9.134761327028858,143,6.068175257805315,166,1.3212973747163883,75,-33.892495332780996,104,5.8198603315623325,137,-21.371293870351355,-14.6239488998017,53.605012143713715,-67.93174932227753,78.39458061005467,-87.936385125216,FAIL_BENCHMARK_RESEARCH_ONLY,"{""2022"": 18.680565793447414, ""2023"": 6.09622177427685, ""2024"": 0.7859009020319575, ""2025"": -33.892495332780996, ""2026"": -28.191899898401704}","{""2022"": 25, ""2023"": 58, ""2024"": 60, ""2025"": 75, ""2026"": 23}","{""2022"": -12.914888567554808, ""2023"": -14.6239488998017, ""2024"": -13.092573700981058, ""2025"": 1.3212973747163883, ""2026"": -7.679761871983553}"
Stage39A_BENCHMARK_FIRST_REVERSAL_OR_MEAN_REVERSION_SCAN,NO_GO,RESEARCH_STAGE_ONLY_NO_PROMOTION,RANGE_BOTTOM_REV_LONG_W72_Q0.1,ROLLING_RANGE_REVERSAL,LONG,72,Long near bottom 0.1 of rolling 72H range,24,2010,11.387697064541586,13.215349548564292,57.91044776119403,278,5.828007463434935,14.393952217424122,55.75539568345324,8.0,-2.1719925365650647,8.502590481085887,7.013983104031285,-2.674583017650952,-1.1859756405963502,-10.674583017650953,201,9.38674681312388,228,0.6876792482825576,50,29.267904124529778,156,7.379016729739346,122,3.84474971307847,0.6876792482825576,64.54112101739962,-55.77150217736471,78.5136145544541,-87.71447043998013,FAIL_BENCHMARK_RESEARCH_ONLY,"{""2022"": 13.408001991625333, ""2023"": 4.116534426984888, ""2024"": 11.492070386936456, ""2025"": 29.267904124529778, ""2026"": -64.0720459566473}","{""2022"": 64, ""2023"": 74, ""2024"": 63, ""2025"": 50, ""2026"": 27}","{""2022"": 3.5610932120135064, ""2023"": 6.448835917833482, ""2024"": 4.1683053044554175, ""2025"": 0.6876792482825576, ""2026"": 13.34713671579438}"
Stage39A_BENCHMARK_FIRST_REVERSAL_OR_MEAN_REVERSION_SCAN,NO_GO,RESEARCH_STAGE_ONLY_NO_PROMOTION,RANGE_BOTTOM_REV_LONG_W24_Q0.05,ROLLING_RANGE_REVERSAL,LONG,24,Long near bottom 0.05 of rolling 24H range,24,789,5.248892426613391,9.323824915519197,55.0063371356147,294,5.616741589307388,11.217103797790395,55.44217687074829,8.0,-2.383258410692612,8.502590481085887,7.013983104031285,-2.8858488917784992,-1.3972415147238975,-10.8858488917785,207,5.494566511530205,235,2.087708794428415,59,19.673058653655843,168,6.905344023685721,126,3.8986050101362753,2.087708794428415,62.229318698941995,-54.227252107739716,80.16301794540159,-80.3163146308151,FAIL_BENCHMARK_RESEARCH_ONLY,"{""2022"": -3.533881720797441, ""2023"": 11.64720737735824, ""2024"": 6.767391284395229, ""2025"": 19.673058653655843, ""2026"": -23.098703614145524}","{""2022"": 63, ""2023"": 79, ""2024"": 65, ""2025"": 59, ""2026"": 28}","{""2022"": 8.112366128426888, ""2023"": 3.40089602067475, ""2024"": 5.2901379640641135, ""2025"": 2.087708794428415, ""2026"": 8.639420031776117}"
Stage39A_BENCHMARK_FIRST_REVERSAL_OR_MEAN_REVERSION_SCAN,NO_GO,RESEARCH_STAGE_ONLY_NO_PROMOTION,BB_UPPER_REV_SHORT_W24_K2,BOLLINGER_REVERSAL,SHORT,24,Short when close is >= +2 sigma vs 24H rolling mean,24,1752,-15.17900274024327,-13.261346047123146,43.89269406392694,468,-11.800952961921032,-9.763059739651414,46.36752136752137,8.0,-19.800952961921034,-8.502590481085887,-7.013983104031285,-3.298362480835145,-4.786969857889747,-11.298362480835145,301,-2.7023997858031152,345,-7.815444822507231,123,-22.97981725539876,230,-2.034168675102395,238,-21.2394419785945,-18.225328649222146,53.56868080952593,-63.67375018399734,76.06581579928304,-83.1838197582634,FAIL_BENCHMARK_RESEARCH_ONLY,"{""2022"": 21.86277563953681, ""2023"": -12.237741128018186, ""2024"": -9.588597175135883, ""2025"": -22.97981725539876, ""2026"": -42.793321096324014}","{""2022"": 75, ""2023"": 108, ""2024"": 118, ""2025"": 123, ""2026"": 44}","{""2022"": -18.225328649222146, ""2023"": -11.669916512091886, ""2024"": -12.54683291289431, ""2025"": -7.815444822507231, ""2026"": -8.584763815898082}"
Stage39A_BENCHMARK_FIRST_REVERSAL_OR_MEAN_REVERSION_SCAN,NO_GO,RESEARCH_STAGE_ONLY_NO_PROMOTION,RET_Z_UPSIDE_EXTREME_REV_SHORT_L120_T2,RETURN_ZSCORE_REVERSAL,SHORT,120,Short after 120H upside move with z >= +2,24,1213,-17.580103224946445,-16.471430763720374,40.89035449299258,97,-11.841775470241842,-18.455876095651025,43.29896907216495,8.0,-19.841775470241842,-8.502590481085887,-7.013983104031285,-3.339184989155955,-4.827792366210557,-11.339184989155955,70,-8.343036654197489,75,-7.811711849657676,22,-25.58062872223331,59,-19.218128008843674,38,-0.389017581360047,-20.35928572170238,48.537576555434114,-66.54760854866714,78.65219841684576,-92.69838496945623,FAIL_BENCHMARK_RESEARCH_ONLY,"{""2022"": -48.246498394005435, ""2023"": 4.6770322901664665, ""2024"": 4.0917920664387255, ""2025"": -25.58062872223331, ""2026"": -0.3731645861002619}","{""2022"": 17, ""2023"": 33, ""2024"": 20, ""2025"": 22, ""2026"": 5}","{""2022"": -4.105771848942081, ""2023"": -20.35928572170238, ""2024"": -15.980364440808225, ""2025"": -7.811711849657676, ""2026"": -12.465069540032149}"
Stage39A_BENCHMARK_FIRST_REVERSAL_OR_MEAN_REVERSION_SCAN,NO_GO,RESEARCH_STAGE_ONLY_NO_PROMOTION,BB_UPPER_REV_SHORT_W120_K2.5,BOLLINGER_REVERSAL,SHORT,120,Short when close is >= +2.5 sigma vs 120H rolling mean,24,922,-7.493969099617656,-13.261346047123146,42.299349240780906,129,-11.97546286331791,-6.675938803895054,46.51162790697674,8.0,-19.975462863317908,-8.502590481085887,-7.013983104031285,-3.4728723822320227,-4.961479759286624,-11.472872382232023,79,2.2600740920809446,90,-2.1434695270174546,39,-34.66467825478049,61,6.411698243804246,68,-28.46982797411866,-22.04391076974872,49.91405361250534,-69.60032297133489,76.45802097588589,-90.14942333250738,FAIL_BENCHMARK_RESEARCH_ONLY,"{""2022"": 12.452701318931105, ""2023"": 17.31456740993536, ""2024"": -15.949037855313103, ""2025"": -34.66467825478049, ""2026"": -33.76891915508777}","{""2022"": 12, ""2023"": 33, ""2024"": 34, ""2025"": 39, ""2026"": 11}","{""2022"": -14.480915599958832, ""2023"": -22.04391076974872, ""2024"": -10.553341287235417, ""2025"": -2.1434695270174546, ""2026"": -9.943869480186818}"
Stage39A_BENCHMARK_FIRST_REVERSAL_OR_MEAN_REVERSION_SCAN,NO_GO,RESEARCH_STAGE_ONLY_NO_PROMOTION,BB_UPPER_REV_SHORT_W48_K2,BOLLINGER_REVERSAL,SHORT,48,Short when close is >= +2 sigma vs 48H rolling mean,24,2019,-20.861631816443406,-16.721265611123748,40.663694898464584,343,-12.83539157157611,-10.343305232618505,46.06413994169096,8.0,-20.83539157157611,-8.502590481085887,-7.013983104031285,-4.332801090490223,-5.821408467544825,-12.332801090490223,224,3.0402638528278425,252,-2.898820118088511,91,-40.35205098123409,172,2.1079752877045927,171,-27.866146541145014,-20.03036301410962,52.99885935351689,-65.26580807591719,73.49407915044462,-83.50006778579727,FAIL_BENCHMARK_RESEARCH_ONLY,"{""2022"": 27.428775539524846, ""2023"": -8.301523464210616, ""2024"": -0.8005914771515983, ""2025"": -40.35205098123409, ""2026"": -50.411491885419345}","{""2022"": 52, ""2023"": 81, ""2024"": 91, ""2025"": 91, ""2026"": 28}","{""2022"": -20.03036301410962, ""2023"": -14.237083620036438, ""2024"": -17.181291605673852, ""2025"": -2.898820118088511, ""2026"": -9.49529376590116}"
Stage39A_BENCHMARK_FIRST_REVERSAL_OR_MEAN_REVERSION_SCAN,NO_GO,RESEARCH_STAGE_ONLY_NO_PROMOTION,RET_Z_UPSIDE_EXTREME_REV_SHORT_L72_T1.5,RETURN_ZSCORE_REVERSAL,SHORT,72,Short after 72H upside move with z >= +1.5,24,2662,-9.70180762447238,-8.542769901334069,45.492111194590535,215,-13.11884876579249,-12.011099236193257,46.04651162790698,8.0,-21.118848765792492,-8.502590481085887,-7.013983104031285,-4.616258284706603,-6.104865661761205,-12.616258284706603,142,-6.99126085720572,158,-7.614810914060223,57,-28.375655442524028,111,-12.898673517537494,104,-13.353843501910804,-17.596425398789854,42.58151893213436,-61.88516215663964,71.98598355536042,-83.81022238735343,FAIL_BENCHMARK_RESEARCH_ONLY,"{""2022"": -20.852268643544225, ""2023"": 0.5673288671428433, ""2024"": -4.51845614170789, ""2025"": -28.375655442524028, ""2026"": -13.148817668643952}","{""2022"": 38, ""2023"": 53, ""2024"": 51, ""2025"": 57, ""2026"": 16}","{""2022"": -11.458566532150876, ""2023"": -17.596425398789854, ""2024"": -15.793361106209042, ""2025"": -7.614810914060223, ""2026"": -13.116439205764236}"
Stage39A_BENCHMARK_FIRST_REVERSAL_OR_MEAN_REVERSION_SCAN,NO_GO,RESEARCH_STAGE_ONLY_NO_PROMOTION,RET_Z_DOWNSIDE_EXTREME_REV_LONG_L72_T1.5,RETURN_ZSCORE_REVERSAL,LONG,72,Long after 72H downside move with z <= -1.5,24,2457,10.681956405522287,11.53264593068526,56.49165649165649,206,3.775549280007684,5.176005031666264,53.398058252427184,8.0,-4.224450719992316,8.502590481085887,7.013983104031285,-4.727041201078203,-3.2384338240236015,-12.727041201078203,133,5.399168580153054,161,-2.582402969165174,45,26.52288954927057,103,9.311452746852462,103,-1.7603541868370909,-2.582402969165174,67.96123485440896,-56.52348602784851,90.16732675271501,-98.6349529955561,FAIL_BENCHMARK_RESEARCH_ONLY,"{""2022"": 3.0094788537219612, ""2023"": 12.661183522178895, ""2024"": -0.4633496207011572, ""2025"": 26.52288954927057, ""2026"": -40.49486782842674}","{""2022"": 28, ""2023"": 52, ""2024"": 53, ""2025"": 45, ""2026"": 28}","{""2022"": 3.8960547403222914, ""2023"": 0.7752052501836393, ""2024"": 5.243926023390487, ""2025"": -2.582402969165174, ""2026"": 10.739435117289506}"
Stage39A_BENCHMARK_FIRST_REVERSAL_OR_MEAN_REVERSION_SCAN,NO_GO,RESEARCH_STAGE_ONLY_NO_PROMOTION,BB_LOWER_REV_LONG_W120_K2,BOLLINGER_REVERSAL,LONG,120,Long when close is <= -2 sigma vs 120H rolling mean,24,1494,15.288524292991639,14.179578412119032,57.89825970548862,171,3.213877621387824,4.470132183205244,51.461988304093566,8.0,-4.786122378612176,8.502590481085887,7.013983104031285,-5.288712859698063,-3.8001054826434615,-13.288712859698062,115,8.580001915820354,139,-4.597814344937707,32,37.14591460011435,95,4.602472559604305,76,1.4781339486172174,-4.597814344937707,73.51640267806437,-60.575689323809634,82.41251038223237,-99.0424047538373,FAIL_BENCHMARK_RESEARCH_ONLY,"{""2022"": 6.110350314037634, ""2023"": 3.816948730362308, ""2024"": 17.705083717160424, ""2025"": 37.14591460011435, ""2026"": -67.74151726107009}","{""2022"": 39, ""2023"": 43, ""2024"": 33, ""2025"": 32, ""2026"": 24}","{""2022"": 2.3581015985594727, ""2023"": 3.0112834207167074, ""2024"": -0.2514107928186686, ""2025"": -4.597814344937707, ""2026"": 14.798431887911564}"
Stage39A_BENCHMARK_FIRST_REVERSAL_OR_MEAN_REVERSION_SCAN,NO_GO,RESEARCH_STAGE_ONLY_NO_PROMOTION,RET_Z_UPSIDE_EXTREME_REV_SHORT_L120_T2.5,RETURN_ZSCORE_REVERSAL,SHORT,120,Short after 120H upside move with z >= +2.5,24,432,10.20138860593123,-8.010106229126013,46.2962962962963,37,-13.902136890929514,-8.016379966198084,43.24324324324324,8.0,-21.902136890929512,-8.502590481085887,-7.013983104031285,-5.3995464098436265,-6.888153786898228,-13.399546409843627,27,-15.015312432137724,28,-15.664791147628515,9,-8.418323647865947,24,-15.038705920838305,13,-11.803855604944046,-44.86801521791464,40.988983882563886,-68.85624303123893,85.93639367535968,-98.18532792875892,FAIL_BENCHMARK_RESEARCH_ONLY,"{""2022"": -85.35909909766362, ""2023"": 31.514484655315332, ""2024"": -60.99601848524446, ""2025"": -8.418323647865947, ""2026"": -33.20071646587985}","{""2022"": 6, ""2023"": 15, ""2024"": 6, ""2025"": 9, ""2026"": 1}","{""2022"": -0.07175710898097222, ""2023"": -44.86801521791464, ""2024"": -4.787192066223392, ""2025"": -15.664791147628515, ""2026"": -13.366065236069781}"
Stage39A_BENCHMARK_FIRST_REVERSAL_OR_MEAN_REVERSION_SCAN,NO_GO,RESEARCH_STAGE_ONLY_NO_PROMOTION,RSI_OVERBOUGHT_REV_SHORT_RSI14_T70,RSI_REVERSAL,SHORT,14,Short when RSI14 >= 70,24,1942,-12.283466038420638,-9.263914271420148,45.468589083419154,296,-13.912419737328406,-15.991754754390852,43.24324324324324,8.0,-21.912419737328406,-8.502590481085887,-7.013983104031285,-5.409829256242519,-6.898436633297121,-13.409829256242519,189,0.5263477155785694,215,-4.59817757950319,81,-38.63540818093855,142,0.18252324747959592,154,-26.909055476566948,-18.30610104037243,53.066858248637104,-65.45668278963856,73.25923127068442,-85.61240189708,FAIL_BENCHMARK_RESEARCH_ONLY,"{""2022"": 13.124083977985784, ""2023"": -0.2431890167469943, ""2024"": -3.9666208168841384, ""2025"": -38.63540818093855, ""2026"": -41.84953453221289}","{""2022"": 34, ""2023"": 72, ""2024"": 83, ""2025"": 81, ""2026"": 26}","{""2022"": -17.420973654582916, ""2023"": -18.30610104037243, ""2024"": -17.7880127438865, ""2025"": -4.59817757950319, ""2026"": -11.222179053376568}"
Stage39A_BENCHMARK_FIRST_REVERSAL_OR_MEAN_REVERSION_SCAN,NO_GO,RESEARCH_STAGE_ONLY_NO_PROMOTION,BB_UPPER_REV_SHORT_W24_K2.5,BOLLINGER_REVERSAL,SHORT,24,Short when close is >= +2.5 sigma vs 24H rolling mean,24,656,-14.492110258327227,-12.563825124261019,43.292682926829265,311,-13.930940752420163,-9.968914665108297,45.337620578778136,8.0,-21.930940752420163,-8.502590481085887,-7.013983104031285,-5.428350271334276,-6.916957648388878,-13.428350271334276,211,-5.471762219999036,242,-9.483108839072054,69,-29.530583115177304,164,-3.857022341820513,147,-25.1698701356742,-19.249962083297437,54.075258249430824,-62.96270670449133,74.75803773696498,-84.69262991146968,FAIL_BENCHMARK_RESEARCH_ONLY,"{""2022"": 14.50954064941341, ""2023"": -11.740302733021231, ""2024"": -11.301510895570804, ""2025"": -29.530583115177304, ""2026"": -36.78614550437552}","{""2022"": 49, ""2023"": 79, ""2024"": 83, ""2025"": 69, ""2026"": 31}","{""2022"": -19.249962083297437, ""2023"": -14.676890767646526, ""2024"": -14.888145481010062, ""2025"": -9.483108839072054, ""2026"": -11.400543083453679}"
Stage39A_BENCHMARK_FIRST_REVERSAL_OR_MEAN_REVERSION_SCAN,NO_GO,RESEARCH_STAGE_ONLY_NO_PROMOTION,RANGE_BOTTOM_REV_LONG_W120_Q0.05,ROLLING_RANGE_REVERSAL,LONG,120,Long near bottom 0.05 of rolling 120H range,24,853,6.80697030228961,6.589268904926282,53.458382180539274,166,3.059900608150301,4.585553430568323,50.602409638554214,8.0,-4.940099391849699,8.502590481085887,7.013983104031285,-5.442689872935587,-3.9540824958809844,-13.442689872935587,122,3.536795696589479,142,0.6689994767301577,24,17.20606563571948,103,3.763551288388408,63,1.909487591253078,0.459660190386478,54.96927559816012,-55.64741399274931,76.43888907377404,-90.0617900169973,FAIL_BENCHMARK_RESEARCH_ONLY,"{""2022"": 10.987462857430243, ""2023"": -0.6711052560534295, ""2024"": 0.469624536514439, ""2025"": 17.20606563571948, ""2026"": -16.824557464411697}","{""2022"": 41, ""2023"": 50, ""2024"": 31, ""2025"": 24, ""2026"": 20}","{""2022"": 0.459660190386478, ""2023"": 4.668092790996733, ""2024"": 3.6547047431185344, ""2025"": 0.6689994767301577, ""2026"": 5.783798974254684}"
Stage39A_BENCHMARK_FIRST_REVERSAL_OR_MEAN_REVERSION_SCAN,NO_GO,RESEARCH_STAGE_ONLY_NO_PROMOTION,BB_UPPER_REV_SHORT_W72_K2,BOLLINGER_REVERSAL,SHORT,72,Short when close is >= +2 sigma vs 72H rolling mean,24,2244,-14.417913381422917,-13.491310794384592,41.80035650623886,289,-14.37237040533336,-16.29809148742778,41.522491349480966,8.0,-22.37237040533336,-8.502590481085887,-7.013983104031285,-5.869779924247473,-7.358387301302074,-13.869779924247473,184,4.7822391223814344,209,-2.6478446340369586,80,-45.00269398284522,143,6.205473956653524,146,-34.527382348923254,-21.405134584427227,47.02702329975273,-66.38053727094805,73.90879655516305,-87.0592372982318,FAIL_BENCHMARK_RESEARCH_ONLY,"{""2022"": 29.40658660952594, ""2023"": 0.10865417104261972, ""2024"": -4.165012493244924, ""2025"": -45.00269398284522, ""2026"": -57.333261081276326}","{""2022"": 40, ""2023"": 71, ""2024"": 73, ""2025"": 80, ""2026"": 25}","{""2022"": -21.405134584427227, ""2023"": -19.088667400391596, ""2024"": -17.822079329326215, ""2025"": -2.6478446340369586, ""2026"": -10.304104242838765}"
Stage39A_BENCHMARK_FIRST_REVERSAL_OR_MEAN_REVERSION_SCAN,NO_GO,RESEARCH_STAGE_ONLY_NO_PROMOTION,BB_LOWER_REV_LONG_W48_K2,BOLLINGER_REVERSAL,LONG,48,Long when close is <= -2 sigma vs 48H rolling mean,24,1580,3.994247088775004,10.159350879402895,55.44303797468354,283,2.6119353754185646,8.960344077213467,54.416961130742045,8.0,-5.388064624581435,8.502590481085887,7.013983104031285,-5.890655105667323,-4.402047728612721,-13.890655105667323,191,0.2933429179737373,226,2.0238548208198983,57,4.94362318838871,152,1.277642001711138,131,4.160123106743211,-0.030949197202247723,63.78230121810269,-55.729650645525155,82.2698653208922,-88.45086855753233,FAIL_BENCHMARK_RESEARCH_ONLY,"{""2022"": -4.56157554081911, ""2023"": 9.318254978443878, ""2024"": -7.422466414437941, ""2025"": 4.94362318838871, ""2026"": 11.467505490637526}","{""2022"": 47, ""2023"": 80, ""2024"": 64, ""2025"": 57, ""2026"": 35}","{""2022"": 4.040558312126914, ""2023"": -0.030949197202247723, ""2024"": 5.544363295741927, ""2025"": 2.0238548208198983, ""2026"": 1.3621573349642746}"
Stage39A_BENCHMARK_FIRST_REVERSAL_OR_MEAN_REVERSION_SCAN,NO_GO,RESEARCH_STAGE_ONLY_NO_PROMOTION,BB_LOWER_REV_LONG_W24_K2,BOLLINGER_REVERSAL,LONG,24,Long when close is <= -2 sigma vs 24H rolling mean,24,1442,0.0030808779753692256,6.020198529600451,53.46740638002774,413,2.3762526683251894,5.102590415066999,52.54237288135594,8.0,-5.62374733167481,8.502590481085887,7.013983104031285,-6.126337812760697,-4.637730435706096,-14.126337812760697,274,-1.2871310542236556,318,-2.5460509317295887,95,18.853016297982236,220,2.391526861636063,193,2.358841670768752,-2.5460509317295887,60.18638748852556,-56.53224096285881,81.13543475099331,-86.76160921554974,FAIL_BENCHMARK_RESEARCH_ONLY,"{""2022"": 5.278971295537883, ""2023"": -3.553584037124583, ""2024"": -4.203019677785641, ""2025"": 18.853016297982236, ""2026"": -10.385688350743802}","{""2022"": 77, ""2023"": 106, ""2024"": 91, ""2025"": 95, ""2026"": 44}","{""2022"": 1.7110463162556133, ""2023"": 4.423688143171039, ""2024"": 4.235612244399988, ""2025"": -2.5460509317295887, ""2026"": 3.898001732929623}"
Stage39A_BENCHMARK_FIRST_REVERSAL_OR_MEAN_REVERSION_SCAN,NO_GO,RESEARCH_STAGE_ONLY_NO_PROMOTION,BB_UPPER_REV_SHORT_W48_K2.5,BOLLINGER_REVERSAL,SHORT,48,Short when close is >= +2.5 sigma vs 48H rolling mean,24,830,-27.103490007092837,-21.628473646971848,39.63855421686747,227,-15.274220908636158,-14.49478301347673,42.731277533039645,8.0,-23.27422090863616,-8.502590481085887,-7.013983104031285,-6.771630427550271,-8.260237804604873,-14.77163042755027,155,0.9475732098376027,173,-4.467926573479704,54,-49.89438609348923,120,5.074435510704106,107,-38.095143995746724,-22.51402788186071,56.16436622036147,-67.21558497470693,77.0352687318967,-84.8920679319816,FAIL_BENCHMARK_RESEARCH_ONLY,"{""2022"": 27.28706857032031, ""2023"": -1.4425910446311732, ""2024"": -11.232477618372497, ""2025"": -49.89438609348923, ""2026"": -51.10139692982321}","{""2022"": 33, ""2023"": 63, ""2024"": 59, ""2025"": 54, ""2026"": 18}","{""2022"": -22.51402788186071, ""2023"": -20.58759091736978, ""2024"": -16.69364265938351, ""2025"": -4.467926573479704, ""2026"": -12.188626801548276}"
Stage39A_BENCHMARK_FIRST_REVERSAL_OR_MEAN_REVERSION_SCAN,NO_GO,RESEARCH_STAGE_ONLY_NO_PROMOTION,RSI_OVERSOLD_REV_LONG_RSI28_T30,RSI_REVERSAL,LONG,28,Long when RSI28 <= 30,24,240,-10.08115491465714,-0.29383954959882885,49.166666666666664,43,1.6926512696246234,5.40860478406513,53.48837209302325,8.0,-6.307348730375376,8.502590481085887,7.013983104031285,-6.809939211461264,-5.321331834406662,-14.809939211461263,33,11.509022789840571,40,-7.3086636531777005,3,121.71018357365558,26,15.758902443362379,17,-19.82043876079783,-10.357968430286183,74.39418452025225,-61.66271248256416,95.41074721352457,-102.35395259641636,FAIL_BENCHMARK_RESEARCH_ONLY,"{""2022"": 47.21721458039878, ""2023"": -13.06758728039759, ""2024"": 11.338314135119866, ""2025"": 121.71018357365558, ""2026"": -96.02061402740671}","{""2022"": 9, ""2023"": 13, ""2024"": 11, ""2025"": 3, ""2026"": 7}","{""2022"": -10.357968430286183, ""2023"": 8.08875464130091, ""2024"": -1.623045340389364, ""2025"": -7.3086636531777005, ""2026"": 20.692452855158493}"
Stage39A_BENCHMARK_FIRST_REVERSAL_OR_MEAN_REVERSION_SCAN,NO_GO,RESEARCH_STAGE_ONLY_NO_PROMOTION,BB_LOWER_REV_LONG_W24_K2.5,BOLLINGER_REVERSAL,LONG,24,Long when close is <= -2.5 sigma vs 24H rolling mean,24,571,-5.127580329363061,1.161465479069257,50.61295971978984,273,1.3215733910791694,1.4973939585916085,50.91575091575091,8.0,-6.67842660892083,8.502590481085887,7.013983104031285,-7.181017090006717,-5.6924097129521165,-15.181017090006717,178,-6.235836268288602,209,-7.6293863073951345,64,30.55205115640931,140,-1.5569357308320515,133,4.351582993090977,-7.6293863073951345,60.65003053379314,-60.22927445144766,81.62433741275369,-87.64365896400422,FAIL_BENCHMARK_RESEARCH_ONLY,"{""2022"": -17.205969222225058, ""2023"": 2.725784986306981, ""2024"": -10.143544287511283, ""2025"": 30.55205115640931, ""2026"": -15.631060725490695}","{""2022"": 40, ""2023"": 76, ""2024"": 62, ""2025"": 64, ""2026"": 31}","{""2022"": 4.502267401946848, ""2023"": 0.7798470903821435, ""2024"": 4.69047052886404, ""2025"": -7.6293863073951345, ""2026"": 3.493191810970348}"
Stage39A_BENCHMARK_FIRST_REVERSAL_OR_MEAN_REVERSION_SCAN,NO_GO,RESEARCH_STAGE_ONLY_NO_PROMOTION,RANGE_TOP_REV_SHORT_W48_Q0.1,ROLLING_RANGE_REVERSAL,SHORT,48,Short near top 0.9 of rolling 48H range,24,3562,-11.390535828956537,-9.43859625351151,45.62043795620438,442,-15.745997484667278,-15.739202357643034,44.11764705882353,8.0,-23.745997484667278,-8.502590481085887,-7.013983104031285,-7.243407003581391,-8.732014380635992,-15.24340700358139,275,-3.4616897749100697,319,-8.96771531338229,123,-33.32544474190233,202,-3.909077457424295,240,-25.708738507596795,-22.867841626200292,51.47695603309632,-65.31848475394119,73.30192839377898,-85.04614948745022,FAIL_BENCHMARK_RESEARCH_ONLY,"{""2022"": 25.560698536224198, ""2023"": -11.714892533544194, ""2024"": -13.10837126909475, ""2025"": -33.32544474190233, ""2026"": -43.380374928833675}","{""2022"": 65, ""2023"": 100, ""2024"": 110, ""2025"": 123, ""2026"": 44}","{""2022"": -22.867841626200292, ""2023"": -16.9246831428904, ""2024"": -16.619909785007575, ""2025"": -8.96771531338229, ""2026"": -12.690940681794615}"
Stage39A_BENCHMARK_FIRST_REVERSAL_OR_MEAN_REVERSION_SCAN,NO_GO,RESEARCH_STAGE_ONLY_NO_PROMOTION,RANGE_TOP_REV_SHORT_W24_Q0.05,ROLLING_RANGE_REVERSAL,SHORT,24,Short near top 0.95 of rolling 24H range,24,1508,-14.22355647375217,-9.383633640203115,45.95490716180372,401,-15.748363645552145,-11.218510542394533,43.64089775561097,8.0,-23.748363645552146,-8.502590481085887,-7.013983104031285,-7.245773164466257,-8.73438054152086,-15.245773164466257,236,-4.628504965182909,282,-10.23029039078894,119,-28.824806148436373,168,-6.10886800441326,233,-22.69872960139477,-19.876198431213787,51.00736833518971,-65.61150742876553,73.54904076890251,-87.26433798508513,FAIL_BENCHMARK_RESEARCH_ONLY,"{""2022"": 9.682047087541905, ""2023"": -10.450051967288003, ""2024"": -8.009581220492679, ""2025"": -28.824806148436373, ""2026"": -38.96988518302859}","{""2022"": 56, ""2023"": 79, ""2024"": 101, ""2025"": 119, ""2026"": 46}","{""2022"": -19.876198431213787, ""2023"": -17.048259988977197, ""2024"": -18.353753728655498, ""2025"": -10.23029039078894, ""2026"": -12.739377756188999}"
Stage39A_BENCHMARK_FIRST_REVERSAL_OR_MEAN_REVERSION_SCAN,NO_GO,RESEARCH_STAGE_ONLY_NO_PROMOTION,RANGE_BOTTOM_REV_LONG_W48_Q0.1,ROLLING_RANGE_REVERSAL,LONG,48,Long near bottom 0.1 of rolling 48H range,24,1950,9.726040486382646,13.085179169992633,57.128205128205124,320,1.186484517254949,13.764517911931673,55.93749999999999,8.0,-6.813515482745051,8.502590481085887,7.013983104031285,-7.316105963830938,-5.827498586776336,-15.316105963830939,227,1.5610750463413507,259,-1.8354677342440655,61,14.017396535914699,175,0.6713936066395411,145,1.8081459611011308,-1.8354677342440655,62.87619846955472,-55.132210218727934,75.77147324980675,-87.98049801381156,FAIL_BENCHMARK_RESEARCH_ONLY,"{""2022"": -0.3686306769110921, ""2023"": -0.1380961742748011, ""2024"": 5.0627619458367485, ""2025"": 14.017396535914699, ""2026"": -25.92969308402186}","{""2022"": 64, ""2023"": 86, ""2024"": 77, ""2025"": 61, ""2026"": 32}","{""2022"": 1.575263315796461, ""2023"": 1.6732962243983618, ""2024"": -0.04180092307755623, ""2025"": -1.8354677342440655, ""2026"": 4.199393139619039}"
Stage39A_BENCHMARK_FIRST_REVERSAL_OR_MEAN_REVERSION_SCAN,NO_GO,RESEARCH_STAGE_ONLY_NO_PROMOTION,RANGE_BOTTOM_REV_LONG_W24_Q0.1,ROLLING_RANGE_REVERSAL,LONG,24,Long near bottom 0.1 of rolling 24H range,24,1859,4.023751813556983,8.68906747811149,54.92200107584723,420,1.1802532860916888,9.428153805269845,53.80952380952381,8.0,-6.819746713908311,8.502590481085887,7.013983104031285,-7.322337194994199,-5.833729817939597,-15.322337194994198,289,2.0141279570709534,331,-4.672452569993835,89,22.94705821153335,224,2.705768160984998,196,-0.5631922852149515,-4.672452569993835,62.149389877238505,-54.352753160122894,79.86172067408123,-86.52474059706434,FAIL_BENCHMARK_RESEARCH_ONLY,"{""2022"": 3.6544290678674898, ""2023"": -1.5164411258185855, ""2024"": 4.515724577029704, ""2025"": 22.94705821153335, ""2026"": -50.682494768130105}","{""2022"": 83, ""2023"": 108, ""2024"": 98, ""2025"": 89, ""2026"": 42}","{""2022"": 0.5708865505207943, ""2023"": 2.113724428676017, ""2024"": 0.1651098497192501, ""2025"": -4.672452569993835, ""2026"": 6.942780847671888}"
Stage39A_BENCHMARK_FIRST_REVERSAL_OR_MEAN_REVERSION_SCAN,NO_GO,RESEARCH_STAGE_ONLY_NO_PROMOTION,RANGE_TOP_REV_SHORT_W24_Q0.1,ROLLING_RANGE_REVERSAL,SHORT,24,Short near top 0.9 of rolling 24H range,24,3259,-13.613595889257253,-10.543089296874975,44.98312365756367,518,-16.033106359291857,-11.889094543652279,43.62934362934363,8.0,-24.033106359291857,-8.502590481085887,-7.013983104031285,-7.53051587820597,-9.01912325526057,-15.53051587820597,318,-8.52094263069128,375,-12.572880519540272,143,-25.10712516982923,239,-7.345292818726826,279,-23.475355234542903,-20.973615747228656,52.97218662258185,-65.742679907419,74.30559394397038,-85.05170271621056,FAIL_BENCHMARK_RESEARCH_ONLY,"{""2022"": 11.01618253966212, ""2023"": -14.069505907373662, ""2024"": -15.948668339760216, ""2025"": -25.10712516982923, ""2026"": -35.17842874153991}","{""2022"": 80, ""2023"": 109, ""2024"": 129, ""2025"": 143, ""2026"": 57}","{""2022"": -20.973615747228656, ""2023"": -16.556413081196705, ""2024"": -16.061107656257363, ""2025"": -12.572880519540272, ""2026"": -13.665897301183096}"
Stage39A_BENCHMARK_FIRST_REVERSAL_OR_MEAN_REVERSION_SCAN,NO_GO,RESEARCH_STAGE_ONLY_NO_PROMOTION,RANGE_TOP_REV_SHORT_W72_Q0.05,ROLLING_RANGE_REVERSAL,SHORT,72,Short near top 0.95 of rolling 72H range,24,1886,-11.285195440885603,-8.205302710321272,46.60657476139979,315,-16.041001292332826,-16.45636304342446,40.63492063492063,8.0,-24.041001292332826,-8.502590481085887,-7.013983104031285,-7.538410811246939,-9.02701818830154,-15.538410811246939,184,-5.951337415458,217,-9.706561130994508,98,-30.06726164958195,133,-10.445075450472164,182,-20.130331715230994,-19.738155241342703,53.7523024593467,-70.15600480014817,76.3460486212515,-88.65370948807126,FAIL_BENCHMARK_RESEARCH_ONLY,"{""2022"": 10.123472808352501, ""2023"": -15.73932252346985, ""2024"": -5.709699207860879, ""2025"": -30.06726164958195, ""2026"": -30.644778211561697}","{""2022"": 39, ""2023"": 66, ""2024"": 79, ""2025"": 98, ""2026"": 33}","{""2022"": -19.738155241342703, ""2023"": -16.120964339501324, ""2024"": -19.499360888406052, ""2025"": -9.706561130994508, ""2026"": -14.332048674125188}"
Stage39A_BENCHMARK_FIRST_REVERSAL_OR_MEAN_REVERSION_SCAN,NO_GO,RESEARCH_STAGE_ONLY_NO_PROMOTION,BB_LOWER_REV_LONG_W48_K2.5,BOLLINGER_REVERSAL,LONG,48,Long when close is <= -2.5 sigma vs 48H rolling mean,24,638,1.0905542119198586,12.90250339793686,56.26959247648903,192,0.8955713407911295,8.561438210623606,53.125,8.0,-7.10442865920887,8.502590481085887,7.013983104031285,-7.607019140294757,-6.118411763240156,-15.607019140294756,134,-0.5829948501414114,154,-2.195417747392214,38,13.422211329744677,108,0.3980655043013502,84,1.5352217019922738,-2.6867477732004827,57.720620232794005,-60.858162914993464,74.55145538496681,-82.38272586987473,FAIL_BENCHMARK_RESEARCH_ONLY,"{""2022"": -8.373889794316522, ""2023"": 8.588748454445248, ""2024"": -8.15343766705469, ""2025"": 13.422211329744677, ""2026"": -12.998651158972587}","{""2022"": 31, ""2023"": 61, ""2024"": 42, ""2025"": 38, ""2026"": 20}","{""2022"": 2.680374416495088, ""2023"": -2.6867477732004827, ""2024"": 3.429293862987959, ""2025"": -2.195417747392214, ""2026"": 2.511178608205515}"
Stage39A_BENCHMARK_FIRST_REVERSAL_OR_MEAN_REVERSION_SCAN,NO_GO,RESEARCH_STAGE_ONLY_NO_PROMOTION,RANGE_TOP_REV_SHORT_W72_Q0.1,ROLLING_RANGE_REVERSAL,SHORT,72,Short near top 0.9 of rolling 72H range,24,3773,-13.855988979262673,-10.930020736030777,44.68592631857938,401,-16.15806479047622,-19.566912037836115,40.89775561097257,8.0,-24.15806479047622,-8.502590481085887,-7.013983104031285,-7.655474309390334,-9.144081686444935,-15.655474309390334,241,-8.6579411517599,283,-9.670492529591064,118,-31.717242331412667,179,-13.3068761669862,222,-18.45699615806502,-19.805073988388067,48.08375153867894,-67.46590302383004,76.04283666758556,-87.7575518209336,FAIL_BENCHMARK_RESEARCH_ONLY,"{""2022"": 6.310116875230672, ""2023"": -16.570519183947592, ""2024"": -10.120872931955315, ""2025"": -31.717242331412667, ""2026"": -15.480608769050823}","{""2022"": 56, ""2023"": 88, ""2024"": 97, ""2025"": 118, ""2026"": 42}","{""2022"": -19.805073988388067, ""2023"": -16.04210317186446, ""2024"": -18.084405613754274, ""2025"": -9.670492529591064, ""2026"": -16.237321483790616}"
Stage39A_BENCHMARK_FIRST_REVERSAL_OR_MEAN_REVERSION_SCAN,NO_GO,RESEARCH_STAGE_ONLY_NO_PROMOTION,RSI_OVERSOLD_REV_LONG_RSI14_T30,RSI_REVERSAL,LONG,14,Long when RSI14 <= 30,24,1193,0.7408871953843017,5.008220564057808,52.724224643755235,225,0.7544755771032123,11.84776956356215,52.888888888888886,8.0,-7.245524422896787,8.502590481085887,7.013983104031285,-7.748114903982675,-6.259507526928073,-15.748114903982675,153,-0.27086561008007765,181,-3.915872271210102,44,19.966588316755715,119,0.6935889414278986,106,0.8228294416821061,-3.915872271210102,63.94805794505576,-54.45952091740702,81.39732439704515,-94.25671051798781,FAIL_BENCHMARK_RESEARCH_ONLY,"{""2022"": 1.857207547906707, ""2023"": 1.1700554863695403, ""2024"": -3.547085389156681, ""2025"": 19.966588316755715, ""2026"": -23.83323009809916}","{""2022"": 43, ""2023"": 57, ""2024"": 53, ""2025"": 44, ""2026"": 28}","{""2022"": 0.49394000158370865, ""2023"": 0.6134752507449944, ""2024"": 2.079956572520507, ""2025"": -3.915872271210102, ""2026"": 4.249174860888323}"
Stage39A_BENCHMARK_FIRST_REVERSAL_OR_MEAN_REVERSION_SCAN,NO_GO,RESEARCH_STAGE_ONLY_NO_PROMOTION,RANGE_TOP_REV_SHORT_W48_Q0.05,ROLLING_RANGE_REVERSAL,SHORT,48,Short near top 0.95 of rolling 48H range,24,1729,-10.01836185656473,-5.337672567471419,47.77327935222672,339,-16.300734558276503,-14.47166069521888,41.5929203539823,8.0,-24.300734558276503,-8.502590481085887,-7.013983104031285,-7.798144077190615,-9.286751454245216,-15.798144077190615,198,-6.358732698368499,232,-10.980904230192554,107,-27.835319942533296,144,-5.136210420764747,195,-24.54530622905442,-20.937778507934045,53.605012143713715,-66.31933609565155,74.96795979965545,-86.43784179349589,FAIL_BENCHMARK_RESEARCH_ONLY,"{""2022"": 15.619381932389333, ""2023"": -6.922978988398581, ""2024"": -17.255518195241038, ""2025"": -27.835319942533296, ""2026"": -37.89825609199147}","{""2022"": 43, ""2023"": 72, ""2024"": 83, ""2025"": 107, ""2026"": 34}","{""2022"": -20.937778507934045, ""2023"": -18.829567520940216, ""2024"": -15.991175800979413, ""2025"": -10.980904230192554, ""2026"": -13.89314199386238}"
Stage39A_BENCHMARK_FIRST_REVERSAL_OR_MEAN_REVERSION_SCAN,NO_GO,RESEARCH_STAGE_ONLY_NO_PROMOTION,RET_Z_DOWNSIDE_EXTREME_REV_LONG_L120_T1.5,RETURN_ZSCORE_REVERSAL,LONG,120,Long after 120H downside move with z <= -1.5,24,2314,-1.7066808282547923,1.2204773815083225,50.56179775280899,164,-0.4622762515963844,2.8420523643002404,52.4390243902439,8.0,-8.462276251596384,8.502590481085887,7.013983104031285,-8.964866732682271,-7.47625935562767,-16.96486673268227,96,-5.0369075947712565,122,-8.3454289872506,42,22.43640550435157,74,-8.318196693141632,90,5.997036111451932,-8.3454289872506,77.19459458908838,-63.61802786883031,100.69305206655456,-112.06400548775214,FAIL_BENCHMARK_RESEARCH_ONLY,"{""2022"": 4.924689735899039, ""2023"": -18.191275128801284, ""2024"": 3.9930794665950495, ""2025"": 22.43640550435157, ""2026"": -20.561507974866622}","{""2022"": 22, ""2023"": 40, ""2024"": 34, ""2025"": 42, ""2026"": 26}","{""2022"": -1.296876615856239, ""2023"": 5.256755644276161, ""2024"": -1.627523131738758, ""2025"": -8.3454289872506, ""2026"": 3.324535522353082}"
Stage39A_BENCHMARK_FIRST_REVERSAL_OR_MEAN_REVERSION_SCAN,NO_GO,RESEARCH_STAGE_ONLY_NO_PROMOTION,RANGE_BOTTOM_REV_LONG_W120_Q0.1,ROLLING_RANGE_REVERSAL,LONG,120,Long near bottom 0.1 of rolling 120H range,24,2073,8.508285035021702,8.296968455767662,55.23396044380126,228,-0.76844054904717,7.6342176562427255,52.63157894736842,8.0,-8.76844054904717,8.502590481085887,7.013983104031285,-9.271031030133058,-7.782423653078455,-17.27103103013306,169,6.993565804108171,193,-3.8066897789433454,35,15.985333775808876,139,4.5609003427489405,89,-9.091793177807387,-4.506873470792194,61.68002427076158,-52.817517019751456,76.84679167807225,-93.41583078744483,FAIL_BENCHMARK_RESEARCH_ONLY,"{""2022"": 2.610967381735554, ""2023"": 7.331497448067046, ""2024"": 11.719625759124296, ""2025"": 15.985333775808876, ""2026"": -79.85848950959777}","{""2022"": 53, ""2023"": 72, ""2024"": 44, ""2025"": 35, ""2026"": 24}","{""2022"": -1.7919183795127966, ""2023"": -4.506873470792194, ""2024"": -3.754717274914262, ""2025"": -3.8066897789433454, ""2026"": 8.53627109337055}"
Stage39A_BENCHMARK_FIRST_REVERSAL_OR_MEAN_REVERSION_SCAN,NO_GO,RESEARCH_STAGE_ONLY_NO_PROMOTION,RANGE_TOP_REV_SHORT_W120_Q0.05,ROLLING_RANGE_REVERSAL,SHORT,120,Short near top 0.95 of rolling 120H range,24,2105,-12.090147299748995,-10.12261329875308,46.22327790973872,282,-17.795460076867673,-14.682907993193162,42.198581560283685,8.0,-25.795460076867673,-8.502590481085887,-7.013983104031285,-9.292869595781786,-10.781476972836387,-17.292869595781788,159,-9.452788261668061,187,-13.2679631276782,95,-26.707480387377487,112,-12.159234982501621,170,-21.50873778609708,-21.002811960672894,53.76212675994418,-70.31089080737019,76.85817517933235,-89.87073594138447,FAIL_BENCHMARK_RESEARCH_ONLY,"{""2022"": 7.26197651536059, ""2023"": -14.846942988893332, ""2024"": -12.638337437530197, ""2025"": -26.707480387377487, ""2026"": -34.93270611680723}","{""2022"": 32, ""2023"": 59, ""2024"": 68, ""2025"": 95, ""2026"": 28}","{""2022"": -21.002811960672894, ""2023"": -18.575561010457296, ""2024"": -19.43417194357304, ""2025"": -13.2679631276782, ""2026"": -15.906314844118432}"
Stage39A_BENCHMARK_FIRST_REVERSAL_OR_MEAN_REVERSION_SCAN,NO_GO,RESEARCH_STAGE_ONLY_NO_PROMOTION,RET_Z_DOWNSIDE_EXTREME_REV_LONG_L120_T2.5,RETURN_ZSCORE_REVERSAL,LONG,120,Long after 120H downside move with z <= -2.5,24,505,29.81929506339275,0.32161234991612275,50.0990099009901,49,-1.6977576217574673,-22.18797532215211,40.816326530612244,8.0,-9.697757621757468,8.502590481085887,7.013983104031285,-10.200348102843355,-8.711740725788752,-18.200348102843357,24,-28.671149734405358,35,-3.6294428261087077,14,3.131455389120648,19,-29.845688608202426,30,16.129265336324345,-16.95440047836946,85.174974431943,-88.08262748407847,117.90816465517709,-157.59890669970122,FAIL_BENCHMARK_RESEARCH_ONLY,"{""2022"": -17.154827349007142, ""2023"": -52.27693951801328, ""2024"": 0.9793737483074239, ""2025"": 3.131455389120648, ""2026"": 51.00700861017489}","{""2022"": 4, ""2023"": 12, ""2024"": 8, ""2025"": 14, ""2026"": 11}","{""2022"": -0.32379586822415957, ""2023"": 14.706301371622802, ""2024"": -2.2201247183554864, ""2025"": -3.6294428261087077, ""2026"": -16.95440047836946}"
Stage39A_BENCHMARK_FIRST_REVERSAL_OR_MEAN_REVERSION_SCAN,NO_GO,RESEARCH_STAGE_ONLY_NO_PROMOTION,RET_Z_DOWNSIDE_EXTREME_REV_LONG_L24_T1.5,RETURN_ZSCORE_REVERSAL,LONG,24,Long after 24H downside move with z <= -1.5,24,2393,-3.1694115016588915,7.137823234970586,53.489343919765986,272,-1.897542294857041,2.225901972982003,51.10294117647059,8.0,-9.897542294857042,8.502590481085887,7.013983104031285,-10.400132775942929,-8.911525398888326,-18.40013277594293,176,-3.012717966869262,208,-6.247015592741547,64,12.238245923267607,133,0.040236875805032456,139,-3.7516763214617583,-6.247015592741547,60.815749982403574,-61.30345345417176,81.76643600430113,-94.02931520229652,FAIL_BENCHMARK_RESEARCH_ONLY,"{""2022"": -4.941969923865395, ""2023"": 0.3791588260868594, ""2024"": -4.734199219917725, ""2025"": 12.238245923267607, ""2026"": -24.035652535039123}","{""2022"": 43, ""2023"": 61, ""2024"": 72, ""2025"": 64, ""2026"": 32}","{""2022"": -1.325881211680798, ""2023"": -2.5557355099166523, ""2024"": -0.8763458018351932, ""2025"": -6.247015592741547, ""2026"": 1.0542057371672382}"
Stage39A_BENCHMARK_FIRST_REVERSAL_OR_MEAN_REVERSION_SCAN,NO_GO,RESEARCH_STAGE_ONLY_NO_PROMOTION,RANGE_TOP_REV_SHORT_W120_Q0.1,ROLLING_RANGE_REVERSAL,SHORT,120,Short near top 0.9 of rolling 120H range,24,4012,-14.244793953561915,-10.844964554073133,44.91525423728814,355,-19.05882421473792,-19.664650164372688,39.436619718309856,8.0,-27.05882421473792,-8.502590481085887,-7.013983104031285,-10.556233733652034,-12.044841110706635,-18.556233733652036,204,-12.850790289053798,239,-13.671246614525417,116,-30.15909185655506,149,-17.368398644261955,206,-20.28151067105306,-21.530509453375146,47.317543448239796,-74.3529527688358,73.4936872273977,-91.3214014364193,FAIL_BENCHMARK_RESEARCH_ONLY,"{""2022"": -0.6388842220366987, ""2023"": -17.191212408082432, ""2024"": -15.004450011899442, ""2025"": -30.15909185655506, ""2026"": -18.453334911559995}","{""2022"": 42, ""2023"": 75, ""2024"": 87, ""2025"": 116, ""2026"": 35}","{""2022"": -21.530509453375146, ""2023"": -19.559077377234924, ""2024"": -20.37498300446534, ""2025"": -13.671246614525417, ""2026"": -19.125049607273006}"
Stage39A_BENCHMARK_FIRST_REVERSAL_OR_MEAN_REVERSION_SCAN,NO_GO,RESEARCH_STAGE_ONLY_NO_PROMOTION,RET_Z_DOWNSIDE_EXTREME_REV_LONG_L72_T2,RETURN_ZSCORE_REVERSAL,LONG,72,Long after 72H downside move with z <= -2,24,1114,12.993628472159745,5.847534614455974,53.680430879712745,98,-5.948287736663945,-1.6308070063308922,47.95918367346938,8.0,-13.948287736663945,8.502590481085887,7.013983104031285,-14.450878217749832,-12.96227084069523,-22.450878217749832,62,-2.6101077835841213,76,-6.471925898731248,22,-4.139355904067804,48,-6.688244141552432,50,-5.237929587971,-8.958528138580007,61.92346087148914,-54.82616920187366,91.52715205399016,-123.43877805807398,FAIL_BENCHMARK_RESEARCH_ONLY,"{""2022"": 12.113154674832412, ""2023"": -7.01214483592926, ""2024"": -6.796640498648633, ""2025"": -4.139355904067804, ""2026"": -23.57426326581139}","{""2022"": 14, ""2023"": 24, ""2024"": 24, ""2025"": 22, ""2026"": 14}","{""2022"": -8.958528138580007, ""2023"": -5.6032530017670945, ""2024"": -5.673146300344591, ""2025"": -6.471925898731248, ""2026"": -3.0106251484727062}"
Stage39A_BENCHMARK_FIRST_REVERSAL_OR_MEAN_REVERSION_SCAN,NO_GO,RESEARCH_STAGE_ONLY_NO_PROMOTION,RET_Z_DOWNSIDE_EXTREME_REV_LONG_L72_T2.5,RETURN_ZSCORE_REVERSAL,LONG,72,Long after 72H downside move with z <= -2.5,24,470,22.444300713712607,4.868402561684082,54.04255319148936,51,-8.639548294973109,-6.50066832713625,49.01960784313725,8.0,-16.63954829497311,8.502590481085887,7.013983104031285,-17.142138776058996,-15.653531399004393,-25.142138776058996,30,-1.3292026463187492,38,-3.63750340909592,13,-23.26091026907566,23,-7.611864371557542,28,-9.483717232064466,-12.599932924179662,77.57798007741678,-62.78984683232514,107.92155456427611,-147.404300201106,FAIL_BENCHMARK_RESEARCH_ONLY,"{""2022"": 21.06333642407606, ""2023"": 5.387574566429212, ""2024"": -17.347647551133857, ""2025"": -23.26091026907566, ""2026"": -12.2936312695103}","{""2022"": 6, ""2023"": 11, ""2024"": 13, ""2025"": 13, ""2026"": 8}","{""2022"": -12.599932924179662, ""2023"": -12.497007081858746, ""2024"": -5.660461707339166, ""2025"": -3.63750340909592, ""2026"": -7.959718904361536}"
Stage39A_BENCHMARK_FIRST_REVERSAL_OR_MEAN_REVERSION_SCAN,NO_GO,RESEARCH_STAGE_ONLY_NO_PROMOTION,RET_Z_DOWNSIDE_EXTREME_REV_LONG_L24_T2,RETURN_ZSCORE_REVERSAL,LONG,24,Long after 24H downside move with z <= -2,24,1081,-14.597703634313227,3.038060142339649,51.3413506012951,151,-12.631390102159306,2.749588834631833,52.980132450331126,8.0,-20.63139010215931,8.502590481085887,7.013983104031285,-21.133980583245194,-19.64537320619059,-29.133980583245194,98,-1.9188946746673379,116,-16.05673225674735,35,-1.278827532667518,76,1.3399925908417814,75,-26.789057897733745,-17.695428769050984,61.78383516327379,-63.24496480520803,84.67542742348242,-109.19017350210565,FAIL_BENCHMARK_RESEARCH_ONLY,"{""2022"": 14.165814510142491, ""2023"": 1.0870104237509384, ""2024"": -13.75372122791707, ""2025"": -1.278827532667518, ""2026"": -93.02940353696073}","{""2022"": 24, ""2023"": 33, ""2024"": 41, ""2025"": 35, ""2026"": 18}","{""2022"": -17.695428769050984, ""2023"": -16.467891944151155, ""2024"": -12.213066682558688, ""2025"": -16.05673225674735, ""2026"": -1.7504559530884392}"
Stage39A_BENCHMARK_FIRST_REVERSAL_OR_MEAN_REVERSION_SCAN,NO_GO,RESEARCH_STAGE_ONLY_NO_PROMOTION,RET_Z_DOWNSIDE_EXTREME_REV_LONG_L120_T2,RETURN_ZSCORE_REVERSAL,LONG,120,Long after 120H downside move with z <= -2,24,1159,-3.6381043738873986,-10.030056624532602,44.69370146678171,88,-12.805979271678659,-9.522901545019892,45.45454545454545,8.0,-20.80597927167866,8.502590481085887,7.013983104031285,-21.308569752764548,-19.819962375709945,-29.308569752764548,53,-19.62429274023522,67,-18.52176179124945,21,5.430088766951965,41,-28.703335728925904,47,1.0619274250689479,-18.52176179124945,70.28763301806461,-71.04791718476943,98.11932003717138,-133.71402756815786,FAIL_BENCHMARK_RESEARCH_ONLY,"{""2022"": -28.05796053449519, ""2023"": -35.51511573692152, ""2024"": 4.494616452430307, ""2025"": 5.430088766951965, ""2026"": -14.347894627231922}","{""2022"": 11, ""2023"": 23, ""2024"": 19, ""2025"": 21, ""2026"": 14}","{""2022"": -10.627124805562008, ""2023"": -4.770438676285031, ""2024"": -17.569911427592718, ""2025"": -18.52176179124945, ""2026"": -12.514265555763174}"
Stage39A_BENCHMARK_FIRST_REVERSAL_OR_MEAN_REVERSION_SCAN,NO_GO,RESEARCH_STAGE_ONLY_NO_PROMOTION,RET_Z_DOWNSIDE_EXTREME_REV_LONG_L24_T2.5,RETURN_ZSCORE_REVERSAL,LONG,24,Long after 24H downside move with z <= -2.5,24,473,-21.739603674033493,-0.20085060230101703,49.89429175475687,89,-13.112378150776578,-1.4059373817121301,49.43820224719101,8.0,-21.11237815077658,8.502590481085887,7.013983104031285,-21.614968631862467,-20.126361254807865,-29.614968631862467,57,-0.4963722616355207,67,-18.895721607144186,22,4.500531466342964,43,3.076960083397353,46,-28.245889978373953,-19.060643565195317,63.81690861084755,-63.24496480520803,86.76939537836827,-116.77095207485995,FAIL_BENCHMARK_RESEARCH_ONLY,"{""2022"": 18.753329426466667, ""2023"": 0.31843909134885096, ""2024"": -11.862869381121486, ""2025"": 4.500531466342964, ""2026"": -123.77201287654358}","{""2022"": 14, ""2023"": 18, ""2024"": 25, ""2025"": 22, ""2026"": 10}","{""2022"": -19.060643565195317, ""2023"": -16.51737407131542, ""2024"": -13.600467513923098, ""2025"": -18.895721607144186, ""2026"": 0.8951705486876044}"
Stage39A_BENCHMARK_FIRST_REVERSAL_OR_MEAN_REVERSION_SCAN,NO_GO,RESEARCH_STAGE_ONLY_NO_PROMOTION,RET_Z_UPSIDE_EXTREME_REV_SHORT_L24_T2.5,RETURN_ZSCORE_REVERSAL,SHORT,24,Short after 24H upside move with z >= +2.5,72,320,-7.473225290591986,-22.930361779531783,44.375,67,6.542715403819842,-11.203338096825721,49.25373134328358,8.0,-1.4572845961801582,-25.002508867881488,-21.018360592288875,31.54522427170133,27.561075996108716,23.54522427170133,46,6.259832080925422,53,38.936451710163674,14,-116.09071489876753,41,12.706713384697977,26,-3.1774352583341376,-22.288628881002932,108.26717682826504,-123.24995786107907,170.64670423548174,-142.62050492446076,FAIL_BENCHMARK_RESEARCH_ONLY,"{""2022"": 40.73050543087059, ""2023"": 11.806616728431417, ""2024"": -33.27642947992466, ""2025"": -116.09071489876753, ""2026"": 253.6685235594436}","{""2022"": 13, ""2023"": 19, ""2024"": 14, ""2025"": 14, ""2026"": 7}","{""2022"": -1.6876784915812604, ""2023"": 4.45908779616109, ""2024"": 17.060980090091977, ""2025"": 38.936451710163674, ""2026"": -22.288628881002932}"
Stage39A_BENCHMARK_FIRST_REVERSAL_OR_MEAN_REVERSION_SCAN,NO_GO,RESEARCH_STAGE_ONLY_NO_PROMOTION,BB_UPPER_REV_SHORT_W72_K2.5,BOLLINGER_REVERSAL,SHORT,72,Short when close is >= +2.5 sigma vs 72H rolling mean,72,850,-17.17809257081218,-32.81356392025536,42.705882352941174,144,-6.487645743065455,-20.37170175508418,45.83333333333333,8.0,-14.487645743065455,-25.002508867881488,-21.018360592288875,18.51486312481603,14.53071484922342,10.514863124816031,92,-3.3661267796646355,102,10.11500205633289,42,-46.80836182731856,70,2.7246788716426433,74,-15.20200686508663,-16.982349705048705,79.72462814182623,-125.59621168431623,139.27603714341535,-152.59988293108862,FAIL_BENCHMARK_RESEARCH_ONLY,"{""2022"": 48.348262520810195, ""2023"": -9.024377994597574, ""2024"": -28.03177630153459, ""2025"": -46.80836182731856, ""2026"": 134.14138734751012}","{""2022"": 21, ""2023"": 35, ""2024"": 36, ""2025"": 42, ""2026"": 10}","{""2022"": -15.849873983239343, ""2023"": -5.673098689821191, ""2024"": 0.6937311097575949, ""2025"": 10.11500205633289, ""2026"": -16.982349705048705}"
Stage39A_BENCHMARK_FIRST_REVERSAL_OR_MEAN_REVERSION_SCAN,NO_GO,RESEARCH_STAGE_ONLY_NO_PROMOTION,BB_UPPER_REV_SHORT_W120_K2.5,BOLLINGER_REVERSAL,SHORT,120,Short when close is >= +2.5 sigma vs 120H rolling mean,72,922,-22.588746494577556,-23.411128524560844,42.51626898047722,97,-14.916359055560584,-15.710224901688274,41.23711340206185,8.0,-22.916359055560584,-25.002508867881488,-21.018360592288875,10.086149812320905,6.102001536728292,2.0861498123209046,60,-15.23386856475515,68,10.634172602801272,29,-74.82795053034012,46,-21.122536762461376,51,-9.31863014345399,-34.65216493556373,78.13559201090392,-146.56288458772204,141.27439720943704,-157.5625127809166,FAIL_BENCHMARK_RESEARCH_ONLY,"{""2022"": -53.697048218566465, ""2023"": 19.079395155851042, ""2024"": -32.11411982461806, ""2025"": -74.82795053034012, ""2026"": 204.64448135947444}","{""2022"": 10, ""2023"": 24, ""2024"": 26, ""2025"": 29, ""2026"": 8}","{""2022"": -10.458808577054159, ""2023"": -26.09304537164112, ""2024"": -8.618587506328264, ""2025"": 10.634172602801272, ""2026"": -34.65216493556373}"
Stage39A_BENCHMARK_FIRST_REVERSAL_OR_MEAN_REVERSION_SCAN,NO_GO,RESEARCH_STAGE_ONLY_NO_PROMOTION,RET_Z_UPSIDE_EXTREME_REV_SHORT_L72_T2.5,RETURN_ZSCORE_REVERSAL,SHORT,72,Short after 72H upside move with z >= +2.5,72,303,-36.61368595239786,-66.51538493567256,25.742574257425744,33,-15.668012653114616,-63.4066829665847,36.36363636363637,8.0,-23.668012653114616,-25.002508867881488,-21.018360592288875,9.334496214766872,5.350347939174259,1.3344962147668724,23,-44.9301790602833,27,12.61117188296279,6,-142.9243430654629,19,-36.13782622642921,14,12.112448624955192,-65.2048336820446,77.89888401771528,-134.24423924798256,189.38690911751388,-166.71544200533202,FAIL_BENCHMARK_RESEARCH_ONLY,"{""2022"": -88.98239091288897, ""2023"": 3.038530602127547, ""2024"": -88.86104891979538, ""2025"": -142.9243430654629, ""2026"": 343.47393980662775}","{""2022"": 4, ""2023"": 11, ""2024"": 8, ""2025"": 6, ""2026"": 4}","{""2022"": -5.555684617283667, ""2023"": -25.02128428073569, ""2024"": 7.753758952223227, ""2025"": 12.61117188296279, ""2026"": -65.2048336820446}"
Stage39A_BENCHMARK_FIRST_REVERSAL_OR_MEAN_REVERSION_SCAN,NO_GO,RESEARCH_STAGE_ONLY_NO_PROMOTION,RET_Z_UPSIDE_EXTREME_REV_SHORT_L120_T1.5,RETURN_ZSCORE_REVERSAL,SHORT,120,Short after 120H upside move with z >= +1.5,72,2649,-38.39428487203105,-46.970190206017115,38.618346545866366,95,-16.060437803101564,-42.650186866570735,38.94736842105263,8.0,-24.060437803101564,-25.002508867881488,-21.018360592288875,8.942071064779924,4.957922789187311,0.942071064779924,61,-21.85243234552938,70,-23.094172110950172,25,3.634018258874546,47,-41.137862446177714,48,8.494540493243848,-23.094172110950172,91.72505132762466,-140.94803330160332,164.570409761588,-173.1579692383758,FAIL_BENCHMARK_RESEARCH_ONLY,"{""2022"": -30.200996886457755, ""2023"": -40.08947865079278, ""2024"": 5.8215974518758875, ""2025"": 3.634018258874546, ""2026"": -31.510408298802208}","{""2022"": 15, ""2023"": 25, ""2024"": 21, ""2025"": 25, ""2026"": 9}","{""2022"": -13.40908297497227, ""2023"": -7.4786375003547, ""2024"": -22.270204564649212, ""2025"": -23.094172110950172, ""2026"": -14.443580425644518}"
Stage39A_BENCHMARK_FIRST_REVERSAL_OR_MEAN_REVERSION_SCAN,NO_GO,RESEARCH_STAGE_ONLY_NO_PROMOTION,RSI_OVERBOUGHT_REV_SHORT_RSI28_T70,RSI_REVERSAL,SHORT,28,Short when RSI28 >= 70,72,557,-14.57436289984622,-38.38951310861427,43.62657091561939,72,-16.427923629744058,-3.9432038254461066,47.22222222222222,8.0,-24.427923629744058,-25.002508867881488,-21.018360592288875,8.57458523813743,4.590436962544818,0.5745852381374306,41,-4.803469961469277,48,8.370431552146647,24,-66.02463399352548,30,-29.381960127104257,42,-7.1750404173439195,-27.408207450228495,102.7905316624933,-117.02693335174152,171.35594464237658,-167.085494423544,FAIL_BENCHMARK_RESEARCH_ONLY,"{""2022"": -54.19089774683693, ""2023"": -2.90871736934794, ""2024"": 9.869517407760904, ""2025"": -66.02463399352548, ""2026"": 85.5318547033257}","{""2022"": 6, ""2023"": 17, ""2024"": 18, ""2025"": 24, ""2026"": 7}","{""2022"": -12.99492598273562, ""2023"": -20.606587382957407, ""2024"": -25.193737308912382, ""2025"": 8.370431552146647, ""2026"": -27.408207450228495}"
Stage39A_BENCHMARK_FIRST_REVERSAL_OR_MEAN_REVERSION_SCAN,NO_GO,RESEARCH_STAGE_ONLY_NO_PROMOTION,BB_UPPER_REV_SHORT_W72_K2,BOLLINGER_REVERSAL,SHORT,72,Short when close is >= +2 sigma vs 72H rolling mean,72,2236,-13.129523096888045,-22.36385422692333,44.32021466905188,196,-16.794423777799828,-18.35744147711371,47.44897959183674,8.0,-24.794423777799828,-25.002508867881488,-21.018360592288875,8.20808509008166,4.223936814489047,0.20808509008165998,123,-8.219943203840344,142,-0.30470047262492084,54,-60.15628876548199,95,-6.322564172123807,101,-26.644192713831725,-25.005898737414753,97.84927140132905,-123.70969121151154,137.24638784751778,-152.29711209722112,FAIL_BENCHMARK_RESEARCH_ONLY,"{""2022"": 30.492345817224056, ""2023"": -17.672439077312546, ""2024"": -22.450434373322366, ""2025"": -60.15628876548199, ""2026"": 50.936081418927586}","{""2022"": 29, ""2023"": 45, ""2024"": 49, ""2025"": 54, ""2026"": 19}","{""2022"": -25.005898737414753, ""2023"": -16.53276358920332, ""2024"": -14.909086912625648, ""2025"": -0.30470047262492084, ""2026"": -24.064929985358138}"
Stage39A_BENCHMARK_FIRST_REVERSAL_OR_MEAN_REVERSION_SCAN,NO_GO,RESEARCH_STAGE_ONLY_NO_PROMOTION,RET_Z_UPSIDE_EXTREME_REV_SHORT_L24_T2,RETURN_ZSCORE_REVERSAL,SHORT,24,Short after 24H upside move with z >= +2,72,1010,-19.30227430587826,-28.341996437152297,41.48514851485148,130,-18.0478889728267,-53.876169899654826,41.53846153846154,8.0,-26.0478889728267,-25.002508867881488,-21.018360592288875,6.954619895054787,2.970471619462174,-1.0453801049452132,85,-9.127694448523535,98,2.598556062969485,32,-81.27762689495252,68,-6.672831395555866,62,-30.523758573704395,-28.86100930566651,82.22599065765057,-132.76328481241552,149.58762564249886,-149.6205681377793,FAIL_BENCHMARK_RESEARCH_ONLY,"{""2022"": 30.759878733656787, ""2023"": 3.6847615627775774, ""2024"": -48.116370360630484, ""2025"": -81.27762689495252, ""2026"": 79.27019402273156}","{""2022"": 21, ""2023"": 32, ""2024"": 32, ""2025"": 32, ""2026"": 13}","{""2022"": -27.451220365818934, ""2023"": -25.144264657921983, ""2024"": -8.22960933599281, ""2025"": 2.598556062969485, ""2026"": -28.86100930566651}"
Stage39A_BENCHMARK_FIRST_REVERSAL_OR_MEAN_REVERSION_SCAN,NO_GO,RESEARCH_STAGE_ONLY_NO_PROMOTION,RSI_OVERBOUGHT_REV_SHORT_RSI14_T75,RSI_REVERSAL,SHORT,14,Short when RSI14 >= 75,72,789,-25.154461923338882,-22.842421640190125,43.72623574144487,129,-20.81553552678388,-19.398642095052043,44.18604651162791,8.0,-28.81553552678388,-25.002508867881488,-21.018360592288875,4.186973341097609,0.2028250655049959,-3.813026658902391,83,-5.545354713347674,92,3.8433926154475984,37,-82.12962712368378,57,-22.54005691850045,72,-19.450289425008254,-30.532754134330215,90.99020200400432,-123.24995786107907,137.5174316140368,-152.19059242448068,FAIL_BENCHMARK_RESEARCH_ONLY,"{""2022"": -42.14676601913872, ""2023"": 3.3648016572350308, ""2024"": 0.8052758750067255, ""2025"": -82.12962712368378, ""2026"": 90.42850686989289}","{""2022"": 14, ""2023"": 29, ""2024"": 40, ""2025"": 37, ""2026"": 9}","{""2022"": -18.21869007554068, ""2023"": -27.827833310149355, ""2024"": -30.532754134330215, ""2025"": 3.8433926154475984, ""2026"": -29.158838706534638}"
Stage39A_BENCHMARK_FIRST_REVERSAL_OR_MEAN_REVERSION_SCAN,NO_GO,RESEARCH_STAGE_ONLY_NO_PROMOTION,RSI_OVERSOLD_REV_LONG_RSI14_T30,RSI_REVERSAL,LONG,14,Long when RSI14 <= 30,72,1193,20.214401565393185,20.227171331075322,55.74182732606874,166,29.088958970398615,20.143966369805533,56.62650602409639,8.0,21.088958970398615,25.002508867881488,21.018360592288875,4.0864501025171265,8.07059837810974,-3.9135498974828735,114,26.491952287905054,134,19.068463711281833,32,71.04978286795016,88,28.17138211991089,78,30.12417387864117,19.068463711281833,110.8930011232545,-92.59860250616092,152.78272059481253,-143.77843230836442,FAIL_BENCHMARK_RESEARCH_ONLY,"{""2022"": 7.4002234914796485, ""2023"": 37.631032055233774, ""2024"": 29.313531355256384, ""2025"": 71.04978286795016, ""2026"": -23.245421175470554}","{""2022"": 31, ""2023"": 43, ""2024"": 40, ""2025"": 32, ""2026"": 20}","{""2022"": 34.06933526555778, ""2023"": 26.102705778139175, ""2024"": 29.017666149808843, ""2025"": 19.068463711281833, ""2026"": 36.258052141065626}"
Stage39A_BENCHMARK_FIRST_REVERSAL_OR_MEAN_REVERSION_SCAN,NO_GO,RESEARCH_STAGE_ONLY_NO_PROMOTION,BB_UPPER_REV_SHORT_W48_K2.5,BOLLINGER_REVERSAL,SHORT,48,Short when close is >= +2.5 sigma vs 48H rolling mean,72,830,-24.884899435786227,-48.09139234168147,41.807228915662655,174,-20.96432463360851,-27.209268957105735,44.827586206896555,8.0,-28.96432463360851,-25.002508867881488,-21.018360592288875,4.038184234272979,0.054035958680366036,-3.961815765727021,116,-13.034333964831617,129,-6.99478208393175,45,-61.01034660934853,88,-7.596656886099672,86,-34.64286837524545,-30.735549278875265,90.21254513064459,-126.14375595170758,133.3370954226907,-154.75471824718645,FAIL_BENCHMARK_RESEARCH_ONLY,"{""2022"": 32.234565101732734, ""2023"": -25.051224977122335, ""2024"": -28.445824414974858, ""2025"": -61.01034660934853, ""2026"": 46.896603930251665}","{""2022"": 27, ""2023"": 44, ""2024"": 45, ""2025"": 45, ""2026"": 13}","{""2022"": -30.735549278875265, ""2023"": -19.58106605580383, ""2024"": -18.354499128480718, ""2025"": -6.99478208393175, ""2026"": -26.44377849280219}"
Stage39A_BENCHMARK_FIRST_REVERSAL_OR_MEAN_REVERSION_SCAN,NO_GO,RESEARCH_STAGE_ONLY_NO_PROMOTION,BB_LOWER_REV_LONG_W72_K2,BOLLINGER_REVERSAL,LONG,72,Long when close is <= -2 sigma vs 72H rolling mean,72,1579,20.095568857326466,23.58299712148959,55.92146928435719,171,28.864558148526747,23.061837708628907,57.89473684210527,8.0,20.864558148526747,25.002508867881488,21.018360592288875,3.862049280645259,7.846197556237872,-4.137950719354741,115,20.645540355068658,138,23.41274648528887,33,51.66304328570332,90,14.163902050864353,81,45.19862047926273,23.41274648528887,110.60842772208312,-93.33674252109402,152.1269318157277,-135.39172427427138,FAIL_BENCHMARK_RESEARCH_ONLY,"{""2022"": -2.3360112240330495, ""2023"": 31.48019889827237, ""2024"": 29.074334190521302, ""2025"": 51.66304328570332, ""2026"": 37.24877713638991}","{""2022"": 34, ""2023"": 41, ""2024"": 40, ""2025"": 33, ""2026"": 23}","{""2022"": 36.607765146096334, ""2023"": 28.03962529668389, ""2024"": 28.80050439524596, ""2025"": 23.41274648528887, ""2026"": 27.56160519771017}"
Stage39A_BENCHMARK_FIRST_REVERSAL_OR_MEAN_REVERSION_SCAN,NO_GO,RESEARCH_STAGE_ONLY_NO_PROMOTION,BB_LOWER_REV_LONG_W72_K2.5,BOLLINGER_REVERSAL,LONG,72,Long when close is <= -2.5 sigma vs 72H rolling mean,72,629,-6.044177530838496,9.9766525759315,52.14626391096979,123,28.855936730307764,21.22627206016192,56.91056910569105,8.0,20.855936730307764,25.002508867881488,21.018360592288875,3.853427862426276,7.837576138018889,-4.146572137573724,80,16.86191438408592,98,20.440785956450195,25,61.8433277638294,62,5.454012203789507,61,52.64149936381812,20.440785956450195,111.28002248569801,-85.60073372057442,156.43352649722806,-137.364915810717,FAIL_BENCHMARK_RESEARCH_ONLY,"{""2022"": 9.660126368946994, ""2023"": 9.89654150612835, ""2024"": 28.039475804663684, ""2025"": 61.8433277638294, ""2026"": 36.346881833624785}","{""2022"": 22, ""2023"": 27, ""2024"": 31, ""2025"": 25, ""2026"": 18}","{""2022"": 33.037202353574465, ""2023"": 34.18826663710822, ""2024"": 29.1310485639487, ""2025"": 20.440785956450195, ""2026"": 27.571774712596277}"
Stage39A_BENCHMARK_FIRST_REVERSAL_OR_MEAN_REVERSION_SCAN,NO_GO,RESEARCH_STAGE_ONLY_NO_PROMOTION,RSI_OVERSOLD_REV_LONG_RSI14_T25,RSI_REVERSAL,LONG,14,Long when RSI14 <= 25,72,429,0.10321340477796422,7.03243334214898,52.21445221445221,81,28.642717546023338,-2.5741272951385064,49.382716049382715,8.0,20.642717546023338,25.002508867881488,21.018360592288875,3.6402086781418497,7.624356953734463,-4.35979132185815,58,18.114943060615055,69,17.370510505052046,12,93.45790803160826,47,33.77038544811396,34,21.554470740192194,17.370510505052046,109.66426532553974,-111.06513643589722,155.08095690767007,-147.15276110864252,FAIL_BENCHMARK_RESEARCH_ONLY,"{""2022"": 40.89525296297803, ""2023"": 45.48671216249716, ""2024"": -48.57055923236646, ""2025"": 93.45790803160826, ""2026"": 13.445320666628918}","{""2022"": 18, ""2023"": 24, ""2024"": 16, ""2025"": 12, ""2026"": 11}","{""2022"": 25.141993141179142, ""2023"": 21.550509286455412, ""2024"": 47.64906259916544, ""2025"": 17.370510505052046, ""2026"": 31.030879912785323}"
Stage39A_BENCHMARK_FIRST_REVERSAL_OR_MEAN_REVERSION_SCAN,NO_GO,RESEARCH_STAGE_ONLY_NO_PROMOTION,RANGE_BOTTOM_REV_LONG_W72_Q0.05,ROLLING_RANGE_REVERSAL,LONG,72,Long near bottom 0.05 of rolling 72H range,72,832,19.530554893110647,17.048187965413852,55.40865384615385,148,28.265370528432953,28.997343987019477,59.45945945945946,8.0,20.265370528432953,25.002508867881488,21.018360592288875,3.262861660551465,7.247009936144078,-4.737138339448535,106,20.379859772691894,121,16.851809401362583,27,79.4150333571558,83,19.798324374656588,65,39.07713715556281,16.851809401362583,111.1440133865882,-88.38887186624677,149.3312130203639,-127.41375521740233,FAIL_BENCHMARK_RESEARCH_ONLY,"{""2022"": 10.825612232801909, ""2023"": 25.844073259706803, ""2024"": 22.168279007808696, ""2025"": 79.4150333571558, ""2026"": -8.079746556031242}","{""2022"": 30, ""2023"": 41, ""2024"": 35, ""2025"": 27, ""2026"": 15}","{""2022"": 32.69920738325442, ""2023"": 29.19315733233738, ""2024"": 30.1538502029626, ""2025"": 16.851809401362583, ""2026"": 32.36444388382367}"
Stage39A_BENCHMARK_FIRST_REVERSAL_OR_MEAN_REVERSION_SCAN,NO_GO,RESEARCH_STAGE_ONLY_NO_PROMOTION,BB_UPPER_REV_SHORT_W48_K2,BOLLINGER_REVERSAL,SHORT,48,Short when close is >= +2 sigma vs 48H rolling mean,72,2015,-22.493600056466065,-35.67878144534742,42.531017369727046,234,-23.09964122663036,-20.691577660837403,44.871794871794876,8.0,-31.09964122663036,-25.002508867881488,-21.018360592288875,1.9028676412511274,-2.0812806343414856,-6.097132358748873,154,-4.385551703032471,174,-2.225562771684639,60,-83.63446874597295,119,0.5905983814677535,115,-47.613889168923194,-37.856195313560036,99.59296107078575,-120.56445691871531,136.4170267072666,-148.34403128849908,FAIL_BENCHMARK_RESEARCH_ONLY,"{""2022"": 48.46964609497856, ""2023"": -13.98023296092889, ""2024"": -30.70833539568707, ""2025"": -83.63446874597295, ""2026"": 14.40635199969365}","{""2022"": 40, ""2023"": 53, ""2024"": 61, ""2025"": 60, ""2026"": 20}","{""2022"": -37.856195313560036, ""2023"": -25.769965193935224, ""2024"": -20.416806866442737, ""2025"": -2.225562771684639, ""2026"": -26.604874238436345}"
Stage39A_BENCHMARK_FIRST_REVERSAL_OR_MEAN_REVERSION_SCAN,NO_GO,RESEARCH_STAGE_ONLY_NO_PROMOTION,RET_Z_UPSIDE_EXTREME_REV_SHORT_L72_T2,RETURN_ZSCORE_REVERSAL,SHORT,72,Short after 72H upside move with z >= +2,72,1099,-42.573405757448654,-66.99417029485843,34.394904458598724,77,-23.63307491593383,-54.0904214014315,44.15584415584416,8.0,-31.63307491593383,-25.002508867881488,-21.018360592288875,1.3694339519476593,-2.6147143236449537,-6.630566048052341,49,-36.08606287642658,55,-16.760435525537886,22,-40.814673391923705,39,-53.02018301619538,38,6.527378134334608,-37.551266134749646,91.70918227199954,-144.7556828351526,145.69266728834313,-163.5327718740538,FAIL_BENCHMARK_RESEARCH_ONLY,"{""2022"": -75.13987178514236, ""2023"": -6.974632756560447, ""2024"": -32.22347590935496, ""2025"": -40.814673391923705, ""2026"": 141.06552117338651}","{""2022"": 15, ""2023"": 18, ""2024"": 16, ""2025"": 22, ""2026"": 6}","{""2022"": -11.171753092738227, ""2023"": -28.715311506929098, ""2024"": -21.379854983233205, ""2025"": -16.760435525537886, ""2026"": -37.551266134749646}"
Stage39A_BENCHMARK_FIRST_REVERSAL_OR_MEAN_REVERSION_SCAN,NO_GO,RESEARCH_STAGE_ONLY_NO_PROMOTION,RANGE_BOTTOM_REV_LONG_W48_Q0.1,ROLLING_RANGE_REVERSAL,LONG,48,Long near bottom 0.1 of rolling 48H range,72,1950,25.05095079299298,19.50193237233111,55.230769230769226,215,25.751218123440026,25.996576786644354,56.74418604651162,8.0,17.751218123440026,25.002508867881488,21.018360592288875,0.7487092555585377,4.732857531151151,-7.251290744441462,149,20.07003365425153,170,18.96477497833624,45,51.38889222716547,115,18.951015215480243,100,33.57145146759378,18.96477497833624,121.13624443805371,-83.53763733769281,141.18950041658707,-133.37410454997524,FAIL_BENCHMARK_RESEARCH_ONLY,"{""2022"": 1.4614617152815774, ""2023"": 22.31772111469696, ""2024"": 31.92050850643246, ""2025"": 51.38889222716547, ""2026"": 11.122701515889625}","{""2022"": 40, ""2023"": 57, ""2024"": 52, ""2025"": 45, ""2026"": 21}","{""2022"": 31.30316244530482, ""2023"": 26.989884765834677, ""2024"": 23.783100946043668, ""2025"": 18.96477497833624, ""2026"": 27.33471734384497}"
Stage39A_BENCHMARK_FIRST_REVERSAL_OR_MEAN_REVERSION_SCAN,NO_GO,RESEARCH_STAGE_ONLY_NO_PROMOTION,RANGE_TOP_REV_SHORT_W72_Q0.1,ROLLING_RANGE_REVERSAL,SHORT,72,Short near top 0.9 of rolling 72H range,72,3762,-31.466580450223812,-27.325487138559758,41.600212652844235,226,-24.864073698096938,-30.38140641744569,41.5929203539823,8.0,-32.86407369809694,-25.002508867881488,-21.018360592288875,0.13843516978455028,-3.8457131058080627,-7.86156483021545,139,-21.171589803310646,161,-13.242302388090788,65,-53.650307250573704,104,-22.567098005379396,122,-26.822151337790586,-31.625972002527142,83.17109631109875,-127.80605074101781,132.22220788962383,-156.86290732882196,FAIL_BENCHMARK_RESEARCH_ONLY,"{""2022"": 12.036571334650734, ""2023"": -22.78267448213571, ""2024"": -41.20365287529945, ""2025"": -53.650307250573704, ""2026"": 36.85637718988923}","{""2022"": 35, ""2023"": 50, ""2024"": 54, ""2025"": 65, ""2026"": 22}","{""2022"": -31.625972002527142, ""2023"": -25.455380293540472, ""2024"": -19.7342058168822, ""2025"": -13.242302388090788, ""2026"": -31.520200754644467}"
Stage39A_BENCHMARK_FIRST_REVERSAL_OR_MEAN_REVERSION_SCAN,NO_GO,RESEARCH_STAGE_ONLY_NO_PROMOTION,RANGE_BOTTOM_REV_LONG_W24_Q0.05,ROLLING_RANGE_REVERSAL,LONG,24,Long near bottom 0.05 of rolling 24H range,72,789,22.936853676825066,24.796578962997806,55.51330798479087,216,24.77446516828233,33.47769189526728,56.94444444444444,8.0,16.77446516828233,25.002508867881488,21.018360592288875,-0.2280436995991586,3.7561045759934544,-8.228043699599159,150,16.69134539668712,170,14.19494671476166,46,63.872685539989135,121,16.963759930107294,95,34.72283710322106,14.19494671476166,113.7704018938035,-95.78694626485473,141.65772710732048,-130.89904659715395,FAIL_BENCHMARK_RESEARCH_ONLY,"{""2022"": 4.598950801881904, ""2023"": 18.850435919703315, ""2024"": 25.167139393280653, ""2025"": 63.872685539989135, ""2026"": -4.528043399679224}","{""2022"": 44, ""2023"": 58, ""2024"": 48, ""2025"": 46, ""2026"": 20}","{""2022"": 29.935643262012675, ""2023"": 26.94910881649488, ""2024"": 24.662272532568522, ""2025"": 14.19494671476166, ""2026"": 27.76451706297228}"
Stage39A_BENCHMARK_FIRST_REVERSAL_OR_MEAN_REVERSION_SCAN,NO_GO,RESEARCH_STAGE_ONLY_NO_PROMOTION,BB_LOWER_REV_LONG_W24_K2.5,BOLLINGER_REVERSAL,LONG,24,Long when close is <= -2.5 sigma vs 24H rolling mean,72,571,14.01273594135997,17.45890072247791,56.042031523642734,205,24.44056472975398,17.45890072247791,56.09756097560976,8.0,16.44056472975398,25.002508867881488,21.018360592288875,-0.5619441381275081,3.422204137465105,-8.561944138127508,134,19.60526030562423,156,18.311585445833504,49,43.95323347039876,103,21.66747337731367,102,27.240843252316257,18.311585445833504,119.21752231699445,-94.13290890856074,153.9754706295243,-134.95884091958018,FAIL_BENCHMARK_RESEARCH_ONLY,"{""2022"": -10.575756089960114, ""2023"": 39.694284545866104, ""2024"": 17.125785632408352, ""2025"": 43.95323347039876, ""2026"": 10.431929481653647}","{""2022"": 32, ""2023"": 54, ""2024"": 48, ""2025"": 49, ""2026"": 22}","{""2022"": 30.917572049007457, ""2023"": 18.985592080283418, ""2024"": 26.676930313655827, ""2025"": 18.311585445833504, ""2026"": 26.12466295630156}"
Stage39A_BENCHMARK_FIRST_REVERSAL_OR_MEAN_REVERSION_SCAN,NO_GO,RESEARCH_STAGE_ONLY_NO_PROMOTION,BB_LOWER_REV_LONG_W48_K2,BOLLINGER_REVERSAL,LONG,48,Long when close is <= -2 sigma vs 48H rolling mean,72,1580,21.708961080633852,25.650371250943714,56.77215189873418,205,23.206816391611042,10.819240114599005,52.19512195121951,8.0,15.206816391611042,25.002508867881488,21.018360592288875,-1.795692476270446,2.188455799322167,-9.795692476270446,138,17.674572319129418,163,19.00568879914137,42,39.511192524290955,109,17.564334491703995,96,29.6133843821305,17.696004627434167,116.50324165425107,-104.41791328135608,147.80850067267556,-142.06924885750695,FAIL_BENCHMARK_RESEARCH_ONLY,"{""2022"": -16.145673361622894, ""2023"": 37.51559079684221, ""2024"": 17.36478178236268, ""2025"": 39.511192524290955, ""2026"": 26.353451768807325}","{""2022"": 33, ""2023"": 57, ""2024"": 48, ""2025"": 42, ""2026"": 25}","{""2022"": 30.757003379150106, ""2023"": 17.696004627434167, ""2024"": 24.992916144757036, ""2025"": 19.00568879914137, ""2026"": 22.769783700333782}"
Stage39A_BENCHMARK_FIRST_REVERSAL_OR_MEAN_REVERSION_SCAN,NO_GO,RESEARCH_STAGE_ONLY_NO_PROMOTION,BB_UPPER_REV_SHORT_W24_K2,BOLLINGER_REVERSAL,SHORT,24,Short when close is >= +2 sigma vs 24H rolling mean,72,1742,-23.161171343192812,-22.874299148329946,44.546498277841565,288,-26.976361281063646,-23.707599511711976,44.79166666666667,8.0,-34.976361281063646,-25.002508867881488,-21.018360592288875,-1.9738524131821578,-5.958000688774771,-9.973852413182158,188,-13.339347227183017,215,-10.281646944280618,73,-76.14572542364378,147,-6.956033674674333,141,-47.8486177217674,-35.705510853598135,86.84765478910617,-123.34084877869134,127.71227221744203,-149.05852211435845,FAIL_BENCHMARK_RESEARCH_ONLY,"{""2022"": 17.783746101506825, ""2023"": -15.237525826242909, ""2024"": -31.609336839680964, ""2025"": -76.14572542364378, ""2026"": 11.009006877410139}","{""2022"": 47, ""2023"": 68, ""2024"": 73, ""2025"": 73, ""2026"": 27}","{""2022"": -35.705510853598135, ""2023"": -30.604728603462775, ""2024"": -25.403304463486602, ""2025"": -10.281646944280618, ""2026"": -30.905882125043696}"
Stage39A_BENCHMARK_FIRST_REVERSAL_OR_MEAN_REVERSION_SCAN,NO_GO,RESEARCH_STAGE_ONLY_NO_PROMOTION,RANGE_BOTTOM_REV_LONG_W72_Q0.1,ROLLING_RANGE_REVERSAL,LONG,72,Long near bottom 0.1 of rolling 72H range,72,2010,20.524743857932418,11.824124894583843,53.233830845771145,179,22.997684183174968,18.898127973676626,56.98324022346368,8.0,14.997684183174968,25.002508867881488,21.018360592288875,-2.00482468470652,1.9793235908860929,-10.00482468470652,127,20.96434660722194,145,13.410183954977516,34,63.88555280342886,99,18.375372931131196,80,28.717794357579145,13.410183954977516,108.74786441181561,-95.00415108227634,143.26278483851783,-133.4710524195637,FAIL_BENCHMARK_RESEARCH_ONLY,"{""2022"": 16.19395083905889, ""2023"": 26.491377230319767, ""2024"": 19.585762147391467, ""2025"": 63.88555280342886, ""2026"": -39.88863031363595}","{""2022"": 40, ""2023"": 45, ""2024"": 42, ""2025"": 34, ""2026"": 18}","{""2022"": 24.955593059179602, ""2023"": 21.824429055402465, ""2024"": 24.043674880276487, ""2025"": 13.410183954977516, ""2026"": 30.02845226356377}"
Stage39A_BENCHMARK_FIRST_REVERSAL_OR_MEAN_REVERSION_SCAN,NO_GO,RESEARCH_STAGE_ONLY_NO_PROMOTION,BB_LOWER_REV_LONG_W120_K2,BOLLINGER_REVERSAL,LONG,120,Long when close is <= -2 sigma vs 120H rolling mean,72,1494,30.518059251885383,39.489793517897276,60.107095046854084,112,22.900849511084125,26.107394696788244,58.92857142857143,8.0,14.900849511084125,25.002508867881488,21.018360592288875,-2.101659356797363,1.88248891879525,-10.101659356797363,74,13.377521744293132,88,-4.695914859053085,24,124.08898553492058,61,4.107746168005352,51,45.378875078296005,-4.695914859053085,116.89282760167563,-95.10350729822147,146.82230445105625,-150.28081882798065,FAIL_BENCHMARK_RESEARCH_ONLY,"{""2022"": -18.9019516492292, ""2023"": 20.922757640812893, ""2024"": 38.20299966770628, ""2025"": 124.08898553492058, ""2026"": -100.22693690531166}","{""2022"": 24, ""2023"": 27, ""2024"": 23, ""2025"": 24, ""2026"": 14}","{""2022"": 34.30161346389686, ""2023"": 23.529184575758514, ""2024"": 18.946361268361557, ""2025"": -4.695914859053085, ""2026"": 40.490533284854955}"
Stage39A_BENCHMARK_FIRST_REVERSAL_OR_MEAN_REVERSION_SCAN,NO_GO,RESEARCH_STAGE_ONLY_NO_PROMOTION,RANGE_TOP_REV_SHORT_W24_Q0.1,ROLLING_RANGE_REVERSAL,SHORT,24,Short near top 0.9 of rolling 24H range,72,3249,-27.22318329676939,-25.33493987440183,42.16682056017236,309,-27.960648366881205,-30.721404407059172,40.77669902912621,8.0,-35.9606483668812,-25.002508867881488,-21.018360592288875,-2.958139498999717,-6.94228777459233,-10.958139498999717,195,-18.229740105993724,228,-13.753444862062436,81,-67.95129526933403,148,-15.589082947386217,161,-39.3332675102679,-34.788612194751884,83.61080602379722,-126.23168335496482,132.99267776050047,-155.13196456861752,FAIL_BENCHMARK_RESEARCH_ONLY,"{""2022"": 7.408204261488918, ""2023"": -18.893167388964674, ""2024"": -34.2918720947224, ""2025"": -67.95129526933403, ""2026"": 12.697390670258804}","{""2022"": 50, ""2023"": 68, ""2024"": 77, ""2025"": 81, ""2026"": 33}","{""2022"": -34.788612194751884, ""2023"": -30.519107729944785, ""2024"": -25.859337043416673, ""2025"": -13.753444862062436, ""2026"": -32.82193564306099}"
Stage39A_BENCHMARK_FIRST_REVERSAL_OR_MEAN_REVERSION_SCAN,NO_GO,RESEARCH_STAGE_ONLY_NO_PROMOTION,RANGE_BOTTOM_REV_LONG_W24_Q0.1,ROLLING_RANGE_REVERSAL,LONG,24,Long near bottom 0.1 of rolling 24H range,72,1859,25.32016000175201,23.154014514454868,55.45992469069392,275,21.879756783806265,31.04748807067903,56.36363636363636,8.0,13.879756783806265,25.002508867881488,21.018360592288875,-3.1227520840752234,0.8613961915173896,-11.122752084075223,183,19.725294541958196,211,12.394842934747327,64,53.150332129922454,143,16.424487584088983,132,27.789631750166652,12.394842934747327,118.68625702815328,-94.15631660489422,145.91938123063628,-135.5204525300744,FAIL_BENCHMARK_RESEARCH_ONLY,"{""2022"": -1.2336017122093639, ""2023"": 25.652586710341563, ""2024"": 30.349326755193058, ""2025"": 53.150332129922454, ""2026"": -35.51489435523799}","{""2022"": 51, ""2023"": 71, ""2024"": 61, ""2025"": 64, ""2026"": 28}","{""2022"": 27.142173227095537, ""2023"": 20.56666401525722, ""2024"": 19.465533567663307, ""2025"": 12.394842934747327, ""2026"": 28.386033026289017}"
Stage39A_BENCHMARK_FIRST_REVERSAL_OR_MEAN_REVERSION_SCAN,NO_GO,RESEARCH_STAGE_ONLY_NO_PROMOTION,RET_Z_UPSIDE_EXTREME_REV_SHORT_L120_T2,RETURN_ZSCORE_REVERSAL,SHORT,120,Short after 120H upside move with z >= +2,72,1213,-62.281596527463975,-74.00904441563495,30.502885408079145,53,-28.308224123112243,-41.482486546458034,39.62264150943396,8.0,-36.30822412311224,-25.002508867881488,-21.018360592288875,-3.305715255230755,-7.289863530823368,-11.305715255230755,37,-34.3306437197748,41,-20.751193855586486,12,-54.128077537158596,31,-53.30992926515602,22,6.921451304313098,-39.178994858725936,77.11704139525155,-142.9266805385432,167.30514826206718,-179.46065107387716,FAIL_BENCHMARK_RESEARCH_ONLY,"{""2022"": -127.99938539814268, ""2023"": -5.581082493444942, ""2024"": -2.1237224236199537, ""2025"": -54.128077537158596, ""2026"": 104.85871738815541}","{""2022"": 9, ""2023"": 17, ""2024"": 11, ""2025"": 12, ""2026"": 4}","{""2022"": -7.9168502259469316, ""2023"": -39.04048544823292, ""2024"": -35.1660698063126, ""2025"": -20.751193855586486, ""2026"": -39.178994858725936}"
Stage39A_BENCHMARK_FIRST_REVERSAL_OR_MEAN_REVERSION_SCAN,NO_GO,RESEARCH_STAGE_ONLY_NO_PROMOTION,BB_UPPER_REV_SHORT_W24_K2.5,BOLLINGER_REVERSAL,SHORT,24,Short when close is >= +2.5 sigma vs 24H rolling mean,72,648,-19.539972256364933,-22.242598145627568,45.21604938271605,222,-29.33533928187207,-23.468330295115525,45.04504504504504,8.0,-37.335339281872066,-25.002508867881488,-21.018360592288875,-4.332830413990582,-8.316978689583195,-12.332830413990582,150,-10.804529990594869,171,-6.56522530214818,51,-105.68219203741687,116,-7.631127233997689,106,-53.08711850407422,-39.93387101471272,85.83932436172392,-124.74246948412593,125.71542838761863,-148.25266270419476,FAIL_BENCHMARK_RESEARCH_ONLY,"{""2022"": 23.657319382331202, ""2023"": -23.132766349540884, ""2024"": -21.166061653496957, ""2025"": -105.68219203741687, ""2026"": 23.715522472471026}","{""2022"": 37, ""2023"": 53, ""2024"": 60, ""2025"": 51, ""2026"": 21}","{""2022"": -39.93387101471272, ""2023"": -31.280524876035095, ""2024"": -32.36099766275173, ""2025"": -6.56522530214818, ""2026"": -34.87796662934074}"
Stage39A_BENCHMARK_FIRST_REVERSAL_OR_MEAN_REVERSION_SCAN,NO_GO,RESEARCH_STAGE_ONLY_NO_PROMOTION,RANGE_TOP_REV_SHORT_W48_Q0.1,ROLLING_RANGE_REVERSAL,SHORT,48,Short near top 0.9 of rolling 48H range,72,3550,-27.894156536439763,-25.373733042315383,42.19718309859155,258,-30.29899078310777,-34.09318162014174,42.248062015503876,8.0,-38.29899078310777,-25.002508867881488,-21.018360592288875,-5.2964819152262805,-9.280630190818894,-13.29648191522628,163,-20.77815453144469,188,-15.24997072277072,70,-70.71635894515583,121,-18.551608319303337,137,-40.67441617084745,-40.88925964465037,85.19374955581415,-128.78345864564878,132.30459800034373,-156.35141806568436,FAIL_BENCHMARK_RESEARCH_ONLY,"{""2022"": 22.652353524605285, ""2023"": -23.816287034007182, ""2024"": -47.67241316262068, ""2025"": -70.71635894515583, ""2026"": 20.793787709783558}","{""2022"": 43, ""2023"": 57, ""2024"": 63, ""2025"": 70, ""2026"": 25}","{""2022"": -40.88925964465037, ""2023"": -32.13736945822585, ""2024"": -24.68603893741898, ""2025"": -15.24997072277072, ""2026"": -35.78104856131499}"
Stage39A_BENCHMARK_FIRST_REVERSAL_OR_MEAN_REVERSION_SCAN,NO_GO,RESEARCH_STAGE_ONLY_NO_PROMOTION,RET_Z_UPSIDE_EXTREME_REV_SHORT_L24_T1.5,RETURN_ZSCORE_REVERSAL,SHORT,24,Short after 24H upside move with z >= +1.5,72,2429,-17.313729620966555,-28.96262997151844,41.91025113215315,204,-30.43723429478811,-31.398809740856848,42.64705882352941,8.0,-38.43723429478811,-25.002508867881488,-21.018360592288875,-5.4347254269066205,-9.418873702499234,-13.43472542690662,131,-12.864822464658035,154,-16.250240525772636,50,-74.13317510335578,101,-9.104251776285867,103,-51.35598414302818,-41.75439895519157,100.86758308295197,-127.98569852291052,136.66380774114953,-149.89958310730074,FAIL_BENCHMARK_RESEARCH_ONLY,"{""2022"": 28.206255309120692, ""2023"": -13.12816060060282, ""2024"": -40.26159793146219, ""2025"": -74.13317510335578, ""2026"": -35.532404265164466}","{""2022"": 33, ""2023"": 49, ""2024"": 49, ""2025"": 50, ""2026"": 23}","{""2022"": -41.75439895519157, ""2023"": -35.909135011014435, ""2024"": -27.33146772577502, ""2025"": -16.250240525772636, ""2026"": -29.789781757115975}"
Stage39A_BENCHMARK_FIRST_REVERSAL_OR_MEAN_REVERSION_SCAN,NO_GO,RESEARCH_STAGE_ONLY_NO_PROMOTION,RET_Z_DOWNSIDE_EXTREME_REV_LONG_L24_T1.5,RETURN_ZSCORE_REVERSAL,LONG,24,Long after 24H downside move with z <= -1.5,72,2393,11.810696007015117,14.26184900677585,53.86544086920184,197,18.743004149526904,30.669537090126653,57.360406091370564,8.0,10.743004149526904,25.002508867881488,21.018360592288875,-6.259504718354584,-2.2753564427619715,-14.259504718354584,127,16.15685558738323,153,20.646145905448765,44,12.125261225525877,98,18.267165255121384,99,19.214036590453578,15.119486277899469,121.50324950551017,-104.95493023789382,159.90695147273334,-149.79460149161392,FAIL_BENCHMARK_RESEARCH_ONLY,"{""2022"": 12.480292468880524, ""2023"": 25.196142444817614, ""2024"": 10.883131810571504, ""2025"": 12.125261225525877, ""2026"": 42.574602459076566}","{""2022"": 34, ""2023"": 43, ""2024"": 50, ""2025"": 44, ""2026"": 26}","{""2022"": 20.049336647330446, ""2023"": 16.94115384629638, ""2024"": 21.41643011515799, ""2025"": 20.646145905448765, ""2026"": 15.119486277899469}"
Stage39A_BENCHMARK_FIRST_REVERSAL_OR_MEAN_REVERSION_SCAN,NO_GO,RESEARCH_STAGE_ONLY_NO_PROMOTION,RANGE_TOP_REV_SHORT_W120_Q0.1,ROLLING_RANGE_REVERSAL,SHORT,120,Short near top 0.9 of rolling 120H range,72,4010,-29.96246822600683,-29.42925397965257,41.39650872817955,192,-31.49132309747192,-35.72285182684154,38.54166666666667,8.0,-39.49132309747192,-25.002508867881488,-21.018360592288875,-6.488814229590432,-10.472962505183045,-14.488814229590432,111,-34.463208304687946,130,-25.347969592821435,62,-44.372548187868084,84,-38.934579889108605,108,-25.70212337064338,-38.014532424671586,82.69671063669048,-132.08464091823024,130.10045070086272,-164.77498684470768,FAIL_BENCHMARK_RESEARCH_ONLY,"{""2022"": -28.32032021962299, ""2023"": -19.829356365201104, ""2024"": -51.208989007923165, ""2025"": -44.372548187868084, ""2026"": 27.90421446071444}","{""2022"": 25, ""2023"": 41, ""2024"": 45, ""2025"": 62, ""2026"": 19}","{""2022"": -31.96602412709003, ""2023"": -34.65781737577062, ""2024"": -25.455302920803177, ""2025"": -25.347969592821435, ""2026"": -38.014532424671586}"
Stage39A_BENCHMARK_FIRST_REVERSAL_OR_MEAN_REVERSION_SCAN,NO_GO,RESEARCH_STAGE_ONLY_NO_PROMOTION,RANGE_TOP_REV_SHORT_W24_Q0.05,ROLLING_RANGE_REVERSAL,SHORT,24,Short near top 0.95 of rolling 24H range,72,1503,-27.400982730389284,-23.533958263144417,42.049234863606124,263,-33.18677880460758,-31.805528005965922,41.44486692015209,8.0,-41.18677880460758,-25.002508867881488,-21.018360592288875,-8.18426993672609,-12.168418212318702,-16.18426993672609,159,-15.838919328942824,189,-16.616461379339935,74,-75.50826520157491,117,-11.101584483288798,146,-50.885187952513725,-42.24215736872802,86.33252489754328,-132.1672368580207,129.57572785410136,-156.88245335289398,FAIL_BENCHMARK_RESEARCH_ONLY,"{""2022"": 13.143065011822621, ""2023"": -15.028827717538698, ""2024"": -35.647227003320126, ""2025"": -75.50826520157491, ""2026"": -20.73743424644461}","{""2022"": 43, ""2023"": 51, ""2024"": 65, ""2025"": 74, ""2026"": 30}","{""2022"": -42.24215736872802, ""2023"": -37.55496515102508, ""2024"": -32.379055911090816, ""2025"": -16.616461379339935, ""2026"": -34.78969870480022}"
Stage39A_BENCHMARK_FIRST_REVERSAL_OR_MEAN_REVERSION_SCAN,NO_GO,RESEARCH_STAGE_ONLY_NO_PROMOTION,RET_Z_UPSIDE_EXTREME_REV_SHORT_L72_T1.5,RETURN_ZSCORE_REVERSAL,SHORT,72,Short after 72H upside move with z >= +1.5,72,2654,-37.64964607105922,-49.9724057518669,38.50791258477769,119,-33.66408900922108,-18.893497291432304,44.537815126050425,8.0,-41.66408900922108,-25.002508867881488,-21.018360592288875,-8.661580141339591,-12.645728416932204,-16.66158014133959,78,-27.30433573550628,86,-23.071715391014205,33,-61.268456620305685,60,-39.55192595464444,59,-27.67645821726513,-37.65482087675768,86.66573289445978,-128.9237668161436,130.91117853954023,-156.911933055928,FAIL_BENCHMARK_RESEARCH_ONLY,"{""2022"": -17.0071212142857, ""2023"": -20.42660214041166, ""2024"": -42.39486220177874, ""2025"": -61.268456620305685, ""2026"": 18.196332967783633}","{""2022"": 23, ""2023"": 27, ""2024"": 28, ""2025"": 33, ""2026"": 8}","{""2022"": -37.65482087675768, ""2023"": -37.54900363376298, ""2024"": -30.977697257664882, ""2025"": -23.071715391014205, ""2026"": -37.40177707963584}"
Stage39A_BENCHMARK_FIRST_REVERSAL_OR_MEAN_REVERSION_SCAN,NO_GO,RESEARCH_STAGE_ONLY_NO_PROMOTION,BB_UPPER_REV_SHORT_W120_K2,BOLLINGER_REVERSAL,SHORT,120,Short when close is >= +2 sigma vs 120H rolling mean,72,2434,-12.786798978812143,-18.460524612683436,44.207066557107645,147,-34.07667749406262,-35.65722401156491,36.054421768707485,8.0,-42.07667749406262,-25.002508867881488,-21.018360592288875,-9.074168626181134,-13.058316901773747,-17.074168626181134,92,-18.51581828896906,106,-14.207134860393808,41,-85.4467145469625,68,-12.400323180680513,79,-52.73480525748014,-41.826618040109096,75.593612103384,-144.60505715572558,128.31519898387623,-168.1801251240963,FAIL_BENCHMARK_RESEARCH_ONLY,"{""2022"": 17.706951092320576, ""2023"": -9.27686774671394, ""2024"": -43.52538541312655, ""2025"": -85.4467145469625, ""2026"": 14.107070527386401}","{""2022"": 18, ""2023"": 35, ""2024"": 39, ""2025"": 41, ""2026"": 14}","{""2022"": -41.30230008751144, ""2023"": -41.826618040109096, ""2024"": -30.66464407884509, ""2025"": -14.207134860393808, ""2026"": -39.14865097000464}"
Stage39A_BENCHMARK_FIRST_REVERSAL_OR_MEAN_REVERSION_SCAN,NO_GO,RESEARCH_STAGE_ONLY_NO_PROMOTION,RANGE_BOTTOM_REV_LONG_W120_Q0.05,ROLLING_RANGE_REVERSAL,LONG,120,Long near bottom 0.05 of rolling 120H range,72,853,19.397586831385823,14.53634350172539,53.92731535756155,113,15.764777383674236,5.125768197811187,52.21238938053098,8.0,7.764777383674236,25.002508867881488,21.018360592288875,-9.237731484207252,-5.253583208614639,-17.237731484207252,80,7.225913017415323,93,-2.1351221196761845,20,98.99931007425371,68,8.972411411810308,45,26.02879707449084,-2.1351221196761845,117.10958895754243,-99.95649394943572,144.85645066338324,-142.64547614993637,FAIL_BENCHMARK_RESEARCH_ONLY,"{""2022"": -14.589417885114429, ""2023"": 22.268859420576963, ""2024"": 9.451642165547574, ""2025"": 98.99931007425371, ""2026"": -59.741492194085474}","{""2022"": 25, ""2023"": 33, ""2024"": 22, ""2025"": 20, ""2026"": 13}","{""2022"": 24.388128312307387, ""2023"": 13.081843543451873, ""2024"": 17.29102985399057, ""2025"": -2.1351221196761845, ""2026"": 25.580592428782996}"
Stage39A_BENCHMARK_FIRST_REVERSAL_OR_MEAN_REVERSION_SCAN,NO_GO,RESEARCH_STAGE_ONLY_NO_PROMOTION,RANGE_TOP_REV_SHORT_W120_Q0.05,ROLLING_RANGE_REVERSAL,SHORT,120,Short near top 0.95 of rolling 120H range,72,2105,-24.75543021806621,-24.81078063107267,42.612826603325416,167,-34.853680953315546,-30.041408427832206,40.119760479041915,8.0,-42.853680953315546,-25.002508867881488,-21.018360592288875,-9.851172085434058,-13.835320361026671,-17.851172085434058,96,-33.6161951867664,113,-27.641858270930104,54,-49.94508767756657,70,-35.086404097815034,97,-34.685736416047895,-40.931710259341955,79.42074037568636,-123.81586526088783,134.34006150278307,-165.48531368017888,FAIL_BENCHMARK_RESEARCH_ONLY,"{""2022"": -23.393934856674683, ""2023"": -12.73640764527505, ""2024"": -59.315197259285, ""2025"": -49.94508767756657, ""2026"": 6.095573724380764}","{""2022"": 22, ""2023"": 36, ""2024"": 38, ""2025"": 54, ""2026"": 17}","{""2022"": -36.592401050736925, ""2023"": -40.931710259341955, ""2024"": -27.64796297171214, ""2025"": -27.641858270930104, ""2026"": -39.494596483454465}"
Stage39A_BENCHMARK_FIRST_REVERSAL_OR_MEAN_REVERSION_SCAN,NO_GO,RESEARCH_STAGE_ONLY_NO_PROMOTION,RET_Z_DOWNSIDE_EXTREME_REV_LONG_L72_T1.5,RETURN_ZSCORE_REVERSAL,LONG,72,Long after 72H downside move with z <= -1.5,72,2449,22.279767413263286,12.12019065134129,52.59289505920785,115,14.48682872362124,25.795400669865742,55.65217391304348,8.0,6.48682872362124,25.002508867881488,21.018360592288875,-10.515680144260248,-6.531531868667635,-18.515680144260248,75,10.653179165362019,89,-5.1714982090261365,26,81.77879399306805,58,19.336420717137436,57,9.552156168815293,-5.1714982090261365,113.28890631125077,-104.62829722462708,142.59061652837207,-159.46956379197948,FAIL_BENCHMARK_RESEARCH_ONLY,"{""2022"": -0.7568404014937774, ""2023"": 33.71209741939499, ""2024"": -6.700729305243049, ""2025"": 81.77879399306805, ""2026"": -89.94655557181986}","{""2022"": 15, ""2023"": 30, ""2024"": 30, ""2025"": 26, ""2026"": 14}","{""2022"": 16.773379092388492, ""2023"": 7.701439772171684, ""2024"": 21.96479038086746, ""2025"": -5.1714982090261365, ""2026"": 28.962743378434865}"
Stage39A_BENCHMARK_FIRST_REVERSAL_OR_MEAN_REVERSION_SCAN,NO_GO,RESEARCH_STAGE_ONLY_NO_PROMOTION,RSI_OVERBOUGHT_REV_SHORT_RSI14_T70,RSI_REVERSAL,SHORT,14,Short when RSI14 >= 70,72,1931,-29.644611779040623,-28.96262997151844,41.843604350077676,190,-36.429795930656034,-31.645486696826318,45.26315789473684,8.0,-44.429795930656034,-25.002508867881488,-21.018360592288875,-11.427287062774546,-15.41143533836716,-19.427287062774546,129,-13.909533182285937,144,-15.418170262468692,46,-102.20531976150338,97,-12.703473901835105,93,-61.17660492845851,-46.08414253295142,83.99469142241323,-123.70969121151154,127.71657607505063,-157.34979505859704,FAIL_BENCHMARK_RESEARCH_ONLY,"{""2022"": 19.42749512548156, ""2023"": -14.941714659118967, ""2024"": -30.017832176525406, ""2025"": -102.20531976150338, ""2026"": -28.39244915204036}","{""2022"": 28, ""2023"": 46, ""2024"": 55, ""2025"": 46, ""2026"": 15}","{""2022"": -46.08414253295142, ""2023"": -43.29404411461927, ""2024"": -39.04207746011665, ""2025"": -15.418170262468692, ""2026"": -37.118711368823085}"
Stage39A_BENCHMARK_FIRST_REVERSAL_OR_MEAN_REVERSION_SCAN,NO_GO,RESEARCH_STAGE_ONLY_NO_PROMOTION,BB_LOWER_REV_LONG_W48_K2.5,BOLLINGER_REVERSAL,LONG,48,Long when close is <= -2.5 sigma vs 48H rolling mean,72,638,15.308764511164275,25.861595293141804,59.09090909090909,155,12.67480168136757,14.767546957341615,55.483870967741936,8.0,4.674801681367571,25.002508867881488,21.018360592288875,-12.327707186513917,-8.343558910921304,-20.32770718651392,106,11.196855071679392,124,3.874121405130468,31,47.877522786316,85,11.384489061475774,70,14.241609862664765,3.874121405130468,106.65890323946714,-97.38606696781615,133.68124680313068,-136.28118293680416,FAIL_BENCHMARK_RESEARCH_ONLY,"{""2022"": -15.809049441263177, ""2023"": 31.568445079933078, ""2024"": 3.17042640309471, ""2025"": 47.877522786316, ""2026"": -39.24864352010208}","{""2022"": 24, ""2023"": 46, ""2024"": 36, ""2025"": 31, ""2026"": 18}","{""2022"": 17.89321715421595, ""2023"": 4.701337494816988, ""2024"": 15.55007487479466, ""2025"": 3.874121405130468, ""2026"": 19.496860174991326}"
Stage39A_BENCHMARK_FIRST_REVERSAL_OR_MEAN_REVERSION_SCAN,NO_GO,RESEARCH_STAGE_ONLY_NO_PROMOTION,RANGE_TOP_REV_SHORT_W72_Q0.05,ROLLING_RANGE_REVERSAL,SHORT,72,Short near top 0.95 of rolling 72H range,72,1880,-24.17108559295514,-19.271188384335503,43.98936170212766,197,-37.486981445568986,-30.041408427832206,39.08629441624365,8.0,-45.486981445568986,-25.002508867881488,-21.018360592288875,-12.484472577687498,-16.46862085328011,-20.484472577687498,120,-25.43432853722803,138,-30.916924402580662,59,-52.85423351221965,89,-27.396149847812094,108,-45.80257415112792,-43.41317208759128,81.14471757862506,-123.41031153976778,115.67704185117101,-159.5134874847854,FAIL_BENCHMARK_RESEARCH_ONLY,"{""2022"": -8.676758744415078, ""2023"": -16.2629498439078, ""2024"": -43.05843543542257, ""2025"": -52.85423351221965, ""2026"": -67.46756350493155}","{""2022"": 28, ""2023"": 43, ""2024"": 49, ""2025"": 59, ""2026"": 18}","{""2022"": -42.260272780671414, ""2023"": -43.41317208759128, ""2024"": -35.64237843541477, ""2025"": -30.916924402580662, ""2026"": -34.47217431110795}"
Stage39A_BENCHMARK_FIRST_REVERSAL_OR_MEAN_REVERSION_SCAN,NO_GO,RESEARCH_STAGE_ONLY_NO_PROMOTION,RANGE_BOTTOM_REV_LONG_W120_Q0.1,ROLLING_RANGE_REVERSAL,LONG,120,Long near bottom 0.1 of rolling 120H range,72,2073,15.505492547087334,11.730552173847553,52.91847563917028,138,10.093357048078854,13.245288341995343,52.89855072463768,8.0,2.093357048078854,25.002508867881488,21.018360592288875,-14.909151819802634,-10.925003544210021,-22.909151819802634,98,5.3667275980838145,113,-5.1362859468748425,25,78.93134338526956,81,1.9621430471311667,57,21.64824010205714,-5.1362859468748425,115.59788987794306,-100.41789139545344,139.0176938902913,-145.81135312921248,FAIL_BENCHMARK_RESEARCH_ONLY,"{""2022"": -16.807570642242464, ""2023"": 15.64226882286987, ""2024"": 15.6030830224791, ""2025"": 78.93134338526956, ""2026"": -73.75597444060472}","{""2022"": 31, ""2023"": 40, ""2024"": 27, ""2025"": 25, ""2026"": 15}","{""2022"": 17.887083762097177, ""2023"": 7.828495099184559, ""2024"": 8.753153432684194, ""2025"": -5.1362859468748425, ""2026"": 20.318885278406114}"
Stage39A_BENCHMARK_FIRST_REVERSAL_OR_MEAN_REVERSION_SCAN,NO_GO,RESEARCH_STAGE_ONLY_NO_PROMOTION,RANGE_TOP_REV_SHORT_W48_Q0.05,ROLLING_RANGE_REVERSAL,SHORT,48,Short near top 0.95 of rolling 48H range,72,1723,-24.41183337347481,-20.080839575256082,43.41265235055136,214,-43.24156080271038,-37.07295548552314,40.654205607476634,8.0,-51.24156080271038,-25.002508867881488,-21.018360592288875,-18.239051934828893,-22.223200210421506,-26.239051934828893,131,-27.259576151887845,150,-33.86647808893319,64,-65.21441091312568,98,-24.872332746839877,116,-58.76039140163547,-52.17623232222311,83.6070953334389,-127.89236696800322,120.10100191775277,-159.55969245536747,FAIL_BENCHMARK_RESEARCH_ONLY,"{""2022"": -12.638683206336115, ""2023"": -10.610586557533487, ""2024"": -50.53735154052851, ""2025"": -65.21441091312568, ""2026"": -79.41932828645643}","{""2022"": 32, ""2023"": 46, ""2024"": 53, ""2025"": 64, ""2026"": 19}","{""2022"": -48.62228653394103, ""2023"": -52.17623232222311, ""2024"": -40.83984087038517, ""2025"": -33.86647808893319, ""2026"": -39.71654756070436}"
Stage39A_BENCHMARK_FIRST_REVERSAL_OR_MEAN_REVERSION_SCAN,NO_GO,RESEARCH_STAGE_ONLY_NO_PROMOTION,RET_Z_DOWNSIDE_EXTREME_REV_LONG_L120_T1.5,RETURN_ZSCORE_REVERSAL,LONG,120,Long after 120H downside move with z <= -1.5,72,2295,5.360366557755251,-2.1930282587356853,49.45533769063181,85,6.012553733773619,-11.829780548330282,44.70588235294118,8.0,-1.9874462662263808,25.002508867881488,21.018360592288875,-18.98995513410787,-15.005806858515257,-26.98995513410787,51,-23.88417861972773,64,-13.675492505306941,21,66.01421846240008,38,-45.80011212023866,47,47.90364527531544,-13.675492505306941,107.62650174765076,-126.22759653592608,157.20841850254487,-192.1002743831212,FAIL_BENCHMARK_RESEARCH_ONLY,"{""2022"": -47.665975388978445, ""2023"": -37.06761557195232, ""2024"": 5.013205605298605, ""2025"": 66.01421846240008, ""2026"": 26.373968405113086}","{""2022"": 12, ""2023"": 20, ""2024"": 19, ""2025"": 21, ""2026"": 13}","{""2022"": 14.836421534773956, ""2023"": 19.267990443227745, ""2024"": 6.300244861667935, ""2025"": -13.675492505306941, ""2026"": 2.336187195892884}"
Stage39A_BENCHMARK_FIRST_REVERSAL_OR_MEAN_REVERSION_SCAN,NO_GO,RESEARCH_STAGE_ONLY_NO_PROMOTION,RSI_OVERSOLD_REV_LONG_RSI28_T30,RSI_REVERSAL,LONG,28,Long when RSI28 <= 30,72,240,-26.926543028692315,-0.2592061380013444,49.583333333333336,36,5.538911509496706,17.19614894405419,58.333333333333336,8.0,-2.461088490503294,25.002508867881488,21.018360592288875,-19.46359735838478,-15.479449082792168,-27.46359735838478,27,28.3123352880225,33,-7.251074247274856,3,146.22875483398397,21,45.70756916789638,15,-50.69720921226282,-16.660658598856408,138.2855142242678,-83.216408211646,165.9587908187953,-165.97780858989321,FAIL_BENCHMARK_RESEARCH_ONLY,"{""2022"": 83.2374068887326, ""2023"": 19.822538086232935, ""2024"": -7.986904510934977, ""2025"": 146.22875483398397, ""2026"": -167.28641715611298}","{""2022"": 8, ""2023"": 9, ""2024"": 10, ""2025"": 3, ""2026"": 6}","{""2022"": -16.660658598856408, ""2023"": 0.7777026505846321, ""2024"": 10.74114844043197, ""2025"": -7.251074247274856, ""2026"": 40.10397724261864}"
Stage39A_BENCHMARK_FIRST_REVERSAL_OR_MEAN_REVERSION_SCAN,NO_GO,RESEARCH_STAGE_ONLY_NO_PROMOTION,RET_Z_DOWNSIDE_EXTREME_REV_LONG_L120_T2,RETURN_ZSCORE_REVERSAL,LONG,120,Long after 120H downside move with z <= -2,72,1148,31.346850480026763,11.713249317703012,52.00348432055749,50,3.413513633179123,10.52745167096969,54.0,8.0,-4.586486366820877,25.002508867881488,21.018360592288875,-21.588995234702367,-17.604846959109754,-29.588995234702367,32,-25.35735270579618,38,-18.304052232863363,12,72.18580554231366,25,-38.951670997695985,25,45.778698264054235,-18.304052232863363,107.53546089392162,-149.52499743661696,136.39660615809578,-214.61861879641307,FAIL_BENCHMARK_RESEARCH_ONLY,"{""2022"": -32.30502018147008, ""2023"": -27.75507854989777, ""2024"": -18.7070103472097, ""2025"": 72.18580554231366, ""2026"": 19.313550289445022}","{""2022"": 7, ""2023"": 13, ""2024"": 12, ""2025"": 12, ""2026"": 6}","{""2022"": 9.228158672773182, ""2023"": 14.364640616422358, ""2024"": 10.398942258565063, ""2025"": -18.304052232863363, ""2026"": 1.2453268164155942}"
Stage39A_BENCHMARK_FIRST_REVERSAL_OR_MEAN_REVERSION_SCAN,NO_GO,RESEARCH_STAGE_ONLY_NO_PROMOTION,RET_Z_DOWNSIDE_EXTREME_REV_LONG_L24_T2,RETURN_ZSCORE_REVERSAL,LONG,24,Long after 24H downside move with z <= -2,72,1081,-10.861511518907472,-3.002990979015241,49.121184088806665,127,2.84300345783582,-3.002990979015241,49.60629921259843,8.0,-5.15699654216418,25.002508867881488,21.018360592288875,-22.159505410045668,-18.175357134453055,-30.159505410045668,82,9.815081054374891,96,-2.358462383966161,31,18.95076864535165,64,11.186181876522586,63,-5.632606364322157,-2.358462383966161,100.74239905183634,-111.06513643589722,154.60177959296811,-167.02180968153067,FAIL_BENCHMARK_RESEARCH_ONLY,"{""2022"": 8.669145327678642, ""2023"": 15.953083021145138, ""2024"": 4.8948604423785635, ""2025"": 18.95076864535165, ""2026"": -73.66064537996373}","{""2022"": 19, ""2023"": 30, ""2024"": 33, ""2025"": 31, ""2026"": 14}","{""2022"": 1.8180340548079175, ""2023"": -1.2116603246309774, ""2024"": 2.1226706866665643, ""2025"": -2.358462383966161, ""2026"": 12.321331632430457}"
Stage39A_BENCHMARK_FIRST_REVERSAL_OR_MEAN_REVERSION_SCAN,NO_GO,RESEARCH_STAGE_ONLY_NO_PROMOTION,RET_Z_DOWNSIDE_EXTREME_REV_LONG_L72_T2,RETURN_ZSCORE_REVERSAL,LONG,72,Long after 72H downside move with z <= -2,72,1113,24.604677001517167,2.0884020591638297,50.22461814914645,61,1.5121986170592812,-0.4084736894316432,49.18032786885246,8.0,-6.487801382940718,25.002508867881488,21.018360592288875,-23.49031025082221,-19.506161975229595,-31.49031025082221,40,-15.455725992469809,48,-10.004945354448928,13,44.03703789647417,31,-8.683863478347186,30,12.048129448979301,-10.004945354448928,104.45255772608463,-109.27943261019868,134.88617583199778,-187.77416257858195,FAIL_BENCHMARK_RESEARCH_ONLY,"{""2022"": 16.465702377867487, ""2023"": -10.809851032558205, ""2024"": -37.745812744549504, ""2025"": 44.03703789647417, ""2026"": 17.248957835655503}","{""2022"": 8, ""2023"": 17, ""2024"": 15, ""2025"": 13, ""2026"": 8}","{""2022"": -0.7449340260815802, ""2023"": 6.272990527138767, ""2024"": 14.313724061062144, ""2025"": -10.004945354448928, ""2026"": -0.8631612649929786}"
Stage39A_BENCHMARK_FIRST_REVERSAL_OR_MEAN_REVERSION_SCAN,NO_GO,RESEARCH_STAGE_ONLY_NO_PROMOTION,RET_Z_DOWNSIDE_EXTREME_REV_LONG_L24_T2.5,RETURN_ZSCORE_REVERSAL,LONG,24,Long after 24H downside move with z <= -2.5,72,473,-12.149616444312564,-2.6468374428234576,48.625792811839325,79,-10.629131490161907,-10.90421817944165,46.835443037974684,8.0,-18.629131490161907,25.002508867881488,21.018360592288875,-35.6316403580434,-31.647492082450782,-43.6316403580434,51,15.554840419916815,60,-10.082454247362516,19,-12.355480677949473,39,21.134410369393457,40,-41.5985848032284,-20.974611582972642,97.21435765863706,-114.74224092582696,136.5001581999121,-178.98845859248425,FAIL_BENCHMARK_RESEARCH_ONLY,"{""2022"": -0.6515862548245366, ""2023"": 26.192024939235434, ""2024"": 16.175066932120437, ""2025"": -12.355480677949473, ""2026"": -155.3604573619454}","{""2022"": 12, ""2023"": 17, ""2024"": 22, ""2025"": 19, ""2026"": 9}","{""2022"": -12.416154517386515, ""2023"": -20.725255027254736, ""2024"": -20.974611582972642, ""2025"": -10.082454247362516, ""2026"": 7.979181836210255}"
Stage39A_BENCHMARK_FIRST_REVERSAL_OR_MEAN_REVERSION_SCAN,NO_GO,RESEARCH_STAGE_ONLY_NO_PROMOTION,RET_Z_DOWNSIDE_EXTREME_REV_LONG_L72_T2.5,RETURN_ZSCORE_REVERSAL,LONG,72,Long after 72H downside move with z <= -2.5,72,470,54.52748188442214,24.057418293172983,55.74468085106383,31,-17.812628193567807,-15.938721920901733,48.38709677419355,8.0,-25.812628193567807,25.002508867881488,21.018360592288875,-42.81513706144929,-38.83098878585668,-50.81513706144929,20,-58.92617521616971,25,-29.547152471147168,6,31.081222963012888,16,-41.29290050196667,15,7.232995602057664,-38.155237174819895,87.74270678778339,-173.1980122695409,159.0012201487979,-242.35132869274074,FAIL_BENCHMARK_RESEARCH_ONLY,"{""2022"": -26.848703885688604, ""2023"": -24.101289691325558, ""2024"": -109.44636963195906, ""2025"": 31.081222963012888, ""2026"": 87.96893850894305}","{""2022"": 5, ""2023"": 7, ""2024"": 8, ""2025"": 6, ""2026"": 5}","{""2022"": -16.074921329698416, ""2023"": -15.978435256721788, ""2024"": 14.059977524133506, ""2025"": -29.547152471147168, ""2026"": -38.155237174819895}"
Stage39A_BENCHMARK_FIRST_REVERSAL_OR_MEAN_REVERSION_SCAN,NO_GO,RESEARCH_STAGE_ONLY_NO_PROMOTION,RET_Z_UPSIDE_EXTREME_REV_SHORT_L72_T2.5,RETURN_ZSCORE_REVERSAL,SHORT,72,Short after 72H upside move with z >= +2.5,120,303,-133.53474542048735,-149.6781571891126,29.7029702970297,30,-19.015924849375022,-39.76713247172748,43.333333333333336,8.0,-27.015924849375022,-41.34868880772282,-34.35585536444943,22.3327639583478,15.33993051507441,14.332763958347801,20,-34.263692278543594,24,-3.207254203722639,6,-82.25060743198453,17,-29.269045762290503,13,-5.607997501716314,-45.3375957754915,133.00334659760102,-150.8271447232118,260.4532652967613,-241.62011963822962,FAIL_BENCHMARK_RESEARCH_ONLY,"{""2022"": -60.2031802218747, ""2023"": 4.2135035731542985, ""2024"": -81.09936006915265, ""2025"": -82.25060743198453, ""2026"": 152.07493617038213}","{""2022"": 4, ""2023"": 10, ""2024"": 6, ""2025"": 6, ""2026"": 4}","{""2022"": -12.679424022836608, ""2023"": -30.63063906063967, ""2024"": -3.495066044430603, ""2025"": -3.207254203722639, ""2026"": -45.3375957754915}"
Stage39A_BENCHMARK_FIRST_REVERSAL_OR_MEAN_REVERSION_SCAN,NO_GO,RESEARCH_STAGE_ONLY_NO_PROMOTION,RET_Z_UPSIDE_EXTREME_REV_SHORT_L24_T1.5,RETURN_ZSCORE_REVERSAL,SHORT,24,Short after 24H upside move with z >= +1.5,120,2429,-50.077813257409645,-39.93305694574234,42.15726636475916,167,-28.98593948342516,-39.93305694574234,41.31736526946108,8.0,-36.985939483425156,-41.34868880772282,-34.35585536444943,12.362749324297663,5.369915881024273,4.362749324297663,108,-11.997532937902937,127,-7.8578610661040145,40,-96.06758845841978,83,-15.736782475337405,84,-42.07736843189283,-41.743194289664174,126.57786977007923,-158.07622576223812,182.00525254178055,-196.1535497782924,FAIL_BENCHMARK_RESEARCH_ONLY,"{""2022"": 31.720997180746693, ""2023"": -28.076581395343116, ""2024"": -28.013227324371154, ""2025"": -96.06758845841978, ""2026"": 15.672905363068812}","{""2022"": 29, ""2023"": 41, ""2024"": 38, ""2025"": 40, ""2026"": 19}","{""2022"": -41.743194289664174, ""2023"": -29.281841718435988, ""2024"": -29.27247484810773, ""2025"": -7.8578610661040145, ""2026"": -34.71916956506964}"
Stage39A_BENCHMARK_FIRST_REVERSAL_OR_MEAN_REVERSION_SCAN,NO_GO,RESEARCH_STAGE_ONLY_NO_PROMOTION,RET_Z_UPSIDE_EXTREME_REV_SHORT_L24_T2,RETURN_ZSCORE_REVERSAL,SHORT,24,Short after 24H upside move with z >= +2,120,1010,-57.325417755423466,-51.27745385922644,42.475247524752476,116,-29.71640577045783,-39.100175277207995,44.827586206896555,8.0,-37.716405770457825,-41.34868880772282,-34.35585536444943,11.632283037264994,4.639449593991603,3.632283037264994,78,-25.94532167148526,88,-17.029902035500964,28,-69.58827465175082,61,-37.60004745346035,55,-20.97273044930958,-37.473648873819556,107.81868200469447,-161.54185547249233,187.40100670659896,-198.53727162148465,FAIL_BENCHMARK_RESEARCH_ONLY,"{""2022"": -15.808042827030969, ""2023"": -19.986039945166468, ""2024"": -40.29655539018778, ""2025"": -69.58827465175082, ""2026"": 52.51037112517654}","{""2022"": 20, ""2023"": 31, ""2024"": 27, ""2025"": 28, ""2026"": 10}","{""2022"": -32.61398138367175, ""2023"": -33.265127424387614, ""2024"": -26.50669745885435, ""2025"": -17.029902035500964, ""2026"": -37.473648873819556}"
Stage39A_BENCHMARK_FIRST_REVERSAL_OR_MEAN_REVERSION_SCAN,NO_GO,RESEARCH_STAGE_ONLY_NO_PROMOTION,BB_UPPER_REV_SHORT_W72_K2.5,BOLLINGER_REVERSAL,SHORT,72,Short when close is >= +2.5 sigma vs 72H rolling mean,120,850,-47.52984007808545,-39.704369456726724,40.588235294117645,132,-31.819956391173946,-35.124472526821826,41.66666666666667,8.0,-39.819956391173946,-41.34868880772282,-34.35585536444943,9.528732416548877,2.5358989732754864,1.528732416548877,86,-18.534599955044094,96,-16.806347579647944,36,-71.85624655524327,67,-16.785746382233206,65,-47.31675747731286,-41.70301779446441,111.83197964834801,-159.62824201196435,173.16774215300563,-197.74195863317712,FAIL_BENCHMARK_RESEARCH_ONLY,"{""2022"": 20.41908245478996, ""2023"": -21.41492557089985, ""2024"": -42.44179775676289, ""2025"": -71.85624655524327, ""2026"": -1.9433771512410458}","{""2022"": 21, ""2023"": 35, ""2024"": 30, ""2025"": 36, ""2026"": 10}","{""2022"": -41.70301779446441, ""2023"": -35.57434895519037, ""2024"": -28.69588540129485, ""2025"": -16.806347579647944, ""2026"": -34.26885632887337}"
Stage39A_BENCHMARK_FIRST_REVERSAL_OR_MEAN_REVERSION_SCAN,NO_GO,RESEARCH_STAGE_ONLY_NO_PROMOTION,BB_LOWER_REV_LONG_W72_K2,BOLLINGER_REVERSAL,LONG,72,Long when close is <= -2 sigma vs 72H rolling mean,120,1557,29.153485684023043,37.89779379342883,56.06936416184971,140,48.8292536922061,43.92623777185855,61.42857142857143,8.0,40.8292536922061,41.34868880772282,34.35585536444943,7.480564884483279,14.47339832775667,-0.5194351155167212,93,19.795267316447237,111,28.85429331117133,29,125.28513652995984,71,13.632586419334757,69,85.04611421936357,28.85429331117133,159.68730332780677,-105.77827961548769,206.70056630668282,-168.1819608534627,FAIL_BENCHMARK_RESEARCH_ONLY,"{""2022"": 10.261041260634098, ""2023"": 0.33392617169247174, ""2024"": 44.67106143311279, ""2025"": 125.28513652995984, ""2026"": 75.65926095057912}","{""2022"": 26, ""2023"": 32, ""2024"": 35, ""2025"": 29, ""2026"": 18}","{""2022"": 57.62551266782779, ""2023"": 63.19823962421014, ""2024"": 50.21531777857054, ""2025"": 28.85429331117133, ""2026"": 44.87072803113466}"
Stage39A_BENCHMARK_FIRST_REVERSAL_OR_MEAN_REVERSION_SCAN,NO_GO,RESEARCH_STAGE_ONLY_NO_PROMOTION,RANGE_BOTTOM_REV_LONG_W24_Q0.05,ROLLING_RANGE_REVERSAL,LONG,24,Long near bottom 0.05 of rolling 24H range,120,777,21.52776225193966,29.06660092760749,55.341055341055345,166,46.29965274375261,48.077629047998954,58.43373493975904,8.0,38.29965274375261,41.34868880772282,34.35585536444943,4.950963936029787,11.943797379303177,-3.049036063970213,114,17.172454020540794,129,14.01275438890679,37,158.86748754848531,93,20.67464876803478,73,78.94520575391367,14.01275438890679,151.37102653796308,-105.5179541858181,195.142041765626,-163.1403552903526,FAIL_BENCHMARK_RESEARCH_ONLY,"{""2022"": 5.46629557909833, ""2023"": 6.603671512291124, ""2024"": 40.18136372136746, ""2025"": 158.86748754848531, ""2026"": -10.000962811511632}","{""2022"": 33, ""2023"": 44, ""2024"": 37, ""2025"": 37, ""2026"": 15}","{""2022"": 56.43123760415555, ""2023"": 60.61623613870593, ""2024"": 48.05451083544446, ""2025"": 14.01275438890679, ""2026"": 51.89242912341461}"
Stage39A_BENCHMARK_FIRST_REVERSAL_OR_MEAN_REVERSION_SCAN,NO_GO,RESEARCH_STAGE_ONLY_NO_PROMOTION,BB_UPPER_REV_SHORT_W48_K2,BOLLINGER_REVERSAL,SHORT,48,Short when close is >= +2 sigma vs 48H rolling mean,120,2015,-52.52441378506035,-45.71933292675246,39.65260545905707,180,-36.89566303223828,-43.57498030635676,40.55555555555556,8.0,-44.89566303223828,-41.34868880772282,-34.35585536444943,4.453025775484541,-2.5398076677888497,-3.546974224515459,119,-20.42627460986615,135,-15.043940002203035,45,-102.45083212234401,93,-14.175519833180006,87,-61.18271265881781,-53.16521039785647,114.45303844037304,-164.56673658469978,163.45079054944225,-201.1950082063162,FAIL_BENCHMARK_RESEARCH_ONLY,"{""2022"": 41.30312914444266, ""2023"": -31.668936099538016, ""2024"": -52.67478394709367, ""2025"": -102.45083212234401, ""2026"": 24.98717364229136}","{""2022"": 31, ""2023"": 44, ""2024"": 44, ""2025"": 45, ""2026"": 16}","{""2022"": -53.16521039785647, ""2023"": -38.58666292222954, ""2024"": -31.790653324490936, ""2025"": -15.043940002203035, ""2026"": -42.93301295170458}"
Stage39A_BENCHMARK_FIRST_REVERSAL_OR_MEAN_REVERSION_SCAN,NO_GO,RESEARCH_STAGE_ONLY_NO_PROMOTION,BB_LOWER_REV_LONG_W24_K2.5,BOLLINGER_REVERSAL,LONG,24,Long when close is <= -2.5 sigma vs 24H rolling mean,120,568,44.90522073539471,49.48232375300843,58.27464788732394,164,45.55301658667494,52.24354182357782,57.3170731707317,8.0,37.55301658667494,41.34868880772282,34.35585536444943,4.20432777895212,11.19716122222551,-3.79567222104788,106,18.727172288506317,123,13.48153558681966,41,141.76745958624076,80,18.71974996537315,84,71.10850860696236,13.48153558681966,164.35645505844198,-115.60985810555147,208.05997130129288,-172.0926094686754,FAIL_BENCHMARK_RESEARCH_ONLY,"{""2022"": -15.092283953281132, ""2023"": 28.377132569341175, ""2024"": 29.973123151767755, ""2025"": 141.76745958624076, ""2026"": -19.226552082520715}","{""2022"": 25, ""2023"": 41, ""2024"": 40, ""2025"": 41, ""2026"": 17}","{""2022"": 56.460444741343295, ""2023"": 51.27831125911954, ""2024"": 50.57878866245146, ""2025"": 13.48153558681966, ""2026"": 53.04453133073157}"
Stage39A_BENCHMARK_FIRST_REVERSAL_OR_MEAN_REVERSION_SCAN,NO_GO,RESEARCH_STAGE_ONLY_NO_PROMOTION,BB_LOWER_REV_LONG_W120_K2.5,BOLLINGER_REVERSAL,LONG,120,Long when close is <= -2.5 sigma vs 120H rolling mean,120,542,40.71142870850734,34.32536448895962,56.457564575645755,79,45.303826053233465,10.921462675472782,54.43037974683544,8.0,37.303826053233465,41.34868880772282,34.35585536444943,3.9551372455106417,10.947970688784032,-4.044862754489358,54,27.952784550819246,63,1.387891005042284,16,218.22282030548627,43,15.399615168070333,36,81.02274461051167,1.387891005042284,149.41307668320914,-104.58330091043577,207.12314605767745,-178.17477086594596,FAIL_BENCHMARK_RESEARCH_ONLY,"{""2022"": 22.982234835635516, ""2023"": 11.603388392711853, ""2024"": 50.53704669554632, ""2025"": 218.22282030548627, ""2026"": -158.00147026961952}","{""2022"": 16, ""2023"": 20, ""2024"": 18, ""2025"": 16, ""2026"": 9}","{""2022"": 50.97280160055994, ""2023"": 56.72770322629164, ""2024"": 43.75959701123951, ""2025"": 1.387891005042284, ""2026"": 71.44307843760026}"
Stage39A_BENCHMARK_FIRST_REVERSAL_OR_MEAN_REVERSION_SCAN,NO_GO,RESEARCH_STAGE_ONLY_NO_PROMOTION,RET_Z_UPSIDE_EXTREME_REV_SHORT_L120_T1.5,RETURN_ZSCORE_REVERSAL,SHORT,120,Short after 120H upside move with z >= +1.5,120,2649,-45.04349019295593,-63.42882101652458,38.27859569648924,75,-37.901147237125976,-40.83582912988604,41.333333333333336,8.0,-45.901147237125976,-41.34868880772282,-34.35585536444943,3.4475415705968473,-3.545291872676543,-4.552458429403153,47,-55.39941917442586,54,-49.461866518845646,21,-8.173583369846803,35,-75.10647452945469,40,-5.346485856338376,-49.461866518845646,112.86690049843173,-180.5099237227903,189.58102879206785,-233.38399147021346,FAIL_BENCHMARK_RESEARCH_ONLY,"{""2022"": -34.63312244155515, ""2023"": -74.07649992625132, ""2024"": -47.96205033777261, ""2025"": -8.173583369846803, ""2026"": -9.595441545664178}","{""2022"": 11, ""2023"": 19, ""2024"": 17, ""2025"": 21, ""2026"": 7}","{""2022"": -38.46283899886472, ""2023"": -25.627366860458455, ""2024"": -34.95226184555713, ""2025"": -49.461866518845646, ""2026"": -40.81496988183529}"
Stage39A_BENCHMARK_FIRST_REVERSAL_OR_MEAN_REVERSION_SCAN,NO_GO,RESEARCH_STAGE_ONLY_NO_PROMOTION,BB_UPPER_REV_SHORT_W24_K2.5,BOLLINGER_REVERSAL,SHORT,24,Short when close is >= +2.5 sigma vs 24H rolling mean,120,648,-33.273134365804275,-37.67533545471325,43.82716049382716,181,-38.670899390158624,-50.314606363845996,43.646408839779006,8.0,-46.670899390158624,-41.34868880772282,-34.35585536444943,2.677789417564199,-4.3150440257091915,-5.322210582435801,125,-25.183154868777535,142,-21.7328496973666,39,-100.34277263058091,96,-22.90626936842557,85,-56.47565800293948,-52.67241486266051,119.04574028775095,-157.17954004460967,161.5098059032509,-196.8557314774138,FAIL_BENCHMARK_RESEARCH_ONLY,"{""2022"": 26.523657028678233, ""2023"": -36.45245610598432, ""2024"": -49.08939289053336, ""2025"": -100.34277263058091, ""2026"": 3.637041268890317}","{""2022"": 32, ""2023"": 45, ""2024"": 48, ""2025"": 39, ""2026"": 17}","{""2022"": -52.67241486266051, ""2023"": -39.40494312389277, ""2024"": -34.91084158551211, ""2025"": -21.7328496973666, ""2026"": -43.05647860481615}"
Stage39A_BENCHMARK_FIRST_REVERSAL_OR_MEAN_REVERSION_SCAN,NO_GO,RESEARCH_STAGE_ONLY_NO_PROMOTION,RSI_OVERSOLD_REV_LONG_RSI14_T25,RSI_REVERSAL,LONG,14,Long when RSI14 <= 25,120,418,8.977877516509297,-8.406390294968258,48.803827751196174,74,43.18965156472217,26.634469367120552,58.108108108108105,8.0,35.18965156472217,41.34868880772282,34.35585536444943,1.840962756999346,8.833796200272737,-6.159037243000654,53,13.088085614744985,62,20.848639724294614,12,158.6182127402645,42,21.217715748976214,32,72.02781732288874,20.848639724294614,152.88513528362245,-114.9953590460434,199.92684694477023,-176.604007513145,FAIL_BENCHMARK_RESEARCH_ONLY,"{""2022"": 13.97811479914194, ""2023"": 32.67885807111393, ""2024"": -12.346035964137943, ""2025"": 158.6182127402645, ""2026"": 66.54968059164247}","{""2022"": 17, ""2023"": 20, ""2024"": 16, ""2025"": 12, ""2026"": 9}","{""2022"": 51.90186428428119, ""2023"": 47.082538043836344, ""2024"": 58.509841227856, ""2025"": 20.848639724294614, ""2026"": 39.95518600714858}"
Stage39A_BENCHMARK_FIRST_REVERSAL_OR_MEAN_REVERSION_SCAN,NO_GO,RESEARCH_STAGE_ONLY_NO_PROMOTION,BB_LOWER_REV_LONG_W48_K2,BOLLINGER_REVERSAL,LONG,48,Long when close is <= -2 sigma vs 48H rolling mean,120,1563,37.031105105536625,39.53702446164664,57.517594369801664,170,41.8865164508869,27.343001226103336,56.470588235294116,8.0,33.8865164508869,41.34868880772282,34.35585536444943,0.5378276431640785,7.530661086437469,-7.4621723568359215,115,14.65834368562832,134,19.706923380390375,36,124.44389065773511,90,15.848483693315972,80,71.17930330315419,19.706923380390375,162.75012754634497,-118.90030344432978,203.84041566352082,-171.63492636494553,FAIL_BENCHMARK_RESEARCH_ONLY,"{""2022"": 0.20378757854730928, ""2023"": 10.97547473837447, ""2024"": 28.240645438597156, ""2025"": 124.44389065773511, ""2026"": 50.26411626973958}","{""2022"": 28, ""2023"": 45, ""2024"": 42, ""2025"": 36, ""2026"": 19}","{""2022"": 50.105646087686246, ""2023"": 53.014491467391366, ""2024"": 46.36406787679447, ""2025"": 19.706923380390375, ""2026"": 40.832381374342525}"
Stage39A_BENCHMARK_FIRST_REVERSAL_OR_MEAN_REVERSION_SCAN,NO_GO,RESEARCH_STAGE_ONLY_NO_PROMOTION,BB_LOWER_REV_LONG_W72_K2.5,BOLLINGER_REVERSAL,LONG,72,Long when close is <= -2.5 sigma vs 72H rolling mean,120,625,27.388141639553098,35.96507551906214,56.64,108,40.99931483720857,70.99059266867269,62.96296296296296,8.0,32.99931483720857,41.34868880772282,34.35585536444943,-0.34937397051425023,6.64345947275914,-8.34937397051425,72,27.96377170050961,86,16.927369300364525,22,135.09873829941705,55,5.44362506209815,53,77.89672875477599,16.927369300364525,155.82230480221892,-107.1836730928888,194.72031350365592,-180.2243657872256,FAIL_BENCHMARK_RESEARCH_ONLY,"{""2022"": -0.22193438283691053, ""2023"": -2.404799344386028, ""2024"": 74.12662265566766, ""2025"": 135.09873829941705, ""2026"": -39.831271614667294}","{""2022"": 20, ""2023"": 24, ""2024"": 28, ""2025"": 22, ""2026"": 14}","{""2022"": 50.36778056903708, ""2023"": 53.40049031766417, ""2024"": 29.404757100747883, ""2025"": 16.927369300364525, ""2026"": 53.03791281940285}"
Stage39A_BENCHMARK_FIRST_REVERSAL_OR_MEAN_REVERSION_SCAN,NO_GO,RESEARCH_STAGE_ONLY_NO_PROMOTION,RANGE_TOP_REV_SHORT_W24_Q0.1,ROLLING_RANGE_REVERSAL,SHORT,24,Short near top 0.9 of rolling 24H range,120,3249,-50.08870252630757,-46.022774311540445,41.366574330563246,209,-41.88032881646731,-47.73775465247931,41.14832535885167,8.0,-49.88032881646731,-41.34868880772282,-34.35585536444943,-0.531640008744489,-7.5244734520178795,-8.531640008744489,134,-23.10840685615685,158,-22.054449879166615,51,-103.30167924967343,102,-15.423660339405362,107,-67.10070437404039,-57.084543930395405,111.14874656479535,-162.64355354481341,167.3146949571784,-205.45614013862942,FAIL_BENCHMARK_RESEARCH_ONLY,"{""2022"": 36.37666074051546, ""2023"": -36.04576894024733, ""2024"": -50.06030913020523, ""2025"": -103.30167924967343, ""2026"": -16.169856757637792}","{""2022"": 34, ""2023"": 48, ""2024"": 52, ""2025"": 51, ""2026"": 24}","{""2022"": -57.084543930395405, ""2023"": -43.61982492863228, ""2024"": -39.17103597370061, ""2025"": -22.054449879166615, ""2026"": -45.21574140788302}"
Stage39A_BENCHMARK_FIRST_REVERSAL_OR_MEAN_REVERSION_SCAN,NO_GO,RESEARCH_STAGE_ONLY_NO_PROMOTION,RSI_OVERBOUGHT_REV_SHORT_RSI28_T70,RSI_REVERSAL,SHORT,28,Short when RSI28 >= 70,120,557,-14.748250245342112,-58.85511107509345,40.21543985637343,65,-41.892365328948465,-52.487661166751295,38.46153846153847,8.0,-49.892365328948465,-41.34868880772282,-34.35585536444943,-0.5436765212256418,-7.536509964499032,-8.543676521225642,37,-38.87582879618675,43,-39.09511534122069,22,-47.359717577689096,28,-69.0155436443579,37,-21.366716874043995,-46.25866837207539,124.68129011776074,-178.222722159731,184.20206519977577,-232.60547449396518,FAIL_BENCHMARK_RESEARCH_ONLY,"{""2022"": -72.08663138058773, ""2023"": -37.23847183734392, ""2024"": -27.3380218518587, ""2025"": -47.359717577689096, ""2026"": -40.44738236892997}","{""2022"": 6, ""2023"": 16, ""2024"": 15, ""2025"": 22, ""2026"": 6}","{""2022"": -38.82176200166311, ""2023"": -43.412004020084616, ""2024"": -46.25866837207539, ""2025"": -39.09511534122069, ""2026"": -42.03931274861135}"
Stage39A_BENCHMARK_FIRST_REVERSAL_OR_MEAN_REVERSION_SCAN,NO_GO,RESEARCH_STAGE_ONLY_NO_PROMOTION,RANGE_BOTTOM_REV_LONG_W48_Q0.05,ROLLING_RANGE_REVERSAL,LONG,48,Long near bottom 0.05 of rolling 48H range,120,801,14.126918615828112,18.295624345534556,53.433208489388264,142,40.797533311512744,54.62702190427993,61.267605633802816,8.0,32.797533311512744,41.34868880772282,34.35585536444943,-0.5511554962100789,6.441677947063312,-8.551155496210079,98,5.014479115200336,110,2.8320899714640744,32,171.30374479293002,76,5.602949526675111,66,81.32462979102273,2.8320899714640744,160.15026576968296,-100.94398043370923,201.83808825976993,-164.72720999496448,FAIL_BENCHMARK_RESEARCH_ONLY,"{""2022"": -46.92494269960832, ""2023"": 10.987851533198365, ""2024"": 33.974039093871326, ""2025"": 171.30374479293002, ""2026"": -14.990754702382091}","{""2022"": 24, ""2023"": 39, ""2024"": 35, ""2025"": 32, ""2026"": 12}","{""2022"": 58.63939283919836, ""2023"": 52.08469437320458, ""2024"": 43.02951740139543, ""2025"": 2.8320899714640744, ""2026"": 45.94722143587225}"
Stage39A_BENCHMARK_FIRST_REVERSAL_OR_MEAN_REVERSION_SCAN,NO_GO,RESEARCH_STAGE_ONLY_NO_PROMOTION,RSI_OVERSOLD_REV_LONG_RSI28_T30,RSI_REVERSAL,LONG,28,Long when RSI28 <= 30,120,229,-17.327080541885753,-22.25781873376409,44.54148471615721,34,39.982990989649146,-3.5897204776880187,50.0,8.0,31.982990989649146,41.34868880772282,34.35585536444943,-1.3656978180736772,5.627135625199713,-9.365697818073677,27,42.90667397556844,31,11.3470554257888,3,335.88765848287255,21,65.12305792021228,13,-0.6278863597220933,11.3470554257888,144.22776076963186,-106.986143297928,188.8282617562664,-184.70148461164337,FAIL_BENCHMARK_RESEARCH_ONLY,"{""2022"": 95.42407633082465, ""2023"": 22.281053597905675, ""2024"": 19.455810431259987, ""2025"": 335.88765848287255, ""2026"": -201.68036978522377}","{""2022"": 8, ""2023"": 9, ""2024"": 10, ""2025"": 3, ""2026"": 4}","{""2022"": 22.924195500056683, ""2023"": 46.35568845067679, ""2024"": 48.53598288897795, ""2025"": 11.3470554257888, ""2026"": 72.20477242629885}"
Stage39A_BENCHMARK_FIRST_REVERSAL_OR_MEAN_REVERSION_SCAN,NO_GO,RESEARCH_STAGE_ONLY_NO_PROMOTION,BB_LOWER_REV_LONG_W120_K2,BOLLINGER_REVERSAL,LONG,120,Long when close is <= -2 sigma vs 120H rolling mean,120,1467,37.26632598624549,47.01416424414573,57.873210633946826,95,38.00540923209338,28.014848737163422,54.736842105263165,8.0,30.005409232093378,41.34868880772282,34.35585536444943,-3.3432795756294453,3.649553867643945,-11.343279575629445,63,16.71014895722633,74,-3.230196653551009,21,183.31182997198317,50,5.428565279524754,45,74.2019025127252,-3.230196653551009,133.34634459955862,-117.4707366583827,195.5629058915276,-187.6766330736276,FAIL_BENCHMARK_RESEARCH_ONLY,"{""2022"": 4.582589261900731, ""2023"": -4.033609807564934, ""2024"": 50.402057804911365, ""2025"": 183.31182997198317, ""2026"": -117.43399424254852}","{""2022"": 19, ""2023"": 23, ""2024"": 21, ""2025"": 21, ""2026"": 11}","{""2022"": 46.361114224641554, ""2023"": 51.434540314206465, ""2024"": 34.48744139386127, ""2025"": -3.230196653551009, ""2026"": 58.36056921091554}"
Stage39A_BENCHMARK_FIRST_REVERSAL_OR_MEAN_REVERSION_SCAN,NO_GO,RESEARCH_STAGE_ONLY_NO_PROMOTION,RANGE_BOTTOM_REV_LONG_W48_Q0.1,ROLLING_RANGE_REVERSAL,LONG,48,Long near bottom 0.1 of rolling 48H range,120,1928,27.313930324525913,25.87618105418299,54.149377593360995,167,37.21719458305776,48.68137146516904,57.48502994011976,8.0,29.21719458305776,41.34868880772282,34.35585536444943,-4.131494224665062,2.861339218608329,-12.131494224665062,116,16.243675812753107,133,19.83436750017295,34,105.2147240543425,87,9.661135217139522,80,67.18440914349385,19.83436750017295,162.23262711611008,-111.4430936190669,188.39162093072736,-169.69473741441698,FAIL_BENCHMARK_RESEARCH_ONLY,"{""2022"": -4.069468062397766, ""2023"": -8.832166459119495, ""2024"": 54.02957789623435, ""2025"": 105.2147240543425, ""2026"": 44.33555783786125}","{""2022"": 30, ""2023"": 42, ""2024"": 44, ""2025"": 34, ""2026"": 17}","{""2022"": 46.25806961490934, ""2023"": 52.689779893229314, ""2024"": 31.203008682409223, ""2025"": 19.83436750017295, ""2026"": 36.410446747513376}"
Stage39A_BENCHMARK_FIRST_REVERSAL_OR_MEAN_REVERSION_SCAN,NO_GO,RESEARCH_STAGE_ONLY_NO_PROMOTION,BB_UPPER_REV_SHORT_W72_K2,BOLLINGER_REVERSAL,SHORT,72,Short when close is >= +2 sigma vs 72H rolling mean,120,2236,-36.74591999341333,-37.06418748086749,42.6654740608229,161,-46.01534139353537,-38.93452352689897,40.993788819875775,8.0,-54.01534139353537,-41.34868880772282,-34.35585536444943,-4.66665258581255,-11.65948602908594,-12.66665258581255,105,-27.639782618640766,119,-24.967229041244774,42,-105.65165972502543,80,-23.300156131601067,81,-68.45009226951987,-58.13400004773521,107.25415649404324,-158.07622576223812,162.3673815977515,-203.0706062767499,FAIL_BENCHMARK_RESEARCH_ONLY,"{""2022"": 16.90846315711767, ""2023"": -37.52174507672293, ""2024"": -46.73099766163093, ""2025"": -105.65165972502543, ""2026"": -4.923077210774836}","{""2022"": 26, ""2023"": 38, ""2024"": 41, ""2025"": 42, ""2026"": 14}","{""2022"": -58.13400004773521, ""2023"": -48.639379280030276, ""2024"": -45.77082550193606, ""2025"": -24.967229041244774, ""2026"": -49.92889036332209}"
Stage39A_BENCHMARK_FIRST_REVERSAL_OR_MEAN_REVERSION_SCAN,NO_GO,RESEARCH_STAGE_ONLY_NO_PROMOTION,BB_LOWER_REV_LONG_W48_K2.5,BOLLINGER_REVERSAL,LONG,48,Long when close is <= -2.5 sigma vs 48H rolling mean,120,628,44.239110836703524,61.59534383686882,59.71337579617835,135,35.79437796177603,51.48288079182439,60.0,8.0,27.79437796177603,41.34868880772282,34.35585536444943,-5.5543108459467945,1.438522597326596,-13.554310845946794,94,15.732404196283872,107,4.580503125312006,28,155.07597108683495,74,19.33843352959877,61,55.757326945073004,4.580503125312006,152.34370134157072,-111.816191588473,186.8580063365831,-172.20639305183178,FAIL_BENCHMARK_RESEARCH_ONLY,"{""2022"": -13.916822338172537, ""2023"": 30.892704255105016, ""2024"": 18.939701410141254, ""2025"": 155.07597108683495, ""2026"": -76.05632000325379}","{""2022"": 23, ""2023"": 38, ""2024"": 33, ""2025"": 28, ""2026"": 13}","{""2022"": 46.0029280233726, ""2023"": 37.71462126954405, ""2024"": 41.24736155201081, ""2025"": 4.580503125312006, ""2026"": 47.71289495804969}"
Stage39A_BENCHMARK_FIRST_REVERSAL_OR_MEAN_REVERSION_SCAN,NO_GO,RESEARCH_STAGE_ONLY_NO_PROMOTION,RET_Z_UPSIDE_EXTREME_REV_SHORT_L24_T2.5,RETURN_ZSCORE_REVERSAL,SHORT,24,Short after 24H upside move with z >= +2.5,120,320,-81.48329530216242,-59.741193688480635,39.0625,64,-46.95983310162693,-34.63574001280057,45.3125,8.0,-54.95983310162693,-41.34868880772282,-34.35585536444943,-5.611144293904104,-12.603977737177495,-13.611144293904104,43,-46.23608940449821,50,-34.26837012357764,14,-92.2864865946601,38,-47.44375650255423,26,-46.252560438733205,-58.31651085556575,122.54199776176145,-157.53011434403498,194.54555059307216,-208.94872784672094,FAIL_BENCHMARK_RESEARCH_ONLY,"{""2022"": -37.67235424789525, ""2023"": -20.062438421245503, ""2024"": -96.24143861791788, ""2025"": -92.2864865946601, ""2026"": 39.2476197449343}","{""2022"": 12, ""2023"": 19, ""2024"": 12, ""2025"": 14, ""2026"": 7}","{""2022"": -49.10309745248809, ""2023"": -58.31651085556575, ""2024"": -35.587154905559785, ""2025"": -34.26837012357764, ""2026"": -57.54671327576602}"
Stage39A_BENCHMARK_FIRST_REVERSAL_OR_MEAN_REVERSION_SCAN,NO_GO,RESEARCH_STAGE_ONLY_NO_PROMOTION,RSI_OVERBOUGHT_REV_SHORT_RSI14_T70,RSI_REVERSAL,SHORT,14,Short when RSI14 >= 70,120,1931,-45.7398137639938,-46.022774311540445,40.91144484722942,158,-47.01541984032495,-34.34141615302422,41.139240506329116,8.0,-55.01541984032495,-41.34868880772282,-34.35585536444943,-5.666731032602129,-12.65956447587552,-13.66673103260213,105,-24.666171581875474,118,-24.244866227999285,40,-114.18855299668571,80,-24.887420491597744,78,-69.7108037877375,-58.59053742133017,102.82032270939267,-164.5696778508643,153.39647158997576,-204.0735833155271,FAIL_BENCHMARK_RESEARCH_ONLY,"{""2022"": 17.61231998695416, ""2023"": -31.75960217846374, ""2024"": -41.76223670865151, ""2025"": -114.18855299668571, ""2026"": -20.842015292845513}","{""2022"": 24, ""2023"": 37, ""2024"": 44, ""2025"": 40, ""2026"": 13}","{""2022"": -58.59053742133017, ""2023"": -51.68042193527426, ""2024"": -49.04296420693578, ""2025"": -24.244866227999285, ""2026"": -49.36200093768519}"
Stage39A_BENCHMARK_FIRST_REVERSAL_OR_MEAN_REVERSION_SCAN,NO_GO,RESEARCH_STAGE_ONLY_NO_PROMOTION,RANGE_TOP_REV_SHORT_W72_Q0.05,ROLLING_RANGE_REVERSAL,SHORT,72,Short near top 0.95 of rolling 72H range,120,1880,-49.505700204218364,-40.49190859919838,42.23404255319149,150,-47.95395464807904,-40.51998970538651,38.666666666666664,8.0,-55.95395464807904,-41.34868880772282,-34.35585536444943,-6.605265840356218,-13.598099283629608,-14.605265840356218,94,-30.850796601151814,108,-29.35609814284735,42,-95.77701423296051,70,-33.78095042481353,80,-60.35533334343636,-55.76811109935375,94.83308849442484,-155.5005233185053,142.88184236868435,-209.56823887674935,FAIL_BENCHMARK_RESEARCH_ONLY,"{""2022"": -8.483173376669175, ""2023"": -23.209125885709135, ""2024"": -52.16157039822277, ""2025"": -95.77701423296051, ""2026"": -19.32026563708882}","{""2022"": 22, ""2023"": 36, ""2024"": 36, ""2025"": 42, ""2026"": 14}","{""2022"": -54.737995179102604, ""2023"": -55.76811109935375, ""2024"": -46.62523388487575, ""2025"": -29.35609814284735, ""2026"": -50.90154028156333}"
Stage39A_BENCHMARK_FIRST_REVERSAL_OR_MEAN_REVERSION_SCAN,NO_GO,RESEARCH_STAGE_ONLY_NO_PROMOTION,RSI_OVERSOLD_REV_LONG_RSI14_T30,RSI_REVERSAL,LONG,14,Long when RSI14 <= 30,120,1172,28.313880042415374,27.41018768988357,54.60750853242321,138,33.263085496862665,18.909593096574362,54.347826086956516,8.0,25.263085496862665,41.34868880772282,34.35585536444943,-8.085603310860158,-1.0927698675867674,-16.085603310860158,94,19.11690666002844,109,1.441085947418233,29,152.86991138960204,73,14.832505725989456,65,53.96204431645873,1.441085947418233,160.7598456872028,-103.38166157512984,197.50719904839247,-180.92214926600573,FAIL_BENCHMARK_RESEARCH_ONLY,"{""2022"": -10.044779860067225, ""2023"": 6.741317725511381, ""2024"": 54.709735891695274, ""2025"": 152.86991138960204, ""2026"": -109.32739051827242}","{""2022"": 25, ""2023"": 36, ""2024"": 33, ""2025"": 29, ""2026"": 15}","{""2022"": 42.844471637776344, ""2023"": 42.62370941616311, ""2024"": 26.5227096584867, ""2025"": 1.441085947418233, ""2026"": 50.65216793773278}"
Stage39A_BENCHMARK_FIRST_REVERSAL_OR_MEAN_REVERSION_SCAN,NO_GO,RESEARCH_STAGE_ONLY_NO_PROMOTION,RSI_OVERBOUGHT_REV_SHORT_RSI14_T75,RSI_REVERSAL,SHORT,14,Short when RSI14 >= 75,120,789,-26.45264133794634,-40.86736083024789,42.20532319391635,114,-49.62448079929759,-43.45043508980684,40.35087719298245,8.0,-57.62448079929759,-41.34868880772282,-34.35585536444943,-8.275791991574764,-15.268625434848154,-16.275791991574764,72,-27.5851563187851,80,-30.16989060985573,34,-95.39998712739606,51,-58.12146737835167,63,-42.74596785434904,-66.78299508162645,113.47779649198087,-157.83371654194912,149.65253987070366,-203.5505111806834,FAIL_BENCHMARK_RESEARCH_ONLY,"{""2022"": -52.72344934727001, ""2023"": -41.03914421785354, ""2024"": -5.655787950829826, ""2025"": -95.39998712739606, ""2026"": -53.43249922949143}","{""2022"": 14, ""2023"": 26, ""2024"": 32, ""2025"": 34, ""2026"": 8}","{""2022"": -49.19062520258143, ""2023"": -52.16105751654242, ""2024"": -66.78299508162645, ""2025"": -30.16989060985573, ""2026"": -49.33708318192447}"
Stage39A_BENCHMARK_FIRST_REVERSAL_OR_MEAN_REVERSION_SCAN,NO_GO,RESEARCH_STAGE_ONLY_NO_PROMOTION,RANGE_TOP_REV_SHORT_W120_Q0.05,ROLLING_RANGE_REVERSAL,SHORT,120,Short near top 0.95 of rolling 120H range,120,2105,-44.29217202784278,-45.26204038766801,40.61757719714964,128,-51.00569138442573,-59.064036117703054,37.5,8.0,-59.00569138442573,-41.34868880772282,-34.35585536444943,-9.657002576702908,-16.6498360199763,-17.657002576702908,74,-43.08527462197593,87,-39.387884613334585,41,-75.6581106303996,53,-51.22876654546104,75,-50.848051603960755,-62.75305650900958,91.69637708988488,-186.26891093116328,152.11487246706136,-220.7643208749567,FAIL_BENCHMARK_RESEARCH_ONLY,"{""2022"": 20.78376215469789, ""2023"": -58.90111600580772, ""2024"": -68.0030313328956, ""2025"": -75.6581106303996, ""2026"": -18.34120302568389}","{""2022"": 18, ""2023"": 27, ""2024"": 29, ""2025"": 41, ""2026"": 13}","{""2022"": -62.75305650900958, ""2023"": -48.89503331732361, ""2024"": -46.02667261164163, ""2025"": -39.387884613334585, ""2026"": -54.69819876410959}"
Stage39A_BENCHMARK_FIRST_REVERSAL_OR_MEAN_REVERSION_SCAN,NO_GO,RESEARCH_STAGE_ONLY_NO_PROMOTION,RET_Z_UPSIDE_EXTREME_REV_SHORT_L72_T2,RETURN_ZSCORE_REVERSAL,SHORT,72,Short after 72H upside move with z >= +2,120,1099,-90.74134517990221,-114.56065539170001,34.48589626933576,66,-52.674173792848606,-56.754413198724095,42.42424242424242,8.0,-60.674173792848606,-41.34868880772282,-34.35585536444943,-11.325484985125783,-18.318318428399174,-19.325484985125783,41,-33.42173868368757,47,-42.534520179392494,19,-77.75647483666116,32,-50.3477284197847,34,-54.86376943808523,-62.00374048500498,144.50366372813383,-186.43771954687193,195.66181991456068,-233.8799287696041,FAIL_BENCHMARK_RESEARCH_ONLY,"{""2022"": -32.28872192102086, ""2023"": -23.519277879859928, ""2024"": -45.629064201585834, ""2025"": -77.75647483666116, ""2026"": -104.80519373337604}","{""2022"": 11, ""2023"": 16, ""2024"": 14, ""2025"": 19, ""2026"": 6}","{""2022"": -56.75126416721416, ""2023"": -62.00374048500498, ""2024"": -54.570934067419344, ""2025"": -42.534520179392494, ""2026"": -47.46107179879587}"
Stage39A_BENCHMARK_FIRST_REVERSAL_OR_MEAN_REVERSION_SCAN,NO_GO,RESEARCH_STAGE_ONLY_NO_PROMOTION,BB_UPPER_REV_SHORT_W24_K2,BOLLINGER_REVERSAL,SHORT,24,Short when close is >= +2 sigma vs 24H rolling mean,120,1742,-42.8260791783539,-41.2783562539365,42.88174512055109,202,-53.01046102175459,-48.77603729790736,42.57425742574257,8.0,-61.01046102175459,-41.34868880772282,-34.35585536444943,-11.661772214031764,-18.654605657305154,-19.661772214031764,132,-33.061190556579824,152,-41.59330956657123,50,-87.71860144551205,102,-23.48373543702594,100,-83.1277211181778,-66.8691644737827,104.24122410009784,-161.90407283166064,154.58916218312729,-204.87850707773802,FAIL_BENCHMARK_RESEARCH_ONLY,"{""2022"": 15.467838388266614, ""2023"": -33.40329149912091, ""2024"": -65.73251333423596, ""2025"": -87.71860144551205, ""2026"": -97.90529503251447}","{""2022"": 34, ""2023"": 48, ""2024"": 50, ""2025"": 50, ""2026"": 20}","{""2022"": -66.8691644737827, ""2023"": -59.12178658725082, ""2024"": -48.82557539264889, ""2025"": -41.59330956657123, ""2026"": -48.07696277881395}"
Stage39A_BENCHMARK_FIRST_REVERSAL_OR_MEAN_REVERSION_SCAN,NO_GO,RESEARCH_STAGE_ONLY_NO_PROMOTION,RANGE_TOP_REV_SHORT_W48_Q0.05,ROLLING_RANGE_REVERSAL,SHORT,48,Short near top 0.95 of rolling 48H range,120,1723,-50.05149791238148,-38.74012943062333,42.25188624492165,165,-53.79038025089987,-41.93298701713033,38.78787878787879,8.0,-61.79038025089987,-41.34868880772282,-34.35585536444943,-12.44169144317705,-19.43452488645044,-20.44169144317705,102,-32.762139964177926,118,-33.689118475424145,47,-104.25737789996657,76,-30.314943517029434,89,-73.83682060791283,-67.66115454449697,96.60015934046973,-162.64355354481341,151.3449885563756,-210.653169503755,FAIL_BENCHMARK_RESEARCH_ONLY,"{""2022"": -20.84509665030326, ""2023"": -8.977109456201438, ""2024"": -61.78143612799073, ""2025"": -104.25737789996657, ""2026"": -39.59860648461884}","{""2022"": 22, ""2023"": 39, ""2024"": 41, ""2025"": 47, ""2026"": 16}","{""2022"": -58.85888542022243, ""2023"": -67.66115454449697, ""2024"": -51.14817629153918, ""2025"": -33.689118475424145, ""2026"": -55.314329111708574}"
Stage39A_BENCHMARK_FIRST_REVERSAL_OR_MEAN_REVERSION_SCAN,NO_GO,RESEARCH_STAGE_ONLY_NO_PROMOTION,RANGE_BOTTOM_REV_LONG_W72_Q0.1,ROLLING_RANGE_REVERSAL,LONG,72,Long near bottom 0.1 of rolling 72H range,120,1984,23.881578546879922,17.34976509736752,52.11693548387096,146,28.69759791061811,41.24222674707689,60.273972602739725,8.0,20.69759791061811,41.34868880772282,34.35585536444943,-12.651090897104712,-5.658257453831322,-20.651090897104712,103,14.575716211753772,117,0.5913311815455037,29,142.0918464382559,77,2.47885760953411,69,57.95619215965391,0.5913311815455037,153.59775504595552,-109.30657800921395,188.14991423766384,-173.5398187703847,FAIL_BENCHMARK_RESEARCH_ONLY,"{""2022"": 16.267229509445347, ""2023"": -18.811857918009455, ""2024"": 43.06889011131986, ""2025"": 142.0918464382559, ""2026"": -102.29378725498673}","{""2022"": 31, ""2023"": 34, ""2024"": 38, ""2025"": 29, ""2026"": 14}","{""2022"": 32.04839287093426, ""2023"": 43.12011128716578, ""2024"": 23.641032136297138, ""2025"": 0.5913311815455037, ""2026"": 42.59062361000044}"
Stage39A_BENCHMARK_FIRST_REVERSAL_OR_MEAN_REVERSION_SCAN,NO_GO,RESEARCH_STAGE_ONLY_NO_PROMOTION,RANGE_TOP_REV_SHORT_W48_Q0.1,ROLLING_RANGE_REVERSAL,SHORT,48,Short near top 0.9 of rolling 48H range,120,3550,-51.24270418903031,-45.33139620383597,40.845070422535215,191,-54.964396062086344,-58.69987704755664,37.696335078534034,8.0,-62.964396062086344,-41.34868880772282,-34.35585536444943,-13.615707254363521,-20.60854069763691,-21.61570725436352,122,-33.69741821579292,142,-41.365671992624236,49,-94.37294336542553,90,-26.86294405174552,101,-80.0052938930831,-66.6368330074696,107.25415649404324,-162.64355354481341,154.66836403206975,-207.8820980195923,FAIL_BENCHMARK_RESEARCH_ONLY,"{""2022"": 7.67768221147058, ""2023"": -33.60298129681984, ""2024"": -59.64342315855794, ""2025"": -94.37294336542553, ""2026"": -88.14202003129526}","{""2022"": 30, ""2023"": 44, ""2024"": 48, ""2025"": 49, ""2026"": 20}","{""2022"": -66.6368330074696, ""2023"": -61.358288916996045, ""2024"": -53.39381354019379, ""2025"": -41.365671992624236, ""2026"": -51.083972206038524}"
Stage39A_BENCHMARK_FIRST_REVERSAL_OR_MEAN_REVERSION_SCAN,NO_GO,RESEARCH_STAGE_ONLY_NO_PROMOTION,BB_UPPER_REV_SHORT_W48_K2.5,BOLLINGER_REVERSAL,SHORT,48,Short when close is >= +2.5 sigma vs 48H rolling mean,120,830,-59.78450467466318,-56.883465544737,37.46987951807229,145,-55.1566657431718,-45.216973595583184,37.24137931034483,8.0,-63.1566657431718,-41.34868880772282,-34.35585536444943,-13.807976935448977,-20.800810378722367,-21.807976935448977,98,-49.541684872994175,110,-48.19030090413717,35,-77.05095523728059,76,-36.735638513762304,69,-75.44649283643443,-64.39572443215852,102.87558553914388,-167.8532647941422,165.66580041360976,-210.56156261836978,FAIL_BENCHMARK_RESEARCH_ONLY,"{""2022"": -8.576411519530401, ""2023"": -35.07564473098477, ""2024"": -92.12157614742438, ""2025"": -77.05095523728059, ""2026"": -37.153998491805034}","{""2022"": 24, ""2023"": 38, ""2024"": 36, ""2025"": 35, ""2026"": 12}","{""2022"": -64.39572443215852, ""2023"": -62.28824329890176, ""2024"": -42.948071481216815, ""2025"": -48.19030090413717, ""2026"": -56.7809665478064}"
Stage39A_BENCHMARK_FIRST_REVERSAL_OR_MEAN_REVERSION_SCAN,NO_GO,RESEARCH_STAGE_ONLY_NO_PROMOTION,RANGE_BOTTOM_REV_LONG_W72_Q0.05,ROLLING_RANGE_REVERSAL,LONG,72,Long near bottom 0.05 of rolling 72H range,120,815,20.763396224984547,20.024968370604412,53.128834355828225,121,26.851465033132296,41.75476311406578,58.67768595041323,8.0,18.851465033132296,41.34868880772282,34.35585536444943,-14.497223774590527,-7.504390331317136,-22.497223774590527,87,5.870762294735035,97,-4.311868016175227,24,152.80326944075017,67,-3.3027599813491504,54,64.26504051406297,-4.311868016175227,134.7920529068336,-109.03741747631645,189.6698887998567,-169.17311659829974,FAIL_BENCHMARK_RESEARCH_ONLY,"{""2022"": -14.065909023257195, ""2023"": -13.171426016067606, ""2024"": 40.99091134585402, ""2025"": 152.80326944075017, ""2026"": -92.90075172109448}","{""2022"": 25, ""2023"": 31, ""2024"": 31, ""2025"": 24, ""2026"": 10}","{""2022"": 37.507031193650405, ""2023"": 40.637127505634496, ""2024"": 21.98121130319482, ""2025"": -4.311868016175227, ""2026"": 37.63995302900859}"
Stage39A_BENCHMARK_FIRST_REVERSAL_OR_MEAN_REVERSION_SCAN,NO_GO,RESEARCH_STAGE_ONLY_NO_PROMOTION,RANGE_TOP_REV_SHORT_W24_Q0.05,ROLLING_RANGE_REVERSAL,SHORT,24,Short near top 0.95 of rolling 24H range,120,1503,-55.35917832948638,-44.66798723250287,41.91616766467065,191,-56.46420972561845,-53.34139993470765,38.21989528795812,8.0,-64.46420972561845,-41.34868880772282,-34.35585536444943,-15.11552091789563,-22.10835436116902,-23.11552091789563,121,-25.595988370603393,142,-36.304580448866645,49,-114.88599252763393,89,-21.53796162401264,102,-86.93907326525492,-68.30971056855668,99.34912729715917,-165.91818803085025,150.8858204718215,-211.32840142854036,FAIL_BENCHMARK_RESEARCH_ONLY,"{""2022"": 7.1066447981500085, ""2023"": -18.97307196818267, ""2024"": -51.29479416579264, ""2025"": -114.88599252763393, ""2026"": -98.00646813790722}","{""2022"": 30, ""2023"": 42, ""2024"": 49, ""2025"": 49, ""2026"": 21}","{""2022"": -68.30971056855668, ""2023"": -67.03218144247955, ""2024"": -58.248022137107654, ""2025"": -36.304580448866645, ""2026"": -51.332518980571024}"
Stage39A_BENCHMARK_FIRST_REVERSAL_OR_MEAN_REVERSION_SCAN,NO_GO,RESEARCH_STAGE_ONLY_NO_PROMOTION,RANGE_TOP_REV_SHORT_W120_Q0.1,ROLLING_RANGE_REVERSAL,SHORT,120,Short near top 0.9 of rolling 120H range,120,4010,-48.287954361929046,-50.30356814320625,39.925187032418954,139,-57.0837579873332,-51.82395648761995,40.28776978417266,8.0,-65.0837579873332,-41.34868880772282,-34.35585536444943,-15.735069179610377,-22.727902622883768,-23.735069179610377,81,-50.20993343412805,95,-43.528682414981255,44,-86.3503984276385,60,-63.23184110134932,79,-52.414327774156405,-62.93137711184373,99.86903277311443,-173.47052705188216,153.20676678570237,-221.61821717546508,FAIL_BENCHMARK_RESEARCH_ONLY,"{""2022"": -22.570043929526218, ""2023"": -63.752200841849195, ""2024"": -55.47097290915364, ""2025"": -86.3503984276385, ""2026"": -4.872872947060573}","{""2022"": 20, ""2023"": 28, ""2024"": 33, ""2025"": 44, ""2026"": 14}","{""2022"": -62.884382198729334, ""2023"": -55.40162825826609, ""2024"": -57.585851455068344, ""2025"": -43.528682414981255, ""2026"": -62.93137711184373}"
Stage39A_BENCHMARK_FIRST_REVERSAL_OR_MEAN_REVERSION_SCAN,NO_GO,RESEARCH_STAGE_ONLY_NO_PROMOTION,RET_Z_UPSIDE_EXTREME_REV_SHORT_L72_T1.5,RETURN_ZSCORE_REVERSAL,SHORT,72,Short after 72H upside move with z >= +1.5,120,2654,-61.64341893776442,-65.57955547872308,38.13112283345893,95,-59.58009056287059,-57.26344155265073,36.84210526315789,8.0,-67.5800905628706,-41.34868880772282,-34.35585536444943,-18.231401755147765,-25.224235198421155,-26.231401755147765,62,-52.01242805937429,68,-55.00407063635301,27,-71.10488148891487,47,-68.26777141214203,48,-51.073403064625644,-65.09337674967095,104.9154319679646,-173.95025531595,165.99067549991057,-224.4900934608231,FAIL_BENCHMARK_RESEARCH_ONLY,"{""2022"": -30.175897566602075, ""2023"": -67.48463907870907, ""2024"": -50.832724057161094, ""2025"": -71.10488148891487, ""2026"": -85.91771059846674}","{""2022"": 15, ""2023"": 23, ""2024"": 24, ""2025"": 27, ""2026"": 6}","{""2022"": -65.09337674967095, ""2023"": -57.05502645364444, ""2024"": -62.53694684649069, ""2025"": -55.00407063635301, ""2026"": -57.80452067283041}"
Stage39A_BENCHMARK_FIRST_REVERSAL_OR_MEAN_REVERSION_SCAN,NO_GO,RESEARCH_STAGE_ONLY_NO_PROMOTION,RANGE_TOP_REV_SHORT_W72_Q0.1,ROLLING_RANGE_REVERSAL,SHORT,72,Short near top 0.9 of rolling 72H range,120,3762,-52.521518242329726,-48.48115010252063,40.35087719298245,166,-59.713314266334315,-39.93391821202508,39.75903614457831,8.0,-67.71331426633432,-41.34868880772282,-34.35585536444943,-18.364625458611492,-25.357458901884883,-26.364625458611492,105,-39.85983564000299,121,-43.78339217221199,45,-102.54710478608546,78,-37.466292780382354,88,-79.43226512888265,-68.38758639238544,96.39348370383604,-169.00897014327734,152.41462993670737,-216.37483634285533,FAIL_BENCHMARK_RESEARCH_ONLY,"{""2022"": -13.00569512605906, ""2023"": -32.96872803614285, ""2024"": -64.03385688783017, ""2025"": -102.54710478608546, ""2026"": -69.53173191483359}","{""2022"": 26, ""2023"": 39, ""2024"": 40, ""2025"": 45, ""2026"": 16}","{""2022"": -68.38758639238544, ""2023"": -67.92621869922776, ""2024"": -58.341713434113416, ""2025"": -43.78339217221199, ""2026"": -58.66601638382774}"
Stage39A_BENCHMARK_FIRST_REVERSAL_OR_MEAN_REVERSION_SCAN,NO_GO,RESEARCH_STAGE_ONLY_NO_PROMOTION,RET_Z_UPSIDE_EXTREME_REV_SHORT_L120_T2,RETURN_ZSCORE_REVERSAL,SHORT,120,Short after 120H upside move with z >= +2,120,1213,-54.79298864389854,-95.64592254555748,29.925803792250615,45,-60.158594894313005,-73.97561518761808,33.33333333333333,8.0,-68.15859489431301,-41.34868880772282,-34.35585536444943,-18.809906086590182,-25.802739529863572,-26.809906086590182,31,-54.6474323280174,34,-43.64327854304719,11,-111.20593634368007,25,-87.0364219382362,20,-26.561311089409013,-76.78267246088936,122.6909820210298,-180.7260936586408,204.1845313416939,-246.69645210403803,FAIL_BENCHMARK_RESEARCH_ONLY,"{""2022"": -65.38107878160739, ""2023"": -88.55988752328633, ""2024"": -1.9743234112957737, ""2025"": -111.20593634368007, ""2026"": 70.06631056831152}","{""2022"": 8, ""2023"": 13, ""2024"": 10, ""2025"": 11, ""2026"": 3}","{""2022"": -59.02940918895205, ""2023"": -48.62056976379259, ""2024"": -76.78267246088936, ""2025"": -43.64327854304719, ""2026"": -69.46037385592905}"
Stage39A_BENCHMARK_FIRST_REVERSAL_OR_MEAN_REVERSION_SCAN,NO_GO,RESEARCH_STAGE_ONLY_NO_PROMOTION,RET_Z_DOWNSIDE_EXTREME_REV_LONG_L120_T2,RETURN_ZSCORE_REVERSAL,LONG,120,Long after 120H downside move with z <= -2,120,1121,44.861354943150225,15.02585279522739,52.09634255129348,40,20.51558900902708,-2.832164313105179,47.5,8.0,12.515589009027082,41.34868880772282,34.35585536444943,-20.83309979869574,-13.84026635542235,-28.83309979869574,26,-44.48012294036698,30,-26.989242636034092,10,163.03008394421062,20,-47.05629822511349,20,88.08747624316763,-26.989242636034092,137.3317842001509,-156.47503333428847,175.4894297547668,-231.9341527668778,FAIL_BENCHMARK_RESEARCH_ONLY,"{""2022"": -48.302674360512626, ""2023"": -51.71037930163971, ""2024"": -32.71614144747797, ""2025"": 163.03008394421062, ""2026"": 86.7014793421297}","{""2022"": 5, ""2023"": 12, ""2024"": 9, ""2025"": 10, ""2026"": 4}","{""2022"": 30.346769490389892, ""2023"": 51.46957542788429, ""2024"": 35.96996236736726, ""2025"": -26.989242636034092, ""2026"": 13.161601194237907}"
Stage39A_BENCHMARK_FIRST_REVERSAL_OR_MEAN_REVERSION_SCAN,NO_GO,RESEARCH_STAGE_ONLY_NO_PROMOTION,RANGE_BOTTOM_REV_LONG_W120_Q0.05,ROLLING_RANGE_REVERSAL,LONG,120,Long near bottom 0.05 of rolling 120H range,120,833,35.25407224164753,37.4479062230737,55.942376950780314,90,19.06007163252565,15.151032892536387,53.333333333333336,8.0,11.060071632525649,41.34868880772282,34.35585536444943,-22.288617175197174,-15.295783731923784,-30.288617175197174,62,0.8352947620677657,73,-7.677064972272371,17,133.87248175901127,50,6.01235844399617,40,35.369713118187505,-7.677064972272371,130.30079384657168,-135.4848681178139,183.63794050082151,-185.38142846324672,FAIL_BENCHMARK_RESEARCH_ONLY,"{""2022"": -6.318757514125224, ""2023"": 0.1338827974068361, ""2024"": 8.11563616823457, ""2025"": 133.87248175901127, ""2026"": -55.65581983855313}","{""2022"": 18, ""2023"": 24, ""2024"": 20, ""2025"": 17, ""2026"": 11}","{""2022"": 25.40477891918837, ""2023"": 25.942322118023405, ""2024"": 22.187053193751673, ""2025"": -7.677064972272371, ""2026"": 29.463550191789786}"
Stage39A_BENCHMARK_FIRST_REVERSAL_OR_MEAN_REVERSION_SCAN,NO_GO,RESEARCH_STAGE_ONLY_NO_PROMOTION,BB_UPPER_REV_SHORT_W120_K2.5,BOLLINGER_REVERSAL,SHORT,120,Short when close is >= +2.5 sigma vs 120H rolling mean,120,922,-76.45448552460185,-81.1722986675556,37.310195227765725,89,-64.56967062151266,-53.17355893130981,37.07865168539326,8.0,-72.56967062151266,-41.34868880772282,-34.35585536444943,-23.220981813789834,-30.213815257063224,-31.220981813789834,54,-44.816686465136236,62,-41.8179365747621,27,-116.81439324738425,40,-69.39123039119366,49,-60.633703462589374,-74.21348506762655,101.89095250826784,-175.94925710313623,167.37692483328706,-215.4211826327132,FAIL_BENCHMARK_RESEARCH_ONLY,"{""2022"": -88.22466452469868, ""2023"": -36.896116123968355, ""2024"": -35.33947352471802, ""2025"": -116.81439324738425, ""2026"": -21.576374814736717}","{""2022"": 9, ""2023"": 23, ""2024"": 22, ""2025"": 27, ""2026"": 8}","{""2022"": -61.90848380740422, ""2023"": -74.21348506762655, ""2024"": -74.1676457876243, ""2025"": -41.8179365747621, ""2026"": -68.8159220592189}"
Stage39A_BENCHMARK_FIRST_REVERSAL_OR_MEAN_REVERSION_SCAN,NO_GO,RESEARCH_STAGE_ONLY_NO_PROMOTION,RET_Z_DOWNSIDE_EXTREME_REV_LONG_L120_T1.5,RETURN_ZSCORE_REVERSAL,LONG,120,Long after 120H downside move with z <= -1.5,120,2252,26.53332918921594,6.9226220858242815,51.15452930728242,63,14.966473741938266,5.433669524219642,52.38095238095239,8.0,6.966473741938266,41.34868880772282,34.35585536444943,-26.382215065784557,-19.389381622511166,-34.38221506578456,39,-26.989386903796948,48,-24.384455640504886,15,140.8894477657564,29,-50.36079556986267,34,70.6867916843567,-24.384455640504886,133.31797411972434,-151.51285987612619,188.60788411377453,-235.9267336996997,FAIL_BENCHMARK_RESEARCH_ONLY,"{""2022"": -17.822657881384703, ""2023"": -83.5139416625521, ""2024"": 27.024972464574834, ""2025"": 140.8894477657564, ""2026"": -13.096420166239284}","{""2022"": 10, ""2023"": 15, ""2024"": 14, ""2025"": 15, ""2026"": 9}","{""2022"": 21.153102350112416, ""2023"": 45.741603555841515, ""2024"": 11.521188392613539, ""2025"": -24.384455640504886, ""2026"": 19.64362272663453}"
Stage39A_BENCHMARK_FIRST_REVERSAL_OR_MEAN_REVERSION_SCAN,NO_GO,RESEARCH_STAGE_ONLY_NO_PROMOTION,RET_Z_DOWNSIDE_EXTREME_REV_LONG_L24_T2,RETURN_ZSCORE_REVERSAL,LONG,24,Long after 24H downside move with z <= -2,120,1077,7.5257218234250916,5.141343748515936,51.25348189415042,112,13.631778566006773,-5.250933931710833,48.214285714285715,8.0,5.631778566006773,41.34868880772282,34.35585536444943,-27.71691024171605,-20.72407679844266,-35.71691024171605,75,20.183071123851473,86,-7.712864992366048,26,84.23329187447072,59,27.22970960516422,53,-1.5055408926779297,-7.712864992366048,133.55314438363686,-128.24263778487165,188.51060955773485,-189.98466320626434,FAIL_BENCHMARK_RESEARCH_ONLY,"{""2022"": 1.670474867611477, ""2023"": 27.486329609003036, ""2024"": 25.512428012453817, ""2025"": 84.23329187447072, ""2026"": -197.9124294211219}","{""2022"": 19, ""2023"": 27, ""2024"": 29, ""2025"": 26, ""2026"": 11}","{""2022"": 16.075485773205813, ""2023"": 9.230921175878544, ""2024"": 9.480708277489134, ""2025"": -7.712864992366048, ""2026"": 36.67124676262474}"
Stage39A_BENCHMARK_FIRST_REVERSAL_OR_MEAN_REVERSION_SCAN,NO_GO,RESEARCH_STAGE_ONLY_NO_PROMOTION,BB_UPPER_REV_SHORT_W120_K2,BOLLINGER_REVERSAL,SHORT,120,Short when close is >= +2 sigma vs 120H rolling mean,120,2434,-51.54083326272966,-49.62306975822561,40.468364831553,119,-69.70811956769799,-71.33475579686355,36.97478991596639,8.0,-77.70811956769799,-41.34868880772282,-34.35585536444943,-28.35943075997517,-35.35226420324856,-36.35943075997517,73,-46.23429909357185,84,-48.11933734681541,35,-121.5211968978163,54,-47.51190612580132,65,-88.14805073481219,-79.07782665818698,84.6431622475774,-193.3003265564093,148.6737297708267,-226.9895932509562,FAIL_BENCHMARK_RESEARCH_ONLY,"{""2022"": -17.804392297717943, ""2023"": -40.62971825238745, ""2024"": -66.54400413950827, ""2025"": -121.5211968978163, ""2026"": -60.62913666379547}","{""2022"": 15, ""2023"": 29, ""2024"": 29, ""2025"": 35, ""2026"": 11}","{""2022"": -77.19423407779131, ""2023"": -79.07782665818698, ""2024"": -70.72766787233694, ""2025"": -48.11933734681541, ""2026"": -70.63283078939179}"
Stage39A_BENCHMARK_FIRST_REVERSAL_OR_MEAN_REVERSION_SCAN,NO_GO,RESEARCH_STAGE_ONLY_NO_PROMOTION,RANGE_BOTTOM_REV_LONG_W120_Q0.1,ROLLING_RANGE_REVERSAL,LONG,120,Long near bottom 0.1 of rolling 120H range,120,2042,28.32883060232225,19.744816259382738,52.74240940254652,103,10.433120734818651,10.522397319765453,50.48543689320388,8.0,2.433120734818651,41.34868880772282,34.35585536444943,-30.915568072904172,-23.92273462963078,-38.91556807290417,71,5.654618434244183,83,-14.523908185067638,20,114.00479075234678,55,-6.344409416499079,48,29.657374033203553,-14.523908185067638,132.7915167825533,-135.9170552813882,175.58527695070939,-195.03072511389115,FAIL_BENCHMARK_RESEARCH_ONLY,"{""2022"": -0.049518890190613264, ""2023"": -21.13084845896357, ""2024"": 40.541716459465235, ""2025"": 114.00479075234678, ""2026"": -133.91352401599593}","{""2022"": 20, ""2023"": 27, ""2024"": 24, ""2025"": 20, ""2026"": 12}","{""2022"": 12.95905799385703, ""2023"": 21.64663610629391, ""2024"": 1.286205577963999, ""2025"": -14.523908185067638, ""2026"": 29.467843119541453}"
Stage39A_BENCHMARK_FIRST_REVERSAL_OR_MEAN_REVERSION_SCAN,NO_GO,RESEARCH_STAGE_ONLY_NO_PROMOTION,RET_Z_DOWNSIDE_EXTREME_REV_LONG_L72_T1.5,RETURN_ZSCORE_REVERSAL,LONG,72,Long after 72H downside move with z <= -1.5,120,2407,22.953188753112048,11.454472160223883,51.76568342334856,91,4.7878221013094855,-11.095095868562943,49.45054945054945,8.0,-3.2121778986905145,41.34868880772282,34.35585536444943,-36.560866706413336,-29.568033263139945,-44.560866706413336,60,-5.804590079424743,69,-33.861055023702285,22,126.00475490248276,50,-3.9963049380834086,41,15.500172149349593,-33.861055023702285,132.7915167825533,-118.92395139161071,182.7468044725647,-195.34501913816,FAIL_BENCHMARK_RESEARCH_ONLY,"{""2022"": -20.954112456810943, ""2023"": -14.178059383606273, ""2024"": 14.26350734381073, ""2025"": 126.00475490248276, ""2026"": -220.9041546522192}","{""2022"": 14, ""2023"": 25, ""2024"": 21, ""2025"": 22, ""2026"": 9}","{""2022"": 9.468173839149564, ""2023"": 11.971868118323036, ""2024"": 1.9451165285591059, ""2025"": -33.861055023702285, ""2026"": 29.55889272059922}"
Stage39A_BENCHMARK_FIRST_REVERSAL_OR_MEAN_REVERSION_SCAN,NO_GO,RESEARCH_STAGE_ONLY_NO_PROMOTION,RET_Z_DOWNSIDE_EXTREME_REV_LONG_L24_T2.5,RETURN_ZSCORE_REVERSAL,LONG,24,Long after 24H downside move with z <= -2.5,120,473,3.2050490801285316,8.95106374139365,52.85412262156448,75,-9.456951064115088,0.40774304033597275,50.66666666666667,8.0,-17.45695106411509,41.34868880772282,34.35585536444943,-50.80563987183791,-43.81280642856452,-58.80563987183791,50,18.34001122944773,58,-20.49923344361761,17,28.21671823065821,38,30.438630472199208,37,-50.43079156087032,-20.77923127370431,130.6134068943865,-132.49214518012087,164.9370050557282,-209.5564606288769,FAIL_BENCHMARK_RESEARCH_ONLY,"{""2022"": 11.394997890408304, ""2023"": 23.5075092341293, ""2024"": 17.819451258986224, ""2025"": 28.21671823065821, ""2026"": -263.24451265027596}","{""2022"": 11, ""2023"": 17, ""2024"": 22, ""2025"": 17, ""2026"": 8}","{""2022"": -13.0408797906738, ""2023"": -19.11894804808328, ""2024"": -20.77923127370431, ""2025"": -20.49923344361761, ""2026"": 20.84604136408322}"
Stage39A_BENCHMARK_FIRST_REVERSAL_OR_MEAN_REVERSION_SCAN,NO_GO,RESEARCH_STAGE_ONLY_NO_PROMOTION,RET_Z_DOWNSIDE_EXTREME_REV_LONG_L72_T2,RETURN_ZSCORE_REVERSAL,LONG,72,Long after 72H downside move with z <= -2,120,1082,28.764487865600035,-7.998785150181709,48.151571164510166,49,-9.74062518853725,-33.94232908536799,46.93877551020408,8.0,-17.74062518853725,41.34868880772282,34.35585536444943,-51.089313996260074,-44.096480552986684,-59.089313996260074,34,-30.24758662395289,38,-48.390659906163165,11,123.77767656326135,26,-28.24754992930175,23,11.180246257544379,-48.390659906163165,135.93844746861095,-135.45502367174998,165.3022237102226,-214.7965777251281,FAIL_BENCHMARK_RESEARCH_ONLY,"{""2022"": -7.275942209408186, ""2023"": -48.43781827896884, ""2024"": -26.193751531733685, ""2025"": 123.77767656326135, ""2026"": -202.60678280495046}","{""2022"": 8, ""2023"": 13, ""2024"": 13, ""2025"": 11, ""2026"": 4}","{""2022"": -10.221538940562432, ""2023"": 4.233361205229711, ""2024"": -3.799218453494092, ""2025"": -48.390659906163165, ""2026"": 7.403033266255041}"
Stage39A_BENCHMARK_FIRST_REVERSAL_OR_MEAN_REVERSION_SCAN,NO_GO,RESEARCH_STAGE_ONLY_NO_PROMOTION,RSI_OVERBOUGHT_REV_SHORT_RSI28_T75,RSI_REVERSAL,SHORT,28,Short when RSI28 >= 75,24,79,92.2456723073354,28.635872276733252,70.88607594936708,25,66.89710246661345,35.29684064344285,80.0,8.0,58.89710246661345,-8.502590481085887,-7.013983104031285,75.39969294769934,73.91108557064473,67.39969294769934,19,38.2620513689944,21,42.42332446233907,4,195.38443698905394,17,39.589000346585244,8,124.92681947167337,42.42332446233907,97.15049297554845,-57.62787580969375,159.6631060094123,-76.58308906485662,INSUFFICIENT_EVENTS_RESEARCH_ONLY,"{""2022"": 2.701487086696299, ""2023"": 36.63364826385407, ""2024"": 58.75633868537733, ""2025"": 195.38443698905394, ""2026"": 81.9554188491134}","{""2022"": 3, ""2023"": 10, ""2024"": 6, ""2025"": 4, ""2026"": 2}","{""2022"": 75.65105001842034, ""2023"": 87.07273860178636, ""2024"": 69.46786997647749, ""2025"": 42.42332446233907, ""2026"": 65.5876836507439}"
Stage39A_BENCHMARK_FIRST_REVERSAL_OR_MEAN_REVERSION_SCAN,NO_GO,RESEARCH_STAGE_ONLY_NO_PROMOTION,RSI_OVERSOLD_REV_LONG_RSI28_T25,RSI_REVERSAL,LONG,28,Long when RSI28 <= 25,24,40,-3.1657992725477326,-51.903211219626044,32.5,9,23.430289055076504,-10.223690056258006,44.44444444444444,8.0,15.430289055076504,8.502590481085887,7.013983104031285,14.927698573990616,16.416305951045217,6.927698573990616,7,-24.84260727646007,9,23.430289055076504,0,,5,-25.68820147015405,4,84.8284022116147,-24.84260727646007,61.33209786661542,-60.64281382656134,128.72758212945016,-128.02101665693533,INSUFFICIENT_EVENTS_RESEARCH_ONLY,"{""2022"": 9.95478369334446, ""2023"": -34.598947761028676, ""2024"": -22.72862179222512, ""2026"": 192.38542621545452}","{""2022"": 1, ""2023"": 4, ""2024"": 2, ""2026"": 2}","{""2022"": 25.114727225293013, ""2023"": 69.85367850796065, ""2024"": 36.61854929716269, ""2026"": -24.84260727646007}"
Stage39A_BENCHMARK_FIRST_REVERSAL_OR_MEAN_REVERSION_SCAN,NO_GO,RESEARCH_STAGE_ONLY_NO_PROMOTION,SPREAD_STRESS_AFTER_12H_DOWN_REV_LONG_Z2,SPREAD_STRESS_FADE,LONG,12,Long after 12H downside move while spread_z_240h >= 2,24,0,,,,0,,,,8.0,,8.502590481085887,7.013983104031285,,,,0,,0,,0,,0,,0,,,,,,,INSUFFICIENT_EVENTS_RESEARCH_ONLY,{},{},{}
Stage39A_BENCHMARK_FIRST_REVERSAL_OR_MEAN_REVERSION_SCAN,NO_GO,RESEARCH_STAGE_ONLY_NO_PROMOTION,SPREAD_STRESS_AFTER_12H_UP_REV_SHORT_Z2,SPREAD_STRESS_FADE,SHORT,12,Short after 12H upside move while spread_z_240h >= 2,24,0,,,,0,,,,8.0,,-8.502590481085887,-7.013983104031285,,,,0,,0,,0,,0,,0,,,,,,,INSUFFICIENT_EVENTS_RESEARCH_ONLY,{},{},{}
Stage39A_BENCHMARK_FIRST_REVERSAL_OR_MEAN_REVERSION_SCAN,NO_GO,RESEARCH_STAGE_ONLY_NO_PROMOTION,RSI_OVERBOUGHT_REV_SHORT_RSI28_T75,RSI_REVERSAL,SHORT,28,Short when RSI28 >= 75,72,79,122.58248404150791,-115.71918962296922,40.50632911392405,23,105.38537391300778,52.748827258630726,60.86956521739131,8.0,97.38537391300778,-25.002508867881488,-21.018360592288875,130.38788278088927,126.40373450529665,122.38788278088927,17,38.39308017019836,19,86.20407124582995,4,196.49656158210237,15,35.84478909692046,8,235.77397044317146,68.50802901056103,166.67326497486147,-124.26755988096284,306.29534531834236,-146.38467168726083,INSUFFICIENT_EVENTS_RESEARCH_ONLY,"{""2022"": -82.62681562664741, ""2023"": 42.09168569637897, ""2024"": 73.1851371465427, ""2025"": 196.49656158210237, ""2026"": 492.5974953886985}","{""2022"": 2, ""2023"": 9, ""2024"": 6, ""2025"": 4, ""2026"": 2}","{""2022"": 123.29129672630825, ""2023"": 146.07417348084056, ""2024"": 116.75016335999544, ""2025"": 86.20407124582995, ""2026"": 68.50802901056103}"
Stage39A_BENCHMARK_FIRST_REVERSAL_OR_MEAN_REVERSION_SCAN,NO_GO,RESEARCH_STAGE_ONLY_NO_PROMOTION,RET_Z_UPSIDE_EXTREME_REV_SHORT_L120_T2.5,RETURN_ZSCORE_REVERSAL,SHORT,120,Short after 120H upside move with z >= +2.5,72,432,-6.058451753568289,-93.54514229783395,29.629629629629626,24,19.955976559635946,-28.228460219905664,45.83333333333333,8.0,11.955976559635946,-25.002508867881488,-21.018360592288875,44.95848542751743,40.97433715192482,36.95848542751743,17,-14.383979774480665,18,57.84472020429199,6,-93.71025437433214,14,-37.126269974080174,10,99.87112170683852,-35.07779053965931,100.87456754459545,-160.4664383551807,222.04917272522138,-185.03050464539092,INSUFFICIENT_EVENTS_RESEARCH_ONLY,"{""2022"": -173.34561991635132, ""2023"": 55.35507187268782, ""2024"": -12.335205838739082, ""2025"": -93.71025437433214, ""2026"": 1285.732619843427}","{""2022"": 4, ""2023"": 9, ""2024"": 4, ""2025"": 6, ""2026"": 1}","{""2022"": 58.616295854833425, ""2023"": -1.283480628195169, ""2024"": 26.414213039310958, ""2025"": 57.84472020429199, ""2026"": -35.07779053965931}"
Stage39A_BENCHMARK_FIRST_REVERSAL_OR_MEAN_REVERSION_SCAN,NO_GO,RESEARCH_STAGE_ONLY_NO_PROMOTION,RET_Z_DOWNSIDE_EXTREME_REV_LONG_L120_T2.5,RETURN_ZSCORE_REVERSAL,LONG,120,Long after 120H downside move with z <= -2.5,72,497,58.70690359904976,16.862104350772178,52.51509054325956,26,14.204384843243737,20.97998284115277,57.692307692307686,8.0,6.204384843243737,25.002508867881488,21.018360592288875,-10.798124024637751,-6.813975749045138,-18.79812402463775,13,-41.03885081309664,19,-2.0670774493464497,7,58.369782494559956,10,-24.772951653031395,16,38.56522015341569,-6.245829155416828,132.28157058800429,-170.0565858303965,186.5805630882245,-262.0722086703732,INSUFFICIENT_EVENTS_RESEARCH_ONLY,"{""2022"": -9.610306352140775, ""2023"": -75.31412241862195, ""2024"": -12.479942670848624, ""2025"": 58.369782494559956, ""2026"": 82.37176483877896}","{""2022"": 2, ""2023"": 6, ""2024"": 5, ""2025"": 7, ""2026"": 6}","{""2022"": 16.188942442859116, ""2023"": 41.05993702180342, ""2024"": 20.55779615612287, ""2025"": -2.0670774493464497, ""2026"": -6.245829155416828}"
Stage39A_BENCHMARK_FIRST_REVERSAL_OR_MEAN_REVERSION_SCAN,NO_GO,RESEARCH_STAGE_ONLY_NO_PROMOTION,RSI_OVERSOLD_REV_LONG_RSI28_T25,RSI_REVERSAL,LONG,28,Long when RSI28 <= 25,72,40,-175.1898129750403,-252.1477503155112,25.0,8,-24.616219615210674,-36.59416737472609,50.0,8.0,-32.616219615210674,25.002508867881488,21.018360592288875,-49.61872848309216,-45.63458020749955,-57.61872848309216,6,-11.217744141593746,8,-24.616219615210674,0,,4,7.636948523522818,4,-56.86938775394418,-67.85179550965447,97.1204722096597,-219.65997445961005,223.06163332454247,-308.9809125637332,INSUFFICIENT_EVENTS_RESEARCH_ONLY,"{""2022"": -111.78142653249567, ""2023"": 47.443073542195656, ""2024"": -48.92712947182687, ""2026"": -64.81164603606146}","{""2022"": 1, ""2023"": 3, ""2024"": 2, ""2026"": 2}","{""2022"": -12.164047198455673, ""2023"": -67.85179550965447, ""2024"": -16.512582996338608, ""2026"": -11.217744141593746}"
Stage39A_BENCHMARK_FIRST_REVERSAL_OR_MEAN_REVERSION_SCAN,NO_GO,RESEARCH_STAGE_ONLY_NO_PROMOTION,SPREAD_STRESS_AFTER_12H_DOWN_REV_LONG_Z2,SPREAD_STRESS_FADE,LONG,12,Long after 12H downside move while spread_z_240h >= 2,72,0,,,,0,,,,8.0,,25.002508867881488,21.018360592288875,,,,0,,0,,0,,0,,0,,,,,,,INSUFFICIENT_EVENTS_RESEARCH_ONLY,{},{},{}
Stage39A_BENCHMARK_FIRST_REVERSAL_OR_MEAN_REVERSION_SCAN,NO_GO,RESEARCH_STAGE_ONLY_NO_PROMOTION,SPREAD_STRESS_AFTER_12H_UP_REV_SHORT_Z2,SPREAD_STRESS_FADE,SHORT,12,Short after 12H upside move while spread_z_240h >= 2,72,0,,,,0,,,,8.0,,-25.002508867881488,-21.018360592288875,,,,0,,0,,0,,0,,0,,,,,,,INSUFFICIENT_EVENTS_RESEARCH_ONLY,{},{},{}
Stage39A_BENCHMARK_FIRST_REVERSAL_OR_MEAN_REVERSION_SCAN,NO_GO,RESEARCH_STAGE_ONLY_NO_PROMOTION,RSI_OVERBOUGHT_REV_SHORT_RSI28_T75,RSI_REVERSAL,SHORT,28,Short when RSI28 >= 75,120,79,44.00900415112247,-38.08524709799643,45.56962025316456,22,57.166592748386805,36.86623728410554,59.09090909090909,8.0,49.166592748386805,-41.34868880772282,-34.35585536444943,98.51528155610963,91.52244811283623,90.51528155610963,16,-20.122290566002782,18,-7.443295425101244,4,347.9110895290829,14,-5.960719663466299,8,167.63938946912972,-7.443295425101244,182.00369905710278,-138.75516586530244,362.3951207592491,-222.5634565158827,INSUFFICIENT_EVENTS_RESEARCH_ONLY,"{""2022"": -41.90215900710892, ""2023"": -12.318223381000962, ""2024"": -23.267757332303137, ""2025"": 347.9110895290829, ""2026"": 93.98866570211106}","{""2022"": 2, ""2023"": 8, ""2024"": 6, ""2025"": 4, ""2026"": 2}","{""2022"": 67.07346792393636, ""2023"": 96.87220196517981, ""2024"": 87.32947402864554, ""2025"": -7.443295425101244, ""2026"": 53.484385453014376}"
Stage39A_BENCHMARK_FIRST_REVERSAL_OR_MEAN_REVERSION_SCAN,NO_GO,RESEARCH_STAGE_ONLY_NO_PROMOTION,RET_Z_UPSIDE_EXTREME_REV_SHORT_L120_T2.5,RETURN_ZSCORE_REVERSAL,SHORT,120,Short after 120H upside move with z >= +2.5,120,432,-13.195421426433485,-107.32924116010345,28.009259259259263,22,-24.9321790803481,-76.17497872871249,40.909090909090914,8.0,-32.9321790803481,-41.34868880772282,-34.35585536444943,16.416509727374724,9.423676284101333,8.416509727374724,16,-54.66481036384911,17,-3.891627660868815,5,-96.47005390657768,13,-84.49528120150276,9,61.10341287243082,-64.61843977878448,123.97219350570587,-205.59132601130017,263.7407539476224,-236.47584212079147,INSUFFICIENT_EVENTS_RESEARCH_ONLY,"{""2022"": -95.87330620570405, ""2023"": -37.17179518525308, ""2024"": -48.44234487918625, ""2025"": -96.47005390657768, ""2026"": 808.4792955868159}","{""2022"": 4, ""2023"": 8, ""2024"": 4, ""2025"": 5, ""2026"": 1}","{""2022"": -9.16748416360234, ""2023"": -17.93811273468813, ""2024"": -19.707697791717415, ""2025"": -3.891627660868815, ""2026"": -64.61843977878448}"
Stage39A_BENCHMARK_FIRST_REVERSAL_OR_MEAN_REVERSION_SCAN,NO_GO,RESEARCH_STAGE_ONLY_NO_PROMOTION,RET_Z_DOWNSIDE_EXTREME_REV_LONG_L120_T2.5,RETURN_ZSCORE_REVERSAL,LONG,120,Long after 120H downside move with z <= -2.5,120,485,66.24174587751752,29.54890479288652,52.78350515463918,20,23.22162378665849,48.33535244204823,55.00000000000001,8.0,15.22162378665849,41.34868880772282,34.35585536444943,-18.127065021064332,-11.134231577790942,-26.127065021064332,12,-20.61891485198466,14,-23.685588111150928,6,132.6717848815471,9,-16.64325167368179,11,55.838340072391446,-23.685588111150928,180.50168272179758,-195.37043430370383,216.38822981894174,-284.2589907783809,INSUFFICIENT_EVENTS_RESEARCH_ONLY,"{""2022"": -70.78717535923707, ""2023"": -67.90427564993175, ""2024"": 46.73375014886339, ""2025"": 132.6717848815471, ""2026"": -42.085627666148525}","{""2022"": 2, ""2023"": 5, ""2024"": 5, ""2025"": 6, ""2026"": 2}","{""2022"": 33.667045913980225, ""2023"": 53.59692359885522, ""2024"": 15.384248332590186, ""2025"": -23.685588111150928, ""2026"": 30.477985059192594}"
Stage39A_BENCHMARK_FIRST_REVERSAL_OR_MEAN_REVERSION_SCAN,NO_GO,RESEARCH_STAGE_ONLY_NO_PROMOTION,RSI_OVERSOLD_REV_LONG_RSI28_T25,RSI_REVERSAL,LONG,28,Long when RSI28 <= 25,120,40,-142.8274414984059,-272.0959263709866,17.5,7,-56.28037111766452,-35.26152296196683,28.57142857142857,8.0,-64.28037111766452,41.34868880772282,34.35585536444943,-97.62905992538734,-90.63622648211395,-105.62905992538734,6,30.007454883232416,7,-56.28037111766452,0,,4,13.261254011383002,3,-149.00253795639455,-120.56728420778762,97.08912529834413,-164.85361670484644,147.84679321734075,-331.32754266654075,INSUFFICIENT_EVENTS_RESEARCH_ONLY,"{""2022"": -35.26152296196683, ""2023"": 29.43551300249963, ""2024"": 63.49985662693125, ""2026"": -574.0073271230461}","{""2022"": 1, ""2023"": 3, ""2024"": 2, ""2026"": 1}","{""2022"": -59.783512476947465, ""2023"": -120.56728420778762, ""2024"": -104.19246221550284, ""2026"": 30.007454883232416}"
Stage39A_BENCHMARK_FIRST_REVERSAL_OR_MEAN_REVERSION_SCAN,NO_GO,RESEARCH_STAGE_ONLY_NO_PROMOTION,RET_Z_DOWNSIDE_EXTREME_REV_LONG_L72_T2.5,RETURN_ZSCORE_REVERSAL,LONG,72,Long after 72H downside move with z <= -2.5,120,458,72.16107795149497,8.920096394294807,50.87336244541485,25,-68.65563229547344,-67.730214602022,36.0,8.0,-76.65563229547344,41.34868880772282,34.35585536444943,-110.00432110319626,-103.01148765992286,-118.00432110319626,18,-102.96780374420774,20,-98.71086716579859,5,51.56530718582708,12,-59.68324795389057,13,-76.93783322616532,-98.71086716579859,107.35444272025995,-201.21111557771854,162.6919230745437,-288.42977515937514,INSUFFICIENT_EVENTS_RESEARCH_ONLY,"{""2022"": -9.643552167830194, ""2023"": -138.6838250564944, ""2024"": -139.01425088823163, ""2025"": 51.56530718582708, ""2026"": -60.39843796011634}","{""2022"": 5, ""2023"": 6, ""2024"": 7, ""2025"": 5, ""2026"": 2}","{""2022"": -83.40865232738425, ""2023"": -46.54146616041419, ""2024"": -41.293947287178604, ""2025"": -98.71086716579859, ""2026"": -69.37364919420015}"
Stage39A_BENCHMARK_FIRST_REVERSAL_OR_MEAN_REVERSION_SCAN,NO_GO,RESEARCH_STAGE_ONLY_NO_PROMOTION,SPREAD_STRESS_AFTER_12H_DOWN_REV_LONG_Z2,SPREAD_STRESS_FADE,LONG,12,Long after 12H downside move while spread_z_240h >= 2,120,0,,,,0,,,,8.0,,41.34868880772282,34.35585536444943,,,,0,,0,,0,,0,,0,,,,,,,INSUFFICIENT_EVENTS_RESEARCH_ONLY,{},{},{}
Stage39A_BENCHMARK_FIRST_REVERSAL_OR_MEAN_REVERSION_SCAN,NO_GO,RESEARCH_STAGE_ONLY_NO_PROMOTION,SPREAD_STRESS_AFTER_12H_UP_REV_SHORT_Z2,SPREAD_STRESS_FADE,SHORT,12,Short after 12H upside move while spread_z_240h >= 2,120,0,,,,0,,,,8.0,,-41.34868880772282,-34.35585536444943,,,,0,,0,,0,,0,,0,,,,,,,INSUFFICIENT_EVENTS_RESEARCH_ONLY,{},{},{}
Stage39A_BENCHMARK_FIRST_REVERSAL_OR_MEAN_REVERSION_SCAN,NO_GO,RESEARCH_STAGE_ONLY_NO_PROMOTION,BB_LOWER_REV_LONG_W120_K2.5,BOLLINGER_REVERSAL,LONG,120,Long when close is <= -2.5 sigma vs 120H rolling mean,72,544,9.902597550354578,24.313270639618743,55.69852941176471,87,45.932917460051335,27.4290149679568,59.77011494252874,8.0,37.932917460051335,25.002508867881488,21.018360592288875,20.930408592169847,24.91455686776246,12.930408592169847,58,35.0826263963851,69,21.36762194271784,18,140.09988360982973,47,24.42714845901405,40,71.20219603627015,21.36762194271784,149.0487486707437,-88.40617792181149,173.84534832647793,-136.35278763780943,STRICT_RESEARCH_WATCH_ONLY_NO_PROMOTION,"{""2022"": 17.531862058464537, ""2023"": 37.392982938128206, ""2024"": 50.201436479839245, ""2025"": 140.09988360982973, ""2026"": -50.94785608570956}","{""2022"": 19, ""2023"": 20, ""2024"": 19, ""2025"": 18, ""2026"": 11}","{""2022"": 53.868506469318234, ""2023"": 48.48215164570003, ""2024"": 44.74024302805178, ""2025"": 21.36762194271784, ""2026"": 59.955134683779896}"
Stage39A_BENCHMARK_FIRST_REVERSAL_OR_MEAN_REVERSION_SCAN,NO_GO,RESEARCH_STAGE_ONLY_NO_PROMOTION,RANGE_BOTTOM_REV_LONG_W48_Q0.05,ROLLING_RANGE_REVERSAL,LONG,48,Long near bottom 0.05 of rolling 48H range,72,814,22.4709499983701,21.405771809263065,56.14250614250614,177,41.96365943592584,34.57991108023029,61.016949152542374,8.0,33.96365943592584,25.002508867881488,21.018360592288875,16.961150568044353,20.945298843636966,8.961150568044353,124,25.750963716347307,140,26.01210204670739,37,102.32090361134702,98,29.95767321083451,79,56.85716133540624,26.01210204670739,120.25091360799101,-82.90879175967936,152.26218056287834,-124.21293437381065,STRICT_RESEARCH_WATCH_ONLY_NO_PROMOTION,"{""2022"": 14.30025827452606, ""2023"": 29.729033086200424, ""2024"": 29.372162069536596, ""2025"": 102.32090361134702, ""2026"": 28.035924106998003}","{""2022"": 31, ""2023"": 51, ""2024"": 42, ""2025"": 37, ""2026"": 16}","{""2022"": 47.837395298962775, ""2023"": 46.915770101290896, ""2024"": 45.88101417213583, ""2025"": 26.01210204670739, ""2026"": 43.34778220153358}"
Stage39A_BENCHMARK_FIRST_REVERSAL_OR_MEAN_REVERSION_SCAN,NO_GO,RESEARCH_STAGE_ONLY_NO_PROMOTION,RET_Z_DOWNSIDE_EXTREME_REV_LONG_L24_T1.5,RETURN_ZSCORE_REVERSAL,LONG,24,Long after 24H downside move with z <= -1.5,120,2377,32.171161374185694,32.17654602991615,55.53218342448465,172,56.330612369421836,42.59367734607777,59.30232558139535,8.0,48.330612369421836,41.34868880772282,34.35585536444943,14.981923561699013,21.974757004972403,6.981923561699013,111,27.531359483418868,130,28.35918548278715,42,142.90883844710055,86,29.73927899648421,86,82.92194574235945,28.35918548278715,175.97924006844013,-120.22351786447726,224.04803251044524,-176.98827760384398,STRICT_RESEARCH_WATCH_ONLY_NO_PROMOTION,"{""2022"": 13.85454873312164, ""2023"": 16.388780996665055, ""2024"": 46.92025029750174, ""2025"": 142.90883844710055, ""2026"": 33.19543211067549}","{""2022"": 30, ""2023"": 38, ""2024"": 43, ""2025"": 42, ""2026"": 19}","{""2022"": 65.30442863061201, ""2023"": 67.65740037065137, ""2024"": 59.46739972672854, ""2025"": 28.35918548278715, ""2026"": 59.20360861070405}"
Stage39A_BENCHMARK_FIRST_REVERSAL_OR_MEAN_REVERSION_SCAN,NO_GO,RESEARCH_STAGE_ONLY_NO_PROMOTION,BB_LOWER_REV_LONG_W24_K2,BOLLINGER_REVERSAL,LONG,24,Long when close is <= -2 sigma vs 24H rolling mean,120,1433,44.874462974646534,47.01416424414573,57.990230286113054,200,54.26540705334791,43.491829187271016,56.00000000000001,8.0,46.26540705334791,41.34868880772282,34.35585536444943,12.916718245625084,19.909551688898475,4.916718245625084,130,24.647955194669596,151,31.596977365420106,49,124.12118017328866,100,27.51479395999266,100,81.01602014670316,31.596977365420106,170.56434555218325,-107.56586460181461,222.1247087076702,-159.27675117299313,STRICT_RESEARCH_WATCH_ONLY_NO_PROMOTION,"{""2022"": 11.736589261190955, ""2023"": 13.04648278313905, ""2024"": 45.39497847574751, ""2025"": 124.12118017328866, ""2026"": 74.61473366054237}","{""2022"": 34, ""2023"": 48, ""2024"": 48, ""2025"": 49, ""2026"": 21}","{""2022"": 62.97612876981378, ""2023"": 67.28190945446649, ""2024"": 57.066595025221716, ""2025"": 31.596977365420106, ""2026"": 51.87805588714074}"
Stage39A_BENCHMARK_FIRST_REVERSAL_OR_MEAN_REVERSION_SCAN,NO_GO,RESEARCH_STAGE_ONLY_NO_PROMOTION,BB_LOWER_REV_LONG_W24_K2,BOLLINGER_REVERSAL,LONG,24,Long when close is <= -2 sigma vs 24H rolling mean,72,1442,24.0934600147046,23.015895092645124,56.44937586685159,278,33.18082464848879,22.274546333563848,57.55395683453237,8.0,25.180824648488787,25.002508867881488,21.018360592288875,8.1783157806073,12.162464056199912,0.17831578060729925,180,23.2313547252788,211,28.358633562801735,67,48.36712791833909,142,25.76609161660204,136,40.92267825531172,28.358633562801735,124.8147784009812,-91.33371420526282,160.21125881296052,-135.33362127302055,WATCH_ONLY_BENCHMARK_RESIDUAL_NO_PROMOTION,"{""2022"": 13.518975409541703, ""2023"": 26.01422867129687, ""2024"": 28.01173436169211, ""2025"": 48.36712791833909, ""2026"": 58.129930038741364}","{""2022"": 50, ""2023"": 68, ""2024"": 62, ""2025"": 67, ""2026"": 31}","{""2022"": 37.49263369211753, ""2023"": 35.501436679198555, ""2024"": 34.66454500858783, ""2025"": 28.358633562801735, ""2026"": 30.049560409226324}"
Stage39A_BENCHMARK_FIRST_REVERSAL_OR_MEAN_REVERSION_SCAN,NO_GO,RESEARCH_STAGE_ONLY_NO_PROMOTION,RANGE_BOTTOM_REV_LONG_W24_Q0.1,ROLLING_RANGE_REVERSAL,LONG,24,Long near bottom 0.1 of rolling 24H range,120,1839,32.53553769948545,33.97259714119194,55.95432300163132,195,51.4633334729647,47.47388663082886,57.43589743589743,8.0,43.4633334729647,41.34868880772282,34.35585536444943,10.114644665241876,17.107478108515267,2.114644665241876,130,27.080772436114604,150,23.078893813569756,45,146.07813233761453,101,29.633109570800638,94,74.91921234656652,23.078893813569756,165.02039992716266,-102.7189293857489,204.28201144271898,-166.42139983180155,WATCH_ONLY_BENCHMARK_RESIDUAL_NO_PROMOTION,"{""2022"": 28.14236103838333, ""2023"": 20.904635547295953, ""2024"": 33.11746673303741, ""2025"": 146.07813233761453, ""2026"": -2.933317232971755}","{""2022"": 35, ""2023"": 50, ""2024"": 45, ""2025"": 45, ""2026"": 20}","{""2022"": 56.56479619302938, ""2023"": 62.000815516298765, ""2024"": 56.967093494942894, ""2025"": 23.078893813569756, ""2026"": 57.680093553643154}"
