source,scope_type,scope_value,macro_feature,macro_gate,macro_side,macro_q,overlay_name,overlay_features_json,scope_rows,stage31b_decision,stage31b_wf_pf_x4,stage31b_wf_total_x4,wf_events,wf_pf_x1,wf_pf_x4,wf_pf_x6,wf_total_x1,wf_total_x4,wf_total_x6,win_rate_x4,median_x4,boot_p05_total_x4,years_positive_x4,years_tested,decision,rank_score
stage31b_top_diagnostic,candidate_name,S23B_B_pb0.1_eff0.60_h180_tp0.6_sl0.65,real_yield_rank250,real_yield_rank250_le_q20,le,0.2,macro_only,[],400,REJECT_TOO_FEW_YEARS,inf,218.50752000000008,112,21.78925874352685,13.207420859552945,9.460106972688958,533.28856,415.68855999999994,337.28856,0.9285714285714286,2.171075,316.9946215,4,4,STAGE31C_EXOGENOUS_AUDIT_CANDIDATE_REVIEW_ONLY,145.418587075
stage31b_top_diagnostic,family,london_oneway_continuation,real_yield_rank250,real_yield_rank250_le_q20,le,0.2,macro_only,[],400,REJECT_TOO_FEW_YEARS,inf,218.50752000000008,112,21.78925874352685,13.207420859552945,9.460106972688958,533.28856,415.68855999999994,337.28856,0.9285714285714286,2.171075,307.7644,4,4,STAGE31C_EXOGENOUS_AUDIT_CANDIDATE_REVIEW_ONLY,144.957076
stage31b_top_diagnostic,family,london_oneway_continuation,real_yield_rank250,real_yield_rank250_le_q20,le,0.2,london_q40_prior_q30,"[[""london_range"", ""ge"", 0.4], [""prior_day_range"", ""ge"", 0.3]]",400,REJECT_TOO_FEW_YEARS,inf,218.50752000000008,92,34.2110975473237,21.919580492396634,16.18264810595016,498.4082400000001,401.80824000000007,337.40824000000015,0.9565217391304348,2.33929,306.0807325,4,4,STAGE31C_EXOGENOUS_AUDIT_CANDIDATE_REVIEW_ONLY,142.684860625
stage31b_top_diagnostic,candidate_name,S23B_B_pb0.1_eff0.60_h180_tp0.6_sl0.65,real_yield_rank250,real_yield_rank250_le_q20,le,0.2,london_q40_prior_q30,"[[""london_range"", ""ge"", 0.4], [""prior_day_range"", ""ge"", 0.3]]",400,REJECT_TOO_FEW_YEARS,inf,218.50752000000008,92,34.2110975473237,21.919580492396634,16.18264810595016,498.4082400000001,401.80824000000007,337.40824000000015,0.9565217391304348,2.33929,303.20224349999995,4,4,STAGE31C_EXOGENOUS_AUDIT_CANDIDATE_REVIEW_ONLY,142.54093617499998
stage31b_top_diagnostic,family,london_oneway_continuation,us10y_rank250,us10y_rank250_le_q30,le,0.3,london_q60_prior_q25,"[[""london_range"", ""ge"", 0.6], [""prior_day_range"", ""ge"", 0.25]]",400,REJECT_TOO_FEW_YEARS,10.231772980740184,180.91764,88,30.189593299993987,19.851742078184362,14.662878906902487,484.45968,392.05968,330.45968000000005,0.9545454545454546,2.4734300000000005,300.29449250000005,3,3,STAGE31C_EXOGENOUS_AUDIT_CANDIDATE_REVIEW_ONLY,139.020692625
stage31b_top_diagnostic,candidate_name,S23B_B_pb0.1_eff0.60_h180_tp0.6_sl0.65,us10y_rank250,us10y_rank250_le_q30,le,0.3,london_q60_prior_q25,"[[""london_range"", ""ge"", 0.6], [""prior_day_range"", ""ge"", 0.25]]",400,REJECT_TOO_FEW_YEARS,10.231772980740184,180.91764,88,30.189593299993987,19.851742078184362,14.662878906902487,484.45968,392.05968,330.45968000000005,0.9545454545454546,2.4734300000000005,288.496652,3,3,STAGE31C_EXOGENOUS_AUDIT_CANDIDATE_REVIEW_ONLY,138.4308006
stage31b_top_diagnostic,family,london_oneway_continuation,us10y_rank250,us10y_rank250_le_q30,le,0.3,london_q40_prior_q30,"[[""london_range"", ""ge"", 0.4], [""prior_day_range"", ""ge"", 0.3]]",400,REJECT_TOO_FEW_YEARS,10.231772980740184,180.91764,96,16.1374016430686,10.43915701019991,7.719637805462014,478.40668000000005,377.60668,310.40668000000005,0.9166666666666666,2.21736,288.1665865,3,3,STAGE31C_EXOGENOUS_AUDIT_CANDIDATE_REVIEW_ONLY,137.768997325
stage31b_top_diagnostic,candidate_name,S23B_B_pb0.1_eff0.60_h180_tp0.6_sl0.65,us10y_rank250,us10y_rank250_le_q30,le,0.3,london_q40_prior_q30,"[[""london_range"", ""ge"", 0.4], [""prior_day_range"", ""ge"", 0.3]]",400,REJECT_TOO_FEW_YEARS,10.231772980740184,180.91764,96,16.1374016430686,10.43915701019991,7.719637805462014,478.40668000000005,377.60668,310.40668000000005,0.9166666666666666,2.21736,281.0634725,3,3,STAGE31C_EXOGENOUS_AUDIT_CANDIDATE_REVIEW_ONLY,137.413841625
stage31b_top_diagnostic,family,london_oneway_continuation,us10y_rank250,us10y_rank250_le_q20,le,0.2,macro_only,[],400,REJECT_TOO_FEW_YEARS,inf,189.12636,76,31.457881774712003,20.643070752339742,15.726488689197394,457.08996000000013,377.28996000000006,324.08996000000013,0.9473684210526315,2.6954300000000004,288.0777124999999,3,3,STAGE31C_EXOGENOUS_AUDIT_CANDIDATE_REVIEW_ONLY,135.732881625
stage31b_top_diagnostic,family,london_oneway_continuation,us10y_rank250,us10y_rank250_le_q20,le,0.2,london_q40_prior_q30,"[[""london_range"", ""ge"", 0.4], [""prior_day_range"", ""ge"", 0.3]]",400,REJECT_TOO_FEW_YEARS,inf,189.12636,76,31.457881774712003,20.643070752339742,15.726488689197394,457.08996000000013,377.28996000000006,324.08996000000013,0.9473684210526315,2.6954300000000004,285.5055545000001,3,3,STAGE31C_EXOGENOUS_AUDIT_CANDIDATE_REVIEW_ONLY,135.604273725
stage31b_top_diagnostic,candidate_name,S23B_B_pb0.1_eff0.60_h180_tp0.6_sl0.65,us10y_rank250,us10y_rank250_le_q20,le,0.2,london_q40_prior_q30,"[[""london_range"", ""ge"", 0.4], [""prior_day_range"", ""ge"", 0.3]]",400,REJECT_TOO_FEW_YEARS,inf,189.12636,76,31.457881774712003,20.643070752339742,15.726488689197394,457.08996000000013,377.28996000000006,324.08996000000013,0.9473684210526315,2.6954300000000004,282.9731645,3,3,STAGE31C_EXOGENOUS_AUDIT_CANDIDATE_REVIEW_ONLY,135.477654225
stage31b_top_diagnostic,candidate_name,S23B_B_pb0.1_eff0.60_h180_tp0.6_sl0.65,us10y_rank250,us10y_rank250_le_q20,le,0.2,macro_only,[],400,REJECT_TOO_FEW_YEARS,inf,189.12636,76,31.457881774712003,20.643070752339742,15.726488689197394,457.08996000000013,377.28996000000006,324.08996000000013,0.9473684210526315,2.6954300000000004,272.429102,3,3,STAGE31C_EXOGENOUS_AUDIT_CANDIDATE_REVIEW_ONLY,134.9504511
stage31b_top_diagnostic,family,london_oneway_continuation,us10y_rank250,us10y_rank250_le_q30,le,0.3,macro_only,[],400,REJECT_TOO_FEW_YEARS,10.231772980740184,180.91764,100,10.850936862521161,7.00671190485618,5.1989239442237825,463.00940000000014,358.0094000000001,288.0094000000001,0.88,2.18329,255.7102155,3,3,STAGE31C_EXOGENOUS_AUDIT_CANDIDATE_REVIEW_ONLY,134.586450775
stage31b_top_diagnostic,candidate_name,S23B_B_pb0.1_eff0.60_h180_tp0.6_sl0.65,us10y_rank250,us10y_rank250_le_q30,le,0.3,macro_only,[],400,REJECT_TOO_FEW_YEARS,10.231772980740184,180.91764,100,10.850936862521161,7.00671190485618,5.1989239442237825,463.00940000000014,358.0094000000001,288.0094000000001,0.88,2.18329,254.46482900000007,3,3,STAGE31C_EXOGENOUS_AUDIT_CANDIDATE_REVIEW_ONLY,134.52418145000001
stage31b_top_diagnostic,family,london_oneway_continuation,real_yield_z60,real_yield_z60_le_q20,le,0.2,macro_only,[],400,REJECT_TOO_FEW_EVENTS,inf,128.77948,132,23.38998021903797,12.174412744189237,7.398380125795006,464.0771199999999,325.47711999999996,233.07711999999998,0.9393939393939394,1.25243,238.00949,4,4,STAGE31C_EXOGENOUS_AUDIT_CANDIDATE_REVIEW_ONLY,132.4481865
stage31b_top_diagnostic,candidate_name,S23B_B_pb0.1_eff0.60_h180_tp0.6_sl0.65,real_yield_z60,real_yield_z60_le_q20,le,0.2,macro_only,[],400,REJECT_TOO_FEW_EVENTS,inf,128.77948,132,23.38998021903797,12.174412744189237,7.398380125795006,464.0771199999999,325.47711999999996,233.07711999999998,0.9393939393939394,1.25243,234.1363975,4,4,STAGE31C_EXOGENOUS_AUDIT_CANDIDATE_REVIEW_ONLY,132.254531875
stage31b_top_diagnostic,candidate_name,S23B_B_pb0.1_eff0.60_h180_tp0.6_sl0.65,real_yield_z60,real_yield_z60_le_q20,le,0.2,london_q40_prior_q30,"[[""london_range"", ""ge"", 0.4], [""prior_day_range"", ""ge"", 0.3]]",400,REJECT_TOO_FEW_EVENTS,inf,128.77948,108,43.129825354884275,22.800598788978697,13.551970219372322,424.75963999999993,311.35963999999996,235.75964,0.9629629629629629,1.44014,223.273362,4,4,STAGE31C_EXOGENOUS_AUDIT_CANDIDATE_REVIEW_ONLY,130.2996321
stage31b_top_diagnostic,family,london_oneway_continuation,real_yield_z60,real_yield_z60_le_q20,le,0.2,london_q40_prior_q30,"[[""london_range"", ""ge"", 0.4], [""prior_day_range"", ""ge"", 0.3]]",400,REJECT_TOO_FEW_EVENTS,inf,128.77948,108,43.129825354884275,22.800598788978697,13.551970219372322,424.75963999999993,311.35963999999996,235.75964,0.9629629629629629,1.44014,221.672086,4,4,STAGE31C_EXOGENOUS_AUDIT_CANDIDATE_REVIEW_ONLY,130.2195683
stage31b_top_diagnostic,candidate_name,S23B_B_pb0.1_eff0.60_h180_tp0.6_sl0.65,oil_rank250,oil_rank250_le_q30,le,0.3,macro_only,[],400,REJECT_TOO_FEW_YEARS,10.964207277744666,195.27136,68,12.420329598918666,7.352992480037214,5.062834989513809,281.18496,209.78496000000007,162.18496000000002,0.8823529411764706,2.33929,152.0407885,3,3,STAGE31C_EXOGENOUS_AUDIT_CANDIDATE_REVIEW_ONLY,111.380535425
stage31b_top_diagnostic,family,london_oneway_continuation,oil_rank250,oil_rank250_le_q30,le,0.3,macro_only,[],400,REJECT_TOO_FEW_YEARS,10.964207277744666,195.27136,68,12.420329598918666,7.352992480037214,5.062834989513809,281.18496,209.78496000000007,162.18496000000002,0.8823529411764706,2.33929,148.35308849999998,3,3,STAGE31C_EXOGENOUS_AUDIT_CANDIDATE_REVIEW_ONLY,111.196150425
stage31b_top_diagnostic,candidate_name,S23B_B_pb0.1_eff0.60_h180_tp0.6_sl0.65,real_yield_ret_1,real_yield_ret_1_le_q30,le,0.3,macro_only,[],400,REJECT_TOO_FEW_EVENTS,inf,98.66116,56,16.19429294450805,10.298441121315577,6.916634303809712,252.17968000000002,193.37968,154.17968000000002,0.9285714285714286,1.7056449999999999,137.83067350000002,4,4,STAGE31C_EXOGENOUS_AUDIT_CANDIDATE_REVIEW_ONLY,109.829501675
stage31b_top_diagnostic,family,london_oneway_continuation,real_yield_ret_1,real_yield_ret_1_le_q30,le,0.3,macro_only,[],400,REJECT_TOO_FEW_EVENTS,inf,98.66116,56,16.19429294450805,10.298441121315577,6.916634303809712,252.17968000000002,193.37968,154.17968000000002,0.9285714285714286,1.7056449999999999,125.98826550000001,4,4,STAGE31C_EXOGENOUS_AUDIT_CANDIDATE_REVIEW_ONLY,109.237381275
stage31b_top_diagnostic,family,london_oneway_continuation,dxy_ret_5,dxy_ret_5_le_q30,le,0.3,london_q40_prior_q30,"[[""london_range"", ""ge"", 0.4], [""prior_day_range"", ""ge"", 0.3]]",400,REJECT_TOO_FEW_YEARS,10.162285786598956,179.55588000000006,60,26.561939108286317,14.633761279806414,9.828659233120751,257.71956,194.71956000000006,152.71956,0.9333333333333333,2.116,143.71585400000004,3,3,STAGE31C_EXOGENOUS_AUDIT_CANDIDATE_REVIEW_ONLY,108.65774870000001
stage31b_top_diagnostic,candidate_name,S23B_B_pb0.1_eff0.60_h180_tp0.6_sl0.65,dxy_ret_5,dxy_ret_5_le_q30,le,0.3,london_q40_prior_q30,"[[""london_range"", ""ge"", 0.4], [""prior_day_range"", ""ge"", 0.3]]",400,REJECT_TOO_FEW_YEARS,10.162285786598956,179.55588000000006,60,26.561939108286317,14.633761279806414,9.828659233120751,257.71956,194.71956000000006,152.71956,0.9333333333333333,2.116,143.354745,3,3,STAGE31C_EXOGENOUS_AUDIT_CANDIDATE_REVIEW_ONLY,108.63969325000001
stage31b_top_diagnostic,candidate_name,S23B_B_pb0.1_eff0.60_h180_tp0.6_sl0.65,dxy_chg_5,dxy_chg_5_le_q30,le,0.3,london_q40_prior_q30,"[[""london_range"", ""ge"", 0.4], [""prior_day_range"", ""ge"", 0.3]]",400,REJECT_TOO_FEW_YEARS,10.162285786598956,179.55588000000006,60,26.561939108286317,14.633761279806414,9.828659233120751,257.71956,194.71956000000006,152.71956,0.9333333333333333,2.116,141.7219125,3,3,STAGE31C_EXOGENOUS_AUDIT_CANDIDATE_REVIEW_ONLY,108.558051625
stage31b_top_diagnostic,family,london_oneway_continuation,dxy_chg_5,dxy_chg_5_le_q30,le,0.3,london_q40_prior_q30,"[[""london_range"", ""ge"", 0.4], [""prior_day_range"", ""ge"", 0.3]]",400,REJECT_TOO_FEW_YEARS,10.162285786598956,179.55588000000006,60,26.561939108286317,14.633761279806414,9.828659233120751,257.71956,194.71956000000006,152.71956,0.9333333333333333,2.116,140.420625,3,3,STAGE31C_EXOGENOUS_AUDIT_CANDIDATE_REVIEW_ONLY,108.49298725
stage31b_top_diagnostic,family,london_oneway_continuation,real_yield_ret_1,real_yield_ret_1_le_q30,le,0.3,london_q60_prior_q25,"[[""london_range"", ""ge"", 0.6], [""prior_day_range"", ""ge"", 0.25]]",400,REJECT_TOO_FEW_EVENTS,inf,98.66116,44,14.557059709586072,9.5977073616387,7.119340066515953,225.00652000000002,178.80652000000003,148.00652,0.9090909090909091,2.1670000000000003,123.301894,3,4,STAGE31C_EXOGENOUS_AUDIT_CANDIDATE_REVIEW_ONLY,104.4457467
stage31b_top_diagnostic,candidate_name,S23B_B_pb0.1_eff0.60_h180_tp0.6_sl0.65,us10y_ret_5,us10y_ret_5_le_q30,le,0.3,london_q40_prior_q30,"[[""london_range"", ""ge"", 0.4], [""prior_day_range"", ""ge"", 0.3]]",400,REJECT_TOO_FEW_EVENTS,inf,118.4652,60,14.759433632584203,8.951402606145118,6.228008645166759,228.36532000000005,165.36532,123.36532,0.9333333333333333,2.1670000000000003,114.18791999999999,3,3,STAGE31C_EXOGENOUS_AUDIT_CANDIDATE_REVIEW_ONLY,104.24592799999999
stage31b_top_diagnostic,family,london_oneway_continuation,us10y_ret_5,us10y_ret_5_le_q30,le,0.3,london_q40_prior_q30,"[[""london_range"", ""ge"", 0.4], [""prior_day_range"", ""ge"", 0.3]]",400,REJECT_TOO_FEW_EVENTS,inf,118.4652,60,14.759433632584203,8.951402606145118,6.228008645166759,228.36532000000005,165.36532,123.36532,0.9333333333333333,2.1670000000000003,114.12019050000004,3,3,STAGE31C_EXOGENOUS_AUDIT_CANDIDATE_REVIEW_ONLY,104.242541525
stage31b_top_diagnostic,candidate_name,S23B_B_pb0.1_eff0.60_h180_tp0.6_sl0.65,us10y_chg_5,us10y_chg_5_le_q30,le,0.3,london_q60_prior_q25,"[[""london_range"", ""ge"", 0.6], [""prior_day_range"", ""ge"", 0.25]]",400,REJECT_TOO_FEW_EVENTS,inf,127.10064,60,14.69136590950172,8.8970813098043,6.180133067762853,227.23560000000003,164.2356,122.2356,0.9333333333333333,2.1670000000000003,114.1770025,3,3,STAGE31C_EXOGENOUS_AUDIT_CANDIDATE_REVIEW_ONLY,104.132410125
stage31b_top_diagnostic,candidate_name,S23B_B_pb0.1_eff0.60_h180_tp0.6_sl0.65,real_yield_ret_1,real_yield_ret_1_le_q30,le,0.3,london_q60_prior_q25,"[[""london_range"", ""ge"", 0.6], [""prior_day_range"", ""ge"", 0.25]]",400,REJECT_TOO_FEW_EVENTS,inf,98.66116,44,14.557059709586072,9.5977073616387,7.119340066515953,225.00652000000002,178.80652000000003,148.00652,0.9090909090909091,2.1670000000000003,115.4497945,3,4,STAGE31C_EXOGENOUS_AUDIT_CANDIDATE_REVIEW_ONLY,104.053141725
stage31b_top_diagnostic,family,london_oneway_continuation,us10y_chg_5,us10y_chg_5_le_q30,le,0.3,london_q60_prior_q25,"[[""london_range"", ""ge"", 0.6], [""prior_day_range"", ""ge"", 0.25]]",400,REJECT_TOO_FEW_EVENTS,inf,127.10064,60,14.69136590950172,8.8970813098043,6.180133067762853,227.23560000000003,164.2356,122.2356,0.9333333333333333,2.1670000000000003,112.078555,3,3,STAGE31C_EXOGENOUS_AUDIT_CANDIDATE_REVIEW_ONLY,104.02748775
stage31b_top_diagnostic,family,london_oneway_continuation,us10y_ret_5,us10y_ret_5_le_q30,le,0.3,london_q60_prior_q25,"[[""london_range"", ""ge"", 0.6], [""prior_day_range"", ""ge"", 0.25]]",400,REJECT_TOO_FEW_EVENTS,inf,118.4652,56,14.046808459360129,8.584645862383999,6.023430097046237,216.53787999999997,157.73788000000002,118.53788000000002,0.9285714285714286,2.175145,113.29336150000002,3,3,STAGE31C_EXOGENOUS_AUDIT_CANDIDATE_REVIEW_ONLY,103.03845607499998
stage31b_top_diagnostic,candidate_name,S23B_B_pb0.1_eff0.60_h180_tp0.6_sl0.65,us10y_ret_5,us10y_ret_5_le_q30,le,0.3,london_q60_prior_q25,"[[""london_range"", ""ge"", 0.6], [""prior_day_range"", ""ge"", 0.25]]",400,REJECT_TOO_FEW_EVENTS,inf,118.4652,56,14.046808459360129,8.584645862383999,6.023430097046237,216.53787999999997,157.73788000000002,118.53788000000002,0.9285714285714286,2.175145,107.97555799999999,3,3,STAGE31C_EXOGENOUS_AUDIT_CANDIDATE_REVIEW_ONLY,102.77256589999999
stage31b_top_diagnostic,candidate_name,S23B_B_pb0.1_eff0.60_h180_tp0.6_sl0.65,spx_chg_5,spx_chg_5_ge_q70,ge,0.7,london_q40_prior_q30,"[[""london_range"", ""ge"", 0.4], [""prior_day_range"", ""ge"", 0.3]]",400,REJECT_TOO_FEW_EVENTS,inf,125.43544,60,13.385585346749414,7.855006010482283,5.223052954268679,205.56356000000005,142.56356,100.56356000000001,0.9333333333333333,1.6244300000000005,99.94474150000002,3,3,STAGE31C_EXOGENOUS_AUDIT_CANDIDATE_REVIEW_ONLY,101.253593075
stage31b_top_diagnostic,family,london_oneway_continuation,spx_chg_5,spx_chg_5_ge_q70,ge,0.7,london_q60_prior_q25,"[[""london_range"", ""ge"", 0.6], [""prior_day_range"", ""ge"", 0.25]]",400,REJECT_TOO_FEW_EVENTS,inf,125.43544,60,13.385585346749414,7.855006010482283,5.223052954268679,205.56356000000005,142.56356,100.56356000000001,0.9333333333333333,1.6244300000000005,95.987116,3,3,STAGE31C_EXOGENOUS_AUDIT_CANDIDATE_REVIEW_ONLY,101.0557118
stage31b_top_diagnostic,candidate_name,S23B_B_pb0.1_eff0.60_h180_tp0.6_sl0.65,oil_ret_5,oil_ret_5_le_q30,le,0.3,macro_only,[],400,REJECT_TOO_FEW_EVENTS,inf,110.63548,68,12.5504675625346,6.592565708019387,4.140385999256514,229.49624,158.09624000000002,110.49624,0.8823529411764706,2.1670000000000003,116.930905,3,4,STAGE31C_EXOGENOUS_AUDIT_CANDIDATE_REVIEW_ONLY,101.01771324702607
stage31b_top_diagnostic,family,london_oneway_continuation,oil_ret_5,oil_ret_5_le_q30,le,0.3,macro_only,[],400,REJECT_TOO_FEW_EVENTS,inf,110.63548,68,12.5504675625346,6.592565708019387,4.140385999256514,229.49624,158.09624000000002,110.49624,0.8823529411764706,2.1670000000000003,116.84652400000002,3,4,STAGE31C_EXOGENOUS_AUDIT_CANDIDATE_REVIEW_ONLY,101.01349419702606
stage31b_top_diagnostic,candidate_name,S23B_B_pb0.1_eff0.60_h180_tp0.6_sl0.65,spx_chg_5,spx_chg_5_ge_q70,ge,0.7,london_q60_prior_q25,"[[""london_range"", ""ge"", 0.6], [""prior_day_range"", ""ge"", 0.25]]",400,REJECT_TOO_FEW_EVENTS,inf,125.43544,60,13.385585346749414,7.855006010482283,5.223052954268679,205.56356000000005,142.56356,100.56356000000001,0.9333333333333333,1.6244300000000005,94.6899175,3,3,STAGE31C_EXOGENOUS_AUDIT_CANDIDATE_REVIEW_ONLY,100.990851875
stage31b_top_diagnostic,family,london_oneway_continuation,spx_chg_5,spx_chg_5_ge_q70,ge,0.7,london_q40_prior_q30,"[[""london_range"", ""ge"", 0.4], [""prior_day_range"", ""ge"", 0.3]]",400,REJECT_TOO_FEW_EVENTS,inf,125.43544,60,13.385585346749414,7.855006010482283,5.223052954268679,205.56356000000005,142.56356,100.56356000000001,0.9333333333333333,1.6244300000000005,93.26617650000001,3,3,STAGE31C_EXOGENOUS_AUDIT_CANDIDATE_REVIEW_ONLY,100.919664825
stage31b_top_diagnostic,candidate_name,S23B_B_pb0.1_eff0.60_h180_tp0.6_sl0.65,real_yield_rank250,real_yield_rank250_le_q20,le,0.2,london_q60_prior_q25,"[[""london_range"", ""ge"", 0.6], [""prior_day_range"", ""ge"", 0.25]]",400,REJECT_TOO_FEW_YEARS,inf,218.50752000000008,96,inf,inf,1716.0401851852205,538.44868,437.64868,370.44868,1.0,2.29536,353.2440045,4,4,STAGE31C_EXOGENOUS_AUDIT_CANDIDATE_REVIEW_ONLY,99.027068225
stage31b_top_diagnostic,family,london_oneway_continuation,real_yield_rank250,real_yield_rank250_le_q20,le,0.2,london_q60_prior_q25,"[[""london_range"", ""ge"", 0.6], [""prior_day_range"", ""ge"", 0.25]]",400,REJECT_TOO_FEW_YEARS,inf,218.50752000000008,96,inf,inf,1716.0401851852205,538.44868,437.64868,370.44868,1.0,2.29536,347.9447855,4,4,STAGE31C_EXOGENOUS_AUDIT_CANDIDATE_REVIEW_ONLY,98.76210727499999
stage31b_top_diagnostic,candidate_name,S23B_B_pb0.1_eff0.60_h180_tp0.6_sl0.65,us10y_chg_5,us10y_chg_5_le_q30,le,0.3,london_q40_prior_q30,"[[""london_range"", ""ge"", 0.4], [""prior_day_range"", ""ge"", 0.3]]",400,REJECT_TOO_FEW_EVENTS,inf,127.10064,68,9.58276197601424,5.492150895289398,3.703617282166103,228.98088000000007,157.58088,109.98088000000001,0.8823529411764706,2.116,103.72519050000002,3,3,STAGE31C_EXOGENOUS_AUDIT_CANDIDATE_REVIEW_ONLY,98.55881665366441
stage31b_top_diagnostic,family,london_oneway_continuation,us10y_chg_5,us10y_chg_5_le_q30,le,0.3,london_q40_prior_q30,"[[""london_range"", ""ge"", 0.4], [""prior_day_range"", ""ge"", 0.3]]",400,REJECT_TOO_FEW_EVENTS,inf,127.10064,68,9.58276197601424,5.492150895289398,3.703617282166103,228.98088000000007,157.58088,109.98088000000001,0.8823529411764706,2.116,103.57180550000001,3,3,STAGE31C_EXOGENOUS_AUDIT_CANDIDATE_REVIEW_ONLY,98.55114740366442
stage31b_top_diagnostic,family,london_oneway_continuation,real_yield_chg_1,real_yield_chg_1_le_q20,le,0.2,london_q60_prior_q25,"[[""london_range"", ""ge"", 0.6], [""prior_day_range"", ""ge"", 0.25]]",400,REJECT_TOO_FEW_EVENTS,inf,98.66116,44,11.738304512863774,7.348205991248738,5.164142436359449,178.22364,132.02364,101.22363999999999,0.9090909090909091,1.15129,78.94471699999998,3,4,STAGE31C_EXOGENOUS_AUDIT_CANDIDATE_REVIEW_ONLY,97.54959985
stage31b_top_diagnostic,candidate_name,S23B_B_pb0.1_eff0.60_h180_tp0.6_sl0.65,real_yield_chg_1,real_yield_chg_1_le_q20,le,0.2,london_q60_prior_q25,"[[""london_range"", ""ge"", 0.6], [""prior_day_range"", ""ge"", 0.25]]",400,REJECT_TOO_FEW_EVENTS,inf,98.66116,44,11.738304512863774,7.348205991248738,5.164142436359449,178.22364,132.02364,101.22363999999999,0.9090909090909091,1.15129,78.510317,3,4,STAGE31C_EXOGENOUS_AUDIT_CANDIDATE_REVIEW_ONLY,97.52787985
stage31b_top_diagnostic,family,london_oneway_continuation,real_yield_chg_1,real_yield_chg_1_le_q20,le,0.2,london_q40_prior_q30,"[[""london_range"", ""ge"", 0.4], [""prior_day_range"", ""ge"", 0.3]]",400,REJECT_TOO_FEW_EVENTS,inf,98.66116,40,11.207777309152258,7.126772130595761,5.089881686988862,169.41848,127.41848,99.41848000000002,0.9,1.5076450000000001,77.6276075,3,4,STAGE31C_EXOGENOUS_AUDIT_CANDIDATE_REVIEW_ONLY,96.62322837500001
stage31b_top_diagnostic,candidate_name,S23B_B_pb0.1_eff0.60_h180_tp0.6_sl0.65,real_yield_chg_1,real_yield_chg_1_le_q20,le,0.2,london_q40_prior_q30,"[[""london_range"", ""ge"", 0.4], [""prior_day_range"", ""ge"", 0.3]]",400,REJECT_TOO_FEW_EVENTS,inf,98.66116,40,11.207777309152258,7.126772130595761,5.089881686988862,169.41848,127.41848,99.41848000000002,0.9,1.5076450000000001,72.3240705,3,4,STAGE31C_EXOGENOUS_AUDIT_CANDIDATE_REVIEW_ONLY,96.35805152500001
stage31b_top_diagnostic,family,london_oneway_continuation,spx_z60,spx_z60_ge_q70,ge,0.7,london_q60_prior_q25,"[[""london_range"", ""ge"", 0.6], [""prior_day_range"", ""ge"", 0.25]]",400,REJECT_TOO_FEW_EVENTS,inf,66.29088,64,8.048819969953438,4.888905887070084,3.3940850756655596,222.77288,155.57288,110.77288000000001,0.875,1.16993,101.40356350000002,3,4,STAGE31C_EXOGENOUS_AUDIT_CANDIDATE_REVIEW_ONLY,95.49286534836308
stage31b_top_diagnostic,candidate_name,S23B_B_pb0.1_eff0.60_h180_tp0.6_sl0.65,spx_chg_5,spx_chg_5_ge_q80,ge,0.8,macro_only,[],400,REJECT_TOO_FEW_EVENTS,inf,125.43544,60,12.665763789345421,6.312080775296348,3.8118362111686577,197.59984000000003,134.59984,92.59984,0.8666666666666667,1.1495700000000002,91.40741600000001,3,3,STAGE31C_EXOGENOUS_AUDIT_CANDIDATE_REVIEW_ONLY,95.27769964467464
stage31b_top_diagnostic,family,london_oneway_continuation,spx_chg_5,spx_chg_5_ge_q80,ge,0.8,macro_only,[],400,REJECT_TOO_FEW_EVENTS,inf,125.43544,60,12.665763789345421,6.312080775296348,3.8118362111686577,197.59984000000003,134.59984,92.59984,0.8666666666666667,1.1495700000000002,84.050415,3,3,STAGE31C_EXOGENOUS_AUDIT_CANDIDATE_REVIEW_ONLY,94.90984959467464
stage31b_top_diagnostic,candidate_name,S23B_B_pb0.1_eff0.60_h180_tp0.6_sl0.65,spx_z60,spx_z60_ge_q70,ge,0.7,london_q60_prior_q25,"[[""london_range"", ""ge"", 0.6], [""prior_day_range"", ""ge"", 0.25]]",400,REJECT_TOO_FEW_EVENTS,inf,66.29088,64,8.048819969953438,4.888905887070084,3.3940850756655596,222.77288,155.57288,110.77288000000001,0.875,1.16993,84.9746875,3,4,STAGE31C_EXOGENOUS_AUDIT_CANDIDATE_REVIEW_ONLY,94.67142154836309
stage31b_top_diagnostic,candidate_name,S23B_B_pb0.1_eff0.60_h180_tp0.6_sl0.65,oil_chg_5,oil_chg_5_le_q30,le,0.3,macro_only,[],400,REJECT_TOO_FEW_EVENTS,inf,84.94232,56,10.452409280789169,5.563653472001131,3.552465272685727,187.80992,129.00992,89.80992000000002,0.8571428571428571,2.175145,88.49590450000001,3,4,STAGE31C_EXOGENOUS_AUDIT_CANDIDATE_REVIEW_ONLY,93.1356483157429
stage31b_top_diagnostic,family,london_oneway_continuation,oil_chg_5,oil_chg_5_le_q30,le,0.3,macro_only,[],400,REJECT_TOO_FEW_EVENTS,inf,84.94232,56,10.452409280789169,5.563653472001131,3.552465272685727,187.80992,129.00992,89.80992000000002,0.8571428571428571,2.175145,88.4234165,3,4,STAGE31C_EXOGENOUS_AUDIT_CANDIDATE_REVIEW_ONLY,93.1320239157429
stage31b_top_diagnostic,family,london_oneway_continuation,real_yield_chg_1,real_yield_chg_1_le_q20,le,0.2,macro_only,[],400,REJECT_TOO_FEW_EVENTS,inf,98.66116,64,8.55000081823443,4.848370908851831,3.093326610009166,202.99808000000002,135.79808,90.99808000000002,0.875,1.037075,78.8270665,3,4,STAGE31C_EXOGENOUS_AUDIT_CANDIDATE_REVIEW_ONLY,90.77817685355498
stage31b_top_diagnostic,candidate_name,S23B_B_pb0.1_eff0.60_h180_tp0.6_sl0.65,real_yield_chg_1,real_yield_chg_1_le_q20,le,0.2,macro_only,[],400,REJECT_TOO_FEW_EVENTS,inf,98.66116,64,8.55000081823443,4.848370908851831,3.093326610009166,202.99808000000002,135.79808,90.99808000000002,0.875,1.037075,70.79387150000001,3,4,STAGE31C_EXOGENOUS_AUDIT_CANDIDATE_REVIEW_ONLY,90.37651710355499
stage31b_top_diagnostic,family,london_oneway_continuation,real_yield_z60,real_yield_z60_le_q20,le,0.2,london_q60_prior_q25,"[[""london_range"", ""ge"", 0.6], [""prior_day_range"", ""ge"", 0.25]]",400,REJECT_TOO_FEW_EVENTS,inf,128.77948,100,inf,inf,149.2021264083935,427.02067999999997,322.02067999999997,252.02067999999997,1.0,1.5618600000000002,234.92447950000002,4,4,STAGE31C_EXOGENOUS_AUDIT_CANDIDATE_REVIEW_ONLY,81.94829197499999
stage31b_top_diagnostic,candidate_name,S23B_B_pb0.1_eff0.60_h180_tp0.6_sl0.65,real_yield_z60,real_yield_z60_le_q20,le,0.2,london_q60_prior_q25,"[[""london_range"", ""ge"", 0.6], [""prior_day_range"", ""ge"", 0.25]]",400,REJECT_TOO_FEW_EVENTS,inf,128.77948,100,inf,inf,149.2021264083935,427.02067999999997,322.02067999999997,252.02067999999997,1.0,1.5618600000000002,232.82398000000006,4,4,STAGE31C_EXOGENOUS_AUDIT_CANDIDATE_REVIEW_ONLY,81.843267
stage31b_top_diagnostic,candidate_name,S23B_B_pb0.1_eff0.60_h180_tp0.6_sl0.65,spx_z60,spx_z60_ge_q70,ge,0.7,london_q40_prior_q30,"[[""london_range"", ""ge"", 0.4], [""prior_day_range"", ""ge"", 0.3]]",400,REJECT_TOO_FEW_EVENTS,inf,66.29088,68,6.091545356235744,3.5945411045557605,2.4719195549407154,212.2484,140.84840000000003,93.2484,0.8235294117647058,1.10543,76.88451049999999,3,4,STAGE31C_EXOGENOUS_AUDIT_CANDIDATE_REVIEW_ONLY,76.56215479032046
stage31b_top_diagnostic,family,london_oneway_continuation,spx_z60,spx_z60_ge_q70,ge,0.7,london_q40_prior_q30,"[[""london_range"", ""ge"", 0.4], [""prior_day_range"", ""ge"", 0.3]]",400,REJECT_TOO_FEW_EVENTS,inf,66.29088,68,6.091545356235744,3.5945411045557605,2.4719195549407154,212.2484,140.84840000000003,93.2484,0.8235294117647058,1.10543,69.32621200000003,3,4,STAGE31C_EXOGENOUS_AUDIT_CANDIDATE_REVIEW_ONLY,76.18423986532046
stage31b_top_diagnostic,candidate_name,S23B_B_pb0.1_eff0.60_h180_tp0.6_sl0.65,us10y_rank250,us10y_rank250_le_q20,le,0.2,london_q60_prior_q25,"[[""london_range"", ""ge"", 0.6], [""prior_day_range"", ""ge"", 0.25]]",400,REJECT_TOO_FEW_YEARS,inf,189.12636,68,inf,inf,inf,463.14296000000013,391.74296000000004,344.14296000000013,1.0,2.7258600000000004,317.74587,3,3,STAGE31C_EXOGENOUS_AUDIT_CANDIDATE_REVIEW_ONLY,67.86158950000001
stage31b_top_diagnostic,family,london_oneway_continuation,us10y_rank250,us10y_rank250_le_q20,le,0.2,london_q60_prior_q25,"[[""london_range"", ""ge"", 0.6], [""prior_day_range"", ""ge"", 0.25]]",400,REJECT_TOO_FEW_YEARS,inf,189.12636,68,inf,inf,inf,463.14296000000013,391.74296000000004,344.14296000000013,1.0,2.7258600000000004,312.8623304999999,3,3,STAGE31C_EXOGENOUS_AUDIT_CANDIDATE_REVIEW_ONLY,67.61741252499999
stage31b_top_diagnostic,family,london_oneway_continuation,dxy_chg_5,dxy_chg_5_le_q30,le,0.3,london_q60_prior_q25,"[[""london_range"", ""ge"", 0.6], [""prior_day_range"", ""ge"", 0.25]]",400,REJECT_TOO_FEW_YEARS,10.162285786598956,179.55588000000006,52,inf,inf,780.8096296296455,259.43888,204.83888000000005,168.43887999999998,1.0,2.33929,163.669194,3,3,STAGE31C_EXOGENOUS_AUDIT_CANDIDATE_REVIEW_ONLY,59.86734770000001
stage31b_top_diagnostic,family,london_oneway_continuation,dxy_ret_5,dxy_ret_5_le_q30,le,0.3,london_q60_prior_q25,"[[""london_range"", ""ge"", 0.6], [""prior_day_range"", ""ge"", 0.25]]",400,REJECT_TOO_FEW_YEARS,10.162285786598956,179.55588000000006,52,inf,inf,780.8096296296455,259.43888,204.83888000000005,168.43887999999998,1.0,2.33929,163.52940150000003,3,3,STAGE31C_EXOGENOUS_AUDIT_CANDIDATE_REVIEW_ONLY,59.86035807500001
stage31b_top_diagnostic,candidate_name,S23B_B_pb0.1_eff0.60_h180_tp0.6_sl0.65,dxy_ret_5,dxy_ret_5_le_q30,le,0.3,london_q60_prior_q25,"[[""london_range"", ""ge"", 0.6], [""prior_day_range"", ""ge"", 0.25]]",400,REJECT_TOO_FEW_YEARS,10.162285786598956,179.55588000000006,52,inf,inf,780.8096296296455,259.43888,204.83888000000005,168.43887999999998,1.0,2.33929,160.56166850000002,3,3,STAGE31C_EXOGENOUS_AUDIT_CANDIDATE_REVIEW_ONLY,59.711971425000016
stage31b_top_diagnostic,candidate_name,S23B_B_pb0.1_eff0.60_h180_tp0.6_sl0.65,dxy_chg_5,dxy_chg_5_le_q30,le,0.3,london_q60_prior_q25,"[[""london_range"", ""ge"", 0.6], [""prior_day_range"", ""ge"", 0.25]]",400,REJECT_TOO_FEW_YEARS,10.162285786598956,179.55588000000006,52,inf,inf,780.8096296296455,259.43888,204.83888000000005,168.43887999999998,1.0,2.33929,157.40099350000003,3,3,STAGE31C_EXOGENOUS_AUDIT_CANDIDATE_REVIEW_ONLY,59.553937675000014
stage31b_top_diagnostic,family,london_oneway_continuation,oil_ret_5,oil_ret_5_le_q30,le,0.3,london_q40_prior_q30,"[[""london_range"", ""ge"", 0.4], [""prior_day_range"", ""ge"", 0.3]]",400,REJECT_TOO_FEW_EVENTS,inf,110.63548,48,inf,inf,6279.7133757965785,202.29095999999998,151.89096,118.29096000000003,1.0,2.21736,126.4333325,4,4,STAGE31C_EXOGENOUS_AUDIT_CANDIDATE_REVIEW_ONLY,54.310762624999995
stage31b_top_diagnostic,candidate_name,S23B_B_pb0.1_eff0.60_h180_tp0.6_sl0.65,oil_ret_5,oil_ret_5_le_q30,le,0.3,london_q40_prior_q30,"[[""london_range"", ""ge"", 0.4], [""prior_day_range"", ""ge"", 0.3]]",400,REJECT_TOO_FEW_EVENTS,inf,110.63548,48,inf,inf,6279.7133757965785,202.29095999999998,151.89096,118.29096000000003,1.0,2.21736,125.31629300000002,4,4,STAGE31C_EXOGENOUS_AUDIT_CANDIDATE_REVIEW_ONLY,54.25491065
stage31b_top_diagnostic,family,london_oneway_continuation,oil_ret_5,oil_ret_5_le_q30,le,0.3,london_q60_prior_q25,"[[""london_range"", ""ge"", 0.6], [""prior_day_range"", ""ge"", 0.25]]",400,REJECT_TOO_FEW_EVENTS,inf,110.63548,44,inf,inf,6023.479830149005,190.46352,144.26352000000003,113.46351999999999,1.0,2.25143,120.44897700000001,3,3,STAGE31C_EXOGENOUS_AUDIT_CANDIDATE_REVIEW_ONLY,50.84880085
stage31b_top_diagnostic,candidate_name,S23B_B_pb0.1_eff0.60_h180_tp0.6_sl0.65,oil_ret_5,oil_ret_5_le_q30,le,0.3,london_q60_prior_q25,"[[""london_range"", ""ge"", 0.6], [""prior_day_range"", ""ge"", 0.25]]",400,REJECT_TOO_FEW_EVENTS,inf,110.63548,44,inf,inf,6023.479830149005,190.46352,144.26352000000003,113.46351999999999,1.0,2.25143,118.0800935,3,3,STAGE31C_EXOGENOUS_AUDIT_CANDIDATE_REVIEW_ONLY,50.730356675
stage31b_top_diagnostic,candidate_name,S23B_B_pb0.1_eff0.60_h180_tp0.6_sl0.65,oil_chg_5,oil_chg_5_le_q30,le,0.3,london_q40_prior_q30,"[[""london_range"", ""ge"", 0.4], [""prior_day_range"", ""ge"", 0.3]]",400,REJECT_TOO_FEW_EVENTS,inf,84.94232,40,inf,inf,5449.9575371553365,172.65836000000002,130.65836,102.65836000000002,1.0,2.21736,106.25826249999999,4,4,STAGE31C_EXOGENOUS_AUDIT_CANDIDATE_REVIEW_ONLY,50.378749125
stage31b_top_diagnostic,family,london_oneway_continuation,oil_chg_5,oil_chg_5_le_q30,le,0.3,london_q40_prior_q30,"[[""london_range"", ""ge"", 0.4], [""prior_day_range"", ""ge"", 0.3]]",400,REJECT_TOO_FEW_EVENTS,inf,84.94232,40,inf,inf,5449.9575371553365,172.65836000000002,130.65836,102.65836000000002,1.0,2.21736,105.824739,4,4,STAGE31C_EXOGENOUS_AUDIT_CANDIDATE_REVIEW_ONLY,50.357072949999996
stage31b_top_diagnostic,family,london_oneway_continuation,spx_ret_5,spx_ret_5_ge_q70,ge,0.7,london_q40_prior_q30,"[[""london_range"", ""ge"", 0.4], [""prior_day_range"", ""ge"", 0.3]]",400,REJECT_TOO_FEW_EVENTS,inf,125.43544,48,inf,inf,505.6587037037141,193.00628,142.60628,109.00628000000003,1.0,1.7367150000000002,105.04324949999999,3,3,STAGE31C_EXOGENOUS_AUDIT_CANDIDATE_REVIEW_ONLY,50.31279047499999
stage31b_top_diagnostic,candidate_name,S23B_B_pb0.1_eff0.60_h180_tp0.6_sl0.65,spx_ret_5,spx_ret_5_ge_q70,ge,0.7,london_q60_prior_q25,"[[""london_range"", ""ge"", 0.6], [""prior_day_range"", ""ge"", 0.25]]",400,REJECT_TOO_FEW_EVENTS,inf,125.43544,48,inf,inf,505.6587037037141,193.00628,142.60628,109.00628000000003,1.0,1.7367150000000002,103.983421,3,3,STAGE31C_EXOGENOUS_AUDIT_CANDIDATE_REVIEW_ONLY,50.25979905
stage31b_top_diagnostic,family,london_oneway_continuation,spx_ret_5,spx_ret_5_ge_q70,ge,0.7,london_q60_prior_q25,"[[""london_range"", ""ge"", 0.6], [""prior_day_range"", ""ge"", 0.25]]",400,REJECT_TOO_FEW_EVENTS,inf,125.43544,48,inf,inf,505.6587037037141,193.00628,142.60628,109.00628000000003,1.0,1.7367150000000002,103.8788375,3,3,STAGE31C_EXOGENOUS_AUDIT_CANDIDATE_REVIEW_ONLY,50.254569874999994
stage31b_top_diagnostic,candidate_name,S23B_B_pb0.1_eff0.60_h180_tp0.6_sl0.65,spx_ret_5,spx_ret_5_ge_q70,ge,0.7,london_q40_prior_q30,"[[""london_range"", ""ge"", 0.4], [""prior_day_range"", ""ge"", 0.3]]",400,REJECT_TOO_FEW_EVENTS,inf,125.43544,48,inf,inf,505.6587037037141,193.00628,142.60628,109.00628000000003,1.0,1.7367150000000002,103.56344250000001,3,3,STAGE31C_EXOGENOUS_AUDIT_CANDIDATE_REVIEW_ONLY,50.238800125
stage31b_top_diagnostic,candidate_name,S23B_B_pb0.1_eff0.60_h180_tp0.6_sl0.65,spx_chg_5,spx_chg_5_ge_q80,ge,0.8,london_q60_prior_q25,"[[""london_range"", ""ge"", 0.6], [""prior_day_range"", ""ge"", 0.25]]",400,REJECT_TOO_FEW_EVENTS,inf,125.43544,36,inf,inf,835.2425238251864,164.544,126.744,101.544,1.0,2.116,91.27826650000002,3,3,STAGE31C_EXOGENOUS_AUDIT_CANDIDATE_REVIEW_ONLY,46.838313325
stage31b_top_diagnostic,family,london_oneway_continuation,spx_chg_5,spx_chg_5_ge_q80,ge,0.8,london_q60_prior_q25,"[[""london_range"", ""ge"", 0.6], [""prior_day_range"", ""ge"", 0.25]]",400,REJECT_TOO_FEW_EVENTS,inf,125.43544,36,inf,inf,835.2425238251864,164.544,126.744,101.544,1.0,2.116,90.40772249999999,3,3,STAGE31C_EXOGENOUS_AUDIT_CANDIDATE_REVIEW_ONLY,46.794786125
stage31b_top_diagnostic,family,london_oneway_continuation,oil_chg_5,oil_chg_5_le_q30,le,0.3,london_q60_prior_q25,"[[""london_range"", ""ge"", 0.6], [""prior_day_range"", ""ge"", 0.25]]",400,REJECT_TOO_FEW_EVENTS,inf,84.94232,36,inf,inf,5193.723991507763,160.83092,123.03092000000001,97.83092,1.0,2.25143,97.831508,3,3,STAGE31C_EXOGENOUS_AUDIT_CANDIDATE_REVIEW_ONLY,46.7946674
stage31b_top_diagnostic,candidate_name,S23B_B_pb0.1_eff0.60_h180_tp0.6_sl0.65,oil_chg_5,oil_chg_5_le_q30,le,0.3,london_q60_prior_q25,"[[""london_range"", ""ge"", 0.6], [""prior_day_range"", ""ge"", 0.25]]",400,REJECT_TOO_FEW_EVENTS,inf,84.94232,36,inf,inf,5193.723991507763,160.83092,123.03092000000001,97.83092,1.0,2.25143,96.4548305,3,3,STAGE31C_EXOGENOUS_AUDIT_CANDIDATE_REVIEW_ONLY,46.725833525
stage31b_top_diagnostic,family,london_oneway_continuation,spx_chg_5,spx_chg_5_ge_q80,ge,0.8,london_q40_prior_q30,"[[""london_range"", ""ge"", 0.4], [""prior_day_range"", ""ge"", 0.3]]",400,REJECT_TOO_FEW_EVENTS,inf,125.43544,36,inf,inf,835.2425238251864,164.544,126.744,101.544,1.0,2.116,88.10420900000001,3,3,STAGE31C_EXOGENOUS_AUDIT_CANDIDATE_REVIEW_ONLY,46.67961045
stage31b_top_diagnostic,candidate_name,S23B_B_pb0.1_eff0.60_h180_tp0.6_sl0.65,spx_chg_5,spx_chg_5_ge_q80,ge,0.8,london_q40_prior_q30,"[[""london_range"", ""ge"", 0.4], [""prior_day_range"", ""ge"", 0.3]]",400,REJECT_TOO_FEW_EVENTS,inf,125.43544,36,inf,inf,835.2425238251864,164.544,126.744,101.544,1.0,2.116,87.2956565,3,3,STAGE31C_EXOGENOUS_AUDIT_CANDIDATE_REVIEW_ONLY,46.639182825
stage31b_top_diagnostic,candidate_name,S23B_B_pb0.1_eff0.60_h180_tp0.6_sl0.65,oil_rank250,oil_rank250_le_q30,le,0.3,london_q40_prior_q30,"[[""london_range"", ""ge"", 0.4], [""prior_day_range"", ""ge"", 0.3]]",400,REJECT_TOO_FEW_YEARS,10.964207277744666,195.27136,48,inf,inf,inf,261.98068,211.58068000000003,177.98068,1.0,3.0659300000000003,171.5618825,3,3,STAGE31C_EXOGENOUS_AUDIT_CANDIDATE_REVIEW_ONLY,40.536162125000004
stage31b_top_diagnostic,family,london_oneway_continuation,oil_rank250,oil_rank250_le_q30,le,0.3,london_q40_prior_q30,"[[""london_range"", ""ge"", 0.4], [""prior_day_range"", ""ge"", 0.3]]",400,REJECT_TOO_FEW_YEARS,10.964207277744666,195.27136,48,inf,inf,inf,261.98068,211.58068000000003,177.98068,1.0,3.0659300000000003,171.008241,3,3,STAGE31C_EXOGENOUS_AUDIT_CANDIDATE_REVIEW_ONLY,40.50848005
stage31b_top_diagnostic,family,london_oneway_continuation,oil_rank250,oil_rank250_le_q30,le,0.3,london_q60_prior_q25,"[[""london_range"", ""ge"", 0.6], [""prior_day_range"", ""ge"", 0.25]]",400,REJECT_TOO_FEW_YEARS,10.964207277744666,195.27136,48,inf,inf,inf,258.9584,208.5584,174.95840000000004,1.0,3.0659300000000003,167.702041,3,3,STAGE31C_EXOGENOUS_AUDIT_CANDIDATE_REVIEW_ONLY,40.04094205
stage31b_top_diagnostic,candidate_name,S23B_B_pb0.1_eff0.60_h180_tp0.6_sl0.65,oil_rank250,oil_rank250_le_q30,le,0.3,london_q60_prior_q25,"[[""london_range"", ""ge"", 0.6], [""prior_day_range"", ""ge"", 0.25]]",400,REJECT_TOO_FEW_YEARS,10.964207277744666,195.27136,48,inf,inf,inf,258.9584,208.5584,174.95840000000004,1.0,3.0659300000000003,166.139758,3,3,STAGE31C_EXOGENOUS_AUDIT_CANDIDATE_REVIEW_ONLY,39.9628279
stage31b_top_diagnostic,candidate_name,S23B_B_pb0.1_eff0.60_h180_tp0.6_sl0.65,real_yield_z60,real_yield_z60_le_q20,le,0.2,h1_atr_rank_le_q30,"[[""h1_atr20_pct_rank_250"", ""le"", 0.3]]",400,REJECT_TOO_FEW_EVENTS,inf,128.77948,32,inf,inf,14.330729494771374,77.16120000000001,43.5612,21.16120000000001,1.0,0.9989300000000001,36.079384000000005,3,3,STAGE31C_EXOGENOUS_AUDIT_CANDIDATE_REVIEW_ONLY,35.360089200000004
stage31b_top_diagnostic,family,london_oneway_continuation,real_yield_z60,real_yield_z60_le_q20,le,0.2,h1_atr_rank_le_q30,"[[""h1_atr20_pct_rank_250"", ""le"", 0.3]]",400,REJECT_TOO_FEW_EVENTS,inf,128.77948,32,inf,inf,14.330729494771374,77.16120000000001,43.5612,21.16120000000001,1.0,0.9989300000000001,35.808496000000005,3,3,STAGE31C_EXOGENOUS_AUDIT_CANDIDATE_REVIEW_ONLY,35.346544800000004
stage31b_top_diagnostic,candidate_name,S23B_B_pb0.1_eff0.60_h180_tp0.6_sl0.65,oil_z60,oil_z60_le_q20,le,0.2,macro_only,[],400,REJECT_TOO_FEW_EVENTS,inf,133.86460000000002,36,inf,inf,inf,204.60859999999997,166.80860000000004,141.6086,1.0,3.62671,131.1472055,3,3,STAGE31C_EXOGENOUS_AUDIT_CANDIDATE_REVIEW_ONLY,32.838220275000005
stage31b_top_diagnostic,family,london_oneway_continuation,oil_z60,oil_z60_le_q20,le,0.2,macro_only,[],400,REJECT_TOO_FEW_EVENTS,inf,133.86460000000002,36,inf,inf,inf,204.60859999999997,166.80860000000004,141.6086,1.0,3.62671,127.688288,3,3,STAGE31C_EXOGENOUS_AUDIT_CANDIDATE_REVIEW_ONLY,32.6652744
stage31b_top_diagnostic,candidate_name,S23B_B_pb0.1_eff0.60_h180_tp0.6_sl0.65,oil_z60,oil_z60_le_q20,le,0.2,london_q40_prior_q30,"[[""london_range"", ""ge"", 0.4], [""prior_day_range"", ""ge"", 0.3]]",400,REJECT_TOO_FEW_EVENTS,inf,133.86460000000002,32,inf,inf,inf,175.29032,141.69031999999999,119.29032000000001,1.0,2.983,106.18752800000001,3,3,STAGE31C_EXOGENOUS_AUDIT_CANDIDATE_REVIEW_ONLY,28.6784084
stage31b_top_diagnostic,family,london_oneway_continuation,oil_z60,oil_z60_le_q20,le,0.2,london_q40_prior_q30,"[[""london_range"", ""ge"", 0.4], [""prior_day_range"", ""ge"", 0.3]]",400,REJECT_TOO_FEW_EVENTS,inf,133.86460000000002,32,inf,inf,inf,175.29032,141.69031999999999,119.29032000000001,1.0,2.983,104.867162,3,3,STAGE31C_EXOGENOUS_AUDIT_CANDIDATE_REVIEW_ONLY,28.612390099999995
stage31b_top_diagnostic,candidate_name,S23B_B_pb0.1_eff0.60_h180_tp0.6_sl0.65,real_yield_ret_5,real_yield_ret_5_le_q30,le,0.3,london_q40_prior_q30,"[[""london_range"", ""ge"", 0.4], [""prior_day_range"", ""ge"", 0.3]]",400,REJECT_TOO_FEW_EVENTS,inf,80.22692,32,inf,inf,inf,127.04348,93.44348000000001,71.04348000000002,1.0,2.43936,82.6804355,3,3,STAGE31C_EXOGENOUS_AUDIT_CANDIDATE_REVIEW_ONLY,22.678369775
stage31b_top_diagnostic,family,london_oneway_continuation,real_yield_ret_5,real_yield_ret_5_le_q30,le,0.3,london_q40_prior_q30,"[[""london_range"", ""ge"", 0.4], [""prior_day_range"", ""ge"", 0.3]]",400,REJECT_TOO_FEW_EVENTS,inf,80.22692,32,inf,inf,inf,127.04348,93.44348000000001,71.04348000000002,1.0,2.43936,81.7846895,3,3,STAGE31C_EXOGENOUS_AUDIT_CANDIDATE_REVIEW_ONLY,22.633582475
stage31b_top_diagnostic,candidate_name,S23B_B_pb0.1_eff0.60_h180_tp0.6_sl0.65,real_yield_chg_5,real_yield_chg_5_le_q30,le,0.3,london_q40_prior_q30,"[[""london_range"", ""ge"", 0.4], [""prior_day_range"", ""ge"", 0.3]]",400,REJECT_TOO_FEW_YEARS,inf,163.80176,60,15.509414954509854,9.549923546665385,6.755509598677799,240.81276000000003,177.81276,135.81276000000003,0.9333333333333333,2.18329,134.24012900000002,2,3,STAGE31C_FRAGILE_POSITIVE_DIAGNOSTIC_ONLY,104.49328245
stage31b_top_diagnostic,family,london_oneway_continuation,real_yield_chg_5,real_yield_chg_5_le_q30,le,0.3,london_q40_prior_q30,"[[""london_range"", ""ge"", 0.4], [""prior_day_range"", ""ge"", 0.3]]",400,REJECT_TOO_FEW_YEARS,inf,163.80176,60,15.509414954509854,9.549923546665385,6.755509598677799,240.81276000000003,177.81276,135.81276000000003,0.9333333333333333,2.18329,131.9183315,2,3,STAGE31C_FRAGILE_POSITIVE_DIAGNOSTIC_ONLY,104.377192575
stage31b_top_diagnostic,candidate_name,S23B_B_pb0.1_eff0.60_h180_tp0.6_sl0.65,real_yield_chg_5,real_yield_chg_5_le_q30,le,0.3,london_q60_prior_q25,"[[""london_range"", ""ge"", 0.6], [""prior_day_range"", ""ge"", 0.25]]",400,REJECT_TOO_FEW_YEARS,inf,163.80176,56,14.79678978128578,9.183166802904266,6.550931050557277,228.98532,170.18532,130.98532,0.9285714285714286,2.43936,126.57866900000002,2,3,STAGE31C_FRAGILE_POSITIVE_DIAGNOSTIC_ONLY,102.94746544999998
stage31b_top_diagnostic,family,london_oneway_continuation,real_yield_chg_5,real_yield_chg_5_le_q30,le,0.3,london_q60_prior_q25,"[[""london_range"", ""ge"", 0.6], [""prior_day_range"", ""ge"", 0.25]]",400,REJECT_TOO_FEW_YEARS,inf,163.80176,56,14.79678978128578,9.183166802904266,6.550931050557277,228.98532,170.18532,130.98532,0.9285714285714286,2.43936,123.50692749999999,2,3,STAGE31C_FRAGILE_POSITIVE_DIAGNOSTIC_ONLY,102.79387837499999
stage31b_top_diagnostic,candidate_name,S23B_B_pb0.1_eff0.60_h180_tp0.6_sl0.65,real_yield_ret_1,real_yield_ret_1_le_q30,le,0.3,london_q40_prior_q30,"[[""london_range"", ""ge"", 0.4], [""prior_day_range"", ""ge"", 0.3]]",400,REJECT_TOO_FEW_EVENTS,inf,98.66116,40,14.026532505874558,9.376273500985723,7.044705598287985,216.20136,174.20136,146.20136000000002,0.9,2.899855,111.36265750000001,2,3,STAGE31C_FRAGILE_POSITIVE_DIAGNOSTIC_ONLY,100.988268875
stage31b_top_diagnostic,family,london_oneway_continuation,real_yield_ret_1,real_yield_ret_1_le_q30,le,0.3,london_q40_prior_q30,"[[""london_range"", ""ge"", 0.4], [""prior_day_range"", ""ge"", 0.3]]",400,REJECT_TOO_FEW_EVENTS,inf,98.66116,40,14.026532505874558,9.376273500985723,7.044705598287985,216.20136,174.20136,146.20136000000002,0.9,2.899855,110.17512850000001,2,3,STAGE31C_FRAGILE_POSITIVE_DIAGNOSTIC_ONLY,100.928892425
stage31b_top_diagnostic,candidate_name,S23B_B_pb0.1_eff0.60_h180_tp0.6_sl0.65,real_yield_chg_5,real_yield_chg_5_le_q30,le,0.3,macro_only,[],400,REJECT_TOO_FEW_YEARS,inf,163.80176,88,7.858681658318234,4.28064084406801,2.631921778872949,257.42004000000003,165.02004,103.42004000000003,0.8181818181818182,2.079145,111.45471250000001,2,3,STAGE31C_FRAGILE_POSITIVE_DIAGNOSTIC_ONLY,88.20883518117189
stage31b_top_diagnostic,family,london_oneway_continuation,real_yield_chg_5,real_yield_chg_5_le_q30,le,0.3,macro_only,[],400,REJECT_TOO_FEW_YEARS,inf,163.80176,88,7.858681658318234,4.28064084406801,2.631921778872949,257.42004000000003,165.02004,103.42004000000003,0.8181818181818182,2.079145,110.110073,2,3,STAGE31C_FRAGILE_POSITIVE_DIAGNOSTIC_ONLY,88.14160320617188
stage31b_top_diagnostic,candidate_name,S23B_B_pb0.1_eff0.60_h180_tp0.6_sl0.65,dxy_ret_5,dxy_ret_5_le_q30,le,0.3,macro_only,[],400,REJECT_TOO_FEW_YEARS,10.162285786598956,179.55588000000006,88,7.063112751634894,3.919424873967857,2.5823049433044725,272.80224,180.40224,118.80224000000001,0.8181818181818182,1.0983550000000002,118.41885150000002,2,3,STAGE31C_FRAGILE_POSITIVE_DIAGNOSTIC_ONLY,86.28463508789646
stage31b_top_diagnostic,family,london_oneway_continuation,dxy_ret_5,dxy_ret_5_le_q30,le,0.3,macro_only,[],400,REJECT_TOO_FEW_YEARS,10.162285786598956,179.55588000000006,88,7.063112751634894,3.919424873967857,2.5823049433044725,272.80224,180.40224,118.80224000000001,0.8181818181818182,1.0983550000000002,114.2738425,2,3,STAGE31C_FRAGILE_POSITIVE_DIAGNOSTIC_ONLY,86.07738463789646
stage31b_top_diagnostic,candidate_name,S23B_B_pb0.1_eff0.60_h180_tp0.6_sl0.65,dxy_chg_5,dxy_chg_5_le_q30,le,0.3,macro_only,[],400,REJECT_TOO_FEW_YEARS,10.162285786598956,179.55588000000006,88,7.063112751634894,3.919424873967857,2.5823049433044725,272.80224,180.40224,118.80224000000001,0.8181818181818182,1.0983550000000002,112.06183500000002,2,3,STAGE31C_FRAGILE_POSITIVE_DIAGNOSTIC_ONLY,85.96678426289647
stage31b_top_diagnostic,family,london_oneway_continuation,dxy_chg_5,dxy_chg_5_le_q30,le,0.3,macro_only,[],400,REJECT_TOO_FEW_YEARS,10.162285786598956,179.55588000000006,88,7.063112751634894,3.919424873967857,2.5823049433044725,272.80224,180.40224,118.80224000000001,0.8181818181818182,1.0983550000000002,110.8066775,2,3,STAGE31C_FRAGILE_POSITIVE_DIAGNOSTIC_ONLY,85.90402638789647
stage31b_top_diagnostic,candidate_name,S23B_B_pb0.1_eff0.60_h180_tp0.6_sl0.65,spx_ret_5,spx_ret_5_ge_q70,ge,0.7,macro_only,[],400,REJECT_TOO_FEW_EVENTS,inf,125.43544,76,9.288089104293915,4.5353139366296364,2.702272865711281,216.83796000000007,137.03796,83.83796000000002,0.8421052631578947,1.1495700000000002,86.47116349999997,2,3,STAGE31C_FRAGILE_POSITIVE_DIAGNOSTIC_ONLY,85.78958500414149
stage31b_top_diagnostic,family,london_oneway_continuation,spx_ret_5,spx_ret_5_ge_q70,ge,0.7,macro_only,[],400,REJECT_TOO_FEW_EVENTS,inf,125.43544,76,9.288089104293915,4.5353139366296364,2.702272865711281,216.83796000000007,137.03796,83.83796000000002,0.8421052631578947,1.1495700000000002,79.77966150000002,2,3,STAGE31C_FRAGILE_POSITIVE_DIAGNOSTIC_ONLY,85.45500990414149
stage31b_top_diagnostic,family,london_oneway_continuation,us10y_ret_5,us10y_ret_5_le_q30,le,0.3,macro_only,[],400,REJECT_TOO_FEW_EVENTS,inf,118.4652,76,6.844415432164554,3.774341585760647,2.404080833597286,219.35260000000005,139.5526,86.35260000000001,0.7894736842105263,1.90686,92.37412950000001,2,3,STAGE31C_FRAGILE_POSITIVE_DIAGNOSTIC_ONLY,77.5337056669956
stage31b_top_diagnostic,candidate_name,S23B_B_pb0.1_eff0.60_h180_tp0.6_sl0.65,us10y_ret_5,us10y_ret_5_le_q30,le,0.3,macro_only,[],400,REJECT_TOO_FEW_EVENTS,inf,118.4652,76,6.844415432164554,3.774341585760647,2.404080833597286,219.35260000000005,139.5526,86.35260000000001,0.7894736842105263,1.90686,86.41053500000002,2,3,STAGE31C_FRAGILE_POSITIVE_DIAGNOSTIC_ONLY,77.2355259419956
stage31b_top_diagnostic,candidate_name,S23B_B_pb0.1_eff0.60_h180_tp0.6_sl0.65,spx_chg_5,spx_chg_5_ge_q70,ge,0.7,macro_only,[],400,REJECT_TOO_FEW_EVENTS,inf,125.43544,88,6.364765806976681,3.3001370056212602,2.034972188514104,229.39524,136.99524000000002,75.39524000000003,0.8181818181818182,1.294855,78.783287,2,3,STAGE31C_FRAGILE_POSITIVE_DIAGNOSTIC_ONLY,71.57994716026901
stage31b_top_diagnostic,family,london_oneway_continuation,spx_chg_5,spx_chg_5_ge_q70,ge,0.7,macro_only,[],400,REJECT_TOO_FEW_EVENTS,inf,125.43544,88,6.364765806976681,3.3001370056212602,2.034972188514104,229.39524,136.99524000000002,75.39524000000003,0.8181818181818182,1.294855,75.32116350000001,2,3,STAGE31C_FRAGILE_POSITIVE_DIAGNOSTIC_ONLY,71.40684098526901
stage31b_top_diagnostic,family,london_oneway_continuation,us10y_chg_5,us10y_chg_5_le_q30,le,0.3,macro_only,[],400,REJECT_TOO_FEW_EVENTS,inf,127.10064,88,5.889377445701028,3.1739916746305394,2.0028031393939587,232.80360000000002,140.4036,78.80360000000005,0.7727272727272727,1.7656450000000001,83.85103950000003,2,3,STAGE31C_FRAGILE_POSITIVE_DIAGNOSTIC_ONLY,70.78404127888123
stage31b_top_diagnostic,candidate_name,S23B_B_pb0.1_eff0.60_h180_tp0.6_sl0.65,us10y_chg_5,us10y_chg_5_le_q30,le,0.3,macro_only,[],400,REJECT_TOO_FEW_EVENTS,inf,127.10064,88,5.889377445701028,3.1739916746305394,2.0028031393939587,232.80360000000002,140.4036,78.80360000000005,0.7727272727272727,1.7656450000000001,83.70479000000002,2,3,STAGE31C_FRAGILE_POSITIVE_DIAGNOSTIC_ONLY,70.77672880388123
stage31b_top_diagnostic,candidate_name,S23B_B_pb0.1_eff0.60_h180_tp0.6_sl0.65,real_yield_ret_5,real_yield_ret_5_le_q30,le,0.3,macro_only,[],400,REJECT_TOO_FEW_EVENTS,inf,80.22692,56,7.669210413183662,3.755068007499574,2.13076099654957,139.61992,80.81992,41.619920000000015,0.8571428571428571,2.01143,50.616403,2,3,STAGE31C_FRAGILE_POSITIVE_DIAGNOSTIC_ONLY,66.28653621119402
stage31b_top_diagnostic,family,london_oneway_continuation,real_yield_ret_5,real_yield_ret_5_le_q30,le,0.3,macro_only,[],400,REJECT_TOO_FEW_EVENTS,inf,80.22692,56,7.669210413183662,3.755068007499574,2.13076099654957,139.61992,80.81992,41.619920000000015,0.8571428571428571,2.01143,50.228458499999995,2,3,STAGE31C_FRAGILE_POSITIVE_DIAGNOSTIC_ONLY,66.26713898619403
stage31b_top_diagnostic,candidate_name,S23B_B_pb0.1_eff0.60_h180_tp0.6_sl0.65,oil_ret_5,oil_ret_5_le_q20,le,0.2,macro_only,[],400,REJECT_TOO_FEW_EVENTS,inf,84.94232,40,7.003360008052747,3.733763486504652,2.4550403023413745,119.28076,77.28076,49.28076000000001,0.8,2.175145,47.16856550000001,2,3,STAGE31C_FRAGILE_POSITIVE_DIAGNOSTIC_ONLY,65.24430034941201
stage31b_top_diagnostic,family,london_oneway_continuation,oil_ret_5,oil_ret_5_le_q20,le,0.2,macro_only,[],400,REJECT_TOO_FEW_EVENTS,inf,84.94232,40,7.003360008052747,3.733763486504652,2.4550403023413745,119.28076,77.28076,49.28076000000001,0.8,2.175145,46.1601495,2,3,STAGE31C_FRAGILE_POSITIVE_DIAGNOSTIC_ONLY,65.19387954941202
stage31b_top_diagnostic,family,london_oneway_continuation,spx_z60,spx_z60_ge_q70,ge,0.7,macro_only,[],400,REJECT_TOO_FEW_EVENTS,inf,66.29088,100,4.374796165133657,2.332380000911348,1.482745482859246,228.97668,123.97668,53.976680000000016,0.76,1.0471400000000002,52.0019925,2,4,STAGE31C_FRAGILE_POSITIVE_DIAGNOSTIC_ONLY,58.25254956555047
stage31b_top_diagnostic,candidate_name,S23B_B_pb0.1_eff0.60_h180_tp0.6_sl0.65,spx_z60,spx_z60_ge_q70,ge,0.7,macro_only,[],400,REJECT_TOO_FEW_EVENTS,inf,66.29088,100,4.374796165133657,2.332380000911348,1.482745482859246,228.97668,123.97668,53.976680000000016,0.76,1.0471400000000002,48.796268000000005,2,4,STAGE31C_FRAGILE_POSITIVE_DIAGNOSTIC_ONLY,58.09226334055047
stage31b_top_diagnostic,candidate_name,S23B_B_pb0.1_eff0.60_h180_tp0.6_sl0.65,real_yield_chg_5,real_yield_chg_5_le_q30,le,0.3,h1_atr_rank_le_q30,"[[""h1_atr20_pct_rank_250"", ""le"", 0.3]]",400,REJECT_TOO_FEW_YEARS,inf,163.80176,16,inf,169.9997635374797,6.8562017540314475,45.388000000000005,28.588,17.388000000000005,0.75,2.171075,20.6311985,1,2,STAGE31C_REJECT_NO_ROBUST_EDGE,77.49035992499999
stage31b_top_diagnostic,family,london_oneway_continuation,real_yield_chg_5,real_yield_chg_5_le_q30,le,0.3,h1_atr_rank_le_q30,"[[""h1_atr20_pct_rank_250"", ""le"", 0.3]]",400,REJECT_TOO_FEW_YEARS,inf,163.80176,16,inf,169.9997635374797,6.8562017540314475,45.388000000000005,28.588,17.388000000000005,0.75,2.171075,20.606768499999998,1,2,STAGE31C_REJECT_NO_ROBUST_EDGE,77.489138425
stage31b_top_diagnostic,candidate_name,S23B_B_pb0.1_eff0.60_h180_tp0.6_sl0.65,us10y_chg_5,us10y_chg_5_le_q30,le,0.3,h1_atr_rank_le_q30,"[[""h1_atr20_pct_rank_250"", ""le"", 0.3]]",400,REJECT_TOO_FEW_EVENTS,inf,127.10064,16,inf,129.8585954126274,4.5692653814546915,38.597719999999995,21.797719999999998,10.597720000000006,0.75,1.654215,15.303550000000001,2,3,STAGE31C_REJECT_NO_ROBUST_EDGE,76.82201102581877
stage31b_top_diagnostic,family,london_oneway_continuation,us10y_chg_5,us10y_chg_5_le_q30,le,0.3,h1_atr_rank_le_q30,"[[""h1_atr20_pct_rank_250"", ""le"", 0.3]]",400,REJECT_TOO_FEW_EVENTS,inf,127.10064,16,inf,129.8585954126274,4.5692653814546915,38.597719999999995,21.797719999999998,10.597720000000006,0.75,1.654215,15.298086000000001,2,3,STAGE31C_REJECT_NO_ROBUST_EDGE,76.82173782581876
stage31b_top_diagnostic,candidate_name,handoff_align_follow_h13_tp06_sl065,real_yield_ret_5,real_yield_ret_5_ge_q80,ge,0.8,macro_only,[],540,REJECT_TOO_FEW_EVENTS,inf,56.59080000000004,9,7.712711586395986,5.006185767647824,3.9085434202403557,54.73662500000009,45.2866250000001,38.98662500000009,0.6666666666666666,3.2233000000001995,,2,3,STAGE31C_REJECT_NO_ROBUST_EDGE,75.06283618096144
stage31b_top_diagnostic,candidate_name,handoff_align_follow_h13_tp06_sl065,real_yield_ret_5,real_yield_ret_5_ge_q80,ge,0.8,london_q60_prior_q25,"[[""london_range"", ""ge"", 0.6], [""prior_day_range"", ""ge"", 0.25]]",540,REJECT_TOO_FEW_EVENTS,inf,56.59080000000004,9,7.712711586395986,5.006185767647824,3.9085434202403557,54.73662500000009,45.2866250000001,38.98662500000009,0.6666666666666666,3.2233000000001995,,2,3,STAGE31C_REJECT_NO_ROBUST_EDGE,75.06283618096144
stage31b_top_diagnostic,candidate_name,handoff_align_follow_h13_tp06_sl065,real_yield_ret_5,real_yield_ret_5_ge_q80,ge,0.8,london_q40_prior_q30,"[[""london_range"", ""ge"", 0.4], [""prior_day_range"", ""ge"", 0.3]]",540,REJECT_TOO_FEW_EVENTS,inf,56.59080000000004,9,7.712711586395986,5.006185767647824,3.9085434202403557,54.73662500000009,45.2866250000001,38.98662500000009,0.6666666666666666,3.2233000000001995,,2,3,STAGE31C_REJECT_NO_ROBUST_EDGE,75.06283618096144
stage31b_top_diagnostic,family,london_oneway_continuation,us10y_ret_5,us10y_ret_5_le_q30,le,0.3,h1_atr_rank_le_q30,"[[""h1_atr20_pct_rank_250"", ""le"", 0.3]]",400,REJECT_TOO_FEW_EVENTS,inf,118.4652,12,inf,78.80964767084437,2.6039149119616343,25.76228,13.162279999999999,4.762280000000004,0.6666666666666666,1.1495700000000002,8.545073000000002,2,3,STAGE31C_REJECT_NO_ROBUST_EDGE,67.35914129784655
stage31b_top_diagnostic,candidate_name,S23B_B_pb0.1_eff0.60_h180_tp0.6_sl0.65,us10y_ret_5,us10y_ret_5_le_q30,le,0.3,h1_atr_rank_le_q30,"[[""h1_atr20_pct_rank_250"", ""le"", 0.3]]",400,REJECT_TOO_FEW_EVENTS,inf,118.4652,12,inf,78.80964767084437,2.6039149119616343,25.76228,13.162279999999999,4.762280000000004,0.6666666666666666,1.1495700000000002,7.677400000000003,2,3,STAGE31C_REJECT_NO_ROBUST_EDGE,67.31575764784654
stage31b_top_diagnostic,candidate_name,S23B_B_pb0.1_eff0.60_h180_tp0.6_sl0.65,vix_value,vix_value_ge_q70,ge,0.7,macro_only,[],400,REJECT_TOO_FEW_EVENTS,inf,68.7126,28,inf,inf,inf,265.51432,236.11431999999996,216.51432,1.0,5.122859999999999,173.54510150000002,3,3,STAGE31C_REJECT_NO_ROBUST_EDGE,41.088687074999996
stage31b_top_diagnostic,family,london_oneway_continuation,vix_value,vix_value_ge_q70,ge,0.7,macro_only,[],400,REJECT_TOO_FEW_EVENTS,inf,68.7126,28,inf,inf,inf,265.51432,236.11431999999996,216.51432,1.0,5.122859999999999,168.475128,3,3,STAGE31C_REJECT_NO_ROBUST_EDGE,40.83518839999999
stage31b_top_diagnostic,family,london_oneway_continuation,vix_value,vix_value_ge_q70,ge,0.7,london_q60_prior_q25,"[[""london_range"", ""ge"", 0.6], [""prior_day_range"", ""ge"", 0.25]]",400,REJECT_TOO_FEW_EVENTS,inf,68.7126,24,inf,inf,inf,236.19603999999998,210.99604,194.19603999999998,1.0,4.2796449999999995,146.216517,3,3,STAGE31C_REJECT_NO_ROBUST_EDGE,36.81042985
stage31b_top_diagnostic,candidate_name,S23B_B_pb0.1_eff0.60_h180_tp0.6_sl0.65,vix_value,vix_value_ge_q70,ge,0.7,london_q60_prior_q25,"[[""london_range"", ""ge"", 0.6], [""prior_day_range"", ""ge"", 0.25]]",400,REJECT_TOO_FEW_EVENTS,inf,68.7126,24,inf,inf,inf,236.19603999999998,210.99604,194.19603999999998,1.0,4.2796449999999995,145.25128449999997,3,3,STAGE31C_REJECT_NO_ROBUST_EDGE,36.762168224999996
stage31b_top_diagnostic,candidate_name,S23B_B_pb0.1_eff0.60_h180_tp0.6_sl0.65,vix_value,vix_value_ge_q70,ge,0.7,london_q40_prior_q30,"[[""london_range"", ""ge"", 0.4], [""prior_day_range"", ""ge"", 0.3]]",400,REJECT_TOO_FEW_EVENTS,inf,68.7126,24,inf,inf,inf,236.19603999999998,210.99604,194.19603999999998,1.0,4.2796449999999995,144.302627,3,3,STAGE31C_REJECT_NO_ROBUST_EDGE,36.71473535
stage31b_top_diagnostic,family,london_oneway_continuation,vix_value,vix_value_ge_q70,ge,0.7,london_q40_prior_q30,"[[""london_range"", ""ge"", 0.4], [""prior_day_range"", ""ge"", 0.3]]",400,REJECT_TOO_FEW_EVENTS,inf,68.7126,24,inf,inf,inf,236.19603999999998,210.99604,194.19603999999998,1.0,4.2796449999999995,136.8438885,3,3,STAGE31C_REJECT_NO_ROBUST_EDGE,36.34179842499999
stage31b_top_diagnostic,family,london_oneway_continuation,real_yield_rank250,real_yield_rank250_le_q20,le,0.2,h1_atr_rank_le_q30,"[[""h1_atr20_pct_rank_250"", ""le"", 0.3]]",400,REJECT_TOO_FEW_YEARS,inf,218.50752000000008,24,inf,inf,186.89286887939846,64.62688,39.42688,22.626880000000007,1.0,1.654215,33.210502000000005,3,3,STAGE31C_REJECT_NO_ROBUST_EDGE,34.003213099999996
stage31b_top_diagnostic,candidate_name,S23B_B_pb0.1_eff0.60_h180_tp0.6_sl0.65,real_yield_rank250,real_yield_rank250_le_q20,le,0.2,h1_atr_rank_le_q30,"[[""h1_atr20_pct_rank_250"", ""le"", 0.3]]",400,REJECT_TOO_FEW_YEARS,inf,218.50752000000008,24,inf,inf,186.89286887939846,64.62688,39.42688,22.626880000000007,1.0,1.654215,32.71703600000001,3,3,STAGE31C_REJECT_NO_ROBUST_EDGE,33.9785398
stage31b_top_diagnostic,family,london_oneway_continuation,real_yield_z60,real_yield_z60_le_q20,le,0.2,h1_atr_q30_and_london_q60_prior_q25,"[[""h1_atr20_pct_rank_250"", ""le"", 0.3], [""london_range"", ""ge"", 0.6], [""prior_day_range"", ""ge"", 0.25]]",400,REJECT_TOO_FEW_EVENTS,inf,128.77948,28,inf,inf,10.654630212926834,64.32575999999999,34.925760000000004,15.32576000000001,1.0,0.84829,27.679998,3,3,STAGE31C_REJECT_NO_ROBUST_EDGE,33.6765759
stage31b_top_diagnostic,candidate_name,S23B_B_pb0.1_eff0.60_h180_tp0.6_sl0.65,real_yield_z60,real_yield_z60_le_q20,le,0.2,h1_atr_q30_and_london_q60_prior_q25,"[[""h1_atr20_pct_rank_250"", ""le"", 0.3], [""london_range"", ""ge"", 0.6], [""prior_day_range"", ""ge"", 0.25]]",400,REJECT_TOO_FEW_EVENTS,inf,128.77948,28,inf,inf,10.654630212926834,64.32575999999999,34.925760000000004,15.32576000000001,1.0,0.84829,27.522611500000004,3,3,STAGE31C_REJECT_NO_ROBUST_EDGE,33.668706575
stage31b_top_diagnostic,candidate_name,S23B_B_pb0.1_eff0.60_h180_tp0.6_sl0.65,real_yield_rank250,real_yield_rank250_le_q20,le,0.2,h1_atr_q30_and_london_q60_prior_q25,"[[""h1_atr20_pct_rank_250"", ""le"", 0.3], [""london_range"", ""ge"", 0.6], [""prior_day_range"", ""ge"", 0.25]]",400,REJECT_TOO_FEW_YEARS,inf,218.50752000000008,20,inf,inf,138.95136378574009,51.791439999999994,30.79144,16.79144000000001,1.0,1.1495700000000002,24.926575500000002,3,3,STAGE31C_REJECT_NO_ROBUST_EDGE,32.325472774999994
stage31b_top_diagnostic,family,london_oneway_continuation,real_yield_rank250,real_yield_rank250_le_q20,le,0.2,h1_atr_q30_and_london_q60_prior_q25,"[[""h1_atr20_pct_rank_250"", ""le"", 0.3], [""london_range"", ""ge"", 0.6], [""prior_day_range"", ""ge"", 0.25]]",400,REJECT_TOO_FEW_YEARS,inf,218.50752000000008,20,inf,inf,138.95136378574009,51.791439999999994,30.79144,16.79144000000001,1.0,1.1495700000000002,24.439772,3,3,STAGE31C_REJECT_NO_ROBUST_EDGE,32.3011326
stage31b_top_diagnostic,candidate_name,S23B_B_pb0.1_eff0.60_h180_tp0.6_sl0.65,us10y_rank250,us10y_rank250_le_q30,le,0.3,h1_atr_q30_and_london_q60_prior_q25,"[[""h1_atr20_pct_rank_250"", ""le"", 0.3], [""london_range"", ""ge"", 0.6], [""prior_day_range"", ""ge"", 0.25]]",400,REJECT_TOO_FEW_YEARS,10.231772980740184,180.91764,20,inf,inf,29.628547403826033,51.34231999999999,30.34232,16.342320000000008,1.0,1.1495700000000002,24.122910499999996,2,2,STAGE31C_REJECT_NO_ROBUST_EDGE,30.240377525
stage31b_top_diagnostic,family,london_oneway_continuation,us10y_rank250,us10y_rank250_le_q30,le,0.3,h1_atr_q30_and_london_q60_prior_q25,"[[""h1_atr20_pct_rank_250"", ""le"", 0.3], [""london_range"", ""ge"", 0.6], [""prior_day_range"", ""ge"", 0.25]]",400,REJECT_TOO_FEW_YEARS,10.231772980740184,180.91764,20,inf,inf,29.628547403826033,51.34231999999999,30.34232,16.342320000000008,1.0,1.1495700000000002,23.766750000000002,2,2,STAGE31C_REJECT_NO_ROBUST_EDGE,30.2225695
stage31b_top_diagnostic,candidate_name,S23B_B_pb0.1_eff0.60_h180_tp0.6_sl0.65,dxy_ret_5,dxy_ret_5_le_q30,le,0.3,h1_atr_q30_and_london_q60_prior_q25,"[[""h1_atr20_pct_rank_250"", ""le"", 0.3], [""london_range"", ""ge"", 0.6], [""prior_day_range"", ""ge"", 0.25]]",400,REJECT_TOO_FEW_YEARS,10.162285786598956,179.55588000000006,12,inf,inf,85.33388103845033,31.26512,18.66512,10.265120000000005,1.0,1.1495700000000002,13.829980000000003,3,3,STAGE31C_REJECT_NO_ROBUST_EDGE,29.758011
stage31b_top_diagnostic,family,london_oneway_continuation,spx_chg_5,spx_chg_5_ge_q70,ge,0.7,h1_atr_q30_and_london_q60_prior_q25,"[[""h1_atr20_pct_rank_250"", ""le"", 0.3], [""london_range"", ""ge"", 0.6], [""prior_day_range"", ""ge"", 0.25]]",400,REJECT_TOO_FEW_EVENTS,inf,125.43544,12,inf,inf,85.33388103845033,31.26512,18.66512,10.265120000000005,1.0,1.1495700000000002,13.829980000000003,3,3,STAGE31C_REJECT_NO_ROBUST_EDGE,29.758011
stage31b_top_diagnostic,family,london_oneway_continuation,spx_chg_5,spx_chg_5_ge_q80,ge,0.8,h1_atr_q30_and_london_q60_prior_q25,"[[""h1_atr20_pct_rank_250"", ""le"", 0.3], [""london_range"", ""ge"", 0.6], [""prior_day_range"", ""ge"", 0.25]]",400,REJECT_TOO_FEW_EVENTS,inf,125.43544,12,inf,inf,85.33388103845033,31.26512,18.66512,10.265120000000005,1.0,1.1495700000000002,13.817101500000001,3,3,STAGE31C_REJECT_NO_ROBUST_EDGE,29.757367075
stage31b_top_diagnostic,candidate_name,S23B_B_pb0.1_eff0.60_h180_tp0.6_sl0.65,dxy_chg_5,dxy_chg_5_le_q30,le,0.3,h1_atr_q30_and_london_q60_prior_q25,"[[""h1_atr20_pct_rank_250"", ""le"", 0.3], [""london_range"", ""ge"", 0.6], [""prior_day_range"", ""ge"", 0.25]]",400,REJECT_TOO_FEW_YEARS,10.162285786598956,179.55588000000006,12,inf,inf,85.33388103845033,31.26512,18.66512,10.265120000000005,1.0,1.1495700000000002,13.572410000000005,3,3,STAGE31C_REJECT_NO_ROBUST_EDGE,29.7451325
stage31b_top_diagnostic,candidate_name,S23B_B_pb0.1_eff0.60_h180_tp0.6_sl0.65,spx_ret_5,spx_ret_5_ge_q70,ge,0.7,h1_atr_q30_and_london_q60_prior_q25,"[[""h1_atr20_pct_rank_250"", ""le"", 0.3], [""london_range"", ""ge"", 0.6], [""prior_day_range"", ""ge"", 0.25]]",400,REJECT_TOO_FEW_EVENTS,inf,125.43544,12,inf,inf,85.33388103845033,31.26512,18.66512,10.265120000000005,1.0,1.1495700000000002,13.561288500000003,3,3,STAGE31C_REJECT_NO_ROBUST_EDGE,29.744576424999998
stage31b_top_diagnostic,family,london_oneway_continuation,dxy_ret_5,dxy_ret_5_le_q30,le,0.3,h1_atr_q30_and_london_q60_prior_q25,"[[""h1_atr20_pct_rank_250"", ""le"", 0.3], [""london_range"", ""ge"", 0.6], [""prior_day_range"", ""ge"", 0.25]]",400,REJECT_TOO_FEW_YEARS,10.162285786598956,179.55588000000006,12,inf,inf,85.33388103845033,31.26512,18.66512,10.265120000000005,1.0,1.1495700000000002,13.349980000000002,3,3,STAGE31C_REJECT_NO_ROBUST_EDGE,29.734011
stage31b_top_diagnostic,candidate_name,S23B_B_pb0.1_eff0.60_h180_tp0.6_sl0.65,spx_chg_5,spx_chg_5_ge_q80,ge,0.8,h1_atr_q30_and_london_q60_prior_q25,"[[""h1_atr20_pct_rank_250"", ""le"", 0.3], [""london_range"", ""ge"", 0.6], [""prior_day_range"", ""ge"", 0.25]]",400,REJECT_TOO_FEW_EVENTS,inf,125.43544,12,inf,inf,85.33388103845033,31.26512,18.66512,10.265120000000005,1.0,1.1495700000000002,13.349980000000002,3,3,STAGE31C_REJECT_NO_ROBUST_EDGE,29.734011
stage31b_top_diagnostic,family,london_oneway_continuation,dxy_chg_5,dxy_chg_5_le_q30,le,0.3,h1_atr_q30_and_london_q60_prior_q25,"[[""h1_atr20_pct_rank_250"", ""le"", 0.3], [""london_range"", ""ge"", 0.6], [""prior_day_range"", ""ge"", 0.25]]",400,REJECT_TOO_FEW_YEARS,10.162285786598956,179.55588000000006,12,inf,inf,85.33388103845033,31.26512,18.66512,10.265120000000005,1.0,1.1495700000000002,13.092410000000005,3,3,STAGE31C_REJECT_NO_ROBUST_EDGE,29.7211325
stage31b_top_diagnostic,family,london_oneway_continuation,spx_ret_5,spx_ret_5_ge_q70,ge,0.7,h1_atr_q30_and_london_q60_prior_q25,"[[""h1_atr20_pct_rank_250"", ""le"", 0.3], [""london_range"", ""ge"", 0.6], [""prior_day_range"", ""ge"", 0.25]]",400,REJECT_TOO_FEW_EVENTS,inf,125.43544,12,inf,inf,85.33388103845033,31.26512,18.66512,10.265120000000005,1.0,1.1495700000000002,13.092410000000005,3,3,STAGE31C_REJECT_NO_ROBUST_EDGE,29.7211325
stage31b_top_diagnostic,candidate_name,S23B_B_pb0.1_eff0.60_h180_tp0.6_sl0.65,spx_chg_5,spx_chg_5_ge_q70,ge,0.7,h1_atr_q30_and_london_q60_prior_q25,"[[""h1_atr20_pct_rank_250"", ""le"", 0.3], [""london_range"", ""ge"", 0.6], [""prior_day_range"", ""ge"", 0.25]]",400,REJECT_TOO_FEW_EVENTS,inf,125.43544,12,inf,inf,85.33388103845033,31.26512,18.66512,10.265120000000005,1.0,1.1495700000000002,13.092410000000005,3,3,STAGE31C_REJECT_NO_ROBUST_EDGE,29.7211325
stage31b_top_diagnostic,candidate_name,S23B_B_pb0.1_eff0.60_h180_tp0.6_sl0.65,real_yield_chg_1,real_yield_chg_1_le_q20,le,0.2,h1_atr_rank_le_q30,"[[""h1_atr20_pct_rank_250"", ""le"", 0.3]]",400,REJECT_TOO_FEW_EVENTS,inf,98.66116,12,inf,inf,8.425898117130693,26.142880000000005,13.54288,5.142880000000005,1.0,0.6695700000000002,10.11518,3,3,STAGE31C_REJECT_NO_ROBUST_EDGE,29.060047
stage31b_top_diagnostic,family,london_oneway_continuation,real_yield_chg_1,real_yield_chg_1_le_q20,le,0.2,h1_atr_rank_le_q30,"[[""h1_atr20_pct_rank_250"", ""le"", 0.3]]",400,REJECT_TOO_FEW_EVENTS,inf,98.66116,12,inf,inf,8.425898117130693,26.142880000000005,13.54288,5.142880000000005,1.0,0.6695700000000002,9.075010000000002,3,3,STAGE31C_REJECT_NO_ROBUST_EDGE,29.0080385
stage31b_top_diagnostic,candidate_name,S23B_B_pb0.1_eff0.60_h180_tp0.6_sl0.65,oil_z60,oil_z60_le_q20,le,0.2,london_q60_prior_q25,"[[""london_range"", ""ge"", 0.6], [""prior_day_range"", ""ge"", 0.25]]",400,REJECT_TOO_FEW_EVENTS,inf,133.86460000000002,28,inf,inf,inf,163.46287999999998,134.06288,114.46287999999998,1.0,3.62671,99.89276850000002,3,3,STAGE31C_REJECT_NO_ROBUST_EDGE,27.200926425000002
stage31b_top_diagnostic,family,london_oneway_continuation,oil_z60,oil_z60_le_q20,le,0.2,london_q60_prior_q25,"[[""london_range"", ""ge"", 0.6], [""prior_day_range"", ""ge"", 0.25]]",400,REJECT_TOO_FEW_EVENTS,inf,133.86460000000002,28,inf,inf,inf,163.46287999999998,134.06288,114.46287999999998,1.0,3.62671,99.42416,3,3,STAGE31C_REJECT_NO_ROBUST_EDGE,27.177496
stage31b_top_diagnostic,candidate_name,S23B_B_pb0.1_eff0.60_h180_tp0.6_sl0.65,spx_ret_5,spx_ret_5_ge_q70,ge,0.7,h1_atr_rank_le_q30,"[[""h1_atr20_pct_rank_250"", ""le"", 0.3]]",400,REJECT_TOO_FEW_EVENTS,inf,125.43544,16,4.702738151822727,1.7205603100214966,0.7543093681917215,24.61684,7.816840000000001,-3.383159999999995,0.75,0.9095700000000002,-4.986325,2,3,STAGE31C_REJECT_NO_ROBUST_EDGE,26.355208322981852
stage31b_top_diagnostic,family,london_oneway_continuation,spx_ret_5,spx_ret_5_ge_q70,ge,0.7,h1_atr_rank_le_q30,"[[""h1_atr20_pct_rank_250"", ""le"", 0.3]]",400,REJECT_TOO_FEW_EVENTS,inf,125.43544,16,4.702738151822727,1.7205603100214966,0.7543093681917215,24.61684,7.816840000000001,-3.383159999999995,0.75,0.9095700000000002,-4.999149999999999,2,3,STAGE31C_REJECT_NO_ROBUST_EDGE,26.35456707298185
stage31b_top_diagnostic,candidate_name,S23B_B_pb0.1_eff0.60_h180_tp0.6_sl0.65,spx_chg_5,spx_chg_5_ge_q70,ge,0.7,h1_atr_rank_le_q30,"[[""h1_atr20_pct_rank_250"", ""le"", 0.3]]",400,REJECT_TOO_FEW_EVENTS,inf,125.43544,16,4.702738151822727,1.7205603100214966,0.7543093681917215,24.61684,7.816840000000001,-3.383159999999995,0.75,0.9095700000000002,-5.959149999999999,2,3,STAGE31C_REJECT_NO_ROBUST_EDGE,26.306567072981853
stage31b_top_diagnostic,family,london_oneway_continuation,spx_chg_5,spx_chg_5_ge_q80,ge,0.8,h1_atr_rank_le_q30,"[[""h1_atr20_pct_rank_250"", ""le"", 0.3]]",400,REJECT_TOO_FEW_EVENTS,inf,125.43544,16,4.702738151822727,1.7205603100214966,0.7543093681917215,24.61684,7.816840000000001,-3.383159999999995,0.75,0.9095700000000002,-5.959149999999999,2,3,STAGE31C_REJECT_NO_ROBUST_EDGE,26.306567072981853
stage31b_top_diagnostic,family,london_oneway_continuation,spx_chg_5,spx_chg_5_ge_q70,ge,0.7,h1_atr_rank_le_q30,"[[""h1_atr20_pct_rank_250"", ""le"", 0.3]]",400,REJECT_TOO_FEW_EVENTS,inf,125.43544,16,4.702738151822727,1.7205603100214966,0.7543093681917215,24.61684,7.816840000000001,-3.383159999999995,0.75,0.9095700000000002,-6.203219999999999,2,3,STAGE31C_REJECT_NO_ROBUST_EDGE,26.29436357298185
stage31b_top_diagnostic,candidate_name,S23B_B_pb0.1_eff0.60_h180_tp0.6_sl0.65,spx_chg_5,spx_chg_5_ge_q80,ge,0.8,h1_atr_rank_le_q30,"[[""h1_atr20_pct_rank_250"", ""le"", 0.3]]",400,REJECT_TOO_FEW_EVENTS,inf,125.43544,16,4.702738151822727,1.7205603100214966,0.7543093681917215,24.61684,7.816840000000001,-3.383159999999995,0.75,0.9095700000000002,-6.66972,2,3,STAGE31C_REJECT_NO_ROBUST_EDGE,26.27103857298185
stage31b_top_diagnostic,family,london_oneway_continuation,real_yield_ret_1,real_yield_ret_1_le_q30,le,0.3,h1_atr_rank_le_q30,"[[""h1_atr20_pct_rank_250"", ""le"", 0.3]]",400,REJECT_TOO_FEW_EVENTS,inf,98.66116,8,inf,inf,10.222549225702506,19.2646,10.8646,5.264600000000003,1.0,1.358075,,2,2,STAGE31C_REJECT_NO_ROBUST_EDGE,25.88646
stage31b_top_diagnostic,candidate_name,S23B_B_pb0.1_eff0.60_h180_tp0.6_sl0.65,real_yield_ret_1,real_yield_ret_1_le_q30,le,0.3,h1_atr_rank_le_q30,"[[""h1_atr20_pct_rank_250"", ""le"", 0.3]]",400,REJECT_TOO_FEW_EVENTS,inf,98.66116,8,inf,inf,10.222549225702506,19.2646,10.8646,5.264600000000003,1.0,1.358075,,2,2,STAGE31C_REJECT_NO_ROBUST_EDGE,25.88646
stage31b_top_diagnostic,candidate_name,S23B_B_pb0.1_eff0.60_h180_tp0.6_sl0.65,us10y_rank250,us10y_rank250_le_q30,le,0.3,h1_atr_rank_le_q30,"[[""h1_atr20_pct_rank_250"", ""le"", 0.3]]",400,REJECT_TOO_FEW_YEARS,10.231772980740184,180.91764,24,3.3345058347967944,1.5482924160903961,0.7363754630331089,35.945040000000006,10.74504,-6.054959999999992,0.8333333333333334,0.9989300000000001,-8.1779075,2,2,STAGE31C_REJECT_NO_ROBUST_EDGE,25.494034638036396
stage31b_top_diagnostic,family,london_oneway_continuation,us10y_rank250,us10y_rank250_le_q30,le,0.3,h1_atr_rank_le_q30,"[[""h1_atr20_pct_rank_250"", ""le"", 0.3]]",400,REJECT_TOO_FEW_YEARS,10.231772980740184,180.91764,24,3.3345058347967944,1.5482924160903961,0.7363754630331089,35.945040000000006,10.74504,-6.054959999999992,0.8333333333333334,0.9989300000000001,-8.884630500000004,2,2,STAGE31C_REJECT_NO_ROBUST_EDGE,25.458698488036397
stage31b_top_diagnostic,family,london_oneway_continuation,real_yield_ret_1,real_yield_ret_1_le_q20,le,0.2,macro_only,[],400,REJECT_TOO_FEW_EVENTS,inf,80.82172,20,inf,inf,inf,143.65488,122.65487999999999,108.65487999999999,1.0,3.63271,86.323495,3,3,STAGE31C_REJECT_NO_ROBUST_EDGE,24.58166275
stage31b_top_diagnostic,candidate_name,S23B_B_pb0.1_eff0.60_h180_tp0.6_sl0.65,real_yield_ret_1,real_yield_ret_1_le_q20,le,0.2,macro_only,[],400,REJECT_TOO_FEW_EVENTS,inf,80.82172,20,inf,inf,inf,143.65488,122.65487999999999,108.65487999999999,1.0,3.63271,84.47012250000002,3,3,STAGE31C_REJECT_NO_ROBUST_EDGE,24.488994125
stage31b_top_diagnostic,candidate_name,sess_comp_exp_fade_london_h9_q0.7_tp06_sl065,us10y_ret_5,us10y_ret_5_le_q20,le,0.2,h1_atr_q30_and_london_q60_prior_q25,"[[""h1_atr20_pct_rank_250"", ""le"", 0.3], [""london_range"", ""ge"", 0.6], [""prior_day_range"", ""ge"", 0.25]]",415,REJECT_TOO_FEW_EVENTS,inf,24.221500000000013,6,2.600908380179431,1.5889028666256138,1.1803836703410546,12.90059999999985,6.600599999999847,2.4005999999998515,0.5,0.8364999999997507,,1,3,STAGE31C_REJECT_NO_ROBUST_EDGE,23.87062334762034
stage31b_top_diagnostic,candidate_name,sess_comp_exp_fade_london_h9_q0.7_tp06_sl065,us10y_chg_5,us10y_chg_5_le_q20,le,0.2,h1_atr_q30_and_london_q60_prior_q25,"[[""h1_atr20_pct_rank_250"", ""le"", 0.3], [""london_range"", ""ge"", 0.6], [""prior_day_range"", ""ge"", 0.25]]",415,REJECT_TOO_FEW_EVENTS,inf,24.221500000000013,7,2.6924661529106264,1.5458443643938664,1.096951922069734,13.638399999999638,6.288399999999635,1.3883999999996401,0.42857142857142855,-0.3122000000002116,,1,3,STAGE31C_REJECT_NO_ROBUST_EDGE,23.175091332217566
stage31b_top_diagnostic,candidate_name,S23B_B_pb0.1_eff0.60_h180_tp0.6_sl0.65,real_yield_ret_1,real_yield_ret_1_le_q20,le,0.2,london_q40_prior_q30,"[[""london_range"", ""ge"", 0.4], [""prior_day_range"", ""ge"", 0.3]]",400,REJECT_TOO_FEW_EVENTS,inf,80.82172,16,inf,inf,inf,130.81944,114.01944,102.81944,1.0,6.621354999999999,82.92639849999999,3,3,STAGE31C_REJECT_NO_ROBUST_EDGE,23.148263925000002
stage31b_top_diagnostic,family,london_oneway_continuation,real_yield_ret_1,real_yield_ret_1_le_q20,le,0.2,london_q40_prior_q30,"[[""london_range"", ""ge"", 0.4], [""prior_day_range"", ""ge"", 0.3]]",400,REJECT_TOO_FEW_EVENTS,inf,80.82172,16,inf,inf,inf,130.81944,114.01944,102.81944,1.0,6.621354999999999,81.9875195,3,3,STAGE31C_REJECT_NO_ROBUST_EDGE,23.101319975000003
stage31b_top_diagnostic,candidate_name,S23B_B_pb0.1_eff0.60_h180_tp0.6_sl0.65,real_yield_ret_1,real_yield_ret_1_le_q20,le,0.2,london_q60_prior_q25,"[[""london_range"", ""ge"", 0.6], [""prior_day_range"", ""ge"", 0.25]]",400,REJECT_TOO_FEW_EVENTS,inf,80.82172,16,inf,inf,inf,130.81944,114.01944,102.81944,1.0,6.621354999999999,80.87276100000001,3,3,STAGE31C_REJECT_NO_ROBUST_EDGE,23.04558205
stage31b_top_diagnostic,family,london_oneway_continuation,real_yield_ret_1,real_yield_ret_1_le_q20,le,0.2,london_q60_prior_q25,"[[""london_range"", ""ge"", 0.6], [""prior_day_range"", ""ge"", 0.25]]",400,REJECT_TOO_FEW_EVENTS,inf,80.82172,16,inf,inf,inf,130.81944,114.01944,102.81944,1.0,6.621354999999999,78.1061675,3,3,STAGE31C_REJECT_NO_ROBUST_EDGE,22.907252375000002
stage31b_top_diagnostic,family,high_range_asia_london_alignment_v1,real_yield_ret_1,real_yield_ret_1_le_q20,le,0.2,london_q60_prior_q25,"[[""london_range"", ""ge"", 0.6], [""prior_day_range"", ""ge"", 0.25]]",414,REJECT_TOO_FEW_EVENTS,inf,17.41079999999947,17,2.8725894208835006,1.2631636090233553,0.6975496471465993,22.697749999999637,4.847749999999633,-7.052250000000361,0.6470588235294118,0.7201000000000932,-14.308792500000251,3,4,STAGE31C_REJECT_NO_ROBUST_EDGE,22.891170053819902
stage31b_top_diagnostic,candidate_name,liq_pdh_breakout_follow_h12_tp06_sl065,real_yield_ret_5,real_yield_ret_5_ge_q80,ge,0.8,h1_atr_rank_le_q30,"[[""h1_atr20_pct_rank_250"", ""le"", 0.3]]",285,REJECT_TOO_FEW_EVENTS,inf,7.407700000000295,4,3.7680506685436654,1.4000645572449746,0.6783186041928941,5.40842500000017,1.2084250000001702,-1.5915749999998283,0.5,0.07810000000004046,,2,2,STAGE31C_REJECT_NO_ROBUST_EDGE,21.234762489221335
stage31b_top_diagnostic,candidate_name,S23B_B_pb0.1_eff0.60_h180_tp0.6_sl0.65,real_yield_ret_5,real_yield_ret_5_le_q30,le,0.3,london_q60_prior_q25,"[[""london_range"", ""ge"", 0.6], [""prior_day_range"", ""ge"", 0.25]]",400,REJECT_TOO_FEW_EVENTS,inf,80.22692,28,inf,inf,inf,115.21604000000002,85.81604000000003,66.21604000000002,1.0,2.6954300000000004,74.8407575,3,3,STAGE31C_REJECT_NO_ROBUST_EDGE,21.123641875
stage31b_top_diagnostic,family,london_oneway_continuation,real_yield_ret_5,real_yield_ret_5_le_q30,le,0.3,london_q60_prior_q25,"[[""london_range"", ""ge"", 0.6], [""prior_day_range"", ""ge"", 0.25]]",400,REJECT_TOO_FEW_EVENTS,inf,80.22692,28,inf,inf,inf,115.21604000000002,85.81604000000003,66.21604000000002,1.0,2.6954300000000004,74.38597100000001,3,3,STAGE31C_REJECT_NO_ROBUST_EDGE,21.100902550000004
stage31b_top_diagnostic,candidate_name,S23B_B_pb0.1_eff0.60_h180_tp0.6_sl0.65,oil_ret_5,oil_ret_5_le_q20,le,0.2,london_q40_prior_q30,"[[""london_range"", ""ge"", 0.4], [""prior_day_range"", ""ge"", 0.3]]",400,REJECT_TOO_FEW_EVENTS,inf,84.94232,28,inf,inf,inf,109.83147999999997,80.43148,60.83148000000001,1.0,2.18329,67.142486,3,3,STAGE31C_REJECT_NO_ROBUST_EDGE,20.200272299999998
stage31b_top_diagnostic,family,london_oneway_continuation,oil_ret_5,oil_ret_5_le_q20,le,0.2,london_q40_prior_q30,"[[""london_range"", ""ge"", 0.4], [""prior_day_range"", ""ge"", 0.3]]",400,REJECT_TOO_FEW_EVENTS,inf,84.94232,28,inf,inf,inf,109.83147999999997,80.43148,60.83148000000001,1.0,2.18329,67.099034,3,3,STAGE31C_REJECT_NO_ROBUST_EDGE,20.1980997
stage31b_top_diagnostic,candidate_name,liq_pdh_breakout_follow_h12_tp06_sl065,real_yield_ret_5,real_yield_ret_5_ge_q80,ge,0.8,london_q60_prior_q25,"[[""london_range"", ""ge"", 0.6], [""prior_day_range"", ""ge"", 0.25]]",285,REJECT_TOO_FEW_EVENTS,inf,7.407700000000295,11,2.2498584590514725,1.3127682007412715,0.9027493679915426,17.164025000000407,5.6140250000003995,-2.0859749999995945,0.5454545454545454,1.254399999999896,-18.30597874999914,1,3,STAGE31C_REJECT_NO_ROBUST_EDGE,19.48478304187897
stage31b_top_diagnostic,candidate_name,liq_pdh_breakout_follow_h12_tp06_sl065,real_yield_ret_5,real_yield_ret_5_ge_q80,ge,0.8,macro_only,[],285,REJECT_TOO_FEW_EVENTS,inf,7.407700000000295,12,2.3389081959036475,1.3224007944522365,0.8810972592408278,18.386925000000524,5.786925000000519,-2.6130749999994762,0.5833333333333334,0.713650000000007,-21.594768749999865,1,3,STAGE31C_REJECT_NO_ROBUST_EDGE,19.447351043985734
stage31b_top_diagnostic,candidate_name,liq_pdh_breakout_follow_h12_tp06_sl065,real_yield_ret_5,real_yield_ret_5_ge_q80,ge,0.8,london_q40_prior_q30,"[[""london_range"", ""ge"", 0.4], [""prior_day_range"", ""ge"", 0.3]]",285,REJECT_TOO_FEW_EVENTS,inf,7.407700000000295,11,2.2498584590514725,1.3127682007412715,0.9027493679915426,17.164025000000407,5.6140250000003995,-2.0859749999995945,0.5454545454545454,1.254399999999896,-21.999652500000455,1,3,STAGE31C_REJECT_NO_ROBUST_EDGE,19.300099354378904
stage31b_top_diagnostic,candidate_name,liq_pdh_breakout_follow_h12_tp06_sl065,real_yield_ret_5,real_yield_ret_5_ge_q80,ge,0.8,h1_atr_q30_and_london_q60_prior_q25,"[[""h1_atr20_pct_rank_250"", ""le"", 0.3], [""london_range"", ""ge"", 0.6], [""prior_day_range"", ""ge"", 0.25]]",285,REJECT_TOO_FEW_EVENTS,inf,7.407700000000295,3,3.142166208176319,1.3428238001043218,0.7591998778439483,4.185525000000053,1.0355250000000522,-1.0644749999999465,0.3333333333333333,-0.016700000000037,,1,2,STAGE31C_REJECT_NO_ROBUST_EDGE,18.868590012419016
stage31b_top_diagnostic,candidate_name,handoff_align_follow_h13_tp06_sl065,us10y_ret_5,us10y_ret_5_ge_q80,ge,0.8,london_q60_prior_q25,"[[""london_range"", ""ge"", 0.6], [""prior_day_range"", ""ge"", 0.25]]",540,REJECT_TOO_FEW_EVENTS,inf,17.07889999999952,11,2.2425156497600516,1.148131409132055,0.7143339992398241,13.819724999999744,2.2697249999997418,-5.430275000000252,0.6363636363636364,0.3519999999999528,-16.562622500000497,2,4,STAGE31C_REJECT_NO_ROBUST_EDGE,18.837491463279793
stage31b_top_diagnostic,family,london_oneway_continuation,oil_ret_5,oil_ret_5_le_q20,le,0.2,london_q60_prior_q25,"[[""london_range"", ""ge"", 0.6], [""prior_day_range"", ""ge"", 0.25]]",400,REJECT_TOO_FEW_EVENTS,inf,84.94232,24,inf,inf,inf,98.00404,72.80404,56.00404,1.0,2.26129,60.446419500000005,2,2,STAGE31C_REJECT_NO_ROBUST_EDGE,16.702724975000002
stage31b_top_diagnostic,candidate_name,S23B_B_pb0.1_eff0.60_h180_tp0.6_sl0.65,oil_ret_5,oil_ret_5_le_q20,le,0.2,london_q60_prior_q25,"[[""london_range"", ""ge"", 0.6], [""prior_day_range"", ""ge"", 0.25]]",400,REJECT_TOO_FEW_EVENTS,inf,84.94232,24,inf,inf,inf,98.00404,72.80404,56.00404,1.0,2.26129,60.153515500000005,2,2,STAGE31C_REJECT_NO_ROBUST_EDGE,16.688079775
stage31b_top_diagnostic,candidate_name,sess_comp_exp_fade_london_h9_q0.7_tp06_sl065,us10y_ret_5,us10y_ret_5_le_q20,le,0.2,h1_atr_rank_le_q30,"[[""h1_atr20_pct_rank_250"", ""le"", 0.3]]",415,REJECT_TOO_FEW_EVENTS,inf,24.221500000000013,10,2.266536419879335,1.1296640770325082,0.7601776452925353,12.544125000000122,2.04412500000012,-4.955874999999875,0.3,-0.734449999999947,-18.205163750000498,1,4,STAGE31C_REJECT_NO_ROBUST_EDGE,16.63150566399521
stage31b_top_diagnostic,candidate_name,handoff_align_follow_h13_tp06_sl065,us10y_ret_5,us10y_ret_5_ge_q80,ge,0.8,london_q40_prior_q30,"[[""london_range"", ""ge"", 0.4], [""prior_day_range"", ""ge"", 0.3]]",540,REJECT_TOO_FEW_EVENTS,inf,17.07889999999952,16,2.354479977188278,0.983486579415129,0.5415913426111776,16.506674999999543,-0.29332500000045947,-11.493325000000453,0.5,-0.042500000000040804,-19.53961374999993,2,4,STAGE31C_REJECT_NO_ROBUST_EDGE,16.59491797709596
stage31b_top_diagnostic,family,london_oneway_continuation,spx_z60,spx_z60_ge_q70,ge,0.7,h1_atr_rank_le_q30,"[[""h1_atr20_pct_rank_250"", ""le"", 0.3]]",400,REJECT_TOO_FEW_EVENTS,inf,66.29088,12,2.8976818064221126,1.00150438594874,0.41039389216772926,12.61632,0.016319999999998558,-8.383679999999995,0.6666666666666666,0.5572900000000001,-11.470097499999998,2,3,STAGE31C_REJECT_NO_ROBUST_EDGE,16.28474655315832
stage31b_top_diagnostic,candidate_name,S23B_B_pb0.1_eff0.60_h180_tp0.6_sl0.65,spx_z60,spx_z60_ge_q70,ge,0.7,h1_atr_rank_le_q30,"[[""h1_atr20_pct_rank_250"", ""le"", 0.3]]",400,REJECT_TOO_FEW_EVENTS,inf,66.29088,12,2.8976818064221126,1.00150438594874,0.41039389216772926,12.61632,0.016319999999998558,-8.383679999999995,0.6666666666666666,0.5572900000000001,-12.994900000000001,2,3,STAGE31C_REJECT_NO_ROBUST_EDGE,16.20850642815832
stage31b_top_diagnostic,candidate_name,sess_comp_exp_fade_london_h9_q0.7_tp06_sl065,us10y_chg_5,us10y_chg_5_le_q20,le,0.2,h1_atr_rank_le_q30,"[[""h1_atr20_pct_rank_250"", ""le"", 0.3]]",415,REJECT_TOO_FEW_EVENTS,inf,24.221500000000013,12,2.4296377069498165,1.0959744605561812,0.696644585492946,14.159525000000077,1.5595250000000735,-6.840474999999923,0.25,-0.5034500000000661,-18.49525124999914,1,4,STAGE31C_REJECT_NO_ROBUST_EDGE,16.177512885033643
stage31b_top_diagnostic,family,high_range_asia_london_alignment_v1,real_yield_ret_1,real_yield_ret_1_le_q20,le,0.2,macro_only,[],414,REJECT_TOO_FEW_EVENTS,inf,17.41079999999947,22,1.8440901836693608,0.7881517109396504,0.42893253426687716,16.845549999998916,-6.254450000001082,-21.65445000000109,0.5,0.14694999999992445,-25.59785250000074,3,4,STAGE31C_REJECT_NO_ROBUST_EDGE,15.891909621463869
stage31b_top_diagnostic,family,london_oneway_continuation,dxy_ret_5,dxy_ret_5_le_q30,le,0.3,h1_atr_rank_le_q30,"[[""h1_atr20_pct_rank_250"", ""le"", 0.3]]",400,REJECT_TOO_FEW_YEARS,10.162285786598956,179.55588000000006,16,2.0305612419855974,0.952434215360499,0.4612478351614195,15.86784,-0.9321599999999997,-12.132159999999992,0.75,0.9095700000000002,-19.812771,2,3,STAGE31C_REJECT_NO_ROBUST_EDGE,15.885478944250668
stage31b_top_diagnostic,candidate_name,S23B_B_pb0.1_eff0.60_h180_tp0.6_sl0.65,dxy_ret_5,dxy_ret_5_le_q30,le,0.3,h1_atr_rank_le_q30,"[[""h1_atr20_pct_rank_250"", ""le"", 0.3]]",400,REJECT_TOO_FEW_YEARS,10.162285786598956,179.55588000000006,16,2.0305612419855974,0.952434215360499,0.4612478351614195,15.86784,-0.9321599999999997,-12.132159999999992,0.75,0.9095700000000002,-20.292771000000002,2,3,STAGE31C_REJECT_NO_ROBUST_EDGE,15.861478944250667
stage31b_top_diagnostic,candidate_name,S23B_B_pb0.1_eff0.60_h180_tp0.6_sl0.65,dxy_chg_5,dxy_chg_5_le_q30,le,0.3,h1_atr_rank_le_q30,"[[""h1_atr20_pct_rank_250"", ""le"", 0.3]]",400,REJECT_TOO_FEW_YEARS,10.162285786598956,179.55588000000006,16,2.0305612419855974,0.952434215360499,0.4612478351614195,15.86784,-0.9321599999999997,-12.132159999999992,0.75,0.9095700000000002,-20.776400000000002,2,3,STAGE31C_REJECT_NO_ROBUST_EDGE,15.837297494250668
stage31b_top_diagnostic,family,london_oneway_continuation,dxy_chg_5,dxy_chg_5_le_q30,le,0.3,h1_atr_rank_le_q30,"[[""h1_atr20_pct_rank_250"", ""le"", 0.3]]",400,REJECT_TOO_FEW_YEARS,10.162285786598956,179.55588000000006,16,2.0305612419855974,0.952434215360499,0.4612478351614195,15.86784,-0.9321599999999997,-12.132159999999992,0.75,0.9095700000000002,-21.5252825,2,3,STAGE31C_REJECT_NO_ROBUST_EDGE,15.799853369250668
stage31b_top_diagnostic,family,high_range_asia_london_alignment_v1,real_yield_ret_1,real_yield_ret_1_le_q20,le,0.2,london_q40_prior_q30,"[[""london_range"", ""ge"", 0.4], [""prior_day_range"", ""ge"", 0.3]]",414,REJECT_TOO_FEW_EVENTS,inf,17.41079999999947,22,1.8440901836693608,0.7881517109396504,0.42893253426687716,16.845549999998916,-6.254450000001082,-21.65445000000109,0.5,0.14694999999992445,-28.912085000000854,3,4,STAGE31C_REJECT_NO_ROBUST_EDGE,15.726197996463863
stage31b_top_diagnostic,candidate_name,sess_comp_exp_follow_london_h9_q0.7_tp06_sl065,real_yield_value,real_yield_value_le_q30,le,0.3,london_q60_prior_q25,"[[""london_range"", ""ge"", 0.6], [""prior_day_range"", ""ge"", 0.25]]",415,REJECT_TOO_FEW_EVENTS,inf,2.898700000000281,2,2.3405945289114545,1.0590599367933307,0.6397055614553829,2.2616500000001905,0.1616500000001908,-1.2383499999998087,0.5,0.0808250000000954,,1,2,STAGE31C_REJECT_NO_ROBUST_EDGE,15.365586613754855
stage31b_top_diagnostic,candidate_name,liq_pdh_breakout_follow_h12_tp06_sl065,real_yield_chg_5,real_yield_chg_5_ge_q80,ge,0.8,london_q40_prior_q30,"[[""london_range"", ""ge"", 0.4], [""prior_day_range"", ""ge"", 0.3]]",285,REJECT_TOO_FEW_EVENTS,inf,7.407700000000295,23,1.8825087624494807,0.9407541013987806,0.575753664887685,22.0880250000002,-2.061974999999805,-18.161974999999806,0.5217391304347826,0.3946000000001732,-31.03774375000027,1,4,STAGE31C_REJECT_NO_ROBUST_EDGE,14.252470986038553
stage31b_top_diagnostic,candidate_name,vol_trans_follow_h1_low_to_high_h13_tp06_sl065,us10y_value,us10y_value_le_q30,le,0.3,h1_atr_q30_and_london_q60_prior_q25,"[[""h1_atr20_pct_rank_250"", ""le"", 0.3], [""london_range"", ""ge"", 0.6], [""prior_day_range"", ""ge"", 0.25]]",808,REJECT_TOO_FEW_EVENTS,inf,2.5165000000002693,2,2.1156755153494586,0.919857443114431,0.5287055228116977,1.8807500000003072,-0.2192499999996924,-1.6192499999996914,0.5,-0.1096249999998462,,1,2,STAGE31C_REJECT_NO_ROBUST_EDGE,13.491471522391132
stage31b_top_diagnostic,candidate_name,liq_pdh_breakout_follow_h12_tp06_sl065,real_yield_chg_5,real_yield_chg_5_ge_q80,ge,0.8,london_q60_prior_q25,"[[""london_range"", ""ge"", 0.6], [""prior_day_range"", ""ge"", 0.25]]",285,REJECT_TOO_FEW_EVENTS,inf,7.407700000000295,23,1.7212247852812033,0.8868754271554862,0.5483660868680216,19.949925000000533,-4.200074999999471,-20.300074999999474,0.5652173913043478,0.3946000000001732,-32.772197499999514,1,3,STAGE31C_REJECT_NO_ROBUST_EDGE,13.303601244027025
stage31b_top_diagnostic,candidate_name,liq_pdh_breakout_follow_h12_tp06_sl065,real_yield_chg_5,real_yield_chg_5_ge_q80,ge,0.8,h1_atr_q30_and_london_q60_prior_q25,"[[""h1_atr20_pct_rank_250"", ""le"", 0.3], [""london_range"", ""ge"", 0.6], [""prior_day_range"", ""ge"", 0.25]]",285,REJECT_TOO_FEW_EVENTS,inf,7.407700000000295,9,2.0185980246818573,0.8618387731169772,0.46395900433210424,7.936049999999886,-1.5139500000001145,-7.81395000000011,0.5555555555555556,0.1860999999999877,,1,2,STAGE31C_REJECT_NO_ROBUST_EDGE,13.222828748498179
stage31b_top_diagnostic,candidate_name,handoff_align_follow_h13_tp06_sl065,us10y_ret_5,us10y_ret_5_ge_q80,ge,0.8,macro_only,[],540,REJECT_TOO_FEW_EVENTS,inf,17.07889999999952,25,1.9091854399768744,0.6360551677409454,0.3289099675302158,16.044349999999667,-10.205650000000329,-27.705650000000325,0.44,-0.0977000000001679,-29.28205750000019,2,4,STAGE31C_REJECT_NO_ROBUST_EDGE,11.691523672530275
stage31b_top_diagnostic,candidate_name,handoff_align_follow_h13_tp06_sl065,us10y_ret_5,us10y_ret_5_ge_q80,ge,0.8,h1_atr_rank_le_q30,"[[""h1_atr20_pct_rank_250"", ""le"", 0.3]]",540,REJECT_TOO_FEW_EVENTS,inf,17.07889999999952,12,2.482260724123486,0.5372374965040109,0.20360004539779242,7.842975000000069,-4.75702499999993,-13.157024999999928,0.4166666666666667,-0.11255000000007825,-14.58221124999994,2,4,STAGE31C_REJECT_NO_ROBUST_EDGE,10.181962084131289
stage31b_top_diagnostic,candidate_name,handoff_divergence_fade_h13_tp06_sl065,vix_rank250,vix_rank250_le_q20,le,0.2,h1_atr_q30_and_london_q60_prior_q25,"[[""h1_atr20_pct_rank_250"", ""le"", 0.3], [""london_range"", ""ge"", 0.6], [""prior_day_range"", ""ge"", 0.25]]",522,REJECT_TOO_FEW_EVENTS,inf,5.936999999999717,2,inf,inf,1.3992359121298856,3.750800000000072,1.6508000000000722,0.25080000000007274,1.0,0.8254000000000361,,2,2,STAGE31C_REJECT_NO_ROBUST_EDGE,9.962023648519551
stage31b_top_diagnostic,candidate_name,liq_pdh_breakout_follow_h12_tp06_sl065,real_yield_chg_5,real_yield_chg_5_ge_q80,ge,0.8,macro_only,[],285,REJECT_TOO_FEW_EVENTS,inf,7.407700000000295,31,1.3648624055904182,0.6370189696970078,0.3773719233176251,13.583125000000473,-18.96687499999952,-40.66687499999953,0.4838709677419355,-0.016700000000037,-50.54582125000003,1,4,STAGE31C_REJECT_NO_ROBUST_EDGE,8.555698827740626
stage31b_top_diagnostic,candidate_name,S23B_B_pb0.1_eff0.60_h180_tp0.6_sl0.65,us10y_rank250,us10y_rank250_le_q20,le,0.2,h1_atr_rank_le_q30,"[[""h1_atr20_pct_rank_250"", ""le"", 0.3]]",400,REJECT_TOO_FEW_YEARS,inf,189.12636,12,inf,inf,inf,29.3246,16.7246,8.324600000000004,1.0,1.1495700000000002,14.054600000000002,2,2,STAGE31C_REJECT_NO_ROBUST_EDGE,7.57519
stage31b_top_diagnostic,family,london_oneway_continuation,us10y_rank250,us10y_rank250_le_q20,le,0.2,h1_atr_q30_and_london_q60_prior_q25,"[[""h1_atr20_pct_rank_250"", ""le"", 0.3], [""london_range"", ""ge"", 0.6], [""prior_day_range"", ""ge"", 0.25]]",400,REJECT_TOO_FEW_YEARS,inf,189.12636,12,inf,inf,inf,29.3246,16.7246,8.324600000000004,1.0,1.1495700000000002,13.746826000000002,2,2,STAGE31C_REJECT_NO_ROBUST_EDGE,7.5598013
stage31b_top_diagnostic,family,london_oneway_continuation,us10y_rank250,us10y_rank250_le_q20,le,0.2,h1_atr_rank_le_q30,"[[""h1_atr20_pct_rank_250"", ""le"", 0.3]]",400,REJECT_TOO_FEW_YEARS,inf,189.12636,12,inf,inf,inf,29.3246,16.7246,8.324600000000004,1.0,1.1495700000000002,13.623440000000002,2,2,STAGE31C_REJECT_NO_ROBUST_EDGE,7.553632
stage31b_top_diagnostic,candidate_name,S23B_B_pb0.1_eff0.60_h180_tp0.6_sl0.65,us10y_rank250,us10y_rank250_le_q20,le,0.2,h1_atr_q30_and_london_q60_prior_q25,"[[""h1_atr20_pct_rank_250"", ""le"", 0.3], [""london_range"", ""ge"", 0.6], [""prior_day_range"", ""ge"", 0.25]]",400,REJECT_TOO_FEW_YEARS,inf,189.12636,12,inf,inf,inf,29.3246,16.7246,8.324600000000004,1.0,1.1495700000000002,13.322160000000002,2,2,STAGE31C_REJECT_NO_ROBUST_EDGE,7.538568
stage31b_top_diagnostic,candidate_name,sess_comp_exp_follow_london_h9_q0.7_tp06_sl065,oil_z60,oil_z60_le_q20,le,0.2,h1_atr_rank_le_q30,"[[""h1_atr20_pct_rank_250"", ""le"", 0.3]]",415,REJECT_TOO_FEW_EVENTS,inf,2.907099999999992,9,1.0095056245070146,0.39893896476763735,0.20787160097720658,0.09732499999936373,-9.352675000000636,-15.652675000000634,0.3333333333333333,-2.164075000000048,,1,3,STAGE31C_REJECT_NO_ROBUST_EDGE,6.7856085515851365
stage31b_top_diagnostic,candidate_name,sess_comp_exp_follow_london_h9_q0.7_tp06_sl065,real_yield_value,real_yield_value_le_q30,le,0.3,london_q40_prior_q30,"[[""london_range"", ""ge"", 0.4], [""prior_day_range"", ""ge"", 0.3]]",415,REJECT_TOO_FEW_EVENTS,inf,2.898700000000281,4,0.845161462931792,0.3705770490755703,0.22159567632944152,-0.7234249999998164,-4.923424999999815,-7.723424999999814,0.25,-2.542537500000003,,1,2,STAGE31C_REJECT_NO_ROBUST_EDGE,6.499810696073488
stage31b_top_diagnostic,candidate_name,liq_pdh_breakout_follow_h12_tp06_sl065,real_yield_ret_1,real_yield_ret_1_le_q20,le,0.2,macro_only,[],285,REJECT_TOO_FEW_EVENTS,inf,5.567499999999745,6,0.7217223710806764,0.37587031981933783,0.2655859532721342,-2.9599000000003794,-9.259900000000382,-13.45990000000038,0.3333333333333333,-2.682612499999914,,1,2,STAGE31C_REJECT_NO_ROBUST_EDGE,6.495057011281877
stage31b_top_diagnostic,candidate_name,liq_pdh_breakout_follow_h12_tp06_sl065,real_yield_ret_1,real_yield_ret_1_le_q20,le,0.2,london_q60_prior_q25,"[[""london_range"", ""ge"", 0.6], [""prior_day_range"", ""ge"", 0.25]]",285,REJECT_TOO_FEW_EVENTS,inf,5.567499999999745,6,0.7217223710806764,0.37587031981933783,0.2655859532721342,-2.9599000000003794,-9.259900000000382,-13.45990000000038,0.3333333333333333,-2.682612499999914,,1,2,STAGE31C_REJECT_NO_ROBUST_EDGE,6.495057011281877
stage31b_top_diagnostic,candidate_name,liq_pdh_breakout_follow_h12_tp06_sl065,real_yield_ret_1,real_yield_ret_1_le_q20,le,0.2,london_q40_prior_q30,"[[""london_range"", ""ge"", 0.4], [""prior_day_range"", ""ge"", 0.3]]",285,REJECT_TOO_FEW_EVENTS,inf,5.567499999999745,6,0.7217223710806764,0.37587031981933783,0.2655859532721342,-2.9599000000003794,-9.259900000000382,-13.45990000000038,0.3333333333333333,-2.682612499999914,,1,2,STAGE31C_REJECT_NO_ROBUST_EDGE,6.495057011281877
stage31b_top_diagnostic,candidate_name,sess_comp_exp_follow_london_h9_q0.7_tp06_sl065,oil_rank250,oil_rank250_le_q20,le,0.2,macro_only,[],415,REJECT_TOO_FEW_EVENTS,inf,2.907099999999992,73,1.1638377009157541,0.673086507542388,0.45548261466329226,21.895725000001406,-54.75427499999859,-105.8542749999986,0.5342465753424658,0.18849999999984,-119.09313624999882,1,4,STAGE31C_REJECT_NO_ROBUST_EDGE,6.422711221577249
stage31b_top_diagnostic,candidate_name,sess_comp_exp_follow_london_h9_q0.7_tp06_sl065,oil_z60,oil_z60_le_q20,le,0.2,h1_atr_q30_and_london_q60_prior_q25,"[[""h1_atr20_pct_rank_250"", ""le"", 0.3], [""london_range"", ""ge"", 0.6], [""prior_day_range"", ""ge"", 0.25]]",415,REJECT_TOO_FEW_EVENTS,inf,2.907099999999992,5,1.1964031789330245,0.5043084397869528,0.26561055336742584,1.1843749999993625,-4.065625000000637,-7.565625000000636,0.4,-0.0716000000001257,,0,2,STAGE31C_REJECT_NO_ROBUST_EDGE,6.198964111339167
stage31b_top_diagnostic,candidate_name,liq_pdh_breakout_follow_h12_tp06_sl065,real_yield_chg_5,real_yield_chg_5_ge_q80,ge,0.8,h1_atr_rank_le_q30,"[[""h1_atr20_pct_rank_250"", ""le"", 0.3]]",285,REJECT_TOO_FEW_EVENTS,inf,7.407700000000295,12,1.429953769319022,0.5617191287535792,0.2983760317999398,5.096499999999924,-7.503500000000079,-15.903500000000077,0.5,0.07810000000004046,-21.690210000000068,0,2,STAGE31C_REJECT_NO_ROBUST_EDGE,6.17583491473554
stage31b_top_diagnostic,candidate_name,S23B_B_pb0.1_eff0.60_h180_tp0.6_sl0.65,us10y_chg_5,us10y_chg_5_le_q30,le,0.3,h1_atr_q30_and_london_q60_prior_q25,"[[""h1_atr20_pct_rank_250"", ""le"", 0.3], [""london_range"", ""ge"", 0.6], [""prior_day_range"", ""ge"", 0.25]]",400,REJECT_TOO_FEW_EVENTS,inf,127.10064,8,inf,inf,inf,21.73144,13.33144,7.731440000000003,1.0,1.66643,,2,2,STAGE31C_REJECT_NO_ROBUST_EDGE,6.133144
stage31b_top_diagnostic,family,london_oneway_continuation,us10y_chg_5,us10y_chg_5_le_q30,le,0.3,h1_atr_q30_and_london_q60_prior_q25,"[[""h1_atr20_pct_rank_250"", ""le"", 0.3], [""london_range"", ""ge"", 0.6], [""prior_day_range"", ""ge"", 0.25]]",400,REJECT_TOO_FEW_EVENTS,inf,127.10064,8,inf,inf,inf,21.73144,13.33144,7.731440000000003,1.0,1.66643,,2,2,STAGE31C_REJECT_NO_ROBUST_EDGE,6.133144
stage31b_top_diagnostic,candidate_name,S23B_B_pb0.1_eff0.60_h180_tp0.6_sl0.65,us10y_ret_5,us10y_ret_5_le_q30,le,0.3,h1_atr_q30_and_london_q60_prior_q25,"[[""h1_atr20_pct_rank_250"", ""le"", 0.3], [""london_range"", ""ge"", 0.6], [""prior_day_range"", ""ge"", 0.25]]",400,REJECT_TOO_FEW_EVENTS,inf,118.4652,8,inf,inf,inf,21.73144,13.33144,7.731440000000003,1.0,1.66643,,2,2,STAGE31C_REJECT_NO_ROBUST_EDGE,6.133144
stage31b_top_diagnostic,family,london_oneway_continuation,us10y_ret_5,us10y_ret_5_le_q30,le,0.3,h1_atr_q30_and_london_q60_prior_q25,"[[""h1_atr20_pct_rank_250"", ""le"", 0.3], [""london_range"", ""ge"", 0.6], [""prior_day_range"", ""ge"", 0.25]]",400,REJECT_TOO_FEW_EVENTS,inf,118.4652,8,inf,inf,inf,21.73144,13.33144,7.731440000000003,1.0,1.66643,,2,2,STAGE31C_REJECT_NO_ROBUST_EDGE,6.133144
stage31b_top_diagnostic,family,high_range_asia_london_alignment_v1,oil_z60,oil_z60_le_q30,le,0.3,h1_atr_q30_and_london_q60_prior_q25,"[[""h1_atr20_pct_rank_250"", ""le"", 0.3], [""london_range"", ""ge"", 0.6], [""prior_day_range"", ""ge"", 0.25]]",414,REJECT_TOO_FEW_EVENTS,inf,8.010299999999736,10,1.085939427414212,0.44209519539718717,0.17140117646164993,1.1669500000007256,-9.333049999999277,-16.333049999999275,0.7,0.4393000000000939,-24.14594499999937,1,2,STAGE31C_REJECT_NO_ROBUST_EDGE,5.9659544098185755
stage31b_top_diagnostic,candidate_name,handoff_divergence_fade_h13_tp06_sl065,vix_rank250,vix_rank250_le_q20,le,0.2,london_q60_prior_q25,"[[""london_range"", ""ge"", 0.6], [""prior_day_range"", ""ge"", 0.25]]",522,REJECT_TOO_FEW_EVENTS,inf,5.936999999999717,16,1.051396011010425,0.2915627398046711,0.12346543040347573,0.7594750000002017,-16.040524999999796,-27.240524999999792,0.4375,-0.2575999999999339,-29.249363749999148,2,4,STAGE31C_REJECT_NO_ROBUST_EDGE,5.9429684321606775
stage31b_top_diagnostic,family,high_range_asia_london_alignment_v1,oil_z60,oil_z60_le_q30,le,0.3,h1_atr_rank_le_q30,"[[""h1_atr20_pct_rank_250"", ""le"", 0.3]]",414,REJECT_TOO_FEW_EVENTS,inf,8.010299999999736,13,1.2426475191015682,0.4166392031931182,0.14796518311710607,3.2948500000004057,-10.355149999999597,-19.4551499999996,0.5384615384615384,0.4393000000000939,-26.244709999999323,1,3,STAGE31C_REJECT_NO_ROBUST_EDGE,5.710502264399681
stage31b_top_diagnostic,candidate_name,sess_comp_exp_follow_london_h9_q0.7_tp06_sl065,oil_rank250,oil_rank250_le_q20,le,0.2,h1_atr_rank_le_q30,"[[""h1_atr20_pct_rank_250"", ""le"", 0.3]]",415,REJECT_TOO_FEW_EVENTS,inf,2.907099999999992,14,1.1971724876852383,0.5556325736044981,0.29331432334998964,3.657525000000168,-11.042474999999833,-20.84247499999983,0.5714285714285714,0.7686999999999444,-28.747467499999015,0,2,STAGE31C_REJECT_NO_ROBUST_EDGE,5.587962154445007
stage31b_top_diagnostic,candidate_name,sess_comp_exp_follow_london_h9_q0.7_tp06_sl065,oil_rank250,oil_rank250_le_q20,le,0.2,london_q60_prior_q25,"[[""london_range"", ""ge"", 0.6], [""prior_day_range"", ""ge"", 0.25]]",415,REJECT_TOO_FEW_EVENTS,inf,2.907099999999992,64,1.1012385270588607,0.6638840781407095,0.4621872570742367,13.101050000001223,-54.09894999999879,-98.89894999999876,0.515625,0.19089999999991963,-119.50782249999897,1,4,STAGE31C_REJECT_NO_ROBUST_EDGE,5.502303684704214
stage31b_top_diagnostic,candidate_name,vol_trans_follow_h1_low_to_high_h13_tp06_sl065,us10y_value,us10y_value_le_q30,le,0.3,h1_atr_rank_le_q30,"[[""h1_atr20_pct_rank_250"", ""le"", 0.3]]",808,REJECT_TOO_FEW_EVENTS,inf,2.5165000000002693,11,2.032221164845199,0.32449357646766563,0.11572016932796171,5.369150000000354,-6.180849999999646,-13.880849999999642,0.2727272727272727,-0.1079000000001086,-14.032287499999995,1,2,STAGE31C_REJECT_NO_ROBUST_EDGE,5.488117066988538
stage31b_top_diagnostic,candidate_name,sess_comp_exp_follow_london_h9_q0.7_tp06_sl065,vix_rank250,vix_rank250_le_q20,le,0.2,london_q60_prior_q25,"[[""london_range"", ""ge"", 0.6], [""prior_day_range"", ""ge"", 0.25]]",415,REJECT_TOO_FEW_EVENTS,inf,3.337299999999777,15,1.1837341974351432,0.3867605950341442,0.20726091236954658,2.516125000000784,-13.233874999999218,-23.733874999999216,0.26666666666666666,-0.3523999999998977,-30.669504999998903,1,4,STAGE31C_REJECT_NO_ROBUST_EDGE,5.3397868498197605
stage31b_top_diagnostic,candidate_name,S23B_B_pb0.1_eff0.60_h180_tp0.6_sl0.65,real_yield_chg_1,real_yield_chg_1_le_q20,le,0.2,h1_atr_q30_and_london_q60_prior_q25,"[[""h1_atr20_pct_rank_250"", ""le"", 0.3], [""london_range"", ""ge"", 0.6], [""prior_day_range"", ""ge"", 0.25]]",400,REJECT_TOO_FEW_EVENTS,inf,98.66116,8,inf,inf,0.0,13.30744,4.907440000000001,-0.6925599999999963,1.0,0.6134300000000001,,2,2,STAGE31C_REJECT_NO_ROBUST_EDGE,5.290744
stage31b_top_diagnostic,family,london_oneway_continuation,real_yield_chg_1,real_yield_chg_1_le_q20,le,0.2,h1_atr_q30_and_london_q60_prior_q25,"[[""h1_atr20_pct_rank_250"", ""le"", 0.3], [""london_range"", ""ge"", 0.6], [""prior_day_range"", ""ge"", 0.25]]",400,REJECT_TOO_FEW_EVENTS,inf,98.66116,8,inf,inf,0.0,13.30744,4.907440000000001,-0.6925599999999963,1.0,0.6134300000000001,,2,2,STAGE31C_REJECT_NO_ROBUST_EDGE,5.290744
stage31b_top_diagnostic,candidate_name,sess_comp_exp_follow_london_h9_q0.7_tp06_sl065,oil_z60,oil_z60_le_q20,le,0.2,london_q60_prior_q25,"[[""london_range"", ""ge"", 0.6], [""prior_day_range"", ""ge"", 0.25]]",415,REJECT_TOO_FEW_EVENTS,inf,2.907099999999992,45,1.0493881587161633,0.6070641636474268,0.41457334604155716,4.321474999999964,-42.92852500000003,-74.42852500000001,0.4666666666666667,-0.0716000000001257,-93.16605125000041,1,4,STAGE31C_REJECT_NO_ROBUST_EDGE,5.277779958140472
stage31b_top_diagnostic,family,high_range_asia_london_alignment_v1,spx_rank250,spx_rank250_le_q20,le,0.2,macro_only,[],414,REJECT_TOO_FEW_EVENTS,inf,17.41079999999947,33,1.000907582521,0.5812604017327234,0.385535469924663,0.06067499999899795,-34.58932500000102,-57.689325000001,0.5454545454545454,0.4393000000000939,-78.7306275000015,1,2,STAGE31C_REJECT_NO_ROBUST_EDGE,5.259282022025709
stage31b_top_diagnostic,candidate_name,sess_comp_exp_follow_london_h9_q0.7_tp06_sl065,real_yield_value,real_yield_value_le_q30,le,0.3,macro_only,[],415,REJECT_TOO_FEW_EVENTS,inf,2.898700000000281,7,0.83021758420112,0.2549865632188717,0.14123156079279606,-1.119349999999669,-8.469349999999666,-13.369349999999665,0.14285714285714285,-2.521900000000096,,1,2,STAGE31C_REJECT_NO_ROBUST_EDGE,4.967856875359935
stage31b_top_diagnostic,candidate_name,handoff_align_follow_h13_tp06_sl065,us10y_ret_5,us10y_ret_5_ge_q80,ge,0.8,h1_atr_q30_and_london_q60_prior_q25,"[[""h1_atr20_pct_rank_250"", ""le"", 0.3], [""london_range"", ""ge"", 0.6], [""prior_day_range"", ""ge"", 0.25]]",540,REJECT_TOO_FEW_EVENTS,inf,17.07889999999952,3,inf,inf,inf,8.61359999999986,5.463599999999861,3.3635999999998614,1.0,1.7145999999998822,,2,2,STAGE31C_REJECT_NO_ROBUST_EDGE,4.8463599999999865
stage31b_top_diagnostic,candidate_name,S23B_B_pb0.1_eff0.60_h180_tp0.6_sl0.65,real_yield_chg_5,real_yield_chg_5_le_q30,le,0.3,h1_atr_q30_and_london_q60_prior_q25,"[[""h1_atr20_pct_rank_250"", ""le"", 0.3], [""london_range"", ""ge"", 0.6], [""prior_day_range"", ""ge"", 0.25]]",400,REJECT_TOO_FEW_YEARS,inf,163.80176,8,inf,inf,inf,28.521720000000002,20.12172,14.521720000000002,1.0,2.515215,,1,1,STAGE31C_REJECT_NO_ROBUST_EDGE,4.812172
stage31b_top_diagnostic,family,london_oneway_continuation,real_yield_chg_5,real_yield_chg_5_le_q30,le,0.3,h1_atr_q30_and_london_q60_prior_q25,"[[""h1_atr20_pct_rank_250"", ""le"", 0.3], [""london_range"", ""ge"", 0.6], [""prior_day_range"", ""ge"", 0.25]]",400,REJECT_TOO_FEW_YEARS,inf,163.80176,8,inf,inf,inf,28.521720000000002,20.12172,14.521720000000002,1.0,2.515215,,1,1,STAGE31C_REJECT_NO_ROBUST_EDGE,4.812172
stage31b_top_diagnostic,candidate_name,sess_comp_exp_follow_london_h9_q0.7_tp06_sl065,oil_rank250,oil_rank250_le_q20,le,0.2,london_q40_prior_q30,"[[""london_range"", ""ge"", 0.4], [""prior_day_range"", ""ge"", 0.3]]",415,REJECT_TOO_FEW_EVENTS,inf,2.907099999999992,67,1.076118031820283,0.6402773894345009,0.44250706677883705,10.172625000000892,-60.17737499999912,-107.0773749999991,0.5074626865671642,0.1090000000000146,-121.30882624999987,1,4,STAGE31C_REJECT_NO_ROBUST_EDGE,4.789623348960451
stage31b_top_diagnostic,candidate_name,S23B_B_pb0.1_eff0.60_h180_tp0.6_sl0.65,real_yield_ret_5,real_yield_ret_5_le_q30,le,0.3,h1_atr_rank_le_q30,"[[""h1_atr20_pct_rank_250"", ""le"", 0.3]]",400,REJECT_TOO_FEW_EVENTS,inf,80.22692,8,inf,inf,inf,25.7686,17.3686,11.768600000000003,1.0,2.171075,,1,1,STAGE31C_REJECT_NO_ROBUST_EDGE,4.53686
stage31b_top_diagnostic,family,london_oneway_continuation,real_yield_ret_5,real_yield_ret_5_le_q30,le,0.3,h1_atr_rank_le_q30,"[[""h1_atr20_pct_rank_250"", ""le"", 0.3]]",400,REJECT_TOO_FEW_EVENTS,inf,80.22692,8,inf,inf,inf,25.7686,17.3686,11.768600000000003,1.0,2.171075,,1,1,STAGE31C_REJECT_NO_ROBUST_EDGE,4.53686
stage31b_top_diagnostic,candidate_name,S23B_B_pb0.1_eff0.60_h180_tp0.6_sl0.65,oil_ret_5,oil_ret_5_le_q30,le,0.3,h1_atr_rank_le_q30,"[[""h1_atr20_pct_rank_250"", ""le"", 0.3]]",400,REJECT_TOO_FEW_EVENTS,inf,110.63548,8,inf,inf,inf,24.98688,16.58688,10.986880000000003,1.0,2.07336,,1,1,STAGE31C_REJECT_NO_ROBUST_EDGE,4.458688
stage31b_top_diagnostic,family,london_oneway_continuation,oil_ret_5,oil_ret_5_le_q30,le,0.3,h1_atr_rank_le_q30,"[[""h1_atr20_pct_rank_250"", ""le"", 0.3]]",400,REJECT_TOO_FEW_EVENTS,inf,110.63548,8,inf,inf,inf,24.98688,16.58688,10.986880000000003,1.0,2.07336,,1,1,STAGE31C_REJECT_NO_ROBUST_EDGE,4.458688
stage31b_top_diagnostic,candidate_name,sess_comp_exp_fade_london_h9_q0.7_tp06_sl065,us10y_chg_5,us10y_chg_5_le_q20,le,0.2,london_q60_prior_q25,"[[""london_range"", ""ge"", 0.6], [""prior_day_range"", ""ge"", 0.25]]",415,REJECT_TOO_FEW_EVENTS,inf,24.221500000000013,32,0.9281905572466272,0.495987631030419,0.33443512091501415,-3.96977500000021,-37.56977500000021,-59.9697750000002,0.34375,-2.5735749999999142,-71.56746750000038,1,4,STAGE31C_REJECT_NO_ROBUST_EDGE,4.1622659189642075
stage31b_top_diagnostic,candidate_name,sess_comp_exp_follow_london_h9_q0.7_tp06_sl065,oil_rank250,oil_rank250_le_q20,le,0.2,h1_atr_q30_and_london_q60_prior_q25,"[[""h1_atr20_pct_rank_250"", ""le"", 0.3], [""london_range"", ""ge"", 0.6], [""prior_day_range"", ""ge"", 0.25]]",415,REJECT_TOO_FEW_EVENTS,inf,2.907099999999992,12,0.9584700705530472,0.46195403397401813,0.2505862761887981,-0.770374999999786,-13.370374999999786,-21.770374999999788,0.5,-0.6783999999999195,-33.87386750000144,0,2,STAGE31C_REJECT_NO_ROBUST_EDGE,3.7911545694953226
stage31b_top_diagnostic,candidate_name,sess_comp_exp_fade_london_h9_q0.7_tp06_sl065,us10y_ret_5,us10y_ret_5_le_q20,le,0.2,london_q60_prior_q25,"[[""london_range"", ""ge"", 0.6], [""prior_day_range"", ""ge"", 0.25]]",415,REJECT_TOO_FEW_EVENTS,inf,24.221500000000013,30,0.8899448871989676,0.49367516209091616,0.339658721537233,-6.084075000000222,-37.5840750000002,-58.584075000000176,0.3333333333333333,-2.783199999999988,-75.97020625000226,1,4,STAGE31C_REJECT_NO_ROBUST_EDGE,3.738468694557961
stage31b_top_diagnostic,candidate_name,sess_comp_exp_fade_london_h9_q0.7_tp06_sl065,us10y_chg_5,us10y_chg_5_le_q20,le,0.2,london_q40_prior_q30,"[[""london_range"", ""ge"", 0.4], [""prior_day_range"", ""ge"", 0.3]]",415,REJECT_TOO_FEW_EVENTS,inf,24.221500000000013,41,0.9865043675385319,0.4746170690129071,0.29746567389144246,-0.8215499999999789,-43.87154999999998,-72.57154999999997,0.36585365853658536,-0.5524999999999181,-81.13562125000067,1,4,STAGE31C_REJECT_NO_ROBUST_EDGE,3.5920973231948095
stage31b_top_diagnostic,candidate_name,sess_comp_exp_follow_london_h9_q0.7_tp06_sl065,oil_z60,oil_z60_le_q30,le,0.3,london_q60_prior_q25,"[[""london_range"", ""ge"", 0.6], [""prior_day_range"", ""ge"", 0.25]]",415,REJECT_TOO_FEW_EVENTS,inf,2.907099999999992,68,1.053253031444253,0.591491501235206,0.39256338168304294,6.6654250000003294,-64.7345749999997,-112.33457499999963,0.4852941176470588,-0.0585500000001046,-124.69862375000008,1,4,STAGE31C_REJECT_NO_ROBUST_EDGE,3.5767798515842575
stage31b_top_diagnostic,candidate_name,sess_comp_exp_fade_london_h9_q0.7_tp06_sl065,us10y_ret_5,us10y_ret_5_le_q20,le,0.2,london_q40_prior_q30,"[[""london_range"", ""ge"", 0.4], [""prior_day_range"", ""ge"", 0.3]]",415,REJECT_TOO_FEW_EVENTS,inf,24.221500000000013,39,0.951772682658388,0.4724735325317744,0.3015102446720997,-2.9358499999999914,-43.88584999999998,-71.18584999999993,0.358974358974359,-2.4198499999999057,-81.52787625000087,1,4,STAGE31C_REJECT_NO_ROBUST_EDGE,3.365797491506101
stage31b_top_diagnostic,candidate_name,sess_comp_exp_follow_london_h9_q0.7_tp06_sl065,oil_z60,oil_z60_le_q20,le,0.2,london_q40_prior_q30,"[[""london_range"", ""ge"", 0.4], [""prior_day_range"", ""ge"", 0.3]]",415,REJECT_TOO_FEW_EVENTS,inf,2.907099999999992,51,1.0010346322784833,0.5596037764414252,0.37354603185032037,0.09872499999996709,-53.451275000000024,-89.15127500000001,0.45098039215686275,-0.1747999999999137,-110.03434000000074,1,4,STAGE31C_REJECT_NO_ROBUST_EDGE,3.343377391815494
stage31b_top_diagnostic,candidate_name,S23B_B_pb0.1_eff0.60_h180_tp0.6_sl0.65,oil_ret_5,oil_ret_5_le_q30,le,0.3,h1_atr_q30_and_london_q60_prior_q25,"[[""h1_atr20_pct_rank_250"", ""le"", 0.3], [""london_range"", ""ge"", 0.6], [""prior_day_range"", ""ge"", 0.25]]",400,REJECT_TOO_FEW_EVENTS,inf,110.63548,4,inf,inf,inf,12.93316,8.73316,5.933160000000001,1.0,2.18329,,1,1,STAGE31C_REJECT_NO_ROBUST_EDGE,3.273316
stage31b_top_diagnostic,family,london_oneway_continuation,oil_ret_5,oil_ret_5_le_q30,le,0.3,h1_atr_q30_and_london_q60_prior_q25,"[[""h1_atr20_pct_rank_250"", ""le"", 0.3], [""london_range"", ""ge"", 0.6], [""prior_day_range"", ""ge"", 0.25]]",400,REJECT_TOO_FEW_EVENTS,inf,110.63548,4,inf,inf,inf,12.93316,8.73316,5.933160000000001,1.0,2.18329,,1,1,STAGE31C_REJECT_NO_ROBUST_EDGE,3.273316
stage31b_top_diagnostic,candidate_name,S23B_B_pb0.1_eff0.60_h180_tp0.6_sl0.65,oil_chg_5,oil_chg_5_le_q30,le,0.3,h1_atr_rank_le_q30,"[[""h1_atr20_pct_rank_250"", ""le"", 0.3]]",400,REJECT_TOO_FEW_EVENTS,inf,84.94232,4,inf,inf,inf,12.93316,8.73316,5.933160000000001,1.0,2.18329,,1,1,STAGE31C_REJECT_NO_ROBUST_EDGE,3.273316
stage31b_top_diagnostic,candidate_name,S23B_B_pb0.1_eff0.60_h180_tp0.6_sl0.65,oil_chg_5,oil_chg_5_le_q30,le,0.3,h1_atr_q30_and_london_q60_prior_q25,"[[""h1_atr20_pct_rank_250"", ""le"", 0.3], [""london_range"", ""ge"", 0.6], [""prior_day_range"", ""ge"", 0.25]]",400,REJECT_TOO_FEW_EVENTS,inf,84.94232,4,inf,inf,inf,12.93316,8.73316,5.933160000000001,1.0,2.18329,,1,1,STAGE31C_REJECT_NO_ROBUST_EDGE,3.273316
stage31b_top_diagnostic,family,london_oneway_continuation,oil_ret_5,oil_ret_5_le_q20,le,0.2,h1_atr_rank_le_q30,"[[""h1_atr20_pct_rank_250"", ""le"", 0.3]]",400,REJECT_TOO_FEW_EVENTS,inf,84.94232,4,inf,inf,inf,12.93316,8.73316,5.933160000000001,1.0,2.18329,,1,1,STAGE31C_REJECT_NO_ROBUST_EDGE,3.273316
stage31b_top_diagnostic,family,london_oneway_continuation,oil_ret_5,oil_ret_5_le_q20,le,0.2,h1_atr_q30_and_london_q60_prior_q25,"[[""h1_atr20_pct_rank_250"", ""le"", 0.3], [""london_range"", ""ge"", 0.6], [""prior_day_range"", ""ge"", 0.25]]",400,REJECT_TOO_FEW_EVENTS,inf,84.94232,4,inf,inf,inf,12.93316,8.73316,5.933160000000001,1.0,2.18329,,1,1,STAGE31C_REJECT_NO_ROBUST_EDGE,3.273316
stage31b_top_diagnostic,candidate_name,S23B_B_pb0.1_eff0.60_h180_tp0.6_sl0.65,oil_ret_5,oil_ret_5_le_q20,le,0.2,h1_atr_rank_le_q30,"[[""h1_atr20_pct_rank_250"", ""le"", 0.3]]",400,REJECT_TOO_FEW_EVENTS,inf,84.94232,4,inf,inf,inf,12.93316,8.73316,5.933160000000001,1.0,2.18329,,1,1,STAGE31C_REJECT_NO_ROBUST_EDGE,3.273316
stage31b_top_diagnostic,candidate_name,S23B_B_pb0.1_eff0.60_h180_tp0.6_sl0.65,oil_ret_5,oil_ret_5_le_q20,le,0.2,h1_atr_q30_and_london_q60_prior_q25,"[[""h1_atr20_pct_rank_250"", ""le"", 0.3], [""london_range"", ""ge"", 0.6], [""prior_day_range"", ""ge"", 0.25]]",400,REJECT_TOO_FEW_EVENTS,inf,84.94232,4,inf,inf,inf,12.93316,8.73316,5.933160000000001,1.0,2.18329,,1,1,STAGE31C_REJECT_NO_ROBUST_EDGE,3.273316
stage31b_top_diagnostic,family,london_oneway_continuation,oil_chg_5,oil_chg_5_le_q30,le,0.3,h1_atr_rank_le_q30,"[[""h1_atr20_pct_rank_250"", ""le"", 0.3]]",400,REJECT_TOO_FEW_EVENTS,inf,84.94232,4,inf,inf,inf,12.93316,8.73316,5.933160000000001,1.0,2.18329,,1,1,STAGE31C_REJECT_NO_ROBUST_EDGE,3.273316
stage31b_top_diagnostic,family,london_oneway_continuation,oil_chg_5,oil_chg_5_le_q30,le,0.3,h1_atr_q30_and_london_q60_prior_q25,"[[""h1_atr20_pct_rank_250"", ""le"", 0.3], [""london_range"", ""ge"", 0.6], [""prior_day_range"", ""ge"", 0.25]]",400,REJECT_TOO_FEW_EVENTS,inf,84.94232,4,inf,inf,inf,12.93316,8.73316,5.933160000000001,1.0,2.18329,,1,1,STAGE31C_REJECT_NO_ROBUST_EDGE,3.273316
stage31b_top_diagnostic,candidate_name,S23B_B_pb0.1_eff0.60_h180_tp0.6_sl0.65,real_yield_ret_5,real_yield_ret_5_le_q30,le,0.3,h1_atr_q30_and_london_q60_prior_q25,"[[""h1_atr20_pct_rank_250"", ""le"", 0.3], [""london_range"", ""ge"", 0.6], [""prior_day_range"", ""ge"", 0.25]]",400,REJECT_TOO_FEW_EVENTS,inf,80.22692,4,inf,inf,inf,12.93316,8.73316,5.933160000000001,1.0,2.18329,,1,1,STAGE31C_REJECT_NO_ROBUST_EDGE,3.273316
stage31b_top_diagnostic,family,london_oneway_continuation,real_yield_ret_5,real_yield_ret_5_le_q30,le,0.3,h1_atr_q30_and_london_q60_prior_q25,"[[""h1_atr20_pct_rank_250"", ""le"", 0.3], [""london_range"", ""ge"", 0.6], [""prior_day_range"", ""ge"", 0.25]]",400,REJECT_TOO_FEW_EVENTS,inf,80.22692,4,inf,inf,inf,12.93316,8.73316,5.933160000000001,1.0,2.18329,,1,1,STAGE31C_REJECT_NO_ROBUST_EDGE,3.273316
stage31b_top_diagnostic,candidate_name,S23B_B_pb0.1_eff0.60_h180_tp0.6_sl0.65,real_yield_ret_1,real_yield_ret_1_le_q20,le,0.2,h1_atr_rank_le_q30,"[[""h1_atr20_pct_rank_250"", ""le"", 0.3]]",400,REJECT_TOO_FEW_EVENTS,inf,80.82172,4,inf,inf,inf,12.83544,8.63544,5.835440000000002,1.0,2.15886,,1,1,STAGE31C_REJECT_NO_ROBUST_EDGE,3.263544
stage31b_top_diagnostic,family,london_oneway_continuation,real_yield_ret_1,real_yield_ret_1_le_q20,le,0.2,h1_atr_rank_le_q30,"[[""h1_atr20_pct_rank_250"", ""le"", 0.3]]",400,REJECT_TOO_FEW_EVENTS,inf,80.82172,4,inf,inf,inf,12.83544,8.63544,5.835440000000002,1.0,2.15886,,1,1,STAGE31C_REJECT_NO_ROBUST_EDGE,3.263544
stage31b_top_diagnostic,candidate_name,S23B_B_pb0.1_eff0.60_h180_tp0.6_sl0.65,oil_rank250,oil_rank250_le_q30,le,0.3,h1_atr_rank_le_q30,"[[""h1_atr20_pct_rank_250"", ""le"", 0.3]]",400,REJECT_TOO_FEW_YEARS,10.964207277744666,195.27136,8,0.49314943938150113,0.17314443637076163,0.026483573005293536,-7.80412,-16.204120000000003,-21.804119999999998,0.5,-2.0255150000000004,,1,2,STAGE31C_REJECT_NO_ROBUST_EDGE,3.01696665572879
stage31b_top_diagnostic,family,london_oneway_continuation,oil_rank250,oil_rank250_le_q30,le,0.3,h1_atr_rank_le_q30,"[[""h1_atr20_pct_rank_250"", ""le"", 0.3]]",400,REJECT_TOO_FEW_YEARS,10.964207277744666,195.27136,8,0.49314943938150113,0.17314443637076163,0.026483573005293536,-7.80412,-16.204120000000003,-21.804119999999998,0.5,-2.0255150000000004,,1,2,STAGE31C_REJECT_NO_ROBUST_EDGE,3.01696665572879
stage31b_top_diagnostic,candidate_name,handoff_divergence_fade_h13_tp06_sl065,vix_rank250,vix_rank250_le_q20,le,0.2,h1_atr_rank_le_q30,"[[""h1_atr20_pct_rank_250"", ""le"", 0.3]]",522,REJECT_TOO_FEW_EVENTS,inf,5.936999999999717,10,1.0841573779657365,0.1414676367500579,0.049113553441036906,0.48170000000027313,-10.018299999999726,-17.018299999999726,0.2,-0.5020999999999503,-16.39523750000014,1,3,STAGE31C_REJECT_NO_ROBUST_EDGE,2.789538706264747
stage31b_top_diagnostic,candidate_name,S23B_B_pb0.1_eff0.60_h180_tp0.6_sl0.65,oil_rank250,oil_rank250_le_q30,le,0.3,h1_atr_q30_and_london_q60_prior_q25,"[[""h1_atr20_pct_rank_250"", ""le"", 0.3], [""london_range"", ""ge"", 0.6], [""prior_day_range"", ""ge"", 0.25]]",400,REJECT_TOO_FEW_YEARS,10.964207277744666,195.27136,4,inf,inf,inf,7.59316,3.39316,0.5931600000000008,1.0,0.84829,,1,1,STAGE31C_REJECT_NO_ROBUST_EDGE,2.739316
stage31b_top_diagnostic,family,london_oneway_continuation,oil_rank250,oil_rank250_le_q30,le,0.3,h1_atr_q30_and_london_q60_prior_q25,"[[""h1_atr20_pct_rank_250"", ""le"", 0.3], [""london_range"", ""ge"", 0.6], [""prior_day_range"", ""ge"", 0.25]]",400,REJECT_TOO_FEW_YEARS,10.964207277744666,195.27136,4,inf,inf,inf,7.59316,3.39316,0.5931600000000008,1.0,0.84829,,1,1,STAGE31C_REJECT_NO_ROBUST_EDGE,2.739316
stage31b_top_diagnostic,family,high_range_asia_london_alignment_v1,oil_rank250,oil_rank250_le_q30,le,0.3,h1_atr_q30_and_london_q60_prior_q25,"[[""h1_atr20_pct_rank_250"", ""le"", 0.3], [""london_range"", ""ge"", 0.6], [""prior_day_range"", ""ge"", 0.25]]",414,REJECT_TOO_FEW_EVENTS,inf,8.010299999999736,11,0.9378575630853919,0.3712188327415011,0.14312675143452033,-0.9770499999991431,-12.527049999999146,-20.227049999999146,0.6363636363636364,0.4393000000000939,-28.198242499999264,0,2,STAGE31C_REJECT_NO_ROBUST_EDGE,2.7220782081532144
stage31b_top_diagnostic,family,london_oneway_continuation,real_yield_ret_1,real_yield_ret_1_le_q30,le,0.3,h1_atr_q30_and_london_q60_prior_q25,"[[""h1_atr20_pct_rank_250"", ""le"", 0.3], [""london_range"", ""ge"", 0.6], [""prior_day_range"", ""ge"", 0.25]]",400,REJECT_TOO_FEW_EVENTS,inf,98.66116,4,inf,inf,0.0,6.42916,2.2291600000000003,-0.5708399999999983,1.0,0.5572900000000001,,1,1,STAGE31C_REJECT_NO_ROBUST_EDGE,2.622916
stage31b_top_diagnostic,candidate_name,S23B_B_pb0.1_eff0.60_h180_tp0.6_sl0.65,real_yield_ret_1,real_yield_ret_1_le_q30,le,0.3,h1_atr_q30_and_london_q60_prior_q25,"[[""h1_atr20_pct_rank_250"", ""le"", 0.3], [""london_range"", ""ge"", 0.6], [""prior_day_range"", ""ge"", 0.25]]",400,REJECT_TOO_FEW_EVENTS,inf,98.66116,4,inf,inf,0.0,6.42916,2.2291600000000003,-0.5708399999999983,1.0,0.5572900000000001,,1,1,STAGE31C_REJECT_NO_ROBUST_EDGE,2.622916
stage31b_top_diagnostic,candidate_name,S23B_B_pb0.1_eff0.60_h180_tp0.6_sl0.65,spx_z60,spx_z60_ge_q70,ge,0.7,h1_atr_q30_and_london_q60_prior_q25,"[[""h1_atr20_pct_rank_250"", ""le"", 0.3], [""london_range"", ""ge"", 0.6], [""prior_day_range"", ""ge"", 0.25]]",400,REJECT_TOO_FEW_EVENTS,inf,66.29088,4,inf,inf,0.0,6.42916,2.2291600000000003,-0.5708399999999983,1.0,0.5572900000000001,,1,1,STAGE31C_REJECT_NO_ROBUST_EDGE,2.622916
stage31b_top_diagnostic,family,london_oneway_continuation,spx_z60,spx_z60_ge_q70,ge,0.7,h1_atr_q30_and_london_q60_prior_q25,"[[""h1_atr20_pct_rank_250"", ""le"", 0.3], [""london_range"", ""ge"", 0.6], [""prior_day_range"", ""ge"", 0.25]]",400,REJECT_TOO_FEW_EVENTS,inf,66.29088,4,inf,inf,0.0,6.42916,2.2291600000000003,-0.5708399999999983,1.0,0.5572900000000001,,1,1,STAGE31C_REJECT_NO_ROBUST_EDGE,2.622916
stage31b_top_diagnostic,candidate_name,sess_comp_exp_follow_london_h9_q0.7_tp06_sl065,oil_z60,oil_z60_le_q30,le,0.3,london_q40_prior_q30,"[[""london_range"", ""ge"", 0.4], [""prior_day_range"", ""ge"", 0.3]]",415,REJECT_TOO_FEW_EVENTS,inf,2.907099999999992,75,1.028171964114001,0.5603343654140087,0.36424795136300275,3.74927500000013,-75.0007249999999,-127.50072499999985,0.48,-0.0716000000001257,-132.92139249999985,1,4,STAGE31C_REJECT_NO_ROBUST_EDGE,2.414193334592115
stage31b_top_diagnostic,family,high_range_asia_london_alignment_v1,oil_rank250,oil_rank250_le_q20,le,0.2,h1_atr_q30_and_london_q60_prior_q25,"[[""h1_atr20_pct_rank_250"", ""le"", 0.3], [""london_range"", ""ge"", 0.6], [""prior_day_range"", ""ge"", 0.25]]",414,REJECT_TOO_FEW_EVENTS,inf,8.010299999999736,7,0.4504906563564766,0.11459911828441986,0.0,-7.461649999999462,-14.811649999999464,-19.71164999999946,0.5714285714285714,0.4393000000000939,,1,2,STAGE31C_REJECT_NO_ROBUST_EDGE,2.3648261828442525
stage31b_top_diagnostic,candidate_name,sess_comp_exp_follow_london_h9_q0.7_tp06_sl065,oil_z60,oil_z60_le_q20,le,0.2,macro_only,[],415,REJECT_TOO_FEW_EVENTS,inf,2.907099999999992,64,1.0057788012724274,0.5143681267445523,0.32864467294865163,0.6040750000005115,-66.59592499999948,-111.39592499999947,0.421875,-0.32944999999997426,-119.79612124999953,1,4,STAGE31C_REJECT_NO_ROBUST_EDGE,2.2088613967402058
stage31b_top_diagnostic,candidate_name,handoff_divergence_fade_h13_tp06_sl065,vix_rank250,vix_rank250_le_q20,le,0.2,london_q40_prior_q30,"[[""london_range"", ""ge"", 0.4], [""prior_day_range"", ""ge"", 0.3]]",522,REJECT_TOO_FEW_EVENTS,inf,5.936999999999717,26,0.6714749966839106,0.15438784921255427,0.06586751308509112,-8.916299999999959,-36.21629999999995,-54.41629999999995,0.3076923076923077,-2.5810500000000274,-52.12281000000145,2,4,STAGE31C_REJECT_NO_ROBUST_EDGE,2.1795780444658406
stage31b_top_diagnostic,candidate_name,vol_trans_follow_h1_high_cooling_h12_tp06_sl065,us10y_value,us10y_value_le_q30,le,0.3,macro_only,[],566,REJECT_TOO_FEW_EVENTS,inf,0.0520000000002256,1,inf,inf,0.0,1.1020000000002257,0.0520000000002256,-0.6479999999997741,1.0,0.0520000000002256,,1,1,STAGE31C_REJECT_NO_ROBUST_EDGE,2.1052000000000226
stage31b_top_diagnostic,candidate_name,liq_pdh_breakout_follow_h12_tp06_sl065,real_yield_ret_1,real_yield_ret_1_le_q20,le,0.2,h1_atr_rank_le_q30,"[[""h1_atr20_pct_rank_250"", ""le"", 0.3]]",285,REJECT_TOO_FEW_EVENTS,inf,5.567499999999745,1,inf,inf,0.0,1.059099999999853,0.0090999999998531,-0.6909000000001466,1.0,0.0090999999998531,,1,1,STAGE31C_REJECT_NO_ROBUST_EDGE,2.100909999999985
stage31b_top_diagnostic,candidate_name,liq_pdh_breakout_follow_h12_tp06_sl065,real_yield_ret_1,real_yield_ret_1_le_q20,le,0.2,h1_atr_q30_and_london_q60_prior_q25,"[[""h1_atr20_pct_rank_250"", ""le"", 0.3], [""london_range"", ""ge"", 0.6], [""prior_day_range"", ""ge"", 0.25]]",285,REJECT_TOO_FEW_EVENTS,inf,5.567499999999745,1,inf,inf,0.0,1.059099999999853,0.0090999999998531,-0.6909000000001466,1.0,0.0090999999998531,,1,1,STAGE31C_REJECT_NO_ROBUST_EDGE,2.100909999999985
stage31b_top_diagnostic,family,high_range_asia_london_alignment_v1,real_yield_ret_5,real_yield_ret_5_ge_q80,ge,0.8,london_q60_prior_q25,"[[""london_range"", ""ge"", 0.6], [""prior_day_range"", ""ge"", 0.25]]",414,REJECT_TOO_FEW_EVENTS,inf,18.542100000001295,12,0.5322081740881315,0.3693007234307913,0.29096594460941533,-19.066574999998195,-31.66657499999819,-40.066574999998195,0.25,-4.073774999999978,-60.04529624999813,1,3,STAGE31C_REJECT_NO_ROBUST_EDGE,1.8879487002458484
stage31b_top_diagnostic,family,high_range_asia_london_alignment_v1,real_yield_ret_5,real_yield_ret_5_ge_q80,ge,0.8,macro_only,[],414,REJECT_TOO_FEW_EVENTS,inf,18.542100000001295,12,0.5322081740881315,0.3693007234307913,0.29096594460941533,-19.066574999998195,-31.66657499999819,-40.066574999998195,0.25,-4.073774999999978,-61.22352499999833,1,3,STAGE31C_REJECT_NO_ROBUST_EDGE,1.8290372627458387
stage31b_top_diagnostic,family,high_range_asia_london_alignment_v1,real_yield_ret_5,real_yield_ret_5_ge_q80,ge,0.8,london_q40_prior_q30,"[[""london_range"", ""ge"", 0.4], [""prior_day_range"", ""ge"", 0.3]]",414,REJECT_TOO_FEW_EVENTS,inf,18.542100000001295,12,0.5322081740881315,0.3693007234307913,0.29096594460941533,-19.066574999998195,-31.66657499999819,-40.066574999998195,0.25,-4.073774999999978,-61.265876249998854,1,3,STAGE31C_REJECT_NO_ROBUST_EDGE,1.8269197002458124
stage31b_top_diagnostic,candidate_name,vol_trans_follow_h1_low_to_high_h13_tp06_sl065,us10y_value,us10y_value_le_q30,le,0.3,london_q60_prior_q25,"[[""london_range"", ""ge"", 0.6], [""prior_day_range"", ""ge"", 0.25]]",808,REJECT_TOO_FEW_EVENTS,inf,2.5165000000002693,9,0.18974605205581832,0.09253139458031394,0.0553875566281821,-15.229674999999721,-24.679674999999726,-30.979674999999723,0.1111111111111111,-3.0328000000000883,,1,2,STAGE31C_REJECT_NO_ROBUST_EDGE,1.5788966723158953
stage31b_top_diagnostic,candidate_name,sess_comp_exp_follow_london_h9_q0.7_tp06_sl065,oil_z60,oil_z60_le_q30,le,0.3,macro_only,[],415,REJECT_TOO_FEW_EVENTS,inf,2.907099999999992,91,1.0464290908489422,0.5332425192704019,0.33434314689972655,6.735900000000951,-88.81409999999906,-152.51409999999902,0.46153846153846156,-0.1747999999999137,-149.45351125,1,4,STAGE31C_REJECT_NO_ROBUST_EDGE,1.4157122178030193
stage31b_top_diagnostic,family,high_range_asia_london_alignment_v1,spx_rank250,spx_rank250_le_q20,le,0.2,london_q40_prior_q30,"[[""london_range"", ""ge"", 0.4], [""prior_day_range"", ""ge"", 0.3]]",414,REJECT_TOO_FEW_EVENTS,inf,17.41079999999947,27,0.7254736761803746,0.4346115188322869,0.3012445209205432,-18.353025000000976,-46.703025000000984,-65.60302500000094,0.4444444444444444,-3.827424999999857,-83.60566750000064,1,2,STAGE31C_REJECT_NO_ROBUST_EDGE,1.400507397004911
stage31b_top_diagnostic,candidate_name,sess_comp_exp_follow_london_h9_q0.7_tp06_sl065,vix_rank250,vix_rank250_le_q20,le,0.2,london_q40_prior_q30,"[[""london_range"", ""ge"", 0.4], [""prior_day_range"", ""ge"", 0.3]]",415,REJECT_TOO_FEW_EVENTS,inf,3.337299999999777,22,0.7019232557514989,0.21589993442606914,0.11952050803728255,-7.212249999999312,-30.312249999999302,-45.712249999999315,0.18181818181818182,-2.3280374999999593,-48.39097750000104,1,4,STAGE31C_REJECT_NO_ROBUST_EDGE,1.3863075014098394
stage31b_top_diagnostic,family,high_range_asia_london_alignment_v1,spx_rank250,spx_rank250_le_q20,le,0.2,london_q60_prior_q25,"[[""london_range"", ""ge"", 0.6], [""prior_day_range"", ""ge"", 0.25]]",414,REJECT_TOO_FEW_EVENTS,inf,17.41079999999947,27,0.7254736761803746,0.4346115188322869,0.3012445209205432,-18.353025000000976,-46.703025000000984,-65.60302500000094,0.4444444444444444,-3.827424999999857,-85.17156875000053,1,2,STAGE31C_REJECT_NO_ROBUST_EDGE,1.3222123345049166
stage31b_top_diagnostic,family,high_range_asia_london_alignment_v1,dxy_z60,dxy_z60_ge_q70,ge,0.7,h1_atr_q30_and_london_q60_prior_q25,"[[""h1_atr20_pct_rank_250"", ""le"", 0.3], [""london_range"", ""ge"", 0.6], [""prior_day_range"", ""ge"", 0.25]]",414,REJECT_TOO_FEW_EVENTS,inf,17.41079999999947,17,0.6033052878698673,0.19300343074902854,0.08007266405849124,-9.065574999999809,-26.91557499999981,-38.815574999999804,0.4117647058823529,-3.260299999999825,-39.821972500000996,1,2,STAGE31C_REJECT_NO_ROBUST_EDGE,1.2676688387242192
stage31b_top_diagnostic,family,high_range_asia_london_alignment_v1,dxy_z60,dxy_z60_ge_q80,ge,0.8,h1_atr_q30_and_london_q60_prior_q25,"[[""h1_atr20_pct_rank_250"", ""le"", 0.3], [""london_range"", ""ge"", 0.6], [""prior_day_range"", ""ge"", 0.25]]",414,REJECT_TOO_FEW_EVENTS,inf,17.41079999999947,17,0.6033052878698673,0.19300343074902854,0.08007266405849124,-9.065574999999809,-26.91557499999981,-38.815574999999804,0.4117647058823529,-3.260299999999825,-40.90744250000039,1,2,STAGE31C_REJECT_NO_ROBUST_EDGE,1.2133953387242495
stage31b_top_diagnostic,family,high_range_asia_london_alignment_v1,vix_rank250,vix_rank250_le_q30,le,0.3,h1_atr_q30_and_london_q60_prior_q25,"[[""h1_atr20_pct_rank_250"", ""le"", 0.3], [""london_range"", ""ge"", 0.6], [""prior_day_range"", ""ge"", 0.25]]",414,REJECT_TOO_FEW_EVENTS,inf,8.010299999999736,9,0.24486620677030466,0.0031218366290379856,0.0,-9.90105000000076,-19.351050000000757,-25.651050000000758,0.3333333333333333,-3.0900000000000545,,1,2,STAGE31C_REJECT_NO_ROBUST_EDGE,0.9961133662903041
stage31b_top_diagnostic,family,high_range_asia_london_alignment_v1,vix_rank250,vix_rank250_le_q30,le,0.3,london_q60_prior_q25,"[[""london_range"", ""ge"", 0.6], [""prior_day_range"", ""ge"", 0.25]]",414,REJECT_TOO_FEW_EVENTS,inf,8.010299999999736,48,0.8877685188177744,0.4105787111967011,0.23253091564054165,-8.505850000005285,-58.90585000000529,-92.50585000000527,0.5208333333333334,0.0202000000000226,-99.89183500000651,1,4,STAGE31C_REJECT_NO_ROBUST_EDGE,0.9507340245283231
stage31b_top_diagnostic,family,high_range_asia_london_alignment_v1,vix_rank250,vix_rank250_le_q30,le,0.3,london_q40_prior_q30,"[[""london_range"", ""ge"", 0.4], [""prior_day_range"", ""ge"", 0.3]]",414,REJECT_TOO_FEW_EVENTS,inf,8.010299999999736,48,0.8877685188177744,0.4105787111967011,0.23253091564054165,-8.505850000005285,-58.90585000000529,-92.50585000000527,0.5208333333333334,0.0202000000000226,-103.06692375000617,1,4,STAGE31C_REJECT_NO_ROBUST_EDGE,0.7919795870283401
stage31b_top_diagnostic,candidate_name,sess_comp_exp_follow_london_h9_q0.7_tp06_sl065,oil_rank250,oil_rank250_le_q30,le,0.3,london_q60_prior_q25,"[[""london_range"", ""ge"", 0.6], [""prior_day_range"", ""ge"", 0.25]]",415,REJECT_TOO_FEW_EVENTS,inf,6.244399999999769,94,0.9922884267174179,0.5997715186149285,0.41374789466554696,-1.5754749999995483,-100.27547499999957,-166.07547499999953,0.5212765957446809,0.3765999999999168,-168.34822124999855,1,4,STAGE31C_REJECT_NO_ROBUST_EDGE,0.6077482023115888
stage31b_top_diagnostic,candidate_name,sess_comp_exp_fade_london_h9_q0.7_tp06_sl065,us10y_chg_5,us10y_chg_5_le_q20,le,0.2,macro_only,[],415,REJECT_TOO_FEW_EVENTS,inf,24.221500000000013,57,0.8979474842743189,0.38459990019475965,0.23130778529483356,-7.636974999999618,-67.48697499999963,-107.3869749999996,0.2982456140350877,-2.253450000000066,-104.17938500000064,1,4,STAGE31C_REJECT_NO_ROBUST_EDGE,0.5135633931269359
stage31b_top_diagnostic,candidate_name,sess_comp_exp_follow_london_h9_q0.7_tp06_sl065,oil_z60,oil_z60_le_q30,le,0.3,h1_atr_q30_and_london_q60_prior_q25,"[[""h1_atr20_pct_rank_250"", ""le"", 0.3], [""london_range"", ""ge"", 0.6], [""prior_day_range"", ""ge"", 0.25]]",415,REJECT_TOO_FEW_EVENTS,inf,2.907099999999992,13,0.6447387872157958,0.24736428122992535,0.11825178426899961,-7.209599999999956,-20.85959999999995,-29.95959999999996,0.38461538461538464,-2.6375999999999293,-35.44807500000001,0,2,STAGE31C_REJECT_NO_ROBUST_EDGE,0.38828619937525644
stage31b_top_diagnostic,candidate_name,vol_trans_follow_h1_low_to_high_h13_tp06_sl065,us10y_value,us10y_value_le_q30,le,0.3,london_q40_prior_q30,"[[""london_range"", ""ge"", 0.4], [""prior_day_range"", ""ge"", 0.3]]",808,REJECT_TOO_FEW_EVENTS,inf,2.5165000000002693,17,0.5678706203435663,0.10883063514642939,0.0450095798672328,-8.791574999999694,-26.64157499999969,-38.54157499999969,0.35294117647058826,-2.5310000000000854,-40.0575775,1,2,STAGE31C_REJECT_NO_ROBUST_EDGE,0.30130829593325603
stage31b_top_diagnostic,candidate_name,liq_pdh_breakout_follow_h12_tp06_sl065,dxy_z60,dxy_z60_ge_q80,ge,0.8,h1_atr_q30_and_london_q60_prior_q25,"[[""h1_atr20_pct_rank_250"", ""le"", 0.3], [""london_range"", ""ge"", 0.6], [""prior_day_range"", ""ge"", 0.25]]",285,REJECT_TOO_FEW_EVENTS,inf,5.567499999999745,13,0.6779107951331867,0.21291781688934924,0.0914343178444812,-5.438750000000301,-19.088750000000296,-28.188750000000304,0.38461538461538464,-2.4903749999999945,-33.53838999999947,0,3,STAGE31C_REJECT_NO_ROBUST_EDGE,0.20912094027141448
stage31b_top_diagnostic,candidate_name,sess_comp_exp_follow_london_h9_q0.7_tp06_sl065,oil_z60,oil_z60_le_q30,le,0.3,h1_atr_rank_le_q30,"[[""h1_atr20_pct_rank_250"", ""le"", 0.3]]",415,REJECT_TOO_FEW_EVENTS,inf,2.907099999999992,18,0.7147168717847122,0.2618396949285374,0.12281887224599433,-6.990050000000156,-25.89005000000015,-38.49005000000015,0.3888888888888889,-2.2298875000000407,-43.70096499999925,0,3,STAGE31C_REJECT_NO_ROBUST_EDGE,0.1356191882693738
stage31b_top_diagnostic,family,high_range_asia_london_alignment_v1,dxy_z60,dxy_z60_ge_q80,ge,0.8,h1_atr_rank_le_q30,"[[""h1_atr20_pct_rank_250"", ""le"", 0.3]]",414,REJECT_TOO_FEW_EVENTS,inf,17.41079999999947,30,0.7053948606063069,0.20191450709405856,0.05906357388315986,-10.586400000001053,-42.086400000001035,-63.08640000000103,0.4666666666666667,-3.0350750000001425,-59.49910000000053,1,2,STAGE31C_REJECT_NO_ROBUST_EDGE,0.07180436647309474
stage31b_top_diagnostic,family,high_range_asia_london_alignment_v1,dxy_z60,dxy_z60_ge_q70,ge,0.7,h1_atr_rank_le_q30,"[[""h1_atr20_pct_rank_250"", ""le"", 0.3]]",414,REJECT_TOO_FEW_EVENTS,inf,17.41079999999947,30,0.7053948606063069,0.20191450709405856,0.05906357388315986,-10.586400000001053,-42.086400000001035,-63.08640000000103,0.4666666666666667,-3.0350750000001425,-59.56270375000091,1,2,STAGE31C_REJECT_NO_ROBUST_EDGE,0.06862417897307616
stage31b_top_diagnostic,family,high_range_asia_london_alignment_v1,dxy_z60,dxy_z60_ge_q70,ge,0.7,london_q60_prior_q25,"[[""london_range"", ""ge"", 0.6], [""prior_day_range"", ""ge"", 0.25]]",414,REJECT_TOO_FEW_EVENTS,inf,17.41079999999947,41,0.7722774227636,0.37098242895895195,0.22318337037022382,-16.18405000000039,-59.23405000000039,-87.93405000000038,0.4634146341463415,-3.260299999999825,-94.36315625000115,1,3,STAGE31C_REJECT_NO_ROBUST_EDGE,0.06099495857031734
stage31b_top_diagnostic,candidate_name,vol_trans_follow_h1_high_cooling_h12_tp06_sl065,us10y_value,us10y_value_le_q30,le,0.3,h1_atr_rank_le_q30,"[[""h1_atr20_pct_rank_250"", ""le"", 0.3]]",566,REJECT_TOO_FEW_EVENTS,inf,0.0520000000002256,0,,,,0.0,0.0,0.0,,,,0,0,STAGE31C_REJECT_NO_ROBUST_EDGE,0.0
stage31b_top_diagnostic,candidate_name,vol_trans_follow_h1_high_cooling_h12_tp06_sl065,us10y_value,us10y_value_le_q30,le,0.3,london_q60_prior_q25,"[[""london_range"", ""ge"", 0.6], [""prior_day_range"", ""ge"", 0.25]]",566,REJECT_TOO_FEW_EVENTS,inf,0.0520000000002256,0,,,,0.0,0.0,0.0,,,,0,0,STAGE31C_REJECT_NO_ROBUST_EDGE,0.0
stage31b_top_diagnostic,candidate_name,vol_trans_follow_h1_high_cooling_h12_tp06_sl065,us10y_value,us10y_value_le_q30,le,0.3,london_q40_prior_q30,"[[""london_range"", ""ge"", 0.4], [""prior_day_range"", ""ge"", 0.3]]",566,REJECT_TOO_FEW_EVENTS,inf,0.0520000000002256,0,,,,0.0,0.0,0.0,,,,0,0,STAGE31C_REJECT_NO_ROBUST_EDGE,0.0
stage31b_top_diagnostic,candidate_name,vol_trans_follow_h1_high_cooling_h12_tp06_sl065,us10y_value,us10y_value_le_q30,le,0.3,h1_atr_q30_and_london_q60_prior_q25,"[[""h1_atr20_pct_rank_250"", ""le"", 0.3], [""london_range"", ""ge"", 0.6], [""prior_day_range"", ""ge"", 0.25]]",566,REJECT_TOO_FEW_EVENTS,inf,0.0520000000002256,0,,,,0.0,0.0,0.0,,,,0,0,STAGE31C_REJECT_NO_ROBUST_EDGE,0.0
stage31b_top_diagnostic,family,high_range_asia_london_alignment_v1,real_yield_ret_5,real_yield_ret_5_ge_q80,ge,0.8,h1_atr_rank_le_q30,"[[""h1_atr20_pct_rank_250"", ""le"", 0.3]]",414,REJECT_TOO_FEW_EVENTS,inf,18.542100000001295,0,,,,0.0,0.0,0.0,,,,0,0,STAGE31C_REJECT_NO_ROBUST_EDGE,0.0
stage31b_top_diagnostic,family,high_range_asia_london_alignment_v1,real_yield_ret_5,real_yield_ret_5_ge_q80,ge,0.8,h1_atr_q30_and_london_q60_prior_q25,"[[""h1_atr20_pct_rank_250"", ""le"", 0.3], [""london_range"", ""ge"", 0.6], [""prior_day_range"", ""ge"", 0.25]]",414,REJECT_TOO_FEW_EVENTS,inf,18.542100000001295,0,,,,0.0,0.0,0.0,,,,0,0,STAGE31C_REJECT_NO_ROBUST_EDGE,0.0
stage31b_top_diagnostic,candidate_name,handoff_align_follow_h13_tp06_sl065,real_yield_ret_5,real_yield_ret_5_ge_q80,ge,0.8,h1_atr_rank_le_q30,"[[""h1_atr20_pct_rank_250"", ""le"", 0.3]]",540,REJECT_TOO_FEW_EVENTS,inf,56.59080000000004,0,,,,0.0,0.0,0.0,,,,0,0,STAGE31C_REJECT_NO_ROBUST_EDGE,0.0
stage31b_top_diagnostic,candidate_name,handoff_align_follow_h13_tp06_sl065,real_yield_ret_5,real_yield_ret_5_ge_q80,ge,0.8,h1_atr_q30_and_london_q60_prior_q25,"[[""h1_atr20_pct_rank_250"", ""le"", 0.3], [""london_range"", ""ge"", 0.6], [""prior_day_range"", ""ge"", 0.25]]",540,REJECT_TOO_FEW_EVENTS,inf,56.59080000000004,0,,,,0.0,0.0,0.0,,,,0,0,STAGE31C_REJECT_NO_ROBUST_EDGE,0.0
stage31b_top_diagnostic,candidate_name,sess_comp_exp_follow_london_h9_q0.7_tp06_sl065,real_yield_value,real_yield_value_le_q30,le,0.3,h1_atr_q30_and_london_q60_prior_q25,"[[""h1_atr20_pct_rank_250"", ""le"", 0.3], [""london_range"", ""ge"", 0.6], [""prior_day_range"", ""ge"", 0.25]]",415,REJECT_TOO_FEW_EVENTS,inf,2.898700000000281,0,,,,0.0,0.0,0.0,,,,0,0,STAGE31C_REJECT_NO_ROBUST_EDGE,0.0
stage31b_top_diagnostic,candidate_name,S23B_B_pb0.1_eff0.60_h180_tp0.6_sl0.65,oil_z60,oil_z60_le_q20,le,0.2,h1_atr_rank_le_q30,"[[""h1_atr20_pct_rank_250"", ""le"", 0.3]]",400,REJECT_TOO_FEW_EVENTS,inf,133.86460000000002,0,,,,0.0,0.0,0.0,,,,0,0,STAGE31C_REJECT_NO_ROBUST_EDGE,0.0
stage31b_top_diagnostic,candidate_name,S23B_B_pb0.1_eff0.60_h180_tp0.6_sl0.65,oil_z60,oil_z60_le_q20,le,0.2,h1_atr_q30_and_london_q60_prior_q25,"[[""h1_atr20_pct_rank_250"", ""le"", 0.3], [""london_range"", ""ge"", 0.6], [""prior_day_range"", ""ge"", 0.25]]",400,REJECT_TOO_FEW_EVENTS,inf,133.86460000000002,0,,,,0.0,0.0,0.0,,,,0,0,STAGE31C_REJECT_NO_ROBUST_EDGE,0.0
stage31b_top_diagnostic,family,london_oneway_continuation,oil_z60,oil_z60_le_q20,le,0.2,h1_atr_rank_le_q30,"[[""h1_atr20_pct_rank_250"", ""le"", 0.3]]",400,REJECT_TOO_FEW_EVENTS,inf,133.86460000000002,0,,,,0.0,0.0,0.0,,,,0,0,STAGE31C_REJECT_NO_ROBUST_EDGE,0.0
stage31b_top_diagnostic,family,london_oneway_continuation,oil_z60,oil_z60_le_q20,le,0.2,h1_atr_q30_and_london_q60_prior_q25,"[[""h1_atr20_pct_rank_250"", ""le"", 0.3], [""london_range"", ""ge"", 0.6], [""prior_day_range"", ""ge"", 0.25]]",400,REJECT_TOO_FEW_EVENTS,inf,133.86460000000002,0,,,,0.0,0.0,0.0,,,,0,0,STAGE31C_REJECT_NO_ROBUST_EDGE,0.0
stage31b_top_diagnostic,candidate_name,S23B_B_pb0.1_eff0.60_h180_tp0.6_sl0.65,real_yield_ret_1,real_yield_ret_1_le_q20,le,0.2,h1_atr_q30_and_london_q60_prior_q25,"[[""h1_atr20_pct_rank_250"", ""le"", 0.3], [""london_range"", ""ge"", 0.6], [""prior_day_range"", ""ge"", 0.25]]",400,REJECT_TOO_FEW_EVENTS,inf,80.82172,0,,,,0.0,0.0,0.0,,,,0,0,STAGE31C_REJECT_NO_ROBUST_EDGE,0.0
stage31b_top_diagnostic,family,london_oneway_continuation,real_yield_ret_1,real_yield_ret_1_le_q20,le,0.2,h1_atr_q30_and_london_q60_prior_q25,"[[""h1_atr20_pct_rank_250"", ""le"", 0.3], [""london_range"", ""ge"", 0.6], [""prior_day_range"", ""ge"", 0.25]]",400,REJECT_TOO_FEW_EVENTS,inf,80.82172,0,,,,0.0,0.0,0.0,,,,0,0,STAGE31C_REJECT_NO_ROBUST_EDGE,0.0
stage31b_top_diagnostic,candidate_name,S23B_B_pb0.1_eff0.60_h180_tp0.6_sl0.65,vix_value,vix_value_ge_q70,ge,0.7,h1_atr_rank_le_q30,"[[""h1_atr20_pct_rank_250"", ""le"", 0.3]]",400,REJECT_TOO_FEW_EVENTS,inf,68.7126,0,,,,0.0,0.0,0.0,,,,0,0,STAGE31C_REJECT_NO_ROBUST_EDGE,0.0
stage31b_top_diagnostic,candidate_name,S23B_B_pb0.1_eff0.60_h180_tp0.6_sl0.65,vix_value,vix_value_ge_q70,ge,0.7,h1_atr_q30_and_london_q60_prior_q25,"[[""h1_atr20_pct_rank_250"", ""le"", 0.3], [""london_range"", ""ge"", 0.6], [""prior_day_range"", ""ge"", 0.25]]",400,REJECT_TOO_FEW_EVENTS,inf,68.7126,0,,,,0.0,0.0,0.0,,,,0,0,STAGE31C_REJECT_NO_ROBUST_EDGE,0.0
stage31b_top_diagnostic,family,london_oneway_continuation,vix_value,vix_value_ge_q70,ge,0.7,h1_atr_rank_le_q30,"[[""h1_atr20_pct_rank_250"", ""le"", 0.3]]",400,REJECT_TOO_FEW_EVENTS,inf,68.7126,0,,,,0.0,0.0,0.0,,,,0,0,STAGE31C_REJECT_NO_ROBUST_EDGE,0.0
stage31b_top_diagnostic,family,london_oneway_continuation,vix_value,vix_value_ge_q70,ge,0.7,h1_atr_q30_and_london_q60_prior_q25,"[[""h1_atr20_pct_rank_250"", ""le"", 0.3], [""london_range"", ""ge"", 0.6], [""prior_day_range"", ""ge"", 0.25]]",400,REJECT_TOO_FEW_EVENTS,inf,68.7126,0,,,,0.0,0.0,0.0,,,,0,0,STAGE31C_REJECT_NO_ROBUST_EDGE,0.0
default_grid,ALL,ALL,real_yield_value,real_yield_value_le_q20,le,0.2,macro_only,[],17124,,,,0,,,,0.0,0.0,0.0,,,,0,0,STAGE31C_REJECT_NO_ROBUST_EDGE,0.0
default_grid,ALL,ALL,real_yield_value,real_yield_value_le_q20,le,0.2,h1_atr_rank_le_q30,"[[""h1_atr20_pct_rank_250"", ""le"", 0.3]]",17124,,,,0,,,,0.0,0.0,0.0,,,,0,0,STAGE31C_REJECT_NO_ROBUST_EDGE,0.0
default_grid,ALL,ALL,real_yield_value,real_yield_value_le_q20,le,0.2,london_q60_prior_q25,"[[""london_range"", ""ge"", 0.6], [""prior_day_range"", ""ge"", 0.25]]",17124,,,,0,,,,0.0,0.0,0.0,,,,0,0,STAGE31C_REJECT_NO_ROBUST_EDGE,0.0
default_grid,ALL,ALL,real_yield_value,real_yield_value_le_q20,le,0.2,london_q40_prior_q30,"[[""london_range"", ""ge"", 0.4], [""prior_day_range"", ""ge"", 0.3]]",17124,,,,0,,,,0.0,0.0,0.0,,,,0,0,STAGE31C_REJECT_NO_ROBUST_EDGE,0.0
default_grid,ALL,ALL,real_yield_value,real_yield_value_le_q20,le,0.2,h1_atr_q30_and_london_q60_prior_q25,"[[""h1_atr20_pct_rank_250"", ""le"", 0.3], [""london_range"", ""ge"", 0.6], [""prior_day_range"", ""ge"", 0.25]]",17124,,,,0,,,,0.0,0.0,0.0,,,,0,0,STAGE31C_REJECT_NO_ROBUST_EDGE,0.0
default_grid,ALL,ALL,real_yield_value,real_yield_value_le_q30,le,0.3,macro_only,[],17124,,,,0,,,,0.0,0.0,0.0,,,,0,0,STAGE31C_REJECT_NO_ROBUST_EDGE,0.0
default_grid,ALL,ALL,real_yield_value,real_yield_value_le_q30,le,0.3,h1_atr_rank_le_q30,"[[""h1_atr20_pct_rank_250"", ""le"", 0.3]]",17124,,,,0,,,,0.0,0.0,0.0,,,,0,0,STAGE31C_REJECT_NO_ROBUST_EDGE,0.0
default_grid,ALL,ALL,real_yield_value,real_yield_value_le_q30,le,0.3,london_q60_prior_q25,"[[""london_range"", ""ge"", 0.6], [""prior_day_range"", ""ge"", 0.25]]",17124,,,,0,,,,0.0,0.0,0.0,,,,0,0,STAGE31C_REJECT_NO_ROBUST_EDGE,0.0
default_grid,ALL,ALL,real_yield_value,real_yield_value_le_q30,le,0.3,london_q40_prior_q30,"[[""london_range"", ""ge"", 0.4], [""prior_day_range"", ""ge"", 0.3]]",17124,,,,0,,,,0.0,0.0,0.0,,,,0,0,STAGE31C_REJECT_NO_ROBUST_EDGE,0.0
default_grid,ALL,ALL,real_yield_value,real_yield_value_le_q30,le,0.3,h1_atr_q30_and_london_q60_prior_q25,"[[""h1_atr20_pct_rank_250"", ""le"", 0.3], [""london_range"", ""ge"", 0.6], [""prior_day_range"", ""ge"", 0.25]]",17124,,,,0,,,,0.0,0.0,0.0,,,,0,0,STAGE31C_REJECT_NO_ROBUST_EDGE,0.0
default_grid,ALL,ALL,spx_value,spx_value_le_q20,le,0.2,macro_only,[],17124,,,,0,,,,0.0,0.0,0.0,,,,0,0,STAGE31C_REJECT_NO_ROBUST_EDGE,0.0
default_grid,ALL,ALL,spx_value,spx_value_le_q20,le,0.2,h1_atr_rank_le_q30,"[[""h1_atr20_pct_rank_250"", ""le"", 0.3]]",17124,,,,0,,,,0.0,0.0,0.0,,,,0,0,STAGE31C_REJECT_NO_ROBUST_EDGE,0.0
default_grid,ALL,ALL,spx_value,spx_value_le_q20,le,0.2,london_q60_prior_q25,"[[""london_range"", ""ge"", 0.6], [""prior_day_range"", ""ge"", 0.25]]",17124,,,,0,,,,0.0,0.0,0.0,,,,0,0,STAGE31C_REJECT_NO_ROBUST_EDGE,0.0
default_grid,ALL,ALL,spx_value,spx_value_le_q20,le,0.2,london_q40_prior_q30,"[[""london_range"", ""ge"", 0.4], [""prior_day_range"", ""ge"", 0.3]]",17124,,,,0,,,,0.0,0.0,0.0,,,,0,0,STAGE31C_REJECT_NO_ROBUST_EDGE,0.0
default_grid,ALL,ALL,spx_value,spx_value_le_q20,le,0.2,h1_atr_q30_and_london_q60_prior_q25,"[[""h1_atr20_pct_rank_250"", ""le"", 0.3], [""london_range"", ""ge"", 0.6], [""prior_day_range"", ""ge"", 0.25]]",17124,,,,0,,,,0.0,0.0,0.0,,,,0,0,STAGE31C_REJECT_NO_ROBUST_EDGE,0.0
default_grid,ALL,ALL,spx_value,spx_value_le_q30,le,0.3,h1_atr_rank_le_q30,"[[""h1_atr20_pct_rank_250"", ""le"", 0.3]]",17124,,,,0,,,,0.0,0.0,0.0,,,,0,0,STAGE31C_REJECT_NO_ROBUST_EDGE,0.0
default_grid,ALL,ALL,spx_value,spx_value_le_q30,le,0.3,h1_atr_q30_and_london_q60_prior_q25,"[[""h1_atr20_pct_rank_250"", ""le"", 0.3], [""london_range"", ""ge"", 0.6], [""prior_day_range"", ""ge"", 0.25]]",17124,,,,0,,,,0.0,0.0,0.0,,,,0,0,STAGE31C_REJECT_NO_ROBUST_EDGE,0.0
default_grid,ALL,ALL,us10y_value,us10y_value_le_q20,le,0.2,macro_only,[],17124,,,,0,,,,0.0,0.0,0.0,,,,0,0,STAGE31C_REJECT_NO_ROBUST_EDGE,0.0
default_grid,ALL,ALL,us10y_value,us10y_value_le_q20,le,0.2,h1_atr_rank_le_q30,"[[""h1_atr20_pct_rank_250"", ""le"", 0.3]]",17124,,,,0,,,,0.0,0.0,0.0,,,,0,0,STAGE31C_REJECT_NO_ROBUST_EDGE,0.0
default_grid,ALL,ALL,us10y_value,us10y_value_le_q20,le,0.2,london_q60_prior_q25,"[[""london_range"", ""ge"", 0.6], [""prior_day_range"", ""ge"", 0.25]]",17124,,,,0,,,,0.0,0.0,0.0,,,,0,0,STAGE31C_REJECT_NO_ROBUST_EDGE,0.0
default_grid,ALL,ALL,us10y_value,us10y_value_le_q20,le,0.2,london_q40_prior_q30,"[[""london_range"", ""ge"", 0.4], [""prior_day_range"", ""ge"", 0.3]]",17124,,,,0,,,,0.0,0.0,0.0,,,,0,0,STAGE31C_REJECT_NO_ROBUST_EDGE,0.0
default_grid,ALL,ALL,us10y_value,us10y_value_le_q20,le,0.2,h1_atr_q30_and_london_q60_prior_q25,"[[""h1_atr20_pct_rank_250"", ""le"", 0.3], [""london_range"", ""ge"", 0.6], [""prior_day_range"", ""ge"", 0.25]]",17124,,,,0,,,,0.0,0.0,0.0,,,,0,0,STAGE31C_REJECT_NO_ROBUST_EDGE,0.0
default_grid,ALL,ALL,us10y_value,us10y_value_le_q30,le,0.3,macro_only,[],17124,,,,0,,,,0.0,0.0,0.0,,,,0,0,STAGE31C_REJECT_NO_ROBUST_EDGE,0.0
default_grid,ALL,ALL,us10y_value,us10y_value_le_q30,le,0.3,h1_atr_rank_le_q30,"[[""h1_atr20_pct_rank_250"", ""le"", 0.3]]",17124,,,,0,,,,0.0,0.0,0.0,,,,0,0,STAGE31C_REJECT_NO_ROBUST_EDGE,0.0
default_grid,ALL,ALL,us10y_value,us10y_value_le_q30,le,0.3,london_q60_prior_q25,"[[""london_range"", ""ge"", 0.6], [""prior_day_range"", ""ge"", 0.25]]",17124,,,,0,,,,0.0,0.0,0.0,,,,0,0,STAGE31C_REJECT_NO_ROBUST_EDGE,0.0
default_grid,ALL,ALL,us10y_value,us10y_value_le_q30,le,0.3,london_q40_prior_q30,"[[""london_range"", ""ge"", 0.4], [""prior_day_range"", ""ge"", 0.3]]",17124,,,,0,,,,0.0,0.0,0.0,,,,0,0,STAGE31C_REJECT_NO_ROBUST_EDGE,0.0
default_grid,ALL,ALL,us10y_value,us10y_value_le_q30,le,0.3,h1_atr_q30_and_london_q60_prior_q25,"[[""h1_atr20_pct_rank_250"", ""le"", 0.3], [""london_range"", ""ge"", 0.6], [""prior_day_range"", ""ge"", 0.25]]",17124,,,,0,,,,0.0,0.0,0.0,,,,0,0,STAGE31C_REJECT_NO_ROBUST_EDGE,0.0
stage31b_top_diagnostic,family,high_range_asia_london_alignment_v1,oil_z60,oil_z60_le_q20,le,0.2,h1_atr_rank_le_q30,"[[""h1_atr20_pct_rank_250"", ""le"", 0.3]]",414,REJECT_TOO_FEW_EVENTS,inf,8.010299999999736,9,0.48574426953880073,0.07424433196158281,0.0,-6.982949999999982,-16.432949999999984,-22.73294999999998,0.3333333333333333,-0.3407000000001061,,0,2,STAGE31C_REJECT_NO_ROBUST_EDGE,-0.0008516803841702725
default_grid,ALL,ALL,spx_value,spx_value_le_q30,le,0.3,london_q60_prior_q25,"[[""london_range"", ""ge"", 0.6], [""prior_day_range"", ""ge"", 0.25]]",17124,,,,13,1.2144428879275297,0.08390284491793377,0.0,1.649425000000019,-12.000574999999982,-21.100574999999974,0.38461538461538464,-0.3020000000000435,-18.939678750000336,0,1,STAGE31C_REJECT_NO_ROBUST_EDGE,-0.008012988320677428
stage31b_top_diagnostic,candidate_name,sess_comp_exp_follow_london_h9_q0.7_tp06_sl065,vix_rank250,vix_rank250_le_q20,le,0.2,h1_atr_q30_and_london_q60_prior_q25,"[[""h1_atr20_pct_rank_250"", ""le"", 0.3], [""london_range"", ""ge"", 0.6], [""prior_day_range"", ""ge"", 0.25]]",415,REJECT_TOO_FEW_EVENTS,inf,3.337299999999777,3,0.915885567734166,0.0,0.0,-0.13775000000014193,-3.2877500000001416,-5.387750000000141,0.0,-0.3347000000000206,,0,2,STAGE31C_REJECT_NO_ROBUST_EDGE,-0.02877500000001415
default_grid,ALL,ALL,spx_value,spx_value_le_q30,le,0.3,london_q40_prior_q30,"[[""london_range"", ""ge"", 0.4], [""prior_day_range"", ""ge"", 0.3]]",17124,,,,13,1.2144428879275297,0.08390284491793377,0.0,1.649425000000019,-12.000574999999982,-21.100574999999974,0.38461538461538464,-0.3020000000000435,-19.80393,0,1,STAGE31C_REJECT_NO_ROBUST_EDGE,-0.05122555082066049
stage31b_top_diagnostic,candidate_name,sess_comp_exp_follow_london_h9_q0.7_tp06_sl065,oil_rank250,oil_rank250_le_q30,le,0.3,h1_atr_q30_and_london_q60_prior_q25,"[[""h1_atr20_pct_rank_250"", ""le"", 0.3], [""london_range"", ""ge"", 0.6], [""prior_day_range"", ""ge"", 0.25]]",415,REJECT_TOO_FEW_EVENTS,inf,6.244399999999769,24,0.747027174576725,0.4073490692143464,0.24585909605503983,-13.206224999999808,-38.40622499999981,-55.206224999999804,0.5,-0.6783999999999195,-73.35330749999854,0,2,STAGE31C_REJECT_NO_ROBUST_EDGE,-0.05136079863628451
stage31b_top_diagnostic,candidate_name,sess_comp_exp_follow_london_h9_q0.7_tp06_sl065,real_yield_value,real_yield_value_le_q30,le,0.3,h1_atr_rank_le_q30,"[[""h1_atr20_pct_rank_250"", ""le"", 0.3]]",415,REJECT_TOO_FEW_EVENTS,inf,2.898700000000281,2,0.2637025081675337,0.0,0.0,-1.4142249999999423,-3.514224999999942,-4.9142249999999414,0.0,-1.757112499999971,,0,1,STAGE31C_REJECT_NO_ROBUST_EDGE,-0.1514224999999942
stage31b_top_diagnostic,family,high_range_asia_london_alignment_v1,spx_rank250,spx_rank250_le_q20,le,0.2,h1_atr_rank_le_q30,"[[""h1_atr20_pct_rank_250"", ""le"", 0.3]]",414,REJECT_TOO_FEW_EVENTS,inf,17.41079999999947,6,0.3290361778514443,0.07878054247928182,0.0,-9.110849999999663,-15.410849999999664,-19.61084999999966,0.5,-2.5684749999999443,,0,1,STAGE31C_REJECT_NO_ROBUST_EDGE,-0.1532795752071484
stage31b_top_diagnostic,family,high_range_asia_london_alignment_v1,spx_rank250,spx_rank250_le_q20,le,0.2,h1_atr_q30_and_london_q60_prior_q25,"[[""h1_atr20_pct_rank_250"", ""le"", 0.3], [""london_range"", ""ge"", 0.6], [""prior_day_range"", ""ge"", 0.25]]",414,REJECT_TOO_FEW_EVENTS,inf,17.41079999999947,6,0.3290361778514443,0.07878054247928182,0.0,-9.110849999999663,-15.410849999999664,-19.61084999999966,0.5,-2.5684749999999443,,0,1,STAGE31C_REJECT_NO_ROBUST_EDGE,-0.1532795752071484
stage31b_top_diagnostic,family,high_range_asia_london_alignment_v1,oil_z60,oil_z60_le_q20,le,0.2,h1_atr_q30_and_london_q60_prior_q25,"[[""h1_atr20_pct_rank_250"", ""le"", 0.3], [""london_range"", ""ge"", 0.6], [""prior_day_range"", ""ge"", 0.25]]",414,REJECT_TOO_FEW_EVENTS,inf,8.010299999999736,6,0.3290361778514443,0.07878054247928182,0.0,-9.110849999999663,-15.410849999999664,-19.61084999999966,0.5,-2.5684749999999443,,0,1,STAGE31C_REJECT_NO_ROBUST_EDGE,-0.1532795752071484
stage31b_top_diagnostic,candidate_name,sess_comp_exp_fade_london_h9_q0.7_tp06_sl065,us10y_ret_5,us10y_ret_5_le_q20,le,0.2,macro_only,[],415,REJECT_TOO_FEW_EVENTS,inf,24.221500000000013,54,0.8290117796522875,0.3748024119843373,0.23094075380084553,-13.108999999999837,-69.80899999999986,-107.60899999999981,0.2962962962962963,-2.4364250000000083,-107.3016712500013,1,4,STAGE31C_REJECT_NO_ROBUST_EDGE,-0.27419642745329664
stage31b_top_diagnostic,candidate_name,liq_pdh_breakout_follow_h12_tp06_sl065,dxy_z60,dxy_z60_ge_q80,ge,0.8,h1_atr_rank_le_q30,"[[""h1_atr20_pct_rank_250"", ""le"", 0.3]]",285,REJECT_TOO_FEW_EVENTS,inf,5.567499999999745,18,0.7543807700153247,0.184644447769789,0.07273347276821027,-4.665875000000188,-23.565875000000183,-36.165875000000185,0.3333333333333333,-0.6387499999999817,-37.455199999999905,0,3,STAGE31C_REJECT_NO_ROBUST_EDGE,-0.29196913122928225
stage31b_top_diagnostic,candidate_name,liq_pdh_breakout_follow_h12_tp06_sl065,vix_value,vix_value_le_q30,le,0.3,h1_atr_q30_and_london_q60_prior_q25,"[[""h1_atr20_pct_rank_250"", ""le"", 0.3], [""london_range"", ""ge"", 0.6], [""prior_day_range"", ""ge"", 0.25]]",285,REJECT_TOO_FEW_EVENTS,inf,4.561400000000686,7,0.2483126189494409,0.05446434800685107,0.0032541920320979132,-9.251975000000312,-16.601975000000305,-21.501975000000314,0.2857142857142857,-3.360724999999911,,0,1,STAGE31C_REJECT_NO_ROBUST_EDGE,-0.40253725180312805
stage31b_top_diagnostic,candidate_name,hr_london_follow_h13_lq35_pq10_c00_tp06_sl065,oil_z60,oil_z60_le_q20,le,0.2,h1_atr_rank_le_q30,"[[""h1_atr20_pct_rank_250"", ""le"", 0.3]]",313,REJECT_TOO_FEW_EVENTS,inf,2.670099999999912,7,0.20499769809196977,0.06814445663898762,0.029363072603512022,-12.433200000000124,-19.78320000000012,-24.683200000000127,0.14285714285714285,-3.2593249999998988,,0,3,STAGE31C_REJECT_NO_ROBUST_EDGE,-0.4794231431960878
stage31b_top_diagnostic,candidate_name,sess_comp_exp_follow_london_h9_q0.7_tp06_sl065,oil_rank250,oil_rank250_le_q30,le,0.3,h1_atr_rank_le_q30,"[[""h1_atr20_pct_rank_250"", ""le"", 0.3]]",415,REJECT_TOO_FEW_EVENTS,inf,6.244399999999769,29,0.760873668889035,0.39308100903719034,0.23052540719258477,-13.902775000000153,-44.35277500000015,-64.65277500000015,0.4827586206896552,-0.238700000000017,-76.93569500000048,0,3,STAGE31C_REJECT_NO_ROBUST_EDGE,-0.5291505308577964
stage31b_top_diagnostic,candidate_name,hr_london_follow_h13_lq35_pq10_c00_tp06_sl065,oil_z60,oil_z60_le_q20,le,0.2,h1_atr_q30_and_london_q60_prior_q25,"[[""h1_atr20_pct_rank_250"", ""le"", 0.3], [""london_range"", ""ge"", 0.6], [""prior_day_range"", ""ge"", 0.25]]",313,REJECT_TOO_FEW_EVENTS,inf,2.670099999999912,6,0.15964371579109185,0.06925588342301525,0.030616010365245822,-13.142500000000018,-19.442500000000017,-23.64250000000002,0.16666666666666666,-3.3183124999999563,,0,2,STAGE31C_REJECT_NO_ROBUST_EDGE,-0.5292271243088656
stage31b_top_diagnostic,family,high_range_asia_london_alignment_v1,real_yield_ret_1,real_yield_ret_1_le_q20,le,0.2,h1_atr_q30_and_london_q60_prior_q25,"[[""h1_atr20_pct_rank_250"", ""le"", 0.3], [""london_range"", ""ge"", 0.6], [""prior_day_range"", ""ge"", 0.25]]",414,REJECT_TOO_FEW_EVENTS,inf,17.41079999999947,3,0.0,0.0,0.0,-6.120000000000164,-9.270000000000163,-11.370000000000163,0.0,-3.0900000000000545,,0,1,STAGE31C_REJECT_NO_ROBUST_EDGE,-0.6270000000000162
stage31b_top_diagnostic,candidate_name,hr_london_follow_h13_lq35_pq10_c00_tp06_sl065,real_yield_chg_5,real_yield_chg_5_le_q20,le,0.2,london_q60_prior_q25,"[[""london_range"", ""ge"", 0.6], [""prior_day_range"", ""ge"", 0.25]]",313,REJECT_TOO_FEW_EVENTS,inf,3.3516999999998007,18,0.44810388418203223,0.168475379717549,0.08479615829611929,-18.15637499999984,-37.056374999999846,-49.65637499999984,0.2777777777777778,-3.1706000000000585,-55.885602499999884,1,4,STAGE31C_REJECT_NO_ROBUST_EDGE,-0.6759791946400115
stage31b_top_diagnostic,candidate_name,handoff_divergence_fade_h13_tp06_sl065,vix_value,vix_value_le_q30,le,0.3,h1_atr_q30_and_london_q60_prior_q25,"[[""h1_atr20_pct_rank_250"", ""le"", 0.3], [""london_range"", ""ge"", 0.6], [""prior_day_range"", ""ge"", 0.25]]",522,REJECT_TOO_FEW_EVENTS,inf,5.936999999999717,22,0.5525891092525328,0.07901714677782237,0.017496167115272906,-10.860574999998743,-33.960574999998734,-49.36057499999875,0.45454545454545453,-2.6268750000000636,-47.48810999999906,1,3,STAGE31C_REJECT_NO_ROBUST_EDGE,-0.7103068637605103
stage31b_top_diagnostic,candidate_name,sess_comp_exp_follow_london_h9_q0.7_tp06_sl065,oil_rank250,oil_rank250_le_q30,le,0.3,london_q40_prior_q30,"[[""london_range"", ""ge"", 0.4], [""prior_day_range"", ""ge"", 0.3]]",415,REJECT_TOO_FEW_EVENTS,inf,6.244399999999769,98,0.9698052855099146,0.5794409809793267,0.39723361701821347,-6.352474999999963,-109.25247499999996,-177.85247499999997,0.5102040816326531,0.18279999999990654,-184.6938362499998,1,4,STAGE31C_REJECT_NO_ROBUST_EDGE,-0.9765950346338652
stage31b_top_diagnostic,candidate_name,sess_comp_exp_follow_london_h9_q0.7_tp06_sl065,oil_rank250,oil_rank250_le_q30,le,0.3,macro_only,[],415,REJECT_TOO_FEW_EVENTS,inf,6.244399999999769,108,1.01756345909013,0.587509182764529,0.3946527204624548,3.7668500000003813,-109.63314999999962,-185.2331499999996,0.5092592592592593,0.10495000000000805,-190.87230875000137,1,4,STAGE31C_REJECT_NO_ROBUST_EDGE,-1.0532277280049218
stage31b_top_diagnostic,candidate_name,handoff_align_follow_h13_tp06_sl065,vix_value,vix_value_le_q20,le,0.2,h1_atr_q30_and_london_q60_prior_q25,"[[""h1_atr20_pct_rank_250"", ""le"", 0.3], [""london_range"", ""ge"", 0.6], [""prior_day_range"", ""ge"", 0.25]]",540,REJECT_TOO_FEW_EVENTS,inf,4.725200000000042,12,0.7283518917255659,0.04592189302799242,0.0,-2.759775000000629,-15.35977500000063,-23.759775000000623,0.3333333333333333,-0.3116000000000212,-24.79971000000058,0,2,STAGE31C_REJECT_NO_ROBUST_EDGE,-1.1167440697201683
stage31b_top_diagnostic,family,high_range_asia_london_alignment_v1,real_yield_ret_1,real_yield_ret_1_le_q20,le,0.2,h1_atr_rank_le_q30,"[[""h1_atr20_pct_rank_250"", ""le"", 0.3]]",414,REJECT_TOO_FEW_EVENTS,inf,17.41079999999947,8,0.14214674691886614,0.0,0.0,-11.972200000000885,-20.372200000000884,-25.972200000000882,0.0,-3.0900000000000545,,0,1,STAGE31C_REJECT_NO_ROBUST_EDGE,-1.2372200000000884
stage31b_top_diagnostic,candidate_name,hr_london_follow_h13_lq35_pq10_c00_tp06_sl065,real_yield_chg_5,real_yield_chg_5_le_q20,le,0.2,h1_atr_q30_and_london_q60_prior_q25,"[[""h1_atr20_pct_rank_250"", ""le"", 0.3], [""london_range"", ""ge"", 0.6], [""prior_day_range"", ""ge"", 0.25]]",313,REJECT_TOO_FEW_EVENTS,inf,3.3516999999998007,4,0.0,0.0,0.0,-13.073350000000028,-17.27335000000003,-20.073350000000026,0.0,-4.303549999999996,,0,2,STAGE31C_REJECT_NO_ROBUST_EDGE,-1.3273350000000028
stage31b_top_diagnostic,family,high_range_asia_london_alignment_v1,oil_rank250,oil_rank250_le_q30,le,0.3,h1_atr_rank_le_q30,"[[""h1_atr20_pct_rank_250"", ""le"", 0.3]]",414,REJECT_TOO_FEW_EVENTS,inf,8.010299999999736,20,0.6278582823175509,0.21283988447236343,0.06784643884513185,-11.419150000000169,-32.419150000000165,-46.41915000000017,0.5,-1.3773499999998875,-50.947042499999995,0,2,STAGE31C_REJECT_NO_ROBUST_EDGE,-1.3894825248958544
stage31b_top_diagnostic,candidate_name,sess_comp_exp_follow_london_h9_q0.7_tp06_sl065,vix_rank250,vix_rank250_le_q20,le,0.2,macro_only,[],415,REJECT_TOO_FEW_EVENTS,inf,3.337299999999777,49,0.7897254722888855,0.1233383699752156,0.06215794822274757,-7.874349999999277,-59.32434999999928,-93.62434999999925,0.08163265306122448,-0.5350999999999657,-77.32300499999813,1,4,STAGE31C_REJECT_NO_ROBUST_EDGE,-1.4165697573566884
stage31b_top_diagnostic,family,high_range_asia_london_alignment_v1,dxy_z60,dxy_z60_ge_q80,ge,0.8,london_q60_prior_q25,"[[""london_range"", ""ge"", 0.6], [""prior_day_range"", ""ge"", 0.25]]",414,REJECT_TOO_FEW_EVENTS,inf,17.41079999999947,38,0.6549818029341725,0.3159102529862411,0.1959205091611594,-24.520150000001024,-64.42015000000104,-91.02015000000097,0.42105263157894735,-3.260299999999825,-101.1508987500004,1,3,STAGE31C_REJECT_NO_ROBUST_EDGE,-1.7567753709930765
stage31b_top_diagnostic,candidate_name,hr_london_follow_h13_lq35_pq10_c00_tp06_sl065,real_yield_chg_5,real_yield_chg_5_le_q20,le,0.2,london_q40_prior_q30,"[[""london_range"", ""ge"", 0.4], [""prior_day_range"", ""ge"", 0.3]]",313,REJECT_TOO_FEW_EVENTS,inf,3.3516999999998007,22,0.42246868356832207,0.15432440206208592,0.069849636845049,-22.766400000000388,-45.86640000000038,-61.26640000000039,0.2727272727272727,-3.1706000000000585,-64.59382125000083,1,4,STAGE31C_REJECT_NO_ROBUST_EDGE,-1.7936884944990243
stage31b_top_diagnostic,family,high_range_asia_london_alignment_v1,vix_rank250,vix_rank250_le_q30,le,0.3,h1_atr_rank_le_q30,"[[""h1_atr20_pct_rank_250"", ""le"", 0.3]]",414,REJECT_TOO_FEW_EVENTS,inf,8.010299999999736,15,0.19495443953961014,0.006420142356502112,0.0,-18.25072500000124,-34.00072500000123,-44.500725000001246,0.26666666666666666,-3.0350750000001425,-41.38750750000185,1,2,STAGE31C_REJECT_NO_ROBUST_EDGE,-1.905246451435195
stage31b_top_diagnostic,candidate_name,hr_london_follow_h13_lq35_pq10_c00_tp06_sl065,oil_z60,oil_z60_le_q20,le,0.2,london_q60_prior_q25,"[[""london_range"", ""ge"", 0.6], [""prior_day_range"", ""ge"", 0.25]]",313,REJECT_TOO_FEW_EVENTS,inf,2.670099999999912,33,0.6044752227236639,0.3504130043353371,0.24060813718145752,-31.595775000001865,-66.24577500000188,-89.34577500000185,0.3333333333333333,-3.433200000000079,-103.4781187500011,1,4,STAGE31C_REJECT_NO_ROBUST_EDGE,-2.031920845421042
stage31b_top_diagnostic,candidate_name,liq_pdh_breakout_follow_h12_tp06_sl065,dxy_z60,dxy_z60_ge_q80,ge,0.8,london_q60_prior_q25,"[[""london_range"", ""ge"", 0.6], [""prior_day_range"", ""ge"", 0.25]]",285,REJECT_TOO_FEW_EVENTS,inf,5.567499999999745,30,0.5326587971856004,0.22358226424340014,0.12423070257905573,-24.189125000000573,-55.689125000000544,-76.68912500000052,0.3333333333333333,-2.914987499999961,-85.75579125000081,1,4,STAGE31C_REJECT_NO_ROBUST_EDGE,-2.1239566097498708
stage31b_top_diagnostic,candidate_name,sess_comp_exp_follow_london_h9_q0.7_tp06_sl065,vix_rank250,vix_rank250_le_q20,le,0.2,h1_atr_rank_le_q30,"[[""h1_atr20_pct_rank_250"", ""le"", 0.3]]",415,REJECT_TOO_FEW_EVENTS,inf,3.337299999999777,12,0.3041649098149255,0.0,0.0,-7.426300000000264,-20.02630000000026,-28.42630000000026,0.0,-2.3039875000000847,-26.55849125000024,0,2,STAGE31C_REJECT_NO_ROBUST_EDGE,-2.1305545625000377
default_grid,ALL,ALL,real_yield_ret_1,real_yield_ret_1_le_q20,le,0.2,h1_atr_q30_and_london_q60_prior_q25,"[[""h1_atr20_pct_rank_250"", ""le"", 0.3], [""london_range"", ""ge"", 0.6], [""prior_day_range"", ""ge"", 0.25]]",17124,,,,107,1.0071017576584598,0.4602843439455203,0.25393879208232245,1.178735000003881,-111.17126499999614,-186.0712649999961,0.5046728971962616,0.0090999999998531,-173.20810374999598,1,3,STAGE31C_REJECT_NO_ROBUST_EDGE,-2.15893307971492
stage31b_top_diagnostic,candidate_name,handoff_divergence_fade_h13_tp06_sl065,vix_rank250,vix_rank250_le_q20,le,0.2,macro_only,[],522,REJECT_TOO_FEW_EVENTS,inf,5.936999999999717,62,0.6461313068551054,0.07681176772237742,0.02944299448375274,-17.982625000000063,-83.08262500000009,-126.48262499999998,0.16129032258064516,-0.6664999999999508,-102.31902625000048,2,4,STAGE31C_REJECT_NO_ROBUST_EDGE,-2.3383241573412468
stage31b_top_diagnostic,candidate_name,vol_trans_follow_h1_low_to_high_h13_tp06_sl065,us10y_value,us10y_value_le_q30,le,0.3,macro_only,[],808,REJECT_TOO_FEW_EVENTS,inf,2.5165000000002693,30,0.5010336433166391,0.06512398460366445,0.02545014996534512,-17.058324999999975,-48.558324999999954,-69.55832499999994,0.23333333333333334,-2.629962500000056,-65.54264750000037,1,2,STAGE31C_REJECT_NO_ROBUST_EDGE,-2.3799244291019894
default_grid,ALL,ALL,spx_value,spx_value_le_q30,le,0.3,macro_only,[],17124,,,,28,0.7716499397831847,0.07375006599440645,0.0,-5.688200000001008,-35.088200000000995,-54.688200000001004,0.2857142857142857,-0.3020000000000435,-50.234985000000826,0,1,STAGE31C_REJECT_NO_ROBUST_EDGE,-2.4830685900560763
stage31b_top_diagnostic,candidate_name,hr_london_follow_h13_lq35_pq10_c00_tp06_sl065,oil_z60,oil_z60_le_q20,le,0.2,london_q40_prior_q30,"[[""london_range"", ""ge"", 0.4], [""prior_day_range"", ""ge"", 0.3]]",313,REJECT_TOO_FEW_EVENTS,inf,2.670099999999912,34,0.5879185903804379,0.339430666502015,0.23269765071430984,-33.84540000000188,-69.5454000000019,-93.34540000000186,0.3235294117647059,-3.4052500000000463,-105.87892375000098,1,4,STAGE31C_REJECT_NO_ROBUST_EDGE,-2.5233889196228514
stage31b_top_diagnostic,candidate_name,liq_pdh_breakout_follow_h12_tp06_sl065,dxy_z60,dxy_z60_ge_q80,ge,0.8,london_q40_prior_q30,"[[""london_range"", ""ge"", 0.4], [""prior_day_range"", ""ge"", 0.3]]",285,REJECT_TOO_FEW_EVENTS,inf,5.567499999999745,32,0.5183693673286041,0.21186594076775458,0.11733787788494462,-25.8331500000008,-59.4331500000008,-81.83315000000078,0.28125,-2.8395875000000164,-87.38843250000095,1,4,STAGE31C_REJECT_NO_ROBUST_EDGE,-2.524725705782802
stage31b_top_diagnostic,candidate_name,hr_london_follow_h13_lq35_pq10_c00_tp06_sl065,real_yield_chg_5,real_yield_chg_5_le_q20,le,0.2,h1_atr_rank_le_q30,"[[""h1_atr20_pct_rank_250"", ""le"", 0.3]]",313,REJECT_TOO_FEW_EVENTS,inf,3.3516999999998007,10,0.23641762019689322,0.029388547659732586,0.0,-12.093675000000076,-22.593675000000076,-29.593675000000076,0.1,-2.4323624999999764,-33.22573124999989,0,3,STAGE31C_REJECT_NO_ROBUST_EDGE,-2.6267685859026764
stage31b_top_diagnostic,family,high_range_asia_london_alignment_v1,dxy_z60,dxy_z60_ge_q70,ge,0.7,london_q40_prior_q30,"[[""london_range"", ""ge"", 0.4], [""prior_day_range"", ""ge"", 0.3]]",414,REJECT_TOO_FEW_EVENTS,inf,17.41079999999947,50,0.6928046447028777,0.3090805566712704,0.18236922117408672,-25.767700000000332,-78.26770000000033,-113.2677000000003,0.44,-3.0695249999999077,-113.03783124999977,1,4,STAGE31C_REJECT_NO_ROBUST_EDGE,-2.658379111090971
stage31b_top_diagnostic,family,high_range_asia_london_alignment_v1,oil_rank250,oil_rank250_le_q20,le,0.2,h1_atr_rank_le_q30,"[[""h1_atr20_pct_rank_250"", ""le"", 0.3]]",414,REJECT_TOO_FEW_EVENTS,inf,8.010299999999736,10,0.2856489102137709,0.06917255252168795,0.0,-15.297649999999976,-25.797649999999976,-32.797649999999976,0.4,-3.662000000000171,-38.26145000000088,0,2,STAGE31C_REJECT_NO_ROBUST_EDGE,-2.8011119747831614
stage31b_top_diagnostic,candidate_name,handoff_align_follow_h13_tp06_sl065,vix_value,vix_value_le_q20,le,0.2,london_q60_prior_q25,"[[""london_range"", ""ge"", 0.6], [""prior_day_range"", ""ge"", 0.25]]",540,REJECT_TOO_FEW_EVENTS,inf,4.725200000000042,57,0.7554772616224682,0.17133024372736608,0.04299275778844752,-14.963300000000755,-74.81330000000077,-114.71330000000071,0.45614035087719296,-0.3058999999999741,-99.3595787500013,1,3,STAGE31C_REJECT_NO_ROBUST_EDGE,-2.8640354690726904
stage31b_top_diagnostic,candidate_name,handoff_divergence_fade_h13_tp06_sl065,vix_value,vix_value_le_q30,le,0.3,london_q60_prior_q25,"[[""london_range"", ""ge"", 0.6], [""prior_day_range"", ""ge"", 0.25]]",522,REJECT_TOO_FEW_EVENTS,inf,5.936999999999717,86,0.7918165078259992,0.1588476015674607,0.03309362834572058,-17.730274999998848,-108.03027499999888,-168.23027499999876,0.43023255813953487,-0.26239999999997954,-136.81057999999845,2,4,STAGE31C_REJECT_NO_ROBUST_EDGE,-3.3227059709423212
stage31b_top_diagnostic,family,high_range_asia_london_alignment_v1,dxy_z60,dxy_z60_ge_q80,ge,0.8,london_q40_prior_q30,"[[""london_range"", ""ge"", 0.4], [""prior_day_range"", ""ge"", 0.3]]",414,REJECT_TOO_FEW_EVENTS,inf,17.41079999999947,41,0.5952911522232357,0.2848283815411535,0.1766111894844558,-31.646350000000986,-74.69635000000099,-103.39635000000098,0.3902439024390244,-3.380550000000221,-110.66237250000148,1,3,STAGE31C_REJECT_NO_ROBUST_EDGE,-3.348025051650815
stage31b_top_diagnostic,family,high_range_asia_london_alignment_v1,vix_value,vix_value_le_q30,le,0.3,h1_atr_q30_and_london_q60_prior_q25,"[[""h1_atr20_pct_rank_250"", ""le"", 0.3], [""london_range"", ""ge"", 0.6], [""prior_day_range"", ""ge"", 0.25]]",414,REJECT_TOO_FEW_EVENTS,inf,8.010299999999736,22,0.2419905261917602,0.02024840654557417,0.0,-26.215625000001374,-49.315625000001354,-64.71562500000137,0.3181818181818182,-3.323350000000028,-62.294982500001595,1,2,STAGE31C_REJECT_NO_ROBUST_EDGE,-3.643827559544474
stage31b_top_diagnostic,candidate_name,hr_london_follow_h13_lq35_pq10_c00_tp06_sl065,real_yield_chg_5,real_yield_chg_5_le_q20,le,0.2,macro_only,[],313,REJECT_TOO_FEW_EVENTS,inf,3.3516999999998007,39,0.4992490493003626,0.15729506484323721,0.07227822544409059,-28.531675000000327,-69.48167500000032,-96.78167500000026,0.2564102564102564,-2.718525000000136,-92.27182625000182,1,4,STAGE31C_REJECT_NO_ROBUST_EDGE,-3.7996952622913884
stage31b_top_diagnostic,candidate_name,hr_london_follow_h13_lq35_pq10_c00_tp06_sl065,oil_z60,oil_z60_le_q20,le,0.2,macro_only,[],313,REJECT_TOO_FEW_EVENTS,inf,2.670099999999912,40,0.57569277970685,0.3219303506792422,0.2174994337974288,-38.83370000000218,-80.83370000000218,-108.83370000000218,0.3,-3.4052500000000463,-121.26160625000276,1,4,STAGE31C_REJECT_NO_ROBUST_EDGE,-4.05714907051822
stage31b_top_diagnostic,candidate_name,liq_pdh_breakout_follow_h12_tp06_sl065,dxy_z60,dxy_z60_ge_q80,ge,0.8,macro_only,[],285,REJECT_TOO_FEW_EVENTS,inf,5.567499999999745,47,0.5558783995110249,0.1757203378301524,0.08988242312225046,-27.902850000001045,-77.25285000000108,-110.152850000001,0.2553191489361702,-2.00612500000002,-107.18607500000105,1,4,STAGE31C_REJECT_NO_ROBUST_EDGE,-4.267855679209634
stage31b_top_diagnostic,candidate_name,liq_pdh_breakout_follow_h12_tp06_sl065,vix_value,vix_value_le_q30,le,0.3,h1_atr_rank_le_q30,"[[""h1_atr20_pct_rank_250"", ""le"", 0.3]]",285,REJECT_TOO_FEW_EVENTS,inf,4.561400000000686,31,0.31187976396770756,0.02495860130334818,0.000910461258220144,-22.78357500000003,-55.333575,-77.03357499999998,0.12903225806451613,-2.4452000000000225,-66.63222874999947,0,2,STAGE31C_REJECT_NO_ROBUST_EDGE,-5.511741079433611
stage31b_top_diagnostic,candidate_name,handoff_divergence_fade_h13_tp06_sl065,vix_value,vix_value_le_q30,le,0.3,h1_atr_rank_le_q30,"[[""h1_atr20_pct_rank_250"", ""le"", 0.3]]",522,REJECT_TOO_FEW_EVENTS,inf,5.936999999999717,50,0.39787424688417145,0.03650190292337311,0.007444048952881296,-29.70189999999821,-82.20189999999822,-117.20189999999818,0.22,-2.272624999999971,-97.3589524999973,1,3,STAGE31C_REJECT_NO_ROBUST_EDGE,-5.69334239995443
stage31b_top_diagnostic,candidate_name,liq_pdh_breakout_follow_h12_tp06_sl065,oil_z60,oil_z60_le_q30,le,0.3,h1_atr_q30_and_london_q60_prior_q25,"[[""h1_atr20_pct_rank_250"", ""le"", 0.3], [""london_range"", ""ge"", 0.6], [""prior_day_range"", ""ge"", 0.25]]",285,REJECT_TOO_FEW_EVENTS,inf,1.9351000000002387,12,0.08491320899460596,0.020001334434881123,0.0,-32.565124999998446,-45.16512499999844,-53.565124999998446,0.16666666666666666,-3.974974999999995,-56.35290624999827,0,2,STAGE31C_REJECT_NO_ROBUST_EDGE,-5.934144468150946
stage31b_top_diagnostic,family,high_range_asia_london_alignment_v1,oil_rank250,oil_rank250_le_q20,le,0.2,london_q60_prior_q25,"[[""london_range"", ""ge"", 0.6], [""prior_day_range"", ""ge"", 0.25]]",414,REJECT_TOO_FEW_EVENTS,inf,8.010299999999736,52,0.6609565915026887,0.4079982848188273,0.2880789938563988,-48.18687500000415,-102.78687500000417,-139.18687500000414,0.4230769230769231,-3.8118250000001352,-164.8994587500056,1,4,STAGE31C_REJECT_NO_ROBUST_EDGE,-6.091361613886832
stage31b_top_diagnostic,candidate_name,handoff_align_follow_h13_tp06_sl065,vix_value,vix_value_le_q20,le,0.2,london_q40_prior_q30,"[[""london_range"", ""ge"", 0.4], [""prior_day_range"", ""ge"", 0.3]]",540,REJECT_TOO_FEW_EVENTS,inf,4.725200000000042,82,0.6985200592395453,0.1238063570267382,0.02964802676572648,-25.16592500000111,-111.26592500000112,-168.6659250000011,0.3780487804878049,-0.3260000000000445,-136.14150000000114,1,3,STAGE31C_REJECT_NO_ROBUST_EDGE,-6.377011822669882
stage31b_top_diagnostic,family,high_range_asia_london_alignment_v1,vix_rank250,vix_rank250_le_q30,le,0.3,macro_only,[],414,REJECT_TOO_FEW_EVENTS,inf,8.010299999999736,69,0.6428694426960567,0.26996748759543504,0.1493093368410913,-38.93852500000539,-111.38852500000544,-159.68852500000534,0.37681159420289856,-2.8517749999999977,-148.7072187500053,1,4,STAGE31C_REJECT_NO_ROBUST_EDGE,-6.3773012141820935
stage31b_top_diagnostic,family,high_range_asia_london_alignment_v1,dxy_z60,dxy_z60_ge_q70,ge,0.7,macro_only,[],414,REJECT_TOO_FEW_EVENTS,inf,17.41079999999947,72,0.657312710886487,0.2580788641566403,0.13674463454170518,-37.15882500000152,-112.75882500000154,-163.1588250000015,0.4027777777777778,-2.9450499999999464,-150.35745000000156,1,4,STAGE31C_REJECT_NO_ROBUST_EDGE,-6.46598782026701
stage31b_top_diagnostic,candidate_name,liq_pdh_breakout_follow_h12_tp06_sl065,oil_z60,oil_z60_le_q30,le,0.3,h1_atr_rank_le_q30,"[[""h1_atr20_pct_rank_250"", ""le"", 0.3]]",285,REJECT_TOO_FEW_EVENTS,inf,1.9351000000002387,16,0.12502193321981492,0.018841894870053395,0.0,-33.90889999999817,-50.70889999999818,-61.90889999999817,0.1875,-3.1900999999999384,-64.99001374999722,0,3,STAGE31C_REJECT_NO_ROBUST_EDGE,-6.531971738799145
stage31b_top_diagnostic,candidate_name,handoff_align_follow_h13_tp06_sl065,vix_value,vix_value_le_q20,le,0.2,h1_atr_rank_le_q30,"[[""h1_atr20_pct_rank_250"", ""le"", 0.3]]",540,REJECT_TOO_FEW_EVENTS,inf,4.725200000000042,65,0.6192871785553782,0.010086320761009094,0.0,-17.07655000000046,-85.32655000000045,-130.82655000000042,0.09230769230769231,-0.6277999999998882,-100.9698037499993,0,2,STAGE31C_REJECT_NO_ROBUST_EDGE,-6.980281979889918
stage31b_top_diagnostic,family,high_range_asia_london_alignment_v1,dxy_z60,dxy_z60_ge_q80,ge,0.8,macro_only,[],414,REJECT_TOO_FEW_EVENTS,inf,17.41079999999947,63,0.5811375789275534,0.23723572416689906,0.12927935162648851,-43.03747500000218,-109.18747500000221,-153.2874750000021,0.36507936507936506,-3.0350750000001425,-145.38952125000125,1,4,STAGE31C_REJECT_NO_ROBUST_EDGE,-6.99874891432534
stage31b_top_diagnostic,candidate_name,liq_pdh_breakout_follow_h12_tp06_sl065,vix_value,vix_value_le_q30,le,0.3,london_q60_prior_q25,"[[""london_range"", ""ge"", 0.6], [""prior_day_range"", ""ge"", 0.25]]",285,REJECT_TOO_FEW_EVENTS,inf,4.561400000000686,40,0.332595378718833,0.09438191693626252,0.0315292897939657,-45.73992499999849,-87.7399249999985,-115.7399249999985,0.325,-3.0495375000001785,-108.55650999999854,1,4,STAGE31C_REJECT_NO_ROBUST_EDGE,-7.131881671461288
stage31b_top_diagnostic,family,high_range_asia_london_alignment_v1,vix_value,vix_value_le_q30,le,0.3,london_q60_prior_q25,"[[""london_range"", ""ge"", 0.6], [""prior_day_range"", ""ge"", 0.25]]",414,REJECT_TOO_FEW_EVENTS,inf,8.010299999999736,91,0.6667274944217846,0.2647164218924374,0.132614490369265,-47.21032500000555,-142.76032500000557,-206.46032500000558,0.45054945054945056,-3.0900000000000545,-190.85118125000608,2,4,STAGE31C_REJECT_NO_ROBUST_EDGE,-7.540969382099428
stage31b_top_diagnostic,family,high_range_asia_london_alignment_v1,oil_rank250,oil_rank250_le_q20,le,0.2,macro_only,[],414,REJECT_TOO_FEW_EVENTS,inf,8.010299999999736,65,0.6826733993764436,0.400230411662586,0.2715990253422784,-50.500450000005685,-118.75045000000569,-164.25045000000566,0.4307692307692308,-3.433200000000079,-185.5739887500044,1,4,STAGE31C_REJECT_NO_ROBUST_EDGE,-7.565044219505815
default_grid,ALL,ALL,real_yield_ret_5,real_yield_ret_5_ge_q80,ge,0.8,h1_atr_q30_and_london_q60_prior_q25,"[[""h1_atr20_pct_rank_250"", ""le"", 0.3], [""london_range"", ""ge"", 0.6], [""prior_day_range"", ""ge"", 0.25]]",17124,,,,21,0.45630032513782864,0.3300574860815449,0.2612160146908316,-55.58017500000242,-77.63017500000245,-92.33017500000238,0.38095238095238093,-8.571124999999848,-125.15247750000289,0,1,STAGE31C_REJECT_NO_ROBUST_EDGE,-7.575202455421614
default_grid,ALL,ALL,real_yield_ret_1,real_yield_ret_1_ge_q80,ge,0.8,h1_atr_q30_and_london_q60_prior_q25,"[[""h1_atr20_pct_rank_250"", ""le"", 0.3], [""london_range"", ""ge"", 0.6], [""prior_day_range"", ""ge"", 0.25]]",17124,,,,34,0.4977188110698188,0.26706282108381596,0.17394614118107787,-46.95147500000384,-82.65147500000386,-106.45147500000382,0.3235294117647059,-5.230774999999904,-123.39351750000553,0,3,STAGE31C_REJECT_NO_ROBUST_EDGE,-7.6684105994381895
stage31b_top_diagnostic,family,high_range_asia_london_alignment_v1,oil_z60,oil_z60_le_q20,le,0.2,macro_only,[],414,REJECT_TOO_FEW_EVENTS,inf,8.010299999999736,49,0.5452660555432206,0.3265778775683344,0.23319808529504754,-59.97282500000406,-111.42282500000407,-145.72282500000404,0.30612244897959184,-3.8118250000001352,-159.88158000000348,1,4,STAGE31C_REJECT_NO_ROBUST_EDGE,-8.037790383137047
default_grid,ALL,ALL,us10y_rank250,us10y_rank250_ge_q80,ge,0.8,h1_atr_q30_and_london_q60_prior_q25,"[[""h1_atr20_pct_rank_250"", ""le"", 0.3], [""london_range"", ""ge"", 0.6], [""prior_day_range"", ""ge"", 0.25]]",17124,,,,124,0.9583186832109124,0.554310375472362,0.3727309962764856,-10.53582499999575,-140.73582499999574,-227.53582499999573,0.5161290322580645,0.0345999999998185,-220.35812624999392,0,2,STAGE31C_REJECT_NO_ROBUST_EDGE,-8.05746107266971
stage31b_top_diagnostic,family,high_range_asia_london_alignment_v1,oil_z60,oil_z60_le_q20,le,0.2,london_q60_prior_q25,"[[""london_range"", ""ge"", 0.6], [""prior_day_range"", ""ge"", 0.25]]",414,REJECT_TOO_FEW_EVENTS,inf,8.010299999999736,39,0.4858250400047751,0.31123097990420084,0.2307349673750876,-63.091350000002755,-104.04135000000284,-131.34135000000273,0.3076923076923077,-4.51220000000003,-153.72945625000185,1,4,STAGE31C_REJECT_NO_ROBUST_EDGE,-8.155358143958017
stage31b_top_diagnostic,candidate_name,handoff_divergence_fade_h13_tp06_sl065,vix_value,vix_value_le_q30,le,0.3,london_q40_prior_q30,"[[""london_range"", ""ge"", 0.4], [""prior_day_range"", ""ge"", 0.3]]",522,REJECT_TOO_FEW_EVENTS,inf,5.936999999999717,111,0.7003782335381494,0.12024147142582409,0.024733101340145384,-32.793474999998686,-149.34347499999868,-227.0434749999986,0.34234234234234234,-0.3559999999999035,-183.8010475000004,2,4,STAGE31C_REJECT_NO_ROBUST_EDGE,-8.823052755381063
stage31b_top_diagnostic,family,high_range_asia_london_alignment_v1,oil_z60,oil_z60_le_q30,le,0.3,macro_only,[],414,REJECT_TOO_FEW_EVENTS,inf,8.010299999999736,68,0.6028008898850346,0.33221214236737207,0.218492802130295,-62.63612500000274,-134.03612500000278,-181.63612500000275,0.36764705882352944,-3.433200000000079,-181.41390749999977,1,4,STAGE31C_REJECT_NO_ROBUST_EDGE,-9.478215242805366
stage31b_top_diagnostic,family,high_range_asia_london_alignment_v1,oil_rank250,oil_rank250_le_q20,le,0.2,london_q40_prior_q30,"[[""london_range"", ""ge"", 0.4], [""prior_day_range"", ""ge"", 0.3]]",414,REJECT_TOO_FEW_EVENTS,inf,8.010299999999736,59,0.5902793988693589,0.3577850681423871,0.25056906565124054,-65.20435000000509,-127.15435000000511,-168.4543500000051,0.3728813559322034,-3.662000000000171,-185.78271250000375,1,4,STAGE31C_REJECT_NO_ROBUST_EDGE,-9.524443680971865
default_grid,ALL,ALL,us10y_ret_1,us10y_ret_1_ge_q80,ge,0.8,h1_atr_q30_and_london_q60_prior_q25,"[[""h1_atr20_pct_rank_250"", ""le"", 0.3], [""london_range"", ""ge"", 0.6], [""prior_day_range"", ""ge"", 0.25]]",17124,,,,108,0.8559696847516134,0.5060214934056726,0.33931729565889074,-36.132950000005,-149.53295000000497,-225.13295000000497,0.5,0.20140000000001246,-224.2885950000047,0,3,STAGE31C_REJECT_NO_ROBUST_EDGE,-9.750240633308444
stage31b_top_diagnostic,candidate_name,liq_pdh_breakout_follow_h12_tp06_sl065,vix_value,vix_value_le_q30,le,0.3,london_q40_prior_q30,"[[""london_range"", ""ge"", 0.4], [""prior_day_range"", ""ge"", 0.3]]",285,REJECT_TOO_FEW_EVENTS,inf,4.561400000000686,54,0.31044945934109475,0.0775871738111832,0.02414051084281171,-57.81817499999866,-114.51817499999868,-152.31817499999863,0.24074074074074073,-2.838937500000065,-138.07825874999898,1,4,STAGE31C_REJECT_NO_ROBUST_EDGE,-10.083296656016737
stage31b_top_diagnostic,family,high_range_asia_london_alignment_v1,oil_z60,oil_z60_le_q20,le,0.2,london_q40_prior_q30,"[[""london_range"", ""ge"", 0.4], [""prior_day_range"", ""ge"", 0.3]]",414,REJECT_TOO_FEW_EVENTS,inf,8.010299999999736,43,0.4520033566989082,0.2859035479103318,0.210760221247183,-72.27282500000322,-117.42282500000326,-147.52282500000322,0.27906976744186046,-4.344175000000087,-166.89961875000415,1,4,STAGE31C_REJECT_NO_ROBUST_EDGE,-10.08518707340848
stage31b_top_diagnostic,family,high_range_asia_london_alignment_v1,oil_rank250,oil_rank250_le_q30,le,0.3,london_q60_prior_q25,"[[""london_range"", ""ge"", 0.6], [""prior_day_range"", ""ge"", 0.25]]",414,REJECT_TOO_FEW_EVENTS,inf,8.010299999999736,77,0.6922404724387095,0.42055958604762034,0.28730588612091823,-64.0183750000048,-144.86837500000485,-198.76837500000482,0.4805194805194805,-3.2771999999999024,-213.219721250005,1,4,STAGE31C_REJECT_NO_ROBUST_EDGE,-10.093004157540857
stage31b_top_diagnostic,candidate_name,liq_pdh_breakout_follow_h12_tp06_sl065,oil_z60,oil_z60_le_q30,le,0.3,london_q40_prior_q30,"[[""london_range"", ""ge"", 0.4], [""prior_day_range"", ""ge"", 0.3]]",285,REJECT_TOO_FEW_EVENTS,inf,1.9351000000002387,42,0.37429999187062424,0.19003262855345343,0.11487522654398932,-67.92397499999828,-112.0239749999983,-141.42397499999828,0.30952380952380953,-3.577012500000046,-152.17880749999858,1,4,STAGE31C_REJECT_NO_ROBUST_EDGE,-10.251510683289268
default_grid,ALL,ALL,real_yield_rank250,real_yield_rank250_ge_q80,ge,0.8,h1_atr_q30_and_london_q60_prior_q25,"[[""h1_atr20_pct_rank_250"", ""le"", 0.3], [""london_range"", ""ge"", 0.6], [""prior_day_range"", ""ge"", 0.25]]",17124,,,,110,0.8293135591059235,0.46863071676466095,0.3122707018648879,-39.82234999999628,-155.3223499999963,-232.32234999999628,0.4818181818181818,-1.4,-219.55430374999565,0,3,STAGE31C_REJECT_NO_ROBUST_EDGE,-10.574560212393251
stage31b_top_diagnostic,candidate_name,liq_pdh_breakout_follow_h12_tp06_sl065,oil_z60,oil_z60_le_q30,le,0.3,london_q60_prior_q25,"[[""london_range"", ""ge"", 0.6], [""prior_day_range"", ""ge"", 0.25]]",285,REJECT_TOO_FEW_EVENTS,inf,1.9351000000002387,39,0.33470983667227805,0.1822704560217836,0.11443063827877614,-73.79474999999807,-114.74474999999816,-142.04474999999806,0.28205128205128205,-3.919400000000132,-146.58688624999948,1,4,STAGE31C_REJECT_NO_ROBUST_EDGE,-10.62339219916685
stage31b_top_diagnostic,family,high_range_asia_london_alignment_v1,oil_z60,oil_z60_le_q30,le,0.3,london_q60_prior_q25,"[[""london_range"", ""ge"", 0.6], [""prior_day_range"", ""ge"", 0.25]]",414,REJECT_TOO_FEW_EVENTS,inf,8.010299999999736,55,0.5267321625944595,0.31278861035230365,0.2159151339750075,-70.28645000000138,-128.03645000000145,-166.5364500000014,0.34545454545454546,-3.9915500000000974,-186.31865125000115,1,4,STAGE31C_REJECT_NO_ROBUST_EDGE,-10.628030923077134
default_grid,ALL,ALL,real_yield_ret_5,real_yield_ret_5_ge_q80,ge,0.8,h1_atr_rank_le_q30,"[[""h1_atr20_pct_rank_250"", ""le"", 0.3]]",17124,,,,41,0.46538730028887976,0.26356027757188666,0.19376921717460505,-64.08152500000195,-107.13152500000197,-135.83152500000196,0.24390243902439024,-2.728924999999799,-156.01535000000246,0,2,STAGE31C_REJECT_NO_ROBUST_EDGE,-11.003240355583033
default_grid,ALL,ALL,us10y_ret_5,us10y_ret_5_ge_q80,ge,0.8,h1_atr_q30_and_london_q60_prior_q25,"[[""h1_atr20_pct_rank_250"", ""le"", 0.3], [""london_range"", ""ge"", 0.6], [""prior_day_range"", ""ge"", 0.25]]",17124,,,,90,0.7480363951425366,0.41745795124390384,0.2725037351755518,-52.71657500000354,-147.21657500000356,-210.21657500000353,0.45555555555555555,-0.0678500000000439,-216.4330100000049,0,3,STAGE31C_REJECT_NO_ROBUST_EDGE,-11.278713546859358
stage31b_top_diagnostic,candidate_name,liq_pdh_breakout_follow_h12_tp06_sl065,oil_z60,oil_z60_le_q30,le,0.3,macro_only,[],285,REJECT_TOO_FEW_EVENTS,inf,1.9351000000002387,54,0.4120816273096005,0.1777718100605446,0.10034683420844201,-70.0569999999974,-126.75699999999745,-164.5569999999974,0.3148148148148148,-3.0626999999998588,-171.44710249999613,1,4,STAGE31C_REJECT_NO_ROBUST_EDGE,-11.668949687560337
default_grid,ALL,ALL,vix_rank250,vix_rank250_le_q20,le,0.2,h1_atr_q30_and_london_q60_prior_q25,"[[""h1_atr20_pct_rank_250"", ""le"", 0.3], [""london_range"", ""ge"", 0.6], [""prior_day_range"", ""ge"", 0.25]]",17124,,,,91,0.5648060371609464,0.07411551734584086,0.018513201394908755,-40.44881999999971,-135.9988199999997,-199.6988199999997,0.24175824175824176,-1.4,-163.40457024999844,0,3,STAGE31C_REJECT_NO_ROBUST_EDGE,-11.854902533461848
default_grid,ALL,ALL,vix_z60,vix_z60_le_q20,le,0.2,h1_atr_q30_and_london_q60_prior_q25,"[[""h1_atr20_pct_rank_250"", ""le"", 0.3], [""london_range"", ""ge"", 0.6], [""prior_day_range"", ""ge"", 0.25]]",17124,,,,166,1.0707972360791553,0.4104410871421493,0.19578041791516812,14.009750000003255,-160.29024999999677,-276.49024999999665,0.5542168674698795,0.17244999999988986,-215.3229212499994,0,4,STAGE31C_REJECT_NO_ROBUST_EDGE,-11.907638519417482
stage31b_top_diagnostic,family,high_range_asia_london_alignment_v1,oil_rank250,oil_rank250_le_q30,le,0.3,macro_only,[],414,REJECT_TOO_FEW_EVENTS,inf,8.010299999999736,96,0.7030553982751563,0.4037122448187183,0.2641422943240596,-68.93805000000688,-169.73805000000687,-236.93805000000688,0.4791666666666667,-3.2355999999998857,-236.6716775000036,1,4,STAGE31C_REJECT_NO_ROBUST_EDGE,-12.113697249517445
stage31b_top_diagnostic,family,high_range_asia_london_alignment_v1,oil_z60,oil_z60_le_q30,le,0.3,london_q40_prior_q30,"[[""london_range"", ""ge"", 0.4], [""prior_day_range"", ""ge"", 0.3]]",414,REJECT_TOO_FEW_EVENTS,inf,8.010299999999736,59,0.4960641468053434,0.29182873190939596,0.200630049096051,-79.46792500000187,-141.41792500000187,-182.71792500000188,0.3220338983050847,-3.9915500000000974,-193.36296125000197,1,4,STAGE31C_REJECT_NO_ROBUST_EDGE,-12.189133047022123
stage31b_top_diagnostic,family,high_range_asia_london_alignment_v1,vix_value,vix_value_le_q30,le,0.3,h1_atr_rank_le_q30,"[[""h1_atr20_pct_rank_250"", ""le"", 0.3]]",414,REJECT_TOO_FEW_EVENTS,inf,8.010299999999736,69,0.33169211113302444,0.04491490907731479,0.0031535650295985407,-63.03137500000495,-135.48137500000496,-183.78137500000489,0.2463768115942029,-3.0350750000001425,-157.91177875000542,0,2,STAGE31C_REJECT_NO_ROBUST_EDGE,-14.081963086609226
stage31b_top_diagnostic,family,high_range_asia_london_alignment_v1,vix_value,vix_value_le_q30,le,0.3,london_q40_prior_q30,"[[""london_range"", ""ge"", 0.4], [""prior_day_range"", ""ge"", 0.3]]",414,REJECT_TOO_FEW_EVENTS,inf,8.010299999999736,121,0.6225282990386662,0.21361730815118157,0.10183856227721297,-66.64252500000664,-193.6925250000066,-278.3925250000067,0.3884297520661157,-3.0503499999998893,-239.87427500000743,2,4,STAGE31C_REJECT_NO_ROBUST_EDGE,-14.819438919380364
stage31b_top_diagnostic,family,high_range_asia_london_alignment_v1,oil_rank250,oil_rank250_le_q30,le,0.3,london_q40_prior_q30,"[[""london_range"", ""ge"", 0.4], [""prior_day_range"", ""ge"", 0.3]]",414,REJECT_TOO_FEW_EVENTS,inf,8.010299999999736,87,0.6202497049960819,0.3693762988175656,0.24997999474948535,-88.16205000000573,-179.5120500000058,-240.41205000000576,0.42528735632183906,-3.4253999999999905,-254.0815937500054,1,4,STAGE31C_REJECT_NO_ROBUST_EDGE,-15.261601720327253
stage31b_top_diagnostic,candidate_name,liq_pdh_breakout_follow_h12_tp06_sl065,vix_value,vix_value_le_q30,le,0.3,macro_only,[],285,REJECT_TOO_FEW_EVENTS,inf,4.561400000000686,110,0.4246107186631126,0.05433029086290008,0.014158914272811256,-69.85409999999817,-185.3540999999982,-262.35409999999825,0.17272727272727273,-2.309512500000005,-216.93934374999594,1,4,STAGE31C_REJECT_NO_ROBUST_EDGE,-16.78243862177937
default_grid,ALL,ALL,spx_ret_1,spx_ret_1_ge_q80,ge,0.8,h1_atr_q30_and_london_q60_prior_q25,"[[""h1_atr20_pct_rank_250"", ""le"", 0.3], [""london_range"", ""ge"", 0.6], [""prior_day_range"", ""ge"", 0.25]]",17124,,,,251,1.1791636864808202,0.48946783910132063,0.2743976679754995,51.075499999999636,-212.47450000000035,-388.17450000000036,0.46613545816733065,-0.4054999999999835,-291.6656562499981,1,4,STAGE31C_REJECT_NO_ROBUST_EDGE,-17.838463749584736
default_grid,ALL,ALL,us10y_chg_1,us10y_chg_1_ge_q80,ge,0.8,h1_atr_q30_and_london_q60_prior_q25,"[[""h1_atr20_pct_rank_250"", ""le"", 0.3], [""london_range"", ""ge"", 0.6], [""prior_day_range"", ""ge"", 0.25]]",17124,,,,148,0.8461318312262158,0.44919302519187054,0.2853974800512052,-44.69097500000831,-200.0909750000083,-303.6909750000083,0.4594594594594595,-0.0851000000001476,-278.6471337500078,0,3,STAGE31C_REJECT_NO_ROBUST_EDGE,-18.307934015377697
default_grid,ALL,ALL,real_yield_ret_1,real_yield_ret_1_ge_q80,ge,0.8,h1_atr_rank_le_q30,"[[""h1_atr20_pct_rank_250"", ""le"", 0.3]]",17124,,,,122,0.6155846401718152,0.15465427750504088,0.07652235787792147,-57.01799500000497,-185.11799500000498,-270.517995000005,0.19672131147540983,-0.687649999999985,-233.04968075000428,0,4,STAGE31C_REJECT_NO_ROBUST_EDGE,-18.311651330938616
default_grid,ALL,ALL,us10y_chg_5,us10y_chg_5_ge_q80,ge,0.8,h1_atr_q30_and_london_q60_prior_q25,"[[""h1_atr20_pct_rank_250"", ""le"", 0.3], [""london_range"", ""ge"", 0.6], [""prior_day_range"", ""ge"", 0.25]]",17124,,,,152,0.7464616356385726,0.34235923498998766,0.1926659857563996,-68.47715000000214,-228.07715000000218,-334.47715000000215,0.4407894736842105,-0.3888499999999566,-297.61983000000095,0,3,STAGE31C_REJECT_NO_ROBUST_EDGE,-23.49445020707479
default_grid,ALL,ALL,us10y_rank250,us10y_rank250_ge_q70,ge,0.7,h1_atr_q30_and_london_q60_prior_q25,"[[""h1_atr20_pct_rank_250"", ""le"", 0.3], [""london_range"", ""ge"", 0.6], [""prior_day_range"", ""ge"", 0.25]]",17124,,,,235,1.0174940205884464,0.5480415659319989,0.35475739623281743,7.262525000005343,-239.48747499999467,-403.9874749999947,0.5106382978723404,0.0117999999998574,-337.7377099999967,0,4,STAGE31C_REJECT_NO_ROBUST_EDGE,-23.936187755748044
stage31b_top_diagnostic,candidate_name,handoff_align_follow_h13_tp06_sl065,vix_value,vix_value_le_q20,le,0.2,macro_only,[],540,REJECT_TOO_FEW_EVENTS,inf,4.725200000000042,191,0.6495367506250954,0.06564579525442368,0.013099326341982217,-56.989600000002035,-257.539600000002,-391.23960000000204,0.2198952879581152,-0.6220999999999548,-290.97086625000196,1,3,STAGE31C_REJECT_NO_ROBUST_EDGE,-27.59364805458813
default_grid,ALL,ALL,real_yield_ret_1,real_yield_ret_1_le_q20,le,0.2,h1_atr_rank_le_q30,"[[""h1_atr20_pct_rank_250"", ""le"", 0.3]]",17124,,,,235,0.8397581135998651,0.2571206168976566,0.12438774786880626,-41.77586499999347,-288.5258649999935,-453.0258649999935,0.2765957446808511,-0.5107999999999264,-346.80576074999357,1,4,STAGE31C_REJECT_NO_ROBUST_EDGE,-31.124117377047234
default_grid,ALL,ALL,real_yield_rank250,real_yield_rank250_ge_q70,ge,0.7,h1_atr_q30_and_london_q60_prior_q25,"[[""h1_atr20_pct_rank_250"", ""le"", 0.3], [""london_range"", ""ge"", 0.6], [""prior_day_range"", ""ge"", 0.25]]",17124,,,,200,0.7914864374713296,0.39879674975120616,0.2426362241811235,-76.90367499999749,-286.9036749999975,-426.9036749999976,0.465,-1.4,-370.3672924999992,0,4,STAGE31C_REJECT_NO_ROBUST_EDGE,-32.250219730763156
default_grid,ALL,ALL,real_yield_chg_1,real_yield_chg_1_ge_q80,ge,0.8,h1_atr_q30_and_london_q60_prior_q25,"[[""h1_atr20_pct_rank_250"", ""le"", 0.3], [""london_range"", ""ge"", 0.6], [""prior_day_range"", ""ge"", 0.25]]",17124,,,,111,0.45601418778496083,0.24108022762662204,0.15331577177779387,-168.94182500000582,-285.49182500000575,-363.191825000006,0.3783783783783784,-3.0321499999999104,-354.17335500000644,0,3,STAGE31C_REJECT_NO_ROBUST_EDGE,-33.2337848866235
default_grid,ALL,ALL,real_yield_ret_5,real_yield_ret_5_ge_q70,ge,0.7,h1_atr_q30_and_london_q60_prior_q25,"[[""h1_atr20_pct_rank_250"", ""le"", 0.3], [""london_range"", ""ge"", 0.6], [""prior_day_range"", ""ge"", 0.25]]",17124,,,,169,0.652634019389129,0.32219525094233936,0.18925672194494098,-121.13656499999962,-298.58656499999967,-416.8865649999996,0.4378698224852071,-2.951224999999704,-374.424966250002,0,3,STAGE31C_REJECT_NO_ROBUST_EDGE,-34.60092541529691
stage31b_top_diagnostic,family,high_range_asia_london_alignment_v1,vix_value,vix_value_le_q30,le,0.3,macro_only,[],414,REJECT_TOO_FEW_EVENTS,inf,8.010299999999736,181,0.4940602207884565,0.15273455201342656,0.06673049015734375,-132.84820000000954,-322.8982000000095,-449.5982000000095,0.3149171270718232,-2.960649999999896,-368.2381612500097,2,4,STAGE31C_REJECT_NO_ROBUST_EDGE,-34.907460581737794
stage31b_top_diagnostic,candidate_name,handoff_divergence_fade_h13_tp06_sl065,vix_value,vix_value_le_q30,le,0.3,macro_only,[],522,REJECT_TOO_FEW_EVENTS,inf,5.936999999999717,232,0.5974384084178451,0.06942426008215317,0.011666487857109081,-81.7839500000004,-325.38395000000037,-487.78395000000046,0.20689655172413793,-0.8061499999999113,-362.402351249999,2,4,STAGE31C_REJECT_NO_ROBUST_EDGE,-35.91760401025002
default_grid,ALL,ALL,dxy_ret_1,dxy_ret_1_ge_q80,ge,0.8,h1_atr_q30_and_london_q60_prior_q25,"[[""h1_atr20_pct_rank_250"", ""le"", 0.3], [""london_range"", ""ge"", 0.6], [""prior_day_range"", ""ge"", 0.25]]",17124,,,,221,0.7786240471350719,0.3683584896583014,0.2189555538571466,-88.95789000000565,-321.00789000000566,-475.7078900000058,0.4479638009049774,-0.0581000000001039,-416.8004967500053,1,3,STAGE31C_REJECT_NO_ROBUST_EDGE,-36.381406725489235
default_grid,ALL,ALL,vix_rank250,vix_rank250_le_q30,le,0.3,h1_atr_q30_and_london_q60_prior_q25,"[[""h1_atr20_pct_rank_250"", ""le"", 0.3], [""london_range"", ""ge"", 0.6], [""prior_day_range"", ""ge"", 0.25]]",17124,,,,194,0.537117935872734,0.09880243102300393,0.03956533642301267,-100.29838499999747,-303.9983849999974,-439.79838499999744,0.2268041237113402,-2.3347000000000206,-342.821872499994,0,4,STAGE31C_REJECT_NO_ROBUST_EDGE,-36.39464646907736
default_grid,ALL,ALL,dxy_chg_1,dxy_chg_1_ge_q80,ge,0.8,h1_atr_q30_and_london_q60_prior_q25,"[[""h1_atr20_pct_rank_250"", ""le"", 0.3], [""london_range"", ""ge"", 0.6], [""prior_day_range"", ""ge"", 0.25]]",17124,,,,215,0.7338606186117683,0.34009138432939406,0.19994387948501396,-105.60404000000557,-331.3540400000057,-481.85404000000574,0.4372093023255814,-0.0581000000001039,-416.31458375000665,1,3,STAGE31C_REJECT_NO_ROBUST_EDGE,-37.7504438262669
default_grid,ALL,ALL,dxy_ret_5,dxy_ret_5_ge_q80,ge,0.8,h1_atr_q30_and_london_q60_prior_q25,"[[""h1_atr20_pct_rank_250"", ""le"", 0.3], [""london_range"", ""ge"", 0.6], [""prior_day_range"", ""ge"", 0.25]]",17124,,,,196,0.6897780525652473,0.35748854634299276,0.22121468812871986,-130.15565000000748,-335.9556500000075,-473.1556500000076,0.4642857142857143,-0.7425500000000738,-426.68445375000755,0,3,STAGE31C_REJECT_NO_ROBUST_EDGE,-40.47004347155632
default_grid,ALL,ALL,dxy_chg_5,dxy_chg_5_ge_q80,ge,0.8,h1_atr_q30_and_london_q60_prior_q25,"[[""h1_atr20_pct_rank_250"", ""le"", 0.3], [""london_range"", ""ge"", 0.6], [""prior_day_range"", ""ge"", 0.25]]",17124,,,,196,0.6897780525652473,0.35748854634299276,0.22121468812871986,-130.15565000000748,-335.9556500000075,-473.1556500000076,0.4642857142857143,-0.7425500000000738,-429.5808412500086,0,3,STAGE31C_REJECT_NO_ROBUST_EDGE,-40.61486284655637
default_grid,ALL,ALL,real_yield_ret_5,real_yield_ret_5_le_q20,le,0.2,h1_atr_q30_and_london_q60_prior_q25,"[[""h1_atr20_pct_rank_250"", ""le"", 0.3], [""london_range"", ""ge"", 0.6], [""prior_day_range"", ""ge"", 0.25]]",17124,,,,121,0.4066076807014335,0.2233910842913512,0.14255932157182813,-208.12570999999318,-335.17570999999316,-419.87570999999326,0.36363636363636365,-3.6577750000000377,-405.6091539999931,0,3,STAGE31C_REJECT_NO_ROBUST_EDGE,-40.99388057079814
default_grid,ALL,ALL,vix_z60,vix_z60_le_q20,le,0.2,h1_atr_rank_le_q30,"[[""h1_atr20_pct_rank_250"", ""le"", 0.3]]",17124,,,,320,0.9356803292465286,0.2499137600810453,0.10507794559582193,-19.354124999999158,-355.35412499999916,-579.3541249999992,0.325,-0.46235000000003756,-419.4416674999985,0,4,STAGE31C_REJECT_NO_ROBUST_EDGE,-43.5880464918061
default_grid,ALL,ALL,real_yield_chg_5,real_yield_chg_5_ge_q80,ge,0.8,h1_atr_q30_and_london_q60_prior_q25,"[[""h1_atr20_pct_rank_250"", ""le"", 0.3], [""london_range"", ""ge"", 0.6], [""prior_day_range"", ""ge"", 0.25]]",17124,,,,165,0.4994933654464188,0.2322148274746097,0.13741639401549555,-178.26986499999873,-351.51986499999884,-467.0198649999989,0.36363636363636365,-2.9720249999999395,-428.96051999999986,0,3,STAGE31C_REJECT_NO_ROBUST_EDGE,-43.728198649191796
default_grid,ALL,ALL,us10y_rank250,us10y_rank250_ge_q80,ge,0.8,h1_atr_rank_le_q30,"[[""h1_atr20_pct_rank_250"", ""le"", 0.3]]",17124,,,,270,0.7565437945950575,0.32284044335066425,0.19403631311976127,-89.09589999999615,-372.59589999999616,-561.5958999999962,0.26296296296296295,-1.6590249999999513,-451.5460902499974,0,3,STAGE31C_REJECT_NO_ROBUST_EDGE,-45.832344826513804
default_grid,ALL,ALL,oil_z60,oil_z60_le_q20,le,0.2,h1_atr_q30_and_london_q60_prior_q25,"[[""h1_atr20_pct_rank_250"", ""le"", 0.3], [""london_range"", ""ge"", 0.6], [""prior_day_range"", ""ge"", 0.25]]",17124,,,,235,0.6778767172769363,0.2831585227960747,0.1387990109482111,-125.18307499999207,-371.933074999992,-536.4330749999922,0.46382978723404256,-2.7753999999998995,-454.21095124999226,0,2,STAGE31C_REJECT_NO_ROBUST_EDGE,-46.51707379074522
default_grid,ALL,ALL,spx_ret_1,spx_ret_1_ge_q80,ge,0.8,h1_atr_rank_le_q30,"[[""h1_atr20_pct_rank_250"", ""le"", 0.3]]",17124,,,,382,1.0184267105088654,0.34568891303319893,0.18165166490602308,7.1862250000006895,-393.91377499999936,-661.3137749999994,0.38219895287958117,-0.6842000000000552,-473.29694625000315,1,4,STAGE31C_REJECT_NO_ROBUST_EDGE,-46.87272902254401
default_grid,ALL,ALL,spx_chg_1,spx_chg_1_ge_q80,ge,0.8,h1_atr_q30_and_london_q60_prior_q25,"[[""h1_atr20_pct_rank_250"", ""le"", 0.3], [""london_range"", ""ge"", 0.6], [""prior_day_range"", ""ge"", 0.25]]",17124,,,,435,1.09655847520905,0.5104027118495199,0.2945588554933983,57.69162500000017,-399.0583749999998,-703.5583749999998,0.49195402298850577,-0.0851000000001476,-513.1240187500005,1,4,STAGE31C_REJECT_NO_ROBUST_EDGE,-47.27977589703121
default_grid,ALL,ALL,us10y_ret_1,us10y_ret_1_ge_q70,ge,0.7,h1_atr_q30_and_london_q60_prior_q25,"[[""h1_atr20_pct_rank_250"", ""le"", 0.3], [""london_range"", ""ge"", 0.6], [""prior_day_range"", ""ge"", 0.25]]",17124,,,,262,0.7833895976563897,0.39174239332732946,0.23569259396425665,-106.81307500000091,-381.9130750000011,-565.3130750000009,0.46946564885496184,-0.16085000000011845,-495.1315362500022,0,3,STAGE31C_REJECT_NO_ROBUST_EDGE,-48.0876900033699
default_grid,ALL,ALL,spx_ret_1,spx_ret_1_le_q20,le,0.2,h1_atr_q30_and_london_q60_prior_q25,"[[""h1_atr20_pct_rank_250"", ""le"", 0.3], [""london_range"", ""ge"", 0.6], [""prior_day_range"", ""ge"", 0.25]]",17124,,,,256,0.7401709144102805,0.3183307736523462,0.1749755409284624,-112.50076499999984,-381.30076499999984,-560.5007649999999,0.44921875,-0.0581000000001039,-482.10962999999913,0,3,STAGE31C_REJECT_NO_ROBUST_EDGE,-48.35234809976264
default_grid,ALL,ALL,real_yield_ret_1,real_yield_ret_1_ge_q70,ge,0.7,h1_atr_q30_and_london_q60_prior_q25,"[[""h1_atr20_pct_rank_250"", ""le"", 0.3], [""london_range"", ""ge"", 0.6], [""prior_day_range"", ""ge"", 0.25]]",17124,,,,232,0.7360251992864606,0.4075398550984818,0.2624840263558618,-139.9986000000057,-383.5986000000057,-545.9986000000057,0.47844827586206895,-0.06454999999996275,-504.23235475000934,0,3,STAGE31C_REJECT_NO_ROBUST_EDGE,-48.44614308109278
default_grid,ALL,ALL,real_yield_z60,real_yield_z60_ge_q80,ge,0.8,h1_atr_q30_and_london_q60_prior_q25,"[[""h1_atr20_pct_rank_250"", ""le"", 0.3], [""london_range"", ""ge"", 0.6], [""prior_day_range"", ""ge"", 0.25]]",17124,,,,286,0.766355519374132,0.31998034914869067,0.17595345789121486,-102.50335000000096,-402.80335000000105,-603.0033500000009,0.46503496503496505,-1.4,-493.2077550000008,0,3,STAGE31C_REJECT_NO_ROBUST_EDGE,-51.03710542694838
default_grid,ALL,ALL,real_yield_rank250,real_yield_rank250_ge_q80,ge,0.8,h1_atr_rank_le_q30,"[[""h1_atr20_pct_rank_250"", ""le"", 0.3]]",17124,,,,288,0.6629237480492637,0.2476557047683602,0.1442809676819261,-121.6433749999965,-424.04337499999656,-625.6433749999965,0.20833333333333334,-1.4,-496.16099999999636,0,4,STAGE31C_REJECT_NO_ROBUST_EDGE,-54.15870658158816
default_grid,ALL,ALL,us10y_ret_1,us10y_ret_1_le_q20,le,0.2,h1_atr_q30_and_london_q60_prior_q25,"[[""h1_atr20_pct_rank_250"", ""le"", 0.3], [""london_range"", ""ge"", 0.6], [""prior_day_range"", ""ge"", 0.25]]",17124,,,,242,0.6224180792325998,0.2912546457536297,0.1714885398522771,-184.3555149999906,-438.45551499999044,-607.8555149999906,0.40082644628099173,-0.9717499999999517,-529.8922969999907,1,4,STAGE31C_REJECT_NO_ROBUST_EDGE,-54.74166573305317
default_grid,ALL,ALL,dxy_chg_1,dxy_chg_1_le_q20,le,0.2,h1_atr_q30_and_london_q60_prior_q25,"[[""h1_atr20_pct_rank_250"", ""le"", 0.3], [""london_range"", ""ge"", 0.6], [""prior_day_range"", ""ge"", 0.25]]",17124,,,,311,0.804726643770297,0.3782121931235358,0.21269165955294125,-104.09552500000348,-430.6455250000035,-648.3455250000034,0.4758842443729904,-0.1427000000000133,-527.5026612500056,0,4,STAGE31C_REJECT_NO_ROBUST_EDGE,-54.806796993053496
default_grid,ALL,ALL,spx_ret_5,spx_ret_5_le_q20,le,0.2,h1_atr_q30_and_london_q60_prior_q25,"[[""h1_atr20_pct_rank_250"", ""le"", 0.3], [""london_range"", ""ge"", 0.6], [""prior_day_range"", ""ge"", 0.25]]",17124,,,,314,0.8405167059813966,0.44572045585958614,0.267291409884203,-99.80198999999611,-429.50198999999617,-649.3019899999961,0.5477707006369427,0.34405000000001573,-555.1878644999936,0,3,STAGE31C_REJECT_NO_ROBUST_EDGE,-55.183222026866616
default_grid,ALL,ALL,spx_ret_1,spx_ret_1_ge_q70,ge,0.7,h1_atr_q30_and_london_q60_prior_q25,"[[""h1_atr20_pct_rank_250"", ""le"", 0.3], [""london_range"", ""ge"", 0.6], [""prior_day_range"", ""ge"", 0.25]]",17124,,,,509,1.1130204215579562,0.5218469058236067,0.3008247792505025,79.27138500000359,-455.1786149999964,-811.4786149999965,0.5009823182711198,0.0090999999998531,-571.3073664999964,1,4,STAGE31C_REJECT_NO_ROBUST_EDGE,-55.66146164976138
default_grid,ALL,ALL,oil_rank250,oil_rank250_le_q20,le,0.2,h1_atr_q30_and_london_q60_prior_q25,"[[""h1_atr20_pct_rank_250"", ""le"", 0.3], [""london_range"", ""ge"", 0.6], [""prior_day_range"", ""ge"", 0.25]]",17124,,,,350,0.8490697227385223,0.3853546219407819,0.19881783259167615,-85.36842499999179,-452.8684249999919,-697.8684249999917,0.5285714285714286,0.18850000000006734,-549.4530387499913,1,3,STAGE31C_REJECT_NO_ROBUST_EDGE,-56.110676887724225
default_grid,ALL,ALL,real_yield_chg_1,real_yield_chg_1_le_q20,le,0.2,h1_atr_q30_and_london_q60_prior_q25,"[[""h1_atr20_pct_rank_250"", ""le"", 0.3], [""london_range"", ""ge"", 0.6], [""prior_day_range"", ""ge"", 0.25]]",17124,,,,315,0.7688080138769408,0.30264142048844145,0.15566476498506365,-106.97481500000207,-437.7248150000021,-658.2248150000021,0.4095238095238095,-0.3058999999999741,-525.9047675,0,4,STAGE31C_REJECT_NO_ROBUST_EDGE,-56.41864661017554
default_grid,ALL,ALL,dxy_ret_1,dxy_ret_1_le_q20,le,0.2,h1_atr_q30_and_london_q60_prior_q25,"[[""h1_atr20_pct_rank_250"", ""le"", 0.3], [""london_range"", ""ge"", 0.6], [""prior_day_range"", ""ge"", 0.25]]",17124,,,,333,0.8337780994321877,0.40303655818339656,0.23195195781021113,-96.0047000000007,-445.6547000000007,-678.7547000000005,0.48348348348348347,-0.1235000000000581,-555.4385025000015,0,4,STAGE31C_REJECT_NO_ROBUST_EDGE,-57.37922171192534
default_grid,ALL,ALL,real_yield_ret_5,real_yield_ret_5_le_q20,le,0.2,h1_atr_rank_le_q30,"[[""h1_atr20_pct_rank_250"", ""le"", 0.3]]",17124,,,,221,0.4692390911646794,0.17875958556047347,0.10443034088078164,-211.91650999999476,-443.9665099999946,-598.6665099999949,0.2081447963800905,-0.742100000000073,-532.3774352499925,0,4,STAGE31C_REJECT_NO_ROBUST_EDGE,-58.810205543371225
default_grid,ALL,ALL,oil_ret_1,oil_ret_1_le_q20,le,0.2,h1_atr_q30_and_london_q60_prior_q25,"[[""h1_atr20_pct_rank_250"", ""le"", 0.3], [""london_range"", ""ge"", 0.6], [""prior_day_range"", ""ge"", 0.25]]",17124,,,,231,0.6275635808416843,0.35114915813079567,0.22796106443289618,-211.09185999998934,-453.64185999998915,-615.3418599999895,0.44155844155844154,-2.95902500000002,-560.3693872499873,0,3,STAGE31C_REJECT_NO_ROBUST_EDGE,-58.95931952345873
default_grid,ALL,ALL,real_yield_chg_5,real_yield_chg_5_le_q20,le,0.2,h1_atr_q30_and_london_q60_prior_q25,"[[""h1_atr20_pct_rank_250"", ""le"", 0.3], [""london_range"", ""ge"", 0.6], [""prior_day_range"", ""ge"", 0.25]]",17124,,,,202,0.45277437697193085,0.20564689761703553,0.12226379621425323,-240.5389599999961,-452.638959999996,-594.0389599999962,0.3564356435643564,-3.0847999999999955,-526.1545807499967,0,4,STAGE31C_REJECT_NO_ROBUST_EDGE,-59.02610087647207
default_grid,ALL,ALL,us10y_ret_5,us10y_ret_5_ge_q80,ge,0.8,h1_atr_rank_le_q30,"[[""h1_atr20_pct_rank_250"", ""le"", 0.3]]",17124,,,,293,0.6117467130789773,0.19439633512406487,0.10643610249768572,-150.7634550000053,-458.41345500000534,-663.5134550000053,0.22525597269624573,-1.998974999999882,-546.0218820000039,0,4,STAGE31C_REJECT_NO_ROBUST_EDGE,-60.772731838769346
default_grid,ALL,ALL,spx_rank250,spx_rank250_le_q20,le,0.2,h1_atr_q30_and_london_q60_prior_q25,"[[""h1_atr20_pct_rank_250"", ""le"", 0.3], [""london_range"", ""ge"", 0.6], [""prior_day_range"", ""ge"", 0.25]]",17124,,,,253,0.6717301405111322,0.3715783112084909,0.24043333019010377,-201.0505250000013,-466.70052500000145,-643.8005250000014,0.5098814229249012,0.0742000000001099,-604.5226490000091,0,2,STAGE31C_REJECT_NO_ROBUST_EDGE,-62.21866851715528
default_grid,ALL,ALL,vix_z60,vix_z60_le_q30,le,0.3,h1_atr_q30_and_london_q60_prior_q25,"[[""h1_atr20_pct_rank_250"", ""le"", 0.3], [""london_range"", ""ge"", 0.6], [""prior_day_range"", ""ge"", 0.25]]",17124,,,,397,0.8855925345429709,0.38971863291369374,0.2082753162975888,-67.84307499999679,-484.6930749999967,-762.5930749999967,0.48866498740554154,-0.1984999999998762,-574.5953275,0,4,STAGE31C_REJECT_NO_ROBUST_EDGE,-62.46878628067239
default_grid,ALL,ALL,oil_age_hours,oil_age_hours_le_q20,le,0.2,h1_atr_q30_and_london_q60_prior_q25,"[[""h1_atr20_pct_rank_250"", ""le"", 0.3], [""london_range"", ""ge"", 0.6], [""prior_day_range"", ""ge"", 0.25]]",17124,,,,349,0.7880581206360605,0.3344713518252808,0.18457812175619928,-114.41782500000284,-480.8678250000029,-725.1678250000028,0.4183381088825215,-0.3347000000000206,-573.5761350000013,0,4,STAGE31C_REJECT_NO_ROBUST_EDGE,-62.68256324472276
default_grid,ALL,ALL,dxy_age_hours,dxy_age_hours_le_q20,le,0.2,h1_atr_q30_and_london_q60_prior_q25,"[[""h1_atr20_pct_rank_250"", ""le"", 0.3], [""london_range"", ""ge"", 0.6], [""prior_day_range"", ""ge"", 0.25]]",17124,,,,349,0.7880581206360605,0.3344713518252808,0.18457812175619928,-114.41782500000284,-480.8678250000029,-725.1678250000028,0.4183381088825215,-0.3347000000000206,-580.4531987499978,0,4,STAGE31C_REJECT_NO_ROBUST_EDGE,-63.026416432222575
default_grid,ALL,ALL,us10y_age_hours,us10y_age_hours_le_q20,le,0.2,h1_atr_q30_and_london_q60_prior_q25,"[[""h1_atr20_pct_rank_250"", ""le"", 0.3], [""london_range"", ""ge"", 0.6], [""prior_day_range"", ""ge"", 0.25]]",17124,,,,349,0.7880581206360605,0.3344713518252808,0.18457812175619928,-114.41782500000284,-480.8678250000029,-725.1678250000028,0.4183381088825215,-0.3347000000000206,-584.2124899999978,0,4,STAGE31C_REJECT_NO_ROBUST_EDGE,-63.214380994722575
default_grid,ALL,ALL,spx_age_hours,spx_age_hours_le_q20,le,0.2,h1_atr_q30_and_london_q60_prior_q25,"[[""h1_atr20_pct_rank_250"", ""le"", 0.3], [""london_range"", ""ge"", 0.6], [""prior_day_range"", ""ge"", 0.25]]",17124,,,,349,0.7880581206360605,0.3344713518252808,0.18457812175619928,-114.41782500000284,-480.8678250000029,-725.1678250000028,0.4183381088825215,-0.3347000000000206,-584.4532687500032,0,4,STAGE31C_REJECT_NO_ROBUST_EDGE,-63.22641993222285
default_grid,ALL,ALL,real_yield_age_hours,real_yield_age_hours_le_q20,le,0.2,h1_atr_q30_and_london_q60_prior_q25,"[[""h1_atr20_pct_rank_250"", ""le"", 0.3], [""london_range"", ""ge"", 0.6], [""prior_day_range"", ""ge"", 0.25]]",17124,,,,349,0.7880581206360605,0.3344713518252808,0.18457812175619928,-114.41782500000284,-480.8678250000029,-725.1678250000028,0.4183381088825215,-0.3347000000000206,-584.5835087500045,0,4,STAGE31C_REJECT_NO_ROBUST_EDGE,-63.23293193222291
default_grid,ALL,ALL,vix_value,vix_value_ge_q80,ge,0.8,h1_atr_q30_and_london_q60_prior_q25,"[[""h1_atr20_pct_rank_250"", ""le"", 0.3], [""london_range"", ""ge"", 0.6], [""prior_day_range"", ""ge"", 0.25]]",17124,,,,204,0.591039108233076,0.3718018796269171,0.2643849927286732,-266.6791750000056,-480.8791750000055,-623.6791750000057,0.47058823529411764,-3.2593249999998988,-603.7381172500116,0,2,STAGE31C_REJECT_NO_ROBUST_EDGE,-63.49926459531727
default_grid,ALL,ALL,oil_z60,oil_z60_le_q30,le,0.3,h1_atr_q30_and_london_q60_prior_q25,"[[""h1_atr20_pct_rank_250"", ""le"", 0.3], [""london_range"", ""ge"", 0.6], [""prior_day_range"", ""ge"", 0.25]]",17124,,,,366,0.8020933957300187,0.3375882453365103,0.15659633590157163,-111.86652499999579,-496.16652499999583,-752.3665249999958,0.5163934426229508,0.09534999999991675,-587.5695144999969,0,2,STAGE31C_REJECT_NO_ROBUST_EDGE,-64.99286042802804
default_grid,ALL,ALL,oil_chg_1,oil_chg_1_le_q20,le,0.2,h1_atr_q30_and_london_q60_prior_q25,"[[""h1_atr20_pct_rank_250"", ""le"", 0.3], [""london_range"", ""ge"", 0.6], [""prior_day_range"", ""ge"", 0.25]]",17124,,,,225,0.563500002953414,0.3173855634016999,0.20849123401252967,-254.94770999998963,-491.1977099999895,-648.6977099999897,0.41333333333333333,-3.1842500000001563,-599.8995192499808,0,3,STAGE31C_REJECT_NO_ROBUST_EDGE,-65.10692639243086
default_grid,ALL,ALL,real_yield_ret_5,real_yield_ret_5_ge_q70,ge,0.7,h1_atr_rank_le_q30,"[[""h1_atr20_pct_rank_250"", ""le"", 0.3]]",17124,,,,295,0.5874739107579098,0.227378269006648,0.12196899681266236,-193.76955999999842,-503.5195599999985,-710.0195599999984,0.29491525423728815,-2.1335250000001,-591.5709094999976,0,4,STAGE31C_REJECT_NO_ROBUST_EDGE,-67.1688427976826
default_grid,ALL,ALL,us10y_chg_1,us10y_chg_1_le_q20,le,0.2,h1_atr_q30_and_london_q60_prior_q25,"[[""h1_atr20_pct_rank_250"", ""le"", 0.3], [""london_range"", ""ge"", 0.6], [""prior_day_range"", ""ge"", 0.25]]",17124,,,,303,0.6466096561837593,0.27459791153295127,0.154170772614298,-190.66758999999342,-508.8175899999933,-720.9175899999937,0.38613861386138615,-0.4667000000000825,-609.4713419999869,0,4,STAGE31C_REJECT_NO_ROBUST_EDGE,-67.99266389421197
default_grid,ALL,ALL,us10y_z60,us10y_z60_ge_q80,ge,0.8,h1_atr_q30_and_london_q60_prior_q25,"[[""h1_atr20_pct_rank_250"", ""le"", 0.3], [""london_range"", ""ge"", 0.6], [""prior_day_range"", ""ge"", 0.25]]",17124,,,,298,0.6347479548094042,0.27548780964236697,0.1504206604639365,-198.01915000000307,-510.9191500000031,-719.519150000003,0.4597315436241611,-1.4,-611.1822512499995,0,3,STAGE31C_REJECT_NO_ROBUST_EDGE,-68.29446682422088
default_grid,ALL,ALL,vix_value,vix_value_ge_q80,ge,0.8,h1_atr_rank_le_q30,"[[""h1_atr20_pct_rank_250"", ""le"", 0.3]]",17124,,,,223,0.5896713621969482,0.36147276660357963,0.2536688838620417,-277.34107500000465,-511.4910750000045,-667.5910750000049,0.452914798206278,-2.9681250000002364,-640.4243462500036,0,3,STAGE31C_REJECT_NO_ROBUST_EDGE,-68.54092161101667
default_grid,ALL,ALL,vix_age_hours,vix_age_hours_le_q20,le,0.2,h1_atr_q30_and_london_q60_prior_q25,"[[""h1_atr20_pct_rank_250"", ""le"", 0.3], [""london_range"", ""ge"", 0.6], [""prior_day_range"", ""ge"", 0.25]]",17124,,,,358,0.7579846109011628,0.3257897419493367,0.1815667278411631,-138.7486750000016,-514.6486750000017,-765.2486750000016,0.4134078212290503,-0.5359999999999672,-621.9733124999991,0,4,STAGE31C_REJECT_NO_ROBUST_EDGE,-68.57936879414211
default_grid,ALL,ALL,dxy_chg_1,dxy_chg_1_ge_q80,ge,0.8,h1_atr_rank_le_q30,"[[""h1_atr20_pct_rank_250"", ""le"", 0.3]]",17124,,,,364,0.725038050547623,0.2533518872763689,0.1349257457084771,-135.79257500000654,-517.9925750000066,-772.7925750000067,0.29945054945054944,-0.6213499999999157,-614.6882220000083,0,4,STAGE31C_REJECT_NO_ROBUST_EDGE,-69.46044674440347
default_grid,ALL,ALL,us10y_ret_5,us10y_ret_5_ge_q70,ge,0.7,h1_atr_q30_and_london_q60_prior_q25,"[[""h1_atr20_pct_rank_250"", ""le"", 0.3], [""london_range"", ""ge"", 0.6], [""prior_day_range"", ""ge"", 0.25]]",17124,,,,318,0.6922937255952689,0.3336860513209861,0.1953697213312675,-191.60542000000532,-525.5054200000054,-748.1054200000056,0.42452830188679247,-0.4054999999999835,-630.1612675000072,0,4,STAGE31C_REJECT_NO_ROBUST_EDGE,-69.94026597646597
default_grid,ALL,ALL,spx_rank250,spx_rank250_le_q20,le,0.2,h1_atr_rank_le_q30,"[[""h1_atr20_pct_rank_250"", ""le"", 0.3]]",17124,,,,282,0.6561971859947205,0.3542030483832567,0.2248472392715829,-227.47400499999932,-523.5740049999994,-720.9740049999994,0.49645390070921985,-2.8756624999999985,-643.4836935000023,0,2,STAGE31C_REJECT_NO_ROBUST_EDGE,-70.09016573408115
default_grid,ALL,ALL,oil_chg_1,oil_chg_1_ge_q80,ge,0.8,h1_atr_q30_and_london_q60_prior_q25,"[[""h1_atr20_pct_rank_250"", ""le"", 0.3], [""london_range"", ""ge"", 0.6], [""prior_day_range"", ""ge"", 0.25]]",17124,,,,325,0.7337048592403422,0.39134677205418067,0.25028548194491884,-185.7652399999972,-527.0152399999972,-754.5152399999972,0.4461538461538462,-0.1699250000000574,-661.6001882500012,0,4,STAGE31C_REJECT_NO_ROBUST_EDGE,-70.8669237641783
default_grid,ALL,ALL,real_yield_ret_1,real_yield_ret_1_ge_q80,ge,0.8,london_q60_prior_q25,"[[""london_range"", ""ge"", 0.6], [""prior_day_range"", ""ge"", 0.25]]",17124,,,,390,0.8473248297986249,0.5053366188306931,0.34479248879062463,-136.94626500001067,-546.4462650000105,-819.4462650000108,0.47435897435897434,-1.4,-694.2617212500186,1,3,STAGE31C_REJECT_NO_ROBUST_EDGE,-70.92517641903255
default_grid,ALL,ALL,us10y_rank250,us10y_rank250_ge_q80,ge,0.8,london_q60_prior_q25,"[[""london_range"", ""ge"", 0.6], [""prior_day_range"", ""ge"", 0.25]]",17124,,,,596,1.0664774954238252,0.7039677111906072,0.5238087257344926,99.25933500000424,-526.5406649999958,-943.7406649999958,0.5318791946308725,0.9098949999999129,-753.1987919999909,0,3,STAGE31C_REJECT_NO_ROBUST_EDGE,-71.17909408515509
default_grid,ALL,ALL,dxy_ret_1,dxy_ret_1_ge_q80,ge,0.8,h1_atr_rank_le_q30,"[[""h1_atr20_pct_rank_250"", ""le"", 0.3]]",17124,,,,397,0.7605695577206216,0.26255940791231797,0.14031724727995282,-122.98020000000616,-539.8302000000061,-817.7302000000061,0.2871536523929471,-0.5578999999999268,-632.4805205000081,0,4,STAGE31C_REJECT_NO_ROBUST_EDGE,-72.42018295675803
default_grid,ALL,ALL,oil_chg_5,oil_chg_5_le_q20,le,0.2,h1_atr_q30_and_london_q60_prior_q25,"[[""h1_atr20_pct_rank_250"", ""le"", 0.3], [""london_range"", ""ge"", 0.6], [""prior_day_range"", ""ge"", 0.25]]",17124,,,,373,0.761798160864089,0.37733290859492674,0.22360184758876014,-160.00631499999398,-551.6563149999939,-812.756314999994,0.4477211796246649,-2.95902500000002,-674.4549494999984,0,3,STAGE31C_REJECT_NO_ROBUST_EDGE,-74.22064249869501
default_grid,ALL,ALL,oil_z60,oil_z60_le_q20,le,0.2,h1_atr_rank_le_q30,"[[""h1_atr20_pct_rank_250"", ""le"", 0.3]]",17124,,,,385,0.69352041061807,0.2173632789351219,0.0987333030797665,-147.62172499999187,-551.8717249999918,-821.3717249999919,0.2961038961038961,-0.6509000000000014,-642.9322159999891,0,3,STAGE31C_REJECT_NO_ROBUST_EDGE,-74.76521729832835
default_grid,ALL,ALL,real_yield_rank250,real_yield_rank250_ge_q80,ge,0.8,london_q60_prior_q25,"[[""london_range"", ""ge"", 0.6], [""prior_day_range"", ""ge"", 0.25]]",17124,,,,512,0.9838872418179803,0.6454878378197504,0.4803821576439566,-21.095249999991807,-558.6952499999918,-917.0952499999918,0.4921875,-0.3065000000000508,-750.4730962499939,0,4,STAGE31C_REJECT_NO_ROBUST_EDGE,-75.01677280372553
default_grid,ALL,ALL,vix_ret_1,vix_ret_1_le_q20,le,0.2,h1_atr_q30_and_london_q60_prior_q25,"[[""h1_atr20_pct_rank_250"", ""le"", 0.3], [""london_range"", ""ge"", 0.6], [""prior_day_range"", ""ge"", 0.25]]",17124,,,,418,0.7858618288147888,0.3116384112422771,0.15287883413631037,-128.8019900000099,-567.7019900000098,-860.30199000001,0.4569377990430622,-0.5613499999999703,-669.295485750012,0,4,STAGE31C_REJECT_NO_ROBUST_EDGE,-76.50707383853356
default_grid,ALL,ALL,vix_chg_1,vix_chg_1_le_q20,le,0.2,h1_atr_q30_and_london_q60_prior_q25,"[[""h1_atr20_pct_rank_250"", ""le"", 0.3], [""london_range"", ""ge"", 0.6], [""prior_day_range"", ""ge"", 0.25]]",17124,,,,396,0.7534715017113552,0.3251880326746846,0.17220532492952817,-156.16301500000807,-571.963015000008,-849.1630150000082,0.4595959595959596,-1.4,-670.3384207500061,0,4,STAGE31C_REJECT_NO_ROBUST_EDGE,-76.77252091103614
default_grid,ALL,ALL,real_yield_chg_5,real_yield_chg_5_ge_q70,ge,0.7,h1_atr_q30_and_london_q60_prior_q25,"[[""h1_atr20_pct_rank_250"", ""le"", 0.3], [""london_range"", ""ge"", 0.6], [""prior_day_range"", ""ge"", 0.25]]",17124,,,,349,0.7003726137174847,0.3472742233516308,0.2032662970603382,-206.38026500000277,-572.8302650000028,-817.1302650000029,0.46131805157593125,-1.4,-685.9645330000043,0,3,STAGE31C_REJECT_NO_ROBUST_EDGE,-77.29544572824284
default_grid,ALL,ALL,real_yield_ret_1,real_yield_ret_1_le_q30,le,0.3,h1_atr_q30_and_london_q60_prior_q25,"[[""h1_atr20_pct_rank_250"", ""le"", 0.3], [""london_range"", ""ge"", 0.6], [""prior_day_range"", ""ge"", 0.25]]",17124,,,,384,0.7652137411586357,0.3745345978953925,0.22604286773806112,-167.68578999999306,-570.885789999993,-839.6857899999932,0.4401041666666667,-0.18199999999992528,-702.4880649999883,0,4,STAGE31C_REJECT_NO_ROBUST_EDGE,-77.56346480009255
default_grid,ALL,ALL,oil_ret_5,oil_ret_5_le_q20,le,0.2,h1_atr_q30_and_london_q60_prior_q25,"[[""h1_atr20_pct_rank_250"", ""le"", 0.3], [""london_range"", ""ge"", 0.6], [""prior_day_range"", ""ge"", 0.25]]",17124,,,,397,0.7666374858497601,0.3569785962585771,0.19695427232106638,-157.0634499999958,-573.9134499999959,-851.8134499999958,0.46851385390428213,-2.598275000000194,-692.4751199999971,0,3,STAGE31C_REJECT_NO_ROBUST_EDGE,-77.65749794812942
default_grid,ALL,ALL,oil_rank250,oil_rank250_le_q20,le,0.2,h1_atr_rank_le_q30,"[[""h1_atr20_pct_rank_250"", ""le"", 0.3]]",17124,,,,430,0.7881597562491592,0.33082490122524877,0.16538255623493367,-139.25385999998957,-590.7538599999896,-891.7538599999896,0.45813953488372094,-0.460699999999997,-693.4916047499873,1,4,STAGE31C_REJECT_NO_ROBUST_EDGE,-77.78018700030611
default_grid,ALL,ALL,dxy_chg_5,dxy_chg_5_le_q20,le,0.2,h1_atr_q30_and_london_q60_prior_q25,"[[""h1_atr20_pct_rank_250"", ""le"", 0.3], [""london_range"", ""ge"", 0.6], [""prior_day_range"", ""ge"", 0.25]]",17124,,,,395,0.7699653487360203,0.37027986686700953,0.2062575654195031,-164.10365499999372,-578.8536549999936,-855.3536549999938,0.5012658227848101,0.0157000000000153,-697.9089227499987,0,4,STAGE31C_REJECT_NO_ROBUST_EDGE,-78.2529827071512
default_grid,ALL,ALL,real_yield_z60,real_yield_z60_ge_q80,ge,0.8,h1_atr_rank_le_q30,"[[""h1_atr20_pct_rank_250"", ""le"", 0.3]]",17124,,,,407,0.6995406920879284,0.24845633291745764,0.1293132729283805,-161.84685000000022,-589.1968500000003,-874.0968500000001,0.3464373464373464,-1.4,-680.0454262500027,0,4,STAGE31C_REJECT_NO_ROBUST_EDGE,-79.92013989161207
default_grid,ALL,ALL,us10y_rank250,us10y_rank250_ge_q70,ge,0.7,h1_atr_rank_le_q30,"[[""h1_atr20_pct_rank_250"", ""le"", 0.3]]",17124,,,,468,0.8233984924567418,0.32987690968900024,0.1938887231061573,-104.46144999999277,-595.8614499999928,-923.4614499999927,0.27564102564102566,-0.9149000000000114,-696.6272189999968,0,4,STAGE31C_REJECT_NO_ROBUST_EDGE,-80.34318196068449
default_grid,ALL,ALL,vix_chg_5,vix_chg_5_ge_q80,ge,0.8,h1_atr_q30_and_london_q60_prior_q25,"[[""h1_atr20_pct_rank_250"", ""le"", 0.3], [""london_range"", ""ge"", 0.6], [""prior_day_range"", ""ge"", 0.25]]",17124,,,,442,0.8077347700591421,0.3471696570992254,0.17967755226792975,-131.72436499998796,-595.8243649999879,-905.224364999988,0.4457013574660634,-0.0851000000001476,-709.601195749989,0,4,STAGE31C_REJECT_NO_ROBUST_EDGE,-80.87208950743427
default_grid,ALL,ALL,spx_ret_5,spx_ret_5_le_q20,le,0.2,h1_atr_rank_le_q30,"[[""h1_atr20_pct_rank_250"", ""le"", 0.3]]",17124,,,,431,0.8050357640060649,0.3750644948657947,0.21136560573280053,-143.0088649999952,-595.5588649999951,-897.2588649999954,0.45707656612529,-0.194300000000021,-735.8811555000013,0,4,STAGE31C_REJECT_NO_ROBUST_EDGE,-81.75383690341043
default_grid,ALL,ALL,real_yield_chg_5,real_yield_chg_5_ge_q80,ge,0.8,h1_atr_rank_le_q30,"[[""h1_atr20_pct_rank_250"", ""le"", 0.3]]",17124,,,,328,0.4702244314409865,0.1538953726243317,0.08194878164392287,-262.74863000000005,-607.14863,-836.74863,0.21646341463414634,-2.2752250000000003,-672.9715867499973,0,4,STAGE31C_REJECT_NO_ROBUST_EDGE,-82.49669348468086
default_grid,ALL,ALL,us10y_chg_5,us10y_chg_5_ge_q70,ge,0.7,h1_atr_q30_and_london_q60_prior_q25,"[[""h1_atr20_pct_rank_250"", ""le"", 0.3], [""london_range"", ""ge"", 0.6], [""prior_day_range"", ""ge"", 0.25]]",17124,,,,377,0.6929600100485096,0.322135653060374,0.18594963827602073,-215.23479500000465,-611.0847950000046,-874.9847950000046,0.41644562334217505,-0.416300000000001,-726.4221635000056,0,4,STAGE31C_REJECT_NO_ROBUST_EDGE,-83.46443259129292
default_grid,ALL,ALL,spx_chg_5,spx_chg_5_le_q20,le,0.2,h1_atr_q30_and_london_q60_prior_q25,"[[""h1_atr20_pct_rank_250"", ""le"", 0.3], [""london_range"", ""ge"", 0.6], [""prior_day_range"", ""ge"", 0.25]]",17124,,,,403,0.7696857312472765,0.40146405522422773,0.2405599191744571,-186.4342299999954,-609.5842299999954,-891.6842299999955,0.5012406947890818,0.0142000000001645,-751.2005872500017,0,3,STAGE31C_REJECT_NO_ROBUST_EDGE,-83.54157213355953
default_grid,ALL,ALL,us10y_chg_5,us10y_chg_5_ge_q80,ge,0.8,h1_atr_rank_le_q30,"[[""h1_atr20_pct_rank_250"", ""le"", 0.3]]",17124,,,,406,0.6141356964039555,0.16810878304517476,0.08198115698954038,-186.59533000000295,-612.8953300000029,-897.0953300000031,0.22660098522167488,-1.4,-689.3426069999996,0,4,STAGE31C_REJECT_NO_ROBUST_EDGE,-83.74765089159035
default_grid,ALL,ALL,oil_ret_1,oil_ret_1_ge_q80,ge,0.8,h1_atr_q30_and_london_q60_prior_q25,"[[""h1_atr20_pct_rank_250"", ""le"", 0.3], [""london_range"", ""ge"", 0.6], [""prior_day_range"", ""ge"", 0.25]]",17124,,,,355,0.6716033583408059,0.3418394407937287,0.21345376652952655,-243.70366499999653,-616.4536649999966,-864.9536649999966,0.4225352112676056,-1.4,-731.6451412499972,0,4,STAGE31C_REJECT_NO_ROBUST_EDGE,-83.95541408844413
default_grid,ALL,ALL,real_yield_ret_1,real_yield_ret_1_ge_q80,ge,0.8,london_q40_prior_q30,"[[""london_range"", ""ge"", 0.4], [""prior_day_range"", ""ge"", 0.3]]",17124,,,,439,0.8422951824428448,0.48371354160404084,0.3225200480737026,-148.38988000001123,-609.339880000011,-916.6398800000113,0.44874715261959,-1.4,-783.6526595000116,0,4,STAGE31C_REJECT_NO_ROBUST_EDGE,-83.98940536666646
default_grid,ALL,ALL,dxy_rank250,dxy_rank250_ge_q80,ge,0.8,h1_atr_q30_and_london_q60_prior_q25,"[[""h1_atr20_pct_rank_250"", ""le"", 0.3], [""london_range"", ""ge"", 0.6], [""prior_day_range"", ""ge"", 0.25]]",17124,,,,439,0.6447610144726531,0.10627364979978252,0.010184314344407893,-166.9783799999954,-627.9283799999954,-935.2283799999954,0.43735763097949887,-0.1988000000000283,-688.6588372499948,0,2,STAGE31C_REJECT_NO_ROBUST_EDGE,-86.12230610712382
default_grid,ALL,ALL,real_yield_z60,real_yield_z60_ge_q70,ge,0.7,h1_atr_q30_and_london_q60_prior_q25,"[[""h1_atr20_pct_rank_250"", ""le"", 0.3], [""london_range"", ""ge"", 0.6], [""prior_day_range"", ""ge"", 0.25]]",17124,,,,429,0.7189007954848573,0.29529866527200793,0.15574830057214928,-187.02022000000244,-637.4702200000024,-937.7702200000024,0.4428904428904429,-2.465674999999828,-723.2805464999989,0,3,STAGE31C_REJECT_NO_ROBUST_EDGE,-86.33506946999151
default_grid,ALL,ALL,us10y_ret_1,us10y_ret_1_ge_q80,ge,0.8,h1_atr_rank_le_q30,"[[""h1_atr20_pct_rank_250"", ""le"", 0.3]]",17124,,,,441,0.6797504050111635,0.21457705697595206,0.11374562116195011,-168.52472500000312,-631.574725000003,-940.2747250000031,0.22675736961451248,-0.7999999999998635,-717.2985082500032,0,4,STAGE31C_REJECT_NO_ROBUST_EDGE,-86.42164485809315
default_grid,ALL,ALL,spx_chg_1,spx_chg_1_le_q20,le,0.2,h1_atr_q30_and_london_q60_prior_q25,"[[""h1_atr20_pct_rank_250"", ""le"", 0.3], [""london_range"", ""ge"", 0.6], [""prior_day_range"", ""ge"", 0.25]]",17124,,,,401,0.7156712301524274,0.3438976527047559,0.20168486238744393,-218.0291649999949,-639.0791649999949,-919.7791649999949,0.456359102244389,-0.0581000000001039,-759.2383387499938,0,3,STAGE31C_REJECT_NO_ROBUST_EDGE,-87.62411746090183
default_grid,ALL,ALL,oil_chg_5,oil_chg_5_le_q20,le,0.2,h1_atr_rank_le_q30,"[[""h1_atr20_pct_rank_250"", ""le"", 0.3]]",17124,,,,438,0.752354256305992,0.3468921856842081,0.19942027416653874,-180.13608999999406,-640.036089999994,-946.636089999994,0.4178082191780822,-2.4513750000000067,-761.94396824999,0,4,STAGE31C_REJECT_NO_ROBUST_EDGE,-87.83420445899067
default_grid,ALL,ALL,spx_ret_1,spx_ret_1_le_q20,le,0.2,h1_atr_rank_le_q30,"[[""h1_atr20_pct_rank_250"", ""le"", 0.3]]",17124,,,,453,0.6885060142336631,0.22334296408514376,0.11148807149114695,-183.42470999999819,-659.0747099999982,-976.1747099999983,0.30242825607064017,-0.5512999999999919,-747.4798772500026,0,4,STAGE31C_REJECT_NO_ROBUST_EDGE,-90.60208293568391
default_grid,ALL,ALL,dxy_ret_1,dxy_ret_1_le_q30,le,0.3,h1_atr_q30_and_london_q60_prior_q25,"[[""h1_atr20_pct_rank_250"", ""le"", 0.3], [""london_range"", ""ge"", 0.6], [""prior_day_range"", ""ge"", 0.25]]",17124,,,,488,0.8151326198347998,0.3717114727932685,0.21064034168497678,-147.96762000000086,-660.3676200000007,-1001.9676200000009,0.4426229508196721,-0.2325500000000828,-783.5592672499985,0,4,STAGE31C_REJECT_NO_ROBUST_EDGE,-90.6550492678274
default_grid,ALL,ALL,real_yield_chg_1,real_yield_chg_1_ge_q70,ge,0.7,h1_atr_q30_and_london_q60_prior_q25,"[[""h1_atr20_pct_rank_250"", ""le"", 0.3], [""london_range"", ""ge"", 0.6], [""prior_day_range"", ""ge"", 0.25]]",17124,,,,387,0.6744583777822991,0.3265843382363837,0.19016128644552138,-250.074425000005,-656.4244250000049,-927.3244250000051,0.4444444444444444,-1.4,-782.1021627500036,0,4,STAGE31C_REJECT_NO_ROBUST_EDGE,-90.72106210935476
default_grid,ALL,ALL,dxy_chg_1,dxy_chg_1_le_q30,le,0.3,h1_atr_q30_and_london_q60_prior_q25,"[[""h1_atr20_pct_rank_250"", ""le"", 0.3], [""london_range"", ""ge"", 0.6], [""prior_day_range"", ""ge"", 0.25]]",17124,,,,488,0.8151326198347998,0.3717114727932685,0.21064034168497678,-147.96762000000086,-660.3676200000007,-1001.9676200000009,0.4426229508196721,-0.2325500000000828,-790.7004512500034,0,4,STAGE31C_REJECT_NO_ROBUST_EDGE,-91.01210846782766
default_grid,ALL,ALL,oil_ret_1,oil_ret_1_le_q20,le,0.2,h1_atr_rank_le_q30,"[[""h1_atr20_pct_rank_250"", ""le"", 0.3]]",17124,,,,407,0.6466572187723902,0.2722674738897091,0.16206441487876724,-236.1130099999899,-663.4630099999898,-948.3630099999901,0.26044226044226043,-0.6353000000000519,-772.3180382499943,0,4,STAGE31C_REJECT_NO_ROBUST_EDGE,-91.59127051408655
default_grid,ALL,ALL,oil_chg_1,oil_chg_1_le_q20,le,0.2,h1_atr_rank_le_q30,"[[""h1_atr20_pct_rank_250"", ""le"", 0.3]]",17124,,,,377,0.5894255661491361,0.25423456257979876,0.1545583986377983,-274.93535999999,-670.7853599999901,-934.68535999999,0.2546419098143236,-2.0779500000000097,-772.9406354999923,0,4,STAGE31C_REJECT_NO_ROBUST_EDGE,-92.56498855464943
default_grid,ALL,ALL,spx_z60,spx_z60_ge_q80,ge,0.8,h1_atr_q30_and_london_q60_prior_q25,"[[""h1_atr20_pct_rank_250"", ""le"", 0.3], [""london_range"", ""ge"", 0.6], [""prior_day_range"", ""ge"", 0.25]]",17124,,,,440,0.6449607027478491,0.2237900985535251,0.10785618312797933,-224.04500999999192,-686.0450099999919,-994.045009999992,0.39545454545454545,-2.6584000000000514,-771.5958334999942,0,4,STAGE31C_REJECT_NO_ROBUST_EDGE,-94.51496695695174
default_grid,ALL,ALL,oil_ret_5,oil_ret_5_le_q20,le,0.2,h1_atr_rank_le_q30,"[[""h1_atr20_pct_rank_250"", ""le"", 0.3]]",17124,,,,483,0.7618601227363584,0.32181043273451737,0.17095555566782694,-176.2634749999956,-683.4134749999955,-1021.5134749999955,0.42028985507246375,-1.4,-811.85350475,0,4,STAGE31C_REJECT_NO_ROBUST_EDGE,-95.03209618748306
default_grid,ALL,ALL,real_yield_ret_5,real_yield_ret_5_ge_q80,ge,0.8,london_q60_prior_q25,"[[""london_range"", ""ge"", 0.6], [""prior_day_range"", ""ge"", 0.25]]",17124,,,,331,0.7454113117810351,0.5415087281971274,0.4325642840852043,-327.55172499999526,-675.1017249999953,-906.8017249999953,0.4652567975830816,-3.2372250000002167,-913.1544662500004,0,3,STAGE31C_REJECT_NO_ROBUST_EDGE,-96.02255139418745
default_grid,ALL,ALL,oil_value,oil_value_ge_q80,ge,0.8,h1_atr_q30_and_london_q60_prior_q25,"[[""h1_atr20_pct_rank_250"", ""le"", 0.3], [""london_range"", ""ge"", 0.6], [""prior_day_range"", ""ge"", 0.25]]",17124,,,,371,0.7371184081480204,0.49179986234807355,0.36473512595605,-307.650924999995,-697.2009249999949,-956.9009249999951,0.48247978436657685,-1.4,-856.4977699999995,0,1,STAGE31C_REJECT_NO_ROBUST_EDGE,-96.16804187269452
default_grid,ALL,ALL,oil_value,oil_value_ge_q80,ge,0.8,h1_atr_rank_le_q30,"[[""h1_atr20_pct_rank_250"", ""le"", 0.3]]",17124,,,,371,0.7371184081480204,0.49179986234807355,0.36473512595605,-307.650924999995,-697.2009249999949,-956.9009249999951,0.48247978436657685,-1.4,-860.2953799999842,0,1,STAGE31C_REJECT_NO_ROBUST_EDGE,-96.35792237269376
default_grid,ALL,ALL,oil_value,oil_value_ge_q70,ge,0.7,h1_atr_q30_and_london_q60_prior_q25,"[[""h1_atr20_pct_rank_250"", ""le"", 0.3], [""london_range"", ""ge"", 0.6], [""prior_day_range"", ""ge"", 0.25]]",17124,,,,371,0.7371184081480204,0.49179986234807355,0.36473512595605,-307.650924999995,-697.2009249999949,-956.9009249999951,0.48247978436657685,-1.4,-862.1215724999969,0,1,STAGE31C_REJECT_NO_ROBUST_EDGE,-96.4492319976944
default_grid,ALL,ALL,real_yield_ret_5,real_yield_ret_5_ge_q80,ge,0.8,london_q40_prior_q30,"[[""london_range"", ""ge"", 0.4], [""prior_day_range"", ""ge"", 0.3]]",17124,,,,331,0.7454113117810351,0.5415087281971274,0.4325642840852043,-327.55172499999526,-675.1017249999953,-906.8017249999953,0.4652567975830816,-3.2372250000002167,-939.8369637499949,0,3,STAGE31C_REJECT_NO_ROBUST_EDGE,-97.35667626918718
default_grid,ALL,ALL,oil_value,oil_value_ge_q70,ge,0.7,h1_atr_rank_le_q30,"[[""h1_atr20_pct_rank_250"", ""le"", 0.3]]",17124,,,,371,0.7371184081480204,0.49179986234807355,0.36473512595605,-307.650924999995,-697.2009249999949,-956.9009249999951,0.48247978436657685,-1.4,-884.8813949999942,0,1,STAGE31C_REJECT_NO_ROBUST_EDGE,-97.58722312269425
default_grid,ALL,ALL,dxy_ret_5,dxy_ret_5_ge_q80,ge,0.8,h1_atr_rank_le_q30,"[[""h1_atr20_pct_rank_250"", ""le"", 0.3]]",17124,,,,464,0.658836436418563,0.21880101267236488,0.11582087187057005,-214.86456500000605,-702.064565000006,-1026.8645650000062,0.29094827586206895,-0.7032499999999344,-801.7607095000042,0,4,STAGE31C_REJECT_NO_ROBUST_EDGE,-97.64319836079488
default_grid,ALL,ALL,real_yield_chg_1,real_yield_chg_1_ge_q80,ge,0.8,h1_atr_rank_le_q30,"[[""h1_atr20_pct_rank_250"", ""le"", 0.3]]",17124,,,,405,0.48320064945544994,0.12875788710228,0.06302671069251654,-279.5921050000088,-704.8421050000087,-988.3421050000088,0.1925925925925926,-2.1143499999999675,-791.4206807500068,0,4,STAGE31C_REJECT_NO_ROBUST_EDGE,-98.51555882370835
default_grid,ALL,ALL,vix_ret_5,vix_ret_5_ge_q80,ge,0.8,h1_atr_q30_and_london_q60_prior_q25,"[[""h1_atr20_pct_rank_250"", ""le"", 0.3], [""london_range"", ""ge"", 0.6], [""prior_day_range"", ""ge"", 0.25]]",17124,,,,533,0.8149420713325064,0.3424993982042018,0.1739344469030114,-149.21936499998878,-708.8693649999889,-1081.9693649999888,0.45778611632270166,-0.0784999999999853,-835.3329084999918,0,4,STAGE31C_REJECT_NO_ROBUST_EDGE,-98.53285015534442
default_grid,ALL,ALL,dxy_z60,dxy_z60_ge_q80,ge,0.8,h1_atr_q30_and_london_q60_prior_q25,"[[""h1_atr20_pct_rank_250"", ""le"", 0.3], [""london_range"", ""ge"", 0.6], [""prior_day_range"", ""ge"", 0.25]]",17124,,,,456,0.6521647541504765,0.22405113906156718,0.1041723523455494,-231.15312999999526,-709.9531299999951,-1029.1531299999951,0.42105263157894735,-2.054549999999972,-808.7410789999974,0,3,STAGE31C_REJECT_NO_ROBUST_EDGE,-98.77516615000152
default_grid,ALL,ALL,dxy_chg_5,dxy_chg_5_ge_q80,ge,0.8,h1_atr_rank_le_q30,"[[""h1_atr20_pct_rank_250"", ""le"", 0.3]]",17124,,,,462,0.646000514738243,0.21671636228872343,0.11506903377674743,-225.95276500000506,-711.0527650000051,-1034.4527650000055,0.29653679653679654,-1.4,-810.5939215000071,0,4,STAGE31C_REJECT_NO_ROBUST_EDGE,-99.00753281700665
default_grid,ALL,ALL,real_yield_rank250,real_yield_rank250_ge_q70,ge,0.7,h1_atr_rank_le_q30,"[[""h1_atr20_pct_rank_250"", ""le"", 0.3]]",17124,,,,491,0.6559602017237915,0.21885584852381543,0.1166292416115506,-198.10842499999583,-713.658424999996,-1057.3584249999958,0.2158859470468432,-1.4,-806.1714374999993,0,4,STAGE31C_REJECT_NO_ROBUST_EDGE,-99.01933892331522
default_grid,ALL,ALL,vix_value,vix_value_le_q20,le,0.2,h1_atr_q30_and_london_q60_prior_q25,"[[""h1_atr20_pct_rank_250"", ""le"", 0.3], [""london_range"", ""ge"", 0.6], [""prior_day_range"", ""ge"", 0.25]]",17124,,,,495,0.5980656161558503,0.0629692236398586,0.003443978795054052,-193.27150500000528,-713.0215050000052,-1059.5215050000052,0.32525252525252524,-2.089000000000078,-774.2475395000034,0,2,STAGE31C_REJECT_NO_ROBUST_EDGE,-99.37105932342189
default_grid,ALL,ALL,oil_chg_1,oil_chg_1_ge_q80,ge,0.8,h1_atr_rank_le_q30,"[[""h1_atr20_pct_rank_250"", ""le"", 0.3]]",17124,,,,467,0.7207359041572071,0.3249220086314146,0.1946503315017842,-226.1222649999989,-716.4722649999987,-1043.372264999999,0.3747323340471092,-0.3955999999999675,-843.1701922499935,0,4,STAGE31C_REJECT_NO_ROBUST_EDGE,-99.77791470017826
default_grid,ALL,ALL,us10y_z60,us10y_z60_ge_q70,ge,0.7,h1_atr_q30_and_london_q60_prior_q25,"[[""h1_atr20_pct_rank_250"", ""le"", 0.3], [""london_range"", ""ge"", 0.6], [""prior_day_range"", ""ge"", 0.25]]",17124,,,,505,0.7863691450204155,0.38713231322052755,0.2349255330871115,-195.4162450000002,-725.6662450000001,-1079.1662450000003,0.47128712871287126,-1.4,-843.227660999997,0,3,STAGE31C_REJECT_NO_ROBUST_EDGE,-99.91698228544615
default_grid,ALL,ALL,dxy_chg_5,dxy_chg_5_ge_q70,ge,0.7,h1_atr_q30_and_london_q60_prior_q25,"[[""h1_atr20_pct_rank_250"", ""le"", 0.3], [""london_range"", ""ge"", 0.6], [""prior_day_range"", ""ge"", 0.25]]",17124,,,,435,0.6587793179930108,0.28640889739506786,0.15834098172194314,-263.64906500000393,-720.3990650000038,-1024.899065000004,0.41379310344827586,-1.4,-831.1956995000038,0,4,STAGE31C_REJECT_NO_ROBUST_EDGE,-100.10223857416213
default_grid,ALL,ALL,real_yield_ret_1,real_yield_ret_1_le_q20,le,0.2,london_q60_prior_q25,"[[""london_range"", ""ge"", 0.6], [""prior_day_range"", ""ge"", 0.25]]",17124,,,,595,0.9368875479992345,0.5227446557088166,0.3460830034310095,-74.12832499999448,-698.8783249999946,-1115.3783249999942,0.48067226890756304,-0.0581000000001039,-937.2271529999912,0,4,STAGE31C_REJECT_NO_ROBUST_EDGE,-100.13741157918682
default_grid,ALL,ALL,dxy_ret_5,dxy_ret_5_ge_q70,ge,0.7,h1_atr_q30_and_london_q60_prior_q25,"[[""h1_atr20_pct_rank_250"", ""le"", 0.3], [""london_range"", ""ge"", 0.6], [""prior_day_range"", ""ge"", 0.25]]",17124,,,,435,0.6587793179930108,0.28640889739506786,0.15834098172194314,-263.64906500000393,-720.3990650000038,-1024.899065000004,0.41379310344827586,-1.4,-832.9897957500073,0,4,STAGE31C_REJECT_NO_ROBUST_EDGE,-100.1919433866623
default_grid,ALL,ALL,oil_chg_5,oil_chg_5_le_q30,le,0.3,h1_atr_q30_and_london_q60_prior_q25,"[[""h1_atr20_pct_rank_250"", ""le"", 0.3], [""london_range"", ""ge"", 0.6], [""prior_day_range"", ""ge"", 0.25]]",17124,,,,515,0.8005269596988247,0.3994104288483098,0.23725068440606953,-185.78908999999297,-726.5390899999929,-1087.039089999993,0.4796116504854369,-1.4,-853.5857829999915,0,4,STAGE31C_REJECT_NO_ROBUST_EDGE,-100.3900911238915
default_grid,ALL,ALL,spx_chg_1,spx_chg_1_ge_q80,ge,0.8,h1_atr_rank_le_q30,"[[""h1_atr20_pct_rank_250"", ""le"", 0.3]]",17124,,,,677,0.9603686135661812,0.36217873054965355,0.19458556741701774,-31.212599999995035,-742.062599999995,-1215.9625999999948,0.3707533234859675,-0.7049000000000887,-879.5445099999914,1,4,STAGE31C_REJECT_NO_ROBUST_EDGE,-101.78335592483447
default_grid,ALL,ALL,us10y_chg_1,us10y_chg_1_ge_q80,ge,0.8,h1_atr_rank_le_q30,"[[""h1_atr20_pct_rank_250"", ""le"", 0.3]]",17124,,,,511,0.6731483516971466,0.20183468816637515,0.1039161556249723,-195.21182500000648,-731.7618250000064,-1089.4618250000062,0.23679060665362034,-0.9217999999999846,-827.5753710000041,0,4,STAGE31C_REJECT_NO_ROBUST_EDGE,-102.1209395458372
default_grid,ALL,ALL,us10y_ret_5,us10y_ret_5_le_q20,le,0.2,h1_atr_q30_and_london_q60_prior_q25,"[[""h1_atr20_pct_rank_250"", ""le"", 0.3], [""london_range"", ""ge"", 0.6], [""prior_day_range"", ""ge"", 0.25]]",17124,,,,284,0.44051280479297084,0.23328839786579364,0.1467793662168315,-433.93783499998926,-732.1378349999891,-930.9378349999895,0.3767605633802817,-3.0038750000000163,-838.8373409999854,0,3,STAGE31C_REJECT_NO_ROBUST_EDGE,-102.23564910647292
default_grid,ALL,ALL,real_yield_chg_5,real_yield_chg_5_le_q20,le,0.2,h1_atr_rank_le_q30,"[[""h1_atr20_pct_rank_250"", ""le"", 0.3]]",17124,,,,430,0.5060699074404572,0.1406311348144206,0.07363162147739596,-288.54175999999796,-740.0417599999978,-1041.0417599999982,0.2116279069767442,-2.0779500000000097,-821.6497502499984,0,4,STAGE31C_REJECT_NO_ROBUST_EDGE,-103.38582567844591
default_grid,ALL,ALL,dxy_chg_1,dxy_chg_1_le_q20,le,0.2,h1_atr_rank_le_q30,"[[""h1_atr20_pct_rank_250"", ""le"", 0.3]]",17124,,,,520,0.734139191624629,0.2824286984789223,0.14312428793097332,-194.45551500000562,-740.4555150000056,-1104.4555150000056,0.37884615384615383,-0.7863500000001067,-855.6199437500102,0,4,STAGE31C_REJECT_NO_ROBUST_EDGE,-103.42976455098795
default_grid,ALL,ALL,real_yield_ret_5,real_yield_ret_5_ge_q80,ge,0.8,macro_only,[],17124,,,,358,0.7397876894272108,0.526605951157967,0.41674659002304404,-340.9567499999946,-716.8567499999947,-967.4567499999944,0.43575418994413406,-2.507925000000023,-975.3576487500002,0,3,STAGE31C_REJECT_NO_ROBUST_EDGE,-103.52051156582762
default_grid,ALL,ALL,real_yield_ret_1,real_yield_ret_1_le_q20,le,0.2,london_q40_prior_q30,"[[""london_range"", ""ge"", 0.4], [""prior_day_range"", ""ge"", 0.3]]",17124,,,,607,0.9236130773687355,0.5124384112030266,0.33861459979673797,-90.7485749999939,-728.0985749999938,-1152.9985749999942,0.45634266886326197,-0.1258999999999104,-943.9835592499965,0,4,STAGE31C_REJECT_NO_ROBUST_EDGE,-103.53019295128198
default_grid,ALL,ALL,oil_ret_5,oil_ret_5_le_q30,le,0.3,h1_atr_q30_and_london_q60_prior_q25,"[[""h1_atr20_pct_rank_250"", ""le"", 0.3], [""london_range"", ""ge"", 0.6], [""prior_day_range"", ""ge"", 0.25]]",17124,,,,534,0.8064254186100814,0.39463893635066866,0.2298876200626588,-181.9871149999898,-742.6871149999898,-1116.48711499999,0.48314606741573035,-1.4,-888.7067547499908,0,4,STAGE31C_REJECT_NO_ROBUST_EDGE,-103.8381093937412
default_grid,ALL,ALL,us10y_ret_1,us10y_ret_1_le_q30,le,0.3,h1_atr_q30_and_london_q60_prior_q25,"[[""h1_atr20_pct_rank_250"", ""le"", 0.3], [""london_range"", ""ge"", 0.6], [""prior_day_range"", ""ge"", 0.25]]",17124,,,,484,0.7106187857778692,0.30542310122764876,0.16543680659624038,-235.24116499999374,-743.4411649999934,-1082.2411649999938,0.42768595041322316,-0.505099999999993,-869.8007099999915,0,4,STAGE31C_REJECT_NO_ROBUST_EDGE,-104.11817376133746
default_grid,ALL,ALL,dxy_value,dxy_value_ge_q80,ge,0.8,h1_atr_q30_and_london_q60_prior_q25,"[[""h1_atr20_pct_rank_250"", ""le"", 0.3], [""london_range"", ""ge"", 0.6], [""prior_day_range"", ""ge"", 0.25]]",17124,,,,527,0.6645027198015329,0.12883666422825735,0.015196482886935344,-195.09449499998996,-748.4444949999898,-1117.34449499999,0.45540796963946867,-0.1928000000001701,-813.6157002499943,0,2,STAGE31C_REJECT_NO_ROBUST_EDGE,-104.1760819386684
default_grid,ALL,ALL,oil_rank250,oil_rank250_le_q30,le,0.3,h1_atr_q30_and_london_q60_prior_q25,"[[""h1_atr20_pct_rank_250"", ""le"", 0.3], [""london_range"", ""ge"", 0.6], [""prior_day_range"", ""ge"", 0.25]]",17124,,,,618,0.8651348033349944,0.36584141716057,0.17777897676540347,-124.68043999999615,-773.5804399999961,-1206.180439999996,0.511326860841424,0.15429999999978466,-894.7387604999909,1,3,STAGE31C_REJECT_NO_ROBUST_EDGE,-105.72545194633184
default_grid,ALL,ALL,spx_chg_1,spx_chg_1_ge_q70,ge,0.7,h1_atr_q30_and_london_q60_prior_q25,"[[""h1_atr20_pct_rank_250"", ""le"", 0.3], [""london_range"", ""ge"", 0.6], [""prior_day_range"", ""ge"", 0.25]]",17124,,,,695,0.9551767010981426,0.42402463921236233,0.2347139749324796,-43.858259999995,-773.608259999995,-1260.108259999995,0.46906474820143884,-0.4054999999999835,-914.2805527499955,0,4,STAGE31C_REJECT_NO_ROBUST_EDGE,-107.89575134564572
default_grid,ALL,ALL,real_yield_ret_1,real_yield_ret_1_ge_q70,ge,0.7,h1_atr_rank_le_q30,"[[""h1_atr20_pct_rank_250"", ""le"", 0.3]]",17124,,,,507,0.6869649171485064,0.2707841188592801,0.1510269301495761,-237.535815000009,-769.8858150000091,-1124.785815000009,0.3037475345167653,-0.7874000000000705,-885.2118040000109,0,4,STAGE31C_REJECT_NO_ROBUST_EDGE,-107.93722279081035
default_grid,ALL,ALL,spx_rank250,spx_rank250_le_q30,le,0.3,h1_atr_q30_and_london_q60_prior_q25,"[[""h1_atr20_pct_rank_250"", ""le"", 0.3], [""london_range"", ""ge"", 0.6], [""prior_day_range"", ""ge"", 0.25]]",17124,,,,439,0.7047006519014126,0.3952015379739382,0.25314403050195006,-308.92666000000116,-769.876660000001,-1077.1766600000014,0.5079726651480638,0.0742000000001099,-926.3798157499947,0,2,STAGE31C_REJECT_NO_ROBUST_EDGE,-108.34206528575265
default_grid,ALL,ALL,oil_chg_5,oil_chg_5_ge_q80,ge,0.8,h1_atr_q30_and_london_q60_prior_q25,"[[""h1_atr20_pct_rank_250"", ""le"", 0.3], [""london_range"", ""ge"", 0.6], [""prior_day_range"", ""ge"", 0.25]]",17124,,,,382,0.5984354604656941,0.32783470381832336,0.2201865280116842,-372.3072700000118,-773.4072700000117,-1040.807270000012,0.3743455497382199,-2.7003249999999297,-926.9313272500115,0,4,STAGE31C_REJECT_NO_ROBUST_EDGE,-109.5282002122718
default_grid,ALL,ALL,spx_z60,spx_z60_le_q20,le,0.2,h1_atr_q30_and_london_q60_prior_q25,"[[""h1_atr20_pct_rank_250"", ""le"", 0.3], [""london_range"", ""ge"", 0.6], [""prior_day_range"", ""ge"", 0.25]]",17124,,,,380,0.5944377163788364,0.31768770356354437,0.19947317070264672,-383.0574499999982,-782.0574499999982,-1048.0574499999984,0.4842105263157895,-1.4265000000000554,-913.4359359999993,0,4,STAGE31C_REJECT_NO_ROBUST_EDGE,-109.90277208155376
default_grid,ALL,ALL,vix_rank250,vix_rank250_le_q20,le,0.2,h1_atr_rank_le_q30,"[[""h1_atr20_pct_rank_250"", ""le"", 0.3]]",17124,,,,588,0.5959596889531147,0.019291457010852612,0.003133903346046236,-169.1847549999975,-786.5847549999976,-1198.1847549999973,0.08673469387755102,-0.6530000000001563,-830.9345612499983,0,3,STAGE31C_REJECT_NO_ROBUST_EDGE,-109.99975337900696
default_grid,ALL,ALL,oil_z60,oil_z60_le_q30,le,0.3,h1_atr_rank_le_q30,"[[""h1_atr20_pct_rank_250"", ""le"", 0.3]]",17124,,,,572,0.7407096769395181,0.24836795475263243,0.10723002772908598,-191.39418999999353,-791.9941899999935,-1192.3941899999932,0.3618881118881119,-0.5283500000000685,-884.1946284999975,0,3,STAGE31C_REJECT_NO_ROBUST_EDGE,-110.49655076655655
default_grid,ALL,ALL,dxy_ret_1,dxy_ret_1_le_q20,le,0.2,h1_atr_rank_le_q30,"[[""h1_atr20_pct_rank_250"", ""le"", 0.3]]",17124,,,,561,0.7532051266018076,0.2964831070703205,0.15407729884065915,-194.87641500000285,-783.9264150000029,-1176.6264150000027,0.37433155080213903,-0.6959000000000741,-919.4603427500039,0,4,STAGE31C_REJECT_NO_ROBUST_EDGE,-110.78451837143463
default_grid,ALL,ALL,real_yield_rank250,real_yield_rank250_ge_q80,ge,0.8,london_q40_prior_q30,"[[""london_range"", ""ge"", 0.4], [""prior_day_range"", ""ge"", 0.3]]",17124,,,,672,0.9385388506285439,0.5631260631600762,0.4011796893269582,-89.53698499999182,-795.1369849999919,-1265.5369849999918,0.43005952380952384,-1.0289000000000441,-1003.564851749991,0,4,STAGE31C_REJECT_NO_ROBUST_EDGE,-112.45596169859016
default_grid,ALL,ALL,oil_chg_1,oil_chg_1_le_q30,le,0.3,h1_atr_q30_and_london_q60_prior_q25,"[[""h1_atr20_pct_rank_250"", ""le"", 0.3], [""london_range"", ""ge"", 0.6], [""prior_day_range"", ""ge"", 0.25]]",17124,,,,439,0.6457741098613584,0.341762994957679,0.21790427097755294,-336.87529499998965,-797.8252949999896,-1105.1252949999896,0.4145785876993166,-2.9915249999998195,-942.5013254999934,0,3,STAGE31C_REJECT_NO_ROBUST_EDGE,-112.61834874151162
default_grid,ALL,ALL,real_yield_chg_1,real_yield_chg_1_le_q30,le,0.3,h1_atr_q30_and_london_q60_prior_q25,"[[""h1_atr20_pct_rank_250"", ""le"", 0.3], [""london_range"", ""ge"", 0.6], [""prior_day_range"", ""ge"", 0.25]]",17124,,,,549,0.7507692796331754,0.31966692437611965,0.17487488854600047,-220.4987299999901,-796.9487299999901,-1181.2487299999898,0.4371584699453552,-0.2654000000001359,-943.824749499986,0,4,STAGE31C_REJECT_NO_ROBUST_EDGE,-112.98994167705311
default_grid,ALL,ALL,dxy_ret_1,dxy_ret_1_ge_q70,ge,0.7,h1_atr_q30_and_london_q60_prior_q25,"[[""h1_atr20_pct_rank_250"", ""le"", 0.3], [""london_range"", ""ge"", 0.6], [""prior_day_range"", ""ge"", 0.25]]",17124,,,,505,0.6998103621225977,0.32289797634350975,0.1855724193551552,-272.811705000002,-803.061705000002,-1156.561705000002,0.4178217821782178,-2.465674999999828,-934.8134900000016,0,4,STAGE31C_REJECT_NO_ROBUST_EDGE,-113.07557555914457
default_grid,ALL,ALL,dxy_chg_1,dxy_chg_1_ge_q70,ge,0.7,h1_atr_q30_and_london_q60_prior_q25,"[[""h1_atr20_pct_rank_250"", ""le"", 0.3], [""london_range"", ""ge"", 0.6], [""prior_day_range"", ""ge"", 0.25]]",17124,,,,505,0.6998103621225977,0.32289797634350975,0.1855724193551552,-272.811705000002,-803.061705000002,-1156.561705000002,0.4178217821782178,-2.465674999999828,-938.8911074999992,0,4,STAGE31C_REJECT_NO_ROBUST_EDGE,-113.27945643414444
default_grid,ALL,ALL,oil_ret_5,oil_ret_5_ge_q80,ge,0.8,h1_atr_q30_and_london_q60_prior_q25,"[[""h1_atr20_pct_rank_250"", ""le"", 0.3], [""london_range"", ""ge"", 0.6], [""prior_day_range"", ""ge"", 0.25]]",17124,,,,458,0.673940457073106,0.3536293897673866,0.22507998705435048,-323.83448000001005,-804.7344800000099,-1125.3344800000102,0.4192139737991266,-2.089000000000078,-957.3831427500069,0,4,STAGE31C_REJECT_NO_ROBUST_EDGE,-113.90599129161006
default_grid,ALL,ALL,spx_ret_5,spx_ret_5_ge_q80,ge,0.8,h1_atr_q30_and_london_q60_prior_q25,"[[""h1_atr20_pct_rank_250"", ""le"", 0.3], [""london_range"", ""ge"", 0.6], [""prior_day_range"", ""ge"", 0.25]]",17124,,,,485,0.692839572658201,0.34722672518219116,0.20873690636453524,-302.63662999999406,-811.8866299999937,-1151.386629999994,0.47216494845360824,-1.4,-954.183542249994,0,4,STAGE31C_REJECT_NO_ROBUST_EDGE,-114.59062523521902
default_grid,ALL,ALL,spx_chg_5,spx_chg_5_le_q20,le,0.2,h1_atr_rank_le_q30,"[[""h1_atr20_pct_rank_250"", ""le"", 0.3]]",17124,,,,537,0.7305807816588459,0.33983867704591497,0.1931895008066844,-254.92615499999374,-818.7761549999937,-1194.6761549999937,0.42830540037243947,-2.297975000000088,-957.3975622499985,0,4,STAGE31C_REJECT_NO_ROBUST_EDGE,-115.5763488388134
default_grid,ALL,ALL,spx_rank250,spx_rank250_le_q30,le,0.3,h1_atr_rank_le_q30,"[[""h1_atr20_pct_rank_250"", ""le"", 0.3]]",17124,,,,468,0.6938373636452768,0.38349769427431274,0.24294887481269614,-335.35013999999916,-826.750139999999,-1154.3501399999993,0.5,-0.662899999999945,-963.9163640000003,0,2,STAGE31C_REJECT_NO_ROBUST_EDGE,-116.06405975800598
default_grid,ALL,ALL,real_yield_ret_1,real_yield_ret_1_ge_q80,ge,0.8,macro_only,[],17124,,,,592,0.8145678408982602,0.4165675948407867,0.2635923278213045,-198.11468500001314,-819.7146850000132,-1234.1146850000132,0.3783783783783784,-1.4,-992.9918120000145,0,4,STAGE31C_REJECT_NO_ROBUST_EDGE,-116.40101384030896
default_grid,ALL,ALL,oil_chg_1,oil_chg_1_ge_q70,ge,0.7,h1_atr_q30_and_london_q60_prior_q25,"[[""h1_atr20_pct_rank_250"", ""le"", 0.3], [""london_range"", ""ge"", 0.6], [""prior_day_range"", ""ge"", 0.25]]",17124,,,,487,0.6708366629720423,0.32941615306697863,0.19919759708871307,-317.05798499999946,-828.4079849999991,-1169.3079849999997,0.4127310061601643,-2.089000000000078,-964.927229000002,0,4,STAGE31C_REJECT_NO_ROBUST_EDGE,-116.99620803097538
default_grid,ALL,ALL,us10y_chg_1,us10y_chg_1_ge_q70,ge,0.7,h1_atr_q30_and_london_q60_prior_q25,"[[""h1_atr20_pct_rank_250"", ""le"", 0.3], [""london_range"", ""ge"", 0.6], [""prior_day_range"", ""ge"", 0.25]]",17124,,,,544,0.7332363331274449,0.33705337260621787,0.1931282331028395,-257.9259999999997,-829.1259999999997,-1209.9259999999997,0.4577205882352941,-0.1928000000001701,-965.1097724999993,0,3,STAGE31C_REJECT_NO_ROBUST_EDGE,-117.0250419665264
default_grid,ALL,ALL,us10y_z60,us10y_z60_ge_q80,ge,0.8,h1_atr_rank_le_q30,"[[""h1_atr20_pct_rank_250"", ""le"", 0.3]]",17124,,,,511,0.5857266408802834,0.19641444199749164,0.09817376532524062,-299.79030000000125,-836.3403000000013,-1194.0403000000013,0.30528375733855184,-2.0636499999999613,-927.0670435000056,0,4,STAGE31C_REJECT_NO_ROBUST_EDGE,-117.63054269372454
default_grid,ALL,ALL,us10y_chg_1,us10y_chg_1_le_q30,le,0.3,h1_atr_q30_and_london_q60_prior_q25,"[[""h1_atr20_pct_rank_250"", ""le"", 0.3], [""london_range"", ""ge"", 0.6], [""prior_day_range"", ""ge"", 0.25]]",17124,,,,599,0.779885695911016,0.3317639246207835,0.17723593571582077,-207.41131499999085,-836.361314999991,-1255.6613149999907,0.4540901502504174,-0.2654000000001359,-970.4057257499943,0,4,STAGE31C_REJECT_NO_ROBUST_EDGE,-118.12983479842768
default_grid,ALL,ALL,us10y_ret_1,us10y_ret_1_le_q20,le,0.2,h1_atr_rank_le_q30,"[[""h1_atr20_pct_rank_250"", ""le"", 0.3]]",17124,,,,542,0.6164787186369601,0.1823465869310666,0.09468261462384614,-264.28113999999226,-833.381139999992,-1212.7811399999923,0.20848708487084872,-0.6725000000000363,-942.1286942499918,0,4,STAGE31C_REJECT_NO_ROBUST_EDGE,-118.24235238469274
default_grid,ALL,ALL,vix_z60,vix_z60_le_q30,le,0.3,h1_atr_rank_le_q30,"[[""h1_atr20_pct_rank_250"", ""le"", 0.3]]",17124,,,,661,0.8132759478034967,0.2752269960268636,0.13379170767651255,-146.70818500000001,-840.758185,-1303.458185,0.32829046898638425,-0.6130999999999402,-955.2859432499988,0,4,STAGE31C_REJECT_NO_ROBUST_EDGE,-118.55267887152525
default_grid,ALL,ALL,us10y_rank250,us10y_rank250_ge_q80,ge,0.8,london_q40_prior_q30,"[[""london_range"", ""ge"", 0.4], [""prior_day_range"", ""ge"", 0.3]]",17124,,,,793,0.9942272352898834,0.5992756598712026,0.42622335124344524,-9.742849999995713,-842.3928499999956,-1397.4928499999958,0.44640605296343,-0.3083000000000537,-1061.2749095000036,0,3,STAGE31C_REJECT_NO_ROBUST_EDGE,-119.60538047131394
default_grid,ALL,ALL,vix_chg_1,vix_chg_1_ge_q80,ge,0.8,h1_atr_q30_and_london_q60_prior_q25,"[[""h1_atr20_pct_rank_250"", ""le"", 0.3], [""london_range"", ""ge"", 0.6], [""prior_day_range"", ""ge"", 0.25]]",17124,,,,487,0.6303847057248035,0.2759706656367864,0.15087593272593502,-332.2272749999919,-843.5772749999915,-1184.477274999992,0.42299794661190965,-1.4,-974.5693052499893,0,4,STAGE31C_REJECT_NO_ROBUST_EDGE,-119.72298237522699
default_grid,ALL,ALL,oil_ret_1,oil_ret_1_le_q30,le,0.3,h1_atr_q30_and_london_q60_prior_q25,"[[""h1_atr20_pct_rank_250"", ""le"", 0.3], [""london_range"", ""ge"", 0.6], [""prior_day_range"", ""ge"", 0.25]]",17124,,,,471,0.6340501950800167,0.3185149076152431,0.19182984353451563,-357.28549499999053,-851.8354949999905,-1181.5354949999908,0.4288747346072187,-2.960649999999896,-985.4192989999901,0,3,STAGE31C_REJECT_NO_ROBUST_EDGE,-120.50204599970806
default_grid,ALL,ALL,us10y_chg_5,us10y_chg_5_le_q20,le,0.2,h1_atr_q30_and_london_q60_prior_q25,"[[""h1_atr20_pct_rank_250"", ""le"", 0.3], [""london_range"", ""ge"", 0.6], [""prior_day_range"", ""ge"", 0.25]]",17124,,,,358,0.4684549081136318,0.23876208529828252,0.1448196078617667,-476.33197499998425,-852.231974999984,-1102.8319749999846,0.388268156424581,-2.99900000000016,-966.0154337499823,0,3,STAGE31C_REJECT_NO_ROBUST_EDGE,-120.55706990306763
default_grid,ALL,ALL,dxy_ret_5,dxy_ret_5_le_q20,le,0.2,h1_atr_q30_and_london_q60_prior_q25,"[[""h1_atr20_pct_rank_250"", ""le"", 0.3], [""london_range"", ""ge"", 0.6], [""prior_day_range"", ""ge"", 0.25]]",17124,,,,459,0.6491243200644379,0.34322310138788137,0.20960167239231564,-364.9985049999965,-846.9485049999962,-1168.2485049999964,0.477124183006536,-2.598275000000194,-1004.1991704999966,0,4,STAGE31C_REJECT_NO_ROBUST_EDGE,-120.63417132155138
default_grid,ALL,ALL,vix_rank250,vix_rank250_le_q20,le,0.2,london_q60_prior_q25,"[[""london_range"", ""ge"", 0.6], [""prior_day_range"", ""ge"", 0.25]]",17124,,,,616,0.7362052169686922,0.2530820166388922,0.12675434686483042,-207.40679500001517,-854.2067950000153,-1285.4067950000153,0.336038961038961,-1.4,-968.5644990000138,0,4,STAGE31C_REJECT_NO_ROBUST_EDGE,-120.81106689615396
default_grid,ALL,ALL,vix_value,vix_value_ge_q70,ge,0.7,h1_atr_q30_and_london_q60_prior_q25,"[[""h1_atr20_pct_rank_250"", ""le"", 0.3], [""london_range"", ""ge"", 0.6], [""prior_day_range"", ""ge"", 0.25]]",17124,,,,354,0.5344211050446536,0.3186095973525412,0.2155587981679983,-496.2723000000032,-867.9723000000032,-1115.7723000000033,0.4406779661016949,-3.230887500000017,-1020.8196365000005,0,3,STAGE31C_REJECT_NO_ROBUST_EDGE,-123.78988065880296
default_grid,ALL,ALL,spx_ret_1,spx_ret_1_le_q30,le,0.3,h1_atr_q30_and_london_q60_prior_q25,"[[""h1_atr20_pct_rank_250"", ""le"", 0.3], [""london_range"", ""ge"", 0.6], [""prior_day_range"", ""ge"", 0.25]]",17124,,,,480,0.6316372100131832,0.3095480249697373,0.18237664650859337,-372.13953999999,-876.13953999999,-1212.1395399999901,0.44375,-1.4,-1017.0649254999889,0,3,STAGE31C_REJECT_NO_ROBUST_EDGE,-124.6422134392667
default_grid,ALL,ALL,vix_chg_1,vix_chg_1_le_q20,le,0.2,h1_atr_rank_le_q30,"[[""h1_atr20_pct_rank_250"", ""le"", 0.3]]",17124,,,,621,0.7171588858438586,0.24553318624854323,0.11976470701903122,-230.62557000000655,-882.6755700000066,-1317.3755700000065,0.3462157809983897,-0.6223999999998795,-995.698451750003,0,4,STAGE31C_REJECT_NO_ROBUST_EDGE,-125.11808889693924
default_grid,ALL,ALL,vix_z60,vix_z60_ge_q80,ge,0.8,h1_atr_q30_and_london_q60_prior_q25,"[[""h1_atr20_pct_rank_250"", ""le"", 0.3], [""london_range"", ""ge"", 0.6], [""prior_day_range"", ""ge"", 0.25]]",17124,,,,420,0.591449913701536,0.3247692417928865,0.20502929004059264,-436.56576499999636,-877.565764999996,-1171.5657649999964,0.4642857142857143,-2.250037499999985,-1034.9618019999973,0,4,STAGE31C_REJECT_NO_ROBUST_EDGE,-125.43685702190822
default_grid,ALL,ALL,vix_chg_1,vix_chg_1_le_q30,le,0.3,h1_atr_q30_and_london_q60_prior_q25,"[[""h1_atr20_pct_rank_250"", ""le"", 0.3], [""london_range"", ""ge"", 0.6], [""prior_day_range"", ""ge"", 0.25]]",17124,,,,613,0.7757143817865201,0.3650066061203304,0.20688472455775714,-238.0409150000005,-881.6909150000004,-1310.7909150000003,0.46818923327895595,-0.7063999999999395,-1037.2065680000048,0,4,STAGE31C_REJECT_NO_ROBUST_EDGE,-125.55181494056595
default_grid,ALL,ALL,dxy_age_hours,dxy_age_hours_le_q20,le,0.2,h1_atr_rank_le_q30,"[[""h1_atr20_pct_rank_250"", ""le"", 0.3]]",17124,,,,624,0.6773831216659647,0.21589762472156193,0.10976898771967326,-239.24947500000292,-894.449475000003,-1331.2494750000028,0.25801282051282054,-0.908000000000038,-981.3367487500069,0,4,STAGE31C_REJECT_NO_ROBUST_EDGE,-125.91373273940633
default_grid,ALL,ALL,us10y_age_hours,us10y_age_hours_le_q20,le,0.2,h1_atr_rank_le_q30,"[[""h1_atr20_pct_rank_250"", ""le"", 0.3]]",17124,,,,624,0.6773831216659647,0.21589762472156193,0.10976898771967326,-239.24947500000292,-894.449475000003,-1331.2494750000028,0.25801282051282054,-0.908000000000038,-986.3842837500024,0,4,STAGE31C_REJECT_NO_ROBUST_EDGE,-126.1661094894061
default_grid,ALL,ALL,vix_ret_1,vix_ret_1_ge_q80,ge,0.8,h1_atr_q30_and_london_q60_prior_q25,"[[""h1_atr20_pct_rank_250"", ""le"", 0.3], [""london_range"", ""ge"", 0.6], [""prior_day_range"", ""ge"", 0.25]]",17124,,,,524,0.6356663250184468,0.2669176903912097,0.14377508247253434,-337.32009999999167,-887.5200999999914,-1254.320099999992,0.4083969465648855,-1.4,-1018.4873104999897,0,4,STAGE31C_REJECT_NO_ROBUST_EDGE,-126.43209829119638
default_grid,ALL,ALL,oil_age_hours,oil_age_hours_le_q20,le,0.2,h1_atr_rank_le_q30,"[[""h1_atr20_pct_rank_250"", ""le"", 0.3]]",17124,,,,624,0.6773831216659647,0.21589762472156193,0.10976898771967326,-239.24947500000292,-894.449475000003,-1331.2494750000028,0.25801282051282054,-0.908000000000038,-995.5175987500039,0,4,STAGE31C_REJECT_NO_ROBUST_EDGE,-126.62277523940617
default_grid,ALL,ALL,real_yield_age_hours,real_yield_age_hours_le_q20,le,0.2,h1_atr_rank_le_q30,"[[""h1_atr20_pct_rank_250"", ""le"", 0.3]]",17124,,,,624,0.6773831216659647,0.21589762472156193,0.10976898771967326,-239.24947500000292,-894.449475000003,-1331.2494750000028,0.25801282051282054,-0.908000000000038,-999.5716687500039,0,4,STAGE31C_REJECT_NO_ROBUST_EDGE,-126.82547873940618
default_grid,ALL,ALL,spx_age_hours,spx_age_hours_le_q20,le,0.2,h1_atr_rank_le_q30,"[[""h1_atr20_pct_rank_250"", ""le"", 0.3]]",17124,,,,624,0.6773831216659647,0.21589762472156193,0.10976898771967326,-239.24947500000292,-894.449475000003,-1331.2494750000028,0.25801282051282054,-0.908000000000038,-1000.3945274999982,0,4,STAGE31C_REJECT_NO_ROBUST_EDGE,-126.86662167690588
default_grid,ALL,ALL,real_yield_chg_1,real_yield_chg_1_le_q20,le,0.2,h1_atr_rank_le_q30,"[[""h1_atr20_pct_rank_250"", ""le"", 0.3]]",17124,,,,687,0.7297684196290103,0.18463568544173747,0.08431130110565786,-190.22047500000542,-911.5704750000056,-1392.470475000005,0.22998544395924309,-0.6530000000001563,-1007.6387805000008,0,4,STAGE31C_REJECT_NO_ROBUST_EDGE,-129.3553844661606
default_grid,ALL,ALL,oil_ret_1,oil_ret_1_ge_q70,ge,0.7,h1_atr_q30_and_london_q60_prior_q25,"[[""h1_atr20_pct_rank_250"", ""le"", 0.3], [""london_range"", ""ge"", 0.6], [""prior_day_range"", ""ge"", 0.25]]",17124,,,,576,0.6994135191263299,0.3180943819673887,0.18160470921639926,-307.64735499999824,-912.4473549999982,-1315.6473549999982,0.4114583333333333,-1.4,-1054.350449999998,0,4,STAGE31C_REJECT_NO_ROBUST_EDGE,-130.05489534346023
default_grid,ALL,ALL,oil_rank250,oil_rank250_le_q30,le,0.3,h1_atr_rank_le_q30,"[[""h1_atr20_pct_rank_250"", ""le"", 0.3]]",17124,,,,716,0.822744411802327,0.33016224312255116,0.15662617002548723,-184.23132499999414,-936.0313249999942,-1437.2313249999938,0.4720670391061452,-0.0581000000001039,-1062.97062825,1,4,STAGE31C_REJECT_NO_ROBUST_EDGE,-130.82353680117194
default_grid,ALL,ALL,dxy_value,dxy_value_ge_q70,ge,0.7,h1_atr_q30_and_london_q60_prior_q25,"[[""h1_atr20_pct_rank_250"", ""le"", 0.3], [""london_range"", ""ge"", 0.6], [""prior_day_range"", ""ge"", 0.25]]",17124,,,,671,0.6920214069509436,0.1325939560665734,0.014481318509324367,-222.154544999989,-926.7045449999889,-1396.404544999989,0.46646795827123694,-0.1202000000002043,-999.509363749985,0,2,STAGE31C_REJECT_NO_ROBUST_EDGE,-131.26205785279512
default_grid,ALL,ALL,spx_ret_5,spx_ret_5_le_q30,le,0.3,h1_atr_q30_and_london_q60_prior_q25,"[[""h1_atr20_pct_rank_250"", ""le"", 0.3], [""london_range"", ""ge"", 0.6], [""prior_day_range"", ""ge"", 0.25]]",17124,,,,557,0.6914999853365614,0.35018114831104685,0.20728584549567372,-348.97960499998857,-933.8296049999886,-1323.7296049999886,0.45960502692998206,-2.8985750000000734,-1073.870495999986,0,3,STAGE31C_REJECT_NO_ROBUST_EDGE,-132.745530434905
default_grid,ALL,ALL,oil_chg_5,oil_chg_5_le_q30,le,0.3,h1_atr_rank_le_q30,"[[""h1_atr20_pct_rank_250"", ""le"", 0.3]]",17124,,,,702,0.7995073224313075,0.3430825887025009,0.19158705833151357,-213.08861499999304,-950.1886149999931,-1441.5886149999928,0.39886039886039887,-0.47075000000008904,-1074.3211127499874,0,4,STAGE31C_REJECT_NO_ROBUST_EDGE,-134.5377430171476
default_grid,ALL,ALL,vix_age_hours,vix_age_hours_le_q20,le,0.2,h1_atr_rank_le_q30,"[[""h1_atr20_pct_rank_250"", ""le"", 0.3]]",17124,,,,641,0.6553718531609598,0.21184501453775584,0.10876592473970677,-269.3376750000017,-942.3876750000017,-1391.0876750000016,0.2542901716068643,-0.916399999999976,-1058.3466912500016,0,4,STAGE31C_REJECT_NO_ROBUST_EDGE,-134.60258821816387
default_grid,ALL,ALL,oil_ret_1,oil_ret_1_ge_q80,ge,0.8,h1_atr_rank_le_q30,"[[""h1_atr20_pct_rank_250"", ""le"", 0.3]]",17124,,,,596,0.6527577804433566,0.25728350409612916,0.14684909382143557,-322.41878999999693,-948.2187899999969,-1365.4187899999968,0.32046979865771813,-0.8314999999999144,-1074.810706749989,0,4,STAGE31C_REJECT_NO_ROBUST_EDGE,-135.40218292125212
default_grid,ALL,ALL,vix_chg_5,vix_chg_5_ge_q80,ge,0.8,h1_atr_rank_le_q30,"[[""h1_atr20_pct_rank_250"", ""le"", 0.3]]",17124,,,,715,0.7718011043991496,0.2580714317734169,0.12197716380860198,-201.98903499998164,-952.7390349999816,-1453.2390349999814,0.34965034965034963,-0.6608000000000174,-1066.3667782499824,0,4,STAGE31C_REJECT_NO_ROBUST_EDGE,-135.52361943952872
default_grid,ALL,ALL,vix_value,vix_value_ge_q70,ge,0.7,h1_atr_rank_le_q30,"[[""h1_atr20_pct_rank_250"", ""le"", 0.3]]",17124,,,,397,0.5282568019393775,0.305021057264132,0.2025205869732298,-533.6340800000005,-950.4840800000004,-1228.3840800000007,0.4256926952141058,-3.163774999999896,-1105.2948320000028,0,3,STAGE31C_REJECT_NO_ROBUST_EDGE,-136.45285667946592
default_grid,ALL,ALL,spx_chg_5,spx_chg_5_le_q30,le,0.3,h1_atr_q30_and_london_q60_prior_q25,"[[""h1_atr20_pct_rank_250"", ""le"", 0.3], [""london_range"", ""ge"", 0.6], [""prior_day_range"", ""ge"", 0.25]]",17124,,,,596,0.7121535318731533,0.3596216705896281,0.21303407048605627,-342.81752999999065,-968.6175299999907,-1385.8175299999907,0.4697986577181208,-1.4,-1111.8608902499948,0,3,STAGE31C_REJECT_NO_ROBUST_EDGE,-138.0064445246583
default_grid,ALL,ALL,us10y_ret_1,us10y_ret_1_ge_q70,ge,0.7,h1_atr_rank_le_q30,"[[""h1_atr20_pct_rank_250"", ""le"", 0.3]]",17124,,,,664,0.6694760330623049,0.21633336275109857,0.11107804160765947,-273.53359999999975,-970.7335999999998,-1435.5335999999998,0.26656626506024095,-1.4,-1082.0606397499998,0,4,STAGE31C_REJECT_NO_ROBUST_EDGE,-138.56874619355835
default_grid,ALL,ALL,vix_ret_1,vix_ret_1_le_q30,le,0.3,h1_atr_q30_and_london_q60_prior_q25,"[[""h1_atr20_pct_rank_250"", ""le"", 0.3], [""london_range"", ""ge"", 0.6], [""prior_day_range"", ""ge"", 0.25]]",17124,,,,679,0.7464458680572063,0.30800245444571617,0.16065415341216363,-263.42388499999754,-976.3738849999975,-1451.6738849999974,0.43593519882179677,-1.4,-1098.3570777499926,0,4,STAGE31C_REJECT_NO_ROBUST_EDGE,-138.83260122939356
default_grid,ALL,ALL,us10y_ret_5,us10y_ret_5_ge_q70,ge,0.7,h1_atr_rank_le_q30,"[[""h1_atr20_pct_rank_250"", ""le"", 0.3]]",17124,,,,632,0.6416968542899626,0.2191576317404412,0.11456424385293341,-313.5023500000077,-977.1023500000076,-1419.5023500000077,0.2879746835443038,-0.7874000000000705,-1097.3681162500104,0,4,STAGE31C_REJECT_NO_ROBUST_EDGE,-139.92880751968514
default_grid,ALL,ALL,dxy_chg_5,dxy_chg_5_le_q20,le,0.2,h1_atr_rank_le_q30,"[[""h1_atr20_pct_rank_250"", ""le"", 0.3]]",17124,,,,687,0.7235979455009933,0.2655084602811927,0.13439592196166691,-257.561634999994,-978.9116349999939,-1459.811634999994,0.3245997088791849,-0.6530000000001563,-1112.497379499995,0,4,STAGE31C_REJECT_NO_ROBUST_EDGE,-140.32336418434056
default_grid,ALL,ALL,spx_chg_1,spx_chg_1_le_q20,le,0.2,h1_atr_rank_le_q30,"[[""h1_atr20_pct_rank_250"", ""le"", 0.3]]",17124,,,,630,0.6725217567786881,0.26382087178572317,0.1434869461479267,-316.48210999999293,-977.982109999993,-1418.982109999993,0.33650793650793653,-0.7589000000000623,-1118.387644999992,0,4,STAGE31C_REJECT_NO_ROBUST_EDGE,-140.50543674754996
default_grid,ALL,ALL,dxy_rank250,dxy_rank250_ge_q70,ge,0.7,h1_atr_q30_and_london_q60_prior_q25,"[[""h1_atr20_pct_rank_250"", ""le"", 0.3], [""london_range"", ""ge"", 0.6], [""prior_day_range"", ""ge"", 0.25]]",17124,,,,628,0.542656335365639,0.08559308062040993,0.007066279706645669,-328.3960299999993,-987.7960299999993,-1427.3960299999992,0.39171974522292996,-2.7770250000002306,-1057.8426115000007,0,2,STAGE31C_REJECT_NO_ROBUST_EDGE,-140.78753764996927
default_grid,ALL,ALL,spx_z60,spx_z60_le_q20,le,0.2,h1_atr_rank_le_q30,"[[""h1_atr20_pct_rank_250"", ""le"", 0.3]]",17124,,,,509,0.5842483777040788,0.27538320020339446,0.16466142286044738,-439.27954499999873,-973.7295449999988,-1330.0295449999987,0.4066797642436149,-0.908000000000038,-1141.8883749999925,0,4,STAGE31C_REJECT_NO_ROBUST_EDGE,-141.05489555652377
default_grid,ALL,ALL,spx_ret_1,spx_ret_1_ge_q70,ge,0.7,h1_atr_rank_le_q30,"[[""h1_atr20_pct_rank_250"", ""le"", 0.3]]",17124,,,,917,0.9474149362195956,0.3331180191398855,0.17409347690583887,-52.98619999999161,-1015.8361999999915,-1657.7361999999916,0.3326063249727372,-0.5780000000001109,-1148.0899604999868,1,4,STAGE31C_REJECT_NO_ROBUST_EDGE,-142.9605639259763
default_grid,ALL,ALL,dxy_rank250,dxy_rank250_ge_q80,ge,0.8,h1_atr_rank_le_q30,"[[""h1_atr20_pct_rank_250"", ""le"", 0.3]]",17124,,,,681,0.5937324687599835,0.07892938694539442,0.006460311056674085,-288.1314699999936,-1003.1814699999935,-1479.8814699999934,0.3744493392070485,-2.45495000000019,-1081.7294342499958,0,2,STAGE31C_REJECT_NO_ROBUST_EDGE,-143.5894835988185
default_grid,ALL,ALL,spx_chg_1,spx_chg_1_le_q30,le,0.3,h1_atr_q30_and_london_q60_prior_q25,"[[""h1_atr20_pct_rank_250"", ""le"", 0.3], [""london_range"", ""ge"", 0.6], [""prior_day_range"", ""ge"", 0.25]]",17124,,,,579,0.6522842191106839,0.3050698681941738,0.17391547061402052,-398.1818149999923,-1006.1318149999922,-1411.4318149999922,0.45595854922279794,-0.1928000000001701,-1165.3178424999849,0,3,STAGE31C_REJECT_NO_ROBUST_EDGE,-145.13271306060065
default_grid,ALL,ALL,dxy_z60,dxy_z60_le_q20,le,0.2,h1_atr_q30_and_london_q60_prior_q25,"[[""h1_atr20_pct_rank_250"", ""le"", 0.3], [""london_range"", ""ge"", 0.6], [""prior_day_range"", ""ge"", 0.25]]",17124,,,,651,0.7227638895956775,0.32833533642042984,0.16938923135289077,-325.2444499999796,-1008.7944499999794,-1464.4944499999797,0.5084485407066052,0.0202000000000226,-1167.2550132499816,0,4,STAGE31C_REJECT_NO_ROBUST_EDGE,-145.28128537288114
default_grid,ALL,ALL,dxy_z60,dxy_z60_ge_q80,ge,0.8,h1_atr_rank_le_q30,"[[""h1_atr20_pct_rank_250"", ""le"", 0.3]]",17124,,,,668,0.6273176418186301,0.17395216448176182,0.07469232717877078,-313.5801499999927,-1014.9801499999928,-1482.5801499999925,0.36077844311377244,-1.6590249999999513,-1125.8806722499883,0,4,STAGE31C_REJECT_NO_ROBUST_EDGE,-145.753757658966
default_grid,ALL,ALL,us10y_rank250,us10y_rank250_ge_q70,ge,0.7,london_q60_prior_q25,"[[""london_range"", ""ge"", 0.6], [""prior_day_range"", ""ge"", 0.25]]",17124,,,,933,0.9846717144196538,0.6202688564851347,0.44905798685730974,-33.639914999987326,-1013.2899149999871,-1666.3899149999875,0.49732047159699894,-0.0239000000000486,-1287.0704919999857,0,4,STAGE31C_REJECT_NO_ROBUST_EDGE,-147.6835955877174
default_grid,ALL,ALL,real_yield_ret_1,real_yield_ret_1_le_q30,le,0.3,h1_atr_rank_le_q30,"[[""h1_atr20_pct_rank_250"", ""le"", 0.3]]",17124,,,,741,0.7315130915560522,0.2576736587449092,0.13962241924077257,-256.71854999999573,-1034.7685499999957,-1553.4685499999957,0.2739541160593792,-0.6530000000001563,-1155.5893464999945,0,4,STAGE31C_REJECT_NO_ROBUST_EDGE,-148.12109606058712
default_grid,ALL,ALL,spx_ret_5,spx_ret_5_ge_q80,ge,0.8,h1_atr_rank_le_q30,"[[""h1_atr20_pct_rank_250"", ""le"", 0.3]]",17124,,,,646,0.6779667519445602,0.296554360761182,0.17056974645178385,-354.8980049999953,-1033.1980049999954,-1485.3980049999952,0.37306501547987614,-0.7117999999999483,-1183.3369937499913,0,4,STAGE31C_REJECT_NO_ROBUST_EDGE,-148.83882759408016
default_grid,ALL,ALL,vix_chg_5,vix_chg_5_le_q20,le,0.2,h1_atr_q30_and_london_q60_prior_q25,"[[""h1_atr20_pct_rank_250"", ""le"", 0.3], [""london_range"", ""ge"", 0.6], [""prior_day_range"", ""ge"", 0.25]]",17124,,,,648,0.7067723443471254,0.3329102412427313,0.19146028055887623,-358.81682500000176,-1039.2168250000016,-1492.8168250000017,0.48148148148148145,-0.1807374999999864,-1183.1357582500036,0,4,STAGE31C_REJECT_NO_ROBUST_EDGE,-148.9835268778375
default_grid,ALL,ALL,us10y_ret_5,us10y_ret_5_le_q20,le,0.2,h1_atr_rank_le_q30,"[[""h1_atr20_pct_rank_250"", ""le"", 0.3]]",17124,,,,538,0.47888781019972354,0.17607417264295577,0.10105227663105247,-483.16473499999256,-1048.0647349999924,-1424.6647349999926,0.21933085501858737,-1.4,-1177.4888024999877,0,4,STAGE31C_REJECT_NO_ROBUST_EDGE,-151.51596279204486
default_grid,ALL,ALL,vix_rank250,vix_rank250_le_q30,le,0.3,h1_atr_rank_le_q30,"[[""h1_atr20_pct_rank_250"", ""le"", 0.3]]",17124,,,,786,0.5993180508335262,0.036066330697633604,0.011092748506900217,-239.6656199999957,-1064.9656199999956,-1615.1656199999957,0.1005089058524173,-0.6530000000001563,-1129.1137572499943,0,4,STAGE31C_REJECT_NO_ROBUST_EDGE,-152.54721556149534
default_grid,ALL,ALL,real_yield_ret_5,real_yield_ret_5_le_q20,le,0.2,london_q60_prior_q25,"[[""london_range"", ""ge"", 0.6], [""prior_day_range"", ""ge"", 0.25]]",17124,,,,725,0.7502106320756702,0.34842616217221045,0.19670197606650572,-313.2253449999846,-1074.4753449999846,-1581.9753449999846,0.4262068965517241,-1.4,-1233.0773479999882,0,4,STAGE31C_REJECT_NO_ROBUST_EDGE,-154.83033237400974
default_grid,ALL,ALL,spx_z60,spx_z60_le_q30,le,0.3,h1_atr_q30_and_london_q60_prior_q25,"[[""h1_atr20_pct_rank_250"", ""le"", 0.3], [""london_range"", ""ge"", 0.6], [""prior_day_range"", ""ge"", 0.25]]",17124,,,,518,0.5908788121631218,0.31622880724423225,0.20153607311172025,-524.5199249999997,-1068.4199249999997,-1431.0199249999998,0.47297297297297297,-1.4,-1248.614894249991,0,4,STAGE31C_REJECT_NO_ROBUST_EDGE,-155.30430484761033
default_grid,ALL,ALL,vix_ret_5,vix_ret_5_ge_q70,ge,0.7,h1_atr_q30_and_london_q60_prior_q25,"[[""h1_atr20_pct_rank_250"", ""le"", 0.3], [""london_range"", ""ge"", 0.6], [""prior_day_range"", ""ge"", 0.25]]",17124,,,,691,0.7040657835826932,0.30843391754097343,0.16410062090237817,-349.4964599999827,-1075.0464599999825,-1558.7464599999828,0.4312590448625181,-1.4,-1231.4598859999792,0,4,STAGE31C_REJECT_NO_ROBUST_EDGE,-155.33689864097795
default_grid,ALL,ALL,us10y_chg_1,us10y_chg_1_le_q20,le,0.2,h1_atr_rank_le_q30,"[[""h1_atr20_pct_rank_250"", ""le"", 0.3]]",17124,,,,735,0.6307719913432545,0.16161062589007338,0.07980432865138885,-307.98612499999547,-1079.7361249999954,-1594.2361249999958,0.19047619047619047,-0.6530000000001563,-1186.230666249995,0,4,STAGE31C_REJECT_NO_ROBUST_EDGE,-155.349822238993
default_grid,ALL,ALL,real_yield_ret_1,real_yield_ret_1_le_q20,le,0.2,macro_only,[],17124,,,,837,0.8631098794440845,0.421263904846108,0.2638779650521218,-188.77617499999522,-1067.6261749999953,-1653.5261749999952,0.36798088410991636,-0.6094999999999344,-1294.0386079999907,0,4,STAGE31C_REJECT_NO_ROBUST_EDGE,-156.1963969913295
default_grid,ALL,ALL,vix_value,vix_value_le_q30,le,0.3,h1_atr_q30_and_london_q60_prior_q25,"[[""h1_atr20_pct_rank_250"", ""le"", 0.3], [""london_range"", ""ge"", 0.6], [""prior_day_range"", ""ge"", 0.25]]",17124,,,,739,0.5963639335811218,0.08891169809628842,0.01175296965336417,-313.585970000011,-1089.5359700000108,-1606.835970000011,0.36400541271989173,-2.1514000000001032,-1165.9649595000083,0,3,STAGE31C_REJECT_NO_ROBUST_EDGE,-156.31571611542515
default_grid,ALL,ALL,real_yield_ret_5,real_yield_ret_5_le_q30,le,0.3,h1_atr_q30_and_london_q60_prior_q25,"[[""h1_atr20_pct_rank_250"", ""le"", 0.3], [""london_range"", ""ge"", 0.6], [""prior_day_range"", ""ge"", 0.25]]",17124,,,,589,0.6053201525809846,0.2925678733093916,0.1747201229372311,-475.22170999998343,-1093.6717099999835,-1505.9717099999834,0.41765704584040747,-2.732824999999957,-1215.834735999979,0,4,STAGE31C_REJECT_NO_ROBUST_EDGE,-156.53434857515447
default_grid,ALL,ALL,us10y_z60,us10y_z60_le_q20,le,0.2,h1_atr_q30_and_london_q60_prior_q25,"[[""h1_atr20_pct_rank_250"", ""le"", 0.3], [""london_range"", ""ge"", 0.6], [""prior_day_range"", ""ge"", 0.25]]",17124,,,,590,0.5237890460187187,0.1899240485336868,0.08009819141446267,-470.7697199999889,-1090.269719999989,-1503.2697199999889,0.39152542372881355,-2.965362499999992,-1199.3613634999892,0,4,STAGE31C_REJECT_NO_ROBUST_EDGE,-156.77540692400365
default_grid,ALL,ALL,us10y_ret_5,us10y_ret_5_le_q30,le,0.3,h1_atr_q30_and_london_q60_prior_q25,"[[""h1_atr20_pct_rank_250"", ""le"", 0.3], [""london_range"", ""ge"", 0.6], [""prior_day_range"", ""ge"", 0.25]]",17124,,,,572,0.5918864942944712,0.28909076502973546,0.17292488572823833,-489.98484999997936,-1090.5848499999795,-1490.9848499999794,0.4178321678321678,-2.9392000000001643,-1233.0638159999824,0,4,STAGE31C_REJECT_NO_ROBUST_EDGE,-157.12906860678675
default_grid,ALL,ALL,oil_ret_5,oil_ret_5_le_q30,le,0.3,h1_atr_rank_le_q30,"[[""h1_atr20_pct_rank_250"", ""le"", 0.3]]",17124,,,,824,0.7930613447512169,0.3152068044432694,0.16900177323915905,-238.97218999999038,-1104.1721899999902,-1680.9721899999904,0.36650485436893204,-0.47075000000008904,-1244.1156274999855,0,4,STAGE31C_REJECT_NO_ROBUST_EDGE,-158.79492523760896
default_grid,ALL,ALL,dxy_age_hours,dxy_age_hours_le_q30,le,0.3,h1_atr_q30_and_london_q60_prior_q25,"[[""h1_atr20_pct_rank_250"", ""le"", 0.3], [""london_range"", ""ge"", 0.6], [""prior_day_range"", ""ge"", 0.25]]",17124,,,,766,0.7663568639916206,0.34289199040982743,0.194081522439475,-298.0595999999997,-1102.3595999999993,-1638.5595999999996,0.43733681462140994,-0.3755000000000108,-1260.3011012499944,0,4,STAGE31C_REJECT_NO_ROBUST_EDGE,-159.0457690686435
default_grid,ALL,ALL,oil_age_hours,oil_age_hours_le_q30,le,0.3,h1_atr_q30_and_london_q60_prior_q25,"[[""h1_atr20_pct_rank_250"", ""le"", 0.3], [""london_range"", ""ge"", 0.6], [""prior_day_range"", ""ge"", 0.25]]",17124,,,,766,0.7663568639916206,0.34289199040982743,0.194081522439475,-298.0595999999997,-1102.3595999999993,-1638.5595999999996,0.43733681462140994,-0.3755000000000108,-1264.1045987499997,0,4,STAGE31C_REJECT_NO_ROBUST_EDGE,-159.23594394364375
default_grid,ALL,ALL,us10y_age_hours,us10y_age_hours_le_q30,le,0.3,h1_atr_q30_and_london_q60_prior_q25,"[[""h1_atr20_pct_rank_250"", ""le"", 0.3], [""london_range"", ""ge"", 0.6], [""prior_day_range"", ""ge"", 0.25]]",17124,,,,770,0.7666545533504789,0.3442141200373974,0.19531123752662508,-300.25449999999864,-1108.7544999999986,-1647.7544999999986,0.43766233766233764,-0.3755000000000108,-1286.333792500004,0,4,STAGE31C_REJECT_NO_ROBUST_EDGE,-160.9687534745196
default_grid,ALL,ALL,oil_chg_5,oil_chg_5_ge_q70,ge,0.7,h1_atr_q30_and_london_q60_prior_q25,"[[""h1_atr20_pct_rank_250"", ""le"", 0.3], [""london_range"", ""ge"", 0.6], [""prior_day_range"", ""ge"", 0.25]]",17124,,,,584,0.6107684060531626,0.30932295817640815,0.19417598693868696,-498.09753000000353,-1111.2975300000035,-1520.0975300000036,0.4023972602739726,-2.465674999999828,-1278.4423317500023,0,4,STAGE31C_REJECT_NO_ROBUST_EDGE,-161.18193605798163
default_grid,ALL,ALL,real_yield_age_hours,real_yield_age_hours_le_q30,le,0.3,h1_atr_q30_and_london_q60_prior_q25,"[[""h1_atr20_pct_rank_250"", ""le"", 0.3], [""london_range"", ""ge"", 0.6], [""prior_day_range"", ""ge"", 0.25]]",17124,,,,770,0.7666545533504789,0.3442141200373974,0.19531123752662508,-300.25449999999864,-1108.7544999999986,-1647.7544999999986,0.43766233766233764,-0.3755000000000108,-1291.941401249995,0,4,STAGE31C_REJECT_NO_ROBUST_EDGE,-161.24913391201912
default_grid,ALL,ALL,vix_ret_5,vix_ret_5_le_q20,le,0.2,h1_atr_q30_and_london_q60_prior_q25,"[[""h1_atr20_pct_rank_250"", ""le"", 0.3], [""london_range"", ""ge"", 0.6], [""prior_day_range"", ""ge"", 0.25]]",17124,,,,706,0.697068295393901,0.3096264119995265,0.17238508507089972,-376.91337500000446,-1118.2133750000044,-1612.4133750000042,0.4603399433427762,-1.4,-1275.4659677500067,0,4,STAGE31C_REJECT_NO_ROBUST_EDGE,-161.8088314272219
default_grid,ALL,ALL,real_yield_chg_5,real_yield_chg_5_ge_q70,ge,0.7,h1_atr_rank_le_q30,"[[""h1_atr20_pct_rank_250"", ""le"", 0.3]]",17124,,,,712,0.6308253036328839,0.22479044864446382,0.11685722048096002,-372.08362500000214,-1119.683625000002,-1618.083625000002,0.30196629213483145,-1.4,-1256.5190287500045,0,4,STAGE31C_REJECT_NO_ROBUST_EDGE,-162.07898056913194
default_grid,ALL,ALL,us10y_chg_5,us10y_chg_5_le_q30,le,0.3,h1_atr_q30_and_london_q60_prior_q25,"[[""h1_atr20_pct_rank_250"", ""le"", 0.3], [""london_range"", ""ge"", 0.6], [""prior_day_range"", ""ge"", 0.25]]",17124,,,,593,0.588986359124685,0.2830715887543256,0.16828368404271574,-502.9531999999796,-1125.6031999999796,-1540.7031999999795,0.4131534569983137,-2.929449999999997,-1264.7207097499806,0,4,STAGE31C_REJECT_NO_ROBUST_EDGE,-162.29250486378288
default_grid,ALL,ALL,spx_age_hours,spx_age_hours_le_q30,le,0.3,h1_atr_q30_and_london_q60_prior_q25,"[[""h1_atr20_pct_rank_250"", ""le"", 0.3], [""london_range"", ""ge"", 0.6], [""prior_day_range"", ""ge"", 0.25]]",17124,,,,775,0.7640432112710601,0.3437123509951918,0.19522385611248583,-306.8112499999993,-1120.5612499999993,-1663.0612499999993,0.4374193548387097,-0.416300000000001,-1296.2669050000072,0,4,STAGE31C_REJECT_NO_ROBUST_EDGE,-162.65145131559842
default_grid,ALL,ALL,dxy_z60,dxy_z60_ge_q70,ge,0.7,h1_atr_q30_and_london_q60_prior_q25,"[[""h1_atr20_pct_rank_250"", ""le"", 0.3], [""london_range"", ""ge"", 0.6], [""prior_day_range"", ""ge"", 0.25]]",17124,,,,656,0.6118098935118801,0.25314631363251017,0.13851402975648838,-450.5430549999991,-1139.343054999999,-1598.543054999999,0.4268292682926829,-2.709099999999944,-1290.9040342500018,0,4,STAGE31C_REJECT_NO_ROBUST_EDGE,-165.3939879571489
default_grid,ALL,ALL,vix_chg_5,vix_chg_5_ge_q70,ge,0.7,h1_atr_q30_and_london_q60_prior_q25,"[[""h1_atr20_pct_rank_250"", ""le"", 0.3], [""london_range"", ""ge"", 0.6], [""prior_day_range"", ""ge"", 0.25]]",17124,,,,724,0.684395831338987,0.30582047637210014,0.16589239899647315,-403.61628499998176,-1163.8162849999817,-1670.6162849999819,0.425414364640884,-1.4,-1299.1568879999827,0,4,STAGE31C_REJECT_NO_ROBUST_EDGE,-167.6176985402904
default_grid,ALL,ALL,dxy_value,dxy_value_ge_q80,ge,0.8,h1_atr_rank_le_q30,"[[""h1_atr20_pct_rank_250"", ""le"", 0.3]]",17124,,,,789,0.601527970146776,0.09660209889954016,0.010494901938358343,-341.2708399999882,-1169.7208399999881,-1722.0208399999879,0.3916349809885932,-2.587225000000126,-1245.894146999985,0,2,STAGE31C_REJECT_NO_ROBUST_EDGE,-168.25879075324923
default_grid,ALL,ALL,oil_ret_5,oil_ret_5_ge_q70,ge,0.7,h1_atr_q30_and_london_q60_prior_q25,"[[""h1_atr20_pct_rank_250"", ""le"", 0.3], [""london_range"", ""ge"", 0.6], [""prior_day_range"", ""ge"", 0.25]]",17124,,,,640,0.6335473267601117,0.31437310603163227,0.19114367081291753,-493.2050800000043,-1165.2050800000043,-1613.2050800000043,0.4203125,-1.4,-1313.2788115000105,0,4,STAGE31C_REJECT_NO_ROBUST_EDGE,-168.27614283143296
default_grid,ALL,ALL,vix_ret_1,vix_ret_1_le_q20,le,0.2,h1_atr_rank_le_q30,"[[""h1_atr20_pct_rank_250"", ""le"", 0.3]]",17124,,,,831,0.6854830881257225,0.18737581889288887,0.08287668229911614,-292.52554500000923,-1165.0755450000092,-1746.7755450000095,0.2695547533092659,-0.7327999999999064,-1279.9086670000072,0,4,STAGE31C_REJECT_NO_ROBUST_EDGE,-168.29772293187594
default_grid,ALL,ALL,us10y_chg_5,us10y_chg_5_ge_q70,ge,0.7,h1_atr_rank_le_q30,"[[""h1_atr20_pct_rank_250"", ""le"", 0.3]]",17124,,,,772,0.6398012964469979,0.20642015775675499,0.10503273701274203,-369.2661350000062,-1179.8661350000061,-1720.2661350000064,0.29015544041450775,-0.9223999999999477,-1299.3619172500084,0,4,STAGE31C_REJECT_NO_ROBUST_EDGE,-170.4703768368825
default_grid,ALL,ALL,spx_chg_5,spx_chg_5_ge_q80,ge,0.8,h1_atr_q30_and_london_q60_prior_q25,"[[""h1_atr20_pct_rank_250"", ""le"", 0.3], [""london_range"", ""ge"", 0.6], [""prior_day_range"", ""ge"", 0.25]]",17124,,,,686,0.6642041930368022,0.32230687572624034,0.18894985564273575,-452.258044999989,-1172.5580449999889,-1652.7580449999891,0.4387755102040816,-2.598275000000194,-1347.6327759999797,0,4,STAGE31C_REJECT_NO_ROBUST_EDGE,-170.65857512016453
default_grid,ALL,ALL,vix_age_hours,vix_age_hours_le_q30,le,0.3,h1_atr_q30_and_london_q60_prior_q25,"[[""h1_atr20_pct_rank_250"", ""le"", 0.3], [""london_range"", ""ge"", 0.6], [""prior_day_range"", ""ge"", 0.25]]",17124,,,,801,0.7481770424480684,0.3381095764265739,0.1924966504297422,-344.17267499999576,-1185.222674999996,-1745.9226749999957,0.43570536828963796,-0.4667000000000825,-1341.8637749999848,0,4,STAGE31C_REJECT_NO_ROBUST_EDGE,-171.46437388401412
default_grid,ALL,ALL,real_yield_z60,real_yield_z60_le_q20,le,0.2,h1_atr_q30_and_london_q60_prior_q25,"[[""h1_atr20_pct_rank_250"", ""le"", 0.3], [""london_range"", ""ge"", 0.6], [""prior_day_range"", ""ge"", 0.25]]",17124,,,,670,0.5350533921683,0.16866923621193686,0.06463677640491616,-484.30551999999307,-1187.8055199999928,-1656.805519999993,0.3701492537313433,-2.709099999999944,-1300.249807499994,0,4,STAGE31C_REJECT_NO_ROBUST_EDGE,-171.84780290725996
default_grid,ALL,ALL,vix_z60,vix_z60_le_q20,le,0.2,london_q60_prior_q25,"[[""london_range"", ""ge"", 0.6], [""prior_day_range"", ""ge"", 0.25]]",17124,,,,998,0.9058064275858667,0.4446292430989506,0.2621277187781447,-154.28342000000418,-1202.183420000004,-1900.783420000004,0.4789579158316633,-0.47255000000009195,-1384.0458597500112,0,4,STAGE31C_REJECT_NO_ROBUST_EDGE,-173.92583168139885
default_grid,ALL,ALL,us10y_chg_5,us10y_chg_5_le_q20,le,0.2,h1_atr_rank_le_q30,"[[""h1_atr20_pct_rank_250"", ""le"", 0.3]]",17124,,,,638,0.49811346444088506,0.18266343119017378,0.10178625828095864,-531.5467499999869,-1201.4467499999867,-1648.046749999987,0.23510971786833856,-2.026274999999964,-1323.8217592499868,0,4,STAGE31C_REJECT_NO_ROBUST_EDGE,-174.10198361747246
default_grid,ALL,ALL,real_yield_z60,real_yield_z60_ge_q70,ge,0.7,h1_atr_rank_le_q30,"[[""h1_atr20_pct_rank_250"", ""le"", 0.3]]",17124,,,,827,0.6433457840140464,0.18912948484630945,0.08963548185017045,-346.9239400000008,-1215.2739400000007,-1794.173940000001,0.26844014510278114,-1.4,-1314.354091999995,0,4,STAGE31C_REJECT_NO_ROBUST_EDGE,-174.99526182413604
default_grid,ALL,ALL,dxy_chg_1,dxy_chg_1_le_q30,le,0.3,h1_atr_rank_le_q30,"[[""h1_atr20_pct_rank_250"", ""le"", 0.3]]",17124,,,,874,0.7315946239205,0.25881841814493906,0.13237298224568558,-302.1017600000037,-1219.8017600000035,-1831.6017600000037,0.3112128146453089,-0.7063999999999395,-1337.4733637500092,0,4,STAGE31C_REJECT_NO_ROBUST_EDGE,-175.73616807706867
default_grid,ALL,ALL,vix_ret_5,vix_ret_5_ge_q80,ge,0.8,h1_atr_rank_le_q30,"[[""h1_atr20_pct_rank_250"", ""le"", 0.3]]",17124,,,,948,0.7946936596060591,0.24118724873871894,0.10965645720373252,-220.07659999998234,-1215.4765999999822,-1879.0765999999821,0.3217299578059072,-0.6079999999999699,-1343.2754339999874,0,4,STAGE31C_REJECT_NO_ROBUST_EDGE,-175.86093338379547
default_grid,ALL,ALL,dxy_ret_1,dxy_ret_1_le_q30,le,0.3,h1_atr_rank_le_q30,"[[""h1_atr20_pct_rank_250"", ""le"", 0.3]]",17124,,,,875,0.7321818960820011,0.25875725673301975,0.1323047318345542,-301.4407600000037,-1220.1907600000036,-1832.6907600000038,0.31085714285714283,-0.7063999999999395,-1347.2229727499978,0,4,STAGE31C_REJECT_NO_ROBUST_EDGE,-176.26343314283184
default_grid,ALL,ALL,real_yield_age_hours,real_yield_age_hours_ge_q80,ge,0.8,h1_atr_q30_and_london_q60_prior_q25,"[[""h1_atr20_pct_rank_250"", ""le"", 0.3], [""london_range"", ""ge"", 0.6], [""prior_day_range"", ""ge"", 0.25]]",17124,,,,680,0.6743706972940621,0.3740811428946426,0.24099834625062633,-513.7946999999816,-1227.7946999999815,-1703.7946999999817,0.45294117647058824,-1.4,-1398.6588672499684,0,4,STAGE31C_REJECT_NO_ROBUST_EDGE,-178.00760854854764
default_grid,ALL,ALL,real_yield_rank250,real_yield_rank250_ge_q70,ge,0.7,london_q60_prior_q25,"[[""london_range"", ""ge"", 0.6], [""prior_day_range"", ""ge"", 0.25]]",17124,,,,862,0.8514195814240582,0.5236753845823384,0.37255883601465056,-309.90558999998916,-1215.0055899999888,-1818.4055899999894,0.4651972157772622,-1.4,-1482.7581472499965,0,4,STAGE31C_REJECT_NO_ROBUST_EDGE,-178.9114771726167
default_grid,ALL,ALL,us10y_age_hours,us10y_age_hours_ge_q80,ge,0.8,h1_atr_q30_and_london_q60_prior_q25,"[[""h1_atr20_pct_rank_250"", ""le"", 0.3], [""london_range"", ""ge"", 0.6], [""prior_day_range"", ""ge"", 0.25]]",17124,,,,680,0.6743706972940621,0.3740811428946426,0.24099834625062633,-513.7946999999816,-1227.7946999999815,-1703.7946999999817,0.45294117647058824,-1.4,-1426.0914227499904,0,4,STAGE31C_REJECT_NO_ROBUST_EDGE,-179.37923632354875
default_grid,ALL,ALL,dxy_age_hours,dxy_age_hours_ge_q80,ge,0.8,h1_atr_q30_and_london_q60_prior_q25,"[[""h1_atr20_pct_rank_250"", ""le"", 0.3], [""london_range"", ""ge"", 0.6], [""prior_day_range"", ""ge"", 0.25]]",17124,,,,684,0.6752505569549581,0.3750056938413193,0.24181107055595216,-515.9895999999806,-1234.1895999999806,-1712.9895999999808,0.45321637426900585,-1.4,-1416.5167127499876,0,4,STAGE31C_REJECT_NO_ROBUST_EDGE,-179.52749441686046
default_grid,ALL,ALL,dxy_chg_1,dxy_chg_1_ge_q70,ge,0.7,h1_atr_rank_le_q30,"[[""h1_atr20_pct_rank_250"", ""le"", 0.3]]",17124,,,,849,0.6947481397301352,0.24493977163482858,0.12805483849324223,-350.79632000000464,-1242.2463200000043,-1836.5463200000047,0.30153121319199055,-0.7405999999999948,-1372.381093500004,0,4,STAGE31C_REJECT_NO_ROBUST_EDGE,-179.88206960467937
default_grid,ALL,ALL,dxy_ret_1,dxy_ret_1_ge_q70,ge,0.7,h1_atr_rank_le_q30,"[[""h1_atr20_pct_rank_250"", ""le"", 0.3]]",17124,,,,849,0.6947481397301352,0.24493977163482858,0.12805483849324223,-350.79632000000464,-1242.2463200000043,-1836.5463200000047,0.30153121319199055,-0.7405999999999948,-1375.195169750003,0,4,STAGE31C_REJECT_NO_ROBUST_EDGE,-180.02277341717934
default_grid,ALL,ALL,dxy_ret_5,dxy_ret_5_le_q20,le,0.2,h1_atr_rank_le_q30,"[[""h1_atr20_pct_rank_250"", ""le"", 0.3]]",17124,,,,751,0.6357699854807816,0.2678035510468242,0.150553062948805,-458.4564849999967,-1247.0064849999967,-1772.7064849999967,0.3249001331557923,-0.7213999999998122,-1402.071702749997,0,4,STAGE31C_REJECT_NO_ROBUST_EDGE,-181.52398587523606
default_grid,ALL,ALL,real_yield_ret_5,real_yield_ret_5_le_q20,le,0.2,london_q40_prior_q30,"[[""london_range"", ""ge"", 0.4], [""prior_day_range"", ""ge"", 0.3]]",17124,,,,877,0.7611090980751173,0.3227171312106911,0.1741013621235569,-327.32030499998575,-1248.1703049999855,-1862.0703049999859,0.39680729760547323,-0.4289749999999457,-1419.5202054999907,0,4,STAGE31C_REJECT_NO_ROBUST_EDGE,-181.86946401439695
default_grid,ALL,ALL,oil_chg_5,oil_chg_5_ge_q80,ge,0.8,h1_atr_rank_le_q30,"[[""h1_atr20_pct_rank_250"", ""le"", 0.3]]",17124,,,,771,0.609929702334268,0.2340634533571899,0.13996439166994254,-459.02283500001477,-1268.5728350000145,-1808.272835000015,0.251621271076524,-0.7874000000000705,-1419.0914985000136,0,4,STAGE31C_REJECT_NO_ROBUST_EDGE,-184.91136632475047
default_grid,ALL,ALL,us10y_ret_5,us10y_ret_5_ge_q80,ge,0.8,london_q60_prior_q25,"[[""london_range"", ""ge"", 0.6], [""prior_day_range"", ""ge"", 0.25]]",17124,,,,577,0.5405903832851144,0.2989479643194859,0.20151159270876207,-665.3484650000037,-1271.1984650000036,-1675.0984650000037,0.3431542461005199,-2.8329250000000683,-1459.7300937500047,0,4,STAGE31C_REJECT_NO_ROBUST_EDGE,-186.31082517347068
default_grid,ALL,ALL,spx_ret_5,spx_ret_5_ge_q70,ge,0.7,h1_atr_q30_and_london_q60_prior_q25,"[[""h1_atr20_pct_rank_250"", ""le"", 0.3], [""london_range"", ""ge"", 0.6], [""prior_day_range"", ""ge"", 0.25]]",17124,,,,766,0.6671689787875822,0.30955838613067194,0.17658687585556676,-474.8795899999896,-1279.1795899999895,-1815.3795899999895,0.42689295039164493,-2.4617750000000114,-1447.2345867499873,0,4,STAGE31C_REJECT_NO_ROBUST_EDGE,-186.47775697276933
default_grid,ALL,ALL,vix_rank250,vix_rank250_le_q30,le,0.3,london_q60_prior_q25,"[[""london_range"", ""ge"", 0.6], [""prior_day_range"", ""ge"", 0.25]]",17124,,,,1024,0.8301912048448523,0.2984323955247438,0.15249666372671894,-214.69544500001678,-1289.8954450000165,-2006.6954450000167,0.3642578125,-1.4,-1439.669348000014,0,4,STAGE31C_REJECT_NO_ROBUST_EDGE,-187.37870128984804
default_grid,ALL,ALL,vix_z60,vix_z60_le_q20,le,0.2,london_q40_prior_q30,"[[""london_range"", ""ge"", 0.4], [""prior_day_range"", ""ge"", 0.3]]",17124,,,,1087,0.9043755253488168,0.42801532426290345,0.24662138220423915,-162.7295450000042,-1304.0795450000041,-2064.979545000004,0.45998160073597055,-0.6752000000000407,-1465.1180529999956,0,4,STAGE31C_REJECT_NO_ROBUST_EDGE,-188.39721837855421
default_grid,ALL,ALL,spx_z60,spx_z60_le_q30,le,0.3,h1_atr_rank_le_q30,"[[""h1_atr20_pct_rank_250"", ""le"", 0.3]]",17124,,,,668,0.5829348647175262,0.2803989912961382,0.17155719420993437,-588.4893199999999,-1289.88932,-1757.4893200000001,0.4041916167664671,-1.1608999999999923,-1458.4939442499956,0,4,STAGE31C_REJECT_NO_ROBUST_EDGE,-188.42341052269865
default_grid,ALL,ALL,oil_z60,oil_z60_ge_q80,ge,0.8,h1_atr_q30_and_london_q60_prior_q25,"[[""h1_atr20_pct_rank_250"", ""le"", 0.3], [""london_range"", ""ge"", 0.6], [""prior_day_range"", ""ge"", 0.25]]",17124,,,,606,0.5860198661092098,0.3340700850476342,0.22870756936814446,-659.3867499999891,-1295.6867499999892,-1719.886749999989,0.4158415841584158,-2.3319375000001172,-1466.7253537499769,0,4,STAGE31C_REJECT_NO_ROBUST_EDGE,-188.64941155954884
default_grid,ALL,ALL,spx_z60,spx_z60_ge_q70,ge,0.7,h1_atr_q30_and_london_q60_prior_q25,"[[""h1_atr20_pct_rank_250"", ""le"", 0.3], [""london_range"", ""ge"", 0.6], [""prior_day_range"", ""ge"", 0.25]]",17124,,,,805,0.6274780373387996,0.23504804369608134,0.12010459294710042,-459.61600499999673,-1304.8660049999964,-1868.3660049999967,0.37515527950310557,-2.629150000000118,-1425.555124500006,0,4,STAGE31C_REJECT_NO_ROBUST_EDGE,-188.93345791625075
default_grid,ALL,ALL,vix_chg_1,vix_chg_1_ge_q80,ge,0.8,h1_atr_rank_le_q30,"[[""h1_atr20_pct_rank_250"", ""le"", 0.3]]",17124,,,,832,0.6268898338577222,0.20647272550233986,0.10192316392560467,-432.11004499998865,-1305.7100449999887,-1888.1100449999885,0.32091346153846156,-0.7757000000000516,-1430.2400814999858,0,4,STAGE31C_REJECT_NO_ROBUST_EDGE,-189.61058866427234
default_grid,ALL,ALL,real_yield_value,real_yield_value_ge_q80,ge,0.8,h1_atr_q30_and_london_q60_prior_q25,"[[""h1_atr20_pct_rank_250"", ""le"", 0.3], [""london_range"", ""ge"", 0.6], [""prior_day_range"", ""ge"", 0.25]]",17124,,,,945,0.7411022619482085,0.24634183516274555,0.10878635337403608,-316.2467649999963,-1308.496764999996,-1969.9967649999965,0.4275132275132275,-1.4,-1447.9926902499976,0,4,STAGE31C_REJECT_NO_ROBUST_EDGE,-190.35074724737586
default_grid,ALL,ALL,oil_chg_1,oil_chg_1_le_q30,le,0.3,h1_atr_rank_le_q30,"[[""h1_atr20_pct_rank_250"", ""le"", 0.3]]",17124,,,,848,0.6528924060583897,0.24620738570962836,0.14052423670028885,-419.74276499999047,-1310.14276499999,-1903.7427649999904,0.24882075471698112,-0.908000000000038,-1451.9352104999866,0,4,STAGE31C_REJECT_NO_ROBUST_EDGE,-190.58686622110088
default_grid,ALL,ALL,us10y_ret_1,us10y_ret_1_ge_q80,ge,0.8,london_q60_prior_q25,"[[""london_range"", ""ge"", 0.6], [""prior_day_range"", ""ge"", 0.25]]",17124,,,,824,0.7613435712804683,0.4294557840514366,0.2853343733128094,-431.33133500001384,-1296.5313350000138,-1873.331335000014,0.42718446601941745,-1.4,-1529.5413250000106,0,4,STAGE31C_REJECT_NO_ROBUST_EDGE,-190.69430441623632
default_grid,ALL,ALL,real_yield_chg_5,real_yield_chg_5_le_q30,le,0.3,h1_atr_q30_and_london_q60_prior_q25,"[[""h1_atr20_pct_rank_250"", ""le"", 0.3], [""london_range"", ""ge"", 0.6], [""prior_day_range"", ""ge"", 0.25]]",17124,,,,699,0.5787478295601269,0.27020638237926464,0.15839744952129356,-583.4470199999812,-1317.3970199999812,-1806.6970199999812,0.3948497854077253,-2.950900000000184,-1470.834724249977,0,4,STAGE31C_REJECT_NO_ROBUST_EDGE,-191.94578459061916
default_grid,ALL,ALL,spx_ret_5,spx_ret_5_le_q30,le,0.3,h1_atr_rank_le_q30,"[[""h1_atr20_pct_rank_250"", ""le"", 0.3]]",17124,,,,806,0.6552975080368466,0.28269952410831706,0.15702302351009462,-471.3017949999857,-1317.6017949999855,-1881.8017949999858,0.369727047146402,-2.2752250000000003,-1479.1022562499818,0,4,STAGE31C_REJECT_NO_ROBUST_EDGE,-192.2602049773741
default_grid,ALL,ALL,oil_ret_5,oil_ret_5_ge_q80,ge,0.8,h1_atr_rank_le_q30,"[[""h1_atr20_pct_rank_250"", ""le"", 0.3]]",17124,,,,867,0.6711902668612034,0.2545065153528755,0.14508015064196533,-412.6507700000133,-1323.0007700000133,-1929.9007700000136,0.28143021914648214,-0.7004000000000814,-1483.051299000013,0,4,STAGE31C_REJECT_NO_ROBUST_EDGE,-193.32725619390536
default_grid,ALL,ALL,dxy_value,dxy_value_le_q20,le,0.2,h1_atr_q30_and_london_q60_prior_q25,"[[""h1_atr20_pct_rank_250"", ""le"", 0.3], [""london_range"", ""ge"", 0.6], [""prior_day_range"", ""ge"", 0.25]]",17124,,,,726,0.6822607099949545,0.38740623388565,0.2564999628475148,-555.705809999977,-1318.0058099999767,-1826.205809999977,0.44077134986225897,-1.4,-1540.0355359999846,0,3,STAGE31C_REJECT_NO_ROBUST_EDGE,-193.90229560975035
default_grid,ALL,ALL,real_yield_chg_1,real_yield_chg_1_ge_q70,ge,0.7,h1_atr_rank_le_q30,"[[""h1_atr20_pct_rank_250"", ""le"", 0.3]]",17124,,,,877,0.6355865652165769,0.2053219446450407,0.10257326474026654,-420.84107500000806,-1341.691075000008,-1955.5910750000082,0.2748004561003421,-0.7928000000000792,-1464.5469402500144,0,4,STAGE31C_REJECT_NO_ROBUST_EDGE,-194.93294200709005
default_grid,ALL,ALL,us10y_value,us10y_value_ge_q80,ge,0.8,h1_atr_q30_and_london_q60_prior_q25,"[[""h1_atr20_pct_rank_250"", ""le"", 0.3], [""london_range"", ""ge"", 0.6], [""prior_day_range"", ""ge"", 0.25]]",17124,,,,985,0.7468066611879347,0.2543843966598913,0.11431353593252687,-324.5595399999902,-1358.80953999999,-2048.30953999999,0.43147208121827413,-1.4,-1474.8106197499972,0,4,STAGE31C_REJECT_NO_ROBUST_EDGE,-196.62038687716984
default_grid,ALL,ALL,dxy_z60,dxy_z60_le_q20,le,0.2,h1_atr_rank_le_q30,"[[""h1_atr20_pct_rank_250"", ""le"", 0.3]]",17124,,,,913,0.7087048059233899,0.27412930379495054,0.13274484167368156,-396.9317299999771,-1355.5817299999771,-1994.6817299999773,0.3953997809419496,-0.5780000000001109,-1520.8364674999716,0,4,STAGE31C_REJECT_NO_ROBUST_EDGE,-198.32772397035205
default_grid,ALL,ALL,vix_rank250,vix_rank250_le_q20,le,0.2,london_q40_prior_q30,"[[""london_range"", ""ge"", 0.4], [""prior_day_range"", ""ge"", 0.3]]",17124,,,,979,0.6761780923739492,0.1776230588348095,0.08281356214603133,-353.1918050000186,-1381.1418050000184,-2066.4418050000186,0.2604698672114402,-1.4,-1495.9020522500177,0,4,STAGE31C_REJECT_NO_ROBUST_EDGE,-200.8017982755705
default_grid,ALL,ALL,vix_z60,vix_z60_ge_q80,ge,0.8,h1_atr_rank_le_q30,"[[""h1_atr20_pct_rank_250"", ""le"", 0.3]]",17124,,,,760,0.5648233996368067,0.23864082490128596,0.13698835835836126,-579.9916949999937,-1377.9916949999936,-1909.9916949999938,0.30526315789473685,-2.039599999999973,-1533.9317524999979,0,4,STAGE31C_REJECT_NO_ROBUST_EDGE,-201.56139544255294
default_grid,ALL,ALL,spx_chg_5,spx_chg_5_le_q30,le,0.3,h1_atr_rank_le_q30,"[[""h1_atr20_pct_rank_250"", ""le"", 0.3]]",17124,,,,870,0.6751354907021364,0.2884102155561587,0.16011895387253697,-468.2787699999882,-1381.778769999988,-1990.778769999988,0.37126436781609196,-2.0204250000000683,-1550.9200249999944,0,4,STAGE31C_REJECT_NO_ROBUST_EDGE,-202.1993002789468
default_grid,ALL,ALL,vix_chg_1,vix_chg_1_le_q30,le,0.3,h1_atr_rank_le_q30,"[[""h1_atr20_pct_rank_250"", ""le"", 0.3]]",17124,,,,956,0.7172239836688373,0.27243511581022833,0.1436502853214697,-380.7580699999979,-1384.5580699999975,-2053.758069999998,0.33472803347280333,-1.4,-1541.114537499989,0,4,STAGE31C_REJECT_NO_ROBUST_EDGE,-202.21258157561107
default_grid,ALL,ALL,oil_ret_1,oil_ret_1_le_q30,le,0.3,h1_atr_rank_le_q30,"[[""h1_atr20_pct_rank_250"", ""le"", 0.3]]",17124,,,,893,0.6352497941678654,0.2284073935813079,0.12358987003468604,-455.30171499999256,-1392.9517149999924,-2018.0517149999926,0.2564389697648376,-0.8018000000000938,-1518.945077749983,0,4,STAGE31C_REJECT_NO_ROBUST_EDGE,-202.4639919715466
default_grid,ALL,ALL,oil_chg_1,oil_chg_1_ge_q70,ge,0.7,h1_atr_rank_le_q30,"[[""h1_atr20_pct_rank_250"", ""le"", 0.3]]",17124,,,,874,0.6282179613043263,0.2311431808205434,0.12679300817319972,-475.6389850000013,-1393.3389850000012,-2005.1389850000014,0.2940503432494279,-1.9328375000000273,-1529.7477757500033,0,4,STAGE31C_REJECT_NO_ROBUST_EDGE,-203.00268344660208
default_grid,ALL,ALL,spx_ret_1,spx_ret_1_le_q30,le,0.3,h1_atr_rank_le_q30,"[[""h1_atr20_pct_rank_250"", ""le"", 0.3]]",17124,,,,843,0.6127101433242593,0.231491584395235,0.1240345531408233,-507.6444649999863,-1392.794464999986,-1982.8944649999862,0.3107947805456702,-0.9229999999999108,-1564.8746729999777,0,4,STAGE31C_REJECT_NO_ROBUST_EDGE,-204.71212609348186
default_grid,ALL,ALL,vix_z60,vix_z60_ge_q70,ge,0.7,h1_atr_q30_and_london_q60_prior_q25,"[[""h1_atr20_pct_rank_250"", ""le"", 0.3], [""london_range"", ""ge"", 0.6], [""prior_day_range"", ""ge"", 0.25]]",17124,,,,754,0.6050370073107012,0.2856257745614406,0.1673334375375773,-615.3188299999969,-1407.0188299999968,-1934.818829999997,0.4389920424403183,-1.4,-1567.8835832499988,0,4,STAGE31C_REJECT_NO_ROBUST_EDGE,-205.57047066673488
default_grid,ALL,ALL,us10y_z60,us10y_z60_ge_q70,ge,0.7,h1_atr_rank_le_q30,"[[""h1_atr20_pct_rank_250"", ""le"", 0.3]]",17124,,,,995,0.7095851364999295,0.2517530771193633,0.13702745033984337,-368.6851599999969,-1413.4351599999968,-2109.9351599999973,0.27537688442211056,-0.9217999999999846,-1553.1779290000025,0,4,STAGE31C_REJECT_NO_ROBUST_EDGE,-205.9367718774468
default_grid,ALL,ALL,vix_chg_5,vix_chg_5_le_q30,le,0.3,h1_atr_q30_and_london_q60_prior_q25,"[[""h1_atr20_pct_rank_250"", ""le"", 0.3], [""london_range"", ""ge"", 0.6], [""prior_day_range"", ""ge"", 0.25]]",17124,,,,871,0.700991014173617,0.33450725409725846,0.19540637022166665,-494.39342499999964,-1408.9434249999995,-2018.6434249999995,0.4661308840413318,-1.4,-1590.656661249995,0,4,STAGE31C_REJECT_NO_ROBUST_EDGE,-206.30047754064043
default_grid,ALL,ALL,us10y_ret_1,us10y_ret_1_le_q30,le,0.3,h1_atr_rank_le_q30,"[[""h1_atr20_pct_rank_250"", ""le"", 0.3]]",17124,,,,996,0.6819829329190283,0.19654718684924427,0.09474218220986688,-372.3942249999975,-1418.1942249999975,-2115.3942249999977,0.25502008032128515,-0.6530000000001563,-1550.3536217499884,0,4,STAGE31C_REJECT_NO_ROBUST_EDGE,-206.99266299016728
default_grid,ALL,ALL,us10y_rank250,us10y_rank250_ge_q70,ge,0.7,london_q40_prior_q30,"[[""london_range"", ""ge"", 0.4], [""prior_day_range"", ""ge"", 0.3]]",17124,,,,1182,0.9302187591846245,0.5412341045282805,0.3776225274062246,-170.06202499998687,-1411.162024999987,-2238.5620249999865,0.43316412859560066,-1.0820000000000163,-1688.775538749993,0,4,STAGE31C_REJECT_NO_ROBUST_EDGE,-208.63214828259063
default_grid,ALL,ALL,dxy_ret_5,dxy_ret_5_le_q30,le,0.3,h1_atr_q30_and_london_q60_prior_q25,"[[""h1_atr20_pct_rank_250"", ""le"", 0.3], [""london_range"", ""ge"", 0.6], [""prior_day_range"", ""ge"", 0.25]]",17124,,,,760,0.6235322523905831,0.3193598071106366,0.19190576828956998,-630.5692749999932,-1428.5692749999932,-1960.569274999993,0.45789473684210524,-2.923924999999963,-1606.9390057499886,0,4,STAGE31C_REJECT_NO_ROBUST_EDGE,-209.2426566432341
default_grid,ALL,ALL,dxy_chg_5,dxy_chg_5_le_q30,le,0.3,h1_atr_q30_and_london_q60_prior_q25,"[[""h1_atr20_pct_rank_250"", ""le"", 0.3], [""london_range"", ""ge"", 0.6], [""prior_day_range"", ""ge"", 0.25]]",17124,,,,760,0.6235322523905831,0.3193598071106366,0.19190576828956998,-630.5692749999932,-1428.5692749999932,-1960.569274999993,0.45789473684210524,-2.923924999999963,-1626.7965937499887,0,4,STAGE31C_REJECT_NO_ROBUST_EDGE,-210.2355360432341
default_grid,ALL,ALL,us10y_ret_1,us10y_ret_1_le_q20,le,0.2,london_q60_prior_q25,"[[""london_range"", ""ge"", 0.6], [""prior_day_range"", ""ge"", 0.25]]",17124,,,,961,0.7824749489851401,0.4116037224053716,0.26315803650405084,-415.05061499998084,-1424.1006149999807,-2096.800614999981,0.43184183142559834,-0.5434999999999035,-1661.92534424997,0,4,STAGE31C_REJECT_NO_ROBUST_EDGE,-210.33765934242666
default_grid,ALL,ALL,vix_ret_5,vix_ret_5_le_q30,le,0.3,h1_atr_q30_and_london_q60_prior_q25,"[[""h1_atr20_pct_rank_250"", ""le"", 0.3], [""london_range"", ""ge"", 0.6], [""prior_day_range"", ""ge"", 0.25]]",17124,,,,906,0.7020517438800986,0.32889781125028394,0.1901848497188548,-501.80161499999815,-1453.101614999998,-2087.3016149999985,0.46467991169977924,-1.4,-1602.7090302500026,0,4,STAGE31C_REJECT_NO_ROBUST_EDGE,-211.3958955011217
default_grid,ALL,ALL,vix_chg_5,vix_chg_5_le_q20,le,0.2,h1_atr_rank_le_q30,"[[""h1_atr20_pct_rank_250"", ""le"", 0.3]]",17124,,,,928,0.673268082210075,0.2657503266258909,0.1441795837441301,-474.27655500000185,-1448.6765550000014,-2098.2765550000017,0.37176724137931033,-0.7870999999999184,-1619.5800099999974,0,4,STAGE31C_REJECT_NO_ROBUST_EDGE,-212.61243439876458
default_grid,ALL,ALL,dxy_chg_5,dxy_chg_5_ge_q70,ge,0.7,h1_atr_rank_le_q30,"[[""h1_atr20_pct_rank_250"", ""le"", 0.3]]",17124,,,,941,0.6078793010044157,0.17697063125010337,0.08566766654027573,-469.3922000000025,-1457.4422000000022,-2116.142200000003,0.2635494155154091,-1.4,-1594.0288422499993,0,4,STAGE31C_REJECT_NO_ROBUST_EDGE,-213.33328513383805
default_grid,ALL,ALL,dxy_z60,dxy_z60_le_q30,le,0.3,h1_atr_q30_and_london_q60_prior_q25,"[[""h1_atr20_pct_rank_250"", ""le"", 0.3], [""london_range"", ""ge"", 0.6], [""prior_day_range"", ""ge"", 0.25]]",17124,,,,898,0.6622166447791679,0.2782845845158321,0.13573849787456113,-522.0882899999825,-1464.988289999982,-2093.5882899999824,0.4576837416481069,-1.4,-1617.7930947499813,0,4,STAGE31C_REJECT_NO_ROBUST_EDGE,-214.0626839008407
default_grid,ALL,ALL,us10y_z60,us10y_z60_le_q30,le,0.3,h1_atr_q30_and_london_q60_prior_q25,"[[""h1_atr20_pct_rank_250"", ""le"", 0.3], [""london_range"", ""ge"", 0.6], [""prior_day_range"", ""ge"", 0.25]]",17124,,,,869,0.5913400780618355,0.2033714826844979,0.08425163040678348,-556.761219999987,-1469.211219999987,-2077.511219999987,0.4108170310701956,-2.709099999999944,-1594.2039452499869,0,4,STAGE31C_REJECT_NO_ROBUST_EDGE,-214.26059791402594
default_grid,ALL,ALL,vix_ret_1,vix_ret_1_ge_q70,ge,0.7,h1_atr_q30_and_london_q60_prior_q25,"[[""h1_atr20_pct_rank_250"", ""le"", 0.3], [""london_range"", ""ge"", 0.6], [""prior_day_range"", ""ge"", 0.25]]",17124,,,,743,0.5638094056869739,0.2646297510495374,0.15246993858012944,-681.21432499998,-1461.3643249999795,-1981.4643249999801,0.40242261103633914,-2.8631500000000414,-1638.2651197499824,0,4,STAGE31C_REJECT_NO_ROBUST_EDGE,-214.7935112226812
default_grid,ALL,ALL,dxy_ret_5,dxy_ret_5_ge_q70,ge,0.7,h1_atr_rank_le_q30,"[[""h1_atr20_pct_rank_250"", ""le"", 0.3]]",17124,,,,958,0.6078080664478298,0.17476882422064657,0.08441984788531902,-473.8517750000023,-1479.751775000002,-2150.351775000003,0.2588726513569937,-1.4,-1600.3669629999981,0,4,STAGE31C_REJECT_NO_ROBUST_EDGE,-215.90815801625234
default_grid,ALL,ALL,us10y_ret_5,us10y_ret_5_ge_q80,ge,0.8,london_q40_prior_q30,"[[""london_range"", ""ge"", 0.4], [""prior_day_range"", ""ge"", 0.3]]",17124,,,,705,0.5342830943043287,0.27025591765368695,0.1773726939658974,-726.8460350000057,-1467.0960350000055,-1960.596035000006,0.2978723404255319,-2.552125000000069,-1671.7013145000044,0,4,STAGE31C_REJECT_NO_ROBUST_EDGE,-216.88261927260032
default_grid,ALL,ALL,oil_chg_5,oil_chg_5_le_q20,le,0.2,london_q60_prior_q25,"[[""london_range"", ""ge"", 0.6], [""prior_day_range"", ""ge"", 0.25]]",17124,,,,1172,0.90109086992829,0.5090421440891015,0.3417518889980528,-230.105165,-1460.7051650000003,-2281.105165,0.4598976109215017,-1.4,-1769.044640750004,0,4,STAGE31C_REJECT_NO_ROBUST_EDGE,-218.065319540617
default_grid,ALL,ALL,vix_chg_1,vix_chg_1_ge_q70,ge,0.7,h1_atr_q30_and_london_q60_prior_q25,"[[""h1_atr20_pct_rank_250"", ""le"", 0.3], [""london_range"", ""ge"", 0.6], [""prior_day_range"", ""ge"", 0.25]]",17124,,,,759,0.5697112834731625,0.26458596053190664,0.150961542929442,-677.1230749999797,-1474.0730749999793,-2005.3730749999797,0.40843214756258234,-2.7991249999999126,-1679.2390804999745,0,4,STAGE31C_REJECT_NO_ROBUST_EDGE,-218.11955574795982
default_grid,ALL,ALL,spx_rank250,spx_rank250_ge_q80,ge,0.8,h1_atr_q30_and_london_q60_prior_q25,"[[""h1_atr20_pct_rank_250"", ""le"", 0.3], [""london_range"", ""ge"", 0.6], [""prior_day_range"", ""ge"", 0.25]]",17124,,,,1036,0.6991615111669336,0.22708080363347424,0.09855069853186157,-407.96717999998816,-1495.767179999988,-2220.9671799999883,0.38223938223938225,-1.7757000000000516,-1626.3739492499903,0,4,STAGE31C_REJECT_NO_ROBUST_EDGE,-218.23040463203614
default_grid,ALL,ALL,real_yield_ret_5,real_yield_ret_5_ge_q70,ge,0.7,london_q60_prior_q25,"[[""london_range"", ""ge"", 0.6], [""prior_day_range"", ""ge"", 0.25]]",17124,,,,865,0.7716730930513768,0.5029553958522813,0.3739730836676088,-563.3633300000067,-1471.6133300000065,-2077.1133300000065,0.4439306358381503,-1.4,-1774.7087450000045,0,3,STAGE31C_REJECT_NO_ROBUST_EDGE,-219.3713239568076
default_grid,ALL,ALL,us10y_chg_5,us10y_chg_5_ge_q80,ge,0.8,london_q60_prior_q25,"[[""london_range"", ""ge"", 0.6], [""prior_day_range"", ""ge"", 0.25]]",17124,,,,714,0.5487620978503709,0.2847197116911495,0.18384274056820052,-732.5444949999987,-1482.2444949999986,-1982.0444949999987,0.35014005602240894,-2.687649999999985,-1700.0705767500017,0,4,STAGE31C_REJECT_NO_ROBUST_EDGE,-219.64541025831565
default_grid,ALL,ALL,dxy_value,dxy_value_ge_q70,ge,0.7,h1_atr_rank_le_q30,"[[""h1_atr20_pct_rank_250"", ""le"", 0.3]]",17124,,,,1053,0.6331062335372705,0.0970258967661589,0.009498025457698778,-403.6874399999899,-1509.3374399999898,-2246.4374399999897,0.39886039886039887,-1.4,-1598.6301399999836,0,2,STAGE31C_REJECT_NO_ROBUST_EDGE,-219.85699993050576
default_grid,ALL,ALL,spx_chg_1,spx_chg_1_ge_q70,ge,0.7,h1_atr_rank_le_q30,"[[""h1_atr20_pct_rank_250"", ""le"", 0.3]]",17124,,,,1233,0.844597063633985,0.2797759978841042,0.1402951584609826,-214.1066449999891,-1508.756644999989,-2371.856644999989,0.31873479318734793,-0.7049000000000887,-1660.8091224999912,0,4,STAGE31C_REJECT_NO_ROBUST_EDGE,-220.5571800123135
default_grid,ALL,ALL,real_yield_chg_1,real_yield_chg_1_le_q30,le,0.3,h1_atr_rank_le_q30,"[[""h1_atr20_pct_rank_250"", ""le"", 0.3]]",17124,,,,1086,0.7014633857715272,0.20634335219081576,0.10144826870497752,-377.65891499999253,-1517.9589149999924,-2278.1589149999927,0.26979742173112337,-0.6785000000000081,-1650.8688812499859,0,4,STAGE31C_REJECT_NO_ROBUST_EDGE,-221.87010896577044
default_grid,ALL,ALL,vix_ret_1,vix_ret_1_ge_q80,ge,0.8,h1_atr_rank_le_q30,"[[""h1_atr20_pct_rank_250"", ""le"", 0.3]]",17124,,,,1000,0.6296536495511041,0.1850843415709765,0.08802754307965836,-471.63436999999,-1521.6343699999895,-2221.6343699999898,0.286,-0.769100000000003,-1654.9743999999896,0,4,STAGE31C_REJECT_NO_ROBUST_EDGE,-222.70920341197004
default_grid,ALL,ALL,spx_chg_5,spx_chg_5_ge_q80,ge,0.8,h1_atr_rank_le_q30,"[[""h1_atr20_pct_rank_250"", ""le"", 0.3]]",17124,,,,951,0.6496445902168421,0.2693903130206127,0.14936664285597537,-540.0682499999896,-1538.6182499999895,-2204.31824999999,0.3491062039957939,-1.4,-1697.284568749992,0,4,STAGE31C_REJECT_NO_ROBUST_EDGE,-225.43468373586853
default_grid,ALL,ALL,oil_chg_5,oil_chg_5_le_q20,le,0.2,london_q40_prior_q30,"[[""london_range"", ""ge"", 0.4], [""prior_day_range"", ""ge"", 0.3]]",17124,,,,1227,0.9037933115525916,0.5020415621759234,0.33366422036824084,-228.14520000000104,-1516.495200000001,-2375.395200000001,0.45558272208638956,-1.4,-1803.5991095000056,0,4,STAGE31C_REJECT_NO_ROBUST_EDGE,-225.4744029717682
default_grid,ALL,ALL,oil_ret_1,oil_ret_1_ge_q70,ge,0.7,h1_atr_rank_le_q30,"[[""h1_atr20_pct_rank_250"", ""le"", 0.3]]",17124,,,,1005,0.6445354016924,0.2211457488643511,0.1150172288974646,-490.68834000000015,-1545.93834,-2249.43834,0.2955223880597015,-1.4,-1673.2712082500025,0,4,STAGE31C_REJECT_NO_ROBUST_EDGE,-225.58586800826674
default_grid,ALL,ALL,real_yield_rank250,real_yield_rank250_ge_q70,ge,0.7,london_q40_prior_q30,"[[""london_range"", ""ge"", 0.4], [""prior_day_range"", ""ge"", 0.3]]",17124,,,,1064,0.8184396634758485,0.4674135360565707,0.32179679404846784,-413.57284999998797,-1530.7728499999876,-2275.572849999988,0.4116541353383459,-1.4,-1773.6795192499865,0,4,STAGE31C_REJECT_NO_ROBUST_EDGE,-225.7999384257385
default_grid,ALL,ALL,vix_rank250,vix_rank250_ge_q80,ge,0.8,h1_atr_q30_and_london_q60_prior_q25,"[[""h1_atr20_pct_rank_250"", ""le"", 0.3], [""london_range"", ""ge"", 0.6], [""prior_day_range"", ""ge"", 0.25]]",17124,,,,897,0.6168474098166087,0.2500827254045911,0.12608008736603715,-608.0167799999977,-1549.8667799999976,-2177.7667799999977,0.45484949832775917,-1.4,-1718.3655559999943,0,3,STAGE31C_REJECT_NO_ROBUST_EDGE,-227.8998081964894
default_grid,ALL,ALL,oil_rank250,oil_rank250_ge_q80,ge,0.8,h1_atr_q30_and_london_q60_prior_q25,"[[""h1_atr20_pct_rank_250"", ""le"", 0.3], [""london_range"", ""ge"", 0.6], [""prior_day_range"", ""ge"", 0.25]]",17124,,,,838,0.6485494289884687,0.352181133573477,0.23716019119859907,-667.8018349999923,-1547.7018349999921,-2134.3018349999925,0.3926014319809069,-2.705362500000001,-1762.999541999991,0,4,STAGE31C_REJECT_NO_ROBUST_EDGE,-228.44970849946958
default_grid,ALL,ALL,us10y_chg_1,us10y_chg_1_ge_q70,ge,0.7,h1_atr_rank_le_q30,"[[""h1_atr20_pct_rank_250"", ""le"", 0.3]]",17124,,,,1068,0.6771976765614093,0.2239726006027343,0.1131712284860801,-445.5754000000006,-1566.9754000000007,-2314.5754000000006,0.30337078651685395,-0.7928000000000792,-1717.6874572499992,0,4,STAGE31C_REJECT_NO_ROBUST_EDGE,-229.88950194252837
default_grid,ALL,ALL,real_yield_ret_5,real_yield_ret_5_ge_q70,ge,0.7,london_q40_prior_q30,"[[""london_range"", ""ge"", 0.4], [""prior_day_range"", ""ge"", 0.3]]",17124,,,,915,0.7695980731710976,0.49219207310005814,0.36302965720683333,-575.8813850000067,-1536.6313850000065,-2177.131385000007,0.4207650273224044,-1.4,-1853.07832125001,0,3,STAGE31C_REJECT_NO_ROBUST_EDGE,-229.94301520267322
default_grid,ALL,ALL,real_yield_chg_5,real_yield_chg_5_ge_q80,ge,0.8,london_q60_prior_q25,"[[""london_range"", ""ge"", 0.6], [""prior_day_range"", ""ge"", 0.25]]",17124,,,,790,0.6644080463586455,0.4131493854560075,0.3005912716516658,-722.687540000004,-1552.187540000004,-2105.1875400000044,0.3759493670886076,-2.906049999999959,-1802.5555969999996,0,4,STAGE31C_REJECT_NO_ROBUST_EDGE,-230.01267490883362
default_grid,ALL,ALL,spx_chg_1,spx_chg_1_le_q30,le,0.3,h1_atr_rank_le_q30,"[[""h1_atr20_pct_rank_250"", ""le"", 0.3]]",17124,,,,985,0.6316580920959535,0.23057972214269598,0.11966670739437267,-543.1693499999903,-1577.4193499999901,-2266.91934999999,0.3238578680203046,-0.7874000000000705,-1719.9906004999943,0,4,STAGE31C_REJECT_NO_ROBUST_EDGE,-230.9570009739943
default_grid,ALL,ALL,real_yield_chg_5,real_yield_chg_5_le_q20,le,0.2,london_q60_prior_q25,"[[""london_range"", ""ge"", 0.6], [""prior_day_range"", ""ge"", 0.25]]",17124,,,,1100,0.7560118808772602,0.32612912820708617,0.17718901281844346,-424.3744949999912,-1579.3744949999914,-2349.374494999991,0.41909090909090907,-1.4,-1784.505378999995,0,4,STAGE31C_REJECT_NO_ROBUST_EDGE,-233.19267111665425
default_grid,ALL,ALL,dxy_rank250,dxy_rank250_ge_q70,ge,0.7,h1_atr_rank_le_q30,"[[""h1_atr20_pct_rank_250"", ""le"", 0.3]]",17124,,,,1071,0.5541979841778247,0.06341743309752038,0.004290331176145649,-483.27852500000125,-1607.8285250000013,-2357.5285250000006,0.31932773109243695,-2.1143499999999675,-1695.9186532499964,0,2,STAGE31C_REJECT_NO_ROBUST_EDGE,-234.92744950682015
default_grid,ALL,ALL,oil_value,oil_value_ge_q80,ge,0.8,london_q40_prior_q30,"[[""london_range"", ""ge"", 0.4], [""prior_day_range"", ""ge"", 0.3]]",17124,,,,1172,0.9138687499933962,0.6541318501807369,0.5165968649424159,-338.11018999998555,-1568.7101899999852,-2389.110189999986,0.5042662116040956,1.909900000000198,-1933.3684612500003,0,1,STAGE31C_REJECT_NO_ROBUST_EDGE,-234.93173610092148
default_grid,ALL,ALL,dxy_rank250,dxy_rank250_le_q20,le,0.2,h1_atr_q30_and_london_q60_prior_q25,"[[""h1_atr20_pct_rank_250"", ""le"", 0.3], [""london_range"", ""ge"", 0.6], [""prior_day_range"", ""ge"", 0.25]]",17124,,,,928,0.6877452646785878,0.365263063407082,0.22275209214098568,-626.1733199999799,-1600.5733199999797,-2250.17331999998,0.44719827586206895,-1.4,-1791.3018742499867,0,3,STAGE31C_REJECT_NO_ROBUST_EDGE,-235.07878670986256
default_grid,ALL,ALL,real_yield_ret_5,real_yield_ret_5_le_q30,le,0.3,h1_atr_rank_le_q30,"[[""h1_atr20_pct_rank_250"", ""le"", 0.3]]",17124,,,,1000,0.6265436549216252,0.2271448988768425,0.12380685136953946,-548.4730199999861,-1598.4730199999858,-2298.4730199999863,0.3,-0.742100000000073,-1760.2796242499908,0,4,STAGE31C_REJECT_NO_ROBUST_EDGE,-235.09460681825155
default_grid,ALL,ALL,spx_chg_5,spx_chg_5_ge_q70,ge,0.7,h1_atr_q30_and_london_q60_prior_q25,"[[""h1_atr20_pct_rank_250"", ""le"", 0.3], [""london_range"", ""ge"", 0.6], [""prior_day_range"", ""ge"", 0.25]]",17124,,,,959,0.666764995590102,0.31229497582847887,0.178731978001077,-599.9967649999886,-1606.946764999988,-2278.2467649999885,0.43274244004171014,-2.7003249999999297,-1777.3520229999938,0,4,STAGE31C_REJECT_NO_ROBUST_EDGE,-235.7243999797094
default_grid,ALL,ALL,us10y_ret_1,us10y_ret_1_ge_q80,ge,0.8,london_q40_prior_q30,"[[""london_range"", ""ge"", 0.4], [""prior_day_range"", ""ge"", 0.3]]",17124,,,,972,0.6984862386894221,0.3650091541248149,0.2337732614775263,-584.6514800000126,-1605.2514800000122,-2285.6514800000127,0.3631687242798354,-1.998974999999882,-1802.06946575002,0,4,STAGE31C_REJECT_NO_ROBUST_EDGE,-236.04343670034396
default_grid,ALL,ALL,dxy_z60,dxy_z60_ge_q70,ge,0.7,h1_atr_rank_le_q30,"[[""h1_atr20_pct_rank_250"", ""le"", 0.3]]",17124,,,,968,0.5840050711093284,0.19738161164577508,0.10104083455085217,-592.7196999999969,-1609.1196999999968,-2286.719699999997,0.34607438016528924,-2.0509750000000166,-1763.8217812499952,0,4,STAGE31C_REJECT_NO_ROBUST_EDGE,-236.72507960783827
default_grid,ALL,ALL,real_yield_ret_5,real_yield_ret_5_le_q20,le,0.2,macro_only,[],17124,,,,1175,0.7595626301978156,0.28431225497644036,0.14643206034874073,-386.8876899999887,-1620.6376899999889,-2443.1376899999887,0.33702127659574466,-0.5232999999999719,-1792.1179622499915,0,4,STAGE31C_REJECT_NO_ROBUST_EDGE,-238.2408163213391
default_grid,ALL,ALL,spx_rank250,spx_rank250_le_q20,le,0.2,london_q60_prior_q25,"[[""london_range"", ""ge"", 0.6], [""prior_day_range"", ""ge"", 0.25]]",17124,,,,1008,0.8087680845136436,0.5238662290293049,0.3845048452262518,-539.9499300000033,-1598.349930000003,-2303.9499300000034,0.49603174603174605,-1.4,-1912.8864235000067,0,2,STAGE31C_REJECT_NO_ROBUST_EDGE,-238.7026325038026
default_grid,ALL,ALL,oil_z60,oil_z60_le_q20,le,0.2,london_q60_prior_q25,"[[""london_range"", ""ge"", 0.6], [""prior_day_range"", ""ge"", 0.25]]",17124,,,,1341,0.909547632109997,0.49081501346411976,0.31475107047307127,-226.5348800000037,-1634.5848800000037,-2573.284880000004,0.4750186428038777,-0.4586000000000694,-1868.3569700000012,1,4,STAGE31C_REJECT_NO_ROBUST_EDGE,-238.70918208346694
default_grid,ALL,ALL,spx_rank250,spx_rank250_le_q20,le,0.2,london_q40_prior_q30,"[[""london_range"", ""ge"", 0.4], [""prior_day_range"", ""ge"", 0.3]]",17124,,,,1008,0.8087680845136436,0.5238662290293049,0.3845048452262518,-539.9499300000033,-1598.349930000003,-2303.9499300000034,0.49603174603174605,-1.4,-1937.964558750003,0,2,STAGE31C_REJECT_NO_ROBUST_EDGE,-239.9565392663024
default_grid,ALL,ALL,spx_z60,spx_z60_ge_q80,ge,0.8,h1_atr_rank_le_q30,"[[""h1_atr20_pct_rank_250"", ""le"", 0.3]]",17124,,,,1174,0.6258942836605212,0.11170767540601682,0.046564173195882505,-412.2281699999902,-1644.9281699999901,-2466.7281699999903,0.1890971039182283,-0.7213999999998122,-1748.8797992499904,0,4,STAGE31C_REJECT_NO_ROBUST_EDGE,-240.63347351565483
default_grid,ALL,ALL,oil_value,oil_value_ge_q80,ge,0.8,london_q60_prior_q25,"[[""london_range"", ""ge"", 0.6], [""prior_day_range"", ""ge"", 0.25]]",17124,,,,1191,0.9155380683524119,0.6557162136778462,0.5181522584498901,-337.07315999998525,-1587.623159999985,-2421.3231599999854,0.5037783375314862,1.909900000000198,-2012.5569099999962,0,1,STAGE31C_REJECT_NO_ROBUST_EDGE,-240.76039032942032
default_grid,ALL,ALL,oil_value,oil_value_ge_q80,ge,0.8,macro_only,[],17124,,,,1191,0.9155380683524119,0.6557162136778462,0.5181522584498901,-337.07315999998525,-1587.623159999985,-2421.3231599999854,0.5037783375314862,1.909900000000198,-2015.410701999982,0,1,STAGE31C_REJECT_NO_ROBUST_EDGE,-240.90307992941962
default_grid,ALL,ALL,us10y_chg_1,us10y_chg_1_le_q30,le,0.3,h1_atr_rank_le_q30,"[[""h1_atr20_pct_rank_250"", ""le"", 0.3]]",17124,,,,1218,0.7292831044758182,0.21153771721776923,0.10051069783007054,-373.7169249999977,-1652.6169249999978,-2505.2169249999974,0.2766830870279146,-0.6509000000000014,-1778.1122122499976,0,4,STAGE31C_REJECT_NO_ROBUST_EDGE,-241.64988314900168
default_grid,ALL,ALL,us10y_ret_1,us10y_ret_1_le_q20,le,0.2,london_q40_prior_q30,"[[""london_range"", ""ge"", 0.4], [""prior_day_range"", ""ge"", 0.3]]",17124,,,,1113,0.772253280151548,0.3808023084549896,0.23713654245020313,-461.31073999998193,-1629.960739999982,-2409.0607399999817,0.3908355795148248,-0.5731999999999515,-1878.475393999986,0,4,STAGE31C_REJECT_NO_ROBUST_EDGE,-242.16327444564678
default_grid,ALL,ALL,us10y_ret_5,us10y_ret_5_le_q30,le,0.3,h1_atr_rank_le_q30,"[[""h1_atr20_pct_rank_250"", ""le"", 0.3]]",17124,,,,1017,0.6016176880156344,0.21300816405384776,0.11649639354922463,-584.4358849999837,-1652.2858849999836,-2364.185884999984,0.25467059980334317,-0.7753999999998995,-1814.5720927499804,0,4,STAGE31C_REJECT_NO_ROBUST_EDGE,-243.361125922762
default_grid,ALL,ALL,real_yield_rank250,real_yield_rank250_ge_q80,ge,0.8,macro_only,[],17124,,,,1265,0.8233348053544056,0.3842166277714071,0.25005716713786386,-329.73230499999477,-1657.982304999995,-2543.482304999995,0.25533596837944667,-1.4,-1858.2005374999878,0,4,STAGE31C_REJECT_NO_ROBUST_EDGE,-243.86586242873335
default_grid,ALL,ALL,us10y_rank250,us10y_rank250_ge_q80,ge,0.8,macro_only,[],17124,,,,1362,0.8958665475074088,0.44547417064914424,0.29474279712269164,-222.11371500000118,-1652.2137150000012,-2605.6137150000013,0.29295154185022027,-0.9546500000000377,-1890.4562824999919,0,3,STAGE31C_REJECT_NO_ROBUST_EDGE,-244.1104727300175
default_grid,ALL,ALL,us10y_chg_1,us10y_chg_1_ge_q80,ge,0.8,london_q60_prior_q25,"[[""london_range"", ""ge"", 0.6], [""prior_day_range"", ""ge"", 0.25]]",17124,,,,995,0.732896243865334,0.415389229536663,0.2763991017948926,-604.2927600000054,-1649.042760000005,-2345.5427600000057,0.42814070351758793,-1.4,-1895.5142410000085,0,4,STAGE31C_REJECT_NO_ROBUST_EDGE,-244.42049934745472
default_grid,ALL,ALL,vix_ret_1,vix_ret_1_le_q30,le,0.3,h1_atr_rank_le_q30,"[[""h1_atr20_pct_rank_250"", ""le"", 0.3]]",17124,,,,1162,0.684028570236795,0.2119280679727181,0.10161967923940964,-445.82878499999623,-1665.9287849999964,-2479.328784999996,0.2874354561101549,-1.4,-1816.329968249996,0,4,STAGE31C_REJECT_NO_ROBUST_EDGE,-244.8836175158146
default_grid,ALL,ALL,real_yield_chg_5,real_yield_chg_5_ge_q80,ge,0.8,london_q40_prior_q30,"[[""london_range"", ""ge"", 0.4], [""prior_day_range"", ""ge"", 0.3]]",17124,,,,860,0.6616669861085337,0.3988583817095785,0.28685209992576094,-744.3533450000026,-1647.3533450000025,-2249.3533450000027,0.34651162790697676,-2.567075000000068,-1930.1240197500097,0,4,STAGE31C_REJECT_NO_ROBUST_EDGE,-246.1055432707019
default_grid,ALL,ALL,vix_ret_5,vix_ret_5_le_q20,le,0.2,h1_atr_rank_le_q30,"[[""h1_atr20_pct_rank_250"", ""le"", 0.3]]",17124,,,,1106,0.6588883618808343,0.23190972232735665,0.1200228426302299,-526.8810550000026,-1688.1810550000027,-2462.3810550000026,0.33001808318264014,-0.916399999999976,-1837.001858500001,0,4,STAGE31C_REJECT_NO_ROBUST_EDGE,-247.86900983120586
default_grid,ALL,ALL,dxy_value,dxy_value_le_q30,le,0.3,h1_atr_q30_and_london_q60_prior_q25,"[[""h1_atr20_pct_rank_250"", ""le"", 0.3], [""london_range"", ""ge"", 0.6], [""prior_day_range"", ""ge"", 0.25]]",17124,,,,877,0.648322465428354,0.3700463015062779,0.24503263467709338,-767.173709999978,-1688.0237099999777,-2301.923709999978,0.43329532497149376,-2.3278750000000854,-1896.1301954999765,0,3,STAGE31C_REJECT_NO_ROBUST_EDGE,-248.92828722122545
default_grid,ALL,ALL,spx_rank250,spx_rank250_le_q20,le,0.2,macro_only,[],17124,,,,1088,0.8186577874596539,0.5229302155766813,0.37967288626721846,-532.81303,-1675.21303,-2436.81303,0.49816176470588236,-1.4,-2039.4786722499982,0,2,STAGE31C_REJECT_NO_ROBUST_EDGE,-252.74724291166422
default_grid,ALL,ALL,us10y_z60,us10y_z60_le_q20,le,0.2,h1_atr_rank_le_q30,"[[""h1_atr20_pct_rank_250"", ""le"", 0.3]]",17124,,,,1055,0.5455446378412776,0.13587835309466226,0.05102926587361343,-612.4270249999875,-1720.1770249999875,-2458.677024999987,0.2843601895734597,-2.2957000000000334,-1845.9978354999816,0,4,STAGE31C_REJECT_NO_ROBUST_EDGE,-252.75469368055673
default_grid,ALL,ALL,us10y_chg_5,us10y_chg_5_le_q30,le,0.3,h1_atr_rank_le_q30,"[[""h1_atr20_pct_rank_250"", ""le"", 0.3]]",17124,,,,1058,0.594599326498735,0.20642867083471786,0.11232977213336758,-611.9431849999839,-1722.8431849999838,-2463.4431849999837,0.2504725897920605,-0.810949999999957,-1876.5522649999798,0,4,STAGE31C_REJECT_NO_ROBUST_EDGE,-253.59832595311673
default_grid,ALL,ALL,real_yield_z60,real_yield_z60_ge_q80,ge,0.8,london_q60_prior_q25,"[[""london_range"", ""ge"", 0.6], [""prior_day_range"", ""ge"", 0.25]]",17124,,,,1149,0.8101255723499731,0.47790315869669475,0.3321386513722906,-505.4077800000049,-1711.8577800000046,-2516.157780000005,0.46475195822454307,-1.4,-2021.2068157500028,0,4,STAGE31C_REJECT_NO_ROBUST_EDGE,-256.13853259504447
default_grid,ALL,ALL,dxy_rank250,dxy_rank250_ge_q80,ge,0.8,london_q60_prior_q25,"[[""london_range"", ""ge"", 0.6], [""prior_day_range"", ""ge"", 0.25]]",17124,,,,1301,0.7244047213447091,0.19270895867115032,0.05716513322114525,-408.19037500000263,-1774.2403750000026,-2684.940375000003,0.4265949269792467,-1.4,-1900.4248940000066,0,2,STAGE31C_REJECT_NO_ROBUST_EDGE,-260.28953208040446
default_grid,ALL,ALL,spx_age_hours,spx_age_hours_ge_q80,ge,0.8,h1_atr_q30_and_london_q60_prior_q25,"[[""h1_atr20_pct_rank_250"", ""le"", 0.3], [""london_range"", ""ge"", 0.6], [""prior_day_range"", ""ge"", 0.25]]",17124,,,,1057,0.6959327061285151,0.35854224519329825,0.2120491004095122,-669.132774999972,-1778.9827749999718,-2518.882774999972,0.47776726584673607,-1.4,-1991.8749244999717,0,4,STAGE31C_REJECT_NO_ROBUST_EDGE,-263.0584048714247
default_grid,ALL,ALL,real_yield_z60,real_yield_z60_le_q30,le,0.3,h1_atr_q30_and_london_q60_prior_q25,"[[""h1_atr20_pct_rank_250"", ""le"", 0.3], [""london_range"", ""ge"", 0.6], [""prior_day_range"", ""ge"", 0.25]]",17124,,,,963,0.5156542851076757,0.17075005270207208,0.06788398569235427,-774.1455699999855,-1785.295569999985,-2459.3955699999856,0.3852544132917965,-2.709099999999944,-1938.0182304999876,0,4,STAGE31C_REJECT_NO_ROBUST_EDGE,-263.45143205520776
default_grid,ALL,ALL,oil_z60,oil_z60_ge_q70,ge,0.7,h1_atr_q30_and_london_q60_prior_q25,"[[""h1_atr20_pct_rank_250"", ""le"", 0.3], [""london_range"", ""ge"", 0.6], [""prior_day_range"", ""ge"", 0.25]]",17124,,,,959,0.6306731978429472,0.3272486375652571,0.20871040069654687,-780.3983449999836,-1787.348344999983,-2458.6483449999837,0.40771637122002086,-1.4,-1996.1898912499905,0,4,STAGE31C_REJECT_NO_ROBUST_EDGE,-264.4370010840591
default_grid,ALL,ALL,us10y_chg_5,us10y_chg_5_ge_q80,ge,0.8,london_q40_prior_q30,"[[""london_range"", ""ge"", 0.4], [""prior_day_range"", ""ge"", 0.3]]",17124,,,,918,0.5438708223035338,0.24947433336119118,0.15540918042175095,-819.862714999997,-1783.7627149999967,-2426.3627149999975,0.2973856209150327,-2.146362500000032,-1986.2017327499937,0,4,STAGE31C_REJECT_NO_ROBUST_EDGE,-264.5699780822004
default_grid,ALL,ALL,us10y_age_hours,us10y_age_hours_ge_q80,ge,0.8,h1_atr_rank_le_q30,"[[""h1_atr20_pct_rank_250"", ""le"", 0.3]]",17124,,,,1119,0.6769466438334341,0.30292727748215165,0.17789775644400677,-619.4820599999814,-1794.4320599999814,-2577.732059999981,0.34048257372654156,-1.4,-2000.754832749994,0,4,STAGE31C_REJECT_NO_ROBUST_EDGE,-265.74008383690034
default_grid,ALL,ALL,real_yield_age_hours,real_yield_age_hours_ge_q80,ge,0.8,h1_atr_rank_le_q30,"[[""h1_atr20_pct_rank_250"", ""le"", 0.3]]",17124,,,,1119,0.6769466438334341,0.30292727748215165,0.17789775644400677,-619.4820599999814,-1794.4320599999814,-2577.732059999981,0.34048257372654156,-1.4,-2002.333658749986,0,4,STAGE31C_REJECT_NO_ROBUST_EDGE,-265.8190251368999
default_grid,ALL,ALL,vix_z60,vix_z60_le_q20,le,0.2,macro_only,[],17124,,,,1444,0.8528904577968998,0.3555068722726333,0.19423155885474366,-292.1776600000002,-1808.37766,-2819.1776600000003,0.3691135734072022,-1.4,-1988.3949222500012,0,4,STAGE31C_REJECT_NO_ROBUST_EDGE,-265.9255171543548
default_grid,ALL,ALL,dxy_age_hours,dxy_age_hours_ge_q80,ge,0.8,h1_atr_rank_le_q30,"[[""h1_atr20_pct_rank_250"", ""le"", 0.3]]",17124,,,,1123,0.6776567760526859,0.3039940907787733,0.17877179629206072,-621.6769599999805,-1800.8269599999805,-2586.92695999998,0.3410507569011576,-1.4,-1998.9793119999845,0,4,STAGE31C_REJECT_NO_ROBUST_EDGE,-266.2766335070413
default_grid,ALL,ALL,oil_age_hours,oil_age_hours_ge_q80,ge,0.8,h1_atr_q30_and_london_q60_prior_q25,"[[""h1_atr20_pct_rank_250"", ""le"", 0.3], [""london_range"", ""ge"", 0.6], [""prior_day_range"", ""ge"", 0.25]]",17124,,,,1066,0.6953586892869457,0.35887538054507606,0.21259451638380447,-677.8844249999714,-1797.1844249999713,-2543.3844249999715,0.4774859287054409,-1.4,-2021.0361004999727,0,4,STAGE31C_REJECT_NO_ROBUST_EDGE,-266.33111565400975
default_grid,ALL,ALL,oil_value,oil_value_ge_q70,ge,0.7,london_q40_prior_q30,"[[""london_range"", ""ge"", 0.4], [""prior_day_range"", ""ge"", 0.3]]",17124,,,,1318,0.9027918555173112,0.6325953853299792,0.4925354584895025,-405.90600499998027,-1789.8060049999804,-2712.4060049999803,0.4931714719271624,-1.4,-2189.071502499981,0,2,STAGE31C_REJECT_NO_ROBUST_EDGE,-270.1380799377393
default_grid,ALL,ALL,real_yield_z60,real_yield_z60_le_q20,le,0.2,h1_atr_rank_le_q30,"[[""h1_atr20_pct_rank_250"", ""le"", 0.3]]",17124,,,,1186,0.5816583580251643,0.12789040539071928,0.04364274444149525,-592.5608449999963,-1837.8608449999963,-2668.060844999996,0.2782462057335582,-0.7004000000000814,-1958.5133687500052,0,4,STAGE31C_REJECT_NO_ROBUST_EDGE,-270.25827790582673
default_grid,ALL,ALL,real_yield_chg_1,real_yield_chg_1_le_q20,le,0.2,london_q60_prior_q25,"[[""london_range"", ""ge"", 0.6], [""prior_day_range"", ""ge"", 0.25]]",17124,,,,1457,0.8871746447913327,0.46617242180398843,0.2998935514345445,-298.84033499999407,-1828.6903349999939,-2848.5903349999944,0.43719972546328073,-0.5350999999999657,-2108.972748499996,0,4,STAGE31C_REJECT_NO_ROBUST_EDGE,-272.45637250122115
default_grid,ALL,ALL,oil_value,oil_value_ge_q70,ge,0.7,london_q60_prior_q25,"[[""london_range"", ""ge"", 0.6], [""prior_day_range"", ""ge"", 0.25]]",17124,,,,1324,0.903354219620431,0.6355658624411145,0.49601309782002845,-409.3380249999804,-1799.5380249999803,-2726.3380249999805,0.4947129909365559,-1.4,-2233.854407999968,0,2,STAGE31C_REJECT_NO_ROBUST_EDGE,-273.30681188430515
default_grid,ALL,ALL,real_yield_value,real_yield_value_ge_q70,ge,0.7,h1_atr_q30_and_london_q60_prior_q25,"[[""h1_atr20_pct_rank_250"", ""le"", 0.3], [""london_range"", ""ge"", 0.6], [""prior_day_range"", ""ge"", 0.25]]",17124,,,,1405,0.7801508316830202,0.2547441313020092,0.10465877690077378,-383.76318999999336,-1859.0131899999933,-2842.513189999993,0.4483985765124555,-0.5359999999999672,-2009.9399732499976,0,4,STAGE31C_REJECT_NO_ROBUST_EDGE,-273.432241241876
default_grid,ALL,ALL,oil_z60,oil_z60_le_q20,le,0.2,london_q40_prior_q30,"[[""london_range"", ""ge"", 0.4], [""prior_day_range"", ""ge"", 0.3]]",17124,,,,1516,0.8972046469060307,0.4610568428614183,0.28871136553745813,-271.67899000000557,-1863.4789900000058,-2924.678990000006,0.43733509234828494,-0.5065999999999575,-2112.542752500004,1,4,STAGE31C_REJECT_NO_ROBUST_EDGE,-274.20962273423675
default_grid,ALL,ALL,real_yield_ret_5,real_yield_ret_5_ge_q70,ge,0.7,macro_only,[],17124,,,,1098,0.7508234811748818,0.45358812903933965,0.3253077977200984,-668.1722000000057,-1821.0722000000058,-2589.6722000000054,0.3843351548269581,-1.4,-2164.1544257500145,0,4,STAGE31C_REJECT_NO_ROBUST_EDGE,-274.47782880622754
default_grid,ALL,ALL,us10y_rank250,us10y_rank250_le_q20,le,0.2,h1_atr_q30_and_london_q60_prior_q25,"[[""h1_atr20_pct_rank_250"", ""le"", 0.3], [""london_range"", ""ge"", 0.6], [""prior_day_range"", ""ge"", 0.25]]",17124,,,,1039,0.5744068508395399,0.22879252297345742,0.11162767263695354,-778.820779999988,-1869.7707799999876,-2597.070779999988,0.4013474494706448,-2.7753999999998995,-2026.1453532499838,0,4,STAGE31C_REJECT_NO_ROBUST_EDGE,-275.54990974221556
default_grid,ALL,ALL,spx_ret_1,spx_ret_1_ge_q80,ge,0.8,london_q60_prior_q25,"[[""london_range"", ""ge"", 0.6], [""prior_day_range"", ""ge"", 0.25]]",17124,,,,1219,0.7967647000368505,0.466476236437894,0.3226919437206405,-563.9542499999984,-1843.9042499999985,-2697.204249999998,0.43970467596390483,-1.4,-2157.378862500006,0,4,STAGE31C_REJECT_NO_ROBUST_EDGE,-276.30383798573865
default_grid,ALL,ALL,oil_value,oil_value_ge_q70,ge,0.7,macro_only,[],17124,,,,1357,0.9036136887860922,0.6310841279492517,0.49071952383236583,-409.94275999997996,-1834.79275999998,-2784.69275999998,0.4885777450257922,-1.4,-2222.8289474999765,0,3,STAGE31C_REJECT_NO_ROBUST_EDGE,-276.3470040001748
default_grid,ALL,ALL,oil_rank250,oil_rank250_ge_q70,ge,0.7,h1_atr_q30_and_london_q60_prior_q25,"[[""h1_atr20_pct_rank_250"", ""le"", 0.3], [""london_range"", ""ge"", 0.6], [""prior_day_range"", ""ge"", 0.25]]",17124,,,,962,0.6111332548129433,0.3259799495052679,0.21856235480931094,-850.7696549999882,-1860.869654999988,-2534.2696549999882,0.3762993762993763,-2.7255125000000593,-2093.7598789999884,0,4,STAGE31C_REJECT_NO_ROBUST_EDGE,-276.64091053570826
default_grid,ALL,ALL,dxy_rank250,dxy_rank250_le_q30,le,0.3,h1_atr_q30_and_london_q60_prior_q25,"[[""h1_atr20_pct_rank_250"", ""le"", 0.3], [""london_range"", ""ge"", 0.6], [""prior_day_range"", ""ge"", 0.25]]",17124,,,,1177,0.7454903367492302,0.40568065066779024,0.2525617382124265,-641.1156699999726,-1876.9656699999728,-2700.865669999973,0.4647408666100255,-1.4,-2098.8548924999673,0,3,STAGE31C_REJECT_NO_ROBUST_EDGE,-277.57225816546804
default_grid,ALL,ALL,us10y_ret_5,us10y_ret_5_le_q20,le,0.2,london_q60_prior_q25,"[[""london_range"", ""ge"", 0.6], [""prior_day_range"", ""ge"", 0.25]]",17124,,,,1210,0.7175029242766776,0.3299110363466991,0.18714924287732213,-597.4902349999925,-1867.9902349999925,-2714.990234999992,0.41983471074380163,-1.4,-2108.107790999988,0,4,STAGE31C_REJECT_NO_ROBUST_EDGE,-278.1567057150223
default_grid,ALL,ALL,dxy_z60,dxy_z60_ge_q80,ge,0.8,london_q60_prior_q25,"[[""london_range"", ""ge"", 0.6], [""prior_day_range"", ""ge"", 0.25]]",17124,,,,1184,0.6781016522615564,0.30060566620573187,0.17163551312815803,-654.2424900000065,-1897.4424900000063,-2726.242490000006,0.40625,-1.4,-2103.901003750006,0,4,STAGE31C_REJECT_NO_ROBUST_EDGE,-281.24670047293097
default_grid,ALL,ALL,oil_chg_5,oil_chg_5_le_q20,le,0.2,macro_only,[],17124,,,,1496,0.8847980603335757,0.45966854391057976,0.2962890734047045,-300.4698200000049,-1871.269820000005,-2918.469820000005,0.41109625668449196,-1.4,-2203.4763905000104,0,4,STAGE31C_REJECT_NO_ROBUST_EDGE,-281.5189597922764
default_grid,ALL,ALL,real_yield_z60,real_yield_z60_ge_q80,ge,0.8,london_q40_prior_q30,"[[""london_range"", ""ge"", 0.4], [""prior_day_range"", ""ge"", 0.3]]",17124,,,,1266,0.7911593160337668,0.449698625534427,0.3080646644191413,-578.3227550000028,-1907.6227550000026,-2793.822755000003,0.43285939968404424,-1.4,-2191.699766250007,0,4,STAGE31C_REJECT_NO_ROBUST_EDGE,-284.6180188994798
default_grid,ALL,ALL,us10y_ret_5,us10y_ret_5_ge_q80,ge,0.8,macro_only,[],17124,,,,1019,0.5291871583324287,0.223211247525135,0.1383617818875095,-851.1388050000078,-1921.0888050000076,-2634.3888050000082,0.25024533856722275,-2.1143499999999675,-2112.8554365000027,0,4,STAGE31C_REJECT_NO_ROBUST_EDGE,-284.9660927221995
default_grid,ALL,ALL,real_yield_chg_5,real_yield_chg_5_le_q20,le,0.2,london_q40_prior_q30,"[[""london_range"", ""ge"", 0.4], [""prior_day_range"", ""ge"", 0.3]]",17124,,,,1392,0.7592451580405287,0.2900825197264596,0.14960980493803933,-469.017179999992,-1930.6171799999918,-2905.017179999992,0.3699712643678161,-1.4,-2114.9742325,0,4,STAGE31C_REJECT_NO_ROBUST_EDGE,-285.31116520798247
default_grid,ALL,ALL,vix_ret_5,vix_ret_5_ge_q70,ge,0.7,h1_atr_rank_le_q30,"[[""h1_atr20_pct_rank_250"", ""le"", 0.3]]",17124,,,,1308,0.6591915653806983,0.20571476186077844,0.09791953951393047,-563.3734049999798,-1936.7734049999794,-2852.3734049999794,0.2889908256880734,-0.7874000000000705,-2083.7780574999806,0,4,STAGE31C_REJECT_NO_ROBUST_EDGE,-285.4174175983335
default_grid,ALL,ALL,vix_rank250,vix_rank250_le_q30,le,0.3,london_q40_prior_q30,"[[""london_range"", ""ge"", 0.4], [""prior_day_range"", ""ge"", 0.3]]",17124,,,,1481,0.759709179769925,0.22442831238847064,0.10822374738990967,-394.8002650000183,-1949.850265000018,-2986.550265000018,0.29304523970290347,-1.4,-2090.341597250025,0,4,STAGE31C_REJECT_NO_ROBUST_EDGE,-286.8249282490587
default_grid,ALL,ALL,dxy_ret_5,dxy_ret_5_ge_q80,ge,0.8,london_q60_prior_q25,"[[""london_range"", ""ge"", 0.6], [""prior_day_range"", ""ge"", 0.25]]",17124,,,,1262,0.8147171107572283,0.5049789687378512,0.36293898845468814,-591.6262099999926,-1916.7262099999925,-2800.1262099999926,0.4532488114104596,-1.4,-2235.766586249987,0,4,STAGE31C_REJECT_NO_ROBUST_EDGE,-286.95940467130134
default_grid,ALL,ALL,us10y_chg_1,us10y_chg_1_le_q20,le,0.2,london_q60_prior_q25,"[[""london_range"", ""ge"", 0.6], [""prior_day_range"", ""ge"", 0.25]]",17124,,,,1261,0.763162064626343,0.4070217288705547,0.2663662848290388,-611.3244149999849,-1935.3744149999848,-2818.0744149999846,0.41871530531324347,-1.4,-2202.4721942499727,0,4,STAGE31C_REJECT_NO_ROBUST_EDGE,-288.5253687844754
default_grid,ALL,ALL,spx_rank250,spx_rank250_ge_q70,ge,0.7,h1_atr_q30_and_london_q60_prior_q25,"[[""h1_atr20_pct_rank_250"", ""le"", 0.3], [""london_range"", ""ge"", 0.6], [""prior_day_range"", ""ge"", 0.25]]",17124,,,,1313,0.6852459058707688,0.2461017927679524,0.11811059441916241,-585.3239999999946,-1963.9739999999947,-2883.073999999994,0.3869002284843869,-2.465674999999828,-2110.0255892499854,0,4,STAGE31C_REJECT_NO_ROBUST_EDGE,-288.96521915714254
default_grid,ALL,ALL,dxy_chg_1,dxy_chg_1_ge_q80,ge,0.8,london_q60_prior_q25,"[[""london_range"", ""ge"", 0.6], [""prior_day_range"", ""ge"", 0.25]]",17124,,,,1236,0.8258928743876287,0.534581253914735,0.3989523567582775,-590.8997099999983,-1888.6997099999985,-2753.8997099999983,0.4368932038834951,-1.4,-2358.692759499999,0,4,STAGE31C_REJECT_NO_ROBUST_EDGE,-289.86298700881935
default_grid,ALL,ALL,dxy_ret_5,dxy_ret_5_le_q30,le,0.3,h1_atr_rank_le_q30,"[[""h1_atr20_pct_rank_250"", ""le"", 0.3]]",17124,,,,1144,0.6166418139284541,0.2610514159274843,0.14615991395351555,-755.3740799999927,-1956.5740799999926,-2757.374079999993,0.3382867132867133,-1.4,-2154.0080587499874,0,4,STAGE31C_REJECT_NO_ROBUST_EDGE,-290.16265712240977
default_grid,ALL,ALL,dxy_chg_5,dxy_chg_5_le_q30,le,0.3,h1_atr_rank_le_q30,"[[""h1_atr20_pct_rank_250"", ""le"", 0.3]]",17124,,,,1144,0.6166418139284541,0.2610514159274843,0.14615991395351555,-755.3740799999927,-1956.5740799999926,-2757.374079999993,0.3382867132867133,-1.4,-2155.0656219999896,0,4,STAGE31C_REJECT_NO_ROBUST_EDGE,-290.21553528490983
default_grid,ALL,ALL,real_yield_chg_1,real_yield_chg_1_ge_q80,ge,0.8,london_q60_prior_q25,"[[""london_range"", ""ge"", 0.6], [""prior_day_range"", ""ge"", 0.25]]",17124,,,,958,0.678324009816214,0.43191479724386805,0.311982235410519,-914.8752900000125,-1920.7752900000125,-2591.3752900000122,0.4519832985386221,-1.4,-2292.5423077500163,0,4,STAGE31C_REJECT_NO_ROBUST_EDGE,-291.1375674734213
default_grid,ALL,ALL,vix_chg_5,vix_chg_5_le_q30,le,0.3,h1_atr_rank_le_q30,"[[""h1_atr20_pct_rank_250"", ""le"", 0.3]]",17124,,,,1270,0.6726258043990848,0.26732318102997915,0.14658410642790834,-643.2504299999987,-1976.7504299999987,-2865.7504299999982,0.35826771653543305,-1.158199999999988,-2157.8953062499786,0,4,STAGE31C_REJECT_NO_ROBUST_EDGE,-292.3102400764874
default_grid,ALL,ALL,vix_z60,vix_z60_le_q30,le,0.3,london_q60_prior_q25,"[[""london_range"", ""ge"", 0.6], [""prior_day_range"", ""ge"", 0.25]]",17124,,,,1758,0.9546385153930228,0.48085989619353026,0.29161457085281944,-130.97784500000068,-1976.8778450000004,-3207.4778450000003,0.47440273037542663,-0.3299000000000887,-2242.636834749996,0,4,STAGE31C_REJECT_NO_ROBUST_EDGE,-293.84456899215326
default_grid,ALL,ALL,real_yield_chg_5,real_yield_chg_5_le_q30,le,0.3,h1_atr_rank_le_q30,"[[""h1_atr20_pct_rank_250"", ""le"", 0.3]]",17124,,,,1245,0.6060972042316051,0.2027226035360603,0.10796476226371786,-679.8668899999843,-1987.1168899999843,-2858.616889999984,0.26506024096385544,-0.8122999999999592,-2164.7972779999823,0,4,STAGE31C_REJECT_NO_ROBUST_EDGE,-294.4924678155821
default_grid,ALL,ALL,spx_ret_5,spx_ret_5_ge_q70,ge,0.7,h1_atr_rank_le_q30,"[[""h1_atr20_pct_rank_250"", ""le"", 0.3]]",17124,,,,1268,0.6324510216199437,0.22682795409223167,0.11959475703688044,-661.9184699999896,-1993.3184699999897,-2880.9184699999896,0.2894321766561514,-1.9364124999999826,-2171.8293429999785,0,4,STAGE31C_REJECT_NO_ROBUST_EDGE,-295.176655580928
default_grid,ALL,ALL,dxy_ret_1,dxy_ret_1_ge_q80,ge,0.8,london_q60_prior_q25,"[[""london_range"", ""ge"", 0.6], [""prior_day_range"", ""ge"", 0.25]]",17124,,,,1289,0.834907798518729,0.5354815820587095,0.3967505920987077,-570.712959999996,-1924.1629599999962,-2826.4629599999957,0.4429790535298681,-0.322700000000077,-2404.519673749984,0,4,STAGE31C_REJECT_NO_ROBUST_EDGE,-295.7004614985169
default_grid,ALL,ALL,vix_chg_5,vix_chg_5_ge_q70,ge,0.7,h1_atr_rank_le_q30,"[[""h1_atr20_pct_rank_250"", ""le"", 0.3]]",17124,,,,1329,0.6476568701143866,0.2100496307193317,0.10244613094562409,-616.9373049999797,-2012.3873049999797,-2942.6873049999795,0.29571106094808125,-0.908000000000038,-2183.163477999984,0,4,STAGE31C_REJECT_NO_ROBUST_EDGE,-297.88662356902137
default_grid,ALL,ALL,oil_chg_5,oil_chg_5_ge_q70,ge,0.7,h1_atr_rank_le_q30,"[[""h1_atr20_pct_rank_250"", ""le"", 0.3]]",17124,,,,1261,0.6053005762725916,0.20250150569005976,0.11238913486151524,-691.1869700000055,-2015.2369700000054,-2897.9369700000057,0.2513877874702617,-0.7757000000000516,-2186.2997812499984,0,4,STAGE31C_REJECT_NO_ROBUST_EDGE,-298.3641144661538
default_grid,ALL,ALL,us10y_chg_1,us10y_chg_1_ge_q80,ge,0.8,london_q40_prior_q30,"[[""london_range"", ""ge"", 0.4], [""prior_day_range"", ""ge"", 0.3]]",17124,,,,1190,0.685477287246595,0.35806636171841894,0.22892986403995916,-764.7672050000049,-2014.2672050000047,-2847.2672050000047,0.3722689075630252,-1.4,-2249.1032535000086,0,4,STAGE31C_REJECT_NO_ROBUST_EDGE,-299.3855001016569
default_grid,ALL,ALL,dxy_chg_5,dxy_chg_5_ge_q80,ge,0.8,london_q60_prior_q25,"[[""london_range"", ""ge"", 0.6], [""prior_day_range"", ""ge"", 0.25]]",17124,,,,1290,0.8080657510579121,0.49818253488362757,0.35691139407606237,-621.3969099999933,-1975.8969099999936,-2878.896909999993,0.44883720930232557,-1.4,-2366.391484499984,0,4,STAGE31C_REJECT_NO_ROBUST_EDGE,-299.499794299858
default_grid,ALL,ALL,dxy_age_hours,dxy_age_hours_le_q30,le,0.3,h1_atr_rank_le_q30,"[[""h1_atr20_pct_rank_250"", ""le"", 0.3]]",17124,,,,1430,0.6939097097954624,0.2252324004809653,0.11511513263340924,-538.8407499999992,-2040.340749999999,-3041.3407499999994,0.2783216783216783,-0.7696999999999661,-2204.539442500006,0,4,STAGE31C_REJECT_NO_ROBUST_EDGE,-301.5482625896569
default_grid,ALL,ALL,real_yield_age_hours,real_yield_age_hours_le_q30,le,0.3,h1_atr_rank_le_q30,"[[""h1_atr20_pct_rank_250"", ""le"", 0.3]]",17124,,,,1434,0.6945771972304315,0.2266608879778643,0.11617720004008024,-541.0356499999982,-2046.735649999998,-3050.535649999998,0.2789400278940028,-0.7696999999999661,-2207.6783199999936,0,4,STAGE31C_REJECT_NO_ROBUST_EDGE,-302.3261633200605
default_grid,ALL,ALL,oil_age_hours,oil_age_hours_le_q30,le,0.3,h1_atr_rank_le_q30,"[[""h1_atr20_pct_rank_250"", ""le"", 0.3]]",17124,,,,1430,0.6939097097954624,0.2252324004809653,0.11511513263340924,-538.8407499999992,-2040.340749999999,-3041.3407499999994,0.2783216783216783,-0.7696999999999661,-2228.165536250003,0,4,STAGE31C_REJECT_NO_ROBUST_EDGE,-302.7295672771567
default_grid,ALL,ALL,us10y_age_hours,us10y_age_hours_le_q30,le,0.3,h1_atr_rank_le_q30,"[[""h1_atr20_pct_rank_250"", ""le"", 0.3]]",17124,,,,1434,0.6945771972304315,0.2266608879778643,0.11617720004008024,-541.0356499999982,-2046.735649999998,-3050.535649999998,0.2789400278940028,-0.7696999999999661,-2226.6745787500104,0,4,STAGE31C_REJECT_NO_ROBUST_EDGE,-303.27597625756135
default_grid,ALL,ALL,spx_age_hours,spx_age_hours_le_q30,le,0.3,h1_atr_rank_le_q30,"[[""h1_atr20_pct_rank_250"", ""le"", 0.3]]",17124,,,,1439,0.6932219886247413,0.22707620383546154,0.11655380873057937,-547.5923999999989,-2058.5423999999985,-3065.8423999999986,0.27936066712995133,-0.7696999999999661,-2229.027550000011,0,4,STAGE31C_REJECT_NO_ROBUST_EDGE,-304.56864022672346
default_grid,ALL,ALL,oil_ret_5,oil_ret_5_le_q20,le,0.2,london_q60_prior_q25,"[[""london_range"", ""ge"", 0.6], [""prior_day_range"", ""ge"", 0.25]]",17124,,,,1465,0.8315225521586783,0.4583621528687363,0.3006100883920243,-493.27314500000074,-2031.523145000001,-3057.0231450000006,0.45119453924914676,-1.4,-2353.766495500004,0,4,STAGE31C_REJECT_NO_ROBUST_EDGE,-305.0545773927448
default_grid,ALL,ALL,us10y_chg_5,us10y_chg_5_le_q20,le,0.2,london_q60_prior_q25,"[[""london_range"", ""ge"", 0.6], [""prior_day_range"", ""ge"", 0.25]]",17124,,,,1384,0.7451973645487109,0.3497368431156752,0.20435013827668297,-612.9839999999822,-2066.183999999982,-3034.983999999982,0.41763005780346824,-1.4,-2297.0124184999913,0,4,STAGE31C_REJECT_NO_ROBUST_EDGE,-307.1542519407343
default_grid,ALL,ALL,vix_ret_5,vix_ret_5_le_q30,le,0.3,h1_atr_rank_le_q30,"[[""h1_atr20_pct_rank_250"", ""le"", 0.3]]",17124,,,,1376,0.6765675076360114,0.25676580997381615,0.13844956662190358,-654.7200699999973,-2099.5200699999978,-3062.7200699999976,0.342296511627907,-0.7622000000000297,-2278.1767959999984,0,4,STAGE31C_REJECT_NO_ROBUST_EDGE,-310.7393904337739
default_grid,ALL,ALL,real_yield_chg_5,real_yield_chg_5_ge_q80,ge,0.8,macro_only,[],17124,,,,1158,0.6412875270378736,0.3453056249259698,0.23824591740735523,-867.2786150000052,-2083.1786150000053,-2893.7786150000056,0.27806563039723664,-2.1361249999999017,-2387.770081250003,0,4,STAGE31C_REJECT_NO_ROBUST_EDGE,-313.3003256436116
default_grid,ALL,ALL,oil_ret_5,oil_ret_5_ge_q70,ge,0.7,h1_atr_rank_le_q30,"[[""h1_atr20_pct_rank_250"", ""le"", 0.3]]",17124,,,,1352,0.6223731408025848,0.2060215341652061,0.11096715130435744,-693.3944700000073,-2112.994470000007,-3059.3944700000075,0.25961538461538464,-0.7578499999999848,-2293.31175050002,0,4,STAGE31C_REJECT_NO_ROBUST_EDGE,-313.4609505781322
default_grid,ALL,ALL,dxy_chg_1,dxy_chg_1_ge_q80,ge,0.8,london_q40_prior_q30,"[[""london_range"", ""ge"", 0.4], [""prior_day_range"", ""ge"", 0.3]]",17124,,,,1343,0.8136577451189275,0.5086732884257155,0.37270974951328,-641.315809999996,-2051.4658099999956,-2991.5658099999955,0.4177215189873418,-1.4,-2525.486365999992,0,4,STAGE31C_REJECT_NO_ROBUST_EDGE,-314.8433274176889
default_grid,ALL,ALL,oil_ret_5,oil_ret_5_le_q20,le,0.2,london_q40_prior_q30,"[[""london_range"", ""ge"", 0.4], [""prior_day_range"", ""ge"", 0.3]]",17124,,,,1539,0.8340089250943058,0.45104221541733247,0.29257311009313514,-496.3052800000011,-2112.255280000001,-3189.555280000001,0.4476933073424301,-1.4,-2399.4611415000027,0,4,STAGE31C_REJECT_NO_ROBUST_EDGE,-315.51787048045435
default_grid,ALL,ALL,vix_rank250,vix_rank250_ge_q80,ge,0.8,h1_atr_rank_le_q30,"[[""h1_atr20_pct_rank_250"", ""le"", 0.3]]",17124,,,,1287,0.5987466345407216,0.20322821670476968,0.09536385909037609,-781.6114899999967,-2132.961489999996,-3033.8614899999966,0.38306138306138304,-1.998974999999882,-2306.8454292499964,0,4,STAGE31C_REJECT_NO_ROBUST_EDGE,-316.22468285909025
default_grid,ALL,ALL,spx_ret_1,spx_ret_1_ge_q80,ge,0.8,london_q40_prior_q30,"[[""london_range"", ""ge"", 0.4], [""prior_day_range"", ""ge"", 0.3]]",17124,,,,1386,0.773869751190434,0.434080685442078,0.29428201798378467,-668.5554599999994,-2123.8554599999993,-3094.055459999999,0.40764790764790765,-1.4,-2425.778565500002,0,4,STAGE31C_REJECT_NO_ROBUST_EDGE,-318.1565393486441
default_grid,ALL,ALL,us10y_value,us10y_value_ge_q70,ge,0.7,h1_atr_q30_and_london_q60_prior_q25,"[[""h1_atr20_pct_rank_250"", ""le"", 0.3], [""london_range"", ""ge"", 0.6], [""prior_day_range"", ""ge"", 0.25]]",17124,,,,1472,0.7311322676415974,0.29082742918761123,0.1454451071635003,-601.9493199999861,-2147.549319999986,-3177.949319999986,0.4517663043478261,-1.4,-2340.917297749982,0,4,STAGE31C_REJECT_NO_ROBUST_EDGE,-318.3107421669676
default_grid,ALL,ALL,vix_age_hours,vix_age_hours_le_q30,le,0.3,h1_atr_rank_le_q30,"[[""h1_atr20_pct_rank_250"", ""le"", 0.3]]",17124,,,,1495,0.6810662197567654,0.2239064339226824,0.11505595185889078,-597.9750999999951,-2167.725099999995,-3214.225099999995,0.27692307692307694,-0.7757000000000516,-2339.798706249998,0,4,STAGE31C_REJECT_NO_ROBUST_EDGE,-321.063157165837
default_grid,ALL,ALL,us10y_ret_5,us10y_ret_5_le_q20,le,0.2,london_q40_prior_q30,"[[""london_range"", ""ge"", 0.4], [""prior_day_range"", ""ge"", 0.3]]",17124,,,,1453,0.7199808901787497,0.302210979544005,0.16520085236056428,-642.0424949999955,-2167.6924949999957,-3184.792494999995,0.37577426015141085,-1.4,-2367.962895499999,0,4,STAGE31C_REJECT_NO_ROBUST_EDGE,-321.4844810701172
default_grid,ALL,ALL,oil_chg_1,oil_chg_1_le_q20,le,0.2,london_q60_prior_q25,"[[""london_range"", ""ge"", 0.6], [""prior_day_range"", ""ge"", 0.25]]",17124,,,,1245,0.7513277168875077,0.46388166651421103,0.33015151231949963,-810.9861449999826,-2118.2361449999826,-2989.7361449999826,0.44738955823293175,-1.4,-2551.448818999979,0,4,STAGE31C_REJECT_NO_ROBUST_EDGE,-323.43663273557706
default_grid,ALL,ALL,dxy_ret_5,dxy_ret_5_ge_q80,ge,0.8,london_q40_prior_q30,"[[""london_range"", ""ge"", 0.4], [""prior_day_range"", ""ge"", 0.3]]",17124,,,,1442,0.8080959202728356,0.4777369634651685,0.33499311776138424,-643.5458599999878,-2157.6458599999874,-3167.0458599999874,0.4403606102635229,-1.4,-2516.077404499997,0,4,STAGE31C_REJECT_NO_ROBUST_EDGE,-325.45111411930134
default_grid,ALL,ALL,real_yield_rank250,real_yield_rank250_le_q20,le,0.2,h1_atr_q30_and_london_q60_prior_q25,"[[""h1_atr20_pct_rank_250"", ""le"", 0.3], [""london_range"", ""ge"", 0.6], [""prior_day_range"", ""ge"", 0.25]]",17124,,,,1234,0.5811821421217703,0.2316943179236251,0.11158526205785582,-911.5502199999808,-2207.250219999981,-3071.050219999981,0.419773095623987,-2.7809249999999337,-2393.326274999989,0,4,STAGE31C_REJECT_NO_ROBUST_EDGE,-327.62805152252986
default_grid,ALL,ALL,us10y_ret_5,us10y_ret_5_ge_q70,ge,0.7,london_q60_prior_q25,"[[""london_range"", ""ge"", 0.6], [""prior_day_range"", ""ge"", 0.25]]",17124,,,,1222,0.6949086046350839,0.4077183253957339,0.28543011124119144,-902.1361649999943,-2185.2361649999943,-3040.6361649999944,0.3829787234042553,-2.567075000000068,-2486.670312749996,0,4,STAGE31C_REJECT_NO_ROBUST_EDGE,-327.63822843857713
default_grid,ALL,ALL,real_yield_chg_1,real_yield_chg_1_le_q20,le,0.2,london_q40_prior_q30,"[[""london_range"", ""ge"", 0.4], [""prior_day_range"", ""ge"", 0.3]]",17124,,,,1685,0.8532388214928139,0.4220858334152551,0.2658329861524243,-417.8209849999928,-2187.070984999992,-3366.5709849999926,0.38991097922848666,-1.4,-2498.6068687499933,0,4,STAGE31C_REJECT_NO_ROBUST_EDGE,-328.3532516587366
default_grid,ALL,ALL,dxy_ret_1,dxy_ret_1_ge_q80,ge,0.8,london_q40_prior_q30,"[[""london_range"", ""ge"", 0.4], [""prior_day_range"", ""ge"", 0.3]]",17124,,,,1436,0.819551378419159,0.5030888006248295,0.36463732261325843,-638.1616099999919,-2145.9616099999917,-3151.161609999992,0.41225626740947074,-1.4,-2609.0295639999895,0,4,STAGE31C_REJECT_NO_ROBUST_EDGE,-328.55820190329734
default_grid,ALL,ALL,us10y_z60,us10y_z60_ge_q80,ge,0.8,london_q60_prior_q25,"[[""london_range"", ""ge"", 0.6], [""prior_day_range"", ""ge"", 0.25]]",17124,,,,1201,0.7551224326598395,0.49766816293261285,0.37677743723611623,-888.3254299999975,-2149.3754299999973,-2990.075429999997,0.45129059117402165,-1.4,-2645.5062722500015,0,4,STAGE31C_REJECT_NO_ROBUST_EDGE,-330.7290652342292
default_grid,ALL,ALL,oil_value,oil_value_le_q20,le,0.2,h1_atr_q30_and_london_q60_prior_q25,"[[""h1_atr20_pct_rank_250"", ""le"", 0.3], [""london_range"", ""ge"", 0.6], [""prior_day_range"", ""ge"", 0.25]]",17124,,,,1443,0.6967384166616184,0.28656485814040433,0.1388693166523039,-715.8731449999711,-2231.023144999971,-3241.123144999971,0.46015246015246014,-0.7063999999999395,-2434.817663749969,0,4,STAGE31C_REJECT_NO_ROBUST_EDGE,-331.4220718394823
default_grid,ALL,ALL,dxy_chg_5,dxy_chg_5_ge_q80,ge,0.8,london_q40_prior_q30,"[[""london_range"", ""ge"", 0.4], [""prior_day_range"", ""ge"", 0.3]]",17124,,,,1459,0.8013326996828695,0.473005262030829,0.3311576555593173,-674.0438599999885,-2205.993859999988,-3227.2938599999884,0.44002741603838247,-1.4,-2538.3257324999986,0,4,STAGE31C_REJECT_NO_ROBUST_EDGE,-331.4609893824532
default_grid,ALL,ALL,us10y_rank250,us10y_rank250_le_q30,le,0.3,h1_atr_q30_and_london_q60_prior_q25,"[[""h1_atr20_pct_rank_250"", ""le"", 0.3], [""london_range"", ""ge"", 0.6], [""prior_day_range"", ""ge"", 0.25]]",17124,,,,1265,0.5829907666008892,0.22812289859846255,0.10735792221410904,-913.9234199999808,-2242.173419999981,-3127.67341999998,0.4150197628458498,-2.709099999999944,-2408.3337074999786,0,4,STAGE31C_REJECT_NO_ROBUST_EDGE,-331.92336670015595
default_grid,ALL,ALL,vix_value,vix_value_ge_q80,ge,0.8,london_q40_prior_q30,"[[""london_range"", ""ge"", 0.4], [""prior_day_range"", ""ge"", 0.3]]",17124,,,,1079,0.7209232025106089,0.5050235045777031,0.3934490720931003,-1072.8121850000146,-2205.762185000014,-2961.062185000015,0.45968489341983315,-3.212199999999848,-2590.2125555000084,0,3,STAGE31C_REJECT_NO_ROBUST_EDGE,-333.46281494085235
default_grid,ALL,ALL,oil_z60,oil_z60_le_q20,le,0.2,macro_only,[],17124,,,,1858,0.8947046999693312,0.42829187749164505,0.25925763127292356,-308.8320100000019,-2259.732010000002,-3560.332010000002,0.3993541442411195,-0.5911999999999806,-2506.9394657499943,1,4,STAGE31C_REJECT_NO_ROBUST_EDGE,-334.0002249874917
default_grid,ALL,ALL,vix_value,vix_value_ge_q80,ge,0.8,london_q60_prior_q25,"[[""london_range"", ""ge"", 0.6], [""prior_day_range"", ""ge"", 0.25]]",17124,,,,1079,0.7209232025106089,0.5050235045777031,0.3934490720931003,-1072.8121850000146,-2205.762185000014,-2961.062185000015,0.45968489341983315,-3.212199999999848,-2610.9046745000182,0,3,STAGE31C_REJECT_NO_ROBUST_EDGE,-334.4974208908529
default_grid,ALL,ALL,real_yield_chg_1,real_yield_chg_1_ge_q80,ge,0.8,london_q40_prior_q30,"[[""london_range"", ""ge"", 0.4], [""prior_day_range"", ""ge"", 0.3]]",17124,,,,1119,0.6555966369270607,0.39398504748658153,0.2746915256821468,-1026.3812800000128,-2201.3312800000126,-2984.631280000013,0.4119749776586238,-1.4,-2598.084756250011,0,4,STAGE31C_REJECT_NO_ROBUST_EDGE,-334.9987492349074
default_grid,ALL,ALL,vix_ret_1,vix_ret_1_ge_q70,ge,0.7,h1_atr_rank_le_q30,"[[""h1_atr20_pct_rank_250"", ""le"", 0.3]]",17124,,,,1337,0.5712988175300892,0.19622044524801,0.10123300267470016,-861.0675949999786,-2264.9175949999785,-3200.8175949999786,0.29020194465220644,-1.4,-2432.2631662499807,0,4,STAGE31C_REJECT_NO_ROBUST_EDGE,-335.73778134931797
default_grid,ALL,ALL,dxy_z60,dxy_z60_le_q30,le,0.3,h1_atr_rank_le_q30,"[[""h1_atr20_pct_rank_250"", ""le"", 0.3]]",17124,,,,1532,0.6637291623343635,0.21046766768680952,0.09359730930907449,-673.1290849999814,-2281.729084999981,-3354.1290849999814,0.3139686684073107,-0.6255499999999983,-2430.0299154999807,0,4,STAGE31C_REJECT_NO_ROBUST_EDGE,-337.1953383608927
default_grid,ALL,ALL,vix_value,vix_value_ge_q80,ge,0.8,macro_only,[],17124,,,,1133,0.7323129849741532,0.5086735456012255,0.39402346025086066,-1049.0207550000143,-2238.670755000014,-3031.7707550000146,0.4616063548102383,-2.89434999999994,-2621.465201250012,0,3,STAGE31C_REJECT_NO_ROBUST_EDGE,-338.2775062654863
default_grid,ALL,ALL,vix_chg_1,vix_chg_1_ge_q70,ge,0.7,h1_atr_rank_le_q30,"[[""h1_atr20_pct_rank_250"", ""le"", 0.3]]",17124,,,,1353,0.5745308588433929,0.19638100236584047,0.10041946699399962,-862.7927949999792,-2283.442794999979,-3230.5427949999794,0.29933481152993346,-1.4,-2467.393189499974,0,4,STAGE31C_REJECT_NO_ROBUST_EDGE,-339.3484510833622
default_grid,ALL,ALL,vix_z60,vix_z60_ge_q70,ge,0.7,h1_atr_rank_le_q30,"[[""h1_atr20_pct_rank_250"", ""le"", 0.3]]",17124,,,,1361,0.5772763503018175,0.20236862962846625,0.1075060188217903,-857.0896349999946,-2286.1396349999945,-3238.8396349999944,0.2946362968405584,-1.4,-2470.700869999994,0,4,STAGE31C_REJECT_NO_ROBUST_EDGE,-339.69529662842734
default_grid,ALL,ALL,dxy_rank250,dxy_rank250_ge_q80,ge,0.8,london_q40_prior_q30,"[[""london_range"", ""ge"", 0.4], [""prior_day_range"", ""ge"", 0.3]]",17124,,,,1588,0.6530967599065233,0.16110502298795798,0.0455061158833541,-635.9663749999995,-2303.3663749999996,-3414.966375,0.3986146095717884,-1.4,-2453.6816980000012,0,2,STAGE31C_REJECT_NO_ROBUST_EDGE,-341.22764770658705
default_grid,ALL,ALL,dxy_z60,dxy_z60_ge_q80,ge,0.8,london_q40_prior_q30,"[[""london_range"", ""ge"", 0.4], [""prior_day_range"", ""ge"", 0.3]]",17124,,,,1392,0.6349582471404327,0.2645453146765721,0.14718054509627698,-837.0817700000064,-2298.681770000006,-3273.081770000006,0.3807471264367816,-2.1143499999999675,-2504.6831605000116,0,4,STAGE31C_REJECT_NO_ROBUST_EDGE,-341.86815969785033
default_grid,ALL,ALL,oil_chg_1,oil_chg_1_ge_q80,ge,0.8,london_q60_prior_q25,"[[""london_range"", ""ge"", 0.6], [""prior_day_range"", ""ge"", 0.25]]",17124,,,,1284,0.7445185256641482,0.47817313061179306,0.35361523156102354,-925.1557549999989,-2273.3557549999987,-3172.155754999999,0.4182242990654206,-1.4,-2631.9003154999946,0,4,STAGE31C_REJECT_NO_ROBUST_EDGE,-342.73439904263756
default_grid,ALL,ALL,oil_value,oil_value_le_q30,le,0.3,h1_atr_q30_and_london_q60_prior_q25,"[[""h1_atr20_pct_rank_250"", ""le"", 0.3], [""london_range"", ""ge"", 0.6], [""prior_day_range"", ""ge"", 0.25]]",17124,,,,1515,0.702130725918932,0.283018341119781,0.1349886193771829,-723.2080699999758,-2313.9580699999756,-3374.458069999976,0.45676567656765676,-0.4054999999999835,-2500.2351737499716,0,4,STAGE31C_REJECT_NO_ROBUST_EDGE,-343.03742779878957
default_grid,ALL,ALL,dxy_value,dxy_value_le_q20,le,0.2,h1_atr_rank_le_q30,"[[""h1_atr20_pct_rank_250"", ""le"", 0.3]]",17124,,,,1513,0.6696618808359921,0.26608182850064227,0.15726196162473652,-734.1481449999769,-2322.7981449999766,-3381.898144999977,0.2293456708526107,-0.7004000000000814,-2504.6504922499826,0,3,STAGE31C_REJECT_NO_ROBUST_EDGE,-344.2224729809914
default_grid,ALL,ALL,real_yield_ret_1,real_yield_ret_1_le_q30,le,0.3,london_q60_prior_q25,"[[""london_range"", ""ge"", 0.6], [""prior_day_range"", ""ge"", 0.25]]",17124,,,,1723,0.8532851322886565,0.4663308760300992,0.30669842717889156,-496.62819499999404,-2305.7781949999935,-3511.8781949999943,0.4405107370864771,-1.4,-2614.4988539999918,0,4,STAGE31C_REJECT_NO_ROBUST_EDGE,-345.41265973098234
default_grid,ALL,ALL,spx_ret_5,spx_ret_5_ge_q80,ge,0.8,london_q60_prior_q25,"[[""london_range"", ""ge"", 0.6], [""prior_day_range"", ""ge"", 0.25]]",17124,,,,1348,0.7046199094320724,0.38960953938480797,0.2525123883117141,-897.7809499999883,-2313.180949999988,-3256.7809499999885,0.45326409495548964,-1.4,-2580.664332249991,0,4,STAGE31C_REJECT_NO_ROBUST_EDGE,-345.4451666654034
default_grid,ALL,ALL,real_yield_rank250,real_yield_rank250_le_q30,le,0.3,h1_atr_q30_and_london_q60_prior_q25,"[[""h1_atr20_pct_rank_250"", ""le"", 0.3], [""london_range"", ""ge"", 0.6], [""prior_day_range"", ""ge"", 0.25]]",17124,,,,1463,0.6763313246673683,0.286772479638028,0.14906318974056734,-799.113044999975,-2335.263044999975,-3359.3630449999746,0.4299384825700615,-1.4,-2534.355826499968,0,4,STAGE31C_REJECT_NO_ROBUST_EDGE,-346.78011826965337
default_grid,ALL,ALL,oil_z60,oil_z60_ge_q80,ge,0.8,h1_atr_rank_le_q30,"[[""h1_atr20_pct_rank_250"", ""le"", 0.3]]",17124,,,,1358,0.5656597769233456,0.22021820558745261,0.13459101293022524,-905.2801749999876,-2331.1801749999872,-3281.7801749999876,0.20544918998527245,-1.4,-2537.4539969999823,0,4,STAGE31C_REJECT_NO_ROBUST_EDGE,-347.2501712424024
default_grid,ALL,ALL,vix_z60,vix_z60_le_q30,le,0.3,london_q40_prior_q30,"[[""london_range"", ""ge"", 0.4], [""prior_day_range"", ""ge"", 0.3]]",17124,,,,2023,0.9280028974169304,0.43334295855390503,0.2525841326519129,-219.34263499999736,-2343.492634999997,-3759.5926349999977,0.4300543746910529,-0.549499999999989,-2589.9568272499946,0,4,STAGE31C_REJECT_NO_ROBUST_EDGE,-348.5033387463527
default_grid,ALL,ALL,us10y_z60,us10y_z60_le_q30,le,0.3,h1_atr_rank_le_q30,"[[""h1_atr20_pct_rank_250"", ""le"", 0.3]]",17124,,,,1512,0.5879138074985695,0.14373879993051783,0.05332894697723873,-770.3719899999849,-2357.9719899999845,-3416.371989999985,0.2962962962962963,-0.7317499999999426,-2504.905465999983,0,4,STAGE31C_REJECT_NO_ROBUST_EDGE,-349.3917685127835
default_grid,ALL,ALL,us10y_ret_1,us10y_ret_1_le_q20,le,0.2,macro_only,[],17124,,,,1613,0.731683082927819,0.30451974033709583,0.1783586708640862,-650.5470299999861,-2344.1970299999857,-3473.297029999986,0.3019218846869188,-0.7910000000000763,-2578.010012999986,0,4,STAGE31C_REJECT_NO_ROBUST_EDGE,-349.56157156317056
default_grid,ALL,ALL,vix_value,vix_value_le_q20,le,0.2,h1_atr_rank_le_q30,"[[""h1_atr20_pct_rank_250"", ""le"", 0.3]]",17124,,,,1787,0.6115167357933712,0.025825919275682212,0.0010901630403798302,-494.878450000005,-2371.2284500000046,-3622.128450000005,0.12702853945159484,-0.7004000000000814,-2464.034524750003,0,2,STAGE31C_REJECT_NO_ROBUST_EDGE,-350.0619513925823
default_grid,ALL,ALL,dxy_chg_5,dxy_chg_5_le_q20,le,0.2,london_q60_prior_q25,"[[""london_range"", ""ge"", 0.6], [""prior_day_range"", ""ge"", 0.25]]",17124,,,,1537,0.772323999648736,0.4245510520857611,0.278681256882834,-733.3848949999785,-2347.2348949999787,-3423.1348949999783,0.4424202992843201,-1.4,-2651.4711154999704,0,4,STAGE31C_REJECT_NO_ROBUST_EDGE,-351.9368097266074
default_grid,ALL,ALL,oil_chg_1,oil_chg_1_ge_q80,ge,0.8,london_q40_prior_q30,"[[""london_range"", ""ge"", 0.4], [""prior_day_range"", ""ge"", 0.3]]",17124,,,,1330,0.7321274055898541,0.4614346603595632,0.3380934225838116,-970.9095999999976,-2367.409599999997,-3298.4095999999977,0.4067669172932331,-1.4,-2682.8786732499893,0,4,STAGE31C_REJECT_NO_ROBUST_EDGE,-354.9181733685683
default_grid,ALL,ALL,spx_ret_5,spx_ret_5_ge_q80,ge,0.8,london_q40_prior_q30,"[[""london_range"", ""ge"", 0.4], [""prior_day_range"", ""ge"", 0.3]]",17124,,,,1424,0.7050560161824205,0.3806300814884898,0.2443914134532442,-909.5603499999881,-2404.7603499999877,-3401.560349999988,0.43047752808988765,-1.4,-2628.251977499992,0,4,STAGE31C_REJECT_NO_ROBUST_EDGE,-357.1047674063005
default_grid,ALL,ALL,oil_rank250,oil_rank250_le_q20,le,0.2,london_q60_prior_q25,"[[""london_range"", ""ge"", 0.6], [""prior_day_range"", ""ge"", 0.25]]",17124,,,,1804,0.8652185453704297,0.48424435314418107,0.3153885482364845,-494.8270900000153,-2389.027090000015,-3651.8270900000152,0.4861419068736142,-1.4,-2698.0124355000107,0,4,STAGE31C_REJECT_NO_ROBUST_EDGE,-357.6993330506143
default_grid,ALL,ALL,spx_chg_5,spx_chg_5_ge_q70,ge,0.7,h1_atr_rank_le_q30,"[[""h1_atr20_pct_rank_250"", ""le"", 0.3]]",17124,,,,1519,0.6334504373503436,0.2354050577776117,0.12537580731423734,-816.3643699999908,-2411.314369999991,-3474.6143699999907,0.30480579328505597,-2.0425249999999777,-2606.8765467499893,0,4,STAGE31C_REJECT_NO_ROBUST_EDGE,-358.6197105304655
default_grid,ALL,ALL,real_yield_ret_1,real_yield_ret_1_ge_q70,ge,0.7,london_q60_prior_q25,"[[""london_range"", ""ge"", 0.6], [""prior_day_range"", ""ge"", 0.25]]",17124,,,,1375,0.7480813722026814,0.46218187057740884,0.32914040738352535,-907.6759850000099,-2351.42598500001,-3313.92598500001,0.44436363636363635,-1.4,-2791.945444000013,0,4,STAGE31C_REJECT_NO_ROBUST_EDGE,-358.80149036469345
default_grid,ALL,ALL,us10y_chg_5,us10y_chg_5_le_q20,le,0.2,london_q40_prior_q30,"[[""london_range"", ""ge"", 0.4], [""prior_day_range"", ""ge"", 0.3]]",17124,,,,1649,0.7429680897993026,0.3201534901376005,0.18081902423429005,-668.9831599999854,-2400.433159999985,-3554.733159999985,0.37355973317161917,-1.4,-2664.804182999993,0,4,STAGE31C_REJECT_NO_ROBUST_EDGE,-359.358714151685
default_grid,ALL,ALL,spx_ret_5,spx_ret_5_le_q20,le,0.2,london_q60_prior_q25,"[[""london_range"", ""ge"", 0.6], [""prior_day_range"", ""ge"", 0.25]]",17124,,,,1490,0.7831739725678296,0.48276792992073186,0.33932667976699754,-833.4448500000138,-2397.9448500000135,-3440.9448500000135,0.4885906040268456,-1.4,-2779.2752280000223,0,4,STAGE31C_REJECT_NO_ROBUST_EDGE,-362.57326038172715
default_grid,ALL,ALL,oil_chg_1,oil_chg_1_le_q20,le,0.2,london_q40_prior_q30,"[[""london_range"", ""ge"", 0.4], [""prior_day_range"", ""ge"", 0.3]]",17124,,,,1404,0.7306078892837737,0.43364483118109987,0.3036896257361332,-921.6443699999838,-2395.844369999984,-3378.6443699999836,0.400997150997151,-1.4,-2780.731556999987,0,4,STAGE31C_REJECT_NO_ROBUST_EDGE,-363.0698080352422
default_grid,ALL,ALL,us10y_chg_1,us10y_chg_1_le_q20,le,0.2,london_q40_prior_q30,"[[""london_range"", ""ge"", 0.4], [""prior_day_range"", ""ge"", 0.3]]",17124,,,,1582,0.7362104603525491,0.35661260770245806,0.22503842236431082,-755.081564999984,-2416.181564999984,-3523.581564999984,0.36030341340075855,-1.4,-2728.9340734999914,0,4,STAGE31C_REJECT_NO_ROBUST_EDGE,-363.59858040851617
default_grid,ALL,ALL,us10y_z60,us10y_z60_ge_q80,ge,0.8,london_q40_prior_q30,"[[""london_range"", ""ge"", 0.4], [""prior_day_range"", ""ge"", 0.3]]",17124,,,,1343,0.7370211273301989,0.46538164311305624,0.34534853266274584,-980.5459699999942,-2390.6959699999943,-3330.7959699999938,0.4244229337304542,-1.4,-2843.507548249987,0,4,STAGE31C_REJECT_NO_ROBUST_EDGE,-365.2097638507172
default_grid,ALL,ALL,us10y_chg_5,us10y_chg_5_ge_q80,ge,0.8,macro_only,[],17124,,,,1380,0.5297628732731483,0.19721425436142084,0.11534277355197886,-1011.5263849999981,-2460.526384999998,-3426.5263849999983,0.23550724637681159,-2.086400000000049,-2661.724765249995,0,4,STAGE31C_REJECT_NO_ROBUST_EDGE,-366.70536312467743
default_grid,ALL,ALL,real_yield_chg_5,real_yield_chg_5_ge_q70,ge,0.7,london_q60_prior_q25,"[[""london_range"", ""ge"", 0.6], [""prior_day_range"", ""ge"", 0.25]]",17124,,,,1484,0.7440862354495374,0.4328593085907515,0.29856868265038666,-885.5522700000058,-2443.752270000006,-3482.5522700000056,0.4238544474393531,-1.4,-2760.5332357500106,0,4,STAGE31C_REJECT_NO_ROBUST_EDGE,-366.8790209709921
default_grid,ALL,ALL,spx_age_hours,spx_age_hours_ge_q80,ge,0.8,h1_atr_rank_le_q30,"[[""h1_atr20_pct_rank_250"", ""le"", 0.3]]",17124,,,,1558,0.6813191670758879,0.2972183586053564,0.16322241824976016,-838.3737599999743,-2474.273759999974,-3564.8737599999745,0.38189987163029526,-1.4,-2664.168652499973,0,4,STAGE31C_REJECT_NO_ROBUST_EDGE,-367.01073536594345
default_grid,ALL,ALL,oil_ret_1,oil_ret_1_le_q20,le,0.2,london_q60_prior_q25,"[[""london_range"", ""ge"", 0.6], [""prior_day_range"", ""ge"", 0.25]]",17124,,,,1433,0.7520948131396854,0.4543454440145,0.3166352474984605,-897.1564449999868,-2401.8064449999865,-3404.9064449999864,0.4556873691556176,-1.4,-2878.8475207499773,0,4,STAGE31C_REJECT_NO_ROBUST_EDGE,-368.31302510735867
default_grid,ALL,ALL,oil_rank250,oil_rank250_le_q20,le,0.2,london_q40_prior_q30,"[[""london_range"", ""ge"", 0.4], [""prior_day_range"", ""ge"", 0.3]]",17124,,,,1862,0.8625268633501888,0.4766818600476621,0.30826571761167115,-511.4107500000143,-2466.510750000014,-3769.9107500000146,0.48012889366272826,-1.4,-2757.727347500012,0,4,STAGE31C_REJECT_NO_ROBUST_EDGE,-368.5375609040787
default_grid,ALL,ALL,vix_rank250,vix_rank250_ge_q70,ge,0.7,h1_atr_q30_and_london_q60_prior_q25,"[[""h1_atr20_pct_rank_250"", ""le"", 0.3], [""london_range"", ""ge"", 0.6], [""prior_day_range"", ""ge"", 0.25]]",17124,,,,1411,0.6243875968984964,0.2775784681585514,0.15265959281635996,-997.3907049999954,-2478.940704999995,-3466.6407049999953,0.44861800141743446,-2.465674999999828,-2701.602803000004,0,4,STAGE31C_REJECT_NO_ROBUST_EDGE,-369.58778759714875
default_grid,ALL,ALL,oil_age_hours,oil_age_hours_ge_q80,ge,0.8,h1_atr_rank_le_q30,"[[""h1_atr20_pct_rank_250"", ""le"", 0.3]]",17124,,,,1567,0.6809734202830204,0.2979966126854726,0.16401178266551167,-847.1254099999738,-2492.4754099999736,-3589.375409999974,0.3822590938098277,-1.4,-2710.5672017499687,0,4,STAGE31C_REJECT_NO_ROBUST_EDGE,-371.13988782997905
default_grid,ALL,ALL,us10y_rank250,us10y_rank250_ge_q70,ge,0.7,macro_only,[],17124,,,,1945,0.8514494801023473,0.41073885260774406,0.26790924944525574,-446.664339999991,-2488.9143399999907,-3850.4143399999916,0.2930591259640103,-1.4,-2757.80686924999,0,4,STAGE31C_REJECT_NO_ROBUST_EDGE,-371.60275193864015
default_grid,ALL,ALL,vix_age_hours,vix_age_hours_ge_q80,ge,0.8,h1_atr_q30_and_london_q60_prior_q25,"[[""h1_atr20_pct_rank_250"", ""le"", 0.3], [""london_range"", ""ge"", 0.6], [""prior_day_range"", ""ge"", 0.25]]",17124,,,,1500,0.6534851347754236,0.2923392083030135,0.15815313648670537,-940.9729499999806,-2515.9729499999803,-3565.9729499999803,0.442,-2.744524999999976,-2745.1623029999782,0,4,STAGE31C_REJECT_NO_ROBUST_EDGE,-375.29940552102
default_grid,ALL,ALL,us10y_ret_1,us10y_ret_1_ge_q80,ge,0.8,macro_only,[],17124,,,,1669,0.6901694500257904,0.2869290103584205,0.17041150982101957,-773.9189300000087,-2526.368930000008,-3694.668930000009,0.2678250449370881,-1.4,-2766.4740770000167,0,4,STAGE31C_REJECT_NO_ROBUST_EDGE,-377.4096607071333
default_grid,ALL,ALL,spx_ret_1,spx_ret_1_le_q20,le,0.2,london_q60_prior_q25,"[[""london_range"", ""ge"", 0.6], [""prior_day_range"", ""ge"", 0.25]]",17124,,,,1351,0.6889735184135054,0.40903711787295255,0.28607547667406674,-1088.947939999997,-2507.4979399999975,-3453.197939999997,0.43671354552183567,-1.4,-2894.922021499993,0,4,STAGE31C_REJECT_NO_ROBUST_EDGE,-380.26122198957364
default_grid,ALL,ALL,vix_age_hours,vix_age_hours_ge_q70,ge,0.7,h1_atr_q30_and_london_q60_prior_q25,"[[""h1_atr20_pct_rank_250"", ""le"", 0.3], [""london_range"", ""ge"", 0.6], [""prior_day_range"", ""ge"", 0.25]]",17124,,,,1553,0.6591696945181899,0.28857217695762655,0.15490543307907492,-937.0314749999806,-2567.6814749999803,-3654.7814749999807,0.43979394719896975,-1.4,-2784.2330879999786,0,4,STAGE31C_REJECT_NO_ROBUST_EDGE,-382.4744583981044
default_grid,ALL,ALL,spx_rank250,spx_rank250_le_q30,le,0.3,london_q60_prior_q25,"[[""london_range"", ""ge"", 0.6], [""prior_day_range"", ""ge"", 0.25]]",17124,,,,1499,0.7791125912574861,0.5077904011763724,0.3737660004159675,-957.3344949999957,-2531.2844949999953,-3580.584494999996,0.48432288192128087,-1.4,-2957.334301500008,0,3,STAGE31C_REJECT_NO_ROBUST_EDGE,-384.4221965615724
default_grid,ALL,ALL,spx_z60,spx_z60_ge_q70,ge,0.7,h1_atr_rank_le_q30,"[[""h1_atr20_pct_rank_250"", ""le"", 0.3]]",17124,,,,1787,0.6189019478234277,0.13946454669920183,0.062325177497001276,-718.4650799999986,-2594.8150799999985,-3845.7150799999986,0.21600447677672077,-0.7696999999999661,-2739.2451864999957,0,4,STAGE31C_REJECT_NO_ROBUST_EDGE,-384.79982114801965
default_grid,ALL,ALL,spx_rank250,spx_rank250_le_q30,le,0.3,london_q40_prior_q30,"[[""london_range"", ""ge"", 0.4], [""prior_day_range"", ""ge"", 0.3]]",17124,,,,1499,0.7791125912574861,0.5077904011763724,0.3737660004159675,-957.3344949999957,-2531.2844949999953,-3580.584494999996,0.48432288192128087,-1.4,-2973.8529774999865,0,3,STAGE31C_REJECT_NO_ROBUST_EDGE,-385.24813036157127
default_grid,ALL,ALL,spx_ret_5,spx_ret_5_le_q20,le,0.2,london_q40_prior_q30,"[[""london_range"", ""ge"", 0.4], [""prior_day_range"", ""ge"", 0.3]]",17124,,,,1583,0.7762201953132587,0.468565892831997,0.32612873908846635,-881.4644850000126,-2543.6144850000123,-3651.714485000013,0.4731522425773847,-1.4,-2939.293703500016,0,4,STAGE31C_REJECT_NO_ROBUST_EDGE,-385.3359597903282
default_grid,ALL,ALL,us10y_rank250,us10y_rank250_le_q20,le,0.2,h1_atr_rank_le_q30,"[[""h1_atr20_pct_rank_250"", ""le"", 0.3]]",17124,,,,1578,0.5838730924348957,0.18221316102769736,0.08149839765991915,-939.8877549999874,-2596.787754999987,-3701.387754999987,0.3282636248415716,-1.4,-2762.296172749988,0,4,STAGE31C_REJECT_NO_ROBUST_EDGE,-385.64545893658146
default_grid,ALL,ALL,oil_chg_5,oil_chg_5_ge_q80,ge,0.8,london_q60_prior_q25,"[[""london_range"", ""ge"", 0.6], [""prior_day_range"", ""ge"", 0.25]]",17124,,,,1540,0.7647736539265648,0.48430627437893525,0.3591158212193195,-957.810154999996,-2574.8101549999956,-3652.810154999996,0.38571428571428573,-2.312275000000136,-2954.3071077500026,0,4,STAGE31C_REJECT_NO_ROBUST_EDGE,-388.9168448588331
default_grid,ALL,ALL,us10y_ret_5,us10y_ret_5_ge_q70,ge,0.7,london_q40_prior_q30,"[[""london_range"", ""ge"", 0.4], [""prior_day_range"", ""ge"", 0.3]]",17124,,,,1484,0.6727081896694959,0.3600560679463072,0.24297383548922216,-1029.5395149999913,-2587.739514999991,-3626.5395149999913,0.3450134770889488,-2.215300000000093,-2900.230758749996,0,4,STAGE31C_REJECT_NO_ROBUST_EDGE,-389.21303341607893
default_grid,ALL,ALL,real_yield_ret_1,real_yield_ret_1_ge_q70,ge,0.7,london_q40_prior_q30,"[[""london_range"", ""ge"", 0.4], [""prior_day_range"", ""ge"", 0.3]]",17124,,,,1529,0.7368657513992557,0.43569375453468157,0.3022076946988956,-975.1760950000107,-2580.6260950000105,-3650.9260950000107,0.4218443427076521,-1.4,-2954.6013320000025,0,4,STAGE31C_REJECT_NO_ROBUST_EDGE,-390.22690777585876
default_grid,ALL,ALL,oil_ret_5,oil_ret_5_le_q20,le,0.2,macro_only,[],17124,,,,1914,0.8176957174495517,0.40869372519469654,0.2558392854676419,-604.8382350000037,-2614.5382350000036,-3954.338235000004,0.3981191222570533,-1.4,-2918.63431475,0,4,STAGE31C_REJECT_NO_ROBUST_EDGE,-392.2752448436828
default_grid,ALL,ALL,spx_age_hours,spx_age_hours_ge_q70,ge,0.7,h1_atr_q30_and_london_q60_prior_q25,"[[""h1_atr20_pct_rank_250"", ""le"", 0.3], [""london_range"", ""ge"", 0.6], [""prior_day_range"", ""ge"", 0.25]]",17124,,,,1579,0.6539429333035733,0.2870981175247432,0.15444377127042958,-974.3928999999772,-2632.342899999977,-3737.642899999977,0.4388853704876504,-1.4,-2853.1552697499815,0,4,STAGE31C_REJECT_NO_ROBUST_EDGE,-392.4032972271676
default_grid,ALL,ALL,us10y_chg_5,us10y_chg_5_ge_q70,ge,0.7,london_q60_prior_q25,"[[""london_range"", ""ge"", 0.6], [""prior_day_range"", ""ge"", 0.25]]",17124,,,,1551,0.7071304417709116,0.39300455459107136,0.26475216681513797,-998.5169399999905,-2627.0669399999906,-3712.7669399999913,0.390715667311412,-1.4,-2904.157056749988,0,4,STAGE31C_REJECT_NO_ROBUST_EDGE,-392.9254926243272
default_grid,ALL,ALL,real_yield_ret_1,real_yield_ret_1_le_q30,le,0.3,london_q40_prior_q30,"[[""london_range"", ""ge"", 0.4], [""prior_day_range"", ""ge"", 0.3]]",17124,,,,1921,0.8326883603360582,0.4357877583454935,0.2817668409005236,-595.2466699999919,-2612.2966699999915,-3956.9966699999923,0.4086413326392504,-1.4,-2951.9048089999956,0,4,STAGE31C_REJECT_NO_ROBUST_EDGE,-393.33996250294194
default_grid,ALL,ALL,real_yield_age_hours,real_yield_age_hours_ge_q70,ge,0.7,h1_atr_q30_and_london_q60_prior_q25,"[[""h1_atr20_pct_rank_250"", ""le"", 0.3], [""london_range"", ""ge"", 0.6], [""prior_day_range"", ""ge"", 0.25]]",17124,,,,1584,0.6532825016799583,0.28712425971883027,0.15457614742890738,-980.949649999978,-2644.1496499999776,-3752.9496499999777,0.43876262626262624,-1.4,-2864.2748599999845,0,4,STAGE31C_REJECT_NO_ROBUST_EDGE,-394.1391608130931
default_grid,ALL,ALL,real_yield_age_hours,real_yield_age_hours_le_q20,le,0.2,london_q60_prior_q25,"[[""london_range"", ""ge"", 0.6], [""prior_day_range"", ""ge"", 0.25]]",17124,,,,1865,0.8185545524270369,0.44244359439791003,0.2950640894121581,-668.502225000009,-2626.752225000009,-3932.2522250000093,0.3962466487935657,-0.7148000000001047,-2943.456831250014,0,4,STAGE31C_REJECT_NO_ROBUST_EDGE,-394.24337176087386
default_grid,ALL,ALL,us10y_age_hours,us10y_age_hours_ge_q70,ge,0.7,h1_atr_q30_and_london_q60_prior_q25,"[[""h1_atr20_pct_rank_250"", ""le"", 0.3], [""london_range"", ""ge"", 0.6], [""prior_day_range"", ""ge"", 0.25]]",17124,,,,1584,0.6532825016799583,0.28712425971883027,0.15457614742890738,-980.949649999978,-2644.1496499999776,-3752.9496499999777,0.43876262626262624,-1.4,-2878.602265499977,0,4,STAGE31C_REJECT_NO_ROBUST_EDGE,-394.85553108809273
default_grid,ALL,ALL,spx_rank250,spx_rank250_le_q30,le,0.3,macro_only,[],17124,,,,1579,0.7864084693387849,0.5076388878066938,0.3708869153644556,-950.1975949999926,-2608.147594999992,-3713.4475949999924,0.4863837872070931,-1.4,-3012.8463680000054,0,3,STAGE31C_REJECT_NO_ROBUST_EDGE,-394.89714136047473
default_grid,ALL,ALL,oil_age_hours,oil_age_hours_ge_q70,ge,0.7,h1_atr_q30_and_london_q60_prior_q25,"[[""h1_atr20_pct_rank_250"", ""le"", 0.3], [""london_range"", ""ge"", 0.6], [""prior_day_range"", ""ge"", 0.25]]",17124,,,,1588,0.6538566268066542,0.2879215689350903,0.15527045983648025,-983.1445499999768,-2650.5445499999764,-3762.1445499999763,0.4389168765743073,-1.4,-2869.4091882499765,0,4,STAGE31C_REJECT_NO_ROBUST_EDGE,-395.02461688379964
default_grid,ALL,ALL,dxy_age_hours,dxy_age_hours_ge_q70,ge,0.7,h1_atr_q30_and_london_q60_prior_q25,"[[""h1_atr20_pct_rank_250"", ""le"", 0.3], [""london_range"", ""ge"", 0.6], [""prior_day_range"", ""ge"", 0.25]]",17124,,,,1588,0.6538566268066542,0.2879215689350903,0.15527045983648025,-983.1445499999768,-2650.5445499999764,-3762.1445499999763,0.4389168765743073,-1.4,-2874.4888817499836,0,4,STAGE31C_REJECT_NO_ROBUST_EDGE,-395.2786015588
default_grid,ALL,ALL,us10y_age_hours,us10y_age_hours_le_q20,le,0.2,london_q60_prior_q25,"[[""london_range"", ""ge"", 0.6], [""prior_day_range"", ""ge"", 0.25]]",17124,,,,1865,0.8185545524270369,0.44244359439791003,0.2950640894121581,-668.502225000009,-2626.752225000009,-3932.2522250000093,0.3962466487935657,-0.7148000000001047,-2989.165671250013,0,4,STAGE31C_REJECT_NO_ROBUST_EDGE,-396.5288137608738
default_grid,ALL,ALL,dxy_chg_1,dxy_chg_1_ge_q80,ge,0.8,macro_only,[],17124,,,,1768,0.8063174681414847,0.4615450916665102,0.32422849667246,-740.240679999999,-2596.6406799999986,-3834.240679999999,0.36764705882352944,-0.8379500000000006,-3056.5517627500044,0,4,STAGE31C_REJECT_NO_ROBUST_EDGE,-396.5792912341451
default_grid,ALL,ALL,spx_age_hours,spx_age_hours_le_q20,le,0.2,london_q60_prior_q25,"[[""london_range"", ""ge"", 0.6], [""prior_day_range"", ""ge"", 0.25]]",17124,,,,1874,0.8185918348729782,0.44286686538333503,0.29538786316657323,-672.6942250000076,-2640.3942250000073,-3952.194225000008,0.39701173959445035,-0.7106000000000221,-2989.5873887500115,0,4,STAGE31C_REJECT_NO_ROBUST_EDGE,-397.90857183100167
default_grid,ALL,ALL,oil_age_hours,oil_age_hours_le_q20,le,0.2,london_q60_prior_q25,"[[""london_range"", ""ge"", 0.6], [""prior_day_range"", ""ge"", 0.25]]",17124,,,,1852,0.8067018306434418,0.4338504721501221,0.28840568682216744,-707.9789250000057,-2652.5789250000053,-3948.978925000006,0.3941684665226782,-0.7934000000000423,-2967.3797900000113,0,4,STAGE31C_REJECT_NO_ROBUST_EDGE,-398.13475453121123
default_grid,ALL,ALL,dxy_chg_1,dxy_chg_1_le_q20,le,0.2,london_q60_prior_q25,"[[""london_range"", ""ge"", 0.6], [""prior_day_range"", ""ge"", 0.25]]",17124,,,,1493,0.6829443892600336,0.3793269093195009,0.25054537416888856,-1073.1260300000172,-2640.7760300000173,-3685.8760300000167,0.41795043536503684,-2.5557000000000243,-2979.2313117500184,0,4,STAGE31C_REJECT_NO_ROBUST_EDGE,-398.2437179976321
default_grid,ALL,ALL,real_yield_z60,real_yield_z60_ge_q80,ge,0.8,macro_only,[],17124,,,,1792,0.7574953984249049,0.37850576121576884,0.24388090774677323,-775.4526600000047,-2657.052660000005,-3911.452660000005,0.35267857142857145,-1.4,-2958.4257347500047,0,4,STAGE31C_REJECT_NO_ROBUST_EDGE,-398.86597149435596
default_grid,ALL,ALL,spx_ret_1,spx_ret_1_ge_q80,ge,0.8,macro_only,[],17124,,,,1741,0.7471692694424893,0.38636393652099355,0.2522412918420408,-836.1504399999969,-2664.200439999997,-3882.900439999997,0.36990235496840895,-1.4,-2984.5970249999828,0,4,STAGE31C_REJECT_NO_ROBUST_EDGE,-400.77729071742067
default_grid,ALL,ALL,dxy_age_hours,dxy_age_hours_le_q20,le,0.2,london_q60_prior_q25,"[[""london_range"", ""ge"", 0.6], [""prior_day_range"", ""ge"", 0.25]]",17124,,,,1849,0.80079524906463,0.4299054504528069,0.2854534105981608,-729.612525000006,-2671.0625250000057,-3965.362525000006,0.3931855056787453,-2.0252999999999246,-2998.4948450000184,0,4,STAGE31C_REJECT_NO_ROBUST_EDGE,-401.59012660308076
default_grid,ALL,ALL,dxy_ret_1,dxy_ret_1_le_q20,le,0.2,london_q60_prior_q25,"[[""london_range"", ""ge"", 0.6], [""prior_day_range"", ""ge"", 0.25]]",17124,,,,1523,0.6888551648365268,0.38261955132616404,0.25265372915010037,-1067.8352050000144,-2666.985205000014,-3733.085205000014,0.41825344714379514,-2.4952499999998508,-3020.5879395000147,0,4,STAGE31C_REJECT_NO_ROBUST_EDGE,-402.8911070451401
default_grid,ALL,ALL,oil_rank250,oil_rank250_ge_q80,ge,0.8,h1_atr_rank_le_q30,"[[""h1_atr20_pct_rank_250"", ""le"", 0.3]]",17124,,,,1755,0.6377282804138079,0.23827059680823084,0.14366409344914538,-885.612044999995,-2728.3620449999944,-3956.8620449999953,0.2188034188034188,-0.8018000000000938,-2926.1369702499874,0,4,STAGE31C_REJECT_NO_ROBUST_EDGE,-406.1856906706199
default_grid,ALL,ALL,dxy_chg_5,dxy_chg_5_le_q20,le,0.2,london_q40_prior_q30,"[[""london_range"", ""ge"", 0.4], [""prior_day_range"", ""ge"", 0.3]]",17124,,,,1747,0.7463725889073564,0.39029586459884685,0.25188594842314777,-867.0665699999828,-2701.416569999982,-3924.3165699999827,0.39324556382369774,-1.4,-3039.8918007499738,0,4,STAGE31C_REJECT_NO_ROBUST_EDGE,-407.22574459781583
default_grid,ALL,ALL,dxy_value,dxy_value_ge_q80,ge,0.8,london_q60_prior_q25,"[[""london_range"", ""ge"", 0.6], [""prior_day_range"", ""ge"", 0.25]]",17124,,,,1844,0.6758243016758263,0.22411339473033293,0.08564103458098259,-808.7762649999883,-2744.976264999988,-4035.7762649999886,0.4376355748373102,-1.4,-2911.98064424999,0,2,STAGE31C_REJECT_NO_ROBUST_EDGE,-407.512960626871
default_grid,ALL,ALL,dxy_ret_5,dxy_ret_5_le_q20,le,0.2,london_q60_prior_q25,"[[""london_range"", ""ge"", 0.6], [""prior_day_range"", ""ge"", 0.25]]",17124,,,,1634,0.7272823333329439,0.4076793081209463,0.2716642527452367,-993.3977999999809,-2709.0977999999805,-3852.8977999999806,0.43084455324357407,-1.4,-3043.8798794999807,0,4,STAGE31C_REJECT_NO_ROBUST_EDGE,-407.94032388280664
default_grid,ALL,ALL,spx_z60,spx_z60_le_q20,le,0.2,london_q60_prior_q25,"[[""london_range"", ""ge"", 0.6], [""prior_day_range"", ""ge"", 0.25]]",17124,,,,1592,0.7750642336770935,0.5005208608688184,0.3692958017185006,-1018.3797049999974,-2689.979704999997,-3804.379704999997,0.46608040201005024,-1.4,-3117.8136585000025,0,4,STAGE31C_REJECT_NO_ROBUST_EDGE,-408.40626160943765
default_grid,ALL,ALL,spx_ret_1,spx_ret_1_le_q20,le,0.2,london_q40_prior_q30,"[[""london_range"", ""ge"", 0.4], [""prior_day_range"", ""ge"", 0.3]]",17124,,,,1491,0.6862957412869873,0.3922866997736207,0.26987848311792,-1134.2401099999915,-2699.7901099999917,-3743.490109999991,0.41784037558685444,-1.4,-3072.7434549999957,0,4,STAGE31C_REJECT_NO_ROBUST_EDGE,-408.6138028197911
default_grid,ALL,ALL,vix_age_hours,vix_age_hours_le_q20,le,0.2,london_q60_prior_q25,"[[""london_range"", ""ge"", 0.6], [""prior_day_range"", ""ge"", 0.25]]",17124,,,,1899,0.8108041399970339,0.4379846668030676,0.2918089055676196,-712.416150000007,-2706.3661500000067,-4035.6661500000073,0.3954713006845708,-2.0252999999999246,-3076.9890037500077,0,4,STAGE31C_REJECT_NO_ROBUST_EDGE,-408.93898289719993
default_grid,ALL,ALL,vix_value,vix_value_le_q20,le,0.2,london_q60_prior_q25,"[[""london_range"", ""ge"", 0.6], [""prior_day_range"", ""ge"", 0.25]]",17124,,,,1978,0.6514646526140347,0.11993867324736035,0.03044927996314748,-696.7386800000104,-2773.63868000001,-4158.23868000001,0.3195146612740142,-1.4,-2901.7747790000035,1,3,STAGE31C_REJECT_NO_ROBUST_EDGE,-409.13142309767494
default_grid,ALL,ALL,us10y_value,us10y_value_ge_q80,ge,0.8,h1_atr_rank_le_q30,"[[""h1_atr20_pct_rank_250"", ""le"", 0.3]]",17124,,,,2018,0.6829653558950614,0.15691778854466645,0.06292512836170362,-641.5870799999931,-2760.4870799999926,-4173.087079999994,0.26858275520317143,-0.7963999999999714,-2915.3677230000026,0,4,STAGE31C_REJECT_NO_ROBUST_EDGE,-409.9962157511059
default_grid,ALL,ALL,real_yield_z60,real_yield_z60_le_q30,le,0.3,h1_atr_rank_le_q30,"[[""h1_atr20_pct_rank_250"", ""le"", 0.3]]",17124,,,,1706,0.5445375025341537,0.1272583870472616,0.04491951843079649,-990.1093499999864,-2781.409349999986,-3975.609349999986,0.28839390386869873,-1.4,-2943.6360014999805,0,4,STAGE31C_REJECT_NO_ROBUST_EDGE,-413.87047313080177
default_grid,ALL,ALL,real_yield_chg_5,real_yield_chg_5_le_q20,le,0.2,macro_only,[],17124,,,,2005,0.7246401505562328,0.23386783232644529,0.11426561598659954,-676.148264999993,-2781.3982649999925,-4184.898264999994,0.2947630922693267,-0.7910000000000763,-2983.548434250006,0,4,STAGE31C_REJECT_NO_ROBUST_EDGE,-414.5215074252887
default_grid,ALL,ALL,spx_ret_5,spx_ret_5_ge_q80,ge,0.8,macro_only,[],17124,,,,1738,0.7150439033391269,0.35894584010464786,0.22277619133753673,-950.0567199999939,-2774.9567199999938,-3991.5567199999937,0.3998849252013809,-1.4,-3040.4416544999954,0,4,STAGE31C_REJECT_NO_ROBUST_EDGE,-415.03719155860256
default_grid,ALL,ALL,real_yield_value,real_yield_value_ge_q80,ge,0.8,h1_atr_rank_le_q30,"[[""h1_atr20_pct_rank_250"", ""le"", 0.3]]",17124,,,,2060,0.6744617931175088,0.14267455155832098,0.05561535370273154,-646.5515449999953,-2809.551544999995,-4251.551544999995,0.24757281553398058,-0.7725500000000465,-2941.5402357499925,0,4,STAGE31C_REJECT_NO_ROBUST_EDGE,-416.38295935710494
default_grid,ALL,ALL,dxy_rank250,dxy_rank250_le_q20,le,0.2,h1_atr_rank_le_q30,"[[""h1_atr20_pct_rank_250"", ""le"", 0.3]]",17124,,,,1853,0.6761295123101055,0.2571050422979079,0.1389620499829484,-859.8525799999809,-2805.5025799999803,-4102.602579999981,0.27522935779816515,-0.707299999999941,-3022.848297999978,0,3,STAGE31C_REJECT_NO_ROBUST_EDGE,-418.5657742770861
default_grid,ALL,ALL,real_yield_rank250,real_yield_rank250_ge_q70,ge,0.7,macro_only,[],17124,,,,1967,0.7439263156736527,0.32797301018848335,0.20582833355228938,-740.0623199999916,-2805.4123199999913,-4182.312319999993,0.25673614641586173,-1.4,-3046.324388500006,0,4,STAGE31C_REJECT_NO_ROBUST_EDGE,-418.7544079889054
default_grid,ALL,ALL,oil_z60,oil_z60_le_q30,le,0.3,london_q60_prior_q25,"[[""london_range"", ""ge"", 0.6], [""prior_day_range"", ""ge"", 0.25]]",17124,,,,2056,0.8357301374456082,0.4367198998920549,0.2692079647900646,-631.2577350000053,-2790.057735000005,-4229.257735000006,0.4669260700389105,-1.4,-3108.149251000008,0,4,STAGE31C_REJECT_NO_ROBUST_EDGE,-418.9692051919201
default_grid,ALL,ALL,oil_chg_5,oil_chg_5_ge_q80,ge,0.8,london_q40_prior_q30,"[[""london_range"", ""ge"", 0.4], [""prior_day_range"", ""ge"", 0.3]]",17124,,,,1695,0.7588517959630018,0.4606755065495327,0.33486842774841086,-999.0198149999926,-2778.769814999992,-3965.2698149999924,0.36932153392330386,-1.4,-3163.4101594999906,0,4,STAGE31C_REJECT_NO_ROBUST_EDGE,-420.1012606985098
default_grid,ALL,ALL,real_yield_chg_5,real_yield_chg_5_ge_q70,ge,0.7,london_q40_prior_q30,"[[""london_range"", ""ge"", 0.4], [""prior_day_range"", ""ge"", 0.3]]",17124,,,,1715,0.7317992526511514,0.40197580217494466,0.27123794759647335,-981.5825150000043,-2782.3325150000037,-3982.8325150000046,0.3871720116618076,-1.4,-3148.9914197500057,0,4,STAGE31C_REJECT_NO_ROBUST_EDGE,-420.57811267536533
default_grid,ALL,ALL,us10y_ret_1,us10y_ret_1_ge_q70,ge,0.7,london_q60_prior_q25,"[[""london_range"", ""ge"", 0.6], [""prior_day_range"", ""ge"", 0.25]]",17124,,,,1588,0.6722900975326035,0.36451184160305494,0.23545731962313873,-1147.2858649999923,-2814.685864999992,-3926.285864999992,0.4080604534005038,-1.4,-3087.9393274999834,0,4,STAGE31C_REJECT_NO_ROBUST_EDGE,-421.27860518047527
default_grid,ALL,ALL,dxy_ret_1,dxy_ret_1_ge_q80,ge,0.8,macro_only,[],17124,,,,1906,0.8065229783409354,0.45116053721465355,0.31335750628744696,-763.5094299999948,-2764.8094299999943,-4099.009429999995,0.35204616998950683,-0.8379500000000006,-3227.8219129999975,0,4,STAGE31C_REJECT_NO_ROBUST_EDGE,-422.10700325270295
default_grid,ALL,ALL,oil_ret_1,oil_ret_1_le_q20,le,0.2,london_q40_prior_q30,"[[""london_range"", ""ge"", 0.4], [""prior_day_range"", ""ge"", 0.3]]",17124,,,,1641,0.7267407440157151,0.4185185845998154,0.28627802984060696,-1042.9217299999848,-2765.9717299999847,-3914.6717299999855,0.40463132236441196,-1.4,-3234.442759999976,0,4,STAGE31C_REJECT_NO_ROBUST_EDGE,-422.9890130346367
default_grid,ALL,ALL,dxy_rank250,dxy_rank250_ge_q80,ge,0.8,macro_only,[],17124,,,,2010,0.6648306922169638,0.14984311251452062,0.03778066469937299,-749.0511500000041,-2859.5511500000034,-4266.551150000005,0.39800995024875624,-1.4,-3010.9158199999915,0,2,STAGE31C_REJECT_NO_ROBUST_EDGE,-424.8513522160572
default_grid,ALL,ALL,spx_chg_1,spx_chg_1_ge_q80,ge,0.8,london_q60_prior_q25,"[[""london_range"", ""ge"", 0.6], [""prior_day_range"", ""ge"", 0.25]]",17124,,,,1881,0.7928437187425706,0.4512415437351527,0.3029742373643192,-850.0553750000079,-2825.1053750000074,-4141.805375000007,0.4455077086656034,-1.4,-3171.182817500019,0,4,STAGE31C_REJECT_NO_ROBUST_EDGE,-425.34536598819295
default_grid,ALL,ALL,oil_rank250,oil_rank250_le_q20,le,0.2,macro_only,[],17124,,,,2145,0.8528304426527,0.4532564256900327,0.286248285725014,-595.9995050000091,-2848.2495050000093,-4349.749505000009,0.4592074592074592,-1.4,-3154.4714855000043,0,4,STAGE31C_REJECT_NO_ROBUST_EDGE,-426.87096737520073
default_grid,ALL,ALL,dxy_chg_1,dxy_chg_1_le_q20,le,0.2,london_q40_prior_q30,"[[""london_range"", ""ge"", 0.4], [""prior_day_range"", ""ge"", 0.3]]",17124,,,,1613,0.6727320323364137,0.3632340365257972,0.23656043285189168,-1151.8515650000181,-2845.5015650000178,-3974.601565000018,0.4079355238685679,-2.544974999999931,-3154.934558250026,0,4,STAGE31C_REJECT_NO_ROBUST_EDGE,-427.71830231583755
default_grid,ALL,ALL,oil_ret_5,oil_ret_5_ge_q80,ge,0.8,london_q60_prior_q25,"[[""london_range"", ""ge"", 0.6], [""prior_day_range"", ""ge"", 0.25]]",17124,,,,1861,0.8083253175246549,0.4940594251028046,0.3560343359626357,-861.402899999995,-2815.4528999999943,-4118.152899999995,0.40999462654486835,-1.4,-3259.362803499977,0,4,STAGE31C_REJECT_NO_ROBUST_EDGE,-428.1486985801197
default_grid,ALL,ALL,dxy_ret_1,dxy_ret_1_le_q20,le,0.2,london_q40_prior_q30,"[[""london_range"", ""ge"", 0.4], [""prior_day_range"", ""ge"", 0.3]]",17124,,,,1643,0.6785546089026886,0.36660250584539333,0.23875775515595218,-1146.5607400000154,-2871.710740000015,-4021.810740000015,0.4083992696287279,-2.423100000000113,-3177.632380000014,0,4,STAGE31C_REJECT_NO_ROBUST_EDGE,-431.43163692092446
default_grid,ALL,ALL,dxy_value,dxy_value_le_q30,le,0.3,h1_atr_rank_le_q30,"[[""h1_atr20_pct_rank_250"", ""le"", 0.3]]",17124,,,,1816,0.6424341982598842,0.2609888789882707,0.15388229111318474,-999.0563099999806,-2905.85630999998,-4177.056309999981,0.24008810572687225,-0.7725500000000465,-3123.089216249982,0,4,STAGE31C_REJECT_NO_ROBUST_EDGE,-433.51467385816164
default_grid,ALL,ALL,spx_chg_5,spx_chg_5_le_q20,le,0.2,london_q60_prior_q25,"[[""london_range"", ""ge"", 0.6], [""prior_day_range"", ""ge"", 0.25]]",17124,,,,1815,0.804282867204057,0.506856666099392,0.36450821581641596,-938.3060750000078,-2844.0560750000077,-4114.556075000008,0.4815426997245179,-1.4,-3326.4043515000094,0,4,STAGE31C_REJECT_NO_ROBUST_EDGE,-434.19922555074163
default_grid,ALL,ALL,spx_z60,spx_z60_le_q20,le,0.2,london_q40_prior_q30,"[[""london_range"", ""ge"", 0.4], [""prior_day_range"", ""ge"", 0.3]]",17124,,,,1687,0.7662745728832293,0.4861133387749272,0.35571785762272123,-1082.3727299999978,-2853.7227299999977,-4034.6227299999973,0.45050385299347956,-1.4,-3313.2352035000054,0,4,STAGE31C_REJECT_NO_ROBUST_EDGE,-434.7500283567599
default_grid,ALL,ALL,vix_rank250,vix_rank250_le_q20,le,0.2,macro_only,[],17124,,,,2100,0.6156764589411101,0.10008534717692377,0.04260281333393655,-725.5817500000173,-2930.581750000017,-4400.581750000018,0.15666666666666668,-1.4,-3060.098684000023,0,4,STAGE31C_REJECT_NO_ROBUST_EDGE,-434.8918444748979
default_grid,ALL,ALL,vix_value,vix_value_le_q30,le,0.3,h1_atr_rank_le_q30,"[[""h1_atr20_pct_rank_250"", ""le"", 0.3]]",17124,,,,2158,0.5935696072333906,0.04064529014472603,0.0043305341464685955,-684.17669500001,-2950.0766950000097,-4460.676695000009,0.16357738646895273,-0.7277000000000498,-3063.9427020000103,0,4,STAGE31C_REJECT_NO_ROBUST_EDGE,-437.78102956196835
default_grid,ALL,ALL,oil_chg_5,oil_chg_5_le_q30,le,0.3,london_q60_prior_q25,"[[""london_range"", ""ge"", 0.6], [""prior_day_range"", ""ge"", 0.25]]",17124,,,,2146,0.8463649617216388,0.46233750671617124,0.30100165264643836,-650.1933299999778,-2903.4933299999775,-4405.693329999977,0.45200372786579684,-1.4,-3271.062186249973,0,4,STAGE31C_REJECT_NO_ROBUST_EDGE,-438.0750606347489
default_grid,ALL,ALL,oil_chg_1,oil_chg_1_le_q20,le,0.2,macro_only,[],17124,,,,1787,0.7302751137148571,0.3962990719449839,0.26581178186355714,-1008.4928399999865,-2884.8428399999866,-4135.742839999986,0.35366536094012313,-1.4,-3306.004573749987,0,4,STAGE31C_REJECT_NO_ROBUST_EDGE,-438.7582748405939
default_grid,ALL,ALL,real_yield_rank250,real_yield_rank250_le_q20,le,0.2,h1_atr_rank_le_q30,"[[""h1_atr20_pct_rank_250"", ""le"", 0.3]]",17124,,,,1814,0.5988618485954963,0.19257067852458434,0.0852180866517759,-1058.8726549999851,-2963.5726549999845,-4233.372654999985,0.35832414553472985,-1.4,-3143.4445214999782,0,4,STAGE31C_REJECT_NO_ROBUST_EDGE,-441.2629124431444
default_grid,ALL,ALL,dxy_z60,dxy_z60_ge_q80,ge,0.8,macro_only,[],17124,,,,1880,0.6372804187956324,0.23107676260723284,0.11907653725285529,-983.5207550000102,-2957.5207550000096,-4273.5207550000105,0.3547872340425532,-1.4,-3169.31069300001,0,4,STAGE31C_REJECT_NO_ROBUST_EDGE,-441.4305363749177
default_grid,ALL,ALL,oil_chg_1,oil_chg_1_ge_q80,ge,0.8,macro_only,[],17124,,,,1775,0.7356154877329616,0.4222050653347852,0.29627960007827703,-1065.5140049999961,-2929.264004999996,-4171.764004999996,0.36450704225352115,-1.4,-3282.8594339999986,0,4,STAGE31C_REJECT_NO_ROBUST_EDGE,-441.6622031463386
default_grid,ALL,ALL,vix_chg_5,vix_chg_5_le_q20,le,0.2,london_q60_prior_q25,"[[""london_range"", ""ge"", 0.6], [""prior_day_range"", ""ge"", 0.25]]",17124,,,,1912,0.765797546388209,0.42170443817706965,0.2771933416031667,-943.5523449999874,-2951.152344999987,-4289.552344999987,0.4351464435146444,-1.4,-3249.3150694999813,0,4,STAGE31C_REJECT_NO_ROBUST_EDGE,-442.2551702268144
default_grid,ALL,ALL,dxy_ret_5,dxy_ret_5_ge_q80,ge,0.8,macro_only,[],17124,,,,2002,0.7814311807761827,0.4070863634779174,0.27022530036048686,-834.0868149999872,-2936.1868149999864,-4337.586814999988,0.37212787212787213,-0.8772500000000263,-3304.942317999991,0,4,STAGE31C_REJECT_NO_ROBUST_EDGE,-443.71403256377704
default_grid,ALL,ALL,real_yield_age_hours,real_yield_age_hours_le_q20,le,0.2,london_q40_prior_q30,"[[""london_range"", ""ge"", 0.4], [""prior_day_range"", ""ge"", 0.3]]",17124,,,,2081,0.7976750983206352,0.41263786624767274,0.27049084012262736,-784.0077750000071,-2969.0577750000066,-4425.757775000007,0.3642479577126382,-2.12767500000009,-3302.4783975000046,0,4,STAGE31C_REJECT_NO_ROBUST_EDGE,-446.82135535203366
default_grid,ALL,ALL,us10y_age_hours,us10y_age_hours_le_q20,le,0.2,london_q40_prior_q30,"[[""london_range"", ""ge"", 0.4], [""prior_day_range"", ""ge"", 0.3]]",17124,,,,2081,0.7976750983206352,0.41263786624767274,0.27049084012262736,-784.0077750000071,-2969.0577750000066,-4425.757775000007,0.3642479577126382,-2.12767500000009,-3310.9701225000067,0,4,STAGE31C_REJECT_NO_ROBUST_EDGE,-447.2459416020338
default_grid,ALL,ALL,spx_age_hours,spx_age_hours_le_q20,le,0.2,london_q40_prior_q30,"[[""london_range"", ""ge"", 0.4], [""prior_day_range"", ""ge"", 0.3]]",17124,,,,2085,0.7990185937768561,0.41411289800831386,0.2715695756473143,-782.2087750000053,-2971.4587750000046,-4430.9587750000055,0.36594724220623503,-2.089000000000078,-3340.6098187500156,0,4,STAGE31C_REJECT_NO_ROBUST_EDGE,-448.9489611548288
default_grid,ALL,ALL,oil_age_hours,oil_age_hours_le_q20,le,0.2,london_q40_prior_q30,"[[""london_range"", ""ge"", 0.4], [""prior_day_range"", ""ge"", 0.3]]",17124,,,,2063,0.787464833192392,0.4053847430347559,0.2649011828542273,-817.4934750000035,-2983.6434750000026,-4427.743475000004,0.3630634997576345,-2.12767500000009,-3322.567781250005,0,4,STAGE31C_REJECT_NO_ROBUST_EDGE,-449.37928440073597
default_grid,ALL,ALL,spx_ret_5,spx_ret_5_le_q20,le,0.2,macro_only,[],17124,,,,1879,0.7622037692889737,0.43570432530948383,0.2942451168335917,-1012.1272600000126,-2985.0772600000128,-4300.377260000014,0.4385311335816924,-1.4,-3360.962569250013,0,4,STAGE31C_REJECT_NO_ROBUST_EDGE,-451.0218307420727
default_grid,ALL,ALL,real_yield_chg_1,real_yield_chg_1_ge_q80,ge,0.8,macro_only,[],17124,,,,1684,0.6506717941358804,0.33689708022912246,0.22214951435855504,-1208.8970000000152,-2977.0970000000148,-4155.897000000015,0.31353919239904987,-1.4,-3376.9722992500265,0,4,STAGE31C_REJECT_NO_ROBUST_EDGE,-452.30074610277734
default_grid,ALL,ALL,dxy_age_hours,dxy_age_hours_le_q20,le,0.2,london_q40_prior_q30,"[[""london_range"", ""ge"", 0.4], [""prior_day_range"", ""ge"", 0.3]]",17124,,,,2065,0.7806770804762746,0.4008032213123517,0.261541085720497,-845.1180750000042,-3013.368075000004,-4458.868075000004,0.3612590799031477,-2.1422999999998864,-3361.15268625001,0,4,STAGE31C_REJECT_NO_ROBUST_EDGE,-454.34024525649545
default_grid,ALL,ALL,dxy_chg_5,dxy_chg_5_ge_q80,ge,0.8,macro_only,[],17124,,,,2019,0.7738927732232747,0.4031682094275384,0.26740930387813994,-873.8320149999871,-2993.7820149999866,-4407.082014999987,0.37345220406141655,-1.4,-3435.857154999979,0,4,STAGE31C_REJECT_NO_ROBUST_EDGE,-456.06973994020973
default_grid,ALL,ALL,oil_ret_5,oil_ret_5_le_q30,le,0.3,london_q60_prior_q25,"[[""london_range"", ""ge"", 0.6], [""prior_day_range"", ""ge"", 0.25]]",17124,,,,2316,0.8647811733652339,0.4665489179387146,0.300093953006528,-601.323114999978,-3033.123114999978,-4654.323114999977,0.46286701208981,-1.4,-3392.8270257499757,0,4,STAGE31C_REJECT_NO_ROBUST_EDGE,-457.08779779608335
default_grid,ALL,ALL,us10y_ret_5,us10y_ret_5_le_q20,le,0.2,macro_only,[],17124,,,,2083,0.6842551906778651,0.24109227120982024,0.12443402444928064,-885.7173299999977,-3072.8673299999973,-4530.967329999998,0.29092654824771963,-1.4,-3277.4671432500027,0,4,STAGE31C_REJECT_NO_ROBUST_EDGE,-458.2514313526045
default_grid,ALL,ALL,vix_age_hours,vix_age_hours_le_q20,le,0.2,london_q40_prior_q30,"[[""london_range"", ""ge"", 0.4], [""prior_day_range"", ""ge"", 0.3]]",17124,,,,2115,0.7920223013935905,0.40947239628669546,0.2682160304501308,-821.5930000000051,-3042.343000000005,-4522.843000000005,0.36359338061465724,-2.12767500000009,-3419.4073125000104,0,4,STAGE31C_REJECT_NO_ROBUST_EDGE,-460.0370775403335
default_grid,ALL,ALL,dxy_ret_5,dxy_ret_5_le_q20,le,0.2,london_q40_prior_q30,"[[""london_range"", ""ge"", 0.4], [""prior_day_range"", ""ge"", 0.3]]",17124,,,,1844,0.7064952022478203,0.3780697536710441,0.24799399994449697,-1127.0794749999848,-3063.2794749999844,-4354.079474999985,0.3855748373101952,-1.4,-3383.616718249996,0,4,STAGE31C_REJECT_NO_ROBUST_EDGE,-460.7361098760099
default_grid,ALL,ALL,oil_ret_5,oil_ret_5_ge_q80,ge,0.8,london_q40_prior_q30,"[[""london_range"", ""ge"", 0.4], [""prior_day_range"", ""ge"", 0.3]]",17124,,,,2034,0.7997762799443403,0.4697364414478237,0.33206760079194386,-918.6912099999922,-3054.3912099999916,-4478.191209999992,0.3938053097345133,-1.4,-3466.9268712499884,0,4,STAGE31C_REJECT_NO_ROBUST_EDGE,-462.7598297448526
default_grid,ALL,ALL,us10y_chg_1,us10y_chg_1_ge_q80,ge,0.8,macro_only,[],17124,,,,2007,0.6738686392753119,0.2814875046657437,0.16721685972609654,-1004.6111300000005,-3111.9611299999997,-4516.861130000001,0.2730443447932237,-1.4,-3339.5206940000057,0,4,STAGE31C_REJECT_NO_ROBUST_EDGE,-464.68840521443843
default_grid,ALL,ALL,spx_chg_5,spx_chg_5_le_q20,le,0.2,london_q40_prior_q30,"[[""london_range"", ""ge"", 0.4], [""prior_day_range"", ""ge"", 0.3]]",17124,,,,1955,0.7925927938523653,0.48762617155560867,0.34672257527123496,-1025.4302100000054,-3078.180210000005,-4446.680210000006,0.4618925831202046,-1.4,-3514.8265487500116,0,4,STAGE31C_REJECT_NO_ROBUST_EDGE,-467.29619642086004
default_grid,ALL,ALL,us10y_ret_1,us10y_ret_1_le_q30,le,0.3,london_q60_prior_q25,"[[""london_range"", ""ge"", 0.6], [""prior_day_range"", ""ge"", 0.25]]",17124,,,,2102,0.7715550730653545,0.3870300427864433,0.23772232461687692,-894.7121349999866,-3101.8121349999865,-4573.212134999987,0.43387250237868696,-1.4,-3462.2294342499818,0,4,STAGE31C_REJECT_NO_ROBUST_EDGE,-468.47149548616574
default_grid,ALL,ALL,spx_chg_1,spx_chg_1_ge_q80,ge,0.8,london_q40_prior_q30,"[[""london_range"", ""ge"", 0.4], [""prior_day_range"", ""ge"", 0.3]]",17124,,,,2064,0.7770593361403595,0.4282047157947152,0.28321673183251644,-957.4268350000086,-3124.6268350000087,-4569.426835000008,0.42005813953488375,-1.4,-3493.3140930000022,0,4,STAGE31C_REJECT_NO_ROBUST_EDGE,-471.7134740647238
default_grid,ALL,ALL,vix_value,vix_value_ge_q70,ge,0.7,london_q40_prior_q30,"[[""london_range"", ""ge"", 0.4], [""prior_day_range"", ""ge"", 0.3]]",17124,,,,1713,0.7584298837473235,0.515451615885523,0.39215248801077657,-1327.4175100000148,-3126.0675100000144,-4325.167510000014,0.46818447168709865,-1.4,-3570.271092250022,0,3,STAGE31C_REJECT_NO_ROBUST_EDGE,-474.39717950160417
default_grid,ALL,ALL,vix_value,vix_value_ge_q70,ge,0.7,london_q60_prior_q25,"[[""london_range"", ""ge"", 0.6], [""prior_day_range"", ""ge"", 0.25]]",17124,,,,1713,0.7584298837473235,0.515451615885523,0.39215248801077657,-1327.4175100000148,-3126.0675100000144,-4325.167510000014,0.46818447168709865,-1.4,-3589.4125372500225,0,3,STAGE31C_REJECT_NO_ROBUST_EDGE,-475.35425175160424
default_grid,ALL,ALL,vix_rank250,vix_rank250_ge_q70,ge,0.7,h1_atr_rank_le_q30,"[[""h1_atr20_pct_rank_250"", ""le"", 0.3]]",17124,,,,1917,0.6210687730667068,0.23653933023886778,0.1223039346133759,-1167.755779999995,-3180.6057799999944,-4522.505779999995,0.3901930099113198,-1.4,-3408.4317132499878,0,4,STAGE31C_REJECT_NO_ROBUST_EDGE,-475.6275546216566
default_grid,ALL,ALL,oil_z60,oil_z60_le_q30,le,0.3,london_q40_prior_q30,"[[""london_range"", ""ge"", 0.4], [""prior_day_range"", ""ge"", 0.3]]",17124,,,,2304,0.8148846101303174,0.40762991915797225,0.2461248526574997,-755.8049800000045,-3175.004980000005,-4787.804980000004,0.4318576388888889,-1.4,-3473.33370425,0,4,STAGE31C_REJECT_NO_ROBUST_EDGE,-476.1063846102908
default_grid,ALL,ALL,vix_chg_5,vix_chg_5_le_q20,le,0.2,london_q40_prior_q30,"[[""london_range"", ""ge"", 0.4], [""prior_day_range"", ""ge"", 0.3]]",17124,,,,2055,0.7572880754196327,0.4053624259315478,0.26314652311849773,-1010.0913949999871,-3167.8413949999867,-4606.341394999988,0.41897810218978104,-1.4,-3491.1934874999906,0,4,STAGE31C_REJECT_NO_ROBUST_EDGE,-476.23760352320875
default_grid,ALL,ALL,us10y_chg_5,us10y_chg_5_ge_q70,ge,0.7,london_q40_prior_q30,"[[""london_range"", ""ge"", 0.4], [""prior_day_range"", ""ge"", 0.3]]",17124,,,,1896,0.6797788744736104,0.34329712446151694,0.22226338446394162,-1183.0493349999879,-3173.849334999987,-4501.049334999989,0.35548523206751054,-1.699487499999941,-3467.1332034999787,0,4,STAGE31C_REJECT_NO_ROBUST_EDGE,-476.41956889252674
default_grid,ALL,ALL,dxy_z60,dxy_z60_ge_q70,ge,0.7,london_q60_prior_q25,"[[""london_range"", ""ge"", 0.6], [""prior_day_range"", ""ge"", 0.25]]",17124,,,,1911,0.713168379730127,0.38167828150014577,0.25305935085639586,-1150.5559900000183,-3157.1059900000173,-4494.805990000018,0.4123495552066981,-1.4,-3513.7953560000315,0,4,STAGE31C_REJECT_NO_ROBUST_EDGE,-476.5713465815762
default_grid,ALL,ALL,dxy_rank250,dxy_rank250_le_q30,le,0.3,h1_atr_rank_le_q30,"[[""h1_atr20_pct_rank_250"", ""le"", 0.3]]",17124,,,,2174,0.7180982636287935,0.2944968910789129,0.1648563593213014,-906.1006799999736,-3188.800679999974,-4710.600679999974,0.2953081876724931,-0.7374499999999897,-3443.348123499974,0,3,STAGE31C_REJECT_NO_ROBUST_EDGE,-477.44307982692175
default_grid,ALL,ALL,spx_chg_5,spx_chg_5_ge_q80,ge,0.8,london_q60_prior_q25,"[[""london_range"", ""ge"", 0.6], [""prior_day_range"", ""ge"", 0.25]]",17124,,,,2023,0.7583588540058083,0.41992599967111444,0.2754637808332434,-1054.99413999998,-3179.1441399999794,-4595.24413999998,0.4448838358872961,-1.4,-3500.889310249991,0,4,STAGE31C_REJECT_NO_ROBUST_EDGE,-477.6577643924534
default_grid,ALL,ALL,oil_ret_1,oil_ret_1_ge_q80,ge,0.8,london_q60_prior_q25,"[[""london_range"", ""ge"", 0.6], [""prior_day_range"", ""ge"", 0.25]]",17124,,,,1539,0.657231451885657,0.4168233114904288,0.30610126314632174,-1548.2014249999952,-3164.1514249999946,-4241.451424999996,0.3996101364522417,-2.4110749999998915,-3546.8541155000044,0,4,STAGE31C_REJECT_NO_ROBUST_EDGE,-478.36521010751005
default_grid,ALL,ALL,vix_chg_1,vix_chg_1_le_q20,le,0.2,london_q60_prior_q25,"[[""london_range"", ""ge"", 0.6], [""prior_day_range"", ""ge"", 0.25]]",17124,,,,1850,0.7256886681900097,0.4273839134300694,0.2944217573047304,-1229.6634650000135,-3172.1634650000133,-4467.163465000014,0.4362162162162162,-1.4,-3595.932940250005,0,4,STAGE31C_REJECT_NO_ROBUST_EDGE,-481.561467348982
default_grid,ALL,ALL,spx_z60,spx_z60_ge_q80,ge,0.8,london_q60_prior_q25,"[[""london_range"", ""ge"", 0.6], [""prior_day_range"", ""ge"", 0.25]]",17124,,,,2099,0.6986552997325772,0.30149027779856474,0.17027689131732038,-1021.3920500000053,-3225.342050000005,-4694.642050000006,0.3835159599809433,-1.4,-3481.6338372499913,0,4,STAGE31C_REJECT_NO_ROBUST_EDGE,-482.9198865192451
default_grid,ALL,ALL,oil_chg_5,oil_chg_5_le_q30,le,0.3,london_q40_prior_q30,"[[""london_range"", ""ge"", 0.4], [""prior_day_range"", ""ge"", 0.3]]",17124,,,,2371,0.8348310238194151,0.43908423846514805,0.280320496733353,-734.7308149999772,-3224.2808149999773,-4883.980814999977,0.4403205398566006,-1.4,-3555.420405499982,0,4,STAGE31C_REJECT_NO_ROBUST_EDGE,-484.68697740341196
default_grid,ALL,ALL,us10y_ret_1,us10y_ret_1_ge_q70,ge,0.7,london_q40_prior_q30,"[[""london_range"", ""ge"", 0.4], [""prior_day_range"", ""ge"", 0.3]]",17124,,,,1808,0.6398306418366051,0.32663133379079967,0.20472058146096817,-1336.7838349999906,-3235.1838349999907,-4500.783834999991,0.37444690265486724,-2.4097749999999905,-3508.67903999999,0,4,STAGE31C_REJECT_NO_ROBUST_EDGE,-484.8671398362467
default_grid,ALL,ALL,oil_z60,oil_z60_ge_q70,ge,0.7,h1_atr_rank_le_q30,"[[""h1_atr20_pct_rank_250"", ""le"", 0.3]]",17124,,,,2030,0.6064779380939898,0.2169588738792605,0.12354629133870111,-1129.8161599999864,-3261.316159999986,-4682.316159999988,0.2354679802955665,-1.4,-3467.70580474999,0,4,STAGE31C_REJECT_NO_ROBUST_EDGE,-486.8531323333507
default_grid,ALL,ALL,dxy_rank250,dxy_rank250_ge_q70,ge,0.7,london_q60_prior_q25,"[[""london_range"", ""ge"", 0.6], [""prior_day_range"", ""ge"", 0.25]]",17124,,,,2174,0.6281397698196846,0.16417001546197582,0.04703234920795086,-990.0215000000017,-3272.7215000000015,-4794.521500000002,0.40248390064397427,-1.4,-3429.5678505000087,0,2,STAGE31C_REJECT_NO_ROBUST_EDGE,-486.92071297354903
default_grid,ALL,ALL,us10y_rank250,us10y_rank250_le_q30,le,0.3,h1_atr_rank_le_q30,"[[""h1_atr20_pct_rank_250"", ""le"", 0.3]]",17124,,,,2025,0.591558677842708,0.17562079660486973,0.07479592272698538,-1142.6392399999806,-3268.8892399999804,-4686.389239999981,0.3279012345679012,-1.4,-3443.515896249978,0,4,STAGE31C_REJECT_NO_ROBUST_EDGE,-487.0093271555403
default_grid,ALL,ALL,vix_ret_5,vix_ret_5_le_q20,le,0.2,london_q60_prior_q25,"[[""london_range"", ""ge"", 0.6], [""prior_day_range"", ""ge"", 0.25]]",17124,,,,2156,0.7624131849943065,0.3938749167305219,0.2495054034515284,-983.3287349999902,-3247.1287349999902,-4756.32873499999,0.4206864564007421,-1.4,-3589.6329017499847,0,4,STAGE31C_REJECT_NO_ROBUST_EDGE,-489.257747806387
default_grid,ALL,ALL,dxy_value,dxy_value_ge_q80,ge,0.8,london_q40_prior_q30,"[[""london_range"", ""ge"", 0.4], [""prior_day_range"", ""ge"", 0.3]]",17124,,,,2135,0.634113562477777,0.19731364713885238,0.0731006498728526,-1041.351264999985,-3283.101264999985,-4777.601264999985,0.41405152224824354,-1.4,-3466.7514112499857,0,2,STAGE31C_REJECT_NO_ROBUST_EDGE,-489.3821579916179
default_grid,ALL,ALL,real_yield_z60,real_yield_z60_ge_q70,ge,0.7,london_q60_prior_q25,"[[""london_range"", ""ge"", 0.6], [""prior_day_range"", ""ge"", 0.25]]",17124,,,,1909,0.7430508222477704,0.4445716087787843,0.3124712234274009,-1222.3982050000086,-3226.8482050000084,-4563.148205000009,0.44421162912519646,-1.4,-3661.5291827500164,0,4,STAGE31C_REJECT_NO_ROBUST_EDGE,-490.06567865600425
default_grid,ALL,ALL,vix_z60,vix_z60_le_q30,le,0.3,macro_only,[],17124,,,,2710,0.8789868515411026,0.3645729322056157,0.20361197330944975,-438.84165499999517,-3284.341654999995,-5181.341654999995,0.35571955719557197,-0.7225999999999657,-3534.6575702499717,0,4,STAGE31C_REJECT_NO_ROBUST_EDGE,-490.7068667972041
default_grid,ALL,ALL,vix_value,vix_value_ge_q70,ge,0.7,macro_only,[],17124,,,,1828,0.7628852310332036,0.5121928611273517,0.38643033739100624,-1345.41708500001,-3264.8170850000092,-4544.41708500001,0.4671772428884026,-1.4,-3707.2273897500163,0,3,STAGE31C_REJECT_NO_ROBUST_EDGE,-495.17542802666424
default_grid,ALL,ALL,oil_ret_1,oil_ret_1_ge_q80,ge,0.8,london_q40_prior_q30,"[[""london_range"", ""ge"", 0.4], [""prior_day_range"", ""ge"", 0.3]]",17124,,,,1616,0.649586135565202,0.4019278819842561,0.2919579576858439,-1586.8615949999933,-3283.661594999993,-4414.861594999993,0.38304455445544555,-1.7126499999999623,-3641.5224302499755,0,4,STAGE31C_REJECT_NO_ROBUST_EDGE,-495.2551703619121
default_grid,ALL,ALL,spx_ret_1,spx_ret_1_le_q20,le,0.2,macro_only,[],17124,,,,1901,0.6789216909406514,0.35413984386850184,0.23415993043381142,-1272.699059999991,-3268.749059999991,-4599.449059999991,0.3608627038400842,-1.4,-3664.828952499995,0,4,STAGE31C_REJECT_NO_ROBUST_EDGE,-495.63831546457857
default_grid,ALL,ALL,real_yield_chg_1,real_yield_chg_1_le_q20,le,0.2,macro_only,[],17124,,,,2487,0.8028796101241421,0.3366571844221429,0.19899174263373912,-687.9002349999972,-3299.2502349999977,-5040.150234999997,0.3039806996381182,-1.4,-3602.782079249999,0,4,STAGE31C_REJECT_NO_ROBUST_EDGE,-495.9015886477433
default_grid,ALL,ALL,spx_rank250,spx_rank250_ge_q80,ge,0.8,h1_atr_rank_le_q30,"[[""h1_atr20_pct_rank_250"", ""le"", 0.3]]",17124,,,,2473,0.6726077169725447,0.12634528021357766,0.046884699387505016,-751.0954249999911,-3347.745424999991,-5078.84542499999,0.21997573797007683,-0.7288999999999759,-3498.888169749994,0,4,STAGE31C_REJECT_NO_ROBUST_EDGE,-498.267959387813
default_grid,ALL,ALL,real_yield_ret_1,real_yield_ret_1_ge_q70,ge,0.7,macro_only,[],17124,,,,2059,0.7280390587455191,0.3875270866443269,0.25738971582174597,-1136.450845000013,-3298.400845000013,-4739.700845000013,0.35502671199611463,-1.4,-3699.4511312500035,0,4,STAGE31C_REJECT_NO_ROBUST_EDGE,-499.90781133277125
default_grid,ALL,ALL,us10y_chg_5,us10y_chg_5_le_q20,le,0.2,macro_only,[],17124,,,,2320,0.7040850463353192,0.25767767481867,0.13796350101186425,-928.1837699999863,-3364.1837699999865,-4988.183769999987,0.2913793103448276,-1.4,-3561.1982514999795,0,4,STAGE31C_REJECT_NO_ROBUST_EDGE,-501.3496588227635
default_grid,ALL,ALL,spx_chg_1,spx_chg_1_le_q20,le,0.2,london_q60_prior_q25,"[[""london_range"", ""ge"", 0.6], [""prior_day_range"", ""ge"", 0.25]]",17124,,,,1876,0.70533324032156,0.41102928783826265,0.28345070619243906,-1360.1531799999875,-3329.9531799999877,-4643.1531799999875,0.4408315565031983,-1.4,-3706.5111727500016,0,4,STAGE31C_REJECT_NO_ROBUST_EDGE,-503.0767809343465
default_grid,ALL,ALL,spx_chg_5,spx_chg_5_ge_q80,ge,0.8,london_q40_prior_q30,"[[""london_range"", ""ge"", 0.4], [""prior_day_range"", ""ge"", 0.3]]",17124,,,,2151,0.7518911604485089,0.4062201498197757,0.2638523999412787,-1110.1015149999807,-3368.6515149999814,-4874.35151499998,0.42305904230590424,-1.4,-3726.2058727499757,0,4,STAGE31C_REJECT_NO_ROBUST_EDGE,-508.0578340395341
default_grid,ALL,ALL,us10y_ret_5,us10y_ret_5_ge_q70,ge,0.7,macro_only,[],17124,,,,2071,0.6696667832286187,0.31829812687964365,0.20611756570355536,-1208.8918549999917,-3383.4418549999914,-4833.141854999993,0.2950265572187349,-1.998974999999882,-3707.190003499984,0,4,STAGE31C_REJECT_NO_ROBUST_EDGE,-509.69623414338764
default_grid,ALL,ALL,dxy_value,dxy_value_ge_q70,ge,0.7,london_q60_prior_q25,"[[""london_range"", ""ge"", 0.6], [""prior_day_range"", ""ge"", 0.25]]",17124,,,,2402,0.7201637021211577,0.2430624465542272,0.09649341866581525,-894.3199199999901,-3416.41991999999,-5097.819919999989,0.4496253122398002,-1.4,-3624.956272499989,0,2,STAGE31C_REJECT_NO_ROBUST_EDGE,-510.0732074847929
default_grid,ALL,ALL,oil_rank250,oil_rank250_ge_q70,ge,0.7,h1_atr_rank_le_q30,"[[""h1_atr20_pct_rank_250"", ""le"", 0.3]]",17124,,,,2172,0.6131732485846297,0.21192794591517944,0.12552704603647813,-1139.7129049999894,-3420.3129049999893,-4940.7129049999885,0.21915285451197053,-0.7919000000000778,-3652.6388112500076,0,4,STAGE31C_REJECT_NO_ROBUST_EDGE,-512.0418434192017
default_grid,ALL,ALL,us10y_z60,us10y_z60_ge_q80,ge,0.8,macro_only,[],17124,,,,2025,0.7146468038483754,0.39370698011052496,0.27557767142591577,-1227.2354049999947,-3353.4854049999944,-4770.985404999995,0.3234567901234568,-1.4,-3846.510304249978,0,4,STAGE31C_REJECT_NO_ROBUST_EDGE,-512.6346752256894
default_grid,ALL,ALL,real_yield_rank250,real_yield_rank250_le_q30,le,0.3,h1_atr_rank_le_q30,"[[""h1_atr20_pct_rank_250"", ""le"", 0.3]]",17124,,,,2283,0.6689873346985288,0.22296051845078457,0.10618580424105566,-1030.9778499999766,-3428.1278499999767,-5026.227849999977,0.3434077967586509,-0.7117999999999483,-3660.027506749973,0,4,STAGE31C_REJECT_NO_ROBUST_EDGE,-513.1598119360242
default_grid,ALL,ALL,us10y_chg_1,us10y_chg_1_le_q20,le,0.2,macro_only,[],17124,,,,2319,0.7071554225630498,0.28609368471789137,0.16969711583977976,-1001.6827399999904,-3436.632739999991,-5059.93273999999,0.27641224665804226,-1.4,-3759.293319749995,0,4,STAGE31C_REJECT_NO_ROBUST_EDGE,-518.0882146769609
default_grid,ALL,ALL,dxy_chg_5,dxy_chg_5_le_q20,le,0.2,macro_only,[],17124,,,,2327,0.734702142190964,0.3391752356167315,0.20761125096228486,-1024.8463449999851,-3468.1963449999853,-5097.096344999985,0.33519553072625696,-1.4,-3786.4460619999845,0,4,STAGE31C_REJECT_NO_ROBUST_EDGE,-521.9197402399813
default_grid,ALL,ALL,vix_chg_1,vix_chg_1_le_q20,le,0.2,london_q40_prior_q30,"[[""london_range"", ""ge"", 0.4], [""prior_day_range"", ""ge"", 0.3]]",17124,,,,2030,0.7189888592975742,0.4097049052329124,0.2778020313316033,-1306.8823750000151,-3438.3823750000147,-4859.382375000016,0.41625615763546797,-1.4,-3929.469905500003,0,4,STAGE31C_REJECT_NO_ROBUST_EDGE,-525.1034755973461
default_grid,ALL,ALL,oil_ret_1,oil_ret_1_le_q20,le,0.2,macro_only,[],17124,,,,2178,0.7298265984818654,0.3810169136614668,0.2482719308987173,-1162.8952899999908,-3449.795289999991,-4974.3952899999895,0.35537190082644626,-1.4,-3908.9583352499776,0,4,STAGE31C_REJECT_NO_ROBUST_EDGE,-525.6241889022884
default_grid,ALL,ALL,vix_age_hours,vix_age_hours_ge_q80,ge,0.8,h1_atr_rank_le_q30,"[[""h1_atr20_pct_rank_250"", ""le"", 0.3]]",17124,,,,2234,0.6462177194056158,0.23771816968482448,0.11897705136795428,-1176.048584999983,-3521.748584999983,-5085.548584999982,0.36168307967770813,-1.4,-3739.7721192499826,0,4,STAGE31C_REJECT_NO_ROBUST_EDGE,-526.3103745601774
default_grid,ALL,ALL,oil_ret_5,oil_ret_5_le_q30,le,0.3,london_q40_prior_q30,"[[""london_range"", ""ge"", 0.4], [""prior_day_range"", ""ge"", 0.3]]",17124,,,,2634,0.8485412709243502,0.4350646537006124,0.27304424994544463,-717.3857999999786,-3483.0857999999785,-5326.885799999978,0.4407744874715262,-1.4,-3873.9349727499707,0,4,STAGE31C_REJECT_NO_ROBUST_EDGE,-526.5625051007084
default_grid,ALL,ALL,dxy_chg_1,dxy_chg_1_le_q20,le,0.2,macro_only,[],17124,,,,2127,0.6723751756562717,0.3253650850612067,0.20132029963143572,-1284.9559100000206,-3518.30591000002,-5007.205910000021,0.3549600376116596,-1.4,-3840.729609000018,0,4,STAGE31C_REJECT_NO_ROBUST_EDGE,-529.8081394008651
default_grid,ALL,ALL,oil_value,oil_value_le_q20,le,0.2,h1_atr_rank_le_q30,"[[""h1_atr20_pct_rank_250"", ""le"", 0.3]]",17124,,,,2407,0.671240702105435,0.2120132214435089,0.09363810808395166,-1023.6793299999713,-3551.029329999971,-5235.929329999971,0.3240548400498546,-0.6530000000001563,-3766.5031854999734,0,4,STAGE31C_REJECT_NO_ROBUST_EDGE,-530.9334076282248
default_grid,ALL,ALL,spx_z60,spx_z60_le_q20,le,0.2,macro_only,[],17124,,,,2129,0.7485382224502082,0.4405328882624859,0.31095604511566866,-1264.8101950000007,-3500.2601950000003,-4990.560195,0.38985439173320807,-1.4,-3945.844914250004,0,4,STAGE31C_REJECT_NO_ROBUST_EDGE,-531.6691121494127
default_grid,ALL,ALL,us10y_z60,us10y_z60_ge_q70,ge,0.7,london_q60_prior_q25,"[[""london_range"", ""ge"", 0.6], [""prior_day_range"", ""ge"", 0.25]]",17124,,,,1983,0.7414799068463372,0.47093896980492783,0.3469672499681987,-1428.0182800000002,-3510.16828,-4898.26828,0.4367120524457892,-1.4,-3998.5436134999904,0,4,STAGE31C_REJECT_NO_ROBUST_EDGE,-534.8467499770775
default_grid,ALL,ALL,vix_ret_1,vix_ret_1_le_q20,le,0.2,london_q60_prior_q25,"[[""london_range"", ""ge"", 0.6], [""prior_day_range"", ""ge"", 0.25]]",17124,,,,1972,0.6813000380674143,0.3824111451371162,0.25424442098309225,-1452.8747900000126,-3523.474790000012,-4903.8747900000135,0.4224137931034483,-1.4,-3979.748901000007,0,4,STAGE31C_REJECT_NO_ROBUST_EDGE,-536.493834914698
default_grid,ALL,ALL,vix_ret_5,vix_ret_5_le_q20,le,0.2,london_q40_prior_q30,"[[""london_range"", ""ge"", 0.4], [""prior_day_range"", ""ge"", 0.3]]",17124,,,,2371,0.7510807807199255,0.37284351512415553,0.23221294492746344,-1079.0272349999873,-3568.577234999987,-5228.277234999988,0.40067482075073807,-1.4,-3894.3118762499894,0,4,STAGE31C_REJECT_NO_ROBUST_EDGE,-536.9160303815468
default_grid,ALL,ALL,us10y_ret_5,us10y_ret_5_le_q30,le,0.3,london_q60_prior_q25,"[[""london_range"", ""ge"", 0.6], [""prior_day_range"", ""ge"", 0.25]]",17124,,,,2243,0.7016461777260088,0.33802288383577217,0.20286351384387605,-1224.1530349999848,-3579.303034999985,-5149.403034999985,0.4021399910833705,-1.4,-3885.1216557499833,0,4,STAGE31C_REJECT_NO_ROBUST_EDGE,-537.9947033937644
default_grid,ALL,ALL,real_yield_z60,real_yield_z60_ge_q70,ge,0.7,london_q40_prior_q30,"[[""london_range"", ""ge"", 0.4], [""prior_day_range"", ""ge"", 0.3]]",17124,,,,2096,0.7298472789228732,0.4218377885281823,0.29240169552637235,-1332.6477650000045,-3533.4477650000044,-5000.647765000004,0.4169847328244275,-1.4,-4005.3179462500025,0,4,STAGE31C_REJECT_NO_ROBUST_EDGE,-538.2226891451132
default_grid,ALL,ALL,real_yield_chg_1,real_yield_chg_1_le_q30,le,0.3,london_q60_prior_q25,"[[""london_range"", ""ge"", 0.6], [""prior_day_range"", ""ge"", 0.25]]",17124,,,,2484,0.7859192560978505,0.394585638868375,0.24379185193583824,-968.476724999975,-3576.676724999975,-5315.476724999975,0.42673107890499196,-1.4,-3927.465204499977,0,4,STAGE31C_REJECT_NO_ROBUST_EDGE,-539.1199089285692
default_grid,ALL,ALL,spx_chg_5,spx_chg_5_le_q20,le,0.2,macro_only,[],17124,,,,2281,0.7810443064843778,0.4576946387725391,0.3166257800110406,-1158.173385000005,-3553.223385000005,-5149.9233850000055,0.4366505918456817,-1.4,-4002.1035227500124,0,4,STAGE31C_REJECT_NO_ROBUST_EDGE,-539.5840651297315
default_grid,ALL,ALL,real_yield_chg_1,real_yield_chg_1_ge_q70,ge,0.7,london_q60_prior_q25,"[[""london_range"", ""ge"", 0.6], [""prior_day_range"", ""ge"", 0.25]]",17124,,,,2031,0.7050766281489366,0.4074356183385291,0.2783714569169184,-1419.050885000015,-3551.6008850000144,-4973.300885000015,0.40817331363860165,-1.4,-4004.5797012500198,0,4,STAGE31C_REJECT_NO_ROBUST_EDGE,-540.2012315514495
default_grid,ALL,ALL,dxy_ret_1,dxy_ret_1_le_q20,le,0.2,macro_only,[],17124,,,,2185,0.675702153698571,0.32601298005754303,0.20156000111776703,-1294.1832600000175,-3588.4332600000175,-5117.933260000017,0.351487414187643,-1.4,-3918.3961175000086,0,4,STAGE31C_REJECT_NO_ROBUST_EDGE,-540.6967620699556
default_grid,ALL,ALL,spx_chg_1,spx_chg_1_le_q20,le,0.2,london_q40_prior_q30,"[[""london_range"", ""ge"", 0.4], [""prior_day_range"", ""ge"", 0.3]]",17124,,,,2052,0.7025136123728342,0.3951739290512252,0.2684003906261758,-1415.5067249999815,-3570.1067249999815,-5006.506724999981,0.4220272904483431,-1.4,-3995.514921249976,0,4,STAGE31C_REJECT_NO_ROBUST_EDGE,-541.76107770948
default_grid,ALL,ALL,spx_z60,spx_z60_le_q30,le,0.3,london_q60_prior_q25,"[[""london_range"", ""ge"", 0.6], [""prior_day_range"", ""ge"", 0.25]]",17124,,,,2106,0.7577940574704308,0.47512423884175786,0.3440955234709827,-1371.4757149999982,-3582.775714999998,-5056.975714999999,0.4515669515669516,-1.4,-4016.144163000002,0,4,STAGE31C_REJECT_NO_ROBUST_EDGE,-542.9571551676984
default_grid,ALL,ALL,real_yield_ret_1,real_yield_ret_1_le_q30,le,0.3,macro_only,[],17124,,,,2646,0.799894701304787,0.36724858552770007,0.22503434290353344,-829.4685949999966,-3607.7685949999964,-5459.968594999997,0.3348450491307634,-1.4,-3936.634031249993,0,4,STAGE31C_REJECT_NO_ROBUST_EDGE,-543.0359378356081
default_grid,ALL,ALL,dxy_z60,dxy_z60_ge_q70,ge,0.7,london_q40_prior_q30,"[[""london_range"", ""ge"", 0.4], [""prior_day_range"", ""ge"", 0.3]]",17124,,,,2177,0.6871171493724241,0.3504964634969361,0.22779586489661507,-1352.434620000016,-3638.284620000015,-5162.1846200000155,0.3904455672944419,-1.4,-3985.383284750011,0,4,STAGE31C_REJECT_NO_ROBUST_EDGE,-548.6814781429462
default_grid,ALL,ALL,dxy_ret_1,dxy_ret_1_ge_q70,ge,0.7,london_q60_prior_q25,"[[""london_range"", ""ge"", 0.6], [""prior_day_range"", ""ge"", 0.25]]",17124,,,,2410,0.8215545874289233,0.5035683054258403,0.36221703747545053,-1051.8628300000005,-3582.3628300000005,-5269.36283,0.4319502074688797,-1.4,-4138.606287500008,0,4,STAGE31C_REJECT_NO_ROBUST_EDGE,-548.6820461708403
default_grid,ALL,ALL,real_yield_ret_5,real_yield_ret_5_le_q30,le,0.3,london_q60_prior_q25,"[[""london_range"", ""ge"", 0.6], [""prior_day_range"", ""ge"", 0.25]]",17124,,,,2379,0.7265053179250305,0.35057283169360454,0.21220525577873156,-1167.102809999982,-3665.052809999982,-5330.352809999982,0.403530895334174,-1.4,-4007.8596044999726,0,4,STAGE31C_REJECT_NO_ROBUST_EDGE,-552.5437118849459
default_grid,ALL,ALL,dxy_chg_1,dxy_chg_1_ge_q70,ge,0.7,london_q60_prior_q25,"[[""london_range"", ""ge"", 0.6], [""prior_day_range"", ""ge"", 0.25]]",17124,,,,2410,0.8215545874289233,0.5035683054258403,0.36221703747545053,-1051.8628300000005,-3582.3628300000005,-5269.36283,0.4319502074688797,-1.4,-4230.013011750013,0,4,STAGE31C_REJECT_NO_ROBUST_EDGE,-553.2523823833405
default_grid,ALL,ALL,oil_chg_1,oil_chg_1_le_q30,le,0.3,london_q60_prior_q25,"[[""london_range"", ""ge"", 0.6], [""prior_day_range"", ""ge"", 0.25]]",17124,,,,2203,0.7354669800826832,0.4222847357246516,0.28465773520955856,-1345.7239799999902,-3658.8739799999903,-5200.97397999999,0.4389468906037222,-1.4,-4082.9492582499965,0,4,STAGE31C_REJECT_NO_ROBUST_EDGE,-554.6733826144141
default_grid,ALL,ALL,spx_value,spx_value_ge_q80,ge,0.8,h1_atr_q30_and_london_q60_prior_q25,"[[""h1_atr20_pct_rank_250"", ""le"", 0.3], [""london_range"", ""ge"", 0.6], [""prior_day_range"", ""ge"", 0.25]]",17124,,,,2306,0.6854155948479517,0.30640450812017184,0.16923322455354758,-1282.8166049999775,-3704.1166049999774,-5318.316604999976,0.4401561144839549,-1.4,-3989.0415144999806,0,4,STAGE31C_REJECT_NO_ROBUST_EDGE,-556.1227582455808
default_grid,ALL,ALL,spx_value,spx_value_ge_q70,ge,0.7,h1_atr_q30_and_london_q60_prior_q25,"[[""h1_atr20_pct_rank_250"", ""le"", 0.3], [""london_range"", ""ge"", 0.6], [""prior_day_range"", ""ge"", 0.25]]",17124,,,,2341,0.6890526281064134,0.3059016380902377,0.1681654511228756,-1275.7763249999766,-3733.8263249999764,-5372.526324999976,0.43827424177701835,-1.4,-4015.9054154999935,0,4,STAGE31C_REJECT_NO_ROBUST_EDGE,-560.4462250896033
default_grid,ALL,ALL,spx_ret_5,spx_ret_5_ge_q70,ge,0.7,london_q60_prior_q25,"[[""london_range"", ""ge"", 0.6], [""prior_day_range"", ""ge"", 0.25]]",17124,,,,2406,0.749200122380045,0.3918069042129432,0.2482528670883894,-1202.0478549999877,-3728.3478549999872,-5412.547854999987,0.4285120532003325,-1.4,-4060.3577254999855,0,4,STAGE31C_REJECT_NO_ROBUST_EDGE,-560.941591264515
default_grid,ALL,ALL,us10y_ret_1,us10y_ret_1_le_q30,le,0.3,london_q40_prior_q30,"[[""london_range"", ""ge"", 0.4], [""prior_day_range"", ""ge"", 0.3]]",17124,,,,2513,0.7456021629835908,0.3454558127032448,0.20612962701225945,-1090.3035349999868,-3728.953534999987,-5488.053534999986,0.3887783525666534,-1.4,-4048.9416322499865,0,4,STAGE31C_REJECT_NO_ROBUST_EDGE,-561.0633584774165
default_grid,ALL,ALL,oil_ret_1,oil_ret_1_le_q30,le,0.3,london_q60_prior_q25,"[[""london_range"", ""ge"", 0.6], [""prior_day_range"", ""ge"", 0.25]]",17124,,,,2223,0.7316839408735082,0.41866161341024977,0.28032148995244965,-1380.2446799999946,-3714.394679999994,-5270.494679999994,0.4444444444444444,-1.4,-4164.68571475,0,4,STAGE31C_REJECT_NO_ROBUST_EDGE,-564.3658516435871
default_grid,ALL,ALL,vix_z60,vix_z60_ge_q80,ge,0.8,london_q60_prior_q25,"[[""london_range"", ""ge"", 0.6], [""prior_day_range"", ""ge"", 0.25]]",17124,,,,2177,0.7453099589570397,0.4544113755696031,0.32207066163227765,-1427.8306500000058,-3713.6806500000057,-5237.580650000005,0.4497014239779513,-1.4,-4187.555012249997,0,4,STAGE31C_REJECT_NO_ROBUST_EDGE,-564.9134192102753
default_grid,ALL,ALL,dxy_chg_5,dxy_chg_5_ge_q70,ge,0.7,london_q60_prior_q25,"[[""london_range"", ""ge"", 0.6], [""prior_day_range"", ""ge"", 0.25]]",17124,,,,2248,0.7245215482526963,0.4043550878091134,0.2722591308690356,-1369.4721099999888,-3729.872109999989,-5303.472109999988,0.4052491103202847,-1.4,-4143.8630282499835,0,4,STAGE31C_REJECT_NO_ROBUST_EDGE,-565.0477750109308
default_grid,ALL,ALL,oil_rank250,oil_rank250_le_q30,le,0.3,london_q60_prior_q25,"[[""london_range"", ""ge"", 0.6], [""prior_day_range"", ""ge"", 0.25]]",17124,,,,2720,0.8339221234727595,0.45036023255766405,0.2849511652855214,-891.9351200000198,-3747.93512000002,-5651.93512000002,0.4783088235294118,-1.4,-4133.636218000012,0,4,STAGE31C_REJECT_NO_ROBUST_EDGE,-565.8319159132839
default_grid,ALL,ALL,oil_z60,oil_z60_le_q30,le,0.3,macro_only,[],17124,,,,2823,0.8132130931689829,0.37855485087072394,0.22030142153428617,-851.63259,-3815.7825900000003,-5791.882589999999,0.402054551895147,-1.4,-4106.463850499992,0,4,STAGE31C_REJECT_NO_ROBUST_EDGE,-572.2346973301552
default_grid,ALL,ALL,spx_z60,spx_z60_le_q30,le,0.3,london_q40_prior_q30,"[[""london_range"", ""ge"", 0.4], [""prior_day_range"", ""ge"", 0.3]]",17124,,,,2235,0.7519780505077098,0.46213378752316003,0.33158687630598754,-1436.571839999998,-3783.3218399999982,-5347.821839999998,0.4407158836689038,-1.4,-4199.219179749987,0,4,STAGE31C_REJECT_NO_ROBUST_EDGE,-572.3454576070436
default_grid,ALL,ALL,dxy_ret_5,dxy_ret_5_ge_q70,ge,0.7,london_q60_prior_q25,"[[""london_range"", ""ge"", 0.6], [""prior_day_range"", ""ge"", 0.25]]",17124,,,,2270,0.7209444134722003,0.4032819067353342,0.27190881355576973,-1409.55998499999,-3793.05998499999,-5382.059984999991,0.40484581497797356,-1.4,-4174.509139749986,0,4,STAGE31C_REJECT_NO_ROBUST_EDGE,-572.9110011659219
default_grid,ALL,ALL,dxy_ret_5,dxy_ret_5_le_q20,le,0.2,macro_only,[],17124,,,,2425,0.7016211164281375,0.3343114599211019,0.20859558443836287,-1279.1840249999864,-3825.434024999986,-5522.934024999986,0.33278350515463917,-1.4,-4132.264951749979,0,4,STAGE31C_REJECT_NO_ROBUST_EDGE,-574.9791531505331
default_grid,ALL,ALL,us10y_chg_5,us10y_chg_5_le_q30,le,0.3,london_q60_prior_q25,"[[""london_range"", ""ge"", 0.6], [""prior_day_range"", ""ge"", 0.25]]",17124,,,,2465,0.7137337532918197,0.3431608426971717,0.20509868199119874,-1278.2665249999827,-3866.5165249999827,-5592.016524999983,0.4068965517241379,-1.4,-4153.729705749968,0,4,STAGE31C_REJECT_NO_ROBUST_EDGE,-580.0861346325602
default_grid,ALL,ALL,real_yield_value,real_yield_value_ge_q70,ge,0.7,h1_atr_rank_le_q30,"[[""h1_atr20_pct_rank_250"", ""le"", 0.3]]",17124,,,,2912,0.7047084884021604,0.15172814952262928,0.055463700695162994,-832.475449999994,-3890.075449999994,-5928.475449999994,0.27369505494505497,-0.734449999999947,-4062.248880749998,0,4,STAGE31C_REJECT_NO_ROBUST_EDGE,-580.3808527394923
default_grid,ALL,ALL,vix_chg_1,vix_chg_1_ge_q80,ge,0.8,london_q60_prior_q25,"[[""london_range"", ""ge"", 0.6], [""prior_day_range"", ""ge"", 0.25]]",17124,,,,1986,0.6513873689588406,0.3777474894022137,0.2592902104024795,-1760.4728699999907,-3845.7728699999907,-5235.9728699999905,0.42749244712990936,-1.4,-4220.594288749985,0,4,STAGE31C_REJECT_NO_ROBUST_EDGE,-580.7923657018662
default_grid,ALL,ALL,real_yield_chg_5,real_yield_chg_5_ge_q70,ge,0.7,macro_only,[],17124,,,,2473,0.7064972455357387,0.3378931577761295,0.21518249090398794,-1260.6602350000055,-3857.3102350000054,-5588.410235000005,0.3166194904973716,-1.4,-4223.022978000011,0,4,STAGE31C_REJECT_NO_ROBUST_EDGE,-582.6425108586238
default_grid,ALL,ALL,oil_rank250,oil_rank250_le_q30,le,0.3,london_q40_prior_q30,"[[""london_range"", ""ge"", 0.4], [""prior_day_range"", ""ge"", 0.3]]",17124,,,,2796,0.8280938067237423,0.4426309057990434,0.27844776658596926,-937.57808000002,-3873.37808000002,-5830.57808000002,0.4728183118741059,-1.4,-4234.084439250031,0,4,STAGE31C_REJECT_NO_ROBUST_EDGE,-583.5019298381692
default_grid,ALL,ALL,spx_chg_1,spx_chg_1_ge_q80,ge,0.8,macro_only,[],17124,,,,2596,0.7601972305933988,0.3836161406562379,0.2431701161835905,-1144.1389400000028,-3869.9389400000027,-5687.138940000003,0.38366718027734975,-1.4,-4229.549425249999,0,4,STAGE31C_REJECT_NO_ROBUST_EDGE,-583.6625233912035
default_grid,ALL,ALL,vix_chg_5,vix_chg_5_ge_q80,ge,0.8,london_q60_prior_q25,"[[""london_range"", ""ge"", 0.6], [""prior_day_range"", ""ge"", 0.25]]",17124,,,,2213,0.7093941901428575,0.40918620122526334,0.2776463503801459,-1548.805090000004,-3872.455090000004,-5421.5550900000035,0.44148215092634435,-1.4,-4248.820532999998,0,4,STAGE31C_REJECT_NO_ROBUST_EDGE,-584.4840882362271
default_grid,ALL,ALL,vix_chg_5,vix_chg_5_le_q20,le,0.2,macro_only,[],17124,,,,2590,0.738790716895859,0.3604854805047427,0.22455663230049272,-1206.1639899999861,-3925.663989999986,-5738.663989999986,0.3687258687258687,-1.4,-4254.40116824999,0,4,STAGE31C_REJECT_NO_ROBUST_EDGE,-590.7833760782487
default_grid,ALL,ALL,us10y_chg_1,us10y_chg_1_le_q30,le,0.3,london_q60_prior_q25,"[[""london_range"", ""ge"", 0.6], [""prior_day_range"", ""ge"", 0.25]]",17124,,,,2613,0.7544443059886311,0.3725970890192386,0.22681887727838623,-1181.762879999982,-3925.4128799999817,-5754.512879999982,0.42747799464217373,-1.4,-4289.790070249978,0,4,STAGE31C_REJECT_NO_ROBUST_EDGE,-592.3975451131912
default_grid,ALL,ALL,dxy_value,dxy_value_ge_q80,ge,0.8,macro_only,[],17124,,,,2626,0.6403946863668514,0.18463590166691418,0.06332574150758476,-1209.4679699999851,-3966.767969999985,-5804.967969999985,0.4143183549124143,-1.4,-4157.300569249984,0,2,STAGE31C_REJECT_NO_ROBUST_EDGE,-592.4421634797982
default_grid,ALL,ALL,dxy_rank250,dxy_rank250_ge_q70,ge,0.7,london_q40_prior_q30,"[[""london_range"", ""ge"", 0.4], [""prior_day_range"", ""ge"", 0.3]]",17124,,,,2578,0.591655311704511,0.14362113579181487,0.039300734573333954,-1273.2808800000005,-3980.180880000001,-5784.78088,0.3809154383242824,-2.2102625000000216,-4145.209986999999,0,2,STAGE31C_REJECT_NO_ROBUST_EDGE,-593.6851730537885
default_grid,ALL,ALL,oil_chg_5,oil_chg_5_ge_q80,ge,0.8,macro_only,[],17124,,,,2546,0.7410262635992745,0.3872777553775407,0.26552147127275316,-1240.3457499999975,-3913.645749999998,-5695.845749999997,0.2894736842105263,-1.4,-4356.050958750009,0,4,STAGE31C_REJECT_NO_ROBUST_EDGE,-594.2322594986338
default_grid,ALL,ALL,vix_ret_1,vix_ret_1_le_q20,le,0.2,london_q40_prior_q30,"[[""london_range"", ""ge"", 0.4], [""prior_day_range"", ""ge"", 0.3]]",17124,,,,2264,0.6724886258608475,0.3580204731810677,0.2325710627578018,-1576.2353850000122,-3953.435385000013,-5538.235385000012,0.38648409893992935,-1.4,-4317.16320850001,0,4,STAGE31C_REJECT_NO_ROBUST_EDGE,-596.69120994216
default_grid,ALL,ALL,dxy_chg_1,dxy_chg_1_le_q30,le,0.3,london_q60_prior_q25,"[[""london_range"", ""ge"", 0.6], [""prior_day_range"", ""ge"", 0.25]]",17124,,,,2183,0.6580065905272445,0.35719248202612036,0.23153808427543213,-1677.5276899999985,-3969.6776899999986,-5497.777689999998,0.41502519468621163,-2.3311250000000654,-4323.230054249995,0,4,STAGE31C_REJECT_NO_ROBUST_EDGE,-598.6311945551366
default_grid,ALL,ALL,us10y_chg_1,us10y_chg_1_ge_q70,ge,0.7,london_q60_prior_q25,"[[""london_range"", ""ge"", 0.6], [""prior_day_range"", ""ge"", 0.25]]",17124,,,,2219,0.679802725457164,0.3757997841814133,0.24792083009295982,-1623.8644999999906,-3953.8144999999904,-5507.114499999991,0.42496620099143756,-1.4,-4365.573774249986,0,4,STAGE31C_REJECT_NO_ROBUST_EDGE,-598.9104575503123
default_grid,ALL,ALL,dxy_ret_1,dxy_ret_1_le_q30,le,0.3,london_q60_prior_q25,"[[""london_range"", ""ge"", 0.6], [""prior_day_range"", ""ge"", 0.25]]",17124,,,,2183,0.6580065905272445,0.35719248202612036,0.23153808427543213,-1677.5276899999985,-3969.6776899999986,-5497.777689999998,0.41502519468621163,-2.3311250000000654,-4354.6713045,0,4,STAGE31C_REJECT_NO_ROBUST_EDGE,-600.2032570676369
default_grid,ALL,ALL,dxy_value,dxy_value_ge_q70,ge,0.7,london_q40_prior_q30,"[[""london_range"", ""ge"", 0.4], [""prior_day_range"", ""ge"", 0.3]]",17124,,,,2763,0.6808452380278979,0.2158430822106956,0.08319336710002988,-1151.2467449999867,-4052.3967449999864,-5986.496744999986,0.4259862468331524,-1.4,-4237.438410249984,0,2,STAGE31C_REJECT_NO_ROBUST_EDGE,-604.6203907219908
default_grid,ALL,ALL,spx_chg_5,spx_chg_5_ge_q80,ge,0.8,macro_only,[],17124,,,,2673,0.7516991856216629,0.37334218695627264,0.23328797404120383,-1212.6149499999863,-4019.264949999986,-5890.364949999986,0.38496071829405165,-1.4,-4350.534710249998,0,4,STAGE31C_REJECT_NO_ROBUST_EDGE,-604.786656746771
default_grid,ALL,ALL,vix_age_hours,vix_age_hours_ge_q70,ge,0.7,h1_atr_rank_le_q30,"[[""h1_atr20_pct_rank_250"", ""le"", 0.3]]",17124,,,,2666,0.65242525896454,0.21394905086536906,0.10411787244625112,-1243.8454099999838,-4043.1454099999837,-5909.3454099999835,0.3124531132783196,-0.7747999999999364,-4267.814921499987,0,4,STAGE31C_REJECT_NO_ROBUST_EDGE,-605.149325076559
default_grid,ALL,ALL,oil_value,oil_value_le_q30,le,0.3,h1_atr_rank_le_q30,"[[""h1_atr20_pct_rank_250"", ""le"", 0.3]]",17124,,,,2801,0.6712168203561081,0.1940232370223272,0.0830787144722077,-1111.7106149999768,-4052.7606149999765,-6013.460614999976,0.2927525883612995,-0.6530000000001563,-4249.674574249968,0,4,STAGE31C_REJECT_NO_ROBUST_EDGE,-605.4872429843839
default_grid,ALL,ALL,us10y_z60,us10y_z60_ge_q70,ge,0.7,london_q40_prior_q30,"[[""london_range"", ""ge"", 0.4], [""prior_day_range"", ""ge"", 0.3]]",17124,,,,2244,0.7192376166946923,0.43583079896300975,0.3148707891875237,-1609.5527449999956,-3965.752744999996,-5536.552744999995,0.3961675579322638,-1.4,-4496.225945000011,0,4,STAGE31C_REJECT_NO_ROBUST_EDGE,-605.76878060362
default_grid,ALL,ALL,spx_ret_5,spx_ret_5_ge_q70,ge,0.7,london_q40_prior_q30,"[[""london_range"", ""ge"", 0.4], [""prior_day_range"", ""ge"", 0.3]]",17124,,,,2619,0.7385041639126724,0.37218691492641415,0.23297519606403075,-1297.3925799999897,-4047.3425799999895,-5880.642579999989,0.3963344788087056,-1.4,-4343.228555749994,0,4,STAGE31C_REJECT_NO_ROBUST_EDGE,-607.2419158539783
default_grid,ALL,ALL,vix_chg_1,vix_chg_1_ge_q80,ge,0.8,london_q40_prior_q30,"[[""london_range"", ""ge"", 0.4], [""prior_day_range"", ""ge"", 0.3]]",17124,,,,2115,0.6453757476991812,0.36074276563925073,0.24374475141441349,-1805.447669999984,-4026.197669999984,-5506.697669999984,0.4127659574468085,-1.4,-4416.596082249985,0,4,STAGE31C_REJECT_NO_ROBUST_EDGE,-608.8671644504475
default_grid,ALL,ALL,vix_value,vix_value_le_q20,le,0.2,london_q40_prior_q30,"[[""london_range"", ""ge"", 0.4], [""prior_day_range"", ""ge"", 0.3]]",17124,,,,2811,0.5769566082067229,0.0866545271489022,0.021197198567831452,-1173.8934350000113,-4125.443435000011,-6093.143435000011,0.2447527570259694,-1.4,-4250.891523250002,1,3,STAGE31C_REJECT_NO_ROBUST_EDGE,-612.1375855967408
default_grid,ALL,ALL,oil_chg_5,oil_chg_5_le_q30,le,0.3,macro_only,[],17124,,,,2993,0.8173882076166602,0.39488175568902245,0.24223815277098176,-914.2022349999777,-4056.852234999978,-6151.952234999978,0.3905780153691948,-1.4,-4468.143303749981,0,4,STAGE31C_REJECT_NO_ROBUST_EDGE,-614.1746185195227
default_grid,ALL,ALL,vix_ret_1,vix_ret_1_ge_q80,ge,0.8,london_q60_prior_q25,"[[""london_range"", ""ge"", 0.6], [""prior_day_range"", ""ge"", 0.25]]",17124,,,,2098,0.6396201194294068,0.35899279720100413,0.2412093536813734,-1836.2099549999957,-4039.1099549999954,-5507.709954999995,0.4156339370829361,-1.4,-4503.368689999993,0,4,STAGE31C_REJECT_NO_ROBUST_EDGE,-614.5246646132637
default_grid,ALL,ALL,vix_rank250,vix_rank250_le_q30,le,0.3,macro_only,[],17124,,,,3063,0.6723084393335762,0.12843801710655847,0.05624155193911844,-906.9834400000218,-4123.133440000021,-6267.233440000022,0.18054195233431278,-1.4,-4275.235895750025,0,4,STAGE31C_REJECT_NO_ROBUST_EDGE,-614.5657924086813
default_grid,ALL,ALL,spx_z60,spx_z60_ge_q80,ge,0.8,london_q40_prior_q30,"[[""london_range"", ""ge"", 0.4], [""prior_day_range"", ""ge"", 0.3]]",17124,,,,2636,0.6510183756636382,0.24670551380423178,0.13312692120024736,-1339.9961250000065,-4107.796125000006,-5952.996125000007,0.3175265553869499,-1.4,-4367.139682500013,0,4,STAGE31C_REJECT_NO_ROBUST_EDGE,-616.1370338021579
default_grid,ALL,ALL,spx_rank250,spx_rank250_ge_q70,ge,0.7,h1_atr_rank_le_q30,"[[""h1_atr20_pct_rank_250"", ""le"", 0.3]]",17124,,,,2940,0.6489005459915137,0.14433076090151728,0.06039414801439406,-1052.0086999999974,-4139.008699999997,-6197.008699999997,0.22891156462585033,-0.7910000000000763,-4296.1674500000045,0,4,STAGE31C_REJECT_NO_ROBUST_EDGE,-617.0243582989272
default_grid,ALL,ALL,spx_ret_1,spx_ret_1_ge_q70,ge,0.7,london_q60_prior_q25,"[[""london_range"", ""ge"", 0.6], [""prior_day_range"", ""ge"", 0.25]]",17124,,,,2416,0.7245390692888307,0.4132222208088393,0.2788309114945731,-1536.1338849999997,-4072.933885,-5764.133884999999,0.4329470198675497,-1.4,-4550.496146249997,0,4,STAGE31C_REJECT_NO_ROBUST_EDGE,-619.5706499584331
default_grid,ALL,ALL,us10y_value,us10y_value_ge_q70,ge,0.7,h1_atr_rank_le_q30,"[[""h1_atr20_pct_rank_250"", ""le"", 0.3]]",17124,,,,2936,0.6775077873237014,0.1858049816562805,0.08240911172222325,-1067.8124549999875,-4150.612454999988,-6205.8124549999875,0.2840599455040872,-0.7696999999999661,-4353.0373927499895,0,4,STAGE31C_REJECT_NO_ROBUST_EDGE,-620.5254288740466
default_grid,ALL,ALL,real_yield_chg_1,real_yield_chg_1_ge_q70,ge,0.7,london_q40_prior_q30,"[[""london_range"", ""ge"", 0.4], [""prior_day_range"", ""ge"", 0.3]]",17124,,,,2345,0.6794055905291141,0.3702301997367573,0.24535546077725645,-1636.4827150000133,-4098.732715000013,-5740.232715000013,0.3795309168443497,-1.998974999999882,-4507.44945200001,0,4,STAGE31C_REJECT_NO_ROBUST_EDGE,-620.5620202595252
default_grid,ALL,ALL,spx_age_hours,spx_age_hours_ge_q70,ge,0.7,h1_atr_rank_le_q30,"[[""h1_atr20_pct_rank_250"", ""le"", 0.3]]",17124,,,,2722,0.647212937109171,0.21259327237746037,0.10361057804276229,-1294.22810999998,-4152.32810999998,-6057.72810999998,0.3104335047759001,-0.8095999999999548,-4367.880995499987,0,4,STAGE31C_REJECT_NO_ROBUST_EDGE,-621.0864857390518
default_grid,ALL,ALL,us10y_age_hours,us10y_age_hours_ge_q70,ge,0.7,h1_atr_rank_le_q30,"[[""h1_atr20_pct_rank_250"", ""le"", 0.3]]",17124,,,,2727,0.64673024093588,0.21284676630023,0.103838295214092,-1300.7848599999807,-4164.134859999981,-6073.03485999998,0.3105977264393106,-0.8122999999999592,-4372.18331174998,0,4,STAGE31C_REJECT_NO_ROBUST_EDGE,-622.4788307436385
default_grid,ALL,ALL,vix_value,vix_value_le_q30,le,0.3,london_q60_prior_q25,"[[""london_range"", ""ge"", 0.6], [""prior_day_range"", ""ge"", 0.25]]",17124,,,,2943,0.6745613911279839,0.1687822956248088,0.05858137121471154,-1080.8302650000292,-4170.980265000029,-6231.080265000029,0.35541963982330954,-1.4,-4366.149892000031,0,4,STAGE31C_REJECT_NO_ROBUST_EDGE,-623.4833726588976
default_grid,ALL,ALL,real_yield_age_hours,real_yield_age_hours_ge_q70,ge,0.7,h1_atr_rank_le_q30,"[[""h1_atr20_pct_rank_250"", ""le"", 0.3]]",17124,,,,2727,0.64673024093588,0.21284676630023,0.103838295214092,-1300.7848599999807,-4164.134859999981,-6073.03485999998,0.3105977264393106,-0.8122999999999592,-4402.4056322499755,0,4,STAGE31C_REJECT_NO_ROBUST_EDGE,-623.9899467686382
default_grid,ALL,ALL,oil_age_hours,oil_age_hours_ge_q70,ge,0.7,h1_atr_rank_le_q30,"[[""h1_atr20_pct_rank_250"", ""le"", 0.3]]",17124,,,,2731,0.647191355875245,0.21359033521883017,0.10440220386070234,-1302.9797599999797,-4170.529759999979,-6082.22975999998,0.3108751373123398,-0.8122999999999592,-4411.9991322499745,0,4,STAGE31C_REJECT_NO_ROBUST_EDGE,-625.0994204448656
default_grid,ALL,ALL,us10y_ret_5,us10y_ret_5_le_q30,le,0.3,london_q40_prior_q30,"[[""london_range"", ""ge"", 0.4], [""prior_day_range"", ""ge"", 0.3]]",17124,,,,2673,0.695041104554871,0.3080573907392804,0.17902125357437088,-1355.6211449999864,-4162.271144999986,-6033.371144999986,0.3606434717545829,-1.4,-4455.872049749974,0,4,STAGE31C_REJECT_NO_ROBUST_EDGE,-625.2240580658071
default_grid,ALL,ALL,dxy_age_hours,dxy_age_hours_ge_q70,ge,0.7,h1_atr_rank_le_q30,"[[""h1_atr20_pct_rank_250"", ""le"", 0.3]]",17124,,,,2731,0.647191355875245,0.21359033521883017,0.10440220386070234,-1302.9797599999797,-4170.529759999979,-6082.22975999998,0.3108751373123398,-0.8122999999999592,-4417.245260249979,0,4,STAGE31C_REJECT_NO_ROBUST_EDGE,-625.3617268448659
default_grid,ALL,ALL,real_yield_ret_5,real_yield_ret_5_le_q30,le,0.3,london_q40_prior_q30,"[[""london_range"", ""ge"", 0.4], [""prior_day_range"", ""ge"", 0.3]]",17124,,,,2759,0.7259335265358832,0.32676556701174264,0.1916427849842319,-1250.3479699999807,-4147.2979699999805,-6078.597969999981,0.37549836897426603,-1.4,-4498.796930749979,0,4,STAGE31C_REJECT_NO_ROBUST_EDGE,-625.6354167274426
default_grid,ALL,ALL,dxy_chg_5,dxy_chg_5_le_q30,le,0.3,london_q60_prior_q25,"[[""london_range"", ""ge"", 0.6], [""prior_day_range"", ""ge"", 0.25]]",17124,,,,2432,0.6966561375358088,0.37908431410356147,0.24566546627652502,-1604.407589999969,-4158.007589999968,-5860.407589999968,0.42598684210526316,-1.4,-4514.73560499997,0,4,STAGE31C_REJECT_NO_ROBUST_EDGE,-626.7640342438536
default_grid,ALL,ALL,dxy_ret_5,dxy_ret_5_le_q30,le,0.3,london_q60_prior_q25,"[[""london_range"", ""ge"", 0.6], [""prior_day_range"", ""ge"", 0.25]]",17124,,,,2432,0.6966561375358088,0.37908431410356147,0.24566546627652502,-1604.407589999969,-4158.007589999968,-5860.407589999968,0.42598684210526316,-1.4,-4521.256836749973,0,4,STAGE31C_REJECT_NO_ROBUST_EDGE,-627.0900958313538
default_grid,ALL,ALL,vix_chg_5,vix_chg_5_ge_q80,ge,0.8,london_q40_prior_q30,"[[""london_range"", ""ge"", 0.4], [""prior_day_range"", ""ge"", 0.3]]",17124,,,,2410,0.7065127108053276,0.3937056480759545,0.2633415857589552,-1611.7499850000027,-4142.249985000002,-5829.249985000002,0.42406639004149377,-1.4,-4580.336439500011,0,4,STAGE31C_REJECT_NO_ROBUST_EDGE,-628.2513976512054
default_grid,ALL,ALL,dxy_ret_1,dxy_ret_1_ge_q70,ge,0.7,london_q40_prior_q30,"[[""london_range"", ""ge"", 0.4], [""prior_day_range"", ""ge"", 0.3]]",17124,,,,2736,0.80126073067553,0.4675625004375682,0.32857885817109983,-1224.054039999994,-4096.854039999995,-6012.054039999994,0.402046783625731,-1.4,-4704.467347250004,0,4,STAGE31C_REJECT_NO_ROBUST_EDGE,-628.9188309254397
default_grid,ALL,ALL,dxy_chg_1,dxy_chg_1_ge_q70,ge,0.7,london_q40_prior_q30,"[[""london_range"", ""ge"", 0.4], [""prior_day_range"", ""ge"", 0.3]]",17124,,,,2753,0.8010495452712215,0.46635018534082456,0.32732922194677583,-1228.4883399999949,-4119.138339999995,-6046.238339999995,0.40247003269160914,-1.4,-4687.280225999997,0,4,STAGE31C_REJECT_NO_ROBUST_EDGE,-630.305026558804
default_grid,ALL,ALL,vix_z60,vix_z60_ge_q80,ge,0.8,london_q40_prior_q30,"[[""london_range"", ""ge"", 0.4], [""prior_day_range"", ""ge"", 0.3]]",17124,,,,2447,0.73265090083669,0.4295604698753681,0.29864086308981774,-1573.6102650000057,-4142.960265000005,-5855.860265000006,0.42541888026154473,-1.4,-4638.663975499999,0,4,STAGE31C_REJECT_NO_ROBUST_EDGE,-630.7390571238875
default_grid,ALL,ALL,spx_chg_1,spx_chg_1_le_q20,le,0.2,macro_only,[],17124,,,,2541,0.7055426463181452,0.36825871750478173,0.24147803928871583,-1528.5688949999817,-4196.618894999981,-5975.318894999982,0.38055883510428967,-1.4,-4532.613545249996,0,4,STAGE31C_REJECT_NO_ROBUST_EDGE,-631.6440674302953
default_grid,ALL,ALL,real_yield_chg_1,real_yield_chg_1_le_q30,le,0.3,london_q40_prior_q30,"[[""london_range"", ""ge"", 0.4], [""prior_day_range"", ""ge"", 0.3]]",17124,,,,2911,0.7624319842318318,0.3568556211836691,0.2148513343555055,-1163.6245749999734,-4220.174574999974,-6257.874574999974,0.38749570594297494,-1.4,-4529.6199799999695,0,4,STAGE31C_REJECT_NO_ROBUST_EDGE,-634.0704949507372
default_grid,ALL,ALL,us10y_z60,us10y_z60_le_q20,le,0.2,london_q60_prior_q25,"[[""london_range"", ""ge"", 0.6], [""prior_day_range"", ""ge"", 0.25]]",17124,,,,2597,0.684297071625597,0.3184117854293931,0.18614748972357473,-1474.1204600000074,-4200.970460000008,-6018.8704600000065,0.40546784751636505,-1.4,-4561.910685000005,0,4,STAGE31C_REJECT_NO_ROBUST_EDGE,-634.2638724368128
default_grid,ALL,ALL,oil_ret_1,oil_ret_1_ge_q80,ge,0.8,macro_only,[],17124,,,,2310,0.6514358292990485,0.35559839415820343,0.24511976699513016,-1784.3433999999916,-4209.843399999992,-5826.843399999991,0.3225108225108225,-1.4,-4558.399712499996,0,4,STAGE31C_REJECT_NO_ROBUST_EDGE,-634.3678626154365
default_grid,ALL,ALL,oil_chg_5,oil_chg_5_ge_q70,ge,0.7,london_q60_prior_q25,"[[""london_range"", ""ge"", 0.6], [""prior_day_range"", ""ge"", 0.25]]",17124,,,,2487,0.7335712897995427,0.4331119488123397,0.3062785622446369,-1584.023714999998,-4195.373714999998,-5936.2737149999975,0.3976678729392843,-1.4,-4622.621467749994,0,4,STAGE31C_REJECT_NO_ROBUST_EDGE,-635.1122111503976
default_grid,ALL,ALL,oil_chg_1,oil_chg_1_le_q30,le,0.3,london_q40_prior_q30,"[[""london_range"", ""ge"", 0.4], [""prior_day_range"", ""ge"", 0.3]]",17124,,,,2539,0.7163762236840004,0.38936772241597745,0.2566349827071118,-1531.7764499999885,-4197.726449999989,-5975.0264499999885,0.4005513981882631,-1.4,-4679.541560499986,0,4,STAGE31C_REJECT_NO_ROBUST_EDGE,-638.82950587001
default_grid,ALL,ALL,vix_chg_1,vix_chg_1_le_q20,le,0.2,macro_only,[],17124,,,,2569,0.7063060855217752,0.3685281764560331,0.24021138760170588,-1505.5791950000098,-4203.02919500001,-6001.329195000009,0.3608407940833009,-1.4,-4669.399177000013,0,4,STAGE31C_REJECT_NO_ROBUST_EDGE,-639.1267510350344
default_grid,ALL,ALL,spx_ret_1,spx_ret_1_le_q30,le,0.3,london_q60_prior_q25,"[[""london_range"", ""ge"", 0.6], [""prior_day_range"", ""ge"", 0.25]]",17124,,,,2281,0.6889657375389524,0.4114725841103496,0.2887852024610664,-1830.7002749999779,-4225.750274999978,-5822.450274999977,0.4300745287154757,-1.4,-4692.599678499976,0,4,STAGE31C_REJECT_NO_ROBUST_EDGE,-641.9351447740488
default_grid,ALL,ALL,spx_ret_5,spx_ret_5_le_q30,le,0.3,london_q60_prior_q25,"[[""london_range"", ""ge"", 0.6], [""prior_day_range"", ""ge"", 0.25]]",17124,,,,2475,0.7404803750803846,0.447762372107455,0.31304657384344464,-1633.048474999988,-4231.798474999988,-5964.298474999989,0.45616161616161616,-1.4,-4698.555601500001,0,4,STAGE31C_REJECT_NO_ROBUST_EDGE,-642.3778175585505
default_grid,ALL,ALL,us10y_chg_5,us10y_chg_5_ge_q70,ge,0.7,macro_only,[],17124,,,,2720,0.6733919937249665,0.2972389480912168,0.1830795511587601,-1437.5249749999903,-4293.52497499999,-6197.524974999989,0.3,-1.4,-4632.957880249984,0,4,STAGE31C_REJECT_NO_ROBUST_EDGE,-647.2956838269511
default_grid,ALL,ALL,vix_chg_5,vix_chg_5_le_q30,le,0.3,london_q60_prior_q25,"[[""london_range"", ""ge"", 0.6], [""prior_day_range"", ""ge"", 0.25]]",17124,,,,2699,0.738314605698302,0.39798046293178935,0.2578300832959015,-1464.122309999988,-4298.072309999988,-6187.372309999988,0.42534271952575026,-1.4,-4666.1398645,0,4,STAGE31C_REJECT_NO_ROBUST_EDGE,-648.1030992624972
default_grid,ALL,ALL,vix_ret_1,vix_ret_1_ge_q80,ge,0.8,london_q40_prior_q30,"[[""london_range"", ""ge"", 0.4], [""prior_day_range"", ""ge"", 0.3]]",17124,,,,2276,0.6333738311712898,0.3393980411697065,0.22343619331502107,-1900.3309149999886,-4290.130914999989,-5883.33091499999,0.4028998242530756,-1.4,-4678.059750249982,0,4,STAGE31C_REJECT_NO_ROBUST_EDGE,-648.6283538275409
default_grid,ALL,ALL,oil_ret_1,oil_ret_1_le_q30,le,0.3,london_q40_prior_q30,"[[""london_range"", ""ge"", 0.4], [""prior_day_range"", ""ge"", 0.3]]",17124,,,,2559,0.713009681775165,0.38629358538085556,0.2528927794973463,-1566.2971499999924,-4253.247149999992,-6044.547149999992,0.4056271981242673,-1.4,-4770.944119499984,0,4,STAGE31C_REJECT_NO_ROBUST_EDGE,-648.9974140032004
default_grid,ALL,ALL,us10y_age_hours,us10y_age_hours_le_q20,le,0.2,macro_only,[],17124,,,,3025,0.7466117887415434,0.3302296511043262,0.2048434872778771,-1161.3634500000078,-4337.613450000008,-6455.113450000007,0.2770247933884298,-1.9489250000000533,-4672.045028750004,0,4,STAGE31C_REJECT_NO_ROBUST_EDGE,-653.2419259773462
default_grid,ALL,ALL,oil_rank250,oil_rank250_le_q30,le,0.3,macro_only,[],17124,,,,3147,0.8240743420872458,0.4261202982831434,0.26242467925137297,-1030.680160000015,-4335.030160000015,-6537.930160000014,0.46012074992055924,-1.4,-4703.147427250017,0,4,STAGE31C_REJECT_NO_ROBUST_EDGE,-653.3494856626654
default_grid,ALL,ALL,spx_age_hours,spx_age_hours_le_q20,le,0.2,macro_only,[],17124,,,,3032,0.7486650810197538,0.3316614833936181,0.20573229610702456,-1156.2131500000057,-4339.813150000005,-6462.213150000005,0.27869393139841686,-1.928449999999907,-4695.757391250004,0,4,STAGE31C_REJECT_NO_ROBUST_EDGE,-654.6296405441365
default_grid,ALL,ALL,real_yield_age_hours,real_yield_age_hours_le_q20,le,0.2,macro_only,[],17124,,,,3025,0.7466117887415434,0.3302296511043262,0.2048434872778771,-1161.3634500000078,-4337.613450000008,-6455.113450000007,0.2770247933884298,-1.9489250000000533,-4704.674297500009,0,4,STAGE31C_REJECT_NO_ROBUST_EDGE,-654.8733894148465
default_grid,ALL,ALL,dxy_chg_5,dxy_chg_5_ge_q70,ge,0.7,london_q40_prior_q30,"[[""london_range"", ""ge"", 0.4], [""prior_day_range"", ""ge"", 0.3]]",17124,,,,2625,0.7038965466427681,0.37050053585206666,0.24296396918905283,-1588.8654999999803,-4345.11549999998,-6182.61549999998,0.38476190476190475,-1.4,-4713.760852249992,0,4,STAGE31C_REJECT_NO_ROBUST_EDGE,-655.5227313772207
default_grid,ALL,ALL,oil_age_hours,oil_age_hours_le_q20,le,0.2,macro_only,[],17124,,,,3004,0.7379581283343527,0.3243582539740349,0.20049901383113133,-1192.919600000004,-4347.119600000004,-6449.919600000004,0.275965379494008,-1.9489250000000533,-4702.14545499999,0,4,STAGE31C_REJECT_NO_ROBUST_EDGE,-655.773654154935
default_grid,ALL,ALL,dxy_age_hours,dxy_age_hours_le_q20,le,0.2,macro_only,[],17124,,,,3006,0.7322965253106052,0.32092478968903465,0.19810619735953025,-1220.5442000000048,-4376.844200000004,-6481.044200000005,0.27478376580172986,-1.95054999999993,-4693.487075000021,0,4,STAGE31C_REJECT_NO_ROBUST_EDGE,-658.357101063673
default_grid,ALL,ALL,oil_ret_5,oil_ret_5_ge_q80,ge,0.8,macro_only,[],17124,,,,2996,0.7743534946011461,0.3936135411150455,0.26254022875554717,-1205.8663200000008,-4351.66632,-6448.866320000001,0.3107476635514019,-1.4,-4776.287409999984,0,4,STAGE31C_REJECT_NO_ROBUST_EDGE,-658.9947061738267
default_grid,ALL,ALL,real_yield_chg_5,real_yield_chg_5_le_q30,le,0.3,london_q60_prior_q25,"[[""london_range"", ""ge"", 0.6], [""prior_day_range"", ""ge"", 0.25]]",17124,,,,2833,0.70968401243826,0.33013615461265766,0.19565423199609772,-1425.873044999978,-4400.523044999977,-6383.623044999978,0.3949876456053653,-1.4,-4738.0784404999795,0,4,STAGE31C_REJECT_NO_ROBUST_EDGE,-662.8722480508857
default_grid,ALL,ALL,dxy_chg_1,dxy_chg_1_le_q30,le,0.3,london_q40_prior_q30,"[[""london_range"", ""ge"", 0.4], [""prior_day_range"", ""ge"", 0.3]]",17124,,,,2465,0.647840526485501,0.3354743946580906,0.21291183636806238,-1826.6440350000018,-4414.894035000003,-6140.394035000001,0.39026369168357,-1.4,-4771.996103999994,0,4,STAGE31C_REJECT_NO_ROBUST_EDGE,-665.8828174079468
default_grid,ALL,ALL,dxy_ret_1,dxy_ret_1_le_q30,le,0.3,london_q40_prior_q30,"[[""london_range"", ""ge"", 0.4], [""prior_day_range"", ""ge"", 0.3]]",17124,,,,2465,0.647840526485501,0.3354743946580906,0.21291183636806238,-1826.6440350000018,-4414.894035000003,-6140.394035000001,0.39026369168357,-1.4,-4779.291467499999,0,4,STAGE31C_REJECT_NO_ROBUST_EDGE,-666.2475855829471
default_grid,ALL,ALL,dxy_age_hours,dxy_age_hours_ge_q80,ge,0.8,london_q60_prior_q25,"[[""london_range"", ""ge"", 0.6], [""prior_day_range"", ""ge"", 0.25]]",17124,,,,2470,0.7320007397254097,0.46148438229724403,0.3358966857329612,-1779.067034999985,-4372.5670349999855,-6101.5670349999855,0.4145748987854251,-1.4,-4986.567439999982,0,4,STAGE31C_REJECT_NO_ROBUST_EDGE,-670.6266449340933
default_grid,ALL,ALL,dxy_ret_5,dxy_ret_5_ge_q70,ge,0.7,london_q40_prior_q30,"[[""london_range"", ""ge"", 0.4], [""prior_day_range"", ""ge"", 0.3]]",17124,,,,2675,0.7009854661983479,0.36822179051444165,0.24147126697851312,-1633.0294499999814,-4441.779449999982,-6314.279449999981,0.3805607476635514,-1.4,-4834.134694999983,0,4,STAGE31C_REJECT_NO_ROBUST_EDGE,-671.2365767769388
default_grid,ALL,ALL,spx_ret_1,spx_ret_1_le_q30,le,0.3,london_q40_prior_q30,"[[""london_range"", ""ge"", 0.4], [""prior_day_range"", ""ge"", 0.3]]",17124,,,,2447,0.684681463383525,0.39431782364806234,0.2724889726618054,-1874.8151499999713,-4444.165149999972,-6157.065149999971,0.4123416428279526,-1.4,-4875.262573999988,0,4,STAGE31C_REJECT_NO_ROBUST_EDGE,-673.1465095728687
default_grid,ALL,ALL,us10y_age_hours,us10y_age_hours_ge_q80,ge,0.8,london_q60_prior_q25,"[[""london_range"", ""ge"", 0.6], [""prior_day_range"", ""ge"", 0.25]]",17124,,,,2442,0.7211832003559604,0.45350378590093476,0.329484806886825,-1833.5334099999839,-4397.633409999984,-6107.033409999984,0.411957411957412,-1.4,-4997.517369249986,0,4,STAGE31C_REJECT_NO_ROBUST_EDGE,-673.786232375941
default_grid,ALL,ALL,real_yield_age_hours,real_yield_age_hours_ge_q80,ge,0.8,london_q60_prior_q25,"[[""london_range"", ""ge"", 0.6], [""prior_day_range"", ""ge"", 0.25]]",17124,,,,2442,0.7211832003559604,0.45350378590093476,0.329484806886825,-1833.5334099999839,-4397.633409999984,-6107.033409999984,0.411957411957412,-1.4,-5017.247216999976,0,4,STAGE31C_REJECT_NO_ROBUST_EDGE,-674.7727247634406
default_grid,ALL,ALL,oil_rank250,oil_rank250_ge_q80,ge,0.8,london_q60_prior_q25,"[[""london_range"", ""ge"", 0.6], [""prior_day_range"", ""ge"", 0.25]]",17124,,,,2881,0.8009150850867044,0.4912604189891745,0.3577523946821479,-1407.1296999999818,-4432.1796999999815,-6448.879699999981,0.41096841374522736,-1.4,-4961.26692374998,0,4,STAGE31C_REJECT_NO_ROBUST_EDGE,-674.9377024188768
default_grid,ALL,ALL,real_yield_z60,real_yield_z60_le_q20,le,0.2,london_q60_prior_q25,"[[""london_range"", ""ge"", 0.6], [""prior_day_range"", ""ge"", 0.25]]",17124,,,,2826,0.6812097904626687,0.29435616601744274,0.1644834670776899,-1507.7090749999963,-4475.009074999995,-6453.209074999996,0.3924274593064402,-1.4,-4826.984057749989,0,4,STAGE31C_REJECT_NO_ROBUST_EDGE,-675.2486148590137
default_grid,ALL,ALL,vix_age_hours,vix_age_hours_le_q20,le,0.2,macro_only,[],17124,,,,3100,0.7410375612117925,0.3266071552432561,0.20218292311042613,-1215.2099500000045,-4470.209950000004,-6640.209950000004,0.27548387096774196,-1.9602999999999833,-4889.380752500013,0,4,STAGE31C_REJECT_NO_ROBUST_EDGE,-677.4152293801268
default_grid,ALL,ALL,vix_ret_5,vix_ret_5_ge_q80,ge,0.8,london_q60_prior_q25,"[[""london_range"", ""ge"", 0.6], [""prior_day_range"", ""ge"", 0.25]]",17124,,,,2572,0.69366050629807,0.38354521208828324,0.25370850960156943,-1780.1872700000054,-4480.787270000005,-6281.187270000006,0.4249611197511664,-1.4,-4884.207587250013,0,4,STAGE31C_REJECT_NO_ROBUST_EDGE,-677.4388202032121
default_grid,ALL,ALL,oil_chg_1,oil_chg_1_ge_q70,ge,0.7,london_q60_prior_q25,"[[""london_range"", ""ge"", 0.6], [""prior_day_range"", ""ge"", 0.25]]",17124,,,,2168,0.626602376832786,0.37646584151065793,0.2664580265254545,-2192.6533500000023,-4469.053350000002,-5986.653350000002,0.38699261992619927,-2.709099999999944,-4915.342774749999,0,4,STAGE31C_REJECT_NO_ROBUST_EDGE,-677.8419832162917
default_grid,ALL,ALL,us10y_ret_1,us10y_ret_1_ge_q70,ge,0.7,macro_only,[],17124,,,,2761,0.6400670110248352,0.272204311403492,0.159986470635046,-1606.5946849999855,-4505.644684999985,-6438.3446849999855,0.29264759145237235,-1.4,-4817.243174499976,0,4,STAGE31C_REJECT_NO_ROBUST_EDGE,-678.0646382284222
default_grid,ALL,ALL,oil_ret_5,oil_ret_5_le_q30,le,0.3,macro_only,[],17124,,,,3383,0.8251670919253259,0.3860336827511661,0.2323365482561727,-947.7014949999786,-4499.851494999978,-6867.951494999978,0.3863434821164647,-1.4,-4880.464255999977,0,4,STAGE31C_REJECT_NO_ROBUST_EDGE,-679.2186792794603
default_grid,ALL,ALL,spx_z60,spx_z60_le_q30,le,0.3,macro_only,[],17124,,,,2752,0.7458608298255384,0.4285240639412274,0.29776244539296143,-1587.7706499999997,-4477.370649999999,-6403.7706499999995,0.3898982558139535,-1.4,-4967.736029250002,0,4,STAGE31C_REJECT_NO_ROBUST_EDGE,-680.6475760415159
default_grid,ALL,ALL,us10y_chg_1,us10y_chg_1_ge_q70,ge,0.7,london_q40_prior_q30,"[[""london_range"", ""ge"", 0.4], [""prior_day_range"", ""ge"", 0.3]]",17124,,,,2556,0.6632589182961234,0.3446395269783172,0.21990342577105562,-1808.4515799999874,-4492.251579999987,-6281.451579999987,0.3963223787167449,-1.4,-4937.478535999984,0,4,STAGE31C_REJECT_NO_ROBUST_EDGE,-681.7730758271305
default_grid,ALL,ALL,us10y_chg_5,us10y_chg_5_le_q30,le,0.3,london_q40_prior_q30,"[[""london_range"", ""ge"", 0.4], [""prior_day_range"", ""ge"", 0.3]]",17124,,,,2932,0.6993526700592484,0.3105442309107711,0.18006431673072076,-1462.540969999983,-4541.140969999982,-6593.540969999982,0.3632332878581173,-1.4,-4836.2256019999695,0,4,STAGE31C_REJECT_NO_ROBUST_EDGE,-682.0996775239661
default_grid,ALL,ALL,vix_chg_5,vix_chg_5_le_q30,le,0.3,london_q40_prior_q30,"[[""london_range"", ""ge"", 0.4], [""prior_day_range"", ""ge"", 0.3]]",17124,,,,2877,0.733525767378878,0.38511727605823953,0.2466019406638066,-1532.2119349999862,-4553.061934999986,-6566.961934999987,0.41258255126868265,-1.4,-4892.107786499999,0,4,STAGE31C_REJECT_NO_ROBUST_EDGE,-685.0740023017609
default_grid,ALL,ALL,dxy_z60,dxy_z60_le_q20,le,0.2,london_q60_prior_q25,"[[""london_range"", ""ge"", 0.6], [""prior_day_range"", ""ge"", 0.25]]",17124,,,,2387,0.6585329398855183,0.37739629259012913,0.2538737470425385,-2031.3750600000021,-4537.7250600000025,-6208.625060000002,0.44574780058651026,-1.4,-5043.125970500001,0,4,STAGE31C_REJECT_NO_ROBUST_EDGE,-691.1393466109289
default_grid,ALL,ALL,dxy_ret_5,dxy_ret_5_le_q30,le,0.3,london_q40_prior_q30,"[[""london_range"", ""ge"", 0.4], [""prior_day_range"", ""ge"", 0.3]]",17124,,,,2702,0.6816187454006037,0.3559629840435706,0.22721018713088637,-1763.3959999999713,-4600.495999999972,-6491.8959999999715,0.38971132494448557,-1.4,-4941.997482749974,0,4,STAGE31C_REJECT_NO_ROBUST_EDGE,-692.6810035485366
default_grid,ALL,ALL,vix_ret_1,vix_ret_1_le_q30,le,0.3,london_q60_prior_q25,"[[""london_range"", ""ge"", 0.6], [""prior_day_range"", ""ge"", 0.25]]",17124,,,,2830,0.7386680750341711,0.40947033752417056,0.2697903626942543,-1610.6067899999928,-4582.1067899999925,-6563.1067899999925,0.43780918727915197,-1.4,-4994.44025875,0,4,STAGE31C_REJECT_NO_ROBUST_EDGE,-692.7588271114805
default_grid,ALL,ALL,spx_ret_1,spx_ret_1_ge_q70,ge,0.7,london_q40_prior_q30,"[[""london_range"", ""ge"", 0.4], [""prior_day_range"", ""ge"", 0.3]]",17124,,,,2723,0.7101207472635801,0.3874816372337118,0.2567049934773279,-1702.7759950000038,-4561.925995000003,-6468.025995000004,0.39735585751009916,-1.4,-5047.63422399999,0,4,STAGE31C_REJECT_NO_ROBUST_EDGE,-693.6726743537533
default_grid,ALL,ALL,vix_chg_1,vix_chg_1_le_q30,le,0.3,london_q60_prior_q25,"[[""london_range"", ""ge"", 0.6], [""prior_day_range"", ""ge"", 0.25]]",17124,,,,2753,0.7465235437603753,0.43968611463101376,0.30261211369598506,-1665.3105149999867,-4555.960514999986,-6483.0605149999865,0.44169996367598985,-1.4,-5077.964962000001,0,4,STAGE31C_REJECT_NO_ROBUST_EDGE,-693.8869899989046
default_grid,ALL,ALL,spx_ret_5,spx_ret_5_le_q30,le,0.3,london_q40_prior_q30,"[[""london_range"", ""ge"", 0.4], [""prior_day_range"", ""ge"", 0.3]]",17124,,,,2686,0.7306152283915408,0.42933182133759135,0.29630610589709094,-1754.3681499999855,-4574.668149999985,-6454.868149999986,0.4400595681310499,-1.4,-5056.328270249989,0,4,STAGE31C_REJECT_NO_ROBUST_EDGE,-694.8046858755337
default_grid,ALL,ALL,dxy_chg_5,dxy_chg_5_le_q30,le,0.3,london_q40_prior_q30,"[[""london_range"", ""ge"", 0.4], [""prior_day_range"", ""ge"", 0.3]]",17124,,,,2702,0.6816187454006037,0.3559629840435706,0.22721018713088637,-1763.3959999999713,-4600.495999999972,-6491.8959999999715,0.38971132494448557,-1.4,-5007.152092499948,0,4,STAGE31C_REJECT_NO_ROBUST_EDGE,-695.9387340360354
default_grid,ALL,ALL,vix_ret_5,vix_ret_5_le_q30,le,0.3,london_q60_prior_q25,"[[""london_range"", ""ge"", 0.6], [""prior_day_range"", ""ge"", 0.25]]",17124,,,,2925,0.7302450688036828,0.38076282656486166,0.24134289802168296,-1565.4613199999892,-4636.711319999989,-6684.211319999989,0.4181196581196581,-1.4,-4998.352667499985,0,4,STAGE31C_REJECT_NO_ROBUST_EDGE,-698.8157655172629
default_grid,ALL,ALL,us10y_chg_1,us10y_chg_1_le_q30,le,0.3,london_q40_prior_q30,"[[""london_range"", ""ge"", 0.4], [""prior_day_range"", ""ge"", 0.3]]",17124,,,,3074,0.7267902994496235,0.33436127198136395,0.1984828872754716,-1432.655729999983,-4660.355729999983,-6812.155729999983,0.38516590761223163,-1.4,-5041.314660999994,0,4,STAGE31C_REJECT_NO_ROBUST_EDGE,-703.9637617810824
default_grid,ALL,ALL,spx_chg_5,spx_chg_5_le_q30,le,0.3,london_q60_prior_q25,"[[""london_range"", ""ge"", 0.6], [""prior_day_range"", ""ge"", 0.25]]",17124,,,,2696,0.7309966314561771,0.43539241191634087,0.3014522373534702,-1808.258484999996,-4639.058484999996,-6526.258484999996,0.45623145400593473,-1.4,-5130.52646625,0,4,STAGE31C_REJECT_NO_ROBUST_EDGE,-704.8724387439223
default_grid,ALL,ALL,spx_chg_1,spx_chg_1_le_q30,le,0.3,london_q60_prior_q25,"[[""london_range"", ""ge"", 0.6], [""prior_day_range"", ""ge"", 0.25]]",17124,,,,2579,0.6955358565300573,0.4078983121508231,0.28301108769464495,-1952.18739999998,-4660.13739999998,-6465.43739999998,0.43039937960449787,-1.4,-5113.013758499971,0,4,STAGE31C_REJECT_NO_ROBUST_EDGE,-706.4534004527097
default_grid,ALL,ALL,dxy_z60,dxy_z60_ge_q70,ge,0.7,macro_only,[],17124,,,,2950,0.6729185174746258,0.30190066152984624,0.18533848292830205,-1625.5995800000182,-4723.099580000018,-6788.099580000018,0.3447457627118644,-1.4,-5064.118703250014,0,4,STAGE31C_REJECT_NO_ROBUST_EDGE,-711.7555326154909
default_grid,ALL,ALL,vix_ret_5,vix_ret_5_le_q20,le,0.2,macro_only,[],17124,,,,3205,0.7250548442359297,0.31562231124963663,0.18636319964559692,-1370.4417249999847,-4735.691724999984,-6979.191724999985,0.3313572542901716,-1.4,-5052.399523249979,0,4,STAGE31C_REJECT_NO_ROBUST_EDGE,-712.2874727514186
default_grid,ALL,ALL,oil_ret_5,oil_ret_5_ge_q70,ge,0.7,london_q60_prior_q25,"[[""london_range"", ""ge"", 0.6], [""prior_day_range"", ""ge"", 0.25]]",17124,,,,2755,0.7167296391398145,0.4148747168818844,0.2885437736699212,-1819.5799749999946,-4712.329974999995,-6640.829974999995,0.39491833030852996,-1.4,-5128.830407249991,0,4,STAGE31C_REJECT_NO_ROBUST_EDGE,-712.3715955990006
default_grid,ALL,ALL,oil_chg_5,oil_chg_5_ge_q70,ge,0.7,london_q40_prior_q30,"[[""london_range"", ""ge"", 0.4], [""prior_day_range"", ""ge"", 0.3]]",17124,,,,2837,0.7194036773347503,0.40148598830256294,0.2771551852484702,-1742.632209999994,-4721.482209999993,-6707.382209999994,0.36940430031723653,-1.4,-5184.400782749994,0,4,STAGE31C_REJECT_NO_ROBUST_EDGE,-716.2447795134794
default_grid,ALL,ALL,dxy_age_hours,dxy_age_hours_ge_q80,ge,0.8,london_q40_prior_q30,"[[""london_range"", ""ge"", 0.4], [""prior_day_range"", ""ge"", 0.3]]",17124,,,,2698,0.7237023507018685,0.44172326838220677,0.3165224135122562,-1870.3641099999877,-4703.264109999987,-6591.864109999988,0.3899184581171238,-1.4,-5239.361389749981,0,4,STAGE31C_REJECT_NO_ROBUST_EDGE,-716.6111581496267
default_grid,ALL,ALL,us10y_age_hours,us10y_age_hours_ge_q80,ge,0.8,london_q40_prior_q30,"[[""london_range"", ""ge"", 0.4], [""prior_day_range"", ""ge"", 0.3]]",17124,,,,2670,0.7130192142662265,0.4338620331364432,0.31025538275775705,-1924.8304849999865,-4728.330484999987,-6597.330484999986,0.3872659176029963,-1.4,-5256.323375999977,0,4,STAGE31C_REJECT_NO_ROBUST_EDGE,-720.069575437602
default_grid,ALL,ALL,real_yield_age_hours,real_yield_age_hours_ge_q80,ge,0.8,london_q40_prior_q30,"[[""london_range"", ""ge"", 0.4], [""prior_day_range"", ""ge"", 0.3]]",17124,,,,2670,0.7130192142662265,0.4338620331364432,0.31025538275775705,-1924.8304849999865,-4728.330484999987,-6597.330484999986,0.3872659176029963,-1.4,-5260.202291249992,0,4,STAGE31C_REJECT_NO_ROBUST_EDGE,-720.2635212001028
default_grid,ALL,ALL,oil_chg_1,oil_chg_1_ge_q70,ge,0.7,london_q40_prior_q30,"[[""london_range"", ""ge"", 0.4], [""prior_day_range"", ""ge"", 0.3]]",17124,,,,2355,0.6157845122992645,0.3563014078350585,0.24841019150819982,-2305.2730199999974,-4778.023019999997,-6426.523019999997,0.36348195329087046,-2.565124999999989,-5218.612206999997,0,4,STAGE31C_REJECT_NO_ROBUST_EDGE,-724.1762575056161
default_grid,ALL,ALL,real_yield_value,real_yield_value_ge_q80,ge,0.8,london_q60_prior_q25,"[[""london_range"", ""ge"", 0.6], [""prior_day_range"", ""ge"", 0.25]]",17124,,,,3436,0.7601581196440051,0.32709311195579227,0.1786804089427857,-1287.0779749999929,-4894.877974999992,-7300.077974999993,0.42258440046565776,-1.4,-5200.073124249995,0,4,STAGE31C_REJECT_NO_ROBUST_EDGE,-735.5058009571699
default_grid,ALL,ALL,dxy_z60,dxy_z60_le_q20,le,0.2,london_q40_prior_q30,"[[""london_range"", ""ge"", 0.4], [""prior_day_range"", ""ge"", 0.3]]",17124,,,,2561,0.6481950665298091,0.3627048320474861,0.2415742980476985,-2154.8142800000023,-4843.8642800000025,-6636.564280000002,0.4154627098789535,-1.4,-5338.830996500002,0,4,STAGE31C_REJECT_NO_ROBUST_EDGE,-736.7346323123347
default_grid,ALL,ALL,vix_ret_5,vix_ret_5_ge_q80,ge,0.8,london_q40_prior_q30,"[[""london_range"", ""ge"", 0.4], [""prior_day_range"", ""ge"", 0.3]]",17124,,,,2845,0.6881191002644589,0.36464915812580445,0.23724247391904907,-1886.5946400000046,-4873.844640000005,-6865.344640000005,0.4038664323374341,-1.4,-5288.57368175,0,4,STAGE31C_REJECT_NO_ROBUST_EDGE,-737.2176866105663
default_grid,ALL,ALL,spx_chg_5,spx_chg_5_ge_q70,ge,0.7,london_q60_prior_q25,"[[""london_range"", ""ge"", 0.6], [""prior_day_range"", ""ge"", 0.25]]",17124,,,,3194,0.7547479403954899,0.39284379141026615,0.24785594848372658,-1528.2537649999917,-4881.953764999991,-7117.753764999992,0.42517219787100813,-1.4,-5291.548274499991,0,4,STAGE31C_REJECT_NO_ROBUST_EDGE,-737.8529285169611
default_grid,ALL,ALL,us10y_z60,us10y_z60_le_q20,le,0.2,london_q40_prior_q30,"[[""london_range"", ""ge"", 0.4], [""prior_day_range"", ""ge"", 0.3]]",17124,,,,3048,0.66673122283722,0.28847848240970697,0.16386908204435152,-1697.3658800000067,-4897.765880000006,-7031.365880000007,0.37106299212598426,-1.4,-5276.018403250011,0,4,STAGE31C_REJECT_NO_ROBUST_EDGE,-740.0372470102268
default_grid,ALL,ALL,spx_chg_1,spx_chg_1_le_q30,le,0.3,london_q40_prior_q30,"[[""london_range"", ""ge"", 0.4], [""prior_day_range"", ""ge"", 0.3]]",17124,,,,2760,0.6917161429911712,0.3916959524275993,0.26754734686303716,-1999.3651249999743,-4897.365124999974,-6829.365124999974,0.4144927536231884,-1.4,-5325.3931802499765,0,4,STAGE31C_REJECT_NO_ROBUST_EDGE,-741.019022600768
default_grid,ALL,ALL,dxy_value,dxy_value_ge_q70,ge,0.7,macro_only,[],17124,,,,3461,0.6840015009850822,0.1993022642166769,0.07158452731223856,-1364.9039249999933,-4998.9539249999925,-7421.653924999993,0.4192429933545218,-1.4,-5256.4856282499795,0,2,STAGE31C_REJECT_NO_ROBUST_EDGE,-750.4403131610825
default_grid,ALL,ALL,vix_chg_1,vix_chg_1_le_q30,le,0.3,london_q40_prior_q30,"[[""london_range"", ""ge"", 0.4], [""prior_day_range"", ""ge"", 0.3]]",17124,,,,3017,0.7390432118102477,0.4210287074703197,0.2854734231309917,-1774.366599999988,-4942.216599999988,-7054.1165999999885,0.4156446801458402,-1.4,-5440.835778249994,0,4,STAGE31C_REJECT_NO_ROBUST_EDGE,-750.9112681452714
default_grid,ALL,ALL,vix_ret_5,vix_ret_5_le_q30,le,0.3,london_q40_prior_q30,"[[""london_range"", ""ge"", 0.4], [""prior_day_range"", ""ge"", 0.3]]",17124,,,,3153,0.7204120825746004,0.36427351781618506,0.22796003511360396,-1683.704719999988,-4994.3547199999875,-7201.454719999988,0.40120520139549637,-1.4,-5392.567959999982,0,4,STAGE31C_REJECT_NO_ROBUST_EDGE,-754.5092946813816
default_grid,ALL,ALL,oil_age_hours,oil_age_hours_le_q30,le,0.3,london_q60_prior_q25,"[[""london_range"", ""ge"", 0.6], [""prior_day_range"", ""ge"", 0.25]]",17124,,,,3504,0.8105229165065183,0.43337567082590334,0.28275717060005495,-1312.5375999999983,-4991.737599999999,-7444.537599999998,0.4289383561643836,-0.5359999999999672,-5418.546022499992,0,4,STAGE31C_REJECT_NO_ROBUST_EDGE,-754.6362757343402
default_grid,ALL,ALL,real_yield_age_hours,real_yield_age_hours_le_q30,le,0.3,london_q60_prior_q25,"[[""london_range"", ""ge"", 0.6], [""prior_day_range"", ""ge"", 0.25]]",17124,,,,3526,0.8159400835172488,0.43794763805417725,0.28651769808301364,-1285.0139250000007,-4987.313925,-7455.513925000001,0.4299489506522972,-0.5359999999999672,-5442.707135000002,0,4,STAGE31C_REJECT_NO_ROBUST_EDGE,-755.3412020771264
default_grid,ALL,ALL,us10y_age_hours,us10y_age_hours_le_q30,le,0.3,london_q60_prior_q25,"[[""london_range"", ""ge"", 0.6], [""prior_day_range"", ""ge"", 0.25]]",17124,,,,3526,0.8159400835172488,0.43794763805417725,0.28651769808301364,-1285.0139250000007,-4987.313925,-7455.513925000001,0.4299489506522972,-0.5359999999999672,-5490.342731249999,0,4,STAGE31C_REJECT_NO_ROBUST_EDGE,-757.7229818896262
default_grid,ALL,ALL,dxy_age_hours,dxy_age_hours_le_q30,le,0.3,london_q60_prior_q25,"[[""london_range"", ""ge"", 0.6], [""prior_day_range"", ""ge"", 0.25]]",17124,,,,3498,0.8064136820237192,0.43045609051906847,0.2805064734771146,-1339.4802999999993,-5012.380299999999,-7460.980299999999,0.4282447112635792,-0.5388499999999339,-5460.503560000001,0,4,STAGE31C_REJECT_NO_ROBUST_EDGE,-758.8366212009007
default_grid,ALL,ALL,spx_chg_5,spx_chg_5_le_q30,le,0.3,london_q40_prior_q30,"[[""london_range"", ""ge"", 0.4], [""prior_day_range"", ""ge"", 0.3]]",17124,,,,2907,0.7220422574160852,0.41866210470480636,0.2864144550877356,-1929.5781599999927,-4981.928159999992,-7016.828159999994,0.4413484692122463,-1.4,-5525.49831700001,0,4,STAGE31C_REJECT_NO_ROBUST_EDGE,-759.1354529826007
default_grid,ALL,ALL,real_yield_chg_5,real_yield_chg_5_le_q30,le,0.3,london_q40_prior_q30,"[[""london_range"", ""ge"", 0.4], [""prior_day_range"", ""ge"", 0.3]]",17124,,,,3309,0.7028627495344905,0.3037968389332933,0.17458927841282176,-1575.389729999977,-5049.839729999976,-7366.139729999977,0.362042913266848,-1.4,-5387.035824999986,0,4,STAGE31C_REJECT_NO_ROBUST_EDGE,-760.5994387470128
default_grid,ALL,ALL,dxy_rank250,dxy_rank250_ge_q70,ge,0.7,macro_only,[],17124,,,,3424,0.6127833381679125,0.1322131772805241,0.03270577372989431,-1493.222705000011,-5088.422705000011,-7485.222705000011,0.36507009345794394,-1.4,-5282.005378500013,0,2,STAGE31C_REJECT_NO_ROBUST_EDGE,-761.4895845572769
default_grid,ALL,ALL,vix_chg_1,vix_chg_1_ge_q80,ge,0.8,macro_only,[],17124,,,,2892,0.6570164260411219,0.33128166627818456,0.21369356444214155,-2009.0440149999818,-5045.644014999982,-7070.044014999981,0.3651452282157676,-1.4,-5454.057028499976,0,4,STAGE31C_REJECT_NO_ROBUST_EDGE,-763.0996620044466
default_grid,ALL,ALL,spx_age_hours,spx_age_hours_le_q30,le,0.3,london_q60_prior_q25,"[[""london_range"", ""ge"", 0.6], [""prior_day_range"", ""ge"", 0.25]]",17124,,,,3546,0.8140038644536304,0.4373871459814878,0.2862797990203189,-1309.9131750000006,-5033.213175000001,-7515.4131750000015,0.43006204173716867,-0.5359999999999672,-5520.932984999999,0,4,STAGE31C_REJECT_NO_ROBUST_EDGE,-763.8489760941038
default_grid,ALL,ALL,us10y_ret_1,us10y_ret_1_le_q30,le,0.3,macro_only,[],17124,,,,3499,0.7213310175024341,0.28873882680327223,0.16326674451610362,-1413.0287099999928,-5086.978709999992,-7536.278709999992,0.3126607602172049,-1.4,-5435.934122749997,0,4,STAGE31C_REJECT_NO_ROBUST_EDGE,-766.954121891402
default_grid,ALL,ALL,spx_z60,spx_z60_ge_q70,ge,0.7,london_q60_prior_q25,"[[""london_range"", ""ge"", 0.6], [""prior_day_range"", ""ge"", 0.25]]",17124,,,,3269,0.6917672386631547,0.3049931659435773,0.17399581643585435,-1671.2570900000078,-5103.707090000007,-7392.007090000008,0.378709085347201,-1.4,-5410.4674232500065,0,4,STAGE31C_REJECT_NO_ROBUST_EDGE,-767.1481652373218
default_grid,ALL,ALL,real_yield_z60,real_yield_z60_ge_q70,ge,0.7,macro_only,[],17124,,,,3222,0.7044125883119617,0.34339100631634883,0.2214191259705888,-1705.267125000003,-5088.3671250000025,-7343.767125000004,0.3122284295468653,-1.4,-5564.751138499995,0,4,STAGE31C_REJECT_NO_ROBUST_EDGE,-772.7546828579541
default_grid,ALL,ALL,us10y_z60,us10y_z60_le_q30,le,0.3,london_q60_prior_q25,"[[""london_range"", ""ge"", 0.6], [""prior_day_range"", ""ge"", 0.25]]",17124,,,,3338,0.7169308598490076,0.3226138947276345,0.18386494401877385,-1612.5517900000082,-5117.451790000007,-7454.051790000009,0.4122228879568604,-1.4,-5504.284331000009,0,4,STAGE31C_REJECT_NO_ROBUST_EDGE,-772.9977968266498
default_grid,ALL,ALL,vix_chg_5,vix_chg_5_ge_q80,ge,0.8,macro_only,[],17124,,,,3096,0.6942339622138055,0.3515219248610715,0.2247954319493199,-1863.6899599999983,-5114.489959999998,-7281.689959999998,0.37435400516795864,-1.4,-5551.364489500003,0,4,STAGE31C_REJECT_NO_ROBUST_EDGE,-774.602819498592
default_grid,ALL,ALL,vix_age_hours,vix_age_hours_le_q30,le,0.3,london_q60_prior_q25,"[[""london_range"", ""ge"", 0.6], [""prior_day_range"", ""ge"", 0.25]]",17124,,,,3598,0.8091695712552396,0.43378384999072445,0.2833582228194662,-1362.9650749999962,-5140.865074999996,-7659.465074999996,0.42940522512506946,-0.5464999999999463,-5625.013576249999,0,4,STAGE31C_REJECT_NO_ROBUST_EDGE,-779.8659149213145
default_grid,ALL,ALL,vix_ret_1,vix_ret_1_le_q30,le,0.3,london_q40_prior_q30,"[[""london_range"", ""ge"", 0.4], [""prior_day_range"", ""ge"", 0.3]]",17124,,,,3202,0.7252009425002042,0.3834633208364958,0.24763084265998148,-1783.7647599999927,-5145.864759999993,-7387.264759999993,0.400999375390381,-1.4,-5616.372381999993,0,4,STAGE31C_REJECT_NO_ROBUST_EDGE,-780.579938520994
default_grid,ALL,ALL,oil_ret_1,oil_ret_1_ge_q70,ge,0.7,london_q60_prior_q25,"[[""london_range"", ""ge"", 0.6], [""prior_day_range"", ""ge"", 0.25]]",17124,,,,2518,0.6145040291446732,0.3588207099047095,0.24967139786534034,-2524.7895449999996,-5168.689544999999,-6931.289545,0.3784749801429706,-2.709099999999944,-5583.717798499993,0,4,STAGE31C_REJECT_NO_ROBUST_EDGE,-781.4679517344912
default_grid,ALL,ALL,spx_chg_1,spx_chg_1_ge_q70,ge,0.7,london_q60_prior_q25,"[[""london_range"", ""ge"", 0.6], [""prior_day_range"", ""ge"", 0.25]]",17124,,,,2998,0.7044816308460708,0.3931232626212087,0.2613966450041888,-1995.2032050000048,-5143.103205000005,-7241.703205000004,0.4216144096064043,-1.4,-5684.922722000002,0,4,STAGE31C_REJECT_NO_ROBUST_EDGE,-783.5796373937717
default_grid,ALL,ALL,vix_ret_1,vix_ret_1_le_q20,le,0.2,macro_only,[],17124,,,,3136,0.6504598021993003,0.30294593168187456,0.18696301707086949,-1933.0128550000081,-5225.812855000008,-7421.012855000008,0.3051658163265306,-1.4,-5627.642074000012,0,4,STAGE31C_REJECT_NO_ROBUST_EDGE,-790.1860778148991
default_grid,ALL,ALL,spx_chg_5,spx_chg_5_ge_q70,ge,0.7,london_q40_prior_q30,"[[""london_range"", ""ge"", 0.4], [""prior_day_range"", ""ge"", 0.3]]",17124,,,,3439,0.7440380467446261,0.37525468955909613,0.23417276516168767,-1648.4369899999933,-5259.386989999993,-7666.686989999993,0.40040709508578076,-1.4,-5623.522290250013,0,4,STAGE31C_REJECT_NO_ROBUST_EDGE,-792.4255755562622
default_grid,ALL,ALL,real_yield_z60,real_yield_z60_le_q20,le,0.2,london_q40_prior_q30,"[[""london_range"", ""ge"", 0.4], [""prior_day_range"", ""ge"", 0.3]]",17124,,,,3351,0.6618482659417195,0.2653280386612788,0.14322864680379924,-1774.9707049999956,-5293.520704999994,-7639.220704999996,0.35989256938227393,-1.4,-5640.515816999993,0,4,STAGE31C_REJECT_NO_ROBUST_EDGE,-798.1516663761711
default_grid,ALL,ALL,oil_z60,oil_z60_ge_q80,ge,0.8,london_q60_prior_q25,"[[""london_range"", ""ge"", 0.6], [""prior_day_range"", ""ge"", 0.25]]",17124,,,,2570,0.6740996931356991,0.4371172250760613,0.3302407168912735,-2543.730599999974,-5242.2305999999735,-7041.230599999974,0.4027237354085603,-1.4,-5893.965010999949,0,4,STAGE31C_REJECT_NO_ROBUST_EDGE,-803.2291754316691
default_grid,ALL,ALL,dxy_ret_1,dxy_ret_1_ge_q70,ge,0.7,macro_only,[],17124,,,,3596,0.7831579936738617,0.4154545195563787,0.2793781051706938,-1504.2565349999966,-5280.056534999996,-7797.256534999997,0.3548387096774194,-1.4,-5862.788262249992,0,4,STAGE31C_REJECT_NO_ROBUST_EDGE,-805.8730089962527
default_grid,ALL,ALL,dxy_chg_1,dxy_chg_1_ge_q70,ge,0.7,macro_only,[],17124,,,,3636,0.7824679814062695,0.41326329133674655,0.27726941227443064,-1516.546284999996,-5334.346284999996,-7879.546284999997,0.3542354235423542,-1.4,-5829.708252999992,0,4,STAGE31C_REJECT_NO_ROBUST_EDGE,-809.678330587534
default_grid,ALL,ALL,vix_z60,vix_z60_ge_q80,ge,0.8,macro_only,[],17124,,,,3239,0.7033097782630694,0.3734103665136511,0.24912933730710654,-1949.3270350000053,-5350.277035000005,-7617.577035000005,0.34702068539672737,-1.4,-5792.935537499996,0,4,STAGE31C_REJECT_NO_ROBUST_EDGE,-809.9438593606353
default_grid,ALL,ALL,us10y_value,us10y_value_ge_q80,ge,0.8,london_q60_prior_q25,"[[""london_range"", ""ge"", 0.6], [""prior_day_range"", ""ge"", 0.25]]",17124,,,,3724,0.7582847000300267,0.3415396834617029,0.19380889595566558,-1470.0231949999752,-5380.223194999975,-7987.023194999976,0.4202470461868958,-1.4,-5758.993747499964,0,4,STAGE31C_REJECT_NO_ROBUST_EDGE,-811.781374456556
default_grid,ALL,ALL,oil_ret_5,oil_ret_5_ge_q70,ge,0.7,london_q40_prior_q30,"[[""london_range"", ""ge"", 0.4], [""prior_day_range"", ""ge"", 0.3]]",17124,,,,3163,0.6981611959899527,0.38129371210908464,0.25863154890286094,-2044.3633199999897,-5365.513319999989,-7579.6133199999895,0.36579196964906735,-1.4,-5833.898710999979,0,4,STAGE31C_REJECT_NO_ROBUST_EDGE,-813.3988042332956
default_grid,ALL,ALL,dxy_value,dxy_value_le_q20,le,0.2,london_q60_prior_q25,"[[""london_range"", ""ge"", 0.6], [""prior_day_range"", ""ge"", 0.25]]",17124,,,,2902,0.7248919077969742,0.468164322910715,0.34836218146337244,-2322.9110849999815,-5370.011084999982,-7401.4110849999815,0.4228118538938663,-1.4,-6026.090748249982,0,3,STAGE31C_REJECT_NO_ROBUST_EDGE,-822.2305539575367
default_grid,ALL,ALL,spx_ret_5,spx_ret_5_ge_q70,ge,0.7,macro_only,[],17124,,,,3675,0.7214672069799251,0.31436117992299595,0.18588517247697017,-1606.653339999992,-5465.403339999992,-8037.903339999993,0.32299319727891157,-1.4,-5845.444494749977,0,4,STAGE31C_REJECT_NO_ROBUST_EDGE,-824.9254062483601
default_grid,ALL,ALL,spx_ret_5,spx_ret_5_le_q30,le,0.3,macro_only,[],17124,,,,3306,0.7223556545117336,0.39553023482171723,0.26319706536131304,-1971.4688749999827,-5442.768874999982,-7756.968874999982,0.3989715668481549,-1.4,-5930.5444224999765,0,4,STAGE31C_REJECT_NO_ROBUST_EDGE,-825.7960180153345
default_grid,ALL,ALL,real_yield_ret_5,real_yield_ret_5_le_q30,le,0.3,macro_only,[],17124,,,,3789,0.7138087082932559,0.2766391599570591,0.1532213026213795,-1535.489129999983,-5513.939129999982,-8166.239129999983,0.3140670361572974,-1.4,-5823.9082947499755,0,4,STAGE31C_REJECT_NO_ROBUST_EDGE,-829.2100509274408
default_grid,ALL,ALL,spx_ret_1,spx_ret_1_le_q30,le,0.3,macro_only,[],17124,,,,3215,0.6867757366917993,0.3612853167545301,0.23994943552025955,-2088.7582199999692,-5464.508219999969,-7715.008219999969,0.35956454121306375,-1.4,-5974.464625249962,0,4,STAGE31C_REJECT_NO_ROBUST_EDGE,-830.6014023528687
default_grid,ALL,ALL,oil_rank250,oil_rank250_ge_q80,ge,0.8,london_q40_prior_q30,"[[""london_range"", ""ge"", 0.4], [""prior_day_range"", ""ge"", 0.3]]",17124,,,,3531,0.7723893498943856,0.44072360850080533,0.31212790238405963,-1740.3667349999814,-5447.916734999981,-7919.616734999981,0.35202492211838005,-1.4,-6048.611284000002,0,4,STAGE31C_REJECT_NO_ROBUST_EDGE,-831.5664900054539
default_grid,ALL,ALL,oil_chg_1,oil_chg_1_le_q30,le,0.3,macro_only,[],17124,,,,3532,0.7123577547309814,0.340206710721813,0.21142721493255331,-1792.2661799999942,-5500.866179999994,-7973.266179999995,0.3389014722536806,-1.4,-5995.01270125,0,4,STAGE31C_REJECT_NO_ROBUST_EDGE,-835.589477095551
default_grid,ALL,ALL,dxy_chg_1,dxy_chg_1_le_q30,le,0.3,macro_only,[],17124,,,,3326,0.6533819465061855,0.3010010760410596,0.18110728208928298,-2033.9721000000034,-5526.272100000004,-7854.472100000003,0.3340348767288034,-1.4,-5946.622892000009,0,4,STAGE31C_REJECT_NO_ROBUST_EDGE,-836.2239147112331
default_grid,ALL,ALL,dxy_ret_1,dxy_ret_1_le_q30,le,0.3,macro_only,[],17124,,,,3375,0.6524247233776254,0.2982082052924124,0.17917810253530897,-2051.492940000003,-5595.242940000003,-7957.742940000004,0.3291851851851852,-1.4,-5951.3006250000135,0,4,STAGE31C_REJECT_NO_ROBUST_EDGE,-843.3905307869356
default_grid,ALL,ALL,oil_ret_1,oil_ret_1_ge_q70,ge,0.7,london_q40_prior_q30,"[[""london_range"", ""ge"", 0.4], [""prior_day_range"", ""ge"", 0.3]]",17124,,,,2765,0.6038488912892721,0.3380936953419914,0.23101768478814727,-2670.4479149999916,-5573.697914999992,-7509.197914999992,0.355877034358047,-2.566099999999915,-6009.623594999994,0,4,STAGE31C_REJECT_NO_ROBUST_EDGE,-843.5459635574263
default_grid,ALL,ALL,vix_ret_1,vix_ret_1_ge_q70,ge,0.7,london_q60_prior_q25,"[[""london_range"", ""ge"", 0.6], [""prior_day_range"", ""ge"", 0.25]]",17124,,,,2945,0.6573975758663331,0.3789749133307937,0.25982200310919096,-2493.5113449999935,-5585.761344999993,-7647.261344999993,0.4088285229202037,-2.5310000000000854,-6108.963298749999,0,4,STAGE31C_REJECT_NO_ROBUST_EDGE,-849.1952622917545
default_grid,ALL,ALL,spx_rank250,spx_rank250_ge_q80,ge,0.8,london_q60_prior_q25,"[[""london_range"", ""ge"", 0.6], [""prior_day_range"", ""ge"", 0.25]]",17124,,,,3894,0.7289346099593809,0.29869191831250247,0.15937446448733625,-1587.8529149999981,-5676.552914999997,-8402.352915,0.3882896764252696,-1.4,-5992.453729499989,0,4,STAGE31C_REJECT_NO_ROBUST_EDGE,-853.6535609339247
default_grid,ALL,ALL,vix_chg_5,vix_chg_5_le_q30,le,0.3,macro_only,[],17124,,,,3702,0.7246748711459604,0.34541228725018336,0.21166471506623327,-1779.5418699999846,-5666.641869999984,-8258.041869999986,0.3646677471636953,-1.4,-6061.033493249973,0,4,STAGE31C_REJECT_NO_ROBUST_EDGE,-855.4150799297303
default_grid,ALL,ALL,real_yield_age_hours,real_yield_age_hours_le_q30,le,0.3,london_q40_prior_q30,"[[""london_range"", ""ge"", 0.4], [""prior_day_range"", ""ge"", 0.3]]",17124,,,,3995,0.7990288905475661,0.4063790330451027,0.26002192574824085,-1482.1800999999941,-5676.930099999993,-8473.430099999994,0.3972465581977472,-0.6355999999999766,-6076.04583499999,0,4,STAGE31C_REJECT_NO_ROBUST_EDGE,-856.3914237165548
default_grid,ALL,ALL,real_yield_chg_1,real_yield_chg_1_le_q30,le,0.3,macro_only,[],17124,,,,3964,0.7348048162183294,0.3002349697672632,0.17130809537490393,-1524.2415399999754,-5686.441539999974,-8461.241539999975,0.320635721493441,-1.4,-6062.84449274997,0,4,STAGE31C_REJECT_NO_ROBUST_EDGE,-858.0987965583238
default_grid,ALL,ALL,real_yield_chg_1,real_yield_chg_1_ge_q70,ge,0.7,macro_only,[],17124,,,,3510,0.6706270753594795,0.3091148442122875,0.19297955085151075,-1975.0744250000212,-5660.574425000021,-8117.574425000022,0.2914529914529915,-1.4,-6119.724620000031,0,4,STAGE31C_REJECT_NO_ROBUST_EDGE,-858.1806068544747
default_grid,ALL,ALL,oil_age_hours,oil_age_hours_le_q30,le,0.3,london_q40_prior_q30,"[[""london_range"", ""ge"", 0.4], [""prior_day_range"", ""ge"", 0.3]]",17124,,,,3962,0.7933693843388988,0.40227153807335875,0.2568283580886897,-1511.2625749999902,-5671.36257499999,-8444.76257499999,0.3957597173144876,-0.6665000000000645,-6147.121863749995,0,4,STAGE31C_REJECT_NO_ROBUST_EDGE,-859.4423218744105
default_grid,ALL,ALL,us10y_age_hours,us10y_age_hours_le_q30,le,0.3,london_q40_prior_q30,"[[""london_range"", ""ge"", 0.4], [""prior_day_range"", ""ge"", 0.3]]",17124,,,,3995,0.7990288905475661,0.4063790330451027,0.26002192574824085,-1482.1800999999941,-5676.930099999993,-8473.430099999994,0.3972465581977472,-0.6355999999999766,-6138.764074999997,0,4,STAGE31C_REJECT_NO_ROBUST_EDGE,-859.5273357165552
default_grid,ALL,ALL,oil_ret_1,oil_ret_1_le_q30,le,0.3,macro_only,[],17124,,,,3639,0.7079133131286187,0.33405977562403943,0.20550577098989642,-1856.3029899999983,-5677.252989999998,-8224.552989999998,0.3377301456444078,-1.4,-6141.169001750007,0,4,STAGE31C_REJECT_NO_ROBUST_EDGE,-860.6211282473001
default_grid,ALL,ALL,us10y_ret_5,us10y_ret_5_le_q30,le,0.3,macro_only,[],17124,,,,3776,0.6689893464748153,0.2524649828208549,0.1391968108283057,-1762.7110649999913,-5727.511064999991,-8370.711064999992,0.2844279661016949,-1.4,-6041.499779499984,0,4,STAGE31C_REJECT_NO_ROBUST_EDGE,-861.7446584034765
default_grid,ALL,ALL,vix_ret_1,vix_ret_1_ge_q80,ge,0.8,macro_only,[],17124,,,,3359,0.6477551269589161,0.3007493387319774,0.18651760342137724,-2169.0844749999897,-5696.0344749999895,-8047.33447499999,0.3376004763322417,-1.4,-6127.347976749986,0,4,STAGE31C_REJECT_NO_ROBUST_EDGE,-862.217282536493
default_grid,ALL,ALL,spx_age_hours,spx_age_hours_le_q30,le,0.3,london_q40_prior_q30,"[[""london_range"", ""ge"", 0.4], [""prior_day_range"", ""ge"", 0.3]]",17124,,,,4004,0.7969359095474795,0.4064414182927761,0.26038900457961295,-1508.6381499999927,-5712.838149999992,-8515.638149999993,0.3971028971028971,-0.6467000000000325,-6152.036539999983,0,4,STAGE31C_REJECT_NO_ROBUST_EDGE,-863.7796717987521
default_grid,ALL,ALL,dxy_age_hours,dxy_age_hours_le_q30,le,0.3,london_q40_prior_q30,"[[""london_range"", ""ge"", 0.4], [""prior_day_range"", ""ge"", 0.3]]",17124,,,,3967,0.7898713649548981,0.39919017170398535,0.2543543814121662,-1536.6464749999923,-5701.996474999991,-8478.896474999992,0.39551298210234437,-0.6752000000000407,-6171.942189999994,0,4,STAGE31C_REJECT_NO_ROBUST_EDGE,-863.7874377573103
default_grid,ALL,ALL,vix_chg_1,vix_chg_1_ge_q70,ge,0.7,london_q60_prior_q25,"[[""london_range"", ""ge"", 0.6], [""prior_day_range"", ""ge"", 0.25]]",17124,,,,2929,0.6451921557607073,0.37520459750049,0.258248291443446,-2633.3460949999894,-5708.796094999989,-7759.09609499999,0.41140320928644586,-2.715599999999904,-6194.602585999987,0,4,STAGE31C_REJECT_NO_ROBUST_EDGE,-865.8246996592195
default_grid,ALL,ALL,us10y_z60,us10y_z60_ge_q70,ge,0.7,macro_only,[],17124,,,,3534,0.701821830011615,0.3593833739259764,0.24220448233912134,-2003.831169999998,-5714.531169999998,-8188.3311699999995,0.2951329937747595,-1.4,-6198.466516250003,0,4,STAGE31C_REJECT_NO_ROBUST_EDGE,-866.8137911438837
default_grid,ALL,ALL,vix_value,vix_value_le_q30,le,0.3,london_q40_prior_q30,"[[""london_range"", ""ge"", 0.4], [""prior_day_range"", ""ge"", 0.3]]",17124,,,,3929,0.6088459768196834,0.13079107650374402,0.04353583621562777,-1673.102000000029,-5798.552000000028,-8548.85200000003,0.2893866123695597,-1.4,-6003.427949000032,0,4,STAGE31C_REJECT_NO_ROBUST_EDGE,-868.5445433401044
default_grid,ALL,ALL,dxy_z60,dxy_z60_le_q20,le,0.2,macro_only,[],17124,,,,3299,0.6615028125979453,0.3343562121636406,0.21280042533260493,-2260.5228400000015,-5724.472840000002,-8033.772840000001,0.3661715671415581,-1.4,-6263.786276499995,0,4,STAGE31C_REJECT_NO_ROBUST_EDGE,-871.4418340020331
default_grid,ALL,ALL,spx_chg_1,spx_chg_1_ge_q70,ge,0.7,london_q40_prior_q30,"[[""london_range"", ""ge"", 0.4], [""prior_day_range"", ""ge"", 0.3]]",17124,,,,3375,0.6912819239447714,0.3687827437607465,0.24063261703667338,-2197.8106400000106,-5741.560640000011,-8104.0606400000115,0.3914074074074074,-1.4,-6256.968917500016,0,4,STAGE31C_REJECT_NO_ROBUST_EDGE,-872.3541519692476
default_grid,ALL,ALL,vix_age_hours,vix_age_hours_le_q30,le,0.3,london_q40_prior_q30,"[[""london_range"", ""ge"", 0.4], [""prior_day_range"", ""ge"", 0.3]]",17124,,,,4068,0.7938857907802265,0.40336598710777954,0.25778924182849433,-1551.56819999999,-5822.968199999989,-8670.56819999999,0.3967551622418879,-0.6752000000000407,-6233.836827499994,0,4,STAGE31C_REJECT_NO_ROBUST_EDGE,-878.9238445366068
default_grid,ALL,ALL,dxy_chg_5,dxy_chg_5_le_q30,le,0.3,macro_only,[],17124,,,,3676,0.67666764834768,0.3116176515614159,0.1888648744867227,-2045.7526349999725,-5905.552634999972,-8478.752634999973,0.32834602829162135,-1.4,-6267.882504499977,0,4,STAGE31C_REJECT_NO_ROBUST_EDGE,-890.0777527114349
default_grid,ALL,ALL,dxy_ret_5,dxy_ret_5_le_q30,le,0.3,macro_only,[],17124,,,,3688,0.6764536990335288,0.31099431869306965,0.18840355380756743,-2050.347484999972,-5922.747484999973,-8504.347484999973,0.3272776572668113,-1.4,-6333.93018574995,0,4,STAGE31C_REJECT_NO_ROBUST_EDGE,-895.1077003853338
default_grid,ALL,ALL,dxy_chg_5,dxy_chg_5_ge_q70,ge,0.7,macro_only,[],17124,,,,3747,0.6834607109803181,0.3087149608467622,0.1900195655265583,-1990.0304899999821,-5924.380489999981,-8547.280489999983,0.3205230851347745,-1.4,-6349.555320749966,0,4,STAGE31C_REJECT_NO_ROBUST_EDGE,-896.0685871669226
default_grid,ALL,ALL,vix_ret_5,vix_ret_5_ge_q70,ge,0.7,london_q60_prior_q25,"[[""london_range"", ""ge"", 0.6], [""prior_day_range"", ""ge"", 0.25]]",17124,,,,3448,0.6934687983226256,0.3796823099569587,0.25206415940300325,-2319.801345,-5940.2013449999995,-8353.801345,0.40284222737819025,-1.4,-6428.224407500001,0,4,STAGE31C_REJECT_NO_ROBUST_EDGE,-900.6262751378183
default_grid,ALL,ALL,spx_value,spx_value_ge_q80,ge,0.8,h1_atr_rank_le_q30,"[[""h1_atr20_pct_rank_250"", ""le"", 0.3]]",17124,,,,3999,0.6623416022852033,0.22229573969141952,0.11132027612982995,-1798.5518649999804,-5997.501864999979,-8796.801864999981,0.3063265816454114,-0.7874000000000705,-6274.719968749987,0,4,STAGE31C_REJECT_NO_ROBUST_EDGE,-900.8179464360637
default_grid,ALL,ALL,spx_chg_5,spx_chg_5_le_q30,le,0.3,macro_only,[],17124,,,,3581,0.7139212223110794,0.38491231880302573,0.25390349171536003,-2164.7261099999905,-5924.77610999999,-8431.47610999999,0.39681653169505726,-1.4,-6466.084238249994,0,4,STAGE31C_REJECT_NO_ROBUST_EDGE,-900.917085757607
default_grid,ALL,ALL,us10y_age_hours,us10y_age_hours_ge_q80,ge,0.8,macro_only,[],17124,,,,3590,0.7116312591916977,0.39206581453780776,0.2669852151448225,-2165.06153499999,-5934.56153499999,-8447.56153499999,0.34233983286908076,-1.4,-6459.524270499987,0,4,STAGE31C_REJECT_NO_ROBUST_EDGE,-901.443768019041
default_grid,ALL,ALL,dxy_age_hours,dxy_age_hours_ge_q80,ge,0.8,macro_only,[],17124,,,,3631,0.7207687542029301,0.398319966749219,0.2718216705226643,-2116.426659999991,-5928.976659999991,-8470.67665999999,0.34343156155329113,-1.4,-6475.197078249989,0,4,STAGE31C_REJECT_NO_ROBUST_EDGE,-901.5870335629157
default_grid,ALL,ALL,real_yield_age_hours,real_yield_age_hours_ge_q80,ge,0.8,macro_only,[],17124,,,,3590,0.7116312591916977,0.39206581453780776,0.2669852151448225,-2165.06153499999,-5934.56153499999,-8447.56153499999,0.34233983286908076,-1.4,-6479.012465249989,0,4,STAGE31C_REJECT_NO_ROBUST_EDGE,-902.4181777565411
default_grid,ALL,ALL,vix_ret_1,vix_ret_1_ge_q70,ge,0.7,london_q40_prior_q30,"[[""london_range"", ""ge"", 0.4], [""prior_day_range"", ""ge"", 0.3]]",17124,,,,3191,0.6496542430743336,0.3598879525275669,0.2427936262733304,-2602.741729999986,-5953.291729999986,-8186.991729999986,0.3929802569727358,-2.318124999999918,-6433.36393149998,0,4,STAGE31C_REJECT_NO_ROBUST_EDGE,-902.4273155446286
default_grid,ALL,ALL,oil_z60,oil_z60_ge_q80,ge,0.8,london_q40_prior_q30,"[[""london_range"", ""ge"", 0.4], [""prior_day_range"", ""ge"", 0.3]]",17124,,,,3024,0.6609363945459442,0.40402881822475856,0.2978004647781579,-2775.446219999972,-5950.646219999971,-8067.446219999972,0.36408730158730157,-1.4,-6493.401551999955,0,4,STAGE31C_REJECT_NO_ROBUST_EDGE,-904.5032095586347
default_grid,ALL,ALL,spx_ret_1,spx_ret_1_ge_q70,ge,0.7,macro_only,[],17124,,,,3731,0.6935146055380617,0.3329144983893545,0.20872430330657613,-2063.672754999999,-5981.222754999999,-8592.922755,0.33744304476011794,-1.4,-6432.659921250005,0,4,STAGE31C_REJECT_NO_ROBUST_EDGE,-905.5912293653803
default_grid,ALL,ALL,vix_chg_1,vix_chg_1_le_q30,le,0.3,macro_only,[],17124,,,,3747,0.7222303468255008,0.37942196694567787,0.24823118539417424,-2063.7915949999833,-5998.141594999983,-8621.041594999984,0.3610888710968775,-1.4,-6461.832435499981,0,4,STAGE31C_REJECT_NO_ROBUST_EDGE,-908.1186368639637
default_grid,ALL,ALL,dxy_ret_5,dxy_ret_5_ge_q70,ge,0.7,macro_only,[],17124,,,,3797,0.6812753325951237,0.3077830663877641,0.18963798367575288,-2034.1944399999834,-6021.044439999983,-8678.944439999983,0.31840927047669215,-1.4,-6446.975715499981,0,4,STAGE31C_REJECT_NO_ROBUST_EDGE,-910.6168471764167
default_grid,ALL,ALL,spx_value,spx_value_ge_q70,ge,0.7,h1_atr_rank_le_q30,"[[""h1_atr20_pct_rank_250"", ""le"", 0.3]]",17124,,,,4064,0.6644845421685404,0.22119994016626907,0.11023649198314675,-1804.2500849999794,-6071.450084999979,-8916.25008499998,0.3051181102362205,-0.7747999999999364,-6382.308701499982,0,4,STAGE31C_REJECT_NO_ROBUST_EDGE,-913.6074982054017
default_grid,ALL,ALL,vix_chg_5,vix_chg_5_ge_q70,ge,0.7,london_q60_prior_q25,"[[""london_range"", ""ge"", 0.6], [""prior_day_range"", ""ge"", 0.25]]",17124,,,,3455,0.691272426288566,0.3833937894036656,0.25661960058642674,-2393.1161449999972,-6020.866144999996,-8439.366144999996,0.4049204052098408,-1.4,-6540.377685749986,0,4,STAGE31C_REJECT_NO_ROBUST_EDGE,-914.2450824911166
default_grid,ALL,ALL,vix_z60,vix_z60_ge_q70,ge,0.7,london_q60_prior_q25,"[[""london_range"", ""ge"", 0.6], [""prior_day_range"", ""ge"", 0.25]]",17124,,,,3406,0.705937498698666,0.41409753904173546,0.2882489386244893,-2457.071725000003,-6033.371725000001,-8417.571725000002,0.42395772166764534,-1.4,-6584.799961499998,0,4,STAGE31C_REJECT_NO_ROBUST_EDGE,-917.2831994300847
default_grid,ALL,ALL,oil_rank250,oil_rank250_ge_q70,ge,0.7,london_q60_prior_q25,"[[""london_range"", ""ge"", 0.6], [""prior_day_range"", ""ge"", 0.25]]",17124,,,,3506,0.7344140730444204,0.4446309719724921,0.3221699181407141,-2339.983499999974,-6021.283499999973,-8475.483499999973,0.3961779806046777,-1.4,-6657.423888249961,0,4,STAGE31C_REJECT_NO_ROBUST_EDGE,-919.2645550202077
default_grid,ALL,ALL,vix_ret_5,vix_ret_5_ge_q80,ge,0.8,macro_only,[],17124,,,,3751,0.6827363935127783,0.32236308566004135,0.1992528445156411,-2148.8375299999984,-6087.387529999998,-8713.087529999997,0.3492402026126366,-1.4,-6514.846475750003,0,4,STAGE31C_REJECT_NO_ROBUST_EDGE,-920.460434552837
default_grid,ALL,ALL,us10y_chg_1,us10y_chg_1_ge_q70,ge,0.7,macro_only,[],17124,,,,3776,0.6625884098068351,0.29036611804053425,0.17396550015112205,-2120.889889999986,-6085.689889999985,-8728.889889999984,0.3140889830508475,-1.4,-6530.728403249982,0,4,STAGE31C_REJECT_NO_ROBUST_EDGE,-921.5058859814877
default_grid,ALL,ALL,us10y_z60,us10y_z60_le_q30,le,0.3,london_q40_prior_q30,"[[""london_range"", ""ge"", 0.4], [""prior_day_range"", ""ge"", 0.3]]",17124,,,,3968,0.6908920168315417,0.28820370343299406,0.1592959959242966,-1953.2269200000073,-6119.626920000006,-8897.226920000008,0.37247983870967744,-1.4,-6490.275210249997,0,4,STAGE31C_REJECT_NO_ROBUST_EDGE,-922.9572314944734
default_grid,ALL,ALL,spx_chg_1,spx_chg_1_le_q30,le,0.3,macro_only,[],17124,,,,3647,0.6903063322382954,0.35564741252600013,0.2331758981199064,-2260.8876799999753,-6090.237679999975,-8643.137679999976,0.3581025500411297,-1.4,-6589.781108249983,0,4,STAGE31C_REJECT_NO_ROBUST_EDGE,-924.0236456947571
default_grid,ALL,ALL,vix_chg_1,vix_chg_1_ge_q70,ge,0.7,london_q40_prior_q30,"[[""london_range"", ""ge"", 0.4], [""prior_day_range"", ""ge"", 0.3]]",17124,,,,3175,0.6378390447729982,0.3565281221014263,0.2414895636867642,-2742.576479999983,-6076.3264799999815,-8298.826479999982,0.3952755905511811,-2.5310000000000854,-6627.469738749963,0,4,STAGE31C_REJECT_NO_ROBUST_EDGE,-924.474895461735
default_grid,ALL,ALL,oil_chg_1,oil_chg_1_ge_q70,ge,0.7,macro_only,[],17124,,,,3359,0.6178785805639947,0.3124264753353887,0.20602733861764155,-2609.437909999998,-6136.387909999998,-8487.687909999997,0.305745757665972,-1.9102500000000413,-6514.312029499987,0,4,STAGE31C_REJECT_NO_ROBUST_EDGE,-925.4060183671747
default_grid,ALL,ALL,real_yield_value,real_yield_value_ge_q80,ge,0.8,london_q40_prior_q30,"[[""london_range"", ""ge"", 0.4], [""prior_day_range"", ""ge"", 0.3]]",17124,,,,4179,0.712258573121411,0.28082826484410467,0.14904429077754824,-1755.0391349999907,-6142.98913499999,-9068.28913499999,0.36922708782005265,-1.4,-6496.420133999986,0,4,STAGE31C_REJECT_NO_ROBUST_EDGE,-925.7154603884471
default_grid,ALL,ALL,dxy_value,dxy_value_le_q20,le,0.2,london_q40_prior_q30,"[[""london_range"", ""ge"", 0.4], [""prior_day_range"", ""ge"", 0.3]]",17124,,,,3367,0.7077454656046906,0.4337598669281464,0.3157611249667596,-2575.165184999978,-6110.5151849999775,-8467.41518499998,0.37095337095337094,-1.4,-6739.921723249989,0,3,STAGE31C_REJECT_NO_ROBUST_EDGE,-932.4469614933487
default_grid,ALL,ALL,us10y_z60,us10y_z60_le_q20,le,0.2,macro_only,[],17124,,,,4000,0.6626979917146465,0.25188483788473565,0.13637253036463923,-1989.990720000008,-6189.990720000007,-8989.990720000009,0.32625,-1.4,-6564.57340575001,0,4,STAGE31C_REJECT_NO_ROBUST_EDGE,-934.1634037871954
default_grid,ALL,ALL,vix_rank250,vix_rank250_ge_q80,ge,0.8,london_q60_prior_q25,"[[""london_range"", ""ge"", 0.6], [""prior_day_range"", ""ge"", 0.25]]",17124,,,,3636,0.7070619032109142,0.3897923880108729,0.2581579584881514,-2353.487944999991,-6171.287944999991,-8716.487944999993,0.4328932893289329,-1.4,-6668.261863999976,0,3,STAGE31C_REJECT_NO_ROBUST_EDGE,-935.6113319859365
default_grid,ALL,ALL,spx_z60,spx_z60_ge_q70,ge,0.7,london_q40_prior_q30,"[[""london_range"", ""ge"", 0.4], [""prior_day_range"", ""ge"", 0.3]]",17124,,,,3939,0.6522726501312662,0.2608639645418495,0.14364868380520732,-2095.8562700000084,-6231.806270000007,-8989.106270000007,0.3285097740543285,-1.4,-6570.865886250003,0,4,STAGE31C_REJECT_NO_ROBUST_EDGE,-938.5406869318616
default_grid,ALL,ALL,us10y_chg_5,us10y_chg_5_le_q30,le,0.3,macro_only,[],17124,,,,4175,0.6737397144795089,0.2535202899786574,0.13894020154225956,-1906.4470149999888,-6290.197014999988,-9212.697014999989,0.28622754491017965,-1.4,-6587.790263499984,0,4,STAGE31C_REJECT_NO_ROBUST_EDGE,-945.3182509690423
default_grid,ALL,ALL,us10y_chg_1,us10y_chg_1_le_q30,le,0.3,macro_only,[],17124,,,,4288,0.7080050735177621,0.28037854040265,0.1572841335086504,-1807.611184999989,-6310.0111849999885,-9311.61118499999,0.314365671641791,-1.4,-6662.074342999988,0,4,STAGE31C_REJECT_NO_ROBUST_EDGE,-950.6719137119371
default_grid,ALL,ALL,real_yield_z60,real_yield_z60_le_q30,le,0.3,london_q60_prior_q25,"[[""london_range"", ""ge"", 0.6], [""prior_day_range"", ""ge"", 0.25]]",17124,,,,3862,0.6566231687849814,0.29105261578637576,0.16497211489399063,-2315.9053299999937,-6371.005329999993,-9074.405329999994,0.3894355256343863,-1.4,-6722.865263999987,0,4,STAGE31C_REJECT_NO_ROBUST_EDGE,-959.6733815825589
default_grid,ALL,ALL,spx_z60,spx_z60_ge_q80,ge,0.8,macro_only,[],17124,,,,4387,0.649981631933091,0.1913186095564955,0.0955630279007471,-1798.029880000008,-6404.379880000008,-9475.279880000007,0.2423068155915204,-1.4,-6672.571149750002,0,4,STAGE31C_REJECT_NO_ROBUST_EDGE,-961.7711072803329
default_grid,ALL,ALL,us10y_value,us10y_value_ge_q80,ge,0.8,london_q40_prior_q30,"[[""london_range"", ""ge"", 0.4], [""prior_day_range"", ""ge"", 0.3]]",17124,,,,4420,0.7170498475019339,0.29667424516847146,0.1624989279066221,-1901.575259999967,-6542.575259999968,-9636.575259999967,0.3748868778280543,-1.4,-6886.5013337499595,0,4,STAGE31C_REJECT_NO_ROBUST_EDGE,-984.9658545241836
default_grid,ALL,ALL,vix_ret_5,vix_ret_5_le_q30,le,0.3,macro_only,[],17124,,,,4312,0.7072863275477395,0.31465486290974104,0.18640164245796917,-2039.4731649999899,-6567.073164999991,-9585.47316499999,0.33882189239332094,-1.4,-6870.3835532499825,0,4,STAGE31C_REJECT_NO_ROBUST_EDGE,-986.3343389635689
default_grid,ALL,ALL,us10y_rank250,us10y_rank250_le_q20,le,0.2,london_q60_prior_q25,"[[""london_range"", ""ge"", 0.6], [""prior_day_range"", ""ge"", 0.25]]",17124,,,,4073,0.7037677859941898,0.35280954132073955,0.21644030373812823,-2332.352375000012,-6609.002375000011,-9460.102375000013,0.412226859808495,-1.4,-7073.066583750031,0,4,STAGE31C_REJECT_NO_ROBUST_EDGE,-1000.1597100593427
default_grid,ALL,ALL,vix_z60,vix_z60_ge_q70,ge,0.7,london_q40_prior_q30,"[[""london_range"", ""ge"", 0.4], [""prior_day_range"", ""ge"", 0.3]]",17124,,,,3791,0.6953371782005922,0.39269261259334476,0.26851467757338926,-2666.5987999999998,-6647.148799999999,-9300.8488,0.40490635716169876,-1.4,-7159.730047749986,0,4,STAGE31C_REJECT_NO_ROBUST_EDGE,-1007.7003975512722
default_grid,ALL,ALL,oil_chg_5,oil_chg_5_ge_q70,ge,0.7,macro_only,[],17124,,,,4266,0.699619466243245,0.33132371491783147,0.21529008742157904,-2195.9559449999997,-6675.255944999999,-9661.455945,0.28926394749179557,-1.4,-7099.149151749996,0,4,STAGE31C_REJECT_NO_ROBUST_EDGE,-1008.308654588635
default_grid,ALL,ALL,vix_ret_5,vix_ret_5_ge_q70,ge,0.7,london_q40_prior_q30,"[[""london_range"", ""ge"", 0.4], [""prior_day_range"", ""ge"", 0.3]]",17124,,,,3892,0.6803182547058619,0.3549073837730091,0.23117902863490852,-2556.3740949999965,-6642.974094999996,-9367.374094999996,0.37821171634121276,-1.4,-7187.020598750011,0,4,STAGE31C_REJECT_NO_ROBUST_EDGE,-1009.1746494852305
default_grid,ALL,ALL,dxy_z60,dxy_z60_le_q30,le,0.3,london_q60_prior_q25,"[[""london_range"", ""ge"", 0.6], [""prior_day_range"", ""ge"", 0.25]]",17124,,,,3489,0.629079443138642,0.3398677315871092,0.21975965411027168,-2977.631674999985,-6641.081674999985,-9083.381674999986,0.41444539982803097,-1.4,-7190.238490499979,0,4,STAGE31C_REJECT_NO_ROBUST_EDGE,-1009.3423760926853
default_grid,ALL,ALL,real_yield_chg_5,real_yield_chg_5_le_q30,le,0.3,macro_only,[],17124,,,,4606,0.6940962591995032,0.2549268443964411,0.13816813632843175,-1919.5628899999792,-6755.86288999998,-9980.06288999998,0.2980894485453756,-1.4,-7070.466893249982,0,4,STAGE31C_REJECT_NO_ROBUST_EDGE,-1016.007692673219
default_grid,ALL,ALL,vix_chg_5,vix_chg_5_ge_q70,ge,0.7,london_q40_prior_q30,"[[""london_range"", ""ge"", 0.4], [""prior_day_range"", ""ge"", 0.3]]",17124,,,,3899,0.6785321988130877,0.35880870782079,0.2356705870249996,-2629.6888949999934,-6723.638894999993,-9452.938894999992,0.38009746088740703,-1.4,-7234.956045499976,0,4,STAGE31C_REJECT_NO_ROBUST_EDGE,-1019.5809223486901
default_grid,ALL,ALL,vix_rank250,vix_rank250_ge_q80,ge,0.8,london_q40_prior_q30,"[[""london_range"", ""ge"", 0.4], [""prior_day_range"", ""ge"", 0.3]]",17124,,,,3982,0.6970571974376746,0.3709627911761634,0.24185516093193452,-2540.0713249999862,-6721.171324999986,-9508.571324999986,0.4186338523355098,-1.4,-7256.889937749986,0,4,STAGE31C_REJECT_NO_ROBUST_EDGE,-1020.2845808320085
default_grid,ALL,ALL,oil_z60,oil_z60_ge_q70,ge,0.7,london_q60_prior_q25,"[[""london_range"", ""ge"", 0.6], [""prior_day_range"", ""ge"", 0.25]]",17124,,,,3501,0.6819865131050766,0.41925490793742287,0.3052589071069089,-2999.6474449999614,-6675.697444999962,-9126.397444999962,0.3961725221365324,-1.4,-7367.877164999973,0,4,STAGE31C_REJECT_NO_ROBUST_EDGE,-1020.550018042193
default_grid,ALL,ALL,real_yield_z60,real_yield_z60_le_q20,le,0.2,macro_only,[],17124,,,,4518,0.6691406604565611,0.2316614845225093,0.11789195339375481,-2052.0877650000007,-6795.987765,-9958.587765,0.3209384683488269,-1.4,-7156.264196750009,0,4,STAGE31C_REJECT_NO_ROBUST_EDGE,-1024.6238036787004
default_grid,ALL,ALL,vix_ret_1,vix_ret_1_le_q30,le,0.3,macro_only,[],17124,,,,4332,0.7006022549876677,0.32682546488383546,0.20082885292766658,-2207.360384999988,-6755.960384999988,-9788.360384999989,0.3238688827331487,-1.4,-7270.960291499978,0,4,STAGE31C_REJECT_NO_ROBUST_EDGE,-1025.0724830144486
default_grid,ALL,ALL,dxy_rank250,dxy_rank250_le_q20,le,0.2,london_q60_prior_q25,"[[""london_range"", ""ge"", 0.6], [""prior_day_range"", ""ge"", 0.25]]",17124,,,,3580,0.6655606351019557,0.39846518404189823,0.27623426499067705,-3132.252764999992,-6891.252764999991,-9397.252764999994,0.4192737430167598,-1.8216874999999617,-7572.614053249984,0,3,STAGE31C_REJECT_NO_ROBUST_EDGE,-1052.6663902621167
default_grid,ALL,ALL,spx_rank250,spx_rank250_ge_q80,ge,0.8,london_q40_prior_q30,"[[""london_range"", ""ge"", 0.4], [""prior_day_range"", ""ge"", 0.3]]",17124,,,,4751,0.6939777942027734,0.25829195891577145,0.1334437890118609,-2035.1759500000003,-7023.72595,-10349.42595,0.3432961481793307,-1.4,-7346.213350500013,0,4,STAGE31C_REJECT_NO_ROBUST_EDGE,-1056.5665677797956
default_grid,ALL,ALL,spx_chg_5,spx_chg_5_ge_q70,ge,0.7,macro_only,[],17124,,,,4738,0.7237153383583571,0.31892625983882167,0.18810119250845114,-2070.0977,-7044.9977,-10361.597699999998,0.3360067539046011,-1.4,-7409.709679999982,0,4,STAGE31C_REJECT_NO_ROBUST_EDGE,-1061.043586631577
default_grid,ALL,ALL,oil_ret_1,oil_ret_1_ge_q70,ge,0.7,macro_only,[],17124,,,,3849,0.607823746211884,0.298647361870126,0.19353810767324614,-2991.255289999991,-7032.705289999991,-9727.005289999992,0.30267601974538844,-1.9167500000000013,-7485.624084499984,0,4,STAGE31C_REJECT_NO_ROBUST_EDGE,-1063.791107175604
default_grid,ALL,ALL,dxy_value,dxy_value_le_q30,le,0.3,london_q60_prior_q25,"[[""london_range"", ""ge"", 0.6], [""prior_day_range"", ""ge"", 0.25]]",17124,,,,3812,0.7119139086776235,0.4507703763201147,0.3296087907468263,-3083.333154999974,-7085.933154999974,-9754.333154999973,0.4189401888772298,-1.4,-7732.503428499979,0,4,STAGE31C_REJECT_NO_ROBUST_EDGE,-1079.392347998808
default_grid,ALL,ALL,dxy_z60,dxy_z60_le_q30,le,0.3,london_q40_prior_q30,"[[""london_range"", ""ge"", 0.4], [""prior_day_range"", ""ge"", 0.3]]",17124,,,,3908,0.6220525023369065,0.32031718653990954,0.20351569573963027,-3174.106419999983,-7277.506419999982,-10013.106419999986,0.3820368474923234,-1.4,-7774.29189124999,0,4,STAGE31C_REJECT_NO_ROBUST_EDGE,-1102.4480019141401
default_grid,ALL,ALL,us10y_rank250,us10y_rank250_le_q20,le,0.2,london_q40_prior_q30,"[[""london_range"", ""ge"", 0.4], [""prior_day_range"", ""ge"", 0.3]]",17124,,,,4556,0.69542213928686,0.33191324709479514,0.19908813907559073,-2535.680920000009,-7319.480920000009,-10508.680920000008,0.396180860403863,-1.4,-7693.52370874999,0,4,STAGE31C_REJECT_NO_ROBUST_EDGE,-1102.50879241025
default_grid,ALL,ALL,spx_age_hours,spx_age_hours_ge_q80,ge,0.8,london_q60_prior_q25,"[[""london_range"", ""ge"", 0.6], [""prior_day_range"", ""ge"", 0.25]]",17124,,,,3901,0.6835417867882845,0.4120596416403011,0.286427730027905,-3192.358034999975,-7288.408034999974,-10019.108034999976,0.42732632658292746,-1.4,-7845.843836499966,0,4,STAGE31C_REJECT_NO_ROBUST_EDGE,-1105.866687988481
default_grid,ALL,ALL,oil_age_hours,oil_age_hours_ge_q80,ge,0.8,london_q60_prior_q25,"[[""london_range"", ""ge"", 0.6], [""prior_day_range"", ""ge"", 0.25]]",17124,,,,3943,0.6873822801042461,0.4151552631085797,0.2890025764263123,-3189.7336099999766,-7329.883609999977,-10089.983609999977,0.4283540451432919,-1.4,-7950.592507999987,0,4,STAGE31C_REJECT_NO_ROBUST_EDGE,-1115.2104234632059
default_grid,ALL,ALL,real_yield_z60,real_yield_z60_le_q30,le,0.3,london_q40_prior_q30,"[[""london_range"", ""ge"", 0.4], [""prior_day_range"", ""ge"", 0.3]]",17124,,,,4544,0.6407651776546346,0.26377154935075464,0.14495655356938733,-2658.54000999999,-7429.74000999999,-10610.54000999999,0.3569542253521127,-1.4,-7788.384143499999,0,4,STAGE31C_REJECT_NO_ROBUST_EDGE,-1119.175666467214
default_grid,ALL,ALL,oil_rank250,oil_rank250_ge_q70,ge,0.7,london_q40_prior_q30,"[[""london_range"", ""ge"", 0.4], [""prior_day_range"", ""ge"", 0.3]]",17124,,,,4384,0.7086108297098979,0.3957220091597093,0.27771190300147425,-2809.1044099999717,-7412.3044099999715,-10481.10440999997,0.3458029197080292,-1.4,-7988.253096249967,0,4,STAGE31C_REJECT_NO_ROBUST_EDGE,-1125.5750281088926
default_grid,ALL,ALL,oil_ret_5,oil_ret_5_ge_q70,ge,0.7,macro_only,[],17124,,,,4690,0.6825141476056734,0.3167032021497121,0.20248668955741092,-2517.7649049999964,-7442.264904999996,-10725.264904999996,0.28742004264392323,-1.4,-7923.904134999999,0,4,STAGE31C_REJECT_NO_ROBUST_EDGE,-1126.4447184702728
default_grid,ALL,ALL,spx_chg_1,spx_chg_1_ge_q70,ge,0.7,macro_only,[],17124,,,,4624,0.6780771820451856,0.31733165136296576,0.1957214861413108,-2621.3055000000054,-7476.505500000006,-10713.305500000006,0.33001730103806226,-1.4,-7958.055569000006,0,4,STAGE31C_REJECT_NO_ROBUST_EDGE,-1131.597125991806
default_grid,ALL,ALL,real_yield_value,real_yield_value_ge_q70,ge,0.7,london_q60_prior_q25,"[[""london_range"", ""ge"", 0.6], [""prior_day_range"", ""ge"", 0.25]]",17124,,,,5006,0.7192694609315463,0.3129156927949279,0.1742822184211456,-2269.2150049999827,-7525.515004999983,-11029.715004999984,0.40491410307630843,-1.4,-7961.114377999972,0,4,STAGE31C_REJECT_NO_ROBUST_EDGE,-1136.780933598363
default_grid,ALL,ALL,real_yield_rank250,real_yield_rank250_le_q20,le,0.2,london_q60_prior_q25,"[[""london_range"", ""ge"", 0.6], [""prior_day_range"", ""ge"", 0.25]]",17124,,,,4657,0.6945580925334288,0.33872676097345966,0.2025857126325881,-2692.117324999993,-7581.967324999993,-10841.867324999992,0.4202276143439983,-1.4,-8052.670184499995,0,4,STAGE31C_REJECT_NO_ROBUST_EDGE,-1146.6326312647343
default_grid,ALL,ALL,dxy_rank250,dxy_rank250_le_q20,le,0.2,london_q40_prior_q30,"[[""london_range"", ""ge"", 0.4], [""prior_day_range"", ""ge"", 0.3]]",17124,,,,4105,0.6611972160444087,0.37619756118959796,0.254693285712707,-3332.8286449999882,-7643.078644999987,-10516.57864499999,0.39196102314250914,-1.4,-8264.516504999981,0,3,STAGE31C_REJECT_NO_ROBUST_EDGE,-1162.7529409952508
default_grid,ALL,ALL,vix_rank250,vix_rank250_ge_q80,ge,0.8,macro_only,[],17124,,,,4730,0.7009450892160267,0.3502234472814893,0.22036325289721617,-2725.9352849999877,-7692.435284999987,-11003.435284999987,0.4052854122621565,-1.4,-8169.780010499973,0,4,STAGE31C_REJECT_NO_ROBUST_EDGE,-1163.3488415405936
default_grid,ALL,ALL,spx_age_hours,spx_age_hours_ge_q80,ge,0.8,london_q40_prior_q30,"[[""london_range"", ""ge"", 0.4], [""prior_day_range"", ""ge"", 0.3]]",17124,,,,4190,0.6779889386619442,0.3975285468720337,0.2724457934874889,-3311.3832849999767,-7710.883284999976,-10643.883284999976,0.41145584725536993,-1.4,-8315.363622499957,0,4,STAGE31C_REJECT_NO_ROBUST_EDGE,-1171.7914409823252
default_grid,ALL,ALL,spx_rank250,spx_rank250_ge_q70,ge,0.7,london_q60_prior_q25,"[[""london_range"", ""ge"", 0.6], [""prior_day_range"", ""ge"", 0.25]]",17124,,,,4986,0.7003722610262795,0.31905577388481504,0.18549326857669576,-2567.1513299999906,-7802.451329999991,-11292.65132999999,0.3910950661853189,-1.4,-8209.737578500002,0,4,STAGE31C_REJECT_NO_ROBUST_EDGE,-1176.7994811118442
default_grid,ALL,ALL,oil_age_hours,oil_age_hours_ge_q80,ge,0.8,london_q40_prior_q30,"[[""london_range"", ""ge"", 0.4], [""prior_day_range"", ""ge"", 0.3]]",17124,,,,4232,0.6818188587203311,0.4006812815882671,0.27506045040925375,-3308.7588599999794,-7752.358859999978,-10714.75885999998,0.41257088846880907,-1.4,-8418.52528074997,0,4,STAGE31C_REJECT_NO_ROBUST_EDGE,-1181.0550954199766
default_grid,ALL,ALL,oil_z60,oil_z60_ge_q70,ge,0.7,london_q40_prior_q30,"[[""london_range"", ""ge"", 0.4], [""prior_day_range"", ""ge"", 0.3]]",17124,,,,4145,0.6615126136998144,0.3818929565834624,0.27101790368954787,-3396.5780899999595,-7748.828089999959,-10650.328089999959,0.3565741857659831,-2.1143499999999675,-8436.95084474997,0,4,STAGE31C_REJECT_NO_ROBUST_EDGE,-1181.8273500569017
default_grid,ALL,ALL,us10y_z60,us10y_z60_le_q30,le,0.3,macro_only,[],17124,,,,5298,0.6894961456199964,0.2520065544425406,0.132312175440355,-2311.37802500001,-7874.27802500001,-11582.87802500001,0.3278595696489241,-1.4,-8246.176325750008,0,4,STAGE31C_REJECT_NO_ROBUST_EDGE,-1186.6873045413147
default_grid,ALL,ALL,vix_ret_1,vix_ret_1_ge_q70,ge,0.7,macro_only,[],17124,,,,4715,0.6542143559060977,0.3126798941973481,0.19810996385323215,-3037.5348149999936,-7988.284814999993,-11288.784814999994,0.32704135737009543,-1.4,-8464.281129749983,0,4,STAGE31C_REJECT_NO_ROBUST_EDGE,-1208.123299190112
default_grid,ALL,ALL,dxy_value,dxy_value_le_q30,le,0.3,london_q40_prior_q30,"[[""london_range"", ""ge"", 0.4], [""prior_day_range"", ""ge"", 0.3]]",17124,,,,4414,0.699723467535037,0.4201275735520189,0.30014803562421555,-3356.6318149999747,-7991.331814999974,-11081.131814999975,0.37494336202990486,-1.4,-8706.86111299998,0,4,STAGE31C_REJECT_NO_ROBUST_EDGE,-1219.0743692719793
default_grid,ALL,ALL,vix_chg_1,vix_chg_1_ge_q70,ge,0.7,macro_only,[],17124,,,,4666,0.6456730681779999,0.31278278513323515,0.19890642795673594,-3159.2778149999913,-8058.577814999991,-11324.777814999992,0.3332618945563652,-1.4,-8576.476335749989,0,4,STAGE31C_REJECT_NO_ROBUST_EDGE,-1220.7581447243392
default_grid,ALL,ALL,real_yield_rank250,real_yield_rank250_le_q20,le,0.2,london_q40_prior_q30,"[[""london_range"", ""ge"", 0.4], [""prior_day_range"", ""ge"", 0.3]]",17124,,,,5167,0.6891980109333877,0.32096028314820707,0.1875987195763657,-2884.9765199999874,-8310.326519999988,-11927.226519999986,0.4052641765047416,-1.4,-8748.569600249988,0,4,STAGE31C_REJECT_NO_ROBUST_EDGE,-1254.5011343027106
default_grid,ALL,ALL,us10y_value,us10y_value_ge_q70,ge,0.7,london_q60_prior_q25,"[[""london_range"", ""ge"", 0.6], [""prior_day_range"", ""ge"", 0.25]]",17124,,,,5233,0.7170917227623552,0.3567388964532989,0.21890334078040138,-2818.0419599999695,-8312.691959999971,-11975.79195999997,0.42212879801261227,-1.4,-8897.535113499956,0,4,STAGE31C_REJECT_NO_ROBUST_EDGE,-1261.7029493473403
default_grid,ALL,ALL,us10y_rank250,us10y_rank250_le_q30,le,0.3,london_q60_prior_q25,"[[""london_range"", ""ge"", 0.6], [""prior_day_range"", ""ge"", 0.25]]",17124,,,,4997,0.6782546976587448,0.33866208917285784,0.20712595135052494,-3173.8208550000013,-8420.670855,-11918.570855000002,0.4120472283370022,-1.4,-8929.26684700001,0,4,STAGE31C_REJECT_NO_ROBUST_EDGE,-1274.31530315287
default_grid,ALL,ALL,vix_value,vix_value_le_q20,le,0.2,macro_only,[],17124,,,,6063,0.5665326811323043,0.053665921636677584,0.011757694640145389,-2155.948205000016,-8522.098205000017,-12766.198205000015,0.15553356424212436,-1.4,-8702.334776250022,1,3,STAGE31C_REJECT_NO_ROBUST_EDGE,-1274.7428693175755
default_grid,ALL,ALL,oil_rank250,oil_rank250_ge_q80,ge,0.8,macro_only,[],17124,,,,5780,0.7314923019019256,0.34027186801025294,0.2250773271534324,-2472.29742999999,-8541.29742999999,-12587.29742999999,0.2444636678200692,-1.4,-9086.816841249973,0,4,STAGE31C_REJECT_NO_ROBUST_EDGE,-1294.1675570737812
default_grid,ALL,ALL,vix_rank250,vix_rank250_ge_q70,ge,0.7,london_q60_prior_q25,"[[""london_range"", ""ge"", 0.6], [""prior_day_range"", ""ge"", 0.25]]",17124,,,,5107,0.7128641230276221,0.39598233848963227,0.2637504906524622,-3246.350279999985,-8608.700279999985,-12183.600279999984,0.4278441355002937,-2.247925000000032,-9149.897101249982,0,4,STAGE31C_REJECT_NO_ROBUST_EDGE,-1303.3500577149914
default_grid,ALL,ALL,dxy_rank250,dxy_rank250_le_q30,le,0.3,london_q60_prior_q25,"[[""london_range"", ""ge"", 0.6], [""prior_day_range"", ""ge"", 0.25]]",17124,,,,4753,0.71797236926819,0.4446546386101904,0.31620412911828727,-3582.6930799999664,-8573.343079999966,-11900.443079999968,0.4323585104144751,-1.4,-9247.411308249988,0,3,STAGE31C_REJECT_NO_ROBUST_EDGE,-1303.993510509921
default_grid,ALL,ALL,vix_chg_5,vix_chg_5_ge_q70,ge,0.7,macro_only,[],17124,,,,5295,0.6677123839743623,0.3105178180809554,0.19294180136032918,-3101.0508399999903,-8660.800839999989,-12367.300839999989,0.3250236071765817,-1.4,-9146.681818249994,0,4,STAGE31C_REJECT_NO_ROBUST_EDGE,-1309.5372295262478
default_grid,ALL,ALL,oil_z60,oil_z60_ge_q80,ge,0.8,macro_only,[],17124,,,,4941,0.639411997650155,0.3242880967137982,0.22376721690675772,-3443.5969999999807,-8631.64699999998,-12090.346999999982,0.25035417931592796,-1.4,-9278.60573574998,0,4,STAGE31C_REJECT_NO_ROBUST_EDGE,-1312.957036952732
default_grid,ALL,ALL,vix_z60,vix_z60_ge_q70,ge,0.7,macro_only,[],17124,,,,5184,0.6740408047851226,0.3370355895345258,0.21945957363938595,-3229.095644999994,-8672.295644999995,-12301.095644999994,0.3292824074074074,-1.4,-9226.168326499992,0,4,STAGE31C_REJECT_NO_ROBUST_EDGE,-1314.2897866350963
default_grid,ALL,ALL,oil_age_hours,oil_age_hours_le_q30,le,0.3,macro_only,[],17124,,,,6114,0.7458543866098104,0.31291132423551005,0.1863851253201102,-2287.1230499999883,-8706.823049999986,-12986.623049999987,0.29784102060843964,-0.7933999999999286,-9177.416432500002,0,4,STAGE31C_REJECT_NO_ROBUST_EDGE,-1315.6784728813632
default_grid,ALL,ALL,us10y_age_hours,us10y_age_hours_le_q30,le,0.3,macro_only,[],17124,,,,6156,0.7504887638003067,0.3161787178634664,0.1888135036678806,-2262.3042749999922,-8726.10427499999,-13035.304274999993,0.29889538661468484,-0.7910000000000763,-9212.149065000009,0,4,STAGE31C_REJECT_NO_ROBUST_EDGE,-1319.3008395566933
default_grid,ALL,ALL,real_yield_age_hours,real_yield_age_hours_le_q30,le,0.3,macro_only,[],17124,,,,6156,0.7504887638003067,0.3161787178634664,0.1888135036678806,-2262.3042749999922,-8726.10427499999,-13035.304274999993,0.29889538661468484,-0.7910000000000763,-9231.795203749974,0,4,STAGE31C_REJECT_NO_ROBUST_EDGE,-1320.2831464941917
default_grid,ALL,ALL,dxy_age_hours,dxy_age_hours_le_q30,le,0.3,macro_only,[],17124,,,,6119,0.7430065356658884,0.3106204078833187,0.18465915613377692,-2312.506949999991,-8737.456949999989,-13020.75694999999,0.29776107207059976,-0.7933999999999286,-9233.656308749994,0,4,STAGE31C_REJECT_NO_ROBUST_EDGE,-1321.5836697341304
default_grid,ALL,ALL,spx_age_hours,spx_age_hours_le_q30,le,0.3,macro_only,[],17124,,,,6180,0.7492715081311875,0.3163788719274077,0.18902818816951178,-2290.188124999991,-8779.18812499999,-13105.18812499999,0.2993527508090615,-0.7910000000000763,-9241.932854999988,0,4,STAGE31C_REJECT_NO_ROBUST_EDGE,-1326.0955537780462
default_grid,ALL,ALL,vix_ret_5,vix_ret_5_ge_q70,ge,0.7,macro_only,[],17124,,,,5427,0.6642298377401548,0.30099787003903955,0.1848206893541871,-3111.227009999995,-8809.577009999994,-12608.477009999995,0.3150912106135987,-1.4,-9334.829459,0,4,STAGE31C_REJECT_NO_ROBUST_EDGE,-1333.9499124921922
default_grid,ALL,ALL,us10y_rank250,us10y_rank250_le_q20,le,0.2,macro_only,[],17124,,,,5699,0.6964272018960252,0.30345930447052555,0.17455973798893906,-2849.4798750000127,-8833.429875000013,-12822.729875000012,0.3667310054395508,-1.4,-9304.635436750006,0,4,STAGE31C_REJECT_NO_ROBUST_EDGE,-1334.8419273408406
default_grid,ALL,ALL,vix_age_hours,vix_age_hours_le_q30,le,0.3,macro_only,[],17124,,,,6353,0.745665610631226,0.311969773043677,0.18556068496730016,-2370.595124999989,-9041.24512499999,-13488.345124999989,0.29702502754604126,-0.7940000000000054,-9525.038073749989,0,4,STAGE31C_REJECT_NO_ROBUST_EDGE,-1366.5144757171925
default_grid,ALL,ALL,spx_age_hours,spx_age_hours_ge_q80,ge,0.8,macro_only,[],17124,,,,5225,0.6844459333289319,0.3734352263047497,0.2463676494380351,-3543.0986349999816,-9029.34863499998,-12686.848634999982,0.3781818181818182,-1.4,-9715.413911749985,0,4,STAGE31C_REJECT_NO_ROBUST_EDGE,-1373.9857362266978
default_grid,ALL,ALL,oil_age_hours,oil_age_hours_ge_q80,ge,0.8,macro_only,[],17124,,,,5311,0.6895074731144868,0.3759329251596846,0.24791082907517592,-3529.9470099999858,-9106.497009999985,-12824.197009999985,0.37996610807757486,-1.4,-9714.270106749982,0,4,STAGE31C_REJECT_NO_ROBUST_EDGE,-1381.6122337696002
default_grid,ALL,ALL,real_yield_value,real_yield_value_ge_q70,ge,0.7,london_q40_prior_q30,"[[""london_range"", ""ge"", 0.4], [""prior_day_range"", ""ge"", 0.3]]",17124,,,,6018,0.6834570852394478,0.27364772113698815,0.1479728807187701,-2874.788239999977,-9193.688239999976,-13406.288239999976,0.36257892987703555,-1.4,-9560.496070749967,0,4,STAGE31C_REJECT_NO_ROBUST_EDGE,-1384.065258803251
default_grid,ALL,ALL,spx_z60,spx_z60_ge_q70,ge,0.7,macro_only,[],17124,,,,6189,0.6472562496627247,0.20591999512158599,0.10545100114484106,-2719.519440000016,-9217.969440000015,-13550.269440000015,0.25674583939247053,-1.4,-9553.877623500017,0,4,STAGE31C_REJECT_NO_ROBUST_EDGE,-1387.0098212192072
default_grid,ALL,ALL,dxy_value,dxy_value_le_q20,le,0.2,macro_only,[],17124,,,,5631,0.6888001799409658,0.34553305403080836,0.23367340849769383,-3245.9451149999827,-9158.495114999982,-13100.195114999984,0.2555496359438821,-1.4,-9803.278247499977,0,4,STAGE31C_REJECT_NO_ROBUST_EDGE,-1391.623399700698
default_grid,ALL,ALL,us10y_rank250,us10y_rank250_le_q30,le,0.3,london_q40_prior_q30,"[[""london_range"", ""ge"", 0.4], [""prior_day_range"", ""ge"", 0.3]]",17124,,,,5626,0.6706171125295753,0.3176450346962788,0.1898348979850992,-3440.918674999999,-9348.218675,-13286.418674999999,0.39157483114113045,-1.4,-9777.183846000004,0,4,STAGE31C_REJECT_NO_ROBUST_EDGE,-1409.745269861097
default_grid,ALL,ALL,vix_rank250,vix_rank250_ge_q70,ge,0.7,london_q40_prior_q30,"[[""london_range"", ""ge"", 0.4], [""prior_day_range"", ""ge"", 0.3]]",17124,,,,5554,0.7029338876874524,0.3763109394120524,0.2464563558817386,-3470.6767149999814,-9302.37671499998,-13190.176714999981,0.41195534749729923,-1.4,-9896.455068499989,0,4,STAGE31C_REJECT_NO_ROBUST_EDGE,-1410.31149010735
default_grid,ALL,ALL,vix_age_hours,vix_age_hours_ge_q80,ge,0.8,london_q60_prior_q25,"[[""london_range"", ""ge"", 0.6], [""prior_day_range"", ""ge"", 0.25]]",17124,,,,5089,0.655818635582379,0.36373187914931304,0.23983528456662595,-4023.917459999985,-9367.367459999985,-12929.667459999986,0.41206523875024564,-1.4,-9967.222250249975,0,4,STAGE31C_REJECT_NO_ROBUST_EDGE,-1420.5011985827375
default_grid,ALL,ALL,dxy_z60,dxy_z60_le_q30,le,0.3,macro_only,[],17124,,,,5521,0.629986040832296,0.2794212687804953,0.16691863183480538,-3583.4105349999872,-9380.460534999987,-13245.160534999988,0.3178771961601159,-1.4,-9937.448368750001,0,4,STAGE31C_REJECT_NO_ROBUST_EDGE,-1421.4565847223546
default_grid,ALL,ALL,spx_rank250,spx_rank250_ge_q70,ge,0.7,london_q40_prior_q30,"[[""london_range"", ""ge"", 0.4], [""prior_day_range"", ""ge"", 0.3]]",17124,,,,6062,0.6781148253771262,0.28162609762563756,0.1582986024358039,-3070.650239999989,-9435.750239999988,-13679.150239999988,0.35037941273507095,-1.4,-9895.746237999972,0,4,STAGE31C_REJECT_NO_ROBUST_EDGE,-1424.9128805139978
default_grid,ALL,ALL,dxy_rank250,dxy_rank250_le_q30,le,0.3,london_q40_prior_q30,"[[""london_range"", ""ge"", 0.4], [""prior_day_range"", ""ge"", 0.3]]",17124,,,,5320,0.7120710030375634,0.42359834843504096,0.29568814838902985,-3797.462359999961,-9383.462359999961,-13107.462359999961,0.4050751879699248,-1.4,-10113.389363749951,0,3,STAGE31C_REJECT_NO_ROBUST_EDGE,-1428.5969681095871
default_grid,ALL,ALL,real_yield_z60,real_yield_z60_le_q30,le,0.3,macro_only,[],17124,,,,6118,0.6479171437282334,0.23232704877264018,0.1203652205077841,-3076.291344999996,-9500.191344999996,-13782.791344999996,0.31938542007191895,-1.4,-9938.837428749985,0,4,STAGE31C_REJECT_NO_ROBUST_EDGE,-1434.1562745677413
default_grid,ALL,ALL,real_yield_value,real_yield_value_ge_q80,ge,0.8,macro_only,[],17124,,,,6725,0.6820259691046665,0.21320478253831832,0.1036607765289493,-2529.4724249999995,-9590.722424999998,-14298.222425,0.2788104089219331,-1.4,-9925.495006000005,0,4,STAGE31C_REJECT_NO_ROBUST_EDGE,-1442.800301868501
default_grid,ALL,ALL,real_yield_rank250,real_yield_rank250_le_q30,le,0.3,london_q60_prior_q25,"[[""london_range"", ""ge"", 0.6], [""prior_day_range"", ""ge"", 0.25]]",17124,,,,5645,0.6880909212816748,0.3578703524809911,0.22684529244767498,-3619.51372999999,-9546.763729999988,-13498.26372999999,0.4111603188662533,-1.4,-10143.831977499995,0,4,STAGE31C_REJECT_NO_ROBUST_EDGE,-1447.3818871803978
default_grid,ALL,ALL,us10y_value,us10y_value_ge_q80,ge,0.8,macro_only,[],17124,,,,6885,0.6942395618029303,0.23551830328059387,0.11943649759412704,-2634.5779299999776,-9863.827929999976,-14683.327929999978,0.29557007988380535,-1.4,-10276.360901499987,0,4,STAGE31C_REJECT_NO_ROBUST_EDGE,-1487.3679090518144
default_grid,ALL,ALL,us10y_value,us10y_value_ge_q70,ge,0.7,london_q40_prior_q30,"[[""london_range"", ""ge"", 0.4], [""prior_day_range"", ""ge"", 0.3]]",17124,,,,6181,0.6871287239618997,0.3172380359117916,0.18874954793908863,-3394.752349999966,-9884.802349999965,-14211.502349999966,0.3798738068273742,-1.4,-10455.709634499972,0,4,STAGE31C_REJECT_NO_ROBUST_EDGE,-1497.338338174121
default_grid,ALL,ALL,real_yield_rank250,real_yield_rank250_le_q20,le,0.2,macro_only,[],17124,,,,6479,0.6942874756880122,0.29455934687589325,0.16438596964515886,-3209.1194249999935,-10012.069424999992,-14547.369424999993,0.37860780984719866,-1.4,-10440.587486749988,0,4,STAGE31C_REJECT_NO_ROBUST_EDGE,-1509.633179490159
default_grid,ALL,ALL,vix_age_hours,vix_age_hours_ge_q70,ge,0.7,london_q60_prior_q25,"[[""london_range"", ""ge"", 0.6], [""prior_day_range"", ""ge"", 0.25]]",17124,,,,5468,0.6513516993354791,0.351717735767242,0.22881643616691463,-4231.967284999986,-9973.367284999986,-13800.967284999986,0.4089246525237747,-1.4,-10554.687048249983,0,4,STAGE31C_REJECT_NO_ROBUST_EDGE,-1510.6386378101577
default_grid,ALL,ALL,spx_age_hours,spx_age_hours_ge_q70,ge,0.7,london_q60_prior_q25,"[[""london_range"", ""ge"", 0.6], [""prior_day_range"", ""ge"", 0.25]]",17124,,,,5520,0.6498539803051172,0.35034477437195266,0.2275900041429454,-4285.019184999982,-10081.019184999981,-13945.019184999983,0.40869565217391307,-1.4,-10684.455948499968,0,4,STAGE31C_REJECT_NO_ROBUST_EDGE,-1527.9109081647052
default_grid,ALL,ALL,dxy_age_hours,dxy_age_hours_ge_q70,ge,0.7,london_q60_prior_q25,"[[""london_range"", ""ge"", 0.6], [""prior_day_range"", ""ge"", 0.25]]",17124,,,,5568,0.655741308697053,0.35504748221846877,0.23139295159014503,-4255.452059999983,-10101.852059999983,-13999.452059999985,0.41002155172413796,-1.4,-10751.803860999978,0,4,STAGE31C_REJECT_NO_ROBUST_EDGE,-1533.2993524214519
default_grid,ALL,ALL,oil_age_hours,oil_age_hours_ge_q70,ge,0.7,london_q60_prior_q25,"[[""london_range"", ""ge"", 0.6], [""prior_day_range"", ""ge"", 0.25]]",17124,,,,5562,0.6533411157150033,0.35336148471494516,0.2300837607537176,-4282.394759999984,-10122.494759999983,-14015.894759999985,0.4095649047105358,-1.4,-10789.623862499984,0,4,STAGE31C_REJECT_NO_ROBUST_EDGE,-1537.2767192348333
default_grid,ALL,ALL,us10y_age_hours,us10y_age_hours_ge_q70,ge,0.7,london_q60_prior_q25,"[[""london_range"", ""ge"", 0.6], [""prior_day_range"", ""ge"", 0.25]]",17124,,,,5540,0.6495716002272731,0.3504318928750775,0.2277132633255533,-4309.918434999981,-10126.91843499998,-14004.918434999981,0.40884476534296027,-1.4,-10780.531407749984,0,4,STAGE31C_REJECT_NO_ROBUST_EDGE,-1537.303241905444
default_grid,ALL,ALL,real_yield_age_hours,real_yield_age_hours_ge_q70,ge,0.7,london_q60_prior_q25,"[[""london_range"", ""ge"", 0.6], [""prior_day_range"", ""ge"", 0.25]]",17124,,,,5540,0.6495716002272731,0.3504318928750775,0.2277132633255533,-4309.918434999981,-10126.91843499998,-14004.918434999981,0.40884476534296027,-1.4,-10850.297124749983,0,4,STAGE31C_REJECT_NO_ROBUST_EDGE,-1540.791527755444
default_grid,ALL,ALL,vix_age_hours,vix_age_hours_ge_q80,ge,0.8,london_q40_prior_q30,"[[""london_range"", ""ge"", 0.4], [""prior_day_range"", ""ge"", 0.3]]",17124,,,,5561,0.6412563692468455,0.3437081495466833,0.22296567670927664,-4361.713309999988,-10200.763309999988,-14093.463309999986,0.39345441467361986,-1.4,-10813.56669549997,0,4,STAGE31C_REJECT_NO_ROBUST_EDGE,-1546.4257215726934
default_grid,ALL,ALL,oil_value,oil_value_le_q20,le,0.2,london_q60_prior_q25,"[[""london_range"", ""ge"", 0.6], [""prior_day_range"", ""ge"", 0.25]]",17124,,,,5687,0.6540922823262971,0.3452898786790301,0.21779726128221347,-4267.457104999992,-10238.80710499999,-14219.707104999994,0.41867416915772815,-1.4,-10885.027875499962,0,4,STAGE31C_REJECT_NO_ROBUST_EDGE,-1553.808016443078
default_grid,ALL,ALL,vix_value,vix_value_le_q30,le,0.3,macro_only,[],17124,,,,7431,0.5936488125125928,0.0868405612555955,0.025529840767249627,-2721.0115950000345,-10523.561595000032,-15725.261595000036,0.19849280043062845,-1.4,-10764.157315000046,0,4,STAGE31C_REJECT_NO_ROBUST_EDGE,-1579.5935002743804
default_grid,ALL,ALL,real_yield_rank250,real_yield_rank250_le_q30,le,0.3,london_q40_prior_q30,"[[""london_range"", ""ge"", 0.4], [""prior_day_range"", ""ge"", 0.3]]",17124,,,,6278,0.679962009259136,0.33827932863174065,0.21004620735491675,-3907.3559999999866,-10499.255999999987,-14893.855999999987,0.393915259636827,-1.4,-11089.065176499973,0,4,STAGE31C_REJECT_NO_ROBUST_EDGE,-1590.1558807092601
default_grid,ALL,ALL,dxy_rank250,dxy_rank250_le_q20,le,0.2,macro_only,[],17124,,,,6371,0.6531039623451507,0.31113312196055204,0.19636491618400767,-4036.9268049999946,-10726.476804999993,-15186.176804999996,0.29587191963584997,-1.4,-11383.87718725,0,3,STAGE31C_REJECT_NO_ROBUST_EDGE,-1627.9447489781578
default_grid,ALL,ALL,vix_rank250,vix_rank250_ge_q70,ge,0.7,macro_only,[],17124,,,,6719,0.7026145823590111,0.35118966392430495,0.22222981719599372,-3821.6710099999796,-10876.621009999979,-15579.921009999978,0.3908319690430124,-1.4,-11464.698593249972,0,4,STAGE31C_REJECT_NO_ROBUST_EDGE,-1646.4962147544695
default_grid,ALL,ALL,oil_rank250,oil_rank250_ge_q70,ge,0.7,macro_only,[],17124,,,,7064,0.6861561278751193,0.3115418942717573,0.20398303476968735,-3609.846449999981,-11027.04644999998,-15971.846449999983,0.25268969422423554,-1.4,-11609.228073249995,0,4,STAGE31C_REJECT_NO_ROBUST_EDGE,-1669.2346975807013
default_grid,ALL,ALL,oil_value,oil_value_le_q30,le,0.3,london_q60_prior_q25,"[[""london_range"", ""ge"", 0.6], [""prior_day_range"", ""ge"", 0.25]]",17124,,,,6229,0.6496857043805344,0.33243845500167496,0.205866647368346,-4552.482429999991,-11092.93242999999,-15453.23242999999,0.4104992775726441,-1.4,-11690.234549499964,0,4,STAGE31C_REJECT_NO_ROBUST_EDGE,-1679.657119335507
default_grid,ALL,ALL,spx_rank250,spx_rank250_ge_q80,ge,0.8,macro_only,[],17124,,,,7942,0.6680952927290181,0.1896147936523262,0.08903023083389629,-2972.5087400000107,-11311.608740000009,-16871.008740000012,0.2571140770586754,-1.4,-11647.757167250007,0,4,STAGE31C_REJECT_NO_ROBUST_EDGE,-1701.2964635026424
default_grid,ALL,ALL,oil_value,oil_value_le_q20,le,0.2,london_q40_prior_q30,"[[""london_range"", ""ge"", 0.4], [""prior_day_range"", ""ge"", 0.3]]",17124,,,,6362,0.6454160987434913,0.32518454396690816,0.2010886183117845,-4590.993334999985,-11271.093334999983,-15724.493334999985,0.39028607356177303,-1.4,-11848.86516799998,0,4,STAGE31C_REJECT_NO_ROBUST_EDGE,-1705.4963919870809
default_grid,ALL,ALL,vix_age_hours,vix_age_hours_ge_q70,ge,0.7,london_q40_prior_q30,"[[""london_range"", ""ge"", 0.4], [""prior_day_range"", ""ge"", 0.3]]",17124,,,,6218,0.6325686528735953,0.3243394075246388,0.20631235785383464,-4736.859584999986,-11265.759584999985,-15618.359584999986,0.37873914441942746,-1.4,-11886.713374999983,0,4,STAGE31C_REJECT_NO_ROBUST_EDGE,-1706.842983743336
default_grid,ALL,ALL,oil_z60,oil_z60_ge_q70,ge,0.7,macro_only,[],17124,,,,6726,0.6407850087972896,0.3036524304402838,0.20078326356260828,-4312.475444999975,-11374.775444999974,-16082.975444999975,0.2609277430865299,-1.4,-11944.067433499966,0,4,STAGE31C_REJECT_NO_ROBUST_EDGE,-1720.8412588163424
default_grid,ALL,ALL,dxy_age_hours,dxy_age_hours_ge_q70,ge,0.7,london_q40_prior_q30,"[[""london_range"", ""ge"", 0.4], [""prior_day_range"", ""ge"", 0.3]]",17124,,,,6319,0.6374526017367853,0.3279340203347947,0.20906691564597224,-4751.781309999983,-11386.731309999981,-15810.031309999984,0.37980693147649947,-1.4,-11944.148256499988,0,4,STAGE31C_REJECT_NO_ROBUST_EDGE,-1721.7649359590657
default_grid,ALL,ALL,spx_age_hours,spx_age_hours_ge_q70,ge,0.7,london_q40_prior_q30,"[[""london_range"", ""ge"", 0.4], [""prior_day_range"", ""ge"", 0.3]]",17124,,,,6282,0.6320454661028888,0.3232129844571536,0.20524096762106056,-4779.789634999983,-11375.889634999981,-15773.289634999983,0.3787010506208214,-1.4,-11995.142311249956,0,4,STAGE31C_REJECT_NO_ROBUST_EDGE,-1723.29298534744
default_grid,ALL,ALL,real_yield_age_hours,real_yield_age_hours_ge_q70,ge,0.7,london_q40_prior_q30,"[[""london_range"", ""ge"", 0.4], [""prior_day_range"", ""ge"", 0.3]]",17124,,,,6291,0.6315482560975467,0.32355176377270056,0.2056259114134006,-4806.247684999982,-11411.797684999981,-15815.497684999982,0.3786361468764902,-1.4,-11979.930344749988,0,4,STAGE31C_REJECT_NO_ROBUST_EDGE,-1726.1182644541168
default_grid,ALL,ALL,us10y_age_hours,us10y_age_hours_ge_q70,ge,0.7,london_q40_prior_q30,"[[""london_range"", ""ge"", 0.4], [""prior_day_range"", ""ge"", 0.3]]",17124,,,,6291,0.6315482560975467,0.32355176377270056,0.2056259114134006,-4806.247684999982,-11411.797684999981,-15815.497684999982,0.3786361468764902,-1.4,-12024.209434999975,0,4,STAGE31C_REJECT_NO_ROBUST_EDGE,-1728.3322189666162
default_grid,ALL,ALL,oil_age_hours,oil_age_hours_ge_q70,ge,0.7,london_q40_prior_q30,"[[""london_range"", ""ge"", 0.4], [""prior_day_range"", ""ge"", 0.3]]",17124,,,,6324,0.6354894061795877,0.3262184388537172,0.20767939873890923,-4777.165209999985,-11417.365209999984,-15844.165209999985,0.3796647691334598,-1.4,-12121.942343000004,0,4,STAGE31C_REJECT_NO_ROBUST_EDGE,-1733.740736166506
default_grid,ALL,ALL,dxy_value,dxy_value_le_q30,le,0.3,macro_only,[],17124,,,,6959,0.6826785725671182,0.344028957116583,0.2299301265434458,-4151.501604999983,-11458.451604999982,-16329.751604999983,0.27144704698951,-1.4,-12088.57250174996,0,4,STAGE31C_REJECT_NO_ROBUST_EDGE,-1735.9137755101565
default_grid,ALL,ALL,us10y_rank250,us10y_rank250_le_q30,le,0.3,macro_only,[],17124,,,,7248,0.6700765332333015,0.2846087966645938,0.16221113275329713,-3929.1532950000023,-11539.553295000002,-16613.153295000004,0.35320088300220753,-1.4,-12035.077346500002,0,4,STAGE31C_REJECT_NO_ROBUST_EDGE,-1742.214264327341
default_grid,ALL,ALL,vix_age_hours,vix_age_hours_ge_q80,ge,0.8,macro_only,[],17124,,,,6885,0.653205943834459,0.3236751208700848,0.2015168103230303,-4624.585759999998,-11853.835759999998,-16673.335759999998,0.37066085693536677,-1.4,-12375.488730750005,0,4,STAGE31C_REJECT_NO_ROBUST_EDGE,-1790.115194087507
default_grid,ALL,ALL,oil_value,oil_value_le_q30,le,0.3,london_q40_prior_q30,"[[""london_range"", ""ge"", 0.4], [""prior_day_range"", ""ge"", 0.3]]",17124,,,,7037,0.6402213501554748,0.31082465589251845,0.188376175845067,-4939.033934999983,-12327.883934999983,-17253.783934999985,0.38084410970584054,-1.4,-12957.842848499951,0,4,STAGE31C_REJECT_NO_ROBUST_EDGE,-1866.8187846626906
default_grid,ALL,ALL,real_yield_rank250,real_yield_rank250_le_q30,le,0.3,macro_only,[],17124,,,,8045,0.6826277883287085,0.30545075536213906,0.18078706208648332,-4364.13065499999,-12811.380654999986,-18442.88065499999,0.3588564325668117,-1.4,-13414.788912749967,0,4,STAGE31C_REJECT_NO_ROBUST_EDGE,-1938.0998553355298
default_grid,ALL,ALL,dxy_rank250,dxy_rank250_le_q30,le,0.3,macro_only,[],17124,,,,7852,0.6984004950228541,0.359755488930751,0.23673111574798147,-4592.54036499997,-12837.140364999968,-18333.54036499997,0.31240448293428424,-1.4,-13544.62936899997,0,3,STAGE31C_REJECT_NO_ROBUST_EDGE,-1946.401025597696
default_grid,ALL,ALL,real_yield_value,real_yield_value_ge_q70,ge,0.7,macro_only,[],17124,,,,9511,0.6608670848470166,0.2109694322568582,0.10484166461863316,-3972.077774999986,-13958.627774999986,-20616.327774999983,0.2786247502891389,-1.4,-14383.40448899999,0,4,STAGE31C_REJECT_NO_ROBUST_EDGE,-2102.5039409689552
default_grid,ALL,ALL,vix_age_hours,vix_age_hours_ge_q70,ge,0.7,macro_only,[],17124,,,,8318,0.6404726948567777,0.2910460204424205,0.1756853457537611,-5261.283234999999,-13995.183234999997,-19817.783234999995,0.3327723010339024,-1.4,-14635.999610000013,0,4,STAGE31C_REJECT_NO_ROBUST_EDGE,-2117.7051024125612
default_grid,ALL,ALL,spx_age_hours,spx_age_hours_ge_q70,ge,0.7,macro_only,[],17124,,,,8491,0.6395750872040602,0.2885321981633072,0.17355518574766987,-5341.690234999996,-14257.240234999997,-20200.940234999995,0.3303497821222471,-1.4,-14928.512027250008,0,4,STAGE31C_REJECT_NO_ROBUST_EDGE,-2158.5700821378764
default_grid,ALL,ALL,dxy_age_hours,dxy_age_hours_ge_q70,ge,0.7,macro_only,[],17124,,,,8552,0.6443405341871414,0.2923753121150611,0.17650705291806093,-5319.371409999996,-14298.971409999995,-20285.371409999996,0.331267539756782,-1.4,-14913.840483999995,0,4,STAGE31C_REJECT_NO_ROBUST_EDGE,-2161.9593838671763
default_grid,ALL,ALL,us10y_age_hours,us10y_age_hours_ge_q70,ge,0.7,macro_only,[],17124,,,,8515,0.6393288429774748,0.28877177807568083,0.17375283437290223,-5369.574084999996,-14310.324084999993,-20270.824084999993,0.3305930710510863,-1.4,-14914.454628999974,0,4,STAGE31C_REJECT_NO_ROBUST_EDGE,-2163.1724108317494
default_grid,ALL,ALL,us10y_value,us10y_value_ge_q70,ge,0.7,macro_only,[],17124,,,,9437,0.6690395077065414,0.25481880389785955,0.1409490349775216,-4418.566954999977,-14327.416954999975,-20933.316954999973,0.29638656352654447,-1.4,-14889.075787499982,0,4,STAGE31C_REJECT_NO_ROBUST_EDGE,-2164.083500696108
default_grid,ALL,ALL,real_yield_age_hours,real_yield_age_hours_ge_q70,ge,0.7,macro_only,[],17124,,,,8515,0.6393288429774748,0.28877177807568083,0.17375283437290223,-5369.574084999996,-14310.324084999993,-20270.824084999993,0.3305930710510863,-1.4,-14939.497956250007,0,4,STAGE31C_REJECT_NO_ROBUST_EDGE,-2164.4245771942515
default_grid,ALL,ALL,oil_age_hours,oil_age_hours_ge_q70,ge,0.7,macro_only,[],17124,,,,8557,0.6426205887421279,0.2909409159839039,0.17539171654985786,-5344.755309999999,-14329.605309999997,-20319.50531,0.33119083791048265,-1.4,-15047.092106999973,0,4,STAGE31C_REJECT_NO_ROBUST_EDGE,-2171.70416032396
default_grid,ALL,ALL,oil_value,oil_value_le_q20,le,0.2,macro_only,[],17124,,,,8711,0.6483610999788705,0.2861749042520619,0.16704599394413763,-5251.915124999985,-14398.465124999984,-20496.165124999985,0.33245322006658246,-1.4,-14993.86022999999,0,4,STAGE31C_REJECT_NO_ROBUST_EDGE,-2176.0095909817005
default_grid,ALL,ALL,spx_rank250,spx_rank250_ge_q70,ge,0.7,macro_only,[],17124,,,,9776,0.654448742241514,0.21558386079931638,0.11193534862331364,-4280.73373,-14545.533730000001,-21388.73373,0.2656505728314239,-1.4,-15037.03314625001,0,4,STAGE31C_REJECT_NO_ROBUST_EDGE,-2193.801450310014
default_grid,ALL,ALL,spx_value,spx_value_ge_q80,ge,0.8,london_q60_prior_q25,"[[""london_range"", ""ge"", 0.6], [""prior_day_range"", ""ge"", 0.25]]",17124,,,,8533,0.7010121618953795,0.38023079942018057,0.24917843232855835,-5509.970044999984,-14469.620044999983,-20442.720044999987,0.4138052267666706,-1.4,-15239.786333249938,0,4,STAGE31C_REJECT_NO_ROBUST_EDGE,-2194.1522994389793
default_grid,ALL,ALL,spx_value,spx_value_ge_q70,ge,0.7,london_q60_prior_q25,"[[""london_range"", ""ge"", 0.6], [""prior_day_range"", ""ge"", 0.25]]",17124,,,,8810,0.7086766264773693,0.3835993869489238,0.25089563626886097,-5507.573734999978,-14758.073734999978,-20925.073734999976,0.4174801362088536,-1.4,-15447.357518999997,0,4,STAGE31C_REJECT_NO_ROBUST_EDGE,-2233.335673035433
default_grid,ALL,ALL,spx_value,spx_value_ge_q80,ge,0.8,london_q40_prior_q30,"[[""london_range"", ""ge"", 0.4], [""prior_day_range"", ""ge"", 0.3]]",17124,,,,9631,0.6833265475318281,0.35243767342957544,0.22619953167332738,-6158.820034999977,-16271.370034999978,-23013.070034999975,0.38396843526113594,-1.4,-17060.116225249985,0,4,STAGE31C_REJECT_NO_ROBUST_EDGE,-2465.713639901508
default_grid,ALL,ALL,spx_value,spx_value_ge_q70,ge,0.7,london_q40_prior_q30,"[[""london_range"", ""ge"", 0.4], [""prior_day_range"", ""ge"", 0.3]]",17124,,,,9971,0.6915816102749068,0.3553464141252771,0.22747805230365115,-6157.266949999972,-16626.81694999997,-23606.516949999976,0.38692207401464246,-1.4,-17371.235732999965,0,4,STAGE31C_REJECT_NO_ROBUST_EDGE,-2516.780105299528
default_grid,ALL,ALL,oil_value,oil_value_le_q30,le,0.3,macro_only,[],17124,,,,10261,0.6394204178285748,0.2630321632997222,0.1489109386526451,-5904.626994999991,-16678.67699499999,-23861.37699499999,0.3109833349576065,-1.4,-17330.466332499967,0,4,STAGE31C_REJECT_NO_ROBUST_EDGE,-2521.1650507373897
default_grid,ALL,ALL,spx_value,spx_value_ge_q80,ge,0.8,macro_only,[],17124,,,,13604,0.6746558191227895,0.30119693511350554,0.1821926369086658,-7368.301419999984,-21652.501419999986,-31175.301419999985,0.31828873860629225,-1.4,-22313.118624500017,0,4,STAGE31C_REJECT_NO_ROBUST_EDGE,-3267.1653333262293
default_grid,ALL,ALL,spx_value,spx_value_ge_q70,ge,0.7,macro_only,[],17124,,,,14043,0.6818885679098474,0.30350029730834,0.18319772792151834,-7392.412339999981,-22137.56233999998,-31967.66233999998,0.3205155593534145,-1.4,-22947.650454249997,0,4,STAGE31C_REJECT_NO_ROBUST_EDGE,-3347.370962827728
